id_number,long_name,tank_number,treatment,date_time,date,time,inflow_table,date_string,time_string,date_time_string,nutrient,conc,conc_norm,inflow,quant1,quant3,IQR,outlier
MOBEAST001,MOBEAST_F1_Inflow_2024-06-02_1200,F1,Inflow,2024-06-02T12:00:00Z,2024-06-02,12:00:00,Table 1,2024-06-02,12:00:00,2024-06-02 12:00:00,N_N,1.145,0,1.145,0,0,0,not outlier
MOBEAST001,MOBEAST_F1_Inflow_2024-06-02_1200,F1,Inflow,2024-06-02T12:00:00Z,2024-06-02,12:00:00,Table 1,2024-06-02,12:00:00,2024-06-02 12:00:00,NO2,0.09390409366,0,0.09390409366,0,0,0,not outlier
MOBEAST001,MOBEAST_F1_Inflow_2024-06-02_1200,F1,Inflow,2024-06-02T12:00:00Z,2024-06-02,12:00:00,Table 1,2024-06-02,12:00:00,2024-06-02 12:00:00,PO4,0.08416047528,0,0.08416047528,0,0,0,not outlier
MOBEAST001,MOBEAST_F1_Inflow_2024-06-02_1200,F1,Inflow,2024-06-02T12:00:00Z,2024-06-02,12:00:00,Table 1,2024-06-02,12:00:00,2024-06-02 12:00:00,SiO2,1.258988571,0,1.258988571,0,0,0,not outlier
MOBEAST001,MOBEAST_F1_Inflow_2024-06-02_1200,F1,Inflow,2024-06-02T12:00:00Z,2024-06-02,12:00:00,Table 1,2024-06-02,12:00:00,2024-06-02 12:00:00,NH3,0.4231201663,0,0.4231201663,0,0,0,not outlier
MOBEAST001,MOBEAST_F1_Inflow_2024-06-02_1200,F1,Inflow,2024-06-02T12:00:00Z,2024-06-02,12:00:00,Table 1,2024-06-02,12:00:00,2024-06-02 12:00:00,NO3,1.05109590634,0,1.05109590634,0,0,0,not outlier
MOBEAST002,MOBEAST_F2_Inflow_2024-06-02_1200,F2,Inflow,2024-06-02T12:00:00Z,2024-06-02,12:00:00,Table 2,2024-06-02,12:00:00,2024-06-02 12:00:00,N_N,1.27,0,1.27,0,0,0,not outlier
MOBEAST002,MOBEAST_F2_Inflow_2024-06-02_1200,F2,Inflow,2024-06-02T12:00:00Z,2024-06-02,12:00:00,Table 2,2024-06-02,12:00:00,2024-06-02 12:00:00,NO2,0.09897465131,0,0.09897465131,0,0,0,not outlier
MOBEAST002,MOBEAST_F2_Inflow_2024-06-02_1200,F2,Inflow,2024-06-02T12:00:00Z,2024-06-02,12:00:00,Table 2,2024-06-02,12:00:00,2024-06-02 12:00:00,PO4,0.077,0,0.077,0,0,0,not outlier
MOBEAST002,MOBEAST_F2_Inflow_2024-06-02_1200,F2,Inflow,2024-06-02T12:00:00Z,2024-06-02,12:00:00,Table 2,2024-06-02,12:00:00,2024-06-02 12:00:00,SiO2,1.004552258,0,1.004552258,0,0,0,not outlier
MOBEAST002,MOBEAST_F2_Inflow_2024-06-02_1200,F2,Inflow,2024-06-02T12:00:00Z,2024-06-02,12:00:00,Table 2,2024-06-02,12:00:00,2024-06-02 12:00:00,NH3,0.5454408185,0,0.5454408185,0,0,0,not outlier
MOBEAST002,MOBEAST_F2_Inflow_2024-06-02_1200,F2,Inflow,2024-06-02T12:00:00Z,2024-06-02,12:00:00,Table 2,2024-06-02,12:00:00,2024-06-02 12:00:00,NO3,1.17102534869,0,1.17102534869,0,0,0,not outlier
MOBEAST003,MOBEAST_T1_A_2024-06-02_1200,T1,Algae,2024-06-02T12:00:00Z,2024-06-02,12:00:00,Table 1,2024-06-02,12:00:00,2024-06-02 12:00:00,N_N,0.296,-0.849,1.145,-0.8732499999999999,-0.6795,0.19374999999999987,not outlier
MOBEAST003,MOBEAST_T1_A_2024-06-02_1200,T1,Algae,2024-06-02T12:00:00Z,2024-06-02,12:00:00,Table 1,2024-06-02,12:00:00,2024-06-02 12:00:00,NO2,0.01,-0.08390409366,0.09390409366,-0.08517173307249999,-0.06819618209,0.01697555098249999,not outlier
MOBEAST003,MOBEAST_T1_A_2024-06-02_1200,T1,Algae,2024-06-02T12:00:00Z,2024-06-02,12:00:00,Table 1,2024-06-02,12:00:00,2024-06-02 12:00:00,PO4,0.077,-0.007160475279999995,0.08416047528,-0.007160475279999995,0.01073752576750001,0.017898001047500004,not outlier
MOBEAST003,MOBEAST_T1_A_2024-06-02_1200,T1,Algae,2024-06-02T12:00:00Z,2024-06-02,12:00:00,Table 1,2024-06-02,12:00:00,2024-06-02 12:00:00,SiO2,0.3976745336,-0.8613140373999999,1.258988571,-0.5376145059999999,-0.3463160929,0.19129841309999995,outlier
MOBEAST003,MOBEAST_T1_A_2024-06-02_1200,T1,Algae,2024-06-02T12:00:00Z,2024-06-02,12:00:00,Table 1,2024-06-02,12:00:00,2024-06-02 12:00:00,NH3,0.085,-0.33812016629999997,0.4231201663,-0.3583823535,0.04178238085000002,0.40016473435,not outlier
MOBEAST003,MOBEAST_T1_A_2024-06-02_1200,T1,Algae,2024-06-02T12:00:00Z,2024-06-02,12:00:00,Table 1,2024-06-02,12:00:00,2024-06-02 12:00:00,NO3,0.286,-0.76509590634,1.05109590634,-0.7880782669274999,-0.61130381791,0.17677444901749995,not outlier
MOBEAST004,MOBEAST_T2_R_2024-06-02_1200,T2,CCA,2024-06-02T12:00:00Z,2024-06-02,12:00:00,Table 2,2024-06-02,12:00:00,2024-06-02 12:00:00,N_N,1.098,-0.17199999999999993,1.27,-0.3085,-0.01849999999999996,0.29000000000000004,not outlier
MOBEAST004,MOBEAST_T2_R_2024-06-02_1200,T2,CCA,2024-06-02T12:00:00Z,2024-06-02,12:00:00,Table 2,2024-06-02,12:00:00,2024-06-02 12:00:00,NO2,0.01,-0.08897465131,0.09897465131,-0.08517173307249999,-0.0665498971375,0.018621835934999997,not outlier
MOBEAST004,MOBEAST_T2_R_2024-06-02_1200,T2,CCA,2024-06-02T12:00:00Z,2024-06-02,12:00:00,Table 2,2024-06-02,12:00:00,2024-06-02 12:00:00,PO4,0.077,0,0.077,-0.007160475279999995,0,0.007160475279999995,not outlier
MOBEAST004,MOBEAST_T2_R_2024-06-02_1200,T2,CCA,2024-06-02T12:00:00Z,2024-06-02,12:00:00,Table 2,2024-06-02,12:00:00,2024-06-02 12:00:00,SiO2,0.06784968345,-0.93670257454999994,1.004552258,-1.248988571,-0.7576547987875,0.49133377221249996,not outlier
MOBEAST004,MOBEAST_T2_R_2024-06-02_1200,T2,CCA,2024-06-02T12:00:00Z,2024-06-02,12:00:00,Table 2,2024-06-02,12:00:00,2024-06-02 12:00:00,NH3,0.9062657249,0.3608249064,0.5454408185,0.32398158969999996,0.7667739435250001,0.4427923538250001,not outlier
MOBEAST004,MOBEAST_T2_R_2024-06-02_1200,T2,CCA,2024-06-02T12:00:00Z,2024-06-02,12:00:00,Table 2,2024-06-02,12:00:00,2024-06-02 12:00:00,NO3,1.088,-0.08302534868999989,1.17102534869,-0.24195010286250002,0.06920701189750006,0.3111571147600001,not outlier
MOBEAST005,MOBEAST_T3_C_2024-06-02_1200,T3,Control,2024-06-02T12:00:00Z,2024-06-02,12:00:00,Table 2,2024-06-02,12:00:00,2024-06-02 12:00:00,N_N,1.332,0.062000000000000055,1.27,-0.61475,-0.28375,0.331,not outlier
MOBEAST005,MOBEAST_T3_C_2024-06-02_1200,T3,Control,2024-06-02T12:00:00Z,2024-06-02,12:00:00,Table 2,2024-06-02,12:00:00,2024-06-02 12:00:00,NO2,0.1264346843,0.027460032989999994,0.09897465131,0.010717315040000008,0.026373484927500003,0.015656169887499995,not outlier
MOBEAST005,MOBEAST_T3_C_2024-06-02_1200,T3,Control,2024-06-02T12:00:00Z,2024-06-02,12:00:00,Table 2,2024-06-02,12:00:00,2024-06-02 12:00:00,PO4,0.077,0,0.077,-0.007160475279999995,0.011981297805000003,0.019141773084999997,not outlier
MOBEAST005,MOBEAST_T3_C_2024-06-02_1200,T3,Control,2024-06-02T12:00:00Z,2024-06-02,12:00:00,Table 2,2024-06-02,12:00:00,2024-06-02 12:00:00,SiO2,1.215640162,0.211087904,1.004552258,-0.33170956382499994,0.23134857325000002,0.563058137075,not outlier
MOBEAST005,MOBEAST_T3_C_2024-06-02_1200,T3,Control,2024-06-02T12:00:00Z,2024-06-02,12:00:00,Table 2,2024-06-02,12:00:00,2024-06-02 12:00:00,NH3,1.92283021,1.3773893915,0.5454408185,0.08154710142500005,0.43066537512499997,0.3491182736999999,outlier
MOBEAST005,MOBEAST_T3_C_2024-06-02_1200,T3,Control,2024-06-02T12:00:00Z,2024-06-02,12:00:00,Table 2,2024-06-02,12:00:00,2024-06-02 12:00:00,NO3,1.2055653157000001,0.03453996701000017,1.17102534869,-0.6254673150400001,-0.31012348492749997,0.3153438301125001,not outlier
MOBEAST006,MOBEAST_T4_A_2024-06-02_1200,T4,Algae,2024-06-02T12:00:00Z,2024-06-02,12:00:00,Table 2,2024-06-02,12:00:00,2024-06-02 12:00:00,N_N,0.324,-0.946,1.27,-0.8732499999999999,-0.6795,0.19374999999999987,not outlier
MOBEAST006,MOBEAST_T4_A_2024-06-02_1200,T4,Algae,2024-06-02T12:00:00Z,2024-06-02,12:00:00,Table 2,2024-06-02,12:00:00,2024-06-02 12:00:00,NO2,0.01,-0.08897465131,0.09897465131,-0.08517173307249999,-0.06819618209,0.01697555098249999,not outlier
MOBEAST006,MOBEAST_T4_A_2024-06-02_1200,T4,Algae,2024-06-02T12:00:00Z,2024-06-02,12:00:00,Table 2,2024-06-02,12:00:00,2024-06-02 12:00:00,PO4,0.08837706936,0.011377069360000006,0.077,-0.007160475279999995,0.01073752576750001,0.017898001047500004,not outlier
MOBEAST006,MOBEAST_T4_A_2024-06-02_1200,T4,Algae,2024-06-02T12:00:00Z,2024-06-02,12:00:00,Table 2,2024-06-02,12:00:00,2024-06-02 12:00:00,SiO2,0.7614242254,-0.24312803259999993,1.004552258,-0.5376145059999999,-0.3463160929,0.19129841309999995,not outlier
MOBEAST006,MOBEAST_T4_A_2024-06-02_1200,T4,Algae,2024-06-02T12:00:00Z,2024-06-02,12:00:00,Table 2,2024-06-02,12:00:00,2024-06-02 12:00:00,NH3,0.1262719034,-0.41916891510000004,0.5454408185,-0.3583823535,0.04178238085000002,0.40016473435,not outlier
MOBEAST006,MOBEAST_T4_A_2024-06-02_1200,T4,Algae,2024-06-02T12:00:00Z,2024-06-02,12:00:00,Table 2,2024-06-02,12:00:00,2024-06-02 12:00:00,NO3,0.314,-0.8570253486899999,1.17102534869,-0.7880782669274999,-0.61130381791,0.17677444901749995,not outlier
MOBEAST007,MOBEAST_T5_R_2024-06-02_1200,T5,CCA,2024-06-02T12:00:00Z,2024-06-02,12:00:00,Table 2,2024-06-02,12:00:00,2024-06-02 12:00:00,N_N,0.711,-0.559,1.27,-0.3085,-0.01849999999999996,0.29000000000000004,not outlier
MOBEAST007,MOBEAST_T5_R_2024-06-02_1200,T5,CCA,2024-06-02T12:00:00Z,2024-06-02,12:00:00,Table 2,2024-06-02,12:00:00,2024-06-02 12:00:00,NO2,0.08448734374,-0.014487307569999996,0.09897465131,-0.08517173307249999,-0.0665498971375,0.018621835934999997,outlier
MOBEAST007,MOBEAST_T5_R_2024-06-02_1200,T5,CCA,2024-06-02T12:00:00Z,2024-06-02,12:00:00,Table 2,2024-06-02,12:00:00,2024-06-02 12:00:00,PO4,0.077,0,0.077,-0.007160475279999995,0,0.007160475279999995,not outlier
MOBEAST007,MOBEAST_T5_R_2024-06-02_1200,T5,CCA,2024-06-02T12:00:00Z,2024-06-02,12:00:00,Table 2,2024-06-02,12:00:00,2024-06-02 12:00:00,SiO2,0.7840407865,-0.22051147149999994,1.004552258,-1.248988571,-0.7576547987875,0.49133377221249996,not outlier
MOBEAST007,MOBEAST_T5_R_2024-06-02_1200,T5,CCA,2024-06-02T12:00:00Z,2024-06-02,12:00:00,Table 2,2024-06-02,12:00:00,2024-06-02 12:00:00,NH3,0.7588924581,0.2134516395999999,0.5454408185,0.32398158969999996,0.7667739435250001,0.4427923538250001,not outlier
MOBEAST007,MOBEAST_T5_R_2024-06-02_1200,T5,CCA,2024-06-02T12:00:00Z,2024-06-02,12:00:00,Table 2,2024-06-02,12:00:00,2024-06-02 12:00:00,NO3,0.62651265626,-0.54451269243,1.17102534869,-0.24195010286250002,0.06920701189750006,0.3111571147600001,not outlier
MOBEAST008,MOBEAST_T6_K_2024-06-02_1200,T6,Coral,2024-06-02T12:00:00Z,2024-06-02,12:00:00,Table 2,2024-06-02,12:00:00,2024-06-02 12:00:00,N_N,2.095,0.8250000000000002,1.27,-0.3385,0.08400000000000002,0.42250000000000004,outlier
MOBEAST008,MOBEAST_T6_K_2024-06-02_1200,T6,Coral,2024-06-02T12:00:00Z,2024-06-02,12:00:00,Table 2,2024-06-02,12:00:00,2024-06-02 12:00:00,NO2,0.07915338049,-0.01982127082,0.09897465131,-0.008017407714999994,0.01628175815250001,0.024299165867500003,not outlier
MOBEAST008,MOBEAST_T6_K_2024-06-02_1200,T6,Coral,2024-06-02T12:00:00Z,2024-06-02,12:00:00,Table 2,2024-06-02,12:00:00,2024-06-02 12:00:00,PO4,0.077,0,0.077,-0.007160475279999995,0.005912439450000001,0.013072914729999996,not outlier
MOBEAST008,MOBEAST_T6_K_2024-06-02_1200,T6,Coral,2024-06-02T12:00:00Z,2024-06-02,12:00:00,Table 2,2024-06-02,12:00:00,2024-06-02 12:00:00,SiO2,0.878276458,-0.12627579999999994,1.004552258,-0.40695399274999994,0.116381053925,0.523335046675,not outlier
MOBEAST008,MOBEAST_T6_K_2024-06-02_1200,T6,Coral,2024-06-02T12:00:00Z,2024-06-02,12:00:00,Table 2,2024-06-02,12:00:00,2024-06-02 12:00:00,NH3,1.012192888,0.4667520694999999,0.5454408185,0.319252698525,0.5218173800499999,0.2025646815249999,not outlier
MOBEAST008,MOBEAST_T6_K_2024-06-02_1200,T6,Coral,2024-06-02T12:00:00Z,2024-06-02,12:00:00,Table 2,2024-06-02,12:00:00,2024-06-02 12:00:00,NO3,2.01584661951,0.84482127082,1.17102534869,-0.34444308864750006,0.06100139919999992,0.4054444878475,outlier
MOBEAST009,MOBEAST_T7_K_2024-06-02_1200,T7,Coral,2024-06-02T12:00:00Z,2024-06-02,12:00:00,Table 2,2024-06-02,12:00:00,2024-06-02 12:00:00,N_N,1.071,-0.19900000000000007,1.27,-0.3385,0.08400000000000002,0.42250000000000004,not outlier
MOBEAST009,MOBEAST_T7_K_2024-06-02_1200,T7,Coral,2024-06-02T12:00:00Z,2024-06-02,12:00:00,Table 2,2024-06-02,12:00:00,2024-06-02 12:00:00,NO2,0.1082596984,0.009285047090000012,0.09897465131,-0.008017407714999994,0.01628175815250001,0.024299165867500003,not outlier
MOBEAST009,MOBEAST_T7_K_2024-06-02_1200,T7,Coral,2024-06-02T12:00:00Z,2024-06-02,12:00:00,Table 2,2024-06-02,12:00:00,2024-06-02 12:00:00,PO4,0.1006497578,0.023649757800000004,0.077,-0.007160475279999995,0.005912439450000001,0.013072914729999996,not outlier
MOBEAST009,MOBEAST_T7_K_2024-06-02_1200,T7,Coral,2024-06-02T12:00:00Z,2024-06-02,12:00:00,Table 2,2024-06-02,12:00:00,2024-06-02 12:00:00,SiO2,0.8952388789,-0.10931337909999994,1.004552258,-0.40695399274999994,0.116381053925,0.523335046675,not outlier
MOBEAST009,MOBEAST_T7_K_2024-06-02_1200,T7,Coral,2024-06-02T12:00:00Z,2024-06-02,12:00:00,Table 2,2024-06-02,12:00:00,2024-06-02 12:00:00,NH3,0.4582610822,-0.08717973630000003,0.5454408185,0.319252698525,0.5218173800499999,0.2025646815249999,outlier
MOBEAST009,MOBEAST_T7_K_2024-06-02_1200,T7,Coral,2024-06-02T12:00:00Z,2024-06-02,12:00:00,Table 2,2024-06-02,12:00:00,2024-06-02 12:00:00,NO3,0.9627403015999999,-0.20828504709000006,1.17102534869,-0.34444308864750006,0.06100139919999992,0.4054444878475,not outlier
MOBEAST010,MOBEAST_T8_C_2024-06-02_1200,T8,Control,2024-06-02T12:00:00Z,2024-06-02,12:00:00,Table 1,2024-06-02,12:00:00,2024-06-02 12:00:00,N_N,0.746,-0.399,1.145,-0.61475,-0.28375,0.331,not outlier
MOBEAST010,MOBEAST_T8_C_2024-06-02_1200,T8,Control,2024-06-02T12:00:00Z,2024-06-02,12:00:00,Table 1,2024-06-02,12:00:00,2024-06-02 12:00:00,NO2,0.1199153959,0.026011302240000006,0.09390409366,0.010717315040000008,0.026373484927500003,0.015656169887499995,not outlier
MOBEAST010,MOBEAST_T8_C_2024-06-02_1200,T8,Control,2024-06-02T12:00:00Z,2024-06-02,12:00:00,Table 1,2024-06-02,12:00:00,2024-06-02 12:00:00,PO4,0.1320856665,0.04792519122000001,0.08416047528,-0.007160475279999995,0.011981297805000003,0.019141773084999997,outlier
MOBEAST010,MOBEAST_T8_C_2024-06-02_1200,T8,Control,2024-06-02T12:00:00Z,2024-06-02,12:00:00,Table 1,2024-06-02,12:00:00,2024-06-02 12:00:00,SiO2,0.9743968429,-0.2845917281,1.258988571,-0.33170956382499994,0.23134857325000002,0.563058137075,not outlier
MOBEAST010,MOBEAST_T8_C_2024-06-02_1200,T8,Control,2024-06-02T12:00:00Z,2024-06-02,12:00:00,Table 1,2024-06-02,12:00:00,2024-06-02 12:00:00,NH3,0.5382108693,0.11509070299999996,0.4231201663,0.08154710142500005,0.43066537512499997,0.3491182736999999,not outlier
MOBEAST010,MOBEAST_T8_C_2024-06-02_1200,T8,Control,2024-06-02T12:00:00Z,2024-06-02,12:00:00,Table 1,2024-06-02,12:00:00,2024-06-02 12:00:00,NO3,0.6260846041,-0.42501130224000006,1.05109590634,-0.6254673150400001,-0.31012348492749997,0.3153438301125001,not outlier
MOBEAST011,MOBEAST_T9_K_2024-06-02_1200,T9,Coral,2024-06-02T12:00:00Z,2024-06-02,12:00:00,Table 1,2024-06-02,12:00:00,2024-06-02 12:00:00,N_N,0.982,-0.16300000000000003,1.145,-0.3385,0.08400000000000002,0.42250000000000004,not outlier
MOBEAST011,MOBEAST_T9_K_2024-06-02_1200,T9,Coral,2024-06-02T12:00:00Z,2024-06-02,12:00:00,Table 1,2024-06-02,12:00:00,2024-06-02 12:00:00,NO2,0.131175985,0.03727189134,0.09390409366,-0.008017407714999994,0.01628175815250001,0.024299165867500003,not outlier
MOBEAST011,MOBEAST_T9_K_2024-06-02_1200,T9,Coral,2024-06-02T12:00:00Z,2024-06-02,12:00:00,Table 1,2024-06-02,12:00:00,2024-06-02 12:00:00,PO4,0.077,-0.007160475279999995,0.08416047528,-0.007160475279999995,0.005912439450000001,0.013072914729999996,not outlier
MOBEAST011,MOBEAST_T9_K_2024-06-02_1200,T9,Coral,2024-06-02T12:00:00Z,2024-06-02,12:00:00,Table 1,2024-06-02,12:00:00,2024-06-02 12:00:00,SiO2,2.052452924,0.7934643529999998,1.258988571,-0.40695399274999994,0.116381053925,0.523335046675,not outlier
MOBEAST011,MOBEAST_T9_K_2024-06-02_1200,T9,Coral,2024-06-02T12:00:00Z,2024-06-02,12:00:00,Table 1,2024-06-02,12:00:00,2024-06-02 12:00:00,NH3,1.110133478,0.6870133117000001,0.4231201663,0.319252698525,0.5218173800499999,0.2025646815249999,not outlier
MOBEAST011,MOBEAST_T9_K_2024-06-02_1200,T9,Coral,2024-06-02T12:00:00Z,2024-06-02,12:00:00,Table 1,2024-06-02,12:00:00,2024-06-02 12:00:00,NO3,0.8508240149999999,-0.20027189134000012,1.05109590634,-0.34444308864750006,0.06100139919999992,0.4054444878475,not outlier
MOBEAST012,MOBEAST_T10_R_2024-06-02_1200,T10,CCA,2024-06-02T12:00:00Z,2024-06-02,12:00:00,Table 1,2024-06-02,12:00:00,2024-06-02 12:00:00,N_N,1.587,0.44199999999999995,1.145,-0.3085,-0.01849999999999996,0.29000000000000004,outlier
MOBEAST012,MOBEAST_T10_R_2024-06-02_1200,T10,CCA,2024-06-02T12:00:00Z,2024-06-02,12:00:00,Table 1,2024-06-02,12:00:00,2024-06-02 12:00:00,NO2,0.01,-0.08390409366,0.09390409366,-0.08517173307249999,-0.0665498971375,0.018621835934999997,not outlier
MOBEAST012,MOBEAST_T10_R_2024-06-02_1200,T10,CCA,2024-06-02T12:00:00Z,2024-06-02,12:00:00,Table 1,2024-06-02,12:00:00,2024-06-02 12:00:00,PO4,0.077,-0.007160475279999995,0.08416047528,-0.007160475279999995,0,0.007160475279999995,not outlier
MOBEAST012,MOBEAST_T10_R_2024-06-02_1200,T10,CCA,2024-06-02T12:00:00Z,2024-06-02,12:00:00,Table 1,2024-06-02,12:00:00,2024-06-02 12:00:00,SiO2,0.01,-1.248988571,1.258988571,-1.248988571,-0.7576547987875,0.49133377221249996,not outlier
MOBEAST012,MOBEAST_T10_R_2024-06-02_1200,T10,CCA,2024-06-02T12:00:00Z,2024-06-02,12:00:00,Table 1,2024-06-02,12:00:00,2024-06-02 12:00:00,NH3,2.151750578,1.7286304117000002,0.4231201663,0.32398158969999996,0.7667739435250001,0.4427923538250001,outlier
MOBEAST012,MOBEAST_T10_R_2024-06-02_1200,T10,CCA,2024-06-02T12:00:00Z,2024-06-02,12:00:00,Table 1,2024-06-02,12:00:00,2024-06-02 12:00:00,NO3,1.577,0.5259040936599999,1.05109590634,-0.24195010286250002,0.06920701189750006,0.3111571147600001,not outlier
MOBEAST013,MOBEAST_T11_C_2024-06-02_1200,T11,Control,2024-06-02T12:00:00Z,2024-06-02,12:00:00,Table 1,2024-06-02,12:00:00,2024-06-02 12:00:00,N_N,0.539,-0.606,1.145,-0.61475,-0.28375,0.331,not outlier
MOBEAST013,MOBEAST_T11_C_2024-06-02_1200,T11,Control,2024-06-02T12:00:00Z,2024-06-02,12:00:00,Table 1,2024-06-02,12:00:00,2024-06-02 12:00:00,NO2,0.1063500079,0.012445914240000008,0.09390409366,0.010717315040000008,0.026373484927500003,0.015656169887499995,not outlier
MOBEAST013,MOBEAST_T11_C_2024-06-02_1200,T11,Control,2024-06-02T12:00:00Z,2024-06-02,12:00:00,Table 1,2024-06-02,12:00:00,2024-06-02 12:00:00,PO4,0.077,-0.007160475279999995,0.08416047528,-0.007160475279999995,0.011981297805000003,0.019141773084999997,not outlier
MOBEAST013,MOBEAST_T11_C_2024-06-02_1200,T11,Control,2024-06-02T12:00:00Z,2024-06-02,12:00:00,Table 1,2024-06-02,12:00:00,2024-06-02 12:00:00,SiO2,1.551119152,0.2921305810000001,1.258988571,-0.33170956382499994,0.23134857325000002,0.563058137075,not outlier
MOBEAST013,MOBEAST_T11_C_2024-06-02_1200,T11,Control,2024-06-02T12:00:00Z,2024-06-02,12:00:00,Table 1,2024-06-02,12:00:00,2024-06-02 12:00:00,NH3,0.4633052328,0.04018506650000003,0.4231201663,0.08154710142500005,0.43066537512499997,0.3491182736999999,not outlier
MOBEAST013,MOBEAST_T11_C_2024-06-02_1200,T11,Control,2024-06-02T12:00:00Z,2024-06-02,12:00:00,Table 1,2024-06-02,12:00:00,2024-06-02 12:00:00,NO3,0.43264999210000005,-0.6184459142400001,1.05109590634,-0.6254673150400001,-0.31012348492749997,0.3153438301125001,not outlier
MOBEAST014,MOBEAST_T12_R_2024-06-02_1200,T12,CCA,2024-06-02T12:00:00Z,2024-06-02,12:00:00,Table 1,2024-06-02,12:00:00,2024-06-02 12:00:00,N_N,0.92,-0.22499999999999998,1.145,-0.3085,-0.01849999999999996,0.29000000000000004,not outlier
MOBEAST014,MOBEAST_T12_R_2024-06-02_1200,T12,CCA,2024-06-02T12:00:00Z,2024-06-02,12:00:00,Table 1,2024-06-02,12:00:00,2024-06-02 12:00:00,NO2,0.01,-0.08390409366,0.09390409366,-0.08517173307249999,-0.0665498971375,0.018621835934999997,not outlier
MOBEAST014,MOBEAST_T12_R_2024-06-02_1200,T12,CCA,2024-06-02T12:00:00Z,2024-06-02,12:00:00,Table 1,2024-06-02,12:00:00,2024-06-02 12:00:00,PO4,0.077,-0.007160475279999995,0.08416047528,-0.007160475279999995,0,0.007160475279999995,not outlier
MOBEAST014,MOBEAST_T12_R_2024-06-02_1200,T12,CCA,2024-06-02T12:00:00Z,2024-06-02,12:00:00,Table 1,2024-06-02,12:00:00,2024-06-02 12:00:00,SiO2,0.01,-1.248988571,1.258988571,-1.248988571,-0.7576547987875,0.49133377221249996,not outlier
MOBEAST014,MOBEAST_T12_R_2024-06-02_1200,T12,CCA,2024-06-02T12:00:00Z,2024-06-02,12:00:00,Table 1,2024-06-02,12:00:00,2024-06-02 12:00:00,NH3,0.8692752871,0.4461551208,0.4231201663,0.32398158969999996,0.7667739435250001,0.4427923538250001,not outlier
MOBEAST014,MOBEAST_T12_R_2024-06-02_1200,T12,CCA,2024-06-02T12:00:00Z,2024-06-02,12:00:00,Table 1,2024-06-02,12:00:00,2024-06-02 12:00:00,NO3,0.91,-0.14109590634000002,1.05109590634,-0.24195010286250002,0.06920701189750006,0.3111571147600001,not outlier
MOBEAST015,MOBEAST_T13_A_2024-06-02_1200,T13,Algae,2024-06-02T12:00:00Z,2024-06-02,12:00:00,Table 1,2024-06-02,12:00:00,2024-06-02 12:00:00,N_N,0.443,-0.702,1.145,-0.8732499999999999,-0.6795,0.19374999999999987,not outlier
MOBEAST015,MOBEAST_T13_A_2024-06-02_1200,T13,Algae,2024-06-02T12:00:00Z,2024-06-02,12:00:00,Table 1,2024-06-02,12:00:00,2024-06-02 12:00:00,NO2,0.01,-0.08390409366,0.09390409366,-0.08517173307249999,-0.06819618209,0.01697555098249999,not outlier
MOBEAST015,MOBEAST_T13_A_2024-06-02_1200,T13,Algae,2024-06-02T12:00:00Z,2024-06-02,12:00:00,Table 1,2024-06-02,12:00:00,2024-06-02 12:00:00,PO4,0.077,-0.007160475279999995,0.08416047528,-0.007160475279999995,0.01073752576750001,0.017898001047500004,not outlier
MOBEAST015,MOBEAST_T13_A_2024-06-02_1200,T13,Algae,2024-06-02T12:00:00Z,2024-06-02,12:00:00,Table 1,2024-06-02,12:00:00,2024-06-02 12:00:00,SiO2,0.878276458,-0.38071211299999996,1.258988571,-0.5376145059999999,-0.3463160929,0.19129841309999995,not outlier
MOBEAST015,MOBEAST_T13_A_2024-06-02_1200,T13,Algae,2024-06-02T12:00:00Z,2024-06-02,12:00:00,Table 1,2024-06-02,12:00:00,2024-06-02 12:00:00,NH3,0.4365712346,0.013451068300000035,0.4231201663,-0.3583823535,0.04178238085000002,0.40016473435,not outlier
MOBEAST015,MOBEAST_T13_A_2024-06-02_1200,T13,Algae,2024-06-02T12:00:00Z,2024-06-02,12:00:00,Table 1,2024-06-02,12:00:00,2024-06-02 12:00:00,NO3,0.433,-0.61809590634,1.05109590634,-0.7880782669274999,-0.61130381791,0.17677444901749995,not outlier
MOBEAST016,MOBEAST_T14_A_2024-06-02_1200,T14,Algae,2024-06-02T12:00:00Z,2024-06-02,12:00:00,Table 1,2024-06-02,12:00:00,2024-06-02 12:00:00,N_N,0.533,-0.612,1.145,-0.8732499999999999,-0.6795,0.19374999999999987,not outlier
MOBEAST016,MOBEAST_T14_A_2024-06-02_1200,T14,Algae,2024-06-02T12:00:00Z,2024-06-02,12:00:00,Table 1,2024-06-02,12:00:00,2024-06-02 12:00:00,NO2,0.07283164628,-0.021072447379999998,0.09390409366,-0.08517173307249999,-0.06819618209,0.01697555098249999,outlier
MOBEAST016,MOBEAST_T14_A_2024-06-02_1200,T14,Algae,2024-06-02T12:00:00Z,2024-06-02,12:00:00,Table 1,2024-06-02,12:00:00,2024-06-02 12:00:00,PO4,0.09468481985,0.01052434457000001,0.08416047528,-0.007160475279999995,0.01073752576750001,0.017898001047500004,not outlier
MOBEAST016,MOBEAST_T14_A_2024-06-02_1200,T14,Algae,2024-06-02T12:00:00Z,2024-06-02,12:00:00,Table 1,2024-06-02,12:00:00,2024-06-02 12:00:00,SiO2,0.8292739088,-0.4297146622,1.258988571,-0.5376145059999999,-0.3463160929,0.19129841309999995,not outlier
MOBEAST016,MOBEAST_T14_A_2024-06-02_1200,T14,Algae,2024-06-02T12:00:00Z,2024-06-02,12:00:00,Table 1,2024-06-02,12:00:00,2024-06-02 12:00:00,NH3,0.5498964848,0.12677631849999998,0.4231201663,-0.3583823535,0.04178238085000002,0.40016473435,not outlier
MOBEAST016,MOBEAST_T14_A_2024-06-02_1200,T14,Algae,2024-06-02T12:00:00Z,2024-06-02,12:00:00,Table 1,2024-06-02,12:00:00,2024-06-02 12:00:00,NO3,0.46016835372000003,-0.59092755262,1.05109590634,-0.7880782669274999,-0.61130381791,0.17677444901749995,not outlier
MOBEAST017,MOBEAST_T15_C_2024-06-02_1200,T15,Control,2024-06-02T12:00:00Z,2024-06-02,12:00:00,Table 1,2024-06-02,12:00:00,2024-06-02 12:00:00,N_N,0.504,-0.641,1.145,-0.61475,-0.28375,0.331,not outlier
MOBEAST017,MOBEAST_T15_C_2024-06-02_1200,T15,Control,2024-06-02T12:00:00Z,2024-06-02,12:00:00,Table 1,2024-06-02,12:00:00,2024-06-02 12:00:00,NO2,0.0994356111,0.005531517440000008,0.09390409366,0.010717315040000008,0.026373484927500003,0.015656169887499995,not outlier
MOBEAST017,MOBEAST_T15_C_2024-06-02_1200,T15,Control,2024-06-02T12:00:00Z,2024-06-02,12:00:00,Table 1,2024-06-02,12:00:00,2024-06-02 12:00:00,PO4,0.077,-0.007160475279999995,0.08416047528,-0.007160475279999995,0.011981297805000003,0.019141773084999997,not outlier
MOBEAST017,MOBEAST_T15_C_2024-06-02_1200,T15,Control,2024-06-02T12:00:00Z,2024-06-02,12:00:00,Table 1,2024-06-02,12:00:00,2024-06-02 12:00:00,SiO2,0.7859255,-0.4730630709999999,1.258988571,-0.33170956382499994,0.23134857325000002,0.563058137075,not outlier
MOBEAST017,MOBEAST_T15_C_2024-06-02_1200,T15,Control,2024-06-02T12:00:00Z,2024-06-02,12:00:00,Table 1,2024-06-02,12:00:00,2024-06-02 12:00:00,NH3,0.5184546127,0.09533444640000005,0.4231201663,0.08154710142500005,0.43066537512499997,0.3491182736999999,not outlier
MOBEAST017,MOBEAST_T15_C_2024-06-02_1200,T15,Control,2024-06-02T12:00:00Z,2024-06-02,12:00:00,Table 1,2024-06-02,12:00:00,2024-06-02 12:00:00,NO3,0.4045643889,-0.64653151744,1.05109590634,-0.6254673150400001,-0.31012348492749997,0.3153438301125001,not outlier
MOBEAST018,MOBEAST_T16_K_2024-06-02_1200,T16,Coral,2024-06-02T12:00:00Z,2024-06-02,12:00:00,Table 1,2024-06-02,12:00:00,2024-06-02 12:00:00,N_N,0.388,-0.757,1.145,-0.3385,0.08400000000000002,0.42250000000000004,not outlier
MOBEAST018,MOBEAST_T16_K_2024-06-02_1200,T16,Coral,2024-06-02T12:00:00Z,2024-06-02,12:00:00,Table 1,2024-06-02,12:00:00,2024-06-02 12:00:00,NO2,0.08982130698,-0.004082786679999992,0.09390409366,-0.008017407714999994,0.01628175815250001,0.024299165867500003,not outlier
MOBEAST018,MOBEAST_T16_K_2024-06-02_1200,T16,Coral,2024-06-02T12:00:00Z,2024-06-02,12:00:00,Table 1,2024-06-02,12:00:00,2024-06-02 12:00:00,PO4,0.077,-0.007160475279999995,0.08416047528,-0.007160475279999995,0.005912439450000001,0.013072914729999996,not outlier
MOBEAST018,MOBEAST_T16_K_2024-06-02_1200,T16,Coral,2024-06-02T12:00:00Z,2024-06-02,12:00:00,Table 1,2024-06-02,12:00:00,2024-06-02 12:00:00,SiO2,0.01,-1.248988571,1.258988571,-0.40695399274999994,0.116381053925,0.523335046675,outlier
MOBEAST018,MOBEAST_T16_K_2024-06-02_1200,T16,Coral,2024-06-02T12:00:00Z,2024-06-02,12:00:00,Table 1,2024-06-02,12:00:00,2024-06-02 12:00:00,NH3,0.8778503431,0.4547301768,0.4231201663,0.319252698525,0.5218173800499999,0.2025646815249999,not outlier
MOBEAST018,MOBEAST_T16_K_2024-06-02_1200,T16,Coral,2024-06-02T12:00:00Z,2024-06-02,12:00:00,Table 1,2024-06-02,12:00:00,2024-06-02 12:00:00,NO3,0.29817869302,-0.7529172133200001,1.05109590634,-0.34444308864750006,0.06100139919999992,0.4054444878475,not outlier
MOBEAST019,MOBEAST_F1_Inflow_2024-06-02_1800,F1,Inflow,2024-06-02T18:00:00Z,2024-06-02,18:00:00,Table 1,2024-06-02,18:00:00,2024-06-02 18:00:00,N_N,1.095,0,1.095,0,0,0,not outlier
MOBEAST019,MOBEAST_F1_Inflow_2024-06-02_1800,F1,Inflow,2024-06-02T18:00:00Z,2024-06-02,18:00:00,Table 1,2024-06-02,18:00:00,2024-06-02 18:00:00,NO2,0.09008471257,0,0.09008471257,0,0,0,not outlier
MOBEAST019,MOBEAST_F1_Inflow_2024-06-02_1800,F1,Inflow,2024-06-02T18:00:00Z,2024-06-02,18:00:00,Table 1,2024-06-02,18:00:00,2024-06-02 18:00:00,PO4,0.09447913233,0,0.09447913233,0,0,0,not outlier
MOBEAST019,MOBEAST_F1_Inflow_2024-06-02_1800,F1,Inflow,2024-06-02T18:00:00Z,2024-06-02,18:00:00,Table 1,2024-06-02,18:00:00,2024-06-02 18:00:00,SiO2,0.01,0,0.01,0,0,0,not outlier
MOBEAST019,MOBEAST_F1_Inflow_2024-06-02_1800,F1,Inflow,2024-06-02T18:00:00Z,2024-06-02,18:00:00,Table 1,2024-06-02,18:00:00,2024-06-02 18:00:00,NH3,0.2552340205,0,0.2552340205,0,0,0,not outlier
MOBEAST019,MOBEAST_F1_Inflow_2024-06-02_1800,F1,Inflow,2024-06-02T18:00:00Z,2024-06-02,18:00:00,Table 1,2024-06-02,18:00:00,2024-06-02 18:00:00,NO3,1.00491528743,0,1.00491528743,0,0,0,not outlier
MOBEAST020,MOBEAST_F2_Inflow_2024-06-02_1800,F2,Inflow,2024-06-02T18:00:00Z,2024-06-02,18:00:00,Table 2,2024-06-02,18:00:00,2024-06-02 18:00:00,N_N,0.8,0,0.8,0,0,0,not outlier
MOBEAST020,MOBEAST_F2_Inflow_2024-06-02_1800,F2,Inflow,2024-06-02T18:00:00Z,2024-06-02,18:00:00,Table 2,2024-06-02,18:00:00,2024-06-02 18:00:00,NO2,0.1499436334,0,0.1499436334,0,0,0,not outlier
MOBEAST020,MOBEAST_F2_Inflow_2024-06-02_1800,F2,Inflow,2024-06-02T18:00:00Z,2024-06-02,18:00:00,Table 2,2024-06-02,18:00:00,2024-06-02 18:00:00,PO4,0.077,0,0.077,0,0,0,not outlier
MOBEAST020,MOBEAST_F2_Inflow_2024-06-02_1800,F2,Inflow,2024-06-02T18:00:00Z,2024-06-02,18:00:00,Table 2,2024-06-02,18:00:00,2024-06-02 18:00:00,SiO2,0.2073184772,0,0.2073184772,0,0,0,not outlier
MOBEAST020,MOBEAST_F2_Inflow_2024-06-02_1800,F2,Inflow,2024-06-02T18:00:00Z,2024-06-02,18:00:00,Table 2,2024-06-02,18:00:00,2024-06-02 18:00:00,NH3,0.4430445612,0,0.4430445612,0,0,0,not outlier
MOBEAST020,MOBEAST_F2_Inflow_2024-06-02_1800,F2,Inflow,2024-06-02T18:00:00Z,2024-06-02,18:00:00,Table 2,2024-06-02,18:00:00,2024-06-02 18:00:00,NO3,0.6500563666000001,0,0.6500563666000001,0,0,0,not outlier
MOBEAST021,MOBEAST_T1_A_2024-06-02_1800,T1,Algae,2024-06-02T18:00:00Z,2024-06-02,18:00:00,Table 1,2024-06-02,18:00:00,2024-06-02 18:00:00,N_N,0.306,-0.7889999999999999,1.095,-0.5602499999999999,-0.19000000000000006,0.37024999999999986,not outlier
MOBEAST021,MOBEAST_T1_A_2024-06-02_1800,T1,Algae,2024-06-02T18:00:00Z,2024-06-02,18:00:00,Table 1,2024-06-02,18:00:00,2024-06-02 18:00:00,NO2,0.08363127556,-0.006453437010000007,0.09008471257,-0.047678765325000004,0.008824087349999996,0.056502852675,not outlier
MOBEAST021,MOBEAST_T1_A_2024-06-02_1800,T1,Algae,2024-06-02T18:00:00Z,2024-06-02,18:00:00,Table 1,2024-06-02,18:00:00,2024-06-02 18:00:00,PO4,0.08018384997,-0.014295282360000008,0.09447913233,-0.01563117457750001,-0.004877584820000006,0.010753589757500005,not outlier
MOBEAST021,MOBEAST_T1_A_2024-06-02_1800,T1,Algae,2024-06-02T18:00:00Z,2024-06-02,18:00:00,Table 1,2024-06-02,18:00:00,2024-06-02 18:00:00,SiO2,0.08669681774,0.07669681774,0.01,-0.027328344719999998,0.0597343968775,0.08706274159749999,not outlier
MOBEAST021,MOBEAST_T1_A_2024-06-02_1800,T1,Algae,2024-06-02T18:00:00Z,2024-06-02,18:00:00,Table 1,2024-06-02,18:00:00,2024-06-02 18:00:00,NH3,0.3178655571,0.06263153659999998,0.2552340205,0.7029864557750001,1.373585260825,0.67059880505,not outlier
MOBEAST021,MOBEAST_T1_A_2024-06-02_1800,T1,Algae,2024-06-02T18:00:00Z,2024-06-02,18:00:00,Table 1,2024-06-02,18:00:00,2024-06-02 18:00:00,NO3,0.22236872444,-0.78254656299,1.00491528743,-0.59962913607,-0.09032123467500008,0.5093079013949999,not outlier
MOBEAST022,MOBEAST_T2_R_2024-06-02_1800,T2,CCA,2024-06-02T18:00:00Z,2024-06-02,18:00:00,Table 2,2024-06-02,18:00:00,2024-06-02 18:00:00,N_N,0.589,-0.21100000000000008,0.8,0.08224999999999993,0.376,0.29375000000000007,not outlier
MOBEAST022,MOBEAST_T2_R_2024-06-02_1800,T2,CCA,2024-06-02T18:00:00Z,2024-06-02,18:00:00,Table 2,2024-06-02,18:00:00,2024-06-02 18:00:00,NO2,0.08303861298,-0.06690502042,0.1499436334,-0.034753075329999994,0.055381025805,0.09013410113499999,not outlier
MOBEAST022,MOBEAST_T2_R_2024-06-02_1800,T2,CCA,2024-06-02T18:00:00Z,2024-06-02,18:00:00,Table 2,2024-06-02,18:00:00,2024-06-02 18:00:00,PO4,0.077,0,0.077,-0.007304060080000001,0.002613945517499997,0.009918005597499998,not outlier
MOBEAST022,MOBEAST_T2_R_2024-06-02_1800,T2,CCA,2024-06-02T18:00:00Z,2024-06-02,18:00:00,Table 2,2024-06-02,18:00:00,2024-06-02 18:00:00,SiO2,0.01,-0.19731847719999998,0.2073184772,-0.19731847719999998,0,0.19731847719999998,not outlier
MOBEAST022,MOBEAST_T2_R_2024-06-02_1800,T2,CCA,2024-06-02T18:00:00Z,2024-06-02,18:00:00,Table 2,2024-06-02,18:00:00,2024-06-02 18:00:00,NH3,0.4558230761,0.012778514899999982,0.4430445612,0.499854307325,1.8309005649999999,1.3310462576749997,not outlier
MOBEAST022,MOBEAST_T2_R_2024-06-02_1800,T2,CCA,2024-06-02T18:00:00Z,2024-06-02,18:00:00,Table 2,2024-06-02,18:00:00,2024-06-02 18:00:00,NO3,0.5059613870199999,-0.14409497958000017,0.6500563666000001,0.06040379865749995,0.3772182508674999,0.31681445220999993,not outlier
MOBEAST023,MOBEAST_T3_C_2024-06-02_1800,T3,Control,2024-06-02T18:00:00Z,2024-06-02,18:00:00,Table 2,2024-06-02,18:00:00,2024-06-02 18:00:00,N_N,1.083,0.2829999999999999,0.8,-0.14374999999999993,0.49899999999999994,0.6427499999999999,not outlier
MOBEAST023,MOBEAST_T3_C_2024-06-02_1800,T3,Control,2024-06-02T18:00:00Z,2024-06-02,18:00:00,Table 2,2024-06-02,18:00:00,2024-06-02 18:00:00,NO2,0.1475071317,-0.00243650170000001,0.1499436334,0.0396425416475,0.07187680097999999,0.03223425933249999,not outlier
MOBEAST023,MOBEAST_T3_C_2024-06-02_1800,T3,Control,2024-06-02T18:00:00Z,2024-06-02,18:00:00,Table 2,2024-06-02,18:00:00,2024-06-02 18:00:00,PO4,0.0837833815,0.006783381500000005,0.077,-0.017479132330000008,0.011832372592500001,0.02931150492250001,not outlier
MOBEAST023,MOBEAST_T3_C_2024-06-02_1800,T3,Control,2024-06-02T18:00:00Z,2024-06-02,18:00:00,Table 2,2024-06-02,18:00:00,2024-06-02 18:00:00,SiO2,0.1093133789,-0.0980050983,0.2073184772,-0.024501274575,0.21239618462499998,0.2368974592,not outlier
MOBEAST023,MOBEAST_T3_C_2024-06-02_1800,T3,Control,2024-06-02T18:00:00Z,2024-06-02,18:00:00,Table 2,2024-06-02,18:00:00,2024-06-02 18:00:00,NH3,2.430103622,1.9870590607999998,0.4430445612,1.6765075219749999,2.359296358,0.6827888360250001,not outlier
MOBEAST023,MOBEAST_T3_C_2024-06-02_1800,T3,Control,2024-06-02T18:00:00Z,2024-06-02,18:00:00,Table 2,2024-06-02,18:00:00,2024-06-02 18:00:00,NO3,0.9354928683,0.2854365016999999,0.6500563666000001,-0.21562680097999998,0.4874101539175,0.7030369548975,not outlier
MOBEAST024,MOBEAST_T4_A_2024-06-02_1800,T4,Algae,2024-06-02T18:00:00Z,2024-06-02,18:00:00,Table 2,2024-06-02,18:00:00,2024-06-02 18:00:00,N_N,0.584,-0.21600000000000008,0.8,-0.5602499999999999,-0.19000000000000006,0.37024999999999986,not outlier
MOBEAST024,MOBEAST_T4_A_2024-06-02_1800,T4,Algae,2024-06-02T18:00:00Z,2024-06-02,18:00:00,Table 2,2024-06-02,18:00:00,2024-06-02 18:00:00,NO2,0.01,-0.1399436334,0.1499436334,-0.047678765325000004,0.008824087349999996,0.056502852675,outlier
MOBEAST024,MOBEAST_T4_A_2024-06-02_1800,T4,Algae,2024-06-02T18:00:00Z,2024-06-02,18:00:00,Table 2,2024-06-02,18:00:00,2024-06-02 18:00:00,PO4,0.1003755078,0.0233755078,0.077,-0.01563117457750001,-0.004877584820000006,0.010753589757500005,outlier
MOBEAST024,MOBEAST_T4_A_2024-06-02_1800,T4,Algae,2024-06-02T18:00:00Z,2024-06-02,18:00:00,Table 2,2024-06-02,18:00:00,2024-06-02 18:00:00,SiO2,0.09800509832,-0.10931337887999999,0.2073184772,-0.027328344719999998,0.0597343968775,0.08706274159749999,not outlier
MOBEAST024,MOBEAST_T4_A_2024-06-02_1800,T4,Algae,2024-06-02T18:00:00Z,2024-06-02,18:00:00,Table 2,2024-06-02,18:00:00,2024-06-02 18:00:00,NH3,2.802446005,2.3594014438000004,0.4430445612,0.7029864557750001,1.373585260825,0.67059880505,not outlier
MOBEAST024,MOBEAST_T4_A_2024-06-02_1800,T4,Algae,2024-06-02T18:00:00Z,2024-06-02,18:00:00,Table 2,2024-06-02,18:00:00,2024-06-02 18:00:00,NO3,0.574,-0.07605636660000015,0.6500563666000001,-0.59962913607,-0.09032123467500008,0.5093079013949999,not outlier
MOBEAST025,MOBEAST_T5_R_2024-06-02_1800,T5,CCA,2024-06-02T18:00:00Z,2024-06-02,18:00:00,Table 2,2024-06-02,18:00:00,2024-06-02 18:00:00,N_N,1.129,0.32899999999999996,0.8,0.08224999999999993,0.376,0.29375000000000007,not outlier
MOBEAST025,MOBEAST_T5_R_2024-06-02_1800,T5,CCA,2024-06-02T18:00:00Z,2024-06-02,18:00:00,Table 2,2024-06-02,18:00:00,2024-06-02 18:00:00,NO2,0.1259078731,-0.024035760299999986,0.1499436334,-0.034753075329999994,0.055381025805,0.09013410113499999,not outlier
MOBEAST025,MOBEAST_T5_R_2024-06-02_1800,T5,CCA,2024-06-02T18:00:00Z,2024-06-02,18:00:00,Table 2,2024-06-02,18:00:00,2024-06-02 18:00:00,PO4,0.07308763067,-0.003912369329999998,0.077,-0.007304060080000001,0.002613945517499997,0.009918005597499998,not outlier
MOBEAST025,MOBEAST_T5_R_2024-06-02_1800,T5,CCA,2024-06-02T18:00:00Z,2024-06-02,18:00:00,Table 2,2024-06-02,18:00:00,2024-06-02 18:00:00,SiO2,0.01,-0.19731847719999998,0.2073184772,-0.19731847719999998,0,0.19731847719999998,not outlier
MOBEAST025,MOBEAST_T5_R_2024-06-02_1800,T5,CCA,2024-06-02T18:00:00Z,2024-06-02,18:00:00,Table 2,2024-06-02,18:00:00,2024-06-02 18:00:00,NH3,1.105257466,0.6622129048000001,0.4430445612,0.499854307325,1.8309005649999999,1.3310462576749997,not outlier
MOBEAST025,MOBEAST_T5_R_2024-06-02_1800,T5,CCA,2024-06-02T18:00:00Z,2024-06-02,18:00:00,Table 2,2024-06-02,18:00:00,2024-06-02 18:00:00,NO3,1.0030921269,0.35303576029999983,0.6500563666000001,0.06040379865749995,0.3772182508674999,0.31681445220999993,not outlier
MOBEAST026,MOBEAST_T6_K_2024-06-02_1800,T6,Coral,2024-06-02T18:00:00Z,2024-06-02,18:00:00,Table 2,2024-06-02,18:00:00,2024-06-02 18:00:00,N_N,1.112,0.31200000000000006,0.8,0.15325000000000003,1.1215000000000002,0.9682500000000002,not outlier
MOBEAST026,MOBEAST_T6_K_2024-06-02_1800,T6,Coral,2024-06-02T18:00:00Z,2024-06-02,18:00:00,Table 2,2024-06-02,18:00:00,2024-06-02 18:00:00,NO2,0.1186642193,-0.0312794141,0.1499436334,-0.031509893974999995,0.012083731557499998,0.04359362553249999,not outlier
MOBEAST026,MOBEAST_T6_K_2024-06-02_1800,T6,Coral,2024-06-02T18:00:00Z,2024-06-02,18:00:00,Table 2,2024-06-02,18:00:00,2024-06-02 18:00:00,PO4,0.07874403736,0.0017440373600000059,0.077,0.004986845667499993,0.02824667557749999,0.023259829909999998,not outlier
MOBEAST026,MOBEAST_T6_K_2024-06-02_1800,T6,Coral,2024-06-02T18:00:00Z,2024-06-02,18:00:00,Table 2,2024-06-02,18:00:00,2024-06-02 18:00:00,SiO2,0.01696242086,-0.19035605634,0.2073184772,-0.15077707432499998,0.0479549379475,0.19873201227249998,not outlier
MOBEAST026,MOBEAST_T6_K_2024-06-02_1800,T6,Coral,2024-06-02T18:00:00Z,2024-06-02,18:00:00,Table 2,2024-06-02,18:00:00,2024-06-02 18:00:00,NH3,1.373606278,0.9305617168,0.4430445612,0.7138523966000001,4.077565243,3.3637128463999995,not outlier
MOBEAST026,MOBEAST_T6_K_2024-06-02_1800,T6,Coral,2024-06-02T18:00:00Z,2024-06-02,18:00:00,Table 2,2024-06-02,18:00:00,2024-06-02 18:00:00,NO3,0.9933357807000001,0.34327941409999996,0.6500563666000001,0.18475989397499992,1.0720785257275,0.8873186317525001,not outlier
MOBEAST027,MOBEAST_T7_K_2024-06-02_1800,T7,Coral,2024-06-02T18:00:00Z,2024-06-02,18:00:00,Table 2,2024-06-02,18:00:00,2024-06-02 18:00:00,N_N,0.477,-0.32300000000000006,0.8,0.15325000000000003,1.1215000000000002,0.9682500000000002,not outlier
MOBEAST027,MOBEAST_T7_K_2024-06-02_1800,T7,Coral,2024-06-02T18:00:00Z,2024-06-02,18:00:00,Table 2,2024-06-02,18:00:00,2024-06-02 18:00:00,NO2,0.1177422998,-0.03220133359999999,0.1499436334,-0.031509893974999995,0.012083731557499998,0.04359362553249999,not outlier
MOBEAST027,MOBEAST_T7_K_2024-06-02_1800,T7,Coral,2024-06-02T18:00:00Z,2024-06-02,18:00:00,Table 2,2024-06-02,18:00:00,2024-06-02 18:00:00,PO4,0.1184074467,0.0414074467,0.077,0.004986845667499993,0.02824667557749999,0.023259829909999998,not outlier
MOBEAST027,MOBEAST_T7_K_2024-06-02_1800,T7,Coral,2024-06-02T18:00:00Z,2024-06-02,18:00:00,Table 2,2024-06-02,18:00:00,2024-06-02 18:00:00,SiO2,0.06973439688,-0.13758408032,0.2073184772,-0.15077707432499998,0.0479549379475,0.19873201227249998,not outlier
MOBEAST027,MOBEAST_T7_K_2024-06-02_1800,T7,Coral,2024-06-02T18:00:00Z,2024-06-02,18:00:00,Table 2,2024-06-02,18:00:00,2024-06-02 18:00:00,NH3,0.5067689972,0.063724436,0.4430445612,0.7138523966000001,4.077565243,3.3637128463999995,not outlier
MOBEAST027,MOBEAST_T7_K_2024-06-02_1800,T7,Coral,2024-06-02T18:00:00Z,2024-06-02,18:00:00,Table 2,2024-06-02,18:00:00,2024-06-02 18:00:00,NO3,0.3592577002,-0.2907986664000001,0.6500563666000001,0.18475989397499992,1.0720785257275,0.8873186317525001,not outlier
MOBEAST028,MOBEAST_T8_C_2024-06-02_1800,T8,Control,2024-06-02T18:00:00Z,2024-06-02,18:00:00,Table 1,2024-06-02,18:00:00,2024-06-02 18:00:00,N_N,0.667,-0.42799999999999994,1.095,-0.14374999999999993,0.49899999999999994,0.6427499999999999,not outlier
MOBEAST028,MOBEAST_T8_C_2024-06-02_1800,T8,Control,2024-06-02T18:00:00Z,2024-06-02,18:00:00,Table 1,2024-06-02,18:00:00,2024-06-02 18:00:00,NO2,0.1671966997,0.07711198713,0.09008471257,0.0396425416475,0.07187680097999999,0.03223425933249999,not outlier
MOBEAST028,MOBEAST_T8_C_2024-06-02_1800,T8,Control,2024-06-02T18:00:00Z,2024-06-02,18:00:00,Table 1,2024-06-02,18:00:00,2024-06-02 18:00:00,PO4,0.1214584782,0.02697934586999999,0.09447913233,-0.017479132330000008,0.011832372592500001,0.02931150492250001,not outlier
MOBEAST028,MOBEAST_T8_C_2024-06-02_1800,T8,Control,2024-06-02T18:00:00Z,2024-06-02,18:00:00,Table 1,2024-06-02,18:00:00,2024-06-02 18:00:00,SiO2,0.1884713429,0.1784713429,0.01,-0.024501274575,0.21239618462499998,0.2368974592,not outlier
MOBEAST028,MOBEAST_T8_C_2024-06-02_1800,T8,Control,2024-06-02T18:00:00Z,2024-06-02,18:00:00,Table 1,2024-06-02,18:00:00,2024-06-02 18:00:00,NH3,1.000086926,0.7448529055,0.2552340205,1.6765075219749999,2.359296358,0.6827888360250001,not outlier
MOBEAST028,MOBEAST_T8_C_2024-06-02_1800,T8,Control,2024-06-02T18:00:00Z,2024-06-02,18:00:00,Table 1,2024-06-02,18:00:00,2024-06-02 18:00:00,NO3,0.49980330030000003,-0.50511198713,1.00491528743,-0.21562680097999998,0.4874101539175,0.7030369548975,not outlier
MOBEAST029,MOBEAST_T9_K_2024-06-02_1800,T9,Coral,2024-06-02T18:00:00Z,2024-06-02,18:00:00,Table 1,2024-06-02,18:00:00,2024-06-02 18:00:00,N_N,2.128,1.0330000000000001,1.095,0.15325000000000003,1.1215000000000002,0.9682500000000002,not outlier
MOBEAST029,MOBEAST_T9_K_2024-06-02_1800,T9,Coral,2024-06-02T18:00:00Z,2024-06-02,18:00:00,Table 1,2024-06-02,18:00:00,2024-06-02 18:00:00,NO2,0.1581750582,0.06809034563,0.09008471257,-0.031509893974999995,0.012083731557499998,0.04359362553249999,not outlier
MOBEAST029,MOBEAST_T9_K_2024-06-02_1800,T9,Coral,2024-06-02T18:00:00Z,2024-06-02,18:00:00,Table 1,2024-06-02,18:00:00,2024-06-02 18:00:00,PO4,0.1005469141,0.006067781769999989,0.09447913233,0.004986845667499993,0.02824667557749999,0.023259829909999998,not outlier
MOBEAST029,MOBEAST_T9_K_2024-06-02_1800,T9,Coral,2024-06-02T18:00:00Z,2024-06-02,18:00:00,Table 1,2024-06-02,18:00:00,2024-06-02 18:00:00,SiO2,0.0904662446,0.0804662446,0.01,-0.15077707432499998,0.0479549379475,0.19873201227249998,not outlier
MOBEAST029,MOBEAST_T9_K_2024-06-02_1800,T9,Coral,2024-06-02T18:00:00Z,2024-06-02,18:00:00,Table 1,2024-06-02,18:00:00,2024-06-02 18:00:00,NH3,4.072058712,3.8168246914999995,0.2552340205,0.7138523966000001,4.077565243,3.3637128463999995,not outlier
MOBEAST029,MOBEAST_T9_K_2024-06-02_1800,T9,Coral,2024-06-02T18:00:00Z,2024-06-02,18:00:00,Table 1,2024-06-02,18:00:00,2024-06-02 18:00:00,NO3,1.9698249418000002,0.9649096543700002,1.00491528743,0.18475989397499992,1.0720785257275,0.8873186317525001,not outlier
MOBEAST030,MOBEAST_T10_R_2024-06-02_1800,T10,CCA,2024-06-02T18:00:00Z,2024-06-02,18:00:00,Table 1,2024-06-02,18:00:00,2024-06-02 18:00:00,N_N,1.612,0.5170000000000001,1.095,0.08224999999999993,0.376,0.29375000000000007,not outlier
MOBEAST030,MOBEAST_T10_R_2024-06-02_1800,T10,CCA,2024-06-02T18:00:00Z,2024-06-02,18:00:00,Table 1,2024-06-02,18:00:00,2024-06-02 18:00:00,NO2,0.15731899,0.06723427742999999,0.09008471257,-0.034753075329999994,0.055381025805,0.09013410113499999,not outlier
MOBEAST030,MOBEAST_T10_R_2024-06-02_1800,T10,CCA,2024-06-02T18:00:00Z,2024-06-02,18:00:00,Table 1,2024-06-02,18:00:00,2024-06-02 18:00:00,PO4,0.1049349144,0.010455782069999989,0.09447913233,-0.007304060080000001,0.002613945517499997,0.009918005597499998,not outlier
MOBEAST030,MOBEAST_T10_R_2024-06-02_1800,T10,CCA,2024-06-02T18:00:00Z,2024-06-02,18:00:00,Table 1,2024-06-02,18:00:00,2024-06-02 18:00:00,SiO2,0.01,0,0.01,-0.19731847719999998,0,0.19731847719999998,not outlier
MOBEAST030,MOBEAST_T10_R_2024-06-02_1800,T10,CCA,2024-06-02T18:00:00Z,2024-06-02,18:00:00,Table 1,2024-06-02,18:00:00,2024-06-02 18:00:00,NH3,4.426998776,4.1717647555,0.2552340205,0.499854307325,1.8309005649999999,1.3310462576749997,outlier
MOBEAST030,MOBEAST_T10_R_2024-06-02_1800,T10,CCA,2024-06-02T18:00:00Z,2024-06-02,18:00:00,Table 1,2024-06-02,18:00:00,2024-06-02 18:00:00,NO3,1.45468101,0.44976572257,1.00491528743,0.06040379865749995,0.3772182508674999,0.31681445220999993,not outlier
MOBEAST031,MOBEAST_T11_C_2024-06-02_1800,T11,Control,2024-06-02T18:00:00Z,2024-06-02,18:00:00,Table 1,2024-06-02,18:00:00,2024-06-02 18:00:00,N_N,1.046,-0.04899999999999993,1.095,-0.14374999999999993,0.49899999999999994,0.6427499999999999,not outlier
MOBEAST031,MOBEAST_T11_C_2024-06-02_1800,T11,Control,2024-06-02T18:00:00Z,2024-06-02,18:00:00,Table 1,2024-06-02,18:00:00,2024-06-02 18:00:00,NO2,0.1602164515,0.07013173892999999,0.09008471257,0.0396425416475,0.07187680097999999,0.03223425933249999,not outlier
MOBEAST031,MOBEAST_T11_C_2024-06-02_1800,T11,Control,2024-06-02T18:00:00Z,2024-06-02,18:00:00,Table 1,2024-06-02,18:00:00,2024-06-02 18:00:00,PO4,0.077,-0.017479132330000008,0.09447913233,-0.017479132330000008,0.011832372592500001,0.02931150492250001,not outlier
MOBEAST031,MOBEAST_T11_C_2024-06-02_1800,T11,Control,2024-06-02T18:00:00Z,2024-06-02,18:00:00,Table 1,2024-06-02,18:00:00,2024-06-02 18:00:00,SiO2,0.3241707098,0.3141707098,0.01,-0.024501274575,0.21239618462499998,0.2368974592,not outlier
MOBEAST031,MOBEAST_T11_C_2024-06-02_1800,T11,Control,2024-06-02T18:00:00Z,2024-06-02,18:00:00,Table 1,2024-06-02,18:00:00,2024-06-02 18:00:00,NH3,2.573189361,2.3179553404999997,0.2552340205,1.6765075219749999,2.359296358,0.6827888360250001,not outlier
MOBEAST031,MOBEAST_T11_C_2024-06-02_1800,T11,Control,2024-06-02T18:00:00Z,2024-06-02,18:00:00,Table 1,2024-06-02,18:00:00,2024-06-02 18:00:00,NO3,0.8857835485000001,-0.11913173892999995,1.00491528743,-0.21562680097999998,0.4874101539175,0.7030369548975,not outlier
MOBEAST032,MOBEAST_T12_R_2024-06-02_1800,T12,CCA,2024-06-02T18:00:00Z,2024-06-02,18:00:00,Table 1,2024-06-02,18:00:00,2024-06-02 18:00:00,N_N,1.275,0.17999999999999994,1.095,0.08224999999999993,0.376,0.29375000000000007,not outlier
MOBEAST032,MOBEAST_T12_R_2024-06-02_1800,T12,CCA,2024-06-02T18:00:00Z,2024-06-02,18:00:00,Table 1,2024-06-02,18:00:00,2024-06-02 18:00:00,NO2,0.1415146545,0.05142994193,0.09008471257,-0.034753075329999994,0.055381025805,0.09013410113499999,not outlier
MOBEAST032,MOBEAST_T12_R_2024-06-02_1800,T12,CCA,2024-06-02T18:00:00Z,2024-06-02,18:00:00,Table 1,2024-06-02,18:00:00,2024-06-02 18:00:00,PO4,0.077,-0.017479132330000008,0.09447913233,-0.007304060080000001,0.002613945517499997,0.009918005597499998,not outlier
MOBEAST032,MOBEAST_T12_R_2024-06-02_1800,T12,CCA,2024-06-02T18:00:00Z,2024-06-02,18:00:00,Table 1,2024-06-02,18:00:00,2024-06-02 18:00:00,SiO2,0.01,0,0.01,-0.19731847719999998,0,0.19731847719999998,not outlier
MOBEAST032,MOBEAST_T12_R_2024-06-02_1800,T12,CCA,2024-06-02T18:00:00Z,2024-06-02,18:00:00,Table 1,2024-06-02,18:00:00,2024-06-02 18:00:00,NH3,1.305846522,1.0506125014999999,0.2552340205,0.499854307325,1.8309005649999999,1.3310462576749997,not outlier
MOBEAST032,MOBEAST_T12_R_2024-06-02_1800,T12,CCA,2024-06-02T18:00:00Z,2024-06-02,18:00:00,Table 1,2024-06-02,18:00:00,2024-06-02 18:00:00,NO3,1.1334853455,0.12857005807,1.00491528743,0.06040379865749995,0.3772182508674999,0.31681445220999993,not outlier
MOBEAST033,MOBEAST_T13_A_2024-06-02_1800,T13,Algae,2024-06-02T18:00:00Z,2024-06-02,18:00:00,Table 1,2024-06-02,18:00:00,2024-06-02 18:00:00,N_N,0.983,-0.11199999999999999,1.095,-0.5602499999999999,-0.19000000000000006,0.37024999999999986,not outlier
MOBEAST033,MOBEAST_T13_A_2024-06-02_1800,T13,Algae,2024-06-02T18:00:00Z,2024-06-02,18:00:00,Table 1,2024-06-02,18:00:00,2024-06-02 18:00:00,NO2,0.07316090327,-0.01692380930000001,0.09008471257,-0.047678765325000004,0.008824087349999996,0.056502852675,not outlier
MOBEAST033,MOBEAST_T13_A_2024-06-02_1800,T13,Algae,2024-06-02T18:00:00Z,2024-06-02,18:00:00,Table 1,2024-06-02,18:00:00,2024-06-02 18:00:00,PO4,0.077,-0.017479132330000008,0.09447913233,-0.01563117457750001,-0.004877584820000006,0.010753589757500005,not outlier
MOBEAST033,MOBEAST_T13_A_2024-06-02_1800,T13,Algae,2024-06-02T18:00:00Z,2024-06-02,18:00:00,Table 1,2024-06-02,18:00:00,2024-06-02 18:00:00,SiO2,0.01,0,0.01,-0.027328344719999998,0.0597343968775,0.08706274159749999,not outlier
MOBEAST033,MOBEAST_T13_A_2024-06-02_1800,T13,Algae,2024-06-02T18:00:00Z,2024-06-02,18:00:00,Table 1,2024-06-02,18:00:00,2024-06-02 18:00:00,NH3,1.300213887,1.0449798664999999,0.2552340205,0.7029864557750001,1.373585260825,0.67059880505,not outlier
MOBEAST033,MOBEAST_T13_A_2024-06-02_1800,T13,Algae,2024-06-02T18:00:00Z,2024-06-02,18:00:00,Table 1,2024-06-02,18:00:00,2024-06-02 18:00:00,NO3,0.90983909673,-0.09507619070000006,1.00491528743,-0.59962913607,-0.09032123467500008,0.5093079013949999,not outlier
MOBEAST034,MOBEAST_T14_A_2024-06-02_1800,T14,Algae,2024-06-02T18:00:00Z,2024-06-02,18:00:00,Table 1,2024-06-02,18:00:00,2024-06-02 18:00:00,N_N,0.611,-0.484,1.095,-0.5602499999999999,-0.19000000000000006,0.37024999999999986,not outlier
MOBEAST034,MOBEAST_T14_A_2024-06-02_1800,T14,Algae,2024-06-02T18:00:00Z,2024-06-02,18:00:00,Table 1,2024-06-02,18:00:00,2024-06-02 18:00:00,NO2,0.144741373,0.054656660430000004,0.09008471257,-0.047678765325000004,0.008824087349999996,0.056502852675,not outlier
MOBEAST034,MOBEAST_T14_A_2024-06-02_1800,T14,Algae,2024-06-02T18:00:00Z,2024-06-02,18:00:00,Table 1,2024-06-02,18:00:00,2024-06-02 18:00:00,PO4,0.07946394367,-0.015015188660000012,0.09447913233,-0.01563117457750001,-0.004877584820000006,0.010753589757500005,not outlier
MOBEAST034,MOBEAST_T14_A_2024-06-02_1800,T14,Algae,2024-06-02T18:00:00Z,2024-06-02,18:00:00,Table 1,2024-06-02,18:00:00,2024-06-02 18:00:00,SiO2,0.06408025659,0.054080256589999993,0.01,-0.027328344719999998,0.0597343968775,0.08706274159749999,not outlier
MOBEAST034,MOBEAST_T14_A_2024-06-02_1800,T14,Algae,2024-06-02T18:00:00Z,2024-06-02,18:00:00,Table 1,2024-06-02,18:00:00,2024-06-02 18:00:00,NH3,1.171672116,0.9164380955000001,0.2552340205,0.7029864557750001,1.373585260825,0.67059880505,not outlier
MOBEAST034,MOBEAST_T14_A_2024-06-02_1800,T14,Algae,2024-06-02T18:00:00Z,2024-06-02,18:00:00,Table 1,2024-06-02,18:00:00,2024-06-02 18:00:00,NO3,0.466258627,-0.53865666043,1.00491528743,-0.59962913607,-0.09032123467500008,0.5093079013949999,not outlier
MOBEAST035,MOBEAST_T15_C_2024-06-02_1800,T15,Control,2024-06-02T18:00:00Z,2024-06-02,18:00:00,Table 1,2024-06-02,18:00:00,2024-06-02 18:00:00,N_N,2.242,1.147,1.095,-0.14374999999999993,0.49899999999999994,0.6427499999999999,not outlier
MOBEAST035,MOBEAST_T15_C_2024-06-02_1800,T15,Control,2024-06-02T18:00:00Z,2024-06-02,18:00:00,Table 1,2024-06-02,18:00:00,2024-06-02 18:00:00,NO2,0.143753602,0.053668889430000005,0.09008471257,0.0396425416475,0.07187680097999999,0.03223425933249999,not outlier
MOBEAST035,MOBEAST_T15_C_2024-06-02_1800,T15,Control,2024-06-02T18:00:00Z,2024-06-02,18:00:00,Table 1,2024-06-02,18:00:00,2024-06-02 18:00:00,PO4,0.077,-0.017479132330000008,0.09447913233,-0.017479132330000008,0.011832372592500001,0.02931150492250001,not outlier
MOBEAST035,MOBEAST_T15_C_2024-06-02_1800,T15,Control,2024-06-02T18:00:00Z,2024-06-02,18:00:00,Table 1,2024-06-02,18:00:00,2024-06-02 18:00:00,SiO2,0.01,0,0.01,-0.024501274575,0.21239618462499998,0.2368974592,not outlier
MOBEAST035,MOBEAST_T15_C_2024-06-02_1800,T15,Control,2024-06-02T18:00:00Z,2024-06-02,18:00:00,Table 1,2024-06-02,18:00:00,2024-06-02 18:00:00,NH3,2.738553431,2.4833194105,0.2552340205,1.6765075219749999,2.359296358,0.6827888360250001,not outlier
MOBEAST035,MOBEAST_T15_C_2024-06-02_1800,T15,Control,2024-06-02T18:00:00Z,2024-06-02,18:00:00,Table 1,2024-06-02,18:00:00,2024-06-02 18:00:00,NO3,2.098246398,1.09333111057,1.00491528743,-0.21562680097999998,0.4874101539175,0.7030369548975,not outlier
MOBEAST036,MOBEAST_T16_K_2024-06-02_1800,T16,Coral,2024-06-02T18:00:00Z,2024-06-02,18:00:00,Table 1,2024-06-02,18:00:00,2024-06-02 18:00:00,N_N,2.482,1.3870000000000002,1.095,0.15325000000000003,1.1215000000000002,0.9682500000000002,not outlier
MOBEAST036,MOBEAST_T16_K_2024-06-02_1800,T16,Coral,2024-06-02T18:00:00Z,2024-06-02,18:00:00,Table 1,2024-06-02,18:00:00,2024-06-02 18:00:00,NO2,0.08349957277,-0.0065851398000000005,0.09008471257,-0.031509893974999995,0.012083731557499998,0.04359362553249999,not outlier
MOBEAST036,MOBEAST_T16_K_2024-06-02_1800,T16,Coral,2024-06-02T18:00:00Z,2024-06-02,18:00:00,Table 1,2024-06-02,18:00:00,2024-06-02 18:00:00,PO4,0.1183388842,0.023859751869999987,0.09447913233,0.004986845667499993,0.02824667557749999,0.023259829909999998,not outlier
MOBEAST036,MOBEAST_T16_K_2024-06-02_1800,T16,Coral,2024-06-02T18:00:00Z,2024-06-02,18:00:00,Table 1,2024-06-02,18:00:00,2024-06-02 18:00:00,SiO2,0.04711783573,0.03711783573,0.01,-0.15077707432499998,0.0479549379475,0.19873201227249998,not outlier
MOBEAST036,MOBEAST_T16_K_2024-06-02_1800,T16,Coral,2024-06-02T18:00:00Z,2024-06-02,18:00:00,Table 1,2024-06-02,18:00:00,2024-06-02 18:00:00,NH3,5.115020918,4.8597868975,0.2552340205,0.7138523966000001,4.077565243,3.3637128463999995,not outlier
MOBEAST036,MOBEAST_T16_K_2024-06-02_1800,T16,Coral,2024-06-02T18:00:00Z,2024-06-02,18:00:00,Table 1,2024-06-02,18:00:00,2024-06-02 18:00:00,NO3,2.39850042723,1.3935851398,1.00491528743,0.18475989397499992,1.0720785257275,0.8873186317525001,not outlier
MOBEAST037,MOBEAST_F1_Inflow_2024-06-03_0000,F1,Inflow,2024-06-03T00:00:00Z,2024-06-03,00:00:00,Table 1,2024-06-03,00:00:00,2024-06-03,N_N,2.913,0,2.913,0,0,0,not outlier
MOBEAST037,MOBEAST_F1_Inflow_2024-06-03_0000,F1,Inflow,2024-06-03T00:00:00Z,2024-06-03,00:00:00,Table 1,2024-06-03,00:00:00,2024-06-03,NO2,0.1681844707,0,0.1681844707,0,0,0,not outlier
MOBEAST037,MOBEAST_F1_Inflow_2024-06-03_0000,F1,Inflow,2024-06-03T00:00:00Z,2024-06-03,00:00:00,Table 1,2024-06-03,00:00:00,2024-06-03,PO4,0.1418558235,0,0.1418558235,0,0,0,not outlier
MOBEAST037,MOBEAST_F1_Inflow_2024-06-03_0000,F1,Inflow,2024-06-03T00:00:00Z,2024-06-03,00:00:00,Table 1,2024-06-03,00:00:00,2024-06-03,SiO2,0.1978949101,0,0.1978949101,0,0,0,not outlier
MOBEAST037,MOBEAST_F1_Inflow_2024-06-03_0000,F1,Inflow,2024-06-03T00:00:00Z,2024-06-03,00:00:00,Table 1,2024-06-03,00:00:00,2024-06-03,NH3,0.9996665802,0,0.9996665802,0,0,0,not outlier
MOBEAST037,MOBEAST_F1_Inflow_2024-06-03_0000,F1,Inflow,2024-06-03T00:00:00Z,2024-06-03,00:00:00,Table 1,2024-06-03,00:00:00,2024-06-03,NO3,2.7448155293,0,2.7448155293,0,0,0,not outlier
MOBEAST038,MOBEAST_F2_Inflow_2024-06-03_0000,F2,Inflow,2024-06-03T00:00:00Z,2024-06-03,00:00:00,Table 2,2024-06-03,00:00:00,2024-06-03,N_N,0.743,0,0.743,0,0,0,not outlier
MOBEAST038,MOBEAST_F2_Inflow_2024-06-03_0000,F2,Inflow,2024-06-03T00:00:00Z,2024-06-03,00:00:00,Table 2,2024-06-03,00:00:00,2024-06-03,NO2,0.1950518411,0,0.1950518411,0,0,0,not outlier
MOBEAST038,MOBEAST_F2_Inflow_2024-06-03_0000,F2,Inflow,2024-06-03T00:00:00Z,2024-06-03,00:00:00,Table 2,2024-06-03,00:00:00,2024-06-03,PO4,0.0759672559,0,0.0759672559,0,0,0,not outlier
MOBEAST038,MOBEAST_F2_Inflow_2024-06-03_0000,F2,Inflow,2024-06-03T00:00:00Z,2024-06-03,00:00:00,Table 2,2024-06-03,00:00:00,2024-06-03,SiO2,0.13192994,0,0.13192994,0,0,0,not outlier
MOBEAST038,MOBEAST_F2_Inflow_2024-06-03_0000,F2,Inflow,2024-06-03T00:00:00Z,2024-06-03,00:00:00,Table 2,2024-06-03,00:00:00,2024-06-03,NH3,0.7887370158,0,0.7887370158,0,0,0,not outlier
MOBEAST038,MOBEAST_F2_Inflow_2024-06-03_0000,F2,Inflow,2024-06-03T00:00:00Z,2024-06-03,00:00:00,Table 2,2024-06-03,00:00:00,2024-06-03,NO3,0.5479481588999999,0,0.5479481588999999,0,0,0,not outlier
MOBEAST039,MOBEAST_T1_A_2024-06-03_0000,T1,Algae,2024-06-03T00:00:00Z,2024-06-03,00:00:00,Table 1,2024-06-03,00:00:00,2024-06-03,N_N,0.746,-2.167,2.913,-1.6704999999999999,-0.9794999999999998,0.6910000000000001,not outlier
MOBEAST039,MOBEAST_T1_A_2024-06-03_0000,T1,Algae,2024-06-03T00:00:00Z,2024-06-03,00:00:00,Table 1,2024-06-03,00:00:00,2024-06-03,NO2,0.1403951807,-0.027789289999999994,0.1681844707,-0.129877772985,0.104818962875,0.23469673586,not outlier
MOBEAST039,MOBEAST_T1_A_2024-06-03_0000,T1,Algae,2024-06-03T00:00:00Z,2024-06-03,00:00:00,Table 1,2024-06-03,00:00:00,2024-06-03,PO4,0.08601166293,-0.05584416057000001,0.1418558235,-0.057249691930000006,0.0053478754499999975,0.06259756738,not outlier
MOBEAST039,MOBEAST_T1_A_2024-06-03_0000,T1,Algae,2024-06-03T00:00:00Z,2024-06-03,00:00:00,Table 1,2024-06-03,00:00:00,2024-06-03,SiO2,0.0904662446,-0.10742866549999999,0.1978949101,-0.038165446999999984,0.13711290202499998,0.17527834902499997,not outlier
MOBEAST039,MOBEAST_T1_A_2024-06-03_0000,T1,Algae,2024-06-03T00:00:00Z,2024-06-03,00:00:00,Table 1,2024-06-03,00:00:00,2024-06-03,NH3,1.229175433,0.2295088528,0.9996665802,0.157797844975,0.6876648483000001,0.5298670033250001,not outlier
MOBEAST039,MOBEAST_T1_A_2024-06-03_0000,T1,Algae,2024-06-03T00:00:00Z,2024-06-03,00:00:00,Table 1,2024-06-03,00:00:00,2024-06-03,NO3,0.6056048193,-2.13921071,2.7448155293,-1.9332854686249998,-0.938001095205,0.9952843734199999,not outlier
MOBEAST040,MOBEAST_T2_R_2024-06-03_0000,T2,CCA,2024-06-03T00:00:00Z,2024-06-03,00:00:00,Table 2,2024-06-03,00:00:00,2024-06-03,N_N,1.07,0.32700000000000007,0.743,-1.21925,0.3365000000000001,1.55575,not outlier
MOBEAST040,MOBEAST_T2_R_2024-06-03_0000,T2,CCA,2024-06-03T00:00:00Z,2024-06-03,00:00:00,Table 2,2024-06-03,00:00:00,2024-06-03,NO2,0.1037818034,-0.09127003770000001,0.1950518411,-0.029781294750000003,0.07956495175,0.10934624650000001,not outlier
MOBEAST040,MOBEAST_T2_R_2024-06-03_0000,T2,CCA,2024-06-03T00:00:00Z,2024-06-03,00:00:00,Table 2,2024-06-03,00:00:00,2024-06-03,PO4,0.1237210409,0.04775378499999999,0.0759672559,-0.002005453249999997,0.012713004324999996,0.014718457574999993,outlier
MOBEAST040,MOBEAST_T2_R_2024-06-03_0000,T2,CCA,2024-06-03T00:00:00Z,2024-06-03,00:00:00,Table 2,2024-06-03,00:00:00,2024-06-03,SiO2,0.01,-0.12192994,0.13192994,-0.09267802813,0.025914809625,0.11859283775500001,not outlier
MOBEAST040,MOBEAST_T2_R_2024-06-03_0000,T2,CCA,2024-06-03T00:00:00Z,2024-06-03,00:00:00,Table 2,2024-06-03,00:00:00,2024-06-03,NH3,0.8137055613,0.02496854550000005,0.7887370158,0.3578194329750001,1.0492463774,0.691426944425,not outlier
MOBEAST040,MOBEAST_T2_R_2024-06-03_0000,T2,CCA,2024-06-03T00:00:00Z,2024-06-03,00:00:00,Table 2,2024-06-03,00:00:00,2024-06-03,NO3,0.9662181966000001,0.41827003770000015,0.5479481588999999,-1.2988149517499998,0.3852812947500001,1.6840962465,not outlier
MOBEAST041,MOBEAST_T3_C_2024-06-03_0000,T3,Control,2024-06-03T00:00:00Z,2024-06-03,00:00:00,Table 2,2024-06-03,00:00:00,2024-06-03,N_N,2.291,1.548,0.743,-1.28825,-0.3959999999999999,0.89225,outlier
MOBEAST041,MOBEAST_T3_C_2024-06-03_0000,T3,Control,2024-06-03T00:00:00Z,2024-06-03,00:00:00,Table 2,2024-06-03,00:00:00,2024-06-03,NO2,0.2416087796,0.04655693849999998,0.1950518411,0.083302018575,0.16866189335,0.08535987477500001,not outlier
MOBEAST041,MOBEAST_T3_C_2024-06-03_0000,T3,Control,2024-06-03T00:00:00Z,2024-06-03,00:00:00,Table 2,2024-06-03,00:00:00,2024-06-03,PO4,0.1219384157,0.045971159799999994,0.0759672559,-0.021451493865,0.019643157774999996,0.04109465163999999,not outlier
MOBEAST041,MOBEAST_T3_C_2024-06-03_0000,T3,Control,2024-06-03T00:00:00Z,2024-06-03,00:00:00,Table 2,2024-06-03,00:00:00,2024-06-03,SiO2,0.3034388621,0.1715089221,0.13192994,0.114967519175,0.18611545115,0.071147931975,not outlier
MOBEAST041,MOBEAST_T3_C_2024-06-03_0000,T3,Control,2024-06-03T00:00:00Z,2024-06-03,00:00:00,Table 2,2024-06-03,00:00:00,2024-06-03,NH3,6.178327865,5.3895908492,0.7887370158,0.6380430168000001,2.9277300959000003,2.2896870791,not outlier
MOBEAST041,MOBEAST_T3_C_2024-06-03_0000,T3,Control,2024-06-03T00:00:00Z,2024-06-03,00:00:00,Table 2,2024-06-03,00:00:00,2024-06-03,NO3,2.0493912204,1.5014430615,0.5479481588999999,-1.4202655903,-0.5159483216249998,0.9043172686750003,outlier
MOBEAST042,MOBEAST_T4_A_2024-06-03_0000,T4,Algae,2024-06-03T00:00:00Z,2024-06-03,00:00:00,Table 2,2024-06-03,00:00:00,2024-06-03,N_N,0.911,0.16800000000000004,0.743,-1.6704999999999999,-0.9794999999999998,0.6910000000000001,outlier
MOBEAST042,MOBEAST_T4_A_2024-06-03_0000,T4,Algae,2024-06-03T00:00:00Z,2024-06-03,00:00:00,Table 2,2024-06-03,00:00:00,2024-06-03,NO2,0.07460963402,-0.12044220708000002,0.1950518411,-0.129877772985,0.104818962875,0.23469673586,not outlier
MOBEAST042,MOBEAST_T4_A_2024-06-03_0000,T4,Algae,2024-06-03T00:00:00Z,2024-06-03,00:00:00,Table 2,2024-06-03,00:00:00,2024-06-03,PO4,0.1474436677,0.0714764118,0.0759672559,-0.057249691930000006,0.0053478754499999975,0.06259756738,not outlier
MOBEAST042,MOBEAST_T4_A_2024-06-03_0000,T4,Algae,2024-06-03T00:00:00Z,2024-06-03,00:00:00,Table 2,2024-06-03,00:00:00,2024-06-03,SiO2,0.2563210264,0.12439108639999999,0.13192994,-0.038165446999999984,0.13711290202499998,0.17527834902499997,not outlier
MOBEAST042,MOBEAST_T4_A_2024-06-03_0000,T4,Algae,2024-06-03T00:00:00Z,2024-06-03,00:00:00,Table 2,2024-06-03,00:00:00,2024-06-03,NH3,0.7314018373,-0.05733517850000003,0.7887370158,0.157797844975,0.6876648483000001,0.5298670033250001,not outlier
MOBEAST042,MOBEAST_T4_A_2024-06-03_0000,T4,Algae,2024-06-03T00:00:00Z,2024-06-03,00:00:00,Table 2,2024-06-03,00:00:00,2024-06-03,NO3,0.83639036598,0.2884422070800001,0.5479481588999999,-1.9332854686249998,-0.938001095205,0.9952843734199999,not outlier
MOBEAST043,MOBEAST_T5_R_2024-06-03_0000,T5,CCA,2024-06-03T00:00:00Z,2024-06-03,00:00:00,Table 2,2024-06-03,00:00:00,2024-06-03,N_N,1.108,0.3650000000000001,0.743,-1.21925,0.3365000000000001,1.55575,not outlier
MOBEAST043,MOBEAST_T5_R_2024-06-03_0000,T5,CCA,2024-06-03T00:00:00Z,2024-06-03,00:00:00,Table 2,2024-06-03,00:00:00,2024-06-03,NO2,0.185766794,-0.009285047099999999,0.1950518411,-0.029781294750000003,0.07956495175,0.10934624650000001,not outlier
MOBEAST043,MOBEAST_T5_R_2024-06-03_0000,T5,CCA,2024-06-03T00:00:00Z,2024-06-03,00:00:00,Table 2,2024-06-03,00:00:00,2024-06-03,PO4,0.077,0.0010327440999999965,0.0759672559,-0.002005453249999997,0.012713004324999996,0.014718457574999993,not outlier
MOBEAST043,MOBEAST_T5_R_2024-06-03_0000,T5,CCA,2024-06-03T00:00:00Z,2024-06-03,00:00:00,Table 2,2024-06-03,00:00:00,2024-06-03,SiO2,0.04900254916,-0.08292739084,0.13192994,-0.09267802813,0.025914809625,0.11859283775500001,not outlier
MOBEAST043,MOBEAST_T5_R_2024-06-03_0000,T5,CCA,2024-06-03T00:00:00Z,2024-06-03,00:00:00,Table 2,2024-06-03,00:00:00,2024-06-03,NH3,2.264655482,1.4759184662000002,0.7887370158,0.3578194329750001,1.0492463774,0.691426944425,not outlier
MOBEAST043,MOBEAST_T5_R_2024-06-03_0000,T5,CCA,2024-06-03T00:00:00Z,2024-06-03,00:00:00,Table 2,2024-06-03,00:00:00,2024-06-03,NO3,0.922233206,0.3742850471000001,0.5479481588999999,-1.2988149517499998,0.3852812947500001,1.6840962465,not outlier
MOBEAST044,MOBEAST_T6_K_2024-06-03_0000,T6,Coral,2024-06-03T00:00:00Z,2024-06-03,00:00:00,Table 2,2024-06-03,00:00:00,2024-06-03,N_N,0.922,0.17900000000000005,0.743,-1.0454999999999999,-0.12549999999999997,0.9199999999999999,not outlier
MOBEAST044,MOBEAST_T6_K_2024-06-03_0000,T6,Coral,2024-06-03T00:00:00Z,2024-06-03,00:00:00,Table 2,2024-06-03,00:00:00,2024-06-03,NO2,0.1841863604,-0.010865480700000013,0.1950518411,-0.022010829825000015,0.14434626460000002,0.16635709442500005,not outlier
MOBEAST044,MOBEAST_T6_K_2024-06-03_0000,T6,Coral,2024-06-03T00:00:00Z,2024-06-03,00:00:00,Table 2,2024-06-03,00:00:00,2024-06-03,PO4,0.09797582011,0.022008564209999998,0.0759672559,0.007121930232499997,0.042354487675,0.0352325574425,not outlier
MOBEAST044,MOBEAST_T6_K_2024-06-03_0000,T6,Coral,2024-06-03T00:00:00Z,2024-06-03,00:00:00,Table 2,2024-06-03,00:00:00,2024-06-03,SiO2,0.04711783573,-0.08481210427,0.13192994,-0.0940915632025,0.10978455720000004,0.20387612040250003,not outlier
MOBEAST044,MOBEAST_T6_K_2024-06-03_0000,T6,Coral,2024-06-03T00:00:00Z,2024-06-03,00:00:00,Table 2,2024-06-03,00:00:00,2024-06-03,NH3,1.060700802,0.27196378619999995,0.7887370158,0.22148024569999997,1.1826011090500002,0.9611208633500001,not outlier
MOBEAST044,MOBEAST_T6_K_2024-06-03_0000,T6,Coral,2024-06-03T00:00:00Z,2024-06-03,00:00:00,Table 2,2024-06-03,00:00:00,2024-06-03,NO3,0.7378136396,0.1898654807000001,0.5479481588999999,-1.2796675716,-0.0811984719249999,1.1984690996750003,not outlier
MOBEAST045,MOBEAST_T7_K_2024-06-03_0000,T7,Coral,2024-06-03T00:00:00Z,2024-06-03,00:00:00,Table 2,2024-06-03,00:00:00,2024-06-03,N_N,0.516,-0.22699999999999998,0.743,-1.0454999999999999,-0.12549999999999997,0.9199999999999999,not outlier
MOBEAST045,MOBEAST_T7_K_2024-06-03_0000,T7,Coral,2024-06-03T00:00:00Z,2024-06-03,00:00:00,Table 2,2024-06-03,00:00:00,2024-06-03,NO2,0.1396049639,-0.05544687720000002,0.1950518411,-0.022010829825000015,0.14434626460000002,0.16635709442500005,not outlier
MOBEAST045,MOBEAST_T7_K_2024-06-03_0000,T7,Coral,2024-06-03T00:00:00Z,2024-06-03,00:00:00,Table 2,2024-06-03,00:00:00,2024-06-03,PO4,0.1391476046,0.0631803487,0.0759672559,0.007121930232499997,0.042354487675,0.0352325574425,not outlier
MOBEAST045,MOBEAST_T7_K_2024-06-03_0000,T7,Coral,2024-06-03T00:00:00Z,2024-06-03,00:00:00,Table 2,2024-06-03,00:00:00,2024-06-03,SiO2,0.01,-0.12192994,0.13192994,-0.0940915632025,0.10978455720000004,0.20387612040250003,not outlier
MOBEAST045,MOBEAST_T7_K_2024-06-03_0000,T7,Coral,2024-06-03T00:00:00Z,2024-06-03,00:00:00,Table 2,2024-06-03,00:00:00,2024-06-03,NH3,0.85876664,0.07002962420000003,0.7887370158,0.22148024569999997,1.1826011090500002,0.9611208633500001,not outlier
MOBEAST045,MOBEAST_T7_K_2024-06-03_0000,T7,Coral,2024-06-03T00:00:00Z,2024-06-03,00:00:00,Table 2,2024-06-03,00:00:00,2024-06-03,NO3,0.3763950361,-0.1715531227999999,0.5479481588999999,-1.2796675716,-0.0811984719249999,1.1984690996750003,not outlier
MOBEAST046,MOBEAST_T8_C_2024-06-03_0000,T8,Control,2024-06-03T00:00:00Z,2024-06-03,00:00:00,Table 1,2024-06-03,00:00:00,2024-06-03,N_N,1.644,-1.269,2.913,-1.28825,-0.3959999999999999,0.89225,not outlier
MOBEAST046,MOBEAST_T8_C_2024-06-03_0000,T8,Control,2024-06-03T00:00:00Z,2024-06-03,00:00:00,Table 1,2024-06-03,00:00:00,2024-06-03,NO2,0.2637348493,0.09555037860000001,0.1681844707,0.083302018575,0.16866189335,0.08535987477500001,not outlier
MOBEAST046,MOBEAST_T8_C_2024-06-03_0000,T8,Control,2024-06-03T00:00:00Z,2024-06-03,00:00:00,Table 1,2024-06-03,00:00:00,2024-06-03,PO4,0.1527229806,0.010867157099999997,0.1418558235,-0.021451493865,0.019643157774999996,0.04109465163999999,not outlier
MOBEAST046,MOBEAST_T8_C_2024-06-03_0000,T8,Control,2024-06-03T00:00:00Z,2024-06-03,00:00:00,Table 1,2024-06-03,00:00:00,2024-06-03,SiO2,0.2506668861,0.052771976,0.1978949101,0.114967519175,0.18611545115,0.071147931975,not outlier
MOBEAST046,MOBEAST_T8_C_2024-06-03_0000,T8,Control,2024-06-03T00:00:00Z,2024-06-03,00:00:00,Table 1,2024-06-03,00:00:00,2024-06-03,NH3,1.783443515,0.7837769348000001,0.9996665802,0.6380430168000001,2.9277300959000003,2.2896870791,not outlier
MOBEAST046,MOBEAST_T8_C_2024-06-03_0000,T8,Control,2024-06-03T00:00:00Z,2024-06-03,00:00:00,Table 1,2024-06-03,00:00:00,2024-06-03,NO3,1.3802651506999999,-1.3645503786,2.7448155293,-1.4202655903,-0.5159483216249998,0.9043172686750003,not outlier
MOBEAST047,MOBEAST_T9_K_2024-06-03_0000,T9,Coral,2024-06-03T00:00:00Z,2024-06-03,00:00:00,Table 1,2024-06-03,00:00:00,2024-06-03,N_N,1.284,-1.6289999999999998,2.913,-1.0454999999999999,-0.12549999999999997,0.9199999999999999,not outlier
MOBEAST047,MOBEAST_T9_K_2024-06-03_0000,T9,Coral,2024-06-03T00:00:00Z,2024-06-03,00:00:00,Table 1,2024-06-03,00:00:00,2024-06-03,NO2,0.2676200818,0.09943561110000002,0.1681844707,-0.022010829825000015,0.14434626460000002,0.16635709442500005,not outlier
MOBEAST047,MOBEAST_T9_K_2024-06-03_0000,T9,Coral,2024-06-03T00:00:00Z,2024-06-03,00:00:00,Table 1,2024-06-03,00:00:00,2024-06-03,PO4,0.1043178518,-0.037537971700000006,0.1418558235,0.007121930232499997,0.042354487675,0.0352325574425,not outlier
MOBEAST047,MOBEAST_T9_K_2024-06-03_0000,T9,Coral,2024-06-03T00:00:00Z,2024-06-03,00:00:00,Table 1,2024-06-03,00:00:00,2024-06-03,SiO2,0.2845917278,0.08669681770000004,0.1978949101,-0.0940915632025,0.10978455720000004,0.20387612040250003,not outlier
MOBEAST047,MOBEAST_T9_K_2024-06-03_0000,T9,Coral,2024-06-03T00:00:00Z,2024-06-03,00:00:00,Table 1,2024-06-03,00:00:00,2024-06-03,NH3,2.552256136,1.5525895558,0.9996665802,0.22148024569999997,1.1826011090500002,0.9611208633500001,not outlier
MOBEAST047,MOBEAST_T9_K_2024-06-03_0000,T9,Coral,2024-06-03T00:00:00Z,2024-06-03,00:00:00,Table 1,2024-06-03,00:00:00,2024-06-03,NO3,1.0163799182,-1.7284356110999999,2.7448155293,-1.2796675716,-0.0811984719249999,1.1984690996750003,not outlier
MOBEAST048,MOBEAST_T10_R_2024-06-03_0000,T10,CCA,2024-06-03T00:00:00Z,2024-06-03,00:00:00,Table 1,2024-06-03,00:00:00,2024-06-03,N_N,1.821,-1.0919999999999999,2.913,-1.21925,0.3365000000000001,1.55575,not outlier
MOBEAST048,MOBEAST_T10_R_2024-06-03_0000,T10,CCA,2024-06-03T00:00:00Z,2024-06-03,00:00:00,Table 1,2024-06-03,00:00:00,2024-06-03,NO2,0.2442428355,0.0760583648,0.1681844707,-0.029781294750000003,0.07956495175,0.10934624650000001,not outlier
MOBEAST048,MOBEAST_T10_R_2024-06-03_0000,T10,CCA,2024-06-03T00:00:00Z,2024-06-03,00:00:00,Table 1,2024-06-03,00:00:00,2024-06-03,PO4,0.1335254791,-0.008330344399999995,0.1418558235,-0.002005453249999997,0.012713004324999996,0.014718457574999993,not outlier
MOBEAST048,MOBEAST_T10_R_2024-06-03_0000,T10,CCA,2024-06-03T00:00:00Z,2024-06-03,00:00:00,Table 1,2024-06-03,00:00:00,2024-06-03,SiO2,0.2393586055,0.0414636954,0.1978949101,-0.09267802813,0.025914809625,0.11859283775500001,not outlier
MOBEAST048,MOBEAST_T10_R_2024-06-03_0000,T10,CCA,2024-06-03T00:00:00Z,2024-06-03,00:00:00,Table 1,2024-06-03,00:00:00,2024-06-03,NH3,1.468436309,0.4687697288000001,0.9996665802,0.3578194329750001,1.0492463774,0.691426944425,not outlier
MOBEAST048,MOBEAST_T10_R_2024-06-03_0000,T10,CCA,2024-06-03T00:00:00Z,2024-06-03,00:00:00,Table 1,2024-06-03,00:00:00,2024-06-03,NO3,1.5767571645,-1.1680583647999998,2.7448155293,-1.2988149517499998,0.3852812947500001,1.6840962465,not outlier
MOBEAST049,MOBEAST_T11_C_2024-06-03_0000,T11,Control,2024-06-03T00:00:00Z,2024-06-03,00:00:00,Table 1,2024-06-03,00:00:00,2024-06-03,N_N,1.869,-1.0439999999999998,2.913,-1.28825,-0.3959999999999999,0.89225,not outlier
MOBEAST049,MOBEAST_T11_C_2024-06-03_0000,T11,Control,2024-06-03T00:00:00Z,2024-06-03,00:00:00,Table 1,2024-06-03,00:00:00,2024-06-03,NO2,0.3125965867,0.144412116,0.1681844707,0.083302018575,0.16866189335,0.08535987477500001,not outlier
MOBEAST049,MOBEAST_T11_C_2024-06-03_0000,T11,Control,2024-06-03T00:00:00Z,2024-06-03,00:00:00,Table 1,2024-06-03,00:00:00,2024-06-03,PO4,0.09389635104,-0.04795947246,0.1418558235,-0.021451493865,0.019643157774999996,0.04109465163999999,not outlier
MOBEAST049,MOBEAST_T11_C_2024-06-03_0000,T11,Control,2024-06-03T00:00:00Z,2024-06-03,00:00:00,Table 1,2024-06-03,00:00:00,2024-06-03,SiO2,0.4278299484,0.2299350383,0.1978949101,0.114967519175,0.18611545115,0.071147931975,not outlier
MOBEAST049,MOBEAST_T11_C_2024-06-03_0000,T11,Control,2024-06-03T00:00:00Z,2024-06-03,00:00:00,Table 1,2024-06-03,00:00:00,2024-06-03,NH3,1.200507843,0.20084126280000003,0.9996665802,0.6380430168000001,2.9277300959000003,2.2896870791,not outlier
MOBEAST049,MOBEAST_T11_C_2024-06-03_0000,T11,Control,2024-06-03T00:00:00Z,2024-06-03,00:00:00,Table 1,2024-06-03,00:00:00,2024-06-03,NO3,1.5564034133,-1.1884121159999999,2.7448155293,-1.4202655903,-0.5159483216249998,0.9043172686750003,not outlier
MOBEAST050,MOBEAST_T12_R_2024-06-03_0000,T12,CCA,2024-06-03T00:00:00Z,2024-06-03,00:00:00,Table 1,2024-06-03,00:00:00,2024-06-03,N_N,1.312,-1.6009999999999998,2.913,-1.21925,0.3365000000000001,1.55575,not outlier
MOBEAST050,MOBEAST_T12_R_2024-06-03_0000,T12,CCA,2024-06-03T00:00:00Z,2024-06-03,00:00:00,Table 1,2024-06-03,00:00:00,2024-06-03,NO2,0.2582691833,0.09008471259999998,0.1681844707,-0.029781294750000003,0.07956495175,0.10934624650000001,not outlier
MOBEAST050,MOBEAST_T12_R_2024-06-03_0000,T12,CCA,2024-06-03T00:00:00Z,2024-06-03,00:00:00,Table 1,2024-06-03,00:00:00,2024-06-03,PO4,0.1419586673,1.0284380000000204e-4,0.1418558235,-0.002005453249999997,0.012713004324999996,0.014718457574999993,not outlier
MOBEAST050,MOBEAST_T12_R_2024-06-03_0000,T12,CCA,2024-06-03T00:00:00Z,2024-06-03,00:00:00,Table 1,2024-06-03,00:00:00,2024-06-03,SiO2,0.2186267578,0.0207318477,0.1978949101,-0.09267802813,0.025914809625,0.11859283775500001,not outlier
MOBEAST050,MOBEAST_T12_R_2024-06-03_0000,T12,CCA,2024-06-03T00:00:00Z,2024-06-03,00:00:00,Table 1,2024-06-03,00:00:00,2024-06-03,NH3,1.906688928,0.9070223477999999,0.9996665802,0.3578194329750001,1.0492463774,0.691426944425,not outlier
MOBEAST050,MOBEAST_T12_R_2024-06-03_0000,T12,CCA,2024-06-03T00:00:00Z,2024-06-03,00:00:00,Table 1,2024-06-03,00:00:00,2024-06-03,NO3,1.0537308167000001,-1.6910847125999997,2.7448155293,-1.2988149517499998,0.3852812947500001,1.6840962465,not outlier
MOBEAST051,MOBEAST_T13_A_2024-06-03_0000,T13,Algae,2024-06-03T00:00:00Z,2024-06-03,00:00:00,Table 1,2024-06-03,00:00:00,2024-06-03,N_N,1.551,-1.3619999999999999,2.913,-1.6704999999999999,-0.9794999999999998,0.6910000000000001,not outlier
MOBEAST051,MOBEAST_T13_A_2024-06-03_0000,T13,Algae,2024-06-03T00:00:00Z,2024-06-03,00:00:00,Table 1,2024-06-03,00:00:00,2024-06-03,NO2,0.6708281922,0.5026437215,0.1681844707,-0.129877772985,0.104818962875,0.23469673586,outlier
MOBEAST051,MOBEAST_T13_A_2024-06-03_0000,T13,Algae,2024-06-03T00:00:00Z,2024-06-03,00:00:00,Table 1,2024-06-03,00:00:00,2024-06-03,PO4,0.08038953749,-0.06146628601000001,0.1418558235,-0.057249691930000006,0.0053478754499999975,0.06259756738,not outlier
MOBEAST051,MOBEAST_T13_A_2024-06-03_0000,T13,Algae,2024-06-03T00:00:00Z,2024-06-03,00:00:00,Table 1,2024-06-03,00:00:00,2024-06-03,SiO2,0.1828172026,-0.015077707499999982,0.1978949101,-0.038165446999999984,0.13711290202499998,0.17527834902499997,not outlier
MOBEAST051,MOBEAST_T13_A_2024-06-03_0000,T13,Algae,2024-06-03T00:00:00Z,2024-06-03,00:00:00,Table 1,2024-06-03,00:00:00,2024-06-03,NH3,1.358221619,0.35855503880000006,0.9996665802,0.157797844975,0.6876648483000001,0.5298670033250001,not outlier
MOBEAST051,MOBEAST_T13_A_2024-06-03_0000,T13,Algae,2024-06-03T00:00:00Z,2024-06-03,00:00:00,Table 1,2024-06-03,00:00:00,2024-06-03,NO3,0.8801718077999999,-1.8646437214999998,2.7448155293,-1.9332854686249998,-0.938001095205,0.9952843734199999,not outlier
MOBEAST052,MOBEAST_T14_A_2024-06-03_0000,T14,Algae,2024-06-03T00:00:00Z,2024-06-03,00:00:00,Table 1,2024-06-03,00:00:00,2024-06-03,N_N,1.408,-1.505,2.913,-1.6704999999999999,-0.9794999999999998,0.6910000000000001,not outlier
MOBEAST052,MOBEAST_T14_A_2024-06-03_0000,T14,Algae,2024-06-03T00:00:00Z,2024-06-03,00:00:00,Table 1,2024-06-03,00:00:00,2024-06-03,NO2,0.01,-0.1581844707,0.1681844707,-0.129877772985,0.104818962875,0.23469673586,not outlier
MOBEAST052,MOBEAST_T14_A_2024-06-03_0000,T14,Algae,2024-06-03T00:00:00Z,2024-06-03,00:00:00,Table 1,2024-06-03,00:00:00,2024-06-03,PO4,0.1251608535,-0.016694970000000003,0.1418558235,-0.057249691930000006,0.0053478754499999975,0.06259756738,not outlier
MOBEAST052,MOBEAST_T14_A_2024-06-03_0000,T14,Algae,2024-06-03T00:00:00Z,2024-06-03,00:00:00,Table 1,2024-06-03,00:00:00,2024-06-03,SiO2,0.373173259,0.1752783489,0.1978949101,-0.038165446999999984,0.13711290202499998,0.17527834902499997,not outlier
MOBEAST052,MOBEAST_T14_A_2024-06-03_0000,T14,Algae,2024-06-03T00:00:00Z,2024-06-03,00:00:00,Table 1,2024-06-03,00:00:00,2024-06-03,NH3,2.674660857,1.6749942768000001,0.9996665802,0.157797844975,0.6876648483000001,0.5298670033250001,outlier
MOBEAST052,MOBEAST_T14_A_2024-06-03_0000,T14,Algae,2024-06-03T00:00:00Z,2024-06-03,00:00:00,Table 1,2024-06-03,00:00:00,2024-06-03,NO3,1.398,-1.3468155293,2.7448155293,-1.9332854686249998,-0.938001095205,0.9952843734199999,not outlier
MOBEAST053,MOBEAST_T15_C_2024-06-03_0000,T15,Control,2024-06-03T00:00:00Z,2024-06-03,00:00:00,Table 1,2024-06-03,00:00:00,2024-06-03,N_N,1.567,-1.3459999999999999,2.913,-1.28825,-0.3959999999999999,0.89225,not outlier
MOBEAST053,MOBEAST_T15_C_2024-06-03_0000,T15,Control,2024-06-03T00:00:00Z,2024-06-03,00:00:00,Table 1,2024-06-03,00:00:00,2024-06-03,NO2,0.4095956961,0.2414112254,0.1681844707,0.083302018575,0.16866189335,0.08535987477500001,not outlier
MOBEAST053,MOBEAST_T15_C_2024-06-03_0000,T15,Control,2024-06-03T00:00:00Z,2024-06-03,00:00:00,Table 1,2024-06-03,00:00:00,2024-06-03,PO4,0.1292403225,-0.012615501000000001,0.1418558235,-0.021451493865,0.019643157774999996,0.04109465163999999,not outlier
MOBEAST053,MOBEAST_T15_C_2024-06-03_0000,T15,Control,2024-06-03T00:00:00Z,2024-06-03,00:00:00,Table 1,2024-06-03,00:00:00,2024-06-03,SiO2,0.333594277,0.1356993669,0.1978949101,0.114967519175,0.18611545115,0.071147931975,not outlier
MOBEAST053,MOBEAST_T15_C_2024-06-03_0000,T15,Control,2024-06-03T00:00:00Z,2024-06-03,00:00:00,Table 1,2024-06-03,00:00:00,2024-06-03,NH3,3.106776425,2.1071098448,0.9996665802,0.6380430168000001,2.9277300959000003,2.2896870791,not outlier
MOBEAST053,MOBEAST_T15_C_2024-06-03_0000,T15,Control,2024-06-03T00:00:00Z,2024-06-03,00:00:00,Table 1,2024-06-03,00:00:00,2024-06-03,NO3,1.1574043039,-1.5874112254,2.7448155293,-1.4202655903,-0.5159483216249998,0.9043172686750003,not outlier
MOBEAST054,MOBEAST_T16_K_2024-06-03_0000,T16,Coral,2024-06-03T00:00:00Z,2024-06-03,00:00:00,Table 1,2024-06-03,00:00:00,2024-06-03,N_N,2.062,-0.851,2.913,-1.0454999999999999,-0.12549999999999997,0.9199999999999999,not outlier
MOBEAST054,MOBEAST_T16_K_2024-06-03_0000,T16,Coral,2024-06-03T00:00:00Z,2024-06-03,00:00:00,Table 1,2024-06-03,00:00:00,2024-06-03,NO2,0.4472626958,0.2790782251,0.1681844707,-0.022010829825000015,0.14434626460000002,0.16635709442500005,not outlier
MOBEAST054,MOBEAST_T16_K_2024-06-03_0000,T16,Coral,2024-06-03T00:00:00Z,2024-06-03,00:00:00,Table 1,2024-06-03,00:00:00,2024-06-03,PO4,0.1772683575,0.035412533999999996,0.1418558235,0.007121930232499997,0.042354487675,0.0352325574425,not outlier
MOBEAST054,MOBEAST_T16_K_2024-06-03_0000,T16,Coral,2024-06-03T00:00:00Z,2024-06-03,00:00:00,Table 1,2024-06-03,00:00:00,2024-06-03,SiO2,0.3769426858,0.17904777570000002,0.1978949101,-0.0940915632025,0.10978455720000004,0.20387612040250003,not outlier
MOBEAST054,MOBEAST_T16_K_2024-06-03_0000,T16,Coral,2024-06-03T00:00:00Z,2024-06-03,00:00:00,Table 1,2024-06-03,00:00:00,2024-06-03,NH3,2.058938207,1.0592716268000002,0.9996665802,0.22148024569999997,1.1826011090500002,0.9611208633500001,not outlier
MOBEAST054,MOBEAST_T16_K_2024-06-03_0000,T16,Coral,2024-06-03T00:00:00Z,2024-06-03,00:00:00,Table 1,2024-06-03,00:00:00,2024-06-03,NO3,1.6147373041999997,-1.1300782251000001,2.7448155293,-1.2796675716,-0.0811984719249999,1.1984690996750003,not outlier
MOBEAST055,MOBEAST_F1_Inflow_2024-06-03_0600,F1,Inflow,2024-06-03T06:00:00Z,2024-06-03,06:00:00,Table 1,2024-06-03,06:00:00,2024-06-03 06:00:00,N_N,1.632,0,1.632,0,0,0,not outlier
MOBEAST055,MOBEAST_F1_Inflow_2024-06-03_0600,F1,Inflow,2024-06-03T06:00:00Z,2024-06-03,06:00:00,Table 1,2024-06-03,06:00:00,2024-06-03 06:00:00,NO2,0.5711291755,0,0.5711291755,0,0,0,not outlier
MOBEAST055,MOBEAST_F1_Inflow_2024-06-03_0600,F1,Inflow,2024-06-03T06:00:00Z,2024-06-03,06:00:00,Table 1,2024-06-03,06:00:00,2024-06-03 06:00:00,PO4,0.2017794532,0,0.2017794532,0,0,0,not outlier
MOBEAST055,MOBEAST_F1_Inflow_2024-06-03_0600,F1,Inflow,2024-06-03T06:00:00Z,2024-06-03,06:00:00,Table 1,2024-06-03,06:00:00,2024-06-03 06:00:00,SiO2,0.5559904616,0,0.5559904616,0,0,0,not outlier
MOBEAST055,MOBEAST_F1_Inflow_2024-06-03_0600,F1,Inflow,2024-06-03T06:00:00Z,2024-06-03,06:00:00,Table 1,2024-06-03,06:00:00,2024-06-03 06:00:00,NH3,20.20552221,0,20.20552221,0,0,0,not outlier
MOBEAST055,MOBEAST_F1_Inflow_2024-06-03_0600,F1,Inflow,2024-06-03T06:00:00Z,2024-06-03,06:00:00,Table 1,2024-06-03,06:00:00,2024-06-03 06:00:00,NO3,1.0608708244999998,0,1.0608708244999998,0,0,0,not outlier
MOBEAST056,MOBEAST_F2_Inflow_2024-06-03_0600,F2,Inflow,2024-06-03T06:00:00Z,2024-06-03,06:00:00,Table 2,2024-06-03,06:00:00,2024-06-03 06:00:00,N_N,0.593,0,0.593,0,0,0,not outlier
MOBEAST056,MOBEAST_F2_Inflow_2024-06-03_0600,F2,Inflow,2024-06-03T06:00:00Z,2024-06-03,06:00:00,Table 2,2024-06-03,06:00:00,2024-06-03 06:00:00,NO2,0.8064820723,0,0.8064820723,0,0,0,not outlier
MOBEAST056,MOBEAST_F2_Inflow_2024-06-03_0600,F2,Inflow,2024-06-03T06:00:00Z,2024-06-03,06:00:00,Table 2,2024-06-03,06:00:00,2024-06-03 06:00:00,PO4,0.077,0,0.077,0,0,0,not outlier
MOBEAST056,MOBEAST_F2_Inflow_2024-06-03_0600,F2,Inflow,2024-06-03T06:00:00Z,2024-06-03,06:00:00,Table 2,2024-06-03,06:00:00,2024-06-03 06:00:00,SiO2,0.6389178525,0,0.6389178525,0,0,0,not outlier
MOBEAST056,MOBEAST_F2_Inflow_2024-06-03_0600,F2,Inflow,2024-06-03T06:00:00Z,2024-06-03,06:00:00,Table 2,2024-06-03,06:00:00,2024-06-03 06:00:00,NH3,3.328466844,0,3.328466844,0,0,0,not outlier
MOBEAST056,MOBEAST_F2_Inflow_2024-06-03_0600,F2,Inflow,2024-06-03T06:00:00Z,2024-06-03,06:00:00,Table 2,2024-06-03,06:00:00,2024-06-03 06:00:00,NO3,-0.21348207230000005,0,-0.21348207230000005,0,0,0,not outlier
MOBEAST057,MOBEAST_T1_A_2024-06-03_0600,T1,Algae,2024-06-03T06:00:00Z,2024-06-03,06:00:00,Table 1,2024-06-03,06:00:00,2024-06-03 06:00:00,N_N,0.732,-0.8999999999999999,1.632,-1.3769999999999998,-0.7787499999999999,0.5982499999999998,not outlier
MOBEAST057,MOBEAST_T1_A_2024-06-03_0600,T1,Algae,2024-06-03T06:00:00Z,2024-06-03,06:00:00,Table 1,2024-06-03,06:00:00,2024-06-03 06:00:00,NO2,0.31463798,-0.2564911955,0.5711291755,-0.59810238241,-0.48496968049999994,0.11313270191000008,outlier
MOBEAST057,MOBEAST_T1_A_2024-06-03_0600,T1,Algae,2024-06-03T06:00:00Z,2024-06-03,06:00:00,Table 1,2024-06-03,06:00:00,2024-06-03 06:00:00,PO4,0.1270463224,-0.07473313079999999,0.2017794532,-0.12252945319999999,-0.056049848099999994,0.06647960509999999,not outlier
MOBEAST057,MOBEAST_T1_A_2024-06-03_0600,T1,Algae,2024-06-03T06:00:00Z,2024-06-03,06:00:00,Table 1,2024-06-03,06:00:00,2024-06-03 06:00:00,SiO2,0.6276095719,0.07161911030000001,0.5559904616,-0.5459904616,0.07161911030000001,0.6176095719,not outlier
MOBEAST057,MOBEAST_T1_A_2024-06-03_0600,T1,Algae,2024-06-03T06:00:00Z,2024-06-03,06:00:00,Table 1,2024-06-03,06:00:00,2024-06-03 06:00:00,NH3,2.610684213,-17.594837997000003,20.20552221,-20.12052221,-13.455460890500003,6.665061319499998,not outlier
MOBEAST057,MOBEAST_T1_A_2024-06-03_0600,T1,Algae,2024-06-03T06:00:00Z,2024-06-03,06:00:00,Table 1,2024-06-03,06:00:00,2024-06-03 06:00:00,NO3,0.41736202,-0.6435088044999998,1.0608708244999998,-0.8158708244999998,-0.4091261025899999,0.40674472190999994,not outlier
MOBEAST058,MOBEAST_T2_R_2024-06-03_0600,T2,CCA,2024-06-03T06:00:00Z,2024-06-03,06:00:00,Table 2,2024-06-03,06:00:00,2024-06-03 06:00:00,N_N,0.418,-0.175,0.593,-1.047,-0.10199999999999998,0.945,not outlier
MOBEAST058,MOBEAST_T2_R_2024-06-03_0600,T2,CCA,2024-06-03T06:00:00Z,2024-06-03,06:00:00,Table 2,2024-06-03,06:00:00,2024-06-03 06:00:00,NO2,0.3453247315,-0.46115734080000004,0.8064820723,-0.6199673996999999,-0.5361362168249999,0.08383118287500002,not outlier
MOBEAST058,MOBEAST_T2_R_2024-06-03_0600,T2,CCA,2024-06-03T06:00:00Z,2024-06-03,06:00:00,Table 2,2024-06-03,06:00:00,2024-06-03 06:00:00,PO4,0.141924386,0.06492438600000001,0.077,-0.10752945319999999,0.016231096500000004,0.12376054969999999,not outlier
MOBEAST058,MOBEAST_T2_R_2024-06-03_0600,T2,CCA,2024-06-03T06:00:00Z,2024-06-03,06:00:00,Table 2,2024-06-03,06:00:00,2024-06-03 06:00:00,SiO2,0.2600904532,-0.3788273993,0.6389178525,-0.556722309325,-0.47419969602499995,0.08252261330000005,not outlier
MOBEAST058,MOBEAST_T2_R_2024-06-03_0600,T2,CCA,2024-06-03T06:00:00Z,2024-06-03,06:00:00,Table 2,2024-06-03,06:00:00,2024-06-03 06:00:00,NH3,3.806904529,0.4784376850000003,3.328466844,-19.935522210000002,-2.18174071175,17.753781498250003,not outlier
MOBEAST058,MOBEAST_T2_R_2024-06-03_0600,T2,CCA,2024-06-03T06:00:00Z,2024-06-03,06:00:00,Table 2,2024-06-03,06:00:00,2024-06-03 06:00:00,NO3,0.0726752685,0.28615734080000005,-0.21348207230000005,-0.4858708244999998,0.4429885236750001,0.9288593481749998,not outlier
MOBEAST059,MOBEAST_T3_C_2024-06-03_0600,T3,Control,2024-06-03T06:00:00Z,2024-06-03,06:00:00,Table 2,2024-06-03,06:00:00,2024-06-03 06:00:00,N_N,1.501,0.9079999999999999,0.593,-0.8694999999999999,-0.03699999999999992,0.8325,not outlier
MOBEAST059,MOBEAST_T3_C_2024-06-03_0600,T3,Control,2024-06-03T06:00:00Z,2024-06-03,06:00:00,Table 2,2024-06-03,06:00:00,2024-06-03 06:00:00,NO2,0.6622016591,-0.14428041320000007,0.8064820723,-0.5161291755,-0.404416984925,0.11171219057500004,outlier
MOBEAST059,MOBEAST_T3_C_2024-06-03_0600,T3,Control,2024-06-03T06:00:00Z,2024-06-03,06:00:00,Table 2,2024-06-03,06:00:00,2024-06-03 06:00:00,PO4,0.1634187314,0.08641873139999999,0.077,-0.10427945319999998,-0.054729907049999985,0.04954954615,outlier
MOBEAST059,MOBEAST_T3_C_2024-06-03_0600,T3,Control,2024-06-03T06:00:00Z,2024-06-03,06:00:00,Table 2,2024-06-03,06:00:00,2024-06-03 06:00:00,SiO2,0.1922407698,-0.4466770827,0.6389178525,-0.471505427425,-0.3984904616,0.073014965825,not outlier
MOBEAST059,MOBEAST_T3_C_2024-06-03_0600,T3,Control,2024-06-03T06:00:00Z,2024-06-03,06:00:00,Table 2,2024-06-03,06:00:00,2024-06-03 06:00:00,NH3,20.02477348,16.696306636,3.328466844,-19.883022210000004,-10.6500649985,9.232957211500004,outlier
MOBEAST059,MOBEAST_T3_C_2024-06-03_0600,T3,Control,2024-06-03T06:00:00Z,2024-06-03,06:00:00,Table 2,2024-06-03,06:00:00,2024-06-03 06:00:00,NO3,0.8387983408999999,1.0522804132,-0.21348207230000005,-0.3758708244999998,0.4199169849250002,0.7957878094249999,not outlier
MOBEAST060,MOBEAST_T4_A_2024-06-03_0600,T4,Algae,2024-06-03T06:00:00Z,2024-06-03,06:00:00,Table 2,2024-06-03,06:00:00,2024-06-03 06:00:00,N_N,0.178,-0.415,0.593,-1.3769999999999998,-0.7787499999999999,0.5982499999999998,not outlier
MOBEAST060,MOBEAST_T4_A_2024-06-03_0600,T4,Algae,2024-06-03T06:00:00Z,2024-06-03,06:00:00,Table 2,2024-06-03,06:00:00,2024-06-03 06:00:00,NO2,0.09746006916,-0.7090220031400001,0.8064820723,-0.59810238241,-0.48496968049999994,0.11313270191000008,not outlier
MOBEAST060,MOBEAST_T4_A_2024-06-03_0600,T4,Algae,2024-06-03T06:00:00Z,2024-06-03,06:00:00,Table 2,2024-06-03,06:00:00,2024-06-03 06:00:00,PO4,0.077,0,0.077,-0.12252945319999999,-0.056049848099999994,0.06647960509999999,not outlier
MOBEAST060,MOBEAST_T4_A_2024-06-03_0600,T4,Algae,2024-06-03T06:00:00Z,2024-06-03,06:00:00,Table 2,2024-06-03,06:00:00,2024-06-03 06:00:00,SiO2,0.7105369628,0.07161911030000001,0.6389178525,-0.5459904616,0.07161911030000001,0.6176095719,not outlier
MOBEAST060,MOBEAST_T4_A_2024-06-03_0600,T4,Algae,2024-06-03T06:00:00Z,2024-06-03,06:00:00,Table 2,2024-06-03,06:00:00,2024-06-03 06:00:00,NH3,2.291137273,-1.037329571,3.328466844,-20.12052221,-13.455460890500003,6.665061319499998,outlier
MOBEAST060,MOBEAST_T4_A_2024-06-03_0600,T4,Algae,2024-06-03T06:00:00Z,2024-06-03,06:00:00,Table 2,2024-06-03,06:00:00,2024-06-03 06:00:00,NO3,0.08053993084,0.29402200314000004,-0.21348207230000005,-0.8158708244999998,-0.4091261025899999,0.40674472190999994,outlier
MOBEAST061,MOBEAST_T5_R_2024-06-03_0600,T5,CCA,2024-06-03T06:00:00Z,2024-06-03,06:00:00,Table 2,2024-06-03,06:00:00,2024-06-03 06:00:00,N_N,0.71,0.11699999999999999,0.593,-1.047,-0.10199999999999998,0.945,not outlier
MOBEAST061,MOBEAST_T5_R_2024-06-03_0600,T5,CCA,2024-06-03T06:00:00Z,2024-06-03,06:00:00,Table 2,2024-06-03,06:00:00,2024-06-03 06:00:00,NO2,0.01,-0.7964820723,0.8064820723,-0.6199673996999999,-0.5361362168249999,0.08383118287500002,outlier
MOBEAST061,MOBEAST_T5_R_2024-06-03_0600,T5,CCA,2024-06-03T06:00:00Z,2024-06-03,06:00:00,Table 2,2024-06-03,06:00:00,2024-06-03 06:00:00,PO4,0.077,0,0.077,-0.10752945319999999,0.016231096500000004,0.12376054969999999,not outlier
MOBEAST061,MOBEAST_T5_R_2024-06-03_0600,T5,CCA,2024-06-03T06:00:00Z,2024-06-03,06:00:00,Table 2,2024-06-03,06:00:00,2024-06-03 06:00:00,SiO2,0.05,-0.5889178525,0.6389178525,-0.556722309325,-0.47419969602499995,0.08252261330000005,not outlier
MOBEAST061,MOBEAST_T5_R_2024-06-03_0600,T5,CCA,2024-06-03T06:00:00Z,2024-06-03,06:00:00,Table 2,2024-06-03,06:00:00,2024-06-03 06:00:00,NH3,0.26,-3.0684668439999996,3.328466844,-19.935522210000002,-2.18174071175,17.753781498250003,not outlier
MOBEAST061,MOBEAST_T5_R_2024-06-03_0600,T5,CCA,2024-06-03T06:00:00Z,2024-06-03,06:00:00,Table 2,2024-06-03,06:00:00,2024-06-03 06:00:00,NO3,0.7,0.9134820723,-0.21348207230000005,-0.4858708244999998,0.4429885236750001,0.9288593481749998,not outlier
MOBEAST062,MOBEAST_T6_K_2024-06-03_0600,T6,Coral,2024-06-03T06:00:00Z,2024-06-03,06:00:00,Table 2,2024-06-03,06:00:00,2024-06-03 06:00:00,N_N,1.56,0.9670000000000001,0.593,-0.9569999999999999,0.11200000000000004,1.069,not outlier
MOBEAST062,MOBEAST_T6_K_2024-06-03_0600,T6,Coral,2024-06-03T06:00:00Z,2024-06-03,06:00:00,Table 2,2024-06-03,06:00:00,2024-06-03 06:00:00,NO2,0.01,-0.7964820723,0.8064820723,-0.7964820723,-0.5611291755,0.23535289680000004,not outlier
MOBEAST062,MOBEAST_T6_K_2024-06-03_0600,T6,Coral,2024-06-03T06:00:00Z,2024-06-03,06:00:00,Table 2,2024-06-03,06:00:00,2024-06-03 06:00:00,PO4,0.08,0.0030000000000000027,0.077,-0.09677945319999999,0.010500000000000002,0.10727945319999999,not outlier
MOBEAST062,MOBEAST_T6_K_2024-06-03_0600,T6,Coral,2024-06-03T06:00:00Z,2024-06-03,06:00:00,Table 2,2024-06-03,06:00:00,2024-06-03 06:00:00,SiO2,0.11,-0.5289178525,0.6389178525,-0.546722309325,-0.505686004775,0.04103630454999996,not outlier
MOBEAST062,MOBEAST_T6_K_2024-06-03_0600,T6,Coral,2024-06-03T06:00:00Z,2024-06-03,06:00:00,Table 2,2024-06-03,06:00:00,2024-06-03 06:00:00,NH3,0.6,-2.7284668439999997,3.328466844,-19.993022210000003,-3.1147168439999997,16.878305366000003,not outlier
MOBEAST062,MOBEAST_T6_K_2024-06-03_0600,T6,Coral,2024-06-03T06:00:00Z,2024-06-03,06:00:00,Table 2,2024-06-03,06:00:00,2024-06-03 06:00:00,NO3,1.55,1.7634820723,-0.21348207230000005,-0.39587082449999983,0.9084820723,1.3043528967999998,not outlier
MOBEAST063,MOBEAST_T7_K_2024-06-03_0600,T7,Coral,2024-06-03T06:00:00Z,2024-06-03,06:00:00,Table 2,2024-06-03,06:00:00,2024-06-03 06:00:00,N_N,0.42,-0.173,0.593,-0.9569999999999999,0.11200000000000004,1.069,not outlier
MOBEAST063,MOBEAST_T7_K_2024-06-03_0600,T7,Coral,2024-06-03T06:00:00Z,2024-06-03,06:00:00,Table 2,2024-06-03,06:00:00,2024-06-03 06:00:00,NO2,0.01,-0.7964820723,0.8064820723,-0.7964820723,-0.5611291755,0.23535289680000004,not outlier
MOBEAST063,MOBEAST_T7_K_2024-06-03_0600,T7,Coral,2024-06-03T06:00:00Z,2024-06-03,06:00:00,Table 2,2024-06-03,06:00:00,2024-06-03 06:00:00,PO4,0.11,0.033,0.077,-0.09677945319999999,0.010500000000000002,0.10727945319999999,not outlier
MOBEAST063,MOBEAST_T7_K_2024-06-03_0600,T7,Coral,2024-06-03T06:00:00Z,2024-06-03,06:00:00,Table 2,2024-06-03,06:00:00,2024-06-03 06:00:00,SiO2,0.09,-0.5489178525,0.6389178525,-0.546722309325,-0.505686004775,0.04103630454999996,not outlier
MOBEAST063,MOBEAST_T7_K_2024-06-03_0600,T7,Coral,2024-06-03T06:00:00Z,2024-06-03,06:00:00,Table 2,2024-06-03,06:00:00,2024-06-03 06:00:00,NH3,0.085,-3.243466844,3.328466844,-19.993022210000003,-3.1147168439999997,16.878305366000003,not outlier
MOBEAST063,MOBEAST_T7_K_2024-06-03_0600,T7,Coral,2024-06-03T06:00:00Z,2024-06-03,06:00:00,Table 2,2024-06-03,06:00:00,2024-06-03 06:00:00,NO3,0.41,0.6234820723000001,-0.21348207230000005,-0.39587082449999983,0.9084820723,1.3043528967999998,not outlier
MOBEAST064,MOBEAST_T8_C_2024-06-03_0600,T8,Control,2024-06-03T06:00:00Z,2024-06-03,06:00:00,Table 1,2024-06-03,06:00:00,2024-06-03 06:00:00,N_N,0.83,-0.8019999999999999,1.632,-0.8694999999999999,-0.03699999999999992,0.8325,not outlier
MOBEAST064,MOBEAST_T8_C_2024-06-03_0600,T8,Control,2024-06-03T06:00:00Z,2024-06-03,06:00:00,Table 1,2024-06-03,06:00:00,2024-06-03 06:00:00,NO2,0.08,-0.49112917549999996,0.5711291755,-0.5161291755,-0.404416984925,0.11171219057500004,not outlier
MOBEAST064,MOBEAST_T8_C_2024-06-03_0600,T8,Control,2024-06-03T06:00:00Z,2024-06-03,06:00:00,Table 1,2024-06-03,06:00:00,2024-06-03 06:00:00,PO4,0.1,-0.10177945319999998,0.2017794532,-0.10427945319999998,-0.054729907049999985,0.04954954615,not outlier
MOBEAST064,MOBEAST_T8_C_2024-06-03_0600,T8,Control,2024-06-03T06:00:00Z,2024-06-03,06:00:00,Table 1,2024-06-03,06:00:00,2024-06-03 06:00:00,SiO2,0.21,-0.3459904616,0.5559904616,-0.471505427425,-0.3984904616,0.073014965825,not outlier
MOBEAST064,MOBEAST_T8_C_2024-06-03_0600,T8,Control,2024-06-03T06:00:00Z,2024-06-03,06:00:00,Table 1,2024-06-03,06:00:00,2024-06-03 06:00:00,NH3,0.44,-19.76552221,20.20552221,-19.883022210000004,-10.6500649985,9.232957211500004,not outlier
MOBEAST064,MOBEAST_T8_C_2024-06-03_0600,T8,Control,2024-06-03T06:00:00Z,2024-06-03,06:00:00,Table 1,2024-06-03,06:00:00,2024-06-03 06:00:00,NO3,0.75,-0.3108708244999998,1.0608708244999998,-0.3758708244999998,0.4199169849250002,0.7957878094249999,not outlier
MOBEAST065,MOBEAST_T9_K_2024-06-03_0600,T9,Coral,2024-06-03T06:00:00Z,2024-06-03,06:00:00,Table 1,2024-06-03,06:00:00,2024-06-03 06:00:00,N_N,0.48,-1.152,1.632,-0.9569999999999999,0.11200000000000004,1.069,not outlier
MOBEAST065,MOBEAST_T9_K_2024-06-03_0600,T9,Coral,2024-06-03T06:00:00Z,2024-06-03,06:00:00,Table 1,2024-06-03,06:00:00,2024-06-03 06:00:00,NO2,0.01,-0.5611291755,0.5711291755,-0.7964820723,-0.5611291755,0.23535289680000004,not outlier
MOBEAST065,MOBEAST_T9_K_2024-06-03_0600,T9,Coral,2024-06-03T06:00:00Z,2024-06-03,06:00:00,Table 1,2024-06-03,06:00:00,2024-06-03 06:00:00,PO4,0.09,-0.11177945319999999,0.2017794532,-0.09677945319999999,0.010500000000000002,0.10727945319999999,not outlier
MOBEAST065,MOBEAST_T9_K_2024-06-03_0600,T9,Coral,2024-06-03T06:00:00Z,2024-06-03,06:00:00,Table 1,2024-06-03,06:00:00,2024-06-03 06:00:00,SiO2,0.12,-0.4359904616,0.5559904616,-0.546722309325,-0.505686004775,0.04103630454999996,outlier
MOBEAST065,MOBEAST_T9_K_2024-06-03_0600,T9,Coral,2024-06-03T06:00:00Z,2024-06-03,06:00:00,Table 1,2024-06-03,06:00:00,2024-06-03 06:00:00,NH3,0.19,-20.01552221,20.20552221,-19.993022210000003,-3.1147168439999997,16.878305366000003,not outlier
MOBEAST065,MOBEAST_T9_K_2024-06-03_0600,T9,Coral,2024-06-03T06:00:00Z,2024-06-03,06:00:00,Table 1,2024-06-03,06:00:00,2024-06-03 06:00:00,NO3,0.47,-0.5908708244999998,1.0608708244999998,-0.39587082449999983,0.9084820723,1.3043528967999998,not outlier
MOBEAST066,MOBEAST_T10_R_2024-06-03_0600,T10,CCA,2024-06-03T06:00:00Z,2024-06-03,06:00:00,Table 1,2024-06-03,06:00:00,2024-06-03 06:00:00,N_N,0.6,-1.032,1.632,-1.047,-0.10199999999999998,0.945,not outlier
MOBEAST066,MOBEAST_T10_R_2024-06-03_0600,T10,CCA,2024-06-03T06:00:00Z,2024-06-03,06:00:00,Table 1,2024-06-03,06:00:00,2024-06-03 06:00:00,NO2,0.01,-0.5611291755,0.5711291755,-0.6199673996999999,-0.5361362168249999,0.08383118287500002,not outlier
MOBEAST066,MOBEAST_T10_R_2024-06-03_0600,T10,CCA,2024-06-03T06:00:00Z,2024-06-03,06:00:00,Table 1,2024-06-03,06:00:00,2024-06-03 06:00:00,PO4,0.1,-0.10177945319999998,0.2017794532,-0.10752945319999999,0.016231096500000004,0.12376054969999999,not outlier
MOBEAST066,MOBEAST_T10_R_2024-06-03_0600,T10,CCA,2024-06-03T06:00:00Z,2024-06-03,06:00:00,Table 1,2024-06-03,06:00:00,2024-06-03 06:00:00,SiO2,0.05,-0.5059904615999999,0.5559904616,-0.556722309325,-0.47419969602499995,0.08252261330000005,not outlier
MOBEAST066,MOBEAST_T10_R_2024-06-03_0600,T10,CCA,2024-06-03T06:00:00Z,2024-06-03,06:00:00,Table 1,2024-06-03,06:00:00,2024-06-03 06:00:00,NH3,0.21,-19.99552221,20.20552221,-19.935522210000002,-2.18174071175,17.753781498250003,not outlier
MOBEAST066,MOBEAST_T10_R_2024-06-03_0600,T10,CCA,2024-06-03T06:00:00Z,2024-06-03,06:00:00,Table 1,2024-06-03,06:00:00,2024-06-03 06:00:00,NO3,0.59,-0.47087082449999984,1.0608708244999998,-0.4858708244999998,0.4429885236750001,0.9288593481749998,not outlier
MOBEAST067,MOBEAST_T11_C_2024-06-03_0600,T11,Control,2024-06-03T06:00:00Z,2024-06-03,06:00:00,Table 1,2024-06-03,06:00:00,2024-06-03 06:00:00,N_N,0.56,-1.0719999999999998,1.632,-0.8694999999999999,-0.03699999999999992,0.8325,not outlier
MOBEAST067,MOBEAST_T11_C_2024-06-03_0600,T11,Control,2024-06-03T06:00:00Z,2024-06-03,06:00:00,Table 1,2024-06-03,06:00:00,2024-06-03 06:00:00,NO2,0.07,-0.5011291755,0.5711291755,-0.5161291755,-0.404416984925,0.11171219057500004,not outlier
MOBEAST067,MOBEAST_T11_C_2024-06-03_0600,T11,Control,2024-06-03T06:00:00Z,2024-06-03,06:00:00,Table 1,2024-06-03,06:00:00,2024-06-03 06:00:00,PO4,0.09,-0.11177945319999999,0.2017794532,-0.10427945319999998,-0.054729907049999985,0.04954954615,not outlier
MOBEAST067,MOBEAST_T11_C_2024-06-03_0600,T11,Control,2024-06-03T06:00:00Z,2024-06-03,06:00:00,Table 1,2024-06-03,06:00:00,2024-06-03 06:00:00,SiO2,0.14,-0.41599046159999997,0.5559904616,-0.471505427425,-0.3984904616,0.073014965825,not outlier
MOBEAST067,MOBEAST_T11_C_2024-06-03_0600,T11,Control,2024-06-03T06:00:00Z,2024-06-03,06:00:00,Table 1,2024-06-03,06:00:00,2024-06-03 06:00:00,NH3,0.15,-20.055522210000003,20.20552221,-19.883022210000004,-10.6500649985,9.232957211500004,not outlier
MOBEAST067,MOBEAST_T11_C_2024-06-03_0600,T11,Control,2024-06-03T06:00:00Z,2024-06-03,06:00:00,Table 1,2024-06-03,06:00:00,2024-06-03 06:00:00,NO3,0.49000000000000005,-0.5708708244999998,1.0608708244999998,-0.3758708244999998,0.4199169849250002,0.7957878094249999,not outlier
MOBEAST068,MOBEAST_T12_R_2024-06-03_0600,T12,CCA,2024-06-03T06:00:00Z,2024-06-03,06:00:00,Table 1,2024-06-03,06:00:00,2024-06-03 06:00:00,N_N,0.54,-1.0919999999999999,1.632,-1.047,-0.10199999999999998,0.945,not outlier
MOBEAST068,MOBEAST_T12_R_2024-06-03_0600,T12,CCA,2024-06-03T06:00:00Z,2024-06-03,06:00:00,Table 1,2024-06-03,06:00:00,2024-06-03 06:00:00,NO2,0.01,-0.5611291755,0.5711291755,-0.6199673996999999,-0.5361362168249999,0.08383118287500002,not outlier
MOBEAST068,MOBEAST_T12_R_2024-06-03_0600,T12,CCA,2024-06-03T06:00:00Z,2024-06-03,06:00:00,Table 1,2024-06-03,06:00:00,2024-06-03 06:00:00,PO4,0.077,-0.12477945319999999,0.2017794532,-0.10752945319999999,0.016231096500000004,0.12376054969999999,not outlier
MOBEAST068,MOBEAST_T12_R_2024-06-03_0600,T12,CCA,2024-06-03T06:00:00Z,2024-06-03,06:00:00,Table 1,2024-06-03,06:00:00,2024-06-03 06:00:00,SiO2,0.01,-0.5459904616,0.5559904616,-0.556722309325,-0.47419969602499995,0.08252261330000005,not outlier
MOBEAST068,MOBEAST_T12_R_2024-06-03_0600,T12,CCA,2024-06-03T06:00:00Z,2024-06-03,06:00:00,Table 1,2024-06-03,06:00:00,2024-06-03 06:00:00,NH3,0.29,-19.915522210000002,20.20552221,-19.935522210000002,-2.18174071175,17.753781498250003,not outlier
MOBEAST068,MOBEAST_T12_R_2024-06-03_0600,T12,CCA,2024-06-03T06:00:00Z,2024-06-03,06:00:00,Table 1,2024-06-03,06:00:00,2024-06-03 06:00:00,NO3,0.53,-0.5308708244999998,1.0608708244999998,-0.4858708244999998,0.4429885236750001,0.9288593481749998,not outlier
MOBEAST069,MOBEAST_T13_A_2024-06-03_0600,T13,Algae,2024-06-03T06:00:00Z,2024-06-03,06:00:00,Table 1,2024-06-03,06:00:00,2024-06-03 06:00:00,N_N,0.24,-1.392,1.632,-1.3769999999999998,-0.7787499999999999,0.5982499999999998,not outlier
MOBEAST069,MOBEAST_T13_A_2024-06-03_0600,T13,Algae,2024-06-03T06:00:00Z,2024-06-03,06:00:00,Table 1,2024-06-03,06:00:00,2024-06-03 06:00:00,NO2,0.01,-0.5611291755,0.5711291755,-0.59810238241,-0.48496968049999994,0.11313270191000008,not outlier
MOBEAST069,MOBEAST_T13_A_2024-06-03_0600,T13,Algae,2024-06-03T06:00:00Z,2024-06-03,06:00:00,Table 1,2024-06-03,06:00:00,2024-06-03 06:00:00,PO4,0.077,-0.12477945319999999,0.2017794532,-0.12252945319999999,-0.056049848099999994,0.06647960509999999,not outlier
MOBEAST069,MOBEAST_T13_A_2024-06-03_0600,T13,Algae,2024-06-03T06:00:00Z,2024-06-03,06:00:00,Table 1,2024-06-03,06:00:00,2024-06-03 06:00:00,SiO2,0.01,-0.5459904616,0.5559904616,-0.5459904616,0.07161911030000001,0.6176095719,not outlier
MOBEAST069,MOBEAST_T13_A_2024-06-03_0600,T13,Algae,2024-06-03T06:00:00Z,2024-06-03,06:00:00,Table 1,2024-06-03,06:00:00,2024-06-03 06:00:00,NH3,0.085,-20.12052221,20.20552221,-20.12052221,-13.455460890500003,6.665061319499998,not outlier
MOBEAST069,MOBEAST_T13_A_2024-06-03_0600,T13,Algae,2024-06-03T06:00:00Z,2024-06-03,06:00:00,Table 1,2024-06-03,06:00:00,2024-06-03 06:00:00,NO3,0.22999999999999998,-0.8308708244999998,1.0608708244999998,-0.8158708244999998,-0.4091261025899999,0.40674472190999994,not outlier
MOBEAST070,MOBEAST_T14_A_2024-06-03_0600,T14,Algae,2024-06-03T06:00:00Z,2024-06-03,06:00:00,Table 1,2024-06-03,06:00:00,2024-06-03 06:00:00,N_N,0.26,-1.3719999999999999,1.632,-1.3769999999999998,-0.7787499999999999,0.5982499999999998,not outlier
MOBEAST070,MOBEAST_T14_A_2024-06-03_0600,T14,Algae,2024-06-03T06:00:00Z,2024-06-03,06:00:00,Table 1,2024-06-03,06:00:00,2024-06-03 06:00:00,NO2,0.01,-0.5611291755,0.5711291755,-0.59810238241,-0.48496968049999994,0.11313270191000008,not outlier
MOBEAST070,MOBEAST_T14_A_2024-06-03_0600,T14,Algae,2024-06-03T06:00:00Z,2024-06-03,06:00:00,Table 1,2024-06-03,06:00:00,2024-06-03 06:00:00,PO4,0.08,-0.12177945319999998,0.2017794532,-0.12252945319999999,-0.056049848099999994,0.06647960509999999,not outlier
MOBEAST070,MOBEAST_T14_A_2024-06-03_0600,T14,Algae,2024-06-03T06:00:00Z,2024-06-03,06:00:00,Table 1,2024-06-03,06:00:00,2024-06-03 06:00:00,SiO2,0.01,-0.5459904616,0.5559904616,-0.5459904616,0.07161911030000001,0.6176095719,not outlier
MOBEAST070,MOBEAST_T14_A_2024-06-03_0600,T14,Algae,2024-06-03T06:00:00Z,2024-06-03,06:00:00,Table 1,2024-06-03,06:00:00,2024-06-03 06:00:00,NH3,0.085,-20.12052221,20.20552221,-20.12052221,-13.455460890500003,6.665061319499998,not outlier
MOBEAST070,MOBEAST_T14_A_2024-06-03_0600,T14,Algae,2024-06-03T06:00:00Z,2024-06-03,06:00:00,Table 1,2024-06-03,06:00:00,2024-06-03 06:00:00,NO3,0.25,-0.8108708244999998,1.0608708244999998,-0.8158708244999998,-0.4091261025899999,0.40674472190999994,not outlier
MOBEAST071,MOBEAST_T15_C_2024-06-03_0600,T15,Control,2024-06-03T06:00:00Z,2024-06-03,06:00:00,Table 1,2024-06-03,06:00:00,2024-06-03 06:00:00,N_N,1.28,-0.35199999999999987,1.632,-0.8694999999999999,-0.03699999999999992,0.8325,not outlier
MOBEAST071,MOBEAST_T15_C_2024-06-03_0600,T15,Control,2024-06-03T06:00:00Z,2024-06-03,06:00:00,Table 1,2024-06-03,06:00:00,2024-06-03 06:00:00,NO2,0.01,-0.5611291755,0.5711291755,-0.5161291755,-0.404416984925,0.11171219057500004,not outlier
MOBEAST071,MOBEAST_T15_C_2024-06-03_0600,T15,Control,2024-06-03T06:00:00Z,2024-06-03,06:00:00,Table 1,2024-06-03,06:00:00,2024-06-03 06:00:00,PO4,0.1,-0.10177945319999998,0.2017794532,-0.10427945319999998,-0.054729907049999985,0.04954954615,not outlier
MOBEAST071,MOBEAST_T15_C_2024-06-03_0600,T15,Control,2024-06-03T06:00:00Z,2024-06-03,06:00:00,Table 1,2024-06-03,06:00:00,2024-06-03 06:00:00,SiO2,0.01,-0.5459904616,0.5559904616,-0.471505427425,-0.3984904616,0.073014965825,not outlier
MOBEAST071,MOBEAST_T15_C_2024-06-03_0600,T15,Control,2024-06-03T06:00:00Z,2024-06-03,06:00:00,Table 1,2024-06-03,06:00:00,2024-06-03 06:00:00,NH3,0.38,-19.825522210000003,20.20552221,-19.883022210000004,-10.6500649985,9.232957211500004,not outlier
MOBEAST071,MOBEAST_T15_C_2024-06-03_0600,T15,Control,2024-06-03T06:00:00Z,2024-06-03,06:00:00,Table 1,2024-06-03,06:00:00,2024-06-03 06:00:00,NO3,1.27,0.2091291755000002,1.0608708244999998,-0.3758708244999998,0.4199169849250002,0.7957878094249999,not outlier
MOBEAST072,MOBEAST_T16_K_2024-06-03_0600,T16,Coral,2024-06-03T06:00:00Z,2024-06-03,06:00:00,Table 1,2024-06-03,06:00:00,2024-06-03 06:00:00,N_N,0.74,-0.8919999999999999,1.632,-0.9569999999999999,0.11200000000000004,1.069,not outlier
MOBEAST072,MOBEAST_T16_K_2024-06-03_0600,T16,Coral,2024-06-03T06:00:00Z,2024-06-03,06:00:00,Table 1,2024-06-03,06:00:00,2024-06-03 06:00:00,NO2,0.01,-0.5611291755,0.5711291755,-0.7964820723,-0.5611291755,0.23535289680000004,not outlier
MOBEAST072,MOBEAST_T16_K_2024-06-03_0600,T16,Coral,2024-06-03T06:00:00Z,2024-06-03,06:00:00,Table 1,2024-06-03,06:00:00,2024-06-03 06:00:00,PO4,0.11,-0.09177945319999999,0.2017794532,-0.09677945319999999,0.010500000000000002,0.10727945319999999,not outlier
MOBEAST072,MOBEAST_T16_K_2024-06-03_0600,T16,Coral,2024-06-03T06:00:00Z,2024-06-03,06:00:00,Table 1,2024-06-03,06:00:00,2024-06-03 06:00:00,SiO2,0.01,-0.5459904616,0.5559904616,-0.546722309325,-0.505686004775,0.04103630454999996,not outlier
MOBEAST072,MOBEAST_T16_K_2024-06-03_0600,T16,Coral,2024-06-03T06:00:00Z,2024-06-03,06:00:00,Table 1,2024-06-03,06:00:00,2024-06-03 06:00:00,NH3,0.22,-19.985522210000003,20.20552221,-19.993022210000003,-3.1147168439999997,16.878305366000003,not outlier
MOBEAST072,MOBEAST_T16_K_2024-06-03_0600,T16,Coral,2024-06-03T06:00:00Z,2024-06-03,06:00:00,Table 1,2024-06-03,06:00:00,2024-06-03 06:00:00,NO3,0.73,-0.3308708244999998,1.0608708244999998,-0.39587082449999983,0.9084820723,1.3043528967999998,not outlier
MOBEAST073,MOBEAST_F1_Inflow_2024-06-04_1200,F1,Inflow,2024-06-04T12:00:00Z,2024-06-04,12:00:00,Table 1,2024-06-04,12:00:00,2024-06-04 12:00:00,N_N,0.92,0,0.92,0,0,0,not outlier
MOBEAST073,MOBEAST_F1_Inflow_2024-06-04_1200,F1,Inflow,2024-06-04T12:00:00Z,2024-06-04,12:00:00,Table 1,2024-06-04,12:00:00,2024-06-04 12:00:00,NO2,0.12,0,0.12,0,0,0,not outlier
MOBEAST073,MOBEAST_F1_Inflow_2024-06-04_1200,F1,Inflow,2024-06-04T12:00:00Z,2024-06-04,12:00:00,Table 1,2024-06-04,12:00:00,2024-06-04 12:00:00,PO4,0.12,0,0.12,0,0,0,not outlier
MOBEAST073,MOBEAST_F1_Inflow_2024-06-04_1200,F1,Inflow,2024-06-04T12:00:00Z,2024-06-04,12:00:00,Table 1,2024-06-04,12:00:00,2024-06-04 12:00:00,SiO2,0.01,0,0.01,0,0,0,not outlier
MOBEAST073,MOBEAST_F1_Inflow_2024-06-04_1200,F1,Inflow,2024-06-04T12:00:00Z,2024-06-04,12:00:00,Table 1,2024-06-04,12:00:00,2024-06-04 12:00:00,NH3,0.3,0,0.3,0,0,0,not outlier
MOBEAST073,MOBEAST_F1_Inflow_2024-06-04_1200,F1,Inflow,2024-06-04T12:00:00Z,2024-06-04,12:00:00,Table 1,2024-06-04,12:00:00,2024-06-04 12:00:00,NO3,0.8,0,0.8,0,0,0,not outlier
MOBEAST074,MOBEAST_F2_Inflow_2024-06-04_1200,F2,Inflow,2024-06-04T12:00:00Z,2024-06-04,12:00:00,Table 2,2024-06-04,12:00:00,2024-06-04 12:00:00,N_N,1.1,0,1.1,0,0,0,not outlier
MOBEAST074,MOBEAST_F2_Inflow_2024-06-04_1200,F2,Inflow,2024-06-04T12:00:00Z,2024-06-04,12:00:00,Table 2,2024-06-04,12:00:00,2024-06-04 12:00:00,NO2,0.13,0,0.13,0,0,0,not outlier
MOBEAST074,MOBEAST_F2_Inflow_2024-06-04_1200,F2,Inflow,2024-06-04T12:00:00Z,2024-06-04,12:00:00,Table 2,2024-06-04,12:00:00,2024-06-04 12:00:00,PO4,0.077,0,0.077,0,0,0,not outlier
MOBEAST074,MOBEAST_F2_Inflow_2024-06-04_1200,F2,Inflow,2024-06-04T12:00:00Z,2024-06-04,12:00:00,Table 2,2024-06-04,12:00:00,2024-06-04 12:00:00,SiO2,0.01,0,0.01,0,0,0,not outlier
MOBEAST074,MOBEAST_F2_Inflow_2024-06-04_1200,F2,Inflow,2024-06-04T12:00:00Z,2024-06-04,12:00:00,Table 2,2024-06-04,12:00:00,2024-06-04 12:00:00,NH3,0.62,0,0.62,0,0,0,not outlier
MOBEAST074,MOBEAST_F2_Inflow_2024-06-04_1200,F2,Inflow,2024-06-04T12:00:00Z,2024-06-04,12:00:00,Table 2,2024-06-04,12:00:00,2024-06-04 12:00:00,NO3,0.9700000000000001,0,0.9700000000000001,0,0,0,not outlier
MOBEAST075,MOBEAST_T1_A_2024-06-04_1200,T1,Algae,2024-06-04T12:00:00Z,2024-06-04,12:00:00,Table 1,2024-06-04,12:00:00,2024-06-04 12:00:00,N_N,0.71,-0.21000000000000008,0.92,-0.31000000000000005,1.4075,1.7175,not outlier
MOBEAST075,MOBEAST_T1_A_2024-06-04_1200,T1,Algae,2024-06-04T12:00:00Z,2024-06-04,12:00:00,Table 1,2024-06-04,12:00:00,2024-06-04 12:00:00,NO2,0.07,-0.04999999999999999,0.12,-0.1125,-0.095,0.0175,outlier
MOBEAST075,MOBEAST_T1_A_2024-06-04_1200,T1,Algae,2024-06-04T12:00:00Z,2024-06-04,12:00:00,Table 1,2024-06-04,12:00:00,2024-06-04 12:00:00,PO4,0.077,-0.043,0.12,-0.043,-0.026749999999999996,0.01625,not outlier
MOBEAST075,MOBEAST_T1_A_2024-06-04_1200,T1,Algae,2024-06-04T12:00:00Z,2024-06-04,12:00:00,Table 1,2024-06-04,12:00:00,2024-06-04 12:00:00,SiO2,0.01,0,0.01,0,0.1375,0.1375,not outlier
MOBEAST075,MOBEAST_T1_A_2024-06-04_1200,T1,Algae,2024-06-04T12:00:00Z,2024-06-04,12:00:00,Table 1,2024-06-04,12:00:00,2024-06-04 12:00:00,NH3,0.43,0.13,0.3,0.08750000000000001,1.0625,0.975,not outlier
MOBEAST075,MOBEAST_T1_A_2024-06-04_1200,T1,Algae,2024-06-04T12:00:00Z,2024-06-04,12:00:00,Table 1,2024-06-04,12:00:00,2024-06-04 12:00:00,NO3,0.6399999999999999,-0.16000000000000014,0.8,-0.2450000000000001,1.5200000000000002,1.7650000000000003,not outlier
MOBEAST076,MOBEAST_T2_R_2024-06-04_1200,T2,CCA,2024-06-04T12:00:00Z,2024-06-04,12:00:00,Table 2,2024-06-04,12:00:00,2024-06-04 12:00:00,N_N,0.63,-0.4700000000000001,1.1,-0.1925000000000001,0.15499999999999994,0.34750000000000003,not outlier
MOBEAST076,MOBEAST_T2_R_2024-06-04_1200,T2,CCA,2024-06-04T12:00:00Z,2024-06-04,12:00:00,Table 2,2024-06-04,12:00:00,2024-06-04 12:00:00,NO2,0.01,-0.12000000000000001,0.13,-0.06000000000000001,-0.01999999999999999,0.04000000000000002,not outlier
MOBEAST076,MOBEAST_T2_R_2024-06-04_1200,T2,CCA,2024-06-04T12:00:00Z,2024-06-04,12:00:00,Table 2,2024-06-04,12:00:00,2024-06-04 12:00:00,PO4,0.09,0.012999999999999998,0.077,-0.015999999999999993,0.0032499999999999994,0.019249999999999993,not outlier
MOBEAST076,MOBEAST_T2_R_2024-06-04_1200,T2,CCA,2024-06-04T12:00:00Z,2024-06-04,12:00:00,Table 2,2024-06-04,12:00:00,2024-06-04 12:00:00,SiO2,0.01,0,0.01,0,0,0,not outlier
MOBEAST076,MOBEAST_T2_R_2024-06-04_1200,T2,CCA,2024-06-04T12:00:00Z,2024-06-04,12:00:00,Table 2,2024-06-04,12:00:00,2024-06-04 12:00:00,NH3,0.33,-0.29,0.62,0.02500000000000001,0.64,0.615,not outlier
MOBEAST076,MOBEAST_T2_R_2024-06-04_1200,T2,CCA,2024-06-04T12:00:00Z,2024-06-04,12:00:00,Table 2,2024-06-04,12:00:00,2024-06-04 12:00:00,NO3,0.62,-0.3500000000000001,0.9700000000000001,-0.14750000000000008,0.17999999999999994,0.3275,not outlier
MOBEAST077,MOBEAST_T3_C_2024-06-04_1200,T3,Control,2024-06-04T12:00:00Z,2024-06-04,12:00:00,Table 2,2024-06-04,12:00:00,2024-06-04 12:00:00,N_N,0.89,-0.21000000000000008,1.1,0.1499999999999999,0.9125000000000001,0.7625000000000002,not outlier
MOBEAST077,MOBEAST_T3_C_2024-06-04_1200,T3,Control,2024-06-04T12:00:00Z,2024-06-04,12:00:00,Table 2,2024-06-04,12:00:00,2024-06-04 12:00:00,NO2,0.09,-0.04000000000000001,0.13,-0.05750000000000001,0.0025000000000000022,0.06000000000000001,not outlier
MOBEAST077,MOBEAST_T3_C_2024-06-04_1200,T3,Control,2024-06-04T12:00:00Z,2024-06-04,12:00:00,Table 2,2024-06-04,12:00:00,2024-06-04 12:00:00,PO4,0.19,0.113,0.077,-0.03,0.013250000000000008,0.04325000000000001,outlier
MOBEAST077,MOBEAST_T3_C_2024-06-04_1200,T3,Control,2024-06-04T12:00:00Z,2024-06-04,12:00:00,Table 2,2024-06-04,12:00:00,2024-06-04 12:00:00,SiO2,0.01,0,0.01,0,0,0,not outlier
MOBEAST077,MOBEAST_T3_C_2024-06-04_1200,T3,Control,2024-06-04T12:00:00Z,2024-06-04,12:00:00,Table 2,2024-06-04,12:00:00,2024-06-04 12:00:00,NH3,1.37,0.7500000000000001,0.62,0.5325000000000001,0.8,0.26749999999999996,not outlier
MOBEAST077,MOBEAST_T3_C_2024-06-04_1200,T3,Control,2024-06-04T12:00:00Z,2024-06-04,12:00:00,Table 2,2024-06-04,12:00:00,2024-06-04 12:00:00,NO3,0.8,-0.17000000000000004,0.9700000000000001,0.1525,0.9950000000000001,0.8425000000000001,not outlier
MOBEAST078,MOBEAST_T4_A_2024-06-04_1200,T4,Algae,2024-06-04T12:00:00Z,2024-06-04,12:00:00,Table 2,2024-06-04,12:00:00,2024-06-04 12:00:00,N_N,6.28,5.18,1.1,-0.31000000000000005,1.4075,1.7175,outlier
MOBEAST078,MOBEAST_T4_A_2024-06-04_1200,T4,Algae,2024-06-04T12:00:00Z,2024-06-04,12:00:00,Table 2,2024-06-04,12:00:00,2024-06-04 12:00:00,NO2,0.01,-0.12000000000000001,0.13,-0.1125,-0.095,0.0175,not outlier
MOBEAST078,MOBEAST_T4_A_2024-06-04_1200,T4,Algae,2024-06-04T12:00:00Z,2024-06-04,12:00:00,Table 2,2024-06-04,12:00:00,2024-06-04 12:00:00,PO4,0.09,0.012999999999999998,0.077,-0.043,-0.026749999999999996,0.01625,outlier
MOBEAST078,MOBEAST_T4_A_2024-06-04_1200,T4,Algae,2024-06-04T12:00:00Z,2024-06-04,12:00:00,Table 2,2024-06-04,12:00:00,2024-06-04 12:00:00,SiO2,0.56,0.55,0.01,0,0.1375,0.1375,outlier
MOBEAST078,MOBEAST_T4_A_2024-06-04_1200,T4,Algae,2024-06-04T12:00:00Z,2024-06-04,12:00:00,Table 2,2024-06-04,12:00:00,2024-06-04 12:00:00,NH3,3.94,3.32,0.62,0.08750000000000001,1.0625,0.975,outlier
MOBEAST078,MOBEAST_T4_A_2024-06-04_1200,T4,Algae,2024-06-04T12:00:00Z,2024-06-04,12:00:00,Table 2,2024-06-04,12:00:00,2024-06-04 12:00:00,NO3,6.2700000000000005,5.300000000000001,0.9700000000000001,-0.2450000000000001,1.5200000000000002,1.7650000000000003,outlier
MOBEAST079,MOBEAST_T5_R_2024-06-04_1200,T5,CCA,2024-06-04T12:00:00Z,2024-06-04,12:00:00,Table 2,2024-06-04,12:00:00,2024-06-04 12:00:00,N_N,1.45,0.34999999999999987,1.1,-0.1925000000000001,0.15499999999999994,0.34750000000000003,not outlier
MOBEAST079,MOBEAST_T5_R_2024-06-04_1200,T5,CCA,2024-06-04T12:00:00Z,2024-06-04,12:00:00,Table 2,2024-06-04,12:00:00,2024-06-04 12:00:00,NO2,0.09,-0.04000000000000001,0.13,-0.06000000000000001,-0.01999999999999999,0.04000000000000002,not outlier
MOBEAST079,MOBEAST_T5_R_2024-06-04_1200,T5,CCA,2024-06-04T12:00:00Z,2024-06-04,12:00:00,Table 2,2024-06-04,12:00:00,2024-06-04 12:00:00,PO4,0.07,-0.006999999999999992,0.077,-0.015999999999999993,0.0032499999999999994,0.019249999999999993,not outlier
MOBEAST079,MOBEAST_T5_R_2024-06-04_1200,T5,CCA,2024-06-04T12:00:00Z,2024-06-04,12:00:00,Table 2,2024-06-04,12:00:00,2024-06-04 12:00:00,SiO2,0.01,0,0.01,0,0,0,not outlier
MOBEAST079,MOBEAST_T5_R_2024-06-04_1200,T5,CCA,2024-06-04T12:00:00Z,2024-06-04,12:00:00,Table 2,2024-06-04,12:00:00,2024-06-04 12:00:00,NH3,2.46,1.8399999999999999,0.62,0.02500000000000001,0.64,0.615,outlier
MOBEAST079,MOBEAST_T5_R_2024-06-04_1200,T5,CCA,2024-06-04T12:00:00Z,2024-06-04,12:00:00,Table 2,2024-06-04,12:00:00,2024-06-04 12:00:00,NO3,1.3599999999999999,0.3899999999999998,0.9700000000000001,-0.14750000000000008,0.17999999999999994,0.3275,not outlier
MOBEAST080,MOBEAST_T6_K_2024-06-04_1200,T6,Coral,2024-06-04T12:00:00Z,2024-06-04,12:00:00,Table 2,2024-06-04,12:00:00,2024-06-04 12:00:00,N_N,1.64,0.5399999999999998,1.1,0.11500000000000005,0.9424999999999999,0.8274999999999999,not outlier
MOBEAST080,MOBEAST_T6_K_2024-06-04_1200,T6,Coral,2024-06-04T12:00:00Z,2024-06-04,12:00:00,Table 2,2024-06-04,12:00:00,2024-06-04 12:00:00,NO2,0.08,-0.05,0.13,-0.05,-0.032499999999999994,0.01750000000000001,not outlier
MOBEAST080,MOBEAST_T6_K_2024-06-04_1200,T6,Coral,2024-06-04T12:00:00Z,2024-06-04,12:00:00,Table 2,2024-06-04,12:00:00,2024-06-04 12:00:00,PO4,0.09,0.012999999999999998,0.077,-0.03,0.018,0.048,not outlier
MOBEAST080,MOBEAST_T6_K_2024-06-04_1200,T6,Coral,2024-06-04T12:00:00Z,2024-06-04,12:00:00,Table 2,2024-06-04,12:00:00,2024-06-04 12:00:00,SiO2,0.01,0,0.01,0,0,0,not outlier
MOBEAST080,MOBEAST_T6_K_2024-06-04_1200,T6,Coral,2024-06-04T12:00:00Z,2024-06-04,12:00:00,Table 2,2024-06-04,12:00:00,2024-06-04 12:00:00,NH3,0.65,0.030000000000000027,0.62,0.027500000000000024,0.09000000000000001,0.062499999999999986,not outlier
MOBEAST080,MOBEAST_T6_K_2024-06-04_1200,T6,Coral,2024-06-04T12:00:00Z,2024-06-04,12:00:00,Table 2,2024-06-04,12:00:00,2024-06-04 12:00:00,NO3,1.5599999999999998,0.5899999999999997,0.9700000000000001,0.1475,0.9924999999999997,0.8449999999999998,not outlier
MOBEAST081,MOBEAST_T7_K_2024-06-04_1200,T7,Coral,2024-06-04T12:00:00Z,2024-06-04,12:00:00,Table 2,2024-06-04,12:00:00,2024-06-04 12:00:00,N_N,3.25,2.15,1.1,0.11500000000000005,0.9424999999999999,0.8274999999999999,not outlier
MOBEAST081,MOBEAST_T7_K_2024-06-04_1200,T7,Coral,2024-06-04T12:00:00Z,2024-06-04,12:00:00,Table 2,2024-06-04,12:00:00,2024-06-04 12:00:00,NO2,0.08,-0.05,0.13,-0.05,-0.032499999999999994,0.01750000000000001,not outlier
MOBEAST081,MOBEAST_T7_K_2024-06-04_1200,T7,Coral,2024-06-04T12:00:00Z,2024-06-04,12:00:00,Table 2,2024-06-04,12:00:00,2024-06-04 12:00:00,PO4,0.11,0.033,0.077,-0.03,0.018,0.048,not outlier
MOBEAST081,MOBEAST_T7_K_2024-06-04_1200,T7,Coral,2024-06-04T12:00:00Z,2024-06-04,12:00:00,Table 2,2024-06-04,12:00:00,2024-06-04 12:00:00,SiO2,0.01,0,0.01,0,0,0,not outlier
MOBEAST081,MOBEAST_T7_K_2024-06-04_1200,T7,Coral,2024-06-04T12:00:00Z,2024-06-04,12:00:00,Table 2,2024-06-04,12:00:00,2024-06-04 12:00:00,NH3,0.77,0.15000000000000002,0.62,0.027500000000000024,0.09000000000000001,0.062499999999999986,not outlier
MOBEAST081,MOBEAST_T7_K_2024-06-04_1200,T7,Coral,2024-06-04T12:00:00Z,2024-06-04,12:00:00,Table 2,2024-06-04,12:00:00,2024-06-04 12:00:00,NO3,3.17,2.1999999999999997,0.9700000000000001,0.1475,0.9924999999999997,0.8449999999999998,not outlier
MOBEAST082,MOBEAST_T8_C_2024-06-04_1200,T8,Control,2024-06-04T12:00:00Z,2024-06-04,12:00:00,Table 1,2024-06-04,12:00:00,2024-06-04 12:00:00,N_N,1.19,0.2699999999999999,0.92,0.1499999999999999,0.9125000000000001,0.7625000000000002,not outlier
MOBEAST082,MOBEAST_T8_C_2024-06-04_1200,T8,Control,2024-06-04T12:00:00Z,2024-06-04,12:00:00,Table 1,2024-06-04,12:00:00,2024-06-04 12:00:00,NO2,0.13,0.010000000000000009,0.12,-0.05750000000000001,0.0025000000000000022,0.06000000000000001,not outlier
MOBEAST082,MOBEAST_T8_C_2024-06-04_1200,T8,Control,2024-06-04T12:00:00Z,2024-06-04,12:00:00,Table 1,2024-06-04,12:00:00,2024-06-04 12:00:00,PO4,0.09,-0.03,0.12,-0.03,0.013250000000000008,0.04325000000000001,not outlier
MOBEAST082,MOBEAST_T8_C_2024-06-04_1200,T8,Control,2024-06-04T12:00:00Z,2024-06-04,12:00:00,Table 1,2024-06-04,12:00:00,2024-06-04 12:00:00,SiO2,0.01,0,0.01,0,0,0,not outlier
MOBEAST082,MOBEAST_T8_C_2024-06-04_1200,T8,Control,2024-06-04T12:00:00Z,2024-06-04,12:00:00,Table 1,2024-06-04,12:00:00,2024-06-04 12:00:00,NH3,0.89,0.5900000000000001,0.3,0.5325000000000001,0.8,0.26749999999999996,not outlier
MOBEAST082,MOBEAST_T8_C_2024-06-04_1200,T8,Control,2024-06-04T12:00:00Z,2024-06-04,12:00:00,Table 1,2024-06-04,12:00:00,2024-06-04 12:00:00,NO3,1.06,0.26,0.8,0.1525,0.9950000000000001,0.8425000000000001,not outlier
MOBEAST083,MOBEAST_T9_K_2024-06-04_1200,T9,Coral,2024-06-04T12:00:00Z,2024-06-04,12:00:00,Table 1,2024-06-04,12:00:00,2024-06-04 12:00:00,N_N,0.81,-0.10999999999999999,0.92,0.11500000000000005,0.9424999999999999,0.8274999999999999,not outlier
MOBEAST083,MOBEAST_T9_K_2024-06-04_1200,T9,Coral,2024-06-04T12:00:00Z,2024-06-04,12:00:00,Table 1,2024-06-04,12:00:00,2024-06-04 12:00:00,NO2,0.11,-0.009999999999999995,0.12,-0.05,-0.032499999999999994,0.01750000000000001,not outlier
MOBEAST083,MOBEAST_T9_K_2024-06-04_1200,T9,Coral,2024-06-04T12:00:00Z,2024-06-04,12:00:00,Table 1,2024-06-04,12:00:00,2024-06-04 12:00:00,PO4,0.09,-0.03,0.12,-0.03,0.018,0.048,not outlier
MOBEAST083,MOBEAST_T9_K_2024-06-04_1200,T9,Coral,2024-06-04T12:00:00Z,2024-06-04,12:00:00,Table 1,2024-06-04,12:00:00,2024-06-04 12:00:00,SiO2,0.01,0,0.01,0,0,0,not outlier
MOBEAST083,MOBEAST_T9_K_2024-06-04_1200,T9,Coral,2024-06-04T12:00:00Z,2024-06-04,12:00:00,Table 1,2024-06-04,12:00:00,2024-06-04 12:00:00,NH3,0.37,0.07,0.3,0.027500000000000024,0.09000000000000001,0.062499999999999986,not outlier
MOBEAST083,MOBEAST_T9_K_2024-06-04_1200,T9,Coral,2024-06-04T12:00:00Z,2024-06-04,12:00:00,Table 1,2024-06-04,12:00:00,2024-06-04 12:00:00,NO3,0.7000000000000001,-0.09999999999999998,0.8,0.1475,0.9924999999999997,0.8449999999999998,not outlier
MOBEAST084,MOBEAST_T10_R_2024-06-04_1200,T10,CCA,2024-06-04T12:00:00Z,2024-06-04,12:00:00,Table 1,2024-06-04,12:00:00,2024-06-04 12:00:00,N_N,1.01,0.08999999999999997,0.92,-0.1925000000000001,0.15499999999999994,0.34750000000000003,not outlier
MOBEAST084,MOBEAST_T10_R_2024-06-04_1200,T10,CCA,2024-06-04T12:00:00Z,2024-06-04,12:00:00,Table 1,2024-06-04,12:00:00,2024-06-04 12:00:00,NO2,0.1,-0.01999999999999999,0.12,-0.06000000000000001,-0.01999999999999999,0.04000000000000002,not outlier
MOBEAST084,MOBEAST_T10_R_2024-06-04_1200,T10,CCA,2024-06-04T12:00:00Z,2024-06-04,12:00:00,Table 1,2024-06-04,12:00:00,2024-06-04 12:00:00,PO4,0.12,0,0.12,-0.015999999999999993,0.0032499999999999994,0.019249999999999993,not outlier
MOBEAST084,MOBEAST_T10_R_2024-06-04_1200,T10,CCA,2024-06-04T12:00:00Z,2024-06-04,12:00:00,Table 1,2024-06-04,12:00:00,2024-06-04 12:00:00,SiO2,0.01,0,0.01,0,0,0,not outlier
MOBEAST084,MOBEAST_T10_R_2024-06-04_1200,T10,CCA,2024-06-04T12:00:00Z,2024-06-04,12:00:00,Table 1,2024-06-04,12:00:00,2024-06-04 12:00:00,NH3,0.54,0.24000000000000005,0.3,0.02500000000000001,0.64,0.615,not outlier
MOBEAST084,MOBEAST_T10_R_2024-06-04_1200,T10,CCA,2024-06-04T12:00:00Z,2024-06-04,12:00:00,Table 1,2024-06-04,12:00:00,2024-06-04 12:00:00,NO3,0.91,0.10999999999999999,0.8,-0.14750000000000008,0.17999999999999994,0.3275,not outlier
MOBEAST085,MOBEAST_T11_C_2024-06-04_1200,T11,Control,2024-06-04T12:00:00Z,2024-06-04,12:00:00,Table 1,2024-06-04,12:00:00,2024-06-04 12:00:00,N_N,2.62,1.7000000000000002,0.92,0.1499999999999999,0.9125000000000001,0.7625000000000002,not outlier
MOBEAST085,MOBEAST_T11_C_2024-06-04_1200,T11,Control,2024-06-04T12:00:00Z,2024-06-04,12:00:00,Table 1,2024-06-04,12:00:00,2024-06-04 12:00:00,NO2,0.12,0,0.12,-0.05750000000000001,0.0025000000000000022,0.06000000000000001,not outlier
MOBEAST085,MOBEAST_T11_C_2024-06-04_1200,T11,Control,2024-06-04T12:00:00Z,2024-06-04,12:00:00,Table 1,2024-06-04,12:00:00,2024-06-04 12:00:00,PO4,0.1,-0.01999999999999999,0.12,-0.03,0.013250000000000008,0.04325000000000001,not outlier
MOBEAST085,MOBEAST_T11_C_2024-06-04_1200,T11,Control,2024-06-04T12:00:00Z,2024-06-04,12:00:00,Table 1,2024-06-04,12:00:00,2024-06-04 12:00:00,SiO2,0.01,0,0.01,0,0,0,not outlier
MOBEAST085,MOBEAST_T11_C_2024-06-04_1200,T11,Control,2024-06-04T12:00:00Z,2024-06-04,12:00:00,Table 1,2024-06-04,12:00:00,2024-06-04 12:00:00,NH3,0.66,0.36000000000000004,0.3,0.5325000000000001,0.8,0.26749999999999996,not outlier
MOBEAST085,MOBEAST_T11_C_2024-06-04_1200,T11,Control,2024-06-04T12:00:00Z,2024-06-04,12:00:00,Table 1,2024-06-04,12:00:00,2024-06-04 12:00:00,NO3,2.5,1.7,0.8,0.1525,0.9950000000000001,0.8425000000000001,not outlier
MOBEAST086,MOBEAST_T12_R_2024-06-04_1200,T12,CCA,2024-06-04T12:00:00Z,2024-06-04,12:00:00,Table 1,2024-06-04,12:00:00,2024-06-04 12:00:00,N_N,0.82,-0.10000000000000009,0.92,-0.1925000000000001,0.15499999999999994,0.34750000000000003,not outlier
MOBEAST086,MOBEAST_T12_R_2024-06-04_1200,T12,CCA,2024-06-04T12:00:00Z,2024-06-04,12:00:00,Table 1,2024-06-04,12:00:00,2024-06-04 12:00:00,NO2,0.1,-0.01999999999999999,0.12,-0.06000000000000001,-0.01999999999999999,0.04000000000000002,not outlier
MOBEAST086,MOBEAST_T12_R_2024-06-04_1200,T12,CCA,2024-06-04T12:00:00Z,2024-06-04,12:00:00,Table 1,2024-06-04,12:00:00,2024-06-04 12:00:00,PO4,0.077,-0.043,0.12,-0.015999999999999993,0.0032499999999999994,0.019249999999999993,not outlier
MOBEAST086,MOBEAST_T12_R_2024-06-04_1200,T12,CCA,2024-06-04T12:00:00Z,2024-06-04,12:00:00,Table 1,2024-06-04,12:00:00,2024-06-04 12:00:00,SiO2,0.01,0,0.01,0,0,0,not outlier
MOBEAST086,MOBEAST_T12_R_2024-06-04_1200,T12,CCA,2024-06-04T12:00:00Z,2024-06-04,12:00:00,Table 1,2024-06-04,12:00:00,2024-06-04 12:00:00,NH3,0.43,0.13,0.3,0.02500000000000001,0.64,0.615,not outlier
MOBEAST086,MOBEAST_T12_R_2024-06-04_1200,T12,CCA,2024-06-04T12:00:00Z,2024-06-04,12:00:00,Table 1,2024-06-04,12:00:00,2024-06-04 12:00:00,NO3,0.72,-0.08000000000000007,0.8,-0.14750000000000008,0.17999999999999994,0.3275,not outlier
MOBEAST087,MOBEAST_T13_A_2024-06-04_1200,T13,Algae,2024-06-04T12:00:00Z,2024-06-04,12:00:00,Table 1,2024-06-04,12:00:00,2024-06-04 12:00:00,N_N,0.31,-0.6100000000000001,0.92,-0.31000000000000005,1.4075,1.7175,not outlier
MOBEAST087,MOBEAST_T13_A_2024-06-04_1200,T13,Algae,2024-06-04T12:00:00Z,2024-06-04,12:00:00,Table 1,2024-06-04,12:00:00,2024-06-04 12:00:00,NO2,0.01,-0.11,0.12,-0.1125,-0.095,0.0175,not outlier
MOBEAST087,MOBEAST_T13_A_2024-06-04_1200,T13,Algae,2024-06-04T12:00:00Z,2024-06-04,12:00:00,Table 1,2024-06-04,12:00:00,2024-06-04 12:00:00,PO4,0.077,-0.043,0.12,-0.043,-0.026749999999999996,0.01625,not outlier
MOBEAST087,MOBEAST_T13_A_2024-06-04_1200,T13,Algae,2024-06-04T12:00:00Z,2024-06-04,12:00:00,Table 1,2024-06-04,12:00:00,2024-06-04 12:00:00,SiO2,0.01,0,0.01,0,0.1375,0.1375,not outlier
MOBEAST087,MOBEAST_T13_A_2024-06-04_1200,T13,Algae,2024-06-04T12:00:00Z,2024-06-04,12:00:00,Table 1,2024-06-04,12:00:00,2024-06-04 12:00:00,NH3,0.26,-0.03999999999999998,0.3,0.08750000000000001,1.0625,0.975,not outlier
MOBEAST087,MOBEAST_T13_A_2024-06-04_1200,T13,Algae,2024-06-04T12:00:00Z,2024-06-04,12:00:00,Table 1,2024-06-04,12:00:00,2024-06-04 12:00:00,NO3,0.3,-0.5,0.8,-0.2450000000000001,1.5200000000000002,1.7650000000000003,not outlier
MOBEAST088,MOBEAST_T14_A_2024-06-04_1200,T14,Algae,2024-06-04T12:00:00Z,2024-06-04,12:00:00,Table 1,2024-06-04,12:00:00,2024-06-04 12:00:00,N_N,1.07,0.15000000000000002,0.92,-0.31000000000000005,1.4075,1.7175,not outlier
MOBEAST088,MOBEAST_T14_A_2024-06-04_1200,T14,Algae,2024-06-04T12:00:00Z,2024-06-04,12:00:00,Table 1,2024-06-04,12:00:00,2024-06-04 12:00:00,NO2,0.01,-0.11,0.12,-0.1125,-0.095,0.0175,not outlier
MOBEAST088,MOBEAST_T14_A_2024-06-04_1200,T14,Algae,2024-06-04T12:00:00Z,2024-06-04,12:00:00,Table 1,2024-06-04,12:00:00,2024-06-04 12:00:00,PO4,0.08,-0.039999999999999994,0.12,-0.043,-0.026749999999999996,0.01625,not outlier
MOBEAST088,MOBEAST_T14_A_2024-06-04_1200,T14,Algae,2024-06-04T12:00:00Z,2024-06-04,12:00:00,Table 1,2024-06-04,12:00:00,2024-06-04 12:00:00,SiO2,0.01,0,0.01,0,0.1375,0.1375,not outlier
MOBEAST088,MOBEAST_T14_A_2024-06-04_1200,T14,Algae,2024-06-04T12:00:00Z,2024-06-04,12:00:00,Table 1,2024-06-04,12:00:00,2024-06-04 12:00:00,NH3,0.61,0.31,0.3,0.08750000000000001,1.0625,0.975,not outlier
MOBEAST088,MOBEAST_T14_A_2024-06-04_1200,T14,Algae,2024-06-04T12:00:00Z,2024-06-04,12:00:00,Table 1,2024-06-04,12:00:00,2024-06-04 12:00:00,NO3,1.06,0.26,0.8,-0.2450000000000001,1.5200000000000002,1.7650000000000003,not outlier
MOBEAST089,MOBEAST_T15_C_2024-06-04_1200,T15,Control,2024-06-04T12:00:00Z,2024-06-04,12:00:00,Table 1,2024-06-04,12:00:00,2024-06-04 12:00:00,N_N,1.57,0.65,0.92,0.1499999999999999,0.9125000000000001,0.7625000000000002,not outlier
MOBEAST089,MOBEAST_T15_C_2024-06-04_1200,T15,Control,2024-06-04T12:00:00Z,2024-06-04,12:00:00,Table 1,2024-06-04,12:00:00,2024-06-04 12:00:00,NO2,0.01,-0.11,0.12,-0.05750000000000001,0.0025000000000000022,0.06000000000000001,not outlier
MOBEAST089,MOBEAST_T15_C_2024-06-04_1200,T15,Control,2024-06-04T12:00:00Z,2024-06-04,12:00:00,Table 1,2024-06-04,12:00:00,2024-06-04 12:00:00,PO4,0.09,-0.03,0.12,-0.03,0.013250000000000008,0.04325000000000001,not outlier
MOBEAST089,MOBEAST_T15_C_2024-06-04_1200,T15,Control,2024-06-04T12:00:00Z,2024-06-04,12:00:00,Table 1,2024-06-04,12:00:00,2024-06-04 12:00:00,SiO2,0.01,0,0.01,0,0,0,not outlier
MOBEAST089,MOBEAST_T15_C_2024-06-04_1200,T15,Control,2024-06-04T12:00:00Z,2024-06-04,12:00:00,Table 1,2024-06-04,12:00:00,2024-06-04 12:00:00,NH3,1.25,0.95,0.3,0.5325000000000001,0.8,0.26749999999999996,not outlier
MOBEAST089,MOBEAST_T15_C_2024-06-04_1200,T15,Control,2024-06-04T12:00:00Z,2024-06-04,12:00:00,Table 1,2024-06-04,12:00:00,2024-06-04 12:00:00,NO3,1.56,0.76,0.8,0.1525,0.9950000000000001,0.8425000000000001,not outlier
MOBEAST090,MOBEAST_T16_K_2024-06-04_1200,T16,Coral,2024-06-04T12:00:00Z,2024-06-04,12:00:00,Table 1,2024-06-04,12:00:00,2024-06-04 12:00:00,N_N,1.11,0.19000000000000006,0.92,0.11500000000000005,0.9424999999999999,0.8274999999999999,not outlier
MOBEAST090,MOBEAST_T16_K_2024-06-04_1200,T16,Coral,2024-06-04T12:00:00Z,2024-06-04,12:00:00,Table 1,2024-06-04,12:00:00,2024-06-04 12:00:00,NO2,0.08,-0.039999999999999994,0.12,-0.05,-0.032499999999999994,0.01750000000000001,not outlier
MOBEAST090,MOBEAST_T16_K_2024-06-04_1200,T16,Coral,2024-06-04T12:00:00Z,2024-06-04,12:00:00,Table 1,2024-06-04,12:00:00,2024-06-04 12:00:00,PO4,0.09,-0.03,0.12,-0.03,0.018,0.048,not outlier
MOBEAST090,MOBEAST_T16_K_2024-06-04_1200,T16,Coral,2024-06-04T12:00:00Z,2024-06-04,12:00:00,Table 1,2024-06-04,12:00:00,2024-06-04 12:00:00,SiO2,0.01,0,0.01,0,0,0,not outlier
MOBEAST090,MOBEAST_T16_K_2024-06-04_1200,T16,Coral,2024-06-04T12:00:00Z,2024-06-04,12:00:00,Table 1,2024-06-04,12:00:00,2024-06-04 12:00:00,NH3,0.32,0.020000000000000018,0.3,0.027500000000000024,0.09000000000000001,0.062499999999999986,not outlier
MOBEAST090,MOBEAST_T16_K_2024-06-04_1200,T16,Coral,2024-06-04T12:00:00Z,2024-06-04,12:00:00,Table 1,2024-06-04,12:00:00,2024-06-04 12:00:00,NO3,1.03,0.22999999999999998,0.8,0.1475,0.9924999999999997,0.8449999999999998,not outlier
MOBEAST091,MOBEAST_F1_Inflow_2024-06-06_1200,F1,Inflow,2024-06-06T12:00:00Z,2024-06-06,12:00:00,Table 1,2024-06-06,12:00:00,2024-06-06 12:00:00,N_N,1.84,0,1.84,0,0,0,not outlier
MOBEAST091,MOBEAST_F1_Inflow_2024-06-06_1200,F1,Inflow,2024-06-06T12:00:00Z,2024-06-06,12:00:00,Table 1,2024-06-06,12:00:00,2024-06-06 12:00:00,NO2,0.09,0,0.09,0,0,0,not outlier
MOBEAST091,MOBEAST_F1_Inflow_2024-06-06_1200,F1,Inflow,2024-06-06T12:00:00Z,2024-06-06,12:00:00,Table 1,2024-06-06,12:00:00,2024-06-06 12:00:00,PO4,0.08,0,0.08,0,0,0,not outlier
MOBEAST091,MOBEAST_F1_Inflow_2024-06-06_1200,F1,Inflow,2024-06-06T12:00:00Z,2024-06-06,12:00:00,Table 1,2024-06-06,12:00:00,2024-06-06 12:00:00,SiO2,0.01,0,0.01,0,0,0,not outlier
MOBEAST091,MOBEAST_F1_Inflow_2024-06-06_1200,F1,Inflow,2024-06-06T12:00:00Z,2024-06-06,12:00:00,Table 1,2024-06-06,12:00:00,2024-06-06 12:00:00,NH3,1.22,0,1.22,0,0,0,not outlier
MOBEAST091,MOBEAST_F1_Inflow_2024-06-06_1200,F1,Inflow,2024-06-06T12:00:00Z,2024-06-06,12:00:00,Table 1,2024-06-06,12:00:00,2024-06-06 12:00:00,NO3,1.75,0,1.75,0,0,0,not outlier
MOBEAST092,MOBEAST_F2_Inflow_2024-06-06_1200,F2,Inflow,2024-06-06T12:00:00Z,2024-06-06,12:00:00,Table 2,2024-06-06,12:00:00,2024-06-06 12:00:00,N_N,1.58,0,1.58,0,0,0,not outlier
MOBEAST092,MOBEAST_F2_Inflow_2024-06-06_1200,F2,Inflow,2024-06-06T12:00:00Z,2024-06-06,12:00:00,Table 2,2024-06-06,12:00:00,2024-06-06 12:00:00,NO2,0.1,0,0.1,0,0,0,not outlier
MOBEAST092,MOBEAST_F2_Inflow_2024-06-06_1200,F2,Inflow,2024-06-06T12:00:00Z,2024-06-06,12:00:00,Table 2,2024-06-06,12:00:00,2024-06-06 12:00:00,PO4,0.09,0,0.09,0,0,0,not outlier
MOBEAST092,MOBEAST_F2_Inflow_2024-06-06_1200,F2,Inflow,2024-06-06T12:00:00Z,2024-06-06,12:00:00,Table 2,2024-06-06,12:00:00,2024-06-06 12:00:00,SiO2,0.01,0,0.01,0,0,0,not outlier
MOBEAST092,MOBEAST_F2_Inflow_2024-06-06_1200,F2,Inflow,2024-06-06T12:00:00Z,2024-06-06,12:00:00,Table 2,2024-06-06,12:00:00,2024-06-06 12:00:00,NH3,1.23,0,1.23,0,0,0,not outlier
MOBEAST092,MOBEAST_F2_Inflow_2024-06-06_1200,F2,Inflow,2024-06-06T12:00:00Z,2024-06-06,12:00:00,Table 2,2024-06-06,12:00:00,2024-06-06 12:00:00,NO3,1.48,0,1.48,0,0,0,not outlier
MOBEAST093,MOBEAST_T1_A_2024-06-06_1200,T1,Algae,2024-06-06T12:00:00Z,2024-06-06,12:00:00,Table 1,2024-06-06,12:00:00,2024-06-06 12:00:00,N_N,1.95,0.10999999999999988,1.84,-0.4600000000000001,0.08749999999999986,0.5474999999999999,not outlier
MOBEAST093,MOBEAST_T1_A_2024-06-06_1200,T1,Algae,2024-06-06T12:00:00Z,2024-06-06,12:00:00,Table 1,2024-06-06,12:00:00,2024-06-06 12:00:00,NO2,0.09,0,0.09,-0.0825,0,0.0825,not outlier
MOBEAST093,MOBEAST_T1_A_2024-06-06_1200,T1,Algae,2024-06-06T12:00:00Z,2024-06-06,12:00:00,Table 1,2024-06-06,12:00:00,2024-06-06 12:00:00,PO4,0.077,-0.0030000000000000027,0.08,-0.0072499999999999995,0.020000000000000004,0.027250000000000003,not outlier
MOBEAST093,MOBEAST_T1_A_2024-06-06_1200,T1,Algae,2024-06-06T12:00:00Z,2024-06-06,12:00:00,Table 1,2024-06-06,12:00:00,2024-06-06 12:00:00,SiO2,0.01,0,0.01,0,0.0275,0.0275,not outlier
MOBEAST093,MOBEAST_T1_A_2024-06-06_1200,T1,Algae,2024-06-06T12:00:00Z,2024-06-06,12:00:00,Table 1,2024-06-06,12:00:00,2024-06-06 12:00:00,NH3,1.56,0.3400000000000001,1.22,0.2900000000000001,1.6675,1.3775,not outlier
MOBEAST093,MOBEAST_T1_A_2024-06-06_1200,T1,Algae,2024-06-06T12:00:00Z,2024-06-06,12:00:00,Table 1,2024-06-06,12:00:00,2024-06-06 12:00:00,NO3,1.8599999999999999,0.10999999999999988,1.75,-0.44000000000000006,0.12499999999999989,0.565,not outlier
MOBEAST094,MOBEAST_T2_R_2024-06-06_1200,T2,CCA,2024-06-06T12:00:00Z,2024-06-06,12:00:00,Table 2,2024-06-06,12:00:00,2024-06-06 12:00:00,N_N,1.46,-0.1200000000000001,1.58,-0.37500000000000006,-0.03500000000000009,0.33999999999999997,not outlier
MOBEAST094,MOBEAST_T2_R_2024-06-06_1200,T2,CCA,2024-06-06T12:00:00Z,2024-06-06,12:00:00,Table 2,2024-06-06,12:00:00,2024-06-06 12:00:00,NO2,0.01,-0.09000000000000001,0.1,-0.0825,-0.0175,0.065,not outlier
MOBEAST094,MOBEAST_T2_R_2024-06-06_1200,T2,CCA,2024-06-06T12:00:00Z,2024-06-06,12:00:00,Table 2,2024-06-06,12:00:00,2024-06-06 12:00:00,PO4,0.13,0.04000000000000001,0.09,0.011750000000000003,0.0325,0.020749999999999998,not outlier
MOBEAST094,MOBEAST_T2_R_2024-06-06_1200,T2,CCA,2024-06-06T12:00:00Z,2024-06-06,12:00:00,Table 2,2024-06-06,12:00:00,2024-06-06 12:00:00,SiO2,0.01,0,0.01,0,0.01,0.01,not outlier
MOBEAST094,MOBEAST_T2_R_2024-06-06_1200,T2,CCA,2024-06-06T12:00:00Z,2024-06-06,12:00:00,Table 2,2024-06-06,12:00:00,2024-06-06 12:00:00,NH3,1.16,-0.07000000000000006,1.23,0.050000000000000044,0.15000000000000008,0.10000000000000003,not outlier
MOBEAST094,MOBEAST_T2_R_2024-06-06_1200,T2,CCA,2024-06-06T12:00:00Z,2024-06-06,12:00:00,Table 2,2024-06-06,12:00:00,2024-06-06 12:00:00,NO3,1.45,-0.030000000000000027,1.48,-0.34750000000000003,0.03749999999999998,0.385,not outlier
MOBEAST095,MOBEAST_T3_C_2024-06-06_1200,T3,Control,2024-06-06T12:00:00Z,2024-06-06,12:00:00,Table 2,2024-06-06,12:00:00,2024-06-06 12:00:00,N_N,1.37,-0.20999999999999996,1.58,-0.3,-0.2025,0.09749999999999998,not outlier
MOBEAST095,MOBEAST_T3_C_2024-06-06_1200,T3,Control,2024-06-06T12:00:00Z,2024-06-06,12:00:00,Table 2,2024-06-06,12:00:00,2024-06-06 12:00:00,NO2,0.01,-0.09000000000000001,0.1,-0.03749999999999999,0.0025000000000000022,0.039999999999999994,not outlier
MOBEAST095,MOBEAST_T3_C_2024-06-06_1200,T3,Control,2024-06-06T12:00:00Z,2024-06-06,12:00:00,Table 2,2024-06-06,12:00:00,2024-06-06 12:00:00,PO4,0.09,0,0.09,-0.0024999999999999988,0.019999999999999997,0.022499999999999996,not outlier
MOBEAST095,MOBEAST_T3_C_2024-06-06_1200,T3,Control,2024-06-06T12:00:00Z,2024-06-06,12:00:00,Table 2,2024-06-06,12:00:00,2024-06-06 12:00:00,SiO2,0.01,0,0.01,0,0.049999999999999996,0.049999999999999996,not outlier
MOBEAST095,MOBEAST_T3_C_2024-06-06_1200,T3,Control,2024-06-06T12:00:00Z,2024-06-06,12:00:00,Table 2,2024-06-06,12:00:00,2024-06-06 12:00:00,NH3,1.31,0.08000000000000007,1.23,0.06500000000000006,0.21500000000000008,0.15000000000000002,not outlier
MOBEAST095,MOBEAST_T3_C_2024-06-06_1200,T3,Control,2024-06-06T12:00:00Z,2024-06-06,12:00:00,Table 2,2024-06-06,12:00:00,2024-06-06 12:00:00,NO3,1.36,-0.11999999999999988,1.48,-0.3025,-0.1650000000000001,0.1374999999999999,not outlier
MOBEAST096,MOBEAST_T4_A_2024-06-06_1200,T4,Algae,2024-06-06T12:00:00Z,2024-06-06,12:00:00,Table 2,2024-06-06,12:00:00,2024-06-06 12:00:00,N_N,1.66,0.07999999999999985,1.58,-0.4600000000000001,0.08749999999999986,0.5474999999999999,not outlier
MOBEAST096,MOBEAST_T4_A_2024-06-06_1200,T4,Algae,2024-06-06T12:00:00Z,2024-06-06,12:00:00,Table 2,2024-06-06,12:00:00,2024-06-06 12:00:00,NO2,0.01,-0.09000000000000001,0.1,-0.0825,0,0.0825,not outlier
MOBEAST096,MOBEAST_T4_A_2024-06-06_1200,T4,Algae,2024-06-06T12:00:00Z,2024-06-06,12:00:00,Table 2,2024-06-06,12:00:00,2024-06-06 12:00:00,PO4,0.07,-0.01999999999999999,0.09,-0.0072499999999999995,0.020000000000000004,0.027250000000000003,not outlier
MOBEAST096,MOBEAST_T4_A_2024-06-06_1200,T4,Algae,2024-06-06T12:00:00Z,2024-06-06,12:00:00,Table 2,2024-06-06,12:00:00,2024-06-06 12:00:00,SiO2,0.01,0,0.01,0,0.0275,0.0275,not outlier
MOBEAST096,MOBEAST_T4_A_2024-06-06_1200,T4,Algae,2024-06-06T12:00:00Z,2024-06-06,12:00:00,Table 2,2024-06-06,12:00:00,2024-06-06 12:00:00,NH3,3.13,1.9,1.23,0.2900000000000001,1.6675,1.3775,not outlier
MOBEAST096,MOBEAST_T4_A_2024-06-06_1200,T4,Algae,2024-06-06T12:00:00Z,2024-06-06,12:00:00,Table 2,2024-06-06,12:00:00,2024-06-06 12:00:00,NO3,1.65,0.16999999999999993,1.48,-0.44000000000000006,0.12499999999999989,0.565,not outlier
MOBEAST097,MOBEAST_T5_R_2024-06-06_1200,T5,CCA,2024-06-06T12:00:00Z,2024-06-06,12:00:00,Table 2,2024-06-06,12:00:00,2024-06-06 12:00:00,N_N,1.8,0.21999999999999997,1.58,-0.37500000000000006,-0.03500000000000009,0.33999999999999997,not outlier
MOBEAST097,MOBEAST_T5_R_2024-06-06_1200,T5,CCA,2024-06-06T12:00:00Z,2024-06-06,12:00:00,Table 2,2024-06-06,12:00:00,2024-06-06 12:00:00,NO2,0.08,-0.020000000000000004,0.1,-0.0825,-0.0175,0.065,not outlier
MOBEAST097,MOBEAST_T5_R_2024-06-06_1200,T5,CCA,2024-06-06T12:00:00Z,2024-06-06,12:00:00,Table 2,2024-06-06,12:00:00,2024-06-06 12:00:00,PO4,0.077,-0.012999999999999998,0.09,0.011750000000000003,0.0325,0.020749999999999998,not outlier
MOBEAST097,MOBEAST_T5_R_2024-06-06_1200,T5,CCA,2024-06-06T12:00:00Z,2024-06-06,12:00:00,Table 2,2024-06-06,12:00:00,2024-06-06 12:00:00,SiO2,0.01,0,0.01,0,0.01,0.01,not outlier
MOBEAST097,MOBEAST_T5_R_2024-06-06_1200,T5,CCA,2024-06-06T12:00:00Z,2024-06-06,12:00:00,Table 2,2024-06-06,12:00:00,2024-06-06 12:00:00,NH3,1.37,0.14000000000000012,1.23,0.050000000000000044,0.15000000000000008,0.10000000000000003,not outlier
MOBEAST097,MOBEAST_T5_R_2024-06-06_1200,T5,CCA,2024-06-06T12:00:00Z,2024-06-06,12:00:00,Table 2,2024-06-06,12:00:00,2024-06-06 12:00:00,NO3,1.72,0.24,1.48,-0.34750000000000003,0.03749999999999998,0.385,not outlier
MOBEAST098,MOBEAST_T6_K_2024-06-06_1200,T6,Coral,2024-06-06T12:00:00Z,2024-06-06,12:00:00,Table 2,2024-06-06,12:00:00,2024-06-06 12:00:00,N_N,1.52,-0.06000000000000005,1.58,-0.22500000000000003,0.009999999999999953,0.235,not outlier
MOBEAST098,MOBEAST_T6_K_2024-06-06_1200,T6,Coral,2024-06-06T12:00:00Z,2024-06-06,12:00:00,Table 2,2024-06-06,12:00:00,2024-06-06 12:00:00,NO2,0.01,-0.09000000000000001,0.1,-0.037500000000000006,-0.007499999999999996,0.03000000000000001,outlier
MOBEAST098,MOBEAST_T6_K_2024-06-06_1200,T6,Coral,2024-06-06T12:00:00Z,2024-06-06,12:00:00,Table 2,2024-06-06,12:00:00,2024-06-06 12:00:00,PO4,0.11,0.020000000000000004,0.09,0.007500000000000007,0.025,0.017499999999999995,not outlier
MOBEAST098,MOBEAST_T6_K_2024-06-06_1200,T6,Coral,2024-06-06T12:00:00Z,2024-06-06,12:00:00,Table 2,2024-06-06,12:00:00,2024-06-06 12:00:00,SiO2,0.01,0,0.01,0,0.0375,0.0375,not outlier
MOBEAST098,MOBEAST_T6_K_2024-06-06_1200,T6,Coral,2024-06-06T12:00:00Z,2024-06-06,12:00:00,Table 2,2024-06-06,12:00:00,2024-06-06 12:00:00,NH3,1.11,-0.11999999999999988,1.23,-0.12249999999999989,-0.04250000000000004,0.07999999999999985,not outlier
MOBEAST098,MOBEAST_T6_K_2024-06-06_1200,T6,Coral,2024-06-06T12:00:00Z,2024-06-06,12:00:00,Table 2,2024-06-06,12:00:00,2024-06-06 12:00:00,NO3,1.51,0.030000000000000027,1.48,-0.185,0.05499999999999999,0.24,not outlier
MOBEAST099,MOBEAST_T7_K_2024-06-06_1200,T7,Coral,2024-06-06T12:00:00Z,2024-06-06,12:00:00,Table 2,2024-06-06,12:00:00,2024-06-06 12:00:00,N_N,1.55,-0.030000000000000027,1.58,-0.22500000000000003,0.009999999999999953,0.235,not outlier
MOBEAST099,MOBEAST_T7_K_2024-06-06_1200,T7,Coral,2024-06-06T12:00:00Z,2024-06-06,12:00:00,Table 2,2024-06-06,12:00:00,2024-06-06 12:00:00,NO2,0.08,-0.020000000000000004,0.1,-0.037500000000000006,-0.007499999999999996,0.03000000000000001,not outlier
MOBEAST099,MOBEAST_T7_K_2024-06-06_1200,T7,Coral,2024-06-06T12:00:00Z,2024-06-06,12:00:00,Table 2,2024-06-06,12:00:00,2024-06-06 12:00:00,PO4,0.1,0.010000000000000009,0.09,0.007500000000000007,0.025,0.017499999999999995,not outlier
MOBEAST099,MOBEAST_T7_K_2024-06-06_1200,T7,Coral,2024-06-06T12:00:00Z,2024-06-06,12:00:00,Table 2,2024-06-06,12:00:00,2024-06-06 12:00:00,SiO2,0.01,0,0.01,0,0.0375,0.0375,not outlier
MOBEAST099,MOBEAST_T7_K_2024-06-06_1200,T7,Coral,2024-06-06T12:00:00Z,2024-06-06,12:00:00,Table 2,2024-06-06,12:00:00,2024-06-06 12:00:00,NH3,1.13,-0.10000000000000009,1.23,-0.12249999999999989,-0.04250000000000004,0.07999999999999985,not outlier
MOBEAST099,MOBEAST_T7_K_2024-06-06_1200,T7,Coral,2024-06-06T12:00:00Z,2024-06-06,12:00:00,Table 2,2024-06-06,12:00:00,2024-06-06 12:00:00,NO3,1.47,-0.010000000000000009,1.48,-0.185,0.05499999999999999,0.24,not outlier
MOBEAST100,MOBEAST_T8_C_2024-06-06_1200,T8,Control,2024-06-06T12:00:00Z,2024-06-06,12:00:00,Table 1,2024-06-06,12:00:00,2024-06-06 12:00:00,N_N,1.6,-0.24,1.84,-0.3,-0.2025,0.09749999999999998,not outlier
MOBEAST100,MOBEAST_T8_C_2024-06-06_1200,T8,Control,2024-06-06T12:00:00Z,2024-06-06,12:00:00,Table 1,2024-06-06,12:00:00,2024-06-06 12:00:00,NO2,0.1,0.010000000000000009,0.09,-0.03749999999999999,0.0025000000000000022,0.039999999999999994,not outlier
MOBEAST100,MOBEAST_T8_C_2024-06-06_1200,T8,Control,2024-06-06T12:00:00Z,2024-06-06,12:00:00,Table 1,2024-06-06,12:00:00,2024-06-06 12:00:00,PO4,0.07,-0.009999999999999995,0.08,-0.0024999999999999988,0.019999999999999997,0.022499999999999996,not outlier
MOBEAST100,MOBEAST_T8_C_2024-06-06_1200,T8,Control,2024-06-06T12:00:00Z,2024-06-06,12:00:00,Table 1,2024-06-06,12:00:00,2024-06-06 12:00:00,SiO2,0.01,0,0.01,0,0.049999999999999996,0.049999999999999996,not outlier
MOBEAST100,MOBEAST_T8_C_2024-06-06_1200,T8,Control,2024-06-06T12:00:00Z,2024-06-06,12:00:00,Table 1,2024-06-06,12:00:00,2024-06-06 12:00:00,NH3,1.24,0.020000000000000018,1.22,0.06500000000000006,0.21500000000000008,0.15000000000000002,not outlier
MOBEAST100,MOBEAST_T8_C_2024-06-06_1200,T8,Control,2024-06-06T12:00:00Z,2024-06-06,12:00:00,Table 1,2024-06-06,12:00:00,2024-06-06 12:00:00,NO3,1.5,-0.25,1.75,-0.3025,-0.1650000000000001,0.1374999999999999,not outlier
MOBEAST101,MOBEAST_T9_K_2024-06-06_1200,T9,Coral,2024-06-06T12:00:00Z,2024-06-06,12:00:00,Table 1,2024-06-06,12:00:00,2024-06-06 12:00:00,N_N,1.97,0.1299999999999999,1.84,-0.22500000000000003,0.009999999999999953,0.235,not outlier
MOBEAST101,MOBEAST_T9_K_2024-06-06_1200,T9,Coral,2024-06-06T12:00:00Z,2024-06-06,12:00:00,Table 1,2024-06-06,12:00:00,2024-06-06 12:00:00,NO2,0.09,0,0.09,-0.037500000000000006,-0.007499999999999996,0.03000000000000001,not outlier
MOBEAST101,MOBEAST_T9_K_2024-06-06_1200,T9,Coral,2024-06-06T12:00:00Z,2024-06-06,12:00:00,Table 1,2024-06-06,12:00:00,2024-06-06 12:00:00,PO4,0.12,0.039999999999999994,0.08,0.007500000000000007,0.025,0.017499999999999995,not outlier
MOBEAST101,MOBEAST_T9_K_2024-06-06_1200,T9,Coral,2024-06-06T12:00:00Z,2024-06-06,12:00:00,Table 1,2024-06-06,12:00:00,2024-06-06 12:00:00,SiO2,0.04,0.03,0.01,0,0.0375,0.0375,not outlier
MOBEAST101,MOBEAST_T9_K_2024-06-06_1200,T9,Coral,2024-06-06T12:00:00Z,2024-06-06,12:00:00,Table 1,2024-06-06,12:00:00,2024-06-06 12:00:00,NH3,1.35,0.13000000000000012,1.22,-0.12249999999999989,-0.04250000000000004,0.07999999999999985,outlier
MOBEAST101,MOBEAST_T9_K_2024-06-06_1200,T9,Coral,2024-06-06T12:00:00Z,2024-06-06,12:00:00,Table 1,2024-06-06,12:00:00,2024-06-06 12:00:00,NO3,1.88,0.1299999999999999,1.75,-0.185,0.05499999999999999,0.24,not outlier
MOBEAST102,MOBEAST_T10_R_2024-06-06_1200,T10,CCA,2024-06-06T12:00:00Z,2024-06-06,12:00:00,Table 1,2024-06-06,12:00:00,2024-06-06 12:00:00,N_N,1.55,-0.29000000000000004,1.84,-0.37500000000000006,-0.03500000000000009,0.33999999999999997,not outlier
MOBEAST102,MOBEAST_T10_R_2024-06-06_1200,T10,CCA,2024-06-06T12:00:00Z,2024-06-06,12:00:00,Table 1,2024-06-06,12:00:00,2024-06-06 12:00:00,NO2,0.08,-0.009999999999999995,0.09,-0.0825,-0.0175,0.065,not outlier
MOBEAST102,MOBEAST_T10_R_2024-06-06_1200,T10,CCA,2024-06-06T12:00:00Z,2024-06-06,12:00:00,Table 1,2024-06-06,12:00:00,2024-06-06 12:00:00,PO4,0.1,0.020000000000000004,0.08,0.011750000000000003,0.0325,0.020749999999999998,not outlier
MOBEAST102,MOBEAST_T10_R_2024-06-06_1200,T10,CCA,2024-06-06T12:00:00Z,2024-06-06,12:00:00,Table 1,2024-06-06,12:00:00,2024-06-06 12:00:00,SiO2,0.05,0.04,0.01,0,0.01,0.01,outlier
MOBEAST102,MOBEAST_T10_R_2024-06-06_1200,T10,CCA,2024-06-06T12:00:00Z,2024-06-06,12:00:00,Table 1,2024-06-06,12:00:00,2024-06-06 12:00:00,NH3,1.31,0.09000000000000008,1.22,0.050000000000000044,0.15000000000000008,0.10000000000000003,not outlier
MOBEAST102,MOBEAST_T10_R_2024-06-06_1200,T10,CCA,2024-06-06T12:00:00Z,2024-06-06,12:00:00,Table 1,2024-06-06,12:00:00,2024-06-06 12:00:00,NO3,1.47,-0.28,1.75,-0.34750000000000003,0.03749999999999998,0.385,not outlier
MOBEAST103,MOBEAST_T11_C_2024-06-06_1200,T11,Control,2024-06-06T12:00:00Z,2024-06-06,12:00:00,Table 1,2024-06-06,12:00:00,2024-06-06 12:00:00,N_N,1.66,-0.18000000000000016,1.84,-0.3,-0.2025,0.09749999999999998,not outlier
MOBEAST103,MOBEAST_T11_C_2024-06-06_1200,T11,Control,2024-06-06T12:00:00Z,2024-06-06,12:00:00,Table 1,2024-06-06,12:00:00,2024-06-06 12:00:00,NO2,0.09,0,0.09,-0.03749999999999999,0.0025000000000000022,0.039999999999999994,not outlier
MOBEAST103,MOBEAST_T11_C_2024-06-06_1200,T11,Control,2024-06-06T12:00:00Z,2024-06-06,12:00:00,Table 1,2024-06-06,12:00:00,2024-06-06 12:00:00,PO4,0.09,0.009999999999999995,0.08,-0.0024999999999999988,0.019999999999999997,0.022499999999999996,not outlier
MOBEAST103,MOBEAST_T11_C_2024-06-06_1200,T11,Control,2024-06-06T12:00:00Z,2024-06-06,12:00:00,Table 1,2024-06-06,12:00:00,2024-06-06 12:00:00,SiO2,0.21,0.19999999999999998,0.01,0,0.049999999999999996,0.049999999999999996,outlier
MOBEAST103,MOBEAST_T11_C_2024-06-06_1200,T11,Control,2024-06-06T12:00:00Z,2024-06-06,12:00:00,Table 1,2024-06-06,12:00:00,2024-06-06 12:00:00,NH3,1.33,0.1100000000000001,1.22,0.06500000000000006,0.21500000000000008,0.15000000000000002,not outlier
MOBEAST103,MOBEAST_T11_C_2024-06-06_1200,T11,Control,2024-06-06T12:00:00Z,2024-06-06,12:00:00,Table 1,2024-06-06,12:00:00,2024-06-06 12:00:00,NO3,1.5699999999999998,-0.18000000000000016,1.75,-0.3025,-0.1650000000000001,0.1374999999999999,not outlier
MOBEAST104,MOBEAST_T12_R_2024-06-06_1200,T12,CCA,2024-06-06T12:00:00Z,2024-06-06,12:00:00,Table 1,2024-06-06,12:00:00,2024-06-06 12:00:00,N_N,1.21,-0.6300000000000001,1.84,-0.37500000000000006,-0.03500000000000009,0.33999999999999997,not outlier
MOBEAST104,MOBEAST_T12_R_2024-06-06_1200,T12,CCA,2024-06-06T12:00:00Z,2024-06-06,12:00:00,Table 1,2024-06-06,12:00:00,2024-06-06 12:00:00,NO2,0.01,-0.08,0.09,-0.0825,-0.0175,0.065,not outlier
MOBEAST104,MOBEAST_T12_R_2024-06-06_1200,T12,CCA,2024-06-06T12:00:00Z,2024-06-06,12:00:00,Table 1,2024-06-06,12:00:00,2024-06-06 12:00:00,PO4,0.11,0.03,0.08,0.011750000000000003,0.0325,0.020749999999999998,not outlier
MOBEAST104,MOBEAST_T12_R_2024-06-06_1200,T12,CCA,2024-06-06T12:00:00Z,2024-06-06,12:00:00,Table 1,2024-06-06,12:00:00,2024-06-06 12:00:00,SiO2,0.01,0,0.01,0,0.01,0.01,not outlier
MOBEAST104,MOBEAST_T12_R_2024-06-06_1200,T12,CCA,2024-06-06T12:00:00Z,2024-06-06,12:00:00,Table 1,2024-06-06,12:00:00,2024-06-06 12:00:00,NH3,1.4,0.17999999999999994,1.22,0.050000000000000044,0.15000000000000008,0.10000000000000003,not outlier
MOBEAST104,MOBEAST_T12_R_2024-06-06_1200,T12,CCA,2024-06-06T12:00:00Z,2024-06-06,12:00:00,Table 1,2024-06-06,12:00:00,2024-06-06 12:00:00,NO3,1.2,-0.55,1.75,-0.34750000000000003,0.03749999999999998,0.385,not outlier
MOBEAST105,MOBEAST_T13_A_2024-06-06_1200,T13,Algae,2024-06-06T12:00:00Z,2024-06-06,12:00:00,Table 1,2024-06-06,12:00:00,2024-06-06 12:00:00,N_N,1.49,-0.3500000000000001,1.84,-0.4600000000000001,0.08749999999999986,0.5474999999999999,not outlier
MOBEAST105,MOBEAST_T13_A_2024-06-06_1200,T13,Algae,2024-06-06T12:00:00Z,2024-06-06,12:00:00,Table 1,2024-06-06,12:00:00,2024-06-06 12:00:00,NO2,0.09,0,0.09,-0.0825,0,0.0825,not outlier
MOBEAST105,MOBEAST_T13_A_2024-06-06_1200,T13,Algae,2024-06-06T12:00:00Z,2024-06-06,12:00:00,Table 1,2024-06-06,12:00:00,2024-06-06 12:00:00,PO4,0.1,0.020000000000000004,0.08,-0.0072499999999999995,0.020000000000000004,0.027250000000000003,not outlier
MOBEAST105,MOBEAST_T13_A_2024-06-06_1200,T13,Algae,2024-06-06T12:00:00Z,2024-06-06,12:00:00,Table 1,2024-06-06,12:00:00,2024-06-06 12:00:00,SiO2,0.12,0.11,0.01,0,0.0275,0.0275,outlier
MOBEAST105,MOBEAST_T13_A_2024-06-06_1200,T13,Algae,2024-06-06T12:00:00Z,2024-06-06,12:00:00,Table 1,2024-06-06,12:00:00,2024-06-06 12:00:00,NH3,1.36,0.14000000000000012,1.22,0.2900000000000001,1.6675,1.3775,not outlier
MOBEAST105,MOBEAST_T13_A_2024-06-06_1200,T13,Algae,2024-06-06T12:00:00Z,2024-06-06,12:00:00,Table 1,2024-06-06,12:00:00,2024-06-06 12:00:00,NO3,1.4,-0.3500000000000001,1.75,-0.44000000000000006,0.12499999999999989,0.565,not outlier
MOBEAST106,MOBEAST_T14_A_2024-06-06_1200,T14,Algae,2024-06-06T12:00:00Z,2024-06-06,12:00:00,Table 1,2024-06-06,12:00:00,2024-06-06 12:00:00,N_N,1.05,-0.79,1.84,-0.4600000000000001,0.08749999999999986,0.5474999999999999,not outlier
MOBEAST106,MOBEAST_T14_A_2024-06-06_1200,T14,Algae,2024-06-06T12:00:00Z,2024-06-06,12:00:00,Table 1,2024-06-06,12:00:00,2024-06-06 12:00:00,NO2,0.01,-0.08,0.09,-0.0825,0,0.0825,not outlier
MOBEAST106,MOBEAST_T14_A_2024-06-06_1200,T14,Algae,2024-06-06T12:00:00Z,2024-06-06,12:00:00,Table 1,2024-06-06,12:00:00,2024-06-06 12:00:00,PO4,0.1,0.020000000000000004,0.08,-0.0072499999999999995,0.020000000000000004,0.027250000000000003,not outlier
MOBEAST106,MOBEAST_T14_A_2024-06-06_1200,T14,Algae,2024-06-06T12:00:00Z,2024-06-06,12:00:00,Table 1,2024-06-06,12:00:00,2024-06-06 12:00:00,SiO2,0.01,0,0.01,0,0.0275,0.0275,not outlier
MOBEAST106,MOBEAST_T14_A_2024-06-06_1200,T14,Algae,2024-06-06T12:00:00Z,2024-06-06,12:00:00,Table 1,2024-06-06,12:00:00,2024-06-06 12:00:00,NH3,2.81,1.59,1.22,0.2900000000000001,1.6675,1.3775,not outlier
MOBEAST106,MOBEAST_T14_A_2024-06-06_1200,T14,Algae,2024-06-06T12:00:00Z,2024-06-06,12:00:00,Table 1,2024-06-06,12:00:00,2024-06-06 12:00:00,NO3,1.04,-0.71,1.75,-0.44000000000000006,0.12499999999999989,0.565,not outlier
MOBEAST107,MOBEAST_T15_C_2024-06-06_1200,T15,Control,2024-06-06T12:00:00Z,2024-06-06,12:00:00,Table 1,2024-06-06,12:00:00,2024-06-06 12:00:00,N_N,1.36,-0.48,1.84,-0.3,-0.2025,0.09749999999999998,outlier
MOBEAST107,MOBEAST_T15_C_2024-06-06_1200,T15,Control,2024-06-06T12:00:00Z,2024-06-06,12:00:00,Table 1,2024-06-06,12:00:00,2024-06-06 12:00:00,NO2,0.07,-0.01999999999999999,0.09,-0.03749999999999999,0.0025000000000000022,0.039999999999999994,not outlier
MOBEAST107,MOBEAST_T15_C_2024-06-06_1200,T15,Control,2024-06-06T12:00:00Z,2024-06-06,12:00:00,Table 1,2024-06-06,12:00:00,2024-06-06 12:00:00,PO4,0.13,0.05,0.08,-0.0024999999999999988,0.019999999999999997,0.022499999999999996,not outlier
MOBEAST107,MOBEAST_T15_C_2024-06-06_1200,T15,Control,2024-06-06T12:00:00Z,2024-06-06,12:00:00,Table 1,2024-06-06,12:00:00,2024-06-06 12:00:00,SiO2,0.01,0,0.01,0,0.049999999999999996,0.049999999999999996,not outlier
MOBEAST107,MOBEAST_T15_C_2024-06-06_1200,T15,Control,2024-06-06T12:00:00Z,2024-06-06,12:00:00,Table 1,2024-06-06,12:00:00,2024-06-06 12:00:00,NH3,1.75,0.53,1.22,0.06500000000000006,0.21500000000000008,0.15000000000000002,outlier
MOBEAST107,MOBEAST_T15_C_2024-06-06_1200,T15,Control,2024-06-06T12:00:00Z,2024-06-06,12:00:00,Table 1,2024-06-06,12:00:00,2024-06-06 12:00:00,NO3,1.29,-0.45999999999999996,1.75,-0.3025,-0.1650000000000001,0.1374999999999999,not outlier
MOBEAST108,MOBEAST_T16_K_2024-06-06_1200,T16,Coral,2024-06-06T12:00:00Z,2024-06-06,12:00:00,Table 1,2024-06-06,12:00:00,2024-06-06 12:00:00,N_N,1.12,-0.72,1.84,-0.22500000000000003,0.009999999999999953,0.235,outlier
MOBEAST108,MOBEAST_T16_K_2024-06-06_1200,T16,Coral,2024-06-06T12:00:00Z,2024-06-06,12:00:00,Table 1,2024-06-06,12:00:00,2024-06-06 12:00:00,NO2,0.08,-0.009999999999999995,0.09,-0.037500000000000006,-0.007499999999999996,0.03000000000000001,not outlier
MOBEAST108,MOBEAST_T16_K_2024-06-06_1200,T16,Coral,2024-06-06T12:00:00Z,2024-06-06,12:00:00,Table 1,2024-06-06,12:00:00,2024-06-06 12:00:00,PO4,0.08,0,0.08,0.007500000000000007,0.025,0.017499999999999995,not outlier
MOBEAST108,MOBEAST_T16_K_2024-06-06_1200,T16,Coral,2024-06-06T12:00:00Z,2024-06-06,12:00:00,Table 1,2024-06-06,12:00:00,2024-06-06 12:00:00,SiO2,0.07,0.060000000000000005,0.01,0,0.0375,0.0375,not outlier
MOBEAST108,MOBEAST_T16_K_2024-06-06_1200,T16,Coral,2024-06-06T12:00:00Z,2024-06-06,12:00:00,Table 1,2024-06-06,12:00:00,2024-06-06 12:00:00,NH3,1.09,-0.1299999999999999,1.22,-0.12249999999999989,-0.04250000000000004,0.07999999999999985,not outlier
MOBEAST108,MOBEAST_T16_K_2024-06-06_1200,T16,Coral,2024-06-06T12:00:00Z,2024-06-06,12:00:00,Table 1,2024-06-06,12:00:00,2024-06-06 12:00:00,NO3,1.04,-0.71,1.75,-0.185,0.05499999999999999,0.24,outlier
