Wavelength	500	495	490	485	480	475	470	465	460	455	450	445	440	435	430	425	420	415	410	405	400	395	390	385	380	375	370	365	360	355	350	345	340	335	330	325	320	315	310	305	300	295	290	285	280	275	270	265	260	255	250	245	240
248.336	12.0400389940635	15.9044546206199	6.7742149240877	9.94215504147423	10.3159884702133	4.72805684984218	16.4387554501461	16.8075537632698	5.64601153590812	12.8499980007409	2.42764122298925	4.32054761111191	24.5308868380831	12.5265747680218	11.7934755604942	14.1545858783214	2.99096672467107	9.04669385233737	20.2784236693777	11.4011111687183	27.8586172401115	22.878633326304	11.7943720922692	8.97642089383035	6.57803533517018	5.64045283356021	14.4536868313959	15.1363536010789	23.5625639009244	17.4492680631828	23.0236588061563	19.753901302022	19.5914391327151	25.1664111050205	12.2812334961475	26.6889924451406	40.5235571272744	56.4101493324025	50.8592577613002	58.3043321026517	84.9578766633059	121.032721789565	362.124772168134	627.530475466295	775.647352572048	829.509921976749	820.020488742646	887.595814176921	969.812707926163	2330.18381846406	45077.3524504385	139914.558490978	47023.8122380877
252.814	-5.01579375802804	-1.68077951056533	1.01418833368222	7.14465739351912	-14.8266050947116	2.26512569882399	-5.70688953037217	3.01957203344692	4.78992890085169	3.27457414434055	-13.084184017666	1.72491288664899	9.94425378807721	5.73649205476195	-3.42426592917948	14.8338829203607	11.6424550161498	9.89306764425841	12.4021563580444	12.5627475862167	30.1373818066157	9.13394620440318	21.1892561068057	19.058765229877	2.31721809494273	16.2134277214475	0	0.884335440107279	6.17334052042361	25.688433116306	15.5112391468193	9.89390309210445	17.8158300965958	24.3794941226908	33.5555604171697	40.6833920151454	51.6006241863307	60.536162293979	61.4836471907466	69.2241229232232	126.382876212496	354.35013080672	650.964179565255	900.146713700821	952.684580101006	984.911158896367	999.706494244907	1040.27207595444	2203.62419338103	40786.3725750328	153201.923712274	61108.4710329888	2986.53093275847
257.296	17.3692806079358	12.1951258855707	17.0585317565312	11.3103360056938	6.11229905965271	3.36169015939322	14.9630268848907	5.4772295885568	0.557550561786771	9.39565242981148	19.0587375118418	6.82654998483486	5.81389236662312	8.73186788658819	13.1284455714968	-2.09667406578753	6.20259425745419	14.9154300126971	38.8573938552557	17.8338395172379	12.7791759953701	10.0413026339173	-1.49748262107051	38.6806939339963	21.5510721685257	13.8136405012359	20.6412329013651	12.2495231277648	11.3433063678061	0	34.9568234999728	36.6026377662566	34.8242154401115	36.4010749636363	46.3890976189291	61.3369187496855	80.3720086048333	78.6119037586573	85.6157313141145	121.961502192843	271.248975929607	605.574570241585	875.074726250337	1062.08267718472	996.59883322352	1018.21812788371	1081.79888112484	1897.08384568044	31331.6294114853	135352.088431868	65700.0208368905	3790.04073425563	4498.48734187066
261.781	18.2547361850162	0	0.509115705074402	5.73851173887591	3.30793590454417	16.2981155289089	14.8970643329517	1.2631706671036	6.78921038360573	7.89030787571277	-2.91918762368185	21.6473659603687	-3.176694404446	3.10119420333688	3.00817721299556	0.851029623386007	-2.24785919837059	-11.3514360017893	8.81988172811778	-5.48383876575666	-12.9675106779632	5.09464378505927	10.1303463727924	8.83141997225925	9.30582287362479	10.8520418571014	18.2715502194564	-14.6497041262238	1.77084303763735	24.0423088722652	10.3820499507408	28.9362666850328	23.9945591184874	34.7123872662405	45.6882696477362	63.2133928927186	68.2202178141373	63.4907714103685	100.595004302032	249.956449256619	546.588876086223	824.019656521553	1005.95344175887	945.459672989412	1013.35440167	1068.98021337274	1825.1614401202	24025.1626125198	122313.341059696	71023.7373421194	4030.38534999692	3034.79544246916	19534.5918677565
266.271	16.0057290215497	16.5910264624721	10.3562941724249	23.8326314241307	-2.94389982138069	-1.92751083924837	9.03268638338589	-1.54170459344891	4.89119339226822	-1.67190116480048	-1.48453315592245	12.3296564137747	-0.923135137495236	2.25298767587631	12.2383056857437	5.19342442673939	-6.85880170788929	-1.44317403370032	11.0813079219951	19.5213842454618	7.69362999973615	-12.9542334915006	-2.06068769946636	3.49312366504332	-1.41972401708255	1.37968315359652	10.8782909223647	8.57879722893302	24.3148572957319	8.44743720228456	25.0786766678166	20.645406663681	21.2985094351075	64.7267506204977	41.3057085264587	55.391312987034	66.2556730278952	95.4835887037204	200.558341238998	481.79179211091	776.313973025138	983.980024706843	1042.08872919621	1020.30433865188	1048.54803116699	1641.52727758408	18352.7258269669	110097.545584413	73884.1966218867	5055.02143703719	2066.84899858444	12494.905334457	25853.9150769204
270.764	-8.96850257362731	-4.57953829718005	10.3624113516727	-11.1933530663618	-13.8865824539566	-5.78594810128576	-2.91549088508843	7.19887110187418	2.01521043549678	2.00746645321838	-1.85676253623444	-11.0151242893183	-6.92760306098138	-0.450863690794771	13.1202155546069	-7.36169705704889	-1.83009413710805	0.481342159021667	3.16795809914353	12.2778322808932	17.5958272370359	-4.14780326474603	15.9797629070796	-5.9917490699915	-0.947041739443227	5.98215841009676	16.7806044974712	-2.71069404929444	8.56028090556258	3.5589165776905	3.52189332702762	21.5366482053214	31.966634821709	45.2901978593305	28.179618188781	45.0320252834736	63.68477661052	160.153737518358	449.63237882703	743.27862965435	935.702959382054	960.233413542938	983.45970209258	1040.78307004638	1456.41690430504	13407.2415526814	94104.4909650758	77021.1370521377	5999.58664442552	1499.01510237959	7730.6419823182	22936.3149978034	7492.04426486913
275.26	-20.0662379521883	-40.9052118813612	-7.60757372627765	-33.3468245782054	-6.59060825788591	-19.2565077624799	-15.6963421056254	-11.8284626331456	-2.53623184384689	-10.1527295649108	-7.27010083256402	-20.270820565789	1.80832216643973	-12.7987435746033	0.428098586318648	-4.23889929055794	-17.4663485959566	-4.71170378920461	-24.2912640312306	-16.3886940817968	-19.3769888741658	-8.12030277966964	-15.6420766452101	7.33141338959969	-6.02568681054316	-6.75662621856635	7.54707867134759	1.76894089219115	-22.9330510162122	13.4993728660227	12.4970724273323	18.5001209524734	37.8100937507325	24.3832159883414	45.054067771291	64.4252045844241	115.480409817293	350.298408701803	670.16018934231	892.155798156138	895.834868483062	949.747296703637	1002.88531473339	1312.39848144482	9602.46643389638	77214.3296778062	77451.7512486334	7253.1893595982	1683.94982119134	4453.87337705676	19164.008835985	10939.832011287	111.454733875014
279.76	-3.04832888658879	8.71669011387369	13.3135695867924	9.26322638954523	-0.800960960617466	8.07617779713905	6.93667923652588	2.93621280259679	4.38371449960023	0.318417524707619	3.18074450606401	-21.804827368102	11.4278623381729	27.0324698405241	-4.57838506761959	5.76974968115139	5.22509992400686	20.1560995162775	-2.51245388108362	5.3112767507471	25.1189142937639	7.89492594359744	8.83041386127685	20.4334049748422	5.85844548157175	14.4520152951618	14.6752230347788	12.0389108694207	35.5887245282372	35.5637069531184	31.8419545988806	43.5026075234449	46.4790266213688	64.6539991016515	80.0086239006424	112.558398154798	330.367532931227	606.519551288887	901.223277400998	919.945707834945	939.035531220019	955.392626508601	1229.90178786502	7593.07239516205	63052.2312906421	75182.3240376935	9003.74384364778	1913.93523611358	3067.89048501592	15235.9806872147	14419.2715440121	1650.59699600097	260.067209969447
284.264	3.48140789526821	-14.5178230149785	6.57007952546768	0	13.7213137878424	2.09626548248429	3.16887196355096	8.15053597285499	0	5.15178494452067	0.336355178593228	-4.78897309732337	-2.09157527266515	2.85861099616485	0.792248579616654	-2.74560981346949	0.82881040024883	5.23174906977143	-8.12996840563619	-11.626221954844	13.9453526235781	4.22651514595849	11.2055102534618	19.8992544649875	12.0090572182793	3.33438928678637	4.10787893305477	12.2761522174922	21.6282829727769	39.8909862512631	30.7035571871928	37.8196405963572	38.2032039299337	47.5854264047533	87.6320219855428	292.239853159429	549.879174348478	833.84712996862	896.17774709341	841.25641073992	883.507714787505	1034.35339308605	5162.92124404243	51531.6301915124	60022.7324756446	10576.4449617847	2119.9231985549	2470.93246655284	11181.6101341646	16357.8465690406	3081.80896329681	722.453230462546	948.798580886256
288.772	3.29128700839675	-2.94107136190171	3.10564260736234	2.50038117654239	-9.72899107917836	4.6241713020949	-0.748954692947897	3.52248337827607	-1.47909550587407	4.01095403916077	5.08778729899707	-6.03659416456385	-1.97735362505586	3.47464448091024	8.61331152898132	1.48324063647287	10.1861341166367	16.898974944526	-11.755040508373	-4.77883041771988	-5.65019661563731	16.8707489341532	8.38657899756396	-18.3849913709786	-12.5696568645552	11.4270771211607	18.6410219835109	9.67145608951504	25.848290250141	22.094206988956	41.0899215723974	42.5287953418631	54.3654596844074	84.5441019468404	210.735520759474	450.862711768358	771.505797906291	837.018294638305	813.367607415783	829.847827874922	890.262534974348	3342.27097118389	42638.1613038404	48766.2084370349	11701.6639859966	2052.20564739411	2321.74455249956	7756.97347814945	16292.9731576438	5318.52046084058	978.197384069198	603.581227592882	604.48946193964
293.283	29.4452897329999	16.9149264059317	25.091044913265	30.7580639420987	33.5034148668324	14.2472712270367	11.4865294116489	7.59704625176932	18.4311685073241	14.005645376742	16.4594767152153	27.8468465700464	18.9538589460901	15.5428428451472	5.38451855804843	7.46421634529901	25.160782565491	41.878939013925	37.7036447338772	45.807323746752	42.8764894392911	37.4495615827722	24.1167841724181	42.6227644474672	29.1498478057854	30.5939448376768	32.0140215075071	39.6779232718395	66.9343258748069	43.8172351956337	60.3446239752416	64.2152148428226	77.2567061293169	194.420390205983	425.201972077749	730.30736114512	839.784344269306	815.466542649122	822.142567182497	828.549166656421	2218.18793887101	34902.0805596254	40852.5166550408	12247.5301665578	1761.17596633823	2234.912604586	5421.97274662417	15391.6466479755	8060.20581088773	1568.04062427503	1309.47382656384	1263.69864452221	2560.71300674765
297.797	10.1807009753737	8.18766373328455	13.9979853361307	-1.16013734222609	7.02193033723594	0.613012111312104	10.8884316808889	5.31172397402999	3.20262569463995	1.8610192727565	-4.72130576749288	13.6543108236451	-1.46793732138755	9.67308069125214	-1.73758278185475	1.37640041928239	-3.27198822731172	1.52992336605903	17.6211096379895	15.964572776656	0	15.2435342447984	-3.68643797778724	5.95140375583759	11.2879782498609	28.886666848076	35.6777006045192	36.2582142053992	35.8005913147544	41.7124417309881	52.4726810050505	54.1339249803547	147.46755839023	335.050047269967	603.461625932628	757.342195866822	785.203447286061	765.316973777701	768.183346988404	1627.89984503998	26325.3072026177	35775.8123028818	14302.4716405029	1338.16427903815	1633.08070944041	3420.90812141654	12931.7867282511	10533.8505466307	2173.5096165545	1290.19228269941	1017.29062226052	935.96376031265	1266.65476512735
302.315	30.9825941004429	7.59127660343534	28.2919615451938	-1.51854107804428	7.87819752724714	20.4609773182433	8.64230265073213	6.61842257199466	1.79657990157036	7.82983278563868	15.6427933036591	15.4666441462285	7.20536388684378	19.3438153480337	16.0343647943318	9.4584775675459	27.1244672605769	15.3947253347926	18.946116199154	1.741378561572	12.4391840967408	24.2668608025462	17.6927565007374	26.0964456536235	5.17131921610044	31.2297132051927	45.638333155321	43.7003709662135	44.2832153493278	55.8711851289646	45.6743145168296	132.000917542102	299.581311255159	556.794090965436	752.520750302976	758.923126435756	745.179802708584	736.233084355936	1254.15238759246	21198.8860597632	32505.2306390466	17739.9900835943	1089.44087301333	1166.37962531988	2056.32396821623	9255.64219893985	12338.1389270557	3323.51645612363	1728.14696645454	1427.03038262662	1252.18268765838	1410.80933908537	1438.87690545795
306.837	-9.96666575205041	-8.90614374930518	18.1372459817254	-13.2503822691682	-6.21960830697658	-1.20024875108017	-6.35035078775967	-8.20008245661265	-3.5831941692834	-6.50676394433328	-9.82184947772886	-10.6252481996231	1.07780696996846	-0.350730277245033	0.340210499162188	-16.8432936901308	0	-7.11435445850644	12.3218929035364	3.03896047986796	10.6936931050369	-11.6964523708642	-3.2079428391376	6.60312150913761	9.20888670509332	17.1823986487808	14.1121721466627	23.898253378108	27.6878672005184	38.4130504421789	73.2871749051845	249.935190033517	492.506476135192	690.891434305677	701.84177645989	739.495352087434	686.66893982041	1031.90586325568	15850.6186740533	30268.7336357804	22210.187672836	1044.20346270462	826.489801003403	1190.55412119187	5776.11976737335	12330.0552067519	4475.52729811995	1814.01034105859	1376.92463425839	1042.45516197891	915.46512873141	894.641849810925	-124.002509235891
311.362	19.9081424234693	0	5.635568261233	11.721222411672	8.17335368044022	8.09144125042326	7.70139593369358	6.19222753497617	-3.5786662073203	8.3181332039294	8.07836065389177	15.061940095354	10.764449815489	3.15258364070376	5.77626997213587	7.73812431772645	12.4411443487161	16.8284943664212	7.79400402319028	22.5466075544522	39.303061828519	14.5013858781192	16.8204176157155	36.465239556274	27.2238592442347	39.326571692559	29.2457535688725	24.2190547525665	40.9542637968256	94.0103287578928	233.26492008556	462.359243679637	687.809901722715	720.27925540009	715.185616823355	712.032661954193	945.359339067418	12140.2498554331	28385.6963308382	25242.9241648087	1271.2982023271	676.540379761665	783.712838420677	3384.65020709792	10733.1459573426	5938.86766972944	1943.87714987729	1552.7022378759	1415.5796126315	1167.04288834648	933.436074651804	1297.03256273261	1096.9200441419
315.89	26.3516615741868	37.7651198493123	28.5515318919928	16.2420579474554	7.51189496309851	10.4783174687851	7.24105589094292	11.1746679322031	11.8423656482272	17.1388317352313	12.9699740625832	23.937989191978	24.7332427761598	13.9973391828265	9.16481521562031	26.2158447424499	18.1102250764365	19.4266304439523	27.0465793928651	29.4542630910721	34.9956284244652	34.204820931612	30.0061402092829	42.2414776998641	43.7347168732333	43.5727149339918	52.0964135368545	57.1553764749408	105.604297432805	217.17943546401	424.37328826127	663.160313125168	715.716703974596	727.6370371232	708.266805375335	848.43003878408	8779.19917412177	26942.1942579172	28377.358503874	1609.79820299143	671.756166964774	644.758017746207	1795.14082364731	8378.05461876158	7026.51175523366	1994.50483336573	1622.71194170332	1514.96492620727	1307.12438662702	1090.8818276678	1028.0362335949	1158.95250202525	1944.18395732067
320.422	7.96795246841475	9.34514089623834	-4.43055740990811	15.8897296351096	-1.96276153489386	8.39607204876849	-2.94638768699541	3.99734113185817	13.6517098416972	4.9418037852757	4.9076110141428	0.685037331876797	0	8.0613531772387	14.2791993416826	-13.4655427274565	2.13402517956085	4.4902445901919	-3.28362093598776	3.47075416326773	10.6864773652135	15.7190979354019	21.6390030429778	17.8552137407828	25.0312701847713	29.6911828702957	23.6219383038362	58.6516958483612	183.877491072617	355.513245781739	624.574041445786	685.405860214077	703.056621751775	685.144072111272	758.689804520099	6270.50534241759	25475.636487485	26951.8340925369	2152.83683796434	686.814836632732	622.896745997853	1055.17982727662	6106.98503504976	7754.45000939272	2331.46731572858	1715.79578866524	1759.00796539666	1644.18742831423	1386.53955948891	1322.78245306035	1025.85399282386	1175.2276022791	1646.35025724519
324.958	-4.11097075145215	-1.37757566218007	-12.0528937735124	-11.3212104369309	-10.8017448400659	-11.1390530936292	-6.54835503653025	-7.01209484394813	0.923729584770331	-9.66188903470715	-4.76616245918991	2.12062141145675	-10.743659426412	-18.4449692883568	-10.5245483759574	-5.55790989210219	-11.7442669738984	-8.4945246495676	-3.38829070083227	-16.1162507137317	-11.4682078993165	0	-4.96194998110777	20.0264916511416	19.7517221072144	21.4094272391772	42.565156819916	147.860412537637	311.894495057532	597.373252716195	671.321916972569	690.330751561013	705.52335918824	719.336184043466	4164.90499737172	24880.4204819128	26245.4139892444	2913.59659369225	727.889041281904	687.307377135077	777.146089066421	3968.40668017945	8364.18533399762	3151.80722104328	1838.52692663076	2033.1937938053	2052.6104493562	1912.26732688706	1610.25951993295	1334.94904027625	1105.95240739125	1108.53215446095	474.941678902937
329.496	45.4848429073948	31.7684602508587	21.14250208119	17.8731222352078	21.2925988387794	14.7957395480341	1.90351901737921	16.9960081258375	8.45824789341612	-7.37252672225056	17.8810870389641	23.7327942314916	19.9766725579708	6.62328300061582	10.7077078975121	22.2651238307548	8.58809459649272	18.0703797084031	22.4071729923464	20.9513683536631	36.3496534610381	29.6197744553793	38.2829657567059	41.565029007478	48.3064010577038	49.1973145778934	134.729533569536	331.470198828537	593.462785651295	733.752644845647	691.268589515932	696.246643420769	719.975694714607	3137.73524954567	24044.4411058879	25334.4172970591	4103.86347458371	749.526297117698	734.859961176442	774.208363983603	2404.43915721257	7722.22913595961	4198.78697128287	1695.86439092489	1871.3817775288	2084.96239437588	2072.46525553777	1898.73651641148	1728.68374026022	1574.37116172421	1486.87061173264	1899.89147744147	2862.07297305429
334.038	9.99720043246329	7.05270736503383	21.7037063911134	15.1896882378721	11.7514985489001	4.11869397064958	0.957865599129122	1.26704054789306	-0.236458679717796	6.32059231944776	-2.74512273640857	8.32357938963822	11.7594315137298	15.1831546466314	10.4171905984062	7.82500453822799	15.7832205665004	32.0237227712995	23.4182714166163	11.0012783787223	15.8074076116373	35.3459087075207	31.7543185988301	41.0114635562813	41.6155653811656	111.498614229251	297.263554025613	554.015552627383	700.515785577993	677.804787419298	682.324566240255	666.778866397225	2218.27373349759	23283.9117029906	24145.4653451167	5355.05095923792	741.74529318255	717.139835479415	718.553017109159	1475.79584328946	6121.18702392355	5414.49885780372	1683.02313690282	1682.99833837846	1967.2283551017	2175.63500441799	2110.32859592948	1922.69562965007	1715.63650813716	1451.36580879127	1520.67585498985	1980.64103681783	2450.24002172481
338.584	-9.44894654574231	-21.5778676765273	-7.21769854928485	-3.98796513016449	-8.62065830856349	-9.48251449104845	2.15017190563846	-5.0563437744388	-3.30270196389487	-9.87003135858069	-13.9979093834051	-8.66522054044275	-14.3811732611106	-20.689608580134	-14.6934086679135	-24.129977594048	-5.24880525625414	11.0441149582481	-13.8451333270629	4.11585921127539	-13.9681982508706	-7.22264166868936	14.3617228048331	30.6868718770863	86.5292567412703	230.772983394805	467.154074208668	655.642048869086	698.882257003022	656.903526528519	629.507092537568	1531.41986203205	22714.9363928131	23171.3490618554	6944.03000585603	653.272855838248	646.337343634171	658.899898957563	933.275268140547	4351.47848215238	6167.68916748038	1896.1963204977	1437.65527381789	1767.91364633405	1989.37291613971	2139.71520714655	2030.65208536312	1913.80580067399	1554.18014901564	1465.8576908362	1412.22188834374	1504.81705223059	2089.97670248603
343.133	-0.524459915348644	4.21788385578624	-11.4528875299461	-1.99215336864157	-4.13412003656617	-6.31587708516584	-2.38688825290118	-3.57829125101379	-9.19194399368554	-2.73916027874144	-6.99253414257909	-5.7715142856839	-6.04967603055464	-5.53677557039458	-15.7540707340427	-8.86317711728323	-10.4879804424559	-1.97035420496618	22.4777026161969	-9.13796331932936	9.45364750244925	10.6117881153863	16.8806446580319	68.6755350863832	218.644535530419	446.429933061375	648.291781501558	645.793828620624	683.486960801814	623.158078851318	1123.78367955242	18415.95431625	22725.7217308829	8555.91234881751	544.461915245002	550.579380757507	595.74303274195	657.843325674467	2703.92020697577	6105.47834323457	2523.68952788922	1139.36874847229	1312.81537619409	1636.85252649436	1795.42692867921	1969.27976963903	1834.11363684445	1759.43832379781	1504.63567877381	1232.33408798598	1156.95962740487	1313.60874282065	2479.57059097004
347.685	5.79282408340515	-0.941168660426054	0.851856774875585	-8.80158324704915	-0.345929174725657	8.5615577874678	0	5.70657965498326	1.89329419739828	3.02548834841877	-6.41078790160059	11.2283732401173	20.1221026166038	1.85319457274266	2.8761759861272	15.3074633881091	5.64170600517584	4.35263590498774	26.0426504767327	18.3512123408273	28.4777723410981	35.3762673977463	63.9869394926641	236.428925217812	423.51985323109	629.467964188906	641.64158260127	641.39761843187	657.042987147072	976.804074703175	14628.8356870644	22612.6314615454	10834.4589910722	503.369228398219	450.18203286906	484.50426242107	541.123804214086	1629.81864732055	5376.56220088367	3254.53784767396	980.42710085029	1037.59682126701	1259.77997612371	1500.9969405064	1628.9422748428	1695.79157824234	1673.23872069076	1520.61726109458	1315.70771801635	1157.99082985537	1356.02116769282	1563.00059212687	3051.39053334106
352.24	12.2792327146018	30.532556886503	17.2719875642877	21.9016895774235	7.36465191006015	14.787426504086	5.10249367952937	0.642804803593652	10.5566599565857	20.6338495009059	8.04657754869952	25.3366957686542	13.4713547682435	22.5448839936443	29.5227104466897	24.1799453936909	14.4893374715714	20.8597326499336	30.3618871568551	39.0687750245336	32.5364040256044	79.5055557755648	203.628457708317	402.809051596243	621.542993987058	640.44600463833	645.572818860355	644.214883497192	844.452767751402	12244.3374575276	23010.3370184281	13105.3790432071	551.318015849326	364.991024439226	397.28428739634	424.784640085404	902.269015843223	4178.57872912284	4122.42561803203	1018.62081657669	771.532997983162	949.333604826934	1176.42233952018	1371.10015060847	1468.98014220889	1519.43460936899	1460.74070616249	1404.15099347125	1256.60197444023	1212.91203473091	1317.26281893706	1445.41523269474	2448.19293143249
356.799	11.876244907015	10.6125305067112	1.3098351777725	-13.1234163580715	11.7019958514415	3.25048253844537	1.96546917747928	1.73324883001292	1.45558702751822	6.20275017362867	2.1905287780804	8.1683932288171	2.72429629028261	-6.83883821100776	-3.68539700100421	16.4212456067512	9.63868993288735	-0.811238325437021	16.4624498539687	33.8607111257157	49.1168084133518	156.850957173717	381.388607502767	594.116522581345	622.085104391451	596.784780874456	608.434040100105	763.703433786279	9589.54357323742	23523.3512117696	15654.9949843118	667.793708864421	304.546344423066	341.579513714198	337.991896018539	511.669125970866	2718.49686674265	4531.82794586711	1355.30731496075	619.551968625794	674.104673526145	862.836472632654	1062.39169566428	1230.30746489751	1284.93917204111	1296.34303978248	1290.501598122	1141.8809387052	1038.20107932078	974.315034617193	1099.57876717797	1102.00408222682	2283.57858010445
361.361	10.8717790714993	9.71494676657946	6.15513509751169	4.54259243332605	-1.07122676055061	3.92774461707079	2.22655239180513	-6.32678513134317	4.88574819652191	2.27125425759998	21.1125107872098	2.61713517503596	0	22.5723094144545	13.7309365677876	8.45153467567545	7.37642210536499	14.7039874612927	19.2652813256751	34.5700969171186	155.37554526509	333.044881081455	592.688709334307	666.892480243361	625.613999571206	632.179089876567	691.949319016549	7628.1179520438	24000.5178454696	17602.7804139383	877.875228111713	300.977679862663	304.03016794557	285.927465633383	327.592833855685	1629.68043320751	4320.53245325194	1894.61749382438	491.111253852411	506.464047804019	611.369062207474	759.556928009279	917.633768713973	1008.11996152192	1068.8641049193	1065.8048844765	997.459554662292	970.362188485708	914.992452036471	917.633221310182	1103.05852816633	1101.80892258237	2164.21887642305
365.926	5.99773589937132	9.25737935709633	4.40994917697437	17.8116262719568	-1.07449758529817	13.1324579199932	13.1519548533675	7.65908981352347	1.7152331247716	15.9473242611534	4.42503946113083	15.3757391206474	20.8338895669513	14.9662370836602	3.35015558578989	11.0574001641242	15.5767260337962	30.72684126284	43.591585413047	131.577471544398	282.214793140686	546.325609078531	623.016765437813	646.404449091832	614.22408700709	660.351059433112	6278.21226457126	24118.2047504271	20556.949579828	1144.63947715252	270.161977925908	255.508580669191	276.994502564984	255.190768182636	831.476426445001	3589.42074794401	2650.26315510974	514.70211323942	396.068973576849	443.585014613967	526.999500848062	663.824914326714	791.346037997142	835.872497414096	902.844392138418	925.948338497253	912.674538560031	822.291843215636	806.189589883949	665.79021058986	884.303035093914	1128.85540647254	2694.1513450408
370.495	27.041001568559	21.2640141363024	22.3080637185937	6.57375050130934	7.81564789694114	12.0488574536162	9.59924690893871	8.2480413648343	22.359961856236	31.9180504765781	25.7075731617251	33.4774808465465	35.090948998094	22.0766983205003	21.7837475180082	28.5157297809968	34.3767101699784	62.5799900928558	111.882655964007	246.411840245565	498.568527502745	625.491278468079	600.984378846832	657.593992529414	649.211220323741	4999.03844461005	24061.9358763588	22168.2121864516	1669.02138706331	267.78005014576	264.251024060309	244.527842589084	241.76031096324	452.706560239113	2578.8450852891	3225.62968512587	758.433551456579	322.164731792269	358.968490368949	401.221747886406	530.545849307516	603.463009334648	714.896005817778	776.455169295055	764.915814494333	830.504208863556	779.004666179382	755.085061772854	694.676587789075	673.537475598462	756.568341026332	1417.22554094872	2633.81866733776
375.067	9.16226534781848	17.3378903255633	-3.9231542540938	6.1416585540566	-8.14275402202225	8.76211767210381	0.245286547491135	0.432611842839648	0.968822903338811	5.62974967077487	9.68523352616174	12.2327859216768	20.5934755465778	3.03457091688505	25.7560819292584	26.5958529386304	24.6351638289625	87.472128627392	192.787978850073	416.470915794745	542.649947636631	568.374545875941	566.821437977528	603.238225013696	4169.08164035408	24298.159232388	23739.0330677559	2134.98937606899	252.447274859348	211.090635561207	225.932177551383	220.389214061058	267.448082232251	1701.7077593043	3499.71388980224	1201.95695123885	303.470086771689	292.712771808208	318.581912479185	348.685054786409	456.848008396896	546.001238475443	604.105991831119	664.325946682136	659.580695158915	652.402212108053	629.109254886632	662.004631592729	587.680029730001	540.119920076187	749.819146327887	788.102933798185	1015.41213361305
379.641	-4.15349301957291	11.1345981136495	-26.0347923775604	-15.776982889285	0.682092115599664	-5.93975418499431	-3.7806220863744	-0.625113988336621	-8.39955852973451	-1.89813318782823	-1.80579816495316	16.0691721533128	10.1061815802367	0	4.60781107541988	11.9327223030541	36.709648787081	159.164299136041	336.342943774487	454.113408053023	494.222887314161	522.313062539749	558.144554811766	3669.57255530236	24061.9785535317	23383.3520128289	2567.09360459245	219.690915614357	199.004324537049	196.857542995442	184.819404653262	190.219435073977	928.718345346414	3168.08577230203	1775.30915366208	321.651848771624	225.070734322717	239.90288272436	255.982048492548	311.255528335562	375.686403456548	421.010100868644	494.878183007552	536.714478682986	517.690157978106	516.606916368905	581.790816029868	441.610758778409	414.057300920891	449.585743084677	522.779802870719	413.422219339255	1384.19506511755
384.219	2.06092996520696	5.52489839150299	6.25076875590304	-4.30562689141961	-5.07672965903517	4.9638036999374	10.5520184718525	-1.24070621441945	4.39933775085226	-5.65103089806266	-12.8429903749597	-1.06311926694854	2.60016625329616	17.76857840277	31.3055301734606	49.1088171859271	98.9867486281459	270.609113401014	401.302003477924	447.512854867298	513.898298800087	525.841174995728	2839.94905900791	25213.4742950641	23911.0940143277	3443.83452297931	223.238266123283	168.600389493895	190.96614078221	176.394923123361	171.019125940764	516.821708798454	2557.11016204359	2411.42383058079	459.334187070741	195.023752353098	194.387409025821	222.529784457467	247.950674884559	301.399902838156	342.999154559948	405.718448800778	425.034982848133	507.194462948231	539.138559946603	432.945809717017	452.265243315521	472.845924329588	476.35753964989	453.681267745015	443.552745916333	626.599660335792	879.137924309717
388.801	25.4011621139164	19.1377850554511	-8.05660992431832	14.756673977808	2.29018721583698	5.99797676588534	8.61364151713889	7.79583218547714	4.2527266926735	12.7463146437292	19.9217258773243	10.2769006157158	15.4401565953709	16.4753492056386	26.861998188999	99.9946992143763	230.860506365583	357.02101886379	421.589834702753	456.029817993654	490.359549676892	2080.43202235659	23126.2952237584	24386.8046003011	4098.3008016846	240.42262722414	170.664325201877	186.515651587144	181.449461554261	179.509190170203	276.217540647008	1749.27734769541	2790.1561616352	731.361716502878	210.693518600186	180.060084223642	183.039090715128	217.260665709618	247.827873995459	301.485447848849	344.9547683276	349.918136216023	413.941170066967	422.859157345976	458.990810840706	467.295855868137	431.37944342235	366.506534773097	411.270706565026	382.833141877309	394.316219984238	879.732967911724	814.430026808886
393.385	21.446229826219	-3.40696942235602	2.69820792274347	2.89646906330292	0	7.74807078054226	1.51829537312512	7.07708856794272	5.99690177289533	11.449892740995	8.01181474967666	9.50591511068051	19.5845290542422	21.8024429654242	73.5317149876198	181.699890203783	286.937660848181	340.908155217321	401.837397688216	425.983636804664	1743.08186964365	19983.1131223769	24092.8221838989	5113.22763411453	229.685331704401	145.153313435824	157.231057279645	161.33070436372	160.887459226075	183.351356081656	1040.84639921557	2701.55469885438	1195.36227892187	198.456831527861	130.328448869369	174.871984004538	186.019234584482	186.526900553926	215.936058681511	244.172663661073	278.842400557018	299.694818059206	357.891225535461	346.819878875	378.131878518464	388.333429891014	393.861771585283	397.372007056381	356.535527811509	410.374851768861	366.321533896999	648.595486563794	864.014743516162
397.972	4.61327167442464	-9.89373057168798	-1.86559756561744	-7.35984708046339	-10.000287979946	1.66667781483971	0.629868764697066	-4.25844783450623	-2.28051103473216	-5.78263016370735	15.5107030515038	-0.317297406740118	15.299128681049	44.1571768801588	130.072922027312	236.382518472167	286.319115837687	324.795962506448	368.061731722256	1161.48602262827	18078.2203195357	23424.4303915741	6030.76236375534	224.374805889959	113.894491741372	117.641360752629	143.053048602284	133.392139443762	123.292069202337	572.812471456061	2271.21850140135	1722.17741439509	267.293150703011	118.719683756611	111.613036463729	146.110381030226	149.615297536804	165.443435739295	195.619477281097	232.782153216106	231.288856639713	257.123619750388	290.686757307542	315.548854600212	305.401943523663	311.746173846519	298.325876954297	234.921617646665	271.865445565793	278.291374977139	421.968468212131	494.251933799604	295.184854842208
402.562	-17.2979830924161	-21.7988386859822	-6.81590287784411	-6.40213647010925	-2.33082884559317	-9.08031995468136	-5.45022475509609	-2.31413493282744	9.76691489068449	-8.57112304995286	10.5416641800254	14.0328597500478	30.0578940863522	111.130743435072	195.610063162433	229.366197787701	261.973828996726	300.273946844161	773.905612485762	13950.9995536793	23852.1031111069	6778.57046593624	247.332297639429	121.68974874257	115.076117481088	123.300398919408	113.043953605671	107.603563581619	272.948950132225	1712.85135674507	2103.16943328493	468.642547010732	132.181853920381	105.048047537225	110.88612140515	139.790999500839	144.930280094723	166.711104752782	165.523196948965	198.89083871892	210.90779570553	253.649037775575	268.539186924511	252.087752332523	264.481443040924	261.499198976315	273.361226365036	269.298019165815	208.166582284855	243.825057479232	242.054531259198	218.332005944608	236.501911685878
407.156	2.19924237602458	11.0052757537183	-7.82644797656484	2.33906125959	-13.0018496732175	-1.05938655145651	-1.80162909503326	-1.23570725210418	9.88333593031229	4.36477475151976	23.202722294447	19.9666184126526	89.7406810797994	197.814129566646	229.116012757571	241.135451097369	268.276417611552	578.366512972005	11224.535402116	23990.9238496708	7721.58904946281	297.252712903377	130.600906996417	110.049631545908	105.66561253763	113.427979168389	112.103602136666	156.650512282753	1091.06610531396	2274.37483977775	844.849229358577	152.098089806733	103.341630848719	101.997435152607	114.800833547437	128.095132340717	150.176165586852	167.978614925189	168.140126284788	195.958384013291	184.145899998419	221.570546850993	264.135861040641	270.461479029624	281.789896342759	284.308626113565	288.54366029496	275.672644843768	242.134235453696	303.850857060711	297.515618793031	254.724494296034	437.797883190931
411.752	-2.59559427180579	16.2358359277513	5.248264893716	4.60101932752045	10.7983820574719	16.6708177601847	8.66279465140514	6.42394398579458	11.8589395057854	6.55222344322394	30.5942524793831	71.4092201384345	155.31547684896	212.212858437641	248.6711840326	243.887041922394	418.336499426239	8604.34677040932	22293.7167993458	9405.94535390833	326.022731759114	122.193257969436	102.689090818843	124.420628981067	109.999629519388	126.785146023923	125.875542317998	655.63076258221	2078.62395626641	1258.7384521963	222.96727663523	107.444517462402	112.132029038437	111.632522323954	125.912259111275	140.353430738158	166.736467046933	161.107768552975	167.72570049421	199.851247074648	218.22742009903	230.481638462669	253.381254808512	282.476540850387	268.617978212131	276.23338335007	312.065790053294	278.391490707123	291.573086140652	368.29229733713	428.942692975946	720.262864076566	553.605750556493
416.352	8.94126945192791	0	-2.41055396983193	-22.3187282414808	5.59370320732552	5.64019270202153	1.74398274678794	1.02528735973688	9.75844292174514	15.7885912538774	44.6738027227283	132.65865261066	181.105539665818	174.104253331744	249.689837109965	331.277797949458	6265.76415596177	20028.9344507602	10100.0156005019	440.288884395155	104.523448734411	94.0759896941737	92.8465808484337	109.183309879405	104.172984136334	107.657727200145	361.420720516535	1634.68980935362	1671.82197670981	352.445575739992	124.940164217824	94.3566564273206	94.723435830755	105.055218812847	108.942482583089	119.062951544427	143.289325205473	128.83509545123	151.935276721312	177.317365701669	204.221663036525	211.627594767735	212.632785064579	259.405675414934	244.796752431117	212.66355749469	210.725879487894	243.025933171996	214.854490685809	227.84610240505	206.17900748348	486.983902963679	-30.2706968681891
420.954	17.9381415501654	8.9466415936356	4.38622872405506	12.0429547078135	12.6053920838493	16.076086652671	16.1379253954417	17.7471786493356	28.8708901281898	54.905351552473	114.867471094834	168.998082771463	187.669378510195	201.999730402705	314.986493762856	5075.68295862186	18706.5346965964	10883.3655416632	568.009122954689	129.016263052716	101.335878344836	116.145849392586	111.110146705902	110.55245158918	119.643177880505	228.042767718906	1189.63142847247	1859.06552415941	619.648523084216	141.082735591141	107.506461634378	105.614972400898	109.577332272225	133.014151855296	114.691758490044	145.658425691612	145.491177182769	142.053934087885	154.923921609964	192.721557624465	188.880464198324	192.438268107204	227.36655250428	236.510748673345	259.035036932444	272.915664787065	290.220029045842	260.289361481087	313.557435852568	324.711750045711	464.944377735205	773.0838261503	578.343865560311
425.56	-20.463273887461	-25.6001764983332	-30.1221131945862	-28.2935192733874	-21.7760782009691	-19.9609637017483	-14.5284573215935	1.64255370201226	12.69067333963	60.0643217435836	113.403763695767	119.351659263151	165.231549150799	229.282833892221	4023.14104456414	17325.943956927	11167.2658121432	685.759726183445	88.040377693326	70.5955648077225	52.6943657156688	70.5538921406477	68.8284730532336	77.5160895861909	109.511797253686	717.915661589892	1745.43649384236	902.836706189233	149.963424734798	76.7369964494713	81.0012852190473	70.7612972404828	62.4022595435887	86.2250973448714	90.3157641852358	103.697226812751	88.7096053137717	101.259129230594	113.342068612005	133.578923891067	140.035145264167	153.594896989477	156.445156768907	169.117508442063	184.210081638374	155.51770857504	175.802506098262	120.236679917671	128.535659165391	65.7034361920681	-34.6036415740837	-124.431986372266	-611.036197425466
430.168	4.01492738001422	6.09910938866609	1.29890269204135	7.93033452672428	-4.48348944476682	14.746837773979	7.85716614222418	30.6158104232969	70.7284634668295	124.767020725751	116.835782234834	151.602907561676	218.536750432025	2753.11122656212	17255.8253575595	11971.8624029007	896.945335594165	111.016495395483	86.3683213379462	87.0931815340361	86.8452449946071	92.9351465675818	92.3975516891692	104.521258646461	442.192310362502	1497.96716926938	1227.08237763911	254.55095850086	105.889153387862	101.76688434407	93.5344726155393	98.3413221998698	98.5039119741325	99.0639037392715	98.9028768642255	118.785834784422	143.296539466638	120.103136211159	133.42738129209	145.040555058051	178.878812990777	191.03796816019	181.693367795257	217.432649222146	222.262049530925	214.690757065718	238.074859678657	239.276397640972	198.350929413749	275.401205901126	345.636599811608	465.023936269404	342.532253177802
434.779	2.0025495044509	-5.36839326072626	-8.42219971846306	-4.86825932663942	-3.15706874378098	6.75246996755862	26.2479587755842	47.2579688521964	92.6938557381994	116.931146847849	121.657532205106	180.982306191459	2111.29672633346	15597.9143536491	13709.6194641001	1071.31312545052	112.12975174004	64.7014057756407	67.3410216671599	64.549383576055	82.5072871772892	82.6589145064845	66.7114435281701	251.610504246416	1165.24049652024	1466.10586590637	405.757790059582	127.105142237451	99.4329846997754	85.942435273063	84.7731424707726	95.9022543562927	89.9354244775107	111.846569662924	123.032325311422	107.666522556035	122.385064764758	113.594246087759	122.918185194693	142.35812123222	168.918555717764	151.203677442132	173.346744281391	184.704232708152	189.480038319968	211.027251546556	197.286713393745	202.831029663584	234.611801539257	315.643828005786	206.258600373112	179.75566127833	512.54062323082
439.393	13.5267287257032	25.2413174591132	30.2468845190851	23.5748496343906	21.6910957631775	42.8803446895189	68.4424346296567	90.0549173752823	110.313709672476	112.412931440316	167.434497536012	1460.66265143564	14354.6215728328	14240.2614146736	1493.02615036097	120.752831544606	93.4827109779293	76.5272009558137	92.1417508455833	86.6484875178022	106.545783393386	107.224580949325	173.192014842919	836.325385810943	1523.90710991224	693.881328406346	171.531992429375	112.230579484915	108.004955424893	112.722327153383	109.635839224076	107.547474843972	109.465405994552	113.071260354649	123.088723281165	127.848424293737	137.780162027708	139.247393940978	153.528489159855	172.621467497926	169.439639683997	198.189717702169	210.949079813105	206.479776161582	250.959018578654	266.509672447063	277.707224368957	337.286575349692	265.340887450056	346.446297970996	406.714364695656	771.83823454421	1244.54060544661
444.01	7.47366439181145	11.5993522549843	-4.45396661756134	-5.67772112167857	13.6944752771151	39.7906144730057	72.1447650692741	77.1975139454181	113.840375651366	129.01635836126	947.426390885217	11406.9355303964	14999.2593681793	1954.78754280821	104.193236972627	62.2204241245385	63.2097461038696	53.7914658218956	63.8678790166952	54.4859125945044	65.8388765576289	89.1403393014728	506.110317264223	1393.15289958088	896.979220792045	185.073375592427	100.531269968426	95.9828055712018	93.2292961789306	94.513100254575	82.9874988360991	87.9807628903962	103.32174271079	100.670187597246	110.451270907681	103.311125667727	116.992158276052	117.328432498759	127.864269001556	124.193972221873	144.755118283783	159.045343438049	157.152146490669	173.081409583855	170.585313194801	238.073729997474	209.37121043687	210.211234124291	270.671862847905	214.32214344324	296.298923468415	370.169791278722	251.689461272609
448.63	13.8999011268557	13.8009508246625	18.4246884561876	33.4390959043144	45.1459450325182	85.3231042781371	78.0210816609061	89.8776417141563	125.278593759346	736.856464523188	9646.97195092305	14514.5824497917	2495.51014142787	120.655060241663	77.7604992595463	62.3798362143817	74.4551103076993	74.2696155404958	73.1936362274225	77.028564924082	90.4773072495438	299.371863030622	1163.84117922601	1179.10942705058	297.103086108272	118.984162447097	101.960514479809	104.835239175026	111.335991452153	104.034373348917	105.340172766107	113.381738513777	113.728853819478	102.638281461325	114.928356568876	114.830729945042	123.647590654226	125.819567811	115.693599392573	152.197159236214	144.484653432005	171.211177428782	185.205605837701	184.597046046613	185.203752217458	220.833556992235	253.28977382574	258.196098222491	280.675781377447	373.793131766064	424.394019052793	531.056149423423	1056.84785598486
453.253	9.16040533399858	6.4803260437778	13.8916839533205	48.7139331991897	72.709470684324	68.7172879405146	84.5964613600225	101.715231835288	586.109674512571	7940.1700568453	13886.1177370251	3106.65127513089	129.605726653213	58.8302812382553	56.2840077888604	55.4726646769658	58.0636843145989	55.0638632721135	63.8610072431373	87.4513084870032	173.311320309661	819.243925109992	1291.47554077333	454.57680635158	122.162684818916	96.5092116749727	87.0108271238219	96.6351774332702	99.5909494581462	104.432479824616	92.8540862418809	101.083643289215	95.4955585223681	95.5254358368962	107.734830179078	104.669461071264	113.211027109724	107.267517115634	116.793731134066	125.315870241039	133.359540151573	148.359407462923	153.902798944148	193.785727922149	182.454322966276	199.612492068991	217.417952544423	292.614993802358	290.928126436528	302.663523862045	366.722426300984	442.080198785581	1085.44037388783
457.878	21.924467433891	18.24041125299	32.101792959368	72.3672492913477	76.7271513600434	81.9398063548283	104.0821417645	393.840352969487	7040.16287979784	12455.8570376679	3141.40196126538	138.055296187478	82.8465595479653	68.6395022641706	52.6452316082425	62.0932585796543	59.6643439781577	66.7468725767486	70.1002963991185	112.954176446031	556.783237822318	1255.2748766042	684.688904781656	150.852144979078	104.221450750502	97.7521268490868	99.2862127436239	106.634663075171	109.000233880695	109.989442771521	107.286584620854	101.407003343372	102.959430457461	103.424716892715	109.468737011491	96.0694142772065	110.580717982719	103.953453338486	126.309222115921	135.458327833107	141.062702819512	142.286388723136	163.141488239624	178.591878279583	223.543105252293	247.297958978907	213.559330740992	272.874736278173	277.455222485581	318.138473455679	322.513608923971	448.76867865855	1518.42042812362
462.506	21.3672606700823	28.8079431028308	50.0261254617259	62.6523172873379	69.6867104129066	91.6413333604806	341.894013394482	5241.78337156097	10622.7695363348	3924.11624162289	152.982273489059	73.481217650192	55.6725415255902	45.1152598786197	45.8094246887747	56.255383014197	54.3490012237075	50.9817298839677	74.7696995490144	296.855424994245	1068.26717959665	929.302809319354	218.086622155282	111.613782207673	88.9459643666582	98.2855138205136	79.0868417426299	97.287974536775	97.020682443588	87.7283200851197	101.757258397317	86.4178391121903	98.206066043191	102.829573547138	102.237185467772	91.5059345677484	98.3589223666948	111.167954345828	115.047417791492	119.083273125584	133.68941638161	142.777827168788	139.134811638627	154.373475795532	163.184004340708	193.843358382025	218.784286657633	263.263273942005	283.084620559538	311.845250124439	351.526305901794	238.799985259951	1332.55924848958
467.137	18.1342119425668	38.6926322570569	46.3952197982624	53.4191131138857	72.2018943772767	288.578351993785	5420.45101790374	9342.8962494546	4094.52453214353	172.220741962929	49.3429263390828	44.0358315857002	33.0844658481247	42.9773775731285	38.1511267211937	43.029685612851	41.497678008596	38.930738579523	148.243327069106	732.839984991833	1022.24843995266	336.670589252218	99.1661783535549	83.075997504994	77.1434289138932	69.6508713497196	78.0787491914893	87.6958890255032	95.2634282611992	85.3250616174582	81.6398031483097	83.2849603822155	79.2562661824341	81.3720603983819	87.3676051902575	80.9053476626183	88.6612470000312	86.4607656346276	87.0339218804342	102.869689939578	110.179052863763	128.970266760147	136.904958572813	135.181795312942	160.496014965008	184.123545804776	183.164200291171	184.316906738618	210.260161155041	273.662459415435	227.570834071949	412.573148125693	618.319581550332
471.771	51.4183917074819	53.8237692128567	75.4506699815286	95.9819039490003	204.585966862124	5085.94776781164	10530.87785855	4410.28349102113	193.936155158074	62.9172078458139	47.903520320639	57.3421274571381	53.2214061947721	55.8338485677382	41.6223268059218	59.0887127170981	52.4616547917927	101.278793056264	473.438398178507	1030.59561859429	523.949320773297	120.090341143252	94.2752888917553	80.1546927576677	96.103883584133	83.631978359866	91.7865686000523	97.9083210238916	100.222375485498	90.7980183859261	91.3678346439315	93.7396926440559	95.9631123505026	90.3612048937949	97.7437575284385	92.4903107408598	92.4768077720114	87.0703570797089	107.715737114849	108.49087677629	107.443668449346	153.424406467419	136.770587347915	168.34090295877	180.392866862838	207.183872627545	197.20613193401	236.352854957179	320.12229056138	382.36070758052	446.037678497337	643.4035453554	1279.46692529344
476.407	47.1663044435614	58.1569937281629	82.5059509111699	220.270223363561	3439.33669631584	11923.2906530205	4539.3155317593	213.070448798863	62.1104107631194	47.1676498182492	41.7544555174782	44.2600906626074	43.7572542727838	48.8932719128334	53.9167498701059	49.1849614043601	60.0608553114618	278.300242760214	863.984814869598	735.802457056609	175.437228140546	88.7768344189203	86.4980279364691	93.4752107483989	81.6199465013044	87.1972681148371	90.0814482310234	97.4700727051055	95.1450891919229	97.5010479714949	97.7430867880684	89.557196158731	85.9041924887412	90.9907237871688	84.171242935352	87.8396738108119	92.9566857850747	102.440733518007	109.889530035414	112.608762660305	119.813385949383	120.883283371577	134.354964940141	149.02386436754	178.984788628412	188.352285388922	215.102177298405	209.719379701466	274.821213383135	281.040077851691	477.765810681607	529.358347886838	6862.59860098462
481.047	52.4091935756995	65.0451302402595	177.501173435675	3619.02779087911	11829.9188631374	5097.58809367849	246.968984028277	56.6749538836768	40.2356066936227	37.4469418247402	42.1958208560797	46.5602626074941	43.2941048223143	42.0089855001407	47.7061124904508	48.7132711962625	129.708091043023	606.826149963223	855.221242134334	284.726858260294	91.5335729318228	74.819527710968	69.9938080526136	83.1176154208309	80.1693703063803	80.5227052475848	87.0914781326081	92.6594115083601	88.3093308771894	93.7680348692905	84.5387836127253	82.6538545239105	83.2398802903106	82.0820103753977	80.5830833462395	87.4366600600647	77.9982091397849	92.2442904326783	78.321232625576	103.27983427837	104.967082928165	116.263505984238	136.880045452526	136.534517651874	157.836205465305	174.656227572961	221.76224958713	249.49028168166	236.31501561471	380.673351392061	467.18131348135	1053.85923936438	17414.1619998308
485.688	37.1867158645011	142.04107476549	2859.32802210013	11406.6113449617	6151.39574351003	327.308037739634	50.4406905825818	29.5565328720039	26.0504506128655	27.6096436033665	30.221648506134	27.3320145603964	27.0722725318769	28.2249836672322	32.1074029163932	63.0906116639058	364.793697053892	779.348896149275	390.331033708941	80.6730514762036	53.8249840861403	42.7850374633609	51.0450505310496	52.2860635427087	54.4360051314388	70.4470139151268	71.2378349330937	73.0202548407058	70.7683792862461	71.1426262539799	63.3873336953227	70.7887464540523	54.5775362524133	69.0772061829714	63.8818533246392	61.6765331947717	65.35731949926	64.1157903372851	67.5311279676378	70.2657452787534	80.6501847885322	76.9629763804425	96.2048004912137	114.659054282382	106.602005588667	134.25130283313	172.776955730269	160.151079339195	214.84865267835	280.229447902034	212.973345477929	5003.8423406358	25906.7529150536
490.333	135.082479031723	2705.83391526292	10934.2737172894	6031.9410389003	434.315455455329	59.5741647810244	41.2067882099731	34.8729526310118	31.8294760770396	33.3687925145263	38.0946740781948	23.8549436611326	43.4291247925176	39.570485559596	61.3140804402591	234.947790641611	686.806830542621	584.029735873801	142.329431882998	65.8377162472878	63.9286119716257	59.3922278396701	57.2860193833904	62.6037644371159	57.4809748283438	72.6439954620355	77.7996726858331	83.6792944396793	74.9760684636659	72.003160191113	72.0067988306088	76.3989289329256	74.6434726688222	72.7878217756153	70.9308435466597	79.5306610360736	77.6464676252825	73.9626289339836	82.8749900879697	72.8395820903035	92.4628599246982	112.9560414545	124.701702701929	131.296550800793	130.141183383943	158.038383140046	197.736757846071	232.902799598372	306.621613689151	312.592818611771	687.523250423428	14435.3269532068	19973.2369035184
494.979	2105.15986367577	10622.9237095881	6745.34195452619	476.624290227328	53.7028561312439	46.5893942501763	33.386867499622	25.6337617181021	35.0997533736197	41.9360629111493	31.735514803286	26.3576459762964	34.2060571396019	39.0442224076736	132.30679972786	511.195120352146	650.617810129675	209.789266711217	65.8779720152754	55.3243336891391	50.1242193387395	50.5117250618916	57.8552523034016	58.8858088304632	66.6352461077084	62.1342171692651	65.6307734416699	75.931013398288	83.1662948659717	77.8097687775931	79.2576555080098	67.8608434210169	67.0313900343576	68.120224884579	60.472820010562	75.2764754635822	69.2946408639722	72.3660461087083	64.2906389766805	69.9887032131455	89.4153571051481	88.0533691109025	91.8090118959629	119.931037098648	127.701839313465	159.418125663301	166.148554395016	211.384305246603	296.221226183305	296.514087211918	3792.80511729019	21627.6434299523	6110.73248974102
499.629	9704.03038148823	6705.30174105821	556.374360220647	54.3569266251201	48.4321530304751	36.5221256694595	28.5965796595772	29.1536316584277	29.3799579002644	28.4540837729263	38.318989604153	34.973067774096	36.6586166740885	64.16161455803	333.253933954775	643.505616706041	315.430230957299	80.2338316083952	44.9030393497412	31.3249589739691	45.5165008188964	54.0881697271346	66.6345984818776	54.353798547796	64.4327499208731	64.7027200267775	69.940878369497	68.6468078119549	69.2245285708827	64.569003959465	59.4045168979102	58.0623027105244	54.6236174408608	48.2745648676047	62.5760314637995	66.4943482794614	67.1827778436214	64.187319851516	73.2128577431496	75.6292143448811	65.3283049852688	66.5310606357104	83.7500596131009	123.447154356771	130.662221096049	131.61122652689	161.951022864816	253.040544236689	308.882820525741	365.752731364153	11077.5539188672	16511.4599983452	1019.97101077811
504.281	7359.89020875753	666.349272441167	86.4535283181	61.0420625597304	42.0338010549981	36.1219991624222	34.7484583932522	40.7113148183002	34.4754050968669	39.8768550905581	36.0401865358943	22.7559695934567	48.7538862660187	224.925500845782	572.627062804978	444.111206565286	108.281447465623	56.0031327927186	61.7305232224314	50.6784773123327	50.2446871263769	54.1440258511878	58.8043229732589	60.3610149656854	73.9054350300541	48.8383207309625	67.6964952679284	80.512527283025	70.0631303749038	60.8484364197368	53.9690186499279	64.3585571673178	62.4914588737747	59.8914321539346	61.8409849790841	73.5844312970342	68.1409516140833	61.119283025389	77.2500022518338	66.5520123317221	81.5567919315132	99.0874572755596	99.0795557477263	110.24293303932	129.005412372627	132.459286368	231.718780254237	281.78559861762	266.862964015334	2522.23191504971	17667.4942750407	5700.75719328902	607.444849260295
508.936	794.685462147934	55.5947094655716	49.7339626442936	43.1425021017394	37.0663093096057	36.3724918905949	34.8996328997093	31.9376058431532	23.0825623654626	26.8261717244227	21.5971723970794	26.3711195948548	113.436887868292	441.181338957458	525.243292700627	155.510402638574	50.3757308095292	34.5168322907032	38.7565259154754	45.3768994346318	36.326109062808	50.9390358072937	49.18907457437	43.9815245358704	50.5329018898543	60.0205328335982	52.2407441657256	64.5391264736796	53.9316349327972	65.0580279923644	59.1611323143974	52.364601051783	49.1353217841172	47.3095978315019	50.6512924031264	56.4423082765355	56.5913869236102	66.1071221138351	58.1332576240217	59.9051622199747	66.182385563925	70.7026443026216	89.6512986479951	89.2727881048423	99.8233665720174	150.909931064734	195.064984325094	274.269216559512	370.161902723859	8439.43584708274	14568.6901022272	738.400446318196	745.771427008481
513.593	53.2220977624291	42.4173967135325	49.1536653965224	44.8037728045308	35.4332564881253	33.5624259214939	25.5314016552479	30.1641452771739	31.1901916982463	25.1675080419048	22.5137836070666	60.102707759774	274.293663896371	546.938380462349	261.46146775059	55.6676482331123	31.0768635028433	32.1543129687216	43.2732392393631	34.7744577014671	30.867260170279	47.1499838385497	41.0899254650895	35.8773793212883	49.4413636302864	44.1722009079565	51.4275243582315	50.2149244733847	49.824048432232	47.9476604765943	44.9775681468607	55.7607805822282	43.6154988062668	40.6782791423966	38.7560547180358	45.8355453502534	41.9034912270105	38.1313835483678	47.3461269100289	52.9391285362601	66.5406813763957	68.6845062026249	87.7992446270585	86.2174220357683	95.6980320646654	136.648544103568	224.992060500151	214.31493669003	1746.13258388249	13976.2842473964	5602.83752594684	322.797073776205	242.882603319667
518.252	54.3895429865619	42.2071045081963	39.0700998704747	34.2517552510443	37.6080954333633	33.826950462206	30.4532196392186	29.5837692742185	21.2263936886128	27.8460266730188	43.1449147986993	164.155390052958	480.858795972509	378.01225035355	80.8588628755986	47.4094603586099	31.6894749652867	32.801496093516	40.9942456214832	32.7316753520625	49.1427678954379	41.4137082656505	44.3413874995256	45.461095376417	55.5441518604269	46.7806083364239	51.9325513097796	36.8435974033418	45.5504750320771	49.200886917912	37.3774542774329	42.7180286379586	57.0390363459205	49.5838459500624	49.5821755322009	37.0394735892294	45.1946905923729	48.4304665777406	38.0140258838898	56.83535757095	60.2925102454737	73.5397317921386	75.8919277960938	93.8643343239649	105.216190176629	184.331932513903	243.089912158776	270.319981902579	6622.86380183147	12441.2676821055	926.884734718226	264.210227123075	432.477257145155
522.914	34.1510232136171	27.9740254867528	28.7720905515745	27.5659601689895	28.2753111982258	26.7752709041723	28.0090498782812	25.5564180056588	21.742118459681	20.6234164096485	98.1598529293742	337.651797036124	443.175823492851	145.716533916143	42.7437842564193	33.9069494520939	24.1366853821938	43.5694514269301	36.3572016867881	26.6525061809581	31.4512218087334	35.4139083800398	41.2203538372926	36.32321259487	38.9171856267744	57.2404660365523	46.3408810386681	47.1658523466772	46.2856886405373	46.1966000176365	38.8708395526996	41.2486105916034	39.6945502143905	42.0011590270261	35.7309865193545	50.8384617540566	28.1182390743022	43.2413036666116	40.0534892090826	52.7141059321771	38.2445685905512	54.038563106577	72.8175213075661	100.842681001901	71.293516654747	170.714958825829	244.164175724533	1227.26437497488	11416.0522243726	5444.52800562616	295.311425376402	200.865208962132	1087.53557861585
527.579	53.3559531929171	36.2356688422971	48.3325642287724	36.2106972562779	38.3199565330192	28.914571832804	23.3116976921494	28.8374900688372	25.8962631967885	60.3781955322715	243.726953180251	457.74425584649	230.799024152309	59.5829417210752	41.5255648167887	32.4610460867221	34.2962731400355	34.7453728439558	46.908104443537	46.172671862044	36.0281067309958	46.3504292567647	45.509858402618	41.8648019275833	44.6979667823791	48.8031266320705	44.0700606959899	54.4363137174512	54.2867536478927	45.9452361158316	57.6896542445061	40.0244713570801	56.4546381529192	40.9912861285095	44.8551200551194	44.23903913703	59.1297018173967	46.3037058013633	51.6770589588716	50.6421208739324	64.3477865131266	71.5148983797533	89.03955442313	109.863031188061	144.910890132979	217.379819538968	271.544807451185	5098.68924703616	10545.1100942622	1086.72660152751	404.647951639882	530.440254986654	2718.58313891445
532.245	32.3887348605805	25.443824175613	29.9381432768975	25.6871938145864	20.5742873003126	22.0740077163176	18.1422188373984	20.569775357061	30.230467136584	146.481896520728	388.505678609534	308.447055622856	85.703566220633	38.576842088063	26.7284079500208	23.337882297635	28.2161079211077	41.1846436916971	32.8554100422255	37.2083963142678	18.9414006761035	41.481203178668	35.2269010549902	41.0577151238144	41.8308740829997	40.3954392009696	46.3643730086024	34.6392937692379	45.0575539115625	37.0748814272627	39.3797339132608	34.9203640029045	29.8476734249857	35.9832963870441	41.2288889667093	42.8909214072646	41.7637013761816	40.5017419370944	48.4763635390584	51.7066948374956	49.6695585667285	64.799640031367	73.293317442298	83.3252295327319	143.243985473858	182.653033493576	866.640591298921	9343.09112145037	5013.85343310875	285.6969254732	251.689110795394	999.682175298612	2429.21724750467
536.915	16.8688255609189	23.0918800318003	20.0297261340653	23.9944128302922	19.5683684747565	18.3694980102766	18.2946792035473	17.4295760773106	77.0983969037303	280.991877971697	365.971518332203	138.486469060385	27.9454160504556	28.7968643816972	26.9530234118428	28.6289958466158	18.7124816039053	28.5860964558944	29.5817093922291	36.5830546054066	41.898040013711	42.7012496430426	34.367717261368	40.0040071704579	25.4686218719726	34.2895105247607	40.6556536665766	27.0837076708472	28.5238370462207	29.9091558006403	31.5712129971603	41.3700840874311	31.3422417704612	34.5094640282913	32.1024939392105	29.1114926696167	48.2563901583242	36.5103650749456	40.7364505158834	52.8364346490373	37.8434830103528	53.3176534089945	72.5815358239034	98.7046105522791	167.441478006647	204.575199952592	3834.20325129173	9305.11723201939	1037.28811242026	226.986157041067	366.912609636426	1657.62122486206	1033.43827778065
541.586	42.1067710091666	40.2212386750701	22.0188252039089	27.8519616368339	30.7590696466696	24.042410484199	30.727461276961	52.4458241823255	188.084808192071	372.719922776562	214.629087946877	56.6731429561338	42.9178178546966	28.1021789430673	34.1980111616695	21.5930375666999	33.1837494681359	36.0022696753192	27.2252338343799	40.161024629742	37.3889272585121	38.1921020623814	37.3870031877284	44.7024685058501	42.9300263581143	47.1949118812459	53.1959134611647	39.167218488463	35.2302357666514	53.4399114535697	46.8971129514749	33.8706078147644	51.5727550437913	44.3968716070587	28.4753899147789	39.5367755892479	40.8184898601799	54.4490587372824	55.0423038036472	52.0305709459233	57.7854646621623	69.7356403343805	88.1770350668338	163.817300939391	182.462279098243	655.538006869597	7714.01746874955	4801.9096126101	320.230333507442	316.093824225601	700.312176838651	2343.88572788668	529.042231109647
546.26	27.3995645906262	24.4840618701682	20.0923272000596	21.9255226480225	26.157632380155	18.9178693847643	32.0892445982568	125.801016580423	315.056058004598	276.475039156762	68.4036662655204	41.9620175430841	26.0745863597825	34.7111919348067	23.9431587573525	25.1895082192312	25.3090398307992	19.2150906778812	29.8094435814098	25.1429715287651	37.0025977751602	24.245576282636	32.6303786120095	40.4344194636104	34.2952001854873	28.3418900549948	27.6745234963966	40.9653691690177	36.2279721011336	23.5939832249949	40.6716434737314	45.6188064746077	41.7771552677419	35.6429631033575	36.9618276081529	33.0184320141786	44.6537107421897	49.4457796827554	39.8061180636492	45.6430896998569	55.891794452446	50.19031327257	99.106102037771	180.32929343404	199.240765322639	2908.81401497033	8108.26656506259	1113.14782397224	262.991114310956	277.252854985112	1179.38525968918	1555.0249268016	311.678019118897
550.936	16.195181410627	8.22267179948442	9.82394702069004	13.421926099761	9.91303257397163	25.4872133462696	81.0771154181059	240.640482464385	313.784100140534	102.65486646162	29.2313024726728	19.7462774608302	15.9215089748603	8.54870717172529	8.54357963286199	17.665608775906	16.5613306133431	24.6141672641649	14.5616522377221	25.0112189208916	12.6374933909532	32.7689168590834	19.5476165978829	11.1886636221066	11.9710719303065	23.0025004930316	21.628440649765	29.851649350034	26.4043710028015	27.8609267383512	22.2592292360317	21.46555881273	20.9179689969558	28.8847382251394	28.3344242559415	20.1873668455205	35.9913622184894	23.7980615261973	31.0815216192108	23.8842094074091	37.2874905327257	38.2338899803795	90.3195017897263	144.309118946216	403.893926547376	6139.62434417419	4512.08513022546	180.224468400553	175.345820605911	214.873776704351	1493.79523666541	692.762099236714	196.262323010222
555.615	24.3280283235158	22.7275109024025	20.5707913494549	8.6809076544578	18.402045720732	61.0361377322864	196.612160473489	311.851651582291	169.957682287072	44.8563614833329	25.2138661821921	21.5496090032306	8.76953876217534	14.7873786378678	18.3701901366529	21.6780068285387	18.6914443864051	23.2650646378758	12.1523213566624	20.8729315112428	26.5772519060675	26.5515112130631	16.313321783563	29.0178225561018	31.0609726907163	23.5654446782638	28.18387531254	32.4945360659958	23.8502710201206	38.9083205185766	16.9719635034878	32.8773240412709	29.1232843477342	33.0962672452771	42.4281975484615	29.8978846525209	37.545413168336	39.4032316000696	40.1633940244578	35.6998099494317	38.8657532175955	68.3444829354343	155.902260947359	166.35229399547	2154.4014885277	7006.2684098272	1151.38672169402	178.423331494429	172.998814833255	706.526132023292	1427.96486155601	149.426847862748	222.753447305634
560.296	0.740393849945899	5.29288668669407	5.38944746975699	3.37485033831966	19.9405069510181	114.574322879847	276.983823982862	236.977961353229	58.7270214163922	17.5945978156762	9.87154427476239	9.67551065174553	7.73981606404654	19.8015761247488	16.1748624084768	10.0099041113643	11.1046182806723	13.3516839815882	13.4252307945652	9.67522728333545	6.67298135236593	4.19466327117609	8.93656868868171	9.81052375475759	12.0401724324092	12.4983683602213	27.2571298059283	23.7580914601187	27.5982272339275	31.1067111878692	16.5363811131065	20.3194957639006	11.2890658266348	18.8441963148557	14.3846940496278	24.8794196374337	27.4509953965682	23.2971526894688	27.563403452764	24.7391528925703	52.0445976146916	57.4751355457282	124.164380857782	333.095928557067	4930.65103408397	4183.90318221078	173.712467961385	174.014185293206	212.935916412881	1152.60848275359	756.899904921285	-91.1148899524861	-78.9580824435914
564.979	10.459544111693	13.018445770733	15.1064932170294	22.1355232481888	73.8602470553112	227.628486261763	257.735185938356	107.195173363667	22.9988305594983	7.80404671712819	12.9927306102082	10.7909953820506	10.503140292675	17.6150097396654	26.2675618343894	2.02014168567721	10.4049708652719	12.0693860910575	19.0889785949731	22.4548898734895	17.6353962992851	20.5589011261138	26.4517331468015	28.8250712039993	14.0822523929723	18.7834524565304	28.0333220251188	25.8177357128036	23.1195784194803	39.1712645095808	19.2535269483592	32.5498190087889	19.9350794854186	30.8996032271914	23.2790687478222	34.0506116510773	27.7000156529883	28.0169694183674	32.9012684274965	31.837600109069	41.7044520815851	98.4689086077836	140.952072923771	1759.08563533414	6050.47344147802	1167.778882797	186.625345125225	158.869627147017	409.962018957109	1295.72633262881	439.309062475986	37.8582374756561	-79.6743465226346
569.664	11.2885819882067	8.74241244685955	15.8256082777824	44.8805586898758	154.732665143652	282.763986285478	141.968650456017	33.8283347777611	22.4905584779053	13.7569234790164	10.906429596682	13.716758683856	18.9896085287266	11.1229705590508	16.1840234999896	21.3665568087676	16.6621624100247	10.178473208401	23.8805947632429	17.7018644523501	13.8884699006935	21.6228405743689	10.2947022457636	18.4773274781934	14.7414848238243	24.5970024620192	26.1070733093435	21.7605235353354	22.494667415102	25.6082636382036	22.4973672963926	20.6537186396646	23.2102952747566	21.0163622078311	19.8628967898465	27.3233645287127	24.2230667430038	35.6827240162053	26.9917728731065	17.8573554693158	70.0155624159001	113.478685895534	215.293755595354	4179.64775829673	3876.25783558905	195.315638108611	166.906735848604	190.563304679084	859.114259068201	957.38993237931	54.9535489613244	43.5828624380346	93.632951218063
574.351	10.6262600727863	7.46079139404512	18.723678515742	98.0261152116656	248.546186315393	197.893566176665	41.2800388201791	14.7743576663052	13.3029351573795	8.5230691067545	4.83993522566361	17.4885862820161	6.29288913305788	14.423462501527	10.3635898003191	6.41356553959559	0.271046589145459	3.70704418095494	4.69191294544806	-0.330620306191646	12.7044195093829	10.7504517553487	-1.52689491917343	11.2405218925176	5.32995121173589	7.90574974718667	7.79173876671633	16.3263685163175	21.3528038416068	13.1773576544069	10.4322193516609	14.8418281188636	6.04954577841221	17.4400643369753	19.4765666859523	11.1402308862705	13.6068934388467	15.0496853535695	31.0135229024653	37.1233115585865	79.6383745259141	112.755164543799	1273.81349817543	5229.70584033883	1186.99003522842	127.856809345063	188.714008214234	261.216183840164	1067.35586453526	478.179775879552	55.4242745769598	-159.341181843302	-580.10071446438
579.04	3.44632956643169	11.9762856967402	65.3485089770662	201.889732312205	248.519674979454	84.3891777218237	19.5187546804353	15.3684037364491	14.6272836816169	8.5997910002436	4.43954795178804	15.5390262344156	15.1836722601806	13.4752757551248	7.84265959644477	10.8717812594217	23.5198357581545	9.20717239600341	15.1492736587908	18.0142078981029	17.4203940916338	18.2853201576516	18.1795464559903	19.9972174357861	27.1726974185703	20.6299518950788	17.350350262207	17.8236063815172	22.6222655721008	13.827814975769	18.4207218897583	27.5863173599327	8.7579156549738	20.3042932138589	31.1622801752953	21.8894173615727	32.1392263906785	26.7390820753965	29.5542133983739	56.3716583728587	95.3971233139221	164.667322120305	3397.35094012097	3487.07205506558	196.886688058757	153.00917373783	189.518793707905	560.348932860634	1068.85622202834	201.190320509344	14.716627856268	138.599585594948	-27.2243066162475
583.732	21.195965170715	46.4904856587395	141.821095430875	244.465426906123	136.44851352048	27.613969601563	13.8559843954683	6.34145374633057	9.3522203227713	3.42172083153193	10.723244394215	24.3857336994286	8.3351150231617	13.8329257004567	22.1002714415286	3.12614323390933	8.53244973502613	15.0576033104486	23.8225390806902	15.779581465585	9.59304132022444	15.9073173202864	14.5748838261125	22.5284981547186	17.9464387217359	12.4573502986228	22.9183722900143	9.24074051799006	13.8230283178619	9.09924470123375	14.301400760213	1.05764673154479	13.888852742668	16.3476027100401	19.7779147408908	28.8768906121819	22.9243624055671	21.5948923435202	22.3952886488802	73.9024140266023	95.6105219770398	906.528101776244	4639.95314202085	1123.43208470131	110.786355534196	156.254976967361	206.928576302789	921.932630085894	677.248980908693	80.6172526592325	91.8282290061267	-39.0567565207126	-383.584521696709
588.426	30.989105337509	112.843476663332	225.261448698963	189.5157828844	61.3233158363724	26.1233246229308	20.4501655004133	10.7271068531526	22.4563528458974	14.3642364245429	22.2304730802984	9.59133464193051	16.1974586444234	7.08835989391602	25.9162965644472	33.2552250437458	25.729037311381	16.8814227214104	15.0055938066449	18.2230021037167	28.2621883561395	33.5458723164775	22.4423475535091	25.965576662151	26.6286545107174	32.2774855888351	25.2302093841977	22.6743316275223	26.1536795491389	20.9821300069303	15.4397887549758	19.401354179408	22.0143276287989	32.0418239240912	32.0914579041015	34.7108481941451	36.9308080915939	35.0635213591707	52.4072658130996	90.0395301071557	113.721173105044	2642.71589324563	3246.14367370864	173.724875797494	154.626186218973	185.132166560782	425.933779891606	975.448004319281	319.862567080462	197.868827748451	181.623856635633	594.473559405343	481.947387976254
593.121	63.8455266748948	163.850337318036	216.627703276384	60.629076367798	18.4123261050608	5.62586415019267	2.30329606018716	0.624972750250795	8.57261200107514	3.25320741279089	2.48241147467926	8.8360478188912	12.0685450630224	2.19194661813696	7.97325574816558	12.3686301324015	1.11216226118002	-1.46257663232764	-0.962596232463375	14.9226659274315	7.35151954465123	4.09605933214538	0.939776577476627	7.58589983955155	8.63286806684788	10.3469179535917	9.9220886449338	5.49103196770427	7.11872945008536	5.40695233668415	9.89880249679559	21.3681412299045	-1.61886412219428	6.88080026037886	8.84790136114725	14.1342467744389	5.39286371099103	30.8760426494269	47.3671884046927	76.1624528381929	571.450885478732	3958.25314501088	1165.0691923103	74.6691784215122	110.634467147705	150.219342940899	552.576398051406	708.015142810327	167.600367374932	34.0900910749628	134.655205399473	-5.63630196592618	-138.388232045809
597.819	142.955028199	238.338109284357	131.14322016635	33.3246087318054	24.4410417144813	16.0363991385111	15.3293877232897	13.6754078798615	1.40807899533329	3.68200370252154	6.35710026836477	8.08137607519819	17.7888124162349	13.5069101707268	23.5297361517522	6.8836223811248	26.2939578031813	10.2999855547547	7.10175243524108	29.6847187091022	27.566919177787	32.6497647533341	17.018334947631	28.0850284459657	25.1868030917723	21.1003903603258	21.6279396912078	20.7159657842684	16.5272400617858	24.2065277428877	12.919393247356	15.854359997989	27.6872144667416	13.0141780935136	27.5657464237447	22.9936729080178	45.9571365015287	47.6072244810829	72.9032038962945	107.348488422805	2020.68250188745	3107.72027210904	180.140232586685	94.4536010521994	144.759411438633	205.595862807461	836.622983352673	460.254904769608	152.029464565109	156.239001216151	282.981752440475	402.598865192042	529.057289927663
602.519	172.892400686925	151.673621533706	26.1790919061794	-4.79802207910843	-10.6310261598782	2.61448318301471	-2.15577199992269	-3.96055699602376	-1.06434765240086	-2.88625683636684	0.915284788253472	-5.15837471442194	-9.96023702529998	-16.6688794221301	7.27601142664362	4.00248923186302	-14.6597537360183	-14.5331539625441	-10.410894595245	-6.8776315202394	5.7599475012913	-7.02846903327013	-1.90576690436795	-11.6913822629981	-2.62598068187906	1.41773301824282	-2.23566000389068	-5.84599499921798	5.55231764339203	-4.66000771042483	-4.61152985774473	8.1248093974812	0.547147364719119	2.511635542632	-0.578793629674587	14.331374268351	20.9073528351446	37.0915917538043	60.5723860334279	420.148109312466	3325.54893433009	1229.65337294029	61.3292502666553	71.8137066177743	91.4278751083214	346.380005067222	726.156347065306	164.562405277514	1.39293324551902	-9.60153853092711	-94.0562143900111	-102.868386022932	-112.254643883569
607.221	184.011936652971	62.2847715799406	25.1268214938449	14.2213997363041	16.4829182975848	-1.19912759750769	11.4199540535974	5.43497314232271	6.62271714237289	7.28076828589719	15.9311662728368	16.4366293850819	-6.89152121208046	5.04579830023128	16.3148499931577	1.34620482819658	11.9474397184279	16.7592294836791	19.0400590568759	2.42889742704776	19.8289548383502	8.38134329033665	7.05088185227056	9.62379102712263	13.8372281507593	7.43875103955638	10.4332525647653	14.8873445854005	14.0060779421565	11.0636882948915	10.9485932382764	14.483383246997	26.7761589103797	17.176954772871	17.5205293579568	19.3835248683205	30.5081428914955	57.3413179496474	98.3691927118849	1620.1537780819	2956.6021410664	199.303273302707	62.8650559605446	84.8197145364016	134.781088814004	603.834589729974	487.233828470364	113.670234564634	157.416609069986	104.632550310906	251.039395246689	149.928775889067	14.1584775276093
611.924	112.996327114462	23.3566832301458	8.78133817913024	12.5251325126305	3.96222197451117	5.81113041799915	2.37914628574045	4.19609990676915	4.69852797798075	16.3816542193655	8.85800789361528	15.7648685817111	18.8439177040085	9.33953615388233	14.5499563675886	23.3772584069139	6.31832883844154	12.0859278928487	8.94866084150815	3.15288137463736	24.1614980001722	8.46189468622136	15.8551670982087	17.8654242003208	12.4840218728995	12.7096426293443	18.2201503928156	11.9109019144272	12.4438050225387	18.9890325827407	16.5807269315743	10.4841140448886	12.5413140434192	20.1849962276428	6.48593572859596	23.9186640085684	40.3038947834491	73.1455048151038	275.671038041482	2908.86384440196	1368.4274382228	61.0842593762248	48.0977829098987	79.3965957155056	212.70201223433	671.861947512575	302.284587865486	127.139065406921	85.1408080041527	91.9443180020499	43.2723070450649	116.438239263564	-71.4727589633482
616.63	55.2982868439119	37.0606256877486	35.5169329374607	34.9053243007482	14.9572010547773	9.79318893547783	15.7293755216676	8.97531961126424	15.7145403276896	16.1395531191775	15.5564738460097	36.0761322788906	19.0539911947278	19.1734794235989	17.4880397640236	22.5384341285739	26.7166581108687	18.6365107342959	30.1614040768941	27.9838184195576	33.1561566904609	26.9850285354931	18.9765604504655	18.3815119882585	16.5303740642012	24.8264343734402	14.9689069367697	15.7714930406287	10.0088303230154	16.6594515546079	30.457452515233	25.3865855800271	24.5168428423672	26.7342517696422	28.9158827791446	37.0632041367972	70.9039515588435	84.1261839359244	1247.51892608452	2786.52869530959	267.321459752856	73.119134408068	74.7058055781319	126.156981136077	386.063129215525	564.666482712574	185.101315801418	213.881480521086	149.222605118995	142.421086814188	240.650905878377	200.151713399573	332.439897593051
621.338	-2.04897157062407	8.05616617642054	5.30303925744305	-1.24527819868363	4.03781784678453	1.97400063758284	-0.559508861896521	9.04571879082252	6.62977654792877	-3.21042354674119	0.950211711081254	13.8108211154905	4.1361263676827	-0.288415959724276	8.1131917479482	7.75641573211341	-3.2194386268402	-1.53956465761602	10.8081704123053	-0.357003967448393	22.8637306100078	11.2766760908863	8.2437093822322	24.2750420144684	4.24073551341615	12.6577653162431	17.4072896077503	13.5831700209641	6.91703039242441	0.853735032303093	7.88530087130585	21.0871226608097	12.7805917973324	8.69159536356214	14.4211242386879	35.7711215915578	58.7709206161099	202.779944402512	2405.95672301552	1360.13795420253	53.3753103422112	23.8013542824092	33.8560312790077	105.184841026385	512.954234284059	314.64801866356	98.5383484513071	74.5284087571522	127.255660716438	95.6921244035786	88.1958127445192	17.7989674823023	466.152955278368
626.047	28.1342386234326	20.3342776974717	17.0661422491194	7.54358799899267	12.2300520009588	16.1931367659112	11.1095905264499	7.63833233872248	8.18105650808232	9.50788839203571	18.947320625342	7.11416206410112	13.7209417492234	12.8124531652086	6.214078694698	17.3402383337813	7.97832190616958	9.01542598077351	22.8474288535982	11.17364996108	21.6632643077416	24.1098779045311	19.9753427719934	28.056014429356	14.9854420025764	7.43000178397086	7.02993762726139	17.7989113308829	12.803285925125	7.18293906669153	5.11791499545831	14.4772662863281	14.624093396007	23.9857014046699	38.5231620483899	43.7859731936422	62.370881204563	969.087677528304	2517.77467048412	282.900608699185	52.6060029709459	63.3110065230091	59.180626642022	212.978104264896	496.142960273255	158.838336954635	134.258929550389	118.078000292369	131.400577250963	42.2682803436023	108.12576124061	329.455354276744	-14.7074977019947
630.758	30.1088567927902	32.136607433837	9.80841197063863	22.5559219740577	17.0311116094973	17.8776936772545	14.2739055780246	4.02798158140427	17.8531904096865	16.1621314274699	18.908228037289	19.5581680814057	26.8319114004768	21.1908133636243	17.1293480580014	26.8548353380528	20.6078363698003	27.6507198431647	20.6799410754879	29.8732680812509	36.2535844894944	39.260517473302	32.3035118416876	21.5122667679911	39.2566027999558	21.6280279158864	29.0136135038595	22.1187399970031	18.8228012912849	37.4616929235337	24.4272740390171	21.5185580262203	27.2434525812675	23.3561457896893	44.1485266233505	68.1604439797036	155.726264965726	2041.52879653503	1410.98909605142	66.4214794286583	60.086998389222	57.9183060803266	97.4583131249877	385.705077956838	370.948183684894	144.979982168169	161.082306613191	136.8958224235	129.859268300312	213.609271658175	205.714900821139	339.045061784662	921.649929842958
635.471	3.79251925394861	-3.76552115354293	7.15720589195424	12.1649225074197	-4.152083510093	-2.28359544266991	4.21917707058791	-1.52209675118094	9.08985560180811	5.28203982433869	-2.93130487286808	-2.89829626158591	6.68355922234133	1.77946682469461	1.72609362792182	0	8.12588339499052	-0.31662651809318	8.68283544595766	12.4816303374514	-9.04259547790344	5.11579113021715	-3.72987868155024	0.328447344188493	7.47556031389273	10.5943906956428	17.6015645488866	5.64645974621628	5.63094648209656	4.38947382487453	23.1669883955078	11.2756094382488	17.8150744581822	6.55420894326278	29.3495091797821	60.2206167469322	687.094182011796	2264.27718554657	327.908209241801	29.7927828978279	29.185290960133	32.0056457858545	114.834629835451	401.742538499923	182.05338268592	37.1424720027436	110.180676240723	48.3405631450515	46.0972999659834	43.0500450368243	22.6729135421119	-73.210632261483	329.549381537717
640.186	-21.9533110890706	2.64079406211147	-1.70728342284164	-7.05602050280926	-8.87434282990835	-3.0504879047181	-5.76418258874144	4.23595327873578	-6.83014070863548	8.59936612344263	-3.18151883988367	-5.51706093522717	9.13098811822893	-10.1025024737892	-0.576440515250627	4.2808012614984	7.23651499981011	1.90331179318762	3.82759210490569	9.19483226012886	2.17428138587604	-1.70845267447481	9.51199154162372	-1.3162462563146	-4.68096258955076	3.94241824214873	9.56446412272499	1.48868921775588	8.61067504320634	-2.93178830204733	-5.51244917392343	-8.68976586902206	7.6075104552683	17.0131158847245	31.5710344695047	92.6196666890459	1636.14741893929	1321.87292332411	36.0338548024028	22.4885940222712	29.2398695296507	32.5370500697433	219.687049033701	297.702533739352	74.8993696936603	60.3660215081398	48.2941908489484	69.6933376270166	71.5099435277228	-2.0538357944007	71.3909852943579	-97.7967217999482	75.0376505263827
644.903	-0.85400605531672	-3.05253567467658	-4.48965777292136	4.86589439006562	-1.68295204328756	4.11379182089225	0.194334873046197	-6.51221927950082	0.575682027358431	2.89920851421515	4.95057231839172	0.293689517782571	-7.69610169969387	5.40949619865992	4.95573060350702	0	0.609933499734978	4.49180599332895	-4.22326640197373	-15.9958205823799	4.76477191485136	-0.345594812608449	-1.03078702969314	11.6487538536229	-11.6783073724941	6.44129077315431	0.906914165184265	7.82963745625478	10.5109389267364	-0.889586387722292	11.4443167819262	2.63671746837163	5.0309777628314	20.5282620825445	40.0712487535493	483.563052537644	2084.55890409489	356.33090483525	21.7122666555504	23.5726678577246	24.7185460095497	61.0482643272895	289.59360026672	192.104472511398	53.309212394305	49.3464565021843	65.7925949584331	35.842209415749	70.8202282374312	114.251700941013	-26.256990586069	129.824863828507	-75.8950574390813
649.621	17.3218936337261	11.6090434767817	17.8625921976369	8.22462016251964	16.7832832300292	16.1665905439422	6.70091454827973	4.34500068733098	7.97902259375949	3.6187660185656	12.8026540800282	18.4664985988867	19.9809063863551	18.2868956611168	21.2860798327333	3.8055361110775	1.85570169092138	16.5946291887867	39.6181901319431	17.3540291274933	32.3386911208042	15.7719049308609	15.332211049192	21.2645597259579	25.2877209625891	4.66604895086825	16.2489469901164	10.6890909179513	31.9791701029559	14.1341323526448	18.1534645063299	11.2903941976965	23.4100585974004	48.0670362693571	80.9594425641823	1339.08810413414	1356.09357473036	74.2909020245929	30.2769611771492	40.682725212874	54.6133914299322	152.362583070852	335.343842335001	133.139741179869	125.200413565087	72.0986790452044	156.70007355385	132.070079090388	166.567544606383	147.469581125776	96.5289053135266	-62.6964574852308	400.240709145104
654.341	3.07840774033454	18.4699520125213	9.24784158049325	0.668187832907028	4.33320162445359	12.9752446620594	10.8079082372534	9.17795471800887	11.4626902770387	5.51244778473646	9.17751413670109	-3.62966747802349	18.3889076118589	2.47611864153963	9.60740048609448	-2.08095774287442	14.1339045171343	14.5392759382847	5.43695374640152	18.3897766215363	15.8542317503292	7.1185962041904	15.2164482738864	20.2236985729212	6.8264453894	27.7992724496429	7.47228314577935	19.2290196131895	11.1345614649446	9.16189429341067	7.55548626258114	19.914168176913	30.4789937090406	55.0317958381875	355.95010746404	1855.19029879359	444.717051344732	37.1536389983463	31.5457877037915	48.9811378346119	42.2780541487145	218.093875224397	224.503832749203	120.942391578018	89.5792675316183	70.6341886184603	62.6267772094271	15.9960966120157	97.7680968962426	87.7164384252511	104.788543326384	120.973244869315	687.849322849926
659.063	2.66083245301482	-1.58513434742815	-6.45621098932497	-6.73808894259092	0.873930847400218	0.534057043752339	-0.605490480699303	-2.49177473923853	3.9859030961622	3.93749798464155	-5.14151057195501	-4.88026890932726	-3.51689011109236	8.73932057140287	-4.54135394698518	17.9868307340957	4.43420585494442	16.6608932957345	8.40679372539434	-1.54537322700611	-0.380657234349534	1.07677209928108	2.49793454764718	16.2459310625099	14.7511546252114	-3.18558306444245	-0.627928579870468	-9.06988179143121	3.43084799961643	14.4743828645846	8.83809337496569	6.99816611407226	28.8912713993573	50.4782710166595	1023.18690665902	1272.66260196358	61.7939968621546	23.70309989798	20.5363206727866	21.9048044983235	50.4269734615315	233.79793661758	148.194090441769	88.186321981526	65.5641608931509	47.775140612192	25.8826305430559	62.0410081842706	104.850279101106	30.2039223185138	-17.0435590578664	-70.6263220109879	-63.0577985874469
663.787	-6.74645423960156	-14.8705095684561	-19.2796488968552	-21.8677831771868	-10.6359517024949	-7.58287199045788	-7.1642733990928	-3.06865246506439	-1.61698044903361	-2.11413138750694	-4.69300788648131	-1.54672040870245	-13.9428838786869	-17.4100640890765	2.45641715056147	-0.304033499805784	-17.6672333937164	0.337945229383238	0.741396604214314	-3.52641924994578	-2.70240334256578	4.00417699087795	4.70483512033785	-5.25842941427747	-0.664907970085446	-11.9538747028634	8.91571807920176	-13.3220469799893	-12.0201650322721	0	-1.54542749107614	12.3433897920636	22.755149961985	243.888880610889	1542.21045313349	462.782289656171	16.4922812087487	17.0602022447926	11.843184647828	11.3255837195328	105.074346781615	220.034523586489	62.115167233423	30.4467818744489	23.6424248744913	86.3343058670998	69.2995447246714	27.6853210771182	-11.1099184120864	30.6324255099122	-120.997492786129	26.0466538114554	-31.9761999398504
668.512	-12.2369645332726	6.47992123015577	2.56594243071737	0.688621214672025	7.14513954094152	3.2747832209363	-2.88773781103007	2.36465482266552	3.05514381195091	4.26076505257486	6.56817030294963	9.35165946040153	21.5652107961391	16.9059339230094	16.7082710132552	18.3822346866357	11.6528988015879	3.06488685706671	18.3038435122873	7.10705303827618	11.670756322371	18.3407124594086	24.4343885677069	3.53256699373603	17.0854859827831	16.603619363921	4.81299236046535	4.15518763614316	5.73752982561215	7.23891859570216	12.1469950204085	25.8094150739093	54.6552276277505	843.350561969243	1233.74907208891	67.2201305516408	43.948170042682	20.7077534571369	39.5063905600881	34.2379274041483	202.862500004277	170.597332024579	56.4451494418424	50.495522112477	101.25268883457	47.937645890913	97.3419160506597	86.2306011391213	54.3772654661834	103.627930607421	73.1565538110092	150.91951462312	-209.442987826883
673.238	16.4142116060855	14.2601921763367	10.6943515467035	1.73192067515998	5.09162000776218	18.3943185451829	7.26282129101443	7.68566201870734	2.0490284530952	2.85761632252088	10.043742800241	7.2127828089543	9.20397421727788	6.0971164324191	12.4510315191	10.1711154969425	14.0025624955845	17.1296911105608	3.38217685729988	39.324194542983	14.480616790689	22.8794445780884	10.2728818812012	14.9261323156667	20.5586496392718	9.49813155295935	10.9751488812593	10.9328601996056	2.88604135847236	15.5149195097102	24.4402947439609	45.9859321772846	169.377156931113	1359.67909108333	515.458675530506	24.6549288110662	30.4659887350602	27.5145710188861	30.2222344220358	72.8625553505204	214.924690274276	86.5762649015336	65.2185039992712	68.8045475662566	89.8786400855082	68.7671868304903	107.508060473389	118.643251282386	74.012294548905	70.9800884138631	157.708117574066	204.638266193531	307.952449819089
677.967	-5.05224218850672	-1.23126784386393	-1.85737848872403	9.76989671619549	6.63748713989127	13.8277924902323	2.29934398752704	1.47467367517805	-2.68327565409301	5.75715420745743	2.12998194427482	-5.37029186109784	0	6.14183913452975	-1.25423605563213	1.55238200274443	0.328029583775958	7.93745565793843	8.3281863387731	6.0019151192707	-1.57695491388205	13.0105537421763	10.7178138527185	-3.9378995230043	7.46898143521341	2.63939335115285	14.3073146555899	8.74566002298899	0	16.2666293771686	27.14464938494	31.5124092876268	640.141625748924	1127.7389380297	78.1216510930928	21.6426031805733	24.7012714970932	18.6095774794399	25.4394368761862	121.438683338577	177.568946427644	50.7877610293901	33.9811476738902	58.2974856227677	78.4661844332872	71.9704915617055	112.585614097817	48.8334757337717	9.72458856722747	4.46879571704848	-24.7123202276557	-46.5475838092073	261.230567470971
682.696	-1.39323977812653	-27.8047644466715	-5.63423297354019	-7.05626807335086	-1.52533119043281	-4.47420590530671	-3.80449398998301	0.745553934962717	-2.5044727964162	2.42554734074688	0.269214885754623	-2.55535998319809	-11.0488832752817	-11.7668569001768	-2.85348066541629	0	4.31190813819154	-1.39581095397048	-14.1625876853022	-2.83210770117075	-6.77674808284188	5.26221886335756	-22.7956080898898	-6.15366715088293	-15.7910011657736	-1.00080282098454	-0.986369969638779	-13.4284478838711	-8.49220506224682	14.8353693101852	24.8939333623299	115.346205912284	1189.94416359382	509.247288284792	12.9383876794365	9.32751904411612	8.32551656375401	8.00722044841826	43.4338190873356	162.823133402635	104.176145439301	27.4924141283934	38.3684919332829	35.3683019120057	21.3609400690887	74.5918655637708	19.5154801903303	51.9765160738094	-8.19413518871616	18.0743891341942	35.6967450744421	-147.922731620311	-49.5265869973769
687.428	-8.41780497402189	-9.61156256821579	10.9689052150885	-7.10553553169397	-1.5359811813491	-2.53431291824643	0.425673031959814	0.375379727683457	2.31179596682922	-3.41947580336438	-7.59064786968846	-4.50310301341144	0.674304697541546	-2.30397496129999	-1.5963355043858	6.63869579199832	0.334001095707008	13.3527879249665	9.25068458338312	2.0370583684367	13.6481278181104	0.378497151351861	-3.76307687649745	-2.55155458909656	1.38271784927589	-7.39046374455845	-9.27039762032016	-3.95771895765537	3.94684539399579	16.5627501425142	18.3187366598551	496.371457783022	1080.27466304133	83.6486993095994	6.17150112279866	13.0052001712748	15.6240675864934	-8.06312753638399	94.268264498041	141.313572407207	65.7459799123476	27.1620219056064	50.746295373302	38.9129543743883	42.2519506215869	54.9604918940777	46.9458207477268	15.7018261467807	21.4535030609915	-20.4756592976071	136.59473447597	47.394944735861	-199.489543206246
692.16	7.9933028540558	4.62178606302109	17.4933952789831	0	16.9875040018404	4.52990091583676	10.271606432822	4.71771628903414	7.81824962552886	0.736722181732146	20.1698898011565	15.5230149526006	28.1355412370978	18.8627740608823	7.70400227625383	2.54275462295514	8.05953759259428	16.2516394426784	-1.16261220639345	-1.63849247899138	4.43953865073781	19.7886857108396	0.756700600182021	2.56540452445346	0.347555823588212	0.337753611948048	18.9743181570834	9.94800401671919	14.5503197433403	43.4275078347563	84.6589635492597	960.387091043261	534.433553375391	19.9453156437141	22.7516676406199	25.7883693156687	17.6245921585842	23.1046493230879	107.161121675768	134.794441809289	52.9794913494161	46.741188404441	52.1813333809452	77.5852291250864	89.5969148131839	88.4141112551641	13.1722728692957	105.247041708785	51.4360429414632	93.7843200174843	180.705494592142	204.22374127943	618.431505105662
696.895	5.6806484845508	16.0745962554094	13.0177077817467	20.8585987106541	10.2617196586118	22.233234373683	11.6340309963054	5.31972480276213	13.4025575764729	3.70862630083711	16.1906073618177	15.9540240343228	9.55596469278609	7.32980990243742	17.7749003112868	12.1601066994348	26.0332825688533	25.6100936622287	17.5576125433099	23.5070775499379	30.0688071293869	10.3446712857689	7.61839352005443	19.1867087654161	13.296810822999	17.0023647927663	13.0705918492372	21.0326778612914	55.2671757707058	29.5866026583238	377.371387513949	992.892525800424	120.736063179717	22.7581994615601	14.9237195264419	26.3291811364933	38.1887780679873	66.5198794514987	147.003934586409	81.6092899723534	48.9351146224533	40.184878480522	81.7221948375756	48.7366157757275	61.4329656138786	61.1974902388951	68.5189163252163	91.3920301590715	113.593659948156	46.0591263867043	178.294011836874	89.097937144462	488.008294161464
701.63	-14.7986740826658	2.55948252663278	-3.86100214581592	-14.8691257309316	6.27163309752941	-2.29954796185288	2.82438730442812	1.3411384584391	-15.2317541922382	-0.249325246170574	-4.42767314649143	-15.1034594973001	0	-15.4551172412225	-8.14758564886337	-8.71288526075666	3.40943683406214	-2.15215904381676	-3.54111391746874	-14.1399262102752	1.22927818898726	-16.2273148596564	-5.761944980291	-2.23250701321497	-13.0559975251668	-5.82951855005063	-5.40748185206942	-0.673330764805487	19.8086846125719	54.6992001352341	780.45858665892	544.68258964916	6.94788991165059	-10.4624915972349	0	-4.05641128918389	10.8918848378451	71.1958031970325	92.7600700250558	8.322169248338	11.8433971599533	9.59767443034339	23.5459609484888	5.38600729652413	31.3674217048527	21.5061145081943	-30.0903335559684	20.0352577861884	-55.5908815953544	-83.6050754422767	-157.780589542572	-41.4686587407914	-610.908471881998
706.367	2.41546716843492	10.7922239789083	-10.5495474497692	-2.93603742249283	-0.634673939574345	3.49062949353075	-2.63834853686682	5.42879735275023	2.60521063593937	-11.1016864116769	2.52039206116469	11.961651000496	5.92079317849037	5.10006550277158	5.9365134168177	-2.93907563761558	14.1460936275621	2.90390979550513	5.57436557723781	5.89204811150179	9.12266285134117	12.1207387069188	8.55205630329735	-4.14194463410955	12.8552598143489	8.6754857064728	4.44619455961172	15.3313712011328	17.667576970612	325.751394909124	900.357795139636	132.580990240372	28.7940071194851	4.4400391893992	19.4798575482472	11.5686055689945	40.5463959277487	96.6198365236865	97.3801169120734	31.8158092437494	14.4821510256471	19.9648134021398	29.78492117573	34.7469867958305	11.9036490166041	37.8498473103255	34.9618942098762	81.1007646130122	69.8945802275948	-28.202097589894	159.670099950194	27.9768460118733	377.803825037011
711.106	23.4334383441751	12.6512251212086	19.7425712768837	26.332590963816	20.844797076842	13.5220950419037	14.8863891683937	13.3234947918423	8.33698149866095	11.9838891103553	5.66003652575532	18.8035694247907	15.1343254780278	21.302953973729	16.3312216513408	13.5305594793089	31.031753922887	27.5117389974691	17.7045027062146	22.5412379194531	38.5523109299132	21.3365795670239	9.03523288834391	24.7336724685125	21.6517624038815	12.2739819103407	24.5395787872472	46.4799763256293	61.8030343358934	716.69715708739	565.313027241637	35.1701492052613	19.6243506199903	22.4347096008491	24.3386028728502	28.2842214088666	48.5331530979091	137.622584895488	76.244655887627	39.7170507728264	50.4659808862067	53.9836655912218	45.1493350772949	72.2936108167594	75.3842037985065	109.967822480224	84.3390344783136	124.302177124013	65.464655296979	109.250049224174	135.089404410175	523.039063279805	607.400798779434
715.845	0.987693074327297	-0.44129785823019	-6.39073672684848	-7.12830180625798	10.0564162834249	2.37888459070274	-2.47231887542648	1.98201290347077	-1.1096665101626	-4.38476254136376	-8.01575626700441	-4.07596785868864	6.76465182956834	3.8232971973862	0.337147409369876	-3.67216187128548	15.5190890910377	3.33961591865557	-3.66328577265324	5.59296986565036	2.96727544280594	-10.7917540185073	-12.3188578206895	6.92859199348069	6.57070154649284	12.0612851568942	14.6843686662323	30.9969790714996	208.741595559547	838.850147520592	155.096687426309	0.677660451977484	12.6638646118136	15.3623270252174	20.2755195930623	17.9299078089636	51.5093275409655	87.7013769795658	37.2182790621339	31.0891104938698	5.6155026661835	27.580009670114	37.1464370473431	57.8077337361536	33.2608687951498	0.967308533036719	27.6697592600752	12.4358961349735	26.1403730813355	-24.0248698359536	125.26506260871	92.9486297493296	245.772101961581
720.586	-26.2395734616011	-7.52089680403981	-14.8156788911255	-7.52231234434144	2.92693411626514	-7.45267672894499	-4.50640981060745	-4.17267597088548	-12.0144839970927	-6.72294245837699	-11.192831544423	-7.83188369118565	-12.8494114899161	2.43911513989836	4.39391921462556	-8.03210287186514	-12.3757202243065	-7.81199931272926	-7.34496420341618	-18.114956942874	-2.12480321743077	-17.2300135003387	-3.18704080946695	-8.10364982225892	-1.82977685143417	-2.8450738497217	12.9687047080297	32.8205689722977	582.183226253292	525.339643935663	11.9081214434196	15.6253180378458	2.7450067101419	0	4.71863306304524	10.7084624604537	75.0373940827714	49.9360219441352	-0.449538698759425	11.0283785375199	-0.511781804481357	11.0596986600988	29.3033623315868	18.153906238479	11.3858814247216	7.75789494977654	-19.6486152631538	6.92617514693232	-48.91785918378	55.395918547287	22.8326415608048	-157.692561919316	35.1984413357236
725.329	-15.0341259254172	-5.37375647856459	-21.07653449681	-0.761425451984361	-1.31675948705799	-14.1822834198929	-5.01763881473847	-6.03382414053601	-1.12604927466057	3.66429229368106	-19.4637353395537	-13.7871471857601	-1.0838720532969	-21.1622353358185	-9.92162345771008	-22.3582590286048	7.51619018254121	-10.1667628474143	-18.9998878513952	-24.4484916277654	-6.02216671313284	-12.9790578405196	-3.62924405751342	-10.9369299335694	-0.370428294480974	3.9597910473983	14.1915847895568	154.092240088159	750.721832467082	144.076513228311	-11.3648884670537	-11.6903086722523	1.04195918054814	-12.0461471070204	-7.3481646197432	19.3559779601691	68.6041058324607	9.50444558549491	12.7409303869913	-9.70710777333097	-11.9148534400033	5.03769459378412	12.976917386432	16.9622714565099	-13.1714816450868	-8.83430612549922	-39.7775446505299	-63.0974788114006	-81.3473238664556	9.75182615851896	-69.3351470582472	-145.109067455965	142.514630482522
730.072	0.504258373701259	-2.70361082113164	21.6156310848266	13.7910103646369	-7.94975778058779	-2.42903895169613	9.17979318068167	1.61903996994579	6.11853353895559	5.00393735990171	4.09237679624136	16.3007830947884	0.727081257144084	6.3882070594166	5.50808857578716	-1.02261343104166	22.3288494374308	7.19894275263064	8.31226521290743	29.87233326605	4.76116917811684	11.8355209201088	0	22.4031168548936	7.4547028649844	12.315574941345	22.1339428597507	513.875978193923	518.847775226358	39.9203085954322	25.9901443440446	11.0711626133392	4.1937919992383	13.1906792340934	21.4423837908758	52.1970673178754	69.4422399453458	16.9537160392488	12.8202747567586	25.395653293424	25.5418963759246	23.6556456553199	14.9231215650516	63.2934784554529	27.3353587659149	55.3113364125694	54.151822372883	84.6538926384669	101.427678233507	105.484975158884	112.40228080789	284.724836652803	770.786517922789
734.817	15.7427109878185	-4.99172119712431	-2.05365158274969	-1.15738952832421	-3.66944218775856	5.80982168160192	-2.54232050599164	4.89151663829567	2.73860588289551	5.8350644085477	-2.64944432157975	9.7798760781935	13.5462593997186	1.42965477942442	14.5611251031992	-11.6716932380738	16.3211922125711	8.39464837662807	16.7422605764841	-13.7147102517699	22.6667357613073	1.23303482903209	22.0662393512171	-2.77074359766931	9.00899391602855	25.1703685634115	148.484751500388	676.530120750966	183.936353166966	10.9323982060179	3.48989321108079	7.31690229889125	15.134176907182	16.1563279094613	17.8710890446418	80.8115124161273	49.6572851701752	17.9493557154902	11.0666265095898	11.3122395077737	28.872504517093	16.4493303858534	23.1694043578844	4.29719357493547	43.3789356429042	20.8886382803069	0	29.8386855190893	57.3451003089719	-32.1166479770315	74.1643913169501	323.502865440616	18.0522094583258
739.563	-2.56860334069846	-0.918114489090788	-8.30990321425893	10.147074569567	7.08656654036109	-2.78394673359393	-7.24783869219851	6.39150594540825	-4.38642897506328	-13.683662673756	-3.87137151337334	-3.17999941394887	0.370362386320223	-1.08468005356398	0.70143082666049	4.86174519134115	5.87041167783625	11.580046242133	5.9277700939504	-1.34262709631142	-6.61433378439949	-9.14715377610665	-15.7082343352374	3.20329912707162	8.73377698171692	36.9019821242554	416.07060972061	503.230129091711	35.4075297168818	13.9132172145769	3.17734122357988	-11.6313764305386	3.56040629871616	5.81111323213272	31.6372172984656	48.0176160631792	16.7444515707686	1.77147166049246	13.9937617667709	4.47788024809272	4.77940119610009	-0.573798535731561	-6.33464607047355	24.6332545326501	1.68777579371875	21.1309654282496	22.7867698387815	-20.1232275545289	-18.1282360871208	-49.9834311078926	134.254843554697	66.9386847404135	-219.139577514938
744.31	6.7497870614635	19.0226222322322	4.19938459797428	-3.15556530291523	-2.38745005926972	0.312635357629004	5.43493484993072	3.75088448622522	-3.03333610309507	-5.69470405386306	-6.92259644359699	12.1418015041261	-1.49729214473971	3.65426535321582	4.96252342260181	5.26471780959612	-4.07906796909361	3.9012943616159	6.41910169220591	-11.3082094213374	4.45671158117416	7.14384300677356	5.01354251373945	15.3783870119626	31.087010648616	135.386699286254	624.163519560066	200.661765453764	11.3201173137314	12.6197480347943	-1.07043988782887	-1.78117609053433	-0.359848123085333	18.7210072957544	39.9694315386169	50.9376173437739	6.76940659497993	17.0089496454122	4.71447028249893	17.0973406136806	3.22034136105678	20.297715506598	25.6095547262878	43.9353215138284	-14.4995111656475	40.6798850648487	25.4547092402606	43.5823393959724	64.1273471121165	55.5697484964804	59.8634836146616	481.098851853809	369.138421509638
749.058	-5.76972821232011	7.96803804200235	6.787683514762	1.59390754813551	-3.79004958403051	3.1583048265777	-1.90973208325291	-2.52614561718647	-3.06433671728394	9.86212076165211	4.56087730101247	5.7721837139454	12.8570526599521	16.2430921303382	9.31030337680359	-6.73679590817153	5.24459846285802	8.67056406940048	13.8340367798288	7.76816973391261	-12.1560994480713	-2.97164530848941	9.28543143863067	5.31479469288464	22.8750422852102	359.822815698815	478.662675703174	41.4302967436001	6.27124988355956	-1.45699674555621	16.9416161612623	7.19751865097101	1.09057728395903	17.7998451686902	56.9136368908623	29.5783345343321	3.84670673442881	-7.2348550138108	7.62024326916612	16.7640727741339	7.59092404933717	4.10103152370006	14.2292060314518	5.9179119106134	31.0186498946928	-14.3834713423842	60.0013299451492	20.5462832138203	7.40374021619916	-51.0342453146941	20.1584289409668	121.503917326745	615.303160471653
753.808	26.7311012182846	36.3078259714894	7.35080155634252	22.7444447115073	19.666379206062	10.3012089781438	10.4624907778994	19.7400904400313	17.5388118095184	14.7988463241076	9.60733642608884	16.5469079755301	28.9073276106127	22.1999613391706	17.5192656286008	23.8521702474701	30.1644543921071	34.1450514903424	22.4725988337195	51.6983805528203	35.7939195990442	17.7405452437877	28.8229471129487	42.0870697315701	129.223595886224	612.533984085553	219.148945823868	33.9333476147488	13.9120485317029	11.8804459833547	29.7595372769787	26.410065302845	18.896855585687	59.7195119108398	76.4316807762207	39.6466288167341	26.5742232209851	37.3318097469916	22.8155470658601	20.7114146878617	56.37037936518	32.8429328576485	67.9015029246072	70.874586523792	57.0844632947667	62.8305848721904	93.6074113876924	34.4046580649475	152.813025631989	117.038403858517	415.042171750931	750.803358989994	874.212904586339
758.558	9.25381996603403	32.1037575552549	0.440261851653782	5.78949423185862	6.07869820246824	-8.8496737848964	15.1119930856315	-5.46168436085173	-4.15864173771829	-4.54880429059777	3.15548836864882	16.0989692922196	0.784877637103964	3.0648940925623	16.351312367873	1.47186925906907	-4.27647902971564	9.81624448679467	8.97301507250296	2.84531589002542	7.47583860344142	-11.4546476141351	22.7767735694831	33.0938425997295	339.59539656277	482.514023281839	42.3915001755413	-2.68724655756767	-2.29702588321596	4.91418380809396	4.48898009795948	4.85518306350829	35.0854939521143	50.0296878844231	34.7202888775413	18.0812631128497	0	6.56972724355747	-1.97705293974831	25.8327791779797	16.3182680332658	6.08001319158407	33.5611972444224	39.9200711704553	-4.47095036464462	39.4499861180285	10.1663308148094	38.0762962489199	44.1802806522392	2.64814130371703	154.809588329992	252.191084674454	-135.451151025972
763.31	12.7705328074572	2.48079565309848	7.63429668699173	5.48359028921911	17.1422796206967	6.01790128548955	10.8659930581967	-4.90250817580506	1.49714165348941	-3.7698986788762	8.69039275175481	19.4764073376038	2.80207048807167	16.4128436329046	23.1227152061532	-4.12867773448703	-1.58621739938957	10.0127742137649	16.4747927076778	14.5114079075698	-4.76594460943694	1.79753532192114	16.5310196177581	95.2103872543328	547.500139153334	215.376143535319	28.3026860310487	3.91578223421079	12.4960764443092	8.86839312886895	9.92084897315588	13.3333524118976	16.9319266936361	64.3779800130143	32.5659026843529	6.43369733019172	3.61955404593756	7.65858157718678	24.1996230484972	20.4346735735404	19.5147969979202	9.30261049211939	-10.9545988852772	25.8410977927022	40.1320714785332	25.0139353553577	3.88870109011896	43.4992507246232	127.35706660321	45.9197096130672	157.909010534461	56.2712869429312	552.652002114299
768.062	10.0878325916492	-7.0112136897905	16.3179949099219	-2.9803266526884	-1.84070800751401	4.72437943491748	8.9271574029978	-6.97270866624572	-1.51114825418873	-0.292705245963681	12.3453502847312	0.385463138485595	6.86869318868885	-9.07207345218992	-16.8347182343632	1.13653740889937	-8.40555110693041	-8.42204111495352	-2.77148727379975	7.32358513779728	2.40526634848643	8.16458523316555	4.0586780887759	300.534455044387	476.398543391993	37.8421558849736	-1.58708186381501	1.97620828771255	0.788311515940012	-0.389189648935492	0.770281852700022	3.84516954553485	53.989919953726	45.5654347458961	22.1876381163851	6.49388818074634	12.7869595214936	11.5953478613268	-12.2130120541799	13.5696390903503	9.26935006113264	1.25195221813065	0.691067831751333	3.16155827519512	-11.9681337272292	-3.29321149095981	7.85016414405258	37.6338948314278	11.8660212426987	122.689361321244	215.386943218763	-89.2535858096472	-159.377820533158
772.815	-19.0426581026923	-11.5110859272566	-0.452988924977665	-11.9137134339607	-3.67907116780924	4.04688881215651	-1.27449590350918	-2.92217667578039	4.27885959925884	-4.68030095678624	-8.44143848521844	7.31913479814955	-9.69080220969031	6.30698787526106	-1.52945413645695	3.40744050263479	6.40015029430526	-1.68333535322514	3.23134233111861	12.6861287649899	-12.4994185375881	8.15938486871384	73.4603500514582	522.544490494379	223.971697369505	10.4603124321962	-2.37910647789298	-6.7148284983223	-19.6952351874094	5.8341263675309	3.46406052644988	10.3753450715515	37.6524212797702	23.3621593140812	-11.907993901411	-0.865300260379264	-10.4968837288899	9.65663525103332	-8.64537343027712	-18.4429545898325	-11.5793075324252	-6.25577398804826	-8.28753194233309	18.1673811454044	24.8410607350743	-31.8141011046159	1.30752734124842	-6.26832070601224	-7.90564218630647	98.0889722848632	-111.929872237109	-137.84950183699	-298.643074049943
777.57	17.7163493212446	15.8312075164605	20.8000311808087	9.98575352553947	9.00976199487962	17.8939927892323	3.64133271742475	8.25713730707972	7.70485123434826	8.954450509057	10.9325366003939	25.5495578885885	2.4720862919128	10.4577739345114	10.9244199442835	19.7024319448024	17.1428635521613	28.3412157889023	23.0804832700999	16.9277241135601	25.0178812430308	31.9152236730912	297.072051355771	508.251483718712	68.0120147429548	23.8102080392539	29.9404440345722	10.8821236357994	19.6947800489108	19.0497683145046	36.5249641947604	43.9157896593137	56.2436383944882	27.0707108654114	22.2065127408797	22.9564151699484	20.9560271520314	36.457882400274	12.9729496455104	26.0143707787324	18.9045550129602	21.0648745874898	40.168231652788	54.807159244218	46.939695165063	26.8656151249315	61.3723140546552	54.3668313604763	92.768147126942	102.868710458916	166.924523328323	248.222658337983	893.876979472198
782.325	21.4709854337721	22.2976202961305	38.0166814083345	-3.96764884318447	0.381188499220066	-3.49415065753991	5.81022192197585	1.39738464999565	4.69410954449417	4.84925900109168	-5.38226026778551	2.39474345736819	10.0406384711226	16.3366725806061	3.1693343254847	6.27635290243088	10.7756912222167	-5.66833625952038	30.6102237528786	20.2216858309692	23.9088837345976	76.5550982722794	476.285281782137	267.311845212345	24.0206913826333	16.2568918167035	14.789950828803	10.2312244563546	4.89749513424846	10.0745621782557	9.1721764000551	54.943898630571	57.1098631616383	16.410528251554	19.1449713015713	11.2067181016613	12.7672662426623	22.0115238007411	7.90364990822351	18.546720194282	3.59919555151289	-10.3705701322826	42.2179927657822	29.4624319631073	23.8313135871778	101.161035432076	92.1215617401621	22.731120947361	165.868448295905	127.037458742509	182.876590821689	394.871452979832	123.769614674078
787.081	-22.0471979189714	10.116844726949	-10.60262225233	-19.0125965455229	-14.8738983537204	4.30550696481671	-3.52545207791094	-5.73954391472456	-2.14225973827734	-6.84667167559197	-7.25379755090716	-3.68851605339308	-19.7610193480072	2.09688706902297	-7.32237549422151	-8.45878702387873	-5.10686596798066	0.447727403929522	5.8934445234131	-4.15287422317731	-6.13763040061994	219.913950434037	445.914260429905	45.0509424472305	-8.80904636061038	-9.84469278835903	2.10928690863273	0	0	-9.10353942249073	-3.27594025720029	31.8886704241536	8.67248372336269	0.421273356820168	-13.9795633897593	0.920597641953833	17.4798650395387	-9.76005930651451	-10.2799608416692	-2.30841875949371	10.4713948940292	-16.6388797209802	15.4300128497287	-1.68072829330141	-2.93650436648789	8.17001253353544	-18.0841106253757	13.3378008194196	79.9031283553737	8.69644915199156	-132.823121270993	-120.777862426642	-508.364778969499
791.838	-17.2633517605949	-6.38334290557185	13.4810613314255	13.5671567266791	-2.73725147134453	1.0753250180145	1.3546182205783	9.07873173160849	4.28033309058256	-5.5963487630252	7.93687274302876	-7.36982403972129	-2.57500577466007	-23.0432203042946	4.87681388793536	-10.4625510211624	-13.1798465159962	5.36747917638002	3.92512404236015	12.9650514600904	41.8994945429774	417.717317259259	244.294693908539	1.39196670187796	14.0807025254993	4.70373084280674	-1.68578074660794	10.4955325830034	5.02401447411117	11.9883948808704	25.7728223792356	28.9985046387223	5.77600658397881	15.5718840985739	8.29225551017042	0.919698129867277	-2.42538688012206	6.15822492226672	-17.2967011960234	8.07157124629241	-24.6145019719788	17.9524316968635	12.4787579158795	-4.19771515187588	-5.86727024082785	-12.8260465907021	-23.6253455528609	58.2958622325603	58.8184618327905	-43.4397594403875	-59.4832215395569	-370.598113432226	-190.45052170526
796.596	9.70243746412395	14.0888006582419	-0.980911432876029	-7.83159564517847	7.56839876933912	7.30267946326012	4.69169290406973	-10.2217351656611	3.54270250064364	-3.80055708705124	-4.2182913720388	7.09034361657054	-12.2410518042024	6.40184992604858	-3.31191109933676	15.167000900817	-2.16547119367986	7.29025723277612	-2.9988061782748	18.4899624065582	212.367885142781	429.933450686956	62.9458809429785	4.72651825125163	-0.896474805046903	8.27631717644794	6.86902075088541	2.56595756889416	3.411877033323	5.89555676006237	28.7543973321004	35.7807511398574	5.46357292047926	3.85847504338236	12.8929061136406	3.74747757163588	2.47067016900127	-0.522766860211831	3.30368249835102	0	-2.50740680777206	-19.6422513611519	14.2072422839635	22.2356616098082	20.918853757729	29.6943541794803	35.3918287817912	81.4412950042535	117.693389050201	32.4505890985417	-111.865487181592	158.03053169353	388.012672538441
801.355	-11.5165590377999	-6.54889307907877	-11.431487684398	-15.1120756630408	1.03159884702133	-5.04326063983166	-2.14418549349732	-7.56339919347139	-4.70500961325677	0	-9.1036545862097	-9.72123212500181	7.17056692190122	4.05271536612469	3.93115852016473	-8.13888688003482	-15.3287044639393	4.32667966850918	5.60892569578532	32.37915571916	318.576768116759	192.349991298926	-10.5306893680975	-26.9292626814911	-2.32165953006006	-3.00824151123211	-11.8594353488377	-4.06097291736263	-21.3535735352127	20.3574794070466	25.1821268192334	0	5.80487085413781	-11.1028284286855	-0.767577093509219	-16.1751469364488	9.38440270315829	-13.0871546451174	-2.85192099596076	-3.04196515318183	-15.1517232265768	-1.16939827816005	14.2009714575739	-14.7654229521481	9.45911405575669	-5.12676095164863	-20.7754818310357	70.3046189447066	35.0979837154231	-68.7595225120543	-164.971119384806	60.6314104288945	-93.0427626396671
806.114	29.8383575070269	24.7922380850839	24.1331406670624	19.8843100829485	3.43866282340442	15.129781919495	18.8211837762543	11.7652876342888	12.9387764364561	6.5617011067613	3.33800668161022	1.4401825370373	19.6247094704665	26.5268642146343	-0.357378047287703	16.6316384070277	2.99096672467107	14.9467115821226	10.3549397460652	158.703467468559	359.466028904665	63.5517592397333	5.05473089668679	13.8726504722833	18.5732762404805	9.40075472260035	17.7891530232565	10.7062013275924	10.3086217066544	18.1763208991487	38.1329348976963	30.1695947158154	15.6005904204954	19.2449026097216	6.52440529482836	-2.42627204046732	26.446953072537	3.61024955727376	21.8647276356992	25.3497096098486	28.1389145636427	13.4480801988405	5.80948832355294	8.85925377128886	28.3773421672701	91.2563449393457	122.208716653151	127.427121837281	90.5158527397753	45.8396816747028	164.971119384806	409.262020395038	55.8256575838002
810.875	-16.2278786441725	15.4366765435428	10.1613223861315	-5.1699206215666	1.37546512936177	5.04326063983166	0.238242832610813	3.99179401877657	-4.70500961325677	7.38191374510646	-0.606910305747313	4.68059324537124	7.17056692190122	6.63171605365859	-2.85902437830162	-3.89251111653839	4.11257924642273	14.9467115821226	20.2784236693777	251.280490158552	204.446303939528	23.7259901161671	13.0580548164409	23.2570904976514	18.1863329854705	-6.76854340027225	3.3354661918606	16.2438916694505	13.2539421942699	38.8973267241783	19.7859567865406	19.753901302022	16.3261992772626	4.81122565243039	-1.91894273377305	15.7707682630376	4.69220135157914	20.7589349543241	19.4881268057319	10.1398838439394	15.6928561989546	26.8961603976811	31.6294364282327	28.7925747566888	31.817020005727	21.5323959969243	74.5473171584224	117.174364907844	66.5014428292226	117.145853168685	24.1421150319228	242.525641715578	427.996708142468
815.635	15.7043986879089	13.0977861581575	8.04438022235414	4.77223441990763	11.691453599575	6.93448337976853	0.238242832610813	8.40377688163488	-3.99925817126825	0.820212638345163	-9.40710973908336	-5.76073014814922	4.15138084952176	12.1581460983741	7.14756094575406	9.55434546786696	9.72064185518099	26.3534125263741	117.355983788739	318.319023830615	69.6465431002788	10.5919598732889	18.1127857131277	18.7688800507362	-3.09554604008008	15.7932679339686	8.52396915697709	-5.16851098573426	25.0352241447321	34.1714832903996	15.1092760915401	3.23245657669451	7.25608856767226	-0.740188561912368	11.1298678558837	-3.23502938728976	24.3141342763647	-5.41537433591064	-13.3089646478169	12.1678606127273	6.49359566853293	5.84699139080023	27.1109455099137	0.738271147607405	10.3190335153709	17.4309872356054	138.095849818061	60.0518620152703	72.0432297316579	-7.63994694578381	-104.615831804999	371.367388876979	37.2171050558668
820.397	-4.18783965010904	7.01667115615582	-2.11694216377741	-4.37454821824866	-18.5687792463839	-2.52163031991583	-5.2413423174379	5.67254939510355	2.35250480662838	7.38191374510646	9.40710973908336	5.04063887963057	13.5863373257076	5.15800137506779	-5.71804875660325	-0.707729293916071	-2.24322504350331	18.8800567353128	223.92557200866	212.516712184909	-7.63865311422412	5.08414073917866	12.2155996669931	0	8.89969486523024	-0.752060377808028	16.3067236046518	-4.79933162961038	12.885777133318	5.45289626974462	-1.07923400653858	6.82407499524396	-0.725608856767226	1.85047140478092	-4.2216740143007	-0.404378673411221	19.6219329247855	9.47690508784362	-1.90128066397384	12.1678606127273	8.65812755804391	21.6338681459608	18.7194623758928	8.85925377128886	14.6186308134422	30.7605657098918	94.1007118229266	11.7174364907844	-33.2507214146113	-15.2798938915676	128.757946836922	0	-93.0427626396671
825.159	-6.28175947516356	9.35556154154109	2.11694216377741	12.328272251428	4.81412795276619	7.56489095974748	-2.62067115871895	3.99179401877657	-1.88200384530271	-3.55425476616237	6.9794685160941	-3.96050197685259	-2.2643895542846	-1.1052860089431	-5.00329266202784	12.0313979965732	3.73870840583884	70.0135437267848	281.740652257524	86.1924004355104	14.8279736923174	24.9970253009618	-9.68823421864969	0	7.3519218451902	11.6569358560244	2.96485883720942	-8.49112519084914	14.7266024380777	27.6280077667061	11.1520847342319	12.5706644649231	19.9542435610987	13.3233941144226	27.6327753663319	-4.85254408093465	10.2375302216272	0.90256238931844	7.1298024899019	4.05595353757577	19.4807870055988	11.1092836425204	20.0104597811268	0	15.4785502730564	91.2563449393457	31.7742663298194	-29.2935912269611	-20.3198853089291	56.0262776024146	148.876376030191	212.209936501131	-651.299338477669
