"","500","495","490","485","480","475","470","465","460","455","450","445","440","435","430","425","420","415","410","405","400","395","390","385","380","375","370","365","360","355","350","345","340","335","330","325","320","315","310","305","300","295","290","285","280","275","270","265","260","255","250","245","240"
"248.336",0,0,0,0,0,0,0,0,0,0,0,0,0,0,0,0,0,0,0,0,0,0,0,0,0,0,0,0,0,0,0,0,0,0,0,0,0,0,0,0,0,0,0,0,0,0,0,0,0,0,0,0,0
"252.814",0,0,0,0,0,0,0,0,0,0,0,0,0,0,0,0,0,0,0,0,0,0,0,0,0,0,0,0,0,0,0,0,0,0,0,0,0,0,0,0,0,0,0,0,0,0,0,0,0,0,0,-0.0267923550877374,0.0261877215208075
"257.296",0,0,0,0,0,0,0,0,0,0,0,0,0,0,0,0,0,0,0,0,0,0,0,0,0,0,0,0,0,0,0,0,0,0,0,0,0,0,0,0,0,0,0,0,0,0,0,0,0,0,-0.0496145931363845,0.0161496690922269,0.0133111249431878
"261.781",0,0,0,0,0,0,0,0,0,0,0,0,0,0,0,0,0,0,0,0,0,0,0,0,0,0,0,0,0,0,0,0,0,0,0,0,0,0,0,0,0,0,0,0,0,0,0,0,0,-0.0835891980491856,-0.0103651294386643,-0.0217729464840701,0.0735811542825033
"266.271",0,0,0,0,0,0,0,0,0,0,0,0,0,0,0,0,0,0,0,0,0,0,0,0,0,0,0,0,0,0,0,0,0,0,0,0,0,0,0,0,0,0,0,0,0,0,0,0,-0.089375996415217,-0.00729305557324925,0.00662472011755272,0.0841770642640364,0.142611719618021
"270.764",0,0,0,0,0,0,0,0,0,0,0,0,0,0,0,0,0,0,0,0,0,0,0,0,0,0,0,0,0,0,0,0,0,0,0,0,0,0,0,0,0,0,0,0,0,0,0,-0.0788435562475325,-0.00654754127474491,0.012144790592962,0.0401019374984176,0.112126948940084,0.0355995967194535
"275.26",0,0,0,0,0,0,0,0,0,0,0,0,0,0,0,0,0,0,0,0,0,0,0,0,0,0,0,0,0,0,0,0,0,0,0,0,0,0,0,0,0,0,0,0,0,0,-0.103059780517414,-0.0133509056438247,0.0097090289624554,0.0206024461890029,0.0930776425871371,0.0586820846608084,-0.00889463293369078
"279.76",0,0,0,0,0,0,0,0,0,0,0,0,0,0,0,0,0,0,0,0,0,0,0,0,0,0,0,0,0,0,0,0,0,0,0,0,0,0,0,0,0,0,0,0,0,-0.108208771627796,-0.0281178453314644,0.00103836297748244,0.0111400720567794,0.0693169339330102,0.0599115493321689,-0.0190217611185931,-0.00850469498951594
"284.264",0,0,0,0,0,0,0,0,0,0,0,0,0,0,0,0,0,0,0,0,0,0,0,0,0,0,0,0,0,0,0,0,0,0,0,0,0,0,0,0,0,0,0,0,0,-0.0280058642623638,0.0038645128730665,0.00694054087253723,0.0552466450029928,0.0665507090209383,0.00875113541839063,0.016879381904779,0.019704630048907
"288.772",0,0,0,0,0,0,0,0,0,0,0,0,0,0,0,0,0,0,0,0,0,0,0,0,0,0,0,0,0,0,0,0,0,0,0,0,0,0,0,0,0,0,0,0,-0.0393477922769033,0.00292401803284128,0.00405382582811062,0.0349047255171206,0.063499839653955,0.017507265365562,-0.00166665456061248,0.00908016423080328,0.0394507659982593
"293.283",0,0,0,0,0,0,0,0,0,0,0,0,0,0,0,0,0,0,0,0,0,0,0,0,0,0,0,0,0,0,0,0,0,0,0,0,0,0,0,0,0,0,0,-0.0455459029676412,0.000658371600384778,0.00196316768792858,0.018815771428489,0.0597468752663223,0.0213599609245975,-0.00240777305850898,0.0014104804694598,0.000875693861041924,-0.013414835175573
"297.797",0,0,0,0,0,0,0,0,0,0,0,0,0,0,0,0,0,0,0,0,0,0,0,0,0,0,0,0,0,0,0,0,0,0,0,0,0,0,0,0,0,0,-0.0498731617957703,0.00115726221240848,0.00199262139793047,0.00944719495731033,0.0511257585552454,0.0320510712409558,0.00226020358726403,-0.00139755322131321,0.00589153439582454,-0.0030423656089387,-0.0125848995587929
"302.315",0,0,0,0,0,0,0,0,0,0,0,0,0,0,0,0,0,0,0,0,0,0,0,0,0,0,0,0,0,0,0,0,0,0,0,0,0,0,0,0,0,-0.0699805571439638,-0.000656534298879307,0.00036469602288829,0.00216834583954278,0.0383677998747305,0.0363152433332805,0.00287239581606715,-0.00157956294249676,-0.000307799414723101,-0.00467451690860505,-0.0152421486072371,-0.0312690929197649
"306.837",0,0,0,0,0,0,0,0,0,0,0,0,0,0,0,0,0,0,0,0,0,0,0,0,0,0,0,0,0,0,0,0,0,0,0,0,0,0,0,0,-0.0923052705690915,-0.00170008900829297,-0.000854626191682147,-0.000712934050210463,0.0222088286168706,0.0427974052273261,0.00625083168169119,-0.00389928285022103,-0.00452896256892901,-0.00424537663261343,-0.0107489073132694,-0.0149635820211332,-0.0628337126533217
"311.362",0,0,0,0,0,0,0,0,0,0,0,0,0,0,0,0,0,0,0,0,0,0,0,0,0,0,0,0,0,0,0,0,0,0,0,0,0,0,0,-0.101951283045199,-0.00293766821946661,0.00251702530322379,0.00187108895631689,0.0145634121944587,0.0424483843642976,0.0173570747685249,-0.000975992124699149,9.05371386870401e-05,4.31380239453061e-05,0.00136034600379651,0.00693182083813667,-0.000915678511116472,0.0205108415041268
"315.89",0,0,0,0,0,0,0,0,0,0,0,0,0,0,0,0,0,0,0,0,0,0,0,0,0,0,0,0,0,0,0,0,0,0,0,0,0,0,-0.125218370156476,-0.00738786089923513,0.000309692553612507,0.000911867749597008,0.00582570298351321,0.031529873625653,0.0186338303478845,-0.000879055226222055,-0.0015548192628455,-0.00290101594762757,-0.00500898844070834,-0.00181699985350817,-0.00655744713599763,-0.00234917591650037,-0.00665987086423655
"320.422",0,0,0,0,0,0,0,0,0,0,0,0,0,0,0,0,0,0,0,0,0,0,0,0,0,0,0,0,0,0,0,0,0,0,0,0,0,-0.024832113514669,-0.0110560209190465,0.000170706433333855,0.000656812161010613,0.00397583171122582,0.0239525715308793,0.0250712124264046,0.0017720923274448,-0.000974933809310158,8.19710964995971e-05,0.000751244474116739,0.00178272938019005,-0.000912886069641349,0.00264990859929824,-0.0109321739016285,0.00290868626206882
"324.958",0,0,0,0,0,0,0,0,0,0,0,0,0,0,0,0,0,0,0,0,0,0,0,0,0,0,0,0,0,0,0,0,0,0,0,0,-0.00444030109448612,-0.0174442434027576,0.00110312788391293,0.000626939739361376,0.00174261362540929,0.0173357658641718,0.0285669563955375,0.00395830470751791,0.00105635110275149,0.000308750456736747,-0.000173259776730874,-0.00102816628462371,-0.00030152682347231,-0.00187689558144451,-0.00577701292543637,0.0105344286047785,0.0234835944378554
"329.496",0,0,0,0,0,0,0,0,0,0,0,0,0,0,0,0,0,0,0,0,0,0,0,0,0,0,0,0,0,0,0,0,0,0,0,-0.0053420869703984,-0.0283766094824617,-0.000212799425852242,-0.000618960822801606,-0.000476055695726674,0.00734688737738446,0.0274488074051172,0.00735042977766748,-0.000613348257700213,-0.00156716477568705,-0.00418581899261995,-0.00146589972727305,-0.00631776637253709,-0.00583124140499738,-0.00254482143279214,-0.00501465767962652,-0.00914388532239561,-0.0566592676271052
"334.038",0,0,0,0,0,0,0,0,0,0,0,0,0,0,0,0,0,0,0,0,0,0,0,0,0,0,0,0,0,0,0,0,0,0,-0.00498813877166016,-0.0381193076824099,0.000417277707807036,0.000725304224894661,0.000290115875932946,0.00404297728441197,0.0239102416114362,0.0128818457890009,0.00179955316531334,-0.000689144714419792,8.40859105401327e-05,-0.000788161465747833,0.00038401449381532,0.000559755853193592,0.000275237495933657,-8.27089472022549e-05,0.00191378137979654,-0.0075540168638701,-0.00663235680661548
"338.584",0,0,0,0,0,0,0,0,0,0,0,0,0,0,0,0,0,0,0,0,0,0,0,0,0,0,0,0,0,0,0,0,0,-0.00641178951752086,-0.0526595960238792,-0.000502716967004069,-0.000397206294911558,-0.000741280882581541,0.000814848381940177,0.0164237983716835,0.0187913684679157,0.00235750697966222,-0.000479948331523691,-0.00198641323623904,-0.00141241926337657,-0.000891375644890457,-0.000899517503493241,-0.000626200460333846,-0.00361466369607569,-0.00447036098794226,-0.00226050912156032,-0.00410593829197893,0.0039176655961892
"343.133",0,0,0,0,0,0,0,0,0,0,0,0,0,0,0,0,0,0,0,0,0,0,0,0,0,0,0,0,0,0,0,0,-0.00537986719072547,-0.0664785870235361,5.82491604581171e-05,-0.000196111419447,-0.000205884423757276,6.72106034077923e-05,0.011936071751922,0.0216974701611909,0.00293256523289786,-0.00168831718852935,-0.00061579390506919,-0.0016236376781308,-0.000904050612404163,-0.00133259339572887,-0.00204623667285814,-0.000582543258577655,-0.0040739786998543,-0.00510506558743511,-0.00438029043707838,-0.00464019448584189,-0.00454793080863843
"347.685",0,0,0,0,0,0,0,0,0,0,0,0,0,0,0,0,0,0,0,0,0,0,0,0,0,0,0,0,0,0,0,0,-0.0810157406688794,-0.00105273423681018,0.000810121147717339,0.000463116288995234,0.00149855296770064,0.00669594236810949,0.0216929210676842,0.00894306278939346,0.00152192997761342,0.00123917360099574,0.000345654167722473,0.000621784534340619,0.00160670396478486,0.000357330832429876,-0.00164054954457831,-0.000136243371581347,0.00171259440739649,0.00496078541503114,0.000910281669319111,0.00259504109909916,0.0210926333478484
"352.24",0,0,0,0,0,0,0,0,0,0,0,0,0,0,0,0,0,0,0,0,0,0,0,0,0,0,0,0,0,0,0,-0.103710433762965,-0.00189053544452773,-0.000333111627499454,0.000810935049270819,-0.000239086384570529,0.0023346056964989,0.0140885881590541,0.0121699410141993,3.32070983533762e-05,-0.000251962997398672,-0.000430386046273826,-0.000621679259933332,-0.00126859930979884,-0.000233231747189194,-0.00212378587706772,-0.000319503774358326,-0.000944584004667874,-0.00388572031365228,0.000648048404383703,-0.00525585784387781,-0.0033757373375026,-0.0115975620001853
"356.799",0,0,0,0,0,0,0,0,0,0,0,0,0,0,0,0,0,0,0,0,0,0,0,0,0,0,0,0,0,0,-0.132366881621067,-0.00379469858226965,0.000199971910347757,-1.90474944414439e-06,-0.00033207326758691,0.000473204457774937,0.0104965888627975,0.0134844615391792,0.0018171742782009,-0.000526139495212421,-0.000268896527071679,-0.00144215039354419,-0.00105982855430732,-0.00123928753451996,-0.00102964036912882,-0.00293987013856828,-0.00378173578765271,-0.00185854203866986,-0.00209730871144739,-0.00057584772282447,0.00157101577641705,-0.0096472188365434,-0.02165713901393
"361.361",0,0,0,0,0,0,0,0,0,0,0,0,0,0,0,0,0,0,0,0,0,0,0,0,0,0,0,0,0,-0.144191894529901,-0.0073662640263399,-0.000145607365986985,0.000386184486394754,-9.31707638465451e-05,0.00118525922034355,0.00557544246387397,0.015611374873874,0.00365992431995971,-6.08102231733753e-05,6.86441579167852e-05,-0.000856870294686385,-0.00101963626547846,-0.000444762379856606,-0.000554294974996004,0.000321793858700963,-0.00172755006310311,0.00010969359848557,0.00255015987121259,-0.00133075331635415,-0.00124036322523292,0.000655680206102756,0.00633908909060482,0.0141427450591937
"365.926",0,0,0,0,0,0,0,0,0,0,0,0,0,0,0,0,0,0,0,0,0,0,0,0,0,0,0,0,-0.172440334831112,-0.0114795868482491,8.73297573137097e-05,6.34248282136403e-05,0.000135354809421335,0.000356101614173043,0.002964665949207,0.0130297880930367,0.00825933161552594,0.00114231842650032,-1.6113091457813e-05,-9.2121678736934e-05,-0.000929001077566579,-0.00122932912745217,5.30055853002896e-05,8.26808090634494e-05,-6.76045731051651e-05,0.00137523543097313,-0.0019126896811327,0.000448275243467155,0.00141828723093776,0.000908359215770583,-0.00311804296180886,-0.00821820318975258,-0.0203668320079142
"370.495",0,0,0,0,0,0,0,0,0,0,0,0,0,0,0,0,0,0,0,0,0,0,0,0,0,0,0,-0.198102123245582,-0.0195918239414549,-0.000121736152505081,0.000195785300538205,-0.0006492221445234,-0.000226793199138028,0.000693663980393822,0.0085389173024081,0.0103989639245159,0.00107096738892675,-0.00114400117782177,-0.000585274892761084,-2.49245504955384e-05,9.7472046470612e-05,-0.000192150532145342,-0.00140740503067956,-0.000100712320043264,-0.000174619157711793,-0.000174235277358578,0.00057785823876772,-0.00251551982074694,-0.00149903800263041,-0.00131633530330009,0.000269620388092701,-0.0106655189256849,-0.0153478717904168
"375.067",0,0,0,0,0,0,0,0,0,0,0,0,0,0,0,0,0,0,0,0,0,0,0,0,0,0,-0.171414933058843,-0.0233167790179562,4.84543531728467e-06,0.000924857443320931,0.000997043514645991,0.000690000182006467,0.00133265882945065,0.00689182483132376,0.0120581221072699,0.00339396618031087,0.000275177317742807,0.00025747688278932,0.000547876752081505,0.000600535200139441,0.00143880930205307,8.5454173748565e-05,0.000691120198508249,-8.69040651625816e-06,0.00116188876898982,0.000837935250918092,0.000877562045634205,0.000440173553164881,0.00252565850099407,0.00442176014055219,0.0015716818479048,6.12848498434361e-05,0.0330634366180823
"379.641",0,0,0,0,0,0,0,0,0,0,0,0,0,0,0,0,0,0,0,0,0,0,0,0,0,-0.128610999286462,-0.0342949005196208,0.000235512268705757,-0.000107812892353242,0.000119074557912658,0.000709036074238345,8.12911297208337e-05,0.00359202079963058,0.0113284897701993,0.00413308194538976,0.000708439456308416,-8.48573407957634e-06,0.000490312311498194,0.000694512927564082,7.34485898588802e-05,0.00120279360457451,-0.000989848786164997,0.000847378935320375,0.000538684788351356,-0.000558231317604199,0.000307011491006641,0.00161352231950506,0.0020296160230121,0.000277295752291327,0.00260261248546628,0.00149781838856657,-0.00375909256184708,0.0308340956977293
"384.219",0,0,0,0,0,0,0,0,0,0,0,0,0,0,0,0,0,0,0,0,0,0,0,0,-0.114539027182719,-0.0464323534333008,-0.000678375400143984,0.000359058685514813,0.000806083800707222,-0.000120991702316013,-0.000241444689222878,0.00108988872882266,0.00957750896360145,0.0058454217170732,7.70813388618272e-05,0.000477599377292355,-0.000123912126182398,-0.000570508951522582,-0.000812856780602088,-0.0010728196108602,-0.000826627599005714,-0.00185214096768665,-0.000318792489679595,-5.03239359808203e-05,-0.000112945475335518,-0.00296140550543383,-0.002897963009544,-0.00127608860148773,4.91312269069574e-05,-0.00477956648518185,-0.00221678504730489,-0.00524353573704371,-0.0212722224628697
"388.801",0,0,0,0,0,0,0,0,0,0,0,0,0,0,0,0,0,0,0,0,0,0,0,-0.113115878562675,-0.0564409245643603,-0.000346859252446626,-0.000229819845460975,0.00022627012118175,0.000454378540929669,0.000124803873652606,0.000950021091455088,0.00688947290349671,0.0081324068368319,0.00126451031598473,0.000371950200404694,0.000382524519323894,-0.00013419470246725,-0.00112320430187276,0.000508826014609459,-0.000323256862188034,-0.000274560635592518,-9.18650791594312e-05,-0.000710623343300803,0.000185941484365317,-0.00188235484595802,-0.00119863989131934,0.00142982825952848,-0.00120144411450299,0.000695267060931775,-0.00219935067249229,-0.00427619139275052,-0.00683196090910902,-0.00244413241590024
"393.385",0,0,0,0,0,0,0,0,0,0,0,0,0,0,0,0,0,0,0,0,0,0,-0.100112128751526,-0.0696886085202116,-0.000215610800121983,5.14144328117245e-05,5.91952041609422e-05,0.000490931796688743,0.000255221224964669,0.00109754674130712,0.00414808912871524,0.00904350315108415,0.00250306772277169,-0.000178859433937505,2.62541227894921e-05,0.000235114873235885,0.000894693988471953,0.000199315822963289,-0.000499254732196277,0.000408245550011874,0.00024046610458132,-4.78905840851159e-06,-0.000294292016381646,8.00541838581231e-05,0.00103651185306402,-6.16986796079116e-05,0.00269734924176451,0.00140393247291571,0.00236039452011919,-0.00174051987867087,0.000922038831779205,0.00412117424539723,0.0505716312463352
"397.972",0,0,0,0,0,0,0,0,0,0,0,0,0,0,0,0,0,0,0,0,0,-0.069371919663862,-0.0853481780055754,-0.00189661648183029,-0.000585097861914671,-0.000355559813327859,4.77813518063057e-05,-0.000461802450480007,-0.000484860677479451,0.000654259278737131,0.00629928457998125,0.00225278434743706,-0.000237805001556717,-0.000295210175931719,-0.000296906534558449,-0.000531492986697904,-0.00129311274627795,-0.00125761261063082,-0.000651549291915821,-0.000473036774512375,0.000484026017099782,-0.00159571335975026,-0.000107935858586057,-0.00101029174258888,-0.00216859884689339,-0.0022480428072306,-0.000807662675489677,-0.00121179247927504,-0.00274404743171589,-0.00413776500953725,-0.00651925947746944,-0.0147011426837298,-0.0212138961244113
"402.562",0,0,0,0,0,0,0,0,0,0,0,0,0,0,0,0,0,0,0,0,-0.121294978108194,-0.0989047950417094,-0.00165990324822304,0.000153022036165585,0.000101964572302627,0.000861122401808251,0.000786629131210418,0.000446116295718097,0.00109997830249922,0.00533885185267899,0.00562849696995634,0.0011641934892143,0.000942067814040186,-0.000607682198042623,-0.000358433014945287,0.000395427641388552,0.00113327280826157,-7.8240996979775e-05,5.83264905253945e-05,0.000513853530168518,0.000419581720743417,0.000761558774520348,0.000638649576369093,0.000999128476764256,-0.000372414257513573,0.000745032124542926,-0.00029402640437713,-0.000367084256524457,-0.000597657297429893,0.00148220802142286,0.00352782264701175,0.00347899295450119,0.0227145381414379
"407.156",0,0,0,0,0,0,0,0,0,0,0,0,0,0,0,0,0,0,0,-0.134513726685275,-0.115958996359553,-0.00365767430330445,-0.000534164458551117,-0.000885932256374164,0.00031535578557224,-0.000298757746495377,-0.000165695335905128,7.47092185467597e-05,0.00325239682797694,0.00522349367856523,0.00134704290534302,-0.000562242171465507,-0.000592175768422857,-6.34645427020914e-05,-0.000452319355155647,-0.000936708518386477,-0.000689029906475884,-0.000204221905184388,-3.66251077396282e-06,-0.000870709541210338,-0.00112480415128965,-0.00170290811230744,-0.000991189119695611,-8.06027621588405e-05,-0.00125857067561549,-0.000969052271889335,-0.00125660839638186,-0.00204258360010352,-0.00431599223535101,0.000667636700449483,0.000740020275385369,-0.00823894822023421,-0.0189433549777683
"411.752",0,0,0,0,0,0,0,0,0,0,0,0,0,0,0,0,0,0,-0.131006422334423,-0.143279207263615,-0.00369918965861371,-0.000270419003522053,-0.000160106602405299,0.000112040078576291,-0.000583593246391775,-0.000129181059575968,0.000861502826810631,0.00278994997136343,0.00509447476081871,0.0026180823058285,0.000565485915397678,9.10026959687529e-05,0.000330566317801735,-0.000212078425182402,-8.03322810850336e-05,0.000490984423697456,5.13629202649949e-05,0.000569478871447719,-0.000415796722291086,-1.51653881394004e-05,-3.10525270674824e-05,0.000639569191879576,0.000460375599054321,0.000335119638693954,0.00105005855846476,0.000601238077033585,0.00125090861135223,0.00117069205665109,0.00203951582528119,0.000722209972963884,0.00384963994259325,0.00212220209852815,-7.96893127391687e-05
"416.352",0,0,0,0,0,0,0,0,0,0,0,0,0,0,0,0,0,0,-0.159610570090412,-0.00711729288057959,0.000243294595580315,-0.000155713653399958,-0.000102722114566964,0.000836058892048256,-3.05145968882477e-05,8.32454163481669e-05,0.000753572153651665,0.00413408352313275,0.00344386612588912,0.000610925950663713,6.93971818467136e-05,0.000169560208993006,6.62722331098227e-06,0.000373030911701802,-0.000175307937633397,-0.000599091207028347,0.000715582425331866,-0.000363454795497782,0.000309225144850212,-0.000229945070485579,-0.000367111751747322,-0.000515496342993663,0.000829685820889118,0.00053669734976178,-0.000454067127090725,0.000106612160931481,0.000404692779114927,-0.000598372232628955,0.000464915021233698,-0.000776329892552303,-0.00368024629623995,0.00665014151048218,-0.00573962553866215
"420.954",0,0,0,0,0,0,0,0,0,0,0,0,0,0,0,0,0,-0.178545670142322,-0.010053541845598,-0.000567862855325997,-0.0001021624514055,0.000146362984044057,0.000113700303583321,-0.000419377888265399,7.53822458086379e-05,0.000649994771845976,0.00381814965536287,0.00321345590834335,0.000518707396581275,-0.000173834741850262,0.000282699926042361,-9.21340640323436e-05,0.000156592695053449,-0.000186540218783476,0.000562847169631776,-0.000332388271488461,0.000237804785801201,9.75853403227351e-05,-0.000561718610684058,-0.000202458916117528,2.48741623572151e-05,-0.000361985724994131,0.000822941341148348,0.000139881726204606,-8.89699174152605e-05,-0.000280645165758817,0.00135541275144304,0.000321455069369528,-0.00197472533307802,0.000632336082896249,0.00311164154447572,0.00324195195664213,0.0090695241178046
"425.56",0,0,0,0,0,0,0,0,0,0,0,0,0,0,0,0,-0.190557240090027,-0.0144860862805871,0.000777340343229061,0.00025508104996711,3.05330452371484e-05,0.00021517289619386,0.00114408877316624,0.00085351518075457,0.000728502421604815,0.00205182880556453,0.00486926666320743,0.00163280646991381,0.000704888423036452,0.000104876225853974,0.000282588096511563,0.000492798066410143,0.000582526296310272,0.000650405774684036,0.000134760832216468,0.00043625907590528,0.000286881087574848,0.00105324184075376,-0.000208183658125931,0.000976028023749738,0.000272979911340253,0.000972028887131825,0.00183893783694969,0.00125034385352828,0.000708460598250687,0.00191214046333684,0.00388980099285271,0.00392170183549518,0.00468089955919507,0.00279941397400443,0.00579845634202105,0.0138923649162213,0.00219424134202381
"430.168",0,0,0,0,0,0,0,0,0,0,0,0,0,0,0,-0.199422026549088,-0.0186822519993091,-0.000427801792999924,-0.0005738129311097,0.00029529802741027,0.000138933311892667,0.00027279983131364,0.000221893628250737,0.000126507090359107,0.00134091239189992,0.00429622816057198,0.00236301804537763,0.0009620144693884,0.000554987354056673,0.000123936220059549,4.0529371822689e-05,-0.000110455055449093,-0.000413800109908715,-0.000246856105734032,-0.000192401261709117,0.000170902383270962,-0.000232957152697794,0.000488968412498121,-3.58737532197704e-05,0.000814510164138768,-0.000322127251703345,-0.000429389437829723,0.000211690182109799,0.000417593070297736,-0.000960458702802807,0.000607304363742243,-0.000262371092478112,-0.000349995308566997,0.00038965674790059,-0.000733656931870298,0.00510993893855884,0.0013860307377133,0.0106686243816198
"434.779",0,0,0,0,0,0,0,0,0,0,0,0,0,0,-0.213095176034444,-0.0239226054449654,-0.000477837899226728,-0.00054587934541757,-0.000147435397259757,-0.000391823084782633,-0.000432698494975571,-0.000494388178450564,-0.000252362845520484,0.000622988554370524,0.00389672691539914,0.00327592025878179,8.37534586019262e-06,-0.000415597136300456,-0.000416069210822079,0.000135327217605652,-0.000496952712616307,-5.41576315487758e-05,-2.29922973787102e-06,-0.000127253660002081,-0.000453578783519446,-0.000270010213160346,-0.000111863066271262,-0.000684355785708389,-4.71042637723832e-05,-0.000362697560008944,0.000291940489875276,-0.000542187041043843,-0.000857381778903234,-0.00126347824086351,-0.00165354053582999,-0.000831869363317054,-0.000412452279023203,-0.000671361646429327,-0.00150114956149322,-0.00219337707468964,-0.00258955143737686,-0.00608425492187132,-0.0204503474794387
"439.393",0,0,0,0,0,0,0,0,0,0,0,0,0,-0.224642168389393,-0.0321433400643309,-0.000376080099665959,-0.000247388402058536,0.000383331648530293,0.000115744364543899,-0.000249785019771849,-0.000240482343498481,2.39087618757183e-05,-3.63323788304514e-06,0.00200141737620742,0.0038442513724774,0.00110303209974908,0.00031618319937717,-0.000156057900688147,-0.000220908198608542,0.000283735060059739,-0.000232537808875339,-0.000205494667053181,-0.000172637179261894,-0.000367547901767499,-1.08548152326979e-05,0.000205481483001053,-6.35970146440325e-05,0.000157341670835139,-0.000461873096157393,-0.000192794239696743,-0.000699855595745863,0.000449422171343086,-0.000761225895624862,-0.000419960838579238,0.000524092486585965,-0.000976720764547908,-0.0014820082577082,0.000194198644397468,0.00169512738640663,-0.00320735524113038,0.000383669746249978,-0.00856346945048255,0.0134806077939081
"444.01",0,0,0,0,0,0,0,0,0,0,0,0,-0.223013782300417,-0.0396864043195461,-0.000914362049321647,-0.00039494899582608,-0.00014890537820016,-0.00022766490101748,-0.000831252972584342,-0.000404103262436741,-0.00056880204801984,0.000129300677314663,0.000995702227457046,0.00240806741925434,0.00192559118403431,-0.000457727552599587,-0.00011275174636979,-0.00031356531981714,-4.74409490079374e-05,-0.000520447414840334,-0.000186360732547672,-0.000205800299974932,-0.000297212520191076,-0.000370992561011613,5.25785565716409e-06,2.48004656671948e-05,-0.000161641992763648,-0.000465012344476607,0.000239350261238473,-0.000309662683575154,-0.000655281107783944,-0.000179157045129275,-0.000407817680928457,-0.00094695891486371,-0.00142649331340569,-0.000437314990540566,0.000645354204679331,-0.00138147675363488,0.000944513005073972,0.000596834686583353,-0.00160106465412243,-0.00299181539164699,0.00279666159915819
"448.63",0,0,0,0,0,0,0,0,0,0,0,-0.208396688598658,-0.0478709365784458,-0.000257319605545351,-0.000538548591876205,0.000252526744161676,3.97966604413621e-05,-5.46283182910343e-05,0.000278685635589766,0.000120201915368646,0.000449524720853452,0.000219479284639393,0.0024024405229434,0.0018584440340097,0.000462925462137304,0.000520260925225052,0.000657123215514583,0.000368067495753854,0.000177227828885515,2.00058746291086e-05,0.000607612980536971,0.00034741154126754,2.87802130189153e-05,-7.17712178993841e-05,-0.000117345131115829,0.000217355283804141,0.000122103653830108,0.00057128674361239,-0.000155217361347696,7.81060823801488e-06,0.000440526112073113,0.000730150469067093,0.000658785625278931,0.00102258970175004,0.000876024346558171,0.000697119375103362,7.37023008259882e-05,0.000520070726569157,-0.00116619796726233,0.00416645259606752,0.00372035584316293,-0.000290323617924383,0.00963051164529998
"453.253",0,0,0,0,0,0,0,0,0,0,-0.149596061717029,-0.0631483648828334,-0.000555108836601305,-0.000184599096587935,0.000139977724489653,0.000226916301744349,0.000165013271243613,0.000684498858893434,0.000276631103920062,0.000332922575327123,0.00051995989385947,0.00150386080728569,0.00303000901691512,0.000821506333347866,0.000242561829512053,-2.94041629847545e-05,0.000131520852568369,0.000338748598816362,0.000262618074010726,0.000241469878152645,0.000151616601952592,0.00011064489643592,-2.46397381825231e-05,0.000314484952008583,0.000240511687637805,0.000260809992686447,0.000141808307164392,8.9975936540183e-05,0.000285870787553544,-2.48974911933034e-05,0.000144334463325757,-0.000173075968690273,0.000710085340746208,-0.000435484117306156,0.00131796887323103,0.000626329201960911,0.000216685514807895,2.48724370034944e-05,-0.000216891926015258,0.0014506387455705,0.00476267827476439,0.0169056131426919,0.0171412754208763
"457.878",0,0,0,0,0,0,0,0,0,-0.128714712912159,-0.0676145064614359,-0.00150349535400078,-0.000425960649303378,-0.000418609614193661,-0.000137735913874769,6.00200704537804e-05,-0.00037416990681338,0.000329759282498502,0.0001592835782415,7.43665345373948e-05,0.000424621632751847,0.00187177337953935,0.000843723659165869,2.44720686265595e-05,-0.000176409137328542,-0.000220022960957012,-0.000148212249816063,-0.00013256681405134,0.000178545392024106,-0.000131781907572199,0.000511556675736234,6.10572673898965e-05,-0.000455351935567536,0.000386986705561133,-3.46866738333306e-07,-0.000170952382921317,-0.00037179546601941,-8.1542233658221e-05,8.6457606316816e-06,8.82414191706601e-05,0.0002155144506089,-0.000197412142266379,-0.000274123946267506,0.000411145884922892,0.000884271282432209,-0.000208026991236318,-3.74918910789413e-07,0.00058898151892736,0.000324253848484694,-0.000690958206897099,-0.000183955897920311,0.000855162390307786,-0.00754107844629155
"462.506",0,0,0,0,0,0,0,0,-0.0809354962616818,-0.0773288975076241,-0.0020133537187273,-0.000184776899161438,-0.000461751343533558,-0.000212116453398657,-9.04188862430098e-05,-7.97063253951656e-05,-0.000395966710813022,3.3625811127165e-05,5.23748436874949e-06,0.000903674029176221,0.00199439594949179,0.000450551178127697,0.000444178604376084,-0.000131299222686019,-0.000190321405873194,-0.000235939576998894,-0.000290099883520508,-7.53916014692917e-05,-0.000410785323721495,-0.000462489008075776,-0.000146531639362204,-9.0021770561586e-05,-0.00016457802104848,-0.000126692933676459,-0.000469940976017587,-0.000502258479984465,-0.000455310061238398,-0.000571517288188782,-0.000496552070212617,-0.00054077097961574,-0.000158044931457955,0.000437175322022892,0.000354532652045222,-0.000250584924598025,0.000448160874732201,-0.00128645024658767,-0.00204971730096411,-0.00184592101616912,0.000937171268290073,-0.00393292756445825,-0.0024106380050302,-0.00259208296047521,-0.0373425679570988
"467.137",0,0,0,0,0,0,0,-0.0424225424141456,-0.0802623350695512,-0.002824945946988,0.000205556101690678,0.000216981774179661,7.89486109667932e-05,-4.16862433409325e-05,-4.05432190674454e-05,0.000206002300400997,0.000395895605661509,0.000511022543771338,0.000747777198395126,0.00277670208808295,0.00202417986992741,0.000985766364995986,0.000415936626373807,0.000255826228585167,0.000301387667184615,0.000489533071588946,1.63941056860902e-05,0.000246095836067823,0.000402149079620021,-2.64849076539868e-07,0.000751293767720865,0.000115957519480347,0.000253441162028389,-9.71072745269099e-05,-5.07363046111408e-05,0.000176048004674058,0.000733728423306972,0.00109391372804153,8.35475808331805e-05,8.81320110560934e-05,0.000637041909766203,0.000562392379576218,0.000465502604069165,0.000513890114128458,0.000639134512560013,0.000941530579402316,0.00166797472430086,0.00190002091214285,0.00110516407062478,0.00264408079685247,0.0061292841569113,0.00371522806432394,0.0268989713690986
"471.771",0,0,0,0,0,0,-0.0927500287750345,-0.0870041795434226,-0.00383678433539671,-0.000295119110919451,-0.000134061157224627,-0.000999452689423229,-0.00032931416882719,-0.000809382210113548,-0.000478702384759909,-0.000366557926025029,-0.000596035373309723,-0.000255320016908264,-0.000353204899152703,0.00119832703452136,-0.000301090007632555,-0.000271372853589435,-0.000429182084388033,-0.000274015200389771,-0.000184592255194313,-0.000268574237941444,-0.000123429195743076,-0.000184464819096129,-5.10461956664737e-05,-0.000145019526859847,-0.000243994629284225,-0.000717289022353386,-0.000261156323784327,-0.00062036587794711,-9.16358299051284e-05,0.000408723083438392,-0.000249767887951176,-0.000921325683731789,-0.000506716728006437,-0.000255754605134239,-0.000667828592631861,-0.000153888054076412,-0.000982876412743326,-0.00113968126743256,-6.06130260743052e-05,-0.00111939416062618,-0.000859337746252296,-0.0028615506994472,-0.000773004190944295,-0.00195558401512776,-0.0072223612303916,-0.00542609537003754,-0.0189998125909783
"476.407",0,0,0,0,0,-0.160309790767285,-0.0817997943810979,-0.00356632917958431,2.08883999721816e-05,0.000144960491376684,5.72431096352757e-05,6.80050246544066e-05,6.96528817702988e-05,0.000472025851400905,9.79957397114261e-05,0.00048358924845515,-2.5105069002416e-05,0.00118949818442785,0.00202701265994589,0.00224078391474065,0.000416856894540758,0.000342961644880315,0.000595587862286951,-0.000438102041926086,0.000746764331485696,6.35715949786332e-05,0.000328089822266431,0.000240207118468515,0.000477608625830476,0.000375335381761608,0.000171481093809752,7.74522232089118e-05,0.00015655923669649,0.000463938652421017,-5.68580772414868e-05,0.000364895717641626,0.000433147593485919,0.00011820896065072,0.000686734894536641,-7.45838054106988e-05,0.000677912649643982,-0.0002016001047499,0.00103175721520362,0.000447061936949357,0.00100532907333688,0.000311284723585943,0.00153857671028678,-0.00050416068841386,0.00124952306829071,0.00355704702002599,0.00333640838845686,0.00238370406711968,0.0517267332708951
"481.047",0,0,0,0,0,-0.0904827337061411,-0.00455055219737774,-0.000210680553000217,-0.000199194322853742,0.000237142141390751,-0.000319624158175996,8.30777405411182e-05,-3.85839009334622e-06,-0.000181624150320534,-0.000374483577947878,-0.000174592243089367,0.000711580249700329,0.00206379488558959,0.00142232089980807,6.39500054258812e-05,0.000625955513283501,7.96656367039525e-05,0.000143301132219969,-1.20597017370748e-06,0.000494550163043239,0.000287965234696866,0.000285143159706382,2.41835081127006e-05,0.000337959938219246,6.0619307452821e-05,0.0001528852897232,0.000460610414013755,9.07303490358066e-05,0.000489993122094079,5.63189011615516e-05,0.000362462508738246,-0.000193817365065401,-7.91690151195488e-05,0.000343220767767019,-0.000404359868232598,3.45671258289566e-05,0.000337577096768141,0.000303008207837106,0.000473068757011183,0.000292959984449684,-0.000141487462686947,-0.000426414817805689,0.000785512004740144,0.000108962538882115,0.000883255031913773,0.00218986894868248,0.00436840789158328,0.0464663018752531
"485.688",0,0,0,0,-0.106483276770369,-0.00782777850610845,-0.000100918313241062,0.000115263585491026,0.000120544507881371,-0.00022796548504932,8.07063939907648e-05,0.000144887598763417,5.30149009444418e-05,4.60123018554529e-05,0.000150916797166777,3.46165455874792e-05,0.00104320167966408,0.00169280210702304,3.69906021036905e-06,-0.000181282133240063,0.000744940539936068,-0.000146450833166464,0.000106465436728402,0.000102060395233985,-9.23107625400146e-05,0.000112414215234661,-0.000107737004446912,-0.000232710705502166,0.000249255941679228,0.000262617106226674,0.000321125804453301,5.93482525870257e-05,0.000223516101427338,0.00018705767078029,0.000451188443256993,-6.89362283973695e-05,0.000483486513063241,-0.000197766389834791,-0.000136913040564797,0.00036855560267305,-0.000105946823489254,-0.000455470522530311,0.00011001133737003,0.000234580037532856,0.000977433991645339,-7.14729271310491e-05,0.000702444261869866,-0.00122101422836834,0.000545802929245566,0.00171579127187506,1.97850385109839e-05,0.0107429630385174,0.0706957671001573
"490.333",0,0,0,-0.104713763853448,-0.00946012752782181,-0.000157105514014781,-9.87737901182034e-07,-0.000152591495328478,5.55097118948247e-05,-1.24630875865984e-05,0.00028235915076445,-0.000431435206798475,7.06798383107405e-05,0.000676294238130362,0.000325806806497358,0.000365880740083968,0.000823687254157549,0.000591623711609392,-0.000165526072474017,0.000270501274978193,0.00049902359221615,0.000271238537443838,-0.000587998302549233,-4.49978601082319e-05,4.17818699033992e-05,0.000425789440819125,0.000221406721219359,0.000203589822439868,0.000180913755488504,0.000340934233359974,0.000409250978105789,0.000359696212182075,0.000186800562718666,-6.41350493009419e-05,9.71987486059041e-05,0.00024172450472196,8.22020008649295e-05,0.00066810390863693,0.000449610100743511,0.000861371946888099,-0.000373103691228709,-0.000669040408046116,0.000192944751450569,0.000634945949936367,0.000609010839800302,-0.000448015146783217,7.25866201997925e-05,-0.000331155526673275,0.0039174992318235,0.00121886557392551,0.000555803237197386,0.0435339091864292,0.0361075932832995
"494.979",0,0,-0.115721310311661,-0.0113813558156229,0.000316336641919037,0.00019506686609,0.000128453254118371,-0.000201641744378114,0.000165636625347032,-0.000274374195391056,-8.57492978076291e-05,9.90550053894302e-05,0.000312825061448688,-6.38273433291425e-05,-0.000107461100951882,0.000999155102522522,0.000545202703104604,0.000541453861685115,0.000467608210728528,0.000428198681201313,0.000604872607284916,0.000562070629945607,0.000314825059427449,-0.000114827396018246,-2.70117769892607e-05,0.00053112310120133,0.000238089745815865,0.000165580169541686,0.000222527606225863,0.000282649114138658,-0.000194514178288691,2.24362628216579e-05,-0.000452640132588017,-0.000279841235509353,2.45152666100632e-05,0.000296695764894455,0.000211191361034866,0.000349628828745638,6.00965776907233e-05,6.51526773685203e-05,-2.40293961588031e-05,0.000654873324404922,0.000152068879831256,-0.000860661305491094,-2.04580753158075e-05,-0.000268615787387986,-0.000722212847327701,0.000811991654063489,0.00198522090973225,-0.00227746377268719,0.012085948578275,0.0263534347036212,-0.00949019293531453
"499.629",0,-0.115008862829306,-0.0115047678847061,0.00052075573104638,0.000236907977431152,0.000122078966502719,0.000350884616317904,9.74323409448689e-05,0.000135024219382232,0.000538457213300032,0.000268887604308977,0.000289967466660756,0.000494817346868166,0.000505622570997117,0.000322722604469085,0.00188865833730471,3.32714553604278e-05,0.000425364649670695,0.000787154743012698,0.000387851760552996,0.000427081463060838,0.000250373306338558,0.000644798547341262,0.000406803591705065,5.85444844223909e-06,0.000350231986629391,0.000557666402084543,8.43794273339549e-05,0.000115647697022885,0.000650308589250307,0.000426974995424048,0.000313248937504395,0.000400887106416782,6.93343256538597e-05,7.98214305869318e-05,6.83518522366044e-05,0.000637053172637453,0.000606236793391426,0.000578169989900106,0.000617721498871087,0.00105320776429385,0.00034892207082219,0.000717436603289006,7.51246168902408e-05,0.00101197058604249,0.000902257133324771,0.00263028106029355,0.000739499668136292,0.00153238332357399,0.00286649399477337,0.0249178238202808,0.0043966291649456,0.0271041997213945
"504.281",-0.126381512822908,-0.0160487426738671,-0.000744578359736481,-0.000635778563681614,-0.000588779385520971,-0.000520639215520217,-0.000206508529297158,-0.000548219232157309,-0.000184290358436081,-0.000487980664781512,-0.000272215959887433,-0.000399157636473059,-0.000140492178105728,-0.000130386024478893,0.000105957843020834,-0.000129549627740689,-0.000417765288117827,-0.000620183848954562,-0.000524812175478665,-0.000768150812543329,-0.000635566535062931,-0.000209298165097091,-1.8623902691775e-05,-0.000462622119342418,-0.000636762433862606,-0.000522774013551106,-0.000224055031243867,-0.000593915940263608,-0.00023888292384905,-0.000362143124376466,-0.00049431625927801,-0.000279755988977412,-0.000794124894135089,-0.000484896285765287,-0.000915774704377529,-0.000634401716894374,-0.000395305209903998,-0.000321126940674044,-0.000869068115316762,-0.000675448008441084,-0.000685583538983373,-0.000828730414269784,-0.000294009151124005,-0.000398689590888281,-0.000394329581176171,-0.00073405024257584,-0.00267392100735008,-0.00253037304979513,-0.00318489471189039,-0.00119544201516464,0.00437388614566409,-0.0206434379378958,-0.0215889196061479
"508.936",-0.020432191444941,-0.000649780471561685,-0.000889829849699573,-0.000578303502773566,-0.00033730269264085,-0.000243052878279995,-0.000488590233315642,-0.000306110417129547,-0.000431706571286783,-0.0004738783707896,-3.9516727549346e-05,-0.000442645285536223,-0.000436099833796271,4.60186529700236e-06,-1.91573063864185e-05,-0.000172922721483574,-0.000650496263448712,-0.000691552552276897,-0.000512993522314222,-0.000464123097298201,-0.000372229216493359,-0.00079846189628375,-0.000357451024093007,-0.000761693276753832,-0.0010361276237732,-0.000264795627613673,-0.000844509165397687,-0.00054991011085021,-0.000911663945440362,-0.000716174087397753,-0.000307266311588977,-0.000392831930415962,-0.000209001688875973,-0.000972345887025833,-0.000639617146351571,-0.000579342513150437,-0.000891570475803196,-0.00115685805157692,-0.000761331967907126,-0.000963537376025042,-0.0007618562425386,-0.000349972707790302,-0.00125549009063315,-0.00110637405054767,-0.00107159116528901,-0.00127943404101872,-0.00230458073814729,-0.00229909102472692,9.15410324255428e-05,0.00762382440378234,-0.00898262245161902,-0.0140092170687858,-0.0349018574714517
"513.593",0.000354990470694,0.000169464387424194,0.000442701045787775,0.000114438733266726,0.000106484630210002,0.000209717161553512,0.000113731571878839,9.22643364894967e-05,-4.42665490986382e-05,-6.36052600120826e-05,3.77361446002954e-05,0.000528548017907635,0.000840509189457991,0.000469250407320092,0.000431563967592274,0.000332970978789614,-1.63566089589641e-05,0.000397462739259414,0.0004906481782904,0.000316754449429838,0.000767176143768753,0.000874493500156377,0.000106574703322234,0.000310274016670146,0.000122055089076669,0.000626617278919834,-5.47613772096665e-05,0.000514826201325375,0.000250072554971896,0.000591734259998524,0.000360156548412695,0.000150990264395502,0.00052957966604021,-0.000179901530283705,0.00055213312661454,0.000342770962983686,2.63707653506399e-05,0.000373051963928301,0.000533679016876061,0.000588803009910008,0.000298029690541378,0.00129054171209399,0.00117767257347973,0.000201677402631646,0.00158796906866055,0.00036399431976427,0.000292230864381395,0.00110645867115523,0.00553347752854521,0.00770301766172721,-0.00668861228206133,0.00931224966699005,0.00675754583881802
"518.252",-0.000316429347304668,-0.000372216904270227,-6.50675170818724e-05,-0.000145762378311092,-0.000269485775809743,0.000160891502974373,-0.00018737383252715,-2.67219583545322e-05,-0.000284657987436156,-0.000246016190829164,-0.000269161022335585,-0.000255802427134481,0.000267139548968422,-0.000146973600511191,-0.000350201999197253,-0.000601837425286112,-0.000470463776292779,-0.000280498967439084,0.000224577059641763,-0.000192364755958802,-0.000172112964520564,-0.000640443199944288,0.000132202947727126,-0.000524239480679459,-0.00062741250428372,-0.00045352224743398,-0.000627534464090154,-1.77345065253795e-05,-0.000167942625864926,-0.000127306730943731,-0.000231332466658526,-0.000229593014053544,-0.000299838314126652,-0.000275890131786903,7.831158426055e-05,-4.49926895709732e-05,-0.000280449681648832,-0.000544763581740072,-0.000403782453405656,2.9091559755696e-05,-0.000423516475278905,-0.00084061670330982,-0.000480502411629408,-0.00058203880193137,-0.000971868075301367,-0.000731723396809984,-0.00215703834698854,-0.00316255921835374,0.00635979077834975,-0.00874661734710941,-0.00893669416936401,-0.00887817573757949,0.000132694200559207
"522.914",-0.000145350913210748,-0.000394630365591567,-0.00028323650889342,-0.000328032320579444,-0.000388829131409768,-0.000225994205550317,-0.000175518000878163,-0.000244259533424696,-0.0001316558692179,1.08181573558717e-05,-0.000178173786168888,0.000202637521591394,0.000294379377037779,-9.22795035489137e-05,-0.00024039282773422,-0.000332058967342074,-0.00021839036327166,-0.000376954194670875,-0.000323411494390542,-0.000191146853145464,-9.37158236134938e-05,-0.000379888120923249,-0.000317203474934396,-0.000229831152429063,-0.000138716748253504,-0.000754379519562665,-7.85393485132701e-05,0.00023047920309092,2.24745757853691e-05,-9.23987935018348e-05,-0.000175352969523638,-6.9394560251176e-05,-0.000176537198766795,0.000160856435398257,-0.000363160130373854,-0.000102594054429074,-0.000537653830276047,-0.000199193404091803,0.000188628217592865,-0.000288922480930565,-0.000204211890707776,-0.000884994436897287,-0.000868831714183689,-0.000591867349310704,-0.000404991452990551,-0.000405389976352376,0.00038944786796031,0.00161372085195589,0.00106692020744331,-0.0138824489900807,-0.00305531929770802,-0.0035983100272916,-0.0098496100642425
"527.579",-4.51754273034762e-05,0.000526701891085962,-1.02541425140798e-05,0.000195457270869624,0.000170403577283124,-8.65431575334758e-05,0.000156771135001378,0.00036156731424033,0.000297967353144692,0.000475120599807707,0.000275558503126595,0.000610813303499595,-7.22724826381464e-05,0.000351309729493189,0.000333993728899109,0.000206048225586113,-0.000226071859908182,0.000172022466459499,0.000170230237559715,1.82740988561874e-05,-0.000111682842518249,0.000335561994610469,0.000210737868678068,0.000595950339498034,0.000298537146522789,0.000274316366400369,0.000255078463100849,0.000470572350421896,0.000254550063681628,0.000280259138937954,0.000178286151283235,0.000369247200888412,0.000325540578459781,0.000116651229090494,0.000337057071093579,0.00038946915124243,1.70667424880713e-05,0.000520985722226543,0.000289074283114842,0.000337544259492627,0.000476193370125558,0.000306090381812019,0.000352190853245522,0.00082113771370247,0.000841474458011498,0.000200319874258665,0.000856252011098618,0.00640255301651177,-0.0142272838987039,-0.00207074990098704,0.00377415121003624,0.00624191500933928,0.0342637895586197
"532.245",6.13360586356553e-05,-0.000395019625584425,0.000182046982913036,0.000128119363035535,-0.000518410700643082,-1.1325183088175e-05,-2.15687905288209e-06,-8.92999738286962e-06,6.88049189684175e-05,3.4436242662539e-05,0.000318298434518371,-0.000216179688530592,0.00013383645032456,0.000481836376867974,5.06983371028233e-05,0.000257272274246026,-0.000717466807213706,0.000114288383969288,2.59133712113105e-05,-0.00044921862350837,-0.000537308057416961,-1.88393747485223e-05,0.000278995885596231,-0.000172161925513318,-0.000382295552789553,-0.00015099746728228,0.000106051919927256,-0.00012678784161956,-0.000212919342135068,-0.000147108086867258,9.43889119573851e-05,-0.000234978208639804,-0.000200795160461105,-8.86976519030196e-05,0.000159490444782235,-0.000256058438613903,0.000284560365386249,-0.000412542332301696,-0.000341514969433476,-0.000141545911237899,-9.27723044231173e-05,-0.000309977148259716,-0.000301577704937168,0.000551740333432594,-0.000526458721473381,-0.00104047492136929,0.00145004502558936,0.00226468686277165,-0.0122117400497712,0.00199745849974016,-0.000405499598532623,0.00468910985917963,-0.00923500916134141
"536.915",0.000326752271454347,0.000576124011621087,0.000682367576784017,0.000173901149314086,0.000618957263841662,0.00037070538859777,4.84866378405131e-05,-8.37266264417655e-05,0.000149055233872862,0.000384527739592807,0.000221256808581437,7.78894203464216e-05,0.000473463428426657,0.00057169871849359,0.00039752891171611,0.000103788602167818,0.000102006197369564,0.000619717881107948,0.000253879949385613,0.000632150279504493,0.000321704014700363,-0.000393381873526363,0.000248114634476273,0.000550200014796786,0.000146079681064814,0.000555096944227624,0.000399636713069985,0.000303937726666418,0.00024892796420494,0.000299976558859738,0.000318629813878244,0.00035749781321521,0.000406659712912249,0.000414490461063787,-7.28184472562799e-05,0.000314985777998945,-8.84181325530133e-06,1.90471203213032e-05,0.00121684287781508,0.000611592046303701,0.000228499415042981,0.000381727678226952,0.000599664908720255,0.000336725304030899,0.000821755796585318,0.00052320529151597,0.00690114661125771,-0.00398232395450454,-0.00200020982620877,0.00201543724219186,0.00338377274630395,0.020304158073158,0.0329190131649202
"541.586",0.00144471641417757,0.000833870328513419,0.000744170270875697,0.000496442829696566,0.000137306822932943,0.000689278965339417,0.000256807085348555,0.000150380336211364,0.000466686227066913,0.00090119325761835,0.00130427675507621,0.000510774992262399,0.00037505530869603,0.000782253192462092,0.000189392491134544,0.000465427863707631,0.000547898031919985,0.000167197773328777,0.000100207298479041,0.000444618996440509,0.000266949458320122,0.000539564198411402,0.000464512715018019,0.000485629504805136,0.000287774308100739,-3.20129431389036e-05,0.00058356251626067,0.000543857168595399,0.000231660260540321,1.33179684714614e-05,0.000619867302066879,0.000258683727209015,0.000386921413335657,0.000174178061696573,0.000367063531716425,0.000889545773567371,0.000838042250576341,0.000460157088127052,0.000497308449076149,0.000126906334200744,0.000773893950658922,0.000449884131400478,0.000551684492337587,0.000795950275365845,0.000627818831611563,0.00245949446349292,0.00240531981813671,-0.00640700259700656,0.00316645137672346,0.00236952230352217,0.00937722306106556,0.013294289352338,0.0236961161342115
"546.26",-6.94397974477048e-05,0.000849598957119195,4.59321925108786e-05,-0.000189526004626027,0.00011653093608407,0.000249085614834285,8.77798615198923e-05,0.000319690670353585,0.000311319616651838,0.000502564845283357,0.000234962901610679,0.000261131008085898,0.00064598618251672,0.000417534900909591,6.85615548544209e-05,0.000204080841030819,0.00041569061071216,-3.36607876626314e-05,0.000525975945598251,0.000693970068184537,-6.84422753525262e-05,0.000234668243870524,0.000135513909260012,0.000402763888090497,-0.000124907258537043,0.000459062376509247,0.000325538933373934,-2.8845894367482e-07,-8.09899633389662e-05,-6.25912490595621e-05,-0.000231978701927139,0.000418884822434571,0.000452964251472633,3.86012742872569e-05,0.00014134582312765,0.00031226777549379,0.000763593706066897,-0.000283302677401043,0.000622372740783313,0.00035756555301456,0.000198084011710031,0.000906298153960647,0.000608193165941065,0.000372536680271641,0.000521445042677685,0.00206273977050463,-0.00726003168689968,-0.00170159912952613,0.00126936732245087,0.000719308314186868,0.0102699757682183,-0.00200547609817975,0.0146443947846353
"550.936",0.000246872914262972,0.000106765294631795,0.000326678070989635,0.000323572546195675,2.11693973790668e-05,0.000200463739421663,0.000104618392495462,0.00046383460891898,0.000177200222995385,0.000154312990604177,-8.05728764220248e-05,0.000115892960215582,0.000251313317278623,0.000149712416036384,0.000369612368083188,0.000121861246479322,0.000136943535737565,0.000372675539148401,0.000148004309420534,-0.000177467279820962,9.62688492705392e-05,0.000245756790169314,-0.000663296591121104,-1.81698892029705e-05,-0.000152168918930096,0.000105194268593707,0.000353131035012981,0.000230801219604359,0.000165650299173135,-5.73190108231105e-05,0.000140680442080853,-5.55419990957798e-05,-0.000339792571628469,0.000135470202955643,0.000389811645075407,-0.00014963536231609,-1.16095902027088e-06,0.000332732180895089,-0.00052747930170167,-1.09731990191389e-05,0.00036180007178561,0.000558201023120885,0.000806491856869145,0.000531035651694843,0.000489342696941437,-0.0010538302077219,-0.00833735742192193,-9.01737497702691e-06,0.000428057591785798,0.00329595502889975,0.00632586565660106,-0.00340774578986655,-0.00109488497610487
"555.615",-0.000137131538522108,-0.00025528310354006,4.51313741986675e-05,-0.000404142704338459,5.80091260265797e-05,-4.93341170151476e-05,0.00043600166577033,0.000350049502955129,0.00010414241511858,4.70931463427305e-06,0.000109569225683411,-0.000225403774732759,0.000105428623039494,0.000198317660532981,-7.77455829904247e-05,0.000144878209867638,-0.00039562473591809,-3.38966297374587e-05,-0.000252369957452149,-0.000404823239030681,-0.000408443069700355,6.29087013001652e-05,-0.000483165535437278,7.88296901964512e-05,1.63484884961195e-05,-0.000343265851887774,5.5014561739079e-05,-0.000192813118387566,0.000101363831856756,-0.000175847104618047,-0.000110892856858379,-4.6783076540834e-05,-0.000411966242626765,-0.00059530487951822,-6.78289588307158e-05,-0.00053698260241055,-7.43892309936174e-05,-0.000149180800104296,-0.000372836225270468,2.05785543025104e-05,-4.87364692050912e-05,-0.000677013795276822,-0.000459145386659038,-0.00109417679093243,0.00217374166461512,-0.0096498904553439,-0.00380569483214841,0.000202945304577187,-0.000380571689864192,0.00166890938743435,0.00817497352473817,-0.0077174270762108,-0.107883746505285
"560.296",-0.000307740360449013,-0.000449501117385147,-0.000385399315152786,0.000230321499046077,-0.000463641738653301,0.000175491730677213,0.000633176737399363,0.000158323081413328,-0.000141444951296432,-0.000272504687868556,-0.000335410855935188,-0.000631647527862732,-0.000262185883662026,-0.000120017356195898,0.000147600990156994,-0.000176497600899095,0.00015423613844672,-0.00031543842924508,-0.000112286213621493,-0.000227141760278349,0.000165640727452634,0.000110250748040425,0.000119006245372843,4.40052156873753e-05,-1.05520654261572e-06,0.000203943381958196,-0.000169649149988492,0.000257389569635121,0.000102396385764277,-7.15855209076392e-05,-4.69498476701318e-05,1.50825362756328e-05,0.000245924962340043,-4.85338231977558e-05,0.000417494126280604,0.000167364686167663,-0.000306474525357385,-6.98332166530023e-05,-0.000343603819767641,-0.000499522685494822,-0.000273344434257831,-0.000222387070586229,0.00028723052579665,-0.000858016269541815,0.000674728382842119,-0.0120788709491481,-0.000376650950830601,-0.00020836401944472,-0.00230409453053588,0.00735242330469171,-0.000374979943825567,0.00397939416378898,-0.00581142334209539
"564.979",0.000466517297169887,0.000253050787195817,0.00049887236465562,8.55379877343745e-05,0.00063786171647326,0.000432526999713896,0.000501439557467783,0.000515101893224688,0.000236194106020826,0.000309561986064106,0.000330937117405771,0.000275021372403219,0.000272564697988073,0.000329744824590981,0.00029693575378139,0.000587850696141004,0.000408685513014506,0.000550455632276431,0.000197795630502807,0.00011990514977528,0.000107087474719802,0.000547317632953075,0.000479033258900314,8.20209430846239e-06,0.000227926737893172,0.000453744989463427,0.000399261364252102,7.9887291687423e-05,0.000248272014780894,0.000223958524335538,0.000278318401854516,3.11129764201217e-05,8.79649898276945e-05,0.000366057081217195,-5.17832082654385e-05,0.000203699158457654,0.000214765385329553,0.000157579936069441,-0.00011557360123002,1.14829817217317e-06,0.000198408217904753,0.000573866153670035,0.000716835718486982,0.00124732309361342,-0.00495106644738721,-0.0027679624807768,0.00046877699190942,-0.000969835356634728,0.00207568593495487,0.010539332902956,0.00594571493600802,0.0044218778450133,0.00475294686953941
"569.664",-0.000346994869750412,8.58449485655451e-05,3.86984884089634e-08,-7.86269961914566e-05,0.00016384260713631,0.000157545452066776,-0.000175866566635289,0.0001423129677533,-7.21422912944029e-05,0.000306074371948066,0.000327122597247851,-0.000134361067175786,0.000126072865175303,0.000333117633190146,-0.000220171428886236,-0.000373601518723237,0.000321652807492691,-0.000173111901964642,0.000457346809912616,0.000362073217481543,0.000595263537452096,0.000514176704630031,-0.000101862418328028,-0.000332241661974917,0.000453165386331439,4.16689022169456e-05,-0.000122902848643353,5.78451917256256e-05,-0.000201936798526594,1.61396320001714e-05,0.000217812824068196,-6.32242169134091e-05,-0.000103562173426739,1.71893820103823e-05,-0.000307043233390179,0.000412002239916975,0.000425936639791448,0.000302398306322066,0.000388903119224971,0.00038168663663665,-0.000195500907770852,-3.33578217307376e-05,-0.000146676615247441,-0.000919255818400092,-0.0099594562618852,-0.00125656326655347,0.00162875108519281,0.00268113919117211,0.0032784014900382,0.00507447221551991,-9.29576165981089e-05,0.00357570932586802,-0.00519877362546906
"574.351",-0.000142972643714902,-5.36965763979659e-05,3.32231977698552e-05,0.00033688970454945,0.000388728949846741,-0.000443744146795386,0.000135631207330756,2.28671265871978e-05,-8.31545755983007e-05,9.04512756150981e-05,-7.46663074032201e-05,-7.22575353390788e-05,-0.000236233893652387,1.57852844775301e-05,-7.76482623765734e-07,-0.000118286656544394,-0.000116835809410692,7.85403461644991e-05,0.000430546905512887,-0.000112822192563886,3.93508627633897e-05,-0.000170643883928531,-0.000347540200128524,-0.000355444683789212,-5.24342891911342e-05,8.9642019617097e-05,7.5076920438569e-05,-0.000264613387560494,-0.000306196296759878,0.000247554299701202,-2.80126367352223e-06,0.000142171503898252,-4.21233596859283e-05,-0.00020909659283564,0.000325913282583953,0.000395584418057294,-0.000440349087948755,0.000127957960029149,0.000104522205021616,-0.000241097277356377,-0.00031063987743855,0.000856476685197578,0.00187034150929202,-0.00752136475211193,-0.00469077038644765,-0.0002212323277444,0.000614552313504139,0.000155602632673175,0.00401017284782513,0.000395425057984398,0.00118635553279385,0.00574416405633123,-0.0050068229583314
"579.04",0.00065653839036259,0.000973914674029464,0.000322639179542546,0.000260022189448488,0.000340299888709246,0.000543701357722293,0.000221592270419285,0.000314032954842208,0.000483555678316324,0.000305223519898282,0.000149181908434059,0.000597112081554928,-0.000220916381952654,0.000668784310995532,0.0002961048196985,0.000427854762095816,0.000284647505509835,0.000211578698309987,9.68177240290834e-05,9.35187588699016e-06,0.00056494796384165,0.000550948350027755,0.000359080325377111,0.000302057719178356,0.000512430390784844,0.000430899243461422,0.000482162455594856,0.000522309391389023,0.000105829157097938,0.000401804306171752,0.000772686956055183,0.000218287222059686,0.000563795052076512,0.000198321500478367,7.22677747676693e-06,0.000154418787954633,0.000451605260779186,0.00112992473407008,0.00081361080216473,0.000774696257136239,0.00077449510773,0.000452888782948359,-0.000806377159679461,-0.0088409372410977,-0.000924029499492727,0.00113052902097454,0.000627870134908847,0.00500527143920131,0.00554108108753514,0.00261597355218804,0.000100291209129463,0.0113720505379216,0.0153304994932829
"583.732",0.000588073957475832,0.00029257609053043,0.000317019275735852,0.000207683237143225,1.37033554232615e-05,3.60906218542989e-06,3.52809571885579e-06,5.65345437900788e-05,0.000211694107260978,-0.000393834461147149,0.000198041648875406,0.00017044986033405,7.61632593660208e-05,1.69201933733079e-05,0.000281686692582974,0.000167252552932834,0.000523018282861414,0.000514696235218722,-0.000633609771218798,0.000184768257372886,-6.29658756533882e-05,-0.000306351270017549,-0.000504726863595055,-9.34328090939297e-05,0.000183361540269136,-4.48198448189622e-05,0.000124980460876652,0.000230811479463028,6.90602795210254e-06,0.000244360751783746,-0.000174954932587113,-0.000581251000856618,0.000337137449520655,-3.65694515077582e-05,0.000206440795357083,-2.06000690352983e-05,0.000559984122903792,-7.24185379301087e-05,-0.000209441920539252,0.000752016973123242,-0.000625271333117415,6.08843592535963e-05,-0.00885947696683527,-0.00437735492205709,-0.00046551983481674,-1.31421043902975e-05,0.000820108154986348,0.00481911584835479,0.00333717963191208,-0.00222714436374663,0.00315587400708033,-0.00216042319485708,-0.0017715696693994
"588.426",0.000245318514090053,-0.000271225958239939,0.000588505784923478,-0.000363220716030374,0.000392467551685457,0.000204961836601902,0.000117688950461765,-0.000142428348986975,-4.25071193883558e-05,-0.000167144398450225,-0.000227145218497464,0.000147008022889313,-0.00049778463076159,-1.67786650475471e-05,0.000291977380150045,-8.02756567267592e-06,-0.00033882042424208,0.000187262621139559,8.83655747405982e-05,-0.000279120687936739,0.000479800329407605,6.76782300984218e-05,0.000381797726934438,-5.58760772623952e-05,8.8432399275559e-05,-1.61834572967563e-05,-0.000320091945685072,-2.39039491219735e-05,0.000145142646258239,0.000257482856545055,-5.96555105496001e-05,-0.000262369720366889,0.000414261802802411,0.000286076138304475,-0.000130985199402175,0.00026671107483881,0.000262263709803508,-3.20976103276241e-05,6.5829324072574e-06,-0.00051807272607434,0.000113550139400938,-0.00201625078777821,-0.0100694186841671,-0.000339376649387187,0.000719458300965457,-7.75198375029304e-05,0.00205947351344631,0.00463167069004064,0.00154318201626826,0.00235534302455295,-0.00121004507875248,-0.00278262576323144,0.000344998430972738
"593.121",0.000932828888459718,0.000668916481272902,7.15885790267415e-05,0.000458558924050861,0.000272162514664415,0.000185575892637322,0.000134968817673989,-1.90713246753667e-05,0.000267163831310999,-6.85376606142751e-05,0.000394457426341963,0.000270521216540282,0.000250192433166293,0.000176952191526832,0.000309757335924782,0.000693227546822639,0.000247324861900197,0.000358666515425534,0.000423022140500851,0.000239954414126149,0.00035957369352939,0.000115757280776788,-0.000115159119120571,0.000494065043286184,0.000609514612697339,0.000386187602414102,-0.000466370563886145,0.000213439611415081,0.000211514966125805,-9.23119113896073e-06,0.000370592018581455,2.49156677158925e-05,0.000209160564545485,0.000305942125841012,0.000475632715127697,-4.54708324676938e-05,0.000429293443303067,2.83828268260087e-05,-0.000170490186800809,-0.000210045269682293,0.000864286150303316,-0.00637874413678377,-0.00354293453281612,0.000708309470501604,0.000903022877323473,0.00214540023195605,0.00269033655929331,0.00375570451366173,0.000502715496036853,0.00290035837981187,0.00868623129052533,0.0136739208871546,0.0185235906336525
"597.819",0.000599914454385693,0.000389120179126397,-0.000169853601018551,0.000259196688489478,0.00054990404344267,0.000179886551532337,-5.51822030511726e-05,0.000215860579649196,0.000215085074287288,8.11669020101608e-05,1.35704259373786e-05,0.000346451709587944,0.000961614490919455,-9.27566939432429e-05,0.000229094877228225,0.000340001678865054,0.000342462351871097,0.000126147328892206,0.000167986849639282,0.000387207774314959,0.000122401077887275,0.000709443674409766,0.000223252940061996,0.000392956295288132,0.000400659064379573,-9.71169152103751e-06,0.000366979370218616,-0.000400268006704191,8.56576709323547e-05,0.000215957161184066,0.000204654992872806,0.000537615421020029,0.00034337763533294,-0.000156296765341754,0.000432927435890394,0.000671414445266101,0.000381402329624252,0.000567261862844863,-5.06030784431372e-07,0.000139469676299849,-0.000647499899732631,-0.00800277357268124,0.000100768568094617,0.000417183860276912,-0.000148044349147851,0.00144799578253004,0.00332161135215633,0.00470009087443043,0.000336642554597481,0.00130913243527347,0.00385485805054556,0.00264193004388025,0.0317386484528384
"602.519",0.00136774216314315,5.675827770353e-05,0.000200152706421777,-0.000224916924973715,1.54800601800243e-05,0.000357315591140734,-1.23190973878245e-05,-0.000203163854519189,0.000292599857810848,0.000214259280473814,0.000168585307822669,9.14990380425573e-05,0.00027025640667634,-8.48096230581934e-05,0.000643656398327402,-4.95235029872833e-05,0.000855260030191675,6.35765796676123e-05,0.00026851892244633,0.000390318073655502,0.000323372346664312,-4.93725503566493e-05,0.00029280550672272,-0.000302112729579543,0.000116093889529378,0.00047187508431384,0.000197041520582556,0.000204920385628938,0.000657904592980319,0.00047937315219675,0.000443337535500961,0.000518067916733801,-2.62374065842111e-05,0.000137072518624506,6.84708991450024e-05,0.000722083367780763,-2.17122219914268e-05,0.000213024701431545,0.000145149887843098,0.000764730541402603,-0.00506466591040758,-0.00489139199097263,-0.00036796082262805,0.000683653693855981,0.000795942000452696,0.00196208016452843,0.00272922290614214,0.00234249876357168,0.000560849058038722,-0.00138194258999472,0.00161226023037897,0.00910896334421528,0.0360610435077945
"607.221",0.000220223982856723,-0.000509201501814152,-0.000297431163657934,-0.000384104425962715,-0.000497484048568624,-0.000677666537720902,-0.000388890016097282,-0.00015616829223803,-0.000256873214728751,-0.000400563767516112,-0.00040368479278873,-0.00047811514541212,-0.000247553327796717,-0.000678491387977916,-0.000308012964494687,-0.00062656700074297,-0.000645465362463,-0.000110206288561772,-0.000423394579402149,-0.000500685170680003,-0.000872498683728647,-0.000770870833286692,-0.000678645235657603,-0.000497157585656686,0.000144112562807171,-0.00033478378791811,-0.000356477109059996,-9.61487193065364e-05,-0.000711147955302883,-0.000197174043497705,-0.000103879973136703,-0.000658888507050219,-0.000520630977355276,-0.000279725811979502,-0.000523995989177651,-0.000142826736973039,-0.000114727559676979,-0.00104869620927679,-0.000648143649697467,-0.00176822288153803,-0.0101465004219001,-0.00232876828959935,-0.000459567693586801,0.000168653362180918,-0.000514935870909325,0.00167448825978837,0.000776678140169353,-0.00199617903540027,-0.00368767643138918,0.00175527708678636,-0.000283043651223946,0.0100469435149245,0.00227610167805665
"611.924",0.000446739792888316,-0.000201042129314577,0.00031913177388646,0.000233753341526292,0.000598754992670104,-7.94589702577898e-05,-0.000134792208824476,0.000256173449219664,6.06368294506948e-05,-0.00011517841750323,0.000265000923161023,0.000364330300786298,-0.000390934854285741,-0.000147251508090522,-0.000108719990116747,-4.94501325712354e-05,-0.000105054426590898,-0.000120399668584952,0.000630506380804558,5.45168283073742e-05,-9.22653736384417e-05,-0.000667535328226935,-0.000237902886442296,-0.000240161319602115,0.000293669679680427,-8.32012970166442e-06,-0.000111879571754505,0.000365583006192791,-0.000192706084592552,0.000603672709470895,-0.000219743220530234,-0.00030542265361693,2.59591606931914e-05,0.000431013949449053,0.000238151109035295,-0.000594518676093514,-0.000508287844151888,-0.000339217216172017,-0.000136874864929202,-0.00627969242069749,-0.00561416400968359,-0.000349977587213689,0.000777903302028666,-0.00012475458307994,0.000421711996365834,0.00278365436512239,-0.000581396250573498,-0.000355733859799678,-0.000968601046965297,-0.00213850016335358,-0.00174387970369686,-0.00271251875633497,0.00115559018326715
"616.63",-0.00118006491393016,-0.000217404855400101,-9.16933693271139e-05,-8.47277357048742e-05,-0.000220888968853262,-7.43436927095259e-05,-0.000352934058104386,-0.000199369990027733,-7.25566785294912e-05,-0.000149264621640452,-4.321270441843e-05,0.000110877073281837,-0.000494631262521775,-0.000236873598721089,-6.89115239572314e-05,-0.000269473386718607,0.000115694166374539,0.000149596228078788,-0.000277081421604379,-0.000249848057831583,-0.000837087269318483,-0.000292930204902859,-0.000683086040136574,-0.000185925540913574,-1.79372241667466e-05,0.000286606861101045,-0.000321821178542715,-0.000415704583062372,-0.00024800498300174,-0.000166796116199834,-0.000234303668531909,-0.00019880081528171,-0.000339804753123269,-4.48503890309845e-05,-0.000516410941692486,-0.000536099432153691,-0.00033580958761665,-0.000312618563480074,-0.00144268096691949,-0.00845972890582916,-0.00208230255629937,8.06893867055325e-05,-0.00130520682154491,-0.000165945669545636,0.00148983208006194,0.000333342135448483,-0.000483242983611592,-0.00224044895591209,-0.000628261079876908,-0.00265863811356235,-0.00262744909377782,0.00940607893800604,-0.0084501008069183
"621.338",0.000263816678929785,-0.000271536613193265,0.000730028824209533,-0.000107086441739048,6.59811913234423e-05,-8.05301119381688e-06,0.00031960527511117,0.00011547126390698,2.25104506611592e-05,-3.26412923614595e-05,9.40833266699374e-05,2.57664357603454e-05,-4.58434398825964e-05,-0.000123264296869261,-2.61863115070659e-05,0.000407312578488949,3.55374474548886e-05,-2.70170338353363e-07,0.00100493032189947,0.000110188321637488,5.48122488685766e-05,-0.000254315174273382,0.000293653360320002,2.9402497203407e-05,-0.000158480604982397,-0.000190431136207551,-0.000205071881946106,0.000230542560907316,3.27624723820882e-05,7.37097999305798e-06,0.000120437068903563,-5.37858022511206e-05,-4.41778635612134e-05,0.000133323596875125,-0.000178216866669941,-0.000200980667918041,0.000176898126233465,-0.000565002438137841,-0.00470019843025025,-0.0069224438484508,0.000217766796591832,-0.000201249869933673,7.54330213892409e-05,0.000719321182573356,0.00179559448319702,0.000549436796177264,-0.00104599042550392,-0.00172412264082313,0.000488677491713561,0.000249064077863268,-0.00323932465443073,0.0087725121451891,-0.00624693188195676
"626.047",0.000391793873514995,0.000566151914496225,0.000318040795614876,0.000646291697228949,0.000332696602788994,0.000390107553490164,0.000115834442325864,0.0002482607836079,-2.27024437900407e-05,0.000475399687643661,0.000125034114179767,0.000270278773302429,0.000758987053677375,-0.000276586834898396,0.000311982143633356,0.000205625169115702,0.000488542712670972,5.72316010239523e-05,0.000815519985966619,0.000474561371526597,0.000327707086569937,0.000183308108712712,0.000530448746351488,-0.000169824699395764,0.000544047355312917,0.000548042266548706,1.50090747516957e-05,0.000322630901274311,-5.67439172552074e-05,0.000441381280554121,1.61134087323341e-05,0.000268743943739397,0.000333388699653729,-0.000144441203423435,0.000183944063006718,0.000317453947880401,0.000406988072438769,-0.000987975166786007,-0.00823876005416035,-0.00168278558661915,0.000431469937434467,0.000782449940096158,0.000374284593317155,0.00233800828312779,0.00286509220491967,0.00118965825274248,0.000592851404616111,0.000931167276357409,0.00413247125213497,-0.000127282597819866,0.00565956740301819,0.0116307234437876,0.00528510225184578
"630.758",-0.000883462832239497,-0.00019221194835004,-0.000588953969019283,-4.97447481788728e-05,-0.000538719880814192,-0.000338867647199425,-0.000250527254234026,-0.000363773235673486,-0.00035589379721187,-0.000146816180128999,-0.000222091672176952,-9.68668791656661e-05,-0.000656558989317622,-0.000162259813723542,-5.20097597768027e-05,-0.000319919438250398,-0.000356779551239864,-0.000384769426814501,0.000137331727718223,-0.000335061307914273,-0.000429605597881874,-0.000341324792256958,-0.000392716996855105,-0.000470257335731341,-0.000843573936072015,0.00023192752532686,-2.65568352989274e-05,-0.000479891044370851,-0.000288208777244024,0.00030571823351341,-0.000673805092361124,-0.00027434509901193,-0.000196679138748994,-3.63424846160637e-05,-0.000645513087830105,-0.000316635261060371,-0.000257687346316244,-0.00459466182913613,-0.00661841061140481,-0.000656450399797698,-0.000907864983987754,-0.000579129397470362,-0.00038717979328392,0.00192550339561535,0.00101055312956973,-0.00107442272531924,-0.00157620379930172,-0.00105955478065843,-0.00253332102510418,-0.00572024443959098,-0.00501798092475569,-0.00686595259055925,-0.0190999448549222
"635.471",0.000297770881831956,-0.000611455661727534,-0.000135991080533361,-2.14966052379323e-05,-0.000143799186509654,-4.58794137762237e-05,0.000135168106345407,-0.00011880512329969,0.000127228491922629,0.000242114871046175,0.000127813184760994,1.79210652499818e-05,0.000261750630249288,0.000127125518719009,-0.000344273973965654,0.000130693879084307,0.000331887297425487,0.000174626209441058,-0.000554049948783291,-0.000564096024349188,0.000544835957818518,-0.000177252074594833,4.07986354477275e-05,-0.000141560019045426,-0.000536521116199695,0.000241255970014726,-0.000413280771857772,-0.000219841732855514,0.000341052042149939,-0.000353403229810673,0.00010789128258678,-3.62380810707916e-05,0.000127037257971766,-0.000388440098695536,-5.11060852970071e-05,-0.000882471962700886,-0.000508652758720397,-0.00694408654439196,-0.00168636280878654,3.28879155053708e-05,0.000132573452588293,-0.000147974434239188,-0.000557478196773598,0.00123472946665032,-0.000259826183133847,0.000534075091519987,-0.000575401829198346,-0.000294388308080293,0.000179758049411693,-0.00236960906203765,-0.00565419045505089,-0.000970731236405624,-0.0134353582565295
"640.186",-0.000984978057538322,-0.000527467986259806,-0.00113983026341485,-0.000686238297567068,-0.000355825848765753,-0.000614688452057349,-0.000241027417455133,5.68333782176318e-05,-0.000191232008724386,-0.000309766994785675,-0.000299939072128687,-0.000836117178444449,-9.59629193615333e-06,-9.09351975242378e-05,-7.05856032787542e-05,8.88913137724569e-06,-0.000277184499041131,-0.000388855163582979,-2.08066611471423e-05,-0.000214246995529383,-0.000399257038146799,-0.00055438170543879,-0.000583391523619969,-0.000747060014261249,-0.000220296215190641,-7.33477341001175e-05,-0.000366885406095195,-0.000454846039823985,-0.000450802052953916,-0.000488414357937793,1.00083053049883e-05,-0.000232825598723032,-8.06173354556258e-05,-0.000546040437810014,-0.000990019798998991,-0.000544757891866847,-0.00460577406699969,-0.00754008824821161,-0.000845424974096438,-0.000141960497383027,-0.000475308856398475,-0.000190091244606698,-0.000600778032553279,0.00104123662512763,-4.91774248878288e-05,-0.00169878501721129,-0.000976706189464278,-0.00239361782902094,-0.002278372119973,-0.0040433869201188,-0.0047709897482654,-0.00586962314996088,-0.0313168931472209
"644.903",-0.00101038370623941,-0.000575374346520526,-0.000380825717324633,-0.000370168147723461,-0.000274935679551897,-0.000480258913131458,-0.000198276362871147,-0.00030341900793915,-0.000216792779039783,-0.000395092586991203,-0.000114297298372347,-0.000440844242792755,0.000140581607469249,-0.00069960066175887,-0.000116423358778172,-0.000149902284400885,-0.000635569312302441,-0.000678521568451737,-0.000150592613790235,0.000228512247263402,-0.000304851372078479,-0.000329222302444856,2.04936696898506e-05,-7.22475215766285e-05,-5.95033210754428e-05,-0.000245826284805652,-0.000317984809181658,-0.000335418649936536,-0.00049234710023437,-0.00070568695744567,-0.000183078802068543,-0.00018360346207711,-0.000594616464252975,-0.000633238429209318,-0.00064595621863413,-0.000879193316416976,-0.006655769151144,-0.00328017219946345,-0.000541691207838682,-0.000410759806695451,-0.000302269989983623,0.0004238159265872,-0.00025956586886506,-0.000228297855266456,-0.00145666495742877,-0.00135244473402919,-0.00255096863328811,-0.00119961677817803,-0.00221283522540459,-0.00337526078684098,-0.00307984602636721,-0.015004760671424,0.00578097692408378
"649.621",-0.000225825362893364,-0.000916695154227578,-0.000321557500523371,0.00010022203932764,0.000235693251464689,-0.000248652692517626,-0.000115476282578888,-0.00034486805989018,-0.000213953333702503,6.98323205252823e-06,-0.000223646838531827,-0.000538444661667085,-0.00047949088596293,-0.000252107578707947,-0.00072569490205104,-0.00028708754434488,-0.000379549564158644,0.000199328970594757,-0.000273725941006145,5.85920663717589e-05,9.18194991910508e-05,-0.000483897417790628,-0.000642135452951914,-0.000309505400512635,-0.000383580216084641,0.000123477216222403,0.000124343275491615,0.00018812660207257,-1.09410227238799e-06,0.000109069439598843,-0.000304461664003006,0.000245686774799844,0.000515575817329524,-0.000243338771230691,0.000196926114741505,-0.00327439616528061,-0.00645036020030541,-0.000456681901578542,-3.60587939002342e-06,-0.000521187568959075,-0.000527680160466501,6.30814626075755e-05,0.00181476115959858,0.000332710600722789,-0.00130096493038009,-0.000427151548769358,-0.000506938031721589,-0.0024211347400893,-0.000815061083991895,-0.00447759354604746,-0.00592497821052033,0.00551439332913771,-0.00898870125176904
"654.341",-0.00110707652670626,-0.000666103187421627,-0.000502029571636884,-0.000831449878648775,-0.000707410574416389,-0.000593140824067468,-0.000179268999017746,-0.000441938299360144,-0.000500847494211445,-0.000554535574925958,-0.000562722314848659,-0.00032445086435247,-0.000127475083768973,-0.000379223342709552,-0.000470032124157754,-0.000246050635978764,-0.000510767119934877,-0.00065812574345908,-0.000822765638462594,-5.98595912611179e-05,-0.000672895840340749,-0.000469335286586378,-0.00139067083111497,-0.00103141870197514,-0.00057056505477766,-0.000448615305252746,8.48036268810881e-05,-0.000659854155710661,-0.000908968954057272,-0.000139949018687276,-0.000739302447619873,-0.00109348017626573,-0.000721005597153266,-0.000661485187464628,-0.00081041536928824,-0.00832610290742081,-0.00269372146398955,-0.000684533453956148,-0.000497258881915584,-0.000161146231122818,-0.000580018963148293,0.000949853582014014,0.000511998598105584,-0.000983538235190003,-0.00143658603300317,-0.00238795895030056,-0.0012491944925035,-0.00687310979795391,-0.00358641933175573,0.000801393205703867,-0.00336830777536395,-0.00446193944368921,-0.0202560027253927
"659.063",-0.00101702057227724,-0.00037655802623374,0.000186318104254611,0.000310543575978745,-0.000382524281796494,-0.000260404879699334,-0.000197525458653152,-5.43105432934107e-05,-0.000194807668083499,-0.000481155613213576,-0.000220831003378689,-0.000765939211782421,9.82649783806758e-05,2.61684346644799e-07,-0.000203366822177,-0.000541604137178073,-0.000514677396933924,-0.000826990666305661,-0.000145638230155086,4.00669572675309e-07,-0.00115617096553558,-0.000649924058638264,-0.000196508683590848,-0.000179374615019213,-0.000695485283914366,-0.000233725687938715,-0.000501362249319992,-0.00054832370560078,-0.000838779278990804,-0.000331763171353406,-0.00038270579260203,-0.000753614130822597,0.000211659152646025,-0.000405665143516641,-0.00325388877410517,-0.00698179284921154,-0.000798817021845161,-0.000118235347926565,-0.000723333081931441,-0.000796391203911338,0.0004319620786893,0.000448491278824032,-0.000889504653451044,-0.00054242853101714,-0.0010392132469666,-0.000515991010951459,-0.0016471350287576,-0.000190885177291979,-0.00122176534292062,-0.00101002116486336,-0.0073437002342463,-0.00541394048554419,-0.00996927665418135
"663.787",-0.000733918907784458,4.76577848751194e-05,-5.54843720621182e-05,0.000250998844189408,-0.000262239424727268,-0.000115501104462753,-5.6642723499898e-05,-0.000148733779774104,-9.25152918840679e-05,-0.000237057373050108,-0.000352066873264778,-0.000161233869557156,-0.000299652321686514,-0.00093066720569676,-0.000235019447937908,0.000213984693756317,-0.000118644039304761,0.00016572651958841,-5.36963784658184e-07,-0.000456694332876766,-0.00110399390546138,9.98038879821761e-05,-3.42468067864738e-05,-0.000216016502887123,-0.000266267936747379,0.000197256638810734,-0.000156743722677498,-0.000392020091548639,-0.000688560412920665,0.000191839352928025,-0.000239997186671365,-0.000299450218681767,-0.000334271423780323,-0.000856499300280054,-0.00640208359540499,-0.00264402419803765,-3.67553230578405e-06,-0.000624979041130749,0.000162075353162955,-0.000205765108456,0.000170671437502381,0.00101632595161049,0.000132879806395698,-0.000199035657052684,0.00018354746771089,-0.000881112073692539,-0.00209175157400416,-0.000711783648686618,-0.00193612845888347,-0.000889060098512987,-0.00506031724225859,-0.0176123386206116,0.0045356358354999
"668.512",6.78256476623016e-07,0.000821309880968752,0.00047104035332918,0.000305968747340286,-0.000191511871319523,-2.59232512957452e-05,0.000202181543067237,0.000210906029337357,0.000528839405438038,-1.46673651716569e-05,0.00056367243257484,0.000477308985172888,0.000320433495419476,6.85868529668349e-05,0.000388895415957246,0.000534180398933899,0.000317258084475824,0.000678332914661801,0.000366921164174274,0.000810063706889974,0.000383399069882793,0.000156576647779802,0.000256881441236901,0.000542618076651057,0.000236171121714819,-1.11181838419758e-05,0.000146496390106858,0.000136391918648968,0.00056828643926937,-0.000139644389322013,0.000333737915256063,0.000283602677614089,0.000196059986692755,-0.0029007336288208,-0.00561412911722742,-0.000345329023613159,0.000782740812843477,0.00103350029248498,6.07837723981089e-05,-1.67897924468583e-05,0.000903329195740351,0.000799073675896196,0.000102134333262619,0.000255812057836861,0.000205261844786379,0.000438482712182631,0.00230220890330919,0.00173912857392116,0.000850931913807544,0.00351302323753499,-0.000859994344184892,-0.000210216656472086,0.0197330855178517
"673.238",9.92408128493627e-05,3.63573953625312e-07,0.000925827202023733,5.44773691588577e-05,0.000430437420675486,-0.000102086812658357,7.05857808323803e-05,0.000150796523793798,-3.88573583546962e-08,-9.45616909957912e-05,0.000316404929115352,0.000451895920581421,0.000173021312384253,0.000540454124566291,-3.87744749788036e-05,0.000472011274165926,-3.97222357479845e-05,-0.000241388165881941,0.000138602686772223,0.000134723032897359,0.000686128606608564,0.00043047238208343,0.000326686088858181,1.16965735678508e-06,0.000196715443286006,0.000420860938830325,-1.18462748216781e-05,1.06688408271858e-05,0.000277579053082694,-0.000145641112436937,0.000216830390644703,-0.000102428105593402,1.69439228120682e-05,-0.00496660029599098,-0.00324316335572658,0.000203552439853341,3.23243765047837e-05,0.00027644889629939,0.000331959478749529,0.000205781860524349,0.00132939366208296,0.000591450101412819,0.000451093341083651,0.000336262720428786,0.00164595626535433,0.000998611823326521,0.00241622198809816,0.000399635898106615,0.0023066997934846,0.00173224995482232,-0.000874325277346033,-0.00325646338065473,0.0059888265627955
"677.967",-0.000166942318799838,0.000450095433961284,0.000216045497054867,9.81192287540243e-05,0.000138294515751113,4.10956931468453e-05,0.000160984434110766,1.6838011610011e-05,0.000157600615954868,0.000359219499719451,-0.000203688306621941,-7.73202720880759e-05,0.000324124525125409,0.000227780028201798,0.000211783597035462,5.72236802182215e-05,-0.000150326200928748,-7.39294385606486e-05,4.65740532608697e-05,1.2752350010617e-05,0.000751392359934803,-0.000627344581373015,0.000453246071082984,0.000385953934666229,0.000230078142196845,-0.000374425218719746,0.000490983007742218,4.01778170920193e-05,0.000246906010967423,-0.000150653686062713,3.01099267991463e-06,-0.000269697322135791,-0.0028025889676192,-0.0061844686072387,-0.000512580443916226,-0.000591515139842129,-0.000588840457650591,0.000476797003377089,0.000152455395029998,0.000748856692406868,-0.000166580715555933,0.000284784723545928,0.000403039252633951,9.93854942726631e-05,0.000982644655047062,0.000669092247909442,0.00109673207363918,-0.00152794603112381,-0.00288807639524095,-0.000139291192115993,0.00374885780713996,-0.00312666411451205,-0.0124745722884519
"682.696",0.000155695645435386,0.000193055243261677,-0.000252503352371267,0.000182677375058688,-0.000120484016751532,-0.000188137650832182,0.000187825967083167,-0.000176402139005473,-0.000172096496459761,-4.46354192090923e-05,3.24532376381299e-05,-0.000107770729770967,0.000544451807909432,-0.000360307845872351,8.73527488456885e-05,0.000182457351690428,-0.000142839447265015,3.22319829703968e-05,-0.000246389705465332,-0.000384958890558876,0.000430907768110353,0.000403294634800791,-0.000172097156244211,-1.22819453377685e-05,-0.000507417512477397,0.000369050465633536,0.000101704164125983,-0.000121510015269351,0.000271528903856765,-0.00018470463208462,0.000442718224559203,-0.000160529380081508,-0.0048523676497039,-0.00268009827473361,0.000153345763845846,0.000463134340599144,-0.000118670010700177,9.60624264635018e-05,0.000488939129145845,0.00087568029186606,0.000743887099792671,0.00011118164457396,-0.000620988205361765,0.00178420676358824,-0.000454099032977727,0.000310536747426772,-6.7697890394357e-05,-0.00117291580381541,-0.00230791784299747,0.000776778058711707,0.00289870147218863,0.0106761574122342,-0.0152792564226669
"687.428",0.0010793801185576,0.0010794096428849,0.000856990976957657,7.8422816532277e-05,0.000310300647895816,0.000967513627509136,0.000535236431774794,0.000171898795359409,0.000449247943481766,0.000283592726626058,8.17495113018335e-08,0.000374381790586103,0.00115918955650806,0.000524162774276153,0.000528592040000596,0.000600601710457447,0.000276443612089507,0.000743017411678016,0.000898852515649641,0.00103820763836076,0.000284227938546342,0.000615596308180092,0.000624738639583137,0.000995652730404518,-0.000126282114395425,0.000734507444407934,0.000531620563201413,0.000446678130431223,0.000538683919768539,0.000466414099068804,-0.000426337724189183,-0.00187097280879117,-0.00518009033181022,-0.000460005842459563,0.000539878056122425,0.00072333077743195,0.00051616560057342,0.000360539728018734,0.00126078818354141,0.00223848538183745,0.00126493160119121,0.000935794283912691,0.00148101372735823,0.00138424540542389,0.00142968781222609,0.00238904750897769,0.0015326780771646,0.00277432972261216,-0.00277438193570068,0.00184761284975576,0.00526822913944261,0.0200361918240414,0.0257454840013826
"692.16",-0.000461038274380364,-0.000138637010768252,0.000290990971672426,6.65261400216655e-05,0.000246790774098272,0.000390847951976103,-0.000158912705045758,4.60812614967384e-05,-0.000148406462924002,0.000179773238026576,-3.37887397409713e-05,-4.93340750870013e-05,-0.00016703303286113,-0.000518177297676617,9.81536179783601e-05,0.000242861743648909,0.000195710487668154,-0.000108570697272756,-0.000107681908073242,-0.000277098942499873,-7.521400153052e-07,-1.16914361736878e-05,-8.08055072460071e-05,4.50653091459645e-05,-0.000406671067686398,-0.000270753832275685,0.000388537589754788,3.82540081233633e-05,0.000526270301890001,-0.000771189397757623,-0.000409503044440499,-0.00518881808279885,-0.00310934728159835,4.8721260048333e-05,0.000316549648183752,-0.000113760727614161,0.000247293690104693,4.65866446991842e-05,-0.000149457937994162,0.000386703964215912,-0.000376105128166339,-0.000520732054629773,5.28711473998486e-05,-0.000556141405042753,-0.000721002747752716,-0.00117641047095167,4.6635177504451e-07,0.00064866143420911,-0.0018164242177217,0.00150112764638804,-0.00191524081958045,0.00471047695262425,0.00969686564147521
"696.895",0.000187145533526699,8.26652413827111e-05,0.000740652881898046,-0.000384074909823486,-2.79871386247278e-05,0.000445458459036493,0.000114082331787006,0.000232058427290266,7.13467487834027e-05,0.000256837970031092,0.000303543329079455,-6.93298181824977e-05,0.000178972042218563,-7.10567339910109e-05,0.000317272895115247,0.00022569538026902,0.000559886829072568,0.000534179235123674,8.46588895453365e-05,0.000406867159379483,0.000163209126523847,-0.000339036445803201,0.000246727577648239,0.000295495653732404,0.00091492062407701,0.000659760266988195,-3.78055579084944e-05,5.13661077307992e-05,-0.00041195508972607,-0.000728093203147439,-0.00185115694613069,-0.00505167114923919,-0.000579033035629724,0.000310311857688911,0.000236512238642858,0.00059778826639747,0.000726174350479092,4.67853093962141e-06,0.00050898925829886,0.000318091580469446,0.000498853330898698,0.00107751888938142,0.000415551450675753,0.00169624412025732,-0.000359841380643893,-5.61963526208039e-05,3.5911583397624e-05,-0.000243935257266969,-0.0019759660720312,-0.00273245668301264,0.000794687985924584,0.0133484767583,-0.00525519927200993
"701.63",0.000336822108283515,0.000351844700587627,8.27809682895523e-05,0.000823578923778134,0.000412859181542373,0.000361210138841735,0.000179864881836543,0.000128558900649032,0.000248917429672482,1.48560539335479e-05,0.000177569280339561,5.01643781381335e-05,1.00895881221443e-05,0.000555453963521655,0.000329693503802551,0.00036570268308582,0.0003448331589964,0.00045053939138529,0.00054289366983068,0.000447169265708467,0.000490282401532732,0.000437752622139991,8.31852155372062e-05,0.000261387101699668,0.000313353777173683,0.000230322768972085,0.00038309073536567,-3.20391988784452e-06,0.000260575852787361,0.000483716546114173,-0.0035687570545884,-0.00275003245386776,0.000271569661306074,0.000317713814522889,8.13321128180261e-06,0.000167558534849951,0.000167175436462934,9.78152350568579e-06,0.000353651999563049,0.00119616560165651,0.00028794707794236,0.000262085734917577,-0.00038228814212367,0.000851521692434556,0.000410271829019713,0.000696495235619583,0.000786289467421482,0.001957247750372,0.00330419718115495,0.000870054690316375,-0.00148199948461024,0.0073358488413169,0.0349501014781247
"706.367",-0.000131384576191697,-0.000131697457331608,-0.000369863175501076,-0.000291875476691149,-0.00010634409058532,-0.000605435692652083,-0.000336268055710076,8.29314737118946e-05,0.000165754454653592,6.9415780690429e-05,-0.000643121781712471,-0.000579831052456219,6.56587816636291e-05,3.15897110399456e-05,6.14206310427837e-05,-0.000699798089539892,-0.000115993441595486,-3.34319418655844e-05,-0.000658769487415099,-0.00019316584450509,3.95707209788478e-05,2.51614764242194e-05,-0.000273991237765305,-0.000531513291663453,-8.76556785214526e-05,0.000469041297417161,0.000167928680167016,-9.64908154939299e-05,-5.53796416867876e-05,-0.00100499148161038,-0.0053363711976796,-0.000186768013829836,-0.000622185153300788,-0.000643665208783831,-7.56416029161993e-05,-0.000448929530442795,0.000290681426933595,-0.000212828031366337,0.000489432472968329,-0.000766552933121137,0.000508494340125146,-0.000366975092282566,-0.000570366250501051,-0.00168691294171154,-0.0006606021374844,-0.000412363131327944,-0.00136649979112268,-0.00180915045203709,0.000747005528901325,-0.00536070911532688,0.000926015471463464,-0.0056710716947552,-0.0188861080291895
"711.106",0.000388922630977966,0.000713454064858036,-0.000228786988734798,-0.000305701768670641,9.87410878542432e-05,4.63150923487265e-05,5.58301913664067e-05,9.57632861073378e-05,-0.000140813056446192,-0.000350691149894204,2.60273405965084e-05,0.00028820726099769,-0.000560962383159974,8.4825018049494e-05,0.00024542812689271,0.000415128437451823,-0.000373595678887259,-0.000191036026470977,9.89003224319194e-05,0.000195691553500467,-0.000282885517228789,-3.69228208730009e-05,0.000108861685968114,0.000127878714772436,-0.000309687840514635,0.00010818781151792,0.000139221345395475,0.000125034418485374,-0.000315489950510906,-0.00336441384027213,-0.00393013703918531,-8.41424733282165e-05,-0.000374374126990598,-6.29160191328939e-05,-0.000154747872483072,-0.000256292264105082,7.97778421198912e-05,0.00188078310296612,0.00094046934603791,0.000641895169896748,-0.000295462572581811,-0.000286519974298746,0.000167315198256244,-2.07155911402542e-07,-0.000472011878045034,-0.000742797094274446,0.000218094401251329,0.000558491150935937,-0.00106812864202219,0.000965263489041484,0.00351395875079533,0.00367283756772993,-0.000718091310524539
"715.845",-0.000382230871368297,-0.000743412343284498,-0.000305324000156658,-0.000424570142740599,0.000108585898296438,-0.000566382911369145,-0.000103942481997736,1.80180510312743e-05,-0.000176126936361227,-3.97197368699201e-05,-0.000219989738308934,-0.000343358421050765,-0.00039299204496716,-0.000756015888352544,-0.000279736656569123,-0.000275833723222988,5.3591375522093e-05,-0.000193463944854611,-0.000175014082875156,0.000105053169858759,-0.000898498687480964,-0.00110311380708474,7.25636594950774e-05,0.000317209581657278,-0.000540397418446648,-0.000230209634984997,-0.000606378911900019,-0.000661997347303058,-0.00134826047520395,-0.0051143807763976,-0.00165947047979742,-0.000194274875730127,-0.000592686975512014,-0.000403049041871151,-0.000360252139280285,0.000501860022602422,1.12065520200101e-06,-0.000345745207176066,0.000674652268812706,-7.3792887354431e-05,9.36080033795788e-05,-0.00121015443990814,-0.000772014101354933,-0.00133854285843887,-0.00070545881456185,-0.00138700125001025,-0.000758817092980249,-0.000222967176877736,-0.00386439933683329,-0.00435579763278309,-0.00449170799589809,-0.00548401021325373,-0.0273530682596228
"720.586",-0.000593416284601584,-0.000447140846654835,-0.000734586618779703,-0.000184801345173517,-0.000507470841241481,0.000226956131479937,-0.000427250063630138,-9.70598791805372e-05,0.000115473846651451,-0.000197658468798464,-0.000430833761011439,-0.000208976691110714,0.000186664758394464,-0.000459076161425025,-0.000353135361539101,-0.000164426298232204,-0.000607476112716423,-0.000114041464637781,-0.000438005581814947,-0.000634853569040482,5.09749225848198e-05,-0.0008721257137916,-0.000769587807453502,-0.00016631684158729,-0.000212894691041012,-0.000613182164367925,-0.00113864536593846,-0.000641467339398887,-0.00355176652367044,-0.00411402675741415,-0.000793189992161435,0.000135667493287431,-7.47850269827594e-05,-0.000273327174637592,-0.000862481016898538,0.000351236851764481,8.60021075862788e-05,-3.59514746798922e-05,3.89014735806818e-05,-0.000636462644054669,-0.000253747156681863,-0.00102591064992838,-0.000661088456322899,0.00017157658550548,-0.000579927090681238,-0.00102592128659533,-0.000255292651530564,-0.0014678567364814,-0.00288961720762368,-0.00586988252513207,-0.00890758528042447,-0.00244921731502048,-0.029294144310797
"725.329",5.01447123574486e-05,0.000713096529884223,-0.000260446234360589,-4.99013037201613e-05,-0.000968727086640704,-0.000752427625212283,-0.000701517309389948,-0.000491323570176799,-0.00112768417058243,-0.00091193400500807,-0.00108675505077004,-0.000813357587444392,-0.00104170305414332,-0.00072521783495934,-0.00022138827212929,-0.000800151082394812,-0.000889034131056038,-0.000842718082337756,-0.00101391050383346,-0.00123441441451707,-0.00107289796996349,-0.00110788266545915,-0.00114120140273291,-0.00145359496076994,6.64415002486647e-05,-0.00073525025377353,-0.00173401406002865,-0.00212376270299729,-0.00534061878209327,-0.00200438999068318,-0.000257380085932412,-0.000622675676079731,-0.000871562799385299,-0.00112007242410368,-0.000207640632483038,-0.000929274007394656,-0.000922937520701667,-0.00179483255517949,-0.000986515682022846,-0.00129020545424232,-0.00117031934636792,-0.00199163614674334,-0.00239091248431103,-0.0011837803957561,-0.00275912418832592,-0.00409546675938138,-0.00240721085513519,-0.00245410460279141,-0.0038759857392811,-0.0103627798848813,-0.0126153682120718,-0.0177386589940605,-0.0782852229262926
"730.072",-0.000298431144024123,0.000289766966916786,-0.000387934298191708,-0.000991248876538382,-0.000560005104565351,-0.000289098764935863,-0.000331476127875798,-0.000265766528709241,9.01199532811897e-05,0.000152553309034702,-0.000197391577616419,2.08780199645762e-05,8.80058553350193e-05,6.48315688142322e-05,-0.000634561007396218,5.16437310261939e-05,3.29023337272582e-05,-0.000720015143174558,-0.000458922366387819,-0.000823431284618853,-0.000560075262849696,0.000262215328586495,-0.000674566441005229,-0.000532925212994057,-0.000825080872313795,-0.000539472153176327,-0.000788538612921148,-0.00376499563148973,-0.00359231392040613,-0.000775694618073084,-0.000558557062620246,-6.77315864439819e-05,-0.000162763028726203,-0.000729547075088925,-0.000710414829489381,-2.29421995354081e-05,-0.000353841788874532,-0.000190883483046245,-0.00104784891768045,-0.000576187737891469,-0.000564448690250699,-0.000559053580990089,-0.00042455199183744,-0.000950756951130922,0.000557675577513211,-0.00147722615651546,-0.00139886736262564,0.000651833942223837,-0.00394207822304431,0.00176146625515229,-0.00385696984091851,-0.000789602543184996,-0.0298877427187167
"734.817",0.00026710261408538,0.000698143127300055,0.00023840543792852,0.000602110229751525,0.000817229227340828,0.00074181522844248,0.000226938020633928,7.50338827795727e-08,1.39781073502979e-05,1.64346324666242e-05,0.000171597059042404,-7.48636771319605e-05,0.000359614167951024,0.000218942476680049,0.000170147722133628,-0.000315194793700793,0.000366664782736717,0.00030426141041063,0.000667927491013103,0.000311772448228815,0.000163507358296652,-0.000377000188153152,-0.000513515425439927,0.000304161841926647,0.000610076606152292,0.000133216809328423,-0.000702101490458848,-0.00501609963846053,-0.00100389186778262,-5.51207215279446e-05,-8.74902289388311e-05,2.19990373719655e-06,4.34409077915937e-05,0.000179269722623881,0.000148125052671375,0.000630009312624498,-0.00039023848136245,-0.000269225122736677,0.0001990091632977,0.000243612976359399,0.000613866103496484,-3.47530300263945e-05,-0.000212841683181022,2.13526424240915e-05,5.37559987274465e-05,-0.000400982002247084,4.2553819383517e-05,0.00102157375791246,0.000619988525201788,0.00146702880107959,-0.000490867996413274,0.00128465902333091,0.0151586031833008
"739.563",3.62432346599848e-06,0.000367480814997355,-0.000291426827979495,-0.000225940943739083,0.000476009807610317,-0.00019004851135755,0.000215183623873239,5.66422132282572e-05,0.000310078897298003,0.000139611191217769,0.000592770446590561,-0.000324231468940746,0.000354229568509708,0.000321375581002558,-2.12253784999549e-05,-0.00024452015940733,0.000596709020316507,0.000343342584146638,0.000298672425808157,-0.000439908351573281,5.46864944208695e-05,0.000179267465628785,0.000291551407489231,-0.000221154906073818,-0.000292495273905688,9.20031829703885e-06,-0.00224754566160783,-0.00409046480907152,-0.000239694600013117,4.370129188967e-05,0.000303522674868673,-4.22308445293158e-05,-0.000177090178057798,-0.000257953082037062,0.000306789395416016,-0.00019240671976833,2.44272899345318e-05,0.000449556136445716,-8.67703466291783e-05,0.000860911268286653,-0.000424919053045786,-5.2369901174347e-05,0.000395878878640065,0.000697949170150516,-0.000836344106507468,0.00019285495545371,-0.00100764195727057,-0.00169714144240225,-0.00175115380357863,0.00109457944238663,0.00171142650599706,-0.00934260420293686,-0.0390833426687268
"744.31",2.96405649202959e-05,1.23741606455634e-05,0.000925916574354906,-3.49130594037023e-05,0.000177927734326829,0.000440626682443496,-9.54150864680551e-05,0.000279982724726653,0.000249561096124997,0.000323035455684478,2.75599810883486e-05,0.000164133094357636,0.000424494044711516,0.000481398237381153,0.000173306115875404,-0.000441546845123055,0.000329538115718318,0.000525904943823381,0.000918200034337006,0.00116436415935118,0.000765039780372767,0.000553433043824383,0.000382940851630747,0.000681127643904714,0.000444505333791467,-0.000612747646583298,-0.00440305656059646,-0.00126019390262629,0.000222220622983131,0.000432471064319311,0.000727042462708783,0.000713083252375537,0.000609420252249544,0.000517662988344026,0.000107994192721547,0.000288805198678442,0.00068930700275667,0.000538342170316934,0.00136602747091075,0.00102274988047382,3.50607900002616e-07,0.00123678535759656,0.000986660750782869,0.000451167890053662,0.00132305542442569,-0.001011203860984,0.00143108748742657,0.00285565135939596,0.000797449055720352,0.00370952954737428,0.00560370623764948,0.00423021162623975,0.04197063601523
"749.058",-0.000162949610679492,0.000382688057949718,0.000283781505207745,-0.000734137532511217,0.000167309849190337,0.000260011705851202,0.000240788223492502,0.000237677228197366,8.6576071358502e-05,0.000368081543108009,0.000270582548631104,-6.6634410107743e-05,0.000219737741907753,0.000111792616947917,-0.000109620587829927,3.21965390568639e-05,-0.000574991256644987,0.000796626105089936,0.000436004188952769,-0.000324057550988242,-0.000124239362218005,0.000895965783440448,-0.000402345717691859,0.000122456695584078,-0.00024210510567015,-0.00278128734227062,-0.00340272602743222,0.000112124483930759,-0.000116522675031124,0.000504008644294579,0.000128830369753803,-8.08541791916674e-05,-0.000251545638104825,-0.000144252965601894,0.000353316573068101,0.000569071815780831,0.00011561778535842,0.000345480221036898,0.00023048579448297,-2.94018997304548e-06,0.00117043405969232,0.000904017329623656,0.00049994586030675,0.00011238671850306,-0.000219959483152163,2.98694725059524e-05,0.000863680748196645,0.00163702547436922,0.00021221319072556,0.00103444381094674,-0.000236928817408796,0.00622516667555601,0.0210389932009708
"753.808",-0.000905310218757378,-0.00034122398897106,-0.000742926925902454,-0.000663583285913705,-0.00037768969372823,-0.000257061476710014,-0.000439696802012349,0.000340464501652283,-0.000484183499150317,0.000179479759044761,7.60272434689075e-05,-0.000248349828094121,-0.000154667780760029,-0.000565444327325632,-0.000549158138993792,-0.000443193498218788,-0.000175407771173192,-0.000258483444687125,-0.000445278432709218,0.000227405913265318,-0.000974084557877983,-0.000571265540643381,-0.00059429370761295,-0.000592035231069003,-0.00094934408483424,-0.0055344571957958,-0.00194031594384621,-0.000825923508341456,-0.000653894614579124,7.06560559024657e-06,-0.00025201516826059,-0.000478931376443304,0.000157421977294585,-0.000534513775044088,-0.000229282042995578,0.000224704077398668,-0.000687483594117941,-0.000699950951615447,-0.000509405420360804,-0.000847446354273873,-0.000207944671052078,-1.91781307731489e-05,-0.000978960908076897,-0.00138003693298881,-0.00111868451782656,-0.000298575144795974,-4.7722769914659e-06,-0.00242352628242773,-0.00277116243328326,-0.00122051165482795,-0.0043454121898823,-0.00215991011030587,0.00198146787088656
"758.558",-0.000164917981110297,-0.00066770379191359,0.000230096777840444,0.000597583049332174,0.000274275652232853,-0.000571766247058159,-0.000181475105311474,-0.000379971532316424,0.00026884747052647,-0.000216876677015891,-0.000163012456507868,0.00014943389154804,-0.000238780528563847,0.000411909009090271,0.000136974367454686,-0.000315092697406929,0.000131114758900339,-0.000551313202231068,0.000110355723679696,1.39825530294325e-05,-5.7075477969715e-05,-5.29617531013696e-05,-0.000725726939483217,0.000325856545757134,-0.00351734734239275,-0.00334846193099369,-0.000561763266699983,1.2629685574363e-05,0.000132431040718874,-3.28792846351739e-05,0.00040379130769075,0.0002438687033433,0.000510558156974858,0.000456087533930146,-0.00028947837439639,1.20347827966755e-05,-0.000913371419405566,0.000248501984845582,0.000200334545600149,-0.000762531858758967,-0.000120143195087627,0.00142946757408583,-0.00053913003113232,-6.91256565142356e-05,0.00155143974813572,0.000468276397088695,-0.00212974137092937,0.0012336101524555,-0.00233066361830293,-0.000163739807960834,0.00208319835596997,0.00366623934501696,0.0224878043763997
"763.31",0.000633701990964613,-0.000792591645923389,0.000525037823411321,0.00019532840466421,-0.000267870009953984,8.28320954823708e-05,-3.02825940026981e-05,-0.000414845956431237,-0.000403942452002203,-5.26505443947362e-05,0.00029604904277066,0.000221981173780109,-7.34850656860234e-05,-0.000119104504378747,-0.000382800921114828,0.000299746572620293,-7.22964333999358e-05,3.85690086640173e-05,-0.000517967393416979,-0.000101442752723642,-0.000702251618909696,-0.000109717081951662,-0.000644323049858307,-0.00127266029649802,-0.00463926506889177,-0.0026958420828169,-0.000118724649695899,-0.000471511098890821,0.00035511774986815,-0.000376939354113295,0.000144451857459533,0.000106306981720576,-0.000298934289906552,0.000439132727018324,0.000462611870744042,6.74167252481427e-05,0.000336879151635883,-0.000341473702862786,-0.0011638603345781,-0.000197533699259683,-7.01884385149939e-05,-0.000169216843478258,-0.000104085480144774,0.000340628748435585,-0.00110131765585469,-0.000704334718995386,-0.002371421066387,-0.000381108153968848,-0.00103186912040667,-0.00362877010024925,0.00158903568862422,-0.00507610916758397,-0.000252150155670483
"768.062",0.00120700652427334,0.000311075239083995,0.000333564561015251,0.000772464320722799,-0.000405801097858534,-0.000402452153239587,0.000360216837228167,0.000363972569887332,0.000215272734773138,0.00034004182871363,3.00745451463477e-05,0.000744019188486508,0.000978927586214197,0.000194119325942759,0.000903357239318312,2.36003255599033e-05,0.00087147576359965,-0.000451561519977647,0.000368893406073724,0.00103347219569492,0.000371627978249004,0.000889378234228575,0.00023597392224459,-0.00169677429156575,-0.00337551588028222,-0.000255815493326371,-0.00015852324941951,-0.000303504100950099,-0.00021694496992905,0.00119329701246143,6.13191551992026e-05,0.000794754059765255,-0.000414200630398829,-7.2850232484818e-06,0.000622917861627754,-0.000252201873465265,0.000648431432528969,0.000599604091556094,0.00207301891113607,0.000286570134330442,0.00189650627066075,-7.61098590021157e-05,0.00128330237296483,-0.000265868701836033,0.00176809559425639,0.00126372917607004,-0.00121847796428017,0.00342670925862464,0.00136810114069258,0.00298121259169715,0.0127752592873841,0.00826246724105544,0.036664686773451
"772.815",0.000479597415496929,0.000151791274401071,0.000264777349807139,-0.00047065672112783,0.000101752728322827,0.00030939220494062,-0.000195824516619361,-4.80529403414211e-05,0.000253728788214384,0.000178969175753572,8.90892068200309e-05,-0.000283400217918953,0.000258203799093743,-0.000133497687811389,0.000127644757745149,0.00012695502855315,0.000441198560872419,0.00011605496799269,0.00110359320438101,-0.000329614673256271,8.63777249067574e-05,0.000180832393064297,-0.00158464947377914,-0.00417609006747718,-0.000592325918013598,-0.000521203511863639,-0.00053734275749514,-0.000122982684994948,-5.12094903372005e-05,0.000500872062970173,0.000283882194982145,0.0001656951689333,8.65322177529884e-05,0.000277902270786497,0.000140083519057374,0.000732442981594906,0.000593068986022182,0.000672312943029119,1.60105825371225e-05,-0.000118704716916009,0.000714504737278977,0.000387656519065933,0.00012699039721561,-0.00053876609504718,0.000337859181097153,0.00228431904039763,-3.99882692813683e-05,-0.00229746628333871,0.00265252049650302,0.000509780665441659,-0.00213967208488501,0.0131322342598118,0.0172311726278366
"777.57",0.000316229418073088,-0.000296910327657752,-7.05603619717537e-05,-0.000571484790799658,-0.000586467665317424,0.000168793405267708,-0.000238987977719647,-0.000118873808301553,-7.06314866368971e-05,-0.00043785828180145,-0.000406287777744611,-0.000734140249158479,-7.53682492512232e-05,4.91995019018693e-05,-0.000609408189745964,-1.17723228747664e-05,0.000162424713646734,-0.000552622322015376,1.2793061541018e-07,-0.00123627542296476,-0.000285587645827238,0.000184410969098824,-0.00277595492905424,-0.00495303990709574,-0.000773529811579233,-0.000390706899949211,0.000273587841836045,-0.000123797460128916,0.000618513742371003,0.000208833604494476,-0.000301728218194079,-0.000792518466387159,-0.000790941229697957,-0.000152714523317355,0.000361604210659378,-0.000722443865893044,-0.000156505961524982,7.69597512087709e-05,-0.000273436015719085,-0.000444635344665101,-0.000308635107920821,-0.000393599424716665,-0.00123970577312577,-0.000196965497119464,-0.00020351420801616,0.0010509007554793,-8.41575384301699e-05,-0.000643690427005029,-0.00126956610377973,-0.000523048543009892,-0.00397192078124228,0.000214860064806211,-0.00521098903966005
"782.325",-0.000873098627655886,-0.000386056925769993,-0.000446372315925784,-0.000581810179213789,-0.000267328137872143,0.000183160633867661,-6.97034176522161e-06,-0.000184928593577033,-0.00029449764330062,-0.000472391895947078,-0.000237345324539594,9.32564308821037e-08,0.000500868452639335,-7.42367451058109e-05,-0.000266845096916224,-0.00044406527248884,-0.000546092678579167,-0.000708494420784904,-0.00090783988486262,-0.000232609557454718,-0.000307771236095042,-0.000884166703777074,-0.0048321547867819,-0.00383517005787895,0.000235220538807267,-0.000641759672239206,-0.000694658781036076,-0.000645077226113939,-0.000149711222261967,-0.00108098676025918,-0.000614514171244131,-0.000103891781304642,-0.000649020814622231,-0.000810677855898712,-0.00140568154348723,-0.000386116208706827,0.000234305012064892,-0.00104968561281448,-0.000438132441593765,-3.71186691529729e-05,-0.00123978010168402,-0.000901141803822992,-0.000885974021043906,-0.000781998560946899,-0.00189091368071828,-0.00102070418241635,-0.00142796359861635,-0.000104405309562064,0.00184088740012056,0.000351093831851642,-0.00167454880847871,-0.0121113309571684,-0.0216378892721733
"787.081",-0.000914238768098677,-9.74017584610178e-05,-0.000517011308180049,-0.000681731687369079,-0.000671639958378064,5.42128536514505e-05,-2.47220907056366e-05,-0.000153189764665649,-0.000261656381001665,-5.70319950078041e-05,-0.000412112955996273,0.000301281207590092,0.000224607900948339,0.000102595860252767,-0.000199645712237948,-8.40207412110164e-07,-0.000391547167925489,-5.49145855233192e-05,-0.000392706803036068,0.000620358540178927,-0.000598049642445022,-0.00290602569061649,-0.00423989511866567,9.23483283198376e-05,6.81933853885394e-05,-0.000908778616466162,6.42372354373602e-05,-0.000182261262576006,-7.66592036347217e-05,0.000561707818232354,-0.000296435772010275,-0.000335604744690762,-0.000221049994809866,-0.000286145679177157,0.00018696435807875,-0.000596093368645853,0.000253905443792331,-0.000397867639831198,-0.000299797292014183,0.000137590260416885,-0.00037959988819137,-0.000329112659149678,0.000363551913630498,0.000962667068156584,0.00045685802107335,-0.000321737430486533,-0.00108634694173096,-0.00098952830673097,-0.000288336858144885,-0.000815772642680606,-0.000576411253208939,0.0013511087621187,0.0168755362456369
"791.838",0.000568422444471825,-0.000533999527976034,-0.000632853984800298,-8.30789010005368e-05,-0.000142890454827092,-0.000504588465856938,-0.000189505438886985,0.000102235618491599,-0.000220807503815987,-0.00014235483468823,0.000348444948856767,-0.000577020566912702,-0.000144486201867649,-0.000807789635618576,-0.000809383850640244,-0.000948231672026851,0.00027355796849571,4.15054544013239e-05,-0.000541323658780661,-0.000604246060763677,-0.000730090860116263,-0.00389771127186983,-0.0029926751961621,-0.000170273567470325,-0.000972894735178829,-1.12918711007442e-05,1.15403248239501e-05,-3.56772287757173e-05,-0.00015521951822927,0.000131215335130057,0.000273633779517453,-4.65874100439483e-05,0.000190531526240461,-0.000893856602539346,-0.0005518416635516,-0.00019729169374978,0.000121331147204681,-0.000631290132425459,-0.000679526185196222,-0.000820456662923743,-0.000381238871877937,-0.00114848160064231,0.000796627914391474,-0.00184230053941099,0.000367102178521203,0.000801833148193758,-0.0014312070474355,-0.000569047578254771,-0.00446618372331835,-0.00407227750979788,-0.00415188618867487,-0.00615056777090163,-0.0455141818424613
"796.596",-0.00150515512752556,-0.0001230308613952,-0.000570859683471579,-0.000281852400931897,-0.000511454022050739,-0.000358434986909888,-0.000558224038149722,-0.000438304721982153,-0.000382893258073443,-0.000812910424717676,-0.000237163753586984,-0.000408613649059948,-0.00119318875297275,-0.000743833996953715,-0.000532607770751537,-3.7725634029683e-05,-0.000530541754086608,-0.000753729527586878,-0.00171628039124209,-0.000972569184090696,-0.00290398633988511,-0.00488985818572106,-0.00108495027184387,-0.000390479157680859,-0.00104549787866833,-0.00103131984707618,-1.08093392128889e-06,-0.000328038566680948,-0.000726225921602722,-0.000468898975627832,0.000111080985512721,-0.00086453733176805,0.00050348995568469,-0.000976983899385572,-0.000232299544143481,-0.000663328257548169,-0.000774223477714791,-0.000855986616377611,-0.00096778830813244,-0.000179907207032046,0.000137444064784292,-0.000523179941806831,-0.0012261286406829,7.33344908881387e-06,9.4797716338721e-07,-0.00150506066444089,-0.000394773649931847,-0.00223430065135184,-0.00201417355381684,-0.00589906118887943,-0.00989329986483109,-0.00745315387099871,-0.0537781751560281
"801.355",0.000917781592879973,0.00102102790922782,0.000894711806366408,0.000661822839458988,0.000390303133472606,0.000127625051506486,-1.35955403408068e-07,0.000166711024942882,0.000452519433822204,0.000635215600735674,0.000382685862227734,0.00104815056164327,9.30302975551193e-05,0.000586860844569684,0.000603134455978907,0.00044441449689033,0.000344435654258208,0.000398212934912928,0.000384204728805452,0.000249796338852379,-0.00326448327217032,-0.00155426908213624,0.000283561925455683,0.000752194651321522,-1.03031215441774e-05,0.000984706188034858,0.000745856416959178,-0.000181000232012906,0.00010258225566748,0.000923447604526667,0.000668807282704153,0.000553882337651051,1.25722934619541e-05,0.000321859429080393,0.000936747628593515,0.00037598155696766,0.000908210424893351,0.00118655191310416,0.000442862945701752,0.00145640344285484,0.0011864047589901,0.000635832787821179,0.00102032069303864,0.00102979809646531,0.000906663023554814,0.000509561627345417,0.000949178304681905,0.00171942609161553,0.00132416959447881,0.00191005203376275,0.00426769159737042,0.0135334244379942,0.040775463110536
"806.114",-0.00079880632885973,7.35103504498135e-05,-0.000660011971684846,-0.000524936706160773,0.000325439778673597,-0.000134694427300828,0.000284880771529787,-7.68368269278892e-05,-0.000395227379606291,-4.18011961685245e-05,0.000120184038754903,-8.80077973161142e-05,0.000197026377720552,-0.000168759085678204,-7.62356338668498e-05,0.000249121954275197,-0.000251989248146525,0.000457960032323729,-0.000106243426755112,-0.000949120337055287,-0.00235357845568524,-0.000189622608748042,-0.000156202822537428,-0.000237689523173782,-0.000142289000368897,-1.38665748902087e-07,-5.91393240872335e-05,5.55615279843457e-05,0.000146357489001042,0.000167836018181742,-0.0003138346008143,-0.000253676591287417,-0.000437895908932287,-0.000138134173822722,0.000263060451407284,-0.00031156336785749,-5.28598072090965e-05,7.01148524823796e-05,8.92734302263135e-05,6.39397381103454e-05,0.000419505638621979,0.00148054515175805,0.000239317429288502,-0.000707987445281064,-0.00053514117954021,-0.000192637913701794,1.81720695062237e-06,-0.00353625903764752,-0.00149483200527069,-0.00644513318757454,-0.00402928711833914,-0.00472892874037251,-0.017724426062642
"810.875",-0.000496609611740686,-0.000500240965847283,9.05603212333997e-05,0.000123167319801628,0.000759900043387459,0.000609867975192445,-4.28935533606502e-05,-7.03398950365191e-05,0.000323120459882435,-0.000100032547543931,0.00057749567509595,-5.45548009277385e-05,1.24882375811562e-05,0.00027137367710493,0.000395394626697335,0.00021694588220103,-5.71493141222862e-05,0.000193119207848999,-0.000623936002401593,-0.00301715425805241,-0.00129683285514623,-0.000324473301608164,0.000608529571989587,0.000564285873106832,-2.15388201802928e-05,0.000729366330744301,0.000845868659925688,-3.10635769781569e-05,-0.000149483591864014,-0.000183620477143852,-0.000155553552910562,-0.00026207268089989,0.000166796913206535,0.000264992088850804,0.000368627306880483,0.000151359600293716,0.00060657437636342,0.00015696243970955,-0.00012997859778407,0.000549533761248839,2.12092975764109e-07,0.000306980022961128,0.000638689901041735,0.000347819648845681,0.000480546844619202,0.000834052820294448,0.0017023943649939,-0.00155559555749711,0.00133598792828461,-0.00135219132374556,0.00213112168966914,-0.0150071937288447,0.012277688334445
"815.635",0.000775077546936329,0.000248682925648663,0.000700546302374085,0.000624423610875985,0.000485096961588776,9.89964870309141e-05,0.000300492858216281,0.000307734039305907,0.000157962468066787,0.000384269068559475,0.000307236516485154,0.000397263322869155,-0.00022003839485597,-7.87302147807921e-05,0.000405893913579202,0.000498678104699933,0.000298849269462496,-0.000361766466168782,-0.000800692716452853,-0.00212544758762795,0.000595851090463152,0.00027393565460917,-1.1885689331579e-05,-0.000174960007358425,0.000643346920160369,0.000509362389966547,0.000330784184181945,0.000147249980710944,0.000169206983471815,-0.000200778558440648,0.000512322162685229,0.000718185633884039,4.5364032718913e-05,0.000230288429205389,0.000250378987710279,-0.000310081708774719,0.000448295161945545,0.000336210202709341,0.000235754833125331,0.000473395354217263,0.0002021262412513,0.00128530747175919,0.0005593469737539,0.000116273074413722,0.000616296170353325,0.000317311789505437,0.000667043132775656,-0.000731061878513997,0.00132871510748104,0.00111552258520749,-0.000377064640090276,0.015308817008502,-0.000360571408499726
"820.397",0.000121885038816183,-0.00079882717003744,-0.00072469791542299,-1.06030767934219e-05,-0.000251529250510385,6.9842581876225e-05,-0.000174519913849775,0.000141230882594989,-0.000136590036446417,4.21611970115792e-05,0.000187265996300802,5.54465331492744e-05,-0.000255096646516493,0.000282775298374566,0.000482539066227883,-0.00041117464424979,-0.000515446378118112,-0.000350147526501416,-0.00317901238710805,-0.00287280289618306,0.000607117627160801,0.000559014771108861,6.57567958506373e-05,-0.000624217696608355,-0.000224793542801719,-0.000344900554444993,-4.32057233685928e-05,-0.000234391753812639,-0.00071639250351537,-0.000140712352042665,1.34325858270893e-05,-0.000421664902618412,-0.000333677303381356,0.000378823978561259,-0.000129408661014899,-0.000199915237004913,-0.0001307610596792,6.95463704722439e-05,-0.000732407014495093,6.54542443528877e-05,-0.00023425859963758,-0.000108276723685591,0.000539027999147566,9.17079064346672e-05,-0.00114374489573468,-0.000324879268810846,-0.000126922982368001,0.00037566513009338,-0.00200500103244542,-0.0023085594757084,0.00188532320045138,-0.0146994526028544,0.00195736033476056
"825.159",0.000220603793680072,-4.43844915767116e-05,0.000905980067056635,0.000344172036652087,0.000515027434905941,2.87598996453506e-05,-0.000147102491772212,-0.000211657792240237,0.000704135241679519,0.000242342421403651,0.000473222841105137,0.000242786986318932,0.00010478186337619,-7.92192992576152e-05,-0.000110348114427208,0.00036799822392286,2.66133004233401e-07,-0.000254738326995507,-0.00247009154765947,-7.76383152192497e-05,0.000287819491867475,0.000609601705706508,0.000360528098510433,0.000135889879404526,0.000642103484037784,0.000289150450565437,0.000248922252255543,-0.000456685591959731,-0.000348994622787535,0.000498887688510363,0.000464387746237371,1.08527663444762e-05,-0.00077240798199651,0.000638177930837999,0.000259858089612955,0.000786683731729235,0.000290691413748855,0.000526221639347498,0.000466723434444088,0.0003431494619926,-0.000854476526339097,-0.000164797698781098,0.00177456174505743,0.000433641172729113,0.00125015118854052,0.000878150192690932,-0.000704425675759876,0.00067490295872982,0.00455289878568167,-0.00191030057729635,0.00113858793045731,0.0102160343301667,0.0505331328165324
