"","500","495","490","485","480","475","470","465","460","455","450","445","440","435","430","425","420","415","410","405","400","395","390","385","380","375","370","365","360","355","350","345","340","335","330","325","320","315","310","305","300","295","290","285","280","275","270","265","260","255","250","245","240"
"248.336",0,0,0,0,0,0,0,0,0,0,0,0,0,0,0,0,0,0,0,0,0,0,0,0,0,0,0,0,0,0,0,0,0,0,0,0,0,0,0,0,0,0,0,0,0,0,0,0,0,0,0,0,0
"252.814",0,0,0,0,0,0,0,0,0,0,0,0,0,0,0,0,0,0,0,0,0,0,0,0,0,0,0,0,0,0,0,0,0,0,0,0,0,0,0,0,0,0,0,0,0,0,0,0,0,0,0,0.00433342347701204,0.0617595154937238
"257.296",0,0,0,0,0,0,0,0,0,0,0,0,0,0,0,0,0,0,0,0,0,0,0,0,0,0,0,0,0,0,0,0,0,0,0,0,0,0,0,0,0,0,0,0,0,0,0,0,0,0,-0.0158398065183192,-0.00729539482107593,-0.0210153808296193
"261.781",0,0,0,0,0,0,0,0,0,0,0,0,0,0,0,0,0,0,0,0,0,0,0,0,0,0,0,0,0,0,0,0,0,0,0,0,0,0,0,0,0,0,0,0,0,0,0,0,0,-0.00463425354524616,0.00138004376482534,-0.0115432315364064,0.0444142951134919
"266.271",0,0,0,0,0,0,0,0,0,0,0,0,0,0,0,0,0,0,0,0,0,0,0,0,0,0,0,0,0,0,0,0,0,0,0,0,0,0,0,0,0,0,0,0,0,0,0,0,-0.00454591515974467,-0.00247251856358871,0.00442617743864089,0.00272501786926571,-0.000595315177741473
"270.764",0,0,0,0,0,0,0,0,0,0,0,0,0,0,0,0,0,0,0,0,0,0,0,0,0,0,0,0,0,0,0,0,0,0,0,0,0,0,0,0,0,0,0,0,0,0,0,-0.00851961819303848,-0.00509678327865901,0.00109246041765956,-0.00178286679077272,-0.0324836953926437,-0.0318146641536997
"275.26",0,0,0,0,0,0,0,0,0,0,0,0,0,0,0,0,0,0,0,0,0,0,0,0,0,0,0,0,0,0,0,0,0,0,0,0,0,0,0,0,0,0,0,0,0,0,-0.0024478932578178,0.00115458932912824,-0.00319796457466998,-0.00462772874276718,0.00363616168272252,-0.00999584737218978,0.00408499908500402
"279.76",0,0,0,0,0,0,0,0,0,0,0,0,0,0,0,0,0,0,0,0,0,0,0,0,0,0,0,0,0,0,0,0,0,0,0,0,0,0,0,0,0,0,0,0,0,-0.00981588890213314,0.00268069739168098,0.00345836397905176,0.00201645933143332,0.000590265235263399,0.00225982442567385,0.0024276936168077,-0.00517208341282181
"284.264",0,0,0,0,0,0,0,0,0,0,0,0,0,0,0,0,0,0,0,0,0,0,0,0,0,0,0,0,0,0,0,0,0,0,0,0,0,0,0,0,0,0,0,0,0,0.000503784269263841,0.00216455221911511,0.0032473176472066,-0.00423085934588169,-0.00646464302817984,-0.00147913880341663,0.00610493125045485,0.00871371852564723
"288.772",0,0,0,0,0,0,0,0,0,0,0,0,0,0,0,0,0,0,0,0,0,0,0,0,0,0,0,0,0,0,0,0,0,0,0,0,0,0,0,0,0,0,0,0,0.000406074319903027,-0.000727105769269501,0.00281492517616386,0.00403449353141733,0.000857022165977606,-0.00910731542700249,0.00385208202796614,-0.00264092735178566,-0.0324838624757657
"293.283",0,0,0,0,0,0,0,0,0,0,0,0,0,0,0,0,0,0,0,0,0,0,0,0,0,0,0,0,0,0,0,0,0,0,0,0,0,0,0,0,0,0,0,0.000607390256110285,0.000474219008343962,0.00314004348448599,0.00183208362710777,0.00470669605253798,0.0094118312294981,0.00698084216225039,0.00881765812277745,0.0193644001550121,0.0300960440221379
"297.797",0,0,0,0,0,0,0,0,0,0,0,0,0,0,0,0,0,0,0,0,0,0,0,0,0,0,0,0,0,0,0,0,0,0,0,0,0,0,0,0,0,0,-0.00881158533901888,-7.3611040987593e-05,-0.00109108278964627,-0.00204133206316836,-0.00661549514610038,-0.000147551395980994,-0.00156777822039574,-0.00687969663661465,-0.00684892731727526,-0.0129347269204135,-0.0350923419120751
"302.315",0,0,0,0,0,0,0,0,0,0,0,0,0,0,0,0,0,0,0,0,0,0,0,0,0,0,0,0,0,0,0,0,0,0,0,0,0,0,0,0,0,-0.00562303229216976,0.00096087755685341,0.000373307562196046,0.00130742467380366,0.00053455160597421,0.00172372047942604,0.00137301544734063,0.0068032352962113,0.00787315496509746,0.00256553492971294,0.00832377117777975,0.0318131687106572
"306.837",0,0,0,0,0,0,0,0,0,0,0,0,0,0,0,0,0,0,0,0,0,0,0,0,0,0,0,0,0,0,0,0,0,0,0,0,0,0,0,0,-0.00456165459213709,0.000701582804330584,0.000288960313644972,0.00022453229944195,0.00193703229433634,0.00258889955743929,0.000745916170876534,0.00264680085484196,0.00074217129518462,0.00630845527975193,0.00835032526276535,0.0139805548308759,0.049449585394061
"311.362",0,0,0,0,0,0,0,0,0,0,0,0,0,0,0,0,0,0,0,0,0,0,0,0,0,0,0,0,0,0,0,0,0,0,0,0,0,0,0,-0.00119175369658464,-0.000916276669841114,0.000822068764012033,0.000879267712176893,0.000893622506546801,0.000290743176276809,-8.2107606830667e-05,0.000685469812663085,0.0029762441941982,0.00291161804701014,0.0059384241888424,0.001511337358995,0.0126563399229336,0.0139685999074804
"315.89",0,0,0,0,0,0,0,0,0,0,0,0,0,0,0,0,0,0,0,0,0,0,0,0,0,0,0,0,0,0,0,0,0,0,0,0,0,0,-0.00523048726438224,0.000769013508967235,0.00040132160025878,0.00107166415164101,0.000709007486694439,-0.000502886818721404,0.000437891094478476,0.00165545337777312,0.000378182798754753,0.00142516230824997,0.0047065251086591,0.00263457978458148,0.00833368344138366,0.00109226873937564,0.00969177527324773
"320.422",0,0,0,0,0,0,0,0,0,0,0,0,0,0,0,0,0,0,0,0,0,0,0,0,0,0,0,0,0,0,0,0,0,0,0,0,0,-0.0100730844246933,4.83213843582159e-05,-0.001218222542562,-0.000428287181100925,-0.000227458223631433,0.00104004473475605,-0.0033937869197922,-0.000856584125693602,-0.00111601433347101,-0.000913182198035004,-0.00133927766403042,-0.00158869606630929,-0.00739556047522109,-0.00416683247452039,-0.0100383505687279,-0.0112649662663244
"324.958",0,0,0,0,0,0,0,0,0,0,0,0,0,0,0,0,0,0,0,0,0,0,0,0,0,0,0,0,0,0,0,0,0,0,0,0,-0.000440310407307742,-0.000715128554230907,0.00069654625247949,-4.70580863674505e-06,-0.00102849902173492,-0.000139036752726793,0.00105951075167568,0.000607856830100534,0.000476585752727076,0.00232478170178172,-0.000363940728150549,-0.00073299607172784,0.00502812216683679,0.0053691663011122,0.00621153769409341,0.00653189717703751,0.00548827491067689
"329.496",0,0,0,0,0,0,0,0,0,0,0,0,0,0,0,0,0,0,0,0,0,0,0,0,0,0,0,0,0,0,0,0,0,0,0,-0.000676129054591135,-0.00132618352788999,0.000620106574067976,0.000613680997939802,-0.000107452986321848,-0.000571937866279786,0.000747725315931785,0.000912737971249938,-0.00134885043658219,0.000229052395347155,0.00107403839151127,0.000730678131970414,-0.000789912362294306,-0.000833771462677261,0.000387621591498967,0.00231095620284011,0.00618778911162787,0.00908222303339969
"334.038",0,0,0,0,0,0,0,0,0,0,0,0,0,0,0,0,0,0,0,0,0,0,0,0,0,0,0,0,0,0,0,0,0,0,-0.000352737205547626,-0.00306672695012336,0.00090276159143635,0.000182981213482047,0.000963540332912882,0.000483740850441651,7.43517906548197e-05,-0.000561311871000753,0.00133774031643909,0.00106447486366257,0.000308383275967742,0.000988550653511704,0.00114168634361513,0.000931303699036119,0.00011213127518236,0.00635024288213361,0.00318501949816301,0.00992034846554327,0.042566463369358
"338.584",0,0,0,0,0,0,0,0,0,0,0,0,0,0,0,0,0,0,0,0,0,0,0,0,0,0,0,0,0,0,0,0,0,-0.000956761818237228,-0.00342429293057048,-0.000874792684324874,-0.00150482258759465,-0.000623870686298586,-0.000641899554294698,-0.00199144102819597,0.000235911059308896,-0.00231042689670394,-0.00246364574027567,-0.00106453599134241,-0.00191381624475289,-0.00416979630404186,-0.00228761851689176,-0.00472577808621884,-0.00329360280958925,-0.00493375594883569,-0.00828478536788245,-0.0142620791518393,-0.0525772154305873
"343.133",0,0,0,0,0,0,0,0,0,0,0,0,0,0,0,0,0,0,0,0,0,0,0,0,0,0,0,0,0,0,0,0,-0.000422353272187204,-0.00462259243877136,-0.000425096222531509,0.000903411567592742,9.04582041551111e-05,0.00014457043515512,0.00036327324036807,-0.000829193832524389,-0.000298985176858724,0.0010300512957585,-2.27199099869465e-05,0.000640850663177982,0.000513829344027351,-0.000741924446937367,0.000732902454712195,0.000752775880864249,0.00189677361615375,0.00116371035570372,0.00550496592954895,-0.00597223556432079,0.0464451892336206
"347.685",0,0,0,0,0,0,0,0,0,0,0,0,0,0,0,0,0,0,0,0,0,0,0,0,0,0,0,0,0,0,0,0,-0.00565942681066756,-0.000102066657631971,-0.000135706724530412,-0.000592551763215498,-0.00044405655064074,0.000813094452348895,-0.00164985543260299,-2.62758780321809e-05,-0.000177461231617578,-0.00103837047001299,-0.0012445302657316,-0.000756504316568978,-0.00150455852194775,-0.000806741652834174,-0.00292099192728466,-0.00274746440370765,-0.000223869625032142,-0.00294202801750554,1.23321928523134e-05,-0.000228559283023733,-0.0403662777180635
"352.24",0,0,0,0,0,0,0,0,0,0,0,0,0,0,0,0,0,0,0,0,0,0,0,0,0,0,0,0,0,0,0,-0.00462481487521249,0.000215493212197248,9.69931953993461e-06,-0.000230041596572934,0.000371414395717182,0.000481960331428322,-0.00124011013625153,6.39414173190106e-05,-0.000778886784180019,-0.000328975370461782,-0.00126597488410362,-0.000160229129130903,2.19247660358699e-05,-0.00297007461490443,-0.000943140145489115,-0.00164910119794818,-0.00112272332037678,-0.00516659806924105,-0.00384384858815248,0.000752315933367024,-0.00725426124582534,-0.0391597405871621
"356.799",0,0,0,0,0,0,0,0,0,0,0,0,0,0,0,0,0,0,0,0,0,0,0,0,0,0,0,0,0,0,-0.0073252682753357,0.000186554232128159,0.000503617218913205,0.000248836329235015,-0.000124458270391181,0.00101829449536181,0.000234073809205287,0.000533040835030196,-0.000390858521975342,7.25976396406362e-05,8.35350537494598e-05,-0.000217347709816411,-6.26637977182553e-05,0.0017535902351929,0.00159274020729685,-0.000635575760435074,0.00128597090308803,0.000591310997046734,0.00137804895231155,0.000398595028685529,0.0126848664963455,0.00166007716118526,0.0011980265429562
"361.361",0,0,0,0,0,0,0,0,0,0,0,0,0,0,0,0,0,0,0,0,0,0,0,0,0,0,0,0,0,-0.00736351839520039,-0.000366207282579023,-0.000494178098382319,-3.06524387634777e-05,-9.2786264043996e-05,8.85883492265684e-05,-0.00101924703892976,0.000587245295251615,-0.000698562099741139,-0.000920851649585264,0.000656296499094949,-0.000150681989491197,-0.000599631592546367,-0.000402959525630221,0.00112355716478937,-0.000108020284635625,-0.000927739523447987,-0.000915932553781738,-0.0012800329842026,-0.0025436567910216,-0.00303449115784732,0.0107530770273783,0.00119199740298673,-0.00990340780004802
"365.926",0,0,0,0,0,0,0,0,0,0,0,0,0,0,0,0,0,0,0,0,0,0,0,0,0,0,0,0,-0.00611091024183419,-0.000897028176005465,0.00028367020225332,-8.26846490486694e-05,0.000499313527294224,0.000286285651314913,0.000335968746128873,0.00139913036393451,0.000690973948695744,-0.000210261145519806,-0.000270516105812027,0.000376359517198005,-0.000739874823715117,1.74918684751877e-05,-0.00132784106763997,0.000942724589629072,0.000375051832017247,-0.00118695258250716,-0.00156873938355236,0.00133151082380469,0.00156583173971017,-0.000559811541822382,2.32153169079275e-07,-0.013382443010216,-0.0170284107300272
"370.495",0,0,0,0,0,0,0,0,0,0,0,0,0,0,0,0,0,0,0,0,0,0,0,0,0,0,0,-0.00531660718980076,-0.000630643807837804,0.00047702787561675,-0.000248583606831507,-0.000136585419242471,-0.000206271105427802,0.00102376599888935,0.000234533961662398,-0.00070053648446465,-0.00116183728583623,0.000538442536587495,1.33408129059151e-05,0.000108738621939101,-6.66777426647133e-05,-0.000613961877800316,-0.000538848809628496,-0.00077596559943439,0.00117084642765731,0.00133590431060146,0.00151850552212372,0.00054642465343486,0.00138038688409392,-0.00501402211670756,0.00704181930804504,-0.0118574318468908,-5.92990790076915e-05
"375.067",0,0,0,0,0,0,0,0,0,0,0,0,0,0,0,0,0,0,0,0,0,0,0,0,0,0,-0.0110034979979796,-0.00126837746127915,-0.00104071515004256,-0.000861246900364937,-0.000501362617798812,-9.1661237964228e-05,-0.000696491163093525,-0.00129201715563208,-0.00105324082235807,-0.000993679656823968,-0.000710361527133822,-9.91908691796439e-05,-0.000366863344233275,-0.000188525230183013,0.000282860886695861,-0.000162658228919934,-0.00103459259709657,-0.00072811478068451,-0.00278488702980458,-0.000761429518612312,-0.00192849895356826,-0.00312928186672283,-0.00240731501214543,-0.00602507550020145,-0.00739029486148762,-0.00968601860843142,-0.0116214854927524
"379.641",0,0,0,0,0,0,0,0,0,0,0,0,0,0,0,0,0,0,0,0,0,0,0,0,0,-0.00866009525985934,-0.0015372845231164,0.00129162087483369,0.000312739352821918,0.000458358190727668,0.000293033534341775,-0.000193897852405721,0.00115993667111366,0.000684057886642067,0.000222242190207361,-0.00036479400981656,0.00106872558894262,0.00103935050535733,-0.000142181677363824,0.000749121959382906,0.000544730755805119,0.000883509681600537,0.000381743185134309,0.000438222370144722,-0.000434807053627032,0.000732463490026443,-2.24478116727744e-07,-0.00026153915955947,-0.00110418739946041,0.00588188437764529,0.00737066209793065,0.00933224601811166,-0.000550563243804968
"384.219",0,0,0,0,0,0,0,0,0,0,0,0,0,0,0,0,0,0,0,0,0,0,0,0,-0.00905218707179245,-0.00263938543082989,-0.000566415968171768,-0.000348574983219616,-0.000153136879416732,-0.000577842763719145,-0.000656897598575737,0.000106071479909911,0.00058783056854432,0.000530720776696095,-0.000381447698991925,-0.000428427350938028,-0.0010140621114271,0.000303669574675651,-0.000140019768438396,-0.000611415429595824,0.000190880825245356,-0.000602306780941975,-0.000646467101087199,-0.00130487228156964,-0.000355089492035871,-0.00190946846837834,-0.000325585104292713,0.000130027564238206,-0.000273857872740017,-0.00424614353942962,-0.000358303112448266,-0.0151313723753233,-0.0106099037821117
"388.801",0,0,0,0,0,0,0,0,0,0,0,0,0,0,0,0,0,0,0,0,0,0,0,-0.00927704374661564,-3.30444922581885e-06,0.00031671948103233,0.000826291842334582,-0.000138966258347491,0.000321132559001257,-0.000269952791346068,7.46972106271627e-05,0.000554800603466084,-0.000314826302011947,0.000216909776801087,0.000595939925397794,0.000433650128572642,0.000216182140169546,0.000190574238689233,-1.35844304695147e-06,0.000214264627425467,0.000292061767547167,0.00056468228092895,0.00122824647781864,0.000441000187014313,0.000562503683466868,-0.00044013129798804,0.000207526157417772,0.00222245894743907,0.00444953466201282,0.00190790765356009,0.00510302606023085,0.00786215694802548,-0.00106192504686735
"393.385",0,0,0,0,0,0,0,0,0,0,0,0,0,0,0,0,0,0,0,0,0,0,-0.0134691116375794,-0.00196626768138747,-0.000487473020476629,0.000334575571504468,-7.19404930696224e-05,0.000257192713204837,-0.000111368770890664,-0.000179965143324488,-8.88634934316512e-06,0.000471310876259012,0.000356747875626125,3.95956942279272e-05,0.000561659008504053,-0.000143198894905624,-0.000324607411932622,0.000281488632602732,-0.000272576209005147,0.000480598501202203,0.000441173992972583,0.000333957084047216,0.000174749214291424,0.000583039903213521,0.000585763834542955,-0.000897290943556453,-0.000268363244729058,0.000522588142840525,-0.000354751521325228,-6.69176411249722e-05,0.00277290343337979,0.000417402824855594,0.0107685075579662
"397.972",0,0,0,0,0,0,0,0,0,0,0,0,0,0,0,0,0,0,0,0,0,-0.0104794611047895,-0.00179731992625842,0.000227530157529633,-0.000398325450425056,-0.00082878109304471,-6.95881115871668e-05,7.50753039832994e-05,-0.000146306083619631,0.000257241644500496,-0.000109582824589477,-0.000109851708111702,-0.000311388620939841,9.70376829888327e-05,0.00022116492809898,-1.08631709798637e-05,0.00023477549870398,0.00027211108728098,0.000436448548355147,2.58802610077236e-05,-0.00069737032341013,-0.000215719558520425,-0.00052719062028079,0.000252857417477173,4.50342005256063e-05,-0.000922579604049707,0.000354719218208634,-0.000504950322130776,0.000294497658327128,-0.00183113915863129,0.0028963817120034,-0.00424676417520031,-0.0154313047158248
"402.562",0,0,0,0,0,0,0,0,0,0,0,0,0,0,0,0,0,0,0,0,-0.00855863521079259,-0.00330801922975582,0.00108049602995442,0.000663069503163961,0.000707624785028905,0.00118263497918859,0.000250807489586906,0.000854128617124595,0.000154158144556763,0.000822753789905935,0.00154022688855259,0.000390384532734172,0.00103271332672775,0.000467261928479883,0.00131728649579675,0.000478873498211944,0.000569949366673987,0.000671930322702657,0.00144047041485155,0.00101158735319952,0.00075271015746093,0.000903074033055094,9.74418261326483e-05,0.0011790182876519,0.000894546091027654,0.00206027252884477,0.00248848013000788,0.00186732643581885,0.00528319950502807,0.00424443785044655,0.00515523379833799,-0.00524867017012658,0.0234283788831331
"407.156",0,0,0,0,0,0,0,0,0,0,0,0,0,0,0,0,0,0,0,-0.0120666203628136,-0.00461507959385724,-6.9439797619089e-05,0.00039913081719933,0.000108743758958915,-0.000302113615840896,-0.000386091922381736,0.000924711715846489,6.17088474101461e-06,0.000159626141537778,0.00116959488697332,0.000221430576487228,-0.000172493274107126,5.36342032414323e-05,0.00033361154049359,0.000211084105021889,0.000778452569212887,0.000320100882961944,6.7371517031279e-05,-4.83489184911133e-05,0.000381027270201637,0.00101777222959003,8.78621382412238e-05,-0.000275765107866383,-0.000389604730252698,-8.69044615768189e-05,-0.000465648945798907,0.000215379225702082,0.00140711055165594,-0.00135663900665207,0.00343142484625942,0.00501126430817291,0.00578336430176305,0.00852435411092991
"411.752",0,0,0,0,0,0,0,0,0,0,0,0,0,0,0,0,0,0,-0.0108657112410333,-0.00555946670057358,-0.000324560305902584,-0.000418088306186536,-0.000878838484049495,-0.000814406674778884,-0.000363999071381624,-2.86794103683497e-05,-0.000529383394933484,-0.000312521937591889,3.4977844590757e-05,-0.0007996148242536,-6.59043232433083e-05,-0.000451670692256448,-0.000955689582967103,-0.000382956934832077,-0.000199009687820919,4.95179191813353e-05,-0.000451822563612717,-0.000589984709758728,-0.000223296475653977,-0.000462637301864162,-0.00086738145789296,-0.000953079431111405,-0.000956879612547173,-0.00102241341453928,0.000574220822310536,-0.000228987140746779,5.96988217907216e-05,-0.00218531385181953,-0.00234636822929907,-0.00528016277842999,-0.0119757326634336,-0.0157389187053449,-0.0144472461824575
"416.352",0,0,0,0,0,0,0,0,0,0,0,0,0,0,0,0,0,0,-0.00572059570170941,-0.000380006940649985,-0.000381340004111157,0.000529844988541147,-0.000112146475864626,-0.000269065308328327,0.000371504688114385,-0.00016455520287371,-0.000166182897383692,-0.000926464689631083,0.000413765013242771,-0.000110678891643802,-0.00021899571055386,3.42702218274455e-05,-0.000246613968465463,7.17246353542476e-05,-0.000521221614671554,-0.00080388889880378,-0.00042426972664505,0.000458720988937261,2.24781492326329e-05,-0.000332568186229307,9.20203146394743e-05,-7.12956347535922e-05,-0.000314161970732885,0.001059927773718,-0.000482506529049939,-0.000201093998375641,-9.05134272636845e-05,-0.000358565573137285,-0.000996167073192241,-0.00463421253239754,0.00337208960783208,0.000563440369924012,-0.00458209533147308
"420.954",0,0,0,0,0,0,0,0,0,0,0,0,0,0,0,0,0,-0.00261445603068369,0.000855913841967849,0.0005919022566157,-0.000171564765344639,-0.000152312625737341,6.95570191487512e-05,0.00015199369537758,-0.000176322140779805,0.00023844668462646,-0.000990669405575781,0.000216194128882893,0.000149384690253416,-0.000346364343569225,0.000152912432934237,0.000272624035509914,-7.81465150053628e-05,-0.000202286907839803,0.000364122882472028,0.000670864221452879,0.000181365477194715,6.3076505822716e-05,0.00020227659432554,-0.000398394094527412,0.000450569125002691,0.000180758354023969,0.000152982413957771,-0.000598753239987756,0.00116947952267116,0.00134864263739123,-0.000206527009585656,-0.000947584507433761,-0.000399202694558413,-0.00140789474434119,-0.00339427685443215,0.000365803937658074,-0.0152965034113089
"425.56",0,0,0,0,0,0,0,0,0,0,0,0,0,0,0,0,-0.00143917575057367,0.000577862330766107,0.000619006751970086,0.000380290901912485,0.000311839447338425,0.000568490033168628,0.000351875816997973,0.000660925247328579,-2.96455828430187e-05,0.000481151924263075,-0.000532241482377856,-0.000300768907439689,0.00106062754242388,0.00017711507729549,2.47747683031432e-05,0.000250737193247964,7.57753585360766e-05,-0.000345015870019828,-0.000268546922049151,4.67554488144305e-05,9.84567915811455e-06,9.44761213880063e-05,0.000353997251494176,9.36869871985381e-05,0.00011366020044342,0.000436964194509752,0.000346618912772856,0.00120898354693444,-0.000866307812105663,0.000697742641905293,0.00223865271866253,0.00106769407132728,0.00226345397292314,-0.000361632635513535,0.00704649726461614,-0.00125563477973427,0.0180770180717827
"430.168",0,0,0,0,0,0,0,0,0,0,0,0,0,0,0,-0.00356602145864574,-6.86386997639718e-05,-2.22262281926846e-06,-0.000237503554681187,-0.00109123132344038,-0.000481839952338157,-7.84231289607787e-05,0.000114983724828781,-0.000142047848960167,-0.000136103114916334,-0.000377543468264262,0.000786490548408465,4.64552978420851e-05,-0.000530040792800703,-5.82324140428585e-05,-0.000287756581542116,0.000180428147473646,-0.000232252296783928,-0.000363860246283747,0.00021017826038978,-0.000212742043766944,7.77366318660355e-05,-0.000485493482834363,-0.000261589784916125,-0.000545386858003952,-0.000161001644408653,-0.000160944554911313,-0.000977186198257698,-0.000694591709458543,-0.000237089677654268,-0.000637818496642834,-0.000846078829376859,-0.00121663666208783,-0.00234840089661673,-0.00153410480500158,-0.00578986288125357,-0.000703104808279842,-0.00522195718253062
"434.779",0,0,0,0,0,0,0,0,0,0,0,0,0,0,-0.00209383545619568,0.000769484870781826,-0.000111484670611197,0.000275413781607353,-0.000217205723307725,-0.000104547856857673,0.000284639633767667,0.000787421358058386,2.85715016862841e-05,-0.000100955125162316,0.000464637227896282,-8.50360494214844e-05,0.000433425761304432,0.000326325847918622,0.000259518322324801,0.000422066023719776,0.000180001041624305,0.000384444773561624,0.000322213063240357,-0.000227926089795207,0.000341076957727177,1.81228579049142e-05,-0.000117041177393335,0.000688814150314757,0.000465712136569694,0.000415724667984143,0.000383064765651857,-0.000106934688197076,0.000191104301227945,0.000202753724764864,-9.89846960847891e-05,0.000447135685785568,0.000364929506507989,0.00232661821311267,-0.000383243023979447,-0.000708580313768361,0.0025148895876802,0.000703832554569664,0.00994296308631413
"439.393",0,0,0,0,0,0,0,0,0,0,0,0,0,-0.00773379503238542,0.000193821975513986,-0.000185380784170043,0.000328208334106339,0.000495620264487546,0.000174120995100577,0.00027717535890104,0.000212160947913295,0.000648389485624743,0.000113762677435444,0.000605047102014322,-0.000474890605425819,0.00048565441052946,5.76400882799249e-05,0.000191547054268344,-1.69112105875887e-05,0.00015617793440619,0.000398553388675687,0.00015433230204593,0.000607545389764565,0.000704156856998127,0.00068630232737747,6.38424452389022e-05,0.000366653383970532,0.00024461739400427,8.59134864661823e-05,0.000149478146692215,0.000294659408998388,1.32057242797973e-05,0.000219004632447912,0.000419691037304963,0.000547784562630378,0.00112292181668113,0.00156219028320576,0.00100508019089086,0.00279251091329895,0.00064601074629639,0.00388777060609743,0.0038378138417939,0.00644129662629224
"444.01",0,0,0,0,0,0,0,0,0,0,0,0,-0.0112840602915189,-0.000749597784760199,-0.000112036261525295,-0.000214070433700769,0.000157922994230181,0.000481351599228771,0.000249256402974769,0.000141692192470553,-0.00023119061062557,0.000508430343191677,0.000158500523571501,-0.000297752128033825,0.00060287716413418,1.54179636704453e-05,0.000140288149568592,-0.000206428968354279,0.000551505771705235,-3.27181589091426e-05,-0.000136956680083609,0.000160641798963319,-0.000178764340346115,-0.000107808880286654,0.000309043236727152,0.000533615589233818,-0.000220256707632716,0.000232180264995494,3.12740866221142e-05,-0.000170667088582818,0.000351959566744488,-0.000643436907578773,5.71109797665898e-05,0.000929448224920138,-0.000716330383432966,0.00143400585966383,0.000386327129782376,0.000331224519795089,0.00209179702814681,5.80456420767224e-05,-0.00448150834341893,0.00293340252240716,0.00680666776802184
"448.63",0,0,0,0,0,0,0,0,0,0,0,-0.0129631596938003,-0.00226657857319859,-0.000235952071613476,-0.000453695367118926,-3.96938235652288e-05,-0.000737309943297156,-0.000715808699469722,-0.000454604407008033,-1.05767130755834e-05,-4.99764546686814e-05,0.000103995806553339,-0.000381161634226843,-0.000381671970669864,-0.000677129454133727,-0.000165491857983621,-0.000552851520618425,-0.000413172457730362,-0.000137483160985964,-0.000311527209566923,-0.000537403156204506,-2.22754843339499e-07,-4.81405730896776e-05,0.000146404493718802,-0.000540333362061431,-0.000195638641740455,-0.000281637796712655,-0.000397462522465196,-0.000585796810055123,-0.000859250445587254,-0.0004287785610299,-0.00139212579617377,-0.000498327893033412,-0.000586704728562607,-0.00142527481464975,-0.00152180208588485,-0.00151824738974691,-0.000649508133617006,-0.000369502306027795,-0.00113373594730858,-0.000445156300017745,-0.00998179353820857,-0.0382950583856722
"453.253",0,0,0,0,0,0,0,0,0,0,-0.00588410934260486,-0.00303664798987133,0.000577773265679813,5.4379068383482e-05,7.69799959127301e-05,-8.33583037865705e-06,3.18809000645372e-05,-1.80065964826693e-05,-0.000122613952354898,3.89651145687696e-05,-0.000449842839834418,-3.01807596535773e-05,0.000461929559244602,0.000134624965113831,0.000233103641243342,2.4171018168692e-05,0.000361135597059972,-0.000200229205366497,-0.000247842195138985,0.000457618322652435,-0.000179997575886639,-1.59478869023484e-05,1.53892331161091e-05,-0.000177011624207023,-0.000109004982901462,0.000157616409363061,0.000101501777602547,8.75018790036435e-05,7.17440997379302e-05,-0.000265533588100996,0.000294450216100133,-0.000637199643355296,0.000393289037036635,-0.000241725085560382,-0.000226068012181099,-0.000426891269721417,0.000213055245872236,0.000996918159404003,0.000365517831470633,-0.00162451789701923,0.000359324344114893,-0.00401209615255728,0.011573379019335
"457.878",0,0,0,0,0,0,0,0,0,-0.00429097024183889,-0.000448351503601591,0.000260148705456374,0.000338376540776184,0.000282760029711202,0.000175742723873718,0.000279391170589002,8.76908986752775e-05,0.000622726216008822,-0.00013082460768136,0.000986395911007509,0.000231701575160972,-0.000158884042135848,0.000486063112181325,0.000276287127670667,8.98463131206993e-05,0.000290321455404556,-2.41515138668626e-05,1.53042760300938e-05,0.000213378295946859,0.000241936868167055,9.98504955934267e-05,0.000269943715377122,0.000397136755284439,0.000637174540224436,0.000445510553041864,-0.000409433843578224,8.1693319111066e-05,0.000455085710646397,0.000264532686635364,0.000108284796429912,0.000303379813587052,0.000277106730759789,0.000319132238461432,0.000143226327266738,0.00117113568643969,0.00111039727693013,-1.77057234942643e-06,0.0012421891373222,-8.00877745760794e-05,0.00378624874836266,-0.000343471294309334,0.00679778562620915,-0.00238173546231141
"462.506",0,0,0,0,0,0,0,0,-0.00515827629819807,-0.00109964325305531,0.000495731652462869,0.00017494019987471,-7.80600538570183e-07,0.000554568889594293,0.000219749298497826,0.000217363260044015,0.000325433365351934,0.000400197460941423,6.30474632961669e-05,-4.2720592520638e-05,0.000106542064636086,0.000291801490627578,-0.000233343782593015,0.000328072735383068,0.000295413198057689,5.57728507846248e-05,0.000346946149257067,0.000133140045795001,0.000721532371530286,-0.000108850266557854,0.000160537470063536,0.000129909119256859,2.26591792629246e-05,0.000434366757666004,0.000171497431107695,0.000154653587476384,-0.000164059483183194,0.000220530827345829,0.000262716017410832,-0.000108912948678838,-0.000427762706770321,0.000762796079890076,0.00089694757064082,-0.000221784785478188,0.0010877455232035,0.00156417804251114,0.000918900484296443,0.000821546604582708,-0.000996503096011318,0.00309208747481135,0.00446330129920465,0.0180813613025084,-0.00113459131000229
"467.137",0,0,0,0,0,0,0,-0.00840081214943725,-0.00184765802371849,0.000292002406218418,-0.000292733255046987,-3.08338860073403e-05,-5.57453877950882e-05,-0.00024015464289698,-0.000374786458186997,-0.000163833631817722,0.000133026533413636,7.50281178932516e-06,-3.97648245163817e-05,0.000171644820778957,0.000483337724010234,-0.000149788816749681,-0.000406895773518413,-0.000137709151042039,-0.000122184438014632,0.00028443108180939,-0.00012469165625483,-0.000170748947590117,0.000317619589796527,-0.00049738608295501,0.000181691319248376,0.000120951124649933,-7.69853768425702e-06,7.01534348632201e-05,-4.86617360999982e-05,-0.000536395906851888,5.37548883735318e-05,4.73364528254098e-05,-0.000140678397352204,-0.000203670457099093,-0.000536596327197808,-0.000778399494204695,-0.00035510784686453,0.000530976442400127,-0.000273050401430669,6.52211736438087e-05,-0.000207968255025428,-0.00012410980938183,-0.00244024312049604,-0.00130507299077182,0.00206632812569656,-0.0108665952354055,0.00399839196695278
"471.771",0,0,0,0,0,0,0.0791829404524939,-0.00413792636077037,0.000123612882131139,-5.10914896069701e-05,0.000113536528804995,-0.000157613826161109,-9.45720551518993e-05,0.000145208418176098,0.000274983464873499,-0.000214040661246836,-0.000218142806149101,-0.000239097583169973,-0.000362186215011035,0.000166787778140172,0.000254205930619068,1.60679275977001e-05,0.000307098519859834,4.22807598027827e-05,0.000370779622185395,0.00017253877891267,0.000247259238642042,-0.000277306179956644,6.15157970939243e-05,-0.000250567877577094,3.75480099432975e-05,-5.26484088269265e-05,9.83929428917849e-05,0.000154801867698035,0.000336990730442494,0.000371903402327412,-0.000106984781631133,8.52900824856978e-05,4.98963444299033e-05,-0.000180085771571749,0.000373876761658647,-0.000392219846713024,-0.000677042695948777,-0.000154919750864856,5.43020540182493e-05,-0.000820598643490992,0.00154597958270484,-0.00154562514187431,-0.00203102709884548,-0.00167480372304529,-8.11229922903678e-05,8.51816269454436e-07,0.0103564876080167
"476.407",0,0,0,0,0,0.183524157347426,0.0107109715566431,-0.000107253974819544,-0.000101707343857755,-0.000158308884944384,-0.000565632387637193,-0.000738790527781406,0.000202819982824163,-0.000191265265830993,0.000118294756761937,-0.000249645167553819,-0.000194113192364982,-0.000129057711858643,-0.000326090103822313,-0.000302705911100386,-0.000374684411331946,-0.000229428796315696,0.000113516818673789,0.000210969917652419,-0.000313122881149784,-0.000382611124357254,0.000138387178633093,-0.000536800802787224,-0.000329145641414424,-0.00011348531418761,-0.000104872934913623,-2.25415299695921e-05,-0.000128495348259636,-0.000346740628805031,-0.000423447870721285,7.531976159546e-05,-0.000195585917019203,-0.00034844169111113,-0.000337516425079074,0.000295244580711141,-0.000563958470501843,-0.000146639278974235,0.000363678230211119,-0.000817923184859636,0.000449624242606995,-0.000817399360047967,-0.00125707960146181,0.000431316890545202,-0.000583221133201234,-0.000964387588860974,-0.00271570673859267,-0.00304120080876504,-0.0201155373929975
"481.047",0,0,0,0,0,0.220419620666951,0.000172584277132205,-0.00014659587871165,0.00018914584708314,0.000365888057304643,0.000131278595188435,-0.000705714126012023,-3.17155860867402e-07,0.000151408775059078,0.000110362646027282,7.25474865773983e-05,-0.000171344699600329,0.000438444610803938,-0.00027001359345899,6.25866866035647e-05,-1.00203371759533e-05,-0.000385030895343103,0.000373912573487486,-6.778402431185e-05,0.000335246741150213,0.000279671200415285,0.000260370358610225,-3.08106011265575e-05,-7.85194426013028e-06,-5.27920632908796e-05,0.000103824114613744,0.000185711065771762,0.000255209313421197,0.000245363485858009,0.000508507769365128,9.14733919309642e-05,6.13304594135162e-05,0.000214355415095517,-4.96332843671465e-07,0.00011512960639045,-0.000370505415198427,-0.000146124942958094,0.000294239505288914,-0.000691385264142802,0.000733885479303931,-0.000428408208664534,0.00150590200494049,0.00205347058939677,0.000503284799967797,0.00123722485758236,-0.00100031338692875,0.00144412105071556,-0.00709292644336473
"485.688",0,0,0,0,0.00720331002215541,0.00305070226979076,8.37477715577776e-05,-0.000142654044410929,-0.000256832134765437,-2.81746238039473e-05,-0.000106587797145635,7.41456563266754e-05,-0.000655052514502971,-0.000167579853593222,-0.000243628230786066,9.39004574407329e-05,0.000219374205439186,-0.000801533486888484,-0.000384651367066656,-7.6248810135484e-05,-9.33955166097779e-05,0.000157273977292636,-0.000235237575142916,-0.000338184876093024,-0.000608322042393712,-0.000202400852503754,-9.21272051885968e-05,-0.000382487994159452,-0.0001221736471894,-0.000120729139501873,-7.6250130468662e-06,-0.000216199581469531,-0.00026343642208974,-0.000599275612336296,0.00033436527102259,-0.000293976532861035,-0.000203564752786528,0.000168273777834943,0.000157440388022333,-8.46078740915373e-05,-0.000416124308804193,-0.000413975822316442,-0.00103462868332361,-0.00116946005897048,-0.000161570817192593,-0.00141533089227736,0.000254868067125774,-0.00220912648228039,-0.00178339788398546,-0.0017104926923486,-0.00635028473644937,5.45000225144199e-05,-0.0147759249177274
"490.333",0,0,0,-0.00511347924654385,0.000708951732666753,0.000781336459048499,0.00031514127566183,0.000360002177739514,0.000184730613004932,5.66612112007793e-06,0.000219555358139513,0.00016360482288726,0.000202676065305017,0.000228294307623915,0.000495011678196842,0.000479006536183749,-0.00015539414694226,9.17006466080901e-05,0.000944945334969714,0.000386829519497353,0.000669537479615468,0.000701057403512661,0.000505952732517999,0.000439031109921909,0.000713097947142147,0.00032742567360706,0.000230406409032465,0.000114687032694731,0.000527082234650944,0.000679366806963535,0.000380622929371445,0.000290950175145042,-0.000294097298705551,0.000676998198739955,0.000478429703274933,0.000150946965284248,-0.000319250845502027,0.000356292152529588,0.000385067968265203,0.000801005620257667,0.000687083953789425,0.000499421547727384,0.000685856010173319,0.00090896620326826,-0.000395798231003859,-0.000257858693999879,0.00204864894947725,0.00169118335842808,0.00120380847876544,0.00376700160726595,0.00401236912055313,0.00241154387331527,0.00997588643846237
"494.979",0,0,-0.00720155363440966,0.000766836636708946,0.000404564490663167,0.000618332909926576,0.000137876551268897,0.000104120175238232,-2.89230636900697e-05,0.000428999288147848,0.000495514951820896,0.000334768246156023,0.000717678608066632,0.000593665238958513,0.000183931306415087,-0.000551664994843193,0.000177713787088984,0.000263730812778458,0.000392464189340396,0.000830540188296765,0.000911213208380565,0.000306824497424901,0.000531960526529467,0.000785354022560846,0.000376574690719091,0.000522074225172322,0.000322503925987391,0.000573752397239983,0.000534608550931487,0.000271570721927738,0.000582278208811238,0.000633869168888978,0.000127819054505855,0.000969043080136734,0.000924812933460751,0.00086445521176625,0.000389639315454053,0.000796655949525423,0.00124441586806169,0.00110668700005052,0.000641827859596752,0.000864801727952034,0.00134429311534909,0.00177117911954479,0.001544039203338,0.00291847423246821,0.000486120042267265,0.0025503394816105,0.00306676134768005,0.000972184543271352,0.00464987166048983,0.0066615945210321,0.0421137714694514
"499.629",0,-0.0064229532370802,-0.000200748289190509,0.000392743210833722,4.93571230885857e-05,0.000479334572911469,0.000107800029343298,0.000125186826060497,-5.78040103763844e-05,0.000134818297796996,-3.12566631935632e-05,6.639263563469e-05,0.000116260020921503,0.000392831348406779,-4.61911472035455e-05,-2.00626085219736e-05,-0.000203948532319519,0.000363516712074541,0.000586450166662213,-3.77363151476672e-05,0.000480998218150692,0.000130705156276068,-3.47154200451e-05,-2.54856985471479e-05,3.19336800566405e-05,6.98680200666467e-05,0.000183319149545683,0.000319766933417638,0.000121494571467661,0.000555601126519109,-6.68559183219281e-05,2.96977777569341e-05,0.000164778050972657,9.1843826103994e-05,0.000198056813408764,0.000208775582021017,0.000299436219159181,0.000121016557527531,-3.18412937433697e-07,0.000156917209956885,-0.000235260900757008,0.000763598345979314,0.000869521528435011,0.000245212268644553,0.000875226897370696,0.000405665541318847,0.00124841677977292,0.00107155396601789,0.00173849401041127,0.000221663883345148,-0.0027037961602791,-0.007275771623654,0.00120855384706951
"504.281",-0.00477958010158805,-0.00113353235154485,-0.000148084912364783,-0.000449980159848473,-0.000424463906082961,0.000337139059501182,0.000107888703878414,0.000241880616603098,0.000125863788467786,0.000146202740244555,1.2481842982127e-05,-1.49206534206631e-05,0.00016299054161966,6.40038733302709e-05,-1.82828057644358e-05,7.91133916426406e-05,0.000268894456820773,0.000356314625634993,2.66122356449002e-05,0.000442086131589809,0.000138955344913525,-1.32284739303551e-07,2.60717424111862e-05,9.26840431827332e-05,0.000255459261449926,-0.000124172056242964,-0.000145405259851022,-6.09248160978271e-05,0.000258708784666528,0.000195481052424694,0.000126326801553543,0.000364129767417181,0.000157472160025138,6.89736133912038e-05,-7.79011439335092e-06,0.000150556217049087,0.000123607264392842,-0.000177500225816987,-0.000482758501676752,0.000115186140205625,-0.000605649796652452,-0.000667447992587688,-5.36606054211506e-05,0.000337483692248144,8.9143874361327e-05,0.000448917307744347,0.00107007618807502,0.000919486156083521,-0.000734473569216956,0.00124506128744786,-0.0128054832407217,-0.00853680859069297,0.00234702908656959
"508.936",-0.000519125438005842,0.000181977216224504,-0.000147304039782024,-0.000244162010093405,0.000119560838730924,0.000225808987624867,-0.000126752526350202,0.000176193223890173,0.000202185794357981,0.000123077941195649,1.24023538636866e-05,0.000235807280742491,-0.000125243194308427,1.33466954518324e-05,-1.78960787325291e-05,-0.000126195759166782,7.3620650599724e-06,0.000411271722323347,0.000310103944668026,-0.00034612350099235,3.68977448315238e-05,7.80506942788106e-05,9.50776108721036e-05,0.000402023764349252,0.000325333883171907,0.000154488499285656,0.0002663368890187,0.000235070914744905,0.000279975291125788,0.000269128584848,4.44171069580372e-05,0.00011082468101917,-0.000141868472494655,9.14752109730682e-05,0.000221073988444874,8.33643385433814e-05,0.000263299832894425,0.000185804386245178,0.00079318702239419,-0.000126335945149512,0.000546842724715671,-0.000338075375029928,0.000932903817446332,-0.000488512029013716,5.33998665545718e-05,0.000255103174675764,0.000530575992498287,0.00109786202661088,0.000769753998198274,0.000729263489464421,-0.00286829975660469,-0.000624672533406208,-0.0230020372887134
"513.593",-0.000170773609235961,-1.89378642715304e-05,0.000172231944720467,0.000623347749948043,0.000426728659762721,0.000564217715506996,0.000407320078190987,-4.22909139834261e-06,0.000153189766896002,0.000166852366927569,0.000278095317276307,-0.00020620546824324,0.000426305298529734,-0.000402196580858053,0.000187749271792692,0.000165161035835168,0.000251399561919303,0.000272701503212729,0.000132105683767196,0.000437165959359504,-0.000146620117160978,0.000129442858378224,0.000515558278385042,0.000341306076650339,2.36688545474574e-05,0.000314782984781851,0.000174083188408372,0.000256353931367589,0.000263465168213189,-0.000148732533190299,4.40250601734008e-05,0.000308679976555713,0.000192976278822609,0.000151549344206098,0.00040049669367286,9.94027009821445e-05,0.000340127275093857,0.000369656791318048,1.02719070761324e-05,0.000155885187175526,0.000199729582901253,0.000227971471842891,0.000344360924751101,0.000106080693205949,-0.000265422672209105,0.000147758917298507,0.00201562368197759,0.000667597306804137,0.00118882654723525,-0.00565797624662767,0.00251820029090336,0.0113501744324441,0.00310633766875391
"518.252",0.000137723019147137,0.000833316210530602,0.000257075503072795,0.000161158228899791,0.000723939216576821,0.000548699541258586,0.000357044455958695,9.35375676957101e-05,0.000380875825587794,-5.53380299208782e-06,0.000375089309592643,0.000303879464398992,0.000299136645833904,0.000365365592350545,0.000434244103044328,0.00035841674016637,-6.07056953320264e-05,0.000391092248699106,2.62226669012161e-05,0.000555249013457395,5.30196626909982e-08,0.000103109822195343,0.000418982325792764,0.000612841088359004,3.9269373641825e-05,0.000435536183629106,0.000466798682303291,0.000435197915613057,0.000471760355428837,0.000140393818085688,0.000109653197396979,0.000475432198456163,1.47467616994739e-05,0.000384559539628271,0.00064878550088879,-9.04739257790416e-05,-0.000252034103079526,7.33820881520284e-05,0.000261100630750493,0.000289209372767441,0.000496800005937344,0.000740562612740771,0.00108089072807598,0.000316891125140414,0.000457481026784773,0.000883073743326108,0.00205488202991625,0.00150828410534287,0.003247586405977,0.0049553096064977,0.0034458510306542,0.00423710007269267,0.0259171584257687
"522.914",7.36641380917355e-05,0.000348374421158994,0.000366333786403963,0.00044850791942275,2.06829792263797e-05,0.000152291737303343,-0.00017740768414114,0.00017325271196423,0.000260361501402977,0.000335614302066946,-0.00017753967415969,0.000103456333349848,-0.000364005151103915,0.000442721894554058,-5.77908959094953e-05,-0.000100114307259056,0.000143244434067486,0.000515592938157466,-9.57686512662079e-05,0.000506017645547,9.95715500013776e-05,-0.000350450589951626,-9.35186218974875e-05,7.37619170229949e-05,-1.1729049715087e-07,5.30989678753896e-05,0.000127217930189112,-0.000447662104841255,-0.000178710135538202,0.000124934612193396,6.54360956948667e-05,8.71944585641044e-05,-2.2130612352184e-05,-0.000269894463076624,0.000388332425166809,0.000351498565400596,0.000137877129524575,0.000420332159155425,-0.000106196309675227,-0.000103028963017232,0.000548769014399368,0.000451060509062706,0.000248665393712987,-7.53604073768557e-05,1.70933992089193e-05,-0.000628773143492456,0.000146738333338481,0.000553803065238081,-0.000242113130952293,0.00205250198026891,9.69025624545355e-05,0.0065521772447012,0.0220116780209276
"527.579",0.000284551458792576,-0.000159951217406017,-0.000366333148405966,3.21259112635845e-05,-0.00020766248235187,-2.52769807969554e-05,-6.23053129755678e-05,0.000287272623025123,-4.25058636641596e-05,-7.14916834691614e-05,-0.000184019014985225,6.57131973488129e-05,7.29684532262661e-05,-0.00017147647040279,-0.000115282746597028,2.84499831804107e-05,-0.000120776506525997,2.37452877261947e-05,-3.47642491187286e-05,0.000229958717985598,-6.35038901851117e-05,-0.000281973259720161,-9.35135952408764e-05,-4.94103853750531e-05,0.00017959255674397,-0.000546843381670413,-0.000142292247345478,-7.60998682295118e-06,-0.00017862076008432,0.000169110083660591,9.4474686811975e-05,0.000123602217366863,-5.11917513721891e-05,-0.000179908100233396,-0.000310900527221046,-0.000106371760292332,-0.000345397224336267,8.23952777353694e-05,-3.85108342755194e-05,-0.00012361376439513,-1.09489128125604e-05,-0.000225549184887505,-0.00034154453921688,-0.000435352875054962,-0.000491002375867861,-4.35957319264769e-05,-0.0013507414563188,4.40705981644141e-06,-0.00164333467727223,-0.000493915898123559,-0.00594873433817793,-0.00015018070513665,0.00136262133218883
"532.245",-0.000400902866330427,5.65300479000953e-05,0.000579650671594304,4.99160267246194e-08,6.22958821496329e-05,0.000126950382655824,-4.79682031933112e-05,-7.60613080648982e-05,0.000317410957868848,0.000170721829509994,8.465613738547e-05,0.000162214621570164,-6.16870326154975e-05,0.000244842822120279,0.000252154239132879,0.000520963205685082,4.53677574230437e-05,0.000452473008414997,0.000183080554427476,-0.000220879990298651,0.000136071153011628,8.55878285884023e-05,0.000204087036274061,0.000650869146886536,0.000289055726148343,-0.000159645531682105,0.000194711364623104,0.000208994408466077,0.000238300710372533,0.000257595857097913,1.44848423317645e-05,6.54864414945377e-05,-0.00014686045634123,0.000232517776941736,0.000240914263021648,0.000187996906785042,-0.000189755431302738,0.000164546930261997,-0.000722689854069385,0.000442220601921423,0.000373370481036698,0.000178141367601363,-0.00044667689507256,0.000360371348632891,0.00169739015978297,0.000793681091995142,0.00220280567127595,0.000479112359794642,0.000426598258470218,0.00194446442021583,0.00522022412595551,0.00687802860888446,0.00209028192775916
"536.915",0.000627620985863317,0.000218454555656891,0.000343824354315006,0.000468662662873074,-0.000237429908692903,0.000262318189227756,0.000232289863494156,9.80669554632146e-05,6.08613801556489e-07,6.67903985307446e-05,0.000486331999393049,0.000473958100281135,0.000214737596265143,-0.000142333804227891,0.000733883938694358,0.000237535697967976,0.000106485716241896,0.000424261792362178,-0.000158143745183519,0.000390012942564402,8.2483009551253e-05,5.16690219451796e-05,0.00017151659991864,0.00017446235873788,0.000480358482384941,0.000291252237581294,1.51661708199429e-05,0.000414044872341449,0.00055587679121274,-2.21590402855779e-05,0.000124925539834118,0.000205374309187249,0.000118675760726339,0.000400891889494813,0.000109706238802876,0.000206550056480831,0.000365930553759322,-0.000258570303456763,0.00104013246527858,-0.000135133256019866,0.00089687435941662,0.000179655762587975,0.00017169446383342,4.50471051484439e-05,0.00144616762923433,0.000441534367475493,0.000686178505459392,-0.0054687131390985,0.00206318469594306,0.00111396694691681,-0.00216263954441332,0.00505771619668828,0.0113169588213861
"541.586",-0.000140036602134708,6.72892562983106e-05,4.34433215124039e-05,0.000424968096555966,-2.82616817596832e-05,-7.1091973620981e-05,4.40796933136487e-05,-2.12960616523361e-05,-0.000176983229100263,-7.83547109682523e-05,-0.000605634725096935,0.000236197641021416,-0.000194228416937403,-9.8600780405758e-05,9.54931613370337e-05,0.000494817752279255,0.000307732935125859,0.000372550122892395,-0.000196029657702607,0.000197025931020872,-0.000360940914768231,-7.86211380663706e-05,0.000216823794338427,0.00033616148328532,-0.000175297359562394,0.00041854837492483,0.000244360408540436,-0.000274238050939257,-0.000106431089386561,4.4892554459532e-05,0.000192912451474604,-0.000141030498590647,8.98284893105531e-05,0.0003824434456916,-0.000682104816986804,-5.0534051944954e-05,-7.93745809065661e-05,-0.000410679079281334,-0.000374006698278996,0.000209302115069507,0.000873544420607395,-1.21599682755751e-05,0.000708205601182158,-0.000199704064531882,5.17052434029835e-05,5.67579855587988e-05,0.00133730880949359,0.00235471077892885,-0.000848851652191699,-0.000956447989764551,-0.00148954373420294,0.00925756987911801,-0.0195228813856763
"546.26",3.23084186699843e-05,3.8729232848714e-05,-8.75037496146086e-05,-0.000164428423428786,0.000248706934938365,-0.000143214902863691,0.000172471523010721,0.000339135696958739,0.000265259600521373,3.4081174493549e-05,8.7757981755408e-05,0.000111466884250384,-7.83571785964079e-05,0.000251436396452968,-0.000140617042839265,0.000300215900367181,8.50713183816592e-05,-4.06305406160128e-05,-8.06296630611343e-05,-0.000236445213269697,0.000279302850220499,0.000227768874053023,0.000174561924380021,0.000168673224374407,7.20669319565905e-05,-0.000257518251246618,0.000392068255520106,-0.000168590303242213,6.87732481236276e-05,0.000181204067310114,-0.000157219851444927,0.000126784836252435,0.000195790571942478,0.000431087847194692,7.69289293914196e-06,0.000285438698097165,0.00010587865697048,0.000271397548115356,0.000148166103827255,-0.000106286339033402,0.000101476002056718,-0.000378226627907921,0.000159848767580427,-0.000756298051954819,-0.000523108209651039,0.000928169164985615,0.00166723844052791,0.000751779739623998,0.0020984282056645,0.000490290714642758,-0.00341900744353584,0.00322273512230223,0.00751785651560252
"550.936",-0.000109107690670922,-0.000155832208657697,-0.000123422481456255,-0.000248585052160446,0.000157540691673858,-0.000347648479361543,5.25363195833265e-06,0.000141382198080739,-0.000300710368780778,-0.000500870481211503,-6.37854661057768e-06,-7.52061359939822e-05,-0.000204603663229875,-0.000353497650993469,0.000104335909355565,-3.69185799971497e-05,-7.0350691479262e-05,8.23054754493331e-05,0.000108330075475123,-0.000114291765296796,9.44657978328836e-06,-0.000371159237781846,-0.00027265906810516,-7.69006862130752e-05,3.20845057467435e-05,0.000172944827526124,-0.000232322264797564,-0.000185161327605015,0.000207987853472966,-0.000136994884061359,-0.000112881968360384,-0.000202974887091899,-0.000357209690944666,1.54815411860844e-05,-4.02013488994488e-05,-2.55693674273708e-05,-0.000250145747851688,-0.000444587742991296,0.000218948955743581,-9.55903702850768e-05,-2.26923235149938e-05,-0.000675824936004307,-0.000489886455190547,0.000263196088244371,-0.000530472818819034,0.00130169406545436,-0.00114621912417649,0.0013036318803666,-0.00113499727414668,-0.000261568243957675,-0.0037689518998845,-0.00870521838232545,0.00398388027014493
"555.615",-1.08766498887895e-05,-9.75786728559327e-06,0.000308976902541289,0.000182542774636247,0.000215134984676589,9.22714901273777e-05,6.70502447304606e-07,-0.000173049712252429,0.000383968615449044,0.000285053188075989,5.06411528722491e-05,0.000195457083454974,-0.000134065728757165,-0.000269158830163944,0.00017907872644994,0.000273460692026772,-0.000195375298258364,-6.59508029384549e-05,-0.000108317548966617,-5.72218632114282e-05,0.000394492079349728,-0.000292270373972202,0.00034352736346263,0.000178878384924833,0.000331776294033576,-0.000173211408646464,-0.000442124149162963,0.000208743345866167,4.62925692633978e-05,0.00031247727460554,-9.80651908384669e-05,-4.51664916305552e-05,0.00027400075354219,0.000341809130007352,7.9280849605297e-06,0.000279691929396424,-0.000223466836819187,0.000398224626989857,-0.000119650621980844,0.000180496565937503,0.000545912014029143,0.000245875059680999,0.000268892513644245,-0.000125315708743362,0.00143670696042691,-0.00219943931518563,-0.000337320524927822,0.00257669264663411,0.00180346190692503,0.00224506510173307,-0.000266815283355412,-0.0045223252224084,0.0035842707047615
"560.296",0.000252287970808549,3.91876530660292e-05,7.97928332293947e-05,8.41207566727709e-06,0.000410413964554833,0.000278095866130798,0.000185707269392333,0.000102608365469815,-8.81899859346029e-05,0.000240473171655182,-0.000210008002507572,-3.02946632167425e-05,-2.38405869390539e-05,0.000123622133601526,0.000831861640598657,0.000490052563406082,-0.000266859258965386,-4.96434045974926e-05,-0.000244885786969809,-0.000181969658668634,6.59921419832425e-05,1.76694966115674e-05,0.000221123552575037,0.000299556807252651,8.11668547633933e-05,-5.52725378279678e-05,0.000295942921922038,0.000240706332763002,0.00021689458460673,0.000168374566082947,0.00049969611898578,7.56361884374059e-06,0.000335903061587919,0.000397811568683119,0.000137368901336899,-0.000179293991405146,0.000224515072686938,0.000361293704440077,-0.000241217247152281,0.000502111723747756,-0.000114136604742781,-0.000519737262792895,0.000733549407457111,-0.000705337909037035,-0.000732358033585553,0.00314207039445177,0.000385062186673327,-0.000808581098521626,7.90805875055482e-05,-0.000719108426710705,0.00245722774087187,0.00211102973158958,0.00915919667104343
"564.979",-0.000376436143736858,5.9277140927718e-05,-0.000134195081097449,-0.000596928663918719,-0.000254556456377543,-0.000470958406442198,7.14404320117231e-05,-0.000185729312925431,-0.000109206798075353,-0.000283082443055006,-0.000500756509857433,-0.000266772766617828,-7.19295946808197e-05,-0.000615868679422438,-0.000378143176576042,-0.000329317754787149,0.000198051389110877,-0.000324799437084936,0.000256125881959762,-0.00093724242553057,-0.000247515117581771,-0.000340900573886983,-8.92533698953767e-05,-4.31152029599453e-05,-8.07242967028981e-06,-0.000446801195957874,-0.000219950603615535,0.000101857569599574,9.434551131318e-08,5.41028305056416e-05,-0.0003591565122102,-0.000267148638465514,-0.000423817879808025,-0.000157412211230027,-0.000301838765346666,6.0320745542467e-05,-0.00056208747578535,-0.000412726640294495,-0.000364207559215886,-0.000302331868990042,-0.000230396253401142,-0.000636595391246044,-0.000264651512385051,-0.000754613571079345,-0.00123361846918063,-0.000652835804126763,-0.00105115004010438,-0.00219991321215828,-0.000634722801061976,-0.00198534147496349,-0.00345516852205724,0.000490398527816911,-0.0177437677655539
"569.664",-0.000513076695781425,-6.96987708540753e-05,0.000387507642348278,-0.000575732596479671,8.00211439808173e-05,5.57991826026505e-05,7.65894974278872e-05,0.000143125213526506,1.50848891336588e-05,-4.65554434804725e-05,0.000213421294042557,-9.98691551076635e-05,-0.000225282086580825,-1.57124421761853e-05,4.56809550351693e-05,0.000196228036361835,5.58221274576055e-05,0.000117507569399454,0.000359347731127569,0.000330825058642767,-0.000153447682348777,-0.000361578396326438,0.000107902044973155,-0.000104459598781321,4.11357561915631e-05,-0.000168707329743365,7.91639973047326e-05,-3.16003038205324e-05,0.000464561954332756,0.000163288362245668,-1.53905262274123e-05,7.6854437708984e-05,-6.21858456953471e-05,-0.000729524174879589,-0.000213786038087423,-0.000458922535412947,-0.000219091622440115,-0.000222422646274196,-0.000194485743597933,-0.000337138612255621,0.000290381440388351,-0.000327582642619347,0.000326950163269836,-0.00144648863703797,0.000290724025875072,0.00057302783446321,0.000367452135896784,-0.000505042766141676,-0.00139878397091391,-0.00428428979836847,-0.00332285242381916,0.00131919382982474,-0.0166436106711741
"574.351",-0.000348776147443161,-0.000522215782037449,-0.000227255791890271,-0.000229879346238154,-0.000414295787486279,-0.000627641855306743,-0.00034265296671854,-0.000486632130150228,-0.000429103765027793,-0.000193687763399795,-0.000528316740421999,-0.000371437631799893,-0.000381476412249937,-0.000475131929288225,-0.000245847670450315,-0.00031209513856894,-0.000506943674399413,-0.00033842919690912,-0.000529836973091874,-0.000628164007142344,-0.000676921100452412,-0.000437464557033809,-0.000480621546606086,-0.000412842641612847,-0.000858217835161677,-0.000494256500826106,-0.000359396881596977,-0.000612756395029194,-0.000278030416354794,-0.000368933470495115,-0.000924087760105636,-0.000139585531236846,-0.000384032159025369,-0.000167982382215864,-0.000671580706224142,-0.000261982997868288,-0.000147498886639939,-0.00026340912919237,-0.000534659961980388,-0.000515424737406014,-0.000327660017796174,-0.00114094216987915,-0.0015356536309392,-0.00282902262681584,-0.00168124033346715,-0.000424951266702972,-0.00162660712610895,-0.00264838422766927,-0.00153117500681307,-0.00322183739878551,-0.00582317232196517,-0.0126436128002724,-0.0102521034621435
"579.04",5.6684299503477e-05,5.07432577813072e-05,-0.000587064779945148,0.000173782476667231,-1.57506494792691e-05,-0.000149477811322634,0.000196263857981363,-4.08357428270087e-05,9.32379086855369e-08,-5.9158292826412e-06,0.000151345966163984,7.80282597040822e-05,-0.000286615811211416,0.000127591091523276,-0.000317981949839158,-0.000176861392042248,0.000113505282402693,-0.000350552551426297,0.000440411260684713,-0.000247805975064587,-0.000712588667941994,-0.000101371915190509,-0.000219624063230174,4.39226967758477e-05,8.0675036848446e-06,-0.0004662615686724,-0.000338670829653373,4.79641808508036e-05,0.000160129303268098,-0.000150671743053985,-1.57758485524675e-05,1.52423442544079e-05,4.69516150760585e-05,-7.2671263892599e-05,-0.000351720224204252,0.000325189869014767,-0.000149033076837177,0.000353614940373343,-0.000374331904703098,0.000241658077411989,-0.000106004593065076,-0.00133099342411583,-0.00117654901531446,-0.000367924948229126,0.00122187420192725,0.000809132687155986,0.000292614173596877,-0.000249230864435564,0.000939156116166535,0.00141507806397999,0.000273630957020746,-0.00285048928355042,-0.00284462421883862
"583.732",0.00068539564244993,0.000316234446433224,4.59560851449798e-05,0.000149001854663329,0.000786790672176467,0.000522205852307836,0.00031695338452134,0.000338668037550071,0.000102512980641426,0.000590054848480114,5.96217088656121e-05,0.000400997047549139,0.000469801610336077,0.000442581237383599,6.23962798474781e-05,0.00111292102334319,0.000424951219634581,0.00030106422614337,0.00034922233529711,0.000289174058268565,0.000638471645604806,0.000573949627566364,0.000349943533256494,0.00101762215313934,0.000626100328846726,-9.0361231481097e-05,0.000697590258326214,0.000323447058494837,0.000548552518072129,0.000717237612647558,0.000457564088656933,0.00059874637696337,0.000564780818989754,0.000982692931108821,0.000303334497471401,0.000479046749292234,0.000131370075385454,0.000554538077900733,0.000908018626646991,0.0010446022255097,0.000689791176044641,-0.0043971491077382,-0.00153450021560217,0.000267376975745866,0.00166802543220831,0.00138152757987143,0.00302536065400652,0.000466789043541894,0.00291134359074813,0.00374132831141546,0.00394425869891305,0.0163840357710342,0.0236572345843608
"588.426",-0.000218255572917753,-0.000358424280180152,0.000760396906021944,-0.000487010067749409,-7.68839071724138e-06,7.60710890688423e-05,0.000214181067967769,-0.000183968073915416,0.000195852155694501,7.18917775206331e-05,-9.98909633251864e-05,0.000371230494922967,0.000322993306197016,0.000412029068773678,0.00013332810887095,-7.77463557043455e-05,-4.11354485771916e-05,0.000198550885310156,0.000151602801277676,0.000150263641178716,0.000118393497658898,0.000353344629172683,0.000425768077355545,0.000125212863498039,0.000603552038563242,8.26644791351266e-06,0.000464630139219525,0.000316678932346918,-0.000218919075388025,3.18797124220355e-05,-9.56443062211041e-05,-8.05802659046789e-06,9.58772608029917e-05,0.000334651715805094,0.000228316121965204,0.000231135777600955,0.000225453679757539,-0.0001793594362691,0.000302991112598017,0.000422875891446968,-0.000322297763150651,-0.0063413699220642,-0.000230953266934605,-6.65937789493705e-05,0.000990073920377198,0.000158622550485168,0.000235738425561202,0.000177652748417179,-0.00115296597166098,0.00359241572038027,0.000451056853026961,-0.00509179766053577,-0.00123667770823707
"593.121",-0.000265816159921005,-0.00057632931528669,-0.000158821357070401,-0.000306276210979795,-0.000409059139412731,6.94684564661289e-05,-3.14704515306321e-05,-0.000147919889564856,1.55254340829891e-05,-1.80602951787872e-05,-0.000247581843067461,-0.000484390797846599,-0.000424589197461608,-8.94597374187706e-05,-0.000118221583755288,-0.00024217062476125,-0.000107412756006368,-0.000434140830120344,0.000181334605639569,-8.06708823259134e-05,-0.000307409992195991,-0.000215114828888143,-0.000623273938715811,-5.41815498360259e-05,-2.75049072466224e-08,-0.000365691745319038,-0.000196750961892137,-0.00042445950640634,-0.000171118978571227,1.6045749113223e-05,-0.000254910847248961,-0.000183138961204843,-2.41761338490303e-05,-0.000590717903682603,-0.000536158238716735,-0.000340599551284053,-0.000472744923345572,-0.000170878151693002,-0.000423775186027186,0.000199749419976834,-0.000634581212917379,-0.00493257824769983,0.000379224074042971,-0.000296294188909623,-0.00057553967300409,-0.00128324621611188,-0.00154707629180479,-0.000709866506692126,-0.00223561991677635,-0.00200253785014922,-0.00352891842963312,0.00648628608366497,-0.00709361608264464
"597.819",0.000579579128351281,0.000477389280451714,-0.000150274287395826,-0.000405365255927431,2.28205512738483e-05,0.000237390399188455,-0.000116165627839226,4.652673432851e-05,0.000171964703575392,-0.000109027970931045,0.000390423512926699,0.000591216267634249,-0.000259650042959092,0.000253465565687733,5.5486150781799e-05,-0.000172850681142043,-0.000182628011349206,9.60471933802779e-05,0.000393136210064336,2.95619112664275e-08,0.00011979870098472,-0.000150422294949839,-6.55189645233754e-05,-0.000598260401475323,-0.000171882713942721,0.000209087759684586,-8.24819860343206e-05,-0.000230091915690782,0.000139322140997144,-0.000380571136218958,-0.000352866883028543,-7.20349443727356e-05,-0.000315142502598761,0.000140327972587247,0.00037659650695666,-0.000405696246123752,2.80884429016368e-05,8.97228753533535e-05,-1.27706228135337e-05,-3.7551914440112e-05,-0.000875072423962314,-0.00287332251279079,0.000255312658263015,0.000627630760133594,-0.000289845573590202,-0.000347794817453152,-0.000655359477333146,-0.000621532361613884,-0.00141610645387841,0.00247926337692824,0.0054683442522001,-0.00618201513285155,0.0076278435341711
"602.519",-0.000434255689282381,-4.12396346388868e-05,1.88345450886542e-05,9.02068176398315e-06,0.000284078865129865,-4.2134466858547e-05,4.26015551604948e-05,-2.341702198832e-05,0.000152323926544776,-6.10293096698958e-06,0.000339162230117922,-5.64412912902686e-05,-0.000548836588647924,-0.000123745302399103,0.000367528054657155,-8.02128572854514e-06,0.000100360364257494,-0.000326151782703324,-0.000193532020651114,0.000152947870109586,0.000140462419849931,7.56409202891049e-05,9.37973017455787e-06,0.000474478670177108,-0.00014771595654166,9.26270604641005e-05,0.000107875540239198,-5.81433552748818e-05,0.000173317655972191,0.000391533775554063,0.000104678421663872,6.44215474106034e-05,-2.46422403054929e-05,-0.000274569090939834,0.000111833655823413,9.93857517641942e-05,-0.000412115483401962,0.000140221845879787,0.000263672625208735,0.000304723177537471,-0.00159560170618003,0.000274472190085438,-0.000351781143894661,-5.28160183256706e-07,0.000367875881271594,-0.000168236817968726,-0.00182193135141443,0.000301468809706038,-0.000503592250134067,-0.000984378646222858,-0.00255907083999958,-0.002764308406054,0.0030122303387697
"607.221",-0.00109901164353513,-0.000495160208022159,-0.000314802460471721,-0.000905547177451244,-0.000108461868612721,-0.00059645161331927,-0.000182591169703261,-4.25892324488338e-05,2.65034282503675e-05,0.000258709522172266,-0.000479195882999507,-0.000446732270031587,-0.000195834489042213,-0.00042390176052155,-0.000774048053333145,-7.87476064987512e-06,-0.000337735184340122,-0.000239923072186401,-0.00014605513038038,-0.000442942667101632,-0.00100458797105793,-0.000525957826178991,-4.75610153988917e-05,-0.000184131603628845,-0.000183346014634369,-0.000663300409667273,-0.000368708944258883,-0.000609649524522536,-0.000533412840406192,-0.000461068644908511,-0.000660149921847113,7.11239761838178e-08,-0.000772810559373068,-0.000587530932851464,-0.000478328666448726,-0.000329530833199128,-7.76598400160395e-05,-3.2687472754123e-05,-0.00016429105524076,-0.00111646783131342,-0.00195553579922009,-0.000999331742380459,0.000116482078717354,-0.00126082030603658,-0.000706610523135968,-0.00183607912846283,0.000211420767766169,-0.00217880345855947,-0.0036851788453154,-0.00673890496202101,-0.00222603006001434,-0.00453889545367579,-0.0133575786276244
"611.924",0.000201847358779391,-0.000787350199929961,0.000105917838557147,0.000190139668981733,-4.69713210285152e-05,0.000250924240835958,-0.000119262255336687,-0.00028652021864215,-0.000122990614756028,0.000124382490428235,-0.000214256566293735,-0.00030358317192652,-0.000335362882003817,9.21772619132821e-05,-0.000537317668288276,0.000225718422770936,-0.000221663628730702,0.000233238673160924,-0.000226395135705103,-0.000395157971376327,-0.000450948720833802,-2.9310620031881e-05,-0.000307488048251956,-0.000418910289971372,0.000220653166471736,0.000120139529099384,1.68625990810636e-05,-8.4121353369006e-06,4.21231914353342e-05,0.000191118202146708,-6.71989020939576e-08,0.000114923092312948,-0.000133226366263501,-0.0001610365685937,-0.000193399351259513,-0.000370259121041874,-0.000303631520172276,-0.000125997091983668,-8.74741092540751e-05,-0.000477569162979308,-0.0012604067708459,-0.00102068871801493,-0.000268416210319861,0.000220338676148112,0.000530853938989214,-0.00150052606272524,-0.00164204132561685,-0.00101480472739363,-0.00329298689808498,0.000178523601358557,-0.00139907555224454,0.000707937625113128,-0.0251723795097672
"616.63",-0.000313667900199596,8.61236458511389e-05,-0.000165562264072444,0.000100701122420323,-6.3287998834501e-05,-0.000318906732370589,-5.06590805190847e-09,0.000135199738932427,0.000210949786899295,0.000182364816834322,0.00024457658708927,-4.97111053646891e-05,-0.000365024503140105,0.000246133324606806,8.2305412424339e-05,0.000603207802041658,-5.17821098555911e-05,-3.64474872667859e-05,0.000218870639301102,0.000830796769117383,0.000269287241007696,0.000576095079082316,0.000631503258175775,0.000254053637517048,0.000116026433895328,0.000104145362725573,0.000179687827456995,0.000281297571329684,-0.000229809078008519,0.000201777171833452,0.000233002143120416,-0.000116455599629822,4.16447267181156e-05,0.000265584941500132,0.000195297134790807,-0.000412059734499075,0.00040359864762908,-0.000284479465353303,-0.000614133727819488,-0.00116951928242291,-0.000187214755050062,-6.84003947145613e-05,0.000283244895229562,0.00150944258358675,0.00087393780281011,0.0018090605071736,-0.00068646622838839,0.00054781302133952,-0.000821613092418172,0.00101689838150324,0.00851781236180978,-0.000177671484385236,0.00962537795732695
"621.338",0.000279241307234424,0.000813297897706304,7.84941842646214e-05,0.00018448646378319,0.000589963928349566,-2.92476128712697e-05,0.000331503529623533,0.000102170500646182,-5.44161790904135e-06,5.07019665428379e-05,0.000366242053166191,0.00015881608544241,0.000122711140785349,0.000256482753291992,0.000447974249863068,0.000172509814527941,0.000321567395425946,0.000392878215412071,1.97960613950671e-05,0.000763224552675432,0.000375832406634228,0.000383834930872042,-0.000137078160541501,0.000370015778293679,9.8868322557806e-05,0.000262582339592203,0.000457038166477426,-9.4646716761336e-05,0.000497551990607452,8.46869934203706e-05,0.000368758351224624,0.000846003186542911,2.50918081111513e-05,0.00030221774120783,3.56084823856658e-05,0.000357347779490273,-0.000220291949015596,5.61808974018406e-05,-0.000392938154289722,0.000126084583782902,2.54551004789537e-05,8.18124002737402e-05,0.000422100271752893,0.00178023292426297,-0.000109600701860293,0.00112852738670412,0.000861712615847819,0.00134526634014141,0.00104600328558491,-0.000422938643436913,-0.00180771853882226,-0.000718938794855008,0.0251835240000906
"626.047",-0.000625511134768885,0.000602173217086462,-7.9273866416958e-05,0.000139756939929634,-0.000104719055403747,0.0001180068792332,0.00013388366245218,-4.42029501282956e-05,-0.000170585527827729,3.83968586488885e-05,-0.000149334906297302,0.000109799815719444,0.000875856089065441,0.000293324447681356,-1.73371363036798e-08,0.000290391577482873,0.000306899093564168,0.000156866211142179,-8.11259091570053e-05,0.0011021448151665,0.000548041986914769,-3.95751956877505e-05,0.000365794574984181,0.000928646307297033,-0.000163448086365944,-0.000229747162071108,9.57081691558402e-05,-0.000156340163728437,-8.66158170308884e-05,-0.000111308860977339,0.000456812223871508,0.000109664761290965,-6.0021012236493e-05,0.000148204378840583,-1.83909763498844e-05,0.000284142795534402,2.80166504405884e-05,9.1170639521701e-05,-0.00192440354763894,0.000371278465379047,0.000370288150456685,0.000883553927311154,-1.40170695748587e-06,0.00022508973642433,-0.000945454766134389,-0.000317684639861541,0.00269821446062416,0.00160210108863479,0.00180424554158823,0.00255976343601258,-0.00144090180258509,0.000726207903388549,0.000478291788739302
"630.758",-0.000966809882493253,-0.000730350245117208,-0.000651002419251907,-0.00129905228897093,-0.000984400941927013,-0.000268327558845052,-0.000225522001341013,-0.000342665772559202,-0.000539594515743767,-0.000679075559695383,-0.000603721272963645,-0.0010406460581793,-0.00084047928617433,-0.000462484315606705,-0.000643410719743282,-0.000712812244430201,-0.000806693629812232,-0.00110056781077848,-0.000338081787890982,-2.16531451762853e-05,-0.00121475629994831,-0.000823501297823514,-0.000589547363872859,-0.00100675931297374,-0.000275218521285973,-0.000866159076647235,-0.000844959731638854,-0.000552322546892095,-0.000840027634315974,-0.00041492871888378,-0.00107793878044886,-0.000375945201540577,-0.000750736158075092,-0.000572853760717261,-0.000594079287495999,-0.00100172765467386,-0.000165767468453111,-0.00185190630512892,-0.00194120270903765,-0.00149900280418413,-0.00138031455792993,-0.00125667004767093,-0.00168083711246267,-0.000903201570004395,-0.00130191344938328,-0.00253300761736454,-0.000704679742353724,-0.00330831141877767,-0.00453637845984615,-0.00282793506425769,-0.0102141326744653,-0.014481062322039,-0.0171673923280375
"635.471",-0.00022492147931283,-0.000613229623190943,-0.00044407060087705,-0.000417304517222568,-0.000131214885093596,-0.000195261759028235,-0.000306753481980978,-0.000355256086498463,-0.000341947803688043,5.86577018000609e-05,0.000166550318178265,-0.000455647100225556,-0.000522578571534765,-0.000316704602956997,-0.000409543785606401,-0.000701600886366236,-0.000491558946040724,-0.000808373850932926,-0.000381853512066944,-0.000697725234947435,-0.000558496624906801,-0.000414882165219766,-0.000755217349258575,-8.82163730370975e-05,-0.000185050598388162,-0.000710921235669407,-0.000629813400096336,-0.000574523264540733,-0.000255865193833888,-0.00056650854169518,-0.000577862187236839,-0.000568550831230033,-9.57263108525205e-05,-0.0006927112921529,-0.000433490420710771,-0.00018598701386511,-0.000520180350060257,-0.00141168469731429,-0.000482912954309508,-0.000233050977313378,-0.000506891670071767,-0.00090062257399178,-0.000718436424855805,-0.00181796531329323,-0.00101868693623277,-0.00151208706235941,-0.00047414443312879,-0.00280166065593766,-0.00129959750533763,-0.00520464022798391,-0.00606784207359812,-0.00572178744151551,-0.0181941724230856
"640.186",0.000550560541641204,0.000849063468208128,-5.05631298808223e-05,0.000256602356393205,-0.000197125245048902,0.000331077332761491,-0.000221991672554103,8.02304762700966e-05,-0.000123581432640002,0.000346044332208061,-1.45222657557005e-05,0.000275665303532834,-0.000433339316692257,-0.000228976579631728,-0.000410260520461056,0.000177772234383521,3.5775629845677e-05,-0.00015067204475343,3.10219976033476e-05,-2.17381377320634e-05,-0.000268979084894774,-0.00017256771494613,-0.000100887178153901,-1.93549729896696e-05,0.000167120468857952,-6.30623316788085e-05,8.89220763584556e-05,-0.000726040403906522,-0.000229728782582925,0.000488676682255354,-0.000336922044444774,0.000336569830305384,-5.24172950217412e-05,0.000151200866467077,-0.000111602199023936,-0.000109142045723283,-0.000751522058079476,-0.00116025968023215,-0.000493623184416161,-0.000366942645185638,9.12203315123183e-05,-0.00036667105921464,-0.000801054135268533,-0.000288246946371851,0.00118318566705265,0.000421927433649185,8.91405880377086e-05,-0.000283953319547358,0.000628706958046208,0.00186438549237781,-0.00353442690120851,-0.00185402502860604,0.0091117245378998
"644.903",-0.000493587544079419,-0.000214648344937276,0.000306785190563967,-0.000173042118112784,-7.47728353038415e-05,0.000167426966811312,-7.48513562253856e-05,0.000147039333843148,5.68424095446209e-05,0.000462271238779648,0.000293565249458384,-8.70642484062576e-05,0.000237468328342339,-0.000249508792566274,-6.91610326998846e-05,0.000179822052382012,-0.000244413794740784,-0.000219021532681051,-0.000177659517871799,-0.000320340903383593,-0.00053313970696828,5.11577546372751e-05,8.16181946453861e-05,7.882652016475e-05,8.42133378669314e-05,-0.000228000362570076,0.000404406986876032,1.7754700189054e-05,0.000160730106310006,0.00073291406170419,9.61838470603071e-05,-0.000270492608991798,-0.000140902434461474,-2.71026964198053e-05,0.000176142483124134,0.000486695394141002,-0.000326950822785943,-0.000695080184771732,-0.000417004298350904,0.000221303161763874,0.000131872349019338,9.92218898417387e-05,-0.000216343428636488,-1.82227468108372e-06,0.000608786969733854,2.48616567544469e-05,-0.000539200939830594,0.000647448315271369,-0.000635747249081404,0.00314034447665014,-0.00228325652425245,0.000749399673253444,0.0317816168905047
"649.621",0.000847066702036668,0.00106574017324253,0.000456338339983431,0.000331463820852104,0.00029484713475291,0.000617544381804823,0.00030360040569282,0.000354842425808719,0.000103693472034204,0.00034826329888914,0.000171169505532092,0.000582974492378158,0.000166642704949821,0.000442784933492655,0.000517219646665675,0.000329892389839268,0.000504885275588885,0.000106142610711386,0.000593633285394018,0.000604724922371354,0.00056254899321554,-7.31907615887931e-05,0.000424259737148779,0.000380633109763741,0.00071279606471974,0.000480773407599575,0.000410093415074645,-4.54448420238193e-05,0.000335315283640984,0.000447483153028064,0.000150424424259078,0.000362846443469099,7.98391025729977e-05,0.00104928679143821,0.000377283904665425,0.000281367469558133,0.000645084617589498,0.00111076557085782,0.000842523896905933,0.000699253113117802,0.000387613876528933,0.000157236387338746,-0.00033118360456922,0.00098621564099092,0.00136288975460345,-0.000636742539676212,0.00100154498646377,0.00134937697403031,0.00175017785335725,0.00299517770867872,0.00614685897751421,0.0142390483887342,0.0238279878796148
"654.341",-0.000716876938488542,-0.00115203355473765,-1.05551290793685e-05,-0.000643421592700532,-0.000222453720648923,-2.35184073006637e-05,-0.00026679626277848,-0.000245459937367104,-0.000152105523643971,-0.000469291703079132,5.29126856445974e-05,-4.48492211178572e-05,-0.000601847241038644,-0.000284449332431546,-0.000418487949263049,-1.77140894744058e-05,-0.000279663479851254,-0.000578588467043266,-0.000484490217061491,-0.000545990532421637,-0.000762085206248891,-0.000749849064333641,-0.000147128404778085,0.00538111581807587,-2.88518888207084e-05,-0.000291075822645269,-0.000259291546801663,-0.000728710078402974,8.11661363588762e-08,-0.00048201876677564,-0.000215781010929014,8.09206427844867e-05,-0.000272931802169337,-0.000500597653822389,-0.00021830080213992,-0.000821095221840991,-0.00051383768792179,-0.000611375119045111,-0.000620502412077191,-0.000369811944975092,-0.000461143446495898,-0.000692872718635579,-0.000169963734794245,-0.00102102857652612,-0.00153634139592467,-0.000672791519316694,-0.00049400314680923,-0.00129554867333982,-0.000374108608646096,-0.00057934335392062,-0.00593218590410288,-0.0127196655248355,-0.0223091439023819
"659.063",-0.000683470057450322,-0.00112657895067144,-0.000605401773351581,-0.000499165326588622,-0.000733375426137045,-0.000545444997260271,-0.000227207868655419,-0.000273838252828786,-0.000159287414788899,-0.00023318409009703,-0.000205811930989035,-0.000325777681135089,-0.000426630704679501,-0.00104615042014496,-0.000763147350527258,-0.000880288460487202,-0.000968466099998456,-0.000761603217458709,-0.00111844755382092,-0.00110118955833695,-0.000926644268010382,-0.000319468506878467,-0.00143057831193103,-0.000246499472003889,-0.000476694892500123,-0.000482916988923237,-0.000886723352987883,-0.000744040880577912,-0.000129964566259573,-0.000614412713269163,-0.000426436142195236,-0.000779703872343469,-0.000421921990507231,-0.000757162346191276,-0.000787798826665582,-0.00157814143251934,-0.000162860192492149,-0.000319304848991569,-0.000576910296330144,-0.000538610661049743,-0.000629091926162938,-0.000832570796400687,-0.00131100894720699,-0.00189035580109034,-0.00117854117101989,-0.000730092396976215,-0.00230233911683093,-0.00265011445935012,-0.00405608901646036,-0.00821878503165533,-0.0104134966019906,-0.00349778277526435,-0.0253571057552536
"663.787",-6.66617249497569e-05,-0.000154761441100026,-0.000452414014518527,0.000202463374773211,-0.000227497979985791,-0.000352792663785032,-0.000115213632597472,0.000101476190284043,-0.000562436930539578,-0.000139120728672339,2.31859028770323e-05,-0.000229392755129753,0.000230678922786147,-9.36550463989669e-05,-0.000746648448871381,-0.000279501863369025,3.81771094570083e-05,-0.00040109775897359,-0.00073757001933278,-0.000151288256295916,-0.000492598470965616,-0.000118719437385983,-0.000182699223399703,-0.000374800391415204,-5.92583561111024e-05,-6.7232175641107e-05,-0.000340698527988921,-0.00016024010028855,-0.0001506643556531,-0.000632304941827901,-0.000717671639544795,-0.000459821971926214,-8.42529166050091e-05,-0.000218898575261494,-0.00118421056281038,-0.000758480204436274,-0.000207595362061362,-0.000474389779801633,-0.00101123878695187,-0.000390227849629065,-0.000720993954401128,-0.000663449595245161,-0.000398857075310988,-0.00130960120084088,-6.60999110355012e-05,-0.0014812441632473,-0.000756834699621228,-0.00276409391604873,0.000574099849903896,-0.00119313711524092,-0.00293135902321956,-0.00808561804643402,-0.0252184061220312
"668.512",0.00076569476809107,0.000299856724468105,-5.4275747405744e-05,0.000438661529951213,0.000282128722001024,0.000355432016181336,0.000329968552570948,-3.76358146735634e-05,0.000229193026442415,0.000637851781186235,0.000482943753786472,0.000508433205244617,5.80925160814099e-05,0.000293193322596111,0.000284396572291221,0.000227118996491622,0.000240121010579316,1.02471450317717e-05,0.000721226506612737,-0.000562784009052877,0.000103820983844897,-0.000250657314947108,0.000162433736477658,4.17994409280675e-05,8.94053633850924e-05,0.000783818926707378,0.000190624293283257,0.000370570789065263,2.84221428793557e-05,0.000271511329732047,0.000268621795075376,0.000629455984844651,0.000737906910613045,0.000283308049615297,0.000377781490082045,0.000675649009079066,-5.60331233718283e-05,0.00105913996087372,9.72095459839414e-05,0.000181516107802836,0.00179057643588207,0.000421424444143684,0.000266221300570692,0.000535304480323963,-0.000580203410885577,-0.000746684128900652,0.0017792719245559,-0.000342869724152181,0.00322951212468317,2.59452294466269e-06,0.00222304140509421,0.0043728582748402,0.0298702739104428
"673.238",0.000364778567007659,0.000253431577536837,0.000524143890320896,8.22213277503112e-05,-7.98894513186065e-05,0.000333321205793319,7.37772227640271e-05,0.000162493046685044,0.000115297546731057,5.64216487436257e-05,-0.000415337659150547,-0.000186033249327429,0.000311890411632331,0.000132929784597939,4.60758499790106e-05,0.000365560359247303,-0.000444920314378393,0.000172342564765117,-3.37634940554449e-05,0.000471370334665681,0.000162483158704428,-0.000777501859470439,-0.00019613863693894,-0.000243350824823355,5.95365865999074e-05,-6.83574829919854e-05,-5.78355819173756e-05,-8.63158643698071e-05,-0.000171945177782744,0.00018821160561533,-5.64207505584009e-05,-0.000131102130913846,9.00218310594934e-05,-0.0011295193015396,-0.000171442660499536,0.000460447519927784,0.000464013611624945,-0.000142099636313907,0.000146692450588545,0.000457212896779188,0.000422990301513953,-0.000701322612873473,-6.78518589983238e-05,5.74577169610165e-05,0.000918916334365881,0.000294381190227829,-0.000960214818001021,-7.60642459466969e-05,0.00213382604264292,-0.00060106332991202,0.00477770503796906,0.00120270758333198,0.00494401302974993
"677.967",0.00127970336553636,0.0010330724328579,0.000869000076398507,0.000196421246368779,0.00041996816185224,0.000442123690048407,0.000161000954842338,0.000403628675109475,0.000195521203223016,0.000411989499179847,0.000268387858944538,0.000571484918932062,0.000481222867954215,-9.58776772726265e-05,0.000474115523990228,0.000359107803128716,0.000467463559389819,0.000716935962482684,0.000472117299981969,9.50360624273057e-05,0.000608487861097112,0.000672571880651909,0.000877970234534211,0.000413930636054748,0.000100734285448919,0.0004118677282217,0.000618550009009003,0.000288997587446816,0.000192118433590119,0.000360657363132805,0.000600800480595031,2.7407558450521e-05,0.000164359318381126,-0.000546561655836979,0.000399558598841864,0.000411610923690175,-6.72337622647716e-05,0.000483193058139749,0.00105624506561461,0.000830276605587709,0.000510799433262841,0.000337028910573799,0.000676687861577838,0.000503862054927511,0.00164968293368765,-0.000297288285537563,0.00106287840906071,0.00243575111494431,0.00214931546912416,-0.00067308464032849,0.00384965226770592,0.00563979489099979,0.0173502664789726
"682.696",0.000536914135699203,0.000282637284935749,0.000756355207463976,0.000167259415219312,-0.000243972413673639,-2.48291901801044e-05,-2.50651258931023e-05,-7.17202227636794e-05,9.88500743487978e-05,-0.000143646436312228,6.38795099265463e-05,0.000265264595758,0.000248277560619382,-5.81304455788008e-05,8.46104169378901e-05,8.36726219724599e-05,0.000315017086670925,6.25319760709946e-05,-3.43901814565226e-05,-0.000156140049070679,0.000508877289626624,0.000122854721070521,-7.76683195674522e-05,-0.000311838264551504,0.000305865998283406,9.87535809568975e-06,9.77316072993601e-05,-0.000155804315434949,-0.000165261741376932,0.000364835372909599,0.000379478029787597,-0.000163009214013011,-0.000603145442154892,-0.000608878913720233,-4.66232823448419e-07,-0.000235704882495445,0.00014637409686431,0.000811344722463888,0.000929423642594771,0.000716189921238098,-0.000429443125183621,0.000418640346379434,0.000119524292667652,-0.000215652719688987,-0.000822912870303662,0.00106512313166037,0.00156350790283567,0.00113404621642227,-0.000642112573721522,0.00157158648279569,0.00313673400882455,-0.00183362996460325,-0.00753995939313035
"687.428",0.000152409908776432,7.42810003831651e-05,-0.000593628841987531,0.000168525614146835,-0.000473127415520144,-4.16584422312778e-05,-9.45718393606645e-05,-0.000144325570201493,-0.000273665038589601,-0.000173576265839992,0.000273262060706151,4.76387074206511e-05,-0.000600009597031679,-3.91258125191068e-05,-0.00019887168981364,-1.89522268865562e-05,0.00062442271721349,-0.000261315805002741,-0.00043521150857182,-0.000121145902817133,0.00011894987433969,0.000213017359286396,-0.000335257036649609,-0.000660818376191315,-0.000400639948006745,-0.000259762167553304,-0.00051198634388361,-0.000892605804449979,6.8385120925694e-05,-0.000126253830953173,-0.000230608574487087,-0.000504585718323895,-4.68385093371111e-05,8.82567765358878e-05,-0.000225348720868754,-5.40931313217503e-05,-0.000522812000139227,-0.00025348752131548,-0.000244626217938549,-0.00108806765443977,-0.000245070539102526,-0.000624651377334227,-0.000965731243606816,-3.92731750333927e-05,-0.000506639096290369,0.000577332644978375,-0.001575469136469,0.000865918860955214,-0.00134277265445534,-0.0032288588387588,0.00446428309435017,-0.00450670908844922,-0.024682597486187
"692.16",-0.000404191110034785,-0.000111997361069965,-0.000157650654065516,6.35404586271131e-05,-4.57611267843589e-05,5.86614373812227e-05,-1.90023066702336e-05,-0.00010047946291341,-1.87228117211218e-05,-3.6356182796108e-05,-0.000509141287271444,-0.000661681428321626,-0.000201097692746416,-0.000608441448138212,-0.000180851806033584,0.000169686803803487,9.96222933849804e-06,0.00018866429252775,0.000610056711826641,-4.87698976509614e-05,0.000598925198654593,-0.000259742671896373,3.37121701954277e-05,-4.35611269951289e-05,0.000361053121528075,-0.000431791158558492,-0.00012886112892061,-8.89650443111871e-05,-0.000128222734932552,-0.00049634469200112,-0.000126680867384541,-0.000485990180993202,-0.00038271463798991,-0.000445962398751217,-0.000544604537903189,-0.000422246780917273,-0.000160174720869233,0.000361200125310304,-1.86062261235526e-05,-0.000330924051771674,-0.000406055220867873,-0.00012594200032124,-0.000676160585937301,-0.000714476131399064,-0.000740405096743115,-0.000995721394581908,-0.000528447421299383,-0.000237428167168913,-0.0010999436559612,7.57037610625978e-07,-0.000214718538745772,-0.0173120759552136,-0.00504955346159344
"696.895",0.000420840286840444,-0.000225521554827716,-0.000226760777976425,-4.25986073941993e-05,-8.29064741231706e-05,-0.000447176580613564,0.00022976916270348,6.74407761058246e-05,-6.2953261292078e-05,-0.000344095938049109,-0.000512598864439636,-0.000193180653096667,-0.000485788811887173,2.37337457653826e-08,-5.75197026061973e-05,-0.000417779506806282,-0.000240919123113573,-0.000390753552921832,-0.000115980537835215,-0.000587629061815163,-0.000820280505806946,-0.000568354694472034,-0.000350682962417831,0.000240987391746616,-0.000197832988702551,-0.000263005833698036,0.000478050966863472,-9.92474644179371e-05,-0.000247868330822965,-0.000362528288799591,0.000185824255911297,-0.000683633154408739,-8.09542810195256e-05,-0.000768146273576345,-0.00033135369459652,-0.000185371053733118,-0.000379963234091101,-0.000536472904032786,-0.000264051298327279,-0.000905022079908623,-0.000569485137078879,-0.000553183740208297,-0.00033174855194592,-0.000679166922141679,-0.000442992126389272,0.000194603553411017,0.00136147485295885,-0.00298854760950057,-0.00140964255103484,-0.00264497422299118,0.00110184532650264,-0.0207479723366729,-0.0163287270044318
"701.63",-0.000410392437937659,-8.83648166078318e-05,0.000365858099533761,-0.000547966688881256,0.00052934609597747,0.000365917681103238,2.57494832399062e-05,0.000158759615070809,-7.62012743585512e-05,0.000110750254637385,-4.10547889952946e-05,0.000408843285028043,-0.000398193993649377,0.000308652343695122,4.83055275619267e-05,-1.92633100549294e-05,-0.000374662852268631,-0.000340642641422428,0.000315513103950363,-0.000407622370999998,0.00018237052932975,-3.48061199319378e-05,0.000114040143213805,-0.000165579049685295,-0.000387807333045404,3.04489999749982e-05,-0.000421996566226188,0.000270017567406694,2.9686572489544e-05,0.000107739565560862,0.000353987599082017,0.000147287879057767,-0.000345090067429744,-0.000402454636196511,-0.000188013971139303,0.000186212216379983,-0.000301935731772677,0.000450398518416296,-0.000343325149291865,-0.000387635294273526,-7.35756701247937e-05,-0.000462225088024994,0.000597127002371599,-0.00122922174622761,4.64499323086684e-05,0.00101048707595993,-0.000602913685870203,0.00160759604427413,-0.00213229669929525,0.00105428517509749,0.00611579107939482,-0.00104529523872893,-0.00305077987484128
"706.367",0.000257759245285488,-0.000843690914934848,-0.00032396465268252,-0.000130395226954828,-0.000451166142055096,-0.000223848233839344,-0.000273522276045284,-0.00030975069440011,4.50159735076452e-05,-0.000455747190799836,-0.00034873314810933,-0.000315372747543889,0.00013417506973329,-9.07998361908129e-05,-0.000136947213151424,-0.000155162380885519,-0.000184372339279445,-0.000398582301224414,-0.000556093369941006,-0.000737320561091385,0.000245946231276378,-0.000452480406154689,-0.000127022551435986,-0.000336161000754928,-0.000615106058958687,-0.000350672924210905,-0.000671042533862286,-0.0003042848961895,-0.000323926217205004,-0.000413405331695219,-0.000385375453452283,-0.000337990548575658,-0.000419010452261701,-0.00042761763545296,-0.000591587527346367,-0.000989375746087391,-0.000164678565754337,-0.000949138225601952,0.00020511597099203,-0.000308071215842154,-0.000849492928446284,-0.000548443771003521,0.000640405352321628,-0.000407948223648088,-0.000856074156458483,-0.000198930680141271,-0.00139060816718328,-0.00337470347135037,-0.000719237128442699,-0.00390618722532339,-0.00392925571767914,-0.0186289413047623,-0.014049108254667
"711.106",-0.000651226160326595,-0.000904249727164171,-0.00066647999063989,-0.0004285482063249,-0.000522429436635024,-0.000356736077160287,-0.000342216626093272,-0.000452149554245182,-0.000487025064517742,-0.00040770718220392,-0.000436328828319772,-8.97725900978975e-05,-0.000908371099648969,-0.000682871831495678,-0.000405274243015873,-0.000499382260747015,-0.000590111201073796,-0.000708227409670583,-0.000657586253994063,-0.000656630939178224,-0.00028637173287802,-0.000574395247833046,-0.000583306924390959,-0.000407104250737774,-0.000482743250518871,-0.000500587793033162,-8.24217733256009e-05,-0.0012084900289347,-0.00049090587287212,-0.000746325355915456,-0.00063117562451802,-0.000339850910871147,-0.000232481097424213,-0.00124490081927355,-0.000288578180835577,-0.000955031421694488,-0.000416239348515088,-0.000420163230355823,-0.000293234798942287,-0.000932092771881374,9.04532922087708e-05,-0.000831308722562895,-0.000864363960688717,-0.000412374511104554,-0.000744800900353695,-0.00221117467855611,0.000306776823404971,-0.000780026105178297,-0.00269981236698186,-6.92470294376911e-05,-0.000565559231385838,-0.0175406389550712,-0.0173366605499288
"715.845",0.000892854478098125,-1.30406418748016e-05,0.000141925121091838,0.000366840315369889,0.000403528927682448,0.000360849768652868,0.000119865120052703,0.000258058387457156,-8.54460067368297e-05,3.81967993932057e-05,0.000263098488755272,-0.000100904874806001,0.000126784012913312,0.00053582555989242,-0.000259944671648077,-0.000277447840227581,0.000303676214952323,0.000341302232617818,0.000120538219095949,-6.41361368437644e-05,0.00023902419571518,0.000913228710774722,3.53922867928661e-05,0.000354183443741198,3.25157929015477e-05,0.000611489473893799,-0.000145782071653162,-0.000114272645700711,-6.42375151763755e-05,0.000499102063149903,0.00062312103087265,0.000615283196487853,0.000529862856371137,-0.000176944988228178,0.000668749336379974,0.000113292155599492,0.000129409630150248,0.00024894392308551,-0.000255151378106798,0.000470541241149115,0.00036572845850914,0.0007252913649824,0.000327016311932574,-0.000354176333234576,0.000850400221454096,0.000377537131703026,0.000450614892816985,-0.000290951914500019,0.000420240594312465,0.000872120832542922,0.00333006491884769,-0.0062768381734845,-0.034116071566982
"720.586",0.000865641805679726,0.000471642013658336,0.00113829334697211,0.000256377833803398,0.000260043705627458,0.000935499158691842,0.000293719504604102,0.000393920687633779,0.00034251719007092,4.59411092703145e-05,0.000561582340981892,-5.06793764731754e-05,0.000592815322356558,0.000743852460890829,0.000320702790674329,0.000208286007076347,0.00121743981913901,0.000860968397829837,0.000302737165999284,0.000716969125877689,-2.56752147388662e-07,0.000510984818248946,-0.000354925815135484,0.000870459108878237,0.00046694597997299,0.000792697025950731,0.000781190791459352,0.000508192350025737,4.56334594302922e-05,0.000862630426913213,8.0529532791591e-05,0.000141532253902681,0.000582395947580447,0.000260754808264565,0.000334859065264144,0.000340272769558937,0.000392898297861726,0.00101533185134147,0.000602690798460119,0.00108639710995897,0.000656869539617075,9.90718237704371e-05,0.000984117458693867,0.00100280684353882,0.00129080673918033,0.00098928631837118,0.00284687114445218,0.00275043913439612,0.00631849044812534,0.00524701263999634,0.00771773878924847,0.00521499394583443,0.0128868878497881
"725.329",0.000772296405224628,0.000119385905201542,0.000312060637379472,-0.000157932455366462,0.000399700560296899,-6.25169039441216e-05,0.00022971026635531,-0.000315401789995842,0.000146672587293343,0.000511530038426361,8.61468603021031e-05,0.000572365683199105,0.000771475483978628,0.000125362294541019,0.000700025107482138,8.03085929260133e-05,0.000222998362191535,0.000156401565981067,0.000564105924383136,-0.000246396329422027,0.000127651695933759,0.000192716476680428,0.000323289599587044,2.32438155576228e-05,0.000483754171570463,0.000235260058444406,6.30930391875729e-05,0.000638165531463729,0.000537331556100442,0.000546697117093493,0.00109672472014933,0.000614431017107157,0.000258390835720983,0.000454104928736478,-0.000504060172236825,0.000563429661498868,0.0005683736107302,0.000384970520717084,-0.000882557916140757,0.000462695189043692,2.48846604376774e-08,0.000367749165447406,0.000369156035174889,0.000867170075254101,0.00105990508753212,0.00114948277306413,-0.000175583265604202,-0.000590562231265532,0.00293137453460017,0.00516082132203445,0.0057129543085918,0.0109833813322562,0.00648415858668078
"730.072",0.000119768896416569,-0.00033363284503927,-0.000591761399314951,-0.00104432523369515,-0.000353144455613007,-0.000395505334645443,-0.000299160121872364,-7.18764393340495e-05,-0.000389100112989691,-0.000288554183942964,-0.000381315626839949,0.000442323759927761,7.55389454703376e-05,-0.000262982592133468,-0.00012254381512011,-0.0010514031583429,-0.000652118389383451,-0.000483506532082756,-8.60484190769476e-05,-0.00110858836966798,-0.00122051961891313,-0.000508498258555204,-0.000759114233359668,-0.00023328425976161,-0.000575105707234429,-0.000344603883380653,8.48283680883964e-05,-0.000641607479447045,-0.000417184695469039,0.000218630788249224,0.000185650735669737,-0.00066989544513116,-0.000499602688136258,-0.000170014525752829,-0.000396427790861957,-0.000813431678245489,-0.000589195297907018,-0.000622097967375306,-0.000437046220245803,-0.000335192916513293,-0.000715705661606842,-6.71468244203463e-05,-2.13547310880257e-07,0.000340530345568772,-0.00109194758796627,-0.000177649652417617,-0.000813214336534332,0.000381344923130807,-0.00176980738814779,-0.00230189948366497,-0.00399495968854328,-0.0108343087776009,-0.016355295632356
"734.817",0.000767595390803215,-0.00048378929651764,-6.08321620447708e-05,6.86153813576366e-05,9.83824279108072e-06,-5.42931232487067e-05,0.000164347141280543,0.000235224618853133,0.00011488537106294,7.06891783009983e-05,0.00042766040660996,0.000445379756341978,0.000238870156532091,0.000709883617347256,-2.06186529695963e-05,-0.000112141249199766,-0.000150793569430898,6.79823340442426e-05,6.15802443708371e-05,6.56646193665638e-05,0.000646894225970067,0.000219191643561896,0.00018198164208446,0.000270328175573284,-2.25700263968117e-05,0.000791365811825728,0.000468789605670515,-5.31875719719625e-05,0.000380414358777404,9.42951520800577e-05,-3.96030632973535e-07,0.000290315466177757,6.26202935410025e-05,0.000663476478843294,0.000654032449134301,-0.000306240261483552,0.000220378409850426,-0.000195969676110933,-8.90410612508865e-07,0.000424837468864471,-0.000814695300084373,0.000423483048750082,0.000317764782611444,-0.000257297607189767,-0.000275161049198867,-0.00089627657591252,0.00106745753970103,0.000769615427848782,0.000486119566924949,0.00575485304421555,0.00271847566241023,0.00735020327427795,-0.00324253972631688
"739.563",0.000106630547258515,0.000434984137884551,-0.000639775492143877,-6.94640315640422e-05,-0.000269848474032973,0.000173896626358871,-0.000457135089077258,-0.000170840769643772,-0.000198214146309035,6.35568482633323e-05,-0.000459111412729967,-0.000241019615819274,-0.000593066620282102,-0.000535809046205178,-0.000280749777455686,-7.22053455795001e-05,0.000108990528397663,-0.000790406827453896,-0.00062872544461085,-0.000119420153907311,-0.000183321480219129,-0.000258607747874746,3.6874346016334e-05,-0.000582194789416187,-5.63779384613115e-05,-0.000438891088885292,-0.000296173636617329,3.52503290864756e-05,-0.000236775893361027,-3.19740363110689e-05,-0.000283811339587483,-5.2472948818896e-05,-0.000381825499759306,-6.49883683290808e-05,0.000111344926223805,-8.48651794167906e-05,3.75129801411467e-05,5.28590926442179e-05,0.000264368708271044,-0.000607931853885237,-0.00126791127712499,-0.000960246832689344,-0.000984021625318628,-4.32935897127947e-05,0.000454978855102092,-6.07772324536974e-05,-0.000756321834579926,-0.00281128364415929,0.000491555310355043,-0.0044613848329498,-0.00526280487801149,-0.00360430614162168,-0.00832893307860119
"744.31",0.000138415976130218,0.000384728331161365,0.000335746758523542,0.000315586473494579,-0.000494984584108913,0.000259176255954891,5.60105439835244e-05,1.85250358804099e-05,-0.00036605699950855,-0.000297110212955621,-2.67610379750913e-05,0.000190730290770149,0.000577364143442163,-0.000314195866117509,0.000210204656140223,0.000198116140941677,-0.000352179506979734,0.000324425255530758,-1.27971069074528e-05,-0.000161275817938397,0.000860112183031892,0.000523657814139187,-0.000595531307499795,5.98340983557971e-05,-2.29904279975791e-05,-0.000200654979316899,-0.000804319553945526,-0.000329933982563647,0.000141212326423542,-6.44861534980416e-05,0.000849622151708313,0.000211908148897131,0.000160337426482917,0.000339129555464921,-0.000387084791119298,-9.69389725939728e-05,0.000264367671604936,0.000534091527534362,-0.000140570839759232,0.000434521255227598,0.000272386973331471,-0.000346688099333438,0.000306353923322486,0.00120499496433578,-0.000255757414608851,-0.000274938650473442,-0.000146184496560631,0.00196639419431413,0.00154619921501133,0.000229578276551476,0.00302160963049921,0.0207143950688111,0.0140261116196457
"749.058",-0.000233307871947752,0.000305395816300373,-5.02676715439034e-05,0.000377856946386123,-0.000265340033752859,0.000168366682230472,-0.000169726504956529,0.000161957607605876,-0.000111557252187448,-0.000324481920600387,0.000243371432154706,-0.000181904637017932,0.000358849073110856,-0.000175060011812673,-0.000233629752788757,0.000294536761033279,-0.000344924055434272,-2.31853839071175e-07,0.000154134024307583,-0.00074620352113848,0.000480957566034514,-0.000302377791285818,0.00092742249422826,-0.000182353362563809,-0.00013836411434663,0.000131273714797587,-0.00040222086678046,-0.000209468390852012,-0.000263417718235319,-0.000379632690462097,2.13755787289544e-05,-0.000771822956241088,-0.000292452351494635,-0.000431247620885954,0.00027305645079728,-2.54652715239365e-05,0.000228589270550839,-0.000215332531401573,0.00019813091912424,0.000106059463349624,0.000307529724134138,-0.000192733328608153,0.000540987638959154,0.000110346877231817,0.000567829445445179,0.000709309896987284,0.00139812656454662,0.00176675652544357,-0.000725078949860057,0.00224024840526932,0.000255160156579838,0.00920191511668453,-0.00224994820162773
"753.808",0.000491285712195014,-9.90735956258214e-05,-0.00012802695979762,0.000385076081265082,-0.0001352414920461,-0.000676624513417285,5.76707481611441e-05,-6.98387942646622e-05,5.68563037736855e-05,4.1341428367807e-05,0.000101062687248856,-0.000196161234363846,-6.85988751903465e-05,6.70077982063412e-05,3.24016501876166e-05,4.29068824023382e-05,0.000283329229938572,0.00015507934528865,0.000431928891476191,0.000594471975593027,8.15660091154767e-05,0.000462335850426681,7.66358556461252e-05,0.000692655298245746,-3.7315762400321e-05,0.000189124182026703,0.000897797480540685,-0.000168082173945537,-0.000346901901927202,0.000419911901523948,0.000262151585046413,-0.000338731856457431,-0.000408621454433871,0.000360322204085955,0.000571009538591442,-0.000246473926290709,0.000103786063759833,0.000659646785131404,0.000637058652856655,0.000400680976212387,0.000148473911811605,0.000999246688892024,0.00023573468668596,0.000451197994004753,-0.000394716106575279,0.00028299084352945,0.001312362216254,-0.000449584424408494,-0.00193332798261185,0.00574213841766433,0.00596976124371966,0.0114855637148898,0.00171732810059654
"758.558",0.000500105515532799,0.000691423530840913,0.000130362988120506,0.000147050683761799,-5.29723336461291e-05,0.000427009766682193,0.000198152929177704,3.23181137829799e-05,0.000152016105448046,0.000454601176887741,-0.000439685632709616,-0.000377488296067372,0.000232859409184,0.000352240799476481,-0.000176274317870692,0.000109024599892881,-0.000138491756140921,0.000242778676085165,0.000239645655024966,-0.000591327921661476,-0.000277386581125935,-1.29499522891869e-05,0.000234074972797593,-0.000290251699390744,-0.000437355109375369,-0.000503947812488236,0.00014843841325515,-0.000411038578753958,0.000216483375489346,0.000247533627002862,-7.82785194203298e-05,0.000322520171633176,0.000931760532502819,0.000275050178301065,0.000308218478582328,0.000588469815699917,0.000158239291984906,-8.46072976997353e-05,-4.42598984323788e-05,0.000266836072066054,0.000134349340583381,0.000254064013653134,0.00114290960428204,-0.000252821877706949,-8.03957590916171e-05,-0.000383922210268443,-0.00141259782814381,-0.000228915895212776,0.00150507187560651,0.00392648162647512,0.000635932788273295,-0.0116864713100001,0.00290762165219174
"763.31",-0.000164724636831399,-0.0002497061842703,-0.000239380914035066,-0.000249833540520332,0.000140339962424599,-7.91372369610075e-05,0.000321931685276949,-6.53898385458604e-06,0.000118264690755394,-0.000137388097251864,-0.000238586198774327,1.10782077201244e-05,-0.000213959708160132,0.000370569963951565,-0.000135021294534822,-0.000345427102097022,-9.43447490353342e-05,-0.000285347371310536,9.44925047781967e-05,0.000171963180967245,0.000607997481150661,-0.000253946092745606,-7.96809388736978e-05,0.00093542355291824,-0.0002449464624184,0.000317903522920714,-0.00026916054690938,0.00026743080508941,-0.000139722044799282,0.00029813106616703,0.000329129575410834,0.000192441381755266,-0.000516624434107098,-2.36918110430608e-05,-6.15996857122991e-05,-8.99383624855113e-05,0.000430603494895814,-0.000514739217184209,-0.000241454842483021,0.000143541590521618,0.000394091833295689,-3.7209529568567e-05,-0.000922036665604552,-0.000586104757778649,-0.00035619365140651,-0.000784582563168584,0.000232230836373565,9.49419641012713e-05,-0.000176920700238736,-0.0025263847477698,-0.000632589008078968,-0.00680997675775863,0.0270375008618666
"768.062",0.000149404906920723,-0.000355917994141074,-8.05316243075836e-05,-0.000328018026599314,0.000109052835950576,9.99135808978301e-06,0.000241817054232433,9.31833196332784e-05,1.48790514383285e-05,-0.000338030225150748,-0.000288981967934192,-0.000640104414330851,-9.57566371026338e-05,8.17473900125548e-05,8.08901527301308e-08,-2.22420307067167e-05,-0.000380282698844862,0.000100402407982115,-0.000535281165847523,0.000188465799135702,0.000185641206604566,-0.00063280693918634,-0.000549069658121008,0.000329752839285827,-0.000404520843084561,-0.000371432651921311,0.000153351838428322,-0.000141219319792064,0.000304911850482908,-0.000231834447030314,0.000172011894998997,0.000137397586191575,-0.000348146965851681,-0.000106535291650669,0.000379334319419725,0.000308764038577325,0.00020400063744088,0.000460880343834827,-0.000424786319557979,-0.000615254324000563,-0.000587841735994153,-0.000542349228366259,-5.0104581722244e-07,-4.74356613084549e-05,-0.000358178836795828,0.000461501823788361,0.00188677812045818,-0.000141636089235664,-0.00238411634846674,0.000498115751264212,0.000397612385372646,-0.00343920725296818,-0.0108329871565738
"772.815",-0.000896449708916261,0.000755921143447116,-0.000120741446820356,-6.30146481888453e-05,9.79986019598803e-05,0.000309501206522885,0.000392678998912537,-0.00021278973355131,7.5224552268173e-06,-0.000199220616706588,0.000173273563909595,0.000125508617234037,0.000622487576004985,-0.000233935354808401,0.000668923477838263,-4.50795238154277e-05,-0.000119038067150194,-0.000237534597221743,-0.000123477031469698,0.000666183772570953,0.000170999173418503,-0.000269542883295691,0.000267511367936495,1.14656858112433e-05,-0.000755359882820415,0.000334671599362784,8.22267504413207e-05,0.000481140712519747,-0.000223051579549199,0.000358904956585094,-0.000263928839662498,-0.00036675001782228,0.000796097390352535,0.000117904505806613,0.00102750729857056,0.000398506146543914,-0.000231708247487284,5.7324243316011e-05,0.000166295700824427,-0.000486013617407572,0.000725710534706448,0.00147676150852667,-0.000474952747161098,-0.000331372717332197,0.000330206172835822,0.00164626973202063,-0.000982987518612348,0.000188903489291773,0.00107230321673052,0.00544221794577244,0.00378334970498746,-0.00417310693918123,-0.0313722903337685
"777.57",-0.000575963868023321,0.000468872680243729,0.000342163966494945,-0.000565928306978794,-0.000378080568619807,-0.000417578415175854,-2.31216819793311e-05,-8.82144115853855e-05,-2.27490871668195e-05,0.000123740082363345,-0.000216125490675886,-0.00022168180426309,0.000525339929490819,0.000417357181500387,0.00084456651164432,-0.000871052535307727,-0.000400145189588291,-0.000739834671348561,-0.000475892615865729,-0.000798476040083823,-0.000859416887753507,-0.00116717515656983,-0.000123400988785865,-0.000105946927295517,-0.000227425409917326,-0.000415007196802548,-0.000385025295499379,0.000179526911383333,2.3759626786311e-05,-0.000248452300313295,-0.000889070030463816,0.000408148417102951,-0.00020203814338839,-3.62455894000374e-05,-0.00047484222024195,0.000262466402628389,-0.000319035621458194,-5.95214690057353e-05,-0.000558558324953966,-0.000478875533441349,-0.000229073287361771,-0.00129748819031764,-0.000442568330661834,-0.000386257923630774,0.000308554897451564,-0.000739919697817224,-0.00104354990888014,0.00206902871471901,-0.00249155410252242,0.00345503160718859,0.00478886115992085,-0.00250276686812737,0.0135801620472846
"782.325",-0.000309565163990121,7.66800864920557e-05,0.00125084223915266,-2.6143957674281e-05,-0.000451605869462654,0.000258560810725982,0.000430319000704379,0.00018602024117704,0.000339714596716465,-0.00035001322498601,-9.97679772541441e-06,0.00048528908802776,0.000669991461010343,0.000133155497027534,0.000140987415737619,0.000197964973200781,0.000491977058060574,5.16016736154618e-05,0.000483171076318725,0.000810525402523928,-0.000118475940000664,0.000416941462850509,0.000581493181372017,-6.97287348412016e-06,0.000534814222063254,9.91136998631128e-05,0.000280882240472208,-0.000133742462219828,2.42382945683276e-05,0.000599853856809074,0.000225599128307275,-0.000332716109455208,-0.000108995961428771,0.000684731990011418,0.000329943985610345,0.000213716579992303,-0.00036610963577411,0.000671512452626484,0.000675248588117401,0.00090581516527333,0.000107446943271067,0.00094933400926221,-0.000898222802354444,0.000857214225063846,-0.000399839008084066,0.000819101474422391,0.00113899222218097,-0.000585920639219366,-0.00320898784731128,-0.000170019751538955,-0.00606931327071435,0.00788594891969274,0.0412733166775604
"787.081",0.000194076210739138,-0.000283807926291137,-2.85466944416061e-05,0.000134137892724791,0.00019705501727045,3.19705913776642e-05,-8.0312142543826e-05,-0.000332569698221196,-0.000102986877107387,-5.52872676457751e-05,0.000204822982169478,-2.44398203423536e-05,0.000407554670177029,-0.000161730000896045,9.65121947334982e-05,0.000250867453662527,-0.000366649873718845,-0.00114312295042062,0.000291912659972557,0.000369452935096223,-0.000349629203195205,-0.000791478635100052,-0.000242879763748365,0.000439343027168868,-2.64267903848571e-05,-0.000241755747046063,-0.00013793858840958,-5.02465631958511e-05,-0.000174574490647448,0.000615806533750436,4.81128833677867e-05,-9.82220985296469e-05,-0.000541747607461123,5.01933996529592e-05,0.00027324076238434,-2.78627090739047e-05,-0.00031849411487268,0.000290757308427521,-8.12426579902702e-05,0.000274923680217483,-0.000514689948440259,-0.000338324674892254,-0.000505501072109698,-0.00130770734728897,-0.000879495415145963,0.00161097792576669,-4.3326503983983e-05,-0.00346034570214126,-0.00348518936568204,-0.00192659059587869,-0.00387778153549805,0.00600994667850311,-0.00962563998719529
"791.838",8.81159814607362e-05,-0.0020162405706848,-0.000498999389928802,3.53210719763336e-08,-0.000729596148696611,-0.000360736860421148,-4.01231921286992e-05,-0.000148460847737929,-0.000601810787382759,-1.84136720947783e-05,-5.11490788417684e-05,-0.00044928330408169,1.27990088414012e-05,-0.00090675156739412,-0.000433844487602664,-0.000811765314443188,-0.000517507977692957,-0.000703577890462144,-0.00109333200334996,0.000215324851866074,-0.000106655434490276,-0.000837038820731209,-0.000868116362640938,-0.000220779203562537,-0.000888492293109165,-0.000165207282011008,0.000125238166378858,-9.98983138832155e-05,0.000149539460593655,-0.000184716233769553,0.000511461757713105,-0.000304766492839025,-0.000430417609912797,-0.000376354259887638,0.000234636127686909,0.000109610487150199,-0.000678703267902741,-0.000244633938644026,0.000129014638480671,0.000412596019908528,-0.000789737008089708,-0.000119363179794921,0.000153739235276118,0.000527506434630886,-0.00193299934051942,-0.00143543226254712,-0.000167431385411446,-0.00145210769368728,0.000949750975337174,-0.00280326402653386,-0.000139850473057794,0.00208973797460647,0.018008435501045
"796.596",0.000179742898842054,-0.000352999372907031,-4.35542104640443e-05,-0.000969265848571754,-0.000224143245817267,-0.000508146566545897,-0.000139042714315632,-0.000151306475110542,-5.53694697670625e-08,-0.000140683477533596,-0.000260549332282201,9.90169298857215e-05,-0.000427782529828051,-0.000670792156657003,-0.00096978130480858,-0.000632127742725029,0.000128533075551276,-0.000135062894793423,-2.94133465725359e-05,-0.000345117772828752,-0.000435197988412716,-0.00101292720478115,-0.000811581163776376,-0.000181898306395463,-0.000293205050644862,-0.000828538681162422,-0.000446629943504326,-3.79257990549432e-05,-0.000329826639088694,-0.000200506488822679,-0.000534414400849684,-0.00016160638365349,0.00020023265136645,-0.000383340249517051,-0.000582499346987062,7.01078377042262e-05,-0.000118030494762259,-6.16340069176555e-05,-0.000886266293815155,0.000123360688815499,-7.48975247081322e-05,-0.00103241521370162,-0.000356142783209168,0.000281500682182967,-0.000626873718975662,0.000963341533265278,0.000893733164186361,-4.98889437202566e-05,-0.0016767003780025,-0.00303327080582883,-0.000429192007675476,-0.00823840753302573,-0.0164086939759063
"801.355",-0.000186131815427619,-0.000207817176413651,-0.000225662074928894,-0.00028281555811789,0.000285158558818749,-0.000391877089191094,0.00032465757743993,-1.24485894627512e-05,0.000132298859813305,-0.00032384196536218,0.000359882918005255,0.00117450270704965,-0.000212750863294786,0.000251148334558311,-0.00013780183354956,-0.000209813424282342,0.000477110946791569,0.000793851171906929,-0.000371386966928443,0.000257072012144163,0.000449417620671967,0.00102681108714964,0.000525342972947187,-0.000690468966101466,-9.20514896222001e-05,7.5255371458587e-08,0.000495681512763359,6.59235287634167e-05,-0.000208283077088663,-6.50926180522785e-05,0.000556178563667632,-7.50259693590245e-05,0.000756140023529737,0.000154443738344155,-3.44102143261531e-05,-9.61542156947417e-05,-0.000343154210731359,3.98934497324265e-05,0.000411142175759809,-0.000272314347190653,-0.000355296648593207,-1.43497102792118e-07,-3.81377581151193e-05,0.000640737047929878,0.00108177411688814,0.00126187976177673,-0.000623757086029424,-0.00114476442354519,-0.00033396209981811,0.00069167729236241,-0.00207217206855421,0.00183655461136606,0.00452187390484327
"806.114",0.000434344907582221,8.31463593060963e-05,-0.00125374612333339,0.000329986780361015,-0.000275020844244434,-0.000625195481676568,-0.000239961784769044,0.000155400364782352,-0.000278557098455939,0.000534332674012448,-9.89754509047487e-05,-0.000363038905678644,-0.000167902276663342,-0.000906850033648936,-0.000222586650738637,2.09722561795707e-05,0.000310673202704077,0.000280177581260627,-0.000781779119473167,-0.000109798787621288,-0.00100456234635954,-0.000693027797480511,3.75171225519033e-05,0.000520523843861872,5.75106065302288e-05,-0.000391257708651492,-0.000550798103954058,-0.000384191243555257,9.85405053626022e-05,-8.70777201191313e-05,-0.000365016000459505,-0.00056721554257618,0.000443093212896968,-0.000319932660988755,0.000228336066793796,-0.000445635586118748,0.000215661191616334,-0.000148058255346969,-0.000382078054069872,-0.000120566948531885,0.000387709557908814,-0.00038452452651146,-0.000174193948762427,-0.00103846717667318,0.000411990888230796,0.000615717828850291,-0.0013235645542478,0.000750149707655884,-0.00133606948924796,-0.000385680284990297,-0.000724065210917573,-0.000458145295834196,-0.0129884296016984
"810.875",0.000418853525545088,-0.000595648062471545,0.000162956480959881,0.000388957161425148,-0.000244432452759992,-0.000298580625135264,0.000395248274760713,4.35541397733188e-05,0.00049445973292481,0.000226691191211682,5.3964375251743e-05,0.000394972309659694,-0.000167943746767723,0.000294988341288827,-6.3567286533053e-05,-2.10631186662084e-05,0.000477076210628435,-4.69019469022485e-05,0.000371122941193306,0.000105682982886698,0.000103951748432686,-0.000327334879569815,0.000237666178048809,-0.000230395649818315,-0.000218606877507265,0.000122927499752398,8.80057069949216e-05,-0.00021960454392681,-0.000120654791574371,0.00022684964508955,0.000534991198312707,8.54912646689305e-05,0.000237094270916157,0.000672889791430574,-0.00014855679748049,-0.000120734460501459,0.000177747508913305,0.00061806899720081,4.22066569176481e-05,0.00134467307684224,3.23042067000291e-05,-0.00148525278718229,-9.74504257604785e-05,0.000552055199892116,-7.74966542785234e-05,0.000646109751649128,0.000255161396775496,-0.000924410844207128,-4.5120403168193e-09,-0.000305247824836783,-0.00376693249572312,-0.00573244522096893,0.0446297730281789
"815.635",-0.00046557783793893,0.000484808253480261,0.000225667385361519,-0.000565554877113068,7.12697534338793e-05,8.3990118256298e-05,-0.000183501339304038,-0.000261054141752631,0.000327318190349377,-4.04802212689535e-05,0.00950930542382911,0.000234729674593828,-0.000145640901614831,-3.28843792457375e-05,-0.000264924220124949,-0.000587851638560555,-0.000432969378227767,-0.000105375118010951,-0.000373556569708454,-0.00137048978911542,-0.000561312014120236,-1.79260417611194e-07,0.000162591962408019,-8.5370573630964e-05,0.000103129518221143,-2.23069915051551e-05,-0.000738206774267538,8.75843063171917e-05,0.000744690418587316,0.000291673871273478,-0.00025727127261205,-0.000107155302538122,0.000151152774180695,-0.000253741164990685,-0.000743427494679294,-0.000445606305530476,-0.000788065167043465,-0.000174989890787814,-1.41623705431295e-05,-0.000423832196016514,-1.61202014954425e-05,0.000262200752866586,-0.000675034351006353,0.000154605242621052,0.000488643109209472,-0.000801182848522702,0.000877711365995504,0.00127860896318489,-0.00256089197521506,0.000385399341539546,-0.00645066467459229,-0.0128457279634876,-0.0112995336776108
"820.397",0.00103950200451004,0.000872714579824479,0.000526552807149691,0.00114301056521076,0.000651830231459358,-9.33357347401863e-05,0.000127016669055791,0.000379246257955777,0.000153243618293135,0.00052623897228531,0.000683766827733036,0.000170808334669146,0.000335804553326684,0.000873939409216095,0.000296721268531264,0.000293944748964993,0.000565835729421869,0.000560134787493957,0.000329247910629932,0.00101344123175336,0.000666861599343163,0.000703688827393707,0.000237649523658399,0.000411981357561042,0.000344237644664633,0.000313006166921194,0.000396503320971603,0.000351173007407422,0.000328297155313763,0.000335177584778852,0.000342584488129728,0.000524139139913562,0.000432089783643648,0.000694909807180892,0.000983505335987588,0.000939055474202149,0.000648246195190142,0.000726387195163257,9.92385773334487e-05,0.000936798385621825,0.00108211176058963,0.00183440079034657,0.00244954477935598,0.000706793155315808,0.001287902021129,0.00141549178288568,-0.000222417341722173,0.0016303678756708,0.0028951293094925,0.00339012821785765,0.0074251489286806,0.00757352512536834,0.0163632779730179
"825.159",-0.000325920168622717,0.000318619265261772,0.000288350409991885,-0.000789467822275901,-0.000529607169173774,-7.46366476355386e-05,3.07468402681072e-08,6.2344277699369e-06,-4.17392947335858e-05,8.90586341077942e-05,7.19651757384961e-05,0.000202911393644905,-0.000290991512498996,0.000284050210595451,6.35136659738965e-05,-8.40783215654444e-05,0.000144116363200126,-0.000153312827541496,0.000738595439613908,-0.000177131490358867,0.000479894625946909,-0.000138513688532077,-0.000450315389599547,0.000642033624036388,3.40477520371996e-05,-0.000458373461775439,0.000153942300360887,0.000394780686130007,-0.000515330400709513,-0.000303049839261693,-7.52881468873152e-05,0.000149678024434051,0.000172658095852317,-0.000584670874118968,-0.000331813387561713,-8.42374207918511e-05,-0.000280068720058326,-0.00083518748336199,0.00018474821413282,0.000347097684813718,0.000339197715000811,0.000995873282542332,0.000327483939283498,2.19769225055925e-05,0.000488825241881987,-0.00104784916401125,0.0015408139271297,2.5799299432943e-07,-0.00311776318930404,-0.00130816640231862,0.00073320347864201,-0.00619246685781697,-0.0045012695668538
