"","500","495","490","485","480","475","470","465","460","455","450","445","440","435","430","425","420","415","410","405","400","395","390","385","380","375","370","365","360","355","350","345","340","335","330","325","320","315","310","305","300","295","290","285","280","275","270","265","260","255","250","245","240"
"248.336",0,0,0,0,0,0,0,0,0,0,0,0,0,0,0,0,0,0,0,0,0,0,0,0,0,0,0,0,0,0,0,0,0,0,0,0,0,0,0,0,0,0,0,0,0,0,0,0,0,0,0,0,0
"252.814",0,0,0,0,0,0,0,0,0,0,0,0,0,0,0,0,0,0,0,0,0,0,0,0,0,0,0,0,0,0,0,0,0,0,0,0,0,0,0,0,0,0,0,0,0,0,0,0,0,0,0,-0.017411517242383,-0.007742663866373
"257.296",0,0,0,0,0,0,0,0,0,0,0,0,0,0,0,0,0,0,0,0,0,0,0,0,0,0,0,0,0,0,0,0,0,0,0,0,0,0,0,0,0,0,0,0,0,0,0,0,0,0,-0.0176100936459667,0.00980179270518358,-0.0124522894570111
"261.781",0,0,0,0,0,0,0,0,0,0,0,0,0,0,0,0,0,0,0,0,0,0,0,0,0,0,0,0,0,0,0,0,0,0,0,0,0,0,0,0,0,0,0,0,0,0,0,0,0,-0.00587122890555425,0.00587232555500247,0.0309319206702435,0.0662389770590828
"266.271",0,0,0,0,0,0,0,0,0,0,0,0,0,0,0,0,0,0,0,0,0,0,0,0,0,0,0,0,0,0,0,0,0,0,0,0,0,0,0,0,0,0,0,0,0,0,0,0,-0.00883539296257996,-0.00308333989147574,0.0070871957308031,-0.00273344107219109,0.011939170704466
"270.764",0,0,0,0,0,0,0,0,0,0,0,0,0,0,0,0,0,0,0,0,0,0,0,0,0,0,0,0,0,0,0,0,0,0,0,0,0,0,0,0,0,0,0,0,0,0,0,-0.042872016703015,-0.00795238013567892,-0.003599926620271,-0.00673332165638785,-0.0100830675736733,-0.0154602630015421
"275.26",0,0,0,0,0,0,0,0,0,0,0,0,0,0,0,0,0,0,0,0,0,0,0,0,0,0,0,0,0,0,0,0,0,0,0,0,0,0,0,0,0,0,0,0,0,0,-0.0204583556419158,-0.00438936976778062,-0.00689600990976845,0.00151405422890297,-0.0158577787755501,-0.00534239402808062,0.00918989174426215
"279.76",0,0,0,0,0,0,0,0,0,0,0,0,0,0,0,0,0,0,0,0,0,0,0,0,0,0,0,0,0,0,0,0,0,0,0,0,0,0,0,0,0,0,0,0,0,-0.0208002682755968,-0.00301035019849744,0.0030857595140047,-0.0019697208766036,0.00165978708078646,0.0103870671328551,0.0191959471117745,0.0103286239957735
"284.264",0,0,0,0,0,0,0,0,0,0,0,0,0,0,0,0,0,0,0,0,0,0,0,0,0,0,0,0,0,0,0,0,0,0,0,0,0,0,0,0,0,0,0,0,0,-0.00847074133210635,-0.000614274039822213,0.000375255934816174,0.00126054786383245,-2.14703888885559e-05,-9.80998786129228e-06,-0.00253210453691585,-0.0149169711865006
"288.772",0,0,0,0,0,0,0,0,0,0,0,0,0,0,0,0,0,0,0,0,0,0,0,0,0,0,0,0,0,0,0,0,0,0,0,0,0,0,0,0,0,0,0,0,-0.00454974468905561,0.000771920200330387,0.00104618124156112,-0.00371168594513621,-0.000908351799290774,-0.00228486678405376,0.00274107784884498,-0.00476565540454347,0.00980749278060395
"293.283",0,0,0,0,0,0,0,0,0,0,0,0,0,0,0,0,0,0,0,0,0,0,0,0,0,0,0,0,0,0,0,0,0,0,0,0,0,0,0,0,0,0,0,-0.00325970922206775,0.000505914633751776,0.000109294444475109,0.00111357548262518,0.00246246341661083,0.00155294897687358,0.00271944704835884,0.000348194586080614,-0.00888101986948807,0.0144459119355292
"297.797",0,0,0,0,0,0,0,0,0,0,0,0,0,0,0,0,0,0,0,0,0,0,0,0,0,0,0,0,0,0,0,0,0,0,0,0,0,0,0,0,0,0,-0.00704649956901943,-0.000233843737476619,-0.00085955048092231,-0.00299252116223454,0.00177875338395567,-0.00440002134947642,-0.0014810323652666,-0.00281091598557075,-0.0100432309754365,-0.00441630938999633,-0.0178756818066476
"302.315",0,0,0,0,0,0,0,0,0,0,0,0,0,0,0,0,0,0,0,0,0,0,0,0,0,0,0,0,0,0,0,0,0,0,0,0,0,0,0,0,0,-0.0077022814243774,0.0018488173976136,0.00083962596436829,0.00117543295089688,8.40904673042875e-05,0.00101327216083286,0.00159333750386192,-0.000950808825566642,-0.00196274798076687,0.0026342360150775,0.00626449613785011,0.0249676102808966
"306.837",0,0,0,0,0,0,0,0,0,0,0,0,0,0,0,0,0,0,0,0,0,0,0,0,0,0,0,0,0,0,0,0,0,0,0,0,0,0,0,0,-0.00950156775132616,-4.92200950865766e-05,-0.000579170850289194,0.000111177107463809,-0.00334268330946294,0.00052219709640916,0.00153628337694965,-0.000215268207602196,0.00140335981189252,0.00158322366228325,0.00091419907295184,-0.00064671020542991,0.0275583749407526
"311.362",0,0,0,0,0,0,0,0,0,0,0,0,0,0,0,0,0,0,0,0,0,0,0,0,0,0,0,0,0,0,0,0,0,0,0,0,0,0,0,-0.0120821310708292,-0.000918366453880236,-0.00140425385163755,-0.000881984956713685,-0.000913639878495645,-0.000559396409700319,-0.00410883034144804,0.000224569794074619,-0.0029329463230038,-0.000628248706625532,-0.000797305072333736,-0.00399659169197086,0.00193848799506971,-0.0179396246077552
"315.89",0,0,0,0,0,0,0,0,0,0,0,0,0,0,0,0,0,0,0,0,0,0,0,0,0,0,0,0,0,0,0,0,0,0,0,0,0,0,-0.0165138859003137,0.000788724939743302,-0.000125540682629013,0.000349795332496286,0.000387564818383153,0.00247963606208879,-0.000100867791453574,0.00045513997088158,0.000472618912063792,-0.00128072761526872,0.00218168479044291,0.000210185918026113,0.0102487496613831,-0.00387898953203747,-0.0174981364072689
"320.422",0,0,0,0,0,0,0,0,0,0,0,0,0,0,0,0,0,0,0,0,0,0,0,0,0,0,0,0,0,0,0,0,0,0,0,0,0,-0.0227137960514155,-0.000941854704429736,0.000391455646455027,-0.000711729862088227,-0.00177637568278937,-0.00185407809784902,-0.00211927931965419,-0.00244707021096631,-0.000469433493224289,-0.000967802685137722,-0.000953825998914781,-0.00235387922408928,-0.00599486671257826,-0.0107316127156285,-0.00150752252305041,0.00207944540061646
"324.958",0,0,0,0,0,0,0,0,0,0,0,0,0,0,0,0,0,0,0,0,0,0,0,0,0,0,0,0,0,0,0,0,0,0,0,0,-0.00198084754582761,-0.00227095339151923,-0.000487651859485808,1.64446857044819e-05,-0.000626124494923663,-0.00142942391954738,5.43728030024393e-05,-0.000869344720681391,-0.00172238915476102,-0.00321656829347975,-0.00202544713001517,-0.00379381170967428,-0.00172574690956334,-0.0031286868911259,0.000230083931544197,-0.00690282572290702,-0.0464680756454991
"329.496",0,0,0,0,0,0,0,0,0,0,0,0,0,0,0,0,0,0,0,0,0,0,0,0,0,0,0,0,0,0,0,0,0,0,0,-0.000839122161274575,-0.000348902379504079,0.000488479444418814,0.000232584537363651,0.000318618760522959,0.000340647774704807,-0.000685958522646524,0.000166909933561166,-0.000317142291710495,-0.000104252221034246,0.00274710773910405,0.00226755211528367,0.00238182117479904,-0.000109756915734375,0.00264771068806581,0.00239623681850251,0.00610150702490056,0.0312177172470455
"334.038",0,0,0,0,0,0,0,0,0,0,0,0,0,0,0,0,0,0,0,0,0,0,0,0,0,0,0,0,0,0,0,0,0,0,-0.00132274580976177,-0.00318345333583461,-0.00014148088142444,-0.000329763902660712,-0.000183415194207042,-0.000724617981919272,-0.00142709024050527,3.88181634359552e-05,-0.00108373929693144,-0.000574439091607607,-0.000996342113591353,-0.00158569971494623,-0.00225850418625779,-0.00161845606897067,0.000656614126129614,0.00022219561445795,-0.00169865023064908,0.00591351586207769,-0.00843080383614623
"338.584",0,0,0,0,0,0,0,0,0,0,0,0,0,0,0,0,0,0,0,0,0,0,0,0,0,0,0,0,0,0,0,0,0,-0.00108474112839496,-0.00650543894684735,-0.000165944277801804,0.00062989243406297,0.000817737974899603,0.000144040399332156,-4.76050457851179e-05,4.34127994440592e-05,-0.00150283037339524,0.000865343213793259,-0.000199720861825757,-0.00127259882017757,-0.000219607089873733,-0.00105435844126143,-0.000830434139718907,-0.00132426663501932,0.00311595824486665,0.000839522061307376,-0.00750104527653943,-0.0151400593710951
"343.133",0,0,0,0,0,0,0,0,0,0,0,0,0,0,0,0,0,0,0,0,0,0,0,0,0,0,0,0,0,0,0,0,-0.00173031707052818,-0.00762840660664321,-0.000804423995266867,-0.000137338259455739,-0.000933787161173129,-0.000337485204293986,-0.00153223537002783,0.000567886419114122,-0.000261298348498924,-0.000612602762315762,-8.3480831039714e-05,-0.000506049160573602,-0.00124632975818055,0.000479212112704812,-0.000547175488751334,-0.00178576748684955,-0.0029694497786457,0.00136458204117865,-0.00325178622853504,-0.000686583799403727,-0.0173787826589426
"347.685",0,0,0,0,0,0,0,0,0,0,0,0,0,0,0,0,0,0,0,0,0,0,0,0,0,0,0,0,0,0,0,0,-0.00941223582536782,-0.000237601193060086,0.000182315036821874,-0.00085122738365327,7.22831374047779e-06,-0.00126327114024516,-0.0019799996440697,-0.000751211568791682,-0.00116283839364069,-0.00197888352997299,-0.00163003812326688,-0.000881210527441985,-0.00189031887839849,-0.00162044863964174,-0.00287574582239916,-0.00157693414316312,-0.00072510406638081,-0.0034412077077,-0.00507864363509519,0.00202400639138629,-0.0214300777045076
"352.24",0,0,0,0,0,0,0,0,0,0,0,0,0,0,0,0,0,0,0,0,0,0,0,0,0,0,0,0,0,0,0,-0.0118715813597955,0.000322838011025756,0.000562200445063639,5.39553056475885e-06,0.000627523156541227,0.00108393692485365,-0.000106718161634933,0.000100288838736709,0.00112030934365952,-3.59880243913473e-06,0.0012761249655597,-2.43337498673181e-05,0.000174691061079759,-5.41088922304338e-05,0.00110879042873061,0.000476802087781369,0.000440762357631784,0.0052531627438736,0.00169735258681475,0.00636249735396571,0.00369466671029852,0.00565612558268915
"356.799",0,0,0,0,0,0,0,0,0,0,0,0,0,0,0,0,0,0,0,0,0,0,0,0,0,0,0,0,0,0,-0.0126911669185716,-0.000798036039195042,-2.01069579985492e-05,0.000356736328182606,0.000460839474247909,-0.000433335211685195,-0.000979376632634962,0.000719690331448725,0.000890108179544897,0.000359753456182075,-0.00024849700065771,0.00118446235844117,0.000582601989416458,-0.000227586434128681,0.00164337104929334,0.00224350745999989,0.0021211285709947,0.000668455734118106,0.00163525197352004,-8.10702381112017e-05,-0.0012460024049075,0.00769623134364913,-0.000604167991501339
"361.361",0,0,0,0,0,0,0,0,0,0,0,0,0,0,0,0,0,0,0,0,0,0,0,0,0,0,0,0,0,-0.020624400601374,-0.000416712214359738,-0.000196536934427236,0.000324520562776398,-9.95440789759378e-05,-0.000667355537254288,-0.000287211386879038,-0.000951088008565165,0.00046692173858727,-0.000383378381382507,0.000150035679325853,-0.000100420845511011,0.00060414456578068,-0.000733070990995848,-0.000768915158043715,-0.00178972428033977,0.00028194717432806,-0.00022702479747438,-0.000318304907449762,-0.00170945454607811,0.00157311496160361,0.00161571480306306,0.000939507428141373,0.00348397315648053
"365.926",0,0,0,0,0,0,0,0,0,0,0,0,0,0,0,0,0,0,0,0,0,0,0,0,0,0,0,0,-0.0212593932900355,-0.00191835952003873,-0.000163749463089615,-0.000405238697411968,-0.000258998734583988,-0.000245353345098493,-0.000773149592197896,-0.000962825487363525,-0.000292290104813284,-0.000362231372428414,-0.00104878020821845,-0.000282077550700984,0.000461907472918963,0.000105325775281334,-0.00198018162985166,-0.00206194675928645,-0.000924990107565117,-0.00290445958287346,-0.000189191314092078,-0.00117863051195635,-0.00365914310803828,-0.00656160281563725,-0.00712542564866831,-0.00590144677436747,-0.00761769768660924
"370.495",0,0,0,0,0,0,0,0,0,0,0,0,0,0,0,0,0,0,0,0,0,0,0,0,0,0,0,-0.0219654375696955,-0.00195417032377332,-0.000427285074068496,-0.000139935732583737,0.000317578036307671,-0.000363440814121988,0.000543206847780815,-0.00118850323250959,-0.000568771458573245,-0.000201104034189038,-0.000633275344927302,1.25305798990563e-05,-0.000647754990828427,-0.000674629288042214,-0.000659332185503395,0.000802021524460648,-0.000405715612978015,-0.000890852194818579,-0.00156492779405787,-0.00306158752459282,-0.00161337400613147,-0.00198262388612469,-0.0036817655033069,0.000985142849211603,-0.0028053375481666,-0.030438252699749
"375.067",0,0,0,0,0,0,0,0,0,0,0,0,0,0,0,0,0,0,0,0,0,0,0,0,0,0,-0.0237695205772935,-0.00369528275125465,-0.000444578444754317,-0.00107197879785239,-0.000443204239053442,-0.0015907519814392,-0.000104259090031673,-8.23027362403111e-06,-0.00109289976750442,-0.00088513469395398,-0.00106280862865195,-0.000181353737642928,-0.000533739165809992,-0.00113683757909832,-0.000525793147112338,-0.000375330807255322,-0.00101983802064591,-0.000248711785875976,-0.00135901356299358,-0.000222716686261558,-0.00242199234653286,-0.00121011426965582,-0.00384440200193593,-0.00328673416582488,-0.000381840835578991,-0.000938218355378105,-0.0178694626585445
"379.641",0,0,0,0,0,0,0,0,0,0,0,0,0,0,0,0,0,0,0,0,0,0,0,0,0,-0.0236409968206236,-0.00220711358254606,-0.000295980169770588,0.000985258690473154,0.000414290804614768,0.000211786169402623,0.000389810634788,0.000260168786835834,0.000610645445641031,0.000418913220325612,0.00041333805101484,0.000579751234572846,0.000325647476956118,0.000979841970126548,0.00100082123352727,9.20242187375823e-05,0.00107215409673394,0.00059915652991001,0.00154823281144415,0.000727997002629421,0.000987220722774282,6.85125709915428e-05,0.00249162417990693,0.00293147129028897,0.00194820581888889,0.00950764932005112,0.00875538592205655,-0.00565927832877659
"384.219",0,0,0,0,0,0,0,0,0,0,0,0,0,0,0,0,0,0,0,0,0,0,0,0,-0.0263992393484426,-0.00371253608141699,0.000226636891167683,-0.00046208943869307,-0.000136579325469929,3.48021079950127e-06,0.000367001720460223,0.000113439731064265,-0.00100945897721971,0.000394287708362959,0.000752943217150869,-0.000365266550188775,-0.00011299910479929,7.64960106026389e-05,0.000589196869901018,-0.00035322707243006,0.00060897032998427,0.000811845517593654,-0.000524624975276253,-0.000194027677820761,9.84310268444708e-05,-0.000716095468512468,0.000496031510372613,-0.000129937901023901,0.000860600018253311,0.00290877175814659,0.00672165048738969,-0.00735616867397623,-0.0011163401210865
"388.801",0,0,0,0,0,0,0,0,0,0,0,0,0,0,0,0,0,0,0,0,0,0,0,-0.0271220239871428,-0.00561770510303745,-0.000294459736219133,0.000797888465940847,-9.78203746425498e-05,2.18603140558033e-05,0.000135643210895674,8.9270711921015e-05,-9.20141264271201e-06,-5.66756951889957e-05,-0.000103154815898305,-0.000231304585865611,-0.000521009332308501,-0.000573552044761221,0.000451702012800443,-0.000174467296743511,0.000378596901343252,4.42798622684734e-05,-0.000199055556462149,0.00061012931209202,-0.000870869836651759,0.00156576587112664,0.000571880082299894,-0.00172256933124041,-0.000539881778525213,-0.000213842983143377,-0.00195422925001186,-0.00115096474694363,-0.00948144879082177,0.0131690332748166
"393.385",0,0,0,0,0,0,0,0,0,0,0,0,0,0,0,0,0,0,0,0,0,0,-0.0284015750097205,-0.00784622311516087,0.000244391934408757,-0.000496997480424451,-0.000133881117379372,-0.00034850743278235,0.000327683899524204,-0.00050081110312152,-0.000390220842813496,0.000232413126212958,0.000392317314289833,-5.40907719446182e-06,0.000305186624782503,0.000451758518602456,-0.000241004752743023,0.000384271330005571,0.000328919746182323,-0.000259165925930885,0.000201547347523976,-0.000330873252444892,-0.000364110921667139,0.000572104214653206,-0.000439553129245928,0.0014033719226193,-0.000495774239368828,-0.000318100022681172,0.000147591965440312,0.000756206302983033,0.00392396700850388,-0.00247832489790395,-0.00719630322583917
"397.972",0,0,0,0,0,0,0,0,0,0,0,0,0,0,0,0,0,0,0,0,0,-0.0294898642300762,-0.00764841017300567,0.000175340294736109,0.000281327246514002,-0.000228514472074235,-0.000606555021353383,0.000129652147787655,0.000365128869700011,0.000631606363348618,0.000948488359004393,0.000889754491837175,0.000836525620455031,-0.000154827222868965,0.00023663564408065,0.000343786578056371,0.000362693714182183,0.000816026892526864,0.000330723923280655,-0.000105636725406999,-0.00032275039724008,0.000802033874272697,6.57393548948774e-05,0.00164498887551393,0.000423658747439434,0.000507571496530356,6.34775820600756e-05,0.000840670506776801,0.000436256194017127,0.00454503676214376,-0.00063504972982007,-0.000197645410542812,0.00294792063278323
"402.562",0,0,0,0,0,0,0,0,0,0,0,0,0,0,0,0,0,0,0,0,-0.0291838306864053,-0.0103850662904025,-0.000395919358294318,-0.000775124621346554,-0.000830457472714285,-0.000546904346972852,-0.000105648999036157,-0.000551856669453829,-4.16165070181787e-05,-0.000652947019366315,-0.000260474640007204,-0.000813286102961117,-0.000896566265795629,0.000320541125453704,-0.000487378950853745,-0.000704318988296918,-0.000584715939508988,-0.000573599225954992,0.000424070096424366,-0.000568292360383701,-0.0012533837004535,-0.000453840838102403,-0.00128814120053858,-0.0012724403254449,-0.00126739127310975,-0.00210494224164515,0.00131466643996413,-0.000627177606783236,-0.00116315496210306,-0.00238004396221581,-0.0018389903361268,-0.007678590241762,-0.0151513135799384
"407.156",0,0,0,0,0,0,0,0,0,0,0,0,0,0,0,0,0,0,0,-0.0283932553775267,-0.00988963794672687,-0.000118770458163323,-6.69900460510157e-05,0.000164807642222117,4.13113767752265e-05,3.15267575125323e-05,-8.54067792893406e-05,-9.54942048439142e-05,-0.000347145715469489,0.000133152103671055,-0.000379813452457554,0.000677445090439342,9.60840309006013e-05,-0.000201267696381694,0.000376842279767696,0.000337990494944316,0.00015698783052014,-0.000179049530108436,-0.000258440055493999,0.000137358958748294,0.000360472329210081,0.000678575977023982,0.00036657963493136,5.35368377290774e-05,-0.000425676986229323,0.000609165660899617,0.000271581190110658,0.00098350433211347,0.00234923637297611,0.000697721688656408,0.0019123312763398,-0.000194640081294557,-0.0149979480506772
"411.752",0,0,0,0,0,0,0,0,0,0,0,0,0,0,0,0,0,0,-0.0305450995437236,-0.0117392456091442,-0.00156852534549814,-0.000170169321045939,-0.000583260165797338,-0.000212889315676259,0.00031226545141265,-0.00027676930027168,-0.000443091310222217,-0.00061040101102031,0.000543743485155374,-0.000555535946056451,-0.00020719351092237,-0.000192992013149859,-9.76479592743357e-05,-0.00023344189130075,0.000203815147686133,-0.000441773753631567,0.000319107735220552,-0.000920627891311742,-0.000530284509630058,-1.30107088329863e-05,-7.97063267078478e-05,-0.000640668705434399,-0.000440013255711676,-0.00127562153283733,-0.000692124111146998,-0.000926446090956432,-0.00212065967185206,-0.00207875960683073,-0.00181477978238844,-0.00213303865517849,-0.00040384457560937,-0.00242954636406978,-0.0244197631505601
"416.352",0,0,0,0,0,0,0,0,0,0,0,0,0,0,0,0,0,0,-0.01383776416668,-0.000418979603938741,0.000292265043938765,5.60217678934657e-05,0.000346523358675624,-0.000683524237845555,5.06028875229283e-05,-0.000280362762618134,0.000188456587475327,0.0010775793290299,0.000336655579187169,-0.000168103326197468,7.53767184052854e-05,0.000119381335744252,0.00025833097954699,0.000308489505923597,-0.000210631985323831,0.000231490532032784,-0.000753320438674387,0.000441339691985266,-0.00023842524676607,-0.000350566862022007,-0.000258286253460399,1.38217599779296e-05,-7.70274115948968e-05,-0.000689788741139886,0.000597620327581223,-0.000835680124871437,0.00041139544276454,-0.000317652525496064,-0.00111536070115576,-0.000615081631330864,0.00224627914032823,-0.006069718138842,0.0267919062004623
"420.954",0,0,0,0,0,0,0,0,0,0,0,0,0,0,0,0,0,-0.0148276783395082,-0.00141904019007621,-0.000250888789136908,-0.000736312510179616,-0.00101863773739777,-0.0013950352856583,-0.000459871359526357,-0.000516933441495074,-0.000649564886183218,-0.00140407133600611,-0.000499430408395091,-0.000680865079639041,0.00024315312411015,-0.000311822888279474,-9.27955703290857e-05,-0.000585245603303029,-0.00064835421505243,-0.000897105806217189,-0.00027458797029116,-0.00104700848491161,-0.000717667481202254,-0.00014414210867273,-0.000663974501757565,-0.001190488202407,-0.00072634971675132,-0.00162003790920941,-0.00183591305030413,-0.000727014451371133,-0.000506337434683602,-0.002764940981669,-0.0023506834869876,-0.000958872211247842,-0.0040518906578173,-0.00831701960347339,-0.00794010248375205,-0.0417158749150068
"425.56",0,0,0,0,0,0,0,0,0,0,0,0,0,0,0,0,-0.0104893179503812,-0.00111579003519615,-0.000911081465590246,-0.00066074308236526,-0.000435196408372352,-0.000439289782908853,-0.000715242788121787,-0.000638010972898102,-0.000510010922300775,-0.000335463857366276,0.000163856497217049,0.000105959541112598,-0.0005950821213216,-7.61195975859592e-05,-0.000115933570741235,-9.10628266509513e-05,-0.000558032141870387,-0.000127799131403021,-0.000414269320083793,-0.000343585972837072,-5.9275082042471e-05,-0.000819095376927697,-8.74351776062069e-05,-0.000780464727291593,-9.9863344471798e-05,-0.000472256197481956,-0.0013819021362046,-0.000679874100726544,-0.000534794245284906,-0.0023913280386367,-0.000850846201210224,-0.00335911445536325,-0.00197523323463349,-0.00278791848293152,-0.00647272668782794,-0.01275005142831,-0.00911813638708614
"430.168",0,0,0,0,0,0,0,0,0,0,0,0,0,0,0,-0.0129204285671687,-0.0012556237779517,-0.000234948899994823,0.000286846066176121,-0.000136872061946697,-0.000646869171529853,0.000213999381551385,-8.75840554656964e-05,-0.000132026608846557,-0.000841027819859345,-0.000873247430448622,0.000382237938853405,-0.000105783143338631,-0.000299628081864631,2.37123902561554e-05,0.000201513005361335,8.16635199060517e-06,0.000138405977126983,0.000324082671351991,0.000232433006338897,2.67747641664587e-05,0.000460006716033166,-0.000863688840178719,-9.66636594781168e-05,-0.000491576066489593,0.000596676480239587,-5.22533831248885e-05,-0.000292446388864196,-0.000850485720937558,0.000757836818061853,-0.00104532819654197,0.00121859239900994,0.000465808024652977,-0.00180925874350982,-0.000874459854258764,-0.0061653069405313,0.010591202516418,0.0136152544192962
"434.779",0,0,0,0,0,0,0,0,0,0,0,0,0,0,-0.0155683147641233,-0.00125973208684182,0.000337127709875058,-4.10096773282242e-06,-0.000330597173485193,-3.49781034432691e-05,0.000297073419804689,-3.61822669985197e-06,0.000317726499440823,0.000476278503035442,-0.0011906232929038,-0.000120408429250561,1.02591310961343e-05,0.000163468911132298,0.000155721132170052,0.000300768210122675,0.000209143807771117,0.000224884777146442,0.000405498672062818,-0.00016656043665877,0.000791328666536754,-9.11418643339383e-05,9.53484275070027e-05,0.000364520236111994,0.000170074127071981,0.00038582076520512,0.000145128014047335,0.000169782874191144,0.000159298681962274,-0.000249821099824099,0.00135647840512211,0.00104109131612997,0.00104879164231556,0.00182376313132233,0.00347948788242694,0.000229907289831075,-0.00137636281940869,0.00501798327653018,0.0264281612711974
"439.393",0,0,0,0,0,0,0,0,0,0,0,0,0,-0.018616167170998,-0.0022386365688671,-9.057833151325e-05,-0.000476343871684174,-0.000187150972735378,-0.000395143342656217,0.000481206183131505,0.000235377800463967,6.12752901436322e-06,0.000321238891049144,-9.55945551582918e-06,-0.000878345017786539,-0.000312480264928444,-0.000234256063407258,-7.48128072497042e-05,-0.000156106141548678,-0.000453768005003605,8.75126703734443e-05,0.000135538687601726,0.000241538464746726,-3.31785390836694e-05,-0.00011155778739146,-0.000108974279609873,-0.000409517171968991,0.000110050315258276,-8.55656170130234e-05,6.71454228838207e-05,0.000446646035635919,-0.000681213059295662,0.000273174901933704,0.000659248236330065,-0.000423997334583811,0.000297284129664641,0.000904754875196249,0.000656785518162607,-0.000920873893925351,-0.00270985434681492,-0.000456722990240425,0.00464305183941735,-0.004308097351397
"444.01",0,0,0,0,0,0,0,0,0,0,0,0,-0.022039930154427,-0.00339020045086015,0.0004073657502097,0.000237072492324888,0.000365748284037881,0.000427925120462353,0.00012958269506029,0.000516349219195891,0.000381037103593859,4.2080977624154e-05,0.000891039911553206,0.000352136181337906,-0.000354863575799898,0.00052048381452367,0.000201811553331384,0.000526420313997987,0.000217772368663325,0.000295367809966269,0.000355655872757529,-5.61713099616357e-05,0.000286719785047221,0.000561838709136264,5.80677753623352e-05,0.000123683818899725,0.000111703806444123,0.000496371047062044,-0.000116070314971578,-2.33053107088814e-05,0.000130950633407947,0.000269907312904473,0.00108198045797187,0.000897047628289728,0.00135071879572664,0.00122582048339568,0.000295222033338409,0.000357851277069763,0.00094380480979592,0.000680390788433647,0.00153050382545332,0.0146205997844618,0.0099827395012288
"448.63",0,0,0,0,0,0,0,0,0,0,0,-0.0250133021563974,-0.00563701889670526,-0.000458627570434141,1.10796654906548e-05,-0.000543111726495805,8.54484136254231e-05,-0.000333241093457676,-0.000531891817077548,-0.000257849608571087,-0.000361352237367908,0.0002926144311222,-0.000307961142752937,-0.000524707383929283,-0.000465120618999493,0.000101961202471453,-0.000864138160201331,-0.000996063220670781,-0.000795575470489217,-0.000267410128301031,-0.000373972416078284,-0.000326897844563231,-0.000306759185392628,-0.000272456907422825,-8.38700654921939e-05,-0.000542637118128655,-0.00065588595763071,-0.000499366258965479,-0.000124120799112019,-0.000198562619387775,-0.00103217718209907,-0.000686299949765505,-0.000813819294993557,-0.00126754680221989,-0.0014024501214153,-0.00127428002846631,-0.00074805248328841,-0.00198594716474856,-0.000610250204714758,-0.00330366098151052,-0.00381197568282344,-0.0118546288808306,-0.00539618512798388
"453.253",0,0,0,0,0,0,0,0,0,0,-0.0169049396741238,-0.00549309259610753,-0.000353210487806054,0.000395624277340406,-0.000254347897577371,-0.000287869607516054,4.50228651095895e-05,-0.000480013665010185,-0.000626070163489768,-0.000487866464970482,-9.57128464600778e-05,0.000146935354035621,-0.000445261877926956,-0.000445748914411953,5.37962617836675e-05,0.000310745558337689,-7.13948895583406e-05,3.11425635458376e-05,-0.000291140460368469,-0.00035749106442546,-1.57550923032566e-05,-0.000100233896789098,0.000294177543166046,-0.000182295996871557,-4.97486761649097e-05,-0.000156400832891691,-0.000356183501955239,-9.69425250295784e-05,-0.000386935458173329,0.00058447168065202,-0.00045231080340185,-7.71676516552898e-07,6.6939295662066e-05,-0.000554483936208549,-0.00121960480753348,-0.000309444925195064,0.000103961939569767,-3.29126672584086e-05,-0.000401125790006631,0.000993950549405437,0.00156935871379897,-0.00694307775674167,-0.00778793017458835
"457.878",0,0,0,0,0,0,0,0,0,-0.0144943297769997,-0.00445246547083803,-0.000317114986044754,-0.000115503927335737,-0.000126547449668303,-0.000318653253800555,-0.000255484309457219,-0.000293133104286318,-0.000657227560419149,-0.000610870931265525,-0.000590558462250106,0.000203168849927623,-0.000604841943149921,8.47743776548164e-05,7.13428779650291e-05,-0.000164779464754732,-0.000278149761621261,0.000109562363964874,-0.000187054914360965,-0.000225976434493708,-0.000222939673202157,-0.000258991660725757,-5.37295075782598e-05,9.93853593740839e-05,-0.000172551937329191,-0.000227331744100215,6.85909767784607e-05,-6.32213788242418e-05,-1.93072054540504e-05,-0.000755097565839983,-0.000977390033861049,-0.000218518063517044,-0.000645808591125435,-8.20512813072829e-05,9.33293121946872e-05,-0.00106101525903788,-0.000174841472159758,-0.000208648808786045,-1.0526962891113e-06,-0.00194102235004596,-0.00186377930533639,-0.00051783502945109,0.00375698911303176,-0.0157116183415857
"462.506",0,0,0,0,0,0,0,0,-0.0152425059181809,-0.00508425614115163,-0.000234019088653642,-0.000477376242821347,0.000272686253349716,0.00045929842683418,-9.33020243852694e-05,-3.86659973306065e-05,0.000271108737317291,5.51050108402102e-05,1.55402866525208e-05,-0.000584327538725949,1.55437022920021e-05,0.000845725025232783,0.000326242770720583,-0.000377742349086018,0.000257694548933186,7.74446587646e-05,-8.57801470502678e-05,0.000138858922347202,0.00023107824779567,9.88113210338547e-05,0.000172995499474678,0.000172903903857251,-0.000175986381434587,-0.000373092189437954,-0.000193723195773845,0.000322094730336793,0.000348445866181246,0.000473529408640126,0.000209175692959621,0.000467899742559024,6.76367800804937e-05,-0.000247795025936215,0.000310609367205958,-0.000234707561518447,-0.00179684569628558,-0.000261402545269356,0.00131840805250359,0.00117872957178846,0.000466732965011791,0.0022804145308748,-9.34772041102658e-05,-0.00163039762117536,0.0179261943246163
"467.137",0,0,0,0,0,0,0,-0.016543484267312,-0.00637100259464797,-7.75245535591385e-05,-0.000196266891730657,-0.000165241496699408,-0.000188498546824368,-1.69560539432441e-05,-3.84929787854823e-05,5.01127042282059e-05,-0.000441001398806967,1.49994904303229e-05,0.000109212727869477,-0.000923382877899521,-0.000667585969772563,-0.000692248433781281,-0.000419236154975305,0.000150624432927083,-0.000359986633134682,-0.000241268753383659,-0.000221934988897565,1.47486779648036e-05,-0.000251506898321156,0.00029326882173409,-0.000722642766826701,-0.000163998447843002,-0.000383076315892185,-9.95695098797847e-05,4.75754591412126e-05,-9.23142006997467e-05,-0.000699034672013429,-0.00088951870131558,0.000305462395606808,-0.000126302509051312,-0.000101617194197744,-0.000352520005826242,-0.00021504448292035,-0.000569256044754163,-0.000465940965051406,-0.00115660919837985,-0.00094539210036369,-0.000522970378221945,0.000155446324300347,-0.0008595599511691,-0.00373417454971837,-0.00256616021716741,-0.00436332811586269
"471.771",0,0,0,0,0,0,-0.0166684855523876,-0.00641593630322838,0.000126058243302291,0.000210740209281235,-3.26366740506652e-05,0.000544485190217269,0.000113460819486884,0.000375628616835734,2.78299782354386e-05,0.000295614441978993,4.51240584955175e-05,0.000406433288684089,0.000976095116065914,-0.000757146331615725,-0.00015004504000595,0.000620002456654176,0.000180149959661642,0.000183239376227879,0.000189864430096449,0.000146250611824127,0.000143844822895857,0.000128668397295298,7.09166375976349e-06,-7.77909202108392e-06,-0.000177409359762872,0.00026599693761348,0.000200841647522277,-7.71657546986904e-06,0.000575622058451244,-0.000133936694462722,0.000184192188660804,0.000696442282080322,3.88479055795981e-05,-5.29301965434225e-05,0.000624569687424613,-8.51404086911462e-05,0.000265718826548851,0.000579145109296709,8.81155648365809e-05,0.000467189107016738,2.47091262493942e-05,0.00136909180571839,0.00115237631398918,0.000370205842314631,0.00723549646526977,0.00793638337027435,0.016330095313929
"476.407",0,0,0,0,0,-0.014527777755682,-0.00727905388247464,-0.000458028945040182,-5.49538289801069e-05,0.000316034704306392,0.000394703540524045,0.000100843745017964,0.000174610712327527,0.000140909449987312,-0.000154257931817952,0.000106887791541684,0.000272846016571162,-0.00022515586219052,-0.000289350566850737,0.00031822770987373,2.07419519772335e-06,0.000196924513141041,0.000291307850153073,0.000424159771386836,-0.000300679740915567,0.000137579235772254,0.000196620460101435,0.000459791418868429,-0.000128053030807242,-5.98443474332046e-05,0.000294070676833901,-4.41472505749761e-05,0.000266866223973796,0.000408633322091742,0.000565530572041038,-9.15335744876929e-05,-0.000340429615389288,0.000175839193099781,-0.000224210060008034,0.000457452821675939,0.000599117442507183,0.000240321408696282,0.000131552494981864,-7.60722244815871e-05,-1.81113658939455e-05,0.000189830876956603,-0.000732893983404419,0.00196969733566536,-0.000153574811009189,0.00169112832551819,0.00434950327335583,0.00188708476087068,0.0129451709235397
"481.047",0,0,0,0,0,-0.00880499550274259,-0.000694785708538179,-9.90839991796655e-05,-0.000111020422252983,-0.000377142462391894,-0.000136392033309424,-6.74208198846433e-05,-0.00045347125229838,0.000282552712474812,0.000115125276644368,-5.83236170555729e-05,-0.000166416872003232,-0.000678011947446256,-5.85065011878792e-05,-0.000480286344443833,-0.000258555618574477,0.000187843132931335,-0.000384827748296068,-0.00063774477268963,-0.000283670744476079,-0.000656936716658125,-8.30574507055594e-05,0.000195076531540811,-0.000217692230883305,-0.000591955494013938,-0.000314987425716522,-0.000483446591247116,-0.000421705849787081,-0.000784362708446222,4.64537732071695e-05,-0.000527694749266142,-0.00015676881582803,-0.000313113708010805,-0.000824503377020953,-0.00016547370038724,-0.000585460331400426,-0.000323589229578995,-0.000449757997466505,-0.000695821221104491,-0.00110974971750134,-0.0016424997898711,0.000150155180536265,-0.00105679988803136,-3.1629205930494e-06,-0.000795796934310611,0.00107821219460057,-0.00142898488559548,-0.0119961340050037
"485.688",0,0,0,0,-0.0100821551247512,-0.00066184354538293,4.13767113973797e-05,-0.000265004650094409,-1.57288484027078e-05,0.000115699369023246,-8.17914018254698e-05,0.000232394334808639,0.000166278816568352,0.000290254070213718,0.000222908441456869,0.000342040988386451,-0.000683552743784344,-0.000620402832872579,0.000567846569725666,0.000569658835393041,-0.000431464891544496,0.000188377745264186,-7.77722934260113e-05,-0.000142373304364617,0.000306258374882651,0.000145016812244905,-0.000324892081456802,0.000172584003861084,-0.000120841438774326,6.60732330528742e-05,-0.000118010706346,-2.97608042879274e-05,-5.28013464105492e-05,8.22514106763648e-05,-0.000282887541552653,0.000849712861184224,-0.00027968913378581,-0.000157429507646183,-0.000262902682455993,-1.14258511576975e-05,0.000431190733225752,-8.67162647919916e-07,0.000857823248314835,-0.000394636668480851,-0.000407043711517218,0.00012508368571031,-0.00138633342265385,0.00178043010901185,0.000414847902196673,0.00115475666317351,0.00032347237163938,0.00457777166569386,-0.0244227407627094
"490.333",0,0,0,-0.0106656583948093,-0.00086506460922287,4.35102042800808e-05,2.27648475334247e-05,6.75692599430346e-05,-8.23381683473866e-05,0.000160331931780895,-0.000495055265638111,0.000431512700677499,-7.03619361567176e-05,-0.000188518713700745,-0.000286256608882503,0.000118778774086647,0.000120982669456673,-0.00035624648691426,-3.1250916200628e-05,-0.000261998145196655,0.000309578243388178,-8.67289422263131e-05,-0.000214712404472423,-0.000183220705933444,0.000220563598965745,-0.000268802063876701,-0.000234448941200175,0.000104923281522144,7.47362184736789e-05,-8.2315168804611e-05,-0.000264713198623247,-0.000250376533947071,4.40452187343929e-05,7.55609774948274e-05,-3.19890255825983e-05,-0.000289749642739548,0.000182821186280505,-0.000351928900034887,7.73322875630698e-05,-0.000332902795366233,0.00106371335818653,0.000299505582070396,-0.00055669026108526,2.90176750689735e-05,-0.000583722817510527,-8.5048257937691e-05,-0.000555592204580348,5.8745733648146e-05,-0.00467018843936241,0.00210866677316489,0.00157197475999766,0.00113228278446631,-0.0263418075059633
"494.979",0,0,-0.0120906913722419,-0.00103941805564911,-0.000616507434928637,-0.000570837745798479,-5.88365343323182e-06,8.89754822680921e-05,-0.00017293753133948,0.000199414744523828,0.000122677087234407,-0.000286698671348788,-0.000101346778998971,-1.57879132277573e-05,0.000674509448105307,-0.00078755963162176,0.000100089673852506,-0.000181010898810519,6.8111714115283e-05,-4.76522405398975e-05,-0.000202078245547352,4.27107066311026e-05,-0.000214701237370058,0.000165436109223585,-0.000567599574652376,-9.26010374302968e-05,0.000271490801308134,8.25471768060806e-05,0.000345294955248394,-0.000163256364309841,0.000176124860241726,0.000161236999399986,0.00019300633786159,-6.04363864818961e-05,2.34112991215046e-05,4.95830429924177e-05,-0.000183106311993084,-0.000526147077734367,-3.39364508613531e-07,-0.000186682125238436,0.000365302108684264,-0.00024019273599255,-7.998951511838e-05,0.00021239127963001,0.000529301767351555,0.000526814809592993,-5.12479245812033e-05,-0.000395880640620336,-0.00184142644296387,0.000365185813305893,-0.00608118002927227,0.00059196531938932,0.0125570130800077
"499.629",0,-0.00403326780738164,-0.00120628361930031,-0.000476698694206974,0.000144655829783395,-0.000109176580648025,-0.000237191981559174,-0.000153251382090978,-6.12631078799686e-06,-7.25471700139049e-05,-0.000179132711943061,-9.60647994723453e-05,-0.000475741804215284,-0.000175259335438527,-0.000192574148735672,-0.00107044055417812,0.000716312751606576,3.63553153946408e-05,-0.00031641050144025,8.21713507446479e-05,-0.000383705280932581,-7.85059694083663e-05,-0.000444275168711354,-0.000339914795961382,-0.000188979370436042,-0.000328647291652537,-0.00036916731179707,-0.000284795461382138,-0.000135001921669767,-0.000591436736118942,-0.000205383783936542,-9.54899992856153e-05,-0.000443392345212713,-0.000150765869603337,0.000155207447125778,0.000180479765442037,-0.000235367862136161,-0.000744879580672004,-0.000213517742998243,9.23960961162059e-06,-0.000794565287544368,-0.000239740418588962,-0.000278364820430298,0.000134158250532392,-0.000299920117137855,-0.000715279181241073,-0.000680179813158721,-0.000304461404656808,-0.000350694663869294,-0.000486181159972133,-0.00870725879083228,-0.00539569516025168,-0.0121289958446781
"504.281",-0.0113509764425469,-0.000259057655435338,0.000495281494503586,7.1552946783914e-06,0.000270628260872762,0.00031208642665055,0.000158414700689578,0.000279832648424213,0.000122821261893706,0.000447518216419268,0.000220857986410647,0.000218085075658912,0.000196415627464479,0.000203214853217231,0.000302282223236618,0.000401891364887941,0.00016226123670148,0.00054053956973669,0.000419441666194786,0.00058221867965502,0.000108672804150593,0.000205031444477068,8.50911632276436e-05,-5.80589588487381e-05,0.000557029897206035,0.000427062007724089,0.000428393550600365,0.000277390026633161,6.71836678207118e-05,-0.000170121034048115,0.000336518536156965,0.000255540305365212,0.000546308089717852,0.00044427589296386,0.000538636687995698,0.000567488938084995,0.000147158718184099,0.000293888264285823,0.00014498085162246,0.000402771190414706,0.000187646443740853,0.00106241410143292,-0.000264630385079747,0.000240905245267328,0.000175120565538732,0.000251562654628144,0.00310989495291246,0.00159378291298939,0.00258358712226417,0.0026036553802319,0.0040003503829758,0.00328029002615118,0.0150075389768629
"508.936",-0.000278282003981167,-0.000489961159855706,0.00069826780191669,0.000416109638711819,0.000124056995337397,-1.93209251553837e-05,-3.89242494292372e-05,0.000109434610626399,0.000349876249549061,0.000324287962971851,-7.37615919053286e-05,0.00018100441021516,0.000114666720699164,0.000299100971302374,-4.75715747878126e-05,-0.000313320590265723,5.18635606218997e-05,0.000340789089819325,0.000208567267012591,0.000450574695666514,0.000380460478054473,0.000700695396319002,9.35975904483345e-05,0.000222979593472394,0.000367324291917935,-0.00028072650696332,0.00014253276372368,0.000134500062304661,0.00037269452926775,-9.53672048191646e-05,0.000160166758402811,0.000210763709829232,0.000462418796512893,0.000165169663438805,-8.52170127991168e-05,-0.000245545412518887,0.000294253891212952,0.000284127300232574,0.000115746276003968,-9.17454617314444e-05,0.000472403668380375,-8.30125860513318e-05,-1.21462777826363e-05,0.000975488880167555,0.00068223898279402,0.000668997747460173,0.000371712814574778,8.71177331173076e-05,0.00040867670687525,0.0035650118748829,-0.00317812961310393,0.00342909877834588,0.0223007266990665
"513.593",-0.00120679461675411,-0.000215536947542632,-0.000602421366831507,-0.000430499383747127,-0.000385912683011861,-0.000240173911543877,-0.000129236933655016,-0.000319387600324415,-0.000216708127828589,-0.000295542693091998,-0.000103588363910054,-0.000313003669745339,-0.000845966950726825,-0.000308739552303065,-0.000205845466244399,-0.000590082369010634,-0.000247883049181937,-2.40133401724692e-05,-0.000329066146113278,-0.000594251042717732,-0.000928067266804534,-0.000925505528426903,-0.000354668377153052,-0.000204528680987386,-0.000395865232588105,-0.000709535278330424,-0.00025281759662389,-0.000474717643669116,-0.00033306939562039,-0.000892232114577952,-0.000166327166633563,-0.000614687411264985,-0.000591751597281158,0.000149119470276704,-0.000741978002293546,-0.000203637771842412,-0.000738561049637104,-0.000736611365256647,-0.00054603427633313,-0.000889672339936485,-0.000753238930145307,-0.00069754525986187,-0.00152618392605173,-0.000672053995353241,-0.00184524123484528,-0.00147770960555224,-0.00260922331580872,-0.00226782558689662,-0.00427598430958463,-0.0096459690814889,-0.00559634712572421,-0.0130690156574422,-0.0180359830120285
"518.252",-0.000574640947589435,-0.000447330028449956,-0.000304276730568541,-0.000214433025563041,-0.000521023556707578,-0.000320775781212663,-3.36807467392558e-05,-0.000313805379686399,0.000219674017150868,-0.000261328363756981,-0.000170117834186969,-8.7722261845646e-05,-0.000689987905237477,0.000320890426170261,-0.000325228287122049,-9.26662107294285e-05,8.18211739978642e-05,-0.000298598296685027,-0.00082695555795059,-0.000382204433496967,-0.000367905926058268,0.000168885782489833,-0.000395081879033579,-0.000561655401015981,-7.73469291256449e-06,-0.000150630777155519,-0.000237006366456719,-0.000553379485196796,-0.000736731505358155,-0.000327709438652813,-0.000727017615270355,-0.000100890659060268,-0.000152505780828708,-0.000207666219417269,-0.000461757026055487,-0.00078580554743553,-0.000188197742915565,-6.32706034370748e-05,-0.000238501087839498,-0.00101689225992671,-6.52057751637719e-05,-0.000422472822213774,-0.00015662353217963,-0.000728107379918821,-0.000156366976578563,-0.000623309656556545,0.000267268764643433,-0.00030072988411162,-0.00386982327524896,-0.0031755658568875,-0.00355772580880853,-0.00650676517517614,-0.014157331618913
"522.914",-0.000238864968325991,-5.92317847010319e-08,0.000259529149810981,-0.000323454701798787,-8.89156391543968e-05,-3.14995613872799e-05,8.93470294568633e-05,-2.50972729623113e-05,-9.8045570346146e-05,-0.00017888653368601,0.000200853631456037,-0.000233291675791088,0.000213965884585679,-0.00035802743691922,-0.000213959467108443,-0.000175478067445108,-0.000452172052305888,-0.000350786633513398,-0.000367311544572175,-0.000587660409372638,-0.000204651002744013,-5.00773345341457e-05,-0.000492947041556134,3.26410477635676e-05,-0.000368691063631559,0.000261686445903627,-0.000264980479685163,-0.000674831197671683,-0.000205038031170181,-7.95632990498869e-05,-0.000422147156877615,-0.000300510403470695,-5.80003440381824e-05,-0.000457089007997093,-0.000114514199775195,-0.000499117524095753,9.35502775814732e-05,2.70751641023858e-05,-0.000113931081969527,-0.000202265589029636,-0.000194170472128928,-0.00027995013497708,0.000644848174572888,0.000707999703621749,-0.000431051061266814,-0.000209575732742364,-0.00142878454920982,-0.00245019211440311,-0.00413921357647268,-0.0019081205894565,-0.000821516338850818,-0.00262121396854445,-0.00775022475228094
"527.579",2.05857362636705e-05,-0.000463089607387246,-3.39376085146338e-05,-0.000244816282482604,-0.000184211878286048,-0.000218462682763529,-0.000311911612138597,-0.000166368681411156,-0.000237996298575103,-0.000293607909391221,-0.000148645496931078,-0.000338761481636599,3.68157887699425e-05,-1.64756891230824e-05,-0.000171209226009456,-4.23515590387038e-05,-2.97425511081818e-05,-0.000163779179187423,-0.000453740935871391,-0.000244458724958225,0.000107274740525742,-0.000512064603186044,-0.000158852666027221,-0.000146242180478386,-3.88199321121282e-05,2.93636367850649e-05,-0.000257777549062336,-0.000542862575876204,-0.000102701889828974,-0.000629327307764088,-0.000515464729783143,-0.000221883542790628,-0.000549186041767162,-4.42284935923169e-05,-0.000321313711169998,-0.000467134253629175,-0.000178608050346024,-0.000261154721973466,-0.000274753997984348,-0.000950535264959563,-0.000529337277186685,-2.40249878567854e-05,-0.000168083768279907,-0.000178184837587085,-0.000707355599628838,-4.61615340819092e-06,-0.000103863401296179,-0.00338973051263233,-0.00172887342219868,-0.000602759064138193,-0.00335199820054479,-0.00540011149295825,-0.0162441882619799
"532.245",-3.16254675595879e-05,1.8468696440561e-05,-0.000168688725171151,-0.000229320973148142,7.44094004920997e-05,-0.000337784973033294,-0.000189285421138919,-3.76586630850033e-05,-6.64211386331056e-05,-0.000296330713521647,-0.000167637106471353,6.81210574418941e-05,0.000316419021567408,-0.000359701937626253,-0.000362433539094402,-0.000386422813286364,0.000162926614074358,-0.000742129441710109,-0.000180347241541819,-0.000254111868058915,-0.000116226582467724,0.000133670302155404,-0.000703071529294657,-0.00044576580826913,-8.50042541648601e-05,-0.000321265570614317,-0.000375909691573606,-0.0001470171794344,-0.000249445876583314,0.000122792396271844,-0.000243900236536427,4.28782071525115e-05,-0.00016669832193534,0.000139520729420595,-0.000206903558499316,-0.000169327484306373,-0.000340704961612043,-0.000252846747226711,-0.00015193915240063,9.18295030536852e-06,2.11218839054572e-05,-0.000456747495751217,0.000321117718385037,-0.0013904011956934,-0.000553762109018578,3.57099343939234e-05,-0.000594674706410076,-0.00331731156687257,-0.000786440183841663,0.00122490957729976,0.000640936925989136,-0.00696254740601699,-0.000313013332389145
"536.915",-0.00115150604435899,-0.00131768055125147,-0.00110845993355694,-0.000699747003383108,-0.000797458402563736,-0.000705174555383376,-0.000352589017326914,-0.000213881627224426,-0.000477835064484032,-0.000395903621713036,-0.000410415265715345,-0.000453134354374069,-0.00105040982917981,-0.000906583254678663,-0.000607793164839847,-0.000601324037586143,-0.000433809113693356,-0.00096027931517456,-0.000483512091672403,-0.00104048020091497,-0.000494367451467938,-0.000144307767112185,-0.000278268040786578,-0.000669514460456103,-0.000766765155829696,-0.000602406956525127,-0.000393564642123886,-0.000347854871641335,-0.000723849375876894,-0.000496200522228408,-0.000880804359626541,-0.000440259390092907,-0.000590188630992402,-0.000914334269816646,-0.00017708492371124,-0.000674543409761171,-0.000445474903897535,-6.35315165043519e-05,-0.000965686335850663,-0.000387866775069133,-0.000588430211473492,-0.000955591686237673,-0.00157517938423902,-0.00116387403680152,-0.00196511088590418,-0.00193528158222354,-0.0017835032067255,-0.00551214048489873,-0.00138977931272447,-0.00343924603843944,-0.00749416788127542,-0.0129462952606669,-0.0512872413242386
"541.586",-0.000212562728303437,0.000472365379129169,0.00013574974180007,-0.000121281400837646,0.000110654325804523,-0.00010235477321433,0.000114944226864945,0.000257376194071484,-0.000233213333676437,2.71912174346911e-05,-0.000193303413975158,-0.000373886371648947,-5.53200631272232e-05,0.000192235868677099,0.000324048459214427,-0.000386998455301102,0.000278769113604532,0.00050098043279126,-7.9048415501245e-05,-0.000204611417146313,0.000308213391026584,6.73717410499554e-05,-0.000333367874066781,-6.70270358286268e-05,0.000124652465922746,0.000319671816321081,8.18830913922426e-05,0.00017923741887171,-3.08123740828512e-05,0.000353765266146705,-0.000249098480895273,0.000101492537914885,0.000330521865373377,0.000683722044212376,-0.000195870154676511,7.18373409272586e-06,-0.000113896334369437,-0.000441769040469826,0.000202324485038378,-9.39923506223564e-05,0.000208259249929125,0.000511313253858337,7.74054199844419e-05,0.000326666119357623,-0.000214055422077984,0.000458156745603306,-0.00250425369756069,-0.00258267771604923,-0.00031473893132087,-0.000114477071331908,-0.00136726204175849,-0.00400234254333593,0.0141291403648238
"546.26",0.000660106360344782,0.000142526659430077,0.00049065062083882,0.00027483528965827,-0.00029392406184896,-8.98922798841108e-05,0.000183062164214349,-0.000191024209442821,-1.65321276940009e-06,8.23613056664951e-06,-0.00012606665732181,0.000255351044111213,-0.000254420082609064,0.000126932323638822,0.000195812800627461,4.28971025110541e-05,6.79031165850212e-05,0.000424238700141335,-0.000308077344751766,0.000175922761704987,0.000264816796802759,-0.000147334116458281,0.000574650404099544,0.000406799830808452,7.82671693937029e-06,-0.000353021505897371,-0.000310148592525743,0.000240913554604413,-1.97727253879918e-07,0.000252468332867494,0.000316090905466519,-9.55860323277755e-05,-0.000119127074371956,6.02704846696128e-05,0.000235408119786352,3.25270817476616e-05,0.000156725853341838,0.000304624203469837,-0.000730206089177451,-0.000167286613485949,0.00052092122131646,-0.000469145695160285,-0.000333846562478296,0.000526698059622474,0.000367931181048468,-0.0015761371854018,-0.000192732898975229,-0.00175964491840241,0.000644114332855987,-0.0021756427710569,-0.00332350087897423,0.00405814524525357,0.00460259653877135
"550.936",0.000300177683787803,-0.000115101796399475,-3.53204072855578e-05,1.57375890733919e-05,1.37888267786427e-05,-0.000200730765202861,0.000216337190686705,-5.82936319208369e-05,-0.000121678457995929,-0.000154490140226834,1.77029788005837e-05,9.52549116697376e-05,-0.000503581341501281,-0.000333258437995736,-0.000205606639168236,0.000456681576873116,-0.000161145752814611,-0.000436471395588588,1.70722573181046e-05,0.000327037368867752,0.000193048852899175,-7.88936524747795e-05,0.00064867274582309,-0.000268039072959201,-7.99150406417894e-05,3.0609480327069e-05,0.000228165845295255,0.000159058178271533,-3.83376291926118e-05,-8.25022896040067e-05,0.000147941257755367,-3.71109534597933e-05,0.000126902737836348,0.000205471846499996,-0.000293181906738992,0.000258101658404906,-1.7954131950706e-05,0.000194928557832233,0.000538834578646644,0.000543394716699574,-0.000157215713658751,0.000385703537065283,-0.000137908874236086,-0.000692283306708287,0.000614100557353243,-0.0015355530197039,-0.0051571097384169,-0.000585501003506688,0.00111188291372701,-0.00118736523697161,0.000762381873343314,0.000931196308787845,0.00154220709736021
"555.615",-0.000569645272961062,0.000163107913470277,-6.09546502485742e-05,0.000106308321653214,-0.000204912990999902,-0.000318048172087018,-0.000374526611206848,-0.000516450964582488,-0.000182124237264909,-0.00035954408026826,-0.000368317399314061,-3.69397788293488e-05,-0.000232787534059455,-0.000340632814316231,-0.000337654195931672,-0.000138200602797708,6.45510923940205e-08,-0.000274422502904836,-0.00047880118764587,-0.000711514142850008,-0.000128857957624112,-0.000444089022641915,-0.000311517721367284,-0.000260168125526252,-0.000262528001795226,-0.000316971203217938,-0.00034329546520267,-0.00022029292843512,-0.000508559224080248,-0.000194878040124391,8.14079099491783e-05,-0.000140717087252437,-0.000501101800035338,8.02800698556288e-06,1.55700860104144e-05,-0.000141673940795732,-0.000387198575269054,0.000120718607000187,9.81147041169682e-06,-0.000241197142228279,-0.000313645402656168,0.000108065983417944,0.000276102180387408,-0.000554860288674259,-0.00304862418116377,-0.00344970201344635,-0.0028685928382359,-0.000644636153216902,-0.0010840073192913,-0.00264512691475726,-0.0045459193139251,-0.00159838726152566,-0.0184026926745713
"560.296",7.55466668048893e-05,-0.000269876093421492,-0.000331203213722128,-0.000467786036215841,0.000304304162915656,-0.000172449497101601,-0.000110233625957077,1.08811700007356e-05,0.000157540437957338,-0.00012423159556609,0.0002628977351798,0.000171604960651671,-0.000201931489630046,-0.000151948586531594,0.000132682572857208,-0.000167784959374502,0.000200643059052519,-0.000137696911741257,2.67973395359787e-05,-0.000196785516832741,-0.000148514575869897,-0.000331907901044646,-0.000347670659236842,-8.61772322655937e-06,-0.000495455195864761,-0.00032631021825819,-0.000214301425759644,-0.000450300375014122,-0.000434503904976915,2.26026144138115e-05,1.49418686823043e-05,-1.49925965074385e-05,5.99471796241949e-05,6.89998284571336e-05,-0.000565033573360308,-0.000134187049375969,0.000424689055907739,9.19605193611784e-06,-0.000177454531205917,-8.40337357073507e-05,-9.0177873250299e-05,0.000216272036749093,-0.000206110360704379,-0.000102610495139543,-0.00187826107100186,0.000184993941660369,4.51793116220999e-05,-6.34243305339438e-05,0.00193292796770135,0.000323281409547932,0.00132008199391895,0.00352055166084156,-0.0109780831305458
"564.979",0.00024990997362856,0.000184681463778483,6.98734325813996e-05,0.000669727263679285,-0.000195616910968401,-0.000242862523852977,-0.000303524474533893,-0.000207726005425433,-5.0099803867744e-05,-1.18716264638198e-05,-0.00024676553778395,0.000133938578446409,5.44946762926542e-05,-0.000192291245615853,-0.000163990098452149,-0.000147615477257448,-0.000327354063145005,-5.79374240950354e-05,-0.000153131376107152,0.000369850277915412,-5.97158467462806e-07,-0.00023828100746512,-0.000184785524352459,5.9063185893694e-05,3.15279064155998e-05,7.00603762644127e-05,-0.000293790525182378,-3.09908190178075e-05,-0.000454097927712089,-0.000114072661389462,-5.5186399284915e-08,0.000217618300576374,7.5699232676163e-05,7.35447795590565e-06,0.000280434481434504,0.000109434663528615,9.74980337837486e-05,-7.60855994904122e-05,0.000228664481197302,0.000912423433780006,-0.00052274389135862,-0.000420500179899105,0.000156872063057963,-0.00050139809461025,-0.0028275397485176,-0.00158536651981717,0.000819584209037293,0.000151503455189334,-0.00205166826456975,0.000100392226638248,6.53177446569425e-05,-0.000491459507140093,-0.00837967058438783
"569.664",6.34098191010479e-08,0.000176402285337909,-7.97543606755066e-05,-0.000267839318202807,0.000160645589368164,0.000170088381237273,0.000169186391203947,-0.000347814322283193,9.4545166380115e-06,-0.000171927868480272,-0.000400916650236047,-1.44011495770753e-05,0.000308865155947181,-0.000262140434593515,8.29436184499543e-05,3.76707321157263e-05,1.58716955051666e-05,0.00017376587426468,-0.000126569756459355,5.68847318012414e-05,-0.000160675545329463,-0.000381861869113076,0.000168072503162835,0.000163421695875853,-0.000211386513782339,-0.000189332808029001,-0.000233368685421994,-0.000178331829344267,0.000279201026442946,0.000122333742381441,-0.000188983835899384,0.00025727317765847,0.000114922899915896,-9.33664172254047e-05,6.4742762630595e-05,-0.000162168873358959,-0.000206907390026981,-0.000218515852627226,-0.000250936489199816,-9.68236412628475e-05,-0.000149277004200035,-0.000312428967721862,-9.05612423939758e-05,-0.00214775160137529,-0.00137199871341033,0.00151730873482708,-0.000808319874302884,-0.000564217834784316,-0.00121638558033975,-0.00162267204608944,8.76342167532755e-05,0.00129764334605779,0.00484497124291063
"574.351",8.82002916851377e-05,-0.00043476610258846,-0.000206917735356378,-7.96757621538999e-05,-0.000727550047524898,0.000373700541855657,0.000123951167124729,-0.000106817785250453,-3.51842402162912e-05,-0.000248441412143565,0.000269088971087706,-1.55192890543558e-05,-1.63640965044561e-05,-3.17291855950909e-05,-0.000272436589694513,-0.000217096384744708,8.64137980763072e-05,0.000398774314521011,-0.000584965047310735,-5.86344528197042e-05,-9.8013891168755e-06,-0.000116806036191468,2.66415493890465e-05,3.43060346613419e-05,-0.000262162621357581,-0.000279403569686958,0.000470993287745757,0.000352031262085351,0.000452857684876995,-0.000324699476197262,-0.000275091268922632,2.23563528961804e-05,6.88604709342424e-05,7.05137441385569e-05,2.40459368938436e-05,-0.000258476534158394,0.000353245046848985,-8.73460675940675e-05,-1.06015938159097e-05,1.0088629187937e-05,9.49855788743474e-06,-0.000453151199972368,-0.0016196354142165,-0.00257267524353338,-0.000949580843875881,0.000413092339879169,-0.000109615790176499,0.0010620825871524,0.000149468943405485,0.00410125239639196,0.00173570035056606,-0.00969145070311393,0.00194231180135399
"579.04",-0.000670222329158442,-0.000259370324528081,-0.000282565083977109,-0.000108372015115305,-0.00038918195014853,-6.97553113807588e-05,-0.000203952598795016,-0.000147968407613764,-0.000346115544885414,-0.000355526930992698,-0.00043376070041896,-0.000330717537469247,-1.33752617110405e-07,-0.000432442089190008,-0.00035110391891516,-0.000445672615263568,-0.000391476322083706,-0.000554045618241632,-0.000193396567032642,-0.000272941392226203,-0.000585317946414618,-0.000497466354624771,-0.000261074593839028,-0.000340066686145196,-0.000413751742259353,-0.000153068319258396,-0.000372855131525787,-0.000584520703415554,-0.000118604045563281,-0.000545069500069274,-0.000269868026801308,-0.000138810531390967,-0.00017966018153379,-0.000404815825703378,-0.000238827324022041,-0.000130243466576853,-0.000402905563471191,-0.000543455324045613,-0.000164046088056649,-4.55827795817408e-05,-0.000792709369666827,-0.000156068521760821,-0.00132278106520875,-0.00168156820679757,-0.000763405093973973,-0.000734110265806728,-0.000821891744015127,-0.00112918985490952,-0.00220941862774523,-0.000841916590137092,-0.00508987829214974,-0.00414206729668561,0.00401476390940088
"583.732",-0.000539866831157869,-0.000160887276796678,0.000403191868630261,-0.00028105726749007,-0.000130065942106865,8.73034545733117e-05,4.04393703287749e-05,-0.00012613612975797,-0.000212222708180279,-4.09573520126499e-05,-1.33961644163986e-05,-0.000340277164597012,7.64680939040248e-06,0.000110894923919865,-0.000246220640411021,-0.000182617103818484,-0.000345642660758517,9.24197227109794e-05,0.000176324817909262,-0.000157291025393278,-0.000328656341904944,0.000363741514482401,0.00062451492182036,-0.000324682385607088,-0.000224789217939405,-0.000445081920252081,-0.00031109592357192,-0.000421531039189991,-3.98762828312305e-05,-0.000321726330365423,-0.000263792839491251,6.21047050631478e-05,-0.000266390804805914,-0.000391407521962795,-0.000398131517686086,-0.000244690364780822,-0.000166741334457305,3.88673397678422e-05,0.000101698825436744,-0.000649131069875625,4.42395145948829e-05,-0.000694085812752814,-0.00118654464976514,-0.00167792231993184,-0.000151233102713099,0.000753445061419989,-5.12630230056071e-06,-0.00165978817606017,-0.00244967833266415,0.00217568947173783,-0.0041559473680361,-0.00767118988251589,0.0151572942651249
"588.426",6.71789285130865e-05,0.000584320692477293,-0.000591886043423297,-9.98053464568846e-05,0.000131840143319259,0.000108199975716565,9.88478288006475e-06,2.70986709364634e-05,0.000116475375781976,0.00018246511238108,0.000438583618412119,0.000186378910975263,0.000268684092558875,0.000111115619509887,0.000307831678179427,-3.0525921420628e-05,0.000396064616824411,-5.97148550309307e-05,-4.64968620492723e-05,0.000364601743144739,-3.9331396633708e-05,0.000192004368129071,-0.000200695601916074,5.27768772189709e-05,6.69296520104215e-05,0.000406377052412675,0.000344822102672734,3.21089780774602e-05,0.000502255793750854,-8.06192694574147e-06,-0.000218337236621864,0.000506279527581239,0.000219554076342181,-0.000208924534150377,0.000449334512131315,0.000227386603136953,-0.000240886370814004,-0.000274402237444665,0.000112397703765753,0.000789509247094633,0.000173468145946734,-0.000454783540765905,-0.000238737850137838,0.000572654354168853,5.42257486854675e-05,0.00131867352537918,-0.00073451113796491,0.000640402731193184,0.0012459717778991,0.000334626775499558,0.00124355419228935,0.00719976912384755,0.0111202833368496
"593.121",-0.000171824136680354,0.000171144501706006,0.000139256919752121,0.000342554824183518,-0.000343310661881341,8.16248805284486e-05,-5.47232146713491e-06,-4.53058021623979e-06,-0.000356646066709174,0.000153760149360367,7.21937169334668e-05,-8.63680588600275e-05,-4.09346918463508e-05,0.000479351447282844,8.4864500337309e-05,-0.000153907556139188,-2.43242692569515e-05,0.000221693343327964,-0.00040288207309779,5.94999179633095e-05,0.000253099239503379,-0.000147138232200419,2.75864245212796e-05,-0.000142056516229062,-0.000538228373063643,-2.50802683610611e-05,0.000266055575848899,0.000248865073713564,-0.000160313192862333,-0.000205795617573985,-0.000102151665305853,-1.56371685221875e-05,0.000276453556627989,-5.66091076452648e-05,-2.54981374457943e-05,0.000651998619518961,-0.000121640328550696,-0.000128656799598097,2.95636506932576e-05,0.000195094892453865,7.87510853927191e-05,-0.00188092352318341,-0.00111986349826548,0.000223771228018745,-0.000227776222099819,-0.00108421072016275,-0.000456579295893503,0.000813261935043639,-0.00130727953171913,0.000393718358007477,-0.00178873155302611,-0.00791475748693745,-0.00128477240900643
"597.819",-0.000231415386402832,-0.000827410593503211,1.41782316133766e-05,-0.000712134162485083,-0.000577751806218164,-0.000206278444072426,-9.35590008215314e-05,-0.000178449101287774,-0.000374283629679818,-7.7517023639514e-05,-0.00026483958498857,-0.000165471818656566,-0.000824035262535452,2.35794624307056e-07,-0.000686112916656732,-0.000695215618340644,-0.000963435439913135,-0.000489549513487538,-0.000668868610130808,-0.000358589665470786,-0.00076527849484965,-0.000647455789595235,9.21353732816914e-05,-0.00071317459803403,-0.00027902059779416,-0.000123509063044567,-9.74570251383916e-05,-0.000185496611386351,-0.000193342028383869,-0.000342703633298176,-0.000827441122922671,-0.000772097956302106,-0.000167226824769298,-0.000559781719032872,-0.000454810457060914,-0.000957565701312183,-0.000618287154396247,-0.00105143828940929,-0.00111821051488046,-0.000771624590459305,-0.00201909368911664,-0.00236016576159991,-0.00117310974318101,-0.00182287564779239,-0.000626462243585539,-0.00159337934901611,-0.00230559470525272,-0.00416778681497041,-0.00156006274471351,-0.00306503999514028,-0.00359096971593261,-0.00457147899559015,-0.0404351554177974
"602.519",-0.00105192750156497,0.000369003555848288,-3.88460889930793e-05,0.000174341603104983,0.000520997004295855,6.90741430184905e-05,-0.000162553547769904,-0.000211968573112776,-0.000248197313835614,2.39419833061425e-05,4.0033334690769e-05,0.000189874582648078,-0.000324005643132282,0.000218880960723664,-0.00065311963684349,-0.000124806617407086,-0.000510714971425691,-5.20781486129063e-05,-0.000797901464015199,-3.05888944620967e-05,2.96145244339742e-05,0.000288441405777162,-9.31348628850282e-06,0.000170960299906184,0.00041685805825988,-0.000273162997462983,-3.29233535423496e-05,0.000235719841443768,-0.000463713436224991,-0.000353693393831623,3.13860827479647e-05,-0.000214635311766984,-4.02805635965457e-05,-7.37670100533612e-05,-0.000204300051934998,-0.000831598445809861,-0.000189058415070153,0.000167357962881476,1.86126929168256e-05,-0.000682492545487549,-0.00191973649947239,-0.000925857465818872,-0.00020328576934387,0.000226892120280845,-0.000574421096127037,-0.00022216312293657,-3.35954485521685e-05,-0.00255666528884918,-0.000745124863027919,-0.00274677716132452,-0.00343684108035534,-0.00222671503795744,-0.00591885775343341
"607.221",0.000181584364223253,0.000455895615905838,0.000253025225627312,0.000555350180706392,0.000838343304509815,0.000537981094104964,0.000528485689259902,0.000190644194486848,0.000390730756882652,0.00045425681244451,0.000397096087029909,0.0005438803926796,0.000183860228467331,0.000678360151673396,0.00104633144571963,0.000753934747252155,0.000448211728899497,1.71623349610572e-05,0.000440515570189707,0.000647623357394266,0.000279609454899026,0.0012409186374872,0.000991693615332633,0.000343923611339733,0.000222947260342035,0.00071826236739869,0.000477913962755238,0.000106652363650036,0.000868782688897516,0.000542334366812256,0.00011985750296992,0.000512668376788126,0.000299188954314429,0.000387479593418193,0.000367779108809812,0.000567645587503091,-7.74699928984749e-05,0.000652742874790249,0.000177790619190927,0.000304832614723388,0.000347776482337331,0.000946471245485626,0.000734336897613637,0.000724990148379523,0.00136674518772185,0.000616845597636695,-0.000351051309347584,0.0017802326434529,0.00316953453550887,0.00155447102206968,0.00702051594149082,-0.000177114934856512,0.0198582027933466
"611.924",-0.000178518320721016,0.000136060012021362,-6.63614574716489e-05,-0.000472155673860797,-0.000485004503197121,0.000486958740169896,-0.000293179619404567,2.80834332253693e-05,-6.82112945852164e-05,4.31168952368513e-05,1.45321674327345e-07,-0.000177772009633893,5.99261873777179e-05,-8.21328000737198e-05,-0.00011113589396534,0.000111385071392349,0.000503298146003478,-5.28221373534803e-05,-1.00183731946509e-05,-9.13668662558364e-05,0.000202611314948347,0.000636793544109563,-2.79787095282124e-05,1.87874140220342e-05,0.000147709353254055,-0.00019370885618491,0.000366347547717199,-0.000248990840590529,-0.000248113060401842,-0.000368154031475148,0.000202565561428829,-9.65609761939295e-05,-5.70766217892162e-05,0.000141402325182115,-0.000232849992050378,-9.06387613147699e-05,0.000239519584416642,8.98246217487527e-05,0.000409089077552508,-0.00104509347170148,-0.000968940141218462,9.11623437254761e-05,-0.000294158153234118,0.000433077841066969,-0.00025770332447483,0.000503522312325765,0.00121470050028744,-0.000167071122623338,0.000338884987078098,0.00262415725054369,0.00193860705291058,-0.00503949061947806,-0.00210417117038644
"616.63",0.000699001649762459,-0.000222405548180659,0.00020085533249099,0.000261239573499405,0.000186821601384584,0.000206932686398126,0.0003342880458044,8.53486329698643e-05,0.000196828131357959,3.09762923196357e-05,0.000350417354624921,-0.000171973070094962,0.000504626084475854,0.000233473960088996,1.5464071390253e-05,0.00036062006173522,-7.6340793396525e-05,7.95004940617323e-05,0.000313293933648345,0.000702463004750935,0.000132754639835695,0.000172771599929912,0.000334464559497061,7.36434330085786e-05,4.40820530143327e-05,-0.00017100507374866,-4.22990064846928e-05,0.000360510002077543,0.000242646494324675,-3.30757546619998e-05,0.000425097824953357,0.00039229127686832,0.000288838873288005,5.88750493790423e-05,0.000471494413351061,8.7506645761649e-06,0.000298347444194129,0.000491019132693923,-0.000495992907752853,-0.000787255231686185,0.000510424921858782,-4.18711455620224e-05,0.000809945453468222,0.00102673451094886,8.80505829462495e-06,0.000281019736055703,0.00114768909401856,0.00249261033110758,4.26160290881543e-05,-0.000529789141105907,0.00158111877050161,-0.0130164529604056,0.00820509177034233
"621.338",0.000465795660178592,0.000693456512547957,-0.000145434565318634,-0.000435793227278832,0.000258711083261728,-5.75629057378532e-05,-0.000266664767846627,8.12878864848254e-05,0.000144624657478929,0.000137118079084208,-0.000450327616752571,0.000279169680390783,-3.46957992502044e-05,0.000370211820681137,0.000227772042737877,-0.000234406151120453,-0.000171146294138622,-0.000413730938661516,-0.000217497803196886,0.00011482990519697,0.000328449352373572,0.000116222426955938,0.000346230848467074,-2.79944776804459e-05,0.000221018112490226,0.000223429308499732,0.000279878758464984,5.04445115067089e-05,0.000109119436836307,0.000349566674862633,-2.49736029280252e-05,-5.79014722242349e-05,-2.49958126495925e-05,0.000186418800079224,-0.000141194877734136,0.000146976473167863,-0.000345364448962372,0.000437766057019473,-0.00054070239115804,-0.000780092550483433,0.000533355805202842,-0.000243547701732343,0.00051818829836578,-0.000345018940491144,-0.000232179824787324,-0.00115049449854597,0.000112912140228687,0.000237381578674007,-0.00171788225381522,-0.00189925561713651,0.00225146261122733,-0.0147155309212241,0.0130500156908798
"626.047",-0.000120966214634662,-0.00020474682370914,-4.88011617993745e-05,-0.000211089918813628,7.66904592169461e-06,5.7929944903795e-05,-2.74387867591487e-05,-9.68095871901118e-05,-3.78820536707811e-05,-0.000126064814439792,0.000279540896366977,-0.000240824497675129,-0.000444648436035258,1.72124566650683e-05,0.000304228660312711,-5.71906140693765e-05,-0.000802471664209508,0.000136107961835275,-0.000428532120868932,-0.000232443874987565,-0.000145107798360666,-0.000342594917005399,-5.90062411099499e-05,-9.96884118552917e-06,-0.000375737480884983,-8.73188400017726e-05,-0.000727848509686434,-8.55573765465182e-05,-0.000187652662171622,-0.000437808134305975,-0.000291375982038737,-0.000574462959316167,-0.000286570860827075,0.000659649662938713,-0.000249812170427982,-0.000507761618880287,-0.000289776716836696,2.05110680744948e-05,-0.00201753283901901,-0.000226324287848425,-0.000491072306615858,-0.00084401716040489,-0.000287344181873682,0.000555495552081952,-0.000895441112405216,-0.000699380022949411,-0.000715700119954321,-0.00082410957187143,-0.00299425357669667,-0.00162096191579604,0.000753168447140704,-0.0173598506909431,-0.00401320052288262
"630.758",0.0010489963423778,0.000675081286449208,0.000572045143089987,-2.78986875303792e-05,0.000256243280635395,0.000183637392996226,0.00026091112096859,-1.94516729173153e-05,0.000487182808493073,-1.89853469212654e-05,0.000283110226074175,0.00067097442880014,8.88428077611273e-05,0.000317399688994147,0.000250033937608363,0.000396078124996613,-1.68148526819819e-05,0.000551147910067398,0.000140588025010465,0.000329779375927619,0.000251753013019245,0.000622390450360612,0.00030450158863847,0.000257309800116425,0.00104779190675776,0.000473553747448619,0.000372042619303311,0.000457246957790744,0.000275889274952235,0.000237825295562393,0.000345249395166743,0.000227170229705584,0.000526141688660726,-2.59209671120823e-05,0.000736149704978072,0.000130635201973353,0.00010482191094884,-0.00088249562446889,-0.000215196579207863,0.000699036485764946,0.00130746387094146,0.00065834690915034,0.000240480553053424,0.000365176790181762,0.00106279862634369,0.00111071114669451,0.0011556169529628,0.00090093156252967,0.00258366691973225,0.0038819452670648,0.00632381523317986,0.00398863723324467,0.0231597097601907
"635.471",0.000294765312886196,0.000647360471135125,0.000148865974526389,2.77306385173958e-05,0.00021785104524409,0.000110994075106318,6.69212175111566e-05,0.000216386597830978,0.000165207169256307,-5.13716130320632e-05,-2.11811323587289e-05,0.000245226021744824,0.000309940957578432,-6.06813008918742e-05,0.000410779076574163,-0.000614592861883905,0.000183769726051759,5.51551381114735e-05,0.000385343824425696,0.000331670272107687,0.000178925089242936,0.000338410332033274,0.000187596296979142,-5.75046273142527e-05,0.000491101496513542,-0.000141811990155097,0.000322734294663697,0.000113006168793643,0.000112815581509504,0.000128576848754063,0.000305038813241268,0.00044881478450659,0.000290734015109767,5.22401856862698e-05,0.000541873878287007,0.00061795477425516,-0.000322658607259404,-0.00104136062570821,-2.36732375097949e-05,-0.00049216484165652,0.000319091864385742,0.000303102921661706,0.001353569851799,0.000558557485335657,0.00109687758453254,-0.000342498429011545,0.00130966434982246,0.00108210357194276,0.000747954468363038,0.00354198338650492,0.00144729512105101,0.00419182201359821,0.0174664605216416
"640.186",0.000480330221048641,0.00126416339828083,0.000696714094489143,0.000617803951894096,0.000468933689230199,0.00061497056230723,0.000347394102603594,-0.00010851577234177,0.000210032353709593,0.00045597793135501,-4.25588466837836e-05,0.000534257422451706,0.000124011609619331,0.000121356569458822,0.000109336399488469,0.000116563871954447,0.000158603613285205,0.000166855557973898,0.000487526649733523,9.68602925692123e-05,0.000582091663014317,0.000648348953852066,0.000783625925303293,0.000471505768938879,0.000455597985826614,0.000221754780124861,0.000375888650339358,0.000383548043220918,-0.000104113081383618,0.000352161082196398,0.000322711596106253,0.00017830466352252,0.000222933237053533,0.000166026622487751,0.000588261277401765,0.000207461250675208,-9.26028043378227e-05,-0.000221529860227603,0.000954414572628538,-0.000216629582900136,0.000217006264736419,0.00105285452409151,0.00138162551099878,-0.00024341416285995,0.000632044357081552,0.00075660908716326,0.000205626298531933,0.00167992678738401,-0.00074955332012263,0.00342587264957331,0.00928878520705873,0.00182497479520986,0.0175616774280114
"644.903",0.000996092180351438,0.000333529580895155,0.000523183186698663,0.000434884405304315,0.000335100674213091,0.000344795790338607,7.33784166674323e-05,0.000219405096948712,-7.80886249744348e-05,0.000461224814647989,-5.06624852138136e-05,0.00015459473445083,-4.57192326532181e-05,0.000762420283078436,-8.49878399271024e-05,0.000522027089328032,0.000427513944083201,0.000215585943520425,7.22893757814227e-05,0.000520350419398301,0.000299178439601058,0.000241661438275468,0.000200236019216421,0.000125923682252365,-0.000101776022840984,0.000232774601509194,0.000300210744390523,0.000237621515388093,5.29517977382999e-05,0.000338843686814124,0.000111476561357918,6.83355882243115e-05,0.000520024777581493,-0.000222054784422814,-2.01405988858593e-05,0.000115939965937825,-0.00184971480096284,0.000565971614913563,0.000135960118915304,0.00064218393307864,0.000258631595251294,0.000698540793096588,0.00160853443122898,0.00105508901867589,0.000992001095049861,0.00167836350997164,0.000294735991319633,-0.000212643521403372,0.00120734402397583,0.00142484662069365,0.00890271655679481,0.00978929542564717,-0.00275511820179068
"649.621",-0.000467018752043795,3.38704745184743e-05,-0.00027514270593277,-0.000364552400537386,-0.000480558121759113,-5.31585287355104e-05,-0.000218261458752613,-0.000227401583866886,-0.000282958218228671,-7.8946904807941e-05,-0.000263479648610253,-0.000251378723830083,-0.000345376252955242,-0.000283819636845527,-8.57137220088622e-05,-0.000196147069046614,-0.000532226713242347,-0.000579237408532754,-0.00030173580788066,-0.000340394601278361,-0.000476771247201703,-0.000387751492757718,-0.000314941039255389,0.000227525030945864,-0.000307821224765131,-0.000989994137471387,-0.00041179417928585,-0.000455296298564415,-0.000614862245480471,-0.00073958860314805,0.000296074784363324,-0.000583655896196545,-0.000554885034870696,-0.000404450687536719,-0.00064419980484681,-0.00130704111269288,-0.00148027195610808,-0.000176572459470227,-0.000634826359634071,-0.000492311400775606,-0.000854611825697607,-0.00067390317919071,-0.00118020905517432,-0.000739050800707568,-0.000334586713462742,-5.12363300946761e-05,-0.00173269029042993,-0.00100336077817236,-0.00358081717094523,-0.00413790646924695,0.000699691138066177,-0.0205971439443623,-0.0151741199385567
"654.341",0.000423443857959005,0.000251891011483229,-0.000113940297593799,0.000448288651154701,0.00037070765541509,2.33694107495157e-05,-0.000105124571590675,-0.000344002353488751,0.00010941402943681,0.000441484387678713,0.000394043857621257,-6.15612637320644e-05,-0.000249889056363049,0.000279940052121068,-6.99113069759032e-05,0.000320583256725271,-0.000403199637367359,0.000251376436388971,0.000317780809823776,-0.00041393084662202,0.000352702806314675,0.000166447475528156,0.000310465095849002,0.000711091029146394,0.000351026793018618,9.02781745547127e-06,-0.000182205033223326,0.000426277186786142,3.66319238391868e-05,0.000402448520373488,0.00023008830199656,0.000477483413777187,-0.000277608902784393,0.000417780272201399,0.000155163015283346,-0.00125684609958107,-0.000798626650571234,0.000577137932368921,-2.41271028384642e-05,-2.59233168482334e-05,-0.000121080926750558,2.7699179712716e-06,0.000241967675012772,0.000892902786531744,-4.24979312301225e-05,0.000965690163960795,0.000394491138886395,0.00299005716482316,0.00142851364391954,-0.00204026441362063,-0.000303982546034004,-0.00209849301673488,0.00982093271159245
"659.063",0.00139707637719395,0.000115507331248616,-0.000188247200554619,-0.000363462380224848,0.000653849616812194,0.000358120342405328,0.000147288990557372,-5.13470298673836e-06,-2.86917276010518e-05,0.000539689343255133,-3.74229370214093e-05,0.000703644037728178,-1.86574108562697e-05,4.57230839823972e-05,0.000327377856169886,0.000315065750183213,0.000268124620454237,0.000506426204271222,4.28213193155268e-05,0.000428212654722285,0.000956172964144121,0.000293244460849577,-1.00149985248097e-05,0.000373792597941466,0.000258758217151353,7.50378731626071e-05,0.000431612871021234,0.000503100232311829,0.00027420238905192,0.000333820704128687,0.000580269389755973,0.00083802828969907,-0.000173111766364243,0.000108973078615001,0.000153204063471121,5.76924752395021e-05,0.000347697567320438,0.000448390542162518,8.2474926220111e-05,0.000277541877604289,-0.00012322882830559,0.00011751501503843,0.00142556859919782,0.000331303738385874,3.59674654744411e-07,0.000230109468316477,0.000183812160162322,0.000551472011332953,0.000882420029908247,0.00327848525276234,0.0057941695895391,0.00192158488771249,0.0221848719112639
"663.787",3.93359855002155e-05,-0.00035132438558659,0.00021196714213743,-0.000119755319149398,0.000275556039030895,0.000118485073051308,-4.77007741114209e-05,0.000110350485817932,-1.77760724916788e-05,0.000129894682775664,-6.07861845333429e-05,1.80366507705578e-05,-0.000123163863769514,0.000176469916937952,0.000134785530806057,-4.4641327260563e-05,-0.000412655191635236,-0.000236602934168568,-0.000216575410327807,-0.000204913015156944,3.43852293934657e-05,-0.000350540022941784,0.000189702834921613,-0.000225079629707252,-7.76033178921074e-05,-0.000292957375829394,9.42154203696368e-06,9.33361207353864e-06,9.02524125453281e-06,-5.51144889137143e-05,0.000497349617705844,0.000126080353725064,4.37941776750826e-05,3.85470651809525e-05,0.000187447511675681,-0.000386181426159734,0.000116902403696161,0.000761557464101258,0.000502288197001434,-0.000614033395941709,-0.000304784616546227,-0.000248986211974249,0.000176926349077267,-0.000112666166021028,-6.52863409075682e-05,-0.000390580600326219,0.00121117166671606,-0.00137875497507589,0.00197701433309224,-0.000586022922287954,-0.000414400615596625,0.010893555840035,-0.00814021459110805
"668.512",0.000224693734791571,-0.000141659184371961,-0.000245926883318563,-0.000261176504807859,3.47795235971719e-05,-4.78028826227827e-05,-0.000102376034569206,-0.000333483364462199,-0.000374216107399028,-8.97172434622618e-05,-0.000230053183703908,-0.000436923694398267,7.5505077962688e-05,-8.3505947629364e-05,-0.000234882715756409,-0.000661760626721439,-0.000217660517192195,-9.99658613080648e-05,-6.5495775875483e-05,-0.000738724048880901,0.000238225630168058,-0.000246532454318983,-0.000202577368635784,3.04188352651497e-05,-0.00012755325732712,-0.000218897934875232,-0.000300325227228956,-0.000224434008304836,-0.000177998050448192,5.48982449800121e-05,0.000218108470992501,0.000153912162728474,-7.60339640926256e-05,-0.00056293138721367,-0.00117993622786987,0.000284554822104584,-0.000607725421880373,-0.000906979700347497,0.000300908058232989,0.000307739334600462,-0.000378033937325569,-0.000469003938860607,-8.82846209849435e-07,-0.00045174214591026,-0.000680056362979675,0.000208379523159962,0.000153989547351026,-0.00146513197635055,0.00227672102967464,-0.003285540158828,0.000306702392976654,0.00685694059887085,-0.013073702370935
"673.238",-0.000172690873888652,-0.000225529181833418,-0.000720130628541847,-0.000161373673358205,-0.000698313751172144,-0.000343932053976948,-0.00012083173397959,-0.000260874904004357,-0.000256265554045744,2.78041232989963e-05,-0.0003080862830666,-0.000164562779145794,7.43211293086044e-07,-0.00052425685960838,-0.000426677788683712,-0.000458492499494733,-0.000237125314942326,-9.94483602035058e-05,-0.000284947695900374,-0.000254357733330028,-0.000274180095021058,-7.54708346965505e-05,-0.000460462015354973,0.000104254996421742,-0.000649252808111028,-0.000545940172057238,-0.000452944835617105,-9.38880764833224e-05,-0.000159619607591355,-0.000157274794808222,-0.000440972494071184,9.98963268859692e-05,-0.000361106392421053,-0.00101878176867138,-0.000406553667412648,-0.000537286039236149,-0.000338132489432242,-0.000519545527364846,-7.30831677296741e-05,-0.000250279513156366,6.51125142293527e-06,-0.000692140386131463,-0.000727707374704688,-0.00147586625784067,-0.00176538687325272,-0.000395999808050666,-0.00154306254475289,-0.0019637219195648,-0.00119534532574864,-0.00237929957240822,-0.000626217712449762,-0.00867261728953538,-0.00678015109040725
"677.967",0.000776921293841905,-0.00031102170205578,-0.000173243205063399,9.17347123920197e-05,-0.000131973333674437,-0.000362671862526633,0.000109669198297905,1.60245126203961e-05,-0.000276455315903671,-4.90338661644061e-05,0.000295133961642652,-0.00015635021246355,-0.000550988808608193,-9.6460143822393e-06,-0.000100468570873527,0.000271556278724876,0.000574674670061138,0.000211666715345271,0.000231926805008678,0.00017528667876832,0.000148934913674812,-0.000118720766814075,-0.000431829292165799,-0.000302643798260001,1.9811960544795e-05,0.000106562490982089,-0.000218722749128707,0.000265068618723063,-0.000246241343152954,0.000102399724436853,-6.55684204485024e-05,0.000275952931177999,-5.62404514491653e-06,-0.00101072779864317,0.000312054826650811,0.000499050810029167,0.000625517922894985,6.91846580127781e-05,0.000292839850082679,-0.000163993262845577,0.00057992209714267,0.000120071287433382,-3.35300766904939e-05,-0.000381316460001487,-0.0005113062569151,0.000476686050672357,-0.000667021276576493,0.000798972427196421,0.00250007639134088,0.0030601541443827,-0.000845103917243435,0.00595948529128594,0.0112037455569743
"682.696",-0.000108491500565128,-1.20649531141384e-05,0.000645689569202988,0.000380179942163744,0.000435725387079191,4.90381487664094e-05,-0.000172604217520141,0.000314452967678245,7.91183824854024e-05,-0.00026132688451706,-2.38213139978516e-05,-3.73062448118031e-05,-0.000244622420912136,0.00036233877058118,0.000110581132040753,-0.000238233546604705,-0.00049378296797755,0.000560017544203265,0.000435729575228028,-0.000200116862042829,0.000360815488125512,8.71340869193068e-05,-0.000217977638208193,-0.000465150131677989,5.01487391103308e-05,-3.93514600345464e-05,-0.000115245375988314,-0.000229713314492384,-0.000191411319444847,0.000235365575462283,-0.000281869163913532,-2.23802147582175e-05,-0.000608887420802451,-0.000153760667882719,-0.000240648521535011,-0.000242430162197612,-3.37838985672963e-05,-0.000153434969754091,-1.63734935378144e-06,0.00035926876668481,-0.000666103538336662,0.000319469457316855,0.000201866479102672,-0.00123383682288624,-0.00128098519406088,0.000133833073608307,9.6088917711939e-05,0.000770320781806618,9.70562198609305e-05,-0.00127777996406469,-0.00574512197686144,-0.00723228735098267,0.00395611479936692
"687.428",-0.000368163717187329,-0.000377498771845752,-0.000485202667522485,4.16883136656944e-05,-2.70577130633743e-05,-0.000541678477034726,-0.000105827818226241,-0.000185636260901852,-0.000251048588445962,-0.000298762714712682,0.000150149314873928,-0.000112992025529762,-0.000580775637061897,-0.000173293122577252,-0.000354069417857385,-5.55136636679507e-05,-0.000146304513027051,3.00311975399463e-05,-0.000360273099598587,4.67859473854493e-05,-0.000456487029377947,-0.000198936512161854,-0.000307390359726724,-0.000352258498616826,4.0951202261989e-05,-0.000519921305443345,-0.000406306366670398,-0.000491848491974985,-0.000221626186727013,-0.000257565797881602,0.00030926947136726,-0.000232912148330534,-0.000753218059008597,-0.000109707366745647,0.000230514678035345,-0.000286459800391322,-0.000425072094234429,-0.000355053450846016,0.000208353648925714,-0.000701647795785406,-0.000342280331784873,-0.000384677836327323,-0.000576926230914544,-0.00126291600745208,-0.000769528318833375,-0.00127220496154434,-0.00122588795882314,-0.0024031674853263,0.00269551427478641,-0.00223776006577818,-0.00139295229606502,-0.0113317311641628,-0.0189076617669586
"692.16",0.000137325144849101,0.0004162918491665,-7.77393215503433e-05,-0.000291451789355362,0.000162029067239837,6.57976348308913e-05,-0.00016854697474694,5.47198054989836e-06,-9.21357907297468e-05,-5.75314400703002e-05,-3.19305602334841e-05,0.000443428353192902,6.89757253083559e-05,-0.00026086705638033,2.76690286592258e-05,-0.000121061188483385,0.000244821343536066,-0.000217033678516238,-0.000147283535652844,-0.00015533991682185,-0.000329789247430761,0.000199616558038226,9.960816360575e-05,0.000181701409641845,6.76943412190469e-08,1.97153204211341e-05,0.000184362374917858,-0.00047519177276715,-0.000407408531042749,0.000716545905605465,0.000252736204688939,-0.000136954695351431,-0.00102260453654926,-0.000224352699336429,-0.000192822570496604,0.000254919770558356,0.000179065484307894,0.000201048021476952,0.00040889474792992,-0.000394529562281643,0.000927392460414382,0.000771295000058885,-0.000426379479437486,-0.000312266331943399,0.00029551236144002,0.000733510924740778,-0.000486319164946948,-0.000585720391090155,0.0011318977122354,-0.000613591759160667,-0.000645965243519979,-0.00224314903217764,-0.011069239770822
"696.895",-0.00135273075894305,0.000135670182712458,-0.0002005397127738,-7.28238915996999e-05,-0.000262488063502154,-0.000481756419673086,3.2892678290285e-07,-0.000116017522416616,-3.6863771521961e-05,-0.000172879025993945,-6.38078925911849e-05,0.000522769688018733,1.03024714948387e-05,6.84063966796227e-05,-0.000583872212966475,-0.000419629924664331,-0.000295925785499511,-0.000633047227737472,-0.000272690786768795,6.11184062323344e-05,-0.000852807775278321,-0.000300150092207935,-0.000321958765612951,-7.52081931549533e-05,-0.000357869972614263,-0.000228513955286086,0.000206202478367947,-0.000234196892951916,0.000165758152061242,0.000143875555119589,-0.0001353210784901,-0.000814896385477291,-0.000956698341129396,-6.8748752535669e-05,0.000132162342512346,-0.000428837800937411,-0.000622131133429955,-0.000731934839323063,-5.58674811591132e-05,0.000185328856420544,-0.00067535852155858,-0.000669383369922124,-0.000463243745179446,-0.0011196590255894,-9.1156735719549e-05,-0.000382486523635198,0.000196211578050512,-0.000587403174717572,0.000498174019539832,0.00247464234740811,-0.00043393927214565,-0.00470367324867717,-0.0019947857323713
"701.63",-0.000181058883005933,-0.00050963360646044,0.000708322965340283,-0.000296460696138599,-0.000146390280954315,-0.000192749752369645,0.00034799740858655,-1.75476076487061e-07,-0.000106214867666425,-0.000312361341731917,-8.43634092849527e-06,0.000229509518147346,-4.04177450258378e-05,-5.96755909617753e-05,-3.84429370398939e-05,-0.000357673199954578,-4.01041614988958e-05,0.000103797484299597,-0.000356305650920466,0.000193845889042043,-0.000227709104617663,-0.000428661676752028,0.000392494012194858,-0.000304899637150066,-5.22358416162939e-05,-0.000100832868515133,-0.00038561236702702,3.89729478006447e-05,-8.01830313867077e-05,-0.000642923518301626,-0.000286414444082894,-0.000758801277016575,-0.000495375065874951,-0.000238279455237843,-0.000215994989169149,-0.000746108100415562,0.000227497665187497,0.000140603632627158,8.37496682589882e-05,0.000201104316026669,-0.000232357933166356,-0.00076868685086302,-3.4254976381414e-05,0.000295451802580132,0.000184067601741548,0.000302670875111115,-0.00105673319549067,0.00146177795932822,-0.00425089063193794,-0.000970185333686853,-0.00262595073479083,-0.00330752211632594,-0.00567620398866426
"706.367",0.000507290948328749,-0.000150891901324164,0.000444297049107669,0.000374716266656727,-0.000258593672154479,0.000441003258480695,0.000416833879156385,0.000186165042371748,-0.000101228731079892,-7.36067759497894e-06,0.000547508417860168,0.000436983753033599,0.00048798077657005,-0.000306692196019639,0.000356094668361409,0.000619497019440718,-0.000261091593883777,-8.48046843208875e-05,0.000535188638050578,0.000147836921691753,0.000363210579811994,5.76120213084473e-05,0.000147802603836818,0.000363229939719257,-2.06994287166337e-05,-0.000223387630764795,-1.99829542757202e-07,0.000208900077886756,0.000248033989924274,-0.000206349471731687,-0.000409890551212867,-0.000976403519582543,-7.83918191189265e-05,-2.96624203825757e-05,0.000632979777372285,0.000459355187662431,9.17392576323458e-05,-0.000261509999848016,-3.03208588542858e-06,0.000123899427691827,-0.000117624548726385,-0.0004595603776072,-0.000524193823374685,0.000321770220873962,0.0012159221799394,0.000279222362966048,6.81607738575016e-05,0.0015220370361307,0.00131454266348467,0.0027326349930834,0,0.00418024965454372,0.0190581059192122
"711.106",0.000156345248682394,-2.54077871504751e-05,9.24089340761812e-05,0.000270673526489659,0.000252287365159517,0.000171396587917648,0.000200943453092677,0.000250807417219605,0.00043454888620825,0.000252461735626744,0.000156690022702292,0.000254451909465365,0.000575405394781267,0.000170676146062124,0.000514395567930268,0.000279200715032665,0.000153393209639783,0.000160806442827457,-0.00022298317221336,-0.000136630127030861,0.00036693589670027,-0.000265116686793221,0.000550241354819788,3.28194025527965e-05,0.000432335130066873,0.000286603582611347,0.000403930054056235,0.000472581422213147,0.000149624447956977,-0.000867057980914101,-0.000588640913491754,0.00052967706996832,8.00902937703407e-05,0.000707703233356393,-0.000335288729691388,0.000220982664407391,-0.000351722320076242,0.000215873524773629,-0.000274307047520184,0.00019324308724542,0.000489204636412239,0.00100960924650148,-3.56400126845555e-05,0.000465612569650303,2.47467603968688e-07,0.000339035363084564,0.000741784098284608,0.0024669767312579,0.0024550416715768,0.00106078595026464,-0.00223814659977007,0.00380318412576209,0.0275091875402898
"715.845",-0.000475343661606777,-0.000257024408393511,-0.000313742069328993,4.42022809560296e-05,-0.000576623499449601,-0.000320313599138761,-0.000307819316378497,-0.000386417664326082,-0.000258421073147191,-0.000450672729315769,-0.000642576253858114,8.95105901604815e-05,6.29339149677196e-05,-5.9950556214374e-05,-0.000275234578732449,-0.000252538732906205,-0.000556020498464944,-0.000465484358701382,-0.000451170584013809,-0.00112912754565459,-0.000308143925340562,-0.000138617208307395,-0.000823511622583341,-0.00078727167813114,-0.000234586804981622,-0.000631737953144217,-0.000766228732535253,-0.000601090091821377,-0.00102455482074769,-0.00162474037707028,-0.000501685826414171,-0.000983504519839274,0.000120490647089191,-0.000521865110335615,-0.000795631924793751,-0.00104048619531494,-0.000380972682581476,-0.000378665529236079,-0.0018941347440509,-0.000841120890687463,-0.00136407847334466,-0.000614866480587436,-0.000643365050981045,-0.000593683500478313,-0.00112260219294273,-0.00236849566952509,-0.00252107789807486,-0.00225071672104316,-0.00263389518255522,-0.0042910321056326,-0.00882248885842399,-0.0125989481337094,-0.0451273744730005
"720.586",0.000620750689650197,0.000283634448153883,0.0008053856400514,0.0002083829188793,0.000616120112163852,-0.000243456407061117,0.000473266352141466,-4.04432036789443e-05,0.000181272585363682,0.000368801076070235,0.000493830943141789,0.000267805164244041,0.000176858172568458,0.000345498973569672,-3.96968314633571e-05,6.80463096989359e-05,0.000206095664620842,-6.50854883248582e-05,0.00038125389067943,0.000617020925098108,6.14160458431601e-05,0.000771754185757484,0.000767961999653357,0.000157553432185407,0.000352894245583924,0.000363564372771017,0.000184117234243555,0.000611751231547635,-8.26883143817438e-05,-7.86755826453784e-05,0.00026855891119947,0.000467468195933384,0.00027102115563394,0.000225142682020706,0.000266502432892123,-1.21739452229381e-05,0.000350032755155882,-2.75483197558425e-05,-0.000211520565965647,0.000787786055674185,0.000510687588149797,0.000617970349839525,0.000825502184210201,-0.000862922327833303,9.601272922054e-05,0.00220296157331897,0.000955448776602275,0.00254335985646856,0.00103826325556019,0.002944624808921,0.00454004719007207,0.00749033689527972,0.0236729074077917
"725.329",0.000599432135924404,-0.000835111051177566,0.000200875683622702,-0.000311151772922829,0.000144111474009442,-0.000237368153558166,0.000192754760857784,-7.61083252660394e-05,0.000504837702547484,0.000404126999053494,8.51075973913548e-05,-3.97350313832041e-05,0.000675312764204318,-0.00010326164775317,-0.000369511459421514,-0.000405202213060509,0.000407318621522579,-0.000274608895514137,0.000349944016506405,8.89701823573899e-05,7.52523830376642e-05,0.000887110905036255,0.000893854435931712,0.00181202752957473,0.00039909449215909,0.00069252432355325,0.00101547925489324,0.00111129392464358,0.00061975840206014,0.00056407361976342,0.000775751538442698,0.000905772626503625,0.000863950900960856,0.000570622579358735,0.000741535656390986,0.00114315368448805,0.000952694332934605,0.00130433809556741,0.00106691816688162,0.00136662184900066,0.00107957588642937,0.00164509044409213,0.00245203544116017,0.00209915005251186,0.00181859061729896,0.00289615794470075,0.00221278690069664,0.00402679486887921,0.00471923449921064,0.00348552876170369,0.0109047986095456,0.0127784378987768,0.0703430849328514
"730.072",-0.000176796680523235,-0.000118199300496354,0.000118770799732893,0.000301505242192888,-0.00011603030237243,0.000212297971536771,6.69560635997112e-05,-1.77367686371446e-05,-0.000336809952426059,-0.000268659050985355,0.000315185409754231,2.98295071026615e-05,-0.000371625323283433,6.15433861425751e-05,-0.000100685892334271,-0.000457505776119551,-0.000252342557017679,0.000541747568178561,0.000303432501993151,-0.000473718791042617,0.000163947050041867,-0.000749889842865406,0.000402090179048788,-0.000252570369676239,0.000729328445493627,-0.000508570259283034,-0.000261574121925662,-0.000167978742562932,-0.00124554209011736,0.0002044782826982,0.000436044211881424,-0.000497174154961745,-9.2176035925169e-05,-2.09256623882596e-05,0.000411143431392659,0.000122608424912532,-1.5520952659218e-05,0.000165071862823194,0.000630980932135165,-0.00041564276964073,0.000137683644398121,0.000711026848159274,-3.92905610063928e-07,6.20055245137848e-05,-0.00117214306682784,-0.0012820020714309,-0.00166984003671362,0.000499579387310243,0.00184994487135147,-0.00256063194693579,0.00126512257781114,-0.00698645433169177,0.0176958894747414
"734.817",2.97562857193936e-05,-0.000674307595543675,-0.000765827323609985,-0.000697793521700892,-0.000476564548532235,7.99497006889302e-05,-1.36126593207246e-05,0.000124585006299409,0.000272142718158277,1.56061379452635e-05,-5.15036255535297e-05,0.000203779115319862,6.3621989583007e-05,0.000207930740070348,0.000201826020121072,8.04915155093279e-05,-9.57460299795873e-05,-5.53155857307642e-05,-0.000464255098743022,-0.000426233285189743,0.000636433881469517,0.000551988418221824,0.000584845030518924,-4.63751393003955e-05,-0.000329704043157258,0.000265590478049385,4.84930762943013e-05,-0.00015287444408326,-0.00051987161252273,4.12320290945309e-05,-0.000153284734658031,0.000296361890953769,-8.24546742492001e-05,1.07165539626456e-05,0.000926233413237693,0.000134385869014487,0.000155573064435273,0.000385602828739318,-0.00037866060064561,0.000201809348408304,-0.000771412129234109,0.000250180982265307,0.000460230591950149,0.000231391638777741,0.000123124324238597,0.00105681533614225,0.000176379231490392,-0.000757321030379427,0.000904348489883885,0.000440740675549725,0.000583581708150422,0.00637386976630869,-0.00974007600001438
"739.563",0.000599469725620168,-0.00100309403546311,0.000266734025313268,0.000136877932259201,-0.000334280565825039,0.00035138328858537,-0.000476972922454235,-0.000167928730184752,-0.000161099017897995,-0.000398186719494816,-0.00080773864293248,0.000351208533658194,6.54965046258329e-05,-0.000316120064703806,1.05137247366876e-05,0.000243193741172384,-0.000202996000680747,-0.000145870065656173,-3.72985502029945e-05,-0.000156390656376114,-0.00077127241666552,-8.4569129941545e-05,-0.000386252602637946,0.000420793325235253,2.21350025253161e-05,2.08224958801589e-05,-0.000576040781630821,-0.000839163517078885,0.000210695703064856,-0.000250624810094612,-0.000165695986918143,0.000402927060999142,-0.000208602318764591,-1.04774520070882e-05,-1.33137595246082e-05,-0.000106778262266621,-0.000478771687869199,-0.000312495622701415,-0.000601699386748829,-0.000394428095371216,6.29544900866016e-05,-0.000437901820665331,0.000783407539161416,-0.000106100461287844,-0.000446795957670767,1.31235683009732e-06,0.00106366097113572,0.00178899513624761,-0.000750713983738911,-0.000444126420291481,0.000594380895117454,0.00889527177334034,0.0492678039586293
"744.31",-0.000575457055512033,0.00032437382987001,-0.000208439738080658,-2.27652973413342e-05,0.000347694095843912,-0.000583003997254953,-0.000131020461738613,0.00015156638887426,-5.49893031822882e-05,-0.000339683456070453,0.000394648448742856,-0.000187525828285296,-0.000197170138718641,-0.000128222254691613,9.21427392564588e-05,-0.000174227985172705,0.00011856544962868,-0.000273897741726869,0.000248591885431588,-0.000622127025722634,-6.63359664046128e-05,-0.000490804784051531,-0.000391069847178696,-0.000320692445524186,-0.000125100101426951,1.68958193366752e-05,-0.00113665090327492,-0.000423088192618546,-0.000257041153963703,0.00029488768090613,-0.000522470536941821,-2.16853953905988e-05,-0.000116923914781738,-0.000570649713131372,0.000376191493939883,-0.00015506769253642,-0.000695557586093227,-0.000145045894506145,-0.000111809687638938,-0.000694484882522597,0.000252197044752767,-0.000699547744136347,-0.00145096580920181,-0.000603941581789632,-0.00130628413123479,0.00105072087678883,0.000822030413293965,-0.000517449156206352,-0.0017401628581364,0.000147336470341077,-0.000835045944026513,0.00829914593299187,-0.0475199215217158
"749.058",0.000519743307070325,1.34809232630505e-05,-0.000124314641371769,0.000778543091141637,-1.05414976397158e-05,0.000128413783308725,0.000145679936686188,0.000275348975422447,-6.92178220598616e-05,7.13767327819798e-05,0.000283544281868468,0.000336204413646107,8.74139260916465e-05,0.000202854418658623,0.00106422400661661,0.000144314845847607,0.000425497525075592,-0.000243425136409074,2.39628590976265e-05,2.58012476143209e-05,0.00115541026282408,-0.000212539119835623,0.000541780713533329,3.40632269202859e-05,0.000292822873956744,-0.000115896942257073,-1.61174575279751e-05,-0.00026110359202633,0.000614726906589716,-0.000341728324546667,0.00018911030994782,8.38785901132945e-05,0.000828701339967948,0.000585340273089703,0.000119387882134014,0.000211608726098065,0.000349496946920546,0.000966442902860169,-0.000713299245290919,0.00022238594734508,0.000237776867048454,-1.85556241480667e-05,0.000968655197100393,0.000543072641380093,0.000658700462655096,0.00230266391742827,-0.000690875170012382,0.00216966919891168,0.00087296492744488,0.000601835364106746,0.00299489094570923,0.00384239700710199,0.031111530181767
"753.808",0.000685778686012859,0.000194803972038891,0.000516298712832258,0.000485312428596228,1.00938739047116e-05,0.000187569569105798,0.000482518106535138,-6.26678041389851e-05,-4.17368609121548e-05,0.000544674193388881,0.000198671299598494,0.000374771872336992,5.57792150976953e-05,0.000230129007964375,0.00012748451145825,0.000126372401948979,0.000490254763111206,-3.48063309940335e-05,0.000759109368603514,-0.000232000237024889,0.00012078705239291,0.0004919644951193,0.000389436814621557,0.000144779182383389,0.000156579628583673,-6.98848003489079e-05,-0.000693019563570852,0.00062835444737532,0.00034086481978445,-0.000206993292298827,-0.000322664827141819,-0.000236603937778833,-0.000326304117978239,0.000341896704141141,-3.7533674283878e-05,-0.000460982814035686,0.000689140247771527,0.000621519752961504,-7.08414464035399e-05,0.000456137970177784,-0.000601061565960202,0.000666397212428406,0.000446149237221643,0.000753786334636079,0.000620670468323957,-0.000495599394044399,-0.00107036686303609,0.00305709098051327,0.00296613834361147,-0.00263453082205309,-0.000739719060169488,0.00392856129478982,-0.0233181831070335
"758.558",-0.000269475965887393,0.000241085651361635,-1.26877870109909e-05,-0.000506429614005344,-0.000572831434891164,0.000430020390821913,0.000195226388063925,0.000159166251253567,-0.000256212388902859,0.000298262107183321,-0.00011877728874931,-0.000228937923748171,0.000550451426206535,-0.000356380154823682,-0.000476226210365703,-0.00013875285274921,-0.000578266349057565,-0.000404487645591099,-0.000392536254236589,-0.000802126926608604,-0.000817215076756322,-1.21733099525133e-05,-0.000395606972382595,-0.000148802899865627,0.000209141491602051,-0.000924406545562985,-7.91277074306355e-05,-0.000302829338848373,-0.000380460182855625,-0.000541721799225363,-0.000635140364797038,-0.000295280233015039,-0.000630431716260106,0.000246420319100822,0.000290643317400127,-0.000308119468250459,0.000729680269066585,-0.00041238556714275,-1.41306387731542e-05,-0.000631996923079842,-0.000214275278951408,-0.0012688024691329,-0.000748633492486551,0.000113631849238009,-0.00050102685564786,-0.000502329666967467,-0.000297453448056762,-0.00144365010443722,-0.00221806862317954,0.00110774583646207,-0.00336332192963299,-0.00352973183969343,-0.0283010870980502
"763.31",0.000906604152879124,0.00079511351648009,0.000445073588109915,1.23523806033253e-05,0.000467633806605893,9.74563066905149e-05,0.000221063155775738,0.000499323760665531,0.000508800961144812,0.000844515026390929,0.000590813221338772,-2.28902894385763e-05,0.000618400341203105,0.000387756558041971,0.00101700739911724,0.000241149874768953,0.000174288500856507,0.000754788736803486,0.00126935853711001,0.00107350194732014,0.00130709028566854,0.000406379016655595,0.00101729088873795,0.000652669356132308,0.000274095801096911,0.00070106037989739,0.000712430222111744,0.000423540483402083,0.000834408048104043,0.000779338269071114,0.000279435142205591,0.00011159601100779,0.000697974269823646,0.000722360210772451,0.000368493434554927,0.000502725843655433,0.00108722337227127,0.000463007716586311,0.00161240070604079,0.000252978989381964,0.000556262230302866,0.00104047447062862,0.000684932353433934,0.00117459370940312,0.00214917982825827,0.00263262027976849,0.0041777185452128,0.00266854458010142,0.00517430319244062,0.00812439989798812,0.0109374438768154,0.0201691004044843,0.0141974490287166
"768.062",4.8920791902919e-05,-0.000131263579761251,-0.000501677909544336,-0.000161545678152406,0.000182531984841759,0.000206762398577247,-0.000312294520585633,-8.50607579160701e-05,-0.000146502634521522,-8.5776509989066e-06,-9.46015986129154e-05,-0.000405223646499793,-3.68843875672479e-05,0.000310792725815871,-0.000914944294486853,3.34436543036479e-05,-0.000455490479708352,4.982029964901e-05,5.39196900942175e-05,-0.000883656504189699,-0.000294036501297298,-0.000754836743138943,0.000263286393819109,-0.000919790395810233,-0.000954017954709988,-0.000131741600557683,4.6512367765675e-05,0.000115773757966425,0.000231088549683499,-0.00049012733705257,9.03651017935601e-05,-0.000530084410495041,7.80080761534279e-05,-0.000256463484159807,4.80302097689263e-05,0.000380952131308428,-0.000361707319861411,2.85171072660917e-05,-0.000418993202096113,-0.000349763252936076,-0.000953218178017689,0.000607673533232375,-0.000183347327550448,0.000117457232997452,-0.00206111204866674,0.000193828117521061,0.000349448080256482,-0.00125469771338825,0.00140946717246291,-0.00097744147140061,-0.00835069218653473,-0.00895953869796596,-0.0118883218891983
"772.815",-0.000980044317985202,-0.000977006416844377,0.000264042607675674,-0.000520691933986197,-0.000289292418733767,-0.000589590282163944,9.660156632078e-05,-1.30891741393112e-05,-0.000329999723500941,0.000221432077496557,-0.000454452369534672,6.99092108439041e-08,-0.000554533362138856,-0.000172758710604561,-0.000758791284980211,-0.000883350885554892,-0.000922139167222655,-0.000466466536613058,-0.000970815390211685,9.97448168512924e-05,-0.000561646587375812,9.23493594833762e-05,-0.000436174079699001,-0.00143962488113893,-0.0013655276277878,-0.000164462539444957,0.000313067624351406,4.60816803532883e-05,-0.000438192422564031,-0.000683712472632482,-0.000270641310704956,3.35846685475049e-05,-0.0003210092324003,-0.000325388937671916,-0.000180291606401901,-0.000862562561040607,-0.000802203081684807,-0.000708030670895575,0.000193869271763992,-0.00112930408444853,-0.000510392510095374,-0.000698294396527294,-0.0015022370679587,-0.000139291029809892,-0.000407206125732377,-0.000778195287434087,-0.00181530095085804,0.000928999877562601,-0.000939577265615782,-0.00227363660855514,-0.00590307081648824,-0.00533359518275446,-0.00239756558451854
"777.57",6.65883448673751e-05,0.000669587293225941,0.000403927406675033,0.000405499543957821,0.000295517593507023,-8.98607985257263e-08,6.84578036622472e-05,0.000267079170603814,-0.000111916068521887,0.0005562160502541,7.74290147930212e-05,0.000264845509411562,0.000228496397992522,-0.000152447508752549,-0.000123586812200824,0.000247760615388709,-0.000333675138848252,0.000376368632416121,4.12938997850784e-05,0.000553731677735966,-5.66569934752007e-05,0.000525500690461987,-0.000343616598837761,-1.00379239128881e-05,0.000120927736466114,0.000491788121367052,0.000153401206641622,-0.000494604558568919,0.000175545901285638,-0.000232356935309818,0.000850730804018626,0.000596908205095277,0.000473513753563292,0.000319047725206692,-0.000515764804409593,1.3288461110659e-05,-0.000204001147098915,0.000303484160037156,0.000364975060864084,-0.000194350979478968,-0.000172871214306469,0.000188342862073803,0.000644205457540721,0.000593530075635397,-0.000110454197277991,0.00095886684421963,-0.000670245873637481,0.00052174563236829,0.00191177134116325,-0.000665853694268182,-0.0019623893111627,0.00543860225163063,-0.000565856718712147
"782.325",0.000981477102233772,0.000286992463205742,-0.000300679499289524,0.00106685015105115,0.0007887656945319,0.000671704060346997,0.000631228510769985,6.76845989258829e-05,0.000280525148745613,0.000600079531594602,9.80833221718024e-05,0.000395733900935229,9.70133322964692e-05,4.85161990023474e-05,0.000427677350489353,0.000618119839682263,0.000786249796950001,0.000305028833152263,0.00162004883834111,0.00076653805956031,0.000522437650846878,0.000408348151809384,-4.32517079081013e-05,0.000925972447529523,0.000361897963785542,0.000803232794323241,0.000972747876157226,-8.36397557788526e-05,0.000489803380263092,0.00105051425387689,0.000548948987698228,0.000547312781063946,0.000776470415909113,0.0010697438198051,0.000860641698682668,0.000551942061599459,0.000443382995057563,0.000954504554959532,0.00163779076301484,-0.000495002822154539,0.0011631857285745,0.000857852854714233,0.000925398765567877,0.000892074014660584,0.00204980580837607,0.00298576714748908,0.0030439538589359,-4.18973506869052e-07,0.000359696965232905,0.0015920680099699,0.00863981289504947,0.0213344902124091,0.0389549646420802
"787.081",0.000399887684577122,-0.000418828888409545,0.00015454781232279,-0.00044836485732581,-5.67302060516182e-05,-0.000564419668632834,-0.00025276150394681,-0.00013196859625814,-0.000358297477161273,-0.000153943460836626,-0.00014030276444968,-0.000788936331840041,-0.000137653948080223,-0.000293468430424263,-2.3526102058355e-05,-0.000845951392175174,-0.000595617945777852,-0.000600598211288612,-0.00117502186060021,-0.000500664888187992,-0.000134046511961596,7.48240703966705e-05,-0.000855931924659955,-0.000410332750288626,-3.8411860758657e-05,6.30608267304767e-05,-0.000209661311063717,-0.000663215858360178,6.15055675532326e-05,-0.000848090963048468,-4.85059004729879e-05,0.000382232042164831,0.000288985442628607,-0.000431583333613184,-0.000947338555917122,-5.34051339973623e-05,-0.000597923324528027,-0.000647543781880818,-0.000348566384843387,-0.00157503705444566,-0.000126175553948433,-0.000214869069058601,-0.000734309331694827,-0.000939653424263351,0.000403591767382657,-0.000480475729619469,-0.00172616459526634,-0.00143095487102536,-0.00574386835835006,-0.00103603740192804,-0.00286237341262765,-0.000259161936970993,-0.0437710291594693
"791.838",-0.000121452692253148,0.00071307575831658,0.000715789990534863,-0.000210828101251538,0.000102807404272849,0.000261389172099483,0.000403084485251601,0.000201661004189767,0.000390045561492283,0.000253585010691708,-0.000402766493934243,0.00051380458821381,0.000313038816736548,0.000306788832620181,0.000119932036105887,0.000763752771468465,-8.71523490893218e-05,0.000653116531838368,4.36100669786048e-05,0.000756810575410667,-0.000419635787191353,-0.000159825745702915,2.02414526606813e-05,6.82194494627686e-05,0.000514790680784405,0.00012542650448939,3.66887303263129e-05,0.000343932600492622,0.000122568752035541,0.000254401601394603,0.000358329266002197,-3.73299136345061e-05,-0.000326361401808424,0.00113484579731998,0.000141179659322555,0.00047183777401647,0.000114107871531491,0.000392460714928083,0.000825427437392217,-0.00048981509093724,-0.000451775847697866,0.00148682905747117,-0.000754462771795003,0.00042184710196535,-0.000172367819277734,0.000688625648059896,0.000410692248331263,0.00221942939542627,-6.14511679324603e-05,0.00120955301019163,0.00723226709107286,-0.0025716687285876,0.0198395892313088
"796.596",0.00137972564193698,0.00168949128375437,0.000285955928751503,0.000617972280480589,0.000209370202598677,0.000606298176776106,0.000370394231269821,0.000262062919288395,0.000278056873509632,0.000894665264051268,2.05733189506733e-05,0.000450644671010985,0.0013140312758696,0.00113350004950133,0.000555868887051698,-7.17022876810188e-05,0.000493566870371628,0.000758791755012636,0.00118261303287949,0.000848013690654208,0.00103973820400877,0.000309393541216851,5.48486739714445e-05,0.000552614255332549,0.000799376356384129,0.000776436496538817,0.000175402132952449,0.000312787448562319,0.00046182933328425,0.00106000425707752,0.000340687225562843,0.0012553156083798,-0.000382561157014528,0.00111837128337686,0.000195758794130549,0.000110606465051061,0.00117435220568809,0.000751674153845707,0.000355902064723842,0.000792574688366332,0.000846972175274958,0.000418405682657577,0.00083563826342144,0.000731725013341678,0.000469448685417312,0.00158000904295321,0.000628018652673943,0.00165690193656381,-0.000255376449854099,0.00255221379586791,0.0106982364129408,0.00446752484326386,0.0529472083088519
"801.355",-0.000442671370981802,-0.000681495797982588,-0.000444370563416795,-5.79304556263874e-05,-0.000300507961296841,0.000110406149828391,-9.72089603820216e-05,-0.000213968477060601,-0.000157570209671501,-0.000222950700302967,-7.91852209075347e-05,-0.000357575610867731,-0.000153828859904039,-0.000708954448532879,-0.000229321136997302,-0.000206579992990771,5.49945209266571e-05,8.10536317184818e-05,-3.78016939772011e-05,-0.000267731102268982,-0.000697223519933899,-0.000528904952627176,-0.000123451309066725,-0.000357664339584813,9.09756875396326e-05,-0.000142923844046558,-0.000118875330964558,0.000215995004708056,1.07311396073049e-05,-0.00026623260899034,-0.000548958750972372,-0.000126744526451224,0.000106585281808667,-0.000314174995043742,-0.000360160058659646,-0.000437988531878186,-0.000313182447451816,2.58816670213941e-05,3.85344361063255e-07,-0.00114559267984061,-0.000953689900998937,0.000482262267546426,-0.000492849136610335,-0.000477843592636196,-0.00063332049870131,-0.00105903204631532,-0.000975852627532338,-0.00221471525967632,-0.00109706420108757,-0.000379932879397795,-0.00275846249450067,0.00475966421124632,-0.0072585205472479
"806.114",0.000946979251668448,-0.000449708071534159,-3.62356866340489e-05,0.000371213632738727,-0.000581369110521437,0.000156223512544434,-0.000139059451317607,0.000128505230072939,0.000240187671340287,-0.000190992569195884,-2.69529085291121e-05,9.4859921360435e-05,-0.000198089061383452,0.000269020066942264,0.000604320014040315,9.97670063125215e-06,-6.50491948805159e-05,1.08133612140644e-05,0.000666886485784426,0.000337798073421805,-0.000842233670173679,-0.000300490758436698,-0.000418211377224594,7.18631131372841e-05,0.000203527125010579,-0.000208566892014503,-0.000141054268885938,-0.000269916519729069,-0.000269562894769277,0.000659346809489668,0.000452418098856409,0.000778983391543337,-4.23717852300415e-05,-9.761806918668e-05,0.000135342473820128,0.000213474539895972,-2.5018191913512e-05,2.6510848181446e-05,0.000683002100465293,0.000371914564598303,1.61797414905811e-05,-0.000843577648663137,-0.000815827700113291,0.000608504217781471,-0.000455867635377904,-0.00124034656274957,7.26197745455452e-05,0.000909600817485884,0.002193466687664,0.00508474090129927,0.00312461678553561,3.687485379419e-06,0.017338804124156
"810.875",0.000275039219749033,0.000286304936865255,6.15368207457987e-05,-0.000231735394006432,-0.000220309999656796,-0.000229652701590489,7.19795739434356e-06,0.000330264671849588,0.000137123895434559,-0.000182809480763135,-0.000141454446318899,0.000336713431690264,2.25415066889369e-05,4.31356568552813e-05,-9.32943684219e-05,-0.000216594072828207,-8.69919995483747e-05,4.6371055912807e-05,-0.000252368887809308,-0.000306323811696785,-2.24856326765856e-05,-0.000308136015199324,-0.000258113588617041,-0.000274127714690461,0.000147703601870045,-0.00034056165823224,-0.000162691868667486,0.000431952936061232,3.21556422164255e-05,0.000861270980007572,0.000684261191158027,0.000674228729084269,-0.000138565911110756,-0.000108181855687568,-8.98174768651605e-05,-0.000141780970166445,0.000112323592821852,0.000291896169706329,0.000293178758077383,-0.000193198888631361,-0.000111140970765398,0.000360443793589608,-1.95769725838624e-05,0.000153386534343007,-0.000734362013264542,0.0013317794480193,-3.30460672707438e-06,0.00182152333860866,0.002247918733296,-0.00211990332910863,0.00203826558575634,0.0194815305841043,0.0122861521866845
"815.635",-1.50972272658404e-05,0.000340793093603075,-0.000123586842099772,-9.28000153094612e-05,-0.000410729072494127,0.00027571699725647,0.000180460625100552,-0.000501302895277833,0.000212332706428356,-0.000127562446768827,-0.00030957075687477,-0.000157620701570495,7.72496496143558e-05,-3.18264804566942e-05,-0.000166618946006199,-7.24908280578454e-05,0.000404223020642753,9.17029081400979e-05,0.000361688260906469,-0.00101480268495706,-0.000791154643476586,0.000975713852515233,0.000479763955212244,0.000321761252431715,0.000372454769126986,-0.000439243403335047,-0.000454946400356347,-0.000474875122619735,0.000258113999657666,0.000147787511561055,0.000305105154698315,-0.000484925084882626,-0.000137910092377193,-0.000173255201409745,0.000258738794755993,0.000344133690320144,4.98642033010558e-05,9.27628013886591e-05,5.58368125397333e-05,0.000164263983328125,0.000333952217213361,0.000120448836414226,5.66099282827878e-05,0.000282813884192749,-0.000328895726420045,0.00039260740709697,0.000825892211688296,0.00026052615184601,-0.000767126069053765,0.00477790809976025,0.00107916630882343,-0.00362581650762834,-0.0194946321378628
"820.397",0.00151186507181868,0.000954201292969277,0.00118449635186195,0.000324806839333555,0.000801727191173786,0.000532744881099946,0.000409862718256595,0.000140683229397746,-4.07005812305713e-05,0.000199229673160534,0.000495723583451549,0.000304723192213427,-0.000197814790750631,0.000375913737147888,4.14270610821231e-05,0.000939409117860345,2.25386781149045e-05,0.000170842217280001,0.000571918668824922,0.000653945588511033,0.000654404091690138,-0.00017324161626453,0.000528904207869592,0.00128718735680459,0.000373258672406877,0.000560674857030723,0.000823249600762527,0.000917740882648756,0.00132510556665061,0.000169528939415589,3.09340927335069e-07,0.000284326513266873,0.000351433789158753,0.00070448625972219,0.000123989755068534,0.000272440120590615,0.000775194991048941,-0.000238245292183385,0.0015613012164856,0.000476449055809437,0.000428933050373998,0.00127149749873312,0.000966773912781053,0.000282269792150601,0.00222904296946564,0.00211571046571238,0.00209116174238338,0.00182238722833402,0.00674317719969076,0.00143994321261106,0.00167601166409744,0.019473871960624,0.0134028476554919
"825.159",0.000182565552151748,-1.36543210500145e-05,-0.000568181930782642,0.000243584772248842,-0.000361119212109083,0.00043140548840937,0.000374707377425495,0.00022613406200175,-0.000178797516031247,0.000747973206052692,0.000184886783905974,0.000241330782296851,0.000638009318878883,0.000547169472216335,-6.07134451804632e-07,0.000308664510086714,0.000501842649382529,-0.000141601787090578,-0.00076600848714543,-5.80459138166661e-06,-0.000118987006099942,0.00044325296210584,-0.000295818889378701,0.000379701769983879,-0.000192563396202444,-0.000164850580699218,-0.000162908403923419,0.000377648329706452,0.000235933964938753,-7.56370749452834e-05,-4.26904178468487e-05,0.000483930363233362,0.000457464147423637,-3.32048729444145e-05,-0.000146535421843696,0.000307535300594093,0.000712440434912199,-0.000226298564905572,-0.000405014633414137,0.0003261954847617,0.000682849131110579,0.000858049797083696,-0.000173296786864671,0.000325182514349385,0.000328205809208186,-6.49849514186567e-05,-0.000942699819900612,-0.000435524085367328,0.00213297649711786,0.00310810429496023,0.000114729684323323,0.0076797568128581,-0.00626192250900763
