"","500","495","490","485","480","475","470","465","460","455","450","445","440","435","430","425","420","415","410","405","400","395","390","385","380","375","370","365","360","355","350","345","340","335","330","325","320","315","310","305","300","295","290","285","280","275","270","265","260","255","250","245","240"
"248.336",0,0,0,0,0,0,0,0,0,0,0,0,0,0,0,0,0,0,0,0,0,0,0,0,0,0,0,0,0,0,0,0,0,0,0,0,0,0,0,0,0,0,0,0,0,0,0,0,0,0,0,0,0
"252.814",0,0,0,0,0,0,0,0,0,0,0,0,0,0,0,0,0,0,0,0,0,0,0,0,0,0,0,0,0,0,0,0,0,0,0,0,0,0,0,0,0,0,0,0,0,0,0,0,0,0,0,0.182962293271483,0.0372482346736619
"257.296",0,0,0,0,0,0,0,0,0,0,0,0,0,0,0,0,0,0,0,0,0,0,0,0,0,0,0,0,0,0,0,0,0,0,0,0,0,0,0,0,0,0,0,0,0,0,0,0,0,0,0.168551213800998,0.0228943630143855,0.0363978468699311
"261.781",0,0,0,0,0,0,0,0,0,0,0,0,0,0,0,0,0,0,0,0,0,0,0,0,0,0,0,0,0,0,0,0,0,0,0,0,0,0,0,0,0,0,0,0,0,0,0,0,0,0.131442584681776,-0.000803623951648277,-0.012712576927571,0.0503850018634543
"266.271",0,0,0,0,0,0,0,0,0,0,0,0,0,0,0,0,0,0,0,0,0,0,0,0,0,0,0,0,0,0,0,0,0,0,0,0,0,0,0,0,0,0,0,0,0,0,0,0,0.129714172070528,0.012364698522619,0.0162313566510549,0.0840521077412019,0.165311667366842
"270.764",0,0,0,0,0,0,0,0,0,0,0,0,0,0,0,0,0,0,0,0,0,0,0,0,0,0,0,0,0,0,0,0,0,0,0,0,0,0,0,0,0,0,0,0,0,0,0,0.106058718847049,0.0101363591043609,0.00679256520284077,0.0401542112817559,0.110853724602937,0.0382412330168529
"275.26",0,0,0,0,0,0,0,0,0,0,0,0,0,0,0,0,0,0,0,0,0,0,0,0,0,0,0,0,0,0,0,0,0,0,0,0,0,0,0,0,0,0,0,0,0,0,0.0805130299364338,0.0181463271027129,0.00902599945161976,0.0225198121603974,0.0845604516147122,0.0716231071427818,0.0549549576880678
"279.76",0,0,0,0,0,0,0,0,0,0,0,0,0,0,0,0,0,0,0,0,0,0,0,0,0,0,0,0,0,0,0,0,0,0,0,0,0,0,0,0,0,0,0,0,0,0.0803636859017638,0.0177039028829405,0.00635664229539917,0.0119106994809211,0.068603034496771,0.0748211004518523,0.0232943290138193,0.0637634222247173
"284.264",0,0,0,0,0,0,0,0,0,0,0,0,0,0,0,0,0,0,0,0,0,0,0,0,0,0,0,0,0,0,0,0,0,0,0,0,0,0,0,0,0,0,0,0,0,0.0144095056114781,0.00333346614431929,0.00292033271640556,0.0365662962833955,0.0725820423074966,0.015506740943541,-0.00295912528144308,-0.0415448930979594
"288.772",0,0,0,0,0,0,0,0,0,0,0,0,0,0,0,0,0,0,0,0,0,0,0,0,0,0,0,0,0,0,0,0,0,0,0,0,0,0,0,0,0,0,0,0,0.0198173809203372,0.00541868693172532,0.00717623397938608,0.0267098096620075,0.0718782527372058,0.0210210993248125,0.00618698917099447,0.00595274412665938,0.0170437969108678
"293.283",0,0,0,0,0,0,0,0,0,0,0,0,0,0,0,0,0,0,0,0,0,0,0,0,0,0,0,0,0,0,0,0,0,0,0,0,0,0,0,0,0,0,0,0.0211196930950902,0.00391771498571239,0.00528899440687369,0.0128743762094336,0.0528959405782685,0.033419276168636,0.00647225798482154,0.00010711871166018,-0.00866920152184184,-0.00960302505284688
"297.797",0,0,0,0,0,0,0,0,0,0,0,0,0,0,0,0,0,0,0,0,0,0,0,0,0,0,0,0,0,0,0,0,0,0,0,0,0,0,0,0,0,0,0.0147430469511568,0.00215709962648254,0.00353224536597415,0.00813616734716927,0.0445020742015895,0.0408431077530579,0.00301259865547253,-0.000472620214190105,0.00598664611883888,-0.00351550317435004,-0.0170054162199753
"302.315",0,0,0,0,0,0,0,0,0,0,0,0,0,0,0,0,0,0,0,0,0,0,0,0,0,0,0,0,0,0,0,0,0,0,0,0,0,0,0,0,0,0.0217683637286356,0.00385171662596824,0.00311681532816342,0.00298571572052092,0.0276888950471041,0.0415676424876225,0.00675338633534286,0.00241737621253755,0.00379606488282512,-0.00218232396844431,0.00222786976917659,-0.00244402167805168
"306.837",0,0,0,0,0,0,0,0,0,0,0,0,0,0,0,0,0,0,0,0,0,0,0,0,0,0,0,0,0,0,0,0,0,0,0,0,0,0,0,0,0.0151053413357612,0.00215705234916868,0.0021106770769813,0.00241253884194126,0.0184910535054589,0.041320027418993,0.011234925389344,-0.000819686109161436,0.00158975534328657,0.00363947779930741,0.000351577197119611,-0.00162061858187976,-0.00943394453491903
"311.362",0,0,0,0,0,0,0,0,0,0,0,0,0,0,0,0,0,0,0,0,0,0,0,0,0,0,0,0,0,0,0,0,0,0,0,0,0,0,0,0.0101342686658016,0.00425113480792755,0.000931590298456072,0.00203204134174139,0.00890126615652034,0.0367327680127816,0.019279207701052,0.00269226702615117,0.00182757777636181,0.000490372986130742,0.00287668944685935,0.00370683562513665,0.0081335894897314,0.00277449235536154
"315.89",0,0,0,0,0,0,0,0,0,0,0,0,0,0,0,0,0,0,0,0,0,0,0,0,0,0,0,0,0,0,0,0,0,0,0,0,0,0,0.001751666258064,0.00319209706055255,0.00259209163001436,0.00276775673301867,0.0072472258217394,0.0293313445935314,0.0266415777026345,0.00533349786307425,0.000838316610689256,0.00351697589673448,0.00383154741788557,0.0102926805213858,0.00452960037633791,0.0121245004303474,0.033712680512349
"320.422",0,0,0,0,0,0,0,0,0,0,0,0,0,0,0,0,0,0,0,0,0,0,0,0,0,0,0,0,0,0,0,0,0,0,0,0,0,-0.00601346957145266,0.00132589225940377,0.000649508566206075,0.0015454958980936,0.0018106167730307,0.0209404839695994,0.0298583552912293,0.00840828014218486,0.00227601598900137,0.00326543694361696,-0.000212231487374193,0.000381121473410348,0.00143749291898784,-0.000725140330747059,-0.0032069282465776,-0.0128698992654705
"324.958",0,0,0,0,0,0,0,0,0,0,0,0,0,0,0,0,0,0,0,0,0,0,0,0,0,0,0,0,0,0,0,0,0,0,0,0,-0.000646467487168678,0.00165235613790293,0.00176985536267389,0.00105280587434077,0.00180820204707654,0.0135631860432268,0.0307452582067756,0.00869723115729563,0.00414016042676277,0.00375679764671156,0.0030720487454928,0.00336664175475841,0.0024305845957139,-0.00125785046305447,-0.00310472405309,-0.0215124914854949,-0.0390368420410299
"329.496",0,0,0,0,0,0,0,0,0,0,0,0,0,0,0,0,0,0,0,0,0,0,0,0,0,0,0,0,0,0,0,0,0,0,0,0.000645774387826425,0.00144667919193271,0.00183672700462983,0.00156363761453009,0.00158654224330226,0.00662374266008174,0.0259365842161391,0.0171961135688409,0.00537807706489569,0.00466473346782813,0.00477673822182655,0.002820477275534,0.00597802465364475,0.000572527867862488,0.0046923867430709,0.00325531341426097,0.0177522327527614,-0.00203486044143265
"334.038",0,0,0,0,0,0,0,0,0,0,0,0,0,0,0,0,0,0,0,0,0,0,0,0,0,0,0,0,0,0,0,0,0,0,0.00160600834311775,-7.6596353934838e-05,0.00245551504304583,0.00372344530614934,0.00236872787309475,0.00554298359661247,0.0238654496353074,0.0201090687091727,0.00560146444401146,0.00671880578339331,0.00828834021937409,0.00878010599630553,0.00918423785918874,0.00881560088362357,0.0111858255004883,0.0130576204323103,0.0194950565559983,0.0296368383076218,0.0616348511193279
"338.584",0,0,0,0,0,0,0,0,0,0,0,0,0,0,0,0,0,0,0,0,0,0,0,0,0,0,0,0,0,0,0,0,0,0.000656658857456804,-0.00581781919320626,0.000381078639613234,0.00110165677069867,0.00108499284679507,0.00149878298639794,0.0136200302112733,0.0226690578409257,0.00437560382854835,0.00362543855047861,0.00546386241678577,0.00995470355192486,0.00450821185036295,0.00561471315329235,0.00435372458647658,0.00317854006850377,0.000636467763215832,-0.00405313321659649,-0.0162080071911123,-0.0322447523230511
"343.133",0,0,0,0,0,0,0,0,0,0,0,0,0,0,0,0,0,0,0,0,0,0,0,0,0,0,0,0,0,0,0,0,0.00123937697233578,-0.010631702068202,0.00175728602611534,0.00159031346675486,0.00193120081887996,0.00199238041251785,0.00899481204531279,0.0202897723054861,0.00959433781800086,0.00259187215396981,0.00434252524375366,0.00580240713742783,0.00489294503478577,0.00779358859649296,0.00736515972410962,0.00361826992704501,0.00646819278231596,0.00630498883155483,0.0107127688622,0.00664352850702695,-0.015345237732373
"347.685",0,0,0,0,0,0,0,0,0,0,0,0,0,0,0,0,0,0,0,0,0,0,0,0,0,0,0,0,0,0,0,0,-0.019389968172129,0.000596202060030993,0.000498270603219919,0.00139386318213463,0.000918174546598344,0.00474483110081161,0.0185720918663771,0.0129201846747802,0.00163378380667471,0.00296583338186778,0.00273279657205979,0.00354831978841537,0.00668478447874746,0.00724829287638096,0.0045230886429604,0.00165716543662302,0.00463792599241654,0.00256400019695882,0.00886480084075764,0.0107203893152112,-0.0084129597922149
"352.24",0,0,0,0,0,0,0,0,0,0,0,0,0,0,0,0,0,0,0,0,0,0,0,0,0,0,0,0,0,0,0,-0.0261331056488626,-0.00037592350909032,0.000633124275444591,0.00162714320155455,0.00015001120003403,0.00347418837433803,0.0119966368827523,0.0148611578252631,0.00266017369838354,0.00175786666077407,0.00160498573165189,0.00193525366619606,0.00263936132245115,0.00250449433092761,0.00360966293393518,0.00477807449086878,0.00484539008208728,-6.07308660038352e-05,0.00170119191354871,0.00744260306975754,0.000921319354220738,-0.0226653613309273
"356.799",0,0,0,0,0,0,0,0,0,0,0,0,0,0,0,0,0,0,0,0,0,0,0,0,0,0,0,0,0,0,-0.0323007828134265,0.000113462268696175,8.23764178406669e-05,0.000414268142049878,0.000507848680799661,0.00065711199586703,0.0079945811719006,0.0157608542233256,0.00407953659913138,0.00134292532426218,0.00144948077072869,0.00130565969076937,0.00240997461836428,0.00271591589643608,0.0040454624348491,0.00358376722099625,0.00279033634774768,0.00409953673055338,0.00231658842328526,-0.000578752304321815,0.00467097369883242,-0.00691158933236862,-0.0326244960094864
"361.361",0,0,0,0,0,0,0,0,0,0,0,0,0,0,0,0,0,0,0,0,0,0,0,0,0,0,0,0,0,-0.0476210960701837,-0.000810677802787603,0.00066478001659636,0.00057014510429002,0.000497325736110597,0.0011992506472027,0.00494561491547326,0.0130506690904589,0.00620771428958114,0.00184858891066204,0.00128615360202173,0.000990476497816828,0.00174655490692981,0.00302826288755516,0.00361346478786336,0.00144126998501399,0.00380700208935407,0.00340131875785926,0.00332118277452828,0.00227452481052206,0.00339277714838641,0.0074519203953004,0.00490951483969078,0.0157513354672932
"365.926",0,0,0,0,0,0,0,0,0,0,0,0,0,0,0,0,0,0,0,0,0,0,0,0,0,0,0,0,-0.0660300392656293,-0.00357450484373768,0.000332067457645375,0.000354019269097308,0.00017273044561369,0.00107915424845836,0.00185985016169428,0.0104613311453046,0.00853934980198903,0.00151716712055364,0.000766444571612698,0.00156712832362932,0.0004009138778457,0.00220370254360935,0.00351601656027332,0.00200323325699002,0.0015844252019997,0.00185962152926508,0.00210234223316329,0.00504190023010214,0.00162202806096062,0.00249130367322836,0.00288322813357736,0.0166095100401898,0.0451673909752206
"370.495",0,0,0,0,0,0,0,0,0,0,0,0,0,0,0,0,0,0,0,0,0,0,0,0,0,0,0,-0.079158427532865,-0.00370362669783264,0.00063814744838357,0.000535407334541416,0.000717458721512756,0.000840975833789165,0.000998000975143576,0.00827026973936196,0.0110595610791886,0.00270198046931791,0.000592816450426453,0.00200328973974203,0.00048625497348765,0.0011582115414924,0.0025781780517906,0.00247630548784903,0.00357046652878255,0.00217820828921761,0.00223990330776072,0.00157548985237488,0.00325608060719448,0.0061953289757541,0.000738530894964571,0.00103246472946731,0.000702152516613216,0.00955844504322649
"375.067",0,0,0,0,0,0,0,0,0,0,0,0,0,0,0,0,0,0,0,0,0,0,0,0,0,0,-0.100278322290096,-0.00940655403786139,2.2516661997699e-05,0.00020655457879966,6.41155945488624e-05,0.000234406618729657,-0.000116243792319297,0.00405632927180484,0.0125495265868421,0.00346017205492743,-1.20695075854485e-05,-0.000658664028808066,0.000983694961680351,0.000113607246213176,0.000327435101145903,3.74868023832512e-05,0.000308474171868671,0.00155575604290861,-0.000137054165819688,0.000328495321320218,0.00027701078658878,0.000376869341307832,0.00219581437537386,-0.000494882235998331,-0.00428675476621892,-0.010046406510491,-0.0264627629208487
"379.641",0,0,0,0,0,0,0,0,0,0,0,0,0,0,0,0,0,0,0,0,0,0,0,0,0,-0.122721058236407,-0.0117556267078657,0.000394415849264971,-0.000148255886562844,8.79733279825464e-05,-0.00015928119676532,-0.000379366817788445,0.00275142310781299,0.0094196845046194,0.0065226486289788,0.000230081388736462,0.000379484323395121,-0.000233910130663704,-0.00046496252117794,0.000855038318228673,-0.000381475217162794,1.8126020524818e-05,0.000455641593137353,4.7034363714601e-05,-0.000158484168666847,0.00123338283796163,0.00083285579611481,-0.00131167186917078,-0.00194582105324011,-0.00158426071394805,-0.00400977351396814,0.00211429058834604,-0.00938567635679319
"384.219",0,0,0,0,0,0,0,0,0,0,0,0,0,0,0,0,0,0,0,0,0,0,0,0,-0.127180515135757,-0.017995684182464,0.000714889647541921,0.00129439866302602,0.000824395196876934,0.000726902925131601,0.0012064218050106,0.00144510711983606,0.00691669260700935,0.00757106834082404,0.00160737729531604,0.0015381292925818,0.000583766225727328,0.00127686188694588,0.00206738612306086,0.00120321034145867,0.0016632284433915,0.00188649683704437,0.00290960847965596,0.00195967495896237,0.00168108400067391,0.00420418796662883,0.00408356291879408,0.00143876453761344,0.00664044126921335,0.00368608910803062,0.00682192181235014,0.0254934181750271,0.0322377905078524
"388.801",0,0,0,0,0,0,0,0,0,0,0,0,0,0,0,0,0,0,0,0,0,0,0,-0.129665601796362,-0.0243305446626081,0.00023268396690157,-4.92214648282708e-05,-0.000337285146377086,0.000860641934777241,0.000466416128441292,6.12895973422468e-05,0.00517344850599705,0.00804106404548985,0.00159821385078352,0.000419455087716823,-0.000283875091876798,0.000163266859334887,-5.23318875840844e-05,-0.000725791083446233,0.000417669616087786,0.000398021387817741,0.000189428205196442,0.00184342387049788,-0.000260245490771038,2.55767885221434e-05,-0.001364336438353,0.00105153750235629,0.00247627399254319,0.00164548101456093,-0.00341437185357438,0.00430710122639051,-0.00251825509049507,-0.0172367590924041
"393.385",0,0,0,0,0,0,0,0,0,0,0,0,0,0,0,0,0,0,0,0,0,0,-0.120055558488492,-0.032360183759289,7.74938710994613e-07,-0.00056768701265413,-0.000597688052279352,2.79986533971736e-05,-0.000561977970667787,0.000293826698183845,0.00202804659510231,0.00744758854491041,0.00445555887875729,0.000266055270079611,-9.56931192236923e-05,0.000308120560697687,0.000719461237072848,-0.000227916575777317,5.4193811602547e-05,0.000400039925947239,0.000959662674257638,0.000148365120638313,-0.000145476036859406,-0.000936432305195742,0.000826136206305963,-0.000376900874766719,0.00128199318177579,-0.000248330881072856,0.00209954628916081,0.000796157701788919,0.00217600906020413,0.00129459512072474,-0.0128578410864093
"397.972",0,0,0,0,0,0,0,0,0,0,0,0,0,0,0,0,0,0,0,0,0,-0.0890327413492563,-0.0401066781432296,0.000256140511503263,0.000587243422868389,0.00116310634855288,0.000165483226899609,0.000677794153770674,0.000416515026383135,0.00191085133842129,0.00586316706075693,0.00545887568438546,0.00109565598444086,0.000597347131749612,0.000397674994181116,0.00140963997646129,0.00114947343094414,0.000148206615103184,0.00169596366630882,0.000649173656947607,0.00151865544292583,0.00170518570066797,0.00137301049861238,0.0021583810095089,0.00202244720099756,0.00236007112384635,0.00151217240124478,0.00479004327236718,0.000709808103137291,0.00231534104237658,0.00454218503665576,0.023806743830205,0.0327741098384774
"402.562",0,0,0,0,0,0,0,0,0,0,0,0,0,0,0,0,0,0,0,0,-0.136411194842963,-0.0493462013613333,0.000307414228903824,0.00110559098472595,0.000302565776091763,0.000608435024956918,0.00169485688332858,0.00116102874692274,0.00155257604726568,0.00453475476996228,0.0062244865141833,0.00243706069565578,0.000960610797862751,0.000891884056987091,0.00134532338345511,0.000561259789258287,0.00149528360478419,0.00111076339425954,0.00118224907201672,0.00161940258111407,0.00195618027142688,0.000521023039225379,0.00179393349666885,0.00253934922380502,0.00235131898754765,0.00283576870955563,0.0052881226014596,0.00379214497918169,0.00586420871514155,0.00837544087182221,0.00501746475217662,0.019944093552986,0.0816762397546307
"407.156",0,0,0,0,0,0,0,0,0,0,0,0,0,0,0,0,0,0,0,-0.155608536143491,-0.060256454032605,-0.000733051965011638,-0.00011935516732023,0.000169356417657931,0.00127910357893326,0.000486621539428673,0.00022343249971642,0.00083820974493248,0.00264186057090724,0.0067798273391735,0.00226650963107828,0.000877906054553235,0.000518005181461122,0.000480884254054293,0.000776502312853699,0.000555810969866842,0.000287744250431015,0.000457114955808371,0.00127077053433728,0.00131638382594682,0.00120894505781127,0.00116974751295639,0.000537059957536816,0.00132650456792148,0.00179364767356149,0.00139290212793001,0.00185412197980173,0.00245483525446033,0.00470163192957911,0.00576119879705574,0.00274764308032139,0.00921492082841809,0.0275601192046754
"411.752",0,0,0,0,0,0,0,0,0,0,0,0,0,0,0,0,0,0,-0.153458340688795,-0.0749920552253992,-0.00118717049307419,0.000494074551481784,-0.000224281125908269,0.00019781793537297,0.000236199311507231,0.000622029637203253,0.000823895764260279,0.00202637477182697,0.00511726237655237,0.00338704078949546,0.00104226966976879,0.000423044451934264,0.000658376468018086,0.00136019820223881,0.000754352878581338,0.000423832678372758,0.000860149655468099,4.67899093289609e-05,0.00112878145680632,0.00108761094498189,0.000705233853435655,0.00192768101707369,0.000709782465419804,0.000813538461506369,0.00119086096139654,5.29423684510763e-05,0.00119702576612913,-7.36026505182333e-05,-1.33400375223981e-06,0.00678297505488021,0.00415974479969159,0.0166445000741276,-0.000933890245884104
"416.352",0,0,0,0,0,0,0,0,0,0,0,0,0,0,0,0,0,0,-0.0851636258108177,-0.00291831630511269,-5.64073591245739e-05,7.38280083220958e-05,-2.08928937691366e-05,0.000999908102543754,0.000387132638773408,0.000226291013929195,0.00087535996985107,0.00361167283150289,0.00369527599435423,0.000755005962592566,0.000552583471696674,0.000352199929957118,0.000546992067148994,-0.000176127496803681,0.000713272731986527,-0.00014183486489776,0.000375037637942957,-0.00018103412842321,0.000334480334856865,-0.000305496366992028,-0.000231254618794608,0.000970648063547118,0.000129968541358464,0.00124659532823326,0.00110686925941221,0.00101099876489631,9.36803592862635e-05,0.000891289716002218,0.00168916053493697,-0.00142562809528576,0.00194772601603208,-0.0110159474563341,-0.0204562608309838
"420.954",0,0,0,0,0,0,0,0,0,0,0,0,0,0,0,0,0,-0.0952423772293193,-0.00464868402615941,-0.000525112304831322,0.000197793954488114,-0.000632532854676097,-0.000412191441934696,-0.000438899814196396,-0.000530371234356455,0.000250339817912236,0.00210639400180553,0.00337802967376365,0.00129585693112853,0.000432768754998672,0.000637837654554614,-0.000405611346656157,-3.48947117801286e-05,-0.000609298570736243,-0.000273454693757658,-0.000158511804399289,-0.000618851784136511,-9.95255362993482e-05,-0.000654948784553467,0.000811818407820671,8.00788248176225e-05,0.00023070939869579,0.000175095954169819,0.000674772897442,-0.000276329749802989,7.6476873580518e-05,0.000395816182880389,-0.00112666897993451,-0.00257466936577702,0.000125855411707851,9.7413960104598e-05,-0.00323570424318505,-0.0228521552220446
"425.56",0,0,0,0,0,0,0,0,0,0,0,0,0,0,0,0,-0.103040455625569,-0.00743093033968178,-0.000166057118494925,-0.000208317333048029,-0.00080951635121421,-0.000406966503146182,-0.000758403966235499,4.95374163950119e-05,-0.000445875321082656,0.000693132178077788,0.00332884989286791,0.00215292473608892,0.00039609036432116,-0.000199921853155035,0.00013083611614712,0.000165375031194996,-0.000122341649063403,-2.6406870230769e-05,-8.30915220844615e-05,0.000537167161715571,0.000463477586287274,-0.000729837060264315,-0.000125990785879118,-0.00037940139204184,-0.000523170025717091,0.000183841761616577,-0.000187392841307995,-0.000410638106489273,1.30100823381098e-07,-0.00176923106965022,-0.000236352209209359,-0.00142761388088742,-0.00157939086927533,-0.00330310138029426,-0.0012857498168659,0.000924558858894311,-0.0232764486441836
"430.168",0,0,0,0,0,0,0,0,0,0,0,0,0,0,0,-0.110488147014513,-0.00920067975235705,-0.000991115220345678,-0.000559274709909651,-0.000515922162174891,-0.000434187862968392,-0.000269549718001836,-0.000634864356176145,-0.00048011147211238,5.63025898844601e-05,0.00171543752915967,0.00299215069161341,0.000220063441456585,-0.000615643694104142,-0.000386196539481272,-0.0001781488586947,1.76999697672853e-05,-0.000497279195954294,-0.000594814157953964,-0.000435656062205714,-0.000286452250890078,-0.000211786822354122,-0.000373914819803036,0.000180581530009636,-0.00121308683269716,0.000487650769420748,1.40646969767411e-05,-0.000796615691432774,0.00147434329644705,-0.00124825882775499,-0.0015886947764521,0.000292980098853264,-0.0025549852178723,-0.00141651688666446,-0.00318158224686385,-0.00589791475781027,0.000545309699480198,-0.0296428547887071
"434.779",0,0,0,0,0,0,0,0,0,0,0,0,0,0,-0.118817306221789,-0.0113082193541025,-0.000211110702046388,0.000397414836216628,0.000131676715266629,-3.24314179087476e-05,0.000517308387052686,0.000338175739054406,0.000178262814463019,0.000174626707499657,0.00280621799473393,0.00308246094524269,0.000868100004802239,0.000611701618056638,0.00024401991184889,0.000421417079074058,0.000297796777422677,0.000856444150171503,0.000462667182407555,0.000333006713735952,0.000634475120164295,0.000879144951645901,0.000201629772933826,0.00040537205823573,-8.96542858388526e-05,0.000143986472767616,0.000499186627363838,0.0013695702913088,0.000596002133576673,0.00138240356501712,1.27317525447064e-07,0.000244099590743259,0.000495957927042439,0.0015379491857665,0.000926583585528779,0.00164609688746525,0.00626586102289622,-0.000937994190079286,0.0054075753382948
"439.393",0,0,0,0,0,0,0,0,0,0,0,0,0,-0.132961646441899,-0.0166665416723462,-0.000882475564465283,-0.00087237404600149,-0.000596615825816954,-0.00144055338904828,-0.000904953338514995,-0.000189006045824706,-0.000494389763875832,-0.00018652460129374,-2.14938879200023e-05,0.00105389890060029,0.000998349231029542,-0.000161908326854781,-0.000698424276586811,-0.00085296479840124,-0.000733028157732773,-0.00072490394561688,-0.00038680605654398,-0.000620200749304345,-0.000363922252221129,-0.000512877400605487,-0.000303132763543434,-0.000310047372642448,-0.000306933759436148,-0.000501943174870968,-0.000916455477643014,-0.000737368064154758,-0.000329720015677813,-0.000607214469751181,-0.000173040420188907,-0.00109492348336466,0.000508927047875162,-0.00121322515392827,-0.00281021201891166,-0.00140375148718261,-0.00502988457492585,-0.00785783054035582,-0.0157161275248618,-0.0334407726904773
"444.01",0,0,0,0,0,0,0,0,0,0,0,0,-0.138278833254247,-0.020672387633861,-0.000271234373212216,-0.000334329081648243,-4.32638423374448e-05,-0.000426515562450057,-0.000508025859711122,-0.000389587305090294,-0.000155676322058263,0.000234343357986417,0.000244144840298298,0.00232010481862784,0.00158467038852009,-0.000398801074945822,-0.000590499903737928,0.000145535506166475,-0.000221426398137262,-0.000387614738996415,-6.66941148629394e-05,-0.000124663531856739,0.000177097360891547,-0.000111477079851199,-8.90837341958512e-05,-0.000281047050411303,-0.000722243144023433,0.000104671169434557,-2.18477742733674e-05,-0.000188295625656157,0.000301732101099317,-4.07082532708604e-05,0.000120072225791225,0.000326523092299332,-4.01096133214238e-05,0.000263536452647448,-0.000228366946965381,-0.00192094481819358,-0.00138642313335858,-0.000419126338039711,-0.00577521692320577,-0.00606209623595624,0.0136065968699621
"448.63",0,0,0,0,0,0,0,0,0,0,0,-0.13189225322281,-0.0269749478839196,-0.000158410996958748,-0.000379619848380956,-0.000304161372374187,0.000186053809142949,-0.0001959524791423,-0.000713726830071812,0.000206362151799311,-0.00067202024947488,0.000306128274034262,0.00120476909568595,0.0013783641995995,5.34914419756264e-05,0.00052930470839243,0.000395914428958596,-2.44216637942337e-05,2.5490199992196e-05,0.000165332752051389,-0.000146918474269445,4.10770519001439e-05,0.000157327945068753,-0.000227028293766414,0.000454510625262983,8.33250982503318e-05,0.000359452917752807,0.000380668083281677,-6.47561204926203e-05,0.000242838295465174,-0.000209752792766053,0.000213446699360439,-0.000206254574287747,0.000962102960791232,-1.96306468578266e-05,0.000987594502980686,-0.00081341737311939,-0.000134125155549007,0.00229636041638469,0.00223323959647032,0.00344126087721693,-0.00403563236799533,0.00557690060751621
"453.253",0,0,0,0,0,0,0,0,0,0,-0.125328004086455,-0.0342338427800663,-0.00102025831200009,-0.000930454926796204,-0.000247465709326456,-0.0006250741014604,-0.000117289740969942,-0.000272969479391054,-0.000318983777722838,-0.000520953464899737,-0.000251963440519166,0.00027240600580462,0.00121014653415646,-9.6764738753757e-05,-0.000303234521780869,-0.000176857101398309,-0.000457084009001682,-0.000331169623933543,-0.000843147790140328,-0.000146817505039109,-0.000177631797040098,-0.000121058601228267,-0.000644461290249232,-0.000108528188928195,6.93628255035134e-05,-0.000209042333705509,-9.5880905495411e-05,-0.000182771900350058,-0.000171272155151085,-0.000251197177884256,-0.000146298164975262,-0.000382241201981511,-0.00036409209427405,0.000134101180271001,-0.000739238998254426,0.000604275837422423,-0.00174704593889268,-0.000465464539104365,0.000378115298348562,-0.00180186886608717,0.000181099374012629,-0.0032911434954338,-0.0153091689898418
"457.878",0,0,0,0,0,0,0,0,0,-0.115154427825125,-0.0348225230224272,-0.000862179479283044,-0.000333713327615458,-0.000497459061879453,-0.000442957376386203,-0.000125386831373811,-0.000364742492547431,0.000218077719464099,-0.000296782259671627,1.98555191180936e-05,0.000177992880910435,0.0011606424557427,0.000552612391951531,0.000154698237445139,0.00031780618653049,0.000192198824785039,-7.36533303179442e-05,-0.000319838051209453,-9.73883223375961e-05,-0.00020199700367396,-0.000496703933732593,5.65860657190731e-05,0.000194892973919027,9.18280486659974e-07,-0.00031628003964231,-0.000251633797192087,-0.000941015361314171,-0.000361958402024458,-8.4572427894182e-05,0.000464240531392004,2.42443315779447e-05,-0.000182681594707402,-0.000591362315009139,0.0003638927402417,-1.91935107204207e-05,0.00108207661267221,-0.000135797392604916,0.000826395441537246,-0.000750957232857853,-0.000577425182448102,-0.00201107397468889,-0.00105817402862738,-0.0140383962474559
"462.506",0,0,0,0,0,0,0,0,-0.0874394749490449,-0.0381085199255422,-0.000709730628937378,3.91290372747963e-05,0.000133107764809265,0.000412326921732211,0.000439845126882098,0.000411847103844211,0.000336755894854276,0.00012976900743088,0.000332086954171117,0.000770686561252152,0.00129208130180996,0.00132898296230936,0.000546953794112124,0.000449165626184724,0.000306623972497847,0.000306582029277547,-8.12148597249908e-05,0.000342665119842314,-0.000137595001575377,0.000490918694164824,0.000405856980661569,0.00107969497450754,0.000392902882215422,0.000614307100271194,0.000178639745013669,0.000867632687214216,0.000169986312336369,0.000349852247627418,-6.25073848783596e-05,0.00118924539278075,0.000910559850384863,0.000142515480612747,0.000457714819836333,0.001786258785762,0.00137591789881733,0.00223729260482461,0.00150035667531196,0.000981784899786789,-0.000497122091537934,0.0053652424574147,0.00549836685130503,0.0118558167988994,0.0263025487532296
"467.137",0,0,0,0,0,0,0,-0.0518889040873445,-0.0421355795550169,-0.00113265174335056,-0.000106476838102326,0.000265231357503722,0.000385018508179775,0.000391101763608329,-9.27285667852024e-05,0.000168772490075759,0.000446114674916243,0.000785602575758637,0.00091790556997489,0.00105561000651858,0.000953657910738547,0.000927724944882221,0.000466533540852462,0.00063823541066877,-0.000277368695435359,0.000269889995918633,3.26891043459953e-05,0.000345834272591915,0.000810603852066908,0.000460619819400098,-2.31830687628319e-05,0.000399828069549994,0.000411771956527048,0.000792365331537501,3.40176980665718e-05,0.000370760744612307,0.00042831734457804,0.00048306227240653,0.000467491236109726,0.00039869502475062,0.000532263163093328,0.00135505283175268,0.000790788725279487,0.000760444712952692,0.00120738381829861,0.0011494591663203,0.00199203625839294,0.00264771303000909,0.0017116908256298,0.00495960569884879,0.00569734187401215,0.00754320269579841,0.0246762495238988
"471.771",0,0,0,0,0,0,-0.0994454396735838,-0.0466849916506617,-0.00126812340449616,0.000345836887036199,0.000208127311924578,0.00034854466725786,0.000187069412234508,2.37184711751769e-05,0.000207734168226732,0.000395896111281723,0.000394438874916946,7.63150272234873e-05,0.00120770190621537,0.00210741081486171,0.00103496920139173,0.00032833502682384,0.000943975962474251,0.000281492903167384,0.000600629749518775,0.000714117323553508,0.000216033684249635,0.00032686631106149,0.000533743497811359,0.000881905148677006,0.000591685000670865,0.000614003990741406,7.85047936143022e-05,0.000689299380836243,0.000731332028648363,0.000893289085547702,0.000692884386706807,0.000714073171603779,0.000370810509725601,0.00037362816465903,0.000821624712657552,0.00106559965506098,0.000560556876629396,0.00181357917059789,0.00131043350708941,0.000983975521345863,0.00122779058866799,0.00102477051687075,0.00206397274046552,0.00251810550060917,0.00406441807538218,0.0083384347566961,0.0175744521846955
"476.407",0,0,0,0,0,-0.102907596404324,-0.0505445394776391,-0.0017989812669692,7.90133449174275e-05,-8.81908279382411e-05,7.71949761402339e-05,-0.000262403429235094,-8.05216167160488e-05,-0.000394381755824102,8.43741668932793e-05,0.00028801332626675,0.000408653406277148,0.000219559219260463,0.00120122920733209,0.00028986335894466,0.00056848615981045,0.000299676002864899,7.23157782698995e-05,8.7783025021213e-06,-0.000381986780311408,1.62428157938369e-05,-0.000206847262143753,0.00051645810774666,-5.49636385462439e-05,8.38082755085201e-06,-0.000123894450772158,0.000271178805853983,7.08425020612306e-05,0.000239771508518417,0.000132735251340495,0.000575703712505979,3.69116609455538e-05,0.000263073241049855,-0.000256296673426222,-0.00044838765892818,0.000409045390382892,0.000530480042113173,-8.37061934478107e-05,0.000783192615444893,6.42321960027999e-08,0.00028954031719588,0.000559462857088042,0.00153192177500941,0.00120702178392714,0.0013913708062638,0.00492226118609533,0.000937611533072005,0.041790507797266
"481.047",0,0,0,0,0,-0.0503289235814628,-0.00249908567430066,2.5095441903679e-05,-6.6002238160678e-05,-0.000396042686035762,-9.76393341324669e-05,-3.09001990924567e-05,-6.42609990562231e-05,-0.00014135551046987,0.000243913030469664,-7.54855958503794e-06,0.000127183090696507,0.000521179257905385,0.00140771174007277,-0.000935895985627733,0.00011506626284089,0.00021699779949915,-8.09150049756636e-05,-0.000191712496764109,-4.12995702012807e-05,8.04361542511856e-05,0.00030970680291212,8.12486389574837e-06,9.46039293763705e-05,0.000180036456803644,0.000486225915933333,5.41195466896901e-05,0.000218162689148722,0.000349236329789413,0.000123716268058103,0.000694472800066483,5.5039054076507e-05,0.000300767524109442,0.000520589901648893,0.000413879413911785,0.000186134778483754,0.00104340748848656,-0.000736020832655355,-0.000142516564101799,0.000129955671300542,0.000953088278754034,0.000661379556006557,0.00209578456238455,0.000761307538731827,-4.55530685805009e-06,0.00525212857459317,0.00456001934180606,0.0367009092693989
"485.688",0,0,0,0,-0.0591863022466773,-0.00358748292390688,-0.000285125125109304,-0.000189256740969674,-0.000110995294121432,0.000180328826180593,0.000154758850575903,0.000169033538467092,0.000201925940431757,7.86001220629684e-05,-9.14619708397101e-05,0.000158695016346327,0.000366061740400101,0.000328794106389051,0.000386671761659631,-0.000253936547921935,0.000144143410975813,0.000307922681531725,8.109776311322e-05,7.8742372384746e-05,6.63077778255856e-05,0.000330329694642628,-0.000126959795744664,0.000507457993340746,0.000206136250960507,7.89589330490611e-05,0.000108395782982829,3.87773860221951e-05,-0.000389068836155507,0.000231217704317282,8.29783749232153e-05,0.000330840689026554,2.78340774096801e-05,0.000175067920691366,0.000409240503709851,8.7591160901136e-05,0.00110693911937575,0.00425680103257523,0.000166933355001947,0.0014983981383208,0.00109652608919288,0.00071081294621184,0.00111373446060819,0.00314959211611063,0.00124297893955883,0.000884155101074509,0.00437403193650347,0.0174645414616279,0.0638795753733774
"490.333",0,0,0,-0.0582841734959212,-0.00482727154268752,-1.99909123006479e-05,-0.000300640779501784,0.000106634811428557,1.94835937653176e-05,-0.000228022197973183,-0.000389917214583513,-6.17921487365096e-05,-8.04683792765166e-05,-0.000165426428634031,0.000122521581397091,3.77900261124978e-05,-0.000402904050022454,0.000303739198018568,-0.000379260691611342,-0.00055684987283489,-2.89295546864617e-05,-9.98216711356681e-05,0.000153409084855222,-0.000183481381027757,-0.000215572257443589,-5.63779218194838e-05,-0.000476974943177858,-1.54423971388669e-05,-0.000236981619180989,0.000282371902961041,0.000224579309369436,-0.000192917621468866,-0.000342882946016674,-0.000190833228442761,8.50618197351978e-06,-0.000173887057039761,-0.000119185593862736,-0.000592841125441596,6.18077340537897e-05,-0.00017447910257192,-2.32549017182678e-05,-0.00100865439246645,-0.000292539355627169,0.000144153533733129,-0.000353436799335638,-0.000688913607183101,-0.000529200814966369,1.04620323488226e-06,-0.000846909756727814,-0.00428710983611559,0.00164714900600372,0.0103065902183648,0.046508048022483
"494.979",0,0,-0.0639423056825854,-0.00553430423821068,-0.000588437013670966,-0.000390112787696089,-6.63304215943784e-05,-3.19648422972931e-05,-0.000567757437734571,-0.000251238257328371,-0.000246917285806583,-0.000323499473071508,-0.000629461529215492,-0.000362182969327804,-0.000748083527206075,0.000181465427321567,0.000101367486951651,0.000109640597696584,-0.00073935444905317,-0.000761699236055174,-0.000644797873762439,-0.000507830756198174,-0.000550171680654547,-0.00019224686719142,-0.000547086070640514,-0.000395119055541681,0.000143566281907137,-0.000784156298224437,-7.86938335561008e-05,-0.000187359339847346,-0.000448614926338162,-0.000216082697189532,-0.000451717393451711,-0.000429948164661824,-0.000429155981313014,-0.000748476925731129,-0.000100922772305386,-0.000291390355431579,-9.18241270977024e-05,-0.000360251586825799,-0.00075812867181675,-0.00032771969820524,8.35574919413381e-05,-0.000557874450966103,-0.00120914672543884,-8.85300929689868e-05,-0.000980103095377952,-0.00130393285702913,3.79250907534177e-05,-0.00300551873360003,0.00249803422058335,0.041488876811767,-0.0230647616905101
"499.629",0,-0.061208063640163,-0.00499117884513997,0.000464404295410713,0.000503292707696229,0.000502265978932928,9.09996150467027e-05,0.00043620071412341,0.000463969520108901,0.000406215196001268,0.000412638054641164,0.000804521807519479,0.00016886727906486,0.00015658608539074,0.00058776374781397,0.00100122161933827,0.000659551057190719,0.000829688117914472,0.000450514858167069,0.000194294674666681,0.000325589227646823,0.000460178272082776,0.000753975064262965,0.000548005058022752,0.000923989431470283,0.000642104069621212,0.000688845499296401,0.000276556694921962,-7.04169040424691e-05,0.000537556290308242,0.000246691519726008,0.00118452117888976,0.000443171821014825,0.000380993276602317,0.000665673506676955,0.000268861578118134,0.00040207809043667,0.000667570028105264,0.00117180499773236,0.00102181903019319,0.000673297642911558,0.00035126071334549,0.00105324882821134,0.00211113804283668,0.00112939647959157,0.00137141545854516,0.000503427714380209,0.00396210401558935,0.00127808607659637,0.0019308771525058,0.0286516707006715,0.0459833425367515,0.0188920307852106
"504.281",-0.0679187813107979,-0.00678021375243686,7.09059909479231e-05,-8.51637151525227e-05,0.000262895823120097,5.36596299241378e-05,-6.09253017144671e-05,2.16565926771001e-05,0.000169622040009387,0.000296297597188996,0.000122315560637247,-0.000153483717024121,-0.000160471676336436,0.000501596650150193,0.00100099510953891,0.000798809190979155,0.000198923451050356,0.000100686198038912,0.000506262750880404,-0.000165327986994627,0.000220468808537948,0.000144500159404192,0.000134778921808019,0.000391895717492455,0.000214724798131786,0.000514161672030237,-0.00015050389147427,7.91283138603541e-05,0.000118467203251585,-0.000194559155497085,0.000323989657976118,0.000138550259184761,8.5747685329403e-05,-0.000253917143451196,0.000642078329982517,0.000347115509831071,0.000292830526048516,0.000532736339887759,-2.01581431390601e-05,0.000478742412254724,0.000522900523737116,0.000565195160449459,0.000860117392522474,1.6034492614593e-05,0.00114903268702487,0.00119559468376665,0.00060859342600468,0.00155578678924902,0.00340300432314231,0.00416212485761795,0.0303249088463272,0.0124404973692585,0.0144449654960129
"508.936",-0.00820816033382375,-0.000436471269658082,-0.000395052750303607,-0.00067444263672381,5.05162031398471e-05,-1.99071772352487e-05,-2.03559113532909e-05,-9.54803668734084e-06,-0.000288995662363527,-5.80512151217366e-05,-0.00036028998733051,-0.000236707007066554,-0.000134858570888329,9.28930719198348e-05,0.000230623887937688,-0.000547404850695532,-0.000190422040466311,0.000166933332230709,-0.000357182006196828,-0.000561332018092167,-0.000276614753158358,-0.000197743509742734,7.15240286961148e-05,-0.000424419371201229,-0.000558660871970507,-0.000263607509552778,-0.000425067314457779,-0.000337004917683045,-0.000273787254171322,-0.000434004531817106,-0.000605432135742894,8.45984287018624e-05,-0.000153933414928921,-0.000733831288286028,-0.000220689373927816,-0.000128833102741345,0.000100139224480173,-0.000230971768969844,-0.000273820664350544,-0.000465254165383449,-0.000392978330699743,0.000112526539631183,5.52088730250005e-05,9.50660339084167e-05,-1.82693395663711e-05,-0.000506212962764824,-0.000154367114834429,-0.00040656442644881,-0.00052265668037878,0.0148693085274306,0.0266239203844187,0.00628917284799342,0.0144673112316432
"513.593",0.000396469742156582,5.8691360510549e-05,-0.000125104022717071,-0.000226340271099378,0.000267251469733705,-6.62498063639494e-05,0.000290779794190986,0.000171918692425103,-0.000193179476603094,0.000293156544143026,-5.78046085052016e-05,0.000386642152523949,0.000392746924915104,-0.000202576118369031,0.000310253403325005,0.000223632600531296,0.000126074872343839,0.00063058804844316,0.000209425671375021,0.000471458629042958,0.000350829815716548,8.93436173083561e-06,0.000293260939310714,-0.000154991371472329,0.000424731902278468,4.76729019419961e-05,0.000399350585810329,-6.25328520490832e-05,0.000467773518630541,-2.32752086559766e-05,9.88764568786833e-05,0.00029684733276599,0.000161462379696077,0.000133371651443429,0.000154750615132456,0.000145859950684725,0.00058788418629807,-0.000431066253781006,0.000241957497430685,0.000161351660204727,-0.000218358973392464,0.000409890984221127,-0.000356757226861536,0.000220037190226981,0.00170474929816793,-4.38635267998645e-05,0.0010486296044302,0.00150804230154535,0.00195830524804165,0.0223853215226775,0.0117000956625904,-0.0049264755293648,0.024479048168754
"518.252",-0.000745849453478342,-0.000333248869784422,-8.00670442172225e-05,-0.000467010962357948,2.14079684105046e-05,0.000158363533345134,-0.000394267245121889,-2.6645496877902e-05,9.66643245527778e-06,0.000108568654965567,0.000177469316068833,-0.000272736557251023,2.87290334062291e-05,-0.000255317596208934,-0.000119456555562299,-0.00011868358572502,-0.000266720000850333,-4.12805113954286e-05,-0.000353326344227802,-0.000143553497880266,-0.000283038108037876,-0.000355623446019681,-0.000168009313401588,-0.000111424462851007,-0.000260083536020658,0.000237165257020905,-3.14806561249281e-05,7.77224793356319e-05,0.000116264204587691,-0.000184186949419237,-3.05551014594021e-05,-0.000363376783528412,-0.000550803321581716,-0.000124683339887199,0.000323886456041679,0.000213430610187009,-0.000198026732343359,-0.000219126542431772,-0.000571973340802812,-2.1556990172016e-05,0.000468832094437226,-3.70860144658614e-05,0.000218453839643623,0.000218732665156612,0.0002554671384337,-0.00106724430428935,0.000757257508007085,0.00221893143746364,0.0088573589515617,0.0215390284492276,0.000999873619364922,0.00631306989613726,0.0122130743305489
"522.914",-0.000392529177984772,-0.000204772102767731,-0.000176589108583368,-0.000778943416463013,-0.000350784129699512,-0.000163908973687556,-0.000119116586771579,0.000213743600775106,-0.000342653984752792,-4.56337430390029e-05,-0.000406532866733691,-0.000279791216779101,-0.000199952256313335,-0.000337828336561586,-5.94418007427978e-05,-0.000103242269059707,-0.000374322240908318,0.000385769062720471,5.40657076222114e-05,-9.51640208097166e-05,-0.000440840492947369,-0.000327039378778354,-0.000448362962336841,2.56044272846591e-05,0.000210046367651385,-0.000117913062214331,-0.000193965318086328,-0.00040157493822034,-0.000416656245909985,-0.000579870035738729,-0.00014337356715105,-0.000203367134076733,-3.78299781004424e-05,6.99461729981073e-05,-0.000587682141295454,-8.49719204837854e-05,-0.00017000366390039,-0.000160932991473281,7.99136394383387e-05,0.000478995607088927,-0.000636641330297922,-0.000344022793622486,-0.000162885291328785,-0.00107226064337007,-0.00023567984064209,-0.00084425165293642,-0.00035828273755458,0.00321690750339354,0.0149620015125754,0.00394759451469601,-0.00489146489540327,-0.00307563342768021,0.00450153928857503
"527.579",-0.000839493543341931,-0.000584618879112377,-0.000608392447711802,-0.000928186155424339,-0.000107427001833872,-0.000209772284184286,-0.000411784485281375,-0.000131206846267671,-0.000215339160567687,-0.000239452664561962,-0.000245582569489452,0.000530106258913218,-0.00025743676320459,0.000245466947523718,-0.000171211447778502,-0.000331817811457975,-0.000764148388929853,-0.000615539787159879,0.000351213843244708,-0.00059954540010194,-0.000403288135088397,-0.000503766571222091,-0.000826302738971048,-0.000417427279871428,-0.000387800373877213,-0.000605198616055753,-1.57238880428638e-05,-0.000555935939801133,-0.000539829440332877,-0.00034276051872278,-0.000392042064213213,7.65494412212395e-06,0.000106343084809996,-0.000396032205094549,-0.000547287125126579,-0.00067874862107964,-0.000572572030466977,-0.000369439282713069,-0.000309250549285928,-0.000521620726006311,-0.000659367426381973,-0.000270285896867067,-0.000773633497002659,-0.000294811974746005,-0.000670639461487102,-0.00129878291342425,-0.000357257963886325,0.0031342300462789,0.0140307210208094,-0.00213196337019808,-0.00702775919459329,0.00331794176488352,-0.00964637244447071
"532.245",0.000305259291118861,3.87012203527323e-05,-0.000185533201642148,3.29396155107686e-05,-0.00015767513369462,-4.58825614597745e-05,3.96634119225523e-05,3.90863886601989e-05,0.000234389045168676,-6.4405281621873e-05,0.000167888485906612,0.000290908540127604,7.14846497137309e-05,-6.14429167116945e-05,0.000186338504629771,0.000110671117281819,-0.000249706783460755,7.78739335489205e-09,6.30738258476449e-05,0.000161869769829913,-0.000215848862663162,-0.000291815635579478,-6.15553484249533e-05,0.000400647373194223,-0.000129326827794852,-0.000330245977072198,0.000147708914104705,0.00025519064306561,0.000293390073131004,0.00034317806076278,7.49564246617325e-06,0.000143240075701563,-0.000213169843049558,0.000365185147064869,0.000144832815113049,-0.000568519734526245,-0.000205837182639986,-6.61961010519752e-05,-0.00030918326985794,-2.11336885932454e-05,-4.54972335399702e-05,-6.14049534945987e-05,-0.000271611935624541,-0.000108302572518763,0.00154245506656216,-0.00082268890784494,0.00105810338002679,0.0100802547662665,0.00537361511744044,0.000321369176739203,-0.00386670213114953,0.00405101191053109,0.0154677055814979
"536.915",-0.000220027979150577,4.89583515168114e-05,0.000177611125913028,-0.000526951499895793,-3.61779016530164e-05,-5.29222223296636e-05,-0.000115136394730788,2.60543676939576e-05,0.000166029370070327,0.000374924683094237,0.000361049603566012,0.000446032831683688,-0.000142705739518419,-0.00012388498313651,-0.000112671768872296,5.20808498850978e-05,0.000165205659311877,-4.14112070225007e-05,1.81748861202975e-05,0.000739368919346544,0.000236589785405311,5.35140629127025e-05,-4.43497577283261e-05,0.000249166932799252,0.000130428310292478,0.000158613125133264,1.57008903471905e-05,6.24818388157664e-05,-3.98831214712815e-07,-0.000261553435478372,0.000509973086257948,2.29276072244957e-05,-5.35728602976886e-05,0.000485949128279836,1.63271258322564e-05,-5.12723982672052e-05,1.81166728530547e-05,0.000325138510895242,-0.000322192197658523,0.000279178231523502,-0.000344080586063097,-0.000223117596693245,4.10848776482077e-05,0.000690967508555914,-0.000841188896403073,0.000962326129639122,0.00217658937272905,0.0106974894419251,0.0010916704832327,-0.00148016274489883,0.00102607343393444,0.0108253737318617,0.00181823135915403
"541.586",-0.000489553793091821,-0.000716034207254254,-5.43287241378262e-05,-0.000101656271319044,0.000306433843479293,-0.000421537767591062,4.54903042936562e-05,-0.000215258341877775,0.00011488719764516,0.000447500706681465,-0.000443034363127023,9.16777459224313e-05,0.000152634968246535,-3.91569469485597e-05,0.000182427947051623,-6.01988560491116e-05,-0.00015122276037608,-0.000351762353846809,0.000431927194268359,0.000252484867974302,-0.000382896436909784,-0.000405868919206822,0.000313966212925143,0.000330329289257482,-0.000131887023836923,-8.0105534588663e-06,-0.00037941813649975,0.000212876017379782,-1.54891336483491e-05,-9.2854340879186e-05,0.000177170638200475,-0.000614405457256442,4.95962084721339e-07,-9.48807954623221e-05,-0.0002217690327915,0.000130281191428485,-8.21130627079472e-05,-0.000135100169357088,-2.03980985605383e-05,9.32196856432668e-08,0.000162428103272179,0.000514102535277036,-0.000290857134302118,1.3641391261995e-06,-0.000462063861810198,0.000201934967456989,0.00989233644944557,0.0039563549690622,0.00211718905307965,-0.000223243559958911,0.00233065500931482,0.00267377791048921,-0.00413494948577284
"546.26",0.000302194153136796,4.99670876619006e-05,-0.000126937854748342,-0.000314871432989954,5.86053544397076e-05,-0.000127950139581945,5.07804195709164e-05,-0.000232632633101778,-0.000113853506863363,-0.000103153234232724,-0.000209050025936002,-0.000423961532561444,-0.000589735356333275,-0.000204886245235704,-0.000344204539149096,-3.02927298061494e-05,-0.000424449793401301,0.000311881962896132,7.39925133747298e-05,-0.000205239007649713,0.000423844357915507,-0.000308617181590845,0.000297928746176901,-9.61997369117137e-05,6.39893011795674e-09,-0.000322886207013376,-7.97402857495608e-05,-0.000420195780112931,-0.000261703483478651,-0.000438108772003784,0.000123763825307502,0.000224465664973362,0.00029694154375822,-0.000214809346069978,-2.33380204426566e-08,0.000165852425507696,0.000128780694803661,-0.000252870427640189,-0.000338065270689271,-0.000294939080026169,-0.00014007778298306,0.000429106001686781,-0.00139396133751275,-0.000812162812439447,-0.000334712776312582,0.00208578175309287,0.0053522731622864,0.00161429656730493,0.000279995824686943,0.0006638372848118,0.0034636024647626,0.0178573915214388,-0.00655117498820297
"550.936",0.000428497426888347,-0.000171481088799926,-6.41592479975593e-05,0.000128465021005564,-0.000496253372664641,-8.13559094652518e-05,0.000107141798986783,-0.000216213289760345,8.78191774354078e-05,5.72917222474863e-05,-0.000366791111770674,-0.000178694978066792,-0.000455662192746386,-0.000428745449105038,-0.00014637899950475,-5.34110587663042e-05,-0.000137163129418491,-0.000271750800441954,0.000270240602683672,-0.000216674149150126,-3.80432081318444e-08,-0.000329246474963554,6.36702944976741e-05,-0.000308446731951176,-0.000250760185502561,8.16776798973369e-06,-8.00115852237864e-05,-0.000255095660503434,-0.000430522265847475,-8.63302292170562e-05,3.14017958816526e-05,-1.50552700733754e-05,-0.000259344191135415,1.65905466736432e-05,-3.30174764081727e-05,-0.000227946920980296,0.000222329452316144,-0.000744659953464407,4.15783626395564e-05,-0.00107901295309696,-0.000341035743440788,-0.000877117066808012,0.000196625408940758,-0.000624958499744165,-7.35644616562045e-05,0.00492320593041673,0.00405239944023959,-0.0010874365017983,-0.00117811615374631,-0.00180132437126134,0.0072724334501012,4.36926189901973e-05,-0.0160680337176939
"555.615",-9.04743559881638e-05,-0.000192037095176475,9.09427109462358e-05,-0.00017196222438106,0.000207307943668411,0.000238023522865508,0.000168181908813717,-3.80132635902086e-05,-4.50779115834096e-05,4.08447699380065e-05,4.55346195951451e-05,-0.000140019770669194,-0.000334187076396368,0.000158999627095779,0.000324190480390404,0.000160460815942179,0.000218143897283297,-0.000280650142528746,0.000503939829868777,0.000266214015430593,0.000136032573657798,0.000338861883482394,0.000163974115685158,0.000203142304904723,-0.00020091500237829,-0.000195431299695957,-7.19010559821877e-05,0.000112459345467395,0.000407462046036367,-0.000173495185444652,0.000367587350523801,0.000109712660364193,-0.000196703667397047,-8.02844620091762e-05,0.000200574436181681,-4.37015250246558e-05,0.000315363253694349,-4.87646620063775e-05,-0.000216751500502612,-7.69416373146705e-05,9.427408038528e-05,8.93096151667496e-05,0.0001265883089005,0.00029219914240981,0.00126726556651245,0.00345460397861858,0.000787328683546178,0.00144969046388782,0.000932693471841439,0.00352077192892533,0.0094200060936814,0.00681665246739996,-0.00130670001891914
"560.296",0.000510425597896229,0.000192563915607664,0.00022911330225302,0.00028458562614582,0.000252757436379973,0.000116440324694723,-0.000234442437139279,-3.9859184582814e-05,-3.69213601944518e-05,1.75697563479984e-05,0.000611654234579942,0.000359221716367494,0.000556795561297104,0.00012775962134975,0.000511585217671877,0.000468118624558936,0.000340785751594416,5.12568925245446e-05,0.000384286452796758,0.000495178222521567,0.000556374845369933,0.000441495609900832,0.000237873215128036,5.32334184096601e-05,9.25192569635852e-05,-9.81417962618783e-05,0.000411598432143582,-1.88503333272121e-07,0.000329555810431133,-0.000285428833458197,0.000204229017860538,0.000517210455966158,0.000118829984860131,0.000484800133918087,0.000301655275326729,0.000415176622156452,-9.2830678674346e-06,0.000512673721206114,0.000259936639565524,0.00109676680580458,0.000567954091290331,0.00062675179335193,0.000254265167540051,0.000911524344017864,0.00439742951976685,0.00651788602167111,0.000489777496652403,0.00361849736746744,0.00428040085230381,0.00916229973629702,0.0068228484609996,-0.00490733845092389,0.0210425198857162
"564.979",-0.00049226419302389,0.000112443196092848,-0.000777426962800385,-0.00087045917016371,5.87305150883046e-05,-0.000260801268613388,-0.000429143743816266,-0.000443530870492577,8.18069184527056e-05,-0.000286772500611847,-0.000318582658933956,-5.51585922605797e-05,0.000247804873104062,-8.86510423084869e-05,-0.000312803502624196,-0.000209080599021428,-0.000515890425935381,-0.000344761135021437,-0.000321567511846296,-7.99547952976879e-05,-0.000590987460858151,-0.000686813146092872,-0.00032311493091908,-0.000134210660624622,-0.000543023697238954,-0.000784115811783124,-0.000350026699635226,-0.000154363056189312,7.8912657762454e-06,-0.000520671918524897,-1.62119555226004e-05,-0.00073578068160398,0.000128149122752196,-0.000317743390047285,-0.000321114561108389,-0.000400790603015084,-0.000385181532084941,0.000248880010453239,-0.000460942117984414,-0.000547620964898069,-0.000143182570224032,9.06834828257525e-05,-0.000142530141560749,-0.000684824546249158,0.00411834640369832,-0.00076600215891499,-0.000404327778855331,-0.00117081115255032,-0.000623797424676121,0.00179056423035742,-0.0073895207315085,-0.00612279801348541,-0.0167196457819733
"569.664",-0.000426724970953437,-0.000855417416644274,-0.000121598083505952,-0.000605496896078679,-0.000238035189798044,-0.00069956146800448,-0.00018997449561128,-4.71027703446596e-05,-1.0707127019934e-05,-0.000156561076113181,-0.000113806768447143,0.000119045658484986,1.68051393075184e-05,-8.928613193844e-05,7.09180332900661e-05,-0.000218409584141806,-0.00055264352615246,-0.000260456018675354,-0.000295372497203202,-0.000583944290868369,-0.000744161839369751,0.000299158518772816,-0.000167337533385493,5.41610188108499e-05,-0.000196566774126698,-0.000690009225739838,0.000229854428546647,-4.89272796847468e-05,-0.000513861862386061,0.000128803059856284,0.000103895217908374,-0.000246663210539772,-3.19642692221122e-05,-0.000434665219521008,-0.000374462114028846,-0.000376492180818864,0.000189421127165115,-6.98213059683394e-05,0.00034868929535867,-0.000483858674120279,-0.000144168668361144,-0.000623417737855084,-0.000344574058787213,0.00182475192305352,0.000572393346296815,0.000230072110660039,0.000523555302150877,-0.000621683180623766,0.00272231025502817,0.00226792392217591,-0.00081619001406253,0.00168537609610124,-0.0264964882091232
"574.351",0.000883802546442241,0.000488218110329448,0.000995634223886953,0.00050188464450378,0.000590070836476759,0.000483495073061424,0.00036478117848748,0.000204280638940675,0.00027640845078122,0.000382112851357441,0.000134912392034643,-1.60797643341923e-05,0.000302245173895042,9.00334587075092e-05,0.000588055131949961,0.000385488964437823,0.000449204445632254,7.881469655685e-05,0.00024981598603912,4.05634425935126e-05,0.000610414359657501,0.000414863338046993,0.000590859897796908,0.000572568395638061,0.000482732713079158,0.000561934115486491,0.00036402458934197,0.000403912153192006,0.000304905132582767,0.000512956329742184,0.000161101145778905,0.000699178240575052,0.000722276908236598,0.00026538642727638,0.000438183126264854,2.74380712963321e-05,0.000802003755344897,0.000444704342692314,0.000330327202204527,-0.000181322554008002,0.00060664435079992,0.000511658597766708,0.00105717433493212,0.00166312953280739,0.00180421948162549,0.000162366612205445,0.000140742464873762,0.000434878166830483,0.00855307590558579,0.00409056632834878,0.0046554820956763,0.00840942688223721,0.0245006086238559
"579.04",-0.000316780120873893,0.000429986868110843,0.000614911110987873,4.14144334266392e-05,0.000118447981091939,9.20552493307455e-05,0.000117423000523194,0.000164277967541786,0.00019484380902872,-6.11741281272053e-05,0.000204225150362923,0.000258584182980582,0.000660523122490848,0.000330417064083185,6.41547005172325e-05,-1.58741872835995e-05,5.03718754380385e-05,-0.000379916341288279,-0.000106645816416366,3.07956013228883e-05,9.08937452551719e-05,0.000142749240144378,-0.000189275856925432,9.12948454986863e-06,-0.000382726591083854,0.000101530290966301,0.000375093239450488,0.000207305783341599,0.000281680085754368,0.000164136722990772,7.30006439076886e-05,-8.92896728760338e-05,0.000204651151579307,-0.000401749402403019,8.53854175473772e-06,1.8047682792369e-05,-0.000125234501097431,0.000101789465138939,-0.000923747873386388,-0.000194489309200775,4.91375106051772e-05,0.000185709410066693,-0.000379680358926493,0.00273008028277399,5.90727676892922e-05,9.37725440865139e-05,-0.000888830751953858,0.00087899643626213,0.00660685766805697,0.00291461441861173,-0.00322470818970926,0.00452510287133879,-0.00557111740101302
"583.732",7.08197630213693e-05,3.09586513358555e-05,-0.000357273735783848,0.000561571538083092,-0.00033641039611752,-9.2287512062122e-05,-0.000177442959123806,-4.77201980791073e-05,4.23484130906765e-05,0.000240323459147025,-0.000281073255967433,0.00023575409051359,-5.96565159385138e-05,-0.000149647024472917,8.10938670057687e-06,-4.79354020553819e-05,0.000253402962296729,-0.000409015217002052,-0.00020491240959244,-0.000237216320601087,-0.000213377874014919,8.61709574747497e-05,0.000161926822987912,-0.00023988942034057,0.000227616717709945,-0.000187285008899378,8.4346224392588e-05,-9.18882565449736e-05,-0.000166616901574085,-0.000296723944046553,-6.51061950719659e-05,-1.63717894870287e-05,0.000149133176272383,8.64524237285242e-06,1.77856624894756e-05,0.000220802619725964,0.000329701029948585,0.000369534605412905,6.52433168562107e-05,-0.000287553150804237,-0.000430790027291633,-0.000182286334522556,0.00361768289510069,0.000511958284153721,0.00112004727756899,-0.000539288538699732,-0.000191276257363447,0.00354781101630806,0.00219679813323694,0.00246370975624885,0.00435781915356551,-0.00507843675444162,0.0115549957086571
"588.426",0.000688268466610084,0.000878798641311564,-0.000159626798310063,0.000863274538560921,-1.06023868473516e-06,0.000514179230846757,-0.000210734719356212,0.000261278868149598,0.000410104453027716,0.000421114521709043,0.000523137457691797,0.000874366995703144,0.000368304314377016,-0.00038437119477215,0.000721854262935512,0.000281046342231743,0.000246202619718888,0.00039324988637197,0.000313823638210703,7.25170272449811e-05,8.17088546135952e-05,0.00107790010144908,0.000373344898952281,0.000287573327522425,-0.000175951231961188,0.00052214074422961,0.000396835871921073,0.000622814800212622,0.000353124951331575,0.000208270239835664,0.00049280068012562,0.000213457694010212,0.000439231974300861,-0.000253217267768526,0.000500000889263991,0.000582653498200984,4.88146260171631e-05,0.000361358852200258,0.000815435763948718,0.000487821582988388,0.00074307903838853,0.000667808517484839,0.00217294139696672,0.00130675239038936,0.000967731937860446,0.00143933858428037,0.00285314145476925,0.00701492465611692,0.00366614943984065,0.00353820294088019,0.00270332776634985,0.0145702564738112,0.00639687038763526
"593.121",-0.000644635643074961,-0.000961850432202358,2.32401881168102e-05,-0.000264134905724487,-0.000203784722819692,-0.000416227170089573,-0.00016832633003288,-7.64141575910977e-05,-0.000283651922800741,-0.000354730599962229,-0.000428851054851409,-0.000377774784110602,-0.000447819486497111,-0.000453466172786627,-0.000643939206910028,-0.000677892410288076,-0.000554644589418252,-0.000691644701252067,-0.000285855212489522,-0.000677002830581827,-0.000472155867857512,-0.000154761872637814,-0.00019241586469621,-0.000410218263816064,-0.000725064582285429,-0.000223638698230267,-0.000296754830368032,-0.000439766376621355,-0.000380085661178772,-0.000275656196407031,-0.000487017945023567,-0.000280641314437666,-0.000698983298678754,-0.000492853109227885,-0.000871975850972967,-0.000519902711612819,-0.00102816223775772,-0.000445732476881601,-0.000272151472653331,-6.90850256146907e-05,-0.00103098988152412,0.000233684066434175,-0.000831770074314727,-0.00169989216899189,-0.000694387247746629,-0.00191958936417999,0.000556995313569156,-0.000459668197479803,-0.00416181534977048,-0.00622602296566258,-0.00253181756938943,-0.00845465366855867,-0.0339047520171731
"597.819",-0.000240918765832374,-0.000850488364575296,-0.000711768453997957,-0.000474924019220956,-0.000134261405732312,-0.000137123438623247,0.000180187970387174,-0.000154137143470873,0.000134656099638825,3.12418749584772e-05,-0.000556947880538735,-0.000404917053728895,-0.000320318856844244,-0.000236566148098163,-0.000270530216005417,-0.000154262843316414,-0.000154570246157016,-0.000253022485853893,-0.000396662619684847,7.33208535704845e-05,-0.000113633513057765,2.91810105109366e-05,0.000309745034240201,-0.000487538533311157,-0.000115644723566454,-1.72241142298221e-05,-7.63763099534584e-05,-0.00032295060427007,-0.00037357156475992,4.20164609217321e-05,-0.000273826306920037,-5.76969166152083e-05,0.000234821918385442,0.000197022730475175,9.29203291799991e-06,-0.000372949880604515,-0.000275728843679899,0.000282096185269404,-0.000251580189116864,-0.000807237348430093,0.000343940456806337,0.000840118856167055,-0.000224153185550734,-0.000238422945425935,-0.00095798586467093,-9.43015723845761e-05,0.0021344471768611,0.000589100584922373,-0.000476433108294512,-0.000956715962528703,9.22676754697175e-05,-0.0140396365578942,-0.0302450491201976
"602.519",0.00026488285504228,0.000159897021730341,0.00013579043410643,0.000321641185660497,-0.000278079510135521,0.000101893590182741,-4.95621306768085e-05,-4.36418225769847e-05,4.89611527886288e-05,0.000119874593783402,0.000112254213980442,0.000191548244648236,-0.000104670085902452,-0.000102180342717548,0.000322374517417511,0.000196384614139293,2.59562342770682e-05,0.000428057063834797,9.98887567474303e-05,5.28262860221418e-05,-3.12225440028003e-05,-0.000176538609996751,0.000468233737030309,0.000132247168551497,0.000143444263205389,0.000244213650864881,-0.000455494928433612,-0.000120197993075434,-0.000137017621562388,0.000245592461304873,0.00035153983201967,4.18410181408485e-05,7.59285113350532e-05,0.000301938606499294,0.000151950410022171,0.000122701277235791,0.000258286169896129,0.000200465206740275,0.000166940925392559,2.8899598111384e-05,0.000931056789172699,0.00102899484214004,0.000738020928626573,0.000949702008282021,0.001408651980566,0.000939770305763523,0.00424245864044944,0.000415671057818906,4.27008496291475e-05,0.000479093120789387,0.0067394539535142,0.00861530712910761,0.00614345741850458
"607.221",0.000242939423179813,0.000446035288649676,0.000374373584191331,0.00042657943698491,-0.000144509117661535,5.14297554100315e-05,-0.00018885013955673,9.7590844592268e-05,-0.000169914564705089,3.81055846213865e-05,4.23149134651063e-05,-0.000353060799920731,0.000158594640220841,-0.00014606697527108,0.000575434317396088,0.000222923340389601,0.000183326029029682,4.59584228273588e-05,-0.000383222154113051,-0.000319690372979162,-9.45302802689975e-05,0.000663017568394525,-0.000403517107990025,-0.000200259675805684,3.61946200736185e-05,0.000466454501276719,-0.000320732146877625,0.000467364051504786,-8.10863557696226e-06,-0.000212995170295746,0.000135360132235664,0.000211073960829572,-0.000204343336920918,-5.17849787695612e-05,2.9684683858775e-07,0.000190396825763024,-7.97621860512273e-05,0.000425564020319975,-0.000389655429480076,-0.000622446196702521,0.000378300151034655,0.000991516492936623,0.000410336868567868,0.00151571434368411,-0.000121401271289399,0.00208960467908257,0.00375091374129869,0.00132125150280663,0.00193062955718132,-1.05745226832809e-06,0.000183871798973419,-0.000200507456570389,0.00386603464588392
"611.924",-0.000296508588355235,-0.000330681526614997,2.95455290029782e-05,3.71298500145219e-05,-0.000347895648336146,-8.15252122963938e-05,-0.000100977152904096,4.41900674612825e-05,-1.11291942674623e-05,-0.000257142083763845,-0.000457405577525749,-0.000296919118260774,-8.73908948002518e-06,-0.00027757285945906,-5.89465675534389e-05,-4.16812532350386e-05,8.79888332745464e-06,-0.000417506644621232,-0.000162920949570992,-0.000290545149997029,-0.000593753412543793,-0.000129919859409159,-0.000109287314076785,-0.000442939568778876,-0.000210081984306587,-0.000204289903102383,-0.000271453450740915,-0.000182956074593338,0.00045372961135309,-0.00054285145707708,-0.000144769598842089,9.37854409932112e-05,-0.000154834285274944,-0.000464746909327569,2.78331272503957e-05,-0.000287226598018281,-0.000555803581306092,-5.226917201839e-05,-0.000424038523024246,-0.00145377894392755,-9.84319173484918e-05,-0.000374652825247926,-0.000475649309009848,-0.000262414700237542,0.00112817583608428,0.00260009398245424,0.000329255447912413,0.000491541824867682,-0.00283655171631439,0.00195911642275655,-0.000872729420194439,-0.0105999412347375,-0.00674447518562122
"616.63",0.000111891441092736,-0.000445507781461264,-0.000251944512498756,-0.000511574868972554,0.000163542397095921,-6.74750069107608e-05,0.000153080614138392,-0.00010486379043753,0.000145390163307974,0.000461579414251221,0.0004912827512245,0.000171565183693393,0.000530551378527377,0.00031574878506364,-0.000323561285598558,2.52858327479963e-05,0.000481292860223127,-0.000168866729791018,9.26468531516164e-05,-0.000576508726674761,0.000117904803445286,-0.000313168887380319,0.000442136037017236,0.000360264460440122,-0.000443280780660517,0.00068280962810685,-0.000159690668776783,0.000274332636371238,-0.000890280464930151,0.000122023238064924,0.000327830712010217,0.000404666043971674,-3.49327213906099e-05,0.00032837467177405,-0.000349559471490103,-7.73253492949608e-05,-0.000183611829585645,-2.0346754206007e-05,-0.000640522050238554,-1.15369244002433e-05,0.000507562001226338,-0.0336884678775896,0.000698161891790621,0.000427043338975077,0.000644069496581134,0.000275782517439874,-0.000175337719788549,3.6004865193161e-05,-0.000223954780078006,0.00229102267443296,0.00332580666492555,0.0051627939265379,-0.0049886121096755
"621.338",-0.00020101748998373,-0.000101080493618796,0.000425855700867279,0.000228884479222914,-0.000412221403651095,8.3092797069347e-05,0.000331437184880439,4.66879596076208e-06,0.000129449125566614,-0.0001245812976302,-7.50307517041022e-06,0.000224796844703026,0.000380681407754342,0.000857428668559503,0.000154450531752695,-5.94666451197709e-05,0.00010779975718505,-2.83619721770588e-05,0.000280131897172164,-0.000493406543819746,-0.000453824348675875,-0.000376753196250781,0.000850710619205445,0.000157110994495989,0.000204794907260497,0.000407547351506688,-1.76503317428023e-05,0.000284974530975117,0.000533195422082613,0.000439540223932387,-0.000156340152774634,-8.19176577341734e-06,-7.84435352072848e-05,0.000304352897152507,-1.83713229182746e-05,-0.000311816690783951,-0.000370473647003875,0.000494897705898773,-0.000314154983564317,0.000190290904442787,-2.60767840303559e-05,0.000806960087456394,0.00101636357381397,0.000145978255979245,0.000837859248807474,0.000700640383527977,-0.00107074419551959,-0.000106764831766333,4.42765243145594e-05,0.00274424120726016,0.00482950247257196,0.0102068894233172,0.0177702861544022
"626.047",-0.000304243911820732,4.52556513274399e-05,0.000379518230100815,-0.00044324750326112,1.6822111914227e-05,-0.00028986502162058,-0.000219188212982686,-0.000106390067671637,9.12458661345337e-05,0.000158817116062155,-0.000161722139734617,-0.000349060519237818,-7.33584911943507e-05,0.000339143092285091,6.05705543584999e-05,4.13126011935964e-10,-4.53226468819584e-05,-0.000162292799403982,-3.14184137823157e-05,-0.000232420541609477,-0.000403616521433482,0.000339242285514645,-7.16020129557469e-05,-0.000743266179974765,-0.000103389122884806,3.64612638124589e-05,-8.12741095334695e-05,-0.000107756337271447,-0.000529571722937399,0.000487680974002354,-8.78422275478455e-05,-0.000175433116044025,-1.79244687766177e-05,-9.03729700210551e-05,-1.84512443246201e-05,-0.000285188451409536,-0.000353259949403788,-0.00122617260031818,-0.00112715035385426,-0.000330304005720708,0.000317418567076484,-0.000228530294729584,0.000236804032984418,-0.000447681885473584,0.00190006709351864,7.60104790109308e-05,0.000330813095989157,-0.000541644257918854,0.000501393648126352,-0.000188382910965433,-0.000397582235471905,0.00622616217137805,-0.00681572175408297
"630.758",0.000294747207283555,0.000893192160314423,-0.000134779418875278,0.00051633140960962,7.58151213700674e-05,0.000269826425566149,-0.000122484821015816,0.000328440631831373,0.00046589164535932,0.0003476719212367,0.000274862856381352,0.000502897113269325,-0.00014788791966209,-0.000306692672437451,2.63208936218514e-05,0.000268730392224805,0.000494955415979295,0.000289461828125704,-4.23474559859634e-05,0.000760779200723752,0.000683618839071625,0.000561043874141996,0.00040306348769861,0.000410572173960325,0.000113998666994251,0.00057293873178708,0.000100451129454488,0.000245716844810193,0.000372077625483055,0.000511256456493489,0.000381559786706909,0.000761338853689642,0.000581285027209751,0.000255585544824072,0.000520957474076633,0.000629771116066406,0.000264308858587324,-0.00110628272852216,0.00126820032179836,0.000563504239972115,0.000294122358143913,0.000866772737003755,0.000909510171218427,0.00157984495936278,0.000939378077064144,0.000636909164195565,0.00298033203761988,0.0012767233694088,-4.64445054223224e-05,0.00451947268753266,0.00523406797529897,0.00416898490371894,0.0102105719530274
"635.471",-0.000206571915269645,5.78364437924528e-05,-0.000783039723402838,-0.000117725705920974,0.000262688085979871,-6.99203692408939e-05,5.28585784609675e-05,0.000284618591639487,0.000191320904071523,-0.000242585803548652,0.000172210972468627,-0.000231095959176885,-0.000251605483017831,-0.000145442993113667,0.000123486711361043,-6.11459071805409e-05,-1.84847887200425e-05,0.000175009323201578,0.000256046282384647,6.76166966391114e-05,0.000133355440618556,0.000324590817507673,0.000426951151159835,0.000211955335886773,0.0002871343549485,0.000232778368543779,-1.84227546012911e-05,-5.48251453018389e-05,2.76095899926703e-05,-1.80157081389003e-05,-0.000411071171550101,0.00020532029261778,-0.000170960333536869,-5.47440804959894e-05,5.7938847780559e-05,-0.000289637166793076,-0.000437390423095489,-0.00248932774857458,6.29440322000817e-06,0.000605344595525852,0.000390636774652301,0.00043677399848735,0.000659238284359467,0.00173990023310333,-0.000729677358043406,0.00100079898839586,0.000826850231116056,-0.000294488148105592,0.00130009598466497,0.00154164952026913,0.00051397220791497,6.79514872042094e-06,0.0028787738440722
"640.186",-0.000388158046488837,-3.46682660124083e-05,-0.000261654591288597,-0.000314900750007315,-4.2668283768818e-05,0.000132348235906034,-3.5359131433043e-05,5.1799987506644e-05,0.000116201938565401,-4.05747429851924e-05,0.000240036179272277,-0.000293987540761609,-0.00013060111937094,-0.000437134678216953,-0.000150269693238835,1.75021469359103e-05,-0.000509023826876221,-0.000194816839926303,0.000224444469174674,0.000191969861937093,-0.000556611676122319,-0.000230804712269165,0.00012519425666715,-0.000141433729104483,-0.00062325190610783,0.000177253660281015,-0.000257341275938335,-0.000127960620245613,0.00019286822922441,-0.000678140361645729,-0.000116426170458261,-0.000330572635730297,9.52493024647004e-06,-0.000524506337071629,0.000144497687636762,-0.000369493959770667,-0.000756354572390462,-0.00136617617236021,-0.000745453604712077,-0.000151126184953305,8.10660086919959e-05,0.000145992561405758,0.000402737492264551,0.00089338393009078,0.000150792309191992,-0.000565396566284784,-0.000519968152588525,0.00139996554477326,-0.00190745605746109,0.000642122997550215,-0.00193354836264937,-0.00461642434863469,-0.00901955110843835
"644.903",-0.000104633426774612,-7.02008108640988e-05,8.46502078229185e-05,2.99839841474485e-05,0.000412234138400174,0.000480171186318734,0.000119074065435937,5.23284265001713e-05,0.000240768828242943,-9.55309606192355e-05,7.70787085968645e-06,0.000108125730688238,-0.000632764962328662,0.000607919570188583,0.000214526276123896,0.00026555160352595,7.48862258355528e-05,-2.95511232315711e-05,5.40594220833061e-05,-0.000194179535716456,0.000168917893659373,-1.06111056730518e-05,0.000179367403239774,-0.000286335622277173,0.000698281096264984,-0.000217026789077878,-0.000121169824591547,0.00015765197454466,-0.00023156241849169,0.000365958612084613,0.000172007322346811,0.00015373852377454,-0.000118536671920806,0.000196193586000118,-0.000182815874392087,-0.000319981830528575,-0.00144709050643053,0.000212322864452578,-0.000418880512180928,0.000153565790639966,0.000382146671842712,0.000501692315120226,0.0015967318769637,0.000172109893958515,0.000370067237082888,-0.00090994016775067,-0.000248181984306749,0.00182495031295091,0.00127054613113017,0.00129989196660543,-0.000618584690265869,-0.00563970444241756,-0.0146982851410369
"649.621",0.000106069582053868,-0.00048624430603024,6.43222677139162e-05,-0.000282428190991812,-0.000391819678091446,-9.57795663742663e-05,0.000235505867673384,-5.31785309738898e-05,0.000291785744950748,-0.000145413980961268,-0.00031552220806606,-0.00061207423029194,0.000191526523832871,0.000298917366137918,0.000426146845890227,7.18163168395024e-05,0.000208826302223638,-0.000259784815039789,0.000449527934491996,-0.000753103369543943,-0.000650849348389674,-0.000494946106837671,0.000107016225289345,-0.000559967977242534,0.000255739318883332,-0.00025829084746407,-0.000198135263339315,-0.000404347525187388,-0.00012156269516221,-2.78568580115878e-05,0.000266516765434146,0.000256765447744897,-0.000100991804498825,1.08416626590501e-05,-3.78777381350934e-05,-0.00134154708377356,-0.001715427046365,0.000243118675843706,-0.000303246147255814,0.000129727348576318,-0.00056732767769413,-0.000433089042586707,0.000148735131189877,0.00108057102059563,-0.000198621523971026,7.9166691196271e-05,0.000535726729927717,0.000792981603858018,-0.00147946548211884,0.00171324332024378,0.0012460809202718,-0.00277071819096604,0.0241301171317053
"654.341",-0.000134801253223729,0.000818855884596226,0.000446422176127605,0.00082956218647682,0.000194541027509327,8.91898681419246e-05,1.83349902707945e-05,0.000280787540792102,-0.000133004484633885,0.000112524869987198,-0.000328387344673739,0.000538128432800381,0.000427960039690879,-0.000227680484149085,-0.000128907725644865,-2.73510038222269e-05,-0.000269927473973495,0.000578372129164349,0.000634636799187072,9.40820341102703e-05,-0.000313100690935235,-7.27848962390088e-09,0.00059773249007141,0.000347610321384416,0.000229756926424802,0.000437288542238745,0.0252972300409317,0.000325008707209666,8.59026051732936e-05,0.000141813249743894,-0.000167428296437371,0.00022383680572251,-1.74402339747364e-05,0.00035645801601319,-0.000957637149919231,-0.0016293544803939,0.00090157206265872,0.000398922982846114,-0.000307825200979181,0.00071111177424112,0.000112554903547058,0.00145938015732112,0.0013759932902526,-0.000844879098319463,0.000560440657113503,0.000482284196248458,0.00089616552582796,0.0019186172427088,0.0026641373975358,-0.00127431774656406,-0.00159152581048802,-0.00320688286460627,-9.58622718474928e-05
"659.063",0.000163118623153171,-0.000704521317232209,0.000109655020411606,0.000299500947193935,8.89875184562151e-05,0.000310639137829015,-0.000129884939629748,-1.09615859517969e-05,3.03214501963195e-05,-5.67948110688292e-05,0.000307282630316209,-7.48352940879251e-05,0.000215920896859623,0.000545252047130176,-0.000148542943868952,0.000422880619784823,2.91193731742667e-05,0.000337668875927715,-7.11565428546676e-09,-1.1909266907629e-05,-0.000432643676745681,0.000286481771797151,-0.000416448516479274,2.12137316769971e-05,0.000241783857084586,-0.000215502069414156,0.013393152378266,-0.000114718562229305,-0.000259314986501775,0.000114390935558894,3.74486806862087e-05,-0.000121514808682752,-4.57408172926683e-05,0.000282901393715263,-0.00150137043599256,-0.000443698905104623,-0.000534766156168323,0.000236936672085094,-8.64429702114091e-05,0.000478352085884639,-0.00093515465918224,-0.000289623896254758,0.000693783536119109,-0.000134850197766061,0.00108505678632243,-0.000377842021513718,-0.00212587409330906,-3.82104200839357e-05,-0.000587174560072509,-0.00405344620024391,-0.000323331641586063,0.00221057286982756,-0.00756331570507632
"663.787",0.00050995837431206,-9.86893406812454e-05,-0.000334398651137342,0.000345656013902164,0.000533620973276186,0.000290188646727823,-0.000269715934368881,-1.65486738704778e-05,0.000234808400180778,-4.3095119232825e-05,0.000359794078275016,0.000170744283559352,0.00016915502320815,7.76173161453089e-05,0.000527334397801982,-0.000298350244205643,-0.000325337335775159,5.18855691103916e-05,0.00039854546317793,-4.81916342462725e-05,0.000249014330854645,-0.000536412631934707,-7.77963919837316e-05,5.3889765783582e-05,0.000265640124695026,0.000188854417085973,-0.000225203990922311,-0.000136568013588395,0.000429476892705013,0.000337839016662756,0.000562586569955646,0.00014333990334008,-0.000431072175521447,-0.000893632868658948,-0.00161227117870407,-0.00063825721261204,0.000350951996326345,0.000874356070752312,-0.000403456572225315,0.000821243284787026,0.000474796150320699,0.00113529069585296,0.000394715236034823,-3.88969571767989e-05,0.000343912177981645,0.00131466872138617,-0.000423403759819652,-0.00199960811096539,0.000990757132674851,-0.00137043121091037,0.00216509558750314,0.0140842351588623,0.00803263101373654
"668.512",0.000888833241938854,0.000905961740707994,0.00056132556934998,0.000696674352365256,0.000264359081610673,2.50642875066289e-05,0.000328654166970958,0.000244866927848924,6.85006127837545e-05,0.000405813007727598,0.000757155527834369,0.000774551137238151,0.000220510511556193,0.000215083441129391,0.000427064728257842,0.000488549717188504,0.000447070213940095,0.000826113426104679,0.000504896239545362,0.000533488299616639,0.000896248784196225,0.000540522235874419,0.000336027128831171,0.000716365328803553,0.000133854269006012,-4.00044585840556e-05,0.000276483150654612,0.0006103606913356,0.00046191760037532,0.000369357101792295,0.000134856194405201,0.000499661933742898,-8.57141801963011e-05,-0.00140249032419803,-0.00190837427012097,0.00076884763145444,0.000764102561256592,7.24340652931897e-05,0.000800972514830263,0.000488678548014566,0.00105793661773601,0.000955629571437929,0.00176392245701831,0.000693052549560647,0.0014553933198692,0.00154543150023631,0.00237103522597785,0.00308334772898963,0.000899038234267861,0.0011727148824422,0.00327570199481561,0.00390694470067284,0.0115956464998308
"673.238",-0.000167752566218549,0.000112273162968805,-0.00027161969940294,-0.00015950659018764,1.80703939005412e-05,0.000193366723966018,6.34836627244284e-05,-0.000134738896636492,0.000131575974279743,-7.3690490194905e-06,-1.65716365347319e-05,-0.00075032537723176,1.03187280540658e-05,-9.86465704742553e-06,-0.000248090898109281,9.44866774664911e-06,-7.99844250065099e-05,-0.00016830213052207,0.000115414968932481,2.42989459265378e-05,-0.000468901015867268,0.000101901115600538,-0.000135188992069691,-0.00031649131262029,-0.000414178249556376,-0.000261830688925401,-9.89668538611265e-05,0.000931411867508851,-0.000256315743244633,-0.000566134319386059,-0.000395582846836997,-0.000317235443374713,-1.27029278362729e-05,-0.00300065954903939,-0.000481776158883397,0.000207660323325901,0.00034444478051382,0.000279905684048808,-0.000178372143021386,0.000669800372626574,0.00113733093884123,0.00110277050150299,0.00073069670169407,0.000180142363163578,0.000209332176468839,0.00138844980339478,-0.000328611765186901,0.000717188492576954,0.00286285304115009,-0.00229423505635534,-0.00176691977601963,-0.0100008193747232,-8.46644738542717e-05
"677.967",-0.000816326515562854,-0.00081765148008484,0.000557204399134649,-0.000449393017586703,-0.00045280764104742,-3.38597267683542e-05,-6.40238643307298e-05,-0.000236761702525291,-0.000486639615662294,-0.000154327773830605,0.000212050151566454,-0.000639524291544981,-9.13227489648926e-05,-5.94404299157694e-05,-0.000807762918901678,-0.000447489636511314,-0.000896079142062389,-0.00058284880535612,-0.000232604153702299,0.00078643721398844,-0.000847756153549251,-0.000205425092525936,-0.000760467450914136,9.90231074971543e-05,9.3910130835581e-05,9.13603313758477e-05,-9.96927814652824e-05,-0.000199092766614563,-0.000666997692401394,-0.000186434755930591,-0.000281377929853832,-0.000242184680950889,-0.00189987087272853,-0.00149774190007849,-0.000122535369838534,0.000109878492231352,-0.000184591435529177,-0.000843703663468723,-3.83428609775858e-05,0.000111859167605519,0.00080790605072301,-0.000761264618640794,-0.00148963330802756,0.00012100269757478,-0.000538389602854339,-0.00195738961440974,-0.000967343729473912,-0.00116211604359865,-0.00359306451099498,-0.00188985124644603,-0.00387543376850466,-0.0133694568514785,-0.0393860818200715
"682.696",-0.000441264108820503,-0.000178294185006077,-0.000368485913058545,-0.000822439665295065,-2.82753515291463e-05,-5.98893364049997e-05,-0.000233183880284028,-0.000125629486368731,-0.00054313204607808,8.89151310758611e-05,-0.000115614511634419,-0.000548682455699594,-0.000246379136783956,-0.000530953401831817,-0.000495868790929613,-6.73952908873394e-05,-0.000244345671111538,-0.000525038238266671,-2.3533368591617e-05,0.000173873581919873,-0.000649060942542622,-0.000369229922329303,-3.44353560425196e-05,-0.00034469604099342,-0.000242593742901072,-0.000564320752123447,-0.000819439756970298,-0.00015036515491994,-0.000603247396322226,-0.000347003134725827,-0.000629183777760029,-0.000714301229036813,-0.0028239762953899,-0.00103260829443222,-0.000240957006218628,-0.00035353573919676,-0.00116802666968205,-0.000382613544082747,-0.000689319579694695,0.000628169408302575,0.000252684372141899,-0.000641541688454191,-0.000177202277923116,-0.000100956184562548,-0.000946781705945313,0.000226490645743563,-0.000908637107481738,0.000487496618885149,-0.000769182979172064,0.000635424630401952,0.00290378451787986,-0.000214535609402579,-0.0192749344456423
"687.428",0.000300951564477016,-0.00025618671262126,-0.000382383077138563,-0.000414019404772708,-0.000611460781364268,-0.000224127687541313,-0.000534767451899353,-5.76508358224797e-05,-6.5928293987659e-06,-0.000426171648082237,-4.1405629011236e-05,-0.000207194689504848,-0.000155141165832018,-7.18315781834088e-09,0.000107689337300302,-6.78626595728515e-05,-0.000194816885277339,-0.000884785968075636,-0.000224966635919475,-0.000150186934759337,2.46537389710401e-05,-0.000453167585341625,-0.000855184636191218,0.000100788329647388,-0.000477994686052666,9.30206104249802e-05,0.000142865387814564,4.10086854645818e-05,-0.00025285568122348,-1.89005257681691e-05,0.000219245822127062,-0.000837125680763518,-0.00213629635415521,-0.000240843138937352,4.27571201492826e-05,5.61867099934424e-05,-0.000211608139521952,-7.45188225573339e-05,0.00025066528471368,3.05605914455815e-05,0.000209394086999983,-0.000290688015841213,-0.00046394623094137,-0.000510588430822114,4.76864331101461e-05,-0.000113740379348896,-0.000441854347976418,-0.00101928698278734,-0.00025776515675513,-0.00391899364737559,-0.0016924347674562,0.00295659847758668,-0.0100666408966757
"692.16",2.88050819095795e-05,0.000412021918799982,-3.49032311337177e-05,-0.000470938002930131,0.000482342027005194,0.000442070057795144,-0.000150787379006582,-4.62368751615671e-05,0.000142376060474734,4.51590176750976e-05,0.000183689437562614,0.000297580427245546,0.00017671487589767,0.000253549799615778,0.000669452096230383,-3.8988215672897e-05,-0.000340123298467397,-6.51010004093814e-05,2.38414013074843e-05,0.00077994650379917,-0.000409131500102046,-4.67402602648726e-05,0.000185911639116764,0.000180161723483375,-9.6135970492773e-05,0.000124683444130503,0.000122906833517423,-0.00011242373476027,4.07219133743167e-05,-3.93474782858553e-05,5.19293257381093e-05,-0.0017243169303831,-0.000471478768275913,0.000575194384604148,0.000202449070303437,0.000258176603394444,0.000236790334021352,6.27221758501884e-05,0.000239437123517439,0.00107106557876592,0.000345638653822886,0.000503464420524452,-0.000861166156278478,0.000575619060303663,0.000287581192978272,0.000601264675923187,0.00191343542673595,0.000492442154987592,-0.00331564969855856,0.000571753733789363,0.00611287958449383,-0.0036307644319109,0.00173895116392999
"696.895",8.70545066056088e-05,-0.000453746545740304,-0.000480892676125151,-0.000385959649216264,0.000409318308180279,0.00020943519130649,-3.96283712606894e-05,-0.000191983651392771,6.50162665058602e-05,-6.05686924959474e-05,2.8768233656093e-08,-0.000459462380995419,-0.000376916977819077,5.10483929884988e-05,2.97819476714614e-05,0.000127570151464016,-0.000435819714044426,0.000152915144011521,0.000227723803893239,0.000493880375997396,-0.000524255804930404,0.000435188806659915,-0.000105278955776715,-0.000453476774683211,-0.000182815053175487,-0.00067980108041403,0.000392188748289772,0.000247065152512282,-0.000286644543542215,-8.9892617178982e-05,-0.00114282138781884,-0.0020953588018631,-0.000116930843603083,-8.20809020337276e-05,-0.000320893981517224,0.000406624572566651,-0.000202211359625036,-0.000339429190597079,0.000679928764985046,0.000369256626289803,0.000287483998410446,0.000817573778594407,-0.000289005058215397,0.000331094777037795,0.000313780475958124,0.000807187484694701,0.00161752196744565,-0.000247731670287646,-0.00208686639379045,-0.0189692435172225,-0.0274919942022276,-0.0502024440493233,-0.0466700616710978
"701.63",0.000863210658128989,0.00121576605326091,0.000260303761486187,0.000833987817612509,0.000941154564003164,0.000132001973389936,0.000153097889341114,0.000246238751803267,0.000636833375404775,0.000519074087100463,0.000695634537224286,0.000684870505787867,0.000570074902392613,0.000267719264230546,0.000559702775611433,0.000920318538184013,0.000805748735110555,0.000308409940315656,0.00130535068954829,0.000906811390686588,0.000339844603504518,0.000687938789955215,0.000861196475245914,0.00115457995797358,0.00113851528043056,0.000559041036114924,0.00045804043006772,0.000362577645092271,9.4144277462648e-05,0.000493623627264335,-0.00106891051543627,-0.000610482730009078,0.00108264269269852,0.000406748979908003,0.000777859435979322,0.000717080882904747,0.000888731575637889,0.00147612622577693,0.00103341629413235,0.000557587057476355,0.00111367104339624,0.0014839724843813,0.00134791393047721,0.000375086074773635,0.00128963023645337,0.00229639798651156,0.00263542681704307,0.00224860162088062,0.00383996223242095,0.003853174868856,0.00873690185525952,0.0188644749680191,-0.00323812033589382
"706.367",-0.000118371213091499,-0.00130952374560821,-0.000370831772219935,-0.0007538944005646,0.000184924488339969,-0.000507666100543244,-0.00053890915426118,-0.000136430650241303,-0.000591211090296417,-0.000262526190407459,0.000240529787993648,-0.000478970854281771,-0.000876257925220748,-0.000635635908786489,-0.000171965621523306,-0.00017024341997918,4.23767847234874e-05,-0.000691075279821612,-0.00073386713555811,-0.00102097965288888,-0.000420342699633535,-0.00055212035120344,-0.000155192336330744,-0.00033554311778644,-0.000142666948990164,-0.000138791613967154,-0.000347689921215664,-0.000555951610961407,-0.000648959022206144,-0.00173704326743933,-0.00336250503101353,8.557675859196e-05,-0.000392533952300022,-0.000106108882658381,4.36336311433375e-05,-0.000460965092066148,-0.000230806281394458,-0.000641026815038143,-6.59592739779631e-05,-0.000462564536830528,-0.00125056671178524,-4.45894533155733e-08,0.000608294692581173,-0.000696851539801087,-7.39959607875865e-05,-0.00100008554806501,-0.00200132864728775,-0.000631681451023234,-0.00095715424537818,0.00102998799250125,-0.00546732870414927,-0.01312614311288,-0.0107994890688869
"711.106",-0.000329132647581642,1.31664634528704e-05,-0.000120944956720364,-0.000204899409942771,6.86598115242238e-05,-0.000359945083735751,-0.000238329928073547,-0.00016209303669857,2.02037550416748e-05,2.32922704620593e-05,-0.000138885855959155,-0.000391442222686005,-0.000323894728475251,-7.37300135485877e-05,-0.000143075720746406,0.00011131987484809,-0.000267568968697072,-0.000259072788295206,-0.000741654093537686,-0.000287371907450561,-0.000386181641789796,0.000230420294498807,0.000542923433797257,0.000304056147376791,-0.000809445032481274,0.000377618860095215,5.34244331272528e-05,0.000150035453482429,-0.000771053652356701,-0.00222882174991749,-0.00143197235724673,-0.000701873184415341,-0.000688439680986881,-0.000234007968478723,-3.2772041690272e-05,-9.25077290166151e-05,9.89108571608707e-05,-0.000361229109068698,-0.0001631287025757,-0.000233439428200771,-0.000467991192833697,-0.000640655536608262,-0.000707857714026938,-0.0013649702676707,-0.000846010851896714,0.000505563829024044,-0.00198601509909023,-0.000510396958158868,0.00102033309365402,0.000593644490916215,-0.00211947928093796,-0.00332660340550567,0.012855859000708
"715.845",1.51014025957752e-05,-0.000108223417949816,0.000721384555153203,0.000103408528721874,0.000307907055653555,-0.000273102575232699,6.87843262949123e-05,-8.07158317971438e-08,-2.70535709104772e-05,-0.000260695189083654,-0.000140568212392377,0.000573048069102321,-0.000141941239678177,-0.000362183861944382,-5.171018335674e-05,0.000122846117676133,0.000119053168990241,-0.000273470006211605,0.000100002052601025,0.000422736559624856,-0.000286462072538256,0.000208582097136898,0.00023187760875518,-0.000224690086867115,2.24252276892213e-05,7.64787931086423e-05,0.000291444151451821,5.45233874234661e-05,-0.000664885789824691,-0.00253371843561809,-2.66522770517872e-05,1.0879713677691e-05,2.18887119108045e-05,-0.000128930933920546,0.000212412058459923,0.000271348069236173,0.0007959366860333,0.000225213861468296,0.000332823836684283,0.000413785801499763,0.000978531107908242,0.000358265273674047,0.00122482668687565,0.000604522474897567,0.000377558256703156,0.000330866439397474,0.00201074214122393,0.000905258481528917,0.000652997497227936,0.00458625326266463,0.0043951623119662,-0.00407111444071293,0.0247609712859536
"720.586",-3.42610930979272e-08,0.000433931703247783,-0.000208294744881956,0.000507398315076961,-0.000199049814182694,-0.000282925293492773,0.000117358835377903,-0.000242974508034223,-0.000149624319363019,7.14584903005616e-05,0.000914990491985478,-0.000188034925959365,-0.000394157186102876,-5.33864251977489e-05,0.000435342703924713,3.07877832606714e-05,-0.000553454525880889,-0.000217045698763194,-1.02134844529158e-08,-0.000211898899691286,2.61128999578173e-05,0.000787272394572228,0.00037926470996008,5.93202370230789e-05,7.87164079933134e-05,0.000207815599723824,-0.00051752038910034,-0.000160024810847671,-0.00192909162287515,-0.00158861979636477,-0.000429866592556432,0.0003459563447031,-0.000455273451854501,0.000312940864953963,1.14717632393841e-05,-0.000271074290074219,0.000187948603586259,9.32019412735886e-05,-0.000583287611466472,-8.87871077501432e-05,-0.000284789733556794,-0.000119732434902081,0.000264470677399525,-0.000302915704483852,-0.000429076546821296,-0.00129634803977891,-0.000647421766163721,0.000388579956222533,-0.000381784836946475,0.00120723674865237,0.0019044463451902,0.00674709998207463,-0.0431176266665394
"725.329",-0.000522179438224287,-0.00139982052664424,-0.000273034730893994,-0.00035032225559348,-0.000614785068430433,-0.000323368666096841,0.000286483489438965,-0.000252271787574124,-0.000110182601546975,-0.000104114388125169,-0.000445063388762959,-0.000592024091181837,-0.000199429550440601,-0.000172954646678146,-0.000220385757832579,-0.000270098564288257,-8.78640009274716e-05,-0.000832514251236266,-2.53805254699622e-05,7.11113708493576e-09,-9.24947694507386e-05,-0.000547851165173395,-0.000222925622121032,-0.000468079136286546,-0.00021629097724064,-0.000243579378226743,-0.000436506635127698,-0.000450279764088439,-0.00270501026596164,-0.00107750064728321,-0.000573770345345677,-5.30712193638412e-05,-0.000557434703358331,0.000568566588977232,-0.000601124619424634,-0.000238077917114563,-2.42350920533672e-05,-0.000479946581453928,7.02151145685116e-05,-0.000390033888241901,-0.000112155366555756,-0.000415374849079413,0.000286824551746818,-2.21363936688252e-05,-0.000408556904780739,3.05482118361158e-05,0.000837553420346478,-0.00305996958649363,-0.00303697093927758,-0.002900085528976,-0.00313817547515322,-0.00955215832581376,-0.00725859679189216
"730.072",-0.000540906940851577,-0.00107714309024837,-0.00112411365013254,-0.000152834037489285,-0.00075047738652328,-0.000567035990564364,-0.000506331078117696,-0.000130041173598494,-0.000485499903945517,-0.000249920356416476,-0.000286711254473003,-0.00074464566292528,-0.000535259838254371,-0.000543868987527241,-0.000527915220252923,-0.000574924415663824,-0.000619030610927005,-0.000756255334469245,-0.000459622833500838,-0.000903875622638989,-0.000930740548627814,-0.000501160120131751,-0.000473507758937465,-0.000736634756761184,-0.00026341925637536,-0.000646066410290609,-0.000549099279160764,-0.00135818509693923,-0.00208629570337452,-0.00023660444100688,-0.000534155383063612,-0.000597744030507989,-0.000603825257709214,-0.00111166113703821,0.000319665216192491,-0.000274182321474718,-0.000671277900652069,-0.000483273126422515,-0.00025427284895437,-0.000663912605491826,-0.000612352350304259,-0.00146298196903068,-0.000346332161336616,-0.00085922050157276,-0.000668329990325972,-0.00138163645918021,-0.00128272343314385,-0.00444139236156275,-0.000223456988204511,-0.00222852266856393,-0.00752883671216682,-0.00917015474040359,0.00905881351417053
"734.817",0.000575816546479489,0.000889923112495908,0.000679422493846933,0.00014200279435075,-0.000286023758259944,0.000411909429196966,0.000396535269547901,-0.000130750811982924,0.000293146695039482,8.11568016596797e-05,0.000342701341366637,0.000471407478175419,0.000505476475481493,0.000471033256728917,0.00034026397010801,0.000610575254454245,0.000434160836616759,0.000222626712661227,0.000630015115398517,0.000393961461119742,0.000227644014537878,0.00059302016821668,0.00089104692044026,0.000972962484132339,0.000496002141658443,7.86442258424467e-05,4.18009295039337e-06,-0.00133729272680772,0.000394016717043514,0.00030556638875743,0.000613841429882939,0.000193842026276224,0.000184738799353323,8.86344000432956e-05,0.000540366134584568,0.000741465642647906,0.000320013632908628,0.00104158337209399,0.000883423537368515,0.00091178374630693,0.000470660810757831,0.000666640373903074,-5.8130622236861e-05,0.000710653531568031,0.000414152692754203,0.000803988077110687,0.00199353095154977,0.00168367420521201,-0.0017908196672113,0.0044094368579666,0.00513501661885626,0.00184046781896613,0.0163800909812359
"739.563",-0.000440719700652129,-0.000182827592790267,-0.00106852540617137,-7.16130591905503e-05,-0.000444200466580311,-0.000814463356294683,-0.000121741159986594,5.05018054225863e-05,-0.00011992477109419,-0.000197113047313297,-0.000739642021873568,0.000433526656312381,-0.000181955761764677,-0.000941907101492517,5.37384449207564e-05,3.19472776038275e-05,-0.000450425342956261,-0.000723049588116373,-0.000169083375254747,-0.000618442706634773,-0.000392803849327457,0.000472280281042578,-0.000228548437280784,-0.00057819964095184,-0.00033832885708801,-0.000578793442934317,-0.00202499691633068,-0.00191913742699239,0.000312504067588193,0.00027527110449494,-0.000239856077649895,-0.000348446348353055,-0.000406600038916838,-0.000672416311914549,0.000105403502691225,-0.000365340589436393,-0.00108559091947856,-0.000369336680956935,-0.000259683683989419,-0.00138356663370348,-0.000213461645114611,-0.00140178815165812,-0.00027442595854134,-0.000740814129095937,-0.000314280243795854,0.000406371442817604,-0.000485139143895822,-0.00174887155632611,-0.00033926745239444,-0.00391099822255159,0.000629137791200772,-0.00771180771247468,-0.0182958490111462
"744.31",7.94646963327335e-05,-0.000426679374771328,8.99519750758231e-05,0.000640805372273067,0.000584625070703709,0.000335051071004819,0.000246180185627595,0.000280444845371649,0.000185655994185351,0.000124564979798096,0.000461196443303483,0.000460058553072793,0.000780861408506381,0.000380777847493263,0.000445730069850635,-5.38167698273181e-05,0.000443858310942799,0.00071879054711266,0.00153802038283784,0.000583366418845546,0.00105414579024697,0.000786913876605667,3.85095915628691e-05,0.000199031335133074,0.000188776464802744,-0.000159747221881689,-0.00191556948299696,-1.32979921945078e-05,0.00108116677302187,0.000545227874423871,0.000396129903320986,-2.16662893960434e-05,0.00028840778728909,0.000895270114678165,-6.91335274571037e-05,0.000199985019544282,0.000823040652462895,0.000760718828336027,0.000131440672982321,0.000264327643725522,0.000829664462484176,0.000573939744779428,0.000653777013075199,0.000227361184335398,0.00174674618172424,0.00120153294702942,0.00226433952018787,0.00081475150211433,0.0047475391335343,0.00173704939221011,0.000248717558549136,-0.000724337283767499,0.000438874502855204
"749.058",0.000353588988822785,-0.000344637405994771,-0.000298910535616508,-0.000525378325792043,0.000200189564221369,-0.000164339138135275,-0.000212124226853046,0.000122457508982695,9.38073261510558e-05,-1.67936485457569e-05,-0.000512565392751755,-0.000343049467983366,0.00033650839917389,0.000328112997262127,-0.000538131979723946,-7.61119323208671e-05,-3.44610242188938e-05,-8.47141030252598e-05,-0.00035854588465175,-0.000771848331740593,-0.000290451975318402,-9.12193727008125e-05,0.000155576807168804,-0.000514919023717612,-0.000107168534560999,-0.00128413317823077,-0.00180258298270828,-0.00076149732991658,-4.58892106012832e-05,-0.00046095539409877,0.000177842128641689,-0.000422059344791877,-0.000470227334892719,0.000138104181146804,0.000452395085834388,-0.000349556547249433,0.00029036667756313,0.000307313498004628,0.000677123810614783,0.000204007042687973,-0.00055317787666928,-0.000543505959443549,0.000280196216374845,-0.000549707124034797,-0.00133681085912178,-0.00156513533733818,-0.000913949929944879,-0.000869810837893693,0.000404379917635155,0.00111904328106047,-0.00455045031463927,-0.00143810547640255,-0.0403992974011969
"753.808",3.28297532869146e-05,0.000146401931616282,0.000119209263246444,-0.000547988415426227,-0.000107739007389554,0.000463190217828837,0.000298201685236703,-0.00016419746261258,0.000117620983360679,0.000273609715795215,7.61644251794803e-05,0.000541310217745314,5.9076275979512e-05,-0.000219127713600255,-7.83329613797227e-05,-4.4331146227618e-05,-0.000140663637005339,0.000382393224447743,0.000392529626733094,-7.15450811226333e-05,0.000634332429523539,0.000398532771349242,1.32438267005952e-05,0.000742713515112016,3.67297031655853e-05,-0.0020751861767717,-0.000925631769311051,-4.5896733528822e-05,0.000220174156001987,5.7650008176102e-05,-0.000770761052747033,0.000373479219101425,0.000274802461448661,0.00042149362417032,0.000594277230958979,0.000803087513631651,8.079722385222e-05,0.000811801244915201,0.000270122475504341,0.000128042362396735,0.000512583414813245,-0.000867860848784815,0.0014075548461168,0.000631177439515688,0.000218158047790363,0.000130349356897786,0.00139779800896247,-0.000418917434209159,0.00176696836127448,0.00602548381736845,0.00359732069540464,-0.0114326367903363,0.0465004115046972
"758.558",-0.000683909118601133,-0.000641069817810608,-0.000593457273408478,1.27411683791963e-05,-0.000208159578387844,0.000120446439005785,-0.000607283968939787,-0.000333961292009283,-0.000359476376382411,0.000252314537601651,-0.000271074935833798,0.000608628882389701,-0.000120354628612566,-0.000610580504376297,-0.000113997761413266,-0.000304670921893836,2.38524836405901e-05,-0.000125595872546853,-0.000137834612755739,-0.00013101961410207,-7.17634324964363e-05,-0.000500424292023455,0.000578471299896512,-0.000104187339372381,-0.00238524425156463,-0.00255857559588752,-0.00074587783310116,-0.00030688712675211,-0.00062578455861795,-9.25713744245861e-05,0.000219553038526147,-0.000495219232305847,-0.000103963129747587,-0.000259257990828913,-0.00015941474917188,-0.000480120906014488,-0.000684657445149894,-0.000710196519213704,-0.000396745169646336,0.000342130528366268,-0.000313114859991833,-0.000752081550930739,0.00041540540922856,0.000333588058526733,-0.00163692864901525,-0.00039749434119783,-0.000276998333073242,-0.0013289178691673,-0.00455821163001856,-0.00116057484160435,0.00327125639148893,-0.00469495576058605,-0.0364269968850998
"763.31",0.00061253476993335,-0.000334279628542853,0.00037152541142969,0.000206964367975506,-0.000256990608736217,-0.000163805934555768,-0.00030198803376076,-0.000252042180033092,0.000305486717502694,8.87560485110788e-05,0.000276291200272627,0.000363197488972118,0.00017197889634314,5.989220297561e-05,0.000197541801489991,-0.000587009398422966,0.000572047611522176,0.000384328802795275,0.000337413053240557,-0.000950614798267386,-0.000204937066946194,-5.5146913550634e-05,-0.000233235013346439,-0.000252037576535802,-0.00311327896865304,-0.00151986306312874,0.000169217283426865,0.000192668088458528,-0.000156481107826303,0.000154430090790533,-0.000576964165692847,0.000270308382164513,0.000724955397307173,0.00057164022553397,0.000113437657271342,-0.000277858719080213,0.000265349274247223,0.000532469459032136,0.000544985863486198,0.000781006538924171,0.000301603042234524,0.00107393805258277,0.000211858543956563,0.000703538713494185,0.000877309070118202,0.000541012862547582,-0.0014520156706438,-0.00222741387783041,0.00452741175190606,0.00219877607884325,0.00320755304074345,0.0012683964523951,0.00254970576140197
"768.062",-0.00024042317662316,-0.00105900653379776,-9.73321149506917e-05,-0.000104338399433064,0.000123984125491558,9.29569914914892e-05,-3.90802555839601e-05,-0.000199422640040578,-0.000254348210634132,-0.000241943486285465,0.000109476043255226,-0.000153694165582152,-0.000161154062185267,3.62716603662947e-05,-0.000117381659795056,1.77208275175178e-09,-0.000147400601455083,0.000504310894573704,0.000312160347095684,-0.00026985235793234,-8.86722711059025e-05,-5.57215888828687e-05,-4.15222318597448e-05,-0.00190354988140169,-0.00225160641618779,3.74293028690459e-05,-0.000378625477902055,-6.07336490789353e-05,0.000583049667976466,0.000672641186777559,-0.000392357192869081,0.000130735412726074,-0.000441332466250783,0.000454125056443914,-0.000520097250841442,-6.66885928771437e-05,0.000916300620819556,0.000119163189622977,-0.000109972609672292,-0.000335534572030702,-0.00137908519266813,-0.000967874541547389,-0.000213842646723274,-0.000245175326592514,-0.000942860752047301,-0.000852915872145992,-4.07559338312462e-05,-0.00117405871179432,0.00228449802554869,0.000851273124732201,-0.00540126939705232,0.000289877952274953,0.00871335922461076
"772.815",5.14925280252386e-05,0.000536596535218179,0.000457687896401456,0.000495595575863689,0.000326771139109669,0.0002581627366281,0.000351466563393603,0.000164969028180207,0.000200362182729423,-4.48347603175033e-05,0.000139276888283968,0.000153552224429839,0.000743238557584467,0.000483251251204342,0.00072706180131785,0.000232206752535513,0.000245502965674871,0.000736591909076101,0.00103517258433139,0.000314625016371444,0.000856508033469242,-0.000654037032988795,-2.75501516360049e-05,-0.00191417926994834,-0.000686247983610356,0.000272351028166633,-0.000280712370731393,0.000584466172419251,0.000753448813736248,0.000540670620599975,0.000130707204791888,0.000463132173089477,-0.000153780049767595,0.000282718266183215,5.1004417791277e-05,0.00061399808198176,0.00105668098144118,0.000104711020301349,-0.00108355449631192,-0.000385312887216189,0.000286394330958743,0.00123810302150666,-8.54822669324656e-05,0.00073466406978437,0.00154165501337957,0.0015689226608971,-0.000691213200237221,0.00117357840019686,0.0022830429335896,0.00570937839368447,0.00808724205481418,0.0149772325642687,0.031194921275648
"777.57",0.000139980655379197,0.00046944981885006,-0.000212574693043999,-0.000385992358053348,0.000218236914947862,0.000716401002081095,-0.000223125207523948,-2.12144967911963e-05,-0.000227934346847928,-0.000127977318647295,-0.000335196071628044,-6.0248602530223e-05,-0.000404465738770844,0.000320491254685368,0.000203439354261727,-0.000106622757493744,-0.000250559611061515,-0.000461508297592879,0.000665576124059203,0.000259884589527576,-0.000346593202954486,5.68165060472142e-05,-0.00235805237056507,-0.00291153028299861,-0.000402212684397569,0.000277934262281121,-0.000311296329913713,0.000373137799936591,0.000397210082510913,0.000306274150605309,-0.000399471470304116,-2.3459178966102e-05,0.000148858543941872,0.000823393313676072,-0.000556018167401942,-4.1016161189678e-05,0.000790924024269518,-0.000730483984424635,-0.000384680225252305,-8.53303746667053e-05,0.000639260393612728,-0.000217048114161364,-0.000152643546969499,-0.000949044733916622,-0.000145605804180189,0.00027843836842518,0.00324079628201277,-0.00314001445501515,0.000249915126045597,0.0012159376089552,0.00811533462655876,-0.00933160981822454,0.00951602492100797
"782.325",0.000515584285980136,-0.000365569625969964,0.000676048190540693,0.000202868098916655,-2.34733102819879e-05,4.27758404182192e-05,-0.00019426170087716,-0.000114024314255813,0.000502995443289557,0.000194868626301824,0.000164919725191307,0.000134626439970022,-0.000256704135403254,0.00026287461364343,0.000437399597242372,0.000216531220287024,-0.00054692974509314,-0.000160663124709932,0.000866838753475592,-0.000590053974396002,0.000504875428147368,-0.00083638986799287,-0.00289590841909033,-0.00142962791415734,0.000434983466058981,7.70322344689582e-05,0.000126411220844362,-0.000213998929145388,7.56642334401287e-05,-0.000186668270574613,2.50804285429164e-05,0.000369106519955969,-7.31389384529249e-05,0.000164659703493298,0.00045975521472823,0.00119034881124302,-0.000175260527732789,-0.00020077070699271,0.000146651650106419,-8.69146835907918e-05,0.00178031428212772,0.00102222118649494,-0.000199277848420651,-0.00182605396030041,0.00159724538110743,0.00222574984045709,-0.00025250129800557,0.000962541794074568,-0.00160024637651074,0.00282688023448819,-0.00139228969429934,-0.00686416184090229,0.0232098784686621
"787.081",0.000529589982817185,-0.000783202923902131,-0.000250358445381361,-0.00083277373655011,-0.000359545669417495,-0.000263654751969437,-0.000240963300928459,-0.000365760251306695,-0.000417816494759424,0.000428789579801686,0.000381263071148322,-0.000628491641368577,0.000157985939531368,-0.000642641293754222,-0.000336870250845875,-0.000172928676572491,-0.000221981353688287,-0.000219988574831811,-0.000437458233425057,-0.000398549859078484,-0.000769839633868991,-0.00238423059960009,-0.00291484553490893,-0.000413523671892994,0.000311251962543738,-5.27634056771011e-05,0.000350222320205603,0.000362028182144782,1.24506242260068e-05,-0.000293932790413726,0.000164371479564685,-0.000188688214541635,7.66109155962466e-05,0.000493289782647336,0.000201586255407504,-0.000469234690744404,0.000449680585391807,0.00036478497831209,0.000300491768557849,-0.000517209085700708,-1.90723746839005e-05,-0.000885118136359441,-0.000181892977696871,7.74350992229556e-05,0.000455518078400719,-0.000580816657737663,0.000302831825887371,-0.00104012123119319,-0.00334888838085914,0.00472047248300338,0.000578518733787427,0.00921203607716919,0.00348529453380184
"791.838",-0.000218935084266122,-0.000407566326663353,-0.000426997147268818,-0.000360586286404977,-0.000298968524627775,0.000603549051599126,-0.000365178809270816,0.000197411129805293,-0.000212741833334741,-0.000123578604518474,7.4215296212811e-05,0.000339075684948279,-0.000908472808990121,8.99080836209724e-05,6.2300006424244e-05,-0.000592325935961233,-0.000130452436050209,4.11904869312473e-05,-0.00084401507454365,-0.00036626119976358,-0.000533756603915028,-0.0028261496745848,-0.00195612422936047,0.000171167298436303,-0.000662515218347895,0.000105194225066532,-0.00053196110298344,0.000180592395973307,-0.000413450453449982,-0.000140637098753597,7.15858165991267e-07,-0.000364442701131614,2.5631047772029e-05,0.00055842127444579,-1.39837031699103e-05,-0.00113591140077951,0.000404329970146517,-0.000491658169977566,-0.00106880748226683,-0.000534491769332069,-0.000323382291723719,-0.000966541082207581,-0.000249855862018066,0.00012955266052671,-0.0012137553972359,-0.000652617889203291,0.000172664428033423,0.000259664539421106,-0.00268981749615853,-0.00716099034985494,-0.00501355659528208,0.00111231465247949,0.0325615269114511
"796.596",-0.000687548478915516,-0.000697487862768243,0.000241075559624838,-0.000381334795184522,0.000963972726433962,0.000223535312244597,0.000236865958723002,-0.000252945143733179,0.000166884547153208,0.000271544410884234,-0.00019368774746332,0.000396669371963635,-0.000362237637011018,0.000274710472725529,-0.000228613897634378,6.28552472234472e-05,0.000638087901835537,0.000265825396860924,-0.000138160475938975,0.000421876135444647,-0.00132756967378676,-0.00244191495306388,0.000374737496852996,-0.000668149260324655,-0.000165327606260522,-0.000147427482670409,5.26133561297058e-05,-9.22433511324234e-05,0.000643705066066575,-0.000130492323788792,0.000861832345824932,0.000347076801869927,0.00142539802478989,0.000198305902556822,0.00034236750477201,0.000317515948284244,-6.11673997307233e-05,0.000516416126741276,0.000679891094153368,5.40976810494343e-05,-0.000213232522205562,-0.000314225617720395,-0.00069414874805101,0.000794278160740977,-0.000463635400356889,0.00180923644045795,-0.000750523658175698,-0.000315933941845083,0.00387331947589121,-9.08598583601503e-05,-0.0056848663652514,-0.0132184163887525,0.038738757216074
"801.355",-0.00054551432285022,-0.000659707810558144,0.000271639197797139,-0.000683002647751213,0.00022078048303065,-0.000125421512056426,-0.000503745497957429,-1.32347606415151e-05,-0.000331265564263707,2.49080486684532e-05,-0.00050255226718036,0.000242856390865493,-0.000763897618839094,-0.000191988562390707,-0.000416427829207371,0.000401507408297557,-0.000195147062875598,0.000157024703798934,-0.000702478223585624,6.98014507021815e-05,-0.0027612726480477,-0.00225072471049657,1.30135000614181e-05,-0.000576615787040536,-0.000594425861791725,-0.000335385189824696,9.16710316369628e-05,0.000307775250181268,-0.000101471233502812,2.33758039245054e-05,-7.61932992718521e-05,-0.000220935382432404,-0.000144952465176685,-0.000410583762057724,-0.000757784227586798,-0.000785943197309922,-0.000342266223619977,-0.000752174671431137,4.44044988669423e-05,-0.000156557644187679,-0.000736080208630167,-0.000560448017535731,-0.00159793363094602,-0.00182964047732728,0.00141425269287837,0.00159397135960197,-0.000604914622618648,-0.00227949002232458,0.00115194030778968,-0.00295326237736539,-0.00303663911963726,0.000683257445580674,0.0127267509466212
"806.114",0.00040094992295314,0.000358233450516929,0.000285170378174264,0.000219422319637007,0.000147127288813627,0.000299190133570104,1.4536114798818e-05,0.000224864689773817,-0.000309655972051144,-0.000385098676993921,-9.54372330080238e-08,-6.63916313233107e-05,-0.000740889956583928,-0.000169384093712404,-0.000613741571814535,-9.76636110016855e-05,0.000883558559088851,3.62439295897384e-05,-0.0001457870207201,-0.000966987973569375,-0.00248523811811609,0.000207897507242103,-6.46622657221575e-05,0.0006644513848026,-2.37295998447763e-05,0.000219830112867147,-0.000421596255108936,-0.000272450268893708,-0.000374555162746393,-0.000167375322529507,0.000178614316670701,3.36438962608386e-05,2.283580626302e-05,0.000285423326229179,-0.000177798487680423,-0.000111733176968583,-0.000539678111566088,-0.000543249198669653,0.000602114036443391,0.00075181446112,0.000317830692839934,-0.000705119508727141,0.000419458383683832,-0.000273876113814288,-0.000907058060012458,0.000509987316783723,0.000724808262550381,-0.000545427500651363,0.000114562067975493,-0.00191434536865677,0.00226421241060617,-0.012335945187116,0.0162860502158119
"810.875",0.000882227489293161,0.000573351564196741,0.0011796765279613,0.000682737816733481,0.000631926036710216,0.000608000014329791,0.000445235501284189,0.000179896418685111,0.00030208595116682,0.000351434336282034,0.000930209329351149,0.000806185099983476,0.000648414687920964,0.000587159373247919,0.00054809486683933,-0.000401509324881188,0.00106715077714445,0.00068846209559894,0.00030476108437096,-0.00137368006090087,-0.00013846017779289,0.000910389465110903,0.000271666535838134,0.000777316513856187,0.000368661520590368,0.000936947444221234,0.00084459114241944,0.000819196185118719,0.00062518130781212,-0.00024464869811374,0.00095520006759083,0.00014380638208554,0.000638024578228319,0.00106356019795669,0.000687391620963575,0.000861669729170467,0.000790226731335786,0.000850574830821386,0.000940335120594748,0.000516927581552044,0.0017064428768437,0.000831784284636563,0.00039948577209211,-0.000777257066766712,0.00162769769621098,0.00382510579251633,0.00194368028385135,-0.000729201077900069,0.000576176228722063,0.0101240164407461,0.0157530229251457,0.00926462096872783,0.0290677425040679
"815.635",0.000513444849693791,-0.000931916087095254,0.000285269511561373,0.000182837994556222,-2.10037226561983e-05,-0.000279822571600188,0.00013868684200569,5.79463540970733e-05,-0.000115169642138081,-8.42242443633406e-06,-0.000316268626986511,-2.21071341240942e-05,-0.000393793659496083,-0.000835600142845644,0.000295904077474308,0.000173624168297184,-5.73869865613674e-05,-3.62328578384628e-05,5.28069675710804e-05,-0.00187786093449211,-0.000662708606384637,0.00044218904499821,-0.000232853483496894,4.18790271989797e-08,-5.94523665146147e-05,-0.000555298583306293,6.82340845013814e-05,-0.000397532622561292,-0.000146146096666837,-0.000369005512644817,-0.000132909328436459,-0.000288108722932273,-0.000436322774701818,-0.000343122026316122,0.000592059684247991,-3.74561122411856e-05,0.000513292313121565,-0.000543633662525666,-0.00023490019147054,0.000188027134656057,-5.02042662372221e-05,0.00030731518543378,-0.000359534760759423,0.00059442171917894,-0.00010667871000781,0.000892562504523001,-0.00011065639556562,-9.00295279156979e-05,-0.00172993686415219,-0.00239104553412268,-0.00239468301884017,0.00854036250740552,0.0104919424974229
"820.397",-0.000417203826825392,0.00011438632630759,-0.000467171899420854,0.000182580132775797,-0.000315951337945081,3.86355158136965e-05,-0.000153347437134843,8.33658305172277e-05,0.000345325514674176,0.00026775526813788,-0.00011165088757505,6.62124264137902e-05,0.00113457138199555,0.000101600839972875,-4.38514791695842e-05,0.000412357933300119,-0.000183664722105385,6.04079491928265e-05,-0.00202829441444331,-0.000280976184731986,1.37744219274086e-05,0.000156040815016713,-2.58680845993328e-05,-0.000451220663604023,-0.00027344054208353,-0.000115587107963108,0.000148292599555521,-0.000147162873177501,-0.000566218590748156,0.000349507984676191,0.000289005994641813,5.58951239563601e-05,4.88459723923141e-07,2.31412468531132e-05,0.00013037218115779,-0.000199364206979759,-0.000460696988269889,0.000293097234723135,5.87612484520583e-05,-1.5373450014709e-05,0.000100373544856528,-0.00103050008023567,0.000858891084396217,-0.000274446071599093,-0.000293403675431201,0.000478518389860743,0.00171590142166385,6.07181385524889e-07,-0.000750663957634626,0.00167341420202091,-0.00126701717348804,0.0111702507380631,-0.00592089542985414
"825.159",0.00065761076360171,0.000415779757544416,-0.000182199788020808,0.000353395260158706,0.000157979562442549,0.000308860331628769,-0.000124097378493871,3.19357413096717e-05,0.000266165066529622,-0.000100439393571988,-0.000260701659038382,-0.000397681402061114,4.64469940659656e-05,-0.000191989232441714,1.10230084945626e-05,-0.000347253650758069,-5.74001691158728e-05,-6.03167026909431e-05,-0.00171026469290352,-0.000406489050523505,-4.14591594905383e-05,0.000312152385182777,0.00012938015187754,0.000213242142751447,-4.74836505281553e-05,0.000416584444448898,0.0012433861923026,-0.000146896318514293,3.47197027144369e-05,0.000191850316965573,-0.000144027519335388,5.57298043692931e-05,0.000302901605092554,1.16523736272958e-05,-0.000331226145435607,3.77329767497642e-05,-0.000197317456497521,0.000181542915149038,0.000278911655420888,0.000705265598141141,0.000619043941692235,0.000723336748618431,0.00105863378956261,0.000206694086810275,-0.000426789285850684,0.000574453712898342,0.000230890355026617,0.000594888975344357,0.000921442339657229,0.00183081414003606,0.000243829585437478,-0.00691755521166189,0.00226016599149136
