"","500","495","490","485","480","475","470","465","460","455","450","445","440","435","430","425","420","415","410","405","400","395","390","385","380","375","370","365","360","355","350","345","340","335","330","325","320","315","310","305","300","295","290","285","280","275","270","265","260","255","250","245","240"
"248.336",0,0,0,0,0,0,0,0,0,0,0,0,0,0,0,0,0,0,0,0,0,0,0,0,0,0,0,0,0,0,0,0,0,0,0,0,0,0,0,0,0,0,0,0,0,0,0,0,0,0,0,0,0
"252.814",0,0,0,0,0,0,0,0,0,0,0,0,0,0,0,0,0,0,0,0,0,0,0,0,0,0,0,0,0,0,0,0,0,0,0,0,0,0,0,0,0,0,0,0,0,0,0,0,0,0,0,-0.157130962950582,-0.00703833928657757
"257.296",0,0,0,0,0,0,0,0,0,0,0,0,0,0,0,0,0,0,0,0,0,0,0,0,0,0,0,0,0,0,0,0,0,0,0,0,0,0,0,0,0,0,0,0,0,0,0,0,0,0,-0.116504189874861,0.0102871534240711,-0.00245994356271362
"261.781",0,0,0,0,0,0,0,0,0,0,0,0,0,0,0,0,0,0,0,0,0,0,0,0,0,0,0,0,0,0,0,0,0,0,0,0,0,0,0,0,0,0,0,0,0,0,0,0,0,-0.102822461022349,-0.0109980204029416,-0.0230908100942402,-0.0530893284272397
"266.271",0,0,0,0,0,0,0,0,0,0,0,0,0,0,0,0,0,0,0,0,0,0,0,0,0,0,0,0,0,0,0,0,0,0,0,0,0,0,0,0,0,0,0,0,0,0,0,0,-0.0837288010514126,-0.00631339555941465,0.00669774202789696,-0.0487849710984408,-0.116673421094767
"270.764",0,0,0,0,0,0,0,0,0,0,0,0,0,0,0,0,0,0,0,0,0,0,0,0,0,0,0,0,0,0,0,0,0,0,0,0,0,0,0,0,0,0,0,0,0,0,0,-0.069800959788898,-0.0132603082692001,-0.00378126396391289,-0.0243315162960265,-0.0822212723282664,-0.0438091442893858
"275.26",0,0,0,0,0,0,0,0,0,0,0,0,0,0,0,0,0,0,0,0,0,0,0,0,0,0,0,0,0,0,0,0,0,0,0,0,0,0,0,0,0,0,0,0,0,0,-0.0765288648423867,-0.00801715517257393,0.000274087359406129,-0.0151338188477933,-0.0909512972022055,-0.0574695219519492,0.019302595816151
"279.76",0,0,0,0,0,0,0,0,0,0,0,0,0,0,0,0,0,0,0,0,0,0,0,0,0,0,0,0,0,0,0,0,0,0,0,0,0,0,0,0,0,0,0,0,0,-0.0533674926505721,-0.0131925072104794,-0.00706687957942297,-0.0153363111964094,-0.0605626132336134,-0.064114952579386,-0.0212294568512797,-0.0339101320805845
"284.264",0,0,0,0,0,0,0,0,0,0,0,0,0,0,0,0,0,0,0,0,0,0,0,0,0,0,0,0,0,0,0,0,0,0,0,0,0,0,0,0,0,0,0,0,0,-0.00900073424858544,-0.00545827987764937,-0.00648151423702917,-0.0437619530472786,-0.0712129877854905,-0.0185203339272351,-0.00731435477907628,0.00554970424163507
"288.772",0,0,0,0,0,0,0,0,0,0,0,0,0,0,0,0,0,0,0,0,0,0,0,0,0,0,0,0,0,0,0,0,0,0,0,0,0,0,0,0,0,0,0,0,-0.0100338998206365,-0.00176110164093301,-0.000811776345595677,-0.0217530318428537,-0.066069482101556,-0.0213327520824485,0.0045251514587054,0.00592537737056742,-0.00178902625290802
"293.283",0,0,0,0,0,0,0,0,0,0,0,0,0,0,0,0,0,0,0,0,0,0,0,0,0,0,0,0,0,0,0,0,0,0,0,0,0,0,0,0,0,0,0,-0.00624453091339461,-0.0025341246539819,-0.0022746614654818,-0.0143412936264544,-0.0522290323157972,-0.0231648016198043,0.000591906710643172,-0.00497173464738181,0.00771524103653031,0.0295640883978267
"297.797",0,0,0,0,0,0,0,0,0,0,0,0,0,0,0,0,0,0,0,0,0,0,0,0,0,0,0,0,0,0,0,0,0,0,0,0,0,0,0,0,0,0,-0.00720120828889881,-0.0013639182757745,-0.00402226074982762,-0.00926072054248776,-0.0471313163007682,-0.0386964041370422,-0.00412411590449904,-0.00267404970034889,-0.00457631634912897,-0.00882203741815106,-0.0406637939579242
"302.315",0,0,0,0,0,0,0,0,0,0,0,0,0,0,0,0,0,0,0,0,0,0,0,0,0,0,0,0,0,0,0,0,0,0,0,0,0,0,0,0,0,-0.00460585116824946,-0.00182325905224042,-0.00255906055526164,-0.00433550503952251,-0.0272326483285532,-0.0458938660671801,-0.00424405857658355,-0.000367025514387258,0.00290234215496429,0.00527953984945336,-0.000228118755395744,-0.0123215452328967
"306.837",0,0,0,0,0,0,0,0,0,0,0,0,0,0,0,0,0,0,0,0,0,0,0,0,0,0,0,0,0,0,0,0,0,0,0,0,0,0,0,0,0.00170918866708536,-0.00232706609798077,-0.00121797073839676,-0.00244631430730133,-0.0178211537864031,-0.0383666943845711,-0.00931047478842933,-0.00386780837281259,-0.00267701522072211,-0.00348696018131038,-0.0032169414496382,-0.00799015348474385,-0.029288270956773
"311.362",0,0,0,0,0,0,0,0,0,0,0,0,0,0,0,0,0,0,0,0,0,0,0,0,0,0,0,0,0,0,0,0,0,0,0,0,0,0,0,0.00856650750594012,-0.00144456133421907,-0.000625288497850596,-0.000214237706749845,-0.0097059548698581,-0.0342360057466701,-0.0149483037905062,4.45679234553249e-05,0.00299343125046232,0.00414442687492401,0.00535591899898854,0.00777969783359842,0.0157421340816226,0.0313451893086993
"315.89",0,0,0,0,0,0,0,0,0,0,0,0,0,0,0,0,0,0,0,0,0,0,0,0,0,0,0,0,0,0,0,0,0,0,0,0,0,0,0.0164537424911684,-0.00169720589229146,-0.000409218733577302,-0.00123508832389179,-0.00583451068245255,-0.0316097413485609,-0.0229425313792836,-0.00259098681469957,0.00034855654055328,-0.0013692880945268,-0.000890126953158008,-0.000944083236318762,0.00159595683368434,-0.00859720935493453,-0.00580707774171703
"320.422",0,0,0,0,0,0,0,0,0,0,0,0,0,0,0,0,0,0,0,0,0,0,0,0,0,0,0,0,0,0,0,0,0,0,0,0,0,0.0223493876174212,-0.000618744126827234,-0.00031219508827848,-0.00117381771064299,-0.00113689436624808,-0.0188339663647755,-0.0255476442119562,-0.00531651292376854,0.00151536999858067,-0.00155595198037219,0.00145655362806115,-0.000733669448369323,0.00463915467642518,0.00664056777878728,0.0166119863089268,0.0100123562044614
"324.958",0,0,0,0,0,0,0,0,0,0,0,0,0,0,0,0,0,0,0,0,0,0,0,0,0,0,0,0,0,0,0,0,0,0,0,0,-4.68517477448804e-05,0.00042790978867388,-0.00162629828391702,-0.00174160383574028,-0.00149491865624054,-0.013399150902038,-0.0282856867583068,-0.00804464888317918,-0.00140350992791576,-0.000474924403701808,-0.000711445595107792,-0.00171553124226436,-0.00194879261880744,-0.00636442429354134,-0.00142303000758577,0.00109266404591791,-0.0371675107057216
"329.496",0,0,0,0,0,0,0,0,0,0,0,0,0,0,0,0,0,0,0,0,0,0,0,0,0,0,0,0,0,0,0,0,0,0,0,0.000141230112918556,0.00349022611428258,-0.00137062078006412,-0.00126160563605118,-0.00251095098932746,-0.00685274722956791,-0.0259645234670396,-0.0126135278325773,-0.000802768066920327,-0.002144273534019,0.000338830006996298,0.000767155868129882,-0.00113382007693037,-0.0033050569019455,-0.000614817749298069,-0.00650078253938478,-0.00159269213435249,-0.0261834468352338
"334.038",0,0,0,0,0,0,0,0,0,0,0,0,0,0,0,0,0,0,0,0,0,0,0,0,0,0,0,0,0,0,0,0,0,0,0.000156118667006155,0.00584305185203915,-0.00142864354597117,-0.00166562771447846,-0.000987223629310457,-0.00267216365448325,-0.0193842895049302,-0.0168921008882698,-0.00101737210935778,0.000731690784860836,-0.00125879704172929,0.000248213408211283,-0.000582810977627184,0.00149459047510269,-0.0036591778718133,-0.000998805781341735,-0.00883660552172462,0.00638147213124939,-0.0151097016753906
"338.584",0,0,0,0,0,0,0,0,0,0,0,0,0,0,0,0,0,0,0,0,0,0,0,0,0,0,0,0,0,0,0,0,0,0.000903163350199354,0.00836407235855438,-0.000363757176523148,-0.000704302308526899,-0.000604578440054125,-0.00202879120256289,-0.0130790751094743,-0.0184214806221145,-0.00337390050721902,0.000982197945477506,-0.00024028969557982,0.00138578364292158,-0.000119803932974496,-0.000107616804864836,0.00144715140912884,-0.000774365361941455,0.00267377686569774,0.00302028696115374,0.0109003971726497,0.0413843204201857
"343.133",0,0,0,0,0,0,0,0,0,0,0,0,0,0,0,0,0,0,0,0,0,0,0,0,0,0,0,0,0,0,0,0,0.00155539736781252,0.0156970522268953,-0.000257961308285443,0.000894827291194156,-0.000527173439259374,-0.00045600623415056,-0.0057313403694324,-0.0206767345006814,-0.00444625140282,0.000557111299021702,0.00123061184975169,0.0018488374529111,0.000666777180473518,0.00248001187921528,0.00230017117550234,0.00521221832984534,0.000497830472813209,0.00641143858201188,0.00687273143937677,-0.00227569510554707,0.0278988960581306
"347.685",0,0,0,0,0,0,0,0,0,0,0,0,0,0,0,0,0,0,0,0,0,0,0,0,0,0,0,0,0,0,0,0,0.0229259696140728,0.000401293223604111,-0.000694682047245017,-0.000235158181324075,0.00044923367704212,-0.00496948280880485,-0.0170093756330884,-0.0104813456606831,1.75113342524517e-05,0.000122555335227965,0.000482938819809054,0.00026646234280762,0.00113293482610429,-0.000582572749868257,0.00219975679850503,0.000351991538637777,-0.000665235399532725,-0.00137984660726265,0.00242408671996921,0.0275929479445166,-0.0140727013924174
"352.24",0,0,0,0,0,0,0,0,0,0,0,0,0,0,0,0,0,0,0,0,0,0,0,0,0,0,0,0,0,0,0,0.0297285772791985,-0.000634292316377079,0.000346558138446168,-0.00124916271287236,-0.000447118770287157,-0.00126606885372336,-0.0144615655010256,-0.0123436092940284,-0.00278817499199554,0.000147908480575917,-0.00030062217533021,-3.82741059870456e-05,0.000249413778128664,0.000575032483007164,0.000751014413975965,3.17732826592013e-06,0.000402194939248311,-0.00314972171208844,0.000614174228224396,-0.00872593658232371,-0.00858646797391918,0.019787017978584
"356.799",0,0,0,0,0,0,0,0,0,0,0,0,0,0,0,0,0,0,0,0,0,0,0,0,0,0,0,0,0,0,0.0432562724616214,0.000955728669624022,-0.00090721733319743,-0.000939820238354469,-0.000162007034968098,-0.000882392202386374,-0.0083438428263003,-0.0136975683289297,-0.00328710709595644,0.001461911953702,0.000745234952955912,0.000250849242049906,0.00162254413917569,0.00210726963373791,0.00203180370280264,3.39783581784756e-05,0.00225496745005237,-0.00126150111043981,0.00221916533529817,0.00525544976057535,-0.00125140033378713,0.0130833553913948,-0.00122550021273109
"361.361",0,0,0,0,0,0,0,0,0,0,0,0,0,0,0,0,0,0,0,0,0,0,0,0,0,0,0,0,0,0.0598088297022974,0.000478937108337598,-0.000260011760628394,-0.00101464747163438,-0.00105084361601502,-0.000954090707324881,-0.00528185097792334,-0.0128545648133593,-0.00632574604688439,-0.000524842494313641,-0.000794342698662068,0.000416965232939941,0.000649195650249862,-0.000358047109368192,-0.00122873403117232,0.00106296150072092,-0.000219091053814732,-0.001472676909178,-0.000771033985743652,-0.00297800771716251,0.000152763246661521,0.000874766152786557,-0.00660234140044163,-0.0208091605975396
"365.926",0,0,0,0,0,0,0,0,0,0,0,0,0,0,0,0,0,0,0,0,0,0,0,0,0,0,0,0,0.0727962616614605,0.0035715781507897,0.000389220518480476,-0.000261440117960769,0.000189014226011252,0.000783101923280803,-0.00253891248627358,-0.0115718008982972,-0.00682290493987199,-4.49102230163367e-05,0.00116120419599774,0.00114509732024233,0.000869671280786064,0.0010669680121921,0.0010993543741175,0.00171557073446663,0.0012259620022419,0.00283282884439681,0.000684729357486735,0.00127553772272074,0.00344829400598022,0.00729922388553771,0.00413218171850861,0.0118049720921875,0.0319155638113853
"370.495",0,0,0,0,0,0,0,0,0,0,0,0,0,0,0,0,0,0,0,0,0,0,0,0,0,0,0,0.0891039641158088,0.00583510285559363,0.00123821889396002,-0.000362308163543868,0.00035585560968468,-0.000513935802380759,-0.000768198899344373,-0.00675347425076134,-0.0076484751961173,-0.00099714544048999,-0.000176026916798256,0.00064179846252703,0.000902030515844776,0.000895750669621981,0.000484409126578307,0.00124872660795357,9.15597222795015e-05,0.000528944282748561,0.000569599034421878,0.00255952769686811,0.0044261310966359,0.00416077359779719,0.00228063793086959,0.00360621207196008,0.0147539569174328,0.0501066921914107
"375.067",0,0,0,0,0,0,0,0,0,0,0,0,0,0,0,0,0,0,0,0,0,0,0,0,0,0,0.103953838932207,0.00929597215394873,0.000191147070747117,0.00062396827281942,0.000231129885547058,-0.000193743523508339,0.000276195862060361,-0.00435510684764185,-0.00950732250804372,-0.00158291646608403,-0.000362425518291345,-0.000273216323677395,0.000711827054822353,0.000341478985168434,0.00152078949409047,0.000482773960306911,0.000908875514270436,0.00253186434827718,0.000974790719074539,-0.000500778685217382,3.89918762311644e-05,0.000990571729640985,0.00232941440877737,0.00438835557720287,0.00470405392945674,0.0200623164193626,0.0252912746425586
"379.641",0,0,0,0,0,0,0,0,0,0,0,0,0,0,0,0,0,0,0,0,0,0,0,0,0,0.120341699026671,0.0129604840298387,-0.000527208212392848,0.000108400760741814,-0.000285267882764758,-0.000411369071278253,0.00019312918878782,-0.00246166596636958,-0.00925072216130117,-0.00591456359645141,-0.000519252151309627,0.000214044276981579,-2.46403415766446e-05,0.000797573902696636,-0.000252480449803526,0.000780280182486331,0.000464906067098124,0.0007421167325505,0.00132884136793616,0.0017759643754874,0.000364426524029595,0.00231226232750066,-0.00299140547949111,0.000766302068546304,-0.000456345960454404,0.000356725673905805,-0.00921528607901629,-0.00995323084377244
"384.219",0,0,0,0,0,0,0,0,0,0,0,0,0,0,0,0,0,0,0,0,0,0,0,0,0.128336570398743,0.0173395236171504,-0.00129715818051771,-0.000491551362128466,-0.000879280678009736,-0.00033672582223733,-0.000932562164711504,-0.00220049217796087,-0.00681125131814861,-0.00580755925170746,-0.00148479567590593,-0.000953749932389267,-0.000634176829884191,-0.00061779490086039,-0.000249352957161536,-0.000886708480144414,6.33258339032425e-05,-0.000649135716360479,-0.000887094489346375,1.02250043070083e-06,-0.000981442336897095,-0.00159195851733552,-0.00136080277786008,-0.00266737286862093,-0.00336557052318721,-0.000825289730211628,-0.00450870030114362,-0.0111614650082995,-0.038381006994501
"388.801",0,0,0,0,0,0,0,0,0,0,0,0,0,0,0,0,0,0,0,0,0,0,0,0.123221659632813,0.0244012775354233,0.0010243143421153,0.000437245700202826,-0.000111673727520776,0.000674268914400332,3.29327386098992e-05,0.000325255193756534,-0.0040458700829302,-0.00641751420612392,-0.00101931270545549,0.000433291723435131,0.000502285206795185,0.000325019340330254,0.00061192502656202,0.000966384604353688,0.00141680710103236,0.000641591170151769,0.00170123766263641,0.00164254959391018,0.00117005677307499,0.00167922118895556,0.00261496904271283,-0.000380926193467117,0.000998305948742888,0.00236192693460205,0.00579905850214003,0.0108855533759061,0.00712336417843929,0.0227691804183658
"393.385",0,0,0,0,0,0,0,0,0,0,0,0,0,0,0,0,0,0,0,0,0,0,0.10443176932588,0.0302263292525063,0.000939699745956151,-0.000173412857999584,-0.000230832925289067,5.23890344824767e-05,0.000248304922925527,2.21160429421238e-05,-0.00204199025612313,-0.00653425631000121,-0.00259851526224759,-0.000493994309390923,0.000155685986201082,-9.85836821315437e-06,0.000357498447861217,0.000611056859308316,-0.000102067036004241,0.000891826778119607,0.00115479976811597,0.0011854464555531,0.000716481421663266,0.000640965308929686,0.000722495563987649,0.00153023159479003,0.00292035241629894,7.92857732042403e-07,0.00256250677393353,0.00152032911866122,0.000647146279518254,0.00225061541051232,0.0232603819091788
"397.972",0,0,0,0,0,0,0,0,0,0,0,0,0,0,0,0,0,0,0,0,0,0.0589564942411984,0.0341633043397925,0.000417716553186078,1.13297712181788e-05,-6.97443484084736e-05,-0.000155654795905511,0.000117614636656298,-4.78142915667518e-05,-0.00152784063976764,-0.00593288980130038,-0.00495503945044679,-0.000586201141146755,3.10854257856417e-05,-0.000370350774167587,-8.37333882862644e-05,-0.000122045095117417,0.000296035484948117,3.77273056053661e-05,-0.000303844733624361,-0.000268658581060565,0.000765012168202678,0.00050753004143685,-0.000907642337827318,0.000676534007846878,-0.000186866946742916,-0.00173059723565442,-0.0012324937672246,0.00150757523753495,0.000599875853926903,-0.00169826148062859,-0.00220665036601032,0.0102612609234223
"402.562",0,0,0,0,0,0,0,0,0,0,0,0,0,0,0,0,0,0,0,0,0.120542188374745,0.0391340290089057,0.000906060184498082,0.000338965677754328,0.000592336238306219,-1.98416623115481e-05,0.000863449786537189,0.00087142146847134,0.000471444275329951,-0.00282782774643035,-0.00402586450960213,-0.000145090715370643,0.000567689262976949,0.000586225492187427,0.000192818522135872,0.000446988515773977,7.52589013126356e-05,0.00103285883628461,0.0010157108587916,0.000586324099544432,0.00116978859534915,0.00120616283226407,0.00152770801774994,0.00128340396169002,0.00188556459450878,0.00300173955330247,9.29880309678994e-05,0.00318540752645353,0.00373934576209889,0.00238852379035856,0.0109164245967815,0.0172803977242762,0.0340404870448988
"407.156",0,0,0,0,0,0,0,0,0,0,0,0,0,0,0,0,0,0,0,0.151918070393086,0.049943317251739,0.00149230058743246,0.000585488110738284,0.00033581797292399,0.000799071210550457,0.000867930063097584,0.000303476857142715,7.58729892975062e-05,-0.00208582458249317,-0.00358179998554281,-0.00116032433526774,0.000171672067814333,0.00029914390078579,0.0001943517971111,0.000439424780667849,-0.000271404226840153,0.000861149440096389,0.000798450222537402,0.000331911434157649,5.19439240735946e-07,0.000634052492050103,0.0014002650743191,0.000483589174684575,0.000738074143057282,-0.00116016521026007,0.000872510278568118,0.00094824238549651,0.000881764589103581,-0.000741708564567537,0.00166247316277669,-0.00232633995957561,0.0059186957736297,0.017332133562989
"411.752",0,0,0,0,0,0,0,0,0,0,0,0,0,0,0,0,0,0,5.58711070683948e-05,0.0714788961046197,0.00108474920999194,0.000206146521110426,0.000143516774322049,0.000380340489592897,-0.000103208857086117,0.00034836420078426,0.000117033808652694,-0.00113481891283462,-0.0039769165557897,-0.00217782035715183,6.22272064137912e-05,0.000554839073422498,0.00034783999093895,0.000136797490100848,3.77650666676706e-05,0.00056454666417698,0.000219881795635132,0.000542184099131792,-0.000127898150555899,0.00012470805071863,0.000318504212572056,4.3083709609995e-05,6.35895124759197e-05,7.22970712353019e-05,0.00131042095398694,0.000782290347419091,-0.000420393719715587,-0.00101137197257755,0.000820878417827378,0.00144656724750261,0.000495963577604722,0.00580779006754982,0.0322974857473715
"416.352",0,0,0,0,0,0,0,0,0,0,0,0,0,0,0,0,0,0,-0.0848202157500024,0.00329677307402689,0.000759725663165468,0.00135431746100356,0.000495915175677082,0.000639117787295125,0.000708275227794297,0.000768027825803342,-0.000234814022246259,-0.00333711565064324,-0.00238138047072608,0.000250059173168575,-4.30629745168441e-05,0.000615130438667724,0.000849259607929862,0.00103530866855885,0.000212795391381716,0.000604400753135164,0.00120387102062531,0.0010020988136578,0.000917708050685932,0.00084458110352805,0.000248130149739089,0.00156725565307989,0.000280973022508873,0.000286056245396109,0.00122769120326897,0.00181383378999291,0.00201466538406345,0.000711266730420648,0.00228856485809912,0.00402739594664224,0.00303716627819286,0.0101401526597293,0.0113181978997777
"420.954",0,0,0,0,0,0,0,0,0,0,0,0,0,0,0,0,0,0.000114052946781573,0.000639761662501428,0.000568406477869237,-0.000188275824992631,0.000588164856663818,0.0002971721628027,0.000212635627380056,-6.31561436315823e-05,-0.00026756878803742,-0.002046276218067,-0.00278695773153308,-0.000850071746810347,6.98881548639894e-05,-1.68417578434055e-05,0.000161792546580437,0.000155689157892867,0.000402981068992455,-0.000126638008723039,-6.6100992174252e-05,0.000181808207814159,-0.000201324346269067,-0.00060645349803563,0.000539862984071359,-8.94152197345575e-05,0.000982278704804613,0.000168301912457739,0.000455450824988432,0.000163179281067252,-0.000533449410574931,0.00104577190824605,-0.00156729897752684,0.000659679730303087,-0.00279518324678377,-0.00239865583349202,0.00397500913740357,0.00434825111796249
"425.56",0,0,0,0,0,0,0,0,0,0,0,0,0,0,0,0,0.186951247125608,0.00442522318071591,-0.000199896156343046,0.000737348998561617,8.4678009437269e-05,0.000420586578018588,0.000437863953554629,0.000585467963473202,9.92973767738716e-05,-0.00122378440578319,-0.0028013914327506,-0.00141923114967973,-5.94513980179457e-05,0.000463390667922197,0.00042475415344549,0.000249732418960435,0.000226943269668054,0.000111854992095457,0.00109313317582509,0.00052467349454825,0.000346181068643991,0.000220226790537464,0.000540326962037612,-0.000176520779693874,0.00121736653868962,-0.000502128816274841,0.000239892321154568,0.000120441456256181,0.000679650325774784,0.000835576704913726,0.000483253593712099,0.000136679913375618,0.000474451591366484,0.00351564968872851,0.00291864685205171,-0.00708608135597882,-0.00298690515243926
"430.168",0,0,0,0,0,0,0,0,0,0,0,0,0,0,0,0.102207424930912,0.00814547068679147,0.000643176674649714,0.000352351429279279,-0.000290303082647614,-6.8971813181776e-05,0.000345251697967885,-0.000268150767381654,-0.000313752081617712,-0.000469938786542088,-0.00246202074677683,-0.00201194095931493,-0.000297998502299395,-0.000459647287202033,-3.25095702525424e-05,3.27917626744633e-05,-0.000366818417174135,-0.000114264582972798,-0.000108452627206175,7.86390889469455e-05,-5.48700460959793e-05,0.000378786553695178,-0.000276167196163304,0.000259749352766732,-0.000264186327878121,7.4051403791004e-05,-0.000212916860996562,0.000279773225363797,-0.000385919830157291,-0.00117652746354681,-0.000677240636093393,0.00016905537325054,-0.00124000602757592,0.000508213438642333,-0.00257391180029813,8.98152369833232e-05,-0.00715532302184161,0.0144657130263739
"434.779",0,0,0,0,0,0,0,0,0,0,0,0,0,0,0.115615925933145,0.00933667599667573,8.46371091493057e-05,0.000632529464763588,-0.000566746304867954,-0.00027927770955473,0.000154514929735569,0.000143209363208697,-0.000143365081306935,3.07785361372721e-06,-0.0029481280580363,-0.00259144236186996,7.25966019347428e-05,0.000159871064589486,4.77456423664084e-08,-0.000254999214657472,0.000114197887132318,0.000277104376654557,8.32539142270724e-05,-0.00048596639053408,0.000139284155685263,-0.000347864215488486,-0.00012563879205177,-0.000357938837695478,-0.000107591098960253,-0.000505603327893859,-0.000589450795086403,-0.000929619317145492,-5.8580525946877e-05,-0.000284871799955999,-0.000489050546513512,-0.00125971083209143,-0.000305504713234076,-0.00227406328644884,0.00164635726577105,0.00221379890084344,0.00543316901683546,-0.00607509435267114,0.0166275468525143
"439.393",0,0,0,0,0,0,0,0,0,0,0,0,0,-0.130119231824299,0.0133707651013864,-8.82432534603048e-05,0.000454018792835589,0.000159551162179704,-0.000795900527171359,3.00568859191454e-05,-0.000109462754792121,-0.000428781644928439,-3.89320409893111e-05,-0.00149322185602702,-0.00248154814442798,-0.00105372243639221,7.65756314107056e-06,-7.41613164343849e-05,-0.000248440915173138,-0.000277896730477768,-0.000234726668195733,-0.000201879137620084,1.71958232370889e-05,-9.08782922965155e-05,3.48110015755146e-05,-0.000163292280123134,0.000413502379837784,-0.000121242001517773,-0.000589230215461622,-0.000388180407984857,0.000292904798406207,0.000132011384390192,-0.000174717281221921,0.000151076569418462,-0.00120497058590879,-0.00122930475469003,-0.00152160073475334,-0.00112949144584572,-0.000712515228217304,-0.00197263131048695,-0.00155845587346153,0.00120286341660252,-0.0224671036151621
"444.01",0,0,0,0,0,0,0,0,0,0,0,0,-0.114265485038644,-0.0251744973055625,0.000110826142410481,-4.75762791967325e-05,-0.000615151275568434,-0.000139628446336458,-0.000182407049543852,9.06882156954585e-05,-9.84925095897111e-05,-5.69014705032302e-05,-0.000678252833016776,-0.00222999871340345,-0.000945911864690323,-0.00031042254059896,-0.0002887440750386,8.22829372762932e-05,-0.000114632910739846,0.000582725614878421,0.000400246616584352,-0.000671385213784459,0.000412854644263311,0.000288666316400195,-0.000392846986612113,0.00047710829424681,0.000294711340321087,-0.000150508996339959,0.000339132621141294,-0.000169167606200014,-0.000313546862213353,0.00016957625209227,0.000763904937719485,-0.000165117604730989,0.000807301622279882,-4.55475333700024e-05,0.000191512267147106,0.00187224656524997,0.00149267031052662,0.00240474428042618,0.00407223290844585,-0.00646563314815215,0.00629223568662932
"448.63",0,0,0,0,0,0,0,0,0,0,0,0.0885717621645815,-0.229651051503972,-0.00369525575669205,0.000342810391886722,0.000154093558041186,-0.000195836299861015,-0.000248665568016661,-0.00030145905365854,0.000317831842727012,-0.000214764403634983,-0.000168369304659477,-0.00154426771436138,-0.00126648296594436,-0.000402870712274414,-0.000492432328018804,-0.000242810174315663,0.00012905346548175,-2.40839719707665e-05,-3.16292181428445e-05,-0.000109937358060138,0.000243530478708613,-0.000142525148878323,6.48881115317466e-05,4.20118326850145e-05,-1.75661837038943e-05,0.000205447632297544,0.000119029644420915,0.000665734470477016,9.99221144936237e-05,0.000343395613414211,6.4015851016327e-05,-0.000127264007802566,0.00100364536116625,-0.00033957678989223,-0.000450466117415619,-0.000510237256456644,-0.00122522429078682,0.000691945328126837,5.55565888673022e-05,-0.00142053176287555,0.00117316837951481,-0.0016726638752391
"453.253",0,0,0,0,0,0,0,0,0,0,0.134760377554911,0.0330009798199888,-0.00457224107152729,-0.00153265875968835,0.00070891886845795,0.000404135986189648,0.000346847658802101,0.000432953883910489,-4.66509567639897e-05,0.000235607990857642,9.12621359121244e-05,-0.000207422778872268,-0.00172745772628324,0.000208028871889953,-7.45469790330517e-05,0.00042954494485343,0.000591720432725052,0.000159373991124487,0.000397337413360994,0.000612446811881867,4.20507437160297e-09,0.000318354904466442,0.00020426132491905,0.000296228089884758,0.000439397588000741,0.000375683413819781,0.000783835606760484,0.000273602467500785,0.000195451950669906,0.000372957242153736,-0.000163808660708761,7.59962871377897e-05,0.00163642960706988,0.000416085579565136,-3.73821441357264e-05,0.000289483633306452,0.000319631487790424,0.00130674186791385,0.00221238267323229,0.00327722539554158,0.00684850101232873,0.000829095639253304,0.0272311308264604
"457.878",0,0,0,0,0,0,0,0,0,0.115523388260771,0.0301331825944527,-5.58225963810102e-05,-0.00271529866515537,-0.00160438547420069,9.90833492589602e-05,-3.79947708816134e-05,0.000287587835028888,-0.00045358738438851,-0.000525647664283502,0.000135659778918203,-0.000512584177813491,-0.00142992930884499,-0.000662201442421028,-0.000303752249979089,0.00012414338115386,0.000369249774070343,-0.000491122952334457,-3.93152946864616e-05,0.000212494752758041,0.00025657911016633,9.23242557183514e-05,0.000146064641000185,0.000318541978618714,0.00034844325022826,0.000418664185013769,0.000544976574556617,-0.000155207200321961,-0.000251208571149729,0.000448013748019226,8.71977564114812e-05,8.11837083910663e-05,3.76398872142112e-05,-0.000373828215678728,0.000285154377258631,0.000406374591353837,2.23825543414989e-05,0.000684390928642666,0.000252433750873519,-0.00258919310764995,0.00351963634918667,-0.00225980546725585,0.00164188996142485,0.00201369402125852
"462.506",0,0,0,0,0,0,0,0,0.0939182402219426,0.0353838317996455,0.00105899475348947,-0.000252739434370325,-0.00217355535102875,-0.00121668638539699,0.000461605832376201,0.00075665020361964,5.54538606982067e-05,5.84799650175248e-05,0.000146227137948235,0.000190343942032865,-0.000912100102616244,-0.00124494328976512,0.000105786528382552,-0.000181007867937516,-1.62952907011043e-05,0.00044574769576276,0.000133462257091288,0.000265863960131061,0.000109275233156687,2.32327251230403e-05,-5.33575713092635e-05,3.06147688186116e-05,0.000138926730658987,0.000447690561051163,8.15063237845858e-05,0.00041180041160058,-0.000244398974557766,0.000603872022027573,0.000525097703151769,-0.000150712422793157,-0.000160914392345839,9.94867213273656e-05,0.000164832175248268,-3.11310025082283e-05,0.000879102521793342,0.000109835620767674,0.000860720282298476,0.000313261670091112,0.00130372305912263,-0.000272490129497068,0.00172772605399895,0.00324225053215302,0.00197140203366165
"467.137",0,0,0,0,0,0,0,0.0563298027650004,0.0388820068912085,0.00134290267206808,0.000360966028002563,8.97557324311051e-05,-0.00134094681129899,-0.00088549582229101,0.000231525372387511,0.000584317645545621,0.000680440337922042,-0.000123249098273089,-0.000171806107875448,-0.000560801483555536,-0.000948140709455356,-0.000152980150439189,0.000378405174018197,7.69939887100767e-05,0.000202401897823371,-3.94305977559573e-05,-6.9861449205777e-05,-7.6900531830737e-06,-0.000154077921201935,0.000274225987598118,0.000602484698800155,0.000692328025298336,0.000228434622318584,0.000830238414940826,8.21480900555481e-06,0.000389747160446034,0.000554414378374145,-0.000179163929399287,5.01256886066369e-05,0.000797835038740414,0.0007831425676192,6.14002491711052e-05,-0.000203258507704906,-0.000232469642286586,0.00122980828392017,-0.000495589442291109,0.000773394605153009,0.0014219347730189,0.000117085224381185,0.00371581073976164,0.00127163112965742,0.00768417316555309,0.0243789710265611
"471.771",0,0,0,0,0,0,0.103134115948051,0.0431516383585791,0.00120954160764288,-2.80380843740661e-05,0.000245214150604856,-9.00902426783954e-05,-0.00146411697346145,-0.00106979079224008,-2.235584750233e-05,5.85623662264745e-05,-6.20948793358914e-05,-0.000710088385054679,-0.000744522134265157,-0.000417330840197728,-0.000881248917540203,0.000175276700823335,-0.000297393165231257,-0.00027083628841598,-3.20288626291173e-05,0.000499165473330966,-0.000146245571273715,-5.35527547878325e-05,-0.000198799111878858,0.000302175132836791,7.48609422148276e-06,-3.72517019004138e-05,0.000151159582612003,6.17868428757637e-05,-8.77086369818905e-05,-2.51651419743544e-05,0.000354959465859656,-9.50635644224636e-06,2.96986134738846e-05,-0.000316556443997033,2.25676952681586e-05,0.000255794690382419,-0.000605463337266933,0.000385001011883765,0.000340983011869431,-0.000342762667875653,0.000562275401339666,0.000490711565709659,-0.00270894484828733,-0.00112432650799188,0.00371537144537223,0.00285456966359284,-0.0239339806191253
"476.407",0,0,0,0,0,0.104314988403356,0.0425992016577574,0.00171750418970013,3.41147596958943e-05,0.000107343853278957,-5.67216040857325e-05,-0.000305410164559969,-0.00178513883215924,-0.000882420752430265,0.000110697262303512,-0.000431342467131778,1.54526276824929e-05,-0.000608868550931357,-0.00099171813388127,-0.000967774068444248,8.66893985934131e-05,0.000174808888437867,0.000287105210717683,4.2130354786461e-05,7.9654324311843e-06,7.79524533973863e-06,-0.000222201834089008,0.000236463961060134,-0.000555684304139506,0.000142895557368638,4.46279002640923e-05,-5.37922265746057e-08,-0.000255285937548676,0.000275814239696845,-0.000119114060272894,0.000242580659347923,-0.000203175480037593,0.000364351156049442,-9.85522641408583e-05,-1.05527531513659e-05,-0.000100921792261678,-7.27487955080141e-05,0.000642994670837504,2.23264171955295e-07,-3.5762515560236e-05,0.000938249580938458,-0.000152854906488,-0.000335964761988511,0.000500870496139296,-0.000371907254391753,-0.000422892558007188,0.00474728623658362,-0.0187418770025564
"481.047",0,0,0,0,0,0.0464793718026002,0.00189643128617891,0.000211853208288577,-8.20292254243604e-05,3.94517075457238e-05,-0.000443396584918408,-0.00051155622563208,-0.00142763195862173,-0.00074207596707919,-0.000565977534313711,0.00028362474439377,0.000192283404530473,-0.000410865068577234,-0.00110252634774888,-0.000668194829555852,-0.000257830532028787,-0.000766475628082642,-3.48230220884839e-05,9.23134538582921e-05,-0.000366032664365038,-0.000363403704890045,-3.05012204756622e-05,-0.000311157767589372,-9.09038863921241e-05,-0.000187065899066475,7.45147301182785e-06,-0.000236635450840009,-0.00016396083015089,-5.29568271775167e-05,0.000316151073947424,-8.13007573686943e-06,2.65129890849218e-05,-0.000288222771615104,-0.000470542027842269,0.000376730953363732,0.000301353543421677,-0.000313754200818796,-0.000293296960114058,6.11719717409491e-05,-0.00124474290445326,0.000212564752540313,0.000153200908210182,0.000486312563396678,-0.000805195143096437,-0.0012226455016657,-0.00485963235560685,-0.00286182130759122,-0.0577331096804507
"485.688",0,0,0,0,0.0555051445886384,0.00364809818478889,0.000432864672768307,0.00020769207438589,3.87773954036824e-05,0.000303883111528778,0.000487341552490551,-0.000349050141166444,-0.000598192493618568,3.03210803371069e-05,0.000559430704808153,4.33569076760925e-05,0.000192602071583819,-0.000986458234408221,8.8073594260385e-05,-0.00020713696053162,0.000259498267237116,0.000409943712786791,0.000884995098537675,0.000445485152493106,0.000629692404530365,0.00052654825425346,0.000129845713504472,-0.000190081283887225,0.000273252295906084,0.000667395178911645,0.000341235659498114,0.000289147071479467,0.000291933285045567,0.000374614312851415,0.000554209531331654,0.000600633122590918,0.000783780742839131,0.000260799156600406,0.000540206346085686,0.00048183976462924,0.000872023521163678,0.00055614812879397,0.000935180662161092,-0.000443059265457394,0.00105094459178385,0.00178560745747901,0.0012683921144911,0.00401871990220935,0.00280509652617694,0.00158851370624338,0.00225546027273964,-0.0092213208727875,-0.0683569189534373
"490.333",0,0,0,0.0576859404595456,0.00374761843224886,0.000150266565491491,0.00016306412804788,0.000121397264837467,0.000145452906300623,0.00052409547464088,0.000243899347418894,0.000215240142628926,-0.000692619463699841,-0.00053930418641193,-0.000287652862788545,-0.000242498086128036,-0.000601841053428347,-0.000201316603816913,2.65031037896065e-05,-0.00109121479352235,-0.00037053860689735,1.74121336316979e-05,0.000747299184407048,-0.000185167183442349,-0.000199528608660976,0.000364481139205286,7.65162477698718e-05,-0.000144578976836289,-0.000243222135114385,0.000172677161815809,0.000215452373383287,0.000237480863247165,0.000239996760416647,0.00032883568927322,-0.000174337507493559,0.000676675055669613,0.000573284198681396,-0.000288888204092937,8.85654378808623e-05,0.00066084168776316,0.000414265432499329,0.000423737666737675,-0.000561802216847412,-0.00131644272942016,0.000374496998377087,-0.000212133510152192,-2.5147519215045e-05,0.000152503082856533,-0.000230196262445467,0.00366257902501256,0.00326369737332531,-0.030434283138606,-0.0215616938556031
"494.979",0,0,0.0638563813809836,0.00392317302184686,-0.000120004387325044,-3.1959442873959e-05,-3.87082140741397e-05,-1.70899097146894e-05,-0.000266381063366181,-0.000501064030486881,-0.000219274682474943,-0.00044599061613697,-0.00079355233402051,-0.000577100119522729,-0.000169959944995943,-0.000448785937588018,8.48165933335782e-05,-0.000981115956708074,-0.000685520533194221,0.000366387669844147,-0.000379938423728242,-3.4947012401564e-05,-0.000147695868527392,-0.000412228301782575,0.000127647245117493,-0.000279128033650187,-0.000191276610199125,-0.000106470207083599,-0.000395107620937193,-3.00252390444616e-05,-0.000490112877330129,-0.000222499813535983,-0.000366710678145033,-9.15003273762675e-05,-0.000237700071394225,0.000108802010033032,-0.00049358849583582,-0.000158396594026664,0.000422864690566345,0.000346230337912132,-0.000134283983841549,-0.000592995538010189,0.000414718385453957,-0.000412465631289166,-0.00117678608836611,0.000341194702963487,-0.00172512441047386,0.000213799495982976,-0.00134536473289613,-0.00196984285126542,-0.0139589316235339,-0.0502577248528571,-0.0288699253286398
"499.629",0,0.0628496325303711,0.00513419841307416,0.00032675210189946,-0.000260717653815555,0.000698995306620099,0.000156783436169162,0.000124915403455182,-0.000279563558686796,5.05154867765968e-05,6.83002993519776e-05,-0.000199789805859609,-7.73121566484033e-05,-0.00036274434425228,0.000189343931740809,-4.82335383389654e-05,-0.000337742991245104,-4.02102698736099e-05,0.000230299988854508,0.000336747091664235,1.85862408107211e-05,3.4784766346719e-05,0.000155630602425068,0.000251248554818698,0.000333462219957991,0.000347139325185287,0.000312003128618584,-0.000295551797137577,0.000378075724393956,0.000112021923529341,0.000169985969556958,0.000531711591134411,-0.000298693938410404,0.0002359180424451,-0.000118315918968325,-7.50369056902234e-05,0.000263198110148197,0.00015776275779318,-2.92315533585413e-05,0.000145989808155262,0.000155948377972334,0.000385430132804052,9.31500520910294e-05,-0.000593727120342416,0.000283935352856862,0.0014194999929586,-0.000808497582849814,6.10393848915407e-05,0.00118748775872834,0.0012087685209429,-0.0236685209129334,-0.0327675955096359,-0.0240162457616987
"504.281",0.0716739186802755,0.0058849877742695,-0.000399751578150412,-0.000253142834557299,-0.000296307155655889,-3.84609882677782e-05,-0.000239353561213263,3.47026600962204e-05,4.87396762431451e-06,-8.40738007053783e-05,-0.000218357178764724,-0.000407215587401147,-0.000968717631776377,-0.000862451721034918,0.00033540939443194,-0.000402925914445856,-0.000261246320684904,4.86119953019028e-05,-0.000399097961949301,-0.000252918644461384,-8.9969438777627e-06,-0.000522043811448215,-0.000458761204964153,-0.000728933510241623,-0.000198666194852703,0.000169813704477602,-0.000243808456008304,-0.000242610175475925,-0.000158936253247688,4.50827564162528e-05,-5.17479690405082e-05,0.000140575939276614,0.000224473986633348,3.84472997588397e-05,-0.00018943407002247,0.000440929805213296,-0.000140296779973842,-0.00013949588973076,-0.000205490596948178,-0.000208378387705407,-0.000211758999709674,-0.000144592197154376,-0.000745761078537059,-0.000304267580277529,-0.000284034276972359,-0.00105903595301458,-0.00237622237255207,0.000213548284559872,-0.000266851222845274,-0.00255824387578908,-0.0333564642387281,-0.0124256776531083,-0.0147517517020321
"508.936",0.00841674026659403,8.63181149712614e-05,0.000346081905530079,0.000138337156981513,0.000316296201011607,0.000373974473160257,-0.000121144877728303,-6.40921833176732e-05,-4.31774777561502e-05,0.000111721498856728,-1.12672925942428e-07,0.000110127865867139,-0.000538436029476328,-0.000542131281922898,-0.000170119576873717,-1.0413894975924e-06,7.64411375844041e-05,-0.000249196530252907,0.000317580868434039,-4.66799782582267e-05,-0.000256743954316224,0.000181719960492037,0.000180790463096626,-7.49824773248115e-05,-0.000332075100219922,0.000653003790194339,-0.000166770887957087,0.000309377540349154,-0.000474412801952386,0.000312613433188112,3.68309190160014e-05,0.000250034869484543,4.492999701869e-05,0.000257822477199115,-0.000384890003946229,6.64016639739457e-05,0.000200999217259327,0.000194517444754925,0.000321637136609771,0.000332519752383127,0.00018858334003092,1.86435639696518e-08,-0.000212067771922512,-0.000136224288873855,-0.000901159816906304,0.000570580222324412,-0.000703135349406549,0.000272710941067253,-0.000684781241942294,-0.0102002645766273,-0.0150380950059213,-0.0034794914342672,-0.00659772072083575
"513.593",-0.00011696396374614,0.000370920431635861,-0.000128896176279558,0.000242597638334262,-9.76390028477997e-05,0.00051261296139682,0.000257010046156729,9.38124553296488e-05,-2.38164829122456e-05,1.11655537729298e-05,2.44107706300242e-05,-0.000249775030692258,-0.000110525788320145,-0.000613880301656867,-8.08660019936663e-05,-5.05917612950786e-05,-0.000182395057668857,-0.000279710922352559,-0.000201765687378843,-0.000240866337563365,-0.000593206274846541,-0.000499094466273947,-0.000282549276562189,-7.46043885274036e-05,-5.49150834255606e-05,0.000290189633643928,-0.000309022721106095,-0.000172546976179173,0.000112317091886828,-2.21171110185795e-05,-0.000234138224769714,-0.000131450497656814,-0.000332004726291638,-0.000165289884020344,0.000124943603776615,0.000172918468478933,0.000113093503324151,-1.82770421469513e-05,9.69820270987811e-05,-0.000237095630982722,1.10267475819674e-05,-0.000453131982409037,-0.000856274162016337,-2.9630785475647e-05,-0.000421284787546631,-0.000376523394617979,0.000853472931941374,-0.000899691113787461,-0.004537611343433,-0.0198957702664558,-0.0087111468248238,-0.00158417677376101,0.00339594485830962
"518.252",-0.000137651266939745,0.000302796795425128,3.42561759887565e-05,0.000193021742734952,4.87268999104422e-05,-0.000108205538333688,-0.000202140684252129,-2.54013518300838e-05,9.4956125447693e-06,-7.73274034771229e-05,0.000165470994457821,1.21776906841838e-05,0.000373344064957381,-0.00110204355198455,0.00016596122978379,-3.58544723023762e-05,0.000816704210848492,-0.000294292373499437,-0.000113451154647022,0.000239641891914639,0.000135801852809334,-1.70753326130161e-05,0.000604740806744923,9.89213509768793e-05,0.000563177014352359,-4.55514930241307e-05,-0.00027740960763099,-7.47192981154042e-05,0.000581050494642716,-0.000198788661938953,0.000349485379239571,0.000145326690357327,-0.000352873845601634,-8.89862433913873e-08,0.000559382276962852,0.000450239910032663,0.000146787803007423,5.46315420849313e-05,0.000539617851806501,0.00022582620688443,-0.00020849015383675,0.00111537606521084,0.000419454054930818,-0.000674810800635486,-5.24958573364139e-05,0.0019211956883716,-0.000171852575538047,0.00176375918424266,-0.00588149547304825,-0.017876731863268,0.00187031957783916,-0.00263293991498305,0.00450141454028267
"522.914",0.000494926682701443,-0.0003854905584666,8.57796290070444e-06,0.000231940175917031,-0.000124178566598822,0.000298039041696236,0.000263508053241896,0.000333037659204387,-8.96928970621697e-05,-0.000214005531836815,0.000133148597073809,-5.59679913975167e-05,-0.000471304853838762,5.17214138736548e-05,-7.26636486475876e-06,0.00022746322076169,-6.01441303759202e-05,-0.000450728238873907,-6.94449452878444e-05,-0.00010088600023504,-0.00018068629672101,9.3602685422603e-05,-4.23620131115518e-05,3.28802360083088e-05,0.000303358623875897,-1.51737136313658e-05,2.22896081099729e-05,-6.66899139330456e-05,0.000318474537162213,0.000161085655508367,-2.1714758199054e-05,0.000310997155196712,-0.00059107418418552,0.000365252100224478,0.000332178193060071,-0.000105620689307274,6.88570393037718e-05,-0.000236326219202592,9.71051842840233e-06,0.000163613419449123,-0.000305454518447224,0.000141576230797335,-0.00028657626385012,0.000253720466688455,0.000400037369975742,-0.000142465478280627,-0.000566491545478152,-0.00234021395934574,-0.0187490338690724,-0.0108886426355244,-0.00213487862893809,0.00630289569605037,-0.00775534925093632
"527.579",0.000863336777203507,0.00057365872460065,0.00107169082214483,-6.39066023367595e-05,8.98779112629221e-05,0.000158438869408142,0.000205926582851836,0.000134893319787965,0.000278590286874672,0.000395436266555095,-0.000130946494886395,-3.57819719387243e-05,-0.000133247824085075,0.00018498311587613,0.000294449372146396,0.000220416564185339,0.000669037975413449,-0.000110665933386786,8.67415172914758e-05,-0.000256527341580226,-0.000153548363068981,0.00028934813660865,-0.000177836497612169,0.00048386327097136,0.00020229713152512,7.55618724815902e-05,0.000238522259437751,0.000474891807694329,0.000703521236836595,0.000146386929149112,0.000253351259373544,0.000253095921456821,-0.000101991849764535,0.000499103142428182,-3.08450848151512e-05,0.000179046111745513,-0.000206123858202046,0.000209257753094992,0.000795316419763768,0.000214354845898742,0.000774510834007788,0.00152165232264877,0.000690821388753012,0.000417795719810528,0.000486820955919984,0.000687562892013689,0.000695760952927633,-0.00501954709283731,-0.0115548374816041,0.00157584002315501,0.00588572547980944,0.00290758470683858,0.0031557550471069
"532.245",-0.000589872899545429,-0.000150426606353381,8.58571830122576e-06,0.000272025089917748,-6.69385416919588e-06,0.000158725633948383,-0.000157791809719806,-8.30394312806499e-06,4.73133552714854e-05,-5.95448342589748e-05,1.95732113719375e-05,0.000139990431753488,-0.00051518086397573,-8.88773203554624e-05,7.90175971458108e-05,3.55335394515064e-05,-0.000361046543571394,-0.000443046532092186,0.00019097858945672,-0.00052258637043085,-0.00049662542522366,-0.00055360666740411,-0.000220214783563939,-0.000172137473778127,-0.000342225316467996,-0.000310029777010664,-0.000589244191908213,-0.000452630207342361,-6.66796856543685e-05,0.000417350080778755,-0.000412789558613628,0.000180995513593933,6.58916302523579e-05,-0.000223444646402849,-0.000162179298012645,-0.000284891559763583,0.000206589309684123,0.000146070040794312,9.61004873807074e-05,-0.000398061386393349,-0.000545641128674085,-0.000460262641314819,-0.000208446818841673,-1.4099714789567e-05,-0.00066001890479189,-0.000266177620412251,-0.00124545346378328,-0.0140010264888301,-0.00694414746612543,-0.00296117587917385,-0.000825947824341225,-0.0043873084321838,0.00239546748391559
"536.915",0.000201871669140936,0.000142389960692567,0.000566437861008045,0.000298510075663768,0.000160400424507985,0.000185517543186617,-3.36964458266991e-05,-3.37970249053664e-05,-9.31168391521756e-06,0.000422608073652857,-0.000373920102676464,2.73650478778745e-05,0.000482648433918579,-0.000179221412912108,0.000500037457808191,0.000272622558663688,3.79249696578971e-05,0.000303231258599935,7.87698108513794e-05,0.000258912895348252,-0.000382600415227509,0.000412210866756855,-8.59560530380848e-06,0.000281383886368533,0.000549301392194031,3.04680899687439e-05,0.00022559033289844,9.7350452028305e-05,0.000620194682841042,0.000103395704985895,9.49549284127808e-05,0.000612928931417271,-0.000139916094432685,0.000458685412154596,7.01987941189871e-05,-0.000114857625507619,0.000156153357822784,0.000174647861124549,0.000512495585574206,0.000319985953598849,0.000121088239808521,-0.00024990138792531,0.000407704299481458,0.000316813754380026,0.000228751243965975,0.00136424395075656,-0.0018361386927321,-0.00953260773267417,0.000119381938148692,0.000465235302086586,0.00419996492080942,-0.000566555190912199,-0.0238031772141539
"541.586",-0.000837972988342083,-0.000278170651092601,-0.000633563313084094,-0.000375232920739432,-0.000296016827002345,-0.000155146478646446,-0.000322206342975701,-4.25510723257323e-05,7.28596927916511e-05,4.14026666896578e-05,-0.000724460988708605,-0.000517652864730845,-0.000409988710099597,-0.000573958952193656,-4.40428120327063e-05,-0.000493436593725682,-0.000629038164865226,-0.000645505426006506,-0.000478118426152034,-0.000448806211481227,-0.000727962980818829,-0.000529854858437552,-0.000587511716358776,-0.000443468413637501,8.73041422904782e-05,-0.0003700089790871,-0.000114156766385983,-3.0215140656875e-05,-0.000770833788415219,-0.000470359010590336,-0.000236356324880094,-0.000272952442715455,-0.00051438749671496,-0.000121482061474057,-0.000260070250302935,-0.000166111210302513,-9.63408104558744e-05,-0.000723524575507243,-0.000371593818120977,-0.000291673359919229,-0.000422934604753359,-0.00031292507721776,-0.000279098097990137,-0.000713432590960593,-0.000885800698406902,-0.00180799250479386,-0.00949799154308872,-0.00481932417104321,-0.00164379943784825,-0.00380917951757184,-0.00361212437264702,-0.00813127164053345,-0.00468867226461949
"546.26",0.000551491176419963,0.000115883691991002,0.000139781938030526,-7.3879292401436e-05,9.94127652305906e-05,0.000201713571464696,0.000236477695816906,-2.03190710199954e-05,-5.72270986287562e-05,-0.000229452243733846,3.68926189639066e-05,-0.000476117666095242,2.34276434069693e-05,-1.52044077470856e-05,0.000442611908077707,0.000204521838653684,0.000216177099164169,-0.000194889459868151,-0.000231677279918111,0.000479964272486076,0.000185501024653311,0.000305926400530958,-0.000173827325920963,-9.26187235756387e-05,0.000111750921733015,-0.000170760964607731,0.000114864561688747,0.000571266702271277,-1.45171587968287e-09,0.000187793098050553,0.00020069197125938,0.000504884779394694,0.00020259052852398,-7.9299896281408e-06,0.00023798353451161,2.50371963560951e-05,0.000150066113670673,0.000457637914357325,-0.000511721128785692,-2.10993846195366e-05,0.000179261724502669,-0.000230125968181022,0.000334956103276585,-0.000273664625284665,0.00135737117479053,2.86411313619173e-05,-0.00726086302223142,0.00195879281837215,0.000693411033341195,0.00122135855258697,-0.00499731405377817,-0.00656106563449339,0.0143721403266629
"550.936",0.000838899274819969,6.81737902065382e-05,5.98948012414647e-08,0.000537783957127742,7.87364801022484e-05,0.000295247369244948,0.000244868528356274,0.000103159079295851,4.98366738144723e-05,0.00011429727304297,0.000157485880630179,0.000898670503291372,-0.000156865531894342,-0.000137839880250874,0.000133769576123798,0.000183911050405782,0.00047449520973405,-0.000482720813919814,0.000188518444136099,4.7251156025694e-05,0.000196622019779916,0.000413819084892643,-5.2544785501636e-05,0.000356459144875308,0.000547247693158213,0.000492466882266285,0.000316201841928282,0.000184356017915433,0.000298859810155831,0.000764620425616784,9.73897819686338e-05,0.000314274591213737,0.000370390738590582,0.000208505459733134,0.000391631953928691,0.000101164284472959,0.000293531115039446,0.000508649371386024,0.000386817336039484,0.00032781035444334,0.000688586019935914,3.66844187446863e-05,0.00109285696368418,0.000681463343101025,0.0012975037644927,-0.00231266370445521,-0.00112383845656534,0.000984701908769578,0.00124182471042407,-0.000705824430853525,-0.00242954228122249,-0.00418157778456398,0.0160314546598455
"555.615",1.09468725763955e-05,-0.000272811366389743,-0.000149797734253529,0.000190537730786212,-9.30162393719042e-05,-0.000465327580783443,-0.000178449312550385,-0.000223399150361814,-0.000160938746077355,-0.000306972548743961,-0.000120295501581295,-4.1133762049785e-08,9.44046295627606e-05,-0.000276082745383845,-0.000513588816274009,-0.000331583146048034,9.54321492029021e-11,-0.000753849415322164,-0.000323670380080669,0.000332306493304235,-0.000467924181702818,1.76487287971447e-05,-0.000526417386313629,-7.64471500956222e-05,-0.000257905836887954,-0.000485379343382358,-0.000231761129412529,0.000299890565117143,-0.000168829214959926,0.000219840205621274,0.000142506050622815,-7.49067702631224e-05,0.000174346837192017,3.86858145426801e-05,-0.000328201250778224,-0.00035416077059187,3.56407415017642e-05,0.000226437205628801,-6.94443977013688e-05,-0.00035942309547519,-0.000271275905604452,0.000611256166743473,0.000176191426047809,-0.000523079391313831,-0.000703547202274828,-0.00392635946428907,-0.00341046575820702,-0.00141522049461702,-0.00108705786010525,-0.00227619093644155,-0.00649831917597054,-0.00575098341572996,0.000423980068938753
"560.296",-0.000339666011848076,0.000127247942901931,-0.000106219924307215,-0.000415999055600179,0.000179894709061248,-3.74621063516556e-05,-0.000241519581157612,-8.4977207822602e-05,-0.000132511315740445,-0.000256964752585669,-0.000399963481191009,0.000120594253776132,-0.000331637231576501,-0.00030807648795932,-0.000373766844474171,0.000296009903863388,-0.000297293630127292,-0.000460837124281978,-0.000984224493148767,-3.81744958333433e-05,0.000150317493720068,-0.000203709052105239,-8.81544978206335e-05,-0.000281647702870693,-0.000105175514110557,-0.000228073982807035,0.000124070181782421,2.31090366599947e-05,-0.000107904389741574,3.80458885043748e-05,-0.000429372970956747,-0.000120389741302199,-0.000106459986909526,-0.000263491543641279,-0.00030547157184788,0.000101803354958389,-0.000107293566535407,5.69065022333615e-05,0.000339077040236654,0.000181004671591071,-0.000340531753456518,-0.000859207034018856,-0.000243437685891956,9.89411449511994e-05,-0.00238388953308295,-0.00278365761049169,-0.000253541757353717,-0.000401230964494784,-0.00257398244300162,-0.00267828081475529,-0.00633491132508965,-0.0072196650139973,-0.0157962859137428
"564.979",-0.000165818002914046,-0.000315926093130378,-7.1427453484413e-05,-0.000226600883677489,-0.000427454729543263,-0.000308889154643758,-0.000254118788263976,-0.000224582128470346,-0.000267707659975087,-0.000195910784901352,-0.000659799118731146,-0.000334594661118406,-0.00026284373485245,-0.000373048158271719,-0.00025645550627084,-8.21775900593348e-05,-0.000528931025449403,-0.00106288757245046,-0.000391802732466737,-0.000490731466320554,-8.52766539773593e-05,-0.000294965415958141,-0.000311246300315319,0.000258366050134088,-0.000310191385540098,-0.000563334356586522,-0.000383575881206793,-0.000592041887979468,0.000233319741418413,8.45469276445888e-05,-0.000630890378921982,-0.000402304334163291,-0.000283785433121627,-0.000336397243115275,-0.000113544354764976,-0.000153611948377854,-0.000514265263852332,-3.81477248340266e-05,-0.000311768194358397,-0.000450047539861084,-0.000274804822600371,0.000272719718984066,-0.000464598354939606,-0.00055768861424485,-0.00378372853339934,-0.000993435410134462,-0.000128091887383951,-0.00280676868257583,-0.000981462289470639,-0.00776850876184132,-0.000871003134490877,-0.00211600227324846,-0.0218826301998302
"569.664",0.000300736016393567,-0.000109374940411624,-0.000251862733393436,0.000321604145502521,0.000622747325023326,0.000185588123836351,4.94393569907027e-05,0.000160786904872758,-3.49109279876018e-05,0.000336839248967617,8.38442709468972e-05,0.000321614598873076,0.000321062381482747,0.000414910068248654,-2.28029943535751e-05,-7.5259028071472e-05,0.000326039722209602,-0.000225828962950891,-0.000651645010981333,0.000300374273194905,0.000659323003098439,0.000161994856044339,4.47906550115813e-05,-0.000381648841827994,0.000436034212221185,0.000487469347483976,0.000220732843500232,0.000306175634865718,7.83448082574408e-05,-3.86886368240875e-05,0.000145495760907027,6.9027490234543e-05,0.000178085326727718,-0.000252023220063452,0.000114464630705525,-7.7353466538444e-05,0.00071824125005064,-9.57752692674127e-05,0.000466345216493779,-0.000172571985193803,0.000277074097361982,0.000574210091739658,0.000525514414124614,-0.00113856719832027,-0.00125462847903215,0.00105777692399582,-0.000939354472887735,-9.35893743410111e-05,-0.00043065262219381,-0.00447189647039572,0.000862573206493507,-0.000167125368313484,0.00316478264818753
"574.351",0.000370648567368241,-0.000180570539001325,0.000517339166007561,0.000213857756358337,0.000260387313752156,0.000632075628133062,0.00013403329905499,0.000206888560755603,8.06358859956157e-05,0.000304561544432725,0.000136600005463111,-0.000162212283569526,0.000332021523654496,0.000284240308914128,-5.3656153587899e-05,-7.62792772275264e-06,0.000561422322500978,-5.05957420089343e-05,5.55132637623267e-05,-0.0001369020939795,0.000241106217698632,0.000308713081874384,0.000514806993847294,0.000244986600490582,-3.32630557694499e-05,0.000104799266234549,0.000302149171947082,0.000221627894778087,0.000276538309429242,0.000546430174079136,0.000270299632901947,0.000470791254586535,0.000412922334239195,0.000302193300301281,-5.76844519719427e-05,0.000321378161315586,-0.000100773901990387,7.7830821761802e-05,0.000552109443893627,0.000142204541606998,3.515151723998e-05,0.000944125097698707,0.000384684829031947,-0.0016012866605799,0.00127061734693577,0.00113097917500148,0.00126905865538364,-0.000727390837592806,-0.00275173719124699,-0.00139618655006099,-0.00244825248675851,0.00344730086245475,0.01572838894427
"579.04",0.000238041971841358,3.04812263800054e-05,5.51932454415573e-05,0.000156103614428491,0.000225543928569054,-9.41517843387222e-05,0.000201487966612283,-0.000199409243964927,-1.01374018103595e-05,-0.00011811556025783,0.000249421198857264,-0.000350860401345213,-0.000579755800979327,-0.000414278221443244,6.95450242891408e-05,-1.53344129203368e-05,-0.00045318128947722,-0.000263844917105467,4.66698629014954e-05,0.000207008876757431,-0.00031058727045248,-9.22967675472672e-06,-0.000519624643123882,-4.39493959994019e-05,3.36233273532637e-05,-0.000105798602712581,0.000288810084792892,-0.000303408633885179,-0.000127550294091759,-0.000173111149149964,-0.000327210361964653,-0.000100980822878239,-0.000180123515489733,-4.78149551883846e-05,1.68433302469584e-05,0.000245444429856573,0.000148150013165883,-0.000302603432608309,-0.000463933703821466,-0.000130861839705124,-0.000281516001887591,0.000406756902439757,-0.000845308198132041,-0.00223272597105946,1.32080479222328e-06,-0.00075746310996838,-0.00170282699324228,-0.00357766187239292,-0.0038666710945151,-0.00262520930038317,-0.000354999502844962,-0.00516117250991157,-0.0237209982704603
"583.732",-0.000262340142719584,-0.000183200333565263,0.000138732730875671,-0.000639651966252424,-0.000200811241875304,-0.000136930066934612,-0.000103602591169982,-0.000118651968249266,-3.06941716500248e-05,-4.15895765836065e-05,0.000132157711197475,-0.0005019389036793,-0.000838414658512467,-0.000881956547866775,0.000217918558904818,-0.000500739417776273,-0.000114021712995804,-0.000479730549534988,-0.000695573717600655,-0.000923103101824302,-0.00071400518964116,0.000193586951672236,-0.000531975415071646,8.89873205713101e-06,-0.000168574021605918,-0.000327373997186167,-8.02736069924654e-06,-9.6565032343013e-05,-0.000160463650817648,-0.000467674229981587,0.000164670823386594,-0.000164575762942757,-0.000293047321388735,-0.000492619271375952,-0.000778322069292793,-0.000396672394414447,-0.000754131945671612,-0.000246159356296265,-0.00042564615319523,-0.000740556704850366,-0.000578835498117888,-0.000726187235490321,-0.000996852507388041,-0.000443237496550695,-0.000941123452878743,-0.000830070935223754,-0.000641624959391796,-0.00202178337420788,-0.00186399383485969,-0.00347813669518051,-0.00966056008849288,-0.00249336593433049,-0.0278783952815679
"588.426",-0.00056174673865775,-0.000706040044550656,-0.000925435410470095,-0.000538840018266951,-0.00026294871731575,0.000152042939142212,-0.000416739136483098,-4.58111309070507e-05,-0.000185091353630392,-0.000245046557461623,6.64595285331294e-05,-0.000417860364239153,-0.000247719115265226,9.67095217587637e-05,0.000156424672148374,-0.000209121848327599,0.000147353509733323,-0.000232479029136645,0.000122829853861865,-0.000109785143238039,-0.000835797673690282,-0.000278075844536262,-0.000525586368045273,-7.14053742740289e-05,-0.000236946938316368,5.75460263140382e-05,-0.000608741058887274,-0.000412055302438235,-0.00026613093071738,-0.000462002123996823,-0.000331047713648642,-0.000645599962085687,-0.000150813686404625,-0.000372997662333749,-0.000370052506197538,0.000248116229870061,0.00010309747920828,-6.9154586030239e-05,0.000156819324265818,-0.000409627996559515,1.22666964338905e-05,-0.00081515056468779,-0.000145927725680006,-0.00046766339255734,-0.00179741346137295,-0.000744348443232861,-0.00295826622602732,-0.00436016138782629,-0.00150884035662508,-0.00563943555975466,-0.00213790456058273,-0.00453451973690462,-0.00413586523298335
"593.121",0.000219121163980409,-0.000132820596264846,0.000596580466661406,-3.45522271874951e-05,0.000536976938495742,0.000166737874598146,0.000162656948245655,0.000212178837783204,0.000366933183031631,3.00332823174372e-05,4.66971427500125e-05,-6.34827853846646e-05,-0.000116040761302774,0.000388758779334499,0.000550248825858705,-2.34783876687778e-05,9.87265192991605e-05,-8.64949192061817e-05,-0.000208928398517474,0.000110198904236533,0.000109106019314859,-6.53048268643355e-05,-1.86255531559347e-05,0.000179574938516875,0.000161715142069909,0.000694481658007907,-0.000187692105203089,-0.000137936579427965,7.29500888678289e-05,0.000248341294452381,1.58444315229623e-05,2.39039913266299e-05,0.000184330792339774,1.67168372732954e-05,8.50767852899318e-06,0.00038333279721736,0.00051757350076055,0.000239530511202611,0.000640208918600429,0.000460529262974097,0.000682531857469236,-0.000195881720924981,-1.96590129228208e-05,0.00026282981470591,0.00106578925089897,0.000864876940325754,1.5327115036684e-05,-0.00171780634600768,-0.000860710219776162,0.00249077968974954,0.00223234077418917,0.00791471766261722,0.0136730206309976
"597.819",-0.000614032730112677,-0.000278361860445363,-0.000139986193737428,-0.000149538012727775,-0.000524809028651177,-0.000216206123072919,0.000168791375747952,-0.000357255992520714,0.000129976428155848,-0.000362617709546457,-0.000382844849092609,-0.000247135728234748,-0.000317488964483023,-0.00068446138400663,7.91377386927827e-06,-0.000328870570508984,-0.000273142443713956,-0.0011927822880061,-0.000840651735629163,-0.000121107243944663,-0.000228545784439454,-0.000365511427497258,-5.59197906088636e-05,-0.000325118779935306,-0.000273997422949648,-0.000657265698205137,-0.000270842283770573,0.000155158900669033,0.000407691998856346,-0.000418885053803378,0.000111571342521656,-0.000581139390673277,-0.000313717314974212,-0.000295165582474312,0.000195645243630988,-0.000232972052513326,-0.000245914139411562,-0.000440052242276997,-0.000389622832900719,3.59567102700986e-05,-1.66346454194485e-05,0.000385279779136716,-0.000788162621277338,-0.000738044707796819,-0.000382372312252161,-0.000932807455324254,-0.00368625268945278,-0.00153462012862852,-0.000949367918439011,-0.00119869241023439,-0.00189442542752378,-0.00762644989239571,-0.0229356478784509
"602.519",-0.000513571598392541,-0.000969604691545802,-0.000811548660165974,-0.000922614845834752,-0.000881522362863947,-0.000499194861339623,-0.000499293499413966,-0.000130921985096077,-0.000471566472175457,-0.000554262692174096,-0.000311352703819703,-0.000546301296110956,-0.00111984716341226,-0.00100190667387453,-0.000270992495816432,-0.000875852326391583,-0.000859227561812276,-0.00106174338666198,-0.000471778810070706,-0.00090481772016801,-0.000751488835742241,-0.00057611508655544,-0.000610700034584432,-0.000518587204019655,-0.000681614878074528,-0.0013498866617186,-0.000661763963330189,-0.000609272675196247,-0.000649220337762392,-0.000868618114168028,-0.000626497741031976,-0.000457405833192797,-0.00118324667510363,-0.00048787670553645,-0.000274278174880848,-0.000451630781675603,-0.0011442054663342,-0.000331636502761699,-0.000381872088157716,-0.000839925572470751,-0.00210556502064559,-0.000965101970607458,-0.000346752296029377,-0.00135629468894732,-0.00181244616611484,-0.00365164151710507,-0.00426503862989514,-0.00194401179360749,-0.00174731956668163,-0.00115018102505078,-0.00463174533992152,-0.0140243865449368,-0.0218432282975247
"607.221",-9.38029225400335e-05,-0.000557667974488948,-0.00010470825564169,-8.05274680565974e-05,0.000100578535447128,0.000219995805658291,-0.000128605051882215,-9.39315027858951e-06,0.000227346230248035,0.000122928487120904,0.000150186541255544,0.000186538752194935,5.96533437609554e-05,-0.000174021966528709,0.000152780317876175,0.000159239327308208,0.00058921110905778,-0.00018591842781871,0.000106835465881023,0.0010771668809458,0.000212726397366943,0.000428827915387627,7.58140425078189e-05,0.000183658253323162,-0.000156690037777077,-0.000143845075225032,0.000141820160875402,-0.000282269941446978,0.000223891635172577,0.000409559392636186,0.00049438027156317,-0.000283206722879271,0.000400965303422378,0.000342473896797185,-0.000267959223188286,-7.26899082942943e-05,-0.000307595777731917,0.000419328887616682,0.000344218335859344,0.000155901521388585,0.000866436788524105,-0.000567420429664759,0.000175429481789497,6.79016160751178e-05,-0.000407927180980675,-0.000494676255834181,-0.00278597124750843,0.000466095134801685,0.000125756583409566,0.00179748118505134,0.00732657933752395,0.00637982787743159,0.00334536053299964
"611.924",0.000452562681404746,9.57543979104575e-05,0.000269185334927646,-9.93854517856255e-05,-7.80899067457397e-05,0.000114631059147757,-2.15441390368767e-05,1.42500281216823e-05,-0.00010673826803957,-0.0003164369684803,-0.000193043075981859,0.000171796848873006,3.43890459700164e-05,-0.000435040540511092,-0.000324773389348212,-0.000168888357246701,-6.79856790558092e-05,-0.000411202546377758,-0.000166724582782544,0.000176048607282712,-0.000183434567098067,-0.000683094023089586,-0.000239255744629159,2.7799377763847e-05,3.51753106163281e-05,-8.54806473772011e-06,-0.000151643127322736,-0.00017618462496816,5.02509261974833e-05,6.62172746221372e-05,-0.000523680971101092,-0.000466056003988869,-1.6095255127819e-05,1.30002711643099e-07,0.000131023133671119,-8.27544273944721e-05,0.000136272658701683,0.000237822140195383,0.000284471552860483,0.00199325096696853,0.00121393862174372,-0.000213271378320993,5.92162251345549e-05,-0.000572313353354722,-0.000587932429939233,-0.00356967283690876,-0.000778502759808137,0.0008731917121614,0.000762823513473739,-0.0016402454477832,-0.0033300864009611,0.00522038185615261,0.0033973023290946
"616.63",-0.000228510981904771,0.000107587377709702,0.000457020860877393,-0.000255798892996347,0.000205391854583754,-0.000123063458371416,-6.55012524107112e-05,-0.000139581211716809,-6.4743368308772e-05,0.000225908953899443,-0.000383549404437336,0.000124045035524278,9.55407360959358e-05,-0.000321467323891765,3.28066454632767e-05,0.000268170197055008,-8.59333020411274e-06,-0.000216890525523664,-9.95074154683858e-06,9.40769228736126e-05,-0.00036126480148028,-0.000690793205583181,2.89712942414501e-05,0.000178330192344636,-0.00013317087975288,5.1698849380586e-05,0.000144687486951278,0.000110472398768173,7.62069968171403e-05,0.000117300319980016,-4.12954934114325e-05,0.000206656015637154,0.000250670111723749,0.000494100210809961,8.9437654290593e-06,8.40462858924606e-05,-0.000215323775249042,0.000252201919604749,0.00103204505134432,0.0011599784384695,-0.00013611456986997,-2.68294383391049e-05,0.000521929128754683,0.000325534501930204,-0.00150643781561265,-0.00169192864849773,0.000681534597695421,-0.000508721359544972,0.000900407603136357,-0.00219158386401738,-0.000379200708661522,0.0036844605953274,-0.00175530059049631
"621.338",-0.000618527369609396,-0.000205779970397192,-0.000284128016221528,-1.83525270316413e-05,0.000549289516712247,-0.000153117589440349,0.000347570440216244,-0.000165002314663381,7.61591178813434e-05,-0.000271858743793323,-0.0003303580993636,-1.68455845638939e-05,-0.000209491005138127,-0.000571234575380224,2.48027264327778e-05,0.000237491894480932,5.19614152360494e-05,0.000191335878407599,-0.000839650945308324,-8.44923740769138e-05,-0.000145291643939486,-0.000617788476470663,-9.90960640965719e-06,-0.00016044971160482,4.49219889556645e-05,-7.8371870514616e-05,-9.45334770874112e-05,0.000153919744029495,-0.0001706254461304,0.00023610839737374,-0.00030015472810164,-1.64679135536999e-05,4.24313968765241e-05,-0.00020562774828021,-0.000418055086223182,0.000366192826343273,0.000673935429959713,-0.000789880918325853,0.00076624151760938,0.000531697174641577,0.000238953010878588,-0.000312424304023815,-0.000690454266125437,-0.000925192855097103,-0.002017539648428,-0.00128244623146336,0.000771105517005741,-0.000375863801634734,-0.00198619529046963,-0.00226868489459777,-0.00584798392329146,-0.0032085451451355,-0.0253838826889023
"626.047",-0.000195934453958351,-0.00010942030342564,-0.000593618062243749,-0.000669544798746411,-0.000184873418932405,-7.37517532272008e-05,-0.000194931171110028,-5.88536655936428e-05,-0.000159260644876878,-1.91715189406162e-05,-0.000141811428173254,-6.72783550754893e-05,-0.000300076857589033,-0.000137715884713768,-0.000158675874280378,-0.000471432528994561,-0.000227336181688534,-0.000101162855846253,-0.000373368286545672,-0.000149207033071028,-0.00102962514338224,0.000297028886416145,-0.000255999640752438,0.000553152232986678,-0.000199011231158805,-0.000158120022519623,-0.000450782708737494,-0.000586905471410549,-0.00038762037714207,1.70558485981892e-05,-0.000328368471653272,0.00029433244244612,-0.000272069115155193,-0.000502573544957679,-0.00010777148936738,-0.000368639556412746,-9.4677959480208e-06,0.000897243021300509,0.00102038748131531,0.000554389408685851,-0.000647023806197892,-0.00027432519690263,-0.0003635224174407,-0.00157326811102567,-0.00345194736891766,-0.00168752142686087,-0.00115133714332056,-0.000725441354310129,-0.00087229198594812,0.00162890555600382,-0.00485197882837654,0.00216424220757484,0.00220716855993154
"630.758",0.000495107407689179,0.000784914051718489,0.000180000160099534,0.000507577362718275,0.000113717562543288,5.20893243060069e-05,-5.56432420480287e-06,0.000123881803838753,-0.00021647038080625,-0.00015485026174818,-7.17561464748724e-06,-0.000195795462569231,-0.000445849963396696,8.69908938362344e-05,2.53441098430875e-05,0.000200612812842715,9.72125619506267e-05,0.000269603362805372,-6.12026854952439e-05,0.000549324758911273,0.000530947492193252,0.000350136650135609,-3.976226005473e-05,7.72031809686917e-05,0.00051198776436262,0.000373007692837796,-5.26145050221774e-05,0.000104566465719966,-1.74195040106735e-05,-9.46371478065571e-05,5.95493565962197e-05,0.000212566191876377,0.000180348262461604,-8.76417659459362e-05,0.000390635864887022,0.000153926606961958,0.000819793530820155,0.00192524670289099,0.0017392939836552,0.000145599473706402,0.000153920414257543,0.000305183809827531,0.000919708808457238,-0.0012707830968006,-0.000773310768652759,0.00068407817567341,0.00133889801658175,-0.000453779031809742,-0.00110140425353226,-0.000186381672559893,0.000286553630175907,0.0041545267804704,-0.000469917302331284
"635.471",0.000174648519046919,0.000701768329004857,0.000654941093963165,0.000776598942160688,0.000523789015490232,0.000360340707780407,-3.97270580476455e-05,0.000359429831614247,2.23723289235826e-05,0.000253589452807313,0.00024569742059968,-5.13884897178785e-05,0.000449342233473411,0.000394513902877829,0.000255294022475301,0.000758189849425891,0.000427460424060215,0.000843090986191667,-5.13718578587725e-05,0.00080321157136196,0.00031002747590504,0.00063515605795533,0.000160521867213003,0.000417771163567036,0.000303999960701633,-0.00011636466330278,-0.00015887048244538,0.000668027753926964,1.75505303903289e-05,0.000494002196415108,0.000703153039864168,0.000942210164101121,0.000597266522029143,0.000370977631072591,0.000283983914699093,0.000772069393076307,0.000833273043486127,0.00315510740495274,0.000650867227950587,0.000291523954801837,-0.00012914913048869,6.99199315969264e-05,0.000495005210873094,-0.00011349216670376,-0.000286877837175455,0.00167135577118611,0.000469702980600046,0.00175945466344163,0.0034196260582049,0.00270050376976263,0.0024220425325933,0.00894588240115259,0.01528793280151
"640.186",-6.24969925041113e-05,-0.000546844894301317,-0.000151458229531683,-0.000370087973441404,-0.000532905663240548,-0.000323283971247738,-4.55453962178833e-05,-3.50304428379851e-05,-1.12041797759212e-08,-0.000156357679179246,-7.24623256681813e-05,-0.000352254217373955,-0.000639229657412163,-0.000342552787555968,-0.000375072237885629,-0.00017718028261718,0.000160596914690541,-0.000638194699006166,-0.00048398285546368,-0.000489434490604573,-0.000278704251984085,-1.00773408141809e-05,-7.03854829920588e-05,-0.000720183110104755,0.000212207440884309,-0.00032274421997927,-0.000168095990604654,-0.000660561786920158,0.000123054938218971,-0.000347329100643401,-0.000360814203724949,-0.000463412935384863,-0.000598224681884444,-0.0001498987196392,-0.000265668810481176,-0.000133859768264197,0.00162173608289595,0.00112367859668082,-0.000477110242631097,-0.000508719948949884,0.0003496076375284,-0.000335979067339544,-0.000709823691935935,-0.00123078456264701,0.00024788458018379,0.00101030295163574,-0.00179171692811834,-0.000775481723464645,-0.000444926039137573,-0.00110731518603707,0.00553447768150748,0.000917432653921775,0.00854235738158839
"644.903",0.000278028537919491,-0.000361212042503477,6.12112309999043e-05,-0.000134393675779145,-0.000373218961344001,-0.000593289982932337,-0.00011501991210882,-0.000318703042848118,0.000181359713891692,3.95283855751728e-05,-7.31905482673066e-05,-0.000304077672343706,-0.000127473116664047,-0.000293160521217494,-0.000448353152835323,0.000230505614713558,-7.2192411755722e-05,0.000142410807897904,-0.000124985249574023,-0.000781013936271875,-3.25569687655495e-05,0.000316729719720905,-1.01824913461763e-05,-0.000246075278953439,-0.000261366600030899,-0.00038093541807834,0.000178918468511389,-0.000516656889939509,-9.77848934161094e-05,7.90940751679913e-05,-0.000573444362977931,-1.73936124065403e-05,-0.000499649652733388,0.000295844456381568,-4.60825314684595e-05,0.00059381942931297,0.00267749323892506,0.000504123926108973,-0.000137627761469945,0.000110797309551641,-0.000222554818319846,0.000212529752027665,-0.00192159181212992,-0.000765522487147904,0.000333867531230848,0.000124825062735442,0.000178428543836442,-0.000463391168266323,-0.00121528783451271,-0.00224054232531762,0.00127405766935158,-0.00295230484616024,-0.0254869416030344
"649.621",0.00025636524246564,1.15524783784865e-05,0.000165680516546238,-0.000155702822418725,0.000815860147712923,5.40465081813748e-05,-0.000128200586882965,0.000287288538923672,-3.44880489813438e-05,0.000334126838043435,-0.000148564437015481,0.000176260370291193,-0.000110800140620762,8.10786516489221e-05,8.71620881638246e-06,0.000181750654838715,0.000475891373812826,-1.92467120741655e-05,-0.000137301407681641,0.000145005372523476,-0.000351827684121465,0.00053879881808888,0.000206096684008857,-0.000279453685621727,0.000160968520434462,-3.68549661804511e-05,0.000553486445855993,0.000243889662506836,0.000495866514019805,0.000142331610720444,0.000537545976129933,0.000466606783916873,0.000143061652141049,0.00043655144326782,-0.000187593028788069,0.00219079697858642,0.00232959555079806,0.000400004541667301,-3.4736338592657e-05,0.000784177591248218,0.000292256256650858,0.000230138537389872,-0.00075890782209552,0.000328673600455252,0.000804088542778588,0.000126697932156154,-0.000271204783160134,0.000615006866706392,0.00287534122923887,0.00283389895585492,0.00348598628578471,0.00131005994498362,0.00686494497838905
"654.341",-0.000312376781696074,-0.000720751578478554,-0.000872701491988859,-7.90865772314072e-05,-0.000409988042165691,-0.000485464249699633,-7.67647048806996e-05,-0.000296921630462017,-0.000478660815997289,-0.000271442392656019,-0.000437413004909969,-0.000366968065960193,-0.000787716179565478,-0.000850903963198057,-0.000328587444427126,8.77401766092876e-06,-0.000343873974141564,-0.00029327934719417,-0.000214528523165285,-0.000419244254006412,-0.00066947450380418,-0.000894382934298842,-0.00087925482349792,-0.000567729760125738,-0.000605588938546934,-0.000298922723541575,4.60360349925802e-05,-0.000586952227867405,-0.000521850766319849,-0.000343728789135181,-0.000599546106060833,-0.00109029298149678,-0.00149706802948055,-0.00173014250430816,-0.001582728805609,0.00103555910513433,0.000930182560115608,-0.000819568546011757,-0.00131458887791273,-0.00087100823287362,-0.000970839683969601,-0.000568117766260969,-0.0016901537296469,-0.000791939958452332,-0.00122473934180413,-0.00112891068608772,-0.00342593623754361,-0.00257053534096986,-0.0018072635128959,-0.00160070459719806,-0.0111323943846175,-0.0179192500354749,-0.0370825810485658
"659.063",0.00057754498558836,0.000621370311582976,0.000455945652007264,0.00119604480658941,0.000335879303451005,9.48782028425543e-05,0.000226902477995334,0.000299443607823439,0.000300209945646247,8.89723852938401e-05,0.000395331303530853,0.000550469548755423,0.000785043401259838,0.000341376115559813,3.57928007894713e-05,0.000523045160041822,0.00067478853298877,0.00111401483739294,0.000237969150263929,0.000742426158624711,0.000607893009894454,0.000318365953641667,0.000137146889336345,2.04274600955487e-05,4.84920527895605e-05,0.00043319393057387,0.000213682912424411,0.000444018610922883,0.000507818765370083,0.000237210737013874,0.000288760457087873,0.000802620165989565,0.000347443444880917,0.000456642653868439,0.00199102925217383,0.00278089662510253,0.00100771722290551,0.000442622078213384,0.0003107987462978,0.000853880593425613,0.000449072868418257,-1.38775531748651e-05,0.000975940050601542,0.000856095991588821,0.00164681168488807,0.001060661845911,0.00182064252113524,0.00159261354276388,0.00121498577838937,0.00283917526874275,0.00795580234387603,0.000189924316392173,0.00374832319892157
"663.787",-0.00150422519395773,0.000130844870244901,1.86557830871611e-08,-0.000697499336212228,-8.67470850168255e-06,1.59796343627063e-05,-0.000544619211376731,-0.000197049711434045,-0.000274625323287451,-2.07776039761314e-05,-0.000123453407229086,-0.000201633207926241,-0.000431594572847436,-0.000271364428237317,-6.36201973848905e-05,-0.000296746649311628,-0.000114060519135718,-0.000819854157743174,-0.000669188376952668,-0.000787941355181302,-0.000319444736766482,-0.000355143899877828,-0.0009634987477375,-0.000570169581560708,-0.000481663925059097,3.81680621386321e-05,0.000320455203711751,3.75435952785202e-05,-0.000102982834166209,-0.000212726661095299,-0.000128088051438263,4.60575221508603e-05,0.000102972588990218,7.25451774130671e-05,0.00223818562733186,0.000254881860193856,-0.000412533328551036,-0.000401624280405795,-0.00081141303466461,-0.000916688550584467,-0.00132355807730413,-0.00111784403167992,-0.000378712515154211,0.000340159350201492,-0.00202132888634822,-0.00107447156263765,-0.000875177528131016,-0.000412801881773779,-0.000900269063917936,-0.00275026263363033,-0.0041426873340486,-0.0132587545194339,-0.0374026138880099
"668.512",0.000228059417802503,-0.00025158849777735,-0.00089941932992002,-0.000478747028163473,-0.0003608857963943,0.000137315721510054,-0.000243668279968208,-0.000203986093521052,-4.81318076056961e-05,-0.000419596130635912,-0.000489656145076507,-6.46284920682731e-05,-0.000309167707328562,-0.000480889929561587,0.000356901266965706,-0.000380559793932001,-7.66252721117869e-05,0.000171302163584602,-0.00065222248258872,-0.000677147823156692,-0.000103281021759575,-0.000932657440314878,-0.000668873026281325,-0.000271556367217464,-0.000663743339128653,-0.000548832806275351,-0.000113955018087261,-0.000529404710271255,-0.000434017854107849,-0.000885444579257823,-0.000442628075794583,-0.000220678149429622,0.000364265174922172,0.00128651191395559,0.00188887534039638,-0.000330681317148683,-0.000590906053764271,-0.000265846526017486,-0.00063454111933505,0.000339452317640752,-0.00131948009414945,-0.00135219769992831,-0.00089657403019605,0.000209587427549464,0.00064217673410062,-0.00124208398647454,-0.00151341222615565,-0.000983715543974371,-0.00377283996731967,-0.00184730724555632,-0.000626284201611964,-0.00864631743712036,-0.0154550041732438
"673.238",0.00020243883659293,0.000397737779810793,0.000130843901658169,0.000461220234386287,0.000761591276916702,0.000527968437015552,-5.49823985650772e-05,0.000286257367623186,7.26267906413788e-05,-0.000260275377651349,0.000226693410543522,-0.000566151796057821,0.000301556913296531,-0.00033200920141328,0.000469536269127915,1.81622002719738e-05,-0.000154172853728609,9.12345783255612e-05,0.000467073637213715,0.000446190584509511,0.00027791791672355,0.000479932414514227,0.000162682758305485,0.000220866026668857,0.000109705384828954,-0.000116196659088586,0.000143267916965862,0.000104666473976711,-0.000104405450072426,0.000140854167554753,0.000361890213426684,-0.00026830790978088,0.000764436298357733,0.00233108138019163,0.00122169327022188,0.000396947261456287,0.000198611874350059,-0.00010475678394389,0.000700173727971357,0.000303449081772011,-9.69156619299956e-05,-0.00101283509652026,0.00165404030098994,7.70696475215938e-05,0.00133686215589698,0.00058538712582992,0.00117476212591052,0.00285594372883226,0.000288512857640815,-0.00145969342935345,0.00398040798231023,0.00651021684132369,0.00530975224760145
"677.967",-0.000326213433483147,0.000121495319367553,-0.00116404183980652,3.10198335467286e-05,-0.000356745865068607,-8.16640209277271e-05,3.53002039583483e-07,2.72806504869318e-05,-3.04808728910783e-05,-0.000170039250099767,-0.00013397930956509,-5.62876058277426e-05,-0.000401415179989,-0.000525556547203697,-0.000287512626552105,0.00011926175749037,-5.82394804686794e-05,-0.000183745075364924,-8.96652447262817e-05,0.000118174295510343,-2.29732189740422e-05,-0.000549504860535506,-2.19082106941167e-05,-0.000486823090694639,0.000341516294307746,0.000185242555649787,3.83769490454357e-05,-0.000239352333988042,-0.000105155452414258,-0.000207568532674113,-0.000738224691686122,-8.46069672434278e-06,0.00148505723931481,0.00237219531300398,0.000160179865520456,4.24618601456705e-05,-2.18785569693537e-05,0.000294731270974642,-0.000581207405863405,-0.00044436915295208,-0.000928785358175967,-4.56155863286623e-05,-5.0306620850798e-05,-0.0011161975979394,0.000404367111713716,-0.000347532311291475,0.000192312532649794,-0.000766616151435423,-0.00053213327774255,-0.00368097764851135,-0.00254040267028389,0.010925492858603,-0.0127723139148727
"682.696",0.000357373222369382,1.22733407067296e-05,0.00072176482090622,0.00083505227769338,0.000649427668934061,0.000645273708387323,2.49842994443071e-05,9.35179216305712e-05,0.000197250903459104,0.000343987820746112,0.000493761220354034,0.000501110534258146,0.000683504488890444,0.000473440269225631,0.000215714474334765,0.000714930768856372,0.000186477948222656,0.000134211593562308,0.000906191341001773,0.000681830923947595,0.00113197905634771,0.000344512821253306,0.000674265468380772,0.000171246948808058,0.000213221566102868,0.000670793149115115,-0.000107017532055959,0.000271290763967029,0.000541442886004672,0.000611410646425606,0.000860027825612466,0.0010684001127,0.00282695217131956,0.00151405273120524,0.000151361512620036,0.000276415690445155,0.00079677729229795,0.000487439410236016,-6.2168643047525e-05,5.18140007371454e-06,0.00081217049434834,0.00070842488997357,0.00105508286965797,0.000447941807741788,0.00188303894805731,0.000541709498085338,0.00106733481808598,0.00178397040428961,0.00117473444873329,0.00270528885368931,0.00491124000047057,0.0171037466866863,0.0232392824973735
"687.428",2.77281009729958e-05,0.00019790701316843,0.000313127465661453,0.000325850577229043,9.99928366750548e-05,-0.000249698667303907,8.83662888836668e-05,0.000171852757059041,0.000378689960712729,0.000223707360999669,0.000529176018722045,0.000237913971810222,-0.000169273799457788,0.000311335118163851,1.88445613310214e-05,0.000130886895583656,0.000563339359478255,0.000478253602780771,-1.14087561338649e-05,1.18943702094829e-05,0.00039218686744191,0.000537054651163515,0.000178097642215174,0.000205106046729694,0.000777028935039782,-0.000109375313771327,0.000558552534936835,5.87373776418955e-05,0.000340775781146364,0.000327350083199488,5.72148395660165e-05,0.00162412348372248,0.00332543440360291,0.000120593029696593,0.000497677504788734,0.000438979221765353,0.000644164674925467,0.000418891960516784,-0.000364350035359229,-0.000652928365450606,0.000530856161183948,0.000232656891082366,0.000257109335737968,0.000235342095556468,0.000182906204410275,0.000983166589653957,-0.000488203132257244,0.00125004993192702,0.00211919282109582,0.00224508714465443,-0.0025863612823374,-0.00284642917366506,-0.00353697933849707
"692.16",-0.00032003745173222,-0.000621411806613734,-0.000393459654525059,-0.000845365179938822,-0.000173413458393626,-0.000326422346618088,-0.000164278602872431,-0.000228304088649837,-0.000180975438553878,-0.00040627795429089,-0.000467763073225222,-6.72954752829964e-05,-0.00108305768849298,-0.000107612492192468,1.89414005778177e-05,-0.000827247360314436,-0.000377599205014155,-0.000188110781552114,-0.000733996816179341,-0.000460452656187377,-0.000942805289668628,-0.000405122268291684,-0.000593142654210311,-0.000910433491523775,-0.000513807464547811,-0.000799015673473534,-0.000236597984370732,-0.00075510158464935,-0.000567721698157324,0.000445309345557581,-0.000497251540307187,0.00116246010770374,0.000542117688001813,-0.000383627451521264,-0.000724724343106578,-0.000440689920865969,-0.000465344716701328,-0.000996826739023767,-0.000517698166189774,-0.000549792217676414,-0.000331481748459224,-6.22998973823447e-05,-0.000275559186989464,-0.000866498400256601,-0.000734644334793922,-0.000657171215988387,-0.00150387041246207,-0.00223781108622146,-0.00356738830381015,-0.000276134822829187,-0.00952054749109533,-0.0268950345791481,-0.0165799716157702
"696.895",-0.000854698570619519,-0.000250351399259491,-0.000396231326834949,-0.000255393114957185,-0.00014715025892656,-0.00050593247700508,-0.000210380950248034,-5.04787344992028e-05,-0.000125692411799434,-0.000204609357702123,0.000340979755680667,-0.000327556026361239,0.000100928373810549,-0.00052198084404677,0.000267648454920565,-0.000406987921327004,-0.000470200939378227,-0.000294671872222698,0.000103906803079339,-0.000243689615771245,1.18843413083203e-07,0.000181267976805952,-0.000653461309342612,-0.00018559435602533,0.000155183548140759,0.000130700086332757,0.000188449572550906,-0.000296334636118746,0.000315399734817712,-0.000720089964316041,0.000530961311158609,0.00259478576205216,0.000227571483054733,-0.000436539334130551,-0.000339172982531266,-8.6458071247214e-05,-3.42730143870265e-05,-0.00028962585625399,-0.00081433407229657,-0.000324597505300579,-0.000420948999956689,-0.00025118295412184,-6.94177786319226e-05,-0.000139094890508479,-0.000624670963158933,-0.00126990054708848,-0.000427857405425365,-0.000869776196327247,-0.000898013228507231,-0.00351246408772677,-0.00914910065725604,0.005330432610084,0.00152776994332956
"701.63",-0.000692371741784206,0.000100953138813338,-0.000445137567841743,-0.000139406504228616,0.000185527100865876,-6.79888516217167e-05,1.67903056879547e-07,-6.21741193661209e-05,0.000183768726505355,-0.000235686630451616,-4.92376567006255e-05,-8.74890053857708e-05,-0.000132299501736734,0.000297950565254605,9.6386054262741e-05,-0.000315000602052255,-0.000393454607699143,-0.000212212837928219,8.14879905110969e-05,-0.000147626495610512,-0.000145554906599689,-0.000262718843093228,-6.2100625341637e-08,-0.00039627492937001,-0.000250479821189976,-0.000638904595203634,0.000400081398405638,-0.000298525680223249,0.000367766123718262,0.000422977160453341,0.00162484596737758,0.00126088051150121,-6.78033723472702e-05,3.05879438448596e-05,2.47411821426908e-08,-0.000524136329067616,-0.000415077920559751,0.000222556095744977,-0.000692763457960453,-0.000986419662535293,0.000409931810517532,0.000285002758910354,0.00066489697680872,-0.000179382944273357,-0.00139926725056754,-0.000862387862192333,0.000498350982381954,-0.00123558389308745,-0.00206207227171502,-7.13177747927926e-05,-0.00296489370608889,-0.0134585921490025,-0.0361860151974501
"706.367",-1.85638104543365e-08,-0.0010344755621519,-0.000473618050125669,-0.000673212152626958,-0.000225266898913159,0.000111697284379163,-2.60395920393132e-05,1.70859231909249e-05,-0.000352684242922266,-0.000260973811516368,-0.00021530510642096,-0.000275148720691036,-0.000185470829670512,3.01524243617712e-05,0.000312212207910878,2.89405400279385e-05,0.000367538345352349,-1.07419672892934e-05,-0.000412401768587481,-0.000211479550682196,-0.000417087645435251,-2.30949052708707e-05,-0.000712880149818815,-0.000579139921997396,-4.53614115331915e-08,1.03836197062009e-05,-0.000374530597589758,-0.000423220995899941,1.0082264466921e-05,0.000997388637045434,0.00251956561225149,0.00027723579018428,-2.96704486070192e-05,-0.000516226752792784,-0.00055599759850149,0.000364829428871122,-0.000536673619004077,-0.000712365774746785,-0.000519570786620777,-0.000305348726941828,0.000444451087860479,-0.000384523605920291,0.000318456587111615,-0.000750000566110937,-0.000401330085211144,-0.000536666762651031,0.00094117011816343,0.00201675402998439,-0.00178192227302275,-0.00154616115700459,0.0015591326173033,0.00733329417066247,-0.0210302472199551
"711.106",0.000231160638542133,0.000813047686961066,0.000898790938284531,0.0003730621439353,0.000730074035861474,0.000660814437855017,0.000210040339258527,0.000190762094620617,0.000641510383123461,0.000745744364348697,0.000678287906860862,0.00109308420236263,0.00014559656710764,0.000152354455134448,0.000946409208515542,0.000234269757453892,0.000423007402757961,0.000737953251533968,0.00091691861944114,0.000767210621373439,3.64260445532447e-05,0.00122667657947779,0.000790274526479397,0.00059626142114083,0.000640241144077664,0.000134887390997538,0.000388791754050012,0.000438028684808042,0.000640355368025256,0.00234833153853184,0.00227668304952825,0.00100221028925802,0.000520643591259916,0.000367859742697984,0.00082680938043872,0.000524885407096962,0.00059007774416475,0.000977364079455238,0.000670900271080842,0.000546621543676152,0.000209582276531814,0.000679873742270597,0.00160989609767441,0.00120683802213052,0.000357518348389216,0.00159353213329711,0.00322416349615989,0.00338326633882354,0.000668203528566794,0.00590186892788747,0.0019125354151907,0.0217801030844262,0.0634987717763468
"715.845",8.77521572483138e-05,-0.000352447438057514,-0.000354113053571775,7.96734354446675e-08,-0.000220454090745911,0.000255326786896832,-0.00018575543733715,0.000315991487485943,-3.92988101106844e-05,-0.000396134291089103,2.52605286895779e-05,-0.000100858987879965,7.39531511698126e-05,0.000184926526108939,4.97784606876839e-05,-0.000444400727254331,-0.000125240680866255,0.000955174707469412,-0.000252971665461006,-0.000407257320617557,-0.000388160156198707,-0.00018927984352907,0.000446555714905713,9.13329626160692e-05,-0.000129407427299873,-0.000167904290698262,-0.000300376486892607,7.27454053691785e-05,0.000442465245330064,0.00262178747566272,0.000191515124172874,-7.99439085269939e-05,0.000284656531113083,-0.000195814104747685,-0.000632465365043393,6.84254415152248e-05,-0.000261188908376899,-0.000273736193157572,0.000306435051385902,-0.000126637575149921,-9.07103473410227e-05,-0.000376583308026913,-0.000524330118374954,8.40972355913572e-05,-0.000578545496156693,-0.000344223447737639,0.000104213490189869,-0.000741723564591734,-0.00187319086053024,-0.000866391437941395,-0.000917634962742649,-0.00173380378241322,-0.0180175523120482
"720.586",0.000263708080719452,0.000261722728163438,0.000651081623479323,0.000400574946323301,-0.000240404782192888,0.00014103787346524,0.000412975607521835,0.000193606208839092,0.000203710391546342,-3.06065837505302e-05,0.000475366150369766,8.05670996213975e-05,0.000411701633668465,-0.000113300164640248,4.00016408496946e-05,0.000494896477333425,-9.4165789497807e-05,0.000264134416715789,0.000797011271610682,0.000153079846043844,-1.28229613592243e-05,0.00050942470641024,0.000530369827728937,-0.000148475607137946,0.000119000237104645,0.0004837325095582,0.000611971083916603,0.000165698232942038,0.00197985677515582,0.00199265839197169,0.000261972064263086,-7.0329312804691e-05,0.00043715798832412,0.000207791003998129,0.0003332926204026,0.000374100145014643,-0.00026205364355093,-0.000289270618444197,-0.000373369971177505,-9.98851479458274e-05,0.00028846124173995,-0.000262681984014004,-7.25450164473255e-05,0.000560644946178338,-0.0011366853563358,0.000924573831334579,-0.000344289377383331,0.00367957840808987,0.00203478733716973,0.00187380312400657,0.00193283342691458,0.00794551609956502,0.0121604539265974
"725.329",0.000177986738972916,-0.000132401979620417,0.000287585741040994,-0.000213977372299317,-0.000136191354337066,-8.0217212421744e-05,-6.73411855371704e-05,-6.52191463435368e-05,-6.65095872700154e-05,-0.000316963185962208,-0.000249273160850979,5.12187575960828e-05,-0.000202924085112468,0.000333628480613023,3.03385185270739e-05,-0.000681299848837539,1.05901253708987e-05,-0.000144806716675611,-2.44437647200785e-05,-0.000309798008015959,0.000559858994168068,0.000623426672992656,-4.77395733755825e-05,0.000450632765148311,0.000131444645980418,8.4919534511667e-05,-0.000262725972681507,0.000828389706925281,0.00204609958900399,0.000919988899251762,0.00032633333313753,0.000631736893157512,5.18893618778316e-05,-0.000325277369060612,0.000293997826090022,0.000402352595290772,0.000267699642331618,-0.000165539516852414,0.000310487001876061,0.0002737364181457,0.00039961726625918,0.000382253763621684,0.000404087557700938,-0.000567153222336091,-0.000783242475133072,0.00111158470963592,-0.000487064012935222,0.000376812708920983,-0.000422105195854092,-0.000875354771709706,0.000575926842004663,0.0134541171222148,0.0352397349994729
"730.072",0.000298462858567929,0.000133315339855721,7.23276799847954e-05,0.000373967335151725,0.000362320521107779,0.000386253330318056,0.000352839658950575,0.000340463091392447,0.000254338158045686,-0.000163456197453556,-0.000233492673124823,0.000153937911824074,0.000161230838366253,0.000482587748116649,-3.05581361598795e-05,0.00026214381859287,0.000554147441428887,-0.000190563349227383,0.000221388897957747,0.000714479809509879,0.00024306086651398,0.000398096951852978,0.000420144829595837,0.000127748154943971,0.000264602926132143,0.000417621149991506,0.000623302755866199,0.00236288876822454,0.00219493677879323,0.000301039577153357,0.000236018532961545,0.00050220808875559,0.000310841322336465,7.4074205696592e-05,0.000854142203533303,0.000519993593967474,0.000390649497348525,0.00088989642700607,-6.79652655922585e-05,0.000419506146666554,0.000123665824020675,0.000183936222416162,0.00120097625895839,-0.000634116026365999,0.000739231104281438,-0.000206415758426009,0.00263071724597857,0.00101049997960699,0.00180675036471586,0.00411138371931253,-0.00046190660622492,0.00130463848373408,0.00966895303493543
"734.817",-0.0002555103644699,0.000187979616959706,0.000388542573402256,0.000844593575659624,-0.00034512008902091,0.000171855285436375,0.000177851105640644,-8.41991758378279e-05,-0.000128070028291318,4.70802422127324e-05,0.000147943405485992,0.000278943961023765,0.000519955879350335,0.000517700826195446,-0.00026663174902481,0.000761371401551615,-0.000343428980582887,4.51974194774666e-05,0.00035920477003212,0.000117726761102722,0.000748009434850475,0.000170104512588517,0.000870300229800067,0.000421532141187846,4.45393408464441e-05,0.000107689688444626,0.00102067120168663,0.00239303654720626,0.00111041919377064,0.000344657401250536,-0.000237617215453002,-6.17252085952542e-05,-1.02586258982327e-05,-6.35250527516693e-05,-8.80070754833538e-05,-0.000347126196030063,0.000491321610839622,0.000610404954198776,0.000560949990013284,-0.000349823865102804,0.00031150643621608,0.000538901341294218,0.000428054274789484,0.00080947026915156,0.000124009157688807,0.000119159886950984,0.00127265247562536,-0.00101750441227989,-0.00171229735319769,0.000366256348370661,-0.00174804380730253,-0.00441288987312902,-0.0395203632182407
"739.563",0.000167267044842568,1.35688776027564e-05,-0.000159663713562037,-1.15295928424772e-05,-0.000309176537625485,-0.000201172700492239,-8.98467506506403e-05,-0.000127781750024259,2.72878919282005e-05,7.92828620613473e-05,-0.000158510730067254,-5.23385674942978e-05,-0.00029556297631013,-0.000352717245321169,-4.15132025849262e-05,5.14290408975943e-05,0.000597115957975474,0.000137063252247498,-0.00012531593299484,-0.000158870569696124,0.000104652132110818,3.68386196304481e-05,-0.000305721758908996,-0.00011831645134355,0.000393281149943415,-0.000185735454181749,0.00187029879476741,0.00164674247070128,-4.27436289716919e-05,0.000433301972107227,-0.000648081263533146,0.000250823221962353,-8.43734648030251e-05,1.11383129269499e-05,-0.000200462848594816,9.5384841210978e-05,0.000372542553641111,0.000354469737861365,0.000276855613326886,0.0003694434505724,-1.56733422711114e-05,-0.000749484780416037,-0.000564506743184457,-0.000107812954048395,0.000175869802098387,0.00030088431462519,-0.00196437663295611,-0.000342602428512607,0.000866441060370145,-0.00119729728179949,-0.000121076329395542,0.00310233672481578,0.0152964640338279
"744.31",0.000184377086895593,0.000384326873236963,-0.000124144656034512,-8.174437625611e-05,-0.000342815779188768,-0.000249748703993608,2.11049135324971e-05,-5.53808340241276e-05,-0.000282579860504212,-0.000544822281312525,-0.000115748246398254,-0.000834828620889218,0.000121769979139184,-0.000324056766297704,-0.000419366832553154,-0.000674760040480473,-0.000373073950435452,-0.00018465398749875,-0.000316611548028402,0.000173819215214691,0.000224390849143555,-0.000832333596431729,-0.000432527877606995,0.000179655990767778,-0.000295039819629469,0.00133355689558496,0.00248738177986512,0.000869194373729254,-0.000172931522324583,0.000138742539134668,-0.000126746544999705,-0.000485437673021809,-2.09121392191639e-05,1.11799531212966e-05,6.82284520797036e-05,0.000167100522351407,-1.25723643660074e-05,-0.000597665682253156,-0.000503493999277876,-0.000372555203472595,-0.000398019077334215,-0.000533743103325991,-0.000665720218615937,-0.000978850302064087,-0.000329869139684549,0.0011211600611897,-0.00112008954325049,-0.00273166090419711,-0.00317356791882279,-0.00460899143022364,-0.00537557733133803,-0.00495608869370524,-0.011609775167733
"749.058",0.00104012297705538,0.000485382516887789,0.00115378530749147,0.00108457452640774,0.000478838546011903,0.000728628871478348,-6.93149412881838e-06,5.58585198287016e-05,0.000125338407281508,-0.000356116954281361,-7.20396632445833e-05,0.000234819741371774,0.00035815209328744,0.000250977197575141,0.000434234418101665,0.00091230197310386,-3.32539788802459e-05,0.000384794575724779,0.00101070574833282,-2.69232093641731e-05,0.000905261650173282,0.000539603270615968,0.000149851067897938,0.00125776032854934,0.000711118392382543,0.00211398708040511,0.00210696311384773,0.000274145721449525,0.000731661107551079,0.000647315866952727,0.000576348148512989,0.00058614908694682,0.000387712026698065,0.000154857945206437,0.00101411859333914,0.000432530970244849,0.000392994926846792,0.000389268917513121,0.000875951007013642,0.000632594501240915,0.00141554213825502,0.000974059974284028,0.00128785189256635,0.000989474682509365,7.68663468956133e-05,0.00189713009759369,0.000949346260466145,0.00302236290051097,0.00038678213412581,0.00320665014965998,0.00506867459264291,0.0188496519323941,0.0290690509855296
"753.808",0.000395562378202468,0.000791502708231693,0.00102267685308834,0.000468652484378879,0.00030114000694111,9.53112909525677e-05,-5.75645052570029e-05,0.000221677750299343,2.83918274113622e-05,0.000585716931519174,0.000458305767513503,-0.000380954021391296,-0.000125334746724499,-0.000222447814245892,0.000496629545310455,0.000181693535837928,0.000101684633549843,0.000499173242181248,0.000482459286060016,0.000688563021781813,0.000529401309973716,-0.000486191897656896,0.000216217460532447,0.00107242109576787,0.00145008975908234,0.00301591628511579,0.00181333539385762,0.00139420530710614,0.000289408456134204,0.00103356142345592,0.000805110122237977,0.000717659715212105,0.000428801316400412,0.000707063513090223,0.000755126363891556,0.0008078452722885,0.000994884136797266,0.00113521473783381,0.00180020757732044,0.00179693848408263,0.00139361546858029,0.00129427597878269,0.00105792884318775,0.0019730291891261,0.00164614534345238,0.00243371882413892,0.00234407573335709,0.00339323453676049,0.00512758996365239,0.00591019421630725,0.0127734559202208,0.0191914390805496,0.056909307597782
"758.558",4.82824737129856e-05,0.000561145277940462,-1.30041618355666e-05,-2.31105381797986e-09,-0.000221969138480006,-0.000407401887621331,-5.12829613446409e-05,1.07813974662958e-07,9.3950723945475e-05,6.71875777274142e-05,0.000140022505817934,-0.000509666442867619,0.000510776770895636,7.9273126235839e-05,8.79754142347026e-05,-6.52771398327722e-05,0.000644212339048814,0.000484040064469601,-7.96864256452934e-05,-0.000308586632573906,-0.000870727053367399,5.20024487374212e-05,0.000310889962619861,0.000765660008741895,0.00168046392973503,0.00248201649774814,-4.59122219608932e-05,-1.1411645652404e-05,0.000611987595859089,0.000145585907976752,0.000376622182275434,0.000398377371296987,0.000592591884797368,4.73443366632497e-05,0.000153979933601268,-4.99679007311025e-05,8.3579366120406e-08,0.000319717108575158,0.000615814702080486,0.000422277516167605,-0.000467384217415326,-9.02827353644006e-05,1.9954160007219e-05,0.000707457650610049,0.000133322093795261,-0.000128493241901849,0.000909769777662047,0.00250003744281478,-0.00367099614877513,0.00324747403808557,-0.000759558973486102,0.0214524172495754,-0.0104169399925819
"763.31",0.000903854762765091,-0.000484340465575974,0.0003451573408917,0.000923428694183858,-0.000150978617336875,-7.90490889830455e-05,0.000171820967602995,-0.000170956876202848,0.000294823000214327,0.000753911428919753,0.000456969302699651,0.000146850528540688,0.000402850923544824,0.000623786105871492,7.84597332058975e-05,0.000599400391021613,0.000621908037855506,-0.000246861147748296,0.000257316465712748,0.000443325835647211,0.000465511965952815,0.000611055712694622,1.31340528432448e-05,0.00096088399425336,0.00318455232544836,0.00124836627600228,0.000139570803207171,0.000451896504199139,-4.62033991846737e-05,0.000491261380344034,0.000497163505571552,-0.000101365522324632,0.00037708339884218,0.000688111516220652,0.000675276389320609,0.000101936602868724,0.000697576132506795,0.000141978154831551,0.00137607681270679,0.000845179672668334,0.00141325286690618,0.00112319022043052,0.000488469425336006,0.000791380719824342,0.000298736725270108,0.00340058228584229,0.0030127348384887,0.00259643906015455,0.00210685572144547,0.000970450227678838,0.00293084389511026,0.0156283287667499,-0.00469721888124786
"768.062",-0.00107815350411607,-0.000755485679684601,0.000214439549178122,-0.000113359222161467,-0.000174072282179528,0.00010985129883176,-0.000256202354219181,-0.000152643372909289,-0.000223164649025746,-7.78014207540451e-05,-0.000288306730754273,-0.000422260557737359,-0.000537769768390359,-5.83007230087587e-05,-0.000622416076153365,-0.000246554105939959,-0.000888292381152542,-0.000199290027654278,2.73247785744994e-05,7.20458740824975e-05,-0.000412395911675402,-0.000455999855218328,-0.000707225646198355,0.000843069756902616,0.0023929106904406,0.000118537056711155,0.000504835843705259,-0.000373908781665811,-0.00113175911732104,-0.000530029277864468,-0.000741291142340064,-7.94999865775633e-05,-0.00115992727356977,-0.000292085664275676,8.52609698997236e-05,-3.81332422723936e-05,-0.000405967429622193,0.000129611386843985,-0.000664095358772464,-0.000611260352863021,-0.00067024724758048,-9.28589820154947e-05,-0.00127306415334558,-0.00108028196902569,-2.74763148451951e-05,-0.00205822455001355,-0.00241700203547106,-0.00126342141528357,-0.000944206276598182,-8.71110831653383e-05,-0.00502980336256037,-0.016513373294784,-0.010201211884806
"772.815",0.000182344103797192,0.000636663430998061,7.14816313929098e-09,0.000302077316446523,0.000424213488268442,3.99693725970259e-05,0.000105436047122859,0.000245458201886041,5.20353917911901e-05,-0.00013831725898444,0.000451392559921987,0.00037619487345397,0.000143276908416123,0.000815670925095915,0.000327977794937281,0.000369497781638508,-0.000106527024132955,-0.000124512854734442,-0.000737650821785233,0.000129891962180988,0.000554172997681676,6.69978674255913e-05,-5.38222339411692e-05,0.00332386915477174,0.00103031666529163,-0.000107245720952282,0.000434244211208104,-0.000478929971319286,0.000384788075855185,0.000379966580049065,0.000581282083713482,0.000113771953411922,8.20071198388004e-05,9.47656149406906e-05,0.000133719429642925,-0.000461460436959817,-0.000419363862432694,0.00140266795920039,-7.54408333678876e-05,0.000450057770906949,6.87193202891196e-05,0.000594314027346277,0.000205167607449099,0.00079829712658779,0.000164163353080108,-0.000653981862492556,0.00093489723834185,-0.000982232970353488,0.000885271563854062,0.00195104565993521,-0.00360400072765599,-0.00313649636299586,0.000595448472700101
"777.57",-5.07473621671072e-05,0.000785540136410042,0.000259617175254397,0.000796314080859918,0.000344075187059278,-0.000162949592510298,0.000115256688349537,0.000277652286764894,0.000144158823115442,-6.17980346062222e-05,0.000862438590011493,2.33523831461577e-05,0.000134044271908774,8.32280115881611e-05,0.000173141945710441,5.70798150267592e-05,0.000301940694284279,0.000266805819390605,-0.000571507884672065,-0.000176678442823143,-0.00062391711642841,-0.000273572422876406,0.00100482163404197,0.00307477921657955,-8.70117414670905e-05,4.84706599592497e-05,0.000203640637392561,-5.96858991597875e-05,0.00015467015919285,0.000764008234943814,-9.3055786546621e-05,2.6752555989945e-07,-0.000104153345723276,-7.13043267796471e-05,0.000521150465951719,-0.000104665501205168,0.000690357526691874,0.000189588334322517,0.000338687936987339,0.000558002964937624,0.000806113894311043,0.00117500722231144,-0.000335046922719006,0.000382998653238943,0.000977345378088595,-0.0018667566759933,0.00131171578322779,-0.000620074648075767,-0.000361384455426395,0.00265953220234503,0.00249859057943105,0.00545764789099048,0.00975167239059262
"782.325",-0.00140838116218092,-0.00138057475364055,-0.00066594189188439,2.4637020660422e-08,-0.000890220665705415,-0.000671588388714117,-0.000655672840587393,-0.000494823697534934,-0.00055458839794147,-0.000322306382726425,-0.00073647078073038,-0.000767859994854463,-0.00108902854270247,-0.00084510315840759,-0.00100770932079524,-0.000800489063419712,-0.00035564590398657,-0.000593379968897173,-0.00075018604830606,-0.000911937089999863,-0.0009275404814554,-0.000458602745919168,0.00180609133444756,0.00069835969924196,-7.60115687808067e-05,-0.000887528637031788,-0.00088778357840707,-0.00140396517134948,0.000169152440490281,-0.000131090495327907,-0.00105088227225428,-0.000777707136817225,-0.000760590361967888,-0.000632087112401458,-0.000491383880743299,-0.000756862026006443,0.000112441131735807,-0.00172020991982082,-0.00145343298472235,-0.00124953110489485,-0.000515960128228606,-0.00023084221149001,-0.00184961991762234,-0.00238352424856656,-0.00144591683408551,-0.00203046445789252,-0.00201651522222953,-0.00377965364252578,-0.00201726649445908,-0.00600320132836721,-0.00387622037832677,-0.0236436092940904,-0.0451599395500894
"787.081",-0.000670157365789831,9.45516759411932e-05,-0.000641104399796141,-9.37269465771392e-05,9.25999833298051e-05,0.000137936166135872,-0.000112251604710543,-2.11837513386279e-05,-0.000324258122049431,-0.000441308097563842,-0.000572195999020348,-0.000557991651641344,1.62986040619438e-07,0.000309921662094853,0.000264687996661576,0.000250191740001235,-3.77783548816258e-05,-0.00072849805323046,-0.000712196205845822,0.000168666133367392,-0.00160315523018309,0.000240823572463572,0.00263484829670538,-0.00047984809058484,0.000273649292276783,0.000253042522057384,-0.000437043454023493,-0.000136646399889383,0.000359784323304754,-7.32892072111302e-05,-0.000400080399956839,-0.00612553650652617,0.000514616613154982,-0.000536465042380761,-0.000310519515184559,0.000436447552276181,-0.000877822210376466,-0.000289512074632175,-0.000497632603378803,0.000103131820823743,0.000968449093563631,-0.000118489022930014,-3.95034054421052e-08,0.000524819587595104,-0.00177580464838121,0.000313534202843986,-0.000496814513880521,0.00164238176036138,-0.00150578855169976,0.00069088617539371,-0.00411610678143642,0.00078029133286546,-0.0045495518736287
"791.838",-3.52237332463064e-05,4.7070899575615e-05,-0.000412839425211878,-0.000227500547296914,0.000127145759822676,-1.05875445243239e-05,-0.000192553483559048,0.000126928207330576,0.000118496054233897,-0.000165361227853566,0.00045945166692267,0.000908708359332039,0.000786956294012521,-2.4753876924526e-05,7.21335662616292e-05,0.000440372198895057,0.000289350880490644,0.000688117301779603,0.000246833086045626,0.000214673694230696,0.000651192618172048,0.00256105970755321,0.00111769357151131,0.000521555520207833,-0.000234226615961637,0.0013150906129511,-2.48613934267924e-05,0.000397147075765686,0.000570094703100862,-9.79252191688444e-05,-3.62534276559583e-05,-0.000229505426794065,0.000219665524869584,-0.000324652179988873,0.00027131568549694,0.000136150230871311,8.37848525155852e-08,-3.04957883530874e-05,0.000144204994781012,-0.000119657138664736,0.00144206604912439,-0.000177668356285414,-0.00181052964297155,0.000798455766082839,0.00119247991654622,0.000207010226300267,0.0006621354680912,0.00347995242506143,-0.00225788588298464,0.000522284577965367,0.0072543197081968,-0.00282746667777298,0.0323603584440692
"796.596",-0.00190246876809561,-0.00131450820475621,-0.000231983496989752,-0.000694997162455312,-0.000836207206170606,-0.000291482464137786,-0.000620294507992775,-0.000351980795014693,-0.000152912258321735,-0.000299406924420945,-0.000613577784300451,-0.000777658287963463,-0.000918193414142021,-0.000719125378724565,6.1181781025491e-05,-0.000654663308460846,-0.000653581927346032,-0.0004313475679279,-0.000695181702563618,-0.00104667685987694,0.000667034865390056,0.00123027833998009,7.1762867962662e-05,-0.000475067867270465,-0.000848528906926787,-0.000759988193408559,8.89100817332688e-05,-0.000847501408403646,0.000340901166061944,-0.00113491250109548,-0.000468750836693743,-0.0102145617618707,-0.000659468603708765,-0.00113041785452438,0.000223867816953639,-0.00117929928941995,2.94136569506693e-05,-0.000635346081359836,-0.0002937947605361,-0.000435096883830459,-5.58351002202338e-05,-0.000502738302193091,-0.00115531771617167,-0.000711742126026945,-0.000385075123283913,-0.00145049407788263,-0.00320461852316526,-0.00192338310616603,-0.00370571211791043,-0.0042394834680236,0.00208585994080057,-0.00762549923493598,-0.0174894933945521
"801.355",-0.000681742724502669,-0.000346009457139501,-0.000150241229579677,-0.00010584206884078,0.000203303515336634,-0.000195811075372342,0.000394274028482919,0.000396851037083208,-0.000493356683176885,0.000177688115610181,0.000394969254229686,0.000372950293008175,0.000145076528267014,0.000457420431074525,0.000306559787485733,-0.000544170199243003,0.000641648928743432,0.000349127408025547,1.27379394331679e-05,0.000107646635216782,0.00314343601016096,0.000449505614156444,-6.24586103718333e-05,0.000253549637763058,9.15781901516423e-05,0.000311396619875143,-0.000153576982057982,5.4781036141267e-05,0.000751990235808434,-0.000129071836154296,-4.25502830270134e-05,7.46428209615331e-05,0.000558993795475278,0.000471604155004189,-0.000193295746228454,-0.00031152503003883,0.000328756484623801,2.63591292269747e-05,0.000169178112218515,-0.000240631047510843,9.63068390166787e-05,-0.000173554561535791,0.00141930412149516,-0.000220101797141959,0.00107426479292897,0.000702123000168231,0.00192923668139518,0.000743560628273155,0.00187574569807208,-0.000762247698689648,0.00481331152850859,0.0104359853027596,-0.0111387066663466
"806.114",0.00012399110292949,-0.00026289843943387,-0.000538167175313418,0.000188209115321702,0.000406665555775409,-4.65022720059046e-05,-4.21406271957414e-05,3.10412074578527e-05,0.000180683753223205,0.000234272546871935,8.89281906808648e-06,0.000447334725539834,0.00010063126394837,-0.000718806543948125,-6.34686866976331e-05,7.33136181251379e-05,2.21259279440808e-05,0.000256062345837787,0.000178734859579695,0.000632600092002936,0.00178854022292398,0.000450381199288846,3.7349005554579e-05,-0.000229086011886267,0.000389215815501307,5.55771320714298e-05,0.000252267338504924,-0.000240059100838418,0.000141688444410054,-8.5747153026905e-05,0.000245068557219323,-0.000244495831597937,-0.000300654664477809,0.00015396484614181,-0.000682005829375554,-0.00010750312570553,1.28899879879632e-05,0.000334950264147583,0.000874187263200477,-0.00081176374358203,0.00118799138020634,-0.000485999026054554,0.000460493530308871,-0.00100904799417365,7.69766119579822e-05,0.000978175326145388,0.000620649504419715,0.00209904234343039,0.00237235503832064,-0.00190706054878699,-0.000120964036143451,-0.00702882088621151,-0.00228759022258325
"810.875",-1.5471587931146e-05,0.000525907019093615,0.000262900020728311,0.000764802887975502,-0.000142235689572247,0.000428874784463035,4.25497795316288e-05,0.000111692358616769,1.39193516631654e-05,0.00035547312197608,-4.48799050239013e-05,0.000426090375744668,7.8348971198393e-05,0.000108901783761161,0.000285389907044269,0.000334867362325131,9.95657101052387e-05,0.000116453658150862,0.000931989043076808,0.00206067418351181,0.0002709308507149,-0.00083938785073433,-7.49381464725325e-05,-0.000216998478684535,0.000389106165124412,7.76688082072966e-05,0.00080067551939715,0.000131155553884035,-0.000207045134583869,0.000463467120094314,-0.000340764160413306,0.000500238039749952,-0.000354611346918544,-4.35640747599627e-05,-9.08278490682605e-05,0.000263830735535957,0.000417412368304642,0.00061566724146156,0.000127181431716487,0.000361857608553179,0.00128428816097198,0.000329895319040666,-0.000268449150673421,-0.000350201013411285,-0.000383433484077086,-0.000335867559969359,0.00138631718901683,-0.000480169894582015,-3.04784735732358e-07,0.0018272743680143,0.000839028533086853,-0.00341547610792688,0.0289974979067143
"815.635",-0.000697179828305345,-6.91306844911717e-05,3.75590546947611e-05,-0.000529341470563287,0.000386555189772731,-0.000251612697081306,-0.000119606429492009,-0.000167338950248044,-2.08334906489877e-05,-0.000484556484980772,0.000269108214391391,-0.000138736696786971,5.60905426846784e-05,-0.000795049118877405,-0.00043346227360635,-0.000345433348277818,-0.000519957595634047,4.66639122090903e-05,-0.00227305222352879,0.00188504272932803,-0.000290307005976595,5.00094095994904e-05,-0.000735263990399823,-0.000723950645459547,-0.000423281147711261,-0.00090067525673852,0.000361882841969753,-3.26646079556473e-05,-0.000316012937072402,0.000129720486187411,-0.000244912840927305,-0.000904201677359532,-0.000633640683739986,-0.000471395863722872,-0.00115933699645199,-0.000574942661781909,1.28497999309029e-05,-0.000374436108160848,-0.000479320903755895,-0.000871563597954168,-0.00101121803783099,-0.00135395877599063,-0.00164938604136582,-0.000285051514135286,-0.000332163779393828,-0.000456746712360633,-0.00305578939207711,-0.003540288923202,-0.00132381130713986,-0.00282041877110455,-0.00409749861654104,-0.0122599737156078,-0.0340717465471859
"820.397",-0.000139438264602967,0.000373642264291397,-0.000350472117852248,0.000576495983504425,-0.000772700703830481,0.000382333848022849,2.82164971645933e-05,0.000161271197744777,0.000340482304464099,-0.000524962657593,-6.28530651741877e-05,0.00043672423394168,0.000201035817652248,4.35683190851841e-05,0.000253673007332777,0.000355827566795857,-0.00038720177385295,0.00176900344728028,-0.00320543536203723,0.00103645477878776,-0.000637567868434626,0.000212794643047487,0.000261697510685035,-1.19800306528469e-05,-2.27669371854903e-05,-0.000845119984880604,-0.000340053783208994,-0.000130832747350627,-8.71355507880157e-05,0.000312591418732734,-6.38888645113436e-05,8.5245068918072e-05,-0.000247190151422546,0.000186595593045265,-0.000727514711008325,-3.59460951288479e-05,-0.000265458602319744,0.000441637560299155,-0.000225630599312664,-0.000120071495910712,0.000128510539386925,-0.000312469518635696,-0.000230238089086869,-0.000108982063358677,-0.000690373548100466,-0.00180088932076485,-0.00116370593901321,0.00188004132937148,0.000772680439601854,-0.000761689775310474,0.00265155914525931,-0.00408527262330612,-0.00838970152319208
"825.159",0.000387298339173608,-0.000179989772375779,-0.000350565652797377,-0.000694211134845858,0.00012192564969168,0.000158431401369921,0.000338072887144067,0.000229291762776017,0.000118096066639445,-0.000525084668174276,0.000278396460315324,0.000149347188385124,0.000100303130699763,0.000206931117262415,0.000264291317990131,-3.13516525462698e-05,0.000497831142515636,0.00578450934585269,-0.00365235901973975,-6.15769595553334e-07,-0.000903688779928841,0.000363272873766587,0.000274194967335242,-7.25365152681727e-05,-0.00013733892737137,-0.000444602483095762,0.000789801943761441,0.00010901975730641,-0.000414145740426246,-0.000592037726677566,-0.000213048429543921,-0.000542864074907888,-0.000129817588522938,-0.000427909898193402,0.00010225424368825,-0.000203889399343134,0.00011366558856309,0.000374453724769915,0.000183140708884824,0.000120364329324363,-0.000192751978985198,0.000503405554061881,0.000229914182564353,-0.000461420638335902,-2.7126563046894e-07,-0.000304134942686289,-7.30055056186297e-05,0.00135480064458813,0.000827021866820187,-0.00487487035432496,0.00181076150969142,0.00273552085864017,0.011719026665025
