"","500","495","490","485","480","475","470","465","460","455","450","445","440","435","430","425","420","415","410","405","400","395","390","385","380","375","370","365","360","355","350","345","340","335","330","325","320","315","310","305","300","295","290","285","280","275","270","265","260","255","250","245","240"
"248.336",0,0,0,0,0,0,0,0,0,0,0,0,0,0,0,0,0,0,0,0,0,0,0,0,0,0,0,0,0,0,0,0,0,0,0,0,0,0,0,0,0,0,0,0,0,0,0,0,0,0,0,0,0
"252.814",0,0,0,0,0,0,0,0,0,0,0,0,0,0,0,0,0,0,0,0,0,0,0,0,0,0,0,0,0,0,0,0,0,0,0,0,0,0,0,0,0,0,0,0,0,0,0,0,0,0,0,0.0781883379799957,-0.0373528132356397
"257.296",0,0,0,0,0,0,0,0,0,0,0,0,0,0,0,0,0,0,0,0,0,0,0,0,0,0,0,0,0,0,0,0,0,0,0,0,0,0,0,0,0,0,0,0,0,0,0,0,0,0,0.0618056591202443,-0.00142152247675913,-0.00972337623012029
"261.781",0,0,0,0,0,0,0,0,0,0,0,0,0,0,0,0,0,0,0,0,0,0,0,0,0,0,0,0,0,0,0,0,0,0,0,0,0,0,0,0,0,0,0,0,0,0,0,0,0,0.0525319495909218,0.00288933852549428,-0.00365837884267418,-0.06474288798739
"266.271",0,0,0,0,0,0,0,0,0,0,0,0,0,0,0,0,0,0,0,0,0,0,0,0,0,0,0,0,0,0,0,0,0,0,0,0,0,0,0,0,0,0,0,0,0,0,0,0,0.0470753424690089,0.003374825236544,0.00213244926176012,0.00348599045504377,0.0508583427045086
"270.764",0,0,0,0,0,0,0,0,0,0,0,0,0,0,0,0,0,0,0,0,0,0,0,0,0,0,0,0,0,0,0,0,0,0,0,0,0,0,0,0,0,0,0,0,0,0,0,0.0536072020274545,0.00531871401280651,-0.000653918461739338,-0.0103199106133135,-0.0159701080394433,0.010073542341142
"275.26",0,0,0,0,0,0,0,0,0,0,0,0,0,0,0,0,0,0,0,0,0,0,0,0,0,0,0,0,0,0,0,0,0,0,0,0,0,0,0,0,0,0,0,0,0,0,0.0767384940908464,0.00565410764376545,-0.00217262546626788,-0.00479537599500998,-0.0100222955089119,0.0163053023351525,-0.00918724810717349
"279.76",0,0,0,0,0,0,0,0,0,0,0,0,0,0,0,0,0,0,0,0,0,0,0,0,0,0,0,0,0,0,0,0,0,0,0,0,0,0,0,0,0,0,0,0,0,0.138071809583631,0.00882225982988072,-0.000728782144947232,0.00216879822607099,-0.0110438561430386,-0.00219885288620714,-0.0103100113599582,-0.0419631644792323
"284.264",0,0,0,0,0,0,0,0,0,0,0,0,0,0,0,0,0,0,0,0,0,0,0,0,0,0,0,0,0,0,0,0,0,0,0,0,0,0,0,0,0,0,0,0,0,0.0135848557009385,0.00145612921329756,0.00424433623765939,0.00260041372623643,-0.00379144385091124,0.00509520079747759,0.00861776015913292,0.00509838384204045
"288.772",0,0,0,0,0,0,0,0,0,0,0,0,0,0,0,0,0,0,0,0,0,0,0,0,0,0,0,0,0,0,0,0,0,0,0,0,0,0,0,0,0,0,0,0,0.0183232220749002,0.000272125799686957,-0.000936770449855809,-0.00470548431503362,-0.00418945301387846,0.000607856855766087,-0.00728059885469769,-0.00696568457583871,0.00904707265449933
"293.283",0,0,0,0,0,0,0,0,0,0,0,0,0,0,0,0,0,0,0,0,0,0,0,0,0,0,0,0,0,0,0,0,0,0,0,0,0,0,0,0,0,0,0,0.00917374651313124,0.00144113226466932,-0.000980224689083924,0.000813785094952141,-0.007429773395844,-0.00497450584202191,-0.00186822506154955,-0.000652096754339562,-0.0140613004327816,-0.0299537789749434
"297.797",0,0,0,0,0,0,0,0,0,0,0,0,0,0,0,0,0,0,0,0,0,0,0,0,0,0,0,0,0,0,0,0,0,0,0,0,0,0,0,0,0,0,0.0101236890068669,0.00028243588724193,0.00187325593227197,0.00230051443880083,0.00186849248205478,0.00376504418564633,0.00195439858777194,0.0021600006759677,-0.000625958983236407,0.00506541430656769,0.0192648641967997
"302.315",0,0,0,0,0,0,0,0,0,0,0,0,0,0,0,0,0,0,0,0,0,0,0,0,0,0,0,0,0,0,0,0,0,0,0,0,0,0,0,0,0,0.0134410638037401,0.000332532610433586,0.00125336269674319,0.00179807602427824,-0.00467183268567237,-0.000656717464181167,0.00075026920476539,0.00141327820613021,-0.00267215722389187,-0.00110257060918125,0.00427014471093725,-0.0294006534543144
"306.837",0,0,0,0,0,0,0,0,0,0,0,0,0,0,0,0,0,0,0,0,0,0,0,0,0,0,0,0,0,0,0,0,0,0,0,0,0,0,0,0,0.0160954632170371,0.000620156519874175,0.000709043267061817,0.00137803170892655,0.000240116527732481,-0.00132648048454792,-0.0021301564326929,0.00254499998930293,0.00251239148506153,0.0069657590725717,-1.17522504337686e-05,0.0108067707454722,0.00378278468790014
"311.362",0,0,0,0,0,0,0,0,0,0,0,0,0,0,0,0,0,0,0,0,0,0,0,0,0,0,0,0,0,0,0,0,0,0,0,0,0,0,0,0.0186511744664604,-6.13957602303913e-05,0.000142958358189837,0.00111260241398981,0.00152659595872599,0.000760159072779487,0.0035917144493412,0.000702101365526245,0.00159170801162604,0.00239444035893554,-0.00107200689393245,0.00463626933562093,0.00852482665182371,0.0413226944412894
"315.89",0,0,0,0,0,0,0,0,0,0,0,0,0,0,0,0,0,0,0,0,0,0,0,0,0,0,0,0,0,0,0,0,0,0,0,0,0,0,0.0303936287883152,0.000966710126241492,0.00082335600860101,0.00154247789404808,0.00318982169180491,0.00333852885428115,0.00349382437586118,0.00678144845271601,0.00704286209688956,0.00480518864225216,0.00666926258339067,0.00528721396036155,-0.000370882932227844,0.034612003202992,0.0369026528030163
"320.422",0,0,0,0,0,0,0,0,0,0,0,0,0,0,0,0,0,0,0,0,0,0,0,0,0,0,0,0,0,0,0,0,0,0,0,0,0,-0.00117113705262339,0.00192337884871088,0.000550060737222562,0.00108145194191347,0.000656696049189297,-0.000365207466885203,0.00206512685159971,0.00407518658894261,0.0044496384802426,0.00622251469431498,0.00298369609523572,0.00240096477365309,0.00514300297469242,-0.00204642122386042,0.000879813109036302,-0.020525466848324
"324.958",0,0,0,0,0,0,0,0,0,0,0,0,0,0,0,0,0,0,0,0,0,0,0,0,0,0,0,0,0,0,0,0,0,0,0,0,-0.00081552201972801,0.00328138722098616,0.00114359501174478,0.00132776923630266,0.00253405006968094,0.00395355597459944,0.00327600321143839,0.006521554111913,0.0067101153964771,0.00888566001761537,0.00776410148535193,0.00769941129900888,0.00779799116194147,0.00741848031633258,0.00627941685117325,-0.00281618048484695,0.0564770860036392
"329.496",0,0,0,0,0,0,0,0,0,0,0,0,0,0,0,0,0,0,0,0,0,0,0,0,0,0,0,0,0,0,0,0,0,0,0,-0.000642268503381782,0.00621856693368963,0.0023332144444134,0.00259483982449381,0.0037266864889734,0.00224257291904148,0.00155324169671228,0.00547818179663419,0.00756349162717805,0.010757519728553,0.0102529768810719,0.00687188833461469,0.00773790230132532,0.00885645916297654,0.00642972145419683,0.00965158422106965,0.0193489911262827,0.0249285098450835
"334.038",0,0,0,0,0,0,0,0,0,0,0,0,0,0,0,0,0,0,0,0,0,0,0,0,0,0,0,0,0,0,0,0,0,0,9.12299842477093e-05,0.00985213868284981,0.00202944516698728,0.00290038175790405,0.00170928941732696,0.00347425878551621,0.00424107804560786,0.00514035727868037,0.00722268586604733,0.00905003465464692,0.0108011416584781,0.0107372787969582,0.00936681755347278,0.00673541870552215,0.00972660258714537,0.0085551888553023,0.011873967447001,0.00284204483916391,0.0286047287988937
"338.584",0,0,0,0,0,0,0,0,0,0,0,0,0,0,0,0,0,0,0,0,0,0,0,0,0,0,0,0,0,0,0,0,0,-0.000139433596933469,0.0090596065334124,0.00223630709243928,0.00379208755163415,0.0038502603653872,0.00473204322753728,0.00314514767648884,0.00460144842903026,0.00797290826201363,0.00929487242309696,0.011909206186645,0.0130263258128552,0.013240281782642,0.0132011849687453,0.0101538889245296,0.0117831872092613,0.00981192138067654,0.0107045645508102,0.0113416699671361,0.00512278840257568
"343.133",0,0,0,0,0,0,0,0,0,0,0,0,0,0,0,0,0,0,0,0,0,0,0,0,0,0,0,0,0,0,0,0,-0.000988232219900853,0.00925366189558427,0.00120251855637809,0.00115681705795071,0.00319447117027544,0.00286432216356507,0.00244365818634856,0.00215308562255684,0.00368065533472501,0.00658108559695387,0.00866706016022467,0.00980491618310199,0.0114623393862747,0.00977380636719956,0.00887861278733061,0.00629900453749503,0.00997861378737123,0.00732669902027506,0.0057717824524573,0.0161006879754214,-0.0123190425209385
"347.685",0,0,0,0,0,0,0,0,0,0,0,0,0,0,0,0,0,0,0,0,0,0,0,0,0,0,0,0,0,0,0,0,0.0095710720280503,0.000367804957395825,0.000417932292719726,0.00132744448537275,0.00229147250741926,0.00239471573059205,0.00264580852905674,0.00385999563751419,0.00466010377531213,0.00679279380361971,0.00850330833100346,0.00961713682935299,0.00852235189820376,0.0110077399093882,0.0067328680035937,0.00752836121622708,0.00532432629984343,0.00680611394104817,0.00568542994669936,-0.00480638757862603,-0.00353951881785916
"352.24",0,0,0,0,0,0,0,0,0,0,0,0,0,0,0,0,0,0,0,0,0,0,0,0,0,0,0,0,0,0,0,0.00721264818561662,-9.92144826532093e-05,-0.000126551130963187,0.00079989454159936,0.00169241647620335,0.0018227593060543,0.00253040081643026,0.00219260820722741,0.0040076149672647,0.00556578967725216,0.00679377594928909,0.00759717707642115,0.00775776641918655,0.0079571780062014,0.00747547292786377,0.00577660271596609,0.00403975308751046,0.00469396637341711,-0.000579504302961826,0.0124203482710059,0.00141340613658955,-0.0138377145465212
"356.799",0,0,0,0,0,0,0,0,0,0,0,0,0,0,0,0,0,0,0,0,0,0,0,0,0,0,0,0,0,0,0.0114348178867881,-0.000238120485427928,-0.000740356643047863,0.000571663481697664,0.000612725252131205,0.000855685812320643,0.0017751240067061,0.0020837398866701,0.00324144531997326,0.00219985415673706,0.0042773613154251,0.00602752961474008,0.00617330203615881,0.00498222621949858,0.00583996099635617,0.00660802149028617,0.00462528665305293,0.00390107853987503,0.00313994094304585,-0.00223437356417162,-0.000148608164025996,-0.00100981611545723,-0.0108745373757689
"361.361",0,0,0,0,0,0,0,0,0,0,0,0,0,0,0,0,0,0,0,0,0,0,0,0,0,0,0,0,0,0.0182775837243558,0.000424694275381859,0.000181539330567027,0.000247496604042863,0.0010181990735967,0.00150661875180569,0.00125983559061912,0.00109865810268006,0.00346466086334705,0.00342556967738819,0.00444042325746186,0.00547598498565393,0.00490022080371432,0.00763427083753067,0.00697479293514429,0.00702110284783872,0.00678614851144578,0.00746636502118859,0.0056820998003197,0.00765157671670829,0.00643758312672098,0.00925724784459421,0.0230675727996944,0.07589393216199
"365.926",0,0,0,0,0,0,0,0,0,0,0,0,0,0,0,0,0,0,0,0,0,0,0,0,0,0,0,0,0.0654317894557487,0.000977289840378717,0.0007537486293319,2.01415274658527e-05,1.50854774881573e-05,-1.77829010290535e-05,0.001546831443926,0.00129954863217685,0.00193491809538002,0.003067626986681,0.00271613305332552,0.00271647999490668,0.00428551439693375,0.00499119487085736,0.0049838690705464,0.00474923409324549,0.00612372439282247,0.00294933705337026,0.00653597608456861,0.0015607190932603,0.00352780778717656,0.00289000724291519,0.00782943583068642,0.00391700454075929,0.0276126023592513
"370.495",0,0,0,0,0,0,0,0,0,0,0,0,0,0,0,0,0,0,0,0,0,0,0,0,0,0,0,0.0399962947516717,0.00338615817215081,0.000245174415019593,0.000379171484232273,-8.33969534717264e-05,0.000539707400737835,0.000972740513168953,0.000557722795066232,2.99981597985666e-06,0.00104514222620587,0.00238349613390338,0.00220703570986156,0.00319909416155575,0.00381694774071608,0.00350642760690734,0.00424083377859079,0.0054711952568479,0.0047212021113169,0.00404992084765872,0.00376965594990048,0.00277411854715294,0.00124127767685408,0.00500947393477243,0.00686928702412571,0.0116946951618761,0.0124058292003294
"375.067",0,0,0,0,0,0,0,0,0,0,0,0,0,0,0,0,0,0,0,0,0,0,0,0,0,0,0.0277765402951046,0.00249976487615625,0.000200171953060327,-0.000486908413437439,-0.000678089097441672,-7.11072778145604e-05,-0.000587779577094,0.000365328049452489,0.000626507512393293,0.000976624980838017,0.0010434346355794,0.00221794381593227,0.0015472749765257,0.00314001829133196,0.00290422482111649,0.00250334801941553,0.00302880570547891,0.00299330408530308,0.00429158016292192,0.0040363832728587,0.00301392103561145,0.00398887925991008,-0.00101907769664002,-0.0012404678117352,0.00230696821822866,-0.00783718949289079,0.00236784253472457
"379.641",0,0,0,0,0,0,0,0,0,0,0,0,0,0,0,0,0,0,0,0,0,0,0,0,0,0.0218906437691301,0.00164062123198572,0.0010385955355063,0.00045296850206516,5.63628431350053e-05,0.000308906261170124,-0.000355634177564607,-0.000959770622456488,-0.00134323479174266,0.000561198588416356,0.00100161743714935,0.00075850771165998,0.0012203045340034,0.00178302944159566,0.00249469934487332,0.00256490004883857,0.00439347461982954,0.0039331831859006,0.00256638202839606,0.00296734590530668,0.00385794268575086,0.00286495360793381,0.00457480430858775,0.00376613993887425,0.000469865882623383,0.00236288809892914,0.0159620204800666,0.018410600897681
"384.219",0,0,0,0,0,0,0,0,0,0,0,0,0,0,0,0,0,0,0,0,0,0,0,0,0.000321880320530044,0.00537110083949895,0.00158604204517077,-3.12390897945231e-06,0.000864929262160588,0.000854659119251478,0.000427415808516085,0.000827110331952994,-0.000170274495162506,-0.00145850847815789,0.00139246170694325,0.00176212929631945,0.00200323802338495,0.00235561230009928,0.00208927530649698,0.0026461494987602,0.00362011284525906,0.00384165460672676,0.00477275546113759,0.0035641569593719,0.00457854080084118,0.00508745158314995,0.0059547711343742,0.00597646126515631,0.00339744119686023,0.00806787020455579,0.00469180971916492,0.0242070009682324,0.0725609527367425
"388.801",0,0,0,0,0,0,0,0,0,0,0,0,0,0,0,0,0,0,0,0,0,0,0,-0.000773821888895743,0.00489366682301018,-0.000530077050526106,-1.52856344712198e-05,0.000420924265867783,1.12146507292394e-05,-0.000321407364879325,-0.000754121526664371,-0.000668729099257324,-0.00128831067754169,-0.000216349501225468,0.000248772566997229,0.000105790368308658,0.00149650197147069,0.00103799493773966,0.000742169661058969,0.00100104899904051,0.00162963005535024,0.00184751828633998,0.00262882536882788,0.00196091964816542,0.00274548737071452,0.00151384790389014,0.00307788939659299,0.00238617937882209,-0.000825235158594634,-0.00129423286698925,0.00238036553874155,-0.00247778311129862,-0.0359536939427507
"393.385",0,0,0,0,0,0,0,0,0,0,0,0,0,0,0,0,0,0,0,0,0,0,-0.00117306068832623,0.00818193943521475,-0.00115960494743459,-0.000263960175330372,-0.00079769680859481,-0.000731216107285719,-0.00076823507285528,-0.000307483570104346,-0.00155727609432862,-0.00155565428823462,-0.000871421058974559,-0.000233938173811254,-5.43303656604351e-05,6.68805163330773e-05,0.000467816191458637,-0.000231402048361792,0.00104590488989353,8.3058055804578e-05,-0.000245512905521659,0.000940877145008404,0.00112691468971558,0.00103961905830411,0.000532209220920635,0.00170913006813693,-0.00177605670802014,-0.002044325270641,-0.00499677527365863,-0.00587833643224911,-0.000709444796848712,0.000612364954040706,-0.0118192697124919
"397.972",0,0,0,0,0,0,0,0,0,0,0,0,0,0,0,0,0,0,0,0,0,-0.000439275837153419,0.00937096554743044,1.8305831309887e-05,2.92201178445778e-05,-0.000481228669813105,0.000178233209987176,-0.000234098283781808,-1.98486615266137e-05,0.000557683910992885,-0.00121801468867021,-0.000836477507791027,-0.000127212595764088,-0.000375893605090592,0.00026204301535749,0.000451678938146296,0.000406638290455669,0.000899479581117519,0.00149357278647649,0.00156532309603965,0.00213122203530086,0.00172717500272626,0.00200989324828186,0.0023220992220673,0.0020008861316269,0.0011780247944184,0.000633735994374823,0.00301569858313487,0.00146504905579591,-0.000918722910131562,0.00797004084205822,0.00853093299050059,-0.00880342934097456
"402.562",0,0,0,0,0,0,0,0,0,0,0,0,0,0,0,0,0,0,0,0,-0.000994964965119416,0.00989936815030859,-0.000545030922619152,-0.000205365140980141,-0.000336620998784711,0.00014861848952336,-0.00102407266674563,-0.000650883480579466,-0.000530971032213024,-0.000587997668289979,-0.000651169465474721,-0.000411275277017845,-0.000355424093572173,0.000183660180338238,0.000292263774491523,0.000232679380003775,0.000167388925153462,0.000247620088575097,0.000398869397402586,0.00143842844269102,0.000967310198731591,0.000814376639651129,0.00189974439804904,0.00114429477551769,8.81208573879605e-05,0.000211081151300911,0.00196607024937607,0.000961734690170043,-0.000151827774955081,0.00370562133909199,-0.00416366104832035,-0.00704932717073173,-0.00594235310429456
"407.156",0,0,0,0,0,0,0,0,0,0,0,0,0,0,0,0,0,0,0,-0.000413703236958773,0.0108119830266036,0.00028118158423952,3.10882485740288e-05,-0.000150187238174002,3.80866960713023e-05,-0.00045884948210787,0.000161076014942786,-0.000242890639645483,-0.00020841039994763,-0.00165193495566293,-0.000958825205962091,-0.000160333096139071,8.30336611015465e-06,0.000191976715664294,1.9943021968745e-05,-0.000158285183713788,-0.000535041852578816,0.000799381128019768,0.00137487061560448,0.00081871910365145,0.00110040960395213,0.00201322514524845,0.00191839868505269,0.00123143669517325,0.00258327205293149,0.000909954668368835,0.00249410584899785,-0.000310366629818445,0.00387357326708191,0.000797580869665995,0.0062303096115318,0.00874924699170557,0.000433167432922564
"411.752",0,0,0,0,0,0,0,0,0,0,0,0,0,0,0,0,0,0,-0.000843618234566024,0.0124234246292322,0.000820602782350183,-0.000759718241190452,0.000117137175697361,-0.000763594459965043,-0.000357744168839224,-0.00062453228372232,-0.000287442310584222,-0.000333640616832366,-0.00126798352273568,-0.000397564149734478,9.14607918310112e-05,-0.000506851834185629,6.35994752936427e-05,-0.000304203180635911,0.000235902684857887,0.000258089568556734,0.000337580555777306,0.000554785589725512,0.000986600770140655,0.000909183669908055,0.00072139968739901,0.000989984522522816,0.00170442238502962,0.00197156688889653,0.000882816273023365,0.000526216588090088,0.00109921929320415,0.00101845216966378,-0.00138449916377498,0.0017716520936252,0.00300582603382899,-0.000595683020136724,-0.00719839803576325
"416.352",0,0,0,0,0,0,0,0,0,0,0,0,0,0,0,0,0,0,-0.00416276789336628,-0.000521300739138291,-0.00134854918150944,-0.000459839573177255,-0.000287668095065262,-0.000474043858467169,-0.000625135139626419,-0.000273945757410171,-0.000934115607147781,-0.000664395337068656,-0.00141584228942176,-0.000916077425224178,-0.00064405032744308,-0.000643658421288588,-0.00103502797677197,-0.000327713799878726,-0.000145221476001158,-0.000204657520104461,-0.000442885541656862,0.000146839190989014,0.000382883621079127,1.14226750604334e-05,0.00129764341827899,0.000678637502266417,0.00149817971254,0.00134171327691502,-0.000176374864297336,-0.00106806982329053,0.00154464405573063,3.45277239918776e-05,-0.0012703767153194,-0.00324190955265492,-1.3945963720051e-06,-0.00963178999828162,-0.00430482854225739
"420.954",0,0,0,0,0,0,0,0,0,0,0,0,0,0,0,0,0,-0.269530548213281,-0.000750379408334619,-1.24598519878135e-05,-0.000234402982555832,-0.000617680189450219,-0.000531159760444207,-0.000363670709949913,-0.000239832464069046,-0.000388312155839298,-0.000729751481800323,-0.00129319129084222,-0.000971450895628868,-0.000152514547478087,-0.000186708476074089,-0.000825810577328229,-0.00053895771627837,-0.000641057798431824,0.000161126467331151,-0.000380456812641649,0.000146414728995224,0.000556848936698628,0.00073997576452585,0.000374908757015572,0.000709090130738307,0.000823864205628385,0.00129228296602226,0.00151478260573904,0.00157611271976319,-0.000282951627073399,0.000785320339693901,0.00170825091682553,-0.00156415655047519,0.000126940092878644,0.00851064329462549,0.00037069937709,-0.0343264986453616
"425.56",0,0,0,0,0,0,0,0,0,0,0,0,0,0,0,0,-0.0831664704767128,-0.0162657868795042,-7.60844375567132e-05,-0.00028746338469957,0.000433668620966221,0.000316327206713277,-0.000316968390705699,-8.41351733893219e-07,-0.00036679398029054,7.74729112807057e-05,-0.000294828181921523,0.000322453726102467,0.000125103881813009,-0.000370056828748465,-8.7221653844476e-05,0.000121722711787717,0.000325023166708892,-0.000125975094652829,-0.000214014994846347,-0.000216130828215351,0.000247519944855427,0.000108888711274867,0.000218448470702129,0.00136514315829608,0.000669518703907064,0.00126339562671117,0.00104973862855756,0.000644592371711821,0.00165174306556681,0.00139572082285244,0.00205428350481262,0.00256947264847575,0.000764654879542997,-0.000189038064307567,-2.94914710856657e-06,0.0038980343921091,0.015512560096037
"430.168",0,0,0,0,0,0,0,0,0,0,0,0,0,0,0,0.00892560651687113,-0.000273353526215537,-0.00259367361230685,-0.000207351357668895,0.000248148099770761,-0.000492356974339461,-0.000162099091277644,0.000468684394729489,4.73021569708763e-05,-0.000117897671272148,-0.00124849528713608,-0.000510645473703775,0.000118702966764791,0.000411316898148671,-0.000155541098454311,-6.85260917074835e-05,-5.99991997268669e-05,-0.000181954075541671,0.000316087125746128,0.000328440600578205,0.000595440946652183,-5.22279962007551e-05,0.000396637752682501,0.000203021348050233,0.000372926841082518,8.97003371178853e-05,0.000779203196977338,0.000551260607386429,0.00152791207560741,0.00145510659699872,0.000779910493211152,-9.09310007169691e-05,0.00125670614558812,0.000303452285279756,0.000243220357534715,0.00182461727016697,-0.00292811266412116,-0.0188228101688756
"434.779",0,0,0,0,0,0,0,0,0,0,0,0,0,0,0.00899894550593311,0.0014560724317778,0.000145922147394433,-0.0021657090248002,0.000294578924427242,0.000118032646174739,-0.000427128108072349,-0.00035198141624033,0.000577583577765805,-0.000361409511782352,0.000125475222084746,-0.000542500460989415,-0.000537641812725916,-0.000385976798172853,-0.000375250155473631,-0.000491549131543634,-0.000375404257909882,-9.39908668385366e-05,-8.69270977918668e-05,0.000315702080093657,0.000364059200372368,0.000172146429917662,0.00106200361201672,0.000910331226082742,0.000608701216682506,0.000577260624371418,0.0013492445987383,0.0012222677251317,0.000903853719389488,0.00170101361483189,0.00212726211104793,0.00038835768298487,0.0014541234357338,0.00160713037048897,0.00114058987481115,-0.000613324568202522,-0.00443156419795218,0.00470570547965361,-0.0111415545068064
"439.393",0,0,0,0,0,0,0,0,0,0,0,0,0,0.0110468890840866,-3.89603400093586e-05,-3.06115207709652e-06,-0.000513150157044156,-0.00230751173893902,-0.000742665546818056,-0.000547424491964375,-0.000519034549071464,-0.000179994896085594,-0.000140773823924171,-0.000291929495495804,-0.000946706953866547,-0.000261280897945197,-9.84592650778676e-05,-0.000347894851531459,-0.000433458218826279,-0.000145604321752538,-0.000152534160955869,-0.000465637656670112,-0.000496326762008127,1.68095218043014e-05,-0.000497419596441375,-0.000772069117268087,-0.000583712066005144,7.38602711502654e-05,0.00054912372199254,0.000645299941250436,0.0003188119117429,0.00017880152741539,0.000303365452031376,0.00057280997740312,0.00115849036845976,0.00111567124716559,0.000202644833160619,0.00201263089913382,-0.00153361225985907,-0.000487071640118437,-0.000862941688619196,-0.0023421688153097,-0.0091922984053478
"444.01",0,0,0,0,0,0,0,0,0,0,0,0,0.0183569405455353,0.0010872162936031,8.89415713450346e-05,0.000450532233466269,0.000754648578680121,-0.00111036048956069,6.88483068966616e-05,-2.17173178545689e-05,-0.000168169021986775,0.000333760249611181,-0.000488003461351106,-1.41994338202014e-05,-0.000133419889414,-0.000121544470459158,0.000421386860285181,-0.000154821788082826,0.000274324150677534,-0.000525093988180415,2.50538030326878e-05,0.00036816038935091,-0.00045730510019361,0.000327226280069775,0.00082249528402031,-6.62528059838736e-05,0.000377020300117108,0.000431129855624539,0.00021018601730234,0.00057882757033227,0.000378505011842089,0.00103681481652049,0.000827203112258583,0.00241329263897668,0.00100336861659667,0.00143779841824241,0.00137260811989961,0.000135392898082118,-0.00134774402732083,-0.000660260549275427,0.00245000786363076,0.017428438803838,0.0108744664847163
"448.63",0,0,0,0,0,0,0,0,0,0,0,-0.0418946849107383,0.00261941797506828,0.000510557343700032,-0.000352240078045269,-8.19257218367009e-05,0.000305431450173203,-0.00117906750147405,0.00016634076986236,-0.000218970842870384,0.000748158842942246,9.21824163014487e-05,-0.000566636159671875,-6.59056536415556e-05,-0.000233932065185329,0.000412238190222028,0.000177401945919242,2.50132546811385e-05,-3.36187792545496e-05,0.000141363354704088,-9.87234344267472e-05,-0.000238406944144765,7.45950060497413e-05,-1.87372243638518e-07,9.64961882558852e-05,4.60603075753529e-05,0.000223584966064113,0.00041248560690848,-0.000283420264578956,0.000765409209222903,0.00106528194536572,0.00145975495498888,0.000664850300637755,0.000810803968707102,0.00138081916338011,0.00124788503081578,0.000870498828280277,0.00326726822847762,0.000251589317811743,0.00193597884134263,2.78227807881367e-06,0.000350719449052056,-0.00516799306229986
"453.253",0,0,0,0,0,0,0,0,0,0,0.00726852239991277,-0.00543901981645967,0.000108183739789529,-0.000242413990605136,-0.000404225025530999,-0.000208705840151849,-0.000499497191009539,-0.00154699752785214,-0.000351715170057658,-0.000514632240569953,6.78979883700082e-05,-0.00061572400521559,0.000159996694721283,-0.00043085771695035,-1.04927015713986e-06,-0.000347769845448116,-0.000560992518217331,-0.000300097283756322,4.16297832541263e-05,-0.00032871285076933,-6.50309311400127e-05,-0.00017075722390528,-0.000566211139315695,-0.000435480707458054,-0.000416469805090475,-3.90956346616388e-07,2.81422375571933e-05,1.99190701420207e-05,0.000601798667288454,2.24589624762574e-05,0.000661212774793415,0.00089984982455379,-0.000280356407503223,0.000685062895890267,0.000916657047267547,0.000743930626348789,-0.0011957435514215,-0.000267328190456564,-0.000466216211223935,-0.00157098389169436,-0.00312090529664104,0.00431115926040285,-0.0203593885844414
"457.878",0,0,0,0,0,0,0,0,0,0.0158632696120415,0.00382884736246085,-0.000116010817367175,-0.000203937740104672,-0.000338075165492506,-0.000384084914087479,0.000149252210754177,-0.000360704325195826,-0.000652617587534202,-0.000145711571033864,-2.10555179888563e-05,-0.000141740361161394,-0.000503484978393233,-0.000547086037947338,4.40700934598902e-05,0.000414568030671522,-0.00034445829507174,0.000596368704271681,-0.000247605882330114,-0.000148259708882102,-0.000154643478696612,2.41195404327982e-05,0.00036177587450244,-0.000203471718890136,-0.000107901547308005,9.44673850137108e-05,0.00010821547994538,0.000343772234993162,0.000707791515970163,0.000287281704254503,0.000567397806653315,-2.43787977133017e-05,0.00015709259826766,0.000303353425652302,0.000347712980074626,0.000964789483398538,0.000229663121776322,-0.000469353191914119,0.0014509162040643,0.00357926567232996,-0.00121298926855182,0.00236261670626656,0.00853879098329631,0.00417722116044536
"462.506",0,0,0,0,0,0,0,0,-0.000345401453169136,0.0026149516350151,-0.000172625073155477,-0.000408334296503373,-5.10815883452656e-05,-0.000661552393112442,-0.000594716565147576,-0.000541929827463581,-6.7522764827467e-05,-0.000707941180668706,-0.000335525035185235,0.000259809163164931,-0.000549923579945308,-0.000277812222488967,-0.000198593345088988,6.27409373279305e-05,-6.01932724331899e-05,-0.000466556319443521,-0.000279553526487303,-7.37269890829098e-05,-0.000220548056225041,-0.000121065876790773,0.000135675218495969,-0.000111741418589827,-0.000507650723183573,-0.000238561013284162,-5.11624633839344e-05,-6.31223897773726e-05,0.00034079863535008,2.96105454980763e-05,-0.000105957067116363,0.000495598541074133,0.000360813338663266,-0.00019533002353061,0.000272434888383209,0.000869769648971794,-0.000134631076680147,-0.00146344491741657,0.000244118639501291,-0.000231499340051419,7.9895361312654e-05,0.00114048961310937,0.0020731631692624,-0.00644446381171777,0.00244041016899866
"467.137",0,0,0,0,0,0,0,-0.000322377347172997,0.00370574689094619,0.000248495835597719,-0.000433265232276696,0.000156337372354156,0.000246832692548129,-0.00049220769381475,-0.000118205689341274,0.000161472313546922,-0.000443415089976669,-0.000819330856635369,5.78955217471824e-06,-0.000775665114712464,-0.00038508144006515,-5.15399288009318e-05,-2.84979748620307e-05,0.000437097435432346,0.000143555591391788,4.94522549013848e-05,-6.50786720773102e-05,0.000218042616464237,-0.00011289268625571,-0.000326696705818525,-8.67730500540896e-05,-0.000598649540171087,-6.41474594766676e-05,-0.000763471291932782,-0.000319697039535874,4.37863395183851e-05,0.000167599938331411,0.000415303579597219,-0.000282144590962664,-0.000479263096785762,-0.000202201039740583,0.000397657384438934,0.000240079679325452,0.0013453916185914,-9.65480556493717e-05,0.000855855749358062,0.000481331432203564,-3.73499460984881e-05,0.0018314656685769,-0.00113074425721744,-0.00294286320106118,-0.00687776360089728,-0.00958995109121721
"471.771",0,0,0,0,0,0,-0.000113724989145636,0.00589480486962446,0.000173630350057651,0.000353125552689933,0.000117352176361361,0.000210351587627,0.000212532187858555,-0.000216546621603974,6.13716946725501e-05,0.000306273426894193,0.000112678361833322,-0.000327591734571873,0.000147150360081279,7.85954968169772e-05,-3.92950637263852e-05,3.56866312679902e-05,7.28865801213191e-05,0.000425164565108858,-8.56029218121576e-06,-0.000391806329152506,-0.000152875890889341,-9.62542417397423e-05,0.000352169231286174,-3.16175793445862e-05,-0.000101692947853991,7.76930695104423e-06,-0.000189710207707262,0.000289550542626458,0.000542584728362336,0.000149381396334446,-2.82352518917663e-05,0.000903791980177899,0.000455195160492165,0.000816815631484586,0.000365201537096415,2.518756929164e-05,0.000618495378305952,0.000675258736071742,0.00165036600387285,0.000739126867714645,0.0013074822442318,0.00182483383639242,0.00125258895783945,0.00133876989518625,0.0044853794681245,0.000645965969296619,0.0129508907220554
"476.407",0,0,0,0,0,0.00579374260742471,0.00347532593171124,0.000497475883290972,0.00043532414163123,0.000423294361182098,0.00037284559597007,0.000746439641830773,0.000668620784195223,0.000445180714910663,0.000617251803316337,0.000496529512339158,0.00018426910503092,0.000208579779135775,0.000332129254646259,0.0011457444556004,0.00010444349022101,0.000136856971439685,0.000272814379247575,0.000255753395374147,0.000401436382063449,0.000382026915701243,0.000368492757789807,7.85876828139252e-06,0.000565709435099832,0.000196843076848181,0.000420476863639754,6.22607515365748e-05,0.000400720095961445,0.00023218314217919,0.000614963214804381,0.00060377313020459,0.000692871818882424,0.000674677627171483,0.000659420180944849,0.000725054240331261,0.00100896739587927,0.00112872156966626,0.000951543541945767,0.0011207904116699,0.00141948873170475,0.000734503631726763,0.00212730831708353,0.00181873707874955,0.00160896678962754,0.00567073255330475,0.0022761515939049,0.0122046902383651,0.0154928909792872
"481.047",0,0,0,0,0,0.000965791114487247,0.000251824298908757,-8.69835300704874e-05,0.000448893116835148,0.000409736977647835,0.000410494467605686,0.000208555671026437,0.000381194344925009,0.000229281475326542,0.000184140222005806,-6.88227493662137e-07,-0.000295204568016208,-0.000469944533079043,0.000646830021036337,-4.16842374035709e-05,0.000308823341942706,0.000437051340437608,-0.000398997201968854,-2.63913215340309e-05,0.000557880511038232,0.000550225102473829,0.000470433866258268,0.00062747983333308,-7.13584382473082e-05,0.000266468686011657,0.000139462555398263,0.00024773730039436,0.000234262142804385,-0.000119973494460876,4.13321570363999e-05,-0.000104823876267829,0.00043173753637511,0.000457479855785121,0.000758925885539116,0.00029454701190202,9.33323840665814e-05,0.000340662062423508,0.000807824373965297,0.000605531446552916,0.00243623029477275,0.00175157444117382,-0.000399857143531083,0.00164925999485008,0.00184065609748403,0.000271925641515616,0.00375200252326952,0.00769189234256026,0.000406825239802178
"485.688",0,0,0,0,0.00707527708992553,7.02188574266006e-05,4.53339892907442e-05,9.85056841094987e-05,0.000110806376706771,0.000322299313327835,-7.5113236778151e-06,0.000488327486343768,0.000308496595197837,-8.50096141759543e-06,-0.00027780065254129,0.000204165209441871,5.57370788763275e-05,-0.000327139522440074,0.000100870889298476,0.000520160177122261,0.000222382498050252,8.91898174445441e-06,-0.000508752861381024,-7.93349649881165e-05,-0.00011704128118189,-0.000380872742826953,7.17180871482388e-05,0.000183022196771631,0.000150973827074255,-0.000133423192889141,0.000512415292768581,6.1891135532031e-05,0.00011724622932607,0.000119332679236402,-9.11957508711348e-05,1.71595870222581e-05,0.000119304618567218,0.000419260851150003,9.19469753189595e-05,0.000580044148152203,0.000526250879450044,0.000442273035173445,4.02778330260261e-05,0.000750736764698558,0.0011722659605854,0.000754699124223439,7.76570133125435e-05,-0.00108639199056444,-8.29487901820008e-06,0.00270903077318993,0.000503303279199832,0.0121956425889144,-0.00336507434294908
"490.333",0,0,0,0.00964941568296213,0.000444772345289026,-3.53693634650518e-05,-0.000196016982904776,-0.000163522821719948,-0.000314861081618045,-0.000478731790649151,-0.000177453987529524,-0.000132587748848287,0.00017072052201118,1.55809372963498e-05,-7.01290775925626e-05,-5.24212801469425e-05,0.000333253160267638,-0.00059557479634666,0.000155627777496734,0.000176945032618201,0.000252153855362618,0.000237408637226705,-0.000309278700966784,0.000193794450266447,7.5204610053139e-05,5.68432305883744e-05,0.00042389822484897,2.38193317404315e-05,0.000286419495950928,-7.85782108287186e-06,-2.33541046186293e-05,-0.000248583359503444,-0.00038449986751939,-6.41592238853715e-05,-6.63983738754271e-05,-0.000166374933299956,-0.000147985417343248,0.000634461359195016,0.000143815004839785,-0.000198075186695669,-0.000117295141964939,0.000265772672416039,0.00020996569692682,0.00148922596797332,0.000857859224319923,0.000354572996233477,0.000981591064468326,-0.000701218872450037,-0.000850096963935376,-0.000620327758188235,-0.00370720592904314,0.00195883477037218,-0.0036731358461633
"494.979",0,0,0.0179700705828866,0.000823206425083505,-0.000290086747941024,0.000250582046972858,0.000349132846464416,0.000252847403829615,-4.09548119092105e-05,0.000317086487629722,0.000261213928452393,0.000496681038094864,5.66380876857365e-05,0.000420589008185534,0.000305451007739806,1.54693190822144e-05,-0.00060911788074183,-0.000865989590530459,0.000781449446821329,-0.000590392715357393,0.0006400726831409,0.000319637707193768,-0.000181706836822234,0.000422617125737989,0.000242051466228031,0.000162287734799263,0.000351573276772106,2.38013058156323e-05,0.000342006422552722,0.000117886601650574,0.000170982168994828,0.00029503861491999,0.000368292451047131,0.000183817028399072,0.00030691428818916,-0.000201320813388801,0.000377967410561637,0.000224410350544352,-2.10825876733004e-05,-9.92270650806093e-05,0.0012412847421849,0.00049358908684236,0.000250004841987924,-0.00052875564555964,0.00199511770392059,0.000732431759731377,0.000662082827944862,0.000790662772899513,0.00208170502265614,0.00349142195098348,0.0111721133061617,0.0259618078156945,0.0133830591258464
"499.629",0,0.00708010991779953,0.00178012014111311,0.000649238041031473,0.000412854145086342,-0.000115964504012335,0.000214516453583477,0.000251687005060881,0.000382854377159386,0.000227798205508343,0.000162191838020639,0.000332038619590554,0.000477902134395436,0.000496860512618495,-0.000499396867945864,7.95246965149612e-05,0.000773098932309434,0.000250359563829162,5.50862461547996e-05,5.86039788547723e-05,0.000279679539705453,0.000372688927807078,-0.000217002619522049,0.000175049272387078,0.000257439511586163,-1.61026645741051e-05,3.15372888930239e-05,0.000832490937189358,0.00023746387301407,0.000500549266072153,-7.74992261087281e-06,-0.000232012726221911,0.000796230842573326,-0.000270818011809135,0.000759465199045775,0.000565443975732664,0.000376012088739234,0.000602232049040632,0.000194163779095542,0.000960209675158352,0.000605911086570744,0.000176134954688262,0.00148766457878323,0.00138471796702904,0.00131686719078784,0.00101633001971329,0.00190198053469397,0.00205455249871997,0.000547914941832996,0.00495769088051978,0.00658143196172684,0.027341252739632,0.0377878229643391
"504.281",0.00396915200444475,0.000681427689765479,0.000808864107723673,0.000265078280934476,0.000221233741288785,0.000114437942812341,0.00047087129779014,3.10184102708557e-05,0.000272146126750375,-1.8107911877205e-05,0.000371196545018423,0.000262816584706211,0.000364505994991496,0.000803173655949273,-0.000506079147248303,0.000321516520997484,0.000470388155206506,-0.0004159262523787,0.00030572899577102,0.000323285342375056,3.84612515182174e-05,0.000354783059329681,0.000189988029160676,0.000113890121820073,-0.000274417827230679,-8.00753269886612e-06,0.000685026749533438,0.000238038244387884,-7.12895986869538e-05,-0.000101743063850683,0.00018578567951793,-0.000162560334546788,-0.000469127800889984,-8.00148376345197e-05,1.65218568306588e-05,-0.000139458980823396,-0.000119844021397394,0.00078777431947463,9.97919159517491e-06,1.05207941107341e-05,0.000373146079145359,7.5125457551241e-05,9.64593572981466e-05,4.67624788369498e-05,0.00196792144727106,0.000751978234121582,0.00237856416329733,-0.00124707611318438,-1.38205580021873e-05,0.00244367394896913,0.0167868854931023,0.00761486384121715,0.0196911592348311
"508.936",-0.000641253441646918,-4.09534274120448e-05,-0.000136417308197002,5.09964016537375e-05,-7.3882096601788e-05,-0.000283744430447632,0.000183069605359446,-1.37895064733075e-05,-7.05514199740285e-05,-0.000362449311399985,-6.7641763345369e-06,-0.000285333731005738,4.61533390621431e-05,4.62799734011528e-05,-0.000280710619685043,0.00031321751063024,-0.00013718527547051,-0.000194321925823644,-0.000258860461860759,-0.000156031376837958,-1.93942602200998e-05,-0.000153988362986438,0.000189029425848443,0.000200601528489845,0.000537745450479368,-0.000233105909595197,0.00020602052000339,-8.03443818374365e-06,0.000244362852006309,-0.000132374613524181,-0.000177204172428586,-0.000107814891980537,-0.000357705876890092,0.000118617303395305,0.000328873607560953,-0.000511102215259716,0.000164261479144787,-0.000397030156447494,-0.000122697789968147,-5.46103817904655e-05,0.000858759344847032,0.000526811945427811,0.000498784414781339,0.000237260441960568,0.00168136361703563,-0.000575844586806328,0.00168067261678295,0.00049549137268669,-0.00029185384148347,0.00625252962548831,0.00333833081325258,0.00452943345494075,-0.000462647035358038
"513.593",0.000176822122907722,-9.02394941596355e-05,-5.42908895263127e-05,-0.000549921478776245,-0.000299815432994751,-0.000134601421500852,-0.000223245183725102,7.55228539336301e-05,-0.000120202034038133,-0.000244080141074252,-0.000393827913840569,-7.03619612104286e-05,-0.000496428199063946,5.90604689123947e-05,-0.000226429303654221,0.000156744683111292,-8.86482703329518e-06,-0.000611046724919343,-0.000202025560268752,0.00029071421887704,0.000172036257382095,-9.89532290878891e-05,-7.17179062133394e-05,1.73624257657528e-05,-0.000164697232498326,-0.000391669855529546,-0.000252207046444599,0.000455276972350424,-0.000470183940538752,1.54975322912141e-05,9.18929389071696e-05,-2.30056104662054e-05,6.18171729410389e-05,-5.54589992874001e-05,-5.72211545099471e-05,-0.00037897400317701,-0.000436469849413064,0.0001057110071128,-0.000486584230211238,-0.000162430089479769,9.23071701727676e-05,0.000473995700299022,0.000151030774879268,0.000439964799695588,0.000108928555187463,0.000392810113676498,-0.000451608776832305,-0.000638248054211262,0.00271083223409965,0.00635740885988684,0.00512440109540174,-0.00377206998503086,-0.010838551989072
"518.252",0.000121550384235155,-0.00066343556217875,0.000125143064153253,-0.000126272807077888,4.3469312371974e-05,0.000199769049634063,0.000216682090580632,1.32474613308468e-05,0.000163942132449478,0.000208007185170461,0.000281614708486458,0.000384103553788029,-0.000530021248160283,0.000319799412334757,-0.000371718309331338,-9.00798587528004e-05,-6.36684238606399e-05,2.47417691104038e-05,1.73125026109406e-07,-0.00022181021909059,0.000608630222972035,0.000223968562513552,-0.000463311775485952,0.000483372451746232,0.000114480920786548,9.5421124476497e-05,0.000102108354882738,0.00022658704188003,0.000296316529475816,0.00028507427489479,-0.00033530279382777,0.000243648686498252,0.000161829608420116,0.000117712260497939,0.000252105029679051,0.00025683545276711,0.00059682370138335,0.000593525034588769,3.02511444987189e-05,0.000161426876474615,0.00041337592010686,-0.000161576328448005,0.000589256902768157,0.000595841610852765,0.000987176561649916,-0.000222594235720808,0.00179004569355161,0.000426516737403178,0.00286933578343071,0.0101964976072144,0.00810459574259104,0.00743895930344811,-0.00448968867587297
"522.914",-0.000331205410924134,0.000481903118876724,-0.000160493679525448,-0.0003431427474148,-0.000115953150894902,-0.000119864796847325,-0.00017556328641738,-5.32807819185357e-05,-8.41071000386997e-05,0.000108626067387447,0.00015670475528145,-0.000198434271071489,0.000291361883533741,-0.000196110335333373,3.70343272168641e-05,1.4304633222928e-05,-9.44714165609505e-05,-0.000306016012773961,-0.000218096380525213,-0.000163026598926232,0.000141869132409617,-0.000187028393878437,0.000141656837064974,-9.44933141654973e-05,-0.000398873838505633,-0.000126498151206946,-0.000475663196229721,0.000139660449787629,-0.000147275940475602,-3.0615214236264e-05,0.000295456217015282,-8.33541910382601e-05,6.8727893097275e-05,-0.000304342661766406,-0.000452802209733514,5.08410710528866e-05,-0.000305820885033211,-9.48330311991667e-06,-0.000170655976141671,-3.23086924274261e-05,0.000547954599559586,-1.49426562062e-07,0.000135234833094965,-0.00020329788860414,0.000470943107272052,8.10623658043272e-05,0.00113271082052921,0.00272711515258016,0.0118522106847629,0.00452720400746226,0.00177922589212258,-0.00452856034783821,0.00129667578852634
"527.579",8.72752243786993e-05,-0.000275853743719187,-0.000525485228120049,0.000301217256699339,-3.62856207147261e-05,0.000119110129814669,-2.51806858841031e-05,2.187289125241e-05,-6.44845094315389e-05,-0.000432447660893559,0.000203344271265306,-0.000110293760826136,-0.000155896312793747,-0.000380137486667531,-0.000105547207891981,0.000103865019858449,-0.000212600738275853,-0.000554176016703575,-0.000236154603871584,0.00042179966501622,5.67811551679142e-05,-0.000382887189107572,-0.000309960601083086,-0.000266189718611773,-0.000699919619293217,-0.000284687242249391,9.34129389970793e-05,-0.000124402372967748,-0.000302295367861027,-0.00026807069313307,-1.5189540859911e-05,-0.000106014480839583,0.000145017936722936,-0.000226218974885502,-0.000202130632529229,0.00012764120128275,0.000152635306447151,0.000161509780073219,-0.000551707161798248,0.00013901144608716,-0.000479630257210002,-0.00066684479760808,0.000244052554890729,-0.000156840107296471,0.000943514164358154,3.64615420872312e-05,0.000613710892215586,0.0046923519840605,0.00245866930944677,-0.00144936513796351,-0.0021521028094109,0.0028574022615658,-0.0146062824642238
"532.245",0.000341141884966343,-1.0190366303804e-05,-0.000347544267304181,-5.86366957987379e-05,-0.000586193653612776,-0.00035192722784895,-3.51964146425555e-05,-0.000203131221549034,-5.49358994209743e-05,-0.000287747992107912,-1.84578360815472e-05,-0.000303950738358139,-0.000382549921434051,-0.000256103389475549,-0.000128045040928615,-1.93401741752064e-07,-7.06731700432441e-05,-8.29128710233434e-05,-0.000481318103900212,-7.66369055383806e-05,9.40108918477072e-06,8.90775452187556e-05,0.000416600668261367,-0.000395060507771365,-0.000342035073670491,-0.000261100668024491,0.000249588669542509,-0.000287536996843019,-0.000240438748811301,-0.000498143564767255,-0.000310765276903649,-0.000340841511533004,-3.07257362294681e-05,-0.000234103065318538,-0.000355969350710998,0.00018732543396654,-0.000585078657350821,-0.000295593937752945,-0.000110848873024641,-0.000107385186011974,0.000513796555228018,-0.000234698812272902,-0.000423591172134632,-0.000157811162885165,-0.00018451218545438,-0.000289458619848414,0.000972901123569892,0.00827681457681859,-0.00197440712039629,-0.003525510955861,-0.00505245100687925,-0.00717061405347449,-0.0280077595196998
"536.915",0.000343841833493512,0.000287525387622187,0.000179174380625432,1.68570287003292e-05,7.27517063197353e-05,0.000153454089240564,0.000161674830392812,-0.000182768299069807,0.000297180421567532,-0.000545782782320818,0.000329559020256933,0.000157112199415682,-0.000184976593251695,0.000202782695886692,1.47086203649424e-05,6.72499234714348e-05,0.000198057019706789,-0.000351154913573144,0.000265198213167101,0.000348163416821558,0.000457727017063708,0.000341202042423014,0.00024113979444177,0.000164304355459545,-0.000164468821832655,0.000175565385905754,-0.000338323771062187,0.000156597187924443,-0.000156409878550954,-0.000115917488768609,-9.17404450050751e-05,-0.000137637896987286,0.000131065843237703,0.000133445818466486,-8.97555661681142e-05,0.000274771113831361,0.000180999898422474,-4.83689072252144e-05,-0.000202732056799686,1.01252003029322e-05,0.000356921122808419,0.000609819103262838,0.000892466525496362,0.00050093482050439,0.00072984145610511,-0.000118364545465064,0.00111919967305507,0.00745977997525518,0.00289979250631197,0.00228400906362232,-0.00243851408820246,-0.000472843194445086,0.0181622826892196
"541.586",0.000505576681202266,-0.000462008728687575,0.000109052194099315,-0.000111010466041194,0.000147455960630927,0.000189373418965816,0.000214685199179182,-5.39584441106261e-06,-0.000342400571911015,6.75838228635095e-06,-5.65880625447157e-06,0.000200174278038637,-0.000138034212450457,0.000276308187003204,-0.000169003620965023,0.000159598921509008,0.000200797732912004,-0.000143499249216293,-0.000490685634864112,0.000332636208130473,0.000617385483052118,0.000199855639428205,0.000759230057540787,0.000306523702299374,-0.000257411656509176,0.000161309170052497,-0.000421630063585517,0.00011083438988275,0.000261009992586526,0.00049241423381533,9.27752700168807e-05,0.000216237457374914,0.000421478803801271,0.000103331129901098,-0.00021450252794069,4.35125130084688e-05,-0.000394473526182013,0.000165215825427766,0.000716120325165869,0.000370682274909866,-5.82880909059817e-05,-0.000113483662849292,-0.000459661732398331,-0.000130640670300599,0.000423216326505852,0.00245310707648806,0.00968823064676139,0.00314345365666886,0.00035040621969668,0.001817846643471,0.00056751151246901,0.00558005331001006,-0.00729827282397189
"546.26",-0.000543375277246413,6.05962250446865e-05,-0.00011892414968882,0.00011171708698492,-1.67786047725852e-07,-8.8565204891165e-05,-0.000201039397753388,-2.53159700593247e-05,-2.72791250693384e-06,-6.55772261726282e-06,-1.48479475597135e-05,1.53394279191679e-05,0.000236286972914407,4.76045676412349e-05,-0.000169951399680554,-0.00014504744104576,-0.000153397328434375,4.22189415027577e-05,0.000288969895571882,-0.000108335709712699,-8.74238799329913e-05,-5.49631384891333e-05,0.00036400454159397,-7.93044386237413e-05,-0.000183733321250422,-3.24714477597726e-05,0.000272183567445064,0.000199440102046235,0.000270686553155582,0.000180938038000122,0.000178948263604292,4.65725458232545e-05,-5.51247477183127e-05,0.000336527183747404,-0.000199289564979019,-6.99025131784532e-05,-0.000110925256996539,-5.88985010990791e-05,0.000134097815626982,-7.66903885012963e-05,0.000281253182672719,-0.000165008804136575,-0.000463920125900026,0.000683860165146644,-0.00054566306078687,0.00396968196818334,0.00991044374459238,-0.000736054474539005,0.00148197089246527,-0.00039246673644694,-0.00165541986802545,0.00187957064185634,-0.0130177774886221
"550.936",-0.000787018308542074,-0.000610950617445856,-0.000469803652816916,-0.000632119474454886,-0.000232054975299379,-0.000274840631934245,-0.000364285724249372,-0.000288674582879452,-0.000365639165723302,-0.000521840346049059,-0.000350497454523804,-0.000917204366347907,-1.65813555230606e-05,-0.000176192226286459,-0.000342105228811733,-0.000423347091727032,-0.000732278303010509,5.10862288356622e-05,-0.000375747576246453,-0.000446471488728515,-0.000547914555262279,-0.000525345457737936,-0.000247345655021901,-0.000799218874243441,-0.000673780081309302,-0.000392683184728578,-0.000492088089024926,-0.000610668688784186,8.03770336508665e-06,-0.000744999586394021,-0.000219509115614574,-0.000101886903874916,-0.000245402956564267,-0.000508602782269253,-0.000292818085237755,-5.30543633067764e-05,-0.000549001346223976,-0.00104422182239073,-0.000311618204304356,-0.000564254727328874,-0.000425476412354485,-0.000523896998459057,-0.000285946922217752,-0.000506371162167758,-0.00106503398052025,0.0110038143726272,0.00384057870770363,-0.00120031186512288,-0.000534370114222594,-0.00225077232585633,-0.00312510651163279,-0.00337241492976871,-0.0159990364173945
"555.615",-3.46463904222138e-05,0.000428119810125175,-6.4640308835341e-05,0.000442220242700451,4.48744501108247e-05,0.000232198898563401,4.3554201959878e-05,0.000175325638141032,0.000256791238501874,0.000290274767522779,0.00016473409368244,0.000619505126675113,3.27589382816792e-05,0.000136275906752402,0.000544994074390753,0.000300666428537299,0.000512967864194043,0.000240107601009909,0.000131701241264064,0.000148912416646306,0.000558341830282744,0.000553467934662287,0.000202021536822699,0.00039117498307559,0.000573423431133869,0.000409662773013687,-3.23482426555612e-05,-0.000209290591138485,0.000297211048699109,0.000206381527802461,0.000172690256018604,0.000666514662701953,-0.000158692462738117,0.000379614639863935,0.000594851071138088,0.000423524228666774,0.00019544774556373,1.93432769010996e-05,0.000425664026237634,0.000176803737970766,0.000496769911126994,7.59369915137751e-05,0.000461374233567268,0.000495788070522036,0.00422353358438594,0.0142296526272465,0.00364607041384005,0.000476647749165513,0.0021042747962517,0.0021552347216575,0.00360602290790624,0.0126529190960781,0.0102469786919083
"560.296",5.74461531276622e-05,2.0334611892866e-05,0.000463020630159073,0.000435435062207538,0.000172697725254251,-0.000217619397762522,0.000370628197601256,0.00020547791408816,-0.000155430036423832,-7.8048453653378e-05,0.000530948685720955,7.89101950837364e-06,0.000264471741926749,0.000209522462024233,0.000305010542853164,-2.17252284248371e-07,0.000180044610228526,0.000275268352181374,0.000415768706737959,0.000149603786744319,0.000304831385232409,9.27304543752841e-05,8.28869821129033e-05,0.000160836848302944,0.000126968080990672,9.87694872688384e-05,-0.000121882417571021,0.000347466507918837,0.000419503454410751,-2.39170544636507e-05,0.00029960742373643,9.45220205656574e-05,7.1674970903499e-05,-0.000178514490441777,0.000168296220286291,-0.000292675505747261,0.000149638003709233,-0.000307065228341284,0.000521183117185923,-2.26277793014864e-05,0.000213778884791642,0.000628628611920547,-0.000401381881226238,0.00100826257803686,0.0113147250292589,0.00638395007248506,-0.000546700811868645,0.000284383232061746,0.000890812587194156,0.00141178652447453,0.000469109153659445,0.000338701187092152,0.0110629614393646
"564.979",-0.000115841912100783,-5.17975056707911e-05,-0.000448598299549659,5.27009407571705e-05,0.000181221355228921,0.000215817923461502,-0.000125520006905195,0.000173740237734603,0.000321233229756443,-9.07072878266591e-05,0.000321689715336239,0.00026232894621455,0.000191680910240456,-4.06182238445558e-05,0.000402448112598486,-0.000179647073819093,0.000346414188654987,0.000511998618113555,-6.66658342468456e-05,0.000442986044293022,-0.000168714700899567,0.00027114680325792,-3.72083727364155e-05,-0.00036951662616934,-0.000256460914256779,0.000232469060607322,0.000180139017755794,0.000171224942210215,-0.000122094142339322,-7.23869123194169e-05,0.000254597485951929,0.000317859837617921,0.000321131136347413,0.000122902384501786,-3.39609502326754e-05,-9.86403593190438e-05,0.000396405808464293,0.000259735346552927,-4.22749046243031e-05,-1.15973296210364e-05,-0.000216003984461784,0.000387311363169472,0.000438608496532506,0.0016327667761802,0.0140338580339207,0.00157618870401452,0.0005664729167938,0.00110362651018215,9.63627295213921e-05,0.0020414778200785,-0.0012786701327993,-0.00507599340598486,0.00295746796620497
"569.664",-0.000943791185459974,-0.000624448809586465,-0.000546079039591721,-0.000363024071149761,-0.000706385146049289,-0.000688526603397776,-0.000219725308972672,-0.0004996117586286,-0.000423502414296645,-0.00061980708778552,-0.000195728481787585,-0.000392528409254414,-0.000260453157449611,-0.000688050236815178,-0.00012716419277762,-2.36981199089655e-05,-0.00061569170921031,-0.000297409298814829,1.9419463515502e-05,-0.000233356199586842,-0.000780068205183118,-0.000518084685619718,-0.000159242292297478,-0.000381109763361342,-0.000688709805597216,-0.000660778322957975,-0.000503102557784637,-0.0005421800797729,-0.000360801087125962,-0.000372730420021657,-0.000496855909940276,-0.000512443770203511,-0.000590423907988084,-0.00014025526075871,-0.000898024406491448,-0.000504514885176798,-0.00053307164187435,-0.000523616783956431,-0.000625907807704384,-0.000384651008555839,-0.000193584696519056,-0.000236583008421009,-0.000385717662040034,0.000481806858367781,0.00749750255699932,-0.00115695423492671,-0.00156499050057404,-0.000105235982373263,-0.000512974940054707,0.000297262377635103,-7.39499747725745e-06,-0.00391384127164402,-0.0354649749991417
"574.351",0.000822300788041036,-0.000335810114746878,-0.000817009596697423,-0.000330567965519348,-0.000482499741632902,-0.000770143625998013,-0.000300119836068806,0.000107898488937626,-0.000184717384077781,-0.00047800228820822,-0.000340340609847006,-0.00029869815547765,-0.00064389809899707,-0.000305718180586661,-0.000104227710746893,-0.000404660951959232,-0.000427754158084565,-0.000282472653660161,-0.000416565685684025,-9.20531682068408e-05,-0.000242230318834176,-0.000256550930371503,-0.000434899991639477,-0.00028386444342041,-7.79559443071549e-05,-0.000362794497625594,-0.000873248361165623,-0.000207105891383526,-0.00031426690335102,-0.000621056610022801,-0.000299070050105404,-0.000799507858171958,0.000113868171017315,-0.00034125723662384,6.03815870480126e-05,-0.000409021079892756,1.90680494008994e-05,-0.000233678201249217,-0.000417462244243852,-0.000570727072044861,-0.000195448990246093,-0.00104191190254713,-0.000541660069551884,0.00262503212440077,0.00183887445676274,-0.00127783864213491,-0.00157791152507812,-0.00077565374316105,-0.00183232458902746,-7.79270282118827e-05,-0.00364743258160243,-0.0075520051796583,-0.0131226716975443
"579.04",7.06076718269741e-05,-0.000243957613982231,-2.03393503036228e-05,-0.000486895402682056,-0.000160032415403842,-5.23351072850894e-05,-0.000253843457319503,-0.000284983933599131,-0.000250057123714911,-0.000259687461867697,-0.000432778112384683,1.62052383429026e-05,0.000162389546416052,-0.000183439520512796,-0.0003237378020898,0.000143956840873602,-0.000152445897668642,-3.61006875653426e-05,-0.000781706323805025,-0.000516075779064546,-0.000468160251406076,-0.000488851979141982,-0.000181186378644382,-0.000406617040007378,-0.000622080017418361,3.408671305411e-05,-0.000503658705098775,6.68233666232901e-05,-0.000116827718489792,-0.000395781840600261,-0.000269137478359354,-0.00053774948587096,-0.000814677044335001,5.01129554319634e-05,-0.000818178767154982,-0.000513527727851859,-0.000174549058382996,-0.000338526729435381,-2.18114839477247e-05,-0.00058788519875184,4.84136826348614e-05,-0.00065371529798947,0.00279727601473806,0.00334333697329928,-0.000181494279505539,-9.65028545804585e-05,0.000554037107038669,0.000333572035174048,0.00123488740732635,0.00191583918847318,-0.00450683278485485,-0.0131625722317592,-0.00300716076827139
"583.732",0.000739523821623582,0.000820037824348979,0.000547084500732577,0.000588788820875335,0.000334490739601965,0.000164540276382089,0.000520948493381138,0.000176644325238656,2.76859000966328e-08,-8.10297062395904e-05,-0.000124432097632928,0.000680902141304695,0.000696845786558072,0.000545420060312513,0.000122114782719187,0.000596390381264189,0.000119274467877816,-6.27249723269609e-05,0.00032487189685729,0.000727174351500389,0.000604138615414844,-0.000424501255729543,0.000729387941165267,0.000306723119303122,0.000273431904422584,0.000591104660010276,0.000430746048683331,5.90239808395682e-05,6.71849913951145e-05,0.00042320647521147,0.000172345533099633,0.000491973869536515,0.000720555345856114,0.000346691778745862,0.000849691165936223,0.000175228139904012,0.000409473175259386,0.000721507921403715,0.0014334063448831,0.00135390419456238,0.000803237523029452,0.00114803846053509,0.00380119306946915,0.000533095389856696,0.00181033758031082,0.000373391032901075,0.00181794881665491,0.000683850393847701,0.00292697177313591,0.00633052690025947,0.00491616934246149,0.0104601988887544,0.0282779910831955
"588.426",0.000803018186831673,0.000866080817449007,0.000800997865158552,0.000655744022656956,0.000526777655100412,-0.000123214246569336,0.000152707372395522,-9.73668645679247e-06,0.000161311204559945,0.00011251852631977,0.000374976103602364,0.000412273310837138,-0.000155677285063747,-6.03554477194242e-09,0.000269745949687142,-0.00015386395251067,0.000196582514214783,-0.000252145562252889,-0.000375441275367535,0.00037575306957222,0.000422158515702539,0.000475008365632926,0.000559368828617285,-0.000177540831100302,-0.000301460019971416,-0.000215255625540518,0.000577459432865705,0.00027908476411445,0.000185707310628373,-5.00563827368339e-05,0.000445477519794958,0.000346196630345349,0.000166254200850813,8.44896518556975e-06,5.28271930354595e-05,-3.71112439910806e-05,-0.000166799418180007,-0.000217660094970934,0.000555786224340624,2.12664933105283e-05,0.00018543506755009,0.00300350477031336,0.00151248036750948,0.000230502746983149,0.00100824577306292,0.000800976873311603,0.00207406530227752,0.000679687695522065,0.00122177822071899,0.00171213663303775,0.00437167986383376,0.00279857327436973,-0.00300484980820437
"593.121",-0.000183030506632592,-0.000175586629894049,-9.16402267012659e-05,0.000128038911989071,2.33141597589854e-05,6.58178856801988e-06,-8.24513805333577e-05,0.000139724397750451,-0.000211281943895454,0.000288769424643142,0.00059998210895119,0.000248355781237753,8.41609994724625e-06,-0.000254595307743521,0.000163971230427719,-0.000350370451393491,-9.42592710207791e-06,0.000107763349855376,0.000238044771541484,-0.000157478642543087,0.000196150473045412,-1.96856145920943e-05,0.000435935892576959,0.000103125154041833,0.000311548137886216,-0.000129675676694236,0.000102175430964271,9.33743975995381e-05,0.000229074639991699,-0.000343675608558094,0.000257004319686991,-1.66806030727704e-05,-3.39820339789275e-05,0.000110566822732515,0.00026542422584668,-0.000233567421225017,-0.000561653562552204,0.000290809376923829,0.000481023571317674,-0.000107860608113864,0.00134362306784281,0.00333119489410498,0.000745394166427629,0.000678050524237631,-0.000699447038765005,0.000350662472430006,-0.000203067649010451,0.000899653230799678,0.00140604240491381,0.00182839093198379,-0.000109720165983277,-0.00424600482151324,-0.00307217668122044
"597.819",0.00057814291391311,-1.48818191817723e-05,0.00024276236496112,0.000525124524621996,0.000445716434282432,0.000408598904576943,6.60381529613754e-05,0.000242813195522319,0.000135793362141518,0.000486723349777497,0.000414308561984946,0.000416736326622561,0.000454620559512244,0.000801403954795051,0.000322548525370779,0.000343845628484016,0.000744390163329786,0.000519161404173452,0.00104933116465691,0.000569866169195835,0.000426550425689023,-1.95852011036447e-05,0.000702055368970921,0.000548110040591715,0.000519636724859136,0.000130590029263081,0.000532035662858351,0.000495784375095497,0.000196315959436082,0.000446972108912501,0.000225194270646511,0.000783288223408063,0.000412492626120569,0.000257501600105817,-1.78278273744808e-05,0.000459392510773248,0.000801312838222514,0.000848288722936566,0.000373776739667328,0.00018578859791265,0.00228073793443471,0.00138191711494778,0.00117774182107709,0.00118279456619032,0.000939114592295246,0.000780853699745601,0.00195520976710843,4.40644629549642e-05,0.0024153137473185,0.00101127351351601,0.00375546575077324,0.00904148568754831,0.0100462204479986
"602.519",0.000666653630095852,0.000510461140037609,0.000621650126999217,0.00108643987640252,0.000545454627094267,0.000360584020511728,3.90735980930021e-05,0.000234816947198353,0.000361933285676022,0.000172305533470271,0.00014876834735107,0.000227031582468434,0.00089896661727218,0.000575757696179464,0.000441938909132533,0.000891640889371639,0.000349256204729908,0.000330541452924426,0.000120891536524187,0.00126600063348753,0.000713264312841415,0.000296514869651414,0.000570122532024323,3.31213622977591e-08,0.000162516140202827,0.000596619998309695,0.000147123757175334,0.000379222776589522,0.000421484779422113,0.000399470982982937,1.68465661404807e-05,0.000537552797563829,0.00124708750096455,0.000173284345562559,0.000511390471244776,0.000604906644261777,0.000638751184291554,0.000442412079747729,-0.000268653246990834,0.00118671946643487,0.0054897543009505,0.00181120293738184,0.000844107763764297,0.00164271836601253,0.00149166919455297,0.00162116864595509,0.0015994315485778,0.000338595268132212,0.00161154501204828,0.00227995058212618,0.00312849726876793,0.00357825306481262,0.0289186398344107
"607.221",-0.000634327238888967,0.000736854338946516,0.000756956929591576,0.000215485612828925,0.000372229508485207,-7.4444346399741e-05,-1.68000007875171e-05,7.39455808490137e-05,-8.31437149316632e-05,-8.36931016998507e-05,-0.000164450828356152,9.3288338628854e-05,-3.18455449618144e-07,0.000173201807036325,-0.000109591481701447,7.4802348546528e-05,1.67725291141828e-05,0.00032365430504312,-0.000782586760144164,-0.000118337057136551,-0.000391846935491609,-0.000139694268872351,0.000366792223917689,0.000144017738799758,0.000291467242836286,0.000265649054836575,0.000200372194469572,0.000104166426762507,0.000217008828170868,-5.14463897900096e-05,-6.78884453798243e-05,-3.39351154324392e-05,-0.000419668707924733,-0.000323491731192267,3.61704043464221e-05,-0.00011468814000839,0.00033150378556847,0.000221854088172585,0.00015491898613993,0.00137771935905442,0.00290970193510058,0.000756523598380569,0.000287488155127226,-2.00778129595147e-05,0.00018039611073085,-0.00088350760695003,0.000989113798974038,-0.00111654301615322,0.00122867313849964,0.00229931523556468,-0.00316821449083809,-0.00181260954255588,0.00387412775745784
"611.924",-0.000563534049653594,0.000299915702704634,0.00036215921488919,-0.000141900474980553,-0.000138901435616406,-0.000157429423323129,-0.000101985012340479,0.000149560194987413,-0.000173111355139129,0.000162291206266308,0.000122707948981601,-0.000359557401448932,-0.000206496577317235,-9.62050360280416e-05,0.000127670418222654,-0.000386788055527508,-0.000301952933799941,-1.83855315684361e-05,0.000133587014690682,-0.000281794031469599,7.46075144838589e-05,0.000231701319643131,-0.00020009142405034,3.88019483634589e-05,-6.44114435770488e-05,-0.000366533536316628,-0.000158376841259087,6.15359875764131e-05,-0.000560822753183767,-6.92619982418701e-05,0.000248379151971778,0.000325265003404401,-0.000725820618688457,-0.000396708281430628,-0.000210232104409745,0.000134699275868939,0.00024302778166102,-2.28358837647132e-05,0.000129543978833723,0.000264656007467987,-2.71993533231471e-05,0.000208708608388892,0.000167398044859996,0.000350932707055936,-0.000252102408398706,0.000454748951762306,-0.000682011949588716,-0.00108923176624066,-0.0015943471266724,-0.00061150548870291,-0.000189260437555872,-0.0167196955116386,-0.014295449520292
"616.63",7.39656519218054e-05,-0.000405173260541328,-0.000203917467887774,-2.87163168771727e-05,-0.000214995038562772,-0.000242426291694619,0.000269036182113738,8.04611575205885e-05,-0.000158191101319201,-1.36307591112585e-05,0.000291547689959766,-0.000121331269836297,-0.000190777595981098,0.000194409361906943,-0.000232043244618438,-0.000246853535372583,-0.00039551700191907,0.000150554710305665,-0.000166337051615813,7.64906589799285e-05,0.000464577166790555,0.00049865569538869,-0.000182335769870147,-0.000353417698970812,2.7622760049828e-05,-0.000180701612156312,-0.000633080327010914,-0.000435104141886356,-7.97203965008947e-05,0.000236444015063151,-0.000493640832195617,6.91302468458741e-05,7.82377403950876e-05,-0.000285486698145902,-0.000619215382355185,-4.91663745758458e-05,0.000398864789155953,-0.000350480487052284,0.00089774728589477,0.002396952520518,0.000414832768485585,0.000140117549414101,-0.000673105063441177,-0.000930466854695771,0.000298767032180302,-0.000278630884033926,-0.00163236829720503,-0.00167173800727178,-0.000409883998373693,-0.00012382969462688,-0.00205893167726952,0.0032785749885266,-0.0198269329940003
"621.338",6.31461801008151e-05,0.000135894496370662,0.000112727497928145,-0.000482024705843152,-0.000749787743840006,-0.000359020252566237,-0.000502274005168171,8.12122625746587e-05,-5.776883171174e-06,6.59976317108033e-05,-0.000176321376076825,-0.000131065947971526,-0.00057635596896194,-0.000285492128671114,-4.34138869756392e-05,-0.00036872440030899,-0.000751889685863746,-0.000267223362127408,-0.000230106134099859,-3.09027002799072e-08,-0.000490069921283666,-7.17666749658774e-05,-0.000224748059717022,-0.000296667217815874,-0.000778161869960604,0.00024599986166555,-2.7175600760302e-05,-0.000143212756612754,5.35841646219578e-05,2.65020101994834e-05,0.000139612646835799,4.34600466094861e-05,-0.000466810883375836,-0.000278658050719411,-0.000316711110777956,-0.000589413839754174,-0.0003128381272478,0.00120062795901567,0.00249246487260657,0.00054910286319762,0.000262441963221299,-0.000157111197287284,-6.36901525757004e-05,0.000282389061559491,-0.000289763750678129,-0.000939970920286594,-0.000689036858695693,-0.000684176119096025,8.93867290410676e-05,-0.000748077514616096,-0.00304856536120166,0.00127964149817162,0.0117457361694688
"626.047",-0.000127918384955466,0.000263354217511748,0.000673112066047784,0.000476941227997403,7.58140100068129e-05,-2.29783460420199e-05,1.1762087282316e-05,-5.62893930376523e-05,-0.000155015131348806,-3.31983324101768e-05,0.00022275413388692,2.65945554154778e-05,0.000157126884702284,0.000234372394732239,0.000332422746641004,0.000173256737794761,-0.000173347557469833,-0.000221130817741853,0.000116475078209991,0.00011150820535534,3.35949350459021e-05,-0.000289883386848776,7.22590623295644e-05,-0.000469135698792041,0.000378609032812058,-7.36469437607555e-05,0.00027228077543453,0.000542026988393472,0.000117194374757135,-0.000329638122627458,0.000599200912728557,-0.000105669793679945,5.37047136116027e-05,-0.000108657544847194,-0.000291517398823145,0.000147857441934435,0.000793010086921453,0.00491997037799046,0.00208157818975417,-0.000332135566059781,-0.000252203479009098,-0.000732300486552653,-0.00109457330752432,7.86139279107447e-06,-3.7937361388617e-05,9.92202833065447e-05,0.00129469945930594,-0.00176790101708064,-0.000405710264792921,0.000757168975579058,0.00139914262019306,0.00450110111110381,-0.0169362343452305
"630.758",-0.00106174215012298,-0.000358885978848997,-0.000293025911783789,-0.000727992250558404,-0.000229478856291166,6.47370172025759e-08,-5.92685420266373e-06,-0.000326575418813263,-0.000197343265504687,0.00017536289371236,-0.000217373098034854,-0.000329182271108292,-0.000111939386341134,-0.000609996806915011,-0.000335467951138706,-0.000262383034168147,-0.000212771286802572,-0.000243321344036956,-0.000149336018266302,-0.000529735336503137,-0.000966757348441765,-0.000837405836190638,0.000104219459478452,-0.000343064813926935,-0.000947077245501925,-0.000362506902361781,-0.000302426578787183,-0.000100300467381639,0.000118461668018097,-0.000153092484501583,2.67289771670806e-05,-2.67754989445982e-05,-0.000332482163392132,-8.2407353115496e-05,-0.000380261160361707,-0.000311588107847951,0.00025985878156821,0.00899086583962112,-3.98730123446489e-07,-0.000629892098168412,-5.37945150652981e-05,-0.000435933870985408,-0.00125203545975868,-0.000129387529200175,-0.000204369344106422,-0.00178729212332002,-0.00200947288283425,-0.000256608192472083,-0.00073807856971732,-0.00350160774590783,-0.00451934175741267,-0.0054990272990426,-0.0079051372792511
"635.471",-0.000417837079265819,-0.000128347536818312,-0.00110702842833929,8.91900263959573e-05,-8.57737371770684e-05,-0.000180860743022663,4.75071548878079e-05,-0.000172493526989206,-5.84954383565707e-05,-1.38311545125878e-05,-9.07250730479424e-05,0.000287054421633685,-0.000188163565022393,0.000238254148368176,-3.55669957688324e-05,-0.000255683688113649,0.000176767090518098,-0.000637096328870478,0.000473148376302609,-0.000647383308779669,-0.000346978230396947,-0.00094932623796352,6.29829525733244e-05,-0.000203477188570915,9.54241570973356e-06,8.43086570469196e-05,0.000166505334853277,-0.000726749624413641,0.000128570941914083,-0.000163312201666925,-0.000323147440306807,-0.000618736968516635,-0.000724704863683949,-0.000591460919438975,-0.000258723141225736,-0.000263646747283505,0.00483231628862042,0.00629073281112876,1.4891213398904e-05,-0.000545717978191079,-5.42441681416642e-05,0.00040888452479315,-0.000571274346735822,-0.000872552121217975,-0.000629570481354011,-2.76856891527863e-05,-0.00104357003180316,-0.00128830636831654,-0.00283565813031543,-0.000320724752029033,-0.00243184984861354,-0.00324410711001867,0.0107253420652962
"640.186",5.2512153676989e-05,0.000140240465435176,0.000221989201301629,0.000258241430433092,8.61827255155896e-06,-2.35451379251659e-05,-0.000124770969055245,-7.84097738394487e-05,-0.00011711866956068,-0.000108697679029472,3.77041014997401e-05,2.38674499234521e-07,-0.000122317129871679,-0.000229572578884239,-7.98867271209676e-05,0.000300304569582192,-0.000867681438303601,-3.85723428063239e-05,-0.000505917488718601,-0.000261626011626879,0.000246868737865983,-0.000116158505844857,-0.000199759727254086,1.94834461033602e-07,-0.00018338882124873,0.000262715942263604,-4.62049436218506e-05,0.000313594193523343,-0.000165598142532198,8.18024808783922e-05,0.000278744031179623,0.000152784254422661,0.000535510497767194,4.59615107796805e-05,-0.000182363859890205,-0.000315245762054196,0.0110190846198329,0.00267104876376326,0.000225114681328253,0.000139198721085834,-0.000989073417028203,0.000424636771205997,0.000360721367911655,0.000204421750545289,0.000321755573001709,-0.00154653496798583,0.00095367831132786,-0.00128869179401343,0.0015802583947932,0.00102633054616729,-0.00112272053404955,0.00534100999811034,-0.016374589093363
"644.903",0.000343620978031394,0.000744030665124095,0.000865321393539904,0.00114512593767986,0.000312505571084303,0.000302670790175898,0.000144416003755683,0.000508132582513772,0.000243045772061752,0.000213459060249695,0.000398098676284047,0.000708964644876187,0.000390615636336574,0.000669159163108673,0.000613365453752888,0.000428335827466041,0.000169546596597551,-5.63518727989519e-07,0.000653432792549679,0.000494813830580273,0.000465101041938111,0.000352555513770345,-0.000265787349099398,0.000607706614230161,0.000556717731725371,0.00103471284861304,0.000196219742599725,0.00088554466446116,0.000353609317501558,-0.000239056486406005,0.000318291223497895,0.000372453699649676,0.00108248168441993,0.000373632294331479,0.000261938452151931,0.00127610216070501,0.0108502270846232,0.000696666326233712,0.000528500646391216,0.000191896772517662,0.00156181289416657,0.000502613804000357,0.000277202996974268,0.00145020240402642,0.00098090400437052,0.00140459939451676,0.000806564172175088,0.00148827678897653,0.00301200789031419,-6.68639230753747e-05,0.0012217685787745,0.0156321795888406,0.0052402189260536
"649.621",-0.000147787033269314,-0.000503328943438327,-0.000108417343914948,0.000224110788091852,-0.000431458232423417,3.21430309524866e-05,0.000152497518018283,-0.000112829619274677,-0.00012622800212812,-0.000314706846513829,-0.000178564560272844,-0.000193600349753375,0.000231877486871965,-0.000141571559496125,-0.000210487232842227,-0.000244646522045398,-0.000478578105635268,-0.000211348618153234,0.000210048925598191,-0.000268414194425306,-6.8857997436941e-05,-1.36923608981125e-07,-5.40641996350369e-05,0.000459573435480486,-0.000109054474017785,9.63153156187412e-05,-0.000379900756875892,9.44282819970366e-05,-0.000424651527328636,0.000177156289425308,-0.000581060482261449,-0.000387064726841632,-0.000484414873474392,-3.91338316037336e-05,6.8737328280624e-05,0.00172991667740296,0.00346749970542597,7.95810947820694e-05,0.000548436872032819,-0.000248315508571853,-0.000125378687617314,-0.000798656456163718,-5.05872317787693e-05,7.12028207218982e-05,0.000330764248226948,-0.000106575939852869,0.00110238550847111,-0.00211783679584806,-0.00176989709278408,-0.003824924441536,-0.00156350931547972,-0.00528581455533711,-0.015921026540593
"654.341",0.000585246016941193,-1.20027337373672e-05,0.000297011229393234,8.27701937958754e-05,0.000187790458478939,-6.56333293133968e-05,-0.000117744863412831,0.00014175287052564,0.000366461443180003,0.00017049742625716,0.000394281708700334,0.00049610581889308,0.000274788760873183,-9.54858915072925e-06,-9.25338080047374e-06,2.74957028002034e-05,-9.71545626716205e-05,0.00055176401813814,4.49864958864191e-05,-0.000509582198375361,2.3339477165417e-05,0.000737619588575754,0.00043819210015838,0.000541139319066965,0.000331921856674332,0.000723474681004741,-1.94424087181676e-05,-0.000172720484429825,5.75135490997312e-05,0.000132559475322086,0.000440199203255041,0.000439739279206042,0.000434053400084766,0.000712606507268118,0.000638897223484054,0.0026608271579484,0.000407343813385509,0.000411160476918878,0.000384120422193056,0.00079265511285336,0.00062068958571206,0.000117964870731819,0.00126928546685514,0.00100075647801492,0.00114660264532312,0.00147611852550392,0.0031676117816585,0.00176573402869289,0.000629679487716548,0.000669653495309064,0.00517272355682473,0.00675677467926059,-0.0238656900320485
"659.063",-0.000233735155146524,-0.000674840079915732,0.000321585908287321,-0.000615541603355693,0.000252270810212078,-6.63056050456515e-05,-0.000125061076909398,-0.000258392601859794,-0.000295618418318016,0.000250113209502546,-0.000588677298533627,-0.00032127004972047,-0.000277344657403887,0.000453422758144943,0.000168360905441239,-0.000398872724775974,-0.000304473429600939,-0.000732496439144558,0.000305283574145126,-0.000848647719059236,-0.000318272064163953,0.000432809367429055,3.29303769541486e-05,0.000620411563764213,-0.000426033884430203,-0.000305517655350041,0.000271723494464512,0.00016438673222314,-0.000821430745721771,2.8669843634734e-05,-9.45872873584028e-06,-0.000707953099374388,-0.000515783126070863,-0.000244439133921653,0.00133783372402188,0.000933448919118118,-0.000282389576682971,0.000224683441140224,0.000149277185339515,-0.000147599222406968,-0.000242745218541371,-0.000820797190275828,-0.000330171722609403,-0.000857762125818696,-0.000635985538941422,-0.000109654136049341,-0.000937796531388613,-0.000429412245407655,0.00121943350230559,0.00120898592275033,-0.00565053217770802,0.00279994440672738,-0.00742187284075927
"663.787",0.00137845697256292,-7.48792336452592e-05,0.000146163629590405,0.000920509239503575,0.000118701138538956,0.000377106063180242,0.00043081367019933,1.10553763429408e-05,0.000312336850989145,-0.000174370914417842,-0.000217729486003044,-0.000124736760809574,0.000411484611311485,0.00028379577632403,0.000427084128753724,0.000281995547012798,0.000208504869737695,0.000481136578951346,0.000596732750044201,0.000436295231490177,8.35651920538028e-05,0.000315201504852608,0.000907155881656246,0.000987241045171569,0.000339361255531235,0.000120024760456243,0.000531967591419656,0.00026499256453795,0.00014704114789604,0.000639209355451028,-3.83461190563967e-05,5.71597408501563e-05,0.00031755132968894,0.00145327425671353,0.00205047263559623,0.000870799597176721,0.000851535787775287,0.000372438261198346,0.00093742712863726,0.00110801268971564,0.0022646672950571,-3.59121908163167e-05,0.00111738125296553,0.00116047503431757,0.0018839852509207,-0.000357402862658912,0.00225520092269998,0.00191869857109348,-0.000199704358450125,0.00512988076467603,0.00182994814975599,0.0111715558657709,0.012485823780445
"668.512",-0.000393039309051964,-1.24863977077068e-05,-6.78674433339651e-05,0.000415815973357615,-0.000257779110898446,-0.000506798831583259,-0.000223476784526885,-2.24454631325546e-05,-0.000138350901699986,6.60946339023293e-05,0.000154512455132862,-3.86429469336111e-05,-0.000263032338968767,0.000207238463048803,-0.000411776899117794,9.85094098812325e-08,-0.000520983539855608,-0.000337460110362985,0.000138950844318106,-7.31844043157552e-05,-0.000361344170853756,2.28005191927027e-05,-0.0002819689461356,7.64829581863713e-05,0.000217706076559008,-0.000302251964054017,-0.00018855070301077,0.000613423007812033,-0.000266661286089958,-0.000117139678952081,-2.89701557468093e-05,-0.000250914152203887,-5.00499174420704e-05,2.88386380161744e-05,0.00247914111923678,-0.000337869993805082,-0.000103378974943345,-0.000473124005356442,0.000318931026098596,-0.00028725677673432,0.000579746104617949,0.000233281251267536,-0.000139034498012173,-0.00113335175520535,-0.000810794837792656,0.000442670740297994,0.000957126299154963,-0.000831766372971769,-0.000197969888982439,-0.000136070157715889,0.00206504444067796,-0.00695862946976023,-0.00297661192609199
"673.238",-0.000564682401679568,-0.000390950205988345,-9.1368453934459e-05,-0.00111552634546061,-0.000296734031954844,-0.000289222849139861,-0.000417477607442109,-2.8350098823848e-05,-8.2324301515319e-05,0.000176402637538514,-0.000498743929239634,0.000223259528702498,-0.000386836764863919,0.000436651943017982,-1.9572554934859e-05,-0.00049578606515691,-0.000383005606543371,-0.00034980065921462,8.10236809699403e-05,-0.000516196880515607,-0.000363554615348487,-0.000856053356892448,-0.000329428746447082,-0.00044013839602423,0.00010412431200492,0.000456124080803498,0.000239476518190406,-0.000149353053652211,-0.000476932289897514,-0.000323967247270665,-8.74734138745398e-05,0.000581703169228442,-0.000162328748520421,0.00128502528323199,0.000495958908308605,-0.000601144791243093,-0.000208281627024959,0.000377957140691963,-0.000475907051455097,-0.000564306731205824,-0.00019262691846899,0.000109734245788052,-0.000246757790255935,0.000418004640273657,-0.000840494145251646,0.00105465874098807,-0.000832426320743678,-0.00143819076927599,-0.000654867494944344,0.00173490928597435,-0.00275023794750298,-0.00166683602475146,-0.00511435753815326
"677.967",-0.000199345509033927,-0.000736981367358948,0.000379271444832446,-0.00031334956285522,-1.86869828218303e-05,-0.000274018725960044,-0.000246000490705546,-0.000136755852990959,0.000127514093134942,-6.6896960494451e-05,-0.00022242373317181,-0.000488937213163092,-0.000174387004390553,0.00027000084807879,-1.92945835345209e-05,-1.96766119538739e-05,-0.000497782699020684,-0.000171223046678851,-0.00046907329713456,-0.000482820527624828,-0.000341871696504988,0.000436837182461494,0.000182861056038194,7.73987506479411e-05,-0.000693649504177473,-0.000490027846066949,-0.000191645209781241,-8.02955466578272e-05,-0.000230180607089452,0.000128603873925703,0.00044987271039695,-0.0004500397132019,0.00037415436870248,0.00105695814438635,-0.00017768745902682,-0.000253492839576891,0.000173293341738991,-0.000615383154284735,0.000491425144152496,0.000216428286616398,1.28834753534667e-05,0.000557076279224748,-1.87380084588035e-05,0.000482689939876901,-0.00148009133136689,0.000166839993149041,0.000900105640495305,-0.000964959310246242,0.000907391192092529,0.000486884276424261,-0.00298236776090945,-0.0143498279541064,-0.0031016990546717
"682.696",2.87027533330106e-05,-0.000179787728483112,-0.000116310322746066,-0.000382412060452995,-0.000339911892856106,-0.000346500104353528,7.84785185668371e-05,0.000103559866920903,0.000386811003050137,-0.000105268507396175,-0.000224974617311369,0.000464434645054659,-0.000114333510896043,2.00369558811839e-05,0.000392297761028001,-0.000126325329418455,-0.000266752164296692,0.000442200990827583,-0.000272984026341461,0.000225084551079446,-0.000728425838616679,0.000615951116280084,-0.000173664571956171,8.9625198894591e-05,-3.19624392162172e-05,-0.000103192796794894,0.000519019828830877,-0.000111636777607506,0.000182188200446922,0.000210055166621262,-8.9151190339519e-05,0.000215966395642556,0.00150870532220287,0.000535431767166784,0.000284950612963708,0.000555453335610248,-0.00050553134994382,-0.000286534653821181,0.000561782248407778,-0.000368528371134351,0.000267017152025683,0.000273588115846057,0.000336312436468218,-0.000651862091050915,7.07264550473526e-05,0.000339128310179264,-0.00169186739303429,3.80658456306705e-05,0.000661223918658267,-0.00148353379731914,-0.000123283617891336,0.00249992801914334,-0.00779016412956131
"687.428",-0.000449194880976497,-0.000996221953675845,-0.000491546777318327,-0.000253045622155461,-1.91813672969868e-05,-0.000200599921096583,-0.000303132086477734,-0.00042912271342198,-0.000415909982319471,-0.000105833583018031,-0.000604033326388699,-0.000179285831940805,-0.000615990915584652,-3.86188777162636e-07,-0.000454497931667146,-0.000518053932583373,-0.000682425463623952,-0.000359488940997326,-0.000155077495932853,-0.000315187100281275,-0.000472526217894619,-0.00035132113183391,-0.000395883572486616,-0.00081255302881971,-0.000684839539115506,-0.000478189322090408,-0.000256457522667452,-0.000439129486066788,-0.000305719310103021,-0.000251692767095386,-4.99286478126115e-05,-0.000642597314476445,-0.000629455061651425,-0.000545862617779598,-0.000244524932226948,0.000122540810729925,-0.000780610684983003,1.18713185817737e-05,0.000261584988152823,0.000373914555254541,-0.00106609574174313,-0.000276076084852822,-0.000215626604378783,0.00026593894136328,0.000548759527357318,-0.0018278593728705,-0.000203075079727658,-0.00126949468819387,0.000614382575378507,-0.00135491282518837,-0.00079211565290352,-0.0107811542867233,-0.0161137685185871
"692.16",-0.000757062391547722,-2.60370903882189e-05,-0.000388122582998619,0.000420323037661003,-0.000382287731875074,-0.00049071468468443,9.26085228944884e-05,4.07458543310707e-05,-1.96542078563559e-05,0.000280763671659624,8.37289270922153e-06,-0.000710802650001835,0.000115815216901426,-0.000184328332694533,-0.000228655098159508,-4.90098738788525e-05,-0.000623680663083821,-0.000612087798479905,1.21979485551599e-05,-0.000354880493306484,5.01912940852843e-05,0.000129295098814188,0.000632274966219033,-0.000203953218808,-7.53946986855033e-05,-0.000115035235312119,-0.000309402897279333,0.000359291787658801,7.17606625925156e-05,-0.000941533108723749,-0.000310665513298146,0.000819309885682368,0.000285334271302156,-0.000154816419566781,-0.000106893927132,-0.000923234003805265,-0.00039246701899919,8.78770518010835e-05,-0.000201870206197947,-0.000427799780584132,-0.00113181713009733,-0.00048970501399122,-0.000216344730479898,-0.000619025282208335,-0.00168253972082905,-0.00111904203593683,-0.000205311226454878,0.000861174785982878,0.00186476356995112,-0.00229041177791675,0.000118349878654559,0.0142459478431433,-0.0109662014291507
"696.895",0.00105545251734516,0.000955955008856307,0.00113714918620268,0.000434328996852216,0.000461836087344662,0.000873350760774246,0.000326822494782222,0.000152549777864906,0.000545647247518652,0.000825244868345581,0.000322352490840515,0.00047359374131637,0.000211255306755354,0.000947933748828857,0.000319706297113206,0.000801331391887666,0.000502377615061699,0.00111114170481626,0.000349947866949733,0.00122478431164149,6.27864039381664e-05,0.00116097744567742,0.000872375860143609,0.000867918704704608,0.000216579794382422,0.000273655206559556,7.24140350856454e-05,0.000816390816921449,0.000536488818802689,0.00100921144278149,0.000906006349159974,0.00127751338184839,0.000525207366116379,0.00157743055379282,0.000527205185375359,0.000430297229397068,0.000777179231614926,0.000986995996171359,0.000916797533026714,0.000581386981781786,0.00100247431019959,0.000821152325667339,0.000634584205469024,0.000705687684425913,0.00203234653788513,0.00219381499972403,0.00130772465145183,0.00181825039972318,0.00323120873840199,0.00648287006227436,0.00795621547554351,0.00683141127850473,0.0230652144726862
"701.63",0.000665607005075509,0.000369604219150547,0.000203037233649017,-0.00029199716800912,-0.000533729769720341,-0.000106743542949336,-0.000484121327607757,-4.14453776277114e-05,-0.000344748852884687,0.00013085516256166,-0.000291195526565404,-0.000111764447973008,2.12594484795665e-05,-0.000342947295019904,5.02931934480615e-05,-5.00179074083726e-05,0.000316789103987863,-0.000310848477189559,-0.000195068834355235,0.000218634663917316,0.000139644614075614,-9.55209348021228e-05,-4.76616816366982e-05,0.000564442721925012,0.000273054917605793,0.000180430234675197,-0.000272266975572855,0.000124883233238279,0.000395385515729545,-0.000267128455931013,0.000850980774508226,-0.000493960804748627,-0.000123657159856655,-8.42147713809998e-05,6.50906334949558e-05,0.000525573794666899,0.000361849820247321,-0.000526071564431059,-3.15032146809818e-06,0.000630764459217845,-9.20851712537842e-05,-0.000762135396843208,-0.000861064854092845,-0.000754429194352083,0.00168289804478022,0.000814061602669982,-0.000590973375910299,0.000124354386616336,0.000417439860922192,-0.000510536770753506,0.000232497312728206,-0.00582815714608072,0.00154472848660141
"706.367",0.000523498020262217,0.00121622664651975,0.000604448191879267,0.000727353605878533,0.000461580078225633,0.000387220879822239,0.00024493749355299,6.60080493470669e-05,0.000690898367450203,0.000366920504191889,0.000389958400536477,0.000874090741066967,9.70921529796662e-05,-0.000168188452503418,-2.02145380249705e-05,2.00451554155887e-05,-0.00026710614335815,5.62536713721236e-08,0.000702603816605523,0.000911314994556289,0.000423732526242559,0.000169304086690454,0.000601588244516485,0.00054786428385477,0.000143720822424804,0.00047247775744711,0.000317741685021945,0.000295339602499002,0.000494839852810763,0.00013587616284332,0.000747533673531697,0.00048138701934988,0.00076776126982172,0.000572105042751295,0.000988224169444839,-0.000347124756692444,0.000854186399407705,0.00064304789337579,0.000270414459979575,0.000551803964560525,0.000371869436515571,0.00068743367563125,0.000906933767635709,0.00241504305798354,0.000420120368755837,0.00338940577246244,-0.000352532146365444,0.00273875175203451,0.00239526967914677,0.0024263174700458,0.00603219164864935,0.00502095741389392,0.0268963367073214
"711.106",0.00101254737774904,-1.37765937741909e-05,0.000256293543779015,-5.74368540039954e-05,-0.000148977442001877,-5.48129296322432e-05,0.000453780862061826,0.000175524305127467,8.12293522136549e-05,3.10595109452264e-05,0.000175139352181924,-0.000114602209674186,0.000599295508997923,0.000191203159552691,2.04101534865741e-05,0.000265313427886693,9.69221200945304e-05,0.000170012765317888,8.71251166927066e-05,9.20605810594858e-05,0.00155677146750655,0.000195512285309504,0.000546906173259869,0.000294481782401265,0.000413138618680565,0.000444949222344127,0.000673784689240405,-8.55516893184675e-05,0.000904384392702794,0.00204094360999552,0.000486528141845747,0.000539858693917977,0.000880890970983371,0.000759756328515165,0.000477098200197609,0.000689355016377524,0.000491890831002478,4.83136542674665e-05,0.000783045316098495,0.00102662260327184,0.000250610128193549,0.0013549092869457,0.000540460580795454,0.00128369085305282,0.00157175608347013,0.00122033094233025,0.00255723281660017,0.00187332341899697,0.00392698614340958,0.00348736449234042,0.00597846885929593,-0.00973087205013937,-0.0027817481489438
"715.845",-0.00120805498529727,-0.000723793243546425,-0.00106279175104986,-0.000522805878076812,-0.00031128084722351,-0.00081014644079784,-0.000278313171611535,-0.00043477244368031,-0.000308732540907737,-0.00046244472602896,-0.000469508757184416,-0.00066252756256369,-0.000771665049376558,-0.000484005416485712,-0.000730463815333392,-0.000753751622302579,-0.000698847402234583,-0.00178001809391606,-1.26977650953888e-05,-0.000412634595699753,-0.000629905902799368,-0.000865504955653783,-0.00142647965802347,-0.000679311729768468,-0.000734390548586758,-2.19241199646654e-05,-0.000736557345096232,-0.000712101830049542,-0.00026858569915444,0.000352840165145609,-0.000515976918899968,-0.000609550571539565,-0.000732689982469047,-0.000541711733448166,-0.000673501559450456,-0.00114750263180413,-0.000414502089188696,-0.000505183995981613,-0.000919439038197045,-0.00124734497400527,-0.000745118483832091,-0.000754073852008685,-0.0012878542261607,-0.00114974583679659,-0.00171699335485321,-0.000875481530398604,-0.000972021842825359,-0.0028040174865833,-0.000870672166863321,-0.00450895140658733,-0.0144723568785942,-0.0129647286495354,-0.0318627594431163
"720.586",0.00070529966863764,-0.000301179725391521,-0.000235515222187972,-0.000291173496369511,9.0638600414089e-05,-3.68628495935335e-05,-7.06192344731917e-06,-0.000533934172538147,0.000130560578725163,8.02350652297474e-05,7.06061107959608e-05,6.30871342170802e-05,9.94233093763154e-05,9.70548927388315e-05,0.000428661396407141,-0.000227756879147098,-7.66055975931464e-05,0.000390903170097081,-0.000113802543967803,0.00012008267515355,0.00035528671155386,0.000569886320538603,0.000394426896800187,0.00058530624816446,-0.000169774022550701,0.00015414041265158,-9.83313746785677e-05,-0.000238304597028211,0.00192162321528831,0.000427636959878616,-3.16950837107334e-05,-0.00011591422509082,0.000478143130827734,-0.000434448962430733,0.000168758827537322,-0.000284964153359061,0.000973077466478617,-0.000266223533309897,8.38169331745287e-05,0.00123498613472334,0.000127021495308636,0.000704144554697844,0.000360063461063627,-0.000326486212858519,0.000429985798013564,0.000390111975355329,-0.00025189440427691,-0.0016887699874625,-0.00141926982636062,-0.000528596763399658,-0.00416629229326252,0.0064882177978564,1.90003827779603e-05
"725.329",0.000341163215710795,-2.14910152262051e-07,0.000137760404047972,0.000282928789445885,0.000193386604306532,-1.74554223926195e-07,3.52478290687415e-05,1.22776874039379e-05,0.000466040560840715,-0.000137706503441235,0.000116740492232241,0.000533490264724697,0.000704247039367589,-0.000414679732971558,-0.000391648842912485,0.000324788382686591,0.000165373244216265,0.000372320995267613,0.000869175826550341,0.000999325147030833,-0.000253216044622318,-5.05158234294294e-05,0.000598788686938438,0.000362380897954101,0.000469913985132257,-0.000412049980342408,-6.30420145553709e-07,0.000477941721539291,0.00270997559893882,-0.000949178015840198,9.60061126548735e-05,0.000212955806087952,-0.000334068730521988,0.000351500608839058,-0.000444290649042169,-0.000613424459811664,-0.000395855809231912,0.000200273658834864,1.39161722635631e-05,0.000285609506181251,0.000321360856273334,0.000538497072152224,0.0001906191560266,0.000768790288972035,0.00107458293970443,-0.000736138760905678,0.000471947619518603,0.000434673496936376,0.00181621610651772,-0.000380020992612665,0.00336477705373375,0.00676348171612115,0.00989637759867304
"730.072",-0.000405509109466075,-0.00105986937595765,-0.000252214659874118,-9.48988505792298e-05,-0.00022544269740434,-0.000573292773836731,-0.000269949733108983,-0.000231275749740639,-0.000588031153338685,-4.00820864149433e-05,-5.41705841201287e-05,-0.000482892451307441,-0.000281186833206665,-0.00103154667528599,-0.000457888160104621,-0.000326635643918196,-0.000936246647924618,-0.000128732217966063,-0.00108042134982952,-0.000258211808590658,-0.000227689333758661,-0.000795217827816911,7.53268919499099e-05,3.66076226041425e-05,-4.62800559449673e-05,1.1320285899563e-05,-0.000310059007138855,0.000266446571567602,0.00139670028149232,-0.000401708915933739,-0.000257764991720226,-0.00062224964220806,-0.000856021925303179,-0.000342754817558119,-0.000722105928355657,-0.000327270589992816,-0.00065188060672822,-0.001295558622044,2.85602910772695e-05,-0.000226929419727079,0.000226595566561416,-0.00057721742459362,-0.00148765797474303,-6.58326162529976e-05,-0.00170097139819784,0.000585304815720568,-0.00242175301112099,-0.00105536064484846,0.000330674914988507,-0.00444890837311966,-0.00846350232404599,-0.00684142003878424,-0.0178780126322751
"734.817",0.000282915282175412,-0.000477658676256307,-1.27535683385337e-05,-0.000310627597396461,-0.000381852276273367,7.56036813200741e-05,-0.00017180257125943,6.2823501884412e-06,4.93703932487373e-05,-0.000295337227791946,-7.31332997875975e-05,-0.000324495200667909,-0.000657468413992871,-5.54241529855938e-05,0.000128700019633992,-0.000817733235336916,7.87659692272488e-05,-0.000543390668470865,-0.000349914370008453,-2.73915685127268e-05,-0.000648018421544802,-0.000419428557878575,-2.55088338034652e-05,-0.000110472768090492,-0.000116415686009073,-0.000428884902717542,-0.000204145540372067,0.00172799565141294,0.000963233682248128,-0.00020775977812245,-0.000281222816909274,-0.000226992538280771,-0.000131017331579495,-0.000245086502762303,2.30135660246962e-05,-0.00052468407872446,-0.000681655645810293,-0.000815465720216907,-0.000730168585256859,-0.000366216661359823,-0.000586779159433901,-0.000440630193049796,-0.0011285613374109,-0.000202113324995831,0.000363238353418302,0.000153192636650814,-0.00221838310820836,-0.000355679748373599,-5.60194282666487e-05,-0.00301594238180702,0.00561537405273264,-0.0135430839344048,0.0169101891340905
"739.563",-0.000588484768025939,0.000312568595217145,-0.000128533048773896,0.000193349897616585,-0.000302852071897776,-0.000335090399211162,2.89538977859928e-05,8.91392262078585e-05,-0.000299621901659257,-0.000157572545799628,0.000138336722288487,3.27107947643063e-05,-0.000527544729246228,-0.000604007313838852,-0.000412292157170086,0.000472692176012907,-0.00070414143182274,-9.59657651841763e-05,-0.000288367776457744,-0.000913657489200909,-0.000191331798462087,-0.000552879976925459,-0.000537111752164795,-0.000347050387093603,-0.000400005351284677,0.000205727558798938,-0.000180257995882326,0.000977641067922827,-0.000179079518464048,-0.000409268616139877,0.000120356960388206,-0.000426401043691846,0.000242793506322882,-0.000574543693669599,-0.000175246249599586,-0.00075209212588786,0.000193812721896378,-0.000371066494518322,-0.000666098483602936,-0.000541036421913852,-0.00102216288781172,-0.000677395174689169,-0.000708659813240294,0.000338006364943766,-0.000289492122758824,-0.001411948358976,-0.00268983772749785,-0.00237967072197558,5.28207347680139e-05,-0.000859047214061944,-0.000375801823731337,-0.00721460326629212,-0.00463223450052767
"744.31",-0.000771021908948008,-0.000158115916436437,-6.49050575995458e-05,0.000232091163504986,-9.49335964235743e-05,0.000193668576481848,-0.000351054977572301,3.86754726241312e-05,7.95185145895483e-05,0.000352343167461168,-0.000428038885755871,0.000530670119875423,-0.00044018829594323,0.000294113512511427,0.00025239822852016,-0.000466580185284865,-0.000103062572833654,-0.000555028779891113,-0.000119121442291453,-0.000293880776536227,-0.000772700256242784,0.000117198997696419,-0.000400544462243412,-2.52499407149076e-05,-2.3808048635107e-05,5.84701018010716e-05,0.0005745992525363,0.000234446749366917,-0.000203648701507979,-2.23675886058954e-05,-0.00066345783050634,-2.20143682669773e-05,-0.00068057364391868,-0.000353030280519331,-0.00125109745313619,-0.000125508213602093,-0.000354027257951996,0.000125637585534604,-0.000321503251491492,-1.56706774275341e-05,-0.00024989246214981,-0.00039607096126049,-0.000994045315382677,-0.000864946520907063,0.000292344344612957,-0.00243936993442453,0.000719149066064778,0.00177028048115951,0.000518647332802662,-0.000309261986366117,0.000751478157835309,-0.00234993216748533,-0.0062788551911723
"749.058",0.000454318697019797,-0.000595143345729012,0.000170359650248754,-0.000394887408608285,0.000447427599569509,0.000312476305832747,9.59439390860826e-05,0.00039007180004252,0.000196396092905189,0.000558562862314303,0.000103242275434291,0.000568980773791038,2.30048198670066e-05,0.000227814665079688,-0.000288270441302173,0.00031759755154451,0.00136771153943653,0.000401613213089256,3.97947262599081e-05,0.000636114805072887,6.94695848946602e-05,-1.33821880534158e-05,0.00104464861956155,-0.000291647481966348,0.00013137298438996,0.000923437719146797,0.000595319085803448,0.000869177217080852,-4.5676544597229e-05,0.000180753767390453,0.000167512914216079,0.000446365144135327,0.000799571401692076,0.000401404433278725,-0.000167111073770414,0.00057659010517216,0.000131753975607654,0.000686804793858039,-2.99752623437516e-05,0.000976796695945173,-0.00013514294714602,0.000563584614040841,7.77560988559215e-05,0.000711497077885281,0.0010448429282426,0.000668450331346692,7.39634269903921e-05,-0.000782304702449151,0.00386793321246646,0.00238878118761755,0.00742107444607649,0.0046989095806035,-0.00759756226325868
"753.808",-0.000413529934648763,-0.000843195370967635,-0.000789434636218157,-0.000666582945590277,-0.000249981635936729,-0.000378664247016316,-0.000150544617251207,-0.000258483481864419,-0.000118805789274177,-0.000474736042380598,-0.000546625310315355,-0.000375396405154402,-0.000357939598877502,4.68152383226364e-05,-0.000474112382241391,-0.000122983964470406,-0.00067386228969511,-0.000360813111905059,-0.000545893466655067,-0.000821249450305834,-0.000383718965741543,0.000147073054763028,-0.000266464786894296,-0.00131584494942909,-0.000723495780040815,-0.000198430821578124,-0.000955264375052396,-0.00106250613310667,-0.000582505508489894,-0.000356841250025197,-0.000785734729108802,-0.0011377430096883,-0.000712808186126389,-0.000833562536874131,-0.000656387816719135,-0.00101195837284911,-0.000798465056832158,-0.00155989721522028,-0.00174832525704429,-0.00196101462458091,-0.00171588146041146,-0.000928151210424863,-0.00141406136648157,-0.00143233805435961,-0.00284348898014678,-0.00267783925474386,-0.00280306887674518,-0.00261738798927635,-0.00777876177693227,-0.00813920487135377,-0.0204434828542699,-0.0203482623732442,-0.0623270539986265
"758.558",0.00111243694329713,-0.000135475660281532,-0.000245126703399513,0.000601839750555739,-8.85056711134374e-05,0.000679960059399141,0.000268312901619088,-0.000290256761740774,-8.33277964010238e-05,-0.000140447512649648,0.000107270608641721,0.00067192676525929,0.000133479241638791,0.000201280375619003,0.000735812265790074,0.000284497377114874,-0.000337478060292645,-0.000278712286566422,0.000332934404649064,0.000263961872781385,0.000781278512168193,-0.000245413368342012,0.000297908355663602,-0.000263067486245923,0.000728983830041921,0.000862195570983628,0.000368593587426913,0.00072474077238231,-0.000332107201669774,0.00038682918896032,0.000220202492596745,-0.000173815136666638,-6.22753968290289e-07,-0.000287820770004344,-0.000111469543876828,0.0017851520596009,0.000123548464055011,0.000218485059466538,-0.0001076514692827,0.000326661978507148,0.00122267656866527,0.00130297834710103,-2.09187899815699e-05,4.69301605371088e-05,0.000332106870414633,0.00269062337299274,-0.000161238478977983,-0.000192465021990179,0.000540576093610376,-0.0021564824596347,-0.00484876053897042,-0.00740959619953553,0.0193339707229518
"763.31",-0.0015125493418839,0.000215025783203684,0.000166641463735339,-0.000574727632070539,-2.2512194407999e-05,-0.000600009163559059,-0.000414443482287931,-8.26058830512819e-05,-0.000324017416755478,-0.000277954147082286,-0.000587524561115937,-0.000366398266315211,-0.00110304141978666,-0.00089443138202248,-0.000562923186935519,-0.000383205235573924,-0.00034384097449902,-0.000322253260595581,-0.000637356112263432,-0.000598579369812012,-0.000914916072913631,-0.000444923379075436,-0.000179861220392084,-0.000751410654363895,-0.00011104526397791,0.00027293858308571,-0.000511105659927179,-0.000254862324287963,-0.000725964522725942,-0.000239071600546702,-0.000496702351223763,-0.000319033632820897,-1.29215434419089e-05,-0.000817267777700066,-0.000694151110978706,-0.000505490992669559,-0.00098246632346605,0.000252333959543267,-0.00178418515786885,-0.000450853576642459,-0.00131870512831796,-0.00102129741144856,-0.00157475074721231,-0.00104668767598775,-0.0021569537176591,-0.00254230026294957,-0.00234412537120112,-0.00208435001546867,-0.00434470370195717,-0.000928618027436057,-0.00841000442859758,-0.00980633593297442,0.0295567198991321
"768.062",0.000485721622002275,0.000573373108950731,-0.000434786327343384,0.000487797748666909,9.10034319872358e-05,0.000605394842856483,-0.000197347829617956,0.000305510662448502,0.000474614536981764,7.21543840055996e-05,0.000120693775015289,2.36627408436719e-05,0.000325135949574609,0.00032922143913788,0.000674824223547402,0.000210653188966682,0.000210698796523622,0.000207644298885102,0.000299973618586833,-3.03505503900419e-05,4.46729024265742e-05,0.000518862641971153,0.000348524670169744,0.00107688948069077,0.00122229362749015,0.000112504253546675,-0.000307707778906045,0.000305695851273569,0.00120909798906873,0.000434462085140622,0.00114584781961272,0.00011907188536426,0.00127486949204627,0.000551683725504513,-6.37195573217196e-05,0.000308028629026039,0.000198016603803707,-0.000270445624928361,0.00074212680191857,0.000151438637835329,0.000233878028611034,-1.98403850071472e-05,0.00126646648140155,7.36104420399786e-05,0.00140304980893785,0.00129799806021932,0.00199846664339655,0.00244311139497594,0.00350832946547569,0.00220728770597821,0.00968226304904655,0.0149445298880075,0.00737944600363904
"772.815",-1.73857542569908e-05,-0.00117736649527135,-0.000770534356518338,-0.000909091383509569,-0.00087638812071972,-0.000636591899037202,-3.15342266702749e-05,-0.000367866822823835,-0.000583091407978181,-0.000144071495542617,-0.000271284728303458,-0.000655557202218252,-0.000262368668867991,9.74080377292491e-05,-0.000437701839089465,-0.000632214415999082,-7.40087864431754e-05,-7.78441898167906e-05,0.000400781085345217,-0.000950750516701613,0.000267845601451668,-0.000266330268843217,-0.000279848608066102,-0.000427071791439063,-0.000311300648633283,-0.000834141038263429,-0.0010676164468178,-0.000305493093900825,-0.000195279331404478,-0.00034976453909921,-0.000739594102439524,-7.14611348574741e-05,-0.000169720862793584,-0.000197218616490338,-0.000470979868430659,0.000375718790180379,9.91676277630279e-05,-0.000569597475752252,-0.000441731637740766,-0.000370048671393629,-0.00104236001217072,-0.000213773715585034,-0.00190809105755113,-0.000982243554209485,-0.000772426658339211,-0.00149990183568423,-0.00183288312001225,-0.00253764075001779,-0.0009865089180852,-0.0057996381849814,-0.00267602289261258,-0.00249877919167338,-0.0365621811564479
"777.57",-8.8381911346728e-05,0.000426612069555454,0.000214395707862329,-0.000201670530220048,-0.000209106447388471,-0.000127523459254329,8.07144555637699e-06,-0.000318950231856685,-0.000444554309813,0.000129600074200491,-0.000317876946061075,8.52617311679473e-05,-6.37542179873644e-05,-0.000286075108454885,9.67139767748367e-05,-0.000310743989909668,-0.000467250539270637,-0.000717319178192873,0.000291857573400836,0.00016939807198888,0.000470909227350786,0.00032880880961391,0.000451394297897968,0.0011503616156784,0.00023442996985728,-0.000724144101753484,-0.000125068144693266,0.00052395703718094,0.00018681514452771,-0.000775268271305098,-0.000109502062092257,4.84464010961159e-05,0.000182988388511662,-0.000125664241654511,-0.000103920402244512,1.38056810755594e-05,-0.000592507060930161,-3.03871178719607e-05,0.000450567511514635,-0.000549662937270932,-0.000458466717656097,-0.00063482595947426,-0.000109007806483676,0.0005261960289798,0.000115688059203675,-0.000171810972818178,-0.00112258516498623,0.000994014716337647,0.000503864240381508,-0.00165692137315136,-0.00192064790649333,0.0105899768897688,-0.0145494821405128
"782.325",0.000485515758020375,0.000208930998899804,0.000464383170734675,0.000300309686351999,1.17845524776728e-05,-9.74159968184762e-05,-8.11894352708739e-06,-0.000215763785947566,0.00021772501653828,-0.000187215568778441,-3.10906977275443e-05,6.18133370294087e-05,0.000323928030491302,0.00103589063908807,0.00107885372857147,0.000461110498896446,0.000102430054243954,-0.000377370528610807,0.000754892833600892,0.00087568255159216,0.000184926094643912,0.000188022525790529,0.00057066328008242,0.00135392994493089,0.000490874370198522,0.000348292473065008,0.00039406671418641,0.000582859827944081,-0.000252899083481657,0.00012498377143073,0.000370771357053194,0.00022182544029374,0.000111100743532518,0.00029281553964512,0.00044843901970775,0.000264267439805832,-0.000455176839306152,0.000667809804558282,0.000964757797146192,1.76145520652854e-05,-7.46279435382919e-05,-2.05722025946343e-05,0.000489108208696875,0.00162811958234557,0.000386288620124135,0.00215911163666157,-2.22250314868078e-06,0.000762524796316831,0.00069674116560624,-0.000443437535770243,-0.00571450569481046,0.00524972236831895,0.0109772030749475
"787.081",0.000608602716944263,0.000214037187695254,-0.000223522779292274,0.000392478254657824,0.000399502228759487,0.000366312809062324,-4.19207722566709e-05,6.64758851730906e-05,0.000239811563070164,0.00045178835563221,0.000598406432004028,0.000291656201673597,3.96299608565596e-05,-0.0001946900973986,-0.000151242040108249,0.000124555704752807,0.000289458387761629,0.000636486471550372,0.000273444067657405,-0.000305268835391475,0.001045090197267,0.000190439328674687,0.000630718556881028,0.000142664030753882,-0.000531757309107354,-0.000410578765386537,0.000626668333828378,0.000403093511295087,-0.000298623942457853,-0.000500385034882232,0.00026646186169623,-0.000507878817810442,-0.000423342363339468,0.000875034506703049,0.000352130588231758,0.000184979185933239,-0.000511727345989412,0.00011179635053316,0.000352934077135457,-9.00655374725546e-05,0.000114530607548964,-0.000744470640692408,0.00102675030245322,0.000286114181764647,0.00194888781535066,-1.91319390361732e-06,0.00103889190784183,-5.74100403529492e-05,-0.00106046418564193,-0.000729660291367677,-0.000146860266090726,0.00915588209876474,-0.00214540692417679
"791.838",-0.000792352449314412,0.000165086378214696,0.000462005722705472,9.80541093645972e-05,-0.000120938956745648,-2.30387040627984e-08,-5.00410519621551e-05,-0.000280342272171664,9.10766495847751e-05,-0.000230079252499893,-0.000298754847253196,-0.0010643210390341,-0.000252320472333199,0.000712900287409773,-0.00060329527401684,-0.000248816248486896,-6.54540323417385e-05,-0.000816139050807069,-0.000926275094670095,-0.000240646029290446,-0.00102914113946854,0.00103617088624654,-0.000551986457468869,-0.000316138263781088,-0.000653466961041447,-0.000714591928238441,0.000130748025765701,-0.000272722872622842,-0.000272411114499526,-0.000487113035078445,-0.000431115427177896,-7.6204010547572e-05,-0.000191659192169473,0.000548497034589678,-0.000162323472073056,0.000199497022127868,-0.000706921754974607,-0.000366110647379038,-0.00041909509874222,-0.000947830531224146,-0.00148994818060833,-0.000598694621026204,0.0013473409973831,-0.000417754386308337,-0.00182532202943569,0.0010547033430909,8.68978677376272e-05,-0.0023942960535514,-0.00163986109517721,-0.00162603778070646,-0.00844141862344299,0.00727475198616843,-0.0178352726025013
"796.596",0.000169469987216995,0.000285603734765044,-7.57953426738989e-05,-0.000156920756033615,0.000431514257867729,-0.000214752549998665,0.000469956298341397,-7.50179482359154e-05,0.000126157793570966,2.946211719193e-05,0.000195795535214264,0.00014210227657774,0.000135533750251941,-9.23170205428802e-05,-0.00012834064553157,1.71345223434863e-07,0.000174819727380866,0.000507014273445034,0.000293994782944008,0.00063732029908596,0.000575842675113267,0.000767097260976049,0.000421855054268192,-0.000672960867347714,0.00137347147782613,9.4331365607802e-05,-0.000186165044149065,0.000397332519167142,-0.000224603782186679,0.000561451035044945,-0.000103432601529656,0.000205993657964518,0.000299683826120831,0.000226386068830634,-6.89304291157475e-05,3.91584825787275e-07,-9.22005977657038e-05,-0.000178241181903931,-0.000359074654173217,-0.000200505931647602,0.000369817844623064,0.000799515889017836,0.000906018286915417,-0.000105734973258323,-6.19868334251977e-05,0.00166559128577611,4.40881130771661e-05,-0.000693984471218012,0.00166526226918247,0.000738092311628738,-1.62870850744503e-05,0.00520090502277999,-0.0114399973934934
"801.355",0.00121557842406471,0.00068067437163919,0.000982262057174504,0.000430987256537957,0.000776499136631231,0.000751003071272853,0.000169543732437125,1.93486034794049e-05,0.000472673463846836,0.000211011483741089,0.000515847659941092,-8.91954449932731e-05,0.000280355914973293,0.000489679934555037,0.000464183352186013,0.000842695655672833,0.00053177920457309,-0.000134330139474881,0.000653820566401824,0.00128335672534295,0.000925093268880944,0.00133303833870816,0.000208205776353872,-0.000227513174525538,0.000311198658142292,0.000500416479358408,0.000470217207504765,0.000525295550160181,-1.1381083066249e-05,-4.50759482222259e-05,0.00095866659408916,0.000133506443826858,0.000359307576599975,0.000148851828612757,0.00115411293730707,0.000939981971668553,0.000674219064010814,0.00112036201871441,0.000825817760242879,0.000582117158186599,0.00040311915603363,0.000526359243109017,0.00064029843322204,0.00172176936509802,0.00109512228610681,0.000318516852019808,0.00289243190149917,0.00145538688438593,0.00212759170866654,-7.91800732379203e-05,-0.00478508778442306,0.0113397024586527,0.0290109317125786
"806.114",-0.00081056951606475,-0.000448763042550881,-0.000484519926969288,-0.000344793946961455,-2.13662499046188e-05,-0.000692573072542912,-0.000221214608869602,-0.000181707541451401,-0.000574338210331255,-0.000473120575908874,-0.000394288665405622,-0.00069102233085051,-0.000957993547063099,0.000125385891412348,-0.000972934748334405,-0.000120136402003354,-0.00045078020389865,-0.0008765641959285,-0.000454276904599895,-0.000396228000779539,0.000396743018534327,-0.000656248173094785,0.000169341578010673,-0.000732509907058361,-0.000742644301949768,-0.000162913238345413,-0.000263973969489798,-0.000411396151201989,-0.000558974009177756,-0.000777742497023209,0.000278602368892823,-0.000267371912508914,-0.000247378697009778,-0.000860933878594341,-0.000154640574846524,-0.000514093826065488,-0.000939410620582694,-0.00103655678688725,-0.000958936188447118,-9.40363944137584e-05,-0.00159610662902219,-0.000980711301905714,-0.00170487567663857,-0.000206453893084704,-0.000295202199224711,-0.00246021716327616,-0.00122190712438528,-0.002429668641125,-0.00374955962639273,-0.0013539028041348,-0.00527578619628599,-0.00849909595919587,-0.0151482315832451
"810.875",0.000113163640564864,-7.27478537570198e-05,0.000392501181304876,-0.00033253744255862,7.43164430852038e-05,0.000282641269388924,-6.65397779966869e-05,-4.55960288562269e-05,1.43453498666825e-05,-1.76710683840264e-05,0.000122006159803875,-2.26228687916285e-05,-0.000175528219038493,1.11295568418834e-05,0.000187682179285426,0.00075465138762519,8.03980594298362e-05,-1.54423052256265e-06,-0.00101626757933456,0.00057554378715665,0.000218530427851767,0.00044519125353933,-0.00018278543132784,0.000151294771009833,0.000119575416557647,-0.000674877112863558,-0.00013830420868108,0.00039967076918612,0.000159734984825785,-6.7534141036656e-05,0.000345504327596751,-3.36039933650059e-05,0.00127067767584275,0.000252175822714068,-0.000107113762956792,0.000224931254419762,-0.000145978471082115,-0.000252430617776381,2.88204323444797e-05,-0.000614693289922234,-0.000672274400315602,0.000144674023276526,0.00046063937885189,-0.00124024318815733,0.000961995246127817,0.00127662217307482,-0.000120935121977524,-9.7677189473989e-05,0.00386243690430991,0.00126927351186813,0.00237694082092407,0.00660191533241032,-0.00818507223695682
"815.635",-0.000891185107619364,-0.000723985448554053,0.000117790416194723,-0.000147789912864915,-0.00145774094158504,-0.000195158348136985,-8.85118280420341e-05,-0.000292015630339867,-0.000218088519365991,-0.000211323956965796,-0.0003477712967225,-0.000590648115967345,-0.000934801848576596,-7.97991781884407e-05,-0.000353949943711431,-0.000547198912773919,-0.000625011031419877,-0.00116942278238596,-0.000590260858644488,6.74386833866281e-05,-5.70521151357327e-05,-0.000419405376536603,-0.0005473949191367,0.000202092398532847,-0.000191704420267973,-0.000244459122240197,-0.000436334341052583,0.000285515652019813,-0.000262343394701959,-0.000597352005384154,-0.000445991137491225,2.22957526197896e-05,-0.000449689121204252,0.000401679310150284,0.000452140297261226,0.000288439870515852,-0.000793863851334955,0.00016798916600316,-4.41996128738164e-05,-6.29262041695203e-05,6.7107928008375e-05,9.08367823064983e-05,0.000100817708661458,-0.000298420987033507,-0.000776480512472419,-0.000640193544955208,-0.000232291288905556,-0.00219209137077067,-0.000864009282031405,-0.0013515104640734,-0.00201183187149813,0.000939294320094075,-0.0231692348939436
"820.397",-0.000113407037652288,-0.00102795319732678,-7.84261597190961e-05,2.46087863370986e-05,0.000202341332125277,-2.9539153050915e-05,-0.000545537110156415,-0.000240149781952218,-6.5607069204913e-05,-0.000228030434090942,3.75208129261747e-05,-0.000479319640358154,-1.86021098211179e-07,-0.000341594484907441,-0.00012182463640377,0.000131178914171797,0.000127367467702997,-0.0019014473355936,-0.000406709620679934,0.000435253306058196,0.000166879088596647,-0.000550539149145437,0.000273675774421429,-0.000240007600581906,-0.000395314723029591,-0.000337529114845481,-5.71992890909623e-05,0.000228302713208841,-0.000148242021011422,-0.000642458390401646,5.57195343270656e-05,-0.000267362338512775,-6.72961605058657e-05,0.00014890705393678,0.000654424015920534,-3.75526529873957e-05,0.00014538687967945,-4.22737442154487e-05,0.000899750597971485,0.000345831701307359,-0.00042016100251954,-0.000508266906196362,-0.000119540289936449,-0.000987782720376274,-0.000107161253915118,0.00105382173023962,0.00155805477820336,-0.00119258223635404,-0.00351843091378217,-0.00159037976159905,0.00201148894685445,0.00307284785911959,-0.0133404748379961
"825.159",-0.00025887533013998,0.00092684612632127,0.00096949338378681,0.000751221600218993,0.000255390159813086,0.000292615964573248,-0.00016963034741777,5.21089921593785e-05,0.000269043115219476,0.000414450911981374,0.00043176882694376,0.000256427975013915,0.000373987707025994,0.000148109918789346,0.00038691715082615,0.000361217047559762,-0.000208048323012648,-0.0100403512395758,0.000273957979228254,0.000803398538264664,0.0008486165861878,0.000445386864725252,0.000286779893770171,0.000543116915406266,0.000131761734502794,0.000674846064264574,-0.000206740021112929,8.01372241789585e-05,0.000741495444329429,0.000349437518306864,0.000356760342341022,0.000178423464935151,0.000619168128391367,0.0010329969495874,0.000297456097943559,0.000476599455427277,0.00022505946714018,0.000224005752129485,0.000973585134968208,-0.000361884492614829,0.0011760877489086,0.000308578611100349,0.00160463900041957,0.00087324986579646,2.78604448045146e-05,0.000604052543786959,0.00102804640434624,0.000138645378524516,0.0026534048993877,0.00167873047173903,0.00088667057922013,0.0082909553229001,-0.0104413906739986
