"","500","495","490","485","480","475","470","465","460","455","450","445","440","435","430","425","420","415","410","405","400","395","390","385","380","375","370","365","360","355","350","345","340","335","330","325","320","315","310","305","300","295","290","285","280","275","270","265","260","255","250","245","240"
"248.336",0,0,0,0,0,0,0,0,0,0,0,0,0,0,0,0,0,0,0,0,0,0,0,0,0,0,0,0,0,0,0,0,0,0,0,0,0,0,0,0,0,0,0,0,0,0,0,0,0,0,0,0,0
"252.814",0,0,0,0,0,0,0,0,0,0,0,0,0,0,0,0,0,0,0,0,0,0,0,0,0,0,0,0,0,0,0,0,0,0,0,0,0,0,0,0,0,0,0,0,0,0,0,0,0,0,0,-0.137586380970627,0.00172884433031285
"257.296",0,0,0,0,0,0,0,0,0,0,0,0,0,0,0,0,0,0,0,0,0,0,0,0,0,0,0,0,0,0,0,0,0,0,0,0,0,0,0,0,0,0,0,0,0,0,0,0,0,0,-0.124796592880671,-0.00769232042076322,-0.0037562360442594
"261.781",0,0,0,0,0,0,0,0,0,0,0,0,0,0,0,0,0,0,0,0,0,0,0,0,0,0,0,0,0,0,0,0,0,0,0,0,0,0,0,0,0,0,0,0,0,0,0,0,0,-0.110744084515279,-0.0117353737816695,-0.0211393437712564,-0.100791861119057
"266.271",0,0,0,0,0,0,0,0,0,0,0,0,0,0,0,0,0,0,0,0,0,0,0,0,0,0,0,0,0,0,0,0,0,0,0,0,0,0,0,0,0,0,0,0,0,0,0,0,-0.109603821163978,-0.0181707162447083,-0.0111279963741969,-0.0764104757694159,-0.142053537570469
"270.764",0,0,0,0,0,0,0,0,0,0,0,0,0,0,0,0,0,0,0,0,0,0,0,0,0,0,0,0,0,0,0,0,0,0,0,0,0,0,0,0,0,0,0,0,0,0,0,-0.102166272217796,-0.0106619841609375,-0.00472100370480315,-0.0401320757988467,-0.109283733699761,-0.0239086014553217
"275.26",0,0,0,0,0,0,0,0,0,0,0,0,0,0,0,0,0,0,0,0,0,0,0,0,0,0,0,0,0,0,0,0,0,0,0,0,0,0,0,0,0,0,0,0,0,0,-0.0871856539889573,-0.0109515318069636,-0.00590674490499195,-0.0221921177674647,-0.101410953881272,-0.0622925578463972,-0.0274485205873805
"279.76",0,0,0,0,0,0,0,0,0,0,0,0,0,0,0,0,0,0,0,0,0,0,0,0,0,0,0,0,0,0,0,0,0,0,0,0,0,0,0,0,0,0,0,0,0,-0.0751218712457586,-0.0129523127447674,-0.00511267927838574,-0.0227605103031374,-0.0800993721920589,-0.0752410781224206,-0.0159129634560147,-0.0538900744041534
"284.264",0,0,0,0,0,0,0,0,0,0,0,0,0,0,0,0,0,0,0,0,0,0,0,0,0,0,0,0,0,0,0,0,0,0,0,0,0,0,0,0,0,0,0,0,0,-0.00808080722285798,-0.000991122072795472,-0.00481822904584043,-0.0494926243615404,-0.0601244465192959,-0.0135809840343668,0.0112927035003141,0.00995166299185711
"288.772",0,0,0,0,0,0,0,0,0,0,0,0,0,0,0,0,0,0,0,0,0,0,0,0,0,0,0,0,0,0,0,0,0,0,0,0,0,0,0,0,0,0,0,0,-0.00644507046936266,-0.00154943747440558,-0.00319910963532781,-0.0224536767600269,-0.075001211952633,-0.0194380666850013,0.00263955169743055,0.00355428972916547,0.0221225042957646
"293.283",0,0,0,0,0,0,0,0,0,0,0,0,0,0,0,0,0,0,0,0,0,0,0,0,0,0,0,0,0,0,0,0,0,0,0,0,0,0,0,0,0,0,0,-0.00598623669509202,-0.00362072374277105,-0.00364091409467506,-0.0168929383754427,-0.0665331938220368,-0.0276060978532748,-0.00814452064988258,-0.00182255299178201,-0.0100351496395945,-0.02917284195157
"297.797",0,0,0,0,0,0,0,0,0,0,0,0,0,0,0,0,0,0,0,0,0,0,0,0,0,0,0,0,0,0,0,0,0,0,0,0,0,0,0,0,0,0,-0.00476641288675195,-0.0039330065253863,-0.0038538747343656,-0.00800702029052658,-0.0484620528717786,-0.036798980425357,-0.00382544171573084,0.00207133095527314,-0.00422358297537209,-0.00596723140071062,-0.00814140556476168
"302.315",0,0,0,0,0,0,0,0,0,0,0,0,0,0,0,0,0,0,0,0,0,0,0,0,0,0,0,0,0,0,0,0,0,0,0,0,0,0,0,0,0,-0.0053060670784435,-0.00272932680865308,-0.00213258009349558,-0.00209249545657326,-0.0341959218622652,-0.0433435907639553,-0.00611920159160716,-0.000106877500471596,-0.00291908134764994,0.00447668330012431,-0.0132110645564645,0.00418900176861339
"306.837",0,0,0,0,0,0,0,0,0,0,0,0,0,0,0,0,0,0,0,0,0,0,0,0,0,0,0,0,0,0,0,0,0,0,0,0,0,0,0,0,-0.00173369373117582,-0.00167726018157036,-0.00133819607376605,-0.00151811917211109,-0.0180183011329581,-0.0457142231141737,-0.00994087018481846,-0.00129523327951068,0.00315909179273684,0.0026832933860931,0.00480620387699111,0.016165209579663,-0.00270400954913205
"311.362",0,0,0,0,0,0,0,0,0,0,0,0,0,0,0,0,0,0,0,0,0,0,0,0,0,0,0,0,0,0,0,0,0,0,0,0,0,0,0,0.00528178829650738,-0.00273524884006176,-0.000258162085341452,-0.00155357343867047,-0.00875079736038593,-0.0379218605640136,-0.0166250822555152,0.00145404994500043,0.00187592441719822,0.00184015200257189,0.00340496710538981,0.00754848659270714,0.00473273413663233,0.0333263607046424
"315.89",0,0,0,0,0,0,0,0,0,0,0,0,0,0,0,0,0,0,0,0,0,0,0,0,0,0,0,0,0,0,0,0,0,0,0,0,0,0,0.00398905237809488,-0.000356535650619563,-0.00203349322040378,-0.0021966398435117,-0.00498623906295705,-0.0292985906344195,-0.0251146936411471,-0.0022765638229701,-0.00166950414087147,8.29289144610584e-05,-0.0019975441311783,-0.00246957363997212,-0.0020640692666382,-0.00409932194259524,-0.0443986762468437
"320.422",0,0,0,0,0,0,0,0,0,0,0,0,0,0,0,0,0,0,0,0,0,0,0,0,0,0,0,0,0,0,0,0,0,0,0,0,0,0.0156663322765649,-3.30830318615097e-05,-0.00085865133156326,-0.000420861726386383,-0.0019227096120109,-0.0195282560698357,-0.026399055785044,-0.00169459319639206,0.00128298592901778,0.000484969106359467,0.000291753158992548,0.00242045631400588,0.000507495931041493,-0.000917736739093353,0.0045304419738383,0.041339214967225
"324.958",0,0,0,0,0,0,0,0,0,0,0,0,0,0,0,0,0,0,0,0,0,0,0,0,0,0,0,0,0,0,0,0,0,0,0,0,0.000598101842787413,0.00180725302370227,-0.00199723161580951,-0.00161229747256085,-0.00100583896168666,-0.0130701670937907,-0.0315933187430212,-0.00545314929225343,0.00118476543019813,0.000992826982850595,-0.000433471997146033,0.000171745196046312,0.00195445080385183,0.00142105575966379,-0.00201479535098146,0.0055459471291529,0.00214650700585213
"329.496",0,0,0,0,0,0,0,0,0,0,0,0,0,0,0,0,0,0,0,0,0,0,0,0,0,0,0,0,0,0,0,0,0,0,0,-0.00011912036463857,0.00259730726909933,-0.00137893404265025,-0.00132239324443773,-0.00179016655311981,-0.00704673850440365,-0.0290532440229423,-0.0127021251309906,-0.00119210060457603,-0.00166970541290019,-0.000919637170994506,-0.00343462190482955,-0.000569942739142626,0.000938436045323947,-0.00495836673572757,0.00252081666944441,-0.00565671016407116,-0.00504550059291975
"334.038",0,0,0,0,0,0,0,0,0,0,0,0,0,0,0,0,0,0,0,0,0,0,0,0,0,0,0,0,0,0,0,0,0,0,-0.00017920635960389,0.00620827431710852,-0.00189958793274798,-0.000237903806917036,-0.00128719294113993,-0.00447547514890408,-0.0222167243689305,-0.017120819442297,-0.00146671846278233,0.00033134895056464,-0.00118934438703999,0.000461900434547084,-0.00231817347880648,-0.000441279094802447,0.00077769118338178,-0.00169301728948904,-0.00194203833048428,-0.00911445025658251,-0.0241265719687971
"338.584",0,0,0,0,0,0,0,0,0,0,0,0,0,0,0,0,0,0,0,0,0,0,0,0,0,0,0,0,0,0,0,0,0,-0.000238272089869263,0.011995295405434,-0.00176211569046856,-0.00111797309028356,-0.00158901333543784,-0.00103008963544273,-0.015672546786645,-0.0227639309348694,-0.00388674971132745,-0.000874432044228002,-0.000354689099540228,-0.000696669881408786,-0.0012311855376448,-0.000222266216623994,-8.8359470984711e-05,-0.00188689619254584,0.0017553455107112,-0.0020639936841223,-0.00138116647085376,-0.017946906182823
"343.133",0,0,0,0,0,0,0,0,0,0,0,0,0,0,0,0,0,0,0,0,0,0,0,0,0,0,0,0,0,0,0,0,-0.000295907169317045,0.0246471989936244,-0.00065353505342138,-0.0013867736636621,-0.000926934875142563,-0.00134506318305139,-0.00834066224285615,-0.0217087643297395,-0.00614519269607436,-0.000474730749030198,0.000364957675548813,0.000905690557419819,-0.00118502479889072,0.000491578188802284,0.000329379735361269,-0.00092302592741192,-0.00238323187860469,-0.00129885681306899,0.00241413172656454,0.00886411020719876,0.0419106954147613
"347.685",0,0,0,0,0,0,0,0,0,0,0,0,0,0,0,0,0,0,0,0,0,0,0,0,0,0,0,0,0,0,0,0,0.0262217164274071,-0.000745041170789525,-0.000690788795264505,-0.000713648328899499,-0.0018399044588185,-0.00567319116680236,-0.0210364993431131,-0.00935351818198758,-0.000930521583683969,-0.000177066590794668,7.61094940261832e-05,-0.000422179374557809,-0.000465901370172361,0.00141914851684391,0.000587125594348334,-0.000706273422237014,0.00283793665348056,0.00168639895228918,0.00254327143133586,0.00614163329730954,-0.00949507298755353
"352.24",0,0,0,0,0,0,0,0,0,0,0,0,0,0,0,0,0,0,0,0,0,0,0,0,0,0,0,0,0,0,0,0.0307998794919267,0.000213339008091248,-0.00094664393414161,-0.00154078053806751,-0.00112968077767304,-0.00241849246054572,-0.0152073732873888,-0.0161025438556992,-0.00195360432300331,-0.000907550538074553,-0.0011945017694736,-0.000296057646215856,0.000179634744665722,-0.00131114122540532,6.23307020354502e-05,-0.0030216301159303,-0.000313275572146568,-0.000620688530177731,-0.00179074901539978,-0.00479050553359263,-0.000704986930194565,-0.0136758647935282
"356.799",0,0,0,0,0,0,0,0,0,0,0,0,0,0,0,0,0,0,0,0,0,0,0,0,0,0,0,0,0,0,0.0417427424870339,0.000279220380863986,2.93760486385006e-05,-0.00102549630279405,-0.000708136137865066,-0.000893059834600472,-0.00921848370019099,-0.0174702717842975,-0.00334662324727863,-0.000579475605379204,-0.000150531427343675,-9.09882464369431e-05,0.000157853271195296,0.000977664941401521,-3.54683451071064e-07,-0.000822758738126206,-3.86666877149203e-05,-0.00194506901815897,0.00308058079288687,7.71503256379474e-05,-0.00136716503116273,0.00210376077845193,0.00631242989869474
"361.361",0,0,0,0,0,0,0,0,0,0,0,0,0,0,0,0,0,0,0,0,0,0,0,0,0,0,0,0,0,0.0484662767039502,0.00106661639388173,-0.000226051570779634,-0.00100415051605743,-0.00123905368568173,-0.000974546357043339,-0.00518584006759949,-0.0149307506911475,-0.00582323514670155,-0.00171074808805401,1.45854179008803e-05,-0.000588014470852844,-0.000762542007899805,0.000919242846617562,-0.000710545860337648,-0.000320551324930618,0.000700282055620058,-0.00151991806303493,-0.000136791631505287,-0.00321737307221415,-0.00325149156680006,0.000495142544278105,0.00306322073003369,-0.0335644235289055
"365.926",0,0,0,0,0,0,0,0,0,0,0,0,0,0,0,0,0,0,0,0,0,0,0,0,0,0,0,0,0.0616946003623518,0.00312155782850049,-0.000199030372824282,-0.000114627671223961,3.0703422648071e-05,-0.000287848308462913,-0.00259874899285082,-0.0119069113070165,-0.00781465891575805,0.000158048184297844,-0.000503120308119669,0.000251400547592162,0.000184679603050844,0.000800008382959819,0.000802296191016801,-0.000252884173485371,0.000936983016504047,0.00252375466627964,0.000951507602196325,0.000411031624786905,0.00218950547864511,0.00190880674460562,0.00375951445674162,0.00873396961260954,0.00523959943452825
"370.495",0,0,0,0,0,0,0,0,0,0,0,0,0,0,0,0,0,0,0,0,0,0,0,0,0,0,0,0.077471484004605,0.0048857113245407,-0.00047253635670916,0.000489878654761557,-0.000401380947232143,-0.000874688249448498,-0.00167798692386387,-0.00800482878432399,-0.0100688898318658,-0.00220166089005722,-0.000277188030678977,0.000175563855598497,0.000452657540830882,0.000750967805751259,-0.000487680407829659,-0.000976323765803915,-0.000683895910523098,-0.000345307666102688,-0.000348789598689143,-0.0010579032330815,-0.000861012119653141,0.000571131459709999,0.00409973810483374,0.00509917930576073,-0.000713705064347339,-0.0080324261434023
"375.067",0,0,0,0,0,0,0,0,0,0,0,0,0,0,0,0,0,0,0,0,0,0,0,0,0,0,0.0995537365930035,0.00995244138329519,-0.000362222420433073,0.000154727001575549,0.000278174263079732,0.000152241534945257,-0.000805751073634666,-0.00604075846676322,-0.01133549796152,-0.00361771176836987,0.000499113483543302,0.000194690127220522,-4.42086230440699e-05,-0.000311900362454866,0.000315687666809782,0.000700786987208653,0.00037609252508856,0.000567380796529196,-0.000794253389711698,0.00101040233541198,-6.93890262397833e-07,0.00261896603706877,0.00222122787210585,-0.000394916308454711,0.00420950412756976,0.0111952468283088,0.0585145751643721
"379.641",0,0,0,0,0,0,0,0,0,0,0,0,0,0,0,0,0,0,0,0,0,0,0,0,0,0.11227565801986,0.0122516461642887,-0.000533258036510456,0.000326310656397826,-0.000582487912132598,-0.000456152193534953,-2.33498047014077e-05,-0.00303027114796001,-0.00998405303039852,-0.00516468789107884,-0.000465181185943269,-1.21378080650907e-05,0.000321114448411164,-0.000197207806897186,2.97370785618746e-05,-0.00083376550099476,5.16886599722139e-05,0.000267305127445552,0.000393574452000498,0.00127472114130745,-0.0013083379950427,-0.00235777883210974,0.000130488675585592,-0.00109732303330428,0.00204362926084937,-0.00489571211499352,-0.0112194859503495,-0.0165287528217513
"384.219",0,0,0,0,0,0,0,0,0,0,0,0,0,0,0,0,0,0,0,0,0,0,0,0,0.126738207144966,0.0177571125788288,-0.000730462906501628,-0.000724101690174585,0.000410274272997261,-0.000396561242100615,-0.000442306063503168,-0.00148356988202372,-0.00780480568026624,-0.0059715052894951,-0.00162212766036888,-0.00122172381002988,-0.000212393157752531,-0.000118919867710049,0.000167173526458845,-0.000551652731067704,-0.000779840848013865,-0.000413401493529959,7.43743119224099e-05,-0.00106423870033379,0.000606918841448676,-0.000362735817611134,0.0014392402465151,0.000258823387393218,-0.000817499673291776,-0.000150961500021889,-0.0072389487684154,0.00934809924905747,-0.00661131520128576
"388.801",0,0,0,0,0,0,0,0,0,0,0,0,0,0,0,0,0,0,0,0,0,0,0,0.128196805497563,0.020700053991853,2.93130275000686e-05,-0.000358705151713671,0.000168393593779022,5.18799387479217e-05,-0.000300436365583494,-0.00134539093966437,-0.00491862673467344,-0.008393564258774,-0.00304857044718261,-0.000838498996211248,-0.00110091803891213,0.000387756719680034,-0.000281604745807942,0.000107785829123202,0.00033046133966528,-0.000784546574156271,-0.000931105496158261,-0.00163293121518455,0.000713285247096494,4.86720570272358e-05,-0.00119683899638063,-0.000488093781013337,-0.00191974542984068,-0.000631913954234498,-0.00319777636486387,-0.00493442851924757,-0.00539835637233363,-0.0143600423187355
"393.385",0,0,0,0,0,0,0,0,0,0,0,0,0,0,0,0,0,0,0,0,0,0,0.116458988280086,0.0303410394030454,-0.000145678962766514,-0.000164827531509619,-0.000825985728881016,-0.000459647783382339,-0.000730004491569673,-2.10343556366959e-05,-0.00271598690802469,-0.00819456550220807,-0.00397838539414376,-0.000372233452278393,-0.000562682200824002,-0.00039493493369383,-8.07457284650495e-05,-0.000146775277755643,-0.000297452396225149,-0.00128179323949352,0.000117369199517823,-0.000843173067948239,-0.000228671683081259,-0.000723216721175871,-4.70280708442321e-05,-0.000614623553091825,-0.00113306911301532,-0.000838819102607134,-0.000554204684585091,-0.00389555074599158,-0.00318840268563568,-0.000422437024897604,-0.023891869689275
"397.972",0,0,0,0,0,0,0,0,0,0,0,0,0,0,0,0,0,0,0,0,0,0.0826330024706505,0.0366535202263838,0.000974886481418894,-0.000618675542543379,-0.000406373332572319,-0.000244616985614955,-0.000396589122286971,-0.000813044426905508,-0.00141031308250346,-0.0070994288725328,-0.00466078698759199,-0.000499575144885986,-6.82088135949708e-05,-0.000443805861329776,0.000170155693491052,0.000684247693156578,-0.000557647299122195,-0.000337968177814744,-0.000520511625081817,1.37582138873922e-05,-3.11715663284275e-05,-0.000442495499729603,-0.000408492922410254,-0.000747898870807929,-0.00227093119345004,-0.000645586038017258,-0.00181687612904523,-0.00219453250157102,-0.00282952236430364,-0.0080728455857341,-0.0081957071668976,-0.00203931999927637
"402.562",0,0,0,0,0,0,0,0,0,0,0,0,0,0,0,0,0,0,0,0,0.131277305700206,0.0442067284057354,-9.40525177898343e-05,-0.000504236750619444,-0.000321561490758338,-0.000219625884761111,-0.000637440152468368,-0.000204490927774857,-0.000595996125659934,-0.00541966641850797,-0.00570827302171636,-0.00131345761225031,-0.000239297340090963,-4.68282862061174e-05,-0.000921279687340382,-0.000428938694725478,-0.000409423107709768,-0.00058174360668992,9.60798129507417e-05,-0.00128202642688253,0.000232531524367775,-0.00103627464256682,-0.000277810621039569,-0.00216822143750729,-0.00115463756449724,-0.000545991835460966,-0.00145704691476139,-0.00170968818481633,-0.000562857344000775,-0.00252618294099715,-0.00347215881899266,-0.0115262996138456,-0.00993532895194003
"407.156",0,0,0,0,0,0,0,0,0,0,0,0,0,0,0,0,0,0,0,0.144285972576824,0.050863494200164,0.000848335383364121,0.000327607456831774,5.12556693350696e-05,-0.00025110543012842,-0.000330688116900885,-0.000242137753076472,-0.000350219678960676,-0.00303778070699957,-0.0065279796411323,-0.00150716576653936,-0.000532609398915374,-8.23604811828603e-05,0.000278412468431561,-0.000144252839064769,9.1209227112689e-05,-2.11394783430373e-05,0.000158742164040873,-4.78764157328575e-05,-0.000139941308284993,-0.000394104061439359,1.440574461283e-05,-0.00168510279184272,-0.00129753804826672,-0.00086428463637216,-0.00164976061179572,-0.000983946892998884,-0.0020638432597954,0.000325462048470618,-0.00308103558034634,-0.0070810922013178,0.00226843203826934,-0.0248180895205298
"411.752",0,0,0,0,0,0,0,0,0,0,0,0,0,0,0,0,0,0,0.140382222807006,0.066574771200338,0.0010189793359122,-0.000375196780661132,0.000228691675615454,0.00018091267404731,-0.000589902221761487,-0.000325157974998054,-0.000375183708135761,-0.00224983680310529,-0.00620199452534954,-0.00329174734244204,-0.00032672777720263,-0.00019555626257618,-0.000197139047767843,0.000392488831229261,-0.000331044571230554,-0.000458187199032162,-0.000231048926226084,-0.00028915444470916,8.19912373111845e-05,-0.00103805317602649,-0.000414183596979751,-7.25615688347747e-05,-6.41266455994772e-05,-0.00131251716214867,-0.000276245280664985,-0.000659069585632728,-0.000393332255858793,0.00097857786557308,-0.00118887770575177,-0.00340726196183973,-0.00039601062997598,-0.0116211900773127,-0.0161304318666937
"416.352",0,0,0,0,0,0,0,0,0,0,0,0,0,0,0,0,0,0,0.0763868565639934,0.00214139993421482,-6.49554916213671e-05,0.000277139615486009,1.07000945016827e-05,-0.000316100276906606,0.000262813044527379,-0.00031061672003916,-0.000623136376201627,-0.00410428004693226,-0.0042457217165727,-0.00107889773114572,-0.000436027804774229,-0.00018330540894521,0.000343299522661275,-0.000637889376714361,-0.000428227786219451,9.81239208260471e-05,4.15368063944719e-05,0.000569804134880625,-0.000415533366562236,-0.000147726953399046,-0.00107779701113994,-0.000170346400645043,6.22584819147052e-05,-1.79598551848588e-05,-0.000752745660417263,0.00117249932945257,-0.000624739358585533,-0.00171237867335802,0.0010797926251326,-0.00229756518531534,-0.000291458703889477,-0.00680613360264653,-0.00139075589287278
"420.954",0,0,0,0,0,0,0,0,0,0,0,0,0,0,0,0,0,0.0852242176287719,0.00395902121000885,0.000854603364631351,0.000586974346620058,0.000894862509574643,0.000100449794010118,0.00071667142313619,0.00039529618051032,-0.000270173826929663,-0.00221175369069984,-0.00298597877108719,-0.000806263678566139,0.000336631282862549,0.000470569399324543,-0.000179568849093727,0.000232721074186913,0.000730595886759405,0.000556392260337749,0.000566898260306269,0.000385493775588872,-6.43176444254994e-05,-0.000169653238971565,0.000735365678289161,0.000837112009644412,0.000709864901883529,0.00147399107983268,0.000667887677962683,0.000880729750832758,0.00276198128959249,0.000932772942901645,0.000803912376528546,-4.42048002916289e-05,0.00529222341991333,0.0030729408880588,0.000903413941361087,-0.00889609539779347
"425.56",0,0,0,0,0,0,0,0,0,0,0,0,0,0,0,0,0.095300430758772,0.00508010128091642,-0.000201913889842279,0.000371408713026777,0.000303749270134847,-0.000108421246565005,8.87090193128143e-05,-0.000332376515842428,-6.25422539498929e-05,-0.00268935288502762,-0.00317784641185966,-0.00199792835998786,-0.000498113941999695,-0.000280176963453729,0.000671349100967011,-0.00031012550211019,6.7720944657815e-05,0.000500875344497061,0.000438470347445976,6.59834417072674e-05,0.00039784211595056,0.000389739719080243,0.000133105094208026,0.000142200525873135,2.5319920029693e-05,0.000245928130286619,-0.000150980955342479,0.000965836842450733,0.00132647299494589,-7.18616596390196e-05,0.00128715606263639,0.00171461892487376,0.00255200284423925,0.000537667301943872,-7.97211350565818e-07,-0.0028156267861036,0.0339890488719059
"430.168",0,0,0,0,0,0,0,0,0,0,0,0,0,0,0,0.103496436715627,0.00801119214810683,-0.000271128479091921,0.000531655556290159,-6.26198259767643e-05,-9.2121982023258e-05,-0.000154739605664694,-0.000134237580313022,-0.000456519687188389,-0.000678023534881098,-0.0035343464824714,-0.0025192720712832,-4.09831064919295e-05,-0.000117948971946554,9.97426773982718e-05,-0.000493824475673443,-4.94278564516868e-05,-0.00034875981660355,2.53968871850184e-05,0.00023702055763081,0.000129537898415446,-9.6279016671588e-06,0.00075419870394228,-0.000598585190640597,0.000359559024100378,0.000123969529498821,-0.000133983912813617,-0.000177739028616103,-6.77626316482816e-05,-0.000137975902059529,-0.00176453944541613,0.000869319932050983,-0.00228742972021992,-0.00110330893704864,0.00029138099477456,0.00415279161638974,0.00486327333392265,-0.00295171982488628
"434.779",0,0,0,0,0,0,0,0,0,0,0,0,0,0,0.109437580402732,0.0103797079205145,0.000484654494209957,0.000205063346183216,0.000215733660976495,-0.000197573032718029,0.000379175841413519,0.000241374740137472,-3.80217893143529e-05,-3.67467499010621e-05,-0.00217928448543058,-0.00256471055413104,-0.000425870777606285,-0.000167933704644435,0.00010916751575869,-0.00023253402922218,0.00013969372704928,-3.29258643694845e-05,0.000124095574653595,0.000566205836962682,-6.12963967878326e-05,0.000442797559764721,-0.000496412593147835,0.000412441113487656,0.000238796503305383,-0.000486455051032697,0.000815892029028055,-0.000828650051569722,0.000235493006618841,0.000455511443551394,0.00137655411925576,0.00161923832471669,0.000839269453250094,0.00234886125435183,0.00097327044940011,0.000465989232642369,0.00221112541732134,-0.00347499563704989,-0.0076847852402297
"439.393",0,0,0,0,0,0,0,0,0,0,0,0,0,0.112156500902353,0.0132763795134228,-0.000353854704929696,0.000168528434683912,-0.000490581386717632,-0.000274248017654789,-0.000154962940342101,-0.000152361974380182,-0.000747802679265736,-0.000580486802526603,-0.00242705281375981,-0.00320474187831388,-0.00143862174342117,-9.22125557859584e-06,0.000133951456704359,-0.000450667782545842,7.4002614293669e-05,-0.000448339121802859,4.86170349764714e-05,-0.000205947879939668,6.71226440873134e-05,0.000287057829761354,4.59096995954501e-05,-0.000618687231313525,-0.000358105343010162,-0.000161955903178551,-0.000920325135631871,-0.000479479868126381,6.60759150899055e-05,8.71858213595602e-05,-8.40238960774282e-05,-0.00123096646812424,-0.00153895923901774,-0.00102909721756416,-0.00120013862341173,-0.000126571371358715,-0.0025559299552213,-0.00375951908777047,-0.0125850640867529,-0.0102113220736564
"444.01",0,0,0,0,0,0,0,0,0,0,0,0,0.117650038295931,0.0168911376633923,-0.000231091223972163,5.43413877150945e-05,-1.71683818899226e-05,0.000104790651580604,-6.82077959979384e-05,-0.00019399683058088,5.04708958278183e-05,-0.000180036288501414,-0.00205080302768795,-0.00326581376905671,-0.00168298452607442,-0.000616345478104605,1.62971707096857e-05,-0.000173461226251775,-0.000338298484520207,-0.000407740506902113,-5.63383722804776e-05,4.81965952224952e-05,0.000170520034448378,-0.000224120460757515,8.60333110787439e-06,-0.000280802052354377,-0.000363202528574823,2.04867795456846e-05,-0.000149429174206607,0.000101907456713836,-0.000182304894331552,-0.00129975114873681,0.00021687352446172,-0.00129288573780051,-0.0015840623156809,0.000668270069490387,-0.00178704001919681,-0.00194452191174653,-0.00511333187463337,0.0021785529650946,-0.00181279652025289,0.00424717973989844,0.000824647234579255
"448.63",0,0,0,0,0,0,0,0,0,0,0,0.120338422218691,0.0213798732977211,0.000267456442494732,4.69513322927904e-07,0.000131385160443753,0.000393863726151485,0.000491530939859044,0.000445216071135023,0.000580763582240331,0.000108762178759899,-0.000492854590833342,-0.00170311929745593,-0.000741573360310145,-0.000211006933600613,3.24932505089486e-05,-0.000122363271036837,0.000470464188933017,0.000388713967690998,0.000111973151699024,7.13235149726691e-05,0.00015011671982202,-3.20204834564454e-05,0.000268849589515435,0.000422103063606239,0.000195642724911213,3.76671207575572e-05,0.000139186438137777,0.000167282343169446,0.000301157228500601,0.000154811413159353,9.01218773983767e-05,0.00075328554637103,0.000130118275425584,0.000379179237342722,0.000950121214226321,0.000674354748691928,0.000905671886339045,0.00257054377785626,0.00191308492556846,0.00177453055230731,0.0113620213076251,-0.00288499918512955
"453.253",0,0,0,0,0,0,0,0,0,0,0.117691248396518,0.0286037166533495,-1.80813873564421e-05,0.000280238590534833,0.000334063474297418,0.000414110407504157,0.000186330069711191,-0.000128787281090124,0.00011200089233117,-4.96120546990848e-05,0.00087901985131096,-0.00133281185033743,-0.00181065125407744,-8.77386610399229e-05,0.000143222748629766,0.000571428581983663,0.000491303019301224,-0.000152236654905449,0.000296186598732729,0.000260945865604617,3.14201890788769e-05,-8.61641160191559e-05,-6.33307527374758e-05,0.000491272387853695,0.000283741454989195,0.000219810225025721,0.000129981484969919,0.000383289240950524,0.000423999866530648,-6.63433744413603e-05,0.0005066821507543,-0.000305942448251524,-1.48828559821923e-05,-4.8492318837913e-05,0.000337127104224463,0.000670761566803069,-0.000240709697313105,0.0014069824995408,0.000282112491345434,0.00116841789368557,0.00649670258795194,-0.00149281125250893,0.00727166993824687
"457.878",0,0,0,0,0,0,0,0,0,0.108505871263845,0.0308973506503921,0.000840091642487309,0.000575550692585816,0.000332960047039867,0.00049992337251694,0.000387261877277912,0.00016848833674045,0.000684331005375668,-3.78189684336911e-07,0.000676343397451925,-0.000558394707351549,-0.00239446255805122,-0.00071988170473513,0.00023708057389569,0.000657607446531683,7.25813704388781e-05,0.00043067104012614,0.000405047672204538,0.000103048808715473,0.000274133168741001,0.000201521029901888,0.000680977145851515,0.000601581373940796,7.1764134821377e-05,0.000214891674955762,0.000783545615265444,8.27692254745865e-05,0.000155891109128388,0.000194620019812828,-4.39639457519766e-05,0.000128219943342025,0.000201590632526334,0.000612063751359662,0.00027051724520843,0.000630953249171965,0.00161677546670905,0.000686152697062156,-0.000950369607488163,0.000239203533523839,0.00170571467394019,0.0043411074895137,0.00195356005345559,0.00921212792702279
"462.506",0,0,0,0,0,0,0,0,0.0918414692355183,0.0337879126736215,-1.43814593416519e-05,-0.000546630898468398,-0.000137444546348375,-0.000644053464897517,-0.00069318292908571,-0.000181449611321172,-0.000757762636164298,-0.000855847331461139,-0.000598704479166984,-0.000914807284942783,-0.00201821206459119,-0.00121855982096439,-0.00105857330871424,-0.000843932137228389,-0.000742618032365775,-0.000842453365407217,-0.000656696553933258,-0.000795358233623805,-0.000408863316258903,-0.00039624054574678,-0.000207411372341132,-0.000744732264496343,-0.000767449578416857,-0.00028476511154818,-0.000409807593101777,-0.000733791020400462,-0.000437251951298153,-0.000482179089737702,-0.00128023421356676,-0.000693461976496239,-0.00118039169409142,-0.00113835100111642,-0.000759360252103773,-0.00150065498249213,-0.00136231812878688,-0.00105436240116635,-0.00154528134621382,-0.00138205944264965,-0.000554797446329636,-0.00328071804021883,-0.00871189085762568,-0.0131475904495058,-0.0398906273322714
"467.137",0,0,0,0,0,0,0,0.0564476788554457,0.0358270299468656,0.00107138195353176,0.000414598069499303,0.000135304805302556,-0.000485627802609924,-0.000248051905578092,-7.48622800262277e-05,0.000498481384006906,0.000542910443279932,0.000305867417435445,-0.000410372389963765,-0.000894855779109922,-0.00163297106595551,-0.000802352710020805,-0.000212417421526665,0.000120303828720966,0.000382922754059245,0.000189993774271754,-9.37902715004983e-05,0.00021770815707812,8.53798444488859e-05,-0.000199546657401453,-0.000348905747545326,-6.07754016816391e-05,-6.13336653058958e-05,0.000117125749936731,-6.47325457634648e-05,2.55946321573242e-05,0.00015303110662991,0.000571593592121442,-3.02255082593821e-05,0.000106782576041089,-0.000182902830283954,8.63435207896209e-05,5.41924662466996e-05,-4.69349727943536e-05,0.000254384463637414,0.000346801179096231,0.00232614840141281,0.000713096559844807,0.000625671867720824,-0.000542293436350455,-0.00366449436126839,0.00319696699840728,-0.0110587795529306
"471.771",0,0,0,0,0,0,0.094081066742343,0.0393253358242735,0.00171952199195293,0.000210036774529872,-0.000165245201766593,-8.3371541090753e-05,0.000252131550216157,0.000361880750938667,0.000239132287504911,-0.000170235325509455,0.000249871539931346,0.000451062402041288,-0.000626935276358594,-0.0015747077747085,-0.000758774998112855,8.85833650993068e-05,6.1704037733009e-05,-5.11539588610124e-05,0.000598293093405497,0.000219975938632676,-0.000116243948835618,0.000277715623052756,7.71027408084455e-06,-3.65889872050885e-08,0.000406615028153954,-7.523845964352e-05,0.000212613152286041,0.000426243398035934,0.000449693530844784,-3.38769224120833e-05,0.000357122373115781,0.00030238259225133,0.000467942500141444,0.000116891440473157,0.00029478801123294,-3.66348619042056e-05,0.000405820555020179,6.19087167761442e-05,0.000144359959872181,-0.000667129180582578,0.000385437396986813,0.00249255949717197,0.00100916783794895,0.0029998674326548,0.00447747857549495,-0.00366039228560781,0.0116797191203465
"476.407",0,0,0,0,0,0.0888817094593934,0.0378382577431663,0.00143708282772128,4.80143650304788e-05,-0.000188061096948363,-0.00030338686169083,5.14555677464689e-05,-0.000526829252081009,-0.000375334099329215,0.000134060587662812,-0.000228554541835705,-0.00013256199161896,-0.000724076363612017,-0.00223530081870096,-0.00133925053798513,-0.000177122108512068,-0.000370045840219463,0.000306742218047058,-0.0002206346827102,-0.000394272866823309,-0.000375782082207295,8.46625957429395e-05,-0.000184271021563674,-0.000253112983930859,-0.00040931800725706,-0.000149753486729126,-0.000307115522084448,-0.000287527524082858,0.000123426193104009,-0.00070349671191037,-0.000690411607020707,-0.000462011228284769,-0.000488866073431423,-0.000376690742761737,-0.000285625024401389,-0.000779132929364483,-0.000964109299022833,-0.000768078215371461,-0.000616486428110311,-0.000790228775864473,-0.000514454136831262,-2.6508111813548e-05,-0.000459680198045285,-0.00139154295472556,-0.00282961537144188,-0.0019467268456726,-0.00888401075803006,-0.0253450734534085
"481.047",0,0,0,0,0,0.0413170704068131,0.00169748530293731,0.000134068947569724,0.00035447428061023,-0.000158724889965925,-0.000182494915173893,-8.29013130217749e-05,0.000265438368112164,-0.000335532024690416,0.000281449145270072,0.000307260746028486,-0.000318519669161848,-0.000620990900262228,-0.000875089032633704,-0.000208348698664334,-0.000251099667378102,0.000228070687339216,0.000348878446936012,0.00034636952024079,-1.59793196791876e-05,0.00039719305442809,7.617766003966e-06,0.00022939635429451,0.000190819096690255,0.000369611805791275,0.000149294903266434,-0.000178990236158976,-0.000609731265418707,0.000107505156434964,-6.36609525122794e-05,9.21713891835956e-05,-4.41530882221104e-05,-9.32840241759171e-06,0.000522776006876697,-0.000210484085656176,-0.000438377452265778,0.000327705080940675,-0.00021464183271489,0.000643990917147766,-0.00116179454939681,0.000959473690164188,-0.00033079601029037,0.00121956555679481,-0.00169259994060842,-0.00138343095907527,-0.00176134382832887,0.00579955833359657,-0.0613111312856623
"485.688",0,0,0,0,0.0505487802423148,0.00287560149927871,0.000154072222288188,0.000351954352869089,-2.95411296855557e-05,5.06315930608569e-05,0.000371160755363584,0.000231160510186318,0.000485185519132034,0.000152897579561361,0.000496605002480582,0.000593389296734615,-8.11270419623245e-05,-0.00102479945735282,-0.000263560164310585,-1.58811842427154e-07,0.0003076893267819,0.000623818441637887,6.99103371224164e-05,0.000431585063864477,-6.420795552643e-05,0.000234070360697885,-0.000230765212865639,0.000298690296510426,3.05785766957167e-05,-1.50909569081881e-05,0.000612919089149577,-7.46127098259675e-05,0.000226126834617192,3.07697867629513e-05,0.000342762987815604,0.000352610514314574,0.000283453181258192,0.000112583622727775,0.000543580477975487,0.000632373344080942,0.00019132900028274,0.000754175922927238,0.000389482872587491,0.00119839343408596,0.000340153755357719,0.000598345299643962,0.000789719429861993,0.000122102254073683,0.00215757210053955,-0.0010667373051949,-0.00117785652222217,-0.0106276958627027,-0.0810495581871334
"490.333",0,0,0,0.0486295272471021,0.00343881219733014,5.94669543756146e-05,2.04042813739941e-05,0.000108616056195849,-2.95429310904527e-05,0.000124278048256709,0.000163593974012838,-0.000209963407079477,-8.6590822070585e-05,0.000436190314837155,0.00020807893749891,1.12523099336246e-05,1.33575189392721e-06,-0.000646201894002111,0.00027702433480231,6.62081438930203e-05,0.000242750637106405,0.000483938685749535,8.78945666541662e-06,-0.000372856207479241,-2.40993903651683e-05,-0.000195420133981021,2.30452295718207e-05,-0.000337436166063134,8.42214454415218e-05,0.000363166704779082,0.000351747967962738,-0.000231796271339217,9.03896648084152e-05,0.000377468895643772,-0.000383154405375094,0.000218636873166339,1.78027278269973e-05,0.000112754807695279,0.000128707814773754,0.000453647336457167,0.000901311501453782,0.000462760223141595,0.000483601827580393,-0.00060006602029411,0.000215072810180401,-0.000599053013723583,-0.000382763759328097,-0.00223313909542073,-0.00142813162437404,-0.0012815666411004,-0.00463458099542791,-0.0360603314404087,-0.063631077735863
"494.979",0,0,0.0556596342849401,0.00394261441502463,-7.11138945579393e-05,-0.000222264853500111,-1.44685623414676e-05,-0.00013952533376209,-7.8232887160753e-05,0.000124314949124258,-3.1546810554085e-05,-0.000232181020126637,4.68338619729281e-05,-0.00062714006565309,-0.000355170693901174,-0.000999010600257316,-0.00119384326832167,-2.75213314232612e-05,-0.000349724876307694,-0.000265093380380249,0.000168011666580986,-0.000184706057156068,-0.000472168052529975,-0.000169424852574555,3.21337648206215e-05,-7.78766648714649e-06,-0.000238802506179943,-0.000283666692283312,-0.000390410440869228,-0.000279908815987596,-0.000127201051945179,-0.000328915876772625,-0.000226353936615177,-0.000177130572683185,-0.000263336468674932,-0.000336217146062416,-0.000230641115840787,-0.000159522190940948,-2.96504181126668e-05,-0.000210940501710101,-0.000326866232999751,4.85297629005282e-05,0.000241566147210846,-0.000369105739725063,-0.000949976780566589,-0.00179649069662703,0.000305140968805236,-0.00119278035333427,-0.00177475552999801,-0.00346224528727838,-0.0135509994942039,-0.0583768283527839,-0.0100899594335221
"499.629",0,0.0540446885794318,0.00406277239873115,0.000231332753370366,-5.66209452136212e-05,-1.27933336053601e-05,-0.000221307115657015,9.94524022143152e-05,0.000193817824152339,-0.000242719648828403,-0.000276050212450259,0.000311948387360029,-7.0432943816042e-05,4.5886411361961e-05,-0.000624626901227956,-0.000521616700302329,-0.000628711476229551,0.000161745329983886,-0.000633351329302722,-0.000131923447991663,6.50424723531993e-05,6.12717170695499e-05,-0.000304549012645867,-0.000497384922172953,-0.000407754044448629,-0.000248727018011942,0.000176290037766076,-3.05402562694258e-05,0.000228529457939825,-0.000128037780433563,8.93373410189175e-05,-0.000163683368538389,-5.26325236091836e-05,6.89753975621397e-05,-0.000103234159036965,-4.18333495364198e-05,-0.000308903970462576,-0.000158873787020207,6.88139193577073e-05,0.000262381783290378,0.000112013718113004,-0.000121205733537702,0.000146789442390038,0.000382475782690265,-0.000945451042982989,-0.000340529625864625,0.000938566791394608,-6.1195596707996e-05,-0.00303305462624682,-0.00138523695604234,-0.0295441499475101,-0.0410427640977019,-0.00313302798623204
"504.281",0.0612298824282458,0.0058169748689931,0.00012308499694975,-0.000122762860555985,0.000142456818486177,1.97241777266649e-05,-9.5580771661436e-06,7.78420743861483e-05,0.000101792604152894,-0.000175278106904975,-6.91431726202859e-05,-7.48057796937844e-05,-7.07774198691456e-05,-0.00020487013663912,-0.000379296405974085,8.10831058880492e-05,0.000192576791107101,-0.000268677940553006,0.000267718058857554,-4.71715618753029e-05,-0.000130138839763149,0.000315436946392254,0.000383279054497907,0.000219437884374658,-4.00119524023427e-05,-0.000171235359704458,0.000176486509361219,-0.000152756172650656,1.52383098382284e-05,-7.53652934692116e-06,-8.19599315969879e-05,-0.000230817264147824,0.000233011582760176,0.000207137724886056,3.97481053939923e-05,-5.02207021267285e-05,0.00012377159757566,-0.000130951735133545,-0.000384274718837609,-2.78633362677124e-07,0.000572292181485348,0.000169713023293284,-0.000415142922494684,-0.00072010360717711,-0.00039294412307281,-0.000362324824525459,0.000533159584088831,-0.000822894539589728,-0.00257499055351074,-0.00642450999848151,-0.0362455251515906,-0.00421511436801053,0.0104285731958375
"508.936",0.00644061624562368,0.000213177359047885,0.000139609291831453,-0.000204262729020527,-0.000183974262488587,-0.000246486561805084,8.86081519018436e-05,4.3024571087553e-05,-0.000193456362791402,-0.000556213603764308,-0.000118720144389808,-0.000548434930823384,-0.000460050542382939,-0.00048327714368791,-0.000590968800912167,-0.00035877258734433,-0.000184851278009856,8.88897897450593e-05,0.000328563312988699,-9.36647582639935e-06,5.55091563729918e-05,9.58925864321616e-05,-0.000199367865886008,0.000151142051773824,-0.000668857596953725,-0.000332913257070042,-6.8747831750428e-05,-0.000144347174384213,-0.000303471949476795,-0.000232416090901203,-0.000177995787500672,-2.95950283273952e-05,4.49134001119495e-08,-6.10638788118435e-05,7.90747318710067e-06,6.66201190775374e-05,-0.000448428421962677,-0.000791101435015875,-5.87471493535124e-05,-0.000261379387674339,0.000413180750166677,-0.000760429303887146,1.34517819663327e-05,-0.000548765872467745,-0.00165197803760471,-0.00067833939251389,-0.00085998476330131,-0.0020611363599805,0.000419751015531641,-0.0187450686966306,-0.0278881028173699,-0.0092679877546098,-0.00460367369969748
"513.593",-0.00062121420958856,0.000106127750583511,9.54322452489625e-05,-0.00035783005719044,-0.000443277903441302,-0.000116035890866663,-0.000194798377951218,-6.44473157328158e-05,-9.61676759298953e-05,4.45028781400817e-05,-0.000167697090881502,-2.31689832798558e-05,-0.00103971635180196,-0.00130142408278276,0.000148346824528968,-0.000181387618253295,-4.59570346875642e-05,-0.000643606769462975,-0.00022074910089435,-0.000643606645672823,-0.00011955248822086,-8.66783839806477e-05,0.000189528559071864,-3.3394546376668e-05,-0.000237471681989201,-0.000454040767409795,7.59934185248518e-05,3.77526731671854e-05,-0.000346957745078533,-0.000268284230897587,-0.000582514915633024,-0.000257750212941214,6.69562630869753e-05,-0.000349051728671433,-0.000322367613763655,9.10730072383729e-05,0.000104895950429045,0.000184961775007846,-0.000409322800068563,-0.000519539200221282,-0.000321911136923225,-0.000192177935119943,-6.62063882750441e-05,-0.00136374912002839,-0.000847624176666275,-0.00143303233772078,-0.000880633104243457,-0.00250107076133721,-0.00403688405399752,-0.0274539005009204,-0.0168310809904604,-0.0135497902766143,-0.024482030223194
"518.252",-0.000202397858076444,-0.00030376040161987,0.00039648482474727,-0.00025085655523888,5.61017272168732e-05,-0.00035940614419334,0.000189553805258355,-0.000175116977291969,1.89752593841521e-05,8.88485058518927e-05,-0.000210258441820026,-0.000202593663783959,-4.61287392632681e-05,-0.000388356185736139,2.96560501738042e-05,-0.000223494672528746,-6.8647518793231e-05,-4.81083694370007e-05,-0.000325094476761637,0.000361950864949964,2.74822085405368e-05,0.000181099981456444,-0.000282875931835517,0.000456811055042629,9.45540050094304e-05,-2.29820247873439e-05,-0.000475832728641888,0.000255576198386494,0.000135099068035469,-9.64251022168179e-05,-0.000432830981487344,-5.1433075023925e-05,-0.000244048488482325,0.000347316385361726,-0.000203414915189555,0.000395553426794378,-0.000208575970041119,0.00045114713488417,0.000126154590658739,-1.17525387542038e-07,-0.00037558357887113,-0.000286614109036399,-4.59221215662017e-07,-0.00025635802175298,0.000228339372260148,-0.000168211794853529,0.00039840279728561,-0.000150450559017363,-0.0118697314775287,-0.0239916341695474,-0.00793094951243802,0.0103682127304743,-0.0129949769906985
"522.914",1.07655645756082e-05,0.000483655499898988,0.000180033781109374,0.000387021827385105,0.000243739522231781,0.000255440140078226,0.000222000323874287,0.000263017170125671,0.000189985633131677,-5.54833596189148e-05,-0.000123743393449885,-0.000629312721169666,-4.53193259035232e-05,0.000179503102261323,0.000152122607378476,0.000250320042762346,0.000196702326700589,-0.000191085666197694,-0.000366931452967751,0.000295272259843126,0.00041843909608084,0.000248612687551408,1.70587744264703e-05,0.000536734008706209,0.000172316695389458,-6.09569087002796e-05,0.000187677377777142,0.000306397604818041,0.000395460458169723,0.000361233671308663,5.83314084601582e-05,0.000167512878587886,7.2834707740942e-06,-0.000195170068113282,0.00057557759945756,5.7353818710269e-05,0.000371862916336799,0.000375366333065012,-5.78553143620098e-05,-0.000185151160604973,-0.00039553238643176,0.00056963307831524,6.49881897280865e-05,8.97562785850063e-05,0.00106551660567674,0.000332969442906646,-0.000548787604994655,0.000592817568697921,-0.015774037721443,-0.00830091788810466,-0.00254641058166874,0.00168434034619894,-0.00957606253664845
"527.579",9.54773421128088e-05,-0.000520183808622957,-0.000179771303071873,-0.000281586378725377,-0.000229652206177038,5.74973984509653e-05,0.000154542004251988,1.26419284946703e-05,-4.7559622953018e-05,-0.000370799334798458,-0.000248189636493641,2.03925866484184e-06,-0.000110376297366427,0.000186505615731001,-0.000180659167288843,-0.000214699570539902,3.77295182337897e-05,-0.000469454702658608,-0.000227142279268637,-0.000608975268067499,-0.000154631987937231,-0.000428630499704432,0.000119395941679467,-6.60390850624849e-05,-6.26208940074335e-05,-3.03943741640926e-05,-5.2588735689695e-05,-0.000127012577072588,-0.00012684114486813,-8.84951395368997e-05,-0.000145895574957968,-0.000342396246797835,-8.09056545669269e-05,-0.000352773331491752,-0.000155545362067494,-0.000270324309954879,-5.17468218726342e-05,-0.000183094288550159,-0.000183165115061978,-0.000215882270195276,-0.000153824785017792,0.000320360281865729,0.00011755008256086,-0.000809504348182429,-0.00092613273321695,-0.000208952229714121,-0.000300319118272997,-0.00782334522820222,-0.0179494556220726,-0.00293323743192585,-0.00401533579917668,-0.0121885715240649,-0.0285894202146041
"532.245",0.000774328050579069,0.000644870340421304,0.000711523742692018,-6.41592970503376e-05,-9.74466560746921e-05,1.93508592757711e-05,0.000226929676989979,0.000118785025866161,0.000242217579237402,-5.77194441841217e-05,4.48846245601452e-05,0.000187662600852965,0.000243691633151703,0.000298457584274112,5.80454171017669e-05,0.000293565034649147,0.0002649509933067,0.000429854602014415,-0.000122472443615851,9.20479791610934e-06,0.000172968191038435,-0.00025732736369287,0.000562832104140602,0.000190010191965553,0.000501458608401648,0.00049498868103352,0.000360549302558068,-4.48385204243147e-05,0.000111970107209775,0.000302388049191059,0.000138654273479178,0.000262360756385787,0.00069169976576183,0.000413047327911209,0.000700379563754825,0.000196741349350951,0.000536448569301115,0.000558688960299119,6.74376856634144e-05,0.000288005220163576,-1.55063257903853e-07,0.00045110908177612,0.000445392994228825,0.000359727041452911,0.000296708254634176,0.00022872417325003,-0.00132872801493815,-0.0116283953002949,-0.00390100106883176,0.00362768363167502,0.000403833769336051,0.00394433810038622,0.0115223962771973
"536.915",-5.33385101536292e-05,-0.000209923214003528,0.000397732634150741,0.00026022657059997,0.000245871873475432,6.47886118925695e-06,0.000141144193611736,-8.72207529630388e-06,-0.000116048089575549,0.000267797000841462,-6.60915917146988e-05,9.18044388728864e-05,0.000346539916863866,7.52627728732008e-05,-2.18190790273706e-05,0.000339330532636854,-0.000190859878335434,0.000160485093268987,0.000555124330188702,0.000363059461472364,6.42259075083721e-05,0.000242194633996099,0.000481599754316753,0.000358245384317917,-0.000118492042437859,0.000107439892933179,-0.00018939319068981,0.000399611259247585,0.000474259379132017,0.00014877519411685,3.67803412513643e-05,0.000132328456544597,0.000133589621863036,0.000295355833042906,0.000133406431460029,0.000214955228199934,0.000340257720828648,0.000600385717967464,9.58859378733109e-06,-0.000134911283597968,-5.53653818587132e-05,0.000227431321641255,-0.000119293876595287,0.000483702893941661,0.000986562662100421,-0.00023211509628221,-0.005720844366923,-0.0114251582739442,-0.00216710064033679,0.00166946115634466,-0.00289731696228022,0.00518393170526198,0.00256378039038931
"541.586",0.000497688102814891,0.000271154340926428,0.000349728394768876,0.000567426961384182,-0.000113550721991166,0.000384322251648209,0.000211794231138339,0.000164151583213727,0.000191348633091435,0.000573732292554132,4.80440339419679e-05,0.000489804069895521,0.000272513113743778,0.000555354960648202,5.16884628528798e-05,0.000248291900614821,0.000795249011575271,0.000609093281144427,0.000338738353266097,8.47463483403704e-05,0.000426978266564023,0.000428665252940692,0.000652306298337036,0.000817286687089108,0.000455452477911086,0.000543797261113844,0.000681757890525311,0.000122032684167187,0.00066236777307004,0.000142869019145296,0.000461369553839381,0.000460809183349475,0.000382730285842874,0.000298713430423459,0.000325400027300646,0.000301010202547818,0.00042350277235149,0.00036433934230102,0.000501746661806611,0.00070275361341261,0.00103087805361381,0.000544826127486535,0.000761145613388231,0.00107015730554779,0.00190672853337915,0.000911819717510856,-0.0103292324490097,-0.00555004703176232,0.00187878063981017,0.00322419410045193,0.000894908560390085,-0.00718060864231171,0.0289131502524094
"546.26",0.000326680120810344,9.75745062217001e-05,0.000228761727636321,0.000827303926676081,0.00060057233758327,0.000327874739386841,0.000258070904380226,0.000199131462732152,-4.47869907580986e-06,-0.000232065964185983,0.000308452276615379,-0.000284859232911308,0.00046282474795252,0.000467074914903962,0.000415965648032131,-0.000117690047084744,0.000248579231676573,0.000473894694891073,0.00043056255446752,0.000502264782833201,0.000261602366543209,0.000633922418544846,0.000332594945378826,-0.000152640225174668,0.000233247996621221,0.00017194621122815,0.000215906997296748,-6.90609051130227e-05,0.000298847875884732,0.000174146907326031,0.000157340080293458,0.000134607759880571,0.000196303646521789,0.000215845412322309,0.000167741949662417,0.000252405695047607,0.000133278381742243,0.000432535958674813,0.0001385908703061,0.000179518965635392,0.000653860566403225,0.000121737459190368,0.000160385665254935,0.000368774969425627,0.000465870167184061,-0.0027978777307269,-0.00869433985491655,0.000394553474808865,0.00111910262134509,0.00292524265246091,-0.00458280837265977,-0.00261259524819032,-3.34925375593299e-05
"550.936",-0.000241331798678064,0.000490046270915435,6.20121510707921e-05,0.000250068498446656,9.36457064608925e-05,0.000251069592825514,2.15694344641564e-05,0.00026951796207582,-2.90788320917099e-05,-9.90776702069832e-05,-5.10215228358451e-05,-0.000120793699996685,0.000245014182861725,8.48595347223061e-05,-0.000134715519979882,6.66428275294854e-05,-7.8276437079497e-05,5.76597519583588e-05,-0.000280122362374459,0.000801983336124379,-1.88407685590864e-05,-0.000133062774792569,-0.000388068410479741,0.000179397650355633,-0.000234995254470957,8.66565862530687e-05,8.55054086794344e-05,7.70422280347476e-06,0.000231593311970241,-0.000152555389832708,-0.000211338359559986,0.000135783083532622,0.000311979647034292,-7.76705218281071e-05,0.000354098492117597,1.69938751713075e-05,0.000465240961233137,-6.64233828867201e-05,-1.00062360655603e-05,7.44243775780771e-05,-0.00055677760055064,-0.000184460633251721,-0.000394073792399385,0.000697315548191883,0.000395928257623345,-0.00710705294761149,-0.00376887492073873,-0.000463126083666939,-0.0017120999239575,-0.000221452828547447,-0.00878459430208208,0.00156319183308827,-0.00509660616289317
"555.615",-0.00106555259278503,-0.000735984490966802,-0.000434879504746178,-0.000659270071999701,-0.000302898852802987,-0.000581497217505296,-0.000500978963706409,-0.000175077147758907,-0.000105830901931929,-0.000412518397530115,-0.000273737059172526,-0.000279372866746349,-0.000601731483184233,-4.63414629240204e-05,-0.000592008470784765,-0.000148261655607737,-0.00035279027780301,-0.000313352181499089,-0.000199131257885953,-1.910662074477e-05,-0.000235600054262505,-0.000168784689008364,-8.82908817040299e-05,-0.000701593326574874,-0.000243408240660207,-0.000236608167455333,-0.000186728333625403,3.09642357928137e-05,-0.000224217371812793,-0.000443100657253753,-0.00024931310789533,-0.000241499678794306,-0.000198061736802337,-0.000381122870940602,-0.000209542620042231,-0.000161312306927339,5.36900284250569e-05,-3.79179355813299e-05,-0.000359719014833734,1.06100114206734e-05,-0.00112663571321078,0.000245775401285502,-0.000260032177442767,-0.00116577315362818,-0.00247217909984101,-0.00688473839835504,-0.000582506242840706,-0.000988643038440282,-0.00210409243079599,-0.00340616269601215,-0.00463183905111882,-0.00831352332381444,-0.02079715363154
"560.296",-0.000551629773772797,0.000148007834707035,0.000115955291414477,-0.000410780257678308,-0.00015925428241463,-6.49989649464033e-05,-3.93128815897262e-05,-0.000338341354865927,-7.98006163041387e-05,-0.000120928504433896,9.58069452162904e-05,-0.000257881610479263,0.00052486970182656,0.000193966386066822,0.000112889796195454,0.000409736284218738,-7.86903107668157e-05,0.000231857665661607,0.000445412462024195,-0.000403317027998194,-0.000198795435930964,0.000169500953778297,-0.000603105391978036,-0.000154681307175313,-0.000114149392091155,0.000514976870602726,0.000171900062844286,7.77880743626076e-05,-0.000170828823555595,-0.000115056378370938,-7.59528731525226e-05,9.10557954004553e-05,3.8284224643209e-05,-0.000414006505827187,0.000210447668050107,-8.53172571628607e-06,-0.000405004838528085,-9.53294064298384e-05,-0.000140452323117051,-0.000406689835117016,0.00035427140676453,-8.69800193469195e-05,0.000502660093004431,-0.000251586800019522,-0.00460609848420314,-0.00295146780559466,-0.00121793156137186,-0.000806692340204763,0.000546742209447695,-0.00538096714986401,-0.0036076427232798,-0.00560393556058715,-0.0165170730726193
"564.979",0.000311788210737361,0.000198798851336035,-0.000296909357516068,5.93249437759718e-05,0.000636325796352224,-1.07736585237307e-05,0.000192882300302741,-3.6681409330263e-05,5.96540365234913e-05,-5.81058952201252e-05,0.000135410149992114,0.000704063896490414,8.03116201684503e-06,-0.000297519723777722,-7.59578827123592e-05,0.000180353038587878,-0.000142988203149952,0.000484898531278676,3.66992066923943e-05,0.000445747111997419,8.59312339903135e-05,-5.40169295535081e-05,-0.000528022208909858,0.000294781709562169,8.22008249093106e-05,8.09783020209247e-06,0.000299631073333056,0.000180489905539731,0.000172372456022126,0.00013939805946902,3.82211407334876e-05,0.000114770736281786,0.000100435762220497,0.000133994003488752,0.000179686754939754,0.000206413870494583,0.000181669165147394,0.000124891070026598,-0.000111332179950291,-2.15526216408218e-05,0.000553484597216675,0.000273414360355045,-0.000194541869051914,-0.0013187147944336,-0.00366292928372156,-0.00083805226156428,0.001121161277203,0.000156324791136972,0.000274092742064618,-0.00385472967232865,0.0029983095583782,0.00290476623910125,0.0055894887982482
"569.664",0.000302767929870527,0.000180204337456364,0.000135990641873924,0.000673978792630366,0.000199738844460857,0.000374568935398856,3.86676457727895e-05,-2.27074647138774e-05,0.000155662043162395,0.000251152996357397,0.000272841545675709,4.61796377757177e-05,0.000226299801039267,7.0977201066773e-05,4.59137504304819e-05,0.00025742099209669,-4.8016690630006e-05,0.000294742282640901,-1.85052155245938e-05,0.000361116262040158,0.000991044814096924,-5.44151518053429e-05,0.000135243776505208,0.000279495135049431,0.000770352769287186,8.04260397103573e-05,5.5598970603173e-05,3.95198680972596e-05,-0.000363058058023123,3.89623756599202e-05,-5.40375015744163e-05,0.000331312520803462,0.000264483177778399,0.000349356376159924,0.000213910414793663,0.000589286943794886,0.000237794568287411,-9.64451570348563e-06,-0.000214203324557706,0.000184615528837312,0.000324761439385834,0.000199836050619245,0.000189529610589269,-0.00139341985264176,-0.00164607998614058,6.53278359641039e-05,0.00186478932607933,0.000188879628872337,-0.00346424813594886,-0.00123915196203137,0.00449814315013584,0.00308841944252699,0.0156084186487044
"574.351",-0.000441008450567121,-0.000504924834925145,-0.00041110875228301,-0.000676377571703938,-0.000718896762505382,-0.000481318522237787,-0.000246182415844015,-0.00015861846033245,-0.000324547290853034,-0.00033591037453818,-0.000458701553230105,-8.53972093063414e-05,-0.000236420680029525,-0.000485181359680493,-0.000401160777591659,-0.00029021528728708,-8.88768519712455e-05,-0.000891389278843306,-0.000493944342362003,-0.000226410675604048,-0.000339614395053342,0.000329258902120037,-0.000109100977054338,-0.000220228046578388,-0.000275650323149534,-0.000714672216650691,-5.26788909074448e-08,-0.000167408542345918,7.16434778840242e-05,-0.000141622166290866,-0.000373525706069572,-0.000404125736599365,-0.000282438193059604,-0.000304308975653558,0.000265528361011435,-0.000585615771074114,5.32868695990061e-08,-0.000507648834581474,-0.000586408015235485,-0.000417141778392885,-0.000281742686337778,-0.000317709801328146,-0.00272552580848403,-0.00382831132151834,-0.00116148635237398,-0.00253550913427847,-0.00103512123916822,-0.00298973713435213,-0.00658377612519243,-0.00411231905689026,-0.00314690608541343,0.00213734903102462,-0.0424153891389124
"579.04",-2.27487745728327e-05,-0.000295107769800723,-0.000119223370268417,-0.000507119381066811,-0.000605444707487326,-0.000184644851946132,-3.09257065829744e-05,-0.000178287997490407,1.53539608199762e-05,5.34479300297136e-05,-9.92195410508775e-05,2.32349950122473e-05,-0.000131623357869663,-0.000256812031214515,3.88907480196617e-05,-9.24859859118054e-05,-0.000154743721792671,3.42070998513696e-05,-0.000216233918997264,0.000317837003127127,0.000763745876016481,-0.000710586941580204,-0.000302686175138625,-4.44354285265309e-05,-2.51478745211682e-08,9.83652003556834e-05,-7.27464319843582e-05,-0.000547053630580866,-0.000305186107190056,-0.000230170214863267,-0.00023548598651423,0.000125558910554468,-0.000380056033162436,-0.000121209046701789,-0.000435366982775621,-0.000255687487134691,-0.000595628139034614,-0.000640411000566058,7.26462732412559e-05,-0.000420910727236472,-0.00035530684569174,-0.000729906748498503,-0.00386897893175607,-0.0031558115871515,-0.000527280784017454,0.000403484907633128,0.000320437352961781,-0.00202290389264457,-0.0045790372468846,-0.00346595264833111,-0.00140961258186443,0.00811595973798877,-0.018735356461029
"583.732",0.000413531703586697,-6.00475956781107e-05,0.000252014942554857,0.000720669149027571,0.000513670630728554,0.000186996251489865,0.000141237946246362,-9.66144349317114e-05,-4.12317824819525e-05,-0.000131725364043623,-0.000153017089853895,-6.32614194459705e-05,-2.47429132815188e-05,0.000105017650709712,-0.000297735863080768,7.74718414770832e-06,0.000122944637187966,6.8837638553077e-05,0.000217569881300347,7.99627531870129e-05,-1.96876314922379e-05,0.000390091660818385,0.000212327620108292,9.31634436526015e-09,-0.000101795591281953,-8.25459733246813e-05,0.000268423709499285,0.000331941027037874,0.000266756601411018,-0.000439318019598508,-0.000229099103398932,0.000197246819312205,-0.000302824150540845,0.000333405208299805,-0.000235932174666025,0.00032838425830772,8.43102195893461e-05,-0.000287469410472593,-8.36923797892883e-05,0.000121719042535081,-2.46167762853677e-05,-7.48119986941596e-05,-0.00194993233183788,0.000170434594486436,0.000378160468493313,-0.000519700064528918,-0.000567150456590882,-0.00319969747501694,-0.00273247666190609,-0.00168975103011464,0.00115084086608508,0.00183327700499346,0.00533262301183375
"588.426",0.000208014810131407,-0.000533228922753543,0.000384654638211432,-0.000119186742971323,9.1162437780995e-05,0.000389340599346261,-0.000120655224046839,0.000157111884368183,0.000139666201749703,-0.000276673173695164,0.000387940451285847,0.000348936062473837,-2.49603838169014e-05,-0.000194865141610443,0.000220501887509809,-7.76085635900993e-06,0.000123639556728314,0.000433303270958294,-0.000133118855018749,0.000703353613379241,-0.000138688204829726,-3.73500697523028e-05,-0.000510445825325329,0.000278720561975921,0.000264339063363203,1.66438050083332e-05,0.000318891687690113,0.00026854699137093,0.00014624311692723,-6.42004905985078e-05,0.000174685597016676,-0.00014279059968537,0.000592765950127566,0.000531292738861289,-5.08168628602834e-05,0.000526304041923902,0.000433074940530131,0.000259273615787731,0.000167789136496503,7.73992004934655e-05,2.27618240267562e-05,-0.00163525169174125,-0.000830693899384061,-0.000506972172572704,-0.000152435279640605,-0.000749258158584512,-0.00195245348466352,-0.00464449557432418,0.00196345397300228,0.00259905741452947,-0.00169752939947593,-0.00200255069313807,-0.0251148655567521
"593.121",-1.11023105451194e-05,-0.000947321282877791,-0.00056983090639723,-0.000359902099050054,0.00014481150089797,-5.58141551035778e-05,-0.000237439486176449,-4.17438225679533e-05,-5.23054935551636e-06,-0.000302247912021659,-2.01031727923626e-05,-0.000398655855070516,-0.000225695908576077,-0.000203976574000102,0.000166205135709048,-0.000430763475127143,0.000132483137442988,5.66602749679887e-08,-0.000296306602249944,7.06777759799244e-05,-0.000248861765972972,-0.000440964379700392,-0.000317175568132753,-0.000677724008748612,-0.000522732488018346,-8.33441781945278e-05,-9.85803884837e-05,0.00022900886650988,-0.000318448953961934,-0.000266291250150609,-0.000319207139488587,-0.000486274301554783,-0.000660113197955674,-0.000221803353734108,-0.000204283810364939,-0.000170333614156567,-0.000813677679575704,-0.000130178892435201,-0.000643999841968318,-0.000282302300125886,-0.00158031477691899,-0.0032194279767116,-0.000886948584284487,-0.000131498479337454,-0.000956184542723148,-0.000821525252500171,-0.00438765364021396,-0.00365576596517085,0.000452364650186192,-0.00153373779962853,-0.0052848186895047,-0.0116159993181261,0.00832773657265296
"597.819",-0.000617670755340747,3.8567229920258e-05,-0.000432593454261872,0.000408342004049694,-0.0003218490843328,-0.000182676617105858,6.38242588921927e-05,-0.000252341300210194,-0.000266873668310976,-0.000182581047579468,-0.000216433969763847,-0.000136560056816363,2.5237061093521e-05,-2.45957928331753e-05,3.18342394794442e-05,-0.000165627300107779,-5.00470533950385e-05,-0.000166590561229954,0.000211584101224768,-0.000142219753032842,-3.00124047103456e-05,0.00022654334861647,9.4197766293537e-06,-9.99861719868769e-05,-0.000189700202052315,-7.54876077853516e-05,-9.9226074109994e-05,2.47078285008648e-05,0.000114985650007419,0.0001947501640266,-5.61560325102235e-05,4.00954084912506e-05,0.000315859991991014,0.000322287977084032,-0.00041104097119424,-9.01311880915786e-05,3.81142090703726e-05,-0.000685106915560892,-0.00062683456203575,-0.000103248285159399,-0.00085586397959881,-0.00142557843310402,0.000198100701931834,0.000181062308146366,-0.000711877080914221,-0.000551696265691045,-0.00225645257317363,-0.00174037222923396,0.000537963666620784,-0.00114278071967223,0.00252065870489115,-0.000340045324687307,-0.0208716466765915
"602.519",1.59251253643595e-06,-0.000110244005327526,0.000124032262214518,-0.000428860662307873,0.000131375680996833,-2.11985255696067e-05,0.000396174657036838,-1.42107845403075e-05,-0.000163566166668708,-0.000288202475547025,-0.00814540846545783,-8.91468996228331e-05,0.000228761423599583,0.000115839022320365,7.23091983471117e-05,-0.000444813124909766,-0.000226772579605953,-0.00033578040248799,0.000203550660654837,-0.000122886083521415,-9.08211776473195e-05,8.56306342550944e-05,0.000160851384592744,-0.000183226133478974,-0.000217154487773564,-0.000202857168412583,-0.000158402315948633,3.32275120125983e-05,0.000231783862390813,-6.55349359195427e-05,-0.000194227597923358,-6.4765260413747e-05,-9.8010784379538e-05,7.49527717295066e-05,0.0001985051562477,-0.000136312977677226,-0.000191635211505946,0.000467715713687455,-0.000289532129747479,-0.000565172092499169,-0.00336377169334176,0.000141121808157514,-8.90638283364323e-05,-0.000283290472559915,0.000523040635886569,-0.000395433543696056,-0.0018050508258989,-0.00129037082718452,-0.0001671046848203,0.000804192556828394,-0.000458890765244241,-0.00616461730796505,-0.0122245986427357
"607.221",-0.000473242349665517,-0.000612403133418017,-0.000316364617436516,-0.000243495444636986,-0.000202591344154859,2.15340360571704e-05,0.000253807775218475,-4.75495399328811e-05,-0.000143601812212199,3.32771223306554e-08,0.00010315244341444,-0.000473312431923745,0.000222541288738871,-6.67830875980237e-05,-0.000283375233481206,-7.21461919264061e-05,0.000432099276707919,-0.000231828629721187,0.000723729009167977,4.13110122824296e-05,0.000580557068634061,-0.000249565343149806,-8.58343587002089e-05,0.00012019223616249,0.000157820927304705,0.000281319401612507,9.24471641995136e-05,0.000317942142425255,-0.00023392025177223,0.000123840309374891,0.000220500163205142,0.000146747355733087,-0.00019762594820803,0.000369782393793825,0.000470260006729793,-0.000192618911420204,-0.000115968579632629,-0.000665564104559496,0.000215327236329369,-0.000645902998633832,-0.000266976723929765,-0.000215237550334063,-0.000676068563674556,0.000117273750665195,0.00078199025882504,-0.00243072643222309,-0.000730932299511015,0.000233358550228591,-0.00134709178268432,0.000290453320533039,0.00311086393774589,0.00188812721328719,0.00765738174449994
"611.924",0.000516253409503732,0.000460827414992258,-6.76912617678461e-05,-3.61577924519265e-05,0.000409204678011198,1.44256705918177e-05,-1.6294169640977e-05,0.000287832424655641,0.000241644765076178,0.000237215024360696,-0.000256875192697788,0.000263427915528974,0.000457926675276408,0.000328692363975098,-0.000196202473342112,0.000517707048522584,0.000316433092073027,0.000107829712146288,0.000227119940817769,8.34788648884517e-05,0.000606644543700355,-0.000203507377587366,-0.00018299484881365,-0.000140002099070827,0.000177032470954294,6.25088759581636e-08,7.63056105410682e-05,0.000118309307746066,0.000463889134949754,0.000358408708769402,-0.000131927349844244,0.00018930247925847,-0.000174626238856176,0.000441224550373078,0.000202221696831221,0.000351970983134467,0.000352156814672839,0.000569778833463225,0.00086967161923103,-0.0003110579769596,0.0011760024911758,0.000321417597064347,0.000650788064296431,0.000491076987831176,0.00142081817864194,-0.00188905093371004,0.00145784418965197,0.00134760531847353,-0.000552710389632563,-0.000293244808674952,0.00166231085469042,0.00260851996192382,0.00554393263836606
"616.63",-0.000181452365757641,-0.000356811934489635,-0.000695185985392705,0.000368276812507716,-0.00018302055673884,-7.27972733949672e-06,7.16614687732911e-05,-0.000291106286192594,0.000222668895487856,1.27028558713797e-05,9.12651126198854e-05,-8.17824276934072e-06,-1.7363854079563e-05,-0.000340845307384924,0.000231420523275168,8.19399549063838e-05,6.92125689323182e-05,-9.09997153495532e-05,-0.000439321797403461,-0.000295291942055102,-4.1595370570753e-05,-0.000391967486859562,-9.74167871673949e-05,-0.000405831774490119,-8.95364002252149e-05,5.22180533695328e-05,0.000223049687103032,-0.000290407700226135,-0.000102348076873042,-9.27367751674673e-05,8.34036763042301e-05,-0.000299792540605103,-4.21377544281908e-05,0.000171589249941621,-8.89014713299108e-05,0.000112463349367909,-0.000207101168263248,1.11522538706838e-05,-0.000451088571613179,-0.000606392747781584,-0.000392119041234672,-0.000108823060494429,-0.00043465162205312,-3.07222412905322e-07,-0.00239804417802433,-0.00279072543844366,-5.77754711722155e-05,-0.00112431178242348,0.000902269564930704,-0.00272890367628362,-0.00112192566880946,-0.00245907393248373,0.00476487106230088
"621.338",0.000232076072760337,-0.000359986921838457,-0.000148035054719966,0.000148527959224309,8.01713963220837e-05,0.000191232799225121,-1.6707210302872e-05,8.79956176358111e-05,-0.000240846735336155,5.73266133669625e-05,-5.66162364090756e-05,0.000184648405358088,-4.40112194262627e-05,-0.000180370814882437,-9.16378729023177e-05,5.78134037416758e-05,-0.000453254330273958,-4.58052325111435e-05,0.000140899097819589,-0.000669697948327312,-0.000555403997339391,0.000158010337959503,-0.000206115080535463,0.000142681146918367,0.000117248784891177,0.000517436711468014,0.0003113817091325,0.000120530898064953,5.15770835386016e-05,0.00028879340946158,5.044402452692e-05,0.000260001846927869,-7.6266486077405e-05,2.59379945153473e-05,0.000223999165322103,-0.000481191962229438,8.01858030394121e-05,-0.00028279093209659,0.00187873521282257,0.000191622625637364,-0.000101819451325043,0.000409764757538573,0.000678472827163198,0.000206577818716351,-0.00205552410661371,0.000310613887648952,0.000944314939694478,0.00309005708557654,-0.0026418417364259,-0.000417132865506018,-0.0020702253537943,-0.00247667009375061,-0.0100359935394428
"626.047",0.000493209158826451,-0.000142914464789855,-0.000448303289676724,9.46361240576999e-06,1.61806552584234e-05,7.42273041653639e-05,7.29435006483712e-05,-0.000108612407869418,3.86984427771357e-05,-0.000134901277299721,-0.000228550947070482,8.4821400432875e-05,0.000266517856662639,0.000424891681087806,0.000260764033956308,-9.14804002792831e-05,0.00027280567565093,-0.000249874730021694,0.000447022292957745,0.000311214516050668,0.000412626296525789,-0.000558380575076129,-0.000198204967492421,9.59981234031458e-06,-0.00023676637906462,4.42135171360995e-05,0.000192047526541274,8.70507488864276e-06,0.000286380755003504,-0.000154342315339279,6.78250432241081e-05,0.000211734557065268,-5.98960086277304e-05,6.98378564824928e-05,-5.42751302369056e-05,5.73546908181333e-05,0.000332395215162643,-7.47325401480106e-05,-6.70471880320628e-05,0.000258421886921352,-0.000115429229174581,0.000124088983268379,-0.00022929121362548,-0.00078629026662441,-0.00172989190888443,-4.9029850422841e-05,0.00028889378469063,0.000346634927946984,0.000437264733983947,-0.000845398113916227,-0.00314268337394575,-0.00144028313997142,0.0277472212008422
"630.758",-0.000361332069690685,0.000156210278745482,-8.04549466304186e-05,-0.000302997459782362,-0.000278185591313874,-0.00023258003677097,-0.000175645143952534,1.49534882313844e-05,-0.000396590796063467,-0.000168868011261116,0.000101066721446179,-3.45076458195254e-05,-0.000143889515886465,9.64102149696508e-05,0.000136097481646794,-0.000698394226732123,0.000213422281232849,-0.000692352874899555,0.000195028434007233,-0.000271221761508484,0.000352899532930271,0.000342665459631597,6.02160699030763e-05,-0.000572665569096689,-0.000294550200397391,0.000152027650525591,-0.000370749916291446,-0.000430429188073238,-0.000333328205846445,-0.000164730608370241,0.000283006788270451,5.98494647684937e-05,-0.00034602221445881,-0.000388262807197381,-0.000411440748793788,0.000125465094347585,-0.000374669222618098,0.000119206389817918,0.00087184248347378,-1.06826050058672e-06,-0.000749081813108554,-0.000168084159062781,-0.000155182856494363,-0.00257586330430729,-0.00221976844252501,-0.000514856030447007,8.70632384335074e-05,0.000140128777888497,-0.000928595037865501,-0.00219632254355636,-0.00394677828778146,-0.00199654723781403,-0.00760594476447178
"635.471",0.000728235988864355,0.000303141454483564,-0.000416088445424644,-2.87859861980026e-05,-0.000115459940491878,-4.35828195458521e-08,-6.86822026406037e-05,6.53507375013622e-05,5.63419746582906e-05,-7.18804346870904e-05,0.00020378181903676,0.000319467922056246,-0.00012671046256297,0.000662333117819943,0.000214128682719496,-1.69184183609574e-05,9.85678046555246e-05,-0.000405281154192677,0.000320756185086095,0.000218639143854209,0.000689573058080423,0.000274182797102264,4.02907013711159e-05,0.000567307135842923,0.000231878071097285,0.000613322537389328,9.78888832484903e-05,-0.000283259896693131,3.53575441634336e-05,0.000130962452589598,0.000285026062900532,8.62633260433651e-05,0.000104591029732428,0.000115588833687713,6.44986400830939e-05,0.000126380229954042,0.000559624514041575,0.00197778980603231,-2.92468315197733e-06,7.26378028416998e-05,0.000702228257546188,0.000787296846840773,-0.000483349042749909,-0.00158363092270937,-6.28183849528462e-05,0.000222169328864603,-0.000323597656110459,0.000459008138111282,0.000979894719372234,0.00368833029160052,0.000971695489511365,-0.00163732523099971,0.00674763738736471
"640.186",0.000717208455517687,0.000629735878970447,-0.000345610659522989,-4.76540912782426e-05,0.000173516437624809,-1.51295943979917e-05,5.87770985345957e-06,-5.03538824781101e-05,-0.000174773295134688,9.82481716286597e-05,0.000204093262578028,-0.000268306878503641,-0.000480798007643686,-0.000468935980000099,0.000154578823357648,0.000237823981771114,6.2820340153443e-05,-0.000274069188973242,0.000518313176467048,-0.000405200557906041,-0.000226669985089036,0.000152619317587721,0.000242790697415509,0.000117594725021782,0.000464716478542638,-0.00015365428853925,0.000240490931254354,-1.77194042799763e-05,-0.000123998167593799,0.000288745261357682,0.000311636399665157,-0.000103910720868365,-5.24741272986934e-05,1.78080306391883e-05,0.000775386815994207,0.00045737249234507,0.00208888983016423,0.000157018355893518,-2.34440201853053e-05,0.000707260910120229,0.000534000402553889,-0.000352536945723695,-0.00149855681021132,-0.00144374416666577,0.000207002248022833,9.87602044217281e-05,0.000117732533084887,-0.000212302908469421,-0.00160634022162907,-0.00104576309279933,-0.00350168494809949,0.000536221128941885,-0.00630103051907879
"644.903",-0.000687120908687079,-0.000897596151270408,-0.000256928988300426,-0.000280397573138224,-0.000726936514381941,-0.00045972394654681,2.89238365376207e-05,-0.000326020479300149,3.98984673831483e-05,-0.000311706674609187,-0.000147466771680061,0.000174730544488145,-0.000385298537742064,-0.000519041661427914,-0.000668446691270162,-0.000352276376913823,4.53325633517182e-05,-0.000487493207036936,-0.000325181595342417,-0.000653495695749544,-0.000414878194829947,4.11620666826228e-05,-0.000347782148914382,-0.000525288059623862,-0.0002443389435127,6.38410522923134e-05,-0.000171248164955466,-0.000968759996711548,-4.47974302187521e-05,-9.74791436564629e-05,-0.000498957296269675,-0.000227423820777221,-8.9899520983742e-06,-0.000423501667290406,-0.000102690317357255,0.000336880957512836,0.000923683307267428,-0.000841461105074978,-0.00096082394155012,0.000135215527522449,-0.00010572914779017,-0.000642026352834676,-0.000809855985365046,-0.00172889413852851,-0.000398543964012635,-0.000875982784862811,-0.00122334928417228,-0.000143201425598326,-0.00257253736374353,0.000123972204274854,-0.00667933540896281,-0.00591832860837521,-0.0154707979214373
"649.621",-0.00052910183554643,-0.000288180577670835,0.000145910762554545,-0.000519793096541683,-0.000915242380755562,-0.000629466497664576,-0.000146752662951622,-0.000273826282433916,-0.000364354543093169,-0.000665632871233791,-0.000328972196701098,-0.000603026123332461,-0.000446449234380601,-0.000698841509049967,-0.000167318585155678,-0.00100200895327153,-0.00016578263103933,-0.000765397487502347,5.30725148066263e-05,-0.000864909867752784,-0.000896893351382451,-0.000323527138045756,-0.00016605742831662,-0.000733771452128897,-0.0010009010523468,-0.000620942551837852,0.000173672216951041,-0.000345687905407647,-0.000735731482479982,-0.000502682715075755,-0.000355102053145342,-0.000124128200048463,-0.000913321994496317,-0.000657944937014936,-0.000729053420019493,0.000515278591763133,0.000918799180698794,-0.000411706727142595,-0.000622180171074316,-0.00100162361695944,-0.000989595645384145,-0.00124435390092646,-0.00209762633841927,-0.000931199791175889,-0.00284977493804822,-0.000913602662185171,-0.0022994136851505,-0.000870825075470545,-0.00334092031015971,-0.0015161564631102,-0.00109560561429635,-0.0110592493624666,0.0027742624931606
"654.341",0.000602978177307556,4.7389736546677e-05,-0.000720004384153016,0.000687055439848748,0.000223814288060636,-7.10308670736407e-05,0.000393640209751654,-0.000167958645021036,0.000111598035850124,-0.000355102600897922,1.51728645888355e-05,-3.63080901260634e-05,-2.15534506351855e-07,2.76522453361074e-05,8.05145613903262e-05,0.000309534761252962,7.47359582452699e-05,0.000127877967099217,0.00016182526398157,-6.84883564147717e-05,2.25205077177663e-05,0.000137791984145158,-4.21085667582281e-05,7.14695614073896e-05,0.000358246262507161,0.000254031573889035,0.000408321644313594,-0.000415636802253177,0.00074712609202861,0.000318948242149053,0.000495928820360857,5.39165653844639e-05,0.000126942912063166,0.000862941719610555,-0.000355714224996324,0.00166005106711456,0.000678238550222608,0.000271971044453444,-8.37302656492122e-05,-0.000343656223109924,-0.000244945975257578,-0.000355298854428266,-0.00018405077199923,9.238047344988e-05,0.000561286434161233,-0.00012900759506387,-9.31479783797349e-07,0.000626299122372452,0.000139134097983156,0.00160028136741791,-0.000106676496824696,-0.0154215738129218,0.0276019557636762
"659.063",-0.000898630496505801,0.000319180637595406,-0.000245675209096675,-0.000220882402443929,-0.000286393700601677,-0.000421745477978753,-0.000168343567682378,-0.000137591150631157,5.90110278903862e-06,6.8897993397141e-05,0.000122449760164727,5.42942038638453e-05,0.000238091868274168,-4.64410773936805e-05,-0.000450769922586358,-0.000223068976653081,-1.87908200546667e-05,-0.000575361803957044,-5.45719703200007e-05,-0.000322103017248252,-0.000272181724028427,0.000609205494818237,-9.55995075142093e-05,0.000164700259475147,-0.000380759707385252,-6.65187599893231e-05,-0.000355638625204491,-0.000521708873414795,-0.000111628729690434,-0.000533117123945909,0.000172734834937571,0.000145089172722673,-0.0004405159932556,-0.000580215797620555,0.000989184829786858,0.00129357455319414,-3.17347189152e-05,0.000365492162833484,-0.000529100119601054,-0.000410388134702967,-0.000986517972053813,-0.000891353699549443,-0.0013421999968691,-0.000411349978576324,-0.000653288453531731,0.00119518807255407,-0.00216898539345577,-0.000668810137105688,-0.000187437343698339,-0.00200495525687822,-0.00337011551810869,-0.000192882058035201,0.0155318287803151
"663.787",0.000281499779504963,-0.000107518449638912,8.66869458412155e-05,0.000458281219456577,0.000211253090228952,-7.26379541576953e-05,0.000274333623326235,-5.36897432518033e-06,0.000342485791301186,0.000202499767560691,-0.000100958512393634,0.000479022962890642,0.00016430584981435,-5.65341906613521e-05,-9.13928533461482e-06,0.000135697631752773,0.000172122792038811,1.00474283758343e-05,-1.10652894346414e-05,0.000303309485749251,0.000379487169136682,0.000184267980116878,0.000258691848776774,0.000323616298857662,0.000514844086343416,0.000471629850441612,9.49708425503136e-06,0.000141722530452066,0.000735819637977363,0.000456764862404207,-0.000304217090808466,0.000368253297186274,0.000594632584926899,0.00100574546211041,0.00245871940409277,0.00138009107339854,3.30194385067282e-05,-0.000219713376833593,0.000475281471626289,-0.000117236621737843,-0.000612405485199015,-0.00138405826889536,-0.000150271164399189,-0.000132751235167399,-1.93926919032743e-07,0.000632330083335252,0.000690453931879603,0.00116809495482746,0.00114098621093508,0.00111431652540264,0.00444803908670414,0.00641752789311801,-0.00479704186379916
"668.512",0.0014586344968908,0.00084490871077986,0.000949486420407785,0.000605400416328669,0.000487818967946794,0.000626132094385355,0.000405587453669863,0.000237896904697528,0.000363220168419153,0.000246216818434323,0.000688576129305091,0.000556672921755305,0.000749581954725779,0.000740900912220404,0.000322392467229932,0.000729421739033977,0.000520616497921686,0.000608349238972394,0.000111288686503469,0.000658345913479061,0.000788103178558709,0.000262138224727672,0.000369195372790496,0.0007574610361084,0.000778202470142006,0.000620645817487658,-0.000124288311844818,0.000647482731310901,0.000750983803869751,0.000291096245124742,0.000622558770090476,0.000871959276103356,0.000364913340907232,0.00194055257400358,0.00165508167843642,0.000762243844339793,0.00131113001504969,0.000688221760220333,0.000958061004582465,0.000209001905572439,0.000459259868116775,0.0014345858592819,0.000567310845972752,0.00061098630100546,0.00178043790325892,0.0012481159846299,0.000569955763639619,0.00364552310416118,-0.000239562593900085,0.00323759106570534,0.00103920721010252,0.0111779561310861,0.0250681647085775
"673.238",0.000529873333506682,-0.000145536813551871,4.39550354098155e-05,0.000319998901676821,8.02931623974508e-05,-0.000139195265403133,0.000117372524626567,0.000190454715661044,-2.42964694434075e-05,0.00038237679212444,-0.000181024303150191,-0.000139713307665951,-0.000146854611778369,2.86453768805078e-05,-0.000120542327863139,-4.58598751436123e-05,0.000242322574106646,0.000244714658714361,0.000257578287409385,0.00063865706064177,-0.000478043508138217,0.000153836493387132,-0.000251267869930161,0.000169331592820034,0.000150556647697625,0.000380531250654104,-0.000269398375689793,-5.75096533903195e-05,6.6929478136227e-05,0.000642679062460476,-0.000205551419513208,0.000485234830404265,0.000507266260277217,0.00385664091910208,0.00117644222217131,-1.03851062732925e-05,9.97532718212988e-05,0.00042234268651992,0.000617874036459741,-0.000778716225457004,-0.00133970813636515,0.000151381392156131,-0.000352192694925061,0.000364887493148904,-0.00147783503680085,0.000454077843668184,0.000764605948818368,0.00191016722828699,0.000771000297776685,0.00132953867951779,0.00660859250722927,0.00454002992694995,0.00486302739182173
"677.967",0.000451530056476779,2.41068473215598e-05,-0.00051981924601777,-0.000540745397448573,-0.000611213096456192,-0.000304979591296632,-0.000249145888077585,-0.000191807156553861,-5.51702622369576e-05,1.43393551190325e-05,-3.1680197303465e-05,-0.000300997482645642,-0.000108355010779047,0.00037540669797805,-0.000205449887641183,0.000462159225357178,0.000351742479616973,-0.000215570609455247,-0.000135230537022981,-4.7619471238164e-05,-0.000516752031810463,0.000597716705166982,-0.00057221602042365,0.000202548575787022,0.000242606305519328,-0.000373383847823848,0.000436224972935785,0.000299113238561961,0.000115610796695466,0.000399775612375297,-8.45207071807756e-05,-0.000188446169888392,0.00148326251129264,0.00297411616887459,4.01794192250347e-05,-0.000317212890472032,-0.000334823984674349,-0.000177177186185848,0.000236391768864611,-0.000705591877857982,-0.000668335023981639,-0.000536580067111367,-0.000812052327270498,-0.000174121118329139,0.000270678477133567,0.00040378565530871,-0.00112305285626026,-0.000500305044382737,-0.00067939049539571,-0.00134043882233618,0.0011632041782856,0.00239147800070996,-0.00778593606265442
"682.696",-0.00155002185815869,-0.000247416472081212,-8.95144115247904e-05,-0.000147309647692158,-0.000618046006853579,-0.000208492099360468,-0.000371538365572531,-0.000354567744340954,-0.000272985576573679,-0.000194678859973027,-0.000248559344449909,-0.000171298241341539,-0.000379059908330055,-0.000311463973394265,-0.000557180688302461,-0.00018688096260745,0.000138287833154555,-0.000685731261561301,-0.000638604617049444,-0.000602308456225406,-0.000368124387545328,-0.000201462014173112,-0.000278160103081215,-0.00043116584861652,-0.000838368094988512,-0.000924219316766342,-0.000578195186909876,-2.93239011532835e-05,-0.000185076209290273,-0.00087598224006819,-0.000361609386202462,0.000236704888932001,0.0023479393364055,0.000881407176143599,-0.000233542642911115,-0.000417100300689524,-0.000778790047586238,-0.000956043132914874,-0.000440652800305409,-0.000969628274388604,-0.000732248013795225,-0.00110030583558742,-0.000753000413737315,-0.0013112401061984,-0.00141395414500512,-8.16957268846709e-05,-0.0012656574461472,-0.0019843956414229,0.00107988525599786,-0.00142213611569135,0.00160401522580318,0.00221920709379225,-0.00290766905923959
"687.428",-0.00091995811379279,-0.00072291578600411,-0.000416963166827761,-0.000487545657763632,-0.000768925799434874,-0.000285558316996579,-0.00026653520560776,-0.000568967404944331,-0.000693246884844496,-0.000631519940571832,-0.000347014105483554,-0.000334744727531206,-0.000813329101811314,-0.000196096966499552,-0.000656175179550627,-0.000573705576082593,-0.00054684881649027,-0.00084714558923367,-0.0010906362299577,-0.00103101780424494,-0.00050233451070986,-0.00123977202717876,-0.000313839501150486,-0.000933559280049298,-0.000123635324407041,-0.000450086403612968,-0.000819143034227889,-0.000756564626604209,-0.00038251368327348,-0.000940179974181526,-0.00023964300055322,0.000387595679748635,0.00203650857408464,-4.94126810614947e-05,-0.000613504420706048,-0.00098009603307747,-0.00110276469080345,-0.000830261340081327,-0.000875162415889714,-0.000786347759301336,-0.00145828338557465,-0.000998531899216297,-0.00111821093387894,-0.000965242340627506,-0.000734672366314785,-0.00273992809006651,-0.00114266196008749,-0.00336939100006392,-0.00212473442149406,-0.00258930860554,-0.00483137223009942,-0.0190115160114836,-0.0103794754972275
"692.16",0.000560417837714278,-0.000200051659261001,-0.000475577970191422,-0.000181094022202923,0.000119623854726648,-0.000286934658585059,-7.65100115665004e-05,-8.96666706758511e-05,0.00015699865241637,-3.63774669993085e-05,6.49189434183779e-05,0.000183085962705239,-2.02579931752904e-05,-0.00019707905012822,-9.55930663556616e-05,0.000302882056327534,-0.000110017840074782,0.000252378248653225,-0.00112000160002681,-0.000353686275135787,0.000180323574133535,0.000135974492473205,-9.01495422567439e-05,-0.000523866134530911,-0.000155308586426682,0.000201255679072522,-0.000287848587802552,-0.000632165859647782,-0.000305730606454057,-0.000253524069141745,-0.000298270104182227,0.000914106681603216,0.000722440291587788,-0.000109144336171891,-0.000308416578590078,-0.000335715082066391,0.000114423190242127,-0.000641066207795753,-0.000306937160188628,-0.000504743581351695,1.44720049815084e-05,-9.41039146212735e-05,-0.00112538963330387,-2.36846087410178e-08,-9.23174399502353e-05,0.000798991845245601,-0.000919966341929161,-0.000748391258288946,0.00268344743942392,0.00096208619312036,0.00119187676528485,-0.00264147519839096,-0.0385079368585453
"696.895",0.000677244127020305,-0.000692834731703235,-0.000444512857165123,-1.06333342175851e-05,-0.000490967918143929,-0.000543553705546465,-0.000211807771799156,-0.000299331962436092,-6.96093905766767e-05,0.000323316073316336,-0.000457746417976026,-0.000203611633566528,-0.000569573564171473,-0.000912722291606647,-0.000115379843901026,-0.000228653531037662,0.000191359138347068,0.000105845630766391,-0.000476600482904178,-0.000442063817845948,-6.04382125776968e-05,-0.000444938725261447,-0.000317479719761322,-0.000252719266701338,-0.000270914224230607,-0.000253348144826244,-0.0009791524124707,-6.95578969166036e-05,-0.000407130341874782,-0.000981265868388021,0.000488185822029244,0.00275176708847297,0.000174621323525248,-1.00002843121958e-05,-0.000900477743074922,-0.000566811079904319,-0.000241534033851251,-0.000230943948663184,-0.00148976882383078,-0.000794629019256715,-0.000307299898923288,0.000252686286576813,-0.000715262065312318,-0.00432820609054849,-0.00483490524466188,-0.00601876752669877,-0.00843259459161216,-0.0103120648948781,-0.00835389530080678,-0.0189781986836135,-0.030155161772853,-0.0532543307215722,-0.0935631142548816
"701.63",-0.000483691418123213,0.000101508395850926,-0.000344788760214784,-0.000302777675157764,-0.000672620607453125,-0.000351247495688325,-0.000627904533223437,-0.000233543005010107,-0.000274253258735426,-0.00058553980949723,-0.000329707172234497,-0.00110471836212983,-0.000553595324106361,-0.000190074425087076,-0.000339646292793067,-0.000691590559868229,-0.000203137870636912,-0.000523326827244542,-0.000843958946559401,-0.0006810595493805,-0.00102537038951197,-0.000828340090462275,-0.000903533887492134,-0.000598338061650534,-0.00092476375007843,-0.000623217539161093,-0.000947114622426928,-0.000902495316173723,-0.00104137116804357,0.000237146977675554,0.000691431062962641,0.000814966020815414,-0.000256896929810211,-0.00114833458155679,-0.000334000942173174,-0.000395707573694715,-0.00129939283821918,-0.00090819707515332,-0.000428155239817986,-0.000373041563113267,-0.00175370800647513,-0.000589546126097501,-0.000439971025477865,-0.000684082028106628,-0.00121904205270281,-0.00170653054193022,-0.00193428344997648,-0.00115992358358809,-0.00464167596389137,-0.00334232040269487,-0.00944968663904324,-0.00599875337906956,-0.0650550759142075
"706.367",-0.000201432519358505,5.16908745431118e-05,3.49938549466945e-05,-0.000142160091152544,-0.000122830792097822,-0.000433256981207241,0.000242359965588793,-0.000138394863529527,5.15776405156969e-05,-0.000112706505731585,0.000166711582929243,-4.96319386746482e-05,-0.000134913469446251,8.10191598254999e-05,-0.000176741714579804,-0.000242960647922737,-1.20304704987904e-07,-0.000497320243039114,-0.000154292477788607,-0.000563884002635883,0.000259410252438122,2.3289741064982e-05,-0.000127199822590818,0.000257928125653593,-2.11875223539515e-05,-0.000124114927027763,-0.000489497944945698,0.000335037270274439,-0.000354697951977931,0.000238214729469189,0.00257251056915387,0.000216032216603049,-0.000569571423049941,-0.000224284910420648,-0.000316875218348267,0.000311556767244824,9.41747923684801e-05,-0.000508239954232442,-0.000393744268658602,5.55511475323204e-05,0.00025332335897987,-6.46052004056228e-05,-0.000356567281111938,-0.0011197182325172,-0.00071192831747228,0.000339556854352647,0.00134962414674572,-0.00226696722660256,-0.00112340912018107,-0.00281986975017899,0.00221807231234142,-0.00230966737958663,0.008181733918835
"711.106",-0.00138200901081418,-0.000689086231627708,-2.35770469020352e-05,-0.000441934689410613,5.3104820882193e-08,-0.000455603289377361,-0.000449994059119813,-0.000139759723048336,-0.000247812380335888,-0.000197086478907841,-0.000800796260168394,-0.000369734435559382,3.15534084472322e-05,-0.000317156390951633,-8.92538465850254e-05,-0.000618763481781081,0.000197324085451533,-0.000371268980575448,-7.20521626241613e-05,-0.00107637193461526,-0.000549301388234539,0.000282380279256619,-0.000748532118257988,9.06642622796683e-05,-0.000806017970371278,-0.000616623018734058,-0.000391682580824058,-1.00975300220649e-05,-0.00075782269483294,0.00178627181410873,0.00102523483258817,-0.000340213956194571,2.02061813826731e-08,-0.000597484359272795,1.06752676857242e-05,-7.87231455277597e-05,-0.000462348963548871,-0.000676967494646182,0.000224587637805943,-0.000917390807345762,-0.0013562319108879,-0.00117297411790362,0.000485119816085359,-0.000308524778693736,-0.00153447902600399,-0.000429194541064798,-0.00306988291617717,-0.00294505112717695,-0.00278601193872112,-0.00170924148314248,-0.00471287814669421,-0.00908764721703346,-0.00930862769751207
"715.845",4.420398906057e-05,-0.000196787248997633,0.000618567640214793,0.000245964207274181,0.000444572972984843,2.66636499231396e-05,0.000234417314147805,0.000159084341549938,0.000277076725668724,6.88114283348133e-05,0.000238705398455477,0.000100942667533552,0.000434881275811812,0.00045547998572813,-0.00015053546758091,-2.99052758491917e-05,-0.000147099171136433,0.000397584365945604,2.42129937281636e-05,-8.96740033204274e-05,-0.000164138842833991,-0.000190410360195241,0.000331345131081945,0.000859726410440314,0.000369657755324366,8.45594658441652e-05,0.000312534233482497,-0.000155449991008798,0.00084898222377568,0.00216408857247292,0.000173478864192069,-7.08765937443044e-05,0.000336920991702247,-0.000198004905979784,4.31909474811763e-05,-0.000386592291249816,-0.000239288241435573,-0.000329129207103865,0.00080287253074607,-2.86461377617014e-05,0.000213216319026614,0.000181098014780272,-0.000127857341385901,-0.0003541060675692,-0.00167342778342235,0.00101260320508266,0.00124178279464714,0.000248244898462885,-0.00120064454491753,0.0046085325808265,-0.000229486011966542,0.00362658418739489,-0.00947568230223196
"720.586",5.90905907938847e-05,-0.000408221466312558,7.15417852894949e-05,-0.000437059220445464,-1.93185262567881e-05,-0.000239781603341654,-0.000302062149098397,-0.000100443683821033,-0.00039014362594398,3.06602068794968e-05,-2.56678574395208e-05,6.06967802951553e-05,0.000170127964784762,-0.000332061360091123,-3.01839554182043e-05,-0.000269142687073133,7.37269723495888e-05,-8.8859195271327e-05,-0.000121555723482948,-0.000500829669196432,-0.000278478209108053,-0.000847127374549335,-0.00018972298812906,1.15112216552456e-05,-3.26550262279595e-05,2.1084711195213e-05,-3.16470210496257e-05,-0.000114253404965864,0.000985453044117264,0.00114555413391008,-0.000213006639377326,0.000425696911483622,0.000132911396612361,-0.000428332125493866,-1.08227048242523e-05,0.00044479147834053,-0.00113014248474627,3.87871598490274e-05,-0.000523484077260179,-0.000386437998761749,-0.000519940948687537,-6.60285205606608e-05,0.000327839990785621,0.000625757649784419,0.000704976838847808,-0.00020317698687938,-0.0010034730866652,-0.00128590184617556,0.00156963493778193,-0.00274431971990823,0.000337137017472145,-0.00536324175948212,0.00153107423939671
"725.329",0.000194012110440766,0.000386781016741139,-0.000229347533676247,0.000465008988546579,0.000529493480373838,2.6990664140996e-05,-3.39454736529165e-05,0.000430514770886668,0.000850262579755972,0.00116733044325038,0.000796107270657938,0.00159134858877827,0.000700137770889334,0.00124977548794659,0.00116122992142314,0.00165373729824882,0.000788885329382379,0.00197375034766964,0.00169824292790605,0.00159886560117901,0.00119163610271331,0.00128018044868165,0.00166877636405473,0.00182620787280273,0.00106999303054538,0.00124414602429326,0.000687467872917775,0.00194839780705172,0.00424516026473375,0.00145308042692493,0.000914331408274202,0.00102652095111362,0.00120206668381568,0.00141698524951242,0.0014572896235904,0.00154662395214022,0.000890006941767689,0.00109614100009805,0.00183383103927958,0.00143440126268374,0.0013461626454885,0.000736226570903557,0.00182778346951117,0.00253409112853586,0.00300245446581559,0.00302486700592425,0.00455256175517351,0.00314941405931269,0.00773285659936638,0.00709307425973417,0.0156864082435985,0.0191099690476634,0.0704181292958637
"730.072",0.00018032495335762,-0.000510054747080002,0.000352191393106778,4.57476534942775e-05,0.000473649819670347,-8.1390566250297e-05,0.000191549001261117,0.000210442663097453,7.40288889165258e-05,-0.000117554794669829,-0.00018276801765991,0.000371830740496641,-0.000260145206225866,-1.05356844537678e-05,-0.000174235103533711,1.00858028038757e-05,-0.000182349895454073,0.000338377857312047,6.17998483780513e-05,0.00011770525302924,0.000928459102081331,-0.000595453485818143,0.000108724300211112,0.000163868052417269,-0.000244134542730559,0.000129302706021881,-0.000819692445301156,0.00166551118678019,0.00136338265165842,-9.42662840907933e-05,-0.000155069281631776,0.00012382859138921,-0.000375383243363833,-0.000138325154867171,-1.10241768894456e-05,-0.000278373828716792,-0.000195286509869439,6.50487998039098e-05,-0.000738070530929895,-7.31528242072246e-05,0.0001555588975018,-1.69092508806426e-05,-0.000761066891407637,0.000764725443285238,-0.000520021131672729,0.00115216199861777,-0.00119790384404359,-0.00270411222413906,-0.000959349565651099,-0.000665403650764434,-0.000238908125527903,0.00828586716575996,-0.0177372795884983
"734.817",0.000923329009110035,0.00146021757263173,0.000819441561756846,0.000954487610768333,0.000427321237812399,0.000820175978541374,0.000674731195188379,0.000381667511206038,0.000244180334250784,0.000252104137915992,0.000403236338874063,0.000883820731477206,0.000829074277555307,0.000574751289697678,0.00058850934814916,0.00111361985704587,0.000529312975273945,-2.27227562715454e-05,0.00154612656300096,1.31641589414622e-05,-7.78788392067899e-05,0.0010158137448283,0.000486692972081354,4.71629310983816e-05,0.000637272820532992,0.000803988656817937,0.00123153492113752,0.00257434270899708,0.00126715284135497,0.00047354136083536,0.00078088128123586,0.000935942387770919,0.000797977473047527,0.000417894827418759,0.000499656463319708,0.000667094272759872,0.000950822036121393,0.000705799145241296,0.000729511202831444,0.00054304988511661,0.000172426490291317,0.000881064053382912,0.00166416162535796,0.00243941617424153,0.00107234854969554,0.000892724337726451,0.0029437562347039,0.00255279033252078,0.00273674171934389,0.00799654509300255,0.00549145835403801,0.016044501989711,0.0280372487698936
"739.563",0.000459234618366127,0.000683944180044438,4.95372509005045e-05,0.000337491556943336,0.000281490205910356,0.000211925608993992,4.17860665231833e-05,0.000110334272384569,0.000350022427769437,2.40336864684821e-05,0.000780620209494792,0.000241993107623155,0.000507668470611696,0.000301437755049548,0.000574362417802069,0.000279145527459515,-0.000349689361182973,0.00051708776344362,0.000857850731057067,0.000559682585075336,0.000394064312571686,0.000445697490726061,9.84610677881189e-05,2.38393013675142e-05,0.00054283749442066,5.47631567968958e-05,0.000745172523793651,0.00184795625829615,4.30681219157232e-05,0.00038331881303915,-9.48759947240216e-05,0.000662850268821822,0.000499204240291868,0.000444434366623486,0.000314508203965533,-0.00046105547254637,0.00031212133300694,-0.000105813445876922,0.000389928353384897,-1.48807322765085e-05,0.000777220488522762,0.000308900528425983,0.000491770237288604,0.000736046760018637,0.00146312262546738,0.000662291252300226,0.000323061810308466,0.00124830688872187,0.000814217436106536,0.00479468098810005,0.00283513601483961,-0.000435842153041758,0.0223927274752575
"744.31",0.000247672876703482,0.000456124256238757,-0.000499961943844585,0.000270421694279878,0.000284546075533544,0.000307549345723161,9.14822369549231e-05,0.000191897186196316,-0.000319065437174938,0.000418962028509606,2.6779602758411e-05,0.000255067949262743,0.000178610026225293,-0.000261114262149585,-2.10238351403854e-05,-0.000146225652058566,-0.000331417348198852,0.000383162603909931,-0.000114915417378425,0.000242383495812864,0.000570952316056398,0.000362891309893915,0.000510119647810977,-0.000156634306506979,0.000617286544356244,0.00103216815293751,0.00138702177445576,0.000110150787680115,-0.000239607770507681,0.000634914717146218,-0.000351248611992791,0.000244349121175186,-0.00022569517744102,-1.0979382482417e-05,-0.000192977639008438,-0.000119255530638786,1.27789607246127e-05,-0.000387380638765935,0.0013226594150057,-0.000105459072539002,-1.6367522138376e-05,6.90300754797959e-05,0.000840864547366666,-0.000240704940590774,-0.000357002196641429,-0.000395575235343591,-7.24178892054506e-05,-0.00113125795065002,-0.000658950686537687,-0.00204633384704682,-0.00107941286830814,0.00133351382764136,-0.00554434827773369
"749.058",0.000343917857228685,-2.76465972354321e-05,0.000265415566388918,0.000107088515409768,0.000667259162792455,-2.80718088781361e-05,0.000192058451324188,0.000250269255926473,0.00023122810198027,0.000227896298918474,0.000108631363995168,0.000139503356667549,-0.000338105125484474,9.89848552003362e-05,0.000266652507158309,0.000464236921504155,0.000345713318162712,0.000375416581508029,0.000193107149431174,0.000625858741226099,0.000442669890059097,-0.000214877923004388,0.000326801762724556,0.000572248984772689,0.000265703826598469,0.00135444867982752,0.00239848964963335,0.000815606957530197,0.000715083743456327,-0.000260966436368705,0.000666859011044418,0.000762411862706751,0.000260018312558874,0.000564427811867524,0.000344063564584727,0.000193408425909948,-0.000178371865165945,0.000283613763998963,-0.0003554886024651,0.000378997107191067,0.00095517817635822,0.000489697096711174,0.000868928180962353,0.00114889449277361,-7.74007684221885e-05,0.00273507263035801,0.000145989236060253,0.00131845157934999,0.000221633926001141,0.00443408240226704,0.00337251354794728,-0.00273629734276198,0.0262121633631713
"753.808",0.000191208904390261,-0.00032686870606216,0.000347718804818025,-0.000290427754060196,0.000523100962205808,2.87585526023299e-05,0.000188367270141042,-0.000389135990710019,-0.000149949828313931,8.28804160107291e-05,0.000701396402436198,0.000481495653421998,0.000574247109204025,0.000750706184049859,0.000260827280720883,-5.38389953337266e-05,3.39991240405936e-05,0.000478417636009095,-6.56430834123619e-05,-4.71155231561264e-08,0.000164099421514652,0.00070864799012246,7.69324379135656e-05,9.93265378876827e-05,0.000247528803704323,0.00275111754159625,0.000585091422328254,0.000797496528920944,0.000784922923997779,0.000387841915869725,-0.00065764463825216,1.08723501788334e-05,0.000408855231285435,0.000203008520264998,0.000736429630270842,9.85588313466762e-05,0.000532868626709568,0.00132060244136795,0.000521572869255826,0.000416897525214018,0.000280381363375645,0.000107081917159005,0.000609631163570486,0.00029266748470933,0.000918803894716571,-0.000156755359862684,0.000970701688352308,0.00161250627376214,-0.00039537115080906,0.00249122705845404,0.00196352002232614,0.0122519445994373,0.0250484090124868
"758.558",-0.000275869942314981,1.41216193160231e-05,-0.00049816745669262,7.39969978886701e-05,-0.000138483581532357,-0.000381020531623642,0.000457453118578253,-6.47950936034893e-06,0.000123669505220503,-0.000363322548287557,0.000122196099416093,0.000256486569088477,0.000292500679176892,5.70151589220253e-05,6.63386960818849e-05,-0.000131269775842082,-1.16281377604464e-05,-0.000219151096208389,0.000441224648778959,-0.0658144777561365,-0.00019490913553815,0.00031484244664249,-0.000195636394432735,0.000416960856452635,0.00151133311353502,0.00220806323612702,0.000229527447026116,0.00022872092907489,6.85193323855882e-05,0.000406218586559098,-0.000323666463535281,0.000234123705299364,0.000281254062462095,-0.000792576585004561,-0.000107109637860271,3.76905158862515e-05,0.000198548154536815,0.000308050244082577,6.78375960013443e-08,-7.86400385175535e-05,-0.000168169225059031,-0.000199738152125964,0.000280917471573243,-4.57236592982832e-05,0.00032073853912366,3.19564469963862e-05,0.00136952374455498,-0.00109455712386885,0.00138075885534534,-0.00380854655628721,0.00187725103214234,-0.00212000000186855,-0.0242679888622353
"763.31",0.00105912364881179,-0.000250148043911488,-0.000267237323766653,-0.000426747466772303,-4.33733681264778e-05,0.000289072214745903,0.000301496524548739,-0.000185607976101202,-0.000103927568909612,-0.000112412484922113,0.000191670025486906,-1.17762060127276e-05,0.000142750553123558,0.000593515959493517,6.7918251299171e-05,0.00014489708171357,0.000472221315747271,-0.000584179432890202,-0.000600131400070538,-0.0579719928329454,0.000298286557625823,9.37000034269572e-05,0.000692045690565085,0.00036104311404999,0.00282633669221206,0.000638764551987361,7.00779209943497e-05,0.00100325548915678,-0.000139801126404736,-1.17079733429286e-05,0.000193613976735234,0.000102074255780195,0.000722577708481503,0.000632587957784746,-0.00013353428679602,0.000741780513880427,0.000580511365474303,0.000114847835065385,-0.000662555933269645,-9.67842080284129e-05,0.000188056106347069,-0.000389240944267393,0.000980513750739695,0.000935536634946965,-7.98019868553947e-08,0.00117078129563419,0.00174445477368667,-0.00158203943948743,0.00205266909274052,-0.00162480209029837,0.000498725596308341,0.00383135482974787,-0.0396335219073981
"768.062",0.000317351453920819,-0.000596842724740656,-6.76195438888604e-05,-0.000748652741682737,-0.000504559903038721,0.000140796872991556,6.82725523483494e-05,-6.68465959579993e-05,0.000194743857744215,6.0873676551926e-05,-3.87142128500726e-05,-0.00025225374614363,0.000385140500636265,-0.00014094991892072,0.000398744840323656,0.000653763523360807,-0.000536433078298339,-0.000789923823367048,-0.000137575863479947,-0.00100304800438516,-0.000272204840013589,0.000216106663168909,-0.000268414182549179,0.000950095346007142,0.00195179239442625,0.00016748286152045,-0.000745297109097484,-0.000153007609769808,-0.000199860662796711,5.80858433984593e-05,0.000137843596591638,-0.00021807742128023,-0.000405948643261582,9.45759974212134e-05,-2.45043136977286e-05,-6.45154507725801e-05,-0.00074936209534255,-0.00102386766269388,0.000167184599588737,1.60395939055217e-05,-0.00178189767797509,0.000747984371961956,8.2784941165387e-05,-0.000661137878825239,0.000522898933779597,-0.000492571447823267,0.000782602929779461,-0.00084526895966851,-0.000947643404856191,0.000160377219791673,0.00270712303985999,-0.00581861587859871,-0.0179110315730123
"772.815",-0.000784403126476095,-0.00061193230294642,0.000728230430262207,0.000444005710967819,-0.000493216355231221,-0.000462260389622497,-0.00022768899828256,-0.000220556492712696,-0.000284292396599231,-0.000269565467610475,6.76730355941636e-05,0.00014924357476933,-8.43918304124545e-05,0.000305188955460123,0.000307526992590712,-3.37519324361719e-05,-0.000297818984616872,-0.000438631273284952,8.24447712036012e-05,7.2625302372019e-05,-0.000658765749428729,-0.000742377785318105,0.000631090461816899,0.00314688056401785,-0.00065227725532061,-0.000227783043712937,-0.000685619778658452,0.000529459176309033,-0.000129236894174864,0.000104402586845122,-0.000367322610533199,-5.74696383559444e-05,0.000196239279234538,7.08772030964788e-05,9.7967479327354e-05,-0.000361127594166536,0.000435723675414215,0.000259394359927351,-0.000713577073650995,-0.000162071995282387,-0.00169451500794799,1.86157393739331e-05,-0.000598749786593955,-0.000212540254692005,-0.000275093986236989,-6.56004045629229e-05,-0.000626195302509219,-0.00164257801190075,0.000532462754485689,-0.00449649734958384,-0.0046420085386042,0.000955431315373038,-0.00656691343112496
"777.57",0.000749436071083588,0.000396279642495538,0.000756834150036789,0.000103440536679657,0.000928353109186242,0.000717877255030654,0.000743869702442194,0.000313515512922659,0.000419832735186205,0.000470161823432675,0.000591980891939924,0.000550212478567615,0.00150989495122204,0.000790517680080108,0.000929523148461004,0.00043675874909671,0.000510428376699348,8.93829464428769e-05,0.000350872640135186,0.0011117112759421,0.00153441850506732,0.00145996347837128,0.00269893899783743,0.00329058020916006,0.00123331756902297,0.000868272432975064,0.00077184617392456,0.00112859856399438,0.00100689656816426,0.000580237262901155,0.000749937463515371,0.000760250989589229,0.000932660006726205,0.000916455686527684,0.000162443619147649,0.000947611219733295,0.000972493695664963,0.000352943345309346,0.000867254785346189,0.000759577271932,0.000617374061667916,0.00108701367072229,0.00130448527256296,0.00110749179951206,0.00162772231429324,0.00221007072696085,0.00235489233449348,0.00306447056226357,0.00392538141056258,0.00607965202440919,0.00302054970013214,0.0239790376251166,0.0340279696668014
"782.325",0.00121049984269163,0.000602646411549094,0.00121568301315709,0.000841144111409108,0.000658654417487709,0.0010100574215926,0.000377663128926644,0.000145414750152307,0.000162776410728149,0.00045063030856933,0.00029061626769853,0.000309115750900837,0.000112169862631731,0.000413467851099663,0.00108536625085696,-3.51534227015266e-05,0.000259270201682788,0.000311790971264924,0.000299352956812549,0.000526811266681743,0.00118708872736284,0.000993003916449266,0.00364527492971447,0.00180534142204324,5.11653953365041e-05,0.00132884175662001,0.00029387421018402,0.000390112085763903,0.000596413076704159,0.000481165396144464,0.000749518799310242,-5.98503126432928e-05,-0.000180552059436341,0.000269387313937553,0.000735898275667394,0.000775148684309276,0.000874557125649113,0.000477836537143647,0.000566182974004276,0.000369051013925411,0.000734504095959568,-0.000193794493674014,0.00117524236459807,0.000366597689339044,0.00208032858934405,0.00200616591382883,0.00145921143579776,0.00335478716149325,0.00122600947469215,0.00482140032785248,0.00453766478969525,0.0208632529882047,0.0247093837314212
"787.081",-0.000195254367911919,0.00106269140150847,0.000703179311119816,-2.68406027948432e-05,4.66967871802074e-05,-0.000224553122111346,1.62887431874285e-05,-0.000135143047885762,0.000238854078112621,0.000647400085327258,5.14678918533902e-05,0.000573654705955052,7.66237067378228e-05,0.00122390474661692,0.000169665116117312,0.000467506671400945,0.000215509116725172,0.00041307775488098,0.000146112367186369,0.000850076522379541,0.000792342167338508,0.00188142715444068,0.00252965185317482,0.000498014484332524,-0.000590234364267719,0.00011477203533775,0.000314382470053368,0.000813689645767021,0.000649901399453033,-0.000197721424956133,-0.000451947396693283,0.000816999305678889,0.000812841257417984,-0.000289196957102297,-0.000169368548717715,-0.000205849842032625,0.000333215647751991,0.000199388074015602,0.000339020256897421,0.00024100304288928,-0.000239091972964782,0.000158908644155016,-0.000329049114758681,0.00112980324172666,0.000175510185099805,0.00115215894060228,0.00191486003565453,-0.000349626207430482,0.00176254371823175,-0.00556299136794757,0.00328792487996712,-0.0110811367638024,-0.0133325265433553
"791.838",-0.000585367770489773,-0.000886951764091318,-1.42015804618264e-05,-0.000876235085402471,-0.000489271827602543,-0.000160232711625221,-0.000201768983924807,-2.12751271762531e-05,-0.000119284052382957,0.000175548340171234,0.000133575293248834,-0.000707334442619168,-0.000843889852072164,-0.000386684900717886,0.00032682529637629,-0.000131930629099943,-0.000519206596969068,0.000252771020829627,-0.000935496904235209,-0.000200762738870333,-0.000121594167192275,0.00218108743603774,0.000229652149653207,-0.000469776790339882,-9.16926891600492e-05,-0.000611504001674032,0.000100421776346173,-0.000375145468494733,-0.000162348798594779,-0.000456583666476877,-0.000731940539588741,-0.000353831517159983,0.000529215684235452,0.000514998055631114,-3.90449527257025e-05,0.000205665903288113,-7.21579252397769e-05,9.20421526449739e-05,9.68938327275558e-05,-0.000981074046435479,-0.000404461233713101,9.88784940202775e-05,0.000372900704068098,-0.00228266625081808,-0.00105268607511144,-0.00129076818782648,-0.000457335658689171,-0.000897860110794313,-0.0019509892174434,-0.000607634497369744,-0.000823110675641025,-0.00773836700974662,0.0317345115075902
"796.596",-0.000451845818557217,-0.00156663297653723,-5.84999182079038e-05,-0.000768965652427981,-0.00106796998792888,-0.000391715128686949,0.000279529365515149,-0.000361658717123507,-3.24908863147586e-05,-0.000301248165356034,-0.00076428778269793,-0.000471939636085793,0.00031276663700405,0.000317743332081552,7.38940676025931e-05,0.000134352855613265,-0.000683662686579642,9.49227347786194e-05,-0.000104278572812999,-0.000707805426212083,0.00105510291909771,0.00255790912973201,-0.000115768847012382,-0.000436330619827335,-0.000400507165637995,-6.47786235315955e-05,-0.000601576846908582,-0.000318501116416941,0.000343378592867617,-0.000502789947874961,-0.000173799291901046,8.67217731349331e-05,0.000526624383314504,-0.000243109340035552,-0.000318208561674401,-0.000893854809966228,-0.000442216864006156,-4.69163961938903e-05,-0.000410849317050351,-0.00110452915986318,-0.000149706603310771,-0.000505612938273989,-0.000826623229823028,-0.000664260195311637,-0.000327529666464944,-0.00198980574780045,-0.000465975102176245,-0.00193088266832594,-0.000897074932950168,0.000972811761479193,-0.00153537331721004,-0.000783727968962724,-0.0128989821516872
"801.355",0.000826800452202138,-0.000487131752125835,0.00046641441208943,-0.00047389247134032,2.05228267386828e-05,3.7612625695148e-05,7.32459379031928e-06,0.000143573509002227,-1.40026183755499e-05,0.000219526687618855,0.000325394951172491,-1.08819794739796e-05,2.23870052410544e-05,-0.000131577825124898,7.46094932322022e-05,-0.000200214663223179,-0.000233839011428661,-0.000152364036049458,-0.000334318283444715,0.000203578206476324,0.00172790662616375,0.000593154555742589,-0.000476417971823281,0.00014582902624935,-0.000334121741750916,-6.72886858435718e-05,0.000353499070697277,0.000571875713872349,0.000164689216658481,0.000423052980637947,0.000204272447947801,-2.14105129995727e-05,0.000454399972673309,1.10460609670363e-05,0.000251805840362434,6.55283619480996e-08,0.000254565580992861,-0.000282776900297093,-0.000624320505793226,-0.000363492378919979,3.23565696444827e-05,0.000611229410107651,-5.81852165738841e-05,0.000529322943874711,0.000102731124423523,-0.000368372203995294,0.000986118930898695,0.000175081970175238,0.000331471384551314,-0.00221582556252458,-0.00228739787883946,0.0113178830528945,-0.0161754535794641
"806.114",-0.000452272686578829,-0.000528884008035379,-0.000378029974209221,0.000272580545011236,-0.000532660508451992,-0.000178524618360595,7.815360948425e-05,8.11170151377136e-05,0.00013975226376086,-0.000195047360887267,0.000524180057515603,-0.000182280151457441,0.000685885585556022,-0.000186480472017417,8.51383586383689e-05,0.000463386520023503,0.000155841551871541,-7.04353470638888e-05,-0.00101551674739662,0.000868735936443151,0.00224985367734737,0.000302849847315057,6.24608240109225e-09,-0.000704728931350542,0.000265046451489854,0.000145584480352407,-0.000276237648747693,0.000560893562228782,0.000658784762158279,-0.000130379222568796,-3.1998869784817e-05,-2.15580660168988e-05,-3.26355029423505e-05,0.000530200275032225,0.000492160475032894,-0.00055455963390835,0.000407277628927485,0.000525445437064888,-1.41557992627349e-05,-0.000317925687620052,-0.000565636703224191,0.00019206483587016,-3.89717162062869e-05,-0.000176550850927108,-0.000257096515317288,3.06296743314609e-05,0.00175443858767043,-0.000789864365490474,0.00165942991068557,0.000684662380297028,0.00324954675251376,-0.0090722020708901,0.00386675693862611
"810.875",-0.000514689072627406,-0.000849653157072453,-0.000453599833952618,-0.000367339308912387,-0.000358504480605395,-0.000168901028782312,0.000213050821592809,-0.000125006934399714,-0.00016097319287838,-8.95078701078019e-05,-0.00029838095032404,-0.00022544406330943,4.44917946007966e-05,-0.000120593836527735,-0.000510701485618335,-0.000347859827126883,0.000578847170430564,0.00087807651705543,0.000128288163506536,0.0017373861962236,0.00108494590367422,0.000189269269021553,0.000100437742273157,-0.0002794360322771,8.07597311862027e-05,-0.000459505106994028,-0.000530364521084221,3.31240714058759e-05,0.000395224364754373,-3.37445589933868e-07,-1.04996350717543e-05,3.19277583966359e-05,-0.000249022890685037,0.000176709015585602,-0.000228907913105289,8.45185390164799e-05,0.000560031677879174,-0.000349956412449541,-0.000298099800984648,-9.11429344482829e-05,0.000629827502825933,-0.00019258289801892,0.000231270134523595,-0.000309057927660821,2.54785658694368e-05,0.00119594468935717,0.00032678587432877,-0.000921410287075948,-0.00177095094334451,-0.0014538200338092,-0.00602702633520803,0.0108625222900329,0.00830458428040041
"815.635",0.000296437866780362,2.84039083549864e-05,-0.000831801670215422,-0.000201222242843112,-3.07043011021267e-05,3.75855549568764e-05,0.000142018220658789,-0.000162427001815218,-9.09209695728248e-05,-0.000105763639193235,0.000126451529862788,-0.000236039250142736,-4.52101622986788e-05,0.000416969542015429,0.000117053392292453,-9.47277145483526e-05,-0.000712730186988098,0.00026929914732856,0.000166277067654714,0.000854768010145946,5.38154988991917e-05,-0.00063077506728257,-0.000376217580681365,-8.50513243994113e-05,-0.000748990936648874,-0.000212990140802493,0.000265156309414132,1.10413571352922e-05,-0.000131780621361412,-0.000314811630892389,1.0842268133404e-05,0.000117945832600372,-0.000238207583773802,-0.000463929234922766,0.000766856588711897,0.000144759667534076,0.00049639422022631,0.000377226904834874,-0.00090817919672761,0.000423324621971157,-4.86967062007917e-05,-0.000436818357630489,-0.000270114750453293,-0.00072818573773633,0.00123370858390179,0.00119617592109554,0.00219297214184203,0.000175289153204395,-0.00204714156020135,-0.00427827314372407,0.00192225836613706,-0.0208471749328853,0.00502379170632368
"820.397",-0.000171584059446173,-0.000334995965543392,-0.000882306433758497,-0.00133926011791103,-0.000512168343249818,-0.000300560687708626,-0.000454188947175085,7.49569333945641e-05,-0.000202817407488752,0.000154492677208159,-0.000379563277498871,0.000278883277895512,-0.000505942895983654,-0.000197507700847874,-0.000223479726543358,0.00010532771730248,-0.00048991645338925,-8.22888550313822e-05,0.000936612474615415,0.00115368584727687,-0.00029443210805978,-0.000252306429124811,-0.00011286870954973,-0.000243010412699983,-5.75627418842188e-05,-0.000873974780540496,-0.000342563057680397,-0.000340895296407099,-0.000614890855809018,-0.000282157005350154,-0.000482874450261893,-0.000364411860495208,-0.000357083877010326,-2.20832457794767e-05,-0.000286141211681023,0.000265201599423457,-0.000228976194677101,1.35168858338736e-05,-0.000454094616645424,6.03958021088469e-05,-0.000678774343524834,0.000174501940573436,-0.00129157146248595,-0.00052950093268428,-0.000359978114125559,-0.00104315676717438,-0.000220582094552598,-0.0010964922572512,0.000331696451812176,-0.00175551717648113,-0.00229113674439396,-0.00158338839258102,-0.0272708493761999
"825.159",-0.00092042082422759,-0.000626698210790188,-0.000390580149186672,-0.0009479194679096,-8.18569652114152e-05,-0.000488314436318404,-0.000191541632180005,-0.000137438818251155,-0.00020278894826853,-0.000146547938320596,-0.00067794062975549,-0.000665108265382736,0.000191017533242799,-0.00143714003431995,-0.000617134591775129,-0.000189797481674339,-0.000423258674509475,0.000104326639869418,0.000473202053904617,0.000149136642503426,-0.000455048873238918,-0.000567690107993008,-0.00086529137874766,-0.000437400182495306,-0.000656728479517158,-0.000616295044257526,-0.000132664658466994,-0.000395778729013365,-0.000560024318191362,-0.000325622881580782,-6.43019138182429e-05,-1.08647089539942e-05,-0.0001299461819708,-0.000154643078307588,-0.000457822861650902,8.45109780516365e-05,5.1105270851652e-05,-0.000632764460209474,-0.000468240379344919,-0.000605610490867725,-0.000840689615893305,-0.000751369020096342,-0.000347749510765579,-0.000551733769481209,-0.000540246623617155,-0.00187166778135667,-0.00142697874901984,-0.00346519664757124,-0.00398382819582151,-0.0029796627329562,-0.00457955431383917,-0.00794330991805112,-0.0373581500192504
