"","500","495","490","485","480","475","470","465","460","455","450","445","440","435","430","425","420","415","410","405","400","395","390","385","380","375","370","365","360","355","350","345","340","335","330","325","320","315","310","305","300","295","290","285","280","275","270","265","260","255","250","245","240"
"248.336",0,0,0,0,0,0,0,0,0,0,0,0,0,0,0,0,0,0,0,0,0,0,0,0,0,0,0,0,0,0,0,0,0,0,0,0,0,0,0,0,0,0,0,0,0,0,0,0,0,0,0,0,0
"252.814",0,0,0,0,0,0,0,0,0,0,0,0,0,0,0,0,0,0,0,0,0,0,0,0,0,0,0,0,0,0,0,0,0,0,0,0,0,0,0,0,0,0,0,0,0,0,0,0,0,0,0,0.103364204230595,-0.0317957184039033
"257.296",0,0,0,0,0,0,0,0,0,0,0,0,0,0,0,0,0,0,0,0,0,0,0,0,0,0,0,0,0,0,0,0,0,0,0,0,0,0,0,0,0,0,0,0,0,0,0,0,0,0,0.128796351787104,0.00639190292417369,-0.0184158903271413
"261.781",0,0,0,0,0,0,0,0,0,0,0,0,0,0,0,0,0,0,0,0,0,0,0,0,0,0,0,0,0,0,0,0,0,0,0,0,0,0,0,0,0,0,0,0,0,0,0,0,0,0.109097813806899,-0.000250698176703271,-0.0380827790691689,-0.0485072236044125
"266.271",0,0,0,0,0,0,0,0,0,0,0,0,0,0,0,0,0,0,0,0,0,0,0,0,0,0,0,0,0,0,0,0,0,0,0,0,0,0,0,0,0,0,0,0,0,0,0,0,0.108802888479814,0.0144008279121051,0.00584482674159195,0.00400968599773877,0.0299421561806533
"270.764",0,0,0,0,0,0,0,0,0,0,0,0,0,0,0,0,0,0,0,0,0,0,0,0,0,0,0,0,0,0,0,0,0,0,0,0,0,0,0,0,0,0,0,0,0,0,0,0.102673471903097,0.0226522976599609,-0.00189665927666368,-0.0099875081698611,-0.0120701674215448,0.00328069832131805
"275.26",0,0,0,0,0,0,0,0,0,0,0,0,0,0,0,0,0,0,0,0,0,0,0,0,0,0,0,0,0,0,0,0,0,0,0,0,0,0,0,0,0,0,0,0,0,0,0.109459462101931,0.0229223848124089,-0.00217859970713591,-0.00262064444873603,-0.00674933439145387,0.00336567400264148,-0.0338715274384113
"279.76",0,0,0,0,0,0,0,0,0,0,0,0,0,0,0,0,0,0,0,0,0,0,0,0,0,0,0,0,0,0,0,0,0,0,0,0,0,0,0,0,0,0,0,0,0,0.110894699657546,0.0256089717639298,0.00142945049422307,-0.000839162432414761,-0.0069332534471907,0.000851090029929613,-0.00273279938840057,-0.0543621755716353
"284.264",0,0,0,0,0,0,0,0,0,0,0,0,0,0,0,0,0,0,0,0,0,0,0,0,0,0,0,0,0,0,0,0,0,0,0,0,0,0,0,0,0,0,0,0,0,0.0343329154606636,0.00225791913323957,-0.000716836566046687,-0.00608052696871658,0.00337144234166104,0.00964043584528294,0.00988049607659898,5.30777204052401e-05
"288.772",0,0,0,0,0,0,0,0,0,0,0,0,0,0,0,0,0,0,0,0,0,0,0,0,0,0,0,0,0,0,0,0,0,0,0,0,0,0,0,0,0,0,0,0,0.0420149123034811,0.00296865284752978,0.00184507512993315,-0.00562714572272993,0.00443278882927423,0.00917729131043621,-0.00423368867125784,-0.00295012378672314,-0.0175333446789858
"293.283",0,0,0,0,0,0,0,0,0,0,0,0,0,0,0,0,0,0,0,0,0,0,0,0,0,0,0,0,0,0,0,0,0,0,0,0,0,0,0,0,0,0,0,0.0435923522461847,0.00327436089041511,0.00149419223402822,-0.00022405300902853,-0.00343173738561658,0.010941886829569,0.00771965008367946,0.0045946524909225,0.0235626813307878,0.024642675416985
"297.797",0,0,0,0,0,0,0,0,0,0,0,0,0,0,0,0,0,0,0,0,0,0,0,0,0,0,0,0,0,0,0,0,0,0,0,0,0,0,0,0,0,0,0.068806946295211,0.00215483776670605,0.0028071995764513,-0.000304896609071431,-0.00349034701607653,0.00990924324025283,0.00581434345296113,0.011082641263659,0.00835448015237738,0.00638696056526672,0.00759651358037449
"302.315",0,0,0,0,0,0,0,0,0,0,0,0,0,0,0,0,0,0,0,0,0,0,0,0,0,0,0,0,0,0,0,0,0,0,0,0,0,0,0,0,0,0.150342118119461,0.00262514802614755,0.0021416263138691,0.000878201527067288,-0.00702234577574162,-0.000122757774928928,0.00291289828775626,0.00155664340677115,0.00150666397860743,0.0068605539189069,0.000223838632667873,-0.00557348129245053
"306.837",0,0,0,0,0,0,0,0,0,0,0,0,0,0,0,0,0,0,0,0,0,0,0,0,0,0,0,0,0,0,0,0,0,0,0,0,0,0,0,0,0.217899613381458,0.00466450417361761,0.000749733013661234,0.000906378490590266,-0.00212761235541989,-0.00170360407917092,0.0047047950524141,0.00503029098389272,0.00426287431447512,0.00584164972302969,0.0104165972613802,0.0080391818136648,-0.00106095388386645
"311.362",0,0,0,0,0,0,0,0,0,0,0,0,0,0,0,0,0,0,0,0,0,0,0,0,0,0,0,0,0,0,0,0,0,0,0,0,0,0,0,0.198565908812017,0.00967639023573084,0.00161164254651551,0.00119839186768206,-0.00190192439124683,-0.00110489082094867,0.00488914926118419,0.0016972070350121,-7.71310665880721e-05,-0.00112046559673107,0.00461207094326228,0.000383239164181171,-0.00959055735626917,-0.00543465020530658
"315.89",0,0,0,0,0,0,0,0,0,0,0,0,0,0,0,0,0,0,0,0,0,0,0,0,0,0,0,0,0,0,0,0,0,0,0,0,0,0,0.124584843908468,0.0115079731143234,0.000604123767082475,-0.000946730453063545,0.000119578698541893,-0.00378493338924324,0.00648487123186051,0.00159058077397209,0.00301232401389235,0.00182104630487424,0.00327990673856448,0.00371558429181405,-0.00615773275218697,0.00490166436568623,-0.0120836399417423
"320.422",0,0,0,0,0,0,0,0,0,0,0,0,0,0,0,0,0,0,0,0,0,0,0,0,0,0,0,0,0,0,0,0,0,0,0,0,0,0.0128963540810593,0.0109020046806225,0.00065540189752027,0.00140070498980759,0.000963144150138793,-0.00341691035563468,0.00552389508208379,0.0077075807234473,0.00638435749485368,0.00487335698601293,0.004048201955286,0.00638585880449085,0.000538321936834609,0.00125862669143788,-0.0122742288320658,-0.0104847860613074
"324.958",0,0,0,0,0,0,0,0,0,0,0,0,0,0,0,0,0,0,0,0,0,0,0,0,0,0,0,0,0,0,0,0,0,0,0,0,0.011905650050683,0.013391856020712,0.00180631494483515,0.00244376785644007,0.00210963758245036,0.000623453961102471,0.00504504603042574,0.010504133708148,0.0103260029508274,0.00987634148661073,0.0113445278421349,0.00836863215738557,0.00778561492990132,0.00716176256803393,0.00757975099716869,0.00967141421884147,0.0171847351529489
"329.496",0,0,0,0,0,0,0,0,0,0,0,0,0,0,0,0,0,0,0,0,0,0,0,0,0,0,0,0,0,0,0,0,0,0,0,0.0125225862762001,0.0169333180088086,0.00131120441232435,0.00149979666720224,0.00345696061190249,0.00121880788166383,0.00393309004157674,0.0117889400844107,0.0114508670473089,0.0119877390434703,0.0116911013197168,0.0119397498126026,0.00991275103339131,0.0102674398032128,0.010647145269762,0.0139333400416137,0.0201484730027466,0.0375816677630911
"334.038",0,0,0,0,0,0,0,0,0,0,0,0,0,0,0,0,0,0,0,0,0,0,0,0,0,0,0,0,0,0,0,0,0,0,0.0112674243835076,0.021858867339666,0.00126795594520211,0.00217391618083926,0.00172106193539296,0.00224681153904028,0.000547281524874543,0.00842208952986898,0.00880801938226667,0.0110027238339548,0.0123878502669193,0.0122805814637812,0.0139470283813938,0.00933167871628719,0.0133115061155929,0.0105620927974559,0.00282252401359407,0.0141471417077803,0.0177991949326094
"338.584",0,0,0,0,0,0,0,0,0,0,0,0,0,0,0,0,0,0,0,0,0,0,0,0,0,0,0,0,0,0,0,0,0,0.012050427284477,0.0365397384095715,0.00084362519598984,0.00301683508119357,0.00264698626483712,0.00373925313383948,0.000360849894670251,0.00474685342937009,0.0096449765413717,0.0104065049519413,0.0140694005344689,0.0131813748023539,0.0146652245772417,0.0146132096335163,0.0139078640813577,0.0129013494488684,0.0090330195683121,0.0101122232660637,0.0169370730962208,0.0319918329490834
"343.133",0,0,0,0,0,0,0,0,0,0,0,0,0,0,0,0,0,0,0,0,0,0,0,0,0,0,0,0,0,0,0,0,0.0116501822643397,0.0541641387631482,0.00129906087396138,0.00112473328791456,0.00149287852787844,0.00182477437087405,-0.000931100243831653,0.00197072326773842,0.00711731911833247,0.00732450006366174,0.00915773548950076,0.0100852301552941,0.0115612224492828,0.00995709646704547,0.0106629249581515,0.00846587877926304,0.00780669416372869,0.00614603165755513,0.0090971263510192,0.00235013846806314,-0.00710992394694963
"347.685",0,0,0,0,0,0,0,0,0,0,0,0,0,0,0,0,0,0,0,0,0,0,0,0,0,0,0,0,0,0,0,0,0.0534012004916441,0.00259415412256739,0.00134948584497781,0.00195993102171589,0.00354868885638781,0.0018453935867188,0.00268004870583083,0.00697970696166746,0.00702231508787199,0.00806651696420018,0.00940802344159303,0.0122835917996917,0.010946362972443,0.0136801117480404,0.0116017440331268,0.0145327409285746,0.0134916882903666,0.0115413064226876,0.0200878181011552,0.024542883779992,0.0614790291828613
"352.24",0,0,0,0,0,0,0,0,0,0,0,0,0,0,0,0,0,0,0,0,0,0,0,0,0,0,0,0,0,0,0,0.0518064998164668,0.00173281980437283,0.00103773854380421,0.00179850009354739,0.00116477807446653,2.36980803216408e-05,-0.000520610703518748,0.00488418664345952,0.00558135909054547,0.00586236662058636,0.00686473229535854,0.00664583089192763,0.00888548263662321,0.00912988847646239,0.0119379702713126,0.0106776942740483,0.00862876033948225,0.00815696901615546,0.00634573192581969,0.0089950585419126,0.00933026955609716,0.0181577249620248
"356.799",0,0,0,0,0,0,0,0,0,0,0,0,0,0,0,0,0,0,0,0,0,0,0,0,0,0,0,0,0,0,0.0574634826010043,0.00313170861756227,0.000681896779993876,-3.51244500804565e-05,4.24179486104041e-05,0.00140258878511522,-0.000365625378802331,0.00277010371247033,0.00634605585376845,0.00502727689161462,0.00550636237493283,0.00715665995523843,0.00665645015022272,0.00795866219411698,0.00917078402405271,0.0102799799238356,0.00926121661581162,0.00719962245942903,0.00562887204745624,0.00745565619892239,0.0155348151205308,0.0142724432615608,0.0583580368603957
"361.361",0,0,0,0,0,0,0,0,0,0,0,0,0,0,0,0,0,0,0,0,0,0,0,0,0,0,0,0,0,0.0779557836224701,0.00482864808892777,0.000392005876008877,0.000452733315567709,0.000792035736690393,0.000233193025950218,-0.000512285964431765,0.00148424932189406,0.00452379947176865,0.00261343272357251,0.00346162364072016,0.00542610056066841,0.00500617295153668,0.00533982827094334,0.00726360807767462,0.00852187310347031,0.00819740308381531,0.00672839902624883,0.0069553338313854,0.00604083776334278,0.00463727744961009,0.0112459766027548,0.00462798329442596,0.025326790289429
"365.926",0,0,0,0,0,0,0,0,0,0,0,0,0,0,0,0,0,0,0,0,0,0,0,0,0,0,0,0,0.0892749041205478,0.00426580586163617,-0.000924067241699914,-0.00066471730539969,-0.00022293648702351,-0.00084672344661192,-0.000611107919041599,-0.000548511247137048,0.00291582945220227,0.00170024701325334,0.00148981141119904,0.00302158917898393,0.00349510352231208,0.00309082989762818,0.0029418233580994,0.00476066395022235,0.00432413323856926,0.00241820128083545,0.00356221186803893,0.00433360603260272,9.15187630377273e-05,-0.00335093449859135,0.00316963028490056,-0.00806330745129813,0.0214935950017278
"370.495",0,0,0,0,0,0,0,0,0,0,0,0,0,0,0,0,0,0,0,0,0,0,0,0,0,0,0,0.0874514008129267,0.00762248083488736,-0.000189264253468427,1.15658806752366e-05,-0.000441484156788173,-0.000669367411235545,0.00046333394291043,-0.00190916226526711,0.00167906100424281,0.00190170452593799,0.000886652777867951,0.0018803767955416,0.00272915752871854,0.00355251242683127,0.00372329815419633,0.00405946781919035,0.00391234770475884,0.00377686251579927,0.00367908736230929,0.00386180963028978,0.00373604156133571,0.00556735538382598,0.00284487170656981,0.00677561004089236,0.000484520359188485,0.0390353923913282
"375.067",0,0,0,0,0,0,0,0,0,0,0,0,0,0,0,0,0,0,0,0,0,0,0,0,0,0,0.0756271671725113,0.0109559671593819,0.000227969474584277,-8.14111948023392e-05,0.000161733416406297,0.000400515733623345,-0.000308322536437662,-0.00107069850477937,0.00156855960339763,0.00223569788916047,0.00126753731389893,0.00273880409070672,0.00294978695719925,0.00372476709752112,0.00261148303558786,0.0039061646079172,0.00393991491228755,0.00481626355641486,0.00461810863916026,0.00371522442753896,0.00485485786533288,0.00160790918608424,0.0029503719162795,0.00346826102760666,0.00414981770886343,0.0082116520612673,0.0247426725131741
"379.641",0,0,0,0,0,0,0,0,0,0,0,0,0,0,0,0,0,0,0,0,0,0,0,0,0,0.0250191850917186,0.0116973160855732,2.70075226639485e-05,-0.000753219237467205,-0.000575355145907665,-0.000699322407649429,-0.000870519012188851,-0.000421959815082924,-0.00137674877316941,0.00277260726101175,0.00113082475752575,0.000285875749871837,0.00057433227684552,0.00148836569814759,0.00170057824215195,0.00290214980184804,0.00282097141175787,0.00231155630172241,0.00202746499667509,0.00252877626215007,0.00333339924596359,0.00123853966902491,1.87937518185623e-05,0.00336195365276325,0.0006845737172007,0.00200470222667425,-0.00442061068767267,-0.0404510297781047
"384.219",0,0,0,0,0,0,0,0,0,0,0,0,0,0,0,0,0,0,0,0,0,0,0,0,0.0100920031767032,0.0194771597917853,0.000386159128529571,0.000404289239538057,4.03035993538896e-05,0.000763763087963327,0.00070316131717155,-2.13348856002195e-05,-0.00124408785258193,0.00133269596869948,0.00174163312905636,0.00097332168297227,0.000972615442474556,0.00147141094934543,0.00199367480260626,0.00319175141535903,0.00390997065313077,0.00288585604803659,0.00406733863063584,0.00502596459091416,0.0045869175786372,0.00130979486937962,0.00240210404035406,0.00464646898327622,0.00339195303475329,0.00247390852028766,0.0106329538300263,0.00600290007914226,0.0168781695754756
"388.801",0,0,0,0,0,0,0,0,0,0,0,0,0,0,0,0,0,0,0,0,0,0,0,0.0110476885188989,0.0293880618338749,0.00025490881989431,0.000269883094620136,0.000569332043724125,0.000387095573626181,6.33040542352414e-05,0.000276920625424779,-0.00130005066501652,0.00174255101324074,0.00152896430732054,0.00105713972696051,0.000685433817314346,0.00167160191377938,0.00122150956794264,0.0023096039340926,0.00310945472918921,0.0029887019225958,0.00330952644724187,0.00316492498207448,0.00321428709571479,0.0025026226187289,0.00296366922402604,0.00476559301726243,0.00313122366455954,0.00447881866178055,0.0117810670527483,0.0105142147476804,0.0165162457671021,0.0397744159922605
"393.385",0,0,0,0,0,0,0,0,0,0,0,0,0,0,0,0,0,0,0,0,0,0,0.00952131739508844,0.0360087207328162,-0.000282071331042226,0.000493821384591238,0.00046942897964549,-0.000180438956649474,0.000661424550176074,-4.9960964676703e-05,-0.00131158355918848,-0.000656096771886147,0.0012804711023045,4.38556457732818e-05,0.000996643857093255,0.000707719380202283,0.00102396050680971,0.00120270448718062,0.00134526739965673,0.0019049516716321,0.00179628842850961,0.00206351101069689,0.00271987051690837,0.00149243363040905,0.00289714532591207,0.000390593050479638,0.00131761956897257,0.00266695919837465,0.00198935084847558,0.00505256538113801,0.0045781356595732,0.0138819129117336,0.015510347904753
"397.972",0,0,0,0,0,0,0,0,0,0,0,0,0,0,0,0,0,0,0,0,0,0.00942862513700415,0.0328517171516934,0.000680456796663165,0.000707106904473488,0.000400681271556009,0.000822396282990922,-0.000187027244965619,0.000699655771369503,2.27989901666441e-05,0.000556069440870027,0.00156501257730202,0.000545875294470854,0.00108877559049684,0.0012165552636216,0.00128619994426772,0.00118273381730604,0.000651751280048748,0.00189914780916581,0.00126229191705496,0.00329413069986143,0.00209596606238315,0.00173224516044878,0.00345292263284589,0.00320310826713092,0.00212450954675802,0.00242660440116046,0.0014377762151881,0.00211638364074695,0.00472156346617746,0.00223088014200435,0.0330771923381986,0.0302199505851476
"402.562",0,0,0,0,0,0,0,0,0,0,0,0,0,0,0,0,0,0,0,0,0.00992290015412156,0.0303737181077235,0.000426374802401981,-0.000210423193166786,-8.53756890331495e-05,0.000522885501468285,0.000479560094924585,0.000196537905204879,-0.000386703589931131,-0.00129839351016237,6.40853496258753e-05,0.000477432693835692,0.000335070865875645,0.000149229047921492,0.000682338920885155,0.000471836888566657,0.000408106217718069,0.00148684904614536,0.00176937269284531,0.00115467344814581,0.00217318768662103,0.0017011110800496,0.00258319289102744,0.00204200963208782,0.00172790792158106,0.00271076126554689,0.00401246297295879,0.000769533931100028,0.000801249427291464,9.73042716286895e-05,-0.00201062085161848,0.00834790438849089,0.0185321616540374
"407.156",0,0,0,0,0,0,0,0,0,0,0,0,0,0,0,0,0,0,0,0.00965611571122815,0.0403352040713985,0.00131432468588761,-4.48802544923818e-06,0.000567203778546836,0.00091037488187201,2.10513096196708e-05,0.000368870423720252,0.000175206773642096,-0.00085717003488614,-0.000465437346177808,0.000849915848300426,0.000690546594957455,0.00053333881764354,0.000610801460621348,0.000490052771713203,0.000469051868147879,7.85595149991862e-05,0.00136766147233742,0.00171151505692237,0.00212898176916562,0.00220218856162055,0.00216206276663552,0.00280409593861636,0.00165666049826814,0.000792010923822074,0.0029352259063496,-0.000143950156130391,0.00325765299686909,0.0046564429369941,0.00743987801868333,0.00568052137167853,-0.00137990102987704,0.0543193139811407
"411.752",0,0,0,0,0,0,0,0,0,0,0,0,0,0,0,0,0,0,0.00797870430301995,0.0483149564970946,0.00150970629784707,-0.000354550998288971,-0.000357472950285922,0.000768977059266993,0.000298056101430212,-0.00101535270758062,6.9595727658983e-05,-0.000247899298019671,-0.000339648876281039,0.000565288696486053,0.000883954447720876,5.54129725327159e-05,-6.91797347027604e-05,0.000331572515161706,0.000434632390099934,0.000339310949313024,0.00126115231907843,0.000984646386842301,0.000967174563318148,0.00203670140876446,0.000824124928157016,0.00126115405265961,0.000889880249351501,0.00205244691393202,0.00160689609330378,0.000852473118593946,0.00105966950386796,0.000279419446255568,0.0029722345958088,0.0034126193657911,2.27587226137096e-05,0.0100804260990196,-0.00297846674114165
"416.352",0,0,0,0,0,0,0,0,0,0,0,0,0,0,0,0,0,0,0.0583273791761375,0.00251860511438686,0.00116955371450713,2.93030620689659e-05,8.76751065102387e-06,0.00073536680282843,0.000344510130988529,0.000946156276613818,0.000538930930507501,-0.000287270096514615,0.000537036373288939,0.000950298567960537,0.000805203037816468,0.000195432867577814,0.000180384959188546,0.00106568706306127,0.00098185470325207,0.000927113587310076,0.00118182472230284,0.000664189198449188,0.000989754784176931,0.00157297232053385,0.00114122971991954,0.00203240014210813,0.0022316193337996,0.00214081156415012,0.000427529306643561,0.00213119331646687,0.00311794544394012,0.0033032583715225,0.00239513444784091,0.00453925276674381,0.00713793658681985,0.0265211662431264,0.0214115435074934
"420.954",0,0,0,0,0,0,0,0,0,0,0,0,0,0,0,0,0,0.0540907670511059,0.00435801631952999,0.000560602986810185,0.000222497491891082,-6.72088503627147e-05,8.61700412483437e-05,0.000395143693079876,-0.0002476025460526,0.000291153841047764,-0.00131423617091841,-0.000255912998134787,0.000211091448316204,3.5715534551662e-05,-0.000440127641550236,-0.000155346533039202,0.000431265154243663,0.000464201088382782,0.000771214887269968,0.000534612477643957,0.000340022281850557,0.000940569322808981,0.000288561587494457,0.000484320127482465,0.00087553811697353,0.00126958149689863,0.0011106681519721,0.00151445830846407,0.001743373700046,0.000237219697599369,0.0012289426675375,0.000338325376486015,0.000623399348057591,0.00290737121916202,0.00251335395389585,0.000934565607111745,-0.0106016763080398
"425.56",0,0,0,0,0,0,0,0,0,0,0,0,0,0,0,0,0.0468319933510118,0.00534992194966342,0.000615466013573226,9.81935394988821e-05,1.58288999096041e-05,0.000841704789533507,0.000161273283939993,-0.00014003002581698,0.000627372249230236,-0.000483883685356255,-9.82792381954908e-05,0.000757181124001395,0.000133618560429329,0.000189791427306911,0.000262060808984856,0.000710435147170898,0.000206695404725761,4.14539667424197e-05,0.000750917951760105,0.000181164692523883,0.000435947357351314,0.00114752971555554,0.000995298125991772,0.000630997013055253,0.0012938274879558,0.00129591105348692,0.00102649918861093,0.00252257353455311,0.000988018710337313,0.00175189779593961,0.00250370945962895,0.00153216797417476,0.0023307888314023,0.00332798642629719,-0.00476574750171331,0.00531863268996761,0
"430.168",0,0,0,0,0,0,0,0,0,0,0,0,0,0,0,0.0804141968602669,0.00524040907219423,0.000394586184799803,0.000495847074181645,0.000739072854004919,0.000316757469705124,-4.60530792106969e-06,5.18353513545471e-05,0.000376902789826415,-0.00072702852263266,-0.000261383468416136,0.000594564560465312,-0.000232039796214443,0.000772950862304087,0.000641937950307104,0.000620005889380566,-3.06219118550663e-05,0.000406164323127008,-9.99584460580309e-05,0.000562147211395814,0.000597187398205876,0.00106956053672311,0.000821825886622814,0.000557346405373682,0.0010498789481508,0.000985646188613778,0.00114115874909157,0.00146516109794643,0.00110809815122334,0.00166884131871554,0.00217914886147676,0.0016938604593454,0.000995456641422379,0.0038497521941614,0.00599801108236653,0.00424636965758294,-0.00917584747603209,0.0113733090360471
"434.779",0,0,0,0,0,0,0,0,0,0,0,0,0,0,0.166784057026242,0.00697141083817142,0.00106023845626569,0.000374046650255128,0.000685070309872053,-0.000248163113669709,0.000738225226359087,0.000315708161636112,0.000547180069393275,-0.000378800406731424,-0.000697232587811757,0.00102682430248824,0.000597968287328896,0.000251697974987091,0.000557904108398983,0.000112642686435451,0.000557637982336928,-3.16727939930084e-05,-9.04115910031747e-05,0.000323009401995229,2.56361408203224e-05,0.000710909510181004,-0.000110989257280123,0.000453152046899918,0.00124546671311282,0.0015387235566701,0.00100390351944845,0.00129880536028799,0.00105402932602541,0.00159697569009441,0.00173857998603001,0.000859021845943563,0.00116825226658752,0.00289727515175164,0.00308623189589678,0.000562718286943008,0.00335348948135957,0.00251257525726088,0.013968662715512
"439.393",0,0,0,0,0,0,0,0,0,0,0,0,0,0.139329046638087,0.0126301051309647,0.00011060646289959,0.000547267834019266,0.000424209308596705,0.000159360578621266,0.000224729261094949,-2.43545510741645e-06,0.000537438973345569,-7.37617881070456e-05,5.00251983385977e-05,1.09157833940582e-06,0.000138955739652655,0.000232282465477221,-0.00017519724579882,0.000102394255389022,-0.000209755367500042,0.000187139321920631,-9.81605808176662e-05,-4.68231198218074e-05,0.000488634346179054,0.000115322796744704,2.87420785095629e-05,0.000206574861434485,0.00135868434065123,0.000794103997174001,0.00108045835513109,0.000995944825491591,0.000677832382355015,0.00188010027519845,0.0016057419465925,0.000947794640120045,0.00139797134563604,0.000662658872681825,0.00293964838643611,0.00195065373615321,0.001039958578948,0.00457231635056871,0.00517024673965868,-0.0116510243985363
"444.01",0,0,0,0,0,0,0,0,0,0,0,0,0.0563348367730256,0.0130778142488256,0.000630362910784841,0.000112086922122893,0.000187249192261749,0.000452513078335869,0.000508179732677348,7.44739134919251e-05,0.000181745969779591,0.000565781534407102,-0.00085420827402849,-0.00112528848463707,0.000261213680192086,0.00091345161681826,-0.00043835266189886,0.000595181376570608,-2.33919760998529e-05,0.000158735090985277,0.000398864574098095,-7.47237995193716e-05,0.000487740105367483,0.000311324075763108,0.000306099889029237,0.000208172686047598,0.000283358893515085,0.000238695345158741,0.000216711915826107,0.000798654979010895,0.000530050967293583,0.00100011028741955,0.00127713891233751,0.00207165114324689,0.00132382104894396,0.00062391114399394,0.001358288431275,-9.79830794162111e-05,0.00276717066469492,0.00138134127073528,0.00103880568005987,0.00898987673168215,0.0164032239327614
"448.63",0,0,0,0,0,0,0,0,0,0,0,0.0498894279070195,0.0109142852504215,0.000568368100120448,0.000537607724784267,-5.96023310536513e-05,-0.000458687109414792,4.81282593345052e-05,-9.52784977697266e-05,0.000266494559372084,-0.000625057418875153,-0.000673292490921452,-0.00107938183367062,0.000233139488540306,0.000503881290810597,8.39759458782035e-05,-0.000380339522505829,-0.000563655761562574,3.03113982933134e-05,0.000153946263693328,0.000315856564757161,-5.50284540346893e-05,-0.0002335964947754,0.000274238570705137,-0.000113354761489042,8.69269205254925e-05,-0.000214933785797198,5.87764581469496e-05,0.000113031234729475,0.000844322550760721,0.000592129012805905,0.000918999094543483,0.000228577737815896,0.000333136041084732,0.000416545011310468,-0.000614348355669307,0.00228367469589205,0.000105684459456168,0.000264130256043219,0.000352177191630371,0.00138553058409166,-0.00449857098895138,-0.0104578167261383
"453.253",0,0,0,0,0,0,0,0,0,0,0.0466508982907344,0.016722987575506,-0.000125912288860392,-6.30152802996594e-05,0.00028766510871262,0.000226389650903351,-0.00035387116584181,-0.000291481091772939,9.67845606408134e-05,1.96702798836127e-06,-0.000181319588249863,-0.00110791001528952,2.73503988255444e-05,0.000282185580447399,0.000187464355299469,-0.000130233543081302,0.000383758155889225,-0.000225007963481678,0.000127748539979566,0.000599350399546993,-0.000209584457595192,0.000361529182714147,1.550773550403e-06,6.11072533266557e-05,0.000456271010817978,-0.00028156970825786,-7.49224645378563e-05,0.000242449884065141,9.28930788245895e-05,0.000248211420090085,0.000456353162115858,-0.000194187925975671,0.00100113644208118,0.000400106300433996,0.00120591097199915,0.000262997127537154,0.00141113206879838,-0.000221108878105168,-0.000516497899282179,0.00215338439229352,0.00146074545419162,-0.00667059628148912,-0.00629045741659158
"457.878",0,0,0,0,0,0,0,0,0,0.0335629679812011,0.0166341640722735,0.000619824240543881,0.000438116408659137,0.000349646267204829,8.37578135866116e-05,0.000600580043563625,0.000323658215882797,8.09361033890065e-05,-0.000161414263983819,4.5701366687417e-05,-0.000306225481063196,-0.000942553352526139,0.000712191917596722,-6.55471646254509e-05,-0.000586992783602188,-0.000287655982976377,0.000206115252007322,3.6910888117514e-05,0.000145072027910552,0.000528336148269708,-6.87004227105625e-05,0.000199416318290505,0.00011147085825982,0.000336186772186448,-2.76679506687546e-05,0.000489127680627485,0.000235980436359304,0.000852122125279827,0.0007128077197576,0.00521408140472425,0.00134794407802014,0.0012191753716498,0.000634731975677237,0.000883920647568909,0.000607654799173803,0.00174718452674227,0.00198605634556682,-0.000384308736020119,0.00265613379117929,0.000656897051350395,-0.00171033932431095,0.00491244730878149,0.00317686070208132
"462.506",0,0,0,0,0,0,0,0,0.00297901594400518,0.0189802831767724,0.00078371047546836,-0.00019511415230616,0.000192914829871611,0.000383021937177546,-0.000183328018146826,1.96879348559793e-05,-0.000222975869208537,-0.000374453023320948,-0.000322596279023415,-0.000415451290529506,-0.000949077250113634,3.04379987509928e-05,0.000101677724192384,8.8400845560922e-05,-0.000226054298700493,0.000316192429701771,0.000294210064595608,-0.000379626877125542,-0.000551079978045208,-0.000235566647172985,-6.676198091986e-05,0.000218377771324341,9.45914683783849e-05,8.00833795115497e-05,-1.65575411029362e-06,0.00019609000627117,-9.86118476555218e-05,0.000247812934868989,0.000471306545685994,0.00317790510091053,0.000119336053487977,0.00102017981791116,0.00154610870689417,0.00083931280610709,-0.000693015028584284,-0.000316885902768942,0.000484928466212019,-0.000399571781819181,0.00100955605110483,0.00156389693533109,-0.00142025586182766,-0.00235189591007035,-0.0123789992392574
"467.137",0,0,0,0,0,0,0,0.0026192682060428,0.0307033841008673,0.000307938060230194,-0.0001749223640488,-0.000990694328470922,-0.000594102952408005,-0.000392066468457869,-0.000602713663912581,0.000178391357682394,-0.000547710851635009,-0.000756932698583955,-0.000544133743088236,-0.00121641083113112,8.49357688758635e-05,-0.000217321563762524,-0.000567499752461833,-0.000674135858993562,-0.000261965146128775,-0.000263248976202628,-0.00012762777386201,-0.000448385075549884,-0.000762504707358231,-0.000481673837577124,-0.000293386502628097,-0.000524060433574196,5.10743740981202e-05,-0.000699005198994845,-5.14627299801949e-06,3.6756938703957e-05,-0.000482745096166545,-0.000796364968091356,1.18343867414626e-05,-0.000421668901179582,-0.000295087100658584,-0.000204272526441656,-0.000162436031761848,-0.000150865808048936,-2.59259982867711e-05,-0.000808837728900845,-0.00164223340282186,-0.000150073480580102,-0.00215125220245621,-0.00121512742695503,-0.00583051425802398,-0.00298530028969855,-0.0308021581358035
"471.771",0,0,0,0,0,0,0.0130939820441618,0.0249948587383335,0.00103296433436416,-7.58218792294455e-05,0.000190890876005241,-0.000227005207524274,-0.000364265500698077,9.3027154692717e-05,8.81019631406419e-05,0.000149138124886687,-7.48006881726587e-05,-0.00040007841686874,-0.000806821554332057,-0.000572631880895489,0.000738743995689031,-0.000250317681849674,-0.000525533475400024,0.000555581870955147,7.13673728483506e-05,-2.52402207814827e-05,-0.000243408588962619,0.000105758985868363,0.000291555863572324,-2.74790368899157e-05,-0.000188848056350546,0.000212536633415231,9.2404930356057e-05,8.96855333548439e-06,0.000221459007269463,0.000196275921609732,0.000453086494616643,0.000481728298777267,0.000472090167487074,9.5569511514017e-05,0.0011158653244591,0.000499398726530378,0.000991222475815853,0.000512409856015156,0.00103286850229428,0.0011611008868501,0.00026351901326815,0.00239302639871891,0.00034638819811091,0.000517341493057936,-0.000248340305858904,-0.00197508783494783,-0.00127928294736184
"476.407",0,0,0,0,0,0.0452391203492256,0.0224654963934231,0.00100865277434768,0.000174620826220366,0.00022224171516036,0.00012357343468485,-9.70503330364359e-05,0.000213895159112295,-0.000242437762118865,0.000258549262881304,-0.000151623005548988,0.000295962714834142,-0.000124560335956965,6.88931236347487e-05,0.000359518555178309,0.000237986863325111,0.000135147060118606,0.000411857096323081,0.000227895128297134,6.77414750316662e-05,7.95412765952917e-05,0.000678362986398466,-0.000130665775971575,0.000379693946040718,0.00042130986410058,0.000139252234223235,0.000264142928132766,8.91329593328497e-06,0.000419561236876692,0.000547121761632409,-0.000234030722884222,-0.000204861229883289,0.000473807447366145,6.37930343930457e-05,-4.15432636023135e-05,0.000473658916051221,0.000623772060015706,0.00120573418921801,0.000212012601844235,0.00134594332025059,0.000712850485048471,0.00232598295060284,0.000131848572782606,0.00235367240576975,0.00117405732302996,0.00669843974228617,0.00770070362829475,0.020605926777823
"481.047",0,0,0,0,0,0.0344593788774108,0.000874556655883235,2.43727556503909e-05,0.000440420797031016,0.000313690649915004,0.000189938229396549,0.000321125345110619,-0.000149792406710149,0.000478624150109977,0.000107290366732145,0.000205312073108638,-0.000227856460365175,1.49266150074531e-06,7.20850304068536e-05,0.000313721347376704,-0.000354614076899118,0.000370777847954004,0.000230401358365227,3.63894819471609e-05,0.000299956722191156,0.000237902902121355,8.96669087636518e-05,0.000283811442755079,0.000140393422822198,0.000217229025992716,0.000265281170194469,-6.84997097553934e-05,0.000252243659000584,8.05929882349183e-05,0.000563431029777159,0.000149114017916044,0.000483015198900376,0.000510735185371478,0.000280265629791757,0.000221376622352178,-9.47529027657234e-06,0.00122077704841467,0.00070969371365865,0.000938368160740436,0.000977703475318002,0.00125713621072832,0.00138336615622498,0.00371494117384235,0.00230234946512855,0.00141360305102346,0.00228634151117172,0.00211997325394526,0.0145663918823011
"485.688",0,0,0,0,0.0261885856209569,0.00275576552508811,-2.11028275239511e-05,-3.3708000566643e-06,0.000138337350560867,0.000174065587000367,0.00021107285514497,0.000452133094144667,-1.65622031786849e-05,-4.9223156412667e-05,0.000663991720463203,0.00038624187812592,-0.000413667119490799,0.000286933380663032,0.000918610009911773,0.000539738353522567,0.000306332099154435,0.000424484033597194,0.000203610527888398,0.000603526122686239,0.00017828156944264,0.000335502550832883,7.3971783476273e-05,0.000171099444092933,0.00016102427559051,0.00056566689231749,0.00010474863109656,0.00023410352512419,0.000270883061343832,0.0002605247935557,0.000401575851373783,-0.000162749786234992,8.36165007396223e-05,0.00042169012585117,0.000365804185055065,0.000402513467126566,0.000304254182773051,0.000841688178931989,0.00114210834339933,0.000698807801158022,0.00150888732793249,0.000497692891960662,0.00185029976472665,0.00171439457511189,0.000815984825386857,0.00210467220216432,0.004808881565236,0.00293874657573449,0.0447983510551109
"490.333",0,0,0,0.0268626652172364,0.00144069322467693,-0.00047082525184271,-0.000202187766386617,-9.18138055596751e-05,5.30940485612508e-06,-0.000439763035545011,-0.000210873622147976,0.000131931428090225,-2.65598781967672e-05,-8.08019818810724e-05,-0.000484497370906981,-0.000164160120806961,-0.000553243222523994,0.000297565182752285,-0.000704786264202516,-5.13903547336611e-05,-0.000299045454648273,-0.000521677374909516,9.4197444368495e-05,-0.000237102786463813,-0.00028701658652788,-0.000815078735066066,-0.000447454080563339,-0.000554381543048853,-0.000473499658468355,-0.000345466985897796,-2.66939118568678e-05,-0.000623613608809625,-0.000138477916225017,-2.21303254113495e-05,-0.000202032258577075,0.000364844304590486,-0.000394803490138674,-2.64828459268692e-05,-0.000324245791292925,-0.00134826792248061,-0.000573872353406641,-0.000450272551369124,7.40010847262615e-05,-0.000294656096442678,-0.000698915995128986,-0.00146532956512318,-0.00297686338649563,2.80212612434913e-05,0.000124911880004961,-0.00083685684742394,-0.00132974751046324,0.0112824775749379,0.0244092446458789
"494.979",0,0,0.0306228880965315,0.00343525652332542,4.36430461550369e-05,-0.000119704376925891,3.79321271389337e-05,0.000125893546197782,0.000123431631562166,0.000361017138230338,0.000439094687487177,0.000333037702334111,2.65532726906783e-05,3.84970574733178e-05,0.000559674105924836,-0.000363802475116104,0.000174442647211167,0.000404590716722397,0.000374155295829374,4.47952333799945e-05,0.000546350139365164,0.000691290151580633,0.000566465091155946,0.000101184654812788,-0.000136918743327613,-0.000153204498542913,0.000763365725447215,8.64212967355216e-05,0.000472632248035036,0.000280242275598373,-6.81946442010873e-05,0.000221017037560272,0.000323178340446125,0.000565863036504538,0.000385192687541241,9.06226098143405e-05,0.000770291965061569,0.000619678977370877,0.00125621523671068,0.000248621805695319,0.000713238946912868,0.0010721200524726,3.20068932595165e-06,0.000725903926244146,0.0011125391607483,0.00110657770240895,0.000885159509765588,0.00268142463642407,0.00128835140673003,0.0018712616139343,0.00345144395794857,0.0313921301730233,0.0310819651479791
"499.629",0,0.0319879559900564,0.00208090891404125,-0.000414817619838641,-9.76241259268917e-05,8.05586338799773e-05,-0.000359277382712534,-0.000205183415799276,-0.000110352508232287,-3.45169966052449e-05,-0.000321096424459811,0.000130565088394747,-0.000408546526654669,5.23366291259315e-05,-0.000619364738194999,-0.000193653053578928,0.000176727409975992,-0.000272826949758701,-7.4287984274019e-05,-0.000511277570628116,0.000177716344854316,-0.000233844585365994,0.000102051442588777,-0.000224188959635986,-0.000615707778651573,-0.000533270337642101,-0.000646674043953282,-0.000398860667897692,-0.000115136121992441,-0.000257981330750276,-0.00063400372877329,-0.000237626303950519,-0.000242050105919861,-1.32780830798487e-05,-0.00025523337395462,-0.000553639193470904,8.95252481447551e-05,0.000306008244785563,-0.000144367919848695,-0.000376949997088709,-1.42414971444419e-05,-0.000740515094042622,-0.000673297896185758,0.000157723428681029,-0.000773241172605641,-3.18082440073086e-05,0.000448352498888984,-0.00156854845962187,0.00115126917896583,-0.00322149834675874,-0.00581664411962185,0.0204996630896655,-0.0268141448917586
"504.281",0.0388729840670216,0.00365118658801653,-8.06061081132239e-05,-0.000215147097507512,0.000351921333452588,0.000147771799947045,8.57942818877392e-05,0.00015083765809371,0.000176847434926253,2.2300486618539e-05,0.000347212356606781,-0.000119130840878581,0.000147265629016734,5.4713426624808e-05,0.00053462601077791,-0.000386986972969695,0.000498881249923637,0.000219408472720505,0.000455243001296111,-0.000318696352321524,-0.000342122992113869,-6.15576988361986e-05,-5.16997421909816e-05,0.000251143136121994,0.000496606774348469,6.0275929341604e-05,0.000300803792130501,0.000242291972810245,0.000600721707189356,0.000263666049163422,-5.15263447962059e-05,0.000478871425567116,0.000254803407584972,0.000580537228376217,0.000365230824084654,0.000123559860212691,-0.000151776047552854,0.000113066934551728,0.000871313688239938,0.000538086027339788,0.000735120012085318,0.000496506514389746,0.000692592516714844,0.000709320707309774,0.000108942341861799,0.00126598787058086,-6.45060358911344e-05,0.00252321176704838,0.00084883069950591,-0.000507263331499565,0.00398555584719917,0.0174303437410961,0.00144833840057442
"508.936",0.00428254169327387,0.000206875871932764,0.000276033887296173,-0.000202081239773835,0.000208507963247911,5.41977230085217e-08,0.000234571090303916,3.14589529558572e-05,0.000100028794924351,-0.000158950452142416,0.000175213815835933,0.000739171193575962,-0.000139411342205735,-0.000748354482361897,-0.00012023931327085,-0.000311409993921805,0.000201768445229768,0.000332548338470428,0.000225589833524533,-2.91788488166533e-05,-0.000139779748300179,0.000118310319291245,0.000145902089167042,0.000468336645266958,5.24380574531604e-05,0.000145923326407772,-0.000365751016556032,-0.000105587703645431,6.51841961837633e-05,5.2313753724911e-05,-3.65217060131748e-05,-0.000245487975347799,2.67206770235341e-06,0.000546542410342051,-5.55478534331054e-05,0.000126140753250293,0.000275994861755062,0.000483637732880935,-0.00018857402582046,0.000310272536764681,0.000598864104361724,-0.000110710920650503,7.50795076517609e-05,8.40331522486234e-05,0.00142223324659614,0.000129681343330064,-0.000329798927044939,-0.000239403899320789,0.00184262988917519,0.00138312229238635,0.021457413735282,0.00988727703324759,0.0232967169846845
"513.593",-0.000346827089142089,-0.00111574117554897,-0.00070664616767798,-0.00069308981992633,-0.000618859025302266,-0.000369700178613013,-0.000422002544482778,-0.000242654846719649,-0.000501726345640815,-0.000550168032805172,-0.000519832588575309,-0.000810571120422142,-0.000739898235932715,-0.00120385001010082,-0.00060635721222265,-0.000795529908349218,-0.000537226331278627,-0.000693157135128576,-0.000753385548838421,-0.000904859476772319,-0.000567712001200615,-0.000703143154094347,-0.000871546804986127,-0.000785941735677545,-0.000462034337216264,-0.00122122455263993,-0.000539536344767108,-0.000716886276348706,-0.000553715105888541,-0.000741554377271855,-0.00065148408944969,-0.000275656508098613,-0.000903519435401315,-0.000367186121362707,-0.000419321216174417,-0.00077565829414051,-0.000795941268755946,-0.000946518566498732,-0.000555630786193228,-0.000757801871971079,-0.00164203341589582,-0.000853976597241447,-0.000456654151654275,-0.00160574889151918,-0.00198301013559491,-0.00350648860505246,-0.00234231877083101,-0.000603090651614973,-0.00595831447282655,-0.00153757104620217,0.00562436719682194,-0.0151481891403844,-0.0241131497978428
"518.252",-0.000577004000936953,-0.000279926349745325,-0.000154686721182206,-0.000289860361737723,-0.000382596654288901,-0.000138962184481878,-0.00014179877720964,-0.00016463209560011,-1.86572969542288e-06,-0.000265874604281761,-0.000237116950776937,-0.000528202244220798,-0.00054080727315523,0.000115493012446307,4.72949572889248e-05,-0.000202419522213349,3.56883051748954e-06,-0.000531658161023333,5.65669415136687e-05,-0.000307171447021696,-0.000649043225455198,-0.000394038352144934,0.000502799415555801,-0.000451786525958948,-0.000288929882755368,2.42608434771865e-05,0.000216996705867822,-0.000282622022649782,-0.000258836463284067,-0.000193556406479182,-0.000375466535102642,-0.000452181505669307,-0.000409932006943577,-0.000311258620447688,-0.00022350420495147,-5.78881233837464e-05,-0.000600502223282533,6.00404899070318e-05,-0.000371323572410935,-0.000201938330678687,-7.621970073855e-05,-0.000543948265739368,-0.000307937220870834,0.000631279454100219,0.000343574789534673,-0.000248286004902743,0.000133604952320085,1.13962597614739e-05,-0.00149623700013315,0.013193735451124,-0.000469072267517568,0.00016020857535616,-0.00971275899521285
"522.914",0.000303583846407259,-0.000437157314421097,-0.000326064953031803,-0.000143539403634281,4.35253200518398e-05,-0.000329205617640912,0.000141644284404352,-0.000274037990292055,-5.27260525069625e-05,-0.000293360652082993,-0.000256915707138465,-0.000496952342335242,-0.000557622474526178,0.000374799498607577,0.00025116276058579,0.000185486858885512,-0.000249679667302786,-4.45639527616923e-06,-0.000390268891096393,0.000119587283487026,-0.000157109079637073,-0.000227482129050876,0.000393875019044946,-0.000247552611797258,-6.06224867681851e-05,0.000113468709359604,-5.85212488370564e-05,-0.00047312917220417,0.000148193758935315,-4.61482288224237e-05,-0.00051807081179548,-1.01286875519497e-05,-0.000113341405871118,-0.000579486689437669,-0.00037639496535979,-0.000178842179031281,0.000147743430487365,-0.000256934590505741,0.000116890256785549,-7.2155363860622e-05,0.000225955751147923,6.94353428769627e-05,0.00080378009123236,0.000760462235052046,0.00074623156276757,-0.000760077466612173,-0.0014212581660183,-0.000942322388299964,0.0050953019206324,0.0109713706762176,0.00344410510372421,-0.00892745341590688,0.00883174252011562
"527.579",-0.000302125207437341,1.62808953650826e-05,-0.000156141936277645,-0.000169196605113366,-0.000372287949763806,-0.000180979860159673,-0.000246799564229416,-0.000382599485377578,-5.64984674283463e-05,7.10356991867962e-05,-0.00042588191847981,5.68365125793394e-05,-0.000283591231094093,-0.000268311165704264,-0.000145723592736678,-0.000188755908896296,-2.02985736000082e-05,-0.000279959767922858,0.000213215628702215,0.000260647621914664,-0.000139242294428955,-0.000204574941062311,-0.000353202296464413,-0.000235461650821811,-0.000178142181220253,-0.000514371692680093,0.000141238148576201,-0.000684431151620475,8.35187659942456e-05,0.000108620613603118,-0.000172214514134389,-0.000522139462810265,-0.000361961258139699,-0.00056933288536114,-0.000397502785894046,-0.000123330004528171,0.000127921697154174,-4.42009513582273e-05,-0.000355460315875604,-0.000337683258934729,-8.28054044515499e-06,-0.000568561976099896,-0.000771746429101193,-0.000990054581458938,-0.000975682963356123,-0.000745111545619714,-0.000482396250146279,-0.00367210242621312,0.00891108480439196,0.00320947221596417,-0.00244622758590562,-0.00541985669541155,0.00366441817383401
"532.245",-0.000167044489578114,7.56546035124964e-05,-0.000225465767764012,0.000231775497771119,0.000271774477055935,0.000149753559987934,0.000124533074429161,-3.06199669783609e-05,5.35995445458692e-05,4.45766924666129e-05,-0.000310221127251513,0.000228115339909025,0.000266768050978909,3.55925925201802e-05,-0.00013562990279706,-0.000306050835038813,0.000124705907364357,0.000148889531112574,0.000266310398239337,1.86607847909113e-05,0.000502307577756145,0.000625883708869457,0.000389137565066216,0.000361317315566045,0.000219320705047231,-4.02558623302043e-05,0.00014888653219724,0.000155200872153669,0.000372944752565724,0.000138756001806052,0.000351774973560105,0.000162183030881681,2.88461848094721e-05,0.000305794486686903,0.000204535090158758,0.000343485050673621,0.000504436870397007,0.000372463755326104,0.00026262742172114,0.000428517073613208,3.646090474719e-05,-0.000512394816331526,0.000469901496546268,8.83213727280636e-05,0.000743668473020011,-0.000178562495548927,-0.000124344912309487,0.00226005517927652,0.01339162835184,0.000923253003200525,-0.000226492968882449,-0.00159549153444868,-0.0106647803649827
"536.915",7.03994146724584e-05,0.000158519948736833,0.000200199960525425,5.43765554937517e-05,0.000103381900112259,0.000170801373353024,0.000367262746024569,9.16878017885207e-05,-0.000200174248350956,-0.00014602226334259,8.80346060057567e-05,0.000322765790009214,0.000265703420753458,0.000323359072678294,-0.00011498160344812,-0.000370575027558828,2.92707926269087e-05,0.000360169713164098,0.000230722702412973,-8.09601767503648e-05,-6.27821909777307e-05,0.000442552647064198,2.81205911593218e-05,-6.37402809300988e-05,0.000370109545801023,-2.40033606699004e-05,0.00013291018765099,-2.68297157655218e-05,7.35455293420899e-05,-1.80526251901399e-05,0.000362240680011512,-9.025505962957e-05,0.000192707464385886,0.000640817814248163,-0.000106000802333787,-2.70674998682292e-05,0.000501490554179568,0.000691870901259239,0.000710386216837701,0.000453298892631788,0.00153942398936034,0.000512384886341689,0.00077320775980636,0.000533003938857823,-0.000224447148500774,0.000688714124215291,0.000748537387189552,0.012188323942921,0.00404306636060794,0.00198807519286715,-0.00213124831195549,0.0104536000353794,0.0118968111810052
"541.586",0.000295673204197512,-0.000297733235283209,-0.000259047859994892,-0.000501623958205384,-0.000154935322580097,-0.000243052911629195,-4.17604824183419e-05,-0.000152401132746088,-0.000178227285656134,0.000268320759856869,9.28356938835976e-05,0.000156928489240081,-0.000646308397875745,0.000213804227528999,0.000169507543207164,-0.000142537443118687,-0.000380784824274983,-0.000338604319135361,-0.000112053043393255,0.000128968928024206,-0.000151982291816886,-0.000512786771282166,-0.000606210340217479,-0.000913173993107269,-0.000207767382225052,-7.14890167487852e-05,1.6601459615565e-05,3.16826335880385e-05,-0.000207064823548855,8.69026453334069e-06,4.45100948982256e-05,-0.000136698660967842,-0.000256416892212913,4.3008568070508e-05,5.14615352860516e-05,-0.000649358681747707,-0.000323174511006189,0.000429090352096741,-0.000318872913544344,-2.07468587659956e-05,-0.000439284848327349,-0.000301517065309827,-0.000258153651613241,-0.000279401674603666,0.000509759721346628,-0.000212643032459154,0.00191582726390299,0.0057851637645161,-0.00129451386370408,-0.00111023736392418,-0.00355697560977358,-0.00016363054903374,-0.0155991536706794
"546.26",-9.27076244360463e-05,-0.000651929879586969,0.000498529940739978,-8.57868596410092e-05,0.000138800825402698,6.46068692845332e-05,0.000126783690152982,0.000220911769849477,5.30779041991915e-05,0.000205515034379692,0.000316649043727776,0.000232001109502505,-0.000167390427722173,-0.000419528461373142,0.000147312927696185,0.000238745233112788,0.000122537268584023,-0.000244521685664754,0.00030955724980415,-3.68293437552571e-05,0.000375062348638859,0.00012029227210458,8.33361211786902e-05,0.00012790607148117,0.000260276268361137,0.000305115536221715,0.000299534371751182,1.17576547338494e-05,8.914104001275e-05,0.00049753465068425,0.00046403899784889,-3.48615742841179e-05,0.000458134299366016,-3.82715626984384e-05,0.000212252161406283,-0.000376192665319557,0.00108316727060066,-0.000373013932793242,0.00039564923081822,0.000170011611575437,0.000546722527653935,7.19668117904684e-05,0.000967490855050119,0.00124880079893722,-0.000494512861692204,-0.000548955768751289,0.0074091474062554,0.00317499551262522,0.00123807352881313,0.00350564322464056,0.00359830163380238,0.00180009984547924,0.0176496622658883
"550.936",-8.79893686603226e-05,-0.000440628749099457,-0.000256841934682686,-0.000226075438654298,-0.000577442301809722,3.14630310080225e-05,0.000206264328214988,-0.000127991772919409,-0.000100922208097803,-3.92800328655797e-05,-0.000295907620205867,-0.000452913275337065,-6.612620512423e-05,-7.27364870104052e-05,-0.000164839320971687,-0.000187779784907159,-1.79457806559809e-05,-0.000145357452962141,-0.000396741918001674,-0.000650646457191696,-0.000735447543146216,-0.000206287885151453,-0.000368614232601655,-0.000132371772640917,-0.000204979403284339,-0.000343379688649074,-0.000254259231784466,-0.000643043634002843,-2.88954792307754e-05,-3.09485269884521e-05,-0.000182094138380351,-0.000198121343806786,-0.000235764822216691,-0.000266561011868631,-0.000429578166097773,-0.00051399536595884,-0.0002335816537933,-0.000526964310601958,-0.000573445246640089,-0.000800094323430893,-0.000165762674246676,-0.000547616426538323,0.00010534382755944,-0.00082176081908959,9.159659600343e-06,0.000430853651475382,0.00714263386057594,0.00014498678415705,0.00015097509677983,0.000924276436013082,-0.00522132380431443,-0.00742276005936757,-0.0463623627712579
"555.615",0.00115987319527654,0.000486350085442817,0.000222594648710221,0.000230133512241936,0.00017517980402595,0.000240127035498436,9.91453733599264e-05,-0.000126289984023139,0.000270240570171133,0.000200601136225729,4.18406557675085e-05,5.22209192133671e-05,0.000671635393209739,0.000508581900674565,0.000154975178965838,1.50824781405683e-05,0.000169546288773356,0.000547931903011969,0.000659661253246512,0.000399324386848427,0.000647589040110888,3.80016031973525e-05,2.85315952244229e-05,-0.00039355847268192,1.55908184089024e-05,6.93278841631832e-06,0.000221030741202289,-5.44584696263908e-05,0.000349558839158241,-0.000197095637055808,-5.62718687702282e-05,0.000640958950506091,0.000568357831748227,8.14903744645194e-05,8.33829761311427e-05,0.000146985877745045,0.000569338331749429,0.000259485730002096,0.000159093942938642,0.000678361035378007,0.000939404608691997,0.00108862340235259,0.000607485209610638,0.00124320916580462,5.85681284574549e-05,0.00469351165579315,0.00469966619854085,0.00103829988093914,0.00075831026677024,0.00291417092389915,0.00288444674373171,-0.00132155200462823,-4.4958345108875e-05
"560.296",1.08375139382113e-05,-0.000264719521040876,-0.000669236342123561,-0.000166030535820541,-0.000621954815508574,-0.000107908590448514,-0.000573491711902841,-0.000222480725294492,-0.000223669227999641,-0.000315173289433362,-0.000277535324363931,-6.90274333514749e-05,-0.000654965053623593,6.29887319693152e-05,-0.00043901030425627,-0.00049559775953188,-0.000847288167488731,-0.000665430598534253,-0.000151079242465037,-0.000458526101692799,-0.000341178860092764,-0.000614097650231101,-9.20144227298888e-05,-0.000235894217823054,-7.82327623595175e-05,-0.000308271781862213,-0.000335593000149101,-6.93941036705703e-05,-0.000326431855971106,-0.000641629113547375,-0.000335307858982891,-0.000285333761515493,-0.000327121052602701,-0.000393135673557354,2.70222728336409e-05,-0.000403702673085676,-0.000361892653953102,-0.000341558260863013,-0.000408948865570441,-0.000628562937026559,0.000375102389831065,-0.000928803014979298,-0.000256499210470159,-0.00130289820826528,0.000252460443801908,0.00838808565900849,0.000281759956437334,-0.00149957050821585,-0.0015427396744692,-0.00429363621328402,-0.00571330224105721,-0.00796295717335354,-0.0259319802912104
"564.979",0.000100785314757396,-7.81910372343607e-05,-5.47900444040602e-05,-0.000473761173686107,-4.00654915735195e-05,0.000114739707362499,0.000131724048111922,4.59367711152436e-05,-6.26273327787465e-05,0.000286974205078036,-2.56623595943607e-05,0.000661751386601796,0.000292959778212715,0.000181312808490803,0.000346924535645247,-0.000351212252961365,-0.000238962159388525,6.25046842196197e-05,-0.00033286252929706,-6.95568207080836e-05,-9.07888661675287e-05,0.000123819418595485,0.000348487981786368,3.54543350814172e-05,0.000260241335888503,0.000252239232166981,0.000298342008604558,0.000164225611093276,0.00019475687221293,-0.000209503322247942,0.000297090317739317,0.000178818249683,-7.60335515254802e-05,0.000367177478002912,0.00024259311000914,-4.24352177901287e-05,-6.68224125240963e-05,-0.000126220474065704,1.37082694935231e-05,0.000371461303071012,0.000934109699253894,0.000742137051539243,0.000682912298391671,0.000304745123367998,0.009419017582708,0.00470395861956064,-5.18227156811441e-05,-0.000638921962070054,0.00102414617890887,0.00013444462206496,-0.00181485198926331,-0.00251112468665223,0.0286024815621903
"569.664",-7.15936957051364e-06,0.00026125721152589,0.000229212762939968,0.000408061550314461,-0.000219279853204164,0.000283041160219863,4.88299835573608e-05,2.97900475516973e-05,0.000103332189983458,-7.64854439276918e-05,-0.000202926753232386,-7.29122896386616e-05,2.51411387420199e-05,7.32259770132045e-05,-0.000173847826900386,5.77817229831876e-05,-0.000216317197386014,0.000121654969946939,0.000356249471080804,-0.000274204593564046,-0.000512839023090641,-0.000130361810850901,-0.000218079894149995,7.47361471348436e-05,-0.000321365754634312,-0.000145187613119285,-0.000182733448209928,8.3318202497738e-05,8.45038620864342e-05,-0.000161984801958409,-0.000299948359825259,-0.000329372025332283,0.000137568233234442,-0.000126141290072754,0.00036205379526048,0.00026322034721797,-0.000580218752187165,-0.000374788072816963,9.65087616287017e-05,0.000294447830033164,-0.000425070310971749,-0.000430493723294659,0.000130536062738901,0.00111804502309375,0.00771421075789343,6.82765931838266e-05,9.73048854973242e-05,0.00109480879814918,-0.00210268338366329,0.00277437511249999,-0.00053775936750409,0.00185488157270402,-0.0126410173109783
"574.351",-0.000423301425338936,0.000252564620523938,-0.000426219674080343,9.64693166684511e-05,-1.93406118166569e-05,-0.000125293324093499,-0.000113630113741033,-9.49097780019705e-05,-0.000139389017565189,-3.31399755416755e-05,-0.000319582861447568,-0.000275092485776956,-0.000218967244563003,-0.000197253756661379,-0.000489184236553854,5.20151483842043e-05,-0.000282931311115402,2.8846272712435e-05,0.000409410165758272,-0.000593157919156401,6.93823955661223e-05,1.43522219452372e-05,0.00031260198407529,0.0003268511791938,0.000122598582243546,-0.00031779662802329,6.13632421595968e-05,-8.00989503722283e-06,9.46290324642647e-06,0.000100774847407182,0.000125750716078462,-4.92186257706584e-05,-0.000211912124552156,-0.00032916061288238,-3.93236174222842e-05,-0.000234324996896088,-0.000513201463365576,0.000153130436642487,0.000553792757798903,-2.49553220158066e-05,-0.000107986158464435,2.14933886223492e-05,0.000519317739633453,0.00632690756960413,0.00520833534441734,4.56993901164324e-06,-0.000749836171221683,-0.00133393687075031,-0.00181307004958993,-0.000177773135809469,0.00119742982857575,-0.00493206800196471,0.00400516908091855
"579.04",0.000351532544099961,-0.000309393037074309,-0.000227814765623661,-0.000496847042310221,-0.000325329110732814,-0.000327976349667079,4.17261523121168e-05,-0.000210443975876654,-9.81081894493548e-05,-0.000152644095507322,-5.40166397664527e-05,-0.000290567448069922,-1.36444421775877e-05,-0.000187778008308503,-0.000492319765654448,-5.98365640999098e-05,-0.000158481022303714,-0.000415689075119208,-0.000153411444618561,-0.000246861301724205,-0.000251063531038894,3.38609559615025e-05,5.20557696880503e-05,-0.0002575142116157,0.000226336815071339,-6.91752230156097e-05,-0.000865767504479625,-2.19197188947367e-05,-6.87677184222878e-05,7.05642013704321e-05,-0.000209149244847687,9.35335907595861e-06,-3.51515691970317e-05,0.000102251034717497,-2.22993467468499e-05,-0.000436679513980472,-0.00102672904594178,-0.000310222507981207,-0.000419724104098763,-0.000186836804239055,-0.000286455722360121,-0.000326290414336428,0.00392583521625404,0.0076705570355565,0.00049321135006702,0.000167063810273484,8.23843397032859e-05,-0.00117292761796975,0.000404132210487938,0.000304386479013534,-0.00190665628858438,-0.00634924205305607,-0.0118844427685682
"583.732",0.00084773931259327,0.000184117382173351,-9.24486470961902e-05,0.000107540295591767,0.000267666040636516,0.000426251367773122,0.000305441897305452,0.000242256169716894,8.71542066159859e-05,0.000158163998170503,-1.85049610609027e-05,-7.86722347474431e-05,9.09803012568212e-05,0.000430254387973381,0.000296158949191274,4.11450728456146e-05,0.000293458771442721,0.000533740961235154,-0.000203551219571601,0.000348467876020832,0.000385151320441374,0.000328443791241209,-0.000111058413917633,0.000828151345695572,0.000444002411841074,0.000477927709501859,0.00019076497752111,8.18806233131381e-05,0.000270523294846019,-9.22445828863561e-05,6.61933557194799e-05,0.000110592378305623,-0.000256546392407404,-2.72577950107365e-05,0.000121131962221529,0.000528383350687692,0.000290070734588879,0.000309786945380758,0.000289822483291987,0.000448042637520868,0.00103708490648675,0.00157250729900863,0.00836160276070264,0.00513774910849561,0.000657669629823521,0.00229586253878615,0.00154726132074773,-0.00093265090710196,0.00252452038336178,-2.50106511488174e-05,0.00334399783202206,0.0070805591882859,0.0365505949677621
"588.426",-0.000291859624785007,-0.000131856221423231,-0.000537796727815476,-0.000896312939711892,-0.000599572700578083,-0.000584544386726558,-0.000347906604129636,-6.27686588829815e-05,-1.5630955504974e-05,-0.000251345929863392,-0.000321445680119395,-0.000363697668789603,-0.000591359682385518,-0.000152354880759048,-0.000504439234042235,-0.000310550819740548,-0.000688058997367436,-1.90310439026641e-05,-0.000696820033511175,-0.000575100841498635,-0.000567928687347914,-0.000144122883136634,-0.000224988582884919,-0.00087391334142975,-0.000196133440984652,-0.000217989344642163,-4.29124257916433e-05,-0.000612734459959219,-0.000824794575850803,-0.000403641079494904,-6.02655064579222e-05,-0.000442945981227926,-7.78274752784457e-05,-0.000746694423876783,-0.000465997445036021,-9.43180290261047e-05,-0.000804456334814043,-0.000203704604405755,-0.000631022333728205,-0.000270811294760739,9.72065598519559e-05,0.00733093037626757,0.0104829327403882,-9.36511053022983e-05,0.00060908007872147,-0.00112197621553347,-0.00180299205418876,-0.000768591079242837,-0.000489988247158861,-0.00252483704531192,-0.00445351193836753,-0.0109360444465729,-0.0309578632228463
"593.121",0.000117785787567452,8.29330549296506e-05,0.000401793990027539,0.000176587294943405,-0.000139194531279624,-3.89869677604862e-06,-3.10883270197687e-05,0.000155276857907044,0.000228145069554681,5.10238206970075e-05,-1.91131877513798e-05,-3.33122758419328e-05,0.00040345717657346,0.000165195663842787,7.66281901657706e-06,0.000352972154405424,0.000328883940565696,0.000198763293570108,0.000638181725347264,-0.000185799805997645,0.000416563791814784,0.000511527746588363,0.000538456287880907,0.000163484810520774,0.000288870774014278,8.9259922211955e-05,-0.000309911008593585,-8.50872750777657e-05,0.000111190407230779,0.000135324767393467,0.000296304499820462,-0.000284187220781508,0.000295309517354726,6.44360699803823e-05,0.000129282769549848,-9.33486118396961e-05,0.000232771713159195,-0.000500467152158296,-0.00079661625542512,0.000321902253426934,0.000660143401977401,0.0137042824030569,0.00542878652578694,0.00101605068665113,-3.41133526779482e-05,-0.000159663407282336,-0.00178038150670212,0.0014647407825299,0.00329396183184932,0.00452088600013008,0.00494035159922222,-0.00348912110369063,0.00131248399786262
"597.819",-0.000378390264361257,-0.000700222030312662,-0.000707871432726199,-0.000170820635915881,-0.000128562602035099,-0.000366242221292504,-1.11307592525356e-05,0.000137913428971123,0.000202580318251766,-4.21143708419626e-06,0.000121807462000413,-0.000281313526311536,-0.000215974179229971,0.000156618186151642,-0.000219603631388785,-0.000364429835358124,-0.000414026115290094,0.000230914309972869,-0.000285555419427884,-0.000334892804506368,1.26344501723028e-05,-0.000223536019769581,-0.000533812088933226,-0.000190763712560063,-0.000301543211408283,-0.000294409769781096,-0.000472708724348549,-0.000112928951714952,-0.000569453414284324,-0.000989476675522707,-0.000176283636463258,-0.000114528691808386,-0.000238849750987337,-0.000349685595661681,-0.000119466676925655,0.000117858353334276,-0.000637765386472718,-0.000310871224496023,0.000584537051990224,0.00022475329031683,0.00450329674818256,0.0138106999531105,0.00061959468586267,-0.000563029347250412,-9.96294016953137e-05,-0.000750226922601088,-0.000641525597880829,-0.000897911608731117,0.00100083839983453,-0.00199339716426646,0.000962579327061105,0.0119347684704762,-0.0142340825465146
"602.519",-0.000423169995135276,-0.000226108465080916,0.000592626865144055,-0.00020402332162112,-8.6122173665067e-05,-0.000241222578613575,-8.96998568290367e-05,-6.93277551345358e-05,0.000147672399455787,-0.000116536022572807,0.000175890585954663,0.000208430567227166,-0.000118154363501133,4.16662211052072e-05,-5.10838660195263e-05,0.00010084153028932,8.85290476068992e-05,-2.82671213316193e-05,0.000160147723152641,-0.000427360257621317,-0.000401573033234603,0.000504351449822166,-0.000209272030266859,-9.04359738599524e-05,-0.000231137570074293,0.000194158774017993,-8.82232665214662e-05,-0.000340291169993844,0.000179839896270259,-0.000471110182773759,3.05887832034827e-05,0.000446100249948724,-0.000132471198111446,-0.000185026473797611,0.000129916207735751,0.000333322856870206,5.18645052470897e-05,0.000288005812541691,0.000476199776382688,0.00159838957004099,0.0125908435339113,0.00796159055599929,0.000674814931480325,0.000154424328768646,0.000284617168539359,-0.00155152199364413,0.000297855173858705,0.000748308362099367,0.00201468357875081,-0.000968622195564658,0.00141647430491296,0.00194575445088831,0.0173934656876623
"607.221",0.000230094768918341,-0.000654116474831819,-0.000287178155683026,-0.000135539036994728,-8.88948837269203e-06,-0.000529396368597062,-0.000508643849578181,-6.03035252944603e-05,4.414020993577e-05,-6.48555801831333e-05,-0.000533048504334893,-0.000646332531396131,-0.000251568940781184,-5.48361110131584e-05,-0.000279375767649505,-5.06214678009077e-05,0.000283607642829502,-9.23080882515447e-05,0.000209180742360836,2.02107317639866e-05,-0.000522844501591481,-0.000293651996347162,-0.00024862549405584,-0.000314947336570868,0.000107548310493037,-9.27912421506802e-05,-0.000529737303709393,0.000254459570015552,-3.98818054950546e-05,-0.000451889373695695,8.6149339364928e-05,0.000288512253712975,-6.14559408208685e-05,-0.000224969083772137,-9.45778320367975e-05,-0.000168050254301772,0.000184925507068561,-0.000232057680984363,-0.000155764830517105,0.0057033646418391,0.0158058333117901,0.000482280472623151,0.000345595146570622,-0.000145724919194497,-0.000989945676935607,-0.00132388574716579,0.00203028945893717,0.00157415925392173,-0.000779008508423283,0.00228654112154837,0.00143209058972922,-0.00696079721341815,-0.0112381722241227
"611.924",0.000234869941911726,-9.77233585477325e-05,-0.000655106551683032,-0.000344176334431502,-0.000756131771333049,-8.2361272158718e-05,-0.000251701497257009,0.000175450113257348,-0.000212987795624569,0.000162054126405318,-0.000208717349242484,-0.000274705610518354,-3.36732679208753e-05,-0.00045657485745465,-8.44776953030582e-05,0.000146997515134976,-0.000239591226811236,7.26944149999195e-05,-0.000119083231666495,-0.000539421195572164,-0.000698541504949116,-2.03510665642111e-05,2.7702968972918e-05,-0.000320171029883597,1.10910943367574e-06,-0.000238577196800529,-0.000232712792693069,-0.000533945971685535,-0.00019797739537036,0.000209671754715737,0.000110550349397316,-0.000118860412160886,0.000229885834821853,8.08232544585404e-05,-1.52817548674366e-05,-0.000576302939308527,-2.87566265025618e-05,-0.000343440939556332,9.06556652671532e-05,0.0144905600972734,0.00906299583276121,-2.5768343659791e-05,-0.000991421825788031,6.44041283206858e-05,-0.00102866159660724,-0.000775201194965415,-1.98056822309127e-05,-0.00161433072668285,-0.00143878964199801,0.00179770860388998,-0.00193428551602761,-0.00973086831088406,-0.000950125160287336
"616.63",4.46423783507378e-05,-0.000203253663378491,-0.000364388322263854,-0.000357394546126596,-0.000197821463014676,-0.000195762127092374,-0.000205372321548796,-0.000377587426960247,-6.6676102187681e-05,-0.000281429329719962,-0.000272173277491553,-0.00040745070065036,-0.000257422025009694,-2.5373084954686e-05,0.000291525686022825,0.000160910787286829,-0.000224690685263848,0.000326995865521628,-0.000197711950084495,-4.41449585213195e-05,-0.000212367987180681,-0.000358078801034055,0.000468226584356075,5.11269808650133e-05,-0.000198709810283034,-0.000401998457316707,-0.000242895579964956,-0.000491613404237543,-0.000485446242418674,-0.000673655240862484,2.04253443221952e-05,0.000383991748933478,0.000619873593215901,-4.05470714339421e-06,-0.000112146306120625,-0.0005935010438883,-0.000128201493981786,3.66853994440864e-05,0.00337327271447625,0.0139307421447026,0.00181212633252783,-0.000715323410632571,0.000152469966327767,9.8839096653294e-05,0.000368151080846287,0.000126603410715338,0.000413534360560171,-0.00132317386488772,0.0011172959850139,-0.00125377153104826,0.00525292615764203,-0.00200435438025842,-0.00136668639319619
"621.338",4.68212878031508e-05,-0.000416199783592108,-0.000144703380491259,-0.000653347502588107,-0.000429520601839956,-9.98203038616319e-05,-0.000331229698683165,-0.00010241518421001,-5.89702299428305e-05,-0.00014113384523164,-0.000161687505465742,-0.000142001782656216,-0.000415567956462765,-0.000610350242109154,-4.29316530647672e-05,-0.000148336446369573,-0.000209651984335826,-0.000849816154965365,-0.000536436661138136,-9.87575763466081e-05,-0.000603310697171247,1.97137753834938e-05,0.000136160095112058,-8.0421151385739e-05,-2.88250636659997e-05,0.000265473919030405,-9.88402159915764e-05,-0.000748041253245421,-0.000206494071172399,-0.000280862299986184,-0.000318383477953683,-7.94314585753555e-05,0.000223963183272515,-0.00030722732396517,-0.000324882499812827,-0.000694901399666686,0.000134515476560691,-4.08195772787024e-05,0.0058043672464709,0.00739960362212218,-3.51477513322535e-05,0.000138939890860886,-0.00032953741263261,-5.91351706895971e-05,-0.000636779160361615,9.64184730221926e-05,0.00172293810698661,-0.00149023285353946,-0.00032932572052785,-0.0015533747535373,-0.000890123706183481,-0.00808008693917959,0.0206578951295524
"626.047",0.000145062268649037,0.000556115846600427,0.000244187224556708,0.000416579195567157,0.00092028146558731,0.000369466330512191,-4.76631139261107e-05,-6.23508281886331e-06,0.000302989602170614,0.000232297549767665,0.000780132665795947,0.000480529907622859,5.4058131966248e-05,0.000557789565856873,0.000673196761457633,0.000161091475603963,7.87168519600858e-05,0.000488164240216714,0.000334233951633707,0.000859292112077431,0.000439006208060962,2.90787133929598e-05,0.000131079380405282,0.00121965042873285,0.000436729063214813,0.000211162426883059,0.000361455235361087,0.000233250592808357,0.000340939629648397,0.00038309792718427,0.000674505234467979,0.000437408436159481,0.00112602634803115,0.000139294196498011,0.000771504576207156,0.000510899482522781,-4.46122257409115e-05,0.000578891926005003,0.0104123932907908,0.00180542260513328,0.000287757785572587,0.000921691675922345,0.000766295486054384,0.00174847955970353,0.00102238424132895,-0.000170923068958997,0.000537685126015234,0.00173466684945253,0.000208127602815034,0.00268857390465011,0.00335962948480096,0.0024103548861671,-0.00482576143816235
"630.758",-0.000449228192742571,-0.000358656575016304,-8.97524117876641e-06,0.000313203670088567,-0.000112457532502404,-0.00036226582790526,-0.000164930740858564,-0.000144213370556398,-0.000389508873730273,0.000106120142652199,-0.000300812159456442,2.65170749126856e-05,8.40688317190122e-05,2.91877387817728e-05,-1.75009300643384e-05,-0.000525611051805793,-0.000750903017183626,-0.000271850094511026,-9.89263536380507e-06,-0.000870205627654542,-0.000613257169410798,-0.000222610970749001,-0.000219066093296815,-0.000274269493497264,-0.000262170231505624,0.000109168122533014,-0.000359828777435404,-0.000118325095589547,0.000330156853789427,-0.000413969282145554,0.000185876173041471,-0.000611709271212994,0.00030545890934215,-0.000100697732283665,-0.000233846551748525,-0.000259527152643172,-0.000882893220741364,0.00245529821660497,0.00543381565138522,0.000117752047636386,-0.000747167834123297,-0.000620086469659298,-0.000180488490554474,-0.000582856847927776,-0.00139372844945517,-0.00142692842442986,-0.000178286399382184,-0.000660735506310453,0.00163097635027405,-0.00665585350919768,-0.00409786984800693,-0.00393531534537704,-0.00555009333270233
"635.471",-0.000319253728189508,-0.000309176026001815,-0.000382518638989516,-6.49085407325358e-05,-0.000226765381632933,-0.000391495463733633,-0.000207455889922383,-7.45809496218046e-05,-0.000322641102830933,-0.000607571587432135,-0.000154743538011285,-0.00043468380232753,-0.000370017223520497,-0.000775291545559606,-0.000142013192795658,-8.20578943211175e-05,-0.000234822753019236,-0.000424526989342912,-0.000250824029089498,-0.00072081543193851,-0.000374162602346939,-0.000234720550805286,-0.000436205094353405,-0.000348219630529288,-0.000288788570924376,-0.000436095868691064,-2.45326462279286e-06,-0.000364629147055798,-0.000187940913079754,6.98450614177842e-05,-0.000517156243455799,-0.000379146377105552,-0.000753588300115274,-0.000298994154511321,-0.000142625061885443,-0.000368580649169461,0.000432253498754805,0.00372767208015855,0.00161746886476395,-2.90796911565433e-05,-3.89106819731521e-05,-0.000887180918591479,-0.00158816566593853,-0.000380066292255019,-0.000813666579764767,0.000387272221877257,-0.000628065587325383,-0.000214207408387916,-0.00234106225235158,-0.00213554886490768,0.00362769959059842,-0.00132187592607595,-0.00178572084736798
"640.186",0.000379825422844202,0.000154566705134208,0.000220948340156099,-4.99491948100032e-05,0.000207730602733524,-0.000143287213168379,7.8127533487001e-05,8.66870504654779e-06,-1.22808840952474e-05,-9.43399479617183e-06,0.000181029813533694,9.68326200207419e-05,-2.97121578637137e-05,0.000312143285130323,-2.81916877144912e-05,6.01912449371225e-05,0.000215239493848534,0.000432173284678878,0.000378966797358806,0.000193983454442243,0.000820252990819916,0.000201789591781293,-0.000200307906749544,0.00015425798833869,-7.64728935851493e-05,8.28865198073633e-05,0.000204747080633265,-8.15614505769934e-06,0.000332485261836367,-5.29918901969488e-05,4.00301279236719e-06,0.000236222317228511,0.000377732687285681,0.000591084530521699,0.000132762204222297,0.000305775602270957,0.0012996019622725,0.003992127451088,-9.16153737520774e-05,-0.00043639431245626,0.000174932876506332,5.05099307632963e-05,0.000367630405863803,0.000868850078348493,-9.21144995798065e-05,0.000550266149167144,0.00034470379727389,0.000974598700149179,-0.000387646691667762,0.00271374682817446,0.00263470950647884,0.00586494362281942,-0.0096671931279435
"644.903",0.000258929993670303,0.000458244795420216,5.69108841841374e-05,0.000268572856142326,-3.94379268646038e-06,-1.37065455495328e-05,-6.04290229909777e-05,-7.81173532444674e-05,0.00029137792228402,6.85565012171336e-05,0.000348641153353232,0.000255164393668812,0.000127053185282531,0.000104913897177978,0.000274416098170985,0.000200045345316901,0.000360450013659489,0.00014319212469295,0.000376770521020884,-6.98994035617595e-05,2.1583180838084e-05,0.000517444175177497,0.000163777800723856,8.65424315584663e-05,0.000367428439008768,-6.43578251962723e-05,0.000237761390390021,0.000576148177610468,9.80762762412203e-05,0.000569758996760155,0.000479216841316485,0.000504481727025413,0.000547323278001381,0.000319632307625525,0.000508325270782431,0.000631536825346045,0.00330031925399461,0.00182427042240417,0.000498362956676566,0.000267662286328477,0.000382115574742266,0.00066210374516238,0.000517426016149649,0.00126420958758658,0.000629454907723312,0.00129805765502437,-0.000758105678975047,0.00208340072515032,0.00237294965886806,0.001128449711487,0.00798837246834525,-0.00440115039365194,-0.00331419223260532
"649.621",4.5039948553836e-05,-0.000859862547127196,-0.000215670412962448,-0.000421332489657762,-0.00029339180274636,-0.000417738459815766,-0.00032016428917214,-0.000414074704834976,-0.000199463387800979,-0.000148483818264856,-0.000446841733023442,-0.000565836882517998,-0.000527878672718284,-0.000304456526115889,-0.000151796633974175,-0.000328792425891708,-0.000780577509779192,-0.000537334200171394,-0.00069199425254339,-0.00034192343198507,-0.00051226962552545,-6.24971922270326e-05,3.28369586975039e-05,-0.00018773643618604,-0.000590035821095058,-0.00047871818562077,-0.000639956630462448,-0.00052513145594414,1.76792852200354e-05,0.000163940337372735,-0.000178154050516585,-0.000179367919800267,-0.000259915322753098,-0.000306265330783516,-0.00014559148272584,0.000791660322638582,0.00306182417708305,-0.00051162891153459,-0.000814650389973939,-0.000457486400123565,-0.000360739366067897,-0.000367117174485049,-0.000329466290941797,0.000365963085978808,-0.000280667027239284,0.000770530926172344,-0.000631824971698578,-0.00165945909326895,-0.00215415479649951,-0.00242061001863643,-0.00405041686946303,-0.00950885485705382,0.0123596055574861
"654.341",0.000394230614668005,-0.00077275808348005,-0.000299133318563998,0.000261451589823239,0.000373627585968047,-0.00015226567678169,0.000154796462045002,0.000305433000121424,0.000329045257218586,0.00034065051198073,9.46190197077764e-05,0.000168147458033643,-0.000344498755442099,0.000430793596478516,0.000298964222392909,0.000335022031956425,2.85072951439703e-05,0.000440398364510036,-0.000514457419578286,3.16190497018257e-05,0.000505093235079094,0.000242758105432765,0.000284061668543595,6.35010744315817e-05,-6.98875935131265e-05,-7.99623985734299e-05,6.62711859363315e-05,-0.00013135968004107,-4.02307736898888e-05,2.54852937542422e-05,3.09721087393977e-05,0.000368867830986465,0.000432672467712201,-0.000276104674655011,0.000380071588784439,0.00284558882934437,0.00198644714207062,0.000171992858617775,0.000268337553701804,0.000769275083411701,0.000622774117650902,4.74289698130983e-05,0.0011559374604005,0.00146345613622608,-0.000291848697507456,0.00043175283865377,0.000625188511359299,0.00108081427375491,0.00243952757449775,-0.00094148897585322,0.00136631254590028,0.00591214196865141,0.0134654777806913
"659.063",0.000241755313958048,-0.000291736806241997,0.00036153368580175,-0.000367092040115301,-3.45629121270889e-05,5.0453075454117e-05,0.00015739963384082,8.37520478242823e-05,-0.000133113751286795,0.000210266163135686,0.000119484018885959,0.000122414973747029,-4.76711561149704e-05,8.10437169104853e-05,0.000300377905059159,0.000198178160932962,0.000342951252425175,0.000102983760759881,0.000339393230424923,-8.43704815158917e-05,0.000214133061033818,0.000448736292204126,0.000331660721030241,0.00081711332093912,0.000248192680949193,0.000440084051670847,-6.72589882327422e-05,-0.000437201089786156,0.000509438788473159,7.7970483349708e-05,0.000932934122839496,0.000311571795237473,0.000439588315240591,0.000403920766173047,0.00199826268976173,0.00255828080985172,0.000186412615042581,0.000345013934618439,-5.42890914988578e-06,0.000838701708171452,0.000203243516720911,-0.000816233450863357,0.00105598282264408,-0.000179939291667039,0.00112149845942849,0.00159846308258805,0.000505652317875823,0.00173280240497142,0.000813659079707347,0.00259369668265512,0.00553960126834115,0.0123212764096674,0.0116859390441192
"663.787",0.000641579271297289,0.000830908556810583,-0.000337887264007868,0.00034211692517172,0.000191188729003352,0.000207246930704505,0.000102104008177277,0.000145482939652076,-9.03973012067975e-05,8.80376739013671e-05,0.00066382388153472,0.000347221471816991,7.34574200595506e-05,0.000678907703987839,0.000563649005838684,0.000369031699536167,0.000400794379416966,0.000419653285655793,0.000635755197120376,0.000138949199810818,0.000317290009387574,0.00116901517721034,0.000206612180875452,0.000198786476444541,-0.000264396893498508,0.000526585395005697,0.000377303485088962,0.000138362118368169,0.000489388879048464,0.000281568877318839,4.55147753668307e-05,0.000396135851120546,0.000253763871681965,0.000216428305826938,0.00344868072124769,0.00227897128747243,2.00623191673304e-05,0.000698015971826574,0.000558425866424483,0.000640560601873683,0.000433940071788882,0.000837192848431582,0.000192189434657897,0.00105654687332867,0.000102440835456153,0.00108734857572079,0.00196052188675566,-0.00086175834828527,0.00306695035021693,0.002546365968086,-0.00149574151602433,0.00846508477171453,0.0137393966972643
"668.512",0.0012047906597915,0.000455999899541604,0.000218375605221524,0.000272122135425706,0.000269233245399985,0.000317654886777514,0.000538709176923556,0.000399808184280148,0.000214851559341213,0.000109794792989967,0.00060499391287879,0.000309613193755275,0.000700511896500074,0.000892527688775378,0.000397274538137939,3.7552523489444e-05,0.000854003434442436,0.00080615623482983,0.000281033758748943,9.85649187051789e-05,0.000680728371326016,0.000549215120394679,0.000794268636758571,0.000293266944851379,-3.02129749879526e-05,0.000834018237938137,0.0006577925179102,0.000208652663668013,0.000841811626213264,0.000491045732959121,0.000628053492492364,0.000188119536812691,0.000194506191071679,0.00132954521248855,0.00285778970463439,0.000947305534715474,0.000165354262764627,0.00101785711154961,0.000779151606577001,0.00109795780309887,-0.000137238527790953,0.00142795554636845,0.000808327945647768,0.001639317413745,0.00165431528194113,-0.00039483623088013,0.00312950681680186,0.00421326195690823,0.00335617390291782,0.0072323227588083,0.00358946402894908,0.0127952744542992,-0.00349004350602219
"673.238",0.000486294125614537,0.000137931342173469,-0.000224996891071007,-0.000483003765668868,0.000177442773803761,-0.000185758550492001,2.68803003594743e-05,7.89566285402025e-05,-0.000165263535688251,0.000348019197725107,-0.000106643614305708,-2.79449880331059e-05,-0.000409163586838149,-1.23979834609715e-05,0.000390063276029177,0.000391832425338554,-0.000139847980610078,-0.000234163630577254,0.000465120931826999,-0.000258234132215057,-0.000531521792109231,-0.000598102623445447,0.000104295884838628,0.000133216319795716,-0.000439921202944026,3.24558435569757e-05,0.000824449253003909,-0.000538067394090436,-6.82875552539087e-05,-0.000115563593453984,-0.00017211240865656,-1.21031438445769e-05,0.000495557824396675,0.00403595774550382,0.00179275842861923,0.000142100910428153,0.000158750584989685,7.93820477418572e-05,0.000504356984025928,-9.1428268623153e-05,0.000671629381049467,-0.000593201112689199,0.000232423976424274,6.64028300068807e-06,0.00154145105271291,0.000409522991863429,0.000178990183132588,0.000201399469365523,0.00272230650600609,0.00264620130214058,-0.00152798558853263,-0.00367788742373774,-0.0159625150455572
"677.967",-0.00016475093347068,-0.00105317394189482,0.000161537928388742,-0.000621650105111663,-0.00045479045322154,-0.000264475538854127,-0.000408714442108754,-0.000360937477413181,-0.000710389208967017,3.65649994656928e-05,-0.000693023380033218,-0.000267423237956978,-6.54670866173885e-05,0.000306395521408937,-0.00044129539474505,-8.97909298057687e-05,-0.000866160929343084,0.000243761356037498,0.000267342866105118,-0.000466871260532958,-0.000373570995889834,5.59560804074228e-05,-0.000139019355194372,-0.000450832809661564,-0.000269224498582563,-0.000955893743529728,0.000430089437210925,0.000190584064728072,0.000163265063793661,-0.000202528470790235,-1.3524791997749e-05,-0.000128174499692697,0.000196458031720002,0.00446778294441,-0.000186903695865877,-0.000750324599827985,0.00022261385182962,-0.00033076152446147,0.000288630840723612,-0.000703235831029073,-0.000449304335434337,-0.000681884517458601,-0.000360525233296681,-0.000344526591502986,0.000409292523257783,-0.00115336224108565,0.000688410004083302,-0.00109220878334253,-0.000269208261420914,-0.00758285231078139,-0.00682165260940662,-0.00576299025631523,0.00211440305398466
"682.696",0.00103217915744033,0.000829800763591244,0.000293188483116613,0.000832023045359682,0.00068648017791173,0.000395307541952813,0.000121005734418206,0.000157277543061448,0.000382301435594857,0.000528471110225045,0.000486606678919965,0.00028802920388084,0.000609002958930834,0.000124698460969516,0.000487007272713594,0.000948264309474932,0.000187420904447646,0.000468299424727771,0.00082221437713676,0.000519989078805141,0.000910296198297122,-0.000126799806258758,-3.08230353750949e-05,0.000509854623942905,0.000612417779819038,0.000668116690971066,0.000883734243983041,0.000337900254388986,0.000865156851488022,0.000328292799445216,0.000362110561502367,0.00100365762454763,0.00261765447957367,0.00319124961524342,0.000945151255345047,0.00100213502144472,0.00046796418173271,0.000307792909258211,0.000765994871910406,0.000198196722578741,-0.00022850934141876,0.000489548235273598,0.00124356588885476,0.000423923071738541,0.00158483278239359,0.00179236493373804,0.000623755720042634,0.00251276762326141,0.0039148292571376,0.00313226611267363,0.00758250990017832,0.00332976637452268,0.0157195848374843
"687.428",0.000275509301368508,0.000417224194054897,9.22764544219044e-05,0.000533491622508091,0.000211679363246646,0.000409216911522248,0.000364001909885035,-7.0476175292295e-06,0.000397009627503576,0.000148833663843091,7.67501119756536e-05,0.000279347079634257,0.000177337953448282,0.000101929773745347,0.000175757022713353,-0.000137292556432358,8.35342757499809e-05,0.000129735097445224,0.000585439039911565,0.000327423250102832,0.000489171939543574,0.000305631557446842,0.000325025093203285,-0.00022825451065286,-7.43187401021115e-05,4.02155237634425e-05,8.17722720199315e-05,0.000742080517561515,0.000382167744162987,0.000454201152866573,0.000335625560353887,0.000812894631598613,0.00371784213405977,0.000455947253278985,9.16325329333975e-05,0.00046734395281136,0.000170969159131427,0.000417219144556639,8.9017551448305e-05,0.000729159825564321,-0.000106205917339893,0.000458904832513885,0.000935108416742536,4.58863886537735e-05,0.000587219380703707,0.000864244588623579,0.00078794703749023,-0.00102810910088791,0.00475045369152081,0.000211178987661789,-0.00044179068286791,0.0199089666681963,0.0189065767405449
"692.16",-0.000714554270293861,0.00017675521200573,0.00038018375259334,-0.000676624364202454,-0.000320441150674683,-7.71781169706997e-05,0.000249619752147152,-0.000254850944194711,-1.10150479441752e-05,0.000207998784546764,-5.83278129010974e-05,-0.000551197215260708,-0.000382432716355061,0.000671741831019745,0.000100335179332209,-0.000385554853155402,7.49742652220899e-05,-0.000346314283685901,-0.000271015989343568,0.000166582683252946,-0.000484920679032051,-0.000635288291300001,-7.98814759901964e-05,0.000311247525496011,0.000292907393098926,9.99755968999713e-05,2.12908004022661e-06,0.000127991976693535,-0.000159113131307255,-0.000394973459514807,0.000455138813886398,0.000770321221249242,0.00195614976569446,0.000181500797943123,-3.44154363380777e-05,-0.000332839434070334,0.000162308724585313,-0.000844102067779091,-0.000574943461205845,-0.000581733777378478,-0.000502136708540368,0.00043458310297421,-0.000695917666742626,-0.000631884892846851,-0.000298177313860302,-3.83657212982024e-05,-0.000182269987012525,-0.00155053583887813,-0.00105311221010476,-0.00140677409932293,-0.00684390954378493,-0.00779631796446695,-0.0215906715663888
"696.895",-0.00238232293059431,-0.00253002579035224,-0.00241054226163886,-0.00277603926188406,-0.00169048543462813,-0.00165595580225971,-0.00113638902046735,-0.00121461692245107,-0.00149215885039419,-0.00180143908367488,-0.00139714797936573,-0.0025797543806103,-0.00201749777255959,-0.00239293359461829,-0.00243175610395299,-0.00261481985839616,-0.00255525561887564,-0.00245238847070923,-0.00229294834870136,-0.0028326857834796,-0.00331262003874751,-0.00298120828336001,-0.00251097305715245,-0.00303474788393546,-0.00237716631134033,-0.00201661555591006,-0.00180822251560526,-0.00222341451143987,-0.0023278222010106,-0.00201211234063534,-0.00130545374690168,0.000664318084237194,-0.00173325724077269,-0.0024991054192538,-0.00180322523073209,-0.0028091074273605,-0.00268504630259107,-0.00305146559018313,-0.00345448304459573,-0.00284390177182112,-0.00350792282788607,-0.00408320243653342,-0.00391350950149883,-0.00437233075177596,-0.00519220795940807,-0.00609637262506251,-0.00714573423489745,-0.00765587281672326,-0.0113511522563434,-0.0151467473515203,-0.0274633749595669,-0.0481557003582319,-0.116312830148552
"701.63",-0.000378219598829844,-0.000631502411899613,-0.000188054029029937,-0.000213898530188789,0.000309717229070514,-0.000432359814659881,0.000353476791146848,0.000123912306029653,-0.000193705905374085,-0.000210087291448947,0.000103739639875527,-0.000186801162844576,-0.000160469471833699,1.03656252887171e-05,-0.000180595851597993,-1.00714301234377e-05,0.000611916716553705,-0.000102114215756214,0.000168237062907608,-1.52516355192083e-05,-0.000408302764217953,-0.000469470062856742,-0.000237158500685336,0.000417460686830145,-0.000139217464643189,-0.000307347099308412,-0.000399695805418603,0.000449792847706353,9.66168947929186e-05,-0.000219492081677317,0.000493110773181274,0.00168705640714726,7.6479373005995e-05,9.24331601716158e-06,5.55038934923153e-05,-4.40549427891188e-05,8.8061718323527e-05,-3.00387878096088e-06,0.000277942431455553,0.000454183421763215,-0.000353586431030545,0.000286052603314896,9.83894054019937e-05,-0.000209414387607275,0.000690380291404099,0.00180670104196903,0.000483741989243981,-0.00190745463643021,-7.53186404821348e-05,-0.000615724727722509,0.00180593149819155,1.03998820966469e-07,0.00221705264882611
"706.367",0.000153412292246088,-0.000425787644601667,0.000465368675358844,-3.56787556733924e-05,8.14815888729778e-05,-8.98109816531571e-05,-0.000430689533024465,-0.00040031167257055,-1.71934516712903e-05,0.000226205901236848,6.23251920295338e-05,-0.000235956666001433,0.000172719841472849,7.47514592400367e-05,-0.000584134263214543,-0.000153250863208637,3.15296203631237e-05,-0.000381338489187063,0.000161567983727395,0.000551939460630424,-0.000126591444130862,0.00045094552686123,-0.000701311227075189,2.7337100701674e-05,0.000366387977908154,-0.000388889757639539,-8.98938854669756e-05,0.000411449363374208,0.000255396606329947,0.000825427512175098,0.00199343158959912,0.00030925542883505,-0.000242234908030647,1.52864250055206e-05,-0.000162563638439211,-0.000624847440988014,-0.000912526488350397,2.14648152080518e-06,0.00043244931909307,0.000623380435853694,-0.000201436352965148,-0.000531114019310206,0.00101441834807831,0.000518952630157671,0.000702770252851694,-0.00223334174266818,-0.00296115942042173,-0.000852858810974209,-0.00141087337684458,0.00141661840031062,0.00197582528342721,-0.00086601509965641,-0.00372989828889573
"711.106",0.000407476105605407,1.37305795807146e-05,-0.00029087288105977,0.000101991809949389,0.000608024947873568,0.00028034275404033,4.25110461444066e-05,0.000242154743697022,0.000433895897373681,0.00067139047333973,-7.14687913703341e-06,0.000636976577750564,0.000769214265103283,0.000746184895359601,0.000678630468286162,0.000716614218210802,0.000789319523909498,0.000820737693064366,0.000691687184517733,0.000754021234559067,0.00112002060495628,0.000615695188885221,0.000604742996301655,0.000328968664168999,0.000721064518572664,0.00040353083055898,0.000403433529140752,0.000722098098496465,0.000963145946351094,0.00334257001502934,0.00251048055459472,-2.56531969482966e-05,-7.80516067779419e-05,0.000572587893265488,-3.08316755290637e-05,3.88058684220666e-05,0.000930396772829245,0.00050659296475261,0.00059241806299066,0.000684864655146966,0.00103216899424448,-0.000129439887960337,0.000908957634079683,0.0010352677018753,0.00173907075197769,0.00172567549918253,0.00213863764170035,0.00326434248974664,0.00243011258166925,0.00429135382160863,0.00583331673318452,0.0199084019750813,-0.00208370784172987
"715.845",0.000196663394864508,0.000862600353125631,0.000162917523333264,0.000837928465086471,0.000293366663795746,0.000366373091879786,0.00013706778443603,0.000327352562797236,0.000248666644365443,0.000401791834904595,0.000523610631184584,0.000301626614747417,0.000563278128759615,0.000510349917340292,-0.000318645411298075,0.000190315853398585,-0.000261463465542336,0.000437322743945102,-0.00041343627181353,0.000528051812898353,4.24851138088857e-05,0.00083110842096733,0.000189415752378381,0.000721943937415538,0.000357136217425213,0.000306207167193191,0.000719518306654018,0.000501687342014057,0.000874591875453717,0.00294553534469047,0.000743648648858338,0.000271374379630587,0.000396338881071873,9.18372811181205e-05,-0.000116324740804272,0.000557479420584968,0.000332395116087496,-0.000266123885243879,0.000556135879568912,0.000591246241109555,0.000345514195277411,0.000664896875123258,0.000311705427871671,0.000231961875541863,0.00188572012499185,0.00128981614001844,0.00091977327935967,0.000750968879530991,-0.00242376676685175,0.00239351475777673,0.0071089379579248,0.00265555203462858,0.0198399382128632
"720.586",-0.000125028879612322,-0.000109453471705208,1.38979090349066e-06,0.00013379145606781,-0.000208439695467808,0.000468222926229142,-0.000497298668151388,-6.7009455318997e-05,-0.000164282441151967,0.000138675925922173,-0.000141599434560558,2.38076999625595e-05,1.64670190646706e-05,0.000456524266176432,-0.000300501740756722,-0.000381661000070711,-0.000229807497264118,-0.000816605724789353,-0.000112069469788006,0.000512892036254195,-0.000584416484854138,-3.09757145269079e-07,-0.00065251077332425,-8.07235262213713e-05,-0.000315925484637859,0.000426605153351543,-0.000547771819186856,0.000182569233261279,0.00130193570204109,0.00238626865968899,-0.000395075874161666,6.82089645790103e-05,0.000103676532364548,-0.000431728852176162,0.000161976683609178,0.000260627390392502,-0.000135812135832944,0.00011524434502141,0.000120067902478743,-9.97292576254688e-05,-4.36694731075675e-05,0.000764680536510067,4.28901721779592e-05,-7.42710430103952e-05,0.00095329218535289,-0.000182888693260866,-0.0016186825682605,0.000580772870214706,-0.00266743116402188,-0.000953073311075812,-0.00401384938762815,-0.00199677072816768,-0.0125265536020262
"725.329",-0.000273805681983744,9.64510994520706e-05,0.000263678207764857,-0.000146085139151082,0.000307717102086019,0.000537569889581954,-9.60543610843428e-05,0.000262875653255904,-1.19334280504308e-05,-7.05939832911893e-05,0.00040517032973747,1.35849133329098e-05,0.000407005033404069,-0.000152341896570899,0.000619273511783915,0.000257714197164157,0.000103786456957851,0.000350980928916911,0.000309397380075695,4.14401022810653e-05,7.14948435511747e-05,0.000493621329105659,0.000428403038963854,0.000271598492797183,-0.000293522381754466,0.000440782567218181,-0.000112929537619145,0.00050849041843634,0.00269266131053796,0.00129289521309037,0.000490298455750099,0.00038423015410616,-4.65584301258769e-05,0.000124837315466253,0.000406456887183878,0.000474327637963269,0.000316676861551801,0.000500306343490172,0.000227805524032963,-0.000229840766250155,-7.65102739933796e-05,0.0010141345353397,0.000728920160236039,0.00126890964976022,0.00180408322945891,0.000530430353929572,0.00165300962353849,0.00182458046585552,-0.000482582516377424,-0.00198435709682748,0.00635458811817114,-6.71847750770456e-08,0.00320077239227721
"730.072",-2.17597493485102e-06,-6.26611997993627e-05,-1.76942310988953e-06,-0.000113426544355063,0.000252921148686063,-0.000382671100977805,0.000421764764876618,-0.000350965314581671,4.08255935612153e-05,0.000251464936412125,-0.000111539664705313,-4.60015541855892e-05,0.000246022349803984,-0.000101858631066153,-0.000567658268574568,0.000244815873602727,-0.000102644594724563,0.000258623127425975,-0.000221790299348666,6.94969520873024e-05,-0.000382125237529712,-0.000355230607098303,9.64535501959896e-05,0.000207496054408705,-0.00019496807673404,-0.000334293461826883,-0.000313529410028883,0.00111236548519081,0.00144620387978009,-0.000156916026394363,-0.000854096099307747,0.000377586501315075,0.000431780681251476,0.000478124978285515,8.06280172729107e-05,-0.000170833998004458,-5.38091428061102e-05,9.31973310489103e-05,0.000198488851937943,0.000256224534211342,0.000829539001951567,-5.57744285807442e-05,9.75422610432582e-05,-0.000339952302377988,0.00115958596673879,0.000142578719058546,-0.000122430822377032,-0.00145619481473264,-0.000456308233803719,-8.25451268529141e-05,0.00337473315453521,-0.00451940559071383,0.00610195032248796
"734.817",-0.00072139583862223,-0.000875823024557795,-0.00076515729906561,-0.00098711246502351,-0.000341104184383006,-0.00026450817374334,-0.000220909813880247,-0.00035213725680742,-0.000169556631708703,-7.92170718497317e-05,-0.000173244297995829,-0.00124270572409281,-0.000510911748155074,-0.00045474433210474,-0.000672337408974768,-0.000635828723181713,7.06776693553232e-05,0.00018913298808157,-0.000489005728660762,-0.00128479210600972,-0.000487141903317463,-0.000416755755195585,-0.000312357299997151,-0.000932945749790129,-0.000402425718112159,-0.000287369512851912,-0.000416621110127291,0.00182951757856942,0.000326933682504599,0.000108602504937554,-0.000302510060890071,-0.000626301795805031,-0.000334120537811773,-0.000747582464571802,-0.000522400969139108,-0.000534720516368606,-0.000966012389058734,-0.00046491175627615,-0.00024468991260037,-0.000655420913507584,-1.43870302294498e-05,-0.00106687109950588,-0.000638441312228906,0.00145719116356551,0.000167787221959773,-0.000176457690346844,-0.00205778938717969,-0.000346402203351574,-8.429206823277e-05,-0.0048458261141734,-0.00777046802432112,-0.0159301375223181,-0.0178252206538881
"739.563",7.87981663261686e-05,0.000345755489348913,-0.000375089763204849,0.00106838051627877,0.000489749206670991,0.000459565437014498,2.22508840534318e-05,0.000316858020261489,0.000301257264522635,0.000396369062732025,0.000505622769845744,0.000488390095543152,-3.44762636487001e-05,4.72925168901381e-05,-0.000192313268228611,0.000784888922904441,0.000159388910690383,0.000347887846690135,3.78409134116696e-05,0.00043978450545792,0.000216013127021057,0.00032209442852546,-0.000217069626484496,0.000297757887709766,4.52664990631421e-05,0.000440134736137581,0.000934585905164481,0.001255237824716,2.55354527693625e-05,0.000651973002612317,0.000539046774806538,4.56799200366892e-05,-1.13849345920105e-06,0.000374081754562282,3.70349959992404e-05,0.000137720029467787,1.56431009829183e-05,0.000415432767605356,0.000286011109392877,0.00124297466354201,0.000446742505255188,0.000664128414242249,0.000573608036704451,0.00071802194245003,0.000415428884597589,0.00154425928661394,0.00187133791865743,-0.00219849652596901,-0.00191060370346904,0.00412938912748731,0.00219739816157663,-0.00414370228240916,-0.00332813433283448
"744.31",-7.90807044703702e-05,-0.000688726209015467,-0.000359394279829799,-0.000169025951829132,-0.000978419869004915,0.000430322459878114,-0.000169094693853928,-9.82482331801912e-05,-7.45155351131145e-06,-1.62972842562524e-05,-4.69664478071221e-05,-0.000320915444164363,0.000278913833606513,-0.000644755673978453,-0.000214857596457125,-0.000150704551269745,0.000436217858017414,-0.000228391105092771,-0.000624486014901472,0.000196685244625406,-0.00022074134005054,-1.03772510001301e-05,-3.74065527974209e-05,0.000120185254820943,-0.000243240707395149,-0.00043358860056191,-5.03748291458515e-05,0.000707155233880217,0.000145965286506454,-0.000697072960719075,-0.000407632077957616,-0.000319806531713992,9.66268888701613e-05,-0.000406179592450279,4.35428510748301e-06,-0.000678320576222643,-0.00118483757879875,-0.000271835586701716,0.000386015336945406,-0.000226911681778903,0.000202503484579808,0.000276823858149438,-0.000254554751325418,-0.000287582941794585,1.16803983870029e-05,-7.72409225048174e-06,-0.000847194291024409,0.000769243209062661,-0.000168964317588334,0.00158328294111848,-0.00471398939230244,-0.0118664927022113,-0.0160298556645687
"749.058",0.000924766690452847,0.00118515849214744,0.000144447804012624,0.000737232671836793,0.000295764418348296,0.00056590661229214,0.000203994575700072,0.000470674415858456,0.000737887030741818,0.00089880094708505,0.000234516245761521,0.000292542081726582,0.000940304957460536,-0.000133223749684154,0.000100879889672425,0.000525944532509726,0.00124246000873535,0.000632123229657694,0.000658507879606949,0.000952756874734363,0.000521389176858843,0.000548103755468822,-0.000106612991547074,0.000776038172377587,0.000923741626664642,0.000673295245714273,0.00169455529956785,0.000118565817221124,0.000138794655512111,0.000415097066733829,0.000533977374687303,0.000107846158648626,0.000761603065390919,0.000534436303588389,0.000736142564670422,0.000904399843639259,0.00108074949109057,4.0033664348695e-05,0.000732077788042337,0.00147712983061437,-2.25675644638674e-05,0.000294015980534336,-0.000298507642537533,0.000129820539874033,0.00137093845248348,0.000713423975103189,0.00313843591446942,0.000291698107188764,0.00120268301354697,-0.000961562844972695,0.00865774843892583,0.00587624739056565,0.0298287404767355
"753.808",-0.000124841283568361,-0.000245035566022133,-0.000267914960123587,-0.000541059985251666,0.000134912180698867,-7.36489860805711e-05,-0.000284909349218584,0.00050287901297273,-0.000156241109261501,0.000107551798860432,0.000427974824874253,0.000124891207386139,0.000288460905869124,-0.00040128290225193,5.26161167938657e-05,0.000197698335622576,0.000462847334496248,-0.00020010157562991,-0.000300619626800669,0.00131395769761272,-0.00067497191415888,0.000442590098770489,-0.000108497611265413,-7.61119284011847e-05,0.000237182271504689,0.00165341207203089,0.00138129800971024,0.000128705795352249,7.71271233608256e-05,-0.000339310029281647,0.00020193167524747,0.000292938456494257,0.000510193099690528,-0.000542915371172234,-0.00034928512117423,-0.000400925022539084,0.000270623729556856,0.000825772626035092,0.000459324190682393,-1.65201543662243e-05,-0.000389188385391632,-0.000265327626348445,-0.00146016812930698,0.000909339231125813,-0.0010549876793643,0.000706909080712177,0.00148385658851565,0.00144012830557352,-0.00380097636611096,-0.00181490130404689,-0.00459564877191017,0.00311464875699516,0.0317587550392072
"758.558",-0.00115790760752602,-0.000619425886566793,-0.00097714591513375,-0.000118311733388006,-0.000557604975139499,-0.0003707089874767,-0.000572317426626949,-0.000264482567576344,-0.000295637852352533,-0.000236351029413692,-0.000307046168650928,-0.000207488308757681,-0.000744851288903789,-0.00053621018242679,-0.000218746995972745,-0.00104395308970443,-0.000539421363023175,-0.000596083434659029,-0.000891036895727661,-0.00019211779988996,-0.00117429168489333,-0.000845836262670275,-0.00111134112940639,-0.000782138198551423,0.000510927289835948,0.00170869340260048,-0.000425886900204347,-0.0006234861803364,-0.000479989626912868,-0.000640365241285233,-0.000503239249067944,1.48262954546696e-05,-0.00043366888294779,-0.000352493846773786,-0.00112891433763687,-0.000964399884151706,-0.000554129924749259,-0.000172597720871305,0.000106899918221103,-0.00167320819125051,-0.000871809487515978,-0.000262283440452714,-0.00202576898554032,-0.0010764541757447,-0.00247918012477838,-0.000139844902501705,-0.00222812268921096,0.00101143899937148,-0.0033232813555945,-0.00179411952979375,-0.00466914357812769,-0.00195139729476771,-0.0423445777530382
"763.31",0.000166739610461412,-4.92979651884508e-05,-0.000530387581053397,0.000248084789313097,7.56081148154812e-05,3.52731070235348e-07,0.000196317365088973,0.000143029215282625,0.000401932788559567,-0.000148288701713431,0.000177336922032718,0.000401688455991944,-0.000310137708137326,0.000229830879624472,0.000197744534593471,6.46110935427449e-05,0.00030485794808816,-0.000182339527495146,-0.000276958835310423,0.000339084987940611,0.000131365141017202,0.000198091398429468,0.000603937130760614,0.000478517850041471,0.00159888548753408,0.0013447977801712,-0.000143385635413803,-0.000684034880904285,-0.000125783924428073,0.000606821649549255,0.000560796310947472,0.000486015091034566,0.000200510325276888,0.000781670876662405,0.00019347594997923,0.000521335483501517,0.000652603520024987,-0.000282643849667753,-0.000141215405795173,-0.00122797636378161,3.01855631588141e-05,0.000866023608675816,0.000208586350525973,0.00036342366435572,0.00122758985392092,9.23142396238956e-05,0.000850344211929144,-0.00093519410454709,-0.00142156924357708,-0.000403586669704879,-0.000402280111539251,0.00497636960670104,0.0165651557764764
"768.062",0.000216530256545212,-0.0007320375005615,0.000241061415649638,-0.000257494642291155,0.000295398354188316,0.000253614947350299,0.000279363240517663,0.000330135401880355,0.000232350411505755,-0.000128996065719811,-0.000102841255627296,0.000165402233807946,-0.000198707150058594,-0.000194859677972451,-0.000178614418437045,-0.000233611605033408,0.000547730678375817,0.000302499330982535,0.000572712705836286,-9.13638674345234e-05,0.000438357648330281,0.000606476705958402,-0.000288817873047724,0.00120504532348246,0.00297452407075298,0.000756309671553739,-0.000304626469368271,0.000989338971918862,0.0001134272296487,0.000690293704845087,-0.000249312174848371,0.000615835671691074,0.000474250145988946,-0.00034841981976853,0.00119903484351921,0.000281956781210343,0.0008134442277071,0.000197852493575702,0.000416180443980753,0.000646099621867244,-0.000211631734685872,-9.64781356755501e-05,7.13254269954708e-05,0.000378889201775236,0.00106434041034362,0.00108650540190242,0.00155821209021321,0.00212488783206806,0.0019373551331195,-0.00125631586502861,0.00445452733782133,0.00200915832593616,0.00240912317567703
"772.815",0.00148884781469806,0.000532556918709234,0.000761537400544459,0.000660046684395356,1.4654910376322e-06,0.000264755227102263,0.000166651747101051,0.000438344747049557,0.000148181184222093,0.000553751055647046,0.000919647194219958,0.000428424891097304,0.000349595429318625,0.000681651172871063,8.08791009998895e-05,0.0011195364636525,0.000822562315090298,0.000523360547896313,2.58291028909675e-05,0.000515068912214802,0.000755293817175122,0.000344170896338857,8.18165610351859e-05,0.00202306152196974,0.00210283485236876,0.000603790381927281,0.000619371505666671,0.000963465717773926,-0.000189749952490869,-0.000386217902335624,0.000506681073140713,0.000824002413337828,0.000857546737716925,-0.000145228433963324,0.000166003937316248,0.000793851832877567,1.32991874043881e-05,-0.000269443615028486,0.000542373626407011,0.000901126447861713,0.000236108749999223,0.00132270215085746,0.00192053657055858,0.00167022080287938,0.00212558708800622,0.00192731796882544,0.0025922207022945,0.00308877868210822,0.00231367661429346,0.00106196029919793,0.0111319526871275,0.0155610298913751,-0.00923623949392699
"777.57",0.000696263765211161,0.000401273722693959,0.000319581020843728,0.000816201599331014,-0.00024559365979983,0.000151103676451408,0.000115085432403665,-8.53303065365683e-05,0.000175954492445518,8.2460119161971e-05,0.000485691989702731,-3.7181944608767e-05,0.000358249477201515,-0.000210644876982692,-0.000256729685113321,0.000324227487678513,0.000174527621919558,-2.77825422597712e-06,-0.000103693541263165,-0.000210321488579208,0.000230879460681577,0.000497946513921464,0.000908947972048087,0.00300691566883949,0.000799165197043771,0.000552338809386473,-3.55094968265791e-05,9.15814346958464e-05,0.000124971863729689,0.000681386181622747,0.000238237183830706,2.60080237389705e-05,1.83647087191919e-05,0.000274694251663903,0.00087930230602363,-0.000289213807861471,-0.000347614885584625,0.000668718697611634,-9.19958247334119e-05,0.00071076684839285,0.000831719033890363,0.000795575710411003,0.000221096687647053,-0.000581355304825472,0.000355478455539763,0.000273699508885947,-0.00148540303013562,-0.00125390982100985,0.00260279513624667,0.000114083290107567,0.00725080861696133,0.00870749426076669,0.0219576222785919
"782.325",-0.000867706140496877,-0.000367985617696293,-1.16402426869316e-05,-0.000342793473137729,-0.000604687760626107,-0.00016855589380309,-0.000335211521146932,8.67365627754373e-06,-0.000118873469796836,-0.000578547502528269,0.000149606150551967,0.000104645504891656,-0.000450787590135051,0.000188688262239046,0.00037181047441602,-0.00122599585249021,0.000183131865993607,7.11401059395977e-05,0.000405178801385143,-7.09729636163643e-05,-0.000260024696628816,-3.18694831044223e-05,0.00115463024963575,0.000615218983092581,-0.000397156760609591,-0.000189585686351511,-0.000902383710183,-0.000147179814477906,-0.00014899012930614,-0.000129447574970292,0.000143927122533442,-0.000219560420750957,-0.000155071079391554,-0.000431072777908025,-0.000271424631838388,0.000312696057969338,0.000119962039295029,0.00012958180600527,-0.00103361417924686,0.00042388675532562,-0.0001408472401207,0.00103871678624584,-0.00131099027577597,-0.000660100642231757,-1.87505104279813e-05,-0.00141502988833071,-0.00089362927999251,-0.00156232381782002,-0.00168896968130923,0.000708861140029569,-0.0104035812107781,-0.00416080800999138,-0.00917901777340556
"787.081",-0.000366881064241643,-0.000631581362480835,-0.000494590190157424,-0.000291473405678275,-0.000526822224456966,-4.80962605909635e-05,-5.69043166248972e-05,-0.000162695353114071,-0.000272159663282458,4.00114184446211e-05,0.000205593197434935,-0.000250446423880962,-0.000329646297194138,0.000185872771752528,-7.36612288288003e-05,-0.0006860959884255,-0.000358067148067251,-0.000223577681776794,-0.000573961322950884,0.000101160278785307,0.000237515357520967,1.94691895037012e-05,0.00109935295498956,0.000501239177562945,-0.000727327455627395,-8.09840280125785e-05,-0.000210502542555747,-0.000166687147224786,0.000319098053853913,-0.000229900852489125,-0.00022506568204172,0.000449217857963687,-0.000343532536659382,-0.000469805834997318,-0.000695232303946293,0.000529451999690707,0.00011347183198726,-0.000238927213494818,-3.60635710304489e-05,0.000978233372502628,-0.000303482949224564,-0.000234123725157348,0.000115553697359031,-0.000789466922041032,0.000596014545099075,-0.0011966942531701,-0.00203888038695797,-0.00160425158552909,-0.00136523138906497,-8.14860203281525e-05,-0.0019875668582446,-0.0104141422004395,-0.0197922688555554
"791.838",0.000508420056230524,-0.000619876525529215,9.23252448429111e-05,0.000302985185562712,-0.000288061855144823,-0.000754060927501169,1.62041093697579e-05,-0.00027967820208084,3.4786220111727e-05,-0.000382187310550215,-4.05095835593356e-05,0.000355866828579839,-0.000798475995055604,0.000523232505691653,4.22152230324189e-05,-0.000799065463017551,-0.000472030704334044,-0.00096891103981825,-0.000100000897042043,0.000282157661816443,0.000549043298144719,0.000604237319258336,0.00155456013884016,-3.21056690004781e-05,-3.01971009219894e-05,-0.000285303249283383,0.000409483838824688,-0.000505316490308134,0.000486234507081803,-0.000286308748831826,-0.000214208257325215,-0.000108800411709998,-0.00051568646111241,-0.000517387448121162,0.000239885802030307,4.9301942485508e-05,-0.000165910347632321,-0.000745369559983318,-0.000266262363657447,0.00035766295453152,-0.000327431943917102,-0.000312543050600133,-0.000336751482659467,-0.00101516460295215,-0.00090907063763027,0.000657337983072027,0.000493962601967921,-0.000258639677267554,-0.0011968876912141,0.0048267473229227,-0.00583003788923871,-0.0117377034533532,-0.0294385506275913
"796.596",5.62011202560267e-05,-0.000462569040630703,0.000321404900849886,-0.00121769364183334,0.000230352772429195,-0.000159947929845822,-9.72180925447545e-05,-4.53458497953154e-05,-0.000119264351716006,-0.0001297136666263,-0.000892919858033568,-0.000171677815738483,-7.13091805801038e-05,-0.000321328928075759,-0.000448886728618909,-0.000336195265502854,-0.000232291820394906,0.000396176164465332,-0.00124191225708798,-0.000791678800227842,-0.000198943813835104,0.000721983554588431,0.000132080415608575,-0.000119825428670353,-0.000709145026304347,-0.00108339711844506,-0.000379058426907884,-0.00052688621036648,0.000167474817562205,-0.000147483210212276,-0.000554642186852323,-0.000347294542663278,-0.000409054676264137,-0.000405250891711959,-0.000916906185300073,-0.000148324584981207,-0.000230670793498641,0.000430323903438808,8.57686566289443e-05,-0.000116936726997272,-0.00079904360523205,-0.00127488318073646,-0.000593298616376042,-0.00120993104425687,0.000584440093046562,-0.00146059729134521,-0.00255757304824486,-0.00411093775628606,-0.00199352794894519,-0.00147932184079531,-0.00162904793120203,-0.0271744865679491,-0.00400869706817531
"801.355",0.000830982458991347,0.000383565848160166,2.02055798878662e-06,-0.000145817387758159,-0.000310665839933933,0.000443589658137973,0.000186859644145456,0.000175669114783366,0.000554936417189132,0.000561330381798726,-0.0001187112747317,0.000658703254568883,-0.000169592288343662,-0.000298401751755667,0.000302039150472924,0.000989287792046491,0.000778614964260823,0.00089364096731966,6.80228420198862e-05,0.000759098229970651,0.00129321345536799,0.000670928651228174,0.000150056467656103,-0.000128281813504763,0.000121776606625218,0.000170191098154059,0.000306499510202648,0.000995443783873059,0.000420292026977914,0.000304128910082411,0.000134798725269015,-0.000373858747621429,0.000245602493706243,0.000492642755075852,-0.000102491318276583,0.000486559466194949,0.000212532943227306,2.16860226951327e-05,-0.000186171154103403,0.000306854906456536,0.000849454406593014,0.000533457425494,0.00080906325392936,0.00153258790257334,-0.00104626057414236,-0.000340347352398649,-0.000316731740381898,-0.000414697469082115,0.00384953760998353,-0.000549063137698009,0.00277907362194865,0.0100871139010063,0.0039246624093149
"806.114",0.000392362735630626,-0.000315693658721667,0.00019035778280089,2.11271767521157e-05,-5.88387600467211e-05,-0.000121859151786472,0.000309124248805429,-0.000370942986658364,0.000241588616644408,-3.20664442296383e-05,0.000690665892434054,0.000225326166516902,-4.91194472256943e-05,0.000663426578249922,0.000746840329361932,0.00068393142202695,-0.000367293786963827,-1.96592513476379e-05,0.000192467440239504,0.000204452212079941,0.000725940823914282,0.00061232041138795,0.000442716776314009,0.000293649407425285,0.000677232481553662,0.000775036226573949,0.000546711289107394,4.06282758158801e-05,-0.000270245838988852,0.000186090488702918,-0.000548785703202068,-6.108444922493e-05,-0.000486004920762347,0.000880941931130206,0.000305425140634852,0.000105922175484341,0.000731630154102897,0.000392945147877551,0.000201667918219743,-0.00060872787350994,0.000932500794251973,0.00170056683253077,0.00051777901584297,-0.00037742574440871,0.00146241277757371,-0.000636415432168162,0.00178173144102059,0.00247300352025942,0.00274744021829616,0.0047973338899372,0.000396388478298296,0.0058645215405855,-0.00235667854564141
"810.875",0.00185744037333631,0.000240698530659078,0.00171888256213862,0.00133184080266387,0.000589933802762235,0.000638726816156933,0.000902056210883007,0.000754311062176717,0.000567536619404296,0.000575174871986961,0.00104342806958683,0.00120363294477246,0.00135379705644651,0.000560839514182389,0.0009866709205404,0.000297923068560031,0.00132033289823088,0.000708872346641617,0.00103869261755591,0.00169759670753922,0.00215568479498957,0.0013856360162981,0.00183545505269869,0.00115332374893023,0.00153977824719321,0.00103818406772006,0.00118123115992039,0.00178678772309221,0.000656731406319892,0.000978819069271348,0.000935738308067665,0.00126682677350599,0.000592147034615234,0.00122510477261279,-0.000141990156079993,0.00143622722957858,0.000747375424395583,0.00145169770201956,0.000650296370508156,0.0010923012471804,0.00130252031990159,0.00145865029851747,0.00157201141877395,0.00143317487699566,0.00183444288816919,0.00123790482291669,0.00141820311691478,0.00508095639764118,0.00955294311961721,0.010194630047152,0.00674720102267156,0.00914875273270766,0.0308467988117195
"815.635",-0.000765447487227237,0.000706443893203983,-0.000205297198775521,-0.000274541888390086,0.000563101688154153,-0.000312252708262231,0.000245747502317724,0.000228335316548376,0.000437494271101283,-0.000499841762395243,-0.000286468961155752,0.000406228711036605,0.000347116748146548,0.000606449695521471,0.000545914234200751,0.000343169308485797,5.1741846299783e-05,0.000867801404237904,0.000705428474573495,0.0020152652746466,-1.22147021150046e-05,0.000360929143402614,0.000668366003291917,0.000119579099586074,0.000271309559392088,3.88723375266261e-05,0.000544848861722592,0.000490227639318589,-0.000140456738343217,0.000310243442955143,0.000237192071919781,-0.000367877955577875,0.00021189752046506,0.000372564837955666,0.000271077400115832,0.000852357541628681,3.84605031280318e-05,0.00109936740833012,0.000225938752048991,0.000196299027669495,0.000915506898390999,-0.00030469307997822,0.00119359783710209,5.169531930192e-05,0.000252127809884663,0.000523849758957508,0.00134613040671864,0.00099162669831572,0.000986499221395488,0.00599149550501407,0.00164424366849126,-0.00375348414950182,0.0446729506805573
"820.397",-6.16590270542255e-05,-0.000797958044481062,-0.00107779545365038,-0.000294283350924527,-0.000189756991383055,0.000128177683845985,7.06196001193575e-05,0.000182010609053581,-0.000493284724777014,-0.000345792957507087,-0.000665061456341399,-0.000957822382312067,2.61158361023739e-05,-0.000191656790021653,-0.000429297208385602,-0.000227913979831693,-1.92576493793349e-05,-0.000297364422212819,-0.000192734675110957,0.000476763610378672,-0.000353352882163591,-0.000376122517303122,-0.000175392911510153,0.000271994571074476,0.000233525256953129,-0.000385103800063726,-0.000377427277827333,-0.000571320253351937,-6.76978643961458e-05,-0.000545358684358775,0.000298136283137356,0.000151877872305854,0.000122791006303344,-0.00021243636475354,-0.000187480530505088,-0.000244649062044309,-0.000126446615543434,-1.80479949561354e-05,-0.000798601433769773,-0.000818041248801498,-0.000298678531825362,7.09380835455962e-06,-0.000589964686319649,-0.00162304447382312,0.000705357954644873,-3.43632849966347e-05,-0.00193022342672847,-0.000551160168755704,0.00024337563720685,0.00287332251032594,-0.00209857758042408,0.00539532999079525,0.0135122324638274
"825.159",0.0001971696452617,0.000473699504544427,-0.00058714526776342,0.000753806975934091,-0.000367526102898385,-0.000256942040248651,0.000220438075627385,0.000192671922971156,8.23710008599515e-05,0.000369287765735261,-0.000316348572051593,5.99714519239157e-05,-0.000547331272695085,0.000165872481186508,3.07190486818622e-05,7.09452200957003e-05,-0.000124422635909222,0.000320617641703988,0.0014575374323165,-0.000233014967758352,-0.000279412549073726,0.000322336145621255,-7.14669527632424e-05,9.42060307860154e-05,0.000570617453590443,-4.89064133425711e-05,0.000827237503848278,-9.46900775960699e-07,-0.000354701541564169,2.64836904439135e-06,7.90801735361579e-05,0.000207901226456703,-0.000374255551919036,-0.00028194958335077,0.00040008524468818,8.38023861805354e-05,0.000208878096945772,-0.000613081049694813,-0.000925899744137118,-0.000729622976172048,-0.000463809761320318,-0.000282555400898264,-0.000547675223172924,-0.000171645695476629,0.00157230381501058,-3.95413635187504e-05,-0.00156922692112286,-0.00167015261659486,-0.000916085864747053,-0.000857977479586027,-0.00058447854692951,0.00680272041739786,0.0255150084106778
