"","500","495","490","485","480","475","470","465","460","455","450","445","440","435","430","425","420","415","410","405","400","395","390","385","380","375","370","365","360","355","350","345","340","335","330","325","320","315","310","305","300","295","290","285","280","275","270","265","260","255","250","245","240"
"248.336",0,0,0,0,0,0,0,0,0,0,0,0,0,0,0,0,0,0,0,0,0,0,0,0,0,0,0,0,0,0,0,0,0,0,0,0,0,0,0,0,0,0,0,0,0,0,0,0,0,0,0,0,0
"252.814",0,0,0,0,0,0,0,0,0,0,0,0,0,0,0,0,0,0,0,0,0,0,0,0,0,0,0,0,0,0,0,0,0,0,0,0,0,0,0,0,0,0,0,0,0,0,0,0,0,0,0,0.0504289521440118,0.0295487886441547
"257.296",0,0,0,0,0,0,0,0,0,0,0,0,0,0,0,0,0,0,0,0,0,0,0,0,0,0,0,0,0,0,0,0,0,0,0,0,0,0,0,0,0,0,0,0,0,0,0,0,0,0,0.00858845773721084,0.000464387809398656,0.00564885164976509
"261.781",0,0,0,0,0,0,0,0,0,0,0,0,0,0,0,0,0,0,0,0,0,0,0,0,0,0,0,0,0,0,0,0,0,0,0,0,0,0,0,0,0,0,0,0,0,0,0,0,0,0.0133239990709944,0.00764774632932717,0.0112556058761472,0.0232393011464229
"266.271",0,0,0,0,0,0,0,0,0,0,0,0,0,0,0,0,0,0,0,0,0,0,0,0,0,0,0,0,0,0,0,0,0,0,0,0,0,0,0,0,0,0,0,0,0,0,0,0,0.0306849013893407,0.00419486765652474,0.00166177199542099,-0.00355977562645454,0.00668598527105169
"270.764",0,0,0,0,0,0,0,0,0,0,0,0,0,0,0,0,0,0,0,0,0,0,0,0,0,0,0,0,0,0,0,0,0,0,0,0,0,0,0,0,0,0,0,0,0,0,0,0.0255873451139796,-0.00164213674284608,-0.000323703794282482,0.0140219467240897,-0.00275431698880146,0.00343093336203981
"275.26",0,0,0,0,0,0,0,0,0,0,0,0,0,0,0,0,0,0,0,0,0,0,0,0,0,0,0,0,0,0,0,0,0,0,0,0,0,0,0,0,0,0,0,0,0,0,0.0302122576421673,0.00569647414555274,-2.2983296463365e-05,-0.00409109904250221,0.00780069930390037,0.0064380379657582,0.0256170617905565
"279.76",0,0,0,0,0,0,0,0,0,0,0,0,0,0,0,0,0,0,0,0,0,0,0,0,0,0,0,0,0,0,0,0,0,0,0,0,0,0,0,0,0,0,0,0,0,0.0230020528378345,0.0104052608347434,-0.00406963880155473,-0.000512982944548865,-0.0128181888439853,0.0120514152243733,-4.17791232530385e-05,0.0383810131616854
"284.264",0,0,0,0,0,0,0,0,0,0,0,0,0,0,0,0,0,0,0,0,0,0,0,0,0,0,0,0,0,0,0,0,0,0,0,0,0,0,0,0,0,0,0,0,0,0.00623132336309656,0.00124649144058656,0.00130394070967563,0.00238043051255138,0.0057663137487794,0.00525298856252092,-0.00105250785897171,0.00259568669274585
"288.772",0,0,0,0,0,0,0,0,0,0,0,0,0,0,0,0,0,0,0,0,0,0,0,0,0,0,0,0,0,0,0,0,0,0,0,0,0,0,0,0,0,0,0,0,0.007720750123755,-6.78167383238205e-05,0.00185740337166538,0.00582284301941327,0.000400262705100407,0.00182632699482971,0.00710347924299449,0.00517895110725522,0.00480071444519877
"293.283",0,0,0,0,0,0,0,0,0,0,0,0,0,0,0,0,0,0,0,0,0,0,0,0,0,0,0,0,0,0,0,0,0,0,0,0,0,0,0,0,0,0,0,0.0085449392981376,0.000262525043899627,0.000192095883186024,3.2823122064915e-05,0.00904207241250204,0.00527583166280374,-0.00176855979112624,-0.00619261144723912,-0.0137558379486552,-0.00933907883713471
"297.797",0,0,0,0,0,0,0,0,0,0,0,0,0,0,0,0,0,0,0,0,0,0,0,0,0,0,0,0,0,0,0,0,0,0,0,0,0,0,0,0,0,0,0.00838230261661943,0.00112413871572292,0.000926761919893503,0.00111787104065249,0.00362519127070343,0.00156779001918961,-0.000238741758993875,-0.00216943675957806,0.00146284854718223,-0.00368046236826157,0.0264964793053799
"302.315",0,0,0,0,0,0,0,0,0,0,0,0,0,0,0,0,0,0,0,0,0,0,0,0,0,0,0,0,0,0,0,0,0,0,0,0,0,0,0,0,0,0.0105178415567923,0.00159931436285351,-0.000495119463612907,0.000585201206319264,0.00786964544053034,0.00402464222971882,0.004537909032166,0.00363283504409839,0.00341704822314129,0.00335837231322344,0.00608203421137434,0.0426682315785931
"306.837",0,0,0,0,0,0,0,0,0,0,0,0,0,0,0,0,0,0,0,0,0,0,0,0,0,0,0,0,0,0,0,0,0,0,0,0,0,0,0,0,0.0139458844742195,-5.3461087156894e-05,0.000348902000730626,-0.000276030899900265,-0.00185755885922689,0.00193966655937011,-0.00034315506799075,-8.18563882568459e-05,-0.00115588975518525,-0.0011397425731979,-0.00323220517441855,-0.00360377793792993,-0.00386316264194091
"311.362",0,0,0,0,0,0,0,0,0,0,0,0,0,0,0,0,0,0,0,0,0,0,0,0,0,0,0,0,0,0,0,0,0,0,0,0,0,0,0,0.0144884005503061,0.000502708315872839,0.0008134681834325,0.000596378422096002,-0.00171991851699113,0.00569378595836106,0.00221585688396234,0.00163870287418892,0.00204769494761961,0.00169773776624775,0.00219262098115851,0.00143203488397991,0.0091956454837403,-0.00663358821651798
"315.89",0,0,0,0,0,0,0,0,0,0,0,0,0,0,0,0,0,0,0,0,0,0,0,0,0,0,0,0,0,0,0,0,0,0,0,0,0,0,0.0161747832010463,0.00146137053571635,-0.000237136886767117,0.000241591564364671,-0.000390362196027297,0.00119681307943012,0.00306252120736217,0.00376571175895484,0.00137928561241912,9.01576023062292e-05,0.00224527263394909,0.00362603124362031,0.0102647189213861,0.0062766291011871,0.00656458485683488
"320.422",0,0,0,0,0,0,0,0,0,0,0,0,0,0,0,0,0,0,0,0,0,0,0,0,0,0,0,0,0,0,0,0,0,0,0,0,0,0.0122156403190866,0.00267817261366217,0.000246850514037607,0.000883797450531671,0.000969645207991011,0.0015524212083444,0.0060546288025824,0.00255007041444907,0.00301155369616204,0.00323224359498773,0.00378775846487902,0.00263334352824348,0.0063576704009764,0.0138679621577257,0.0141408129692532,0.0320010983925279
"324.958",0,0,0,0,0,0,0,0,0,0,0,0,0,0,0,0,0,0,0,0,0,0,0,0,0,0,0,0,0,0,0,0,0,0,0,0,0.000904072595545924,0.00181080295004075,0.000581925578897797,0.000287327652662511,0.0012428909517852,0.0014078393666154,0.00483249241689615,0.0043638844850274,0.00145258938564643,0.00288782920476954,0.00363444968967217,0.00310159967683747,0.00203744223584317,0.00570029834610353,0.0127066618201202,0.0169128514011189,0.0444299937051918
"329.496",0,0,0,0,0,0,0,0,0,0,0,0,0,0,0,0,0,0,0,0,0,0,0,0,0,0,0,0,0,0,0,0,0,0,0,-1.71428505622018e-05,0.00417131934050255,0.000868461776740133,0.000399751767388629,9.6010739605891e-06,-0.00062933082794836,0.000972166882428904,0.0020315686468876,0.000545965362083428,0.000939821709548163,0.00293814324290625,0.0017545992252919,0.00105387716209579,-0.000577706171672143,-0.00119354375656942,-0.00188352170512372,-0.0162743289062905,-0.0127777379522798
"334.038",0,0,0,0,0,0,0,0,0,0,0,0,0,0,0,0,0,0,0,0,0,0,0,0,0,0,0,0,0,0,0,0,0,0,0.000302036551389162,0.00505438750496556,-0.000665173735667501,0.000182033229018427,0.000521255913829498,0.0005387027662055,0.000876247577045353,0.00310676451054434,0.000913222596430624,0.000274444784116629,0.00132273840370347,0.000449887068615606,-0.000533933518055783,0.00266900906893389,-0.000116965853501017,-0.00176181526157887,0.0125063990920805,-0.00309168221746482,0.00468049111038484
"338.584",0,0,0,0,0,0,0,0,0,0,0,0,0,0,0,0,0,0,0,0,0,0,0,0,0,0,0,0,0,0,0,0,0,0.00087771075343257,0.00534970611697863,0.000965648912177727,0.0005213923497016,0.000562623889326059,-0.000340703198921245,0.00220092047837411,0.00303672631526297,0.0019172482836879,0.00117040351098808,0.00212094925912342,0.003388960522791,0.00391210799409901,0.00447627322590051,0.00518178220701932,0.00526574605508876,0.00550652708322665,0.00819198803752813,0.00994545683603677,0.0337809083562382
"343.133",0,0,0,0,0,0,0,0,0,0,0,0,0,0,0,0,0,0,0,0,0,0,0,0,0,0,0,0,0,0,0,0,0.0012250064087076,0.00836015593118916,0.000844668961504336,0.000446489361015838,0.00146564745937592,0.000674759153131628,0.0033844639038456,0.00519208289205281,0.00247414407784785,0.00180713745949275,0.00215639434521141,0.00391603896663982,0.00362705711532208,0.00378036669648831,0.00252410861762642,0.00504161491659084,0.00531901202379502,0.00932978397547188,0.0142303452551519,0.00638436450458599,0.0418271954396202
"347.685",0,0,0,0,0,0,0,0,0,0,0,0,0,0,0,0,0,0,0,0,0,0,0,0,0,0,0,0,0,0,0,0,0.00723854235203142,-0.000280632906790037,-0.000114607127800306,5.52095445812695e-05,-0.000399676293681212,-0.000726926145772896,0.000825847117859879,0.000765037137092986,-0.000845965370880136,-0.00053176816344661,0.000647976266797534,4.48049670408565e-05,0.000245242573294227,-0.00180156696352324,-0.00241504437901306,-0.000826798766727608,-0.000929822634160707,-0.00208392388864615,-0.00746074779554896,-0.00808187286419082,-0.0473287735374113
"352.24",0,0,0,0,0,0,0,0,0,0,0,0,0,0,0,0,0,0,0,0,0,0,0,0,0,0,0,0,0,0,0,0.0099602604538851,0.000240268048665693,-0.000451948972243463,1.69153489577491e-05,-0.000111812017906761,0.00115489771091866,4.09235270727726e-05,5.17220603925284e-06,-5.64139033935318e-05,-0.00125376877767265,-0.000148804610978173,0.000718423248250449,0.000279887951506877,0.000384895012706818,0.000228230781384693,-0.00171032440930533,-0.00144282144484487,-0.000295133354849529,0.00365058047338325,-0.00436167900975802,-0.00338354758564517,-0.0544806800958115
"356.799",0,0,0,0,0,0,0,0,0,0,0,0,0,0,0,0,0,0,0,0,0,0,0,0,0,0,0,0,0,0,0.0090793912133128,0.000661488696608117,0.00047105454852431,0.000683080733910071,0.00108760381887199,0.000121753057002466,0.00094416249344402,0.00157694078158693,0.000825607931039161,-0.00027846380797478,0.00139031750998199,0.000544888054844441,0.00116185186961823,0.00059136812843734,0.000748144562358044,0.000296767992198132,0.000630412503022439,0.00273635583100409,0.00464164331447185,0.00369319300020894,-0.00259131787992289,0.00948785897560883,-0.0287245160183411
"361.361",0,0,0,0,0,0,0,0,0,0,0,0,0,0,0,0,0,0,0,0,0,0,0,0,0,0,0,0,0,0.0122482204695107,0.000349202711080982,0.000680194376643079,0.000251222637535975,0.000471243160369673,0.00016490187812879,0.000596596162018764,0.00126218456311129,0.000868979896942429,0.000907125704783156,8.07023425823503e-05,0.000560131646506787,0.00147586517126074,0.00190080252289159,0.000500079873813343,0.000669395038896358,0.00109575150822347,0.000872591362570977,0.00161591314662278,0.0026954441838965,0.00421274834453843,-0.000654896443910079,0.00954814813135699,0.0192556635191494
"365.926",0,0,0,0,0,0,0,0,0,0,0,0,0,0,0,0,0,0,0,0,0,0,0,0,0,0,0,0,0.00935475457134616,0.000953213467639491,0.000531498886577776,0.000507064687253825,-1.93741236675874e-05,0.000592001547829393,0.000360061869566601,0.000614455164997238,0.000579634146678304,-0.00035268222208399,0.000508909954868608,0.000475705643107073,-0.000333081699483353,0.00110075655413613,0.000482281555839666,0.000789789714754436,0.00117403596275701,0.00163199571885196,0.00258401899884866,-9.28018521309474e-05,0.00276240550553893,0.0026498623899748,0.00353303365114663,-0.0044370723779727,-0.0211483619588041
"370.495",0,0,0,0,0,0,0,0,0,0,0,0,0,0,0,0,0,0,0,0,0,0,0,0,0,0,0,0.00989675412462088,0.00254352224406595,0.000455879185526134,0.000677119191025435,-1.78789937016833e-05,0.000785333190884273,0.000198206532477818,0.00132358456388097,0.00209955569733147,0.000977244950542338,0.000725887794099833,0.00107055472692943,0.00145065758043473,0.000731296497595707,0.00090357418726336,0.00137143515678049,0.00178161628870978,0.00177307201828519,0.00102409926688066,0.001458904641065,0.00179747180112093,0.000893364433577958,0.00263027283260316,0.00467369325221782,0.0124337844108941,-0.0233660530383551
"375.067",0,0,0,0,0,0,0,0,0,0,0,0,0,0,0,0,0,0,0,0,0,0,0,0,0,0,0.0137228662641098,0.00129823620982225,0.000408764187247356,-9.51812476691532e-05,0.000362817585636155,-0.000122516209595655,8.57168797455728e-05,-0.000416035476462719,-0.000621751977345819,0.00137560023056078,0.000410894395667132,-8.7036630068701e-05,0.00010671222749239,0.000275727862812,0.000832828121467914,0.000356419876435734,0.00167720929523577,-0.000119189571242002,0.000773389055768683,0.0017449210189447,-0.000352911095634035,0.00155492003638062,5.89620751566956e-05,-0.0031972674336435,0.000516886418704132,-0.00315908839193417,-0.0274954179610663
"379.641",0,0,0,0,0,0,0,0,0,0,0,0,0,0,0,0,0,0,0,0,0,0,0,0,0,0.0122979704938416,0.00284763584326238,0.000141241947860802,0.000438150142728724,-0.000360626781754803,0.000493845644605162,0.00120223920600193,-0.000519782272050334,0.00104770548774283,0.00045380501434434,-3.47383438753174e-05,0.000593246898026589,0.000669168881626719,0.000528569721015962,0.000797704803496323,2.47651325914955e-07,0.000162592922001002,0.000259662658842114,0.00104863852421743,0.000798791741798586,-0.000317211436922594,0.00140121610574845,0.00272344318908942,-0.000229466086425553,0.00047097591393104,-0.00498866922793881,0.00350832169281002,0.0137326844448531
"384.219",0,0,0,0,0,0,0,0,0,0,0,0,0,0,0,0,0,0,0,0,0,0,0,0,0.000268673583439183,0.00279124740229976,-0.000654129350528099,-0.000290662979021139,0.000491151540950129,0.000141320393505347,-7.36197924909292e-05,4.4416703216258e-05,0.00186171876481532,-3.01905208420494e-05,2.90984447076457e-05,0.000384932855734933,0.000170224232867516,-0.000498382109957018,7.28690869712397e-05,0.000201722095521568,-6.61676360489827e-05,-5.22828487194409e-08,-0.00138530462455497,-0.000656954749776105,0.000448556757748481,0.00207725280369264,-0.00029982418167728,-0.000584669642526953,-0.000511739222819316,0.00211401285783524,0.0012379127848677,0.00417563245411453,-0.00856788414750118
"388.801",0,0,0,0,0,0,0,0,0,0,0,0,0,0,0,0,0,0,0,0,0,0,0,-0.000314087278092123,0.00325377591780504,0.000221441037373055,-0.00018393015885866,-0.000597663488672519,-0.000104075928406697,0.000189639792120844,-0.000345540757869676,0.000840116296910234,-0.000902961010344566,-0.00027145348221919,-0.00035095243711428,0.000204113284476307,0.000126541016081418,-0.000160589809302135,-0.000408399599308411,-0.000435685177994683,-0.00100984675939988,0.000138669773721765,-0.000325131481932503,0.000130713724372046,0.00084149910102435,0.000578065963017923,-0.00148757191125209,-0.00121735058773979,-0.00334999456989119,-0.00280143341553127,-0.00310927737455855,-0.000673207320747892,-0.021509519744596
"393.385",0,0,0,0,0,0,0,0,0,0,0,0,0,0,0,0,0,0,0,0,0,0,0.000808230277420385,0.00590358757198003,0.00153457705246186,0.000690893351491728,0.000390416094448259,0.00100651062128333,-2.7553125013036e-05,4.79597340295014e-05,2.75584970969196e-05,0.00177601186933864,0.000577089601242524,0.000673808036779518,0.000337655520501445,0.00050433291193134,0.000278282074863155,0.000652747767319996,0.000700790858481442,0.000818632903822803,0.000813102340725345,0.000995390352104548,0.000494437371453607,0.000774484226633638,0.000708099044153217,0.00259103399399565,0.00187521895783541,0.00245601705542194,0.00257415114632917,0.00326044964612706,-0.000915809601928198,0.0023683008638145,0.0258969806992069
"397.972",0,0,0,0,0,0,0,0,0,0,0,0,0,0,0,0,0,0,0,0,0,6.25668887286324e-05,0.00593847186666574,0.000581025690568158,0.000266189951621264,-0.000268227128362192,-0.000221200400167115,4.29751743763573e-05,0.000165064732518184,-0.00047107958013743,0.000594031948635512,0.00101653784309655,0.000272933486637706,0.000112537059845696,-0.000273430004211144,7.79035324448659e-05,-0.000468253435788238,0.000148577232682006,0.0010566667447709,0.000347402231871104,-0.000653258499372519,0.00035326826209645,0.00132934476734132,-0.00107470235560351,-0.000117735627089461,0.00118359483055504,-3.30923464967892e-05,0.00314474405473336,-0.000661805136843433,0.000701927187589493,0.000441686914516014,-0.0103905821277725,-0.00868720690424746
"402.562",0,0,0,0,0,0,0,0,0,0,0,0,0,0,0,0,0,0,0,0,0.000127997989729289,0.00641149427953899,0.00011427164622854,2.21937577713285e-07,-0.000324605438196044,-0.000366765172675499,0.000177593069265721,-0.000436043913609328,2.86136253597313e-05,0.000823938032854264,0.000236034445756927,0.000218648535185554,0.00033618577776146,1.99807253142662e-05,-0.00040441162963635,6.42308455948144e-05,0.000517862441796023,4.75915426590826e-05,-0.000250804817998622,-4.0379450261878e-05,-0.000827910894761196,0.00021613727955028,-0.000255371021493513,-0.00113073286776171,4.57875936680674e-05,8.12843398365633e-05,-0.000872537132562803,0.00224759519032767,0.00078213203259417,0.000133241395823277,0.00042489510411826,0.00200274719727791,-0.0122502714521589
"407.156",0,0,0,0,0,0,0,0,0,0,0,0,0,0,0,0,0,0,0,-0.000628596333940301,0.00676048907417717,-0.000131695750677563,-0.000284247181144712,-0.00102183199390727,-0.00109944117834943,-0.000314596781099449,-0.000230855470022976,-0.000768788665163412,5.65821415589307e-05,0.000749030873583204,0.000152831294232131,-0.000279835324568491,-0.0008916983021843,-0.000483703161946257,-0.000320928440661584,2.14543826823694e-05,0.00050239846321439,-0.000141843203741032,-0.000273609546430073,-0.000915348906211697,-0.000608640949394539,-0.000444048019104167,-0.00121649497013711,-0.00127609406103013,-0.000314281586703476,-0.000832955412936489,-0.000736176737733645,-0.00253519584261497,-0.00106739191869828,-0.00822693387025185,-0.00644181389656462,0.00495218423389043,-0.0287543849688406
"411.752",0,0,0,0,0,0,0,0,0,0,0,0,0,0,0,0,0,0,3.46131391971705e-05,0.00863030863136466,0.000164761589538631,0.000435368692546588,0.000834015687884599,-0.000198748816457636,-7.82392590749428e-05,0.000617513519032641,0.000735211575316448,-0.000233454143804705,0.00132110731439537,0.00112752205772129,-5.14082752557567e-05,0.000454289428151492,0.000392532476244446,0.000352745328326098,0.000414983247717658,0.000728113621638885,0.000472146416952508,0.000197442272545101,0.000171301719655235,-0.000326488592316397,0.00136465481220887,0.00120467200784391,-1.6243486897961e-05,0.000379383096184534,0.000488043495427106,0.000264225928317224,0.00255379012649725,0.00166465998702681,-0.000239900846485892,0.00118210258704185,0.0016601798643469,0.00506714128426333,-0.00101465498733735
"416.352",0,0,0,0,0,0,0,0,0,0,0,0,0,0,0,0,0,0,0.00821393132811604,-6.92800261503229e-05,-0.000646423291806019,0.000278497130547104,0.000596901414375547,-0.000226578057870372,7.9122033779347e-05,0.000303842468828312,-0.000650220843607784,-0.000349043468436776,0.000764693514888538,5.08537332786305e-05,-0.000226560914416481,0.000246205670044642,-0.000119258388695106,-0.00064658106806471,-0.000106804253000952,0.000491336849399271,-8.63882622176132e-05,9.14399014202005e-05,0.000409354809522128,0.00026949613257635,-0.000191737499753921,0.000326068776552365,0.000163692163769357,-4.06511667814776e-07,-0.000130311632408041,-0.000702264196356486,0.000868820960539711,-0.00100416209327532,0.00234659514702446,-0.000193227766748646,-0.00183896620429046,-0.00441091787948593,-0.016991722526041
"420.954",0,0,0,0,0,0,0,0,0,0,0,0,0,0,0,0,0,0.0083590818032504,0.000791749555979888,7.8932691018046e-05,-0.000244025931213129,0.000105107231772303,0.0002410101259577,4.05149464589439e-05,0.000135097558851486,-0.000326688706693481,0.000268781887404881,0.000550499869858209,0.000640247570081999,4.02040509674259e-06,-2.56931415088444e-05,0.000232547915677242,-8.95258799040131e-05,9.21752299631262e-05,-0.000608913537429685,-0.000140088487616807,-0.000380999596613081,-0.000593896343126687,0.000200575201456307,0.000578254079982505,-0.000268398964947041,-0.000348573345241114,3.22984217937287e-05,0.000329293923952704,-0.000191311813746666,0.000637044271400302,0.000305007172430369,0.00145931652505965,-4.67581720007219e-05,-0.000763462428087692,-0.00440926521646013,0.00733255063587384,0.0138404174239274
"425.56",0,0,0,0,0,0,0,0,0,0,0,0,0,0,0,0,0.0109438318899209,0.000803717399663437,-0.000871569580293876,-0.000121785378549588,-0.000577886571724498,-0.000565497918003881,-0.000244395775486248,-0.000475321594524417,-0.00100426652422153,-0.000669885264828592,0.000139684793390688,-0.000170053563416192,-0.000309666527789464,-0.000537813755911666,-0.000796401007431967,-0.000620799646665044,-0.000326273969872371,-0.000936259093150856,-0.00028918973356332,-0.000540517512187186,-0.0003738112982011,-0.00128623421349852,-0.00128454720473357,-2.49683520238195e-05,-0.000829718848334976,-0.00104004638165746,-0.000785754296419695,-0.0010075451801064,-0.000690582403058227,-0.00142507896345776,-0.00125198312413033,-0.00267953533413453,-0.00451348790389227,-0.00392214068394303,-4.65027194166551e-06,-0.0179100714097468,-0.040888753955313
"430.168",0,0,0,0,0,0,0,0,0,0,0,0,0,0,0,0.00921734302508354,0.0017364421507886,-0.000527931875818217,-0.000422488840361754,-0.000347478565423482,-0.000299231740049715,0.000161692855421615,-7.94441608192387e-05,-0.000126214909232828,0.000134284977089037,-0.000884554919115738,0.000330622748374844,0.000373983278639568,-0.000719627937847604,0.000148233095624758,-0.000394916703679002,-0.000154231320690582,-0.000173105229721429,0.00014164016367081,0.000256665329281635,-0.00015428138281067,-0.000519602602593317,0.000118582672163406,-0.00018162274355453,0.000508189196344603,-9.0346622950129e-05,-0.000782681788752204,-0.000200383247020762,-7.08272233171276e-05,6.20426522432902e-05,-0.000171681053697102,-0.000409118426086582,-0.00115678892185872,-0.000752991066544045,-0.00335745766459804,-4.88780820020497e-07,-0.00416921535623323,-0.00534977284050957
"434.779",0,0,0,0,0,0,0,0,0,0,0,0,0,0,0.0104952675659132,0.00241206689174088,-8.04155546835043e-07,2.59734588344276e-05,-7.24632553891138e-05,0.000444066320619303,-0.000672565790958564,4.04696144823916e-05,-0.000149624733623303,-0.000280702677043772,0.000152610167234883,-0.000104430772601367,-0.000152436805716692,-0.000236265292126369,-6.09168686828541e-05,6.98963786437937e-05,-0.000145506070650066,-0.000213817353592034,0.000389000546858449,-0.000255453541967911,0.00041134592123577,7.70318445856243e-05,0.000396508585152163,0.000484038899156403,-0.00060022613044011,0.000229410175904524,-0.000347978637041379,5.57421095190407e-05,-0.000353819667498366,0.000158461289743394,-0.000984044931529597,0.0014679475770069,0.000146525212552403,0.000454425816563005,0.00145702918003818,0.00170495393941634,-0.00192265764761973,0.00794494047968342,0.0124488014956395
"439.393",0,0,0,0,0,0,0,0,0,0,0,0,0,0.0109409549922455,0.00284124076688771,-6.72241724187545e-05,-0.000229969623608969,0.000202572097073362,-0.000275818153857024,0.000355041693888023,-0.00038154411761653,-0.00022984065066657,0.000478905594093265,-0.000730350113250709,-0.00033706471510201,0.000139520152209138,-0.000156438173450435,-0.000174068481188621,0.000418344986102782,-0.000102430890974009,0.000579027028255642,-5.07648300349943e-05,9.46025471957251e-05,8.76047952949889e-05,0.00023612617641398,0.000354027892035635,1.0127366913748e-05,-0.000117541172488287,1.12470754719466e-05,0.000179888085865982,0.00015366123895409,0.000387751595268282,0.000305672744851011,0.000227279847452692,-0.00044792438419747,-0.000413156132700646,0.000841044732121692,6.88205240964171e-05,0.00061408610510932,-0.000847454913777501,-0.00334305673372066,-0.00143356642023002,-0.00174603792267095
"444.01",0,0,0,0,0,0,0,0,0,0,0,0,0.00852737122055119,0.00354404285498441,-0.000192649734880033,-0.000173476269308996,-0.000209811807768926,-0.000313318343099055,-0.000363191956539368,-0.000808492657902367,-0.000429834942203597,-0.000365603222064684,-0.000258380566549183,0.000259667180053991,0.000372407356074762,-0.000623859999797991,0.000528776848930507,-0.000482998376525307,-0.0004819884122564,0.0001278274745632,-0.000159944193885178,8.41415772495819e-05,-0.000169769591269583,9.54065893954591e-05,-0.000260266131057917,-0.000397054182754809,0.000139759146994833,-3.1732460063079e-05,5.56228317401203e-05,-0.000106650646766257,-1.2578551007727e-05,0.000328603671307549,-0.00074035308656691,-0.000968172254277555,-0.000201247008628652,-0.000744885421344211,-0.000687764679118863,0.000206406897773714,-0.00273147124170043,-0.00155534861863701,0.000283411104525682,-0.00283055560730831,-0.0156789063234954
"448.63",0,0,0,0,0,0,0,0,0,0,0,0.00740213207076251,0.00398340656597977,-0.000210160688784504,-5.7775599812272e-05,0.000153609270007203,0.000427832192844163,0.000196834647033646,-5.00757633920218e-05,-6.26676428451545e-05,-0.000102541806685134,6.88603209030424e-05,0.000594945295543006,0.000749696162083334,-0.000262936536288495,-0.000112189052220556,3.42272908474101e-05,0.00085566344960778,-0.000355216961712369,0.000217096024223515,-0.000346983800033604,0.000181679503611864,-4.98826739250425e-05,-0.000314345101767214,0.0004756593640079,0.000389766282875785,0.000323361567256151,2.07785276544262e-05,0.000371212220295149,4.66415301802475e-05,0.000260980868409282,2.68877818029361e-05,0.000296698207663085,0.00100100667900652,-0.000612778997484601,0.00155670205247349,-0.00143507068758811,-3.3540317034379e-05,4.23368338107999e-05,0.00176184499143938,0.00324605418617826,-0.00226245419117622,0.00173722214122885
"453.253",0,0,0,0,0,0,0,0,0,0,0.0080717850013679,0.00501912907189986,0.000292356216713536,0.000308711772897838,-0.000170148192470879,-0.000384229975333859,0.000245189099024504,0.000604246729246877,-6.88001479036715e-05,5.1598563462936e-05,0.000245603138433713,0.000722309738170616,-2.04590484489051e-05,5.6192858625204e-05,-2.56586313466067e-05,0.00054517749803352,-1.67161874390577e-05,0.000477276371276438,-6.67899767509738e-05,-0.000115773339891259,0.000490152408125066,-0.000138725750232893,0.000156495222067988,0.000268794822191474,-0.000313456817363568,0.000926538955827609,9.68933843557329e-05,0.000379295285035509,0.00069074616808826,0.000368220826916775,0.000221076714040089,0.00102305966166309,0.000498405746503656,0.000352602153377916,0.000273609515996296,0.00109585640941565,0.000333805429281084,0.00190047978398716,-0.000126007767968174,0.00214824683118765,0.00110053561316838,0.0024101438897636,0.0067609310183333
"457.878",0,0,0,0,0,0,0,0,0,0.00501674246144929,0.00568402137541449,-0.000436576117529277,-0.000193850137892706,-0.00011524204084145,-0.000424863510907214,-0.000760956023071854,0.000217651600149641,-0.000415772466940803,-5.87060854296832e-05,-2.71458823219474e-08,-0.000499095925274345,0.00080241202060137,1.87163671067359e-05,-0.00043898123303694,0.000312910771570254,0.000185521430881342,-0.000174535129370781,-0.000223685358181552,-0.000231518560821306,-0.000653745008571238,0.000105377856491069,0.000137480040085278,-0.000187389923930308,8.30535112883085e-06,0.000422738074694469,-0.00026333426868276,-1.91437394744034e-05,-0.000111698934797744,-0.000587877177423646,-0.000581510797099708,-0.000571787936479641,-0.000434242070045989,-0.00020316060755073,0.000564366742940255,-0.000561014010486951,-0.00113148824797058,0.000110463841328069,-0.000461248249000996,-0.00162596136589069,-0.000978564809583156,0.00072495487304717,-0.0172231561209865,-0.0042394016171221
"462.506",0,0,0,0,0,0,0,0,-0.000297000044516216,0.00528255669446362,7.73588263401574e-05,0.00027955615080918,-0.00010849904713224,-8.98168405004775e-05,0.000301422884548031,-0.000188786957189721,0.000498632202119987,0.000129867876258758,8.91407108638488e-06,0.00015195583852649,5.9914786034683e-05,0.000690914179936882,8.67088462594536e-05,0.000508140665499832,-4.27656617183085e-05,-0.000175757512062266,-0.000230913183202889,0.000534844533197897,0.000295780399414603,0.000389858834861298,3.24047914172203e-05,-0.00047263327879719,4.86903074397234e-05,0.000264134369456895,0.00058167835246335,1.81745610252729e-05,0.000123742395537743,5.03116807977292e-05,-0.000349792445545184,0.000395493467984014,0.000253465802322022,0.000352303136785529,-0.00103681576751375,0.000312684429550846,0.000998908741453916,-0.000503803605751102,0.000273629837972448,0.0010817858362458,-0.00202588845344829,-0.000228975264283745,0.00485977025398338,0.00151606762021739,0.0111913284498194
"467.137",0,0,0,0,0,0,0,3.24127492026816e-05,0.00540121430627789,0.000805917292961831,0.00019842897211595,0.000860571726380795,0.000439737910040281,0.000468921666773223,0.000109440455306217,-0.000294935586037124,0.000492208993925453,0.00109517941440308,2.6331592165695e-05,2.97291353220618e-05,0.000581984262432524,0.000540513286110111,0.000268897584424698,0.00108386086538002,0.000424884261842526,0.000148659301128007,0.000391150510474383,0.000211153055500779,0.000348919791709497,0.000224417539017216,0.000380154752027455,0.00015835524261897,0.000311448036467772,0.000725069643869587,0.00017738930291762,-0.000320128616501389,0.00085472736042527,0.000646089047440181,0.000146509635476349,0.000278823386359855,0.000202539335880092,0.000399362955310752,0.00109474780220411,0.000308495309985381,0.000796192911114856,0.000813857134417931,0.000809488813144131,0.000840897872194,0.000733443575609281,0.00348811353165094,0.00550753602333743,0.00132925759567756,0.0106283012393122
"471.771",0,0,0,0,0,0,0.00701105484531772,0.00797691371889278,0.000121992347826634,-3.24024790808416e-05,-0.000384096722080513,-0.000156966567805032,0.000420012390367343,7.23878059183346e-05,-0.000241539854013965,-0.000138737673480827,0.000227918484996507,0.000314658991200745,2.11132713172461e-05,6.91210428510995e-05,0.00020028415745634,0.000231032211730191,0.000257354769496683,-0.000560008849996951,-0.000303404755514687,-0.000188547734659537,0.00015364893883215,-0.000330244141042522,-0.000233250106896102,-0.000348823479391309,-0.000369143118438042,-0.000478829001608467,-5.53007069870295e-05,-0.000339353540978656,-0.000226141903672188,-0.000353020491191931,-0.000242302028230962,4.9294384501446e-05,-9.34658302087905e-05,-0.000133134420504653,-0.00109929798795624,-0.000562538504937499,-0.000790067179267008,0.000144939722864286,0.000188346727856297,-0.000807703251416987,0.00048228729736591,-0.00173219154666672,-0.000122236810255664,-0.00290537913415956,-0.000883616220230181,0.000989453940329039,-0.0130750074822773
"476.407",0,0,0,0,0,0.00479480468843146,0.00786759993949007,0.000488059663346349,0.000456718602912454,-7.29496369283626e-05,0.000242643627732643,0.000366493742366746,0.000107037325193417,0.000622940676910047,1.52573177797463e-05,0.000114836962417539,0.000299775262603486,0.000298777019326759,0.000979296829373092,0.00109731293688778,0.000381520322027681,0.000606626553085328,0.000438780287268531,-4.42244738015825e-05,0.00036117741026716,0.000383520803333327,0.000330113226619687,0.000240864080831145,0.000288540223741191,0.000316472677300863,9.40990992161006e-05,2.36012568343723e-05,0.00043413260944659,0.000603529183044419,0.000175120990490953,0.00114265466500066,0.000807329687456699,0.000107963046947473,0.00057900256818391,0.00149922970473024,0.000200169357352093,0.000827286483503043,0.000323077356305685,0.00118854561073189,0.000449330973358199,0.00104975039092972,0.000319934186032451,0.00175776669404875,0.00265977639092965,0.00361145306678302,0.00184149669548261,0.00329396960267542,0.0104830668707337
"481.047",0,0,0,0,0,0.00709082146905757,0.000868528214644304,-8.66370702119149e-05,0.00014617159801915,-0.000560651963674906,-0.000386765900721503,-0.000279820113401695,-0.000480486718274711,1.14710809589308e-07,-0.000108149189701595,-0.000145058113427566,-0.000477370504577668,-0.00024076369573715,-0.00037604358752924,-0.00030522156935071,0.000223664199499201,9.16966082129965e-06,-0.000318234925598525,-0.000246637806080158,-0.000835568468263323,-6.49950033876592e-05,-0.000152173002132903,-0.000303251003572808,-0.000190998176487528,0.00025185890177097,-0.000241483639348337,-0.000365418791676487,-0.000478989240179386,-0.000560545923330123,8.35447495034061e-06,-0.000306137363464983,-0.000591104978187292,-0.000479001197823048,0.000113234399475277,-0.000417109731220951,-0.000538762836221865,-0.000747489224841883,5.60263669853255e-05,-0.000320107905879253,-0.00100599765558368,-0.00108941947615825,-0.00241278668868916,-0.00165332219062462,-0.00264868669882374,-0.00254757168019631,-0.00113770711354962,-0.00428379771434567,-0.0348682699381733
"485.688",0,0,0,0,0.00817621540215047,0.000499188945292385,-0.000324027731384099,-8.20418162496459e-05,-0.00037131801981491,-0.00027854176826779,-0.000630217855693994,-0.000607045604619674,-0.000366968897406741,-0.00035011928335186,-0.000571794375514807,-0.000756944954702082,-0.000909199031229229,-0.000723991671954537,-5.25393384003103e-05,-0.00114374131904832,-0.000593076644960371,-0.000623060654580207,-0.000437189752100281,-0.000705903262863826,-0.000619266895409971,-0.000561492923817662,-0.000505489606221429,-0.000487664595886544,-0.000598563333978779,-0.000236544869740273,-0.000428812841984682,-0.000568822258383321,-0.000157279412154014,-0.000176429232737291,-0.000490694286921277,-0.000245130321120145,-0.000638360644426459,-0.000636496653818771,-0.000463895407642589,-0.000274992830646489,-5.85610437555683e-05,-0.000939146604250485,-0.00117630359464807,-0.000865590228797403,-0.000485137442160657,-0.00122491670913752,-0.0012481981575565,-0.00120932006608819,-0.00281442059361383,-0.00222035356293378,-0.00770474280943744,-0.0101434838530981,-0.0607375224692973
"490.333",0,0,0,0.0105511877334732,0.00137350287285601,5.48192792804334e-05,0.000212112402244336,0.000253913494979151,9.63423357136343e-06,0.000187616617447324,-0.000315815711649367,6.21958101182719e-05,4.11192808969096e-05,0.000247240296202466,0.00021625066511886,-0.000192411440852237,0.000244928965537884,8.35758373868706e-05,0.00063409378497579,-7.8997414047175e-05,0.000194866873266874,0.000174381841763534,-0.000273581337286064,0.000362295756627516,-0.000108942085065563,0.000586671802561163,0.000610985108590807,0.000144304026393495,0.000271983124377441,8.73983262899403e-05,0.000148640527250866,0.000624493074706586,0.000315208580748597,8.12654995185853e-06,3.33058373300914e-05,-0.000605295321836576,0.000342868576302063,9.77768162483851e-06,0.000485226126404048,0.00115551367872943,0.000669800407736772,0.000838759836181009,0.00072927095569638,0.00046482395560449,0.00100998448250554,0.000936666141878747,0.00125119536278482,0.00121285825625928,0.000119138346928738,0.0019957701849957,0.00376343358539148,-0.00314147678134152,0.0335771957460539
"494.979",0,0,0.00809007808926324,0.00132990574306836,0.000156652979237056,-9.53729667495862e-05,6.22769294098323e-05,-0.000286078042413065,-5.6548705517301e-05,-0.000302052929137868,-0.000394256874092318,-0.00021040196575142,-0.000334932402792656,0.000143549641464305,-0.000395473311887217,-0.000331506829875851,-0.000256762673543024,0.000223654973365275,-0.000364878040223623,-5.92280788748652e-05,-0.000311565184302827,-0.000238501612169855,-0.000109549695900936,0.000114847412787268,-0.000134105950638219,0.000244367274219804,-0.000755396454860737,0.000272374442417609,-0.000208031346947411,-8.67514999975716e-05,7.96075029783441e-06,-0.000163773382058667,3.92333743812961e-05,-0.000128590464637928,-0.000374679090321352,0.000315795232923732,-0.000453879456842265,-0.000382296691933817,-0.000402497204832757,0.000231010903485969,7.05030630239031e-05,-0.000762293917136726,0.000546792799762568,-0.000352869576429754,-0.000224213215225678,-0.000423616035422146,-0.000638095085652352,0.000255225991403044,-0.0008865537406045,0.000664437274228846,-0.000483199474390336,0.00851304278692033,-0.0178344361273718
"499.629",0,0.00986878892518284,0.00100391920371593,2.77069690496842e-05,-0.000273861670555656,-0.000386936026947591,1.5847596350027e-05,0.000184867385159096,-3.60519402933942e-05,-8.91390492991511e-05,0.000260889693376206,-0.000372201123524965,5.72925919797347e-05,-0.000404070822238185,0.000158273457762053,-0.000345884786307829,-0.000107517069034535,0.000311716403188058,0.000427432904063241,-0.000255389783491944,7.75410636635457e-05,0.000237380293109458,-0.000535377768818331,2.81723101345382e-08,0.000458756770849741,-0.000202738659154048,0.000152175218896412,-2.37291301264522e-05,-0.00022224134823926,-0.000109459522573685,0.000187031698989271,0.000155502504292952,5.49851474712568e-05,-0.000295547617377121,0.000124413127504561,0.000532730681272936,-0.000147401610979722,-0.000243901545055358,-0.00055458027919832,-0.000241332780509654,0.000128691235374287,-7.59026680675492e-05,0.000697828003969572,0.000334688075838366,-0.000352467946451483,-0.000820948226119336,-0.000819331246728132,0.000986668574796044,-0.000282631291252877,-0.000724431206525489,0.00298850419390051,0.0108689551173548,-0.0113949376962574
"504.281",0.0107659269883709,0.0013937860799836,-9.04536428103463e-05,-7.58328645845978e-05,-0.00041514236070797,-7.46829913621047e-05,-0.000267000122744085,-8.61448118666008e-05,-0.000132099728052511,-0.000224327868704333,-1.99876635445502e-05,0.000271467771067299,-0.00043923308154954,-0.000197203939334167,-0.000791516792163299,0.000188332144579077,-0.000282970014861188,-9.25584161583996e-06,0.000120782575606135,0.000206478198430009,0.000281439880012865,-0.000173587004034013,-0.000163400428725868,-0.00011438184042475,-0.00037556423397767,-0.000178570381750278,-0.00028000561336939,-0.000199321213833681,-0.000812018281760694,-0.000251388950568228,-9.31393492276253e-05,-0.000769177075742022,-0.000274472450529325,-0.000360050973957551,4.16369472919897e-05,-0.000122314874875651,0.000175370650794065,-0.000107466094274964,-0.000287859713037046,0.000372584839279158,-0.000233974191609146,-0.000430318847851028,-0.00057250824279998,-0.000655284540068351,-0.000166763242298791,-0.000777369331493198,-0.000845805860451974,-0.000441862309975796,0.000558286719537767,0.000349535322217223,0.00333381189360066,-0.00113959041469106,-4.95821446165681e-05
"508.936",0.00194535508635376,-4.75894922088453e-05,-0.000489887666741424,6.07562311698126e-05,0.000110780391656164,-0.000317769008916183,-0.000199183349542941,-7.66562762292916e-05,4.99750194853268e-05,0.000245213885296033,3.21879642580922e-05,-0.000378315534894368,-0.000208962456587713,-0.000123557970042808,-0.000127934070603075,0.000492148820134656,0.000128126042714113,-0.000380113701190834,-0.000315054311794129,-0.000498898614745915,0.000482503444831161,-0.000154549183399786,-0.000334396252716032,-0.000245122286335429,-3.31423754459622e-05,-0.000427906680409387,-5.55672296783776e-05,0.0005873043927032,8.7156880493062e-05,-0.000320795690530691,-2.30738076767274e-05,0.000518097985720543,-0.000132546192084987,-0.000350198287581698,0.000379624068935212,0.000382550228677718,-9.18103313296796e-05,0.000135996391476344,0.000398913616346451,-0.000196435120889718,-0.000453991743926246,-1.32896184640188e-08,-0.000222200593013063,-0.000175079416557863,-0.00101824214039852,-4.42216018223963e-05,0.000370499145718219,0.00230982495749334,0.000276504592120721,0.00190025350761933,0.012215465020954,-0.000996916925927568,-0.0136387970568299
"513.593",-0.000345473484833825,0.000850886899249205,0.00038864726702177,-0.00023676257721325,0.000124844016599744,0.000336236560175005,-3.02019310623576e-05,5.34907121891261e-05,0.000129680286325317,0.000139011407800568,0.000335972016892404,0.000621195441338421,-0.000100237118223401,9.78232668504171e-05,0.000485039864818405,-2.30182573949383e-07,0.000215166157230389,-0.000168473474185328,0.000266814151385496,-0.000223690035017259,-2.87094682355842e-05,0.000352538730227656,0.000440526643538668,-5.22034733998955e-05,-1.63834116818755e-05,0.000521655402875141,0.000103051626535624,-5.51669004986918e-05,0.000141984094902747,0.000202741340130838,0.000431316892479075,0.000161574982376681,0.000186445690193496,-0.000126553680682725,0.000237988088001165,0.000207710910014541,0.000219070521571427,0.000222080734079522,0.000437269908953283,0.000162397910522064,0.00100705069093864,2.50235304916326e-05,-0.000649152756898613,0.00135855882551249,0.00154735912018124,0.000988474398437248,0.000683637248403761,0.000411534081895435,0.00227739647824493,0.00113269884137474,0.00509867059797295,0.00112255509059407,0.0059137205874814
"518.252",8.94339703596972e-05,-0.000207156132011903,0.000557210303218622,0.000245569987154854,4.39079429528045e-05,0.000187389681971091,0.000121593336175262,0.000115490825416265,5.45105648826819e-05,-0.000150892863889247,0.000256920194457042,0.000296680543422622,0.000159534594751248,0.000127325787338369,0.000226830382008569,0.000104900644634187,0.000142775510223627,0.000249996547126026,0.00017405839389827,0.000435467710988502,0.000305512909102622,0.000395734931378623,-0.000214639259006403,7.79534601820881e-05,-5.74701147807471e-05,-7.18844760878647e-05,0.000102479384820014,-6.26477020308063e-05,0.000344826516847799,-7.50076902929369e-06,-0.000374838844775792,-0.000145078882010379,0.000139093803365497,0.000386068924055237,-0.000318345241223564,0.000344035577319776,0.000208893717885397,-9.62757818025288e-06,0.000384505008188795,7.53717902294645e-05,-9.20625285932838e-05,0.000747347250595292,0.000302573008417526,-0.000707680798144258,0.00031186917208259,0.00109287823276609,-0.000180367208755726,-0.000995963251449888,-0.00103587384610987,0.000498646104091449,-0.0011297842417756,0.000960851842076715,-0.00131958117504426
"522.914",0.000409125732277212,0.000336946820922065,-0.00016937854239407,-9.16675668761488e-05,-0.00013049216101117,3.99622611968342e-05,-7.02624133735337e-05,0.000185577338254183,-4.97465564559245e-05,0.000471327695036365,9.37304294583875e-05,-6.3121014576499e-05,-0.000200253224866833,-0.000131221518058633,6.76261966548232e-05,-0.000104491053305473,0.000149825129371088,0.000422928226305476,-7.30474957623595e-05,-9.62438375911879e-06,0.000113983432335152,4.47652165853129e-05,-8.00025032969108e-05,-0.000172178204812155,0.000334977871921819,0.00015085417580726,-0.000132915184035003,0.000328017288240717,0.000366372414424973,0.000615811094465547,0.000297074678111641,0.000387943476250034,0.000191965426481367,0.000422914757354348,0.000698138451139214,-0.000222180236475068,-6.31689315919722e-05,5.73003417408378e-05,0.000311845928236163,3.20618196087673e-05,-0.000160198947705196,0.000482936496165251,0.0002187318291608,-7.83626174475791e-05,9.15495613005217e-05,0.000630125641738324,0.000909664247169104,-0.00100219972924894,0.00482187191681038,-0.00106880998337228,-0.00102789559566938,0.00592560150054144,-0.00135646789471507
"527.579",0.000552640847509357,0.000859152949232921,0.00038417064278657,0.000579879033963774,0.000725621406865805,0.000405707271240591,0.000296882847842006,0.000446647021067522,0.00031678966426087,-5.36174714818359e-05,0.000608672189206427,0.00024757013325461,0.000783790436243872,0.000349721644938656,0.000813940700970086,0.000432446310578083,0.000512819084265058,0.00051428249551023,0.000737772985375237,-0.000105817415522525,0.000616752360913972,0.000366553578638663,0.000675663420503752,0.000525146998014959,0.00022872376664165,0.00059541906551847,0.00040707190568968,0.000725903395378551,0.000420742751457956,0.00021519711548051,0.000517664099056573,0.000760508856554833,0.000552580578412338,0.000540358494864909,0.000592432874559234,0.000735293755337264,0.000514513167826423,0.000840760439337509,0.000875084738906794,0.00070774735347301,0.000812811229386094,0.0010401121112463,0.000983966562012275,0.00181292860017066,0.00156751486785089,0.0026291410476667,0.00236029622806136,0.00342807093626757,0.00749700418669885,0.00112062812466627,0.00290171189547973,0.012021441783611,0.0199204455864383
"532.245",-0.000851086316705675,-0.000177114923947492,1.82155124801776e-05,-0.00073900946275817,-0.000195987524620605,-0.000445800018204756,-5.52646410473614e-05,-0.000473649411030422,-0.000362308018139465,-0.000248072659009604,-4.7792016514836e-05,-0.000716105530026588,-0.000612851622299171,-0.000714860444882591,-0.000429953766119674,3.72842872110311e-05,-0.000521065612556588,-0.000464996262913298,-0.000556051335302379,-0.00064491642347672,-0.000731050215149694,-0.000536751587956274,-0.000782792219323051,-0.000697767659562299,-0.000727250792549906,-0.000405167113037187,-0.000274240152797475,-0.000195254253507883,-0.000872949664692141,-0.000607827396892444,-0.000274228204424928,-0.000121659218740929,-0.000299516841838704,-0.000689242679403154,-9.74386326485509e-05,-0.000752711664723589,-0.00102067096438424,-0.000850826054429738,-0.000583724965059915,-0.000665371622723576,-0.000549786921564063,7.42943448888757e-05,-0.000437441329005605,-0.000673187145741645,-0.00114645844913632,-0.00202210873905379,-0.00157015123685475,0.000226806749437231,0.00322368376576482,-0.0037922786096178,-0.00162697434505415,-0.000832564059910206,-0.0243110946343664
"536.915",3.35144100216596e-05,-0.00046827509343536,-0.000342339351077126,-0.00033859614635763,-3.66014105078326e-05,0.000214724881147031,-0.00030446249795614,1.3304393743503e-05,1.79387334267463e-05,-5.32814305749911e-05,-0.000234903313112621,-0.000169315943642639,1.63265360080524e-05,-0.000368312051885315,-3.04210198843574e-05,-0.00018059962177367,-0.000358218433120099,-0.000368397652076519,8.27407275388373e-05,-0.000252366511933072,-0.000631896735868042,-0.000405937380306216,-0.000125512754125902,-0.000243236065049408,-0.000272000164088503,-1.60248184833768e-05,-0.000142302672199549,-0.00011032298857716,-0.000888141851001685,-3.12341094324139e-05,-0.000307256282831804,-0.000544773795503109,3.85917989402557e-05,-0.000695159859003571,8.19188318909702e-05,-0.000103525384933232,-0.000355248985331347,-0.000433745606014574,-0.000791620427654731,-0.00107145308692666,-0.00103968175441188,-0.00108697181004379,-0.000744524937586105,-0.000868105278645078,-7.17725357861554e-05,-0.000131624787900546,-0.00310652750189927,0.00148316434279613,-0.00159704474199999,-0.0029484341145519,-0.00448453661829236,-0.00748897154392699,-0.0204028590429986
"541.586",-0.000879312593937075,-5.94892471531081e-05,0.000519653199773901,-7.63490555601802e-05,-0.000377546717729273,-0.000128902553258,-0.000102467657510422,-0.00015844945599808,-9.60543607671348e-05,-0.000345449870599507,0.000361108943712263,-1.8850225101349e-07,4.9115605631841e-05,-0.000372523496513567,-0.000323054260538265,-0.000243568898434073,-0.000354296950793303,-0.000228854898087633,-0.00011155986194,-0.000373039421060267,0.000232447241916889,-7.29673961554219e-05,0.00025417979157644,0.000342663774295399,-7.49219445817158e-05,0.000113411153546117,0.000143828673623789,-0.000286604853681893,-0.000182601590061017,-0.000196055616573862,-0.000287432640457982,-0.000256130525484495,0.000227269080185523,-0.000103712812235201,-0.000712010260441883,-0.000444770148351591,-8.28772964595104e-05,-0.000321717573305829,-0.000307914142059927,-0.0002408952480491,0.000817835491338485,-0.000341188726966412,-2.7720369241924e-05,-0.000288408923118631,-9.09360139376473e-05,-0.000399442599172682,0.00220849884686111,0.00137341314353152,0.000997765698432267,-0.000223983610381946,0.00365167832305238,-0.00267375808701081,-0.0133588637345637
"546.26",-0.00019257628107745,0.000153747187462529,-0.000816192367365504,0.000112808353248324,-6.7005389280934e-05,-0.000389279133001222,-0.000149386612363765,-0.000110455455295633,-0.000410471580250371,-0.000320112869903497,-0.000356312036649148,2.32915416191814e-05,-0.000228780034805812,0.000111780060202094,-0.000418040609861454,-0.000451892225226165,-0.00047008508854551,-0.000324361920234149,-0.000411630282436226,-8.8923609729567e-05,-0.000107136229620173,-0.00100997152919279,-0.000383365238443358,-0.00017682421273386,-0.000612250612903347,-5.70918824024781e-05,-0.000273423655333473,-5.59268023659395e-05,-0.000239900837827369,-0.000378898932258428,-0.000234581109404833,-7.784210375868e-05,-0.000843401924922303,-0.00019280783934732,-0.000433255796106838,-3.49522683031438e-05,-0.000760213506394809,-0.000196290323206024,-0.000599150650839939,-0.000506947770105054,-0.000999339720926451,-0.000483293688360529,-0.000883920190240219,-8.18803699289749e-05,3.99758455792089e-05,-0.00218887157926839,0.00287020351847345,-0.000294906860703058,-0.00262084628138541,-0.00150260576211566,-0.00624644613681492,-0.00432535277338342,-0.0482126827819576
"550.936",0.000320188285402389,0.000143437322810319,0.000194183963427934,0.00046925147931939,0.000518080922331233,-1.37322919984719e-05,-1.45920574770322e-05,-1.20532369105638e-05,0.000237593139765889,0.00063250984896125,0.000290679863858366,0.000486938670234978,0.000140097292042592,0.000112511015388622,6.23977559019024e-05,-0.000185182762734949,-8.1166176563147e-06,0.000145889673755032,0.000245027520766255,0.00064702717794104,0.000579348618226369,4.62396749367078e-05,4.60585699340194e-05,0.000383069089988768,-1.79774603829415e-08,0.000616134999721661,3.23760488391439e-05,0.000234169771183508,0.000322510363714226,0.000541038870002394,-5.50505774577158e-05,0.000251726381186952,0.000921228387206839,0.000429360714444187,0.0004954450547,0.000495442739949465,9.34257585400835e-05,0.000474540486614889,0.00034346942641296,0.000887853779517497,0.000461991056336125,0.000909694399895166,0.000919338389232947,0.000968829500031657,-0.000295467828568853,0.00201961381059426,0.00227106661883282,0.000968340838282342,0.00101366780233513,0.0001074129097314,0.00174348989006043,0.0122659700513099,0.0240241480019124
"555.615",-0.000618444612027584,0.000153281944347185,-0.000259127295448887,0.000208836903688124,-1.50242910534473e-05,-0.000261720960301266,0.000117218112016876,9.71053216692747e-05,-0.000425445205225501,2.26919590307597e-05,-0.000159307539183369,0.00018083965802214,-8.33848967627692e-06,-0.00022538077849913,3.91199641745848e-05,0.000170022219872064,9.82189772065398e-05,-0.000403788227375449,-0.00044347146745954,0.000169470581176322,-0.000413055673709413,0.000157494169500254,0.000184230089083491,0.000133829063721079,8.45680123657543e-05,0.000213933565165206,0.000113577845813137,0.000113291874200296,-0.000153429963228877,0.000167011641987064,0.000118251593251836,-0.000181377385247276,7.94016650315344e-05,-0.000154111440842827,-3.36847722400234e-05,0.000389857172544886,-0.000355517721248378,0.000297034521812651,0.000135501074972032,0.000300367677255151,-0.000284776465027739,-0.000192485485396997,-0.000282733356175081,0.000500718356348736,-0.00092527075975754,0.0040259590618151,0.00114526927280239,-0.000577856266782294,-0.00036659066972788,-0.000908857302975057,0.000243743827062902,0.00431792175559721,0.00284798873230987
"560.296",1.14744128816315e-05,4.17284091672794e-05,2.23855323514151e-07,0.000174881020177212,0.000120967715596785,-0.000172524442321283,0.000375736935783194,2.01602349904862e-05,7.59188079900856e-05,-0.00023431169510337,0.000159604317667159,0.000126363086663862,2.50627518412602e-05,-0.000735569028947317,0.000337247833842613,0.000419051244625542,0.000213467435567696,0.000328068837456045,3.78585524136886e-05,3.00296740005769e-05,-0.000256775267691106,8.37750243860429e-05,-0.000120205097087943,-0.000259837475687102,-0.000501417638483324,-0.000247893903866955,8.96969632591938e-05,-7.28756420030359e-05,0.000145988689789775,0.000120704027263925,5.55029342062148e-05,9.5060558662772e-05,0.000135916905262439,-7.32091766337846e-05,0.000160487153986047,-0.000302437247869544,-0.000432151019991095,-0.000268479381271843,0.000240769828097622,-0.000167558675856601,-0.000119106642413693,0.000334988331156732,-0.000340697266606737,-0.000379206582611455,0.00206063345954145,0.00160280417541461,-0.000402045080642317,-0.000321302900397347,-0.00122707955354213,0.00149718496085272,-0.000370160153742659,0.000329414348554223,0.0151655834049548
"564.979",0.00040622684966345,-0.000134077450822308,-0.000159328161549337,0.00019455539374188,-1.47816174340572e-05,-0.000180625862137215,-6.4884643461726e-05,-2.90108360872874e-05,0.000181593396487403,-0.000266335769815464,-0.000154690976784638,-0.00047828396878345,-0.00029278822616695,-0.000187579069597461,-8.6975976753422e-05,-0.000101861126405799,2.47883583356555e-05,-7.86057666847776e-05,-0.000239341954331044,0.000292972370201957,-0.000308862957364676,-0.000450631911194558,-0.000326662207961658,-0.000352604933667245,0.000188680956742616,-0.000166763766353257,-6.57954704808773e-05,-0.000262217868200507,-0.000114736660178266,4.87492588040748e-05,-0.000311751929797297,-0.000207486031036881,0.000274185603186931,-0.000444105492393024,0.000264195937187654,0.000125763875676626,-0.000123230675135037,-0.000140524249181533,-0.000285186462635728,-9.03937146046401e-05,-0.000865572059545597,-0.00063727344567181,0.000187149436817051,8.74065013268949e-05,-0.00044361612287816,0.000181780430239774,0.000410352875292344,0.00101397920602892,-0.00124149970016643,0.00133967301296213,0.00259524827131354,0.0028566425608076,-0.0186233347357242
"569.664",0.000116988637956257,-0.000386580570939078,-0.000245557755037548,-0.000406988280810689,-0.000259885291453659,-0.000125519705173233,4.98885129878437e-05,-5.64192015837192e-05,-8.94564896599425e-05,0.000267674487188336,-0.000209981564462984,-0.000176673204777406,-0.000278009945671211,-0.000221846072365382,-9.57650612428908e-05,1.57466723280247e-05,-0.000242135111778536,-0.000359828195173594,-0.000423916955273439,0.000101761518908974,0.000421578787383213,0.00011351167708483,-8.94285813229158e-09,-0.000318743868015061,-0.000164091887422395,-0.000151170288892385,-0.000264976887142097,-0.000189807150438657,0.000255399463460355,-0.000316884529402253,2.42265728344773e-05,6.45251021448509e-05,-0.000349113228509676,-0.000157322210690837,-0.000515052365837029,-0.000388866580727109,-0.000305473604114778,1.00818338500425e-05,-0.000308561046683385,-0.000510576870622647,-0.000363111792281742,0.000157065981056553,-0.000605941635813885,0.000494537606137394,0.00255843529850086,-0.000184001680615652,-5.32219543524694e-05,-0.000425526218594976,-0.00175499768132355,-0.00350811531006462,-0.00298268223545749,-0.00407217784183006,-0.0162643208264911
"574.351",0.000235890014994915,-4.13431660413482e-05,0.000667456907800283,-0.000237558318353105,-8.34890051528668e-05,-0.000651931376385732,5.9690866868086e-05,4.52903741367884e-06,0.000110637412501555,0.000288295642295764,5.44119785832517e-05,-0.000194427150467298,-0.000288727764145317,9.12003020595337e-05,0.000353737094144112,-5.62697737595524e-08,0.000353468533213828,8.60137421101779e-06,-0.000349849764952699,0.000523436064967554,-6.07789240355875e-05,0.000181266809280674,-0.000132855800380877,-0.000101024438399627,0.000130665270197258,0.000491250557563017,0.000334215958209701,4.99549554535625e-05,-9.96190055900578e-05,-2.4523416445683e-05,0.000113783715306512,-0.000154083698799223,0.000131117674131889,0.000284256477105149,0.000294472884007785,0.000355830513254234,0.000577959784500021,-0.000611620699573696,-0.000321930922586905,-9.19013248334062e-05,0.00076979172581692,0.000594366066282897,-0.000546566356330214,0.0023311714705701,0.00120811631412977,-0.0012055819010687,0.001743810257047,0.00093346591793058,0.000610217842661642,0.000221190906278142,0.00328002706866011,0.00564226479573908,0.0180678077231083
"579.04",-9.50669088225743e-05,0.000139581865494315,0.000232019046013348,0.000261285150864168,0.000196944791598885,0.000315388661341557,8.14687950502826e-05,0.000209346630869594,0.000170331132820491,0.000173200041762772,-0.000144791012428027,0.000400347279891636,1.72889692027004e-05,0.000367973623195353,0.000446150226389223,0.000216693102378887,0.000178283647732213,0.00069635369464992,-0.000176718578165866,0.000352099414883173,0.000286110651638385,0.000144403117222812,-0.000344301406964297,0.000101964694494168,-7.8958254933782e-05,0.000675148449319537,0.000809542717828563,0.000142915676708033,0.000251945403474782,8.30610754604784e-05,0.000287027225357113,-0.000499090606287288,0.000561951206713329,-0.00032014981271789,2.6346827692016e-05,0.000368370266759254,0.000583173589258663,0.000483319565487931,0.000238230350022591,0.000149345616447183,0.000530362966536009,7.97880385148236e-05,-0.000730117830927315,0.00105197585787478,-9.52118877067844e-05,0.0010759577495864,0.00120139595213629,0.00108284266398372,0.0017989734081997,0.000228970889869657,0.00174508543834769,0.00344712316247966,0.034784570288271
"583.732",-0.000562514969615663,-9.38764893165854e-05,-0.000161957072858159,-0.000108667315082737,0.000142447184427702,-0.000288098573147041,-0.000185135109844448,-4.79995417777896e-05,-0.000338295909858819,1.22826396987083e-05,7.61091090884735e-05,0.000156190486105204,-3.43531961663358e-05,-9.2590828554516e-05,-0.000392012410862264,-0.000403990360112206,-0.000179591431593401,-0.000593728733731918,0.000147827714322155,-0.000114648613261953,0.000267281339721764,-7.74217346803393e-05,-2.86864962606464e-05,0.00016789297800394,-0.000238917103606755,-0.000326890812832192,3.40256107662379e-05,0.000110084371924574,-0.000371361431845749,0.000675451180601462,-0.000156659363125354,0.000214225377373402,-1.64660074211847e-05,-0.00027139298359591,-0.000307470074187455,-0.000565058551280429,-8.79720489982697e-05,-0.000165684850576966,-0.00011985779208649,0.00011534183534101,-0.000607428425964705,-0.000980348278521209,0.00161219967985166,0.000200825702889193,-0.000965587242070705,-0.00122420853940562,-0.00100891762422231,-0.000551549751738257,-0.00119941718054277,0.00122895721529439,-0.0012044833977452,-0.000350063508484861,-0.00812547110226602
"588.426",0.000457484539145577,0.000424878048823251,0.000217438815436129,0.00102207152964409,0.000750902709477466,0.000325952362776559,0.000137084480428302,0.000134885884967721,-9.7183462678136e-05,2.4999823513413e-05,4.17557641502847e-05,0.000132236247326499,0.000581156297097399,0.00018608362843223,0.000369405396374212,4.872740693629e-05,0.00049835626773524,0.000379762634206252,0.000247949491311526,0.000607602813033042,0.000764630897678198,0.000428384910789213,0.000290338498819882,0.000581288595773096,0.000684722884626636,0.0002507454480393,0.000179049015631345,0.000331560901034649,0.000551690441274177,0.000159424299607791,-7.46563215561653e-05,0.00013247977029788,-0.000208965906922399,0.000375131346734463,0.00039784884560508,6.51495171401881e-05,0.000452271786602341,-0.00032251383765879,0.0002300492411846,0.00046648735040954,4.2453571664873e-07,-0.000906714131485298,0.00189483418707484,0.00132537730002975,0.000814278289126885,-9.4694431784765e-05,0.00183920182551663,0.000360525108374515,0.00119180126108091,0.0021196798667199,0.00278997929238688,0.00995486824942353,0.0201603481894807
"593.121",-0.000591514753404926,-0.00021658829662266,-0.000622029448944832,-0.000153569620640577,-0.00015872446949837,3.64186975257295e-05,-1.09349620998955e-05,-0.000329218767931309,-0.00024942484737454,-2.52647780567984e-05,-0.000210287003147461,-0.000465286062229791,-0.000252777962620854,-0.00018695240398223,-0.000354730645427848,-0.000228529518919833,-0.000604536999697978,-0.000672070576910893,-0.000637935687328511,-0.000200045368434889,-0.000508816123129166,-0.000616405584295858,-0.000428019652098466,-9.42126331077306e-05,-0.000589793560204882,-0.000139051269685734,-0.000162741028104405,0.000350098636995683,-0.000664743151664002,-0.000252517618982038,-2.49155983919387e-05,-0.00033266420709455,-0.0004619635947285,-9.40589508421086e-05,-0.000603704965679448,-1.8673308061513e-05,9.91803323809816e-06,-0.000188281389481229,0.000418383317382829,-0.000529241126183007,-0.000398536353561142,-0.000479290213002567,0.000186731142878774,-0.000479869325690207,-0.000297623809013977,-0.000261650156170509,0.000945495523585386,-0.00103666934470708,-0.00270469309174336,-0.00183530960737983,-0.00579561111841609,-0.00843238207143426,-0.0194327757156791
"597.819",0.00070761928614982,0.000709028870540356,0.00035610753285002,6.58675740855517e-05,0.000175871879022836,0.000446739888437203,0.000254843384285333,0.000248373468358808,-5.45756967428644e-05,-3.20007258626877e-05,-5.64725184198903e-05,0.000509803073677818,7.91115676940455e-05,2.56824699131938e-05,0.000431430291404008,0.000599316846459076,0.000173627514115398,-3.67586252617486e-05,0.000942551022412514,0.000360125430203749,9.40619651121598e-05,0.000147691395827266,7.86057383459185e-05,-0.000265414798204084,0.000314882409756673,0.000716805989741827,0.000146789670347756,0.000318177321984675,0.000652354036305873,0.00114406743217851,0.000670774469757857,0.000226163661247744,0.000617096171241118,0.000551815779812453,0.000321846865878784,-5.63496913904201e-05,0.000805199431167698,0.000220758920760628,7.6379728742703e-08,0.000636691873603296,0.00171043784046643,0.00231370464071266,0.000557740941242716,0.000876801044471658,0.000221574093206664,0.000310916334593102,0.0015830409607728,4.32702324934496e-05,0.00103496702416675,0.000771946511203983,0.00413668489882574,-0.0113048600290816,0.0103811466442881
"602.519",0.00039501276878046,0.000720961140118247,3.02295021295074e-05,0.000223826608661233,4.03047076675075e-05,-0.000103332977494607,0.000212045384732288,2.94689179377876e-05,0.000192560316544765,0.000223838487802439,-0.000113456649842603,0.000202256911985109,0.00017664946669206,3.44431443390547e-05,4.18397507709563e-05,0.00017377687446392,0.000525398686071743,0.000405366188085066,-0.00014141680621172,0.00087536838316177,0.000705403014720127,-3.97301984429166e-05,0.000532576575345974,5.7304551953735e-05,0.000117706790311419,0.00037006650056857,0.000417006234672156,0.00057139427072482,6.88658856066419e-05,0.000572008519363204,0.00027000924217475,-0.000126820190715338,-0.000178935327934647,0.000382104934915308,0.000323909944257834,0.000256041420566436,0.000270467846538239,0.000190763403520356,-0.000267835627204202,0.000245020528607146,0.00185697728032568,0.000864009611661692,-0.000727713235069914,-6.62382690875098e-07,0.000667672867121879,0.001325983467443,0.00254257133175619,0.00158814617423789,-0.000260975808177034,0.00168116196546408,0.00455097562484595,0.00391744170865935,-0.00519130180715241
"607.221",-0.000974594709039349,0.000192221784578092,1.02057644849373e-05,-0.000592316245731388,-0.000519916884454748,0.000141520310943727,0.000174640915560922,-0.00014857641189514,-0.000266266564602912,-0.00016767188230885,-0.000272345606901996,-0.000289082126890385,-0.000160498704752691,-0.000547903024075031,-7.5994252887363e-05,-0.000208756994354863,-9.71876920568167e-05,0.000148606012714547,-0.000509741859355285,-0.000549350470029354,-0.000393000950383787,-0.000660679759609209,-0.000179059977612762,-0.000472367171311296,-0.000649248424398065,-0.000320018733442854,-4.37798731830863e-05,-0.000690129452491404,-0.000819809698879771,0.000112103257682699,-0.00090356665912636,-0.000851311669600106,-0.000283552864471082,0.000210544444520813,-0.000636045879848622,-0.000603092041545781,-0.000768131183980244,-0.000395989151301553,-0.000349054090679829,-0.000189255260900599,0.00033394943457446,-0.000929203934754045,-0.000703613855341385,-0.000613383656170172,-0.00103878929340312,-0.000511350768988224,-0.00179176260243468,-0.00177418678586025,-0.000703443672705286,-0.00429942314441174,-0.00411306278384973,-0.00880039951096896,-0.0327007790201525
"611.924",-0.000522886093390032,1.28254107411885e-05,0.000393925336498951,-2.83252656925872e-05,8.28041544078122e-06,7.52824718056264e-06,3.4138874458477e-05,-0.00015002085105433,-0.000162479432586483,-0.000273278306037079,0.000115611230989195,-0.000274660120990722,0.00037821070267837,2.63959680228694e-05,-0.000161946944925156,0.000219157609352432,-8.99125609737529e-06,-0.000609650433486617,0.000216034628215878,0.000543747997252266,-5.35262456753908e-05,-0.000131382001318385,-0.000743624975112224,-0.000126505127549629,-0.000212274089202809,0.00026921398753687,-0.000132776894195426,-0.000343885502903852,-7.05274026133562e-05,-0.0005389897253771,-9.47581127624972e-05,0.000171994619953958,-0.000208124529400919,-0.000353881946312288,-6.40943372981442e-05,3.89496997660139e-05,0.00010218268859266,0.000107767808801326,-0.000215735430650552,-0.00082624698410648,0.00139121224970191,-0.000168043725864476,0.000216616405839722,-0.000371704541259686,0.000188788986429577,0.00112951021682845,-0.00172433502343623,0.000387269243413406,0.00194972250525095,0.0014058539504741,-0.00318671400228965,-0.00345210004259629,0.00220527072553444
"616.63",-0.000529817929100933,-0.000518572735706573,-0.000448834628353812,9.76530374801414e-06,-0.000132642259194438,-0.000205206247886517,0.00018978576174097,0.000277994182683572,-0.000249352642857449,7.86100825370125e-05,-0.000351178254717803,-0.000138899235384672,-0.000391444288045552,4.441405742299e-05,-0.000637537195766046,-0.000477350123897677,-2.71151776969414e-05,-0.000862743857234527,-0.000208319842789745,-0.00037387672014985,-0.000357720492458158,-6.12945682338171e-05,-0.000660473356706423,-0.000354266743500428,-0.000261380789285009,-8.16877279831678e-05,-0.000492174160463444,0.00015177825824042,-0.000177902761383645,-0.000395083310046063,-5.2038232058245e-05,-0.000443253964499327,-0.000543865789398282,9.15539535646046e-06,-0.000417345437828358,-3.88106837431178e-05,-0.00031966351666823,3.25358023302541e-05,-0.000826432208650373,0.00125024655382469,-0.000679257815727353,-0.000665300586146375,0.000125150493213926,-0.000804705297243406,-0.000367993191147262,-0.000348105331851508,-0.00192413830193891,-0.00138436078581361,-0.000851417649622148,-0.00439017331305118,-0.00702930124780928,-0.00312199505870391,0.00269470928621535
"621.338",-1.24980110220137e-05,0.00039898988088838,-0.000401148247508551,1.9573796919672e-05,-3.34248668389646e-05,0.000199196654672301,0.000249160400562608,-0.000127407156931445,-0.000365146599960796,-0.000384702688763488,-2.2219625185319e-05,-0.000253605653939791,-9.17191503201967e-05,0.000196882739671462,-7.81793161638402e-05,-0.000463921662951199,-0.000145466672743684,-0.000201272718975435,-0.000451359358056856,0.000132989663391752,0.000284230361866046,-0.000422273947111693,0.000163907201142666,-0.000515744139128762,-0.000169337326918374,-0.000475625540917761,-0.000414847417189286,0.000305830896776112,-3.57161430059144e-05,-0.000115340051488631,-0.000315517427466321,9.63390278437319e-05,-0.000335905409370727,-0.000153156664325903,0.000103013608858353,-0.000482160552112663,0.000135401200143919,-0.000683083743412108,0.00098774405299247,0.00101872782749219,-0.000276727873418749,-0.000271079590516645,-0.000928619363348789,-0.000541855792264089,-0.000283457032005094,-0.00145209491851644,-0.00149235146188378,0.0017549264990353,-0.00126493266740814,0.000373206623263394,-0.0015742699625428,-0.00314477515487845,-0.0327124901048962
"626.047",-0.000590995396703347,-0.000160947070604882,-0.000343003903573423,-0.000684100389369806,-0.000472676791184139,-0.000278505020503324,-4.09502701157143e-05,-0.000262376470029696,-0.000420378615877528,-0.000294338064831521,-0.000677050904890548,-0.000979991028143343,-0.0001482793980561,-0.000605350915501909,-0.000639871683930152,-0.000702542581550549,-0.000541406406186697,-0.000733111354790834,-0.000794395681504901,-0.000839188563569751,-0.000584981167662544,-0.000623917800276599,-0.000692800839527471,-0.00103145428620711,-0.00027554497074696,-0.000766480215902657,-0.000564854188789401,-0.000644453597181728,-0.000679724778301319,-0.000653366190855678,-0.000425145663307053,-0.00110561146995972,-0.000794779328578086,0.000109285400782633,-0.000556824571960601,-0.000238334935002052,-0.000419751802904558,-0.00073674464214912,0.000868683644106416,0.000233021165608341,-0.000505903268218915,-0.000720108771788901,-0.00165279754229135,-0.00189427668795622,-0.000372089465636598,-0.00171871351961273,-0.00286332449110927,-0.00238542066369582,-0.00159604310512447,-0.00389963241759457,-0.00317806278695445,-0.0102618379416542,-0.0178633269978746
"630.758",0.000532762258388325,-0.000219763592382144,-0.000535278018977221,-2.93814353530085e-05,-0.000486167549024241,-0.00064887063625043,-6.49492514052318e-05,3.63235722711395e-05,-0.00012832843160241,-0.000568423093013975,-0.000180713118686063,-0.000330214551075799,-0.000430687001698785,-0.000356056346020665,-9.33056707508236e-09,0.000210361738000963,-1.86654325349527e-05,-0.000400360139828073,-0.000182103556782252,0.000237489715768303,0.000245489418908914,-5.25529383690062e-05,-6.26184035053976e-05,-0.000769193463435678,-0.000192017101597288,-0.00087737301054302,-0.000220794456855069,-0.000330058866985756,-0.00042130417066637,-0.000641788990505349,-0.00100209148562658,-0.000214321137852118,-0.000956388230880503,-0.000487563219736795,-0.000724687169118149,-0.000903935073910934,0.00028706476945593,0.000284803836040938,0.000391896661060667,-0.000151894770956482,-0.000255540160172745,-0.000276627981722137,-0.000144302374962707,-0.000649765063423662,0.000477738231087252,-0.000281032009199777,-0.000761230456164019,-0.000730076998346081,-0.00170633885778086,0.00343116880428388,-0.00120695218656105,-0.00905746890905663,-0.00977777409140983
"635.471",-0.000615107856757401,-0.000584592732666233,-0.000370149651762798,-0.000507481558925648,-0.000154724085198637,-7.87880625250692e-05,-0.000387261341655889,-0.000372049253425561,-0.000158586010114615,0.000108848419420817,-0.000159068754529588,-0.000431671465536422,-4.71351578229708e-05,0.000165662443627833,-0.000116139803736615,-0.000424033206222523,-1.86909002712076e-05,-9.78827535073918e-06,-0.000151030264414874,-0.000216530842430333,-0.000247261538588805,-0.000667207870151982,-0.000463330117532475,-0.000132577888600759,-0.00022236350072783,-0.000442076067050621,-0.000380368518485073,-0.000203317687224825,-0.000332122726877102,-0.000473929449959395,-9.90003880904285e-05,-0.00014390896256923,-0.000181772241920136,-0.000444977728065091,5.81090939316499e-05,-0.000171504217309089,-0.000681580382737329,0.000455684651741985,0.000298298160251415,-0.000521394777672077,-0.000962830630018001,1.46145225535803e-05,-0.000468588792662355,0.000381615633787217,-0.000234457669789124,-0.0017504422717946,-0.00125869355584658,0.000920359425271333,-0.000185980030804649,-0.00185810665452856,-0.00455284579453582,-0.000952543118536096,-0.01354697878266
"640.186",-0.000537693539031234,0.000351366612440241,-0.000424031454081528,-0.000149408045467684,-0.000172225171769158,0.000189427006807974,0.000101441820104627,-9.96811368216414e-05,-0.000170490164494948,-0.0003824728104798,4.5737743535787e-05,-0.000405405997807495,-0.000264688639686622,-0.000165980432646487,-0.000286262149737842,-0.000150439010406438,-0.00029967568150177,-0.000108065143904832,-0.000702718923011696,9.13420088465036e-05,-0.000979803251223852,0.000116702993888587,-2.1037362753912e-05,-5.10906071375486e-05,-5.80939353865752e-05,-0.000244983022659385,-6.51121101084584e-05,0.0001574496195039,-0.000406905111725451,0.000118841080706165,0.000424658546948459,-0.000180479783300422,-0.000236789793352984,-0.000594504819973572,-0.000182414968544766,-8.02373516377312e-05,-0.000111030707906232,0.000584705864200563,0.000752126014586967,0.000483387572795032,-0.000217258161957368,-0.000161685257995645,-0.000128328141039464,-0.00102620151209284,-0.000366531304508083,0.000283685341665493,0.000984116921418803,-0.000995078731738808,-0.000558219023305319,0.00102723555619686,-0.00101388300661128,-0.00989741150648601,-0.0271835264662321
"644.903",0.000543805250839375,2.38952360793414e-05,-6.41988645082155e-05,0.000403292351638946,0.000130711952665855,9.58142326764573e-05,8.45202374589814e-05,0.000159237517839055,-0.000190248530445194,-6.7936350686174e-06,0.000138227575843331,-5.46522049484341e-05,-0.000152883236844683,0.000410243111147138,0.000199047245934516,-2.62511768977516e-08,-6.62804146518334e-05,0.00020887620097504,2.17390976798931e-05,-4.61919236415394e-05,7.96871849655271e-05,-6.4401132490302e-05,0.000213482731641824,-7.23280352845493e-05,0.000196098270712028,4.76256277657925e-05,0.000112802864615048,-0.000140532773146039,0.000149761056978222,-0.000120091111863603,-7.3153775937464e-05,0.000127590957044001,-7.3789891989662e-05,5.7021922507819e-05,-2.86567939063666e-05,6.77909921184324e-05,0.000767430115892066,-1.39785556797778e-06,7.24770014688573e-05,-2.66529872135495e-07,8.25488284653333e-05,0.000549913258988424,0.000116796412356625,0.000203172576534535,0.000437665641262078,-0.000313026565774828,0.00236483203674568,0.000559730498700476,0.000188430212995772,0.00292143310563354,0.00123138178151286,0.00866274125097025,0.00756369503581553
"649.621",0.000376677834081305,0.000264815594543418,-3.2467511193983e-05,0.000235281829017754,2.65069147706314e-05,-0.000364313771394493,-0.000232561443691103,4.29940742202416e-05,-0.000277486184515181,-0.000350524479291346,-8.569242685797e-05,-0.000166378115717183,1.93847170551308e-05,0.000132374450020536,-0.0005505131320196,-0.000390398888852777,-7.68771187460855e-05,-0.000454738449729718,-0.00034377476904547,-2.34229687056153e-05,-0.000219444698242709,-0.000184989266025626,-4.32762240261785e-05,0.000125782070146811,3.80717711246764e-08,-0.000135310901287152,7.64453440970834e-05,0.000161582414697283,-0.000530922657200783,-0.000777415712776878,-0.000231582561748794,-0.000314700057740398,-6.52102195173913e-05,-0.000285340774510058,-1.89281910533143e-05,4.76665749167202e-05,0.000258607374073294,-0.000535220410776547,-1.22044656689425e-05,-0.000405010335008603,-0.00073857513126289,-0.00013583955314243,-0.000480354673486401,-0.000572013544837557,0.00102011297986649,0.000185185113114633,6.33237218845262e-05,0.0007575010359118,-5.13744535274633e-07,0.00151317485315804,-0.00270451996005825,0.00195257047970345,-0.0201582917447435
"654.341",-0.000136759928144679,0.000159296387889052,0.000154605413438479,-0.000238804573334008,-0.000636935742016217,0.000131592367042349,-0.00019277867091467,-0.000262442074015951,-0.000299898167843299,-6.75979708436242e-06,-0.000292721711766505,-6.56658603341629e-05,7.88768503558259e-05,-0.000297734229584449,1.86749952887078e-05,-9.23431712031587e-06,-0.000478025366117488,-3.05276346547236e-05,4.47606487234385e-05,-0.000333009510685638,-0.000480970475109453,-0.000574752312219354,6.57891919420776e-05,0.000117076398983875,-5.04326506738716e-05,-0.000117785565045768,-0.000242072473836099,-0.000125156937700825,-0.000433257323843238,0.000124111020660789,-9.28093686431374e-06,-0.000272615197660331,-9.10182098703537e-06,5.87871146560273e-05,-0.00040691543227727,0.000720695846672337,0.00011354138900088,-0.000673361621750343,-0.000236254483463176,-0.000384857713984237,2.84157322083175e-05,0.00076514480549889,-0.000877102268023302,-0.00069602019576771,-0.000742636729667187,-0.000617885118629463,-0.000351988527062759,0.000690843713141641,-0.00232754686265716,-0.00133772290377025,-0.00380170373493195,0.00436485050476161,0.0122208318585587
"659.063",0.00125341592809214,0.00110802012753991,0.000434225160450423,0.00061775851106739,0.00063317818431262,0.0005720613360725,0.000213103841873571,0.000435678481646254,0.000988046429585861,0.000351713513280547,0.000638426346280575,0.000454335077732881,0.000615646606704678,0.000280849977667318,0.000244411565967342,0.000539234781219427,0.000364102405124275,0.000848699191353047,0.000499870149897076,0.00086352568504989,0.000342993731882415,0.000534984208376241,0.000465273244735513,-0.000193222108853623,0.000845004474013283,0.000663204563675613,0.000527155885152024,0.000749107620718765,0.000824979684728122,0.000670911295425444,-0.000237581727487185,0.000729923070473882,0.000737123870250183,0.000283755869066644,0.000914181134117634,0.00128510108261534,0.000731793343454528,0.001036266393725,0.000877807526754501,0.000802436662306215,0.000399814556038088,0.00129637868344679,0.000187879370024737,0.00161724864026257,0.00115754937951564,-0.000216699024867833,0.00242320867260599,0.0030596198375687,0.00278659560897906,0.00721607225271771,0.00852033350835154,0.0142088075288959,0.0192304332319584
"663.787",-0.000377372410835921,0.000236625815297276,9.04660859315566e-05,-0.000127515871821457,-0.000220208171467945,0.000168192934383087,-0.000197107918343085,-4.472753498066e-05,0.000281534831033131,1.45308152198174e-05,-7.25977831937992e-05,9.60126689458764e-06,0.000483412971161809,-0.000157180995931592,-0.000133367054706598,-3.77032446395241e-05,0.000339243179529296,-3.131782308181e-05,-0.000126649634351082,0.000668991493508338,0.000839757308016419,-0.000621731585711384,0.000314771560368145,6.53183810773382e-05,0.000278958409260521,-0.000291140498502318,-0.000198087301883884,-5.9236973459529e-05,0.000137862703219212,0.000437895568355992,0.000664184950767626,-0.000153422196318502,9.77020120388007e-05,0.000102995494502133,-0.000614394282764941,8.18001585902051e-05,-7.97971444815959e-05,-0.0003382901498594,-0.000343358879974742,0.000203097089468503,0.00107178195667145,0.000265854089945439,0.000725923124827062,0.0003360872891915,0.000184624004478617,-0.000631934217961182,0.00180199698620848,0.000629007804995794,-0.0012386168524302,0.00246251384661434,0.00161876323451883,0.00730717421276474,0.00749411115595288
"668.512",-0.00118247824496405,-0.00018890258898507,1.13889577091398e-05,-0.000374265421980996,3.69566278101569e-05,3.38966876860983e-05,-0.000320485943012327,-0.00029302074189409,-0.000271426548712137,-8.79597518813632e-05,-0.000187441857089485,-0.000183752378241523,-0.00104529947044261,-0.000267254908253425,-2.02248915939641e-08,-0.000408574199861067,-0.000502599763543972,-0.000465346174634235,-2.32569055168468e-05,-0.000183855815851513,-0.00016926695534676,-7.97458897990179e-05,-0.00071359937290932,-0.000351037262642332,-0.000114402325733392,-0.000293352357368604,-0.00070853564357193,-0.000318167169731155,-0.000466438349670197,0.000146400128454663,-0.000310234708603411,4.899548303069e-05,-0.000615315030479381,0.000742660432987881,0.00167189285020925,-0.000217083682730073,-0.000252990150652427,-0.000523451728486795,-0.000538240625636432,-0.000150642240586418,0.00100744717711548,-0.000331495373986513,-0.000226276154414636,-0.00131454940928915,-0.00136914099468977,0.000913607531113732,-0.00181599483593135,-0.00427567068927487,-0.00254809412265515,-0.00496052491975174,-0.000870671614859869,-0.000403501885960488,-0.0110801958585019
"673.238",-0.000722180010832782,-8.88780604207239e-05,0.000309247189790055,-0.000268456709532147,-0.000204600883243468,0.000127892449632557,-7.73151503902336e-05,-1.69810329125062e-05,-0.000241370954733559,-0.000110673265334978,0.000180449045484534,-0.00010707121438694,0.000377778551560477,-6.97275266496349e-05,8.69373437969674e-05,-0.000401449180135958,1.0041717597089e-05,-1.07134955132231e-05,-0.000525262447835413,0.000456239923905413,3.66662849205541e-05,-0.000194787826165033,2.2823142801563e-05,-7.72479244900313e-05,5.24348818204101e-05,-7.12584179587392e-05,-0.000542175190538988,0.000270323830182841,-3.97617358468101e-05,6.93722511422697e-05,0.000664030300382964,0.000449030539663183,-0.000518746226715937,-0.000397163532590221,-0.000106942929560462,0.000252294384064239,0.000219913376745553,0.000159166353516368,9.02777201245496e-05,0.000810176655083112,-0.000439223101123349,0.000618895626730962,0.000472917746948596,0.000600973388031224,-0.00107423576054169,0.00130906712666301,0.000963522679477047,-0.000437943450373075,-0.00120608662439818,0.000208226294059475,-0.00514715718392342,0.0092510594736069,-0.00508328317350925
"677.967",-0.000228385544137317,6.43657951368775e-05,-0.000184513897267888,0.000108704594807514,-5.62249538465992e-05,-4.29652229980021e-05,-0.000194827993980376,-2.85721409897067e-05,0.000268540935321214,7.54313299958562e-06,0.000123618078441271,-0.000303846722994895,-0.000195496668547269,-0.000631888042414039,-6.81256817114405e-05,-0.00013477358355902,6.10296299957872e-05,-0.000846320021691154,-0.000364431976061255,-0.000248422046479082,-0.000367566416364319,-0.000230884288167985,-0.000263962907230558,-0.000277915267449268,-2.1198686054902e-05,0.000215237459613913,-0.000394612422437092,-0.000493687674382353,-0.000704380540715178,-0.000575817582465514,-0.000373006912931087,-0.000215396617777341,0.000634966144982145,0.000314118744796584,0.000346937298573867,0.00062935027780201,-0.000384629420576107,-0.000382495766018648,-0.000389615618939248,-0.000361936560863711,0.000533020298157806,0.000495604017164802,-0.000776334549172789,-0.00024234131945203,-0.00127035877505012,-0.00028058794567224,-0.00153973182407553,-0.000160247597782824,-0.0011643995411541,-0.00146710264845803,0.00562428013218912,0.00248471832088316,0.00309976578761677
"682.696",1.43037299655727e-05,-7.79661764836454e-05,0.000233116981073033,0.000361602318466602,-5.68557746158796e-05,3.47301127632481e-05,-0.000190327100030288,-9.24426367696418e-05,-5.17155142615615e-05,-0.000180442631259605,-0.00041777003882722,-0.000128833741397751,0.000499104288396514,0.000162275904390684,0.000108220551911655,-0.000116809045086463,0.000216320438499508,7.57627825275618e-05,-1.17624509965049e-05,0.000452149496706136,-8.67313470818538e-05,-1.16484443883361e-05,0.000533947140384566,0.000438361064528892,0.000138585314746453,-0.000155486655930682,-9.21489770846926e-05,0.00010176401343165,0.000254128212407073,-0.000290849121510043,5.02044350812543e-05,-0.000583575221115051,0.000550090888151986,0.000183587544383747,-0.00041301504243886,-0.000267875229207464,-0.000176728951833087,-8.73699879667093e-05,-1.31009562856793e-05,0.00076791704440363,0.000762772161778542,-9.70044390384325e-05,0.000356840103363247,0.00116306625440245,0.000332792232127485,0.000992926299661727,0.00142102767807469,0.000203283915791173,-0.000153203892764348,0.00141224939925565,0.00167299706728058,0.000206733209402796,0.0067122671087768
"687.428",0.000159651454343441,-2.63445116133534e-05,-0.000457911084036095,-0.000342361382793024,-3.81528666273119e-05,-0.000795651545291378,-0.000271139597572053,-0.000226775805168052,-0.000110600415388989,-0.000173722013798745,-0.000176751533076757,-0.000329337503881086,-0.000565445548070132,-0.000633076090902245,-0.000148551677734724,-0.000254931129231617,8.29915771023722e-05,-0.000610949576842708,-0.000826190133275841,-0.000872670028151835,-0.00043657411589034,-0.000387879231646874,-0.000724647726003762,9.05481948075743e-05,-0.000536713922556387,-0.000344452722229202,-0.00039119453220898,-0.000697611213296171,1.01313018585456e-05,-0.000626355999675756,-0.000689640707420494,0.000129927847098454,0.000785178154151106,-0.000276143742588143,-0.000202488602498399,-0.000134793112954536,-5.92994704426157e-05,-0.0010802803521776,-0.0011636127063108,-0.00073550130244558,0.000210892425393052,-0.000862818346227505,-0.00127547393614831,-0.000164659816937485,0.00079024930080274,-0.00071419911679192,-0.000851748426255038,-0.000734786571571412,-0.00402115779689583,-0.00227587254717282,-0.00494260375443578,-0.0158167926502423,-0.0005019010732111
"692.16",0.00116844596952922,0.000378785556874695,-2.36374229953487e-05,0.0010326031046972,0.000892001982989788,0.000870263141485215,0.000299121166833001,0.000374105745057993,0.000504097116424304,0.000182519854201436,-4.23870507914866e-05,0.000270872807937172,0.000347358768648181,-2.05367047962168e-05,0.00032881845373769,0.000177421835952675,8.33960063491014e-05,0.000613773319857702,0.000902798881129584,0.000775681890129283,0.000802779797106688,0.000673644430667364,0.000693274135438646,0.000591764446161308,3.23528310203266e-05,0.000430254019177381,0.000155321865891024,0.00019604484548307,0.000432763573019819,0.000479162842437343,0.000323832522485669,0.00159805646075586,0.00127772170531974,0.00075578000204575,0.000440032644345433,0.000587841154594619,0.00032222167093055,0.00102280112564633,0.000744709886608623,0.00127414025964682,0.00155880121435834,0.000949319411981924,0.00119224342396087,0.00105346395345164,0.0022390746057431,0.00235526693578453,0.00277505749510607,0.00230063084735815,0.00404263249096329,0.00536170307020964,0.00982053286982625,0.0175927751244914,0.0109368062577686
"696.895",0.00313301148863406,0.00238264282879625,0.00225908071533774,0.00274086425123128,0.0022694765762764,0.00178799476018235,0.00168710436800588,0.00111798695524747,0.00143595295789383,0.00168320735942136,0.00179555511128941,0.00270703598801685,0.00226930352443945,0.00248116099946432,0.00224624641322504,0.00225246849704923,0.00300266736067877,0.00287980289803826,0.00248374448590268,0.0025860509152417,0.00294288396423746,0.00295090405259922,0.00276929021222609,0.00311659401603139,0.00215266386202332,0.00304274304860229,0.00203309005565746,0.00213015440202011,0.00223138807347049,0.00267594757126261,0.00191429019590325,0.00186385105419775,0.00291394924930462,0.00244969791355883,0.00265765612222741,0.00252702387631941,0.00227088892019344,0.00305110508522466,0.00322629040720289,0.00339519666367285,0.00323047276917016,0.00411952526863673,0.00511059003785112,0.00388788272451662,0.00569868308675507,0.00604370013171198,0.00707397705318169,0.00782097630251177,0.0107469012633177,0.0178443176010064,0.0236334018559852,0.0428714324886504,0.112527162144822
"701.63",5.9214738441006e-05,-9.2749601152479e-05,0.000575386395632105,0.000360714940027498,-0.000272693219052855,0.000151725264464923,-0.000209222625629482,-5.88552695644238e-06,-0.000239346201386221,0.000146928197928857,1.71720751529748e-05,-0.000142585237115434,6.41686003630347e-05,-9.38083109370717e-05,0.00043493065521254,-0.000160134199653602,-0.000158705956941799,-0.000200340875919925,-0.000611113077352464,-5.16389235381028e-05,-0.000216387926240334,-0.000227939497153033,0.00108556490869662,-0.000161761808762087,-5.46517788859582e-05,0.000394211750705549,0.000441436135311676,-0.00103668704068389,-0.000700022788398528,9.5695711016026e-05,0.000672904162049057,0.000501905474446824,-0.000267609494863159,-0.000241628576740593,-6.53157427450387e-05,8.03726102424054e-05,0.000508815680790761,-0.000487465174782522,0.000148621880501412,-1.29885407938127e-07,1.53983543594398e-05,0.000365590082756526,0.000586875813342947,0.000356638297759122,-0.000488723792352611,-0.00137057662838461,3.44414185238781e-05,0.00204420106510938,-0.00284185915644179,-0.00355586249225516,-0.0033222229217129,-0.00365566740029989,-0.00842959185239331
"706.367",-0.000209995554975572,0.000376213111669563,0.000242546798721934,-2.28732038382617e-05,3.94431418746294e-05,-0.000252867913106775,0.000314250710135723,0.000456455490389981,0.000221754779752187,-0.000312673176033263,4.33824080255595e-05,-0.000216568182417481,-8.65902780755135e-05,-0.000126565472811417,0.000388933477617107,-0.000526663420435295,-6.42797961751938e-05,0.000247652134608379,2.47507865626642e-05,1.30654767719328e-05,-0.000180305446774787,-6.07194451197497e-05,0.000132928273855332,-2.33674122882538e-05,-0.000244050704498483,-0.000107856078975227,0.000404324704288836,-0.000211707176909527,-0.000390688082428328,-0.00017471159480505,0.000755970900478475,0.0002820751312108,0.000396410838364771,-0.000244273409027,-0.000286348457707818,0.000197615706581113,0.000282130078934809,-0.000701085560743688,0.000259640130997995,2.89389317432551e-05,0.000730743672914469,0.000790357047548815,-0.000593689071501686,-2.14733174843561e-05,-0.000395469054598287,0.0015935478742794,0.00239383907229823,0.00194267698905368,0.000318129197910488,-0.00286626257944884,-0.00266893743085233,0.00740627371163758,-0.00752387228055667
"711.106",-0.000940190911257277,-0.000108342667792857,0.000661967969190531,-0.000553226959923389,-0.000408317103440335,-0.000246396868443989,-0.00023460924379375,-0.000242792945036285,-0.000543772870834843,-0.000205054982807646,-0.000412981004005457,-0.000395894612648793,-0.000448191654957238,-0.000533048820453812,-0.000320756488678249,-0.000501464676545398,-0.000368095433276355,-0.000785847634784243,-0.000737680458425062,-0.000250852346713844,-0.000859565287442065,-0.000184062331409084,-2.42980402430642e-05,-0.000519910127676048,-0.00042591708511111,0.000217970537548143,-6.4387725175968e-05,-0.00014956998824507,-0.000843561867174393,-0.00124762353814217,-0.000686649535592837,-0.000604775828911734,-0.000126102939957373,-0.000451260743077523,-0.000311697735721479,-0.000703780299643998,-0.000396374953937497,-0.00031510409030437,-0.00128379242326174,-0.000662621961702642,-0.000471314912042168,-0.000254948856619783,-0.000131217900796982,-0.000965560361546316,-0.000899704150330231,-0.00125257336635788,-0.00213429341750296,-0.00162059003178937,-0.00263742877717932,-0.00363610934434568,-0.0152398383792025,-0.0156270853987737,-0.028164674327934
"715.845",0.00119655642390611,0.000726234731019324,0.000247938824191968,0.000244697040323816,8.05589193283427e-05,0.000720151560548181,0.000593456338224935,0.000466749921290431,0.000453972559789908,0.000447780113597142,0.000213509301309341,0.00110658222144431,0.00138224204794637,0.000560689386225407,0.00134982324233944,0.000693657707143953,0.000558666122752026,0.000161566559101152,0.000783867725578419,0.00136228347463222,0.00160695918335568,0.00139015520389142,0.000703463132197108,0.000310757392027936,0.000272165456906341,0.000495977120031531,0.000271993769897335,0.000628542419767065,0.000860834146808187,0.00104111393981598,0.00106061905519182,0.000432888562824663,0.0010336550435592,0.000228338842933176,0.00049594331415445,0.000652885252425299,0.000814899953170349,0.000649612124463811,0.000321195783735401,0.000774329216317789,0.00120798923448104,0.00140966258238468,0.00149865702264392,0.00160582098164748,0.00123840768819708,0.00211174624178452,0.00273416139531185,0.00129414557345697,0.00729564561170873,0.000451973953564819,0.00486332447629559,0.0126952564885636,0.0153226234216573
"720.586",-9.22664075595287e-05,-0.000343137985896866,6.21913425608523e-05,9.37198376370202e-05,0.000353504650656465,0.000129580495659303,0.000224097149267247,-4.06322729453373e-08,0.000220511764240359,-2.42912021448079e-05,0.0003473040458085,0.000137308523932751,0.00039922523018307,6.4845336424293e-05,0.000513934887584411,0.000529295566699635,0.000571076145065531,0.000576946616521219,0.000583126995053084,-0.000200840034789045,0.000884720660631731,0.000510148688336462,0.000655935451787591,0.000599138067946081,0.000784330599598742,0.000441998199274958,0.000654354596351769,-4.26652454238701e-05,0.000396444758687354,0.000698223369871763,0.000434849594600524,0.000148305819017455,0.000160437638287559,0.000338049230211407,-0.000203192532802523,0.000119231251181529,0.000578383823716413,0.000638130648595608,0.00037800107443051,-0.000104719861843974,0.000701110619974096,-0.000344693283576969,0.000684681656890552,0.00119634301209851,0.000583137165926866,-0.00015121955281362,0.00180391729989763,-0.000863974046608173,0.00196425995102457,7.352897696738e-05,0.00582368492433962,0.0022313814294639,0.00875143655614457
"725.329",0.00101187809500136,6.9268917724217e-05,-0.0003397506733597,0.000816709513897314,-0.000132899461844433,-0.000468460301965723,0.000375571431739191,8.72492279096066e-05,0.00025108993773175,0.000243064571060684,0.00011741967631141,0.000641669673708016,-1.12251332886862e-05,0.00025169260070684,0.000148705168861664,0.000588310343257125,0.000433479026490097,-0.00415144140418328,-0.000397848426366366,-0.000162635820381729,0.000441166676516955,-0.000314879029157662,7.51122078028973e-05,-0.000109148407915384,0.000356871595307601,-0.000514562459380864,0.000430562503552989,-7.37189859980709e-05,-0.00025144977153051,-0.000317371163380353,-0.00018213141952032,-0.000385266325379793,0.000140840571814393,-0.000154270880659521,-4.56445331810335e-05,-0.000324761107666368,-5.04825786839182e-05,0.000121050003219472,-0.000481795820822953,0.000407593738313579,-0.000177346013573247,-0.000279102969355004,0.000250087655044458,-0.000308549432086802,-0.00033392791201623,0.000520420733537403,-0.000219333699407523,0.00231970281836881,0.000828220876884649,-0.00137240822052435,-0.0013218292148482,0.00677921266030936,-0.00225292721873339
"730.072",-0.00125286826889463,-0.000672087432021207,-0.000443085813925928,-0.000666748962922456,-0.000936013824396482,-0.000669336769178563,-0.000520440344353712,7.51905477262574e-05,-0.000344031016322871,-0.000522192271087798,-0.000671282044922217,-0.000764051192139013,-0.000733965028467513,-0.00080375331212864,-0.000555746898072113,0.0001162898988705,-0.000671157315111953,-0.000482338728426282,-0.000891030971530501,2.7273761969443e-05,-0.000739753253155405,-0.00034215803742577,-0.00071837224282556,-0.000915337965567451,-0.000636539478276545,-0.000731674132473711,-0.000354694718118445,-0.000864798999802815,-0.00025937209556192,-0.00056589088661718,0.000421120291932788,-0.00104540380344911,-0.000859656940137093,-0.000676948979460581,-0.00100069924886217,-0.000496017790660128,-0.000114899909561884,-0.00161179784241325,-0.000598870971525723,-0.000714629105702944,-0.00160666100448023,-0.000947893590873418,-0.000910334425056611,-0.00130757953122685,-0.00206548918149593,-0.00320360069453102,-0.00231435104946967,-0.00145231054365354,-0.00333612784937837,-0.00191704004650668,-0.00944490249554351,-0.0109216666483519,-0.045320899914707
"734.817",0.000599657363192391,0.000156016728351922,-0.000165463031677187,0.000803570921059201,-0.00023816667282007,0.000427261027675931,0.000136514064827129,0.000372505234680717,2.82288551348949e-05,0.000188671512198644,-0.000319907333680499,0.00050918942328379,5.70355908447346e-05,-5.53847529750421e-05,0.000914468888026463,0.000138309781896066,-0.000101482817875157,1.19734195577424e-05,0.000493858666887321,0.000727881456360749,-0.000595842802842008,0.000370195844035114,0.000279427024562483,0.000639163428691415,0.000641439163431087,-0.000102118166537409,0.000259416376881367,-0.000176577660333303,0.000462218210850666,-0.00013094959052005,1.11447612892504e-05,0.00038031203449768,0.000208498760083963,0.000760169937270534,-5.73708893026829e-05,4.98388490185915e-05,0.00086366395452321,-0.000177358735936489,7.18031745334054e-05,0.00042853129219425,-0.000359523510896136,0.00129042607697339,0.000507343789562981,-0.0018748862447304,-0.000753304897432066,-3.10409024353683e-05,0.000704221025295198,0.00155265626438517,-0.000617085189603476,0.0024689413279197,0.00475352438677229,0.0112107271764741,0.00221375701486077
"739.563",-0.000574396441421655,-0.000655650083307092,0.000154826304288958,-0.000764675445053855,-0.000471608619504938,-0.000653129152644813,1.45305406342497e-05,-0.000249010810330048,-0.000114485951571047,-0.000797927310875519,-0.000591202568985087,-0.000624792783902904,-0.000149500650478923,0.000347746188099787,-0.000663921620711591,-0.000667672866276004,0.000102595419509641,0.000143954305544958,0.000105335087569868,-0.00105587797596593,-0.000781093573015268,-0.000309892587862433,0.000590563804199223,-0.00043518365295945,0.000271536498343593,-0.000848550451749231,-0.000117921051279174,0.000742150570769306,-0.000145284147754012,-0.00085601707929759,-0.000472840832895326,-0.0002085132784889,-0.000188432938252283,-0.000260094507120057,-8.1565292038918e-05,0.000371150825851979,-0.000351951342039756,-1.37757044824455e-05,-0.000624647349715744,-0.000944843724287638,-4.37578697580791e-08,-0.000625902095242111,3.94121663595712e-05,-0.00198674174236272,-0.00160443699818999,-0.000784536516406756,-0.00224590280753189,-0.000716406220333787,0.00232144354946439,-0.00249831792668894,-0.00184853682467391,-0.00532724840883308,0.00229245524300414
"744.31",0.000419309042449408,0.000491038808095369,0.00127757967317516,0.000441448806427576,-0.0001799578847321,0.000242654680584203,0.000190869776843859,-0.000148474594610609,-0.00013016138216527,-0.000117782016847369,-0.000270930767919325,-8.86939729705079e-05,1.1532823377568e-05,0.000816323791083956,0.000428936000053384,0.000282986318085479,-0.000633419745474438,0.000448011899669999,-0.000292713317722831,-0.000575713142195482,0.000249322890395748,0.00019576295406674,-0.000103718983292044,-0.000226167194154583,0.000763088177660002,0.00050946118299029,0.000170638303702737,0.000140788661468679,0.000114144878943831,0.000348642598411074,0.000255886622586595,-2.19157383374118e-05,8.98257800501947e-05,0.000445928443919411,0.000451012795455088,0.000163070043682079,0.000487632408984413,0.000181215893791876,0.000880893165145189,-3.16677740698718e-05,-0.000183802144970074,0.000144580795260333,0.000977346107426979,0.000433120868485863,0.000744689015676529,0.00114179759896264,0.000757612248745725,0.000770185517872957,-0.00223315082407976,-0.0016580767441993,-0.00349374412482266,0.00490465262354596,0.0402790697025019
"749.058",-0.00141759277276011,-0.000728585623948495,-0.000131727171930351,-0.000371550232155109,-0.000535001523920731,-0.000470762007052606,4.45374730161189e-05,7.83114419952656e-05,-0.00052585052475325,-0.000415427101224507,-4.69998567224673e-05,-8.95563223729162e-05,-0.00045823169647899,0.000206231505427059,-1.11193643491241e-05,-0.000450794141223398,-0.000779393002957927,-0.00124776511324986,-0.000470010408262877,-0.00107808016995399,0.000139885054419786,-0.000870132382776492,-0.000157308723291094,-0.000482424230794974,-0.000541783524323412,-1.30660542326366e-05,-0.000142292955229091,-1.09091558450035e-05,-0.000562635809090547,-0.000192614344387731,-0.000482450277507128,-0.00048222903671199,-0.00026045043789717,-0.000796385695781381,-0.000489739094158432,-0.000378115559570679,-0.000958425061163466,-0.000633980057617343,-5.93309674646435e-05,-0.00104382128587186,-0.000253273383032022,-0.000876437622305955,0.000342612599795541,-0.000391524879372925,-0.000993946542115529,-0.000576754786664657,-0.00336319610187821,0.00178693060138491,-0.00242848212529859,0.00191456371599824,-0.00818528045129347,-0.016327448143147,0.0134287726032406
"753.808",-0.00161069797957558,-0.00100897149593454,-0.000953223619631604,-0.0015142802020523,-0.00127590009011839,-0.00101949130568429,-0.000506398193251521,-0.000877472317180668,-0.000245804379690191,-0.00103807227347287,-0.00112499445663622,-0.000695991243372465,-0.000550613482194243,-0.000782103919087048,-0.00122346952620125,-0.00127770050952001,-0.00143505788104827,-0.000835899381501582,-0.000575156421574179,-0.00146029758366435,-0.000841255641437743,-0.00116899901804681,-0.00141601575338891,-0.00116452595241769,-0.00100548219944521,-0.000682385272513237,-0.00145607705681228,-0.00111391635500449,-0.00104188804430798,-0.000335011893344485,-0.00112107376130084,-0.0014740920756617,-0.0011418583681949,-0.000622735928276723,-0.000450502034651646,-0.00132319673187459,-0.000719068976689008,-0.0019241433460646,-0.00181410420305324,-0.00112867628223636,-0.000911977715368154,-0.00156329368162743,-0.00051321896309584,-0.00260792285163663,-0.00218938000386843,-0.00375574320131903,-0.00517960817652239,-0.00667685243734414,-0.00489348113101688,-0.00479648259779222,-0.00770634104082703,-0.031829856182936,-0.0669563721956963
"758.558",-5.05589685160865e-05,-0.000391710348018776,0.000136697652153296,-0.000680919231316739,-1.10650845161232e-05,-0.000295119950060193,-0.00011531859944941,4.05963226828062e-05,-0.000432277745159413,-0.000159018279809847,0.000186220054712773,-0.000104614767067534,-0.000572588122575078,2.38122271192137e-05,-1.15881467285866e-05,-0.000353798631877544,3.60338611269106e-05,-2.57270985734994e-05,0.000292484445766726,-0.000250264151985136,0.000885862661929248,-0.000136729060943435,5.48641263455504e-05,0.000118637952183161,7.88124819443362e-05,0.000751337547579342,0.000132674023247165,-0.000560894949966894,0.000167002980107321,3.7331486890511e-07,-0.000116252621075274,-2.31155073405171e-05,-0.000633859074317166,-0.000370304687542618,0.000385767908757276,-9.15576443185483e-05,0.000303931914146873,0.000131551616508359,-0.000292454499398769,0.000721783200708817,0.000227882290306168,-0.000511646037824251,0.000732119085392399,0.000478152054572018,0.00064207264654991,-0.000897814137039967,-0.000871595391735502,-0.00123573266012636,0.00126029709406654,0.000908581954804889,0.00287275558409861,-0.00859263132220656,0.0192562691667191
"763.31",-0.000689952724492834,-0.000369930137232377,0.000390398167903237,0.000287972072384706,-0.00053232347291349,0.000249128749805352,3.13320130708987e-05,-0.000262296533380702,-9.26796081371178e-05,-0.000682775546969767,-0.00016959875974781,-0.000402837307512224,0.000310886102393724,-0.000363726063300488,-0.00038819429758964,-0.00026765891630309,2.47715517727224e-05,0.000349885040970584,0.000128217807124585,-0.000660699995632689,-0.000222200934547352,-5.58050219420887e-05,0.000222088560776114,-0.000308940089453667,0.000299475934807992,-0.000347884360371803,0.000770105642630379,0.000365543112365159,-0.000449854353142797,-0.000841243967686526,-0.000463431331435074,0.000106490258115671,-0.000634556637925771,-0.000109289872476956,-0.000278574119553221,-5.35068320539513e-05,0.000197242144280111,0.000730760856051566,-3.1396146069454e-05,0.000569165742909529,5.35343669089138e-05,-0.000560488402044327,0.000426423021746145,-0.000585514264563689,-0.000710829531385369,-0.00156023162935062,-0.000809182929548575,-0.00174555308046124,-0.00085716978819795,-0.000423430903830976,0.00120038575909193,0.00250867023058301,-0.0362836308914717
"768.062",-1.72611629855126e-05,0.000436264553698268,-2.81431678242468e-05,-1.3426361274579e-05,4.56531332316451e-05,-0.000408622773455281,-7.94949820091873e-06,0.000167223377805475,-7.55863321183519e-06,-0.000126859540757103,-0.000342759476042528,-0.000490341674324182,0.000426735493382721,0.000477258906238986,0.000570053501320975,0.000646195320103661,0.000211408703139898,0.00039225774751479,-1.41491840985184e-05,0.000560794174553894,0.000209294675944102,-0.000281733508298288,-0.000111746847972584,-8.08855560665133e-05,0.000803152078891638,0.00018751302828333,0.000222307241176463,-0.000172285064718684,0.000282248933908324,-0.000630734193750542,0.000252042814895676,-1.20713387380768e-05,-0.000313976182625156,0.000703916698180086,0.00039621728003153,-8.09222415687926e-05,8.52787070971862e-05,-6.02167292427212e-05,0.000110930380138258,-0.000152051521100068,0.0004690222764966,-9.7553640528789e-05,0.000861183283465539,0.000517053211179028,-0.00137729357798263,-6.84939788356812e-05,-0.000694368015280231,0.000831710318686927,-0.000185580127261216,0.00443071765517926,0.00376740002429763,0.00202358432964786,0.00434252094575588
"772.815",-0.000643774761121884,-0.000233381074005896,-1.69337551996288e-07,-0.000450074887214499,0.000159948401030044,-0.000198942969857908,0.000237465413778181,-6.95657117520507e-05,-0.000218398823901794,-0.000444120846925162,-0.000261851867883442,7.18064014923725e-05,-0.000363795862602668,-0.000819455330618489,-1.1794004004271e-05,-0.000140864572851268,0.000124274703092382,0.000326868806922444,-0.000243707867103872,-0.00065131521631036,5.9807631769338e-05,-0.000253332115873222,-0.000278929617161732,2.79719854128155e-05,-0.000781681056554848,-0.000125004355725848,-0.00061648585560768,-0.000344153529205595,0.000674853050633923,0.000327422130680552,-0.000155887318857591,-0.000347040024830587,-0.000494831741784748,0.000579868580442597,-0.000255565862316626,-0.00117117095983511,-0.000142138148535981,0.000481374371414334,0.00072849844241319,0.000152107060146778,-0.000522717969490311,-0.000760331239163191,-0.00139848801283579,-0.00157487244469069,-0.00154888347566197,-0.00150540015667851,-0.00142810488798124,-0.00176206710890929,0.00277899129705633,0.00178691347387215,-0.00779902682760345,-0.00934510949350459,0.00183630284470545
"777.57",-0.000656803129653062,6.33534445558422e-05,-7.16796494286199e-05,-0.000526257259621024,0.000221486791706889,-0.000331209317221016,-4.84459867685319e-05,-0.000248773017459185,-0.000222932564692709,-0.000804922567052739,-0.000421591903021036,-9.75682194290325e-05,-0.000447917938908506,-0.000112247936025808,-0.000133203210702548,-0.000131779219042723,-0.000164703256986665,-0.000653159492885619,-0.000453689291139242,0.000185460457981504,-0.000884039996532118,-5.73929906510669e-05,-0.000624950673502546,-0.000151358755289543,0.000210504638760855,-0.000369928641402706,-0.000289203245343685,0.000238255426377279,-0.000325361874051411,-0.00145812218787621,-0.000415480362528741,-0.00036570322908062,-0.000245870689050843,5.06156605631263e-05,-0.000743136492450262,-0.00034325936103733,-0.000478537411318371,-0.000153526676096029,0.000258574900218879,-0.000448057663984285,-0.000533409055043623,-0.000298392490554437,-0.000285368401698381,7.53153536354408e-05,0.00105310885731388,-0.00125679679797124,-0.000206974717308164,-0.000648299851849216,-0.00283581829352454,0.000172322586999173,-0.00809603477706162,-0.00489235696473288,-0.0430828856671939
"782.325",-0.00010791056968032,0.0004032470722271,0.000291445460989663,0.000123544703782679,0.000260449803613387,0.000813708331056549,0.000147796006423203,0.0003752208090532,0.000371553281026482,0.000525302579335614,-0.000198572622308679,0.000173282945479951,0.00064987167206701,-0.000114077996909806,-0.000467311822263416,0.000790650908885158,0.000115793960749618,0.000284002925557001,0.00092133776242474,0.000596353949937199,0.000154892218754552,0.00065654670122704,0.000528619100259359,0.000815068873919059,-3.97813188534426e-05,0.000207180007299059,0.00079242255220861,0.000483911897795435,0.000165476708358608,0.000289391218462213,0.000149257164016713,0.00026131525741798,0.000351340122844093,0.000396126295550153,0.000887163546634097,-0.000264858144799742,0.000397606531248284,-0.00040529876144959,0.00088610032181639,0.00014001289824263,0.00123269400307811,0.000202003586838503,0.00138220688144651,0.00101995618244911,0.0012480430601126,-0.000248172394018511,-0.00169054295607976,-0.000150616124343283,-0.00115388446601345,-0.000882529334503836,0.00710349662107189,0.00680092509895957,0.0436865304295337
"787.081",0.000980989090550402,0.00125683261661598,0.000553547587611095,0.00032397724569371,0.000364602993457633,5.56740476521256e-05,0.000235924444482359,0.000503881671869874,0.000373255506099715,0.000530500783204522,0.000932737525138862,0.000750212270803964,0.00125422801763227,0.000364324479683454,0.00104800965090178,0.000911888246058167,0.00031725130813847,1.39531906303213e-05,0.000930474258069795,0.000257834645910509,0.00104920591863578,0.000854368621978761,0.0010337083965756,-2.87472477604278e-05,0.00101231182757952,0.000199512105628068,0.000275472911835564,0.000627477027085014,0.000495755844255512,0.000155006928232936,0.000471987198917515,-2.49178054704952e-05,0.00110572236177232,0.000918025092633498,0.000706938882115116,-0.000157688751400066,0.00127023112423481,0.000432116199563509,0.000606560441598326,0.000143808543161775,0.000805488310283772,-0.000954156196377194,0.000457759010047807,0.00115237688116925,0.00125099235139693,0.00171079226349176,0.00260504719705434,0.00374764280603458,0.00525324714210658,0.00407768728453748,0.00829887779312506,0.0265997794240222,0.0534667879473167
"791.838",-0.000110832803799368,0.000480669803181834,-0.000239007806994162,-0.000140198655546193,0.000206495661460205,0.000422993173368456,-0.000185147547712644,0.000177567853584855,0.000182268442371568,0.000654771318759928,-0.000289383585208502,-0.000215947703698272,0.000533382433158485,-0.000233957688662802,0.000100810421033756,0.000761240497582055,0.000765795076438283,0.00144397410563154,0.000213108051552041,0.000466868986071009,-0.000428181793235662,-0.00010328459459474,-0.000353733196905073,0.000288202899631661,0.000478630765365888,0.000292226280140311,-0.000170353758204636,0.000365953020151313,-0.000495301220635811,0.00047725974820775,0.000179207058014066,0.00028081697668142,0.000270312345513269,0.000602999780726247,0.000679148965014271,0.000171846471658362,-0.000302102811407194,0.00071942135465986,-8.41462367946719e-05,-0.000915478763950781,-0.000517246630278306,0.000787457508583923,0.000823316704002168,0.00122925403389696,0.000853843105901645,0.000545479533290965,-8.62804987477703e-05,0.00197818839983513,0.000982372024174051,-0.000271738295290109,0.00285656734709182,0.00536020380392666,0.0382398138488953
"796.596",0.000112966064542845,-0.000168445277323083,0.000121730939311449,-0.000329106759093396,-4.95772805884617e-05,-0.000113362369169688,-6.86336359750294e-05,0.000143287155293061,7.0990852811832e-08,-6.85311621576086e-05,0.000916078798797446,-0.000711761043283296,0.000420739217939166,-0.000132423481464435,0.000758081278171899,-0.000216078435613841,-0.000201707199613328,-0.000141362972774507,0.00023262517078011,0.000426392820285545,-0.000580395236466975,0.000473911932924962,1.61030599123233e-05,-0.000601745485492817,0.00123910187522139,0.000148807184591396,-0.000226970140775569,-6.6596358047114e-05,-0.000146479851891265,-0.000458799509930167,-0.000440510005321534,6.51108561957409e-05,0.000405563502533019,0.000400237289964443,0.0002214935059027,0.00037883331347575,6.15780358353815e-05,-0.000960890448878704,-0.00054870255197244,-0.000548454858825256,0.000351378314151566,0.000865487276759574,-4.67136978759763e-05,0.000639781373643749,-0.000373008745849296,-0.000629743782317862,0.00415317449734669,0.00164497152331999,0.00126940799580146,0.00212102624220026,-0.0069880278064048,0.0180406339844752,0.00402330366510822
"801.355",-0.000325369379489404,0.000319559086754658,0.000591383825326642,0.000519166270798938,0.000726048274861098,-0.000616563199436117,5.17936789734565e-05,0.000143259241930182,-0.000240558999347628,0.000144178726726182,0.00042355593851188,-2.22643953922399e-05,0.000797223596789549,0.000251464116448236,8.873557729381e-05,-0.000208458035241793,0.000151052192629974,0.000293279669378035,0.000294913722351933,-0.000311461874062199,4.4829973822642e-05,-2.56038927528368e-05,0.000196391908315225,-0.000392760538989228,8.41370259009433e-05,0.000280375151028812,0.000345820416299973,2.28324403720655e-05,0.000447025931422589,-1.08031624646032e-05,-0.000514565331675749,0.000436786233765259,0.00111814811574007,0.000265043521170288,0.000537529080731351,0.000364915174031878,-0.000358687758047371,0.000956082133535583,0.000458890343969103,0.000994503277003116,0.000555942418389241,0.000437345145745726,0.000522765927166176,0.000483155524930968,-0.000240695853669091,0.00057558436568824,0.00236516453917731,0.00132805977101981,0.00236655788769271,0.00119361970687429,0.0021359502327248,-0.00141367287156362,-0.0174583006884169
"806.114",-0.000308954611861626,0.000799580708687036,0.000644052155020294,0.00063064592244793,0.000822203846100245,0.000342583064477298,6.66736480267799e-05,0.000292899915235267,7.25768382128229e-06,0.00024554576640939,9.42392653121953e-05,4.46737752182813e-05,0.000797315488388503,4.56443681434909e-05,-7.76110232038142e-05,7.68360980211332e-05,0.000580476979891489,0.00100114021895479,0.000549495343172189,0.0004529781014018,0.000701256258750791,0.000237092997693145,-0.000104838562159794,0.000126695381409966,-0.00010818567281126,-0.000502414421780803,0.000702831298946206,0.000528342427129006,0.000814091049933892,0.000125693715124737,0.000191303209938381,3.3003986659835e-07,0.000463187688712739,-0.000426327127648811,0.000179239649022413,0.000176244835760832,-0.000119618721006461,7.03463929687439e-05,0.000606909672767678,0.00108893820273434,-5.05672435806247e-05,-0.000491993712502754,0.001387610163909,0.00204720765386993,0.000669893976725255,0.00115120142126914,-0.00072416477452846,0.00182952750872497,0.00190458242234712,0.000398407947368393,0.0017582847479375,0.00117846470140233,0.0237983863084298
"810.875",-0.000423195500788265,-4.30072904602798e-05,-0.00149866252174939,-0.000272327131214811,-0.000373725984309073,-0.000362138151316146,-0.000496097526736964,-0.000357911810679347,-0.000182020881505292,-0.000448736599797961,-0.000630541464123293,-0.000781871325560058,-0.000468968390225857,-0.000457235636707532,-0.000909456933264454,-1.09711766316782e-05,-0.0011029758440597,-0.000463992751750542,-0.00050948035152746,-0.000580538283208833,-0.000556752083139146,-0.00134199470941495,-0.000392746493375053,-0.000494156493230816,-0.000769408407242468,-0.00137867913383918,-0.000438043335957799,-0.00105673291889818,-0.000378458165646952,-0.000814276381030516,-0.000111646888311231,-0.00085071848239301,-4.52491534312129e-05,-0.00116366439491414,8.36780797086803e-05,-0.00118284333996941,-0.00027899953708544,-0.000815442469915562,-0.00065131540424457,-0.00113649498243711,-0.000353857745885275,-0.000236860217556066,-0.00104571621180979,6.92602161664626e-05,-0.000295030736297149,-0.00265415950758911,-0.00186719596510735,-0.00288002276663393,-0.00409648993808245,-0.00525180907366329,-0.00515090121960915,-0.00259625811897899,-0.0110275322439619
"815.635",0.0011219561210729,0.000188753073527894,0.000722971916357224,6.18307868758397e-05,7.47852805835221e-05,0.000499147461354827,0.000258953717292248,-2.60251653993413e-05,-3.63428930803628e-05,0.00019462043561488,0.000771876691391905,0.00064795356021507,1.77657091309446e-07,9.13725007869697e-05,-0.000133081952435583,0.000109738269436352,0.000475980136837461,-0.000329575832397148,9.24287289874814e-05,0.000311343943814884,0.000754634570269904,0.000184219558291936,-0.000300975428229841,0.000772867383559566,0.00027653642834814,0.000747777656188581,5.75331866041741e-05,0.00010343490818344,0.000321506022653793,2.36847879637803e-05,0.000717206518564512,0.000458899859202022,0.000655185797560348,4.60617729610943e-05,0.000274826533847599,0.000490621599525981,-0.000265698118714164,2.81948274941452e-05,-0.000148015970664632,0.000710285276716852,-0.000454891164307329,0.0008017794376378,0.001266724819077,0.000690088033965638,0.000536296293195921,0.000671532555852448,0.000420746245423112,0.000549578623973158,0.00225146442164725,-0.00214897532447325,0.00364498354406822,0.0110913841415786,0.00529170695901079
"820.397",0.00161002202038679,0.00011745524471744,-1.27803946242194e-05,-3.6623832101485e-05,0.000288337873183387,-0.00025445253749036,-8.86927113185553e-05,-0.000416620144410309,-9.5180617779432e-05,0.000236894764984729,0.000470446754404387,0.000781897215637523,-0.000304607994893329,-0.000194230339416623,0.00028825727846838,0.000142617723891939,-0.000313684627061622,9.66866633247941e-05,-9.73051743601364e-05,-8.39632828611436e-08,4.21807272311674e-05,0.000381609398900876,6.57418203396598e-05,-0.000658803403894171,-4.79592270976435e-05,2.33323414420307e-05,5.7871448127191e-05,-3.40483912240448e-05,-0.000113720988394819,9.20371499101798e-05,-0.000234972319818784,-0.000245863438747986,-0.00012389537315918,0.000438034862304532,8.37730128766243e-05,0.000188990138357407,0.000411886870299798,0.000463921026848467,0.000207254731341693,0.000552220685619506,-0.00026946010218518,0.000455545154509679,0.00078451275419157,0.000275041678784735,-0.000991306356778251,3.19296439042587e-05,0.00084170939423537,0.00187669364567406,-0.00155900785256842,-0.00286574602575068,0.00640827555760203,-0.00850627573534077,0.0086510087614444
"825.159",0.000455189043739202,0.000334275838864766,0.000447130446737651,-0.0001974713116673,0.000331128559146776,0.000557914432541807,0.000155502126914405,-1.96625301496964e-05,0.000101886752614454,0.000211479118383872,0.000244504490512001,0.000323917232929367,0.000515968760449931,0.000137237702612249,0.000443510471792563,0.000471857142240597,-5.81868625208954e-05,0.000485556336667426,-0.000486352972202693,0.000622874896759816,-0.000418800377430369,1.31981983040798e-05,1.33660830577157e-05,-0.000215362005373359,-0.00016819223448456,0.000467280189480615,-0.000506905054835995,0.000367826418015402,-6.76774631883434e-05,0.000204905924891228,0.000123756147642124,-5.57256034134358e-05,0.000158630122619633,0.000438050721390342,-0.000537250610105377,0.000138611628133859,-0.000132751734405726,0.000449848206766887,0.000458912507653125,0.00123080423526568,0.000505553531407196,0.00109333126726906,0.000965510868585208,0.000873782350802313,0.000991502806167795,0.00163079903948388,-0.00049375100816973,0.00279041423933026,0.000749856216280393,0.00103374320465306,0.00175594802108563,-0.00402471647917763,0.0063342973546229
