"","500","495","490","485","480","475","470","465","460","455","450","445","440","435","430","425","420","415","410","405","400","395","390","385","380","375","370","365","360","355","350","345","340","335","330","325","320","315","310","305","300","295","290","285","280","275","270","265","260","255","250","245","240"
"248.336",0,0,0,0,0,0,0,0,0,0,0,0,0,0,0,0,0,0,0,0,0,0,0,0,0,0,0,0,0,0,0,0,0,0,0,0,0,0,0,0,0,0,0,0,0,0,0,0,0,0,0,0,0
"252.814",0,0,0,0,0,0,0,0,0,0,0,0,0,0,0,0,0,0,0,0,0,0,0,0,0,0,0,0,0,0,0,0,0,0,0,0,0,0,0,0,0,0,0,0,0,0,0,0,0,0,0,-0.0311314245886349,-0.0125814198834538
"257.296",0,0,0,0,0,0,0,0,0,0,0,0,0,0,0,0,0,0,0,0,0,0,0,0,0,0,0,0,0,0,0,0,0,0,0,0,0,0,0,0,0,0,0,0,0,0,0,0,0,0,0.00150081849824923,0.00121737337241236,0.000608449714545545
"261.781",0,0,0,0,0,0,0,0,0,0,0,0,0,0,0,0,0,0,0,0,0,0,0,0,0,0,0,0,0,0,0,0,0,0,0,0,0,0,0,0,0,0,0,0,0,0,0,0,0,-0.00903340241516659,-0.00143509667738172,0.014621557569145,0.0193020713379647
"266.271",0,0,0,0,0,0,0,0,0,0,0,0,0,0,0,0,0,0,0,0,0,0,0,0,0,0,0,0,0,0,0,0,0,0,0,0,0,0,0,0,0,0,0,0,0,0,0,0,-0.00923850469408749,0.000359079377518418,-0.00296064102198999,0.0035890368406335,-0.0110555191988145
"270.764",0,0,0,0,0,0,0,0,0,0,0,0,0,0,0,0,0,0,0,0,0,0,0,0,0,0,0,0,0,0,0,0,0,0,0,0,0,0,0,0,0,0,0,0,0,0,0,-0.00468785554748608,0.00135963086720772,0.00382295284874437,-0.00801157036045572,-0.00317162072978228,0.00200957319714856
"275.26",0,0,0,0,0,0,0,0,0,0,0,0,0,0,0,0,0,0,0,0,0,0,0,0,0,0,0,0,0,0,0,0,0,0,0,0,0,0,0,0,0,0,0,0,0,0,-0.0124882808110405,-0.00221140708890902,0.00103924588225439,0.00244595230564376,0.00169907072235176,-0.00152505396299973,-0.00209822478649031
"279.76",0,0,0,0,0,0,0,0,0,0,0,0,0,0,0,0,0,0,0,0,0,0,0,0,0,0,0,0,0,0,0,0,0,0,0,0,0,0,0,0,0,0,0,0,0,-0.0142827404964356,-0.0023507871258614,0.00303626861083346,0.00640601214217494,0.020101406904965,0.00907766734285381,0.00598395630884558,0.0318257074180282
"284.264",0,0,0,0,0,0,0,0,0,0,0,0,0,0,0,0,0,0,0,0,0,0,0,0,0,0,0,0,0,0,0,0,0,0,0,0,0,0,0,0,0,0,0,0,0,-0.00160853931672078,0.00022172331884876,0.000229511038018347,0.00459306025267003,-0.00100919468188321,0.00469339868661012,-0.0049982191077181,0.0122528468585546
"288.772",0,0,0,0,0,0,0,0,0,0,0,0,0,0,0,0,0,0,0,0,0,0,0,0,0,0,0,0,0,0,0,0,0,0,0,0,0,0,0,0,0,0,0,0,-0.00230990275883242,0.000256625153783593,-0.00155062540657579,-0.00418335637926007,0.008292494845131,0.000514151249654649,0.00249738426986281,0.0066725927719904,-0.0152447889041352
"293.283",0,0,0,0,0,0,0,0,0,0,0,0,0,0,0,0,0,0,0,0,0,0,0,0,0,0,0,0,0,0,0,0,0,0,0,0,0,0,0,0,0,0,0,-0.00306580610074042,0.000651160931549728,0.000679101497274237,0.000733127272868117,0.000873527469035906,-0.000807896056709945,0.00462105191776837,0.00972368246389185,0.00449702291984782,-0.00350990351718572
"297.797",0,0,0,0,0,0,0,0,0,0,0,0,0,0,0,0,0,0,0,0,0,0,0,0,0,0,0,0,0,0,0,0,0,0,0,0,0,0,0,0,0,0,-0.00415305320841303,-0.000316619922714222,0.00012816373987757,0.000812701312221775,0.00233244432710739,-0.000412118936671868,-0.00173078413023662,-0.00303389693046471,0.00268819517170232,0.00274353278964147,-0.00961045999337919
"302.315",0,0,0,0,0,0,0,0,0,0,0,0,0,0,0,0,0,0,0,0,0,0,0,0,0,0,0,0,0,0,0,0,0,0,0,0,0,0,0,0,0,-0.00645227593587394,-0.00146483255654362,-0.000784056494030051,-0.00172754455139388,-0.00375549242877296,0.000676048872589374,-0.00320299241262707,-0.00232564599924964,-0.000992258259254995,-0.00732903015025943,-0.00271005986648936,-0.053840457101585
"306.837",0,0,0,0,0,0,0,0,0,0,0,0,0,0,0,0,0,0,0,0,0,0,0,0,0,0,0,0,0,0,0,0,0,0,0,0,0,0,0,0,-0.00496803296386095,0.000176235412227402,-0.000356726380911384,-0.000719505396801566,-5.90251546620513e-05,0.00210892781624589,0.000372102240381672,-0.000585880237158201,-0.00105388239955976,-0.00114872003538256,-0.00479564717006843,-0.00587926748310701,-0.0160569155861884
"311.362",0,0,0,0,0,0,0,0,0,0,0,0,0,0,0,0,0,0,0,0,0,0,0,0,0,0,0,0,0,0,0,0,0,0,0,0,0,0,0,-0.00747903800415739,-0.000343339763373501,-0.0022501629229856,0.000184875148646671,0.000619420217781094,-0.00279008653699242,-0.00230454206611971,-0.00184116333580937,-0.00219198570838309,-8.16767658396757e-06,-0.00591971316907398,-0.00789945701266671,-0.00495440877759839,-0.0226756037699698
"315.89",0,0,0,0,0,0,0,0,0,0,0,0,0,0,0,0,0,0,0,0,0,0,0,0,0,0,0,0,0,0,0,0,0,0,0,0,0,0,-0.00379601946988828,-0.00069300096701172,0.000472037425695786,0.00184836848556757,-9.64433718039434e-05,0.00186312024124549,0.000606308601119182,-0.00159681463858675,0.000572644127100733,0.000467820062651155,-0.000498789080284879,-0.000685465168244621,-0.00454110749454065,-0.00539235756462677,0.0486064349917292
"320.422",0,0,0,0,0,0,0,0,0,0,0,0,0,0,0,0,0,0,0,0,0,0,0,0,0,0,0,0,0,0,0,0,0,0,0,0,0,-0.00772816077534844,-0.0015992965247014,0.000548657641785848,-0.000754075109035296,-0.000455863473327208,-0.000714945323879224,-0.00173612221028585,-0.00119514779400132,-0.00132214216005118,-0.000952750153530236,-0.00131361540977265,-0.0015993340626335,-0.000532236992890376,-0.00358960610745078,-0.000899939462956422,-0.0320843030276194
"324.958",0,0,0,0,0,0,0,0,0,0,0,0,0,0,0,0,0,0,0,0,0,0,0,0,0,0,0,0,0,0,0,0,0,0,0,0,-0.00199872517628408,-0.00282674390292324,-0.000275162208097082,0.00033776186949004,-0.00096211837307981,-0.000148831644471173,0.000695631881521247,-0.00300872164841089,-0.000361957750507752,-0.000859396228135341,-0.00206983295455497,-0.000775335716650084,-0.00142385850464233,-0.00141305787688471,-0.00617478142604144,-0.0167208537042197,-0.040523340039132
"329.496",0,0,0,0,0,0,0,0,0,0,0,0,0,0,0,0,0,0,0,0,0,0,0,0,0,0,0,0,0,0,0,0,0,0,0,-0.00136377746553007,-0.000814268081305441,0.00045360165293625,0.000124499262331957,0.000788566539206687,0.00120590379598198,0.00132608425531849,-0.000124066087540009,-8.43631624495959e-05,-6.34760380078215e-05,-0.000836661093922473,0.00239893693841515,-0.000285251573475587,-0.00196878283918561,0.00262537331068167,-0.00314383374468519,0.0186479525630048,0.00463897781227931
"334.038",0,0,0,0,0,0,0,0,0,0,0,0,0,0,0,0,0,0,0,0,0,0,0,0,0,0,0,0,0,0,0,0,0,0,-0.00152997580190339,-0.00139395413952631,0.00124782415614112,-0.00103950642867215,0.000755238223985039,0.000797095415723037,5.7929582945343e-05,-0.000369482711867292,0.000420217347552383,-8.52307761704026e-06,-0.000251326900910107,0.000731914864836564,0.00179513060136851,-0.00106703036163031,-0.00256125165506795,-6.31429360008163e-06,-0.0079660085167936,0.0111665169484826,-0.0128574939919619
"338.584",0,0,0,0,0,0,0,0,0,0,0,0,0,0,0,0,0,0,0,0,0,0,0,0,0,0,0,0,0,0,0,0,0,-0.00268372450985022,-0.00644277153490908,-0.000341816763658345,-0.00084355556954508,-0.000905637335300953,-0.000534608196997709,-0.000219006382085787,0.000129453785844308,-0.00153240368859715,-0.00188375630777805,-0.00164374567873558,-0.00151326523692085,-0.00202915335721582,-0.00398682247609319,-0.00592486020456576,-0.0040576192570606,-0.0077573896287271,-0.0100943949980074,-0.0173132332150853,-0.0448942198668513
"343.133",0,0,0,0,0,0,0,0,0,0,0,0,0,0,0,0,0,0,0,0,0,0,0,0,0,0,0,0,0,0,0,0,-0.00149791143286837,-0.0120058685566292,-2.26218129163562e-06,0.000269998164113584,3.37716886808156e-07,0.000153495589859293,-0.000779711518145265,-0.00157543745936847,-0.00126840402139418,8.38957834257414e-05,-0.000810218735314492,-0.000949044932760007,-0.000270896603060373,0.000414471160196382,0.00118265116078369,-0.00169942042149225,-0.000575778706258872,-0.00310862756396827,-0.00957666202612957,-0.00118161558434494,-0.0163080719785506
"347.685",0,0,0,0,0,0,0,0,0,0,0,0,0,0,0,0,0,0,0,0,0,0,0,0,0,0,0,0,0,0,0,0,-0.00773270277245547,8.92206472301663e-07,0.000508358967243704,0.000235562506784874,0.000443479309535984,0.00190351041730555,0.000261551303438745,3.56725061638613e-05,0.000521478728313958,0.000582256328204552,0.000543472966510487,0.000482968663550599,0.00161289695007507,0.00115274587888362,0.00179640118043761,-0.000236354856937771,-0.00145838941242673,0.000474138442812378,0.00278195856812463,0.00116741600058368,0.0561486796746321
"352.24",0,0,0,0,0,0,0,0,0,0,0,0,0,0,0,0,0,0,0,0,0,0,0,0,0,0,0,0,0,0,0,-0.00602994368295845,-0.000429778367787516,0.000518075209150494,0.00145883324652699,0.000859676962791213,-0.00024553421836301,0.000394047507580694,0.00264999104435307,0.000864666837023697,0.00193707449971847,0.00139216792222132,0.00102373902847458,0.00107748208614923,0.00218518281975392,0.00107365065002111,0.00354166902596397,0.00302785548793239,0.00170802656371651,0.00227594025372665,0.0106478008041802,0.00842131892634967,0.0337891018601852
"356.799",0,0,0,0,0,0,0,0,0,0,0,0,0,0,0,0,0,0,0,0,0,0,0,0,0,0,0,0,0,0,-0.0040504381953293,-0.000641245841671832,-0.000899933294334166,0.000312844175926108,-0.000556351017247842,0.000344429119437113,-0.000304887975671034,0.00111016214471293,-0.00121491182038269,0.000141721936419882,0.000136075242601453,-0.000736321557990926,0.00028799130427578,0.000138374761083319,0.000354316688521124,-0.000464761860697828,-0.000239895804832899,-0.000331209513808989,-0.00393408861358494,-0.00295937426049224,-0.000389086134063362,0.000242173615768883,0.011387130967816
"361.361",0,0,0,0,0,0,0,0,0,0,0,0,0,0,0,0,0,0,0,0,0,0,0,0,0,0,0,0,0,-0.00458723244448123,0.000179566904828135,-0.000500160429758592,-5.9731215702903e-05,-4.05045847427015e-05,0.000234632748882842,-0.000151008410889608,-0.000240345736045394,-0.000477750182694366,0.000607646609861216,0.000440059106303144,-3.19704623048746e-06,-9.65125538037514e-05,-0.000943735403237028,0.000810237291902823,0.000637561553558242,-0.00103643115995104,0.000830082751858938,-0.000431047422664953,0.00101961102775745,0.00182037701397926,0.000388928945303053,0.00736156647269377,0.00845680598633686
"365.926",0,0,0,0,0,0,0,0,0,0,0,0,0,0,0,0,0,0,0,0,0,0,0,0,0,0,0,0,0.000159915159872792,-0.00038674086953111,9.20612552803447e-06,0.000152582423681575,-5.81522865882424e-05,-6.2015299015894e-05,-0.00014447420145626,-0.000450935542286882,-0.000235349760867198,0.000337556181271686,0.000613864269259714,0.000392801291438305,0.000962502565616696,-9.75086511646704e-05,0.000584263709645533,0.000550673608890058,2.40418158315193e-05,-0.000339707233212898,-0.000441509298046891,0.00161546227340925,0.00138011626165919,0.00248770418202704,-0.00367135963094369,0.00934335015337206,0.0139279967921591
"370.495",0,0,0,0,0,0,0,0,0,0,0,0,0,0,0,0,0,0,0,0,0,0,0,0,0,0,0,-0.000894305365449433,-0.000114394468675595,0.000324308486105923,-0.000557742182864008,0.000453070366076854,0.000190317656877733,7.48895887791624e-06,-5.4663169174296e-05,-7.50637035087098e-05,0.000360744729157602,6.86286672319934e-05,-0.000323249021737904,-0.000834071590338556,-0.000194309439878744,0.000450902106360811,0.000311706914168432,-0.000143556442672093,0.000138300322592964,0.000659002403225029,0.00134119681887874,0.00160602967158904,-0.00107785149275466,-0.00329740120139465,-0.00507053102690828,-0.00831069505396994,0.0216268117747064
"375.067",0,0,0,0,0,0,0,0,0,0,0,0,0,0,0,0,0,0,0,0,0,0,0,0,0,0,-0.00740171759780595,-0.000305385584959489,-3.40149860560759e-05,-0.000329260175859944,-0.00065888253358413,-6.58759123820362e-05,-8.12165216762598e-05,0.00158411263200759,0.000393414698213315,-0.000202540554070485,-0.00038840666299794,4.12806759719205e-05,-0.000474642485620707,0.000438412371836232,-0.000436640838071685,-0.000866047018922662,-0.00141045813715496,-0.000382286435071925,-0.000250632154466621,-0.0017821075133593,-0.00023849012868724,-0.00198517614564069,-0.0010137690200943,0.00221127209670471,-0.0059612960677813,-0.00633951197547256,-0.00360283381305496
"379.641",0,0,0,0,0,0,0,0,0,0,0,0,0,0,0,0,0,0,0,0,0,0,0,0,0,-0.00236338733729713,0.000215603122727823,0.000823322789063292,-0.000281658387395331,0.00122306706720633,0.000590261106118347,-0.00102852020991231,0.00088351224666415,-0.000352507361943713,0.000108954182582291,0.000139313357868993,0.000459484462097817,-0.000322948898421642,0.000380942979934521,0.000390910242228458,0.00105213669639117,0.00059558366448383,0.00091673305435909,-0.000207312364450752,0.000236165383517585,0.00212530396234233,0.00280180575406351,0.000997170020382637,0.00183411208256798,0.00205088854911967,0.0106052914431562,0.0171365896576938,0.0403703431687729
"384.219",0,0,0,0,0,0,0,0,0,0,0,0,0,0,0,0,0,0,0,0,0,0,0,0,-0.00219424123929468,0.00067071246101702,0.000792211019007965,-0.000335174785205008,-0.000505356340248804,-0.000680509505584504,-5.24508338099914e-05,-0.000231351574747941,-0.00107593261237764,-0.000351660493633735,0.000261279345846264,0.00038099444801808,0.000207538096813815,0.000801569115304006,-0.000818501736566517,-0.000467530302136905,0.000263652193826035,-0.000325356458368135,-0.000260341869780728,-2.43951578335987e-05,-0.00208965458679403,-0.00170521939875849,-0.000830073139772731,-0.000950382191357287,-0.00199473622379515,-9.61808790591852e-07,-0.00421021175950269,-0.0111926192928532,-0.00286482866315724
"388.801",0,0,0,0,0,0,0,0,0,0,0,0,0,0,0,0,0,0,0,0,0,0,0,-0.00200034684296457,0.00221371271150535,-6.80939092535604e-05,0.000100352406968924,-2.91735130630733e-05,-0.000389643265809891,-1.97818529884966e-05,-0.000100027633278265,-4.70665654574778e-05,0.000385150059209763,0.000213498272587608,8.56640485720457e-05,0.000609607550791383,-0.000330398858890534,-0.000121513652504211,0.000153729832609596,-0.000662963842903195,0.000303330280450549,0.000190145100865255,0.000918965176401455,-0.000484393576860181,-0.00178868964577262,-0.000519159844972421,-0.000221078194805146,0.00156593483831352,0.00170144272618259,0.000681870362433545,-0.000959149617699401,-0.0020267058707686,-0.00498310078473481
"393.385",0,0,0,0,0,0,0,0,0,0,0,0,0,0,0,0,0,0,0,0,0,0,-0.00238815582582419,-0.000429017927219222,-0.00037603250695076,-0.000443793530630467,-3.93248930532614e-05,-0.000779878424652718,-0.000172690296488636,-0.00071176733388545,3.89360173112009e-05,-0.000244567423847888,-0.000252764767460521,-0.000450008817088112,-0.000306967655369936,-0.000333610654053998,-0.000352067112389798,-0.000590386532003372,-0.000797000362956262,-0.000159031850546393,-0.000431637750794544,-0.000597871587801138,-0.000202225681373552,-0.000336355398000069,-0.000857124229630743,-0.0011672214719902,-0.0019822152389326,-0.00337734594784621,-0.00131532386947416,-0.0023948691274696,-0.00355283250422778,-0.0105499935950686,-0.0259364578451892
"397.972",0,0,0,0,0,0,0,0,0,0,0,0,0,0,0,0,0,0,0,0,0,-0.00209302550034018,-0.0011793761919548,-0.00109105133176468,-0.000496593130235047,0.000291727268375158,-8.71465416547694e-06,-4.56818466143751e-05,-4.7721268125302e-06,-3.00272483750551e-05,-0.000267852103394847,-0.000382470659765405,-0.000898260276510362,-0.000562841670183143,-0.000328163474144277,-0.000389942188849467,-0.000423051421955153,0.000371300525595512,-0.000902052335704618,-8.43286929637278e-05,-0.00050774934357378,-0.000386886677766361,-0.000497462470949418,0.000221745212694669,-0.000499057258273785,-0.000112692052604281,-0.000574762717618284,-0.000646683207956141,-0.00035936615568153,-0.0032323881886935,0.00177304662341586,-0.00562207094983031,-0.0225538549518704
"402.562",0,0,0,0,0,0,0,0,0,0,0,0,0,0,0,0,0,0,0,0,-0.00147429285554046,0.000624325475257537,0.000526905432969696,0.00038924429489161,0.000165476051471386,0.000657664510886468,0.00035550417439731,0.000444141062703796,0.000191068201226836,0.000466470443063152,-0.000460501816690398,6.63583847406377e-05,2.58643112079533e-05,-0.000187604420549369,0.000900707892506338,0.000383583417564646,-0.000203268744041767,-2.45484126475623e-05,0.000551427791770791,0.00104455885811418,9.83100521069819e-05,0.000231654725202944,0.000971392966068312,0.00132689363766581,-9.24502203643289e-05,-0.000787860148676219,3.13276735420486e-05,-0.00166873325656195,-0.00151936514893262,0.000401464993387011,0.00159834178090469,-0.00119626629845561,-0.00886742958319763
"407.156",0,0,0,0,0,0,0,0,0,0,0,0,0,0,0,0,0,0,0,-0.00153572326274276,0.0019743184026417,-0.000175255239818988,-0.000614691035319368,4.51206226187361e-05,0.000709391830827721,0.00062316937249256,0.000275354521826941,0.000563000995092496,-0.000169524590813236,-0.000224043290628223,-0.000727240480460585,0.000419227692259062,0.000169104365939405,7.86624111532392e-06,0.000189955057339461,0.0003589795386373,-0.000358194752815247,-0.000107585945468262,-9.82589621248376e-07,0.0008491676962476,0.000267628952884157,0.000121565834531398,0.00116655945102466,0.00143157122307258,0.000582813131367719,0.000617232728030094,0.00124854633130506,0.0027295882911885,0.00179561288145089,0.00568771359673397,0.00845801899510139,-0.00637279998273042,0.0210071604240272
"411.752",0,0,0,0,0,0,0,0,0,0,0,0,0,0,0,0,0,0,-0.00124559165525362,-0.00112942043568676,-9.24714219962403e-05,0.00062354873402564,-0.00018028626729291,0.000443539707125747,0.000649843243101618,0.000255872673528668,8.93932211231008e-05,0.00050447342761363,0.000297994082461665,-6.61345409644493e-05,0.000259446032373131,-0.000261172594418087,-0.000122468215171911,-0.000306705366380913,0.000127317228489029,-5.24184962597403e-05,-0.000418164184096004,3.41189710429959e-05,0.000611292724263344,0.000992041326783725,5.51153100901193e-05,-0.000603879621699286,0.00114621207817978,0.00154179286014748,0.000530978191325156,0.00156053957968721,-0.00072631186848198,0.000337021590393057,0.00224217140632787,0.00335892042904774,0.00395070636961422,0.00214767969227925,0.018735953106524
"416.352",0,0,0,0,0,0,0,0,0,0,0,0,0,0,0,0,0,0,-0.000910182355077171,0.00074860992201697,0.000675467428098234,-0.000359150400595223,-0.000303175047012601,0.000180132217506341,0.000131804313729464,-7.95183234086991e-05,0.000333858422287796,-0.000295163537044556,4.13079887386855e-05,0.000432301834916767,0.000362118461567237,4.48957771970795e-05,0.000100660128852769,0.000356123152784317,0.000165178631864806,-0.000420408092795185,-5.6203590989226e-07,-0.00021820754048353,-9.6415218775724e-05,3.8518426287697e-05,0.00127611239793295,0.000208228410787671,-8.27330070844677e-05,0.000561572575593602,0.00100357905426717,-0.000210861385962477,6.24854429487575e-05,0.00130381399129555,-0.00173984561571661,-0.000322082855846184,0.000819724122765925,0.0080924539550628,-0.000478091364894372
"420.954",0,0,0,0,0,0,0,0,0,0,0,0,0,0,0,0,0,-0.00167259381232876,0.000381782457211245,-3.02950801334342e-05,0.000194806812255753,-0.000572902627376601,0.000265764654245219,-0.000278586279582549,4.21354870404145e-05,0.000538907142185296,0.000373167125300028,-0.00061001643699421,-0.000557487914594635,0.000129908386924507,0.000408943476778565,0.000418631129379232,0.000350300734644125,-0.000277354013037043,-0.000278138478968788,-1.13305622809921e-05,0.00031670271870078,0.000515347983402265,0.000707897647717892,-0.000227418241951514,0.000549794237872683,0.000769093075017664,-0.000611907368190047,0.000200518391794575,3.89674177185188e-05,-0.00123015840308349,0.00130653297807597,0.000727471447409428,0.00082739664846407,0.000629027722860055,0.00561232852886176,-3.77603902782517e-07,-9.40463276929027e-07
"425.56",0,0,0,0,0,0,0,0,0,0,0,0,0,0,0,0,-0.00144535112847854,0.00107664488616559,0.00132619812878708,0.000870175091747748,0.000475643976037848,0.000602579196519904,0.000434990870362343,0.00110592845576796,0.000773545321414355,0.00187884050923596,-0.000407529743413251,0.000824690724766309,0.000846646551573653,0.000767876973517781,0.000410207904298587,0.00085746902950002,0.00093618035549938,0.000917961858511065,0.000363574828362192,0.00126898454114057,0.000758352783510181,0.0011540272567343,0.00134271794015373,0.000901888748325058,0.00129148824214357,0.00148238102243026,0.00160363174174993,0.000953480508307236,0.000940978650498473,0.00237704990531481,0.00152133653512427,0.00325241837121988,0.00446851170497378,0.00504404331253437,0.00766909456158082,0.0290235778182537,0.0308994948604952
"430.168",0,0,0,0,0,0,0,0,0,0,0,0,0,0,0,-0.00408485912683609,0.000164847662171938,0.000566435860584197,-0.000148773630365309,0.000343948824439133,0.000209721510409927,6.61719086535188e-05,4.58801842724997e-05,0.000248601384723879,0.000208900737261973,0.0004117777232929,-0.00016810523721672,-0.00036977410033385,0.000957192151527758,-0.000183388763865031,0.00066174428685967,0.000197081490851702,0.000303162021771825,-0.00019565875272845,-0.000431861975206622,-0.000194035939335822,0.000213545940501821,-0.000238073808640107,0.000761090555674234,-0.000255070997337297,0.000659201862059645,0.000894877223587452,0.000338939602678315,0.000140697405347981,0.000740827876379244,0.000516447916986898,5.65780458514883e-05,0.0030211959262398,0.0013286988863852,0.000364050442513479,-0.00424784537685753,0.00289091330681116,0.0209625275801466
"434.779",0,0,0,0,0,0,0,0,0,0,0,0,0,0,-0.00424170465672324,-0.000156661499584564,-0.000513045747254594,-0.000153232446328953,-0.00058883595504772,-0.000394978017530384,-0.00014363938304109,-0.000175751603978247,-0.000324039230948971,0.000157595215996809,6.82609189837438e-05,6.5670534651778e-05,5.57343785197867e-05,-0.000116577338947007,-0.000141299743484568,4.2638603787111e-05,-0.000112258265904645,0.000128016050954609,-0.000363521349902981,-0.000327962594871219,-0.000238202722976619,-0.000559486440038092,0.000518651876171927,-0.000668353646832557,0.000362172927446436,-0.000241954578823686,-0.000156469085349253,0.000767604514942081,-0.000278149186119439,-0.000952518669209091,-0.000886922957503196,-0.00154504098237403,0.000202627225368426,-0.00315594384809596,-0.00234449259189531,-0.00213521557031536,-0.00154059861148374,-0.0047044965843659,-0.0133431349303142
"439.393",0,0,0,0,0,0,0,0,0,0,0,0,0,-0.00443288770186845,-0.000567335823824212,3.32978862400296e-05,-0.00047268560791421,-0.000328054973615733,-0.000330232445353177,-0.000574909546255275,0.000155472901017671,0.000127066477424511,-0.000496399212813209,0.000392604552794208,0.000717112072010931,-0.000463378026014052,-0.000619350638856211,-0.000429444939301233,-0.000645513527939101,-0.000259946556686887,-0.000827045918452262,-0.000290139092769914,-0.000309956659430064,-0.000956900819224836,-0.000354982088208067,-0.000259218166597436,-2.70086265988381e-07,-0.000214246440280393,-0.000597410984804901,-0.000216373694325601,-0.000950042477426874,-0.000389040796656993,-0.000964521008121755,-0.000788528702777132,0.000611295384251936,-0.000585768398816532,-0.000465452969701443,-0.00118259616290275,-0.00246123075816318,-0.000184243949739813,-0.00172259721802913,-0.00161746384781138,-0.0172365765611743
"444.01",0,0,0,0,0,0,0,0,0,0,0,0,-0.00113507340165042,-0.000298673844714277,0.000275845085198965,-0.000121285335235121,0.000102005996991701,-0.00011301391119341,-0.000336099466316968,0.00023052991452208,7.39252041437799e-06,-7.38608283375876e-05,0.000682469562769641,0.000838268838936312,-0.000184644070152451,8.87164607289914e-05,-0.000461338578630873,0.000353447558376597,0.000378551973683188,-0.000145050502936958,-0.000253186987123111,-0.00031162437039902,-0.000586796249134585,-0.000200150982374922,-0.000333021310594387,0.000331054533657261,-0.000139926926707571,-0.000275733974871259,-0.000256684933787344,-0.000855543393681778,0.000189253895314402,0.000205442500696796,8.97179911908982e-05,0.00129822927331096,0.000645413139982668,-0.000747851327245535,-2.98090377946309e-05,0.000895500359505082,0.00208547724929314,-0.000901687175791111,-0.00141835600358958,-0.0133296888501707,-0.00131285683209795
"448.63",0,0,0,0,0,0,0,0,0,0,0,-0.00172997376931699,0.000364904017960882,-4.39502388307942e-05,-6.19215790656962e-05,-0.000360152948909038,-0.000242529168862706,-0.000742415729525378,-6.20747630425272e-05,-0.000359158396309979,0.000244401867287752,-8.718872343072e-05,-0.000450000527350489,-0.00120922609218748,6.14271325974792e-05,-0.000140589936928608,-8.040344391781e-07,-0.000576492215690489,-0.000254276217520692,-0.000418041948946523,-5.8445400787759e-05,-0.000305886727690427,2.47122229639452e-05,-6.88450413635816e-05,-0.000661441370733271,-0.000427343119719234,-0.000490579411438834,-0.00056070253319619,-0.000743691206047487,-0.000571401307066867,-0.000448484337821792,-0.000323001133080303,-0.00065400709304242,-0.00064557088086627,3.8419180509656e-05,-0.002220493115436,-0.000169660895109089,-0.00145529780482988,-0.00166461755216225,-0.00417479606678024,-0.00658798394567941,-0.00750860541051115,-0.0102911962224406
"453.253",0,0,0,0,0,0,0,0,0,0,-0.00492739152218497,-0.00036461280884105,0.000128384233012065,-0.000540161603045454,-0.0004980473434581,-0.000163813813841643,-0.000375419535925143,-0.000536820288973073,-0.000628735667802819,-0.000219821433542212,-0.00136626682429843,-0.00076906785701546,-0.000120874210565766,-0.000698368839068972,-0.00046957835563519,-0.00114429332450559,-0.000421497092174463,-0.000729176787961091,-0.000368520580566641,-0.000595394698210854,-0.00058071016228617,-0.000351447385253601,-0.000445410736442506,-0.000707013709140072,-9.64924562079276e-05,-0.000973360658965212,-0.000194256454880743,-0.00087302646068677,-0.000983704489560645,-0.000311240715300457,-0.00056573064663394,-0.000917813725938245,-0.00164414169012203,-0.001579259544066,-0.00160669846079634,-0.00212580209744156,-0.00117073928143065,-0.0028393945589725,-0.00168649380629826,-0.00371841576128744,-0.00660567954289438,-0.00413917462432558,-0.0186582169889766
"457.878",0,0,0,0,0,0,0,0,0,-0.00329446981339532,-0.00075637621910464,9.32033260823565e-05,-0.000361201013918213,-0.000187476623894351,-0.000317317186068149,0.000273589528425107,-0.000178630723613582,-0.000126505668246505,0.000133294049128105,-0.000558838441233955,0.000225473936100892,0.000359213790145391,0.000377988004210669,0.00018492610471454,-0.000533249657201473,-1.80142051136135e-05,-0.000242994659815858,-7.53681343794904e-05,7.67768443638456e-06,0.00011340715785961,-8.4872462019169e-06,-0.000760818874214353,-0.00035208728362211,-0.000642178059910054,-0.000579159542674041,-0.000273993942240549,2.84308872827264e-05,-0.000488654633967202,0.000395189096101437,0.000318726239489091,4.77033191025001e-05,-0.000132607440120117,-0.00011755234111673,-0.000733418909118441,-0.000623035819700895,-0.000650946386339431,-0.00077399377860585,0.000161226654526157,-0.0004212711174351,-0.0010418765505746,-0.00609023275515352,0.0088584696433222,-0.00126867920457159
"462.506",0,0,0,0,0,0,0,0,-0.000496281572135215,0.00116588191866605,0.000428016884392445,0.000484886858813912,0.000316451072075842,0.00028386879345362,0.000276035279146289,0.000430308581777796,0.000115490659116894,0.000760794051214757,0.000401507610947,0.000171894835608711,0.000680003532214129,-0.000299704202815027,0.000457314057621375,-0.000165284707462592,0.000714631428441586,0.000686789098109207,0.000702213291745228,0.000518643573672678,0.000180812832304327,0.000405695360681079,0.0001520302821466,0.000520969499038425,0.000339955174114094,-8.37591752696883e-06,-0.000282581079216888,0.000631410803037289,0.000323500266144435,0.000171201308658043,0.000955369839893512,0.000283160123382739,0.000966789422972803,0.000705674372226609,0.0008502710172516,0.000907789047689788,0.000960736606122062,0.00142152951595201,0.00123047669825585,0.000785860528269507,0.00206670502438812,0.00268250137101771,0.00225423093106481,0.00914556242790738,0.0216563462872167
"467.137",0,0,0,0,0,0,0,-0.000902003714812194,0.00086445529300648,-0.000556655727497924,-0.000678650223031598,-0.000501097964138369,-0.000276274527703296,-0.000132274585750486,-0.000286022152231193,-0.000165900132157054,-0.000240333413188573,-0.000693065664054846,-5.57301297325393e-05,-8.67553935787468e-05,-0.000364411366575633,-0.00048659860343858,-0.000234969042970631,-0.000879833480329121,-0.00045967960245045,-0.000223738979805341,-0.000269229893110073,-0.00024389050129977,2.40843246120516e-05,-0.000272810486253101,-0.000372563575347061,-0.000237815740865527,-0.000375715630955241,-0.000505878972283162,-0.000118550182246608,0.000231028059611502,-0.00052663161218125,-0.000995712390413712,-0.000440363947801192,-0.000223837561646394,1.15268113104414e-05,-0.000387059216827407,-0.00074011288538528,9.66752755286511e-05,-0.000380115695183843,-0.000952392090726968,-0.00219045137729101,-0.00116716311751053,0.00044761318498853,-0.00304423458171746,-0.000267057125141781,-0.000512143927192791,-0.000413891235511756
"471.771",0,0,0,0,0,0,-0.00740515765747007,-0.00040272392852983,0.000273642775146267,0.000115725838566144,0.000420509809526941,0.00041399504388345,0.000129604534093542,-3.17422827707215e-06,0.000207878410248353,0.000499427757573364,-9.91681186277894e-07,5.66781685387213e-05,0.000113494561212325,0.000729217883553138,-0.000119647685969273,0.000198634545675764,9.97771452556621e-05,0.000640463350198551,0.000218413139459558,-0.000197536788058437,0.000105489539833462,0.000386849685842089,0.00022532519923859,0.000468154590426185,0.000235257105389524,0.000337543924404069,0.00016620569175713,0.000315071344361464,0.000142108021043801,0.000600814950437313,6.48336131725948e-05,0.000108440848516699,9.34614199875475e-05,0.000676139843778027,0.00061448808686053,0.000627190365892758,0.00039492036641298,0.000387574374087744,0.000583767830932276,0.00152729361108515,0.00150043675788675,-0.000196822856735438,0.000890433958108338,0.00279200598295382,0.000527244443782562,0.0034806434544054,-1.09708223303556e-05
"476.407",0,0,0,0,0,-0.0035463858700242,-0.000475316524202407,2.33511834499085e-05,-0.00041134290980698,0.00025258622907768,-0.000180117842402604,-0.000221299364270189,0.000251560483906647,-0.000202303082351343,-0.000266330926303251,-9.4421252217592e-05,-0.000204948992285608,-0.000124428242413473,-0.000360008037724128,-0.00116154002475922,-0.000262081389708433,-0.000333159075734155,-0.000650748652934781,0.000167623947140786,-9.33068341643436e-05,-0.000229093095231514,-0.000847065267961677,-6.45538844675455e-05,-0.000288826908334094,-0.000253361404153638,-0.000274768982374346,7.55317593124696e-06,-0.000300477475378068,-0.000781749458571158,-0.000158412488600356,-0.0001140892079363,-0.00014858764160415,-0.000197453065011214,6.18261027038367e-05,-0.000927122587589997,0.000211023404685576,-0.000242028614195866,-0.00033766100938101,-0.000402781197348482,-0.000769163169316751,-0.00123144810611812,-0.00144257297884956,-0.00073782611239594,-0.00197918673400784,-0.000726396965809964,-0.00510046573538605,-0.00496413299092767,-0.0114415974238725
"481.047",0,0,0,0,0,0.000388727360195601,-0.000214354231691946,0.000191008458398541,-0.000281204295194291,0.00036999582719659,0.000227536873210913,0.000207443291176124,0.00012816522944242,0.000125823493265607,-0.000481582751020393,-8.59785969918344e-05,0.000388978031400612,-0.000339775212555637,0.00054786633041607,0.000208556412508025,-8.02858485286684e-05,-0.000422377215566961,-0.000119613243746429,2.57083004356273e-05,0.000383911874091477,-0.000203777791399243,-1.65140855545291e-05,0.000135379323113083,-8.04285850762143e-05,-0.000378205414370039,-0.000195276315451846,0.000310901814812227,0.0002590015748218,0.000207437824467642,0.000116314945646602,0.000323877960828559,0.00030462527428716,0.000234576636672611,0.000143372132512429,0.000351297804295722,0.000468092590507841,-0.000140395375827371,0.000279496908389588,-0.000241536360836179,0.00128679079228039,-0.000448641570390113,0.00148443021297576,-0.00159661900102887,0.0020873945213632,0.00198919147183035,0.00236002871767495,-0.000859852525301377,0.0151447619802373
"485.688",0,0,0,0,0.000961341756042705,0.000432081272165364,0.000341538876057398,4.25914283221742e-05,0.000369432676589283,0.00044776114619484,0.000463909476838823,0.000730441370471592,6.28205044524959e-05,0.000268533129320602,0.000470519818106229,0.000438509451878843,0.000689316232929751,0.000449725227372921,-0.000247795455425914,0.000528221577378222,0.000222449153109903,0.000411930729279848,0.000400529009867828,0.000281638628225171,0.000753599265722721,0.00039051472452632,0.000948034968528326,0.00042369749202463,0.000422877614692962,0.000220898012552349,0.000163028038927723,0.000569124345256656,3.12280601724071e-05,0.000176387561386959,0.000290971668777259,0.000525694979027618,0.00074984381672664,0.000332939904339507,0.000577519465742861,0.00037383313242881,0.00055140542120535,0.000265694649367505,0.00110659484938699,0.000993649021584132,0.000297988528822264,0.0019620570502197,0.000902808199037194,0.000889378297988532,0.00176723267097852,0.00321271338423326,0.0048160362791458,0.00652482479738334,0.0466427047975191
"490.333",0,0,0,-0.000590119193632166,0.000353499802274086,0.000172821778126994,-2.3291597953733e-05,-0.00015636934760725,-1.23689596285962e-06,5.76392364634752e-05,6.99396277829543e-05,5.32536528875499e-05,-0.000107788595158786,-0.000257290442254203,-8.79963642992097e-05,-0.000110470455987174,-0.000267736682477884,0.000353642915381633,-8.97567934708345e-05,-0.000170247187580704,-0.00015665315526676,-0.000469788924857216,0.000273312453778576,-6.17377168791294e-05,8.37287542740521e-05,-0.00023662326092489,-0.000394443927728822,0.000176289203264615,-0.00024016968710009,-5.60346867632426e-05,8.58233097907987e-05,-0.000124820093152059,-0.000473461226164858,-0.00031449827287406,-0.000283728462134671,0.00042071120709452,-2.2030959541771e-07,8.81102289940118e-05,0.000258421466017963,-0.000342026157252248,-0.00137813233580533,-0.000598543850104101,-0.00115149461178757,0.000401321156899741,-0.000263033040576723,0.000468631532995336,0.000797795605212668,0.000670269298485032,0.000802105844646549,-4.86804699392036e-06,-6.02505575653285e-06,-0.00760721130645586,-0.0148418583864067
"494.979",0,0,-0.000220009887284572,0.000494159393410659,-0.000138529424333373,0.000256092926748017,0.00015322231116485,0.000153294512452252,0.000294018317227025,9.92452651551778e-05,0.000577848795394607,0.000264046097407277,7.24693395969272e-05,0.000158703921745444,0.000261681050282518,0.000863177989821932,0.000642919636468169,-8.67915800945628e-05,0.000550700288758198,0.000394778268396136,-0.000214894821172128,8.24713097845866e-05,2.7774165513648e-05,0.000114873288808811,0,1.64148647666696e-05,0.000369867633851671,0.000128203456363743,0.000176225676222548,0.000142140349476796,0.00022661389863611,0.000171638856829739,-6.26982263625384e-05,-1.60249307385255e-05,0.000283180798320769,4.43091238070391e-05,0.000185448460413839,-8.86198561166818e-05,0.000206645198675018,0.000209458173447641,-3.55728433065272e-05,0.000151821395806468,-0.00081427079005299,0.000385483854151905,0.000374333848626094,0.00118363780130638,-0.00112073391607967,-0.000767612420219822,0.00136633587995014,0.0012205686630125,0.00152264069444354,-0.0122678149745352,0.0129039456872732
"499.629",0,0.00179787388798067,0.00136534852709402,-4.82030167807059e-05,0.000152128707192408,0.000480097547986336,0.000584576540957947,3.01305985184308e-05,0.000120154441360826,0.000440767666734084,0.000116995539630431,0.000238578578421575,0.000299983076376012,0.000581972890374191,-0.000120977845182025,0.000464249688966731,0.000247898755076029,-0.000121437900651969,0.00026953549969378,0.00024501827473948,-0.000204117797093478,0.000146035116700587,0.000753749045148221,0.000536633028031648,0.000183937849091342,0.000778829036764548,0.000167574801273307,0.000382641091456158,0.000261989458882914,0.00018802558472415,0.000458562153925268,0.000139667623981549,5.4676511081143e-05,0.00045560893773662,-4.18254247160443e-05,0.000235884669887061,0.000507040478675073,0.000351447107692746,0.000287077353015274,0.000657137423293613,0.000221402509205933,0.000948658712783573,5.50507406546762e-05,-0.000113085042366329,0.00117102664849503,0.0017315000292729,0.00105625815355406,0.000340691221344341,0.00228033562238385,0.00341438285775303,-0.000275976445640647,0.00130219923745473,0.0302429451653728
"504.281",-0.00094061571376361,0.00103445789367027,-4.13088305395678e-05,0.000245811162051219,0.00010120423089536,0.000284164203008985,0.000338030326642775,1.19290582718856e-05,0.000135798836601719,0.000270206744623898,0.000234987171746167,-6.29183640182079e-05,0.000168656336417435,0.000210657085077838,0.000390072153172903,0.000200089773806892,-5.02697282804554e-06,0.000372864603533676,-5.67938250840387e-05,0.000265146053672684,0.000397601006186999,0.00026474970011524,0.000199389830668547,-0.000106698020484826,0.000384030666910676,0.00035712068832572,0.000295938591483316,0.000303215383479517,0.000389782907664354,0.000282970917515197,0.000241052115747627,0.000816172652746955,0.000148774469307601,0.000135772286543944,9.9180520993022e-05,6.10603019867709e-05,7.35475226615525e-05,0.000410328763171444,0.00059711055926753,-0.000384600689061636,-9.5045076076817e-05,2.46982980989343e-05,0.000950158567337647,0.000879688648439484,0.000631471395745081,0.000798456551448701,0.0027004442080678,0.000531115723793855,0.00308538635552249,0.00217461763887631,4.24052363004468e-05,0.000845217400972154,0.00362795050178162
"508.936",0.000921325919074095,0.000125619358918281,0.00041536828291997,0.000168898378616442,0.000213385026112738,0.000445471325129836,0.000131410857582632,0.00016559983718438,9.51235514358992e-05,0.000210853887292985,0.000273122112587858,0.000656668410576598,0.000502889318633514,0.0004627392682558,0.000146592364530504,0.000140523543486804,0.000199604821547675,0.000345686342951288,0.000156845448703217,0.000705027280452118,-0.000164369573544657,-1.84750059695042e-05,0.000651700618244408,-3.58427741369207e-05,0.000557431869733515,0.000444330993440721,0.000230744820521512,-0.000238155076830307,0.000142853568711993,0.000219127089274721,0.000333143198130905,-0.000139036340402174,0.000382628031420572,0.000222709102879222,-1.61372561013269e-05,-0.000104205826590685,0.000303515357274808,0.000360130058088114,0.00035857444076603,0.000436681688554071,0.00031406259699902,0.000579973325215718,0.00076465718941592,0.000509105056570776,0.00183570426054911,0.0010386037496758,0.00128919411324626,0.00122833470048563,0.000671781084476432,-0.0012867816367779,-0.00660027225616633,0.0066700545561228,0.0172758618451669
"513.593",0.000857013152975489,-8.27928247284635e-05,-6.4959091677108e-05,0.000508003465251916,0.000513392672619924,7.98593625522387e-05,0.000406119614931853,0.000164992846931725,0.000315355589133308,4.60285156021631e-05,0.000168039587579352,0.000342582344616181,0.000671092413368182,0.000818363456655848,8.5507730375271e-05,0.000480215277110867,0.000358774662520816,0.00109201846891368,0.000350319170237283,0.00114919972452987,0.000393745034805067,0.000561465180341674,4.48758737074081e-05,0.00044432586521633,0.000363472067598448,0.000377965203097485,0.000436102405970259,0.000189456323356092,0.000370505881081981,0.000459302889261609,0.000755302422458243,0.000192330524062332,0.000279441234545864,0.000301061803178481,5.01266628658389e-08,0.000518817948577675,6.37923994418643e-05,0.000522027510073393,0.000499063915686936,0.000890410086104372,0.000313132928090632,-3.80529282526832e-05,0.000884398183390987,0.000792174378354249,0.000738291719859667,0.0018019855765368,0.00159395794776435,0.00260461846169413,-0.00149498883792808,0.00223985380971697,0.00257906792167806,0.0149382140003952,0.0315552806887932
"518.252",0.000320146639450533,8.63089417501026e-05,-0.000558871211637617,7.48714937830495e-06,4.97567439144041e-05,0.000159766455624757,-0.00030537593351738,0.000253369310628567,-2.06103295998972e-05,0.000191033529008469,2.44772579057997e-05,1.79198190020094e-05,-0.000214678545154664,-0.00010679261111351,-0.000202766054175046,0.000156225241000603,-0.000199391659992692,8.33250681352776e-05,8.28087341931975e-05,-0.000582153973283273,-0.000181980903809427,-0.000270432008979407,9.8405701586025e-05,-0.000147880544347821,-7.44589812043942e-05,7.18923095253751e-05,0.000157801328180063,0.000125420577283662,-0.000188071575017929,0.000146983391525153,0.000873408700786173,9.13206917574478e-05,0.000432973537279958,-0.000189631034268656,0.000302180248767159,-0.00038752203209659,-0.000218447980369559,-5.79922973106137e-05,0.000202710544628866,5.36930328119814e-05,0.000610949401330914,-8.71590126291375e-05,1.28697671882137e-05,0.00051927700306282,-0.00022157315678336,-0.000858375103024026,0.000488371986869768,0.000986671864961786,0.000837079202214097,-0.000162253887682762,0.00712382693109287,-0.0040587891025675,0.0290015908651946
"522.914",-0.000311519405758289,-0.000407864034328139,0.000159217556049278,-0.000120072108053814,4.90645546829749e-05,-8.03607366959403e-06,4.43534599583058e-05,-2.76361274528022e-05,-2.04358824925022e-05,-0.000190884884936733,0.000307240167725201,0.000535544290812758,0.000235421518993388,-5.23717185275554e-05,-0.00032695349299754,6.57626964503102e-05,3.90595835980861e-05,-6.6498515444389e-05,0.000382778860956662,5.71753148023226e-05,2.78646417457333e-05,0.000680202512827647,8.73776597271013e-06,-9.85619731429569e-06,-0.000196706732365454,-0.000135213162914295,0.00026588518570725,2.31985805505435e-05,-0.000234033040907865,-0.00051612473491861,5.3317284119794e-05,-0.00023599229735579,-0.000161469093864771,-3.91480621208792e-05,-0.000658583028433715,0.000324838996719141,-0.000135953721528878,-0.000153479939649332,5.03498445892362e-05,0.000171677345178298,0.000388814242775035,-0.000521321728656122,-0.000383769966066338,-0.00034546696530476,-0.00060449637235339,-0.000181103853100223,0.000199667192659522,-0.000519207305498523,-0.00306994517089582,0.00387116023472875,0.000252528709362263,0.000469428797070707,0.0181541999977447
"527.579",-0.000266322407312081,-0.000820504897231104,-0.000161386322604289,-0.000319995904899725,-0.000283465491332316,-0.000133617850674283,-0.000222476924759508,-0.000305951559494386,-4.97169341037e-05,0.000182351449783609,-0.000287290999359265,-0.000239446653615085,-0.000502783170271927,-0.000283142930727486,-0.000672092755385814,0.000201748362710746,-0.000490105624750825,0.000166766774768058,-0.00056509568578572,0.000134972709911745,-0.000161008987139293,0.000215563632297699,-0.000703421732769309,-0.000758261665786939,-8.18711886260173e-05,-3.14792191074345e-05,-0.000571937846949019,-0.000156118050248696,-0.000194772001057935,-0.000300042910004346,-7.15852053413273e-06,-0.000189999472816029,-0.000345360823679446,5.94904298681003e-08,-0.000414119364856369,-0.000213534027375453,-0.000786021134425031,-0.000410702230102514,-7.01726931931547e-05,2.05059931934255e-07,-0.000721788066986278,-0.00102878573901524,-0.000424453326233223,-0.000516171050026819,-0.000367565594284891,-0.00085385673911632,-0.00182262602293997,-0.00278594475689749,-0.00252915304958407,-0.00247805474592196,0.000426025947314059,-0.00466982287703355,-0.011088749707662
"532.245",0.000296613287437027,-0.000299349051798987,-0.000279719364509237,0.000452406717397115,-7.8227450798368e-07,5.14845833858314e-05,-8.14147785688455e-05,0.000185110106831162,0.000147393677379215,0.000251709462740912,-2.51356351735951e-05,0.000202535693917528,5.8607073118804e-05,0.00033954168301506,-3.93815866175742e-05,-0.000105132600322729,0.000118083191502659,-0.000108895875549647,0.000309421540139449,0.000288102331758765,-8.65085286103475e-05,0.0002597174218094,-2.77018263767579e-05,0.000387620553290336,0.000154407089367724,-0.000136170890880691,-9.46565239576538e-05,-6.26022562063524e-05,0.000350400087862747,0.000137614166639084,-2.34479191660376e-07,-2.31037232414851e-05,-0.000284947836189536,-6.40972809639142e-05,-0.000260543145206806,0.00041027953628258,0.000125766030280578,0.000257661383973514,0.000180663474056332,0.000150035376230382,0.000319945650986849,0.000209613236348718,8.1204217720591e-05,0.000389472054667336,0.000576715410968373,0.00118752622349349,0.000968141783488065,-0.0015870120303576,-0.0024573774776955,0.00117900099049645,0.00230570151393078,-0.00601506631894336,0.00470095920754006
"536.915",-0.000391914674732168,0.00014882292843103,-0.00038072221768292,0.000117346764365852,-0.000338000640699735,-0.000248712798225565,7.58026233736793e-05,-0.000206433355788638,0.000215745435164917,-0.000330905156521863,1.49226711423592e-05,-0.00027098924085388,-0.000436532385885942,3.02309270788172e-05,-0.000198486650791205,-7.61249927889061e-05,0.000167434221255826,-1.72819715556568e-05,-0.000635542258337708,-0.00037000141488061,0.000354502451668343,1.75867331568858e-05,-0.000279302669264734,-0.000400934033988882,-4.13150071420108e-05,-0.000240976472054987,8.00920037471191e-06,-0.000291655272923295,0.000203764913990386,-0.000170890958178797,0.000145954435150261,0.000260878345187401,-0.000263395979843864,8.62932679847357e-05,-0.000164157877797174,-0.000319926760274891,-0.000173487864541986,-0.000637319181718359,-7.18304666201984e-05,0.000692990431788507,0.000427783034244635,0.000461827904078968,8.21965186781831e-05,0.000297686828700551,-0.000393837045074957,-0.000579451379397173,0.000855845034354347,4.09201413825722e-06,0.00249357999940267,-0.00186687575934682,0.00456746784875404,-0.00999454457403315,0.00555963674797314
"541.586",0.000189663164257084,-9.31011620241564e-05,-0.00046629297856378,-7.9615557462109e-05,7.2715711846141e-05,0.000114503855930079,6.05307160589357e-05,0.000109994255730566,5.38657684372263e-05,-0.00021611501587524,-0.000329087015994095,-0.000351888056800818,-0.000229974934725283,-0.000112216043240843,0.000122727525485554,0.000326890450298355,-0.000145879651151479,7.57319664164191e-05,8.36185817760584e-05,0.000441987438243306,-0.000281674998730152,-0.000357266364071487,-0.000346167125379846,-0.000370675970707134,7.45906463052276e-05,-0.000211228140390389,-0.000760718932490471,6.34308444833621e-05,-0.000223429093614841,-0.000110682929382349,-3.14044743366792e-05,-0.000287618599439647,-0.000196278228118262,6.34074653232097e-05,0.000479750223306245,0.000121195839942958,-3.42255227445912e-07,-0.000273650362249662,0.000153448868124018,-0.000318543625062401,-0.000831224100000286,-8.97731097073057e-05,-0.000546122262747019,-0.000291906134245096,-0.00129391807741171,-0.00149931853318641,0.000433036677187498,-7.82942996280234e-05,-0.00129074157808335,-0.00122574728637743,-0.0042860313637404,-0.00175129541219936,-0.00243593277131005
"546.26",0.000350365124308552,0.000424544110434238,0.000503829624810846,-0.000140009267499158,-0.000262648235953286,0.000114653637612915,4.90783532256266e-05,-5.0107094887251e-05,0.000259865112473343,0.000279731558971649,0.000218695782136076,3.01851536541122e-05,8.84338627267013e-05,-5.73915036817644e-05,-2.43745460444086e-05,0.00033683574937999,0.000145152587426201,0.00015252053188723,7.4332696306342e-05,0.000375700665746681,-0.000186175699641354,0.000457878872822727,0.000291867865170724,0.000539910346924402,0.000225860269308823,-9.01788088991768e-05,0.000144623630831845,0.000264462494937448,0.000159858356433503,0.000323581240803215,-0.000180330910445757,0.000171519645518513,0.000299088801098419,0.000273218549171168,0.000374761571946064,0.000210459690704825,0.000342719888649706,-4.98645056262929e-05,0.000382027112600317,0.000650204113496166,0.000174152177082356,0.000699011390466561,0.000138213904206191,-8.52545329119068e-05,0.000327798772397136,0.00156135384576549,-0.00221047352707016,-0.000245041857698886,0.00333942539805175,-0.00101111537954534,0.00603480921125429,-0.000582277072430575,0.0223068128335755
"550.936",0.000149317729660371,-0.000215754821911105,0.000157285978575592,-0.000513332822089212,-0.000218083684827434,-0.000125162136410241,-0.000230776876037682,-0.000128289061178668,-0.000363795422477702,-0.000292169128223891,0.000117968260603895,-0.000141747457250719,-0.000404702507011766,-0.000185182989604943,9.40792339831081e-05,2.3024132783654e-05,-6.51759209195013e-05,-3.43692808505687e-05,0.000151461422518422,-0.000936927071258096,5.92364130610523e-05,4.67634388660186e-05,0.000543874406161676,-7.09241562509654e-05,0.000186534711596302,-0.000320576720081835,4.89168112777503e-05,1.63484933235732e-05,-0.000403457760998488,-0.00032591828102878,0.000394358990781466,-7.56756743125505e-06,-0.000858229631696452,-0.000275620125353907,-0.00045383148676393,-0.000433958897838753,-0.000262077440503842,-1.92546165207054e-05,-0.000135501397892394,-0.000577616309608353,-0.00010602365970061,-0.000718433522934717,-0.000256135046948944,-0.000538959741495175,-0.000401918882452047,-0.00023581813061968,-0.00128739883192715,-0.000398556465411506,-0.00101827490877011,0.000605406998899088,0.00023592134809132,-0.0075100920682158,0.00163535483562037
"555.615",0.000758160217303008,0.000154812541768394,0.000259466076236457,9.65639305764076e-05,-4.54711983581677e-05,0.000126899891359399,-1.55580932233246e-05,-0.000115074964465219,0.000210046799751856,0.000243822820574414,0.000212034334142616,0.000370196210466581,0.000223925444502829,2.40116234658716e-05,0.000102546646641765,-1.49008454481119e-05,-0.0001221548385209,0.000172471633227566,0.000104014449152277,-0.000159093773957528,-0.000196982603022633,2.47580177756857e-07,-0.000175169060100896,0.000545722475463074,-0.000169223770206451,-8.18367654666022e-05,-7.29334292454831e-05,8.89999879054657e-05,6.4610259668053e-05,-9.50630871187593e-05,-0.000228918999733565,0.000134287715595811,4.0271735699339e-05,0.00015422539180473,-0.000143137317359815,6.24202914464539e-05,5.63511794600731e-05,-0.000356610905478822,-2.07956050685068e-05,-0.000767462290386263,0.000178774095169961,-0.000142190570217515,-0.000145476934756869,-0.000507075537208736,0.000743999639974319,-0.00162623412266036,-0.0010053427958507,-0.000103844977629098,0.000241469970776691,0.00238321561882453,0.00218825419923525,-0.00317022100956846,0.00941828770045514
"560.296",0.000346325091338445,7.10411525626122e-05,0.000138632340586454,0.000245696270764479,8.90798060290189e-05,0.000111763782979731,-0.000208455222643395,0.000171531919780226,9.50380897597122e-05,0.00028725420099205,-6.05705702898176e-05,0.000150319535909815,0.000132040167228565,0.000444283239029122,-0.000133578404488573,-0.000124382399823375,0.000181155923656137,-0.000346054152282801,-0.000123726120181994,0.000440825589968328,0.000217676888103887,0.000456550823738558,0.000472553260715902,0.000430843146491059,0.000765983613882953,-4.87648380021897e-07,-4.09014189841111e-05,0.000210960393647339,5.33720453823434e-08,0.000480640550849838,0.00024602642624977,0.000229731835939358,0.000119841689083184,0.000432390848127801,-0.000135290649348277,0.000382724947406393,0.000761852212208658,0.000467866418974429,0.000104965168949435,0.000368641595965954,0.000118732611724426,0.00012719132562415,0.00050829343015831,0.000996133335548105,-0.00106469377236681,-0.000798583152550686,0.00069299242225124,0.000997673011554764,0.000358879678447653,0.00236871895347875,0.00549971509078534,0.00970168921953905,0.0148085759470108
"564.979",-0.000523880986447824,0.000456075317060217,0.00066707541379906,9.63567310386753e-05,1.31139673090501e-06,0.000255578089535383,-0.000245841596557251,0.000155915798455461,-0.00011038101693343,0.000253863869403519,0.000134099721283391,-4.04598786507176e-05,0.000142243840051998,0.000531360118841012,-0.000118523619498219,0.000242459854065667,0.000381709173513184,0.000261708726560714,0.000574231654693984,-0.000100905031955729,0.000498828096953546,0.000582418830808195,0.000570049400617082,0.000488923516422417,-8.29143200457151e-06,0.000409186816807785,-1.6560841188787e-05,8.18217531542217e-05,-0.000229218978128962,0.00020205336819066,0.000392108638549505,0.000287480740951986,5.64407657050481e-05,-0.000181398394506959,-0.000264442742837282,0.000224805897070944,-0.000152146344009489,0.000582322631833122,0.000666019830692364,0.00066506284817444,0.00051618987909678,0.000543241737936063,0.000312203806532932,-0.000392781748896939,6.84795529182769e-05,0.000312313098825307,0.000702036871449613,0.00074597860067076,0.000145807204062711,-0.00165413756437142,0.000173266817800423,0.000664914415380556,0.0132773008922226
"569.664",-2.39471861649936e-05,0.000208880991091525,-1.97987785442232e-05,-1.42287586697883e-05,0.000346634086497708,-0.000325275546389243,-0.000199048537983595,3.10715160472886e-05,7.25442118917628e-05,-0.000250396520742085,0.000155323039751692,6.40301130848596e-05,9.22606879530869e-05,7.37946685148461e-05,0.000239091915808029,6.28364809771571e-05,0.000442674268877645,0.000210850877384379,0.000163743024759881,-0.000296214747558107,-0.000754241359259222,0.000265233140592326,-0.000150811922199494,0.000227288509912145,-0.00018250078456852,-0.000219016912287904,0.000339665751521908,0.000181612884640191,-6.56986677222587e-05,0.000341345651114206,0.000209648153545809,-3.25062030780858e-05,7.74699755051514e-06,-7.50398601981586e-05,0.000119679566739515,-0.000118361101237322,0.000706681756444564,9.0863200940295e-05,0.000330015028818977,-0.000250559888843136,0.000105812773423299,2.22884943084437e-05,0.000106945150368735,-0.00107540868292531,-0.000684350732288064,0.000472763059735782,-0.00135269604842518,-0.000204712361123213,0.00287073192579428,0.00035077994281384,-0.00135964047070025,-0.00323695084430593,-0.00209458269397118
"574.351",0.000106072405690198,0.000474038457718771,0.000314021398914169,0.000563236855429145,0.000637121015970918,0.00105270749104994,0.000302812763214245,0.000145563861557783,0.000232552033125285,0.000160068269982839,0.000293985508074843,0.000502771110112297,0.000680244733831689,0.000440332583238384,9.67848744741595e-05,0.000358263274012311,-0.000109912921812793,0.000887209238205205,0.000340456872482025,0.000103015228978221,-0.000141871200583436,7.60294653505555e-05,-5.68686955901553e-05,0.000469056688410034,-0.000218027250570173,0.000475526842395771,-0.000351345204770508,-8.30174980977367e-06,0.000157890696512419,-1.7462210696615e-07,0.000423087965491425,0.000332885741482555,0.000311604731864013,0.00021710838049901,-0.000147494528264296,0.000484482732127294,7.68706271352234e-05,0.000438337776392318,0.000440191172818054,0.00040027614396737,-2.90470109429392e-06,-3.67314671010635e-06,0.0011148583238031,-0.00105388077724822,0.0010439603802963,0.0023408352702523,0.000549788807017523,0.000781262224569389,0.00351270094060894,0.000958417450063429,-0.00209780609334355,0.00205504972415788,0.0130730551601647
"579.04",-3.65738340848526e-05,0.000317560991209512,0.00033097576846115,0.000432500743193998,0.000259403024465726,0.000400545497914466,0.00017234752668189,3.75357455165422e-05,0.000218790015158462,-3.74691683674833e-05,0.000172061961341741,-0.000246103888408666,0.000300269926137332,0.000251435430303127,0.000113915849714648,0.000160573447338512,0.000289165012218674,-0.000259470246294781,0.000726324768121211,-0.000321760799987557,-0.000276899401126064,0.000491596517103394,0.000526115258676203,0.000129627780915795,0.000563085437193921,-5.98345992684247e-05,-7.58615562840919e-05,0.000580383839368643,0.00060441243621283,0.000174026889614032,0.000114766777358383,0.000728763241376637,-2.4536622184709e-05,0.000159725491538773,0.000367224214289109,0.000119414537584337,0.000466863085553607,0.000463340537740173,0.00014071080829984,0.000993047993983736,0.000674603397754844,0.000928481766538424,0.00160924892725445,0.000876154275984559,0.000421516243887078,-0.000169227202499801,0.00086211195656744,0.00133381247760471,0.00029091171827127,0.00413374376620561,0.00303648277286723,-0.00312609369926334,-0.000844199468347035
"583.732",-1.37930902493661e-05,1.64059144731269e-05,0.000228566695033073,0.000193377087702402,-0.000257351290898442,0.000119629659891417,4.81321199719365e-05,0.000105183424732768,0.000370352848685516,4.98117791590763e-05,0.000236161845322762,0.000123195017324839,0.00051834254098532,-0.000244748527985286,0.000605174125201164,0.000428325824912608,0.000239255679250825,0.000467282189127938,-5.99136241877406e-05,0.000166494812580301,-0.000277944767427401,0.000134492479912914,0.000491363655095312,-0.000270946192776602,0.0001150910260806,0.000283723793343388,1.67220807629867e-05,-3.41489542997563e-05,0.000194074194171178,4.33458469925667e-07,0.000156752549734657,-0.000280407772261181,0.000349422017268056,-8.9546587677133e-06,0.000809273905723439,6.44886871442713e-05,0.000293400847885329,0.000486523588647042,3.20824069192477e-05,0.000160728373467098,0.000392330390424603,7.03218631676363e-05,0.000215177786985543,0.000504155145954983,0.000369494913843784,0.000726871362011549,0.000779694521153859,0.000669511252343307,0.00120429794153424,-0.000883932201294886,0.00148004420043927,0.000691894494827578,0.00513438670296217
"588.426",-0.000737310219539287,0.000205799691534505,-0.000623420764397145,-9.8688584989559e-05,-0.000224432311014087,-0.00023332446812664,0.000120087500789826,-0.00023642525611215,1.04641850002141e-05,0.000163406759942273,-2.10741756389338e-05,-0.000306937205147526,-0.000329609890906778,0.000161698460449988,-0.000501263071125637,1.64366707322897e-05,-0.000197539950218263,-0.000714834046767412,5.99341912439833e-05,-0.000451246342117349,-0.000195890058502782,3.95229109523786e-05,-4.76684646754538e-05,-0.000215730441503444,-0.000720807157497837,-0.000120809894628823,-0.000196222158825163,-0.000161735551931341,-0.000195296016270685,0.000192931697452866,-1.65779923178787e-05,-3.3045772268927e-05,-8.55805694681763e-06,-0.000367077473397141,7.07282000860161e-05,-0.000233079866236616,9.61412207429877e-06,-0.000333728882068166,-0.000220369644250934,-0.000563393186193526,-0.000256060730982951,0.00114136433345806,-0.00100557455628025,-0.000244483999464386,-0.000142210698597569,0.00101614902271541,0.000494010017757007,5.90296086243926e-05,-0.00219383969310449,-0.00112133062778342,-0.00325886198003274,0.0029846940258998,0.0176480375103391
"593.121",0.000513832609315083,0.000575124933451603,0.00111705005359343,0.000342967635381446,0.000109978450250713,1.40130892208808e-05,0.000159658514113053,0.000470223606844749,0.000168032611084732,0.000183129243282613,0.000547044724175846,0.00071544693727286,0.000489027502849255,0.000519122276521116,0.000214301212221647,0.000490689178087228,0.000457714744720658,0.000599991786793499,0.000568950615450173,0.000473620051959997,0.000467660687720463,0.000891474368421372,0.000779420406116377,0.000651425713988916,0.000760195461089699,0.000234648884710227,0.000377399892460314,-0.000487127720067252,0.000835776469761716,0.000227343937450759,0.000125008346587903,0.000732754743370559,0.000512749591876747,0.00018815523789459,0.000772676293102422,0.000131087820972586,0.000415342509196059,0.000554341111861998,0.000582357966621726,0.000679004680505756,0.00098293502499092,0.000952365187121829,0.000772196238374153,0.000700230837970513,0.00105369810559214,0.00123441344898853,0.00124531536205024,0.00157424803085098,0.00167280518489909,0.00153999906410078,0.00608129047807435,0.0225149367475223,0.0259440862685926
"597.819",0.000488394517838727,7.95493730351357e-06,0.000176565593389349,7.13407166506015e-05,0.000335375036332509,0.000190308944591636,-7.80745502724487e-05,-8.267133091085e-05,8.7343057817914e-05,8.22008720117377e-05,0.000133845793061282,-0.00023444887951605,0.000280635383036514,-7.76180287182231e-05,6.65221245892056e-05,-0.000181258979033499,0.000130030925838314,0.000109523794342485,-0.000421572109307139,0.000307688363440028,-0.00015724518004501,-0.000158433062066536,0.000430354406493043,0.000132339331357054,0.000387264455516935,-0.00041993271284968,0.000206845877625373,7.71323098894963e-05,-0.000317920711851613,-0.000678231953453662,-0.000201416268434508,-1.67955582885491e-05,-0.000160710621573659,-0.000751633477084804,0.000160934291736611,1.82821601944655e-05,4.95488284409684e-05,0.000852258938043234,0.000474160178256657,-0.000641335801742794,-0.000828940146093644,-0.00132743333154368,-0.000248276402512542,-0.000761157674363433,0.000398748777061288,0.000109320144174533,-0.000620715430732419,0.00175277667293374,0.00090582782346559,0.00303935903517219,-0.003483778547409,0.00689315077018051,0.00434859650548798
"602.519",-0.000927376781202224,-0.000565537624611057,-0.000569317425957089,9.41204751817708e-06,-0.000178296690889879,-0.000155447711660386,-0.000576118385859961,-0.000270627200770526,-0.000467849029983025,-0.000383788694713583,-0.000170701271294455,-0.00066622739813812,-0.000796825050003787,-0.000371417481396483,-0.000402617460862867,2.88128484213253e-07,-0.000587179999706132,-0.000636143705784823,-0.000141724641322995,-0.000822667987490633,-0.000674233337346144,-0.000765115566589619,-0.000997534601416141,-0.000526147605239815,-0.000608035185097906,-0.000617295673701963,-0.000739390484085758,-0.000814471854502057,-0.000934535104294864,-0.000589501112275624,-0.00036296339112719,-0.000447518578816141,-0.000110907561900291,-0.000704437595505297,-0.00110858103327603,-0.000541153055387127,-0.000722265085107484,-0.000914376004401359,-0.00060625958225788,-0.00072904471690134,-0.000475519280062828,-0.0016269219654185,-0.00104999450733224,-0.000697567926079963,-0.00135971399788974,-0.00217360441727334,-0.00396124196328953,-0.00221777331032155,-0.0011775524093186,-0.00390716658950901,-0.00872719423389381,-0.00749064250214399,-0.0241133365441039
"607.221",0.000612720213490363,0.000113962022888932,0.000139331943223671,0.000602212453856224,0.000300150912420226,-7.53685099972314e-05,-8.48751743124705e-05,2.46228874871168e-05,0.000394409240432651,0.000213007408145712,0.000250820834121511,0.00065502625682994,0.000223145801661562,0.000426478067098586,0.000211239212874271,0.000183748947609931,-4.44365778997139e-05,-0.000195519155388214,-0.000327161621491283,0.00025816582725628,-7.5773836359976e-05,0.000560786840724198,0.000178804345910519,1.88388995993241e-05,0.000338197186428668,1.76421675059425e-05,8.49308656514469e-06,0.000462934669688222,0.000610567452371823,-2.03628389142534e-08,0.000187083758368611,0.000374280856483703,0.000387002468324015,-0.000272751660833404,-8.28855218644486e-05,0.000440570534363314,0.00040375338667284,0.000404959382716911,0.000244506143653924,4.96521699092992e-05,-0.000293543518394154,0.000712281665831316,4.38752361886887e-05,0.000734087318201157,-2.69816343099441e-05,0.000471248840152616,-9.3258641158632e-07,-0.000945829309261589,0.00197724578568514,0.00181775357429005,-0.00143902741286866,-0.00144926355919565,0.0336176140182643
"611.924",-0.000162885317575651,0.000198326708942579,-0.000142055916003054,-0.000200496803721624,6.47772996907672e-05,7.52302345995138e-05,-4.573182908206e-05,-4.54627233898611e-05,-5.66094804366207e-05,-3.94672897748451e-05,0.000195774441783534,0.000119449944848498,-0.000207205179207546,-4.4867876331196e-05,0.000366866400220679,-0.000422927886847486,-4.52006133589316e-05,6.51755041200922e-05,0.000175028408953279,0.000425118685606574,0.000160463198933476,9.08904824685867e-05,0.000391646848776886,0.000379673058660867,0.000249201623888745,0.000287617811652643,-0.00019546234115174,0.000131920552257326,-0.000291005950792071,0.000364967736160246,7.77257983744005e-05,-0.000309924924107384,0.000338479979335774,0.00013215160238149,-7.41142213982929e-05,6.66904140414331e-05,-0.000174899357525635,-0.00017589586820468,-0.000183696189060472,3.08814094704402e-06,-0.00121783948594485,3.95463699403307e-05,0.000152454864161618,-0.000214769533182824,-0.00104559014717117,-0.0012263156597157,0.00162657661390781,-0.000636577826120218,-0.000400827458832541,-6.09667959592682e-05,-0.000485243678630767,0.00562068583568732,-0.00357713129250078
"616.63",0.000552326790810018,0.00048449096770412,0.00134905384037259,-9.67269879208342e-05,0.000506563492199007,0.000410488619879153,1.71611193865238e-05,4.04815398216295e-05,0.000265978950323834,0.000283435035110903,0.000321944081298181,0.000521281910572325,0.000556019892038899,0.000133429714007444,0.000361999766112925,0.000512251198864256,0.000234687839539416,0.000237277796357982,0.000448207540878601,0.000748949501685273,0.000900582108896392,0.000481081042888894,0.000508286175071153,0.000709430220951266,0.000364624115608738,0.000108929789596827,0.000196129376450369,0.00021422875657418,0.000222510398002554,0.00051843404914616,3.44278987497675e-05,0.000321660131227949,0.000262897544096217,8.89698875780324e-05,0.000408167273866501,5.76028670527474e-05,0.000504260692028413,4.11071307985741e-05,0.0010489345964028,-0.00056852340111116,0.000716306451196403,0.0010610531792897,0.000483892893351721,0.00033765655272279,0.00093373521757845,0.00088459415051966,0.0017144352406499,0.00174031991583798,-0.00107825808907445,0.00377409649593716,0.00498284419895114,0.0104682705963875,0.000902820086567461
"621.338",0.000177244229571093,0.000330354427809271,0.000576641133712966,-1.0256345073547e-05,0.000125595411604053,-0.000353276955733889,-2.8779142969082e-05,6.10346512029906e-05,0.00030863673972297,0.000351941834117636,0.000125353709197159,2.59629464073141e-05,0.000165270814164645,0.000179667382079598,0.000173849822436971,0.000507525036947141,0.000409740442064844,0.000679369614931427,0.00060894152872521,-3.33450989858042e-05,0.000504288359424892,0.000401957104337338,-0.000164292416022274,0.000376739543133516,0.000197760685000391,9.09997609463107e-05,0.00039675775318193,-2.71268488166926e-05,0.000224403391755303,-8.87834667342857e-05,0.000236474346592435,-0.000535049569001797,0.000371436863786615,0.000234273816558275,-9.90276959898664e-06,0.000895795948989767,-0.000147584693401251,0.000984059042785884,-0.000947918042846767,-0.000200954473783925,0.000181298365533413,-0.000116146269331916,0.000171436113400436,0.000409999346972814,0.000948723300459897,-9.4500933842237e-05,0.000325423611636009,-0.00244160640891392,0.00162918439698733,0.00205979735079805,0.00482711116866063,0.00981242972847823,0.0232097630820676
"626.047",0.000345878878381423,-0.000149920887982235,5.26589256901264e-07,4.83793436606172e-05,-8.28560837932578e-06,-7.73757755529712e-05,-4.69994875669738e-05,0.000154419500961106,7.49593340551184e-05,9.39750240962777e-05,0.000380330059023276,0.000326927229554316,-0.000334482670602406,-0.000172676607301361,-5.31789860934148e-05,0.000521238479038817,-3.7054871166865e-05,0.000367421333322196,6.32688336784252e-05,-7.90436799334205e-05,-0.000287990591098236,0.000760122749803144,0.000258307598270971,0.000210488266476575,-5.71515933621737e-05,0.000396927846233139,-0.000173780088636653,0.000244968152374399,0.000172012213418557,0.00039384478709036,0.000124092700887541,0.000229517310211252,8.9281373124827e-05,-0.000173362524335566,0.000244917155455035,-0.000151035809432341,0.000186787711508462,0.000527905834462036,-0.00131394041903075,-0.000423449252562796,-0.000135797743138018,-0.000187985082314818,0.000777740623848518,0.000425611858487447,-0.000694839637812793,0.00123229469249351,0.00177764451936232,0.00083013147583485,-2.34129447871745e-07,0.00100684812841026,0.000795636821137132,0.0022340366445158,-0.00689682721226435
"630.758",3.88060204604238e-05,0.000172593867188271,0.00038773844248493,0.000375701277156308,0.00036664317920073,0.000750834457178746,0.000135769790472075,0.000119551619453577,0.000536555877881513,0.000345470605733642,0.000255709818343777,6.18680058503208e-05,0.000139865495174411,0.000401589784790053,-0.000284612889639883,0.000333960298287924,0.000101519696688339,0.000927965269977035,-3.27391601211091e-05,-6.87822819819918e-05,-0.000291055405447822,-0.000453230977140799,-0.000241545583872989,0.000860590541310913,0.000144091293107705,0.000270102082539278,0.000395916721436875,0.00055057071516946,5.46843882016671e-05,0.000451759724695693,0.000321260273220373,0.000142643620377162,0.00048698595105569,0.000496774787963525,0.000590393049057595,0.000439576502961106,-0.000344711381396363,0.000859920225340975,0.000133936195142376,-0.000582959329046219,0.000766363438672958,-0.000118599432176293,-1.82066970449109e-05,0.000514431176120617,0.00053316745140583,0.000380589606138864,8.8896710486159e-05,0.00072978556274264,-0.000188072150237926,0.00184565904732054,0.004822842473838,0.00848930139196853,0.00788898348833871
"635.471",0.000563005639340576,0.000162316083874928,0.000890022787018745,0.000498195613767264,0.000189544695350687,0.000126486465937472,0.00042369864084618,0.000235805412453315,0.000352485608470987,0.000273390378364235,6.85415842589621e-05,0.000314761295315462,0.000207877249826593,-0.000101853581132091,0.00028594002249014,0.000336064410085858,-0.000131198156464006,0.00036471614902302,-0.000119088162772078,0.000604799674671005,0.000100901664176418,0.000901107193719754,0.000727674764489764,-0.000113120274826207,0.00052258419939194,0.000329091448521416,0.000352881077790268,0.000268202262276326,0.00030454027658066,2.6792021905583e-05,0.000333763239793709,0.000243045289261398,0.00025465785092899,0.000370629804195952,7.55118728746078e-05,0.000301610182969909,0.000787976234302854,-0.000348341975702396,0.000151024692489968,0.00036757062527589,0.000228417383732098,0.000424416824500819,0.0014856458592178,5.34998850450809e-05,0.000399618298452853,0.00118353537068468,0.00141375834913905,-0.000441920449550851,0.000651267026588132,0.000254990919264001,0.00324047745375266,0.00609240838149407,0.0121686835423067
"640.186",-0.000461339797647166,-0.000939547345826846,0.000254677461564511,9.40011292666353e-06,-8.67733155700571e-05,-0.000213346253780065,-0.000340950392946127,-3.13653011199404e-05,0.000300419182139084,-7.18764431596898e-06,-0.000319397648865141,4.4774563172255e-05,0.00015120083562666,9.29199652372966e-05,-0.000171149465299744,-0.000168641760494986,4.653137601381e-05,-0.000295923839421916,0.000302285478960304,-0.000217039146852384,0.000258835283351007,-0.000350600778564202,-0.000127308873774265,-6.15658452933046e-05,-0.000233743431203835,-1.1505988067426e-07,-0.000475030704515179,-0.000166835748738268,-0.000157656401220959,-0.000155573196220114,-0.00049749984406631,-0.000226139796374941,4.52414096806537e-05,0.000315336157197495,-0.000263116778147858,-0.000319031664563114,-0.000244160485130616,-0.00081939731651233,-0.00128078800069406,-0.000753166113713928,-0.000111385021192252,0.000101980670967741,-2.65124290353535e-05,0.000391181404767852,-0.000221006184525361,-0.00106024800503768,-0.00132390048008377,0.000846844626448324,-9.29049701602867e-05,0.000516227079882529,-0.000914159310968741,-0.00401511363925571,0.0267222167102895
"644.903",-3.88952710896133e-05,0.000118631370507429,3.14631522785342e-05,-5.99096884592205e-05,0.000436303530052625,0.000256284723527508,-3.01348066369468e-05,0.000212971782270368,2.3630403070855e-05,-6.22352813528982e-05,-4.60940278523134e-05,-0.000347191259744889,0.000382778462179549,-3.64561545211514e-05,0.00028181164100969,0.0002600191115964,-0.000294319523380387,-0.000130057297189826,-5.52863585970597e-05,0.000208383108653894,-0.000170861572516315,-3.22061744337518e-05,-4.27714930535084e-05,0.000361998479576527,-0.000206292206553307,-0.000162745698735544,-3.7521957676498e-05,0.000431473724237221,-0.000159273153705147,-0.000379497032989507,0.0001373770403722,-0.000392605083294918,-0.000415210844268486,0.000412301086832181,-5.1037581323762e-05,-0.000178841378601725,0.000495855750235683,6.3850337453349e-05,0.000482845665959334,-0.000465201937803954,-0.000111419266414633,-0.000522870582731123,-0.000244135579709428,0.000178904802366922,-0.000132421352000474,-5.41588982882273e-05,-0.000466253624788093,-0.000748098005356031,-0.000612836382048404,-0.00195002867983914,0.00174705695563055,-0.00115398880109708,-0.00142252818910428
"649.621",0.000135403613040526,0.000120588270876062,0.000446285043641567,0.00038994834755474,0.000620330623222018,0.000778982669174097,0.000361377677381588,0.000285816486361845,0.000616200185740357,0.000681180807732621,0.000203057644740269,0.000676099584040103,0.000311272772639916,0.000313615562213552,0.000487268684885876,0.000836826270792987,0.00027898271364929,0.000809419457551757,-1.17145513130284e-05,0.000575480742889699,0.000462706968732285,0.000588260813851279,0.000368797687272774,0.000441352571683264,0.000368652341705208,0.000329351321202624,0.0002096784640068,0.000180727260989282,0.000740107030221585,0.000421343573266058,0.000343090732159257,0.000333420314208888,0.00072018540247621,0.000437006362306954,0.00059085814320338,3.91162642310872e-05,0.000431899350045374,0.000498493474947127,0.00093099352707101,0.000640174914518135,0.000793961180391151,0.000749285093055371,0.000418071104101782,0.000473139164603346,0.000512371118049741,-0.000502869968674729,0.00129599074045422,0.000946456530771925,0.00234322236617617,0.00131830566604789,0.00426625954283383,0.00528919162937998,0.0125040673851501
"654.341",-0.00106830655170511,-0.000307068869575589,6.65860593858348e-05,-0.000198435964464292,-0.000234587203454302,0.000263388766689789,-0.00031202664625151,-3.30664835573038e-05,-6.75947214215642e-05,-9.23428520973024e-05,0.000181951825621364,-0.000348108630339409,-0.000257147891138233,-7.6942698683348e-05,-0.000326913804853479,-0.000342517159432055,5.78615740096497e-05,-0.000308197393123546,-1.23396990614867e-05,-0.000465167068996548,-5.37712639860533e-07,3.2256306120415e-05,-0.00049497721377099,-0.000447877384640287,-0.000294003511871743,-0.000255949168990027,-0.000368993655433102,0.000182933668494318,-0.00035748432021087,-0.00020062640639027,-0.000264342810739803,-0.000141470345422177,-0.000200660554193203,-0.000904987964495769,0.000314223579539264,-0.000175503984482829,-0.000867081267783672,-1.34849779469398e-05,-0.00027517808565206,0.000198143732529372,-0.000611801079068368,-0.000807013279818101,-0.000298420421778892,-0.000175973163092097,-0.000386690480835313,-0.000243687790751577,-0.000708804265521157,-0.00226988076535265,0.000385530278608254,-0.00228126019289476,-0.00127072093529113,0.00279266908863677,-0.0337050102637429
"659.063",-0.000632635313026484,-0.00119571781011325,4.550564787764e-05,-0.000303327514816335,-0.000288900102300935,-0.000389176643400848,-0.000206728766777155,-0.00038073129665333,-0.000698385168872411,-0.000229809049950014,-0.00091055225109933,-0.000805428379652016,-0.000676011015249994,-0.000213703125377596,-0.000253295648315438,-0.000297329822178187,-0.00040301466975623,-0.000475348191962691,-0.00111412443943324,-0.000851831334904046,-2.28504633998625e-05,-0.00113867845360951,-0.000776066860254903,-0.000311676878625673,-0.000365746434501804,-0.000742988778790116,-0.000106725376295803,-0.000135798986174526,-0.00100028941679193,-0.000450117587298115,-0.000294295315980803,-0.00100572811991378,-0.000536915652196304,3.69160041221814e-05,-0.000730952472136316,-0.000951338567686304,-0.000373741293615087,-0.00144339574741994,-0.00079099883582373,-0.000843157334662424,-0.000674520253983745,-4.23775270725528e-05,-0.000805561530005123,-0.00109324690695962,-0.000702243215094944,-0.00217155053353167,-0.00077383425061547,-0.00205166750342789,-0.000929077690349184,-0.00485636384664059,-0.00852400158558925,-0.0176140820272005,-0.0507350933750859
"663.787",-0.000406110252043926,-0.000624677833618118,-5.38767167476939e-07,-0.000255713466694484,-0.000211709348822848,5.9029848488682e-05,0.000120740099095749,-1.12053960468085e-05,4.36775769471317e-05,-0.000124117550980458,-0.000194249457813415,-0.000279171928204846,-0.000271879381460011,-0.000236175420373903,-7.63053120683208e-05,-0.000189065986685025,-0.000649456828541108,-0.00014705044991585,-3.46870872903598e-05,-0.000645709130018894,-0.00058790614834884,0.000248493038683236,-0.000540727454588084,5.45307395694601e-05,-8.33150340629061e-05,4.96619129274539e-05,3.96334934949531e-05,-7.90225763581821e-05,-0.000552238834180327,-0.000389518923892559,-0.000346611523070586,5.6863343251495e-05,-0.000439125934105756,-0.000828393459685163,-0.000177104167785103,-0.000695850480670267,7.90559134934332e-05,0.000217051619120229,8.78167551596655e-05,0.000162335641173008,-0.000384258866302775,-8.88634483801939e-05,-0.000555195389953633,-0.000554226622984335,-0.000532410434434928,-0.00025036960181961,-0.00328137895850972,-0.00141891945198555,-0.000594530170446291,-0.00356050472621667,-0.00237969963274748,-0.0166598721843203,-0.0104892339989101
"668.512",0.000180944853961795,-0.000656619336367355,-0.000536511935308503,0.000191765942455526,-0.0004912320606449,-0.000102076064320856,-0.000250682116545494,-4.54852394206332e-05,1.21464056466531e-05,-0.000228089438908088,-0.000302804033663685,-0.000553169164703171,0.000150892656484115,-0.000565938952127725,0.000202198540503591,-0.00015354576438579,-2.0369311277031e-05,8.39371134346245e-05,5.79597029997976e-05,-6.19061740491348e-05,-0.000751533289048186,-6.84779468049147e-05,0.00015806466524645,-0.000836013706373306,-0.000198785603543821,-0.000436329135057571,0.000519533051826376,-0.000448325264682334,-0.000109867357122833,-0.000981062678276569,-5.89458305025077e-05,-0.000816072947960656,0.000242240606593612,-0.00118241993593815,-0.00100816762751359,-0.000210738566848263,-0.000784172557010641,-0.000329961195074506,-6.55596254662444e-05,-0.000398128808462361,-0.00100678337051305,-0.00114509616138671,-8.78554082921646e-05,-1.52946782355106e-06,-0.000676989258457158,-0.000334805016765639,0.000990074238826707,0.00090601992269071,0.000849509047458805,-0.00145266336577959,-0.00250664833189649,-0.013312622539333,-0.00151804503541491
"673.238",0.000537850844054188,-0.00012667360211754,-2.33076938203779e-05,0.000580849567060487,0.000148843802518814,0.000444626648720938,0.000187149081296018,2.85812363057334e-05,0.000419638948846728,7.26481306763967e-06,3.32894630952142e-05,0.000682627248360685,-9.70909021883983e-06,1.04119150695931e-05,0.000174564302834635,0.000229611728756994,-0.000304662761478643,-0.000234748750371231,0.000245520744004665,-0.000481644360569692,0.00104731828193773,0.000274948862985467,0.000262629684747345,-2.2277380887497e-05,0.000104486307614677,-5.14012781052209e-05,0.000422339474045714,0.000450460733433285,-5.02972290285435e-05,0.000128052364465128,3.86060417147922e-05,-0.000284019474951145,0.000435910792322698,-0.00146830973389821,-7.05965649247554e-05,-0.000220312047752714,0.000173494710609344,1.1986893341299e-05,0.000141110808406051,-0.00022242403439748,0.000838435046636258,0.000108322912603832,0.000404037037606067,-0.000863517400021165,0.000655206525300564,-0.00111647155493046,-0.000498801230763097,-0.000161102205729514,-0.000151322092937022,-0.00145849347308866,0.00229784803291697,-0.00556025916572863,0.0131651247693746
"677.967",0.000215092668440319,0.000574678678634812,0.000404583765166308,0.000391172982071342,0.000479477147278285,6.10197291972673e-05,0.000286396010207216,8.57846578905433e-05,2.58660257926067e-05,3.74262411110651e-05,0.000405417363666989,0.000373155230226608,0.000319881288331795,-9.09519816670948e-05,0.000244001171494983,-9.63826226870443e-05,0.000234350118256476,0.000987344653887113,0.000330225100784966,0.000311665144904621,0.00042956600637516,-8.11672571495445e-05,0.000563325473988553,0.00012237805171207,-0.00012626530840973,0.000647099265624143,-0.000415096982399084,0.000120637537660215,0.000201224418717135,0.000177935484125712,6.74055822618819e-05,0.000165826785995902,-0.000662826316276836,-0.00164762107516919,0.000300571770130507,-0.000497561591811294,0.000279752408123135,0.000604497671110374,-0.000117880338696677,0.000730046189680209,0.000433304501162247,0.00023977173305161,0.000565069459131981,0.000646874358115451,2.33838577322623e-05,0.00106713745058705,0.000804598380706702,0.000361072345350635,0.00136989580785212,0.00160711404734007,-0.00308970874842039,0.00124749421675853,0.000518059846511397
"682.696",0.000464021646179417,-2.48322780041572e-05,-9.2701207472269e-05,-0.000207611832625581,0.000570420041781304,0.000470779207205161,0.000532666389052303,0.000410844988396149,8.42820520979142e-05,0.000278581010242174,0.00047680996537319,5.95179288793353e-05,-0.000165730065228052,0.000203543094159022,0.000730730347999363,2.94743158077961e-05,-0.000185710614639329,0.000391007864919617,3.62603317927083e-05,6.38228302955583e-05,0.000149028181078045,0.000327209657958175,-8.09696814687652e-05,-0.000562489388273804,0.00055636331287412,0.00081025871761362,0.00051278728008344,7.1747051703533e-05,-0.00015235329380888,0.000612910496019401,0.000108417641232541,0.000432865035868796,-0.00169600596856458,-0.000497066072169662,0.000359732572445186,0.000335195166160374,0.000636877984518395,0.000986739019243007,0.000656755104338713,-0.000931761549309261,0.000129284837040948,0.000647721182633487,-0.000232288356605737,2.10486328197733e-05,0.000597108329796384,-0.000312770992806182,-0.000811810779384344,0.0021959379462254,-0.000563452618928608,7.21447971760018e-05,-0.0014504151931692,0.00566556551293263,0.011872534388851
"687.428",0.000729996181330185,0.000886572867573425,0.0014125162157008,0.00105180298784147,0.00142595141293601,0.00117464836540545,0.000517211654425747,0.000676366093451885,0.000613971182890939,0.000531556325349838,0.000835054425924774,0.000880493320799239,0.00151116936722065,0.00116653285412707,0.000736279374949742,0.001081073649776,0.000967347167695645,0.00146480720362922,0.00170392935271764,0.0018504305098814,0.00131230067046542,0.00143735057613332,0.00101857962677559,0.000874313183054724,0.00119343246906354,0.00109823818128634,0.00102100087559631,0.00130426600567923,0.000564304606493625,0.00128519487593405,0.00134089287589832,0.000371473007297929,-0.00103821277140678,0.000818680179661418,0.00121782516496755,0.000934372061655921,0.00129549099959362,0.00128220711746897,0.00142644228641224,0.00109532291175724,0.00119021813229729,0.00171147704860068,0.00271661065347682,0.00218309304992737,0.00117759175201844,0.00369461642281682,0.00266274842265308,0.00581498058803887,0.00490647709164617,0.00541353483547139,0.0164111453596199,0.0278996139932398,0.0254619658998942
"692.16",-0.000672126473010128,-0.000209170232213598,0.000355362674841669,-0.000265585194726032,-0.000403245776397286,-0.000385774221322562,-0.00017935390859102,0.00023466431388676,-0.000393366013314565,0.000160376046258329,5.05184542941104e-05,6.02588093273561e-05,-0.00047411874053482,6.18338295496241e-05,-0.000268947942725063,6.94292896762242e-05,0.000125304451044614,-0.000307877410362819,-1.15222539106019e-05,-0.000520921300387108,-0.000137849752194975,-3.5320270116168e-05,-0.000293408744005295,-0.000227004183240311,0.000227574943021456,-0.000178673447588334,-5.1856433559487e-05,0.000320267816556641,0.000113439640237794,3.96756106510348e-05,0.000248169965795276,-0.000278655915092196,-0.000288177213279507,-5.2136610098817e-05,0.000365237346806422,0.00038497313876358,-0.000334808787525441,0.000378898903749612,-8.53454716897308e-05,-0.00014613363932797,-0.000484658197853385,-0.000376393908580138,0.000543157618329542,-0.000165566256724355,-0.000793731898147642,-0.00158145066789345,-0.0010959959332413,0.000866936047881906,-0.00176477588926195,-0.00128517925897132,-0.00191985155016028,0.000432083563750428,0.021942817357455
"696.895",-0.000546568444231569,0.000683357498728127,0.000321193823030151,0.000189608989690657,0.000309785620356489,0.000345366152374239,0.000114142719643118,0.000477359843475428,0.000131766825284417,-8.29439316753065e-06,0.000306918156454991,0.000121582338357934,0.000350059803568615,0.000393947847162572,-8.74803444328963e-07,0.000347459461110551,-0.000168001503888575,-5.55688125707066e-05,0.000691612329215717,0.000794162581679554,-1.39902661336829e-05,0.000393560566342458,0.000117826658655965,0.000504443370528614,0.000304376126286638,-0.00026434085538394,0.000657701496113314,0.000352757396518664,0.000611130658923455,0.00079837472300352,0.000253731452139003,-0.000496917607425998,-0.000649246405605032,0.000311829915580728,-4.32065608333599e-05,0.000716622846782085,0.000504534622547932,0.000329049921422946,0.000837397336862422,0.000512188023701572,-1.98324079538949e-06,0.000757899997284292,-0.000546060176388369,0.00485704083762286,0.00546758537771836,0.00742020460744788,0.00736050278629741,0.0109843605823721,0.0097797726688587,0.0148645881483372,0.0284515763787118,0.0541359197616009,0.117274913493913
"701.63",4.54030760870493e-05,0.000159325019253907,-0.000203815573859756,0.000147635378855085,0.000390944875512391,0.000170586469046862,0.000575111765569309,-0.000106872039577814,0.000219555574037797,0.000139849268275493,6.0341839640937e-05,0.000664490982169943,0.000578836506838848,7.29493179946859e-05,-0.000141435960665642,0.000411213870401614,-0.000392138509148981,0.000312537966021275,0.000710227618802968,2.62284453291229e-05,0.00102034897812927,0.000793171182714529,-0.000404630366269463,0.000115816830391106,0.000856261873883509,0.00017109038885073,0.000200627806533942,0.000848517037663847,0.000794463677112989,0.000337577091574399,0.000274212368315312,-7.38433155382558e-05,4.04695650222914e-05,0.000494669426482897,4.34597558677512e-05,-6.91194333695594e-05,-8.444963411529e-05,0.000600639018508842,-0.000343533004227433,-0.000404225824322986,0.0010009913403634,-0.000282663595481951,-0.000422421349481424,-0.000399206222723925,0.0010282672531663,-3.03964627300767e-07,0.000559155567997485,0.000585783920862109,0.0024242048883345,0.00196294465252649,0.000460063287425991,-0.0021549612855115,0.0143235877839827
"706.367",-4.6141034615266e-05,-0.000108176987415425,-0.000510389433261799,-1.13283271558135e-05,-0.000158493357574053,0.000107573426876271,-0.000198539903278319,-0.00019864438625558,-1.3728478595154e-05,-7.0921846190718e-05,-0.000287906779347864,0.000298742974239875,1.09668843127891e-05,-3.23193108426485e-05,-0.000163981431532956,0.000679359452084338,-0.000375999801034626,5.63655147087082e-05,-0.00021075899203012,0.00028840395798378,0.000283233415608814,-0.000182508096229168,-0.000242547143552696,-0.000176649912886604,-0.000333801877824986,0.000226415579196339,2.12014374461266e-05,-0.000382781606980584,0.000358788102431951,0.000263493660821876,-0.000722920522803407,3.53758569600596e-05,5.1804561856472e-05,-1.31965814638825e-06,0.000440655072956818,-3.55814369081268e-05,0.000109404665424581,0.000384507196885916,-0.000660585432578331,-0.000175672347532671,-0.001152367927349,-0.000168613805867981,0.000332967668299307,0.000552648334646056,-0.000100975441748851,-0.000356334249999476,-0.0020448257031389,-0.000467599181662106,0.00186438585781007,0.0037481504374809,-0.00139614306877689,-0.00720296288545166,-0.00698382133962561
"711.106",0.00091117411897351,0.000665970668106002,-3.61548737149784e-05,0.000310945316421346,-0.00018008893146654,0.000850535401306519,0.000359223816302095,0.000206832052892447,0.000387989100492877,1.93816750382526e-07,0.000738661178550693,0.000668254293703624,0.00044868712988237,0.000138692007847233,0.000247823871138688,0.000543815964133664,-9.75537631950639e-05,0.000923767022287582,0.000424546440692363,0.000543006462633768,0.000756713242508051,-0.000344562797310074,0.000439807485699876,-1.2337785234272e-05,0.000707365814337344,-0.000567133386519931,-5.43259693322078e-05,-0.000183221450903445,0.000715082303633614,0.000453106822963983,0.000806101038474227,0.00040613738128698,0.000590024681431041,0.000387143154374058,0.000322684138101633,0.00106822719016996,-0.000100413771970721,0.000270834821554845,0.00057783452722204,0.000854436967467286,0.00162135217271378,0.00127582403535668,-0.000244832719237492,0.0010739962398707,0.00090038749839064,0.00149104558896834,0.00206575580365849,0.00277773255812558,0.00334174473915556,0.000743422509236387,0.0165421125655604,0.00904262617392032,0.0428381764015231
"715.845",-0.00082921961697843,-0.000919248469944427,-0.00114359249952848,-0.000361684320983101,-0.00054524781367151,-0.000804269108299207,-0.000622163271503975,-0.000460937412898141,-0.000516328902616339,-0.000776637848689457,-0.000693875081876399,-0.00091800499681326,-0.00126173750328468,-0.00134021738618241,-0.000858843790902638,-0.000632277206651399,-0.000350800488570672,-0.000854043533325227,-0.000379821081787728,-0.0010822306005268,-0.00148905872888169,-0.00119268228951343,-0.000865045995469044,-0.000981951872239124,-0.000420527182152386,-6.62070037814172e-05,-0.000534339511649986,-0.000846166896199383,-0.000669191452766274,-0.000982318160057605,-0.000780563536688875,-0.000327513400354231,-0.000799676584758316,-0.000261550409157109,2.24222144378243e-05,-0.000522844626686153,-0.000704791486164043,-0.000667958985893103,-0.00103579224274851,-0.000596199740357203,-0.00119391704517977,-0.0013077562773784,-0.00157592201769612,-0.00171752323854174,-0.000908658127104105,-0.00305197001258918,-0.00324112996963242,-0.00103620037629897,-0.00474068725093222,-0.0054151150443615,-0.00723861403493339,-0.0140539032204324,-0.00822661801359876
"720.586",-0.000262515998883379,0.000329254512298522,-3.751763015368e-05,0.000163823204835151,-0.000243268885136582,-0.000213286723258317,0.000238493608867373,6.14985218507245e-05,0.000228244639751615,2.37470363807507e-05,-0.000258581533507662,-8.50469035314787e-05,-0.000144533700191905,0.000260845734941132,-8.402614607111e-05,-0.000364078798870431,-0.000395537565847503,-0.000347466663257062,-0.000266174548918842,0.000576768444072318,-0.000871974590211395,-0.000373019710236317,-0.000186020487533522,-0.000624076765008574,-0.000603016987707039,-0.000453760160220868,-0.00073255634705421,0.000433435412460676,-0.000176110996298924,-0.000461751423794786,-6.42821142758591e-05,-0.000371120748950666,-0.000192994459220939,-1.14485492233781e-05,3.32461785365531e-05,-0.00045392707592159,0.000260955098072519,-0.000587497785381961,-8.43337120671348e-05,0.00053781702527189,-0.000813947966174958,0.00055193991929446,-0.0008569641779198,-0.000915615277414985,-0.000990939270529715,-0.000212805110277091,-0.000649836302047819,0.00246759227008905,-0.000766098190679015,0.00331563741362529,-0.0047603570200692,-0.000223893921339296,-0.0143035090044713
"725.329",-4.5396249788944e-05,-0.000278455318797801,0.000466572123964939,-0.000224622367349603,7.17301838056716e-05,0.000271622160110082,-0.000134704216152474,-0.000156074570474257,-0.000209886641854745,-0.00033347791848929,-0.000424158936342084,-0.000846485653732806,0.000405139228725187,-0.000395073533409852,-0.000137852133833585,-0.000789791637246536,-0.000222685550434446,0.00390704674896144,-7.7962951155907e-05,-0.000612189085124497,-0.000120303257218783,7.51975589422841e-05,-0.000426661575569982,-0.000110230283397985,0.000114752735705963,0.000110919411035436,-0.000243790212797322,-0.000337079291370499,-0.000483935272957769,0.000260044880879435,2.0874904484521e-05,0.000910888089160791,-1.1402789616279e-05,-3.38993708908774e-05,6.83528862668611e-05,-0.000352176915218185,-0.000130956499084545,-9.53775127241535e-05,-0.000114366053439353,0.000529204385463496,0.000403053844603641,0.000437233267579373,-0.000924373506215708,-0.000486750514210677,-0.00156879838944592,-0.000398512882456149,-0.000621522529484545,-0.00104847485178095,-0.000942158967273022,0.00213502334900784,-0.0062635063903386,-0.00203332380789493,-0.015038507303022
"730.072",0.00103362486913248,0.000518452778306735,-5.17430640181837e-05,0.000261455316065312,0.000246192445829704,0.000518403676829257,4.91093562820426e-05,-0.000314690187375543,2.07099716406392e-05,0.000171294106612137,0.000735861301824577,0.000333246427097829,0.000214044413835274,0.000428800796885994,0.00071608947597807,-0.000222426803021842,0.00057084333786987,8.1841394692498e-05,0.00045143279558798,-0.000164231971482106,-0.000594583061568208,0.000240229471599782,0.000289831461011435,0.000646682803416573,0.000647825714859777,0.00065199781323921,0.000898789798427439,0.000634032042568953,0.000418056355397664,0.000336278331693777,0.00015122009343975,0.000549343636326182,0.000457188496920153,0.000432894344436562,0.000782059769608182,0.00059099800050561,-0.000246141020215948,0.00102906172040614,0.000699467618915481,-1.58397663942368e-05,0.000908287561688351,0.000579200104604678,0.00160938184416424,-0.00015738665331811,0.00144669094330281,0.000889697909704692,0.00205850386510375,0.00273221812027809,0.00278122351380703,-0.00146280684678172,0.00193487243469928,0.00316793805493128,0.0375168808518036
"734.817",-0.00106090685566358,-0.000411772807043838,-0.000219288689834124,-0.000985304245276766,0.000258297134334265,-0.000695169592583823,-0.000194825145122469,-0.000316496155031449,-0.000127743796434782,-0.000362877256788959,4.46244722185663e-05,-0.000370716039925225,-9.2072044904127e-05,-0.000190267504913172,-0.000539538217262966,-0.00026830324653409,0.000202480920266331,-0.000106670911535912,-0.000834753969911233,0.000370698489231766,0.00071762985003881,-0.000499667696908397,-3.88968370839474e-05,-0.000221883129221645,-0.000631398675798279,-0.000172072437179181,-0.00051249882513532,0.000397242775787485,-0.000643440060181102,-1.23809396925965e-05,-0.000218406101444102,-0.000174335144355546,-8.84139190338418e-05,-0.000750303462602505,0.000357726888551083,-0.000664456180223014,-0.000801424475338472,-0.000328691228814467,-0.000316681490081126,-0.000153686774167827,0.000375697253879791,-0.000443227330206272,-0.000821427609241244,0.000108998100859874,0.00085645297570613,0.000371427008484049,-0.00163559495410207,-0.00346796583953694,-0.000565471551355664,-0.00425955259424215,-0.00207611150970435,-0.00552049590841383,-0.0259591754559979
"739.563",0.000366759875302021,0.00015511298344232,-0.000194071794925199,-0.000365206873423617,-0.000210209159565332,0.000394385470471797,-1.4572687738107e-05,-0.00014703023482386,4.28086905337986e-05,0.000549508718458837,7.3818670995701e-05,-0.00019780805844896,-4.7145781310103e-07,-0.000179525612912839,7.58400620531384e-05,0.000150837904943007,-7.95896333161442e-05,-0.000684429422331147,-0.000421483186889707,0.000361172318355315,0.000315021671610625,-3.9029057321549e-05,-0.000410994324965538,0.000336140710446706,8.16372952076181e-05,0.000411921700792326,0.000632960902877398,-0.000391812474084943,0.000471691936668831,3.29775044464653e-05,0.0004513833351179,0.000197532109967655,-0.000166775231259161,-0.000215542759615955,-0.000154629162207426,-0.000200457934023035,0.000469392892858606,4.17321276720463e-05,0.000116196827910957,0.000387409854562027,-0.000314398123083015,0.000984863887189528,-0.000612529213602705,0.00106133721167957,-0.000213785233313979,6.24590965968883e-05,0.000898178283644037,0.00215364525779803,-0.0013053523983513,-0.00289632372296678,-0.00456847566021063,0.00696590953101659,-0.023969165100071
"744.31",-0.000824415787776974,-7.76757045846198e-07,-0.000808798112951293,-0.000356076497797728,7.28829865246813e-05,-0.000729652746670254,-9.54447227184161e-05,-0.000375733245424219,0.000202781878365633,-0.000430141941036858,-3.82500651359032e-05,-2.29807396606731e-05,1.21680792670703e-05,-0.000499530967773988,-0.000187944021635161,5.47941827883238e-05,0.00017254917033902,-0.000691817750748074,0.000171987977707171,-4.34773063887438e-05,-0.000832941149101856,-0.000523479575026916,-0.000416931275070523,0.00017472728420527,-0.000812628086238349,-0.000551661223230246,0.00119776063039279,0.000310997043008232,0.000170293674238654,-0.000191569668282095,0.00033351716677324,-0.000211760647681109,-0.000157564162220751,-0.00045863754979115,-0.000382708521315442,9.68971065598726e-05,-9.28691700531318e-05,0.000488366228046383,-0.00207308670727697,6.17385164151345e-05,-0.000570248499046844,-0.000434956038851767,-0.00135817126212517,0.000342428974957642,2.65851841123737e-05,0.000253582597361381,0.00147606178863337,-0.00231573212434022,0.000454683952188363,0.000551728507882813,0.00473836333984245,0.000450811867917716,-0.0242181752337193
"749.058",0.000227076591706928,-5.91191594142166e-05,-0.000660545319666945,-0.000124943458037925,-0.000665815886164887,-0.000482101135184451,-0.000104334096772692,-0.000372510486011463,0.000233705246470391,-0.000383005514287226,-0.000330867893480987,-0.000146216844703078,-3.52085629243705e-05,-0.000173167457452585,-0.00033465051711219,-0.000408268122249781,-0.00059495334324526,0.000244191835385237,-0.00014851159832088,0.00052445709262354,-0.000911329089240091,-0.000211794434339447,-0.000368198495957901,-0.000598764079890568,-0.000158625517412537,2.76445680789938e-05,-0.000770407826330446,-0.00064658264666534,-0.000173414158416833,0.00016990933263003,-0.00031592913355229,-0.00069644884266081,-0.000748190693078358,-0.000429861339162388,-0.000183937057650129,-0.000379776109253187,0.000266003367967795,-8.54764411210994e-05,-7.42383511976166e-05,0.000347846959866599,-0.000981515469319746,-0.000129593881515943,-0.000626068473405529,-0.0023103797908489,-0.000404527519433233,-0.00234764042493892,0.0004177903840547,-0.00146764495754745,0.000346180084830042,-0.00639227091761365,-0.00365914663538651,0.0101694347052709,-0.0448603075585551
"753.808",0.00099588830429316,0.000488556518559182,-0.000391031531393479,0.00131267239396596,0.000413592731909689,0.0008899909177549,0.000400783042035322,0.000452317356891782,0.000417419325579739,0.000328577721263236,-6.90119201000603e-05,9.86889306972289e-06,0.000238840673656246,0.000243783009030322,0.000827175373942192,0.000762222021897381,0.00091279861293273,0.000573571259778312,0.000780734992790006,9.99427372229203e-05,0.000398275262319309,0.000240437586977388,0.000974575020217547,0.000489730002283951,0.00101382465260884,9.91602129109329e-05,0.000693150517329769,0.000115997985491751,-1.29012102478637e-05,0.000254006770849498,0.00112190443046223,0.00083398335383557,0.000449087282285014,0.000243643351258892,-1.58256224137088e-05,0.0010531259423436,-7.46044447169723e-07,0.000386933634469525,0.000392240624363634,0.00038604664041025,-0.000173535876502657,0.00137774609832625,0.000100865129254892,0.000774219726407946,0.000955456065242963,0.00208962701831813,0.00319141433681276,0.00373142784103946,0.0060759280059826,-0.00122823548584753,0.00757512192907766,0.00914141099583661,0.0284935289249853
"758.558",0.000914937474093241,0.00117946190944961,0.000466198748013805,0.000513676715649367,0.000277962571468591,0.000673271470291602,0.000261541413328474,5.42817534241528e-05,0.000584177219539459,0.000741370606879392,-0.000333132550666504,0.000267077895166511,0.00108544734391427,0.000309618009131676,0.000323593440258857,0.000800171439481206,0.000434585444193001,0.000521404908725238,0.00043274779793774,0.000737464235800809,0.000364043690245485,0.000725162617598061,0.00106163770991135,0.000631784717402619,0.000829174509971197,-0.000355395451796353,0.000393379879078979,0.000620691534911912,0.000167145607870901,0.000258986825034209,0.00059460286287707,0.000186141100598735,0.000598409691174148,0.00117258508752703,0.000358403787097538,-0.000327966331766725,-0.000387381183302807,0.000234145868160409,0.00036990645573934,0.000443541546812443,0.000385010105491078,0.00111879229791348,0.000774173921078359,0.000695214049023259,0.000695768374290513,0.000832302472292149,0.00206273799683947,0.00228516053597083,-0.000961078689827324,0.00588657177257943,0.00117562765056984,0.00712757115879246,0.0380990136762713
"763.31",-0.000917959221050924,-0.000650521056910386,-0.00046113294987696,-0.00126080171349625,-0.000182512069403191,-0.000718237604461212,-0.000842172419239555,-0.000242410541473785,-0.000185989424330014,-0.000108880742196636,-0.00035044267401854,-0.000297449658749312,-0.000835208448216846,-0.000426617848334752,-0.000555199432628793,-0.000887006775909871,-0.00125853662632961,-0.000687530726803124,-0.00102510140719627,-0.00100894512086392,-0.00115813270993187,-0.000686080841867837,-0.0016139126248185,-0.000357003772085475,-0.00103453446991653,-0.000621720640252741,-0.00127326184002736,-0.00124423618255324,-0.000292772327034369,-0.000649944659402716,-0.000202835661578143,-0.00112855256587977,-0.000757858973187478,-0.00126459269199591,-0.000483189485763002,-0.00129674306988117,-0.00108647462670946,-0.00180739849193404,-0.000676817145165284,-0.000972736854403416,-0.00168331390139871,-0.000348273683091051,-0.00245612899806305,-0.00141920254918274,-0.000143276945577109,-0.00194145448675144,-0.00259599931230848,-0.000199243483918828,-0.00558467716666392,-0.00186561500101393,-0.0109452460162108,-0.0158070875362678,0.0147994989783665
"768.062",3.39203141989977e-05,0.000390063268597579,0.00047985544813322,0.000212880962279965,0.000276364552035584,0.000282687353795652,7.9633999473593e-05,3.50411819638898e-05,-0.000140309585322695,-8.18868387277912e-05,0.000211812960529033,0.000647256791241088,-0.000528179238162803,-0.000195507611796305,-0.000618118732330675,-0.00117760257518952,-9.89513252855002e-05,7.92424792203724e-05,-0.000200654145033296,3.18060778214318e-05,-0.00050931018278162,-0.000197773897028269,0.000293167483887799,0.000387441505064716,-0.00124417015892448,-0.000365091503713104,0.000271553247533184,-0.000283000217747077,-0.000454478309721905,8.48137455374422e-05,0.000108005975142473,-5.98270274468454e-05,0.000265053831677279,5.96433186848002e-05,-0.000959976023809618,-0.000215656709016934,0.000371035471524591,0.00054289719039063,9.54653296898223e-05,-0.000254025434776716,0.00110334477475507,-0.000235018381747239,-0.000150366838138657,0.000592735665231466,0.000515548610314897,0.00126806034264674,-0.00118710825616926,-0.00102788087252384,0.000990020337260241,-0.00486535490053969,-0.00323283844741411,0.00228660108526213,0.00124564569508639
"772.815",0.000418268876935547,0.000889084220432843,-0.000563303072926743,-0.000543604600424595,0.000263811647025116,0.000314643746482102,-0.000380316004958871,-0.000181255601580057,0.000312478008736557,0.000444869079841236,-1.02796828936063e-05,-0.000406461873011623,-0.000239074857011569,2.39088429506215e-05,-0.000678197163224536,1.20870647015412e-05,-2.44939300925665e-05,-0.000326664533600115,-0.000258783000175232,0.000196511707693959,0.00034420212594918,0.000901974897746054,0.000232894985943137,-0.000388742439947966,0.00143944020405212,6.2554937648984e-05,0.000752982295469531,-0.000258423262146982,-0.000306819967142367,-0.000279240722033443,-0.000180141288004253,0.00013129422161037,-9.90730202296973e-05,-0.000408944523311295,-7.7120781768628e-05,0.000686739543154133,-0.000398790818689799,-0.000316186284565795,-0.00072861226688574,-0.000541075709265672,0.00110137854669945,-0.000370846155342934,0.000386698266847762,-7.08778162488311e-07,0.000286450162374686,0.00116421811097149,0.00106123185816538,-0.000245494194133625,-0.00370957768822245,-0.000428756709803099,0.00309498034693326,-0.00330284868050818,0.00621921087446613
"777.57",-0.000304122675538698,-0.000907085692536885,-0.000101222893240573,0.000364451378774411,-0.00121599780616234,-0.000108411188681434,-0.000308315257000454,-0.00017179135595608,-8.55641194690915e-06,0.00025829086471453,5.04503657073657e-05,-0.000171446851728369,-0.000706491855545879,-0.000164061013334262,-0.000559228379652522,-0.000528975423669282,-0.000825688940294494,0.000119588053115822,0.000380642669999604,-0.00102413441613846,-6.32264078961696e-05,-0.000937555940996645,-0.000334061675561085,-0.00107323196971057,-0.00150302407217213,-0.0003331313712728,-0.000316333214528028,-0.00100437775628704,-0.000363871551739125,0.000158545211443264,-5.02468027429065e-05,-0.000209825967665444,-0.00087933362543367,-0.000795488492030378,-1.41820614301325e-05,-9.32139573557177e-07,-0.000117309768506357,9.18051703984347e-05,-0.00084238760981232,-0.000501189678138147,-0.000240562177757127,-0.000637683370859555,-0.000748394086690744,-0.00146036376648275,-0.00205133207198647,-0.000877276226032864,-0.000505678786252235,-0.00105491216333022,-0.00139374794746476,-0.00505563715286526,0.000271592187895678,-0.0235157057322029,-0.000648158932970547
"782.325",-1.98943513152679e-05,-0.000404197117039733,-0.000701295596732681,-0.000660131340510987,-0.000415776926564376,-0.000913436728382079,-5.80642564860044e-05,-0.000223784777711378,-0.000170000618615298,-7.67936883790005e-08,0.000470180331565233,0.00021041658484836,-0.000169196755054544,-0.000101395723156558,-0.000100189106826399,-0.00014668044399772,0.000167551451881609,0.000244223129485355,-0.000549608512869582,-0.00039361242450032,-0.00054365845995555,-0.000617892267017902,0.000330271891014939,-0.000594869291859099,0.000105679774858924,-0.000390012389575314,-0.000281953902123423,-0.000318675543132213,-6.3867858764361e-05,0.000313730200798214,-0.000236798483396172,-0.000113157428014595,-0.000164686009635526,3.81865193731826e-05,-0.00092819653063492,-0.000140630412397436,-0.000928943259565603,0.000373782782550357,-0.000640918151891552,-0.00022772949014696,-0.000841433086815705,-0.000343924567832543,-0.00100457417518224,-0.00127749121722072,-0.00139902625560129,0.000209813180099062,0.00071591162288063,-0.000462895696911698,0.0015308732508633,-0.00380451030778904,-0.00306975898585962,-0.00393485765759106,-0.017403514749849
"787.081",-0.0007225536186875,-0.00134084469738302,-0.00100453659770817,-7.09461143843202e-05,-0.000633088991072913,-8.86305204986107e-05,-0.000261791495506068,-0.000534075334381566,-8.29753586327547e-05,-0.00112104139747797,-0.000814987506011994,-0.000547759648936283,-0.00112194660982986,-0.00124012480873202,-0.00116308490048575,-0.000813286106899181,-0.000264420361087295,-0.000599162743567113,-0.000810443314098958,-0.000517310086666442,-0.000780637198813019,-0.000914537011864907,-0.00052342324632315,-0.000177583287491154,-0.000629110471503747,-0.0002928203388391,-0.000433512821384466,-0.000942125456343019,-0.000783503143720528,-0.000219822185729083,1.28815682751843e-05,-0.000957862644016142,-0.0016861977333438,-0.000577347223385904,-0.000339827551607904,-5.69898292921046e-05,-0.00124097910407798,-0.000448709222247187,-0.00133262732229757,-0.000521799831432163,-0.000172121187820146,0.000227558339000373,-0.000159795047721931,-0.00183582140202368,-0.000946939186142991,-0.00153163093937494,-0.00226035151214952,-0.00312606290095797,-0.00335965682496491,-0.001810642668941,-0.00916463134901837,-0.000515211432356919,-0.019188929445473
"791.838",0.000425770975421347,0.000412857805032796,-1.61066050110915e-05,0.000999891728994213,0.000511051394747559,0.000334304386006809,0.00022755758366125,0.000185377793883659,2.49754844471372e-05,-0.000415020660012466,0.000353173993340884,0.000280190565436588,0.000614826598964108,-5.29181610835802e-05,-0.000177849869495897,-0.000650007642828396,-0.000171602760650718,-0.00140470439985604,0.00083967942991684,-0.000145482069728091,0.000727714546785123,-4.49902052987398e-05,0.000951766902864038,0.000504367463224647,0.000218365832573701,0.000705129932330388,-0.000223614593388256,0.00032664349116672,2.551194165702e-05,0.00020576375939457,0.000227981380474168,0.00035542728888307,0.000384784512297997,-0.000236830130798554,-0.000530323287816881,-2.90912526031191e-05,-1.57625282628486e-05,-0.00020852517737115,0.00065707325609199,0.000520709224428935,0.000401975066688568,-0.00168076244296694,-6.85013994808619e-05,0.000813587612080888,-0.000794994067327538,-0.000836780069176783,0.00125899120333533,0.00129948368104398,0.000455185466276746,0.00081577107738987,0.00157280902872501,0.0053728514594709,-0.00594645078471719
"796.596",0.000340745114627366,0.00141878625073545,0.000107496437359645,0.000860610214138681,2.61156971411854e-05,0.000306767856996349,-0.000180462028167117,0.000212131483799502,-0.000245412895582759,0.000167444156998258,-4.27702749190213e-05,0.000764622615458543,-0.000542966730412235,-0.000279204247650403,-0.000243630164458603,0.000127769437338584,0.000134998706195556,-0.000113489317995837,0.000294982727658879,0.00016540571377142,0.000666390746328178,-0.0001664999654512,0.000116643331313635,0.000587495614328294,-0.000361049020959292,0.00071821245684355,0.000280775218451359,0.000226602646246031,-0.000943871647179252,0.000432724022670134,0.000309961274595757,-0.000182269209011273,-0.000536868023101771,-0.00013272165173544,0.000429558935039212,0.00042442847265036,0.000416106851994178,0.000342608736075697,0.00085830661082684,0.000146362924984291,0.000410457275655644,-4.08965870474496e-05,-0.000489308287992439,1.33016229758793e-06,1.05579493257969e-06,0.00178181594154543,-0.00181083769241918,0.00201154630780491,0.00180797367441735,-0.00221508886178006,0.00262262127697129,0.000278625764760667,0.00943196550303278
"801.355",-0.000603194653978278,-0.00059682571243061,-0.000750150261661195,-0.000321473343156898,-0.000790918969767152,0.000391175396819419,-0.000385907385889461,-0.000463014801092648,0.000138527591401287,-0.000195024717215727,-0.0001226779428872,-0.000481002356351389,-0.000422593196760119,-0.000607457255687147,-0.000467320882678157,-0.000263746302363756,-0.000325113201967498,-0.000501259170413942,-0.00042954575037923,-0.00055531124412455,-0.000287222239650496,0.000301958305566492,-0.000262856424690952,-2.63282585540132e-05,-0.000168632102064242,-2.36389651305074e-05,-0.000427261746626652,-0.000678257130697618,-0.000516134723901939,-0.000204942529902662,-0.000159421440382309,0.000302251790847484,-0.00141308931902949,-5.76073422161053e-05,-0.000681939061733184,-0.000453646320603615,-0.000133418911126064,-0.000548688891863881,0.000311389065321049,-0.00115355730594463,-0.000505413606685947,-0.000930720535321676,-0.00096610675854161,-0.000898760257624095,0.000320124078354542,-0.000802736998500564,-0.00336319484533335,-0.00156401163771087,-0.00439290156465724,-0.000877215888251171,0.00213938177787156,-0.0144370106648936,0.0255779901352334
"806.114",-8.21029578770064e-05,-0.00068409784295746,-0.000486903201896368,-0.000247490583891667,-0.000245126505647676,0.000274889591653236,-6.70934310017546e-05,-0.000358762870200362,-0.000241302729236892,5.96324479501956e-05,-0.000434229767936631,0.00011200457537444,-0.000493607231222982,-0.000457620535813533,-8.89118399532391e-05,-0.000440012347485776,-0.000209549666793851,-0.000770358251018704,6.76666702761019e-05,-0.000136458487326566,0.000160570879277842,0.00016632962488785,-0.000340262532758051,2.57728523897714e-05,-0.000132631289773947,0.000139860213530776,-0.000645318886757982,-0.000712809841211676,-0.000745724998142099,9.87210127635738e-06,0.000245172323934242,0.000145060792715117,-0.000475000161337842,-0.000115915083448895,-0.000131804540103813,0.000415870921360153,-0.000771488148318841,-0.000887019303005948,-1.46169600814668e-05,-0.000426658499647758,0.000101622561834057,-0.00025565916326285,-0.000926017458054346,-0.00108229467267873,-0.000616482632120718,-0.000768330940483434,-0.00149385081924459,-0.00325476369384399,-0.00323727500820932,-0.00342921818183613,-0.00188891571525671,0.00141803751280557,-0.0290723484096565
"810.875",-0.000781085062702855,0.000348696952889821,-9.29928150339407e-05,-9.86574506818847e-05,0.000235070549289154,-0.000285240985331555,-0.000445012405173053,-0.000221947917675666,-0.000328722360626992,1.67335279359402e-05,-0.000226722842550883,-0.000212802641076547,-0.000811424881297333,-0.000310506380770453,0.000177089810886455,-0.000385341166986027,-0.000535978843173882,-0.000686162977210877,-0.000216216793550554,-0.000374420196342404,0.000112289487343506,-2.23747558733935e-06,-0.000825523572651715,-0.000482431244319684,-0.000542237024637357,0.000467167685362733,0.000230854789935569,-0.000414433122104476,-0.000780886175754777,-0.000263241869402356,-0.000259155926323277,-0.000426077669824878,-0.000124335718808349,-0.000151617637180669,-0.00041910831785314,-0.00031593342596916,-0.000705420344753284,-0.000296085834270242,-8.93335041490139e-05,0.000125536069305966,-0.00133452986925987,-0.00129565930807644,0.000261171508398833,-0.00110624121035558,-0.00126303478016331,-0.000933444830699711,-0.000658579840721199,0.000130036206256762,-0.00179390204896911,-0.00143766510059827,-0.00213849115858564,-0.0125488211035024,-0.0151253038734103
"815.635",-0.00097676411230525,-0.000684601289094356,-0.0002366048989901,-0.000285143003279955,2.09994822036113e-05,-0.000284082930791155,-0.000496467201080858,-6.52600743810208e-05,-8.02212077215433e-05,-8.50011797354601e-05,-0.000443599278088536,-0.000503021986928252,-5.97068176971687e-05,-0.00106571839499022,-6.67153654565917e-08,0.000121244600304613,4.64934829312709e-05,-0.000147129404725227,0.000115563389884168,0.00044760360066151,-0.000563333747928568,1.30011227378967e-05,5.24352706250477e-05,-0.000456299011470697,0.000264922673393558,-0.000690037724300902,-0.000346139433989371,-0.000172597382516764,2.25288417407849e-05,0.000134683577200875,-0.000460004366632693,-0.000111883698803444,-0.000361595602062901,8.10004786108897e-05,-0.000514860028429424,-0.000969991426855205,-0.000532550285616374,-0.000886715593619868,0.000385208150375478,-0.00112243444365873,-0.000169708336700637,-0.000273503660583411,-0.00148865838306808,-0.000875785332584191,-0.00174724633794423,-0.00137846439061996,-0.00180087866409184,-0.000690005134284206,-0.00248311100643866,0.00039697044977114,-0.00641734377625735,0.00852717849445545,-0.0226705487700637
"820.397",-0.000390200519025822,0.00117906877746698,0.000947242626918812,0.000953466735750808,0.000139274398086996,0.000303768033854715,0.00045943356223446,0.000319117611997613,0.000539841339482489,5.93899861218759e-05,0.000387011297396073,-0.000100677023004322,0.000892080696554452,0.000812819963092178,0.000288796691434385,0.000142597228691232,0.000988029159608427,0.000304552895798334,0.00120911378970544,0.000452522181230714,0.000683880038044295,0.000144482691217115,0.000680460296795555,0.000988740425880552,5.94863444924069e-05,0.000350898880884097,0.000357250027537459,0.000723695965179595,0.000905596686536873,0.000724066451020475,0.000459314632418952,0.000850924628966317,0.000994704966259944,0.000334706250700648,0.000609857725688362,0.000390020525818513,9.30003493344049e-05,8.42088066180357e-05,0.000385072171737127,-0.000110903189418472,0.000994860145625696,-0.000347126342471422,0.00126834107016212,0.00128889234119481,0.000883910945507217,0.00121401714135495,0.00178820532545445,0.00187695061716525,0.00092167718058447,0.0033471995991989,-0.000880995253653011,0.0146528963538441,0.0331459526943272
"825.159",0.000115733400240741,-0.0002617604531209,-0.000119321440205464,0.00043281931691731,-8.67263831620466e-05,-6.89504995652061e-05,3.69209093989409e-05,0.000292949917465009,0.000197137550465356,-0.000246524203675261,0.000273384933419895,2.2352497995774e-05,-0.000282358674265175,0.000572836433558363,0.000132967467737119,-0.000396128928916775,0.000220265258880989,0.000228470356672949,0.000347189987546678,-0.000105583821865179,0.000376648329650179,9.15192821566681e-05,0.000641271477357927,0.000392471293086766,3.5475502779048e-05,0.000268863955083248,0.00039141235895398,-6.9421144129839e-05,0.000572409658771092,0.000225569910577805,0.000268311389216122,-2.28929545195759e-05,0.000609882723816607,0.000172938759817763,0.000728744704570897,-0.000303276572948557,0.000105479465299635,-0.00012729442486669,0.000740692857489959,-0.000347992434021725,-8.53180937773134e-05,-0.000383071873410347,-0.000101718273274574,-0.000599821246840689,-0.00255120221556562,0.000219593225798348,0.00308846722204696,-0.000365942870888338,-0.00069463985088083,0.000237819308108655,0.00591124605916929,0.0108627760032858,0.0168609766621131
