"","500","495","490","485","480","475","470","465","460","455","450","445","440","435","430","425","420","415","410","405","400","395","390","385","380","375","370","365","360","355","350","345","340","335","330","325","320","315","310","305","300","295","290","285","280","275","270","265","260","255","250","245","240"
"248.336",0,0,0,0,0,0,0,0,0,0,0,0,0,0,0,0,0,0,0,0,0,0,0,0,0,0,0,0,0,0,0,0,0,0,0,0,0,0,0,0,0,0,0,0,0,0,0,0,0,0,0,0,0
"252.814",0,0,0,0,0,0,0,0,0,0,0,0,0,0,0,0,0,0,0,0,0,0,0,0,0,0,0,0,0,0,0,0,0,0,0,0,0,0,0,0,0,0,0,0,0,0,0,0,0,0,0,0.0320020320922534,0.045007273265035
"257.296",0,0,0,0,0,0,0,0,0,0,0,0,0,0,0,0,0,0,0,0,0,0,0,0,0,0,0,0,0,0,0,0,0,0,0,0,0,0,0,0,0,0,0,0,0,0,0,0,0,0,0.00532176045307842,0.00220144053456799,0.00483973649616884
"261.781",0,0,0,0,0,0,0,0,0,0,0,0,0,0,0,0,0,0,0,0,0,0,0,0,0,0,0,0,0,0,0,0,0,0,0,0,0,0,0,0,0,0,0,0,0,0,0,0,0,0.0213942759294636,0.00459567622094134,0.0220736989245816,0.119165250915063
"266.271",0,0,0,0,0,0,0,0,0,0,0,0,0,0,0,0,0,0,0,0,0,0,0,0,0,0,0,0,0,0,0,0,0,0,0,0,0,0,0,0,0,0,0,0,0,0,0,0,0.0563140852629316,-0.00578205310867422,0.00431291566116595,0.0623894624121131,0.100778989996715
"270.764",0,0,0,0,0,0,0,0,0,0,0,0,0,0,0,0,0,0,0,0,0,0,0,0,0,0,0,0,0,0,0,0,0,0,0,0,0,0,0,0,0,0,0,0,0,0,0,0.112027791015265,0.000977040861649126,0.00869080635814176,0.0495451403913653,0.109077457783591,0.0207910414186913
"275.26",0,0,0,0,0,0,0,0,0,0,0,0,0,0,0,0,0,0,0,0,0,0,0,0,0,0,0,0,0,0,0,0,0,0,0,0,0,0,0,0,0,0,0,0,0,0,0.0195013662443126,0.000668561042161453,0.00279947691840336,0.023662936812922,0.0876014913221718,0.0380106634537046,-0.00917097804749474
"279.76",0,0,0,0,0,0,0,0,0,0,0,0,0,0,0,0,0,0,0,0,0,0,0,0,0,0,0,0,0,0,0,0,0,0,0,0,0,0,0,0,0,0,0,0,0,-0.0111440039236221,-0.0137681164062568,0.00461675081266674,0.0124938340704998,0.075015900336462,0.0641325947030321,0.00232950017676693,0.030368468511843
"284.264",0,0,0,0,0,0,0,0,0,0,0,0,0,0,0,0,0,0,0,0,0,0,0,0,0,0,0,0,0,0,0,0,0,0,0,0,0,0,0,0,0,0,0,0,0,-0.0193855387426801,0.00337541937759335,0.00790527305446501,0.0508427691370608,0.0673981638747398,0.00957509268985744,-0.00115831744612265,-0.00929246988736026
"288.772",0,0,0,0,0,0,0,0,0,0,0,0,0,0,0,0,0,0,0,0,0,0,0,0,0,0,0,0,0,0,0,0,0,0,0,0,0,0,0,0,0,0,0,0,-0.0330721009152846,-0.00155099183249772,0.000876757656310616,0.029442406801292,0.0564359444739956,0.00261587512255096,-0.00692968782235734,-0.0166875742599752,0.0128190738221929
"293.283",0,0,0,0,0,0,0,0,0,0,0,0,0,0,0,0,0,0,0,0,0,0,0,0,0,0,0,0,0,0,0,0,0,0,0,0,0,0,0,0,0,0,0,-0.0382030734250228,-0.00111862231033036,0.000888567184950423,0.0156836565918903,0.0623615579741914,0.0113350229718322,-0.0074701338646315,-0.00519616872954437,-0.0186766896066986,-0.017421234867508
"297.797",0,0,0,0,0,0,0,0,0,0,0,0,0,0,0,0,0,0,0,0,0,0,0,0,0,0,0,0,0,0,0,0,0,0,0,0,0,0,0,0,0,0,-0.0581872961869949,0.000939316331446772,-0.000353700777091227,0.00529649799111836,0.0502401396161329,0.0330287085834903,-0.00050468224596454,-0.00541013008124208,-0.00561784627242948,0.000292552367983201,-0.0125244045317206
"302.315",0,0,0,0,0,0,0,0,0,0,0,0,0,0,0,0,0,0,0,0,0,0,0,0,0,0,0,0,0,0,0,0,0,0,0,0,0,0,0,0,0,-0.137964839436831,0.000248062096592713,-0.000150315637694329,0.00327300493713711,0.0334401345007712,0.0438419299816975,0.00900553467997706,-0.000729337726025043,0.000246183495866595,-0.0082540276814339,-0.0025505651859589,-0.0199605591609144
"306.837",0,0,0,0,0,0,0,0,0,0,0,0,0,0,0,0,0,0,0,0,0,0,0,0,0,0,0,0,0,0,0,0,0,0,0,0,0,0,0,0,-0.207248421455096,-0.00215648024744767,0.000912525435624537,0.00134340965166051,0.0226150505103943,0.0416789199654465,0.00814439470967884,0.00408918670128856,0.0012238951056246,-0.00418984933257943,-0.00720592033499947,-0.00807063115115733,0.00574003155464198
"311.362",0,0,0,0,0,0,0,0,0,0,0,0,0,0,0,0,0,0,0,0,0,0,0,0,0,0,0,0,0,0,0,0,0,0,0,0,0,0,0,-0.190714959392801,-0.00700216283656949,0.00216355280987885,-1.51211960348896e-07,0.0118093486978827,0.040457739519511,0.0139359522141697,0.00204021999348185,0.00564198067629392,0.00171754717555996,-0.000565355512116929,0.00660321535574449,0.00729478283724611,0.024675711257191
"315.89",0,0,0,0,0,0,0,0,0,0,0,0,0,0,0,0,0,0,0,0,0,0,0,0,0,0,0,0,0,0,0,0,0,0,0,0,0,0,-0.127017120621941,-0.0108234945355565,0.00118698366078033,0.0017965186125883,0.00571161669098211,0.0307135585047737,0.0148420709117417,8.38156869148177e-05,7.07821880524401e-05,0.0041899265861468,-0.000246447572796241,-0.00503990451730671,0.000224551515265226,-0.00572740979445484,0.0106003992853602
"320.422",0,0,0,0,0,0,0,0,0,0,0,0,0,0,0,0,0,0,0,0,0,0,0,0,0,0,0,0,0,0,0,0,0,0,0,0,0,-0.0203590363879976,-0.011334093976939,-0.000551282506108895,-0.000174528167574123,0.000589193762405116,0.0222436395061213,0.0162373383427935,-0.00475772649962761,-0.00778572492170705,-0.00629694988103708,-0.00223526002438069,-0.00639914071342155,-0.00452900139470403,-0.0111922940054947,-0.0115759542804725,-0.00883038216657445
"324.958",0,0,0,0,0,0,0,0,0,0,0,0,0,0,0,0,0,0,0,0,0,0,0,0,0,0,0,0,0,0,0,0,0,0,0,0,-0.0103583757507274,-0.013270431359918,-0.000710223765255556,-0.00145433357254005,-0.00117445096543625,0.0115199933635478,0.0207797159469499,-0.00603766250427203,-0.0107226867683119,-0.0112670701761165,-0.0103554588978239,-0.0041688142232166,-0.00693715059592762,-0.011354312835152,-0.0112025678005268,-0.0147039685926294,-0.0179249941375036
"329.496",0,0,0,0,0,0,0,0,0,0,0,0,0,0,0,0,0,0,0,0,0,0,0,0,0,0,0,0,0,0,0,0,0,0,0,-0.0102356615853848,-0.0206840053169481,9.76623313694511e-06,-0.000883754697556532,-0.0029382573928436,0.0057765522832763,0.0211604497577926,-0.000585169229790558,-0.00964290982207384,-0.0117470975861964,-0.0115177950685157,-0.010665998468504,-0.00710603080514055,-0.00700102095190331,-0.0084220160167978,-0.0122312922235192,-0.017000955176083,-0.0121020412338441
"334.038",0,0,0,0,0,0,0,0,0,0,0,0,0,0,0,0,0,0,0,0,0,0,0,0,0,0,0,0,0,0,0,0,0,0,-0.00929062578355477,-0.0270062954997713,-0.000273920616087352,-0.00101576236892007,-0.00208699059268821,0.000437888245269434,0.0198904552073401,0.00721000113060721,-0.00782283584381151,-0.0105175574147646,-0.0130809338731819,-0.0124211947296473,-0.0132009590723255,-0.00644720625590448,-0.00895282001060852,-0.00901347110027054,-0.00531595205039973,-0.020506994130316,-0.00421627280292776
"338.584",0,0,0,0,0,0,0,0,0,0,0,0,0,0,0,0,0,0,0,0,0,0,0,0,0,0,0,0,0,0,0,0,0,-0.0103477021178497,-0.0445817020785939,-0.00106868901722908,-0.00257282508285318,-0.00234689906489855,-0.00266313952371227,0.0113495567561707,0.0134353792474891,-0.00712147327537519,-0.0102543930349354,-0.0137376763819911,-0.0150890460271017,-0.0164364054482827,-0.0141651613142563,-0.00943242570200341,-0.0137456494780604,-0.0119622597678079,-0.0178117334572377,-0.0234045222959854,-0.0471832000763655
"343.133",0,0,0,0,0,0,0,0,0,0,0,0,0,0,0,0,0,0,0,0,0,0,0,0,0,0,0,0,0,0,0,0,-0.00999436735774417,-0.0682815313963993,-0.000760059363615128,-0.000682767764628009,-0.00191691417471637,-0.00131966294989696,0.00862258657025189,0.0174082738265232,-0.00136553412950544,-0.00805919496092597,-0.00919609200606634,-0.0110676903281216,-0.012849881198188,-0.010868184344507,-0.0130125600571303,-0.00981966834635208,-0.007832871711756,-0.00729770203119573,-0.00902773772058292,-0.00899687839698728,-0.0279859603267281
"347.685",0,0,0,0,0,0,0,0,0,0,0,0,0,0,0,0,0,0,0,0,0,0,0,0,0,0,0,0,0,0,0,0,-0.0722483355054018,-0.0008057863022203,-0.000858197073481823,-0.00138556389464301,-0.00164912168955319,0.00292269284729062,0.0163861054944836,0.00194051989072071,-0.00478218170965147,-0.00727975761930503,-0.00944001193382055,-0.0120350659414272,-0.0102684079250483,-0.0118662124306966,-0.0096493882083761,-0.00787299586808095,-0.00829358961861024,-0.00933579718592537,-0.0142546828530073,-0.0159361194564315,-0.0286904460110505
"352.24",0,0,0,0,0,0,0,0,0,0,0,0,0,0,0,0,0,0,0,0,0,0,0,0,0,0,0,0,0,0,0,-0.0780251612552882,-0.0010986394734349,0.000437408562727623,-0.00123773827060674,-0.000622978718175689,0.0012714842015163,0.0130638611923068,0.00734585050150834,-0.00314088590750167,-0.00459450600593521,-0.00642726752828866,-0.0068665063619235,-0.00850183226982711,-0.00829749735839994,-0.0109908688718738,-0.0075275452521363,-0.00561263752914657,-0.00498412023941106,-0.00874982848239604,-0.00686457135075179,-0.00539618674759778,0.00177386471738695
"356.799",0,0,0,0,0,0,0,0,0,0,0,0,0,0,0,0,0,0,0,0,0,0,0,0,0,0,0,0,0,0,-0.0937668557885499,-0.00244753103059996,0.000906045317844025,0.000878110342904767,0.000583069262306237,-0.000222424588285067,0.00917292098760623,0.0120416541353124,-0.00209096098539818,-0.00378530633188723,-0.0054347937661167,-0.00679634759007991,-0.00739655078862649,-0.00766129782198678,-0.0090432660465681,-0.00730182757002615,-0.00756627700809556,-0.00421807820174046,-0.00224972642264878,-0.00593864212109887,-0.00520997630180872,-0.0200813982163979,-0.0232727683396137
"361.361",0,0,0,0,0,0,0,0,0,0,0,0,0,0,0,0,0,0,0,0,0,0,0,0,0,0,0,0,0,-0.12614891272192,-0.00687383628129666,-0.000727737424548665,-4.88615114692887e-05,-0.000445589550958856,-0.000493190528198567,0.00566750488311096,0.0133291349520513,0.000563701769411652,-0.0031576473344194,-0.0042206317415279,-0.00612811679065056,-0.00695606977797172,-0.00761798459218047,-0.00797692238821942,-0.0100436897213662,-0.0106381559041369,-0.00709948649769055,-0.00636556492931692,-0.00895588586300779,-0.0105538493326889,-0.0164519863557842,-0.0136898962548679,-0.0407647693384617
"365.926",0,0,0,0,0,0,0,0,0,0,0,0,0,0,0,0,0,0,0,0,0,0,0,0,0,0,0,0,-0.151907582820747,-0.00732520638398814,0.00111644594479549,0.000712352475919737,0.000572764104760775,0.00127871051186121,0.00289825533078203,0.0134204394262493,0.00580713543057143,-0.000714547638685966,-0.000918160622374966,-0.00287978532799641,-0.00358461974677847,-0.00444635419762375,-0.00397996814605992,-0.00465620809873941,-0.00481607987430949,-0.00413831356859213,-0.00611675535153474,-0.00231613489633555,-0.00476388670685885,0.00140622724618195,-0.00325759266445568,-0.00257917332300084,-0.0165616006489227
"370.495",0,0,0,0,0,0,0,0,0,0,0,0,0,0,0,0,0,0,0,0,0,0,0,0,0,0,0,-0.162886510893841,-0.0147423120019118,0.000333227985730974,0.000153932463977236,0.000695123868015693,0.000806107529629328,0.000431508831747708,0.0100569057881977,0.00741059470292771,-0.000771653212903602,-0.00082644491391685,-0.00179225489308425,-0.00292748813019617,-0.00355492649263215,-0.00339034308214932,-0.00385229617684196,-0.00479463636332483,-0.00307598191115906,-0.00227797374844771,-0.00176760471935684,-0.00180333205538917,-0.00383467011993262,-0.00200028888406197,0.000974914300205802,-0.00529506491319158,0.0152499677483614
"375.067",0,0,0,0,0,0,0,0,0,0,0,0,0,0,0,0,0,0,0,0,0,0,0,0,0,0,-0.168714934629817,-0.0210797586612115,-0.000423788685801426,0.000838493931003307,0.000195325805922769,-0.00018872342253295,0.000584446612530012,0.00495793794598212,0.00955213345491382,0.000165741040953009,-0.00110114710309764,-0.00242064114338527,-0.00283058117295472,-0.00381774445794846,-0.0029861718762354,-0.00417526786507777,-0.00437002016791677,-0.00482272610202177,-0.004303239939616,-0.00360700268309316,-0.00557108527688728,-0.00193353621467851,-0.00349482580837578,-0.00502956067697804,-0.00309356228518084,-0.00483738031259405,-0.0481951445680987
"379.641",0,0,0,0,0,0,0,0,0,0,0,0,0,0,0,0,0,0,0,0,0,0,0,0,0,-0.138970835725622,-0.0255855664023627,-0.000417005635782807,0.000595702090843886,0.000342200615968052,-0.000316924454922648,0.00073316395847398,0.00316610283670107,0.0117762383759969,0.00267855407452524,-0.000809068665147502,-0.000921434713971203,-0.000518746998830978,-0.00148861185388429,-0.00172397426551102,-0.00294361918269072,-0.00253641082010682,-0.00246851735940146,-0.00336538551713347,-0.00461331997907246,-0.00354017940251212,-0.00164264022440065,-0.000136789719719428,-0.00271817622069672,-0.00312063907364729,0.00237217245832462,0.00872648524788333,0.0218019509119719
"384.219",0,0,0,0,0,0,0,0,0,0,0,0,0,0,0,0,0,0,0,0,0,0,0,0,-0.121954113192724,-0.0396642710852866,0.000379771582471139,0.00042716295883524,-0.000429780045048424,0.00026182257318863,-0.000319166249848075,0.00103646581776388,0.0079660145093389,0.00576701885621386,-0.000614804677148598,-0.000489533494848365,-0.00129988232768372,-0.00149532388004367,-0.00100178480505556,-0.00276610075197646,-0.00400102772208043,-0.00237833248070257,-0.00331892776944204,-0.0042825891536848,-0.00375269656564755,-0.00319325625932359,-0.000790283767219562,-0.00195007673399419,-0.00296736986456209,-0.00287502857909029,-0.00520528358228056,-0.01167628060115,-0.0101489032222842
"388.801",0,0,0,0,0,0,0,0,0,0,0,0,0,0,0,0,0,0,0,0,0,0,0,-0.12469339758502,-0.0539211103691816,-0.000754631134731764,-0.00094805451290609,6.58130894868108e-05,0.000423719509906827,-0.000209869679254329,0.000882259034378956,0.00524793453561884,0.00597630852627369,0.00145129941778723,-0.000410625649926486,-0.000903030165604548,-0.00196809518967622,-0.00115331672787512,-0.00178966240942627,-0.00155389012843121,-0.00209192663435254,-0.00391897632658944,-0.00181827301860998,-0.00333831866126086,-0.00209842858960681,-0.00355341937343677,-0.00168284875974371,-0.00187031432110083,-0.00213560008816704,-0.00844566283484292,-0.0101633224142085,-0.0157818417461796,-0.0328244914275581
"393.385",0,0,0,0,0,0,0,0,0,0,0,0,0,0,0,0,0,0,0,0,0,0,-0.103897997666125,-0.0679729520528673,-0.00121248190442484,-0.000946627716405611,-0.000449462171202004,-0.000308467980870278,9.67189901755839e-05,0.000189512172979845,0.0041356096993539,0.0067055655806993,0.00221129030170586,-0.000173333754302419,-0.00104285297358276,-0.00116506221539571,-0.00108050814491268,-0.00115924216524743,-0.001373118422813,-0.00244555047673441,-0.00277919917310405,-0.0025698056828379,-0.00331103551477451,-0.00273911859963375,-0.00388078650206453,-0.00139199880721863,-0.000924561460320993,-0.00290213178292411,-0.00289551535782582,-0.00633797586159519,-0.00349909556963974,-0.0194370405998324,-0.0344255036531594
"397.972",0,0,0,0,0,0,0,0,0,0,0,0,0,0,0,0,0,0,0,0,0,-0.0725617791580245,-0.0667752095463245,-0.0008974702871295,-0.000918319451085513,-0.000559001991208342,-0.000825442739004224,0.000386230156472119,-0.000549612120351962,0.00168654154544424,0.00596554039189592,0.00321366988632982,-0.000176868620272524,-0.000650558556698811,-0.000299900412082209,-0.00118526753684138,-0.000728639803081551,-0.000278772221483768,-0.00255688304652973,-0.00146833031361513,-0.00243963853138885,-0.00187798319946019,-0.00268015224659187,-0.00268074428386525,-0.00220386577285002,-0.00081711907590422,-0.00157894965894515,-0.00155666974797488,-0.00163149138574499,-0.00551503705513173,-0.00687332448284915,-0.01698498567938,-0.0132870523066338
"402.562",0,0,0,0,0,0,0,0,0,0,0,0,0,0,0,0,0,0,0,0,-0.121422101189611,-0.0750158369492694,-0.000988688572016783,0.000220772481095507,0.000642432998764641,-0.000263870259667246,5.13892518236051e-05,0.000288056726776396,0.00135784973896959,0.00470212658822849,0.00587251656607419,0.000735029220907991,-0.000370753207487401,0.000370116976674143,-0.000612316252977685,-0.000317770671288124,0.000296628401648111,-0.000875085193559264,-0.00137838384093868,-0.000553923046611893,-0.00100196002315784,-0.00146206420160199,-0.00243259468178649,-0.000892792301817359,-0.00158448856575156,-0.00196955800671409,-0.00297169418709944,0.000155260098853622,0.000308368607194778,-0.0024619056873727,0.00528098528922672,-0.00320707322602802,0.0248786878579385
"407.156",0,0,0,0,0,0,0,0,0,0,0,0,0,0,0,0,0,0,0,-0.138531168422172,-0.0935501071911773,-0.00137738873839357,0.000222749134401762,8.26423857346764e-05,-0.000169561869083436,-2.13461304744917e-06,-0.000254332405156368,0.00029794455732274,0.00364075812879359,0.0058782336925435,0.00150070629098358,-0.000378419517721953,0.000150753997850392,-0.000352482981515506,7.67957951163024e-05,-0.00013496477708647,-0.000307529215064604,-0.000990573528823426,-0.00135015518220881,-0.00138937563689865,-0.000943453883414378,-0.00215212987571595,-0.00201912270968171,-0.000680370129099242,-0.00144013513805587,-0.00183004621787116,-0.0012946864398058,0.000402244568379591,-0.00338382558296932,-0.00252438693093367,0.00191065957411736,-0.0170082262714749,-0.0277945005373575
"411.752",0,0,0,0,0,0,0,0,0,0,0,0,0,0,0,0,0,0,-0.132686544528729,-0.114794107442359,-0.00318088253946591,-0.000156281059463035,-0.000245788498371145,-0.000756609533898708,8.27388432030371e-05,0.000243669055007869,-0.000693447333393885,0.0022065749693404,0.00507998620397132,0.00203844897108384,-0.000185122158301651,-0.000481743270575336,0.000254508147677109,-0.000242400641984561,-0.000967548813577943,-0.000253244604582829,-0.00130813552901882,-0.00106076751278017,-0.00146884280231597,-0.00158352276624786,-0.00159185324886377,-0.00168889323416149,-0.00189036523625409,-0.0024450495479796,-0.00195408114475729,-0.000683254413723624,-0.00121564415422762,-0.00105077135996334,-0.00351300633867939,-0.00443786931278515,-0.00386879333427275,-0.0134988763005598,0.0120977738259211
"416.352",0,0,0,0,0,0,0,0,0,0,0,0,0,0,0,0,0,0,-0.133797027647695,-0.0051501141650171,-0.000669151593506364,-0.000142961037760914,0.000262054636912781,-0.000117738706361332,-0.000313692151458819,-0.000708063323470115,0.00103423470867286,0.00543055159538303,0.00304546846284388,-0.000223652350154261,-0.000541675086879579,-0.000203012368809724,0.000501617029363817,-0.000376134042076989,-0.000678883065226535,-0.00085552657578305,-0.000850888260309792,-0.00012210969143212,-0.00109366636046636,-0.00124482957080947,-0.00127142463992587,-0.0026607031445213,-0.00203607544971033,-0.00223907029959369,-0.00105063197140077,-0.000870161266342881,-0.00226671167547788,-0.00301465915659466,-0.00384727587141053,-0.00335467029828447,-0.00351588199181037,-0.0213408900188111,-0.0119400298275071
"420.954",0,0,0,0,0,0,0,0,0,0,0,0,0,0,0,0,0,-0.138500697709755,-0.00850280071286432,-0.000623152709900683,-0.000134145936236951,-0.000268495642116605,-0.000412475364893413,-0.000516158565346676,-3.05297963564873e-05,-6.70897332118161e-05,0.00402176542640716,0.00381793094883828,0.000190661353313543,0.000208963196295891,0.000150407805832898,-0.000198144071754735,-0.000324844426801258,-0.000547115038677879,-0.000555216473107011,-0.000509736937414163,-8.214359151469e-05,-0.000834270077727656,-0.000543072891742617,-0.000759385354805044,-0.000937036951822132,-0.0013072960770155,-0.00183650425676546,-0.00235094368731348,-0.00198817431582923,-0.00114310014115305,-0.00166108993970644,-0.00191332805380425,-0.00269417018346799,-0.00270388778615905,-0.00210748969253287,-0.00210541956878711,0.00890096897307206
"425.56",0,0,0,0,0,0,0,0,0,0,0,0,0,0,0,0,-0.136676022577666,-0.0119636694659486,-0.00128722471534003,-0.000539765436870926,-0.000333618844227862,-0.000709828399358395,-0.000869080927324686,-0.000190706850881178,-0.000163162349959494,0.00196778149713563,0.00308273458512676,0.000853869183248392,-0.000166551924257968,-0.00044130386016623,-9.14745427214167e-05,0.000170792652469483,-0.00037283980772397,-0.000124719117944361,-0.000405498933553736,-0.000312068607418301,-0.000277433187571786,-0.00117927974332534,-0.00118173506638027,-0.00121233083913881,-0.0011346003913935,-0.000938588774815111,-0.00139669922970412,-0.00227216006596876,-0.00108134758861806,-0.00236268474924973,-0.00136846736312502,-0.00139311914693567,-0.0023535071306501,-0.00151371831345911,-0.00272270289255733,-0.00473223800222126,0.000432881050299578
"430.168",0,0,0,0,0,0,0,0,0,0,0,0,0,0,0,-0.176014056574718,-0.0134892604557706,-0.000429048187850021,-2.77150110560335e-05,-0.00019489435642308,-3.41828523698945e-05,-5.63775270146969e-05,0.000184801183935886,-0.00037385512541077,0.00174749652072125,0.00378350777889746,0.00204884931240874,0.000213768737789777,-0.000385989674412216,-0.00021602320896968,-0.000354830254175075,0.000192947374844769,-8.23324732989285e-06,-0.000324288324327164,-0.00048381033716695,-0.000395618258250735,-0.000818057254717834,-0.000250654088511599,-0.000185549418341912,-0.00157721945238928,-0.00122310012411371,-0.000970103178797184,-0.000898384416797026,-0.00109099928436164,-0.00167122958639387,-0.000913142781716228,-0.00131003491227706,-0.000382302173808681,-0.00249496598564926,-0.0040478529768516,-0.00221386801441217,0.00445850955166364,-0.0274228351210712
"434.779",0,0,0,0,0,0,0,0,0,0,0,0,0,0,-0.271290263498513,-0.0186570906061466,-0.00100559410434985,-0.000724567460958071,-0.000533329205035888,-0.000551715380707311,-0.000306382342572406,-0.000344022206845163,-9.05794746381755e-05,0.00116412858997706,0.00272431601367363,0.00169732977548484,-0.000143866119819152,0.000346737395848596,-0.000198666619704541,-0.000288537283097452,-0.00043452809625252,4.68052166772816e-05,7.05643649970818e-05,-0.00028308099911519,-0.000397639121653028,-0.000284951567460043,-0.000134469828309673,-0.00077992908427398,-0.000780119708629276,-0.00150378060398806,-0.00103210195708579,-0.0017570586542991,-0.00151998660755067,-0.00110641276383416,-0.00111402920484686,-0.00130643495049865,-0.00180810850429144,-0.00280151954978099,-0.0033661267501166,-0.00221739380366121,-0.00165271268072376,-0.00961248941328391,-0.0264752032943922
"439.393",0,0,0,0,0,0,0,0,0,0,0,0,0,-0.254555215685027,-0.0282139345552537,-0.000230706998329385,-3.09028792050943e-05,-0.000108130384052647,0.000346779333692278,-0.000179408290447013,0.00026745548617588,-0.000509843802380655,0.000270406094384457,0.00202308709745904,0.00183796170245672,0.00118807751292493,0.000366640696954855,0.000591843018678369,0.000383328334160957,9.43924392101943e-05,-1.611817028391e-05,0.000490751751536213,0.000127057833890068,-9.96693212603137e-05,3.73564657207673e-05,-0.00037221367155879,-0.000216239846499927,-0.000697925477928638,-0.000351723565726004,-0.000883023039612756,-0.000109604665987962,-0.00077777595983182,-0.00173701380451402,-0.00108389847727886,-0.00016795625472411,-0.000200735307401658,-0.0012099869164105,-0.000922342136900314,-0.00111056141727482,0.00068129450531869,-0.00291876111125693,-0.00992262200721637,0.0287643780447465
"444.01",0,0,0,0,0,0,0,0,0,0,0,0,-0.158914292135581,-0.0335569490389362,-0.000807398295964842,-0.000305438200829808,-0.000233651377773649,-0.000183601799892305,0.000131647514090848,0.000731941675558045,-0.000181915370695533,0.000114262451420097,0.00142915155053166,0.00288348795035932,0.000856206540369164,4.04338887379516e-05,0.000281065529791834,-0.000124920084000303,0.000202830672574101,9.95769406748464e-05,-0.000188850100848658,0.000383589365621359,1.87419553310145e-05,-0.000222547300098116,-8.76192508647563e-05,-0.000154074719235487,0.000223312214056819,5.40652643787323e-05,0.000206388369508235,-0.000334303352980276,-0.000710116472679726,-0.000680175680342817,-0.000514496812104617,-0.00171596359855718,-0.000420346197325214,0.00086823033061243,-0.000178401917438285,0.001044229633515,-0.000956452693161041,0.000390608162780934,-0.00162275568545156,0.002035438821241,-0.0115840107131348
"448.63",0,0,0,0,0,0,0,0,0,0,0,-0.126230803522043,-0.0348821268005289,-0.000286048892690129,6.83925099338883e-05,0.0006240872021169,0.000564505003577383,0.000687768024945231,0.000480764490818494,9.70073037746633e-05,0.00107982999353988,0.00123215516471022,0.0027731741654687,0.00212886705387542,1.94115417372675e-05,0.00054673745115502,0.000914729317428316,0.000547387389430808,0.000976468240204602,0.000345790971614374,0.000193565911318476,0.000335606935266557,0.000746907404166285,0.000547122068051947,0.000594888390566918,0.000111586219961874,0.000681002693269408,0.0010191533669968,0.00013145957544645,0.000479313836734953,0.000109553735497915,0.000555217256779836,0.00016454611550957,7.13439765150166e-05,0.00139026255305333,0.00234142797455084,0.000710241074938428,0.00166739234994354,0.000641062722287447,0.00307747889931623,0.00335877673830804,0.014097524417271,0.0336332445420396
"453.253",0,0,0,0,0,0,0,0,0,0,-0.134937256098702,-0.0369807433619721,-0.000164012105836719,0.000597125996441676,0.000182832396598646,0.000343087053480143,0.000510626306109583,0.00038472575313541,0.000319305504194965,0.000581279149026333,0.00130449731136404,0.00263390564173647,0.00205207769651195,0.00113608289815888,0.00062654188539472,0.000637160120122535,0.000402056511219346,0.000510067393791574,0.000243862092921316,0.000291520314845291,0.000597160244740486,0.000159203661446427,0.000414262477289698,0.000397782484366683,0.000160846780156684,0.000461706357267611,0.000726190560418819,-2.61224012870836e-05,0.000179185282777652,0.000114439550090102,0.000253996838923484,0.000465052318769756,0.00045446480608435,0.00154961357829322,-7.21605592735063e-05,0.000927385204007467,-0.000313569426101156,0.000690299535065527,0.00297705616199949,0.00120572599775026,-0.000699981469957928,0.0134458285810407,0.0173467470766543
"457.878",0,0,0,0,0,0,0,0,0,-0.13490892536891,-0.0373624759864919,-0.00150167191570034,-0.000446927920112607,-0.000707463933769755,-0.00033655549400111,-0.000427164179186031,-0.000904667668304799,-6.37536145156278e-06,-0.000201762702570476,-0.000242205539861446,0.000848636884452523,0.00165122734204377,0.000266353077223575,-0.000357440938990547,0.00038222773176589,-0.000333924187004796,-0.000338834353666249,-0.000113861876220699,3.35751237371973e-06,-0.000185781958304633,-0.000241887606475147,-0.000236331382537652,-0.000222480992696824,-0.000107271856577055,-0.000383174629221138,-0.000553369817559528,-0.000571837325864832,-0.0010650437525881,-0.000965681543286503,-0.00484984396263456,-0.00121838707690192,-0.00102677610332254,-0.00100616004357453,-0.00169596262645202,-0.00137274796051967,-0.000723167278823875,-0.00118700992417032,-0.00142378597959303,-0.00309149286197671,-0.00133258511970374,-0.0044152598293573,-0.000632850083843307,-0.0385376778244783
"462.506",0,0,0,0,0,0,0,0,-0.087234804857764,-0.057280228245531,-0.00174915569919465,-0.000500898542874828,-0.000445241951688951,-0.000526814656224839,-0.000410877659615125,-0.000180207768876665,-0.000100745153180037,-0.000312819433358342,4.69929345961947e-05,5.48266292119794e-05,0.00157193937920138,0.000378539969417398,-0.000475478786801897,-0.000297544313698804,-0.000290780225805335,-0.000388824325034808,-0.000241309066387725,-0.000223283520324599,-1.21950490032547e-05,-0.000283599336045877,-0.000294501959966189,-0.000162878123787032,-0.00021304632625284,-0.000366523517537641,-0.000339503503852814,-0.000726990516946528,-0.000258052894130054,-0.00016913501926118,-0.000419857809263445,-0.00358341349734102,-0.00101999649463046,-0.00176815164524287,-0.00116262924636012,-0.00108228301837521,-0.000138797021107879,6.40800789850686e-05,-0.000903015516627248,-0.00129824282411565,-0.00155304093496488,-0.00175995835036253,-0.00446621842335764,-0.00127044615863217,-0.00236651594467551
"467.137",0,0,0,0,0,0,0,-0.0498782768862304,-0.0702052817309659,-0.00191754370830814,0.000476865423507466,0.000529974921780463,0.000499409832724141,0.000216270840114347,0.000594210332499029,3.85646298316015e-05,-2.05043734494819e-05,0.000366321446939877,0.000784662209657826,0.00266718346061831,0.000827712111494492,0.000785066461216623,0.0005993268366574,0.00036476642288636,0.000453350106794141,0.000322946405866179,-9.38140644952747e-06,0.00052901443021167,0.000489854922091031,0.000612761929997322,0.000378522661312896,0.000335305443252621,0.000384859850038007,0.000350892566608372,3.74678428964144e-05,0.000227439081305027,-0.000279457146249836,0.000780498707956752,0.000337526153815167,0.000425229207563636,0.000328193167353605,0.000134421235134369,2.20835381023272e-05,-0.00022488006948567,6.2636371458308e-05,0.000473772075912062,0.00062157873479606,0.00039205521053052,0.00182802787825767,-0.000867753120405701,0.00338992030246987,0.00448386870524866,0.0318707069029579
"471.771",0,0,0,0,0,0,-0.0978021377036724,-0.0694799824817823,-0.00267445996956064,2.36873027899191e-05,-0.000172831882940151,0.000316617013766648,0.000131828513902948,-0.000162403397164336,-0.000259552782952532,7.31497747630253e-05,-0.000128313278855046,0.000234865738706949,0.00161798948058738,0.00126133981065042,-0.00013072973190029,0.000307882050126397,0.000521888576052015,-5.65735550970438e-05,-0.000139775371893239,0.000180188300777368,0.00044835726115442,-8.56994674205888e-05,1.22064074480045e-05,3.40873648166099e-05,0.000397510476529324,4.33693625174999e-05,-2.74274308689905e-05,8.3899276329784e-05,0.000107673231641733,-6.14392872009101e-05,-0.000556764091036548,-0.000562955811217943,-0.000263069454563569,-0.000121776936269652,-0.000470083438111788,0.000386755300084044,-6.01414099626875e-05,0.000203965102948114,-0.000878085310154684,6.80105246897292e-05,-6.98010924202201e-05,-0.00149225792866062,-0.000596842821273822,-0.00187444838700223,8.04842905744521e-05,0.00302193146543094,0.0245832132354028
"476.407",0,0,0,0,0,-0.127293267785855,-0.0650541365230754,-0.00314804333979935,-0.000629660662945261,-0.000545135019051984,-0.000697587471639183,-0.000438897193798057,-0.000474266431997607,-0.000350695295277676,-0.000170762929672855,-0.000670457162052347,-0.000588597416129694,8.86794687289007e-05,0.000385605951956216,0.000151802562456817,-0.000285458815808671,-0.000755865016614978,-0.00086201990193509,-0.000579201235658104,-0.000638798870889835,-0.000393539204867139,-0.000984664779467652,-0.000301970396059794,-0.00051465520718743,-0.000341969319753147,-0.000110243982226844,-0.000110707257757606,-0.000435630836939641,-0.00065303523285825,-0.000490914786642514,-0.00026827273558283,-0.000403505834701953,-0.000797391644925908,-0.00067933063112345,-0.000734635283201291,-0.00154886600973547,-0.000969928876129802,-0.00109729767886537,-0.00169854202417847,-0.00110684161520998,-0.00140199829717355,-0.00346407785561507,-0.00225066976138211,-0.0032777144027433,-0.00200318464623701,-0.00805368450678833,-0.0117350995919059,-0.00603025511448704
"481.047",0,0,0,0,0,-0.08046639283534,-0.00371583397800193,-0.000318879485091421,-0.000532504027603005,-0.000140029829255455,0.000225497876058817,-0.000230188703870241,8.21681661964163e-05,-0.00059196849651124,-0.000460917129596042,-0.000427203000994218,0.000510986999713363,0.000741164585774994,0.000536285461668402,-0.000279246969336998,-9.32253414258914e-05,-0.000257676965952095,7.49047091319469e-05,-0.000269522091505929,-8.54493944952145e-06,-0.000196199885288695,-0.000360264640636052,-0.000301371537282959,-0.00047517694598175,-0.000529530940206191,-0.000290707563449915,-0.000141664659252091,0.00011770390497279,-0.00043551943179169,-0.000885784208599104,-0.000375686653509581,-0.000540633746634569,-0.000357950485920295,-0.000981430530192438,-2.33688340152783e-05,-0.000269435539795349,-0.000660240902338317,-0.00167590703791628,-0.00152026808693108,-0.00128896029545022,-0.00111628986238624,1.59523308395854e-05,-0.00155139897150432,-0.00151236893542818,-0.00255614686174823,-0.0018403225799938,-0.00601648409455037,0.0521024127385942
"485.688",0,0,0,0,-0.0803530229218764,-0.00652796167384242,-5.90464514566343e-05,-0.00010911853314033,-0.000409997578420744,-8.42817173625449e-05,-0.000374688541732614,-0.000711740604771407,-0.000262589423399234,-0.000224432856398975,-0.000346405306922226,-0.00034946672417464,0.000571241862315209,0.000789782546340167,-0.000416759220712588,4.18963379835928e-05,-0.000412597887178717,-0.000134747090796955,-0.000202783220214954,-2.20694569990195e-05,-0.000369438822975724,-0.000444661495300456,-0.000345686530237192,-0.000361198007571825,-8.54857269440055e-05,-0.000195241772393797,5.60767427507396e-05,-0.000231234114257752,-0.00043846547256126,-0.000118849601362594,-0.000423374505282097,5.96051981273192e-06,-0.000432002152326116,-0.000328710644797938,-0.000731914452617754,-0.000949248862544699,-0.000724961263007535,-0.000756024450836881,-0.000917504256237037,-0.000422479643055811,-0.0019033748323875,-5.03363683835176e-05,-0.00136295882419864,-0.00251648700411995,-0.000280718820325424,-0.00215438200287363,0.000745553327581888,0.0044315806210037,0.0343213733807524
"490.333",0,0,0,-0.0774407939218039,-0.00654394868673666,-0.000175903596249971,-0.000118260293061639,-0.000445570861880714,-0.000186669828742329,0.000103580328957478,-9.06146431496733e-05,-0.00043589380717308,-0.000136949631592956,-0.000164126766722282,-5.68743045066412e-05,0.000295000903261183,0.000706578835321915,-0.00040359683502586,5.98197789911537e-05,-9.94533258809536e-05,-0.000139991367485032,0.000263453773855803,-0.000193786273675829,-0.000294671519937021,0.00029816558249798,0.000306401567341374,-0.0002834259912589,0.000103137630330193,0.000140654064062865,-0.000240740225069206,-0.000182257217015109,2.22766882165343e-06,-1.71551860794242e-05,-0.000162199376621061,-0.000140033577392336,-0.000824390312627377,-0.000256780433331222,-0.000226260035469801,-0.000160679558718752,0.000127629707611935,-0.000144443689463901,-0.000463376739692805,-0.000163384859709273,-0.000541019337803849,-0.000219822187371085,0.000851626045293179,0.00092323729290516,-0.00120735033971482,-0.000685432071855135,-0.00188041439781959,-0.00260741493820549,0.0385564795850277,-0.00163127267829211
"494.979",0,0,-0.0832943771671907,-0.00885185331920559,2.69575451895361e-05,6.62553087607522e-05,-0.000156721472857252,6.70977033871343e-05,-0.00021174347884578,-0.00010073109646293,6.30494095167718e-05,-0.000101692986151629,0.000115114240182419,0.000321607980754215,-0.000111765959160525,0.000871957134659169,0.000432061646363648,0.000282363900722246,0.000134157865146514,2.42377278587314e-05,4.28889911836506e-05,-0.000267300775003353,7.52824376208955e-05,-0.000297963414886656,0.000489679448365036,7.2587468898749e-06,-0.00018695598602379,-0.00036395733411452,2.73396813522264e-05,-7.98680052636933e-05,-4.60955917899577e-05,2.64676090991807e-05,-9.916962353535e-05,-0.000326692460844724,0.000186688083020953,0.000347834121981566,0.000136012557937679,-0.000125962707037475,-0.000827253248670795,-0.000351977014771581,-0.000568994581930593,-0.000528642317325524,0.00041204616204857,0.00023805308603974,-0.000439964434356858,-0.000546485892596654,0.00057311795820916,-0.001010950598623,0.00203332826991215,0.00277332795310988,0.00873742179042118,0.0168990690837673,0.0243558842829556
"499.629",0,-0.0629030709285173,-0.00811229921342545,0.000294721146880357,-3.0568432108875e-05,-0.000216823364080761,1.32998008043869e-05,-2.02954394168699e-05,0.000233992528500204,-3.714183699068e-05,0.00019054913922206,-0.000152552814746216,0.000384302273492558,8.32347347048579e-05,0.000624932270099497,0.000330360851272474,0.000354559000757088,0.000347286467251934,0.000100111505985115,0.000723026006946953,0.00014399851870641,0.000215962887701152,4.12401189538204e-05,-3.58314972977781e-05,0.000470249680716667,0.0003716588746095,0.00028374058501534,0.000570903541593697,-0.000374024826218725,0.000239234505070768,0.000443857375985429,-5.32684784434193e-05,0.000127179307996553,9.67830870237839e-05,0.000236415891253614,7.3085753353224e-05,-0.000295367071463975,-7.8677811640228e-05,0.000353087039809927,0.00043494067231027,-0.000430048655184567,0.00020377484690631,-0.000297129828770089,-0.000634398142915894,0.000156417883119535,-0.000199528479345532,-0.000273513850012383,-0.000576546162110504,0.000362101571894121,0.00132548002023926,0.0329658886897171,0.0109842606827231,0.0215853276046793
"504.281",-0.0981531545522447,-0.0105743256544147,-0.000170981379950816,0.000118802879963438,-0.000447478453450073,-0.000346334361234823,7.92422761321482e-06,-0.000202051300190756,-0.000147500275410541,-0.000126063931016905,-0.000242991240698606,-0.000150710691953803,0.000139992168530943,-9.62494231273956e-05,0.000191184826116499,1.5436867654272e-05,-0.000324673164741229,-0.000102099638521695,-0.000637263984531816,-9.64911340341267e-05,-0.000521049680483521,-0.000506511825514631,-0.000123051538730548,-0.000398622183160022,-0.000450456884186025,-0.000141969888770261,-0.000256538613889118,-0.000276943467101787,-0.000127093642320502,-0.000259305103277517,-0.00018742049273723,-0.00045746614554723,-0.00020595370171417,-0.000227149946177036,-0.000624629277108946,-0.00024278593375045,0.000136875988978844,-0.000293277953553502,-0.000959573094342763,-0.000825900912417783,-0.000991356076443946,-0.00100463274122918,-0.000674009233931292,-0.000692668976842658,-0.00120104784244951,-0.00211765498899557,-0.00177379170040858,-0.00343086041995006,-0.00377242170161541,0.0045094454944001,0.029328580448029,-0.00618720881101276,-0.01205820894951
"508.936",-0.0139921222982263,-5.18203028651585e-05,-0.000356706174330709,-0.000342021685751149,-0.000534994117747098,-0.000159765379540052,-0.000232300406529306,-0.000126845356959167,-0.000237641994058469,-0.000163993502547301,-0.00037668055108735,-0.000624568717664426,0.000256527426012891,0.000804520407181151,0.000444841963813314,-0.000351696227443991,-0.000496021197122317,-0.000654400200440805,-0.000197305957758202,2.79589728546147e-05,-0.000554364803332492,-0.000139173104449142,-2.73384786941985e-05,-0.000689086996918454,-0.000453161059926687,-0.000277933145929404,0.000137636712674243,-0.000109958947931733,-9.23517041090105e-05,3.17403318056937e-05,-0.000370073620116644,-0.000169783391731149,-0.000596699898971577,-0.000597966923610975,-0.000284385576099717,-0.000293888596530721,-0.000159031249423356,-0.000655768034998375,-0.000237463516148696,-9.86432595656496e-05,-0.000516601425540714,-0.000337199637981466,-0.000229322885637565,-0.000821285643350969,-0.00158769098658961,-0.000646638339842369,-0.000631865146008953,-0.00036012290884333,0.000267975435209568,0.0194338802986512,-0.00272003045716468,-0.0124568460098594,-0.0349034927361565
"513.593",0.000665414664745485,0.000792618458102757,0.000531372865530985,0.000745062865703059,0.000495537295167827,0.000483751322733342,0.000361494156045125,0.000114191788474473,0.000453355916097429,0.000561014790701233,0.000486221559302309,0.000363984172470058,0.000942846166463152,0.00121996273656776,0.000649385371320371,0.000671161741926186,0.000659584967455726,0.000400408393045504,0.000712411659927523,0.000708173478916439,0.000597419490219613,0.000535514983429064,0.00068838686266797,0.00087584357423421,0.000678153675664762,0.000992468870015636,0.000282231073634285,0.000789957248226919,0.000529197636683959,0.000879031539466394,0.000227736739680331,0.000278301958238814,0.000797379899237742,0.000644772537709712,0.000486836681039803,0.000717390174359924,0.000812926678567248,0.000923745376614321,0.000183533039593246,0.000983588834327274,0.00102014593950922,0.000649498042478575,0.000621177612524804,0.00135734172029434,0.000687921260695118,0.00231198598781637,0.000925904877280825,0.00154473338640192,0.00906305410059598,0.0300669545461618,0.00488183473068055,0.0109837431361658,0.025834549621826
"518.252",0.000490677283200887,-0.000261359840214491,-0.00015014190422108,0.000173790621026978,0.000304571917587692,1.36782209349273e-05,4.51676877761817e-05,-4.00050404687012e-05,3.35142758377602e-06,0.00027126742147668,0.000167665856678091,0.000324011753435777,0.000612959467095428,0.000352144568025204,-0.000291561009680605,-2.57211251214829e-05,-0.000350130909008674,0.000286804421402226,0.000452458131951397,5.47975240148323e-05,0.000302718732419251,-0.000325282657856398,-0.0004039449728242,0.000398998570567412,0.000103968586962077,-0.000319855821365967,-0.000191904818678659,8.79567082136825e-06,0.000135591679237908,0.00011138544613383,0.000198694192108169,0.000112020493089981,4.65506214495941e-05,-0.000151687755812427,0.000314409504508168,-0.000239056735540321,0.000444459430349886,-0.00016687727277788,-5.8540024644856e-05,-0.000453520073399654,-0.000222427752162859,0.000200882458321371,-0.000423751631478148,-0.00069348607108469,-0.000239425460307108,-0.000150614422418624,-0.000639999921769432,-0.00113030890154743,0.0158567195197064,0.010619049309333,-0.00216209969124962,-0.00134059974900798,-0.00524323787555713
"522.914",-0.000393211210225853,0.000456476156916849,0.000364032053695436,3.46246930216081e-05,-0.00029589631221967,0.000284291478746594,-0.000230271466780915,2.64817115165302e-06,-3.84425761756723e-05,-0.000101015135263733,0.000242365906812717,0.000456815518605111,0.000694484220587939,-0.000421204834744025,-2.93851481359013e-05,-0.000282261103399037,-1.59342418960692e-05,-0.00018405358378435,0.000321675254251933,-2.17737745798295e-05,-0.00017431090863236,-7.92641012220585e-05,-0.000350843750177049,0.000171671017520433,8.23395097394261e-05,-0.000297172633156418,-0.000450569852241948,0.000289298717788403,-0.000259780620745724,-0.00041673627895538,0.000299758563673745,-0.000192486962564662,-0.000147153315005299,0.000263587473461319,9.79246261446266e-05,0.000154844752296743,0.00054619203476337,0.000164056572317633,-0.000139654513522932,9.00361096669892e-05,1.43342982313842e-05,-5.31975624069802e-05,-0.00103987584396287,0.000108222369215611,-0.000312336812922399,-0.000195139527428691,0.000752576020803699,0.00506048341243791,0.0193213541755572,-0.00226617245019975,0.00055832121114911,0.0004809781526049,-0.00322309186551458
"527.579",0.000553528616872709,0.000144969547304163,0.000533370710650438,0.00030736684731451,-9.20088554796792e-05,0.000180803472931463,6.46763628145089e-05,0.000236282330352698,9.33223035883221e-05,8.01489941743042e-05,0.000454272426907446,0.000514308675689865,0.000438903392524466,0.000163183403541054,0.000219834386850482,7.55160320872109e-05,-0.000212584273570704,6.30449970711855e-05,-0.000124923271814394,-0.000148358932361211,-1.09147549331484e-05,0.000511257206039922,0.000296141854750731,0.000503512962847229,0.0002485842094371,0.000212733664143257,0.000290051253527617,0.000662092353180232,-6.46725704412043e-05,0.000115864631449568,2.00553237175617e-05,0.000304116120054125,0.000156104510303553,0.000284015379810289,0.000457438614806021,3.71486060965548e-05,0.000204196521526501,0.000124590273598401,-0.000223945128569358,-0.000166096125006157,0.000215663016011939,0.000732707795417569,0.00107909385855475,0.000220137755544611,0.000781055564056426,-0.000247680649302094,0.00081816274355195,0.0171105226776679,0.0119308768129192,0.00012316740846046,0.00626769032342894,0.00373152634243234,0.0115802160254386
"532.245",0.000454629780392688,0.000323589332916777,7.2440603001187e-05,1.13108470430231e-05,7.27219992798385e-05,5.40137169367774e-05,2.07000996804324e-05,0.0002489488058065,0.000111475845334761,0.000211483674309203,0.000779056396241845,0.00080917773241589,0.000310347977441434,0.000514972229604219,0.00045326931698981,0.000328425318612158,8.10416003965839e-06,0.000244954512103729,0.000101651640222084,0.00042218189127816,7.464072391739e-06,-0.000155714337259858,0.000330631766469333,0.000138295527437135,0.000218080129943998,0.00031082926564073,0.000223243403693678,0.000215583645199886,0.000103202097765818,9.44696143756895e-05,0.000243675577053584,0.000279538371453634,0.000250033102573275,-8.3642519536328e-05,-0.000172244702147029,-7.59349771511289e-05,-0.000121546743481758,0.000107700995206005,0.000304574752199996,0.000448312033963908,0.000172786223510296,0.000114152924629584,-7.04697999326132e-05,0.000796560666036005,-0.000324809935766139,0.00146391692062041,0.00365353725722657,0.023300633223546,-0.00551360825517502,0.00166476821957959,0.0003189880371764,0.00844351664496841,0.0399437517959018
"536.915",8.18995035298239e-05,0.000550646883983815,0.000160899464895997,0.000150552512866576,1.28910000595518e-05,3.54413639803868e-05,-0.000186733655061489,-1.5614261293998e-06,0.000373023868520949,0.00026003540937825,0.000215897811058741,-0.000341160661709771,-6.11767779093791e-05,-0.000211847461882339,0.000204024207911104,0.000626634252296867,0.000494448867830897,-0.000519906812368298,-0.000237978687027778,0.000104413460996699,0.000341773077794012,0.000152605635121277,0.000101571670383901,0.000498943150269574,3.04178300679083e-05,-0.000152535715620827,0.000196219744361781,0.000332554240504174,0.000535144881427931,0.000497311783818634,-4.65728448692641e-05,0.000355917391058855,2.93807877811817e-05,-0.000409813597762398,2.34888106328937e-05,0.000304909046709527,7.51440555969715e-05,0.000172829615691349,-0.000148174901067136,0.000132832920333481,-0.00069118269010726,0.000223669479127197,-0.00026660614632125,0.00033384465975135,0.000622007560993221,0.000124895899113167,0.00935771564398906,0.00823758133939201,-0.00393668690193156,-7.35675388017004e-05,0.00517498970204953,0.00540129078693084,0.00777316882631306
"541.586",0.000555364518839406,0.000544403902438891,-2.89110311965985e-05,0.000129550326892841,0.000296621394279242,5.83236817519375e-05,-8.00212275803048e-06,3.39356688134957e-05,0.000344699014981682,0.000475529434005995,-0.00011980885498701,8.88767211983537e-05,0.00073521755688638,8.23552745352827e-05,0.000336283901187213,5.72212350836253e-05,0.000547541903393137,0.000444900880150339,5.39456519796856e-05,0.0004380756962449,-0.00025051478823285,0.000559772320308847,0.000104980214968965,0.000530745629168606,0.0004847741693103,1.46877668109049e-05,6.7938366029532e-05,0.000219753466749032,2.39670346206867e-05,0.000313025338681661,0.000186431997593385,0.000625004718915482,0.000133659464862266,-0.000109208651543531,-0.000198781733552478,0.000645495181682105,0.000256340414060994,0.000211281119714799,0.000265834764372169,0.000124306996533102,0.00056578337596666,0.000409069965708496,-0.000229639333981821,0.000743401454504065,-0.0001624876033117,0.00142619549074963,0.0140814162001481,0.00267064095104448,0.000718982653420904,0.00213229964482,0.000977246654557618,0.00797433514908069,0.0234622227242448
"546.26",-0.000212481545654844,1.5634337747488e-05,1.3073669768e-05,-0.000352211380887683,-0.000366167598596157,-0.00019795085730314,-0.000113658998371947,-0.000161834547481552,0.000190174873143949,-9.70976786958599e-05,-0.000178144024671143,-2.71071785725132e-05,0.000153192166049479,9.05586297298305e-05,8.03863744737874e-05,0.000217192085016908,-3.20175044139737e-05,-8.99011501560544e-05,-0.000189001924614626,-0.000124133466008067,-0.000246725286308641,0.000506381200763747,0.000190216012559748,-0.00018053336071834,0.000238488225463033,-8.15179256126727e-05,-0.000347529349004726,-4.90301759469389e-05,0.000158445179020501,-0.000287201128613694,-0.000346767034738291,0.000122878712033936,0.000147259989140255,5.21757288916122e-05,-5.17881740988496e-05,0.0001259290292356,-0.000673227085431199,0.000198012658807892,0.000388992221242713,0.000257839769083303,-0.000141276539093921,-0.000587931649451038,-0.000374049495693783,-0.00132315405600204,8.81521959139818e-05,0.00641458753294684,0.0054254345936558,-0.00182990524798114,-0.000863461714658892,-0.00163914421767939,0.00312986603849894,0.00559568507008103,0.0120332523538579
"550.936",0.000226393310834267,0.000596534434241018,0.000404712775777754,0.000150131478313486,2.33382588778156e-05,5.60306632395427e-05,0.00015221299619423,0.000191329759142207,0.000163003682218294,-0.000106026022053979,-0.000200076529938102,0.000336784712925398,0.000502883954872981,0.000505996539136759,0.000105454483979543,0.00021573682682335,0.000242201361054111,-0.0001224940778349,0.000361361916379312,0.000830316475635805,0.000367018008349785,0.000425910294414495,-1.55827277145918e-05,0.000194782625102764,-3.78124575649901e-05,0.000117637656178957,0.000111557172545542,0.000483783376916653,-0.000301957166443061,0.000143285913217965,0.000406450386813792,0.000301623084704648,9.72672746659883e-05,2.36903147981072e-05,0.000434671656014475,0.000381998345010772,0.000356632583509016,0.000945868467066943,0.000657358364807446,0.00051180428208629,0.000305284263034601,0.000585469966966493,-0.00010893863362669,0.000686119186455981,0.00157045660548265,0.0082929823297678,-0.00100180755119997,2.8088115484522e-05,0.000402720063356163,0.00469464006648124,0.0123336103291318,0.00785706120028802,0.0308147456167899
"555.615",-0.000498660160892555,-0.000406166944084205,-4.53533160295702e-05,-0.000393935276581408,-0.00043947581400894,-4.82535371733399e-05,1.23101179922425e-05,0.000303406263292427,1.83565201828861e-05,-0.000353045385904596,0.000156346845794478,-0.000580645752085029,-0.000162359544293714,-0.000294550585062984,-0.00015610194949583,-0.000132389949958267,8.64279392886222e-05,-0.000344744604999921,-0.000496503118524687,-0.000144509618348113,-0.000310645525492037,-7.14391157035558e-05,-7.63098515234442e-07,0.000155426281008008,0.000105750025964851,-3.04204378381928e-05,-0.000311624278164174,-0.000132407755501745,-0.000357066960369903,5.98757821340467e-06,-5.89013091720473e-05,-0.000252722900121725,-0.000384224163787912,-0.000193782088816773,-3.1803488563092e-05,-8.09330201168018e-05,0.000114057701779919,-0.000285614727790966,0.000126016394050607,-0.000257456678929556,-0.000446434056816701,-0.000501718416156735,-0.000358410395684741,-0.00121108447321354,0.00332537044258875,0.0022337412495711,-0.00341183670943739,0.000884788918602569,0.00229914763649282,0.00086939580467196,-0.00107344720647846,0.000820946157539261,-0.00772405036267298
"560.296",0.000120995261209367,-0.000324151896876823,1.15762172243168e-05,-0.00022441290617488,8.54236173799774e-05,-7.53075601892072e-05,0.000416650741100072,0.000202392723084924,4.40340746533409e-06,0.000336912704880481,-2.69710857310495e-07,-0.000302197502022714,7.38440742091169e-05,-0.000168493089592863,0.000113749583934483,3.81856008007295e-05,0.000387578898476534,0.000340120020676425,-0.00057759633473076,-0.00026662251904661,0.000428902425803322,3.79076800978469e-05,-0.000246837229950227,-0.000235717031417496,-0.000144152233520189,0.000569918985426581,-0.000137143510308424,-0.000203789869163648,-0.000228028400978121,-4.19786865397258e-05,8.66700165571213e-05,0.000144772796318583,-0.000310651404780817,0.000150831070146231,-0.000242709008203219,0.000157041271938603,0.000265069083753245,0.00027892211275188,0.000201750199996624,0.000409508617798991,-0.000414580946502244,0.00049808823513174,-0.000560520304514879,0.000755986499398309,0.00641720671950508,-0.00398310307675895,-0.00100362465495355,0.00131541382074159,0.000437003934839208,0.00284679572491764,-0.000198670992523284,-0.00257260300167948,-0.00138988219331378
"564.979",-0.000625845606540446,-0.000171706290010655,-0.000197510850082424,0.000462420626560442,-0.000202050721731257,-2.48410957723382e-05,-3.98676100837715e-05,-0.000306872574199431,-6.16104190336874e-05,-0.00019861527745648,-0.000231142694604724,-0.000443185698104081,-0.000359917499444107,-0.000390660259647736,-0.000339947350627169,0.000321540581990422,0.000165777444489196,-0.000416191108511734,-0.000255014975036605,-1.97917051007828e-05,0.000247883607154194,-0.000288032967750882,-0.000217102993515895,1.76083734291139e-05,-0.000509879869483347,-1.05916662964386e-05,-0.000512201036193005,-4.78276717924154e-05,-0.000108446858380082,2.3472088688029e-05,-0.000420936519974134,-0.000497452896153572,-0.000364155526753551,0.000259012393079722,-0.000207201397116701,-0.000326591962599786,9.99198249163847e-05,-0.000165181107277854,-0.000173546374526761,-0.000396299018610801,-0.00064029366161583,-0.000766689052443752,-0.0010815653259707,0.00207200954234905,0.000222216868435737,-0.00387094795431576,-0.000692651545580953,0.000743742241360017,0.00140662288588577,0.00462109621333053,0.00041350365298006,-0.00479294020945108,-0.0151424992962656
"569.664",5.21320524563085e-05,8.84295925689883e-06,2.42454590436984e-05,0.000172909034145538,0.000378307891283953,-6.70437216300423e-05,-1.77249862097655e-05,0.000201833053461706,4.79754118217619e-05,-6.99390016448948e-06,0.000284469477634789,0.000413869890745846,0.000321049028953127,0.000227254981843251,1.4839809584412e-05,-0.000272606153272665,0.000294513996913586,8.38774526383469e-05,5.3734095133086e-05,0.000437008317539443,0.000920147451322565,0.000107241069168605,0.00036954921785012,0.000119700150918155,0.00036475693382399,0.000474428393156542,-2.25058507273857e-05,0.000195336501168161,-0.000135540013443651,0.000418251526757876,0.000363293126761296,0.000720654061936997,0.000455836547793414,0.000309680799908282,9.51875360498986e-05,-8.80694079565846e-05,0.000164364253438804,0.000752753312760344,0.000434467943114445,0.00059336164558763,0.000835439496846866,0.0010906209733841,0.000537853780361451,0.00430118547474867,-0.00237795175230336,0.000387112435077191,0.000123215824684712,-0.00010085709175398,0.00729146592973842,0.00400069163347642,0.00413547285340447,0.00891295879699414,0.028741404925756
"574.351",-0.000695399705123292,-0.000642005880790419,-0.000670117082615542,-0.000551852937123569,-0.000510947012290773,-6.22600556096841e-05,-0.000244923719282186,-0.000307951420808707,-0.000374080658656825,-0.000593378514390997,-0.000298640331427898,0.000132077699792637,-0.000292023061853013,-0.000158289880829852,-0.000336117123146798,-0.00038220799362069,-0.000666512767717662,-0.000650846721774514,-0.000678263579039305,-8.70853654107367e-05,0.000106871962971564,-0.000848767644966151,-0.00083239863251009,-0.000862873902976045,-0.000424341428153137,-0.000316334192223311,-0.000543650581851611,-0.000475588671987562,-0.000609967926222792,-0.000385241368441339,-0.000653242661598476,-0.000300380847467475,-0.000428674222845304,-0.000400273626311935,-0.000563563087168051,-0.00047879914572965,-0.000287415163727132,-0.00038897344641635,-0.00082504431144353,-0.000562837778531449,-0.000694589353218689,-0.00138506704705593,0.000535411886514608,-0.00247684980869223,-0.00403617409169309,-0.000683544411538596,-0.0012758072602379,0.000628778629706653,0.00425895018695407,-0.00235684952297683,-0.00582718298724186,-0.00619469424375282,-0.0398634334095661
"579.04",-0.000924704791897018,-0.000229705233028889,-0.000233423000376195,3.75004513780107e-05,-0.000170990509545168,-0.000454416945157511,-0.000347675675682023,-0.000310151623363367,-0.00030631351059836,-0.00010113400733404,1.26209048801664e-05,-0.000203702729168952,-0.000664206838243161,-0.000289302510975036,-0.000108037928567139,-0.000584198196046581,-0.000462415540872193,-0.000281653517358624,-0.000319274398616166,-0.000582289899706489,-0.000255116013670419,-0.000700659324574963,-0.000586857455761059,-0.00036233107913607,-0.000801546964801063,-0.00089285151081826,0.000234521482259616,-0.000338462588983895,-0.000133318613414016,-0.000201198372480556,-0.000134999655790521,-0.000234732761021921,-0.000414049830013962,-0.000185945592881961,-0.000302524812969541,-0.000615461290434116,6.67808147816587e-05,-0.000827817220477153,-2.07481541707393e-05,-0.000400023620370539,-0.000740964762533266,-0.00042778490895691,-0.00158428424371809,-0.00594853159761015,-0.00113498146844472,-0.000662237077517387,-0.000867000196350497,0.000588094277912218,0.000148179777055727,-0.0028200620749779,-0.0051763018744541,-0.00361956140236817,-0.00916920286204056
"583.732",-2.28100122825945e-05,-0.000102439484511291,-0.00015664164447458,-4.50719435682321e-05,-0.000369101499768198,-0.000384191066980492,2.04717392944558e-05,-0.000381497832440137,-0.000241400259558532,-0.000144544441224421,-7.4099810775519e-05,-8.82555794759596e-05,-0.000332751141468792,-0.000146835368586156,-2.70710050387992e-06,0.000261165436483854,-0.000304282392989701,-0.000218090567850049,-0.000133264526018085,-0.000203250441725546,-0.000367659751607156,-0.000588968744702982,-0.00040663364173143,-0.000853146039904692,-0.000137883210962111,-0.000366164699676439,-0.000117200538427258,-0.000158212339322997,0.000319579933252001,-5.41339531158776e-05,-8.33460525132939e-06,-0.000238707156146136,1.1974021669748e-07,0.000502348777619386,-0.000399583875862816,-2.92035993262193e-05,-0.000425547134945371,-0.000344290592199364,-0.000245189013705194,-0.000899005128062047,-0.00038390168724152,-9.15974228986663e-06,-0.0056113168923199,-0.00386627332654504,0.000163911187422823,-0.00169691605078937,-0.000427201440038707,0.00224023798864603,0.00176849311506743,-0.00141697152491043,-0.00424382589825074,-0.0110660670982719,-0.0210596999922802
"588.426",0.000682045605952134,0.000633075465866802,0.000856778386299377,0.000603507890650521,0.000487350605454295,0.000560251488323861,0.000312764919024486,0.000404543780989142,0.000143850061976888,0.000318058108348187,0.000400230932034225,0.000379465497215414,0.000813336695031077,0.000677658420037874,0.000614764529184715,0.00053658924958604,0.00104245331045152,0.000405223968893739,0.000486473189456892,0.000320970136440893,0.000867653844572811,0.000444572511123467,0.000519151289889082,0.00075541249564059,0.000441774770837495,0.000710585569357474,0.000438995686060351,0.000513040126037115,0.00109509536731191,0.000848258834456546,0.000672823255280767,0.000659566280116006,0.000591388066419233,0.000989674307246834,0.00065627820235535,0.00067492118461848,0.00057295329202658,0.00144170978215865,0.00131320585967768,0.000652494771692379,0.000412019408397801,-0.00394230829172088,-0.00731387548448406,0.000264433311330055,-0.000445507987817351,0.00274605315973647,0.00338633124801627,0.0055461408374722,0.00146764082287265,0.00135246764492131,0.00727716293511745,0.0108197834856181,0.0296647504986582
"593.121",-0.000141930905606169,5.34409874947553e-05,-0.000375180433036785,-4.64950834600485e-06,0.000308163349006174,-0.000238427261286253,8.26530777158007e-05,-0.00011148883593474,-0.000228367416866015,3.55105907721385e-05,-5.45576565590408e-05,0.000253488268872543,-0.000368909457480103,-0.000481177390894623,0.000283377648477852,-0.000197196829198339,-0.000215632138522831,0.000198823497468793,-0.000344630765634742,-0.000252645336719058,0.000155263107083943,7.99830952861836e-05,-0.000282684118596207,-3.01337656532998e-05,-0.000514252407507003,0.000155126076738388,0.000573803634407105,-5.67688221348894e-05,-4.9492380412509e-05,7.09956205315374e-05,-0.000552508317941831,0.000129080803427728,-1.04165599093964e-05,-7.73777360141408e-05,-0.00041895705779402,0.000365382667982589,0.000182182475506562,0.000518699986167037,0.00047112811107317,-0.000358563748711297,-0.000464714435369122,-0.0103704301531197,-0.00464428909866807,-0.000201429405614573,-0.000153449144814221,0.000635267943487875,0.00414999789540712,0.000924574407692957,0.000124735525658016,-0.00245707745728035,0.00026345776005793,0.00418081295288807,0.00860181529054519
"597.819",0.000141959137708728,1.82244868506655e-05,0.000715865212182262,0.000501034882925302,0.000147556830049817,0.000380241790587186,-4.6247028273173e-05,-0.00010807806040332,-0.000198607065771824,-6.15888494688606e-05,-0.000176373588575543,0.00011865496278841,0.00010700080663451,-0.000157375265061161,-0.000112880995846743,-8.01974753005401e-05,0.000347153688344112,9.33973937685897e-05,-0.000174374563045349,0.000270945515476445,0.000375981594798606,0.000336587354628534,4.54621432666782e-05,0.000516369711039752,0.000195166518769005,0.000423876694911427,0.00030465842139523,0.000157719151509249,0.000324371568434811,0.00069614266546644,5.76533176378212e-05,0.000468260896460345,0.000140686612909528,0.000236511352411328,0.000199992847567064,0.00022832771708618,-2.28860513003205e-05,-0.000231247078424789,-0.000238516461735158,-0.000174564877825815,-0.00294866893039114,-0.0127463322187641,-0.000146323243897991,0.00110087577258158,0.000594852130714447,0.00168927274838285,0.00404766220157546,0.00316916669056222,-0.0016876511767804,-0.000749696900081002,-0.00341475649377047,0.00308469527006935,0.00996819303558561
"602.519",0.00078205092398117,0.000881842117579369,0.000305473500186202,0.00080868454483956,0.000328561749645696,0.00056766885449274,0.000399718105807557,0.000169065822647825,0.000272524623230496,0.000531199856701503,0.000318245470789893,0.000185222264925988,0.000466042828068237,0.000271868728824502,0.000447199032672599,0.000258874098683288,-0.000351235329525381,0.000272417241632656,0.000664666408042148,0.000835975227263308,0.0008046871981583,0.000367852360997052,0.000707350632257252,0.000749953542809352,0.000608765692430341,0.000477287383525364,0.00040697958949264,0.000564121808682704,0.000296793290809445,0.00046654903835548,0.000541276590228208,0.000352215585010652,0.000945173670130944,0.000615101508010123,0.000578059204278813,0.000295416043360661,0.000512883468620827,0.00043249836780446,0.000365236709324618,-0.000286800103973594,-0.00983689725597972,-0.00723537160164506,0.00059914384773747,0.000483371824273779,0.000212093843831156,0.00312279612429917,0.00275863782611539,0.000345222018301546,0.000271485761122243,0.00412897739511075,0.00695879680511616,0.000525119772817492,0.0124859153100497
"607.221",0.000325455253312874,0.000523414783913429,0.000342124950949876,0.000747810138208496,0.000550363983162089,0.00040742876534086,0.000486599925577049,0.000312402420712156,0.000412592901768536,0.00020327639770274,0.000864114243642814,0.000537262472715636,0.000690593187874611,0.000598757995588051,0.000395842270706419,0.000541734317801539,0.000149727831993954,0.000539925632838422,0.000944801989396408,0.000544761630671549,0.000823233711366022,0.000776216144589767,0.000645784526452681,0.00075918520799641,0.000567504153614502,0.000782357075817927,0.000631483284189002,4.77977755118928e-05,0.000469377661357983,0.000620344190063171,0.000647020985251049,0.000258778091614252,0.00056592741503911,0.000265679039455554,0.000842534780667239,0.000706791303515219,0.000487021921571608,0.00108926149560572,0.000817134212452559,-0.00430377767062948,-0.0145476751892905,0.000475409030314998,0.000867464150362056,0.000492050430824884,0.00296814128494656,0.00384409107141537,0.00259914325223955,0.00137936899973619,0.0028811079051988,0.00219469948508635,-0.000731144063456282,0.0182878128607623,0.0292379838370174
"611.924",0.000582298084327073,-5.40366741477801e-05,0.00042512485608914,0.000419635555458643,0.000551412934842774,0.000451713399076232,0.000587559730372076,2.30615359249382e-05,0.000241040616043143,0.000117641006197503,0.000172437746139732,0.000557135944765594,0.000307137910535735,0.000888645872214136,0.000462699804778917,0.000117510774506773,0.000187010102130467,0.00037641879008378,0.000311240608268008,0.00076582274961073,0.00103531466208806,0.00046248261516342,0.000614520070515691,0.000556837553888049,0.000298245947381991,0.000220541834434155,0.000753418336516102,0.000669632258335339,0.000809047942900749,0.000230019837975652,0.000328246548964265,0.000350998376413032,0.000102766966003408,2.39616565985443e-05,0.000748546238848458,0.000385989349323258,0.0003006066218046,0.000465307349518903,0.000360647481025197,-0.0107943585137959,-0.008118873876663,0.00048090902154924,0.000878527496393355,0.00063085794035032,0.00277744749338579,0.00393841006047344,0.00148757945710058,0.00177965651975804,0.00243776584494364,-0.00107087202191905,0.00700153234410908,0.0103637254719147,0.0081880502796651
"616.63",8.07502904456479e-05,0.000183648591777068,0.000339641955944708,0.000158714361803504,4.73430367183001e-05,-2.95664312224634e-05,-0.000203130430840995,3.43222516783164e-07,-1.65811809745519e-05,-0.000131543582443165,0.000253014738963271,0.000191496600908614,0.000185089262140083,-8.53982161945363e-05,3.26113932287597e-05,0.000235687297620326,-3.39941351001957e-05,0.000317916664302765,0.000228838986529675,-0.000114944103096189,-0.000250486864917765,0.000215950227601165,-2.43176295625617e-06,-0.000207895580883896,0.000331886280847604,0.000686669879897078,0.000206605533615737,0.000181391101120168,0.000319768945398224,0.000367519819308484,-2.75327550916678e-05,-0.000110625041269633,-0.000416869538900352,-6.36531111389539e-05,0.000133647803152406,0.000353970254945432,-0.000317476060739376,-6.2836916688851e-05,-0.00220564444416387,-0.0127530009952707,-0.00170121641634858,0.000901138469009499,0.000527148594937627,0.000554139273902057,0.00109556794260349,0.00113351018820336,0.000540698008401109,0.00211108445553336,-0.00017333191982839,0.00154774664323395,-0.00465832166506075,0.00105863866702178,0.00778172906417584
"621.338",6.57390805321024e-05,-6.74343502514656e-05,0.000236388655129289,0.000421673247109236,0.000107648670626706,-3.59495945075937e-05,0.000250634562361522,6.86248206119485e-05,0.00014253969398734,-1.74181358004342e-05,8.46215892597474e-05,-4.80628155391132e-05,0.000300918739053321,0.000583562282817841,-0.000124282791154175,3.48501875733406e-05,0.000174366503279321,0.000212131909163326,6.3113834816731e-05,-0.000222025111211064,0.000597446558834025,0.000167397596422614,-0.000275973316585177,0.000142868397549146,9.91688281683214e-05,-0.000227843551739988,-0.000137373931110394,0.000347252890080538,-5.02244435453333e-05,0.000453718295977798,0.000254139035786223,0.000192601698341662,-0.000222315224628238,0.000336768640376946,-0.000169571759366825,0.000336978353500554,-0.000166080613891625,-0.000213611079609846,-0.00557857282527272,-0.00731530173405501,-0.000252094291067523,-0.000103731359498751,0.000390681367135626,0.000337603108605691,0.00187752107978354,0.00164578462441958,-0.00221445129135294,-0.000584132567999914,0.0013883433054293,0.000894295231987471,-0.00281256742067975,0.00084366901171904,-0.00940636560210258
"626.047",-0.000517835690366875,-0.000673678312835237,0.000200803944152188,2.90398391546803e-05,-0.000687732661530115,-0.000169834001390805,-0.000233397678103168,2.02179837047412e-05,-6.57475103949092e-05,3.85666132347604e-05,-0.000264724193331485,-0.000217233613445651,-7.88461061712921e-06,-0.000336280245360451,-0.000435941961602678,2.66361456244509e-05,0.00042182743156255,-6.38547706522143e-05,0.000223880209212744,-0.000780088479394146,-0.000451644313362174,-1.84552703356003e-05,-4.73590529993188e-05,-0.000385253598413923,-4.68632581155053e-05,-1.75931878786056e-05,-0.000233483387296643,7.90117045127073e-05,0.000139391304660591,-0.00028970417591692,-0.00029094422918974,-0.000469159915266564,-0.000388514638124976,-0.000462388117634227,-0.000350672531380833,-0.000155733682099563,6.45648466027079e-05,-0.00058929689538208,-0.00997483699325458,-0.0021420184181653,1.78500956348636e-05,9.70419603609293e-06,-0.000353762731694327,7.4602344134778e-05,0.000785503433938938,0.0012060331758491,0.00195488174661782,0.00119837420613098,0.00127393673790449,0.000479863482221898,-0.00208479643992244,0.0012340849319494,0.0325254411913403
"630.758",7.19264345457684e-05,0.00027681723767362,-3.11129115059559e-05,-0.000468097070254696,0.000448736713434072,0.000391084015491033,-3.361001649706e-05,-1.51497087171061e-05,0.000311857416693818,0.000426673452802483,0.000151696476829754,-8.49635634141615e-05,0.000231724623080341,-6.23065860526718e-05,0.00037147653133423,0.000177259007016762,0.000506236766832568,0.000399888839409471,-6.17134448293244e-05,0.000509536822332777,0.000246754420376243,0.000102365174987709,5.77149258306952e-07,0.000127264778642524,0.000579552503560607,0.000197228222550324,0.00037919123415879,-0.000131205608457609,0.00028563552767564,0.000653578354802185,0.000273477432641285,0.000627097418394166,0.000188733333421756,0.000140220196535439,0.000387682010305228,0.000517446908337661,0.00104025121764652,-0.00289038297522582,-0.00658611393368813,4.66197017994646e-05,0.000805775935897096,0.00123186934072684,0.000864977464960389,0.00132139543980386,0.00251395912260697,0.00202429273354386,0.00110049524862729,0.000736282583941153,-0.00160126492061739,0.00449868509927072,0.00498065917132927,0.00556833912214526,-0.00791293180053286
"635.471",0.000441920671964367,0.000350944888928093,0.000153996327641186,3.27867097842776e-05,0.000453879734904574,0.000591577527634082,0.00052134688464209,0.00037568735594924,0.000353479347175944,0.000535805885367175,0.000508209008970494,0.000834828222253259,0.000182831615569105,0.0006360607614199,0.000433975491277247,0.000263038373247001,0.000322174703977075,0.000854864832156437,0.000455079434863882,0.000906147185821882,0.000710384115987824,0.000960954390223225,0.000476575133988471,5.1178017042238e-05,0.000442552035705911,0.000828689490562824,0.000558599560243688,0.000629783287185035,0.00081165676439387,0.000731035526697125,0.000562922884885244,0.000533896363896121,0.000789174881206466,0.000718462057354266,0.000110302311315265,0.000518278468136962,0.000152215671063476,-0.0045678166165998,-0.00109470495479906,-0.000103568565561934,0.000735064619185443,0.000808202902156264,0.0015896641982291,0.00180812063625047,0.00117596186409999,0.00102794768277039,0.00261740880115145,0.00143389465746781,0.00480342857879396,0.00515244162224233,0.00462970640402552,0.00145559853512534,0.0190533841205459
"640.186",0.000473531956717648,6.45005911728976e-05,-0.000110779418337032,0.0002473985497258,0.000121504977063322,0.000136956104443577,0.000141558707718107,0.000436526776388818,2.71390259675553e-07,0.000340218682461494,0.000390706117309993,0.000387419995423995,0.000190259307824446,-7.93851616594952e-05,-7.48327366038204e-06,-3.28079990455114e-05,-3.64320681806217e-05,-9.7617499113985e-07,-0.000238831327888706,1.01626478344522e-05,4.0633668776005e-05,-0.000455957139653354,0.000221856390880121,6.6714489101774e-05,7.33969713726469e-05,0.000189559416465341,-4.5348864970805e-05,-0.000106672510595727,-0.000124344189625291,0.000172429460103666,-0.000201228917110636,-3.67986792110431e-05,-0.000135338663406041,0.00025812004558376,-0.000152408750554339,0.000145893082089613,-0.00246247534678063,-0.00409594622922123,0.000112595904094257,0.00069818512272535,6.77233151416958e-05,0.000736533095964442,0.00105918686319464,0.00131596839386465,0.00072859661350556,-8.25554818086614e-05,-0.000123648717976663,-5.15213182369172e-05,0.00169789153642326,-0.00326467292211269,-0.00358048650421687,0.0029028809585749,-0.0072848802277301
"644.903",-0.00105550438603769,-0.000358492163611483,-0.000247883497726251,-0.000852040314820275,-0.000551330466761989,-0.000161457532426425,-3.42475425532354e-05,-0.000117027580582668,-0.000477233197823263,-7.90220949247237e-05,-0.000383958898756078,-0.000365665521215942,-0.000603750334528121,-0.000375231512484896,-0.000391180801038361,-0.000497715778141298,-0.000317508572231873,-0.000695443578813632,-0.000900654311757734,-0.000230315760443923,-0.000562804737441035,-0.000290024417418976,-0.000725292865438233,-0.00041674224110329,-0.000798937898704216,-0.000237509202481327,-0.000594109365437859,-0.000595050616961132,-0.000529451943881958,-0.000755263720673484,-0.000762293835546474,-0.000256323046873045,-0.000558200664293819,-0.000911819054705675,-0.000576336497665512,-0.00124480059119148,-0.00528616831301756,-0.00202753377512038,-0.000658424358469812,-0.00043815031657387,-0.000389768460815353,-0.00116680601044779,0.000830543001152003,-0.00117446565469134,-0.00134918274716673,-0.000989975235013281,-0.000516128400887113,-0.00287727550057724,-0.00137025851881926,-0.00447632617197556,-0.00929830677832778,-0.00605835826697956,-0.0198296984335259
"649.621",0.000483122104582609,0.000993598915749556,0.000496878061765595,0.000714994012944794,0.00102967738302313,0.00084674876106209,0.000492943895108195,0.000494042209313647,0.000501167182886144,0.000315338319920233,0.000641939587977667,0.000584753680840375,0.000901398258261452,0.000489086196739321,0.00061615778928497,0.000634262570837552,0.00127640389471089,0.000715323577216468,0.00116777535781448,0.0012192145561906,0.000896084587703118,0.000402797701609174,0.000432717817033517,6.00107396177347e-05,0.00112275030049919,0.00124880632463122,0.000702845943027762,0.000908702001288082,0.000849262124220654,0.000743281225000392,0.000805229898675261,0.000734973735795971,0.000373364892951859,0.0011017665588948,0.000725016659302499,-0.000676425223940569,-0.00288078370666722,0.0010665845567888,0.000803370438170396,0.00117140213917226,0.000730391370564977,0.0007463170870359,0.00292680907017244,0.000977914145904762,0.00121979385099111,0.000851445906910029,0.00204775520940403,0.00133677394327436,0.00278810460986531,0.00219690616277455,0.00595436539089112,0.0133804287776765,0.0169904579935494
"654.341",0.000312181317629149,0.000773661687994657,0.000233444975375146,0.000106431311156823,0.000248685686519207,6.04473599630173e-05,0.000159904500708838,1.51039060002146e-05,0.000163338078663307,0.000243554299984708,0.000293697271410291,0.000286005887059081,0.00060164513204982,0.00031945155480354,-2.83948395186874e-05,-0.000117612000336667,0.00041846125643453,2.80629046628278e-05,0.000257135428925694,0.000478662133750425,-0.00017031172971325,0.000304784784894315,0.000502778333358101,0.000294008758443443,0.000172856251824825,-8.27423141685808e-05,0.000305201348664107,0.000125948805911522,0.000395731281463741,5.74917258280317e-05,6.02086072857173e-05,-0.000236211956455296,3.05505395450031e-05,0.000468747929051088,-0.000319273160889349,-0.00370993540449192,-0.00181572891698263,0.000353495067133291,-0.000220146438364817,-1.17349259671161e-06,-0.000202351073430012,0.000377631169773221,0.000491282185158337,-0.000587597517703906,0.000665298585452976,0.000739266767400996,0.000473096261887606,0.000394166339721181,-0.000576655891508944,0.00459723797839406,0.000805121962463342,-0.00924546885725624,-0.0245213876864751
"659.063",0.000111086952712408,0.000396683271278441,-0.000313055778578611,0.000261491886491772,0.000361073806926699,0.000347121963711189,0.000220058676722891,-3.23624408204336e-05,-8.33149707615482e-05,0.000169116672589206,9.08005390413452e-05,0.000369636611583569,2.70674368954839e-05,-1.21182410345198e-05,-9.96553676091668e-06,0.000121337824595409,0.000186906570576039,0.000571482183177901,0.000345547245433388,0.000663362071271974,0.000347045484362431,-0.000322453865042338,0.000347783734780938,-0.000219264192380174,-0.000236680248690765,-0.000269281275566442,-0.000177245258367504,0.00049217212212198,0.000326423825264402,0.000464104720524034,0.000228145633009916,0.000379379317003976,-0.000208813490243888,-0.000188201080615576,-0.00223613687409934,-0.00326448978513905,-0.000228744737964022,0.000158989257156295,0.000483670166375181,2.69749599549088e-05,0.000610784109291877,0.00235689957151036,0.000410913992539058,-0.000121606912305645,0.000442103238370947,0.000277081136170387,-0.00103455333008723,-0.00124759790753058,0.000159217163509004,0.00145021100381291,0.00151429763718042,-0.00147164631990733,0.0155158570888366
"663.787",-6.84844625075914e-05,-0.00024695742495413,0.00066789267189655,0.00014875584529282,0.000323810486773522,1.91981250479054e-05,0.000175133619455822,-0.000101842000734125,8.22891161178751e-05,2.0110646305517e-05,-0.000141803106151862,6.67146889912659e-06,7.03757090158869e-06,-0.000340510074920203,5.83752155182546e-06,-0.000334825228956046,-0.000278298076378026,0.000188315182608167,-0.000256584102821361,-0.000282362098021664,-0.000473958875522092,-0.000471123087653316,-0.000389504390283315,-0.000241489726960173,0.000253842708050245,0.000195153481023999,3.52878385126065e-05,0.000337177630251986,-0.000392462260873433,-0.000527855850806889,-3.37114425590196e-05,-0.000194780300723519,0.000203160775829969,0.000173283188137765,-0.00391255604046405,-0.00262778355016436,0.00032921246849868,-0.00024100276566005,-0.000484097124275034,-0.000441929948068928,-4.93080932445055e-06,0.00064660941029036,-0.000112989350276309,-3.02671456724225e-05,0.00075879853444212,-0.000749659908041368,-0.000310458671328841,0.00119963372867109,0.000841775306864935,-0.00438791835920226,0.00452964247993359,0.00158903184308103,0.00684678328256839
"668.512",-0.000239690804891806,0.00024730717145242,0.00043125410837083,-1.48564162856301e-05,6.8569095838693e-05,-6.09173172052945e-05,4.0251974530689e-05,4.28611893527948e-06,5.34335387395674e-05,0.000314420341582891,-0.000407533880799011,-0.000176375552807682,3.55783153966912e-05,-1.43548414337695e-05,-6.81086230173765e-05,0.000181279213751304,-0.000137091149966823,-0.000427641770841747,-4.71307368455101e-05,0.000337875974639008,-0.000512385964643356,7.21021348180929e-05,0.000449122956184274,0.000168106360063363,0.000346370400528405,-0.000469476895532273,2.62896842365868e-05,0.000339769484521443,7.89176605766229e-06,0.00031424153637283,-0.000166059414563395,0.000190103818120634,-7.2197762916516e-05,-0.00232650175012632,-0.00471517450902222,-0.00061188781984942,0.000334760889966364,-0.0002426983887505,-0.000402265205822613,-0.000396500806190817,0.00064622044582795,-0.000138602231753413,0.000141057835101791,-0.000296501247247021,-0.000277734799441646,0.000250363865266094,-0.00135467257139229,-0.000181421740357922,-0.000925763232854649,-0.00311294695330368,-0.00156160029721821,-0.00112584385463069,0.0119843203016204
"673.238",-0.00108540300697193,8.49776795312112e-05,-0.00041657775093592,1.10198730940444e-05,-0.000577427625208705,-8.99445689313605e-05,0.000171166999898907,3.24144738023273e-05,0.000218565156979923,-0.000424102182968732,0.000242663088403946,-0.000260303091526201,0.000245417006129691,-7.68423126988087e-06,-0.000353941788751504,-0.000730338892251968,-0.000260681063289167,4.15223403051572e-05,-0.000189701712944752,0.000200262135047365,-0.000116286399171766,0.00017863813158387,-0.000229689525244207,-1.16859031892052e-05,0.000191486526876502,-0.000195445998402462,-0.000377433212180214,-9.44795426948162e-05,-0.000476151809779209,-0.000142752914754295,-0.000474955877070158,-0.000144592697061135,-0.000297063437986961,-0.00530976918390046,-0.002528244223449,-0.000572745005339479,-0.000668307243743844,-0.000319905816267353,-0.00077494193353807,-0.000246812126957158,0.000169397686257053,0.000391000510956014,-0.000271290992246706,-0.00137897703786607,-0.000585208755967123,-0.000892366608973909,-0.000580612191003076,-0.000268289253880061,-0.000305466199381778,-0.00332204399748726,-0.00260894223374529,-0.00332654427786518,-0.00159066834703259
"677.967",0.00055062185418411,0.000605774846804271,3.22444216531074e-05,0.000315376598526498,0.00042521775496547,0.000399156529242557,0.000482878820697044,0.000442937527413011,0.000612267651586594,5.68908658032035e-05,0.000458743979734732,0.000516529395804201,0.000199068334609517,0.000250444673778012,0.000208142311790289,-8.93482223591074e-05,-1.58356896501177e-05,-0.000223925911190949,0.000370698768124032,0.000622471395975756,0.00021650193608048,-0.000164001582190168,-8.60195470371873e-05,0.000144274384656329,0.000487514220942435,0.000621195305337792,-0.000132931373107749,-0.000115199726169648,0.000360237070898162,0.000212299354009511,0.000163182010921822,-7.28266464336593e-05,-0.00168348062642386,-0.00539647589896786,-0.000395770147108545,0.000181760728312496,0.000153208406085484,0.000410612754099066,0.000404274529187417,0.00103752683244211,0.00024511168041194,0.00071423561575846,0.000746657012235797,0.000579311225298315,0.000882951727766745,-0.000260225462934392,0.000135825552975438,0.000508568808399134,0.0013636857051169,0.00697771060786762,0.00379235440565978,0.0051203511220931,0.00616278930126509
"682.696",-0.000876670006330761,-0.000842354295855959,-0.000157998064166768,-0.00093084124412099,-0.000972072947928236,-0.000501754038997678,-0.000284274091301339,-0.00068967032313298,-0.000513391700903072,-0.00101370490925624,-0.00054458530157797,-0.000124291932595053,-0.00051217290606706,-0.00016691839075232,-0.00066175638517986,-0.000887844230877966,-0.000129624462529073,-0.000457327634182011,-0.000638903617206067,-0.00104674858983801,-0.000881467409071368,-0.000634642128341944,-0.000555738415889176,-0.0007118794712955,-0.000544380106630688,-0.000608688855690487,-0.000533137726148761,-0.000332641609936928,-0.000671584767895964,-5.53408039036915e-05,-0.000316578200703449,-0.000964672271244471,-0.00323425010001579,-0.00397173749582647,-0.00111420537074038,-0.00075552749321472,-0.000659611701432032,-0.000756281292478988,-0.00048022484563543,0.000277420859330429,-8.72096623114457e-05,-0.000652140604621297,-0.00181604120119529,-0.00141310537799275,-0.00198938714325337,-0.00260131820306534,-0.00140055676080881,-0.002475846849812,-0.00432710345791656,-0.00413395588022961,-0.00830580862939253,-0.000763631740706346,-0.0165083315635045
"687.428",-0.000319137021963017,-0.000596764566938625,-0.000368382784926563,-0.000762845875443056,-0.000538592732006732,-0.000450626876653776,-0.000266483793921992,-7.69783051082221e-05,-0.000348864494013218,-0.000309460906148983,-0.000137250232517231,-0.000172190136394807,-0.000269541753738529,-0.000370003862311349,-0.000357790154464797,3.79368688651698e-05,-0.000257563950122383,-0.000664938997165336,-0.000628851826290293,-0.000795591882605257,0.00766498306014426,-0.000785302831813663,-2.19501520189076e-05,-7.30575043824448e-05,-0.000460664798912194,-2.88658569450286e-05,-0.000490164402968179,-0.000289471589359528,-0.00069646350638313,-0.000404800266488762,-0.000500501852509224,-0.00132931405032961,-0.00553194873016578,-0.000665624341203585,-0.000361094621185944,-0.000628061904768722,-0.000682350634091968,-0.000781260444160659,0.000295718811049909,0.00013397099813086,-0.000354534700204684,-0.000531393548174504,-0.00106593515273441,-0.000610532504706535,-0.00138082992655784,-0.00156108882925671,-0.00169501537566213,-0.000340764702586723,-0.00375924377248214,-0.00183008194014604,-0.00267822151016691,-0.0184571765681848,-0.0205651843619409
"692.16",-2.56133362955135e-05,-0.000330011918246458,-0.00049832425225344,0.000160963253048508,-0.000551254880106063,-4.30138003431505e-05,-0.000371311382570651,-3.94918717686291e-05,-0.000263192257994153,-0.000328668816976416,-0.000354846778515765,0.000212032080527137,0.000485574740810896,-0.00127757322192482,-0.000247758187823087,0.000114989591690829,-0.00048833573732147,-0.000910475629257482,-0.000369883446640073,0.000228586559401418,-0.00072937577025863,-0.000337337075372734,-0.000762794134507815,-0.000990760742377564,-3.31178859226018e-05,-0.0006843078180469,-6.08501441085858e-05,-0.000396837910578753,-8.26776002935832e-05,-0.000270142296756077,-0.00090054381403636,-0.00278396102022185,-0.00352896258981796,-0.000467169965213146,-0.000282608232635034,-0.000519961030758293,-0.000699344824997438,-1.99977448163865e-05,0.000278574501956609,-0.000445310458669307,-0.00031003883834955,-0.000491917227967661,-0.000795142763274175,5.54957634821936e-05,-0.000171135940562516,-0.000671053272498299,-0.00200871765537191,0.000898638010380508,-0.00451504344572927,-0.000485893530631601,-0.00139996373011032,-0.0153549821769611,0.00326260753063393
"696.895",-0.000180913776080299,-0.000182029815307025,0.000395674351990831,-6.73936554841272e-05,-0.000356338541832551,0.000146458025159831,-0.000395599608283828,0.000105377689586658,3.08555555478817e-05,0.000203434768846447,-8.62206761244104e-05,0.00064401596183959,1.50296514282024e-05,4.77478362779123e-05,0.000266851741838654,0.000369070150932536,0.00037853314559946,-0.000160826563698583,1.73895003344109e-05,0.000605610576461732,0.000670896660915891,0.000283352731640418,-0.00038839721728234,0.000180157425913946,0.000641373673481978,-0.000330088096125171,0.000243510584063736,0.000428100284357461,0.000698051936337328,0.000464136785574691,0.000744848649049591,-0.00126777071837058,0.00217225209823084,0.0025622746552753,0.00248801847146791,0.00263517581952134,0.002912079244246,0.00265762898190183,0.00335377453848566,0.00347935524455973,0.00349170345227792,0.0034578071620391,0.00434328348764919,0.00555938908219804,0.00596584999613048,0.00535380297694929,0.00668591387525277,0.00954727513279549,0.0125206098835832,0.0184497686161613,0.0308949740733004,0.0493946448534228,0.102942884463679
"701.63",7.57519654814669e-06,0.000742035602560302,3.22616792930345e-05,0.000226324488418445,-1.84603645575636e-05,0.000140867030571745,-0.000202764199541661,-0.00011889048197404,0.000375053194747719,9.73678302092125e-05,-0.000262663783723398,0.000226252792138151,0.000153497074588547,7.9455120910839e-05,-7.73907934661905e-05,7.63926780837415e-05,-0.000414403400941857,-0.000178854116454426,0.000385490937972824,-0.000342660416392947,0.000499403890960708,0.000448856528914022,-0.000227468171335031,-0.000113003135893571,7.1238552597797e-05,5.08572741869475e-05,0.000402349432544435,-0.000121208903178486,0.00054440206055827,-0.000309257738467519,-0.00273170312524822,-0.00309466502535433,0.00017251583381412,0.000281119792404821,-0.000104793532845028,-7.77803828441364e-05,-0.0002913199105625,0.00070146863934456,0.000344906117245258,0.000307121077940807,-0.000144630534377208,-9.8902556728725e-05,-0.000354604530456127,0.000560132558889676,-0.000240577881219405,-0.000701623842621667,0.000795895412547061,-0.000238979135522958,0.00277450335518863,0.00362230143996332,0.00514170173923409,0.00263957227234339,0.0154622962085904
"706.367",-0.000203480404008475,0.000254286410929374,-0.000525327625552522,4.47837061676261e-05,-9.61698870056333e-05,6.88961249058108e-05,0.000197382411127595,4.02302270397709e-05,-0.000116790486541881,1.43498108727771e-05,-6.74906224375803e-05,0.000216254696657835,-0.000103483649068631,-0.000101462875238272,0.000275991739681292,-8.17042450583765e-06,6.15221132594765e-05,8.62800130757391e-05,0.000151961299990875,-0.000241051423897406,-0.000209768183315472,-0.000350095138484306,0.000187620839419549,-0.000548820958754488,2.99321390873155e-05,0.000310345281574561,3.62842189259756e-05,-0.000463220829005448,0.000239763976470799,-0.00174431170711743,-0.00386250231765195,-0.00129174689251651,-0.000422367548722881,0.000107473160230425,0.000386617834433937,0.000398904750806593,0.000418360610762181,0.000583837291440157,-9.64469860752744e-05,-0.00092730518221626,0.0003557433371033,-0.000499393272515727,-0.00142754375901941,-0.000494609437150811,-0.000364580586049831,0.000508812825288122,0.00155888668415538,-0.000143243320412545,-0.00128214908334518,-0.00260931650035057,-0.00232687626454952,-0.00934481178103589,1.60478984233354e-05
"711.106",0.000144276252092841,0.000813139030432263,0.000349137279349624,0.000187814293882456,0.000329292929359878,-0.000110393639909553,8.45636913030639e-05,0.000109593572227282,-8.5005130353045e-05,-0.000258541748959936,0.000249894637159555,-0.000211911294277474,-6.8694287896425e-05,-0.000124874475836465,-0.000559111986138683,-8.09544446845022e-05,3.89183182356265e-05,-9.03787036598089e-05,0.000113285921383857,-0.000469538738916814,9.39753870176217e-05,-5.07417499686839e-05,-0.000193420901434919,0.000427673699689371,0.000143805408118106,-0.000178464690069098,4.48906975110924e-05,-0.000332366624228494,-3.85840569974141e-06,-0.00354555342060291,-0.00249449048382851,0.000521565047227383,0.000195725536284807,7.67494526401582e-05,0.000400873820449205,3.03180912503247e-05,0.000538039879890739,0.00086959928461212,0.000499507534439645,-0.000457665322766161,-0.000177477884145224,0.000270692954470103,-0.000706746187096602,-0.000376543215750938,-0.00125687872220346,-0.0015614905128986,0.000936554103045458,-0.000113028734206175,0.000803264105168682,0.00183276367533988,-0.000672604361088706,-0.00352070246670957,0.0246801891463875
"715.845",-0.000551585445511621,-0.000183899224592208,8.07673699606882e-05,-0.000711557554058101,7.47154641166364e-05,-0.000490346619113862,0.000175916676984554,-0.000119155731500673,7.09372124003057e-05,-0.000330376811005119,3.19778634181e-05,-0.000387087003457546,-0.000873987452573998,-0.000261450114916699,-0.000241963936963497,0.000312408097232685,-0.000114685993248349,-4.53093098719653e-05,-6.11437250479273e-05,-9.63561427881099e-05,0.000160364540769408,-0.00111164475562347,7.84585557411726e-05,-0.000815065720150096,-0.000200105827882833,-9.16813573006455e-05,-0.00039636707730734,-0.000117579834934552,-0.0016417707372204,-0.00390684962515947,-0.00120584018606868,-1.77296739235932e-05,-0.000113879116308178,-0.000138965613916415,-2.72524872304033e-05,-0.000249373615120831,0.00041281995558418,0.00114343240673832,-0.000703141585828874,-0.00054963514776719,-0.000222483341973449,-0.000339169212450548,-0.000458925084666189,0.000359961376681979,-0.00141652626983841,-0.000626281403316696,-0.00108255908179613,-0.000797995675754225,-0.000579089698917178,-0.000218022589172846,-0.00849019249347421,0.00323524330242003,0.000948875394276471
"720.586",0.0010131435704555,0.000170201500359108,0.00842106620675872,0.00022947390477892,-4.99078325179832e-05,9.99840634930843e-05,0.000249162945781945,0.000311027702600461,6.56970968435257e-05,3.63224045144163e-05,0.000687159094376722,0.000269934035583499,0.000154239743754475,0.000212687599397564,0.000158643822283984,0.00057369706934956,0.000962588832984378,0.000628272256467527,0.0002888606546652,-0.000298418992560329,0.000696658320214656,-0.000248800161788671,0.00015349314914302,0.000260467341536437,9.70153831068112e-05,-0.000333106599826957,0.000400770078132437,-4.87376847741034e-05,-0.00257857565404527,-0.00337428139103933,0.000660856528146052,-3.45930591284538e-05,0.000176300777166696,0.000486171683309949,0.000146598043312114,4.64728286692701e-05,0.000516569018198977,0.000664726957822984,-0.000206991837044356,0.000508632117569621,-0.000412747218545468,-9.02740648783759e-05,0.000685333684192422,-5.0540353798741e-05,0.000393881587318205,0.00190433338087951,0.00330309421842458,0.00224978666446137,0.002918322687274,0.00336161479199339,0.00158622367935717,0.00256053635378047,0.0198988491650324
"725.329",-0.000181847365296547,-3.93357968098842e-05,-0.000312402915232141,-0.000569585679891762,-2.01673633459779e-06,-0.00044257252127882,-0.000211341557430258,-0.000316423724613137,-7.53444935607753e-06,-0.00053462166401729,-0.000344872827341427,-0.000643923163866641,-0.000805686198702129,-0.000542164486569982,-0.000460237692687375,-0.000685631335235914,-0.000913380560268754,-1.26362652893231e-05,-0.00065005465151567,-0.000620500757863283,-0.000983731880746639,-0.000471748606841486,-0.000624128241014572,-0.000466893301706694,-0.000233191948482789,-0.000356882455262007,0.000288016870212422,-0.00144134304794827,-0.00409563578314018,-0.00168389177358564,-0.000733535562007084,-0.00101899276912564,-0.000345801520970602,-0.000381523944133438,-0.000387977579500571,-0.000543400569519002,-0.000492507405417465,-0.000591743799544046,0.000200406590309616,-0.000554890157388018,-0.000371529361785472,-0.000255400759942999,-5.60675332045116e-05,-0.00177773143148447,-0.00150475617474252,-0.00097258509356868,-0.000571418456551761,-0.00186642577551908,-0.00111391158065876,0.000590523744445483,-0.000233372718372174,0.00218050471407805,-0.0242077027032833
"730.072",0.000359904254569679,0.0005526723790159,0.000471853283548185,0.000697842585604047,0.000315736501449906,0.000616954104014418,-0.000213250538061148,0.000413652706945283,0.000375521154421244,3.10179636751871e-05,0.00054663632043941,0.000371255028464272,0.00043103797429705,0.000768246740328788,0.000583668731957682,0.000310294295856401,0.000630240758822161,0.000312878254606408,0.000137791965202651,0.000193665458231778,0.00069750558695001,0.000472691607278396,0.000687243379488354,-3.57839699278891e-05,-2.26385738619831e-05,0.000170500095278354,0.00050218370116288,-0.00182268902947239,-0.0025738573372094,0.000627874189816133,0.000765264762061835,0.000182635072728713,0.000467091837653005,0.000187359814461482,0.000415692041507968,0.00036218230428004,0.000966962429476439,0.000671167632663559,0.0003664707379338,0.000232224972991006,0.000489598000049744,0.000888454607353527,0.000276100590379841,0.000935781211788137,0.000439407057702572,0.000947402467086666,0.00221565732902931,9.20082871600507e-05,0.00133455281514875,0.00387848236254228,-0.000347632345087459,0.00758341969663374,0.023467631347133
"734.817",-0.000105425062338692,0.000246641868459046,0.000294804758913881,0.000304149054860758,0.000326662056048761,-0.000470635716941816,-0.000233078791340636,-6.59189303096172e-05,8.80971499131637e-05,-0.000440158230036251,-0.000443273933839927,6.44287592368411e-05,-0.00017181228399669,-0.000156575418224567,-0.000575329827119829,-0.000253165854078733,-0.000259827575353418,-9.07669016654265e-05,-0.000261565283135892,0.000288715929607537,0.000143605546191683,-8.65933344907265e-05,-0.000353036177836538,0.000225576378502773,0.000130744592390166,-0.000241718341309444,-0.000476751815903053,-0.00441315311640459,-0.000687026540704699,-0.000793145198613161,0.000217050794167827,2.06602842253566e-05,-0.000347421197140236,0.000427976358049642,0.000181070041910295,0.000642301110251147,-0.000386850567345126,0.000184907276737353,-0.000340129056219092,-0.000290933275315425,-0.000281644468909716,-0.000845655645986256,-0.000335904977497078,-0.00130805375615952,-0.00139688727181226,-0.000804759609071901,-0.00028446916107285,-0.000808422801472514,-0.00258008231286755,0.00140550316649216,0.00465465856972444,-0.00481537420564809,-0.00867846524147916
"739.563",-0.000638125955043378,-0.000642825867311585,2.29074038938983e-06,-0.000548510574405279,-0.000529327315197805,-0.000477060018563693,5.49656714057304e-05,-0.000176348190611118,-0.000103575714255242,-0.000237810728523564,-0.000405300822316963,0.000366968665849865,0.000208313490623996,-4.4680813789136e-05,0.000607433173201519,-0.000926052062431689,4.28727283587943e-05,-0.000732183359880627,-0.000537781581632358,0.000226630180948696,-0.000102668971474875,-7.90321296766859e-07,0.000367001736501595,-0.00041529863611744,-0.000457031441586021,0.000158663480374064,-0.00263418981557445,-0.00344088638104493,-0.0001412768888492,-7.36493994517605e-05,7.04944457792134e-05,-0.000294323494633139,0.00037032359619296,-0.000336200261314511,-0.000100720618637219,-2.28337835594988e-05,-8.91023525670419e-05,-0.000449695627619436,-0.000246562294113371,-0.00145431307614478,-0.000584838910415422,0.000233585002148719,-0.000285286940434478,0.000322527334525004,0.000278125742972456,-0.00129764322576843,-0.00168413029775477,-0.000803734262602346,0.00113036221937718,-0.000530312819744144,0.00423705106966451,0.00814179568528027,0.000984335263708088
"744.31",0.000214241094030186,0.000466836460124402,-0.000238755585457976,0.00062983811219535,0.000683233787915695,-0.00027256513849038,0.000287818208593711,0.000438236664865311,0.000193208078729636,0.000464465665769354,1.81720540611882e-05,0.000317698501935197,-0.000100736354323347,0.000628074169073975,0.000217517453646955,0.000829461642080074,0.000251502092411168,0.00010370465131033,0.000546874621783875,0.000775027395862187,0.000540726905851298,1.06101232953365e-05,7.32298310245893e-05,6.08369993126154e-06,-3.83545459640678e-05,-9.51009234147482e-05,-0.0029806020477625,-0.00132782725908672,0.000347892942109191,0.00067705511184026,0.000294962977706407,0.000443275978204382,0.000164367097636231,0.000835370625495199,0.000111973249255457,0.000389805152442731,0.000919885578688231,0.000964404757057295,-8.91202048940986e-05,0.000188827960401188,0.000220413466928731,0.000441879688564385,0.000453983274686625,0.000863889005560719,0.000167746655879632,0.000314727044678468,-0.000699190513555598,0.00133810036194431,0.00043491117327797,0.00051842613450521,0.00249793809640859,0.0152229495684877,0.0313633007255047
"749.058",-4.74706264027968e-05,-0.00107753837321329,-0.000389315399719672,-0.000940870498117603,0.000327868106530152,-0.000205957909662124,-0.000484386427681776,-0.000462364795487104,-0.000538622125025772,-0.000488434765363693,-0.000269710832093036,-2.34734481035222e-05,-0.000496687449737675,-8.97892921420824e-05,-6.45469927332388e-05,-0.000524852022370993,-0.00105596078969762,-0.000198158032935193,-0.000527532574482586,-0.000478587768482368,-0.000644558079916348,-1.08338351042114e-05,0.000413878177354599,-0.000391537546650863,-0.00038872632454843,-0.00233299473460034,-0.00296315953527547,0.000326002395279898,0.000140606610865247,-0.000720340597244739,-0.00057414171900876,0.000248602981675753,-0.000232471627783762,-2.71506804329999e-05,-0.000142260792596668,1.20969424731164e-05,-0.00045055376091174,0.000645230400289649,-9.24161467532877e-05,-0.00120151170747801,0.000728001126980167,-2.0108509314438e-05,-2.062806978025e-05,0.000664299420364417,-0.000211535252047614,-0.000803408633936675,-0.000453906461839429,-0.00141159734315256,0.00110492371536409,-0.00143853938994877,0.00119606045006524,-0.00245690521036122,-0.0230135490927713
"753.808",0.00147883511778201,0.000233627153908218,0.0013281685482822,0.000612424150461923,0.000815121203308622,3.01122711849505e-06,0.000487855304944167,-8.91121017018684e-05,0.000156619151744992,0.0005797741149518,-1.69195872913082e-05,-2.18252138527177e-05,-0.000355576016553826,0.00040517780908845,0.000164475114412166,0.000546736379250746,-0.000476430255731455,0.000155541582350648,-0.00011645959058214,-0.000527576534138351,0.000821253153659642,0.000344557978967453,0.000141641033277874,0.000418217848294919,0.000188339828258541,-0.00297857704205999,-0.00100496075457642,-0.000111936926272101,0.0002267448865765,0.000346158802655307,0.000982540724956369,0.000480790148818749,-0.000498705839869535,0.000599115922047688,0.000881748348798337,0.000774496084407085,-0.000271741215914269,0.000343512843726169,0.000854449715646469,-6.10277298895377e-05,0.00112427182649437,0.000182013969386113,0.00147522808914435,0.000180020691591062,0.000589981968598947,-0.000212311895116921,6.51124733221928e-05,0.000890089206330842,0.00537227100525056,0.00211546894143494,0.00146956309728959,0.0080255303291695,0.00961300635418554
"758.558",0.000784730786708714,0.000232609206917605,0.000816479316314374,2.52383494884939e-06,0.000850645551550854,0.000383178365723225,0.000209835482982228,0.00033678859952541,0.000463559138838831,0.000184847048594398,0.000320782312896721,-5.55978517732626e-05,0.000723958235162523,0.000331547802037981,-0.000263191064188861,0.000877865077291099,8.00079989497435e-05,0.000425240619510714,0.00048097651817455,0.000548296867986153,7.29400239820947e-05,2.77503388512464e-05,0.000571731513593567,0.000248033216187761,-0.00182045475212101,-0.00382568308772701,5.64163971174716e-05,0.000323222796328587,0.000538069482913976,0.000107718993317164,0.000414504650069404,6.36140620391365e-05,0.000772767410970764,0.000887242729155909,0.000667587030624951,0.000734435815305562,0.000385100900350122,0.000276790826023652,0.000190665367825083,0.000554087769295657,0.000567897751806353,0.000125167179227692,4.59521767705446e-05,0.000369408508726384,8.9215026652339e-05,0.00108325829465653,0.0031517660095898,-0.0012830659473226,0.00426203634495527,0.00141101518657967,0.00448521260925795,0.0131015210890271,0.0336890990811193
"763.31",0.000398196792450435,3.21686882267456e-05,-0.00027635691029946,-0.000162686549051211,0.000498899122137744,2.94338930335132e-05,-8.39296486320327e-07,0.000165198846188189,3.57689526341317e-05,0.000414287107202211,7.70036075115831e-05,-0.000700755520914476,0.000213937510023427,-0.000277793244704849,0.000281042946123342,4.75980910322568e-05,-4.60888056499945e-05,0.0004454891808471,0.000696495197978913,0.000317819681445633,0.00011374526635418,-0.000707519203700926,-0.000483659378042302,-0.000873421080022297,-0.00400021398109016,-0.00198712073517435,9.11337691276996e-05,0.000711857711607718,0.000281962856020241,5.9549941705649e-05,-0.000117634491946716,-0.000137228788839938,-0.000167968297265997,-0.0001395613304963,9.27136840930824e-05,-0.00010472219524672,-0.000342005480077752,0.000227865558052007,-0.000358103691710312,0.000647873175965309,0.0003785888630457,-7.45757561034243e-05,-9.92052397526885e-05,0.000139699430720478,-0.000280167370654243,0.000814822430934824,0.000188535881417406,0.00232561261403021,0.00106615976563562,7.08066507499473e-05,0.00546809670475329,-0.000469308081341611,0.00222922731137412
"768.062",-0.000222595084758732,0.000774204569084029,0.000145146659855505,0.000548291223052109,0.000370565357089938,-0.000292362894563153,0.000110679182650971,-0.000308140075876066,0.000156442993002118,0.000200492599231198,0.000616402451925962,0.000456523169655693,7.09605136641196e-05,0.000233309453929162,0.000397162444734116,0.000313560270030913,-0.000298666156929437,1.02438998813227e-05,-0.000151862619951832,0.00073710586479543,-0.000304715237885755,0.000507124887902129,0.000250863339153332,-0.00177560875344761,-0.00385958831723654,-0.000302769922426978,0.000209786001446446,-0.000149911569653716,-0.000119930201589587,0.000297505437416529,0.000284312204050819,0.000118392357652681,0.000204293447801669,5.4245766155891e-05,-0.000792604968248478,0.000140506192876331,-0.000371556324710177,0.000713598913365953,0.00041708946826369,-0.000617549982141194,0.000289249831252846,0.000222522989209056,0.000241307976715132,-3.21701607114843e-05,0.000375878300641092,-0.00240541863562955,0.00131125314666128,-0.000444177446959152,-0.00261472641277586,0.00437897601019476,-0.00129331559218646,0.00845717050573776,-0.00109246154004099
"772.815",-0.00163885567651827,-0.000716351469332245,-0.000835527889476637,-0.000140369633757779,-0.000403944002709198,-0.000133083355607235,-8.49018206506845e-06,-0.000379772097892054,-0.000327727722597146,-0.000434651058714377,-0.00062960583799931,-0.000194039585017937,-0.000239185286377617,-4.42677601333489e-07,-5.53798084573086e-05,-0.00104787169436811,-0.000975237158981985,-0.000724337195732486,-0.000244009683495159,-0.000622682219392805,-0.00114769262033543,-0.000689931593529812,-0.00121942568137286,-0.00456810643071036,-0.00256763512864993,-0.000529331601161142,-0.000721266887788131,-0.000944187035271783,-0.000144966768443813,-4.57098108074919e-05,-0.000507045238190557,-0.000764239123268363,-0.000368835538570355,-0.000399040053319167,-0.000256085199360098,-0.000374873970000465,-2.63344071847897e-05,-8.57092108355867e-05,-0.000684077859551563,-0.000684286179697584,-0.000311419733757186,-0.000950257083145415,-0.00259534395791246,-0.000966140353383966,-0.00197826517257698,-0.00291895908387621,-0.00193299017592609,-0.00230244641273798,-0.00332584083060356,0.000134293717446174,-0.01103836459474,-0.0141660150673754,-0.00830284658192973
"777.57",0.000552029463360237,0.000598993033832799,0.000132538640130038,-0.000304249091199858,0.000223783771779861,0.000314082443313978,0.000206072067025702,0.000440844202572737,-9.9575918741145e-05,0.000361679553278494,7.45945459715158e-05,0.000384010427243575,0.00069340431096805,0.000344585324756715,0.000810543112510759,-2.45932057926613e-05,0.000435911800750846,0.000484242254010841,0.00118602731711276,0.000703330668180884,0.00108525738599408,-0.000268740047169561,-0.00158305386605649,-0.00426111998556058,-0.00012187175026371,0.000262085037836944,0.000441749916018247,0.000282625009010344,0.000428292869107214,0.000207411600573235,0.000319806230794166,2.28451105452266e-05,0.000841583832811484,-5.77999127418582e-05,7.81482181514955e-05,0.000799456544626491,0.000691169638027684,-0.000375516883042292,0.00133470400963181,0.000600689200915948,-0.000287005812391248,0.000205005041304769,0.000123616250195228,0.00134490363087066,0.00136041130381587,0.00273147931759589,0.00285247748979468,0.00471960190770172,-0.00134668963212551,0.00313162365072309,0.00156489529548819,0.00444521466939578,0.018814562066606
"782.325",0.000108770181424496,-0.000522489213474064,-0.000488077467073082,0.000210566281478244,-3.06492023156477e-05,-0.000354720795065867,4.74195648371046e-05,0.000116203332258923,-0.000393780488651337,7.17567869372813e-05,-0.000778556672806017,-0.000676664727716939,0.000159724222460139,-7.22096461097858e-05,-0.000284761642819275,6.09457175266818e-05,4.63471546998464e-05,-0.000621290246813133,-0.000259204343052077,-0.000737677600838577,8.70235609170835e-05,-0.000893995674995752,-0.00482192430028855,-0.0025338042835066,0.000278998843158195,-0.000853965116577383,-2.41854980842897e-05,6.8564213763262e-05,-0.000353104553710569,-0.0004610213217363,-0.000550632209111641,-0.000426073041300492,-0.000171199894990777,-6.14991291868543e-05,-0.000319318735497786,-0.000616970604363526,-0.000170518336519049,-0.000152962217315341,-1.09511155659638e-05,-0.000221597336950411,-0.000824236053933966,-0.0008573525078422,0.000469617162645564,0.000535164450664381,-0.000263419920624014,0.000713417071065607,0.000612587852746777,-0.000145582041903027,0.000100917407793021,0.00176230225985008,0.00159857999508033,-0.00473842998763434,-0.0290663301062945
"787.081",-0.000124468945013066,0.000966227518144552,-5.43701155309249e-05,-0.000297101319601993,0.000248446704609986,0.000151511360983214,-0.000145876304068562,5.68820417985495e-05,0.00018205818826263,-2.85242228575289e-05,-0.00048205976768687,-0.00036507108535775,-0.000510024645183675,-0.000288549365142153,-0.000169588415959738,0.000156818414374459,0.000279162688124931,0.000186927106284508,-0.000292255955251236,-0.000525597496376682,-0.00110247572692606,-0.00168252271253168,-0.00427550680370819,-0.000557074947256934,5.67786718699244e-05,-0.000277489522323689,0.000126322870049788,-0.000350323759157853,-0.00050334801848381,2.36701772181842e-05,0.000494785508842724,0.000323391618114089,0.000145409691028437,0.000125054273861839,6.94285232107739e-05,-0.00042461162189186,-0.000596838283420792,-0.000213043608266971,-0.000110187882162113,-0.000335736086515203,-0.00107892345532683,-0.00013268483323041,-0.00080848173184463,0.000654901896263208,-0.000945495901527821,0.00149359961217256,0.00294463271489181,4.89231970137895e-05,-0.00224359037141684,0.00232727446963677,-0.00504915857906816,-0.00177086601069958,-0.00672494700432756
"791.838",-0.000590840777062358,1.12355758834899e-05,-0.000287199415956109,-6.09015943701476e-05,0.000241773579439166,0.000277031899870117,-0.000328588657349849,0.00012005564163607,-0.000261743694645299,2.72438480255805e-05,-0.000317601195473892,-0.000279891870845964,0.000637178512436561,-0.000846653510187035,-2.7206236539436e-05,0.000265039814515536,0.000339188042328978,0.000425190436867852,-9.13115484493733e-05,-0.000513346360281084,-0.00106569902224355,-0.00272014942199149,-0.00234439536024174,-0.000392536849784325,-0.000151148158273393,-0.000231767606028104,-5.42233849721777e-05,0.000446273969804131,0.000366467341635835,-0.000289346619591373,0.00010925441617686,-0.000172856879945186,-0.000300338077416311,9.27749128830924e-06,-0.000189558405932147,-0.000727310721518097,-0.000114413525834926,2.89915368271377e-05,-4.9318985712014e-05,-0.000445090215016395,0.000349456824228492,0.000436763083503355,0.00012775373207491,0.000897811224555934,0.000609179080871741,0.00065365116337122,-0.000593855689838273,-0.000139860405956233,0.00109337497981843,-0.00227960705276577,0.00340894986711665,0.0079444601757818,0.00372838774928653
"796.596",0.00035893907130543,0.000345430567820321,0.000171560452708091,0.000808284793862401,-9.18727954946019e-05,-0.000128157194131498,-3.83234309916988e-05,0.00037416182035138,0.000105516313596195,-7.31986182506217e-05,0.000127429701526251,0.000742761708687557,0.000377999068456497,0.000609416252971953,9.92290516004342e-05,0.000719975143487257,0.000336426616935837,-0.000783175023185632,0.000433924374169019,0.00074078834510643,-0.000954098609093138,-0.00298906503224108,-0.000929137077096564,0.000393772580813304,0.000294050208000463,0.000391919021254735,0.000412659675481154,0.000718274000031893,0.000155464469444224,0.000103358861579061,0.00138293895085634,0.000295306920300738,7.94538896515545e-05,0.00014558341021215,0.000270687784118837,-1.10450996878058e-05,0.000147369511008286,8.31765288791916e-05,-0.00016364795330368,0.000563288120699481,0.000392941612641081,0.000554649639074452,0.00196379635523583,0.000622571925341558,0.000652409967009426,0.000830140326011925,0.00164885704363882,0.00222180274537933,0.00229254053610017,-0.00201410408502744,0.0130613192087262,0.0184772344500093,0.00321703790505511
"801.355",-0.000283809576150689,-0.000933885033017888,-0.00082814608374566,-0.000826349126911867,8.34120880688738e-05,-0.000470775926332105,-0.000234964176101805,-5.63837937152115e-05,-0.000460891125217235,-0.000601047842305286,-0.000136532899390423,-0.000396133027838736,-0.000327856576431491,-0.000237534952194798,-0.000848649275962245,-0.000778959994079482,-0.000125167060456046,-0.00088882436362702,-0.000256315997259866,-0.000319585954726229,-0.00343788795783959,-0.00162501107061609,-0.000478757470681864,0.000182772864393458,-0.000402463455223769,-0.0006177694196108,-0.000643365901428499,-0.00123525871222846,-0.000466774291271545,-8.5441477522483e-05,-0.00021312648059241,-5.72351808348809e-05,-0.000664113940906226,-0.0005798431922028,-0.000526636672063759,-0.000835576591147597,1.16428674132985e-05,-0.000501465174764707,-0.000680549366367795,-0.00033743184310536,-0.00127679057614649,-0.000509339207378289,-0.000677250695761652,-0.00198943706051422,-2.02559442389686e-05,-0.0011042601461609,-0.000818930541378385,-0.000205962483058663,-0.00395072371866366,-0.00167250039582004,-0.00420282831921914,-0.0132630883056014,-0.0225272297964292
"806.114",0.000678315605036376,0.00017776103418774,0.000232478505754152,0.000228768897425777,-0.000227442907271676,0.000108543860740007,8.62793022948607e-05,0.000628151392310996,-6.37359518176373e-05,0.000160671187317944,-0.000112750333724137,0.000412979046070075,-0.000487153875076611,0.000345514788440183,0.000290418275518709,-0.000276962305671104,0.000275059780302684,-2.70561327987196e-06,0.00026397433731778,-0.00110110542782078,-0.00199104990931279,-0.00144257108198461,0.000523322445499273,0.000612499329916469,-9.74834055027076e-05,0.000160719520483884,-9.41508470991938e-05,0.000311419026373421,0.000400455858476923,-0.000446314320556149,0.000557842626018352,-0.000122084434793378,0.00101329650070587,4.65724720619836e-05,-0.000245809896407367,0.00015079880037526,0.000450679772124906,0.00105588049947877,-9.2965199937197e-05,8.77668237336983e-05,-0.000762750546793848,-0.0010530180904421,-0.00100913158433494,0.00036408988863344,-4.39666340344451e-05,0.000914752666948734,0.00135229981945848,0.000778986678114082,-0.0028970972309195,0.00171470229004018,0.00526874087849086,0.00117724903523902,0.0310933618522232
"810.875",-0.000444799286934168,-4.94559139984822e-05,-2.98553917953721e-05,-0.000778518600121429,-0.000696362852549954,-0.000424484592385566,4.64039807258511e-05,-0.000256508267793061,-0.000161072450843798,0.000103356882453927,-0.000128783358017409,-2.79686219961325e-06,-0.000244479184779106,-0.000525564542290089,-0.000405369369868514,0.000426634442807031,7.44377635268957e-05,-0.000107760644830614,2.93878785193652e-05,-0.00245055971054309,-0.00296636684614591,-0.000334387958128443,-0.000222033201424785,-0.00037936701183296,-0.000614216975004492,0.000241622460923222,-0.000470579908363991,-0.000691602377151083,-0.000136782367171996,-0.000374478147415153,-0.000658677709090606,-0.000284686690070038,-0.000157221718068961,-0.000458385846101984,0.000329222070266334,-0.000331471119017563,-0.000499384865182863,0.000150790901743935,0.000744592452027004,-0.000578695583309516,8.65833659894238e-05,-0.00056229810629555,-0.00035353275964059,-0.00152340184926482,-0.00106397814525591,0.00100735978738676,-0.00120421055716416,-0.00193472890051234,-0.00396898214282068,-0.00550597901008447,0.00155806550169662,0.00117298353539592,-0.0261682733433906
"815.635",-0.000119676758388488,-0.00102090777649975,-0.000691746563236567,9.74019611414995e-05,-0.000761084006081364,-0.000279345091636531,-0.000383144042785928,-0.000323812901794711,-0.000592287048356377,0.000438063677910047,-0.000585489523337898,-0.000962241760982161,-0.00146963307592967,-0.000514776902438076,-0.00074383525001761,-0.000787813464577577,-0.000811042935964472,-0.000876265533550196,-0.00194231505582901,-0.00345098429769796,-0.000715234781328535,-0.000958299524580188,-0.000876097445659582,-0.000801206484293864,-0.000979569581472624,-8.09029404393376e-05,-0.000696358063155215,-0.00101443436055847,-0.000268779136811816,-0.000457278491945176,-0.000758707791642742,-0.000510648985200832,-0.00082542087322472,-0.000586283003233732,-0.00131551525593496,-0.00160444238825102,-0.000453999408466608,-0.000890620320069726,-0.00114553166172721,-0.000216613277910667,-0.00103535076388585,-0.0011130011294793,-0.00177299206588586,-0.00103422322521741,-0.000469329209564771,-0.0029677568753579,-0.00200676356773699,-0.00277401576633374,-0.00149276272776317,-0.00542380465952636,-0.00863527084671624,-0.0110194932310443,-0.0328211997404142
"820.397",-0.000573007335693471,0.000154257658821148,0.00105647567408453,3.46620641533484e-05,-0.000285954989066361,-0.000225196014186321,-0.000412511750067634,2.43909807229603e-05,0.000292346006808419,0.000412398986741043,7.22174977456107e-05,0.00055530016509279,-0.000381782109899699,0.000565198219039795,0.000253203420458552,-0.000147245363652882,-0.000223756665656052,-0.00022452010226454,-0.00165982209142511,-0.00134058802392433,-5.94747041646258e-05,9.80034920307462e-05,-0.000678089732419726,-0.000934898246940901,-0.000611698919753776,-0.000176759773401693,0.000262754346814569,0.000185938977175954,-0.000359906027778632,0.000715892189540349,0.000365924253785067,-0.000293738124334914,-0.000352904465048688,9.43605399241062e-05,3.1952330337388e-05,-0.000555586668687073,-0.000244949880695834,-0.000141973677813322,0.000454004757448723,0.000557875725448965,-0.000371301425049035,-0.000664773613831258,-0.000313600671779743,0.00010930486775265,-0.000137504386160149,-0.000966697604381071,0.000184814634403702,-0.00138253991667149,0.00213353470692324,-0.000698454628504008,0.000832803568918294,-0.00129753034652269,-0.0210894573591873
"825.159",-0.000281339992095979,-7.84634951591066e-05,0.000262196588244015,-0.000566385460727558,-0.000511845628403857,-0.000256263272804685,-0.000435614560677986,-0.000611056327839316,-0.000411427489069758,-0.00073919337877341,-0.000162680063337353,-0.000535163720744258,-0.000190296083249696,-0.000592979762258557,-0.000301946706253999,-0.000359304568474491,-0.000189719779930974,-0.00209964905545541,-0.00287719169496909,-0.00100928910766603,0.000346908406859998,-0.000557541916702372,-0.000241666591837483,-0.000801071614066958,-0.000602046537740765,-0.000362981102409646,-0.00033994479022833,-0.000784944691271037,-8.55569727480809e-05,-0.000680534476363171,-0.000788881597292265,-0.000230166524724205,-0.000630226071213659,-0.0002670430753214,-0.00096171110114064,-0.000642017782466916,-0.0003250979578349,-0.000376317326942578,-0.000508352060652049,-0.00078765436242313,0.000220546402213012,-0.000231179511595273,-0.00127357248287306,-0.000249398459201765,-0.00221622500046075,-0.00220575244855756,0.000562650318005131,-0.00114315389081532,-0.00121072207129324,6.8469508385098e-05,-0.00648266097161862,-0.00982376036315178,-0.0525017469348082
