Wavelength	500	495	490	485	480	475	470	465	460	455	450	445	440	435	430	425	420	415	410	405	400	395	390	385	380	375	370	365	360	355	350	345	340	335	330	325	320	315	310	305	300	295	290	285	280	275	270	265	260	255	250	245	240
248.336	-6.1511160837907	-5.49918014223726	6.21681616597846	7.4036753963442	2.02044273234355	2.7709856156523	0.93357392231587	0.205939111524459	1.60917026120899	-0.533290800063626	8.60062472543644	0.351631087386818	7.00896536279699	3.23896455739602	-6.28040088426763	2.41665627020202	4.01808447955842	-3.45875369646306	-10.9685586145497	14.7036061503542	-4.39300774753969	-13.2575864241965	-8.64794874489523	9.16329320305068	3.02388757259285	-8.07973951135364	0	1.44531274255303	0.721368487535506	13.1831462789308	6.33573075493065	12.9988838269914	16.6623914282235	9.40259843004849	17.6076320417473	19.3115169383612	40.7436592296178	18.9032898016378	48.0626884722533	58.0885490692174	57.756149518631	120.204582924027	285.60291301854	523.250075322811	621.181350446842	710.814024473098	640.580034206354	674.406310061225	831.367954952121	1996.06053625992	38807.9259676865	124483.014361185	44930.0932685962
252.814	27.013134423535	31.2853618445466	7.44590775325189	17.734828428057	24.1989304558928	8.4814327742384	4.75211857057923	12.08605429639	17.8964520304403	1.59681177507791	10.3010056299225	9.26530181028896	28.7186020468418	36.6380404848869	26.7451144775777	10.7507761127127	6.99996691221711	14.2688327308581	16.1687265783344	-4.26922982274972	1.0523048960819	23.8180033581051	5.42545447389378	3.34019186020213	7.24344658764328	7.47778933866994	19.0938748514438	-4.76040772927985	15.1197580466528	20.9104343072319	25.2944409116364	30.7168604494722	22.9288810171971	10.8283971374885	42.1774749118443	40.5946112500076	56.7660182761052	53.7054963635992	61.9929594996747	68.9833068807739	125.143486273107	282.506289987272	558.386469712331	769.480220076438	858.528464493122	878.616546538324	911.080272066906	1020.21360921169	1957.56873490236	35059.5763888196	133425.936356811	56607.7329382533	4531.39855285419
257.296	-7.89659331763301	-11.4040664142454	-11.7872298023794	-27.2439153866956	-4.38946633616629	-5.83761551085439	-9.40354008802837	-4.63677666675836	-10.0792780173619	-12.6391488907236	-18.6265152649853	-2.50012807321567	-18.3600282817424	-12.3675998926207	-4.13464858511114	-4.50021508694612	-15.5830556536635	-14.1176549575909	-21.9964518091935	-33.7919798817982	-16.6584922125436	6.38236420873654	0	-19.8288158802958	-4.03127017295547	-3.48167643653936	-3.43483198712786	-8.99176354244196	-12.3950679357556	-1.26666667361777	-0.417107453556667	1.24896231821334	22.2658401500615	15.4276857453324	13.3182785333747	25.6866070190219	39.4137433961332	8.85608142456012	35.0492264613949	61.2521818530202	213.414247528217	459.584114947012	722.062500508928	796.856226170593	749.904925519816	796.572043958898	869.333244396614	1623.38935772894	26432.2572194439	116599.91381636	58470.4750916247	2997.70539980582	4276.78077985275
261.781	11.0948820033147	3.85737841658716	-4.98372731483036	4.21709887378227	0	8.88547213430743	-1.12260304941637	-1.48582475837344	-2.76427638390839	3.52699047431199	1.7831156444676	-8.45658006365083	6.65378980833066	8.65508201491719	-15.5236588710393	5.39681711861985	-10.5418085723934	4.62119859322462	-2.5364349126227	-4.8220303153611	22.186498420296	-9.96373090546517	15.3508706296647	-12.9349578216173	-14.0901252162747	-20.7563049259448	-3.92113490314287	-13.4691763700645	-3.46972186991417	-5.56978209653014	-11.4278749048429	15.6308850047895	12.3627469011262	25.656892690475	21.6232932897952	47.8651240438058	33.4954844523161	55.5054645166833	64.4629558771895	201.855415834498	432.4875639468	643.627608407482	761.260653839223	806.883220289983	847.951796452215	886.88094097817	1449.94644290414	20102.9902436691	104115.826769765	63373.4330821721	3830.25367569689	3110.62760439242	20923.3369247591
266.271	-2.50765659160324	11.7698624944308	2.02755270101086	-0.476572701950473	-1.64736820658271	-1.88276952498623	-3.71079930690647	7.55606148711265	-0.843452454529723	4.89171052303204	2.90173254896716	5.59069770125944	25.2652577797494	7.04237363252014	14.0819952890589	8.02242818920792	3.12722991706767	0	-5.15954739610533	16.8930088283054	15.5810011971275	3.54689165441084	23.1679196196603	7.30887273830357	0	8.08504753429035	17.7250371540573	3.97722118081286	14.5571549448974	22.6598006280486	9.04021785775167	31.7959241232382	8.67171236465631	42.9024079942169	32.5309569199584	52.5390482375083	45.2542483255772	52.6902678621948	190.475891802682	419.037755621379	654.357560603602	810.653141387517	806.369859129593	879.164593125218	889.900095967843	1400.87794027094	15272.8668414263	93295.4591123077	65444.1079190221	5016.27142537477	2125.35153137255	14490.44976488	30556.5617746025
270.764	9.4092667336966	15.141618809692	2.53593790105593	-9.0602298073983	4.94502378555368	12.4336187274057	12.2814323460805	3.27622734643884	17.4416469482747	17.9468663822259	9.43620119938699	-15.0607691586947	4.06288627639647	0.440408335605801	4.69677104596247	-4.64730710501765	11.6222863198239	23.044381207358	9.8089304988635	28.8986553060817	-4.30074606004948	3.54898670614086	-7.55921878535022	21.9395696675911	3.23791569675459	10.3369962476973	14.1884054783289	12.3808857399263	17.6554587363845	23.5452307342441	8.61481682550045	36.5439180254854	33.4058128541864	36.7319916444884	26.1318282775325	40.9950177723451	71.2285059307821	129.651582907569	388.528876191637	601.818943209729	807.025077566301	793.785266001773	845.850097292764	906.7645277501	1295.44224158501	10956.8052221688	80794.4273735688	67073.5361938092	5608.60273783007	1755.39318061264	9015.87856130432	27030.4200467435	8214.39296505912
275.26	10.4384861809371	-5.48949789228878	19.3623156314942	-1.40033178110106	-7.6641645060705	-16.9654551635977	-3.91410686219271	1.72684277129803	-11.2902546305597	-1.59705555039443	0.710522635886023	0	1.32567629248137	1.29330472187732	-11.2848176901514	0.413554514107623	-1.31269416630071	-11.969235086568	-6.06419810895031	-4.26988157949872	-8.41972435937396	-5.45912571977092	-2.95979058778087	-8.59037602244639	12.6779666992244	-13.1981133992345	-11.718484646621	2.59698243878355	0.864118073486932	-4.26808705573652	-6.74621398840519	24.8297457298999	33.973898410033	23.3929085216244	57.441925289481	37.7681940248196	113.549368781705	315.962913220659	567.432894361479	737.703346190691	740.912222990636	771.57725811456	824.232383813428	1153.5414292031	7854.44361890827	67542.8406863317	66482.3388911782	6488.19987370262	1358.21766430479	4930.64155452402	22070.2474809392	12643.2394482019	480.359804908983
279.76	23.2824695618319	7.47199368106374	-14.9633977337726	11.7993715346996	4.31399601717158	16.1360055823436	3.2618330323176	2.39844958733161	-2.40956267422635	6.52146473958086	2.41780794426154	13.5142815739878	0.429627500283474	2.93395525394403	0	-5.62906986543932	5.10504276046619	4.47578160066354	16.2136917502218	6.7459797535527	0	-4.82509922058181	0.479607065013844	7.4239577146658	15.4076163970704	-11.9763497325286	10.1273255407159	17.6743271909097	17.6428288473992	21.1630999378709	30.7451935309911	38.8704620793135	40.4629283623148	32.4307524708519	65.0101434214618	96.389863188259	284.71020956323	527.860739598729	744.907883950839	747.041445655627	769.2684972288	766.671191528507	1032.81036536614	6155.50225497272	55685.5232719248	65588.6512723193	7891.07399763277	1223.2541531375	2803.78887159364	17062.8447145601	15902.0014118681	1439.79217346877	203.055455107679
284.264	-24.9993637417845	-35.5564457916252	-29.4008808632121	-14.6850790140515	-25.0076970549744	-9.21423168602493	7.24353151620041	-11.6415983877327	-16.0527007343023	-12.1177379005664	-15.1214498742649	-21.8262383100325	-6.95108879369884	-10.7703806494299	-14.3093592467432	-6.88799702171297	-32.3906726770864	-13.6310938281407	-15.8985944596601	-10.8651619540982	-19.4771568911252	-21.5832056378722	-11.4113604322652	-16.7807337133006	-15.5017589465291	-16.6902229245543	-10.0400385362562	-4.00502694583421	20.7890247640527	19.7465374545211	12.0945441400836	24.1434667224268	15.3252540881266	39.2829612210909	48.5839207581478	200.073417000386	447.462646698457	661.717025493318	668.48064080359	668.963763925725	718.747101829617	839.644070109052	4133.38703169149	46458.5219374935	57997.7077499466	8966.23993289701	1092.45500490782	1524.69956873337	11783.4780389613	17761.738219778	2696.66510977886	-340.591655230853	-541.108722869422
288.772	1.6114186267211	0.480209943051229	10.4232332290083	0.408327111179558	3.88152535751071	4.51683519937824	5.380539811257	10.3584439353757	4.33601634461078	1.39707122573427	-2.79697740202483	16.9496034908876	13.5295329550317	11.6906814732565	9.14048662093252	15.1942959624433	-0.765545171539808	-3.6243829937843	-1.76827843862919	10.271811709353	7.8257386178283	-6.51208701954462	8.19901839606895	15.8643320528509	1.58434622049391	-8.08180599707146	15.1867977058802	17.4170307925962	12.8505150799077	25.3887142301186	18.4420272738776	32.0286061188207	30.8341524053843	45.8536971739278	187.64864823954	385.315430017638	598.597826431945	670.725409827556	630.521866901923	643.780109696304	775.230744107823	2719.44653608686	36763.5817422631	47154.3973118029	10088.9460488711	1064.37178161227	1058.70809591056	7334.05770130789	17514.4183611366	5059.69389156563	280.153768934081	209.669096894317	694.258084710223
293.283	-20.0800611772436	-14.2694141150509	-17.9008218039978	-15.2646244188509	-6.7647700432166	-1.85554187533996	-5.15749895942393	-4.55081586151125	-5.54169917761488	-9.37410659897634	-11.0220270377769	-5.29793066471384	-0.741067992483148	0.722971919575207	-6.65880365841149	-3.81449698715223	-12.1078788203078	-13.1245309524972	-9.32237654568936	-31.7757651928265	-0.441255078420927	-12.4842797210465	-12.8228113692641	-0.8003528399976	-2.27800488525397	1.84447354471211	8.3704219771189	8.71045476186803	17.0275740005903	4.29463580463657	7.0710181365591	17.6442048059398	21.7218623462443	125.683534881922	327.378456003649	537.585847357471	661.480247085594	597.440254139678	590.922970196058	635.883033919	1757.26915958093	28253.0039936535	39494.3784991722	10786.8936554417	970.580769764729	874.073928122037	4182.29345717613	15508.2252665335	7487.17012743808	380.963086938134	38.3629264625418	7.17777256417783	805.579638813295
297.797	12.4612128499743	-2.22809822865641	0.806035909587865	-1.136743950803	0.32744843824701	2.39513158240076	0.90781288068249	5.00641067646907	6.4826053646576	-1.81501310240326	14.9962603848363	-1.70964089049468	7.89170099635425	3.149588559612	5.76781617866236	-4.69994209955922	13.1424317671504	10.0899385095345	24.6135973269137	0	4.69896578632761	-12.0860217603249	-2.00221838597546	10.8474937111335	-7.71867182566564	-1.78563344428697	14.7975115613199	16.8651693404124	21.0438912993204	29.1034357312605	24.6436103253372	38.9454582422302	114.107738179875	278.51420521699	495.438363965437	610.114014929045	580.545179916957	596.763130757222	635.435916854459	1369.53775067457	21043.5505125024	34681.450091789	12553.3983629418	923.21870374776	735.845820683903	2142.91197718396	12434.0314148073	9951.95512581704	897.87019280321	108.751689216052	204.265160591449	90.3343505125002	-237.355098932275
302.315	16.6370999056045	-5.24957297155215	26.1123965368604	10.4154450096427	4.82183765758791	4.11477249390653	8.02079195897615	-4.71819739967756	-0.43889434379948	5.59993269421745	-0.283111839052317	9.06310597635988	-10.2123182679922	7.55809589073459	1.66537060877984	9.22785805116272	4.53310481603042	7.70410959173464	4.02719114139972	4.25339730732171	16.7744384717838	17.4017608344297	5.50361288002237	-5.70480805497249	14.0723390651163	14.374229210828	23.86529956899	26.5594205619069	26.1677748021359	34.6931352457112	26.5446699447473	87.868185888656	254.497397562796	458.111816240498	582.930435337753	574.870064554966	582.620875103893	603.467454732644	1057.47177728159	16805.6901010196	31522.4582080761	15559.2484862197	922.917278630499	663.046818639187	1159.77582844921	8721.92243483077	11790.5649360347	1811.76570383811	288.747055060691	213.522875314571	258.862034976977	95.5027795614194	665.746548200524
306.837	5.36766252168288	15.7050398202036	18.9381627401365	15.9507851283566	-1.92338571357701	5.27574878550606	9.55381916896841	7.25371352000524	9.19121846388292	16.4993673971283	13.5516781421497	13.0548447451664	14.749233252539	10.2779093194948	12.6217129276953	19.7191383721047	6.9546649897452	23.4140715664888	22.4897216376249	20.359682418247	21.7462889054724	22.4806666016644	16.465045805465	20.8596144594422	23.748677467436	29.7175803065995	30.6974016269014	28.5495832673993	24.3784090701293	47.1467746684029	83.7691400780347	239.127883949473	408.361401444547	559.088302757306	579.887140310395	575.901924455723	584.566994875989	906.875540908023	12767.5314027737	29412.0392398241	19124.6305795442	1001.26473310176	657.398261597954	752.268343344113	5447.93999688963	12196.9931466315	3253.05755656078	345.800532951631	207.119207057836	208.301741720457	294.502401985164	360.54348790549	1045.6426562339
311.362	1.46205806920293	18.7350927014294	25.2189749610705	4.0752770984662	11.2055719751345	14.3436121089273	9.09794417415803	-2.34958289065432	8.96104183426793	17.7460959861758	8.74106570020081	10.6981315092656	15.0813235982926	7.52760907884368	7.29807348574369	14.7706649700979	6.94587661349432	12.4230071205925	5.21423085224721	15.2504659292281	17.9597842426241	7.48408617978038	28.973183847171	10.9848071112651	14.3749497348042	40.1553309173987	38.5816220170934	36.0713029218707	42.8654980536492	69.4451464701422	203.46910628188	362.747855675631	538.962599034512	546.691542277543	545.673108275814	593.160079151874	781.072928446588	9556.763370774	27590.3140273974	21188.9234859219	1199.08298447101	607.546846919866	580.512648276096	3209.55874583432	10882.1112366772	5067.65784933989	394.083137681088	174.020396659831	178.267419618316	240.400065030632	261.449110403883	298.940882526819	16.5765287742202
315.89	-37.975137676621	-20.0219609254708	-8.66027183816959	-16.6547592650891	-16.3116370079604	-9.06536997207721	-5.98528124004976	-5.47682599848144	0.873365488343391	-7.59779248997105	-18.5912252711298	-11.3552907317799	-4.20449302328487	0	-0.331395752886314	-1.96743399483163	-3.46943260534299	1.82506866426149	-7.61310624566691	-21.1598216570129	-25.8693630649155	-1.57400662948002	-14.4719686676671	9.08169821411539	4.66714273164349	-3.4882431972223	13.0769795005753	28.8279130628284	36.6558273134551	150.256197602209	312.919144328318	516.877745101008	524.612948059526	522.0958074717	531.245153434393	678.65677773162	6640.31575586435	26207.0747438937	24169.0054854064	1414.37958067171	551.06128703081	469.606097429444	1647.18165732129	8773.47571963751	6628.98608143474	622.474565056593	121.908243507469	53.4906875645976	154.566483790951	113.151081313287	-58.0411544062076	-149.319560743936	-132.478366922797
320.422	2.92584033047145	18.7461397654497	-1.57711532608781	2.22418912770981	-1.92208787841821	15.2307679042873	5.5507980100273	1.17548415587382	7.43548958223846	2.79031655456479	14.6710784256633	3.34513737965375	3.1584173512237	4.79312126365618	5.97467189641938	-6.56861085642324	13.2049472155735	9.50554822287008	12.8425979083332	3.81486457464562	14.6270487263068	14.5828667421954	5.87640562622937	35.2479115728009	29.8456086593578	39.8296256484137	32.055415619528	49.842123521305	156.465541741787	291.502640306449	487.542272764785	536.087149473224	516.346645510949	535.660777905232	633.311272692961	4766.45010196364	24827.5310881538	26150.3264450296	1882.11711217612	546.520015746582	466.030011316303	825.823144570997	6219.96359706355	7709.11282844978	1278.39733837632	189.301604795336	136.666170056801	152.692483072189	154.813897615197	141.087026609571	257.969893920493	203.943512514269	-580.520606772006
324.958	5.53502650215911	-5.39824124381534	-11.79856274774	1.14754405048955	0.330559495730778	12.9961453511616	-1.14554740916927	2.42590853936363	6.99551986396411	11.2552953029122	6.40485089325665	0.69035361251756	0.362121787337164	9.53853753218454	-3.42506804087537	1.01669910364561	-6.81293619570154	-3.7725192914645	-4.96948977009166	-9.18509301228922	4.74361022791905	6.50711996856204	9.29770988174236	3.51982116990712	25.6023061399234	26.317939316878	41.968951432044	115.630867220841	263.069395652242	476.724580446053	524.505832575287	529.724300903466	528.977750024778	592.495722927986	3239.17747989965	24258.0588597942	25589.9649652106	2515.02798817101	512.634117814418	477.441107165569	514.902947068806	3880.02559221474	8326.77106124954	2153.3876976415	183.66849497527	102.041112580812	104.033054635964	60.8125382274537	112.8659968737	16.7064022405336	-172.463087164603	28.0592642662147	-410.760322094675
329.496	4.60747063010672	28.8339830608218	4.96712856785995	2.33502969500148	21.5239838691486	0.922487320757944	-1.39858015017434	-4.52489915440913	8.03562000387685	3.72828858067337	-1.48098068271727	10.1843343950888	-3.31581438486263	-3.23484581049927	8.36321942963249	9.65433276289347	7.29631815387176	7.29252819396229	29.9145139055374	7.11995572537092	10.0910694292382	3.72395468014459	23.0318714688887	30.6381022583631	34.3529814226845	42.914882662955	110.728797749389	239.977693374483	457.486497805368	538.754128409278	508.674688868976	528.416900412399	570.757860268405	2418.45145617191	23454.970946112	24674.7131562871	3525.24280146188	532.570524921833	460.168904467262	421.835570887495	2065.56524083889	7806.1937172052	3495.90316505207	300.860494431302	112.949445747766	153.25358086942	108.19562874026	71.7139554070027	8.83309326636113	94.6983794997477	38.1444511915209	128.464118061957	-174.128673101601
334.038	-25.7612790677748	-26.7158769783727	7.08191041161217	-5.48335729126373	-22.0005426225574	-27.8521683929401	-14.5447128322574	-13.8687838107719	-16.8675326257844	-11.524637993801	-12.2219526836171	-19.7924716517863	-33.3708726139265	-23.1509278333396	-18.236561076995	-9.02225156760222	-24.5994797234898	-13.9060686334044	-17.8094391799607	-17.4662338004743	-18.1038343347506	-8.7449740324153	0.413922041271047	4.00450175222568	9.49818015535657	70.1379423072247	188.281241365393	391.875422031217	489.424471221663	466.286747137812	479.742990933193	514.503852494179	1632.74852610335	21484.4135315705	23537.2918537706	4561.51379434272	469.704809670647	402.542792221716	351.173112861384	1108.3611147069	6081.81964887921	4969.08680540359	466.723842514651	56.683565072057	54.3295245291959	28.8572061827254	15.3865974522544	22.6428367414112	-56.894481239837	-166.174432715732	-180.429099078103	-452.509015162879	-665.934077043821
338.584	6.68231368870892	0	-9.97467691346272	5.47057068315801	-6.07825099070693	2.16122822905693	-6.78730785477177	-9.91267578029824	-7.37674491056828	-11.7651536141881	10.7064459967412	-9.87315885269845	-11.8375307646085	-8.30046364734481	1.04965588552954	-4.15440583065119	4.39560292722962	2.69765244681405	-5.49959102183034	-6.70211707470447	5.28632725218484	6.64730032740441	2.47774091361657	7.99032735703126	64.8160548156836	181.196836446522	364.784445302599	486.980911901828	485.389655234921	497.713353525619	528.392735129149	1202.75919210301	17316.4760978296	22639.0310433617	6002.93336143747	463.979973563052	373.553486669832	325.779839364697	554.264074597493	4302.16182777162	6032.88704964956	1028.57167721325	137.246531281956	75.163233234941	48.3656055763391	31.7681812259785	63.7645190022837	24.0019132985558	-42.5713570042238	17.0663017770963	45.9595806485068	-114.65493640484	-419.609172220019
343.133	-9.75749912645145	-24.3335130633777	-6.2284541005523	-16.7870532157483	-2.69896669189256	-1.23385463338261	-7.01491185685777	-0.825298525414404	-1.61218264209949	-15.4943846289027	-15.1535511621113	-16.909888506093	-7.7612531768637	0.360558658616889	-1.3982572999986	-10.7223697760338	-10.2469980303481	-3.080203123397	2.1132868947702	4.4639792213536	-13.2036944901113	2.90552603745601	1.23773396872171	47.099684447438	138.98052903047	331.52151064532	462.459217587577	454.315766952963	473.019517230794	492.616184805434	918.637518500736	13835.585062783	22202.8213328766	7215.14870484295	446.644818804761	365.631445228313	322.810684506652	337.372709900066	2579.40847484503	6152.14417142876	1949.49984464402	160.762164009422	72.6301038194281	22.8858763031348	47.4881122113662	58.518852089643	38.9314591673492	12.6952384999561	-62.0262763995931	-2.43580655194902	114.793548115227	-365.12734963483	-454.159593621912
347.685	-7.21935353871335	5.53217034052927	-1.25082230864897	-2.74403348034243	0.677521198281845	-1.85840604604602	5.86984085597969	-3.31479301354054	-2.5438660563501	-6.16963582076287	-7.45881106684966	-3.18366505537352	6.30880104434783	-2.17226364597226	-20.0072460923977	-3.82038495479885	7.71690707243769	-3.47950314771547	22.0687204551484	-1.344710430214	-4.86129808296184	16.6714002146474	40.1849233158591	125.448560464279	283.288877354898	427.839458047858	428.279446815794	441.647438236306	507.261544527119	788.923671003631	11025.1529729207	22106.2645631693	9061.29896635172	447.119921973127	325.245644238304	331.058225028015	265.167815268068	1432.88568678909	5497.13926246098	2996.63102711233	265.159298528581	59.8924475850023	43.3803569088699	53.1416019488752	45.1740641219817	32.8657147044494	36.7226310945552	-29.7442487095084	37.3690721600527	151.642116794745	11.5266427714995	172.53244811369	-350.792657633609
352.24	-28.2299281988098	-25.7053029525337	-12.2579572044245	-14.306704464105	-2.74744254114183	-19.7822482702339	-7.85499652417509	-2.73039527505036	-6.33010711015018	4.0791407580363	-23.5922814061449	2.15170064839831	1.88110766831279	-11.3780730259993	-14.233712483441	-11.2670483628429	1.49014903646242	-7.05493421778783	9.4654710147365	12.7236375560366	5.82436600233532	12.6759080434344	105.41705282925	264.107321316071	392.048631983172	415.758363249616	429.74894620314	478.321463761046	668.015211122076	8950.7692147642	22487.8028684389	10885.175726765	482.685304742439	309.442412293331	284.644440189552	230.714844449455	664.425494484747	4223.85768791146	4084.47970291026	491.512480590683	78.1810932855632	37.5873630099211	18.4836513174157	60.4264045504886	13.5694150360161	-50.4829685353008	33.6260509459926	-25.8465126149912	39.6882034376547	52.0706720172987	42.8469589660075	-240.502293399036	-373.409646371295
356.799	0.528602342814987	-7.08866358678001	-7.26577749756777	-14.4661404024522	-10.4177266105062	-8.57258761856426	-3.61024259845153	2.33608115758096	-13.5124848517091	-3.57465270904851	-2.75252274547549	-11.6036240255976	6.46704139410568	-1.11337469819241	-2.87846699776608	-8.54445745771021	-0.376688867029601	3.17046906786153	5.22052121601396	21.5955458543809	28.087304675391	108.51870731894	245.458489436363	388.250445043638	392.519765130995	422.664020468879	447.615373037673	565.999465095503	6769.8465867021	23044.7965746017	12801.8802548939	609.740244962471	298.688112025151	282.683300107592	246.092815446085	351.961052663084	2776.92569331941	4587.36122498109	1043.22236493854	87.3159080846605	67.6818103154849	25.1425907956099	19.978576138384	25.7649779912184	-8.57539657292569	43.8991797749794	-10.9288235617753	7.25959716882534	-7.29645352563303	-60.1725199452317	27.570105524038	-73.691662114446	-863.019374382342
361.361	-15.9685137668481	-7.61390140035222	-6.88600468979996	11.3298031726516	-12.5883370030657	-19.5025842267044	-7.02841316935191	-3.20775107416036	5.72909158377912	-1.93821835146087	-6.15931707063988	-1.46055467874125	-12.2580349821748	-19.8066086745862	-6.15934240393845	-7.16997108813256	-4.55174778601836	15.1646115028259	-4.38073293349086	13.8803923199901	86.2172841913393	199.619532616115	372.890107864786	365.71820323394	395.253467844737	417.980285288721	540.653604102498	5370.35601113318	23492.2469969467	14209.768079613	790.224449964566	234.942059244008	258.432513808753	246.72347617498	215.51793936346	1612.45311816007	4491.63920561555	1776.23626597976	147.807340453174	48.5626851677921	30.5326246750103	-19.4298599457511	22.06459269756	-9.63649815228025	-2.59053596890459	21.5884470945789	-42.7969784679271	14.6203132225785	-27.5522612028081	17.6725474560504	-47.5922013262972	-237.455639909552	-416.410146136393
365.926	-28.8310880639569	-4.77321829201907	-12.9506813193411	-5.68219848459552	-5.61189934997152	-7.69657665932568	-11.6687558710116	6.00608482971034	-4.30993835718681	-5.55467543013111	4.63359269242392	-8.79008553537311	-11.5269965536499	0.749701323842521	2.9073642355522	-12.2261679205284	12.1750555782086	13.2094782007359	11.4246829371373	72.3984245132223	194.466812170907	347.811651196083	378.31798957717	348.991089569244	375.987685117418	483.139588384723	4298.05489223239	23457.0103503964	16062.3349266394	999.420598299629	229.872142990821	222.851841292557	215.279474765743	189.845222604804	797.978157887606	3748.70105073434	2653.23935974649	286.182814169396	72.2038866427474	43.0707469336777	9.29713343288217	32.4819766819806	37.1035858823369	27.5107002361716	-15.5906746118925	-17.5297232939856	22.0770783787515	10.2654678567983	-84.7515891262475	17.7265078383899	99.4531598555711	-37.2157302925848	-871.683318104787
370.495	23.3011880649794	17.0440151993676	13.2736747458608	17.3107121842388	12.8721096469128	13.0415235569931	9.40385749473503	10.212516793208	6.17490125979391	8.53981576261998	15.3198571708518	18.1639366929123	17.9122805327255	0	10.8140613045831	18.1902945349548	20.7559100237303	31.3658405020107	88.9117363065184	172.621108297275	342.204744574382	387.360898394015	387.157713312827	419.42145518468	449.082575930171	3370.8229341228	21506.2530043955	17075.353423847	1435.37758810288	249.942340764236	216.73207016137	218.501056472841	192.653955562318	425.176756084196	2733.66324624585	3374.19641566689	600.043965941681	94.4680570919413	40.5832065257909	46.2809884028065	56.4146109818101	32.2181475429535	32.2826478385497	50.8870326931549	38.6601052529834	59.3215170408331	70.5594527394834	107.639220236743	47.5139878421464	82.8890577343639	197.290738135235	59.0615233167342	666.464984983889
375.067	-8.44396736375232	-8.96446111671304	-9.3875731341395	-10.0296935473536	-9.70749582830832	-4.75485094600422	-15.1385108510501	-15.0539708183535	-9.94047493572605	-1.6471730677843	-10.0762707076225	-14.4810862883858	0.379799334301346	-26.3072784355109	-2.87381451732446	-3.19899262832686	12.0345607344388	30.0707739187865	122.918296923142	276.618434951073	306.199533170576	331.00160238059	354.873162315892	411.413526636323	2710.89695443624	19734.4116529424	17897.3114382886	1773.74822313301	200.527905230602	177.181495915485	190.255577676761	157.343020007997	222.285254149613	1790.90893522135	3686.58293573993	1080.55123027236	108.294989293089	28.061734590543	5.70965481665606	-17.2322237460633	5.94637259663096	26.2694853855886	10.9382851399588	-19.8437147459162	5.99307528192954	-24.4622652913346	-10.9111592502127	-5.79829075681993	-101.985243244092	-115.14425370711	-117.966616397803	-426.72081271621	-556.465804768857
379.641	5.08388967645528	4.09055889954413	7.39899462445385	10.4347241621932	13.3591469371203	-3.35898363168228	2.08331370360848	3.67650177788662	-2.50795698505929	3.43796054850353	7.35352290606948	5.23120769519419	6.58561379386119	-3.56933348928173	19.0327258029557	7.8753183746724	42.3872928672832	92.6204402373183	225.940149990866	302.708024127862	315.44523816797	333.241271797703	387.191299705675	2221.45760211276	17894.4281438729	18509.3023214959	2144.22940450448	220.035954677875	176.716686711685	194.711851402915	175.247312097406	163.418274866746	993.302131170967	3369.72737004633	1839.21176086817	193.485733737883	53.6044380979635	23.1083132953775	20.625793962535	44.9179357246728	30.203479742493	16.8705740391985	-1.23965223801705	21.2397802951361	55.2581129648723	21.6011894065032	-8.17515468978497	46.0811694429505	75.4375054372131	163.969436601289	7.57595555025473	49.6116219970883	-224.7965772354
384.219	10.5948584007443	11.2761253276423	22.8437804859318	21.4775619563749	5.63439644347189	0.606073007733405	7.81035587410089	6.28353029900366	9.05038666377557	3.67422135178549	22.184455701278	15.5741001260027	4.35697174822568	19.481821541853	17.5141160100341	46.2124439535279	82.3313137891172	190.638603637571	264.495830216429	268.38888647775	322.555150975045	384.937009349661	1858.38776357785	16417.5802426461	19373.5013253198	2704.19196715166	203.268372383761	158.613403417305	178.92082512451	161.667029027275	146.890344559276	516.258637715017	2709.4685835108	2506.89078479674	374.627788777189	76.0290503115783	39.6925384737303	32.4513960864064	25.4721693172192	37.7925598242164	39.275554403315	28.461548574382	22.1437983745558	41.4534347843991	18.0062664569894	56.514868606577	48.6773552505815	62.3593831346856	74.8629718279879	93.3250740677955	3.75912845766657	203.96851239051	-995.300174323969
388.801	-3.41392573743723	-10.0283131997733	16.1675411731261	-5.93194483859564	-4.80584662616328	-4.39406395405328	-5.99564399185193	-7.05382511762821	0.218719402349811	-2.79068060316128	-5.92563160277751	0	11.2313935125435	12.3267770107941	14.9386285082186	64.3807849658195	136.584771792419	196.717390699256	223.57063497669	266.651431474797	338.973834432864	1353.23008571111	14854.7489254313	19636.4063652038	3126.6454863907	205.114391310481	133.409294252405	146.451826384795	137.95472399505	124.413286873485	250.165929693656	1815.04551716267	2936.91496210554	707.425977408539	84.8327226660611	39.3724972277315	21.7560474491862	0.836531473095443	18.0277667463404	11.7093256090129	37.4671072012122	27.5130472339046	36.8656142822445	1.35837185083459	31.6476269564956	32.9672666400081	10.0832459529747	9.37707747797618	-11.7808551275622	6.93961150974387	-79.9447622452321	47.5930281707224	-796.246418005666
393.385	24.7335771179743	-11.2646797432303	-3.39592163781677	5.32136945109422	13.1826321906892	10.6515728750421	-14.6614254324432	-0.749958463439727	0	4.36963323066104	7.56011525257064	0	13.0979492804119	16.0545505101457	38.4360381525363	106.550361184459	159.294314838321	182.985720436812	204.711295159511	263.670572705183	1095.84950685057	12719.7646460105	19638.3945904584	3680.07771106485	183.073578206121	107.329250240268	121.718479824221	142.109781480665	122.154225729044	130.401259024056	1069.3473539689	2847.92058153525	1228.09657525046	126.428256652235	40.5871392834416	35.5217119708519	9.84114628861865	4.80273437133342	11.3599617628634	15.6860989547759	19.1207059506577	-2.58103297947874	-3.98274826579235	22.0964561360229	-0.75707026893973	3.60520462484946	-16.0806700944701	-14.0999372977891	-25.7664026892817	30.9882443231845	45.2028396990371	-104.092709380675	238.096244408192
397.972	-9.48638934458602	-10.9040902671013	-10.2268943857042	-14.4228814004014	-9.49629607566592	3.52731371986026	-6.99321066304112	-7.62249412920926	-4.25434030273932	-7.75455729679849	-12.0226112790734	-2.78893727312956	10.7281102030915	20.9322828825852	71.3365035530824	132.043049720284	136.168207057437	170.693363687349	218.97799784531	712.288901516696	11221.7148917845	19930.2473617293	4216.32575981363	169.23093688884	119.918759510591	102.922605528898	108.243154581423	103.170568566394	99.1723805670005	581.837541701195	2391.28438006784	1777.46418475081	231.820774965481	21.3529713135587	15.5170774315142	14.5874228828921	3.66389423568135	15.1092364363538	4.47998313865288	-10.4118699920416	-1.3881480104792	-7.49523747646223	-3.85525799146131	3.14546098411819	-22.7179151929796	-32.2806477769844	-52.9241203205308	-19.8524937395766	-32.7358551847445	-51.422213404497	-242.340194212769	-377.852386321548	-829.708682507547
402.562	22.5843098975875	0.776564440458726	31.2534220434489	22.1207259312115	-4.56505570456311	4.95651205344857	3.75727623354076	8.3755025641358	13.829074311893	14.0073696357865	3.51795953653263	32.7725890824897	35.3190944480046	66.1689470799285	135.397655017603	136.3118349303	148.249315064437	208.069674996915	495.058805516576	8524.03901253522	18781.9214182877	4895.47630952984	221.912482414647	132.662171339467	94.15725467584	122.603171387361	111.436945073558	104.090611802269	276.265341922225	1779.6391868773	2163.08053497448	453.351487960799	69.0872831533394	34.0116986972161	30.4722928079351	31.3891074527361	31.3512430992791	36.5027695262847	30.9337531796969	38.7902227834967	21.3539188534927	48.0414347184722	12.7083298375353	45.9673768210606	38.0471710038963	34.3911108669907	38.9107775580393	97.8207003555698	86.9269056093499	51.4993044772896	245.939552141634	429.883818673551	1152.25422188814
407.156	0.86140166332724	0.770104621166581	13.9296367372038	18.3351652644478	9.90299073056945	9.31316497050833	2.549383122032	13.49697584828	3.86310921892664	6.49733302184857	10.2168940671353	31.6136087877101	73.4601299284158	125.491646173366	123.717274882936	114.872232827449	181.084560450516	391.688626455261	6701.96059387327	18225.205986383	5460.35978867671	235.671024940688	96.1925951195759	93.7313369713595	93.3740114334748	93.1932923646804	107.161174728529	153.015494477576	1156.7842426053	2336.94734501231	822.485461824121	103.317863297779	28.0007949694281	12.7622387288475	30.5335895700343	30.7968495363352	20.2611915324704	24.7483798341091	4.65971119424727	21.9223660155034	7.05876238653456	22.3916478911748	25.2052322391016	15.5948681102509	28.6473660070371	50.74162974508	56.3965305625922	55.6015633645286	56.4783567871126	69.4564371043068	227.848075027039	234.169099520721	366.240141869578
411.752	11.0136564211834	6.8167082168237	15.7550612941439	2.25412142930026	10.2963315359191	10.4318448148478	6.55772404038491	7.99875126558801	-1.89971939680189	12.7804924682059	17.1559803309	52.3052482882703	97.2470632693822	110.337488700751	105.243001279599	146.073792072797	252.962355236098	4936.25370902283	16597.8093242214	6493.01276988885	274.816844022134	112.640841361642	82.0155787735555	80.992415869927	82.1517654436308	94.9958242616037	92.5200263214222	656.916273125052	2142.49954583951	1256.9818330339	159.69159241666	46.1622492784191	28.4182092742653	29.5866118578355	31.8878926915422	31.9177217423057	24.0501336623753	2.54303581182319	1.90954643818958	13.4248042112336	22.9967739179848	30.9253483080731	2.06581736247251	32.4454284566655	35.0472125180771	30.2704423141562	33.0855923804668	24.4337938639775	89.1683554450064	-20.0916706515215	110.468263025217	124.012864607032	403.428366843471
416.352	-2.5015187249783	8.20010119653691	1.68549163404929	9.19118689278801	12.3250201886672	4.75800828069246	2.46781104503316	-2.01001783741212	2.05672616796445	8.67508857934414	41.248479240965	88.9462173470824	90.6122858697576	106.840615535508	110.393700864121	210.599791835584	3549.18567036729	14321.6509702688	6957.60460123381	356.240482100949	87.1829632703736	72.1120916369687	81.0567168383451	71.2896132483122	78.3963177136218	75.5744561346787	344.792222970419	1699.55359027224	1706.20574294858	302.2605623679	41.7981340473973	19.1451587455641	4.03689395411764	15.2952899706766	16.4541967659833	16.0276608611004	11.835369746453	5.72095787839042	5.26238462467981	26.0256574236634	-1.70822616177341	0.922348384274778	8.64122243902168	22.6438235797438	0.676359566974668	38.6502770845813	9.5775478252417	2.29031880019144	33.0904817103338	53.391748808711	-133.577179189253	87.183246139424	-85.0851918893885
420.954	-3.67641153594625	19.7205668413025	0	4.03688199580418	1.34175812210742	7.36074801136627	2.23192142102805	2.13349250119131	9.89251349403546	28.473957206738	67.3574743070614	68.933654714644	86.7223948547454	110.416340539341	192.410996628558	2667.58572062399	12426.8617502564	7229.19709330438	442.090211315685	95.5149021319071	77.3683217823088	69.3334349883509	63.0092013058932	67.6257795222801	60.24410856961	171.214080731116	1183.52822907415	1896.12320535367	580.613960577459	53.0967436413543	32.2575205041372	14.2785283487002	20.3414030329871	10.9513351671654	14.0316869713144	10.0503045303879	21.5355637713948	14.7138783447161	17.3093800089967	-3.13839383649306	4.18421970650612	13.5554941334232	5.47832825989476	24.4614791218303	20.5432160814867	-10.2561373827268	25.3365335732123	41.514209192975	66.2524913867543	-77.4996027278765	0	-113.894007631881	-444.612648577581
425.56	-14.026385687591	4.65763131516287	4.53638449244166	-7.92085698091016	1.05307751866255	7.2213446332033	-8.94107743056621	8.53335394490569	20.6683997852509	50.0322913507819	67.0092718024735	78.0747601941361	89.4060816874153	151.655270050903	1967.59562581757	10670.4238600855	7248.65238548971	532.109169960102	102.245207705014	67.5797695559293	64.5691209169647	67.3725334639	66.001336287833	53.262912759017	91.3143827595454	729.312152917268	1802.43141208805	899.738557587508	122.101253506246	23.956361250516	6.32932066722819	7.41605868376873	7.76072976536275	1.97914510145721	15.5232989335097	6.47060157804528	9.75124942089452	4.12434738791481	-1.80654914475429	10.3914784413234	13.5464201692149	-8.42255433158645	16.1237266854244	-6.69717467302926	5.85120577212428	-22.4457745684555	9.20618194722741	45.1310069672567	-9.68051624185975	11.4047785504301	38.8179314999873	-251.408243953883	122.679067519358
430.168	6.29028461980433	-9.84129768457064	11.7613216485545	1.19544994611127	9.81423670742426	7.55647721482335	16.1104943532788	17.6902713407049	43.9016599863078	57.6714460751131	69.8309600484462	87.1098814992482	137.503647611392	1468.15298872704	9521.34806528146	7290.07911209071	653.329940568299	84.5934350471386	58.8877874725503	50.2348249244898	51.8872109385731	62.915451238403	60.9577260955496	59.8904333355779	426.737786419456	1519.08731025182	1210.47904891764	205.351408124374	45.0912642686771	23.2281119010146	1.6197690459778	10.7780939919774	14.1390573228086	13.3135359343546	21.5497380931884	2.11590413014475	13.073607695824	6.40619530397132	21.2668715607418	8.30632346272107	14.89995332165	13.0462007389626	5.75182038480642	-8.2124780324005	-6.37786678216127	1.51858524651376	35.2222213946573	36.7149267138861	39.3433247377039	-89.5054387033898	125.959252386512	-158.941599934511	80.2327704821943
434.779	18.4324784214834	10.8690501723337	19.0257250287884	8.64579563304606	10.5631233379974	15.547082266349	9.82120122482997	29.7792556488199	54.1711273207513	56.1022125144937	71.4752615727579	106.535818971753	1153.21922633765	8722.09735813309	7918.23689541977	782.903513302382	89.4313024656366	52.0431520712663	53.256590065746	54.5435126139356	43.6936696330373	54.8370130447881	59.548224300671	224.344155831372	1192.9240800514	1471.53451069331	369.794798200091	56.395598100358	32.010934981345	20.9904268991153	11.0413267893102	9.945331451448	5.69602607259027	10.237395077806	21.2103587827364	12.9658789916497	20.357625851901	9.75394121662995	17.6790093046189	6.40281040578247	5.2223033870891	3.03666164563417	-0.478145014470302	31.1310220975151	-6.99847943970942	16.6635459600666	17.1175379245856	82.944966489134	-9.47341716168095	161.831478932455	14.610570872672	54.6732819558169	93.375758092782
439.393	9.34970104789897	-3.83109738419027	-2.83486956658881	-10.9574449782198	9.9809920089421	14.7416507289258	36.5401012990653	45.8585439190449	43.6775000101216	58.5660244805044	91.7360879000094	799.046876150249	7770.70354201432	8694.9686442094	1029.6652534011	81.8625452506548	45.8061856059814	45.8554104590113	40.3980649906046	43.0058413317734	44.4045441614664	42.8220252208086	117.678049967564	787.246794723937	1500.12112402487	610.431965664644	77.3770013029294	23.8910313900263	14.25424832753	7.3113052635857	10.9678593036236	-2.40303808449003	2.15547637727831	4.39752512186354	11.6734911571716	8.68624577043948	2.21179973221355	0	11.5905078847081	1.12238946649252	1.59617073573174	6.89475682821972	8.54934304718696	12.4780570493219	-8.8478886491407	15.0478809029315	3.57971371726356	9.63035789274499	61.8396553328366	-60.9759109404542	-119.009503805676	-70.6023413926207	-251.762074519687
444.01	8.85891319917222	12.7408486855393	15.2599383686538	2.92801772800192	14.6758485658861	24.2918725749762	49.8066112406339	44.2572883613265	46.9843037182761	77.7402181360329	521.913853207628	6343.41579809813	9077.19710572832	1378.61643250554	78.6531370635907	48.7702100560435	45.0142646284561	45.6261839587285	42.7946929110386	45.1984584799732	51.1650733091571	68.7997239396368	475.606315682247	1391.157665013	908.025871866028	125.288285111646	23.4137056169926	7.05919407064781	4.60740114209315	-1.33865074682792	3.96730327130763	8.97559377620216	0	3.26088677865504	-1.68901800700988	18.9530983702739	8.43485561088421	6.60661297406102	16.3212159913677	8.87768429223182	7.89069897936594	12.3555788396878	23.9495050266442	14.4826829182599	13.7467622277787	8.18284193581228	9.73300882455823	45.4919444983939	39.8746249079888	9.13440974423569	-20.0891682072227	91.2831882516191	209.615222097992
448.63	-13.9888996233824	-5.74612110175413	-10.6992654704494	0.287410692652579	18.8763508107575	33.6095447674126	26.6826876058991	40.4044895229122	56.123029290757	374.464104088216	5176.85514953219	8915.62425742131	1719.59646599131	76.1824150107978	37.5730862605691	24.9546838401466	15.3571415332784	33.7313125735663	30.182631365052	16.1033100257018	31.4298896534139	257.908756790168	1100.14875344345	1096.07868365835	219.132781832764	31.6934628565987	-4.54307433803592	-7.72874522192305	-5.85273693973726	-0.78840206741833	-16.8751140785353	5.70080481707188	-0.784458335635688	-9.06906699982393	-11.6054380907065	-20.3482704937863	-12.2660039240852	-2.59398868087885	-4.77212608133757	-6.17257812940246	-0.387270752749192	-17.5648161407142	-15.6723637350639	-6.31823425444633	-3.6800880514716	-18.2549524123649	-24.3187743369575	-50.8851834447754	-1.30468171401037	-120.147435879611	-197.192854880428	-89.6024778539743	-475.810233556102
453.253	11.5861130747565	3.67546911268859	9.97227159233416	31.5369826444209	51.8061289214465	38.6121158541929	44.0749548954471	60.512803338614	277.90213024292	3888.17468321927	8310.73966398469	2175.67330413282	91.1808009520095	51.6931865287966	33.5808885955668	40.2754329770656	48.7394764588506	34.1853750804745	42.7557377399885	33.1370226707587	134.208302691812	803.525228558092	1255.68652127968	422.949498075001	54.8443787507221	17.4056973232434	11.3596151014113	13.9630759951059	11.0453594338997	10.9111375105378	10.2656768965079	13.0640521759548	12.1490053797624	23.2038796596756	12.5650528448428	7.18395676244837	2.7282229403871	20.8346248684603	11.7935935688614	0	11.4849786812442	4.54758936251795	8.65771779233036	13.5326255397379	12.1263805794821	5.77464010164609	-12.0200403650083	24.6377330422276	28.3740608197778	21.2723362434949	58.4799063269859	-78.1549692251869	444.932712960688
457.878	-3.70146526935902	3.30915951335712	25.1395242114169	36.2981491253032	36.4743495357174	35.3500382409436	63.032034412876	218.008690754676	3218.21881720012	7525.86329744162	2135.79133976327	101.565978455382	45.8173283463173	44.9583942218202	37.2887287905369	26.6748277020663	21.1016962390161	24.975870736295	14.0131266073229	57.5922378358665	530.077561666527	1214.02472854309	638.152583200917	92.9238662820134	22.3815679161209	9.81244881714575	6.27919561013532	3.9137591961707	8.33447313295423	-2.83016029472997	-1.52502323324279	1.52214698033549	-0.768000903739176	8.87880380070379	-3.24627527303518	6.26100415343196	15.6112723548683	10.7931659758023	9.34401988412708	10.664261304526	-6.82462910094264	2.45661679754558	-1.35384420113025	10.82494307828	22.2177733722352	11.4380641528815	-32.3116471021529	-22.3671059129482	21.7142756076133	38.6237318959991	-30.3373518602105	41.2812590281585	75.5396822507618
462.506	3.30361265889065	0.98449131745315	35.0213359207612	19.5328557865007	30.3836381388157	39.245123428337	190.531816110916	2718.51887682306	7202.37622111172	2437.02957845746	111.922280523614	33.489822038066	26.1522730829023	27.059945680052	23.7362660603705	22.9918399260839	8.89363353944427	12.6592767312734	19.6364738773714	278.865821354142	995.971279078994	863.932465025488	150.10167190485	35.6621641943866	13.263119062789	-6.57489198428261	2.5945718634293	0.517494538911022	0	-8.67501429410725	-1.2602832011352	-9.30850631057805	0	4.40248005366128	-13.145378973945	-3.66891454751091	-4.16807884763395	-5.03689450181103	1.98563722663486	-3.52518940869684	1.87996379823614	-9.33871100766999	-3.13269711965623	-17.3803363588077	-2.38194502148684	-5.67146773550365	-29.5132120398999	-18.1481580105461	-30.4004911063178	-50.4896644302257	30.0850406075858	97.2275811944016	-112.367144888097
467.137	1.81194591874339	22.6786547858958	31.0588364066393	42.7000139021095	44.5183901419736	163.903900131892	2843.9879752129	7137.56585157177	2665.81368117915	131.957684334561	44.2401922390476	19.8874820378663	23.471744659351	22.3897326689504	28.6137909512241	11.7154946653676	11.1044584552807	22.8222764972714	123.176770622044	728.913217932479	990.729744605849	298.170597989515	43.3793090616694	16.336322201723	-3.74115962360312	5.97179738650764	6.14759941310827	6.89712590852599	1.52996315099304	-4.53411365011056	8.21184413364979	-3.22886762444331	3.00762212119831	2.81235263735464	13.5075262995657	1.95038747391361	-6.46634967266581	-12.4317273849017	-2.28704816358212	-1.74012752076919	-2.96960088241709	0.801710756201869	2.65094204196292	-7.5700567223189	0	-1.39979387566478	-4.99491726148887	17.9168297326147	-5.0021644310793	29.2201218315492	135.007077390363	70.7281878410403	-345.130612871407
471.771	19.779976069349	26.6861048570706	34.6030294920528	40.1884723973516	116.238713037785	2499.71549432883	6834.7267418408	3054.02492689476	152.575741596113	48.0792422719513	25.8014480739103	23.6836640483528	18.8935500417033	25.754567039507	14.6877917620766	19.6196952684451	16.145716520448	56.6222100949856	443.382370614469	993.468747171705	458.31422084309	58.1346255561436	26.5810440313339	12.2989155344812	-0.795586313217864	12.1105239216876	-1.52522324225826	6.59121659915058	5.31418734572161	5.74957281233664	11.6067989344423	-3.69731108359417	4.47715752597716	12.1788469608964	-1.83988861165949	6.63623789769347	10.7925998299494	15.1131645941923	-4.86358348661846	-0.690762754257854	-0.368379913990129	-5.96714813421431	1.75386765665964	14.0234138716456	9.91829733001554	13.1970098216433	-12.3924208271207	26.6710596765618	33.5080829699995	64.819330819636	139.340614250641	150.408920939972	660.552068205209
476.407	23.2717003291692	14.4036081013194	35.3165831283838	124.652596336211	1771.056243133	6760.86972731229	3066.17197078529	174.47841917815	41.7464344029522	38.3657240250917	25.8931028018944	16.4552372590484	30.1459001764253	3.51911779466428	24.370079341498	18.0850697902785	38.270110793119	236.211958859672	826.515800077383	682.169900903995	105.85786884117	32.409668835245	5.46499155682307	1.94788749395727	2.64008394048582	-0.769552078489466	11.3879713256051	-7.82358159413846	6.04617195864447	0	4.67110781072162	4.17152971825374	4.45711728079493	-4.04144437139058	-3.40164141506537	3.57853891058425	-4.06540739651743	1.5352567777392	4.51902598626132	3.78218953674881	-3.30057904801175	8.71264317532704	-11.785615788307	1.49578323667878	13.3588085204285	-22.8185248794476	-9.86956080038972	31.4686543476064	-11.1193657125342	20.377639714212	205.407732812025	-14.973567421239	4749.29985930898
481.047	21.7393943039576	40.7822889921424	93.3612599590779	1872.31789932944	6702.64782658216	3362.24946628573	194.721942973643	44.6723044534763	33.7233989905588	18.5386892021645	13.6088323408612	22.4915827789911	16.4144076352144	12.5106138171243	18.4362836340062	24.4828483748293	102.855218050242	563.506116336967	807.471776685054	221.183670490347	37.5674751936788	5.76088773375827	3.72204905123958	-1.38496461999961	8.67230454832824	-8.68157503799076	2.26714452450104	1.50729416657414	4.26305582646526	2.72492754976473	1.95775851991265	-0.977033055743842	7.64092780268071	0.251431373719312	5.20928381223107	4.65815738996381	3.75770112790731	1.52821292653263	17.0292498793725	0.342257874706532	-2.55533894868455	6.70160789457172	6.51752370460878	4.96306830824197	19.6571997778063	17.2074485631834	-16.3737977614468	12.72548641526	51.6522971452948	40.568291734679	209.776096940628	561.416686598203	15515.9295459078
485.688	24.6325494900466	75.6401955132398	1482.48182439712	6522.94264825891	4115.15091933943	268.248108201108	41.611778895339	27.3942741844474	16.6504085168825	13.7421097261698	21.0678282109047	17.1424503357413	22.0946110284398	18.5473984640278	5.3459530217471	47.6068701159528	353.104653157178	752.359776369259	369.610627219407	46.8569984069424	9.48443051733436	3.17391118618428	1.72080896054448	4.71693905217656	-3.94870335245098	-0.767332388090102	-13.1214765577626	0	-3.26556339653326	0.99257866150618	7.10902108114516	-4.6488500223029	0	8.56329792481891	-2.60909980414719	2.47030407627581	-9.26555694877796	0.918497096575845	-12.8742609733837	-3.08559290469517	-2.55971246369358	7.10796476530875	-11.3163762054615	-6.46303151184787	0	-8.96318772140771	13.9415485742574	22.5528558432794	33.2618792856507	96.5145973449025	122.357166069321	3832.13029497742	23034.4490321032
490.333	67.5665465502478	1412.65532381862	6222.68320379548	4029.97984736924	330.20059860667	44.234000951926	19.5329216205094	16.6607314689843	12.5053485582625	20.828085860036	20.270073189249	19.3736565150845	6.17459952553601	19.8284158377023	24.3339214407568	202.252253972438	641.474422990845	512.462694169595	99.4466489700264	17.0910935568537	0	6.93462484091703	0.574408752179552	14.4485522046297	0	3.5859147035965	2.77959610768812	-11.8439601889163	-3.01860062491527	3.72739867644774	-8.34642251067134	4.41036044175233	6.67575637998128	9.58418918537198	5.48680633481171	10.4448244886966	11.3082604585527	-3.98574518257423	1.93385190205942	9.95643264534096	-4.39424263597215	-5.14074140369322	-5.23027976150248	8.96138365337922	4.63964801688357	-0.690444515786499	-4.10621555306308	27.4942187511637	38.2432116666763	105.128261225289	295.667916697579	12474.4106266645	16768.1213558902
494.979	1064.64042462006	5946.29131254834	4473.66645892408	351.550578542785	37.7990550612358	25.7592242595075	12.8551036912322	19.8142525102371	18.5918120018801	16.9174639776166	3.51512435682619	13.9740370855007	10.802129397775	0	100.467289301624	470.569069243718	593.392525404725	180.055408835411	19.1183030389821	18.9495773738506	8.26961908370934	-5.48817386914252	2.58402132725356	-0.833306508716814	-3.68946556244581	-5.37716973418089	-6.06265399190066	-5.03838799048357	-10.3102880718795	-3.47780441715051	-1.47243194300829	-5.14379207759236	-6.9208156028255	-11.0939700509013	4.70148844649171	-4.39642900210072	-2.60877267394513	-14.0989425433164	-8.37737277404752	-5.14824910568146	-0.366070994430551	1.18594948771543	-15.2501546960404	5.97236501892064	-2.89886227966429	2.07067800563953	-13.9567144201077	21.5957635929546	77.6954782450712	94.9245070287152	2910.47528587756	19051.9573795961	4874.46600956112
499.629	5423.63763062113	4426.56121539189	406.031387799592	34.6060381926798	23.3637978238153	13.4579978919357	6.15347530245825	12.2881196251863	14.0357225443933	8.8802149438457	10.2884546912386	-4.14748027885928	-6.65459769698172	37.2047250438337	297.519125234392	591.646011804019	282.078306258454	25.8640782600554	5.56132093146588	2.78227834371252	-12.4966604741617	-6.61135487419592	-8.2859050955637	-9.12191102025186	-5.24510025132406	-16.8177061048453	-5.53047704958048	-11.5320845161086	-0.750752125091495	-12.6076942337461	-6.10537524171864	-13.162738177693	-5.65738136050467	-11.7928980218929	-6.75809960716266	-15.5863099935257	0.288457675668832	-10.370411711822	-20.5212040834191	-11.2712116756253	-14.9361115396388	11.4085725218686	-2.60163177159697	-14.8584916379334	-19.6166511241096	-8.92941567914426	-12.2550165547616	11.7223720827807	12.2727974665678	128.201258389281	9462.85044889557	14294.0314244213	-133.064967221633
504.281	4815.46758045071	490.47371996512	31.3761510713484	19.2153597822109	13.798875928774	7.48438654723092	12.4817606141702	12.014744065843	9.4200318830715	0.925977648141627	12.5648769165121	6.10553430273093	7.17389056499706	179.217017336234	514.956089996184	394.19858401717	62.6642339325478	8.00746012736994	-3.8090438118162	-3.71353542009012	-19.832238157509	-8.92015879434499	-7.15039813629781	-9.13133109484709	-9.97598191178675	5.35661430287632	-2.51644922668538	-2.76052019539917	0.501018277796591	-15.3428288204146	-5.62274576602542	2.92807359112103	-5.41699654626462	-10.5492171984788	-8.06605526047936	-13.4125944302788	-5.19760011642486	-21.0675692835827	-4.17267419854149	-22.5657026080921	-19.3275951370872	-3.93805310378771	-18.2302290916983	9.91589053468907	-20.7920212680665	-9.62622442534798	16.3568961936326	30.3140671810596	68.798639947177	1872.65813108404	15244.7947697244	4774.56072018676	-520.700219061045
508.936	609.917336360284	46.231151429273	34.079159991387	27.7329550039474	20.9412671955115	22.5508429774201	19.9974932844001	18.4989611726301	17.7904582270567	13.8184875996049	15.3694532272292	18.2227400889369	106.802025603626	424.485012702988	493.753249771404	132.63458683873	39.1221965178511	40.6287734447982	8.16205275661715	17.5489012768957	14.8738433428967	14.3136253851863	2.27640197123046	13.4891623273409	-4.70124962810026	4.56785529596536	-1.25177688337565	17.9762661945524	6.23063532977119	5.90872451885979	13.8632232617133	8.01093913370443	7.5939253266077	7.99631092390003	8.02472102995542	8.98668259737116	18.098378159367	3.03762452595716	-0.319330113008371	11.5651852160941	10.5212829082384	6.26859629169828	22.4550967236482	28.6087229669198	32.1774028336161	47.2004118604785	86.2473018773761	125.499205312335	196.782490398279	7180.09553636697	12762.4903805483	711.032728325351	313.228595653474
513.593	50.3545744478355	29.2772219139479	34.1655351608332	18.7379477698165	12.9542876821388	20.304542594182	14.750500734231	15.278925235531	10.8964056845356	6.777445525177	13.0389370896444	46.861826215548	288.131667773718	497.171210783534	238.009518084905	37.946090808659	23.085773011819	6.60005190593742	9.27377182749688	19.2832701836565	-3.31959322743688	10.2458313952317	10.4670850207549	0.273686869892259	12.4637034165342	14.1283980195333	1.74228831745643	11.4179960261405	3.22107427025833	10.2800884856136	1.9343916573116	4.10282955435165	10.4722052540798	0.993721639849096	13.1251261906726	7.85142565596126	-5.9976824127339	5.73789707021018	0.317471640682132	15.8941239305753	8.65659309926571	11.6852130547849	5.58110252378994	12.2595787893178	30.2763761252484	61.2074474867371	105.159391993254	166.358415076945	1432.64782013986	12312.4957425225	5045.37535561332	407.446182834119	419.19989139194
518.252	30.1330361447568	27.8790821358564	30.5965377971091	28.766649924371	11.2788063234202	16.8365658445032	11.1675659248593	7.88312886461521	6.28544041058407	7.47290939852093	23.7186314231408	158.876801262914	449.597016093661	340.46426922569	70.834213237399	18.4070083965033	12.9837901074015	1.83885265476638	12.1114814140817	-0.913698559644356	13.5128279494328	11.6110129524151	-1.97044182096524	1.63398009520632	5.16746344482947	5.2718826879962	5.69628053011005	9.63248212056761	-1.47927931846832	1.70485383625382	9.6240077380664	2.16131770947943	0	2.7191864653592	5.88982913777055	10.5064665119745	-0.852563968070707	12.9213876762254	-1.26359086175455	-1.00948888264426	16.1506432767364	22.4794107413142	9.39811765629241	7.80723176097597	37.5157390630063	73.7615112056666	100.613504394767	164.571256999452	5540.15954618633	10842.1713812578	785.818486772551	210.040075327381	536.299237610534
522.914	19.5071190243245	11.2111878906656	8.1678394765003	18.2715457239366	24.9433179477404	13.8091875247134	12.847131495931	11.7557556547234	9.99807434070252	13.771464218233	79.0042577586127	341.708459825253	413.133060213697	129.619990623642	23.2366419716109	14.0766892578839	17.6245142752258	12.0134401287725	11.180809533134	7.87255492180424	11.3443076457432	14.3587652220287	6.15671319505549	17.0567673720318	7.19227218173301	10.9814524379347	17.9740960830692	11.7862461664644	6.37283902683613	9.20096488720486	6.21913502156176	5.01367366656774	9.39585944578521	14.25394123125	10.1834636402597	15.5339081431983	8.75846661295178	0.298745496173201	16.6449701358482	18.3993991454805	21.0518364960929	7.3210132983711	8.49393353133361	9.70214476363138	52.5548964944435	95.5327584380049	156.042011399946	987.411631424381	9728.30981214715	4791.38400739673	225.806097020113	325.363759851508	2168.23535206097
527.579	5.92124682426458	-2.80253326567545	5.0692164755033	5.03082181945667	8.92383369766071	-3.55657727871559	7.92958194247269	-2.09904456963702	-2.0306677728703	31.707624838608	214.822997178692	404.755012760426	199.528504262423	22.0088708587099	5.21589821920983	3.75343061953484	-7.44627719834841	-5.22274339966779	3.15326495377421	2.72485876710363	-20.8954426448711	-9.29009157203845	-1.67894561669212	-11.0993915011497	-6.93475278604501	-3.24421477105508	-13.7870503747523	-2.4552369235302	-2.6959474490396	-3.63161810339184	-8.84947483106627	-5.72937365101503	-4.81793611116882	-1.72014139373284	4.58212747854267	-4.55261365952814	-9.88766094849133	-12.5461302994001	-14.4452186173878	5.35204887263678	-0.356777216783197	-7.70560472166994	3.82191046285762	25.2232029845466	29.382768724648	46.4164798079008	118.420742664715	4086.08361479401	9038.67622253762	842.543424836857	171.285059821705	194.228744671333	2262.80867585935
532.245	23.6992239163656	15.8905676350441	10.4263193965884	3.44421025400214	2.74744543180977	5.65207688106844	-0.793434827136976	8.40122507009955	19.2247899689031	122.73694216583	344.810629490573	293.109752271183	51.4169970312138	11.0110499973061	9.48915163944216	7.51137347816496	3.47701807668503	-7.05494164049889	-1.43416378388587	7.87654582183428	-4.48028625409854	0.845061425342876	3.07991713455283	3.79231424479993	1.79897955508772	2.99645982473259	0.246345312900596	-2.94805526667254	-1.47140069154453	3.87605440387181	-1.43591255529921	3.34414352669423	-0.482083208579618	-10.0811698470811	6.36789126784413	-4.01942660612485	-1.69604644172824	-2.69007247550837	9.42645742053011	-12.0493482588583	17.4925917879968	9.25228370627199	-2.12455985800322	11.163122625862	55.9738959153443	78.7535137739515	575.646573039615	7896.59655124321	4378.93638649533	242.996725078044	83.0972199691587	1030.0311079804	2453.83740076568
536.915	20.0324683190345	25.7642488201819	19.0387530532774	18.1672675908689	7.3880904726086	6.75505161946692	8.16104605325333	16.8024544987804	63.9907091787028	261.430988655872	352.791742504607	118.614913999794	24.5334700017851	15.0515232284358	0.478444744585342	0	8.76559406377018	-0.790469856645552	0	22.3007625396236	-4.51793689037814	9.94190170062474	1.69407250734255	13.6577979418921	7.25639000368041	3.77705117901536	8.44612720467247	6.68886662587142	8.40800613273212	11.4815927040967	10.3771858646078	5.29924441813282	8.02121849237668	3.96717588180609	1.28428092497846	19.9958081350588	-1.71029937648936	5.12394890155673	-0.633711587614628	-3.71268530053933	8.2798089279131	8.94128489267044	12.4260003760138	57.263530260565	87.8022124471508	110.638449257018	3138.97377059387	7887.66130950592	856.223326996162	146.68988066428	327.326319031137	1945.08858067212	2068.02572379496
541.586	11.374087035153	10.8041227400026	18.3929178874632	11.6186619498993	3.03551608830277	1.49445792948916	8.90113323923354	42.2692398359895	178.531918657191	336.695981874159	181.999067547981	37.5493026880733	7.67388805192578	6.73785006045713	11.8550893844293	4.54845954400487	8.10532154653626	11.9917766876069	14.9190194564119	2.78064996708674	7.9200734454242	4.88379360394542	2.5699827804788	-2.21007812453758	7.33884265168439	5.3479564889058	9.29581313431926	-4.76046452416189	6.00250187518022	8.15314523434342	9.7628831440547	2.19250574283755	8.84984913391972	13.5413571338652	4.41617128107326	-1.63970398267843	-4.32433276221482	17.6803485417596	7.37049148343481	8.53379924517321	26.942082297293	23.1969597229756	32.9347155391097	81.1788817832784	103.215454555453	448.955383679578	6432.56771812004	4137.52809577845	170.492042927859	134.869711979686	659.442936365481	2323.96016786271	894.640414508511
546.26	7.15459431851295	10.5539001490454	8.67721506428245	4.07912832700105	3.2900740378674	7.95015922181233	18.07981740478	111.527738684344	288.774475388085	257.730733625024	46.5689943112144	11.0428740305868	11.5849767678112	4.01851884734032	3.89598417566082	16.3835532421012	-7.64768468546216	1.07280171419343	7.94917974388321	7.77378044391836	1.53290172922708	-3.75872178866701	0	-5.00470626256862	-9.23264289747812	-3.84457447559026	4.80427336084855	6.30411590889602	-4.78258957063655	8.20566206555104	-5.8954612652889	1.47108554922843	7.42237803497835	-5.80476599811616	4.18316908478581	-5.50088601092726	3.19160385465987	3.06797119319528	3.22520304750559	6.18391294702422	-5.12998296723065	19.7850662997111	24.8601433714756	91.6654106791703	106.201643365262	2349.74382090425	6852.02170524811	932.46956286051	120.977286462051	103.500566502282	1255.41475748557	1491.12988545557	-12.1676089089976
550.936	10.8125222698731	2.89996190662076	2.03989535681779	11.2333866757039	-0.710312786846483	16.8857147231106	74.8318783417098	231.971392587643	298.379332263446	97.6798316524037	15.0140403970692	3.95585468274279	9.07823541018199	6.07306614385413	-1.96262773201101	-6.79685426429731	-1.28419053848083	11.8894807079376	5.04264293212594	14.0979354684264	2.16218620611095	12.234799654964	4.34328326386661	-2.80128199779809	7.70737933548316	2.58230634190408	-2.03805002225916	3.81088797615947	2.53606426216415	-0.501049260834492	7.42469376835328	6.66962145740235	13.9592017742395	-1.7799412327848	-5.53165993975334	-0.83133228593102	2.92325726945432	13.6004944180866	3.89932155183495	-4.15358259341086	12.5521334275584	15.9469722868279	60.639917567108	100.384903014522	312.81291256567	5132.26249552758	3880.63266786771	132.655112799157	68.4055273624625	333.34830087833	1718.68797719074	537.624196427348	-122.590265259547
555.615	-2.88752387499943	8.71251190247157	-0.291836552281136	1.64629605943194	-0.948458222579304	35.9884191269261	170.7525460143	293.067775604371	161.546450034964	21.4043412858534	12.5298586168981	0.990398958033383	7.01337396345655	2.78752833864955	-1.96547610231568	2.18787382573117	-4.88700630157063	3.7885068975902	-2.67350894582184	-1.25496852128904	-6.49597258953409	-8.46009824143049	3.18969690605136	-5.61069502149311	10.1139818410059	0	9.69478730301878	3.05313498778241	0	-2.00710574336794	-5.70052643208817	1.97905218029964	-2.99559874831952	-1.52787811659895	-3.6931253748537	5.27274574696956	1.17099992226153	-1.85730448305903	-1.30166021814762	-5.54614760825673	3.69716188067573	29.1454620617383	69.529073032731	98.0173272663874	1744.34036093488	5823.56509560298	926.998906675302	106.079828547327	103.379977861109	696.76749195727	1452.24757967405	-80.5090770542914	184.152271580274
560.296	-2.53748490030841	3.88893510471545	17.8788405317162	0.826699686174463	20.9561122742187	113.221226466791	262.928247054905	218.164155683304	46.1694868279663	11.12548255604	7.760084923183	-8.20604611254297	2.60875360576229	-0.509010137042073	-7.89582635593961	-5.85950372578109	-5.68305433977285	7.06615605198496	0	6.93210850163314	5.59200078649152	-8.78958747860523	5.53324834378373	-4.78966807808073	1.0692232505212	-1.81804851458469	-8.4554837341659	4.34393693147166	13.2636564384752	-2.51970731305429	-3.73377562799919	-6.95656935398848	3.50994458472719	-1.2787254073254	7.94798612376646	1.11484130293553	-5.88026231793303	3.10886373176631	10.1313930499268	-0.696259712971245	3.71311411332109	45.3102395227144	39.7760535480318	248.877132151758	4097.09813837606	3560.74316274456	142.397825867339	53.7666058008387	140.102599988484	1093.50410177302	858.902469222756	50.5352821821308	209.606416154689
564.979	-1.09735866887287	13.0807112477897	10.6471637647723	17.240113674389	62.2371541606366	216.632366448506	252.322524146589	88.174854597277	16.5683781692722	8.18195748669105	8.04211472208979	5.01847686478806	0.263241877645861	5.90671734991492	6.47355550411551	2.46360746028373	14.5971836624143	7.40449694125256	6.62298178008223	12.0822602186509	11.2854566531822	11.2344742263909	0.881596249610384	5.6860203521732	9.98003453863935	8.12439517409837	12.1519029942766	1.54706213864419	8.23629353727	16.0181576415278	7.28411632812011	-0.250702696637615	-1.77089243092109	11.6129276765293	15.7728355257501	11.5307839017076	5.34024432657573	8.78378375023735	12.5317864194486	17.9156828036779	33.3464971456495	70.4026619537554	90.9769278168542	1399.83458859763	5083.71552976872	960.782577430723	61.3411658299313	121.569925077103	431.694182140125	1360.19533485281	223.487121156694	112.186162722028	311.040955441118
569.664	1.84230173370442	-1.97645090198067	-2.38333358323915	33.3318032268234	138.697296628507	256.282174775298	119.785710123544	18.3560232589299	6.60970426644219	-0.191669131678042	-1.06590888952042	3.53861552666405	-4.77299409785685	-1.0347650628104	-11.0353374208873	7.19669207319692	-7.35194905675365	-2.20996396999394	4.24543628588535	-23.7006207273232	-9.47330027435746	-15.7836861851177	3.84817881099639	-11.4551773634196	-3.53213329781926	-5.54385742586226	1.82308907461786	-8.57104666446978	5.70384783575005	-7.68345728203323	-4.80724092574971	2.27281939725776	-10.957866614029	-10.9179703439572	-4.30864941557241	2.26635728231155	-0.298849156625669	0.315999951726328	-4.98292165966159	8.49254472390385	37.7418884132683	57.0599359815966	148.693678616539	3397.40242291604	3277.43533777869	118.129321937835	57.5574428210527	27.3254897986482	830.284027621273	927.989691126936	-24.7083969945433	-87.3230600738698	25.0651885936618
574.351	-1.8580826729554	-4.65122221007941	19.5304601169359	106.784426710464	227.039068085867	178.344981568162	35.0252640600976	6.56922086028364	7.83292860052591	5.60601745842298	-1.72006294285757	-9.4321639227596	1.6046263340214	-1.30453592278934	1.01180589263772	-2.2525876825615	-3.70746249240528	6.68668278172549	-1.83505808234124	-4.8453319150729	-16.2425606592461	12.0142546252325	-3.28404310942136	0	2.74029933449282	7.45512727249592	-0.262672205785468	2.61953492084102	3.13783981267159	-10.5906729229188	-6.3794989266362	-4.58457620002339	5.91139068247534	2.3596055120472	-8.14791899629891	-15.4289517616221	10.8507262764878	7.64896248056141	2.34528223000911	21.4132271496253	48.7234316488996	57.1376424837424	1008.99497125849	4369.94430166001	989.904529786123	61.7237561698756	62.3188902227647	183.730378131547	1124.64994958925	454.749896909699	8.3066820691653	-134.696913920624	37.9198410620242
579.04	2.99969364527188	32.5164162021622	58.8156275449584	192.6880152945	239.182149107626	80.1781440199789	16.5605476243725	7.53222141808643	2.52237385335545	4.68122565731934	7.59301545414068	21.3491011600614	5.93659241233051	-2.63255786097227	-2.29705613977223	6.313513176583	-2.6720256163073	15.4615865326451	-2.1601727907801	6.51859735415648	1.92809069443275	12.728523185946	-1.80742090712789	13.6973276363323	2.21197329361734	-2.14921025750059	5.03569721395529	1.05724604857278	5.27680937528201	-5.47332051147045	7.72431011902107	16.4474491111385	9.07656993021425	11.6396911288431	3.2885055642482	12.1083185709276	4.86595599203137	12.8630265845987	9.46557478863091	27.0074775619239	67.59778316379	98.2986944960579	2789.99896161684	2929.42528068576	153.897855061796	84.0047361185811	72.3549126733641	528.3451386735	1027.37776939404	136.941637104743	-2.79381870566164	78.4092759751998	739.716207118038
583.732	14.3399198496547	40.4844642847822	147.066668586823	228.921777884766	125.935873096337	20.1730803718082	12.0275511059532	11.522398132405	-1.18465651757218	8.4409825371823	0.436669085231275	5.69508741797033	0	-6.35865669921371	-7.19222627946396	-3.81240080712098	-4.03374172641357	7.92183164364852	-0.931725362132352	-1.31208014297849	3.88091084106265	-0.915010744005713	-9.09505892680478	-2.93301441475514	-0.83480945295984	1.62224475723723	-5.60146354675789	7.9801957645668	-12.7455581440548	-5.24611483486889	1.55476912819489	-11.3801363380992	-2.87093004330267	-1.33117451664693	0.275799545547753	4.93241580819801	2.75465309971579	-2.26546536592078	6.12403517119324	48.2003967185726	52.56962820294	683.73767784669	3824.67611261563	986.941390981757	60.6070927040799	67.0517043284898	109.228380364447	821.958231877096	621.161102324325	85.9136635850229	36.5525587937722	-57.8688805209805	-128.355165741091
588.426	18.9653855159418	110.209505883142	206.093850369452	164.068432430648	56.314823567076	15.7202644087906	4.49035898541603	4.41932383393358	4.59289710282598	4.34085991236375	5.26698687272497	14.8313646627154	10.6459375354238	2.9293776601788	10.3274677173833	3.06561126549445	15.4070761037459	0.568756163831533	12.4869162111037	10.8803497245342	11.7026297174592	8.58403567179618	2.13309818426277	-1.17924143953283	8.6707435357397	5.16353676248693	7.23893249896435	12.8340010793261	-2.93588371411222	5.80041439327192	4.68830337736377	3.89955087961536	3.93504522022099	5.08448692960359	0.83165527113865	8.74904313776695	12.6135346819686	8.13257241996162	25.9900614874521	57.5552046231676	78.8715868333125	2148.19706925511	2732.62109374592	150.017753868038	46.1506756926763	68.1292308583934	322.400136106384	965.794748549475	256.549095507874	-14.3926091605997	115.87422227971	253.817859170585	-12.9015501644437
593.121	64.423742476586	167.675021870582	189.864621038532	58.5371678270348	9.26581419895242	6.18218638659064	5.55424800072669	-0.765764814597311	3.93204393903428	5.1557756649375	-3.97000518466782	-1.04600515150785	-10.1505273398392	-18.1994878786857	-7.52487737818226	-8.72935848686023	-13.0392971980836	6.57342226173168	-2.50987890149279	-13.2542903806678	-5.5538923668354	-0.6162132787078	3.98128926542945	8.29599242586524	5.05981603087376	-3.00437356610206	5.92790204042392	4.56811817202623	0	1.85482079104123	-9.16175809787623	-11.2346452196009	1.3182447408259	-2.15154827977885	-3.62187132245007	6.74116122021	12.9858330143008	19.9427635580345	35.0559274195628	61.5041430356307	444.749879761485	3241.37004620415	995.525680551752	34.5068447504757	53.1842239333182	55.2178351012454	549.946839777373	704.673182966425	85.5057553254686	-56.05041254914	107.932974732857	74.4006191409043	-103.728824657264
597.819	130.777662223233	224.919471045539	108.53038014256	12.5362815617694	9.82576596143438	2.3035533532275	6.63557910463691	-1.23263738479153	-0.343985762133069	10.5734442360358	4.43780801011185	9.99717682866157	0	-2.69258982256328	9.39774973306444	8.52387941028682	6.55909820947168	-1.43765157611617	16.4129282017969	4.66707167480646	6.9022037852263	-7.74927389035015	8.9350774989155	22.3558673555057	7.91845035304049	6.59466037007532	8.1324150866148	8.65084104713567	4.04785496744316	8.79706499013973	8.95384637274397	9.46266254635155	-10.0792817385207	14.6108275196079	-0.280291294669689	9.4357581591638	7.46537641703281	26.3127014091609	55.6681912412766	70.7157682471914	1629.09381876094	2613.62266356115	154.300341110811	44.863290582994	31.7303232492278	135.546761874248	805.243463155158	417.14573847412	33.0858232225555	116.417170295362	222.887184403045	-21.3859452426146	130.445594142155
602.519	179.732811007814	144.442407694308	32.502131439478	9.69637593752207	5.84016164354627	4.6432652558341	5.27972998057152	-1.24231165165451	0.520028264890057	-1.60851760924616	4.91990161378248	2.9166323305589	8.06677692772964	-1.89960569562291	-7.89292275298357	7.80979861064941	-15.1492385581124	-8.40382231723223	-6.99843011225032	-4.0317435899791	0.331255963848866	4.06124862802664	-7.14205820151519	0.901253031629728	-5.70042696254546	2.21547269768349	6.28378535556986	3.26952620922821	2.17579961030209	1.61201965984814	-9.28953529339895	8.47727073819253	-2.40593406264909	1.36347218152175	-15.5370127530577	3.86336195216934	7.8374665551946	33.1490184688777	64.1201132362596	327.771328866886	2755.60220266461	1090.25247731205	44.768420771997	28.52876234803	42.0120957086459	364.294909323281	760.951639877317	121.029907055379	-30.677855357146	64.1653152536608	66.2389675419597	140.099643535275	0
607.221	170.044711422082	40.4462864064018	-3.78409451663286	4.4472238559535	-5.38044941570188	-7.26201963555984	-6.39285986465994	-4.54402587561505	7.17119905588879	5.27486570283294	7.22081040314089	-6.68853856486384	13.1917415429601	1.91675095994722	6.1058574395009	-7.88028748200191	1.66756047123442	-4.97084259744282	-7.06159581785241	-11.1873654300681	6.35066981269483	1.89134041164226	9.71313599000412	-3.63754987155934	-0.575187728576753	-0.279433610209644	-0.827021855810973	-9.89710788067906	0	7.59065654628978	2.94591937163224	-10.9595357632434	-0.539477620689435	6.05342525703428	-5.13073476439311	2.69877564298106	9.17351797285752	28.7654618436997	47.8208831528473	1318.79869804882	2434.91171919317	169.112299590335	27.5789920308237	36.3901705253727	44.2894013303043	563.426286039293	421.98728843813	18.2112181256068	-13.4585845071229	27.7476222470416	61.0249229319999	-125.05289341858	198.983984832573
611.924	92.9271525609596	2.46418148633995	-5.09395024532219	-3.89130319528241	-8.27757687962857	-15.6096673198155	-4.84072526126813	-2.2147505605099	-1.059529756126	-8.19317133949088	-5.23983710930377	0.810338490812509	6.23420305289854	1.65871925649306	-0.804070382727954	-3.182409332725	1.68358705778826	9.74201999425772	-6.15726383474197	-12.6639618995502	-2.69966518582427	-15.2761416156894	-3.163382895572	-6.12084937993608	2.90357870774427	-0.282119190143525	-5.00982117399563	6.66148465573023	-1.66240321882057	0.27370031470474	3.24461673504933	6.20711975249115	-10.3485861896506	11.6676066881991	-0.287780289939958	1.21098356891867	11.1778930338308	39.8482170239868	207.677064674708	2340.38310364766	1162.40501018433	29.6177475826608	11.0416052998758	35.0948385406027	180.137804329884	612.949274471921	185.432694703536	6.48926204512979	-48.9165560707055	-59.763837940579	-61.6114211287264	241.530828946853	93.7516438514466
616.63	41.8056217913821	15.6618149423929	5.15073800710262	5.75069163792159	1.30778999435928	-7.41354907642877	0	4.79880166200758	-0.535670738985513	9.11296041050856	-9.21434996422065	-3.2774888345869	4.8710427972583	-1.11814052697478	1.35505703865929	4.2905161128543	2.2698077599742	-7.76109833250674	0.983037710659169	-1.73042442598513	-10.2366047537317	-14.1592378173625	-5.75756737066026	1.23781701896043	10.5694129213716	-9.69898542734077	-0.281426169900516	-5.05181056168184	-0.280155970315701	3.59777011807352	8.20196995006317	-3.82036700123831	-4.95660933954091	7.86511872928989	0.290988487461168	5.51017669452177	20.667437847526	44.3899852072636	1003.65533874462	2251.38119360932	217.372933848468	28.6266964408555	42.2316837105028	40.4763083883955	379.147868764621	520.586526150365	80.4877675776111	-6.56160485363837	61.8273521520263	39.6572465303596	-94.9306973611369	16.6515977594204	-230.220786936044
621.338	0.802543429631551	-5.38113429098997	-7.46226165679163	-3.05041999748123	-6.85384870976727	8.67681091685654	4.56766874025709	-2.41822086831167	0.719829796850731	-6.88832939625096	1.1608280014892	-2.20213085229304	-0.866338148004966	5.63455409595787	5.46274247519975	-2.70260586149938	-7.72068819093917	-0.300845138345435	-10.2377324846586	4.53439285762333	2.06337940007935	-4.21622434622489	5.80272765872814	-10.2920895869995	4.73436248694564	-2.30001430149044	-6.52357223829423	0.282857508173673	-3.95294778206171	-2.78922287164814	2.2043475341256	-4.12535634237255	0	-2.2648028263862	6.74523061993825	22.2135861563451	43.2863998617019	149.012501054401	1948.89107733794	1137.98841101806	35.3484088028074	20.4177963364964	27.39683098472	92.2051417725723	506.457812169523	255.747474871984	30.4196567563347	8.81742896346074	-58.1581500915822	0	23.9188249036784	50.3466207132843	272.97241882673
626.047	21.8772451479307	13.4012287709547	9.49950467055547	14.1669968288174	6.91982066451308	6.8135898884375	3.87377339299133	1.30213201911334	3.99717198724393	1.05373231000329	3.75040509135401	12.7841333434563	12.5370386544295	17.9196875196312	7.99722021961906	-3.27434386378324	10.1046347353581	4.25237306893578	4.33456740860219	14.0862732642408	7.98575536093073	8.5136155152222	5.85858201191197	13.5399917335663	3.58494994102092	6.0956520651384	0.859091100728903	4.56928260440537	11.6879198322531	19.4308873581992	10.8496320882866	8.88547221479563	27.7396428838636	0.571650690827951	19.5421898460193	44.5433158572452	58.4898023720531	769.95419480554	2102.43076333068	233.056671938428	36.9336092389451	35.8510061429487	29.1423547657977	226.807585067017	479.785217950679	107.195932686035	36.2965462375074	1.11278767837187	43.3394417589269	111.451198049725	-27.1676884155479	293.691573238789	509.859859702304
630.758	13.1034111286762	12.0807070348227	15.8920424244079	9.64977471822747	10.4911141887197	7.62456669805202	11.1866920580241	8.22565615233531	12.8547522238841	3.62113511158396	18.0055878498278	16.2920963349294	5.30437879307826	8.91224449560307	3.90215583121474	6.61896062215381	14.0064903969174	13.2010140896193	1.68503113114252	34.8817053465931	10.8789097815153	7.94305267183478	3.61866358038908	6.68351233662687	1.20780648373898	13.4956629229227	10.998591642515	6.9274722406004	9.22016857300858	5.97720779035699	12.9343244806161	15.4357856824279	11.6114122245948	10.4001296524211	25.1387740316766	46.2806400219199	103.289471750615	1641.0674445538	1162.54318252063	40.5048901219402	16.3580626077002	40.3122356224198	51.9208129862508	377.507015165815	329.48920874347	86.2024786781339	28.2200296351496	11.2472882054775	56.5219486510063	75.7455058779096	216.622738922446	331.094259683319	83.5672025325315
635.471	21.456616948921	6.64009714247253	-11.6769665998238	5.64613815971777	6.77673543376684	-0.9913727577925	-4.6969285826233	-2.48665377490354	0	-7.72719414753064	-1.43241374007273	-2.54750473871018	0	0	0.842599783292251	4.446538465126	1.47021757518416	0.618717428776766	2.37716583483103	-5.02138110952101	-9.54796813093215	-10.6720952886837	9.61340054136218	-17.6389067396105	2.43416978659697	-5.02584195478953	1.16664033569914	8.1441375314185	0	7.74401772767703	2.2667280680444	8.48419849155057	0	3.78445303677464	23.5224701488054	44.7326523172063	545.515113174401	1844.41468480216	271.942649965575	19.8136165215395	20.7103221444601	12.7799284897109	89.5471281805558	421.205978598355	133.879175725134	19.9230938038969	-28.4368168409325	-7.93358317315794	68.3473825674203	31.3137991270117	107.606189720328	-46.0189981783252	-14.0348614267387
640.186	14.0555623047472	1.10875243271984	0	-0.942782806597368	1.35788168218694	-1.489840043022	-1.50582789538574	2.65739092724625	4.82029853659508	-3.65577659309437	-2.87018491125673	-1.13434166832424	-0.892520495880243	-6.09508282503511	-5.34644486377071	1.11371345206443	-2.35674717855961	-1.23974894873353	-10.2069055885157	-9.34286126294096	2.48002831748814	-7.01665969317257	-1.32846597020717	16.7079713268475	-12.1936092859821	-1.4809531284242	7.59734323457812	-5.82811974839112	-0.87265997267407	-6.60909224462799	3.12257963974418	1.98334839408008	-2.28731560094138	6.99974812259659	30.8176769455462	50.5375360548388	1287.20790381157	1095.88396518943	29.4441107560749	23.8208032721031	12.7035011752783	11.4319891649929	224.286469195306	305.125022888792	43.5921002738474	19.9603514060798	-11.3959982842488	-5.67744252704581	-14.2656660485699	11.7646343093114	-73.9250886495006	190.18336003185	-365.588798006972
644.903	19.6517591093933	11.2142143279669	2.02842480863306	6.35703585754178	5.49358928709103	14.0640592010203	14.8495817055403	9.57512797897089	1.31260149568743	16.9652238972425	17.9017141070378	6.8838183607102	17.4525625552077	11.4487794786844	18.2148555669243	0	17.2816525294702	-2.19435083287834	11.7000044361609	3.27102096542378	21.141942034377	19.2628366225968	10.413252589305	815.696061849335	13.2579081428695	16.4766252879288	8.86633059631629	10.0210136636381	4.4131564811987	15.1130314984158	18.0882126210271	12.8957839651199	25.1587827071449	38.6435248142637	43.3932658698134	410.205879336366	1665.12309409759	337.434479445315	45.6132469313535	27.7069364896697	39.4025447688781	62.4381217756972	335.940793886916	213.116613878503	73.2575616362179	32.3014807812736	59.5521005944739	17.2269450205824	63.4861507643034	109.07472775674	121.500897430343	244.817316316304	725.310516730064
649.621	27.1386331051715	22.366809086355	21.2570881937871	13.2163929893934	14.7640831742787	19.6118158079809	16.604373373982	9.02921559530894	7.79692098834746	15.6612983621698	14.7203646871896	20.0711230324611	22.8874229298277	19.9468263867045	19.3385978539553	15.9933775346443	21.4545814135246	23.2078712059124	11.8656203369742	28.0129491093118	21.0778001020935	14.0518551385277	19.0773109223625	6.26199428267397	26.5784651387741	15.4945930142203	20.0817654534667	9.56504763722582	10.1447513443009	13.8532133755416	11.0647886609486	25.5753937787214	17.0099402025734	39.4896959937589	64.7716112667357	1063.50511918425	1108.82831352761	57.0957665390679	47.7881317733379	33.3931733973162	47.7786143807706	138.839229455397	313.812647183731	87.398173978161	58.4725523159641	57.3277507189765	53.5762739730607	39.6004706382591	45.3620251672808	122.686197123658	161.13484904017	378.335625677351	894.231387962466
654.341	-3.875638231389	-1.15495749119487	-4.52635031963833	4.25564277708582	-11.0328559223789	-1.55192617178692	6.07824860897373	-2.24910759395454	1.54497689762187	1.12003642104404	2.74064466000955	17.7241966115704	8.6773354945518	-15.1168650296591	-2.63806453375821	3.48037575354206	-3.98930990693352	0.322853256796992	-2.12645162679949	-9.35789084129408	3.69054082657047	6.96101435111365	-6.22722219554455	-11.3796972758094	11.4315783907697	-4.93654052048014	4.8701215045565	11.8384404042498	-3.93911416667182	-2.99326654569462	5.91401264134528	-10.3300025226231	15.7849564896048	24.3048291397763	271.607611601917	1446.53983874349	353.81109317723	22.8975318213705	9.70605559203109	5.37625573355416	23.3781134222588	208.635074068769	197.406897223428	-2.99849531147619	-14.670507790573	-18.2971003252444	3.95696796977181	-4.73123094673506	47.5525100347613	36.7647063286508	-60.9629013228444	168.092378229051	-190.411993017818
659.063	13.4617212010003	10.8702855537047	2.10665897339942	6.27210890326778	4.84965045328805	2.8691329167066	3.3612735885012	2.96588274312297	0.584240196267132	0.677675167274654	12.8135184185183	1.78732995907974	10.0003802126146	6.09761364015488	5.02492985120653	4.3870675703149	10.5213511721243	1.30227690632372	7.50519063764516	10.5690067107173	1.86079356065998	14.0391463353634	16.0478872673842	0.675025165150747	7.36494842895576	9.33387873632741	13.1985567946035	13.162443405377	2.13890468564415	5.13136005698318	5.66557548063126	28.57207571749	23.726451303125	41.9721608591594	835.007093753066	1049.04160103312	41.912844635861	33.890388717577	24.2735128278584	20.0177831313542	45.3703301555784	259.385172102326	111.710786359487	30.2371984457844	24.6565365449687	21.8057542157949	23.9415333326032	34.5899815648387	100.400631943501	63.8496419279535	-6.47113110040838	115.022225823176	132.93264067304
663.787	5.28491717594019	-5.51225117360383	1.42436410293397	-2.00876568710073	-5.49709393440479	1.05812266153236	4.61212234359176	-3.0079597358837	-6.51781696219878	-6.87289348136542	-2.29328891753527	-9.66766302835837	1.90167293528512	-4.63809038567593	-2.09844293449669	-1.18648184508362	-4.07994203571703	-4.29244502396336	-25.0097623867783	5.74229424633417	1.88719264786686	-7.83107587462056	-4.24579792730481	-4.44991137772831	1.29903217178918	1.89325970378255	-2.4903822852864	-18.9372074943027	-7.1275335349391	-11.6328252999614	-3.02418580382161	6.64066055888137	18.275740695214	183.631120317372	1222.80344037567	397.532526350694	23.218361795772	9.44263511690476	-2.77943820804451	8.45907313210278	119.095056877188	223.118152631448	20.4039519303132	-4.90658779612169	1.4289336541532	0.850581252148978	11.128879658095	-8.46775753790411	-62.3108308043198	-66.8443634637344	-13.1258741369912	-141.212793367498	44.9395188954959
668.512	-8.43210794709041	-3.17407048861694	8.61187837395457	5.39788503779055	-9.3294309112241	1.06625635573933	-1.81861642772785	3.744277336292	2.7863898100193	0	-6.41921451171149	4.87098874444531	2.23567274578253	5.60849156568514	3.32290117899592	2.39120444969518	13.9151833954807	5.65634548464469	-1.8262326226161	3.85762316554888	0.380339865772932	0.717388423096331	4.6349712456799	12.4175560105741	-4.9088164344087	-0.635937673898743	10.0381025241885	3.75398874366016	-3.43502368352651	8.63744426411376	10.36127032816	23.7251420154967	31.0006448753534	655.320340961712	1001.59066302288	55.9595272760321	14.03810355904	9.89582860034036	3.60103307247725	25.9984966742935	186.834574991415	124.689177824327	42.2037376858209	-0.618038037177012	17.2790128713154	26.570707417567	43.8382121349151	7.31387008483861	-7.65729372981311	44.20381225557	-36.3736217813031	43.3081732308736	196.234848140815
673.238	-12.0546307223472	-3.59233375901883	-12.634622783203	-8.48498828156451	-6.1593099498239	-8.84959042938751	-5.69199122208875	-3.22870829540352	-6.60747254703967	-8.5931677463401	-2.84146398133997	-14.0884289149347	-11.8882931736733	-4.0749708676298	-2.73511026894609	-7.21681470751795	-13.0445080377411	-27.4478574089895	-4.40935360484966	-15.5234190873942	-4.59156445199055	-11.9081939141824	-12.5539191172404	6.24616887526859	-5.59682907882271	-8.31697691963691	-4.10253779759153	-8.49734153238875	-5.96895413077894	8.37912329192692	1.22631395093104	9.79200860243312	112.706719395949	1052.37006468845	425.17231848895	5.8356159197816	-3.98331003125289	-1.9145045854621	-8.8555363764956	39.4469853269103	199.392815498198	49.8797201758185	-9.25364476938088	-16.7875206043793	7.24294648508602	20.6947533698339	-18.4613932498003	-49.0527740378493	21.569542223126	-55.0581188450711	-73.1853463137837	-192.94836777684	0
677.967	9.44459610637598	-5.62906358804259	7.63637908378687	-3.76077951126605	2.65906664785127	-4.32218312128939	-0.409553021951512	0.180688392095671	0.605085340073214	0.233951327821151	3.64293527078711	5.8618173647961	9.06253637273536	5.99941225257828	1.5306513673093	4.84650030754482	-9.93526580603473	9.77837173102965	1.11042411722079	0.390932106633708	4.23980685621122	4.36201498404957	-3.25182930195915	-8.38931318090539	3.97968151356954	12.5669736404573	-2.86105164224632	4.43834742016435	5.37981709656578	12.5045698466684	35.5151347498078	30.2079902547729	500.791292691081	930.314789129204	68.6974790881697	7.60736770651489	13.4966845560985	11.9569950422756	30.005292109041	125.255826761969	175.978790409131	23.3816115658874	28.5128871212366	5.63688601338784	41.5876213268261	-18.2407317611902	41.3262414186027	23.4709750136103	-26.3837037924937	-42.6630564116683	87.1261950792962	68.967748629276	336.540240593744
682.696	-6.36656629848815	-9.75736374694473	-2.9415166193439	-3.45699158008085	-5.07865567700411	2.73146924633825	1.2423516018415	-3.10593461854092	1.42760003884819	3.54837824766389	0.789328544341527	-6.23909807575616	7.85445593886467	-8.62049101844407	-7.73854696915048	-6.73820279614909	1.29625642761737	-1.36377169180268	-3.36839702507678	-3.16231014695598	1.16919722832863	8.82125310965992	-5.84545535785285	-5.65520409379468	-2.01201612416518	-7.49388575426975	4.82156006424212	1.92334699797362	-10.5595561534434	21.178573420861	15.9257149195094	92.5689507062558	902.663589149571	420.291289529436	11.6325705075102	-5.24464529811288	-7.7456488292454	-8.58017549768864	23.3697534058486	157.222817789107	96.8887683247893	10.0605034399191	-7.76209621242965	-12.0327108084504	16.967982046934	-16.6874392575437	-8.35735862800656	-51.212328388483	-14.1235049140087	23.7261782947043	16.9417605538172	120.453687494624	-340.290743465901
687.428	1.83171948597592	-6.95972242539537	-3.3323113533054	12.5320629118502	1.80498186315389	8.52667584389891	1.25102580542262	-3.31159819319462	-7.18783831313994	-11.4340906355924	7.94839702757438	-5.02612798744837	-2.96598615455652	-4.82260000734003	-3.42873438874646	-7.71051079082087	-15.3373572410089	11.6729961158173	5.27631293306723	-11.9414612358763	0.784907107939286	5.9218958948451	-8.82940322966577	16.3722314654107	-2.70141892040444	3.60905633293677	2.58945312156769	5.81032790640079	-4.83331084745244	18.7800029300171	26.0992842561718	382.590640164699	867.793383614806	55.891651282963	-7.69763349107145	2.46458979833166	-0.742831390678339	-0.785462091463016	84.6359511172412	163.597912777682	50.6588818173069	-6.58498536979948	6.69967870484766	-5.10177861446366	-3.71444650598553	-12.3818596371808	14.7274932179366	-28.9294545162398	-36.3454086175234	49.9556580758135	-58.0041678027227	38.3035911447603	-778.787913895915
692.16	-4.60415532253617	36.2223532695225	16.3797297452515	-10.1500704264898	15.4256246735498	15.2100884857369	11.9492560002285	6.10421840259459	0	0	1.59830824579079	-7.5801150019963	7.28954267607737	12.9300727029477	0.313395062674457	12.0936874291887	-5.5776670849121	12.7719185458918	14.0202328237827	4.80251197666119	5.52417329502351	2.97702008549955	3.69888731925791	0	0.679020581262928	11.5456931799391	5.20701754320061	0	6.80336473959145	21.4422047544764	56.9080890299048	776.277028309691	432.112282988502	8.12066955085867	19.8532859029476	0	9.3357938465027	20.1380030440399	111.661714034392	107.004286800777	10.3754159574186	32.5943577641544	28.6281904666272	3.20591953926683	14.1915129190101	4.44609601508221	-7.40371730563872	-21.4987060794108	9.5328764029256	13.1026485098846	209.26235379617	211.813274718951	328.866385811631
696.895	10.1979286847945	7.87384595869553	2.24876787923033	4.93331011723936	9.13551767700423	2.7842509377089	2.74377620648482	8.38046200093187	2.07883763455189	2.65242671730932	15.5552360786525	4.13377875268415	10.0077899203396	-2.92902317849513	10.7277931430399	10.3026132248064	7.26717589231044	12.8586526117832	13.7339456971276	20.9522119001148	6.75347821482031	11.2396388295711	26.0680451744947	6.12476290180756	18.458058823514	-11.6240999525343	16.3824324559422	7.18854728556706	15.3299818801551	14.821487473663	282.971424862415	804.74102312766	95.8577598819595	5.88658823771463	13.2124791717847	6.77158794220715	19.1743541247898	42.1396976097995	164.241871075812	77.0142760582188	18.9925006916638	30.2519789352231	19.7802187293671	-3.22769093058619	9.02392891365895	-13.4288683249469	21.2971312307385	40.7429717400957	78.3805154928485	70.355352331244	124.337776072644	348.957324198088	63.0666126836472
701.63	14.023453737336	8.77600879047163	23.8110402977314	7.81767305430237	1.84250043731873	7.86159827214343	6.81082549918614	6.38526323810253	7.96615236681564	11.4285993560905	5.40907558805023	7.05457733698733	12.4469541920558	14.1121503976955	8.59092009183886	6.29662593028593	0.66621963522751	2.10275866646946	1.15414007575282	12.1896779122654	7.21100054930842	0.377811821781372	9.76400997761543	14.5326492823268	14.1325510935258	14.4013826057542	-1.65204863214256	23.7244083767194	25.9845569650531	40.6151829914412	619.822783589681	448.852375504488	10.6687728562262	17.1490054550588	11.6156379606625	23.0017742981145	25.4021111618697	71.7600978448492	140.339527094158	36.3625720485287	13.4067846219468	3.61946398289995	23.3663750782473	32.5489050615297	28.8165813909335	19.861647910814	-12.8859605969712	48.7899937692266	119.368076797336	99.7709527280495	-55.7269172157106	175.948984275676	508.784572733423
706.367	-5.67655696148406	24.1058601796478	9.17950124290386	8.6305025910446	8.39054432658911	3.40960512367368	-4.95390454100624	1.1403053506793	4.87936010434303	1.4764421101923	1.64215568395206	5.51654623102901	4.42562632924631	3.65331776315289	9.98177168284647	-8.60224256764319	4.0451879177517	4.61053747322578	12.068935972782	11.9244675557343	13.7838952253456	12.2347625184747	-4.18039745260371	2.94133716977163	7.32531028027161	10.1678003586614	18.3901611775999	20.0071011467686	25.962879078111	229.83999297918	708.777677490313	107.315736184017	7.85202716454975	14.6844705983233	10.3718309051524	13.8208573027996	19.183817601659	98.9896617475936	83.1649650399727	16.3546818197689	25.6810332718914	-14.6512363172488	4.61389276674302	-11.1991567494691	23.0223757873911	34.7173219869307	66.2880755107965	33.7824028644129	75.0903850672899	13.4621020582218	49.3449933169975	19.7840079250983	386.158163451769
711.106	2.3902173969476	-7.2654136166459	-5.41127398191327	-20.3505671543352	-2.19830555094025	-4.88129893372302	3.70026104541091	-0.768234042013675	-7.93232324515572	-6.71417384273134	-8.85068125267806	0.327930631487594	1.03208695581821	-9.73321699689537	-5.53169853473095	7.40524448153164	0.681319933934358	-5.73445080256804	1.5737325422106	9.97277187368355	-1.63876500850543	-12.3640054706127	1.92025337993355	3.34395926389589	0	7.53515310578535	-2.7031894117581	3.03276717863815	22.5370306455585	508.729895020756	426.082426216551	5.89754909747813	14.5474499863846	2.02358062495248	0.698759641406657	11.0264645540463	22.100572935047	107.005023286216	39.220293096026	22.4956902379054	0.489666359362623	11.6332903464081	-6.41111901998092	0	-29.4697278364967	-3.69305909094136	17.5707056319568	24.9479252590292	23.09501135027	15.8716951350337	-92.6087562055452	106.629322515936	-325.197814984824
715.845	25.629521737205	22.913135611874	16.0307033802859	6.98456438115645	12.3894451492969	4.06641550820888	9.24761980598702	8.9369354648565	6.93978301345924	9.05583606727507	2.23827757103895	2.65380621033927	-3.82811480153253	7.12976041755828	11.5205937055824	14.0048110724555	8.9596631412989	27.1913234286287	18.7053580531983	16.8136447870984	13.6762762452701	-3.1267735604761	17.4822884407676	15.4098907322886	13.1937828705921	20.4417769735227	26.3193069807964	25.906419157543	178.980151122656	658.145611528903	143.781847505084	9.61156908018357	7.69235406946897	14.3289968204639	26.5067397908127	8.92325915968021	68.6378955091306	94.1427216346571	20.0550850445189	2.32204419473858	20.3086642145216	12.8377336838519	8.84361132396706	28.284373965174	52.5611144341461	43.8956371269043	77.7614757564727	39.847338745944	8.34367506093839	84.8641431690597	136.91768067946	155.053558204813	888.195598760328
720.586	18.9068042630792	12.5688499747543	25.0863561834816	11.4244764395424	10.1912185994163	6.98849803879242	7.2842275567894	5.06399218439835	2.60895175346309	2.52182496633515	7.85363793586751	15.297692939863	6.97768166931218	0.680729428583717	4.94979216675338	8.16277256573541	1.03640255998674	16.7192119180996	-0.398985448256543	16.4344574905671	-1.24641902096127	2.7427951485061	20.2524701093627	16.9557539171555	-0.357483908171931	14.588304276169	26.0427118263632	28.7052920904887	422.307368931332	406.729301652623	16.3117716095548	12.2938215943295	20.4526767117334	9.23462254184852	11.6922442689451	24.2278295716911	99.4798954899151	59.870415613212	16.1717600552806	20.9508611842165	29.2980288635545	3.21749039703598	21.869003835023	36.456916094481	46.4013549465671	24.3436522599651	-17.81867166044	69.2421109190708	35.1314084531817	16.0956839315208	126.424973168339	47.3086798902411	263.829727105241
725.329	14.2307420417519	17.1095339121744	18.2512018948198	28.7237650091401	11.6052544513661	16.5058031094987	10.9481735212798	3.35154170189192	21.1267193081166	7.91320945401984	6.81396837412383	17.504410064361	17.6574176119383	3.44524854267927	19.3731270196253	32.0586661687158	18.1838815338932	9.19758916859376	16.962207599772	20.9007982315512	17.2425977727277	16.6579153328253	17.3461604838565	11.0605982124841	9.40818551705626	8.08647756611427	30.1764323230468	135.941250960211	588.028926082434	152.469066546696	10.4458256591921	10.4261244272591	22.3996009575826	27.6962773067013	27.2567179174369	42.6339551716235	109.053947176167	38.297215675049	22.5632558697591	27.3333829797671	26.1376032794618	11.9416604205376	1.79483511947638	36.2191343136789	9.55291523486619	22.7457183292693	59.7457805851686	59.305593922982	67.7348674711032	116.374392526624	164.533132779318	47.886914713542	617.563325315779
730.072	-14.3193642400001	6.18013265972694	-6.78701406145314	-1.50143598777916	-0.973127198259907	-3.55898427661344	6.51988266348967	-3.17403622327828	2.21440482572863	0	4.28525155182758	9.82286833766829	-5.33021384790721	-1.04001116670963	-8.73858812582309	-3.65815910190032	-11.2597673713122	6.66350446905491	-20.3188572002228	5.57964200404041	-5.50121201528971	-4.7890436559302	13.090638004246	1.15132533970939	3.27696063199143	21.2265293438031	10.1214521966985	334.138204603561	400.251263305564	19.5634418580532	1.01718166679955	6.09157933658208	-0.341501437416509	-2.7868756364435	5.77399149711252	62.261161564667	72.087426502393	13.1275503318051	0.445171940108468	-1.89680014528614	-3.54043518595167	4.36946448088177	-9.63206659727583	-4.1258139186178	12.0155077297234	-4.76820160275876	14.7458873660895	0	-1.70391718896526	-39.8136994802411	11.037184385293	-185.856935105027	-16.7948435640009
734.817	6.96175096963857	5.77933439995887	-6.43301434928534	6.04827490520289	-2.28671007982729	-12.8433402662625	-6.11322324855496	2.3973853772799	-10.4814070426937	-3.62142839823077	2.30165251882078	-14.3269691366676	-11.0937858430202	-2.09475245429706	-0.676959407508192	-3.68406513420364	1.06307866973855	-4.4737956628336	-9.82211976588784	1.72897090045984	-3.83550232090498	-6.8325242412012	-7.19091389648633	6.57037927255701	-6.23364901614357	12.8261097175953	102.282781368562	488.632540348472	140.310222964564	0.691297703002255	-1.70730842545946	-9.88371257857697	-9.97367572344733	1.05247930853899	13.0834828054535	48.5558768811135	31.0557807203507	-11.0881746036826	-12.1047620387918	-18.624769207596	-3.05614931253187	-15.9514781793892	-30.3133691469619	-6.23254762206599	-32.2682616137596	-27.8514180963378	13.7079816979111	-40.975582644263	-13.7278707296821	-51.8884865106012	25.9358086300461	0	-490.499614878849
739.563	10.56377039174	18.8883043578038	8.54128163415602	-2.67681766593475	0.660925140162577	4.83435708315061	0.916169212194961	-7.27559166553029	-3.60953221105343	3.14009164450377	-9.60445932355025	-2.76060475652781	0.362015607088569	-10.595267412482	-8.90256575740075	-9.14760891205306	-13.2634066057579	11.3142393745114	0.41400271928523	-15.7412567781689	-8.19110609984378	10.9775452004637	-2.42477833970674	0.781953133034227	9.64441705579937	3.24372605557728	290.851999632859	371.612320489923	9.55691924576367	-0.349658691647237	10.0172655589992	2.06862881545248	0.695819269445427	18.4546097321867	26.8381723392237	70.7780153003548	24.8880443170325	-6.03981941496928	-1.81410196388768	-3.3816880499579	-9.27481024853059	-11.1286412363133	-4.29310444083353	-16.8129355380665	-21.2176917631526	13.6014923195038	-50.8456912970072	27.6339577091087	3.47178161998563	42.9467236459818	-93.7024554690034	126.229665663572	256.649925126824
744.31	15.7609007172963	4.99983932495772	-4.93292684184877	2.31895158372142	1.66998265951538	-3.66454171955737	-0.462983356079058	0	7.29626498993663	-1.85130851381261	9.70716926906692	-10.8117406634991	-16.09902785128	-7.13904869666825	-0.346068063982082	-5.82119874825175	-6.15916674991524	3.04939564867391	1.25529017466967	-11.0483288504314	-11.3287496495164	4.10923663184345	-12.6619958970405	15.0159912365226	5.62358902425688	64.4754834732193	442.740385884562	154.821848894146	14.6675538049683	-13.429121587314	9.07703935362447	4.87841830306896	-9.14238455506837	10.7607479162739	54.2503587121098	44.9536346982631	4.12363880225016	-1.30808767589737	-9.62588520272362	20.9953751695933	-13.5402149013872	2.24953015211853	16.7362000818391	8.49636641063902	9.07271261096005	31.4215919464691	-4.67176676049122	-4.1894212264319	3.50890880112327	65.1089929072574	7.57636065101141	77.9652890105628	0
749.058	21.5717103716409	41.3258526793759	18.2722511502564	19.912535260758	12.1467588323049	24.6799549222402	13.7975934926121	11.1428223804824	12.2079415331975	0.801526644651062	26.1503367479264	23.958453962239	41.7677777738575	26.3238349823987	18.1794532597281	28.7116101933784	20.8623797878701	25.7996932745487	19.0217881023528	18.7508873614276	43.1370714839968	35.2854798266505	38.37420347367	35.9276548430115	29.1627846988201	277.465274478401	374.294157015464	48.5142421873187	27.1051020991907	26.7757240505679	29.2728436803194	10.5605905890059	29.8388014025392	42.3958176462389	91.5915767652996	30.801901326239	18.3294420363433	33.0364074276909	25.0052438394922	19.7301835764383	51.031683349846	22.7252029036299	46.3383713507568	36.4785959585809	59.9919414036005	71.4211195034977	25.9573165079991	129.788601326956	106.343092668612	216.811927858823	267.882679928106	644.417117900629	960.833649835696
753.808	-31.9337043857565	5.61622806148836	-5.92586277735446	-13.9286363988643	-7.22206475653036	-17.6086709316361	-2.14525053368498	6.94064070954881	-9.39097615380456	0	-7.57214283733955	-1.79557709439764	-16.953509547618	-5.14562947640862	-1.0690127974019	-8.81462093869676	-4.47666311053468	-10.9896015573977	-1.72338771323863	-0.910094952236702	8.07572018851072	3.80806003574555	-13.8788838323082	6.103258923605	53.2723098829972	403.583812438151	153.192992109861	7.38037832222267	-2.57852887731139	-8.00546966765761	-0.359476907218876	-11.4815654349878	-7.96542483968461	15.1427651122743	32.5213683385278	0	-16.5594287463801	-6.28555688469214	-0.471977732495903	-7.54130610201913	-17.6956400368849	-27.7954168100372	10.8503099053016	-40.0972698190928	-25.4780303164663	-61.6748592825996	-55.3196111710131	-73.3336119923033	-61.4216004145064	-114.218163135354	195.029709870472	-102.173146926347	-249.285906327358
758.558	-16.5236671508381	-6.67139727684423	-17.238871194862	-6.07794960383689	-4.90224935133429	-7.04346741687832	-17.9594282934487	-6.85268675689537	-5.25894593250831	-14.4181489159387	-7.09303174622057	-12.7975659180269	-11.1242407148523	-4.11650302253052	-7.25632830679464	-21.8987207568409	-14.0540071308369	-11.1894109764374	-11.8443721310146	-5.09653104094247	3.19765846901337	-2.15405386933558	0.428218947186409	17.3998339883754	233.864706776695	336.069746166463	14.3168486154302	-6.01165279943011	-5.25082172855066	7.78052153029503	-4.75816641715634	-12.0556420708249	11.0594313345349	48.8866142165111	14.0241860264753	0.819638542125686	-3.89088622641331	-14.6282031284647	-10.5722997732808	-2.55947323882744	-28.3910175179023	-14.7399917627285	12.9971609036398	-13.3613363613374	-31.1295164533969	-25.7361523931224	-34.2850349982813	-29.2811530431753	-51.5021691877611	-37.9222308357723	23.8290813179162	-59.4461865086709	-108.779289818207
763.31	-11.4175545553634	-11.6656533180972	-29.0136137695814	-7.02625348225174	-5.7147390107743	-10.4501581708248	-7.6741721658666	-1.52903701304531	-0.975315380085985	-0.848469966935193	-13.2118128909049	-11.9348884894724	-9.78186005220883	-6.10751852035797	-22.2048188758827	-20.872420848663	-6.5865261944207	-14.6744134550974	-12.9764331567557	-16.5408982197987	-6.05740267688004	0.878871958291517	-5.24150714216821	49.0188208427854	356.016185435103	163.218666465889	-25.7482487044564	-12.2640226031894	-16.0678431987209	5.66878165597139	-12.6935836299033	-10.0611871194796	15.417162678342	38.3579743277619	16.6891227907449	-20.901210412608	-6.17366577756864	-5.59540216508375	-15.1955889938247	-4.69928900261711	-10.5813303050018	-25.8603705894018	-21.874669303852	-44.6723151226662	-7.05616808163354	-21.0011299853046	-44.9632943098359	-58.2414048816851	-22.5142659754258	20.6301156171168	-52.6633470777822	-90.9545260687123	-406.842866944851
768.062	-12.6219314443455	-17.1715717458005	-7.09940664614025	-18.3557337202644	-13.6994835561999	-4.28509463991381	-11.2441476120112	-7.05527777252611	-8.12163002501348	-3.14016222603266	-2.2225694696542	-23.3401830141544	-7.89869987581288	10.4028600122247	-0.747085247425997	-15.893172714929	0.391067461458938	-44.8465386288127	-26.1956699484306	-2.86211101870261	0	-1.7741885977619	-10.1402100696974	194.497441905502	332.234029990858	33.4209590493294	-5.04266857235752	-7.73672463747258	8.10908344635712	-3.4330897745711	-7.91350364282519	0	40.9910019561473	46.0730333080857	3.20862074364243	-10.9703115446363	-18.2491699546703	-10.8248547296491	-0.989532403872704	-10.0135351445616	-5.05910112187051	-16.9968522906278	-17.3958271824205	-6.87817368468897	8.01245530748001	-9.53892330608289	-46.6446164818884	-46.7275606050347	13.2561914179743	75.4838169997025	28.6224842917732	76.5045472700991	-373.317373069437
772.815	32.9058052445471	10.2963806738579	18.1806421419024	15.8425818903298	6.1248126930371	5.27060342723823	6.74219144759599	0.220336999131473	1.47571945827696	15.690810629497	12.6923075575552	7.9005104881492	5.92025164861605	11.9364168117437	-1.11991409656524	1.10811974589461	11.7245512290545	11.1016999816917	13.9922160324961	11.4411520838649	4.23012376512715	1.32979390735171	48.9063651987445	344.416305204014	161.360467847189	9.4304955806895	13.1801174882361	12.7574647121755	25.8553588110223	11.817555110785	-0.376593485842753	33.0777230024342	50.44750721817	33.2752699391077	10.0205532482109	29.0949754861147	16.0134552861456	17.8731511866052	-5.43896171204744	6.32030975171911	10.6735218469675	15.1660948994254	2.67457647006466	26.7314160141049	18.6838209621358	30.716953276152	-5.03944936027569	6.02552230646828	37.8507085641131	319.951579313745	151.193911035692	366.98792801736	55.9619387524557
777.57	-10.0729729047267	-4.00238784610798	-1.80987775054606	21.2704293542592	8.45542836432614	3.02514889391715	7.6440313399613	7.64416821415314	-5.77223863654638	6.98647036564525	4.8566381059349	13.05204806126	31.8155831383034	1.57157879819546	28.5685769488769	5.27663875372273	-2.79149530610028	21.8168956331064	11.0535031089765	19.9437242887063	9.59189571636283	8.14140720646503	178.932556878875	334.909105968181	54.8832445433389	16.4388343401515	6.32884173254519	8.28387655784148	-0.393767306089212	31.1185833261851	4.22697205541586	32.6013622635265	63.4739910498183	15.3975502867664	14.3147452608287	18.9315193382031	6.80828453662559	15.837818450787	13.6223165689644	29.5585887108301	42.9911728994709	12.9992095072549	9.55183808249754	17.9244419926773	19.0646828535467	45.3934632059673	46.2795878875003	3.07417503177191	63.7267611069358	193.760789313051	170.954415347705	351.064522259835	628.129694660453
782.325	0.568228317450832	3.55602607057249	16.5397698764093	12.9588128843039	4.10618181979621	9.21522029727655	0	4.33753139752458	-6.1159706883888	-5.0249669897682	-4.60267417260841	2.33877643776772	2.45358867823683	-8.77680729253972	-1.9339046653058	8.03685872164437	-13.7675128701551	13.6325563323613	-7.01483834472488	20.2508834345446	12.1745291436344	48.6822396139606	316.356850028275	169.150278386097	13.8273765190532	-19.94899192097	-5.22138018989012	1.20163699568248	6.39730930934529	16.1938979983339	1.9509422234136	39.724158484074	29.8678019358247	9.62134921460499	6.22937607860647	-3.49510713068935	0.921752123087612	1.94930198022388	-25.1027324142154	-6.00276584059713	8.73065851190638	-8.79960942974307	24.9401539071696	-0.791326155641886	-15.6710076960094	6.58465446335123	-15.6641177970163	-43.7012982402067	0	78.1589551413403	148.18430987686	55.4511019858873	444.529854493606
787.081	15.7538991328283	4.69473225638693	-3.3023752861864	0.887105727980154	14.1823643455454	12.6167030626928	1.59401201395627	-0.468835457755927	7.32678771347948	0.910556648931497	7.08929281003717	-2.8017986582807	-0.839811713466245	-1.22895663972474	3.17728715667456	-1.96489101680136	-5.82111304484647	10.4988078631107	4.8020627599289	11.1579451310223	5.00050180608478	158.926386410835	307.502938942324	58.047742706793	0	10.8692517008524	0.824846971074489	13.5727359265908	4.92674445219566	7.70588577537072	26.0428904388099	40.7902276755959	5.64961859441298	11.9377961250135	19.1896577463163	11.2153269140816	23.1889804517544	4.00323000492003	-9.46888506998839	6.16386085105899	32.2738611307459	22.5894069121341	21.3412231364134	-1.62512563065256	-10.4121906408038	0	12.063369414115	-16.0264646876554	90.6065419754361	11.0698608527331	-147.81364211083	40.6708799808964	396.9214018426
791.838	9.90942974412678	6.77465396577928	7.06960403394557	10.1917478180727	9.19038280018621	4.90170151922887	-5.83899987556338	5.62052832720879	0.522830624285723	-5.76122400309446	8.76864348512254	0	5.03394682182516	-7.77578693193109	6.34836528549669	5.49631916413314	5.81542525975728	2.62213738051889	19.1894827383596	17.7339316473027	39.9649266943028	282.207385649527	157.815907715145	0	9.45639051072022	13.7821090855044	16.8928408396029	-3.28714522748243	-12.304826377248	2.02588325967592	30.8206644781822	45.9440465420765	12.4976464036247	12.3373776771682	6.81632270662723	13.8934168969638	21.7479763150079	12.9977850135521	-0.525535170121418	-12.8754798069242	14.927002998466	18.0538679180693	7.8174692628952	4.87061318168843	12.2932927391094	6.75475899905591	29.4594235138243	124.88428131169	42.2417383285817	2.7647611345555	73.834607011202	65.0098250160196	-257.746821545963
796.596	21.3764700145548	0.53085695620951	6.24138439312239	-0.45139275126479	3.90082176377357	6.77651142654736	7.02947483848984	-9.06532218054108	6.12480979041885	1.85330184657688	8.24525429185618	10.1832893593588	11.1105222367075	13.7574656869577	0.808361588688612	11.5978010228107	13.1174338953617	7.56809997261599	10.7512684354976	-4.12915057650687	137.399940756777	290.835840550857	65.8314939277835	14.3069234382666	19.7037541060802	6.80699565538774	10.0731157128744	2.09282375764393	2.08909402689305	5.36563975797624	48.1135085010134	37.4414774533626	17.2484302636755	-3.35139285645543	6.07563875587327	-6.39159365777194	7.22413787986269	-0.509248488897999	6.95951355921016	13.115872000159	10.3398748050255	-7.22501348907327	8.68737344202287	8.26925028701425	13.4861086596259	14.9085603640525	-16.3687892363084	83.1796521591395	153.680051786701	70.4095181220799	4.42430230476754	562.900546606158	1232.00805898467
801.355	-16.9155692304244	-22.4549855808021	-20.3082661421963	-14.0280165404417	-23.5718318773415	-12.9312662063774	-12.1364609901063	-15.8573115873833	-9.88490303314094	-17.065305602036	-20.7601286476052	-17.2299232819541	-16.9690740362453	-15.8349378361583	-8.02495668545309	-7.24996881060606	-3.65280407232584	-12.2977909207576	-13.9216320876977	11.5846593911882	177.038212225849	127.189969757135	-13.177826658888	-9.56169725535723	-9.82763461092676	1.83630443439855	-20.6522143850812	-14.0917992398921	-16.9521594570844	-8.55123001876595	16.1913119292672	-2.45924829159298	4.25422759869535	-21.336665668187	-5.24482656562685	-25.2232057970431	-27.4396072362732	-2.63766834441458	-21.720638059576	-13.2914476683803	-3.15033542828897	-22.1131072360238	-24.9980667849925	-50.6831587284032	-51.557220519015	-8.90992509785221	3.53261048275563	9.85562457291978	-53.066039677795	-46.1938491948093	-133.675564301646	-443.050912192508	-732.27160158364
806.114	8.71408111870349	-2.74959007111863	6.63127057704369	10.5210124053312	2.02044273234355	-4.6183093594205	-1.86714784463174	1.23563466914675	-1.14940732943499	-1.86651780022269	-3.55887919673232	-11.2521947963782	-10.6978945011112	0	-13.6075352492465	-14.845174231241	-4.74864529402359	-1.53722386509469	2.53120583412686	77.0825413336752	224.043395124524	54.2732444240543	-2.88264958163174	8.76488915074413	-0.755971893148212	-3.67260886879711	6.15943236046282	5.05859459893561	-0.360684243767753	22.0906775484787	21.8230726003167	8.43170842831877	-7.44489829771687	-16.273728052007	-7.11797891049358	14.1880532608368	1.66300649916807	-21.1013467553166	-4.62141235310128	10.3377926309624	-9.97606218958172	10.7730522431911	-18.1235984191196	7.13847306033848	21.6207698950708	-3.95996671015654	80.0725042757942	111.227763037238	70.7547195703933	-63.2126357402654	175.687884510735	-14.2919649094357	854.316868514247
810.875	-13.3274181815465	-10.5400952726214	-17.8215396758049	-18.7040220539222	-9.091992295546	3.6946474875364	-13.3034283930012	-6.79599068030713	-5.74703664717497	-1.59987240019088	-2.9657326639436	-1.05489326216046	-11.8045732426055	-1.07965485246534	-17.0966468516174	-13.1189911810967	-7.30560814465167	-4.61167159528408	18.1403084779091	162.185231476634	121.247013832095	12.4289872726842	-14.825054991249	-19.521798563021	-4.91381730546338	-10.6505657195116	-1.44927820246184	1.80664092819129	-10.0991588254971	9.26383252032978	3.51985041940591	-8.43170842831877	-3.19067069902152	-11.2107904358271	-7.11797891049358	0.788225181157598	-7.48352924625633	-14.0675645035444	-11.0913896474431	-27.0751711763301	-4.72550314243345	-8.50504124462455	-30.6226318116159	-17.8461826508462	-22.4523379679581	7.91993342031307	38.8587153103119	-45.054283761919	-54.8349076670548	7.29376566233832	-76.3860367437978	-221.525456096254	209.220457595326
815.635	3.58815104887791	-13.7479503555931	-25.2817190749791	-7.01400827022083	-9.42873275093659	-7.3892949750728	-1.63375436405277	-4.94253867658701	-15.4020582144289	2.93309940034994	-14.2355167869293	-8.43914609728364	-8.85342993195409	-3.23896455739602	-8.02495668545309	-4.14283932034632	-11.6889730314427	3.45875369646306	74.6705721067422	180.898912031631	29.8724526832699	-10.3574893939035	2.47084249854149	0.398404052306551	0	-8.07973951135364	-4.71015415800098	-18.4277374675512	-5.77094790028405	17.8150625390957	-0.351985041940591	3.51321184513282	-15.9533534951076	-15.5504512496956	-1.12389140692004	2.75878813405159	-7.89928087104835	-19.3429011923736	-10.1671071768228	-2.95365503741783	-24.1525716168821	-6.80403299569964	-18.1235984191196	-37.1200599137601	-24.9470421866202	-23.7598002609392	24.7282733792894	-9.85562457291978	-15.9198119033385	-70.5064014026037	-95.4825459297472	-171.503578913229	34.8700762658876
820.397	-22.04149930025	-2.29132505926552	-0.414454411065231	4.28633838735717	-6.73480910781185	2.15521103439623	-1.86714784463174	-5.76629512268484	2.52869612475699	-10.6658160012725	-1.18629306557744	-3.51631087386818	-1.47557165532568	-11.8762033771188	-20.9346696142254	-3.10712949025974	-10.5931318097449	3.84305966273674	135.419512125787	116.29215773462	1.75720309901587	-4.97159490907368	-19.3549329052417	5.57765673229172	-1.88992973287053	-2.57082620815798	-11.5942256196947	9.39453282659471	10.8205273130326	6.76972376485638	-8.0956559646336	-9.48567198185862	-8.50845519739071	-22.7832192728098	-14.6105882899605	4.72935108694559	4.5732678727122	-5.71494807956493	-4.15927111779115	-0.984551679139278	-0.525055904714828	-12.474060492116	2.49980667849925	-28.5538922413539	-16.6313614577468	45.5396171668002	37.6811784827267	21.1191955133995	10.613207935559	17.0187865454561	-38.1930183718989	92.8977719113323	-924.057021046022
825.159	35.8815104887791	13.7479503555931	9.53245145450031	0	9.42873275093659	2.46309832502427	0	-2.67720844981796	13.3331250214459	11.7323976013998	23.7258613115488	13.3619813206991	1.8444645691571	-2.87907960657424	9.07169016616436	-4.48807593037518	-2.92224325786067	60.3360367049667	156.091026437823	71.7357754608191	16.6934294406508	0.82859915151228	15.2368620743392	16.3345661445686	1.51194378629642	11.385087493271	19.9275752838503	-4.69726641329736	38.2325298393818	18.8839662914415	15.487341845386	8.08038724380549	-2.48163276590562	11.2107904358271	15.3598492279072	18.9174043477824	4.98901949750422	24.6182378812028	3.2349886471709	11.3223443101017	-8.40089447543724	-0.567002749641637	25.6230184546173	12.8492515086093	37.4205632799302	41.5796504566436	105.978314482669	30.9748200863193	51.2971716885351	-12.1562761038972	206.242299208254	257.255368369843	278.960610127101
