Wavelength	500	495	490	485	480	475	470	465	460	455	450	445	440	435	430	425	420	415	410	405	400	395	390	385	380	375	370	365	360	355	350	345	340	335	330	325	320	315	310	305	300	295	290	285	280	275	270	265	260	255	250	245	240
248.336	36.9092797161033	40.3188408215475	30.6651840820156	34.6622339969903	24.2351013585877	28.9189367887594	27.0463810349967	24.5214772042997	18.8618447518912	40.0390673060604	40.0324133696507	39.7400940165495	47.9535416210446	44.282141680954	22.3208897926671	31.0827052951898	22.9978756926037	27.6658224565934	34.5898964713708	29.8438193318966	29.8480281768626	30.6367423024697	30.4421294735599	27.8767347564468	33.9936895648888	40.4287270356481	46.7408930551964	45.5122093269716	52.2667962139434	60.4605946643372	73.5270524735469	72.329852892769	64.8688275645821	104.087932500788	145.717556474579	202.882586308735	321.491563491934	300.034828802426	307.237792753558	351.18762535244	444.759043236979	612.753597805717	1577.31633597129	2749.60519114543	3616.16525648931	3829.63937329062	3595.24468010278	3332.49050197086	3091.00014697227	6729.32121554144	162368.707299851	451967.875072578	161002.592687651
252.814	32.5408257561059	39.5100416960244	22.3344877560372	22.3901708077025	28.6233406308294	37.584109638977	15.6382742868615	25.9142469433355	17.3564335213919	26.5350806365588	33.0301524950008	46.3332493245326	60.5267742067877	43.5506363985658	27.569258844038	30.195956262363	26.6702221990791	15.187093097767	31.8291899076829	45.346957239915	29.4404461064502	34.2144513948107	21.6793177940927	26.7104691426184	42.9763003438085	16.287286362314	29.9437378942077	28.5529467153196	56.1242895254093	48.9858851088437	62.3608766820212	77.7985882118651	98.0723461617344	148.907291155648	221.635260116291	278.852569440668	417.885721592828	361.983714634841	422.20867779229	474.227242902879	654.555204261082	1670.78826337429	3189.96434145615	4462.95827427875	4829.00403843334	4604.52640906231	4387.6579409525	3939.19698646714	6691.6962650121	152287.993667396	288198.044498156	222257.034213513	5828.87843802568
257.296	13.364400964573	22.2604000391501	16.6961568510409	28.1527044291281	19.943716449956	7.65592209929195	16.5777721384382	15.8721868328682	20.4435032476215	38.9064447684671	41.4651989960712	49.593087946257	40.2150770655087	31.1436929124375	21.0778081830746	42.1538522185355	21.1966386100692	17.302881296081	45.9882601825462	32.7261586650328	40.5718749863444	26.492830829236	21.4496261961967	46.2480771827178	46.996859342202	27.8741157100923	43.3663042189336	56.0728217218608	46.9866308847628	63.6391225408983	66.7028815355441	91.9531005592858	120.976548350526	207.289354308062	279.21366336192	350.591371328306	451.358575713222	430.507002697831	486.171727433257	570.62057507084	1415.81463563161	2960.24031627113	4358.86825713653	5011.2444143478	5003.01596331763	4727.85521617266	4272.9484845069	6059.2044068937	121372.928820086	181226.989719592	247506.977228268	7804.5694993694	5994.4992363554
261.781	17.2599133284321	17.6300217995195	24.4167266937145	5.61985738689806	12.1425836587636	17.387207294955	8.6914127018017	11.6459529504315	6.6383334075262	10.9131246513427	32.4486700914109	34.6770228586892	44.3562518744006	23.8102360419684	28.0985453674624	15.781104786282	13.6077515770301	2.3102479794158	23.333008919909	5.3562039460094	25.3352664607108	21.4070500784772	9.39884344215927	16.7605942589569	40.4225127667271	39.3337084321693	32.6772924332401	41.2627799666786	52.4470123687527	50.8918173720399	67.6859234802352	108.930017403441	170.925491378693	235.550855891578	317.562272596675	379.917603778799	512.452346933512	458.509352589088	569.448380426154	1276.94190887818	2849.39506142656	4364.36619683262	5368.82551765277	5356.84068541523	5054.79717845035	4665.65388439609	5741.6700362598	106243.627043689	133550.213357956	183856.932540393	10464.9682409071	4579.5891764219	20555.8173452765
266.271	27.586153212327	11.7673874715754	44.0928836955585	31.9136692440586	27.1701273095796	32.734756508323	15.3985676951795	37.2989646634514	18.2860146784662	37.5427366795149	28.6510464761911	47.7429026360578	62.2575198272329	47.9938287425636	40.9485149450173	38.85970707107	40.6278610928421	20.2076093950216	29.9225634929921	50.1190488790053	37.5785628664795	19.241098120792	45.7846707244872	37.9903993975303	14.3203252603388	49.8948538166185	53.6201543561386	46.8272476596079	75.8266236671672	57.8509543577757	95.9491490117283	172.198802873418	243.644531503335	308.972953298868	374.299915471628	419.171927783159	635.508441384399	603.882818062102	1195.08489333568	2774.37833964263	4449.11276568839	5572.41652761699	5775.07841508748	5556.4832885795	5094.48343358109	5539.29014681974	90427.4223636626	108084.721453813	135864.503241744	15529.9476646239	3828.39441559341	14962.8678020703	29760.5374636527
270.764	25.7204625338314	40.3691593542062	20.2845646685029	26.2132625011908	30.0695582581593	25.9773833358786	23.9674761001817	27.7385782121919	18.2968157263752	32.6651409961347	24.3133415305873	51.2140654434379	51.0090955156611	14.9793947798213	27.7419337209723	13.5244036297186	35.2911741728672	22.5706554153889	14.9701189657461	40.3369598834898	36.5264520799505	32.425201364758	12.5856358448276	39.4748715658921	44.835226992347	34.1824209534138	50.5480016496476	53.0432912059546	68.3724937113177	75.294185581753	135.183087862186	225.150798947876	280.660363590114	356.037398286157	433.655899573854	452.683828007722	736.527300924287	1141.2815752267	2647.13593980422	4387.33490050897	5776.48019209996	6113.99481516883	5938.89710595109	5418.43756398364	5251.83899502232	76042.1618941427	90424.7611142889	108081.54055592	20474.8829631808	3289.2378147088	9672.52268269692	26605.6588618677	9221.61017738824
275.26	16.5799325690497	29.0882207327127	18.863113379669	31.7242510489685	31.8533678855097	35.7472077940894	23.7402900574036	15.3040818364685	17.0835422165926	18.5454172502036	51.8617039829387	25.6978153339589	41.5356595515144	35.7946005471865	45.5379996388302	32.2690980151392	29.2979948030702	28.5376824314862	27.7916301422471	22.4101525089694	52.5802510645449	40.6668597910009	49.7714857159843	59.6306849636592	41.1730565831602	66.4798837563698	39.4970454908382	77.8835610436514	88.0854074228461	101.820990186952	170.675748352962	249.834682980953	332.477793051269	382.715526546871	468.915394945006	550.711723398192	1273.75091079735	2536.90393226361	4212.21601713662	5902.52645437607	6317.86180292761	6155.90363669836	5541.23150510338	5456.79301406995	62464.5872661765	74378.4189820469	88446.3382021249	27070.5530296979	3336.84320974343	6244.41160592261	22049.5524531178	12863.0679429706	1483.56110774274
279.76	59.1057902098707	62.9649890914042	57.4318197804644	40.8226141712076	35.673481529031	23.6477684178958	39.9172181489132	40.7981385829798	15.2699258800714	35.4396402156606	52.4944453927369	72.9058216484471	63.5815060039342	59.1199935649464	49.5545024125076	39.0157352295084	45.0655626635675	17.9004043053239	56.49695090196	24.3819938400102	44.9863922038585	71.3615605977948	65.158934975453	62.6137033174877	69.5031745420556	59.9262604369204	83.1314358313491	92.9696950824733	117.545949641009	162.782533401656	263.863000998966	303.012349731608	354.625435762679	412.080767785514	564.531675297208	879.990342744133	2773.81867944126	4216.72557434834	5894.63790917107	6487.97712132536	6591.47163258246	5762.57285627649	5357.63110040932	52248.0626749349	60814.9753232202	72414.177583506	36039.7341700402	3756.8507070915	4566.18179222847	17717.9877274072	16652.4004635419	2634.60932570017	1787.745117442
284.264	27.2739420264541	26.4078054035831	10.1050889148118	27.6280427383389	23.8778885072986	33.4182840495979	18.0905934989553	26.038029881943	13.5129380332858	26.3321488774512	45.358709762395	32.7441208762047	36.389068961287	29.9287357069274	32.0858259718563	27.9449131040545	46.1270442041715	48.9792952103907	28.0537073499378	45.4224995093373	33.0840941503613	35.7939039677595	46.9660607748786	27.8091691899994	39.3538522043792	45.2193132889474	73.4957096181421	96.8894166579429	152.624706849814	203.01789670715	271.792363651744	308.622191493692	373.260614064519	463.494788650116	746.544272862565	2074.9974986871	4322.20441926096	5880.49163224272	6548.25010138156	6271.27311124165	5994.81025346923	4929.60454974528	43522.7306780137	49707.6551425663	57858.0269985882	45491.8659201465	3849.59514218491	3952.18699734109	13094.0023332626	18597.4195337808	3990.72575004293	1467.9548995699	309.3533001466
288.772	8.59483421266066	20.164576412932	7.81629260817579	18.7732222849542	5.99619451802889	0.967141837418589	13.6821279547793	21.8089867746641	12.2929166597697	17.3419859612573	16.7797780299277	27.2707206167735	46.7710536032619	29.4260898039514	32.5263988755951	14.4760721936598	17.5962227922031	15.3006236670206	14.5869265893951	16.803376095214	22.5380978984409	19.5226076058207	40.9525889175011	17.1096910367689	40.7668792488223	51.6079523559908	81.2522725627821	115.065572973892	180.173412637733	221.745546558746	282.75525301608	334.815998295579	380.735411753401	563.16195856717	1798.98102904637	3598.47953503705	6127.9452530905	6702.80550233774	6232.76774094923	5546.36021251815	4750.70584929301	37390.688223021	41173.4105114444	47024.4779880066	54734.8996693014	3752.120244971	3798.18961398263	9284.23569432218	18825.5252301052	6463.30080956778	2110.68022539234	1665.34725095563	1590.24803993466
293.283	25.2305606534866	29.4532407216555	9.98970918838019	21.1245784162862	12.5095536952045	8.03443911280139	12.8807636078548	21.3188925124897	9.47287742642878	17.9636772428243	22.9348802414926	36.0311701106993	39.2745256231865	24.228473688907	15.7641947152833	27.7519839623317	28.2335602089777	18.1399754350638	32.625252571635	33.5558782846476	48.9392669240287	42.8327379377455	38.4285506438604	26.4007063109275	50.4585984322201	63.4970540113233	101.904432454881	163.629522313682	226.652210274609	276.140899051927	312.02494943958	386.534856325591	483.161759412431	1460.08355085142	3350.23427584614	5497.45048950046	8060.94518860199	7129.61895265366	5563.23586206224	4316.98739518818	33120.7485035471	35795.7432060804	39417.108901429	45018.5920199857	3590.57899155293	3730.5613326617	6981.72821727738	17790.2844333651	9785.90558263467	2917.05055827786	2272.72470433735	2106.84579755885	1804.66311052698
297.797	43.3680559692726	41.8794382383187	31.0278876389758	31.8121819484987	35.0222263213331	26.0268344434832	18.5914239261139	16.8316457563957	26.8410306597253	30.1091372184821	48.7317869849879	51.6386669652053	47.3477008555538	44.4605524915399	28.1486291978017	36.6058442713031	36.2072026763078	52.6838895167503	42.2493724957652	45.4795885606363	42.6829435252323	64.4137339303779	49.2035059336232	50.7297575855397	74.1916094849757	99.712410153507	163.130780939458	219.525522248403	284.61745805517	297.073754771151	359.54331220311	508.04352561974	1123.01011340417	2928.22729340488	5330.92575399357	6839.82557211667	11062.4781172241	6628.79127066664	4297.64952961907	30058.9061659746	32052.4414157888	34641.1543786409	38145.7132138035	3294.85375664911	3288.84076762068	5049.83393272184	14927.8515725974	12465.0619725147	3496.64495779412	2736.55695553204	2516.13347492799	2624.37783487945	3154.9446282216
302.315	16.6382643874684	27.9918350202389	20.1748383159539	16.3585667354053	25.3843160136091	15.5652596044677	8.68044141675483	25.1788370830869	10.9790900800885	18.3464152924184	25.1938210990313	37.9362956004832	39.4385907898427	35.0549787274511	25.635883235911	27.0343656915965	2.78781011948463	14.6722632634317	24.9662393486579	36.5682419031834	30.1693018460138	30.036580325378	49.0884537611851	58.9252713956647	78.242291081098	126.306561743934	195.771630245686	265.50587093255	308.313057384076	309.29143991655	427.183049945464	896.267801895261	2419.45211499701	4789.79855444755	6913.33433181185	6827.84648508964	13166.1298841791	4858.1736772033	27692.5270081936	29481.568776037	31436.8144609708	33975.8063602213	2945.90034896802	2873.19405811684	3836.99477905917	11518.2615833533	14608.6736834405	4678.67242665757	2883.29394292424	2711.99475432846	2652.51482439987	2760.86250027458	2064.80424452021
306.837	29.7682119523463	8.72318738304445	18.9354196451821	-5.93207135532678	8.97201964747686	-1.17147844035278	8.87832430775395	18.0470962960967	9.19685722874994	15.7544854439902	22.583322247326	20.4220870181441	34.4130568266047	18.5070460731735	9.96030470534824	10.1919629393811	19.80805663441	19.7526191223623	6.42503108337735	23.7458361696226	20.4749407633859	44.5357887162385	32.5043317579697	55.3498641443929	115.060329548073	172.839965708846	235.58511125326	292.965721424138	322.899477218848	346.353010886406	705.643339468896	2014.51911938404	4187.37237949661	6295.51638174156	7217.59697037857	6304.87913401765	9009.43369882236	26179.7776778895	27533.9156284663	29312.710502514	31256.757346125	3182.08036935423	2303.71739159526	2992.13124786873	8002.63850356125	14984.3182863342	6267.94234625774	3052.08717664526	2755.98321554412	2729.92145332292	2623.32733012622	2685.05659952024	2191.92121712097
311.362	13.6468304294025	41.8183880857125	26.7912797556242	13.3302941915855	22.4017050199798	7.60498753590174	9.53213794801258	21.3548662590564	19.682647434804	13.9580925271305	22.2728496567344	25.0773938282055	31.2131811036869	32.5175488414799	16.247939732013	30.2088935570965	23.2537321505441	24.4769094986412	45.7204979122306	45.7376708990559	45.4887414767144	51.1711180877903	68.0555028929577	106.773544848543	173.090615841928	244.256004061317	290.750474771536	329.68508224776	349.908353081096	580.583218294652	1708.863852639	3650.728643181	5920.09297721423	6360.4084147849	6638.99245929562	4923.81652670441	24752.2361844025	26178.019584884	27532.0665988422	29310.7420185971	4656.93311786582	1821.03820788272	2160.75202418791	5325.3498436012	13398.1903379714	8152.94457271564	3508.69527888473	2885.33762631912	2628.3023756904	2652.53352662403	2736.29580674513	2470.66974852477	2753.02367999592
315.89	8.27721187755083	11.7495492722463	10.6269759522465	27.743412795232	6.71372759434841	-0.292204261701266	5.75780030287801	6.4587085123386	22.0660076619279	11.6622568507908	21.6870662663751	33.4027731447932	19.6199293698821	23.5941683411894	11.2627001920254	19.6815650074427	17.3360142139694	17.8829534661647	29.648259745925	39.3454598376128	32.5187178071812	55.8381840053531	91.4305313546232	140.329781743411	214.530505408528	270.539798191819	306.63171852351	337.929169446919	468.355961463804	1431.24517079521	3193.40891725167	5529.25940034653	6217.12883811261	5673.27713300229	5302.34592162084	23447.0243435858	24721.7272658178	26145.753285295	27498.1313385257	6525.40236997481	1818.74932564842	1693.21810285436	3242.3027153238	10920.2678872318	9630.84351895896	4009.95114365949	3365.66154259185	2886.42658451601	2672.59575333052	2615.23241594715	2454.00900306266	2318.58936054853	1938.42547058963
320.422	8.29046117063493	-1.74346025467128	11.4324299458822	11.8561371913081	-0.640426116732381	11.999551657732	8.65052517903007	7.84126901317216	26.0401792578929	17.0135205679177	21.721780648627	40.8166137790178	22.107751758096	22.6044599598052	17.916450895861	6.89957421772972	19.4474155547963	17.9115786234263	16.4530327088869	39.832186591049	41.3398239206846	58.2907004203932	131.88636678929	193.214952946609	258.351733295217	297.196028966918	312.292955607015	445.680921903133	1264.32204374741	2915.7929218537	5210.6065803952	6117.9749001054	5781.27744109865	5011.56016681208	22315.9771013176	23468.8155632776	24744.7031702275	26170.0526524769	10427.1975368579	1947.4654569919	1798.21001436263	2354.8869472136	8195.62874480149	10970.9789122348	5408.06254261362	4755.16383964278	4461.94541497309	3990.55314763372	3595.47473631271	3301.4384546776	3043.33339098523	3139.53263862971	2771.24124711973
324.958	37.7414585162155	12.5932475103965	21.9665553273864	17.9687862907561	9.91260820689871	12.6840545530964	17.8525442447917	21.0371715964725	18.9672313756956	14.6735454845726	41.3352616315644	45.9151946895161	27.5197997907546	34.9875105739498	33.551500480989	37.9707054983853	47.3015580886169	25.2720361584896	29.4000521616989	40.2273819726493	77.5592464400549	129.645035011626	197.472448252851	244.721732456805	297.361340131842	337.336500465138	439.62269967382	1166.91600863368	2879.9388653207	5181.32698245077	6191.37424619848	5820.45863693792	5286.32978682568	8339.16356946216	23012.6196390957	24201.4465011218	25517.1637591055	16461.6354409129	2055.40417687499	1908.14894273212	2012.04566214432	5655.04993252497	11095.2830926744	6415.78271652611	5329.57166103105	5679.75394260547	5472.64887928156	5005.54964928696	4391.10510671432	3945.82800837904	3564.30882745849	3457.45731871111	3202.0426897929
329.496	37.8862989962612	21.964129305339	2.06933712707046	37.7299010666235	-4.03404723472697	15.0555954804121	16.998923603885	12.3480479453009	21.1351595139271	25.592417692486	30.8005684860629	38.6358544163323	51.5766060056526	15.8206226224312	25.4273896572666	38.2865883750893	31.718585706614	49.1211411860323	42.5504514882998	88.9727438749762	121.87059129561	181.519285381231	239.529635048751	275.628731555777	318.75711876979	389.09050805096	1042.9143932718	2714.27314019082	5238.39336413214	6406.00139215861	5872.92750981307	5273.36498267782	4513.80229134829	22576.7678643288	23400.0158593429	24608.855524783	25946.7216689279	2036.58946609251	1762.64049356785	1724.72242913965	3490.16643317489	9496.6425980988	6309.96980953349	4401.46335024794	4905.20059580089	5255.60433672104	5059.79786037205	4627.01477888201	4070.84157800275	3524.21429898433	3416.39283838853	3346.03611749671	2804.81637178269
334.038	26.7936054662019	12.4340861030883	26.6574480320211	31.3170806694599	15.9013846370857	0.927684849562298	16.1705579309207	7.04211844829208	17.340288461902	17.4393699506182	37.5554776579321	30.4000038688289	28.9198928075877	27.8637119459582	26.9927414775799	19.4396781008888	54.6711465699779	46.7327351933486	72.9270418513513	137.89707584048	172.066403488182	249.681781915387	261.327508658311	285.002452599661	371.67489492049	898.802417255382	2519.85393408315	5098.49514242074	6762.55192824975	6043.15048418517	5277.99590032405	4311.25912306977	22247.0583631701	22682.7407848909	23509.8530174656	24724.3668463027	2372.21796403366	1780.7540095281	1650.42257517992	2400.73603707613	7484.28398834119	6899.11201138198	3522.17320234553	4306.45499650205	4938.33838446595	5196.96254487636	5165.47834775406	4608.70710599556	4137.76828586369	3634.76197173039	3127.1342358703	2892.59863113453	3787.12518133601
338.584	9.76714205262144	30.3235561004328	21.1931182828061	-3.51495591256789	8.7759981196744	8.32969428123874	15.8990404846057	23.7633868250328	29.2944173179856	25.9642186036703	38.9547237823782	44.0830149439536	47.7175212054072	36.8243005935086	32.1758616672771	25.2819164055736	57.4721778673851	67.4310569941278	106.59744126152	163.929265622323	232.408220500848	257.402868808593	290.420184974648	335.055424287726	827.595395067748	2319.7167053684	4859.36413614711	6848.06472163318	6291.33389853812	5417.4148819711	4214.38502728613	21948.6133920274	22158.5677748034	22592.5172126299	23416.3394979715	1730.69933274309	1990.14901066306	1605.68122841793	1782.78464150987	5483.26743107242	7501.0178116602	3055.26914456229	3201.62178897063	4363.61126957346	4932.64735375139	5324.54623890259	5246.51055040573	4772.58399481831	4391.88008245048	3884.61023565629	3529.9441831713	3115.57307111549	4093.15184064891
343.133	44.1686136427707	27.5415804861761	21.1736766000108	3.51173143861462	19.2220384979429	11.7125189907586	9.11020234339936	14.0385037859586	22.8148570101804	20.0570103962107	37.4335307731319	46.8612998262251	37.6955209957186	38.9546677228268	47.5206837264375	41.1751799419164	50.1048749969234	94.70184482566	152.98759707847	192.786042998644	240.110758173014	264.218084198559	321.065033252808	681.864638656452	2074.46957123468	4533.54814119621	6791.20593304102	6431.0440312296	5650.32523628736	4311.42768763856	21996.8420950425	21953.8063114755	22163.8103682869	22597.8624761288	1724.48744729884	1317.06131338835	1635.85161448822	1452.36960310385	3586.83083871813	7303.4951133272	3394.48345410018	2059.77591014271	2779.69769980947	3730.37909865494	4278.02253827904	4540.6193375506	4384.75716060296	3976.08429104185	3457.57718972547	3165.21998313539	2887.22724597306	3177.26436319207	2970.92941092864
347.685	27.3323227646891	17.9757727803827	9.58824869020392	10.1867931714614	28.4439055239507	20.7360899694176	8.20950203243987	17.4131183263215	15.7353650853593	32.2234129283028	37.8860495029244	59.7908529302837	54.920773873422	59.7592374824898	44.9095906267141	64.9703947202559	83.3624802185577	147.663123057849	182.474197679285	241.527152977361	266.269634946663	315.285748851293	624.91054574058	1831.27126803727	4276.60255789651	6769.54694059097	6537.41829570841	5712.98077348564	4578.47935508301	22335.7485677516	22094.1800830249	22050.9538622777	22261.887205769	1717.93728223619	1250.36341444613	1139.39153857779	1421.54472056406	2320.99007218732	6341.50441666676	4054.96908967109	1599.76329989029	1723.2656583693	2469.02032982025	3166.99488786309	3556.88787473816	3812.85515286265	3742.10124801298	3448.55025230542	2947.93949155871	2647.73403214753	2441.56730773206	2246.93016049084	1702.1604695065
352.24	3.65969127201886	18.6908345590936	10.56567388164	21.0516310208796	21.6269975032424	15.6880082622799	24.0168410276222	17.6531532094478	16.6560493503958	29.4008431588782	38.7107254616514	51.6483290394038	55.3016394903697	58.3799833341919	50.1526607411937	78.1938528082109	107.966371832758	181.440994154977	217.255172229175	276.201806933632	309.78198938557	561.150276761077	1707.16042906272	3864.11770126907	6923.40449334444	6878.98114624911	5731.79210855947	4835.77621730646	22993.2708433285	22686.4410080145	22441.079668925	22397.1747555076	2199.10573932091	1100.62920999673	1055.56869105019	988.361881059161	1742.3310099407	5038.84500645183	4951.26751688071	1606.22232140636	1365.59867437204	1640.64985224663	2204.49636750391	2879.11639624446	3220.02349913338	3372.66464646093	3377.88949905434	3044.93326622882	2630.30694846066	2436.38074208847	2358.28392007172	1839.84509716632	2810.8106623868
356.799	-16.916458922273	11.8119549146188	21.7941752617934	-6.82765976176036	10.413338963206	3.17256752911011	15.869071432605	16.1498936416149	24.1950704998584	35.5090300973114	36.6957405582578	40.2559270208094	52.8747761968463	55.3179631502619	53.9484777521208	87.9690012286921	120.839414335761	184.651743389253	236.206392016522	319.701920893081	542.728118774636	1636.035679765	3663.21203616504	6380.27623502545	7420.05597006775	5957.32197389129	4983.35531285633	23307.3992899924	23259.1757896041	22948.7976304596	22700.5988180009	2958.57088115417	1019.87176532695	924.679150448799	920.926428267464	1030.25136662924	3621.58463198552	5348.23095633681	1931.96945686901	1147.8415810909	1216.93633887271	1495.26140166054	1961.93641720223	2490.69476779075	2760.46225338469	2837.62967552002	2727.33777313448	2569.10115363849	2220.90057674913	2012.42755576851	1718.46335004704	1446.93779314788	503.669446535256
361.361	39.9240786307722	44.246495568321	15.0609534416781	20.6256329323885	29.3604153663283	31.6271623738376	32.2012980881521	27.1752753936342	25.3190113869306	33.8160665180347	63.4330786167331	86.9156473331802	77.3747519992129	83.7417609788772	127.48079346769	147.397014980389	181.194760229438	246.586973038094	343.417195879131	511.570263290721	1546.54000379496	3575.59342988398	6351.35557032876	7107.46132338943	6502.56484004226	5080.93780958537	23567.99713874	23494.8541949137	23446.2428463761	23133.368402357	4420.71682604754	968.387104222669	888.572339488139	855.308493858935	905.168073119915	2218.03105263292	5286.25291492894	2601.50643701225	1061.70770789681	1088.4162262313	1191.64478845806	1388.54091768022	1746.79883709708	2171.21748854068	2282.51461441778	2359.78541443945	2301.01409789676	2091.17750580131	2073.22315105112	1705.94711896741	1774.08926038496	1754.36498437065	1322.28354690591
365.926	36.3083557548408	13.3622007593118	28.4873720562479	9.33015749750148	20.3345671992834	19.2265036413495	31.8139111891137	28.5460422619314	18.6878574220866	35.3094546411867	53.4341251024807	60.8069374349246	110.653312351767	113.996543976315	128.233303444638	149.285969815693	203.420890215476	302.571125261223	434.097165577302	1299.53297533938	3313.74826799677	6169.12656578522	7234.15026032464	6315.74059555305	5465.31458393624	23951.7532732602	23612.7855624729	23539.5036184107	23490.7998892747	6109.29947998808	937.337530469899	848.463066172388	805.627534306197	779.242867284176	1427.6418943998	4286.70634700321	3439.89328133008	1148.01146432546	975.441740178509	1071.24700633475	1184.90377427998	1319.5695921102	1559.04027254069	1811.03605388551	1887.5926306222	1957.39835752536	1932.3409238549	1831.34474554098	1555.52801965712	1511.18359531414	1532.68428232352	1327.24769702467	1617.02141342541
370.495	5.29609522429513	21.773884186542	16.6967204124348	11.2661955733628	16.6919199359429	6.03894092059137	18.7887759310633	14.6893124960157	24.9524000237771	33.0922769858738	53.3064748763346	69.0330019250532	113.184379993062	145.057712411319	135.839348807532	177.688104958825	227.036862020142	368.393345686617	1086.45164003515	2909.28858243805	5911.12958803358	7290.98256164508	6428.22994955449	5693.37645056785	24440.5919474712	23782.2701205938	23445.7009530622	23372.9375537083	9870.11044218692	850.970999009735	775.254752726327	745.806533033577	719.981245658451	971.929522620488	3234.18897549301	3952.33919442376	1410.95492723698	919.027923505816	1006.65877219348	1086.429138632	1179.07257434297	1326.42009845741	1532.835156364	1682.16855862867	1750.52973672777	1736.32547175818	1743.0673871949	1629.30972561959	1460.82471297824	1303.07188012838	1164.85563785535	1449.59327412013	973.145189271985
375.067	27.9725996438038	33.4917314694941	34.9849771910057	38.8948556240057	33.9619255843667	44.3441556953563	32.1669480502035	36.4906837375066	48.7855741262853	57.1623289045571	74.1887688289725	124.555461634396	173.938892165903	210.906351313393	198.568587667378	231.478775463824	343.892063577771	889.722207945737	2591.03061876112	5582.07194397551	7282.67500263133	6706.62303156079	6263.77291140971	13118.7796447537	24354.4442576323	23698.4428698293	23363.0600342948	14112.7482909552	897.362797396216	690.221898494237	713.906573733609	712.148352584407	785.747259625986	2291.77503874309	4283.25404958897	1821.92786230279	1028.91175620229	999.080701718668	1134.00019317327	1227.51694097217	1342.4061889093	1423.979996858	1543.62018433963	1626.46357877109	1678.71698435493	1673.37740217589	1637.87055936136	1554.29529619278	1550.30017894506	1576.31402399795	1518.93283175577	1650.97040050075	1059.58808657077
379.641	4.0673964108415	15.9043839005998	-2.05497858842737	3.86269114135684	-1.33535204480423	11.2896280265935	16.8809729334677	27.999074447716	23.9542762167999	36.5338313840822	87.054886883015	148.936712110229	199.753049666745	196.742662793949	216.18969409966	283.273045251922	665.451058605765	1980.55654670219	4783.62402202847	7243.81643968127	6628.5112732847	6747.21781814653	9073.24160093982	24697.260725541	23423.981605669	22793.0427807613	19448.2486918334	858.714601431999	653.875437739624	620.45854910404	619.33078537105	630.655593847509	1441.42568331556	3883.83034471563	2483.25981311134	952.174426811075	1001.05591044141	1058.28325211593	1192.29500301468	1273.71218926747	1415.40562529141	1424.02890991443	1538.37917724351	1575.28568747421	1530.72589106378	1424.82641573159	1401.83240069993	1348.24860577221	1351.61692203789	1422.07910629821	1197.86507155633	944.305379566712	830.416264234949
384.219	40.868742731845	35.1741128862072	39.5629598785133	31.0495097233032	36.7737998306261	29.6745217978723	44.5200955616071	35.8984848607506	33.506974407535	75.6638378399573	112.951539345891	189.339383225881	245.429756357836	279.224105388653	306.196039192846	593.504103039469	1673.95226058913	3925.65046215533	7081.34546599219	7118.06299399138	6980.24463132019	8804.17001659896	25371.7688590268	24561.2971906233	23295.0277359931	22667.5623599793	891.559823056786	656.640179618288	616.255603506811	607.331989746972	593.145743687278	974.546698962338	3205.24964108297	3135.33626401342	1121.19688835142	987.961798729943	1090.32211446206	1220.14420717709	1361.01494129916	1520.58994399271	1589.94769174171	1636.347072847	1687.00852499412	1636.96209818913	1540.30213265068	1531.64407174427	1355.30744036101	1441.6461466673	1447.30834442709	1413.64046891753	1553.64079079765	1655.80210218089	2231.91528275088
388.801	23.411415007641	10.462126328572	7.88546311628312	-3.33497363751918	20.8165643467845	29.5637277908204	22.8492395247561	36.4666580431359	37.6428167178671	60.4439729971962	132.886928623384	229.205149662856	301.827731226624	332.945479933049	494.425828887986	1361.36501998237	3296.07236371497	6288.51552823127	7333.79247747432	6986.79897212564	8374.70349383341	24670.8187385148	24514.1030610181	23731.0285297282	22507.5639740522	910.237875350031	634.320097172406	566.02332078672	517.866928946388	525.168371489738	668.105058508122	2231.56826443828	3453.57004039625	1377.18970510354	910.618639806716	978.650828272366	1153.18042124451	1279.79234167568	1465.99396354404	1633.23911452505	1721.59654651413	1746.30610809586	1713.33674672103	1653.62775934386	1526.07630786529	1399.75543228656	1322.43740025292	1369.55160164394	1405.79401588267	1412.7745617953	1549.13879550604	1634.67709272756	1493.67815945473
393.385	39.6698340615712	23.7759897888532	9.80901929547488	28.365792041602	22.3703917035447	28.8489544247818	27.1706186558129	38.8336665933008	54.0291834495263	88.4570519465424	150.10362483962	264.145234445763	324.408964155303	458.870275302815	1163.07262080557	2754.34788192596	5543.46874917809	6985.63340200109	6784.79301875234	6165.60708376995	25034.8732209199	23612.9108234971	23462.9152616718	22713.4197029113	956.989968703878	617.016365376551	526.475986722581	509.715048734998	495.205548562333	505.110592315449	1434.5652855927	3279.71500466619	1784.30845461755	846.944245441769	914.659473054342	1034.0000753461	1223.70157082746	1365.77783550567	1530.64131358732	1732.51940225454	1824.02456331588	1848.51994983965	1813.33793900754	1688.10492495889	1498.79106593921	1361.87852241444	1297.49654845109	1425.55649775446	1464.0962933091	1508.93684329627	1541.48566081229	1492.48937892541	1842.16082486204
397.972	12.1976399908207	2.42262162288035	14.9729262853617	7.89411324967168	25.2139126005645	21.6896941887182	31.2322832217355	43.7648741203751	48.8535727022624	85.8607209885846	183.714020845039	286.682480078954	429.42678180282	1091.10024905445	2542.13449309079	4769.6002926252	6272.90175041852	6582.54720612844	5723.37609967301	24556.3879736211	24198.676855828	22824.2097973083	22679.2242765753	1017.77278585876	611.135405543233	509.489312093017	473.540818104209	433.87257802645	450.128697135366	922.093869850043	2757.44569917061	2231.90274863257	804.398339893985	773.012726880215	914.101049999661	1072.07164244128	1274.21178283909	1441.29532378228	1604.19879702401	1794.52828174932	1883.96176172456	1852.78908119727	1824.05132626758	1654.17149497157	1441.30748166565	1304.35226882702	1292.20252280905	1329.18195555716	1454.56610730539	1424.22604087667	1471.93214167851	1362.6995324682	1322.02172889276
402.562	26.0606430496105	25.6212376458105	31.6000063282851	26.0690039699455	23.9564484294832	30.7586506489066	38.1275839292202	56.0448232534424	79.7121320606312	123.937877806861	221.855148359781	362.636762445468	1112.33634325753	2714.23040318382	4803.99712396323	5591.71548257079	5719.55000518735	5320.10890903834	22345.9630175454	23596.2650266345	23252.539949987	21931.8127722746	1227.96716994409	604.661994066142	513.9633360157	460.570756844299	424.273730374707	418.978391428608	616.019670116002	2093.999668039	2576.89469700002	950.202299416247	686.881670370472	789.444514353967	953.439215605713	1116.84854799797	1306.0216556885	1481.74663399471	1692.26756443533	1859.10543161396	1954.40679485649	1941.27601582211	1811.88955638855	1685.82053810977	1439.16202162397	1321.86482161547	1308.07665472561	1456.4091665101	1501.67999843301	1579.33576845024	1693.6741969342	1904.57392503156	1522.29631881331
407.156	6.03023368837912	17.3237102975614	21.5878096070843	21.5979987632888	34.5044578508402	31.278280642576	55.05040598671	68.2179905925966	103.788116960354	142.868063717385	269.841966992444	935.839869425365	2840.30807918792	5565.10736448018	6027.35298468836	5371.95883753408	4955.15413760672	20159.6956901175	22131.3696884154	23369.664764962	23029.2405578473	1743.85994240092	603.172834377288	497.574212883742	450.65809061442	424.931424441094	416.482182279376	457.376301957597	1441.37377464002	2702.33419745473	1261.02807256414	600.663397748463	686.826898252155	849.078990435814	1001.5335157264	1178.39414172137	1415.21528961248	1506.33163185096	1712.35214525482	1925.46991133786	2025.40551588329	2015.14469044102	1885.97649455141	1676.58907536139	1458.56489555256	1320.83121547248	1355.44093181783	1466.71368463775	1604.88224974932	1745.89230802355	1769.50588202688	2273.6950459098	1363.06683344884
411.752	23.7233818789001	36.3481320900695	38.3545929686372	42.8059049977425	55.0760814409243	49.067877977709	65.1258451750728	89.7420078653189	126.028666536302	192.130515221509	611.16707869222	2433.71042531929	5831.77159502878	7239.13728326533	5662.85417083264	4706.33086978183	18806.7348996746	19795.9942569264	21732.0972490945	22948.052221853	2477.13311561958	682.899665509675	493.623042552213	449.223030605666	422.629646138069	393.022267975531	407.222441379596	954.599783955256	2472.11768587321	1633.82548577319	606.748649899891	589.312677726038	689.860644049329	876.002724027916	1051.89200056825	1213.99088535655	1410.08260209392	1573.71313251027	1767.74444560624	1965.27337418822	2030.16492699577	2010.03763811354	1880.16771585737	1687.24913062553	1429.7252982162	1324.37343322034	1349.60700984398	1543.50600076539	1619.27778435038	1793.43343328399	2008.81523440435	2171.14558505494	2537.05180713724
416.352	47.5321824655899	35.0294283168909	29.9974054875547	44.6648095445601	47.9104470603124	59.8042708909588	80.4075556943902	113.801837027609	145.368785817298	383.844024858598	1527.20993591623	5014.32170345787	7492.51952159218	6221.87660951217	4887.61104250256	17542.6633396048	18542.4194198742	19517.775430104	21426.6678514821	4001.15916786175	695.465381082269	528.340177920119	444.345938305988	415.575895976188	406.439089213672	372.174457535814	668.390358500042	2000.41700625233	2089.51006432462	700.033284118983	537.659694757351	592.867360207904	711.269095383733	879.821239601785	1065.46145182044	1227.20226495175	1420.27079943815	1592.83526679212	1774.80550599556	1934.27091615421	2045.91666621986	1978.79005913976	1851.01549519874	1597.43109525698	1423.36883873459	1305.89213777964	1336.91738566764	1514.58808793492	1767.46475886507	1929.20310347065	2107.69081529257	2294.10575758485	2000.46110596972
420.954	42.8944700253162	17.1605876963053	41.6095802906501	41.5891721045576	59.5489697379226	74.2858386292218	98.6630706508989	136.953978189425	274.41070374354	843.421793041928	3122.39880947518	6531.71343200767	6216.04996748569	4804.16141950937	17390.2817317506	17220.723354127	18202.1320801929	19159.5885221707	5678.3926022631	757.855510066316	529.592153781159	457.940721068131	418.970163727074	394.479033208883	379.258456663042	470.38325878185	1476.35915707562	2257.03222945239	964.600545774663	489.751939830742	533.517405374015	584.517792026112	706.492546288934	869.232715497532	1060.93465527814	1224.36550168989	1410.75305408523	1564.83094121466	1738.92107253354	1889.28277312115	1970.69568564207	1939.68474282965	1798.17019401816	1619.10306115943	1405.17013670695	1262.95363964562	1366.06464461522	1562.30396166963	1741.57610734963	1845.65336088041	2040.70916451718	2327.58998106024	2154.62552535891
425.56	46.4907035072285	32.9547671948018	37.5817414849964	47.8047719512653	73.6843794855787	94.0451234832047	119.033556435696	240.688488944009	651.903600542375	1741.29376042617	4403.28329337016	5426.71036645478	4755.5751193082	17605.241562321	17054.9327764999	16888.6441115622	17851.1276473388	8816.76880151273	789.852473953712	572.166225495715	481.813424506957	426.610292705944	389.164964132867	382.026492237533	419.323492416193	1017.48581636256	2150.64411670023	1272.48776639911	519.101828833117	484.369400130137	523.138205385339	603.6436633382	719.717335941147	874.527766630291	1058.70663667107	1213.18932306407	1382.41146032025	1531.07366787581	1660.47579841403	1824.66131542267	1895.64881504806	1886.10927393231	1731.41918628428	1536.605989015	1353.25737523001	1289.24514049115	1358.56447818195	1579.92703735836	1749.99653353835	1924.69892677553	2214.21934970122	2462.60702533878	2100.18206189093
430.168	52.2916506996512	46.0335319802882	54.6663327051644	60.9360568096603	85.7093229807969	108.068116754588	214.232634212337	557.578322668311	1394.77694632263	2655.27988912137	4138.16402500383	4418.70496895258	17763.3431263921	17336.8772920054	15995.9614978245	16631.2032444447	12570.4783757969	755.625745890615	570.704934349542	471.109110197908	414.084983757619	387.072400989282	369.153344687364	368.356898443692	699.021853761654	1837.90311816786	1565.39767284386	597.842038923506	486.296735552558	487.445070159393	518.059612061668	596.757319362186	692.998718094568	868.175018116026	1028.54415904441	1200.11930066753	1356.7939459207	1491.21414477045	1618.30970888253	1775.67233289815	1842.75188344698	1766.38201927771	1662.63140520659	1480.08478061891	1354.92214721753	1247.33060642598	1347.18070940584	1574.69406857419	1728.94593874921	1958.97393024368	2233.72644957352	2421.32791395233	2381.38058138326
434.779	28.2389646139189	47.3230070270957	61.82465006539	72.1099356931133	103.011458085567	176.534231349191	485.927497371444	1211.75060987796	2236.80983326728	3028.63574230369	3765.25704110946	16881.3883304635	17706.5947955835	14870.5112443598	16741.3024596876	16578.0717468011	692.088565433378	540.637314948788	468.936700373786	418.836654104065	387.212384987278	359.83416389356	332.05419234997	507.30751973328	1475.8249618026	1818.78176909706	738.229951260427	465.38529810137	481.245307994579	488.156561148105	531.326183016664	620.279593395721	716.253173540191	844.481473564078	1018.86133846352	1167.64375003544	1319.1511263359	1462.02037167407	1579.00004629999	1691.16997637513	1741.13234848609	1697.00539509155	1576.42125851758	1419.73754517726	1291.29417246729	1223.86681501221	1343.88286844527	1546.12703867939	1830.06019108374	1987.64677287907	2020.63850689728	2130.5914646151	1975.17728851424
439.393	69.7380678227782	72.4273351501613	88.8130471122074	105.965227712302	169.349586044497	416.420588728081	1090.66916774767	2071.92159927249	2547.61081834518	3107.88731896099	14183.2953217621	16820.9139262875	14649.0911814823	17219.5836880274	16681.3298868422	711.310792512557	520.467736215916	461.988722544756	444.978145656189	395.061093522543	374.961649056477	362.788888575895	419.887675675037	1129.83665083557	1851.52386934657	991.606901941753	486.859178942923	473.543934814962	490.096977734652	517.614075131027	555.597418982813	616.952881800642	717.952939878248	854.244299703483	1009.51974094353	1162.56900467325	1291.74875335255	1422.24486047806	1538.29649412535	1649.63828077895	1662.58145097652	1602.13888175065	1536.99471975378	1430.87899171485	1297.20657422096	1277.29799594134	1369.76539878343	1596.67520668388	1800.44227363211	2051.9943869192	2216.3366206366	2459.17606463819	2929.79510009605
444.01	100.536442666423	98.118332473946	111.786211598528	172.955332809758	378.376251892374	941.561759558839	1815.93547461331	2373.98741108015	2589.52459141317	12622.4645745159	14022.6298848516	13979.3201840548	17443.3061274687	17024.5238042775	820.530124576313	537.188343294951	441.898621243356	405.376090783368	390.187539342608	367.169129981565	356.213539001074	360.868343801811	804.632203999043	1685.63502784578	1255.59866789787	520.305256812859	455.494534276218	465.209017146625	503.79140675946	522.723803047155	561.745675947687	607.345214817497	689.599507499016	813.363453513239	977.286565140814	1082.24020518161	1232.21274772084	1340.16087506809	1451.48680452898	1531.58347813308	1561.43294937394	1514.61363310761	1448.80988683468	1327.93604784526	1253.24804009975	1190.85369487679	1378.12897011744	1577.58332844875	1788.06254165519	1959.42190505236	2294.69035974483	2619.66813174488	2739.41221628087
448.63	101.332094726486	106.787790498568	129.289535909176	333.79653487418	768.390788970033	1592.26407920634	2135.38902780174	2372.83403510773	10675.6859309079	12388.4841163681	12262.7176723297	16322.0957767428	17119.9625573422	986.221708496076	539.434989122396	421.838084803268	366.988268499036	353.132983999313	347.534349482395	326.24059522311	329.905890603733	538.664800875095	1417.30176867767	1444.28607461467	589.495658260943	419.911677697537	450.047688711685	465.435420594082	488.134729315454	510.738500805766	532.460480345012	584.508825995724	668.797516614329	781.860207192104	920.887854468813	1032.67608535883	1162.03876352749	1245.17532308981	1337.52468192724	1448.9660372148	1438.29335269105	1376.35084966233	1305.19612387328	1222.51109764305	1152.44581767998	1144.14987215432	1300.75909410044	1514.35504075114	1722.58982114897	1865.98516145691	2010.00001708566	2360.22854398993	2315.86279961727
453.253	132.315196902042	135.629696755107	287.945402539949	693.166737447328	1442.10712609791	1953.3329701341	2285.679700665	9452.12917201017	10551.1620672295	12243.9817474081	13602.1632976037	16131.7107801625	1288.56668261412	606.371634729422	433.570079750485	366.389219309899	342.021724354629	334.237307861112	318.638725998307	316.331141242921	405.816198844496	1082.79348072615	1558.83237731453	743.339514946479	429.343904606923	416.975335098432	444.361760734479	477.483720316047	478.861192004365	501.773653476677	522.254313684914	571.410140771238	656.997772123038	747.602288369736	875.374123107209	965.11754921042	1094.51107419607	1166.20537489055	1260.88712464036	1303.25472288123	1336.53244804786	1315.11503564171	1228.34351033197	1167.95783505748	1073.89740396914	1095.7379845329	1232.739214767	1500.07232423208	1749.1849344621	1933.19848413888	2084.5022494039	2536.74634568372	3370.39214849782
457.878	142.516387333072	255.082547222414	564.360418025764	1299.30024515687	1812.49780291161	2170.229085953	10589.662182852	9359.02485808121	10447.2321814285	12123.3774370347	13468.180778033	1624.53023700793	660.320626835276	492.644594293266	351.826815210067	300.513751402857	299.451508948532	296.890204278183	284.805270788759	320.039572756334	760.075814893613	1486.7239060199	944.056971288881	419.278302626685	371.478688763856	405.528833007636	425.692354592824	432.196139443607	460.714781076144	468.434991363721	512.144366438337	548.15963585808	602.549068069369	691.077696451516	802.566128271777	908.317044487387	1013.48613935297	1074.72009996052	1150.99407471703	1215.05257063584	1227.84330718032	1209.53562092404	1145.7506367337	1047.06260768695	1011.42687056308	1049.51291109593	1189.47697908151	1341.62773585458	1569.17700141825	1682.93720839556	1918.15273227702	2264.18805343858	1725.65008651832
462.506	242.64897895258	528.560665835341	1139.51229596188	1675.60019490385	2103.54232617229	3569.41489261248	10498.0832719339	7849.10109439281	10356.884998604	12018.5350272238	1635.30612163875	661.583179053362	531.206451633304	411.204755147772	325.923725532486	283.670160445587	277.093905022993	268.555988985543	273.978593555727	494.407707792528	1262.33426966371	1144.68133294327	464.567620946181	350.770376868435	370.82344522058	391.628463037939	410.735410113386	438.948076780605	448.623051454822	459.70013824401	476.645983252367	501.611167292302	571.899985685073	652.202366568499	759.409600330589	851.112146991345	943.189152158589	1016.39345805078	1076.24461006975	1100.68981908529	1128.99455243931	1104.89811313024	1045.48478342438	992.919959631318	942.406258100527	983.47391740486	1190.52193292796	1326.44703322912	1551.06992652312	1639.35549759692	1691.45243130131	2147.95580044536	2210.94719434468
467.137	504.11863694095	1112.31605531441	1579.08377523423	2067.80237521781	2113.37596404806	13651.3169892991	10345.9709785568	8515.47783595142	10206.8186018559	1715.94132696755	579.872788879728	527.343582195114	441.767020441661	339.787439743301	285.524012595311	259.056345679143	247.496082829734	241.227382611372	338.480630294573	942.831199028294	1280.9995336998	571.338153548281	339.112976762404	338.415994021931	352.478211000114	386.636510802851	408.573817849961	420.840114621662	430.417655084506	441.520176144699	460.124277485853	485.784593112799	536.041351092649	612.97207815179	704.443984721385	802.107507051393	873.023791135168	927.970372950023	983.481729649324	1032.06592387735	1036.73712784081	1024.29151508963	948.756073303019	904.664821559015	896.369245217715	927.629894195572	1101.42035846945	1273.79748824557	1442.69080374574	1570.35213389809	1802.29451957643	2176.24801339215	2651.38123537027
471.771	1109.55449522735	1638.11799063594	2006.97575012653	2067.12086546942	14839.462880771	13563.1419234455	10279.1454354192	9084.59363375187	1932.57443828578	470.063803052752	452.925558303636	442.159384834605	390.791112141596	317.251394959738	265.002750224667	244.2458699055	225.126408563342	252.334906952998	648.141634342309	1218.49353695139	727.714201279667	326.778730738789	322.971195295664	329.139154035552	347.680252950884	368.743025470301	393.521665229462	405.225001141815	421.836659723847	443.904795149118	429.724422652266	463.864435843871	495.409908203249	566.729496919451	653.624705579839	745.433464058402	825.883636284081	843.868560715878	915.069888384453	935.881954042179	950.849625243041	921.460249339852	888.99638000859	865.281061978503	855.793085790381	903.945189367745	1057.60641769654	1285.79605524487	1380.95059753599	1490.21912077385	1895.86403307095	2159.71394874334	3928.49854260594
476.407	1740.12892076236	2004.5606304681	2032.72489905433	17085.066554471	14765.9867979472	13495.9854133127	10228.2492980429	2489.21446582357	395.388478002408	342.113997737704	357.280394749313	358.383346738932	319.220463494168	272.83201217788	236.533599743841	215.653197713596	221.823987312289	411.697785433557	1009.10897256413	922.146412349087	341.227465022971	273.55463796005	295.090912084798	306.248001970183	324.491248345187	337.057651275566	350.508981786804	376.163886341706	384.95276677609	392.236229241323	412.074760721678	413.23048102989	458.77786956401	519.764152256928	593.923101334099	651.845521970848	738.343556043197	776.271373992653	828.040779055184	836.874546064267	875.525739007933	831.817993348066	776.896815317223	759.831538514012	773.721011989876	818.466451022397	960.961532392673	1113.29209604221	1339.01298022684	1531.0766147016	1775.25647725222	1765.03844716621	20200.2980334497
481.047	2137.38151998351	2055.88706510238	18047.8053861688	16962.0010589591	14659.6258729711	13398.7724392212	3092.1506685419	394.842423228474	302.737245559211	295.818913678618	312.758061359701	321.040705058409	287.749859278908	253.558327658944	224.294275540371	210.821910622362	286.286718180681	781.148107795345	976.324376196899	451.215571670356	273.438504830126	276.905041953804	286.872666148706	314.533655179367	324.578084587868	340.11075472105	352.931448573488	378.95840217231	381.933517414318	367.935211489686	396.2422787712	407.916938044575	435.47821694614	488.231305180957	548.225593653277	615.987538770088	687.884153489607	737.586621401742	761.925666252391	778.66194630927	796.026633157189	779.133311741149	755.105676859505	741.476209998822	731.518349605156	809.215754356935	940.215219961124	1098.42050655059	1323.05094755739	1569.67212242868	1865.43198194569	3444.20033387353	58527.9636311772
485.688	2171.02924275011	19986.5105448222	18076.9629547279	16989.4044300723	14683.3095861593	4829.43112019078	384.521357820746	302.379120503138	247.666575608033	249.478316775472	276.119454991208	285.585789409261	263.323001595445	227.163891342614	188.000968301807	218.879601762305	527.53693290892	974.092207260818	571.403125601435	270.200003762145	240.890984760311	256.330462446287	273.324951632806	286.227367545082	304.3524133309	325.590773487894	339.656516978913	350.677371878186	353.466393622843	366.831099704576	352.818182716836	392.475900346459	408.326964618093	458.106948013143	520.205606954326	572.320686597566	621.948860136817	659.916077670454	691.797593994806	702.234965526672	737.8496926737	690.063728648158	687.278923032348	662.314290880037	714.277730922805	756.239573295004	894.364976911774	1011.2983928421	1251.5501420768	1548.66325439669	1788.76895032343	17160.7334073683	88501.0291521389
490.333	22387.5434688999	20009.1543276289	18097.4433093166	17008.6526316563	6684.56756636267	393.291150161238	285.056093884374	233.246657126905	209.673305459713	223.952317608667	248.174120084904	246.007654558362	243.111993489768	202.374499722147	188.751534553762	366.83726372228	821.56774206691	720.608087600019	300.959657638519	233.611748932606	227.759714387928	254.091874219822	261.658825708099	274.686550222962	297.140695086547	305.798299667026	330.025663841124	336.558894085075	339.633458465499	341.30226278423	337.610966286846	359.234233149629	379.234255262814	421.949609023681	478.613548823625	516.801278919667	579.080118857856	579.961043520953	627.03685478101	644.905502733679	645.245161415321	650.314322381449	632.0878121273	613.52618165959	638.891863680776	700.797114198996	823.512751477549	961.789232112953	1370.26727090613	1620.32986408838	2609.62023323814	49951.8659613563	65437.9903922762
494.979	22426.2062674877	20043.7097001178	18128.6971986321	7781.93049801606	448.469387191776	285.490917281995	236.035627823753	221.392078983765	193.409317986694	206.201692517299	231.349125749299	234.40566924345	211.916278749941	201.808440600282	275.742910869409	646.517616992154	813.926904310479	368.896726582976	250.867390922313	245.338927782657	245.437474630008	253.434159708499	270.467305143851	284.31749991529	290.98985276214	300.576599024224	323.353106377194	320.838570933917	321.933951086748	332.01969185062	332.353255908728	335.37501162508	364.038635474973	400.649671436806	455.21801207683	482.854392342348	546.752002290103	575.795928159507	570.145931511349	615.895593862207	624.563461782734	614.145059562345	592.285985573235	598.421184243145	647.946037269751	721.93012725413	843.731032296011	1056.45839589678	1469.52499911085	1594.40151773511	13371.736427818	77167.5540252393	19385.6004710429
499.629	22298.5794969687	19929.6416358303	8569.41404759464	449.102742505063	336.764069501474	250.594023920624	209.978104028188	190.151367581099	189.917690124971	202.60873253727	220.14555769563	227.656594547105	202.954491625598	223.310512907512	474.764980160335	796.499414732539	485.278244699767	238.873098724703	225.066000872037	222.20643638294	230.542372096617	250.194157234912	259.736417386824	269.952013516672	289.054311498114	301.413710315009	303.181535437238	298.982632433942	309.368236737849	298.577452262969	310.725874245001	302.322372808086	338.662448294072	381.654767217818	412.465235442369	450.992824693608	491.361526127516	523.932078099676	508.719122020739	549.774608156861	542.932579287127	557.286048544423	562.56259836983	573.260846637919	588.382955885673	663.586608365852	809.476823763388	1111.74445260093	1424.42877707958	2050.35953901204	40543.8142679507	58733.6074627629	1924.31620694282
504.281	22360.7714012721	11556.0075549225	445.246560530748	329.195223074244	255.756140286237	193.160936396221	184.932687103348	185.911057821557	176.534257309866	188.91362445916	194.628401494479	199.802148359859	197.527749906225	342.56301795441	702.951465262665	570.886353336436	254.298916053801	215.634801386208	198.637621758045	227.076432525875	233.829068989431	239.238237009945	237.147092591976	278.805154184325	269.41553940926	270.071933004506	284.368929041177	294.273929466814	297.170024457407	296.415658685621	299.074022122625	298.7327613898	320.547464730741	351.675758627772	388.435120239818	424.097434124436	463.597302244697	457.960544898789	498.976149919322	503.541047984047	504.880466625999	524.791423147387	495.514300783838	542.659808927621	571.124907922294	636.822633855371	827.449283188121	1198.72473872689	1446.74266833273	9447.13265481454	65151.0514545806	19863.261916849	1005.55461670368
508.936	18040.2230790749	435.621145874211	304.377310090303	218.78736736095	192.113349986616	163.26039473439	156.596694895233	153.49123565899	143.682507260344	143.126340819668	151.831319317937	159.168418275425	254.374182236474	539.32175284642	650.428507419234	288.99185205185	182.116595978795	175.234727867074	168.472260067401	176.66749278324	197.751361762936	201.967141437105	205.516530718668	234.173947366201	233.323491786861	250.656913944522	262.381815123655	265.560914097711	258.037477101524	252.873908718542	257.674765467614	260.567230266375	293.921502270999	301.675459254286	324.84123898345	362.310360188924	402.959020017829	421.617246369055	418.524452162781	442.843793310119	439.23476691697	449.642359194602	447.688632002724	452.690484088876	518.316014603698	621.270392648432	867.860425288	1199.37448783841	1535.69073290183	31893.8557441057	53017.358530737	2611.77919896642	843.712265037519
513.593	506.750380037	304.041388578087	239.693448325673	186.478830454481	171.803249270676	158.506087918468	153.442935219443	143.113643608675	146.480651610104	145.043874433483	159.095997321574	195.688669811389	412.029292087935	664.045764923486	379.744079218156	181.970873920673	174.28587569749	163.39243825949	160.826869483567	186.349017638809	191.775915422467	197.094413178159	225.232908954966	234.99966446929	233.781855429198	243.138584821331	240.195476665989	256.075061648515	257.030965070384	246.271548225604	250.616604886929	258.085945321519	272.730178706738	273.353997260038	303.650850227848	332.868631452514	390.912360392148	389.287889942521	392.602360336496	413.911313223166	400.648884430419	416.652669947778	439.508865937782	462.298953168966	524.989828354077	631.229482838558	1009.70510276709	1220.37112442044	6851.59277889951	54306.1770987642	20222.3260459412	1293.37167729693	1186.30559533543
518.252	354.963978337195	244.595331453186	184.96893748671	166.652809877853	154.155459784236	155.19674001051	131.166452354756	128.177803247005	122.641281665822	132.647438599035	153.645191784345	292.077759754319	603.129088721325	493.165840356769	213.366546922602	167.376430096982	159.44826397731	162.057082990512	168.968127017363	175.377488780796	171.322579933029	198.947255822582	203.869885870153	215.596054418063	219.197324600366	234.396320474264	237.766296382227	243.941720165891	234.074038081954	232.65221680469	238.793160220723	229.20574410955	244.482562738601	262.61100590866	289.086615628775	301.597217452018	321.400694704037	362.73517052299	358.759232878322	365.462062620703	375.717982755932	396.37620370842	404.903504795073	453.67217691446	478.713036133019	728.731126555875	1040.83956281074	1356.39165178427	25600.482494996	48045.0212220355	2915.63622398742	963.996312770169	1669.28683613327
522.914	267.544928745134	190.861472324296	154.040036369977	152.71257004126	145.479530041013	122.304592302616	130.084861789088	123.789657830669	117.705761014405	121.353202196471	201.516417507353	458.38614186911	564.017115591129	260.558678710911	157.610666040105	154.196352514913	154.053369841685	150.406291211003	169.129689367304	151.047163782654	167.937451347447	186.533492657671	185.62814218673	201.890145071521	205.855555853964	219.043013208138	212.74211277284	229.509894745426	222.176230780451	213.652602751735	214.688922752073	228.585301177358	226.917657403162	246.589191729249	264.490608650743	284.043828189795	316.986528831643	327.782480833392	324.642937714327	344.279090650851	362.12213548522	343.2182003636	377.5165502592	427.289002474406	512.01103564578	846.684535515754	1036.36836589533	4995.97547632767	45661.3055175813	20260.7025496576	1085.69063086005	924.322262248854	1932.19610756581
527.579	229.551457488449	182.437682918322	143.606996395028	148.72857779844	121.90769488049	124.801661123289	123.57691295671	115.096747620369	118.476191644649	157.073221695626	352.822047934515	572.570313198896	350.660313050492	174.423341388742	166.127340865461	157.936653631563	155.279124003795	151.697627247533	161.661304943713	169.495898255631	178.659091848895	185.95329990572	190.362757561577	194.835426096564	203.012997901041	206.035898944421	228.725494950695	225.315786268421	217.256642702368	218.707481024264	212.278202993631	209.715631679076	215.093845533737	240.18081580913	250.975171676538	267.955815681373	294.095179058405	311.334208822961	307.345776358026	318.177530981189	339.279367495382	332.401165626526	363.908679158033	399.153074015051	603.304253703226	913.071076824191	1163.21004520549	20458.1930640198	42803.3713229135	3405.08949525847	960.927603149328	1332.84458398435	3544.00171502025
532.245	199.714790970248	158.56074666939	140.312296774863	134.253939083778	121.980971400374	117.34642526547	103.518242188753	109.421644146188	124.021230344251	236.840374633225	485.900763118884	449.293112830389	211.927140749648	163.513081333514	157.216307593504	147.93447176984	146.189103256958	161.977731798176	158.316806926859	173.232017312967	173.394532946978	189.161466132157	185.442542036479	181.684934870684	199.282907304334	204.410509226122	204.966628060724	208.50553963041	210.034788744371	191.272489770662	206.665102311963	203.634766595031	209.197850847955	221.158144943516	245.013427236964	259.813559164347	281.28106195442	284.938987807549	286.169867632461	298.972364388386	306.676092335182	330.2885606553	339.937135089852	429.444412617696	738.504633395836	972.736489648247	3661.08167483932	38923.4353074012	19898.6560710404	1040.97760763083	971.899850230267	1873.91827427379	3380.09232751893
536.915	159.91949221407	129.422419125429	109.385943649395	116.156289892323	102.005019965791	102.090836402051	94.6367487190502	109.917336612527	163.702231277212	372.246457619118	483.681389999824	244.015768156802	163.88502550334	141.684496098162	144.190209620928	133.075941898485	129.897700312528	151.220236655029	147.500168938958	149.645138101274	161.609896028834	165.487940219301	164.154663617332	173.382204265584	180.758258746912	193.276778261572	187.560412485677	183.263520326192	192.028561451931	189.222225538581	185.004872305749	197.64255084951	183.006648202367	196.750266258765	227.296360194132	229.314842536357	249.755548571532	251.79330436963	264.500439768925	261.017054947065	288.037069003516	298.863891860189	353.920729731966	486.81838411158	766.329547267166	957.201134974457	16548.4691189492	38632.3842219909	3695.10357044886	884.768712346585	828.078278902406	2640.62414426619	1841.78453238492
541.586	131.87755143378	122.632776701161	106.3186545986	100.732419800297	83.3248329957605	86.1846109093131	85.8498589240622	122.883058082488	263.017630542628	462.358684056059	296.097259548401	145.097959243959	135.309066906105	133.80803319433	116.566151773816	133.869610875814	119.982914243624	124.162628406402	133.673556088352	133.74002118345	132.40057831196	144.401844505391	151.471777516282	152.708385609209	173.645372738686	175.849186865052	166.07438275096	180.336551818575	164.216631418816	154.626856037515	164.420005615739	170.915466757678	175.499976413577	171.167966000996	195.072525893873	191.218309895843	228.399789433511	235.463911225106	243.478420199178	246.588706093501	270.943726437956	273.173692040537	338.465341652932	608.516901086164	833.150572334874	2638.40536623774	33644.0992014708	19738.7125501532	886.227735463901	689.232111838972	1062.7610834234	2293.36536673549	737.827597605316
546.26	133.084768685255	100.40084178516	93.1219515027869	77.4628985686058	80.5728646523735	74.0723126273675	97.1421798409971	193.133682343738	389.282066556072	357.105999577791	159.556581387335	129.343140794285	127.685432657269	123.866186073673	121.941517607546	125.573027568872	125.596180601265	125.49871609113	123.642290191876	132.114617022254	131.415431714511	130.885460839246	124.886330935955	144.242606397507	145.24116843966	155.436263103959	155.512302690051	157.550480153529	148.419932615547	149.914200244913	152.221115597554	161.479767949464	162.03491269281	166.469306623916	168.879578849585	177.603860697227	206.680969719795	213.37451559603	205.065427324698	220.716248679762	251.459479762793	253.967149565787	378.107790058842	686.06822717607	850.098871237665	12970.1574246961	35861.4980381645	4046.6757379074	707.142781782209	710.63184798325	1685.76408630441	1878.48429236033	206.948570409661
550.936	107.772348080368	94.390018001763	74.5910816373944	85.7124607997779	77.1548137533957	93.0156461140892	150.168806733331	320.49250196696	396.573657390273	204.95023221055	124.058936240239	128.583982787633	129.422851491704	122.265441272976	120.405438731953	116.074622821514	111.139426726044	126.17143801684	135.545371756594	140.623862891793	125.304264042119	130.12222180934	139.708722970887	144.486292624348	148.457001898905	157.896198961204	163.559361669512	163.55970691784	154.604024916871	154.541474396061	143.717642959293	145.658373566004	158.018268960148	178.901357830532	174.889381239	199.158807444319	207.94175110208	190.885318199618	217.651105306666	219.95365926106	262.568130441252	281.383067761745	484.524470827896	722.300248372116	1981.93621496889	28650.0807913855	19778.8271674588	811.663624001833	685.149019489504	786.030174775046	2045.10268270472	1172.80656022925	466.066457839589
555.615	96.0168888911551	75.4925582137082	57.1916791280302	64.4462015436934	69.9193334918269	103.765480519733	254.475391319902	390.895057145375	243.278184401246	114.653006599907	107.952192405608	107.721557348658	107.792452166405	120.668351073841	117.633213811677	106.272441472824	100.247765146177	110.391128228109	108.415454297972	112.913279138675	117.140982703554	111.945079207646	111.813317563709	125.066685763486	128.991309889139	130.434007568046	151.295116049659	142.177901786622	133.507769957133	138.738238933813	131.787865021137	132.024502072593	123.053734345826	143.786880627263	153.250299099813	160.057591110853	174.608696793864	182.191949326141	183.157330758327	200.877782716888	208.291217634304	300.950065085042	586.316759862635	767.020504926913	10275.8019819485	32760.2551605979	4492.31059262298	599.248183180995	609.076550457305	1115.7292508382	1808.54604928964	493.999350379326	712.397000124342
560.296	78.6675377074492	67.070023785218	71.7980567894444	79.872502303866	78.7903604483311	181.88358064704	346.920255806634	312.287490846943	122.163931296173	91.9293954064036	101.917091848342	103.21226124499	103.040315660874	109.986656995488	115.921004727773	101.357793480843	99.6476880431697	102.171950330429	116.639303247947	112.140463551809	118.267239100758	119.74762850878	118.696037697321	119.973743845244	120.46616529903	133.595937038879	131.705273402196	122.356102904281	125.926628603187	112.676735639843	128.624637255876	126.386559989034	132.859794995451	133.672580756488	146.759016576264	155.45492728754	173.012174418929	176.454221621632	189.828699756201	187.483264692462	215.49530715768	401.66190806342	655.50010034292	1611.23994582356	24301.9415520664	19590.8776395893	708.743039145271	593.888773313599	611.704547592761	1557.07399220349	1305.50115001799	318.941242181906	394.742508397796
564.979	77.1862951724757	52.6387913079451	59.4380538113453	59.7529938665577	127.544440234145	282.98411187917	322.614326238777	164.691944556729	89.7867614108957	104.573033077155	100.090719641878	106.909109692679	106.870547903478	108.158403608295	102.537662371345	97.1017797844782	92.7367427369548	95.695426669539	95.7231974159502	95.9933635809287	104.931578819825	108.425540339022	122.708389956084	119.072796338968	119.402711127367	121.694241882091	130.831547870779	112.640216656449	126.040066865622	114.460253108843	115.732800633362	126.530844488991	127.488250774501	122.505664717225	141.942178622502	152.086083326346	160.947085501597	155.171098253063	173.088000714434	186.025092570179	270.222059516633	521.80057495324	691.73489119798	8616.63101433668	30234.0634975293	4948.14186039991	554.195700770214	573.220716857155	777.23564685029	1732.48091375879	780.042164304467	551.716287142212	622.380303493803
569.664	45.6922809155087	47.4248468268637	56.8938473264081	96.863625752047	197.675333386019	311.590021297293	192.570288497781	89.6134343857856	81.6799271788321	75.4055519001247	84.622643925934	91.5117997572152	78.4850837034902	89.5401224333516	99.7775143624663	85.8955133406999	94.7267100428233	83.689658757306	78.5331926241193	80.0456411485364	88.6606952573718	100.290280068588	81.9107980909649	100.191294208522	106.971995120743	96.1649577155216	109.649705841627	110.607621054217	106.751300189289	107.116308011497	103.176101213578	95.4026065961152	105.233275845088	114.308532782725	98.0125620285082	135.641047913485	150.778034473281	146.516666078927	166.050839214371	164.757422360813	332.141331899177	570.43516616614	1198.41028274276	21428.4941294448	19196.3713332037	649.850241487909	485.615958149416	525.928837826294	1186.43122989509	1371.31125250993	329.683114206161	267.583176766078	263.310721332904
574.351	60.2060923186571	56.4672501363482	66.3939461846143	164.328117391381	301.61516015791	245.563683591493	98.0395972686117	75.4420355494571	79.3779024111496	77.4060732412264	89.2171719793419	96.8849669429534	85.0406962794258	104.1402829764	98.8622837676688	86.1305253038715	93.6855879874125	97.4992972754521	91.1326556296908	95.2629371445432	94.5116912321825	99.0483295996235	111.541701026232	105.091501852153	112.543383740591	101.784839673208	113.741131445158	112.078805620512	110.801613964416	113.44843821698	104.825041811925	103.092657928155	109.9894625518	107.165144658904	123.022014036319	131.090910863794	151.768453440279	147.77171055093	155.750086330748	213.951135191375	439.931081231136	621.758106094783	6768.31254248588	27479.5560775109	5420.11107118181	484.936788409312	522.143471683606	615.954891985461	1485.82428174856	833.358359721395	437.80106879683	430.762438512023	265.566209899985
579.04	46.4985058475699	42.899237601627	90.0294391567372	233.326831706905	271.336474279071	120.398891773479	64.9815980768632	61.4998518794965	64.6123857058522	66.3874288866281	83.7297024197782	76.9193975492713	81.7587424457698	81.1126258891119	84.4449653822377	73.5162810401303	80.1092501287789	78.9826403796193	74.9818104602744	82.1096837266541	76.7394837558945	79.951944334696	74.9302005715402	69.0409005978877	88.9663770589121	93.5601404066674	82.4293592097338	94.5920502574633	88.5954450747006	77.0068649572699	78.4901119892992	86.2986253413262	89.9764123948471	92.7959986600595	110.154583001089	114.692456492429	133.081280077888	136.890971640917	142.619753367396	268.047341628411	524.842833473379	920.507623100283	18205.2152833465	18112.4514992337	625.190697111269	393.176226207319	402.223201022323	876.262955943776	1410.0994948782	392.875381954918	268.400209516476	466.05978236122	216.917369427099
583.732	64.5341559516506	101.864476729705	197.382473611948	295.89436235076	187.83304537862	76.3264071209787	71.5776899539228	67.6589068412907	67.5668479975564	66.4201487211499	77.9357412551444	98.1250987844252	82.0114949511849	84.0181700435719	81.1351534878572	97.379048242428	78.473039496212	95.3304054790699	85.0895883972644	85.2596209919054	82.401926249166	85.0365275154242	91.1591474463398	91.4721542253511	92.8736922833236	91.9955349644882	101.363440387681	101.580696499829	105.351041851822	96.6140548038225	87.5402980445341	106.238672066029	110.647413351895	110.419669126704	113.618733769799	136.019394265592	135.157870223971	147.470876290932	183.329437766487	417.866207726417	578.789998848768	5052.69447814372	25506.5526402303	5422.44989819766	388.515732042639	451.706314418961	493.89381135658	1195.14188348097	1098.1458858229	509.898358443418	627.469602948163	537.561310956107	410.933547426351
588.426	67.1421638843704	148.497270030771	266.779284084098	223.927048421685	84.9348094457781	56.0026488810095	54.8652404325581	52.9112639665486	64.8506424795064	69.132097104973	72.4120658500676	68.7026307642205	82.9793278662083	78.0566879845928	77.4233177339732	74.6239350757572	72.1236052828115	75.6330683413641	58.6829925728526	81.7429438487585	79.9025858115278	77.5086867893393	87.3663514942041	77.2083280594972	74.0663021215126	85.9416046545679	79.0948679737771	91.1445585698646	83.2207193836236	83.4260629929515	89.0319673655375	98.2112311039789	94.4292311012182	80.7669775755971	97.0173296653815	109.025513162536	144.459288594401	134.576832707755	241.366329420689	500.816259656953	741.666419557861	15247.810272919	17734.9450384115	609.814193033172	346.30530230076	367.757120297108	624.23837574036	1284.4246940529	634.845642048737	490.941725160224	517.568053487453	312.542000621258	-103.261908972718
593.121	74.7215226732415	203.075809696338	249.62348588504	119.33018874425	41.3031197614486	39.8098265207148	46.1231943941678	51.0305759051951	52.5164374727675	55.7809082617505	66.3790554104776	71.1386991182585	74.6161450062059	73.6279600354331	65.3609925133756	69.6036734121022	60.2679911195498	58.5802901711887	79.681168598404	62.2764742391118	64.6336216958893	64.6571752183444	59.3514874133846	66.3404555704355	66.2909687980424	85.0049740949364	70.5984482528371	68.4989827409594	76.9354224738964	75.3797896889137	73.2563827197259	79.1187757118693	76.4485979846056	78.4833106097563	93.6026457221644	101.074873617693	126.339308779295	154.198281982205	344.963600692239	539.534948422566	3545.51548647767	23179.6444610819	5898.05718174238	271.972274766927	320.269048540579	360.044979630076	927.062423317099	1071.53191611576	433.224877815588	269.290566759124	224.548954920999	404.610867198896	479.975932620429
597.819	158.018088243096	241.32623541107	141.06905810159	58.5691760133113	28.4575364691953	47.646535498106	40.4711617675085	42.2431936525398	43.3687962474167	48.7291721283701	56.3531548287979	65.2542257661756	50.7810494622982	64.1072247503603	49.8392398775175	52.9708175645605	66.6413080198536	45.1353957936587	57.1242483056827	54.3217456255612	54.8440752524528	61.0216018073167	65.2507763932952	58.3991394850774	69.518023396761	65.1706783553323	55.0313095011788	60.8059957556009	64.9952223794228	53.4842689538356	61.5918489287834	59.369762856858	84.0718752675022	63.2747248777511	80.4360414071371	94.9073678328976	123.063799541576	204.102855973618	436.579013584586	633.327544463587	12659.7968166297	18108.579898927	642.129720102677	258.150265151512	278.128549554402	395.488998312112	1039.0370071637	629.367797835783	289.243433399072	272.738266738749	311.695397849678	332.074544405015	287.117962302209
602.519	219.559961553867	192.088733761842	79.3687078186774	51.0996032467856	42.6406054394586	48.7164350155181	42.5469345960023	50.3438488274199	48.3922988566609	53.942270676058	62.3855407774606	73.7219780601204	69.2593512423151	60.5382838705176	65.7465963451311	61.9804885451951	55.0527357270935	64.3229272473838	58.84490620274	66.8396877956128	44.3520061098227	67.4320482748356	57.3874297514255	67.8662790875977	72.911745727518	70.9478246510022	63.6597536216511	74.9017222426468	54.3612720004363	64.363028579713	75.8697477698958	59.0414427204373	72.1689621407402	81.2130639010828	81.3498025505882	102.187487878374	142.822029297301	317.666422340507	516.997721160091	2687.45412237652	21620.0111334122	6917.47793411118	229.686313905651	248.350141916635	257.786396740264	646.689147914653	984.289430389235	412.988088539118	394.009168108763	282.20893586128	342.962058025953	588.390452516296	591.896019298667
607.221	207.110233261954	77.0409451567935	47.6096256605198	28.4473449670717	31.7568920137495	23.1736063909017	29.6259037271647	35.7469076054227	36.0530073453825	47.930135774392	45.8013211006372	50.0375476165577	48.5542669313179	49.0321006439432	48.8262438009385	52.028997111355	43.6064556303352	41.5148426915862	45.2541576601697	47.4473103200736	48.7599837497817	32.1303161393049	33.1782241874921	53.6316418362433	52.8783117258131	55.9282642014718	52.9312911095834	59.6377252778293	49.9152475079965	51.684559998452	56.7467108989402	64.6501728779058	63.6503688851779	46.7477571187501	66.1232553886745	77.3323508413309	195.940527405517	412.114606754184	565.956210836443	10751.4110230262	18978.2638714662	829.791929845729	189.016881870744	200.147896188892	270.845920523574	796.111751087278	731.247328789005	277.810395767264	272.654632348023	190.453733821011	98.8735798413994	288.680344625449	159.263544821444
611.924	140.581845272172	57.3681598512878	38.1990930972532	29.3190955367797	28.4421864441686	27.4138736916677	35.8211165249555	37.5150874826608	39.9334380838363	49.210965375412	48.9749965155724	61.594685713734	57.8050062635109	48.1205634388201	53.3141580912851	46.6924775855554	48.792646063244	53.1302114174293	47.9573387276769	40.7178193029581	50.9145172633235	58.8356481440367	45.8214956783203	42.8282025900052	47.8737765800423	55.3364638527136	57.0583365868287	61.3207695808133	66.4549092663243	57.3720987938849	60.264794954907	73.3630224477297	62.0837234507376	76.6257831748141	88.627999178417	99.2588723616086	282.058268105354	495.038563344415	1924.6445993469	19485.1832856814	8300.34736470017	212.054301746838	200.423107265556	210.285764843941	384.995746872912	869.035560056928	501.810526478524	297.740706103942	296.971617420037	285.625964672717	320.023467271212	423.43432198464	643.176778207934
616.63	65.3009700464774	29.8935410477509	26.7155832371693	30.2509664711009	22.4845140811965	31.5428630745363	42.7401347477666	41.9347125232325	35.1972919768731	41.0516478278212	47.2176725645001	47.8036663512752	44.6966161069192	56.2072418128496	48.761465027955	39.165337038683	53.3062010738216	41.1872586117388	39.3178142817513	47.0534226119197	51.482116344247	58.848400700708	50.805782473714	36.8098065739816	44.3001761430469	45.1052589028487	41.3711260275405	45.4511732985773	55.1565146359117	54.6967339346295	48.9132604019378	51.8175259444547	68.0071575397961	69.6197222659476	77.6866244060726	138.92042634395	399.090170025003	551.397808293176	8674.01803091667	18254.4578280485	1259.21721169735	173.031605495113	162.416847829573	195.464600724024	537.526407553353	724.467348280013	337.661434399151	269.426833168255	333.189927777681	252.944833405512	184.061000790702	177.934462930136	460.662432831814
621.338	41.7351793101353	41.6053543710199	25.3031348421024	26.5247724314056	31.0928278357354	25.7693887320865	34.4968029498865	33.7141197164753	39.0747239218915	30.2988793826275	48.2844412187832	43.2231058049934	47.3573131264568	40.86555285993	47.5058013444532	48.1240505675636	41.1505397206823	41.5103166575918	31.3707488538292	50.9094407342483	60.1326928584904	39.5399909295089	36.0684270021462	50.1921280931531	45.2390104078024	48.9116342835201	55.0268809188937	34.4971386843859	52.7673586193669	42.0403488509849	48.4707130908325	61.8441678765989	58.2733686558623	67.0536018419996	93.5446237541956	226.976674460195	541.388128965748	1489.03441413815	17085.1799519209	8609.12947755732	195.434736959109	157.526781505215	151.963686008709	243.875407455934	667.759428539721	478.774080689287	286.964048465092	289.129763787656	313.692841131976	273.953382148221	152.592583286707	381.07649835548	286.758522628588
626.047	10.9393882018497	34.4013247615742	20.6338658322239	21.8550139645272	32.9883220426724	28.2058150665301	30.2218619530236	29.8041646469145	37.4510268952447	29.5356766846465	34.2181917999985	55.3133191453829	42.5653675235777	47.2343333466598	41.8987738430182	43.400988602367	34.6221963713671	25.5103590777542	36.6736631312724	27.1079403400289	39.8961299820028	25.8502145287327	39.6669981702745	36.1966100969069	34.3304765058696	35.72964406686	41.5242210606698	41.3953512313587	43.3039649195039	43.5693807810348	46.4347955811214	41.6263006839006	45.9467717936693	69.6985779429511	125.235900395441	327.240054272865	724.859584249857	7659.88138805278	17872.2259850243	1443.02932457731	143.427104284404	123.202371134086	134.186448882782	335.246198895179	666.317082910365	317.829874859368	223.794941029605	235.306129073656	189.748339694226	276.590329780839	102.707578937756	164.082240188375	27.573212055054
630.758	38.9034745716877	21.2282928931347	24.8277196003618	23.9562579345499	25.0067357394651	24.0847562963846	26.4485111437947	29.1363165064591	30.1353245975057	34.3305120683372	43.1132839215368	52.5356083232328	46.5581949442457	48.8915875302966	42.6269904983955	34.4864131266184	25.3704480770519	40.8248353859221	45.4915663351756	47.3252538986215	34.0126272599411	37.041673439093	42.0644283023634	40.0844676376566	47.0697731359732	53.1419723313868	50.9426667448811	42.1281066357601	53.2710575247188	41.4799344066498	39.3450968058137	50.487582832121	53.5190597824653	63.8060530032426	195.405674854688	415.4064034503	1453.66249422638	16287.7718760414	9240.16329215416	168.955043470602	117.73266290657	129.052596878187	173.521988314107	530.190685061872	471.294483328323	266.779542606086	233.705043638367	228.856399798522	246.781523194195	262.085976818321	134.34198687696	406.029364368707	571.316461316997
635.471	24.3467116741148	18.8096523549432	19.0140196954414	20.3781674777294	26.0117040668087	21.0503160874212	19.5195472289165	22.3933291462737	26.108063097337	36.0983376034479	30.0769488012794	38.5012280820557	39.1955257216016	44.3404568979179	37.900987461586	33.6392960539394	34.3809808069127	28.7659860221892	30.2211261581072	36.5733716043328	31.8005381999157	24.9952425039093	4.96729319987587	46.483314986787	29.7966265410238	35.7987596589132	34.4171203438024	45.9409199446782	33.9491548349442	24.048500752753	41.6297145048069	44.0920394389011	63.0612332821614	100.080983479167	285.86161528654	435.087776524594	8743.17019646566	17924.9720269426	1862.15492468542	149.664231475298	99.6382670330718	110.423312065414	227.11050424868	544.019246936878	315.274081685291	211.56361305026	208.0726192032	203.483366708565	174.784621533034	144.765558669315	83.0704130710243	86.4398229810266	-98.2911544769945
640.186	36.7950765476194	45.8187968639658	50.1304664852511	27.6404968739051	29.3178912785506	43.9161606653138	28.017802647844	34.7330230312586	30.2381034482522	41.5476660947929	34.9162416334735	62.1142423346028	59.4982183969248	51.9724472567057	49.7853341155052	46.7931426462165	49.7542871018836	52.0615388984743	50.3493369476359	53.166484594954	63.0120147695443	56.7618335389967	40.4762034499999	47.2125902581074	44.7785225273266	53.3539426391318	45.2934731777841	50.1051596828519	50.8736100813521	61.0941640825003	65.5404593349001	72.4914784625588	79.4742403250668	178.384020132434	384.882652709037	786.655918293005	21131.1834331064	9771.06405446897	198.971502128969	132.490301992532	131.12553084808	145.373058101745	369.493029444133	507.665948550593	273.034694890293	270.925359764896	300.374401571932	275.216258350445	271.921080569701	321.431756913619	456.200465789374	606.210301178325	970.681806980322
644.903	18.3986791967607	25.413540605442	9.12658950804315	13.0251069130169	19.7685919621201	13.3002938121526	7.98787684260811	22.3553876759803	16.886658470125	15.0235539479175	22.9790730756631	27.8261471827854	27.3810201324511	14.3896583478772	17.0692200235913	19.156497662812	19.9504581018735	32.5968268345419	26.4945795453751	22.8902768786042	16.4700706425158	25.3281240262675	26.5094853937571	20.1403238349644	29.8853554649028	27.5813872678096	22.1666189658552	32.9994189343489	24.1103007157575	29.3005494046666	30.9924224226189	42.6744101331792	70.551407465351	229.065566473296	403.641668963258	4169.421551946	21349.9354166191	2264.2804678931	111.928410755161	101.907372972379	100.537410307081	128.539281742532	428.70302479404	323.896900660994	234.866683397179	236.947613296763	237.678338914538	234.831277155718	179.992243230412	53.5233101624864	31.1765658611812	40.875805061723	199.200351898084
649.621	-4.24070822213879	15.9187870992187	18.16874981237	13.5316623408736	15.3147655311706	20.3600937794262	22.9526827006903	21.4785783055186	19.0285472169349	21.8606568154413	21.587184077195	21.2377559333736	27.7686039439927	31.8671043181552	25.3892294245016	12.8565408409969	24.1586397886785	21.2971363073018	23.380055144013	16.9501189335234	25.0548116755281	33.2213989635983	16.3350273155928	11.2010335625656	38.119829015559	19.7626899516572	22.1806533283947	30.1796407381215	27.4334876745568	33.2458357687129	32.8862710939154	45.0212323162529	119.347873900397	306.156278235816	600.553040464096	11001.4409242471	13355.0328029832	206.411848124831	97.8426653962572	86.2605399473068	100.658913558214	218.04616239994	445.614869043246	258.303403939491	199.751178836194	250.109884892468	230.351312183295	231.184960006136	169.397184404409	201.040530790495	186.545470647778	82.9088205012198	57.7200207672956
654.341	30.1459627719102	24.6339119193971	15.6658662733767	14.7233657850815	19.7942216415213	22.4854594424802	26.4431376856439	19.5616802624301	25.314517501846	25.3395665382016	25.6592095556722	35.7489970418615	29.7492905456084	42.040352690829	31.0574245864188	42.36012197549	30.0539315768775	14.8489917407162	27.6412740848055	24.6974195780819	26.9189204031954	39.9978593661102	22.1182787914087	30.7793706177539	27.6059751120185	32.4201280512484	30.4393476354731	36.4138554637638	38.1554401507683	42.7255414724451	43.7411936849551	72.8576836323259	196.840501674078	346.738481773724	3185.03162117509	14821.0431558374	2975.10291352487	132.85610430227	100.526555076494	112.392657876687	120.287258526759	280.481044223125	335.075336469806	206.61785097231	229.342734381598	208.341543612047	302.034461033231	287.865125141668	275.837856127249	214.370809286616	205.496957988699	342.799581391802	-161.195123272856
659.063	11.7255455666088	6.98657123454522	-4.56376664193551	16.496916204363	18.5349714579681	13.2920163081525	10.4687122705748	17.2822818361573	12.2765711165579	20.1256038931749	24.3677796737122	27.4097134339446	32.499516171991	21.6544957619023	23.0458299426037	27.7949647489467	15.77188383967	21.4843018571445	26.4443776389564	28.678696816627	21.195702244279	32.9689365266974	25.7894006806169	29.35143483335	25.5983517567973	21.7952393604762	22.1006991698061	19.5840977460903	24.1241038901689	31.3345205027917	31.5916970891437	89.5329878942269	267.264444621492	448.244729879713	9508.85638177646	9922.98866644071	266.725198293416	102.713202661314	76.3227171909098	78.7533465552695	120.854843427815	332.781849841914	234.780893143762	178.763410730405	186.282963460734	201.723908728945	195.087443754477	158.230078671054	165.997703333189	156.468931479651	87.4233337462669	66.7108214623919	-192.105917133933
663.787	29.0690789596384	7.87298861588651	11.0372228814764	14.3886239092446	19.6655238267232	26.6968551168774	21.2344638839519	23.5469993099944	15.2175697545837	24.3098803241424	31.3377187030934	29.6115257250343	22.5019391776497	30.3133437093179	25.4703385340285	23.7383511980664	27.9139593572152	28.7219951264008	32.9807907813654	19.517942670404	49.7811502137042	24.1882271827969	42.0605098492031	19.5030700632112	36.6706409212436	24.9464490510555	31.4422004365575	33.5170194217877	26.6342573350496	35.751446433085	60.754883190823	162.902737957904	314.303283859796	2033.29703632484	13870.224918723	3147.78277457063	124.905317266708	81.5246572399425	80.9780698525353	85.7869629334037	181.601003325188	330.684784567563	158.204866188355	174.56204563623	187.499905962319	207.13247758357	202.902475520284	214.770904823611	185.036315793519	190.00890636494	193.746404858771	36.9039535678724	374.675624433685
668.512	12.8709603132941	27.3706011331183	2.51143403813728	8.76697505379604	19.816690948496	10.3879285808762	15.5436059498161	17.6621977117191	11.3515469289991	22.8790384119783	31.3218722842593	25.2719305151621	27.7847483468184	23.0656185260596	23.2504912884398	11.9604128896811	17.3828003433861	25.6160223794131	14.2432762151249	35.0938383678867	29.2622245185916	26.524821089986	23.8631621011248	33.0997699662182	21.5828906240457	35.6389815102858	24.4687496808618	31.2728349542765	31.2081307996088	41.5687668489129	78.2787484528037	224.649098186538	350.17124718143	6789.49509694198	10214.4214037641	285.819227979924	108.60390538664	79.8693485959838	79.6005277681934	83.465489307905	270.181607001859	222.314739613729	147.531951133779	159.239309552667	202.590945515979	158.254372886995	174.962651815789	211.558417648996	149.77827862795	157.804522931968	241.562835217142	111.562892869155	75.5111444857383
673.238	12.0554744630792	15.9625704263646	11.9109188535097	24.0847621345996	12.3134316506789	11.7902934527069	12.387922440586	22.0760947201044	11.8206074434512	17.9019725964859	24.7951481038861	27.2620131566644	20.8837344202985	30.4167430917752	22.7829660113989	25.8697494299255	8.58476490774265	11.3790885185912	45.9264516514261	24.830018501021	16.0573359366227	33.8966037967842	8.59947662571176	14.9152242748694	10.1984684833916	19.8475333829611	7.25859560426113	33.0342264733577	36.1054853875128	40.2702490033783	117.052771997786	269.428627968356	1350.14964283685	10997.3009928426	3677.41123111476	97.4480949200128	97.3191640408346	88.3853767600865	67.6051440493117	117.812441484093	283.229244710239	148.608667883684	135.916141732918	146.537970640295	177.792575066281	209.121099891085	198.530037877349	148.004193956397	207.56977654513	160.871594161888	-23.303056499126	-31.176320421795	-136.738605896035
677.967	6.74661225910454	14.0696997042183	13.8162082744228	12.6432779521781	15.0616981102321	26.1828924086591	15.1382025264029	11.20941054881	14.1273196584733	18.0332846021692	29.4000362549337	15.1195179605904	16.8295342573046	22.1112331594154	25.3980889609878	19.0901028956469	24.0214851541039	25.2850473349156	7.40213197341621	12.1152592478586	-1.1553655303989	25.0640572026644	29.9580002347596	17.8199079939845	11.2674627280732	26.1200388929677	22.5713254547123	25.0366306720418	32.8914209236653	63.9688837725077	188.905112161246	309.604911543328	5062.64437492223	9028.21793866437	425.292744259896	67.0549266684551	78.3535176026769	66.2934824333956	70.1278481153901	177.799128206169	232.847119833238	86.0394642685563	106.244561334575	158.245963095892	175.456517194921	192.450260862865	197.924553107021	157.714843810766	167.273850301023	155.654823070174	107.309649225177	-43.9670007524765	-168.350834041743
682.696	4.54786565290864	17.8847385235389	-0.735272638967627	7.94692167054447	12.2433637891641	6.00456710135473	13.6521063172388	16.2702500542755	11.8359428737169	22.2599969248393	18.1522994795748	29.6400277068197	36.3249367988149	27.1485716107064	18.2552629984813	18.9964541637753	5.50554919170046	20.4534650382107	26.5704134146934	21.7343592974425	16.3553776650588	17.2628809301686	15.6933737459393	28.6176148845138	9.04740667534479	33.9105844145607	25.7159063743326	22.7520364644667	45.4099240429399	100.966668055148	234.705498592218	920.164354912415	9069.21523981884	3778.05542986149	85.0759480167982	71.646661384533	80.7006974613662	77.5547848943428	84.4354388054198	234.762011279277	140.986041463617	78.9522264510292	99.6760037323289	123.959930707052	139.868268168388	214.755724324825	161.563509080332	156.98070690601	170.704091596332	155.233465588847	111.896337446406	393.761839404855	201.17734588002
687.428	1.37388577024827	22.9213234410569	6.66365737047073	19.8320539825916	15.3358840813016	20.0633581421053	16.6635472412773	15.8315856940671	23.2206864473725	21.9384943099452	15.1000768226787	26.0768324303675	26.6924631177485	33.1273752733644	28.9761562514342	24.6826954937299	13.6969149885508	27.8049683539644	24.8717098380543	34.2219181201594	18.4302356581233	32.1778048576	26.8282575090582	27.3943427434203	15.1842940520114	24.2971535767288	22.6585248748271	25.4924021821917	56.3536724852398	171.888592436262	269.65871169638	3903.02883400716	8334.83757455485	509.819357825906	61.2406322201298	65.8120542687082	75.6981184133282	54.5496621729642	117.218896407605	190.263370579078	90.4300021521108	85.580176470669	127.695425265582	140.747040281312	134.914531142683	180.065526716766	206.775723521907	135.494365226494	164.010826080404	167.17268808371	208.282849495884	223.836921311155	-93.4993767982305
692.16	-0.460447758154777	4.52684203252633	-0.372212664229278	1.74909676543094	3.93036592086378	7.18464154990753	2.93194958166143	10.9201591681205	11.1568440504095	6.47341942249982	10.65406358877	14.8465516629539	17.891567215192	8.08426988503248	11.9039862078192	13.9593791833119	0.98366159743321	1.03540351036073	11.3666883750182	10.4023206491468	5.51965658501414	9.29668597880348	8.49862045421959	7.51173825757192	-1.01778099851026	10.894031106293	24.734217599054	22.3863738968002	89.3602240694526	204.127558137013	687.285878824724	7382.9353310042	3832.8037878372	59.7314430089513	54.843753761073	55.5538913506882	52.6047573812265	56.8186288720702	136.944381907652	125.469053531389	46.6381611641588	68.2247987914596	64.4746048141392	77.4788845650441	90.1827974409131	87.8590686039486	77.0383859442036	66.8535295472585	115.747875625182	4.36571708553168	240.310478208898	-180.041533306859	-407.363211544034
696.895	17.6158369923102	1.65730320185062	1.12422107841507	19.0185286721619	5.17461303359641	9.18089501001798	11.5965946002719	13.9758278909179	11.2326101495694	9.17260944776405	8.84929262836742	6.99664340965511	20.6816715874667	19.2084415326726	9.46170485324384	29.0452997354117	14.1948968515149	12.856697506113	19.073132544075	22.95995686787	14.6867286192664	22.8379601882884	17.8566982200967	10.8039292181394	20.1522906840202	3.98836816124632	21.9532443377066	38.8705734028487	145.381568216531	244.429544243826	3030.27796216286	7408.94153425602	657.136261369482	58.1760873750371	56.232446586046	33.1311953157112	53.7132301408574	69.5193382359327	182.161289973956	83.1762261756529	44.109130445	44.5960138096256	69.9925566038741	114.10655119197	99.049340275252	109.899530054486	154.060619815547	146.044644241526	113.341209036207	134.058622099355	176.272338976643	19.4211637387509	-94.6452955528995
701.63	30.8537576205202	0.835634602805793	9.44745690145146	11.0100500014936	3.37649478657787	11.7832424333523	19.7740294145458	15.7848336025955	13.4249087326057	6.32888341367866	15.6843690252761	35.2780187117982	31.2839323602122	9.19268950226581	14.9482530615453	13.5427172517631	7.32370610281194	27.3317063577068	18.4645063608588	28.4340481073226	21.6153139343331	23.4079622117629	30.7622583898327	30.1427595763779	30.6553907051044	27.4835158029292	35.0246831629761	78.7256632937573	195.913873762753	518.276267407764	6253.43049887382	3789.16031999791	69.8232025226713	48.1195774019758	46.7997895529468	40.2361687141824	56.817344689456	106.159263350226	154.625141371508	57.8617756865315	61.2209351340945	42.9041520111303	84.2434858826775	77.362182964651	125.6117267336	94.6072599797609	137.144390852515	163.923872833995	111.076714319971	128.539720565601	69.7089319100272	19.5848248271473	-159.071443834115
706.367	-13.2462266561084	13.9530895751368	-1.14727145495136	5.03182647499746	1.86378010450127	-5.67826348670184	0	11.790234261425	3.60869611434398	2.21700299410522	20.2507354775196	11.359247654266	0.680829567059149	13.9541656159345	13.5179830216731	6.69309012679764	-3.36882343683148	3.19142524140869	22.5784685019407	9.04343366604733	24.3046326150035	9.93379718380567	17.4635373638368	8.45284247968672	18.8226441365268	7.12275085782048	33.7722306387451	128.669541926233	208.904886459283	2535.11015634256	6859.79110168874	776.369118503612	37.2924475200418	39.3569086554454	28.0013116077589	30.1749606845002	51.7479876237886	132.159882872197	114.266483450004	47.2068920719812	28.0729469942939	32.432687872251	25.3452928063815	76.9728627471917	83.4677330344624	60.1795760297055	24.9382479663806	104.975337115897	30.9526300949168	100.923404963835	38.7990543499058	-125.522638722013	-547.319803998009
711.106	27.7284624692496	1.70914960254056	20.4825699930963	28.3306062054607	9.41734151900225	11.1895802945862	15.87335593447	8.45565131726158	18.6631216901907	2.24042249337416	10.5088773233804	28.2061375614862	21.3286686070007	10.0725511632897	8.45667418916304	23.1901479508982	28.9374874572962	19.3508287966743	31.4716938896954	27.0014867466742	15.9648948317217	32.0467267903573	16.113404929496	28.9689788820436	13.7377346420904	41.4741480741169	62.5134900561692	177.189441368251	380.202706768788	5479.00841996316	3840.31642741599	69.0919640524283	52.89317818127	41.1208844186006	31.4412287102138	27.1871688763722	82.1219404377395	133.965645884617	72.3864026878367	43.1184924207072	36.6846956278606	53.9206438538241	66.3610321634165	73.1321105354148	130.78034225823	137.295120077663	81.0836830268395	106.084252998004	139.935056343153	113.321686574218	78.4178229062417	233.6684879943	732.046054228067
715.845	26.1149253551685	16.4248312920372	0.781872264184732	34.5371384939734	5.71579710958461	4.35349131938435	19.1364943257948	1.16638754494803	19.9641165362624	11.5835714073772	12.3089961514142	16.5887020358713	8.0038165651189	29.2088132715527	18.4251703409015	16.2906442973479	17.2190478340567	11.9623632034868	17.1118049301999	19.7501051805942	31.0570321830623	6.63975019883409	19.4046256451924	16.9062906884127	13.1840692066437	40.5672154956365	125.448454522331	216.042197645848	1995.10575532261	6380.54028321405	976.417364271943	60.948095567112	33.1064114993403	27.2765749942478	30.391538467165	37.9078951437849	123.041105222119	117.695880810081	41.842360755574	35.2652153594273	44.5310976165877	59.8921845344591	80.6726051687089	75.9960638709982	101.76451122886	106.260270693978	108.623816317066	43.7196903507926	103.251536822732	128.389138863174	82.9310511074167	155.330655069787	658.238250013112
720.586	36.8466076474145	38.5652557721675	21.5554646952698	44.2006476785731	22.2839013923445	27.3503674862047	20.728117916165	17.5397347421836	21.7546027652939	30.5463207326963	15.4248708882878	42.9062936809346	38.0263531589687	28.2606692352045	22.429587465113	27.1103570705577	49.0248598897503	34.523557257891	29.1232014231726	34.9654028184407	37.3619974753516	36.8060796358713	23.733073707557	29.0011641859771	39.2942789419085	82.3809075290299	185.732295477315	360.404891563443	4770.00152966832	3761.8501813041	100.814811605324	42.8371841970168	44.2526959779245	43.7520803689723	52.7872929622161	78.6141716767866	139.456196811003	89.3244337737007	66.4167198427091	62.3342351596627	68.9484614119954	54.6815972378119	80.284796651865	74.8384050012724	82.4007541389215	128.953769471509	131.12028277486	115.550353570529	145.248941534964	126.413028827986	224.114477331036	338.523038790951	676.387961628777
725.329	21.1022323480809	36.4049407982466	27.7695452430748	32.0643075699315	18.689479605097	57.7254611613743	36.1595534774923	26.8284416718794	32.3701356750679	46.7628158179917	46.2724484004331	66.9977772433793	62.5039513206522	47.906581013202	52.7527965487425	49.5934626127287	48.9251403098786	44.1417154208833	57.7468525930008	79.7403389591963	58.4088162911032	69.3594728791968	63.0115500329973	70.5297691918107	75.5716582812105	160.09053278547	234.135862713397	1715.47135878785	6122.68338355531	1085.42214308409	72.4096088836551	73.6124627686764	57.0100093159521	80.2699053256015	82.4796835583001	99.5630842739982	155.8732384503	100.088641911997	87.5739729607969	94.6441818842758	109.958782179415	122.638120614869	129.069664709338	139.904419119177	168.404532333805	175.931630144607	166.466026295302	203.004189498197	239.970632060558	295.466940994482	453.707475538129	945.743445649752	2454.73929526037
730.072	15.307977978917	19.8605348740845	21.5556278745965	22.5097594978154	15.5634775204422	18.670161694407	15.0480088173849	11.7112901455976	10.1925114173901	11.8277894851389	29.4217357175625	35.9095012631845	22.3857137540312	33.2926066846032	35.9474731713726	15.3033740791988	29.5378934928969	10.7340137778432	28.8500665874184	20.5955739036949	16.9129663970129	28.7141802071338	28.1355052874964	21.8661226541664	66.9463153613151	146.217884084711	295.277748094288	4219.52740672317	3906.62804876863	99.6941198105539	47.7829594505449	40.5867866767431	36.5360672442795	37.599728702655	35.3623742192599	85.7628182686449	93.6262305672594	52.0486105944987	42.2794819989114	46.9060917423432	54.563943671023	45.320149069887	66.7405220603022	63.8640873281442	81.5294056764516	86.6101049543056	65.6429485985958	109.574440639369	83.3224480125893	95.9809892190984	22.0903038813968	344.794594100388	1008.17397049881
734.817	-3.97842185373188	5.77811909394013	-5.62807224036603	-3.02255562010711	-1.30614113326013	1.79070270650557	2.26187679025795	11.1945197255898	6.02492782877058	8.02734924586979	-6.9040991071071	15.0113895258553	8.9461281550325	23.7492658835604	18.946863549704	5.69564606652066	7.79089990713014	0.372759620037898	3.68294887705792	8.21014772990558	2.98072935447078	2.81142611807931	11.1742687322234	15.4533138637549	105.161182899876	179.342466459578	1387.36966168706	5686.78624935922	1279.4934251923	42.0921486000448	27.985462845104	7.83422370701871	11.347930569845	16.8293329708449	34.8860085541427	92.1026990567697	48.3534690497212	23.4385871136658	36.3041088960516	21.471939643079	25.4399767832532	35.7430249139988	27.2485780835276	-5.53258963060223	31.3937663443254	28.7549844550954	54.7099142986859	-2.72470161390615	58.2250094804561	87.2303869235457	-74.1558035671927	69.4472660813072	727.641391157036
739.563	44.773398602302	27.4272447270551	8.13337568921281	6.49744251371451	9.24905488461082	25.0587579994511	18.0761212373231	5.0555296012092	19.8646065219133	27.2428797683998	27.0637475575293	20.7075480793277	30.0457056981621	14.1322228858835	15.0595219891109	16.2683879329966	31.5251256464576	17.3458626055454	25.665757143769	17.0479117202439	24.9839848651185	35.3473693333507	33.9117011503606	63.3119745926537	140.111755892055	244.903018221088	3775.87751411286	3983.2240480178	143.618667388428	42.9294758258099	41.7746886693477	35.8352700832473	24.35061757309	24.4728172127366	75.3603871640701	108.248666764465	49.3220332519446	46.5587921074035	38.5388630381527	32.8228952416917	47.8672926689103	45.0580275366818	55.7419211864919	79.7540108014178	68.4017653951773	66.9037072110935	78.4048484713215	90.9582505806943	50.2386382189651	69.1629139759458	146.281352373814	604.175089205926	890.146510278594
744.31	10.1690347556647	0.908870533615162	6.98730080494323	-12.7475623664433	-1.3354234486186	5.79768655095064	3.46887854613839	13.0805590009906	3.65037060533679	-6.88355368011861	3.82356096065785	25.4636097210524	20.8544554176074	9.28417923404593	10.7235822070258	4.45313966288705	5.79313724953125	1.90558250031633	0.41839074790151	5.74340727842053	-12.625581614305	6.15954716837875	19.9933722212916	68.7289601992717	164.462533917105	1162.87953433307	5453.59217483779	1432.34232503328	19.663790100427	33.8642442953366	36.9873654251503	11.8406608232282	20.7435762893322	22.9421719716517	67.2492609501162	69.1603961534221	25.5427099612918	30.0639971168807	25.2035863379428	9.26917872253861	40.5760904661507	20.2399455176397	41.4796443860882	7.0707806148875	24.6904474498292	39.1995214280824	8.15739943093753	107.252782890132	50.7758894707508	60.2608113378627	197.127577314541	333.719744725414	242.21769488364
749.058	16.9503873330704	-5.04987541444862	-8.71958397027748	7.41451515673622	-1.68633930087258	-1.2330397374938	9.34488104665511	0.619417592138211	2.99623780276073	13.3728911834701	5.34826751793992	4.58095907870148	16.6323058393997	12.2649289288845	5.24185980560702	9.68940136046475	6.94965726254997	-1.54004600217559	-0.8453333804047	11.6042094956915	-2.63888580458373	-11.2004956375139	18.1367137536455	110.930577006339	215.342957960335	3394.66325098885	4050.58119362677	165.400259437213	23.8377042138734	29.9340439738828	16.2151628724327	15.8316247872759	14.20716955021	35.8513655540889	80.6981078469334	40.6571920717599	22.8904285117083	18.9270110981142	53.2369841217268	2.46418670584823	17.3422518204183	36.3498617276327	11.8831005924371	40.7153496854243	43.2341574863514	11.880041847931	-10.5952729318345	42.2138584967063	61.9075386141444	-4.87013401798807	168.504951919388	566.665910184544	-384.517812288552
753.808	3.14123995318827	-14.0376176356222	16.5053695302891	11.1370806089783	2.75010401151948	6.91232163242408	8.81048235194264	2.10448801246532	13.8601877667433	13.0852106703242	2.72563251879294	12.9300360609315	12.4319159072091	15.8102504578081	4.6304336987255	9.52328659130621	-3.35533950980334	-2.74698265832877	-13.3549999952005	6.82366420892707	19.724508873327	16.912882970491	55.8781138951314	132.182515482837	1064.66178378708	5360.84436742681	1553.8173228928	38.7340992279988	28.3462355442093	20.7035651479632	29.4619515742722	5.73742646951697	23.5312557547911	55.735465200539	82.2522008163812	20.9212522442531	39.0268263490287	29.6102239509536	33.0291821226832	29.1350504759051	31.6029580951001	42.2600323011567	31.2360729155817	48.0519951234802	44.0667656104103	37.3355560543318	38.3975745936838	31.5529995670653	-10.8171018428981	22.3376561572577	343.500077352926	197.400357616375	-17.8146771949687
758.558	-39.9794121609533	-2.85856902153707	-9.9109151842636	-19.0342806397261	-5.6002110453452	6.39818113865903	4.84901174209089	7.07107876236056	-2.15270683714142	5.27373570604693	6.47544122655675	1.46279175991222	4.21931634141406	-8.61040161792011	5.80261263086692	-17.5972355963159	0.379593913235741	5.99341589579347	-14.4750948047672	-6.02136590303968	-9.58513193694483	30.5661879843892	85.9827702877906	182.622599127177	3347.10542459813	4323.99938484733	201.196591909704	23.2874068000789	24.7385294816429	10.7249075718706	-4.02407088848112	-0.730217815213923	17.3242676202318	48.1049681330509	36.2257423867524	-0.409646841502495	10.7979346787546	-4.11117103201163	9.12806363889233	1.53438489522209	6.54458704409516	-3.53658005638342	7.13967284044491	18.532447395088	15.5312215761317	12.3289878446914	-29.3217802563044	-35.0472939368678	-29.3700664728684	-42.9604965172847	445.130618348751	-89.3286345573135	-888.790319812055
763.31	-12.5058159628077	-32.5597672496914	-12.3070229747563	-19.0022706048392	-21.7782662334379	-3.58945305034824	-6.42992111070536	-9.17973367946032	4.63559022231756	-10.4755188063059	-8.49225236813412	-1.49207811943358	-3.9125370122093	8.78278932498572	-9.24810307434948	-5.86107673885205	1.54877485020344	-4.89072742346621	-4.02679056957671	0.47245529768934	-7.44916921162164	57.0867527409302	125.229408529009	866.766949371782	5509.38068272733	1811.16372385418	13.0667426088791	-2.68186267981233	-1.52932219965791	3.39505743779028	9.70186756433518	1.48967481819377	16.5431710035452	71.3020411226634	3.97322722184755	13.3711464480796	7.93016546015476	16.7739209646131	16.661459116296	-0.521701537131906	18.9142434972826	10.8221563677762	29.7925170627878	3.02455729003275	-11.4415672946484	6.28791243633013	18.6930173274872	-25.3221879003369	18.7238004202947	54.1313330084211	235.129161796743	-303.723570947297	-1480.13824121838
768.062	-2.1952721551656	1.9620526657994	-11.5348647924162	4.16957554666828	9.72974396399974	5.92860174355399	-3.49465664832665	0.882439546833567	11.5742664344612	14.5743157152204	6.66687945528145	22.9670695559176	8.68811018360965	9.25039017390026	4.8540046207718	-2.21846640085945	8.98877092356521	-2.46824146214171	20.7739243311322	13.829386085159	34.3048004460505	90.8636186873065	166.038944188561	2897.06759126791	4659.17442539191	275.042534642172	29.8691816997446	32.4834361301214	15.822206141194	-4.56909347491571	14.6889509733881	8.64576648412683	40.2268594440312	66.1651511231865	16.4426358720059	27.8359971243358	28.0152481357629	51.7331540382409	24.731377088924	30.5417761786306	30.8828184566416	21.8468074328255	22.7204945495263	33.5813909369333	27.5389920759994	45.4849656093816	16.3521808660516	61.6425140335026	64.2565050897253	377.260737752534	306.890854024726	38.320634433893	-466.870551703058
772.815	19.1963965802026	8.82361328725	2.66019640534975	9.16722349467817	12.2444661956132	5.59566859401396	10.2278329280762	4.85032616379251	15.2584563132942	10.2811995715842	15.228875524641	11.6643551975332	24.8637414068827	32.3557437526743	11.1944143915912	15.1498646758178	5.85850800059591	13.5666813498345	7.67242985666716	23.3520103820718	63.8696060189661	130.22872534557	736.356026432757	4857.75272467973	2033.09984607265	41.2890866987082	36.4404511262652	17.7772180894952	32.3955799706098	-6.088244305259	25.9715910983051	20.6614904322189	77.3684189191102	53.3624273329691	15.229809491362	31.1901783961497	36.885468837235	27.7301089018551	40.5336244171558	45.7834842736298	35.3523330526002	41.8463768912497	60.1041783178253	53.3909115570199	68.3597339853193	39.1132974553422	138.276477145789	78.1309529297261	185.09195851755	468.025379593942	147.213783578627	53.6147169956691	-298.606836735994
777.57	0	10.5040587878384	10.4052896948925	10.2044656571815	16.1687893891637	18.8085354061736	9.92723410462455	12.8229221894771	10.5470762935116	5.82820974073708	13.5968960710221	29.1794110939177	18.524549305724	18.0798082837165	13.3263758322919	29.786253149589	21.9190812161218	24.3305298242622	5.06571297081237	40.3617674162791	123.155082708308	175.369907545279	2687.04410775318	4406.36125084595	364.519313099877	38.5195405681263	40.347808512688	21.6886512888635	13.7733126441326	24.4611305823891	18.4354860117699	34.1155872697082	65.787951536715	38.6675320123843	30.2626170329352	38.2771887507141	39.9046747905909	55.6315859192566	54.978384293181	70.8806036397674	53.8231699507541	38.9864067023718	45.6563139177679	59.1489141174956	50.7296135478179	24.8092954335827	57.7207576692683	67.4584475164663	256.316759700326	527.975613542547	137.696785515369	242.276649897662	-247.56372262372
782.325	-12.5018979690195	-12.189525574079	7.80931558323412	-9.92989314063234	7.08950871495954	5.11559227906133	7.23701378832036	4.79699381153382	-1.52993070117302	10.9482476597098	-12.4914195825606	10.5260252306718	3.68018830203397	18.3582607126087	-4.63941231571131	-0.765696201734773	-4.04666607513275	-13.2045309466067	17.3016423238569	58.2655435917383	113.373838319745	635.639435095482	4727.20797098916	2171.11377601143	46.4760242014133	14.6672967402909	32.1327191707596	12.8131982935817	7.59209571277017	3.54826623245551	5.45982976514695	50.9884550304642	46.36787168335	9.21480026796489	8.72030689062343	4.36704572568829	28.0872132009308	24.3484415029157	27.6564827118262	9.26915425917272	44.186817493591	16.9657919073942	39.440154793737	29.2396803138779	-7.35870217163362	7.66694498571439	36.468277678624	4.67027692141401	313.099993113799	231.684484359002	0	55.5501988830984	116.019934203961
787.081	66.5211186973881	25.5548340287189	54.2454499618721	23.0526844727762	32.9505307600083	20.3111297840602	29.7249282433876	16.6536577680795	25.3976577855592	24.611004017605	51.9816839186697	28.8226934314412	40.3088295439062	23.7685735400721	33.7444282609312	42.0641094013806	29.9179125545291	41.9888462488282	50.8970831688266	114.588136815803	177.372670861981	2467.52817908433	4696.73288314097	503.627621551549	28.8059509334633	46.4378366997346	23.0965409106331	50.1613045926682	32.8246031450496	26.3140968589359	41.6472019612828	76.7367160170521	36.7179114765613	18.1014010348053	55.8579758067886	66.3668000539594	77.0668918057456	47.5035638177528	62.582307443545	76.703146370583	57.3128212555412	59.3607832322633	71.7606811546135	97.3763665599695	91.6187573190606	107.968474075392	82.9182895113587	233.386460242695	522.441715546268	213.005416879293	152.270944680729	187.420390173965	1250.90214551273
791.838	7.57832960960334	27.6139350798652	26.3893654765223	18.1583952203563	14.5453107851876	22.3903821953309	15.9085093612173	15.9343974272801	16.4792684121223	19.1231885514621	34.395786162646	15.5970375702023	45.7225978250217	33.1616085984183	18.2438471671512	19.2441815710972	17.435063267954	12.2347805777293	67.1568797923637	125.113339767923	654.389752029642	4707.07437784257	2419.05036918399	78.7989037504647	34.7910773962747	32.6001087730183	32.5507838719534	24.6453896030093	13.9368254043952	32.7593726570037	55.2086364849111	74.2660576164177	39.1006302448355	30.8245128953469	25.1328277526029	39.8707692337784	35.4255782529225	44.4598547093024	46.7595219287778	69.9162409203085	46.5211671752636	46.4108729168884	66.0121035723265	87.5530984693409	20.7592083954654	101.121542374856	121.583735585914	273.08280618207	473.752971639572	185.161278469835	165.161203784756	667.541544559796	753.775174330067
796.596	-4.15682676490853	3.7152172755272	-12.0009237708918	12.6323859681198	4.67901461959191	12.1169746009227	2.70092164361966	13.1287436758978	5.32918898214383	6.18419963697809	6.52668145946196	20.3695419530567	15.8102912906653	-13.3454829913579	14.1403573739387	10.0017759599153	7.18880835922426	8.01206393706073	63.0356059801132	147.056854267168	2393.88894736833	4993.50898198684	566.612271028411	15.2236438339731	5.68800486321901	-4.68328814604088	6.29592240500894	-5.43953201947559	2.92291866088739	6.59180403302949	25.2669820591396	26.844487007564	8.21250726278027	18.4213469874718	20.3948703431865	29.2064202255595	16.3594368348644	17.3017764807294	25.1542666949499	27.9188731072186	8.50585123683309	56.4702147502071	45.5527836303469	-3.30325045619641	24.0304478165337	19.4573568815474	-21.7764870138433	375.788922722572	155.412978579563	-70.379977609349	-123.969891730714	-49.7564566355955	-424.337365296665
801.355	-2.05051553978352	-3.20718051989582	8.70228196922065	-5.06302294338061	-4.37578218974499	2.46118610968165	6.06211988715443	2.06062833649577	8.97087738199702	-7.74088634583835	0.889609185992238	17.9357946446374	12.9105688979735	5.40026118060415	-0.697527806020847	-3.79899731385654	6.20577598054387	36.8877632754578	83.1001171324396	388.86051159322	4000.07471729043	2357.78712719682	46.485954466382	18.3189971256651	25.6841210045826	-0.367533882142256	0	9.03020026328801	5.04644928962212	14.5816728308107	14.072163152832	14.7468632111471	14.1789787026409	6.86691221359365	16.1075962169843	8.27288216016201	21.5989164103108	15.8144272868043	15.2463867080713	17.2150796741392	22.5526401641393	34.5772150473161	18.1013746510358	5.70309606667447	38.9994876216148	16.7966639179413	81.0692427866313	376.362180584994	58.2541432610421	41.3139980730244	-206.391182011015	-136.016308329437	-802.396453264566
806.114	738.185594322065	18.7849144736755	30.6651840820156	16.3574587401527	17.1665301289996	15.6900614492205	5.59580297275793	11.1273930170772	13.8013498184569	5.07161519210099	9.78570104591461	28.8379443305935	18.4436698542479	24.4811840187388	15.694375635469	29.355888334346	24.8231039221755	64.1693381979318	118.955497621056	1653.88210715421	4274.41321156306	643.785598382978	42.7835333141923	21.1066706013098	8.30956856030615	16.1714908142592	25.0009427969655	22.0336886424227	22.7090218032995	40.5441634807909	46.4381384043454	23.524757979687	23.0408403917915	16.6251558855425	33.713573477409	23.6368061718915	41.1210139350148	38.6574889232993	22.6385742028937	32.462721671234	46.6787203397301	49.315044411746	66.1636452761999	50.6149775917359	59.7438959309844	41.497640267855	211.484981182516	369.340498111394	120.038840659117	38.8837628922583	110.839708857767	221.921345169081	837.283255580416
810.875	18.4546398580516	-8.24703562258926	15.7469864204945	23.7572615035552	16.4933328690388	13.5365236032491	0	10.3031416824789	1.38013498184569	7.20703211509088	9.78570104591461	11.6055141818242	19.5502900455028	13.3206442454902	9.41662538128143	22.7939838831392	18.9823735875459	74.159774085035	339.571544627482	3599.52095553816	2595.90056820538	91.4962168762946	32.9104102416864	27.8767347564468	12.8420605022913	13.9662875214057	4.71032255595003	8.66899225275649	21.9881004762107	39.4772118102437	29.9033466997679	26.6848000963614	4.96264254592431	11.5653258334209	14.2346199126838	16.1518175507925	31.1522832841021	34.2645924547426	27.2586913871577	30.9871434134506	42.4828803091926	47.6145256389271	48.6864559579584	17.8221752083577	31.5315006302418	55.3301870238066	330.151553957151	280.867298944025	15.8874936166479	85.0582313268149	38.2205892612991	71.5875306997035	-1203.59467989685
815.635	27.6819597870775	25.1992755134672	18.2333526974147	19.8626284701855	35.0062575179599	12.6135788121185	12.3573982315071	15.8668381910174	16.3315972851741	15.7486998070504	27.2813483704286	32.0030845620001	39.4694534880906	28.0813581391416	32.0862790769589	22.7939838831392	56.9471207626378	121.806468315835	1394.14155899854	4424.90300362778	824.332307590412	52.9932839826503	27.5624685774124	15.9295627179696	34.3713972267209	25.3598378678156	25.7256078055732	31.7863049267738	27.3950104293772	32.3642006732629	43.9755098525998	30.8981895852605	41.8279871727906	35.7802267971459	38.5833118685903	8.66682892969354	32.8137383925876	34.7038821015983	36.4989257556858	40.3324723794119	41.9584003053754	45.3471672751687	46.8138999595754	60.5953957084162	70.5309882518566	86.9474367516961	430.019461737783	139.029312977293	63.5499744665914	218.721166268953	324.875008721042	200.44508595917	767.509650948715
820.397	62.5407239633972	35.278985718854	26.9356346666353	40.1147202437079	10.7711561593723	14.4594683943797	15.6216166322826	21.8426603668552	22.0821597095311	17.8841167300403	20.4610112778215	36.5749537851429	34.3052259289011	38.8818805003499	25.8085288227713	47.6601481192911	82.500315976642	287.032907987156	3262.41779645832	3113.11124344217	149.240140884313	24.4265918357529	38.6697320339815	24.6908222128529	20.0185060771012	22.7871006928198	39.4942429691194	25.2845607372064	33.5228417096327	42.6780668218851	36.5876241973631	26.3336843056198	18.0781978458671	26.021983125197	52.817931781274	26.7883803281437	54.4126548028984	34.7038821015983	61.9095702691379	47.7103636683287	45.6297603320957	61.2186758214778	61.1701626138452	34.2185764000468	74.6798699137305	190.691537421334	404.171297371031	80.0471801990473	104.151347042469	199.279284822824	256.077948050704	572.700245597628	593.075639369462
825.159	-14.3536087784846	7.78886697688985	23.6204796307418	28.4308211435988	11.1077547893527	0	-3.73053531517195	11.5395186843763	9.43092237594558	1.60156269224242	12.1579922085606	24.6177573553847	23.9767708105223	27.7213407271013	9.41662538128143	36.2631561777215	81.0401333929846	1103.55891799078	4301.38017461669	1153.2186306012	32.4816777218799	13.662331026777	22.2145269131383	25.0890612808022	16.6191371206123	18.0091602249705	5.79732006886157	12.2810723580717	40.0111336534325	24.5398884225839	14.072163152832	8.42677897779833	19.8505701836973	9.39682723965447	24.3486919559065	27.5762738672067	36.5520123866798	38.6574889232993	44.815136687361	53.6126766994622	42.4828803091926	37.4114130020142	28.7125253085396	19.9608362333606	27.3826189683678	298.387794306957	204.435481809766	105.32523710401	74.14163687769	111.790818315242	72.6191195964683	-164.651320609318	122.103808105477
