Wavelength	500	495	490	485	480	475	470	465	460	455	450	445	440	435	430	425	420	415	410	405	400	395	390	385	380	375	370	365	360	355	350	345	340	335	330	325	320	315	310	305	300	295	290	285	280	275	270	265	260	255	250	245	240
248.336	-26.14866010484	-0.915956860561436	-3.73161423015939	-7.01238972825156	-14.4794796984871	-6.15654366891756	-9.1014909931289	-11.764562188657	-2.76533435275288	-14.4345123111835	-9.5037906594557	-9.51753693668551	-11.0826059735828	-10.0873665334685	-21.6584962977392	-15.8978641954709	-14.2540376178754	-3.84477231802307	-6.33070116237491	0.445803133514579	-6.58903498979071	-13.2626131313352	-14.001505942791	-12.3543881986082	-13.2295649494052	-7.71361522947111	-2.53636782165259	-17.3221011610578	-9.3653224177312	8.53700816645511	4.92603112580947	2.81289261389329	4.25807845050353	8.68241065561605	4.12283813974364	8.28758356818435	26.216292037519	25.965478371555	24.5307631919036	38.9619823530698	59.4220056712912	122.138290782693	262.724578366736	478.69872182261	618.487982315987	590.805364938772	583.715650391132	677.019161320666	775.586763519153	1907.6657848626	39430.2848835651	123689.534348255	43116.0790745589
252.814	-16.5803103022363	-12.6160234173806	0	-41.9938483400484	-5.24297128623161	-5.89897529716157	-5.31069259985671	-8.65204131639353	-3.03604856335672	-6.72321928352056	0.711420712258854	-0.844384842381468	7.0792988601059	-5.17786403909384	12.1334480721971	-14.9016060565177	-5.25296087160906	-1.84196020908078	-21.2304632641299	1.06788070280272	5.78725829511263	-10.9207239724	-23.1815951097118	-15.7515434610723	23.5413025167633	-10.1185000712205	-19.9628090491049	-9.07670569689065	17.6881685622771	-6.81654120041344	24.4425625782382	-1.68450685718134	-14.4497707115507	-9.96567095268966	9.42697859045949	31.1962353206471	55.3226941747781	37.4241798398351	22.174039046674	62.6137111580192	59.2033583103538	268.07679722662	537.180445688282	707.689253784319	778.600555249747	827.323095164847	751.270777728222	879.986507437924	1766.65157825392	35442.4251916873	134166.460259768	55115.5664010989	3762.1556585403
257.296	7.29095222517304	0.542711178250898	14.2487239160543	6.00151139126009	22.7448511524839	3.28301767379854	14.9336317934447	4.64705976298087	0	14.2542578898999	16.5412560275788	7.10122822858811	5.25322045610479	17.5035995778495	-2.48377130133877	12.695984617952	7.79595890812327	9.11222353219452	8.5022372258849	27.9990134395523	33.3145745462066	13.2607054945718	17.5679899945281	9.91750863126776	9.85425830113108	9.14074753956067	14.1694135957012	7.26995959573734	17.5007630479748	21.0760005931325	34.1905991214319	6.66663826872175	31.5367850886156	26.1506602831743	41.7498765884779	43.4925946346865	64.5989940443024	63.6250138433245	81.1746918106583	96.4321036366195	258.607253722236	497.486796916184	707.169515059727	844.124229113236	777.247038009796	833.802979314308	974.811355299641	1717.97504649216	26783.4683863722	118071.506125896	58403.4319999307	3545.32040837224	5864.17543316929
261.781	-33.909349526062	-30.2890198152253	-21.4387861525285	-2.34229207911487	-9.31300513414434	-4.07171300768124	-4.77061493666818	-14.1466391384123	-12.7468166804212	-9.00002865929733	-9.64246681649519	-19.0743973823943	-9.32862077101833	-23.3932755105204	-15.1222571236509	-23.2726845939378	-5.27390187612915	-10.6334934581079	-33.4951552777557	-16.618136282473	-6.33854103713705	-21.4301437568514	-10.89421691976	-16.2935595568987	-20.9080175375747	-23.8511839730705	-9.14978723044932	-25.1689346046666	-17.3255440996896	-5.13278658040339	-40.6179363436425	-3.38244433628146	-10.2404999516943	-13.0505207532215	1.35207991100142	12.8129725489636	2.5019476979988	32.2813476666173	42.8551896352795	187.403864462546	423.663618593259	640.757535339121	783.784440845791	752.608427203263	744.718441091443	838.951242996118	1385.41491413356	20041.109956617	105829.720404852	63160.6581054233	3572.51518619259	3071.30676704612	20236.2583860397
266.271	-13.1684285715817	-8.4017871917483	-3.54966742396936	-15.2468073200826	0	-6.02368627841215	7.42090169375311	-5.04854583646486	9.86438106565513	5.8845906093534	-3.63230473661575	-6.4667706667629	1.35543060201863	-20.7087088385603	-10.2537623414236	6.34026782952035	-10.7280287607147	-18.338787892714	1.54852136910248	-27.2614225878732	-15.042637153405	12.672273154744	-11.0803609154775	7.31115855879153	-12.0194960821763	-23.8094816342375	-14.1807619580262	-4.41361784646401	-10.1324067420297	-4.78544725878183	-1.2909985799241	-0.860059614622971	26.4726636296345	20.7951632009515	33.0043732614623	20.7545095660045	29.5184877261094	51.6714850465769	160.764044753254	407.14876397492	647.640094341983	804.557951689234	828.543403131688	842.364183743605	872.33040800272	1424.56396978019	15491.3189342334	93405.2027261896	65528.7510410991	4684.1248689187	2107.08843938629	14627.3848094471	28780.4960473665
270.764	48.940196691576	15.6925998082337	11.6700820930314	13.8255807047668	15.6588527912989	7.91075815014528	10.8523396403498	11.6185141106165	10.434219553039	3.92537765054185	23.2604815328862	13.3725535161346	-1.35623121774202	7.05393732954479	10.6873114145081	-6.76694704216534	19.2324048781746	15.0560985536943	15.4943603825209	12.5476615751387	1.61266311718555	22.316374642018	20.6619607738942	38.0404807112541	14.3394025286941	10.3385196336493	10.1984430421646	3.53297987968876	31.737573945723	14.3648216741281	37.891660030905	38.2952594582479	27.7910036005754	50.026413526792	76.1383624268555	55.0560844239241	72.82132860003	173.955707610814	390.819410325525	614.403351401956	841.078041059751	810.594723874485	839.749753204339	906.688412615816	1318.42422832249	11337.8466852161	81755.1460892106	66841.5646429039	5618.89140743475	1687.51951379428	9061.14688231742	27638.9958523698	9148.19780202207
275.26	19.0395587765141	-9.87491694299823	17.8802115993626	9.80006049855951	27.0255925975398	13.6434629193357	3.07508088698494	2.71962811047664	15.1825602899856	-3.20202175027096	13.1632924279868	2.11128437340157	9.29299824154718	26.324827099485	-7.11379679218977	23.5978115706342	12.6965934537672	-1.38168105726234	24.7726551179756	19.2247871310727	12.1024783087179	13.9012251271952	8.87941305941162	7.16088552326744	27.6199746476149	1.32000584343359	14.3233319423636	35.4477853927251	12.9445382230943	13.6351636786764	30.3471236757817	39.1707634733769	34.0046509838171	63.7033597999766	44.4482551006157	47.2742391753861	114.650109798467	343.195217533315	554.435605480576	768.021235893791	771.020992966069	809.116681371304	870.709862176817	1227.30509934251	8073.986000127	68543.1578217617	66795.7717050932	6496.37094469382	1389.35586996559	5031.45638117	22297.9908749536	12925.8601106409	483.479274184032
279.76	-2.98566466209037	-8.00070104932286	-14.9695134465699	-14.0652350236598	-5.49040392307883	-8.24568166761429	-3.26152673215367	-10.0958284950566	-2.14707961918034	-3.11315049131776	-14.5274012955511	-2.87376073486526	-25.8144958741766	-21.398419935502	-31.3270208886491	-7.64762020317603	-17.0264867470329	-23.7322140072414	-5.40685844012232	-34.2672152092998	-24.556335138389	-16.8942504181086	-15.8271067536209	-16.2449864664418	-17.6087800812824	-20.1061211264365	-17.7237348752221	-19.3334306375793	-2.51705320400758	4.97127125641917	-1.63915818660066	6.55201537877787	7.43869371886377	2.52797102258217	13.5318462120733	85.0299872793444	258.799679160986	491.535267157794	719.628269985644	750.151342324158	718.387281487426	752.255900091389	1025.76016149889	6255.78113857743	56693.8989041289	65845.4974568186	7665.7780397981	1217.96962525114	2763.45779542607	16681.5249108468	15771.0887723898	910.780976185819	-1410.18130795702
284.264	-19.3224317909868	-21.3205260827066	-8.73195389824524	-1.29544326241479	-10.0774781911194	-15.6952559514363	-0.517346522671973	0.457545735421472	-12.5160152834277	11.8514625585125	-4.60870086982293	-10.1586911486504	-7.37049651565782	-15.9728849540733	-8.13129108935699	13.4076479350526	4.86136401247476	11.0801994143931	-11.2273018265867	-9.3885888318061	0	-10.1066076460862	-23.7357400884756	10.1599363648149	6.28452386145118	-13.028435199644	-6.02433419298091	-1.6000108457716	12.3769797741403	22.079339846447	17.1603204881765	29.6196798479937	14.1591934503686	30.4751797322982	75.6098871499743	222.653748089483	432.18919965955	676.100331474351	698.740473838614	683.872067920236	740.829069894027	896.028617315235	4287.70103749544	47290.5651220102	57983.691491278	8966.19819677446	1145.29609274484	1549.20444587509	11540.8343173688	17655.8669192544	2648.03089908638	159.048394959525	-661.327560914939
288.772	7.5217994028357	14.8771987764648	-4.34478888514211	-6.53172617970013	0	1.29027240054319	3.17911132819415	4.32559004874667	7.24439471542469	1.12042500973094	-3.73458696385074	7.01825034040575	-10.0648761153676	7.17278509177847	-5.49088462586548	-13.3997631763175	4.97887351618582	1.20866606535169	11.4986895816018	18.6860521156887	5.5236512242819	-12.5948085047377	12.5143494374114	9.18748574454164	-1.58435302509016	-6.92828316913602	4.93596412679513	12.1010696095437	23.4021372727879	-1.86371245322282	20.2789868286565	32.7919784573342	23.4254212650145	48.1445630955121	176.345502725621	402.793107562812	610.918532331749	692.212530125377	683.377429998706	677.533999250791	763.741765691524	2700.23070710917	37600.8547243228	47180.1847360987	10000.3376926978	1063.9761860504	1069.18585927281	7458.70250500663	17406.8369679128	4792.02691511471	208.61841813676	202.989654734215	349.383307535166
293.283	-9.78499509509114	-16.1005538628122	-5.83055658282044	2.34786184263746	-10.485132962018	-11.7494709764805	-5.39142440479899	-9.12181664058832	-7.86996982695454	-1.87946456914837	-8.35281114220087	-4.60290388839472	-11.1319088174163	-7.23731563329918	-4.56150033997955	-4.16571874656544	-15.4187913501303	-11.9718169541473	-11.8698801299975	-2.68671818413396	-11.0305790406988	-23.3128246838847	-13.6501530057822	-11.2084440597109	-9.8713968991708	-10.6995231393263	2.54765128214134	-2.89986024211564	9.04517849588898	13.934353044058	1.41369868770618	26.4881835150758	38.4931910827271	134.812678799962	309.082562722345	536.332568515308	636.169899848734	611.356091987989	617.392021734388	668.272594391616	1801.68278926096	29028.7593227591	39520.5428834819	10792.801062831	989.474092980156	824.047748898082	4124.28224105724	15643.5404651256	7375.95164678198	403.786895404481	61.5293867958943	-201.781558440067	-1180.96398516062
297.797	12.4642715190653	1.78136388836668	-2.0159133643425	5.30358097492279	1.63720149906211	8.97998997647117	9.3042082397348	6.62311784551653	7.39482619773413	-2.07943797553358	9.81913947073597	12.6826544358047	-5.38839625542964	3.50321989673671	-2.03814693730196	7.05745104650579	18.8363517441316	0.747735931812345	4.10400785024717	9.9705377315296	11.1058430398452	-8.06040284032077	16.0178215829377	12.7885444748291	16.5400820925625	5.00051047168048	32.7676104385069	17.8968722398569	24.8688305179702	32.859858501866	25.6612618287793	45.4739243748207	125.252575881427	294.443633117503	492.022537976148	627.82637114741	601.712888237787	613.25081700356	642.704034872395	1363.92715059434	21820.2383316859	34743.2325378563	12544.4285915723	922.641890178627	756.626951595467	2124.79383123752	12528.5865756615	9970.87033915827	883.32652482146	189.530079124462	249.434940031443	188.367982251726	375.408768775906
302.315	16.1517369922313	-18.3620153064221	-15.0405548636628	-12.6444076052465	-11.5721227564242	6.1709537834581	-4.67835595038098	-7.29001914142341	1.53989274613445	17.351750669745	3.11864254142245	-1.0095041112447	-15.51669933707	-3.78301868073436	-13.0055058628158	-7.58813096019051	-5.93127752818611	-18.3512926658323	-2.82023062800529	-2.127840896097	-11.7412576020159	5.53902326550482	-18.4765005985204	-0.760878961426197	0	10.168636088016	13.8356706875999	4.13396323240769	16.5050427363943	32.258494191338	24.1839726417297	99.3529821293179	247.953089541907	448.950504626374	575.68600838387	582.053815048459	584.742361401489	612.110597825979	1071.89443803009	17374.5444340612	31551.0629595563	15534.1764979565	874.215536580137	671.133000315628	1117.34429296177	8682.78197077091	11685.9101022438	1749.41521273121	175.79869540765	206.993432085004	164.464966513295	-294.503309180376	-435.545450527603
306.837	3.90471275795477	18.7470665218927	11.4464830535093	4.82121759395591	1.92333790956579	9.37727791894317	1.77728781845939	2.16129197005123	6.58123650599491	10.1786032731911	3.10999298186973	0	15.1219895731285	-4.11548342509991	6.98354196275556	13.8181557069846	-9.74206820007077	13.1762846371357	16.0709069389805	24.6144961853798	6.69068183271429	21.7000959078721	7.84053446709053	2.27630598761263	19.4308195626376	9.79076324536446	28.2844597420435	6.87082946577528	34.9759402005709	25.7352201692183	80.3896611966349	225.936698924113	394.543684467739	579.950609349552	581.938917016652	592.461535606311	606.096796036989	881.055831131595	13008.149441417	29450.6738044877	19173.3860487635	950.178021021696	683.617453225202	744.088560472119	5441.44242683039	12151.950243345	3198.49454485055	328.2780228479	139.911757215062	90.453416681888	218.678430257669	184.407804730971	517.863900096561
311.362	3.89977850376436	13.4982481631889	-4.73049042117448	0.370394244879061	-9.9246885026946	-7.90208001692723	-1.10940119976017	0.196232801643312	-6.13472535084261	1.27071761431971	0.282369362575695	-8.37860093202769	-11.2393528732889	2.3976649824785	2.32490569854835	5.91458321500485	-4.86487873806394	-10.6008164464447	8.02529933718617	-5.08621896711222	-11.6938973254263	2.75834035609781	-8.61368931211179	0.378904916048658	4.67187872894077	8.38147798896903	-1.72248278179998	10.9794352474504	27.7399129880411	73.7261641745745	189.680578334294	356.696029729617	550.246214993049	555.140998138054	549.48857097735	574.828220934854	787.325800575628	9892.34421672698	27608.5420374672	21417.2250536736	1176.41751111262	620.589033950728	519.796721817764	3168.90925946382	10828.8237805568	4937.81273991973	352.452751377375	136.498143971416	65.6585935166775	-13.8983251909726	-29.120279157315	-143.24704705894	233.578480665696
315.89	-8.76564435471033	15.2245738748809	-2.756667260741	-7.03038677158365	-4.15776491687848	-9.06360018858563	-6.64968799597187	-3.92069435230929	-11.162684654622	-6.60106152667462	-4.23126494084316	-17.7447037723157	-8.42100561773299	-10.9496900495569	3.31794122870403	-10.504200594912	-2.42998398245197	2.19105840491072	-14.4309569914214	-16.513525488323	-2.50330566640767	0.393650856291052	-3.52022496657922	-1.51408974643749	7.53926294668369	9.07076889503516	17.2074404941447	12.6821572706964	40.3704388027182	137.167924087921	314.478396737386	539.012421244582	523.402684244137	542.55439841198	536.474309487797	693.445655539035	6926.61135858439	26231.5967682902	24423.3961674852	1401.07842133912	556.398731393054	482.91254864823	1602.37602034342	8682.12209317264	6687.65433267881	672.060264189876	128.543339585739	89.5700391622712	65.5923155113815	4.62809858379773	47.2726867640569	-218.060874124333	-566.689410997841
320.422	14.6327924655035	6.97094572652217	12.2276393123053	7.782865570135	5.76612031999051	-0.87852660480406	2.44212177712711	2.94522764162034	2.19226523726417	-4.8315741717588	1.41267930206747	2.01204992082566	11.9488538644138	-1.02817660926996	4.32022791356965	-9.53466949763723	-10.4308870546242	0	0	0.84820300558118	5.01462539140027	-2.75996679921123	12.9281525035119	11.7529784050221	19.7772954983934	13.9773668169312	21.7160802949278	32.6144180045163	125.759888660053	293.048188949165	503.100548910884	526.82990391799	535.717747217254	564.072243084466	656.066885227009	4968.13779733516	24835.9718459586	26266.0495129973	1869.13030781428	539.089257038567	456.236887624777	850.097610495101	6211.48442304137	7609.86670248874	1275.61433717296	150.631838390954	156.738032699304	125.866580122333	151.60917418637	46.3550675885304	36.4218122503798	177.458062528979	667.760597648992
324.958	-13.0860011525879	4.94529327261629	-5.29117256651384	15.2970565994039	3.96661535968407	0.302176934500095	-0.68726390240158	1.21564426886984	-1.58350261598082	-10.7583719376182	3.79004684553676	2.07618667600348	-10.5165424307842	-6.7193569666347	-3.77210383701537	-25.105392367951	-7.893149285979	-0.377420051051243	-24.0293979771285	10.9405074925471	-13.7985952402899	-2.03424599652041	-4.4467514938062	21.5167454320509	13.3577823125576	6.12973840335054	36.6358069517187	120.446058508964	261.658861571109	475.582543431321	550.914427341302	530.162156131954	532.243184890172	623.247499160957	3349.94666328242	24279.3201928949	25601.0992594155	2537.65513274211	519.320854791417	457.025350889457	483.685197147974	3920.33378857289	8306.29298582726	2134.94384186608	188.505771755711	110.746317219169	73.9356640057364	136.787187841291	6.9529741041739	52.6159664161612	67.6490503289279	-14.0857517866413	-223.940064014298
329.496	0	4.57396053658476	20.7048278768709	13.2287815800688	15.8062827932879	8.30076505661507	7.22531889029964	9.48213501385049	10.1266655807502	5.07235154785402	5.33908429075763	2.46437183038598	9.59271131830373	14.3921988434102	7.67550009805925	1.38066505050669	6.93544422657122	16.8954861288231	11.3807715970723	8.90472478597586	31.5871498129787	25.6636368791917	27.5561172358918	31.8417498195812	28.3130183777778	38.1521841101608	137.151573259321	258.059436446219	458.676995603759	548.160541438115	581.938161239779	546.763062380095	585.095657482805	2518.67164565891	23464.3047639493	24706.5848019066	3508.93153983517	521.286399953479	464.567304097767	379.76568593071	2113.88879501249	7757.54995745947	3476.04927097696	296.843938292175	135.329763631887	56.3368219303853	143.39264668183	87.1555328933314	199.83985717403	128.962601992327	30.5894897482841	558.904600953508	508.252460996508
334.038	2.06140818454808	-11.9685933950713	11.6690903739033	0.783155994286528	1.69230737069087	6.80697868001373	2.11113101919302	-5.60130755161302	-4.63256092107887	-8.32903697728127	-5.37333761971934	-7.7948583681414	1.11395240042114	2.17267997462547	-8.07586756934818	3.82118775304688	-13.2251478297605	-6.95613292875189	-3.39371432939689	1.3442780656758	1.3245749891013	-2.49951135737903	-1.6556958653376	13.6195640896243	27.7348051711284	59.0722346868082	229.445468603148	420.767379551122	531.858276676235	511.633331493111	810.957158196836	553.098204283845	1740.86847610293	22371.669029296	23559.8395733519	4567.6972316732	498.158126236572	392.809536774466	352.17280044195	1069.76931184602	6126.00066810965	4867.79753881942	482.249202566939	78.9959618173188	74.3657697078236	82.5606174944071	87.5338684034985	67.9081442278152	44.4960057545889	66.1194197190272	-96.2054347017237	14.4228281748924	-917.196075488356
338.584	-1.54245089933923	-26.636910246588	6.23672104916812	5.85997318126969	2.36370552494201	-4.01292599328632	-2.80827744717717	-5.79521796622214	0.693263741991822	-1.07220832847974	-8.63685663383457	-17.3207908018079	11.8544510023915	-2.52888243436955	5.60489426227106	-3.81227714815626	-0.366508560737597	-1.54220265865258	7.19482616286125	-6.25866897453558	-3.08346784806256	26.183668998677	14.0405971433538	17.5842178593497	55.7193039734911	183.065242464721	358.989684083756	505.914741438449	487.272794647753	515.077380011543	521.500080262707	1255.2319737213	18213.5429596867	22645.6373154471	6089.89579445876	459.068448208069	373.060325780749	320.399453608618	561.605549087486	4305.69682113041	5984.10244259105	1008.31789336727	142.392822968638	55.1682261241576	80.8613324891542	62.5203611768241	40.124479131864	59.2810659280225	33.7381067963135	-136.816786273964	-7.67848750586783	-172.670348016532	-211.16706263999
343.133	8.21885823582046	7.34137231892234	-5.81559975863743	4.29337148993832	-8.0966988345541	2.15882407049627	-3.03950968812192	-6.20346608032014	-4.61751847166262	-8.03418546958948	-7.43873581188154	-7.06322507377047	-10.3631291955314	-10.8281251847069	-9.09959791981891	2.07751632223749	-5.49258511605338	-1.54078790625534	5.0740418325314	-1.33991304271144	-8.36173498028603	-8.71988306426655	11.1396575264317	58.6933810045162	163.217616563454	335.618396608511	456.674833295193	463.872079001252	483.217000761414	509.259251055296	940.16563924114	14476.5272954963	22218.6528856372	7299.26660083012	423.945260878949	381.94250788771	303.510932595634	347.883285334397	2588.89872330866	6094.38857525355	1959.85547241175	144.563727550842	45.122811615351	55.1176170944542	24.9857176315278	23.795431468596	4.7161965421424	35.2539785420359	-47.8996439650284	-97.6366259003979	-42.1929396992533	-50.3159846702784	351.622244640047
347.685	2.06317873324216	32.711538490808	1.25133353411636	-9.01402946289315	24.3901569278026	8.36119457736631	-7.98223392760896	1.86870617627018	-9.7367336626343	5.91600637999098	6.5730534136261	-1.06384818977362	1.11490917695022	3.98666784072512	-4.91996762319536	-9.38733491664459	6.25057272290419	10.0563775995025	0.424578649900302	9.86650624300192	7.51237179612013	10.8405188406421	32.3137999605803	163.174224141634	302.68310719983	456.355439957646	469.126902929185	494.100229716457	511.660250934709	797.273334680229	11506.1556436716	22120.646050273	9240.13208283276	452.374178395369	313.330174834247	302.524947809669	266.666061409872	1418.95932952342	5495.72755605046	2977.3862486525	280.376964792174	73.7226072506213	74.2559088653143	38.0943819760291	45.1595584649373	40.8179842133212	66.2987416484811	49.5588848885798	1.78136893945077	31.8626195600813	30.8121810535923	7.21760798921232	-158.881821492671
352.24	-20.916190652276	-13.5452292195462	-18.6058812273222	-14.7007198225216	-14.4237148437057	-9.41827918483339	-5.2361726041238	-6.73587825555095	-13.1612690221986	-14.7212758927276	-16.9620463989151	-28.4008432409847	-7.53518588552516	-13.2271295659801	-11.4006582341517	-18.6810015885719	-10.0642263193661	5.88173186784639	-21.5215672910834	-7.7292147648688	8.51191919915183	18.5983808312483	106.257523524655	254.841661115046	404.771712467335	430.05490124312	435.314187701643	488.39768048182	670.433320871888	9257.30185113466	22465.419643496	11155.9488271093	485.655448108338	306.231957401296	278.65989222894	227.80769708827	662.486383726354	4265.2882122978	4075.11874333968	487.897985513067	47.7311838747253	42.2940792774813	-10.2073905691674	40.0768419014788	25.4344834073075	-22.2042504228975	-24.0045181942983	-12.9193817194794	-148.085817494135	-44.7256200567969	-296.750722949146	-351.220831793333	-536.906540698226
356.799	-10.5746418198348	8.02879468589207	-11.5444806952533	-14.0610577116645	-11.8064633789847	-2.22208882475091	-9.14508907219458	-1.27705196918913	-4.75283573783932	-2.48088864561997	-15.9259971403032	-2.54457498467267	-14.4764022195984	9.28787122843607	-16.5710813744535	-6.41519501191264	-4.14593401083295	0.396485247986685	20.8909504141202	-6.43617077564467	33.9741206478437	109.414654941808	244.6102897278	417.962106428613	410.841717291933	437.877790022042	467.815848061384	607.345606495656	7110.38478850346	23001.3345058159	13099.562292917	604.080155899405	270.416543643162	289.872159976892	257.028718969292	345.926599905275	2811.21928095135	4606.00044532136	1024.76348375766	97.6498519780446	45.5516964375525	22.8472740919424	34.8338582108602	47.8913664235178	30.0042503696976	-1.02053171502643	-38.8352447051026	-44.9960079160319	18.2605008283205	35.174260094953	7.89625671009169	66.5877912048504	-633.37155366047
361.361	25.0234788696829	17.5961361458137	16.3609453129466	9.30447645215298	10.8396874464335	11.1878227781564	3.15037211118185	-4.28648664585081	6.22171790229619	2.22059269961587	5.55123935737497	9.51710191504696	4.98694473753547	20.57562447476	7.25499592192424	9.68981042717371	6.83150458201653	15.9698627317499	20.1599268176288	48.6074660061805	108.562060364219	245.31524841933	383.15492032021	433.701972821249	436.075957077389	443.215939022234	568.900808766676	5708.41239574725	23469.9906831913	14605.0041732373	816.980104428482	261.789899648508	275.984565997364	223.520115038278	212.503852492977	1613.4094858245	4532.04236292402	1784.1225844272	165.334771029656	79.8930714367285	44.2307646217608	28.3155616776121	19.4869213948437	40.8056894382245	36.2558578564733	10.2763920506045	53.7703548924628	23.3854877299046	57.001795695961	101.197803207716	19.8781254149994	-81.9518842691214	0
365.926	11.2148418680337	-3.81618664174489	-8.63731627452331	-5.27510960696909	-10.8727847506283	1.92376852450027	6.56305882008824	-0.644936215187364	-8.40096243648157	-4.1763242530722	-10.5176907218014	4.77308045473879	-9.23477833796348	-3.00195621126673	7.64100532292642	16.1989946004267	-7.99442410850218	0.40046560575999	10.5503384488766	83.11716918205	213.211716821307	363.484428354843	402.34005058087	376.081822858447	425.989971245453	509.992068656398	4545.47776156146	23549.5133187515	16522.3405071679	1027.76898459507	235.287437468988	226.332143543026	202.538489517616	195.564956135418	786.244574885896	3793.24424459237	2643.96162593582	288.788211929821	36.1568884680337	41.0959038654177	29.0294848053161	-4.14196108272359	5.86392650596937	16.3721133125026	3.46348185662171	-8.24621553574804	-52.7087494592699	21.9908359586199	-38.7320218896857	-71.0547565015981	-35.889876337524	-373.645961979926	-127.946007674063
370.495	6.35642930781973	12.3018685964399	-12.8507417897748	-2.41489082656811	-12.1760173048566	6.99652452850314	-8.67966870649168	-7.88960662282615	-6.66618167807561	2.20928149030764	-2.14781877675325	-2.18506705327835	-19.0828551586701	-6.69954003808811	-8.66164868794027	-0.357053802615118	-1.88797400134204	3.57491604920399	55.3754140859777	164.423559013358	329.926862577752	358.39116315536	360.781612953886	401.024788260802	484.230248536847	3543.98409228464	22611.2939177855	17585.3209517135	1442.77263976985	204.325212045675	196.29787009364	207.057388847363	172.299089329186	393.933036539007	2731.82785808746	3299.67280829578	547.712756966013	72.2926512697726	18.6488694624855	19.8715284391779	41.8323535876192	26.997523101137	7.75506372657271	16.2391337034848	6.87070066957368	-26.5825205793158	10.9424578433258	-7.27073975458668	-91.4700663295658	25.1705809810684	-106.795101399925	-370.611088412492	-815.829356212848
375.067	-21.1150999479461	-12.2594859022868	3.84194043134057	-12.0328549324779	-19.4145091145698	-11.409414436779	-0.961085033632375	0.212497977296117	0	-15.4116901433278	-5.80970887644515	-10.5247718701059	-7.6068441784787	3.33822931064781	-5.75453824476143	-1.77911836124826	-3.76293901562807	47.1054844234642	128.619302983944	278.143956025932	330.146958924185	336.674336378006	392.609410527559	435.750558944224	2884.86440322576	20802.6383127467	18646.9487651142	1842.49928429006	192.102506503865	181.647747998076	189.825384979766	172.677372257275	207.873230471562	1776.27535449083	3665.5181465065	1079.17178705325	95.5409303941242	24.9207376018769	14.7723901991726	22.3419212590393	-15.7007626089938	10.5278519676253	-20.6089221176838	-3.67799687470458	-26.532239568439	17.3209978176767	-47.2539540367263	1007.1509693204	-71.1008465331026	-37.625794033324	-27.5922288296432	-22.1600550095567	-1138.22609775563
379.641	-2.03405501737955	4.9964454454698	7.81324193860368	-8.11402375854319	-15.6966075164457	-0.61060506824513	-7.1751844684416	0.204703069352137	-5.4853088420638	-8.74874454611126	-23.5646129398148	0.6992206453966	-4.03029433116192	-0.357308387269248	7.27577645217821	5.48434004196866	31.5366811107667	77.0274350603829	214.734269863811	317.019307467675	304.095096906001	358.853186810567	401.896635910164	2347.44980977328	18837.3470589588	19249.7425825786	2245.32212622522	186.117031588891	178.982492476106	193.682436606866	153.897351509996	145.070776883282	973.789331261026	3376.30867935137	1805.86196403287	164.783666646497	55.3043071186122	27.0619723826538	10.5581169167881	18.0983556622615	6.25854745366694	17.4662033663858	9.92647004740714	15.5895502590591	47.8200211509474	-20.611653569423	-4.6687765936555	9.77186288702592	-19.3184555840199	-106.320410647734	-208.843511424045	-320.207608692707	-800.599612230778
384.219	-37.3434268237294	-26.1442509055214	-23.2612083768507	-4.21783328736241	-23.5313061647631	-22.7233007758195	-13.3222971172801	-10.7666344656455	-2.94858016695755	-17.8904165744235	-16.6619153550198	-4.51031988179095	-18.5435978013172	-13.4743105283033	-29.2252828065726	22.1104454765519	61.8735344807381	169.153634919825	240.515075414798	255.369653036315	293.996833213491	343.88234752021	1914.33069315315	17349.9933102632	20189.8235043666	2806.90289580382	159.770058322478	133.907181295978	147.129807602499	136.890842866028	121.903160229077	484.846746824479	2713.66739341084	2444.40299885762	364.102731889755	33.0164774807909	-3.68617892011852	12.1284564432203	-0.45555243821395	-21.8438734979191	-5.17573518849051	-8.94615762505694	-27.7055714396941	-30.2384207532921	-39.2737844491198	-89.61095621176	-103.08912484344	-62.3406868469357	-81.9138467059513	-76.735034320427	-237.398839249837	-381.322681068046	-1399.01479444697
388.801	4.39041047548108	-5.22889141185532	16.9631319128682	-8.5252029884307	6.72801805367264	-8.493531840791	12.6562820584808	6.67672030948648	-1.53478588127448	-0.508653109506019	1.13029088984693	19.4523534908828	-3.16334456847255	-1.37108100532885	14.9565861952116	65.1072712935209	136.662448243103	233.385923309196	240.530818622542	290.971588607651	345.636355353925	1398.697067451	15645.8890840486	20572.2915376837	3264.03914337523	173.691441017217	122.729098851274	143.865516361969	150.794469765093	131.313547274849	259.785070970578	1829.2582578985	2913.91501837238	686.337277937985	82.7322693853394	39.0503848142488	15.4411156769205	23.4485340194755	39.1930038115712	24.4006081327196	0.500325013373639	15.6745372687861	5.95161412770639	12.9158924139561	-7.1184295615028	17.8898645694	-25.75317919976	-50.8888730496551	37.0648555243394	34.7708366007558	-40.0692205671506	238.917020498863	-233.746701795552
393.385	-23.8060764757942	-23.3491693854134	-37.7478843339763	-29.7927923994728	-10.1166523277625	-7.56674532877045	-11.6855460345112	-13.7170953896177	-10.0703838466416	-12.4112897905082	-16.7639731744299	-13.799636506411	-10.4260719202084	-17.0553838609153	35.6199264935579	94.0785302417568	162.046867178156	164.865550943645	209.793284130824	259.347675279052	1134.96202441569	13447.1680153432	20596.771753722	3870.62360903105	169.309374676324	85.2741191125688	99.622978546818	107.106374219625	105.923004790237	132.451276350205	1062.55879900814	2823.38520974697	1186.56552335318	101.442088587274	14.6727135794038	-7.90441422878235	-7.57703157370385	-5.20866052724014	-2.52827799818993	-9.42913021375666	-23.458666843722	-6.20630348847672	-27.3357525978347	-18.2131003737478	-45.4096301540598	-78.3840567192447	-56.7850372818703	-79.4485468386504	-114.459807548369	-104.250169756753	-243.989581018333	-470.290898543105	-974.545954042086
397.972	-7.22949929742808	-6.45764222948771	5.11553711754649	-6.86645390383016	7.12204504036592	-6.7819713487445	-0.822653408288715	-2.72835668790535	1.62467075542221	-7.53819394908603	-2.87904558813311	-0.931946614297014	-6.83673751468214	28.5740139941057	86.1992756666442	148.021974737403	145.586364694453	192.793268600647	239.1555702487	772.78102553306	11944.8074683306	21032.8181896485	4428.65058861159	197.731981268845	104.596256134176	112.648884164251	121.660092915687	94.454957270735	95.2312781943791	594.035832848233	2412.44647472781	1770.25717441896	214.518870511747	41.1270694931223	20.1484855519653	-1.39116162963831	2.2003458097243	11.6352185335037	3.67101934644306	6.95413168101616	4.17080942064705	-0.500636317868141	-7.16644445352502	-3.77787591162303	-19.0476170569358	-12.2097594645322	5.18559552459351	-22.3273593688577	-23.4075796889066	-12.882517828458	-10.1219709099586	-37.9363826165883	-108.253293118888
402.562	-6.51630384610469	-14.3574579199854	-1.75652784699927	-6.93176192691138	7.70334003714657	-8.08536194878112	1.18639686604022	-8.74383034042165	-8.39586916209716	4.07672732527306	5.03277694456549	5.07739010092528	35.9955888212758	63.1860081988642	115.433542171572	138.507374063493	167.843058159375	204.90477345839	530.313287750613	9094.82466032625	19910.8952196172	5101.00755551582	202.722880368349	103.664182941312	83.2686780900886	98.657190306809	91.1803905039819	66.3513663893339	271.625285490975	1762.21280540159	2173.63699956035	411.4221298085	40.2872862855439	17.4716829735684	9.20942258480257	0.668758669985376	4.23099747971541	9.32212944165966	10.1962233968392	6.26810144866397	-4.9010863242134	-13.9586102111754	6.89010070312175	-23.609287239246	11.973966947756	-7.54646239901003	-11.9655236909117	-5.96288855047021	-7.50165498473855	-24.7715155607401	-107.048257011631	-60.7892096365586	-163.552652615521
407.156	-5.1696785929023	8.85066480957703	-7.66443146699403	-5.89208601515342	-0.565871120039838	-5.94891601834976	-3.13740766028523	-3.29501615628124	6.58337134877126	-4.49201693004284	6.48818559606897	29.0261821165928	57.4242589987302	123.504552567587	114.179791693161	137.355206180875	175.352691039237	406.400563090899	7107.2999664197	19447.8890910906	5792.88501448394	238.894566542705	94.8089699370457	88.4028995795133	97.1856129735565	91.3552312380655	84.9417944148405	140.089098988912	1157.97020333703	2315.12785926542	809.774658382486	85.381551400382	17.590875605561	11.2469260255638	3.14924633882544	-3.64757595703456	6.29370315233904	22.1870008610574	-0.777800502518931	-2.48638420204028	7.0695517667227	16.7064607951772	-24.1775493447849	-9.00495936784393	-25.8441996409726	-3.3260833166971	17.798983462865	-3.5479719046928	14.8785055538518	16.3769698196645	-96.5070731796662	48.226829681281	-560.300142853545
411.752	-14.8297150885535	-22.7081510194172	-7.88075028447295	-14.809379785057	3.61754008618708	-10.9385793965343	0.19285612476078	-4.77578145378655	1.7139352519016	4.41798106610918	14.480527877238	26.7999592294628	105.62877326142	95.2697987440199	114.89607238712	141.374684664837	275.758920521717	5355.31329224845	17776.7418779565	6989.4295531344	278.064036943516	100.353435043056	81.3353298353725	74.4309373100165	73.4058851521028	83.1715392256047	74.2593895477643	647.14941993091	2147.6881455011	1232.2568139704	136.954252643035	19.7586640717113	14.3685846791145	-10.7625970648594	-4.0265440198386	1.30453013677311	8.5971840575361	6.91008543097935	-24.096903534854	0	-4.78021078440953	0.469460305911335	-18.6097017663589	1.18087236706942	-28.8531424197068	-17.9919518124592	-34.0387187683917	-43.0371107128495	-11.7066265515238	-108.722589439149	-31.6388256985274	-136.366918963054	-420.549964229935
416.352	4.1702212261278	18.2524402288929	15.1756246248349	2.85177908742319	5.2037680748322	2.50372600015264	6.64348274948643	8.56152089420728	14.244913804272	14.3493464616961	39.8575553697675	90.0264832771309	99.4554215488619	116.036544384566	128.710697677195	238.934964886262	3849.96186433682	15511.664425548	7472.37938703478	366.58450418756	123.262076730584	80.9040375069603	70.3388004187481	92.3813363838045	94.6908610217481	74.6893218469175	368.092072099333	1705.06343208632	1697.49188547995	303.783082715041	56.9510877074484	15.1571959789595	21.3571827050985	15.594978543556	17.6811872729733	5.45679172565956	20.3077495091214	-3.57951467473932	10.5407873618701	6.01706972067451	17.9637906045861	22.1786162378735	8.6492841584286	14.528049286375	11.494420527137	-11.2688076427138	-9.57192951250336	1.14481606395948	61.9304968699653	-33.6875386220786	-12.4558875469857	5.83546574099938	-242.640255896948
420.954	-31.0528731879898	-10.2190844757628	-17.512132494661	-9.00327408300809	-9.66041837224997	-4.6608969743078	-7.43903944666062	0.328957538640867	2.93829447873145	24.710144116979	67.4529079005846	100.566368334407	94.7950027356457	99.9097673971679	184.847518516618	2910.32568521301	13428.0025129125	7808.74496718339	447.322897084852	82.7766738466585	57.0593858416745	50.5335126520245	64.9785410466674	52.7201420151703	56.6297052728692	173.288330347734	1187.63185520911	1883.6905838821	566.063600794999	58.3943205038466	18.7868017463621	14.0101280188087	-0.282775218226884	-14.7030756263935	-14.0381665768391	1.25799104887779	-21.2236279789753	-3.15642707253723	-8.48343936566595	-17.2932079622575	-9.63841524291907	-15.3922188255651	0.996988944927019	-21.0667782036286	-8.61213077243475	-26.0251339090191	-51.5811813341122	-44.8667703828731	-77.611825989894	-118.434790749267	-201.366733864617	-97.1971538759947	-601.328091237161
425.56	-14.8315330242402	-7.51916082998778	-5.51071825746561	4.56867067840397	-0.526525672686936	2.40664494962493	0.729815332645235	4.03409366912809	19.2777008058767	42.8417568215274	79.8749098507084	80.1971345190867	98.7760828395228	160.827730590095	2133.82840115663	11562.1458152628	7934.84758879486	578.937877562355	85.4604890239761	58.5541193694033	58.3827478047243	66.1019613447091	55.0550292442299	55.772182006617	89.8371895898803	726.547902419315	1809.32325908316	886.483321552147	110.392738663983	27.2537072202071	9.3530463871948	1.92427111581654	6.65807540665934	7.35372668556534	6.73963677073227	8.6391638822338	0.325338733760506	1.03221609475771	-2.89487777906874	7.32609608305038	20.5562515018146	2.66483107353268	-6.84675053267143	-5.02730263563062	-0.649925212846603	-17.0215002417404	-22.0818755579749	-23.1089511258826	31.8411811384952	-30.4765334207741	-89.796863323567	-358.988653638406	-68.5976381265467
430.168	-9.43774290400674	3.5125511821201	-6.36006953298279	-15.5372631165022	-4.13220748776964	-5.43015769063436	9.12842285481854	14.0886233172372	46.4836035092736	53.3039435504888	64.6908503897011	94.895487275537	141.95019741795	1584.91709531041	10385.0650589585	7966.3772758678	693.506643532877	83.4516060176153	42.7279564615492	44.4492160789658	38.0703294547505	45.4561654980693	38.8488869452162	54.7129608421827	419.492003396827	1507.76069782981	1215.26589191507	185.997130087318	29.8366993245543	10.9126966629085	2.69865118250167	4.58447621624005	3.53796393704633	-4.99435286613982	2.01223767852974	-2.11877237984779	-11.8089172079938	-13.839035079199	1.06496192772883	4.53913225701448	-8.06633947617403	-3.04992426487064	-7.67624863071498	-16.9873954139304	-7.01340069288754	-58.4438020789414	-22.5651022990818	-71.2487839851648	-27.1621354576816	-69.1384898657484	-179.119277442893	-335.662762891116	-659.489401091373
434.779	3.92276654650366	4.20474312783496	4.44115024767994	8.34573845462112	-0.51526150249398	10.8337297920756	17.6765021491584	39.9516420994919	66.6455876492662	60.74044983551	73.1671188813404	129.453931168652	1240.22492770301	9475.47398435623	8727.15921629126	840.326468553142	85.8469496482179	61.773629713696	44.5607857108614	43.9993262440009	48.7317217881695	34.8806851863424	41.2743580070368	229.597801463375	1173.84233627524	1444.49151465866	341.537269265144	49.9748048872492	11.8503462529436	23.949162262455	14.5370429968779	4.57325361385038	5.97266687280896	12.1785324299953	-1.43379414746649	-8.15240204497065	4.4573008850651	5.0506674552939	2.1247098926356	10.9427165822025	25.3467692758949	13.4737433697061	5.74309312591815	7.10630783617254	-25.4408443159941	9.8429810889585	-0.900394555614603	-27.9989942418532	-25.7408615223297	68.9692417891989	-105.45096457515	-268.970699392002	147.686224297757
439.393	0.389666499180771	13.2264235745925	5.67205642078777	6.80981293132713	6.65382929361243	18.9498507372361	43.0990816329043	61.3326143890209	53.2419302694556	60.9457486356837	103.603248904555	886.484976561486	8640.3732887154	9678.28535118308	1134.71013920983	91.668512479714	58.6097076185625	51.1354969910194	47.7925968249216	36.2527286556255	63.4304747127969	55.7527373840842	122.686197146677	835.34834701331	1522.53468105746	622.246627288671	87.5699538228092	32.363474927082	12.0452513749233	11.8949038981695	14.7077287411668	6.14617338559244	9.70842364419525	17.3214177809886	12.5334341119193	16.4962458860599	2.84634167890671	5.68600246832447	7.38700326767081	19.1160402415879	14.7871470944201	18.996774202156	10.9343521180069	5.97301982625451	3.79073466007768	0	-7.15522762231124	-19.2549411311157	4.03730294734676	70.36196037758	-34.9164360697241	-119.958818556277	80.0201128701683
444.01	-9.24635234629357	-17.8948598422316	-14.3315114883045	-15.8076471404555	6.83169073958102	19.8923161663974	40.6832701796396	38.3069699269084	46.9262259001908	71.3044512326626	567.286387931165	7030.83828341729	10056.1777802711	1538.699358998	71.1354095040204	31.6825927650315	29.9350318723382	11.2671783004294	23.7849230682177	26.128690995058	20.1344756074331	53.8772176566678	485.201152451287	1392.79058579344	863.437756048608	118.130591684001	19.0586514711045	13.0160888321282	-5.68392859535442	-5.61298243609541	1.58635470028911	-7.39777520581271	-4.79937683517201	-5.16490830383731	-7.32245786193442	-17.7926161537299	-12.507503741658	0.330692427298599	-4.86903794938215	-27.0530819125408	-16.9909339611481	-15.3672378191059	-20.6815947110438	-33.8226746467878	-41.2270441853083	-66.9256413962091	-30.9504978249033	-67.688640482639	-94.4701402689865	-76.8899807433833	-244.530882825993	-447.459485348535	-606.557348067581
448.63	0.756342338977661	-3.3779574678631	-0.611636479047703	9.76970858661783	21.1111834312108	46.3176257076039	41.3112495277376	47.192367024015	63.5692602658539	419.949541739486	5801.49089795376	9948.04238483051	1928.31947081479	82.6398103944539	55.1390828289308	36.4524011869064	25.6097920289306	35.1642585467703	31.7519117516066	27.6205012412618	34.9915727559813	261.674884207517	1142.98150547066	1097.89121173306	227.497605541101	44.4315718727866	2.67253466785931	17.3014237315064	10.6271920611329	2.36127254438129	8.56430664211329	5.70551694221223	7.5899613303924	0	-4.69960842845857	-3.49300353200705	-5.2178163702036	-19.8008258598639	-9.2173930548427	-17.8245751354751	-5.81794049234641	-3.35206566811185	-5.07520105173448	-32.1459639244508	9.1972658840142	-32.1167749506482	-2.60405449619457	-39.4501476988736	-13.0606692337228	-21.5640796474272	-76.2443688485361	-100.544529650437	-375.354177730811
453.253	-7.47674641682923	-12.0212856444699	3.32544912481934	9.08964474749488	39.0377714265051	32.7690021014883	43.7305008854517	60.9479817922558	300.593880580706	4376.67347400972	9309.74796988247	2440.13259356729	92.9272584917181	53.3235678310206	25.9800615283946	30.2388721596296	27.7146899669438	20.4642992796628	30.7725825994318	36.0802457840034	145.088218631395	794.764140151896	1231.67146477419	421.338304977497	62.0102423005976	23.5681091485559	8.98248506064674	5.26250741330204	2.88898616658746	4.14971078583832	-4.36135490859467	7.43471894278146	-7.76170368843225	-4.22038874066678	11.2044578800622	0.287747803871531	-6.97849777883166	-12.5144657875215	-15.8612145651819	-8.98995161855354	-12.6527869290252	-10.7693655326042	-16.4194008648043	-7.29321291977574	-13.9408597366567	18.0390432451159	1.71614132210448	-12.3151731383115	10.3287949767956	-46.1867356013832	-72.5791029996357	-10.4623460492189	-179.128847105536
457.878	14.8094952525512	10.5826882892755	29.9402369335416	43.0413586971424	39.1481621520125	50.9030086969133	64.5427866605009	240.102928030337	3647.77268116459	8481.24337622976	2435.63109931611	117.089955296304	58.9540863853374	30.6974838305882	29.0091800655952	32.9424491347466	36.4211271187214	32.4831015670885	28.3429143622548	70.4998565548634	543.678769232754	1217.47785130125	620.610734003937	105.327466228691	33.572496063814	13.7925009396764	5.23293321506227	10.163070586282	-6.76275625952131	1.02743758374641	5.33567553973254	7.87092657875991	3.07478433846078	-11.494306127254	-0.270647862526592	-0.569953760338266	9.61571752472186	5.72028705873843	19.0507048152513	5.34202867370061	5.69588383862603	23.7926257587942	10.8408580239182	23.7326535029369	7.20345052373339	1.42922662027317	22.9448079528478	29.4750726162224	48.5893261799238	73.8908768868843	-44.2339620588134	93.2543715926549	278.777542797472
462.506	11.0147451589672	12.7903835005787	36.5202109649893	42.6833901052368	54.7374161641598	50.4796559288187	229.619414088788	3114.00117679717	8151.39839891186	2770.96388161338	121.225971706675	55.7862303245131	39.6812945695132	22.7026407831865	21.0130857542165	20.2940505858289	24.6022644417653	34.6908632351432	40.1963047654512	286.677354799903	1050.31824315296	889.784194102257	163.667613649637	35.3879308533498	6.49624948234568	18.1493761961274	17.3845291487916	13.4380611155485	-6.19062592566227	9.934202244125	6.29916609310938	16.3662981061811	6.09842362698033	9.58527860230422	-5.36793848849292	-0.565213539508455	-7.74779283628495	-0.630301364477761	-0.662886418627657	9.18250634445334	-5.64851201814709	17.4926565333734	12.9904245952744	-7.16290903581606	-5.35765537117033	30.4728090239893	2.52821993229648	15.1189307648725	-24.0926079829583	-1.74467470073832	41.12444508915	102.754209805914	-50.2652711547919
467.137	31.8980757960992	34.6442649766089	33.7096793273089	38.2834342649772	56.4203007037929	188.898819366088	3217.08714741305	8109.58376547436	3054.54875520414	140.977476571416	54.5912175996377	42.6147030888084	39.9590006830291	42.5342511527316	28.15425324838	24.1890434947072	29.1980795050878	30.9868926550892	140.236466995984	697.157315849717	995.626901270343	291.251423929355	42.7972354967264	28.4566304031876	5.0773098670092	10.387265153859	20.493056218746	13.0116406018004	8.65826456477056	18.609243756958	8.70642192970559	7.70597169135808	2.00689637847298	1.53455649394305	8.47922438035531	6.41710302261263	20.0051669113287	4.35586992063558	19.6331050584518	5.92741623216936	9.66595481604591	18.8761659106624	33.6099259284973	24.7506207123726	4.11394915223497	2.09891042042263	28.2879273464193	34.8278349915179	-22.5336390273998	-41.3384624935674	146.16088576574	30.433331255967	0
471.771	33.0946266788338	48.5190587124512	36.9443769985953	53.5722647547695	129.702169496633	2830.96041450172	7769.98731229665	3511.72873308998	165.398829466953	51.7616167415073	36.4649252106839	28.4412737460579	33.4349550482151	35.6393092586563	27.2050786498924	16.0035113402505	5.38496622370414	66.897933536309	468.739836756862	979.301860701146	444.720634968998	59.3198010624736	34.9600139798682	3.63490694590033	8.22109387847838	11.3391825906042	-1.01686800161668	-7.8489474658275	11.1196842947996	4.49218212649159	4.19670490655488	6.66066091875765	2.24060508501231	1.77671396772183	11.0444294543234	5.53769480203648	0.291958492183758	15.1297165535174	12.3398301607176	3.11420256981456	-4.05837284509853	5.97853853090358	6.1442636687355	10.5268189885175	7.58214485794858	18.7466753597417	27.2473328020855	7.90016690039384	69.5720339813375	6.83739885631568	91.3280466725983	105.707398079256	948.015032070744
476.407	7.5203948039053	23.0313610090238	36.7790099395046	126.256458307134	2017.49573269456	7602.58539737201	3512.1805251142	188.416348898292	31.2255584919607	23.8979367429399	12.4462985931653	20.9277151117458	13.1593032849829	7.80051984805997	10.7357248025869	-0.724176267218279	16.3378667514585	229.335126585153	808.00057899302	659.805840651021	107.691085197683	15.053051552098	0.28763247228085	8.90741343048853	-7.65627631014918	-14.1105339664256	-7.84545201927097	6.30146348490708	-6.54131126742208	-14.6584668413338	-4.17791999787189	-8.34995557510189	-13.6312971201178	-6.0643241221935	-2.61785556762652	-9.09629733603972	-13.369976090609	-14.1398313769094	-23.9226338009838	-8.95631550552358	-18.3645778445612	-9.12605950901812	-13.5442571082903	-31.4390993972998	-12.1932564130978	-3.45606725871938	-18.905561445745	-14.7465091726464	-54.419060121291	-18.7186832624751	53.4819131642262	-175.390400402202	4706.6012929765
481.047	45.984757626751	52.5380435431218	109.830796833983	2122.96936210907	7606.3996448898	3843.34935976352	219.690627155517	47.9283313004311	27.237061521089	22.8590614207458	31.7989318322992	24.5078793948099	26.4546969245654	31.3093975399633	28.9020402019308	24.9895950229264	113.840353395604	586.745920654409	798.718240901972	227.811363571057	31.7620716940869	16.1366016416113	6.58519433223469	5.81867060082812	4.99316648799664	10.4705009675141	3.02301546177884	9.78518110169648	11.0191219508776	6.92464341323462	11.497724590255	12.4674682087724	16.7759163881985	9.30627181280281	3.64818256252025	12.3471313257129	1.15727250690804	-9.79127441599948	6.11411663268433	6.51497093650867	1.09681920285809	15.798588860023	16.0915568936795	12.4185932152958	26.0085278853804	14.4488845726373	41.7286913367648	13.7002612079346	6.15561161057337	142.286842536992	183.666045415543	598.579538084827	15238.4736819713
485.688	39.9930828374039	82.6099547989581	1703.41404395112	7399.9702237534	4724.55519013712	309.143290528198	43.720771088178	29.0362067296203	23.9133415779303	24.5736621369881	19.8566377285286	25.2863198869272	16.7232849927486	15.3051362973426	17.7601679366063	49.342642995984	361.450836523656	761.799167196479	375.646203826622	50.9183780301411	25.0860338148953	-0.865940344618342	5.4492537182594	12.4899200890197	11.8461609351188	6.9070092440195	7.82282265471902	14.0745642007406	5.26812748829588	7.43195901688848	2.69556244677081	14.4478350125392	2.22414203555662	12.8495184886438	7.56988346798031	7.97065882512549	6.08607931330351	0	5.47988832460291	9.61744212631833	2.19739286282909	20.1776762977378	11.3269336758096	6.46872090396094	-2.89478244601918	-6.20297748637036	18.0314203656542	6.86185474296093	115.923564842086	118.775307821374	71.9923279376448	4082.30403098142	23367.3566659648
490.333	82.6016046878839	1601.49871497681	7107.19140529161	4641.19160506313	386.555246694741	30.0560735629551	24.2511001822243	15.2582251859373	15.1074615289113	14.9140496002774	13.0492236134202	13.2755281298214	19.8384895896628	10.5527658359829	29.2358078223276	199.094030715821	655.094054067784	518.858381529955	75.0581706521742	20.8312418051701	5.82078283071113	5.49199287088708	4.88249710087587	-0.555887343503533	-7.90853450543018	-8.45375889543637	-11.1189585669102	7.55053679989051	-3.01458734775269	-1.24039983607179	-10.5520007217286	-6.62100888272612	-0.989896171399085	-11.3537371518826	0.784191436144367	-5.2294915737733	-4.93374703999211	-8.90101545495284	-0.32279918615471	-3.43962577502104	-7.70167873013554	6.73534025555005	8.28900220123504	-4.98292907737055	-10.4358559470359	-20.7056369384343	6.56609087073043	1.96328396913361	92.6221338587678	74.7636413653925	275.023194397293	12289.1344649628	17366.5575320694
494.979	1249.35602640781	6796.71178728961	5180.84353182191	412.582768579792	25.5900285738662	18.0279367971517	19.0367834857413	8.20229796631044	15.7453475209007	14.1638630801861	7.04020932908529	12.2882654182576	14.9385485802967	7.53530433262939	96.9347413737573	456.85570888219	609.783634262158	169.145231187022	26.1884824547538	8.08120710281111	4.28764048062603	-8.37986251142636	-10.0490185638384	-5.00140273181091	-9.22370352075683	-9.47545717349748	4.04197803864411	0.251604906128165	-15.3193025183672	-7.19204217000997	-3.43444783046546	-2.69659436705338	-3.71093582307614	1.26112709864757	-6.27154602349785	-3.30179149195747	-2.90128564308792	-1.84100657285362	-6.45394051441866	-8.94019669961922	3.29967483439215	-7.52535082768742	3.05287642707602	-9.4645689241695	7.53462173874144	-1.37993893051264	-28.7175560657198	14.7199696744595	79.0125401890297	135.890872634107	2818.76290182113	19093.1517872732	4220.97685199175
499.629	6258.81328915142	5154.31306160365	486.171034258593	48.9238086917652	27.334964051185	23.2799268406714	17.3252639135821	10.7401493870133	21.7447017701211	8.90220800092164	12.5696985600711	14.185248391537	7.68935722402159	42.7429039951469	318.963248356464	602.829322724314	285.02814698552	48.016585777571	14.9340938069094	9.27924231905249	1.8286473025874	8.05165761935263	-2.85722194191224	3.59460394530326	7.86768416769644	-5.35187690778126	6.78775414277369	2.75422973653972	1.99934396878601	-11.1059346464974	-6.10319532525733	-6.8307649549285	-1.23097876572966	-3.0120243043839	6.24112651198259	-3.83340589337938	15.0135088741993	-4.88553854186133	3.85358178991707	-7.87027549023279	2.91881785698807	-1.97074996326677	-16.0583634085799	-8.92294292083512	-16.7264767931678	18.5388165948649	8.98174024324832	52.7348589212133	89.6865426948786	179.182065363319	9679.6882326408	14669.7925869098	450.488772871109
504.281	5590.10533949276	566.82517026856	46.3635316817027	44.1039561265845	29.7019269019581	27.1523293471877	19.4502678282305	25.2295779285781	18.4060520700221	11.5105598719269	15.4705071127877	14.6895489376639	36.4338768195098	190.665073335139	537.896487178643	414.783137602772	74.884461792801	25.9023259460731	18.7601769968323	15.1717472836813	17.0850000721515	12.6656710049291	1.43008627825567	2.49114187686546	19.4269955804995	8.67389173544088	1.00663166889092	4.26093253382672	9.00633898962872	15.5643650337802	18.8172538795187	4.15153296055462	7.63994988166625	18.3420699195555	-0.260315484968081	6.85243678569879	15.0290131225106	3.36227634303147	7.07219577516008	4.79554966293664	-3.65229010107334	17.3605091457467	33.4532673820245	24.3153177035556	35.2196120697378	30.9299356349279	46.5898079296492	117.309594443184	129.134409339682	2137.17596877562	15672.6123380796	5217.21552514172	-134.067401408729
508.936	698.63659130117	47.4680550196295	32.6606058245304	22.8811379424447	10.2376983960863	10.4224111733547	16.448006243843	12.5501448999698	9.23548165694396	14.2221165844522	7.38778992781765	12.4221319099395	89.5968844729457	407.754555241691	490.967465530959	137.313725281533	20.2035847788002	12.2206304718006	-4.37438463210664	-4.62061229753165	-4.85641387441568	-4.86847784895436	2.84551569786466	-4.95675220719894	9.14135798228468	4.5685284708821	-2.50368304639163	0.249358678088557	8.46239817842687	4.91574792555584	-6.07819009451222	-3.1584330231153	5.3941155711625	6.74928860379702	-7.51046370207307	2.72692868099043	12.076613322741	-6.99418807429864	0.63963223130388	4.43019109836661	7.26714812510209	7.45816750325561	14.2636445278758	7.40532081761493	-0.574411972870859	18.462861728276	71.5595312534971	100.174748923929	177.414631757535	7254.07725195396	12491.8279268461	708.919437669507	194.007821806912
513.593	50.0147179150107	35.5511524141673	23.925649305673	19.5364934219336	25.2139689810643	21.1464360910235	23.566521663158	11.3428219942741	13.9309037096329	16.159251605099	11.0171904896629	52.5473423804999	293.111486395658	516.007536937185	246.694769707791	34.1879971219419	12.0516010475056	14.5265850658859	-0.579856814649234	14.3936583581148	1.81055624462255	13.3815738941836	18.9539988638653	13.1410782891662	12.463756946797	7.8222300845483	6.96951314611045	4.95814866348208	3.95912837069459	5.37585258979821	5.55939033254132	6.52164486038945	-4.63144199262323	17.6448367869794	6.95180496765615	24.3995238281537	22.2974672650784	13.9069650667664	-1.58977407417174	12.5356221645702	1.0837280972132	22.6345355451487	2.57829661982127	17.6693340513174	2.85534473615384	41.4696289737589	106.714591897397	166.308538303931	1379.42962317899	12338.3211584579	4931.3558688365	359.789735148695	554.526302350959
518.252	23.4814997026906	26.6094387328262	1.13366825755921	17.5755627517696	6.90521999932436	5.04998367965364	10.5284305427801	7.05411739084665	2.52033429815714	8.03956954120503	23.7522365167617	153.487143393972	452.764837941152	331.217914875814	63.2782193898586	22.9152420821744	8.74405945977243	3.67934427483455	5.48132962376918	5.18040605575549	-2.10184341759554	-7.3658731485528	10.6967339189565	2.1793214878597	-1.5502456915584	3.76618544070254	2.22909443891109	4.44021093981939	-9.35631309072429	-1.4588729431677	6.73440004884467	-3.36482874620983	-0.24255161840476	4.45116148654527	-3.07437337323389	1.34880881162998	-12.5157003717033	4.81322388776094	2.53102795331448	16.518925642752	9.70519780594124	1.1649476165695	-4.27585705069951	4.88381528096688	30.6848393501506	89.2926669941553	82.8568941724749	141.431120809327	5485.52177742142	10939.8547155208	777.254187057151	152.029949456043	1031.58333772229
522.914	20.9056148008905	12.1378582418259	18.0329440363248	15.619890364734	27.9175151973019	7.1124350827389	13.6388834341727	12.2026062143116	4.38487143035352	10.3541783382949	88.400235808554	329.85811804522	410.711030790434	107.232470218453	31.5733513504693	12.2128416051781	9.189829362665	5.22556256742301	-2.58128224118023	12.1181280671075	3.88066663641724	7.0412791415949	-1.11940760520341	11.3747345381828	9.50411477340615	1.49769147256606	4.67843096594082	5.64052591623475	10.7704659391835	3.38419142449435	5.26046610465184	2.8673244733708	-3.13478813735992	2.95014089028755	5.34878725429001	16.3595325712805	7.91810356714469	1.49536341332422	15.0976327726907	-1.67577762784707	14.294247059476	10.0373520300153	2.9756502437946	5.8264113239157	32.7656473861445	74.6492601572027	97.5690152214789	960.333384516237	9712.16507169722	4783.22158272256	239.361949787671	287.660436087772	2027.28802219171
527.579	11.4970063189184	5.29036348319448	22.2573209713877	7.14741287864432	8.69480134221315	17.3610755659123	8.8802977990624	0	1.72246598487544	37.0535727253933	212.100242765172	407.433455047059	199.060638039617	27.6623951054345	8.07062363911384	4.9316450620251	-0.248350397795365	8.88262054612426	6.02242521034976	-2.72632227925235	-1.19393892794275	2.25299732741793	-2.79825570851832	-3.79122144086401	7.44847016784305	5.24142695700545	10.8332418202545	8.33738423176483	0.244760285851421	4.3506938774513	-4.30361276951593	6.45087306414498	0.48222972219827	-7.12883635699828	-0.509360381190527	-3.75429355587179	12.7243262826618	-6.27993541956011	1.25801769003878	-9.04834777762035	7.14645107773443	3.47414110783039	4.25052896220517	-2.91293156693541	71.7387189546467	85.4014779415493	95.1608228955566	4224.49547960189	9118.05999481607	811.200434837336	189.910633817015	555.766174390512	2515.98544824387
532.245	1.04581063294185	-13.7009359245826	8.73913522571552	-1.85414679328243	6.18159857971508	-5.44167814325295	-2.6974250886493	-5.75356873011488	10.6543718467951	111.591023558001	357.818783839229	290.719486054369	39.6853540845577	5.63378333520097	-9.50055852427608	4.93460938505496	-2.98199612096148	-6.53526450688393	-14.6346811555141	-6.66834916604867	8.3625960819099	-7.32664258149159	-3.35992522755511	-15.4449654085889	-13.877901885942	-11.2383803236143	-2.95629640549373	2.20828121027832	4.89814813702426	-10.6414220029011	-16.0286318207911	-17.9298626882395	-14.7168472448854	-7.62506077712054	-9.68366442230346	-2.14660011092281	-5.65865539823572	-2.99224294078177	-6.29386930907938	-10.0597628627916	-13.2288813594293	-11.9736788773284	7.23024259364388	-11.1729494976184	38.9995822571428	63.2485374472287	604.114343496265	7784.17492375477	4325.79595175558	82.8253094703395	70.2831399085932	1043.90745948918	1992.52192520419
536.915	14.06132308204	8.47804505552894	5.96980929289907	8.01312147335344	0.461744178019138	-0.633162456283042	-2.24007677926546	9.19816514373344	63.1994539429885	259.695926531223	338.223241532459	104.165765267698	9.62478787194112	3.45807762451948	2.15558946803242	5.92390235906385	-4.0094075892381	5.79936227685838	-11.285273615801	-2.75088577826392	-2.40939205316114	5.11491663904111	-9.59978885464246	0	-1.81410529227334	-3.52576729062505	-3.97485334099031	-6.68051631865163	0.987862065400614	-3.90212672756691	1.68870616105103	-14.9465784878649	-0.486574494419335	-7.19306543444131	-9.76504228664958	-5.14101840596587	-11.4124172089403	-3.62086634659059	-9.20280288957189	-4.39586390386632	-23.4352262934287	1.55797434318057	-6.4332377877033	47.516684650442	54.1463102009638	85.492413219419	3237.9918606317	7924.8628814953	806.141518981245	113.589025310196	131.247727619323	1603.61542482401	1167.05888520429
541.586	17.7763732243668	5.71625272115203	3.45008161586279	5.40278178836838	9.33981736399253	5.76321238733396	7.12023790760239	34.205245110584	175.773329685008	341.60764582419	170.724286176269	30.79819353206	10.5026377557168	-3.49737094488958	7.99363738325525	5.27226855255218	4.56183623469579	2.13282147726556	-0.585307975280658	4.01865164204769	0.609192351685897	-4.59825442695533	7.70998419876588	-4.69788479982041	6.02836092636139	11.4615956336938	-16.833828146839	10.0095191848998	4.74566281792511	4.93308209144304	3.90375892762034	1.95050489466893	11.3183764894487	2.75940634287309	2.8588421512357	7.11501574853829	-6.92525628826252	3.66200939681164	5.13510188584071	-6.15574117180718	8.02205131267516	1.96959654769183	20.8202788839646	53.0108947599875	110.675998892393	435.75032162079	6450.82747799435	4046.49561081178	180.495967909743	152.046675809838	618.56404098977	2059.63340017724	584.075826821814
546.26	21.1112338294526	9.58845467257632	4.34038077095229	1.35939567783361	14.8049651972464	10.9561882405736	22.1497681978785	113.791637214696	298.970359107696	254.824625946852	56.3765022841729	6.39611841317375	3.8671786706413	0.754263975087679	7.06995989493532	-2.17072996403874	16.8344747173493	4.29311922836118	-2.06177341256956	3.73341874286694	13.7951176645813	8.38802008458645	8.90922375702673	15.575066777757	7.64993697056693	8.97199580437097	1.26434774897015	6.29624592022188	10.055223247023	-2.97891452345236	19.3989644820549	0	2.47636554689931	4.79694813481036	5.4929448058283	2.4787542735837	3.19452096420155	6.44979560316579	3.55312278957074	19.9629301963705	5.50481163339411	25.373226295453	38.8529286532014	99.7240255806053	118.350701882337	2464.89820071514	6833.21881509645	860.483071716485	164.357777400691	56.1095529977616	1357.31581570856	1326.85635120523	146.959508195952
550.936	9.37315275809568	4.18621432715617	2.62379453852276	1.64353089897627	0.947060176886678	10.6056216996156	72.6916866856112	226.39070696058	284.851398919699	102.244590134604	18.5853169999684	6.19632086277654	10.9094539053631	1.26655151220582	0	1.21502171182803	-1.79888920979128	-7.56940497209228	-6.82529573062609	-1.88073432272541	8.33925784319287	11.6566081574338	7.8179462343955	-7.0053952186284	-3.72081979758115	9.81421022793867	-4.0763105280137	9.13471321367957	-0.759807757412997	10.0043189626599	-1.23700713181513	2.22504479305532	9.97988385538933	-1.78057472562293	5.00714633532257	-2.21989123333406	5.26667240087003	-5.87937282451927	-4.23069411052532	13.1774274498252	2.95795752318592	19.5723305340302	45.3024532878285	76.3596864304495	302.19129940671	5194.3713500364	3814.64097738855	108.863339451801	73.4583844761549	279.229446838259	1706.70003653855	438.882262244595	-74.0318218102501
555.615	-4.6933780280671	-3.86980596786214	-1.75173497542458	-1.37159680219696	-8.06169452082266	34.6808610131525	173.365755297375	297.932372454329	155.12693606013	19.7633505640308	5.8555518952315	-0.248212544425598	-5.20251754478523	-3.55149105924249	0.245979849511788	-6.0839253910514	-5.91921410715124	-20.8460738282341	-1.48591332880349	-10.0451404840699	4.94895445627871	-5.54492458608476	-6.66939727591098	-5.89307223093249	-3.99237839978991	-1.55186110020524	1.27569577984539	-4.57398523167655	-2.79000505582554	-8.01507062000132	-7.18505395326073	-17.08343407974	-9.49464931970425	-5.60421362786852	-7.12574511480476	-4.16833682117927	-5.56733349835552	0.309889767594392	-3.58501349934769	-19.1002724992074	11.4787203775662	12.4004655971408	50.6538165819063	67.414789577959	1733.82916408066	5909.89931760072	887.507540710712	55.5017696788062	82.2930452031379	693.082308482644	1474.63691937295	121.246679727499	-74.1392645205538
560.296	1.08776045961017	4.53425363075158	0.293215538025003	5.23455648194464	20.9555914290137	109.063001096754	269.339990558506	226.091940543337	44.978838288317	14.5556575740458	13.8619257499081	7.47850539053143	0	3.82158724555325	8.39940027782285	0.244407033968193	13.181845563537	4.07844523650623	1.79078956142772	-3.15265077861528	0	-2.34477869667159	-1.45612475730121	5.3548326189323	1.33653480339977	-4.41591136498823	5.89352025248045	-4.84892742135805	-5.34935511840188	-4.27637838818574	-2.73712449131897	0.994617065546248	5.01874532096423	5.62839426222304	5.03604903742699	2.51179322615453	-5.00279132038361	3.73472227648812	12.1107116526991	-2.44143262376689	3.71878964079415	40.1740973617559	81.8381665700203	222.82237767976	4090.49158696053	3540.52388181527	133.99182016879	39.8151746354859	210.377025015116	1135.42562779622	798.710920104873	20.2949709452635	74.4591549754375
564.979	1.46350402830542	1.63406638333387	12.1308925196316	11.1200873366197	61.7550234722444	213.295093626076	241.307593817982	86.3084261386999	17.1022956176186	8.01147188387421	12.504132351537	7.29480138236042	2.89979963103985	-6.17000731619775	-4.48707970285894	0	-3.12974681884468	-12.0719650693829	0.301172435741967	9.54374965145704	-0.940386696275458	-1.18302461645373	2.93866783242328	-8.5316979481783	-0.539463643341189	-5.76654950487824	-2.58564478717719	-5.92300141286854	2.82746174392285	-2.7921696835428	-7.03042880076917	-3.7636488066756	-3.79820445326502	-4.38866741113179	-2.67459646871951	3.37943843451051	3.86036825956922	-3.7686016125746	11.8902875686959	7.3907398530088	19.8883795575277	59.5916458125783	85.7052269114076	1418.91159786521	5087.42206461398	987.967096030279	83.1399047807802	76.3350761939171	347.49106251162	1316.10662393845	292.329942698919	20.4790757034268	-538.464685444442
569.664	4.05405865960831	22.385768917491	11.6234999355794	49.0060465149777	158.541834866375	266.853163620377	132.859066792592	26.8532941054402	17.061676642219	10.183622793166	8.53935274680546	11.4022720821396	9.29408760600626	8.02785544141054	8.7886614547464	13.6634924138036	5.51709761053114	11.0547441899592	0.910122578196213	14.4202805562942	16.1034455902548	17.5771805691344	7.99240854750374	9.45347693727195	5.97748202268641	4.75257808831458	-1.30227372579645	15.0454577739306	5.17842225459003	12.273085845078	6.57598090362353	8.08781527443086	15.3038867186087	13.0022096686864	13.4707471250292	25.5310816650168	10.1701583095115	13.2865334835322	23.2890251479745	25.5249282433796	43.0915180314505	78.8113499658581	154.228137081506	3506.7035823688	3251.2857093251	149.385165777002	109.12580259029	109.269188811404	888.443430057899	1061.28305950109	156.865627744014	237.231089914926	151.36777554707
574.351	-8.54927824516844	-9.9606718113601	9.31833408708881	98.2867864641056	225.81281542221	176.301664262649	39.7592470227023	5.38673693448475	2.84012644822021	-5.42611181359177	-12.2728122645221	-0.511108559967799	1.33909995195642	-12.7978849705201	-6.83789972785659	-2.25499619085813	-9.80386606914084	-10.0344940417625	-7.64932150668718	-4.84793432596036	3.18458545194148	-4.8075239657499	-2.98550762073382	0.866768573196689	-5.48062220756621	-8.25510730295526	-0.78805730931446	-5.23252944475518	-5.48391900897288	-13.1518541282815	-12.754442269324	3.82363806828415	3.0869956012625	-5.76997742745108	2.71722719105863	-16.8804099552089	-4.525268243588	-18.5052374515692	-8.72430601312464	-8.58119058888513	55.2788777108553	48.5979262454365	1040.77405001159	4407.45960773801	965.479804107647	45.1994344436767	51.1909587618328	152.042325856362	1055.23806218856	408.013807630439	-41.6340316316883	-72.8192297416334	-305.328748100647
579.04	-5.25075238726311	2.68008920970591	63.0858276446513	183.239353887393	225.628633653783	63.9498525874089	13.486189782422	9.20968949423955	2.02284165312635	1.95534139489819	-1.52075468204476	6.70422210689074	-9.45807865654234	7.37890706559212	7.66605808354318	-11.6292852104233	-0.534709042158551	3.93743050185546	-4.32217979688392	-1.30441969401611	-12.8530082138647	0.606349966430324	-3.91609684495901	15.7422769510275	7.1889440798637	-4.03036310879959	-7.68646106512215	-9.23935419997293	-3.42536595306919	4.16321343927037	-5.40508651474528	2.57203814228215	-5.97000215054838	7.40971240022081	3.8383614999285	10.9699958066708	-7.61000539192609	5.79470138531116	8.80283937573399	16.9561031930277	50.0064994649622	112.199618799622	2772.46839998363	2950.29640754157	119.795028453906	50.6736722647353	77.4776446617631	487.002582091574	984.428343665105	92.674043226297	162.434056172602	-62.9783354932373	-243.894464324393
583.732	16.2307343488096	47.5394975311059	133.696116337478	242.635505758813	123.949550269867	19.4892833675485	11.1673915480453	3.34282810762301	6.10744203374789	2.1646689658545	9.62033089315369	1.03803321040906	2.17571033797675	0.530444824226845	3.34326201681513	13.7393175469658	10.2246238638737	5.09487557088534	2.79636278656105	13.4560447806747	6.791102723352	-5.79726528617797	4.24438057212816	-2.93393170319082	1.94789708954507	-2.70413971837929	5.06825253121877	6.11051225517292	5.83394749821804	-2.61869491810841	-5.43974899949608	4.40050518785591	6.26951729139313	3.19595589707393	6.07039191672976	7.84445616217999	10.4159787232607	-5.18387772984371	15.6741310073753	57.7299961582163	72.7808565589231	717.663918397368	3860.48020362121	967.296563058237	66.0955979029155	72.1266471282951	144.68602407783	904.608320568952	610.088138568553	3.58724446617401	-70.4636791833366	0	51.6754830325841
588.426	23.1434496147476	98.6181853694144	208.018959040788	179.885899968199	46.346446229367	0.455570881913047	6.56221608508844	-2.2909265583828	-9.5493414739605	0.791201934701033	7.47213645009255	1.82590358194571	-2.73362936998254	-4.26539000263473	3.10196470194693	-3.83611134200157	-2.16362641205174	-11.3801925877323	-5.62149790551848	-1.31953860878271	-4.22564394946994	1.2267557670423	-0.914189187792264	-5.89805121269854	10.3489964096451	-5.16429772429611	-7.23930630623076	0.801123703382826	-7.72976653647685	0.789650116291354	-3.90552452050707	-0.520369885179168	-1.31286905125609	0.803099452433042	-4.43754301897534	0.292030101715578	15.3964187657642	-0.976977506978959	12.3298185378542	50.7280009211321	81.7160097364256	2209.04769326914	2720.35823020509	125.829773837955	35.063250894344	48.3318065539001	295.214954274407	892.597569229343	238.477087961361	-1.80284970087694	76.4922815086341	26.5451198916972	38.9559995170871
593.121	67.4899487824123	177.106677679486	218.618562684138	81.4116258705563	17.529483064509	10.0727072869631	10.4132370617407	7.06066024845821	7.88334989599248	3.57822321428026	8.61386495197062	9.69949445845838	11.5386897652522	18.4865312553728	-0.519580897515007	8.48167172272349	5.97974332650035	12.5808467306052	10.3576459713557	-3.64688753380741	2.94008328188773	15.4111730076625	5.51258000523529	2.96378105859163	-3.65432727272762	6.55596289585197	1.6167840403929	-5.36754751029809	-3.48240522733644	-5.55520791945022	8.37347374062191	8.36757690179437	8.44440315341365	3.22847104502823	21.1837947797199	13.7940899056857	-0.309469095214851	17.0190074565928	39.9282014533482	72.9883588866649	495.877821882181	3321.06780788583	1007.61919934149	46.7580838808421	50.694255647566	117.018301996375	596.009718594977	770.40708275703	89.5471481496647	34.4255349581941	108.194459513761	250.772621173077	665.565570219991
597.819	114.314689613856	183.660739029566	103.301107637842	19.8202426085449	5.54260201333602	5.52744874290773	-2.61906157704979	2.47074207143786	1.0344849259749	-1.59994427247881	-5.77732427597453	1.05493891180221	-5.2514683529866	-2.96496088965453	2.61362409552813	4.65435998147216	-16.9539733713299	-9.49272894207193	-4.73650856491124	-6.0037435835229	-4.27248376044721	-6.51185814892153	-13.8648399114725	0.298171454172108	-13.5745446204536	-11.8171744295148	-1.89766150745236	-22.6801087608838	-8.0849465607823	-16.5003310734231	-8.4241406242728	0.526138006523871	-9.55743662522271	5.1426763811559	-10.0951462312109	-23.0308380925584	-8.09488304382398	5.26830382342194	39.8235108052314	67.8950778528183	1671.71449327473	2609.68604349368	98.2827323332313	35.2807585718154	24.2565734077264	122.909287443331	785.400239068581	333.827153990828	-11.9235424215843	-47.393675426142	-97.391327907071	-236.186398123183	-13.1292711279837
602.519	175.910756874343	164.381793181419	42.207510419799	21.7383709944315	1.01565504201983	11.1416610626307	4.39936182599759	5.1359003744682	-2.95404468750663	3.225002642662	-2.23948738259041	-3.18965557450766	6.96405806437976	4.07486069231144	11.3267888350762	1.04241986551558	-11.0238938230681	0.869748359105072	-6.36491028743307	-18.8249087852569	-4.30601604542925	-4.06278847900835	-16.7683885459242	-3.90665121115775	9.12072231242374	16.0645441766894	2.73222166978983	0.272120380734939	1.62968013779051	-3.4869004150147	-2.65320527904082	3.97700522441215	-3.74595180048308	6.54699576131758	0.847864772379275	8.33236707248224	11.6100523399103	27.5438183564119	56.8885064006126	332.098680197037	2832.77476914472	1089.76341012276	62.734261667139	43.6389428004815	33.8496222451258	336.549056884891	748.0815994031	116.748230264325	-16.0228313285461	49.6027813682869	23.0954580750011	173.120065653735	436.666404201159
607.221	181.78964586071	70.3882806205479	17.350855131478	13.9314192133572	1.02482203609543	2.81055557824609	0.887813826055191	-2.51260870404164	3.50671411536934	3.66087435464793	0.903880126335854	-2.41383332805302	6.46476045524748	-3.5634205948203	-10.1000650631419	13.4108124922251	13.3480705704832	5.55812347711623	9.6335370531315	-8.81902203792358	0.66844320600465	-4.73014381665473	5.95324006809453	3.63868750061927	4.88911669104143	3.07422270053274	3.85963462238271	1.64745874008509	9.59226995984906	2.1651520736022	-0.803145691327942	0.267526697748272	1.07993189263831	10.734891305962	-2.56655202725716	5.40486802808315	18.9970396990345	38.5075705710621	65.8537878255427	1345.26262699354	2483.44514417572	171.164039464252	25.2250041323652	66.3210294732019	55.6602259634747	591.076535486443	459.347111087244	70.6811786088809	-39.071333971398	-53.7579240525578	-78.6506985053153	81.88246631735	-587.476830135751
611.924	98.0700870368019	33.069743596883	13.6955865412352	10.4741679646862	3.88001772559994	-4.72927876615172	5.73661712157247	3.32949340278886	8.49699944584879	9.85615540784436	5.47540281294114	-0.541562709368392	9.93222689715085	0.83023105609172	6.44029562937246	0.530968670579916	3.08833162415267	9.45101722636467	16.8586132521925	2.73962457715835	8.43584348145748	7.64096683611312	5.69411569402714	3.3675200079991	-2.0325138248113	1.69296460002747	4.7317421026598	2.49493819944733	10.2378570029746	0.273245114055872	16.7578676186588	14.8553813514556	1.36288862465715	12.783355387079	17.274790932696	9.09468853664058	39.6378739075918	43.9486580527251	222.925978246488	2405.72304901016	1210.23197164191	40.5839464827903	29.3115779129007	25.7954597665647	218.39484634822	656.813077987289	156.395305987665	6.48731646606244	20.4035382739864	101.06301213728	-64.7016695662143	49.6016532880365	80.8804024334201
616.63	13.9386277324312	-6.75882709317871	-6.7631066645386	-12.4065236471953	-12.2929204099719	-6.4557015407934	-13.7763522886988	1.28251842270313	-9.84468451806284	-2.49150815272063	-4.84438765845271	-7.11880121486317	-8.89518619105547	0.559657691882055	-9.49680164473598	-11.2746469810167	-2.27109861112998	-5.67409938809337	-1.639091770313	-0.692541532365784	-24.9072698483646	-9.97960904888694	-8.95625756337076	-23.5258786836295	-4.11034490061255	-1.99714422110616	-7.59889896242955	-8.96978477719454	-11.7509069383637	-0.552582544564547	-10.6587538812678	-1.91176240464846	-9.64657550678094	-17.9838125188136	2.62010575103765	1.83921536930804	30.7062677979022	30.4233500400523	1011.29447300876	2263.9881325604	191.155776834245	22.5038210383023	-1.94349807939226	16.0937842213571	305.416279014259	435.070103933665	34.7356930895634	-21.8654586170037	-114.15819191386	-1.89240130779092	-23.7901705147899	-250.773082285629	-299.867566465237
621.338	6.42192334450987	12.906645920456	11.035677971534	1.21988643486542	3.95404520974639	-5.06048491063643	-2.74034388989914	5.8166011621111	8.47871683848329	5.0221012934776	9.06728697314537	-8.00248143921863	4.91626665028966	2.53821350505394	4.10198191793268	6.22263973632593	6.58062283939045	-4.21370893507833	7.26857215370667	15.0064319509031	-0.687743384014972	18.4935314283377	13.53976084062	5.30364371942555	9.17286671476182	2.58789741713374	-15.3170039867424	6.49760101564398	6.48549445278826	1.9492088116853	14.3231430851824	6.60602599368663	10.8333528934844	14.1600555291697	9.38900237644117	23.1705189161724	56.030569220662	159.855715213217	2026.49660540156	1165.58228406966	38.2840330402962	42.6923913755938	33.2986170507599	73.2697368331101	487.423000013155	257.201829700078	40.535749592575	-15.425874388193	8.31712826896002	30.5159139704446	56.9448336365663	89.8631310814373	-41.2117663399045
626.047	22.2878486424911	8.6872528542636	16.7128533999096	11.0846564405195	4.5243856744908	-0.729884968701198	7.00902694770186	1.79440221130359	1.82134659933509	7.81693095560377	3.75571875013824	6.96509448061726	-1.75185470921401	13.3827025325178	-0.552195424656685	1.36576868859749	2.59981233229293	5.46977331551401	5.67068694241149	7.39926545007601	-1.73590820359331	3.60327994756421	16.924871192466	-2.83483806517744	8.3649191219872	4.64499077701868	10.5960040419799	6.27492024839349	-1.99284546119154	17.7117388888324	3.61525274698501	15.0066281754409	10.3767256143485	7.14817681354456	9.18314602250067	34.9343643219798	55.9121039196967	826.102862416984	2122.82384598402	230.370906577503	21.6121713976525	17.9597201859563	22.7423553705257	229.266021814405	489.486590816524	127.492283599132	10.2314819585416	36.7109835763509	33.5887402842365	121.312980897327	121.037806477533	158.77419550577	637.996257924569
630.758	-2.04791053572711	0	13.5800009392484	9.33633672654984	3.22795490509882	7.6230781948454	0.186427359658019	0	7.9158320359432	3.41656785314128	-1.18625648513551	11.5453306592198	7.67283215810045	11.7995471257751	10.8833583933065	10.4912264168063	9.34297063924222	3.07137142021892	11.800225612184	8.19091963619043	-10.176308509928	8.60823636413217	1.64485473182888	19.1017216519141	10.26639920467	13.4976518085541	5.49957979637933	5.76568671730541	6.33043827171379	2.27324452770265	15.1783508698261	16.2911923494648	0	0.288995309089971	12.5751913549542	54.2249031482277	103.383877797643	1690.67762757395	1189.82459584087	35.0643403254587	37.3869968828731	35.8510749238827	56.9662953008352	364.711985289454	358.602903680763	22.9260803037162	35.7244021768884	26.9853986354104	46.6801163820536	72.0118494061798	15.2920804173917	149.015262845927	448.586080829404
635.471	-13.6200415067758	1.84331796592977	6.00775154249582	-16.9345057961762	4.0659402024844	-14.6198934568482	-7.32652053246222	-6.97807177064511	-10.2026812707796	-6.02492457169216	-7.65036382009181	-14.7553453220418	-0.594751931523762	-0.580009348246374	-8.99853515018022	-2.22564639303215	-0.588421478142728	-9.90389055222857	-20.0446184262647	-15.7899596668545	-17.3265406641223	-2.33540599439733	-9.28194713913107	-2.88726925689713	-1.52136265068365	-10.6445279100939	-9.62527977839836	-6.10047786005485	-6.08911123128141	3.14972304313496	0	-6.22688828059733	-17.7096235444652	-4.65944609058472	14.482050734838	33.0390227227312	545.343755714038	1898.86606685705	252.9823322968	4.76409515777417	28.784785870044	6.85945900125085	77.5456358803731	381.317046899109	155.919157081771	28.6785921286514	2.84201354384263	-57.7844904002215	-48.4641301814723	-29.418262227254	-61.6382187500666	-75.0800015244308	14.1260041879624
640.186	3.72150325989296	-4.0628832235375	-2.3407169586512	-14.7668556061896	-7.33237883963979	-3.72387297387999	0.752843245831889	-6.65821072483843	-1.11510120112236	-3.4492523480487	-2.39520954514609	-3.41144743086347	-8.93796239894501	-6.10148707321836	-8.73363295547629	-9.19796010398562	-3.53713120890384	-5.58135648666337	-2.04224779201356	5.39300727759749	-4.95969786493941	-7.35357344757225	-6.64236074309885	-14.4633432786341	-13.7178693632471	-10.0719653823365	-1.75332358837385	-16.5894053659897	-8.42449765554657	-4.87685683968586	-3.12146472665712	-5.10425427639933	0.572346509672864	19.547918266862	22.3682470159864	74.7950951009852	1316.23955126529	1092.47010758473	30.2354780664341	25.456023224017	13.5711131607353	13.7445733547451	221.468805916735	316.917911449698	30.1694556424685	-19.1548154235479	-16.1348604305338	-10.2163326187829	-67.1198174385471	-3.92977019594777	37.0520919614051	-271.950700301474	113.21936656257
644.903	-6.69160263326739	1.86786689721511	-4.05850769837594	-12.3933593891943	-9.33886967313181	0.502189769652763	3.61686612887082	-1.34685796225843	-3.38352823346253	0.872166183378175	-8.23676541162742	-4.02549915119678	0.904009073975175	-17.044280026007	-7.12373109299093	-7.04777217510948	-2.68316079714148	1.25447356737083	-8.26233296977816	5.09098771904496	-15.4074194973933	-3.38072636185711	9.74147514692566	-8.45208380682194	4.62487154098464	4.4942873139718	-0.88667884399008	-13.5409165552793	0.881457824003981	-1.74091113260536	0	-4.30214775264497	-7.52552248085504	22.4271232885019	34.2414793503891	402.392183452284	1705.34104286938	315.906008062076	11.326281260895	8.85049440316422	8.14992028451719	46.3387458125563	293.903524175406	162.600757834307	12.883765980218	-12.9157901098733	-25.9187660853332	56.2578150635445	-4.33319695986212	-45.7087412184941	6.24591039281064	163.864403475243	-357.853285492557
649.621	4.24145225358032	0.378861385280445	7.88891698123288	13.2133431944814	7.24257777141851	3.81973774646325	1.54444782807817	1.19518263012547	6.29094171152297	8.40286276489947	5.89648833316736	7.87335601390721	1.22240733742134	0.894079924952303	4.62372411529725	-0.285901391944359	12.6986602138795	0.318057722849804	-2.09482198600816	11.0636821447358	-3.27045654402978	-1.71429060954095	10.9013712267869	5.93427097529502	11.5694992205345	18.535479719256	-14.6874226834685	1.19413834217472	10.4292420825254	4.41388519393692	14.8448088843174	9.59870013032611	12.6222328262409	28.4307296253462	42.7876076604151	1083.88206058256	1133.25035037342	40.0472150917368	31.779612798164	26.9273247601229	16.0955531202993	131.585104054416	298.581259143974	89.8393025670891	4.12614892491762	-4.91198088744342	9.73542644393877	50.0679325335832	-16.1132921720265	38.2938867001969	66.5103862767239	195.859639860771	58.0670032414008
654.341	-0.430732169646822	-1.53898029939623	3.48323099314345	-12.763982254132	4.80907407903608	5.68928505777666	-1.96054123718145	0.173391961263665	-1.93595138654679	2.02105861775043	-5.23955281952338	-3.8497471307732	-3.72417370155633	3.32920470927555	8.80411914788073	3.48409703548935	12.2817804543355	0	-4.60926790575935	-2.2471000636455	-5.1663834361321	9.74911513613029	-8.99491833793246	9.70924796110638	1.27018083201852	-3.7029510220141	3.0439831188067	4.85073289271802	5.14430076060887	13.4472975232828	-2.36476042026277	5.90773772146526	16.6935416267468	13.9802506486508	258.193614352501	1498.56334537063	361.475860651736	15.5282191563057	18.6639891224869	21.1306168367718	13.6948916845397	209.033327338754	220.713424224889	21.0079441611146	2.79348514370352	28.2668270151625	11.8639402844016	20.1017029211	-78.8424647482531	110.525460507411	32.1634703356715	78.355067709694	14.7421948873437
659.063	-7.81840187421476	-8.14761576678796	0	-8.91094011282582	7.4169281123524	-8.60571837389021	-1.77933067964521	-1.22395422300542	-2.73313232958245	3.84966995667253	6.29003573593737	3.58350713738395	2.50366861960267	-6.10402054752564	-5.91878859586502	-5.56289385157574	-15.7910020766433	-10.4228581166883	-3.57541761344335	-8.68634698607252	-7.81476765733707	-0.702223468821971	-11.1637995844826	3.71379952102624	-10.8873618287359	-3.73410171625508	-6.75309868949099	3.05721198986135	-1.83090940981193	-4.2187978091004	2.38465372383791	-0.893615393523734	24.0485347528908	35.8575955205716	838.567877240253	1049.79498792612	40.893560674328	13.4218703153776	19.6052062598511	0	43.2122438528131	255.548961418616	95.3872085069849	10.8949738261006	2.11273878740692	7.54534026721566	29.9093611515253	17.8860056712206	0	-18.5758740941581	42.1642548840876	-60.7801704999034	-133.795908756658
663.787	-14.5370895619741	9.05017803385519	-24.9365594962603	-2.00830214736058	-3.76107605360157	-5.8185384946045	-4.81219747351148	-10.4625413686075	-1.58394702348875	-10.1052088639462	-8.16546880411734	-10.6001769136684	-6.03057192362147	-9.2859274746466	-3.90179301081709	11.2836293068792	5.02432285463715	0.330335226718359	-17.042867777621	-5.36235318505989	-1.50964491499591	-12.8193464980105	-10.9683623234865	-15.7507647077262	0.649518875496173	3.78707743528746	-9.96204353908729	-10.2319294145818	-4.02324981592474	-0.305617850995452	-10.2785604752368	8.76083348768231	29.5725251103913	185.872237826905	1278.11214352777	372.640952066519	20.3793268581387	4.91554788623281	3.97666908309612	-1.69495513788452	130.120466962545	230.377276235569	20.4229875397324	-14.7327211629906	-7.14237407586354	-22.9571581377777	2.02224569348193	13.3024866478675	-33.4705787058603	-33.4922846389254	-62.4989498502098	-160.270393585926	-301.542382130145
668.512	-1.33171226077286	-1.98255346575954	-1.07692476846496	1.0118698931214	-2.04076228926982	5.59675303024754	4.64713888797458	-1.25086037143473	0	-1.62000470229823	5.14264752005024	2.44152217713958	-3.19838336332512	11.2287690817671	-0.604890114541034	-2.69298131579534	-10.4423227730047	5.32599174470696	7.30803182002043	-12.351024260828	2.66218648562681	10.0472459634768	13.9049784058353	-2.76031990025847	-3.27255834483079	5.72428254093598	0.627413804766323	9.99813948153049	0.62371941187938	0.307967108066073	8.83439866598325	22.8314928379869	25.8060526083866	664.323521273862	1002.37768043786	46.4683673535293	18.7345790848532	8.00153834782299	30.8557278449624	27.7547417281319	198.046877556125	142.141567583156	0.541578347823189	-3.09291047335994	22.3115582852449	0.856801028071433	30.5668577273306	47.525902292628	21.4631862130407	65.3901151152821	53.0352620502133	0	227.895233577236
673.238	-4.01919653125129	6.78127591594511	-9.38955583345897	-0.67864242387732	-12.9049000996653	0.268117053678096	2.43919573697527	-5.57288495403465	-2.00716868361866	10.2442106824831	-3.36285161939439	-0.921084621128814	5.14823177073917	-9.41365969900301	3.34693105753272	-15.0511063727275	-6.36679342217206	11.0510116345975	5.51403201098674	-6.60099658121947	9.56506736598402	11.91270898966	-3.22816564358935	1.38847163097933	-2.30458657742367	0.639861739298619	0.315596126637812	-3.77188157558647	0.313737805898708	-6.8160788474248	0.30646902427382	17.7626856031006	127.952926481743	1105.68118437403	433.529988791945	14.7806846457158	9.78615185606935	2.68324189504391	13.3035210143384	70.0195036903894	206.109897073612	57.3969529013309	-10.3519575864088	22.4030648280458	-26.7902967101476	10.3435308705463	-25.6257827209362	-3.6778550454817	-3.08463472600126	-40.3191714618871	20.0079953028399	37.494227752258	-626.664985786062
677.967	6.29794288753201	-4.42006980249128	3.27407149704414	-14.0142162597994	4.43166759859371	-7.29226011041792	0.81902912631925	2.53524753001644	0	0.70359222007314	-10.9442899916944	12.0619307921323	5.51011899571399	-4.10917408981398	12.5664291469968	6.36783298601871	2.88607239927869	-10.794735946562	-0.370298517006684	-12.5165463969898	4.62490929072887	-8.72733774542117	8.67158513473445	-0.349664037699445	6.96447256027721	-8.70149468983806	-0.953733127507814	3.79954854536987	3.16039090873266	5.61769787494148	28.7106802852234	26.2224647259108	524.594503872023	944.611930918796	61.8233974372265	19.3904581887821	2.92086928789375	15.8314098312659	18.2742315155103	131.113678183023	154.101458188523	13.956060004231	9.33021718480158	19.433032521749	14.5874622096864	13.8925350246225	21.6835494297758	3.70483232522178	3.10726070034507	-14.9633897071508	-107.492027237506	264.384750588559	277.139243303316
682.696	-20.4689860877804	-17.064708257475	-5.88543770205267	-9.33172339477855	-9.55958485009601	-2.73093599626739	-3.72670481903327	-10.8033259378479	-0.81776957242801	1.18572209593274	-9.22188030028141	4.69090479874704	-16.0591025468495	-20.4552267210749	-7.43793547833868	-15.6370808068055	-7.45771328743082	-8.18627673088867	-16.8491354393149	0.791002153179118	-17.9263940914569	-2.94153258327329	-10.5949371106776	6.36409432808973	-6.70674921852522	1.3034765469136	-1.28581574457033	-8.00394130343322	-6.7107835816724	5.04915834943906	4.68236137154763	76.7366482754746	949.126899967428	402.467828980328	10.9729169690983	-16.8056152509782	1.1075326160742	-0.390435114458092	30.7964748272494	166.265485138835	68.112413912767	1.00797074419812	-9.43419585400236	-2.5354322477325	9.58751895080118	-19.3151165600425	11.4846271291745	-23.7254270481867	-64.4087229091687	-90.7808765911544	-91.7071451675521	-254.601077691549	-778.410455800333
687.428	-13.7412681824228	-6.95537007873033	0.370408145254603	-12.1811385032504	0.902468500981604	-4.12500543230747	-5.8375722006645	-2.58139965050323	-3.91152671536949	-3.58200272259375	-2.91854144864739	-11.9665979648038	-13.53102797391	-7.40242308235983	-0.624155647555649	-14.5112594209997	-7.50978367008975	-3.0912877518406	-20.3601330274613	-1.59304999374595	-28.2546120298223	-8.88621183498707	-8.09365726889662	-8.18867590740379	-13.1694737981992	-23.6263955402235	-15.5375210215063	-1.93435811907176	-2.89613093064835	13.3465814961782	5.34372788167405	390.131536933194	883.16087633094	54.6187910400683	4.68767973337593	6.69866908303289	-1.85877583689176	5.8974174799574	78.1489759927305	153.767898168336	30.0659640665265	2.53752120219783	-20.1177872566005	-33.1907530416203	0	-47.7408509957781	4.20538682314101	-11.3168273585955	-44.2935619788479	-6.52962259442268	-167.593524333155	-25.6378723872064	-47.0307229921168
692.16	-10.5921565033829	3.70224216638587	-12.6622369816822	1.74960831233577	1.81473426865987	-6.35934071531984	1.04808192224987	-7.04468859054046	1.4489110746356	6.96279554124973	-1.33381063756187	-6.64901619441379	-1.32726584472188	-5.17746345488618	1.25508717630015	0.620852216556021	9.84853964541185	13.8136327970373	-9.09806604618815	-5.20551567153468	-10.2584369111511	16.3798186398195	0.739780904399181	-4.29554314000798	-3.05560573912411	-14.5167247584551	7.810929638287	-6.48285962838187	12.6180220378031	9.26551881421328	63.5246765771941	781.340165503845	426.766458321959	9.74827170092949	10.0995527941341	6.73502971359661	10.0918728512936	6.72001940452361	106.842884142555	99.6721350653874	-1.41699202795433	-9.18466186966884	-3.37116456183346	-19.2524502181883	-31.3606394484034	-20.4444402494089	-30.6545502150616	-73.326535624429	-31.8099922271113	4.37671042281108	10.3165241851582	-283.547393070147	94.5720150906229
696.895	3.24559194243803	4.14153787042822	0	-2.8183838365929	-2.4360774991947	-7.237639196715	3.58767810919079	-2.61303701937244	0.83357178628858	1.20863445996641	8.05721125296061	-7.96924957885058	-2.67255860729764	7.81893539377438	-5.68624711534231	-3.43787632296213	0.330514035091099	6.25834851377424	4.19826503673192	-7.25658412850165	-3.97234689605625	5.24715352825359	-0.744804754612198	7.20785693731426	0.683634744403229	10.9614808491257	2.29365897871457	-1.30537694227827	9.77208537915783	19.3002226108428	289.55236799827	810.175679514135	92.4147968132315	12.4316647726046	7.1176971817704	-0.71376497715833	6.77360448919203	28.2565592803663	135.193037383151	53.0734754889602	3.80430617909358	-2.05489664105062	-10.1821743950241	8.39938387510969	-10.5245364899939	3.57970058963348	41.5050442162983	-17.8197059162282	20.8169089714629	-4.40643265199974	-107.328031300906	-25.9520875168078	-333.249886903821
701.63	-0.467563195550872	5.84701373809489	6.42782740389079	15.9870048951676	6.44859125273245	13.7551111154374	4.89482113959614	6.02298729126246	7.35521719015104	15.1133625029737	9.47929375526118	5.78621232773068	9.76966540973415	12.1557720849984	2.86708240494484	7.87919799858093	-0.999897776556584	20.6863416256675	17.3194510393476	10.9766024512162	-5.20756814091955	-3.40159564611813	3.00432473475341	9.08574644363187	8.96214406278159	15.4084006648265	12.2257911661832	22.0493194840421	25.9500100865469	41.5207776745504	643.66678517188	444.093067248566	20.0625049260689	24.7429455278932	6.83588345525262	2.87911934288605	23.9073984977421	83.8786934504785	142.241441754876	26.0857304278906	23.0181891596082	9.84301242951298	39.3605862576499	13.6825742715883	27.2911530482243	-0.902466632853239	-3.21960038168724	64.1781128815421	25.8367162201464	55.5445677476609	209.482216976962	-26.1707843439545	48.0083093627203
706.367	10.4095755531635	10.1434885423945	19.8970481897756	-1.79760646443417	11.1871143829379	12.783523067916	3.66123777898851	5.14275405539685	4.46598000671025	6.6604442372335	7.40017047275068	9.75917573659596	8.86390439327056	11.9688754609095	-2.57903761160525	9.88720916910037	2.02374421829232	26.9659233627181	19.4742901205923	8.63959707102867	16.6205537247916	12.2394014147356	10.2610232870962	8.82677118334621	15.3483350778261	23.389387262636	-6.35329282770824	15.6526641937563	31.2469991787893	242.916632480985	744.89250860939	119.41037477792	22.922476153166	21.7006885998713	24.2121143798076	18.9383896002002	28.8020272687239	111.282264959855	90.1257149186077	21.8467213022688	37.3672093517206	21.4945477542403	27.1319087836149	18.4619076220905	11.507491583722	-13.6991125987502	45.6141964437883	35.0712080185803	94.7797041474263	47.216185692574	-49.4645394037998	192.010406917884	80.972059328387
711.106	15.301146164223	7.68798010831137	5.80016317697425	6.90306340490915	10.6772187253628	13.2056420742137	7.18218517494005	3.84968886984345	-0.429824453857709	13.7108937882814	-0.276975659316204	-2.62993803138101	13.091787768563	-0.335980824793084	10.4251259771174	5.80160528257513	3.74939072215126	16.4938932683911	26.7648114742121	-1.2472660268382	5.32560103924038	20.0991267266528	9.21725909099277	14.1233547555238	22.2081708324774	15.4150845912194	16.5578901266786	14.808352071764	46.6937665040219	558.97074926827	466.620090992632	18.3630964095121	11.9132329758539	16.8691735888258	14.331187504218	14.3538351644276	57.0483086588659	132.568871857142	53.0927258930997	6.43927112404203	15.6932741979375	18.542835443254	25.6684007702036	24.653802405334	12.4043220774642	71.064964931113	21.9504980375537	39.3796507785772	28.0737172262504	43.1706761744531	139.249673448273	113.746838878613	32.7309658194417
715.845	-11.1249752947653	6.04874136740058	10.9522719211958	-1.10257146846547	7.30641425845022	2.61361391383865	11.888680390298	-4.67308963376801	-1.52179585946307	-0.504348004104971	7.00452754169178	3.32546791642807	-2.78806298366171	9.51633576805966	0.988666507003781	-2.93437366215845	1.03439521696768	1.45085019796412	15.9262123128028	0.420566883428111	0	7.81989774665855	-1.94248552746354	-15.0387415741466	2.13954154645419	10.7421775461473	6.83653664131414	16.0010744722326	159.372792916264	663.762477073339	114.851631850503	-2.98536633099936	2.0085174920177	10.9212164609906	1.41434560925072	-11.169194043577	61.6342796591586	93.4154671689112	16.5924585899479	0.930541839940028	32.2458756604281	14.4700188802259	11.2123583554043	37.0716665471446	2.35272701874195	4.66801302284669	76.6056333050072	-1.32784639700461	78.5138170135259	-29.8796727105258	-108.3547780389	-189.515912016863	-132.439046587392
720.586	11.1529034827056	17.3255032996947	1.96067259889491	12.1587330571449	10.1909653059012	6.11374199787222	8.38711073895763	3.90401748247555	5.23068405470669	9.85947537118859	1.40442234781771	16.6690809300979	0.349382768687075	5.79227984077986	16.1887581774339	16.6698607195403	-2.07398393473129	19.2720245493201	34.3273161275866	15.6000390275756	23.2648054832959	11.3673168369654	22.1999262511476	15.453407270994	15.7293595151786	7.99001062608737	21.5891522078406	27.3042444960779	459.219288714486	432.293222623339	17.3042708293344	28.2659076315216	13.4237312223304	8.55361963424965	25.1676573515508	40.3100396584666	100.751501259176	62.8495406415906	21.8869899638236	-0.466438938176957	-5.47069360563789	28.4754169434102	30.7634898594192	15.5416149596822	25.9449664673704	41.1816382885818	34.5034243095252	65.227811599576	56.9398133485074	129.035556569587	65.1760754161744	169.635422869172	630.664730282351
725.329	-36.3218411644358	-17.5372659056761	-7.14469357995717	-6.71309690410529	-18.6968896880455	-5.30440096185212	-15.6387792009347	-5.53242858858269	-1.32365414656652	-18.1686883531405	-19.6179148562006	-2.36219484920428	-18.7436160324434	-11.7261530601115	-16.7210477637057	-1.6542754580345	-15.7450004994042	-6.25714788354011	-10.5048722099319	-19.2049199792908	-8.83093566490178	-3.57090670683977	-21.6828014464482	-16.023807225505	-20.2638712213517	-5.62620472219892	9.36558328571088	115.388538160084	575.867710521772	122.930183088773	-21.2210337870074	2.35623214780861	-16.3053648592004	-12.8140872500395	0	26.0684127105732	64.9344539183797	-0.842618875605286	-0.886180230913586	-22.1905815182056	-9.56487580517236	-0.543838875953876	-22.1569515883807	-8.89175911642795	-6.36656515848893	-9.47386017392269	-10.1395584240864	-97.0164216122724	-40.6840698446287	-60.6416134480849	-205.248388098588	-521.994776019577	-369.584420361301
730.072	15.8045561400853	3.52929590797638	10.7837809287564	8.25599235271373	16.8671188757775	9.78529605687597	4.94565342088512	8.15150561828545	9.10129771250855	-0.514981244558516	3.71914659408727	12.224085220225	11.031520928994	13.5343511046358	5.04755351549045	0.332915497552971	14.0827135724726	4.44431603496556	9.7571921425627	7.3003738288772	20.7338377709123	1.59695315183854	-4.36356629533945	-0.383895137356189	-0.364108300687126	14.5069326552592	24.0833194773974	371.959942781788	412.210345526995	32.5515086795805	20.3363696675946	16.2576385732383	13.3306117813446	22.9999069070507	18.7741379564789	65.3868076026402	66.1405378701967	8.05472984605922	25.4134196191601	15.2025693670467	4.55894584993345	18.6056718345027	47.0001319721406	27.5296390889124	16.816309271568	54.3372951944407	27.2072072102817	23.0493067034802	61.4061459158238	49.2847870607593	59.0075931636233	172.778127545236	101.423458333231
734.817	21.885159268943	22.6585947219178	15.284653541111	6.80273911620937	14.0465842236948	14.3339530380514	10.4141430654232	1.60180141274805	10.507079829348	5.44559603546038	9.7958825967779	19.1499041713082	14.3350232160823	11.5332440322938	16.2665562881925	13.0756512708317	21.9827871244244	20.8870172229621	20.8808657729291	21.1912691776446	31.1079352347379	1.6082623154878	33.158257178414	10.4385718570081	12.4673515779884	23.5179998711039	115.996772579725	530.733261056598	179.609901872537	27.950993246906	18.7736871647447	20.4659631264528	2.40961813903224	9.47568503587208	29.8150281318021	89.5864349902686	44.0022603162824	12.8080596787551	22.0013354001247	26.3144571212532	21.9358814220916	42.98587308998	48.5466393953585	37.4282047183736	35.4836900941866	36.4813975438777	12.5582787179102	-1.36544325146149	36.073920521425	125.266276753821	66.8536514933855	125.281218693974	476.66131399114
739.563	15.0948047482487	14.3820893927877	-4.88272717384081	-2.29388568645221	11.5659024856614	0.906264993296534	14.8863516743797	11.3426863326594	4.29681825958298	2.36090138060523	2.91456579964101	6.91859300954634	-1.45013224858112	-6.71738673723105	-0.342817981109662	0.678325163275492	-2.15204587657177	-5.65964077638468	4.97014182417349	-0.874983964018452	5.60403563613597	8.134598084397	-11.7198164813689	8.21307570010883	4.82222923876555	25.59316560398	299.045431288281	407.625775518236	23.6837882387109	12.5667778299137	10.0136889070777	10.6967498772982	14.2772068119665	-3.90524916050303	36.7815969479984	69.712091447715	14.2930772977517	12.9566447866488	4.08794158354802	17.4238224142399	23.7385220197735	6.13243628485249	26.3965306361007	-1.40231132728588	-17.1318635151741	21.3658296444074	-1.15490601273927	8.28770178898769	-17.3773384356601	33.4730699689222	63.8720358980021	-28.1632432107269	-189.432185453202
744.31	9.66227796531299	23.6208232705007	10.692376469231	3.86402744325269	5.67779992226631	14.0446675245758	0.925879759897556	0	6.62843593362256	-3.44665941380753	3.24030753536886	25.5229182429998	18.6869092520039	-2.14396495937101	6.58319735876004	4.79905413755667	4.71262961703866	2.28806595635293	17.1629158609435	7.95906926593759	6.97103398164767	-11.9213045656616	6.12680070255949	11.8584374425695	19.8700998919451	85.6156585388021	475.107966127651	150.33333292438	20.3643664502959	14.8180278931874	7.32883717591304	4.88245066661563	-9.85455700961988	19.7350591854407	63.5691453481328	45.4060034236298	18.5733350412754	28.8094464983064	16.5266318807792	3.42419632190267	20.3413668578455	1.12691208500062	34.7445029212606	-12.7557686143398	31.332033978989	35.3361526521488	-1.1672565605056	64.2185326753971	77.2779543143748	-9.66600870930619	-15.1894311770131	249.063679513246	556.968641262748
749.058	9.76102618878968	28.910006340012	11.2171004362909	18.7368849639108	15.8578743325982	5.86034498695792	-3.9752044621379	10.753921723906	0	10.9813270330915	12.2009417341292	3.17881994642987	14.0658780537566	2.88783496554271	9.45067849641586	5.88697898796814	19.775599890438	13.0982162671121	13.5323476323545	15.1874425124155	16.7254096878027	7.47505240189492	9.0778107824342	23.559939702916	33.3290399426709	266.464805792265	377.944071649523	37.6058392872544	11.5494679203188	0.356415898657559	14.4549164553974	16.2062901707346	11.0219064255023	41.3234474541586	70.6031474869725	22.9350257846762	4.16958978461031	11.9061320212869	10.6665909229039	2.96502130038707	9.48427157787461	14.2303637062131	18.8033522227443	17.8974058748094	16.6590771220051	18.840234906451	43.6298779842873	55.0025854433264	21.2911998952846	78.1183604870971	180.299834419572	-143.776630676988	-140.665211485772
753.808	-2.61815923594466	-22.9185898649202	-12.7034673120954	-9.54886096987704	5.50238876849287	3.143791658104	-12.3936169380086	3.79419989618076	3.29489232720031	-4.640919821263	6.67292667415172	10.080118246923	5.28196430950796	-8.46241646876868	3.2108935648268	4.94146558862888	-5.97227868199006	7.4605529343665	6.46544768445467	-2.73175128319265	4.48618669821524	9.73539882614551	13.8789483800443	4.07011179548804	51.7284071258312	437.030141485851	157.641508635855	11.7938635831018	4.41445831282513	-1.08983938481452	3.95283412091224	6.82281436610207	3.26153250073487	24.754301292652	50.5270938310798	6.44874786612144	15.724586339298	-2.69676035807918	29.3071554914077	-6.04424400846847	9.66692071516871	23.2070617660325	14.6935264114403	8.02651347111776	-11.8859296133394	18.1923747222021	-4.80757912831243	41.6870027151037	-21.7012281468904	72.158137487771	58.6506600993494	212.490970250349	573.496629931016
758.558	4.2652188310532	14.7631415979878	0.431147922996016	6.88675334073412	-0.700303930051894	4.16123639369656	3.88275498936574	5.15091309948892	4.55294150703893	4.16938194744835	2.77946660115957	6.23134497979687	11.1401413956441	1.12386227180624	-2.90602044817218	-0.359379266770021	11.0215673448082	1.59919964643685	17.1158010021057	21.7877830354763	6.39485435296723	9.05045649484397	9.8490815910575	9.53146051131766	231.114349892163	353.307190901927	40.6920919698749	22.8908139391733	4.49472058132084	7.02781180660674	16.8305773780779	8.7749868552346	24.3527727008932	59.4371853775439	37.8048397309436	28.3158617879608	6.49073746075598	-1.83052799466298	16.8451662664106	13.8468116677049	12.576759789472	11.8145025686079	-7.15510754247167	-5.94359925142414	18.1530536734249	28.8137774682568	26.9224394652602	4.39085611648664	86.5418556544475	35.4683210744675	143.320866321861	0	-145.980940536927
763.31	-25.5598467379634	1.94305967676398	-6.59669817438876	10.3303413449938	-6.07175928711486	-4.24454795479429	-4.45555250016556	5.25403884645374	-5.37737355641937	-5.95399922543407	-12.2854937087243	-8.59943199577774	-4.31017046739631	9.93514573190985	-6.66945336950085	1.46629740533351	-10.4669025647102	-15.4965615962839	-5.37183820937317	22.6968442677859	3.26144244126709	-1.75841037755193	-12.6670345049818	41.8481118694849	384.48309481116	161.684317302669	-0.768644128482214	-3.82772260400717	-8.02324037382352	6.41393419924763	-13.8086735845514	-6.34005770521109	13.1729056286645	37.6041936604299	20.6722651658611	20.0923616665031	-6.1793084764019	-20.072150089306	-10.3094526616038	12.5546994176183	-17.2906643576393	1.80765587328058	3.98092309099671	-6.06259526254369	27.3338714305617	26.2416556067775	7.48948637718116	-23.8867459389534	31.9290739801775	12.9208670069332	125.886069578358	-152.19725244401	-763.130978477821
768.062	-33.4837740574526	-13.7286666364401	-22.6386075638015	-14.5977824831658	-19.4672033070645	-20.7621737912152	-8.99447339051547	-5.96609249580525	-10.1152253684558	-6.00970223090476	-17.1698280919446	-6.41556681175677	-0.790999005809272	-4.62835135295028	-21.3175245255138	-17.390181429102	-5.47805808903686	-18.1112575717588	-31.1770449372725	-15.2727906589728	-31.5087127779836	-7.98687582231297	-12.7855417243503	197.971573182372	336.282173793024	27.5271988927998	-19.7837982589011	-16.9995456309455	8.86956917690701	-12.1862402910433	-8.28737709529611	-6.02293882776706	24.3129518745658	19.365307144904	-13.6429353388697	-8.45014041259287	-14.7017813872506	-22.615742871487	-41.1280943083654	-22.1762724385596	-38.8457273508569	-17.0292967491371	-26.7877790766525	-11.4737142092061	-28.4795820837988	-63.5691864664042	-17.6389610297027	-84.3857695022984	1.89575225841197	-114.767390952413	-213.139284858201	-414.777086607006	-1052.07677669259
772.815	-14.8112469650227	-5.38996946586867	-6.65417296811029	-5.00176613053516	1.80137072540019	9.55110373709453	-10.4868685083461	-7.28724631917554	-11.0950052488277	-9.72379664956896	6.99065966833246	-3.77145909999853	-20.9481224181717	-3.08360224211184	8.22257584446251	-8.50466835439783	-9.77601586720968	-14.8088632560059	-9.03106868944706	-6.20061925533979	-9.39959509439975	1.33029810806466	47.1441929166428	348.787931153979	148.824328825229	-11.3968614931452	8.52875170470969	-11.1971095330234	7.32236851293299	-2.28346469380367	6.77626242512089	10.5334294924718	37.2054947247572	6.19295122370302	-0.401007223088853	-3.80014117476834	-18.2542153218192	10.3589465662538	4.45683232537637	-12.6640842553337	-6.75147563285024	-18.234053657827	-32.7941281097002	-29.8126559189143	20.4566616183229	6.35286966034065	-42.8101918129508	-27.1067209361991	-15.1563581986094	-10.426753710926	-40.9622168401563	-314.722755738514	-995.081308104066
777.57	-1.67924089466354	-7.49978419578779	-5.88450677231331	-17.0124168176508	-16.5428182414691	-12.098233241384	-13.5031872407693	-13.744952163905	6.03795855979006	-2.91823887806306	-29.8295838175168	-11.1601822865192	-19.7619229496404	-3.93307523334534	-29.7470359283886	-13.9603131020282	-3.19209467840309	-0.839485319557878	-6.4506142784862	3.40685492572386	-11.5094423002435	-20.8137070889101	169.492180085832	330.663018253559	29.2986999889328	-14.0352193624577	-15.8229213603337	-22.062760154237	-3.53919407618113	-8.93171331233435	0.384132983674733	8.44497425818129	25.1801465132549	-2.76464647784898	-31.50698227178	-3.44676041456094	2.72580290949893	-2.40229758364316	-2.52649055110093	-21.5370605445056	-16.0745705060744	-22.326896676575	4.09746400683234	-20.2802496437196	-3.63020210895659	8.6431603421137	-15.4174798953363	-47.6354268866611	-48.3291069812524	-26.5982468326063	-8.35944290644198	-15.665280377772	-153.262735880478
782.325	-13.6408270086681	-3.55380226662414	7.81363910557828	5.61418976221498	5.59919967867713	1.70618912209459	-9.31323653455479	2.74556895788709	3.32093175378835	12.1490524760129	-15.1444989923869	10.159781092632	-11.0569309639419	-3.99364967830376	-17.0388187828409	1.91558378076675	-0.810314266139562	2.98345067693888	-8.42137981777669	-8.89540687908471	-18.016999835509	19.2965029127878	320.46687096443	163.459990595097	7.96125097626531	0.814364565222	9.23830351686286	-1.20013688532868	-1.59720099641818	11.4351706171574	4.68058954074046	27.6739855725334	21.6344220512044	-4.81238675816129	7.06321973060219	7.43717058758707	-2.76778379939117	-8.29360664871312	-13.8531695737541	3.28031386938465	-11.0757376399731	2.51897330657477	-1.38685675049823	-22.9686599900635	1.84305595805764	-1.09703452362042	0	45.2484886407092	49.0734377293412	162.047365388633	29.7086619825479	-159.065459543765	-155.623180216772
787.081	-22.1775966049543	-39.6196136115942	-21.7101928897201	-11.0862627600047	-14.5653094734368	-18.921359957273	0.26564372156099	-8.457753706941	-12.3286601181983	-0.304270588668881	-16.9031835249564	2.40748547977705	-8.83062722861005	-24.6049586726763	-11.1338729789412	-23.6039029742006	7.48854455307865	-22.7575543979722	-13.4514841711219	-13.7011966663962	9.50026621009089	140.115826133551	308.441882393417	26.3111095347805	-14.6287781834281	1.25432925305368	-18.1475704276897	-42.3105019065293	-5.33021045668075	-3.64408571600183	2.80361758469874	34.8204225950234	5.65473252954576	-12.7656341665504	-18.7718854586856	-1.3476636048663	-12.7892801355791	-0.500951793513279	-22.1276910997249	-21.8942554218281	-31.7246143805892	-34.2721118965411	-28.4815108815659	-35.7842369520343	-13.2476237412864	-23.6559837533759	-53.5835239398251	-43.2584812190416	76.59342568281	-58.2386691936845	130.739774245721	-481.836087792984	-1238.4469617576
791.838	3.49830425818848	2.08320533966636	4.24349607746708	11.5184476360294	-9.57307748076992	-8.05122324903186	3.98076243295784	8.91890576419543	-0.524111227073016	5.4715191688005	1.01320004972283	7.21539940750126	2.94066628662044	9.83236690839009	3.575248109502	14.5415178148859	19.9499400737899	1.31165296657056	10.0787555868575	2.02782359773652	38.4634596091005	318.133908065368	156.411745763327	-9.06393140008386	6.0177288976625	1.25310365321264	10.3010446096031	-1.64152079584284	-0.819231127761097	7.68555297868233	24.0075272720633	41.5837421778381	-2.01757404077098	-8.2278457542335	9.8029886625229	12.1171212758016	-10.8839269268672	6.00554778745686	-1.05267001075033	8.41263947572307	-8.37189866990737	-7.75214145510732	10.6701306438732	4.8749007715247	21.7426878219741	13.5044969091884	-6.69139596297529	70.4264220633335	114.777879852762	63.7228848571624	-17.4149371949096	32.6349347645304	-99.7771677771474
796.596	5.93936582766363	7.42734969740409	-4.80302716825128	-3.61030870843472	-2.34043488742735	6.41859961700527	5.40678056964662	-9.08542657352139	10.4109850264813	-2.47718906671338	2.75231211822704	21.642004774151	14.5499120190529	7.09462596076984	-2.83266661327961	7.20633203104508	9.7378244666672	5.78994970258414	2.44450748133747	7.22989457556275	138.916557947702	310.150476900112	60.1072957398775	15.2347138625741	-5.2543569950881	-0.42549992608508	11.7525751851363	11.2871399377283	9.17979279104627	13.5978174704511	26.4937409000985	21.1800666022103	14.797751347381	-20.1155138358186	-2.17087299547731	-9.60038683631502	-0.964098760640761	12.2353492455888	13.9402111023288	5.1418248112694	12.7923098400289	-18.4260489975019	22.4633187283493	21.5189771925838	40.4453345730203	28.6596524853719	-53.1673580555359	110.872951519105	10.2562144858959	36.6897449544002	-31.045146160589	315.820343666869	-772.464468394997
801.355	-10.7670953372871	6.41169802393006	-15.7557045273397	-3.11661765700069	-22.2243176767476	-6.15654366891756	-1.16685781963191	-4.33431238529468	-1.61311170577251	-5.3461156708087	-4.45490187161986	-14.452556089041	8.12724438062741	5.76420944769628	-6.98661170894813	1.03681723013941	-4.02036958452895	-7.68954463604614	5.48660767405826	15.6031096730103	237.644528631785	162.88146751921	17.7077869276474	1.59411460627202	-9.82767681955814	-19.4676955791414	2.89870608188868	4.33052529026445	7.92450358423409	-7.46988214564822	27.4450305580813	-1.05483473020999	8.16131703013177	-7.59710932366405	-6.37165894324018	-5.91970254870311	-3.32905295714527	-14.9631570276758	-9.71973635905613	16.2752584512823	-16.30161217531	-8.52127610111813	-11.8851594975428	5.71580563370281	-5.81910736049988	24.7405931716404	-17.6526910400544	36.5956303416576	26.5611905314778	-7.30906430981839	-88.0567581631224	-136.316772193553	-350.965234632144
806.114	8.20350120936156	-11.449460757018	-7.46322846031879	1.16873162137526	-2.02039251606797	12.9287417047269	-7.23451848171784	-6.60466649187761	4.37844605852539	2.94036361894479	1.18797383243196	-2.82001094420311	6.6495635841497	1.80131545240509	-6.63728112350073	14.5154412219517	-8.406227313106	2.30686339081384	18.9921034871247	87.3774141688576	215.681078665816	40.2022960543597	-3.29447198653906	-2.78970056097604	4.15786326981306	0.367315010927196	-14.8558686696795	3.60877107522038	-9.72552712610548	13.8726382704896	34.130358514537	-0.703223153473324	-6.03227780488001	-8.32064354496538	1.12441040174827	8.68223040476455	0	-7.48157851383789	14.348182244321	0	9.46545223082514	-26.6999984501701	-6.88088181436689	-21.4342711263855	10.8069136694998	29.6887118059685	24.7137674560761	83.0439303906846	90.3080478070246	9.74541907975786	42.114101730189	229.586142641773	280.772187705715
810.875	14.8688459419678	-1.37393529084215	8.29247606702088	-8.18112134962682	-8.08157006427187	-2.15479028412115	8.16800473742337	2.4767499344541	0.460889058792146	7.21725615559175	2.67294112297192	9.8700383047109	-6.6495635841497	14.7707867097217	-9.43192580707998	-8.29453784111525	9.13720360120217	-8.84297633145306	5.48660767405826	193.924363078842	133.098506793772	10.7758731692098	16.4723599326953	0.398528651568005	15.4974903693032	8.4482452513255	-8.69611824566604	2.52613975265426	-7.56429887585981	30.5909459297975	16.1855308419454	4.92256207431327	7.45163728838118	-6.51180799171204	9.37008668123555	5.5250557121229	-8.73876401250634	-0.44009285375517	7.8683580049502	10.8501723008549	-17.8791875471142	1.13617014681575	20.6426454431007	28.579028168514	-13.3008168239997	13.8547321761186	70.6107641602176	30.965533366018	30.1026826023415	46.2907406288498	15.3142188109778	186.538740896441	-70.1930469264288
815.635	20.5087530234039	0	9.12172367372296	18.6997059420042	14.1427476124758	10.4661242371599	7.93463317349699	13.8285204673687	8.06555852886255	16.8402643630474	8.61281028513173	8.46003283260934	6.6495635841497	17.2926283430888	16.0692069305807	6.22090338083644	16.0814783381158	17.6859526629061	88.6298162732488	220.672551089717	74.2364608849753	20.308376357357	11.1188429545693	14.3470314564482	12.0956022394562	19.8350105900686	20.6532808334568	4.33052529026445	14.4081883349711	30.2352372561952	21.1115619677549	16.5257441066231	20.2258726398918	8.32064354496538	17.2409594934734	11.444758260826	19.1420545035853	8.36176422134823	20.3651618951652	20.7139653016321	12.0947445171655	35.7893596246961	15.6383677599247	59.3014834496666	70.6605893774985	50.4708100701464	101.208761962979	118.232036488432	145.201174905412	51.1634501687288	183.770625731734	365.902914835326	579.092637143038
820.397	0.512718825585098	-1.37393529084215	-12.8533379038824	9.34985297100208	3.03058877410195	-12.0052601543892	11.2018350684663	-3.3023332459388	-0.460889058792146	-2.94036361894479	0.296993458107991	20.4450793454726	-4.0636221903137	9.36684035250645	-4.89062819626369	-2.41924020365861	-6.57878659286556	16.5325209674992	151.092734408681	125.270680517597	2.63561399591628	-1.6578266414169	8.23617996634764	-16.7382033658562	-16.2534655092692	2.57120507649037	2.89870608188868	3.96964818274241	14.4081883349711	9.604134187262	2.46301556290473	3.16450419062996	4.61291832137883	11.5765475408214	4.12283813974364	-3.94646836580207	3.74518457678843	1.76037141502068	-14.8110268328474	-6.90465510054402	-28.3963566924754	-15.9063820554205	26.2724578366736	-2.14342711263855	-32.4207410084993	6.92736608805931	54.1349191895001	12.6677181951892	-15.9367143188867	-2.43635476993946	-156.970742812523	114.793071320887	-122.83783212125
825.159	18.9705965466486	-4.12180587252646	13.2679617072334	4.67492648550104	10.7754267523625	3.69392620135054	7.00114691779146	7.63664563123348	12.2135600579919	13.8999007441026	-1.78196074864794	20.4450793454726	-4.43304238943313	21.25552233838	13.6238928324489	27.994065213764	22.2947767869333	58.0560620021483	194.563549056989	75.7865326974785	14.9351459768589	9.11804652779292	13.5896969444736	10.7602735923361	7.1817638296771	16.896490502651	6.88442694448561	-4.33052529026445	18.3704401270881	7.82559081925052	14.0743746451699	6.32900838125991	-3.90323857962824	1.80883555325334	13.8677282882286	-2.36788101948124	0	18.9239927114723	28.6963644886419	2.95913790023315	4.73272611541257	14.2021268351969	11.2596247871458	-5.71580563370281	24.1077304934995	48.4915626164152	63.5496877441958	66.1536394637657	100.932524019616	43.8543858589104	114.856641082334	437.64858441088	403.610019826966
