"","500","495","490","485","480","475","470","465","460","455","450","445","440","435","430","425","420","415","410","405","400","395","390","385","380","375","370","365","360","355","350","345","340","335","330","325","320","315","310","305","300","295","290","285","280","275","270","265","260","255","250","245","240"
"248.336",0,0,0,0,0,0,0,0,0,0,0,0,0,0,0,0,0,0,0,0,0,0,0,0,0,0,0,0,0,0,0,0,0,0,0,0,0,0,0,0,0,0,0,0,0,0,0,0,0,0,0,0,0
"252.814",0,0,0,0,0,0,0,0,0,0,0,0,0,0,0,0,0,0,0,0,0,0,0,0,0,0,0,0,0,0,0,0,0,0,0,0,0,0,0,0,0,0,0,0,0,0,0,0,0,0,0,-0.00322918365286395,0.0218338842037294
"257.296",0,0,0,0,0,0,0,0,0,0,0,0,0,0,0,0,0,0,0,0,0,0,0,0,0,0,0,0,0,0,0,0,0,0,0,0,0,0,0,0,0,0,0,0,0,0,0,0,0,0,0.108253423986273,0.023398531399057,-0.0129318132433444
"261.781",0,0,0,0,0,0,0,0,0,0,0,0,0,0,0,0,0,0,0,0,0,0,0,0,0,0,0,0,0,0,0,0,0,0,0,0,0,0,0,0,0,0,0,0,0,0,0,0,0,0.149540339078449,-0.00155026926898046,-0.0234620860955742,0.0186079360338568
"266.271",0,0,0,0,0,0,0,0,0,0,0,0,0,0,0,0,0,0,0,0,0,0,0,0,0,0,0,0,0,0,0,0,0,0,0,0,0,0,0,0,0,0,0,0,0,0,0,0,0.157424809098194,0.019691472166965,0.00618015545341467,0.072036438942652,0.141017849186673
"270.764",0,0,0,0,0,0,0,0,0,0,0,0,0,0,0,0,0,0,0,0,0,0,0,0,0,0,0,0,0,0,0,0,0,0,0,0,0,0,0,0,0,0,0,0,0,0,0,0.123999136610429,0.0191143341990643,0.00550703560287567,0.0431457651876992,0.106306468363014,0.0429314574961238
"275.26",0,0,0,0,0,0,0,0,0,0,0,0,0,0,0,0,0,0,0,0,0,0,0,0,0,0,0,0,0,0,0,0,0,0,0,0,0,0,0,0,0,0,0,0,0,0,0.128285156652391,0.0161566642804697,0.00194463277648667,0.017911948352038,0.0861802336491571,0.0436672900440542,0.00970226877343395
"279.76",0,0,0,0,0,0,0,0,0,0,0,0,0,0,0,0,0,0,0,0,0,0,0,0,0,0,0,0,0,0,0,0,0,0,0,0,0,0,0,0,0,0,0,0,0,0.185751834536783,0.0174686154483674,0.00414599702152491,0.00941225675590002,0.0738940809463521,0.0612566604834328,0.00851652389348152,0.00444050874053675
"284.264",0,0,0,0,0,0,0,0,0,0,0,0,0,0,0,0,0,0,0,0,0,0,0,0,0,0,0,0,0,0,0,0,0,0,0,0,0,0,0,0,0,0,0,0,0,0.0227599881530837,0.00507782525311559,0.00650125705050526,0.0435459428802916,0.0538591184240609,0.00353321545475477,-0.00281852237192611,-0.0389698035533618
"288.772",0,0,0,0,0,0,0,0,0,0,0,0,0,0,0,0,0,0,0,0,0,0,0,0,0,0,0,0,0,0,0,0,0,0,0,0,0,0,0,0,0,0,0,0,0.021563938187436,0.00409832405965866,0.00320251255495452,0.0233863175848356,0.0602742161868667,0.0192249526493738,-0.00279100996205785,-0.000746773159347139,0.0219427119172453
"293.283",0,0,0,0,0,0,0,0,0,0,0,0,0,0,0,0,0,0,0,0,0,0,0,0,0,0,0,0,0,0,0,0,0,0,0,0,0,0,0,0,0,0,0,0.0172204120638048,0.00953227116819752,0.010261044945239,0.0167988390660707,0.0607906872406518,0.0303147054530064,0.00965909783698343,0.0104513978987329,0.0155851895468829,0.0311558426728193
"297.797",0,0,0,0,0,0,0,0,0,0,0,0,0,0,0,0,0,0,0,0,0,0,0,0,0,0,0,0,0,0,0,0,0,0,0,0,0,0,0,0,0,0,-0.0460092705414525,0.00468268320167856,0.00748686458304157,0.0123481945037194,0.0488266882892099,0.0372571842255346,0.00879871834487305,0.00486062524380349,0.00557063564327707,-0.00815008845671376,-0.0098714390277608
"302.315",0,0,0,0,0,0,0,0,0,0,0,0,0,0,0,0,0,0,0,0,0,0,0,0,0,0,0,0,0,0,0,0,0,0,0,0,0,0,0,0,0,-0.0443905614898164,0.00280570139128507,0.00510121152406433,0.0122805510436226,0.0384818927492298,0.0463700705983378,0.0106270526205801,0.00775988411549955,0.00709074093683766,0.00639570948192259,0.00621668848513402,0.0221351914732784
"306.837",0,0,0,0,0,0,0,0,0,0,0,0,0,0,0,0,0,0,0,0,0,0,0,0,0,0,0,0,0,0,0,0,0,0,0,0,0,0,0,0,-0.00857689436658537,0.0028447184110488,0.00469667314010178,0.00752829256727694,0.0254286040999737,0.0520713815480002,0.0177833627211195,0.00509747586570552,0.0101998584690469,0.00866099517326067,0.00545556863041998,0.0186480119269101,0.0247036735292229
"311.362",0,0,0,0,0,0,0,0,0,0,0,0,0,0,0,0,0,0,0,0,0,0,0,0,0,0,0,0,0,0,0,0,0,0,0,0,0,0,0,-0.00981579334164062,0.0026544500738318,0.00222983060087387,0.00319832555665729,0.0169421891605531,0.0450825310992964,0.0276870555033223,0.00842416103787612,0.00633470954899134,0.00558703751353879,0.00706194919917612,0.00374375865789872,0.0188421809814218,-0.0016475265086966
"315.89",0,0,0,0,0,0,0,0,0,0,0,0,0,0,0,0,0,0,0,0,0,0,0,0,0,0,0,0,0,0,0,0,0,0,0,0,0,0,-0.0210842723516367,0.00329972983203383,0.00198986488310375,0.00249143161433335,0.00649426246751376,0.0365181661426861,0.0317902273660914,0.0125954932998894,0.0038629898623858,0.00752903686644395,0.00960267659531098,0.00417317837847925,0.00795760815469449,0.00577736668481685,-0.00416480949177947
"320.422",0,0,0,0,0,0,0,0,0,0,0,0,0,0,0,0,0,0,0,0,0,0,0,0,0,0,0,0,0,0,0,0,0,0,0,0,0,-0.0284813129908725,0.000113110904709966,0.00143964803187686,0.00162779203560664,0.00337142859563792,0.0235647173661833,0.0327264506491239,0.0154000957476044,0.0129881294499146,0.00791002340803167,0.00895017832321549,0.00386450224865452,0.00143494926008264,-0.00127074108086508,0.00360347879851643,-0.0337650404676336
"324.958",0,0,0,0,0,0,0,0,0,0,0,0,0,0,0,0,0,0,0,0,0,0,0,0,0,0,0,0,0,0,0,0,0,0,0,0,-0.00117735563815291,-0.000943174502652078,0.00244895967642443,0.00187054438221942,0.00153731839842858,0.0123643263907077,0.0290348467651426,0.0172000296475818,0.0154531506405204,0.0150161798938339,0.0118683376569064,0.00923483852013512,0.00690079924443574,0.00483461586505571,-0.000376187124131042,-0.0137778484285796,-0.00162069619994476
"329.496",0,0,0,0,0,0,0,0,0,0,0,0,0,0,0,0,0,0,0,0,0,0,0,0,0,0,0,0,0,0,0,0,0,0,0,-0.000295360132447686,-0.00213249536945204,0.00306701105377087,0.00201285099489146,0.00441267180365525,0.0108126458878571,0.0284374203863205,0.0172535474612659,0.0137042826662267,0.0164862841394545,0.0189587480796054,0.0138149617690075,0.0122244996781496,0.0117447285637662,0.0102211091809983,0.0210397169051153,0.014857649814337,0.0386228728157899
"334.038",0,0,0,0,0,0,0,0,0,0,0,0,0,0,0,0,0,0,0,0,0,0,0,0,0,0,0,0,0,0,0,0,0,0,-0.000924610770042134,-0.00581981501680565,0.00181356801529864,0.00136498546944484,0.00222457112433172,0.00639898967413019,0.0238032154371605,0.0186666055743347,0.00821273770677695,0.0120518836036285,0.0164890047768844,0.0177644093394122,0.015472833855421,0.0117770638463164,0.0077841159532542,0.0090649228451824,0.00877803278820322,0.00152453066616419,-0.0290454174186647
"338.584",0,0,0,0,0,0,0,0,0,0,0,0,0,0,0,0,0,0,0,0,0,0,0,0,0,0,0,0,0,0,0,0,0,-0.000378914486944382,-0.0129734725457718,0.00162357866981431,0.00144237287468059,0.00270655629907658,0.00329382224711078,0.0161726360176895,0.0226699629218486,0.00733364471139104,0.00846611385883397,0.013761027236449,0.0186023117415871,0.0181501587526737,0.0164560683248438,0.0134970514445815,0.01300357230967,0.0102640994455846,0.0139186842870099,0.0139757180474164,0.0170888201864618
"343.133",0,0,0,0,0,0,0,0,0,0,0,0,0,0,0,0,0,0,0,0,0,0,0,0,0,0,0,0,0,0,0,0,-0.000741415777067989,-0.0180310771121135,0.000719796766006369,0.00137234403007627,0.00121338449135987,0.00109352356456255,0.0082861141002359,0.0234331708681216,0.0102685566551746,0.00551651650805346,0.00657859067093609,0.01295812663204,0.0164610297946714,0.0157833818398335,0.00945805639635793,0.0121314030867869,0.00864028119103793,0.0107861475373785,0.0147389995297011,0.00445856779511943,-0.00682137943493252
"347.685",0,0,0,0,0,0,0,0,0,0,0,0,0,0,0,0,0,0,0,0,0,0,0,0,0,0,0,0,0,0,0,0,-0.0247289307845525,-3.94877437285071e-05,0.000874207449609742,0.000859967741083361,0.000607682347717941,0.00475695660734305,0.0191371368336285,0.0119844569598811,0.00353328619597399,0.00534697526061984,0.00597021176617049,0.00857831012571256,0.0136757836947489,0.0147140841477242,0.0101175793040719,0.00963976983032277,0.00840005645738106,0.0063234224413961,0.00311745322344923,0.00630951088074031,-0.000740279867196412
"352.24",0,0,0,0,0,0,0,0,0,0,0,0,0,0,0,0,0,0,0,0,0,0,0,0,0,0,0,0,0,0,0,-0.0299850848547297,0.000296627281724913,0.000678766665876174,5.1758269301214e-05,0.0010571553638974,0.00244475006041031,0.0144719548172777,0.0141841723770466,0.00428968002791874,0.00353561340930974,0.00480064631383246,0.00679487489855673,0.00909900992865275,0.0123002117090122,0.0143569157547328,0.00884979582228399,0.0102172666824722,0.00935864868513742,0.00811983229332461,0.00205374325210648,0.00707587988377906,0.0156626007613869
"356.799",0,0,0,0,0,0,0,0,0,0,0,0,0,0,0,0,0,0,0,0,0,0,0,0,0,0,0,0,0,0,-0.020984844610494,-0.000515810567603213,0.000138119049089402,0.00052830297767086,0.00132104646391981,0.0026133925754119,0.0094060821641362,0.0165063347516586,0.00607674529535858,0.00251149533803092,0.0041719477219167,0.0051586239766544,0.00621913625725443,0.00904245672856998,0.0111990143466451,0.0117519158301125,0.0108575552327542,0.00655739460431587,0.00917898441978641,0.00186800639305936,0.00431244441611306,0.0125747428035059,-0.0133090372175052
"361.361",0,0,0,0,0,0,0,0,0,0,0,0,0,0,0,0,0,0,0,0,0,0,0,0,0,0,0,0,0,-0.0297477031672344,-0.00188244279098784,0.000151118934180182,0.000509020120128868,-3.73070073614928e-05,0.000267115310503776,0.00495371588799604,0.0137906623341481,0.00589361464272669,0.00199145189630426,0.00184249198737078,0.00265057514033953,0.00411233783491697,0.00395596332320946,0.00728444439644093,0.00957822559771388,0.00825815954138427,0.0087839450376819,0.00434151273371234,0.00690493068243767,0.00653828032865257,0.00758299954302014,-0.00352278406123033,-0.00295794990766583
"365.926",0,0,0,0,0,0,0,0,0,0,0,0,0,0,0,0,0,0,0,0,0,0,0,0,0,0,0,0,-0.0386470302191446,-0.00144926382172175,0.000868735794105982,0.000273680568217153,0.000399027397643846,0.00100394852186982,0.00312506880479298,0.0112854867315,0.00853987845771885,0.00235238115201349,0.00232121061570744,0.00294488720278726,0.0025751147199632,0.00446865074775146,0.00500560100510746,0.00657610144430096,0.00766539687806492,0.00888613998765789,0.00729828622554,0.00403747565865128,0.00709574813221727,0.00805587203680039,0.00423192807341281,0.017857815631516,0.0403313686942466
"370.495",0,0,0,0,0,0,0,0,0,0,0,0,0,0,0,0,0,0,0,0,0,0,0,0,0,0,0,-0.109625846655044,-0.00569376603614114,2.479974456868e-05,0.000475327503013406,0.000547546164359063,-0.000381521860248635,0.000413802983370216,0.007493646050417,0.0104121424085116,0.00175879827467653,0.000952970873997053,0.00118020212354567,0.000869666580332014,0.00230530930763938,0.00265584336702524,0.00276885170702765,0.00339675459277812,0.00625621185567687,0.00645343451917379,0.00382609645278436,0.00274454435559713,-0.00113782726968198,0.00015360343937333,-0.00397028327143655,-0.00396823120744733,-0.0271396495117986
"375.067",0,0,0,0,0,0,0,0,0,0,0,0,0,0,0,0,0,0,0,0,0,0,0,0,0,0,-0.13477158146018,-0.0156032944821774,-5.06724882027897e-05,0.000624418104913078,0.000363674301898326,0.000875534838685076,0.00132531298858918,0.0053009922139946,0.0107758112143909,0.00472673001735829,0.00145865223316197,0.0011299085467207,0.00129240789021272,0.00292674465517312,0.00277684845855252,0.00273610565220888,0.00341014927939941,0.00473967601599651,0.00523519710194996,0.00442345732883111,0.00515820731279422,0.00484372476323907,0.00254471259180211,0.00327702943948613,0.00271452475235922,0.01529686186465,0.008974374661698
"379.641",0,0,0,0,0,0,0,0,0,0,0,0,0,0,0,0,0,0,0,0,0,0,0,0,0,-0.123042623884655,-0.0198998226127182,0.000318007425568562,0.000882765300724907,0.000890579867073067,0.000339635242128039,0.000166750863501744,0.00175169568110196,0.00969111979193825,0.0055500364853653,0.00166126439488065,0.000514048768742072,0.000450859056199628,0.00151084430682875,0.000655996787133197,0.00242034185948728,0.00241176880556385,0.0042346993224564,0.00228261263883565,0.00633516058102512,0.00580252164587502,0.0012606642283642,0.00501152806004183,0.00370517026860427,0.00661926665971019,0.00866902332414334,0.0212416542667773,0.0455696053020426
"384.219",0,0,0,0,0,0,0,0,0,0,0,0,0,0,0,0,0,0,0,0,0,0,0,0,-0.124650777461258,-0.0198120410302998,4.51173861726311e-05,0.000185662225662534,-0.000285235310126129,0.000118846011761619,0.000116164790520777,0.000569396664803505,0.00730697993751227,0.00638607310911672,0.000283300721444685,0.000529407422272138,0.000460589551960163,0.00125158675550221,0.000930131610251587,0.00146526433646139,0.00134307040279522,0.00191473118840379,0.00205388105733739,0.0023085142699507,0.00445127909899024,0.00386901237962526,0.00278724286236049,0.00184284050202867,0.000755778680379671,-0.000751554431364361,0.0115458390805899,0.0126331729894798,0.00696239956002271
"388.801",0,0,0,0,0,0,0,0,0,0,0,0,0,0,0,0,0,0,0,0,0,0,0,-0.124942565656714,-0.0264950733898409,-0.000533168775954124,-0.000239201718462229,-7.05628106723016e-05,0.000160258883782495,1.58895162524157e-06,0.00024482390541656,0.00445607562152858,0.00629972952475837,0.00200693667500963,0.000539331458572392,-0.00048100499320205,-0.000494549804304959,-0.000332105815473587,-0.000698148634530738,0.000629157600938625,0.00132855118438203,0.00084284891655701,0.00071002699733231,0.00200194907318341,0.000511342169125804,0.00136327812972517,0.00172733616084696,-0.00186649797954175,-5.30745126147149e-05,-0.00180723564885,-0.00456498270324552,-0.00448995416157636,-0.0122520420681347
"393.385",0,0,0,0,0,0,0,0,0,0,0,0,0,0,0,0,0,0,0,0,0,0,-0.112208154974456,-0.0320587676910845,-0.000440581587147832,0.000343122425613124,-0.000378956866242491,-3.76806983060935e-05,0.000172749493122602,0.000738693228182095,0.00294072017400781,0.00849933493298699,0.00259161105775157,0.000538071646312784,0.000662197598048134,0.000949066609049886,-0.000161844216104645,0.000645815307470578,0.00120707949361885,0.0012047429706314,0.000949669535685185,0.0021348020157704,0.00181249800762809,0.00229480233385821,0.00337343004974709,0.00294056662804721,0.00221463714300713,0.00388627365080912,0.00199892145561287,0.000340126205254269,0.00554651251653665,0.00614858603816212,-0.00102690132429085
"397.972",0,0,0,0,0,0,0,0,0,0,0,0,0,0,0,0,0,0,0,0,0,-0.0856456457541199,-0.0410253651211295,-0.000753790037104863,-0.000334698774792597,-0.000502532005007018,-0.000144140047448545,-0.000635131783770375,-0.000642187895956546,0.000805325260279096,0.00390583922052892,0.00380708383352377,0.000175611031017065,0.000183026329147629,-0.000682798576033521,0.000612642305156422,0.000100179141379883,0.000625079879029815,0.000173940789763353,0.000251467472693075,-0.000382664299089515,0.000596998414393219,0.00106265010358688,0.000985041255330466,0.00193699860712335,0.00230937381022998,0.00268764200040671,-2.262989160141e-07,0.000724860358206764,0.00427766267471122,-0.00338789292492279,0.00157693754240741,0.0116470325186254
"402.562",0,0,0,0,0,0,0,0,0,0,0,0,0,0,0,0,0,0,0,0,-0.130474932479986,-0.0498272407357088,-0.00148189506709786,-0.000772905968897327,-0.000331544223194393,-5.85053452234448e-05,-0.000268977650218486,-5.40593423559404e-05,-1.04602619977624e-05,0.00302791554508076,0.00450595592839716,0.000851327824417884,-0.000630890766060808,-0.000642578621169994,9.5813636702125e-05,-9.25941844953358e-05,2.10500025648266e-05,-0.000170857720227018,-0.000394648105692009,-0.000510366254760531,0.000598144508460579,-0.00011768750388041,0.000940444001391362,0.000501152656754464,0.00138628350996873,0.00131737239311628,0.000431332731287708,3.53553990266675e-05,-0.000187978241784055,-0.000582041101518026,-0.0079347554806225,0.00647027807299794,-0.0165964306583444
"407.156",0,0,0,0,0,0,0,0,0,0,0,0,0,0,0,0,0,0,0,-0.149751386769217,-0.0584415913338717,-0.00144221082179509,-0.000357150648006783,-9.52666226893347e-05,-0.000453945711160282,0.000270137846640173,-0.000525526104026222,0.000388554762376124,0.00145416474648028,0.00522173580301145,0.00114291775436518,-0.000637576399600811,0.00027071307531197,0.000211873562707388,-7.7050931436613e-05,-0.000132018194792935,0.000233710927362944,-0.000281805865024144,-0.000177893747315692,-0.000126817352818485,0.0015919243765458,0.00075891798926802,0.00123856419933621,0.000681206446980759,0.000987894135327942,0.000487088116313278,0.00118991351830673,-0.000989260965509821,-0.000186635949352513,0.00280144458331517,0.0024067454682585,-0.00856659541212967,-0.0065723454974652
"411.752",0,0,0,0,0,0,0,0,0,0,0,0,0,0,0,0,0,0,-0.140464366637131,-0.0742206427201633,-0.0011683667123562,0.000194005339670509,0.000319457065029752,0.000205922853299313,0.000652936097808969,0.00103016122639103,0.000409424161882673,0.00170157627661037,0.00405860688697122,0.00280544205924981,0.000680273316100224,-0.000141645803695198,0.00043525869786727,0.000380977867187631,0.000328729736453879,0.0004256254852453,0.000188066442252664,0.000442325841775715,0.000466259081065691,0.000807971424113844,0.00163210101091938,0.00136362411044802,0.000791014608306145,0.00244565661075546,0.00217472436718882,0.0026688369411393,0.00135005498496558,0.000791555752196719,0.00317885546819827,0.00689850624467826,0.0087071392953626,0.0121304789783934,0.01012489479688
"416.352",0,0,0,0,0,0,0,0,0,0,0,0,0,0,0,0,0,0,-0.0814538934194182,-0.00287386094249784,0.000205153091419127,0.000140447499819175,0.000456563875529265,0.000684634841432284,0.000754681839665364,0.000388782447626945,0.000861140413753564,0.00402282911641456,0.00490829106713125,0.00103905161715877,0.000304270579790997,0.000554817564364262,-2.67556979783637e-05,-0.000178916846179291,8.99024466401448e-06,0.000604519506903302,0.000689797025572955,0.000370281202155554,0.000447385175527893,0.0011376001392592,0.000861721204205572,0.000480339673266366,0.00168204441030335,0.00208635127949783,0.00147576170487391,0.00245379304999253,0.00194896072431887,0.00109775162085991,0.00160815409794794,0.000922735439729374,0.00447529982224872,0.0012621985482263,0.0067442024902664
"420.954",0,0,0,0,0,0,0,0,0,0,0,0,0,0,0,0,0,-0.0933505156928391,-0.00550909187704355,-0.000647561300520097,-0.000509854902375,-0.00097264795454084,-0.00014958634109556,-0.000782738033285527,-0.000676880752844077,-0.000206953517479548,0.00128893814536808,0.00423282848727107,0.000555296696108338,-0.000274458742154498,-0.000374411123603976,-0.000425180487208875,-0.00077241611427033,0.000262378141999692,-4.59216399014424e-05,-0.000392669075058105,-0.000181999504219624,0.000298831393789202,-0.000134997554820762,-0.000611602536308603,-0.00017957599203131,2.14744200622684e-08,0.000381251545203996,0.000314097685525661,0.000794477407091763,-0.000290329467434895,0.00251723805658672,-6.99579959831981e-05,-0.00223559097145147,-0.000970330574219683,-0.00401126903275699,0.00321318774461484,-0.0199572475487779
"425.56",0,0,0,0,0,0,0,0,0,0,0,0,0,0,0,0,-0.100307170977806,-0.0062674953815413,-0.000398962528201947,-0.000581675400207637,-0.000406374387609693,0.000724379122165041,-0.000605375176551314,-0.000625960776243995,-0.00066443772504313,0.00145319010063267,0.00274734375412954,0.00163922422039159,0.000148179409281191,0.000126824229396442,-0.000818307086889181,-0.00081721345242543,-0.000446238836987895,0.000163061106204324,7.98335343847598e-05,-0.00028202382735585,9.89027214529834e-05,-0.000670513975299256,0.000430065961850835,-0.000176543294371664,0.000527122314087927,-0.000298738262496103,-0.000509292240241426,0.000462592834611263,0.00123863894672754,0.000524516788682118,0.000255653189701023,0.00132793894527168,-0.000645667793572143,-0.00201905270956475,-0.00590242531271397,-0.00477708342409365,-0.00219182968487303
"430.168",0,0,0,0,0,0,0,0,0,0,0,0,0,0,0,-0.104561499537559,-0.00794892688232588,0.000840748357018173,7.92061690051819e-05,0.000268397353421346,0.00114335970971358,0.000960932952193582,0.000679560642478394,0.000386814154492723,0.000725743025482981,0.00294382307427829,0.00302748160263654,0.000968406456453414,0.000353153983852292,0.000480390495716845,0.000245798466086995,0.000531366330134939,0.000363106786359086,0.000665324760931777,0.000942396480820462,0.00086451338661453,0.000582511116842408,0.000564923080661621,0.000703199726115239,0.00132662951522256,0.000948245508845634,0.00150535317094854,0.00132161924052092,0.00232049618842801,0.00274336044833985,0.00257047223799425,0.00451084869436119,0.00304048693690043,0.00337171725571358,0.00238449489926515,0.0110287030104202,0.00587002390972013,0.0250873782842245
"434.779",0,0,0,0,0,0,0,0,0,0,0,0,0,0,-0.120590417101189,-0.0108895044724874,-0.00014444765941195,-2.65005262748668e-05,-0.000410444981728684,-0.000145427411255665,0.000223829215096704,0.000104056590054935,0.00053464314180886,0.000767739347718978,0.00145336998081432,0.00292045006340273,0.00066728330210335,-0.000242169501419479,-0.000166573115995226,2.49191373451663e-05,-0.000490267454920654,0.000236562165853251,0.000493948304307354,4.18009933447263e-05,0.000470092582812428,-0.000404268728863428,0.000116145941104754,-0.000287232170121774,0.000226618422268816,0.00108177002150453,3.65699990610376e-05,0.000478417679799032,0.000673617555997177,0.000201062223568982,0.000391079335562162,0.00116566810706322,0.00199988941641661,0.00339944434430583,-0.000126895103023628,0.000230717387027941,0.00228881580201798,0.00811020810362286,-0.00639411116082584
"439.393",0,0,0,0,0,0,0,0,0,0,0,0,0,-0.130679485484672,-0.0160806621271559,-8.86476183304982e-05,-0.000817066205563323,-0.000593351643198987,0.000156172664579597,-0.000555288990599311,-0.00136641762283498,-0.000316310237019733,-0.000788080799396109,0.000996587833145792,0.00124838601463462,0.000956528704720128,-0.000408414322237434,-0.000806615935150301,4.2002530931964e-05,-0.000795458894462389,-0.000308431241442021,-0.000267822000005716,-0.00030320191033799,-0.000259078334610322,-0.000398399002893414,-0.000109912479005898,-0.000327420846561755,0.000366206255475405,0.000107123893553278,-0.000251777383416781,-0.000244515520516856,-9.23925734828055e-05,0.000450776617773983,0.000349572237128257,0.000660797972797414,-0.000230814183668688,0.000773042896485148,0.000628648153826908,-0.000127652795827615,-0.000983558761765542,-0.0040214912766173,-0.0098104239315836,-0.0228407531223055
"444.01",0,0,0,0,0,0,0,0,0,0,0,0,-0.138187722458125,-0.0213559959630291,-0.000420892326951983,0.000156650786800188,0.000166307607274149,-0.00036766215067847,0.000317780800558261,3.96413105449261e-05,-0.00060068886102298,-0.0008037517774573,0.000466858531930733,0.00185097469418142,0.000585523596250349,0.00037483547764483,-0.000552898316324363,2.50461167288704e-05,0.000197666731310638,0.000162403866640765,-0.000184515710138479,-0.000216578278791159,0.000323022263981242,-0.000297354124571584,-8.58737694469239e-05,-0.000153998908283889,-8.58341677941516e-05,-9.09268691683045e-05,0.000635935393421697,-0.000124721316650544,0.000566770928793263,0.000678701789887362,0.000431371115001442,-6.62511486867246e-05,0.00049961959956169,0.00180917247524234,0.00111877698202787,0.00222519858337452,8.09616452081756e-05,0.000223213240309361,0.00143211921007484,0.00537759233330313,-0.0112606152230866
"448.63",0,0,0,0,0,0,0,0,0,0,0,-0.124365767522463,-0.0253852322823583,-0.000814326681676984,0.000156214547541433,-0.0005027371354822,0.000204163001143132,-3.41951927343685e-05,-0.000226023951195324,0.000218681870309655,1.93715053287424e-05,-0.000118892622631676,0.00165258120652183,0.00180137011394823,0.000192185280864859,0.000336386145482642,-0.000129467934050193,-0.000169381015438401,0.000274186007037712,-0.000175004320574569,9.45736421409008e-05,-0.000188931808222608,-0.000301985056401629,-4.87155450170171e-05,-0.000218663069972867,3.52171154711504e-05,0.000251956292397982,-7.91984938150844e-05,-0.000228963571385612,-0.000377532460058929,0.00015370485630338,0.000755878179922178,0.00111569121814639,0.000242355259983349,0.00105560500811172,0.00134887462134312,0.000696360370835029,0.00157391070440335,0.00299879493303101,5.18082485458692e-05,0.00335261686830292,0.00564859544911246,0.0183144759702789
"453.253",0,0,0,0,0,0,0,0,0,0,-0.12389246098393,-0.0320613307395786,-4.02868818073386e-06,0.000229476141386461,-0.00037777035615243,-8.05632541996007e-06,0.000177602792615838,-0.000433342193981013,2.82495571576628e-05,0.000354054087522851,0.00014475155150136,0.0019266643764161,0.0020063606110723,0.00043318721747466,0.000283675406142049,0.000113485385158285,0.000160327812196949,0.000590882285961653,0.000581842960055406,0.000181046662311156,9.34888168357085e-05,0.000318692134237582,-0.000117870407823365,-5.6228952273697e-05,0.000290373489232587,-3.51655649240272e-05,0.000147649875817261,0.000488175980190805,0.000462818065053609,0.000449668495351082,0.000386315101626993,0.00174768227813054,0.00139604541327644,0.00164650510070456,0.000223704542692089,-0.00035510726154327,0.000953148562311734,0.00235010884623745,0.00557061336838839,0.000772395539844438,-0.000702761316983852,0.00706867786719808,0.0261736229947634
"457.878",0,0,0,0,0,0,0,0,0,-0.115651813615864,-0.0325630866698676,0.000171297949866429,0.00042576516365804,0.000251285472816847,6.88664705667424e-05,0.00029461759091001,0.000527934451749154,0.000665101433140607,0.00071154758117212,-1.05694431643119e-06,0.000996541803532347,0.00198657244992127,0.00113313285591842,0.000109690708684335,0.000314316718290154,0.000538900856263733,-1.56856023278116e-05,0.000340081363137344,0.000836644476028764,0.000187122147849149,-0.000107939482153704,0.000238483548489834,0.000341833329241887,0.000404341026235933,0.000147659121006954,-6.96214300971088e-05,0.000301727225655831,0.000551098272141493,0.000600967465038931,0.000521233111796824,0.000220006587080676,0.000815262672303531,0.000954087654559871,0.00120293094127385,0.00245388507730711,0.000792502311091643,0.00180907217946666,0.00264206087211381,0.00218128734600576,0.00306502757178277,0.0082146351308369,0.0087819985222155,0.0265971803321212
"462.506",0,0,0,0,0,0,0,0,-0.0741739502685587,-0.0384580912171389,-0.000908099233156894,4.34225756682787e-05,-3.33157549007885e-05,0.000124393331740662,-0.000371031523844126,0.000164655344833772,-0.000428581700357976,0.000150352805979093,-0.000146233919012415,0.0011180511082853,0.00127118225066744,0.00078357227499307,8.2774486086807e-06,0.000491895369698434,-4.9433855272823e-05,-0.000566724332880241,0.000362053485304976,0.000141153316459857,0.000203600812942762,-0.000177747196265293,-0.000183533882687709,-0.000343764843422778,3.84885797189141e-05,0.000196594264960419,0.000317849101156865,-0.000206451781167551,0.000172309348853804,0.000566063110599435,0.000363596316231873,0.000344562914848874,0.000137837026525507,0.000186580954082395,0.00056211923031444,0.000156982273446499,0.000878260251931212,0.00139651060964442,0.0011180337166865,0.000343147234461013,0.00102174783979631,0.000326492901191889,0.00445995394098063,0.0035379042264391,0.00955204188599581
"467.137",0,0,0,0,0,0,0,-0.0240727795295549,-0.0376644135893858,-0.00127503607540574,-9.22186554738582e-05,-1.87916408640721e-06,-0.000444474162323926,-0.000132012395933162,0.000164644764570441,-0.000178166590066605,3.12223573178119e-05,6.60529225022144e-05,0.00055292325081178,0.0012497419623537,0.00119848873492654,0.000470691664698241,0.000493991218022845,0.000853181912063539,0.000145750440168443,0.000322744403498474,0.000629339683302404,0.000116289088843855,0.000309245524548647,0.000129914752258996,0.000415386626125715,-0.000279225979392577,0.000357296751573955,0.000372436906261095,0.000225094205982464,9.29631367142273e-05,0.000125176039234827,-2.88859514450061e-05,0.00031906674050249,0.000669810516152638,0.000374155877302536,0.000724513953497812,0.000108013420789876,0.00130168659425813,0.00115634007384983,0.00107755020398706,0.00151448756675624,0.00295593174933916,0.00388388460934891,0.0051997493791838,0.00125558640825634,0.00441325856000756,0.00176210727169299
"471.771",0,0,0,0,0,0,-0.0737732436070694,-0.0335326088553339,-0.00183947884300926,-0.00062798444400195,-0.00015971013266683,-0.000622829895781206,-0.000150337293795452,-0.000926359420821626,-0.000467430262925342,-0.000286926411846614,-0.000450951605427665,-0.000825762420101257,0.0004260670608183,0.000980417093594203,0.000436090406249694,-0.000213353464123488,-0.000481818822456713,-0.000670069378212209,-0.000265597119426722,-0.000398834697142567,-0.000555006038410795,0.000138396876784967,-0.000183745747131614,-0.000446695352182638,-0.000239794648893852,-0.000606298726763961,-0.000581771225787251,-0.000647350118228164,-0.000231682767135723,-0.00063985738710621,-0.000515469499076074,-0.000526625469873963,-0.000900715346517433,-0.00029565666214602,-0.000146793161229584,-3.65403859638019e-05,0.000134169014471088,-0.000277083268006411,-0.000644689281588223,0.001111758373258,-0.000432819279730874,-0.00140647298850615,0.00142553368167023,-0.00138840086520556,-0.00101793065194106,-0.0114234288870676,-0.00250907119596783
"476.407",0,0,0,0,0,-0.0685756371338017,-0.0358306793478259,-0.00165888276140631,-5.55558161697181e-05,-0.000251292956663422,-1.6150290194064e-06,-0.00012838414146904,-0.000259347055296089,0.000555524451104772,0.000125694575678905,0.00033635099223352,0.00039455778622798,4.16322024124937e-05,0.00101756991600339,0.00107495783310726,0.000194529484508227,0.000288166612032378,0.000252819551071222,7.89585031912246e-06,0.00044035914512011,0.000248886610663991,0.000145910870467477,-9.92257621655513e-05,-0.000511003317715152,0.000399666246854875,0.000134322077611795,0.000185951682453393,-0.000383965359945708,-0.000107563717986311,-3.19462657525726e-05,0.00056136919770022,0.00044199267862115,0.000139986119715885,0.0004531729990813,8.38917282313677e-05,0.000235359631519636,0.000424612499069707,0.000936008150344794,0.000612251932535838,0.000267923455310573,0.000745053985576977,0.000913065690435392,0.00240326869845944,0.00218646724377561,0.00418291212193569,0.00793776012678443,0.00643489957755238,0.0038259799910357
"481.047",0,0,0,0,0,-0.0363069813871667,-0.00175882695790752,-0.00023987110230053,-0.000190361862237278,-0.000187948134508215,-7.56707918568252e-06,-0.00014263698221251,-0.000241968745477067,-0.000318965113173858,-0.000227920552267137,-0.000167816582302834,7.66183775661069e-05,0.000140088702280727,0.00033673700790646,0.000475402444263288,-0.000333562932361458,-6.16969964271984e-05,3.46627922666216e-05,-0.000328092017755497,-0.000454588699647113,-0.000294602729475059,0.000366821717190422,0.000129581768883956,-0.000311027359300937,-0.000397555146533269,-6.6799469813962e-05,8.87805174230514e-05,-0.000127472377940486,-7.65806728492099e-05,-3.98727295765903e-05,-0.000200489254738982,-0.000246829686781213,-0.000372924653837565,-0.000294307979736662,0.000282154766694195,5.55994009911307e-05,7.24674880125777e-05,0.000172725697883727,0.000335136124190532,0.000391288420807029,0.000805195640451771,0.000101233798644505,-0.000636901763367109,0.000227571860322971,0.00247283255586851,0.00573262831401537,-0.00605105734207335,-0.00159907521476932
"485.688",0,0,0,0,-0.0664967636001696,-0.00384667956436045,-0.000128337534678849,-0.000174579413513198,-0.000180430992014058,-0.000565244085133791,-7.6206527855877e-05,-8.40360863333832e-06,-0.00096655797763374,-0.000213017420247951,-0.000213571099120807,0.000261950437226388,-1.35476778849453e-06,0.000189716095550057,0.000368887317008935,-0.000113644374605371,-0.000343216622715455,-0.000419858769227145,-0.000182600199708156,0.000117678867386567,-0.000191676797851786,0.000139580068223503,0.000283243312648326,-0.00030491069350015,0.000243701382734895,-0.000217951831490237,-6.69649091164253e-05,-0.000230239891152612,-3.75911928662561e-05,-0.000405634690974479,-0.000436065971218373,-0.000142373580338388,-8.90269108718737e-06,0.000438375904338185,0.000196468659848375,-0.000335353680140889,0.000402524595985953,-0.00078627185943249,-0.00040033501573106,0.00122135861226987,0.00147672003297147,0.000488121871092047,-0.00053075359998844,0.00215382078686816,0.00317505822205686,-0.00233197875546085,0.00232638139288169,0.00879762469200737,-0.00482609172397541
"490.333",0,0,0,-0.0576029747529785,-0.0050712751727266,-0.000281713155074627,-0.00016767880427607,-0.000256695557015611,-0.000224236073374319,-0.00035731646388643,-0.000189171313489131,-0.000358382445994787,-0.000663812117698478,-0.000266393767634624,-0.000221194102385877,-9.03287207399519e-05,-0.00044288287426044,0.000286541385703753,-0.000418300548930761,-0.000160674182853168,6.48367959010973e-05,-0.000420242953707374,-0.000670425237699649,-0.000707978363139088,-0.000223970349895051,-0.000365354092302662,-0.000996228523295878,-0.000442651897304629,-0.000380993100409434,-0.000594550052567243,-0.000320302546107216,-0.000200931583050495,-0.000232967895055957,-0.000559205919517569,1.56559499013755e-05,-0.000351731133030972,-0.000229753457583721,-0.000327208525723132,-0.000127943857784099,-7.34906131904205e-05,-0.000123245694894024,-0.000387622059187098,3.98056034473902e-05,-0.000306007820464704,-0.000605315593810879,-0.000297192030786803,-0.00065799516726234,-0.000638768655800693,-0.00199626569337427,0.000256929521678892,0.00105688720503756,0.00902643198124048,-0.0204011496810889
"494.979",0,0,-0.0585876370613506,-0.00501454385019654,-4.39435112980155e-05,0.000187579020918106,-0.000103466046244254,3.82492381370912e-05,0.00026165116877413,-0.00016981114075171,6.83336814085951e-05,-0.000126972624718615,-0.000327776052921037,0.000410298635638931,0.000472296155832175,0.00080472574156118,0.00121069587670668,0.000618284391250485,-4.43930530242865e-05,0.000791006471394157,0.000622008419165189,-0.000271196828801692,0.000470035555461694,0.000665664110326351,0.000335879703259801,-6.99293347685351e-05,-1.52852016924349e-05,0.000564926205420842,0.000243909007028242,0.00039128010861804,0.000156392787285445,0.000223004706408918,0.000622907949023418,0.000153180365561515,6.35858225398157e-05,0.000167197934109219,0.000326698316903313,0.000130860522648448,0.000157362263360736,0.000723745391940607,0.000705523014017777,0.00130785695030136,0.000694233801325629,0.00191081560745348,0.000142586942487449,0.0011894390124846,0.00129072140172399,0.00258168775605968,0.00313992608948326,0.00449402805069921,0.00682981156108227,0.0306002775295421,0.0253056069561339
"499.629",0,-0.057319996093697,-0.00567276418353026,-0.000490895104884684,9.04586198743197e-05,1.18618763799551e-05,-0.000210702459829411,6.80284521824428e-05,-8.29787199434964e-05,-0.000175138577947568,-0.000119448772271108,-0.000837688782526766,0.000387116163878503,-3.89586775526461e-05,0.00011853618505714,0.000369987872254139,2.19679803719064e-05,-8.06732227293374e-05,3.08133120291345e-07,0.000477867050135228,-4.62120959082777e-05,-0.000592499140149809,-8.88823413697573e-09,-0.000343942500061206,-9.56125093973383e-05,-0.000154783190048971,-0.000160040548269187,2.29912623488668e-05,-9.82257909344196e-05,-0.000209637943923278,0.000252009452422459,-0.000266502077521171,-0.000104806324271327,-0.000205917692358624,0.000323622432918704,3.30421178799197e-05,-5.29546809827378e-05,0.000111261119874433,-0.000146868376375079,-0.000281831062206963,0.000345230639537814,-0.000349462756021021,0.000491394499336581,0.000440965540985168,0.000851025527402436,0.001057242009164,2.56462867824548e-05,-0.000182689306159526,0.00163609885637024,0.00399006318036354,0.0266495397519719,0.0369995029972624,0.000617903936158612
"504.281",-0.0626190305408297,-0.00606014122235377,3.39838568689829e-05,0.000130786044988347,0.000183239991753662,0.000368588895653531,0.000102735253410865,0.000357620029416236,0.000260492505513725,-5.09975265732745e-05,0.000398783575773898,0.000444354079490405,0.000356198623407539,0.00045842495181341,0.000765880734996314,6.75439088952245e-05,0.000469167065999572,0.000210564839636576,0.000319861077462655,0.000112592026793529,9.25176488014402e-05,0.000401143108225892,-0.000260142377927495,0.00048692548744578,-7.90250441769943e-06,0.000162555223257797,0.000435045008586517,0.000539975868569917,0.000569049676977023,-7.45755926185575e-06,0.000645428078111254,0.000747967123693088,0.000388839951028452,-0.000137376906933162,-0.000110532949093605,0.000850022206032556,0.000360542802299332,0.000790755230166673,0.000244961138041443,0.000658227019640956,0.000825412382610852,0.000542869003159662,0.000505420737224887,0.00112677250055936,0.000514863041010863,0.00044445251458157,0.00100893604070958,0.00145102681423272,0.00354708651041933,0.00877899396762482,0.0398602871345507,0.0156892543731279,0.00917631282728773
"508.936",-0.00679374976653037,0.000316310188457108,-0.000217236721320669,7.97444578796178e-06,0.000337119662031569,0.000276585097106549,3.87240420749497e-05,0.000214062902558515,8.12135001278455e-05,0.000149943958026413,0.000738271658463894,-5.22119794827807e-05,0.000243313368936241,0.000737962085783365,0.000798380701319311,0.000620778137296693,0.000390377664849702,0.000362528097441366,0.000388946394192758,0.000167864254877667,0.000524344577906834,0.000433487002444923,-3.45494663294641e-05,0.000316611131845844,0.000237550397116765,-0.000254316065456675,0.000212655450033255,0.000560021230844944,-3.76325825566632e-05,0.000126839404547808,0.000243577801160575,0.000442015567514156,0.000148656909984375,-1.53061450744528e-05,0.000345963602992313,0.000173759314494913,0.000603557897619281,0.000379229144443311,-0.000156005482327619,0.000987341055826485,0.00142027290740954,0.0007801151704467,0.000714199538595552,0.00127235021926969,0.000653465203485147,0.00138988325516333,0.00220806502772411,0.000871289581293516,0.00166663580042483,0.0239483237848701,0.0262465818562893,0.00818030802033278,-0.00246825742385447
"513.593",-0.00062997134933966,-0.000580536618566737,-0.000784249724622984,-0.000234918051974413,-0.000378294125458209,-0.000340531214566133,-0.000562336503328748,5.91401337404036e-05,-0.000412056954330119,-2.88843894360956e-05,-0.000173446119359715,0.000144170986760024,0.000311856308815294,-0.000796721200806465,-0.000391518517998589,-0.000576228427485171,-0.000799311726471283,-0.000688620162948181,-0.000351352015128573,-0.000297176664844127,-0.000740941302210658,0.000120545746586334,-0.000694723614997265,-0.000622648262885561,-0.000685429182947967,0.000175870445138821,-0.000105623787738845,-0.00011272544100012,-0.000435151251964121,2.97165835339716e-05,-0.00024944114255137,-0.000512931870806246,-0.000273602080724473,-0.00018118346571521,-0.000336385599330875,-0.000346444855433759,-0.000513350158298892,-0.000487906870003873,-0.000203546575365146,-0.000165482166338315,-3.01054633300023e-07,-0.000692043263091955,-0.000342180456132758,-0.000241272650600656,-0.000315554872059393,-0.000794618993353416,-0.0010715553789557,0.000237871315404333,0.000269518835069107,0.0307115447432638,0.00675457855205877,-0.00344932236027912,-0.00702992574313224
"518.252",-0.000318931355178564,0.00041693555109896,0.000514113107748821,0.000362450768406021,0.000396319413049911,-0.000625661661355125,0.000110762399577833,0.000335259696078182,7.59341598746737e-05,0.000115862998656902,0.000435407120568811,-6.5747755258189e-05,2.04761945860575e-05,0.000112553593287745,-2.14941010037045e-05,0.000250482108979134,0.000174191930630401,0.000143438328599819,0.000236041113660646,0.00018471466289672,0.000382245628644022,0.000197214160885466,0.000153594430598514,0.000123898846345043,7.05684346782013e-05,0.000297123505958172,0.000495714072097318,0.000396685412728685,0.000126991071226209,-5.90260469327788e-05,-4.38173841272257e-05,-0.000131201193609398,0.000139865075338851,0.000217620343789938,0.000342227840978746,0.000336207189825697,9.51485399797201e-05,-0.000109911063738814,0.000173538488871957,0.000236500669518527,0.000285468477862815,0.00024933120909981,0.000942422255748055,0.000704398012716107,0.00064620884738413,-0.000415959289960676,0.000447480746399173,0.00211265803324768,0.0153901759379105,0.0265125315459025,0.00168109713206825,-0.00279957412659982,0.0063466003600647
"522.914",0.000209985769413069,0.000518182878110759,0.000749508058530829,0.000584503322093502,0.000324714907852225,0.000512999712385284,0.000364205421260139,0.000109397013285171,-2.40933088292682e-05,-5.58447943735761e-05,0.00042306915861065,0.00110740736592195,0.000531079276771007,0.000434880210212737,0.00060387986413171,0.000263251265125704,0.000293631537808791,0.000633767826527541,0.000712837571147735,0.000761889025493848,-9.06497985792301e-06,0.000426427681139664,3.39203935227726e-05,0.000155551932700396,-2.35181123283989e-05,0.000136185635513379,0.000380926688468937,0.000104271139247714,0.000757532312338636,0.0003081458053953,0.000261343350382174,0.000297033996921096,0.00062890099907622,0.000410330312242828,0.00026279637583782,0.000423660007525077,0.000352622635592616,0.000618844994788939,0.000757329988496094,0.000398646173487547,0.000741953282786619,0.000601986453673609,0.00102798198694296,0.000938495507182987,0.000503873028343106,0.00134688621457412,0.00106161646503372,0.0037785353771891,0.0227085925743744,0.0110609293830625,0.00820624496735995,0.0045624635958706,0.0222056990322887
"527.579",0.000779456594735073,-2.8206818664753e-05,0.000349122492032539,0.000128065178375312,0.00030388854908673,0.000170776228055034,0.000110141148594346,-2.611178253365e-07,0.000193685420985095,-0.000123935745857985,1.85743629005572e-05,0.000225638751593231,0.000182114743062355,0.000399489091327618,0.000388148759583399,0.00057647028153251,-4.5196994898817e-05,0.000316826667650396,-9.5551940814499e-05,-0.000128313126584827,0.000117549652530853,7.69752946468362e-05,-1.6990933148492e-05,0.00029562252738638,0.000358391652982159,0.000507319148691401,0.000500281283215183,0.000491049773455144,0.000289597272578046,0.000109984020624046,0.000166947537290905,0.000304345103518669,0.000614309146744071,0.000298444826562631,-4.65196846288583e-05,0.000269006944442103,2.57160166386399e-05,-0.000118402136542843,0.000105434436704358,0.000603092979988036,0.000971225820513917,0.000460297992017636,0.000468324113118382,0.00013392001869228,0.00158011556626876,0.0010361034138462,0.00192486759431411,0.00859639555165841,0.016744578378994,0.00172242669715356,0.00487452929028318,0.000734230689097227,0.0340718612332931
"532.245",-0.000211494935909232,9.43295998569173e-05,9.34794113166914e-05,-0.000296591050757521,-0.000104177207974883,-1.30780421881873e-05,-1.93206120894955e-05,-8.81764285669333e-06,9.37917431935139e-05,-8.61870428024896e-05,0.000241538184292447,0.000296850880771752,-0.00042048463315224,-0.000118986701966606,-0.000237274845474108,-0.000199569966994441,-0.000180865472330423,2.38119646282802e-05,-9.55633631169044e-05,-2.76679853756876e-05,-0.000552280641336153,-2.57016941734853e-05,-2.54898983774731e-05,0.000204908565411016,-0.000171602613643393,-0.000273015415075951,-0.000149348528877061,-1.48423352352183e-05,-0.000430862950788836,-0.000249425333210821,-3.62647788483541e-05,-0.000217683223942064,-0.000190483393547535,-0.000112161285736616,-5.4249875927112e-05,-4.10070673709339e-05,3.43048263632555e-05,0.000109030453097493,-0.000182253848563441,-0.000225139357135614,-0.000873937214661396,-0.000342458263737457,-7.83836866970171e-05,0.000238242424497696,0.000174546410531988,0.00101665817177941,0.000794359596840388,0.0180983513986928,0.00785926420382595,-9.10728395762429e-06,-0.00368163442032069,0.00341741956388435,0.0152340945439142
"536.915",0.000233807363009118,0.000123662769288765,0.000300588142496889,5.64890590946273e-05,-0.000147115591826372,8.26803203839119e-05,-1.93836847756098e-05,0.000165604356325498,1.65385556739318e-05,-2.96340466898314e-05,0.000276216477690893,0.000206502935323477,0.000244203466703382,-0.000254446881151862,0.000145058035718823,0.000452495177313347,9.87411629366589e-05,0.000551477107071268,0.000640132261766103,0.000175823087493511,-0.00031954925245975,-0.000628428912462263,-0.000162619097159712,-0.000149311355012037,0.000542444646160233,0.000618892754046095,-0.000112928910957615,0.000315224276670867,9.01129514920982e-05,0.000325667344194856,0.000498005668437221,0.000285066964877624,0.000250835753024938,0.000263623066062182,-7.03139550673435e-05,0.000435751847065561,4.34419096558529e-05,0.000348714407834521,-0.000261171511340572,0.000288764371063653,0.000176148574807589,0.000845535691535125,0.000577508183047609,0.000285174415240955,0.00140255443074346,0.00119217838287114,0.00873251889674884,0.0144874253916816,0.00235489912937228,0.00394731169669995,0.00120919280283712,0.0208363330136351,0.0281420675404846
"541.586",0.000419201537354111,-0.000230615475381606,0.000199806976553598,1.6255633944357e-05,0.000183204277973935,0.000303947900097083,-0.000141965363015201,-7.91441128253673e-05,0.000205386090226821,0.000116541486024031,-0.000116027045994825,-0.000348990747222977,0.000138907362329363,0.000113254083286283,-0.000337366222912272,-0.00010902662069201,-0.000192100224974504,-6.46614401816786e-05,-0.000470074018830095,0.000196664224472974,-0.000332402138992227,-0.000252271391580067,-6.92461485584848e-05,0.000184258796384661,0.000143154183374767,-0.000254944938329317,-0.000236207420840963,-0.000379609363078724,0.000136419496503583,8.97881751500312e-05,-0.000199951518681954,-0.000473261405970489,-0.000306102097477435,-0.000114207368219356,0.000402430043876231,-0.000141504973319145,6.13218857149482e-05,-0.00034369155280837,-0.000156500447342479,-0.000104379867282823,0.000545527015275064,-0.000493788996120565,0.000743418594038477,-0.000517449018868661,0.000975432909282767,0.00152619643896212,0.0109923315655512,0.0101941588562081,0.0010248951966788,-0.00158241542245605,0.00420026126115722,0.0066483877812314,-0.00498741875381379
"546.26",0.00049809794785842,9.6724873777228e-05,2.61851164699807e-05,-0.000551035067429054,0.00051862080778283,-7.13743140578862e-05,0.0002311625352579,-2.6153643547334e-05,3.67488272778518e-05,0.000135003232845909,-5.88686629389922e-05,8.83584867197514e-05,0.000585113842023757,1.51964663755165e-05,5.90522565902207e-05,4.39159625202856e-05,3.86919560337065e-05,5.69196330645417e-05,6.23825691884096e-05,4.7239850846872e-05,0.000306671295966464,0.000306804119241402,0.000121984949066522,-0.000464013989209277,-0.000248069538950961,0.000178909143156761,0.00032206959189689,0.00032849053382705,9.15369378483066e-05,0.000542233612871911,-3.73228302394729e-05,0.000334889495658248,1.50905592242294e-05,0.000306528378662787,0.000119226805227643,0.000226355388851867,-0.000158961709611936,0.000813502010821719,-0.000177197424287794,-0.000115506238948591,0.000168074574439982,0.000703056605127656,0.000240328442190068,0.000947977809014187,0.00057150365069194,0.00957359006230638,0.0108376831473876,0.00214889614525445,0.00272109623007256,0.00375568797379685,0.00737002746983142,0.0242467798257913,0.012027025278205
"550.936",-0.000708986172515418,-0.000886758372602626,-0.000202995191074401,-0.00067947548957403,-9.30003776995645e-05,-6.10042945860094e-07,-0.00015970430055665,-6.65511352986202e-05,6.62320874405733e-05,-0.000336683634820356,-0.000373460003449739,0.000119643725692905,-0.000126038983812777,-0.000283810975424949,-0.000163603407002437,5.89589603809172e-05,-0.000358390137065437,-0.000360623337101123,9.03015854787029e-06,-0.000199345953739719,-0.000402572501271886,-0.000458924430774245,-0.000395016923700463,-0.000407636065339512,-0.000274079384889398,-0.000172407189227833,4.41422562627743e-08,-0.000130817590784669,-0.000399671646782218,6.83585767866478e-05,-0.000751002680219994,-0.000464859471498801,-0.000242178235844233,-0.000339752491369351,-0.000360074785081738,-0.000329080060580588,4.46452102283951e-05,0.000113101987698844,-0.000357098029501189,-0.000127004313954858,-0.000666338544184634,-0.00032973287549898,-0.0010508253302441,-0.000478595645712928,0.00158440123389408,0.012976287109504,0.00507930973903602,0.000121066806966475,0.000616321065738036,0.000736205980273042,0.00528735590691227,0.00134781548673064,-0.0116517778918894
"555.615",-0.000251569822479444,1.18179753140013e-07,-0.000370915430965132,0.000116117077946154,4.26867291857248e-05,-2.15123315590376e-05,1.76320348424562e-05,9.22782194685782e-05,0.0003075799407513,0.000135045026420859,0.000372541438565098,-7.55684933789743e-05,-4.73761259617425e-05,-0.000161341131912697,-8.1913049446916e-05,-0.000265653394738082,-0.000312108393559718,-0.000517096526997837,-9.89279032095194e-05,0.000275876230422756,0.000159394211521818,1.75231918416243e-05,7.91103108507318e-05,0.000289132449887121,4.02859540989692e-05,8.62126786326345e-05,0.000123887796926336,8.48619767465504e-05,-5.37838894486183e-05,3.79802892187114e-05,-8.27144020364728e-05,-0.000217792024019535,9.0823934030216e-05,0.00010826235150244,0.000376556761621628,0.000515080641017406,-0.000169456580172885,-0.000500052322452085,-1.98838279632281e-05,0.000169423114139495,0.00014687149651723,-0.000317969311500919,-0.000149165533187069,0.000724676328176394,0.00579669073917088,0.0125533149840379,0.00274162572365564,0.00122607068463864,0.00208763263424513,0.00505062110815251,0.0069140984570395,0.00140054186269676,0.0221633030261503
"560.296",4.36093162083558e-05,-6.85546291700068e-05,0.000319286220853359,-2.50484999641945e-05,0.000265568698637295,-4.40053437122533e-05,0.000270880307813729,-8.83626609037586e-05,0.000190286987583054,2.17710496817572e-05,-1.31935026009347e-05,-0.000226512040686171,-0.00032443892270558,-0.000123498837143518,-0.000216916356796007,-1.1388995747679e-07,0.000446597645013145,-0.000156574383375349,0.000289415678393837,-0.000105168767968914,-0.000141249616118722,0.000212931673116598,0.000264836244922465,-0.000384720707855245,0.000502707040423535,0.00018910887678735,-0.000644941268342177,-0.000681313338563366,-0.000169896638926669,-3.04955501845899e-05,-0.000574058560396032,-9.05339270675625e-05,4.5596774191906e-05,-0.000139813941421002,-5.65850688965428e-05,-0.000271500323625128,-0.000456715342684439,-0.00017066673457188,0.000159544645863159,0.000148806266180452,-0.000409029222069103,-0.000393020714737008,-0.000542502026341896,0.000121918081940523,0.0104570786613006,0.00542766966504184,0.0012074802131301,0.000584331030677989,-0.000276950090752323,0.00333646827624499,0.00579560938171506,0.0106703544069737,-0.0180569792158049
"564.979",-5.53107415760529e-05,0.000168147258779147,-0.000286403233524143,-0.000361692538865525,-0.000597971362502371,-0.000634205675255465,-8.36542410282389e-05,-0.000127943687365084,-0.000254078653352267,-0.000167642218290508,-0.000167211380410901,-0.000457146657064501,-0.000630288882990876,-0.000716054636092993,-3.5163370097319e-09,-0.000216820853406384,-0.000229295078541807,-0.000382656042531937,-0.000228123812282741,-0.000549356640128409,-0.000408538619754355,-1.75042391317817e-05,-0.000169251520450059,-0.00078479206127426,-5.72557286944342e-05,-0.000421419186051258,-0.000235162665113984,-0.000218755621897241,-0.000468007010933105,-0.000700855433152601,-0.000548802387258285,-0.000456614205361762,0.000184328076482706,-0.000266448859896698,-0.000722918007775742,9.41310395903682e-05,-0.000235038119719885,-0.00036335336274779,-0.000322151320353156,-0.000193175743103842,-0.000756860583143134,-0.000793203577372191,-0.000369788377985986,0.00167745922211747,0.0110372358047872,0.00116359700489627,-0.000672950194722022,9.22626187175334e-05,-0.000166654337318162,0.0056389968281071,-0.00224070733278456,-0.000482818504370594,0.0184742901696548
"569.664",-0.000211901464067405,0.000189282911172928,0.000207246365640455,-0.000186656940824383,-0.00029043305574653,-0.000238113925221314,0.00019104041186188,-0.000219846790713399,-5.55760932738469e-05,-7.58048171942767e-05,3.22124962130776e-05,6.14054704876486e-05,-8.01167731402997e-05,8.31303930123384e-08,-0.000395337565999597,0.000263563161731075,-0.000270800974100064,-8.377584708568e-05,-0.000202224215572937,-0.000242832082137652,-1.91379834725816e-05,0.000297659738408595,-0.000574344503724339,-0.000338586507399383,-0.000535815026157439,-0.000296356469172479,-0.000315900261045801,-0.000181175824537729,-0.000188409889695024,0.000186160323232453,-0.000238001182092076,-0.000444579639003486,0.000131526130877997,-0.000244697066047814,-0.000147267990040999,-9.51258999482379e-05,0.000245763988061369,-0.00104968017943475,-0.000152159204337014,-0.000681395450566178,-6.96078650638878e-05,-0.000549295899344632,-0.000125739636343236,0.00413042204341067,0.00674319887454941,0.00162204187516877,-0.000234317978041359,6.1527383512248e-05,0.00444632725231047,0.00383601117640492,0.000766282141310668,0.00225757721855985,-0.026303028604903
"574.351",-0.000124004819077039,9.04644411923603e-05,0.000190510470223782,3.34969521363737e-05,7.29293110426146e-05,1.33072154614141e-05,0.000204081967834945,0.000301482749991892,-4.06536905937492e-05,2.31246086993026e-05,9.1201782778084e-05,0.00011606539765209,0.000324176123671588,-4.74377502029989e-05,0.000184039230884746,0.000129068646956887,0.000184753565339419,0.000439454472740489,-9.32301498796594e-06,0.00044072584417371,9.63331804250663e-06,0.000154764270112623,-9.04803975938578e-05,0.000315345472908711,9.97295028592596e-05,0.000541292326720175,-0.000135371055038115,0.000420776005717427,0.000126812020555966,0.000172236935435481,0.000371715604408451,0.000332351574720743,0.000218447638269369,-0.000262770886127896,0.000206290259688381,1.74297098801363e-05,0.000532483151801912,9.74747537715377e-06,0.000173855260514254,0.000523274947325167,0.000103969376706559,-6.28991934945038e-05,-0.00221922705446385,0.0029186181964152,0.00195680069737335,0.00207676444995092,0.000947969737727437,0.00173462593516822,0.00666984319284062,0.000587761378961911,0.00451443889000515,0.00669635775552714,0.0116049619702065
"579.04",-0.000170406751900481,-0.000344527092624155,-0.000423380617431047,-0.000803031969770019,-0.000671449860866658,-0.000378379702918562,-0.000294392129970838,-0.000173382858739091,-0.000209417363172569,-6.68140143664247e-06,-0.000289503965030405,0.000233567802405403,-0.000270350417342867,-0.000383156084726455,-0.000611191080305048,-0.000130452629106207,-0.000462041560891991,-0.00100611174726129,-0.000664127225600736,-0.000622726461820683,-0.000418866088921756,-3.70907166682239e-05,-0.000895009701747849,-0.000583842444174096,-0.000729912582252207,-0.000212173477040945,-0.000626877498690281,-0.000640543486121064,-0.000335359795200536,-0.00056841040245685,-0.000156222433586892,-0.000366771526262034,-0.000291468888859458,-0.000329661774210587,-0.000916223239722705,-2.69836074728604e-05,-6.49027196359317e-05,-0.000774486669834042,-0.000681164382267346,-0.000176557412506865,-0.00134050213959028,-0.00072410757637258,-0.0112393264118801,0.000423521027648949,-0.00156798021391981,-0.000288848768608679,-0.00177834736538756,0.000312363798740337,0.00182555023188061,-0.00705948898856809,-0.00526799270230377,-0.0137265962439021,-0.0239840811999132
"583.732",-1.16218478397485e-05,-3.02656821918167e-05,-0.000150279657825651,-0.000122932855911919,0.000108013129278967,-0.000104072153097658,3.1031077623997e-05,0.000182877766885778,-9.78102353866153e-05,-4.78113947755396e-05,-9.93237573429829e-05,0.000188481420353654,-0.00024731265062863,-8.83653775487262e-05,-4.67058160918955e-05,0.000161899235135193,0.000342605145885693,8.58350642009192e-05,-8.46635725406241e-05,0.000367758804108533,0.000764552620056942,0.000415628332958929,0.000110307606106991,0.000560438249968335,0.000346065791760295,-0.000229692451952313,0.000137516645120586,-3.21540899260361e-05,9.67285116596778e-05,-0.000103240833685426,-0.000188702365998909,-5.50300399869287e-05,0.00019027944472903,-8.8987504550791e-05,-0.00015087664541615,-0.000141537242431128,0.000214267333749029,0.000709904414493314,7.25738493528779e-05,8.80552725165662e-05,0.000294602047143724,-0.000395835526591597,-0.0166674281714999,-0.000524749210784801,0.000320642692572145,0.000897658516330802,-0.000693920989979312,0.00595632442966806,0.00213035190507773,0.00189666035281692,-0.000531385209932008,-0.0049754486552503,-0.00133596949556432
"588.426",-8.06027944967123e-05,0.000390313591523321,0.000404463978951766,0.00122852486049431,0.000397797085889754,0.000462270127336131,0.000119956981102287,0.000252939870430005,0.000242118368773311,1.17732390488443e-05,0.000485720646000651,0.000600485263352511,0.00022334713020416,0.000653714701708934,0.000273946895418338,0.000604670066623269,0.00076252762406786,0.000198398842591093,0.000662493502211248,0.000299867861504358,1.97225831559822e-05,0.000473838435593667,0.00102542805585209,0.000617170719599776,0.000415820371223883,0.000115405530757995,0.000496019474422234,0.000429356927315556,0.000452684916258262,0.000535067319745963,0.000790395188457723,0.000631251130156513,0.000278951199502621,0.000593298489386963,0.000387459298035755,0.00047952774243099,0.000412255885816504,0.00054519370369654,0.000751553671679766,0.000533747180641079,4.6327389921759e-05,-0.00431678027650723,-0.0142743582939762,0.00123216528789135,0.000964517946068295,0.00293113106547791,0.00190906377006577,0.00556675914948866,0.00223182991766691,0.00466127770394967,0.00567869692618424,0.00217844564010033,0.00707037790875817
"593.121",-0.00034774790414721,0.000176351865732464,0.000425193735403825,0.000726980299562699,-6.8515456866049e-05,0.000173091748311148,0.000110071611143661,0.000119977237220446,0.000134575943310487,7.76572580224199e-05,0.000334291595099839,0.00013505776521718,-0.000133176821865525,7.29954096612629e-05,0.000471972093492608,0.000537611564153559,-0.000494405328087771,0.000355418502360434,0.000456617344766334,-1.98785986322266e-05,3.95573738256186e-05,0.000214717344827692,-9.32438298150383e-06,0.000332449546585473,0.00035824051536885,-0.000248732308000958,0.000351432290634543,0.000187285487866323,0.000219558324579261,8.12287751881613e-06,-0.000174755975765749,-9.51975411550369e-05,0.000208038624075407,5.72240584680465e-05,0.000474016000077609,0.000160330606978585,0.000160028543554125,0.000338548968869038,0.00044051349506517,6.65304819588953e-05,-9.04688598884224e-05,-0.00805760179373566,-0.00613575145863693,0.000586738943715329,9.564032922159e-05,9.14263856940127e-05,0.00170421479534377,0.00540285615977897,0.00208300154168234,0.00214415762253073,0.00275715717120303,0.0013610746385744,0.00826661297630103
"597.819",8.92621776916887e-05,-0.000185350668976833,4.48091019157118e-05,-8.97199792581575e-06,0.000182469780537076,-0.000328236546004808,-0.000559538324014134,-0.00027469497675338,-0.000417132425757306,-0.000175665774361212,-0.000336619646556129,-0.000408006344576083,-0.000578006776214755,-0.000236813910607034,-7.12112413203395e-05,-3.13082177488044e-05,-2.39102204264931e-08,-0.000357557480336778,-0.000267878477598155,-0.000121410791654443,-0.000438365881734068,-0.000375918753190606,-0.000373630151187827,-0.000235496456018874,-3.43608644703759e-05,-0.000133527089852089,-0.000550758209324913,-0.000450407189488124,-0.000923740170773382,-0.000306791665334533,-0.000231718996263671,7.1726871456515e-05,-0.000652292089641505,-0.00051783683319068,-0.000536637354926517,-0.000700342051869,0.000293511064014401,-0.000301413661433183,-0.000411902374328293,-0.00041735836011059,-0.00132292590310813,-0.00695030442037892,-0.00160636889538832,-0.0004924934218763,0.00040199729496567,0.000822278248716249,0.00304717527537588,0.000289073859205437,-0.00251082826606401,-0.00380695950024658,-0.00225029870857965,0.000671878662610602,-0.00337870753117544
"602.519",-0.000133345307521898,-3.03396133531425e-05,-0.000794677709480904,-0.000195527092985119,0.000376062673579337,6.29650035764048e-05,0.000239363712855451,-1.42475744328979e-05,7.3377572898122e-05,-6.07084470310988e-05,7.45593436712513e-05,0.00049058169316917,0.000126584130048875,-0.000172558185833961,-0.000685920478376635,-7.9060062783622e-05,0.000158724197031223,-4.68314227080848e-09,4.81977763656561e-05,-0.000142493729574186,-0.000592348141269721,0.000198511468817356,-7.53042323256292e-05,9.09208843630882e-06,0.00030266036458932,7.28343458728225e-08,0.000132566202318387,0.000123756242928519,0.00023088062814825,0.000162719599991536,2.41620531303904e-05,-0.000249349934285344,-4.87255103253721e-05,-4.96987178373973e-05,-7.72937811914754e-05,-2.72482646361488e-05,0.000486869923638297,0.000100442329648657,-0.0004682681971596,-0.000729490997161153,-0.00125338200205166,-0.00407233598923221,0.000100566496074798,-0.000992308384989727,0.000539994799421839,0.00213978505937507,0.00290601020818726,0.00013002921702177,-0.000995149943553443,0.00200099514160191,0.00542311073877887,0.00170969099023138,0.00583955962555346
"607.221",-0.000996182718327029,-0.000568980178287244,-0.000190929671245053,-0.00012562416215795,-0.000364531506193692,-0.000241450683313646,-0.000177180445043323,-9.94636576210605e-05,-0.000328538591538091,0.000135055696289168,-0.000260375541800368,-0.000820382118287174,-7.66921873919442e-05,-0.000780214381011092,-6.43566898120749e-05,-0.000183371180265585,-0.000615510134383641,-0.000195118002654631,-0.000535221412815875,-0.000442104248631102,3.03326218455567e-05,-0.000372910213064072,-0.000379986363951875,-0.000321755379622869,-0.000157080574833597,-0.000279814712147164,-0.000292530180958008,-0.000574724322229352,-0.0005735354846176,-3.28007208642863e-05,-0.000365705147927778,-0.000348952706366106,-0.000466809754765603,1.65855938635227e-05,-0.000727742315618267,-0.000858480539947741,-0.000722765105018925,-0.000826529560717954,-0.000333008998066718,-0.00107868745804026,-0.00201753296252605,-0.00105708842129663,-0.000452379705595516,-0.000200605468902169,0.00017595925776048,0.000840800724551508,0.00108024262604593,-0.000464634892742566,-0.00363961881564803,0.000634347347324404,-0.003836762864975,-0.00293400694190112,-0.0181090167661746
"611.924",2.1291460107379e-05,-0.000255451625233328,-0.000606736656055368,-0.000479772839276583,-0.000297281227343732,-0.000444097703627863,-0.000308853814817328,-0.000162390561413967,-0.000224626702878735,-0.000217613612367519,-0.000421033516026733,-0.000295255325088063,-0.000661227200772929,-0.000443743174495528,-0.000836888206846881,-0.000185084038942851,5.96229480971513e-05,-0.000761134379658138,-0.000402923760928387,-0.000414951796856914,-0.000951145016313995,-0.00108980582081914,-0.00047948044111433,-0.000213159144872198,-0.000405115088030699,-0.0010016108822794,-0.000227903792712954,-0.000546697016489715,-0.000529041549893903,-0.000845725688669305,-0.000262565071347459,-0.000286696335442782,-0.000413452910289515,-5.89113860426738e-05,-0.00030592897266649,-0.000737513846863234,-0.00101186849921325,-0.000721011913391086,-0.000401894219614074,-0.00127385833618006,-0.00138740580802268,-0.000680444226218106,-0.000441558862649539,-0.000387540336775458,0.000100185657294125,0.0030956323493151,-0.000807533759261619,-0.00127197063392531,-0.00358859291417726,-0.00198135498150268,-0.00965445047823626,-0.0060456716033744,-0.038277029993054
"616.63",-0.000796255050689786,-0.000322813834470167,-2.94272443110177e-05,-0.000329621980246751,-6.29085008148778e-07,-9.45784829054117e-05,6.56886321589054e-05,-0.00022726534354692,-0.000146354427357558,0.000144179331393784,9.69473520708863e-05,-9.98125805886159e-05,-0.000234636364316066,-6.79514786478818e-05,-0.000328597302147518,0.000325413240226207,-0.000103315685934546,0.000199250844782258,4.98216880376625e-05,-0.000493379415460748,-0.000848156250028052,-0.000361075519456412,0.000116315700568348,-0.000601113516766608,-0.000240626920786717,-0.000294523869684275,0.000264609880438142,-0.000510083960709407,-0.000347725384984699,-0.000301685774317759,0.000141056527818688,-0.000223767692957848,-0.000284559321438409,-8.85202678301098e-06,-0.000194750979853743,0.000344411854869969,-0.000167845556480748,-0.000126133165325654,-0.000869861890734361,-0.0014157445458689,0.000283583487203929,-0.000161860583689919,-0.000149155623012965,0.000697773625158151,0.00151219732801296,0.00220655707895192,0.00098749094326284,0.00148850414507131,0.00166382588320716,-0.00206654255841318,0.00204123443952841,0.0122401394720918,-0.000993737212524035
"621.338",0.000339621454921971,0.000433991969221755,0.000255193010433591,0.000276810727330878,0.000119670416918804,-0.000182576138067387,0.000485983942835265,0.000340850171739275,-0.000109022908972522,0.000247185573209051,5.63558900999927e-05,0.000292397515347523,-0.000323681672814563,0.00021348985297967,-4.96934673275831e-05,0.000369067183155617,0.000416370439153305,0.000456278854456836,0.000130135894635739,0.000518222475698882,0.000364860975349817,0.000147537152043854,0.000234577852061556,0.000539242588786306,0.000116756924920811,-3.48264115150472e-05,0.000326757561765031,0.000565695981444685,-1.72475508371482e-05,0.000194245393850688,0.000183928875259924,0.000317376565950323,0.000193743276808857,0.000154731199296624,0.00033869625159976,-7.56867721765675e-05,0.000495170125011206,0.000290824488598527,-0.00232741556345922,-0.000224483571834667,0.000301270918570244,0.000258353896485823,0.000794359916181316,0.000411161510943782,0.0030854255257709,0.00174381751052704,0.000767151046500372,-0.000341022360940098,0.00197911819838516,-0.000770069924725039,0.0074140384693604,0.00902200137223059,0.0177905429513558
"626.047",-0.000441289743939353,-0.000536728058708095,0.000237805229580222,0.000149012292428338,-0.00014479751683262,0.000228492449648281,-0.000295531485210282,1.97443441445226e-05,-0.00014841130877063,-0.000153412914916023,0.000212915273169027,-0.000244408533994488,-4.44249907774253e-05,0.000327542643128051,0.000384545911888129,-9.10507801925084e-05,-0.000262717585479267,-0.000552798557336043,-1.01772680492444e-05,2.13858754047185e-05,-0.000442019493006709,-0.00020826445923307,0.000374989879007694,-0.000239114195530035,-0.000253825716049366,-7.04759516543379e-05,4.3482138883605e-05,-8.60692705257099e-06,-0.000138266011590777,-0.000196248403748358,5.91012599335739e-05,-0.000143312958568215,-0.000561615207967446,0.00032108085713529,-0.000153137164925481,-0.000541412822415598,0.000629942251748083,-0.00169862167501016,-0.00146942349662007,-0.000466310843319198,6.30481449505392e-05,-2.74459713311268e-05,-0.000333220985220331,0.00147120466280171,0.00178248018312877,0.00207181843296737,0.000373080156819412,0.00168727252863328,-0.00152110449427148,-0.0014408518664385,-1.27521488288906e-06,8.99788700830899e-06,-0.0113920579206173
"630.758",0.000928973748219621,0.000675347526152557,0.00060088054622561,0.000969570291808613,0.000699590375720964,0.000864618509658673,0.000484639562854445,0.000273089765900797,0.000383652900720887,0.000309919288402485,0.000315966261605639,0.00063082248153831,0.000669973261916905,0.000374579348944232,0.000574572009565005,0.000250974635214455,0.000805509026655939,0.000782223263393371,0.000255425262253221,0.0010682148033613,0.000159506828309016,0.00115333804809687,0.000289164953581124,0.000897268396799604,0.000512927386946031,0.000703280847533269,0.000816337927610405,0.000568481711928746,0.000951699226665957,0.000275920071599368,0.000435179192471327,0.000741045708078157,0.000438287327690606,0.00049999489843122,0.000426911794689103,0.000986118664672112,0.000625922547402598,-0.00207683943990034,-0.000974054599993911,0.000972939785882201,0.00116724318212677,0.00083253174691009,0.0019882802812171,0.00253676492965385,0.00314658297978783,0.00197135033760163,0.00203000636073519,0.00236640249578414,0.00452245608232657,0.0036970147563569,0.00574331025812854,0.0133187985740225,0.0362404063443564
"635.471",-0.000799302372524073,-0.000803219499047603,-0.000201836257989033,-0.000483834953647016,-0.000409966226826738,-0.000368137281438076,-0.000607616364670971,-0.000445445960272339,-0.000336477432457336,-0.000416826981719467,-2.20274769141306e-05,-0.000558493505939766,3.55955540801886e-05,-0.000377718710019624,-0.000366133624615076,-0.000337350432563748,-0.000383539249670916,-0.000806947925529866,-0.000782510818755718,-0.000402419334782056,-0.000332248325005913,-0.000444937666619757,-0.000924557516596778,-0.00097265774648002,7.38364151007514e-05,-0.000385808696523581,-0.000902223427023451,-0.000484681342111237,-0.000342750733694884,-0.000877478570353191,6.8783039947064e-05,3.43231732507851e-05,0.000121160278864264,-0.00076929737050669,-0.000165457452824483,-0.000165157595899205,-0.000914655013914571,-0.00366082860530247,-0.000909662424345604,-0.000884318700542895,-7.79516768231991e-05,-0.000699069242333946,0.000168466433107695,0.00121446290425572,0.00092711988606013,-0.0014951941283942,-0.000204459972983259,-3.51196568799159e-05,-0.00172662785097673,-0.00720929154417618,-0.00405081175080954,-0.00490639782703038,-0.00267451837091369
"640.186",-0.000100360692854801,-0.000447051409257263,-0.000303501487233176,0.00031359751258353,-0.000107296246422043,-7.57697522261579e-05,-0.000130855192675202,-3.01882591508885e-05,-0.000191073618959929,3.8695103797731e-05,-0.000348135029050932,-0.000551289491784961,8.70404308819315e-06,2.63186473321559e-05,0.000443576988725353,-9.64838479101092e-08,-4.46783818125024e-05,0.000188031887457559,0.000113513976040503,-0.00035937865929959,-0.00050469732555748,0.000212582393715239,-0.000322198867040898,-0.000117285724115303,0.000231183125576566,-0.000251642817084122,-0.000194888596034107,0.000397439437654322,-0.000158406647218777,-0.000165358095088267,-8.61814634222096e-06,-0.000258057582910685,-0.000173729014213629,1.73646122624514e-05,-6.49943081378446e-05,-0.000476113455021685,-0.00191688487726941,-0.00122160810983987,0.000159122489676863,-7.30409088891679e-05,9.05068497358163e-05,0.00026617288148595,0.000538342520780993,0.001093611221773,-0.00051442158945259,0.00208862607644211,0.000878519174681675,3.48953997904597e-05,0.000131918934107582,-0.00257270738609599,-0.00202680794152111,0.00727068374639433,0.0160276099715288
"644.903",-0.000442769114538528,-0.000452226784467627,-0.000235099008595722,-6.72653713375038e-05,0.00014945878975008,-0.000281801092322514,-0.000730780256327244,-0.000278874412337646,-1.13461603990937e-05,-7.9071818941919e-05,-0.000256558907209416,-8.7050377664862e-05,-0.000218791677999974,-0.000257949510859654,-0.00031061330066633,-7.69986997492109e-05,-0.000641733281977257,0.000152162056457333,-0.000229490950450812,-0.000187342689928814,-0.000716841908665971,-0.000389344099807552,1.01616979355765e-05,-0.000443141249060001,9.35636227987312e-05,-0.000545547713764673,0.000197209796205854,-0.000419723740605796,0.000178642412236125,-0.000642687710693889,6.9710373196399e-05,-0.000165394846047528,-4.39574187592368e-05,-0.000528858964697885,-0.000734273768349333,-0.00136174692917511,-0.00253227567530002,-0.000290260842101014,0.000333653769597999,0.000147062012657486,-0.000943507214574724,0.000212562148764873,0.00112144908018176,-0.000538073720822098,-0.00081258744579992,-0.000322641850621176,-0.00053284824701007,-0.00227474321229694,-0.00354231189060395,-0.00179782078623377,-0.00351839673483724,-0.000928603232823056,-0.0252779208160884
"649.621",-0.000153957423409975,-0.000206407404050071,-0.00113042132386116,-0.000545910693913178,-0.000395804595386955,-0.000501411427972829,-0.000297587269647907,-0.000426647014338442,0.000219147557558726,2.72905785985318e-05,-0.000267661134090547,0.000265028507643103,-0.000804354240900248,0.00015350850418111,-0.000804987183732104,-8.6688594459378e-05,0.000174188722975058,0.000241049458711855,-0.000158702204654118,4.47678409763251e-05,0.000308454789126515,0.00040503180618515,-0.000320143885916747,-9.00019650457074e-05,-0.000227633235580293,-0.000506996570892639,-0.000200009540479181,-0.000371346353045564,-8.12593281324642e-05,-0.000276695062489015,6.18766045709585e-05,-8.83570533854792e-05,-7.13560823341244e-05,-0.00030925044403958,-6.68742766153159e-05,-0.00159830907715962,-0.00260195964411558,-0.000155767282027275,-0.000245144050618054,-8.72211494593383e-05,0.000610795435059385,7.19387399255333e-05,0.000994966298483238,0.000598015993814443,0.000655425957495243,-0.000806302008324003,-0.000330425081893978,0.000540941941783047,-0.000454924959476777,-0.00251139537155619,-0.0058471856365861,-0.00147870002621792,-0.00553762640436867
"654.341",0.000963992898151558,0.000780123806059217,0.000284404687335467,0.000455394238826595,0.000136837250631822,-0.000133544041389613,6.51270215270116e-05,0.000318307574314013,3.49366201522706e-05,0.000163001726927856,-0.000151474939455679,0.00024197605295848,0.000140817080399401,0.000540485674929708,0.000177731826349703,9.66717424442903e-05,0.000130304570317796,-2.93853790266753e-05,0.000623319861709854,0.000521865864624213,0.000335496551478367,6.31318519581218e-05,0.00040897565598867,-0.000101818020898228,-7.71006713873324e-05,0.000402652384799125,0.000249300533971149,-0.000119468277127556,0.000312268415590063,8.17024252804245e-05,0.000188457958018505,0.000349345215029533,0.000162194810001177,0.000119410570047347,-0.000904892866436829,-0.0021189146761201,-0.000100576988310386,-0.000146972923756477,0.000651770245317747,0.000985483684382215,0.000795585108601653,0.00169280466300054,0.00252353598419248,0.000570656922426966,0.00045101644739771,0.000461046522254874,4.35943699447381e-07,0.00384272411709755,0.00193784889447909,0.000380506339636291,0.00482463306507406,-0.000775140722293912,0.0431791102026272
"659.063",7.86630677892161e-05,7.04389282191812e-05,0.000233611932481638,0.000509149060149917,0.000137859110105939,0.000316263587899182,2.38968834278567e-05,3.6852127128556e-05,-0.000118111482155651,-0.000212660107466873,-0.000700857446729094,-9.17342155143376e-06,0.000321814592979356,-0.000498914875800759,0.000304683878092839,-5.45731338257277e-08,0.000168992075175642,0.000513508629229433,-0.000509234731606665,0.000183040277340771,0.000609125315823135,-0.000117143791348079,-0.000116341020773809,0.000255854341107108,1.93623493793316e-05,-0.000122730764965869,-0.000437568125628867,0.000213289057894131,-7.39877469147235e-05,-8.2191109654275e-05,8.14706070911305e-05,-6.32856569913895e-05,0.000400499089316533,-3.78531511841752e-05,-0.00138773999400699,-0.00121897431305467,0.000128078414099476,1.09023618367707e-05,5.96668342665268e-05,-0.000484448665793401,-0.000531422145975936,0.000941907919087503,0.000226159526075031,0.00103997584110628,0.00103917995541691,0.000490868639484998,0.00242960265315245,-0.00166092037906287,0.00158316112525824,-0.001737225965859,0.00334288798812687,0.00439630017015306,0.00235768830575312
"663.787",2.63566786358284e-05,0.000142918440275982,-0.000301772886581631,0.000273341865431044,0.000332380625889177,-0.000160348962651351,-0.000218252786184095,-0.000299337429311533,-1.20979479036169e-05,-7.68222174297864e-05,-0.000116063029437517,-5.54303384111581e-05,0.000326494417433282,2.81748934408855e-05,-0.000345317603573546,-5.40857778097048e-05,-0.0002475552791317,-0.000260387551225496,0.000285795498850054,0.000266913890845195,-0.000286023180957623,-0.000237463665060279,-3.21902346923435e-05,-0.000124738037851684,6.88885501372586e-05,1.90823132362168e-05,0.000377679931485397,-0.000244470105959284,-0.000291047761796148,-0.000751034321787581,0.000367127194531338,-0.000101187304110252,1.77668112377196e-05,-0.000266999515028116,-0.00315779191261367,-0.000557516124927214,5.41211058360612e-05,3.41380267893435e-05,-0.000521272204225566,-5.1900992994665e-05,0.000701887862694521,0.00129848762046417,-0.000346044493214013,0.000922948367223635,-0.000109106330372685,-0.000235279127918692,0.00202745582186984,0.000373813318121387,-0.000803414420126147,-0.00437106983558009,0.00267334052845339,-0.00293593223674643,0.0194976138109878
"668.512",0.000308862434610772,0.000191969882713505,0.000152000205109849,-0.000346901442768788,0.000326255762121659,-7.25910877412178e-05,0.000409126183138918,-7.56030334735403e-05,-6.07572095502049e-05,0.000350212208655662,5.44946963199443e-05,0.000489565571425536,0.000590566341872705,0.000302022570179897,-7.32339172088294e-05,0.000244876436283371,0.000364515228837653,9.08573549204691e-05,-0.000254631226554125,0.000268859043238839,0.000334274055923783,-0.000130741725691677,0.000151321959966854,2.06235191945057e-05,0.000277878968319334,9.64647350628551e-06,0.000199917994505582,0.000568794635539789,0.000208534641286682,0.00020565825077756,-0.000397596829784621,-0.000120420496652128,3.64950660765057e-05,-0.00161658270585657,-0.00156975078325453,-3.26078879040047e-05,6.55899400677704e-05,-0.000220920414390827,-0.000256574447521967,0.000312202412719338,0.000664618793000554,0.00100765570866291,0.00140904592340315,0.00098688944726869,0.00218983329231745,0.00155645804815543,0.00264021613878528,-0.000717320439886082,-9.6896477096793e-05,-0.0009232205488176,0.00476867452671564,-0.00723838580971012,-0.0245480211901387
"673.238",0.000770315392918355,0.000917382934087594,0.000546115751165953,0.00157044913202632,0.00118889459254783,0.000837307517630335,0.000651318608658001,0.000276309054737979,0.000740062154003304,0.000768046028042691,0.000884543041163613,0.000679225935043495,0.0012272881841347,0.000712499986661904,0.00104101222881615,0.000912525352242727,0.00140907690782923,0.00137062424695169,0.000445636257857814,0.000529437587273641,0.000661023054323902,0.000995064375092311,0.000804664249813926,0.000999859831688284,0.000569389265162765,0.000621216013331453,0.000775204355634178,0.000457623819262547,0.00048541820083775,0.000470086410566858,0.000744312185804502,0.000538459399917211,0.000559765651943958,-0.00208215825235224,0.000615257675542318,0.00104465398802976,0.00109177420500036,0.000816569657208393,0.000724875261705161,0.000916675967776595,0.00150797734760732,0.000635432970946458,0.00145110698305003,0.00311280967313419,0.00175791776202841,0.00193690515751576,0.00297200074595919,0.00360523440647656,0.00325587401288777,0.00766712616475286,0.00375550978936061,0.00706680924796583,0.0570053018675761
"677.967",-0.000163675919041048,0.000206791836973804,-0.000154150664328772,-8.28162306733171e-05,-0.000206235608514505,-0.00067149987285183,-0.000216748071042458,-3.30304290496395e-05,-1.86524084913059e-05,-5.02285945299643e-05,-0.000150290689582379,-0.000131045345791003,-0.000324021815115794,-4.80040000805991e-05,-4.63483919138766e-05,-5.53409354364458e-05,-0.000165303959291314,0.000173917739602041,-0.000583425495112623,9.46204621788947e-05,0.000373764674176149,1.07777052728156e-08,-0.000120564215476406,9.45953363833451e-05,0.000251402799591712,-1.96711445183364e-05,-2.88430594203477e-05,-0.00036482386825048,4.81826858051448e-05,-0.000331178223157673,-0.000318538098651332,-0.000515265485667148,-0.00152269554093955,-0.00226870904603109,-1.16135461664902e-05,-0.000179579889161282,-0.000200187691423452,-8.27869520740929e-05,-0.000878910143986318,0.000209726486473962,0.000941342968617392,-0.000746705831770163,-0.00031956833742818,-9.63516511546999e-05,0.000157559545437476,-0.00125558654742833,1.95126832022133e-07,-0.000420839695310422,-0.00173811158383148,-0.000533196283353863,-0.00178759034742268,0.0047407688222995,-0.000598958521449184
"682.696",0.000605499424416006,-0.000209077435213972,-4.47044708060571e-05,0.000825916191395364,0.000424431342541328,0.000322502973087304,5.63317230991068e-05,0.000452307992189021,-0.000129761949916084,5.01592277596705e-05,0.000486239012002627,0.000161067127252185,0.000635159262545843,-1.02599751179526e-07,0.000825772836061475,-0.000148708826279678,0.000186747396287115,0.000134457158895709,0.000340439258716625,0.00115039296793866,0.000614273736686121,0.000378623820684498,0.000520564771200931,0.000117610122639207,-5.08521923566079e-05,-9.89376769974175e-05,0.000302230227931641,0.00044697339573415,0.000582011923379102,0.000162990858747025,2.84949319513037e-05,0.000102631531915189,-0.00246543030182153,-0.00104896411152383,0.000766894332865806,0.000148606339730949,0.000359276017856938,0.00093871811167567,0.00056305425077124,0.000638744928746256,0.000996109108426324,0.00041606624311774,0.000951189225307743,0.000855783271625126,0.000204434162118835,0.00254077627218791,0.00289855001723948,0.00131413994097672,0.000195033314896314,0.00316444495300379,0.00361096791414936,0.01079612378063,-0.00109144980823875
"687.428",0.0012195304101462,0.000829464029468251,0.000840075003573319,0.000684302917820553,0.000609614032393362,0.000325158637550186,0.000768837254464377,0.000244365258432543,9.33378955573829e-05,0.000389913343293354,0.000706502871860144,0.000486445020059328,0.000419611890239362,0.00051634392344763,0.00120002860875721,0.000215333426962423,0.000435561396633072,0.000739381095764095,0.000136999533841619,0.000434456770665118,0.000582845406493726,0.000381322273631577,0.000936831076353949,0.000885232403755458,0.000758128760601174,0.000388382506547911,0.000186540274124642,0.000420560460876751,0.000166190231645898,0.000597954306858312,0.00044854752434309,-0.000368816262290574,-0.000913797361662506,0.000577847768139422,7.10797962030697e-05,0.000396525716079427,0.000995369956507541,0.000873488504921362,0.00105837928984196,0.00181259469487264,0.00117609888750862,0.000279313080393586,0.00133440644949749,0.000489604627328081,0.00260171300653601,0.00209539357774664,0.00340516183943312,0.00214089787579814,0.00220959147779216,0.00521880775223497,0.00503251112861583,0.0120761520469481,0.0218286288983462
"692.16",0.000125622164353413,0.000298799193542603,-0.000371816435003103,8.464434715509e-05,-0.000164913888379684,0.000561183758581617,1.89640085680586e-05,-0.000228985219880437,-0.000331671116511035,-9.43099609301836e-05,-7.29721786897154e-05,8.63091991994008e-05,-0.000472283539691706,-0.000303697019931086,-0.00595637586610028,-0.000103602962138017,-7.96355509783423e-05,-0.000575802221968791,-0.000884528259593634,-0.000716093162045445,-0.00104042984511604,-0.000169393127089918,-0.000235516454011716,-0.000206157370780668,-0.000504710732266423,-0.000170228534145747,-5.91975281752253e-05,-0.000226071180305238,-0.000323808476130558,6.80653749467264e-05,-0.000671311687314489,-0.00156460861219506,-0.00144083348326493,-0.000325733729965201,0.000224557049450337,-0.000291451413116799,4.52284673959317e-05,-0.000361448343985028,7.55377678426667e-05,-0.000217373864023318,0.0004037436373654,-0.000343207567626476,0.000171899712352519,9.83458201077098e-05,0.00096391662965138,0.00145059556061246,-0.00117372819837863,0.000234384091869469,0.0035537868997986,0.00197589893075432,-0.00269743104049164,0.000616245585955494,0.00892706825468306
"696.895",0.000182549248219304,0.000438760883920472,0.000589437894990618,0.000447477364258621,3.68586631931901e-05,-0.00013518719093597,0.00054861723279446,0.000179652189261599,0.00016357425086638,-7.38280593161805e-05,7.99737274705073e-06,-2.92779174454644e-05,0.000393858648364127,0.000355014104212661,0.000392175140706707,6.6202875593766e-05,0.000240453676817155,9.48734557212019e-05,8.10488369703909e-05,0.000354303594014155,0.000300968838069638,0.000612983415551786,0.00034993508163439,0.000884526578336742,0.000103698448199923,0.000241806568796021,0.000447226616318985,0.00043564816184141,0.000356480668399547,0.00014670192552499,0.000107551777629064,-0.00203899120709103,-0.000284528580923238,0.000198576287055034,-6.22492404893675e-05,0.000292537112132229,0.000698451076887245,0.000193016307317849,0.00138995342399201,0.00106048936702835,0.0010454299202681,0.000659694796098941,0.00065772757914129,0.00150672675348715,0.000762606525267577,0.002452094511048,9.85295388364136e-05,0.00118145802959315,0.00377839065892966,0.00315466142194801,-0.00174175638074229,0.0177359649354481,0.0255958952927835
"701.63",-0.00120174322612127,0.000252646071940733,-0.000377176983066811,-0.000655454352096698,-0.000315574849598303,-0.000544547851423793,-0.000424582593418539,-0.00017011369232464,-0.000330555476783943,-0.000368965137386501,-0.000516390731097205,2.88771480360192e-05,-0.000958241039722799,0.00015906314920912,-0.00049193733256069,-0.000573131882957952,0.000181873913215984,-0.000329563284809714,-0.00085149712348711,-0.000702244066509301,-0.000157744745972869,8.0207594467998e-05,-0.000409836534724912,-0.000694147361830541,-0.00019873598938313,-0.000660584681260978,-0.000420905308707376,-0.000768577896769707,-0.000348254636047646,-0.000619552544058984,-0.000474629653604935,-0.00202036946060906,-0.000638185253978866,-0.000340526836703667,-0.00106915687901343,-0.000951794003727183,-0.000611972450218807,-0.00023315560328244,-0.00060505529884133,-0.000562593730434499,-0.000746812188974767,-0.000427662130713783,0.00022694679761663,-0.000379982550089838,-0.000722344747383959,-0.00163901164315752,-0.00294636581605995,-0.00266167099087257,-0.0041100458950273,-0.00505119549751984,-0.00732027617881132,-0.00864761873826177,-0.0115416552462316
"706.367",0.000629867662257232,0.000434830764357607,0.00070578760230765,0.000141420051689206,0.000216076940313852,0.000292608864229299,1.30451923784232e-05,0.000344343033109181,0.000270138213681619,0.000186355789219388,0.000547200048753487,0.000975009905345636,0.000289212009047555,0.000724619566811831,0.000468542650833409,0.000357710857687557,0.000255638257836,0.000408778066959195,0.000554692524251861,0.000361612213425789,0.000725071354321823,0.000463442144810855,0.000806455534279805,0.000468256420700657,0.000698400655823114,0.000339336484975127,0.00011164132868515,0.000606428641945539,0.00049478181862758,0.000859662876507362,-0.00041093596386613,0.000175189823240513,0.000844311140133513,0.000263466782848545,0.000630111017913138,0.000121671090738176,0.000420614898403766,0.000826394864352103,0.0010151601757459,0.00111056300173696,0.000889315998130229,0.00048087982441763,0.00111347739809474,0.000627371544467081,0.00172086531199354,0.000983916630484136,0.00211057138004046,0.000924589985275824,0.00431265056531655,0.00406085586796524,0.000109944017618564,0.00250458930349523,0.0342819542647055
"711.106",-0.000419373726401654,0.000155020060068391,-0.000514279980971088,-0.000252747753694228,-0.000142325071429739,-0.000513161091759289,-0.000295989968755946,-1.14612787640413e-05,-0.000298617061438294,0.000113169792404882,-0.000443891162046856,-0.000816027820776723,-9.91356683159431e-06,5.09168777877331e-05,-6.90563943410263e-05,-0.000644671006493744,-8.2684560371908e-05,-0.000152239302573779,-0.000489075146748511,-0.000566862022571569,-3.72219727473849e-05,3.50703432730506e-05,-0.000442409465317148,-0.000631089842465509,-4.28007421698165e-05,-0.000478013470948614,2.05229324336551e-05,-0.000357136947495359,-0.000111251819751016,0.000409601742954159,-0.000944481643929585,-0.0002786289140038,-0.000512120106398388,-0.000276648908346376,0.000127204242133169,0.000234927191628333,-0.000213035401610362,-2.0743095317929e-06,0.00056562660291159,-0.000701505338313511,-0.000614271562646878,-0.000291574079764302,0.000142984827891417,-0.000245415640682058,0.000953065792737081,2.86712097887511e-05,0.000203131613647001,0.000853221683225778,0.00210207235888897,-0.00212143827468783,0.00101223722447851,-0.00441959939169859,-0.0271737455562496
"715.845",-7.3537887615274e-05,-0.000156808351355921,-0.000260327516077522,4.44122278651133e-05,-0.000115476741605432,0.000237628250363715,1.32359449925544e-05,-0.000134986734024923,0.000249431315317904,-0.000191335585985934,-4.26292945111746e-05,-2.02419534364722e-05,5.24968976186914e-05,7.17417388062591e-05,0.000858165488971336,-9.89463602983896e-05,-0.000167286871839963,-0.00024194220128579,0.000132799628561222,0.000114692207621366,0.000288837567981518,0.000414190449383242,-0.000212045982828033,0.000580962194536258,0.000421742765018313,0.000746394210953508,0.000528755434517543,-0.000681341602413751,-0.00030369873088875,-0.000409256032524095,-0.000483147012967536,0.000160860906494111,4.03010473121898e-05,0.000300248671648593,0.000171597328593717,-0.000238175645614996,0.000524625428457719,-0.000266902412271073,0.000159607370341585,-5.69041145044849e-05,0.000408850785635083,0.000589912451133692,-0.00066870210981193,0.000723772968783417,0.00212118682207534,0.000258834442262141,-0.0009928362590844,-0.000164939885821637,0.000672694426307056,-0.00243566115315827,0.00518851639918836,0.00125152915575207,0.0213121204495498
"720.586",-0.00063108535624833,0.000249080421907563,-0.000154265109559952,0.000456890376668762,0.000115289285039046,8.47171827860486e-06,0.000113274468739181,0.000170152422633278,5.24142069752779e-05,0.000160108109399763,0.000110387603145258,0.000504254366685787,-0.000159185486893779,3.08295049745223e-05,-0.000140016462834465,-0.000505470697570484,0.000209544506327774,0.000198481156247125,0.000314679113052347,-0.000498516766193146,-7.5638025263957e-05,0.000320157156956306,-0.000118161943991719,0.000650873330846627,-0.000206150070665841,-0.000179466095799348,-9.33440284734896e-05,3.16029638154065e-05,-0.000348143570890752,-0.000260054867679807,0.000171853956292511,-0.000211931788622874,0.000172760947346152,0.000207309431431235,0.000118112198219374,0.000521143118516931,-3.72271949160164e-05,0.000492915425895119,-0.000133534671215878,5.67368895168565e-05,0.000546596731523001,0.000969208704942192,0.000434228141154149,-0.000891861402400961,0.000314475430433774,0.00121066708455568,-0.00126996711555212,-0.000948692586263887,0.00129787791305586,-0.000504156069229999,-0.00419816273702803,-0.00129953354867954,-0.0112436716963448
"725.329",0.000430531160920746,0.000371517788283569,-0.000215989597509838,-0.000101590237486144,-0.000195501190272772,0.000205022210451302,0.000270082808477718,0.000374899330506993,7.99690005388022e-05,6.91183196549796e-05,0.000231728241951248,-5.18661460878414e-05,-8.56396057872944e-05,-5.25018248128781e-05,0.000111389336087956,-0.00021070925925239,-0.000477373465820383,-0.000379350167841236,0.000612323477976854,-7.78675141048282e-05,0.000331335174834063,-0.000312540700522626,-0.000286840764428811,0.000104028057227294,-0.000329354723171496,-7.47949478574697e-05,-9.44343237332547e-05,-0.000940920223145699,-0.00104848522480595,-0.000266883791419374,-6.13280865128315e-05,0.000193776080076369,-6.20561491194804e-05,1.0546671784733e-05,-0.000239917371775147,0.000240111867521253,-3.74946605250785e-05,-0.000192715094581217,2.69378081868901e-05,-0.000417751935069735,-0.000384579379744074,0.000964428293416246,0.000604849727218748,-0.000377756264421276,0.000758481844855205,0.00125429101250651,-0.00170254533670132,0.000291656637635245,-0.00189515419289624,-0.00123834615370674,-0.00172980828270199,-5.17684092023601e-05,0.0115723069693258
"730.072",-0.000344027370273438,1.14639725532699e-07,-0.000978507844676562,-0.000442763455037393,0.000215501828848984,2.6604047162149e-05,-0.000224268987551406,0.000340849490475076,-0.00013445656818976,0.00013996523978732,-0.000208367991298957,0.000431307249145061,-0.000431106570261021,-0.000798539977744988,-0.000519604647203153,-0.000151453394328684,5.33124750907468e-05,-0.000101006592982011,7.40403843687961e-05,-0.000481661277678281,-0.000949266348015514,9.65859345561054e-05,-0.00028863412188611,-0.000139757076962431,3.3030239296226e-05,6.41557910360357e-05,0.000190773710909039,-0.00251452250385423,-0.000565923863561319,-0.000467490879737926,-0.000246873378816914,-9.27570198308315e-05,-0.000435960893134106,-0.000719698371509652,0.000383528439820047,7.89854138004264e-05,0.000633365025428137,-0.000348933032851896,-0.00047567181267784,-0.000116057782453904,-0.000185877043769803,-0.000585577663144362,0.00016586840727534,0.000548864269090141,-0.000368953461119131,0.00161424965776416,0.000350019078844288,0.000754967432493503,-0.000318813117595252,-0.000879632642013177,0.0021923709269513,-0.0141572366949621,-0.00915275143050701
"734.817",-0.00136940837484742,-0.000120948767261884,-0.000340703120662986,-0.000537351323445738,-0.000316357127683848,-0.000108604203624841,-0.000376391587057004,-0.000229122506434509,-6.11418743319865e-05,-0.000219337869493452,-0.000793872207228997,-0.000290810732352043,-2.18856938093609e-05,-0.000328166689310778,8.20949014374878e-05,-9.14843198329862e-05,-0.000172008631765386,-0.000565410321419302,-8.68430883932695e-05,-0.000576948318436244,-0.000439228330661176,-0.000146435181673553,0.000121109236496303,-0.000340122211540113,-0.000133581336264392,-0.00052982839326456,-0.00112891582985133,-0.00320913440191452,-0.000122613770850788,0.000104886370464865,-0.000559528708752388,-0.000413784206411649,-0.000198581609590675,-0.000500808680188725,-0.000718268520925661,0.00126667902532731,-7.41607520805166e-05,-0.000273195840638561,-0.000314757625274887,-0.000715200651135418,-0.000234027811390473,-0.00156701744531142,0.000371413408864228,-0.000127695123043976,-0.000916743888535615,0.000266197811777243,0.000774675353671417,-0.000634273045497722,0.00021309578498718,-0.00147452945064337,-0.000816579781445799,-0.0122874715985734,-0.0339203088646341
"739.563",0.000867316380109159,0.00157761035866926,0.000689132059397188,0.00105243902965974,0.000869450008359677,0.00038481819501533,0.000193929995669987,0.000445562405496121,0.000300793602115812,0.000492147991510282,0.000414542378240867,0.000251195826099145,0.000494023219832646,0.000920441084663922,0.000425572109391671,0.000945896470414232,0.000772053826421816,0.000457609196776536,0.00114209031679804,0.00117979127320961,0.000535784189883285,0.000209435531759786,0.000882098745092608,0.00082932671877197,0.000934032892056095,0.000557609029365842,-0.00158218639470514,-0.00171250932911776,0.000772897643177324,0.000540112432604978,0.000628950239406641,0.000701004624682266,0.00053887174262997,0.000721993120367078,0.00138428355998173,0.00139919855910449,0.00137921928868326,0.000565264021794203,0.000885982052721016,0.00181591156763334,0.000898424723256466,0.000562493755482279,0.00191699360911516,0.00279722711880619,0.000777067858656509,0.000657650171533448,0.00334870812554977,0.0044038738915299,0.0031292467771828,0.00565952280194069,0.0103438735770755,0.0188125092868209,0.058228337437783
"744.31",0.000261286053246463,0.000728508024401666,-0.000335697448457901,-8.17552654174229e-05,0.000222452314624589,0.000259179873452211,0.000335844632264204,-0.000116965614940088,0.000214036932758596,0.000160486440440331,0.00053460793878153,0.00066698903462147,-7.78043530881397e-05,0.000518982176232153,0.000409161013510311,-2.06588491643351e-05,0.000120860940491595,-0.000242801605892716,0.000646989807644211,0.000334804731538927,-0.000158534935766424,0.000261467552074255,0.000198104484532575,-8.42514273159352e-05,-0.000170724057142222,-0.000996120240154768,-0.00321049260619346,-0.001083098274059,0.000357965752114676,0.000278322199668437,-0.000201294014543142,0.000105661409035042,0.000106868829954568,-0.000272387593783171,0.000473315778635322,0.000641813494809062,-3.75980033984098e-05,-0.000611316105823474,-0.00058768902400269,0.000581881759331766,4.79746337923592e-05,0.000706328471486053,-0.000702751305159304,0.000630792538167097,0.000734629400236933,0.00142054911995613,0.00162024975108291,-0.000129545739580925,0.00354500165561616,-0.00135476591895268,0.00487141817686635,-0.000231849308512587,0.00493699839109481
"749.058",0.000590357288932701,0.000694393520578178,-0.00012558979772893,0.0001889479912329,0.000306076430127231,0.000710474954460594,0.000360480442603943,5.6196746693144e-05,0.00022311211063984,-4.96116346874218e-05,0.000153179008333545,0.000512716412184749,-0.000594474055857089,-0.000109323754440452,2.11998430557506e-05,-7.36350801293609e-05,-0.000610722928920363,-0.00039703830558801,-0.00133256792721713,-0.000609505234827045,-0.000867346959011082,-0.00177440645269378,-0.00136360325531043,-0.00157503676237842,-0.00151714884866489,-0.002952982067074,-0.00320011766136153,-0.000438021718290294,-0.000929967387445083,-0.000670230183185011,-0.00048149815470438,-0.000759111931778817,-0.00127320347228286,-0.000814834290546583,-0.00105090316583494,-0.000938832404106547,-0.00101546059178523,-0.000698564504703546,-0.00182358188031477,-0.000633357966534323,-0.00160975614737682,-0.000713524247699049,-0.00245659989376772,-0.00221924873552344,-0.00150970582300817,-0.00238005722140105,-0.00400053028435495,-0.00205265328848522,-0.00490473462183141,-0.00540346489872134,-0.00326050168295064,-0.0226518979575388,-0.0341305504890798
"753.808",-0.000522959554065427,-0.000311377996808075,-0.000819855025506524,0.000144326794861072,-0.000280774993851053,0.000104823908262407,-6.49679721341675e-05,0.000190394521123502,0.000113587922519008,-0.000198470882820203,-0.000165647000907415,0.000185044962755256,1.1293860042784e-05,1.11192902217643e-05,-0.000172805763863297,-0.000342479149464596,0.000181025477053969,-0.000166662689065927,-0.000404948760871178,0.000496431508575884,0.000652571861586923,-0.000500085405442968,-0.000459078114186386,-0.000173753925300667,-0.000293723063404981,-0.00262483216117954,-0.00088490771262515,-0.000413404934837584,-1.07770691042995e-05,-0.000220407470251511,-0.000283582696700899,-5.44518877487113e-05,1.07483801785927e-05,0.000403050896276458,0.000277759118620668,-0.000588540229968871,2.57272099514556e-05,-6.8584878450497e-05,-0.000547590264695403,-0.000245956074931886,0.000475295705118758,-0.00115300508381668,0.00115377415180919,0.00038039914771044,0.00140904470723868,0.000342575025687797,-0.000556239153517381,-0.00258087221421404,-0.000619364088120768,-0.0015521201669019,-0.000744307314413483,-0.00187204812773719,-0.0119116644161725
"758.558",-0.000693516856202697,-0.000100940059335179,-1.3010649980694e-05,-0.000269527215444868,-0.000180007079286519,-0.000251823342910384,0.000300795586534884,-0.000135489331133508,0.000529030233130173,-1.67037636587716e-05,0.000224789924440993,-0.000321370847084651,0.000605025203386675,0.000238299286499313,3.2974574663019e-05,0.000414031252362209,2.30470078753777e-05,0.000424232241873576,0.000212852850072232,0.000674270455184764,-0.00101072249603742,-0.000417539958748053,2.59557875694415e-05,-0.000641352840587536,-0.0016720786045048,-0.00213824451399185,0.000263057161768988,-0.000261681332681311,-0.000238641602805525,-0.000190786198183571,0.000288764624010287,-0.000376880482897904,0.000514644788781145,-0.000674415966198952,0.000768638320534101,0.000112003739538414,3.97319061928297e-05,-0.00115627689784866,0.00111487565621689,-0.00111059803969704,-6.67781501460027e-05,0.000252841386442651,-0.000278663582534563,-0.000569863778849541,-0.000531458753717543,-0.000697260178962809,0.000264176215892638,-0.0016308332909555,0.00377320225300865,-0.000629641447601968,-0.00174834682595623,0.00729741645756306,-0.0224162626564339
"763.31",0.00120049339052446,0.00141121908856614,0.00118351049357814,0.000612442975829885,0.00110155381284163,0.000959371596487194,0.000119723307072036,0.000566800401722218,2.89930948027795e-05,0.000171174703145219,0.000857400017880188,0.000452406475083769,0.000462430658695976,0.000751455987799878,0.000471205380292216,-2.00101165073936e-07,0.00030555504689245,0.000692395766844461,0.000949777139206486,0.00100273725696531,0.000804907284461562,0.000838568572345564,0.000953341186911456,0.000880804676513563,-0.00226709653374571,-0.000924886763311102,0.00143364905339696,0.0008944055642386,0.000313351942141914,0.000423635894746232,0.00130291792784668,0.000565457432816614,0.00071859173780992,0.00136180379421803,0.000952970110078707,7.59298778312771e-05,0.000980058892351492,0.000653262880583805,0.00125684837521576,0.000988999835742804,0.00105610427291051,0.00187914436478906,0.0017060989675121,0.00165086959163857,0.00124648850047933,0.0012606357634065,0.000616399843321547,0.00133959550240856,0.000930983819637082,0.00482395936217769,0.0112936988753385,0.00787800740845731,0.0310270551560485
"768.062",0.000879677707935479,-5.93194653952385e-05,-0.000308979187912394,7.56852958386872e-05,-4.38625316201349e-05,0.000159535561191964,0.00016609263268517,5.9719289930387e-05,0.000298657629888072,0.000190732935238123,-3.91459626736898e-05,1.07547418842735e-05,-9.55515672911058e-05,-0.000653936783948758,-6.79489694648298e-05,-0.00017945579887037,0.000249103933828593,0.000162302344127218,0.000410927953123295,-0.00109902395334814,-0.000370678663842134,-0.000242005371456419,-0.000280733032665707,-0.00284266814558987,-0.00200506654149078,-0.000442283319478901,1.18612184346764e-05,0.000328431778727935,-0.000163547754394625,-0.000242549233649767,0.000651834993203446,0.000490565342206395,-0.00033526420642488,0.000234467162095954,0.000377413239675649,0.000230882419414948,0.000609948486866858,0.00021490164895218,0.000286899814818948,-0.000112854848910477,8.60488948798182e-05,0.000409092955016253,-8.23503618504294e-05,0.000140615518720948,0.000136715877090174,0.00172852531208755,-0.000699390698730267,0.000792623066584522,0.000292634628157016,-0.00406829481203222,0.003199582498139,0.00531874557441251,0.014805559289172
"772.815",-0.000580909983946148,-0.000830348397032558,-0.000590172878299308,-0.000126041926714805,1.08142262322423e-05,-0.000828457641112026,-0.000120717996264136,-0.000120165668723423,-0.000230790777541565,-0.000467279112463591,-0.000538617277265627,-0.000342713982051446,-0.000968951602903791,-0.000770170044490886,-0.000169774769057934,0.000168208959593413,-0.000308229137278933,-0.000424036722585363,0.000273548194321774,-0.000549194900113676,-0.000299147182408746,-0.000806455518282607,-0.000601268457189497,-0.00315807330803168,-0.00115506611383527,-0.00084672698794843,-0.000517315396187074,-0.000749654744491218,-0.000152197464481528,-0.000184839725984987,-0.000697088701034835,-0.000513693995651888,0.000344735988929485,-7.08427505565308e-05,-0.000474741305941447,-0.000397902819145488,0.00016238404053909,-0.000774046278216178,-0.000618838956716283,-0.00037017086221178,-0.000739287279830334,-0.000594655649723613,-0.000143318112199728,-0.000609970049758438,-0.000683666946489682,0.000521284470908474,3.85874507868934e-05,0.000699274760809511,0.00258851412935376,-0.00357778917416496,-0.00051359807932418,-0.00652117909214152,-0.0248088051496414
"777.57",0.000220847895352995,0.000907734834393878,0.000424495085044916,5.1546138099191e-05,-0.000444116266940394,0.000336547860125674,-0.000215634508155733,0.000237863406156364,0.000411068301200339,0.000168683232868994,0.000746349338412762,-0.000220735344398454,0.000306190958449199,0.000440878087354767,0.000461836858037653,-0.000205741351516736,0.00096779560695906,-2.54924778519799e-05,0.000516495505380385,0.000324882379712341,0.000392572373848255,0.00043864923485268,-1.44434099704667e-05,-0.00270528065224771,-0.000200627221597428,-1.20025768533224e-05,0.00016781907794131,-0.000191379877978737,0.000202495201300803,0.000141233415471583,0.000186583744862074,0.000151122324273838,-3.60674518014921e-05,0.000899129382681969,0.000236253113454504,0.000144475159522569,0.000484043609578705,0.000599816761920519,-7.69828335610901e-05,-0.000328431316590983,-0.000122363805463352,0.000606773467934998,-0.000292617695281739,0.000790313079079157,-0.0011716917364734,0.000331624331607269,0.00209976413700283,-0.00114105611169623,-0.000478999255715633,-0.00207216257326305,0.010480176937541,0.0182826489673393,0.0219196470485718
"782.325",-0.000842762359809994,-0.000522370636855874,-0.000458933074153846,-0.000352753529879244,-0.000338923064565516,-0.000496543781802904,-0.000203329014756085,-8.96573113294638e-05,-0.000262688708609931,-0.000690405729891452,-4.99786870156927e-05,-0.000840113647001154,-0.000446768211856476,-0.000737634784335287,-0.000539354612631077,-0.000232325724067389,-0.000282527628582389,0.000633165028930832,5.67690435844039e-05,-0.000314551011820869,-0.000162442909793066,-0.00100341742955928,-0.00365510204022283,-0.00203076362980246,-0.000356096065793538,0.00016052771216069,-0.000231342758684779,0.000315606901841586,-0.000132925341542683,-0.000358776833938321,-0.000556481730793678,-0.000189594014862672,-0.000584955317366796,-0.000706216055902151,-0.000441712783212388,-0.000625054045374719,-0.00036522397886144,-0.000207986434755959,-6.25356566588838e-05,-0.000517135546054462,-0.00121068858497212,-0.000134769433051237,-0.00116763156638374,-0.00114250579625578,-0.00124584345178107,-0.00148561289410762,-0.00334020020443453,-0.00429907013267021,-0.00292624260983254,-0.00395616479095411,0.00544153086857752,-0.00576846970270042,-0.00849403162887666
"787.081",-0.00109456165722365,6.30735770233706e-05,-0.00117047858215629,-0.000348821399276694,-0.00051009514510446,-0.000828861220950039,-2.4122095871084e-05,-0.000509629956105606,-0.000150789008635503,-0.000589350950431205,-0.000542238129512093,-0.000255464859869026,-0.000891213912864944,-0.000571171193533472,-0.000758513236341462,4.76220329542685e-05,-5.04414943673022e-05,-0.000252133997705382,-0.00103349622952085,-0.000138573305439677,-0.000576050067902425,-0.00226270084733528,-0.00243168330024662,-0.000676327945345448,-0.000626574877913468,-0.000253918347817268,-0.000237607674515491,-0.000423629440517466,-0.00058464499978132,7.37550302877787e-05,-0.000510576486670961,-0.00024342212466856,-0.000564078241447051,-3.73594167124888e-05,0.000284852874804856,-0.000437416829462716,0.000317121885364717,-0.000198334152765031,-0.00064236546310219,-0.000428194704439002,1.8041903431933e-05,-0.00152234712242826,-0.000959462484072897,-0.000249554972465642,-0.000464910474304343,-0.000866945089084685,-0.00227263833116779,-0.00426596664554093,-0.00325631278938124,-0.00414741010442266,-0.00464380291796737,-0.0077145570584915,0.0145509214634139
"791.838",-0.000247088257890415,-0.000441277963412637,0.000413469129583676,0.00044215369105018,0.000417030150181768,-4.22600042544455e-05,0.000192544617219908,-9.92203360310154e-05,0.000348293461215265,0.000625527226970684,0.000255904365193748,2.45033867537306e-05,0.000445062354128179,-0.000297473889719438,0.000156377922850338,-0.000524167723077094,0.000781284636109659,-0.000304871637780349,0.000130844889665779,-0.000537724930100638,-0.00109041823914673,-0.00322192331280132,-0.00103718848823533,-6.91351895095382e-05,0.000795433996065899,1.25475041767912e-05,0.000662388665016427,0.000398555801324914,0.000248624798332384,-0.000515434605301093,0.000218748427688461,0.000569514226467978,0.000428208637000362,0.000662014061486813,0.000180957645558831,-6.81770504016021e-05,2.88439138830334e-05,-0.000685735604359359,0.000417104704959855,-0.000171229328419046,0.000639284104994408,0.000158020059149694,0.000762377082378015,0.00109721719565071,0.00037761536183934,0.00135143873670516,-0.000453946794628165,4.89312519011997e-05,-0.00162808868460069,0.00474659560391139,0.00517842382601406,0.0133252451487882,0.00633892206233377
"796.596",-1.83695398386092e-05,0.000240853256310851,0.00082788366240723,0.00061430456700893,-0.000224069247325367,-0.000237682657404535,-5.71515893542672e-05,0.000223194823949418,-8.87706438094073e-05,0.000263022868010174,0.000458459619132668,-0.000407889630649498,-1.32038353220638e-05,0.000404511656466389,0.000306339091753613,-0.000509666370442812,0.000308051464197742,0.000540074126987168,0.000118582055995548,-0.000328883745362368,-0.00195983513778247,-0.0032096318471308,-0.000332888010944043,0.000363632440492996,0.000597638521744533,0.000425938473648727,0.000305530017558124,-0.000405842304161376,-0.000733836136410232,0.000587735591679518,0.000136189099390807,0.000827326517840838,0.000461525689445568,0.000916035085413075,0.00050113546924664,0.000528256679084778,0.000293409474476115,0.000356748920864231,0.000114405502217245,-0.000261452730096501,0.000353472021284774,0.00104626857861567,0.000754022565936125,0.000203138717837598,-0.00156800227905881,-0.00151767417615997,0.000882807805638941,-0.000505666707255981,0.00254586229105789,0.00377601411326371,0.00610813433291007,-0.00548420989848362,0.00318122752360212
"801.355",-0.00096081874018363,-0.000124731161414776,-0.00122884581889586,-0.000907416209211693,-0.000845489940980745,-0.000886261211561161,-0.000507904099508755,-0.000435185828036129,-0.000417966125235366,-0.00068759897245768,-0.000754953599408433,-0.000661713035242586,-0.000827457985477173,-0.0003272626555941,-0.0011317759873841,-0.000754176803535551,-0.000232691873208831,-0.000885934730123829,-0.00175216101798619,-0.000770303749896346,-0.00295758959896394,-0.00161171409365845,-0.000674183333845032,-0.000531517829576701,-0.000126077444047299,-0.000690882135983411,-0.000659223924207131,-0.000832115014180362,-0.00066684557308664,-0.00104677110036456,-0.00101458772262535,-0.000949214501001236,-0.000667403622097749,-0.000768727573721569,-0.000978956658395262,-0.000648220334244227,-0.000683790482990863,-0.000348310046484312,-0.00134012668013547,-0.000948007339911721,-0.00097938867520477,-0.00145899838027679,-0.000536058747184335,-0.00171010519372094,-0.00140507017898265,-0.00161458182106035,-0.00250474489076375,-0.00104577029908945,-0.00483627687274889,-0.00356541748633273,-0.00239857199958541,-0.00722777293654989,-0.0381408144150935
"806.114",-0.000713087201168147,1.38512195836678e-05,-0.000752233682370427,0.000212117727846307,-0.000763819453089856,-0.000326639487842933,-0.000479759278535003,-0.000584269837383541,-0.00016017551464,8.09120354263523e-05,-0.000188045569424255,-9.5871885649281e-05,-3.3264095526344e-05,-5.45389572254316e-05,-4.22983071093898e-05,-0.00045061648150087,0.000288096288129233,-4.65973357001524e-05,-0.000549976597606038,-0.000609328607786278,-0.00305079609698431,-0.000240216241416234,-0.000187235936729857,-0.000978992380662664,0.000194815140863419,-0.000601911823000955,0.00017582807109755,-0.000689806649856038,-0.000229268743195282,-0.000561003572730105,-0.00035240428124173,-0.00020270015393518,2.15052812902869e-05,-0.000307563738248478,-0.000512239046368789,7.20244815826916e-05,-0.000886466178185614,-0.0003482746006575,-0.000338595992833285,0.000345998774547215,-0.000818978060923719,-0.00034737732611731,-0.000325777647948702,0.000328805016978934,-0.000587529980416557,0.000548457619097514,2.3886900960674e-07,0.000173193717753531,-0.00368349578410614,-0.00212378287250715,0.000843359049230607,-0.00768579394325229,-0.0387702718315639
"810.875",2.13422732578888e-07,-0.000900765641552864,5.0146884214263e-05,0.000200312666219336,0.000560001236945487,0.000457581229513003,-0.000127077095310607,-0.000124165180968277,-0.000320389050509871,7.86887697647806e-06,-0.000206667944551354,-6.39874135541866e-05,4.51646797170472e-05,-0.00025094136455623,-0.00035962430730703,-0.000115330162831253,-4.43343698037154e-05,-8.15682391711786e-05,-0.000242804975496141,-0.00197540102657457,-0.00202487193074712,-0.00111776391056205,-7.4917799674246e-05,0.000156929238162538,0.000321047698239733,4.4652769445958e-05,-0.000109819438755665,0.000536408051465559,0.00033889481556594,-0.000172440556823123,-0.000117413629863507,-0.00045858364670039,-0.000226065206412505,-0.000516141303281004,-0.000500660781822455,-0.000395831481811758,-0.000658509896014084,-0.000602990525258449,-1.41459446582207e-05,-0.000767368094375441,-0.000883072849237085,0.000521079006009736,0.000536206766661466,-0.000899203861743332,0.000944985987674344,-0.001888745072502,0.00047224282654365,-0.00104607844382061,-0.00175827085826368,-0.00212318310519145,-0.00850190193983462,0.00632501285134924,0.00818952197378654
"815.635",-0.000635933427334605,-0.00030491297409581,0.00075209679616626,-0.000506756933005823,-0.000580556778331276,0.000438444077201006,-0.000296274877190221,-0.000261227673739516,0.000417956619927898,0.000412582382774555,-0.00031505280649709,-9.60721492329451e-05,0.000190505761668829,-0.000501615290878503,0.000423122275915087,0.00011531175745804,7.7536168332703e-05,-0.00012821525990653,-0.000638743193137429,-0.00162454570171742,-6.68827843064977e-05,-0.000150849831970885,-0.000337093496999257,1.18775669108388e-05,0.000195029913165131,-0.000133742400125002,5.49857162432334e-05,-0.000175261792861493,-0.000141726583939928,0.000583099554863399,-0.00087582276131163,0.000266457372121624,0.000398327853104672,0.000351422749150944,0.000159287522226595,6.01214569499254e-05,0.000139320299402619,-8.86145670316438e-09,0.000536092427006479,0.000526515766993734,-0.00049786742653222,-3.47372302076206e-05,0.00168524442616035,0.00100849068337823,0.00122612965865631,0.000182815233147225,0.000508662971326642,-0.000261391217317168,0.000220760975523546,0.000378893507208099,-0.00119753808892566,-0.00653694658986656,-0.0100492459391687
"820.397",-0.000202236052916986,9.70714436502548e-05,-0.00053911132565709,-0.000553965056739709,-0.000417861382780881,-0.000476217364395566,-0.0001552762227859,-8.71175957811143e-05,-6.31687583625848e-05,-6.53659423062916e-05,7.09700919546444e-05,-0.000363687690293709,-0.000324921322248212,-0.000709216057681553,5.29042973640852e-05,-0.000450653292247298,-0.000310319746573327,-0.00038457125216679,-0.0018910936773142,-0.0012724181918419,-8.00990318311973e-05,-0.00035164308778457,-0.000112400490509022,-0.000338513920261623,-0.000711238774309933,-0.000412590676012911,9.58221346357381e-08,-0.000481352081660256,0.000262966546282862,-0.000269480532419681,0.000149593633627452,0.000362296680358302,0.000182779148369589,-0.000439536392149177,-0.000637450072678475,-3.6517518946424e-05,3.79068869787891e-05,-0.000308559067842927,-0.000493793776206119,-0.000692147586977319,-0.000353769915158906,-0.000607895362764731,-0.000842886533575055,-0.000877249489365484,-0.00107260179014055,-0.000456287144550204,0.000763035641301946,0.000478931912552621,-0.00247475593161799,-0.0014466326747897,-0.0038486329195216,-0.00318242931798083,-0.0172295024122675
"825.159",0.000186051204495165,1.38878379289367e-05,3.76120643579774e-05,-0.000495022183468047,0.000346169351111972,-0.000102675930944992,5.64344592849424e-05,-0.000174226254876241,8.33061647615398e-05,8.02987207610912e-05,-0.000153521134960399,-0.000416136657466209,-0.000268254947675219,0.000228942188932476,-0.000613456034599832,0.000502871961213133,-0.000188433924264942,-0.000337767413039092,-0.00217224540758633,-0.00039274576921891,-0.000386199686275974,6.24661313857578e-05,-0.000199790559540616,0.000156700068315115,-0.00020657899881424,-0.000189588191356596,1.10625666371225e-05,0.000273932827517138,0.000241109345512092,0.000108229879076125,0.000117570098139664,3.18553541267084e-05,0.000387221004007947,-9.89380571248751e-05,-0.000409976227087824,0.000144037734761937,-0.000557376353317859,0.0003748106989119,-1.41538979824672e-05,-0.000917853564840691,-0.000626635814817744,-0.000555789745818806,-0.000249019599388679,0.000350472194469345,0.000255826651685247,0.000458182369828622,0.000654038786549796,0.0010021252068285,-0.000605489769620928,-0.00258171381690548,-0.00624102000373132,-0.0108445055322972,0.0208990341668137
