"","500","495","490","485","480","475","470","465","460","455","450","445","440","435","430","425","420","415","410","405","400","395","390","385","380","375","370","365","360","355","350","345","340","335","330","325","320","315","310","305","300","295","290","285","280","275","270","265","260","255","250","245","240"
"248.336",0,0,0,0,0,0,0,0,0,0,0,0,0,0,0,0,0,0,0,0,0,0,0,0,0,0,0,0,0,0,0,0,0,0,0,0,0,0,0,0,0,0,0,0,0,0,0,0,0,0,0,0,0
"252.814",0,0,0,0,0,0,0,0,0,0,0,0,0,0,0,0,0,0,0,0,0,0,0,0,0,0,0,0,0,0,0,0,0,0,0,0,0,0,0,0,0,0,0,0,0,0,0,0,0,0,0,-0.0422404797042637,-0.0227220797748814
"257.296",0,0,0,0,0,0,0,0,0,0,0,0,0,0,0,0,0,0,0,0,0,0,0,0,0,0,0,0,0,0,0,0,0,0,0,0,0,0,0,0,0,0,0,0,0,0,0,0,0,0,-0.0882698088834133,-0.0353704866586295,-0.0404448813959377
"261.781",0,0,0,0,0,0,0,0,0,0,0,0,0,0,0,0,0,0,0,0,0,0,0,0,0,0,0,0,0,0,0,0,0,0,0,0,0,0,0,0,0,0,0,0,0,0,0,0,0,-0.091032197127495,-0.00214124358051837,-0.00344397220411147,-0.109686798957078
"266.271",0,0,0,0,0,0,0,0,0,0,0,0,0,0,0,0,0,0,0,0,0,0,0,0,0,0,0,0,0,0,0,0,0,0,0,0,0,0,0,0,0,0,0,0,0,0,0,0,-0.0919095382732469,0.00048317971787612,-0.00575984800437315,-0.0607288774746871,-0.107433355286175
"270.764",0,0,0,0,0,0,0,0,0,0,0,0,0,0,0,0,0,0,0,0,0,0,0,0,0,0,0,0,0,0,0,0,0,0,0,0,0,0,0,0,0,0,0,0,0,0,0,-0.0747549061738111,-0.00318728988000239,-0.0114185160062829,-0.0482075103777935,-0.118306376507116,-0.0367106252708898
"275.26",0,0,0,0,0,0,0,0,0,0,0,0,0,0,0,0,0,0,0,0,0,0,0,0,0,0,0,0,0,0,0,0,0,0,0,0,0,0,0,0,0,0,0,0,0,0,-0.0770777503427151,-0.00547394894404585,-0.00511052387064641,-0.0304715227822502,-0.0894222842323632,-0.0431079908368518,-0.020791874006418
"279.76",0,0,0,0,0,0,0,0,0,0,0,0,0,0,0,0,0,0,0,0,0,0,0,0,0,0,0,0,0,0,0,0,0,0,0,0,0,0,0,0,0,0,0,0,0,-0.131111386491435,0.000775020021562794,-0.00509065004372269,-0.0123976637443642,-0.0808887515740879,-0.0381931427103649,0.00149122685857586,0.0127209666361739
"284.264",0,0,0,0,0,0,0,0,0,0,0,0,0,0,0,0,0,0,0,0,0,0,0,0,0,0,0,0,0,0,0,0,0,0,0,0,0,0,0,0,0,0,0,0,0,-0.00283859373275142,-0.00765916973644924,-0.00797319880034942,-0.0568765924770331,-0.0555221742734145,-0.0121569203605024,-0.00705609202877157,0.00164202895053819
"288.772",0,0,0,0,0,0,0,0,0,0,0,0,0,0,0,0,0,0,0,0,0,0,0,0,0,0,0,0,0,0,0,0,0,0,0,0,0,0,0,0,0,0,0,0,0.00141161420832703,-0.00266937718619439,-0.00412674834797094,-0.0303570669200601,-0.0665611180812958,-0.0142954414191934,0.000699556527662466,-0.000255601335737132,0.00439203943487815
"293.283",0,0,0,0,0,0,0,0,0,0,0,0,0,0,0,0,0,0,0,0,0,0,0,0,0,0,0,0,0,0,0,0,0,0,0,0,0,0,0,0,0,0,0,0.00964210199192017,-0.00850860307270127,-0.00881778894537138,-0.0183199800192891,-0.0612379302058437,-0.0234501062979201,-0.00646765766095607,-0.000412327074249931,-0.0175520129481255,-0.00731940092651643
"297.797",0,0,0,0,0,0,0,0,0,0,0,0,0,0,0,0,0,0,0,0,0,0,0,0,0,0,0,0,0,0,0,0,0,0,0,0,0,0,0,0,0,0,0.0222930041049886,-0.0030790004172338,-0.00709202316942217,-0.014247439758882,-0.053167095737201,-0.0367505200617811,-0.00236544648268603,0.000162622365091757,0.00183684289010212,0.00813693663736852,-0.000706504056335849
"302.315",0,0,0,0,0,0,0,0,0,0,0,0,0,0,0,0,0,0,0,0,0,0,0,0,0,0,0,0,0,0,0,0,0,0,0,0,0,0,0,0,0,0.028068859151833,-0.00231447205564447,-0.00490331957255825,-0.0109983712470924,-0.0421136195958838,-0.0406581025827558,-0.00737199191033917,-0.00545965246642487,-0.00380798983229282,-0.000422540593250888,-0.00585670005078982,-0.0127956556687233
"306.837",0,0,0,0,0,0,0,0,0,0,0,0,0,0,0,0,0,0,0,0,0,0,0,0,0,0,0,0,0,0,0,0,0,0,0,0,0,0,0,0,0.0380983399457444,-0.00117897640732318,-0.00258696960894285,-0.00713424825520195,-0.0294323479643646,-0.0535873908566031,-0.0161310924179957,-0.00455323961064673,-0.0034326478362703,-0.00577478327618296,-0.00789867456504327,-0.0149101684635528,-0.00805993481602521
"311.362",0,0,0,0,0,0,0,0,0,0,0,0,0,0,0,0,0,0,0,0,0,0,0,0,0,0,0,0,0,0,0,0,0,0,0,0,0,0,0,0.0460809781677534,-0.000624776891497168,-0.0038067105709498,-0.00406867929603212,-0.0169334646275413,-0.0483820741784463,-0.0210892822838482,-0.00692774272135586,-0.00682191842559524,-0.00574011098335067,-0.00811376750297194,-0.0052523402794639,-0.0179026971450943,-0.00426348867840004
"315.89",0,0,0,0,0,0,0,0,0,0,0,0,0,0,0,0,0,0,0,0,0,0,0,0,0,0,0,0,0,0,0,0,0,0,0,0,0,0,0.0570263350098393,0.00230666008877889,-0.00153286587977394,-0.00231895544063528,-0.00822990272371354,-0.0393001596404056,-0.0274968801165428,-0.0100281288507042,-0.00272599525287753,-0.00632464229170576,-0.00487220184082709,-0.00256634933551669,-0.00168478533491402,0.00213820695761583,0.0277950709200565
"320.422",0,0,0,0,0,0,0,0,0,0,0,0,0,0,0,0,0,0,0,0,0,0,0,0,0,0,0,0,0,0,0,0,0,0,0,0,0,0.0402520603121443,0.00558264414778557,-0.00207402379857803,-0.00118666650316285,-0.00411444526942503,-0.0299866985945456,-0.0301088285604077,-0.0137273443189684,-0.0146167213243307,-0.00793418037449952,-0.00636169071594795,-0.00703381094131545,-0.00469820884217984,-0.00399668113248945,-0.0131626492865625,0.0215706215062638
"324.958",0,0,0,0,0,0,0,0,0,0,0,0,0,0,0,0,0,0,0,0,0,0,0,0,0,0,0,0,0,0,0,0,0,0,0,0,0.0121345904952209,0.00861529549587933,-0.00289253861645053,-0.00172584474346808,-0.00211415278460317,-0.0172797942010272,-0.0290261820776399,-0.0134192506133725,-0.0157471434805553,-0.014947520526725,-0.0114621617712853,-0.00929428732599331,-0.00810546555410765,-0.00348246517499066,-0.00684344652860498,-0.00489484611012377,-0.0156600261445134
"329.496",0,0,0,0,0,0,0,0,0,0,0,0,0,0,0,0,0,0,0,0,0,0,0,0,0,0,0,0,0,0,0,0,0,0,0,0.0114289085861098,0.0142552892876117,-0.00260536910302173,-0.00222839373548176,-0.00353722250331817,-0.0117226728095906,-0.0310808717299596,-0.0121320321724556,-0.0101240023338804,-0.0153791015208505,-0.0172687727813802,-0.0126594616639578,-0.00963670953681263,-0.00948690322264869,-0.00673092785944389,-0.0138127314423679,-0.000930064982557963,-0.00907910533788877
"334.038",0,0,0,0,0,0,0,0,0,0,0,0,0,0,0,0,0,0,0,0,0,0,0,0,0,0,0,0,0,0,0,0,0,0,0.0111561112883565,0.0193569670165872,-0.00168955308052617,-0.00223910859580782,-0.0022846273029724,-0.00829650821457976,-0.0285523304185563,-0.0171230969654098,-0.00733232739063643,-0.0118537838156995,-0.0157527347341847,-0.0191477178193694,-0.0150970335298661,-0.0123749857383686,-0.00930741110843562,-0.0115727094913387,-0.0146840953347509,-0.00867954567509151,-0.0105134966590906
"338.584",0,0,0,0,0,0,0,0,0,0,0,0,0,0,0,0,0,0,0,0,0,0,0,0,0,0,0,0,0,0,0,0,0,0.011325213678672,0.0283548786439466,-0.000986018908390011,-0.00107014609850024,-0.00257151072463284,-0.00358926586453592,-0.0182047904587645,-0.0194049920817225,-0.00754409939457662,-0.00763145313151836,-0.0136904603224843,-0.0169325743958063,-0.0181196752741619,-0.0144531997706742,-0.0120590822146234,-0.012244870392551,-0.0101676732026211,-0.0168107082604612,-0.0136625376442743,-0.0283930104964697
"343.133",0,0,0,0,0,0,0,0,0,0,0,0,0,0,0,0,0,0,0,0,0,0,0,0,0,0,0,0,0,0,0,0,0.0113195055786153,0.0335992246961955,-0.000606994537435387,-0.000600673738378939,-0.00110742434895583,-0.000881078396664372,-0.0115079940424119,-0.0224327045847975,-0.00816462645068446,-0.00524086471813228,-0.00656103640823964,-0.0110173421201763,-0.0163822635976378,-0.0152840076513802,-0.0108209160458665,-0.0122766064632548,-0.00882620525923669,-0.0112317263872712,-0.0151966077917101,-0.0134168783789147,-0.0056843524994103
"347.685",0,0,0,0,0,0,0,0,0,0,0,0,0,0,0,0,0,0,0,0,0,0,0,0,0,0,0,0,0,0,0,0,0.0424799244607162,0.000721521030685663,-0.00087447759180412,-0.00103026227338913,-0.00161109172165004,-0.00732091961076798,-0.0212152581527427,-0.00962128392591566,-0.00341582013525767,-0.00518511664958153,-0.00666269066904172,-0.00797766405086317,-0.0137828713090081,-0.0151830600508606,-0.0117757005876635,-0.0100810563169,-0.00678845472226688,-0.0128290279207204,-0.00043855293492269,-0.00572394789339538,-0.0240413885561822
"352.24",0,0,0,0,0,0,0,0,0,0,0,0,0,0,0,0,0,0,0,0,0,0,0,0,0,0,0,0,0,0,0,0.0517631847865095,0.000506086440255281,-0.000761773631020726,-0.000695783154814686,-0.0017345827837674,-0.00319956435837566,-0.015118375868682,-0.0122676554981882,-0.00380240923568266,-0.00315296203769764,-0.00497267860097828,-0.00713515797012944,-0.0088128296464503,-0.0132703332455572,-0.0138058462684653,-0.00894805820210066,-0.0104547843346726,-0.00788003290001086,-0.00848423911040673,-0.00772317051504271,-0.00834855586529735,-0.0204706765847484
"356.799",0,0,0,0,0,0,0,0,0,0,0,0,0,0,0,0,0,0,0,0,0,0,0,0,0,0,0,0,0,0,0.0458072309672562,0.0017148919567671,-0.000403204647740331,-0.000870271007884314,-0.000955356458111293,-0.00183316171323567,-0.0122400465478939,-0.0148114751497675,-0.00310522600519642,-0.00270551982308962,-0.00404763373977432,-0.00516239739491305,-0.006099607267383,-0.00862715800506285,-0.0109823729508873,-0.013710228876841,-0.0107197064339045,-0.00785537170710632,-0.0094068380600458,-0.00620047569569088,-0.0117072788383927,-0.00584536327433327,-0.026277831795945
"361.361",0,0,0,0,0,0,0,0,0,0,0,0,0,0,0,0,0,0,0,0,0,0,0,0,0,0,0,0,0,0.053763480873204,0.00460946339214995,0.000652312486281662,0.000465099767144433,0.000500430365438976,-0.000222684734578601,-0.00561527981183373,-0.0118598839753033,-0.00292358836063783,-0.00172946804538152,-0.000959378454846746,-0.0019069662614664,-0.00327276782099178,-0.00432345601548859,-0.00528109184843273,-0.00769296326483335,-0.00753317524398202,-0.00668809442934957,-0.00452549252540577,-0.00452005376892248,-0.00155488648915375,-0.00424297900035509,0.00446570871072537,-0.0183879232879345
"365.926",0,0,0,0,0,0,0,0,0,0,0,0,0,0,0,0,0,0,0,0,0,0,0,0,0,0,0,0,0.0705601493671327,0.00474375574893182,-0.000849460441681837,-0.000979108931754423,0.000154168723702541,-0.000616195395931073,-0.00308433756601925,-0.0131668573686215,-0.00729539519378583,-0.00195613227772339,-0.00223852811416067,-0.00268012798203191,-0.00263299439236742,-0.00419315282895626,-0.00419860272443533,-0.00570857910806345,-0.00758435175061765,-0.0087881829187301,-0.00711279101755917,-0.00515945040728819,-0.00695182880080774,-0.00698225809518027,-0.00210705036071962,-0.0111038776717497,-0.03292835347391
"370.495",0,0,0,0,0,0,0,0,0,0,0,0,0,0,0,0,0,0,0,0,0,0,0,0,0,0,0,0.10239197270768,0.011113053182099,0.000460816610412221,-0.000489198932450464,-0.000368663854491465,0.000882541811271636,-0.0020475416093479,-0.00831341850861048,-0.00915047472828834,-0.000178822076941813,-0.00061003926461608,-0.0014770495986294,-0.00142778113194535,-0.00198676401990191,-0.00313404788269367,-0.00248503629445651,-0.00360423600084436,-0.00543498842972279,-0.00616462253076224,-0.00325292789423448,-0.00246490783519594,0.000315690674331726,0.00201244931672377,-0.001490138034446,-0.00140102261042475,-0.0058717605117352
"375.067",0,0,0,0,0,0,0,0,0,0,0,0,0,0,0,0,0,0,0,0,0,0,0,0,0,0,0.136571708843813,0.014194100787519,-0.000406349390631774,-0.000873354255353711,-0.000719494683105745,-0.0011325343780854,-0.000927460357986616,-0.00723197587518892,-0.0107375909418464,-0.00359341123233766,-0.00101706467427076,-0.000642361172593803,-0.00168645705374441,-0.00247294639174492,-0.00290345651081864,-0.00270365695783008,-0.00298208806021461,-0.0056653494728793,-0.00566648454727283,-0.00476481094190411,-0.00561477446051066,-0.00433622170265995,-0.0028344772959093,-0.00534965587135355,-0.00610890835539152,-0.0212428325441694,-0.0382088732765848
"379.641",0,0,0,0,0,0,0,0,0,0,0,0,0,0,0,0,0,0,0,0,0,0,0,0,0,0.14225142425402,0.0215778209483704,0.000346976966203142,-0.0003383196204307,-0.00016702127896002,0.000508149021388369,-0.000194340101409341,-0.00254406870308369,-0.0097534729847341,-0.00405806625734425,0.00019875962864926,7.18933458088945e-05,-0.000165627846987468,-0.00100913722146924,0.000176182475904537,-0.00122746547095124,-0.000878434925373031,-0.00331044572847989,-0.00148291358223361,-0.00369344450530244,-0.00419124946737766,-0.000649724684193756,-0.00438733440039696,-0.00255262714705018,-0.00284669353383342,-0.00188612968370778,-0.0123816094498943,0.00797589226835708
"384.219",0,0,0,0,0,0,0,0,0,0,0,0,0,0,0,0,0,0,0,0,0,0,0,0,0.134669408002365,0.0284467404205031,-0.000394258105572742,-0.000856805629057088,-0.00107667363720594,-0.000482344346200146,4.6645662488117e-05,-0.00151829928610102,-0.00805475245384626,-0.00536875615247683,-0.000628609757940728,-0.000663265876101243,-0.000410879980895871,-0.00181277045741561,-0.00111210337507883,-0.000904420824047287,-0.00121708339159954,-0.00181492727260433,-0.00207716410747712,-0.00224824688418926,-0.00383942205781979,-0.00329849728194275,-0.00221618390449466,-0.00371420532497591,-0.00272645556604335,-0.00475019711518392,-0.00793453598184865,-0.00916219195662148,-0.0408348779350075
"388.801",0,0,0,0,0,0,0,0,0,0,0,0,0,0,0,0,0,0,0,0,0,0,0,0.13536249460031,0.0381437605608191,0.000336114983273081,0.000765655468462917,0.000288243437158795,-1.66421068921487e-05,-0.000114713835703655,-0.000670197287404187,-0.00506974368125769,-0.0064959604709821,-0.00104778104228624,-0.000259607415870136,0.000441193099052227,0.000570486726804557,0.000170579860759632,0.000631100816917789,-0.00070235160449168,-0.00197874671742907,-0.000162121280933679,-0.000660757524366067,-0.00154976910052023,-0.00135464497956466,-0.00143242246051849,0.00114096754150986,-0.000393586107389645,0.000546266187358303,0.000592915797527744,0.00622768958281817,0.015304881870116,-0.00534713615500623
"393.385",0,0,0,0,0,0,0,0,0,0,0,0,0,0,0,0,0,0,0,0,0,0,0.121098027127413,0.0465795944275377,0.000365678987567317,-0.000548666022298133,-0.000117895900996989,-0.000685167125554489,-0.000534588854189675,-0.00164434652740977,-0.00371529423481211,-0.00889328105047482,-0.00203654300407955,-0.000629665039204723,-0.000735914724344941,-0.001233375708505,-0.000351153442149323,-0.00096608897889875,-0.00204419536432687,-0.00151096623316332,-0.0015400573873473,-0.00286836912699593,-0.00318077053585997,-0.00430888012761264,-0.00418868311658859,-0.00207609067794469,-0.00272865548295066,-0.00265204742643572,-0.00483895985844728,-0.0046628343560463,-0.0110885512735519,-0.0117603849357013,-0.00252492915599088
"397.972",0,0,0,0,0,0,0,0,0,0,0,0,0,0,0,0,0,0,0,0,0,0.0932933897343575,0.0581745194929914,0.000335427435334996,-0.00052296671807064,0.00012052722681023,-0.000539902706818222,7.78109432186757e-05,-0.000245443647604066,-0.00171220725977457,-0.00526808138882763,-0.002875597358893,-2.8999517606129e-05,-0.000712380231843326,0.000317136112409045,-0.000698072293558512,0.00030597786439201,-0.000643961719513663,-0.000330605851993935,-0.00130868459652384,-0.000422459637201925,-0.00155767003217284,-0.0020547023016923,-0.00178882324489094,-0.0043475384985434,-0.00237551507077461,-0.00377904965517089,0.000676360711203594,-0.0024854125470084,-0.00451357409867115,-0.00393842463130122,-0.00818726148336479,-0.0282810428810472
"402.562",0,0,0,0,0,0,0,0,0,0,0,0,0,0,0,0,0,0,0,0,0.140684544742798,0.068558325434403,0.00177864442588794,0.000310772322242353,0.000351166424193355,-0.000432754547940789,-0.000180077873028524,-0.000319506771570801,-0.000669822506585782,-0.00439963369765927,-0.00390873487279689,-0.00100039483188547,0.000105197415819049,0.000336362093899123,9.31063012899007e-05,-0.000741255519934942,-0.000172315571154036,-0.000219315911076706,-8.01486806042996e-05,-0.00066047388764726,-0.000312650548901616,-0.00072958394119471,-0.0014088589988196,-0.000677638853738042,-0.00117017528055327,-0.00251142959269569,-0.0017383584553611,-0.00152337349442576,0.00283052568811266,-0.00174282414347476,0.00423021910685763,0.00573014868931017,0.0147966547537042
"407.156",0,0,0,0,0,0,0,0,0,0,0,0,0,0,0,0,0,0,0,0.158606093154045,0.0788175055915066,0.00205071705099453,-0.000142517161805999,-0.000601445086230227,-0.000374290649614825,-0.000581195229887024,-0.000259885917161017,-0.000548157432960557,-0.00327605464852392,-0.00543426573043027,-0.00197823863039049,4.61299875052956e-05,-0.000261140608047623,-0.000259949501553377,-0.000458444036904507,-0.000819944012907692,-0.000507825589023524,0.000214407978798877,2.0029432509094e-05,-0.000397867628762597,-0.000940156053559649,-0.000818789123649656,-0.00187962095254434,-0.00168597348942875,-0.00166309269953263,-0.00268884276103514,-0.00193110736464984,-0.00147110291014164,-0.00340950663668929,-0.00572160134836542,-0.00475656085506082,-0.00875616414444058,-0.0065199469421574
"411.752",0,0,0,0,0,0,0,0,0,0,0,0,0,0,0,0,0,0,0.148845981429882,0.097690574050192,0.00191655833447339,-0.000288847763940937,-0.000693561050878312,0.000153988641472678,-0.000587228931257464,-0.00100961115550119,-9.66894132322536e-05,-0.00238937245704478,-0.00505290219107553,-0.00244693039512931,-0.00108230635682165,-0.000144017758137964,-0.000846984700011662,-0.000166803731428325,-0.000333113436605084,-0.000866321140571274,-0.000320167998550015,-0.000799597272370425,-0.000740483646445272,-0.000460155166768503,-0.00164362903777996,-0.0021296091156547,-0.00138940484489477,-0.00244128918734418,-0.000662852486074475,-0.00158873910943494,-0.00139292223250376,-0.00203421435993044,-0.00441010341536353,-0.00455422834360252,-0.0107790263648079,-0.00861346213276563,-0.027740097926526
"416.352",0,0,0,0,0,0,0,0,0,0,0,0,0,0,0,0,0,0,0.105547685402442,0.00489063875464063,0.000980011074309531,-0.000260106672768792,8.49283173886416e-05,-0.000110465471005137,9.39051069150116e-05,0.000260589270470358,-0.000833223641845134,-0.004466731013229,-0.00365717102886291,-0.000425646992319872,-9.57138385359367e-05,3.12053929329623e-05,5.57357596288346e-05,0.000510309541618129,0.000535911494081106,-9.64014813568856e-05,0.000129635361130401,0.000920940538735171,-8.01359215848224e-05,-0.000441645014178056,-0.000328606661096144,6.74586141493833e-05,0.000369642670921006,-0.000834252141036129,-0.000606935677811286,-0.00119149537366249,0.000248125292787179,-0.000323248026511951,0.000582283892902734,-0.00260710667507646,0.000523385220149127,-0.000933589435546936,0.0241468292790637
"420.954",0,0,0,0,0,0,0,0,0,0,0,0,0,0,0,0,0,0.118214847143013,0.00674575021603302,-0.000271241231307737,4.12766929632435e-05,0.000408874059973689,-0.000569828803662078,0.000526182205658123,0.000196800391743376,-9.27397326356176e-05,-0.0029007651294396,-0.00437155444400125,-0.000145251658990861,6.04065136027717e-05,-0.000197535183187909,8.29007231116364e-05,0.00018636837060267,-0.000251695551007183,-0.000535402271259449,-0.000246652295743965,0.000134736733574069,0.000124595562463381,-0.000508392050677478,-0.000376301699526977,-8.2238236964138e-05,-0.000215652850791041,-0.000500638953145855,-0.00153008871938093,-0.00107809332459164,-0.0020492166362829,-0.00349905513425663,-0.000690067661106035,0.000456361659646397,-0.000784337684086673,0.0034690958105103,-0.0124617948082499,-0.00485919464965242
"425.56",0,0,0,0,0,0,0,0,0,0,0,0,0,0,0,0,0.120267795073687,0.00964864831705722,0.000265258028184534,0.000984612265387435,0.000521310348628474,6.71858102873034e-05,0.00142829163140672,0.000302243922551622,0.000225928467570159,-0.00109305085692486,-0.00321855665998834,-0.000755427124498449,-5.06264907069094e-05,0.000229311506281896,0.000548895538342881,0.000612403614133444,0.000345368642951608,-0.000224642217843404,0.000142627254494402,-0.000394921751377592,0.000297465917376185,0.000245824257611567,3.28174669562412e-05,0.000700270234554447,-0.000104750705767345,-1.13121849953366e-05,0.000372272732839428,-0.000545561425151917,-0.000936959785759228,-0.000997799503665355,-0.000969192368585125,-0.00070177210164664,0.00045118939355617,-0.000599276477862857,0.0052932984924739,0.00194501584951066,0.0098809535743119
"430.168",0,0,0,0,0,0,0,0,0,0,0,0,0,0,0,0.126423303030413,0.0127692038708084,-0.000343193327108552,-3.558972276095e-05,0.000278770716321564,-0.000362479190769793,-0.000383474879181153,-0.000218242471449283,0.000104147313010251,-0.000978932617868071,-0.00255180322566591,-0.00178949226465421,0.000242330222810057,-0.000191479955005055,-0.000118568824185885,9.86866606947383e-05,-0.000531654776945164,0.000243187085933475,2.56386523097531e-05,-9.02748311246346e-05,-0.000944242729237889,-0.000236856287582001,0.000134929501927022,0.000256306267083608,-0.000488158383408273,-0.0001877086891107,-0.000483844434569055,-0.000338903894209595,-0.000423194803242438,-0.00184822713644606,-0.00147069518556837,-0.0042003010471179,-0.00054502441495792,-4.40354899339619e-05,-0.00245893915300505,-0.00164755967936364,-0.00261819575431433,0.0121754132052635
"434.779",0,0,0,0,0,0,0,0,0,0,0,0,0,0,0.141158780407404,0.014719138027782,5.11412852118613e-05,-9.98182959677e-05,0.000135250369774665,0.000174816771850988,5.10994728760931e-05,-1.92224049533507e-05,-0.000288280486538599,-0.000683712055591757,-0.00289825322527568,-0.0024388777883191,-0.000725342793916298,2.20070085862321e-05,-4.95244549536856e-05,-0.000424683100029502,7.87130298393253e-05,-3.83836425857577e-05,-0.00029480319159378,-0.000224725051175368,-0.000455655077944586,-0.000297531700319894,-0.000183450859278682,-0.000132709874133917,-0.000336065080102673,-0.00100949514962701,-0.00102037059092296,-0.000409296255835993,-0.00135719940729925,-0.000620890577340419,-0.000430052505900463,-0.00186173407660862,-0.00161761169800998,-0.00356369283881139,-0.000675212149465838,1.13278823757469e-05,-0.00341768135956298,-0.0093629067024082,-0.00170424090199249
"439.393",0,0,0,0,0,0,0,0,0,0,0,0,0,0.149303685344895,0.0214612519708781,0.000608862941882406,0.000586662927988592,0.000552494549188346,-0.0004332545447705,9.14553267342857e-05,0.00102179757970057,0.000219996574820951,6.24048392662861e-05,-0.00185371261836367,-0.0020926849775118,-0.000485915381872593,-0.000220197129174775,0.000384037920130682,0.000281331679660549,0.000464770136423899,0.000310378182860502,-0.0003891650573425,-0.000217077361037902,5.19830530222688e-05,-6.38422280498113e-05,-0.00019795681963372,-1.47295545180882e-05,-0.000114394930502164,-0.000285858766137967,0.000358201880825222,-0.000240405163254327,0.000327626795134066,-0.00158597806474478,-0.000286708210632314,-0.00147855270690097,-0.000590281192090518,-0.00218413386932464,-0.000653476809482395,-0.000984711633218429,0.00183179731101674,-0.0023684743771529,-0.00877972167568818,0.0133576622570877
"444.01",0,0,0,0,0,0,0,0,0,0,0,0,0.146925490773734,0.0284972541705826,0.000430141178665952,-0.000412465507759303,-7.54955601782019e-05,0.00015623402192019,-0.000731078329544506,-0.000452398196685857,-0.000275929569124781,0.000451332579307619,-0.00166234132243758,-0.00325483961800121,-0.00113213997267681,-0.000200059177846742,0.000601605395348256,-0.000383889238339147,-0.000315961804004117,-0.000171876097014578,-0.000352489382240379,-0.000298396833122931,-0.000655995514059427,-0.000195780187261425,-0.000141962550303885,-0.000284163611137491,6.4528435567937e-05,-0.00032227543217072,-0.00056078625491003,-0.000967547643618611,-0.000489201725515528,-0.00151201769793978,-0.000601247624916686,-0.000538900115424836,-0.00164474797978477,-0.0021550285863107,-0.000909719757963256,-0.00376066763355043,0.00112402860181263,-0.00141363605822655,-0.00207001186891135,-0.00904527957250436,0.00457078418466208
"448.63",0,0,0,0,0,0,0,0,0,0,0,0.136401105836101,0.0315734333618786,0.000547001165602043,-9.86981482638107e-05,0.000464852504614287,-0.000111400328840663,-0.000161018454538272,-0.000171152025711957,0.000206832668775176,1.73100993669422e-05,-0.000481725568489791,-0.00230935790298597,-0.000704079740436403,0.000144180326248907,-2.25407603154659e-05,-6.52796134907165e-05,-0.000143798562427488,-0.000168912558328195,-0.000183158213539343,6.97860809493915e-05,0.000212533378832277,0.000125721110350834,-6.28665449429828e-05,-5.36379472203751e-05,6.65155098261124e-05,-0.000630252275921026,-6.77817309818778e-05,7.77022725646264e-05,-0.000445339016959571,-0.000232821042624757,-0.00168186856992602,-0.000806546613888299,-0.00021888603938349,-0.00188237296455999,-0.00173089366338431,-0.000800801207011426,-0.0020301309609428,-0.00301465736496479,-0.00116523342418354,-0.00462584297085537,-0.00335079993035007,-0.016001751142225
"453.253",0,0,0,0,0,0,0,0,0,0,0.13549938310618,0.0410265547312998,0.000110373995897591,-6.68409261545754e-05,0.000128075736727214,0.000142284571689906,8.5632507843223e-05,0.00067178522502101,0.00037939816645501,1.49425482487879e-05,0.000333976189009701,-0.00192032619556111,-0.00121069227212046,-0.000372536744099752,-0.000435258048641068,2.47912435503813e-05,-9.25560691493069e-05,-0.000243309694752546,0.000367073524390631,-4.11513519104042e-06,5.06331707579544e-06,0.00014887663918495,0.000315497637119976,5.49866979212519e-06,-0.000173777824863884,5.61518815268808e-05,-0.000137919017088074,-0.000240812460218262,-0.000212522635943893,0.000150680431803586,8.98361403748673e-05,-0.000731613275995249,-0.000549339564488671,-0.000766596107311499,0.000122526550659876,0.000234932138336723,-0.00108100897610308,-0.00187348353618074,-0.00162907487146401,0.00159177959369784,-0.00149449459229342,-0.000506490286851768,-0.00461677936688271
"457.878",0,0,0,0,0,0,0,0,0,0.126191986181211,0.0420973056931074,0.000542260025458491,-0.00010420743906585,0.000295805693159996,1.37937504196891e-05,0.000527625759230843,-0.000237835100172481,0.000303309982106108,-0.000105436567033623,0.000234310824548183,-0.00120979458011635,-0.00203999535053797,-0.000400579088642914,5.86993731510987e-05,0.000117178126486516,-0.000160945429564815,-0.000201911368389121,0.000168837795290669,0.000179427227655075,-9.07167450785036e-05,0.000328291987199642,-1.46212233100995e-05,9.44974267624891e-05,0.000217728434613363,-9.4606406716913e-06,0.000455977827039151,0.000488863869749576,-0.000374245320312793,-0.000354105031520265,0.000299707463049858,-0.000427102314163361,-0.000526193566103178,0.000773395743393547,-0.00060549348097292,-0.00113375758771676,-0.00102880999322724,-0.00127285871779372,-0.000468754602335813,-0.000924927753638785,-0.00240938288354631,-0.00478023770934972,0.00128850678507693,-0.00551936603296536
"462.506",0,0,0,0,0,0,0,0,0.077291295888271,0.0482029827000236,0.00116913726719091,0.000327404836702024,0.000234431376119792,0.000162423915090653,0.000325443917025209,2.80168935755214e-06,0.000595377742464669,0.00033885771478051,0.000634126810621648,-0.000801558863344523,-0.00122347203012965,-0.000474178173138478,0.000373657032000116,0.000344111819337974,0.00038303195354641,0.000910805316229446,-0.000137406905846562,0.000218883681623465,0.000124319603761006,0.000419162627238542,0.000300919014699044,0.000704246150439999,0.000198770225886331,-8.64636605544104e-05,0.000170008832661315,0.000309629943559198,0.000102492856516631,-0.000153940528175849,-0.000144163754890061,-0.000365270190687285,-0.000381686133641173,9.51179811258202e-05,-0.000158310691811093,0.000627427455008605,-0.00037959874227032,-0.000823119992854318,-0.000265572401293105,0.00147182879449936,-0.00225313848243512,0.00463363421358797,0.000883737890685843,0.00209415469276781,0.022086835170352
"467.137",0,0,0,0,0,0,0,0.026071159274754,0.0472154159468946,0.00114034116850953,-0.00041901070966266,-0.000425296463715841,-0.000638604728319674,-0.000949761988009912,-0.00101384557471744,-0.000352753539835907,-0.000484944698697688,-0.00106326396847889,-0.00134296363316824,-0.00132539282369827,-0.0024951525939686,-0.000860830407973629,-0.00109075691723718,-0.00123027011610589,-0.0005215149636659,-0.00117996348385183,-0.00078437461202652,-0.000722055855633078,-0.000627191278937836,-0.000787446958739189,-0.000831064538087268,-0.00100464057684617,-0.000876249090110842,-0.00064042825199241,-0.000808011637781397,-0.000903827906023621,-0.000469558990186916,-0.00081217196898111,-0.00110986429461194,-0.00114899070015307,-0.00154739993463616,-0.00211167097151777,-0.00114907356312364,-0.00229889041384264,-0.00248392638077749,-0.00339914442189285,-0.00327348748277382,-0.00425209398972351,-0.00584125598747676,-0.00708356553016708,-0.00938472030655301,-0.0171547176922352,-0.0387902993992769
"471.771",0,0,0,0,0,0,0.0788643770111777,0.0428751739183392,0.00220252422253484,0.000112333539808153,3.84797015060302e-05,0.000248717125247255,0.00010061674394131,0.000893352397306456,-1.66798202532355e-05,0.000281715172007559,0.000389566620472161,0.000288481623832973,-0.00071524544458329,-0.00159857170633219,-0.00052305900207005,-0.000102952342509264,0.000387469381889723,0.000137867130532175,0.000100246507926599,0.000182364497496467,0.000148926273909094,-0.00023838604200732,5.05597175365993e-05,0.00013920816705208,-8.1728172902676e-06,1.07430910780242e-05,-9.98544367927218e-05,-2.47870729956719e-05,0.000245090565592595,0.000495345309427635,-8.82512138234956e-05,-5.51593856900874e-05,0.000168764679581079,4.60010365550995e-05,-0.000372397805547632,-0.000824158278665213,-0.00106183614993579,-0.00117071345723396,-0.00073715217241742,-0.00124529126678837,-0.00113999229053941,0.00031635467901001,-0.00236594730690379,-0.00111406012880583,-0.00193560175974678,0.00937001724157186,-0.00831698462541029
"476.407",0,0,0,0,0,0.0644982816816266,0.0434076586678331,0.00203960985926272,-0.000124996957316395,-4.02012620188414e-05,4.4170733581988e-06,-0.000187105501683695,-0.000168278355948086,-0.000460293071111844,-0.000312069428972739,-0.000394281857230704,-0.000663485941311031,-0.000322955867624848,-0.00113883571572509,-0.00097061440809838,-0.000557217779152641,-0.000537697078191729,-0.000189712205176321,-0.000218134305859079,-0.000603421169529323,-0.000405875596684149,-0.000567220113564682,-0.000417625017235554,-0.000153177596346535,-6.76890842975537e-05,6.67066650286932e-05,-0.000516622763513636,-0.000152955187163186,-9.70221385912546e-05,9.2286334518068e-05,-0.000327759650938122,-0.000766303783737252,-0.000726879500078474,-0.00042162157490773,-0.000647537979042651,-0.000427674167601925,-9.35248881321564e-05,-0.00160667151508814,-0.00109073854350807,-0.00115498482917135,-0.00100362632898413,-0.00158013420702343,-0.00225432839259033,-0.000969366883691798,-0.00231920667924213,-0.00350357100890327,0.00219179403233262,-0.0376173471641032
"481.047",0,0,0,0,0,0.0417007677570582,0.0025281296641941,4.36643929748912e-05,9.23188355750381e-06,-0.000104176134236617,-0.000156758790254807,-0.000473272289620276,0.000325778975551275,-0.000123782200600109,0.000243345792816981,-9.76155126180787e-05,-1.35096890224646e-05,-0.00142450500536517,-0.00140214934675871,-0.0011259960827941,-0.000635299875450639,0.000184716099118163,-0.000260558152511609,-0.000125842932916699,2.13987661472779e-06,-0.000329799511304647,-0.000405252188646143,-0.000273702727354521,-0.000600964036611875,8.81319336569579e-05,8.77261855692344e-05,-0.000130094640083422,-0.000286577959840696,-0.000407104343989883,-0.000196085952450372,-0.000431701544630026,-0.000422726954025297,-0.000156209706901393,-0.000346130999679934,-0.000544066997712341,-0.000380892048643362,-0.000646577008319712,-0.00118120175314137,-0.000329134249946605,-0.000849063292710913,-0.000608078873002854,-0.000108188556624625,-0.00121255803585785,-0.000748972422453803,-0.00406712902787705,-0.00626686526810213,-0.00696314825807119,-0.0723740266917413
"485.688",0,0,0,0,0.0655457032465614,0.00460600694097711,-0.000114700115473315,5.66879663084689e-05,4.9940198095007e-05,0.000217854180335556,0.000127999750638561,-3.14770327034817e-05,0.000414264731319122,-7.98946640823067e-05,4.18040391947114e-05,-0.000159384728815902,-0.000764140702535136,-0.000767496978701487,-0.000884242950027167,0.00039132108116611,2.34921068357072e-05,0.000106856661788608,-0.000132817232553508,-5.79373811827675e-05,0.000503988592731591,-0.000447065030421358,-0.000595622287488658,0.000296875352064135,-8.11038764713216e-05,-6.20600584380933e-05,0.000484990469915694,0.000112294365585346,-0.000120641001014721,-0.000111770009069214,-0.000196521543849627,-0.000149650624289172,-0.000312670485440867,-0.000231919715973259,-0.000146229694778152,-6.31507284457002e-05,-0.000392651956001407,6.09176904934937e-05,-0.000757422867867016,-0.00135173460373136,-0.000677968775009119,-0.000445992650077516,-0.000174139254088323,-0.00322047114077544,-0.00110786196332877,-0.0011473531755635,-0.00174137143779551,-0.0234274539943615,-0.0802511974803645
"490.333",0,0,0,0.0669500922151131,0.0062873360705048,0.000468006295540793,0.000239834469168417,0.000427450703015688,0.000324957564625532,0.000190748253238471,0.000223427823744706,0.0004443445948139,0.000656975966865106,0.000831327456027732,0.000491200131687133,0.000220256837950406,7.72788422007085e-05,0.000648541131834678,-8.94629789191929e-05,0.000261055083336998,0.000200612451982655,0.000800062084217782,0.000715101209978063,0.000469771051593514,0.000562897124760285,0.00060941707429894,0.000996312211863819,0.000542607497517319,0.000764013604701881,0.000725064164345102,0.000571808777309902,0.00027609428651687,0.000287787638622922,0.000413633552701974,0.00032953151549524,0.000189888835377392,0.000409239150428394,0.000145497649038663,0.000535570577406657,0.000215672118683651,0.000720328798091469,0.00041166246748761,0.000146831727175969,0.000974064692247908,0.000483863802820145,0.00170115081944423,0.00273336007626157,0.00145091171623958,0.000579580069320445,-0.000161923607909137,-0.000853716099856319,-0.0382055339924695,-0.0186667477582982
"494.979",0,0,0.0661566893655506,0.00658370982271113,0.000240814852322134,0.000467789218561276,0.000312624252440438,0.000172381466137578,0.000256304205155453,0.000759398507024513,0.000336460087162636,0.000789854025853333,0.000263359100827415,-0.000116097665229886,0.000609893243142061,-0.000762798199463208,-0.000151535525775532,0.000642477843738135,0.00046912992034903,0.000171127778192086,0.000315107710471584,0.00063872755277447,0.000329496289189252,0.000338258379702754,0.000349955322302698,-5.30134968436299e-07,9.56820430615088e-05,6.93664650992854e-05,-9.78526997527546e-05,0.000141710959444431,6.31105708011282e-05,0.000406462768008356,4.37780177055068e-05,0.000320984843246924,0.000542042192833561,0.000105614456956183,0.000172373656369118,0.000141938229925555,0.000122290669613619,0.000367686911019059,0.000254564636337004,7.00220198903059e-05,-0.000374190317474309,-9.53644595249401e-05,0.001205755058787,0.00087909055448196,0.000266896675302232,-0.000622046284218692,0.00073280854728202,0.00202999657817301,-0.00889524777002153,-0.0452404043036089,0.0267860274070091
"499.629",0,0.0671850339447993,0.00655388161084909,-0.000237501976467017,-0.00048708612928169,-0.000317258561957124,2.21988737375514e-05,-0.000352569422784531,-0.000328525295046427,-0.000172468400479018,-0.000178577596415052,0.000174231738447329,-0.000510574889407556,-0.000387967793751033,-0.000981085067526213,-0.000868545589856887,-0.000445010109653098,-0.000100973468740967,-0.00088439488801334,-0.000433204037653267,-2.72793753728171e-05,-8.05626450985477e-05,-0.000325906159394375,-0.000239537804046588,-0.000571849638088021,-0.000178970817109945,-3.71512224293229e-05,-0.000109954568731887,-0.000328670722778348,-9.99469787805467e-05,-0.000265880100814151,-0.000293233579705008,-0.000369819580565603,-0.000541180661515718,-0.000655954950872257,-0.000557023661373852,-0.000324408535508007,-0.000695870720796353,-0.000385801023684265,-0.00057701242375374,-0.000992798911430562,-0.000497642921224494,-0.00110018426928102,-0.00119888292287582,-0.000998591996279131,-0.00112064421612541,-0.00133310211199281,-0.00263835500012415,-0.0036584923648797,-0.00615943152524603,-0.0387557105871676,-0.0487267996348851,-0.0231111918498847
"504.281",0.073180698912476,0.00866698734077728,3.84281218661186e-05,-4.34233869290722e-05,8.1588037798006e-05,-0.000431169047097726,0.000151718749250343,-4.62267460237745e-05,-0.000112033296726201,0.000299024903566791,-0.000151501505614065,0.000148733026954545,-0.000120089072874286,4.70412878134348e-05,-0.000972877972597194,6.82999936779689e-05,-0.000234041683613563,0.000343347322540437,0.000266238578875229,0.000497795618049847,0.000375683285069535,-0.000211682228397225,9.73144294059266e-05,-2.4483166062752e-05,0.00046892333814749,0.000182641153361988,-0.000478676349134076,-0.00028070844307378,0.000304137334388284,-2.89948358969497e-05,4.56468569328405e-05,-0.000241091707414095,0.000269426349164991,9.42628462513427e-06,0.000561864333229214,-9.60048191168576e-05,0.000273778284380307,-0.000247833096892298,0.000660813494768469,-0.000208024351806656,-0.000129533024953305,0.000279608464972746,-9.42467352993366e-06,-0.000872850406508776,-0.000202188213080687,0.000181472900660003,-0.00104361737565435,-0.0003649993647556,-0.00100636960675379,-0.0112238188781528,-0.0454717589156075,0.00343986136887656,0.00104246623682839
"508.936",0.0098594118857013,-0.000150115737884918,0.000146471053686139,-0.000302842381420985,-0.000434985152456438,-0.000101713534786317,-0.000303818141071589,-0.00017768304958912,-0.000196058720626655,-9.1128291677566e-05,-0.000578506003134221,-0.000154037028017826,-0.000593986688365872,-0.000866607532451154,-0.000831080938655278,-0.000211281363348886,0.000118644482116043,-0.000173198089239326,-0.000183888301584235,-0.000271193522400191,-0.000714566000386385,-0.000136117623025996,-0.000436151467168229,-0.000723970136812281,-0.000832929513876093,-0.000326719975178483,-0.000344622395346675,-0.000422468664757181,7.93255502945191e-05,-0.000332562816989718,-0.00019923901728451,-0.000129051218924189,-8.01457442350145e-05,0.000136224391191817,-0.000469660843287268,-0.000255722507680013,-0.000830297416723402,-0.000349663829947797,-0.000494651661452106,-0.00100576610852868,-0.00133175939868474,-0.000395915023258443,-0.00142655076906439,-0.00110769488506743,-0.00122719113727481,-0.0026128381580077,-0.00295724371792214,-0.00244837538369591,-0.00157686836277886,-0.0308204311408678,-0.0335495972457227,-0.00849812884679671,-0.0100905557949567
"513.593",0.000150425889136217,-0.000105324199334735,0.000162745033495806,-0.000180174430685982,-0.000146300882059622,-6.4444608864996e-05,0.000126760362923666,-0.000273152906077993,4.10725798668608e-05,-0.000294507497262779,-0.000173491479927647,-0.000408152118224599,-0.000570221942953345,-0.00022901087678924,-0.000513351777235461,-0.000240386691796514,0.000156485178654497,0.000146095163445527,-0.000240300798320607,-0.000422072005183415,0.000137921960312271,-0.000251756763805329,-0.000375126552914653,0.000141169347197757,0.000126608411473746,-0.000672763689464949,-6.75353866589596e-05,-0.000105830914057839,-6.27892846563506e-06,-1.21442134638213e-05,-1.25795224280384e-05,-0.000397588686031304,5.22896803739753e-06,-0.000267604971419108,6.46964843417242e-05,-0.000217360950878643,-2.62775407007283e-05,0.000235106630886368,-0.000195872045028561,-0.00065039834367839,-0.000802781829356839,9.42109544717816e-05,-1.08173737724736e-05,-0.000603400989399007,-0.000511148147871884,-0.000346607836958357,-0.00189561269408372,-0.00171127551301887,-0.0050353793926323,-0.0359117575361297,-0.00175609791583997,-0.0048362237536803,-0.026672827971594
"518.252",-0.000734997871379106,-0.000395084949450316,-0.00040447221833449,-0.000282550535886108,-0.000460402948173751,2.90800443532291e-05,-0.000501776249569779,-0.000496358857566964,-9.96294530839597e-05,-8.24918030713381e-05,-0.000567739801257524,-1.11429812412918e-05,-0.000634133181086162,-0.000352632000728471,-0.000274323831747896,-0.000439331148294614,-0.000244693597368669,-0.00048434226650429,-0.000684469128129282,-0.000583237649063175,-0.000609419241904562,-0.000905998205900332,-0.000441813419004152,-0.000488368861583294,-0.000344260182465363,-0.000550543613036344,-0.000611203000303507,-0.000608152607179463,-0.0001291172958566,-0.00029579986475305,-0.000293256832876442,-0.000262421016025098,-0.000610225857040875,-0.000371979510894444,-0.000488112855436401,-0.000524505574802034,-0.000642917714173671,-0.000384185742573785,-0.000664812825270296,-0.000586078768894948,-0.00053668944953467,-0.00108552178056664,-0.000898607633117641,-0.000698585435102633,-0.00118637969812828,-0.000558663449917338,-0.00275535066130162,-0.00374942895890716,-0.0226881224325779,-0.0262475680818035,0.00225514539327112,-0.00960113089964776,-0.0125573856420856
"522.914",-0.000307387697327047,-0.000433727039898438,-0.000709112226539132,-0.000224160773369176,0.000115051565547406,-4.66529514170778e-05,-8.55789899660949e-05,-1.38165052232894e-05,-9.33870974565111e-05,-9.11904053637202e-05,-0.000172571439782859,-0.000746107418429596,-0.000185317921753159,-0.000300472575582758,-0.000403041995719634,-0.000168396892084605,-0.000608391359621666,-0.000412490319990754,-0.000540860463742882,0.000221136912695383,0.00024112479449405,-9.16374353287328e-05,0.000165725487908431,0.000106575403568431,-0.000233333412581008,-0.000173123536806787,-0.000312921973620193,1.96043111511186e-05,-0.000153210045501503,-0.000338688956981791,-0.00025359036182858,4.22237680570197e-05,-0.000282117246424935,-0.00045015513108042,-0.000270509171823796,-0.000624578589109148,-0.000395467944898451,-0.000660245090352663,-0.000432731716108441,0.000213821958330996,-0.000668268886106391,-0.00036442496100745,-0.000585292899487266,1.59705687499858e-05,-0.000194071688366354,-0.00110592456095018,-0.00121741690068717,-0.00612681090487583,-0.0260340099730852,0.000277870761434845,-0.00495915893759387,-0.00248592632931218,-0.00653276497881547
"527.579",-0.000385607622319286,0.00014810737552721,-3.62034995718103e-05,0.000309191077918626,-0.000386162664932911,-0.000168593752978137,0.000132232495668251,0.000134702290391208,-0.000237166041294267,7.53046556692925e-05,-0.000137506128800738,-0.000126351226226843,-0.000122530782966178,-0.000370167082375634,-0.000374049092864293,-0.000312050342877389,0.000384357295152959,-4.71154818117454e-05,-0.000202486277092296,0.000808378563334057,-0.000336507385948598,0.000241245923625514,0.000174869189990503,0.000185851679127552,-0.000289807334465898,-0.000110761935069138,-0.000147759033143529,-0.000657012834120656,3.26024400764043e-05,-3.77287876684391e-05,0.000308076481500069,6.91329657444954e-05,-0.000366750718637074,-1.11238314415993e-05,4.95120716804121e-05,-5.61668192023847e-06,0.000126626257230865,0.000307732012301113,7.02485372716177e-05,-0.000130878747745778,-0.000492686190297351,-0.000198557946642317,0.000248074864182908,0.000434626027060346,-0.000343163434742974,-0.000712076221142162,-0.00178916632128801,-0.0136483983803486,-0.0144654227893922,0.000320108916626892,-0.00218495850325302,-0.000786587402313738,-0.0273747560291602
"532.245",0.000278736570598055,1.86452447635408e-05,8.61774977904577e-05,0.000180820617378483,3.14001930637968e-05,0.000121701162160202,3.42206628339597e-05,0.000174052426717389,-0.000214736617643309,-0.000275171125882958,-0.000646886814670183,-0.000267371896750038,0.000254386158706542,0.000164473712557199,0.000223046400805051,-0.000179237232554256,0.000279336339657751,2.63768267696031e-06,2.0251931558536e-05,0.000461253028933768,0.000525852426796971,0.0004878364136196,0.000313392137711932,-1.87074926634278e-05,0.000152735589313222,4.23928941403545e-06,0.000208639471366117,0.000519539521266447,0.000401790790279666,0.000422658419658085,0.00010235674740681,0.000262937452362738,0.00013763194907781,-0.000255388138561122,-1.46124164456864e-05,-1.34622598721639e-05,-0.000135978497881489,-0.000113794931226435,0.000430908219913428,0.000514827007060876,0.000872464965393625,-0.000211599870146645,0.000355153560947117,0.000182137527488376,1.33358242484453e-05,-0.0020856043688852,-0.00259666261337587,-0.0169036019165397,-0.00231385026100983,0.000113706470468408,0.00719889080104192,0.0108649824471797,-0.0146158659614251
"536.915",0.000428497570567292,-0.000348259470768112,0.000132305659018919,0.000138616639355034,-7.34651615063072e-05,1.99173636352325e-05,0.000189148099140331,-0.000172731957114951,6.55335510773218e-05,0.000139961311993649,-0.000369313396474702,0.000187794172754761,-0.000298592731130452,0.000246449608505688,0.000187864622357324,-5.54029056166605e-05,-0.000121513842003531,-4.09821428917821e-06,-0.000238124580406303,-0.00021234340562387,0.000120888780695076,0.000251981977436338,0.000190059133495521,0.000381702203751412,-0.000226546473620825,-0.000267724118211384,-8.16859277631203e-05,4.72105003109399e-05,-0.000325814653145967,-0.000213788262110269,-0.000660519798582522,-0.00027951218549145,-0.00023741029337284,0.000161064038298619,-4.67759169824886e-05,2.41570317965173e-05,0.00047837261569011,-0.000431192578979224,0.00031629089387554,-0.000302091551412174,-2.01936843028706e-05,-0.000531889794766593,0.000200407406177262,-5.35883094748566e-05,-0.000783005046446365,-0.000932001767837465,-0.012881960451438,-0.0109356758291868,0.00195991696998954,-0.0059577026065608,-0.00683658094028006,-0.0161140747920895,-0.0250677491382314
"541.586",-0.000135792066604042,0.000393817141115709,-0.000216579132436701,-6.79157378171792e-05,-0.000347005171772775,-0.000340021359586103,7.9045096027579e-06,-1.21673891651142e-05,-0.000251195880656279,1.20962501724241e-05,3.50293460488656e-05,0.000781189519272231,-0.000244883412670314,-0.000466126534309035,0.000260808841356758,0.000170887981665253,-3.87660594885234e-05,-0.000139865140279675,0.000448038997047934,-0.000427300476491468,0.000225171796475214,0.000244742025062162,5.18898767850281e-05,0.000198698926992178,-0.000308230379464293,0.00028801616076095,-3.31939437249008e-05,0.0001205115493373,-7.62303237891542e-05,-0.000199642686987177,0.000160737012580734,6.44481265463986e-05,0.000258741869147131,-0.000110712757745397,-0.00024485492048005,0.000382571119632728,-0.000344686819160571,0.000585849337234288,0.000227268212740857,-8.85567606158281e-06,-0.000309670836834071,0.000200380727363207,-0.000528283735411746,-4.07671255390992e-05,-0.0010017399414693,-0.0025955789472725,-0.0152376808367532,-0.00339423928165195,-0.000348766994464326,0.000766241928067174,-0.00535972225867431,-0.00829105448237487,0.016067468648964
"546.26",-0.00022130271545538,0.000407804441443991,-0.000123347962860817,0.000274581283929334,-0.000494428384307076,0.000442582124063878,-0.000176348565051421,-7.69230522770152e-05,-0.000163149672622013,-1.8662539973336e-05,0.000162805551093362,-0.0004550810699053,-7.25096602538555e-05,5.64308690246464e-07,4.55162910651229e-05,0.000177629631659395,0.000493467570605838,5.63517035193499e-05,0.000142508924526765,-1.17994623720911e-05,-4.69167062774142e-05,-0.000160926845037782,-4.45043193800914e-05,-0.000198629033247595,0.000119918440729247,-0.000213679036052305,-0.00019391451243386,-5.38816391176314e-05,-0.00013963999624848,-0.000246319597854278,0.000252544021044356,-0.000255885635633748,-0.000324292901583202,-0.000152968026875293,-0.000114334133859048,-0.000139562490124014,0.000419696587432614,-0.000311952648074976,5.75700822720556e-05,-0.000214456178638978,-0.000294835476005804,-0.000722271376523213,-0.000289246473486079,-0.000912405283272471,0.00034904925191756,-0.0121929191092705,-0.00799757454654401,0.00143366531644039,-0.00412437420098845,-0.00280267702614827,-0.00902110543690102,-0.0178036898479971,0.00615338971796852
"550.936",0.000655587617896091,0.000780586399029591,0.000264988790803893,0.000590491972829653,0.000414887003551871,-0.000106345581871389,0.000161421562588265,0.000196027134347517,-0.000257575874313609,0.000389581401669709,0.000265605847308757,-8.80998676936166e-05,-3.86718419411989e-05,0.000171934778190189,6.07484210458715e-05,0.000419396090791414,0.00048202260273837,0.000332088997726639,2.87357920796597e-05,0.00044122098921847,0.000704470660852881,0.000544947864848504,0.000356265881242367,0.000481296366482623,0.000415179117150959,0.000199076073580859,3.37736650073406e-05,-0.000141352425127914,0.000341347440474731,0.000143459287672539,0.000196303550368871,0.000417468327778393,0.000183390177923417,0.000313032184451304,0.000617534176811816,0.000429499345710521,0.000751249968119492,0.000326732957347607,0.000271928936912258,-0.000106058050257127,0.00071171925575857,0.000325734803250607,0.000617855528508813,0.000910275458227615,-0.00105065926338399,-0.0165386370929531,0.000127022169765831,0.000309607936996367,0.000433868464984634,-0.00079069079109147,-0.00569143143150975,-0.000838652012431933,0.00899285106054008
"555.615",-0.00011788055743794,-0.000370599347892456,0.000351317420963169,-0.000308911539415542,-5.40989724431526e-05,-0.000145269832523654,-0.000116265544625006,-0.00036129279411588,-0.000191123081886825,2.97388343993262e-06,-0.000623776041565225,0.000101697925200625,-3.11406273816252e-05,2.39541563394149e-05,-0.000151039199563633,0.00015828130715439,-0.000158854893130258,0.000173460245019264,-0.00028942983457305,-0.000212225633539069,0.000249461663954387,-0.000169071129727566,0.000180147049422367,-0.000118146367662331,-8.69523528906663e-05,-0.000156643593183052,-0.000643133839960194,-2.89272355548118e-05,-4.626143044195e-05,-0.000195348989255807,-0.000106183235656095,-0.000100768315029168,-0.000221181930333784,-8.61582105314943e-05,-0.000166064124506872,-0.000742516894691486,0.000136964631500832,0.000133410417678888,-0.000160756738256164,-7.20806790125674e-05,-0.000318220921829171,-0.000241800820035964,-0.00018928918732813,-0.00111634505386208,-0.00957656419109706,-0.0127302353056648,-0.00125678990109856,-0.00123464511391793,-0.00211466430412646,-0.00528343423789874,-0.00377262289354501,-0.0129264882311471,-0.0319734613419925
"560.296",-0.000185719002165968,-0.000167307016097446,-0.000533713889720059,-0.000568152412730207,-0.000758942948467492,-9.93885232609751e-05,-0.000553716403754458,-3.42653020159603e-05,-0.000162325398306797,-0.000279702916364815,-0.000145815587789071,-0.000361838245349711,-0.000339683277955262,-0.000148202588404336,8.26902275150495e-05,-0.000193252851939071,-0.000950101045047298,-0.000776579422042882,-0.000303023624076179,-0.000592496874466493,-0.000250409365144379,-0.000838069008987638,-0.000788416031007004,-3.73026408762514e-07,-0.0011019181774184,-0.000327306782836921,-0.00055154661063651,5.86094732530113e-05,-0.000292113939568393,-0.000327312607826004,-0.000235047186871765,-0.000393237252461995,-0.00042634940085827,-7.99795812438237e-05,-0.000118786373637299,-8.91435621249882e-05,7.95306469620053e-05,-4.65051784563455e-05,-0.000836698487814122,-0.000395765163219694,-0.000219338592372473,-0.00093548930233434,-0.00019510962149275,-0.00129160927465941,-0.0137571747289813,-0.0049156215453965,-0.00192046368640269,-0.00130776793972256,-0.00257774249795835,-0.00622403297988327,-0.00551493246121294,-0.0142693509145131,-0.0143837699781772
"564.979",5.57074128405199e-05,-0.000290635877382784,-0.000146355416826828,-0.000254064611543455,-3.82978347890672e-05,0.000339461687461766,-9.29466539401668e-05,0.000136302961101172,-4.75050942382423e-05,-0.000105513838453259,-6.99360860434074e-05,-0.000125630098463794,0.000139894859483362,-0.000121763420202937,-0.000300478872756277,-9.20150129110222e-05,6.25309753296133e-05,-3.69148961149675e-05,-0.000334145288658384,0.000200297051178063,3.41204310057216e-05,0.00025038047491343,0.000143119557142987,-2.11196888229537e-05,-0.00010998173472403,0.000287089500928979,-0.00045500249544685,-0.000289720833252564,0.000306072120102406,0.000365481759722739,0.000118897268252405,0.000129380329318099,-0.000603173457628041,-6.646045185606e-05,0.00053448463305862,-0.000269665435330376,-0.000349306011180037,-0.00051897270438615,-0.000391709045279643,-0.000178976268004822,0.00028712285239891,-0.000512748728732668,-0.000264521579008236,-0.00470897888944334,-0.0116597936033518,6.40935160436916e-05,-0.000204014989026364,-0.00158071439710312,-0.00479940720057049,-0.0069703497453835,0.000557147164703766,-0.00274510889684233,-0.0135616441618413
"569.664",0.00044465910036363,0.000226741934715886,0.000361781768244281,7.52281224632246e-05,0.000245327136844068,0.000215687544772788,-0.000104245151152785,0.000181805760237997,0.00010988093519096,-1.12347954315825e-05,0.000250966203662758,0.000234381948819449,0.000209804516209396,0.000509785628042877,0.000363565320562921,0.000216190715650727,0.000492542553371313,0.000153985950596195,-0.000196475861039537,0.000119110780314458,0.000312229344119215,3.99692540222358e-05,0.000519483243325653,0.00053713321884317,0.000173651888923319,0.00029093732279156,0.000258010208280661,0.00080679123349783,0.000564192982475756,0.000222725567259953,0.000156715701530789,0.000364531895778063,0.000365697067514843,0.000441573157786212,0.000333351548163002,2.98324325896569e-05,9.46785835935857e-05,0.00106616796317539,-6.2567537110183e-06,0.000354044035577025,0.00070391719502783,0.000708551355277194,-0.000716807421663221,-0.00902758248180052,-0.00281111547526064,0.000163116574921669,-0.000177946910859815,0.000684728685462843,-0.00263748267888234,-0.0025582773364864,0.00194072331162741,-0.00423964495816786,0.0186846924059481
"574.351",-0.000202264415160806,-0.000181458660301841,-7.99646372996949e-06,0.000117783115715457,-0.000123978805222811,0.000545890601841544,-6.95778146948436e-05,-3.22103073336097e-05,-1.3830836375349e-05,-1.61605928399592e-05,0.000173362687045288,0.000449505208760833,-7.88159000471718e-05,0.00025756470808864,0.00032222260724115,0.000334224135730043,0.000123978081260825,-0.000314943365171759,0.000583629243264063,-7.76910201537205e-05,-0.000156330838054249,0.00019498233658705,0.000504607746494777,0.000324135844975119,-0.000218560541672491,-0.000209538647554098,-5.53422107946124e-05,-0.00028579026255605,0.000164284907411477,6.03678301035518e-06,-0.000287295575771681,0.000147773442343071,-0.000156491099281153,0.000455194973354923,-5.72508498353671e-05,-0.00018705325357389,-4.41396435443295e-05,3.89620139893576e-05,0.000106561671379556,0.000134908688916378,-0.000262357621395536,2.86640624788748e-05,-0.00234269230217263,-0.00385085194384724,0.00236830779159199,-0.000587629002460821,7.45498946512217e-05,-0.00256480945001031,-0.00469160455673068,0.000790383871217302,0.00133596674247812,-0.00214665342213264,-0.000894167468065143
"579.04",0.000176909833224351,0.000518631396609487,-0.000239543578735646,-0.000336780441640198,6.83955470131767e-05,0.000272484870231967,2.30014871258435e-05,0.000192386254839994,-0.000137014425093529,-0.000255223364603609,0.000220650376455633,-0.000264423101387425,0.000327833892197474,0.000115898519180426,0.000189789706272031,-0.000129052653864719,0.000305562723033808,0.000528364326736429,0.00044873106664305,0.000715753128179078,-4.94428649162871e-05,-0.000126807886683851,0.000287869795193985,0.000154824262228598,0.000290469607617469,-0.000162172412696345,0.00017170530696547,0.000204579211093462,-2.83874149720567e-05,0.000271683166240269,0.000516304371538197,8.89737737737677e-05,0.000145452787018872,-5.04501856930449e-05,0.000144729184439193,-7.57709860222137e-06,0.000465563175099423,0.000352241997429606,0.000435588160602308,-0.000454343925957054,0.000585767301665883,-0.000693539361689858,-0.00293780984980163,0.00063675556493599,0.00136469113029349,0.000735805534674505,-0.000774723885030994,-0.00369004634877291,-0.00273944174410944,0.00223027854719753,0.00231442073097086,0.00894325586166307,0.0241769316396471
"583.732",0.000260568572267417,-0.000119190126070728,-0.000118209392414313,-0.00038496773133884,9.35452255948748e-05,-0.00019847465713793,-0.000101264004833493,-3.98317775667098e-05,-0.000211296133694365,-8.42795513449294e-05,0.000175123146230514,-0.000406015672302609,-0.000225408300205925,-0.000318729758656307,-0.000554464444921566,-0.000123104395959237,-0.000404570960248157,-5.05564919992638e-05,-0.000208771612524541,-0.000580674380382866,-0.000582961748950197,-0.000738145763229982,-4.77259498885202e-05,-0.000541551946306908,-0.000382675320856853,0.000248625123316333,-4.87716993264958e-05,-2.22552907692165e-05,-0.000111293786101311,3.41551889554334e-05,-0.000184264576952982,-0.000142806004880043,-0.000146385566725219,-7.3400679765881e-05,0.000316756039533723,-0.000358768337062991,-8.88003439344141e-05,-0.000534511882589019,-0.0010157112575161,-0.000577705073565534,-0.000140157300781175,-0.00234513153139222,-0.00390262886673495,0.00201581155460687,-0.000964520225814208,0.000533212062958381,-0.00245694386663753,-0.00597270166408511,-0.00275526497567098,-0.00314900057770581,0.00214538835344086,-0.000489828884449899,-0.031756305111928
"588.426",-0.00011326921209157,-0.000262621264458113,-0.000238072562393542,-0.000654178235790804,-0.000162146226852624,-0.000458415077894802,-0.000230138095382549,-0.000227407294453045,-0.00021284884158203,-0.000193854309166849,-0.000255743219465037,-0.000440074399656722,-0.000242277228041794,-1.33581997735223e-05,-0.000268611557182606,0.000161267137861238,-0.00032916655548628,-0.000244088441986932,-0.000112354632958971,-0.000293237283216402,0.000109685034422334,-0.000215850022052735,-0.000785414308491485,-0.000254041754337194,-0.000500171691681291,6.10530073996385e-05,-0.000477110110576723,-0.000270921780875575,0.000216023534095878,-0.000307873358612754,-0.000154082523135475,-0.000340877425216637,0.000120957840298782,-7.20509987214256e-05,-0.000333100096370845,-9.75128932710926e-05,-0.000733305703878085,-0.000177481735913735,-0.000682189700922484,-5.30372468596026e-05,-0.000294637621151597,-0.00307010000141849,0.000887951493227332,0.000183324682001243,-0.000575862000539942,-0.00156655177891485,-0.00174656483653453,-0.00774347436181542,-0.0010557859982521,-0.000380710029441097,0.000362706477999342,-0.00837298408494498,0.00376197369197915
"593.121",-0.000172359419664871,-0.000234449476523633,-0.00057383553457695,-0.000533233419386057,-0.000173948958302684,-0.000270638275177962,-0.000253075532606382,-0.000195243186890372,-0.000109282535424265,-0.000266211183225672,-0.000270813235967319,-0.000323081459019092,-0.000169698079011484,-0.00063607983982922,-0.000548800312025282,-0.00049725223392853,0.000272966063732686,-0.00059803672821149,-0.000712327113527325,0.000117577036348026,-0.000491742749899448,-0.000150811695595327,-0.000611803995994839,-0.000557151279807658,-0.000130305848138194,-0.000337662470102045,-0.000329141347941053,-0.000489661500541813,-0.000229167812121992,-0.000555006713190438,-0.000489587811911512,-0.000113495327058785,9.41220421568604e-05,-1.80499429370421e-05,-0.000515199395600971,-0.000550382388014576,-0.000487586771549499,-0.000217087946674197,-0.000135204057452392,-0.000330592403720316,-0.00116942574043628,-0.000660972867316062,0.00168705798018843,-0.000316305049160515,-3.49307130464395e-05,-0.000895099937511656,-0.00139572660223622,-0.00424412956161273,-0.00216428335942637,-0.00187854421272635,-0.00502763047149677,-0.00268523709442609,-0.0188415196724607
"597.819",7.65426445376955e-05,0.000356890314332611,0.000213495395114735,-0.00011360520504416,-2.4974015938622e-05,0.000163348567461592,0.000597668876295288,0.000359651140458914,0.000195784408219216,-6.18505601960085e-05,2.78328693197486e-05,7.56437149435351e-05,0.000182149735496006,0.000135173429986259,-0.000112271139124963,0.000142320635800297,0.000128357280024006,0.000327595705039002,0.00055587670813188,-0.000152157557144537,0.000446734075159081,0.000144049146681338,0.000769970130340082,0.00027095495246061,0.000132706251264015,3.62006364422655e-05,0.000393871270337548,0.0003270467793065,0.000465170625909482,0.000770131941495423,-7.94272823278707e-05,0.000166333084716564,0.00068554268633194,-3.14820137108057e-05,0.000398947786480022,0.000721543989038049,-0.000320776110743776,-0.000159460561821998,-0.000278073245718907,-0.000254886535413496,-0.00154051656063863,0.00158715348638795,0.00122125220040256,0.000666806513887761,-0.000209528787919533,-0.0010686917593683,-0.00356903620266707,-0.000461080850197774,0.00115007915400597,0.0031728459831805,-0.000255012240799174,0.00456976153379167,0.0164209625995275
"602.519",-0.000311605362613992,-0.000443991600796245,0.000391922661325884,-0.000353869509004264,-0.000551201475325303,-0.000506060206503029,-0.000329725915620155,-0.000179794827958353,-0.000190706774058833,-0.000156883356264157,-0.000503674425775147,-0.0007809685922073,-0.000284106692506962,0.000474175504656766,0.000262551693282039,-0.000191841907934093,-0.000889414292156883,-8.07671503171895e-05,-0.000560239466947844,-0.000377341154484981,-0.000179845999347995,-0.00102713190989467,-0.000317529240893646,-0.000232292551722607,-0.000527796537717047,-8.77143821534057e-05,-0.000244879272202505,-0.000178966128175754,-0.000527512393015304,-8.76128373228703e-07,-0.000445190046035799,-6.57021238954251e-05,-0.000390309092477846,1.69477191744031e-05,-0.000359410578387392,-6.32090315538157e-05,-0.000441986989582411,-0.000161187057511326,-4.70872010858903e-05,-0.000691721260572518,-0.00104638529664454,0.0016252904238132,-0.000864080193336906,7.59118996104352e-05,-0.0024342202621217,-0.00297494589748832,-0.00262238691161188,-0.000481836081603989,-0.00177726554989208,-0.00491752286886254,-0.00136229595604098,-0.00528869210796267,-0.0108312188214144
"607.221",9.29717296809691e-05,0.000299618781748861,-5.68015132423608e-05,-0.000589995272687782,-6.94298314657954e-05,-3.00014670461783e-05,-0.00019134245539913,6.77013803897824e-05,-7.67723218780829e-05,-0.000335679963994957,-0.000388467668006763,0.000145097610773446,-3.41372800442815e-05,-0.000254117584434074,-0.000481901573398671,-0.000340779271114574,-0.000280356746138688,-2.78119421768187e-05,0.000244964502278038,-8.30455540438036e-05,-0.000254506264386284,-0.000211307453103506,-0.00040568532729429,-2.10467883613953e-05,-1.78066507120552e-05,6.45546611152095e-06,-8.33466632389016e-05,-8.8269654631019e-05,-0.00017156209538408,-0.000149639645212673,0.000188948503833275,0.000297859535046777,0.000297126718483926,-4.17855602761162e-06,-0.000194813746475275,0.000269558156152634,0.000394461514197565,-0.000141317947570247,-0.000118245877158788,-0.00138392371910873,0.00290104697430842,-0.000288698184852147,-0.000721009908970199,-0.000628753410354602,-0.000975856073664936,-0.00287962912041481,-0.00200383138744104,-0.00191400864455942,-5.28038169306626e-05,-0.00251282794053234,-0.00506223943048387,-0.00913183660860479,-0.00787296387244894
"611.924",-0.000210340217611195,3.46149827890227e-05,-3.55355660967523e-05,-0.000273664524385326,-0.000393255134829736,-0.000190506349201096,0.000118606944652522,-2.96371573175018e-05,5.28782650206868e-05,-0.000165008910368125,-0.000158351417526322,-0.000326482573805269,2.70663616330727e-05,0.000453505117076531,0.000258285578128012,-0.000566382550029426,-0.000323241768359198,5.90471885238397e-05,0.000194534058133709,-6.90401931490695e-05,0.000291306219958018,0.000162059270355548,-0.000669050679522494,0.000146761300769923,0.000245068988260809,-0.000164977426457537,-0.000217462262457186,-0.000203653890295922,-0.000119173137816132,0.000253107137831321,-0.000154093138436928,-2.79886445904095e-05,-6.2544117261884e-05,0.000106981339499649,-0.000174390514915577,-0.000219545547634298,0.000448254562001809,7.29737753850846e-05,-0.00112743141008999,1.52400256926422e-05,0.00188349917188053,-0.000321688953475948,-0.000144584453470893,-2.95244569872657e-05,-0.00141129756972796,-0.00309625541067007,-0.000238979148225948,-0.000754944674386931,0.00160127492495969,-0.000368592530236548,0.005164400686582,0.00697279636100901,0.00736876460510844
"616.63",0.00035996102556668,-0.000246537972137572,-8.47145177143325e-05,-0.000500750617951875,-0.000339473809136704,-0.000226004088845556,-3.0794521523274e-05,-0.000352048270705468,-0.000174469574126827,0.00394018256394691,-0.000292832162760744,-0.000141830112089101,-4.50894572735673e-05,-0.000100564852666767,-0.000116656851119734,-0.000625613344084228,0.00022121237120277,-0.00037227237777528,4.56260533037529e-05,0.00040879502277776,1.41310166767334e-07,-5.80863843473686e-05,-0.000232616560529833,-6.61188614294616e-05,-0.000132870088070906,-0.000252774298238933,-0.000101392067747071,6.93848499061528e-07,-0.000275748656808278,9.71065600545671e-05,-0.000200556082247295,-0.000176101341288091,-0.000304022591672286,-0.00070501868861722,-0.000366893863115297,-0.000247815625816584,0.000111121849180844,-0.000194406017813654,-0.00107719828073938,0.00279800502757484,0.000830465119085176,-0.000136547092839319,0.000288011287840483,-0.000529143519014051,-0.0015261712995021,-0.00386826000977412,-0.00159176879507345,-0.00256417436005165,-0.000923868620091242,-0.000225292955174326,-0.00308585069903523,-0.00723733646957731,-0.0198344551247448
"621.338",-0.000426184911680921,0.000106209474015051,-0.000258527025720459,3.55841767260689e-05,7.91214160178114e-06,0.000274687281552434,-0.000143802588760856,-3.93174331060812e-05,-0.000255270419932074,-0.000231572013998455,-0.000179315151863326,-9.15541180667088e-05,0.0003255469306996,-0.000234718528342592,-3.54956819305014e-05,-6.51003691542555e-05,-5.19848997413348e-05,-0.000497455138976341,0.000224166332012274,-0.000493822193325968,-0.000670566645338475,-0.000341010579486837,-0.000349448945154142,-0.000103614893380496,-0.000129570687840292,0.000389623066094573,0.000295757028056755,-0.000371553893769713,0.000216541368925178,0.000153808645822536,0.000272293371566421,0.000211656132221202,-7.43921445944837e-05,-0.000138928183840157,-7.23278040314878e-05,3.70374539700441e-05,-0.000345112883626335,-0.000338449100114449,0.0015808489438383,0.00273415891545277,0.000117642431864669,-0.000353524519956239,-0.00043055414880411,-0.000994316747283713,-0.00253576699055857,-0.00206924001519918,0.000318108673765187,-0.000318105675286034,-0.00248277984286716,0.00124830554601571,-0.00359650368921811,0.00194523567897945,-0.0138544220636595
"626.047",0.000109447645696284,0.000814329098803771,0.000164548414642185,-6.45439246113379e-05,0.000170483044947056,3.35010501818542e-05,0.000369452984622129,-1.04850696108564e-05,0.000171244455258845,0.000187612652531152,-0.000163775903348038,0.000494938031805275,1.11807982245447e-05,-2.44372750645292e-05,0.000249524620576484,-0.000169766644097212,-0.000100054327721731,0.000717428925757119,0.000296180761036155,0.000423713394616417,0.000277849000292669,0.000492820550794783,0.000481397062881944,4.1363390619297e-05,-1.83755054933121e-05,0.000179549106787543,-3.22805903740876e-05,0.000222876972517716,0.000325140257307627,0.000406939692390717,-0.000283839652713824,0.000543135516830312,0.00031105632771559,-0.000208056549843327,5.82952766460049e-05,0.000455793907498879,-0.000108788108270047,0.000106663173781451,0.00227159838735436,0.00113027396947167,0.000102477939585452,0.000662310757701129,0.000547442583508377,-0.00126799671740161,-0.00183029483084757,-0.000579289539439567,-1.90796055120562e-05,-0.000971961300127124,-4.66646719187974e-05,0.00170791027800767,0.000961099620209249,0.00107798674751645,0.00482313252259861
"630.758",-0.000216559438667361,-7.2390899189927e-05,-0.000269387059606719,-0.000613011346770076,-0.000276815077423954,3.74646224247355e-05,0.000182244826650699,1.48145519495333e-06,-0.00024537294628726,-9.55946669956301e-05,0.000323619403619092,4.49945700586489e-06,-0.000368049050483387,-0.000139159083673835,-0.0001760213610841,-0.000200729781288713,-2.43761474480769e-05,-0.000515241296515243,0.000698210666881775,-0.000441410328372066,0.000362062023488496,-8.62245528091589e-05,7.69447074203862e-05,-0.000581038506158225,-0.00026469394320199,-0.000302847746664785,-2.10432206187928e-05,0.00025512671250586,-0.000231537278612075,0.000136004332701855,0.000162948554436264,-0.000235113237348423,-0.000245487272889239,0.00019483265432131,-0.000200859758110874,-0.000493417506956552,-0.00028377595066292,0.00135223694236863,0.00343319372806083,-0.000428758488298359,0.000278095384006542,-8.36713187068591e-05,-0.000700137125564957,-0.00120283033108981,-0.00130059776244965,-0.000102759662084917,-0.000599227933986592,-0.000362261585985568,0.000622607134078371,-0.000592435774196747,0.00253123512925685,-0.00762025009278178,-0.008118575990285
"635.471",0.000586347851833511,0.00069198060205118,0.000234914862180789,0.000416631297020292,0.000157016686993819,5.21658549411524e-05,0.000198802730428883,5.95021553772343e-05,-7.48218984644399e-05,0.000163617655517703,-6.43312428125653e-05,0.000215483086605233,-0.000574235976934857,1.95272407144559e-06,0.000516644293379266,0.000127378702514699,8.86810507631736e-05,5.52804677034158e-05,0.000340466714585843,-8.93247540249912e-05,0.000226235235537617,0.000186340946446427,0.000814045771863783,0.000519951106961831,-0.0001214640602687,0.000135867062566721,0.000445240728568314,0.000511690369453341,-0.00019502068280463,0.000465264021910343,0.00023798706401031,0.000334543758500794,-0.000332526454198564,9.93633313770121e-05,0.000216169899865103,0.000942047946159468,-0.000637497965431551,0.00305260070653125,0.00193097900019294,-0.00037785092359428,-0.000254275288362856,0.00023262012476608,-0.000506963952460024,-0.00078751028749738,-0.00119306360872904,-0.0010135494262785,-0.00029434260394994,0.000180939395446576,-0.00053876724044889,0.00369514684359818,-1.07769079007421e-05,0.00711056708190375,0.00843563647464205
"640.186",0.00017088953478385,0.000364808075475222,0.000527791548004484,-0.000228082932896888,-0.000262580613386211,-0.000463629509268354,9.2193397771176e-05,-4.01785104445923e-05,-4.00790611163623e-05,-0.00010381602261275,-0.000178174960098051,0.000200783973447138,-0.000401653679220793,-2.54792322856819e-05,-0.000327226088987873,-0.000135220586780233,0.000244940884260188,-0.000390107037595824,-0.000239320186851441,0.000838242659853209,0.000215403930081927,-1.90645242650952e-05,9.40858586359253e-06,-0.000196005004426767,-0.000299385286658838,-1.15031332464539e-05,-7.03594975877082e-05,-0.000490534264306111,0.000219790462907723,0.000312049968680203,-7.11358673096053e-05,-3.59158083730418e-05,0.000258531395123498,-9.68825430769168e-05,0.00041886715149698,0.000285199865002588,0.00173884857250214,0.00314946713903677,-8.77470675197133e-05,4.62387642174195e-05,0.000322344144844195,-0.000101890970056026,-0.00044648934441596,-0.00230090968411668,-0.000423943107643984,-0.00185546304980407,-0.000694859840430768,0.000512818760926303,-0.00138303125499937,0.000313977603342425,0.00653769130261308,0.00217750911277612,-0.0192300938806915
"644.903",0.000941137523831767,0.000757532245352301,0.000872466360047238,0.000529158833213569,0.00015450102374544,-8.5405245905736e-05,0.000788511040044741,0.000137695547581539,0.000311372161968912,0.000254120842756104,0.000423845405420016,0.000442375383947904,0.00055551544057893,0.000188307489664488,0.000620917711022529,1.91303543272094e-05,0.000392933542588753,-0.000200307816216876,-0.000127694908923492,0.000381147211180947,0.000461464364413424,0.000365517763736515,0.000219805282977402,0.000717495689954803,0.000114289797535477,0.000397947519217347,-6.62919339949338e-06,0.000554638157553723,1.70755794683878e-05,0.000553489634082078,-7.17803712640628e-06,0.000118024253709833,4.58095986214826e-05,0.000620902651575705,0.00102686534153183,0.000929647648815339,0.0024123008688234,0.00191995132555051,5.48525810596139e-05,0.000434586744298884,0.000307575487230278,0.000657124737575138,-0.000742639095413186,0.000360668023471,0.00197684834610503,-1.28928679874125e-05,3.61002909567877e-05,0.00250073142542174,0.00537396611055174,0.000638424229574658,0.00740548600406583,0.00313548646334617,0.0158557051146017
"649.621",0.00014312920300287,0.000253250102505416,0.00108916729111071,-2.58026700121246e-05,0.000416715190483444,0.000679224595289405,0.000253134408625423,0.000310294822630409,0.000122395417771871,0.000310809647387968,0.000316395831569568,4.55180339148977e-05,0.000696421566400627,0.000117860392482647,0.000476444439077503,7.06491539994799e-05,9.17696674997452e-05,1.89671007368538e-05,0.00024708586703611,-0.000377204238719347,-0.000225313632838065,-0.000103680405375634,0.000418406754023543,4.06756116247025e-05,7.42588178675485e-05,-5.24545381748985e-05,0.000377986970303621,0.000117136915334225,2.90327963685187e-05,-4.41699822859249e-05,-0.00044867962486083,0.000211140916095348,-7.08340031922157e-05,0.000297843458873958,0.000212640423964506,0.000190057427292785,0.00427978694912012,0.000285336139898052,0.00070838409128905,7.98388464445526e-05,-0.00104349811996754,-0.00121400779483836,-0.000859900837544338,-0.000377910197693664,-0.00147408480312554,0.000745530117990456,0.0010352998121848,0.00216592085464562,0.00125264391900832,0.00273152764310963,0.00148677890908609,0.00225618544865213,-0.00822547251978979
"654.341",-0.000149257661772139,-0.000549137414857673,-9.46878188818087e-05,0.00014652081494333,9.76302484101487e-05,0.000171035215932793,-0.00015478506551527,-0.0003310762782995,-4.03218467428481e-05,0.000188069912291048,0.000125199756637426,8.43324441926e-05,0.000213309215105674,-0.000229024943474946,1.20066392433239e-05,-0.000282653067291194,0.000314347714712155,0.000258223406174919,-0.00032086830726761,-0.0004669808246632,-0.000278106602231059,-7.30663607373024e-05,-0.000281882098281845,-2.84324563357176e-05,0.000364375517321787,1.14981304006152e-06,-0.000249967715564812,6.81633940748995e-05,0.0003340161699046,0.000172706523245574,5.01271760074537e-05,0.000150980445531235,-0.000161245206322699,0.000198079563437322,0.000444877184516525,0.00209239908644077,0.00174103915856786,0.000325348888625913,4.62085524719439e-05,-0.000730679635547773,-0.000477324390795172,-0.00144041069098343,-0.00150149186661702,-0.000355540180041594,-0.000247968173282611,-0.00139442443721815,-0.00131094214294767,-0.00182519692606497,-0.00207789623188551,-0.000567340208611712,-0.000784756143684591,0.00360503901304571,-0.0150976456603815
"659.063",0.000138100090125403,0.00038528126712528,-0.000376184319713852,-6.71339241400556e-05,-9.36986854431965e-05,0.000203637990656838,-0.000341750958763634,0.000117929255986834,-0.000113625386866926,0.000348446245299675,-2.21809059517921e-06,0.000194031705013891,-0.000148909717283636,0.000185583292803297,-0.000287486939841057,-9.8020907252628e-05,0.000304191155857473,0.000203439206433037,0.000461235194255489,0.000130955078846758,0.000210946656438919,0.000337044104380546,0.000290653858105879,-7.09222512444271e-05,-0.000433443651663474,1.82403498048815e-05,0.000707703001738398,0.000162024127686547,-8.69473775352993e-06,0.000210181975174667,-0.000199003734288978,0.00018580418333246,-0.000287647419046599,-0.000159739721862181,0.000720108244661264,0.00345240341816928,-5.35771742651914e-05,-0.000302649471169122,0.000167788923761106,0.000276275081743636,0.000836760680048877,-0.000626438769377822,0.000188301246202693,-0.000741821148105501,-0.000796637849735539,-0.00079407790589047,-9.02717044061387e-07,0.00142150556761313,-0.00117398729019105,-0.000651074693202316,-0.00264407399717847,-0.00441559777955362,0.013535318878636
"663.787",-3.54237696204156e-05,-0.000618632561990371,6.6960981034055e-05,-0.000337178080046505,-0.000460706538083462,0.000310616839180147,7.48459075659636e-05,-2.15014418540652e-05,8.5882155341734e-05,-0.00025320732107483,-2.28223673158633e-05,-0.000165598165225025,-6.39774944088732e-05,0.000428696874991183,0.000184293924383976,-0.000218202569840458,-8.3618938451292e-06,0.00021317519806311,-0.000141166056904542,-0.000328787759373291,0.000361521401420381,-0.000702300987640014,0.000295945792408621,-0.000242875301928374,-8.69147320466566e-05,-5.66733125596662e-05,-3.35467539264972e-05,5.9007558959596e-05,0.000392583103555573,0.000292078502977387,-0.000216795312954875,0.000189494453843984,-4.00092026708167e-05,6.29807910964538e-05,0.00264226111390303,0.00152446858742795,0.000210009925729946,-0.000190514414621755,6.67746710670127e-05,-0.000124582955634851,-0.000902607849467548,-0.000290740995729345,-0.000234738407318623,-0.000545741618015314,-0.00118983117615071,-0.000151610872597134,-0.00175828447680006,-0.00212016196732918,-9.3191805614e-05,0.00171900713808423,0.000639753168636061,0.000766968616430147,-0.0086143066157995
"668.512",-0.000204087877024679,0.000148424840178277,0.000266746159249526,0.00058272224816329,7.3990354272504e-05,8.06327832491032e-05,-0.000262542473332878,3.95725350913965e-05,-0.000150301749662837,5.17141301978909e-05,-7.11616945152956e-05,-0.00028734877340221,-2.43734275444864e-05,-6.32783738887103e-05,-4.44306704942286e-05,0.000149530719193569,-0.000210462276031295,2.29215584293157e-05,0.000147049897918447,-0.00014994611508732,-0.000101333998811517,0.000158067671456275,7.78979142492854e-05,0.000142197858835531,-0.000439374640843807,-0.000226356669367601,-0.000312705028625225,9.39867712746341e-05,-0.000330778452023882,0.000197317289256046,0.000505078999591573,3.93143146555613e-05,-0.000277532017973391,0.00115924708938299,0.00300024547399487,0.00036278524144505,0.000275873199719037,-0.000237781291506023,0.000156284190865735,-0.000195625302732991,-0.000458506391675705,-0.000903874713287982,-0.000757660967043202,-0.00114540987913447,-0.00153445602365792,-0.000352443482945616,-2.74576424154831e-05,-0.000520634999376268,-0.000505925531110357,-0.000181495134487009,-0.00102905362430379,0.0129370002965991,-0.0100222961699369
"673.238",-0.000538798744723156,-0.000141643177718483,-0.000309796479748852,-0.000766151060274716,1.38152022152593e-05,-9.61225142180924e-05,-0.000115155045671761,-0.000120843687374925,-0.00016924868674696,-0.000175108015129883,-0.000328766654958725,0.000378497243438981,-0.000646270136363201,-0.000181241429637421,-0.000689716590072444,-0.000404482943181993,-0.000426518570856037,-0.00017095375244854,0.000184980274650279,-0.000175839475335059,-0.00034895202347401,0.000160962129887346,-0.000228783779735865,-0.000434572403322686,-0.00029409788260652,-0.000509978527100815,1.433820875054e-05,-2.88203428260119e-05,0.000208271263193424,5.49394325543696e-05,-0.000349725700800049,0.000174009275499523,-4.70897314846386e-05,0.00202878294169676,0.00145162872791464,-0.000284457300070196,-0.000258376892569119,-0.000525375470295581,-0.000326067843797682,-0.00024054476905712,-0.000384447208364427,-0.000162898151689798,-0.000787316647369363,-0.00184831127446931,-0.000322727407923004,-0.000393864226442897,0.00053636919621434,-0.000406774883889642,-0.00164020746689197,-0.002581153284787,-0.0045259159322239,-0.01105282611256,-0.0121333786124931
"677.967",-0.000634838727528963,-0.000814390389146635,-0.000570993147090001,-0.000903086739837207,-0.000676576385721427,-0.000295892935420464,-0.000377037674407586,-0.000325036535067599,-0.000711564094509852,-0.000596979843678384,-0.000335373119138156,0.000198956804470179,-0.000130367706362133,-0.000387365531307143,-0.000931421581183567,-0.00048208603356881,-0.000146575657959775,-0.000619450571229202,-0.000251000984453575,-0.0003207757854551,-0.000839460912314593,-0.000347895453280136,-0.000519129078673425,-0.000585899545999386,-0.000927402557705942,-0.000246546766119468,-0.000380613717675258,-0.000527587417838925,-0.000663417230608417,-0.000505415021466996,-6.72349332605955e-05,-0.000788584038056209,0.000182982692646229,0.00302462493615241,-0.00044516372916232,-0.000249568931229173,-0.000437310941578204,-0.000781803111144332,-0.000424856361752747,-0.000764113302712401,-0.00125597479199377,0.000147049602252876,-0.00117392759369832,-0.000876518008885409,-0.00249498037974951,-0.00143335686890636,-0.000768406902939433,-0.00174820537688857,-0.00111291756207356,-0.00392005906292511,-0.000428884071094509,-0.0156997584005625,-0.0296104522625265
"682.696",-0.000165764081643726,0.000257905556360383,-0.000677026236097088,-0.000527505228944688,0.000116151173534083,-0.000543750057467355,-0.000223790422835204,-0.000244939420958592,-0.000157363270324013,3.71610927668016e-05,-0.000613224761780702,-0.000279107827729293,-0.000716174438304259,-0.000116416733330302,-0.000873220644240166,0.000282955091994581,-0.000776782972656099,-0.000334501202128361,-0.000724891545999182,-0.000747585511700818,-8.13355564861653e-05,-0.00056452413225908,-9.41143077162705e-06,-0.000225777572086996,-7.36249714468203e-05,-0.000392450165311881,-0.00049446758478665,-0.000318787105571847,-0.000824467137693725,-9.64814067673704e-05,0.000251409772041407,-0.000342951428714915,0.00203363233300656,0.00163435362186777,-0.00167527464274017,-0.000133508288157542,-0.000885726370426152,-0.000935973180121205,-0.000544648845342018,-0.00204917468301644,-0.00016179777214727,-0.000539364801388987,-0.00125037446552201,-0.00102233528576926,-0.00195071837049843,-0.00264803437269833,-0.00171456267273251,-0.00295275258097813,0.00154436128246327,-0.00244786160729926,-0.00191823044663007,-0.0162849913723942,-0.00452325281756882
"687.428",-0.000193450919097294,0.000332558530523418,6.42093224439766e-05,-0.00014501007618386,-0.000256419027735303,-0.000109203551284452,-0.000476924466702672,0.000130777831151016,9.51109282383842e-05,-0.000121197522353163,-0.000207526821271799,-0.000153422884764381,-0.000261896548356051,-0.000324187232257411,-0.000253487694395471,-6.00904599154597e-07,1.1243872131346e-05,-0.000302597080183945,0.000287871820899424,-0.000329568196450649,-0.00031080678256528,-8.93871520095419e-05,-0.000152793471264578,-0.000237589441925567,0.000108662499693819,0.000406709810823656,0.000253631990079261,-0.000277332033137547,-2.46636688374079e-05,-0.000175377995117988,0.000207654223649462,0.000105274055683984,0.0024827940710887,0.000108613460756917,0.00063694448707227,-5.05474528553516e-05,-0.000358529775133646,-0.00089468429309026,-0.000456495808712282,-0.00085383264743756,0.000137431746071697,-0.000278221414148599,-0.00101912787779747,-0.000512583333188567,-0.000654515939254724,-0.000796248537395284,-0.00142884112782971,0.00100402426526965,-0.00038098672243563,-0.000517639085549811,0.000550349488176749,-0.00568573985957118,0.0137552275057733
"692.16",-6.04466042479884e-05,-0.000197982263598863,-0.000355458389013366,0.000318000175519449,-6.3289813843534e-05,-0.000668750103263109,2.12187148487895e-05,-7.4407399241771e-05,0.000151839096288645,0.000235306408244873,-0.000278037574308501,-0.0003118482118176,6.99117281325064e-05,-0.000101046047753814,-0.000249496435300992,-0.000103625250704249,0.000122251508643566,-0.000243552419637868,0.000113981527198494,-0.000160015147012879,0.000660466471168941,-0.000365365504651876,4.72077476264642e-05,3.13468790681689e-05,7.05489228554557e-06,-5.08073427361943e-05,6.11198877709144e-05,-9.90689836034032e-05,7.99705068906328e-05,-5.93152909501255e-05,-9.92346437699257e-05,0.0014164743532645,0.00230059286266708,3.47974058701451e-05,-0.000387620195176592,-0.000247903900520883,-0.000525281281169514,-0.000287180959034666,-0.000804988035765569,4.42638226985674e-05,-0.000154190652232776,-0.000201554010444906,-0.00117129841984227,-0.000234738455794592,-0.00115771349045331,-0.00140090225709194,0.000830113864755554,-0.00094209863996645,-0.00277641479607281,-0.00206185174928746,0.00142544816097048,0.00244314309994836,-0.000564880312662378
"696.895",-0.000303878149895839,-0.000603292983553161,-0.000813713533639751,-0.00107867693975702,-1.88002980419989e-05,9.89926469694844e-06,-0.000230553977000702,-0.000448740183542788,-0.000394653942194146,-0.000428820882655104,-9.01705955819025e-05,-0.000145373251351949,-0.00050709510341939,-0.000359289467163291,-0.000366682035919875,-0.00037286123570541,-0.000638437296287506,0.000204239638653075,-0.000562004041820443,-0.000160653438523253,-0.000658254913872534,-0.000550963322120673,-0.000707925588005137,-0.00114860916479493,-0.000348368706817759,-0.000315274422698573,-0.000368873992725774,-0.000137699724134059,-0.000308342322775163,-0.000434911517540868,-0.000929525694384493,0.00169525770072243,2.8532890720045e-05,0.00012519627707758,-0.000926689162942968,-0.000290323945333197,-0.000776870546247878,-0.000486994094550893,-0.00145645151249972,-0.00105191114155933,-0.00124488475801483,-0.000155658584735679,-0.00150222976093608,-0.000852035180434824,-0.00130687155002582,-0.00278612760964004,-0.00184378898178816,-0.00150147993354547,1.87339631098117e-05,-0.00338581411984507,-0.00414917145739316,-0.0178370489855553,-0.0144881110124752
"701.63",0.0014296142663498,0.000977103560680485,0.000951201828770283,0.00120883615495364,0.000725450686565397,0.000770279930504558,0.000305962353862967,0.000149238250139417,0.000245600244994937,0.000606397350128224,0.000664889208558741,0.000150860428965678,0.00170594669342566,0.000164266167170346,0.00130314904775422,0.00108358962190454,0.000145472670012489,0.000914950250288432,0.000812967098547375,0.000913790805041165,0.00102090578572117,0.000827444209089671,0.000541909044997523,0.00100752367648554,0.000693902408372785,0.00101134039628376,0.000783337630139883,0.000807470940257485,0.000282921535726194,0.000493195279903951,0.000207768435065595,0.00339012726067164,0.000981954946801156,0.0010021787111156,0.00141421704967082,0.00125397473816715,0.00105608709968602,0.000872222254982987,0.00102171182053662,0.000883715411788717,0.00139601310338485,0.00112814917463705,9.41348668313639e-05,0.000797358535551613,0.00148820959186042,0.00382239310540454,0.0045742888579782,0.00492357737051205,0.0042077933351226,0.00503176546268409,0.00760618526257943,0.0105343960060252,0.0192240912628114
"706.367",9.09219170016482e-05,-0.000207253962238712,-0.000678938112612934,0.000120287681293594,6.96725639255946e-05,-0.0002688059193823,0.000405264269810529,0.000175510804398968,0.000110839611516638,-0.000255844953708576,-0.000248392933365882,-0.000384370893387449,0.000147214871909339,-0.000467240630618121,-0.000314131403953655,-0.000361863127613353,0.000458999738387057,-0.000227949686694421,-2.30124913600725e-05,0.000279666843958655,0.000224756593625636,-0.000104000170630675,-0.000158255613841235,-0.000303491549590234,-0.000586696336305908,-0.000289828485633423,-1.51508056331935e-05,-0.000350318352490935,-5.64096691836374e-06,-0.00102180121180817,0.000885143198111206,0.000171352739607473,2.90995951972193e-05,-7.94862753960669e-05,-2.66812548515487e-06,-0.000110129252746737,0.000949182078296526,-0.000529376429846,-0.000507633974475644,-0.000797453637306236,0.000278282103244313,0.000137727324374038,-0.000265193041311584,0.00107291058684888,-0.000255451046908557,0.00106907077116998,-0.000869704687390131,-0.000767382124752804,0.000432482259691759,-0.000330089544747283,0.00302180683363172,0.00125328127984369,-0.0112812833906284
"711.106",0.000527990797037327,0.00080328237946052,0.000552008078258706,0.000513442895757398,0.000317226063804716,0.000562693234989067,0.000291585176266487,0.00022874208284719,0.000413185068124436,6.2003710113175e-05,0.000720645377409151,0.00101697882285798,0.000462814788169301,0.000154607168016855,0.000270317433614404,0.000827662271480317,0.000442215391539956,0.00025029305753255,0.00036072256395251,0.000598674109964326,0.000669565883297407,-9.45612447529497e-05,0.000577642467942985,0.000191976226111255,4.42259590118459e-05,0.000471653308763383,-0.000176551831973368,0.000558331483003933,0.000119109825457142,-0.00116413329196056,0.00125880473177661,0.000582766200618505,0.000461175553615119,0.000735296457640575,-0.000396768031371488,-0.000203103765219478,0.000424815509195811,6.19246206188229e-05,0.000617867109601693,6.76143836525339e-05,0.000611572150761974,0.000607675779022871,0.000835926656764147,0.000438602810400541,-0.000500207710089687,0.000765130865913805,0.000591298414378739,-0.000199523826336705,0.000690973808279074,0.00544016529807976,0.00789848302912302,0.00106044276612802,0.0563429038784204
"715.845",0.000530196414885115,5.89132353451337e-05,-0.000325870847405286,-6.25349656517224e-06,-0.000165216156098992,0.000308559082443196,-0.00020134978380153,0.000297899223344197,-1.73446913168844e-05,0.000304362966885871,0.000174078149968627,-8.14033027033683e-05,2.4722438454893e-05,0.00013142319162131,-0.000265967814102234,-1.78946550752732e-05,-7.24501625190722e-05,0.00042289162883446,-0.000291708613923249,0.000442371565343032,-0.000288375373296996,6.17169594553007e-06,0.000387108729758052,-0.000585579633849529,-0.000409910287675114,-0.000228599966276111,7.86299153663348e-06,0.000724411185931165,6.73767090864138e-05,0.00173970019451169,0.000899547018691891,0.000128030086982944,-9.63242571413038e-05,-9.66993703804773e-05,0.000137649029416972,-0.000248636566412645,-0.000743504892616766,0.000356543141324714,-8.45509307769096e-05,6.28737247053044e-05,-0.000763871825013342,-0.000102684019838206,0.00079769722836384,-7.08125766004706e-05,-0.00196402376287337,0.00112522108214391,0.000117998232421004,0.00107047172890084,-0.00293352685441502,0.000653607188724037,-0.00247442807448389,-0.00257709626592867,-0.00749541223269783
"720.586",0.000166527843508662,-0.000437537714825944,7.4053463234164e-05,-0.000401587919726392,0.000318946594518426,2.26187974946357e-05,-0.000375900533488728,-5.67039169982204e-05,-0.000111627146030406,-0.000315546708101132,0.000270003243301222,-0.000312418632981958,-0.000114224137349842,1.28063113415537e-05,-0.00029342332809127,-4.93550128821727e-05,-0.000389769641310743,-0.000197884743003788,-0.000546754131555835,0.000341661875491307,-0.000162453885043687,-0.00052531728622384,-0.000366186167185301,-0.000363708334968958,5.72269735074275e-05,2.78422364947716e-05,-0.000108350752473371,-0.000321638123564223,0.000911433609496548,0.000573519081904783,-0.000696514993681982,0.000115866666745647,-0.000314524752962657,-0.000409335488955804,-5.86141336011449e-05,-0.0002953889893905,-0.000751461180062342,-0.000809516609916864,-0.000657098803012117,6.52801533707958e-05,-0.000393036737747071,-0.000588672437486432,-0.000885452520469921,0.000384141025719541,-0.00116893148173204,-0.00208839179046622,0.00120656057973055,-0.000179291707878663,-0.002293906495871,0.000155299507551343,0.000919546946410832,-0.00364742911755655,-0.0492091280461463
"725.329",-0.000527528033689327,-0.000157321175567288,0.000842652085436087,-0.000400536345149908,-5.47493914612167e-05,-0.000413401747012737,-1.69206829238811e-05,-0.00018555910828334,0.000237573218905812,-0.000359238249038509,-0.000494271309535254,-0.000359088542107942,0.000195972724753068,-0.000409692566611512,-0.000184325124295747,-0.000121294995544071,9.74074000184462e-05,-6.54237348614558e-05,-0.000977700002778364,-0.000534199249324745,-0.000487099945981675,0.000562196629134783,0.000230422939268515,-3.39147689562354e-05,0.00060315347288519,0.000525119240006637,-8.56663908285828e-05,-0.000221294242570905,0.00090869614526895,0.00028155292405934,0.000149133904950664,-3.03632165342784e-06,0.000394859966886611,7.42754757534226e-05,0.00032532972411419,-0.000367684091114833,-0.000705106584361468,0.000321356679400696,-0.000847587334427161,0.000324839457723241,2.55464118050584e-06,-0.00149401866740371,-0.000401723344345145,5.87969438222017e-05,-0.00063135120705839,-0.00182834047404768,-0.000136619840594181,-0.00100928202428901,0.00053547355103352,-0.00271262014294447,-0.00148977847113547,-0.0082605651281819,-0.0170313885774789
"730.072",-8.7045677837794e-05,-0.000497074413760796,-0.000126352881599615,-0.000209269399032268,-0.000515280019248525,-0.000280282928607494,-7.03354765357155e-05,-0.000372480334301236,6.25878371093939e-05,-0.00019597109673695,-5.04075901573642e-05,-0.000611376028244047,0.000262718013373572,6.20340856050146e-05,-0.000510364724196989,-0.000358364988754294,-0.000516397839514821,-0.00080738549076688,-0.000648030168441985,-0.000130867034921219,-0.000207368093170412,-0.000231577905407093,-0.000172030088800572,0.000154484682399547,-0.000378801104745888,0.000182624226078163,-0.000516468536843478,0.00147970541319668,0.000232617651699027,-6.19336521449161e-05,-0.000236301407825467,-0.000737931672382023,-0.000131228011775627,-0.000265266005789755,-0.000608697216960669,-0.000594285228279714,-0.000849026732128929,-0.000637258091725113,-0.000983420273594274,-0.000454654477319555,-0.000437472400128796,-0.000285226984937382,-0.00125484456823848,-0.00106141548369228,-0.00037432260983406,-0.0018666809639038,-0.00169068305121139,-0.00250774276014302,-0.0018204021799379,0.00127416237246732,0.00187509979836919,0.000874007499207125,-0.0218136090523369
"734.817",0.000255507998126012,-0.000437869289861811,0.000186715537259796,-0.000141673779038987,-0.000574373387700959,-0.000436333023557524,-3.07698471056889e-05,2.32091503174219e-05,-0.000306791576556328,0.000196464021400867,-0.000117812296631906,-0.00026975547705871,-0.000618388072398124,-0.0010442180171232,-0.000260140012515909,-0.000155247483263276,-0.000348974662924582,0.000261756413514161,0.000315692912210782,-0.000529580154957594,-0.000698433757829428,-7.16815670772773e-05,0.000334006655673755,-0.000490841850345441,-8.84260315596558e-05,0.000869753908854555,0.00103326058680346,0.00156804909017012,-3.68815330228436e-05,-0.000935120247527479,-0.000141033957984159,0.000313519775924025,-0.000136677669692032,0.000303856240235243,8.47479094949246e-05,-0.0016461282399778,-0.00031140127820751,-0.000394176401160359,0.000164819015028798,-0.00019481875597051,-0.000565646445581321,-0.000227118515218745,-0.000427907671829933,-8.42168107427024e-05,0.000379477082058765,-0.00313110407467565,-0.00147616289558956,-0.0021542802218683,-0.00347695595192173,-0.00208521652005318,-0.00269908112195324,-0.00351368262321662,0.00967433321995225
"739.563",-0.00101675653165024,-0.000561199994573978,9.15558093639916e-05,-0.000717357209775494,-0.000248532424492181,-0.000140529629772622,0.000245929064798087,-0.000241099350721436,0.000104973564758617,-0.000174694841425746,-0.000105052973254165,-0.000594166081840777,-3.14079609872195e-05,-0.000344154405872392,-0.000272720108083256,-0.000372471750368395,-0.000450183568162726,-0.000507194302535371,-0.000367754189941235,-0.0010045428810328,-0.000652828711822536,0.000201928457788209,-0.000194151781101233,-0.00112489042195046,-3.85340166873185e-05,0.000142448515698062,0.00230651580123143,0.00186843787597883,-0.000563027373344706,-9.14943085011473e-06,-0.000442209964333698,-0.0012316582030705,-8.47333275428626e-05,-0.000266719451184966,-0.00121637891204174,-0.00116024308716181,-0.000950234553500427,-0.000505260905920035,-0.00104954307101051,-0.000818278295063454,-0.00012303527173889,-0.000187572839968521,-0.000467517072562904,-0.00138793786143784,0.000182207027780457,3.09790280868957e-06,-0.00102610595577306,-0.00298334687330193,-0.000590886569949124,-0.00345007518424102,-0.00745782407543341,-0.0171307714340012,-0.0131302125017345
"744.31",-0.000733651505490335,-0.000136517918969508,0.000249532793137105,0.000125684156003926,-0.00019717690673043,-0.000216394343758868,-4.73518725156623e-05,0.000123533251475127,9.98303461353082e-05,-0.000178758902549263,-0.000330773963678004,-0.000416557383580646,-0.000281993632835651,-0.00013596531071366,-0.000872656504944154,0.000557332560995674,-0.000254026622630809,0.000139525129362322,-0.000577248483488039,-0.000280857163002316,-0.000401881002280267,-4.91048467509454e-05,-0.000426688809947321,-0.00032705562160974,0.000444245951113159,0.000884520556333397,0.00293401043282293,0.000881755683202229,-0.000247688211519198,-6.3742694195284e-05,-6.73806093721157e-05,-0.000320548560728321,-0.000209037510568769,0.000368002150865551,5.65860943350313e-05,-0.000383108164486102,0.000433405122159248,-0.000206296623873876,-0.000302550957185201,-0.00084784239663124,0.000271800277881379,-6.61908585803128e-05,0.000264544567828893,-0.00011278608447526,0.000103560063980275,-0.00265970620633822,-0.00149575962017907,0.00207203372008485,0.000284732888291184,0.000834029353751122,-0.00575496220141711,-0.00404484225222354,-2.90581024140453e-05
"749.058",-0.00019903024728574,-3.06800248592e-05,-5.33392074230572e-05,-0.000109041086448486,-0.000111831983770138,-0.000366667272141993,-0.000177716814390233,0.000303051988245413,0.0003069899933496,-0.000391383762274458,0.000138097659276628,-0.00051527469697411,-0.000261512918765777,0.00021187422061044,-0.000431675274284494,-0.000327788334665411,-0.000188214568694515,-0.000352599804706653,-0.000129927821546874,-0.00017320414685999,0.000112589878088658,0.000217644211359538,0.000358945210877265,0.000879388759542737,0.000533790509403016,0.0010348071886475,0.00275325852543705,-0.000270512971932328,-0.000262566626741539,-0.000137741999710002,-0.000460859234832349,-0.000232817026132887,0.000176800440613911,2.54468037338799e-07,5.01534771250153e-05,0.000293102666459961,-0.000174456631474002,-0.000239272152136162,0.00105455864159578,0.000190807866243239,0.000100121138022466,-0.000845055385647736,0.00121410651913043,9.12113832098718e-05,0.000764024976055583,-0.000829763979681478,0.00164052353747377,-0.000472019501699802,0.00231508056508447,0.00247809828559637,-0.00688327835774223,-0.00271661841401765,-0.0211617402738874
"753.808",0.000324636645951911,0.000258874258101672,-0.000207970470299699,-0.00058239400980741,0.000294753154173523,-9.67037448903412e-05,-0.000202115532106324,-0.00032758334666518,-0.00030143722223152,-0.000243935324604941,-7.60890101755409e-06,1.39070403940438e-05,1.47554824267097e-06,-0.000453648666241095,0.000112120525998628,9.85666878056138e-05,-0.000376092815333225,0.000411089805215356,0.000369558630982106,-0.000455384298297883,-0.00126286364928299,2.41421603680052e-05,-0.000463796964665741,-7.86757649143291e-05,-0.000216860518095652,0.00327059406202752,0.000843009819633683,-7.37417519563414e-05,-0.000530691136046972,-0.000564883295645688,-0.000254167176934672,-0.000201163178685772,-0.000601901109767472,-0.000684063628373951,4.05094271768993e-05,-2.37447296799977e-05,-0.000457725785914783,-0.000318117226287755,-0.000552173044864539,-0.000404455175419482,-0.000790049353729262,0.000451951126169371,-0.000744241181090791,-0.00105890996918964,9.80483812408565e-05,-0.00128820073623823,0.00199672734551694,0.0013503927349556,-0.00140546216938589,-0.00140964873788502,0.00163239010952675,0.00183681452829884,-0.0140523902090725
"758.558",0.000952253064487817,0.000909926541080844,0.000731699707814237,0.00105922777816413,0.000722714917127329,0.00122335516757784,0.000218331271852308,0.000549252603576244,0.000286752651141832,0.000341643895556165,0.00048389012243672,0.000875801986375892,0.000345634517914619,0.000807653677553344,0.000805324881957532,0.000566096366671643,0.000679535308069532,3.81253946379874e-05,0.000273854112129484,0.000132625096112986,0.000868656085256505,0.000846274060211572,0.000834336591105557,0.00152836781776806,0.00252450021825403,0.00363212232993717,0.00117091059417842,0.000154672716470888,0.000545401097041524,0.00024023961528875,0.0004554523605588,0.00119543234330702,0.000537037576269853,0.000729066671309943,4.53661333291622e-05,0.000426194085539637,0.00129784099750593,0.000974978434120922,-0.000262040873911306,0.00118794472188365,0.00151608651467424,0.00113548406188026,0.00161981123557065,0.00143320951491125,0.00202537324774874,0.00490295156731242,0.00227777731188474,0.00336407201880594,0.00293204301953808,0.00575511043455126,0.00794552360858042,0.00988880249819113,0.0396650379673045
"763.31",-0.000993620840847523,-0.000691762785526025,-0.000178381599428875,-0.000414755787302463,-0.000684079805679436,-0.000774468901080327,7.72129510007907e-05,-0.000591892238652201,-0.000108718558088565,-0.00010171749841294,-0.000301293636865471,-0.000501407383208933,0.0004536918577978,-0.000789238300355492,-0.000304132130357737,-0.000277829040231074,-2.11114486621216e-05,-0.000159073193749786,-0.000956588642506488,-0.000645198514131595,4.04091483989989e-05,0.000171098586055455,0.000131720132095832,-0.000440687709407947,0.00251327325922608,0.00146958333632889,-0.000782783198553121,-0.000329790510301719,-9.73790251122417e-05,-0.000192553734985911,-0.000446251143169049,-7.35644503369058e-05,-0.000129668517377613,-0.00121662334926341,-0.000283998012286323,-5.75105727937425e-05,-0.00102216555103618,-0.000843415815700045,-0.00049040864251815,-0.000666133141895475,-0.000772833431422268,-0.000847812693897898,-0.00116389002898706,-0.000734078017696223,-0.00137180725097245,-0.000764927510601923,0.000148356476227717,-0.00270900606721675,-0.00299529725682438,-0.000267674961470891,-0.00584178675521684,-0.00890246387682441,-0.0230422857586974
"768.062",-0.00132896928642132,-0.000423970974988689,-0.000106371153652875,-0.000489282755705094,-0.000342216713363614,0.000260510835086821,-0.000220540477497613,-0.000343337987251231,0.000309026124982638,0.000149883836082632,5.31656549404149e-05,-0.000855953288223719,0.000766807096858292,-0.000228112804309649,0.000229781510679067,-0.000400448903525867,0.000231458534839924,-0.000704985425282379,-0.000704205185334591,0.000668628059275587,0.000349795027906999,0.000492470143269381,0.00114733210183431,0.0016307158232148,0.00303131945848621,-2.98212288787319e-05,-0.000500153146615821,-0.000901635321433407,-0.000164653193760156,-0.00026979267238947,-4.97741638750544e-05,-0.000580999305886696,-0.000662791691553717,-0.000901595431294913,-0.000350828756662038,-0.000229074876669647,-0.000379970392459326,-0.000330104998372952,-0.000439415786797502,-0.000851669304641856,0.000525121453324557,0.00020994958693616,-0.000301531306962333,-0.00101870929672873,-0.000447127048545927,-0.00138759818254912,0.000363087002748149,-0.00145966379574348,0.000149391362766254,-0.00171006603266778,-0.00775890298228792,-0.0174513131656662,-0.000673293549282578
"772.815",0.00105041852495275,0.000616294287888072,0.00130879856762051,0.000731516376406704,0.000401454479589935,0.000819182543108225,0.00053005705193816,0.000400947933888819,0.000724066613566463,0.000833441543776055,0.000555692894364095,0.00031259177598334,0.0010281913729178,0.000912371163752603,0.00072296144510264,0.000421088133748699,0.000444224216147093,8.67477275086696e-05,0.000833007037982088,0.00108612016494439,0.00120380345826254,0.00045382123238582,0.00099342500748092,0.00319376658438407,0.00237625759817062,0.000642681816480323,0.000980005708850907,0.0010499334749032,0.00066620467835015,0.00114306894693387,0.000616542646198921,0.00047082470935387,5.58783086540518e-05,1.09503603018694e-05,0.00102530901448892,0.000743817869358664,0.000118550087229696,0.000376333271775997,0.000998134110523061,0.000703407288157378,0.000408665495389834,0.000210971661856432,0.0017523705958655,0.000764328474345361,0.0029142571599372,0.00206171314506462,0.00157245989707137,0.00214774935662725,0.00174564493072662,0.00422402290170315,0.00583606118921153,0.0152627850814801,0.039680135298315
"777.57",0.00030041032050014,-0.000478058526281648,0.000125437389307698,-0.000586355566195511,0.00096543101772099,-0.000200400848608926,0.000234451551815991,-0.000118265177620192,-4.77697003531254e-05,3.26157133967505e-05,-0.000219207577532046,-0.000112339534973894,0.000104119535880162,0.000117372140665279,-0.000132051678639908,-9.73973143652045e-05,-0.000319149018219242,9.91382335577842e-06,-0.000684225730712354,0.000773086584540169,0.000234223662543062,-4.04152449367207e-05,0.000539432418380013,0.00285604569523625,0.000866845143622505,-4.4826303075338e-06,-0.000274767657802594,0.000189734917027455,-4.29172290329421e-06,0.00053730713412204,-0.00049874587983962,6.76402890555448e-05,-0.000342626147011587,-0.00081199311511215,-0.000522306124920312,-0.00037993376438445,-0.000356357392452208,-0.000149087097398161,-3.4239465614535e-05,1.29986254575013e-05,-0.000619458238551846,7.28557503941126e-05,-9.0749631820723e-05,0.000768396378991107,0.00165998659881815,0.00142829896846694,0.00272935293655798,-0.0008062427525467,0.00169253954683851,0.00100654115456696,-0.000276327989659426,-0.00345358374842624,0.00249578156329748
"782.325",-8.47952078105821e-07,0.000859261730772284,0.000144597639048705,-0.000200464726808805,-0.000287438956362045,0.000219134172467776,8.67400572287345e-05,-6.93543212926254e-06,-0.00013314170484611,0.000369754028397046,-0.000344405920973521,-0.000100834388732828,-0.000732479378716983,-9.96165289818386e-05,0.000378922493395887,-0.000177152832859637,-0.000100058386378625,-0.00011578729723043,-0.000344309749504049,3.05232307627986e-05,0.00032042185311464,0.000238646098551518,0.00333705503659702,0.00136033086249708,-0.000255852468217968,-0.000425480932887699,0.000177215702941605,-0.000368386536777408,9.18847315070888e-05,7.76816517242724e-05,8.30886256080293e-05,-0.000229867305170437,0.000831254304796802,7.29533770413636e-05,0.00021774386698608,7.55085019940044e-05,-7.99311117311123e-05,-3.01369919343728e-05,0.000189428129455565,-3.1189644003258e-05,0.000827854900899608,-0.000545627336519115,7.91753774813149e-05,0.000495534870018165,-6.15499424011036e-05,-0.00124416162224774,0.00354022032237911,0.002313545053977,0.00149371306159574,0.000254018714302596,-0.00508102363085329,0.00300982670127182,0.0374005621847671
"787.081",0.0011656381636487,0.000564238400672153,0.000985912449674557,4.28203399114708e-05,0.000328193621467658,0.000444475876262377,3.3847364051109e-05,9.93059932588915e-05,-3.98225736194943e-05,3.43218286501271e-05,0.000267533111546022,-0.00027129969819388,0.000982048814762369,-0.000152744561423274,0.00095150767120517,0.000475459450173054,-0.000142100178374197,0.000576828025935729,-0.000281641828871148,-1.2096774609338e-05,0.000281574199350599,0.00285581539108648,0.00289017283198719,0.000681206722359708,0.000835473025821861,-0.000177618879229044,0.000243108035641592,-1.3368319747354e-05,-1.72228565863398e-05,0.00039313275951113,0.000253843297023001,0.000104583562271138,0.000381515709800951,0.000672854882680686,5.92905197847733e-05,-1.12690435923304e-05,0.000119594765904001,-1.48753767987145e-05,0.000639434101716253,0.000717808337386362,-8.67257058902789e-05,-0.000121691600183581,0.000316611696873034,0.000201064055041002,0.000483791251086547,0.00169313470086536,0.00158835831495766,0.00127312716852653,0.00180852228099868,0.00472492019099588,0.00179806769186109,0.0048996577690448,-0.00626935911430892
"791.838",-0.000161242814831209,0.0010460521162907,1.82953419115174e-05,6.5210693618935e-05,6.05760651551617e-05,0.000138476533619401,0.000205952972446786,2.27277543086083e-05,-0.000142047550191907,0.000256254924318523,0.00039483012326724,0.000702628682475918,9.49009102771663e-05,0.000538600821353069,0.000284553693777849,0.000554252095310021,0.000434954466370006,-5.4667122954991e-05,0.000620865346523172,0.000922005195561456,0.000934560315150022,0.00366370918506972,0.00189997191061992,0.00018657139711284,-0.000338978121546569,3.45870670283516e-06,7.50151293359485e-05,0.000275787613804285,0.000118026683895205,0.000878682577082887,9.10220192419406e-05,9.267108664951e-05,0.000359551281120995,0.00042314576134449,-0.00017838625239887,-5.70078659686231e-05,0.000366626038690781,0.000201786675147838,0.000280913835833592,0.000371836810771215,0.000432080671845937,-3.61017723912239e-05,0.000244013907153765,0.000763874894153738,1.67703014562705e-06,-0.000824714316905422,0.000259578333861784,-0.000836582922667149,0.00309741479116846,0.00063327748054952,-0.00453685385109883,-0.0154684443761683,0.0119223537654198
"796.596",0.00103646068973416,0.000120570242937027,8.09363143531781e-05,-8.84586757293884e-06,0.000695904706315124,0.000593934694002532,0.000223320557976396,0.000147566834290061,1.61668386707117e-05,0.000341605299923171,6.59350044546288e-07,0.00033650277358278,0.000359703894680674,0.000796103991405942,-0.000207691227742899,0.000971895297115909,-1.11469407665284e-05,0.000534160576471066,0.00039462443702908,0.000658278769013949,0.00269281174692161,0.00382459743291817,0.00075710044607991,0.000305601492078873,-0.00038347716412591,0.000150392197706701,0.000225357942421116,0.000567972909586048,0.000792896004335902,0.000202828501712448,0.000506053737369027,0.000168828095343482,0.000651279443200116,0.000174432498351203,0.000298671542967249,-0.000196311820710473,0.00061555904977902,0.000800452949324858,0.000900564050452806,0.000480813902206487,0.00157936590160671,-0.000175377190763291,0.000399944134013452,0.000548290734846143,0.000425033913469736,0.00448800921382669,0.00313046749652881,0.00220193986818237,0.00283212692356903,0.000669268816654406,0.00394437437350376,0.00813714431502804,0.0139911267300096
"801.355",0.00221623155384142,0.000311276452778335,0.00119638519021983,0.000488189601770024,0.000371049703736441,0.000926701149713529,0.000536829139771007,0.00023820618060418,0.000140253308906076,0.000547528646089187,0.000874034347527574,0.000528109136108331,0.000917100776874274,0.000533248625576563,0.00108951746764042,0.0010270859007212,0.000641344493500412,0.000811797775627993,0.00124294760515003,0.000732479100763986,0.00295284088760416,0.00233819505443463,0.00050804855130111,0.000685916147442441,0.00100295902069007,0.00109611752805048,0.000234403620490464,0.000440112719303064,0.000517010227564649,0.000993430126931368,0.000959315746113364,0.000967078119191381,0.000699705096505676,0.000464982909018099,0.00066877868707751,0.000343292098711482,0.00115980167933084,0.000394515939880283,0.00155528273601736,0.000879250472264329,0.00180420130066187,0.00202929520115562,0.0015740216055346,0.00177420832330071,0.00157973028017429,0.00169954974837261,0.00246939289037879,0.0048085656708167,0.0052760612048962,0.004290210818472,0.00351415334075852,0.0081532150103439,0.0470646079352414
"806.114",0.00070233319185162,0.000496670131217635,0.0010170869660355,-0.000166954449712279,0.000462733217401707,0.000284687313080444,9.96676184369534e-05,0.000337844684322982,0.000218490770461293,0.000181426688042024,0.000653448226874247,0.000421777174327926,0.000396236493817322,8.87849263482868e-05,-4.23541719748577e-05,-0.00027640972016261,0.000102518444024671,0.000108551678966735,0.000556777363034437,0.00146287541037184,0.00244942856550848,0.000415544273751355,0.000645593566953783,0.000452930856911977,-0.000508410564603286,0.000407938441949833,0.000181838441904952,0.000250108027309286,0.000159037462653732,0.000592311915908546,-0.000190091865269365,0.00039376551581104,-0.000131485933666386,-0.000180163182533181,8.24661559622352e-06,0.000404594259195674,3.48093226096315e-05,0.00058544976901969,0.00012963494181243,-0.000104959740674077,0.00154834139598163,-7.10557444083482e-05,-0.000463373200493068,-0.000262545826225917,0.000648881001100705,0.000849312856243809,0.000388726706487129,0.000133098521955599,0.000207313618655368,0.000984897442718797,0.00144503795152335,0.0072449150756769,0.0161335085753666
"810.875",0.000281800196247762,0.000437159227117371,0.000307915285414851,-0.000503281352234482,-0.000483235202633258,4.64885181485145e-05,-0.000170481104519039,0.000194121733697122,0.000380653666645842,0.000132785287191434,0.000327976325573329,0.000118750768760929,0.000406690658710146,0.00013391860731684,8.05458950754747e-06,-0.000147689074863855,0.000395182855097133,0.00035722053858781,0.000291897445350215,0.00223903611287855,0.00286245509809469,0.000907355897894852,0.000585902862700867,-7.13810917545894e-05,-1.95560832198965e-05,0.000453281832677302,0.000148305516776882,-0.000154414633098002,-2.87309581179261e-05,0.000253523584642576,9.67516503847681e-05,0.000193627681968608,0.000262792650057959,0.00033228455622613,0.00120289508493913,-0.000213329769939898,0.000113226001020827,0.00040968383724881,0.000205388600796481,0.000476524189879523,0.00165865396526194,-0.00041855648683195,0.000160807565899796,0.000296677348631051,0.000730875977496123,0.00185343931877817,0.00210859195942908,-0.000257815857958375,0.00193773730636575,0.00375485983644683,0.00978245522997637,-0.000682933937495879,-0.0161481569889055
"815.635",0.000471961780676865,-4.16137154416612e-06,-0.000155735486560191,0.000347791648340195,0.000433418789246173,3.33070542888289e-05,0.000134523592809211,1.86532428866824e-05,-0.000253349572737391,5.98231859155506e-05,8.35593465635893e-05,0.000151573122609085,0.00048821752498934,0.000707449306480366,-0.000683254443900554,0.000169460148772593,-0.000200317399078821,0.00037926177890063,0.000802684691357,0.00238778283051888,0.000413241127529422,9.11371078864562e-05,0.000534100724134948,0.000199668409201339,0.000337502075162572,0.000158473755650056,-1.98493919725088e-05,0.000107794957552371,0.000128247332742276,-0.000368916306608939,0.000719142337901529,-0.000233586704855954,-6.3771576810245e-05,-4.18985291971085e-05,-0.00026500528206229,0.000452001846151816,3.88258160233398e-05,-0.000218959976089993,5.9384383473061e-05,-0.000195635409638584,0.00101244405299586,-0.000123753401493779,-0.000945486668351728,0.000302100676433185,-0.000384535713926195,0.000656618196048822,-0.000855081602051885,0.00115556178056991,0.00161307929603335,0.00393521783452069,0.00229812916522424,0.0138181266965434,0.00435246184730648
"820.397",0.000183982638073167,0.000190289409667728,0.000686474454454922,0.000280816675755472,0.000791015401240857,2.94177271338572e-05,0.000138819588425735,0.000379034029215813,8.07546917142419e-05,1.09972919695695e-05,-0.00054275673541334,0.000111724746083207,0.000529211995086389,0.000402294889437361,7.78232714357835e-05,0.000577393158577599,-7.53729865213108e-06,0.000645324638673916,0.00228946386051416,0.00163844597382932,0.00029814573081453,0.00130386881010216,5.37664847273615e-05,0.000258888911824812,0.000367676651748264,0.000390209171001316,-0.000208670831209476,8.03960018421965e-06,0.000585768954608045,0.000744110607903957,0.000216341616236239,-0.000337795038315097,0.000733567237104308,0.000297029676065531,0.00117119317224852,-8.99127496186411e-05,0.000404260284365908,2.16769047667595e-05,0.000576941454179087,0.00076888721125646,-0.000171219848152901,-0.000807958723646814,-9.39734725023492e-05,0.000564043910681088,0.00115146886196772,0.00145402587357749,0.000429551266158042,0.00179819959082897,-0.000727594753382117,0.000256740567424587,-0.00445832280711796,0.0147039656658394,0.0402063258596581
"825.159",-0.000727380386303562,-0.00086403047623633,-0.000358231847636079,-0.000275577669043911,-0.000412341384137904,-3.84976284428817e-05,-0.000165470646105462,-0.000283855361783261,-0.000485859381013894,-0.000342334736908043,-0.000655497301278948,0.000213982159723717,4.19771924949338e-05,-0.000241699052049066,-9.95201427537068e-05,-0.000242632051562047,-0.00115642525663302,-1.73778036100022e-05,0.00127967285534371,-0.000308765718620326,-0.000637320983553992,-0.000353991973189358,-0.000659224067574223,-0.000994150723805993,-0.000615264612097308,-0.000248096014923256,-0.000254579867869,-0.000450070389261691,-0.000467158441534588,-0.000571397848019517,-0.0012030969562796,-0.000552189416607481,-0.00104758625473556,-0.000402045336181404,-5.69423548880492e-05,-0.000355370959538185,-0.000385006713184206,-0.000373678907035875,-0.000614846540113952,-0.00104372404872355,-0.000161274505584933,-0.00141052819368672,-0.000683939332256532,-0.00188400414554685,-0.00236059958306478,-0.0034063370416143,-0.00262500249494927,-3.91333367180337e-05,-0.00262626640078814,-0.00154245731155589,-0.00338358110281933,-0.0119902963445239,-0.0613993176138641
