"","500","495","490","485","480","475","470","465","460","455","450","445","440","435","430","425","420","415","410","405","400","395","390","385","380","375","370","365","360","355","350","345","340","335","330","325","320","315","310","305","300","295","290","285","280","275","270","265","260","255","250","245","240"
"248.336",0,0,0,0,0,0,0,0,0,0,0,0,0,0,0,0,0,0,0,0,0,0,0,0,0,0,0,0,0,0,0,0,0,0,0,0,0,0,0,0,0,0,0,0,0,0,0,0,0,0,0,0,0
"252.814",0,0,0,0,0,0,0,0,0,0,0,0,0,0,0,0,0,0,0,0,0,0,0,0,0,0,0,0,0,0,0,0,0,0,0,0,0,0,0,0,0,0,0,0,0,0,0,0,0,0,0,0.0469610593893268,0.00075522181934598
"257.296",0,0,0,0,0,0,0,0,0,0,0,0,0,0,0,0,0,0,0,0,0,0,0,0,0,0,0,0,0,0,0,0,0,0,0,0,0,0,0,0,0,0,0,0,0,0,0,0,0,0,-0.0214299829911937,0.0121851159455074,0.055195112522711
"261.781",0,0,0,0,0,0,0,0,0,0,0,0,0,0,0,0,0,0,0,0,0,0,0,0,0,0,0,0,0,0,0,0,0,0,0,0,0,0,0,0,0,0,0,0,0,0,0,0,0,-0.0615035051414212,0.00382212976618336,0.0279481188394326,0.0938805889024317
"266.271",0,0,0,0,0,0,0,0,0,0,0,0,0,0,0,0,0,0,0,0,0,0,0,0,0,0,0,0,0,0,0,0,0,0,0,0,0,0,0,0,0,0,0,0,0,0,0,0,-0.0687951522774335,-0.0209715483152767,-0.000479625058257167,-0.012205798420831,-0.0357123769466083
"270.764",0,0,0,0,0,0,0,0,0,0,0,0,0,0,0,0,0,0,0,0,0,0,0,0,0,0,0,0,0,0,0,0,0,0,0,0,0,0,0,0,0,0,0,0,0,0,0,-0.0517515245089353,-0.0165825806397687,0.00606149839805131,0.0049056938132673,0.0116001914881194,-0.00673943145127104
"275.26",0,0,0,0,0,0,0,0,0,0,0,0,0,0,0,0,0,0,0,0,0,0,0,0,0,0,0,0,0,0,0,0,0,0,0,0,0,0,0,0,0,0,0,0,0,0,-0.0538097900351875,-0.0111470998928634,0.00325367080391559,0.0128323179340082,0.0027086798844439,-0.000900625342578787,0.0113756843360637
"279.76",0,0,0,0,0,0,0,0,0,0,0,0,0,0,0,0,0,0,0,0,0,0,0,0,0,0,0,0,0,0,0,0,0,0,0,0,0,0,0,0,0,0,0,0,0,-0.0577790640707845,-0.0189617540605679,0.000944447377522709,0.00301207784172232,0.00667336832573773,-0.0242613627122032,-0.0103937904032508,-0.0177482193193859
"284.264",0,0,0,0,0,0,0,0,0,0,0,0,0,0,0,0,0,0,0,0,0,0,0,0,0,0,0,0,0,0,0,0,0,0,0,0,0,0,0,0,0,0,0,0,0,-0.0207328338775654,0.00262706303123475,0.00147131751282766,0.0134385066311759,0.00131800251367786,0.00887586983050404,0.0102141740708837,0.0388209919571732
"288.772",0,0,0,0,0,0,0,0,0,0,0,0,0,0,0,0,0,0,0,0,0,0,0,0,0,0,0,0,0,0,0,0,0,0,0,0,0,0,0,0,0,0,0,0,-0.0238767073503931,-0.00150540525580047,0.000930355954276197,0.00702259130164218,0.00604358686942524,-0.00523093160830915,0.0021796153465726,0.00104025364378433,-0.0273471253586592
"293.283",0,0,0,0,0,0,0,0,0,0,0,0,0,0,0,0,0,0,0,0,0,0,0,0,0,0,0,0,0,0,0,0,0,0,0,0,0,0,0,0,0,0,0,-0.027856961227555,-0.00112727479209772,-0.00156579971304554,0.00144587007871559,1.16350206454396e-05,-0.00731057169618582,-0.0033659485604247,-0.0104404454542531,0.00191492132528379,-0.0248363913432592
"297.797",0,0,0,0,0,0,0,0,0,0,0,0,0,0,0,0,0,0,0,0,0,0,0,0,0,0,0,0,0,0,0,0,0,0,0,0,0,0,0,0,0,0,0.0248222995732245,-0.00169010669683393,-0.000463010888291322,0.00186912610341818,0.00411901888660215,-0.000798836609378573,-0.00670603775083366,-0.00522135203773207,-0.00768778804609951,7.39125698780794e-05,0.0109924157811703
"302.315",0,0,0,0,0,0,0,0,0,0,0,0,0,0,0,0,0,0,0,0,0,0,0,0,0,0,0,0,0,0,0,0,0,0,0,0,0,0,0,0,0,0.0171770994493924,-0.000527854307595735,-0.000242043734605263,-0.00141447562608437,0.0034640503196591,-0.00623960068775575,-0.00343878829635805,-0.0024319169753195,-0.00344119254284349,-0.00621329557019783,-0.000417629764362202,-0.00980483043047192
"306.837",0,0,0,0,0,0,0,0,0,0,0,0,0,0,0,0,0,0,0,0,0,0,0,0,0,0,0,0,0,0,0,0,0,0,0,0,0,0,0,0,-0.030410726019072,-0.00174056209789511,-0.00221256234894809,-0.000462494758438702,0.00394470922204801,0.00117944506204842,-0.00183724856376759,-0.000599538313835839,-0.00706112691977268,-0.00304348023163235,0.00248156647645217,-0.00399653272758882,-0.0173637843508935
"311.362",0,0,0,0,0,0,0,0,0,0,0,0,0,0,0,0,0,0,0,0,0,0,0,0,0,0,0,0,0,0,0,0,0,0,0,0,0,0,0,-0.0373629412543587,-0.00211483022325793,0.00161126450396313,0.000874765905819764,-0.000134431595124607,0.00307228015458361,-0.00701568133450239,-0.00160707907438714,0.000456036302822459,0.000116652119833984,0.00103348409880543,0.00152955406233637,-0.00110929618047292,0.00611398442939431
"315.89",0,0,0,0,0,0,0,0,0,0,0,0,0,0,0,0,0,0,0,0,0,0,0,0,0,0,0,0,0,0,0,0,0,0,0,0,0,0,-0.0369459684412239,-0.00581175917493863,-0.000486479467913747,-0.000196487107286201,0.00174357841829891,0.0026014303923923,-0.00466725859641132,-0.0027434699480423,-0.00120228829839571,-0.00129900381130581,-0.00495423631397145,-0.00168958255965774,-0.00653418350811283,-0.00821381189898443,-0.0243620728364802
"320.422",0,0,0,0,0,0,0,0,0,0,0,0,0,0,0,0,0,0,0,0,0,0,0,0,0,0,0,0,0,0,0,0,0,0,0,0,0,-0.0119397856432681,-0.00588041747823891,0.000644191714722207,-0.000467413218071103,0.000742037651241853,0.00645479150925937,-0.00294438200486441,-0.00184074702660041,0.0015850001122299,-3.36224422594561e-05,-0.00273828803983182,0.00324298562969766,0.00335795502779057,0.00544683071045966,0.00984100650044986,0.0128379496725771
"324.958",0,0,0,0,0,0,0,0,0,0,0,0,0,0,0,0,0,0,0,0,0,0,0,0,0,0,0,0,0,0,0,0,0,0,0,0,-0.0113021530024602,-0.007912748906112,0.000439765022220024,-0.000163217592903445,0.000584070173243417,0.00498257493139397,-0.000223893518108864,-0.00403013437990175,0.000189079260099189,-0.000182042242461727,-0.000507147850842524,-6.99939111261988e-06,0.00119245814446351,-0.00143158142413338,0.00745542539495304,0.0193773373165132,0.0178504393873802
"329.496",0,0,0,0,0,0,0,0,0,0,0,0,0,0,0,0,0,0,0,0,0,0,0,0,0,0,0,0,0,0,0,0,0,0,0,-0.0114906864926154,-0.0124982583298925,-0.000499246531512117,0.000207597748332327,-0.000936371239621189,0.000859349583295962,0.00251823985679034,-0.00541453781554831,-0.00379728525166686,-0.00126496623426292,-0.00188487200000074,-0.00129506693404189,-0.00276180834023635,-0.00241764242631282,-0.00367849194241001,-0.00761598958866006,-0.0144870776564586,-0.0307831950650258
"334.038",0,0,0,0,0,0,0,0,0,0,0,0,0,0,0,0,0,0,0,0,0,0,0,0,0,0,0,0,0,0,0,0,0,0,-0.0105548673886642,-0.013930965703799,-0.000141443505561238,0.000892229429013267,4.55256113803919e-05,0.00191138648774236,0.00472616946755161,-0.00173151546494058,-0.000969624807070078,-0.000293715113306123,-0.000882102950830008,0.00129644093722251,-0.000502476557299087,0.000530031935979808,0.00151483110951718,0.0025216141228313,0.00603169001796995,0.00737464995642742,0.0410506676542821
"338.584",0,0,0,0,0,0,0,0,0,0,0,0,0,0,0,0,0,0,0,0,0,0,0,0,0,0,0,0,0,0,0,0,0,-0.0112967753747412,-0.0157817817748396,-0.00067015598184616,-0.000394918135346187,-0.000159441070498412,0.000280594133422154,0.00197801191045825,-0.0035381736796522,0.000162954870342749,-0.000924274474442258,-0.000174719276213499,-0.00186134213702785,-0.000165835564062106,-0.00218933588507887,-0.00158429894363364,-0.000879455629955587,-0.000175524926188613,0.0028823192418821,-0.000426752271064566,0.0115425112287637
"343.133",0,0,0,0,0,0,0,0,0,0,0,0,0,0,0,0,0,0,0,0,0,0,0,0,0,0,0,0,0,0,0,0,-0.010913998728812,-0.0159371079827777,-0.000121771572625745,-0.000806734874762691,-0.000118362766262236,-0.000227397146313297,0.00326451973153356,-0.00120623454233412,-0.00224785215631036,-0.00032538776056197,-6.68230716097972e-05,-0.00209935236944914,-0.000203171694250386,-0.000632337680304731,0.00133682527713624,6.00791382519019e-05,0.000127959333641834,0.000380108065075181,0.000363262177763632,0.00921442406920907,0.0129598421396349
"347.685",0,0,0,0,0,0,0,0,0,0,0,0,0,0,0,0,0,0,0,0,0,0,0,0,0,0,0,0,0,0,0,0,-0.018140818162543,-0.000703752925783823,-6.19302389803789e-06,0.000169424159493992,0.00103129469158878,0.0026114960178491,0.00200351569559379,-0.00252816485935928,-0.000147414596228699,-0.000206666877144583,0.000670629652960361,-0.000683537828034133,9.29995239019139e-06,0.000375181150831424,0.00163673365435489,0.000384163970442311,-0.00172580147799409,0.00666875446252739,-0.00278843819319321,-0.000651171698087682,0.0255869534803093
"352.24",0,0,0,0,0,0,0,0,0,0,0,0,0,0,0,0,0,0,0,0,0,0,0,0,0,0,0,0,0,0,0,-0.0222589833510181,-0.000830816514812337,8.06609274156805e-05,0.000664426999036459,0.000691464467594767,0.000761076368200622,0.000560145690213176,-0.00208337811644484,-0.00053475411528933,-0.000421175738220096,0.000142044583098753,0.00030096193699885,-0.000362777768792695,0.000910371028601264,-0.000675141058903159,3.59173808359664e-05,0.000169543398692999,-0.00159562013104021,0.000316055401372003,0.00583719844851728,0.00126136661606028,0.00484729936668692
"356.799",0,0,0,0,0,0,0,0,0,0,0,0,0,0,0,0,0,0,0,0,0,0,0,0,0,0,0,0,0,0,-0.0254681512953416,-0.00123396197418054,0.000272618467557384,0.000349093617827416,-0.000387272199925676,-0.000824759392035976,0.00285579328312426,-0.00187175836797154,-0.0031124092622295,0.000181693475205237,-0.000159211631774568,-3.4294840541452e-05,-0.000169427842405801,-0.000495644712804855,-0.000306541218866645,0.00193451458908223,-0.000222677794821723,0.00129132272863561,0.000167254044341486,0.0044584664850825,0.00760156998182204,-0.00703965646699732,0.0409630261014467
"361.361",0,0,0,0,0,0,0,0,0,0,0,0,0,0,0,0,0,0,0,0,0,0,0,0,0,0,0,0,0,-0.0245706374072928,-0.00280109658679956,-0.000830480156903505,-0.00100932702524898,-0.00047779403253093,-4.78420237139095e-05,0.000646242189101275,-0.00209518666008371,-0.00310951232593819,-0.000285182136782389,-0.000925255413237092,-0.000787230737158243,-0.000897110567564899,0.000350066596768618,-0.00212193663580837,-0.00201701636714076,-0.000809518826597431,-0.0022285210035591,0.000157776714488176,-0.00251296474035714,-0.00519263195019552,-0.00350395455926201,-0.000947276959271102,0.0220566889793924
"365.926",0,0,0,0,0,0,0,0,0,0,0,0,0,0,0,0,0,0,0,0,0,0,0,0,0,0,0,0,-0.0326569749844182,-0.00339008939420637,-2.63288232101692e-05,0.000726169292613774,-0.000574004055077184,-0.000407699864062548,-6.5181138649853e-05,0.00185854197909724,-0.00134786973168226,-0.000426452447106757,-0.000102535259440344,-0.000295105499023965,4.06837353528234e-05,-0.000317471421031933,-0.000870100569698621,-0.000944204624066052,-0.000140408827466565,-0.000166903924167906,-0.000245512161036664,0.00112829539257202,-0.000201095043883846,-0.00116790259553354,-0.00222478568748126,-0.00710411885264316,-0.00794051943749693
"370.495",0,0,0,0,0,0,0,0,0,0,0,0,0,0,0,0,0,0,0,0,0,0,0,0,0,0,0,0.00827891637267342,-0.00555203768123617,-0.000501472754708225,1.08001980448965e-05,-0.000188709129162363,-0.000514365429253764,0.00168340253474535,0.000790753280900627,-0.00137946940043743,-0.00164398905807458,-0.00036105438097781,0.000297690735890665,0.000569688897261571,-0.000345892571883032,0.000473976515216407,-0.000313473494880014,0.0001890310047468,-0.000894043271645462,-0.000345908831942882,-0.00061999217338111,-0.000308979782108454,0.000857093768495143,-0.00223709718666082,0.00566604376697251,0.00557191874371311,0.0342777404894828
"375.067",0,0,0,0,0,0,0,0,0,0,0,0,0,0,0,0,0,0,0,0,0,0,0,0,0,0,-0.00086049118935061,0.00157018752844844,0.000472146958857523,0.000252347668829817,0.000364611810195924,0.000258812242320613,-0.000420504428389709,0.00195406029788012,-0.000119228690236756,-0.0012048882339583,-0.000466637989465943,-0.000511647376561506,0.000397198840328944,-0.000490111284167554,0.000110136793815832,-5.37517323613308e-05,-0.000467122316042766,0.000920460173090393,0.000406449911087538,0.000319622977771608,0.000433115458296054,-0.000559741034367462,0.000280277706145424,0.00211525814384295,0.00348383806800173,0.00602462630967637,0.0301115755115094
"379.641",0,0,0,0,0,0,0,0,0,0,0,0,0,0,0,0,0,0,0,0,0,0,0,0,0,-0.0189178436291904,-0.00158483285179489,-0.000688800382446807,-0.000568552383834515,-0.000753503841894169,-0.000877660059165198,2.72451733336647e-05,0.000804978046322149,-7.37918436460872e-06,-0.00158120986673459,-0.00193235310225446,-0.00060865841381785,-0.000297774548866421,-0.000529084201676956,-0.000863893492663564,-0.00124929347579978,-0.0016006754399644,-0.000985433089064212,-0.000842407091930087,-0.00277387505020759,-0.00170623135791324,-0.000639989914228107,-0.000681439983133415,-0.00121717026243754,-0.00394333270912828,-0.00706598308667531,-0.00930324934388615,-0.0556109857202696
"384.219",0,0,0,0,0,0,0,0,0,0,0,0,0,0,0,0,0,0,0,0,0,0,0,0,-0.00941916446092994,-0.00876670464221661,0.000360074891787018,0.000691429430727274,0.00140797489506349,0.000374350061405497,-0.000168924989546185,0.000975312220089482,0.00071781152608355,-0.00109742691528621,0.000354356239167958,0.000134259327450043,-5.47237112740798e-05,0.000570029690946683,0.000180958830221533,-0.000589791765243251,-0.000139996066729983,-0.000117200024754243,8.82930865946487e-06,-7.93027243304453e-05,-0.00066455760769145,-0.000617570787438156,-0.000610123703393204,0.00191811851782722,0.00202868345892103,0.00568487918472248,-0.00381332997694651,-0.00367652884132706,0.0349141365783418
"388.801",0,0,0,0,0,0,0,0,0,0,0,0,0,0,0,0,0,0,0,0,0,0,0,-0.00983125423535058,-0.0118284905384544,0.000207360641318265,-0.000541673696452017,-0.000224183673875855,-0.000149438290854004,0.000116764118327383,0.000437289434325812,0.000600484634909887,0.000155926300106302,-0.00100496910742359,-0.000292744617862005,4.46577347747547e-05,-7.47264900753824e-05,0.000169197678056403,7.4380217533973e-05,7.08985249801611e-05,0.000661344514995391,-0.000708937202201757,-5.61160310539406e-05,-0.000481594368652884,0.00086673406214692,6.12833520437527e-05,-0.00297366318269693,0.00234684409577757,-0.000508716046242101,0.00126689009155518,-0.00168257392486623,-0.0111307293789387,0.0182578785221113
"393.385",0,0,0,0,0,0,0,0,0,0,0,0,0,0,0,0,0,0,0,0,0,0,-0.00834609101565531,-0.014752136826007,8.0581698833228e-05,0.000209637134638613,0.00051569368802162,0.00074645600202822,0.000372238490955796,0.000929413740456862,0.000777802119735632,0.000343738541318861,-0.000592168417400694,9.05660595671557e-05,7.11939311147745e-05,0.000286458825946885,0.000530752323488392,0.000325829133512873,0.000855196800425245,0.000307187438461679,0.000602411513722892,0.000741438039195721,0.00139901403013731,0.00206209147427627,0.000816590587770205,-0.000914145526651752,0.000514212510166749,-0.00130283034394538,0.00291689962151265,0.00445970142025835,0.00567984112237735,0.00574739546705327,0.00367406471315226
"397.972",0,0,0,0,0,0,0,0,0,0,0,0,0,0,0,0,0,0,0,0,0,-0.00726052045591397,-0.0173989102006081,0.000437445271881475,0.000887823650358543,0.000398053934618758,0.000707186669928392,0.000580009810701612,0.000921033213302808,0.000930188809243442,0.00137729173717602,-0.0009897337044781,-0.000152643333807806,0.000545083323365833,0.000382518727064313,8.3651679675337e-05,-0.000420006975583757,1.48636767365426e-05,0.000160433568424813,0.00108947614561408,0.000833941461017416,0.000987256709922478,0.00101620278141718,0.000822430881445411,0.00247399788007201,5.11792768895738e-05,0.00110673478951707,-0.000697954328749709,0.00181200608117069,0.000211857081797519,0.00758784851474388,0.00681199152923866,0.0170846324723546
"402.562",0,0,0,0,0,0,0,0,0,0,0,0,0,0,0,0,0,0,0,0,-0.00957319286993019,-0.0189667342533484,-0.000295355976324265,0.000482770503414476,-1.78010187573811e-05,0.000507547960146598,0.000465539641568648,0.000386022812292338,0.000702315683441382,0.00139357294622253,-0.00064985404018518,0.000147575499142226,0.000547330176507306,0.000320856475778708,-0.000195726470650559,0.000861446894688779,0.00015599168398344,0.000404030996765263,0.000493042035902394,0.0012124062041875,-0.000299136154816584,0.000875487578668667,0.000476570400191989,0.000178472014394941,-0.000233345774020169,0.00122284155510919,0.00134601551099404,0.00153578071576096,-0.00272644150872132,0.00240420698303078,0.00388283889061751,-0.0126420842806804,0.00198072773717207
"407.156",0,0,0,0,0,0,0,0,0,0,0,0,0,0,0,0,0,0,0,-0.00803185231019155,-0.0206008758257057,-0.000617468289922506,0.000518438148803263,0.000719902685922038,0.00085832752354902,0.000319096593227296,0.000814650989381117,0.000161877166881463,0.00186992426419768,0.000180731859371286,0.000853818872676312,0.000615254850289573,-1.18855376949197e-05,4.80590130665005e-05,0.000553347975754312,0.00098366322776114,0.000281231254390462,7.1659338305656e-05,0.000164276207891247,0.000542557535048675,-0.000684588769820443,5.61850379482321e-05,0.000652576976488951,0.0010321518679765,0.000689676428674578,0.00226920818700349,0.000756306066630975,0.00254709341023641,0.00371358634319754,0.00299366253204675,0.00240783594590476,0.0179452548106523,0.013563489690087
"411.752",0,0,0,0,0,0,0,0,0,0,0,0,0,0,0,0,0,0,-0.00761224529764415,-0.0236779347329593,-0.00076368920306121,9.64671231495928e-05,0.000383812847322433,-0.000373051770978108,-7.26615832675071e-05,-2.88397379079076e-05,-0.000325858990208768,0.000697397128415374,0.000996338778474805,-0.000390851380229998,0.000409972110649021,0.000295931704652744,0.000421791781927482,-0.000223906835708857,2.09154591642672e-06,0.000451767719042764,0.000134972724563551,0.000365527422046079,0.000279623117401972,-0.000365023224306004,-1.82597837627794e-07,0.000780611331712798,0.000611846713434892,-2.26139287950034e-05,-0.00157676590099178,-0.00113471474402822,3.42560939073998e-05,0.00127690422418447,0.00124745176905079,-0.00247100787255755,0.00207429502755817,-0.00372032889919536,0.0181087609046902
"416.352",0,0,0,0,0,0,0,0,0,0,0,0,0,0,0,0,0,0,-0.0242683810870274,-0.0020605917782251,-0.0012249329843062,0.000122481305132446,-0.000562348344446757,-0.000597768589095036,-0.000881561298278869,-0.000673207782418912,-3.51929065437861e-05,0.000428446818159484,-0.00132783553285085,-0.000640893922682427,-0.000217540269981562,-0.000609043682999571,-2.97172891191635e-05,-0.0003407635304907,-0.00056255447753468,-0.000528992394748752,-0.000850985451153791,-0.00133563593369607,-0.000382413929940465,-0.00072683823042052,-0.00055669975252756,-0.000569033977798618,-0.00213035573938119,-0.00130795500260862,-0.000907791834669485,-0.001321202913312,-0.00228242330714562,-0.00080762677207497,-0.00227303768126234,0.00173190156231332,-0.00519314411784206,-0.0003485588967555,-0.0319379385986979
"420.954",0,0,0,0,0,0,0,0,0,0,0,0,0,0,0,0,0,-0.0249757165569279,-0.00123578569764293,0.00095324999551166,0.000487475653036162,0.00058916981208178,0.000743740990209674,0.000270630645006158,0.000500585542296138,0.000310897670198965,0.00165430496288076,0.000111866960519243,-0.000427389790759198,0.000222992417514823,0.000593177146982447,0.000356474189148712,0.000610680182983971,-1.29697848837135e-05,0.000600425549227235,0.000662861843039815,5.01355001396929e-05,-0.000439304948672909,0.000665153796446643,0.00102431568300421,0.000271593460088412,0.000222590513925901,0.000120418061859134,0.00125291067124128,0.000286887718513232,0.00241720206885652,0.000994868806450072,0.000785072667804039,0.00185320264147822,0.00181848199703695,0.000589367351723929,0.00952330931974573,0.0257651155475188
"425.56",0,0,0,0,0,0,0,0,0,0,0,0,0,0,0,0,-0.0198622456065251,-0.0034438772359246,0.000140973262457364,-0.000411635039864285,-0.000115636960692253,-0.000822474617739508,-0.000844993616419562,0.000338798584186818,0.000457580653498569,-0.000382520570812776,0.000466081867233549,-0.000924456217169561,-0.000101798339443376,-0.000368568574272369,0.000284164594895914,0.000217469829866344,0.000107429254017498,6.23614181032715e-05,-0.000230231517418141,0.000700881213481146,-0.000409893248933397,0.000443360084640757,-0.000481006389720499,-0.000539322750864778,-0.000439905611223262,0.000322268632012647,0.000145212045412935,8.22216805667282e-05,-0.000320585391447,0.000484674388220773,0.000734675336072657,-0.000656206704712327,0.000205534976877833,0.00271778059923268,0.000672482317599124,0.00295883529031531,-0.00792105657894128
"430.168",0,0,0,0,0,0,0,0,0,0,0,0,0,0,0,-0.021793288339043,-0.00491699976040426,-0.000519837325000674,-4.56105001192244e-05,-0.000566814380687667,-0.000814547149119421,-0.000603208906441333,-0.00048123766008831,-0.000509670420863777,0.000255988263448735,-0.000426465464088664,-0.00130035714623005,-0.00125698130174478,-0.00016950635378722,-0.000377055520671982,-0.000357422736659168,-3.63602593448292e-06,-0.000628549559674212,-0.000718189092658999,-0.000886599759300566,7.59024128192223e-05,-0.000361122922807153,-0.000726621863232813,-0.00099567902152943,-0.000875353216943546,-0.000792102417709592,-0.00106562130238765,-0.00102421568377789,-0.00197571394380103,-0.000944332379506761,-0.00115430088460688,-0.000353964743484221,-0.00259851035546157,-0.00346004082594957,5.9194108923963e-05,-0.00976555785350098,-0.00340023443969806,-0.0386511379661546
"434.779",0,0,0,0,0,0,0,0,0,0,0,0,0,0,-0.0203394392029606,-0.00387261473460988,9.73871152230303e-05,0.000130591828715785,0.000287114838765628,-2.92612538731335e-05,-0.00028545878872747,-8.83424733698827e-05,-0.000258271815253764,-9.24228785095975e-05,0.00148075596091823,-0.000518735075720998,5.49933112408262e-05,0.000229060842797585,0.000224305078428467,0.000412481482422056,0.000428466471862687,-0.000206325849711012,-0.000209229101859661,0.000188518298102739,-1.83836251776369e-05,0.000727443227222861,6.86172748009186e-05,0.000435621693735949,0.000111301255004443,-8.26159748027848e-05,0.00101528108245839,-7.48940473866111e-05,0.0007006569134946,0.000431889419709247,3.73357750524002e-05,0.000709901223050526,-0.000409420838027247,0.000144382877609659,0.000828933920136645,-0.000251565083396803,0.00114835417855242,0.00123308720041453,0.0084070551670551
"439.393",0,0,0,0,0,0,0,0,0,0,0,0,0,-0.0182578389022798,-0.00543519576075491,-0.000536348504615266,0.000243888182845234,4.65683860231515e-05,0.000284868264079225,0.000482914336969186,0.000365858113625497,0.000101763784181311,0.000754930734589023,0.000877409783846043,0.000862305921855003,-0.000492883238822784,0.000651922835590994,0.000442187811356906,-0.000334080463973202,0.000347250319258893,2.73584169242671e-07,0.000680173411708349,0.000539315435246538,0.000215697078348504,0.000480109030439711,0.000318619183976439,0.000355616922250408,-0.000262649372838126,0.000183710315993434,-0.000107995301798275,0.000502381219164597,-0.000242142185640189,0.0011685018236938,-6.74808368793648e-05,0.000839255003057637,0.000849304194974428,0.00145090963621479,2.09760032264197e-05,0.00114920995977688,-0.00086833320921568,0.00662596737035989,0.0192627527776629,0.00995824196880827
"444.01",0,0,0,0,0,0,0,0,0,0,0,0,-0.00799674766237352,-0.00721363395056618,-6.43142255657642e-06,0.000262911188005986,-9.49741184639449e-05,0.000220973625774406,0.000424283734225914,0.000425784749676568,0.000909357438802113,0.000369743481967649,0.00123060963321934,0.00143547028777033,0.000559923181227738,-0.000183191999253936,-4.61858669267179e-05,0.000370239020275008,0.000120649577566342,8.57563815010956e-06,0.000555702414960996,0.000533198801787762,0.000341328262689755,0.000511251106077383,0.000235825255146904,0.000453443872138013,2.26287971722014e-05,0.000427211155415662,-8.22824271634812e-05,0.00112844422679012,-8.42685626328785e-05,0.000855185854462205,0.000172165608880211,0.000625172409521053,0.00117838754754129,0.000343624719918178,-0.00022408681454728,0.00156855137770938,-0.00124447952611138,0.00122719009631971,0.000647877848150025,0.00374624724180934,0.00698910290924507
"448.63",0,0,0,0,0,0,0,0,0,0,0,-0.0115030695188448,-0.00619998879336196,0.000281981770203056,-6.05291650556568e-05,4.28291571173823e-05,-9.72679472111934e-05,0.000201767133094624,0.000411667739996383,-0.000440866547686349,-3.8008878486821e-05,0.000620882748408231,0.000665739237871298,-0.00114604017581973,-0.000348644261061847,-0.000326464760417739,0.00020199130837601,0.000324541101597519,-0.000110700887445836,0.000371017469900015,-0.000170364418432169,-2.29645991316589e-05,0.000184188335621852,0.000115543943495906,0.000282708066663092,-0.000105276665943334,0.000388639855734462,0.000152310188990532,0.000157838163199338,0.000852223794905732,8.05316862341926e-05,0.000950279968703216,-0.000327381574896974,-2.60208584352434e-05,0.000845636304733565,0.000384362426759053,0.000102656307392539,0.000459292439725062,-5.82613751659962e-06,0.0011489763647837,0.00128949834839988,-0.00241377204470021,-0.00252295053560317
"453.253",0,0,0,0,0,0,0,0,0,0,-0.0110643305614586,-0.00901721333911167,-0.000109747675895954,-0.000169582956519303,0.000260549963358341,-0.000138500692452078,-0.000273045787393242,-0.000242930456742206,-0.000421013299762476,-0.000383526763252077,-0.000495249837433977,-2.08061156891787e-05,-0.000836201152851122,-6.5814857286817e-05,0.000154374737157953,-0.000143579523493589,-7.11459413373941e-05,-0.000363164551669785,-0.000983849324746346,-0.000183982137741792,-0.000102424921104112,-0.000485018432738411,-0.000203132847452125,5.27838249489737e-05,-0.000122508355072524,-2.14032941259852e-05,-1.11379863597659e-05,-0.000258960978763594,-0.00026179978413791,-0.000623053576014589,-0.000494378514932069,-0.00106180000348464,-0.000884367597506743,-0.00092049653129229,-0.000359061488108692,0.000126682571037423,0.000124930689222426,-0.00050940613328992,-0.00410998794343195,-0.00244619478219778,0.00227337288727914,-0.00682630635971918,-0.0224463372791815
"457.878",0,0,0,0,0,0,0,0,0,-0.0100241593913028,-0.0096008575693243,-0.000737855520424836,-0.000335087694073127,-0.00056660831318952,-8.58378290774404e-05,-0.00085096156501907,-0.000303370406215544,-0.0010045898103662,-0.000630940357741298,-0.000240774101518046,0.000212757762425943,4.04401893905684e-05,-0.00076458498685698,-0.0001746367669913,-0.000447747860691931,-0.000394143138058548,0.000224735827719938,-0.000527861709456814,-0.00105505824710278,-0.000100902087411799,-0.000226665079835939,-0.000232852796051399,-0.000452943555797423,-0.000645139553334981,-0.000143751846084231,-0.000398310262749331,-0.000818340397679202,-0.000186640572302419,-0.000259278731961696,-0.000851294411500581,0.00021215080298861,-0.000304434043187839,-0.00179029952261178,-0.000625624655602942,-0.00138089980980274,0.000238067277000727,-0.000566912062538621,-0.00226300721222915,-0.00131305578407467,-0.000699495837884046,-0.00360605345158797,-0.0104605356489841,-0.021954983393278
"462.506",0,0,0,0,0,0,0,0,-0.00266883444649818,-0.00977468770666098,-0.000262739996567671,-0.000383116976233193,-0.000207359794260848,-0.00029699490117659,4.98057034883461e-05,-0.000174080517308045,-0.000169006372359596,-0.000506112406293847,-0.000502556577336466,-0.000334983824267831,-5.86607690571672e-05,-0.000325180400034195,-0.000394322330002695,-0.000866630094695676,-0.000343998691974618,-0.000350990325634768,-0.00023457716757025,-0.000372701826503882,-0.000340011021046161,-0.000247890994919048,-0.000119814896948838,-0.000369570555542186,-0.000245201043285292,-0.000115140380267138,-0.000505956165293511,-0.000104979746436407,-0.000284946814970192,-0.000429614092183593,-0.000229206293804781,1.88247340854938e-05,0.000250698676413459,-0.00029217178493592,-0.000421002523325533,-0.000810887965123469,-0.000521257221332446,-0.000602234821596395,-0.000888250655341267,-0.00187609301401238,0.00126356845084254,-0.00512262754997915,-0.00554917206362782,-0.00584001985533868,-0.0327307067201392
"467.137",0,0,0,0,0,0,0,-0.00188466125914011,-0.00958041670582802,0.000148481333436282,0.000528411512266915,0.000440976224542933,0.00112132473319357,0.00111766492496422,0.000875389065379343,0.00054937406268012,0.000468134652554278,0.00102890607979679,0.00081144480933118,6.88403993795161e-05,0.00132963985939813,0.000399245499517586,0.000612368652952233,0.000382942135772786,0.000386812952600395,0.00088249568301022,0.000155379439790686,0.000624456405078222,0.000325917760145606,0.000677791652083973,0.000426018351688327,0.00132736927245666,0.000533055909428365,0.000273883305730279,0.000600064129565294,0.000836346434970473,0.000354570885078527,0.000868416107666062,0.000813957691777529,0.000489686561853331,0.00120833945740422,0.00142656250269456,0.00107385972415899,0.0010197510447091,0.00136187233238541,0.00238854419128495,0.00180455798539755,0.00131611144568325,0.00199179070649511,0.00190612001677349,0.00838219863510201,0.0131200055512751,0.0382101964943361
"471.771",0,0,0,0,0,0,-0.00470929083432725,-0.009395840647239,-0.000361144393141578,0.000536942104189357,0.000126325384732746,0.000390797802704357,5.24382018819215e-05,4.09302669332672e-05,0.000503194727415276,7.50358550806191e-06,6.67045868696828e-05,0.000560734259424773,0.000295357103341496,0.000630846791832677,8.65469835178937e-05,0.000328093760831089,0.000100961453261884,0.000554339187342032,0.000172653398450982,0.000226409199567353,0.000423294390979329,0.000102191647769959,0.000138844777820671,0.00032071799062597,0.000257745613704323,0.000619265141989902,0.000707931416069932,0.00069862220343354,-1.21253411719284e-05,0.000153913023971115,0.000627021317305112,0.000604460090415846,0.000762241801464715,0.000259901811436707,0.000537034089979086,0.000888747405002029,0.000956613432737151,0.00149657426814543,0.00143121179427385,0.000129612031363646,0.00162677678409276,0.0011357131595405,0.000960211143156575,0.00259350406347501,0.00305639073516543,0.00220425284592487,0.011194031441874
"476.407",0,0,0,0,0,0.00471662359955494,-0.00755625936274251,-0.000380733751040581,0.000186791229418722,0.000302762274170486,-2.88052134681687e-06,0.000326622216222892,0.000443346596495219,-0.000102417509909698,0.000191459388320293,5.73104730547639e-05,0.0002746865856222,0.000290094908328455,0.000117646319653442,-0.000115669078209837,0.000372953582614372,0.000255450484141525,-6.70157349971509e-05,0.000216965246582537,0.000165064652677063,0.000160213111751706,0.000433826396796604,0.000534266226931118,0.000689399749871968,-0.000345650195367482,-0.000208511158972281,0.000339966546783577,0.000557091695788395,0.00021198497933986,-6.20509839574595e-05,-0.000245304969232266,0.000331505800027254,0.000604798465587182,-3.59246217335255e-05,0.000581216332077756,0.000196778902362142,-0.000344916615046607,0.000685378979466201,0.000489396718969999,0.000913706955450728,0.000261401775772943,0.000681837957384951,-0.000171538958956499,-0.00127256784513584,-0.00195482145993747,-0.00463606272334878,-0.00895275039504059,0.0348536269593615
"481.047",0,0,0,0,0,-0.00529907981409941,-0.000781110364365118,0.000204314893896133,0.000188385052089408,0.000302943707581215,0.000169685349970356,0.000636843117072906,-8.47237953753674e-05,0.000459397905111198,-1.42357465027171e-05,0.000275241032560475,-6.57126781089239e-05,0.00132483251438856,0.00109730459061667,0.000668071452942737,0.00100260134353858,-0.000126532674804374,0.000232929303361777,0.000471014180094894,0.000470416562408002,0.000646735212964001,3.69551437529036e-05,0.000147813011979797,0.000943727627068908,0.000322352709739446,-2.11075793272766e-05,4.19902414134668e-05,0.000428357113130678,0.000499862426204216,0.00024386920652377,0.000654078404118495,0.00069299325731387,0.000548972481746513,0.000663287339934494,0.000268276365188308,0.000335379546444187,0.00059210186890291,0.00103974494243947,-8.6766403824516e-06,0.000469652353281694,-0.000209439502909357,6.42976763607001e-06,0.00191386442242347,0.000536543519302722,0.0016274441280921,0.000509039461345416,0.0134790235006153,0.0763723512397458
"485.688",0,0,0,0,0.0014740401127602,-0.000755356414490559,0.000251831559374022,0.000122988717706434,0.00013603801637646,0.000362786165906572,-5.2900631544774e-05,4.12299640456972e-05,0.00057727355189893,0.000303942540723604,0.000178891775434054,-0.000107815175717433,0.000790211134372887,0.000595023713008618,0.000529257317038751,-0.000285797131006762,0.000332584201468384,0.000326212226659329,0.000326949044144985,-6.25407793001515e-05,-0.000320972348332259,0.000316375413893087,0.000320363816258434,1.05519725324543e-05,-0.000169649342057118,0.000290662535042518,-0.000431021185205488,0.000123456603993597,0.000163617279730294,0.000537106414619639,0.00065623193207232,0.00030250301894884,0.000332017551297771,-0.000216364724943029,-5.33148656540967e-05,0.000413848429394886,-1.31712180276444e-05,0.000754585166049952,0.00119808715074337,0.000125541856816436,-0.000835462564028592,-4.71025384290059e-05,0.000731571843038409,0.0010851304263905,-0.00215741845877782,0.00360888802022866,-0.000621113131342078,0.0150368629643684,0.0878588056389761
"490.333",0,0,0,-0.00922234355724064,-0.0012177647143349,-0.000190220010094008,-7.32430694644736e-05,-0.000174365750621206,-0.000102312128886179,0.000174589306070856,-3.39616436764703e-05,-8.60833377138219e-05,1.19710785508687e-05,-0.000581194231382046,-0.000277082683722102,-0.000133452706350547,0.000380682278903678,-0.000967382719352754,0.000527247849995487,-0.000102431103781298,-0.000274496364808679,-0.000388966310247945,-4.11545912022994e-05,0.000251136491416327,-0.000348207227498941,-0.000249235112030792,7.28883486146126e-06,-9.99045553907506e-05,-0.000392561577670906,-0.000130324789606243,-0.00025725210812715,-7.6100982184654e-05,-5.48643032328956e-05,0.000154410458402272,-0.000356443964120277,0.000169669519737217,-0.000183577523792738,0.000189997793740094,-0.000419835295360509,-0.000146226215981032,-0.000615440983780822,-2.19466671142157e-05,-0.000192955558709341,-0.000687352348347826,0.000129852770664786,-0.00144707006065285,-0.00213747409367468,-0.000833625304222188,0.00147718644300853,-9.99742253649108e-05,-0.000217552547799274,0.0300540056475318,0.0404798091542112
"494.979",0,0,-0.00737960344809832,-0.00158268590801452,-0.000202899855156493,-0.000677908297615889,-0.000215142613187855,-0.000217711773559714,-0.000536608930059301,-0.000607358598356302,-0.00041836398464194,-0.000683335267879594,6.89225213499235e-05,-0.000306733525848748,-0.00112061250428826,-4.92382149382339e-05,-0.00110230669607495,-0.00130602937997549,-0.000438116195461002,-0.000999042148462915,-0.000971965475491826,-0.000377384717239097,-0.000828815712061292,-0.00104125113672023,-0.000710456261576999,7.32511787830743e-05,-8.28784139991686e-05,-0.000658946090809272,-0.000152575828757528,-0.000553089548708682,-0.000227745417638638,-0.000651433871615062,-0.000692814096951994,-0.000490602454116586,-0.000625644815677641,-0.000282854940765219,-0.000517597639179722,-0.000282571850971764,-0.000289843439726296,-0.001132015229366,-0.000996296650751675,-0.00143203095161799,-0.000335512094962883,-0.00188818914356222,-0.00139291404221518,-0.00214409497096944,-0.00161744410934473,-0.00204199963625434,-0.00402096877363006,-0.00676785122907066,0.00208153410147763,0.0148860845727067,-0.0539601831460274
"499.629",0,-0.00975907426374059,-0.000867558353089895,0.000755539568552874,0.000408758604809282,0.000315165256458126,0.000196147220028876,0.00029322063390451,0.000425399217195488,0.0003601222376706,0.000308529181431967,0.000691071017604704,0.000124577360705841,0.000440993531778234,0.00088950928248365,0.000511909117391431,0.000436532777435916,0.000188106400367585,0.000912617528584072,-4.9642187665378e-05,7.62054531157725e-05,0.000699170568091917,0.000336433710023465,0.00060485782939171,0.00068971168350405,0.000345671481106464,0.000204740750001219,8.95997563081696e-05,0.000441401370379927,0.000321128460262894,1.24526477435614e-05,0.000579773544039941,0.000490719898618001,0.000772734677608046,0.000340662408410547,0.000540647931298551,0.000389934284743113,0.00060265363469265,0.000550948083638929,0.000888648274705088,0.000665912126258328,0.000877032326683309,0.000624800012955834,0.000779113908914983,0.00014602877005149,5.76215364876695e-05,0.00134946284888332,0.00291344328986581,0.00207555204825474,0.00220984361730994,0.0122995955136841,0.0118318712329898,0.0232146628454653
"504.281",-0.0104389583470047,-0.00264611547947778,-7.50005935508343e-05,-9.115043241077e-05,-0.000274731653298364,6.1871148897669e-05,-0.000263426826341136,-0.00032409071692806,-0.000155179051665747,-0.000255654681383437,-0.000258215115287481,-0.000615518043591416,-0.000246366750685481,-0.000525173465771241,0.000208007949281788,-0.000140728172028828,-0.000246187141234249,-0.000573347989761756,-0.000607383440443159,-0.000630920857683857,-0.000483996593007595,-0.000198545269275574,0.00017000893669313,-0.000480971985299303,-0.000475841337024347,-0.000357540679593257,4.18187989913793e-05,-0.00027163255355244,-0.000905581044785714,3.76840707587691e-05,-0.000718156915689458,-0.000528771644989034,-0.000682389854355196,0.000133097127512273,-0.000465079381624833,-0.000784645415057036,-0.000657462344065934,-0.000566298501880039,-0.000936821126051985,-0.000469605478746838,-0.000724448846387519,-0.000853041080192887,-0.000515745565587046,-0.000270458847306686,-0.00032657771493516,-0.000649416906140966,2.83313418811455e-05,-0.00113182010936566,-0.00264897570928716,0.00245873713036958,0.00549748517546361,-0.0198626394935413,-0.0106165139656126
"508.936",-0.00311430831746721,-0.000173899907835345,7.46577968949002e-05,0.000304325480387883,9.85282597673231e-05,-0.000182562974451056,0.00027336307791147,-3.91387166924904e-05,0.000117950504868083,-6.18239426449411e-05,-0.000170387471398182,0.00021329202991248,0.00036018968138137,0.000127334115012614,2.78450779884303e-05,-0.000427308601536058,-0.000528340372675119,-0.000198124301361052,-0.000214555573142484,0.000105421397400481,0.000192478838003731,-0.000310175859076617,0.000486148130861219,0.000418162209247775,0.000612835788503218,0.000601671162144142,0.000134651733144181,-0.000146137862140844,-4.27599689415185e-05,0.000211423928383714,-4.75730175651439e-05,-0.000326337279174628,-7.18228268163874e-05,-0.000124707453301175,0.000125128231690877,8.33221114571131e-05,0.000229589093579685,-3.33269951726789e-05,0.000672811412315968,1.17102744782792e-05,-0.000101884684141271,-0.000402375145521065,0.00073005436256186,-0.000179388821109147,0.000587404692056016,0.001252135095682,0.000757011090240836,0.00162153445574233,-0.000105002942685451,0.0069166051333403,0.00734440597343472,0.000267518181854502,0.0129824097775478
"513.593",0.000499686100858972,0.000712294117004207,0.000647369075462158,0.000430228328164245,0.000544326376217692,0.000420567033006056,0.000453797002713136,0.000220482006976444,0.000386008057953998,0.000334042886014675,0.000359418725442922,0.000271433551375197,0.000264395420455765,0.0010647348425447,0.000936972587407519,0.000847236494298947,0.000669490580879662,0.00056513243026413,0.00061334895237515,0.000744661775261797,0.000627966510719664,0.00013455330970096,0.00110952169911335,0.000501627742898507,0.000581930509409421,0.000511628004327377,0.00017952966945074,0.000226444575288085,0.000458898405401699,-1.83594976977163e-05,0.000272323780449256,0.000943704046481276,0.00027906011426704,0.000464613982412498,0.000282947932877012,0.000584566881288525,0.000560844072865681,0.000264571170559781,0.000413816359380706,0.000843437362015702,0.000829003845091207,0.000622250071618112,0.00036692370900378,0.000873720850702042,0.000855720168120808,0.00118394151504706,0.00307086346609145,0.00151919591366426,0.00491767886392617,0.00514068266479029,-0.00520980694600864,0.00857849002820597,0.0348425214326573
"518.252",0.0010903048799372,-2.5642443346756e-05,-0.000116985498285204,-8.51622118033439e-05,6.32177598019592e-05,0.000620467582488051,0.000402813458073767,0.000163816506712719,2.38978845351522e-05,-3.53059696218255e-05,0.000133380209321335,7.98590516919552e-05,0.000633310590854414,0.000246993457938322,0.000305524297685649,0.000193089606103899,7.1487472481134e-05,0.000350844391831037,0.000461153153312909,0.000410017465097432,0.000231675604569025,0.000730199367418542,0.000296383898855231,0.000375315695406096,0.000282002458935678,0.000259399350316422,0.000115546379711739,0.000215355376289139,1.25471315990119e-06,0.000366714557174437,0.00034827735157781,0.000407297291640706,0.000484505784816734,0.000157729886657746,0.000148059751442191,0.000191886544702655,0.000564743502179039,0.000510856995952434,0.000505845015328594,0.000359109549550859,0.000257215523782349,0.000861331987639024,-5.22055864771949e-05,-1.12149337571951e-05,0.000552820370640936,0.00100915716410378,0.00237904144519509,0.00167395582841373,0.00741954503416445,-0.000469791026926569,-0.00407572639602011,0.0128216515798709,0.0063642476357011
"522.914",9.89909268848616e-05,-9.10177527329139e-05,-4.72482858281715e-05,-0.000376299422960327,-0.000456363427528205,-0.000485195468212408,-0.000290315098614547,-9.94751595589939e-05,0.00012145034035309,0.000152194047366879,-0.000261714335637807,-0.000381158855413956,-0.000360852129202269,-0.000141964993882095,-0.000211790328928165,-9.98645945886819e-05,0.00032274459725187,-0.000233110901758449,-0.000182804744174074,-0.00102039253566405,-0.000239482213947043,-0.000348752186977289,-0.000206340378995068,-0.000271738819000494,0.000265315270331138,3.71218347136086e-05,-7.30195575899093e-05,-0.000128645346520769,-0.000629434311972023,2.92476544690414e-05,-9.9379716141398e-06,-0.000352405970824116,-0.000362631712154654,3.8072391917478e-05,6.01619937806128e-06,0.000204266620184765,4.16175841367339e-05,3.81548447253906e-05,-0.000340680995179345,-0.000635186190766717,-8.15552780171416e-05,-0.00024968515585549,-0.000464586754451089,-0.000992218374581118,-0.000323530127245643,-0.000258709654837814,0.000152969444947995,0.00239609082944568,0.00326462705839031,-0.011786634745631,-0.00341263465016658,-0.00217733210212237,-0.0163431550309703
"527.579",-0.000412330501827123,-0.00012356141353885,-0.00032560275829497,-0.000452316369066735,8.26797032330189e-05,-3.5171935844737e-06,-0.000251011412841074,-0.000138778199794242,4.34500344708004e-05,5.11181264547138e-05,0.000122632666242946,-0.00010416237176872,-6.28551973309117e-05,-3.3225824503603e-05,-1.74282416050305e-05,-0.000277221532585628,-0.000349771774799232,-0.000280761370343096,0.000308364501362074,-0.000701063977886036,0.000225154147800241,-0.000329061363161214,-0.00016284784030822,-0.000499201862740587,-7.3451037272192e-05,-0.000413111475905488,-0.000367603223662879,0.00016768404702399,-0.000334742331018823,-7.54014291977081e-05,-0.000491590901741437,-0.000387784827899674,-0.000260095959516718,-0.00029880343594706,-2.74457150359561e-06,-0.000273882428915194,-0.000157449354527354,-0.000194563768295523,-0.000182133520454396,-0.00049191928005313,-0.000501174165066822,-0.000273595107986097,-0.000742987140835105,-0.000587886755202754,-0.00128857140401992,-0.000342155284587171,-0.00015433097615286,0.00515141102601596,-0.00247667570227378,-0.00212120787300671,-0.00281246096106356,4.86108596910884e-05,-0.00716548680781993
"532.245",-6.78460664498069e-05,-0.000117319335452157,-0.000186147205754261,0.000121702520052254,7.58970624898687e-05,-0.000112032008682534,-1.52379023416862e-05,-0.000170502300258433,0.000124153900759573,0.000373658713319876,0.000416642727671494,-3.26280202191092e-05,0.000174572052710031,-4.60741845427037e-05,1.64442342490438e-05,0.000392510285222899,-0.0001003099470831,-2.7479567818037e-05,7.84495054674847e-05,-0.000447373756227668,3.13697736706786e-05,-0.00047685940235133,-0.0002970053034618,-0.000193727502225993,2.07463385672993e-05,0.000279471790929398,-6.00988521341356e-05,-0.000520875925267492,3.32001776778322e-05,-0.000176977486749839,-6.79565502380959e-05,-4.51032248690953e-05,5.59673505333291e-05,0.000380242076879916,7.14863767360766e-05,5.65308539817641e-05,0.000104701128458326,4.1110788316651e-06,-0.000255330201774892,-0.000297370302542805,7.98964879038071e-06,0.000574475098734046,-0.000285122071542209,-0.000435711056320143,-0.000195238146715516,0.00109591894567482,0.00185458986400268,-0.00136729360259302,-0.00578257015048592,-0.000107907602715326,-0.00360351679384249,-0.014768652535484,-0.000750961532684266
"536.915",-0.000685411102011839,0.000230929851874385,-0.000449090332782634,-0.000201820745056037,0.000228788904361428,-0.000106521020605521,-0.000175099898314358,6.13164419752495e-06,-8.48433428662348e-05,-0.000113668587170742,9.40566621512647e-05,-0.000408551441513315,5.43367522221195e-05,1.01390841792838e-05,-0.000344741304297323,-0.000413257932647888,2.27766503483317e-05,-0.000569127688354816,-0.000419721087037617,3.63973326413005e-05,0.000207437718086045,0.000393248750457292,-2.71217444898916e-05,-0.00023878566758222,-0.00033010928053763,-0.000367084020759935,0.000201731875716316,-0.000376465664015465,0.000242641629485549,-0.000117900835136659,0.000164072310067885,-7.84444670976686e-06,-1.5715727025772e-05,-0.000440345114494671,0.000121389380152782,-0.0004779779324534,-0.000538977197071857,8.25584918807609e-05,-5.49648172959734e-05,1.1619537789784e-05,-0.00016229223897994,-0.00033002814173333,-0.000807297448121745,-0.000241171513537901,-0.000649928062482913,-0.000277399436218187,0.00421871270883957,-0.00377363139779241,-0.0044715063242492,0.00204605183299272,0.00580005488003139,-0.00502891898973921,-0.00338187890157993
"541.586",-0.00029565965032872,-0.00016676156363146,1.58342611234819e-05,5.32070415211052e-05,0.000167731123187061,3.49875254746699e-05,0.000139438529490888,9.48444087832739e-05,4.57677545768927e-05,-0.000133652169698548,8.44707883467452e-05,-0.000443563945073125,0.000108367974683818,0.000363422635618988,8.15257689875125e-05,-6.30507373581643e-05,0.000239739418946653,0.000211606178352201,2.62262072554377e-05,0.000236623882761865,0.000113151920607335,9.63997136287927e-06,1.84290681441592e-05,-0.000396681412420762,0.00016934408130511,-3.22511701269194e-05,0.000279844713895872,0.000270270251217119,-6.31416540631909e-05,0.000112735246291255,4.19603869206392e-05,0.000425510960100397,5.11548526940878e-05,0.000233024701739622,-0.000165639957907829,-0.000247798743869289,0.000292056290958356,-0.000247428796955186,-7.18931318404784e-05,0.000117662851567125,-0.000247506826824282,0.000306533331769466,-0.000227581766311151,0.000580062787039095,1.99347950532412e-05,0.00109259715263586,0.00430098603393325,-0.00709484931631779,-0.000705537041519182,0.000854229564794493,0.00116578634884892,0.00164646321855946,-0.0114007253280687
"546.26",-0.000289416025343857,-0.000521528584834058,0.00010010483215342,0.000289455457685592,-2.88126359532645e-05,-0.000382659792797201,-5.82943685042878e-05,0.000106597016863223,0.000130208254887203,-0.00012109492604925,-0.000106855538599271,0.000377904073272807,-0.000533479674421113,-1.63819406609461e-05,-0.000108380569994708,-0.000229020882685344,-0.000549620908796279,-0.000117348444994645,-0.000211965998019612,-3.69339166069724e-05,-0.000270408252880059,-0.000152856639211719,-8.0884315228291e-05,0.000687464355464605,0.000134123547220441,3.456756758727e-05,-0.000134675490088359,-0.000285903497380312,4.89778773835811e-05,-0.000309478591126213,-0.000221890942659965,-8.403286963885e-05,0.000319069834766572,-0.00016078563943221,-5.93323100906955e-06,-9.12697983697035e-05,-0.000267973030129593,-0.000523758862454891,0.000124800018376856,0.000341466748634863,0.000129607708006108,1.46300796505995e-05,4.87176276412205e-05,-4.37386123581171e-05,-0.000954493792012685,0.00263299071073238,-0.0030120033326865,-0.00371409379817154,0.00142842275546156,-0.00101157236827401,0.00164980354666456,-0.00683053697874543,-0.0188562083243775
"550.936",6.03706694928246e-05,0.000116163373500505,-6.24915810242467e-05,9.68856303815649e-05,-0.000331586713686028,0.000110412031597327,-5.90370897923451e-07,-0.000133162025424773,0.000197028898914205,-5.21124738743846e-05,0.000114099824551334,-3.34476457330129e-05,0.000170959795091448,0.000117587988406034,0.000107385712076258,-0.000494229984895042,-0.000124969371093931,3.21250048221225e-05,-3.90516621553506e-05,-0.000248205533983139,-0.000308661331397556,-8.54022739812253e-05,4.29260629459129e-05,-7.30198279693714e-05,-0.000143624541752586,-2.62532416473802e-05,-3.49095714554334e-05,0.000281922504604836,6.31653915377797e-05,-0.00021916015200981,0.000578161295863902,5.23620697383249e-05,6.24782669312413e-05,3.00979163011937e-05,-0.000263102961559902,-0.000101223994091909,-0.000821912449342741,-0.000454867507860514,9.05614921909036e-05,0.000241524460589707,-4.19123296702972e-05,6.56816655853713e-06,0.000454722900662523,-0.000442068752735157,-0.00056269753473169,0.00358125608616408,-0.00541196416146177,-0.000445470634757326,-0.00108864610819875,5.07930162413281e-05,0.000377973612428827,-0.00053557431241608,0.00283100095637786
"555.615",0.000383236445662801,0.000382437218766694,2.29764578272111e-05,0.000198157086818947,1.14645464449461e-05,0.000172324157901964,0.000101686279505265,0.000277013613815219,-0.000122492451612098,-0.000143473096170732,0.000256584981278722,-2.64132897264018e-05,8.14015388360265e-05,0.000143015440695033,0.000241076974347571,0.000112804089715736,0.000488473760288361,0.000358554955135485,0.000401623990137977,-6.77472108370443e-05,-0.000423231326489264,0.000156309275971117,-0.000268210308848219,-0.000178644984074329,4.78742694333595e-05,7.20657600100889e-05,0.000535087053336529,-5.83682270259855e-05,0.000103672356891088,0.000162166450794171,0.000195606475094179,0.000330453915428812,0.000133892793244548,-2.36190128961916e-05,-0.000220073790128598,0.000230963324568244,3.47951069198068e-05,0.000382176881692041,0.000186617770670718,-0.000101738333075365,0.000175792253194697,0.00058019015038162,0.000350482317163172,0.000398944575308412,0.00385895151095576,8.96962424634384e-05,-0.00155305413253943,-2.25618501267094e-07,1.24490436954612e-05,0.000202936469593278,-0.00329404975883806,0.0118875668541714,0.00996269364703653
"560.296",0.00014637329411851,0.000243981374262556,0.000218984394641532,0.000612531342745593,0.000507331388454459,0.000148347544896704,0.000289958994304482,0.000127239824800947,-3.02727450358156e-05,0.000266095196860966,0.00016423863018818,0.00060901563059073,0.000687957978249158,0.00028138460913825,0.000140164012568969,0.000199608311780485,0.000516447263724819,0.000964429595304857,1.19045428336207e-05,0.00072096071374934,0.000405345091881173,0.000643736681676615,0.000538517201976727,0.00040037040965252,0.000614828490400682,0.000141258110881829,0.00123987797530166,0.000647844898834631,0.000478179297728139,0.000369581837238668,0.000839468700641019,0.000500054667679963,0.000392703494160842,0.000227922211398286,0.000181450295670584,0.000374293278708755,0.000392739101187262,0.000225444399524006,0.000697827202677436,0.000253827624960161,0.000651675887662775,0.00137429599725673,0.000765433579892347,0.00120653928050136,0.00332918824187339,-0.000568755809759625,0.000727055181945911,0.000742459256235345,0.0029488753647149,0.00295605773493252,-0.000332641237493013,0.00363615649637564,0.0336214218003057
"564.979",0,0.000125197003102817,0.000448845806802557,0.000638307786165611,0.000661231046188227,0.000308951684923172,0.00018291982451854,-7.68187561123179e-06,0.000313198055895896,0.000283212987025113,0.000246039064352166,0.000604969641264514,0.000510887141920398,0.000870158889559097,0.000310180196978184,0.000320408404919459,0.000173843759977516,0.000435945047830218,0.00058210463235926,0.000364392120456474,0.000389526648571095,-0.000240262507242875,2.82283410202875e-05,0.000837731710968031,0.000173058765147031,0.000141784874712311,0.000714180524686632,0.00052650652627613,0.000170625908476528,0.000351386072656517,0.000447842759493402,0.00034117541782104,0.000430998607901809,0.000345626201129929,0.000199866748717901,0.000180502734802469,0.000604943300428527,0.000913492255163749,0.000739284459494565,0.000385592969570364,0.00049050121572803,0.00135397286956716,0.000657519301519712,0.00311694059235026,0.000560939997228671,-0.00127592733642321,0.000910250344688529,0.00153580710304166,0.00512757019282567,0.00133257474770469,0.00175448374476378,0.00333568004774134,-0.0052079648136888
"569.664",-0.000238700929192185,-0.000430852938951534,-0.000588927247860991,0.00011640692538327,4.87117873936528e-05,2.49129623979272e-05,-9.10107946796813e-05,4.08963260782123e-05,-5.56460408882035e-05,9.04099269828668e-05,-0.000292556495487579,-0.000305788269111818,-0.000133280174894297,-0.000526324900616632,3.5724405683709e-05,-0.00049718867149175,-0.000226893297833607,-7.18558627227047e-05,0.000413064835664315,0.000129512009724752,-0.000302408922851891,-0.000350729263655022,6.08838108805439e-05,-0.000202448011676205,0.00037781832270008,7.7880141183205e-06,6.2097054373728e-05,-0.00064446527727518,-0.000386516307091069,-0.000423460463622517,8.56708490449725e-05,8.5922495228979e-05,-0.000514244308828568,-0.000201418551482805,-0.00019099898075655,6.81049824467669e-05,-0.000353249456684443,-9.24897643004555e-06,0.000164655138332932,0.000342960838417315,-0.000654265740070471,-0.000160328756234045,0.000870670327629472,0.0050246334958801,-0.00410890851230597,-0.00185478094399414,0.000427305034085117,-0.000770796266348816,-0.00190014010901714,-0.00134737002579433,-0.00280004436403635,0.0020293239091664,0.00805893585643614
"574.351",0.000337717287545713,9.32612491501628e-05,-0.000189814848244542,-0.000156410470221091,5.21571615245096e-05,-0.000577343907522795,-0.000140355994537509,-0.000280194873895838,5.65439281648031e-05,-7.35996764935243e-06,-0.000273778215207947,-0.000584683106050992,-0.000255678913192395,-0.000216557416022187,-0.00052396342412185,-0.000479200628282271,-0.000320063422821227,-0.00013178292980044,-0.000592772393135114,-0.000378014183323659,0.000151360725378175,-0.000362180086441762,-0.000426823073669376,-0.000662454514407598,0.000121927885001729,-0.000346467977695015,0.00019787052574412,-0.000142457344840049,-0.000301430610834562,-0.000185302427322319,-8.98964689451043e-05,-0.00049808103996078,-6.55733266368547e-05,-0.000196689059667709,-0.000155376711070629,0.000174968946736998,-0.000508046378222861,-5.03537035459652e-05,-0.000290754196033014,-0.000683299764299145,0.000162730373479562,3.58056890026898e-05,0.00472558020285828,0.000940713746178906,-0.00447918371039685,-0.001552570459218,-0.00106253843360754,0.000844135206500977,-0.00209146221446928,-0.00142697485347405,-0.00607264292794608,-0.00474611580002205,-0.011142388373758
"579.04",-5.45141613152785e-06,-0.000177172769868554,0.000687453789036382,0.00118254372961348,0.000627488156131614,0.000112113687054977,0.000282328944079135,-1.83331340669237e-05,0.000359162890195014,0.000270406955373473,7.3219012208884e-05,3.01219879072879e-05,-5.73372556614076e-05,0.000278719608105959,0.000439526436833633,0.000268846327650419,0.000164949603517437,0.00050061465314537,0.000227264494347826,-9.1418878674533e-05,0.000486524104099773,0.000169462862052143,0.000633360653390806,0.000447186604016017,0.00045902922536317,0.000387998296516997,0.000474503304214994,0.000454776641657841,0.000377969520899925,0.000310511848835776,-0.000370546700910294,0.000289478672240408,0.00015288641844095,0.000394820244007496,0.000803176222053056,3.58758833881293e-05,-0.000413110904383813,0.000441605852811581,0.000258544718271919,0.000652570156192742,0.000789017115270878,0.0014687608112661,0.0147178961467114,-0.00109763139366545,0.000221458029634971,-0.000459243479037787,0.00264863454808156,0.00348438155078577,0.000929871673710603,0.00503733101367122,0.00308789539797511,0.00503933810522424,-2.15168680025336e-05
"583.732",-0.000256895203743671,0.000154503412836977,0.000278266819792015,0.000525202682942301,-0.000208863094969928,0.000313081680566717,7.22699002209593e-05,-0.000149016532535119,0.000319806585017073,0.000136708009827396,-7.75104335050224e-05,0.000223159606652263,0.000489808459070463,0.000420887924270941,0.000620918226418782,-4.12454690667418e-05,6.14293461459675e-05,-3.70526038363288e-05,0.000303532301864699,0.000217064651134823,-0.000193111636924337,0.00032984941512001,-6.5418042569434e-05,-2.36448467903444e-05,3.5229091349343e-05,-1.78432586627611e-05,-9.26271597707656e-05,5.64034328390282e-05,1.43192595345404e-05,7.20796247502403e-05,0.000386401085499588,0.000204628409463524,-4.67191773102645e-05,0.000168287895141763,-0.000170116031273973,0.000517500284545514,-0.000131102569147686,-0.000186308683649589,0.000973038991647968,0.000504800894315621,-0.000161610284632921,0.00283235957734533,0.021357327355245,-0.00153530016094923,0.000662284300687213,-0.00148369605567785,0.00325769320553904,-2.7189740535366e-05,0.000629310238088637,0.00127871705647208,-0.00166215963015185,0.00567849811636802,0.0341701865110507
"588.426",0.000200725754453412,-0.000134703023036693,-0.000174755846020146,-0.000601978060860885,-0.000246201214817156,-7.40172034523159e-06,0.000112849045465398,-2.82291660425052e-05,-3.20066106369076e-05,0.000187870403592264,-0.000240995588586246,-0.00017003345055963,1.78875774164345e-05,-0.00066586294071559,-7.53559981727391e-06,-0.000795133555832655,-0.000452992485496183,4.56954121012718e-05,-0.000572798610918517,-9.064539179296e-06,-0.000133730133871188,-0.000269822637690435,-0.000255351354385268,-0.000379417609915236,8.39953001069205e-05,-0.00018300793268555,-2.31917496716534e-05,-0.000166727081000753,-0.000693641668476936,-0.000238487610089172,-0.000662700458629266,-0.000304418482441812,-0.000414880837986255,-0.000542462529981267,-5.89820103699766e-05,-0.000397894026716791,0.000328359403845318,-0.000383615668161644,-7.71664875506041e-05,-0.000500175795217097,0.000255981238169509,0.00765724252831843,0.0139241154300202,-0.00147029545401262,-0.000408339911013848,-0.00143031936736833,-0.000181876507527367,0.00220575508870149,-0.00123052217355428,-0.00445322701966964,-0.00627842414141563,0.00637833390194266,-0.011234298427333
"593.121",0.000539467718699176,5.86670971732114e-05,0.000150291300186879,-0.000205381816222417,0.000250796952252033,9.94133244254358e-05,0.000146804360200773,7.68068773364658e-05,-2.71060136928449e-05,0.000194064414929471,-6.8001871703002e-05,0.00019309212652794,0.000313635826108466,0.00058071704623864,7.5813697907012e-05,-4.56419054892735e-05,0.000232246159346047,0.000247817282377006,0.00026058215259597,-0.000100704397243562,0.000466486377824937,-6.75577266468842e-05,0.000641243733382727,0.000229492594590749,-0.000237943147261963,0.00060716151037378,-2.5612065830393e-05,0.00031074840776109,8.2942024127051e-06,0.000564473853816507,0.000687078592186405,0.000216132992247961,-0.00031345275301412,-4.08620606731705e-05,3.90033409735996e-05,0.000401453378625904,0.000336945142122851,-0.000127887387741547,-0.000318424193203167,0.000272091733031115,0.00130122624822132,0.00905960991939982,0.00463769466648805,-0.000283505603559786,-6.33770002430589e-05,0.000828934504599753,-0.000331060904192351,-0.00123612151998127,6.84843478690053e-05,-0.000290059338869366,0.00232333902069123,0.00135682230008154,0.0108550027643102
"597.819",-0.000171816835222014,-0.000175703745508187,-0.000266972756025474,0.000126599686017791,-0.000163929640115782,0.00017263956322708,-3.5218835953328e-05,-8.56644358775758e-05,0.00023157990511025,0.000246482426426356,0.00032124461939425,0.000346109845978371,0.000412912016360381,0.000106673997729236,0.000189931286027237,-0.000114363458436938,-0.00013247502961907,3.357581289249e-05,-0.000295309954841485,0.000283296327448652,-5.39298260024092e-06,0.000242135957505325,-0.000406365434830764,-3.48594710617339e-05,-0.000101265011667775,0.000101456092084164,0.000166027657949327,0.000130676179307489,0.000480208021141039,-0.000476022917389321,0.000322903676655632,-0.000246274118121339,-2.94947148674271e-05,0.000570881208807172,0.000146106171891262,-1.67014755316357e-05,2.59720950266889e-05,0.000477979907321473,0.000715293296661834,0.000697030721409836,0.00296565114440461,0.00558769561604416,0.000409438150310013,-0.000176292880110309,-0.000201656288454709,0.00024827882588225,0.000516144808855618,0.000175418296441816,0.00142325401499594,0.000682762398533196,0.00260282675329875,-0.00541578313812765,-0.0134381683201535
"602.519",0.000460298202322413,0.00048986440919767,0.000421636696769192,0.0005685753675641,0.000178007192571069,0.000456929537947886,9.1506512155613e-05,0.000200410412289943,0.000120572664138173,0.000225063804180761,0.000442412387507238,0.000296127011099746,0.000161669331879872,-0.000310074256144773,0.000442110576790121,0.000280230365969188,0.000753097361145601,8.33787018381196e-05,0.000528210531508154,0.000537666959758971,0.000801501207595677,0.000853893764443775,0.000406069286191774,0.000230336734813016,0.000230161589268261,9.046955577625e-05,0.000114956460002898,5.60755460797996e-05,0.000304496028693044,-0.000168271451769322,0.000434437393694895,0.000327066035941223,0.000453564746927833,3.41759326593398e-05,0.00045137079238806,9.35784418083735e-05,-4.99358565775093e-05,6.19616167343519e-05,0.000535454658504883,0.00147248105246705,0.00238326905866759,0.00255616971629793,0.000787410863566262,0.000953318508933432,0.00195136211876692,0.000846273716301921,-0.000314290582821945,0.000362198469644181,0.00286925979263926,0.00299584221396405,-0.00423202177396185,0.00368185286672742,0.0051095291167436
"607.221",0.000939736145150403,0.000282267020976345,0.000257139951717617,0.000739645381899298,0.000450665704640035,0.000282000503474164,0.000381728317312897,3.35237182630802e-05,0.000420824154570573,0.000206099387225248,0.000671711602062,0.000703152077366445,0.00011497414594503,0.00107349008116966,0.000564364668362572,0.000542424429592019,0.000929336838549947,0.000231569282586754,0.00030358699667231,0.000545371472464371,0.000231184075744853,0.000605833441292181,0.000813841588216628,0.000356247782034289,0.000181694433863149,0.00028425316331521,0.00039017355341413,0.000688646241255081,0.00077339085856096,0.000188571282981635,0.000185168664112843,5.5325502128442e-05,0.000178615254453632,-1.29302486805829e-05,0.000957718259074452,0.000614284746812206,0.000344250010372519,0.00100520277971549,0.000468284008894388,0.00255007527854922,-0.000897092492449042,0.00139704636137658,0.00121460867527968,0.000857610755646291,0.000824410069020422,0.00209840506342374,0.000945399512738717,0.00245885174310382,0.00383853666968391,0.00193441059305298,0.0092146131998195,0.01247697799577,0.0269545879058146
"611.924",0.000194992501655062,0.00022985507943386,0.000667492703678303,0.000781305662289533,0.000715023579211481,0.00065837301174288,0.000198673395660062,0.000199427430682174,0.000178954398596319,0.000396582324044743,0.000601201000651255,0.000643989713250373,0.000659522934947527,-6.79190479881592e-06,0.000603472080329474,0.0007770896587568,0.000271685468330512,0.000730381172366946,0.000218098184337729,0.000502684317194908,0.000688175927366099,0.000965756674190758,0.00118914852790318,7.01188191432305e-05,0.000168210560453507,0.0012116539019497,0.000461427023706127,0.000778615042368634,0.000673051768479949,0.000618005778097071,0.000432049262532782,0.000326963591527352,0.000494420228495245,-4.91852357068297e-05,0.00049808617646986,0.00099340749361181,0.00058929504764187,0.000674290705275669,0.00158165843365646,0.00130866957145603,-0.000501833136290382,0.0010395134974485,0.000608329455676192,0.000433394178655148,0.00135268510704471,-2.2274245664658e-05,0.00108626640079536,0.00210174864547552,0.00207802365184669,0.00244045807977479,0.00470643515488008,-0.000912289838238925,0.032189170516056
"616.63",0.000456269789442324,0.000590116929562407,0.000118043432439623,0.000859612319362973,0.000351084047129591,0.00033162924602439,-3.65065871793809e-05,0.000599692885674746,0.000332261772505652,-0.00421724815146942,0.000201489090370057,0.00025018040660404,0.000290490752140561,0.000174458089471788,0.000462056958946086,0.000307479693761514,-0.000120936827055303,0.000177130554632648,-9.88970631371448e-05,9.09668325410749e-05,0.000881662835220981,0.000435363048033011,0.000119193257016591,0.000693216795980606,0.000387332663793588,0.000567142096055501,-0.000170444456925712,0.000529606416734333,0.000646170331973801,0.000213415236418265,6.03755837123365e-05,0.000414431009778826,0.000609684465655102,0.000736975743133393,0.000581213163134113,-0.000102263510967969,5.97969957500098e-05,0.000331818060982071,0.00201633939102842,-0.00141639065491861,-0.00115210286977788,0.000309236776418756,-0.000142232877933937,-0.000179238201068037,3.22995168862764e-06,0.00169899734194026,0.000616469802976125,0.00109936683055181,-0.000776156220979083,0.00238110122843666,0.00106321869573291,-0.0052548792164705,0.0215077591144893
"621.338",8.68429426333538e-05,-0.000560848833954076,1.55238653591539e-06,-0.000324526420946121,-0.000132586101101614,-9.37323049267572e-05,-0.00035682273984638,-0.00031378778282201,0.000376857660261884,-1.79474225946062e-05,0.000126510443553613,-0.00020949008718445,4.70805118263332e-07,2.03333141884047e-05,8.83064355647967e-05,-0.000316509310278032,-0.000379228185164192,3.91273111331351e-05,-0.000366700407229467,-2.90242543873721e-05,0.000312870909465369,0.000198625358399914,0.000116841833911131,-0.000453679253999923,1.23629464011718e-05,-0.000365989552446901,-0.000645024686767894,-0.000204595767441445,-0.000205598149423014,-0.000360725177923795,-0.000472308035871223,-0.000548456307557384,-0.000124637385516668,-1.74585402063987e-05,-0.000277472652095799,4.04570081668777e-05,-0.000158566011726892,4.70086344112539e-05,0.000787891538894747,-0.00258901083166038,-0.000434663730698532,9.63295329562952e-05,-0.000381428012519057,0.000598932125747234,-0.000590240092106573,0.000323015470702145,-0.00112596477082897,0.000682925401532595,0.000505265143201435,-0.000487969279327021,-0.00399562926890059,-0.0113879853286235,-0.00419486139892936
"626.047",0.000345818916773735,-0.000282586872538984,-0.000417099730088737,-8.829766327383e-05,-2.54425469395811e-05,-0.000272140652355709,-7.41193826454161e-05,-9.70427901389712e-06,-2.24713539967971e-05,-3.41677633696386e-05,-5.23015386856399e-05,-0.0002568057059893,3.46460017434345e-05,-0.000315312649797404,-0.000657381401958382,0.000269909119467732,0.000376424966325625,-0.000165851208199168,-0.00029515863851657,-0.000459622746195819,0.000172741272905191,-0.000292198055357935,-0.000886802116268811,0.000205903220199402,0.000282865364377391,-0.000112071643241088,-1.18849723664301e-05,-0.000221121688014146,-0.000191881829991082,-0.000216038293140941,0.000231554074353854,-0.000411665482468251,0.000262803147506913,-0.000119049066963189,9.90365162223347e-05,9.23903412764562e-05,-0.000542637449195504,0.00165591258285478,-0.000817185962982428,-0.00068193973443821,-0.0001713350352457,-0.000655151253921717,-0.000218668512248189,-0.000220657829294544,3.61618601744749e-05,-0.00155603680940068,-0.000368187547251011,-0.000750888338083651,0.0016296283746902,-0.000265010630939181,-0.00099079237983477,-0.00112213263713279,0.00686526824425212
"630.758",-0.000742284127872979,-0.000627416171471752,-0.000346640527922573,-0.000375244413766353,-0.000441599136008243,-0.000937597899157144,-0.000691995302695972,-0.000285454467958318,-0.000145583045895811,-0.000223536121161252,-0.000662566825248026,-0.000660496417174252,-0.000316628436053881,-0.00024579129457951,-0.000415667129661833,-5.37244602160218e-05,-0.000812306496411387,-0.000281389467017771,-0.000986304567392337,-0.000654942139487967,-0.000539582840088457,-0.00111009189222974,-0.000380066230451467,-0.000333078516266196,-0.000260042216750993,-0.000418563186615034,-0.000827005551574427,-0.00085439815163023,-0.00075045005401705,-0.000427261547008915,-0.000620653442885556,-0.000527747026528908,-0.00020226719697791,-0.00072095398260275,-0.000236508139956008,-0.000515902996215272,-0.000357822846558852,0.000763363494339114,-0.00253129442491404,-0.000568947043230748,-0.0015006267573875,-0.00077919253602379,-0.00134443627215758,-0.00139576610159929,-0.00192885723614753,-0.00194349184599918,-0.00149198386449703,-0.00208634146299289,-0.00534459561212055,-0.00323214583789691,-0.00858411698916447,-0.00598106468534361,-0.029297728534675
"635.471",0.000225744775778207,0.000120775376623776,-3.26519613975714e-05,7.29544908076809e-05,0.000264148283915606,0.000328894475968299,0.000426505975635731,0.00040169747336078,0.000427064614918308,0.000264467245805723,8.93089374584092e-05,0.000358215361218353,0.000555761008518147,0.000390689780370355,-0.000152657716332356,0.000219245821139035,0.000307213862149493,0.000781900759100507,0.00046210369624887,0.00051059382793763,0.000111894243172867,0.00027023662024912,0.000120923039176873,0.000474518040045292,4.86181601835677e-05,0.000260864459048688,0.000478410669203483,-2.42925515341496e-05,0.000557664908313199,0.000432014480180411,-0.000317180026627798,-0.000381025858779463,0.000217290849446062,0.000697250739925551,-5.11242372431696e-05,-0.000800741057962301,0.00160901855679242,0.000654959518422336,-0.00104754422897589,0.00130945168187993,0.00034352636046636,0.000486678628018658,0.000348175021729171,-0.000449722949511296,0.000267663198958507,0.0026007799938081,0.000516414600123654,-0.000150265935309382,0.00235129102899546,0.00368093179333926,0.00422266129739279,-0.00223898393497218,-0.00592725283520806
"640.186",-7.20621080978474e-05,8.82072452459299e-05,-0.000229281942491353,-9.05960889119405e-05,0.000382608611554164,0.000557368791481098,4.08783073645831e-05,7.28612778804302e-05,0.00024002745759117,6.69361687440403e-05,0.000545873435072073,0.000365899025014092,0.000405567272692234,-1.06134713197495e-06,-0.000123389878646803,0.000139685014006238,-0.00020639502272001,0.000207204905066516,0.000129026125551244,-0.000491658345995162,0.0003023664108328,-0.000201337252012495,0.000325270573473133,0.000324270170550264,6.86918383877726e-05,0.000273501682625604,0.000275251510843523,9.3157071325009e-05,-6.21922122505981e-05,-0.0001502020435918,8.2391799587846e-05,0.00030537153920787,-8.62531555688746e-05,8.19557432682763e-05,-0.000364812588783815,0.000200599880660728,0.000197973233358781,-0.00198103509417085,-7.48570025675031e-05,2.82078907218613e-05,-0.000426845401102004,-0.000171554469557791,-9.8803077664418e-05,0.00123816670340959,0.000972457858352158,-0.000256150542510058,-0.000196090568689479,-0.000565649447361345,0.0012905141599885,0.00235067425349662,-0.0046414630558003,-0.00980695017880756,0.00318718629219309
"644.903",-0.000511174889233647,-0.000311811002225819,-0.000656197301315331,-0.000476302656487272,-0.000314876291016774,0.00038114378615326,-5.41839172347475e-05,0.000147799825415617,-0.000309625056678985,-0.000180113183558618,-0.000170786167178636,-0.000366148334592878,-0.000345971453557076,7.3799288532836e-05,-0.000318019673193738,6.03060235030328e-05,0.000261580357787941,4.8573140333429e-05,0.000370412646348621,-0.000198672451769005,0.000268926495083936,2.7477679189026e-05,-0.000237464173903366,-0.000279928329192047,-0.000215254355855712,0.000156402618655292,-0.00019819138232448,-0.000136161374989126,-0.0002033571184988,9.68347696954279e-05,-6.50665834508631e-05,5.01238749786337e-05,-1.58653404350943e-06,-9.10990891805224e-05,-0.000296598751180888,0.000456126081780648,0.000142593683141311,-0.0016801383426956,-0.000403515109019637,-0.000601509635974052,0.000663440736801702,-0.000899328827642374,-0.000399337965253372,0.000187114734513719,-0.00119582060501394,0.000348752345351052,0.000516724774389519,-0.000216441512398271,-0.0018645448596468,0.00121012450046746,-0.00398649415755944,-0.00227123369249864,0.00991344482364653
"649.621",1.23174600273903e-05,-4.68264377873607e-05,5.0954140403093e-05,0.000594206322326135,-1.86552656775802e-05,-0.00017983989570598,4.80906163791224e-05,0.000123265877256063,-0.000354188329537369,-0.000349214123678904,-4.83260290140449e-05,-0.000322531178831538,0.000117370849615256,-0.000281263514124418,0.000345105584653436,1.71988663182496e-05,-0.000275831487682792,-0.000270192869474604,-9.00612651297536e-05,0.000342834041851275,-8.81079932141036e-05,-0.000314075738451604,-9.9064136569298e-05,5.15846119370763e-05,0.000160009632314116,0.000581260228012735,-0.000182240781562167,0.000265162935260889,5.45136677531332e-05,0.000333269071074888,0.000398828636506571,-0.000126092474405403,0.000147307394043412,1.40645606435328e-05,-0.000149975530426324,0.00146553413975917,-0.00171271489228733,-0.000132597401089052,-0.000476375833137025,8.26627062012824e-06,0.000442145943122983,0.00117839566892911,-0.000146790449535255,-0.0002316366995006,0.000840228063728819,6.87024158300007e-05,-0.000725177703510208,-0.00279822887721077,-0.00082009670082291,-0.000208644605616914,0.00454442225037623,-0.000791630990200145,0.0142482856369594
"654.341",-0.000848166616648053,-0.000244216625959803,-0.000197945288209901,-0.000624712636379425,-0.00024304773946089,-3.77125204334238e-05,9.20695268507197e-05,1.08243245130574e-05,5.30038875927231e-06,-0.000363608866207627,2.82445801942366e-05,-0.000338631175804316,-0.000366597872446061,-0.000325514122735641,-0.000197177867698848,0.000191268019367133,-0.000459967676103431,-0.000236006011482636,-0.000316827416658859,-6.05198509210081e-05,-6.17258846761551e-05,9.78776128683649e-06,-0.000134223086942415,0.000135207960461286,-0.000295975579493753,-0.00041981542181255,-1.15689380653355e-06,5.38451401076384e-05,-0.000669454571074704,-0.000263224609046429,-0.000247680422769078,-0.000519059446301665,-2.18100295650339e-06,-0.000328620837815775,0.000481561301558065,4.30579879751938e-05,-0.00169266193250714,-0.000183044816718603,-0.00072533054598985,-0.000270323284718528,-0.000334422110290945,-0.000273071824874804,-0.00107371171769381,-0.000226284085647639,-0.000212940403294205,0.000960088600535981,0.00135279830665723,-0.00211108919696281,0.000130221054621469,0.000190046809810124,-0.00420597754604464,-0.00291549207345279,-0.0293074281869375
"659.063",-0.000224341335726892,-0.000470949598602444,0.000145444311680133,-0.000460050056381505,-4.66062511598054e-05,-0.00053902225024735,0.000327935599657674,-0.000160049625935194,0.000240090351385269,-0.0001385941519714,0.00073095517759943,-0.000190756495668844,-0.000180867655420556,0.000327137599561872,-2.00075719797593e-05,0.000101241176770599,-0.00048970584032925,-0.000743888220608194,5.33186151852279e-05,-0.00032548432988364,-0.00085104845434516,-0.000226130152920203,-0.000179077328049387,-0.000192794723105768,0.000427302038178448,0.00010877133709162,-0.00027561384062906,-0.00038900506971604,8.58987248506593e-05,-0.000131513175630508,0.00012072325778607,-0.000126004181746518,-0.000119458802949687,0.000204250226503189,0.000699452566471696,-0.00229648665055003,-7.78538792232367e-05,0.000301082256614196,-0.000235238397411861,0.000218478631274045,-0.000311258848060194,-0.000332623696012779,-0.000429511389294013,-0.000315476442830811,-0.000258063120362861,0.00030936108381071,-0.00252507060594795,0.000259437730324752,-0.000434099901097686,0.00247824171571458,-0.000746115429576118,-1.26260271518072e-05,-0.0164233931067087
"663.787",9.16460035955811e-06,0.000490009294256374,0.000244624303816754,6.38728779004352e-05,0.000130006846302416,-0.000153930541939555,0.000149650955595184,0.000333409677466302,-7.60759593321817e-05,0.0003412496523876,0.000144227021619818,0.000228572346135347,-0.000273406491329372,-0.000471825450824899,0.000168777000855126,0.000281476598634166,0.000266009342756408,5.06637735734048e-05,-0.000151413004493436,6.1894786198184e-05,-7.58173822178011e-05,0.000971852636459542,-0.000272029707215583,0.000380401162695222,1.8097967759436e-05,3.86629437549826e-05,-0.000358035766247514,0.000193258021094117,-0.000102657629011907,0.0004793281952349,-0.000157901595263537,-9.04080742680885e-05,2.28287130702152e-05,0.000212579869383569,0.000555546654403202,-0.000994032556023863,-0.00027305627451013,0.000161170557488325,0.000473025060360975,0.000182564029942992,0.000202001854709009,-0.00104988357604142,0.000602088931055319,-0.000396213457200213,0.00134166720279328,0.000401118310967097,-0.000292868142720204,0.00179994298812016,0.000931491128136584,0.00277001515035731,-0.00343981175698082,0.00226069998028637,-0.0113788991965464
"668.512",-0.000110442609716242,-0.000352801818076059,-0.000433386282543046,-0.000240863534702141,-0.000415578995948911,-7.76383118083577e-06,-0.000154343379442791,3.77530485064283e-05,0.000218320479797068,-0.000417490799033788,1.68014774799882e-05,-0.000212367476868475,-0.00058883829774103,-0.000248685353928854,0.000122004261107975,-0.000408949125185567,-0.000161723423748854,-0.000118123649197658,0.000112938485111298,-0.000124741131761354,-0.000242932654138048,-2.72399645637377e-05,-0.000237737984966634,-0.000168228961258912,0.000164650612621597,0.000223632896018293,0.000114947105884822,-0.000688382912382633,0.000124645300640075,-0.000417503708241306,-0.000108007587029706,8.46152969049199e-05,0.000248546010820149,0.000484063482770858,-0.00146504144640352,-0.000340592111055348,-0.000352969108040787,0.000475141370847813,0.000105426486700788,-0.000122650804555076,-0.000217684751457301,-0.000114590249298423,-0.000682839154662585,0.000156330441399764,-0.000692740597277732,-0.00125439566919738,-0.00271662868249816,0.00128321969496683,0.000622994850924588,0.0011472040616606,-0.00389561678190921,-0.00582894500062128,0.0358677738692905
"673.238",-0.000244691383384473,-0.000807567534468145,-0.000247989224180764,-0.000841882286058851,-0.00125032766290433,-0.000771304749959248,-0.000558289535643421,-0.00016252841952183,-0.000594714713799888,-0.000617760476699223,-0.000580261938317112,-0.00109688859111846,-0.00060885564243601,-0.000553679159927471,-0.000370340134324617,-0.000531194549804942,-0.00102470106892233,-0.00124853564315043,-0.00065426818815599,-0.000368929656295137,-0.000327036474680496,-0.00120070276132985,-0.000600423507988431,-0.000590933647214012,-0.000288391420153521,-0.00011942652209748,-0.000820763246258404,-0.000446030554286416,-0.000719671249747264,-0.000545450668242073,-0.000412831637767698,-0.000739449213925455,-0.000533366072076749,7.05124676267654e-05,-0.00213814802812703,-0.000792465034475044,-0.000868376976930742,-0.000306637384647767,-0.000417044902873936,-0.000704738972069875,-0.0011709547756589,-0.000492489631355377,-0.000695956289872893,-0.00132835345759848,-0.00149452387119147,-0.00160718029210314,-0.00364360138114681,-0.00332837681976253,-0.00169191434725326,-0.00530687864074916,0.000767467680407764,0.00406234513347272,-0.0467421402076817
"677.967",0.000825497660016691,0.000625677304599658,0.000749688334458388,0.00101833514696016,0.000912830699552292,0.0010035856974036,0.000614554230176417,0.000369867762141262,0.000753921629051581,0.000668468321411315,0.000502450767657599,-6.91330883650339e-05,0.000471453289437736,0.00044977604739106,0.00100966968812554,0.000555181607640519,0.000323169002958017,0.000458624439570657,0.000865675980145916,0.000232753781115841,0.000477959104879348,0.000359112241119463,0.000661231338076355,0.000506460280295275,0.000695955832639441,0.000274955467543616,0.000422885132500572,0.000923913851285473,0.000634733948166568,0.000866045252297823,0.000400581671517806,0.00134974460584847,0.0013942235358998,-0.000763516770378746,0.000471605301988693,0.000444328644303252,0.000659555310490448,0.000893106764804154,0.00135235102274031,0.000570726485120996,0.000317817366026294,0.000624537532750797,0.00154406289535125,0.00100498140353689,0.0024116924210222,0.00278502178402792,0.000793003632234206,0.00224216446570638,0.0029559108784706,0.00460092723485788,0.00230124280234826,0.0112775838904387,0.031188824814343
"682.696",-0.000458409980732151,-4.88561714693949e-05,0.000745354829196504,-0.000314156268466612,-0.00056117142684685,0.000226000086187535,0.000172446237258208,-0.000217409695362422,0.000297352558792533,-9.05098364406166e-05,0.000127484395454671,0.000120657947912515,7.8927686869324e-05,0.000120280642727432,4.28658246312311e-05,-0.00013747802257254,0.000607695892446196,0.000205504867621148,0.000394339796066231,-0.000424324207976574,-0.000554685808145448,0.000189097059297754,-0.000531504142420201,0.000110787765659416,0.000128871011430672,0.000507979365150396,0.000196204179515067,-0.000135632389077398,0.000245971505804728,-6.98626259521634e-05,-0.000289149312849226,0.000247316195596425,0.000463985773942563,-0.000596516763555719,0.00093201998589279,-1.66854810633266e-05,0.000540781261899979,-9.7829880671954e-06,-2.31677946611783e-05,0.00145122130480183,-0.000868612277425133,0.000124197702563107,0.000301799365891413,0.000165591833371397,0.00180113040600947,9.19100175357773e-05,-0.00124365779079413,0.00168176852769737,-0.00179697575511016,-0.000763137233573129,-0.00177410147079694,0.00558609027423213,0.00580399194690951
"687.428",-0.00106822358639835,-0.00120566636988351,-0.00093968843538199,-0.000561763996400432,-0.00036910709697634,-0.000225332026829066,-0.000307025807744427,-0.000389059545657686,-0.00019522182342285,-0.000280274952265146,-0.000520310368945941,-0.00034737132945847,-0.000165911901515801,-0.000202180933732489,-0.000985973603518766,-0.00022325695386616,-0.000464450005934418,-0.000456354547727244,-0.000439597898986608,-0.000111490099226845,-0.000285133299618519,-0.000304180032743296,-0.000816277165744103,-0.000675098523299192,-0.00090037865687181,-0.000823628413906954,-0.000455759387968037,-0.000150964458473037,-0.00014732452774025,-0.000440641300776586,-0.000680700694539734,0.000274778179721102,-0.00161286960375365,-0.000712893999739853,-0.000731401304212455,-0.000360079918368191,-0.000664762457724841,1.54132997477278e-05,-0.000629144030640975,-0.00100312407765137,-0.00136463040988973,-3.19469401636612e-06,-0.000335332690886574,2.00957074843572e-05,-0.00202930185027077,-0.0013565862074536,-0.00206531348073246,-0.00326227087449549,-0.00190397915224202,-0.00489152998267662,-0.00580029851664162,-0.00668605813853106,-0.0368938918611002
"692.16",-6.82090381228014e-05,-0.00010628275379046,0.000753499534753129,-0.000416266124115194,0.0002367896400135,0.000106883420783185,-4.16199757100292e-05,0.000314879536695791,0.000188091336189365,-0.000144848782528643,0.000362878480851553,0.000232179109107057,0.000418854360732042,0.000420054076399878,0.00645025681256983,0.000214683293076367,-4.34017934128994e-05,0.000850061276826714,0.000801963682684472,0.000909685208837916,0.000399928781804839,0.000553271497276523,0.000196129752367652,0.000181978546164622,0.000517453653296095,0.000229429825055854,-1.54615401807863e-06,0.000337307389641939,0.000254104807754765,-9.53638244566421e-06,0.000800384795180854,0.000164498175241969,-0.000876840591992237,0.000302737469921437,0.000166663424429559,0.000558920147899065,0.000495211226506674,0.000672239048266574,0.000752433360918039,0.000180306252694175,-0.000260596041926171,0.000564884052675269,0.00103038074684094,0.00014006650923025,0.00019291545446047,-6.20360769294752e-05,0.000363393438015761,0.000728820179114364,-0.000828770245606436,7.40989969218826e-05,0.00133300438459412,-0.00316268968657216,-0.00869815794615661
"696.895",0.000123893237401744,0.000166594005332723,0.000227150226167939,0.000648258198487937,-1.89140516580545e-05,0.000130332284687676,-0.000332389936339274,0.000276442560813612,0.000237326603529787,0.000519418015893293,8.47660793343547e-05,0.000180504616981029,0.00011397526063322,1.78512524559143e-06,-2.92191998785327e-05,0.00031606535602525,0.00040904804684417,-0.000309469045516331,0.000495877557995839,-0.000202522990080722,0.000366589026336072,-6.85597378795404e-05,0.00036695368751668,0.000266057320796889,0.000251799062647198,7.40488295173882e-05,-8.41922631885123e-05,-0.000310789605294517,-5.23310428548474e-05,0.000296425225421741,0.000847706117703427,0.000369922124626627,0.000266364112772416,-0.000335692103203891,0.00102131628516331,-4.45028935558672e-06,7.57796480382434e-05,0.000302036711532579,5.83542237417426e-05,-1.67060362493781e-05,0.000198152582477102,-0.000525187314591648,0.000866888429623108,-0.000686975634614802,0.000556184971298519,0.000326660485841406,0.00180085659455928,0.000321603799641906,-0.00394764516386533,0.000215258513720213,0.00609394637787225,-2.69554822681477e-05,-0.0116557675281974
"701.63",-0.000226328680630718,-0.00127130900195012,-0.000589758652875453,-0.000566389247790049,-0.000420767941343146,-0.000228985999332175,0.000125591840971876,2.28085534879215e-05,9.01442308666931e-05,-0.000242363607946392,-0.000149468208304277,-0.000185752217193479,-0.000764743141343026,-0.000334942028556958,-0.000833750914303414,-0.00052268929594275,-0.000339257820250872,-0.000601839965325604,4.60773014926932e-05,-0.000213175392502152,-0.000889850929884803,-0.000937539186287853,-0.000133300944913305,-0.000318351361927938,-0.000509676170410146,-0.000357185616105792,-0.00037101345501826,-3.44583855276698e-05,7.00198433101078e-05,0.000135021961495645,0.000278987661489753,-0.00139900833514969,-0.000350139952929556,-0.000680485086520501,-0.000348281534191276,-0.000304887059567165,-0.000453917504314463,-0.000657965832167096,-0.000425624400394053,-0.000327320613566135,-0.000664624494237018,-0.000719928548769661,-0.000333124388313127,-0.00042803333040257,-0.000785234777140416,-0.00224171417051449,-0.00165865032792301,-0.00231520250891905,-7.04748787914683e-05,5.74518542741484e-05,-0.00024094345875884,-0.00188365162331403,-0.00784493474527018
"706.367",-0.000748715375621936,-0.000238140741129044,-3.29410793984961e-05,-0.000271201053052644,-0.000296571445278894,-2.67373880418551e-05,-0.000431906575638955,-0.000539180844612474,-0.000395273392716081,7.03522418787219e-05,-0.000312501830790777,-0.00061691946131884,-0.000452653219817531,-0.000271050059169183,-0.000162863411529466,1.63809505354521e-06,-0.000739594781510043,-0.000189690686748754,-0.000552945966969573,-0.000664652793629394,-0.000985850545458669,-0.000374473549761702,-0.000675090260612376,-0.000173549070081097,-0.000120479831096702,-5.36179799575192e-05,-0.00010043115940567,-0.000268865483492738,-0.000508590346728898,0.000161006985984571,-0.000486469600794598,-0.000359023848473104,-0.000907849789804531,-0.000191868785294412,-0.000652357815308356,-1.28150885287119e-05,-0.00141711973778622,-0.000312722341699252,-0.000531421502401201,-0.000331436328983326,-0.00121186494934817,-0.000642132126301011,-0.000883905158296915,-0.00175980163429933,-0.00152544892533731,-0.00212652968509629,-0.00129653934526745,-0.000169126467833831,-0.00493020462896332,-0.00388123634533945,-0.00323363904760932,-0.00389769410221741,-0.0239967898230994
"711.106",-0.000109017898170342,-0.000990378370658768,-3.51384461941099e-05,-0.000267237700237592,-0.000179492101534472,-4.73317397339092e-05,6.73820966891966e-06,-0.000224208484808186,-0.000116054874115954,-0.000181664872253546,-0.000282400002371624,-0.000201395331134087,-0.000467444783717461,-0.000212534082944889,-0.000207245312401039,-0.000184124540068823,-0.000370522219234647,-0.000100091296502469,0.000136115734022285,-2.86422302472512e-05,-0.000652476646086715,6.1151282610046e-05,-0.000136322297001507,0.000457957638268571,-1.15435424471002e-06,1.01042334666065e-05,0.000160912648863428,-0.000205043960130094,-7.28800195420377e-06,0.000775850992261636,-0.000317475430283843,-0.000311890296487329,5.63800390235206e-05,-0.000471401888455496,0.000277321991365513,-3.45896971817797e-05,-0.000217037976092095,-6.17665662470583e-05,-0.00122587725655206,0.000659542525105193,7.33407438575744e-06,-0.000324145014169938,-0.00101156345444389,-0.000197605253318887,-0.000474529328778649,-0.000819633535966015,-0.00082157331054936,-0.000681111854296414,-0.00289875100898574,-0.00341013044988258,-0.00920579897045657,0.00350028913034308,-0.0299093938382557
"715.845",-0.000470852333022427,0.000102215462286006,0.000607044597668359,-3.97190580446646e-05,0.000290606883725033,-0.000565574203267396,0.000194087045501065,-0.000167171007780655,-0.000241423574162186,-0.000115258746444013,-0.000135375650748405,0.00010507561373113,-8.0100158480214e-05,-0.000210252998843975,-0.000617663412406382,0.000121344461718285,0.000248712766959454,-0.000184998264095727,0.000163054486019744,-0.000575891556760108,-2.61541802749985e-06,-0.000436995243743689,-0.000179142922533456,4.65515278304986e-07,-1.53365821590685e-05,-0.00054003122363444,-0.000557851726009228,-3.94155423468145e-05,0.00024619741493501,-0.00137035319361058,-0.000426262110355264,-0.000299405550763399,5.75329508648394e-05,-0.00021234144488614,-0.00032049734851964,0.000504286859672902,0.000222059711404524,-9.05578805801902e-05,-7.86604109348388e-05,-5.74100424178002e-06,0.000363452222305216,-0.000507320470658776,-0.000128207813880316,-0.000679392260994541,-0.000177938800706745,-0.00143064078228298,0.000910422698620085,-0.000933535943722644,0.00232881857891062,0.00185759960567355,-0.00284009427098229,0.00135908326939594,-0.0144204059880017
"720.586",0.000484222678873861,0.000192695593359233,8.39424475336972e-05,-6.04697166654307e-05,-0.000449103930765248,-3.21566498083268e-05,0.000270263482586054,-0.000118369610788735,6.07359500726416e-05,0.000159269927298734,-0.00039348481282263,-0.000201760116906092,0.000283412131763277,-4.52723558741124e-05,0.000448465208021264,0.000576474252817603,0.000184490440519392,-2.08504672729432e-06,0.000237235402705286,0.000165607824347712,0.000246336058384536,0.000209411306394963,0.000500854753465346,-0.000301251481362691,0.000155255606655316,0.000157845987977755,0.000208895326580999,0.000299161805932525,-0.000578892328706587,-0.000321655748131526,0.000540321711016469,0.000100734493650546,0.000145060122543527,0.000207011513578749,-6.22927095266829e-05,-0.000236898225997507,0.000814418136639657,0.000323170060108686,0.000817138990337794,-0.000126375057731627,-0.000162562530737322,-0.000399992904462691,0.000462572560823397,0.000530709145917615,0.000879704696241927,0.00089708968750612,7.48546720896843e-05,0.00117141221786045,0.00101856607451642,0.000363847914284758,0.00341550958923262,0.0051162417926303,0.0624870945965443
"725.329",9.69400694180975e-05,-0.000223860003750519,-0.000645288418298135,0.000519084325345596,0.000259774503720922,0.000213586977706723,-0.000263332153382072,-0.000198226431064982,-0.000328382613134789,0.000298971579800117,0.000269300876285238,0.0004246018305028,-0.000113260012468733,0.000477499952190892,7.44650896196674e-05,0.000344279285969319,0.000395763172412024,0.000461936939587079,0.000372635583237764,0.000632397097608219,0.000158339007823419,-0.000255399550859149,6.03621803578254e-05,-7.31462624343638e-05,-0.000280197081780836,-0.000464304360319151,0.000186612403960992,0.0012066895955661,0.000152062726789776,-1.31667854164491e-05,-9.01856465588116e-05,-0.000198330254237397,-0.000343085332150185,-8.76377798041725e-05,-8.63928112220532e-05,0.000129911912137106,0.000766845568569225,-0.000131366671165778,0.000846935780670409,9.90038169581136e-05,0.000397201318777221,0.000539542594351169,-0.000214159883043409,0.000332050012223811,-0.000136848808816984,0.000583290660659805,0.00191112666550425,0.000738626883539448,0.00141759313639463,0.00408764761320067,0.00333630186032168,0.0085809894049313,0.0055495967796368
"730.072",0.000447532403212593,0.000512997826964301,0.00114776308563369,0.000676354433246015,0.000307857853585695,0.000261669171208434,0.000305772837405574,3.01283408071219e-05,7.518362716667e-05,5.67772094508673e-05,0.000268669894455663,0.000182687296616464,0.000177014681115907,0.000766187623117466,0.00106705735687571,0.000527393515488355,0.000477636321867284,0.000938457336320309,0.00059196662391639,0.000635862886693932,0.00120099126865225,0.000138633667964037,0.000477668508011396,-1.41682828915693e-05,0.000356685761925059,-0.000255219560885552,0.000334793989604031,0.00108683019816783,0.000348252967743238,0.000549972105386847,0.000500596430442334,0.000858185069317532,0.00058872186638262,0.00102208119250639,0.000229596567442535,0.000531345882889422,0.000217933088876409,0.00102060270224704,0.00150970435598512,0.000589990644982006,0.000644843526033117,0.00090324415208592,0.00112289387761812,0.000525029993192582,0.000769996011626537,0.000248627760640747,0.00138134137836871,0.00180375534221729,0.00221061664601205,-0.000400750752181646,-0.00421497489483823,0.0138167407982587,0.0320335293119235
"734.817",0.00115998837553406,0.00057774877698298,0.000161479660116651,0.000704918078397443,0.000921820028995985,0.000563328567928202,0.00042308866177861,0.000214255240017661,0.000380260793451571,2.52358697658257e-05,0.000946985400881673,0.000580810862003308,0.000661100012891958,0.001419106576509,0.00018318358635648,0.000255372107872725,0.000539070937351142,0.000317639862195832,-0.000235592821113544,0.00114651185422104,0.00117763071591723,0.000226240339212089,-0.000470700911769662,0.000860300606711738,0.000230161365412759,-0.000346973890123977,0.000107099952365682,0.00171780745924054,0.000165550589879493,0.000856252392729395,0.000727314929349324,0.000106563673687235,0.000347549580507891,0.000207016451041077,0.00065928432967592,0.00038231816657711,0.000398554699040997,0.000690933551381595,0.00015710793195232,0.00094468414776884,0.000827215521008909,0.0018636408411579,5.55679339051376e-05,0.000219696534401788,0.000561393367146389,0.00295539767269225,0.000718392347609321,0.00288324677371452,0.00336762055460343,0.00368554952446259,0.00363517075683531,0.0164020873049489,0.0252796083012863
"739.563",0.000147842320484852,-0.00106089331546346,-0.000810985568092857,-0.000353687624227225,-0.000647393769947455,-0.000255021610119532,-0.000455490783062546,-0.00021436046758302,-0.000421089732988104,-0.000331342090059678,-0.000322546797079587,0.000352179653702002,-0.000481203049696338,-0.000601699939417547,-0.000160935725640839,-0.000598934063605826,-0.00033797393971259,4.77976703219612e-05,-0.000807782145534084,-0.000189638532586987,0.000116855533845769,-0.000426190850704112,-0.000716680099670583,0.000298963113038722,-0.000931315026602454,-0.000726779293692371,-0.000735993290084024,-0.000148283036448019,-0.000222365505627313,-0.00055209785580286,-0.000197423348869089,0.00054259027632305,-0.000472784644035124,-0.000475312211517095,-0.00018357166211409,-0.000257026001442311,-0.00045304036804977,-6.61243906998859e-05,0.00016228074002394,-0.00104327438970792,-0.000807065573475132,-0.000391185352584129,-0.00151044878811131,-0.00147548099938114,-0.000995987312527678,-0.000686941766482306,-0.00242235290689004,-0.00149897568755301,-0.00264344962452063,-0.00232265369636897,-0.00305577118819567,-0.00187528607190458,-0.0469846966415518
"744.31",0.000485676257055633,-0.000616489270829436,9.14307541496399e-05,-4.47414074353267e-05,-2.77379943036381e-05,-4.60851379949566e-05,-0.000300289894349333,-5.91368729632933e-06,-0.00032558159175819,1.76740839361851e-05,-0.000214370301978076,-0.00026345190983241,0.000371986118882072,-0.000399220469097175,0.000475425286939527,-0.000553841402371791,0.000136568726136617,0.000108407121620396,-7.67819182028755e-05,-5.81672827754125e-05,0.000579676483847707,-0.000221152190873037,0.000234495069734252,0.000425205316277271,-0.000281085656635462,0.000122575879691795,0.000309173114091916,0.000215859064272496,-0.000116486715230187,-0.000223565313531725,0.000278836049369703,0.000221040202334635,0.000104674911645671,-9.66839006025842e-05,-0.000550507974773869,-0.000271806236027502,-0.000408303071657384,0.000848526060814115,0.000923322372699263,0.000270236507469051,-0.000330450504428992,-0.000666026494628262,0.000457552010803865,-0.000539394465524394,-0.000870679795991758,0.00126863316535508,-0.000140502875016075,-0.00200422087717721,-0.00397957972711035,0.000547572368823032,0.00087599574726049,0.00441643410652144,-0.00510288868548695
"749.058",-0.00040832724853793,-0.000690274910346857,0.000185633527247445,-8.38846331589489e-05,-0.000202779428420251,-0.000360163495832277,-0.000191330838649869,-0.000371259177099065,-0.000548862373977054,0.000455595383950793,-0.000301811350041108,-1.15486305416935e-06,0.000888014113668448,-0.000105050844802898,0.000423566187849407,0.000414924102943762,0.000829243712094586,0.000776771295886947,0.00151956159477667,0.000812482834472753,0.000785537239642335,0.00162014144303132,0.00104717737526189,0.000729759602929493,0.00102632696278879,0.00200194349387037,0.000484972023012483,0.000734644708380629,0.00123790659304521,0.000839010524048196,0.000976335674156373,0.00102956233260898,0.0011412141015357,0.000846901944115719,0.00104082791693145,0.000673520360219026,0.00123583826629651,0.000973276012837657,0.000807342969999433,0.000461521822691039,0.00157027429457652,0.00161416362464323,0.00130078022618662,0.00221314714409549,0.000780923554830487,0.00333103502098848,0.00246579021504063,0.00262135028126683,0.00270954312828371,0.00305978265913371,0.0104952988116023,0.0263549562750167,0.0573294700096399
"753.808",0.000208595135886178,5.65034231992232e-05,0.0010670670868897,0.00045113694330859,-1.23506740395311e-05,-9.15826049418073e-06,0.000276184336343715,0.000140206945453524,0.000193071048398671,0.000458153753599488,0.000180073879328083,-0.000206742903582383,-1.32651388161984e-05,0.000456729270861394,6.39231020620239e-05,0.000254319926050874,0.000200022792252543,-0.000251081939571308,3.95302069692423e-05,-4.60471242830838e-05,0.000625157287480818,0.000495006063180376,0.000956058611704052,0.00026186294268495,0.000529236652969382,-0.000647171235280491,4.98012077083708e-05,0.00050592937716174,0.000559023358047233,0.00081226698314725,0.000557204640605588,0.0002642679135716,0.000610152046987403,0.000287098305080391,-0.000330596649937251,0.000636402920160757,0.000445750454750166,0.000399690289302185,0.0011393110092575,0.000673223500209033,0.000321393338609325,0.000732215667974547,-0.000431291813402632,0.0006975929594802,-0.00156616443970335,0.00097360874370675,-0.0014828606521065,0.0012892985998505,0.00209476083154335,0.00306884773574227,-0.000911234603223742,5.02297742653174e-05,0.0268902034482658
"758.558",-0.000261952466084505,-0.000834348473154916,-0.000741787740392235,-0.000813192044335448,-0.000558890595946745,-0.00100102280077479,-0.000538108014865829,-0.000426114039321823,-0.00084602798461453,-0.000335303603630692,-0.00073321617035434,-0.000569945719246984,-0.000985820444417762,-0.00108147426027378,-0.000865598885749507,-0.00101482543442955,-0.000725428108883094,-0.00048042044010532,-0.000503990744677505,-0.00083792905591558,0.000154133993758753,-0.000439479975790977,-0.000888249647238583,-0.000910894509405476,-0.000867554065761165,-0.00152626155975466,-0.00148219514478785,0.000112399481899267,-0.000314893165223283,-4.96370609408571e-05,-0.000770373642726355,-0.000842179738251682,-0.00108943439808746,-5.14217050589225e-05,-0.000845966010523649,-0.000556396825321641,-0.00138103593154331,0.000195709784078685,-0.000888612795960845,-7.16210538794557e-05,-0.00149558903814323,-0.00143500414644995,-0.00138236892446801,-0.000886990610060221,-0.00153819468985928,-0.00433626413901497,-0.00262594838271196,-0.00177710405522128,-0.0069495842177413,-0.00528622727160647,-0.00638424147351793,-0.0177949115764053,-0.0176395121975436
"763.31",-0.000222436590318553,-0.000753123527239252,-0.00104633016834013,-0.000208601357821378,-0.000439102544455068,-0.000197972620355511,-0.000204178516559664,2.1705546313308e-05,8.2083886307155e-05,-7.29661007951594e-05,-0.000580401639651763,4.72331347722059e-05,-0.00094911293622465,3.34385627944975e-05,-0.000175953781200945,0.000287003747522492,-0.000295885811815858,-0.000555660955684979,0,-0.000376501373457192,-0.000878557058115226,-0.00104846124560796,-0.0011271383590017,-0.000460842046378191,-0.000237338199161833,-0.000555429063202284,-0.000682485440184708,-0.000589458879290808,-0.000225263026383571,-0.000241676353592208,-0.000893960576784413,-0.000511954521722087,-0.000613249993338734,-0.000159947636231524,-0.000697617508809237,-1.95758904087977e-05,3.62100925682085e-05,0.000191453739364193,-0.000800480473370103,-0.000340608617111728,-0.000300231630361661,-0.00107852849319799,-0.000572338712036048,-0.000958601772829862,0.000120135358019476,-0.000521039432361961,-0.000794001396204944,0.00140368976166187,0.00212404497154691,-0.00473904659556155,-0.00571147626436021,0.00099919778889081,-0.00847216799043577
"768.062",0.000457279652877785,0.000499327327946274,0.000431042794560868,0.000426385613259195,0.000398864304221584,-0.000434784057084967,5.4975489078386e-05,0.000292330109069327,-0.000629507172921302,-0.000353021875604052,-1.41823611869142e-05,0.000872396902514338,-0.000692212277951806,0.000915358084453059,-0.000166552495687023,0.00059994910962278,-0.000497916315525785,0.000558996110987625,0.000299700315215267,0.000452422743995258,2.43018232869572e-05,-0.00025675668198295,-0.000892489418275204,0.0012721116099798,-0.00104453045009724,0.000490615558961676,0.000503963273043884,0.000589271710933259,0.000340004087773936,0.000530672878460066,-0.000626317396130084,8.97209069527274e-05,0.0010327492075611,0.000686923401883617,-3.02365167976691e-05,-3.57513553161015e-06,-0.000241915954755359,0.000117330479283038,0.000155314318188617,0.000996488729374398,-0.000631532319388295,-0.000642050122743055,0.000396880734375666,0.00090539241815251,0.000319417267780192,-0.000364726750570619,0.000352335267155975,0.0006827009273743,-0.000458458373851626,0.00599497009412665,0.00468278122038411,0.012484759166071,-0.0146979788114867
"772.815",-0.000480360919374944,0.00022710969062523,-0.000737449510948728,-0.000624082452051282,-0.000425654343468994,1.57076351239475e-05,-0.000421656389523014,-0.000288954640459367,-0.000507487264436868,-0.000374520638626578,-1.3639254412264e-05,3.36315328396656e-05,-5.39783875632058e-05,-0.000141088843786056,-0.000569783379914342,-0.00060956136902343,-0.0001381023249758,0.000351313880373534,-0.00114429336158057,-0.000550188244881718,-0.00093163856230019,0.000369985527652053,-0.000400361750373146,-1.34655675123677e-05,-0.00125205314991617,0.000216898977140204,-0.000473793439196824,-0.000304420136461681,-0.000529469565389077,-0.000987786757679503,8.83062506177103e-05,4.8055802762901e-05,-0.000416095871636355,6.23498190620804e-05,-0.000564822176194923,-0.0003541333954304,-0.000291203160803472,0.000416279190497016,-0.000386955187653177,-0.000341250884388608,0.000346765337533513,0.000400469343893015,-0.00165992210956208,-0.000154824498338545,-0.00229751909452296,-0.00267022053935768,-0.00166332802938254,-0.00294408593171024,-0.00449320304629633,-0.00064060341060146,-0.0054904382774434,-0.00897545573023423,-0.0151676249260812
"777.57",-0.000539716295491222,-0.000450263792965562,-0.000570823617984089,0.000551688287577007,-0.000534851828791452,-0.000143032538830748,-1.78279721843622e-05,-0.000125219084359285,-0.000378066914199279,-0.000209044463782413,-0.000549680089789252,0.000345458688493896,-0.000425819649405881,-0.000579531104944242,-0.000343847726107906,0.000314445309625252,-0.000676745768688655,1.62701651919185e-05,0.000169319866792837,-0.00113581001436369,-0.000649931549541823,-0.000414333995208935,-0.000541825600116155,-0.00013560325518105,-0.000686234196117619,1.71061082815205e-05,0.000109157854036406,3.114863516085e-06,-0.000206099407559311,-0.000701485368640886,0.000320855562910457,-0.000226941748049665,0.000391182585273638,-9.66048926675156e-05,0.000293536082850105,0.000241988235658232,-0.000135390612837644,-0.000469717064130859,0.000115381807649068,0.000328044404413447,0.000766669518336575,-0.000706055633718068,0.000397906432375954,-0.00161486611820303,-0.000495379908186833,-0.00181917820520789,-0.00500051706933828,0.00201859347757036,-0.00124916004286429,0.00111535385165419,-0.0106107546894625,-0.0154430082272873,-0.0253656875592253
"782.325",0.000877076120338286,-0.000343896746245189,0.000327877858954213,0.000573684332654388,0.000649086353018053,0.000290038724987142,0.000121857028891957,0.000100373928006059,0.000410550184293491,0.000336111602480341,0.000407482993664677,0.00097753571736293,0.0012206141691601,0.000869733616463054,0.000169602833018546,0.00042441402696476,0.000397025205903333,-0.000538763016025311,0.000296400537848332,0.000295523172976346,-0.000161874974246742,0.000796882039524967,0.000355370917700416,0.000707104381943104,0.000634334818812179,0.000272315922676344,5.75866187535521e-05,5.21465634805968e-05,4.33492220930494e-05,0.000292823337490312,0.000492791130148632,0.00043440262515942,-0.000249917542649806,0.000658928846430417,0.000234467362753106,0.000571908966286954,0.000462225851723713,0.000247348386419155,-0.000130524845503931,0.000569850290908203,0.0004041521786162,0.000703353642542508,0.00113222921786881,0.0006763094306782,0.00135881142609244,0.00282887358720947,-0.000181747588967212,0.00208143264285009,0.00150042646883164,0.0038509173644325,-0.000412426707246766,0.00289038038581222,-0.0297765786461515
"787.081",-6.52672338570931e-05,-0.00064802481492638,0.000199188050848732,0.000318459326488824,0.000191548529836697,0.000402927194181914,-9.86056253541573e-06,0.000427339641043214,0.000197879701775103,0.000577305206742487,0.000287585127407524,0.000545656624046127,-8.71687255297543e-05,0.000751507907171933,-0.000193607762134881,-0.000540315990764103,0.000199129196869593,-0.000333306632998878,0.00136523400461933,0.000156558691144358,0.00030824437798438,-0.000595505645756562,-0.000455284738548998,-2.92809046011436e-08,-0.000211001511137706,0.000447344472903108,-3.91883591110119e-06,0.00045423763547028,0.000625620777875069,-0.000482502166076986,0.000268798879772319,0.000145121533602743,0.000192630515947482,-0.00065572889742556,-0.000357359100845205,0.000466405040969332,-0.000453158963055697,0.000221558959835017,7.78149305915351e-06,-0.000295790648520507,7.07669396918073e-05,0.00170836865748979,0.000670701221876074,5.19034071216271e-05,-1.60483360627285e-05,-0.000846435971316341,0.00072318917109996,0.00312101208048363,0.00151862351933821,-0.000565444793374192,0.00297195735728801,0.0029628594589888,-0.00865656444112357
"791.838",0.000423338797984828,-0.00062102581567923,-0.000448760229051537,-0.000527012413124347,-0.000496107834104496,-9.90089689220461e-05,-0.000412784154173969,7.96958492253424e-05,-0.000215480767695996,-0.000914871696136319,-0.00067363081915681,-0.000750780963770318,-0.000560684923795268,-0.000246706830444577,-0.000456319951500208,-2.71748268301363e-05,-0.00126127602040631,0.000373399539524395,-0.000776939629157524,-0.000392701687935967,0.000168960614036247,-0.000432191722889792,-0.000882950475573432,-0.00012071453109157,-0.000477076264866906,-1.66156870293168e-05,-0.000766106556329793,-0.000699057770656475,-0.000380325413784415,-0.000371155615595666,-0.000321387418340568,-0.0006877729075676,-0.000816354207106566,-0.00112508330493588,-3.99403813886571e-06,0.000129729864474426,-0.000408446902914171,0.000504644518495845,-0.000723634308595277,-0.000205814261489769,-0.00111067476385533,-0.000127022928352631,-0.00104451528485814,-0.00192927991603844,-0.000394329232689226,-0.000553728844090856,0.000204002151053377,0.00081271013029894,-0.00150469422510114,-0.00558864308161513,-0.000700612655954387,0.00211372020909296,-0.0188975690080467
"796.596",-0.00105081307611359,-0.000374871168797964,-0.000944280215648163,-0.000629547086053043,-0.000485404680193554,-0.000365990131288184,-0.000171108811716572,-0.000384379980005372,7.5604205506301e-05,-0.000626089160520708,-0.000477330638122093,7.67104657903561e-05,-0.000357585267617492,-0.00124235902866619,-0.000104099502289182,-0.000473373789262441,-0.000308767382804971,-0.00111290284873998,-0.00053064762214922,-0.000337591159028265,-0.000742123784419751,-0.000611051641611234,-0.000435439067665223,-0.000693524841723491,-0.000225497615448011,-0.000598084477174426,-0.000550283744448632,-0.000164358706220247,-5.55332732412323e-05,-0.000820429885660115,-0.000663978838020943,-0.00103442936935041,-0.00115213659616954,-0.00113244292329967,-0.000829329997571344,-0.000346568822237367,-0.000940476767359027,-0.00119719051834469,-0.00104857368523543,-0.000224505271714441,-0.00199783522379244,-0.000906744253033547,-0.0011967920105521,-0.000777184985339225,0.00119146472546026,-0.00305496419915414,-0.00414933548029364,-0.00174727523154239,-0.00557040606344908,-0.00461670456759201,-0.0104221632202114,-0.00269795493656974,-0.0177501266599581
"801.355",-0.00128881698143703,-0.000191642459411456,4.26055884452315e-05,0.000439474479367075,0.000496011627133849,-3.51839780732072e-05,-2.60984804949569e-05,0.000206558721112797,0.000289769995897115,0.000149681357271564,-0.000117334934319641,0.000142814594928597,-8.64101351896844e-05,-0.000210211197291434,5.20010750245019e-05,-0.00027613369702813,-0.000420118841226589,8.3088357262562e-05,0.000538619291345893,4.47480740225024e-05,2.67974366855352e-05,-0.000737995685848077,0.000176487700932534,-0.000155446472311089,-0.000904248721624839,-0.000413199276189096,0.000443411303321573,0.000410814062460965,0.000159607892654405,6.2811900791989e-05,6.45669669311127e-05,-1.14129766249475e-05,-2.8403087701812e-05,0.00031923873522099,0.00032743602709262,0.00031956837207731,-0.000486311802421407,-4.51185545890312e-05,-0.000212178859517926,7.79941657967668e-05,-0.000844182107882089,-0.000577901428742978,-0.00106749359659772,-5.35118397705896e-05,-0.000169895150452413,-7.57572023001845e-05,5.50359424856641e-05,-0.00387649400583707,-0.000418174291186408,-0.0007217900407409,-0.00113382868573074,-0.000901801579590104,-0.00892943843835997
"806.114",1.63801727682276e-05,-0.000527100481940008,-0.000267832275035476,-4.81912180967275e-05,0.000316458172420968,4.5724300650009e-05,0.000395910482661896,0.000258703723733014,-5.901152236436e-05,-0.000271404458523524,-0.000479030954651412,-0.000335713816823068,-0.000374440726522889,-3.49474652191298e-05,8.76976974293644e-05,0.000753826256536383,-0.000405354267863459,-6.36088936268808e-05,-2.94869702938046e-06,-0.000876583261515297,0.000643361580102664,-0.000179208221257102,-0.000471764549734912,0.000550287279257184,0.000322274171477693,0.00020468972710572,-0.00037051153852614,0.00045899621402674,7.41952377741943e-05,-2.81655991247372e-05,0.000562613591083222,-0.000195731195106693,0.000113370966072584,0.000505744779901565,0.000524050484700251,-0.000492534362693397,0.000885705904244048,-0.000242251442752652,0.00021821174447491,-0.000251379817425672,-0.000746839825949989,0.00043450928264349,0.000817031716889717,-7.08318340712215e-05,-5.89814964793467e-05,-0.00144694249257626,-0.000401520835984688,-0.000317459707174702,0.0036156420757688,0.00119136454123549,-0.00236849633577907,0.000512006859998579,0.0236543651013361
"810.875",-0.000291116918933133,0.000485237367087476,-0.000369989528518296,0.00031126376697347,-8.33893551452008e-05,-0.000523725657164063,0.000308102376456167,-7.12951207291845e-05,-5.9837712352592e-05,-0.000145251897292637,-0.000123693500251995,-5.60570820306713e-05,-0.000466772898191729,0.000122657310213289,0.000365578645307937,0.000272361738090628,-0.000361843570975805,-0.000283944852345046,-4.88793619013583e-05,-0.000257519476081327,-0.000849624942471768,0.000225473698645541,-0.000526921990096378,-8.94709009852671e-05,-0.000313598731396955,-0.000514335536326689,-3.89151701479234e-05,-0.00039829299745221,-0.00032268298695976,-8.24233025502215e-05,2.21980552628591e-05,0.000276902126518151,-3.62391932335006e-05,0.000193611616808242,-0.000721191779470542,0.000631751746735848,0.000567757455791495,0.000204009502973095,-0.000197310105558921,0.000305911550887624,-0.000794074738590739,-0.000109688959010479,-0.000723479420357313,0.000628629417061592,-0.0017369446764734,5.04278671676645e-05,-0.00266762484367321,0.00135372051446967,-0.000172241821705546,-0.00166861930511947,-0.00125894110896739,-0.00587099660553709,0.00815486413175048
"815.635",0.000173971582292232,0.000321306739693525,-0.000621176182541447,0.000167847332410472,0.000156184673141502,-0.000490222313434336,0.000169165018384735,0.000252337195108093,-0.000173013775817018,-0.000490706414090982,0.000241297071718063,-5.65809781648048e-05,-0.000702038773702126,-0.000208763580855625,0.000265395249385465,-0.000294816316950379,0.000126169866080641,-0.000258199609214932,-0.000164503844753526,-0.000775843129800774,-0.000357041584676158,6.27566583777021e-05,-0.00020086989495654,-0.000218461351609871,-0.000551162783924325,-2.45394219760977e-05,-3.66773827875417e-05,7.09417514201857e-05,1.49635036220079e-05,-0.000225412578500495,0.000168220977352912,-3.59041592400883e-05,-0.000348302639211621,-0.000322115451888167,0.000107950470816761,-0.000529096681004594,-0.000184927019401324,0.00022603591305142,-0.000618664025345139,-0.000345457077240491,-0.000527498310315216,0.000163862930084388,-0.000776108841411912,-0.00136035544600003,-0.000877832800631402,-0.000867878748355579,0.000353833255034492,-0.000921093946240338,-0.001894660038761,-0.00445615016472502,-0.00112724605280355,-0.00746777926927207,0.00595503837913053
"820.397",2.03397092199094e-05,-0.000297353784138607,-0.000148128013487548,0.000286065067600085,-0.000382103719193141,0.000464745174712429,1.81372889233885e-05,-0.000300692813047684,-1.7685855049313e-05,5.66072601122319e-05,0.000486487704463193,0.000262787240137621,-0.000208478519283178,0.000322077184983242,-0.000135338334304423,-0.000127494022603631,0.000330412919633694,-0.000266321915966975,-0.000397227158972561,-0.000368421082122489,-0.000224490962982791,-0.000980354632363934,6.13584794157373e-05,8.47008971639239e-05,0.000359915665538182,2.61583153671296e-05,0.000215305858714097,0.000492151708685443,-0.000878074407329914,-0.000487953303927131,-0.000378852923615275,-2.79745440427344e-05,-0.000947273729629229,0.000150359935838017,-0.000546250012423299,0.000130781029112891,-0.000456718324284953,0.000298425318214121,-8.21755627741023e-05,-7.40922532136346e-05,0.000544552316088084,0.0014660497611522,0.000973336278539154,0.000329808394653751,-7.34718043942527e-05,-0.00102656183271043,-0.0012367253734453,-0.00235416934824549,0.00332402446944197,0.00123900436934222,0.0086035467697132,-0.0118698229328416,-0.023590825950913
"825.159",0.000557422699572401,0.000877477365559195,0.000330689032704177,0.000799134947169291,6.57449301669703e-05,0.000146489925882123,0.000112137433018113,0.000474155585180827,0.000414928508841479,0.000269898514978835,0.000836265272115299,0.000211759560994631,0.000235566583736721,1.14736864141573e-05,0.000740528305977241,-0.000272361738090628,0.00138965822900306,0.000369107730203201,0.000937460926220403,0.000727059654429879,0.00105941291333271,0.000300472113815094,0.000888217581523869,0.000863318501454449,0.00084989716210889,0.000453213594526806,0.000251294691544597,0.000179794268672197,0.000231559647007394,0.00047731503085347,0.0011196908112386,0.000536891517106978,0.000678811254586791,0.000517884606196792,0.000485023046377065,0.000217087470312718,0.000976923917142123,-3.94309739874165e-06,0.000649405609286113,0.00203168065901522,0.00081797844868427,0.00203389356342523,0.000964912817523149,0.00158043063223338,0.00217080854377451,0.00303991155483556,0.00202973273379181,-0.00100149039051992,0.00334054053999005,0.00427638761122813,0.00998142908354798,0.0236520567267328,0.0416526727936419
