Long Name	Sample - Blank	S1c/R1c
nm	nm	
		Z of Sample - Blank
500	248.336	13.5274344414701
500	252.814	24.3018916276206
500	257.296	17.2622520384312
500	261.781	18.7679485081363
500	266.271	17.8159740306748
500	270.764	17.8275697637238
500	275.26	24.9284929794323
500	279.76	-23.0253665623366
500	284.264	-42.0968666470017
500	288.772	10.3583516791023
500	293.283	12.5420292205072
500	297.797	-20.2362795329984
500	302.315	17.3827217327431
500	306.837	-4.95304506080306
500	311.362	-0.989101327290399
500	315.89	-1.482511031654
500	320.422	-27.717002551127
500	324.958	-0.509894089586155
500	329.496	18.1865504755393
500	334.038	-32.9444227784103
500	338.584	-31.8241324497372
500	343.133	-22.9343306551011
500	347.685	-3.66380858090963
500	352.24	-11.6733732010559
500	356.799	-7.51170239503649
500	361.361	3.78204130908828
500	365.926	9.21226888605988
500	370.495	26.8755841988445
500	375.067	25.1756230590785
500	379.641	35.6041844776706
500	384.219	-7.16920761790163
500	388.801	-43.0651573299899
500	393.385	-14.6831840328772
500	397.972	26.1341155624277
500	402.562	-7.93468644699518
500	407.156	-17.9232399397281
500	411.752	-2.14970668332675
500	416.352	-8.04034337105219
500	420.954	-12.0234350807481
500	425.56	3.66074051399819
500	430.168	14.3651160263291
500	434.779	22.6890060163087
500	439.393	-19.7702643767508
500	444.01	23.0650151480282
500	448.63	-19.1869061010261
500	453.253	1.89665902551932
500	457.878	-21.4139874555479
500	462.506	-13.7850248196577
500	467.137	-15.8165242198093
500	471.771	-14.2364030140638
500	476.407	-16.7169814505619
500	481.047	-9.40575192415686
500	485.688	-53.2651694499864
500	490.333	-67.1300810365517
500	494.979	-751.273652446716
500	499.629	-3830.5372039162
500	504.281	-3631.00374267325
500	508.936	-574.496101945341
500	513.593	18.5831198308672
500	518.252	19.9141469882236
500	522.914	13.0808096920082
500	527.579	3.88820622074845
500	532.245	8.13530537740547
500	536.915	24.2553637387208
500	541.586	-0.722388890282279
500	546.26	18.5166990249125
500	550.936	5.486736238153
500	555.615	-10.9905662517747
500	560.296	-4.41559336984796
500	564.979	27.8444129578108
500	569.664	-13.0894724156827
500	574.351	37.33985219447
500	579.04	18.2672485652768
500	583.732	15.3204042922819
500	588.426	20.788168791494
500	593.121	59.5824658953983
500	597.819	24.1299617689586
500	602.519	5.87926344534117
500	607.221	-20.9854753259747
500	611.924	25.9743187382278
500	616.63	-28.2889876013031
500	621.338	21.5850996192101
500	626.047	-0.411575401746463
500	630.758	15.7931441515624
500	635.471	26.3841441550297
500	640.186	-25.1755510739231
500	644.903	-1.27377472957831
500	649.621	19.7978947684977
500	654.341	8.74109960502707
500	659.063	4.84827096404355
500	663.787	22.7967892961246
500	668.512	24.7738047205519
500	673.238	45.768168055652
500	677.967	32.409401055268
500	682.696	2.76943832368638
500	687.428	-12.0841361972973
500	692.16	34.5806346224589
500	696.895	-21.6419046011692
500	701.63	10.4377089383087
500	706.367	12.4830408403104
500	711.106	42.697364328597
500	715.845	-9.81604432329143
500	720.586	-8.3645850601698
500	725.329	-12.4514687564635
500	730.072	14.5337637188131
500	734.817	-13.6272656358162
500	739.563	-7.14746497073657
500	744.31	-25.8016311241722
500	749.058	3.64873069089785
500	753.808	38.787764263856
500	758.558	-24.8856149542142
500	763.31	1.10382806822774
500	768.062	-10.5828391554804
500	772.815	16.6986499990627
500	777.57	34.6468360220322
500	782.325	27.68300154596
500	787.081	1.77655349776145
500	791.838	-22.4821088085809
500	796.596	-23.505039118732
500	801.355	47.344181956653
500	806.114	8.32424764576889
500	810.875	4.68203723060816
500	815.635	-24.4523288076106
500	820.397	-26.0136181393838
500	825.159	-14.0473791443171
495	248.336	17.6648438600855
495	252.814	36.1805705213693
495	257.296	-0.00458237595418609
495	261.781	17.3211935190429
495	266.271	23.3028551396985
495	270.764	-3.98013964310217
495	275.26	18.9256877269329
495	279.76	-5.41878150746318
495	284.264	-7.72634824793345
495	288.772	-21.915001908334
495	293.283	27.0728508609646
495	297.797	7.23059189491603
495	302.315	1.33008127323667
495	306.837	15.9260254728159
495	311.362	11.4921328659461
495	315.89	-9.7122394474683
495	320.422	-23.4364318734496
495	324.958	-8.66407275915676
495	329.496	-7.88932512463444
495	334.038	-24.2813014915956
495	338.584	9.79019344291171
495	343.133	-9.77903310441953
495	347.685	10.2882463086052
495	352.24	-16.5914507495684
495	356.799	7.6671369380064
495	361.361	25.0978864471407
495	365.926	20.3262700100804
495	370.495	3.84160275144427
495	375.067	8.1371473012669
495	379.641	22.5894369123733
495	384.219	1.3745834976739
495	388.801	-38.4699607167901
495	393.385	4.65171740357914
495	397.972	17.2020270562013
495	402.562	-3.93894202441866
495	407.156	-6.63614347160958
495	411.752	2.30236125493311
495	416.352	4.91308129243557
495	420.954	-32.2219053582854
495	425.56	14.5342443924581
495	430.168	0.35750953328757
495	434.779	-9.95719364387468
495	439.393	-1.06195754802262
495	444.01	2.09483762934868
495	448.63	-23.9964114574628
495	453.253	-16.9451496851474
495	457.878	-7.72062733171097
495	462.506	-10.6509940036355
495	467.137	-30.564918131252
495	471.771	-19.2490469196432
495	476.407	7.78157637283818
495	481.047	-28.1259893329685
495	485.688	-54.7351708614426
495	490.333	-991.455878379313
495	494.979	-3904.88291451481
495	499.629	-2807.56528275051
495	504.281	-345.547847527798
495	508.936	0.953239463172693
495	513.593	11.4849492773946
495	518.252	14.6055186932574
495	522.914	2.5205185849687
495	527.579	-0.00591209030621087
495	532.245	11.6885933076906
495	536.915	11.1483800031096
495	541.586	5.79583046497765
495	546.26	6.48318518319607
495	550.936	14.0507786245794
495	555.615	-4.9121572879866
495	560.296	-3.28975583435654
495	564.979	3.6452463199478
495	569.664	-12.360633515961
495	574.351	34.6968533742631
495	579.04	24.8127765278293
495	583.732	13.6770563093888
495	588.426	8.91430801730627
495	593.121	45.2325136707011
495	597.819	-5.26897913536101
495	602.519	5.91735985576179
495	607.221	-19.8176424115583
495	611.924	10.3502410129313
495	616.63	5.41224840508055
495	621.338	12.3671150205828
495	626.047	13.9588562289555
495	630.758	33.7827254983228
495	635.471	32.9201607560953
495	640.186	-3.74896639313237
495	644.903	22.3670467709713
495	649.621	8.84207830890832
495	654.341	18.3490663438958
495	659.063	20.0776628798144
495	663.787	2.79503681752659
495	668.512	30.5760787862817
495	673.238	8.0992918268958
495	677.967	11.8231871362466
495	682.696	30.9211597821072
495	687.428	-12.0393902436751
495	692.16	40.0746790528872
495	696.895	13.4475942669419
495	701.63	6.35570843805791
495	706.367	12.0058662253663
495	711.106	5.63191226215243
495	715.845	-7.01461857390393
495	720.586	-10.9879921284294
495	725.329	-4.89103752526786
495	730.072	-3.13811554018578
495	734.817	13.5255858951229
495	739.563	34.2064745723919
495	744.31	-7.83296471325244
495	749.058	-4.19094677856992
495	753.808	23.2557131415439
495	758.558	-10.1498848942391
495	763.31	0.988316112009036
495	768.062	-16.9189721746583
495	772.815	2.97630042333711
495	777.57	30.9457491528116
495	782.325	2.57358241972981
495	787.081	-4.23442847170574
495	791.838	11.0996871401784
495	796.596	-17.2298122738695
495	801.355	-2.32208598821192
495	806.114	4.64997238029579
495	810.875	-11.1520306624344
495	815.635	-5.11211775308832
495	820.397	-6.97604614616968
495	825.159	13.9387997001328
490	248.336	19.378416676147
490	252.814	7.05784300306894
490	257.296	-8.49889429586713
490	261.781	4.0429641973864
490	266.271	24.7096234869688
490	270.764	4.6375492221827
490	275.26	-3.02573662561794
490	279.76	18.1314896765248
490	284.264	-16.79673734176
490	288.772	-23.3698010794324
490	293.283	17.7592866820927
490	297.797	4.91453331737293
490	302.315	13.659209110734
490	306.837	24.8464874085889
490	311.362	7.61304113176312
490	315.89	7.98501653276678
490	320.422	-0.402136690575341
490	324.958	16.5425714970658
490	329.496	11.3446803554459
490	334.038	-3.37660994045574
490	338.584	0.00757871615797789
490	343.133	-4.2236992382211
490	347.685	-2.11548051854782
490	352.24	12.005305281332
490	356.799	-1.74821271507187
490	361.361	14.4314793959459
490	365.926	7.89673508516026
490	370.495	3.90995365541279
490	375.067	3.03708209590834
490	379.641	26.7293974634238
490	384.219	7.4548870870415
490	388.801	-41.2624950753271
490	393.385	0.387998178966268
490	397.972	20.0361745936705
490	402.562	11.408844161636
490	407.156	-8.14006376723728
490	411.752	18.7772765002488
490	416.352	-22.5971287426831
490	420.954	-27.844111399969
490	425.56	-1.6462713039146
490	430.168	4.51670181742878
490	434.779	16.7518084934189
490	439.393	7.35291269013192
490	444.01	-11.0717575816036
490	448.63	-31.6771805889426
490	453.253	3.98357399939726
490	457.878	-26.4644149980301
490	462.506	-22.6380011907648
490	467.137	-24.7308717426317
490	471.771	-41.0938451023949
490	476.407	-31.2144011865384
490	481.047	-40.7907346245712
490	485.688	-814.59459359125
490	490.333	-3602.29581347103
490	494.979	-2697.53771609825
490	499.629	-281.400981126215
490	504.281	12.2490432311159
490	508.936	26.7410105885659
490	513.593	14.4440710932298
490	518.252	23.5830465568802
490	522.914	-16.3294701097454
490	527.579	13.7214138929806
490	532.245	16.0152265267784
490	536.915	1.14180669100148
490	541.586	29.4718299597844
490	546.26	5.27404837448572
490	550.936	5.91254444107804
490	555.615	-7.1241536365519
490	560.296	8.03121581860315
490	564.979	25.836185862095
490	569.664	-8.7870957826732
490	574.351	34.1560573201484
490	579.04	30.434964344977
490	583.732	6.71492046192236
490	588.426	14.475545687932
490	593.121	27.7084294575256
490	597.819	4.00544641603484
490	602.519	-6.69586468970905
490	607.221	-14.7399225903064
490	611.924	2.58056084615739
490	616.63	-26.4945174436426
490	621.338	13.8384128933801
490	626.047	24.6194283127502
490	630.758	-3.03612496219532
490	635.471	15.5774427423511
490	640.186	-10.5253850539196
490	644.903	3.77131632718759
490	649.621	11.1392594461751
490	654.341	-7.4379421656877
490	659.063	27.1022465167795
490	663.787	25.3151949187031
490	668.512	22.9503870436793
490	673.238	16.8692488361928
490	677.967	12.1897252753344
490	682.696	-2.61171293494895
490	687.428	1.88592906649709
490	692.16	14.7508919678772
490	696.895	21.318516854292
490	701.63	18.8149881103752
490	706.367	1.55314250782204
490	711.106	15.3062623057533
490	715.845	-24.6263466211911
490	720.586	5.97713754641322
490	725.329	6.86134778239347
490	730.072	-1.62452438029014
490	734.817	13.8894430302671
490	739.563	2.8961098581369
490	744.31	5.01281084958624
490	749.058	4.62944339662148
490	753.808	10.743264979098
490	758.558	-17.0780406215403
490	763.31	-11.6046210383734
490	768.062	-15.7730444970103
490	772.815	17.1066614353695
490	777.57	14.7039844797835
490	782.325	-7.94027490526714
490	787.081	-16.7757157939978
490	791.838	16.272894819533
490	796.596	1.93717729490865
490	801.355	25.262723392831
490	806.114	22.3150592729416
490	810.875	-16.4184714305232
490	815.635	8.41272038045413
490	820.397	-10.1083013438629
490	825.159	-12.2143155449152
485	248.336	38.3783244684668
485	252.814	1.89740537318745
485	257.296	-15.9603946480057
485	261.781	36.1398890214773
485	266.271	8.19814707455578
485	270.764	14.5245264032699
485	275.26	15.6260232460793
485	279.76	6.44234234379689
485	284.264	8.76735303589752
485	288.772	5.81414467023344
485	293.283	13.9062923207047
485	297.797	-16.5404635108372
485	302.315	9.06082809705205
485	306.837	21.0778061601031
485	311.362	15.0508375415831
485	315.89	-7.50605546195925
485	320.422	-28.2197821167745
485	324.958	-5.04244839193387
485	329.496	-9.87302908594756
485	334.038	7.19559452113058
485	338.584	13.8932002053066
485	343.133	-13.8682773421843
485	347.685	13.5394429507563
485	352.24	8.46727156887668
485	356.799	-8.16839838570585
485	361.361	4.51929606265432
485	365.926	11.1309817626047
485	370.495	-9.81475437559411
485	375.067	-1.22303870225464
485	379.641	10.9975352140838
485	384.219	-2.33978413789037
485	388.801	-23.323248049288
485	393.385	23.0564388195363
485	397.972	28.5765725847155
485	402.562	16.0767922660904
485	407.156	-25.6000778895011
485	411.752	-21.9067669944754
485	416.352	1.28091262225687
485	420.954	-41.3056871197339
485	425.56	-15.1538499521824
485	430.168	1.21180613902408
485	434.779	-4.22324874760167
485	439.393	-3.61304776683378
485	444.01	0.881026727260233
485	448.63	-18.6856100103054
485	453.253	-25.7048990094756
485	457.878	-35.4715913494369
485	462.506	-27.8060178730901
485	467.137	-48.7210946762846
485	471.771	-24.5030294286406
485	476.407	-50.2222395260729
485	481.047	-1063.79348848925
485	485.688	-3645.02814971734
485	490.333	-2320.43947632207
485	494.979	-231.412560432292
485	499.629	-1.69641282991417
485	504.281	20.3011280222436
485	508.936	36.3323752504341
485	513.593	9.22276213857436
485	518.252	21.6094423879398
485	522.914	-14.0151285112552
485	527.579	-3.51679458714556
485	532.245	8.58928519669887
485	536.915	-8.96906838873042
485	541.586	16.432279973549
485	546.26	-16.5870644527817
485	550.936	13.0621133209731
485	555.615	0.538661906195419
485	560.296	-8.12944982850396
485	564.979	1.96016867445182
485	569.664	0.795758443771042
485	574.351	26.5283608881176
485	579.04	23.1935086942166
485	583.732	12.2547192030653
485	588.426	3.60907447972983
485	593.121	22.8555301250681
485	597.819	18.3101125637337
485	602.519	-8.07234855000389
485	607.221	-4.82959550706266
485	611.924	10.6318673830249
485	616.63	-5.85270363638844
485	621.338	9.91209984523033
485	626.047	13.141437348821
485	630.758	-7.27623340868846
485	635.471	17.1831499245727
485	640.186	7.00249062238611
485	644.903	-1.29833616945471
485	649.621	-7.84652937823183
485	654.341	-16.2920734470563
485	659.063	-1.34445109837506
485	663.787	-2.72423798260531
485	668.512	10.946716276185
485	673.238	-0.682589297777082
485	677.967	6.58979364554556
485	682.696	14.3952748228151
485	687.428	0.354024284079758
485	692.16	28.4374630538025
485	696.895	-5.71309514928
485	701.63	7.93465349802792
485	706.367	6.1886095866039
485	711.106	-9.59671770760905
485	715.845	7.46379169997404
485	720.586	8.99760469813847
485	725.329	-9.83812429325801
485	730.072	-18.6693452515541
485	734.817	37.2404451908552
485	739.563	35.7270693854953
485	744.31	6.66292501700899
485	749.058	22.182167740514
485	753.808	36.3607271969549
485	758.558	-22.6307151359492
485	763.31	7.56639217364272
485	768.062	11.0102385525241
485	772.815	18.6005281506872
485	777.57	37.1426055244713
485	782.325	20.1651061849808
485	787.081	-12.6250581816127
485	791.838	16.1795986804871
485	796.596	-4.12394026696268
485	801.355	1.18698258678509
485	806.114	1.18978760208903
485	810.875	-2.75201677309046
485	815.635	1.19493013014626
485	820.397	8.28129545700687
485	825.159	6.32698960996545
480	248.336	28.0669573076423
480	252.814	20.481653089613
480	257.296	-1.6333077504038
480	261.781	9.86650252011076
480	266.271	-0.423606453812118
480	270.764	-4.60183572356828
480	275.26	9.01826145526857
480	279.76	2.77226216621066
480	284.264	-17.0787408364959
480	288.772	-15.0562930995598
480	293.283	7.21630443259943
480	297.797	13.3042319661656
480	302.315	1.63105061534418
480	306.837	6.84219801480164
480	311.362	19.5288560638985
480	315.89	-4.23978208778615
480	320.422	-23.7686940019109
480	324.958	-11.0698853134122
480	329.496	0.682037940500549
480	334.038	-2.3988610297215
480	338.584	-17.1543174692094
480	343.133	-10.6361444908798
480	347.685	18.9275866964043
480	352.24	9.77064185769759
480	356.799	-3.89215061380555
480	361.361	23.0979841383336
480	365.926	11.3989955917271
480	370.495	25.0964493571154
480	375.067	20.7978356469638
480	379.641	9.15601045511908
480	384.219	-22.2392423840226
480	388.801	3.58379532889391
480	393.385	-8.09787819990992
480	397.972	20.7995136292919
480	402.562	-0.307071242678028
480	407.156	-5.46801055105513
480	411.752	-16.6843754742303
480	416.352	-17.8206729174568
480	420.954	-17.4500523012644
480	425.56	4.02069763357956
480	430.168	12.8555731614414
480	434.779	9.17114025433017
480	439.393	6.23590559078168
480	444.01	-0.787147420821098
480	448.63	-21.2411849793153
480	453.253	-17.5285415656871
480	457.878	-30.2130347713028
480	462.506	-31.6596263299375
480	467.137	-45.5641446740196
480	471.771	-61.435867559917
480	476.407	-942.192089926935
480	481.047	-3534.69399099605
480	485.688	-2234.81296150533
480	490.333	-199.803200803165
480	494.979	2.0853423308263
480	499.629	8.03165381029049
480	504.281	16.1276034216952
480	508.936	19.1287836837723
480	513.593	9.14002953777152
480	518.252	13.7685311683782
480	522.914	8.8111693447062
480	527.579	16.7150345277114
480	532.245	12.3149891182731
480	536.915	6.06603831921266
480	541.586	8.28289810308769
480	546.26	-3.83543080669203
480	550.936	10.3383762016172
480	555.615	-15.2000432134519
480	560.296	6.50172130638587
480	564.979	19.6817856940706
480	569.664	6.43873690378661
480	574.351	30.1760400177248
480	579.04	21.2171694017385
480	583.732	27.779127948952
480	588.426	15.6258056669407
480	593.121	19.8166602189018
480	597.819	21.7335257914581
480	602.519	-3.11053719336695
480	607.221	3.35904266979611
480	611.924	12.6120619459828
480	616.63	9.02124092051695
480	621.338	9.36174327570537
480	626.047	17.5747983041155
480	630.758	6.83023692324047
480	635.471	22.5656996213422
480	640.186	10.75157665148
480	644.903	-3.06848973398775
480	649.621	8.20701665163345
480	654.341	-8.34458822994261
480	659.063	2.31941798792928
480	663.787	23.2126209142118
480	668.512	11.237608372261
480	673.238	8.04470438348641
480	677.967	-1.80926072773844
480	682.696	4.55100385716956
480	687.428	5.50547165266584
480	692.16	5.85086571010733
480	696.895	13.2972614924559
480	701.63	-4.67844431502194
480	706.367	-8.53472632389872
480	711.106	-0.321350522644184
480	715.845	16.1343934440239
480	720.586	-0.970063559013693
480	725.329	7.85835100847556
480	730.072	-6.60022056225888
480	734.817	1.65622343399274
480	739.563	18.4705163267969
480	744.31	14.5871783874781
480	749.058	9.59980895522565
480	753.808	17.8248508456052
480	758.558	0.706411912356029
480	763.31	11.2632201987674
480	768.062	-13.9189054815069
480	772.815	-7.69616938243036
480	777.57	30.242277076035
480	782.325	9.47519804478086
480	787.081	-28.4232880913719
480	791.838	-17.1254165730688
480	796.596	-1.18197403475113
480	801.355	3.42389844093136
480	806.114	2.04113642710099
480	810.875	-11.6424143902947
480	815.635	-14.0040403405706
480	820.397	-21.5704263673528
480	825.159	-19.5052040475922
475	248.336	12.8415469586248
475	252.814	-14.6398480694361
475	257.296	-11.1755975423228
475	261.781	26.7408728849045
475	266.271	8.00310815390288
475	270.764	-11.1064734436413
475	275.26	-3.75724054856917
475	279.76	7.99126452463151
475	284.264	-28.471637710163
475	288.772	-2.27297951136778
475	293.283	-11.0180149474149
475	297.797	-7.29681030301322
475	302.315	10.4657690106612
475	306.837	-1.51025634915841
475	311.362	11.634520479545
475	315.89	-9.82025204573222
475	320.422	8.94814688199479
475	324.958	3.0911248146889
475	329.496	-4.99452464654512
475	334.038	-21.6826021786968
475	338.584	-6.89240383783762
475	343.133	-21.3454768976899
475	347.685	-11.0196524344727
475	352.24	27.7690187846225
475	356.799	8.06303574276647
475	361.361	-7.14933001424758
475	365.926	23.4629111149142
475	370.495	-4.21739990142077
475	375.067	-0.957850924863137
475	379.641	13.3523320789634
475	384.219	2.44923227923775
475	388.801	-19.3748373198155
475	393.385	2.56218932624601
475	397.972	11.5912333729545
475	402.562	0.529417148638967
475	407.156	-9.48019127706303
475	411.752	-8.80878436507844
475	416.352	-1.80863328245766
475	420.954	-24.7207412669477
475	425.56	-6.11289918880925
475	430.168	6.2266541283296
475	434.779	0.71736499709294
475	439.393	-16.4543016820604
475	444.01	-7.14928825957324
475	448.63	-25.0719900127203
475	453.253	-25.4762659856336
475	457.878	-90.1989143631881
475	462.506	-21.4785127776334
475	467.137	-62.9842468167334
475	471.771	-1128.90437683006
475	476.407	-2833.15830386447
475	481.047	-1531.47549291038
475	485.688	-154.34222318238
475	490.333	-1.8658977029395
475	494.979	13.2441350911909
475	499.629	11.6875402715866
475	504.281	24.9729526560111
475	508.936	27.6692006501923
475	513.593	13.715601256002
475	518.252	13.4248489045402
475	522.914	-3.02177457562423
475	527.579	6.33556698718099
475	532.245	9.75833159093249
475	536.915	24.6474809720287
475	541.586	12.7827989893812
475	546.26	-0.912744720365168
475	550.936	14.0588650559528
475	555.615	8.26940393366449
475	560.296	8.13067072838128
475	564.979	39.7033269090274
475	569.664	12.6648114416319
475	574.351	22.2392037318058
475	579.04	21.1033505749795
475	583.732	15.8590136707653
475	588.426	18.2701991782926
475	593.121	25.5741599756979
475	597.819	14.2533195703353
475	602.519	2.08648417851481
475	607.221	4.28037872062626
475	611.924	11.5391335010937
475	616.63	-2.70408528745596
475	621.338	22.3005722520792
475	626.047	25.2460544791485
475	630.758	-5.25412540719233
475	635.471	6.54110834206535
475	640.186	-10.6252063407315
475	644.903	-8.94997265075464
475	649.621	7.26301420016431
475	654.341	6.03691513960071
475	659.063	8.49221904590172
475	663.787	1.06744556275295
475	668.512	19.2301175221212
475	673.238	26.1916085111616
475	677.967	13.7177462455108
475	682.696	-0.818270053876951
475	687.428	9.24709938988994
475	692.16	7.32937758162295
475	696.895	1.13864480389006
475	701.63	13.7092189280785
475	706.367	14.1513035195753
475	711.106	-1.73866921322889
475	715.845	-4.42820560114552
475	720.586	15.9913303736339
475	725.329	1.79172181138433
475	730.072	-3.92667984628453
475	734.817	-2.72170646849908
475	739.563	8.92871989503913
475	744.31	-2.16947245158173
475	749.058	17.5747065422983
475	753.808	11.8125948040901
475	758.558	-4.88401574528094
475	763.31	-13.6106382624642
475	768.062	-1.68755879418244
475	772.815	-12.0707611787047
475	777.57	23.5726855764273
475	782.325	15.6037051365448
475	787.081	-8.22444298676878
475	791.838	-13.1885979408059
475	796.596	-3.99152108256981
475	801.355	28.1773519088487
475	806.114	1.88688090551725
475	810.875	-10.3283733397328
475	815.635	1.87669556774418
475	820.397	-35.7234204826644
475	825.159	-17.5405611192517
470	248.336	20.3869744854608
470	252.814	10.5056368595211
470	257.296	1.95085242175359
470	261.781	7.98388678456591
470	266.271	15.067746396179
470	270.764	7.24613190950441
470	275.26	9.07715709620736
470	279.76	-4.41090277552486
470	284.264	-9.45780999023945
470	288.772	6.20549833633157
470	293.283	12.8506001228101
470	297.797	5.5196692658944
470	302.315	-5.65467675045497
470	306.837	-5.42721453105342
470	311.362	4.06201240823303
470	315.89	8.99693754464495
470	320.422	-2.25314489315429
470	324.958	1.64037504145151
470	329.496	9.94092123104429
470	334.038	0.49342413052087
470	338.584	20.682019934566
470	343.133	-3.56078085732324
470	347.685	4.52870540688563
470	352.24	-7.97767711582136
470	356.799	10.499914942423
470	361.361	4.68918608333085
470	365.926	1.48403008640875
470	370.495	-2.45127281595936
470	375.067	2.2121063167407
470	379.641	14.5767655348033
470	384.219	-7.24378500039415
470	388.801	-26.8308434522152
470	393.385	-14.6703343098639
470	397.972	14.4051125446195
470	402.562	-3.22499892050745
470	407.156	-6.76498753616868
470	411.752	1.36234729679824
470	416.352	-0.974461063395258
470	420.954	-15.1137479353556
470	425.56	-2.78377502229048
470	430.168	9.97872919597049
470	434.779	2.51759437361584
470	439.393	-13.3864230456785
470	444.01	-20.916917240301
470	448.63	-25.2494964162763
470	453.253	-19.2643087264302
470	457.878	-32.9625294962433
470	462.506	-60.955453328225
470	467.137	-1020.20369869013
470	471.771	-2580.76287394499
470	476.407	-1340.96676665565
470	481.047	-82.0529472394286
470	485.688	-15.0902762798451
470	490.333	-5.83351496257637
470	494.979	3.93003369219044
470	499.629	7.20227438396327
470	504.281	14.1214980840594
470	508.936	28.4642788905909
470	513.593	23.2519709792687
470	518.252	16.8245396385462
470	522.914	11.2453301840745
470	527.579	6.41396791237545
470	532.245	19.1547504646507
470	536.915	11.3502746612659
470	541.586	18.5474598074863
470	546.26	24.4335110456414
470	550.936	17.8792698018219
470	555.615	-1.41955746846503
470	560.296	12.1885232550678
470	564.979	33.4726830789851
470	569.664	13.7837652133149
470	574.351	25.5286297658196
470	579.04	13.6580234144648
470	583.732	16.3782096792213
470	588.426	19.2703354908852
470	593.121	26.5980195578176
470	597.819	-3.9098631201535
470	602.519	13.0320442731685
470	607.221	-1.44739374568361
470	611.924	1.45379072061916
470	616.63	7.17313973144346
470	621.338	7.40687344282683
470	626.047	4.86633700487516
470	630.758	-3.79392348022066
470	635.471	13.3474079662872
470	640.186	2.28524638187162
470	644.903	-0.00372331473126941
470	649.621	7.25159533168678
470	654.341	-1.19996334896626
470	659.063	17.0618803120964
470	663.787	5.89876601554162
470	668.512	24.2048408110968
470	673.238	9.90883154135304
470	677.967	5.81141684773432
470	682.696	7.14656077344393
470	687.428	5.50749193463345
470	692.16	3.18180580551783
470	696.895	7.49792377628141
470	701.63	-2.60692346785098
470	706.367	2.39402612642592
470	711.106	-6.18866439080037
470	715.845	10.2794385636311
470	720.586	-2.69345934000196
470	725.329	-6.35395924493573
470	730.072	3.65205406324343
470	734.817	-2.07422497151666
470	739.563	12.5561312106378
470	744.31	-1.41349456449476
470	749.058	8.30716553745118
470	753.808	4.8430307645183
470	758.558	-16.2707503786054
470	763.31	-0.738667429588347
470	768.062	-2.28664935864374
470	772.815	19.2576886430229
470	777.57	21.2050029509421
470	782.325	13.6550765485699
470	787.081	-7.01967458104393
470	791.838	18.8685079574674
470	796.596	0.00377686644718356
470	801.355	-7.58383407304752
470	806.114	5.69521145362923
470	810.875	-2.13130275580481
470	815.635	-4.97597412308199
470	820.397	-18.0198384321901
470	825.159	-9.95292636600979
465	248.336	10.4448183168638
465	252.814	-6.77699461377301E-4
465	257.296	-15.3493941292113
465	261.781	10.8011285446148
465	266.271	11.496459245261
465	270.764	1.78974907138443
465	275.26	-8.50983891097325
465	279.76	-10.9487373674331
465	284.264	-16.4401308755761
465	288.772	0.43780295647874
465	293.283	10.7009623022063
465	297.797	9.95295940011619
465	302.315	-2.19420757024565
465	306.837	3.57873967740507
465	311.362	3.97215813699721
465	315.89	-0.992145891568085
465	320.422	-2.38451562573966
465	324.958	-8.61240693534203
465	329.496	4.79920319134851
465	334.038	2.73058237026568
465	338.584	3.14298822667064
465	343.133	3.55773824532602
465	347.685	10.2980179713016
465	352.24	11.2905716377976
465	356.799	3.87679556278554
465	361.361	-1.08373167507112
465	365.926	2.39283099970581
465	370.495	8.20090365945628
465	375.067	5.59228747556875
465	379.641	15.7452357274502
465	384.219	1.02735764336224
465	388.801	-5.962797453381
465	393.385	-3.2334736710451
465	397.972	11.7821132829319
465	402.562	5.66361889535707
465	407.156	-14.393559597163
465	411.752	-1.90002512558058
465	416.352	7.98459578023671
465	420.954	-1.9985749559442
465	425.56	-10.6171570353441
465	430.168	0.638268999547826
465	434.779	-6.0782121048282
465	439.393	-21.759141015243
465	444.01	-17.1172753890329
465	448.63	-36.8340880530127
465	453.253	-18.2883539870372
465	457.878	-61.5829249177046
465	462.506	-870.828532639332
465	467.137	-1122.20485477863
465	471.771	-1298.74504753896
465	476.407	-68.4580135842439
465	481.047	8.12699456657894
465	485.688	-10.7709338931399
465	490.333	-0.149683815714578
465	494.979	13.1048844537376
465	499.629	9.12860094195935
465	504.281	27.7082078471904
465	508.936	26.7017725047859
465	513.593	11.3345789682445
465	518.252	19.5599019209976
465	522.914	15.4708354604754
465	527.579	19.5868185344289
465	532.245	11.6445693819922
465	536.915	14.7493081813718
465	541.586	20.1284592884353
465	546.26	14.8543464828854
465	550.936	31.2555868078631
465	555.615	20.2598774400309
465	560.296	17.2541882952619
465	564.979	31.8889414589322
465	569.664	17.7148500287631
465	574.351	22.2597750641212
465	579.04	-33.6238582691908
465	583.732	-1.69323389864922
465	588.426	20.2485913783185
465	593.121	22.2135651465773
465	597.819	8.90748649571841
465	602.519	6.45703400831989
465	607.221	2.86035842017161
465	611.924	14.6021037282137
465	616.63	1.29737586354859
465	621.338	7.35829427987423
465	626.047	8.25484951672451
465	630.758	11.5143807006712
465	635.471	11.7701799438625
465	640.186	3.20030668191367
465	644.903	0.851738522946905
465	649.621	5.52975053444653
465	654.341	-5.96772432567152
465	659.063	5.66286804058707
465	663.787	12.5638791762448
465	668.512	11.3932771896621
465	673.238	12.0081272559194
465	677.967	9.71288299280923
465	682.696	18.3468395651958
465	687.428	-4.47851918927596
465	692.16	11.6332837689968
465	696.895	9.63411218693625
465	701.63	-5.52463922632213
465	706.367	7.90348145253014
465	711.106	5.45434976811774
465	715.845	5.51810849547926
465	720.586	0.790855354286751
465	725.329	-8.39911910279109
465	730.072	-4.22599788808516
465	734.817	7.31886981415464E-4
465	739.563	3.89603120620369
465	744.31	-10.5671852966738
465	749.058	-1.04695805505313
465	753.808	12.5862264871701
465	758.558	-4.34544570452676
465	763.31	-15.5102004847898
465	768.062	-6.03797284895884
465	772.815	-4.47077540670276
465	777.57	12.3143780090923
465	782.325	2.08430458106326
465	787.081	-4.51861976400466
465	791.838	-8.07730697342693
465	796.596	1.93459855031409
465	801.355	6.68508573296534
465	806.114	6.26742448887268
465	810.875	-0.418739019354112
465	815.635	-10.6542417153039
465	820.397	-12.7437065441732
465	825.159	-3.55173723767974
460	248.336	27.35481365917
460	252.814	7.56026298504355
460	257.296	8.58218777909849
460	261.781	13.2062744364027
460	266.271	-14.0127874359002
460	270.764	-7.15432354654873
460	275.26	10.0764354441586
460	279.76	7.88628685710481
460	284.264	-3.37164788365053
460	288.772	-4.4096569403529
460	293.283	7.04884801609336
460	297.797	-5.23060653246688
460	302.315	6.02043908218666
460	306.837	3.77789374230964
460	311.362	3.55782595622795
460	315.89	-9.54855683784452
460	320.422	-8.67382107384166
460	324.958	-8.71283740812582
460	329.496	17.0453718514847
460	334.038	-6.33412694332691
460	338.584	-9.84399082207484
460	343.133	1.63885778261598
460	347.685	2.82054712205961
460	352.24	4.04905143779588
460	356.799	12.7750130289099
460	361.361	6.07440791674721
460	365.926	4.38605009087551
460	370.495	-1.9332767117127
460	375.067	23.5880435317115
460	379.641	11.826396287492
460	384.219	6.21333011256871
460	388.801	-17.7941123899482
460	393.385	-0.00404532147581627
460	397.972	10.7117621139566
460	402.562	4.3559658808735
460	407.156	-9.03880208759513
460	411.752	-2.13161128336377
460	416.352	-5.51614444763787
460	420.954	-22.9234819875835
460	425.56	1.26332431196829
460	430.168	-3.62295371762887
460	434.779	-18.2886215857753
460	439.393	-16.2165752645605
460	444.01	-20.6045322624173
460	448.63	-25.4082638637342
460	453.253	-57.031381103692
460	457.878	-872.215061899571
460	462.506	-2202.12015900138
460	467.137	-1169.15612007114
460	471.771	-44.9030118491405
460	476.407	3.55669857280197
460	481.047	11.0280062809231
460	485.688	1.44422590606541
460	490.333	0.962142086911328
460	494.979	15.7917875755447
460	499.629	12.634152654146
460	504.281	16.2205015911428
460	508.936	35.3625070067452
460	513.593	16.3659954604957
460	518.252	23.3194281356343
460	522.914	15.7142863708129
460	527.579	13.1700466628681
460	532.245	14.7592064797412
460	536.915	8.27922093185281
460	541.586	29.0445891215489
460	546.26	25.076112499544
460	550.936	25.0984684899519
460	555.615	11.8972013714615
460	560.296	15.8292006491582
460	564.979	29.1778835710093
460	569.664	14.1006980609786
460	574.351	42.0173297323165
460	579.04	14.6954743582366
460	583.732	18.5843393698171
460	588.426	13.31145411037
460	593.121	17.3774868038575
460	597.819	11.8901378294155
460	602.519	2.81118385061123
460	607.221	1.77538355911327
460	611.924	11.3068619678013
460	616.63	4.7219784844267
460	621.338	19.0282053170761
460	626.047	11.82469783786
460	630.758	7.46895291311882
460	635.471	15.8036495828625
460	640.186	11.8724140846741
460	644.903	7.43527546503858
460	649.621	8.70136825817262
460	654.341	6.47916899176362
460	659.063	2.17501015080181
460	663.787	3.61442089133152
460	668.512	10.3148066048073
460	673.238	14.2517703634604
460	677.967	2.86713198149369
460	682.696	7.88170731017071
460	687.428	10.8594453094684
460	692.16	8.81660237210186
460	696.895	2.53409498114827
460	701.63	17.9057065504416
460	706.367	11.8606384769946
460	711.106	5.22397855926386
460	715.845	6.1721614381288
460	720.586	-6.41131195522239
460	725.329	3.13589638199001
460	730.072	5.18025543125187
460	734.817	-3.3998397576033
460	739.563	23.8585585677636
460	744.31	-3.94321344426915
460	749.058	15.2134641337184
460	753.808	5.24764023841409
460	758.558	-10.2155075001722
460	763.31	3.47305268148606
460	768.062	-8.25794841416621
460	772.815	11.246623220267
460	777.57	-1.2817055600541
460	782.325	0.261237743191622
460	787.081	-12.7758962140642
460	791.838	-7.70984845748268
460	796.596	-3.5231321123969
460	801.355	1.40293332950724
460	806.114	-0.232862229426585
460	810.875	-0.700890669458848
460	815.635	-6.0819011691561
460	820.397	-3.04810938324166
460	825.159	-3.74324009975278
455	248.336	15.7450943358762
455	252.814	6.502278121024
455	257.296	-0.978270503088954
455	261.781	12.0752766369659
455	266.271	20.5778048652862
455	270.764	2.65404221032081
455	275.26	-24.3901457537333
455	279.76	-25.9317245839914
455	284.264	-18.9604107468965
455	288.772	-15.6454655579451
455	293.283	7.62802011657819
455	297.797	-2.37531741146219
455	302.315	18.6514374088277
455	306.837	14.7281673376192
455	311.362	7.48697756779868
455	315.89	-5.67409284233903
455	320.422	4.38764079479902
455	324.958	-16.7781145000785
455	329.496	0.27206294231585
455	334.038	-2.44384212375917
455	338.584	11.9872527160893
455	343.133	-1.9007990890959
455	347.685	11.7460498929912
455	352.24	0.276929438365342
455	356.799	15.6716303107581
455	361.361	-3.09844538910945
455	365.926	4.23966811489736
455	370.495	30.0073947972964
455	375.067	-0.555525124051667
455	379.641	21.8141634946842
455	384.219	-8.82571790234801
455	388.801	-13.6894516305035
455	393.385	6.67006420753896
455	397.972	22.0053731506391
455	402.562	5.05353637721692
455	407.156	-14.8298514064487
455	411.752	-5.16142384311661
455	416.352	-11.936615306
455	420.954	-27.2843211061134
455	425.56	-5.99045119897909
455	430.168	-18.8006317851699
455	434.779	-11.0630448247094
455	439.393	-31.2183521241552
455	444.01	-25.1702791714567
455	448.63	-73.3061590603246
455	453.253	-973.983861954256
455	457.878	-2525.82722231791
455	462.506	-1052.66125383188
455	467.137	-60.3854404383688
455	471.771	-0.424113738884408
455	476.407	14.7577906605934
455	481.047	17.1515991568548
455	485.688	-5.1248342892832
455	490.333	5.27445378912801
455	494.979	12.4684397941685
455	499.629	19.194500647138
455	504.281	15.2517748750176
455	508.936	38.0570832706106
455	513.593	24.5971473222719
455	518.252	29.1151127151679
455	522.914	15.8382134384516
455	527.579	10.4733394271925
455	532.245	29.6008803189954
455	536.915	29.5542074808375
455	541.586	37.1621185555856
455	546.26	35.2086534012918
455	550.936	29.8730529658793
455	555.615	1.1142633305932
455	560.296	13.0306707851957
455	564.979	30.397597935408
455	569.664	2.52450559789333
455	574.351	40.5220195762017
455	579.04	17.4627765949979
455	583.732	18.579582732236
455	588.426	18.0665541608634
455	593.121	32.6938571288692
455	597.819	2.42970960262305
455	602.519	4.2915443426109
455	607.221	0.821908375993895
455	611.924	11.2580660348026
455	616.63	8.64071474521799
455	621.338	8.70489591225744
455	626.047	13.9464326598342
455	630.758	6.71507787589199
455	635.471	20.9706875762452
455	640.186	-1.53398115891698
455	644.903	-0.887926576700798
455	649.621	14.1429743624863
455	654.341	2.49861400674215
455	659.063	6.20573259956788
455	663.787	6.06272958121054
455	668.512	23.0254632861975
455	673.238	26.2381431676224
455	677.967	-4.29620828115755
455	682.696	-0.718035027928412
455	687.428	-0.969532386350424
455	692.16	6.82788479565352
455	696.895	3.68070113044211
455	701.63	8.66393166877144
455	706.367	-10.5294549242156
455	711.106	10.3792963004295
455	715.845	-2.81780171290595
455	720.586	-2.82280819266717
455	725.329	-7.0133027267423
455	730.072	12.8080288175559
455	734.817	-1.57732029615604
455	739.563	15.987720188439
455	744.31	14.5416742777536
455	749.058	6.79442443979465
455	753.808	17.1847924582248
455	758.558	-8.18333908726514
455	763.31	26.7786295550311
455	768.062	-6.68338503704375
455	772.815	16.8388700097281
455	777.57	-0.59407520517807
455	782.325	-0.908835308234246
455	787.081	-8.02798932832286
455	791.838	24.3876128639547
455	796.596	9.74920812335804
455	801.355	12.7584281223694
455	806.114	-6.24596036237777
455	810.875	-1.35614477653543
455	815.635	-2.7140382781424
455	820.397	-16.8323272178243
455	825.159	-7.33341183495985
450	248.336	18.6963721548655
450	252.814	5.05219930069172
450	257.296	-6.80035226813045
450	261.781	13.0430553155848
450	266.271	9.20762144048426
450	270.764	1.4785455264859
450	275.26	-1.09851336263417
450	279.76	-15.10281627942
450	284.264	-12.0224572822395
450	288.772	-18.3233831216201
450	293.283	9.68514228495918
450	297.797	8.79273964958522
450	302.315	-8.63850924856895
450	306.837	9.1706528036348
450	311.362	-3.4403658297303
450	315.89	1.13685967820437
450	320.422	-14.0523649873628
450	324.958	-14.4838654450707
450	329.496	4.51370427462622
450	334.038	-4.83257238035883
450	338.584	-2.11073221120091
450	343.133	-23.5540477376721
450	347.685	-15.1572552126087
450	352.24	-3.3857168432023
450	356.799	22.0514181441992
450	361.361	-1.25462351439398
450	365.926	5.33772842502068
450	370.495	3.73431864098595
450	375.067	4.96726606773059
450	379.641	13.1456922107126
450	384.219	-16.6199935609332
450	388.801	-20.3568572129215
450	393.385	2.46253128444098
450	397.972	16.9937725354162
450	402.562	16.5895681736432
450	407.156	-26.5990861142963
450	411.752	-9.48896755503521
450	416.352	-13.035251035822
450	420.954	-38.2634042964103
450	425.56	-13.7606081476238
450	430.168	-0.788804551940757
450	434.779	-32.3809638053707
450	439.393	-37.9131302318652
450	444.01	-70.9146570910548
450	448.63	-1157.72815718028
450	453.253	-2498.65205982559
450	457.878	-928.866353009824
450	462.506	-20.4267228167898
450	467.137	-4.53848190798512
450	471.771	12.8582194459457
450	476.407	15.1289593969003
450	481.047	12.5433075436738
450	485.688	11.5114207620841
450	490.333	3.7562975944072
450	494.979	26.8694330200813
450	499.629	20.2673853814247
450	504.281	38.2853043462231
450	508.936	37.2557360006849
450	513.593	25.0317615198344
450	518.252	26.7430422662753
450	522.914	26.5294079596913
450	527.579	4.06672512271234
450	532.245	32.6111748241438
450	536.915	23.8020574421912
450	541.586	40.135614333209
450	546.26	23.4939358661857
450	550.936	24.3430751124442
450	555.615	13.5548813632297
450	560.296	7.22507026555839
450	564.979	22.5644742215145
450	569.664	18.6147030403785
450	574.351	45.8586379951053
450	579.04	24.0131805180857
450	583.732	6.87476532482624
450	588.426	25.1846549430631
450	593.121	19.0375301701782
450	597.819	2.92198327004594
450	602.519	26.7986426066718
450	607.221	-8.02601896046
450	611.924	11.8074216105173
450	616.63	1.63231317370902
450	621.338	20.2875941668234
450	626.047	22.8647704042812
450	630.758	6.26133399734094
450	635.471	16.9716104973537
450	640.186	4.36824887499821
450	644.903	5.65263108917062
450	649.621	3.74550360924911
450	654.341	2.27309737182103
450	659.063	16.3394027051112
450	663.787	20.9679062738819
450	668.512	9.90571956653514
450	673.238	12.0806819149606
450	677.967	20.355382003257
450	682.696	7.21542620996354
450	687.428	18.8460862378979
450	692.16	21.3770841595007
450	696.895	-1.09287097292918
450	701.63	2.46802054367523
450	706.367	-7.24369147900804
450	711.106	-7.03248337184474
450	715.845	0.57091333140653
450	720.586	0.566011994306214
450	725.329	6.35265294544222
450	730.072	4.93967819601697
450	734.817	9.07032616510098
450	739.563	15.9710631576483
450	744.31	-3.29180771641219
450	749.058	5.73050885177702
450	753.808	31.3987683488737
450	758.558	0.939659993293635
450	763.31	-9.58117589904699
450	768.062	-0.954402234187185
450	772.815	-0.0114006497315486
450	777.57	24.9981253459558
450	782.325	-11.3704421288761
450	787.081	-17.8455091951509
450	791.838	-2.06074711966648
450	796.596	-13.618494941365
450	801.355	8.13769151729964
450	806.114	4.82462471102489
450	810.875	-21.6975677165668
450	815.635	1.50120667662281
450	820.397	-11.1626340141165
450	825.159	-6.03070477680959
445	248.336	13.238932764858
445	252.814	24.8347449634756
445	257.296	-9.3416743404398
445	261.781	-0.451280280772838
445	266.271	17.9211200045514
445	270.764	-2.62819097448213
445	275.26	7.69791566795616
445	279.76	-1.66518984267096
445	284.264	-25.7662531564426
445	288.772	-14.2427950315423
445	293.283	2.87229959208216
445	297.797	-5.91145649963774
445	302.315	9.55281865112896
445	306.837	16.6717746130111
445	311.362	2.72477998665042
445	315.89	-2.04796609988643
445	320.422	13.942626257911
445	324.958	-7.36423195847015
445	329.496	1.43428281021797
445	334.038	17.6355106296901
445	338.584	-21.1505066122202
445	343.133	-26.1618668453247
445	347.685	6.49508892869534
445	352.24	-14.5978647484228
445	356.799	10.3222608923944
445	361.361	2.6013363329018
445	365.926	10.4096240962099
445	370.495	25.1157809152487
445	375.067	8.84308441920546
445	379.641	8.87579664789087
445	384.219	4.91773557588292
445	388.801	-2.73169422982825
445	393.385	-14.6586606698966
445	397.972	11.6542968304208
445	402.562	-11.5310674481777
445	407.156	-12.3399189709892
445	411.752	-2.42272928798081
445	416.352	-16.9806437034356
445	420.954	-56.5531877129656
445	425.56	-11.3024388480369
445	430.168	-20.4291574979594
445	434.779	-2.06226081501168
445	439.393	-111.226775996656
445	444.01	-1133.21634508862
445	448.63	-2527.2321052256
445	453.253	-853.905074153539
445	457.878	-21.5719847841764
445	462.506	-6.72279066017193
445	467.137	-0.553507221224763
445	471.771	21.2885971534016
445	476.407	22.2049417160488
445	481.047	26.3257934156604
445	485.688	5.70471317890746
445	490.333	18.180204690431
445	494.979	18.1767836777467
445	499.629	30.5014994284638
445	504.281	31.5226851062063
445	508.936	45.9373370043871
445	513.593	33.3533481023379
445	518.252	30.8733649225638
445	522.914	30.9894650717083
445	527.579	56.9051907780762
445	532.245	51.9464204676555
445	536.915	30.0190706667336
445	541.586	25.246629530999
445	546.26	39.654977870607
445	550.936	17.0776614736466
445	555.615	6.27379408279148
445	560.296	6.30848788908419
445	564.979	32.1390939658876
445	569.664	14.6385769029135
445	574.351	33.168025737549
445	579.04	28.7551911852013
445	583.732	21.8493404600794
445	588.426	34.6557013349345
445	593.121	32.1735990313458
445	597.819	13.6316837170155
445	602.519	3.22824222582888
445	607.221	8.70435335043437
445	611.924	2.74637779142285
445	616.63	-11.3954379435156
445	621.338	14.8228634174545
445	626.047	27.1282848496675
445	630.758	3.71653240260582
445	635.471	21.8716795256045
445	640.186	-3.17853247113251
445	644.903	9.61817246887792
445	649.621	13.8962341996922
445	654.341	0.592458783702805
445	659.063	16.0530052516777
445	663.787	23.9515131571258
445	668.512	12.3805041307775
445	673.238	1.25020136741144
445	677.967	14.1115845775778
445	682.696	24.7455108086184
445	687.428	13.7427689792404
445	692.16	18.3068945891519
445	696.895	6.46384379939615
445	701.63	17.6089748412489
445	706.367	7.9086508983439
445	711.106	-6.35523674113501
445	715.845	-13.8218639772815
445	720.586	-10.8129742621654
445	725.329	6.50839525687551
445	730.072	-10.6850904480982
445	734.817	-10.0575006061032
445	739.563	21.0634187503051
445	744.31	-15.2578946243522
445	749.058	32.245019337469
445	753.808	0.730490492223151
445	758.558	-15.6281039347571
445	763.31	3.41812376537421
445	768.062	8.04347252553967
445	772.815	12.2197071959156
445	777.57	-7.03840691057252
445	782.325	8.30957542475093
445	787.081	-5.70263178879444
445	791.838	-10.5786232452417
445	796.596	3.30738499440401
445	801.355	7.15600906575993
445	806.114	3.93080485844012
445	810.875	-5.37100318393514
445	815.635	0.00892216100135101
445	820.397	-10.3782392194126
445	825.159	-4.64941699435407
440	248.336	2.6248617707025
440	252.814	16.1565215686144
440	257.296	11.0986863636194
440	261.781	31.5452061010273
440	266.271	16.4997860132932
440	270.764	-10.0897502968873
440	275.26	-9.8789506611738
440	279.76	17.8937176296557
440	284.264	-25.3395339204377
440	288.772	6.67602756170834
440	293.283	-0.376014765756613
440	297.797	11.2980421786006
440	302.315	17.887337949994
440	306.837	12.1264333325709
440	311.362	16.0335058699593
440	315.89	2.49045683376073
440	320.422	-28.1657117915626
440	324.958	-5.88491378466381
440	329.496	23.9556179756985
440	334.038	-1.87945771069841
440	338.584	-19.1650499197168
440	343.133	2.25263965894315
440	347.685	9.42788921138611
440	352.24	-5.35202283186733
440	356.799	23.187122462133
440	361.361	21.7921181422048
440	365.926	-5.46546916823193
440	370.495	32.1328031030316
440	375.067	11.5755694197663
440	379.641	39.3998276050146
440	384.219	-1.84728686312471
440	388.801	-8.5578658091982
440	393.385	-1.70670449458298
440	397.972	11.8861776077686
440	402.562	-5.404113217118
440	407.156	-42.2065541162471
440	411.752	-27.5841905108368
440	416.352	-23.4938131635819
440	420.954	-56.1688965625174
440	425.56	-4.12419872995008
440	430.168	-13.8256112772025
440	434.779	-63.052935462493
440	439.393	-1340.94881171341
440	444.01	-2393.26816958039
440	448.63	-606.805085466922
440	453.253	-4.11598228035398
440	457.878	-4.88229568089496
440	462.506	6.16610253254843
440	467.137	7.14665956975718
440	471.771	24.1824604017426
440	476.407	35.8540871428675
440	481.047	20.579435601768
440	485.688	25.3109848561196
440	490.333	16.4597729650163
440	494.979	40.4960979020841
440	499.629	40.5589260383768
440	504.281	36.6936670637559
440	508.936	44.0035094959335
440	513.593	30.8460031128103
440	518.252	57.3022640189529
440	522.914	48.8234617680996
440	527.579	26.7007079372665
440	532.245	44.5783838152393
440	536.915	28.7711369190936
440	541.586	34.5558395505536
440	546.26	35.8266895517986
440	550.936	27.1387539897514
440	555.615	11.871937792576
440	560.296	0.261834310563408
440	564.979	20.590151417358
440	569.664	15.62228196265
440	574.351	36.6747153688862
440	579.04	16.9942009395852
440	583.732	32.2783335815692
440	588.426	26.8964347066497
440	593.121	27.5894459891369
440	597.819	26.3547541951419
440	602.519	10.170804140855
440	607.221	9.12363082540741
440	611.924	3.16703657530757
440	616.63	-3.49477912309266
440	621.338	21.4146898488633
440	626.047	29.9148965242793
440	630.758	7.18548381394065
440	635.471	19.0041647643516
440	640.186	-7.55709760469577
440	644.903	17.4230573087847
440	649.621	10.5402190281175
440	654.341	5.35070850348711
440	659.063	32.3812188299109
440	663.787	24.1476693447221
440	668.512	25.3060451700751
440	673.238	31.6636534665462
440	677.967	3.28609987252488
440	682.696	12.3010471770977
440	687.428	-9.70868723705905
440	692.16	8.41442747423291
440	696.895	22.7054067615957
440	701.63	9.57003355109475
440	706.367	8.29770183307605
440	711.106	3.49429516473003
440	715.845	3.53437760152482
440	720.586	17.0119807704817
440	725.329	-30.1368226405195
440	730.072	-2.52933061406547
440	734.817	7.27208337737245
440	739.563	27.5839181047175
440	744.31	21.5600590124133
440	749.058	15.0209409072039
440	753.808	54.3485215905815
440	758.558	-1.16819897707415
440	763.31	12.323908831095
440	768.062	-8.02269284427465
440	772.815	-4.01392103432357
440	777.57	-5.3179440287064
440	782.325	24.5085859347962
440	787.081	-4.26612388120683
440	791.838	13.639276181055
440	796.596	9.11721713739664
440	801.355	-9.36800863329218
440	806.114	5.62224350372981
440	810.875	-1.49929016807803
440	815.635	-2.9975079017777
440	820.397	-23.6118329894102
440	825.159	-5.99659291293533
435	248.336	29.6286608021505
435	252.814	19.7142471032816
435	257.296	-6.5030521498307
435	261.781	19.3527373606599
435	266.271	8.49948426516982
435	270.764	-6.26675284530309
435	275.26	15.3358789061949
435	279.76	1.70327712428751
435	284.264	-27.5705063688618
435	288.772	-17.2481453273456
435	293.283	8.81817033546457
435	297.797	-0.711501693696104
435	302.315	8.03104162446067
435	306.837	-0.34879049890764
435	311.362	21.2147207487181
435	315.89	4.51618249150689
435	320.422	-17.3989679116219
435	324.958	-0.717814150571837
435	329.496	-10.228544079366
435	334.038	-1.83771820348781
435	338.584	-8.06905608854545
435	343.133	-16.1246777719255
435	347.685	-4.78378215212267
435	352.24	2.98422551640939
435	356.799	-6.79001948239235
435	361.361	4.55830174002494
435	365.926	26.2880861096554
435	370.495	24.5635881233072
435	375.067	9.79158850387359
435	379.641	42.0831211201955
435	384.219	-19.0823114301441
435	388.801	-36.5431219656525
435	393.385	-15.3192769650557
435	397.972	4.832809314894
435	402.562	-9.9222280937601
435	407.156	-32.5862761102399
435	411.752	-33.5617191894334
435	416.352	-27.6766215769483
435	420.954	-44.6073836318886
435	425.56	-26.3202894209447
435	430.168	-160.579673725553
435	434.779	-1651.50893670814
435	439.393	-2275.16754435519
435	444.01	-477.792567858395
435	448.63	-10.2577182296328
435	453.253	7.46406904911537
435	457.878	2.63937767766082
435	462.506	26.9781284006592
435	467.137	5.16977917899816
435	471.771	30.7937725435365
435	476.407	48.7959635798809
435	481.047	37.8911962493158
435	485.688	13.499832181681
435	490.333	32.9076105107446
435	494.979	37.4877926935073
435	499.629	38.0649210780334
435	504.281	54.3563747246426
435	508.936	68.4730559852481
435	513.593	49.9758123623502
435	518.252	47.986484955113
435	522.914	25.5958495427257
435	527.579	32.3092449175002
435	532.245	40.0390849797833
435	536.915	30.5948860155959
435	541.586	24.3480357570655
435	546.26	26.802871792317
435	550.936	45.5220329766772
435	555.615	19.574288018331
435	560.296	7.50064888566309
435	564.979	20.620486812539
435	569.664	12.6199926887704
435	574.351	49.058382441496
435	579.04	39.5994556304071
435	583.732	8.07837012713717
435	588.426	27.3375061997991
435	593.121	41.6198415806691
435	597.819	-1.91660335032724
435	602.519	-1.10388719329657
435	607.221	18.9256277656855
435	611.924	3.37185496727415
435	616.63	-2.84179141746369
435	621.338	15.4624464791112
435	626.047	37.8723346575199
435	630.758	-11.9807000081068
435	635.471	30.0329118625203
435	640.186	-1.18080552930262
435	644.903	15.2169512410352
435	649.621	12.4058829303719
435	654.341	7.98905913518847
435	659.063	7.12700316995768
435	663.787	43.9983268730643
435	668.512	23.7508558404768
435	673.238	20.0721619364158
435	677.967	11.874190688001
435	682.696	5.84123646598033
435	687.428	11.4370407160453
435	692.16	8.5414085149678
435	696.895	-3.30817935484261
435	701.63	5.00365205272173
435	706.367	-1.68826022323587
435	711.106	13.9862176312313
435	715.845	-4.14086552097665
435	720.586	9.34059445053874
435	725.329	-2.45047255859407
435	730.072	0.704767843396584
435	734.817	5.32276808328559
435	739.563	9.69243403887872
435	744.31	24.3079686598407
435	749.058	15.3937984356899
435	753.808	28.0173765717696
435	758.558	-0.380848634261836
435	763.31	12.0279025804906
435	768.062	3.91649645934644
435	772.815	18.3935866639684
435	777.57	10.3827994633043
435	782.325	10.5428178492273
435	787.081	-25.8158374977767
435	791.838	3.74338608327321
435	796.596	-8.89805222798849
435	801.355	-5.85274330687957
435	806.114	7.31575076847514
435	810.875	8.41306086512648
435	815.635	3.6581627502712
435	820.397	-36.2133735709858
435	825.159	-13.168672440479
430	248.336	28.7452006215842
430	252.814	13.5972117601878
430	257.296	-26.9191050427271
430	261.781	2.55226520366791
430	266.271	35.5672169903135
430	270.764	-9.11481145188145
430	275.26	-8.07988525450581
430	279.76	-7.44719116898068
430	284.264	-11.0157256983951
430	288.772	-13.3862250400322
430	293.283	18.8868601000873
430	297.797	20.3510773737734
430	302.315	5.74707506023534
430	306.837	11.4792762302747
430	311.362	-2.69890038552249
430	315.89	-22.2439758574673
430	320.422	-3.71983729950124
430	324.958	-24.021478147767
430	329.496	27.9975677345078
430	334.038	-6.76778518592169
430	338.584	16.7317022695747
430	343.133	0.355996161404698
430	347.685	13.5651665289708
430	352.24	-14.4791879840328
430	356.799	-10.2488598579269
430	361.361	2.57851371463322
430	365.926	14.0355945321033
430	370.495	29.3184256765927
430	375.067	-26.6624654813544
430	379.641	21.8220589108611
430	384.219	-2.45420665856318
430	388.801	-16.2101004769748
430	393.385	-15.5327175203639
430	397.972	4.63533452417292
430	402.562	-1.30199555291915
430	407.156	-43.3225922392787
430	411.752	-43.4913135908284
430	416.352	-19.4409809404225
430	420.954	-49.0535483620615
430	425.56	-242.412831566782
430	430.168	-1774.99629733262
430	434.779	-2097.24178681614
430	439.393	-338.623645729399
430	444.01	5.80326430069368
430	448.63	-8.67792259223876
430	453.253	27.3885152559018
430	457.878	3.30298054158489
430	462.506	16.4838339197844
430	467.137	18.0318731102978
430	471.771	37.5633261122806
430	476.407	38.6270244667242
430	481.047	35.9917598926199
430	485.688	31.852532440571
430	490.333	25.9464498859992
430	494.979	52.3625736140439
430	499.629	61.8257641805459
430	504.281	56.5772634400304
430	508.936	84.012924569371
430	513.593	57.1108146331169
430	518.252	57.4219892071571
430	522.914	30.5862249756386
430	527.579	41.6862351084554
430	532.245	37.1303081458119
430	536.915	35.4934967525526
430	541.586	44.0176509022199
430	546.26	35.3917804185873
430	550.936	27.4242059444977
430	555.615	15.4777704178454
430	560.296	22.8187047559571
430	564.979	33.6639067544306
430	569.664	21.9228119768999
430	574.351	35.9973243674896
430	579.04	31.1299675465851
430	583.732	15.1473006074853
430	588.426	25.4582378217918
430	593.121	37.988608244523
430	597.819	25.471611863049
430	602.519	7.48431280930469
430	607.221	9.43999772601248
430	611.924	30.5186106976793
430	616.63	6.60647744696797
430	621.338	14.437702849982
430	626.047	31.4073891521775
430	630.758	4.2504084703217
430	635.471	2.56419083707972
430	640.186	-1.43747092714843
430	644.903	-0.584904343047327
430	649.621	22.0098700758817
430	654.341	5.65726814232325
430	659.063	28.5476501355765
430	663.787	16.4532502219759
430	668.512	43.2968712586152
430	673.238	34.3010688886911
430	677.967	17.1154222979073
430	682.696	14.4729387019539
430	687.428	2.22009816573215
430	692.16	15.6121670361406
430	696.895	4.4904268743666
430	701.63	13.2605646147228
430	706.367	-4.58453117919949
430	711.106	1.98335079437302
430	715.845	9.03835500451865
430	720.586	24.833024835077
430	725.329	0.343120949670861
430	730.072	16.7385455385083
430	734.817	-13.7611330424233
430	739.563	22.6354074598526
430	744.31	-5.28062766003202
430	749.058	2.48187646132781
430	753.808	15.2131718273847
430	758.558	-28.0371390823533
430	763.31	-1.88070555407009
430	768.062	14.8097668756844
430	772.815	0.368139780030592
430	777.57	19.3655743704001
430	782.325	5.89281700097709
430	787.081	4.03062714515127
430	791.838	-8.4832818797803
430	796.596	-15.6192412164427
430	801.355	17.028320220924
430	806.114	2.12514931662992
430	810.875	0.353125638207082
430	815.635	12.0578766662359
430	820.397	-28.0343181301653
430	825.159	-15.9746771915467
425	248.336	14.053024209162
425	252.814	7.5743885371102
425	257.296	6.64319657121189
425	261.781	6.74247117629684
425	266.271	23.1962452579737
425	270.764	-3.43243165262982
425	275.26	5.46123986617027
425	279.76	-12.2869764025262
425	284.264	-7.79083814505718
425	288.772	6.99809360647147
425	293.283	11.2962087341112
425	297.797	-14.3399786479373
425	302.315	12.408396866309
425	306.837	14.3653859583912
425	311.362	10.0115799560325
425	315.89	-13.0105980616703
425	320.422	-4.01046080056202
425	324.958	10.6909332898399
425	329.496	32.9790285650527
425	334.038	3.18815868126823
425	338.584	-2.46063413787877
425	343.133	6.6859422138146
425	347.685	9.18571220157879
425	352.24	23.985452757101
425	356.799	-10.8698277979383
425	361.361	4.37436817547085
425	365.926	8.4100774268709
425	370.495	17.4098154038259
425	375.067	10.8516724815972
425	379.641	-5.23160548954684
425	384.219	-13.8568424906449
425	388.801	-30.4575851795838
425	393.385	-34.3106061405514
425	397.972	-14.9921053484558
425	402.562	-44.7794274889811
425	407.156	-45.8792110711126
425	411.752	-25.120499855167
425	416.352	-45.0786615526001
425	420.954	-327.539143261962
425	425.56	-1907.89916318385
425	430.168	-1833.61029648876
425	434.779	-238.295173582261
425	439.393	-0.880296837891606
425	444.01	21.0587553747874
425	448.63	6.95425047353486
425	453.253	23.5184864730633
425	457.878	20.5005296272224
425	462.506	18.3257558243729
425	467.137	30.5027876229339
425	471.771	39.1454199051127
425	476.407	48.7842960282896
425	481.047	54.1775509665865
425	485.688	33.4496222788458
425	490.333	41.6962014192649
425	494.979	62.5278687850884
425	499.629	76.2532196590945
425	504.281	65.9965455766331
425	508.936	67.3389366440279
425	513.593	48.932253833942
425	518.252	57.5776641002321
425	522.914	44.121319090302
425	527.579	36.0168228000846
425	532.245	45.5884475746734
425	536.915	41.1510715630996
425	541.586	30.4166056080217
425	546.26	31.6016901817804
425	550.936	36.7824454627419
425	555.615	57.3411420341917
425	560.296	399.958807229932
425	564.979	42.0957833751204
425	569.664	30.2831474105615
425	574.351	46.319243308321
425	579.04	34.1559763628459
425	583.732	31.7963459756849
425	588.426	29.8736487169399
425	593.121	33.4250427436521
425	597.819	20.2144212773376
425	602.519	19.5926407350015
425	607.221	-5.08188477637427
425	611.924	16.7268027744728
425	616.63	122.431701582611
425	621.338	21.7124152101925
425	626.047	18.8716931402589
425	630.758	3.92401748838204
425	635.471	25.1544952192221
425	640.186	17.2706146535712
425	644.903	20.9034361018999
425	649.621	22.0811923255403
425	654.341	2.35179548371547
425	659.063	7.72307335752579
425	663.787	11.1611109734743
425	668.512	20.3646786285511
425	673.238	20.1872437113114
425	677.967	13.5500497605059
425	682.696	27.1005070033346
425	687.428	8.15491840944325
425	692.16	30.9152199858507
425	696.895	-5.07393426699186
425	701.63	22.7376837430255
425	706.367	-13.9528735035683
425	711.106	11.7834554118027
425	715.845	18.550994980672
425	720.586	-10.954744579381
425	725.329	-2.35232575293791
425	730.072	-5.42484487921644
425	734.817	16.3616089858347
425	739.563	4.14491078764266
425	744.31	-0.00197708390110085
425	749.058	9.1508009175471
425	753.808	26.1717987956235
425	758.558	-9.12977183704356
425	763.31	3.35404307435272
425	768.062	0.371889911719005
425	772.815	-7.90708278546212
425	777.57	31.0508149961646
425	782.325	-2.34072202522318
425	787.081	-26.397768864714
425	791.838	-5.18541793242471
425	796.596	13.8238491956334
425	801.355	-9.48513639105329
425	806.114	9.48001069437557
425	810.875	-4.21767278049315
425	815.635	6.67145613121426
425	820.397	-33.7257203929854
425	825.159	3.16389529745457
420	248.336	13.3705404214536
420	252.814	11.5572419006554
420	257.296	-1.33442228337078
420	261.781	8.92410073295983
420	266.271	4.53794324877083
420	270.764	5.00167185959169
420	275.26	-26.2489787050221
420	279.76	0.430827831465582
420	284.264	-29.6402975448463
420	288.772	1.17066488458278
420	293.283	-7.08591325491903
420	297.797	21.3041973031292
420	302.315	-14.8922260859993
420	306.837	10.6030560971896
420	311.362	2.1223311284302
420	315.89	1.40343185373012
420	320.422	-27.5537101062468
420	324.958	-11.2947455384931
420	329.496	-1.85275869904297
420	334.038	-17.5393695490916
420	338.584	2.98609850532264
420	343.133	5.94809765205646
420	347.685	3.3662652606972
420	352.24	8.32514299841528
420	356.799	6.50408040668175
420	361.361	3.46941459971002
420	365.926	-1.54833829241855
420	370.495	23.7806058362935
420	375.067	22.5514087414294
420	379.641	10.2956692342706
420	384.219	-27.460218702222
420	388.801	-28.3440518876167
420	393.385	-22.7611339932444
420	397.972	-14.8315659041959
420	402.562	-19.2983369199036
420	407.156	-55.6505389670887
420	411.752	-29.6349324809485
420	416.352	-351.847295389567
420	420.954	-1823.87342275027
420	425.56	-1725.03049525574
420	430.168	-190.93379680612
420	434.779	14.7284860570053
420	439.393	3.6349558265286
420	444.01	15.5950338909276
420	448.63	18.3234960773645
420	453.253	15.4079977703956
420	457.878	14.9886648204839
420	462.506	30.2923132361771
420	467.137	23.866825911571
420	471.771	59.1157091427862
420	476.407	70.7798972733684
420	481.047	40.4620320947341
420	485.688	41.960842229659
420	490.333	63.8889433050252
420	494.979	67.2478942274388
420	499.629	68.8924299050909
420	504.281	64.4225453000059
420	508.936	66.6897894605303
420	513.593	47.1747662376869
420	518.252	56.5858174020062
420	522.914	44.9000337384661
420	527.579	37.076325205352
420	532.245	44.9264057978742
420	536.915	48.3577708699578
420	541.586	52.2563568343144
420	546.26	34.9720776770447
420	550.936	27.6665113084119
420	555.615	22.9994556726552
420	560.296	21.2607564960728
420	564.979	30.9990315515212
420	569.664	19.4792506888781
420	574.351	37.9467534694947
420	579.04	31.7705156792739
420	583.732	16.9461633298445
420	588.426	21.9747561732125
420	593.121	41.4172349640671
420	597.819	6.38343931014324
420	602.519	-0.284090163865792
420	607.221	17.5118175913046
420	611.924	8.56121300303169
420	616.63	-10.0962626121834
420	621.338	23.8320295929068
420	626.047	32.2882085007062
420	630.758	11.8631651070023
420	635.471	33.7703355663479
420	640.186	13.1713824211617
420	644.903	8.17161015380218
420	649.621	20.577901235826
420	654.341	18.0863584335092
420	659.063	22.0131060705888
420	663.787	42.1031129197739
420	668.512	44.3587450831493
420	673.238	36.8731926355986
420	677.967	12.0483891315285
420	682.696	15.4838424920793
420	687.428	-6.29782680068948
420	692.16	28.0134508176446
420	696.895	12.0854337077714
420	701.63	7.7819152589731
420	706.367	13.6954367386083
420	711.106	7.61206914922572
420	715.845	2.79615590170703
420	720.586	1.06051777384862
420	725.329	7.113020335491
420	730.072	-5.00977464893357
420	734.817	-8.64805797916626
420	739.563	14.5754275609804
420	744.31	4.42190972229544
420	749.058	20.8332984022421
420	753.808	45.8941776973671
420	758.558	-21.6304478989011
420	763.31	-1.17951664317654
420	768.062	-14.3160611191341
420	772.815	34.1636164652409
420	777.57	11.752763772484
420	782.325	-0.00840946178388435
420	787.081	-17.7597972466306
420	791.838	-7.18456189076856
420	796.596	11.6050168741617
420	801.355	12.25318365308
420	806.114	20.7978387518736
420	810.875	2.59913718068286
420	815.635	-19.688826682783
420	820.397	-41.223478117298
420	825.159	-10.0270044678722
415	248.336	30.8471590934049
415	252.814	26.1904642198495
415	257.296	19.4358120816658
415	261.781	-10.3294938134118
415	266.271	11.9395958736913
415	270.764	-12.4237434652282
415	275.26	24.7917280807155
415	279.76	-7.73026806154641
415	284.264	-19.0434902231075
415	288.772	-15.1400301660524
415	293.283	0.392505627855778
415	297.797	5.31603442089206
415	302.315	14.1650659306833
415	306.837	17.8433578842277
415	311.362	7.79577064744522
415	315.89	-5.93437848116998
415	320.422	4.08624222709543
415	324.958	-5.75049081107434
415	329.496	-13.2597197849674
415	334.038	7.45596051425756
415	338.584	12.5303761629303
415	343.133	-16.4305510218545
415	347.685	5.49907848300661
415	352.24	5.97500873617143
415	356.799	-14.0922430513218
415	361.361	8.51512090867212
415	365.926	13.4231942950717
415	370.495	39.1333360171275
415	375.067	16.4866424995316
415	379.641	17.8226726820735
415	384.219	-38.0321274610491
415	388.801	-52.7351184740828
415	393.385	-25.932593276948
415	397.972	-9.27306266215348
415	402.562	-33.3952642729487
415	407.156	-53.1154528171704
415	411.752	-493.545498335805
415	416.352	-1975.67482237735
415	420.954	-1435.71326463171
415	425.56	-143.433521697413
415	430.168	9.29190924328309
415	434.779	28.9839390067757
415	439.393	13.3586631600321
415	444.01	30.2256966014938
415	448.63	15.5572213003665
415	453.253	29.8985255270848
415	457.878	23.9719083642148
415	462.506	36.9140681626818
415	467.137	43.0696892089274
415	471.771	56.4433833234795
415	476.407	64.6585749014828
415	481.047	70.903459033169
415	485.688	59.6180213819306
415	490.333	65.4025312144237
415	494.979	70.5273373216559
415	499.629	56.8988064153722
415	504.281	82.9925920130622
415	508.936	77.7093481580872
415	513.593	58.2112402791834
415	518.252	56.3219430162761
415	522.914	41.3987100559543
415	527.579	47.7623227608248
415	532.245	57.8794704679984
415	536.915	50.8702598830716
415	541.586	43.8660675624671
415	546.26	38.9705215389844
415	550.936	39.2635686794737
415	555.615	18.4241774108954
415	560.296	28.7207987389765
415	564.979	25.3579026722206
415	569.664	40.4195241924607
415	574.351	42.1821241011264
415	579.04	55.1290452202575
415	583.732	29.8973686182207
415	588.426	16.4713188670674
415	593.121	38.3330248573053
415	597.819	7.30492321146753
415	602.519	0.58970414877923
415	607.221	16.0443706668755
415	611.924	12.597728788425
415	616.63	-3.03206786336341
415	621.338	16.5075307270694
415	626.047	20.9867228180192
415	630.758	12.7894977250348
415	635.471	9.11688147643999
415	640.186	11.9678846766201
415	644.903	23.8891927313408
415	649.621	20.351503159974
415	654.341	19.0279748592376
415	659.063	41.3510913894028
415	663.787	36.2345916301871
415	668.512	53.755050540095
415	673.238	30.6103783611584
415	677.967	15.0756823530748
415	682.696	22.8640262038563
415	687.428	-1.39565642966045
415	692.16	15.7831906042561
415	696.895	20.8339911328887
415	701.63	27.0627374582677
415	706.367	20.1809676543734
415	711.106	20.0298624579674
415	715.845	18.0496757670451
415	720.586	-1.4768356295203
415	725.329	-3.36507232405962
415	730.072	-2.63240794348822
415	734.817	6.81797010722156
415	739.563	15.7104469513847
415	744.31	11.2316676697554
415	749.058	12.9123300094366
415	753.808	29.5114115115355
415	758.558	-7.71461708619791
415	763.31	17.3948947839459
415	768.062	-17.1394091784074
415	772.815	15.4593329399771
415	777.57	9.80511870116507
415	782.325	22.0760575964462
415	787.081	3.55748128357493
415	791.838	7.54820432219695
415	796.596	-0.452248626481838
415	801.355	8.59046661953715
415	806.114	17.5722122706793
415	810.875	4.68724993227041
415	815.635	-8.20012086620977
415	820.397	0.392513367391537
415	825.159	-0.776205749772025
410	248.336	19.7146818363004
410	252.814	-4.61946441192891
410	257.296	25.902530292965
410	261.781	37.1062395688425
410	266.271	17.8222456372744
410	270.764	-23.0775839110944
410	275.26	29.7773105320262
410	279.76	-5.49007273212061
410	284.264	-26.1277649817509
410	288.772	3.59299066812245
410	293.283	27.9824052903931
410	297.797	4.58428812791369
410	302.315	13.9108457106466
410	306.837	3.6722579074006
410	311.362	22.4112379781663
410	315.89	-24.8311251436678
410	320.422	-22.8317773922241
410	324.958	-10.0978117413719
410	329.496	19.261482545103
410	334.038	-35.3252032718299
410	338.584	-4.29771494339238
410	343.133	13.3116989351293
410	347.685	5.60531086501152
410	352.24	1.74923249233896
410	356.799	-14.1422305672725
410	361.361	28.928974960812
410	365.926	3.12588676537758
410	370.495	20.813575841522
410	375.067	-14.5564973867832
410	379.641	5.53545509439635
410	384.219	10.5584371160724
410	388.801	-15.0769446461067
410	393.385	-7.01256292951962
410	397.972	-9.80920900467316
410	402.562	-14.8644911495883
410	407.156	-278.771764963691
410	411.752	-1603.32530925704
410	416.352	-1254.28020929706
410	420.954	-127.035987456858
410	425.56	4.6946821390386
410	430.168	15.1234957716962
410	434.779	41.318617333927
410	439.393	21.5005895962579
410	444.01	37.0377805646027
410	448.63	27.1885962063116
410	453.253	48.751730459003
410	457.878	37.1401053076277
410	462.506	46.3455099746842
410	467.137	58.1821305938171
410	471.771	64.3669410362767
410	476.407	83.8498451507502
410	481.047	62.9040275089563
410	485.688	46.8776492538736
410	490.333	72.041647396396
410	494.979	71.7174669792345
410	499.629	72.5587990529213
410	504.281	64.8938635285044
410	508.936	64.5605728640249
410	513.593	68.3072188957713
410	518.252	38.9648472576747
410	522.914	45.1456178831364
410	527.579	43.9763558506086
410	532.245	29.141273205179
410	536.915	43.1970829052975
410	541.586	42.4992289376732
410	546.26	37.688241816879
410	550.936	40.0804071836609
410	555.615	16.5992484575975
410	560.296	24.5510777870456
410	564.979	49.2409124288486
410	569.664	34.197145570041
410	574.351	64.9402874874457
410	579.04	36.9954321647443
410	583.732	23.6646452130829
410	588.426	32.0326901311257
410	593.121	28.6865973937147
410	597.819	4.48964494709691
410	602.519	29.7328120159145
410	607.221	18.5878670816746
410	611.924	4.60913968897999
410	616.63	-13.9815559296995
410	621.338	23.1505567937421
410	626.047	39.2941800208342
410	630.758	15.7494897510397
410	635.471	11.7307163018697
410	640.186	6.56801589839202
410	644.903	22.7246177753094
410	649.621	21.2732810954441
410	654.341	31.6852858612432
410	659.063	47.9276989262118
410	663.787	24.304369059992
410	668.512	41.1887919718775
410	673.238	48.15596545493
410	677.967	34.2199935877127
410	682.696	31.9393121060156
410	687.428	16.8472982156638
410	692.16	25.4076779525347
410	696.895	13.1779224752862
410	701.63	14.4617927168449
410	706.367	12.2614391866232
410	711.106	7.99437279796713
410	715.845	3.63880617730689
410	720.586	1.21588048369213
410	725.329	-24.2073514822153
410	730.072	1.23910801366584
410	734.817	13.7206437953778
410	739.563	16.8238810272806
410	744.31	-7.22642332869682
410	749.058	33.9257314611132
410	753.808	18.3841246861917
410	758.558	-4.45656709263467
410	763.31	-11.8197666874834
410	768.062	-10.0945987533252
410	772.815	28.4311312325283
410	777.57	25.2666833902485
410	782.325	3.8011930221306
410	787.081	-7.31713888349559
410	791.838	17.0583409141051
410	796.596	-21.3482535785724
410	801.355	-2.99996283391389
410	806.114	-4.71450336509327
410	810.875	-27.8575218212754
410	815.635	-1.28282467366547
410	820.397	-26.5658588730945
410	825.159	-34.2790420967688
405	248.336	27.6033710519977
405	252.814	17.883272584181
405	257.296	-6.9737899172761
405	261.781	34.2781458502693
405	266.271	33.205416949224
405	270.764	-16.6111213153202
405	275.26	16.8022728968368
405	279.76	9.48439134108204
405	284.264	-13.0403102226067
405	288.772	6.16381174199688
405	293.283	12.2721544713211
405	297.797	18.9206874214771
405	302.315	-6.27323128650659E-4
405	306.837	7.7533837424414
405	311.362	-4.30189043313009
405	315.89	13.3223279358043
405	320.422	2.15260944721703
405	324.958	7.55078606858265
405	329.496	21.6928281568672
405	334.038	9.55211109956372
405	338.584	-10.4360969974541
405	343.133	-6.34858129583811
405	347.685	6.37283845490182
405	352.24	16.1514921486163
405	356.799	-0.935667440437943
405	361.361	-19.2679120266831
405	365.926	-20.7474376356438
405	370.495	-1.41852377374684
405	375.067	-0.963834425857215
405	379.641	25.0971062838858
405	384.219	-15.6238801088416
405	388.801	-59.8787612310634
405	393.385	-30.5193774602353
405	397.972	-1.28642715589024
405	402.562	-142.137889358102
405	407.156	-1316.55195648244
405	411.752	-1057.51945261707
405	416.352	-58.9274146439675
405	420.954	-9.02546587547805
405	425.56	26.8788296118984
405	430.168	30.8809711701539
405	434.779	30.4596551705372
405	439.393	31.2881740091446
405	444.01	48.6161409696283
405	448.63	21.0209422232742
405	453.253	32.3273276127113
405	457.878	34.2999150246794
405	462.506	63.8058967587889
405	467.137	33.5173952974635
405	471.771	83.3976964827436
405	476.407	99.8034248333936
405	481.047	78.9412456431379
405	485.688	72.475480940591
405	490.333	61.8488495376357
405	494.979	62.145694475115
405	499.629	70.6372833080997
405	504.281	85.7959807196263
405	508.936	72.8492746499289
405	513.593	69.626870483231
405	518.252	73.9223663937556
405	522.914	62.1130688562032
405	527.579	40.5845481064512
405	532.245	44.6076193841604
405	536.915	58.0128479735392
405	541.586	47.6904345874992
405	546.26	44.2077824737163
405	550.936	59.495183136963
405	555.615	18.1589958513607
405	560.296	28.4777761450857
405	564.979	23.2475890885527
405	569.664	21.7914116721215
405	574.351	71.5129583821819
405	579.04	47.9938766307338
405	583.732	35.3116663670323
405	588.426	34.4867754404307
405	593.121	50.138787148042
405	597.819	9.81721678252771
405	602.519	20.8134402455925
405	607.221	-0.345474796330977
405	611.924	38.2359409233244
405	616.63	-4.21903261237363
405	621.338	19.1273783890889
405	626.047	38.9816426872285
405	630.758	16.6272998043736
405	635.471	32.4180154761599
405	640.186	-9.12491285274927
405	644.903	17.7161010083688
405	649.621	27.6993777307515
405	654.341	9.88165936399862
405	659.063	20.6993067027933
405	663.787	36.5434719680952
405	668.512	47.4021736793142
405	673.238	49.2661470751855
405	677.967	32.1563158693939
405	682.696	33.3193545978409
405	687.428	11.3183754546465
405	692.16	37.7983866199592
405	696.895	4.09060467567247
405	701.63	2.47510950969547
405	706.367	4.17403132853143
405	711.106	6.32935152628947
405	715.845	-0.425834380776646
405	720.586	13.2661993860609
405	725.329	5.1986244090458
405	730.072	-11.7697265023152
405	734.817	12.731154387313
405	739.563	46.1830933362308
405	744.31	8.97611565726099
405	749.058	9.52013548243491
405	753.808	29.1148106427269
405	758.558	-5.1750711446626
405	763.31	6.23999100341956
405	768.062	-3.38989643405952
405	772.815	25.6583608293199
405	777.57	26.181347976177
405	782.325	0.499698959533898
405	787.081	-48.4197276495084
405	791.838	3.08680714593548
405	796.596	-22.0164053050692
405	801.355	0.449415255286304
405	806.114	11.7564261123076
405	810.875	-15.8589927106917
405	815.635	-24.0055956454306
405	820.397	-38.0280239871611
405	825.159	20.3555110076786
400	248.336	22.7390501374903
400	252.814	25.633254612126
400	257.296	-18.492145421387
400	261.781	10.1871452865245
400	266.271	30.5375101315681
400	270.764	-4.91037036326154
400	275.26	-10.147209013461
400	279.76	2.59709501631392
400	284.264	-35.0883758955459
400	288.772	7.47551822594205
400	293.283	9.40465317882284
400	297.797	7.80427871229606
400	302.315	0.851445492204061
400	306.837	1.69846187112203
400	311.362	11.4455136442111
400	315.89	2.5409373694482
400	320.422	-16.117716642472
400	324.958	-1.75097152622241
400	329.496	12.0232721284816
400	334.038	-14.341555275448
400	338.584	-37.1100910375611
400	343.133	4.02088365337065
400	347.685	34.0893823277559
400	352.24	20.4635722711988
400	356.799	-0.458588317791531
400	361.361	-15.2760967460018
400	365.926	-11.6037246394928
400	370.495	0.0102944435398626
400	375.067	-32.1217326957926
400	379.641	-28.7329811418881
400	384.219	-46.06692758432
400	388.801	-53.8646978626913
400	393.385	-45.425233204063
400	397.972	-732.034769450825
400	402.562	-1914.33121019107
400	407.156	-894.075489066756
400	411.752	-21.3618424278364
400	416.352	14.1464835674722
400	420.954	-29.4888186314748
400	425.56	19.1743757842705
400	430.168	37.2765990948921
400	434.779	56.9703291910322
400	439.393	26.7719026088754
400	444.01	36.8554694192625
400	448.63	41.1098202104951
400	453.253	56.5709596655261
400	457.878	60.8667715458894
400	462.506	70.5918020649824
400	467.137	57.7129942005312
400	471.771	81.9726830454057
400	476.407	87.2016420007003
400	481.047	87.4196496194592
400	485.688	63.3479868643554
400	490.333	75.2535197665227
400	494.979	95.4351734054254
400	499.629	85.6917523466629
400	504.281	91.3539605440466
400	508.936	90.2697281215902
400	513.593	39.5125138174809
400	518.252	74.3653449398279
400	522.914	46.6623654898054
400	527.579	70.592478438617
400	532.245	73.060074387162
400	536.915	52.2751929259913
400	541.586	43.2848408092507
400	546.26	44.8081884720411
400	550.936	48.2795731241428
400	555.615	-3.45278878643659
400	560.296	18.288846102065
400	564.979	30.2264756698293
400	569.664	27.8834192919307
400	574.351	42.3452358294077
400	579.04	39.790805500753
400	583.732	17.0688201159323
400	588.426	32.0038501831124
400	593.121	29.8427730412537
400	597.819	6.0051111968209
400	602.519	17.1469650229983
400	607.221	4.07106342539844
400	611.924	32.5378058415496
400	616.63	9.00477532726511
400	621.338	40.8376575923754
400	626.047	20.4393218163844
400	630.758	14.6033858940255
400	635.471	42.7111639293264
400	640.186	14.3840068944115
400	644.903	11.6386647562804
400	649.621	30.9832488793659
400	654.341	34.086586020046
400	659.063	33.9953484314259
400	663.787	41.3732514716346
400	668.512	37.4450447975594
400	673.238	53.2041822662803
400	677.967	43.0321550758893
400	682.696	36.3916903895903
400	687.428	30.2722917276924
400	692.16	45.254601684002
400	696.895	26.6114109051009
400	701.63	19.5170275938932
400	706.367	15.6358618630121
400	711.106	-9.97905772709486
400	715.845	39.5389674762475
400	720.586	18.1320449308255
400	725.329	8.53663426881284
400	730.072	0.429607566576359
400	734.817	-8.21815653104578
400	739.563	25.8157128553783
400	744.31	22.5536756725214
400	749.058	12.5095099627324
400	753.808	39.1609244854265
400	758.558	-31.0631743779276
400	763.31	8.51224698603783
400	768.062	-6.68281866674671
400	772.815	-2.86164830706039
400	777.57	26.2856327093558
400	782.325	8.89731000599719
400	787.081	-40.0935137731382
400	791.838	-9.63239592727965
400	796.596	-16.5234512143061
400	801.355	-2.22247235325608
400	806.114	-22.7318021951285
400	810.875	-21.8427737420449
400	815.635	-41.4640629253635
400	820.397	-31.6557334771332
400	825.159	-8.47128009802433
395	248.336	43.325588062306
395	252.814	68.5178952217
395	257.296	8.47516659491741
395	261.781	-11.1289168060572
395	266.271	-4.62958734557685
395	270.764	17.5018856573995
395	275.26	6.04649634162332
395	279.76	-9.30433197822344
395	284.264	-29.8412107405039
395	288.772	14.548992993994
395	293.283	-5.07092167720914
395	297.797	9.81705757680713
395	302.315	-14.8555002337628
395	306.837	1.20488284816756
395	311.362	31.1958117329717
395	315.89	8.39333364003883
395	320.422	-13.2025542453292
395	324.958	11.1493455361013
395	329.496	0.420714258689442
395	334.038	13.9516362285254
395	338.584	29.5294785324453
395	343.133	-4.63200113383915
395	347.685	19.045887713013
395	352.24	-1.2750540837754
395	356.799	-1.27283925345947
395	361.361	-48.8694277687381
395	365.926	-19.6284132029524
395	370.495	-26.8451911604749
395	375.067	-21.5602894483222
395	379.641	-23.26987916583
395	384.219	-24.7447648772894
395	388.801	-67.6691255032756
395	393.385	-842.544560315757
395	397.972	-631.855556404153
395	402.562	-816.739057835534
395	407.156	-37.7610338398211
395	411.752	5.58782815883215
395	416.352	19.8650152726602
395	420.954	14.0966021966339
395	425.56	25.6709825009808
395	430.168	41.6380659597542
395	434.779	59.5544892119362
395	439.393	52.1288429606228
395	444.01	72.0881633338308
395	448.63	39.1592870745079
395	453.253	65.5143509772687
395	457.878	61.3295498601524
395	462.506	100.50968349991
395	467.137	80.368207808706
395	471.771	89.1534447219364
395	476.407	104.905596104277
395	481.047	88.6282090689919
395	485.688	81.4560931783436
395	490.333	74.2335358801676
395	494.979	79.4882452883642
395	499.629	102.742277263957
395	504.281	97.2972660083048
395	508.936	84.8804316387368
395	513.593	77.4529904533777
395	518.252	67.8652910545595
395	522.914	54.6068007240872
395	527.579	44.5961871239109
395	532.245	44.6253090769549
395	536.915	50.4786184778056
395	541.586	43.7619153098524
395	546.26	48.4446128881244
395	550.936	37.8636689531511
395	555.615	24.5904207464216
395	560.296	30.0492420679855
395	564.979	33.6241383946596
395	569.664	17.5434242584168
395	574.351	45.1402218261027
395	579.04	30.4678284712997
395	583.732	13.0073661126514
395	588.426	43.5829897243819
395	593.121	42.5474075934415
395	597.819	8.50252451354439
395	602.519	14.59263399557
395	607.221	17.6049547859651
395	611.924	9.05039270164875
395	616.63	12.419205652663
395	621.338	4.61369536928014
395	626.047	38.5666192120586
395	630.758	23.5233879734509
395	635.471	23.7074302987798
395	640.186	14.5915482598249
395	644.903	17.1576413391548
395	649.621	45.9367006487279
395	654.341	47.3583376341339
395	659.063	41.3414787180586
395	663.787	49.518150248794
395	668.512	26.2284773964812
395	673.238	61.9189451153631
395	677.967	26.5790895732178
395	682.696	32.8414749975299
395	687.428	29.6900786130774
395	692.16	31.7394509766982
395	696.895	18.6406626370303
395	701.63	24.1679555083645
395	706.367	12.4267610957341
395	711.106	13.7318812787351
395	715.845	12.698850242682
395	720.586	-8.75350842200814
395	725.329	-15.3022548995184
395	730.072	-3.23987183697272
395	734.817	8.97890550366091
395	739.563	26.416179922229
395	744.31	3.33852132819736
395	749.058	21.9187529476656
395	753.808	27.4970660622864
395	758.558	-10.057262262742
395	763.31	7.13799184540112
395	768.062	19.8158820804587
395	772.815	-4.04478386351104
395	777.57	33.0671289844664
395	782.325	28.4545209350768
395	787.081	-6.18502158882421
395	791.838	-20.4944261196666
395	796.596	-42.3171933024076
395	801.355	-11.3191551469779
395	806.114	2.53725819207975
395	810.875	2.10624965224529
395	815.635	-21.0323000707698
395	820.397	7.15416001647667
395	825.159	5.47146185349775
390	248.336	7.94504400041928
390	252.814	10.5182740822627
390	257.296	0.994607642618909
390	261.781	35.201785102401
390	266.271	34.7796569163022
390	270.764	5.1178800850422
390	275.26	13.0255295752409
390	279.76	-8.2785220939725
390	284.264	-38.9352752544355
390	288.772	-14.0229551505283
390	293.283	-4.62027280223609
390	297.797	17.8924869157127
390	302.315	11.9773613544828
390	306.837	2.78778712767098
390	311.362	3.18082507639419
390	315.89	-14.6938285650904
390	320.422	-8.75010687641277
390	324.958	16.0100769957368
390	329.496	15.0376861554057
390	334.038	-27.7430313147817
390	338.584	-0.83800643628947
390	343.133	-12.1465983488626
390	347.685	5.89474269456522
390	352.24	1.2948815516373
390	356.799	-3.85291602228443
390	361.361	-15.1577592489869
390	365.926	-28.7014696717065
390	370.495	4.79748284248274
390	375.067	-16.7463575749198
390	379.641	-32.3061568435638
390	384.219	-68.5112997569072
390	388.801	-1142.90880660621
390	393.385	-1722.78750752867
390	397.972	-760.537918126073
390	402.562	1.7946204895857
390	407.156	14.7694459499927
390	411.752	11.4144247921654
390	416.352	33.00218239444
390	420.954	3.67516851851364
390	425.56	36.9537048835613
390	430.168	52.6091227109419
390	434.779	59.8373458701906
390	439.393	76.9278265342406
390	444.01	77.3533149438891
390	448.63	64.5820213113543
390	453.253	92.8198330953992
390	457.878	72.2391163505871
390	462.506	83.5694437862282
390	467.137	86.0415839435397
390	471.771	90.9606690386224
390	476.407	91.1357729614985
390	481.047	100.894065943347
390	485.688	72.5242117746241
390	490.333	80.210169585907
390	494.979	101.17509009971
390	499.629	87.0478430172712
390	504.281	81.9095721807813
390	508.936	99.4049533698784
390	513.593	80.1533872710914
390	518.252	77.4697333748528
390	522.914	60.8187854242018
390	527.579	45.4693057247131
390	532.245	55.1635961396736
390	536.915	53.6200157085945
390	541.586	46.1100388445727
390	546.26	22.1820624084532
390	550.936	47.0473717768378
390	555.615	39.7552633706165
390	560.296	45.544336138663
390	564.979	30.1414182620077
390	569.664	18.939653229097
390	574.351	56.0891978372189
390	579.04	64.2421161180769
390	583.732	23.398901667979
390	588.426	27.5423897383586
390	593.121	45.4073911239588
390	597.819	6.57164854730705
390	602.519	18.9208485218364
390	607.221	22.5919261901599
390	611.924	25.6996088919754
390	616.63	0.650847330218841
390	621.338	21.2795494913991
390	626.047	29.0858777178877
390	630.758	25.7235635335834
390	635.471	41.7439200466175
390	640.186	14.1670440131915
390	644.903	27.6321114987457
390	649.621	44.2817453519095
390	654.341	16.513261481634
390	659.063	42.514131869777
390	663.787	33.0576530347696
390	668.512	64.8109844541969
390	673.238	44.0746346031503
390	677.967	43.2978949493266
390	682.696	35.6170179959025
390	687.428	13.4495913639744
390	692.16	18.4062304918352
390	696.895	18.9085615102485
390	701.63	35.0859744322464
390	706.367	9.26439754398366
390	711.106	3.12121293029334
390	715.845	-20.1197155735896
390	720.586	13.4466223241746
390	725.329	14.0114489035721
390	730.072	-4.42980461131903
390	734.817	6.49123756513656
390	739.563	48.4235802560022
390	744.31	-6.2209502740855
390	749.058	-12.1505943737116
390	753.808	29.896223901628
390	758.558	-3.04206094073925
390	763.31	21.2907435868748
390	768.062	-4.47759537754048
390	772.815	8.95505576254877
390	777.57	0.933756085946811
390	782.325	-39.8288905091539
390	787.081	-50.8953556391004
390	791.838	-22.3303794046147
390	796.596	-23.2462319038622
390	801.355	-23.8363205536708
390	806.114	11.2906470900868
390	810.875	-23.836115630841
390	815.635	0.417590740789736
390	820.397	-42.2351907799588
390	825.159	-14.635512457567
385	248.336	22.6650683679228
385	252.814	26.1736128961226
385	257.296	0.957023767599647
385	261.781	18.4920365263774
385	266.271	27.7168843395353
385	270.764	-41.601241216067
385	275.26	2.42319927983399
385	279.76	1.41326979608145
385	284.264	-26.915932335964
385	288.772	-10.1779010377145
385	293.283	-3.66076714143607
385	297.797	27.1541143479278
385	302.315	-6.56907598515081
385	306.837	16.9492419071156
385	311.362	24.6256549901029
385	315.89	-8.07302659488048
385	320.422	-9.24227375612678
385	324.958	6.75313674817351
385	329.496	12.5286058512555
385	334.038	15.4574061477999
385	338.584	-18.6698215090668
385	343.133	-3.25008985838709
385	347.685	-4.08663143162408
385	352.24	-11.1753836861084
385	356.799	-49.2969883540047
385	361.361	-38.7141750987101
385	365.926	-24.921294523851
385	370.495	-40.188233167672
385	375.067	-11.717595810081
385	379.641	-57.6802180446598
385	384.219	-1590.59169517117
385	388.801	-2079.33865936875
385	393.385	-961.36663203692
385	397.972	2.82974861180062
385	402.562	21.5902072915676
385	407.156	15.2920207174257
385	411.752	7.68126495609498
385	416.352	48.7073771177908
385	420.954	27.4029515078212
385	425.56	49.0343002222416
385	430.168	54.9307702610278
385	434.779	70.8807771069544
385	439.393	67.5823696396767
385	444.01	85.6117626055163
385	448.63	88.5376412180633
385	453.253	85.526715182349
385	457.878	64.8636397000077
385	462.506	105.192358055684
385	467.137	84.3971749614821
385	471.771	109.5959804182
385	476.407	99.21135622803
385	481.047	108.04237110232
385	485.688	88.4971301707747
385	490.333	85.5163724858168
385	494.979	82.1051595632059
385	499.629	79.7407734373218
385	504.281	86.5696812272201
385	508.936	104.303423226237
385	513.593	85.0689770812741
385	518.252	78.2844902508621
385	522.914	57.750131812852
385	527.579	52.5210670582185
385	532.245	55.3045050483178
385	536.915	56.3242451935396
385	541.586	47.703959677113
385	546.26	53.0950224537715
385	550.936	32.4372030594487
385	555.615	29.0647262078346
385	560.296	28.0450340589485
385	564.979	45.9179974431123
385	569.664	9.3078059780698
385	574.351	49.2892670502794
385	579.04	39.0757821669443
385	583.732	15.7896201640162
385	588.426	40.725735350453
385	593.121	41.2315939140024
385	597.819	20.8913764588433
385	602.519	4.88157143001871
385	607.221	-4.31203296433952
385	611.924	21.7613480613339
385	616.63	4.39913624982726
385	621.338	14.5718505153472
385	626.047	35.5042643329798
385	630.758	11.6374428331971
385	635.471	26.3861551857016
385	640.186	23.1724630402403
385	644.903	30.0395902619391
385	649.621	32.8086062269436
385	654.341	17.6781031494643
385	659.063	46.2830262515986
385	663.787	36.8568626912837
385	668.512	34.336181489549
385	673.238	44.0608713275706
385	677.967	39.7663624021439
385	682.696	44.1614448855224
385	687.428	22.0545673730077
385	692.16	24.7186522019544
385	696.895	12.0762202543901
385	701.63	-2.95291898423485
385	706.367	28.3824791635855
385	711.106	3.7729050670113
385	715.845	14.1254788390294
385	720.586	14.5454232404357
385	725.329	-3.87378071942793
385	730.072	3.50898879360781
385	734.817	-12.5625361195578
385	739.563	22.2415537602744
385	744.31	-8.02988087915413
385	749.058	-8.11235765509929
385	753.808	28.5167679654462
385	758.558	-27.3575488770956
385	763.31	-4.72816241601337
385	768.062	-17.7877134420108
385	772.815	-42.0441501385155
385	777.57	-36.2689748168621
385	782.325	5.80974088476998
385	787.081	-23.5007779160406
385	791.838	17.9479161882311
385	796.596	-5.15659854380396
385	801.355	6.47484768566753
385	806.114	10.5232244371814
385	810.875	-10.9279101198571
385	815.635	1.2142213642169
385	820.397	-0.809905392968796
385	825.159	2.83234790920686
380	248.336	13.0555478954611
380	252.814	1.37723939401148
380	257.296	-2.27701375366989
380	261.781	-9.23239669638687
380	266.271	10.3257629354281
380	270.764	-9.86631318637082
380	275.26	12.4137248081358
380	279.76	-2.68597969941996
380	284.264	-7.23535912406498
380	288.772	-9.65552712602706
380	293.283	10.0258260915051
380	297.797	-5.2281551779686
380	302.315	4.39626198927332
380	306.837	-2.19585656034597
380	311.362	20.0728958573299
380	315.89	-27.3496836791195
380	320.422	-15.3428202709066
380	324.958	15.0713973081524
380	329.496	26.8352601505177
380	334.038	-1.93254682529034
380	338.584	-11.1772050930027
380	343.133	-31.9560485652103
380	347.685	-75.7533201759312
380	352.24	-72.5171565758254
380	356.799	-79.266183188548
380	361.361	-57.4902071756468
380	365.926	-50.4689846374289
380	370.495	9.02792487695456
380	375.067	-143.660449637808
380	379.641	-2409.28160526262
380	384.219	-2286.75085316182
380	388.801	-900.978486315156
380	393.385	-9.12300123913565
380	397.972	22.6459313965976
380	402.562	32.833172238652
380	407.156	9.01210272746579
380	411.752	31.3893970795419
380	416.352	50.2530321926236
380	420.954	33.0249218128169
380	425.56	71.4105547553947
380	430.168	75.8875369377392
380	434.779	100.248297297559
380	439.393	119.357144029668
380	444.01	120.997897674838
380	448.63	92.5429935764136
380	453.253	106.626521135319
380	457.878	100.059012520003
380	462.506	97.5809236199798
380	467.137	86.295605681303
380	471.771	103.145149446489
380	476.407	123.063265762639
380	481.047	110.488829155059
380	485.688	98.9144506739758
380	490.333	101.99771317484
380	494.979	95.8117632637841
380	499.629	85.2255066767479
380	504.281	94.3799308114252
380	508.936	86.4700988765432
380	513.593	94.6675863829499
380	518.252	76.8789814392281
380	522.914	65.7355894799567
380	527.579	66.2524383215483
380	532.245	67.3365800842989
380	536.915	63.6902502090516
380	541.586	44.7145447348992
380	546.26	47.1469941421768
380	550.936	29.1488890418454
380	555.615	21.620170690996
380	560.296	38.004752848738
380	564.979	40.2672961193878
380	569.664	28.4204811090446
380	574.351	52.5961877747524
380	579.04	33.6934164613965
380	583.732	24.5865257516185
380	588.426	38.6304950315344
380	593.121	23.6931475509241
380	597.819	8.32673808817168
380	602.519	6.94551629364384
380	607.221	23.9504261909749
380	611.924	16.8089852564177
380	616.63	8.94313520219374
380	621.338	18.6295345445017
380	626.047	27.6101616483225
380	630.758	7.66575956312209
380	635.471	28.1208199806546
380	640.186	7.11821361909148
380	644.903	7.20007708834598
380	649.621	30.8031684696074
380	654.341	22.8951154729997
380	659.063	28.9431540211822
380	663.787	24.0753204914565
380	668.512	19.6069951917426
380	673.238	31.7640510049159
380	677.967	24.5851697491545
380	682.696	23.8388883960365
380	687.428	14.4032348252198
380	692.16	22.7562534735968
380	696.895	2.08212840889923
380	701.63	10.8522644703595
380	706.367	7.08336799169905
380	711.106	-3.94022548710771
380	715.845	-2.89686631933477
380	720.586	-5.08323782375562
380	725.329	6.24829689555021
380	730.072	-15.9031844270494
380	734.817	15.6419766839458
380	739.563	-10.9273578396931
380	744.31	15.2268837961938
380	749.058	13.4578239007852
380	753.808	11.7490354854943
380	758.558	-20.4065412019795
380	763.31	-67.6697028470103
380	768.062	-76.9256661834648
380	772.815	-16.4651257033603
380	777.57	23.0434009647826
380	782.325	12.7648621982179
380	787.081	-17.9165396577295
380	791.838	-6.11403478788082
380	796.596	-20.9027198335903
380	801.355	4.9923947153153
380	806.114	3.06933380391105
380	810.875	-4.22415466193428
380	815.635	-6.52647880144016
380	820.397	-12.6706507809963
380	825.159	12.6679309737866
375	248.336	33.9613834410985
375	252.814	-5.36259826340502
375	257.296	-15.0183324808474
375	261.781	23.3399804692521
375	266.271	30.5907631016109
375	270.764	-2.74206930243037
375	275.26	7.60606681193555
375	279.76	13.9180076412328
375	284.264	-7.02690014010336
375	288.772	-14.4691434674549
375	293.283	6.37517420786946
375	297.797	-6.88684461788521
375	302.315	9.98070316818056
375	306.837	21.6866111574981
375	311.362	13.8444759811604
375	315.89	0.0114895219599838
375	320.422	-8.15026123495625
375	324.958	-7.68736426701991
375	329.496	4.86149025267561
375	334.038	-26.9644676510414
375	338.584	-1.39618928891764
375	343.133	-42.8163069601608
375	347.685	-42.9297209307094
375	352.24	-13.4430033810795
375	356.799	-27.8314452384293
375	361.361	-23.7713292536502
375	365.926	-2.05048953835706
375	370.495	364.895247169633
375	375.067	3.25013654449867
375	379.641	-2524.71049356787
375	384.219	-642.417394488156
375	388.801	8.98022640859745
375	393.385	-0.273119480945553
375	397.972	36.8945840217003
375	402.562	25.9886096513896
375	407.156	18.2429502617127
375	411.752	50.9381471423863
375	416.352	66.2183268664136
375	420.954	39.6560198484659
375	425.56	73.8846530579128
375	430.168	133.544822218923
375	434.779	130.325649695771
375	439.393	93.621796697025
375	444.01	111.414632691923
375	448.63	93.6306100030194
375	453.253	124.393805356418
375	457.878	99.2033252512013
375	462.506	115.748125088919
375	467.137	100.553565973375
375	471.771	101.886219260749
375	476.407	117.065375191511
375	481.047	112.376265212468
375	485.688	92.5524475903138
375	490.333	91.382508579534
375	494.979	91.090037079936
375	499.629	102.302914746758
375	504.281	101.626777193738
375	508.936	91.0459988948053
375	513.593	83.8543492332115
375	518.252	93.894446067132
375	522.914	66.2071854015855
375	527.579	56.3114978707464
375	532.245	58.8835392367425
375	536.915	51.7034096435059
375	541.586	47.1124739791982
375	546.26	34.9125001996531
375	550.936	47.2431950895567
375	555.615	23.9258813878531
375	560.296	23.5004194255842
375	564.979	58.5987506732523
375	569.664	22.5399554978779
375	574.351	48.9815285453088
375	579.04	45.0518140551444
375	583.732	32.1470751938899
375	588.426	29.8314357684283
375	593.121	58.844349243593
375	597.819	17.3184316654838
375	602.519	24.2079316099683
375	607.221	0.288279631271307
375	611.924	35.5456129739742
375	616.63	18.8482406584568
375	621.338	22.4957551775099
375	626.047	36.2860335451356
375	630.758	-2.98091995386303
375	635.471	27.94626082795
375	640.186	13.2491288384609
375	644.903	18.8799156398112
375	649.621	18.2199169803487
375	654.341	2.51901381546738
375	659.063	17.0754634906432
375	663.787	45.8587013104203
375	668.512	34.9007550558129
375	673.238	45.1848905078433
375	677.967	15.7234934246698
375	682.696	26.4873951008946
375	687.428	7.66826030414052
375	692.16	33.1865013159451
375	696.895	9.11278959503004
375	701.63	14.9783398546618
375	706.367	25.8359090687328
375	711.106	8.01046800582053
375	715.845	19.0126025617304
375	720.586	17.2960083232412
375	725.329	-2.13786298126935
375	730.072	7.92069124422182
375	734.817	18.1116435476423
375	739.563	24.5426250887837
375	744.31	7.0800331013963
375	749.058	31.5621933952532
375	753.808	-13.4917753423141
375	758.558	-51.4134875312396
375	763.31	-15.7419638974609
375	768.062	-0.378044140763798
375	772.815	7.59092333460449
375	777.57	29.3376545567229
375	782.325	-2.47536414454692
375	787.081	-8.91823401188413
375	791.838	1.27463981946513
375	796.596	-7.78128622769216
375	801.355	7.83583980702123
375	806.114	10.448253917875
375	810.875	4.85575864719435
375	815.635	-15.6753612435849
375	820.397	-20.8958065729799
375	825.159	9.70205024699389
370	248.336	11.7807000178613
370	252.814	11.4626231059789
370	257.296	4.37357795956578
370	261.781	0.00807734712257258
370	266.271	21.1583510389493
370	270.764	-5.40851832638957
370	275.26	0.00247584699731895
370	279.76	-2.12933158191099
370	284.264	-23.2542131880208
370	288.772	-21.1999142233084
370	293.283	-7.01515490649807
370	297.797	-4.27934060954864
370	302.315	-2.09385347672097
370	306.837	33.6573889816463
370	311.362	-6.63650093048723
370	315.89	8.41296047051791
370	320.422	-25.5410723883688
370	324.958	-11.5373255330964
370	329.496	-12.4245395705296
370	334.038	-18.3370791977344
370	338.584	-41.0581791883052
370	343.133	-22.0997233106837
370	347.685	-11.091371232739
370	352.24	-21.3730221900279
370	356.799	-51.5983045998705
370	361.361	-40.4534132910374
370	365.926	278.403063645657
370	370.495	33.49433143633
370	375.067	-2348.81427234088
370	379.641	-479.047488828095
370	384.219	19.3571843259843
370	388.801	5.35283841854661
370	393.385	3.45370836035528
370	397.972	43.5654027133037
370	402.562	44.3840704877852
370	407.156	52.3418633217523
370	411.752	51.7994688414578
370	416.352	68.5303902916435
370	420.954	36.3477467497432
370	425.56	155.820516997234
370	430.168	126.220643760834
370	434.779	106.172744020961
370	439.393	124.024732664217
370	444.01	121.200568255981
370	448.63	104.305000611373
370	453.253	124.842970897905
370	457.878	107.692124245602
370	462.506	131.041788216686
370	467.137	120.53097173166
370	471.771	117.800789381181
370	476.407	109.563632616464
370	481.047	131.320232529626
370	485.688	97.7056381681643
370	490.333	96.3064832230557
370	494.979	109.868515828245
370	499.629	104.733169650101
370	504.281	91.0425366290354
370	508.936	113.459276216512
370	513.593	80.9389381140037
370	518.252	96.6418816926521
370	522.914	75.8173157929779
370	527.579	59.5485390688033
370	532.245	66.0919512145533
370	536.915	62.6102062392718
370	541.586	42.1385726246334
370	546.26	46.7692550896266
370	550.936	48.6770557163872
370	555.615	31.1159718224117
370	560.296	34.3771881878423
370	564.979	54.6417334042535
370	569.664	35.7288322434897
370	574.351	39.2444332369275
370	579.04	43.3627166864949
370	583.732	34.6930888176131
370	588.426	31.3338416036253
370	593.121	35.8753876568661
370	597.819	9.64980079769264
370	602.519	9.45004082743104
370	607.221	1.12726176946693
370	611.924	15.5548438204108
370	616.63	9.72687356020717
370	621.338	35.1594045905539
370	626.047	26.4788405615963
370	630.758	7.06140080779117
370	635.471	42.6757868500465
370	640.186	17.2229737194087
370	644.903	6.00800886205238
370	649.621	33.4989704168444
370	654.341	14.8486042820156
370	659.063	18.4022390297545
370	663.787	25.3107978785364
370	668.512	24.2217484550154
370	673.238	40.0775257268226
370	677.967	5.17446616220968
370	682.696	17.6370433160637
370	687.428	2.63052328275668
370	692.16	14.2198710168877
370	696.895	8.99511810974677
370	701.63	13.4276575240036
370	706.367	-3.3847768861409
370	711.106	30.2163361110832
370	715.845	-10.0637120756167
370	720.586	32.7272223014957
370	725.329	7.06197703143519
370	730.072	-6.35902516996624
370	734.817	14.367694842899
370	739.563	19.0303284698092
370	744.31	-24.0860013034417
370	749.058	-15.9322569824052
370	753.808	13.6611712954043
370	758.558	-22.5505915710222
370	763.31	-3.903974655921
370	768.062	-16.5500938285677
370	772.815	-16.1375991839112
370	777.57	28.5272692696756
370	782.325	7.35400634395082
370	787.081	-11.3154302153735
370	791.838	3.34814925921035
370	796.596	-11.0859202655207
370	801.355	-1.84020151934881
370	806.114	-20.6062783403396
370	810.875	-5.5218963360877
370	815.635	19.1334970714007
370	820.397	-2.93316146868156
370	825.159	7.73287672875375
365	248.336	15.0243621360622
365	252.814	25.4609634815226
365	257.296	-11.2852173303861
365	261.781	11.0200214157537
365	266.271	14.795032127848
365	270.764	4.03714644340469
365	275.26	-9.65475804623183
365	279.76	8.54320750038568
365	284.264	-23.5558794632196
365	288.772	-16.1241975023604
365	293.283	18.0427903318225
365	297.797	1.43184379266884
365	302.315	12.253013740779
365	306.837	15.0103554357022
365	311.362	-0.343373889650863
365	315.89	-7.29996986379485
365	320.422	-29.6194262277398
365	324.958	-16.516797512267
365	329.496	0.436168973400356
365	334.038	-60.6642006306315
365	338.584	17.0569057400438
365	343.133	-31.4247505024306
365	347.685	-6.12048419927964
365	352.24	-9.93841353630557
365	356.799	-30.8081837266856
365	361.361	-218.232906072189
365	365.926	11.2332384143301
365	370.495	-2320.34743389506
365	375.067	-347.732533504432
365	379.641	35.6782527443565
365	384.219	-17.6300682301005
365	388.801	26.896338104006
365	393.385	37.4125218091524
365	397.972	32.6560796142144
365	402.562	64.3086410473702
365	407.156	59.4817037055958
365	411.752	60.4538830732281
365	416.352	87.4968359672198
365	420.954	75.8510900673705
365	425.56	117.721540937941
365	430.168	128.522879203512
365	434.779	110.783696630724
365	439.393	123.690032994111
365	444.01	144.322093304246
365	448.63	113.01142438671
365	453.253	133.092907766712
365	457.878	121.225925124977
365	462.506	112.081241037901
365	467.137	119.980032483404
365	471.771	142.466504753629
365	476.407	135.428223509689
365	481.047	118.243836513355
365	485.688	96.4957329676532
365	490.333	111.96802352224
365	494.979	102.220376489649
365	499.629	103.502669736811
365	504.281	129.063058324541
365	508.936	103.83735376979
365	513.593	99.2043284972444
365	518.252	89.194203308671
365	522.914	56.0497009117824
365	527.579	56.0405778946297
365	532.245	59.3132239201495
365	536.915	64.5887764194658
365	541.586	38.8900151780747
365	546.26	56.0215795934265
365	550.936	56.1817226381189
365	555.615	38.9745496092004
365	560.296	32.4020280231433
365	564.979	48.1240320072746
365	569.664	39.2573976385541
365	574.351	48.6282826073646
365	579.04	45.3132525605007
365	583.732	31.8376529559877
365	588.426	49.632801304611
365	593.121	47.428448247564
365	597.819	17.0047383026102
365	602.519	3.59678764386167
365	607.221	14.5032699493385
365	611.924	9.00899975891663
365	616.63	2.84841778027259
365	621.338	17.5035991782388
365	626.047	33.0212887102866
365	630.758	0.00153408147688605
365	635.471	14.4610772344608
365	640.186	24.5334957384868
365	644.903	23.01969424286
365	649.621	31.8362678241508
365	654.341	-14.7754907880236
365	659.063	35.3967985909888
365	663.787	14.486035420447
365	668.512	32.3671784706828
365	673.238	15.0050503798782
365	677.967	7.40109891526024
365	682.696	7.80500750402054
365	687.428	10.4784791715342
365	692.16	22.3858866428456
365	696.895	1.65860381592249
365	701.63	19.3882773086447
365	706.367	21.3142255336611
365	711.106	24.9541832241774
365	715.845	8.30745830428476
365	720.586	-11.7751434209458
365	725.329	-24.1701793042477
365	730.072	-37.3128212380354
365	734.817	-27.578917506382
365	739.563	-14.2695069358303
365	744.31	-13.0385790732935
365	749.058	41.8713786767027
365	753.808	22.0839639495155
365	758.558	-16.3841185182397
365	763.31	-4.27813149147651
365	768.062	-6.27784195355571
365	772.815	-5.09130169165212
365	777.57	29.2118837056866
365	782.325	8.94195579551334
365	787.081	-2.08129750696373
365	791.838	13.3379276101539
365	796.596	4.67044242800308
365	801.355	8.43134989597352
365	806.114	7.33136229584675
365	810.875	-1.82854372826631
365	815.635	-4.39860613593197
365	820.397	-21.252184132548
365	825.159	-23.4521593328016
360	248.336	12.0584037074915
360	252.814	14.011057371712
360	257.296	8.25970118620946
360	261.781	25.0641649842326
360	266.271	-3.56257436709596
360	270.764	-13.4131286516052
360	275.26	-13.5692214237612
360	279.76	-6.36161769944115
360	284.264	-13.3524175660148
360	288.772	-12.2364736018477
360	293.283	-19.0642238042467
360	297.797	7.84820623174788
360	302.315	3.87216596854013
360	306.837	3.51300400846108
360	311.362	-1.02048327466299
360	315.89	-4.80442512131093
360	320.422	-25.5965382072017
360	324.958	-15.1849508434976
360	329.496	-19.2920691731687
360	334.038	-24.847282982715
360	338.584	-10.1290157831115
360	343.133	-52.2426694413759
360	347.685	-45.8439295289371
360	352.24	17.7976994171422
360	356.799	-277.987352759012
360	361.361	26.5526255756013
360	365.926	-2197.24592014074
360	370.495	-233.932243482653
360	375.067	13.7365866246695
360	379.641	34.2284143512898
360	384.219	43.7047831730876
360	388.801	22.0590043802987
360	393.385	43.7188685284587
360	397.972	82.5819882858654
360	402.562	53.8522880628765
360	407.156	79.3129137355102
360	411.752	87.0188103535734
360	416.352	100.779525888642
360	420.954	77.7201879459205
360	425.56	118.170630818078
360	430.168	134.101297553676
360	434.779	147.451852103299
360	439.393	126.756050707262
360	444.01	157.736344475807
360	448.63	128.40492249799
360	453.253	155.453193526833
360	457.878	126.235648164526
360	462.506	124.141799343496
360	467.137	118.685713579852
360	471.771	132.394577402921
360	476.407	126.441070626339
360	481.047	135.006102776509
360	485.688	101.6362404592
360	490.333	89.5376973494573
360	494.979	96.6358954422873
360	499.629	91.3401347120339
360	504.281	109.715739109503
360	508.936	114.70433636446
360	513.593	79.8897976170489
360	518.252	73.7466850293224
360	522.914	69.345325583119
360	527.579	50.6994150600371
360	532.245	68.3787843243738
360	536.915	57.1733124019757
360	541.586	49.4541957447228
360	546.26	52.3246579221455
360	550.936	42.4366926903131
360	555.615	21.8990899586618
360	560.296	25.101097685095
360	564.979	55.5735865884005
360	569.664	33.1214076394283
360	574.351	53.8207046006033
360	579.04	39.3259432280627
360	583.732	21.2705851098758
360	588.426	43.5631744821565
360	593.121	44.5972554646851
360	597.819	14.7876847983563
360	602.519	20.409056183945
360	607.221	14.7522731818875
360	611.924	10.9529216501562
360	616.63	6.25506256831032
360	621.338	11.1783153892336
360	626.047	13.5884184375907
360	630.758	2.92848487260029
360	635.471	20.0194440156029
360	640.186	15.3417570514941
360	644.903	16.7009411306736
360	649.621	22.0812234912576
360	654.341	19.6697967228156
360	659.063	2.79502658218132
360	663.787	36.444137087803
360	668.512	39.5695321640476
360	673.238	35.0216906721294
360	677.967	13.1670478078215
360	682.696	16.2219121711508
360	687.428	10.4537844096651
360	692.16	11.180770472609
360	696.895	9.59816790769083
360	701.63	-4.98292093493201
360	706.367	-1.66292973656735
360	711.106	1.74867869226014
360	715.845	4.6464435478884
360	720.586	-26.902862463626
360	725.329	-54.7309264682065
360	730.072	-51.7068732058044
360	734.817	14.6814329463246
360	739.563	23.3325356187612
360	744.31	-1.79919995651179
360	749.058	22.3468599679568
360	753.808	30.9896750422188
360	758.558	-13.2918123459009
360	763.31	16.672118539723
360	768.062	-0.782364179867303
360	772.815	8.22213337982663
360	777.57	9.58273939592089
360	782.325	5.67508308592273
360	787.081	-22.460850478078
360	791.838	-9.97187181793314
360	796.596	21.5937669656912
360	801.355	2.92834400763875
360	806.114	0.00401026366587942
360	810.875	-2.55647841232287
360	815.635	1.11405437684538
360	820.397	249.800571151773
360	825.159	-3.63999308894347
355	248.336	20.9435552668469
355	252.814	16.8672691976092
355	257.296	-11.9865726813863
355	261.781	-8.25456556225685
355	266.271	24.7287495934703
355	270.764	-12.8173471593003
355	275.26	-1.7366138414327
355	279.76	-15.9842812707462
355	284.264	-24.8189525071849
355	288.772	-6.43554836578638
355	293.283	-3.63473837403246
355	297.797	-0.357173976625415
355	302.315	3.09534096557104
355	306.837	0.677891493653121
355	311.362	18.524200741744
355	315.89	-14.4427432212194
355	320.422	-36.4817323981097
355	324.958	-44.7742862325483
355	329.496	-11.6696030730832
355	334.038	-24.0778155659351
355	338.584	-31.9889370672585
355	343.133	-16.0430682543141
355	347.685	-35.4253494817447
355	352.24	-369.78807417112
355	356.799	-1.52396710585163
355	361.361	-1957.33641915568
355	365.926	-163.845139747423
355	370.495	33.5229900786824
355	375.067	43.8251674688262
355	379.641	53.3197599271512
355	384.219	54.3363401268387
355	388.801	36.3845903296514
355	393.385	66.0394239116337
355	397.972	102.018548911634
355	402.562	86.2063860752473
355	407.156	109.033512153962
355	411.752	120.282383547026
355	416.352	98.0209230506941
355	420.954	87.1661660764059
355	425.56	137.182137111941
355	430.168	144.548802338172
355	434.779	147.236731040897
355	439.393	150.371556955602
355	444.01	154.641773305261
355	448.63	124.362814395386
355	453.253	160.060690214398
355	457.878	128.793970635
355	462.506	129.791726725751
355	467.137	132.222618912903
355	471.771	138.311565497483
355	476.407	131.389000935107
355	481.047	137.312016215644
355	485.688	100.07785732041
355	490.333	111.046830925485
355	494.979	100.692233847481
355	499.629	105.967031964199
355	504.281	92.5335344706718
355	508.936	80.0848057882322
355	513.593	86.3166641390182
355	518.252	75.5210877339352
355	522.914	59.8671531553489
355	527.579	58.8806714865226
355	532.245	56.4621600559748
355	536.915	55.2015717743883
355	541.586	54.577727899856
355	546.26	46.3620371488505
355	550.936	38.5887175513495
355	555.615	35.5913758759746
355	560.296	30.1272594868025
355	564.979	43.0297547152254
355	569.664	35.2958339489311
355	574.351	60.7289882844707
355	579.04	36.1832268864932
355	583.732	32.9615418404686
355	588.426	41.1456466548459
355	593.121	35.4450952966056
355	597.819	22.9604946725137
355	602.519	26.68043541085
355	607.221	12.9107642975178
355	611.924	8.04397203514359
355	616.63	8.13241832965111
355	621.338	29.9605449890132
355	626.047	34.2446009936138
355	630.758	17.5951278749031
355	635.471	15.6957816236391
355	640.186	1.16359862315678
355	644.903	2.05822879785271
355	649.621	23.8967401172256
355	654.341	9.40098433622299
355	659.063	18.6601339512075
355	663.787	18.6121923244039
355	668.512	28.4466662148817
355	673.238	15.4103624711203
355	677.967	25.975018919851
355	682.696	16.0139743047256
355	687.428	20.9647117531397
355	692.16	34.3743608515137
355	696.895	-2.94402020962452
355	701.63	29.9551180890551
355	706.367	-1.38827659141526
355	711.106	-16.6263175372733
355	715.845	-57.3853833657064
355	720.586	-42.4460234874078
355	725.329	-26.3037819783382
355	730.072	-1.04855266814811
355	734.817	10.8568534693315
355	739.563	19.8430443913904
355	744.31	10.3858882613422
355	749.058	21.7064080060846
355	753.808	22.8616109037344
355	758.558	-3.38184676413482
355	763.31	1.91490117181612
355	768.062	-17.784553387073
355	772.815	15.4494571000087
355	777.57	7.09540526493392
355	782.325	0.798822722082638
355	787.081	-20.9664555771153
355	791.838	2.87435925272062
355	796.596	20.0757425670441
355	801.355	-7.5862877232855
355	806.114	2.8873352014562
355	810.875	-10.8385222648606
355	815.635	3.60741785801823
355	820.397	-5.42370489519672
355	825.159	31.0512997173008
350	248.336	6.43464683946841
350	252.814	15.3978974884447
350	257.296	-20.7564759254703
350	261.781	-4.72642771398897
350	266.271	3.92531771074713
350	270.764	-15.7506015678628
350	275.26	5.98319038452452
350	279.76	9.97436130799117
350	284.264	-29.321698778665
350	288.772	11.5967366127409
350	293.283	-3.24186360379708
350	297.797	-10.0891606937095
350	302.315	1.34981816221362
350	306.837	7.45342033004808
350	311.362	-2.10903174832876
350	315.89	-18.4565073592314
350	320.422	-20.5932357851016
350	324.958	-25.1240388540555
350	329.496	-20.5579915724323
350	334.038	-55.5231887162574
350	338.584	-33.5338308860889
350	343.133	-10.0448525663637
350	347.685	-230.017953860155
350	352.24	-4.70943167780206
350	356.799	-1409.86788000389
350	361.361	-89.7306313852775
350	365.926	5.48783341098994
350	370.495	57.8810438758042
350	375.067	54.3671925152943
350	379.641	82.1564000764044
350	384.219	66.4093703143918
350	388.801	83.5355763424971
350	393.385	58.8205389798925
350	397.972	111.5723177154
350	402.562	123.659121306168
350	407.156	102.086543994847
350	411.752	108.592506755483
350	416.352	126.971723597767
350	420.954	124.982707469024
350	425.56	144.687883333882
350	430.168	151.528160497592
350	434.779	160.455082057718
350	439.393	143.092177652616
350	444.01	159.465627038001
350	448.63	144.142625407866
350	453.253	129.721324117234
350	457.878	124.090950517727
350	462.506	127.406436912069
350	467.137	121.99310357601
350	471.771	133.101717628808
350	476.407	147.482507561672
350	481.047	124.700719694262
350	485.688	109.480864490791
350	490.333	99.4174274771697
350	494.979	105.118141382877
350	499.629	93.9481326229197
350	504.281	108.939439744981
350	508.936	101.221966258044
350	513.593	79.0296254613028
350	518.252	83.5236521947228
350	522.914	50.7389262664275
350	527.579	66.5209750887258
350	532.245	75.5500391742656
350	536.915	48.9898729285825
350	541.586	45.0839528361638
350	546.26	46.3722305023689
350	550.936	49.4888873529282
350	555.615	34.4636416569713
350	560.296	15.1537271214493
350	564.979	48.4449650603244
350	569.664	22.3419205430848
350	574.351	35.4826595235457
350	579.04	27.6993112204477
350	583.732	35.775531777648
350	588.426	15.8584745231363
350	593.121	34.8076535499479
350	597.819	15.5000154874717
350	602.519	6.46294881098799
350	607.221	19.5739202888163
350	611.924	21.9572691486691
350	616.63	27.4744698438778
350	621.338	26.5691647868784
350	626.047	28.2396703131201
350	630.758	25.4043922301009
350	635.471	10.6397883776739
350	640.186	4.89647337795504
350	644.903	22.4402277007535
350	649.621	10.6390596147096
350	654.341	0.896980870209378
350	659.063	16.6459623284003
350	663.787	12.891868023837
350	668.512	22.8856371091286
350	673.238	36.7217878286828
350	677.967	26.9503878295618
350	682.696	12.0352725595371
350	687.428	-0.331121032185294
350	692.16	9.92490674986027
350	696.895	-9.16335440469504
350	701.63	-17.5245566923522
350	706.367	-32.2823508924375
350	711.106	-39.8334821074799
350	715.845	-26.008203931477
350	720.586	-5.74713923266003
350	725.329	-18.8152501899696
350	730.072	3.78299446208415
350	734.817	0.694528109958117
350	739.563	7.7163000932107
350	744.31	-11.6971118984875
350	749.058	21.126885294305
350	753.808	23.7201163985253
350	758.558	-0.00454693815204976
350	763.31	18.9532306774347
350	768.062	11.8624891128176
350	772.815	-2.68275440751882
350	777.57	48.7640031591496
350	782.325	1.97446878631888
350	787.081	3.65477007020437
350	791.838	-0.412255624698666
350	796.596	7.85217784521483
350	801.355	33.9393904600483
350	806.114	6.42165375461459
350	810.875	16.4319650468442
350	815.635	-13.9400065719847
350	820.397	-41.8138979740517
350	825.159	1.78452148841305
345	248.336	7.49583372698508
345	252.814	-2.14404367436844
345	257.296	-13.5432770048916
345	261.781	21.0319661379026
345	266.271	11.3457165754084
345	270.764	-14.4203695476436
345	275.26	6.40516319228739
345	279.76	3.314662762186
345	284.264	-8.71200451331917
345	288.772	-20.9566569354078
345	293.283	7.5226796108304
345	297.797	-2.44122973548792
345	302.315	-16.7237645942654
345	306.837	-8.8935518419035
345	311.362	-9.60138469508456
345	315.89	-41.5083172377113
345	320.422	-13.7317003489596
345	324.958	-27.1288893190689
345	329.496	-31.8824013035451
345	334.038	-32.4407668721401
345	338.584	8.61193857510148
345	343.133	-272.530966597831
345	347.685	0.387253216449608
345	352.24	-1246.32861043124
345	356.799	-35.5064703139415
345	361.361	11.4230439772987
345	365.926	2.16833570492111
345	370.495	57.4795142176512
345	375.067	65.3773119491602
345	379.641	91.3057706462988
345	384.219	77.521203959375
345	388.801	58.9946953068209
345	393.385	135.813991175941
345	397.972	160.330031194791
345	402.562	134.482983507638
345	407.156	108.249461762217
345	411.752	133.911074719665
345	416.352	142.835888332893
345	420.954	140.801973566643
345	425.56	170.232050738271
345	430.168	170.285187939114
345	434.779	158.125438602315
345	439.393	167.923233222535
345	444.01	161.733133090815
345	448.63	139.797988618595
345	453.253	130.1290244898
345	457.878	147.95023171928
345	462.506	123.969688397689
345	467.137	128.446507458637
345	471.771	134.233366766037
345	476.407	116.678523647857
345	481.047	122.349428117764
345	485.688	97.447381139816
345	490.333	117.004134094052
345	494.979	97.3067733825085
345	499.629	112.191646851283
345	504.281	100.408360029242
345	508.936	114.694694490116
345	513.593	93.1824541806543
345	518.252	73.2000670888036
345	522.914	61.126092003156
345	527.579	68.8843854657247
345	532.245	65.0420717758097
345	536.915	75.1342899950797
345	541.586	43.0657113702862
345	546.26	46.8309017473491
345	550.936	49.1927077979801
345	555.615	30.9136231377174
345	560.296	22.4631370350171
345	564.979	41.5201720717521
345	569.664	12.0577682333836
345	574.351	45.2859227400161
345	579.04	34.9880933194469
345	583.732	26.8026525354201
345	588.426	38.2996367533617
345	593.121	43.0069812966156
345	597.819	15.2220061029471
345	602.519	3.49427809991428
345	607.221	3.25765988522295
345	611.924	26.8745411037699
345	616.63	17.1897636126161
345	621.338	8.65913052712819
345	626.047	21.724862654606
345	630.758	11.4057658067728
345	635.471	7.17965561816868
345	640.186	18.1346789301377
345	644.903	14.5592977266656
345	649.621	20.374803310718
345	654.341	4.79354584064543
345	659.063	22.3755363477295
345	663.787	19.3170113501565
345	668.512	37.0814531087098
345	673.238	25.800013910437
345	677.967	12.5190603370758
345	682.696	16.7607075511809
345	687.428	3.08175730540557
345	692.16	-2.44923495733701
345	696.895	-65.1050098702161
345	701.63	-24.8628776500328
345	706.367	-2.66776507649021
345	711.106	7.65114887823115
345	715.845	17.8486637879125
345	720.586	-14.5215840844543
345	725.329	-3.07529564832631
345	730.072	-16.1655048434673
345	734.817	4.50156650672988
345	739.563	7.00787948776099
345	744.31	-14.8732244285726
345	749.058	-4.65370511231595
345	753.808	17.8628713857267
345	758.558	-1.11769672174296
345	763.31	20.0668516097851
345	768.062	-30.5754197767672
345	772.815	-1.15128258115078
345	777.57	22.2100111686451
345	782.325	-5.15328777096196
345	787.081	3.64354936978165
345	791.838	14.6072132991213
345	796.596	10.3324681683354
345	801.355	6.42403929838551
345	806.114	-2.14307792505647
345	810.875	-30.7034563954571
345	815.635	-20.3514911505392
345	820.397	-20.7084437237629
345	825.159	2.85442841079063
340	248.336	23.071784474191
340	252.814	20.2914076351678
340	257.296	-5.56032739174058
340	261.781	-6.51057903688797
340	266.271	15.8658644650621
340	270.764	-10.1551008706031
340	275.26	6.46611828520102
340	279.76	0.407163161330686
340	284.264	-22.7870687714871
340	288.772	-15.1179022104553
340	293.283	5.057494807826
340	297.797	10.1327179925807
340	302.315	-14.8674650595013
340	306.837	23.5607594118521
340	311.362	2.58299771369093
340	315.89	-8.0350895525512
340	320.422	-12.1606130277135
340	324.958	-13.6077670928257
340	329.496	-7.00491372253418
340	334.038	-16.0905485828027
340	338.584	-279.250035594079
340	343.133	-10.8168653865832
340	347.685	-1003.55211357805
340	352.24	-23.675726375762
340	356.799	9.58194863636072
340	361.361	32.8713257358366
340	365.926	31.8531285350495
340	370.495	72.568943796768
340	375.067	54.4916668832887
340	379.641	93.0555255284007
340	384.219	131.283532720426
340	388.801	138.499932262429
340	393.385	125.050594692857
340	397.972	167.985690480069
340	402.562	134.971720448991
340	407.156	125.97972952562
340	411.752	119.137329186979
340	416.352	179.710369719304
340	420.954	146.77454737953
340	425.56	183.736641614046
340	430.168	180.797147189792
340	434.779	156.638671595982
340	439.393	167.099705015918
340	444.01	175.236433664185
340	448.63	148.612896599885
340	453.253	154.533419573303
340	457.878	128.8359460373
340	462.506	150.483308383658
340	467.137	117.217121992874
340	471.771	135.293771778366
340	476.407	121.092526945349
340	481.047	127.058444280286
340	485.688	111.958832983959
340	490.333	104.573337940051
340	494.979	94.9946551875654
340	499.629	94.5347858947011
340	504.281	94.6326660587276
340	508.936	99.6276406903043
340	513.593	97.3157783001638
340	518.252	80.8151529714463
340	522.914	54.8661559985509
340	527.579	47.7592853547677
340	532.245	56.6122420968615
340	536.915	41.7625842917899
340	541.586	54.2372842202126
340	546.26	59.6184571790847
340	550.936	45.8713571915621
340	555.615	26.6473982350921
340	560.296	35.1746989962381
340	564.979	33.4384058008311
340	569.664	25.1301853269547
340	574.351	54.6163191219484
340	579.04	42.448790345334
340	583.732	27.331591036832
340	588.426	32.0043611477647
340	593.121	49.8604359019094
340	597.819	17.7964148215012
340	602.519	5.97735621534889
340	607.221	20.2954872704044
340	611.924	11.0749463598045
340	616.63	12.3151674874726
340	621.338	14.6702790765375
340	626.047	23.9325094090914
340	630.758	8.92419812147471
340	635.471	17.4063807518172
340	640.186	20.9299800762598
340	644.903	15.8767001542949
340	649.621	16.9954511973679
340	654.341	-0.309221854788731
340	659.063	30.8354358286318
340	663.787	-6.20213401094108
340	668.512	10.5992493458516
340	673.238	11.2655254245493
340	677.967	14.3987677678656
340	682.696	-21.3733183463005
340	687.428	-52.7456474025422
340	692.16	-10.8143616713165
340	696.895	-5.56847751106721
340	701.63	2.6261229596994
340	706.367	4.98402950488503
340	711.106	15.7952919141498
340	715.845	4.75960479277359
340	720.586	5.79581737574842
340	725.329	-10.0112382871559
340	730.072	-21.5330177737154
340	734.817	12.2412727409734
340	739.563	-0.353820960909311
340	744.31	0.712474341740974
340	749.058	-3.61775196074295
340	753.808	27.6121145807553
340	758.558	-12.752148947063
340	763.31	12.2290712355649
340	768.062	12.3424969850063
340	772.815	10.3991031114561
340	777.57	23.996724768126
340	782.325	14.3756579726313
340	787.081	-6.16469623611984
340	791.838	18.4438236998036
340	796.596	-25.8932080914412
340	801.355	-9.01209409463653
340	806.114	23.0695784244014
340	810.875	-7.56863686513987
340	815.635	9.37502657368846
340	820.397	-7.21471242272882
340	825.159	-2.88571951535731
335	248.336	26.1003314617579
335	252.814	22.8953531523217
335	257.296	-23.0664088624081
335	261.781	11.9596244101989
335	266.271	-10.7545620910204
335	270.764	-31.4602531748043
335	275.26	-23.749003918407
335	279.76	-7.66830346340146
335	284.264	-20.340352691592
335	288.772	3.51166957549566
335	293.283	-9.85645691019491
335	297.797	-15.8685317794602
335	302.315	-0.0079602051490042
335	306.837	6.74392412142561
335	311.362	15.1162167126166
335	315.89	-6.90170292715197
335	320.422	-38.3760233778672
335	324.958	-3.15293256838504
335	329.496	-14.5608922296196
335	334.038	17.7099352741934
335	338.584	16.5403564083099
335	343.133	-820.478513251112
335	347.685	3.29156238696407
335	352.24	11.4872797168139
335	356.799	2.12379190177199
335	361.361	33.3950118873616
335	365.926	35.3926228825159
335	370.495	61.0878091118863
335	375.067	54.9982449508341
335	379.641	192.645804348925
335	384.219	109.58870765043
335	388.801	102.654014345943
335	393.385	144.716732614487
335	397.972	152.993793841631
335	402.562	149.275229530552
335	407.156	152.970371242348
335	411.752	146.193709662405
335	416.352	180.668722555639
335	420.954	160.900121707101
335	425.56	177.403565550138
335	430.168	179.668072921042
335	434.779	187.381276587179
335	439.393	162.947980549621
335	444.01	172.989040702355
335	448.63	160.848018078244
335	453.253	153.912988165595
335	457.878	152.690559470942
335	462.506	142.467799716861
335	467.137	129.479739399647
335	471.771	130.555928634554
335	476.407	154.103538667867
335	481.047	141.631704193074
335	485.688	108.07631264639
335	490.333	95.9304405727743
335	494.979	94.3517638956617
335	499.629	88.7878669225602
335	504.281	107.775902397304
335	508.936	94.5160321845301
335	513.593	86.4009041283575
335	518.252	72.6461064098248
335	522.914	52.7384402454079
335	527.579	52.7269615076872
335	532.245	61.7522509668856
335	536.915	49.4222439393073
335	541.586	47.4369100622012
335	546.26	43.6303859471061
335	550.936	43.9558826269548
335	555.615	20.987696816453
335	560.296	35.3708996169281
335	564.979	42.7728811849488
335	569.664	31.4572917895714
335	574.351	48.7855866454984
335	579.04	43.5792152756758
335	583.732	37.0859122812216
335	588.426	26.4053591554681
335	593.121	33.3630159752285
335	597.819	28.8873599341911
335	602.519	11.3742456515095
335	607.221	-7.26029676775818
335	611.924	22.31670844105
335	616.63	-9.98654808026903
335	621.338	12.0985205673869
335	626.047	24.1167722768109
335	630.758	-2.64300485815823
335	635.471	18.6588029467251
335	640.186	16.0264248530615
335	644.903	9.01822855482468
335	649.621	23.7473533722712
335	654.341	3.73912589768783
335	659.063	10.6241238108794
335	663.787	25.4229934002312
335	668.512	14.5288909742595
335	673.238	20.3633579036539
335	677.967	-36.672870454172
335	682.696	-5.86664462490251
335	687.428	2.68762683575376
335	692.16	17.5127238018594
335	696.895	-11.6231241540301
335	701.63	9.06181523360284
335	706.367	21.0457479859143
335	711.106	-3.07141636395628
335	715.845	21.5127735406035
335	720.586	14.2530939855891
335	725.329	0.350583131218602
335	730.072	-5.30486710962245
335	734.817	17.8357001938442
335	739.563	19.8422647908215
335	744.31	-24.0557367951487
335	749.058	8.48770056278483
335	753.808	17.2966447168959
335	758.558	-13.7227394463602
335	763.31	-6.59719113590653
335	768.062	9.47119460811957
335	772.815	-3.12346112912918
335	777.57	34.9245292434653
335	782.325	-14.6649559196903
335	787.081	0.844915380173878
335	791.838	10.039533834334
335	796.596	-1.69981849612747
335	801.355	-0.37100854365289
335	806.114	16.1709289712929
335	810.875	-4.03667512639819
335	815.635	-4.4107122282636
335	820.397	-19.48123456115
335	825.159	-6.96991505617735
330	248.336	36.5984888662517
330	252.814	25.615893476958
330	257.296	2.77345317304826
330	261.781	4.65300406585969
330	266.271	-8.78237239977737
330	270.764	5.17001383801865
330	275.26	7.84297058801588
330	279.76	-42.9611680627813
330	284.264	-13.8141301012297
330	288.772	-32.0641060656979
330	293.283	-3.30490426390338
330	297.797	-17.7370283216817
330	302.315	3.18151309644668
330	306.837	11.1345441905671
330	311.362	-5.20830951475284
330	315.89	-40.3308096270399
330	320.422	-18.180068336662
330	324.958	-3.36151942209563
330	329.496	45.937659768395
330	334.038	36.9553515861699
330	338.584	-719.347547319462
330	343.133	-18.3130382889306
330	347.685	-11.6985644850501
330	352.24	4.81129058469713
330	356.799	33.470981007878
330	361.361	29.7114086505321
330	365.926	38.1950170249793
330	370.495	122.165896916559
330	375.067	122.395121240821
330	379.641	146.393859180685
330	384.219	118.872014058364
330	388.801	94.9208067175223
330	393.385	170.591614915633
330	397.972	165.457679596493
330	402.562	206.868805962101
330	407.156	155.502800372854
330	411.752	198.636335374125
330	416.352	185.576980354076
330	420.954	164.504521942967
330	425.56	206.675051657412
330	430.168	190.190077597822
330	434.779	205.471805870049
330	439.393	183.533999311208
330	444.01	163.394860784778
330	448.63	145.214409451204
330	453.253	168.27866720929
330	457.878	152.061392423825
330	462.506	136.041387100804
330	467.137	145.091025562506
330	471.771	139.168923358169
330	476.407	135.868208135695
330	481.047	128.624706840075
330	485.688	99.3802008376638
330	490.333	92.0681384675456
330	494.979	106.117653681097
330	499.629	101.894031872016
330	504.281	113.633236907604
330	508.936	109.097890135385
330	513.593	69.4487982579497
330	518.252	83.166303710859
330	522.914	63.5257805854308
330	527.579	62.4682931211564
330	532.245	61.9848875974411
330	536.915	54.9419844226704
330	541.586	33.8884636332435
330	546.26	30.632213860977
330	550.936	31.6536154129985
330	555.615	30.3589911329154
330	560.296	28.3399260974503
330	564.979	34.8458329234328
330	569.664	32.3635921119395
330	574.351	56.1396339020129
330	579.04	36.2877373659885
330	583.732	27.5063191817081
330	588.426	20.0435474999208
330	593.121	48.7905256727032
330	597.819	6.01091261274012
330	602.519	20.4294016538205
330	607.221	17.4188745499052
330	611.924	12.8926396424979
330	616.63	10.6804878321707
330	621.338	30.1711968949732
330	626.047	30.7516237046382
330	630.758	9.46899005113213
330	635.471	28.2885291951473
330	640.186	10.8278193468083
330	644.903	17.4930899221607
330	649.621	-0.235752376865378
330	654.341	12.9354838184594
330	659.063	46.564994821342
330	663.787	4.05088926578605
330	668.512	-17.7883877759152
330	673.238	-20.8619790176115
330	677.967	12.4828199837819
330	682.696	18.6318922749318
330	687.428	-5.76246542546034
330	692.16	14.400439252035
330	696.895	-1.00303422151219
330	701.63	-12.8466438898124
330	706.367	7.40597979544107
330	711.106	-1.04741083167241
330	715.845	8.63562031401119
330	720.586	2.88963298677822
330	725.329	-50.6792719461742
330	730.072	-2.18629683945171
330	734.817	8.15629966055604
330	739.563	13.5116520135308
330	744.31	1.58960258372228
330	749.058	24.9144153741726
330	753.808	39.0051375460753
330	758.558	-1.13076776810178
330	763.31	23.0488886249839
330	768.062	-1.21373661533545
330	772.815	5.73843613713013
330	777.57	12.9211242080391
330	782.325	3.80857051094809
330	787.081	-30.7905084645916
330	791.838	2.60189220160438
330	796.596	-3.51415636794
330	801.355	14.4877148639015
330	806.114	17.1499318110851
330	810.875	-3.80428206764775
330	815.635	-0.388679208559684
330	820.397	-18.2730419274258
330	825.159	-3.42117786030084
325	248.336	9.64759963486627
325	252.814	-9.54164678367662
325	257.296	8.18016505808619
325	261.781	9.71388065722208
325	266.271	16.2710088891264
325	270.764	-4.32704175326629
325	275.26	-22.4680252256169
325	279.76	4.39851259158635
325	284.264	-35.1138296644691
325	288.772	-8.88485477569748
325	293.283	32.1463829613307
325	297.797	37.9776319050158
325	302.315	9.2996570546394
325	306.837	-2.17784519256259
325	311.362	-39.2239999581369
325	315.89	5.99830943043867
325	320.422	90.8948977585151
325	324.958	38.8746622343569
325	329.496	57.5784924084073
325	334.038	-420.848687686777
325	338.584	-5.43660099616682
325	343.133	-21.252050463566
325	347.685	6.79687112390906
325	352.24	6.38596603387475
325	356.799	7.87498266611323
325	361.361	31.8465444432306
325	365.926	93.9224712903829
325	370.495	79.9699854909654
325	375.067	132.270414075558
325	379.641	138.567840551744
325	384.219	128.654101267802
325	388.801	136.143120851012
325	393.385	156.562301906878
325	397.972	205.630386170089
325	402.562	173.925220606186
325	407.156	173.83163886969
325	411.752	181.581688322101
325	416.352	194.728671909468
325	420.954	176.072477241073
325	425.56	196.870582956273
325	430.168	206.994749737227
325	434.779	198.176707505034
325	439.393	202.665568372327
325	444.01	188.608880899106
325	448.63	173.012204653331
325	453.253	172.171088211598
325	457.878	147.927250269447
325	462.506	149.281593104302
325	467.137	137.995577550818
325	471.771	123.143361185793
325	476.407	142.482506667162
325	481.047	123.964947479013
325	485.688	105.441223661188
325	490.333	87.6928317964306
325	494.979	90.9865311042482
325	499.629	106.973155836387
325	504.281	100.117379059424
325	508.936	94.0462961009496
325	513.593	97.9107291841174
325	518.252	88.9144571590725
325	522.914	55.1527231056862
325	527.579	51.3168377333848
325	532.245	56.8097036710154
325	536.915	55.6323184023866
325	541.586	49.3140502349397
325	546.26	50.448265054508
325	550.936	43.7754319689423
325	555.615	24.6426585472693
325	560.296	34.3836180554373
325	564.979	31.2435723651058
325	569.664	35.5221957797355
325	574.351	45.7109206401671
325	579.04	33.505537392331
325	583.732	16.267114072743
325	588.426	30.9216039300469
325	593.121	43.593748170252
325	597.819	17.7430346830661
325	602.519	27.5488040328237
325	607.221	22.3050947826075
325	611.924	26.5150776067325
325	616.63	7.83230678085999
325	621.338	8.21783567265518
325	626.047	11.7999702150331
325	630.758	19.9525117770591
325	635.471	27.2177930669591
325	640.186	14.7242426328583
325	644.903	27.6660570951677
325	649.621	40.0315131527072
325	654.341	-37.0297355928142
325	659.063	-28.7224947942464
325	663.787	-26.0613985542445
325	668.512	12.6381319823288
325	673.238	48.2374181208866
325	677.967	1.10583547714213
325	682.696	11.7793127238117
325	687.428	19.0127140591087
325	692.16	10.097618111472
325	696.895	-8.33142666413574
325	701.63	13.9067835361406
325	706.367	-2.18127188720448
325	711.106	16.1230535051187
325	715.845	-4.13003198491912
325	720.586	4.98113420343918
325	725.329	-39.076052043932
325	730.072	23.6813349814733
325	734.817	-2.21033839627266
325	739.563	10.3329115624587
325	744.31	-3.889313566001
325	749.058	22.5609723019205
325	753.808	27.0616689151723
325	758.558	9.60998084094703
325	763.31	7.64335965147289
325	768.062	3.44760761135612
325	772.815	2.61606941966751
325	777.57	-0.421520930561851
325	782.325	4.45918594823117
325	787.081	-1.83237822481817
325	791.838	11.4000539864113
325	796.596	-13.4666084392154
325	801.355	-2.79745535167802
325	806.114	19.2702362415595
325	810.875	-2.80112638523287
325	815.635	2.39739932617489
325	820.397	-20.040245817416
325	825.159	-9.2078964469707
320	248.336	25.4014883567709
320	252.814	13.6962871183643
320	257.296	14.0528121046423
320	261.781	15.2768501133682
320	266.271	60.5780489052777
320	270.764	-41.4298920173995
320	275.26	14.2143072528646
320	279.76	-10.3099364443977
320	284.264	-34.1835332187237
320	288.772	-13.2159101065919
320	293.283	14.1303796102377
320	297.797	-6.0824986353872
320	302.315	12.2121148547332
320	306.837	8.95465287178058
320	311.362	35.5286793267434
320	315.89	227.779936330998
320	320.422	-8.38762047348064
320	324.958	-3.25844997607419
320	329.496	-221.429343624199
320	334.038	103.043276275625
320	338.584	98.547672162898
320	343.133	92.9366725601951
320	347.685	67.762204114004
320	352.24	93.7882378898829
320	356.799	134.385396317845
320	361.361	136.422109649873
320	365.926	165.253787620019
320	370.495	147.464930320252
320	375.067	171.303533896832
320	379.641	152.416787037539
320	384.219	147.923719995655
320	388.801	168.766287515138
320	393.385	147.230287206925
320	397.972	217.123827014148
320	402.562	199.068502916463
320	407.156	179.631103008038
320	411.752	199.058111084565
320	416.352	174.572455979041
320	420.954	160.923685929998
320	425.56	216.78064729342
320	430.168	222.403096102735
320	434.779	191.08998221815
320	439.393	207.835370629495
320	444.01	177.497034937716
320	448.63	180.471885724911
320	453.253	184.575547070868
320	457.878	151.314250859458
320	462.506	159.754610014293
320	467.137	123.005016294193
320	471.771	141.967952769308
320	476.407	152.567341974924
320	481.047	123.318735085069
320	485.688	99.3563051284774
320	490.333	96.5445203956651
320	494.979	104.479929143755
320	499.629	108.08486054227
320	504.281	99.3747278181459
320	508.936	118.16898597874
320	513.593	82.5884005344317
320	518.252	84.7821690009918
320	522.914	65.3033954328011
320	527.579	52.6407138659814
320	532.245	50.0818053151149
320	536.915	55.7275404443264
320	541.586	63.9916295023356
320	546.26	49.3375450064981
320	550.936	41.0760961657478
320	555.615	19.6755249841395
320	560.296	29.6385837017451
320	564.979	48.3313436904261
320	569.664	22.5185951072181
320	574.351	41.7388519497424
320	579.04	46.1402631556825
320	583.732	10.2849969876218
320	588.426	37.5912258557099
320	593.121	30.5382962378528
320	597.819	20.2714852876558
320	602.519	-7.33826746543496
320	607.221	6.44457734591313
320	611.924	13.6607229939093
320	616.63	12.8293807609307
320	621.338	33.1431765316339
320	626.047	28.7785582478603
320	630.758	8.46963322872168
320	635.471	27.6822783611063
320	640.186	53.7921112584504
320	644.903	-22.5403315924489
320	649.621	-10.6910154496068
320	654.341	-14.5239707465584
320	659.063	36.5830679985495
320	663.787	8.0044069329209
320	668.512	20.8929057939543
320	673.238	43.5056679455227
320	677.967	3.34730791399109
320	682.696	17.6510905637368
320	687.428	19.6661377819952
320	692.16	7.98545722957247
320	696.895	-6.12235325038785
320	701.63	28.9537234194515
320	706.367	-1.16739781410364
320	711.106	-5.12582919034369
320	715.845	8.39598652713889
320	720.586	-27.2108707814017
320	725.329	-49.8264271353584
320	730.072	14.2794357026942
320	734.817	-21.7596801177799
320	739.563	3.73968900060128
320	744.31	-1.25768973525193
320	749.058	16.1177456104636
320	753.808	26.8030895504667
320	758.558	-20.2471874459222
320	763.31	8.08177196738593
320	768.062	-9.51645353948656
320	772.815	-0.450672391165707
320	777.57	24.9535901577113
320	782.325	38.0091518128349
320	787.081	-23.1257574689888
320	791.838	25.9937270495208
320	796.596	2.94268329688929
320	801.355	14.8155377413368
320	806.114	-0.847129478582382
320	810.875	8.88948792481143
320	815.635	-13.1207278508076
320	820.397	-22.4321001681486
320	825.159	-3.38603871418942
315	248.336	19.246704386196
315	252.814	31.6332397058575
315	257.296	18.0235536662137
315	261.781	19.3692123502562
315	266.271	26.8160399397453
315	270.764	-18.6711496427106
315	275.26	-3.30970518537208
315	279.76	16.0219580989348
315	284.264	19.6735601611025
315	288.772	1.21434217729347
315	293.283	38.0529229506665
315	297.797	13.3206146602585
315	302.315	-12.5721950269424
315	306.837	76.0598734401813
315	311.362	304.662057737904
315	315.89	-11.2638492704173
315	320.422	-18.946205366512
315	324.958	-95.2249281192039
315	329.496	155.925503299105
315	334.038	117.336626491106
315	338.584	166.919410610659
315	343.133	141.636708603241
315	347.685	133.85959750751
315	352.24	159.672812689431
315	356.799	233.875417930773
315	361.361	159.954947972215
315	365.926	168.277603074405
315	370.495	160.480322585202
315	375.067	159.938682167629
315	379.641	213.144131625387
315	384.219	177.57862827502
315	388.801	161.438509222201
315	393.385	215.62838402967
315	397.972	237.927885246273
315	402.562	232.168395269723
315	407.156	196.369883629759
315	411.752	212.381326957365
315	416.352	200.653731850397
315	420.954	175.18544873035
315	425.56	210.029893359896
315	430.168	235.921309435473
315	434.779	232.607207177792
315	439.393	203.830910343913
315	444.01	186.38854067267
315	448.63	158.51292084377
315	453.253	171.394681283499
315	457.878	161.011058600063
315	462.506	142.999012479392
315	467.137	128.828326921867
315	471.771	133.508752075892
315	476.407	152.303687385758
315	481.047	138.217070404243
315	485.688	103.527305426346
315	490.333	95.550522889595
315	494.979	114.882841881194
315	499.629	91.6449923692528
315	504.281	105.425253306217
315	508.936	122.835066233336
315	513.593	87.9712811867003
315	518.252	77.4320098291001
315	522.914	67.2444569159069
315	527.579	62.0648066035282
315	532.245	59.6672036068137
315	536.915	67.5370835292552
315	541.586	42.2213454201547
315	546.26	46.5596974506299
315	550.936	50.6874290019361
315	555.615	19.8543326669532
315	560.296	33.8784703347518
315	564.979	36.7452094190962
315	569.664	39.9085058839236
315	574.351	77.5836538554422
315	579.04	38.9746657144534
315	583.732	13.512572331442
315	588.426	23.8541847773656
315	593.121	42.6217503365008
315	597.819	17.0770957737423
315	602.519	-4.73864233506652
315	607.221	12.2517612911217
315	611.924	23.722493923019
315	616.63	-2.45246442459938
315	621.338	9.41954915305504
315	626.047	11.1106236512879
315	630.758	3.47663995043217
315	635.471	-14.2210994419993
315	640.186	-36.0677739924749
315	644.903	0.276376782820705
315	649.621	14.8080877116638
315	654.341	26.7005729223206
315	659.063	23.1348195855122
315	663.787	12.6909166147077
315	668.512	34.8874116226095
315	673.238	58.5041542587915
315	677.967	33.7841896015386
315	682.696	14.6950019864791
315	687.428	24.7990014116268
315	692.16	10.0511251915645
315	696.895	-1.62824410842423
315	701.63	-17.578805789351
315	706.367	15.2611258311259
315	711.106	13.33350044846
315	715.845	2.5147052684338
315	720.586	-24.1528136105032
315	725.329	-47.163901716204
315	730.072	-21.139713834764
315	734.817	-0.00364057565085396
315	739.563	-5.71682803492679
315	744.31	1.33036985347461
315	749.058	16.5979233233164
315	753.808	27.8967587289678
315	758.558	-22.3547524778948
315	763.31	0.00316095460999577
315	768.062	-1.43480707029431
315	772.815	-1.44192346544163
315	777.57	18.0854645053904
315	782.325	-3.97467949855842
315	787.081	-23.9623196455839
315	791.838	11.711723403938
315	796.596	-17.64058355082
315	801.355	2.68822797410612
315	806.114	8.50681681939999
315	810.875	17.4637135844685
315	815.635	-8.06335941422056
315	820.397	-5.37800120765969
315	825.159	-9.85242087806309
310	248.336	25.4780755194563
310	252.814	3.98674507351269
310	257.296	-6.10190406498751
310	261.781	13.6562924077084
310	266.271	60.6489369576975
310	270.764	-20.5432814506646
310	275.26	-38.6146653971996
310	279.76	20.2272792095714
310	284.264	-7.90244345538656
310	288.772	11.2934140581763
310	293.283	21.2519371175846
310	297.797	11.8607401958797
310	302.315	88.4238300021127
310	306.837	399.508367490398
310	311.362	31.8304384051626
310	315.89	-867.909744975914
310	320.422	-34.691123144637
310	324.958	188.283591648596
310	329.496	208.934223069621
310	334.038	203.130831222798
310	338.584	229.28901325447
310	343.133	192.860335428865
310	347.685	192.870874794064
310	352.24	216.829968119168
310	356.799	156.295865926167
310	361.361	174.493391816241
310	365.926	156.798263843031
310	370.495	136.021546473399
310	375.067	211.748411408903
310	379.641	193.689033254776
310	384.219	171.333711120617
310	388.801	174.601242313228
310	393.385	200.124901476269
310	397.972	233.185885378944
310	402.562	225.794751885629
310	407.156	208.455027568965
310	411.752	245.552608556744
310	416.352	211.76346344857
310	420.954	177.424408579929
310	425.56	219.028234930953
310	430.168	254.643759353088
310	434.779	226.598405975231
310	439.393	205.027693823202
310	444.01	196.690234309742
310	448.63	185.065270080255
310	453.253	188.445668807299
310	457.878	164.83352759925
310	462.506	162.784789678482
310	467.137	146.707719063483
310	471.771	123.098168284336
310	476.407	140.983362935738
310	481.047	120.998386417427
310	485.688	99.5312154178872
310	490.333	109.861112789464
310	494.979	100.949129537267
310	499.629	109.281964569203
310	504.281	103.830298400304
310	508.936	116.973947922446
310	513.593	102.693062854208
310	518.252	92.197627308772
310	522.914	68.9089860931889
310	527.579	61.8510681842091
310	532.245	77.5966681506521
310	536.915	75.3400930238236
310	541.586	44.8105978600471
310	546.26	61.216609805503
310	550.936	50.0718525999135
310	555.615	15.6166166525317
310	560.296	39.024930736383
310	564.979	29.9517581789133
310	569.664	24.0764961411312
310	574.351	47.5264753820648
310	579.04	58.2961360774642
310	583.732	21.8754598031901
310	588.426	50.6054087878554
310	593.121	49.4665564977576
310	597.819	19.0834541815011
310	602.519	9.28650137491516
310	607.221	27.66831552929
310	611.924	37.4356127512517
310	616.63	-0.0948776359668955
310	621.338	27.8186748727558
310	626.047	-32.9628857979428
310	630.758	-10.9437942461425
310	635.471	-0.574628367326454
310	640.186	14.8564668966215
310	644.903	20.0198043114822
310	649.621	46.8129150486319
310	654.341	-18.1946420477917
310	659.063	24.3785568583168
310	663.787	13.7897928103321
310	668.512	49.4049453679115
310	673.238	28.7600569566415
310	677.967	16.9787733315816
310	682.696	34.3191817729184
310	687.428	43.4220668521689
310	692.16	12.7672499978687
310	696.895	19.2668977545673
310	701.63	12.9694663334285
310	706.367	11.7997820335766
310	711.106	34.3197609587269
310	715.845	17.8029821182297
310	720.586	18.2832280813327
310	725.329	-60.0154605347518
310	730.072	-14.9777202119804
310	734.817	-16.9279894165114
310	739.563	16.1951845998467
310	744.31	-11.6865920579562
310	749.058	34.9679682263964
310	753.808	48.6417655550252
310	758.558	2.94414320349905
310	763.31	11.9992403269551
310	768.062	11.6128250994411
310	772.815	17.1633250715559
310	777.57	16.9914698781335
310	782.325	-6.78452655274006
310	787.081	-20.9282418646811
310	791.838	-6.96846686208123
310	796.596	10.9185599927569
310	801.355	0.473155434404726
310	806.114	-12.2607543260551
310	810.875	-2.82341712146276
310	815.635	10.3747069464725
310	820.397	5.66392757381982
310	825.159	-25.9301930081449
305	248.336	44.7436080628985
305	252.814	61.4174467935314
305	257.296	0.0135089524009118
305	261.781	-29.5905730735985
305	266.271	1.28212101049968
305	270.764	6.23058151603334
305	275.26	44.0578694978835
305	279.76	-7.50925797842945
305	284.264	-13.8380214600882
305	288.772	-5.70735121992345
305	293.283	-18.5946110371513
305	297.797	69.5846906352999
305	302.315	653.857939719426
305	306.837	20.1709008926191
305	311.362	-509.150359690568
305	315.89	-17.48663201972
305	320.422	133.497756173366
305	324.958	211.27018082518
305	329.496	259.626262522015
305	334.038	250.259414400282
305	338.584	277.763838431381
305	343.133	271.679967647674
305	347.685	220.857596031481
305	352.24	205.675019536101
305	356.799	185.108454086098
305	361.361	188.476490086268
305	365.926	184.857296699934
305	370.495	205.165616365669
305	375.067	188.412250894673
305	379.641	226.866035380635
305	384.219	193.478167076114
305	388.801	192.770260645258
305	393.385	194.981611014681
305	397.972	232.150023643287
305	402.562	224.051805004398
305	407.156	219.230369498365
305	411.752	223.512994451075
305	416.352	227.344433981543
305	420.954	205.922583088465
305	425.56	227.567631117899
305	430.168	242.520255130644
305	434.779	233.463004696847
305	439.393	212.046617332707
305	444.01	217.583263142424
305	448.63	183.173324699074
305	453.253	174.109912205293
305	457.878	169.164484093485
305	462.506	156.958743254027
305	467.137	153.536324936858
305	471.771	165.417578303809
305	476.407	169.592800453571
305	481.047	149.940537368617
305	485.688	98.033162272132
305	490.333	120.959255279854
305	494.979	137.389791064864
305	499.629	100.104115743776
305	504.281	100.556998922624
305	508.936	110.459877128209
305	513.593	78.3930912882453
305	518.252	115.456705388361
305	522.914	52.2717395211885
305	527.579	57.0477659162473
305	532.245	74.5124004635721
305	536.915	58.9398360982482
305	541.586	55.7746482780403
305	546.26	27.017183411264
305	550.936	53.0213589626585
305	555.615	23.7181512448172
305	560.296	43.0181824184137
305	564.979	32.2877978293392
305	569.664	6.50700016048123
305	574.351	63.7806775363963
305	579.04	53.6927902626415
305	583.732	17.0290990476854
305	588.426	49.1099466986853
305	593.121	73.653131410385
305	597.819	23.7042545721821
305	602.519	40.9826110974031
305	607.221	25.4126949752435
305	611.924	36.2145936925867
305	616.63	-15.7169983784929
305	621.338	-27.3997985824797
305	626.047	4.40058422495923
305	630.758	3.21806909569054
305	635.471	20.2377658856806
305	640.186	24.3292651781066
305	644.903	9.43455633116121
305	649.621	52.400032857626
305	654.341	22.386798025822
305	659.063	30.2390019139286
305	663.787	34.1236203242084
305	668.512	41.3498403022076
305	673.238	29.7799282918124
305	677.967	11.4830018396241
305	682.696	-1.31909584615173
305	687.428	-11.6575987244612
305	692.16	22.1383962201847
305	696.895	-2.26673952237297
305	701.63	7.33878512086039
305	706.367	22.7344200500486
305	711.106	-7.49994126389296
305	715.845	-1.41993624635471
305	720.586	-14.739162505307
305	725.329	-59.6680400525615
305	730.072	17.4330747138628
305	734.817	13.6543940683695
305	739.563	28.6129379986421
305	744.31	-12.4628063131593
305	749.058	26.1924699984854
305	753.808	18.4832076001974
305	758.558	21.4340394447195
305	763.31	23.993016174728
305	768.062	-3.2281270278039
305	772.815	13.9883846803483
305	777.57	28.5364323394407
305	782.325	21.7342338384366
305	787.081	-26.8898893365469
305	791.838	32.0117896065893
305	796.596	-6.40591688388681
305	801.355	2.01013766851242
305	806.114	25.1350845421849
305	810.875	-13.0675561253829
305	815.635	-0.503794698546956
305	820.397	3.01818534975864
305	825.159	11.562072438203
300	248.336	49.4151317452608
300	252.814	7.23569533738691
300	257.296	6.7972632534055
300	261.781	8.53557010947702
300	266.271	43.1157148903844
300	270.764	2.07652798814809
300	275.26	24.5241908106659
300	279.76	23.2224709756647
300	284.264	3.70854265491221
300	288.772	-10.4363901211757
300	293.283	90.9695226836616
300	297.797	868.348669588657
300	302.315	60.1004633691664
300	306.837	-185.551339483187
300	311.362	64.7456266304973
300	315.89	143.640795337353
300	320.422	215.261471892072
300	324.958	309.616244947055
300	329.496	291.263500963169
300	334.038	352.358130415762
300	338.584	405.281729388224
300	343.133	325.565047998998
300	347.685	234.08094352216
300	352.24	222.291689767188
300	356.799	226.851494240206
300	361.361	222.230189731399
300	365.926	202.73293497838
300	370.495	234.788153268196
300	375.067	192.599780692165
300	379.641	253.563580360376
300	384.219	171.405833490222
300	388.801	184.036281379716
300	393.385	228.326156267457
300	397.972	213.946426564545
300	402.562	206.140410501377
300	407.156	205.760584118022
300	411.752	230.731952037488
300	416.352	255.872734460568
300	420.954	185.319632207736
300	425.56	203.592067735696
300	430.168	231.416951491739
300	434.779	251.733983575783
300	439.393	204.415276733645
300	444.01	204.522428423088
300	448.63	166.33513484085
300	453.253	186.32246903997
300	457.878	157.403739981435
300	462.506	152.993564272919
300	467.137	117.314163675285
300	471.771	146.524461305203
300	476.407	125.981901399756
300	481.047	148.134145102581
300	485.688	104.696855815809
300	490.333	107.830434155754
300	494.979	105.146495463945
300	499.629	83.4324900482673
300	504.281	134.174519301931
300	508.936	116.435313950342
300	513.593	87.7572154482973
300	518.252	93.5628729087924
300	522.914	68.5894710301667
300	527.579	63.4749507314009
300	532.245	60.9497568268611
300	536.915	71.0278592302894
300	541.586	39.8653014092465
300	546.26	71.5521518478532
300	550.936	61.8957779344364
300	555.615	25.0010129053023
300	560.296	32.6805345965442
300	564.979	38.334723694399
300	569.664	23.2116276529985
300	574.351	71.6634896450389
300	579.04	33.08851067886
300	583.732	35.277341726016
300	588.426	52.1681888738898
300	593.121	39.1118685574116
300	597.819	75.1755934871164
300	602.519	40.0663174195665
300	607.221	72.0916512418371
300	611.924	6.581428289423
300	616.63	-2.52420265969369
300	621.338	26.9510807173699
300	626.047	50.4998365823354
300	630.758	43.3143040551843
300	635.471	22.0917088329378
300	640.186	33.3564703565598
300	644.903	24.1023442027892
300	649.621	54.1659793831822
300	654.341	10.8891637375958
300	659.063	24.6448034916042
300	663.787	46.7489398526033
300	668.512	37.4979312040395
300	673.238	32.1021353146201
300	677.967	29.0208291034488
300	682.696	43.9123212846085
300	687.428	12.5217678309464
300	692.16	37.1197162931819
300	696.895	-11.6249324081034
300	701.63	9.31382550135464
300	706.367	34.6900766987092
300	711.106	8.00926248916659
300	715.845	-20.7307751753572
300	720.586	1.53144606089876
300	725.329	-85.1553727349277
300	730.072	11.4095480902473
300	734.817	-20.7839884245858
300	739.563	12.6386808169129
300	744.31	-19.6589928184103
300	749.058	15.6006203768301
300	753.808	27.9231916944485
300	758.558	-6.65504280381122
300	763.31	38.6973536290698
300	768.062	-36.1522300945008
300	772.815	-5.69817927145586
300	777.57	26.9224696854641
300	782.325	21.4041044283557
300	787.081	-4.8550683586736
300	791.838	10.9847877670074
300	796.596	10.5554572000192
300	801.355	-6.43049199382118
300	806.114	21.4567254573169
300	810.875	6.42794953536382
300	815.635	-25.7253579198945
300	820.397	-14.4497504192056
300	825.159	-13.9368288363494
295	248.336	36.0190931344094
295	252.814	18.276919650015
295	257.296	1.11210128155494
295	261.781	24.2955779155911
295	266.271	87.8960344898093
295	270.764	63.111744792184
295	275.26	18.7589363017719
295	279.76	57.4144427539982
295	284.264	60.5111817026735
295	288.772	186.421037722478
295	293.283	1422.15950124846
295	297.797	30.6680998175289
295	302.315	-132.985579463839
295	306.837	47.7311137920728
295	311.362	143.274372178768
295	315.89	179.421362962205
295	320.422	310.199771425131
295	324.958	406.066120726544
295	329.496	501.752821740285
295	334.038	550.662212092633
295	338.584	465.68891644764
295	343.133	404.182676236352
295	347.685	369.021941261117
295	352.24	358.706246909554
295	356.799	303.480604223699
295	361.361	319.358295060188
295	365.926	261.140650500502
295	370.495	285.351284448606
295	375.067	254.504594642877
295	379.641	257.208530206711
295	384.219	235.287341586688
295	388.801	209.782751088805
295	393.385	264.587042643051
295	397.972	239.760682103775
295	402.562	204.977380111245
295	407.156	179.893136871777
295	411.752	209.017145710038
295	416.352	199.591260384026
295	420.954	191.38745711688
295	425.56	214.496454108118
295	430.168	223.308713861465
295	434.779	215.214255430936
295	439.393	182.052430840567
295	444.01	212.670139296916
295	448.63	147.613361584292
295	453.253	155.642821289152
295	457.878	146.184728864081
295	462.506	179.824128269372
295	467.137	126.30145313023
295	471.771	174.960742602804
295	476.407	147.852556608197
295	481.047	152.405812000501
295	485.688	117.941432522167
295	490.333	91.0247109280851
295	494.979	112.818489260175
295	499.629	100.605905738904
295	504.281	133.315294187698
295	508.936	123.412224205592
295	513.593	90.4388416503204
295	518.252	92.7563219111767
295	522.914	75.2898046290769
295	527.579	79.2045956647926
295	532.245	67.4461512340957
295	536.915	74.3651504244996
295	541.586	72.396034763026
295	546.26	65.1793972713142
295	550.936	62.8030441116444
295	555.615	33.1124334340716
295	560.296	34.0824196109701
295	564.979	45.9772727006932
295	569.664	48.8323487631307
295	574.351	75.7373856776888
295	579.04	63.7254712565224
295	583.732	77.850308174295
295	588.426	169.142304742172
295	593.121	228.261877266147
295	597.819	15.6603771799369
295	602.519	-9.57460032216636
295	607.221	21.3224508165087
295	611.924	20.5138178296382
295	616.63	-14.3791284205326
295	621.338	47.6824625109346
295	626.047	58.6740244703043
295	630.758	44.0156521276603
295	635.471	62.0964434240415
295	640.186	14.5291163861246
295	644.903	13.2942747585422
295	649.621	17.3588866995929
295	654.341	21.6070625729125
295	659.063	50.3022664462536
295	663.787	55.4788876668899
295	668.512	75.4188300954332
295	673.238	61.1428992752848
295	677.967	10.2160426301635
295	682.696	61.2089014969532
295	687.428	19.6890465678979
295	692.16	31.2456457608673
295	696.895	13.1087419796552
295	701.63	19.583316764546
295	706.367	-4.24703838633936
295	711.106	-15.1262662285393
295	715.845	-17.4937775950783
295	720.586	7.68399810837308
295	725.329	-58.7917379708218
295	730.072	-17.855297831329
295	734.817	15.7492773180421
295	739.563	58.5948550972929
295	744.31	24.1581842294752
295	749.058	22.661062205046
295	753.808	37.8973294785257
295	758.558	5.43719340032052
295	763.31	31.3686463417406
295	768.062	14.898865100059
295	772.815	42.8073121366273
295	777.57	52.5284008496212
295	782.325	14.7870178275248
295	787.081	-32.3154548154707
295	791.838	31.6350959203432
295	796.596	-38.2766235867222
295	801.355	28.993085805049
295	806.114	-28.9805978758889
295	810.875	21.4451696708396
295	815.635	-22.6004866480379
295	820.397	-15.6288910100177
295	825.159	22.609852594908
290	248.336	38.4068412920461
290	252.814	45.2274105136975
290	257.296	19.7039161983812
290	261.781	73.8846741526256
290	266.271	28.9482583006389
290	270.764	-8.64334906124327
290	275.26	-16.1311348126426
290	279.76	127.476597078309
290	284.264	215.611142843643
290	288.772	1436.6615265182
290	293.283	4.08596841433609
290	297.797	147.81596846574
290	302.315	385.62696324176
290	306.837	476.596710744188
290	311.362	536.259381180803
290	315.89	460.28427158726
290	320.422	811.117504029678
290	324.958	976.445356770011
290	329.496	802.377741222412
290	334.038	794.730580683651
290	338.584	817.924193039318
290	343.133	702.999446211282
290	347.685	641.488233037114
290	352.24	591.56568593949
290	356.799	533.45614728221
290	361.361	472.020857459292
290	365.926	427.449868063977
290	370.495	433.900979987123
290	375.067	400.767231594627
290	379.641	331.457309682897
290	384.219	303.096632339997
290	388.801	271.067369925503
290	393.385	290.853452478811
290	397.972	262.35963845809
290	402.562	260.92240603123
290	407.156	218.943612774123
290	411.752	242.847385629604
290	416.352	201.00216945856
290	420.954	179.08111913313
290	425.56	235.255801068965
290	430.168	240.117527769142
290	434.779	223.855223618057
290	439.393	221.878861244632
290	444.01	204.940240656328
290	448.63	178.500114875617
290	453.253	187.658211330112
290	457.878	171.056516247748
290	462.506	181.554424710761
290	467.137	152.98740979916
290	471.771	146.434747636439
290	476.407	157.406704293762
290	481.047	143.776270228483
290	485.688	115.930462211414
290	490.333	102.697703281091
290	494.979	160.248805043157
290	499.629	115.938676083079
290	504.281	116.058357873263
290	508.936	133.602175148047
290	513.593	111.712657507014
290	518.252	121.662447427702
290	522.914	59.6054441986961
290	527.579	54.3795928809997
290	532.245	86.1900331400344
290	536.915	61.4538303374422
290	541.586	64.3716127000882
290	546.26	70.1481809417983
290	550.936	35.5614445060286
290	555.615	33.8089480466254
290	560.296	32.1437028446729
290	564.979	77.2095925189318
290	569.664	57.5222225734751
290	574.351	131.326209315832
290	579.04	191.469345597749
290	583.732	144.591008378849
290	588.426	59.1410073329585
290	593.121	36.6336468533214
290	597.819	41.1910453313411
290	602.519	43.9307298675365
290	607.221	33.6109043317923
290	611.924	62.4595591431575
290	616.63	15.9118391963137
290	621.338	52.1238869778857
290	626.047	62.240061196472
290	630.758	37.8463717276645
290	635.471	56.6886677638512
290	640.186	72.281989302898
290	644.903	45.4266545616154
290	649.621	79.4373205086982
290	654.341	-6.46072614416269
290	659.063	17.3529258624183
290	663.787	39.0542566053163
290	668.512	43.7902545268075
290	673.238	36.2468624829353
290	677.967	22.4684748923887
290	682.696	56.7995447424784
290	687.428	21.7342150623872
290	692.16	31.6283918150715
290	696.895	44.5808580061034
290	701.63	34.4471368770248
290	706.367	40.1770111377459
290	711.106	-14.3310755723671
290	715.845	6.64353867936672
290	720.586	27.2480396197382
290	725.329	-70.4866723924401
290	730.072	-35.7714367956153
290	734.817	10.5585592751889
290	739.563	33.2997789107544
290	744.31	24.7657411412613
290	749.058	37.8492760693616
290	753.808	21.5772043827655
290	758.558	-19.3075843229676
290	763.31	2.71627188515907
290	768.062	15.7650109253299
290	772.815	-10.2759000262188
290	777.57	32.1524388232523
290	782.325	-18.4534009400043
290	787.081	-5.83138460044571
290	791.838	-12.3772256726178
290	796.596	-22.2502269874416
290	801.355	5.12162659744122
290	806.114	-10.8841597818377
290	810.875	-16.0061547547564
290	815.635	16.0059705670177
290	820.397	-30.7325558894081
290	825.159	9.60328429096067
285	248.336	65.042380683807
285	252.814	82.258869252404
285	257.296	92.6452061447141
285	261.781	115.995287617761
285	266.271	138.552137749504
285	270.764	141.317335842322
285	275.26	116.389372159768
285	279.76	514.650342730394
285	284.264	-43.7918318843658
285	288.772	-16.8800263377198
285	293.283	827.515155367286
285	297.797	1087.25525207646
285	302.315	1328.48907893182
285	306.837	1371.44120251861
285	311.362	1299.93898937596
285	315.89	1364.7896546413
285	320.422	1497.16960807032
285	324.958	1543.26674098394
285	329.496	1475.3453749067
285	334.038	1379.70563908213
285	338.584	1243.73683053869
285	343.133	1111.44909180185
285	347.685	997.583933976455
285	352.24	865.145769531829
285	356.799	745.078241547711
285	361.361	641.676392794897
285	365.926	551.471090348972
285	370.495	559.842193532105
285	375.067	481.114854427635
285	379.641	441.708307956876
285	384.219	415.312176288607
285	388.801	389.645287449026
285	393.385	374.177576725619
285	397.972	338.351271540135
285	402.562	296.800922698221
285	407.156	251.930533526858
285	411.752	251.404731963724
285	416.352	254.579621226994
285	420.954	234.278097008933
285	425.56	225.268329221825
285	430.168	242.30835043349
285	434.779	215.41613946227
285	439.393	224.54212057875
285	444.01	193.429982619869
285	448.63	193.104367768756
285	453.253	185.560572018357
285	457.878	205.427078481356
285	462.506	181.200249868183
285	467.137	141.661579687622
285	471.771	162.65029063652
285	476.407	168.052326548621
285	481.047	188.129852325371
285	485.688	112.050021655466
285	490.333	121.386798330062
285	494.979	163.67418980856
285	499.629	137.5074848865
285	504.281	160.50706725921
285	508.936	166.255464902815
285	513.593	79.3748647066413
285	518.252	133.47456849481
285	522.914	68.0815424517104
285	527.579	103.361832022458
285	532.245	93.975183122166
285	536.915	85.7367634161862
285	541.586	86.2016707905699
285	546.26	50.5170574834719
285	550.936	71.9816379148546
285	555.615	53.5438170790981
285	560.296	20.1421621475211
285	564.979	216.95704471774
285	569.664	183.63576426829
285	574.351	300.702699996001
285	579.04	181.586861869014
285	583.732	59.1253711669146
285	588.426	83.8675158744369
285	593.121	151.738358588697
285	597.819	91.9182523816679
285	602.519	94.2969556397054
285	607.221	88.4707636605382
285	611.924	102.805196972869
285	616.63	54.5283128682087
285	621.338	81.8589681548791
285	626.047	77.4331972830814
285	630.758	47.8705384344036
285	635.471	55.2965895923412
285	640.186	81.9531378943801
285	644.903	75.1480055028909
285	649.621	88.9272885878714
285	654.341	82.3245642967054
285	659.063	84.2575869692214
285	663.787	69.1169041018221
285	668.512	106.372434000785
285	673.238	114.660017263154
285	677.967	32.7204049843364
285	682.696	44.1180321476813
285	687.428	41.8108851064746
285	692.16	24.3039610007825
285	696.895	-7.93841522666109
285	701.63	30.6778372004907
285	706.367	20.2446590012842
285	711.106	10.2275949691454
285	715.845	-1.38230607624406
285	720.586	-3.45958067613947
285	725.329	-84.0228247714049
285	730.072	-16.2042250342494
285	734.817	33.346068685148
285	739.563	48.0864657386567
285	744.31	-9.43241804922061
285	749.058	62.2868570002743
285	753.808	61.9905875899729
285	758.558	-4.56497932736755
285	763.31	61.2844679038907
285	768.062	-17.2261170873185
285	772.815	-42.2601500969433
285	777.57	-5.59163565653957
285	782.325	35.6709700188672
285	787.081	-14.9885259470484
285	791.838	15.7998885794585
285	796.596	22.8728879146835
285	801.355	1.46378362164823
285	806.114	10.9709663897243
285	810.875	-11.7029281134979
285	815.635	-10.2391444918496
285	820.397	-62.1685764986065
285	825.159	-0.00111860719055379
280	248.336	129.959889658568
280	252.814	87.3269189413626
280	257.296	77.3554079423095
280	261.781	135.877121301154
280	266.271	125.714898107802
280	270.764	167.748369465449
280	275.26	690.724663363018
280	279.76	1372.70932192408
280	284.264	-5.5776760432127
280	288.772	963.586528572865
280	293.283	1677.4481280389
280	297.797	2166.54607781002
280	302.315	2380.98797232237
280	306.837	2418.60056431337
280	311.362	2478.18513182836
280	315.89	2243.99446528806
280	320.422	2246.5419869795
280	324.958	2243.08300794489
280	329.496	1952.75351485089
280	334.038	1844.49075644663
280	338.584	1632.60695085266
280	343.133	1397.16246058444
280	347.685	1288.80285809253
280	352.24	1142.30651973045
280	356.799	903.70300577751
280	361.361	801.046384590314
280	365.926	679.208227027755
280	370.495	621.719634334906
280	375.067	546.728442737553
280	379.641	477.640683245598
280	384.219	471.481793535181
280	388.801	351.991261884206
280	393.385	394.195852804208
280	397.972	373.297268806565
280	402.562	328.587223130327
280	407.156	185.531535801852
280	411.752	262.738305317107
280	416.352	272.450674698771
280	420.954	169.855441318842
280	425.56	272.522307338149
280	430.168	274.533121761329
280	434.779	236.048270831685
280	439.393	229.3066153783
280	444.01	227.98277584692
280	448.63	159.076476591744
280	453.253	216.24963742991
280	457.878	189.560973310221
280	462.506	202.618532614865
280	467.137	150.643794691929
280	471.771	139.950725123685
280	476.407	205.360064789338
280	481.047	147.559163682313
280	485.688	122.297069415325
280	490.333	130.792624539507
280	494.979	124.787494881985
280	499.629	127.72723031152
280	504.281	171.633522714484
280	508.936	171.935540498775
280	513.593	166.832928220347
280	518.252	128.74552715584
280	522.914	99.0675371882883
280	527.579	98.4861526999263
280	532.245	115.933976315477
280	536.915	98.810324965067
280	541.586	94.0404393402991
280	546.26	79.7586862617591
280	550.936	143.405954799924
280	555.615	139.919620601986
280	560.296	274.178477240642
280	564.979	400.118736514509
280	569.664	195.296333245842
280	574.351	132.937289018597
280	579.04	153.428447412844
280	583.732	143.692382092118
280	588.426	182.882325141452
280	593.121	198.37198509984
280	597.819	122.461991807436
280	602.519	149.107672400577
280	607.221	96.6631154526172
280	611.924	180.764148218546
280	616.63	140.55289107088
280	621.338	110.424127590497
280	626.047	153.868106735007
280	630.758	107.077945721854
280	635.471	97.5182178435279
280	640.186	68.0797439072565
280	644.903	84.1346796207386
280	649.621	143.795790693373
280	654.341	115.979019835859
280	659.063	66.433136950794
280	663.787	92.2579873507324
280	668.512	105.509158151891
280	673.238	74.9574757536344
280	677.967	56.8474815799407
280	682.696	62.7562210525179
280	687.428	60.8953452025468
280	692.16	62.7638351770454
280	696.895	36.2208993442935
280	701.63	25.652127118809
280	706.367	42.4872081605373
280	711.106	19.0881649720987
280	715.845	4.04150121659259
280	720.586	24.1774121492078
280	725.329	-90.5018477533022
280	730.072	13.9713554070748
280	734.817	66.1143533803448
280	739.563	36.7764392650523
280	744.31	24.5212416075598
280	749.058	38.4228248209572
280	753.808	81.8089614787181
280	758.558	-21.2413883719985
280	763.31	3.62620800870599
280	768.062	-41.9427958606643
280	772.815	41.9690799481566
280	777.57	102.305606027191
280	782.325	11.35628908073
280	787.081	20.3823807427735
280	791.838	8.74323537603616
280	796.596	-31.5593748320441
280	801.355	71.559298273416
280	806.114	21.3039106111539
280	810.875	-1.69971226623084
280	815.635	-36.6047372814851
280	820.397	-57.9092172716812
280	825.159	-10.2062449039767
275	248.336	103.419831786764
275	252.814	86.1743995173208
275	257.296	50.3684941941746
275	261.781	193.918333843281
275	266.271	266.67399344873
275	270.764	703.52138378679
275	275.26	1770.14777617555
275	279.76	2606.69137101859
275	284.264	909.758043727961
275	288.772	1626.18343212306
275	293.283	2365.29130473884
275	297.797	2834.47068399997
275	302.315	3067.37702836351
275	306.837	3185.86582748707
275	311.362	2942.68770114694
275	315.89	2639.60982358893
275	320.422	2575.31518600286
275	324.958	2536.83301801813
275	329.496	2209.93620249214
275	334.038	2025.15233122901
275	338.584	1893.17690345074
275	343.133	1596.52962881321
275	347.685	1318.21098766569
275	352.24	1199.74708737807
275	356.799	1057.1581046423
275	361.361	899.060738132597
275	365.926	744.272621555086
275	370.495	757.119388619747
275	375.067	568.481447530471
275	379.641	496.295507822277
275	384.219	461.535192836082
275	388.801	455.828557462249
275	393.385	377.02292930825
275	397.972	379.273087711683
275	402.562	312.179620143402
275	407.156	283.146936765881
275	411.752	254.989505316652
275	416.352	254.271651125841
275	420.954	185.221194421697
275	425.56	265.049746447432
275	430.168	270.915053202957
275	434.779	310.650596764803
275	439.393	243.768683215582
275	444.01	245.589003853595
275	448.63	193.898429835399
275	453.253	192.417572192641
275	457.878	202.294403817664
275	462.506	219.514879706717
275	467.137	177.240916436192
275	471.771	203.676808840393
275	476.407	219.07440623174
275	481.047	199.717278398451
275	485.688	145.617804335576
275	490.333	126.70883818833
275	494.979	157.108278929053
275	499.629	178.884646871772
275	504.281	203.745137217318
275	508.936	172.542821194376
275	513.593	158.979638168828
275	518.252	165.128613693447
275	522.914	162.774493771566
275	527.579	84.1254929129144
275	532.245	132.491680950375
275	536.915	96.7155293571484
275	541.586	132.244113119026
275	546.26	161.071865401347
275	550.936	322.381732766332
275	555.615	382.047006495377
275	560.296	201.793580273501
275	564.979	156.285018148639
275	569.664	84.6116037037682
275	574.351	210.457399767715
275	579.04	193.04725439636
275	583.732	198.027888968483
275	588.426	247.866077724397
275	593.121	234.76140303488
275	597.819	167.049639214006
275	602.519	189.766410534491
275	607.221	146.64381095712
275	611.924	116.856167863782
275	616.63	190.720891770481
275	621.338	166.031096142217
275	626.047	160.443849183427
275	630.758	123.24875282474
275	635.471	121.747616411917
275	640.186	98.2323155793334
275	644.903	92.7287450022982
275	649.621	125.115060336584
275	654.341	79.3020179166849
275	659.063	118.671604555923
275	663.787	109.015946318841
275	668.512	108.969560181243
275	673.238	141.462352178916
275	677.967	125.573675438252
275	682.696	72.041853899873
275	687.428	30.8275774482288
275	692.16	90.2651073195838
275	696.895	58.7480516641856
275	701.63	24.9922025333325
275	706.367	29.0343214098471
275	711.106	33.1299969973727
275	715.845	23.9376503771323
275	720.586	-54.7237074962873
275	725.329	-100.107249199818
275	730.072	-40.0983007144184
275	734.817	56.1335579245248
275	739.563	27.8932302002318
275	744.31	27.1853911520771
275	749.058	39.6697979107705
275	753.808	75.6795003733135
275	758.558	-15.8389894264838
275	763.31	-54.9182130979998
275	768.062	32.6031193724565
275	772.815	49.9540606490076
275	777.57	54.3075599786444
275	782.325	10.1243730933195
275	787.081	30.0333727048461
275	791.838	45.0144821938063
275	796.596	-37.6354194453386
275	801.355	79.1862136769826
275	806.114	78.1721564764533
275	810.875	-33.5013405346187
275	815.635	-10.1545746725165
275	820.397	-85.2881023908963
275	825.159	-18.2862648558289
270	248.336	119.546193005203
270	252.814	57.7111852686013
270	257.296	31.2670013341919
270	261.781	156.641763773925
270	266.271	1498.49379496251
270	270.764	5857.64965182086
270	275.26	4068.76577630255
270	279.76	727.475063135747
270	284.264	980.693152984834
270	288.772	1824.16466395563
270	293.283	2381.75704602861
270	297.797	2896.31798860743
270	302.315	3187.40971861582
270	306.837	3134.52877642202
270	311.362	2918.56516017881
270	315.89	2604.43580253625
270	320.422	2469.39834977721
270	324.958	2392.60910288165
270	329.496	2215.69870958609
270	334.038	1904.19153353881
270	338.584	1739.67863140618
270	343.133	1515.22847406668
270	347.685	1298.90356930176
270	352.24	1155.27725086841
270	356.799	933.758547568304
270	361.361	767.032358405244
270	365.926	739.163501688605
270	370.495	670.72277527107
270	375.067	603.684356051634
270	379.641	569.562924421236
270	384.219	473.57647198063
270	388.801	347.368209278292
270	393.385	368.713014783223
270	397.972	428.316679745973
270	402.562	329.838259002903
270	407.156	236.676034055313
270	411.752	299.715086328175
270	416.352	328.44305543344
270	420.954	293.852362955235
270	425.56	261.81995818635
270	430.168	339.389724363677
270	434.779	296.003908976367
270	439.393	239.80980283485
270	444.01	304.341640091494
270	448.63	161.387998870815
270	453.253	208.03592418226
270	457.878	195.552727969721
270	462.506	198.257299112083
270	467.137	178.628414389412
270	471.771	209.510865994279
270	476.407	192.534232884753
270	481.047	221.907596867756
270	485.688	154.916805482804
270	490.333	147.546501615634
270	494.979	176.168869172149
270	499.629	196.294051335197
270	504.281	197.324643781333
270	508.936	215.536487795141
270	513.593	134.522112625642
270	518.252	137.983558199388
270	522.914	156.904728903346
270	527.579	80.4704740669715
270	532.245	186.440915012969
270	536.915	370.558536820444
270	541.586	544.148194322501
270	546.26	414.22877468711
270	550.936	213.248468355815
270	555.615	45.7224707624132
270	560.296	82.0408133743662
270	564.979	107.823426513928
270	569.664	121.652369376985
270	574.351	203.340670327008
270	579.04	219.328628791999
270	583.732	164.645121021906
270	588.426	215.547954515192
270	593.121	273.212856140243
270	597.819	179.826398362895
270	602.519	181.252382138986
270	607.221	195.84030441253
270	611.924	146.706824494624
270	616.63	113.606026919508
270	621.338	172.254616659092
270	626.047	173.925017697285
270	630.758	130.390869396492
270	635.471	160.585801604915
270	640.186	117.985683873259
270	644.903	109.467397839913
270	649.621	144.032225511472
270	654.341	39.5988351732893
270	659.063	92.1775953302765
270	663.787	117.387436805206
270	668.512	116.193933820835
270	673.238	103.20362567484
270	677.967	24.3801828065499
270	682.696	34.3229217155038
270	687.428	2.1463047843653
270	692.16	44.5270336597798
270	696.895	26.2341884477802
270	701.63	23.1467043381978
270	706.367	91.494206506822
270	711.106	18.0326314504605
270	715.845	47.9042345296851
270	720.586	3.42582191497966
270	725.329	-165.551044158224
270	730.072	13.9777986377462
270	734.817	18.7634291093137
270	739.563	117.483716893496
270	744.31	-43.1779781146036
270	749.058	35.1284737175788
270	753.808	172.879851972981
270	758.558	-61.6192100306691
270	763.31	-48.7335601610256
270	768.062	20.704022028409
270	772.815	38.7975612907717
270	777.57	166.333316627388
270	782.325	33.5027352355766
270	787.081	-42.6762796341329
270	791.838	-11.0073160954338
270	796.596	-22.4132464284308
270	801.355	-8.47538199262983
270	806.114	-41.1217968792935
270	810.875	-64.1153190880616
270	815.635	-15.734452100699
270	820.397	-25.4168800198489
270	825.159	1.18880357162767
265	248.336	137.242592234013
265	252.814	155.642351152086
265	257.296	206.819881323639
265	261.781	2122.7687531844
265	266.271	7058.91378618382
265	270.764	4030.89233522619
265	275.26	518.842893993919
265	279.76	587.985243825351
265	284.264	951.138959193807
265	288.772	1548.95739358145
265	293.283	2046.47095846679
265	297.797	2720.35963722377
265	302.315	2617.73365722999
265	306.837	2569.81685965289
265	311.362	2339.4562584772
265	315.89	2129.33080096205
265	320.422	2123.02938450345
265	324.958	2062.6991181158
265	329.496	1943.84348260656
265	334.038	1652.04163880687
265	338.584	1521.76614849642
265	343.133	1307.091225763
265	347.685	1198.90038510034
265	352.24	937.673759029416
265	356.799	945.200751855115
265	361.361	769.854185951863
265	365.926	619.876138127172
265	370.495	601.394603986841
265	375.067	627.707908382813
265	379.641	585.985419806313
265	384.219	319.195413813384
265	388.801	366.453488387737
265	393.385	354.62870949037
265	397.972	399.449867719828
265	402.562	280.946321015969
265	407.156	237.244605606402
265	411.752	263.235826770938
265	416.352	257.922795656756
265	420.954	206.526556667877
265	425.56	318.155134236905
265	430.168	356.545229192726
265	434.779	327.985727462949
265	439.393	292.768234202601
265	444.01	292.73077801193
265	448.63	231.758522320664
265	453.253	263.958531016126
265	457.878	276.065340900997
265	462.506	271.707410232214
265	467.137	193.45942204456
265	471.771	271.284803747964
265	476.407	275.137567709832
265	481.047	253.72096648304
265	485.688	228.930556014286
265	490.333	148.425868415385
265	494.979	207.968128369555
265	499.629	213.998088520569
265	504.281	260.496529067457
265	508.936	267.177214279778
265	513.593	262.608271794587
265	518.252	207.816235878652
265	522.914	152.988273931101
265	527.579	493.804275214247
265	532.245	788.576747354353
265	536.915	574.804954539204
265	541.586	332.280375862733
265	546.26	149.098718895536
265	550.936	149.647316978583
265	555.615	66.221066467049
265	560.296	113.634984106147
265	564.979	146.736558438678
265	569.664	140.503592750927
265	574.351	217.250496664124
265	579.04	158.650325140112
265	583.732	168.05311464016
265	588.426	233.177562283908
265	593.121	307.708338416151
265	597.819	166.688729865188
265	602.519	171.401383321213
265	607.221	153.148414991089
265	611.924	166.88451070185
265	616.63	76.4756086619773
265	621.338	140.571859365071
265	626.047	204.938437560608
265	630.758	122.643917500981
265	635.471	65.2672140294796
265	640.186	73.5505950995424
265	644.903	61.4108055971528
265	649.621	130.591893531531
265	654.341	133.820994819943
265	659.063	133.742333452288
265	663.787	58.4561171708101
265	668.512	101.575070268708
265	673.238	121.123003496265
265	677.967	30.4708214854615
265	682.696	155.488829654538
265	687.428	34.9193768030575
265	692.16	71.5491230122346
265	696.895	37.9811394035486
265	701.63	11.8830508037542
265	706.367	22.6835740315655
265	711.106	-63.507654964857
265	715.845	47.8213788588138
265	720.586	-27.4070607928113
265	725.329	-169.221177577138
265	730.072	-12.5646798052028
265	734.817	14.0663692531651
265	739.563	45.4945978620199
265	744.31	14.3474647440878
265	749.058	81.2563382180168
265	753.808	115.391354120155
265	758.558	-25.6231077680873
265	763.31	36.8857286488538
265	768.062	4.64711122641507
265	772.815	79.0167810671566
265	777.57	86.9726416327154
265	782.325	16.0377524513132
265	787.081	32.9420422408683
265	791.838	-11.5593218831477
265	796.596	10.0073601865157
265	801.355	88.3252529257483
265	806.114	40.5281235837819
265	810.875	-18.8470305055923
265	815.635	89.8268333153197
265	820.397	-7.27836012705717
265	825.159	-31.8805833650442
260	248.336	174.834740792071
260	252.814	278.755535663941
260	257.296	2480.26047905013
260	261.781	8774.3193923409
260	266.271	4473.15133293434
260	270.764	235.824477866003
260	275.26	316.26496330975
260	279.76	508.690262856077
260	284.264	420.193061619562
260	288.772	1419.33823835636
260	293.283	1747.0768121505
260	297.797	1898.89192730352
260	302.315	2002.17319800638
260	306.837	1996.64389618602
260	311.362	1752.88426023166
260	315.89	1567.27776670336
260	320.422	1569.73215974191
260	324.958	1703.99461764668
260	329.496	1554.97558113386
260	334.038	1352.06106194797
260	338.584	1259.1604316847
260	343.133	963.480404631944
260	347.685	833.504515924489
260	352.24	790.96421390581
260	356.799	764.094593557758
260	361.361	640.605731081568
260	365.926	530.330624765201
260	370.495	595.87258987162
260	375.067	496.102391695794
260	379.641	535.862449344059
260	384.219	375.409181128904
260	388.801	269.130744628998
260	393.385	338.947680009478
260	397.972	431.086103278347
260	402.562	408.293602540737
260	407.156	253.03033444347
260	411.752	292.565384322235
260	416.352	268.678677445653
260	420.954	197.755400924246
260	425.56	325.381288634791
260	430.168	331.806149674325
260	434.779	419.016416425896
260	439.393	303.80133275583
260	444.01	312.71912881949
260	448.63	321.74211076227
260	453.253	312.75038021603
260	457.878	249.082197278538
260	462.506	341.175737750079
260	467.137	170.286592607571
260	471.771	234.311327645684
260	476.407	325.114622829713
260	481.047	283.006216443294
260	485.688	184.285147299779
260	490.333	194.708510844797
260	494.979	281.238923137508
260	499.629	215.240196005025
260	504.281	182.475671944549
260	508.936	326.644913013803
260	513.593	315.159818111747
260	518.252	737.887967221657
260	522.914	864.937682351816
260	527.579	589.950992187163
260	532.245	241.841933536683
260	536.915	139.669637301582
260	541.586	118.868555627666
260	546.26	193.60148881745
260	550.936	82.0894700839718
260	555.615	16.6078382107917
260	560.296	108.322439730967
260	564.979	186.100080623418
260	569.664	104.529718579623
260	574.351	175.367745012522
260	579.04	146.296879580553
260	583.732	74.9160002011453
260	588.426	143.029416564732
260	593.121	281.007062771957
260	597.819	58.6816089188956
260	602.519	158.268932653278
260	607.221	66.6335564357196
260	611.924	207.574833097945
260	616.63	66.6269356369337
260	621.338	71.4132377826488
260	626.047	139.966284070871
260	630.758	94.7991001465152
260	635.471	143.995277707856
260	640.186	89.7883790197729
260	644.903	-37.2708743761427
260	649.621	104.188184183898
260	654.341	121.155690843546
260	659.063	137.661416821135
260	663.787	123.904627233037
260	668.512	169.102231293446
260	673.238	190.849230320963
260	677.967	88.069036265082
260	682.696	61.5169067505725
260	687.428	16.3226882950397
260	692.16	88.5547249141967
260	696.895	92.4653432774286
260	701.63	-36.6411884296396
260	706.367	-13.5064601518916
260	711.106	28.9494491704818
260	715.845	29.2903601569192
260	720.586	-1.74618140420695
260	725.329	-183.600559650532
260	730.072	-61.5793109184107
260	734.817	-17.7158064791889
260	739.563	37.6443649847697
260	744.31	-36.2249224767439
260	749.058	60.3349965034875
260	753.808	143.564973289414
260	758.558	-104.480456090373
260	763.31	34.9065502616522
260	768.062	-7.85107895518215
260	772.815	66.3527540878208
260	777.57	129.547304104252
260	782.325	-2.10658880365045
260	787.081	47.6983537065769
260	791.838	22.7731237028757
260	796.596	-17.0044945926273
260	801.355	60.2308542482326
260	806.114	82.1416693233263
260	810.875	-69.3980953947676
260	815.635	5.47043374886365
260	820.397	-89.4947797220288
260	825.159	18.2680135396092
255	248.336	418.526692327661
255	252.814	3449.91912395111
255	257.296	10675.2219845409
255	261.781	4192.41051801098
255	266.271	-11.542845778391
255	270.764	115.216274290429
255	275.26	233.057311166597
255	279.76	140.239902080779
255	284.264	539.449706638188
255	288.772	944.73981365205
255	293.283	1132.50054562339
255	297.797	1258.24805678244
255	302.315	1622.38116422207
255	306.837	1425.96494908831
255	311.362	1290.20467268319
255	315.89	1207.48154243564
255	320.422	1127.82475751858
255	324.958	1277.60236594082
255	329.496	1186.57620660579
255	334.038	1070.16165111747
255	338.584	984.10335342652
255	343.133	970.775662871253
255	347.685	574.535320827528
255	352.24	728.831362800032
255	356.799	560.314838621976
255	361.361	554.07440989924
255	365.926	563.626271332133
255	370.495	389.912326267293
255	375.067	404.196663487183
255	379.641	601.831441280473
255	384.219	426.038305407292
255	388.801	260.934894674
255	393.385	336.822733770441
255	397.972	470.34714638704
255	402.562	552.586486986378
255	407.156	128.793261550843
255	411.752	278.626977867803
255	416.352	397.253069181567
255	420.954	176.354393228659
255	425.56	301.075614503147
255	430.168	488.599436596336
255	434.779	421.917771861091
255	439.393	313.733847450299
255	444.01	334.78375804511
255	448.63	233.85075366346
255	453.253	282.583654322795
255	457.878	352.693967179087
255	462.506	279.394159199479
255	467.137	217.033265341631
255	471.771	293.102911512059
255	476.407	251.387327177014
255	481.047	418.335068034249
255	485.688	224.299785109442
255	490.333	247.385246577073
255	494.979	221.055071665738
255	499.629	272.250689786168
255	504.281	595.882207678286
255	508.936	981.939144878051
255	513.593	1062.21079492194
255	518.252	953.504273109165
255	522.914	487.424994366895
255	527.579	84.5762028020413
255	532.245	186.442870771957
255	536.915	158.585339607761
255	541.586	74.8729932478489
255	546.26	119.258984308293
255	550.936	206.849683520703
255	555.615	-27.4501514989213
255	560.296	178.600793193506
255	564.979	21.8637296663187
255	569.664	76.7523990155935
255	574.351	249.58112137154
255	579.04	165.587103375127
255	583.732	161.312056057442
255	588.426	91.2445410986274
255	593.121	219.089448828475
255	597.819	161.996662876328
255	602.519	-13.4523479172181
255	607.221	80.4980309324754
255	611.924	15.4519875898038
255	616.63	68.3856924100987
255	621.338	260.247879904055
255	626.047	212.969447496802
255	630.758	70.3451430275307
255	635.471	74.9352698710256
255	640.186	50.6902117922332
255	644.903	112.90806860467
255	649.621	162.504904020766
255	654.341	-44.5675062192154
255	659.063	-12.8384067813559
255	663.787	134.180047997136
255	668.512	126.406754211759
255	673.238	160.24117559325
255	677.967	161.229492108341
255	682.696	158.654068927785
255	687.428	8.96701328063404
255	692.16	126.670487649534
255	696.895	-6.87296808749033
255	701.63	-39.0527033559186
255	706.367	20.8200021433596
255	711.106	-47.1139279072986
255	715.845	-59.4708593615249
255	720.586	-161.972738439966
255	725.329	-390.886635840777
255	730.072	-41.3064128195361
255	734.817	85.4967089906931
255	739.563	84.0835828203682
255	744.31	-49.9788434845447
255	749.058	171.602532953743
255	753.808	182.652751422251
255	758.558	-154.66700744414
255	763.31	13.2743611742389
255	768.062	94.2868106548932
255	772.815	42.9854946176239
255	777.57	68.6536564857152
255	782.325	30.5920694327008
255	787.081	40.0919698055549
255	791.838	28.5955488949583
255	796.596	-81.7231318689379
255	801.355	178.848780619522
255	806.114	-156.23155584938
255	810.875	-100.765387986733
255	815.635	-50.4326213183793
255	820.397	-168.849156889112
255	825.159	-57.9357125840932
250	248.336	3630.94811710285
250	252.814	12204.5238406335
250	257.296	4472.44309297863
250	261.781	327.300288699454
250	266.271	273.10449667402
250	270.764	124.742129252845
250	275.26	134.167820764105
250	279.76	381.510472704374
250	284.264	131.027455268954
250	288.772	694.310389410397
250	293.283	916.942961746716
250	297.797	945.695193376261
250	302.315	912.984660605543
250	306.837	1216.97071674441
250	311.362	970.135327682176
250	315.89	1078.52855300219
250	320.422	633.716768460867
250	324.958	852.987749751219
250	329.496	1014.64694466459
250	334.038	1033.22364825883
250	338.584	859.392568950522
250	343.133	487.881223973829
250	347.685	406.268884219981
250	352.24	253.78459273929
250	356.799	429.003331695503
250	361.361	560.318722790274
250	365.926	491.657723103306
250	370.495	655.994641443537
250	375.067	285.747574694261
250	379.641	172.588933809597
250	384.219	222.128846409497
250	388.801	244.977750313428
250	393.385	212.676998779541
250	397.972	475.825100947944
250	402.562	295.626638171464
250	407.156	76.0412013974633
250	411.752	574.201522732264
250	416.352	332.438456857849
250	420.954	116.393587345306
250	425.56	409.488333967832
250	430.168	575.540919982363
250	434.779	367.528777645123
250	439.393	256.052895873323
250	444.01	366.802778101042
250	448.63	192.952930050439
250	453.253	355.77965882015
250	457.878	303.593773715603
250	462.506	329.785533433693
250	467.137	61.2690585113956
250	471.771	314.441129125198
250	476.407	460.129363388369
250	481.047	366.975275466639
250	485.688	162.656458323327
250	490.333	192.863138711699
250	494.979	550.480015290781
250	499.629	1623.58997844091
250	504.281	1936.64621689333
250	508.936	1550.42927766619
250	513.593	246.232472599502
250	518.252	397.863805374947
250	522.914	191.070991649652
250	527.579	66.928051377883
250	532.245	161.669931352509
250	536.915	151.980925502077
250	541.586	50.9880777496339
250	546.26	-27.2621178781294
250	550.936	117.010480502819
250	555.615	-215.692088928824
250	560.296	-24.2446273568577
250	564.979	115.670102017835
250	569.664	25.3945880949881
250	574.351	224.201168598816
250	579.04	235.283491550522
250	583.732	26.2978895276592
250	588.426	167.354191809494
250	593.121	363.325335499305
250	597.819	47.447208035191
250	602.519	101.748502794048
250	607.221	-45.5976261636264
250	611.924	-51.992340124925
250	616.63	111.014078362683
250	621.338	49.5022945547734
250	626.047	97.4162582773085
250	630.758	133.312696519533
250	635.471	316.7084455699
250	640.186	51.1386180997923
250	644.903	-42.1582871565661
250	649.621	161.10743877912
250	654.341	53.1045418986974
250	659.063	168.318313468759
250	663.787	81.8173690859451
250	668.512	147.876679946737
250	673.238	297.876969237517
250	677.967	27.6380794245269
250	682.696	155.186143314254
250	687.428	167.048936776944
250	692.16	335.585333287302
250	696.895	190.542911929907
250	701.63	-115.980422778683
250	706.367	69.729053523305
250	711.106	96.2024736783964
250	715.845	45.0253007860785
250	720.586	-56.2852394148077
250	725.329	-521.731119076793
250	730.072	-19.2817309736651
250	734.817	135.106307641305
250	739.563	-19.5322302513864
250	744.31	-31.6262752640771
250	749.058	19.6321951672233
250	753.808	251.486966741756
250	758.558	-74.9273165826515
250	763.31	-160.205133617992
250	768.062	200.020141286715
250	772.815	101.731177868307
250	777.57	121.486889720257
250	782.325	-66.2576616580658
250	787.081	-194.738713938918
250	791.838	99.4980110174855
250	796.596	-133.788396843324
250	801.355	131.34204718781
250	806.114	171.088128147823
250	810.875	19.7066723945096
250	815.635	-222.476720087636
250	820.397	-250.731533781938
250	825.159	95.265062021339
245	248.336	14834.3519584387
245	252.814	4093.98414057204
245	257.296	384.893201051531
245	261.781	651.436823627981
245	266.271	-146.950146369181
245	270.764	-300.063205159699
245	275.26	324.195311769994
245	279.76	546.144904858265
245	284.264	-249.208806689621
245	288.772	657.617207881787
245	293.283	945.704550707468
245	297.797	668.422382965838
245	302.315	791.277602950068
245	306.837	1045.03853387337
245	311.362	738.21622852612
245	315.89	822.689898851893
245	320.422	646.03712505963
245	324.958	307.312485332986
245	329.496	954.689217498781
245	334.038	510.14443565213
245	338.584	628.392522464562
245	343.133	694.951167106506
245	347.685	600.444867832909
245	352.24	89.6045274254093
245	356.799	260.784707247062
245	361.361	154.006043814112
245	365.926	-94.6003141208788
245	370.495	709.893461628944
245	375.067	115.107192598837
245	379.641	518.737408344584
245	384.219	-67.212715191651
245	388.801	-36.3286802337822
245	393.385	795.665433580064
245	397.972	625.111418897584
245	402.562	246.140488733957
245	407.156	-220.129644301942
245	411.752	363.802648014457
245	416.352	108.779423740659
245	420.954	-131.646247980188
245	425.56	250.836618687306
245	430.168	744.831059630999
245	434.779	474.670460943949
245	439.393	402.847887955839
245	444.01	448.932332980497
245	448.63	291.506777647376
245	453.253	343.079908437044
245	457.878	188.414525658791
245	462.506	26.4835694220553
245	467.137	78.690306488082
245	471.771	308.776034494106
245	476.407	641.83779913608
245	481.047	565.495445469697
245	485.688	915.220149449727
245	490.333	1827.67362545915
245	494.979	2208.39141097543
245	499.629	1929.4859878473
245	504.281	371.545914688551
245	508.936	422.705759977019
245	513.593	271.908570746215
245	518.252	214.43254491708
245	522.914	-5.77165195663554
245	527.579	-173.258700684311
245	532.245	140.818520316645
245	536.915	-17.9043551877469
245	541.586	105.917275187491
245	546.26	50.1112888012665
245	550.936	20.0180505272058
245	555.615	-179.423464864979
245	560.296	31.3607604200865
245	564.979	368.098043029957
245	569.664	-48.4883513065597
245	574.351	514.533372315825
245	579.04	393.496646795648
245	583.732	220.25771350416
245	588.426	-55.4229105276198
245	593.121	338.969146414386
245	597.819	-95.4665771194437
245	602.519	-6.00804436225587
245	607.221	39.8334328799522
245	611.924	69.2119863470441
245	616.63	-447.233570815835
245	621.338	58.3372773218166
245	626.047	413.827466917929
245	630.758	202.998847670626
245	635.471	409.164468006739
245	640.186	271.211116867233
245	644.903	-12.1008035178954
245	649.621	420.646606972259
245	654.341	-25.2585127592688
245	659.063	246.893395444743
245	663.787	166.794424825503
245	668.512	193.995896816586
245	673.238	189.148341019367
245	677.967	78.3825512562334
245	682.696	205.547446025313
245	687.428	240.756880302358
245	692.16	342.582979873446
245	696.895	-74.2637297996048
245	701.63	-0.0180822685071309
245	706.367	-379.691351847952
245	711.106	195.131881232282
245	715.845	-134.005443489768
245	720.586	-127.293928703198
245	725.329	-780.71685995359
245	730.072	-295.445187347988
245	734.817	-7.25818377457367
245	739.563	389.010207832484
245	744.31	-22.6265537830315
245	749.058	52.3083445471272
245	753.808	557.09293306783
245	758.558	77.4190280834121
245	763.31	246.052202284435
245	768.062	-167.807813450094
245	772.815	159.706584135074
245	777.57	244.610971092754
245	782.325	24.9037718199923
245	787.081	-493.912606542467
245	791.838	195.406546135475
245	796.596	-216.457889031557
245	801.355	171.973965038846
245	806.114	-37.4490098542918
245	810.875	-90.1790182368052
245	815.635	-523.284794103606
245	820.397	67.0394059410812
245	825.159	-231.828929313817
240	248.336	4569.53672940865
240	252.814	1282.00454372018
240	257.296	-317.972291403088
240	261.781	253.640595839537
240	266.271	582.841280672092
240	270.764	-234.662289596659
240	275.26	1521.22396021426
240	279.76	44.2162091450244
240	284.264	-569.975735449877
240	288.772	20.7573874347015
240	293.283	1090.94855008786
240	297.797	608.897303066051
240	302.315	1808.53409813306
240	306.837	683.355883364046
240	311.362	2203.27206225383
240	315.89	106.306209035992
240	320.422	-837.514211339417
240	324.958	180.798167240295
240	329.496	736.124404012429
240	334.038	980.239702590493
240	338.584	738.264440155813
240	343.133	-52.5166378516815
240	347.685	94.8667501952145
240	352.24	808.262398964737
240	356.799	-1115.66940425575
240	361.361	1376.37490829112
240	365.926	-93.6985941612113
240	370.495	1331.46218430913
240	375.067	1174.03446010919
240	379.641	-309.251688157921
240	384.219	-632.056924703643
240	388.801	-961.135359887164
240	393.385	-283.438259205385
240	397.972	1442.96873757667
240	402.562	281.788383720236
240	407.156	-1018.22598012375
240	411.752	138.212037700637
240	416.352	464.674310934029
240	420.954	-1010.50553396685
240	425.56	273.876300177671
240	430.168	1002.27132748518
240	434.779	436.448861440877
240	439.393	462.054359039817
240	444.01	318.4801154043
240	448.63	190.947824934979
240	453.253	818.375190759634
240	457.878	-238.097099651246
240	462.506	-91.4723492440572
240	467.137	-362.751409476664
240	471.771	14.3839493738765
240	476.407	842.889677511578
240	481.047	2363.73162150717
240	485.688	3481.72748258001
240	490.333	1323.00246365365
240	494.979	904.63034428599
240	499.629	562.297568233228
240	504.281	1405.37270511772
240	508.936	749.784761095601
240	513.593	38.388927044415
240	518.252	955.919688186218
240	522.914	-558.611025503774
240	527.579	-870.311175858884
240	532.245	-333.622662103294
240	536.915	481.437315937415
240	541.586	-342.651014074176
240	546.26	-230.091378570152
240	550.936	-90.4520290709279
240	555.615	-310.048647925841
240	560.296	-506.53291366068
240	564.979	537.497554775676
240	569.664	-118.688190467941
240	574.351	947.044954972964
240	579.04	1184.18444861204
240	583.732	-149.173388397504
240	588.426	109.59458489912
240	593.121	834.373155257516
240	597.819	-81.7663543379603
240	602.519	-900.151715102467
240	607.221	-251.381661898928
240	611.924	366.953656435359
240	616.63	-756.978429907092
240	621.338	-287.233954657164
240	626.047	595.211340550747
240	630.758	-352.809867732912
240	635.471	-177.062973303999
240	640.186	0.236385861406291
240	644.903	600.156782272018
240	649.621	653.690443963547
240	654.341	-864.979105415547
240	659.063	1012.56455763632
240	663.787	647.99875571045
240	668.512	335.284173247132
240	673.238	2162.11229119154
240	677.967	1226.35887625201
240	682.696	554.055988442535
240	687.428	98.2276134940061
240	692.16	1238.45901606588
240	696.895	-33.8024568336438
240	701.63	-520.018628789611
240	706.367	254.855748886114
240	711.106	17.4299595866357
240	715.845	-433.049530910538
240	720.586	-834.937500068509
240	725.329	-1881.2300317916
240	730.072	-654.755343780512
240	734.817	302.331691447498
240	739.563	162.560811905469
240	744.31	-1240.03293287462
240	749.058	-164.883710126073
240	753.808	1896.32198447588
240	758.558	114.861494745831
240	763.31	-332.111955572864
240	768.062	471.973415811759
240	772.815	866.06862763972
240	777.57	843.816977262376
240	782.325	224.769075124468
240	787.081	-439.509181053578
240	791.838	-187.583993800372
240	796.596	150.10085048655
240	801.355	569.760594264913
240	806.114	-532.194730018797
240	810.875	-109.979699749875
240	815.635	-606.926768365665
240	820.397	111.045540137511
240	825.159	-495.827936208772
