Long Name	Sample - Blank	S1c/R1c
nm	nm	
		Z of Sample - Blank
500	248.336	-5.72055708991782
500	252.814	9.9687186774296
500	257.296	-0.00332099282655918
500	261.781	-3.75672932455831
500	266.271	-3.17584745888942
500	270.764	-34.3891461324649
500	275.26	-0.0164123316412557
500	279.76	-16.97272492636
500	284.264	101.551705310104
500	288.772	-3.28093865184112
500	293.283	-8.87592593167831
500	297.797	-2.01792920821229
500	302.315	-0.49695904277132
500	306.837	31.7100521641961
500	311.362	12.8620071493016
500	315.89	26.7082517574981
500	320.422	18.3208555059697
500	324.958	25.5418663618315
500	329.496	-11.9648404031437
500	334.038	19.3500573932438
500	338.584	-57.9269833623735
500	343.133	24.5075355550546
500	347.685	-3.12942589782337
500	352.24	15.9298288452296
500	356.799	-4.29767040032549
500	361.361	0.532179332760883
500	365.926	-48.782520051396
500	370.495	-23.6562786233232
500	375.067	-27.3208656165002
500	379.641	33.5576389796296
500	384.219	-1.01465926940534
500	388.801	1.48119252652938
500	393.385	-16.5712567031653
500	397.972	-14.6773609211515
500	402.562	-33.0710563560714
500	407.156	7.00158135065259
500	411.752	30.1156991600742
500	416.352	-11.0110229554533
500	420.954	-10.7891377537
500	425.56	0.816687702232033
500	430.168	-9.5706606524413
500	434.779	-3.58277311235169
500	439.393	30.8564781128227
500	444.01	-1.95799618755043
500	448.63	9.21128223342694
500	453.253	1.13963410474818
500	457.878	2.26631375376784
500	462.506	22.3727474483162
500	467.137	-1.82744060097963
500	471.771	37.9971186516996
500	476.407	20.741686569093
500	481.047	10.5093200580726
500	485.688	0.0323128712426808
500	490.333	44.3379038672978
500	494.979	632.381537162622
500	499.629	3226.38676388274
500	504.281	2482.93207928025
500	508.936	258.267927185247
500	513.593	32.2016365873225
500	518.252	2.87042215107741
500	522.914	3.89850681739723
500	527.579	-19.0802526196156
500	532.245	14.8709469558971
500	536.915	28.9150695300075
500	541.586	4.33829068635524
500	546.26	6.54283299395798
500	550.936	0.0021894486734908
500	555.615	10.999526253899
500	560.296	4.05407759517287
500	564.979	-1.47441248020735
500	569.664	29.560388841998
500	574.351	-2.63827941879986
500	579.04	26.6487560346112
500	583.732	13.8041971303633
500	588.426	3.47692586299756
500	593.121	11.2612080752791
500	597.819	8.25230080175793
500	602.519	15.421732383993
500	607.221	4.47336544375915
500	611.924	11.6638662781225
500	616.63	10.9457535600716
500	621.338	7.33701699184797
500	626.047	9.06009865809109
500	630.758	-4.56385991035759
500	635.471	-18.4240032380771
500	640.186	1.27360468645984
500	644.903	-4.66600908879055
500	649.621	15.4999876638281
500	654.341	-6.11286747706539
500	659.063	18.9644968929098
500	663.787	-10.7328311715474
500	668.512	8.11938576208481
500	673.238	22.2135506595558
500	677.967	-19.6222810673316
500	682.696	6.45924272922879
500	687.428	5.58365443470267
500	692.16	3.74329442862314
500	696.895	-13.180788081061
500	701.63	-0.938404971821914
500	706.367	13.9150845971806
500	711.106	14.0815345650121
500	715.845	33.8795565550935
500	720.586	29.5357989444021
500	725.329	29.9039573897181
500	730.072	27.0870454324671
500	734.817	55.039802646331
500	739.563	45.9782579253526
500	744.31	-12.3861387589362
500	749.058	9.38454357538576
500	753.808	-20.1999246185413
500	758.558	14.6057012077793
500	763.31	45.8016798905566
500	768.062	6.69974269167221
500	772.815	-41.7451910067456
500	777.57	-12.4949475166168
500	782.325	40.3798440488583
500	787.081	-34.9600286402942
500	791.838	0.594124511388677
500	796.596	9.04976070200064
500	801.355	-3.63104118376861
500	806.114	-36.9530643775317
500	810.875	-22.3740953780113
500	815.635	-36.9440341294127
500	820.397	-42.1573924012691
500	825.159	-1.0374403382196
495	248.336	15.8054657594703
495	252.814	7.78765692919143
495	257.296	8.81493064406677
495	261.781	6.14776712669163
495	266.271	22.1708630513207
495	270.764	11.9431861224775
495	275.26	6.11424769196554
495	279.76	-4.3371781524759
495	284.264	-16.9980062468083
495	288.772	-12.6643512674055
495	293.283	18.6859789592939
495	297.797	15.3619411172033
495	302.315	9.31853521845661
495	306.837	-19.0184233963212
495	311.362	6.63241534907247
495	315.89	33.5517021341867
495	320.422	29.1769534535284
495	324.958	14.1317356513974
495	329.496	5.56039266148484
495	334.038	25.6907496401114
495	338.584	-3.72814151336463
495	343.133	44.2283112417299
495	347.685	7.95673176112297
495	352.24	-13.2589153818495
495	356.799	-2.39495610826605
495	361.361	-19.7888537440288
495	365.926	-18.397821761455
495	370.495	-28.3246902338038
495	375.067	-28.70246295588
495	379.641	22.5875202515371
495	384.219	11.8957140295953
495	388.801	11.9415609372228
495	393.385	-5.49667572607262
495	397.972	4.49932672405636
495	402.562	-21.6513453129909
495	407.156	-7.4114532792542
495	411.752	38.7897184473752
495	416.352	2.26363137483584
495	420.954	25.9252546477534
495	425.56	-13.8104896221651
495	430.168	-9.26224957854079
495	434.779	0.71150761500103
495	439.393	31.438171736012
495	444.01	-1.39560996057635
495	448.63	-7.88029034570258
495	453.253	-4.40349017323816
495	457.878	3.69731001736253
495	462.506	12.6616418242247
495	467.137	21.372522627607
495	471.771	25.4527251002265
495	476.407	6.83530750760585
495	481.047	30.7227939629904
495	485.688	51.5333051830423
495	490.333	946.693989802345
495	494.979	3692.14595871565
495	499.629	2324.45794528895
495	504.281	234.654138434715
495	508.936	-5.43003015076067
495	513.593	36.4075950368521
495	518.252	22.565632620924
495	522.914	-9.46482232127808
495	527.579	-0.307856345524218
495	532.245	-9.15160303270198
495	536.915	14.033468490009
495	541.586	11.2904563033422
495	546.26	9.41305510113315
495	550.936	9.80454673008643
495	555.615	9.82892317874461
495	560.296	16.1028561040349
495	564.979	-4.96379952940024
495	569.664	28.3953549150397
495	574.351	-13.4684228458812
495	579.04	46.5827968380727
495	583.732	21.2307097622078
495	588.426	-10.2622001499824
495	593.121	13.2301636548437
495	597.819	-1.61977770356995
495	602.519	16.5521948481648
495	607.221	-14.4564738685636
495	611.924	8.22805617924981
495	616.63	11.5583883543151
495	621.338	17.8293687169871
495	626.047	-2.19467238613494
495	630.758	-5.93626160593255
495	635.471	26.1873968168842
495	640.186	-0.741128125225226
495	644.903	-10.985947677217
495	649.621	51.8928055465423
495	654.341	-7.02075535959034
495	659.063	45.6617396673843
495	663.787	-29.5448019496608
495	668.512	20.1194233002354
495	673.238	12.1406099842492
495	677.967	19.98510693595
495	682.696	15.2504277419634
495	687.428	-12.040758903288
495	692.16	-10.424921920636
495	696.895	12.6084611871227
495	701.63	-12.2824380086908
495	706.367	1.28696374946485
495	711.106	-4.33153044043311
495	715.845	23.6676339258259
495	720.586	10.5520457412362
495	725.329	14.6846141583671
495	730.072	32.6833216411869
495	734.817	23.4399228998509
495	739.563	9.12549907985175
495	744.31	3.2238055462257
495	749.058	11.1825487748778
495	753.808	-13.2984906537834
495	758.558	0.476565822641948
495	763.31	17.246632139733
495	768.062	16.4331258984236
495	772.815	-45.2347894351761
495	777.57	18.7773718075676
495	782.325	-8.7575673907186
495	787.081	2.63910830340914
495	791.838	-8.97010017273189
495	796.596	37.6867685059662
495	801.355	-4.63960399815986
495	806.114	-47.4067029745682
495	810.875	-3.25579265164033
495	815.635	2.78884535820798
495	820.397	-19.9857207023447
495	825.159	2.79303748959937
490	248.336	8.41938620438737
490	252.814	16.6280315238431
490	257.296	-6.47775572866086
490	261.781	-9.10946470434193
490	266.271	14.4143363270267
490	270.764	8.23509778688324
490	275.26	5.53819065655827
490	279.76	-3.43392012071759
490	284.264	-14.4649498695102
490	288.772	13.6653689227993
490	293.283	23.2539568544409
490	297.797	2.45650458189616
490	302.315	-9.23378819568137
490	306.837	-12.0048856513926
490	311.362	14.403204566408
490	315.89	0.401585013845298
490	320.422	32.0199277190199
490	324.958	-7.02572158733556
490	329.496	-9.67477644907453
490	334.038	30.8725506181129
490	338.584	-10.5476433225782
490	343.133	36.6680110702994
490	347.685	-26.6648458414423
490	352.24	2.57934496022996
490	356.799	-2.16779355639235
490	361.361	16.1660258502148
490	365.926	-16.2174540940398
490	370.495	-2.60765530301874
490	375.067	-16.8933147740151
490	379.641	21.2864078870702
490	384.219	9.1094435203726
490	388.801	18.4162902919668
490	393.385	-0.766741779560305
490	397.972	7.78377356835332
490	402.562	-22.4571448788152
490	407.156	22.9793431189386
490	411.752	28.8603912312594
490	416.352	-10.9508990406151
490	420.954	2.34895353815897
490	425.56	-5.59384222130204
490	430.168	1.61670453937929
490	434.779	-13.8391628933337
490	439.393	10.2383078505461
490	444.01	4.42645659535311
490	448.63	-4.34522269727849
490	453.253	-18.7052215047282
490	457.878	18.5424288544509
490	462.506	30.4500850951278
490	467.137	19.3581629804653
490	471.771	31.8984124219048
490	476.407	21.770718063908
490	481.047	82.5551975831575
490	485.688	1479.70041464068
490	490.333	4885.97176134526
490	494.979	2526.71885170669
490	499.629	177.69370773007
490	504.281	12.5853021886647
490	508.936	6.12386798798259
490	513.593	27.4648256000426
490	518.252	12.0857404609096
490	522.914	10.3001437984066
490	527.579	7.4383064561716
490	532.245	1.71919699276555
490	536.915	37.7994323558972
490	541.586	6.13094547437083
490	546.26	22.026100327886
490	550.936	2.36891975267427
490	555.615	21.0399020391115
490	560.296	-0.296196950203424
490	564.979	4.21090464380844
490	569.664	15.7296587374617
490	574.351	-18.2904396267115
490	579.04	20.6470149130717
490	583.732	23.2899032542297
490	588.426	21.2586241071694
490	593.121	24.8045925032273
490	597.819	0.993979790689224
490	602.519	19.6882536951476
490	607.221	-1.90822186896267
490	611.924	4.52862890101651
490	616.63	0.661028119094095
490	621.338	24.0407099091927
490	626.047	-4.32257009756628
490	630.758	19.8360968382037
490	635.471	22.6951830312042
490	640.186	11.2008643063419
490	644.903	12.0149422037083
490	649.621	8.69867742209695
490	654.341	12.7288424675498
490	659.063	14.9671651571141
490	663.787	-17.3505967707639
490	668.512	26.230719610438
490	673.238	-12.8193960674909
490	677.967	-1.83821519131332
490	682.696	19.4107044479444
490	687.428	-0.371594771485162
490	692.16	-4.91142075013914
490	696.895	-8.75326750779693
490	701.63	20.7185657185974
490	706.367	-15.9268520885848
490	711.106	36.8827224806737
490	715.845	-17.8627359849887
490	720.586	38.5955197540546
490	725.329	44.3082885960724
490	730.072	16.6235847149278
490	734.817	0.412620461787574
490	739.563	11.1481426755976
490	744.31	32.5543698435779
490	749.058	18.5476862147901
490	753.808	-12.0303946709695
490	758.558	36.3094108506716
490	763.31	17.3975953393083
490	768.062	13.0660413464968
490	772.815	-17.5480161244789
490	777.57	-3.2124234192404
490	782.325	8.86390027046318
490	787.081	-34.0077048934496
490	791.838	27.7563873626624
490	796.596	-6.81895213587567
490	801.355	-17.2502125859215
490	806.114	-1.26373812028186
490	810.875	-7.99368842283272
490	815.635	1.68853352181068
490	820.397	-24.8216322712977
490	825.159	9.25959225517654
485	248.336	11.0616468225467
485	252.814	15.1554208153668
485	257.296	-14.051867224423
485	261.781	-2.85737111479415
485	266.271	-1.94230670608244
485	270.764	5.32182053095093
485	275.26	24.6398336974992
485	279.76	-7.36670553725693
485	284.264	-4.8121233066359
485	288.772	11.6049934969397
485	293.283	1.58409859848417
485	297.797	23.068672536692
485	302.315	-25.663705574102
485	306.837	16.5506498814147
485	311.362	11.6535734224279
485	315.89	30.0391415581371
485	320.422	15.4132398537883
485	324.958	9.7111844395264
485	329.496	3.56970772675835
485	334.038	13.9004176236456
485	338.584	-9.51615121381416
485	343.133	35.2496725640344
485	347.685	-13.5330115201146
485	352.24	5.23232234321778
485	356.799	-8.56839990260695
485	361.361	-21.3484014697297
485	365.926	-25.9346721027181
485	370.495	-41.2518420924875
485	375.067	-31.7417126275705
485	379.641	20.0000626668815
485	384.219	14.0018658130878
485	388.801	27.8273355611783
485	393.385	-30.5905859934225
485	397.972	9.40451595636381
485	402.562	-63.6480688236237
485	407.156	6.30356493829822
485	411.752	6.20013938027355
485	416.352	23.8005233395341
485	420.954	4.731627076576
485	425.56	-9.89156849666154
485	430.168	15.149065682095
485	434.779	4.22931138950428
485	439.393	12.3100464147771
485	444.01	14.5572321921304
485	448.63	13.1107454750812
485	453.253	11.8013190261202
485	457.878	22.229584609322
485	462.506	10.4345808148288
485	467.137	9.46600927477063
485	471.771	30.7419809764563
485	476.407	64.7650633574844
485	481.047	1040.45023945611
485	485.688	3306.67241341875
485	490.333	1917.83684195012
485	494.979	159.005914720321
485	499.629	13.6750356634316
485	504.281	17.2763912512636
485	508.936	2.43454635634433
485	513.593	34.4799797353457
485	518.252	19.1810015723973
485	522.914	-9.14271013882034
485	527.579	6.97070825772021
485	532.245	-1.89548064933136
485	536.915	5.67467685779084
485	541.586	15.8904750405384
485	546.26	4.13082401669654
485	550.936	-11.9570957936915
485	555.615	9.18137265440308
485	560.296	3.9098121394825
485	564.979	11.830792021957
485	569.664	30.6560907701963
485	574.351	8.51446724919082
485	579.04	34.2765292295672
485	583.732	7.39373449537089
485	588.426	1.34303635194019
485	593.121	19.944064752947
485	597.819	4.42261601496523
485	602.519	3.86624492699259
485	607.221	-9.93268443945817
485	611.924	-6.99762488043049
485	616.63	10.1278533991798
485	621.338	0.623603751706872
485	626.047	9.36471167455654
485	630.758	13.891714691752
485	635.471	9.22594377783339
485	640.186	4.46018731139586
485	644.903	18.6969336727179
485	649.621	-7.84748364954845
485	654.341	0.987672153740553
485	659.063	32.823791855662
485	663.787	-1.02518195046083
485	668.512	21.219887871211
485	673.238	17.5616148920671
485	677.967	16.2962919794877
485	682.696	8.41738832168524
485	687.428	10.2355805484022
485	692.16	7.45270407435125
485	696.895	13.2259019885488
485	701.63	-26.3282588375733
485	706.367	-5.82921426725269
485	711.106	4.79067129957784
485	715.845	8.95005929285834
485	720.586	28.7906388008373
485	725.329	12.1039056879256
485	730.072	6.47536263311809
485	734.817	16.1064203026096
485	739.563	21.7211199380899
485	744.31	48.2322305500477
485	749.058	12.6729295694133
485	753.808	-28.659472903053
485	758.558	11.9299047212702
485	763.31	5.04230970047362
485	768.062	26.6482281199999
485	772.815	-27.0810146433584
485	777.57	-12.0879921434732
485	782.325	2.63790653332203
485	787.081	-8.10580943586963
485	791.838	12.1386297135659
485	796.596	-5.04061360929633
485	801.355	-26.0964146626951
485	806.114	-20.557810844537
485	810.875	-10.290505301624
485	815.635	11.4540077562893
485	820.397	-4.35897470194983
485	825.159	-9.49078846814269
480	248.336	8.54593256527509
480	252.814	1.22979602163994
480	257.296	27.1492010241281
480	261.781	6.98515320568077
480	266.271	5.85031770863652
480	270.764	-10.4576929501119
480	275.26	3.68704369497416
480	279.76	-18.714973641872
480	284.264	-6.44503465279278
480	288.772	-8.23916901528316
480	293.283	6.86596175029676
480	297.797	13.631831843976
480	302.315	-8.81271538691955
480	306.837	13.0194823013385
480	311.362	1.62462151926638
480	315.89	18.1866537376319
480	320.422	8.78186221427507
480	324.958	-10.7388948268697
480	329.496	16.3967070899875
480	334.038	2.06291558506795
480	338.584	0.344876861898427
480	343.133	50.0198892071407
480	347.685	-9.63351227728584
480	352.24	-3.83802351496759
480	356.799	0.353927830345743
480	361.361	-13.8464917241192
480	365.926	-17.0940893587324
480	370.495	-33.9148796947932
480	375.067	13.3777468714779
480	379.641	-6.10512264087842
480	384.219	17.8379767201033
480	388.801	18.5450704781114
480	393.385	-7.15761349154701
480	397.972	7.83622890716768
480	402.562	-41.7226725987117
480	407.156	-10.0592201725316
480	411.752	12.7139602767196
480	416.352	-10.844827865437
480	420.954	10.0814474841651
480	425.56	-1.06824499768108
480	430.168	0.781236040438337
480	434.779	7.84794283785188
480	439.393	18.7060627740278
480	444.01	2.30970663861086
480	448.63	20.6708947446248
480	453.253	24.6668232822728
480	457.878	30.3510654258194
480	462.506	23.4887263644618
480	467.137	26.5713994978568
480	471.771	71.9197515787182
480	476.407	1158.2183503704
480	481.047	4249.27115837222
480	485.688	2173.17745452471
480	490.333	157.522224968467
480	494.979	2.84711029312994
480	499.629	22.5267291905441
480	504.281	18.0426349394716
480	508.936	11.5693440604351
480	513.593	30.7683141081229
480	518.252	9.3457453728861
480	522.914	15.3330600059308
480	527.579	-1.86569161883041
480	532.245	3.01988718134788
480	536.915	31.6434299736866
480	541.586	15.1736252947479
480	546.26	14.315826561487
480	550.936	12.2614694363904
480	555.615	1.92245736482044
480	560.296	14.2619971233179
480	564.979	-1.24181708505397
480	569.664	25.2704331071241
480	574.351	9.34830332366013
480	579.04	43.2030958682198
480	583.732	11.7888376906811
480	588.426	-3.55740907165981
480	593.121	9.65766644380102
480	597.819	-1.28239735126566
480	602.519	18.0450521853738
480	607.221	4.41956686729684
480	611.924	21.7999402969226
480	616.63	16.2004711017625
480	621.338	19.5399805556348
480	626.047	17.2920859685084
480	630.758	15.2970492543783
480	635.471	9.08308525216465
480	640.186	-5.51717946121999
480	644.903	-11.1596989614608
480	649.621	9.6186738978996
480	654.341	-15.2288596245285
480	659.063	26.6513647934491
480	663.787	-12.3423901830784
480	668.512	17.7598660080926
480	673.238	-1.19098042446093
480	677.967	5.69976179035735
480	682.696	1.51460827039618
480	687.428	2.13496762583828
480	692.16	-11.3646799710062
480	696.895	-10.5143246982794
480	701.63	-21.830621696851
480	706.367	-15.4588295145997
480	711.106	4.46474581852787
480	715.845	-5.48298634579136
480	720.586	4.20679613738921
480	725.329	7.52619655270245
480	730.072	32.2796052855442
480	734.817	21.2295767073629
480	739.563	15.4344151928642
480	744.31	16.9579089400795
480	749.058	-8.22349148098527
480	753.808	-0.350410490277366
480	758.558	1.42334014643233
480	763.31	10.1570638234992
480	768.062	-5.49705516212742
480	772.815	-15.0049219956203
480	777.57	16.4245892479685
480	782.325	-5.68772198446625
480	787.081	-8.17367510546368
480	791.838	-15.5573565397776
480	796.596	-20.5971644598248
480	801.355	-8.8877253677798
480	806.114	-24.2810435561435
480	810.875	-2.39345984697989
480	815.635	20.516265898331
480	820.397	-20.8593734767035
480	825.159	2.73252196114382
475	248.336	4.69476413943768
475	252.814	7.49480829173963
475	257.296	26.6965917988382
475	261.781	1.50591579091858
475	266.271	-9.18239185092446
475	270.764	-5.36058654244943
475	275.26	-4.49966026585176
475	279.76	1.09447182464612
475	284.264	-1.04112166668185
475	288.772	8.85274679496451
475	293.283	-0.313359485412895
475	297.797	6.99822562329566
475	302.315	-0.895431296084305
475	306.837	16.6804215783581
475	311.362	1.48732358682464
475	315.89	-0.594093346590011
475	320.422	14.2876618938759
475	324.958	10.7484075451052
475	329.496	-12.189463879485
475	334.038	-10.6922021984574
475	338.584	-18.5118047859987
475	343.133	-1.56766975771258
475	347.685	-2.2026715623871
475	352.24	-7.33816994797657
475	356.799	-3.54877654797363
475	361.361	-4.54841725111857
475	365.926	-4.23675485069582
475	370.495	-19.0704332464267
475	375.067	-12.240084568117
475	379.641	4.03455162208801
475	384.219	7.08339006774717
475	388.801	10.1212759715456
475	393.385	9.68549757359981
475	397.972	23.16204226753
475	402.562	-29.4252329760734
475	407.156	4.995528219881
475	411.752	22.4956068743555
475	416.352	-1.01825176698472
475	420.954	14.2126659116598
475	425.56	9.29649190156838
475	430.168	9.12076576001468
475	434.779	7.90061708148163
475	439.393	25.9226669559278
475	444.01	34.0957203896691
475	448.63	89.7819898881783
475	453.253	143.28112730977
475	457.878	130.153216833902
475	462.506	84.7060653384481
475	467.137	109.084096365765
475	471.771	4382.49895481888
475	476.407	5606.58657614131
475	481.047	7597.17445526554
475	485.688	185.699391506923
475	490.333	26.6291311069444
475	494.979	16.364984363388
475	499.629	32.7838772745757
475	504.281	18.2564419470911
475	508.936	-0.644904058668089
475	513.593	36.3263044373825
475	518.252	21.1755577249085
475	522.914	25.5173381139619
475	527.579	6.80584569930205
475	532.245	13.4044667071889
475	536.915	14.374847512495
475	541.586	22.1315525173785
475	546.26	16.3776160579576
475	550.936	9.68122306408382
475	555.615	7.2758343731368
475	560.296	23.4702807722033
475	564.979	5.16241145673098
475	569.664	33.5439673195167
475	574.351	1.83895135141145
475	579.04	20.836867391291
475	583.732	3.68830961533802
475	588.426	7.64209507600818
475	593.121	13.2647029398009
475	597.819	-16.853555242426
475	602.519	11.5617394165611
475	607.221	2.6194318902972
475	611.924	6.97088399005909
475	616.63	16.0402902276429
475	621.338	19.3501538170361
475	626.047	16.3225387890279
475	630.758	5.24995267310811
475	635.471	18.1350517729726
475	640.186	2.52366276308147
475	644.903	-10.462733208273
475	649.621	-2.33039222741086
475	654.341	2.36713645051988
475	659.063	30.48248344411
475	663.787	-9.13968926237568
475	668.512	10.5658813272336
475	673.238	3.81494245990572
475	677.967	10.4328079477577
475	682.696	16.1001582716457
475	687.428	9.7838854653864
475	692.16	-5.05829096410135
475	696.895	0.849684709087286
475	701.63	10.5572359169085
475	706.367	3.753252250988
475	711.106	4.08633781886314
475	715.845	16.8245871134643
475	720.586	10.0615385652899
475	725.329	11.0833796172293
475	730.072	6.6323006822061
475	734.817	8.49889516206357
475	739.563	-0.613832095356978
475	744.31	19.8620243726645
475	749.058	19.1240542905793
475	753.808	-17.2558911023883
475	758.558	-2.6033770727956
475	763.31	-3.98361831196678
475	768.062	-6.36180007072401
475	772.815	-19.7487691421285
475	777.57	7.17321694387614
475	782.325	-7.97647477982068
475	787.081	-3.52862688294042E-4
475	791.838	-6.04649109806793
475	796.596	22.8349344716835
475	801.355	-2.50263164603876
475	806.114	-8.13416315148147
475	810.875	2.19035002448765
475	815.635	-11.5768171067545
475	820.397	-0.312397869523587
475	825.159	-19.3981561461467
470	248.336	12.3189867624447
470	252.814	2.83730227130401
470	257.296	-5.33389996075912
470	261.781	5.12772300045735
470	266.271	1.15922495748819
470	270.764	8.4069997938542
470	275.26	-1.13507662214569
470	279.76	-11.8640363169442
470	284.264	-2.62549887140357
470	288.772	5.95789688988936
470	293.283	12.6117412213286
470	297.797	3.68596644860289
470	302.315	3.1662438525087
470	306.837	-2.02948728131258
470	311.362	12.3880221440885
470	315.89	14.6257855719158
470	320.422	24.5654351189538
470	324.958	3.02313923821363
470	329.496	7.33415842363378
470	334.038	-10.9531198187305
470	338.584	-7.12670137286489
470	343.133	17.5636388681269
470	347.685	7.86467960360778
470	352.24	-7.48968514148997
470	356.799	-7.3288465751723
470	361.361	3.69005823936804
470	365.926	-2.22084940667429
470	370.495	-11.5029974865575
470	375.067	-2.68294921561075
470	379.641	24.6707705934901
470	384.219	18.1873463337514
470	388.801	11.0446605232883
470	393.385	-1.11137628715507E-4
470	397.972	9.18613062379406
470	402.562	-22.6816539312235
470	407.156	14.9292599105348
470	411.752	-0.391418775234318
470	416.352	-2.11937865830182
470	420.954	9.81716138768829
470	425.56	2.03741686329258
470	430.168	6.90498150161872
470	434.779	17.2196667496324
470	439.393	37.0909650631284
470	444.01	33.2903999903989
470	448.63	38.2691851534244
470	453.253	33.1667796552865
470	457.878	37.1248090547395
470	462.506	128.262709362592
470	467.137	2307.57727375616
470	471.771	2516.57629397663
470	476.407	1750.60722680737
470	481.047	87.9616072769315
470	485.688	11.2210508361689
470	490.333	17.5144610211418
470	494.979	14.3703698722961
470	499.629	21.3685483379273
470	504.281	21.555195024159
470	508.936	9.98637858692874
470	513.593	37.7565710708181
470	518.252	12.6313446042329
470	522.914	15.1337629331222
470	527.579	9.98099942501242
470	532.245	10.4702014340318
470	536.915	18.1921791848937
470	541.586	7.06412201315013
470	546.26	17.3607437468342
470	550.936	21.1573676093148
470	555.615	6.84552247518559
470	560.296	35.1913583165936
470	564.979	4.74266232314352
470	569.664	25.3777263152225
470	574.351	8.76069759197316
470	579.04	31.5402239296623
470	583.732	13.9528491336583
470	588.426	14.725730615227
470	593.121	22.0226677671953
470	597.819	2.83609942444226
470	602.519	16.4346660867632
470	607.221	8.47195931785713
470	611.924	16.5603234410133
470	616.63	19.505371780617
470	621.338	7.78902461563154
470	626.047	-1.49758279861325
470	630.758	10.2195932180614
470	635.471	11.0609833888265
470	640.186	7.26044201419775
470	644.903	-3.09144111542403
470	649.621	9.21090287169737
470	654.341	3.98070751446608
470	659.063	16.6576371164543
470	663.787	1.62839894832581
470	668.512	4.30725909738131
470	673.238	16.0947272625692
470	677.967	19.1227025217525
470	682.696	7.35620697087401
470	687.428	9.1004639832296
470	692.16	-9.1497154507596
470	696.895	2.35656404611916
470	701.63	4.10474425700141
470	706.367	-2.40511448978741
470	711.106	-10.1628596450692
470	715.845	-4.6930980488536
470	720.586	9.63430765858641
470	725.329	13.8341909383362
470	730.072	17.7999519843343
470	734.817	18.1557973713912
470	739.563	-3.95209687640184
470	744.31	18.3275493821654
470	749.058	5.93422042578468
470	753.808	-21.5331040080591
470	758.558	4.92673029592718
470	763.31	-0.251434551887442
470	768.062	-5.07194720599809
470	772.815	-17.7424021731761
470	777.57	2.06919818120601
470	782.325	5.77733071096141
470	787.081	-6.20240354487956
470	791.838	4.84963356889783
470	796.596	9.87933955728552
470	801.355	-5.68536066770975
470	806.114	-14.9244847693591
470	810.875	-5.4487236040915
470	815.635	-5.44861780673046
470	820.397	-12.318644955586
470	825.159	-7.58071961253021
465	248.336	0.418007929673347
465	252.814	10.0119950409853
465	257.296	5.4481502206681
465	261.781	8.29281626544237
465	266.271	-6.64542065461067
465	270.764	5.88209085459551
465	275.26	4.00550509344111
465	279.76	-6.08471902792035
465	284.264	-3.07439226598927E-6
465	288.772	10.7305053968821
465	293.283	6.29723532972039
465	297.797	5.68995625880901
465	302.315	-0.598569105413181
465	306.837	13.1301411831736
465	311.362	-6.75547913411418
465	315.89	7.74116291259307
465	320.422	8.94623672159664
465	324.958	7.79568698487409
465	329.496	1.87855922281486
465	334.038	7.98210914852531
465	338.584	-8.38273466638147
465	343.133	20.7279803121795
465	347.685	7.56841591232767
465	352.24	-11.2961824714509
465	356.799	0.431011693185011
465	361.361	10.4165739270334
465	365.926	-13.7133803102177
465	370.495	3.45449040474921
465	375.067	-7.10040530990372
465	379.641	-2.69458191576027
465	384.219	16.6608226104678
465	388.801	4.17553926071954
465	393.385	-3.42465938072249
465	397.972	-7.91930097605378
465	402.562	-19.4774929683966
465	407.156	3.16058839540279
465	411.752	7.77155914756507
465	416.352	4.92933044283244
465	420.954	14.9884631188816
465	425.56	11.6002013243227
465	430.168	16.6689311008589
465	434.779	28.9393499533963
465	439.393	55.7468727978965
465	444.01	35.6453840949064
465	448.63	41.1546803150616
465	453.253	34.2830035368333
465	457.878	137.622777353458
465	462.506	2276.59518620689
465	467.137	1386.31904609396
465	471.771	2510.98910439791
465	476.407	90.3498514547701
465	481.047	19.0331209442403
465	485.688	14.2628367477624
465	490.333	22.7364685920942
465	494.979	25.6433695020813
465	499.629	18.9941579212598
465	504.281	30.3351754974153
465	508.936	13.5734121051706
465	513.593	28.4249713563834
465	518.252	17.8560093431624
465	522.914	17.8939236309129
465	527.579	13.7741249931326
465	532.245	19.3239636743292
465	536.915	28.0832077193588
465	541.586	15.9396487458386
465	546.26	13.4161399410168
465	550.936	23.3604153436832
465	555.615	22.2162075808295
465	560.296	15.5146953352727
465	564.979	11.630706589528
465	569.664	24.635621520078
465	574.351	16.5139974894643
465	579.04	31.0324196064098
465	583.732	9.23089626793675
465	588.426	3.24736771777451
465	593.121	25.4881266865809
465	597.819	5.15965597674013
465	602.519	27.5769609913751
465	607.221	8.90421565390963
465	611.924	8.50820272395317
465	616.63	13.6350641795708
465	621.338	11.2881342211116
465	626.047	15.3608846159148
465	630.758	3.33885255001165
465	635.471	16.8225153297383
465	640.186	-7.24739634413811
465	644.903	5.28443194326352
465	649.621	10.3728100381581
465	654.341	-3.68687688973309
465	659.063	25.3168862303704
465	663.787	-8.61862286226852
465	668.512	12.30338400434
465	673.238	-4.36856988261949
465	677.967	4.21712541149388
465	682.696	0.370741246804476
465	687.428	0.373391740676262
465	692.16	-3.00339304608799
465	696.895	-6.23647562185317
465	701.63	-1.14355796786669
465	706.367	-8.67859159273251
465	711.106	0.584658535727417
465	715.845	2.56296463536592
465	720.586	13.0446178283556
465	725.329	11.0034285502624
465	730.072	5.23391980917793
465	734.817	10.9476096839631
465	739.563	0.410146917732998
465	744.31	4.35292961926239
465	749.058	8.37585490957123
465	753.808	-7.25666095689427
465	758.558	-0.869218467092614
465	763.31	4.65493516309203
465	768.062	8.50176850785947
465	772.815	-17.2167101520188
465	777.57	14.6015840062491
465	782.325	-8.80327010218628
465	787.081	-7.37438044774882
465	791.838	-7.12949944158427
465	796.596	7.50460202956781
465	801.355	-12.3299427793397
465	806.114	-12.5389509046899
465	810.875	6.89638610769306
465	815.635	-4.17969098213979
465	820.397	-2.92575872441683
465	825.159	0.835846665130875
460	248.336	11.9272780335579
460	252.814	22.4069153883161
460	257.296	18.2903322050344
460	261.781	7.87310960858238
460	266.271	-5.4329854887736
460	270.764	-1.71766136199376
460	275.26	10.0824273992025
460	279.76	-11.9850236616564
460	284.264	-8.81394428743764
460	288.772	5.63614648732158
460	293.283	7.98835584734201
460	297.797	5.45889848368195
460	302.315	3.57179268932267
460	306.837	11.5760962365926
460	311.362	-1.33408227382855
460	315.89	3.33293393838994
460	320.422	8.00893928804601
460	324.958	-7.34626942551927
460	329.496	14.243796933456
460	334.038	16.2191481526712
460	338.584	-22.9830301611956
460	343.133	3.98198288525275
460	347.685	-20.9354253864498
460	352.24	-15.7389700578839
460	356.799	-2.17005319560652
460	361.361	-13.5997672878919
460	365.926	-15.1019674597903
460	370.495	-20.0513101507648
460	375.067	-11.5561963315302
460	379.641	3.47883430455606
460	384.219	2.07221681059858
460	388.801	8.89979964446114
460	393.385	-8.72970551453752
460	397.972	-5.15135684852666
460	402.562	-23.1825972586412
460	407.156	6.48677731467843
460	411.752	19.9062237666491
460	416.352	1.71234796299847
460	420.954	20.6876073336387
460	425.56	6.77124089676994
460	430.168	44.8524507042859
460	434.779	28.4641083225414
460	439.393	51.0267577677866
460	444.01	48.6930138161132
460	448.63	59.3579740287443
460	453.253	283.657637303676
460	457.878	3584.53846816825
460	462.506	2568.4493582133
460	467.137	1449.14413465728
460	471.771	72.0631619309042
460	476.407	24.0213740758452
460	481.047	18.705748222091
460	485.688	8.80128051165806
460	490.333	17.1299772941289
460	494.979	23.8100246302432
460	499.629	18.0165154020899
460	504.281	20.3069132363926
460	508.936	17.6190584031112
460	513.593	34.7044783670874
460	518.252	27.4982879018729
460	522.914	19.3907391052695
460	527.579	19.2314621758169
460	532.245	6.84310991233605
460	536.915	28.0747994205085
460	541.586	24.0385258669038
460	546.26	37.4356532936368
460	550.936	21.4385778747218
460	555.615	12.7161359632795
460	560.296	23.4948959022049
460	564.979	22.3676875072754
460	569.664	31.6067682691414
460	574.351	9.49669416300004
460	579.04	29.2542709407501
460	583.732	24.9652865382228
460	588.426	17.1330855766681
460	593.121	21.5662284725758
460	597.819	10.150009101743
460	602.519	17.1053030243971
460	607.221	3.73940397102659
460	611.924	1.79821091829767
460	616.63	7.99325929445036
460	621.338	12.4493542480956
460	626.047	5.36095645457783
460	630.758	14.9467812652707
460	635.471	15.4376741879253
460	640.186	9.99757979999183
460	644.903	-5.91229887401812
460	649.621	15.6706321693005
460	654.341	3.145698344434
460	659.063	13.2725857878145
460	663.787	-10.044797709921
460	668.512	18.2226309556313
460	673.238	8.55589921079839
460	677.967	-4.92215346726213
460	682.696	16.182560871713
460	687.428	-17.9665351330267
460	692.16	-1.68035844059343
460	696.895	-3.59508130432118
460	701.63	6.61174401353153
460	706.367	7.55257811737918
460	711.106	-1.52693795739515
460	715.845	12.5747033906424
460	720.586	17.2519131568256
460	725.329	7.16556121537346
460	730.072	20.50081547589
460	734.817	6.80644769986278
460	739.563	-2.29560759784588
460	744.31	12.9901433999135
460	749.058	-4.68542729267041
460	753.808	-8.12053475898593
460	758.558	1.21469829422207
460	763.31	7.19184519325686
460	768.062	-1.24999222502323
460	772.815	-15.760981781149
460	777.57	25.0204598941248
460	782.325	-4.40768458454126
460	787.081	-10.3826121657238
460	791.838	-4.25411491871113
460	796.596	2.98107992190624
460	801.355	-4.44287601718438
460	806.114	-17.3056682779851
460	810.875	0.234310854456264
460	815.635	-8.41953197904257
460	820.397	-5.84509063047073
460	825.159	9.82184265847237
455	248.336	15.2043422698721
455	252.814	18.8607250431854
455	257.296	12.8696783641748
455	261.781	-2.6119136267409
455	266.271	23.2443620921517
455	270.764	3.98726408865137
455	275.26	-10.4075383522348
455	279.76	-19.2891871977522
455	284.264	-9.3293684281183
455	288.772	22.7610034483609
455	293.283	9.54484550516668
455	297.797	1.8480015881416
455	302.315	-11.6634591480347
455	306.837	7.49530213204085
455	311.362	7.74432549356549
455	315.89	9.54140492236466
455	320.422	21.1799082215
455	324.958	-1.33239101491853
455	329.496	-3.25352092460153
455	334.038	13.3722092004463
455	338.584	-16.6082549961761
455	343.133	14.9609581755124
455	347.685	-13.1108710857665
455	352.24	-8.58415577319967
455	356.799	7.27980351850806
455	361.361	-9.58568580039444
455	365.926	-18.3821197663526
455	370.495	-10.0982898436392
455	375.067	3.91346570784643
455	379.641	29.8902650948078
455	384.219	17.1028306878302
455	388.801	9.81631921339762
455	393.385	-1.48313401703109
455	397.972	-6.93918919795998
455	402.562	-16.1033592886853
455	407.156	-7.07244163167054
455	411.752	8.97464074107231
455	416.352	-2.42968876882792
455	420.954	22.9339977835756
455	425.56	21.2251390261689
455	430.168	41.2284775140354
455	434.779	30.7417173002949
455	439.393	51.7904842733475
455	444.01	43.6565582134902
455	448.63	232.484567079967
455	453.253	2592.37349421163
455	457.878	4194.37078205155
455	462.506	1305.10479729168
455	467.137	66.6018628861883
455	471.771	28.381523786716
455	476.407	15.359531425242
455	481.047	13.213003525882
455	485.688	16.8284331608107
455	490.333	26.6986511582663
455	494.979	32.3691071187217
455	499.629	31.0818190767261
455	504.281	24.7025620001626
455	508.936	17.0714678358468
455	513.593	51.4778857842814
455	518.252	20.9713669533876
455	522.914	24.7235396009862
455	527.579	22.5064608197748
455	532.245	24.7327001720233
455	536.915	38.7114023761955
455	541.586	29.7357666731091
455	546.26	23.4875909160016
455	550.936	25.1965692731039
455	555.615	15.1023389938412
455	560.296	16.1279874494793
455	564.979	12.2054680129953
455	569.664	23.2242936946701
455	574.351	13.1877338799957
455	579.04	34.1605752101945
455	583.732	13.5918625354955
455	588.426	10.8488434819667
455	593.121	24.4317850359995
455	597.819	3.65625373846946
455	602.519	7.98445482704615
455	607.221	-3.71883892982624
455	611.924	6.46524534113927
455	616.63	9.70065670845734
455	621.338	5.73855836341938
455	626.047	4.72088057253998
455	630.758	6.94049530474527
455	635.471	16.6105048292676
455	640.186	3.94116134111944
455	644.903	-2.65802931879524
455	649.621	20.6638476967797
455	654.341	-7.7554857524603
455	659.063	18.860873630288
455	663.787	-5.13197732909459
455	668.512	6.11167518682545
455	673.238	0.236401303625327
455	677.967	20.9629761839064
455	682.696	13.2479907445797
455	687.428	-4.85115632615535
455	692.16	-7.5600795095424
455	696.895	5.15595533130751
455	701.63	-7.92315532430619
455	706.367	9.77201702759241
455	711.106	-16.2055321327484
455	715.845	8.7089270083224
455	720.586	6.67626862529544
455	725.329	-1.03986449589754
455	730.072	12.8155490526641
455	734.817	12.6427214814453
455	739.563	-2.9309129937066
455	744.31	14.81125577783
455	749.058	3.80873513996227
455	753.808	-14.1417578579347
455	758.558	4.79961176045679
455	763.31	7.48761224214329
455	768.062	4.94112111458693
455	772.815	-39.2169011725559
455	777.57	-3.55723343471062
455	782.325	-2.70874333375751
455	787.081	0.927107688655773
455	791.838	5.86624606700778
455	796.596	11.0082724977512
455	801.355	-17.3769767285328
455	806.114	-21.9924467889235
455	810.875	0.543196257998603
455	815.635	1.90044240151151
455	820.397	1.35756402055085
455	825.159	-8.41689023526708
450	248.336	6.32863708962291
450	252.814	1.43869738928743
450	257.296	9.99725937527652
450	261.781	5.44983160972728
450	266.271	-1.10001888409916
450	270.764	-3.69748280364479
450	275.26	5.39629456766882
450	279.76	-12.6420076649368
450	284.264	-14.0321847787719
450	288.772	20.5235233044138
450	293.283	13.9317712446286
450	297.797	6.15256085216104
450	302.315	-10.3542232756212
450	306.837	-5.16020869687405
450	311.362	-11.178887645332
450	315.89	-2.29113032442258
450	320.422	20.3567601366662
450	324.958	-23.0756087342006
450	329.496	2.69988434095234
450	334.038	8.18474835043564
450	338.584	7.55295684406143
450	343.133	17.2034683578492
450	347.685	-0.296727402449851
450	352.24	-11.3658762557321
450	356.799	-8.07317331986862
450	361.361	-14.3991733552334
450	365.926	19.1483060834789
450	370.495	0.642590110847301
450	375.067	4.65362312063266
450	379.641	19.131572444145
450	384.219	-3.54861547867371
450	388.801	16.6280820556138
450	393.385	-6.03561312651657
450	397.972	-2.65694910713463
450	402.562	-18.1185475960033
450	407.156	11.1542650438034
450	411.752	21.6872820625195
450	416.352	12.0507521936905
450	420.954	48.5977903960967
450	425.56	48.6337173184894
450	430.168	41.9390100772974
450	434.779	49.2059087641285
450	439.393	60.1389775812259
450	444.01	296.019186479046
450	448.63	3351.80644622213
450	453.253	4924.54109515077
450	457.878	1135.27473022376
450	462.506	43.0804050994073
450	467.137	13.6908779203105
450	471.771	25.620117096847
450	476.407	23.3859532483728
450	481.047	30.8321746071481
450	485.688	15.3540312211969
450	490.333	40.3853828276042
450	494.979	28.3876453952523
450	499.629	40.7952559864649
450	504.281	33.087010734981
450	508.936	28.9751000905195
450	513.593	48.2529288959538
450	518.252	20.8401439983783
450	522.914	35.5174700764527
450	527.579	17.4285257891201
450	532.245	10.6069323989943
450	536.915	44.3747099268839
450	541.586	23.1778621358866
450	546.26	35.6009739896415
450	550.936	29.6924583001386
450	555.615	25.9113364274704
450	560.296	19.4123751721594
450	564.979	24.9621958075946
450	569.664	31.4177285680054
450	574.351	13.119334611206
450	579.04	21.3917840480125
450	583.732	16.6459607095277
450	588.426	5.58071501939367
450	593.121	16.1440000482239
450	597.819	-7.65626164149638
450	602.519	2.27899875351566
450	607.221	7.34664369357736
450	611.924	7.6467944047834
450	616.63	14.7557811360774
450	621.338	19.8192400005253
450	626.047	10.4907328998196
450	630.758	11.0852326145938
450	635.471	16.7420786633798
450	640.186	1.71592718861245
450	644.903	4.43709102397059
450	649.621	0.752398769112935
450	654.341	-3.5362021558612
450	659.063	22.9729490092272
450	663.787	-5.6906065751504
450	668.512	9.39231629702583
450	673.238	-0.522868554064363
450	677.967	-3.95405659167666
450	682.696	-12.8249711717787
450	687.428	10.5074362891334
450	692.16	3.52362417516591
450	696.895	-5.72250323099408
450	701.63	-13.7385224598294
450	706.367	3.32589050578459
450	711.106	3.65077898209766
450	715.845	23.3160433268195
450	720.586	15.3890268014485
450	725.329	11.2594292054516
450	730.072	8.42505608142673
450	734.817	23.0973454711063
450	739.563	7.38830415172985
450	744.31	11.6646918075009
450	749.058	2.71702801997099
450	753.808	-18.4681145263721
450	758.558	0.627630262549778
450	763.31	13.0969296505334
450	768.062	10.6579254474057
450	772.815	-5.78813522721191
450	777.57	12.181268262227
450	782.325	5.68163564356928
450	787.081	-4.11312678596441
450	791.838	3.7740269727091
450	796.596	3.49008125619251
450	801.355	-13.2546139001158
450	806.114	-34.3462104441798
450	810.875	-11.1435834261341
450	815.635	9.3557216403581
450	820.397	-8.43551018677072
450	825.159	-14.1528506475816
445	248.336	11.813399604041
445	252.814	14.5581554400524
445	257.296	-0.841113498007909
445	261.781	13.7678203299701
445	266.271	16.1940260272018
445	270.764	18.371445500496
445	275.26	31.2793104923442
445	279.76	-25.0039192813378
445	284.264	-16.6536446978084
445	288.772	1.8685578137926
445	293.283	18.6963401103243
445	297.797	-14.2609851414288
445	302.315	-14.0029878221513
445	306.837	9.54650676845297
445	311.362	11.2300773218015
445	315.89	-4.40896044344342
445	320.422	20.0858074460298
445	324.958	18.9543802421176
445	329.496	19.2873742682443
445	334.038	21.2163238891878
445	338.584	-21.8791942790064
445	343.133	6.09204119269212
445	347.685	19.8087397554003
445	352.24	13.5147600500569
445	356.799	9.59567429857958
445	361.361	3.70954393677074
445	365.926	-24.9743678610168
445	370.495	-42.1384897108518
445	375.067	-11.0502235754651
445	379.641	15.6147642830221
445	384.219	25.3537481111521
445	388.801	25.5346810914571
445	393.385	-1.94846521444733
445	397.972	2.53269902068786
445	402.562	-31.5166880378877
445	407.156	31.2870696502709
445	411.752	42.9171124308683
445	416.352	60.8998958232078
445	420.954	80.4943225805424
445	425.56	41.4966605062255
445	430.168	59.3693741672187
445	434.779	51.3032072683699
445	439.393	472.406398891907
445	444.01	3955.23186306588
445	448.63	5162.92853459405
445	453.253	1159.51964069114
445	457.878	62.3601380075266
445	462.506	25.4219874461576
445	467.137	18.2556303094265
445	471.771	35.9214152537065
445	476.407	30.7618247153942
445	481.047	28.1366158312383
445	485.688	34.1609937272144
445	490.333	48.1744109523528
445	494.979	36.1887543391829
445	499.629	31.0547361458605
445	504.281	45.2426173800197
445	508.936	39.3342657372778
445	513.593	66.6467788817835
445	518.252	23.1192785069092
445	522.914	28.7174678065647
445	527.579	20.7643670312249
445	532.245	34.542541564428
445	536.915	48.431128329596
445	541.586	19.8812080266768
445	546.26	22.7475168807634
445	550.936	42.2722326199579
445	555.615	27.7261348343109
445	560.296	29.1065923247151
445	564.979	24.0172414902662
445	569.664	44.4946719558019
445	574.351	8.32002314673998
445	579.04	34.8169585709782
445	583.732	19.7642533628745
445	588.426	16.1564362585556
445	593.121	35.6607665002808
445	597.819	-2.6723122321462
445	602.519	17.8091944447971
445	607.221	11.1671707171005
445	611.924	11.2784349434985
445	616.63	16.9543163494761
445	621.338	21.0049065085743
445	626.047	19.2349481539768
445	630.758	13.7236709927331
445	635.471	32.5364929361348
445	640.186	5.48949511507417
445	644.903	-2.32497249121619
445	649.621	5.91650508132359
445	654.341	1.81041364651209
445	659.063	20.6083356082091
445	663.787	4.61429746546069
445	668.512	11.7677528030983
445	673.238	-8.71646941143786
445	677.967	13.8214876692407
445	682.696	29.2038710213073
445	687.428	-15.0167380338144
445	692.16	3.86132327526968
445	696.895	-6.79077530442507
445	701.63	15.6651166121829
445	706.367	2.96407035481648
445	711.106	1.67626226941493
445	715.845	34.4253653882686
445	720.586	16.5801558526682
445	725.329	17.1319653035475
445	730.072	28.6127920246773
445	734.817	14.5749473848756
445	739.563	3.87286679487415
445	744.31	11.7100748172869
445	749.058	-2.86593298261029
445	753.808	10.9534930607039
445	758.558	-0.00296214449444854
445	763.31	6.81860963290527
445	768.062	11.5030979095603
445	772.815	-27.5495590844998
445	777.57	28.1301157469709
445	782.325	1.98112786059172
445	787.081	-22.8138055574854
445	791.838	-13.8350441857332
445	796.596	13.6814135611157
445	801.355	-4.28894499165215
445	806.114	-52.5999668435492
445	810.875	8.23025815486232
445	815.635	-25.4002812101054
445	820.397	9.65183540185348
445	825.159	15.7436031581162
440	248.336	12.7463063099663
440	252.814	-6.73895557749722
440	257.296	-15.9963738007964
440	261.781	14.4275247299634
440	266.271	-8.71461949187287
440	270.764	-12.3858973215802
440	275.26	13.4759517843077
440	279.76	25.7634904802673
440	284.264	-34.4976999924957
440	288.772	-10.607958865943
440	293.283	9.03410936116241
440	297.797	17.8634399163121
440	302.315	-2.50470833220676
440	306.837	23.55811704872
440	311.362	11.7621448385716
440	315.89	10.326325402368
440	320.422	12.4826281691662
440	324.958	12.5155615083036
440	329.496	-12.7284232406418
440	334.038	8.29173894077989
440	338.584	-19.552126902516
440	343.133	29.675567536809
440	347.685	-27.5385785700834
440	352.24	-13.7700115030757
440	356.799	6.18663545012626
440	361.361	-2.72530563456777
440	365.926	-7.42232806195105
440	370.495	-10.0745673623186
440	375.067	-10.42311241672
440	379.641	31.2366966135613
440	384.219	26.1995024595686
440	388.801	23.1862602608781
440	393.385	1.70629490334853
440	397.972	16.5176936131105
440	402.562	-10.1748592602156
440	407.156	55.1160656504513
440	411.752	88.2817851809518
440	416.352	132.016655497106
440	420.954	181.929612119372
440	425.56	182.88160219715
440	430.168	181.122807604429
440	434.779	2643.85882877924
440	439.393	9019.8318977974
440	444.01	8132.07479196193
440	448.63	1074.24921985851
440	453.253	41.5309470043558
440	457.878	39.7840850794125
440	462.506	37.311444516546
440	467.137	37.1004727589427
440	471.771	34.9788612237806
440	476.407	42.9395489764812
440	481.047	43.0059048074755
440	485.688	40.4684217874987
440	490.333	47.8471722117382
440	494.979	43.1285514701236
440	499.629	38.495490236437
440	504.281	46.345306925732
440	508.936	28.9912047320768
440	513.593	64.8502756892179
440	518.252	39.3760768108966
440	522.914	50.6174966960002
440	527.579	47.0885543838445
440	532.245	32.362455485621
440	536.915	45.2376449393253
440	541.586	40.2929809771312
440	546.26	42.6481986492317
440	550.936	32.1614480593435
440	555.615	40.3915626923949
440	560.296	28.9005024657807
440	564.979	32.1028921745955
440	569.664	48.78115871145
440	574.351	6.52192228158411
440	579.04	42.5104675894948
440	583.732	22.906958956357
440	588.426	10.2650690011313
440	593.121	33.7385461788336
440	597.819	6.73132021315508
440	602.519	16.3962851089048
440	607.221	0.568776548456153
440	611.924	7.20034230155365
440	616.63	29.7043369500378
440	621.338	21.13374699129
440	626.047	-6.22325106960719
440	630.758	19.1672200925919
440	635.471	22.335653434982
440	640.186	9.67504550856422
440	644.903	0.305570635002895
440	649.621	7.75458856391988
440	654.341	-0.632042491884945
440	659.063	31.1276986122681
440	663.787	-30.9272274402971
440	668.512	41.5523812450397
440	673.238	-0.326219430464869
440	677.967	9.53804746651221
440	682.696	21.2884162498784
440	687.428	19.4275129556015
440	692.16	-5.05252501695921
440	696.895	1.69506087351812
440	701.63	10.5981061685077
440	706.367	-16.6082114062333
440	711.106	-16.7859991680704
440	715.845	15.2107942254876
440	720.586	20.5667498571903
440	725.329	2.15056792195506
440	730.072	5.77648376210409
440	734.817	30.5522828574291
440	739.563	16.9246154629249
440	744.31	16.7366941126179
440	749.058	-1.50325664620597
440	753.808	-33.6979580118701
440	758.558	3.51133413956767
440	763.31	0.398956332960912
440	768.062	19.6666394759701
440	772.815	-23.6710973017871
440	777.57	10.2320291632902
440	782.325	-22.0301114089881
440	787.081	-14.9374464575192
440	791.838	-21.319671165901
440	796.596	10.4241140887485
440	801.355	-10.8750795844395
440	806.114	-33.7449567552383
440	810.875	4.87642327734478
440	815.635	7.49824417090389
440	820.397	6.37502037261471
440	825.159	-9.37671112806327
435	248.336	28.9018374328715
435	252.814	29.793706766238
435	257.296	23.4130919499725
435	261.781	7.91970534943377
435	266.271	-0.890460986957399
435	270.764	-12.9826377046388
435	275.26	30.2301760828048
435	279.76	-3.83543454669809
435	284.264	3.24167257684053
435	288.772	-14.1820984586713
435	293.283	-8.44626102806586
435	297.797	12.0965914242564
435	302.315	-12.2241940062307
435	306.837	9.75788848834059
435	311.362	29.9097141328695
435	315.89	10.0772684378546
435	320.422	6.96109199597415
435	324.958	11.1289051085104
435	329.496	16.072551387777
435	334.038	7.72654837195643
435	338.584	-16.5079412297469
435	343.133	29.323818134734
435	347.685	-4.03650707874359
435	352.24	-14.9225329986828
435	356.799	-38.0978226174432
435	361.361	-8.35258902932862
435	365.926	-36.5817897704679
435	370.495	15.5005459554568
435	375.067	-15.0669371842098
435	379.641	13.7927789816174
435	384.219	23.0459310887249
435	388.801	27.495568671091
435	393.385	1.00787816401508
435	397.972	32.2602144332812
435	402.562	14.9162590198015
435	407.156	102.123112101091
435	411.752	107.099121802934
435	416.352	107.484967292168
435	420.954	115.521407968944
435	425.56	97.3387026024828
435	430.168	1254.64448307365
435	434.779	7663.68013759521
435	439.393	7744.50062282301
435	444.01	965.646949758393
435	448.63	25.1363260602576
435	453.253	32.0388781926591
435	457.878	40.1763055238572
435	462.506	34.082485497344
435	467.137	30.0220868292244
435	471.771	54.1747921563016
435	476.407	30.6771404330201
435	481.047	36.6414699891558
435	485.688	60.1452935540615
435	490.333	73.4924546239502
435	494.979	69.8986276099307
435	499.629	46.7366071904883
435	504.281	53.1946328813962
435	508.936	38.8661212690476
435	513.593	81.1536913554934
435	518.252	61.4209397212186
435	522.914	31.6326409607444
435	527.579	37.3103745109626
435	532.245	32.3486831822236
435	536.915	71.9982320404166
435	541.586	26.8999186274799
435	546.26	48.5119301900213
435	550.936	38.8451956966918
435	555.615	37.8737200051125
435	560.296	33.1191569898397
435	564.979	46.4777960269606
435	569.664	30.2474149751727
435	574.351	29.1791279487872
435	579.04	33.7241300607773
435	583.732	31.5155940267289
435	588.426	19.7638700004789
435	593.121	26.1217843990514
435	597.819	4.11094825779599
435	602.519	17.3806011941441
435	607.221	22.8289626314046
435	611.924	2.53299318642799
435	616.63	11.0838698508539
435	621.338	20.9032510289585
435	626.047	1.73769999968834
435	630.758	17.2438309725584
435	635.471	27.6844178273939
435	640.186	-2.64839472872203
435	644.903	-8.64948857180448
435	649.621	27.2361218850645
435	654.341	-9.21024919294839
435	659.063	17.0441916188886
435	663.787	-7.54366936779945
435	668.512	41.4921150247936
435	673.238	17.8437361307579
435	677.967	21.8314152433733
435	682.696	-0.322319367404924
435	687.428	-10.7796081405967
435	692.16	4.60272352732363
435	696.895	-4.29535815668786
435	701.63	-5.33389677393193
435	706.367	13.1619053990743
435	711.106	2.39301268063825
435	715.845	-3.79200013291451
435	720.586	33.9044269955493
435	725.329	6.65826515833206
435	730.072	28.8975140193214
435	734.817	22.3581154080568
435	739.563	6.46367918699449
435	744.31	2.90780913109184
435	749.058	-4.39642158824767
435	753.808	-22.4158303296085
435	758.558	-4.9453919517507
435	763.31	6.5955916552459
435	768.062	1.57503531819788
435	772.815	-12.9113531557046
435	777.57	7.05083005098972E-4
435	782.325	-4.05216750594964
435	787.081	-10.8303612702439
435	791.838	4.16254098232307
435	796.596	5.93512658582838
435	801.355	-15.7290560556942
435	806.114	-5.48393617145028
435	810.875	-2.19392968288969
435	815.635	-14.6323334058241
435	820.397	1.82738669996746
435	825.159	-10.611824328216
430	248.336	4.2592065819648
430	252.814	31.4524059381713
430	257.296	23.130616173591
430	261.781	-20.0574594315178
430	266.271	20.4031692461067
430	270.764	-3.47606849256397
430	275.26	-20.409931284548
430	279.76	-17.7736447045844
430	284.264	-6.6860605505521
430	288.772	12.6438499175066
430	293.283	24.9550797942007
430	297.797	5.86779254839965
430	302.315	-8.80933937720331
430	306.837	10.1398006568522
430	311.362	-3.04002430895067
430	315.89	0.00190499649012654
430	320.422	-1.34931564673133
430	324.958	-5.57521407973795
430	329.496	6.37334088934444
430	334.038	26.3973489085139
430	338.584	-23.4879102366194
430	343.133	23.8203058038291
430	347.685	21.4235660086652
430	352.24	4.34757234540804
430	356.799	0.731042537078129
430	361.361	-11.7904070467102
430	365.926	-22.9194234989312
430	370.495	-22.3636764529327
430	375.067	-2.55330875088466
430	379.641	8.80257980641441
430	384.219	20.6114812178309
430	388.801	26.0058358760928
430	393.385	27.1583674936584
430	397.972	59.4592296487116
430	402.562	50.8752992216829
430	407.156	117.549924104799
430	411.752	77.773098948642
430	416.352	96.1799573979488
430	420.954	103.021797924638
430	425.56	1437.67313479366
430	430.168	6362.30938712996
430	434.779	5248.80700638517
430	439.393	580.8492645885
430	444.01	15.7650842478655
430	448.63	36.1460544708929
430	453.253	28.4827462366084
430	457.878	39.9966260544794
430	462.506	49.8316431974002
430	467.137	41.666159158706
430	471.771	57.7810702870526
430	476.407	44.6319760075706
430	481.047	49.363480079612
430	485.688	51.1803438585726
430	490.333	59.667705089602
430	494.979	53.7355430315833
430	499.629	72.0080653934288
430	504.281	59.3337733733556
430	508.936	73.4875654303999
430	513.593	85.8972983660401
430	518.252	40.0539749008929
430	522.914	61.5154906270003
430	527.579	36.9110611571592
430	532.245	48.7528946844248
430	536.915	69.3593227429171
430	541.586	46.5179779326617
430	546.26	42.3583530098234
430	550.936	39.1819835607122
430	555.615	31.7435975882612
430	560.296	34.6384385821572
430	564.979	28.6252400067041
430	569.664	36.9948456275648
430	574.351	18.0152879947839
430	579.04	28.8204832351977
430	583.732	20.1255949430235
430	588.426	17.33759606645
430	593.121	23.4901331690923
430	597.819	-2.38844989458308
430	602.519	16.8638958058307
430	607.221	-2.15622527620027
430	611.924	20.1784352577533
430	616.63	30.6007083571195
430	621.338	23.3398190700544
430	626.047	18.2347262394843
430	630.758	14.4599675011929
430	635.471	15.7161210280334
430	640.186	24.0468093049969
430	644.903	-5.20644931913783
430	649.621	9.69082501456955
430	654.341	-8.04495370061782
430	659.063	30.3684537132483
430	663.787	-12.1950868914867
430	668.512	11.0611234432746
430	673.238	6.80158817036574
430	677.967	6.85402008948877
430	682.696	5.98233774641645
430	687.428	-2.84952161248417
430	692.16	0.00120101417357388
430	696.895	-4.49088911986191
430	701.63	1.29771261037393
430	706.367	-9.82446448744607
430	711.106	4.96698072838249
430	715.845	25.7794222138883
430	720.586	31.2152297068968
430	725.329	20.0455963701575
430	730.072	8.54861917935006
430	734.817	25.4766480315701
430	739.563	27.5163904886815
430	744.31	17.6015697223736
430	749.058	-16.7122498062092
430	753.808	-21.0213370045767
430	758.558	1.47175919334279
430	763.31	-21.4572241403233
430	768.062	-9.4928639071091
430	772.815	-19.3573375327388
430	777.57	-6.19723691374412
430	782.325	23.994742463502
430	787.081	-9.29273835710219
430	791.838	2.41932276802781
430	796.596	-6.98513914973905
430	801.355	-26.2616901673963
430	806.114	-40.1024958704089
430	810.875	10.291169746617
430	815.635	-9.9355487329498
430	820.397	-7.4554500603801
430	825.159	-3.8999084844142
425	248.336	19.6782927335037
425	252.814	23.1284548396717
425	257.296	-1.67365701250142
425	261.781	5.07735874113447
425	266.271	-17.5953733487025
425	270.764	5.14694481573263
425	275.26	-13.0439329713487
425	279.76	22.5122667811728
425	284.264	0.386270397458348
425	288.772	5.51738169029517
425	293.283	5.31431555902701
425	297.797	5.13310059579132
425	302.315	-12.7407573629212
425	306.837	-0.998102172771754
425	311.362	11.0216568345886
425	315.89	20.6906674581737
425	320.422	37.4324967265268
425	324.958	8.26990745739622
425	329.496	26.6400425761559
425	334.038	21.1959418921298
425	338.584	-7.75027059190095
425	343.133	35.2022047006496
425	347.685	6.71085640598623
425	352.24	-10.0254250832954
425	356.799	-23.1663134360066
425	361.361	-1.81639275266877
425	365.926	-17.9315016135883
425	370.495	-21.033510649235
425	375.067	-18.4444817491493
425	379.641	41.821558120018
425	384.219	7.64536275531524
425	388.801	43.5263395983261
425	393.385	65.7130444216742
425	397.972	131.816140822135
425	402.562	111.847877771867
425	407.156	128.921698147742
425	411.752	101.244207107292
425	416.352	122.340602050537
425	420.954	2243.97769035269
425	425.56	5109.99687032362
425	430.168	5172.09055985962
425	434.779	396.962761161281
425	439.393	39.3685826636763
425	444.01	14.0613700481769
425	448.63	33.9998683356331
425	453.253	34.6378228717832
425	457.878	42.9320654834365
425	462.506	49.8706441176971
425	467.137	42.5287764291058
425	471.771	64.8798286659258
425	476.407	62.6164753057958
425	481.047	80.6517183436596
425	485.688	62.9686048150517
425	490.333	73.256773222863
425	494.979	63.7324548989486
425	499.629	52.1220458384731
425	504.281	67.809002684829
425	508.936	48.4787268164834
425	513.593	94.1878038738168
425	518.252	66.5644413391399
425	522.914	46.1147363044052
425	527.579	40.1432261691007
425	532.245	49.2326446385608
425	536.915	66.5142608455856
425	541.586	48.0124994310348
425	546.26	58.1227602406229
425	550.936	47.1945618989626
425	555.615	33.166559503488
425	560.296	46.2220098844019
425	564.979	29.1050274127112
425	569.664	46.7358370030618
425	574.351	18.6104803047534
425	579.04	36.5085937760969
425	583.732	24.8530680143279
425	588.426	11.4523007019865
425	593.121	36.8450849693612
425	597.819	8.94973138711232
425	602.519	17.7630099394677
425	607.221	11.5125908991041
425	611.924	22.1378923373911
425	616.63	27.8400491603044
425	621.338	6.32156643104927
425	626.047	0.276915648293559
425	630.758	7.86173800693016
425	635.471	17.5519035787711
425	640.186	2.84896519248034
425	644.903	12.0455911483018
425	649.621	24.4120070204173
425	654.341	12.4080221787329
425	659.063	24.705723276283
425	663.787	5.13714003572925
425	668.512	25.8564858266896
425	673.238	8.27060212004885
425	677.967	6.48979494343438
425	682.696	16.5254024535606
425	687.428	3.14545430424505
425	692.16	-0.623331763448623
425	696.895	9.21514128817192
425	701.63	1.93622652989471
425	706.367	-0.65325348209783
425	711.106	9.176673706669
425	715.845	11.9388197876272
425	720.586	20.2670355542555
425	725.329	22.537645950803
425	730.072	31.1393836097069
425	734.817	22.1686528083616
425	739.563	20.6904476413142
425	744.31	26.8257213287468
425	749.058	20.0583209438593
425	753.808	-15.0634577373256
425	758.558	-10.6022351531037
425	763.31	-7.09628107521802
425	768.062	0.767083346970022
425	772.815	-13.8790856176989
425	777.57	3.8410081913149
425	782.325	7.40069751986542
425	787.081	-20.0015097525213
425	791.838	0.423192838103621
425	796.596	-8.12992387708212
425	801.355	-8.08393954607227
425	806.114	-19.3016426002502
425	810.875	-16.150230820172
425	815.635	7.73545154894514
425	820.397	-9.47638955398737
425	825.159	-3.51266661224929
420	248.336	-0.736602648587487
420	252.814	21.3507460022199
420	257.296	13.2127947667369
420	261.781	0.445079732543939
420	266.271	-4.08537525666361
420	270.764	25.0013754073645
420	275.26	6.66583489530514
420	279.76	22.0607233762897
420	284.264	-28.4116871556661
420	288.772	30.3576856935333
420	293.283	5.22582006572576
420	297.797	19.5076905254236
420	302.315	-13.4697065666618
420	306.837	21.9274625578499
420	311.362	-1.41538698724189
420	315.89	9.88609604483815
420	320.422	29.6797877298019
420	324.958	3.27647140492194
420	329.496	-6.68794443689213
420	334.038	26.1344818917293
420	338.584	-8.19165693340451
420	343.133	32.7504503949136
420	347.685	3.74651383969493
420	352.24	-9.46380985016615
420	356.799	-13.4055591578284
420	361.361	0.0038085104429264
420	365.926	-16.6341183558047
420	370.495	-19.5630180696931
420	375.067	-11.8474112636301
420	379.641	22.863836867599
420	384.219	55.626840341211
420	388.801	105.419136816727
420	393.385	91.7777028920208
420	397.972	103.900019593956
420	402.562	64.3263886669389
420	407.156	77.8440834534054
420	411.752	106.713762453363
420	416.352	2183.66803383495
420	420.954	4664.41231741687
420	425.56	4094.04767762665
420	430.168	293.894856778011
420	434.779	11.7046755163524
420	439.393	29.9697044501096
420	444.01	30.7306420465189
420	448.63	38.115316005903
420	453.253	31.4496833398527
420	457.878	66.0187673039966
420	462.506	61.4830927020623
420	467.137	59.6414515834809
420	471.771	78.4692294689271
420	476.407	68.267859908227
420	481.047	62.0576669798456
420	485.688	56.6163368782882
420	490.333	85.8579448555225
420	494.979	101.355121828025
420	499.629	69.7703164761617
420	504.281	61.9754948624038
420	508.936	64.9770970507853
420	513.593	76.8333012769652
420	518.252	60.9586675561734
420	522.914	59.0878589254712
420	527.579	40.406877266761
420	532.245	36.8906189451946
420	536.915	52.2259711336609
420	541.586	30.1531367862921
420	546.26	43.562595305607
420	550.936	50.1592802650769
420	555.615	34.2755823250805
420	560.296	47.8190278267167
420	564.979	32.0861715981775
420	569.664	64.8911380881903
420	574.351	17.2442605997785
420	579.04	31.5327895792647
420	583.732	29.5423360986829
420	588.426	14.0239761120357
420	593.121	22.3812621722825
420	597.819	17.7904668898288
420	602.519	24.3720123903691
420	607.221	32.5092971712568
420	611.924	11.4161272065093
420	616.63	24.5277560564433
420	621.338	22.9766872940169
420	626.047	18.5004483519228
420	630.758	30.8661291173288
420	635.471	32.00333094044
420	640.186	-2.68690664574369
420	644.903	-2.42017618926249
420	649.621	7.68180074208903
420	654.341	-6.23437418921213
420	659.063	36.8209657079045
420	663.787	-15.6375963189627
420	668.512	21.2304492530655
420	673.238	22.6529999809009
420	677.967	10.7586464888263
420	682.696	16.1491113125023
420	687.428	20.2480337882596
420	692.16	3.678274726169
420	696.895	-1.67339748517487
420	701.63	9.83056602438574
420	706.367	21.2501152548019
420	711.106	21.4837137679053
420	715.845	24.880752735703
420	720.586	38.9954811427904
420	725.329	45.8751508193938
420	730.072	18.9610244655657
420	734.817	10.0916899995936
420	739.563	21.1483939298049
420	744.31	8.10450942432048
420	749.058	3.72300176598028
420	753.808	-7.20493525863128
420	758.558	23.5585736899388
420	763.31	-1.57793213640759
420	768.062	17.5122235563104
420	772.815	-36.9534248691404
420	777.57	7.71342998810445
420	782.325	-5.35320954847699
420	787.081	-25.7898059537398
420	791.838	10.5618632566081
420	796.596	-10.3250994704164
420	801.355	-10.3949585783294
420	806.114	-28.9685475720914
420	810.875	-7.05477706150525
420	815.635	-26.365987487782
420	820.397	2.60052251645497
420	825.159	6.32102700791397
415	248.336	6.63954122793067
415	252.814	7.95307580993437
415	257.296	23.1421444379953
415	261.781	-2.81898076822838
415	266.271	17.67493894506
415	270.764	-2.39071997042436
415	275.26	-0.935505601341657
415	279.76	-25.9289646771667
415	284.264	7.35977192048411
415	288.772	-1.22744237872823
415	293.283	-4.70950509028024
415	297.797	10.6344813500946
415	302.315	-4.8469321470858
415	306.837	12.2690746392965
415	311.362	10.3981996906675
415	315.89	-2.96733352630591
415	320.422	15.6062714899984
415	324.958	-2.29976093279654
415	329.496	13.6553298548689
415	334.038	5.10261545719753
415	338.584	9.79153715447832
415	343.133	10.9566976282254
415	347.685	-30.6509001682814
415	352.24	-0.798439239103345
415	356.799	6.44468585635692
415	361.361	-13.3852759082979
415	365.926	-21.56260581251
415	370.495	19.3677815307856
415	375.067	8.43998620692337
415	379.641	61.9728269132319
415	384.219	99.5515966020481
415	388.801	144.538948542048
415	393.385	92.7904492325484
415	397.972	101.867939542608
415	402.562	19.8357280565954
415	407.156	151.912234835643
415	411.752	2594.60167589601
415	416.352	4030.99182241629
415	420.954	3419.43785105166
415	425.56	197.827469352885
415	430.168	38.6360111287294
415	434.779	11.9482048313107
415	439.393	32.6478161971375
415	444.01	30.5183425066822
415	448.63	62.5106504158889
415	453.253	41.2900693633239
415	457.878	53.5842993371889
415	462.506	68.5221191973462
415	467.137	53.8418058896228
415	471.771	67.4061487482068
415	476.407	72.5471084111485
415	481.047	70.5559799161059
415	485.688	69.0296291538573
415	490.333	98.8385327060633
415	494.979	82.7694231070886
415	499.629	75.6020364780455
415	504.281	80.2943738691866
415	508.936	55.3231036140446
415	513.593	96.3244114954138
415	518.252	67.2788204700595
415	522.914	64.2321668754244
415	527.579	48.5662646998888
415	532.245	60.8127843021797
415	536.915	72.3031770892986
415	541.586	52.8123834069225
415	546.26	44.702128392932
415	550.936	58.7707434195345
415	555.615	31.0768343511231
415	560.296	27.0678264550647
415	564.979	18.1147191188045
415	569.664	54.4663819808677
415	574.351	27.1827956119143
415	579.04	50.8566057175556
415	583.732	33.6420581932567
415	588.426	23.6998355370804
415	593.121	21.494166998234
415	597.819	-2.63077180524851
415	602.519	35.3422012158493
415	607.221	2.67350323732276
415	611.924	16.5013181548503
415	616.63	30.6420962426091
415	621.338	-2.14074378174654
415	626.047	8.64285692666768
415	630.758	13.1040829565244
415	635.471	27.9818326099163
415	640.186	10.7086772325482
415	644.903	7.32669285945483
415	649.621	10.3395040271378
415	654.341	13.1243002025644
415	659.063	56.2513772848218
415	663.787	22.1483179213496
415	668.512	22.9944975039094
415	673.238	22.1126772079467
415	677.967	13.7064664487702
415	682.696	20.4435759611614
415	687.428	3.83755415156061
415	692.16	8.41880322560828
415	696.895	6.00479223000465
415	701.63	5.69849790391191
415	706.367	-12.2547746838311
415	711.106	23.6766468307189
415	715.845	10.6855482217703
415	720.586	9.60419980910967
415	725.329	4.48638999980711
415	730.072	10.5341734332194
415	734.817	13.261494320429
415	739.563	24.1476485506469
415	744.31	30.992572898028
415	749.058	12.1324054215409
415	753.808	0.798326012260327
415	758.558	-3.2487739932439
415	763.31	-7.45591330299164
415	768.062	-3.34643988623962
415	772.815	-20.8970621605496
415	777.57	11.9387438544007
415	782.325	3.46437337078844
415	787.081	-17.7840748741357
415	791.838	-19.1001970874178
415	796.596	25.33878473292
415	801.355	0.389724922038887
415	806.114	-10.937296752217
415	810.875	6.24896514416611
415	815.635	-11.7186065422879
415	820.397	18.747305251107
415	825.159	21.0870103371997
410	248.336	10.7232150263118
410	252.814	12.3234685266884
410	257.296	-5.58603582866819
410	261.781	13.9256979262681
410	266.271	0.0046967774056963
410	270.764	16.2644923265034
410	275.26	10.7811867264853
410	279.76	18.475329721173
410	284.264	14.7324983641659
410	288.772	1.34553963452964
410	293.283	7.32848588039404
410	297.797	10.84227990411
410	302.315	2.04585970559072
410	306.837	2.03877942738201
410	311.362	3.66808652035504
410	315.89	8.96166930024127
410	320.422	8.56625713725405
410	324.958	1.25874133965504
410	329.496	16.6914896730742
410	334.038	18.532697847012
410	338.584	-10.3173752270264
410	343.133	27.0657010582476
410	347.685	-33.6355169828861
410	352.24	-13.107650519907
410	356.799	-5.7455143925319
410	361.361	18.2568031331447
410	365.926	-24.1088186110643
410	370.495	15.9751635748661
410	375.067	60.0859911269263
410	379.641	135.320589050374
410	384.219	150.768346104299
410	388.801	130.238398594591
410	393.385	119.157848048159
410	397.972	79.4507665589082
410	402.562	160.071365386936
410	407.156	3264.7874022592
410	411.752	4006.27165684724
410	416.352	3240.80599296643
410	420.954	176.818814818932
410	425.56	10.4286743974724
410	430.168	23.3759440692057
410	434.779	9.20733313788022
410	439.393	46.2963644967014
410	444.01	50.2760024329735
410	448.63	45.239907079335
410	453.253	69.419114282589
410	457.878	70.2982012023759
410	462.506	80.1580540194402
410	467.137	65.5309685627237
410	471.771	83.7850620832122
410	476.407	57.7919268865107
410	481.047	87.916528085311
410	485.688	92.7049163684171
410	490.333	113.667380935029
410	494.979	84.9148853724377
410	499.629	79.4464022382991
410	504.281	89.6457527534731
410	508.936	79.7069630219111
410	513.593	118.114133700711
410	518.252	64.7801096068098
410	522.914	59.7372087080788
410	527.579	48.6656957679635
410	532.245	50.7300682030406
410	536.915	59.3891751255641
410	541.586	44.6016062429884
410	546.26	48.7759174855911
410	550.936	44.0179622953185
410	555.615	43.4797315716668
410	560.296	39.1194068567266
410	564.979	33.9697431172961
410	569.664	72.1190217857384
410	574.351	17.4142975356359
410	579.04	69.6260877148135
410	583.732	30.936183255466
410	588.426	28.5563426031097
410	593.121	36.986835502211
410	597.819	16.6799374676703
410	602.519	1.29570386914013
410	607.221	-5.86806553870568
410	611.924	34.254608449939
410	616.63	22.981188992727
410	621.338	14.4333073115192
410	626.047	-7.11351037875093
410	630.758	21.9228178759843
410	635.471	32.4436326139384
410	640.186	20.0625968040829
410	644.903	9.44540332307784
410	649.621	39.0129224245407
410	654.341	10.8136639184152
410	659.063	38.8622791545358
410	663.787	7.74038095424609
410	668.512	21.5311033815238
410	673.238	4.11042811340567
410	677.967	13.5469191454516
410	682.696	23.2057818525381
410	687.428	1.92224469453717
410	692.16	-3.07541047830203
410	696.895	25.2056870465315
410	701.63	11.3404094102114
410	706.367	-8.70657048037931
410	711.106	11.5988246025268
410	715.845	19.8208819893287
410	720.586	42.9822968749518
410	725.329	21.754533033804
410	730.072	21.8924285362417
410	734.817	25.370468548117
410	739.563	22.7207114459569
410	744.31	27.2132746354222
410	749.058	-9.8800409985721
410	753.808	-18.3943284487499
410	758.558	-5.35333660981741
410	763.31	12.7296607873033
410	768.062	14.6983412370813
410	772.815	-37.6088835563318
410	777.57	11.7040398400721
410	782.325	-12.8313864003498
410	787.081	-3.90145698583532
410	791.838	9.75452603970038
410	796.596	14.4049918279435
410	801.355	-14.1459706762285
410	806.114	-33.0084957749747
410	810.875	13.3001779084991
410	815.635	32.6152878253592
410	820.397	90.0953302436693
410	825.159	57.9556690062891
405	248.336	19.9253245230735
405	252.814	10.8475745167474
405	257.296	25.7583345854578
405	261.781	5.44539397395464
405	266.271	12.184581166853
405	270.764	-4.43336348148316
405	275.26	17.9012406868087
405	279.76	-29.5347106177944
405	284.264	-29.6147840598329
405	288.772	-3.7962610609943
405	293.283	20.0139491953706
405	297.797	2.64209776892659
405	302.315	-10.8073526671731
405	306.837	40.0918034012825
405	311.362	-2.15274000125487
405	315.89	31.398421837809
405	320.422	13.7857219689992
405	324.958	16.8923830906472
405	329.496	18.0909205957396
405	334.038	15.4759078201692
405	338.584	17.7103937631972
405	343.133	36.2956981993315
405	347.685	-1.82228755731231
405	352.24	3.69472700726071
405	356.799	9.80680130760051
405	361.361	-0.940528202260332
405	365.926	58.4882235548552
405	370.495	61.2879558102498
405	375.067	98.8418616915188
405	379.641	185.941200465327
405	384.219	166.25080394739
405	388.801	171.0510428434
405	393.385	93.1746658292589
405	397.972	301.704726957235
405	402.562	4211.01598969777
405	407.156	4329.6975263969
405	411.752	3284.98020196348
405	416.352	116.390630477037
405	420.954	49.4403277313011
405	425.56	17.3480910861665
405	430.168	26.7435785823864
405	434.779	28.7569538544353
405	439.393	78.8136989859738
405	444.01	52.0623440212016
405	448.63	43.7555047841505
405	453.253	60.0934596604528
405	457.878	72.2679068019886
405	462.506	76.2066133607452
405	467.137	71.0727446867298
405	471.771	112.471377297878
405	476.407	59.1467055025184
405	481.047	87.5268215422048
405	485.688	94.9306651046132
405	490.333	109.592125961172
405	494.979	98.506994092808
405	499.629	92.3736557930599
405	504.281	90.5819519853714
405	508.936	78.8530171252681
405	513.593	120.079906464003
405	518.252	79.5531990447385
405	522.914	88.0138906178896
405	527.579	52.9264333365486
405	532.245	49.5713843219607
405	536.915	76.689629501398
405	541.586	53.6961019300784
405	546.26	60.6787042230187
405	550.936	48.3982297466988
405	555.615	32.5248810760073
405	560.296	54.7622920392947
405	564.979	40.3940341978274
405	569.664	65.7540060249067
405	574.351	19.698175209914
405	579.04	52.3388434685903
405	583.732	11.3350052092664
405	588.426	15.4145046836366
405	593.121	25.2580963143667
405	597.819	7.45386173295103
405	602.519	19.4638746466374
405	607.221	19.2949836632327
405	611.924	-2.78294804382445
405	616.63	34.1190676982423
405	621.338	31.9051827712284
405	626.047	23.6223450613378
405	630.758	27.131630945707
405	635.471	20.0493637581867
405	640.186	0.730401332398113
405	644.903	-8.49596486380699
405	649.621	35.214057260392
405	654.341	1.90216427463631
405	659.063	52.1744776819335
405	663.787	-7.78157999764989
405	668.512	35.6782891576808
405	673.238	41.0207593418723
405	677.967	0.397302007416702
405	682.696	17.6770586522068
405	687.428	3.23644315369964
405	692.16	22.3713720375089
405	696.895	14.742528297053
405	701.63	12.3889572257614
405	706.367	2.92539502375542
405	711.106	-17.3153665819174
405	715.845	11.9619863098228
405	720.586	59.9600160326665
405	725.329	29.0458619014065
405	730.072	23.5558792927234
405	734.817	17.1330646879445
405	739.563	25.3311350570107
405	744.31	35.9326891606937
405	749.058	22.6874358453248
405	753.808	-10.1747388305661
405	758.558	8.47614246269061
405	763.31	21.6145852312453
405	768.062	1.93923249808907
405	772.815	-21.8029171186906
405	777.57	16.3147075366538
405	782.325	-10.0400025127883
405	787.081	-16.4950847488591
405	791.838	21.1136685050435
405	796.596	9.96706741948566
405	801.355	-13.5855011608128
405	806.114	37.5863086039368
405	810.875	90.569437281933
405	815.635	75.1725621049239
405	820.397	62.9457345119931
405	825.159	16.755314557355
400	248.336	18.2980710307804
400	252.814	11.7536899364947
400	257.296	12.1679036245379
400	261.781	17.7178835201284
400	266.271	1.64404184432584
400	270.764	-9.82684463911574
400	275.26	38.4812475649735
400	279.76	-14.5455368468497
400	284.264	7.42021200021163
400	288.772	19.6423926086695
400	293.283	10.3144232584167
400	297.797	-1.30174510068453
400	302.315	6.39472566039112
400	306.837	13.5948106909433
400	311.362	18.2411740542027
400	315.89	19.919830278807
400	320.422	11.0429444645336
400	324.958	5.25547729056852
400	329.496	0.439582032021873
400	334.038	46.1972270830273
400	338.584	-18.3358230608681
400	343.133	48.2852550167909
400	347.685	24.7066260653294
400	352.24	3.19543631077886
400	356.799	38.6741129575652
400	361.361	102.926605755287
400	365.926	186.494501576383
400	370.495	296.623087693952
400	375.067	282.755072980773
400	379.641	228.553142072804
400	384.219	200.898693607319
400	388.801	169.586913663413
400	393.385	637.644449831134
400	397.972	7570.39737381966
400	402.562	3768.70362141201
400	407.156	5987.77117477325
400	411.752	230.623160765183
400	416.352	39.2508166433961
400	420.954	64.4003443445187
400	425.56	31.4334150823205
400	430.168	51.0314663665414
400	434.779	52.2685709429299
400	439.393	66.5032782143455
400	444.01	83.8524107064222
400	448.63	75.0750940620554
400	453.253	73.9349111162449
400	457.878	79.5104938141758
400	462.506	80.0359637142926
400	467.137	82.4737012157005
400	471.771	134.214668260323
400	476.407	101.982356758324
400	481.047	95.8986196983842
400	485.688	100.400825124351
400	490.333	115.792194545507
400	494.979	101.749002073925
400	499.629	109.619718054866
400	504.281	98.8754694575023
400	508.936	83.5783258692858
400	513.593	112.206353763393
400	518.252	84.8060619124302
400	522.914	71.5765555921408
400	527.579	54.2884008538258
400	532.245	52.8053129824002
400	536.915	61.5066023708387
400	541.586	67.7691625822634
400	546.26	62.6014620265371
400	550.936	54.599167867326
400	555.615	49.966096564961
400	560.296	36.2993680649546
400	564.979	35.0348617236844
400	569.664	35.2901322587282
400	574.351	24.9123365884586
400	579.04	34.931970051598
400	583.732	23.6583599007854
400	588.426	33.3549203365018
400	593.121	25.2244446302227
400	597.819	0.335839303508705
400	602.519	14.1390297033334
400	607.221	8.15111693750998
400	611.924	27.4281139336636
400	616.63	30.5037120673643
400	621.338	22.7052553245139
400	626.047	15.8780616197875
400	630.758	24.2401480761932
400	635.471	31.2527466482619
400	640.186	17.6426540020026
400	644.903	18.5736258483903
400	649.621	35.8073969560476
400	654.341	-2.98609626503074
400	659.063	63.5131444584559
400	663.787	-11.4993272202694
400	668.512	45.5939052468915
400	673.238	28.3746185883925
400	677.967	13.7113281645953
400	682.696	39.5905230588417
400	687.428	21.9264487371755
400	692.16	12.8355417160468
400	696.895	0.405023685543296
400	701.63	-6.09596397808313
400	706.367	17.7014902493641
400	711.106	7.0778508440687
400	715.845	10.1017326933895
400	720.586	18.9918642034962
400	725.329	29.4727755040676
400	730.072	23.2186103846776
400	734.817	29.8682606621863
400	739.563	8.76318279662532
400	744.31	8.41620691556906
400	749.058	12.9611113214716
400	753.808	-7.74322137085295
400	758.558	1.85859307168972
400	763.31	-0.00968371897582543
400	768.062	10.515439518825
400	772.815	-37.2258154649445
400	777.57	31.1798970723508
400	782.325	15.8292838504992
400	787.081	25.3971585962157
400	791.838	33.0107914527375
400	796.596	114.315059320306
400	801.355	143.814969984265
400	806.114	135.791991145827
400	810.875	96.0235590390117
400	815.635	23.6796040854419
400	820.397	-4.90447519762285
400	825.159	-13.3799011397762
395	248.336	26.0810206357408
395	252.814	31.2306330488788
395	257.296	-16.9416765486286
395	261.781	-21.2375720699427
395	266.271	11.3137851703188
395	270.764	2.5713826340459
395	275.26	18.1381041835796
395	279.76	-13.7076276420645
395	284.264	0.467612818193594
395	288.772	5.28434166714797
395	293.283	30.8464727051995
395	297.797	-0.402050482393777
395	302.315	-11.238017544719
395	306.837	21.6323761775974
395	311.362	-0.398967377481743
395	315.89	32.764353700106
395	320.422	15.2113255035928
395	324.958	13.2196841448213
395	329.496	42.424835575169
395	334.038	38.0655531349507
395	338.584	18.9900817598417
395	343.133	43.8421014804601
395	347.685	6.37284572815236
395	352.24	59.2407725000838
395	356.799	68.2068266612153
395	361.361	177.091506022169
395	365.926	250.918549576543
395	370.495	239.782747621491
395	375.067	196.479593091014
395	379.641	201.378742595059
395	384.219	176.667394243694
395	388.801	747.609342911487
395	393.385	7800.71030610251
395	397.972	2265.85687109175
395	402.562	3195.0368491173
395	407.156	83.2495845272035
395	411.752	57.0856207050187
395	416.352	43.5053593387891
395	420.954	57.3760843980554
395	425.56	35.2514938498421
395	430.168	53.9435761144613
395	434.779	51.8669517816449
395	439.393	82.849662370965
395	444.01	82.2434098805447
395	448.63	65.6611709748338
395	453.253	69.8584959086011
395	457.878	85.2900457216267
395	462.506	90.3915999162997
395	467.137	94.2042407002897
395	471.771	110.735901403654
395	476.407	107.868242236519
395	481.047	108.83481887592
395	485.688	120.733940889561
395	490.333	106.81182888543
395	494.979	112.061257781823
395	499.629	109.187553219063
395	504.281	82.7049758340202
395	508.936	90.1372915879786
395	513.593	106.648084843446
395	518.252	77.0805377247069
395	522.914	68.344355796816
395	527.579	71.1914227405696
395	532.245	68.9372292699332
395	536.915	68.6595782437642
395	541.586	36.1859452166954
395	546.26	52.2634089013766
395	550.936	41.1247562298412
395	555.615	44.1465587466787
395	560.296	39.2753275297404
395	564.979	30.6351626834812
395	569.664	61.3875793543864
395	574.351	27.457151976853
395	579.04	49.8542206303123
395	583.732	31.2907163928276
395	588.426	20.865674341728
395	593.121	39.1058567259384
395	597.819	17.3114053920119
395	602.519	23.7884284337519
395	607.221	22.095569791427
395	611.924	18.4324271604527
395	616.63	38.2333893467009
395	621.338	34.9103600875541
395	626.047	29.5968676662589
395	630.758	29.5765592040684
395	635.471	31.1594589924467
395	640.186	17.6544616425989
395	644.903	25.0523414947464
395	649.621	33.7554419303655
395	654.341	9.90803972371463
395	659.063	31.0035856888231
395	663.787	4.70844093995728
395	668.512	28.7733192883754
395	673.238	24.1821868345937
395	677.967	37.286162344572
395	682.696	18.2918010445304
395	687.428	39.4594376288416
395	692.16	7.9406706420593
395	696.895	-9.50235039170424
395	701.63	-11.5001391736138
395	706.367	-3.88731080176391
395	711.106	5.50134643207639
395	715.845	-8.33614224237046
395	720.586	17.9076646462828
395	725.329	46.3105879221041
395	730.072	29.1747600905287
395	734.817	6.52096929365164
395	739.563	10.3238005149312
395	744.31	17.9485318878541
395	749.058	13.4854969073582
395	753.808	-34.7968664468516
395	758.558	10.9345114063333
395	763.31	18.2965872316248
395	768.062	-6.28445181601649
395	772.815	-31.9277370471314
395	777.57	34.909284062652
395	782.325	44.3334617627128
395	787.081	89.182436051569
395	791.838	204.972708515561
395	796.596	175.676159332435
395	801.355	30.8453291280248
395	806.114	-23.0928416699067
395	810.875	34.9201806072205
395	815.635	-3.35479740654676
395	820.397	-9.67253010254722
395	825.159	6.32053754893161
390	248.336	9.61694334325384
390	252.814	20.5298217599006
390	257.296	4.95448818633803
390	261.781	2.20990141968525E-4
390	266.271	2.55616082617299
390	270.764	32.2313509583577
390	275.26	-19.5316319985855
390	279.76	-6.81601132000245
390	284.264	-21.3167093995546
390	288.772	21.9050171729272
390	293.283	24.3577679123605
390	297.797	13.8224294328612
390	302.315	1.19822178049601
390	306.837	13.9302188607152
390	311.362	23.0543854991525
390	315.89	31.7689954261388
390	320.422	46.137007824703
390	324.958	10.6712242814914
390	329.496	6.26325242548885
390	334.038	25.6357334369233
390	338.584	-14.2520210264191
390	343.133	31.4158469963352
390	347.685	4.63304218366893
390	352.24	62.2641739854261
390	356.799	116.859466481411
390	361.361	194.529450174216
390	365.926	167.690263965562
390	370.495	148.185878077022
390	375.067	144.661353457881
390	379.641	135.210829082285
390	384.219	778.718603585764
390	388.801	6790.290146371
390	393.385	3314.56713815213
390	397.972	1749.72540968848
390	402.562	14.5405932897493
390	407.156	23.8968432689658
390	411.752	66.3422582799954
390	416.352	48.9739112964473
390	420.954	58.9773872611899
390	425.56	41.1912088732596
390	430.168	75.6811637008689
390	434.779	64.3003857358568
390	439.393	91.5211970032387
390	444.01	54.3863898360981
390	448.63	32.154095151237
390	453.253	75.6923055653167
390	457.878	98.4686349804203
390	462.506	119.470205047542
390	467.137	115.279174747763
390	471.771	139.33397160674
390	476.407	122.356912472008
390	481.047	133.422562730963
390	485.688	128.701223118097
390	490.333	126.257470264011
390	494.979	106.979501582747
390	499.629	128.215466030977
390	504.281	101.634347215467
390	508.936	83.4911367400514
390	513.593	115.458798414797
390	518.252	78.5917409774967
390	522.914	78.1332202124762
390	527.579	55.6838702306716
390	532.245	54.8638565621796
390	536.915	74.5303450219139
390	541.586	49.2852251412053
390	546.26	53.9792017477379
390	550.936	42.0381350443642
390	555.615	60.057377450229
390	560.296	30.1585683087025
390	564.979	35.5047179907565
390	569.664	59.5043939484563
390	574.351	36.9790611833752
390	579.04	40.3693584642996
390	583.732	40.012991817419
390	588.426	23.8222302686934
390	593.121	44.4615819973993
390	597.819	-0.312395886088916
390	602.519	50.7557277496387
390	607.221	26.7217545203866
390	611.924	24.4090306023807
390	616.63	36.6961492445018
390	621.338	21.6011013394311
390	626.047	2.97503833250913
390	630.758	31.7292790751829
390	635.471	22.5495109094057
390	640.186	19.5575814595773
390	644.903	13.9835572963495
390	649.621	34.5860137654056
390	654.341	27.3971334993376
390	659.063	25.855951124091
390	663.787	-3.95043281609233
390	668.512	32.9398332810218
390	673.238	8.37621104108437
390	677.967	15.0404867780782
390	682.696	28.9315595376636
390	687.428	36.2293648186567
390	692.16	31.1683793405403
390	696.895	3.78106321475684
390	701.63	9.53184022354902
390	706.367	12.3448356458781
390	711.106	13.6467769608314
390	715.845	-1.4447945829521E-4
390	720.586	40.7258802954981
390	725.329	27.6165864162217
390	730.072	33.8293469857617
390	734.817	-2.43301862561811
390	739.563	18.4647394389496
390	744.31	42.7111476819659
390	749.058	0.419260868900844
390	753.808	-20.4951898021294
390	758.558	5.65151994725131
390	763.31	7.9814410324305
390	768.062	11.6392658744949
390	772.815	-4.91428507949146
390	777.57	89.9325935805525
390	782.325	149.725578779883
390	787.081	133.279562260603
390	791.838	55.1658691393343
390	796.596	14.534505895208
390	801.355	-5.85218553339681
390	806.114	-43.8978850178347
390	810.875	-8.77944223245196
390	815.635	-5.01612402314142
390	820.397	-1.67178609272329
390	825.159	7.10768676952752
385	248.336	30.3609288279429
385	252.814	29.0962048062537
385	257.296	18.7074255355483
385	261.781	13.1442569841596
385	266.271	31.1903745861073
385	270.764	12.8822365361292
385	275.26	27.6439642031915
385	279.76	7.54571428021248
385	284.264	14.3580730917189
385	288.772	31.8170431335424
385	293.283	2.84465601047958
385	297.797	36.6115491231893
385	302.315	-0.00382155741588797
385	306.837	4.2355177366759
385	311.362	9.2346522738282
385	315.89	23.8364745822646
385	320.422	15.4042694928836
385	324.958	11.9197709008054
385	329.496	6.46771290715985
385	334.038	5.28549834957285
385	338.584	-3.26112371475843
385	343.133	37.2962923787826
385	347.685	32.1193826309953
385	352.24	107.667952346096
385	356.799	176.035013115278
385	361.361	189.879035076623
385	365.926	147.870077821523
385	370.495	131.607493391691
385	375.067	142.819893712853
385	379.641	866.468982912928
385	384.219	7169.98803943635
385	388.801	3652.88506893234
385	393.385	1403.03568589986
385	397.972	27.4055222404452
385	402.562	1.67809025485857
385	407.156	37.0468819820294
385	411.752	47.4747216472659
385	416.352	49.0353008691293
385	420.954	65.7893700372911
385	425.56	72.7735815825539
385	430.168	54.929374157885
385	434.779	95.3270550651255
385	439.393	82.2162412978603
385	444.01	64.9957385444443
385	448.63	84.7694429738856
385	453.253	123.253924555627
385	457.878	125.956550685064
385	462.506	117.097339439533
385	467.137	127.34258342761
385	471.771	126.948976154147
385	476.407	119.87781661889
385	481.047	133.401783156194
385	485.688	134.191729439931
385	490.333	145.95602177171
385	494.979	125.87319698459
385	499.629	117.116146100992
385	504.281	111.058539568508
385	508.936	87.2637930321904
385	513.593	110.12308974064
385	518.252	85.2242451578503
385	522.914	76.1979132671375
385	527.579	55.5560725122759
385	532.245	66.8811417001159
385	536.915	69.1050349565912
385	541.586	48.2794639523307
385	546.26	53.6770370823245
385	550.936	54.9351061808299
385	555.615	38.7629872487369
385	560.296	44.3718110039765
385	564.979	41.0169120425365
385	569.664	55.8705492262793
385	574.351	18.1908430318898
385	579.04	58.6331115771488
385	583.732	53.3462615209512
385	588.426	24.2610667674169
385	593.121	18.6647854509893
385	597.819	16.6575999771268
385	602.519	28.3882262827204
385	607.221	7.69457044327537
385	611.924	20.209316790728
385	616.63	31.4418110396162
385	621.338	30.426595760735
385	626.047	22.7153597213579
385	630.758	27.8096714189078
385	635.471	37.1493202836959
385	640.186	22.8493445353691
385	644.903	38.3019587384698
385	649.621	29.8079480688211
385	654.341	3.73432633938264
385	659.063	32.9232274494526
385	663.787	-12.1777696358823
385	668.512	44.1635696832522
385	673.238	-9.16776469970004
385	677.967	23.4377848210789
385	682.696	25.85643607274
385	687.428	8.67671024620292
385	692.16	-7.27345319371324
385	696.895	10.9802779403754
385	701.63	-8.49511213135207
385	706.367	13.8259290569023
385	711.106	13.5885365984605
385	715.845	10.6951741546091
385	720.586	12.251052523328
385	725.329	12.7849318742887
385	730.072	13.6486158497752
385	734.817	20.4220160672247
385	739.563	4.36791841031122
385	744.31	20.8782212936484
385	749.058	-18.6608091266633
385	753.808	-14.471903008535
385	758.558	17.6782363201358
385	763.31	18.0140613541476
385	768.062	121.278969752545
385	772.815	125.049223579856
385	777.57	145.738412006757
385	782.325	90.1457739460762
385	787.081	6.89542930804519
385	791.838	-6.45085987444656
385	796.596	7.03503868678839
385	801.355	2.02034124011318
385	806.114	-20.2453289423624
385	810.875	-6.07456417607414
385	815.635	-9.31483410717861
385	820.397	-9.31200827293835
385	825.159	0.808419079469298
380	248.336	22.2699392532437
380	252.814	-11.0370606840672
380	257.296	-11.8304399527674
380	261.781	7.84896498225937
380	266.271	-9.86166683439826
380	270.764	-9.86707017431816
380	275.26	28.0568034444349
380	279.76	-9.39101933402602
380	284.264	-0.425662381603791
380	288.772	-5.23065441264201
380	293.283	-8.48534011175352
380	297.797	-1.12047725413655
380	302.315	-3.2989430912625
380	306.837	29.2413871963016
380	311.362	-4.01612220069708
380	315.89	16.045890469468
380	320.422	42.00610730348
380	324.958	-3.01545431593525
380	329.496	6.51908344806975
380	334.038	28.9446887268703
380	338.584	26.5658187355623
380	343.133	91.1663263278515
380	347.685	88.834247681044
380	352.24	173.465284910995
380	356.799	164.311813739119
380	361.361	158.67850162939
380	365.926	129.167950105036
380	370.495	80.5157425144311
380	375.067	977.549085125314
380	379.641	4498.14784348567
380	384.219	3797.61392376092
380	388.801	1136.07739635586
380	393.385	37.3994449467536
380	397.972	46.3551928920501
380	402.562	-5.53316444494416
380	407.156	37.0990951820225
380	411.752	70.4397353838649
380	416.352	31.8525231261211
380	420.954	74.3527668929824
380	425.56	65.7392081508551
380	430.168	53.5874118809614
380	434.779	23.4768132766503
380	439.393	43.4483132585847
380	444.01	105.289984055111
380	448.63	107.329099318071
380	453.253	134.378552744735
380	457.878	161.920267269258
380	462.506	153.150151712678
380	467.137	133.825102471085
380	471.771	154.359807484439
380	476.407	127.9230114515
380	481.047	146.290092443376
380	485.688	117.12499551316
380	490.333	151.566538362015
380	494.979	126.890087844333
380	499.629	113.48720127837
380	504.281	106.670801453113
380	508.936	86.2255839871497
380	513.593	118.431429579907
380	518.252	81.624669041145
380	522.914	68.8848201582699
380	527.579	69.6611435406453
380	532.245	78.057332338348
380	536.915	67.1296569005824
380	541.586	72.9516201449747
380	546.26	77.9768760866656
380	550.936	56.9646104208963
380	555.615	61.9138037842923
380	560.296	47.7898041122501
380	564.979	33.9752217147759
380	569.664	58.7878720141981
380	574.351	25.0524554647851
380	579.04	44.6583461962923
380	583.732	42.9658885964374
380	588.426	11.0806760168894
380	593.121	44.5454322270917
380	597.819	24.1310401507582
380	602.519	29.2425314941817
380	607.221	18.6967334337179
380	611.924	50.1415237552618
380	616.63	39.0691098407472
380	621.338	24.0461708102281
380	626.047	28.2225507004184
380	630.758	30.0591869068269
380	635.471	21.9446755975907
380	640.186	23.2243750422171
380	644.903	11.5881456576336
380	649.621	21.5991002844624
380	654.341	14.8378070748016
380	659.063	41.9612820172388
380	663.787	18.1441423740741
380	668.512	47.5375357799237
380	673.238	10.7017248091273
380	677.967	7.07430706551664
380	682.696	34.4046223960143
380	687.428	18.1798575180297
380	692.16	-15.5199042441254
380	696.895	-1.44932478004733E-4
380	701.63	11.5548239727366
380	706.367	6.37840189531277
380	711.106	15.0394848236351
380	715.845	18.4739299497515
380	720.586	41.0347678063468
380	725.329	23.5249648390796
380	730.072	17.3835450421151
380	734.817	29.7984162814317
380	739.563	3.76778604245535
380	744.31	12.9481049888992
380	749.058	12.3109979112655
380	753.808	30.1932159487479
380	758.558	104.203387801844
380	763.31	129.093044437936
380	768.062	116.324530472688
380	772.815	11.9090454779624
380	777.57	24.3114689148016
380	782.325	16.1743298364615
380	787.081	-38.4617387729732
380	791.838	-21.8319251271474
380	796.596	1.33428953806221
380	801.355	-28.7976596475101
380	806.114	-31.1015086400697
380	810.875	-6.91125849375922
380	815.635	-7.29548574928211
380	820.397	-16.1266785043242
380	825.159	23.0378408367769
375	248.336	9.69802833504286
375	252.814	3.12747841359106
375	257.296	9.28290775817736
375	261.781	-13.4650101637857
375	266.271	27.836903734153
375	270.764	9.13257423662929
375	275.26	14.7507223849601
375	279.76	-3.04589377720881
375	284.264	2.06658806045234
375	288.772	32.0651175604659
375	293.283	-1.50430248772636
375	297.797	32.6549462660544
375	302.315	-4.63378827164165
375	306.837	4.96788995660354
375	311.362	28.3787622584577
375	315.89	9.56025819668207
375	320.422	21.6499904776838
375	324.958	18.3128747646458
375	329.496	24.2213737706263
375	334.038	40.8612629394351
375	338.584	38.4823454353034
375	343.133	142.339402691195
375	347.685	165.78501372487
375	352.24	142.192464735124
375	356.799	146.865801183892
375	361.361	115.339098686817
375	365.926	101.295550492034
375	370.495	1035.56046435221
375	375.067	2838.55613336869
375	379.641	3863.46416670286
375	384.219	942.016518895702
375	388.801	55.6859740460164
375	393.385	20.0107253142964
375	397.972	36.1443011165299
375	402.562	-8.57458258806807
375	407.156	56.0932315208812
375	411.752	65.967385707965
375	416.352	68.5686284836737
375	420.954	85.8903727639189
375	425.56	36.5578049934759
375	430.168	52.5329766215543
375	434.779	40.7153885502166
375	439.393	135.954827742612
375	444.01	132.867101379616
375	448.63	127.96313890254
375	453.253	130.310465483905
375	457.878	150.614200389718
375	462.506	156.310710867288
375	467.137	146.930545461772
375	471.771	134.819991253286
375	476.407	142.038182810145
375	481.047	135.418825879483
375	485.688	131.492139305736
375	490.333	138.703717350509
375	494.979	131.638095403613
375	499.629	140.060429287151
375	504.281	110.916645400198
375	508.936	97.1976737792509
375	513.593	120.732339491091
375	518.252	80.8518740676805
375	522.914	78.0982411837233
375	527.579	72.2584306184133
375	532.245	53.5283800262952
375	536.915	72.9124697270052
375	541.586	48.3815010171772
375	546.26	71.8748000374894
375	550.936	31.2206173168446
375	555.615	45.4532399297095
375	560.296	38.5253114245577
375	564.979	34.0785330833816
375	569.664	53.1106591576022
375	574.351	18.1211012872286
375	579.04	47.7698291239895
375	583.732	32.1397697042697
375	588.426	28.7172526257961
375	593.121	36.6304393488427
375	597.819	9.21046395414825
375	602.519	37.7037351824304
375	607.221	17.316662212384
375	611.924	26.0828074205687
375	616.63	27.5347096625843
375	621.338	36.5161531412354
375	626.047	16.5130248585905
375	630.758	22.6553318253803
375	635.471	34.8440077893314
375	640.186	15.0435835438809
375	644.903	-1.52407795010736
375	649.621	28.0929246612962
375	654.341	12.220201909587
375	659.063	37.3011928093375
375	663.787	15.7081986799364
375	668.512	28.430089603316
375	673.238	2.27295348229658
375	677.967	-2.29687738661928
375	682.696	13.242909706396
375	687.428	6.9991154243836
375	692.16	4.02128249482051
375	696.895	12.4868004339516
375	701.63	3.40114027699716
375	706.367	5.50993128565165
375	711.106	19.141918392862
375	715.845	-1.05603580580549
375	720.586	28.9411085862607
375	725.329	16.4278010551216
375	730.072	46.0059093004659
375	734.817	28.5958347904076
375	739.563	30.3912836141418
375	744.31	42.909149737294
375	749.058	95.2691616211535
375	753.808	148.883381691399
375	758.558	127.170516744951
375	763.31	60.9041824502331
375	768.062	9.57191274645802
375	772.815	-9.98752693663543
375	777.57	17.108210508175
375	782.325	5.37474608596549
375	787.081	-36.1087802333267
375	791.838	-6.36884649538839
375	796.596	-0.866846593097701
375	801.355	-5.59977287672782
375	806.114	-26.1256409701067
375	810.875	-11.1958723939721
375	815.635	17.1656166238411
375	820.397	-28.3631216220281
375	825.159	-0.750962784733257
370	248.336	16.9171809540352
370	252.814	17.182666773323
370	257.296	6.10097382756519
370	261.781	18.5742635039814
370	266.271	6.74469395451867
370	270.764	16.2045797908855
370	275.26	7.49166973659401
370	279.76	2.57005717333748
370	284.264	-5.70671923427589
370	288.772	8.86290305825008
370	293.283	5.53831598408666
370	297.797	10.3670616132493
370	302.315	-11.2405757490912
370	306.837	3.84184118287956
370	311.362	19.9261348512614
370	315.89	13.2658205333614
370	320.422	4.88970851719483
370	324.958	0.715632424500555
370	329.496	34.8718139536784
370	334.038	70.1762688178918
370	338.584	125.660395182545
370	343.133	197.36866863562
370	347.685	131.212333982036
370	352.24	140.150291901811
370	356.799	127.680143395043
370	361.361	114.80640356687
370	365.926	1336.03796985634
370	370.495	877.407746285517
370	375.067	5510.55059844786
370	379.641	599.831604814665
370	384.219	35.7857048050286
370	388.801	30.0584043804534
370	393.385	16.0376951357575
370	397.972	43.0737260800016
370	402.562	30.1953660124565
370	407.156	81.2449140590361
370	411.752	84.4657796990462
370	416.352	54.6493358915104
370	420.954	21.9868067856244
370	425.56	15.3817490599401
370	430.168	74.4514524357146
370	434.779	97.8240158544921
370	439.393	155.094633697042
370	444.01	129.311957814239
370	448.63	145.382108921552
370	453.253	154.978079294102
370	457.878	159.858341455902
370	462.506	168.798808236001
370	467.137	159.111170487581
370	471.771	166.417298731873
370	476.407	146.919998292355
370	481.047	144.457104115586
370	485.688	153.157684642448
370	490.333	148.499130907125
370	494.979	123.322840086752
370	499.629	115.070976001149
370	504.281	114.679905726901
370	508.936	102.909361198222
370	513.593	129.852556316046
370	518.252	94.0144029607765
370	522.914	79.9693507098723
370	527.579	54.4703734160971
370	532.245	72.7587693997559
370	536.915	79.6760930644234
370	541.586	66.5555369697399
370	546.26	60.5681615145812
370	550.936	75.506401490265
370	555.615	53.3416361419048
370	560.296	34.3274357181855
370	564.979	49.8596279340122
370	569.664	61.329540079154
370	574.351	33.0591943700139
370	579.04	57.3006341475767
370	583.732	16.241241337448
370	588.426	15.5108542829445
370	593.121	46.767302207949
370	597.819	14.0293570603687
370	602.519	14.6943321464366
370	607.221	7.83014484819414
370	611.924	26.5548794734681
370	616.63	35.9923138715671
370	621.338	9.50007850902032
370	626.047	21.2169777496773
370	630.758	28.7900657208505
370	635.471	31.6763399793357
370	640.186	6.22234293491181
370	644.903	16.1966599906216
370	649.621	17.6464628976238
370	654.341	-15.1427264669456
370	659.063	12.7741861680538
370	663.787	1.89362338923109
370	668.512	19.4220777092626
370	673.238	18.8992809502201
370	677.967	18.7124503173111
370	682.696	10.7649468910783
370	687.428	19.381941316201
370	692.16	11.2291020258845
370	696.895	9.97858758313508
370	701.63	19.1144247486496
370	706.367	-1.69637827096467
370	711.106	12.6878251008855
370	715.845	29.1424533461706
370	720.586	5.56109029844901
370	725.329	34.1457846540308
370	730.072	-4.96725600743934
370	734.817	47.7813019242403
370	739.563	100.97350485606
370	744.31	163.662178881377
370	749.058	109.716429202051
370	753.808	26.6267954437935
370	758.558	8.40757112423409
370	763.31	9.36551833112388
370	768.062	-8.27401312973322
370	772.815	-25.582698050644
370	777.57	28.508107861711
370	782.325	10.1933566509283
370	787.081	-20.094809797455
370	791.838	2.50652117946611
370	796.596	1.27953766888484
370	801.355	-4.78273249581207
370	806.114	-45.9761750425936
370	810.875	8.46027636677305
370	815.635	-19.4941502142126
370	820.397	18.390647479117
370	825.159	13.9752168420982
365	248.336	24.5230845954499
365	252.814	14.4639306085042
365	257.296	-5.20558099398615
365	261.781	-6.60398983051779
365	266.271	0.900219280169081
365	270.764	2.2391114442977
365	275.26	9.64381008183732
365	279.76	-27.7037364493604
365	284.264	15.8281652926612
365	288.772	-13.7992264987579
365	293.283	23.9098952616698
365	297.797	35.2464490447421
365	302.315	-20.253799062884
365	306.837	11.520328784383
365	311.362	-9.03624360913949
365	315.89	24.6972927070818
365	320.422	56.7836595729637
365	324.958	39.2161100116501
365	329.496	68.4801133400209
365	334.038	148.12113108828
365	338.584	107.089807983404
365	343.133	200.489250504185
365	347.685	162.662894521426
365	352.24	123.83635744772
365	356.799	129.036627978941
365	361.361	1773.57987405351
365	365.926	-6.75413706803738
365	370.495	5098.69760210962
365	375.067	438.441095339322
365	379.641	18.258458492585
365	384.219	62.0451978565798
365	388.801	57.5411830352899
365	393.385	47.7218812337283
365	397.972	80.3825962895997
365	402.562	43.1631313820346
365	407.156	71.4349915065374
365	411.752	49.9290742291039
365	416.352	15.9933811557746
365	420.954	21.619156389246
365	425.56	99.4526580996808
365	430.168	139.364904579694
365	434.779	141.192348072802
365	439.393	168.893746075678
365	444.01	171.930021879642
365	448.63	175.511338009757
365	453.253	175.106408394458
365	457.878	181.614462532154
365	462.506	174.86169200894
365	467.137	169.005798923525
365	471.771	170.54385179601
365	476.407	156.230077644822
365	481.047	151.442026756654
365	485.688	150.683236470721
365	490.333	157.782411884056
365	494.979	124.812861090915
365	499.629	130.304150400253
365	504.281	118.734401487791
365	508.936	87.5326820764301
365	513.593	110.649469530619
365	518.252	93.589660137268
365	522.914	82.5979504868637
365	527.579	62.1994098229919
365	532.245	56.5082469501224
365	536.915	65.5126567389714
365	541.586	49.7562584731186
365	546.26	59.016232282275
365	550.936	49.6796597344729
365	555.615	70.3721985805337
365	560.296	47.6395455705127
365	564.979	35.2725567969976
365	569.664	64.4670220830928
365	574.351	42.7272727448099
365	579.04	53.5549617870389
365	583.732	36.6549515886832
365	588.426	18.6935739944305
365	593.121	37.2917079702014
365	597.819	22.1880860866207
365	602.519	20.9807914798885
365	607.221	7.52377566130557
365	611.924	9.00610278283939
365	616.63	14.5040867258398
365	621.338	32.0911332480278
365	626.047	15.0455201213786
365	630.758	8.48201956242245
365	635.471	37.7184600935793
365	640.186	15.9482085234879
365	644.903	-21.1900303534987
365	649.621	22.7093947557573
365	654.341	-8.2918523613646
365	659.063	23.2557777044409
365	663.787	-6.91258196407756
365	668.512	28.5234109160031
365	673.238	23.5931285302168
365	677.967	32.7547711365215
365	682.696	30.201976701384
365	687.428	11.4502207489799
365	692.16	7.56874945349388
365	696.895	28.7984651507015
365	701.63	1.01072083696893
365	706.367	10.1344240040615
365	711.106	6.15428695638106
365	715.845	13.823959327543
365	720.586	49.1684296999641
365	725.329	56.4900887849588
365	730.072	135.588140431181
365	734.817	160.419211097721
365	739.563	118.386143403555
365	744.31	56.7215654904389
365	749.058	15.415344149787
365	753.808	-12.3290853387507
365	758.558	24.3578349903078
365	763.31	15.9109430813168
365	768.062	7.85011985639158
365	772.815	-16.0442728437625
365	777.57	-14.3791895344601
365	782.325	22.7223107592842
365	787.081	-21.2411109428099
365	791.838	10.8224511766508
365	796.596	7.64194969485376
365	801.355	-16.100305141991
365	806.114	-20.1240553300948
365	810.875	-12.8067796150153
365	815.635	-8.41747506388288
365	820.397	16.1033109627507
365	825.159	3.29971398148098
360	248.336	11.333887987814
360	252.814	13.5658415422868
360	257.296	-9.94770310757679
360	261.781	-2.18956508418179
360	266.271	10.2834457640364
360	270.764	-0.895603731134771
360	275.26	21.4440249355813
360	279.76	-2.96696701196475
360	284.264	7.69956411409456
360	288.772	10.3530309884975
360	293.283	18.7338793256652
360	297.797	20.6231694753777
360	302.315	16.0615772617426
360	306.837	33.4091345802234
360	311.362	15.6496015531882
360	315.89	32.6561939108843
360	320.422	66.1193310296872
360	324.958	122.099979077968
360	329.496	207.897940999823
360	334.038	296.331001357881
360	338.584	410.682866834677
360	343.133	577.227584912809
360	347.685	471.914389273668
360	352.24	472.551880695498
360	356.799	7852.69813632552
360	361.361	11.8145856690244
360	365.926	7680.55461712927
360	370.495	403.240714943444
360	375.067	68.2159599539904
360	379.641	62.0783838385523
360	384.219	59.0843569364434
360	388.801	71.0017696005922
360	393.385	68.5974175511048
360	397.972	73.8042280869573
360	402.562	44.447381877235
360	407.156	14.4863165162913
360	411.752	-21.9892525588511
360	416.352	38.7387185159339
360	420.954	120.011348327618
360	425.56	143.463513690854
360	430.168	162.28531338083
360	434.779	162.434249102117
360	439.393	196.612134638913
360	444.01	192.190128174095
360	448.63	196.464346022695
360	453.253	181.697914606674
360	457.878	169.929820694408
360	462.506	181.070625219229
360	467.137	173.337292736445
360	471.771	165.351784168499
360	476.407	155.166090352555
360	481.047	137.94854081801
360	485.688	150.397931829817
360	490.333	160.792569272632
360	494.979	135.015692664178
360	499.629	132.083846731732
360	504.281	122.570349726719
360	508.936	100.493133506856
360	513.593	116.45573178061
360	518.252	98.9001350301786
360	522.914	90.6369870951294
360	527.579	62.3282401660205
360	532.245	68.3247969601446
360	536.915	61.1351386447444
360	541.586	44.3437486899829
360	546.26	70.8842180844411
360	550.936	45.4748650864382
360	555.615	53.7732302759195
360	560.296	50.1282457461019
360	564.979	32.3407899814311
360	569.664	61.7162689987264
360	574.351	36.5571275163814
360	579.04	60.3963913974791
360	583.732	30.1314570903421
360	588.426	32.7145911445755
360	593.121	36.4038618903278
360	597.819	17.2266583742543
360	602.519	22.0414678351632
360	607.221	-0.267971316347609
360	611.924	17.1237456587035
360	616.63	34.902511971199
360	621.338	24.5972433391574
360	626.047	31.4767980978966
360	630.758	20.1398093375813
360	635.471	22.9448143814248
360	640.186	10.0291876852221
360	644.903	-1.1830111191827
360	649.621	14.8073889779022
360	654.341	-8.5859444681738
360	659.063	25.6891576909182
360	663.787	-8.46503028917034
360	668.512	21.8233575246973
360	673.238	13.3655909024817
360	677.967	16.9949977844997
360	682.696	32.737449891601
360	687.428	19.9132359077581
360	692.16	2.96558434450309
360	696.895	7.60732609813518
360	701.63	15.6744939227121
360	706.367	11.4762554134523
360	711.106	14.6725804476607
360	715.845	128.328125156205
360	720.586	318.866581273971
360	725.329	408.199330047511
360	730.072	260.350639240176
360	734.817	99.6940423211777
360	739.563	8.62402895562578
360	744.31	10.1502328566872
360	749.058	1.46878342975309
360	753.808	-17.1606481160986
360	758.558	10.6320210642798
360	763.31	15.4902659255584
360	768.062	-9.76331015857245
360	772.815	-29.6922813484946
360	777.57	9.97510702468491
360	782.325	6.48022450974664
360	787.081	-25.3668206224146
360	791.838	-18.6929281924116
360	796.596	10.5823875574132
360	801.355	1.46867998201373
360	806.114	-26.291364347662
360	810.875	-0.729907238415828
360	815.635	9.87061380164298
360	820.397	-20.0750438384398
360	825.159	-13.1327082638085
355	248.336	17.6795619950322
355	252.814	9.50947797166664
355	257.296	0.421911095302107
355	261.781	-1.30517308887979
355	266.271	8.82238776109027
355	270.764	18.9932074697444
355	275.26	35.0105317066894
355	279.76	-11.3550792803072
355	284.264	-23.2116985933542
355	288.772	9.44257003899429
355	293.283	11.5844260918418
355	297.797	27.3569762535457
355	302.315	25.1346930663227
355	306.837	24.7179937764585
355	311.362	4.43322973944373
355	315.89	105.501255820465
355	320.422	162.260244775597
355	324.958	258.758636523919
355	329.496	426.849229364744
355	334.038	730.610860926389
355	338.584	813.204796356738
355	343.133	483.502690144607
355	347.685	686.484857319609
355	352.24	13458.1084002758
355	356.799	-14.2593627623792
355	361.361	8585.47202202723
355	365.926	337.909015950221
355	370.495	25.6364030899456
355	375.067	44.5103579391924
355	379.641	68.6451628598414
355	384.219	83.0484133691377
355	388.801	66.9005799720826
355	393.385	85.0342403816302
355	397.972	52.5883299224365
355	402.562	-34.842589825872
355	407.156	-8.36090671125658
355	411.752	68.160355666527
355	416.352	112.297913252536
355	420.954	154.38740487269
355	425.56	152.602231986813
355	430.168	174.056739340773
355	434.779	181.088687616361
355	439.393	189.754574146636
355	444.01	182.734000385679
355	448.63	173.248783275275
355	453.253	187.840926720898
355	457.878	174.041187527528
355	462.506	200.245025910229
355	467.137	183.664541857722
355	471.771	161.508643847477
355	476.407	158.267411556609
355	481.047	148.508352970765
355	485.688	147.505386717442
355	490.333	166.089836269677
355	494.979	142.893204452482
355	499.629	125.419186253174
355	504.281	116.532178116284
355	508.936	90.498276000089
355	513.593	134.103986431344
355	518.252	94.4628440056739
355	522.914	94.1575794926627
355	527.579	74.7754689067853
355	532.245	67.2183197148333
355	536.915	70.0084220650964
355	541.586	59.5458374320011
355	546.26	63.7070518684204
355	550.936	58.6063243847389
355	555.615	44.2048144328143
355	560.296	43.6313477143037
355	564.979	42.2216309437008
355	569.664	67.9588299215735
355	574.351	14.3850417253315
355	579.04	34.0474141100218
355	583.732	35.0628355572811
355	588.426	22.6946343611467
355	593.121	27.6428636571552
355	597.819	14.5751902783215
355	602.519	41.9019288959279
355	607.221	27.1740027085773
355	611.924	0.549257429920996
355	616.63	23.2616909833095
355	621.338	23.7289102229356
355	626.047	9.40740002235406
355	630.758	44.9680669740538
355	635.471	17.1359311744983
355	640.186	10.184960978298
355	644.903	23.8392078633116
355	649.621	27.7616476213423
355	654.341	-6.6768366729495
355	659.063	28.4304721567585
355	663.787	-4.96446758616899
355	668.512	22.1799613644933
355	673.238	16.0282757063359
355	677.967	19.3090510196471
355	682.696	13.1207936439462
355	687.428	9.98394704563196
355	692.16	1.93408856930239
355	696.895	17.6107041819389
355	701.63	64.1473437696943
355	706.367	279.297967513617
355	711.106	510.282464672906
355	715.845	567.895075299004
355	720.586	316.882066932719
355	725.329	106.345552000242
355	730.072	31.6251824918216
355	734.817	23.1011871812083
355	739.563	13.4498831341298
355	744.31	37.9410914759373
355	749.058	5.06017075967981
355	753.808	-21.7476237441654
355	758.558	16.8861561329765
355	763.31	1.14826477040178
355	768.062	-7.73371618523819
355	772.815	-41.3224012140728
355	777.57	-3.15466920865981
355	782.325	3.19809095841985
355	787.081	-26.2912951957271
355	791.838	-4.51625478570896
355	796.596	1.25165560781644
355	801.355	-14.0785961185431
355	806.114	-28.8787094368913
355	810.875	-11.9167416060869
355	815.635	5.40494276829484
355	820.397	-27.7952689859965
355	825.159	18.7598149795204
350	248.336	6.42741828575545
350	252.814	1.28303691278642
350	257.296	-19.4638476209444
350	261.781	-9.87530551931855
350	266.271	-8.29720836320996
350	270.764	-10.4868494772963
350	275.26	16.254014423896
350	279.76	-4.9899598936399
350	284.264	-11.0813155839733
350	288.772	14.5931193639087
350	293.283	6.81517293547582
350	297.797	-5.20763087065906
350	302.315	2.72753013985385
350	306.837	20.0564439394541
350	311.362	27.5013888838214
350	315.89	125.48897486829
350	320.422	152.867492940481
350	324.958	160.544962602641
350	329.496	153.709832735219
350	334.038	153.260577487235
350	338.584	90.5994085354371
350	343.133	200.348644245896
350	347.685	2875.31893865144
350	352.24	-6.22276517840146
350	356.799	3091.79428354016
350	361.361	153.517670322789
350	365.926	13.3926254993087
350	370.495	35.4176642369349
350	375.067	29.045626712176
350	379.641	62.685791952224
350	384.219	70.2912440566276
350	388.801	68.2900240495045
350	393.385	-7.46112089168219
350	397.972	-27.0279050890881
350	402.562	-52.6107333441623
350	407.156	96.0202371929228
350	411.752	147.837908120728
350	416.352	150.441469879879
350	420.954	177.846376745671
350	425.56	173.082417072286
350	430.168	184.036269079491
350	434.779	184.405111222288
350	439.393	214.386256633794
350	444.01	210.622747891916
350	448.63	183.304987892869
350	453.253	189.275148316999
350	457.878	195.187739301085
350	462.506	182.058041512556
350	467.137	166.105731112104
350	471.771	172.108754421333
350	476.407	154.129664914279
350	481.047	157.394597629879
350	485.688	141.002345116107
350	490.333	149.169283563479
350	494.979	138.666160301178
350	499.629	132.543194275965
350	504.281	118.048021694411
350	508.936	101.159099523597
350	513.593	114.551897060699
350	518.252	73.7114705358136
350	522.914	76.1935408683698
350	527.579	60.1728617310881
350	532.245	59.2378257982035
350	536.915	83.482742202207
350	541.586	61.4047219463432
350	546.26	67.7807137169404
350	550.936	46.1962161771324
350	555.615	41.7375898471344
350	560.296	39.1399114944059
350	564.979	39.7499440119507
350	569.664	54.1571400281908
350	574.351	28.9933713578233
350	579.04	49.1051131767703
350	583.732	31.2819213199778
350	588.426	20.3454165361447
350	593.121	22.8371384139545
350	597.819	0.801730996482295
350	602.519	30.1561114106856
350	607.221	2.44534426779264
350	611.924	25.2349496917848
350	616.63	24.6841116500358
350	621.338	36.0586452017285
350	626.047	14.6754481334277
350	630.758	15.9736820916387
350	635.471	26.1567166447182
350	640.186	13.8228328803806
350	644.903	12.8157137588878
350	649.621	10.3385993729305
350	654.341	0.900279933429839
350	659.063	24.1995969480541
350	663.787	8.89697706237888
350	668.512	5.25569366637242
350	673.238	13.062500099814
350	677.967	15.6650793401106
350	682.696	20.5911564226303
350	687.428	19.4590301998118
350	692.16	28.8661577937701
350	696.895	82.3446932921182
350	701.63	148.494218058007
350	706.367	173.669768894804
350	711.106	114.893004218792
350	715.845	38.0667864579218
350	720.586	36.809764252062
350	725.329	10.9387181925997
350	730.072	6.53545152131061
350	734.817	3.4641003413328
350	739.563	26.2811054064225
350	744.31	35.061864297386
350	749.058	-7.15532382416434
350	753.808	-17.504166058858
350	758.558	30.0752206773719
350	763.31	8.33196942408631
350	768.062	20.2608658734547
350	772.815	-18.3371920944202
350	777.57	-4.67771300354508
350	782.325	-12.6663898001109
350	787.081	-34.5479881846474
350	791.838	-10.5568104340893
350	796.596	26.4729743780367
350	801.355	-22.8518932134619
350	806.114	-28.9223071512788
350	810.875	5.71338362044297
350	815.635	-1.07109095212165
350	820.397	-5.35595856765277
350	825.159	0.357149776776192
345	248.336	23.1947441402569
345	252.814	20.0883631133173
345	257.296	8.45944689096704
345	261.781	-0.426369539786242
345	266.271	4.36848970022755
345	270.764	21.3969243731784
345	275.26	16.6734330148544
345	279.76	-13.7058760410939
345	284.264	-3.55284782578068
345	288.772	17.5793652846573
345	293.283	44.8076786175517
345	297.797	18.7459148000381
345	302.315	11.6000658109197
345	306.837	40.8045681209007
345	311.362	91.3283314767165
345	315.89	125.502384774431
345	320.422	150.826265371938
345	324.958	137.412678781701
345	329.496	127.327030238841
345	334.038	133.166650715935
345	338.584	196.692378062902
345	343.133	3389.39392591485
345	347.685	-3.95003704091141
345	352.24	2436.34889701313
345	356.799	63.4101609442735
345	361.361	31.9161992456741
345	365.926	24.5753990077477
345	370.495	22.8982871283484
345	375.067	38.611030838574
345	379.641	55.2408012097
345	384.219	64.3662086078136
345	388.801	15.2886722398562
345	393.385	-80.9965031549737
345	397.972	33.0419663336972
345	402.562	103.184450113758
345	407.156	164.922470608125
345	411.752	181.655160666492
345	416.352	159.339290214528
345	420.954	183.13175427025
345	425.56	175.48030836843
345	430.168	204.989258076084
345	434.779	193.292314258971
345	439.393	210.176883949935
345	444.01	195.199980393442
345	448.63	214.50117658042
345	453.253	199.296770084315
345	457.878	197.635174491761
345	462.506	200.845903886333
345	467.137	175.834273348033
345	471.771	170.991213968179
345	476.407	147.547404412819
345	481.047	158.528514613378
345	485.688	157.309659572339
345	490.333	158.52337416631
345	494.979	122.651106175652
345	499.629	130.721134996945
345	504.281	111.77300481609
345	508.936	105.03704081425
345	513.593	122.560211298091
345	518.252	84.3935715498705
345	522.914	85.8420923663874
345	527.579	62.559380432739
345	532.245	72.5421612216031
345	536.915	71.4387860314695
345	541.586	57.1566514809179
345	546.26	43.8295434131487
345	550.936	54.1947954767375
345	555.615	51.2574412718366
345	560.296	45.4215771683152
345	564.979	27.7599961782812
345	569.664	53.3495105619362
345	574.351	28.7159376731171
345	579.04	44.1116239323538
345	583.732	35.9907959955069
345	588.426	33.2693549846461
345	593.121	35.824392408585
345	597.819	32.5695709576208
345	602.519	39.0137992905399
345	607.221	5.97442298013593
345	611.924	26.0399248888647
345	616.63	32.9824642366958
345	621.338	25.417628420073
345	626.047	13.2573980573135
345	630.758	9.97668020700251
345	635.471	41.6493328301524
345	640.186	-4.88988276971338
345	644.903	-1.45143561399209
345	649.621	23.6137417238969
345	654.341	-4.49164453111629
345	659.063	43.5291318154776
345	663.787	3.68328103252143
345	668.512	30.5884936924827
345	673.238	17.4087258562427
345	677.967	16.9115203063422
345	682.696	25.3438753902309
345	687.428	88.0596025417298
345	692.16	231.872830000077
345	696.895	177.954028768599
345	701.63	87.6236561932087
345	706.367	12.8613954349936
345	711.106	17.3056173377179
345	715.845	11.7828936222933
345	720.586	34.421174043148
345	725.329	-0.681894773781091
345	730.072	18.5607208340801
345	734.817	11.4257149896651
345	739.563	23.4616743063422
345	744.31	22.2965377841559
345	749.058	25.7421412033982
345	753.808	-34.9816137808168
345	758.558	14.8416068675858
345	763.31	17.7852903131279
345	768.062	14.52233779057
345	772.815	-9.53708644924563
345	777.57	5.06840345042029
345	782.325	11.0816237815731
345	787.081	-4.05398478247461
345	791.838	13.398277249287
345	796.596	-1.64922629617809
345	801.355	-11.4141702422903
345	806.114	-50.3066375474954
345	810.875	5.35281733922788
345	815.635	-22.4774570730919
345	820.397	-2.85431173566998
345	825.159	12.8466248719074
340	248.336	18.7252605127961
340	252.814	7.76610784438366
340	257.296	-0.439286010201513
340	261.781	19.0433437717251
340	266.271	19.8069698500122
340	270.764	2.18871872661668
340	275.26	33.2070079425492
340	279.76	-7.99275516502394
340	284.264	35.5126275610543
340	288.772	8.27553805164266
340	293.283	1.40990201894621
340	297.797	35.6417678460725
340	302.315	52.7712961592616
340	306.837	98.7937522079017
340	311.362	127.673706706965
340	315.89	153.17940461039
340	320.422	154.81756072354
340	324.958	110.243746106717
340	329.496	111.819132006688
340	334.038	387.497036449455
340	338.584	4116.49755653978
340	343.133	4.77962318143909
340	347.685	1878.98869535363
340	352.24	27.1754207667346
340	356.799	28.3935652366791
340	361.361	42.4502370800313
340	365.926	30.2209285910124
340	370.495	48.9726365990037
340	375.067	68.7986030741909
340	379.641	40.0217115818273
340	384.219	-58.2825434368806
340	388.801	-48.3193751685285
340	393.385	75.5339327260301
340	397.972	155.342384159915
340	402.562	125.949961900372
340	407.156	196.964981491216
340	411.752	210.09738817072
340	416.352	191.254014273808
340	420.954	212.941881352944
340	425.56	192.0059673136
340	430.168	222.611116286716
340	434.779	212.976938384744
340	439.393	224.145887084938
340	444.01	218.1031175535
340	448.63	210.63293172974
340	453.253	199.548252409779
340	457.878	202.053889274444
340	462.506	186.958916142287
340	467.137	170.832010419428
340	471.771	173.328297579951
340	476.407	149.156606624134
340	481.047	166.758670885743
340	485.688	145.967270858305
340	490.333	149.943915036957
340	494.979	121.521557727236
340	499.629	133.18383038851
340	504.281	123.066070553699
340	508.936	87.8319846929422
340	513.593	112.567479914195
340	518.252	94.7795615036988
340	522.914	85.6548561786807
340	527.579	62.8820973558321
340	532.245	60.230847220166
340	536.915	71.6002004217723
340	541.586	66.1825612841572
340	546.26	67.3509755293169
340	550.936	57.4846918976965
340	555.615	44.1181379145182
340	560.296	45.8389396402038
340	564.979	34.4281055600826
340	569.664	61.6159736976508
340	574.351	33.1548679246143
340	579.04	43.4697201606548
340	583.732	39.5074361105318
340	588.426	25.3156980724428
340	593.121	40.1827609383893
340	597.819	-4.05572561978288
340	602.519	20.3689665325978
340	607.221	9.03659887443713
340	611.924	13.5522966666463
340	616.63	39.1716770701697
340	621.338	7.04578623600869
340	626.047	2.83615087204658
340	630.758	0.275743409131639
340	635.471	22.6112350861941
340	640.186	-0.0116432707621534
340	644.903	9.98570572491187
340	649.621	29.1931225262926
340	654.341	-1.2294513407973
340	659.063	39.9629526473448
340	663.787	9.88097713629217
340	668.512	26.485011039885
340	673.238	46.0233333547973
340	677.967	133.608043081209
340	682.696	236.085977486557
340	687.428	213.959300573309
340	692.16	104.170012518835
340	696.895	16.2163293584356
340	701.63	5.23463802550607
340	706.367	-7.31305665743385
340	711.106	-10.088469299031
340	715.845	22.7667686455296
340	720.586	22.8295303277521
340	725.329	5.16893673013961
340	730.072	20.8104656159437
340	734.817	14.3256752967369
340	739.563	10.6057976112563
340	744.31	15.0017369803758
340	749.058	5.77019272374817
340	753.808	-2.21019973559651
340	758.558	3.74644156602781
340	763.31	9.16124970217854
340	768.062	-18.5496695152824
340	772.815	-20.0876405735538
340	777.57	9.79699506549025
340	782.325	27.1331362925406
340	787.081	-18.4580996577959
340	791.838	4.90968901510628
340	796.596	-8.34415369697432
340	801.355	-5.77627380838641
340	806.114	-37.8315340930461
340	810.875	8.99914788871816
340	815.635	8.63463430340451
340	820.397	-6.11810060575712
340	825.159	-3.96711171105716
335	248.336	12.1353227092922
335	252.814	15.4131520795726
335	257.296	-15.2434235066579
335	261.781	16.3622279390277
335	266.271	18.4421416540373
335	270.764	-1.34344647842147
335	275.26	4.85050421534971
335	279.76	9.00108939328663
335	284.264	11.4178502106691
335	288.772	13.1085927581982
335	293.283	43.2373817442821
335	297.797	56.9008222726085
335	302.315	82.5691492345998
335	306.837	156.566962101309
335	311.362	136.791147741657
335	315.89	186.237510483969
335	320.422	177.089033629802
335	324.958	116.331823710625
335	329.496	524.491688644544
335	334.038	606.33540026001
335	338.584	-11.4404995403129
335	343.133	1523.43621456007
335	347.685	69.6220657862535
335	352.24	-1.80924284074274
335	356.799	39.1085173055404
335	361.361	47.0071420832759
335	365.926	62.8459929295759
335	370.495	42.6249568411448
335	375.067	-24.6451414708802
335	379.641	-115.686763132806
335	384.219	-20.8755705091589
335	388.801	120.824034525044
335	393.385	168.062768280764
335	397.972	183.730501546255
335	402.562	194.085646239596
335	407.156	216.569869594044
335	411.752	249.152680779744
335	416.352	221.299792675425
335	420.954	229.718946354437
335	425.56	243.475246020876
335	430.168	242.802033882849
335	434.779	237.423431748074
335	439.393	248.417823885366
335	444.01	225.443988507611
335	448.63	231.869247652889
335	453.253	225.725928479894
335	457.878	210.809149690489
335	462.506	199.314871792713
335	467.137	181.696478393759
335	471.771	198.370863022994
335	476.407	155.113515871026
335	481.047	163.346736260918
335	485.688	140.583852235698
335	490.333	143.08440289199
335	494.979	136.887095896853
335	499.629	116.328327018629
335	504.281	128.958632452343
335	508.936	97.5597875445592
335	513.593	118.455368618477
335	518.252	83.4401132316777
335	522.914	87.7005686225261
335	527.579	59.7134072972812
335	532.245	61.9984614883982
335	536.915	78.9052537022476
335	541.586	64.2489908739844
335	546.26	50.0350583645785
335	550.936	49.3761014625089
335	555.615	47.3770802802707
335	560.296	49.6620112224915
335	564.979	45.654440234898
335	569.664	54.1799069325421
335	574.351	35.4512372952942
335	579.04	56.7487432158735
335	583.732	24.3629863351816
335	588.426	10.8838038557619
335	593.121	46.2085977352387
335	597.819	7.97790531741984
335	602.519	37.981491437262
335	607.221	20.9816430782686
335	611.924	22.3143416039884
335	616.63	28.8438085271517
335	621.338	16.1175441786248
335	626.047	5.52378418886036
335	630.758	24.0847353633203
335	635.471	23.0883648302346
335	640.186	10.0878619129805
335	644.903	23.0991553668327
335	649.621	23.1202805652533
335	654.341	13.2904974744065
335	659.063	32.0868209175107
335	663.787	43.3173457394522
335	668.512	186.029796535636
335	673.238	226.944486984749
335	677.967	231.802197400404
335	682.696	106.417605344658
335	687.428	13.4828415670613
335	692.16	-7.59256490696533
335	696.895	14.2972734271172
335	701.63	1.67967980594367
335	706.367	16.6251003530968
335	711.106	4.80050628261317
335	715.845	24.9734381843088
335	720.586	18.7754167311285
335	725.329	11.6176498700991
335	730.072	18.0639874248625
335	734.817	14.6258359118461
335	739.563	28.5057912769277
335	744.31	30.6333289981685
335	749.058	-2.57524396305499
335	753.808	-28.1539415198197
335	758.558	-8.40228545770236
335	763.31	-2.33085704320864
335	768.062	8.27884937280081
335	772.815	-24.7724997888915
335	777.57	2.81225672261049
335	782.325	-14.6688745349926
335	787.081	-37.2464894007244
335	791.838	26.339136021797
335	796.596	6.81540823505751
335	801.355	-0.365703020062359
335	806.114	-11.7641258826356
335	810.875	-8.45279561139804
335	815.635	-0.735209444689937
335	820.397	-17.2792532190783
335	825.159	5.88611286284559
330	248.336	5.72237196424148
330	252.814	-1.363383224408
330	257.296	1.81496425990064
330	261.781	5.51145994032557
330	266.271	15.8658997300242
330	270.764	19.6020350930355
330	275.26	11.4267034619285
330	279.76	-18.1943161470101
330	284.264	14.3865855483117
330	288.772	30.4037607295687
330	293.283	94.6655988902992
330	297.797	119.123944909119
330	302.315	149.726431130981
330	306.837	171.089247489683
330	311.362	194.062589331084
330	315.89	151.861385044975
330	320.422	161.185632840738
330	324.958	976.140483253749
330	329.496	6.74597618857297
330	334.038	19.0451791068444
330	338.584	1208.03214679631
330	343.133	56.6340947086641
330	347.685	15.4256859943919
330	352.24	16.4089692658718
330	356.799	48.418096602358
330	361.361	94.6771086921648
330	365.926	-3.38283457718683
330	370.495	-137.620493800084
330	375.067	-173.033087697084
330	379.641	21.2237688152049
330	384.219	189.58986264808
330	388.801	208.240349083499
330	393.385	217.993633431844
330	397.972	224.788319780944
330	402.562	191.896197792797
330	407.156	265.575390795305
330	411.752	262.144600250648
330	416.352	284.36472901495
330	420.954	279.52828623878
330	425.56	254.860699344
330	430.168	255.580398393375
330	434.779	253.201040770542
330	439.393	266.294505959355
330	444.01	226.615615097612
330	448.63	243.81231718848
330	453.253	227.118506183148
330	457.878	219.977592656615
330	462.506	206.135476782477
330	467.137	194.881024965823
330	471.771	201.691273926239
330	476.407	184.811204262789
330	481.047	169.117744721716
330	485.688	158.525067717727
330	490.333	149.172738304602
330	494.979	128.390636904464
330	499.629	125.918978639723
330	504.281	118.896720640275
330	508.936	95.63454824897
330	513.593	106.596711217837
330	518.252	86.2640013048117
330	522.914	79.8035449264975
330	527.579	50.0049336046224
330	532.245	74.1395613241213
330	536.915	87.3098433436291
330	541.586	85.1249532852457
330	546.26	58.5369486976313
330	550.936	63.8002447409099
330	555.615	30.8759289729533
330	560.296	52.0370668224742
330	564.979	53.0559432193768
330	569.664	69.0597223463273
330	574.351	34.2763973893203
330	579.04	45.7377931658696
330	583.732	31.1570565797189
330	588.426	20.8783639848895
330	593.121	28.9218582295554
330	597.819	0.85924889490815
330	602.519	37.6604464827736
330	607.221	10.7368837347075
330	611.924	23.4317644146207
330	616.63	23.3959377916858
330	621.338	16.1181913864865
330	626.047	17.1802512563295
330	630.758	23.759808005204
330	635.471	26.7070490808073
330	640.186	13.2340361148355
330	644.903	21.4678356819934
330	649.621	23.0374665061242
330	654.341	80.4610601817366
330	659.063	265.367429825553
330	663.787	324.927367510392
330	668.512	289.068122101382
330	673.238	114.996494973322
330	677.967	30.1218309123023
330	682.696	12.8555235025135
330	687.428	-8.16871165266102
330	692.16	-0.682416521704905
330	696.895	3.44837486984288
330	701.63	14.9510800912692
330	706.367	4.2212905417242
330	711.106	15.6477779749513
330	715.845	16.5430793081409
330	720.586	44.3501392085216
330	725.329	12.0443066371027
330	730.072	20.5684777598229
330	734.817	22.196815930827
330	739.563	6.36883659615236
330	744.31	27.6149389144049
330	749.058	11.4716266266611
330	753.808	-28.0201501332339
330	758.558	0.800275900044941
330	763.31	3.64099501404569
330	768.062	22.4540247948923
330	772.815	-2.03720460087996
330	777.57	20.8104950805317
330	782.325	21.1284222323963
330	787.081	-23.4351669059907
330	791.838	-4.33299492886964
330	796.596	27.3818316994946
330	801.355	-10.6702133272185
330	806.114	-47.2697313198191
330	810.875	-8.38701449437045
330	815.635	-7.62269408975292
330	820.397	-18.6787397075479
330	825.159	10.6757662411844
325	248.336	34.1360133214058
325	252.814	7.2269931489446
325	257.296	0.0316705898076037
325	261.781	5.81069546154484
325	266.271	6.41516691093694
325	270.764	10.8323235338152
325	275.26	62.5385657530407
325	279.76	8.9351632264588
325	284.264	34.3887215713507
325	288.772	94.8651474947125
325	293.283	133.38927081133
325	297.797	157.681820854657
325	302.315	147.126034615617
325	306.837	155.121204917843
325	311.362	135.448287859762
325	315.89	154.438449038154
325	320.422	1527.10935915913
325	324.958	21.9799659646196
325	329.496	15.1374314401874
325	334.038	828.92451949094
325	338.584	28.0500798252407
325	343.133	63.7430537479304
325	347.685	6.65000811350887
325	352.24	43.9603613483844
325	356.799	38.7143663756683
325	361.361	-82.8975290261726
325	365.926	-223.730983048016
325	370.495	-147.071225476156
325	375.067	33.273475149402
325	379.641	202.771442529082
325	384.219	236.730967048021
325	388.801	242.581016346766
325	393.385	241.984454843583
325	397.972	254.048838071411
325	402.562	219.768890538289
325	407.156	278.657489068856
325	411.752	284.340953517121
325	416.352	274.637018198735
325	420.954	310.031641508552
325	425.56	279.67764835753
325	430.168	296.541877106407
325	434.779	284.445363292165
325	439.393	286.522226614643
325	444.01	264.574051475632
325	448.63	268.290170639081
325	453.253	257.022645519229
325	457.878	236.280357046112
325	462.506	228.284891466118
325	467.137	212.594961019859
325	471.771	214.069816109301
325	476.407	196.010373778098
325	481.047	174.453671472656
325	485.688	161.337758879477
325	490.333	165.19667732082
325	494.979	152.275294466618
325	499.629	113.103367213012
325	504.281	122.414315951417
325	508.936	112.636127270432
325	513.593	130.719029962767
325	518.252	88.0938104881254
325	522.914	79.1229717645845
325	527.579	60.3032416589429
325	532.245	64.4245362995772
325	536.915	79.0019287825619
325	541.586	60.6934954690177
325	546.26	60.2438779404489
325	550.936	51.0954229818537
325	555.615	50.6068395096808
325	560.296	32.3699468585032
325	564.979	47.8500289356877
325	569.664	69.5471722437936
325	574.351	27.0759077688639
325	579.04	46.692366997889
325	583.732	20.6921901188344
325	588.426	33.5686546064187
325	593.121	37.6144418579048
325	597.819	6.31233926948729
325	602.519	16.3487348665766
325	607.221	10.3946639690895
325	611.924	8.94927913841179
325	616.63	32.4367441796279
325	621.338	22.9537183356706
325	626.047	14.2978976187715
325	630.758	25.0410063551251
325	635.471	19.4171128086887
325	640.186	30.1546485709194
325	644.903	120.420419258176
325	649.621	300.835245808983
325	654.341	361.04406422341
325	659.063	253.280514863294
325	663.787	60.5840052524024
325	668.512	51.112016533418
325	673.238	32.1724946801372
325	677.967	-3.15388509670527
325	682.696	7.84665437392341
325	687.428	10.4119174892263
325	692.16	-5.03920611634562
325	696.895	15.6107367898081
325	701.63	18.6763517723824
325	706.367	-0.372768725686873
325	711.106	11.6122668736375
325	715.845	13.6355979630009
325	720.586	39.1092725748932
325	725.329	3.47703045594088
325	730.072	18.2089739269446
325	734.817	6.65787384593651
325	739.563	3.18607494920041
325	744.31	35.8433879972915
325	749.058	14.8908494004574
325	753.808	-29.5144841998917
325	758.558	14.6098078586005
325	763.31	13.6195888595262
325	768.062	22.3528064596412
325	772.815	-23.6112574379729
325	777.57	19.7155673820251
325	782.325	12.0131076580747
325	787.081	-25.589568966955
325	791.838	22.3699445687611
325	796.596	12.0925819545806
325	801.355	-18.4592747880101
325	806.114	-18.4574930610575
325	810.875	-12.0380086894315
325	815.635	-14.0405201819177
325	820.397	1.20533760843973
325	825.159	21.2785591610209
320	248.336	39.7491072699921
320	252.814	23.2851059929949
320	257.296	-1.03907648360867
320	261.781	-5.12082498503376
320	266.271	24.781602243694
320	270.764	8.24280373042195
320	275.26	44.5225306335052
320	279.76	54.473417429811
320	284.264	138.897304750938
320	288.772	166.176704709072
320	293.283	195.765535049456
320	297.797	150.471953056832
320	302.315	124.695085020005
320	306.837	156.572835371394
320	311.362	166.68755597064
320	315.89	1936.99901987126
320	320.422	2.08912862991929
320	324.958	-11.1089090859823
320	329.496	641.594354555011
320	334.038	57.8421359018588
320	338.584	9.43812328387219
320	343.133	83.6614154201416
320	347.685	51.6780010246742
320	352.24	17.5826486712941
320	356.799	-172.213956841498
320	361.361	-236.152250851117
320	365.926	-70.7122394077032
320	370.495	78.1970418981493
320	375.067	144.483537217545
320	379.641	221.454050337585
320	384.219	243.083276441678
320	388.801	265.579649568037
320	393.385	252.976806201985
320	397.972	275.441095451143
320	402.562	246.522785232181
320	407.156	297.438901503757
320	411.752	301.276642799108
320	416.352	310.282371352257
320	420.954	323.231106400023
320	425.56	300.242887396576
320	430.168	305.883348992474
320	434.779	297.696456659843
320	439.393	326.916485249226
320	444.01	275.858412128636
320	448.63	254.870108104633
320	453.253	249.787988848537
320	457.878	252.878746454284
320	462.506	238.958482050461
320	467.137	222.467920747311
320	471.771	205.935893362937
320	476.407	188.184740541508
320	481.047	194.084548835773
320	485.688	170.256730350705
320	490.333	173.752133882421
320	494.979	140.361306058057
320	499.629	150.831818542678
320	504.281	118.97122143097
320	508.936	120.687561331277
320	513.593	127.556805840786
320	518.252	103.222949904975
320	522.914	99.4485203645999
320	527.579	70.9741227351717
320	532.245	65.8509987629527
320	536.915	89.5997489651014
320	541.586	69.5192732402985
320	546.26	75.5710853126715
320	550.936	57.9975680827194
320	555.615	60.1601441482591
320	560.296	39.4746719252382
320	564.979	33.786688970164
320	569.664	47.4282670717006
320	574.351	15.3220022071421
320	579.04	47.3350616430166
320	583.732	66.0178640728368
320	588.426	27.5360874245948
320	593.121	45.3000607422407
320	597.819	33.5417027661987
320	602.519	27.4243946331058
320	607.221	26.6952124790167
320	611.924	46.1264450943174
320	616.63	45.9701016912953
320	621.338	43.6806055641105
320	626.047	35.0630536009823
320	630.758	51.6223079378186
320	635.471	170.820207075302
320	640.186	384.08816474594
320	644.903	484.482275424909
320	649.621	281.870592850528
320	654.341	101.343913636309
320	659.063	34.7324688508032
320	663.787	1.44112041955977
320	668.512	26.733977563368
320	673.238	12.1522164515068
320	677.967	13.3447450919066
320	682.696	-1.13570023907049
320	687.428	10.1907564966878
320	692.16	6.82984652769976
320	696.895	-3.0723881545105
320	701.63	-1.94175077084626
320	706.367	7.02524369717838
320	711.106	5.49672106173039
320	715.845	1.9470292548292
320	720.586	23.9499558714211
320	725.329	24.6380264905022
320	730.072	14.212379886969
320	734.817	26.2354709361766
320	739.563	25.3104277367249
320	744.31	28.5352391802082
320	749.058	22.4702464955964
320	753.808	6.91297109733371
320	758.558	-3.07734058743585
320	763.31	10.3250264776071
320	768.062	18.1146315491965
320	772.815	-2.27504021547855
320	777.57	-0.9252593811514
320	782.325	16.8879525346021
320	787.081	-33.7084488393743
320	791.838	27.4067257894453
320	796.596	45.0866022925378
320	801.355	-30.0482020441336
320	806.114	-49.0869957759241
320	810.875	-18.6190608369741
320	815.635	-20.7338378607412
320	820.397	-29.1923014538222
320	825.159	-17.7789505453537
315	248.336	19.7357645492401
315	252.814	26.8342173565992
315	257.296	26.0313614163792
315	261.781	25.8680584079884
315	266.271	46.0528164846845
315	270.764	76.7852910824259
315	275.26	67.2508371099873
315	279.76	82.2091830429297
315	284.264	167.675163497191
315	288.772	171.235288650834
315	293.283	157.83213042134
315	297.797	173.254917478728
315	302.315	129.904873420949
315	306.837	171.498483918932
315	311.362	2676.07683416074
315	315.89	28.8470905406757
315	320.422	503.626736440001
315	324.958	472.761764918379
315	329.496	62.9239706411633
315	334.038	92.0772350175081
315	338.584	45.5723582697888
315	343.133	59.8905405563579
315	347.685	-78.8769951076081
315	352.24	-325.845442432703
315	356.799	-303.455884885022
315	361.361	-42.1870174618014
315	365.926	110.738829051311
315	370.495	150.895227696602
315	375.067	188.60577210289
315	379.641	257.185527478475
315	384.219	253.027411067779
315	388.801	290.597454328159
315	393.385	256.887222651276
315	397.972	281.409314887113
315	402.562	242.119661759065
315	407.156	293.532952750083
315	411.752	335.303052840383
315	416.352	314.356823572391
315	420.954	320.844438015468
315	425.56	303.570784653129
315	430.168	312.922249275754
315	434.779	309.411230183545
315	439.393	304.625716055647
315	444.01	311.2751965442
315	448.63	292.989450772378
315	453.253	214.888504266337
315	457.878	170.80801532037
315	462.506	250.792607997322
315	467.137	208.024127608885
315	471.771	219.622922763421
315	476.407	187.98892739662
315	481.047	195.531088898316
315	485.688	171.234068459396
315	490.333	173.027990142316
315	494.979	149.561432947064
315	499.629	142.622574716031
315	504.281	129.390316168178
315	508.936	114.811178383783
315	513.593	144.581781274678
315	518.252	107.138836921261
315	522.914	95.260268968296
315	527.579	62.096658681942
315	532.245	72.780629773522
315	536.915	94.5694537624478
315	541.586	59.9368501909372
315	546.26	64.3825075607436
315	550.936	50.697936115211
315	555.615	42.8946204947418
315	560.296	42.1213921944614
315	564.979	24.3040676095371
315	569.664	70.8181899537108
315	574.351	9.4327972144348
315	579.04	85.1607593793987
315	583.732	36.5980267403417
315	588.426	34.4709800070338
315	593.121	31.6418255405809
315	597.819	0.353219813495127
315	602.519	37.5008313589515
315	607.221	0.377465695839923
315	611.924	28.2437519051824
315	616.63	31.3365917832272
315	621.338	66.3471999248061
315	626.047	204.71141266831
315	630.758	488.968185373606
315	635.471	534.308345109215
315	640.186	284.553996802942
315	644.903	79.0932276298639
315	649.621	37.061997373423
315	654.341	-5.23564514126154
315	659.063	45.8962259474841
315	663.787	-25.376134232781
315	668.512	25.2044816533584
315	673.238	18.341930163293
315	677.967	19.2620828351173
315	682.696	40.915129503363
315	687.428	15.6170128464354
315	692.16	13.6866591969269
315	696.895	-9.28628168711278
315	701.63	-2.40241108952556
315	706.367	-7.37815565963113
315	711.106	0.905717428102861
315	715.845	27.5019101763964
315	720.586	30.9445159718796
315	725.329	18.445089692037
315	730.072	21.1345373201983
315	734.817	19.5550536801662
315	739.563	18.4600109810699
315	744.31	7.99989716944454
315	749.058	-3.13081231867047
315	753.808	0.455164086157604
315	758.558	19.5513957856338
315	763.31	22.3187216945331
315	768.062	17.7411060577168
315	772.815	10.5553263319116
315	777.57	-4.87970057480935
315	782.325	-1.50128325901379
315	787.081	0.509151013432919
315	791.838	15.7829786113372
315	796.596	34.2232265328094
315	801.355	-17.8929177771208
315	806.114	-15.2177711116488
315	810.875	55.5113529242901
315	815.635	8.50455616259959
315	820.397	-5.37591127892343
315	825.159	3.59670488283687
310	248.336	27.3507039802708
310	252.814	37.2715316854264
310	257.296	18.4498802579054
310	261.781	29.4960069554445
310	266.271	9.26667179229787
310	270.764	62.3852370399084
310	275.26	158.239160075908
310	279.76	139.619296856259
310	284.264	192.984223092922
310	288.772	172.554700744973
310	293.283	179.610451777391
310	297.797	137.6671577161
310	302.315	178.450691996092
310	306.837	3056.86892644091
310	311.362	7.63899708745885
310	315.89	4112.21433658966
310	320.422	327.791970499739
310	324.958	67.2213269967742
310	329.496	21.7571369714532
310	334.038	100.537500788023
310	338.584	63.004818193696
310	343.133	-135.924097328611
310	347.685	-453.585588667333
310	352.24	-280.351795833991
310	356.799	66.8315510190164
310	361.361	149.34375410727
310	365.926	126.215255378554
310	370.495	152.945903421866
310	375.067	198.520182409924
310	379.641	249.215555959403
310	384.219	270.052317571827
310	388.801	282.13320608256
310	393.385	276.832667466532
310	397.972	299.545687099873
310	402.562	282.008410413404
310	407.156	334.319004783218
310	411.752	343.224132690488
310	416.352	342.794118225402
310	420.954	322.712595328177
310	425.56	325.81739115325
310	430.168	325.419179079856
310	434.779	315.601718645244
310	439.393	327.115433518607
310	444.01	306.767841599494
310	448.63	278.521239697943
310	453.253	259.861696668104
310	457.878	275.399864253389
310	462.506	242.390135981745
310	467.137	224.302332563512
310	471.771	217.635217752121
310	476.407	214.35483511007
310	481.047	193.379517306551
310	485.688	178.608662042278
310	490.333	186.090056890346
310	494.979	129.173380592231
310	499.629	141.957074802716
310	504.281	133.260199584907
310	508.936	130.300454646355
310	513.593	137.632967150138
310	518.252	101.506577054405
310	522.914	103.157919222423
310	527.579	68.5543559684938
310	532.245	71.4782945875259
310	536.915	81.7779631442564
310	541.586	79.1097564957109
310	546.26	79.2870155738046
310	550.936	72.9228758846866
310	555.615	65.3950898613523
310	560.296	35.6745869568476
310	564.979	48.1085915200897
310	569.664	45.0717739288014
310	574.351	19.1427885027986
310	579.04	79.6565279962216
310	583.732	47.8949298135444
310	588.426	32.7968232103302
310	593.121	42.7774889395869
310	597.819	38.1046991541585
310	602.519	34.8488175070136
310	607.221	25.8408628984007
310	611.924	57.6304504441537
310	616.63	277.051233503845
310	621.338	479.830518084368
310	626.047	493.422194396482
310	630.758	322.237476477185
310	635.471	91.1389109732177
310	640.186	12.5556720586943
310	644.903	2.7000439242794
310	649.621	19.1133200575507
310	654.341	12.6769284287837
310	659.063	17.1772014876335
310	663.787	4.86399024799603
310	668.512	11.4299778141513
310	673.238	4.10958576539789
310	677.967	25.2339573509841
310	682.696	18.8251617156813
310	687.428	-3.77095144702332
310	692.16	-10.5587403578903
310	696.895	0.0331876518428658
310	701.63	-7.28203622252143
310	706.367	-7.38364634062084
310	711.106	-13.1804275044148
310	715.845	20.9032479523489
310	720.586	37.8943751034313
310	725.329	-6.31743736043196
310	730.072	49.948953072725
310	734.817	8.68885350727239
310	739.563	24.5188300099814
310	744.31	22.9069385799504
310	749.058	-15.1134433900434
310	753.808	-19.7394520607716
310	758.558	-6.86647218640819
310	763.31	11.50060046643
310	768.062	19.1801118609726
310	772.815	-22.1846005861221
310	777.57	20.5853053644783
310	782.325	15.6771392057522
310	787.081	-13.9467199695359
310	791.838	18.2293769634184
310	796.596	20.2025326883145
310	801.355	9.89958461746092
310	806.114	-34.4068758401113
310	810.875	-2.82717218306165
310	815.635	-4.24081100373066
310	820.397	12.2586021503139
310	825.159	-6.12418634875368
305	248.336	36.7226575674736
305	252.814	27.1233847756216
305	257.296	33.407390993469
305	261.781	36.3733773187088
305	266.271	77.0787679564557
305	270.764	149.202954676678
305	275.26	138.312160181881
305	279.76	126.298881101483
305	284.264	125.762266745616
305	288.772	137.868311169125
305	293.283	119.038949374754
305	297.797	152.270218765781
305	302.315	3340.39563320828
305	306.837	29.0156003521297
305	311.362	3659.60934517531
305	315.89	156.381559632825
305	320.422	75.8465172202862
305	324.958	61.4340893525388
305	329.496	87.564644703515
305	334.038	6.62734239900442
305	338.584	-322.047054265833
305	343.133	-360.137527123164
305	347.685	-156.314717305879
305	352.24	84.8978219167819
305	356.799	141.623872406545
305	361.361	180.168784509965
305	365.926	137.239562258139
305	370.495	160.551709251031
305	375.067	197.258222397096
305	379.641	259.837972142495
305	384.219	281.610874120358
305	388.801	275.576958219578
305	393.385	280.168797366461
305	397.972	299.558881885935
305	402.562	278.206218179783
305	407.156	334.199047785787
305	411.752	359.011780243816
305	416.352	320.634745147249
305	420.954	349.405177599227
305	425.56	317.248700329963
305	430.168	343.233043084419
305	434.779	295.458428225177
305	439.393	338.19137668208
305	444.01	312.086581004819
305	448.63	303.369952196277
305	453.253	253.702544989195
305	457.878	275.586534721928
305	462.506	229.734050623408
305	467.137	237.109312329863
305	471.771	221.540757791494
305	476.407	189.999492897621
305	481.047	185.633326465984
305	485.688	182.447270863799
305	490.333	181.644822848275
305	494.979	150.045062989335
305	499.629	147.223927301272
305	504.281	134.798099292461
305	508.936	127.168275962304
305	513.593	152.661913719207
305	518.252	100.703502343884
305	522.914	100.801689651566
305	527.579	71.0803656140768
305	532.245	65.9902291794614
305	536.915	88.6004651399881
305	541.586	62.4174038668428
305	546.26	88.0672963325718
305	550.936	56.2115098790275
305	555.615	50.2818320054883
305	560.296	56.5395627222657
305	564.979	53.4712493225929
305	569.664	80.9622039376327
305	574.351	41.5682095057645
305	579.04	69.5215376072292
305	583.732	30.7533462858915
305	588.426	54.3473781616409
305	593.121	41.1558266176429
305	597.819	25.6207455245849
305	602.519	100.641298576778
305	607.221	261.590860259217
305	611.924	487.10557480822
305	616.63	463.943418127541
305	621.338	217.062113522211
305	626.047	24.7642895179654
305	630.758	15.6871834464401
305	635.471	40.0793517336334
305	640.186	7.72006012351104
305	644.903	18.4718578615983
305	649.621	50.7433645674212
305	654.341	-10.1210539877922
305	659.063	46.8578387345805
305	663.787	-2.14763080515082
305	668.512	29.1714110451826
305	673.238	1.78843625832759
305	677.967	24.7704740039517
305	682.696	5.44398952832915
305	687.428	-25.0600077258411
305	692.16	-17.0946511808734
305	696.895	-16.7881202512985
305	701.63	-9.61227865150699
305	706.367	12.9961215449191
305	711.106	11.7242731818015
305	715.845	6.17109848737949
305	720.586	53.7239498355713
305	725.329	17.8137248622983
305	730.072	54.7273064591764
305	734.817	36.0990162551554
305	739.563	-13.3164168603356
305	744.31	21.4410574166114
305	749.058	22.6609572272423
305	753.808	-17.4543782421513
305	758.558	18.8105835494858
305	763.31	-7.47401677585836
305	768.062	37.6863364460734
305	772.815	-69.9008020858164
305	777.57	26.3477124103549
305	782.325	7.25053825932391
305	787.081	10.8714114025679
305	791.838	25.1557593227087
305	796.596	23.8780423966669
305	801.355	0.502814080893423
305	806.114	-41.2163121222539
305	810.875	-1.4998274115534
305	815.635	-2.00416175676333
305	820.397	2.50697583765676
305	825.159	-10.5380653757169
300	248.336	29.5270791939646
300	252.814	23.8002817201208
300	257.296	31.2288772112777
300	261.781	70.4550201700339
300	266.271	91.4131078602118
300	270.764	103.320883270067
300	275.26	157.693783186104
300	279.76	137.699294328962
300	284.264	63.8652893808912
300	288.772	89.0593761252574
300	293.283	246.84329703238
300	297.797	3738.9185017329
300	302.315	2.87984492882242
300	306.837	2889.43957466222
300	311.362	114.10686738926
300	315.89	54.1933476656183
300	320.422	98.6433517773016
300	324.958	111.791499283076
300	329.496	-84.0107107423701
300	334.038	-343.78257132056
300	338.584	-410.224790889605
300	343.133	53.2786716879025
300	347.685	165.249203030041
300	352.24	200.844489540158
300	356.799	175.962430064939
300	361.361	185.537983775509
300	365.926	149.781059123643
300	370.495	218.949868481724
300	375.067	226.478581868697
300	379.641	236.796999009792
300	384.219	294.657765879685
300	388.801	245.534438803421
300	393.385	255.460871909932
300	397.972	286.992732431952
300	402.562	246.84459374377
300	407.156	311.950804064872
300	411.752	333.843660103216
300	416.352	315.059278319334
300	420.954	331.771756983346
300	425.56	307.873605351476
300	430.168	312.730018811717
300	434.779	311.547474095798
300	439.393	326.190397107627
300	444.01	307.18540721315
300	448.63	297.574791169036
300	453.253	262.873042265362
300	457.878	278.157734405342
300	462.506	267.38887332383
300	467.137	249.191431066581
300	471.771	230.355144962674
300	476.407	220.706708686629
300	481.047	192.095802236251
300	485.688	181.215467683883
300	490.333	182.963291509021
300	494.979	155.602897724782
300	499.629	138.100750230822
300	504.281	134.885309182514
300	508.936	116.781291253433
300	513.593	151.834682219558
300	518.252	114.050466224503
300	522.914	111.196587012596
300	527.579	69.6379700411552
300	532.245	59.4640929633199
300	536.915	106.306363263888
300	541.586	93.372527623974
300	546.26	75.2534717648936
300	550.936	74.6876747340515
300	555.615	65.3517503333114
300	560.296	63.3618346622067
300	564.979	52.0787393056801
300	569.664	71.3507004785669
300	574.351	61.0752724147865
300	579.04	66.7314628139988
300	583.732	48.9985324433856
300	588.426	40.9131679236595
300	593.121	123.424328117929
300	597.819	326.842166765838
300	602.519	552.657404107021
300	607.221	516.7154955118
300	611.924	196.940822162301
300	616.63	70.4892956087465
300	621.338	20.164915386722
300	626.047	30.5379249438241
300	630.758	35.5736328989787
300	635.471	10.8051007365484
300	640.186	-14.2600934391822
300	644.903	11.3852516539467
300	649.621	21.3081673536243
300	654.341	20.747518070183
300	659.063	38.6426563743984
300	663.787	-35.4495613207949
300	668.512	0.987077056342599
300	673.238	13.146746769004
300	677.967	3.81957453625702
300	682.696	20.0148019541867
300	687.428	-14.8430029015805
300	692.16	-19.7488430587978
300	696.895	21.3482548098344
300	701.63	13.2118118086558
300	706.367	11.8776242124878
300	711.106	16.5140297757184
300	715.845	8.0980919488846
300	720.586	38.5592173435744
300	725.329	39.5386565503272
300	730.072	39.7952023390995
300	734.817	36.9512280601305
300	739.563	6.84846278317163
300	744.31	21.8147307195624
300	749.058	-27.9447718398825
300	753.808	-9.85895824730789
300	758.558	17.8506775534349
300	763.31	30.7186181835792
300	768.062	33.3170839314589
300	772.815	-13.7589569495755
300	777.57	-6.43776007081577
300	782.325	-8.91838706450515
300	787.081	-26.8706956668221
300	791.838	-11.5923500103341
300	796.596	13.0536726676373
300	801.355	-31.1087689309
300	806.114	-35.3973482012934
300	810.875	18.2361691192909
300	815.635	-3.21425869656161
300	820.397	-9.11917243776218
300	825.159	2.151988464946
295	248.336	42.9126767001305
295	252.814	77.0987621292966
295	257.296	50.1765104626829
295	261.781	105.309271072072
295	266.271	135.480912593746
295	270.764	156.848059806765
295	275.26	178.538026246645
295	279.76	137.79224949258
295	284.264	118.289311274281
295	288.772	470.999122627793
295	293.283	5243.45786225104
295	297.797	12.3250620178005
295	302.315	2555.6186900421
295	306.837	71.7906874060267
295	311.362	116.895655423598
295	315.89	155.327109482576
295	320.422	145.655983199356
295	324.958	-183.176526660492
295	329.496	-462.501599187118
295	334.038	-131.577969286343
295	338.584	142.496000621657
295	343.133	248.072259376729
295	347.685	223.426035200925
295	352.24	225.913342502562
295	356.799	212.88176124239
295	361.361	265.545790647381
295	365.926	157.641018251387
295	370.495	192.30510347845
295	375.067	219.702019437393
295	379.641	278.354809105472
295	384.219	325.317174365835
295	388.801	292.959266642264
295	393.385	304.080947571829
295	397.972	276.973258009111
295	402.562	263.345401210102
295	407.156	299.645886066806
295	411.752	347.89653494777
295	416.352	282.983231303714
295	420.954	347.962394586517
295	425.56	293.771471108981
295	430.168	319.32375159768
295	434.779	278.170150509952
295	439.393	317.303858005128
295	444.01	294.983306260543
295	448.63	260.468950978707
295	453.253	265.939457035142
295	457.878	243.699031893033
295	462.506	249.146018113408
295	467.137	253.75898551124
295	471.771	243.287195564351
295	476.407	201.292361618177
295	481.047	190.28969309335
295	485.688	173.250248649171
295	490.333	193.714025031104
295	494.979	153.628671327361
295	499.629	132.365524679042
295	504.281	161.095808344087
295	508.936	113.793004334118
295	513.593	143.005009479831
295	518.252	91.9580022684681
295	522.914	98.1207205462983
295	527.579	83.9270212586343
295	532.245	86.7372875178431
295	536.915	100.98351774262
295	541.586	63.9327701739962
295	546.26	73.6517050031927
295	550.936	66.4587343257684
295	555.615	60.0223900241683
295	560.296	49.6203125939492
295	564.979	56.2780043946434
295	569.664	95.0359966124557
295	574.351	33.2130568374338
295	579.04	68.7189206000763
295	583.732	185.719235051392
295	588.426	433.872774340331
295	593.121	613.745346813047
295	597.819	482.946124742802
295	602.519	195.920134887642
295	607.221	34.41823752736
295	611.924	16.4825858142794
295	616.63	39.1858557800858
295	621.338	28.1445879203455
295	626.047	49.0387649134299
295	630.758	48.1751181824121
295	635.471	53.2136207692247
295	640.186	22.4482729520176
295	644.903	0.475009589651805
295	649.621	42.216046581588
295	654.341	0.980458239848303
295	659.063	2.95500442000747
295	663.787	-36.8604075078068
295	668.512	43.6807062670047
295	673.238	13.638823921562
295	677.967	24.9305407084256
295	682.696	19.0348329030032
295	687.428	-12.9498511198548
295	692.16	-13.5409694471204
295	696.895	2.62214011041726
295	701.63	39.1310989578598
295	706.367	-8.02706080731143
295	711.106	18.386666598838
295	715.845	37.7453064680612
295	720.586	56.4861941073687
295	725.329	32.196779409061
295	730.072	21.2256751354403
295	734.817	20.2505961561083
295	739.563	14.7957151066747
295	744.31	59.2389035536952
295	749.058	25.5644197875611
295	753.808	-31.9785700157727
295	758.558	-6.63302510175665
295	763.31	17.8356431265025
295	768.062	36.0068081248663
295	772.815	-65.1408314451323
295	777.57	-9.49549118977752
295	782.325	20.569854074795
295	787.081	-33.0026510957372
295	791.838	1.31911144003508
295	796.596	12.7626627551899
295	801.355	-26.0933543542814
295	806.114	-53.9268057447219
295	810.875	6.37848322018133
295	815.635	-4.63876298346901
295	820.397	-19.1347303161458
295	825.159	-17.3947702979674
290	248.336	37.2038930187128
290	252.814	151.95982804525
290	257.296	159.502312624592
290	261.781	145.715500880901
290	266.271	194.402868433223
290	270.764	185.902204799765
290	275.26	168.929336086451
290	279.76	115.827146471918
290	284.264	653.22992897554
290	288.772	4480.55878729009
290	293.283	21.1849549847902
290	297.797	2154.59917131299
290	302.315	372.45812760722
290	306.837	373.815508040944
290	311.362	417.760877610289
290	315.89	293.513266079362
290	320.422	-188.08299169867
290	324.958	-283.560016294681
290	329.496	158.07357492624
290	334.038	428.127777356959
290	338.584	385.960134008867
290	343.133	426.641896905461
290	347.685	342.092827677459
290	352.24	358.548841903566
290	356.799	292.548735979135
290	361.361	315.854530398481
290	365.926	224.78684826092
290	370.495	261.324983504565
290	375.067	291.404075573382
290	379.641	348.662421685655
290	384.219	359.239329373688
290	388.801	330.212468182024
290	393.385	299.650022183149
290	397.972	286.109646581789
290	402.562	248.498549610529
290	407.156	296.463309750744
290	411.752	336.022133625361
290	416.352	270.309561967261
290	420.954	276.58308095641
290	425.56	294.873647314092
290	430.168	302.046651191034
290	434.779	290.524190758106
290	439.393	291.507444076776
290	444.01	263.193646813425
290	448.63	291.88179087989
290	453.253	258.656779290289
290	457.878	293.156297959515
290	462.506	233.406379303535
290	467.137	221.374678536517
290	471.771	227.775844972717
290	476.407	207.523982579715
290	481.047	208.350166508583
290	485.688	179.277552203077
290	490.333	229.542382461539
290	494.979	184.379977543264
290	499.629	183.043154094821
290	504.281	161.881926434148
290	508.936	97.7940288991002
290	513.593	171.110144215056
290	518.252	118.179924134942
290	522.914	136.635654334707
290	527.579	85.2872976431738
290	532.245	89.2534176085487
290	536.915	86.931536579378
290	541.586	84.8104166229915
290	546.26	82.2314374127355
290	550.936	84.2050427750917
290	555.615	96.5051059550672
290	560.296	83.788339236119
290	564.979	79.072513202877
290	569.664	102.216798644134
290	574.351	200.319986349423
290	579.04	596.424703868116
290	583.732	715.03550511578
290	588.426	484.858309876067
290	593.121	238.306057345636
290	597.819	54.1641893471402
290	602.519	59.8795269802615
290	607.221	9.75881820935182
290	611.924	42.311117000138
290	616.63	61.6780639265527
290	621.338	76.1928391413145
290	626.047	19.7494428135976
290	630.758	30.1897239544289
290	635.471	50.5377262040668
290	640.186	33.616135434189
290	644.903	8.95041257834265
290	649.621	4.8357688070779
290	654.341	-18.7715636172299
290	659.063	66.196912481576
290	663.787	19.2632970953461
290	668.512	41.0258248241095
290	673.238	39.0421026063256
290	677.967	23.5995244206976
290	682.696	17.6153991604732
290	687.428	37.7538285152928
290	692.16	27.0322703825165
290	696.895	22.5841527478109
290	701.63	28.6121632670148
290	706.367	11.2227095005664
290	711.106	-11.3374285554373
290	715.845	36.246239377102
290	720.586	59.9493490913564
290	725.329	25.1336426615845
290	730.072	38.2455655481261
290	734.817	42.8606014831681
290	739.563	18.2219079273648
290	744.31	37.4704873347143
290	749.058	-6.41378091226338
290	753.808	-11.1109752993591
290	758.558	39.9474070755656
290	763.31	12.8987542324008
290	768.062	20.5729252666691
290	772.815	-29.4441338881221
290	777.57	-6.28741115041894
290	782.325	23.4191117928094
290	787.081	0.728881537427766
290	791.838	6.55964844030806
290	796.596	2.22315973298003
290	801.355	30.7326851532019
290	806.114	-33.9325036532574
290	810.875	-19.2093986122928
290	815.635	-10.8822457348048
290	820.397	6.40190459188612
290	825.159	10.8904657549894
285	248.336	122.830134346395
285	252.814	221.597104844436
285	257.296	215.738361978954
285	261.781	206.612476211059
285	266.271	206.551053113813
285	270.764	210.257700714998
285	275.26	310.086905392961
285	279.76	1434.57875239353
285	284.264	2995.8680215487
285	288.772	-3.21454590565554
285	293.283	2374.00670548446
285	297.797	806.265231494685
285	302.315	929.239040136337
285	306.837	1072.30755739706
285	311.362	765.308709008071
285	315.89	205.144043194885
285	320.422	415.453986337912
285	324.958	948.643311752649
285	329.496	929.173092763147
285	334.038	891.778072092913
285	338.584	761.958014031687
285	343.133	712.143149403043
285	347.685	563.347552584088
285	352.24	490.471713661446
285	356.799	391.020046723216
285	361.361	412.758190581442
285	365.926	321.75219661339
285	370.495	274.514023392908
285	375.067	302.981616603888
285	379.641	379.728309289692
285	384.219	347.296681732452
285	388.801	323.179472805337
285	393.385	339.907162462169
285	397.972	286.438029458141
285	402.562	237.55405413337
285	407.156	313.081392448788
285	411.752	309.134934766727
285	416.352	288.774290126966
285	420.954	302.198926205013
285	425.56	250.673522467301
285	430.168	261.630532989323
285	434.779	281.164382870629
285	439.393	302.104279845149
285	444.01	316.303690491099
285	448.63	284.018407155642
285	453.253	279.159318118078
285	457.878	287.57277563356
285	462.506	253.1984924068
285	467.137	243.251283709936
285	471.771	248.592272225499
285	476.407	234.189516486961
285	481.047	201.555727056115
285	485.688	176.911008559758
285	490.333	240.98965246971
285	494.979	206.712496790059
285	499.629	198.599500550337
285	504.281	170.841754376163
285	508.936	155.286799024816
285	513.593	185.576314495932
285	518.252	127.603346191631
285	522.914	111.432977992636
285	527.579	55.6961866186402
285	532.245	130.407155002667
285	536.915	133.500470666657
285	541.586	90.3391284214235
285	546.26	102.15628459263
285	550.936	86.4493138785158
285	555.615	88.1124872060063
285	560.296	106.056046865599
285	564.979	385.073899634313
285	569.664	884.003965836573
285	574.351	968.245399940501
285	579.04	641.149627375959
285	583.732	255.161831724432
285	588.426	53.5840110211156
285	593.121	99.6112261157875
285	597.819	82.1420622403482
285	602.519	299.190349519807
285	607.221	41.7502041453679
285	611.924	59.035893210169
285	616.63	74.4774301320072
285	621.338	47.5396365855367
285	626.047	41.5901409130874
285	630.758	18.5987799292431
285	635.471	55.2727247072029
285	640.186	21.1489258105253
285	644.903	19.0474990433913
285	649.621	62.964424179424
285	654.341	28.2733767075711
285	659.063	89.314585927435
285	663.787	18.8636629725008
285	668.512	41.8261321361118
285	673.238	18.4875486516484
285	677.967	17.3263897952534
285	682.696	83.1364146965218
285	687.428	22.8872552533164
285	692.16	18.4075473611772
285	696.895	48.3285796564885
285	701.63	12.6809707998909
285	706.367	2.02916434551197
285	711.106	9.55998662997906
285	715.845	55.9514068757337
285	720.586	74.0916148518277
285	725.329	56.7660049613223
285	730.072	49.3718802648178
285	734.817	51.1389342192573
285	739.563	24.4154344977733
285	744.31	62.4474491795529
285	749.058	-5.8689417874296
285	753.808	-29.9086349127713
285	758.558	-3.04304748138328
285	763.31	-9.31589601875457
285	768.062	9.38447068696007
285	772.815	-37.6150987193231
285	777.57	28.7658523581392
285	782.325	-14.611461576149
285	787.081	-33.3345399574813
285	791.838	17.477346089614
285	796.596	38.1701786835524
285	801.355	-8.79051776336998
285	806.114	-46.8581352861608
285	810.875	-15.3819988791272
285	815.635	-31.4892703368891
285	820.397	8.05164218595643
285	825.159	-7.3336401756347
280	248.336	139.731498722855
280	252.814	195.936911272198
280	257.296	240.31514174835
280	261.781	172.122168700219
280	266.271	233.427001475446
280	270.764	299.250466535377
280	275.26	1690.15830302809
280	279.76	5442.35219321127
280	284.264	-28.1903221655739
280	288.772	2010.63175659923
280	293.283	997.193594312905
280	297.797	1279.46342340635
280	302.315	1500.89929342904
280	306.837	1148.5118504167
280	311.362	555.345419282252
280	315.89	1069.76524055104
280	320.422	1511.12575070529
280	324.958	1499.10950442354
280	329.496	1309.01976791391
280	334.038	1108.40874389536
280	338.584	970.801043403559
280	343.133	922.099306716421
280	347.685	728.713404251789
280	352.24	584.052637061157
280	356.799	558.925877733065
280	361.361	428.30722494912
280	365.926	408.313731565211
280	370.495	352.16964069689
280	375.067	329.900247775141
280	379.641	392.179591881584
280	384.219	301.118885081059
280	388.801	389.196644746399
280	393.385	258.358092543152
280	397.972	284.635232270555
280	402.562	254.164123244509
280	407.156	270.667056002075
280	411.752	323.251563066054
280	416.352	280.723035771855
280	420.954	339.566199184135
280	425.56	289.824544972145
280	430.168	272.554969284922
280	434.779	259.500097585811
280	439.393	336.142941300407
280	444.01	263.185909181215
280	448.63	320.571465144172
280	453.253	305.090427744217
280	457.878	299.691079200888
280	462.506	245.324533477694
280	467.137	253.645572416164
280	471.771	274.440593069322
280	476.407	239.28335776633
280	481.047	232.852650795419
280	485.688	184.581546605154
280	490.333	248.438993836919
280	494.979	240.635521445887
280	499.629	184.478656383174
280	504.281	178.750694534448
280	508.936	136.612331725929
280	513.593	211.341140512371
280	518.252	180.583884181426
280	522.914	122.774380874096
280	527.579	104.230678427635
280	532.245	141.955986274557
280	536.915	129.70922031833
280	541.586	127.046596953872
280	546.26	111.807243350757
280	550.936	196.526830568538
280	555.615	447.57792305254
280	560.296	906.827666731545
280	564.979	998.323971821532
280	569.664	734.336943576782
280	574.351	214.959098918202
280	579.04	160.829836777128
280	583.732	119.200190377988
280	588.426	85.1298979702148
280	593.121	116.611930951832
280	597.819	58.0188753163893
280	602.519	113.096994089331
280	607.221	94.6632179602946
280	611.924	91.6411484282402
280	616.63	140.316254140552
280	621.338	36.0038631214852
280	626.047	26.9199112033671
280	630.758	86.4453199860888
280	635.471	130.336994189457
280	640.186	46.7329173526961
280	644.903	11.8148272255935
280	649.621	50.0536686894474
280	654.341	51.5454124428012
280	659.063	119.845887602846
280	663.787	21.2331227211945
280	668.512	94.4429102371024
280	673.238	25.2356059100446
280	677.967	74.7703483991178
280	682.696	45.362876641373
280	687.428	0.759469962076921
280	692.16	33.6798358270234
280	696.895	36.9920181807797
280	701.63	38.080056956785
280	706.367	-2.35887687279225
280	711.106	17.4847402640623
280	715.845	14.47210794379
280	720.586	81.4053385920481
280	725.329	17.9475917677628
280	730.072	34.4783765506309
280	734.817	100.035745890908
280	739.563	16.7262842399488
280	744.31	35.5008328712278
280	749.058	10.2475724054357
280	753.808	-1.74057133582256
280	758.558	54.9435145327832
280	763.31	-28.0207453745975
280	768.062	15.5089688541426
280	772.815	-105.771036871905
280	777.57	0.931002759537156
280	782.325	0
280	787.081	-32.9827245049676
280	791.838	-24.2295010470138
280	796.596	-37.51418998683
280	801.355	-13.6356381865416
280	806.114	-85.221651682145
280	810.875	8.52124940846172
280	815.635	28.9748028815255
280	820.397	19.6011168660833
280	825.159	17.8950508558056
275	248.336	202.287501823004
275	252.814	339.583574817785
275	257.296	256.572012542004
275	261.781	216.411565783806
275	266.271	307.185431147912
275	270.764	2912.58333807652
275	275.26	8067.36770152368
275	279.76	9481.2525235498
275	284.264	2351.6975417697
275	288.772	1117.73622762873
275	293.283	1516.15249969802
275	297.797	1625.18889787486
275	302.315	926.282078566695
275	306.837	967.127282758489
275	311.362	1583.9461682908
275	315.89	1852.29277809239
275	320.422	1815.49924243121
275	324.958	1689.91435451003
275	329.496	1525.57964808089
275	334.038	1290.38300517408
275	338.584	1035.82183801794
275	343.133	987.029398075711
275	347.685	712.177526197502
275	352.24	696.091218033611
275	356.799	546.742915102725
275	361.361	432.429158136979
275	365.926	413.640964391999
275	370.495	330.540345631333
275	375.067	352.407420730428
275	379.641	382.775577628412
275	384.219	359.879562607572
275	388.801	366.231818956184
275	393.385	301.443647409596
275	397.972	323.115601084207
275	402.562	228.062956287232
275	407.156	348.177998294383
275	411.752	339.082937523976
275	416.352	307.304693045507
275	420.954	322.934388677889
275	425.56	270.770398876178
275	430.168	342.753501328491
275	434.779	301.505042885731
275	439.393	328.827842259304
275	444.01	306.789685374746
275	448.63	286.167923651986
275	453.253	255.492779259683
275	457.878	324.167117124352
275	462.506	320.741245587172
275	467.137	282.183204056229
275	471.771	322.068790600229
275	476.407	270.269401563517
275	481.047	282.447647145108
275	485.688	246.865567389519
275	490.333	245.081887396296
275	494.979	223.762312989488
275	499.629	188.150067109203
275	504.281	239.122657086302
275	508.936	162.824194678701
275	513.593	248.375284186097
275	518.252	183.290441186922
275	522.914	190.512918353118
275	527.579	136.674145505753
275	532.245	146.418530782873
275	536.915	169.247265574055
275	541.586	224.773556694302
275	546.26	788.819248308838
275	550.936	1487.44447085567
275	555.615	1642.83273949209
275	560.296	930.333189301014
275	564.979	290.88739865524
275	569.664	162.100222555044
275	574.351	83.9624547583123
275	579.04	173.856969408458
275	583.732	135.351447974464
275	588.426	115.751494931917
275	593.121	147.291271627729
275	597.819	96.5434860105598
275	602.519	169.32366895041
275	607.221	31.8371170648333
275	611.924	83.6500931237072
275	616.63	86.9087853465999
275	621.338	119.319812493472
275	626.047	74.6841592720783
275	630.758	100.6125291028
275	635.471	121.002295848683
275	640.186	66.3609359512969
275	644.903	89.4804071092196
275	649.621	152.899960016524
275	654.341	5.13371380790463
275	659.063	136.788236475863
275	663.787	19.2037217153602
275	668.512	92.3193355466122
275	673.238	17.6984376519486
275	677.967	28.5306638947483
275	682.696	41.4476693974332
275	687.428	58.0698855201277
275	692.16	20.0777714334736
275	696.895	12.8646959365788
275	701.63	25.0197924583818
275	706.367	-0.00955951047597381
275	711.106	2.8455573963661
275	715.845	95.8006508218456
275	720.586	106.609300444376
275	725.329	25.2795485603333
275	730.072	83.154481214221
275	734.817	52.2184250476433
275	739.563	39.8694655040671
275	744.31	62.4500451171507
275	749.058	3.05427565693566
275	753.808	-33.1867683957938
275	758.558	96.084911123668
275	763.31	33.3830699302688
275	768.062	39.1553102300557
275	772.815	-92.3425030716994
275	777.57	4.43568689379082
275	782.325	-18.0072455031002
275	787.081	0.00465440165299569
275	791.838	6.93611420977133
275	796.596	47.0570505868805
275	801.355	-24.3650038493566
275	806.114	-56.8552194087464
275	810.875	-32.4872169930264
275	815.635	8.12902806722303
275	820.397	-9.11929394074137
275	825.159	-20.2883592518203
270	248.336	288.733384633749
270	252.814	474.693841368219
270	257.296	140.121416039421
270	261.781	299.031583549072
270	266.271	5707.14674619511
270	270.764	11359.6846599545
270	275.26	21523.8211228513
270	279.76	2183.04687570333
270	284.264	822.397017632419
270	288.772	1324.74437111116
270	293.283	1358.82518432695
270	297.797	623.181248358285
270	302.315	966.191137870865
270	306.837	1926.73601673364
270	311.362	2072.17754166673
270	315.89	1934.65495615522
270	320.422	1773.31726493511
270	324.958	1526.04195026992
270	329.496	1384.80252563861
270	334.038	1278.22996157597
270	338.584	1061.88357731855
270	343.133	941.035968760343
270	347.685	727.195889487888
270	352.24	622.575295762901
270	356.799	565.943346974584
270	361.361	536.010382382678
270	365.926	356.31483545524
270	370.495	289.714435902882
270	375.067	284.994453377722
270	379.641	393.246715957751
270	384.219	349.786673743167
270	388.801	449.732311939113
270	393.385	257.52197927828
270	397.972	323.851643444588
270	402.562	173.071361673414
270	407.156	292.515511786822
270	411.752	376.619830719219
270	416.352	262.515117046481
270	420.954	386.312388539088
270	425.56	379.936807964411
270	430.168	370.861626029513
270	434.779	346.821819606411
270	439.393	393.221870983935
270	444.01	382.424565204187
270	448.63	311.174703686759
270	453.253	359.608834349183
270	457.878	366.625246821004
270	462.506	366.170248708008
270	467.137	311.937764053518
270	471.771	385.072052191507
270	476.407	358.007365109556
270	481.047	312.655024064864
270	485.688	284.554731654591
270	490.333	338.081860904158
270	494.979	293.29795124733
270	499.629	278.460263626604
270	504.281	265.315658775084
270	508.936	193.757646594879
270	513.593	288.97587882573
270	518.252	237.129094861765
270	522.914	211.922080648237
270	527.579	156.850102941338
270	532.245	463.391625680914
270	536.915	1448.76175038194
270	541.586	2299.23589873254
270	546.26	2218.63379586717
270	550.936	1095.4630864905
270	555.615	257.673880448038
270	560.296	91.4346216964013
270	564.979	107.797782295309
270	569.664	169.432968978541
270	574.351	107.767039465308
270	579.04	153.847526984482
270	583.732	185.084340087785
270	588.426	138.585840694665
270	593.121	107.730387019267
270	597.819	97.4774193011725
270	602.519	113.750985832672
270	607.221	101.964544803177
270	611.924	154.107101048547
270	616.63	145.524036920145
270	621.338	89.897756223309
270	626.047	93.6273161430969
270	630.758	151.615965519195
270	635.471	124.553176906116
270	640.186	62.3852606958544
270	644.903	74.9283618302752
270	649.621	100.008406952824
270	654.341	0.991788079285897
270	659.063	109.584703527964
270	663.787	20.7677098284432
270	668.512	114.087531394703
270	673.238	75.8040009137555
270	677.967	39.2319007468826
270	682.696	105.10802432753
270	687.428	24.8367382849771
270	692.16	54.2884951277012
270	696.895	6.55888427337636
270	701.63	-20.955810647301
270	706.367	-3.33761493165766
270	711.106	56.3698362413739
270	715.845	23.9512112704484
270	720.586	128.065826747087
270	725.329	19.6651727710384
270	730.072	12.7978211292971
270	734.817	22.2819614939185
270	739.563	21.3505175994111
270	744.31	118.713513889406
270	749.058	-7.27635842941375
270	753.808	-69.1492326294968
270	758.558	38.9842747043984
270	763.31	15.3969065665568
270	768.062	-2.61375139605781
270	772.815	-119.034953597314
270	777.57	91.074621261902
270	782.325	53.6163092263063
270	787.081	-72.9434475649896
270	791.838	34.3687295099436
270	796.596	1.39766954484612
270	801.355	-20.5685574613732
270	806.114	-87.0601126097431
270	810.875	-47.1728396757756
270	815.635	-1.23085812625267
270	820.397	-42.3353341274627
270	825.159	12.0694512047399
265	248.336	232.0100328684
265	252.814	166.812863134621
265	257.296	209.841723123526
265	261.781	3538.27770309106
265	266.271	18021.555728718
265	270.764	12198.8201236105
265	275.26	1084.50626272125
265	279.76	417.148826391699
265	284.264	772.97260831805
265	288.772	391.768424638924
265	293.283	-59.4618865370303
265	297.797	746.041917139486
265	302.315	1706.12546181293
265	306.837	1810.09095377949
265	311.362	1730.60761495349
265	315.89	1516.88798240743
265	320.422	1425.56417931977
265	324.958	1360.03342493337
265	329.496	1102.92505114785
265	334.038	1050.26914083407
265	338.584	873.430413505188
265	343.133	795.667392386536
265	347.685	640.050689851065
265	352.24	548.360493557097
265	356.799	466.295485827314
265	361.361	437.934462197007
265	365.926	339.650281058262
265	370.495	338.395167283772
265	375.067	296.923795758683
265	379.641	413.956076403188
265	384.219	494.953280592444
265	388.801	398.490493070841
265	393.385	275.752434130023
265	397.972	347.388988389437
265	402.562	201.402192400032
265	407.156	348.273300854051
265	411.752	440.718866254058
265	416.352	307.656428195552
265	420.954	436.546028644926
265	425.56	407.88391807207
265	430.168	419.048284739275
265	434.779	421.338371894389
265	439.393	422.947859232872
265	444.01	417.074005693708
265	448.63	458.559431205224
265	453.253	383.575220590065
265	457.878	463.590085576008
265	462.506	444.180761834225
265	467.137	366.798029268231
265	471.771	373.157587381478
265	476.407	304.681000156077
265	481.047	343.58834960824
265	485.688	330.048151273273
265	490.333	400.245721219163
265	494.979	296.053864113195
265	499.629	295.627896099181
265	504.281	284.8710332389
265	508.936	204.318846767599
265	513.593	364.382135263265
265	518.252	213.01045443008
265	522.914	411.849451646358
265	527.579	944.244308966564
265	532.245	1621.4896281899
265	536.915	1670.85783053461
265	541.586	883.126268571149
265	546.26	306.613529931259
265	550.936	114.160072658774
265	555.615	140.845639489773
265	560.296	86.108832472897
265	564.979	85.8583477412831
265	569.664	167.735808734484
265	574.351	146.074721543041
265	579.04	170.760447691226
265	583.732	78.0558092933488
265	588.426	75.2557938522649
265	593.121	151.025685595559
265	597.819	39.1096455869547
265	602.519	103.832400610918
265	607.221	77.2010666991431
265	611.924	96.8614759072208
265	616.63	192.481950123702
265	621.338	116.847239950781
265	626.047	81.3311775088213
265	630.758	114.610216557324
265	635.471	53.6699207659153
265	640.186	82.9920025522615
265	644.903	98.1201606145761
265	649.621	124.676863628693
265	654.341	25.5780544984959
265	659.063	23.3305282658811
265	663.787	-16.1820937512374
265	668.512	63.9914941692429
265	673.238	26.5107320101958
265	677.967	16.5426861343886
265	682.696	43.7156537320141
265	687.428	67.3247912087505
265	692.16	28.6422170407237
265	696.895	22.2851527765759
265	701.63	6.61245526561538
265	706.367	10.6931810699836
265	711.106	-1.34876484089169
265	715.845	72.4548884272941
265	720.586	111.009389168985
265	725.329	101.280716734514
265	730.072	39.0949216570881
265	734.817	70.2881775830087
265	739.563	8.53399966514183
265	744.31	67.5544183608961
265	749.058	13.0687826536811
265	753.808	-38.490108761361
265	758.558	48.2141358319812
265	763.31	43.0252423052221
265	768.062	34.1478641210892
265	772.815	-128.655182637816
265	777.57	71.1965508923434
265	782.325	46.5858174326636
265	787.081	6.61193091351257
265	791.838	-82.3706728219322
265	796.596	57.0925408578741
265	801.355	-75.3270013520031
265	806.114	-60.8358335942001
265	810.875	14.5077539214799
265	815.635	-15.9335612136643
265	820.397	-39.1252940197349
265	825.159	14.5006455656184
260	248.336	146.66609820307
260	252.814	287.812587936516
260	257.296	3764.32456889608
260	261.781	15469.8770276258
260	266.271	9500.35977153311
260	270.764	555.397880894364
260	275.26	241.587872279396
260	279.76	199.5210393179
260	284.264	-444.963493997931
260	288.772	-1029.84823604408
260	293.283	430.134770130327
260	297.797	1251.57637124493
260	302.315	1369.58778533268
260	306.837	1374.43656391543
260	311.362	1218.04348869469
260	315.89	1173.40941517887
260	320.422	1178.74225032015
260	324.958	1088.96168534053
260	329.496	959.997014099277
260	334.038	733.024250032703
260	338.584	645.199780108107
260	343.133	666.488136708918
260	347.685	531.40356543658
260	352.24	447.386109432205
260	356.799	435.348433956199
260	361.361	540.823595302131
260	365.926	268.43968254427
260	370.495	154.920246085694
260	375.067	299.210486873645
260	379.641	483.920361107409
260	384.219	426.306131683148
260	388.801	380.784277869899
260	393.385	332.776521695356
260	397.972	415.511996110532
260	402.562	219.968575476652
260	407.156	383.912200311617
260	411.752	392.689953821192
260	416.352	373.111982351205
260	420.954	416.493345521021
260	425.56	358.664767877209
260	430.168	475.171808522274
260	434.779	402.695507928562
260	439.393	508.341340902302
260	444.01	443.564312262623
260	448.63	462.321009006158
260	453.253	322.518296441932
260	457.878	436.833721870031
260	462.506	376.955059049054
260	467.137	416.036167446013
260	471.771	464.126700077621
260	476.407	430.146206120267
260	481.047	367.196739746484
260	485.688	320.777467488821
260	490.333	448.62766920311
260	494.979	366.978078430372
260	499.629	331.01193733116
260	504.281	295.771740920725
260	508.936	310.748982035635
260	513.593	574.506430768776
260	518.252	926.397229000287
260	522.914	1667.29626480849
260	527.579	1538.79053348195
260	532.245	812.575393069734
260	536.915	283.646135545502
260	541.586	98.9371624408986
260	546.26	65.1083778151721
260	550.936	115.697179380794
260	555.615	139.032386835311
260	560.296	69.8804156852924
260	564.979	61.5316993827325
260	569.664	97.6559496370534
260	574.351	-11.2669258324229
260	579.04	135.597671887516
260	583.732	97.2186259313866
260	588.426	55.581913353939
260	593.121	274.527165242829
260	597.819	61.5542067426706
260	602.519	95.0757643945335
260	607.221	77.9251856359605
260	611.924	108.127202520703
260	616.63	153.300871283852
260	621.338	133.0339817202
260	626.047	99.7105231557453
260	630.758	156.191748025387
260	635.471	102.980123326968
260	640.186	107.598407147427
260	644.903	-38.7147019244187
260	649.621	9.09696401362151
260	654.341	32.2538839521882
260	659.063	160.954749004653
260	663.787	-20.3919142041389
260	668.512	128.131984554638
260	673.238	25.4819470224081
260	677.967	40.087888694307
260	682.696	-19.4310884957956
260	687.428	3.27465989067262
260	692.16	-9.80718843809451
260	696.895	57.8667395775772
260	701.63	-23.2840218770443
260	706.367	-15.1908337202893
260	711.106	103.958855081161
260	715.845	43.1005911334517
260	720.586	86.396343879301
260	725.329	82.2040244732547
260	730.072	130.246929131826
260	734.817	-31.8916629984094
260	739.563	82.4915257073033
260	744.31	70.6912073388666
260	749.058	-86.0450443379908
260	753.808	-63.4081789089985
260	758.558	34.1813396486829
260	763.31	63.8982954162535
260	768.062	82.1693101429188
260	772.815	-123.025009564504
260	777.57	81.83203454285
260	782.325	-95.1284652051149
260	787.081	-20.723505064602
260	791.838	2.14377396988172
260	796.596	114.325399705279
260	801.355	0.0160401819487852
260	806.114	-162.572961890178
260	810.875	3.64310012124862
260	815.635	1.8071138968704
260	820.397	-74.8947482145892
260	825.159	23.7459155341061
255	248.336	389.000466061318
255	252.814	6194.52713467525
255	257.296	20064.1540053746
255	261.781	9975.97951511219
255	266.271	387.063914696687
255	270.764	-144.461046941781
255	275.26	-357.802160783645
255	279.76	-1929.56846590024
255	284.264	-1687.66689297765
255	288.772	503.684410863098
255	293.283	998.140353112282
255	297.797	924.505258443663
255	302.315	1073.65738534918
255	306.837	1226.69916649107
255	311.362	992.629087184474
255	315.89	845.5330563726
255	320.422	1060.34746992153
255	324.958	1032.23360483927
255	329.496	800.849289851076
255	334.038	709.739509480162
255	338.584	381.917256660667
255	343.133	629.062640419777
255	347.685	418.635008103651
255	352.24	555.549125435262
255	356.799	338.079260918836
255	361.361	374.465314672811
255	365.926	144.516656782318
255	370.495	247.541417897549
255	375.067	290.808560050461
255	379.641	420.16609181139
255	384.219	560.893691893082
255	388.801	463.043732782617
255	393.385	502.767813600686
255	397.972	511.090886126217
255	402.562	284.19635209333
255	407.156	447.085405002795
255	411.752	627.248164727681
255	416.352	494.297618087791
255	420.954	707.30709118219
255	425.56	538.229053550954
255	430.168	560.898751234866
255	434.779	590.37552696714
255	439.393	567.307339821417
255	444.01	553.294042046522
255	448.63	494.728479490618
255	453.253	461.505412154489
255	457.878	551.748209441829
255	462.506	485.787150267018
255	467.137	418.954403494247
255	471.771	426.38589211583
255	476.407	362.855595381507
255	481.047	438.326697571121
255	485.688	439.082984679066
255	490.333	474.876497420329
255	494.979	277.852291038719
255	499.629	322.009747132157
255	504.281	699.468500847632
255	508.936	1398.21612423846
255	513.593	2422.42739855112
255	518.252	1989.38509143936
255	522.914	803.600551430122
255	527.579	152.793037342512
255	532.245	128.644488320872
255	536.915	110.728625809021
255	541.586	63.0075674985762
255	546.26	174.231336774445
255	550.936	46.1835063524627
255	555.615	25.0982591549648
255	560.296	37.830824380052
255	564.979	-49.8995115067034
255	569.664	197.890583248226
255	574.351	22.1223365324182
255	579.04	178.990552389144
255	583.732	52.0006310892573
255	588.426	35.4816384230385
255	593.121	39.3974203030938
255	597.819	94.3379635839992
255	602.519	123.583638316223
255	607.221	28.807732324593
255	611.924	-38.7081314627509
255	616.63	111.65291148303
255	621.338	43.4274793504156
255	626.047	-9.9319111781478
255	630.758	58.4167553284783
255	635.471	162.396596036222
255	640.186	95.6146797010889
255	644.903	32.9289683200448
255	649.621	152.230972732308
255	654.341	27.573136864135
255	659.063	380.170759138675
255	663.787	-116.9632709716
255	668.512	54.5889805010262
255	673.238	92.2502543553696
255	677.967	-46.4132708117238
255	682.696	47.0056646513722
255	687.428	15.7698924049474
255	692.16	-206.057075411586
255	696.895	-27.3277474507035
255	701.63	126.448494919289
255	706.367	-107.055203343898
255	711.106	25.8953205344515
255	715.845	54.6922892541187
255	720.586	350.526386502311
255	725.329	226.883872436207
255	730.072	60.7345942929939
255	734.817	34.2830688786337
255	739.563	54.4460967783561
255	744.31	135.026023228753
255	749.058	37.890162653407
255	753.808	-144.173718480945
255	758.558	55.039399213229
255	763.31	179.166069771718
255	768.062	170.115640509056
255	772.815	-37.7168999765164
255	777.57	79.8864938394444
255	782.325	131.38438763816
255	787.081	-238.201095252629
255	791.838	-25.7810757919934
255	796.596	5.81687307517277
255	801.355	-115.967447379507
255	806.114	-176.507741532752
255	810.875	-7.55793060817696
255	815.635	-126.069722428112
255	820.397	-63.046213949758
255	825.159	12.6143078566494
250	248.336	5333.42170135667
250	252.814	17273.2286722159
250	257.296	7368.8824252667
250	261.781	5.29810626099061
250	266.271	-182.115225068172
250	270.764	-1376.97562870993
250	275.26	-2937.29626128769
250	279.76	-1745.16975363449
250	284.264	-115.351164143604
250	288.772	434.766838569163
250	293.283	864.662463081587
250	297.797	620.191078752402
250	302.315	570.861196062733
250	306.837	550.220897969518
250	311.362	689.661203896331
250	315.89	662.532764626044
250	320.422	761.869688128588
250	324.958	614.176368786412
250	329.496	664.516280431806
250	334.038	712.841082354507
250	338.584	367.946444629428
250	343.133	598.821527357559
250	347.685	-11.319391649375
250	352.24	268.739826824027
250	356.799	513.606199184289
250	361.361	397.313848426045
250	365.926	112.13485331559
250	370.495	267.736588618452
250	375.067	98.8360739510383
250	379.641	438.730860701763
250	384.219	674.274620850606
250	388.801	674.646075374581
250	393.385	457.018071699962
250	397.972	558.308406035079
250	402.562	223.065436327226
250	407.156	388.484323169303
250	411.752	615.597225895504
250	416.352	557.366735962088
250	420.954	606.36082408583
250	425.56	526.503501589934
250	430.168	486.079848658766
250	434.779	627.863684925143
250	439.393	720.567241867593
250	444.01	514.825013142166
250	448.63	511.243103215816
250	453.253	447.488853932001
250	457.878	609.989247661438
250	462.506	442.430556336316
250	467.137	225.600315625402
250	471.771	539.541468165493
250	476.407	320.181940835563
250	481.047	473.687537989525
250	485.688	394.275311113341
250	490.333	514.466043228583
250	494.979	709.786416791571
250	499.629	1544.93646471458
250	504.281	2491.91792779087
250	508.936	1663.79276345053
250	513.593	1109.41667960818
250	518.252	101.825021364069
250	522.914	184.335359978995
250	527.579	49.1226174269968
250	532.245	100.461550934051
250	536.915	259.830029281723
250	541.586	185.67080205733
250	546.26	157.24572291011
250	550.936	-202.226292799995
250	555.615	-62.3150532349882
250	560.296	-88.8871965545346
250	564.979	82.9529525547205
250	569.664	272.018538236456
250	574.351	86.6848350225208
250	579.04	238.842075923558
250	583.732	61.6112388466106
250	588.426	-38.2508022814006
250	593.121	275.328095265381
250	597.819	-148.943270744425
250	602.519	201.156559110507
250	607.221	-102.780328037037
250	611.924	30.5922969476614
250	616.63	102.121722382844
250	621.338	221.26273759721
250	626.047	-31.3744162239149
250	630.758	50.9878744236141
250	635.471	44.9706221359001
250	640.186	0.184883191131917
250	644.903	39.2075011260877
250	649.621	141.675507560267
250	654.341	-150.29178394722
250	659.063	212.434323438596
250	663.787	-242.785958193207
250	668.512	206.771956080857
250	673.238	-76.1973215232569
250	677.967	122.355248586773
250	682.696	60.1146704069019
250	687.428	-138.647953513264
250	692.16	-39.1783807388674
250	696.895	-162.022321443835
250	701.63	36.4857011832605
250	706.367	-227.995685752617
250	711.106	37.0571632800973
250	715.845	187.651674270429
250	720.586	139.245317611643
250	725.329	426.789168571104
250	730.072	214.771977248563
250	734.817	417.192932915384
250	739.563	43.1124432465426
250	744.31	276.38589599274
250	749.058	159.571297017335
250	753.808	-101.521373192705
250	758.558	182.310477562758
250	763.31	295.492018246021
250	768.062	-33.7295173353571
250	772.815	-157.404942450915
250	777.57	256.578285714094
250	782.325	92.7292036596742
250	787.081	49.6183554950698
250	791.838	58.9542519967693
250	796.596	101.457088224043
250	801.355	-135.263584027334
250	806.114	-374.1511723153
250	810.875	19.8621022508113
250	815.635	51.9489902882193
250	820.397	63.6481888567373
250	825.159	-123.363096736999
245	248.336	14958.5863511417
245	252.814	5159.95807680374
245	257.296	-356.538378823355
245	261.781	-101.255801913115
245	266.271	-2737.06085946325
245	270.764	-3906.57314332108
245	275.26	-862.871859978693
245	279.76	-66.8073234299627
245	284.264	-190.307989530081
245	288.772	220.437308857231
245	293.283	859.581535540768
245	297.797	882.620356095675
245	302.315	173.284663952469
245	306.837	957.369665598879
245	311.362	613.345750381438
245	315.89	791.187928270069
245	320.422	1683.24487815092
245	324.958	1214.49000221766
245	329.496	427.268342771902
245	334.038	882.303402980407
245	338.584	-88.9796716778519
245	343.133	661.165889977889
245	347.685	551.43452520319
245	352.24	77.4345963345312
245	356.799	364.09461593719
245	361.361	272.86561963077
245	365.926	148.655593954891
245	370.495	109.044126435391
245	375.067	54.7282559568158
245	379.641	558.529667555504
245	384.219	1165.79722169557
245	388.801	585.287454033207
245	393.385	253.085687200441
245	397.972	482.727452061999
245	402.562	166.034852913367
245	407.156	384.941323755406
245	411.752	533.499130880995
245	416.352	549.71740411235
245	420.954	639.481051796079
245	425.56	399.305531528392
245	430.168	535.919799113208
245	434.779	487.728119177606
245	439.393	940.929402187874
245	444.01	304.867943030034
245	448.63	277.160870266081
245	453.253	814.846642229428
245	457.878	466.715967461888
245	462.506	564.524260807591
245	467.137	524.921832101903
245	471.771	773.43054192313
245	476.407	73.8256741286658
245	481.047	543.501715969048
245	485.688	944.259910091637
245	490.333	1602.26400879194
245	494.979	2379.86698891142
245	499.629	1953.19975666411
245	504.281	963.864915708551
245	508.936	95.6184903287217
245	513.593	1071.34321383436
245	518.252	415.614730990674
245	522.914	148.189426556595
245	527.579	51.8295520229738
245	532.245	-206.659795945217
245	536.915	-242.366348956736
245	541.586	-255.638452317293
245	546.26	-341.96070081053
245	550.936	-67.4299413335079
245	555.615	153.607837511706
245	560.296	74.3476489288538
245	564.979	37.8019638859032
245	569.664	269.535981342184
245	574.351	-32.7371850793309
245	579.04	307.189834524855
245	583.732	204.249468240511
245	588.426	249.286818745552
245	593.121	445.75424498708
245	597.819	-95.3198988221778
245	602.519	135.912539888421
245	607.221	-267.583683838197
245	611.924	196.116898346532
245	616.63	273.593608773065
245	621.338	199.103125533934
245	626.047	47.4023945981454
245	630.758	365.311877653215
245	635.471	211.713393121374
245	640.186	-392.548468308664
245	644.903	-140.186119948321
245	649.621	-24.7109374773965
245	654.341	-471.727763083148
245	659.063	184.171907555758
245	663.787	-309.364578936217
245	668.512	155.676829388867
245	673.238	235.073713593556
245	677.967	39.5466302907705
245	682.696	432.51229672931
245	687.428	241.034380687771
245	692.16	269.606812062786
245	696.895	47.6938328913611
245	701.63	171.011800627687
245	706.367	6.53848663277859
245	711.106	272.638893634212
245	715.845	155.446978909905
245	720.586	389.616640318639
245	725.329	71.8094975817646
245	730.072	736.489308918909
245	734.817	508.975194557968
245	739.563	58.9227178183863
245	744.31	74.5813324639669
245	749.058	-217.747681788192
245	753.808	-374.527490577364
245	758.558	101.07182078573
245	763.31	63.4555212162599
245	768.062	506.179914696163
245	772.815	-624.584722197373
245	777.57	221.23353837476
245	782.325	-340.759159031217
245	787.081	-751.26579558766
245	791.838	-212.721667782273
245	796.596	-233.898456120325
245	801.355	-127.768316957948
245	806.114	-696.703842864172
245	810.875	52.3745880344386
245	815.635	-224.6170337444
245	820.397	-135.053098985408
245	825.159	-269.091162496413
240	248.336	4217.56849457778
240	252.814	1104.7373760092
240	257.296	-540.666395820388
240	261.781	-3430.30728154619
240	266.271	-3954.79937591831
240	270.764	-239.337821676121
240	275.26	1410.66163553397
240	279.76	-641.951876077708
240	284.264	347.069907871629
240	288.772	-866.865382577668
240	293.283	1571.656147693
240	297.797	143.903487556633
240	302.315	52.8372410692787
240	306.837	368.579008514716
240	311.362	857.130728056029
240	315.89	1031.66100044931
240	320.422	1278.33178822033
240	324.958	2022.4795407543
240	329.496	936.488773966937
240	334.038	1386.93703720949
240	338.584	443.295943395155
240	343.133	1364.7150721325
240	347.685	500.755840958589
240	352.24	-36.8043143664823
240	356.799	-322.12518602158
240	361.361	382.067663709798
240	365.926	-1456.3237376444
240	370.495	114.699189398671
240	375.067	151.71662138623
240	379.641	1332.56440930465
240	384.219	2046.17811896094
240	388.801	2030.82027833297
240	393.385	419.016409404823
240	397.972	713.682649557869
240	402.562	-451.480197418982
240	407.156	1144.62003189911
240	411.752	1307.90181697146
240	416.352	508.964556214039
240	420.954	1363.6959869096
240	425.56	1538.97974303761
240	430.168	99.4700780849797
240	434.779	451.043547038167
240	439.393	1468.2950108795
240	444.01	221.443430019641
240	448.63	855.230989060611
240	453.253	308.980245975719
240	457.878	1063.49948979948
240	462.506	765.090958568036
240	467.137	819.449952840492
240	471.771	1123.85300141334
240	476.407	1212.93702724327
240	481.047	2637.40226176445
240	485.688	3085.62383115183
240	490.333	1737.07150025515
240	494.979	902.834284252865
240	499.629	409.53808823394
240	504.281	-229.770792114339
240	508.936	-215.27119529792
240	513.593	1566.92407943774
240	518.252	-12.0153487576499
240	522.914	-1010.79762695677
240	527.579	-547.180228645329
240	532.245	-160.521099983736
240	536.915	506.065288134735
240	541.586	-318.559910600204
240	546.26	590.504043357069
240	550.936	103.234575031634
240	555.615	595.879759835275
240	560.296	-129.921148345131
240	564.979	-563.845161192116
240	569.664	1785.03252062261
240	574.351	-426.483874051808
240	579.04	605.264931748364
240	583.732	596.219030375486
240	588.426	95.2005782845729
240	593.121	341.625214599328
240	597.819	-1004.93517272346
240	602.519	471.423586584975
240	607.221	-741.513694741369
240	611.924	-211.722445873587
240	616.63	714.467432642761
240	621.338	1050.65767090125
240	626.047	-290.616902208293
240	630.758	-1058.15479809634
240	635.471	-325.806066472502
240	640.186	-281.27093699084
240	644.903	-569.525098946851
240	649.621	227.856715242147
240	654.341	-14.8272269524748
240	659.063	1729.46553043966
240	663.787	-584.610705453165
240	668.512	716.453775400109
240	673.238	464.973148188574
240	677.967	-48.1856807495373
240	682.696	-489.261564274309
240	687.428	-196.651645010543
240	692.16	82.5962049487577
240	696.895	-382.406062160841
240	701.63	167.895499113376
240	706.367	-1494.44644413277
240	711.106	-411.731370721751
240	715.845	190.845556766348
240	720.586	1287.67087573887
240	725.329	-87.7058933517123
240	730.072	1985.28374840357
240	734.817	999.46288242741
240	739.563	-252.439072627498
240	744.31	730.102495110686
240	749.058	1031.93623274305
240	753.808	750.944706600083
240	758.558	-211.160730949015
240	763.31	-391.112392059784
240	768.062	649.850692559541
240	772.815	-1022.38937159436
240	777.57	421.71311692018
240	782.325	530.304223476485
240	787.081	-439.679380119568
240	791.838	-333.741775804311
240	796.596	362.224055315087
240	801.355	-532.979029152713
240	806.114	-956.262406929651
240	810.875	294.80936545779
240	815.635	-514.559043424335
240	820.397	-110.286970480518
240	825.159	-440.950775553824
