Wavelength	500	495	490	485	480	475	470	465	460	455	450	445	440	435	430	425	420	415	410	405	400	395	390	385	380	375	370	365	360	355	350	345	340	335	330	325	320	315	310	305	300	295	290	285	280	275	270	265	260	255	250	245	240
248.336	15.5841695772453	-6.03938740647025	8.82611858852482	0.790362614069084	2.73303392157098	11.2610055119401	1.89479617879249	-3.96605371757244	-2.56928315063264	-0.271083769758677	-3.31511969338011	-10.3668659822035	1.12474785080795	-0.731285780931586	-7.09208496572122	13.6874744181705	5.93714075707445	4.29306976133744	-8.13752147012646	4.97551172765604	13.8203782361015	12.1899134493231	6.68593565539284	-6.06670187354047	4.60492591574361	12.6815259007243	19.1194965924508	4.02676318034004	-8.03825926918256	2.88772157135157	4.64359251651102	15.3418160334754	12.9659274671142	6.97590162536003	19.8034941471596	41.7089916165175	37.6485431945466	44.3043264862741	64.5149286218655	59.7219008720534	51.9306386904839	104.765423355628	274.139987195033	555.096222864493	694.117535929169	785.620777385622	771.814011848907	781.75466743289	815.748602719378	2064.64329487868	41366.8449929758	128950.709125621	42220.6476969171
252.814	16.1765306421304	5.56415427424089	0.503384790962401	12.3060696126705	-2.0458541320848	1.87324378687303	9.64497389383569	6.25021023984783	8.67222633003505	7.79227703366082	9.74585439292394	9.41936862704548	12.5730769865358	17.5172831903237	18.2625751509653	4.20347374999402	-8.88867412494307	18.2301185883677	34.8816552434133	-5.95919203017305	4.80563045001	4.02756202512061	15.014576635305	22.7671609991317	24.3594174142518	31.2708914652223	9.24787669696914	14.0301724212688	3.93850557726262	7.78193253466491	40.2150145454207	15.3836872500132	19.8430553999994	32.101049616957	46.069073765093	45.1516713236864	53.1982191881173	48.7755261305437	65.4255330009219	89.5617468254131	107.082382924503	275.219708417961	606.163670119552	860.794343652552	967.867906032739	922.729651583348	974.958396229139	1015.92335685207	2023.83884316223	37673.087938995	141973.406587773	56904.4804548104	4521.61798635493
257.296	13.5428115118273	8.25780338758799	5.47856591784905	12.6439829078056	-7.69187784631573	4.44815240601967	3.64871219464335	7.17342780322784	-1.93749712297334	14.4557215063845	8.92833093855476	11.8612718671897	-3.10996642120676	30.3304543507617	-13.0265488000087	-11.6450266679933	8.79449893998905	4.62486439304899	5.5828373363004	23.5842184136248	2.11320665199698	1.49433380598075	7.42774886599973	13.8989865637952	13.6422624093861	2.65196378458112	14.8141169667664	0	20.7828120069813	5.98848696237555	13.968456923156	21.9854521364475	20.4864197599292	22.6242313344123	72.6587796569296	41.3465565437484	48.6243317874056	47.1981192789738	73.102914549714	95.7494481467093	262.01474009686	505.511020467327	819.34366347155	946.881746545813	910.236718164983	1015.05999009671	1003.21389670864	1756.88898974002	28890.1774083103	125927.172159597	62081.7633193414	3132.76813923297	4430.48733853156
261.781	-16.2410186155945	-18.9935419095951	-6.57009004229602	-3.32638059848736	19.3076936163291	-4.51370760080037	-3.13287238058792	-1.25502535868073	-3.37037352997886	-18.5804350146558	-5.79834452294798	-7.30761928628331	-16.229828236967	-14.9490486792375	-7.6752750018336	21.5231778904854	-3.12343813353353	0.93860478050733	2.06004185098506	-3.26342641932287	-8.57740118281234	4.0436179594088	-5.0248108207695	9.72677558122309	-5.07588287597261	-3.5880632373153	10.1690047761087	1.32057224124653	14.9381133943242	3.47242458724961	11.1676450994922	0	0	27.8140865437097	22.4394426823511	41.9559065210712	44.762913618669	50.5843651021179	74.7465394327902	200.355952753707	436.474754315774	726.636821918189	919.785909068486	910.774666189504	958.429017832938	1015.39206517516	1679.26311842321	21977.2111260174	114231.266371325	67419.2352587803	3906.62442643246	2507.33114060493	17983.1287688044
266.271	-14.6125375582579	-1.13635735239782	1.5420807370768	14.9828172033643	22.9801637174205	9.18166209690341	-2.31738341275074	8.93528541269018	5.14194210660537	14.9194022735083	23.2210830381646	6.12086661962503	10.087696138081	24.1482846848283	-6.93903871892119	-2.14616995952569	10.89190884772	21.0021294449627	16.7619259855205	4.97878041352583	9.26920634751133	6.16906383330165	5.62173395479666	16.3234039567111	11.7332089302551	27.3702799956865	11.6918127552183	12.535937808744	9.38413004839189	18.5417198225382	12.2321887958917	19.6361446546227	35.6797251091817	35.0248870239299	40.9879829343301	79.9501621958938	68.8089933083655	95.2347807589781	188.907365551864	429.04142905942	720.244596443881	917.444481760223	919.089514721737	923.656758838942	1046.5891599238	1568.32901636488	16436.4938645303	101596.385398481	70122.726702052	4721.52696063927	2025.45210852992	12313.6907693776	25182.7545099272
270.764	3.17851495301526	-16.4869142295382	-13.3725938833199	-19.3440866361533	8.36135908020597	-6.12472363544286	8.40547682521632	-3.57622529639736	8.57496551823281	3.64911916250469	-7.7449330319177	-12.6864270991193	-9.63485217910889	-4.92200060306126	12.1504904832349	-0.858975057329824	-10.4442447998878	0.955206128520634	9.43415257274571	-18.8198358058236	-0.545569494927217	3.08635386515051	-4.09094877020464	-10.3937563826945	-7.04408364919716	14.606104997465	16.6481767377728	-4.47976515849088	-3.57701828454283	0.441730283535012	13.5507798019913	30.5631560691654	28.2080396209984	38.6399932410707	37.7498598460083	51.5320588311149	56.943308710671	137.460053833723	363.630963905874	635.037020097616	908.044231746031	877.611989621797	946.220407159662	987.663039679017	1378.23313453685	12066.519472957	88016.108595424	71651.2514710617	5662.06477662611	1598.33717331005	7747.80928992106	22491.2274192257	6650.92428998005
275.26	9.95630782301212	-11.6865078099996	4.53115475627221	3.31367838946735	-5.7292660877298	12.7400023907427	-10.2138843515061	-3.75069865232951	1.39895972013877	11.6901999481546	10.4693675823727	0	-5.38928418855224	-23.2139436145399	-18.2653631846629	-10.0898771236143	8.89003110350622	4.20759269241321	-14.3652272270894	1.08365486962462	11.7488900117225	-4.02817688795089	2.0022491756376	2.9068897940321	2.29840907687889	1.78718087986394	9.2492885127536	4.82360804763083	12.6926776097308	15.5662411077538	35.9423077595735	23.5064435555442	43.143662425611	37.8234482802904	46.5323059215525	59.0904618600907	100.331956615026	305.027596571039	588.919689989033	833.231756031438	901.040217894304	919.388026913093	979.808015118909	1301.88772823476	8714.17890733948	73878.2136507358	72273.5038075867	6906.56392108926	1489.75533864214	4290.50744849212	18590.0174281176	10374.6103517358	720.94769579676
279.76	30.8549144381047	27.0527426315445	-0.978976392339338	4.60244018614014	-7.1617523615943	-9.10765222434988	4.9652003588769	8.02251782732334	4.89647507952585	1.8942902615158	-2.45695005373146	-8.74300125713057	-6.11299038522347	-3.8325815331093	-7.84674058597551	17.5759548719554	-9.0754551964355	3.18174272918523	8.47967539497334	-16.8572530877045	-6.23061965760803	-13.2177687086684	8.27337845799597	9.89173445310339	-5.36308163153175	6.95031260640416	18.4133719094287	13.2165120826666	-0.425530887267876	13.0322314297095	23.712501194145	19.945333954305	36.4932127845697	61.1469140168946	53.6680246784037	94.3494733057028	258.648064237754	553.512229432829	812.243925814749	838.161237330388	879.149639075715	872.29911839195	1172.16139507335	6954.84287018992	61676.9382953379	71470.0215544227	8567.50328222551	1849.53549305058	2937.1076046605	14462.5020801922	13884.3083681857	1474.40514860493	700.937984944719
284.264	24.7590780103673	26.77666482787	25.1563614158344	21.9013053239617	24.9920897988056	-2.7737560296906	11.0261883203201	13.4195077910278	10.3557814638134	21.0331906541089	15.7003013461269	34.0762299010066	7.89570875335576	9.32155940297687	12.5775923468293	24.1187060770798	18.5085961085504	30.7140587978033	17.0901017849974	9.52581783445737	31.1316677366431	6.98871749386378	31.4959509027266	28.6909527730125	39.9827680269228	27.6994407486597	18.33957324203	29.6203281731138	32.3990979042657	40.0100350769078	55.0337558266221	29.6601389055722	52.2969046648858	65.520352407085	100.043857461409	254.715031598921	500.295032492763	773.818564586028	818.444650388863	834.413884439044	804.071792502332	974.542477149722	4724.37684119186	51021.1758577466	59420.8200475405	10037.1911335037	2101.30371559348	2400.92421973144	10805.8838096244	15866.2930560766	2946.70340828076	1122.58353481479	2082.16299056424
288.772	-33.2052453266859	-9.73630073802404	-2.2020892440235	-16.9783193338764	-17.8994417788894	-5.24456051093058	-8.68670364177705	1.3124135005262	-8.81122379712338	-19.8845608522604	-17.0535475189436	-13.1108841026663	-9.0359995566656	-4.21467669956753	-11.5191405095148	-16.9172977386225	-13.6094274448792	-20.857386277387	-13.9128046735641	-23.2249932676631	-8.40901617586557	-28.190127868422	-9.1955127822878	-22.8859846356496	-22.9208492556709	-10.943722572935	-15.4115936149661	-10.3571821826808	5.36021009723626	15.1300293002845	16.4694036739115	11.216155392746	43.0249511604713	44.6292083734055	166.014590695764	403.022604909326	643.191104460457	755.945401189882	742.167509377053	735.204708902475	778.674304249522	2989.59709789363	41270.1269441822	48221.8806118258	11085.0592475039	2127.68168500198	2377.03692378311	7404.51341933424	15670.9236629416	4977.13234527668	651.815079177348	288.730278220362	114.667301995888
293.283	15.6534983868026	14.4656841439786	7.17673867348492	23.8163602680197	4.11778842661475	5.02715644277356	4.28225737388982	2.72568767910526	10.3228521620788	4.08434597516352	-6.35701989310079	1.07720531750085	17.3228560500031	4.03996466058107	10.3292711894971	-1.41008876503378	11.1816621190211	11.3684434548238	14.1964655828464	18.6275901269835	31.3461366627693	25.332708284312	25.6035268317852	10.5623970765941	13.4907841429789	29.9716277877916	22.8977361513487	36.7697901474236	38.5350898356208	44.5962343578824	42.3370413827963	55.9062884653601	62.2239076819157	165.584940031001	368.377007328309	619.958641969751	766.518162788372	723.709990285255	754.445875971822	762.195182798736	1977.30337263912	31533.9822526206	40426.5040469989	11781.5091686759	2044.62329155537	2433.5311332827	5384.33654678056	14942.6394065581	7780.42924631606	1544.01808273617	943.162221603991	1084.60576220829	1392.24361841196
297.797	-26.2671759217223	-5.87273653212679	-15.5303659299941	-11.5283001856231	-15.9457114516842	-6.08348293989781	-5.52753350192805	-5.07449265698085	-13.1733098117641	-5.27206966793636	-3.80975904700611	-26.4186552232182	-7.29141036809393	-6.04440677050398	-25.5166280214633	-9.21446460534174	-14.4332781927084	11.7648009293173	3.74825116330603	-11.8756246303845	-27.7450708176377	-6.13114393487998	-2.84438171793778	-18.4844648222917	8.58256035421045	10.5181224489498	19.3069867282321	5.33952090678272	23.4493545558582	25.6233446839706	51.75408649048	36.7757729079497	111.021726757058	305.610407371317	544.01128027248	717.175935633946	727.668593024667	721.946406070825	703.361347119028	1466.00083542031	23682.3634566352	35401.1163452338	13389.6643827106	1702.43422861077	2127.46023074822	3844.35507818584	12755.2637060146	10268.7926596858	2227.44297389556	1135.72659066408	839.874557618855	564.830823731334	1471.97223083954
302.315	20.827528212035	-1.33044468197792	1.60485753417483	9.05385772255365	6.84857727225503	11.645692210874	10.1744527076771	4.38382998098179	7.35799102864354	5.43436546409006	14.6724532612067	7.84880162824181	24.6950004524212	16.4051808293155	23.6956160823261	3.68533888108506	3.89651253965771	10.0592373413697	17.1717227288368	20.7258493424812	17.0233197625874	18.4580783996664	18.7484814931314	16.6018268711159	22.3458699581812	20.2952068544789	35.8013424603771	37.0420743787781	36.9718536191417	45.1401144827292	40.2363695333846	113.417110615911	260.956965361969	544.657880235508	739.46131669463	718.599075224109	716.774517572177	695.490777145409	1149.91628527834	19108.310413739	32158.8999383407	16541.4549026752	1248.09244928845	1690.80083375402	2812.03925935763	9725.30769019472	12471.1774366613	3529.95796735102	1708.66873506665	1306.75973845297	1051.43185250269	1108.98784578705	1584.3142149765
306.837	-15.3300631908215	-35.3801251132808	-6.80172745290293	-6.01916455680018	-26.0174580319514	-9.82671704118695	-3.83302167611075	-5.56394544650565	-9.11639178271885	0	2.58207515136782	-1.36122312446799	-2.4983414758438	-17.4039159965986	0	-13.6981655568497	-1.05973787905948	-15.6043036056514	-9.78519824643913	-47.3650058054763	-8.06365014140771	-18.8070345643863	-4.77357001349955	-10.7805090012719	-4.74902651682387	6.03616854695946	4.90028101373951	24.0454182183032	12.1738294769551	26.1155251267585	75.488981414282	216.694972030206	415.89311281289	664.778705990494	698.255884116371	662.01112028293	680.557327714168	953.860530050063	14312.5694432189	29957.2364778074	20405.3545682339	1008.34773663024	1016.50937059128	1813.35196648961	6478.9849135539	12732.3209810946	5086.91259326932	2071.65785133131	1509.78922018216	1219.44784148331	833.532268887754	701.828811375155	295.149912010642
311.362	-2.96335956881461	-2.20846352744163	-18.7810129363335	-1.1271671889345	3.57287983872129	0	4.72892578388924	-5.75537570704688	0	-7.47432889940186	18.0516858888689	-3.39875748146435	0.356454915106293	9.03860009170333	6.06858067337525	9.34302336781359	11.6423859633665	2.22636928171185	0.407201375854466	9.46103044812037	8.47732671359751	5.99466023850587	13.1107289874451	14.9967341196395	13.8642278927551	22.3410631269227	24.8200212309504	36.8926591331976	27.4433491322166	84.7682024018805	200.709958646963	401.295001326386	643.425927669659	677.203457489379	677.820992995003	671.850964893266	888.83497040196	11072.7548490741	28112.5879590438	22860.8611948377	1186.49221633167	683.489242465969	971.480863061965	3964.47253207279	11324.9068026445	6667.49204470085	2528.20315381594	1955.00921182563	1490.56927970909	1301.48871002084	1088.62633517494	856.706808112052	1248.46704420651
315.89	-12.3348677226074	-6.17745584302685	11.5765869712938	0	-9.40990221233345	-8.61598125589427	-4.49919261546665	4.36173975154233	-4.4369175314815	-10.8139631199027	2.57620912950105	1.69766333034725	2.49266568220154	0.347287547039484	-6.39925788958497	-9.66693478269809	0	-8.15511366724492	-0.813580666022964	-9.88109289867762	-1.69375388265091	6.38784962739494	10.3192381493028	13.4450219695545	19.3174300585137	34.0091600793638	41.5577616953735	27.4677175129661	53.0961262500683	166.622511628862	362.338164772785	617.77035098313	662.27523784638	671.637763290439	667.370381726224	742.403938728676	7922.73506719197	26695.8747691594	26314.3547770286	1406.65614485171	625.444990593294	600.885378983818	1912.47416202686	8752.71646690889	7651.11824646735	2760.39370602355	2204.93350002813	1835.00267766169	1388.75599636691	1257.23338553203	865.506266274718	714.380528490379	1039.33899945069
320.422	-3.95347586745901	-12.8166412811573	0.399831639936508	9.0226545444029	5.52497924673238	18.1522807498163	11.7166255735384	2.18436078365051	-0.888803936789907	6.44718629669713	-6.30748031225854	4.08091385242225	17.1199246636983	17.7400158754929	1.34936866332392	6.00977085425744	4.23609121615594	-6.68304615134729	0.814882960666517	-2.58180248253066	5.51351146551468	7.59771362009498	9.14316886121283	17.6988855474215	27.3797425125424	35.1280858269848	40.5749313314827	48.0583863784081	151.548803894479	333.435053493359	570.202873277199	657.45287744529	684.921147678048	632.894956030302	710.827429969118	5838.09614770084	25262.2242048963	26725.408994159	1914.25258118577	640.239011518173	547.503737945011	941.040153288331	5980.04513597346	8012.13662991244	2985.23281866402	2319.27920231377	2122.4189163138	1853.06137833017	1489.7159593905	1142.1622545465	919.658997504826	793.452394086265	1561.50399655265
324.958	6.11924721769685	-2.28020494676048	2.06288401418031	-1.1637829504986	12.7436247329953	-3.99183300852574	-0.46500417409585	4.91779674702598	3.43925902143883	4.78994320509892	11.2420229425313	3.50916532049409	5.15247977099098	5.02503986607754	-4.17714472808925	11.7136427079798	-0.728520372041705	11.8765772204859	20.1806024146021	7.10426894657199	3.93871980694158	26.4080869089636	0.820401693409375	31.3648220792659	30.8894088077551	21.6022481238724	38.980841265463	134.037579930443	312.759245338073	569.423713518747	658.156788861642	707.129534264574	759.079868862419	680.821162700552	4028.93912986344	24694.7827968325	26047.5589168341	2667.45468021391	612.043065219525	563.10221252426	649.042640409789	3637.55366905469	7969.11187044866	3242.91533283001	2090.05661187584	2205.13588503294	2068.13998912247	1829.85750040636	1497.8788398205	1210.62335275749	1170.66097561051	1001.5002619272	769.83330184998
329.496	7.26336443671243	-0.46397750562199	10.9136796220065	9.47229083464414	-2.72955852849899	-0.93722381172526	-3.54822508017306	6.46270115649451	1.1663709032107	-3.24886863573415	6.32081692914322	8.56856542407492	0.374439197937099	-14.6071171993685	3.89568657294347	2.10308755222552	3.33539490546065	10.9139178613032	37.6416461377617	12.1970898279469	30.7223699790634	27.2874761943352	28.3790930353336	35.5460588642649	34.4930263412143	40.9762933439773	124.853124655957	259.578752822455	522.917177783172	667.296946969054	659.265131049485	881.923484494202	816.174406197599	2918.81926021132	23851.1223056774	25116.9377711741	3716.12897853538	576.564692334556	518.28499721826	522.779270490497	2009.88701522311	7110.36504506895	3766.70570788111	1542.80998403053	1835.88305583446	1999.51997592877	1918.65040441786	1551.41887554237	1296.62754537473	923.141808392678	1048.58481971322	1078.42897749191	1056.45080573681
334.038	-10.96494471189	21.4798927859194	-0.844899786164676	5.56095230012521	12.7051998274441	8.48912982498151	-0.714197801279519	-1.25887028530255	0.939083080387738	15.8036080791344	-6.66429095995429	5.38971109473656	18.8420721513599	1.1025622759724	18.1776966360509	-1.76381673437569	12.6812195202197	7.84566927705791	0.860980435822573	27.2785361077975	26.8864972515176	29.5750443847647	31.0812638894623	23.5783890290281	47.8286175004858	101.22344202052	253.525685861903	475.022725215864	669.132990679724	650.53454036376	675.701853622253	834.147334671583	2195.61724457992	23100.3238981718	23961.2683778547	4949.75942364653	560.825439930381	519.538420073872	471.91040510717	1177.36806966025	5553.90502332988	4752.0375903432	1172.84497118742	1308.23908658522	1670.67570802022	1816.71726013223	1684.89261148525	1403.05625763914	1277.49287934454	961.884505889006	979.648214328238	1055.40709926831	1741.49504157205
338.584	-17.1904474073032	-14.9076897059264	8.00783090931328	3.17027699924682	-11.6478235142655	-4.07782751704525	-12.3505610400273	-13.3966371541943	-6.32402935760284	-5.16497170789091	-3.02215933621925	-8.96190476606169	-12.4067687276855	-17.966523220614	-9.24545122589591	-1.7597037006712	-20.8380088991329	-29.7440212294378	-3.43589088275374	4.98940299961228	7.1530135437913	16.8606162945531	8.38075288537886	9.32824749420886	74.65415104211	195.990360862111	404.842668995799	614.511036225603	632.765068742959	630.194967517001	637.948321854879	1702.32933236842	22551.8288169458	22989.3888348094	6589.67921822327	483.807735352381	456.013251342414	412.417689785098	680.950814841029	3880.17996179858	5510.88962685987	1294.36001999036	770.247669906853	1112.55959446425	1464.61670195497	1625.43853502213	1561.24031225074	1254.87925355156	1084.61498193575	901.71037939664	782.685627506308	799.044128994675	731.551183027215
343.133	-10.9293402958897	-10.2396346340451	-9.26371931068241	13.8572381471687	7.18764423595114	6.58121695779392	-0.949171626957178	-0.627391295531844	2.80810131414722	2.7159124096134	-7.24652863990005	8.23738880933742	-16.9028008302453	-3.66327377174588	-1.4210722822382	9.49368287820326	1.11529783815404	-1.95504837532357	13.7309557590448	4.98482592939724	14.7395565642236	40.8494864908285	20.5140085939493	66.0482388821706	196.075721047302	378.542184840851	587.92000729807	608.812744118998	664.397824305206	647.337258333541	1088.9926429457	20085.0011629539	22569.0287925178	7918.86017104544	451.372887021507	400.191566644427	406.856862188581	455.978263365031	2397.6542567387	5547.43883094981	2022.11347374015	562.501098318425	720.884569466784	1028.11867351282	1317.54236995161	1402.54621302084	1271.04424203743	1163.96925640726	924.907980982843	832.939483787315	762.120730336515	619.250681277355	1516.57618360277
347.685	-12.5421286063839	-21.4983419200628	4.22812736362052	-18.2873940243133	0	-8.49642116002043	-5.7184898205932	1.46994345419697	9.63386902746765	-0.272710031689869	4.5477374565579	-1.79811344373436	-3.39448601784612	1.47134569265979	-1.4269262357321	-8.82665840510951	8.95913749530457	8.24502833931808	17.2343986818518	21.8415725690638	-0.896986337729548	23.6803571720432	40.3562719984694	137.116239155911	359.408778104617	555.706212433046	603.287974012846	576.335462566955	663.091498404689	944.86599581243	13674.0526844522	22455.1797828599	10220.8349517614	441.010237086685	354.387023354157	348.987647903158	329.379622411733	1338.00379958566	4922.60055360305	2831.84643213624	522.421764149297	423.322552110594	619.068890722088	847.191489963416	1066.24865756513	1134.0015362922	1088.23508898758	923.091050556608	789.501922978308	608.958718350689	677.574139150317	876.51553303248	843.974500407978
352.24	31.787545704323	28.9016547250845	39.4349802494184	30.6304461248588	8.0135731889823	28.3927862925706	12.0777449504125	9.57989704243575	7.86097762603902	17.6940327620379	25.203666090294	11.6665595270357	23.3242178407079	16.4079055197452	27.8469731542995	18.6125292715685	24.977250807665	29.8524418205455	38.4383339241313	35.9818102057261	51.8330092375691	60.8743455485689	178.566328692182	351.021963596574	566.700114151028	605.590419644415	629.603512850675	643.268104142696	860.784911469373	11714.4658407528	22857.3716088656	13571.7920429568	520.492257875564	362.090022041375	348.396882658431	324.758248127573	762.321301533342	3892.25667906084	3771.05860364389	721.687378836109	398.58240792382	472.250820447004	602.18565240499	879.726985708744	1031.49718934006	1076.23057134451	986.393926779167	928.446971366854	863.524400986744	909.378960912861	828.337839502309	1344.28935820442	2008.81983639588
356.799	16.0708953051289	-10.0606314086556	13.8693736513792	6.11285450317084	8.80747563280994	1.61287637749464	4.39644277750851	4.95095790478457	7.46684926223573	-0.279550274470348	13.6746308495188	25.8050041303563	-3.09300278343925	21.4925722675826	13.8958122463353	32.2110681505593	25.6382614424439	26.9653753451899	28.2666881125785	16.7920599639587	57.0080685040722	146.946324906719	301.214443164744	528.855535785535	567.871024209936	599.646244040045	621.45325894675	718.009719003016	9005.2056817654	23367.6681374468	14319.8200001919	624.008592165707	309.387308954531	328.263239165857	298.082625755823	409.437816101445	2532.30959124157	4250.37238224076	1117.89594246289	347.268657138235	347.815463008319	398.723898078796	508.731703196492	695.958042183029	806.147990241573	876.015284022346	825.766329569138	792.759137746225	801.793638452189	595.740952110499	567.91260753636	898.500712710877	1090.83307140146
361.361	35.6022062148245	17.8493261850824	-9.16516575325864	-4.9243419678543	4.25703132966795	3.57304035029446	-0.983791508866233	8.67032841060204	5.33595956284075	6.19293843319845	-2.50361232265366	5.19694460067111	-7.00772398187272	20.5031910523767	2.94580833443765	16.7643650977741	13.8717236614024	30.8006171211889	23.5713784834203	40.8634365187311	131.939143483186	269.313642274042	503.350801543739	585.456636824391	575.810810132805	606.146362305078	638.762799962675	7081.0913695171	23817.5242364663	16458.8441334376	794.512587396266	301.210027692248	307.802035498048	280.986076201916	308.067939383105	1547.12617669538	4107.58719690532	1752.41935777573	359.905127136231	312.686028596966	275.186860728619	346.204290789818	451.226475710215	545.323402226366	669.549405168355	697.903460793161	725.073134171865	498.174928027063	644.767693641765	534.684554668438	489.584691705892	765.564730784106	624.968892683074
365.926	-1.08214884936315	17.9038263338496	2.1888452774311	-0.823229613700434	-2.13501475724698	12.380918440093	4.93397681817746	2.17420047837151	0.973136743212062	-3.38828051458497	-4.70860633973877	12.6596879004067	8.9816545855968	9.1403530514915	5.90960580648215	16.8155524861574	5.41103065138939	17.0733658575018	28.5504604151442	103.177209927471	250.288903734611	466.71786448313	549.718251369912	558.598177467542	558.383277436196	631.695427130303	5913.09697435591	23910.4568855523	19597.4239331293	1038.06926446999	250.764031102079	295.068883488816	261.473969992484	243.219537326288	776.686513302474	3418.66517034547	2493.84350093613	428.371975730413	241.323353905303	260.844571123763	299.447582428905	326.160420472581	423.318069976251	513.514898867923	553.7547579307	607.118824183165	528.821831932821	549.364608980128	536.734307547366	507.539138621254	544.726909795831	767.902263937236	1576.6909840919
370.495	-38.6409342882196	-1.91982763842004	-26.4870145559934	-1.63308615209017	5.64712926833875	0.32316727918441	-0.244695072990645	-1.29392455057686	-2.41308152819932	-3.92088643615195	1.55678717114063	15.5114175342507	-8.90870267692579	-7.93284812465333	-1.83175189792597	9.06465821765947	-1.9168144668651	14.9186558709472	68.5840229747994	183.182443423283	407.158224356228	510.696236569064	531.870164936587	558.657345400366	577.635219241491	4733.91513846152	23852.2930969487	20069.3112311651	1509.91337459752	233.82211388445	235.442109676651	260.972222665031	207.25689796921	421.418422494995	2473.23605448261	3058.18861915279	685.262457124146	265.846838797489	243.741843423868	241.615776879065	289.271954617813	325.9031898764	376.307317246077	448.222688739275	523.771458384109	472.324541530824	485.903473092295	486.680033618016	470.295739925199	368.48029517154	573.048065056158	477.002393964403	659.469405024802
375.067	4.27864529002176	-26.3066842771415	-5.19260869281253	-16.6814629943106	-1.05518880796733	-2.25437726840273	-8.04711743973166	-0.644733345266363	-0.480953584313027	-10.326642131239	2.48227790473817	2.57632953745827	-5.40400620855627	-1.50581289240368	6.5715879677168	-1.80668568774347	1.14612636688215	42.5926843883957	151.246924687665	334.832685297193	486.080368708423	498.1175394551	515.410087764623	538.827257645596	3851.33067278486	24088.3982788077	21737.2855700921	1895.39148707321	225.706707697758	213.319771020407	247.134803048284	221.502949532768	289.604967736095	1677.59812023075	3424.56611111749	1136.31480944444	263.49199777266	235.442971715424	257.931968495599	237.683141492788	308.118392888874	309.882197767662	349.352216814831	380.503874296131	477.301991344987	507.225891201621	415.940661427879	404.665339938134	408.685006097618	406.000671004453	428.305339539338	314.350315591545	356.764294789174
379.641	-36.580041997551	-15.2050172463647	-21.6759054392743	-25.476114400037	-13.8919218744271	-17.9939332177037	-7.51702391654191	-12.6286889542996	-22.7022446646262	-19.626814463383	-4.78244463830179	4.25455529929547	-8.55234464232199	-9.42874568330986	-9.84748677232754	3.82890718655952	30.178291935486	107.607736679605	273.557013836392	409.131904841438	463.386053008692	486.09887397476	469.979272921216	3105.14512429204	23848.5601368503	23023.5169432652	2293.75588367525	209.489691570009	172.492303685658	211.580798310922	196.265495703133	190.022943586375	952.32387549153	3100.30080366547	1756.36540429971	331.333076298209	221.101772879285	213.490945716457	239.129444734286	231.950876556271	259.647550181124	278.422658838301	319.425124609709	339.743348687864	363.616488353398	369.983637114325	316.958205293337	366.890632587132	279.919699473833	251.604281317879	275.062751935235	228.960883326054	-578.825045884017
384.219	2.55643997446872	3.20074268585082	-0.413669640249213	1.55582078666443	-8.06992431729721	3.38665175054919	0	4.10901921205311	7.35652045630706	12.0065771321053	7.11903216081463	13.018303596284	2.95207297662015	11.5162291202812	11.5175752706254	32.1251265396461	84.7322097239427	240.081371224472	405.945768338728	433.617909111468	482.235427312104	490.671121380545	2581.23966379679	22881.333917809	23720.562111033	3021.67939201008	213.514958474488	172.944926495829	207.140489202417	211.745785370575	200.044309428613	548.520078755856	2546.30333255376	2403.45989313113	503.405178013603	259.731981933491	250.644307444962	288.065917320032	311.467051761297	284.519691637852	307.201738756427	305.356642762941	377.371876454856	387.477625877916	421.965145060368	417.052496279038	439.174983605136	433.78670976876	428.330904701895	479.598843853088	647.323801968277	894.209281373516	1489.89332160323
388.801	19.769958358909	7.95619455514268	5.19848947015803	0	15.2769355231619	-3.86902356842393	5.18302975330452	0	6.88912920767112	12.1222916094609	6.02156218379195	-0.340120523616337	4.9939628304126	12.1761090911116	23.9544186649258	67.7857029393634	183.234848367825	320.456738999659	371.227615799653	430.786910987001	453.439440847593	1959.26606427715	21163.2337540358	24169.8269311269	3575.53067917259	225.345906824098	157.773116492496	181.809787581678	188.07018291501	193.012305492159	311.307494883339	1736.68960031049	2760.94530556998	769.913064986197	276.831299868145	243.826307478077	281.331717588102	278.465915829957	320.801233086027	308.462611863345	318.867029211588	331.5272577688	364.187697568806	354.411829031217	395.76289064194	372.290466944848	372.906023357175	404.20706565959	417.521380510478	427.769283423001	542.820384055727	836.067838682227	589.978473412195
393.385	-17.0256341065358	-11.4196208642349	-2.2958319662643	-12.592235062035	-5.90944942997527	6.54999382881616	-8.19397235453874	2.28047135664643	-2.55175464621541	-1.72758705411411	-18.9318913526501	-12.6926550656884	7.85055097321991	26.297993231408	38.4175159461214	128.446759162369	245.601015386472	310.900698732088	352.098910555183	398.619748597071	1610.52801277085	18356.9985489085	23887.1403305655	4317.67221534793	200.535690852613	137.865948827685	133.562453985162	154.639262141395	157.33989442421	191.261122034513	1021.449902324	2667.770848008	1223.38942061118	297.826155288863	227.793975890839	261.060266612862	260.341408240057	281.531747531628	303.108037212013	296.073850153252	323.149763661655	303.002091761471	331.028774993529	317.184125462988	346.943900055956	323.934168147354	339.257571247586	311.788396360624	344.810152065536	322.426485741016	220.028289580984	576.279894299116	514.72347363984
397.972	14.6494514325826	30.7057545152048	-10.0005342415342	-6.26870556311346	11.4405684816819	12.9563151007877	6.26185117202649	11.4052721845025	14.8204282604037	9.3170214822842	11.9516540971491	18.5870501778339	22.7977497123026	55.7458073988911	129.063357662633	212.483114724503	286.137243469305	360.450403983426	343.847520399541	1083.83519617999	16594.7438956592	23260.7026709888	5106.99010519084	230.964575140229	143.389130617632	142.656412715159	157.153414585099	158.399522932617	171.301014442695	628.580991578968	2275.2958128812	1710.15843724984	371.360683256639	240.729135110889	267.153286895132	278.857498694339	305.317040769797	328.916733236278	351.920429996481	332.59328367492	365.175694420216	337.17070213527	354.784484412846	343.076414292205	332.08981578016	372.525740460682	393.227047242825	417.691882187752	444.495191346632	520.175685588864	652.921369876837	931.908934338915	996.493703700318
402.562	-7.48242092277941	8.65970347822475	2.84886096403523	-12.3887908498999	4.34187281750972	-6.09583650103181	4.81631140161858	-2.47607520177383	8.9055880360017	6.2015190822427	8.42657851839881	7.26928224940037	31.4484985470523	104.094363658716	181.472857068853	236.404993587609	290.509365358785	394.168867671116	746.092132826354	12935.2666345576	23677.6617718109	5960.88912825505	202.874580957664	125.421873485435	128.755974831619	146.952288134729	156.077981319106	142.366199979534	324.747353979258	1690.07903491081	2078.60439204434	527.816981040601	223.684486776615	216.514402065883	240.072392224889	275.240395717044	303.22104217328	319.266858917955	343.138073773656	338.478067248666	325.692064995037	323.188289348943	325.402115296985	336.035618428099	319.284170559778	310.062513974335	345.366483592481	391.790589045016	404.213132929392	438.40069779504	540.464263682716	725.612577073465	247.243385945048
407.156	44.5210722763105	22.6402158782435	14.4789595115433	26.2317048946306	20.380574269816	12.8787520991497	9.55249422745335	11.7512164886651	15.7004573670483	22.3219754123086	10.1290695421718	34.2418618668949	87.8903418862568	175.734162319415	223.464340960258	237.682271099101	366.351743324817	705.044864857775	10403.7443420505	23818.1374462885	6744.94657768157	283.609779848666	155.893573891991	116.902250107162	137.680460507091	149.804040035306	155.397535910762	233.765291471799	1116.26224769519	2212.55288246979	889.894415402783	246.723878583355	221.823776592436	231.372129241225	280.954524212165	319.453552096398	341.218394815435	338.044340366684	362.441701820857	372.77086310868	357.170404354689	356.00288037503	330.212299160583	342.445853687051	362.371346955981	353.477999358293	417.477365366689	463.809472368196	572.206728199758	555.049856069438	759.011198431733	1176.3513092722	1302.55435452963
411.752	-20.6057841955789	-21.4992377775681	-9.37777323926383	-5.22518745096971	-8.46957833174899	-5.94549482596723	-1.9573027777322	4.65751491736235	1.93021098476281	6.4966132497322	16.4375074604663	52.2887490442123	118.66378324891	181.902691007086	214.799570257042	233.764874402564	484.813530309788	9692.785258063	22120.9647154493	8321.36834968043	293.999522935834	121.578328347158	111.539895061335	98.5981825574436	119.55513962945	121.135279464266	135.21305329751	671.586376084458	2033.28351890943	1252.55470865215	270.095496908049	188.405975381585	207.452830295219	223.310971075872	266.567617405821	304.245757707464	315.319047500535	344.307215715161	350.241547096346	338.424907500677	339.338232072925	332.437265440167	294.669233981683	325.937206436192	312.815574642992	334.248643291843	331.865737606883	377.351255753015	458.948191792411	460.799167954075	533.683046516991	713.870846027233	648.078853499122
416.352	-2.11257553261737	3.40072784065601	-16.4086001340279	5.46418186206125	0.55573130450478	13.7387828971887	9.82477289046839	8.82852529163314	6.83914190669631	24.2535900326645	36.7686443576156	107.28912000054	170.156266105478	188.25246609963	216.314199316276	316.284787928169	7225.69257225633	19880.9669315822	8956.13133989277	382.611693608349	137.42864856528	98.8053128448965	112.15947831022	116.780297769753	119.541859264723	127.415339889993	389.07223246311	1632.53116344807	1658.55998168215	407.21298848447	193.492800406141	188.335783291647	195.099046489009	233.524972874535	280.638020954212	310.863034598947	339.590203012421	351.615410783508	348.546621123388	345.740218347141	354.015523361581	330.488491096151	312.370058307569	329.112422559063	323.793809518329	284.452780953138	338.400978734222	428.988759577882	395.429819593698	565.891033093947	609.04858432218	660.210589928852	1379.54755334787
420.954	22.7684797485406	34.8005673300584	19.426179210811	3.46416055406203	7.35068365681331	1.4956668028117	4.34119488796883	13.8067676800881	13.215590285797	41.0455473135406	94.3860936293071	152.124679772816	178.666872346654	195.227444666752	270.718775545699	4579.26639487124	18562.9117218928	10522.3287501651	464.862579468645	118.590500158555	104.806733309728	97.1425625676258	115.885843882668	128.922975273411	125.993329080794	239.869519077754	1157.09542674087	1822.9840215198	648.43803325898	191.866917216983	178.479041449089	200.450140886297	222.726422809223	231.729253100627	271.928936419464	310.010939202282	344.522824258925	353.778592721858	371.896629294899	380.743539565865	337.898329707268	344.10196969034	329.988675073184	327.114600667282	324.025871922345	353.021884449308	394.987580344743	419.163574356171	512.226406506335	642.520781108531	697.768742228309	824.89731794061	1802.2063472869
425.56	4.06132239387602	-9.08018298668188	6.57181780284091	6.48814793040834	2.4038236283204	3.17923827164629	11.6658964699938	10.444556905348	20.0870899360115	59.7664802138499	117.102986787108	151.758970299837	185.835307397649	242.414191549034	3541.68472469436	16899.5045653686	11130.9332725416	622.153489881629	120.209295047756	83.4568766433528	88.5313337421377	93.6596519175343	101.276564104052	108.773948159709	140.108130241401	722.60165727822	1762.13281746667	939.305868500309	228.811000701714	164.809875924808	168.675786627509	194.143390582045	213.439771790331	241.118807934408	266.481197485566	294.73333596921	324.107663629182	329.934470934559	356.01736645401	349.598387008925	316.430822758481	331.702257555137	314.24675132675	334.053172994974	325.86970909437	298.784224675028	362.050343872735	414.614357725539	478.324534139954	540.02138909844	625.700825411619	751.053584445685	613.122716005895
430.168	7.96838011743041	-3.20678381576043	6.76935664036671	1.51545845327815	12.8389276646475	8.87675086786351	10.717713950613	20.1721957200549	54.4591055596809	102.293080210174	126.436216501224	164.504723907613	225.72580522034	2595.72163146546	15999.200187187	10147.6663801921	765.289582874281	100.27616228594	76.2086324380504	79.4434668837863	78.9855873460624	91.8808747208159	101.276090823054	125.320002997563	452.663392555983	1472.68129642548	1207.52855516128	293.117359221395	168.138905665661	164.171459970023	172.595288705711	177.868608999845	206.071319248525	228.654847418768	264.925281641486	300.209067481056	319.249999025807	321.608983971337	343.477116102988	338.724780488661	329.719863911514	344.047761786609	306.808273031311	304.181044213538	319.680815629886	309.436804294905	351.474578062177	452.179654597146	497.171195954932	504.721890167122	738.404294297637	662.539512428798	797.308490097157
434.779	13.1156418731425	1.77718541425039	-1.60780608186121	0.302349735114495	12.5461209961587	15.0774681211848	29.1750486174029	49.5085132051142	81.6673912485548	101.00565209415	134.888707547792	191.999367324861	2107.16255650735	14239.5625343982	11401.8464929323	884.22673801638	115.264771943543	83.0105431731229	74.7113514890884	82.0175164238307	107.78504736918	113.524743340909	95.5931114222945	277.875930753015	1164.707310027	1459.37371167758	446.44013994826	176.168091037589	162.415944012205	162.941061361578	182.284517657425	195.995436083124	215.762541073468	257.309262129604	265.150879621961	290.882696432079	304.228027760542	335.202180585666	340.114265016733	353.638459688587	338.743241009469	336.120013644402	323.169044823804	300.083533340643	316.945812348744	336.600058353584	375.526243665293	424.539047599363	505.706049344005	647.614125150564	651.721370748742	1031.25942718133	641.866820932177
439.393	3.94799156885177	7.76758516329896	20.7624034672789	15.0168970564036	15.8379393685902	23.7732455562082	45.9014600171434	71.706286496916	85.3843282448992	107.956453588862	158.72800902144	1549.4111034024	13510.5378183415	12334.3693246716	1201.1586533366	104.558317567629	80.6560968718329	78.8988554543206	61.5196925850307	93.5034809486509	112.150195476404	92.9628477581313	172.764662344512	816.093137588749	1511.59837513363	673.807101259062	186.106329943854	163.310952176836	167.444330476781	172.007220034016	167.498036482504	189.53931069626	214.874337031532	229.088722100338	248.914810451737	276.450540846231	305.740162566852	321.407908477033	339.64065704221	336.410120090485	328.35170096447	317.167346018285	306.449037173994	319.735581696412	303.200215987503	338.21244534312	369.361424790391	442.580290861786	489.886410861139	614.671235689385	647.384905449709	894.22550074703	1136.58404283137
444.01	13.2715381850738	19.548682681018	21.1594901879843	27.6159046923897	26.9540647611928	32.9065717527803	71.5448701297624	79.836723810258	94.2482950777425	131.180510642804	930.739795624305	11420.4132193626	13187.7603651894	1613.32964373502	118.306018233231	83.5983891312128	86.9945187535843	85.3391244632966	93.9726191180828	99.9245803062131	106.528371615569	136.447726658619	532.534797619449	1401.62109934396	944.637599912307	241.590468038517	169.63732449267	153.489098747055	173.78927542923	191.491704317915	184.12586468996	182.572499138523	222.731096752037	236.15679415219	252.970965956056	275.738480692203	307.690055343142	310.379177979299	331.557745737469	342.037624345171	333.090464262179	312.714645471079	303.467444579471	302.951907277491	324.063971670909	342.008998349808	406.873082378312	472.326603973575	570.55079244071	539.782970607186	815.719415510649	744.230958679382	1685.61714846032
448.63	0	10.6223445288846	5.26997479170453	13.6994585929807	33.0092368239972	51.2196725339012	72.323928331604	76.365257494586	111.118955661245	659.221884440341	9096.68475757529	13432.076476726	1997.65647536027	112.191412764083	75.0645670118578	64.197711551268	65.6867473403312	90.3886835925706	87.8198104111698	105.758062066255	96.0174657984346	315.926430747139	1146.8616560229	1135.97163452515	318.988091659404	149.658245150083	133.699314870386	149.043017373321	167.894522874087	165.335488565177	172.04144611114	186.316246187945	198.706391971407	225.309355704214	236.5155640479	253.50488096256	278.624165627258	289.810831496784	308.086328435192	303.165456785211	285.890450305813	284.756983801908	299.293974859284	275.286385057948	316.842468774358	331.225784422523	378.033918131098	428.458165175434	484.835798749948	581.7173452004	599.064131139677	779.962378155649	1493.15890151571
453.253	-18.5593124123963	10.1618828348688	10.4191615648323	20.1696250629928	66.0091743823701	67.738334042103	80.302461512072	95.5802201992633	471.39911323189	6944.59408501662	12330.2933279046	2705.516778756	126.019639945511	74.381465111471	58.1741229163397	57.5764154464158	79.5441205903462	72.2790388823618	75.8836499306701	99.2692993190564	196.660437774835	821.680215166852	1262.59873118262	497.77975388444	167.599074383061	131.353944366709	145.839578737942	144.932780830426	167.302474585752	158.440138411052	165.642302122268	183.920915797664	197.479636616698	208.539148558062	221.309569772469	226.914090077024	267.720289662716	272.13248447614	292.881592250563	292.738632481291	291.201862918329	277.273368658203	292.136639099262	277.4570695411	305.14857921664	328.169050245103	379.856728261452	466.745710927775	477.951927221886	512.78420065125	675.973315798023	754.734755445741	1303.17687138218
457.878	-7.12716828274909	10.0640269985104	11.2293130549669	50.7945827670196	64.1400633823174	68.8930657514106	93.3826421599539	335.228378068697	5759.67894765129	11393.8965792275	2595.38825472652	133.973173814274	58.2067537478197	56.5030522275445	57.3578619489751	64.371470730313	68.3279741813087	78.9104088630594	79.1734397326598	125.74965444743	552.107137010085	1249.63877622808	689.492293106591	188.958606251443	140.214497582748	133.321071878207	147.090246621159	144.330145073136	159.886926825013	149.094753248844	152.955974535128	169.010293622817	167.749719781253	194.07018923995	213.128331456764	229.072964456296	241.927006980173	256.585699814361	252.655914625174	263.10208112229	262.109417515619	257.884691972019	244.563683720496	232.591731155067	268.42644292495	313.29685045968	342.236429869957	424.686669085386	449.681925960977	538.679767012189	509.250316082674	699.069752905746	421.429444918379
462.506	-2.97595481346762	25.616170014586	39.4271780749661	45.5613101885833	73.1476129943687	95.2001286829677	317.16704420258	4818.14265585465	10542.5924007863	2956.88464868845	124.740735870362	54.7819131134476	62.5552513403351	47.1306656595596	65.768454050133	60.5689006526387	65.8996303500726	64.000693212106	93.8499202797301	307.386801975742	1028.62649448288	942.452838670094	234.901506395226	138.730145916049	119.262817820607	126.870350803934	136.91479749696	143.39191511945	150.446160588738	151.732064306127	147.847002471553	159.939812835485	165.838742135111	177.20687958091	188.992970202456	202.756593956109	214.166489559915	235.223625365586	235.379703624054	257.320044790143	235.393375117434	247.864606406154	231.547207611796	230.134267822419	235.737002918824	243.181201783889	322.981927491872	400.459054709458	448.549836010213	462.253566892811	541.898071610537	517.275402095228	483.225178583958
467.137	30.4819714986447	35.1427598016759	55.2670084894603	64.2579370919644	146.36263141845	302.526426468411	5007.81081427345	9290.02907529748	3274.9920135509	154.660568019297	62.0014815004423	54.5890815191835	57.2519414073268	53.5093935160732	78.2169862054055	71.7065959095548	82.8985615841631	79.739893823086	186.215664867012	754.354629039981	1032.21957126676	393.156099765612	142.689458721975	133.530607505202	132.121322598112	136.855578116172	142.188013168949	151.139785167439	156.536097701207	161.026457599771	147.477629112765	161.684688549704	169.32663665613	172.35241601125	201.392191729779	211.513322889364	211.436583572117	232.225311368486	226.719729947245	240.557501561932	242.23363896193	242.659132422206	238.082931266346	249.920908711505	282.044899329888	298.847662292845	380.250762098155	434.174884607781	505.910187268427	566.456344442241	624.622631963161	621.241864775334	1418.30335743536
471.771	47.7445826623263	39.438946214746	55.7317477925711	73.4738271981988	322.379720695465	4938.83804235174	10079.4463041872	3586.17078077313	160.924128821587	53.4441570590823	49.4780734415432	43.3896337955158	50.2409311394211	40.789149798503	68.1686812380443	68.6994582038628	68.7308452293919	120.207115548458	480.782802238517	1010.75267884904	527.671590915709	155.123917397702	115.512458476666	108.680233745381	113.348008146092	133.984004025593	130.273140577944	131.499396589714	140.991332143008	148.153389358111	148.863282309157	131.168634493609	156.669036223539	163.572716856433	178.486485644973	182.612895626061	187.867767511625	199.690983135315	209.138389457611	236.96931897499	214.851482044217	206.703378487097	196.372017377479	207.539180927245	227.979929929283	288.753785944791	291.905430861382	339.631857288557	435.635335091874	414.125020250901	525.366652564297	935.232485821685	1509.89344145116
476.407	38.460095471428	48.023447540491	64.5825556137412	187.416684072579	5621.99993804509	10521.6825565438	3553.10820409807	186.473712734873	47.6369795765103	41.2764265853075	35.7847124462791	39.9495186722271	49.4923190109151	52.6097739757512	63.6530385138923	69.8627466047481	80.8637800137416	284.316229558868	853.458484625817	717.154963279224	177.179137684215	126.244702105967	104.780083631684	93.5042757064511	118.20125105961	130.779115356267	130.203647655076	138.325659973539	126.324215612621	127.824873484348	135.722462948744	137.808348645617	135.842895177801	158.224595014439	163.323596190932	173.392010393994	190.276922561719	193.483384372269	204.584214418267	197.700536131576	203.04572094318	177.074323013944	184.781087705993	231.09734927465	227.553601638866	240.731131666331	309.129770234634	336.093051184959	395.531244498694	435.077851809142	664.146100510968	530.540340179901	5452.04896056238
481.047	45.8681325853892	63.3068253913983	170.358554369218	3327.79973736479	14911.7355028405	4075.14280757645	201.063438248157	57.0351343959435	37.5125157876839	34.8674488523304	37.7158553103211	59.1522639383276	52.9145226755836	67.3671128283926	58.1836369844792	72.4703052267627	161.501523481868	615.679486953123	829.294287229481	303.785557699559	118.404041298757	116.605879113322	106.333038241502	112.196476420076	114.19053252576	129.401130137281	119.892186357802	140.745157932329	134.381637507252	125.481661945241	125.662644465187	134.199379549849	138.72533409965	149.074898169007	155.160447832317	170.086997050077	170.87527610424	178.283230062567	197.424885031891	209.703684260772	216.258402125855	193.968569692511	192.374684242203	231.052676782259	244.843244836402	253.722327495222	297.650053830363	335.555693648154	430.429639468336	557.068784467977	685.89016884477	1019.96979625311	16750.2634235342
485.688	79.2308146994751	159.508581256871	2670.10369501053	9935.8087090108	6516.56613710952	286.040147024506	62.5171713078522	48.991697592172	41.6434637328239	38.325440090923	44.2870323804651	59.5024685545771	51.6995429522333	64.1719550260169	62.481586976617	114.879931417142	410.130328218985	809.445382939195	450.703164153019	146.48245776763	116.433271181316	120.025652910418	119.320114920524	126.753950740723	114.385971963705	125.985896533257	143.399861842621	137.161831522641	139.955385518847	127.20478349931	131.350662947434	137.162372691221	139.715271303154	150.35285142718	163.913435185012	157.529919508763	168.810861969938	190.431921989686	188.907731840867	193.984594028503	208.425731228748	191.881871820392	179.797669130348	213.13574880421	223.93514262964	257.68653094005	308.238118581254	391.480753276456	434.970737404399	533.532215768772	554.617995464173	4797.39509296321	24908.0131293255
490.333	110.861583537058	2598.81457491584	9753.91170539128	4792.29192531104	365.015276711743	45.1587858035363	35.8450745332079	24.748629451602	30.2990818651561	34.2199469525935	35.7316186478326	44.6272122072577	46.8041312906938	49.4716168146772	68.0101713136446	231.551229060394	685.028349010926	578.404197015	149.947594919775	97.4766935218934	87.6808162470716	90.5854287571237	97.0473507334724	98.4428236622833	114.814287338384	115.757688937981	115.137472442271	120.50432740292	112.886054984738	117.061887841015	116.587997793586	113.964879027673	119.81652141319	121.62912904148	127.490245897555	139.570661608456	147.806364751084	162.297387303788	166.183312519324	151.205520816278	174.741083176073	157.434984288153	173.365205200578	180.834076935142	193.400547140245	247.443781063875	255.683974718984	259.002276759772	382.245217889576	492.239853873271	710.134589940798	13249.0230878975	18201.6504805127
494.979	1979.66547919779	9874.05423256158	5463.52108509512	373.883253379887	63.1190830519053	40.128438949755	24.934991967752	31.1442973153083	33.0578872189769	40.4461382408717	39.502460692095	52.3393775184088	46.5279257406239	48.1813217506481	158.228124520803	518.256122460243	648.850534743256	244.077347922658	101.227384746995	81.3625492021318	85.1664549419011	112.243492186608	103.717485698209	97.5657226167219	118.25607029019	105.839255768942	114.075634435869	121.487089753627	109.793434701179	117.024839751201	113.562609946452	113.43130536302	122.540791501222	123.382497494576	139.132804672996	145.677958367382	132.71819152005	157.253837628799	156.609392582383	155.706392935039	147.811045127514	139.22533278664	174.201393794381	178.230693274699	193.932404625068	220.508646945468	247.195059870596	316.34621161541	422.748748125597	437.797213843154	3549.54922230844	20030.793466487	5582.10740480898
499.629	8766.88984825935	6352.43507318094	428.371337202894	55.659663421525	49.0651945369751	32.9887912543776	24.4853843864228	29.9794375860631	36.948964796713	36.8644477537501	40.3563594678767	48.6131431917715	49.4237464293554	89.2992767573631	342.968988534731	645.530231209313	348.339964929302	115.624876045778	87.3643040151722	99.4838252316868	89.7024650238133	93.3255906158078	91.0374328624553	91.4802071176368	96.3824844049699	110.760398497487	112.757002869422	104.134684369615	116.10554242444	103.6844947651	116.23361300451	95.5528762650633	113.949933026453	112.849234483224	115.469706590499	125.215187812291	142.346912724065	135.066717601875	142.453881720547	150.772696430784	147.837001830545	149.393080277724	177.346749078104	173.312118347255	192.401565892437	220.142422061595	253.526556546223	338.87385455879	416.908172982189	629.112854438373	10767.4290646642	15484.9941328223	961.691179870683
504.281	6089.47422181352	626.929549988433	41.1591104029946	46.1107385428477	36.7775789509471	29.546767983581	26.6491849550135	33.9247965491139	31.3092738968978	27.4886097303171	34.9558126134548	41.7114388540253	52.339115362792	217.63781575008	578.280343210395	454.604732873656	128.861674396635	77.5242720492153	82.3976297124378	85.4496673432047	70.2878882690166	83.4958827342807	94.9044039477769	95.7882362752932	94.8828678399099	98.9583310294045	98.5727374788884	103.22522555883	98.9692637356061	102.036638446157	102.212584449599	99.6163836217577	100.05930490074	113.98577934103	108.97631040603	119.216542719082	126.33480898759	126.192452569077	117.089805295946	130.363096105483	136.091004086328	141.507176041774	134.035068970513	177.042082770033	179.011894749334	219.665703432724	275.565589873377	348.256391546414	419.868033940363	2452.75933050765	16348.0613488014	5777.31082919154	671.345634024481
508.936	623.845916211796	48.1510708030285	39.7865410831896	26.7600932694229	25.9664676289337	25.7209369889805	27.3309129031097	29.7123748420915	24.6931143893099	32.7798316577278	42.2734526480707	41.2506799206785	140.151043661144	447.698876785786	531.947670719998	187.21522646817	88.9717209756131	74.4302532043286	65.6986846593015	74.3853104571451	73.3162673119997	74.3545831604645	81.1360169119517	81.6036152990029	91.2147344156377	89.4308224149478	98.5757270856538	97.1314298401445	94.9275621632046	95.0288469152135	91.0756480758857	110.692911329828	100.293153495419	101.731693228679	91.8394050154195	100.870201489387	105.811261848029	112.249062645249	131.457743383461	128.654720113701	132.804115006896	131.183252663758	143.062318807726	158.975568792893	165.163596542834	184.218041378928	282.486395233359	374.429139024407	466.78553343971	7898.51053736916	13529.3894415067	962.238917716341	226.835777807611
513.593	39.9678372980566	39.8923632778886	17.3233519790217	13.8451219337216	22.2950708026482	21.7033242862982	30.1005518038833	17.0640520872988	26.3143924374297	21.0432190218884	32.2969374258631	80.7933469855516	291.805882557614	532.253230048278	272.099236359862	78.114910444381	66.7865284396241	66.7582314951102	60.9030591137484	71.466599910148	72.2770558562245	69.5904880459027	71.764957868762	86.129773259933	74.3396865260874	86.6043111765651	88.1513062486447	83.2379954710081	88.8531454589698	67.9432173549005	75.331972870093	84.0683745987748	78.678925916432	81.9710169503368	97.0605182452771	86.232485481885	87.759739964004	98.0690216619335	99.6369869751218	109.978441116777	110.332485033155	128.431671646291	116.768835227242	132.962988975343	146.671858373986	194.9842377914	274.214801923762	315.667996064224	1707.42325218092	13206.6262070566	5263.77101709538	537.150113964863	425.97393780528
518.252	14.5585469551254	11.1144850319221	11.2043543366588	10.5349569330406	21.0169314991737	24.1615548123841	19.1040868915015	19.405090110173	23.9487200287428	25.3860918940628	34.6088823197478	168.116247955149	481.796377969082	365.656437569563	91.1388498216449	63.3336335009641	51.7439161250568	51.7545759694263	45.3776508162986	69.2571875888639	67.042882767043	52.5805928036242	73.1229896917894	79.897097312666	71.3480437344763	75.2118681793295	79.1690489255226	69.3130384096493	73.6771994282608	72.7878866801394	72.2726910125681	82.9199432948057	63.271185899993	73.5336512706703	79.1377737002835	84.982559880711	95.9992891430211	96.6651192525672	83.0483721468792	85.7626977692679	98.075038654181	88.2299482942546	121.868387124851	115.828232454824	138.385815998746	194.710486718402	251.422585577079	324.968211280906	6166.03649760062	11482.6265699468	915.374411017863	386.86684715172	984.856037432351
522.914	25.4171783766167	13.8910361979144	23.4205314567597	23.3640472423181	26.6984042892434	30.6104414031964	15.934562267504	22.5545696659033	23.0154629838949	32.6068775522315	101.378102193092	348.119303972135	435.165255817156	161.014344795359	74.4620251397739	65.3494152865413	55.9812725954586	58.8790324658629	66.3599153373411	66.0869880019345	69.0757345577301	61.9861678313296	65.0294561809985	85.7528214928586	76.408460899314	83.3913344815583	85.2039872038599	78.6109267338243	64.5572626115436	83.4020406488642	67.4820047416015	81.4666808289853	82.2380481578831	78.5940611012968	75.3119511915731	83.9420357005057	98.3143031083828	83.328571508084	106.245407717355	95.1531771731446	94.9565367902741	111.709515260492	123.763443910641	145.430243096936	166.48218808725	227.330458537429	284.37707917814	1206.86177046023	10771.5829402007	5206.01579858344	414.632608445565	399.793453783632	1945.83485415203
527.579	29.6505847731909	25.5697288113209	13.9938788594701	29.806496983758	16.0175353885605	23.8058810547137	24.3019446230769	22.1269296935172	28.2508066182747	60.4183591555222	222.396485478763	416.8293932722	247.113924482467	75.7789422912584	70.3587883938949	59.619768933113	59.2538796756498	64.7078027977825	53.8396020587745	52.8646160560159	78.1572927159194	59.1240990638699	69.5664530504198	71.7287839771482	76.9227822381793	71.7250067685961	62.9600721217975	71.3899153238006	80.4407119564509	75.7906053546896	68.9319646693643	76.6102649221949	72.1962548596754	70.1042960721143	75.5636449156582	86.931785619212	82.7832025283386	87.5779950123052	83.1964065156276	91.0519997791082	95.6751704427981	94.3935252152758	123.317582529349	115.638424838152	165.310506734219	208.711054885929	306.475564236764	4715.05691957172	9838.89356144191	1105.96092946687	411.901430659526	511.080249072995	2044.79326800918
532.245	7.06390647754835	5.053846580703	-7.14402567756551	5.3737681319445	5.5746654749959	5.74236731436784	8.21287520728745	11.9216621959395	26.3620941186049	123.674046614087	362.687283868894	304.060027583843	74.9434673220034	37.7879433790351	37.1293366039303	41.0430564481137	33.0507403878365	28.923729617633	29.4111803863147	45.5155001142397	35.4647278444489	38.8681676295759	56.2548453147429	42.8981464434979	53.4869455021461	49.4515310204705	54.9981808857072	43.8054964001774	56.6404520360876	41.7221601710154	51.0014565869612	49.2444042293106	47.7516335322306	46.6810791881193	42.9832355035956	59.1709605289571	50.907757908424	55.3776939421912	46.1057064243234	66.5386226658852	78.2605551289212	60.2120429578497	66.0406316517986	72.5036833470267	160.783022338932	180.578102058289	795.347560811653	8565.30075400127	4698.32050129774	292.0262270918	164.32084999131	744.296585943918	1289.61409131718
536.915	-2.49314410938935	10.8296740535969	10.3738483807673	5.96081997831832	9.83764750777528	-3.86041600265325	8.76906329682396	27.192273767143	78.7900395109675	273.402902619927	361.189310159537	132.106803200598	35.4731647169219	27.5763479651132	37.6844832466042	24.3033991200075	41.7242119159268	37.9971074345229	36.9995143353168	32.2526452858537	38.2080769705382	38.9066039875813	46.1269796031631	38.8218620555138	49.7267570676163	51.1457467079751	54.9561797243957	50.9502563558149	37.3260926252872	41.8252905464369	37.9602776547739	52.5936978386107	47.4121060967699	51.1010373433389	47.7833399064057	54.4438054006567	53.3657876938971	63.2069881501161	63.6052277429286	72.6032477021762	70.8428738305585	78.5762899867212	74.0438056897382	107.666370184673	180.797109682671	198.081105022707	3497.51820664621	8477.7710057288	931.331053417943	167.044383758535	154.836052554912	1705.33441393385	512.678003810413
541.586	22.3330476150801	39.300969071171	27.103620263523	24.6622556033915	26.5318143358447	27.1130624938343	28.2484648940853	56.7394275721193	200.832900528693	365.04519288803	212.112597472217	65.1927238080082	37.436074351653	59.0754374551763	43.0304487074366	59.3803060439161	60.46709670204	61.4320502115451	54.0510115735975	53.947013574015	64.3006646244157	69.3702840834915	69.2522682765442	74.3192229641459	56.4119554577352	65.4345332611647	61.6996026939757	63.2057577985749	66.1262246657136	60.3220739125327	61.426578137358	54.4283147755525	77.1708809925334	71.5396742462247	78.9593493296161	69.8013728150482	65.7052511064872	81.6132334324342	74.124094822447	91.8722768627513	109.5135450013	104.754767328724	119.195886443454	162.068476655888	243.015494880175	605.915993188751	7012.63822346758	4578.13154881156	348.482760570802	332.659914543107	656.60184079685	1962.24687461128	1037.00688607861
546.26	10.1508587018143	2.91792675920634	8.21279222148133	18.4779393206392	15.9739447644291	16.5909251179834	26.7774901593418	132.564953591463	311.992071529172	268.452994347319	67.9346576462926	36.6732299567415	33.7525017276752	31.6417984030075	33.4087359024618	36.4944919828298	36.2549857600224	37.042177590529	32.5797228125113	27.4629168707103	46.0471007608655	41.9489410658719	42.5772302779148	41.7739411479926	38.2965612854421	48.6761861339307	49.7802622514332	38.8319618462193	65.2772176709317	48.6188833150216	43.87385127641	47.0600581998589	41.4731833619646	62.2637624867993	46.5113419509245	46.1809258680149	51.072440716805	57.7783337503771	63.4277496815565	68.2973122431297	62.0215132599284	80.788907213456	100.78731501976	154.447061205308	199.463977779366	2682.63710667437	7451.68594315697	1042.74015250369	232.547542790228	219.11169889035	1139.17346379475	1283.67608838522	38.1836544725963
550.936	16.0711949851209	27.7652472761644	23.9369363902137	10.2809015544813	19.6970855254425	20.8944699645433	88.7631703362748	240.1161513324	311.215759669283	118.938152799313	37.0832389921112	34.9379460419033	33.7424777434725	36.2501100444167	31.665090853637	44.4185422709124	30.7873602210168	38.4181439451219	43.9667622971949	45.4793437902313	49.8411945594875	46.6974100583736	44.0723849038811	51.7566151175094	44.7901557696501	46.6815944680965	42.1399287796587	48.9046424289293	55.4914615459378	59.1363253120746	46.2127333471497	52.9326764185496	49.8884942773273	49.8238334065305	52.2163096673769	54.7055216956206	53.5381989886911	47.5139323155928	59.2687500305856	55.754102743833	77.5447201988893	69.5934859649578	120.415660776085	165.36501507618	410.896723206752	5665.74257647917	4215.1160010978	271.279866036561	259.900697885302	430.919475035549	1487.59477203939	675.458935275343	423.175892808683
555.615	33.6521764703192	1.30849614599023	-0.591893238810547	4.45224746912924	8.90060809428988	35.0214976630305	178.617869044635	302.197607197356	167.922134287738	32.4500490469144	24.6165642003105	20.64078729692	19.0076896972149	21.8846184333224	26.9668742229845	22.7357591832658	27.9578686413006	26.1072895349429	26.2373953183026	30.5758980674336	26.0554901406122	33.4459847494538	25.0105968322024	34.1747668495757	27.8318160954023	33.0922320378635	35.2107225991806	37.1183630799442	29.8442203691324	38.6341923545625	38.4826615216306	43.9652233318764	27.8969479373622	35.6770348598987	43.1744959999051	41.2298852831126	43.7863176910962	42.8561123934166	45.0963593073636	44.5266606574391	42.9753775540473	64.3960759837109	113.390992464001	170.74802278826	1962.82788322807	6324.94734780983	1026.64880343223	187.220741310175	212.838079922455	748.129017084277	1288.88805413477	-10.4874299506117	-102.736981782513
560.296	11.0208835824991	14.7840968874925	18.1306363883789	19.0036951722686	28.9913894937022	121.223823609191	272.684004565679	244.011668349646	66.2363520509021	33.5485932850782	28.3459436010947	25.027497718015	36.3234619483822	38.2693951625387	27.8355407512918	32.265233715404	29.3905785230399	38.9159039425995	39.07158291992	42.5431320324132	38.4636784469808	32.9957764439713	32.5063079019977	49.1951841960214	39.8925213246477	34.0263257835382	41.6031142879079	32.6187037464901	43.1507699989107	36.5034672133718	38.9013094859186	45.9211179759946	48.9029508039022	39.2063527791804	47.1312848137967	55.5885277212824	36.1973093261686	54.4342371014346	59.2778448597521	46.138424741563	68.905845687662	105.197463977757	158.167004564824	336.25474227966	4480.98594220385	3879.01573870647	290.817015510763	240.145155280268	314.196179892617	1014.24311986125	924.606607283794	252.784327560786	77.3851976181808
564.979	7.41390596430251	10.6085049190368	2.9991979507869	6.76803042013595	70.4543065773161	226.566335066072	253.692642710368	98.3113350480849	26.0015087614132	25.7282249600654	11.6132815487102	22.958666675553	20.3330335189275	18.5255089951182	26.8228219405811	35.0623819330973	28.0684153765951	19.495212240002	28.1177807946647	34.8596876653128	29.5866538518812	24.2964213244923	14.0150526952482	31.7474426077319	37.5160093817255	27.1485997509309	38.8319761383685	47.5433148616937	47.7139186683426	43.7893923310876	28.8034069796115	32.8437465811152	37.7809686837115	34.3220096644009	50.8200109506318	44.3590989705861	49.8077336017416	43.1121200321558	57.1272399961838	44.7663144493593	64.9464650732219	113.173468789206	125.401420729995	1624.59887903818	5506.81600827903	1093.7491196244	206.5373466675	205.201703224984	498.958259349185	1200.88848998887	336.44333682843	132.852837110054	520.581289036773
569.664	-1.1202159311346	3.33939364335656	21.7520924032739	48.2906881354919	163.548793107849	270.719311348141	141.649132436864	36.0109279204699	25.6879113541391	16.173338946417	20.5801346969345	20.0429742455546	15.9002520323842	24.1803754673995	28.2933904236675	33.0482211776671	33.3415246142151	29.4566014692569	19.0874677100784	26.9861693154816	25.6369467625654	24.7761918902143	44.7555148908335	46.5156888306771	39.1694817437291	41.5568263523543	40.1730473860808	39.2073736476042	33.6176520799725	26.4657119419521	20.7976300467878	42.5730223340117	36.7627093613899	37.7399102856194	43.2527422370147	38.6295126092922	34.9682653463028	34.0984697066068	51.1133894089557	62.7702688265459	78.5055167370144	110.256283885033	241.152894366902	3808.99301371101	3586.15414856442	222.243555816746	208.914126152776	196.31482685951	808.881455895988	987.594399186043	250.617304564432	58.8825923889724	131.096765150398
574.351	-5.64905784305078	6.3991971409598	18.8914157238502	101.419626628973	227.858489712468	177.565580050702	49.1089782528401	20.7323203304294	20.6586275720528	10.4160183920862	22.5043308981742	21.2513092284358	18.4826901121941	23.8573386296018	21.3375414971618	15.2662480948559	29.3228522846197	24.0500807192531	26.3924570970388	28.2010885606256	20.3620329858156	40.2252644032207	24.5385886802204	30.7874022304662	20.3089099426648	17.3059291759464	28.2553913602316	29.7237622212462	23.5749992651426	33.2346724670235	33.4058719976603	24.3141180423763	31.0720853000142	29.5455498972356	25.9530669086189	23.5506946636085	28.5209160210318	40.87933679214	17.4113394319345	50.9374322752838	99.3606095427484	109.941850056368	1189.68631915484	4810.10057876734	1128.53829171834	172.703632636656	194.092168044891	333.136861413289	1090.38714791311	480.728080978026	149.360582576255	53.9881579336038	396.659173711995
579.04	31.9194894074169	30.9246767035933	89.4659322353941	214.782773466317	249.401933113284	90.154027117982	24.4290098658006	24.8889648642165	22.2114481605651	16.4587120736064	20.2818980137152	20.9196161911551	33.7328680650002	18.4552725461396	25.6799023475617	24.3891439931548	29.8582456519258	23.1246154005213	31.9560400847939	42.0206754484021	27.7198834466075	51.0416789164712	34.8466714279095	35.2064791231482	42.9484081260698	39.0160116698937	26.8959784858143	36.1502588400109	35.2799125042032	39.8709438233616	42.0679031470221	35.7555218833126	38.9921373302773	23.3657775744435	39.5586137391028	40.7779501072184	38.9890769334667	41.5746789508136	45.4703004836052	75.9925898063404	114.353383788804	160.893030931264	3077.18204759147	3179.50029198299	234.584032139391	202.436185032909	209.953868326487	600.393238246231	1076.22710182396	251.714375368448	324.595552437881	283.26553713096	200.114885232429
583.732	1.52972319591697	35.2271259125055	121.9093836935	230.41567747738	141.848448285341	28.5553051620192	11.3338202373013	7.83728459449438	6.53421364943614	6.78535983506607	14.643365886009	-0.526344309823878	9.66033999989027	11.036501850165	9.1369748376619	7.23447791291282	16.6639382595525	12.0674359169571	0.945910946731227	15.3176926457977	17.3950048830618	9.59300715190314	29.5327502918625	6.25275107493002	5.36766561107288	22.5162933747871	20.8427147609662	18.5952895290193	29.5884669967046	11.4267897332539	18.1447208580259	10.7691796567402	21.4771453423925	18.1097310052426	17.382835506738	21.257848009232	44.2218557801099	32.9459014091791	38.8282776864133	65.026410149781	99.3214201624395	812.180847633273	4156.82032999969	1025.40592658288	134.013046867379	153.733646601021	205.085575072615	840.409125110079	698.403646318521	48.0769613532358	61.2519681737944	137.058702625282	161.118567668836
588.426	18.4511161066745	97.6308050754769	226.723734116116	178.087189341897	54.3516194505375	23.8413524916451	20.6810942737187	16.0641342257729	11.7529581614066	26.0774945023469	20.7399865563353	21.4266116871156	13.5940540104008	13.7989583355059	10.7583776404173	31.4241166001629	26.6347172446976	28.8798048572276	4.1200348781847	8.36766088997754	31.010236794688	24.2614202505429	33.0860545544554	33.5195678618649	9.65471175813247	35.3282039933524	29.6564116545109	34.6730756519022	35.4184554769091	28.8474931801338	21.9385457785085	19.5370518314788	15.7243279306445	29.8853554437798	25.362962754876	37.3926194608151	31.9284131698681	41.7253975392714	47.3911836800865	90.2426683499346	115.678800041492	2349.28130743203	2976.19120074122	198.353440554074	173.728445436661	192.78062120158	393.541256545679	957.00729184013	389.399295191676	128.245252537948	102.611808349958	38.573868126892	377.877402347027
593.121	70.3105292378617	176.545643512575	202.228012070318	68.1821900007797	24.1359950862446	15.8186767472019	18.1424655184041	18.0073393436083	18.4124557998436	5.03999485947427	11.2063220954317	13.8241805852128	15.0561608382261	13.8680014358016	12.1307690452471	20.3582238119755	13.7979299361358	13.3511802937891	26.4364543490641	20.5192495123729	25.19755465102	18.7560094525609	23.9287219687147	39.7028693082836	19.4060382339901	22.4679880013122	24.8829043654031	33.2131298034579	29.0743273075512	18.2541162164551	17.2667529550316	28.6562026036432	20.3564127301012	31.1270645498058	22.6576589880548	29.8251694170798	32.0881670135404	41.268548847341	62.3370469171721	84.7225632099538	528.335047602575	3589.11898916334	1051.67870047969	137.966918668187	158.150086836781	208.822646620522	603.579272574468	1161.67723871298	188.226034715101	143.830339688712	70.7144411137612	210.448736484746	366.204965398889
597.819	118.541048297026	201.944571223809	115.404579131206	18.9226902734773	14.3136230442449	7.02105602638699	9.92354980845668	7.18404983767198	13.1065099230383	6.69304846700865	15.7837822858116	0	12.3422149959574	13.1312141613617	13.000095058666	17.5930051482083	14.7143047257078	29.4919268448057	21.1489590174965	13.5366616564437	12.341458092134	16.3535665041588	15.6321505134105	15.12996462149	12.9199379823429	10.8833780839812	13.2044665478989	9.85989790676482	19.9557797902175	5.67141122492477	18.4402308952885	20.2874947783815	21.8269281839189	24.4479960555716	3.41921366408948	19.8037210365411	24.3699932020062	46.5406300251912	82.0922366826077	65.7099630872352	1802.08153415756	2814.87599669034	179.288683114336	80.876604361837	157.834177740648	244.215735640961	826.484421618259	415.155652840124	200.263671023433	133.425265265521	-94.8564342688102	-44.573081369852	40.9356475166897
602.519	185.278611776807	167.798002616258	52.9259511406662	17.2832783191552	19.5780919600527	15.095808608747	9.10844889745058	11.805054361912	9.86300032418704	9.60733890764901	5.45405491841609	26.9557377854113	24.5954575764971	16.2671279199095	19.7868832274082	18.7896546935025	21.2653576679658	28.8405191017793	16.7935931236391	29.3322418431846	35.9702742939694	32.9638326159636	30.5643863701507	35.9869581321524	27.2001307668037	33.4688888423887	24.6754370198613	21.530778997778	25.6226482428025	24.4968123970093	21.2784298718866	29.5939364636578	20.640319519799	29.3463672797652	29.8657590347601	40.5231209667455	36.0444455553534	53.6549513325733	78.1203304216226	415.518857141913	3020.04435345439	1152.68206375842	105.044501961736	124.470047653157	186.012698136108	444.872929401109	734.760468200175	252.791775028012	192.224215433258	117.426641215184	71.7006811860207	157.230185103034	206.284640176668
607.221	189.717595209762	60.0900300544613	32.9375772752059	19.2433345571171	8.05787808040672	16.8980652250902	14.0563019878352	6.67049779132313	13.5063139033544	16.5005137566349	18.3442718745392	14.9594676502755	13.9776435262467	10.2934941167884	12.1411663957065	22.4306553613647	26.2569498255002	15.1443068210157	14.6640868242886	20.6490598279165	26.457987135032	20.7883463512243	33.0658363839878	18.7713363980413	29.4894544665489	15.8922206459097	17.344778667991	19.4968929370156	22.2399229998197	36.5275828236492	31.7980563906481	23.3459058372876	20.0045096418091	25.9796716736811	31.2943690133252	39.9734478839139	31.8637823546359	66.7376605559481	78.8254208081526	1452.16829105945	2666.84781860969	200.820573605771	87.5168271304825	131.706433338122	220.052211638088	637.853188652034	569.80761377688	175.912687480421	157.93818360327	122.308643540939	244.173925465091	164.315343343865	499.551606515484
611.924	124.102562620333	21.4120740652065	22.5998966698287	12.4462408212159	9.70989892095229	12.9755680582623	10.0067523659512	6.41391104476481	13.6361203556717	10.6201742472278	8.79727310733691	10.4349658661769	15.551977774349	5.8984021340895	8.98909197363712	14.2886939086235	23.0887452151465	28.7809048322017	10.8570149585912	13.2034253859229	29.7944544426471	26.8002389607555	21.1857623063721	22.3692715087215	23.2876916877792	26.3595731434275	10.4503968657702	24.7459439961409	18.5242747828594	23.2917739182869	15.6402451424738	4.38516811504841	15.7700798569565	14.3838409605762	28.0845625484849	28.034685797777	41.2686098793654	69.7854578161268	276.370040623959	2600.704131616	1243.22011052845	78.6992536365615	78.5403854777965	102.11370117279	284.243187340245	693.041457503735	313.117495666719	166.503139457863	97.9116376215486	194.873388216263	149.129764854005	194.497052628093	-280.195942227785
616.63	43.1736632124606	30.6719348865053	31.9925789571826	8.28767798917989	24.6780417565077	11.6624184188445	18.7648629173673	18.1591587361483	18.1422854053513	7.79072637919787	22.2383645160417	19.9919286836724	26.5001309929611	15.0523987351452	23.1364078518829	22.8986938459466	19.3110050056687	21.5231741849175	32.6014812936341	14.4046143957386	34.2819992327671	26.1195278578843	21.0973679747355	27.64501168435	30.9989834337224	24.6254532544038	27.7024101572151	32.9832999360234	22.9877814300319	25.7944260311571	36.0683947162258	21.0617580074847	20.1421717380665	27.0921245167841	30.4683135688129	42.3650741024846	68.3430277853083	83.4247467672514	1129.50889854474	2442.19561641585	236.612076671988	49.9039689676337	80.40865943013	131.618026892716	422.858965275715	640.139335911369	233.240918455325	186.317658175248	93.3458406555718	158.026871582782	280.042797010021	225.586691979984	184.15773274504
621.338	5.69319837966197	7.63720946824044	3.29015482063044	-4.9497384030379	4.27898622657483	8.57054787982197	0	3.26814154416915	8.95944761442345	7.21519884335582	8.25734525019144	10.9138998492802	1.17397751609572	12.5943477523592	3.60871975832891	10.1654429732237	7.26211700925696	16.1926154063615	28.1633105053708	18.412564599626	10.1209692152235	24.6791250393487	-0.327120740655987	8.8651338411419	5.10688635881053	14.5991802673896	16.118588478849	8.02393322623578	16.5894960572252	14.1286675181634	18.1756511171979	10.0548752511838	14.943173105266	9.77218172186336	10.7326471680766	34.8485891658512	59.938050728029	168.858860134367	2191.94892151265	1207.29969805289	50.7111163141777	54.3734029784219	67.0325537616601	134.937467079806	508.081364925839	364.241826113653	151.04923781373	89.3647366511533	116.884802617736	74.717559832613	99.2490029039173	163.230029754414	-271.264753522639
626.047	12.7277108647111	3.67177223271944	8.96892565909163	1.56168196219378	6.75027149153599	10.1364229492149	6.36469543855723	4.94939872826503	6.83041677719405	3.85657887502004	5.00209596528143	20.625217780415	10.3711796716186	5.49081651035854	6.7263795942723	5.27033851461058	10.5581070208192	20.9754057086109	11.1706561261954	4.28995277741158	-1.76179119826446	20.2655621706331	16.8437420781656	10.2291034166685	5.15604286780603	9.13861720879041	9.00867667104879	20.8315745214209	22.5247577206084	17.4028894574478	12.9865795001067	21.7132702029553	3.41592659505276	19.7324883812976	25.584892875928	48.4968999454157	55.8342692951712	862.324731739401	2285.25265190624	260.602289570926	55.0074456728878	36.1403775498543	68.6878939843856	238.413546482894	548.604307039363	196.292424445087	115.330520353145	151.897650083981	122.327315956593	134.992090141662	115.861253752493	359.031198738825	-259.461304738704
630.758	-3.73479382560742	-14.8446936747854	-2.01448216226954	-2.52550418455935	1.63744981162853	-2.74871091868951	-0.189205704177941	1.16725231344065	4.47808401731921	6.92971233917014	0.722253233882097	2.57012181513722	1.79699504583433	15.7729383349954	17.2796714808528	12.3359642498218	15.7106786067276	6.85898184824517	12.6590752855894	3.97465526102842	1.06841801449919	8.39468385102066	13.0187272750238	20.0315611069461	1.83930759482694	5.66119232355546	0	-1.46216074534983	-4.96192233924622	-2.88354705109019	5.99227529297885	7.69544593705247	-4.02801273399977	9.97211723984975	26.7721262912397	40.0468237168642	110.163438119527	1834.31818263519	1248.93388829336	36.0820232909758	46.6165511507582	27.7429321651536	57.173506777776	357.665348435472	328.209917939257	114.18053748995	105.971012057132	101.582197146395	85.8206991723495	78.2527361356589	28.4848885642639	-35.6934987228682	-305.953131715805
635.471	28.0170522897193	29.9174622101621	28.7577309837805	20.0411283843313	6.05010543689062	20.144193507949	7.24504917011549	8.0655029795367	12.9733938218683	13.7476761575853	11.8874262515022	14.1003792490729	8.45039823373383	18.5431243335668	16.841515655811	14.4083456000251	14.0391381588067	21.6775191573846	23.0992870925694	21.8464837902225	25.480140080501	20.9787467867485	21.8645626178923	28.9758796137141	12.0473419099473	17.1140453735444	24.5661121099591	15.6179669957075	23.8237199600087	28.185275987333	19.2650783864672	16.0835372622039	40.0097097513053	28.0773153152715	50.2767916759758	65.535650750661	650.734876643609	2087.25092639319	319.939106780399	48.882933308879	56.4557852942784	62.9011221577015	138.373397187153	423.323524931684	237.606085696796	120.769759389026	144.645251357199	153.543832442694	117.260985269629	190.058060719659	236.008285717859	167.849254377585	645.969183293289
640.186	2.0947347887946	3.74667624899794	-0.338958941008681	7.01157694969225	2.75519071104194	-5.29773945285408	1.33711014449766	7.23885833078044	5.27441072093608	15.9596369228973	6.31940961596301	5.76601957590766	18.4442237800234	-2.06420014385643	14.5851446588766	9.90657172708987	18.5543473494012	11.9606694357983	16.2342801029427	17.8746595859056	23.3705117469798	13.5599861516637	12.8062636058942	10.4377767439541	17.3310972455795	15.040394610005	17.1987836652988	28.3420504838277	21.805581836739	20.6690401700973	10.370743228492	19.2787889210936	12.7805750229213	26.3532015615509	38.6995269470297	87.6520892518194	1458.44789783606	1208.35077245646	57.7271175125093	42.9031477211122	28.0647977540824	43.4129178578633	224.182126010235	369.922676078807	145.437147857116	115.2728422111	114.76549191317	107.215524774172	93.9842173205899	28.3594548863872	-9.58579613493875	108.1048785553	-161.79429790054
644.903	-3.81360595381064	3.41053839526901	13.3704482557549	4.83524572121601	11.9826917547947	1.27577935955879	8.50072734404432	12.0891074267491	5.71572644553388	3.53797203658976	14.0123920806878	13.1217843793985	-1.22327698676422	8.05289051446414	10.7022860676812	0.572558156740655	5.44829688251021	-3.1835095535443	20.9614197035111	23.2443023281154	16.3644587553235	10.2861955361845	17.0428849126744	18.1449167925582	4.06926198101194	4.86792048450478	8.39773252680047	19.1105978960537	8.04699979499153	12.6609030316342	16.607968135917	18.3349513334905	24.9718610459078	21.2635607464817	49.7037733602759	478.271630208333	1843.28695623098	313.570360274703	41.4853068160168	26.6091446565559	37.5561684127648	62.3224080597734	310.664946296909	212.097512368076	108.936497289366	87.6492129043045	94.4353979283942	91.93877595378	22.2792455745851	63.5134645415542	64.6355123645306	42.5211590958468	-208.27293092654
649.621	24.4947259516935	15.3725122123738	21.5564614513769	16.0187193293915	10.7392499474773	16.8198975273309	19.3973778861863	8.28860698015692	14.1051419924993	19.7342900576959	19.1969649540971	12.4203574687952	17.9885943959213	14.8213762465415	18.4807589495588	14.2262393806675	34.3803824847391	18.0800074976498	24.8011549195063	20.9540711755499	31.7169929058841	36.8590220362199	33.5312128873496	33.1231710882008	28.5705913674211	33.9406847430929	28.2872922186524	27.5575189494083	17.8330923860177	21.7983443492577	22.1619174258708	35.7132195913274	39.0308223237574	42.5216492635812	82.5420195849136	1286.58793448888	1212.89176194248	72.5608454383351	35.8395707908429	47.3289457766164	58.4603188321014	146.519741099504	329.335434968437	160.720633372007	125.959580998376	102.307249183127	124.703320126506	164.963409006967	115.985678771882	147.525426871271	81.9380511977577	400.428364141733	362.093272942488
654.341	23.5659100281391	23.4168693019073	1.76542191283009	19.9193741234614	5.74001563826549	19.708972274048	5.37235029388616	11.7491876135625	12.5581973169925	5.46566240102989	16.7100792120011	10.5110372589312	25.5121453778177	8.90806087537285	25.6194870683953	5.89680483119704	21.8214420668635	18.3607886900525	37.0598635576314	31.5392387216238	33.7076743426873	29.3095237337927	30.5414398413402	35.3364387574789	48.0347699255788	25.6941640864711	33.3599130525739	24.295091547773	29.1602322958947	25.4725639372029	30.9083641225974	37.7665144859903	42.360118618774	61.6885819467107	338.175011058376	1712.55491082625	405.482260118492	51.8821632014361	47.8688582692933	49.3288019132302	71.0619403165037	204.714939870789	281.30304147918	104.924965524669	87.1827840009745	148.179645484545	113.469398385989	166.311327373541	113.197826783523	251.100870812567	232.989520770631	350.342019838606	1072.50661861716
659.063	16.2828475063362	10.6262375868276	12.1058587318249	9.70868950696124	2.02590602510372	6.35992703174272	8.02599205575005	8.31130213287855	10.6851165685409	1.37791043081739	7.65938683318688	17.5648198887999	11.434117188553	19.2050323883794	16.2219819970943	18.4338743937029	5.34407451325966	13.5558057914038	28.3008428724339	30.2718094735337	35.1242779055317	24.2146255633569	18.7622233064582	25.3547501478676	19.8306731974233	26.8582518988573	19.3121675274979	16.4363543002554	14.2384718779481	26.2984409078553	18.4589420463393	29.9233168150002	35.3936455402984	60.3413048675444	967.567266503597	1200.34533589207	56.621513922854	36.3955593446391	20.3458599642324	37.8392821272395	74.8345402506418	253.510622394336	136.962551549022	74.2509726278979	87.1955756038438	89.3122064117444	116.467232803874	116.295535823433	103.352110186004	85.1136911047286	63.7720128773369	18.9262090720482	-123.603310871769
663.787	-2.23160166788225	5.18892210809031	-10.8331805364323	-2.71625565013923	1.46760540259919	-2.41880825518958	-2.64545347420221	-0.358689983670889	3.41155570868358	10.0151217779383	0	-0.921414417577061	2.25484254025627	17.2784223410514	-4.26536530876659	12.6646230009235	17.8537583382676	22.8017634388973	11.407343064917	18.2653159705745	14.5554653312142	14.8071250218622	23.3367207325739	11.4672583464971	-2.30793569467335	15.7026495570241	20.5338662448276	10.3791456405621	20.4050164034469	1.8608049080701	10.1276562593392	21.4580680185234	29.706848573825	217.976189535902	1504.17112311895	410.38584697862	31.619986799879	15.7644587097314	36.0092373176556	14.2293434917479	122.35390333415	221.79845599917	63.1389272397615	58.3608879389827	44.5817338756005	71.4182777631554	17.6143194556308	69.5257219412015	0	8.63211994503489	105.525218350842	-76.7788611652167	-579.775531327578
668.512	-4.49751158039096	2.81551247814011	3.63881807524866	-16.7649534934822	-7.69021112075743	-10.2912504306527	1.64048543896289	0.542170802213879	-3.03333532245303	1.87760132516915	3.91388145040124	-3.09499082582292	-8.76410477900584	12.0295840188808	-2.76309822226127	3.64627852130415	5.14028530881916	0	-2.59565200101402	10.1818875599241	1.15794883347121	12.0095419562081	11.9389471467998	2.1009829336714	14.2862990517473	11.6253216139052	-2.22833781014491	9.19118020980709	4.74504644734137	9.68806186917998	2.16480444020332	18.2251120251124	39.6017782548021	753.682064194309	1172.49260619392	48.958188851773	7.69108026417193	15.1107294885199	29.3549963075769	25.6358990219594	176.134895485048	142.320551233971	13.2781086309081	30.9856520454688	28.7221763491093	43.0048282924282	92.9250002714151	15.0128914165397	36.2590181940657	41.3177528231466	41.1624701654594	45.1319478166627	-678.972572971623
673.238	32.1246369997933	21.4458308376907	16.1072207146279	3.7862261278276	22.614453497204	23.7034407801918	11.3462584631201	10.3632820101953	8.74792818080761	9.44454363438982	27.8246598012686	19.9272298403687	23.5116919705633	8.59881028569468	22.8556261516111	33.6255090910937	29.7346382737449	29.9140628909843	27.2319584809677	28.7597693591187	31.0645947039174	22.3331472217705	29.8451339264754	27.4772627650274	32.0870731457584	19.8170908637722	19.8555658780994	26.4642119286119	18.4580064068351	23.2656140555849	44.1790694851162	54.072323674132	192.613590874406	1230.55004206049	488.274181169205	35.2805376090184	35.7394095437174	31.1830363426233	36.5045610203789	73.8738673429047	222.427140387789	99.3168857992055	59.5547414194215	99.2422833612582	93.3535574600811	71.5177341931761	78.7791730634854	137.188335027681	106.260192156932	172.829460206493	286.421665152833	252.963717134785	953.109100106637
677.967	28.7140451206666	11.4129781691748	7.74392568949611	19.4167186982739	2.09818845739906	10.1547167237419	4.36398477174518	12.6370440804729	-0.819729743311531	8.56243791798625	17.7162887224368	11.9185796024725	20.3946860937222	17.0029556305842	15.86739119111	12.3171469627279	19.534397978733	20.2031315022804	30.8136976824553	21.430398525649	39.1155691312437	34.667449870393	37.0301100112852	16.6782573550502	27.6087454396277	30.1073022016738	21.6142082168306	26.0159590952518	23.7226099051904	32.6207523546404	36.6680682086265	53.8428674455463	650.968128335786	1060.4690341523	79.5255820204776	32.724326562144	27.4651077679856	42.0132366504729	28.5088804738135	144.86850466301	191.647655740011	51.2923018867911	53.2635513567035	52.5484548913684	74.6335803254575	77.3787891309416	88.8798656031343	62.1241867070541	115.027647925799	107.984323303421	260.713178903463	418.164874910988	1328.1386245937
682.696	-17.5125972672136	-27.6139727967361	-23.8635467042015	-23.4896069189091	5.15238740216534	-21.3682988374438	-1.89112212617818	-5.00003804182569	-4.35154151945519	-12.7462942282041	-9.89265367682579	-7.6114128881038	-8.31531066152003	-6.81209947856504	-12.8982961493407	6.22720642549418	-0.65840316744036	-10.3872615807128	-21.6579803522203	-4.01281947310409	0.791029689482561	-16.4081589269693	-0.741441275005616	11.4819572650596	0.680888423750914	-11.2506098981263	-5.54531963691563	-0.974292168612338	-5.18637440180346	17.6129690853131	8.23926841897474	96.8577318670418	1111.94903994309	472.952925489557	11.1495406137846	0.711591742549107	-3.0022904823699	-11.1166396685567	17.546621081083	141.585355029466	65.5443965467012	17.4591408141788	5.10225498487868	12.9595293273175	9.8104914405375	-29.6776665819184	-1.06988534310616	1.28196973089271	-82.3859310215378	-135.927584965585	-151.141355218127	-118.91953872604	-1051.69983544736
687.428	-12.0659648454373	-4.56529156270386	0	-8.82597512461328	-7.93514158444789	-3.07392772867197	0.211591788914917	-6.15382622409305	2.08663064241085	-0.726525845019491	-2.42312230179339	4.47099124169098	11.052846896939	0.326650577676308	4.7518365146478	0.94060279583163	-0.331500096920617	-14.2950412991321	15.6873180007962	-0.808167463367766	7.96552725437209	-1.12654923241139	12.3191983277782	0.722632828644164	-0.685642444106255	5.99779196712054	11.1680750518859	18.9678320003811	22.848814209155	16.7685291750551	27.1241397408169	466.633258315367	1054.07442753238	82.9838471323518	23.8156707641546	3.22452061228695	14.3604504557709	7.19630806085897	66.4695958279253	151.092483212954	32.0444653199361	28.9570103639481	10.2757587183339	34.5825367110412	-11.3988335983128	18.1120476066837	36.6300826729726	15.4910466190754	-34.1604762202382	-107.706210742726	-24.7761967042345	-79.8332299781111	-228.10154604002
692.16	-20.530161996456	-0.417279285358648	-7.17267831574519	-4.96937439783785	-9.51248572608146	6.74315590974269	-9.14783363929689	0.374983601630035	4.61550529638431	4.13932691132302	2.70697233534438	-10.27487989075	0.673505586077932	-3.61266014379545	-3.18508644265559	5.04377825910842	2.9996954284965	-5.60883329834521	-0.384694374623536	19.5013014503335	15.6170906565848	0.755109456328491	17.2654272916186	-4.35933184273845	-3.10213861816941	-10.7206190400738	-9.57741699568159	3.61687398712135	2.29728384417272	21.3986588401399	77.6431963049693	940.255134916243	510.811312005537	10.2231734582454	4.10484739386537	22.3339392038278	5.69936823435729	25.3237946315264	106.590250767088	104.130014775757	25.0053283972761	19.2361613276809	25.8288398187278	48.5471443516493	1.5280942534179	16.3893244409791	28.1632857655355	1.29792771744326	-9.81311445269737	24.8166517846493	-138.78809012137	-40.1332838934275	-147.432657797788
696.895	0.939526466981939	15.964295060537	20.9040177664441	13.5799009606405	7.10557918768968	5.94033008111137	3.85533065048585	0.377530114301184	5.28051043289009	7.84458742531325	18.2598810291781	10.3446565735772	12.2054284939541	-0.661307947183763	15.3922385110541	4.76065363523647	18.7915239705617	19.4112973683837	5.03498883067738	2.04518070189231	12.497885503772	6.84213662428298	9.06922265937824	15.7270208602909	20.4743454197512	8.4323615127453	12.9674424545424	16.5519825865261	29.076264709877	20.8911292868956	336.908269859198	1024.39784806709	117.251984110614	16.9329854562569	5.1659042524074	13.4188311340552	23.7173668679035	43.3023369006611	123.496390542293	45.8378930960176	12.587569758952	13.6090985213579	26.5821154789228	20.475427897218	33.8463738261027	31.1678459018334	40.3506951907932	-14.374161353459	54.3386540819439	77.2269249543805	103.902240790137	-94.2802674818602	-65.9706100428853
701.63	-19.8963199116389	11.8622923299833	5.36586267252463	13.3339607289489	-4.36158283598364	-2.56730953669888	7.34365870000361	2.66498077999625	-1.70400288208851	8.15790250277661	5.22181141758089	-11.7358092345953	9.57310898031565	10.0032112982129	9.70121754133019	-4.80077140397072	1.35356279421044	11.0331115402883	15.6228258681621	8.24966131282908	15.0425344077524	7.66643881858624	5.71603031529195	-12.1712837921683	5.9491014816474	4.08164187055664	27.8299391278958	17.0252945465541	33.3196463726883	65.5057556449396	718.583619116955	549.53963263476	20.0351213100777	21.4283028101892	15.2810153349535	15.7262748212596	7.71523607288109	71.0102835521572	129.690346704436	36.1555361912791	-5.37038806755141	13.7237816529179	12.8203189865685	18.6497822562002	47.3188026772425	61.0121385965328	-16.4962412027439	-7.90652270607823	59.7780686820014	105.363963351207	-65.0345085376934	-20.3731633195219	498.949055837985
706.367	9.58789972395194	0.428726781615348	7.75731695084489	1.8234651800888	-3.15272515632338	-4.33009082967917	-5.90156716898226	7.32014468055082	-2.15551158167875	-0.750508902485536	-1.94686413771905	-13.5258454294012	12.801672669452	-0.674867021534616	5.56319051289513	-1.61942110482315	4.10931738689186	8.64405615012648	5.5334712672011	-7.09618726019763	-0.411423706285152	-1.5516497383798	4.24195417128596	13.4367727551407	6.72862119997103	15.1452466165051	11.5367399625572	11.1482941886801	24.2774407364076	279.151795613067	835.641097978115	155.410869705312	5.31804669974163	-11.1812861876848	20.3843820930637	10.3629990723145	12.1018269967487	72.2736635976632	69.5329593717642	-3.70516646760183	21.738805818973	25.6396275308899	10.0252472979688	28.9837258086842	39.2503866271292	34.6133839131114	14.4679538256896	-2.66706923920526	-72.2566557361439	-23.1795120600144	80.4385180950272	20.6171432934847	-50.4924248582621
711.106	-9.68918231634028	-3.03278971349076	-20.3820812695798	2.21127301111526	1.2744116944243	-5.54272067472041	-1.54619859711704	1.16802183948798	5.88136008022432	-3.7921848348355	0.281061428893408	-1.33353432638375	0.699292120274562	13.9809187500455	-0.661406793880597	-10.1464735819722	-11.7660584445347	-1.09192104635321	3.99423182894078	13.4986323510999	1.24730944656298	-16.4644275817167	1.9485292791626	4.14905126912819	-3.22091031838046	12.5224647663305	13.7160109343408	4.09674914196939	44.638063583132	631.52840014142	496.354244895719	8.98393913481465	8.06133650603666	4.45127904520069	12.4308620432959	-4.11418444346101	33.1384489209878	84.7230737886358	36.8904252616397	0.936076577003128	20.470596979573	8.63682463738623	6.5554499020157	8.85508539829517	14.2794041101761	-16.0714440712115	17.9948151184196	0	16.9813825699773	63.2458011673838	-25.8644391113653	0	527.266660689447
715.845	22.0529594921618	27.6109939997987	24.9794555611041	22.7414516629253	-1.93374071246993	14.4598139715981	6.70325473065727	5.51385038905108	11.6785011715249	13.8098585938889	7.10785389752819	16.1876080057117	18.3920109275077	20.0067747423702	12.3776333466371	13.2437404288104	22.0541268118821	20.6184133984582	21.8184684362604	30.7234173864561	12.6174457250606	15.8618767459019	28.7777625971304	12.5912048552922	18.1010330495495	14.4267467483491	14.9153524657138	42.4776488646693	228.530838431558	777.773935361451	160.738934349471	17.8392314498178	21.0661286420407	2.42458124814033	20.1195592743017	27.6192045459047	77.8188370022369	100.90223837418	19.9914420851339	16.0974666259051	20.2024423644438	29.4866281256733	66.9160088851846	57.8796533473755	68.2108935518936	38.2527978122416	51.196132439138	2.72643512892502	125.398730569723	54.4995609984132	156.982611297962	231.836628752864	1152.76466058127
720.586	16.2127689831851	10.5448795288122	12.3223347151463	12.3336374241829	10.9853727084188	4.4375859041415	-1.79202202971634	-0.592252755410303	-3.09263141634656	-4.10208205182835	3.13530689378398	-6.42368049044488	12.764895448386	7.26201718327825	3.01833394369693	19.2516319826744	5.61510897545954	14.026189470175	4.05060029951958	9.83906317504223	9.27602178614582	0	-15.8082226967617	16.0653994740984	2.54050635498879	-7.40785946540629	17.7347115746471	23.8887452131267	522.828316703685	491.596368677735	22.2964401888457	10.12302743579	5.45006790864205	1.04171482619744	-6.48323598415415	9.86167175269555	60.8110638540408	56.7148237241626	26.7221715881633	16.1378777784137	20.7594876331432	15.8751646887193	44.1183031064059	-6.21695943097138	3.21798261107715	43.1424312836131	30.7947932639556	51.9323120944158	46.4967858474575	28.5059357953522	37.4706431310348	-190.160699291037	758.939953897471
725.329	25.8596489879891	22.6817513011087	15.691770294825	9.83618328446193	14.0630772381921	13.7749291364126	7.93592270100281	3.19728864447911	-2.90682915427814	2.33562382787946	11.8289788778366	5.1333114742088	2.51240025413724	5.60059266781464	17.312946292734	5.71168839557444	5.32850641597872	-2.24173040529572	6.15016371832079	13.8564480794799	17.4984251136966	18.9128663459319	2.00018002459804	13.164282181339	15.429347608026	11.4261374929512	26.0472393489926	167.512867015237	721.598178936554	155.155988468586	16.0718355375132	18.1026042063989	12.7573268478393	14.0592971250897	8.38538849214313	31.4823450600584	74.1081770435686	26.990340597075	18.0325239085351	31.2289145214505	31.7760924673277	11.082207167988	9.17620751653176	11.1874609898389	34.2018044392749	65.9898349826117	10.3903951809937	5.53337470531621	41.8356419723369	64.9222926683793	30.3429052941733	7.12907246145351	192.054042351775
730.072	6.0047747100741	22.82300230928	11.740903617946	14.4654867317914	18.7578453988741	3.31451826671454	-7.5290384402413	8.04299954042953	5.62486823913149	1.82790919628894	7.83832657176433	11.7079663280657	2.16689680392185	0.352216903618853	8.88117328013628	9.12799805761293	8.57870365457724	3.00758776149393	15.264877797264	25.2712150817444	3.00614092837254	32.797497256527	7.64801748835652	14.4150508920761	20.3309256643412	21.9167166239672	39.66835523359	436.905761158677	509.988961420966	25.0351897768671	19.9568413687591	15.4658534390582	18.3878104411736	19.0982497235597	24.9459733928321	77.2643949312661	70.9023253721971	21.5543043027298	14.9694779608524	23.2049672418764	14.9555706571275	2.78780545237865	11.6955798478401	32.3642519165431	26.22079754858	41.0122513187303	31.3653046533351	55.6783389435059	40.342166916836	38.7120577164212	80.1461489708247	337.153037667457	52.7045624465219
734.817	24.1891952010944	13.9710485489255	24.8712761683074	21.4685242284187	8.28538731297886	16.6899536665052	12.4074931556927	12.3524355742285	0.453176155263647	18.6715183752961	7.60147107752347	12.8312504409846	12.0023317966935	9.22249126733122	14.1041059677147	23.832770159625	13.3191606711055	35.9680287832493	31.5769304097851	22.8174014767434	25.5169062509782	44.0396796188712	28.7818251155459	25.8954284715633	11.5404001217317	26.0521076273517	135.542183491759	621.11352237479	207.708713792211	18.2090146347077	20.7912103330744	14.5370196272246	27.9517398257781	30.6311265144488	33.6199949821767	83.2583683326167	32.8296254163545	23.4435013521004	31.0646409198479	12.1715094564978	42.5876379498292	40.4286896168914	41.5343740660181	36.1362121523714	79.2194571222082	49.1698670306223	93.5923695828327	72.8944280371139	107.752146611706	163.254735082487	272.889247134758	144.485386666065	1256.17462422102
739.563	-11.2153304095208	-15.5008471936296	8.66157239474835	30.2494844496802	-1.67630106396425	-2.14881828829101	-10.4595261072045	4.09696230469001	4.12590068684852	-0.266029928473748	-6.5066311841312	7.01627274743346	6.99060075389042	4.30591409072446	0.695986653070428	-9.64370076295955	9.46798784769506	5.74504587418651	7.98581285990855	0	8.75014423889951	19.8002577075573	7.38145023949085	5.55669310559554	4.14248617807641	19.7657517768501	364.436162370543	444.744954329286	20.4381304178427	-0.354235686888705	6.30972216854156	4.55175259763501	-1.4138002678585	7.92677276686034	34.0100174139193	64.9392511706444	22.4170732199349	7.46598042384351	-10.1669178881531	9.85016800362114	5.77925152317319	9.08837757359934	30.7282733307645	34.4051058684648	37.5649100010444	18.901307190512	39.0547269538992	-1.41807825981248	60.7553074412027	-105.990916967119	46.6571847692255	299.631173779424	393.752712111108
744.31	-28.338167466331	-35.4802706709844	-22.5107977408376	1.95980589664175	-23.0414926763541	-3.10256817026666	-0.234919558316	0.414077515879485	-9.26671779462854	-3.49537303156721	-16.1416137309141	-8.15500036371826	-10.78396767919	-18.1331728005383	7.73772476414166	-18.1012563751446	-13.2497146651481	-24.7743287873407	-25.4880411289164	-15.2535401147963	-26.531154454726	0	-8.28931928760289	-13.2379884196113	-2.28370138025883	93.9664835927857	540.100812493042	173.192246349035	-1.08719449901664	-8.95059695172351	-15.5887068181838	4.24654982066349	-13.2175046992707	-5.09825371823696	34.3737200355796	29.8335047996548	-12.1675413144976	-14.2038993086732	-21.0183601852128	-16.4265841642934	-20.7091941250615	1.14819606856731	-12.0424640728132	3.6221909958538	3.37481143033706	-27.1469901162206	-35.8839796586709	-47.2970245335937	-39.7326624572889	-179.371058669097	-110.030984025557	192.041976896848	-162.803249088876
749.058	-22.3817210849894	-6.05139500259951	-12.2126827283851	-6.33547219427604	-0.342308472321444	-11.2833948036176	-8.78085590798492	-10.8760438036622	-5.14878287203253	-5.70407758985069	-1.50986857345885	-3.58188880445606	-13.899470449716	1.46547946749052	4.97432988510034	3.51658667946543	2.23085439935922	-24.6364667401286	-7.2954163319604	2.26609277772536	-0.893410071555577	8.00237388176035	0.837403590995845	-1.621003673782	4.99858828634713	305.335475422995	453.885627416818	17.6062658107383	-15.0101765038418	-6.51029170622042	-20.4008479600462	3.93245365950729	3.60880736359042	7.35765390779865	48.4623885103212	11.6535156040132	-0.847716776736687	-2.24204105958206	3.77478529182901	-2.51431263893554	-14.4836595259517	-13.9191672217074	7.04320605705818	-8.78210325927385	0.852325478319017	13.2043559710695	-2.41671419834061	-40.5409444912588	-72.9795076535085	-35.2341550772612	-31.7587136434054	-223.851508599475	-255.83770171359
753.808	19.62957619465	2.8467385052743	2.57542260112409	18.1616664637585	17.7939349985354	7.34766411123944	11.3688663164269	-1.70546089883049	3.57814001904071	-2.76853682795221	9.54146388098042	4.74612997303929	12.6355644046243	11.576189190549	4.70797421063937	12.5450832135598	4.92660227992627	11.160408224792	-2.62443961976686	-1.84778675183374	-4.09776957104846	-4.29288656393023	20.0579644177966	17.7613772493126	80.7338029928863	528.342863526146	186.62777870733	8.5988035747691	11.1945688692992	4.42377840968268	35.3858207462993	12.7533168042179	11.034918509144	33.3721004239363	56.3966453490377	24.5750488542302	29.8094558639429	11.4260926551776	18.2755324653091	8.7132940570248	18.5899249018455	27.7833137908204	27.410135027291	11.9349732832584	45.1744620815971	46.5876238834741	32.0223220741656	90.0222454269449	26.03473424227	43.6082764849123	218.499703317077	-159.71372577048	111.756279470971
758.558	2.16069998571958	10.1447394785504	-17.0446127199942	-10.2732644844403	-2.13146572128663	1.62636021499745	0	-2.38764493436687	-3.88607639032085	7.3290710445564	7.52124675419288	-14.4972677685959	7.01743646916737	2.66150471960193	0.368736391636098	17.1525478117211	2.31515823976378	-8.92832536828824	-5.78967207251225	10.8179500609561	0.463585989575105	31.4707568672759	11.2976372260614	18.084308927135	278.528019696773	420.43023969787	34.792574766322	4.94855980472692	1.1398104938418	-12.0112270218592	4.4572199277867	2.59703870590357	20.5985117552496	42.3781303546703	30.4930785888383	10.0087458115679	12.316527128334	5.58424234353016	-0.489679272335482	-5.74052236448099	11.1340711576269	1.8056464539574	22.5925930779635	15.9494621324267	-7.07627841479092	21.0820734016502	-15.0482500096361	16.5286723273049	11.3606097641192	88.8022964281776	-45.318450834713	247.798231812403	-113.788196384292
763.31	15.4277135118828	1.9710182781174	27.6390605160793	5.44905095700008	5.07299219785903	3.64962698502851	-4.27073435147268	-0.664212997212265	1.98193950477036	-1.4376548850794	-10.2291048485402	-1.13750120314669	5.9649430271539	12.7982973740122	0.376118813953484	11.9121407271982	9.44603886143082	-7.03728768804582	3.17993109970797	21.1095448389325	8.03874551259592	5.79598296156913	3.54579252931995	69.06665042595	471.336513104259	198.203557618139	23.3994410665002	9.31870940908812	-5.42560894557283	-0.382865693831331	1.5154857786349	12.8667349825001	33.9994754953742	54.9094359959139	27.0641509499297	23.39592195873	8.9736533442542	14.2401092943261	15.983458432077	2.12925549098979	-0.567849245866294	-9.82291766275501	4.74454160826152	15.4940801859045	37.8942461361741	54.8355947218323	28.1408032110472	45.9807018557799	1.9313431705279	167.839773846614	184.90306207675	86.8860325080946	-154.755112999362
768.062	1.11228917380512	4.9736456517143	10.7990862365547	7.61542599867175	6.21769279253312	4.01865959395727	-1.52141981259619	-6.2573194385908	3.00072249231818	1.74132594439555	9.03420338385338	22.5801489219396	10.8373471524608	7.82911068558462	-4.55565139944078	15.0294818643253	9.93167901896911	6.68529455554649	14.6728280705585	9.68501658286417	11.9322830735429	19.8007027686	23.2632751593059	258.933285803566	440.414380156956	56.3037099955979	7.085506792404	14.8926610149791	2.73818428166227	7.34250472959353	13.7669759903141	0	38.1734652584045	41.2725544872161	24.0555779897751	14.5982424379118	23.0968976187458	17.727111330863	19.1579287828033	16.6561130043007	26.3654425408104	-9.2951405365403	4.78892945870529	20.3307468062253	33.6953433116626	59.6896801432433	11.6198493643647	47.9579063741768	9.74705985095087	118.318101635688	123.008070157095	63.7810182706128	-507.659535385183
772.815	3.33474213148521	-14.4143854158655	-33.2759742000569	7.18776567124573	5.11719145821853	2.67739996150288	-0.253408459489818	-3.5733336521004	-2.99881120716004	-2.90036136893696	-1.93466766929471	0	-21.2597612190335	-1.56482479976946	0.379395809607263	-2.62848406821602	-11.1163954931371	-19.2079796872341	8.24820881350846	-4.83942389617419	17.6485306999676	1.34918801428348	61.2507446155076	438.348409853852	204.875743548443	5.58687850667497	-4.32727395097738	-12.5332002179256	-2.34552018688046	-6.1792235641772	8.7899657301546	2.67211380475858	42.0026005829324	6.67796692119179	4.07461965933164	-2.14543297193764	-1.35777566132306	-6.70328331709822	6.04601883154388	7.51732440158235	-1.14559344748418	-29.725504237823	-4.10218216288965	6.25162994050927	-9.10104901184907	2.1691513199794	-25.8054404405555	30.9208774101921	62.3414498719556	2.6873349979071	-114.451809386582	191.221180449344	78.0517209044982
777.57	26.654635753276	34.9954120192958	20.1890379181986	33.651426552096	11.5619000980856	10.5864133632612	4.91290761804175	5.46926185055451	12.7497530077917	5.03112284214158	15.1348054766711	19.9036234130653	14.3256535888133	18.761496426549	25.9376855329872	17.6249960662595	32.0034602655098	13.6344531029319	6.07847146634572	6.4194955919261	20.4418411493039	37.1706475171596	256.84025265584	400.480307017357	75.8284991208753	15.473504166682	15.2534888836005	13.987623423403	23.9333263683533	35.072588543364	26.1275108407684	35.4455884807557	55.4412078433657	14.0290180664086	15.7991805050671	21.0160005843384	23.0908891903927	36.1538995900452	21.0783200392358	36.709117767976	51.4336192358365	49.9205052598741	16.7432137358755	19.1372004219723	45.5041934755138	3.32005284630218	57.9292418592033	61.5248138492694	151.079103975219	238.56402240924	-82.181939747928	373.978360089008	1194.64158982797
782.325	-9.78952292436126	12.8747777613973	-10.2499876055888	9.63760826768708	6.05933848349659	-3.81432374247656	-9.71458903727636	4.16512166704368	4.91952396313306	12.9217747960578	8.01803533240347	-0.79255548837487	3.32486564123983	-6.07993012800619	5.50328704581618	0.778106252122902	6.17019397621233	19.0361068056227	-16.6171594286381	10.5296651264802	28.1697690600366	49.8582002570349	433.115789688061	222.827085076084	-3.82854809192377	4.96162614998691	6.92902657255582	8.52183054798982	-5.67045046065988	7.60272228665439	9.10728195254954	30.8498540422319	29.1456766836034	2.44201424354692	9.28776797288152	-5.77949508820334	3.75144299931524	21.8279935345314	4.69820928883693	14.4647257765204	-4.74779668068088	-4.49146100248692	17.0010808802088	-5.66764860002928	-15.0873524579121	30.3406735834992	37.4318172451876	59.2686639816159	167.535409962733	0	61.4877405579472	33.0207052585952	222.390779463572
787.081	28.382801978345	23.2677201912867	13.3955365675084	15.2942057938715	3.11097586125602	13.5303766437339	11.0537080346704	11.6426727481573	11.4324512592647	16.6628350646631	1.02915171523027	18.7179782064923	16.2169483368346	35.7937502899926	23.4111931010335	21.9721736282247	32.1012965895515	20.4354738076866	33.6387040872962	26.7731845723211	39.5826127128018	211.483511457301	418.578099171019	66.7545720496096	17.4724180499939	11.0386906620222	25.1116921926477	9.58391291968663	26.2018223577489	18.4896829043134	13.0110500630369	55.2330267183155	12.2991177956189	30.9264510477229	19.941045832505	35.6075893603612	23.1127182893661	32.0924677124671	32.1619611964995	3.99886110912845	15.8444400988425	52.7085420715392	33.4598929318166	39.0754652056673	45.5084804931511	24.2316045161684	119.427284233142	32.8968892468492	267.374296042792	165.826076540736	157.844686478517	144.104219745752	311.39868510914
791.838	16.5404570694001	-2.11318049088048	-3.82355652715188	12.1335315006234	5.050396227204	11.382868353335	14.0056387843053	7.35857548955257	-1.32805589060365	-2.77442564642627	-9.59603059720648	0.406514977144803	-6.39517216767503	3.32639780158421	14.1136402464297	1.59641488797997	18.9887746663303	1.77526142540193	17.5334795743933	10.2873171562334	35.4881483279536	403.433664717726	246.624735445402	8.73860401599263	13.527893013411	8.90715387997089	3.34495408850055	0	10.8028847198187	0.410480371396939	32.0896445198718	59.6420708656541	6.96269021494556	12.1079831801267	7.79539363843187	23.2591367186858	-7.21566717170982	29.516577733888	12.8522143517582	19.4040615024829	4.26164269004338	30.2777984465578	23.980382186202	26.5785768393902	39.6600976228451	39.1937880564909	39.7701974452291	62.4430170858087	109.744119568393	91.4008543880483	9.01088326278868	533.511483262041	331.834046680289
796.596	19.2563158588097	19.9118711331149	15.0929095572844	26.5512638797939	10.6851251036498	26.0896335321505	11.5234524936337	14.2665122929693	5.14083537541018	9.73477733682758	20.5977295705964	24.8462899387009	6.08026860146655	16.9425172659298	10.2693925477143	8.9442145101639	20.2030078530218	17.6319635635038	11.4110916793948	24.6265593293108	200.894778281863	393.92356161009	68.7371254988548	38.4181156050881	2.22265582502578	8.64138597642163	5.96296084308089	28.8358746219891	23.7021732518251	16.7257705050328	25.6544821105044	35.5441046189563	12.0992903024469	2.55187154378376	31.7637514673562	17.6539039598751	20.581085258912	11.9233856867692	13.092172166323	27.3240663329479	29.7682962590002	37.5481234068916	28.8695832827042	53.303538661659	63.0643093259943	56.3654927195627	72.6435133656469	147.304733264647	56.9512028136599	96.0169628617107	114.739016773916	448.580420143233	1267.61088134737
801.355	-28.0515052390415	-14.4016161231214	-13.4493235634664	-11.4602579040017	-9.22398948530206	-14.7018683072551	-2.36849522349061	-5.8447107416857	-2.8028543461447	-9.48793194155371	-9.64398456256033	-0.714956274634725	-8.62306685619432	-2.55950023326055	7.44668921400728	8.07210029789543	-18.5535648658576	-17.1722790453498	4.28290603690866	11.760300447187	279.97411394425	197.560666247649	-0.835741956924105	-9.30227620609538	0.767487652623936	-7.45972111807314	-13.6042571907823	0.732138760061825	-4.74988047724424	-6.49737353554103	23.5751620069021	13.5578839365597	9.36428094847134	-5.14013803973897	-12.5676020549282	0	-1.69206935705827	4.92270294291935	-8.47641397951518	-15.5578061095265	-6.42440891016296	-15.0491768356151	-21.0876913226948	8.0342874361966	-28.9215639970487	-6.08222537330804	24.1191878702783	76.5859470867711	-29.1338786685492	-57.7698245525663	-134.706707189079	-67.0221980902397	-1094.27164657237
806.114	30.1293945160075	0.464568262036173	13.4493235634664	15.8072522813817	6.49095556373108	9.07136555128509	5.92123805872653	9.18454545122038	7.70784945189792	3.79517277662148	8.13711197466028	9.65190970756879	16.49630181185	16.4539300709607	-4.25525097943273	8.07210029789543	6.67928335170875	16.7819999761373	8.9941026775082	123.935473943432	291.565398916464	77.7632409698195	14.2076132677098	10.1111697892341	9.5935956577992	13.054511956628	-2.2060957606674	8.05352636068008	4.38450505591776	36.4574848383135	23.5751620069021	22.4775444211384	13.3260921189784	5.87444347398739	16.7568027399043	23.2607837861348	8.0373294460268	12.5305165819765	23.5455943875422	9.53542955100012	40.6879230976988	17.3644348103252	12.1413980342788	21.181303240882	27.2202955266341	22.3014930354628	71.1516042173211	118.491465304061	40.0590831692552	120.563112109704	170.364364974424	230.854237866381	-36.4757215524122
810.875	22.8567820466264	3.71654609628938	5.0434963362999	17.3879775095199	24.5973052941388	-3.75366850398004	3.55274283523592	6.47092974972345	0.700713586536175	11.9276858693818	14.1646023262605	21.4486882390418	13.4969742096955	10.603643823508	15.9571911728728	2.10576529510316	19.295707460492	23.8070232219622	35.119829502651	230.230497216084	190.810383388756	18.9153829386047	-1.67148391384821	16.9867652459133	12.279802441983	20.8872191306048	-1.1030478803337	24.5266484620712	1.09612626397944	41.1500323917598	30.0047516451481	15.6986024528585	25.9318549342283	9.1788179281053	10.6634199253936	6.4167679410027	5.49922541043939	11.6354796832639	9.41823775501686	7.02610598494746	4.28293927344197	12.1551043672276	12.7804189834514	22.6420827747359	1.70126847041463	38.5207606976176	103.712507842197	151.726876303981	121.99811692455	150.70389013713	213.945946712067	580.85905011541	-382.995076300328
815.635	-14.5452249387623	-13.472479599049	-23.9566075974245	-23.315697115038	-8.88236024510568	-13.7634511812601	-15.1583694303399	-6.26219008037753	-15.6492700993079	-14.9096073367273	-15.9728494317406	-7.86451902098198	-20.6203772648125	-3.29078601419214	-16.6663996694449	0	-9.64785373024598	2.73195348448746	80.090342890192	238.372243679521	42.3527720138595	-1.68136737232042	-12.5361293538616	-28.3112754098555	-10.3610833104231	-16.0384004038573	-2.9414610142232	-16.1070527213602	-3.28837879193832	-0.721930392837892	-15.3595752469211	-9.63323332334502	0.720329303728564	1.83576358562106	-25.8968769616702	-7.6199119299407	-4.23017339264568	-17.9007379742522	-11.3018853060202	-8.02983541136852	-35.3342490058963	-16.2068058229702	-17.2535656276594	-37.9802678802021	-45.934248701195	0	63.9158478562376	-5.78007147824688	-12.7460719174903	-102.980991593705	-336.766767972698	-260.641881462043	-583.611544838595
820.397	2.07788927696604	1.39370478610852	7.56524450444984	-4.34699437737996	-1.70814620098186	6.25611417330006	0.236849522349061	-8.76706611252854	3.50356793268087	0.813251309276032	9.04123552740031	4.64721578512571	2.99932760215455	3.29078601419214	4.96445947600486	16.8461223608253	9.64785373024598	14.8306046300748	188.01957502029	170.97667573218	8.47055440277189	7.986495018522	-4.59658076308258	-4.85336149883237	-2.30246295787181	7.8327071739768	3.3091436410011	9.15173450077282	18.999521908977	41.8719627845977	4.28639309216402	8.56287406519557	2.16098791118569	-4.40583260549055	3.04669140725532	5.21362395206469	-2.96112137485198	6.26525829098826	5.65094265301012	13.0484825434739	0.535367409180247	13.8915478482601	12.1413980342788	8.0342874361966	34.8760036434999	56.7674368175417	130.243614499503	-17.3402144347406	18.2086741678433	-65.3050190594228	91.125125451436	89.3629307869862	729.514431048244
825.159	-24.9346713235924	-35.7717561767853	-8.40582722716649	-8.29880744772539	11.6153941666767	-9.07136555128509	-16.1057675197362	1.87865702411326	-0.700713586536175	5.15059162541487	1.20549807032004	4.64721578512571	8.62306685619432	-16.4539300709607	-4.96445947600486	-7.37017853286105	-7.42142594634306	45.6626510978619	234.703250822595	59.7061407318725	-6.68727979166202	3.78307658772095	-12.9540003323236	4.04446791569364	4.98866974205558	-8.95166534168777	-0.3676826267779	4.39283256037095	17.1726448023446	8.6631647140547	0.357199424347001	-7.13572838766298	-4.32197582237139	-4.40583260549055	11.4250927772074	11.2293438967547	20.3048322846993	-2.23759224678152	-9.41823775501686	3.0111882792632	2.14146963672099	0.578814493677505	-21.0876913226948	-1.46077953385393	37.4279063491219	65.8907748775038	59.0920102821819	-1.44501786956172	-72.8346966713731	75.3519450685648	-110.934935332183	-245.748059664212	-291.805772419298
