Long Name	Sample - Blank	S1c/R1c
nm	nm	
		Z of Sample - Blank
500	248.336	-43.0249418808161
500	252.814	-6.82992812421498
500	257.296	12.285424699124
500	261.781	25.5562774089353
500	266.271	11.4141395003179
500	270.764	-3.81006620851477
500	275.26	-18.0075048208757
500	279.76	30.786735892328
500	284.264	17.8148708150551
500	288.772	39.6565370796078
500	293.283	-13.0176541146533
500	297.797	45.8708124611243
500	302.315	-6.92758892086488
500	306.837	-26.6485929178764
500	311.362	-26.1205622413403
500	315.89	36.4352143463613
500	320.422	40.9363074875588
500	324.958	-5.08674159370591
500	329.496	12.4280235035468
500	334.038	32.3117798060792
500	338.584	-6.23562813465735
500	343.133	9.34927786056901
500	347.685	17.7315426785266
500	352.24	-2.11195891070791
500	356.799	8.01817828290285
500	361.361	15.6119582324488
500	365.926	-64.2549033984382
500	370.495	-21.9555408147232
500	375.067	38.4313401901399
500	379.641	-45.7615682195437
500	384.219	22.9597940552124
500	388.801	32.0581868585027
500	393.385	-6.60785349101816
500	397.972	-7.310926053002
500	402.562	-11.4213152575792
500	407.156	-22.2121898972266
500	411.752	-1.28534206707853
500	416.352	-18.5521772441641
500	420.954	-10.3284239430019
500	425.56	-1.62103760370095
500	430.168	-2.38599113744692
500	434.779	8.72481631630088
500	439.393	-3.94110560255138
500	444.01	13.2423381972745
500	448.63	-7.64717032227673
500	453.253	21.1665918418949
500	457.878	-4.49581869250782
500	462.506	-1.4868599256692
500	467.137	17.585922390901
500	471.771	-12.0113231727837
500	476.407	-9.78672070147192
500	481.047	-29.205187778314
500	485.688	27.4315794061359
500	490.333	3.23008200304145
500	494.979	-8.3758706062813
500	499.629	-251.982988311973
500	504.281	-402.650957864191
500	508.936	-74.6904726369864
500	513.593	8.17889273687375
500	518.252	8.49855677616568
500	522.914	5.27957630048272
500	527.579	25.357239712269
500	532.245	-5.64184080882742
500	536.915	12.0813339440605
500	541.586	-2.88167283150396
500	546.26	16.6379139486402
500	550.936	-1.46027268309909
500	555.615	11.6785380416625
500	560.296	2.92840630479516
500	564.979	42.9112422798907
500	569.664	11.1741236505078
500	574.351	10.522245401338
500	579.04	16.6831398332537
500	583.732	19.8444002251844
500	588.426	15.7206007784613
500	593.121	19.6488080136091
500	597.819	11.9969819774375
500	602.519	6.60622541346066
500	607.221	14.1616533019429
500	611.924	23.4744283263811
500	616.63	28.1770591896559
500	621.338	31.6506082073105
500	626.047	-4.50721175466174
500	630.758	-5.38630926244976
500	635.471	4.171533623077
500	640.186	6.69092666041762
500	644.903	-11.4171287204777
500	649.621	7.71888406404256
500	654.341	9.58071329008407
500	659.063	12.7344644285511
500	663.787	16.0345497863578
500	668.512	25.1349719212798
500	673.238	64.5721036459844
500	677.967	-4.55071434625524
500	682.696	-25.7547946513231
500	687.428	5.09126486706029
500	692.16	17.6945583451784
500	696.895	12.1854204872484
500	701.63	7.08845587376123
500	706.367	-7.17602512795469
500	711.106	-5.31862504603086
500	715.845	-19.5588005569378
500	720.586	1.95868676613353
500	725.329	-20.3459984254587
500	730.072	5.48801158085756
500	734.817	1.00785508398129
500	739.563	4.57832753831126
500	744.31	-2.0550378934565
500	749.058	32.7239592444882
500	753.808	-23.8299692304334
500	758.558	19.4057569411116
500	763.31	-8.79954617169421
500	768.062	-27.1949849027482
500	772.815	18.8606543811016
500	777.57	27.7331997499197
500	782.325	-66.0843623400691
500	787.081	33.0409633236718
500	791.838	5.89540786353821
500	796.596	-7.80861883962013
500	801.355	-1.03741304346622
500	806.114	-27.4750664270239
500	810.875	24.3646305140379
500	815.635	44.581111535388
500	820.397	39.3963504291952
500	825.159	-15.5557859997556
495	248.336	18.067601057351
495	252.814	-49.3826816093585
495	257.296	27.9983182354371
495	261.781	-58.4929054738052
495	266.271	-8.49903456831079
495	270.764	14.7401409067875
495	275.26	-23.3078464466569
495	279.76	20.5027494153817
495	284.264	17.4589259046237
495	288.772	26.2146816915321
495	293.283	23.7320159889248
495	297.797	7.20788039693691
495	302.315	-13.7097250511136
495	306.837	-16.3177023449898
495	311.362	-6.60693270097253
495	315.89	-7.48013990277387
495	320.422	22.4766249051078
495	324.958	19.5551128755644
495	329.496	23.1341900448483
495	334.038	-19.5573507853685
495	338.584	-5.57490820210156
495	343.133	-21.3504185016772
495	347.685	-10.7192822250513
495	352.24	7.08708302263653
495	356.799	-22.9315930766184
495	361.361	-2.8863172365685
495	365.926	-36.672912625446
495	370.495	-27.2813555085224
495	375.067	12.8781446667372
495	379.641	-39.9741540130009
495	384.219	-6.83961391012141
495	388.801	-15.4272026368074
495	393.385	3.79590403743616
495	397.972	-5.30737153533101
495	402.562	-9.02795644938002
495	407.156	-8.56381574735918
495	411.752	1.91433157951366
495	416.352	11.3041307899903
495	420.954	-8.49125836886504
495	425.56	-5.0707455192577
495	430.168	13.8574170233064
495	434.779	13.4690503793423
495	439.393	-18.6605502462905
495	444.01	19.842330593474
495	448.63	3.41710059134925
495	453.253	17.9026589512839
495	457.878	11.0397301936992
495	462.506	-20.9000250490277
495	467.137	-15.0655028396149
495	471.771	-3.57483804431685
495	476.407	-19.737742623018
495	481.047	-0.643470959246855
495	485.688	-14.8403040962488
495	490.333	-131.797149812176
495	494.979	-445.953174989319
495	499.629	-385.968822674809
495	504.281	-53.0835977754512
495	508.936	30.7313369995531
495	513.593	-2.54564086292935
495	518.252	13.3003876401171
495	522.914	1.8891132489255
495	527.579	21.7211732173578
495	532.245	7.55976738849874
495	536.915	19.3757131219605
495	541.586	-0.963516048612771
495	546.26	35.240955253178
495	550.936	23.1275899824822
495	555.615	26.7495220897291
495	560.296	9.82880018165129
495	564.979	24.1331690902729
495	569.664	19.6476444917422
495	574.351	11.0834788042435
495	579.04	18.9777320129066
495	583.732	18.0764762190415
495	588.426	21.2553294427262
495	593.121	19.6396303659441
495	597.819	5.89422528945673
495	602.519	4.19346102857037
495	607.221	-4.58157555818531
495	611.924	29.8935936040789
495	616.63	13.3142755816653
495	621.338	-6.52779571879639
495	626.047	-5.85829264763231
495	630.758	-32.1971287298987
495	635.471	1.49170842773222
495	640.186	0.747283034936817
495	644.903	-1.5116159864338
495	649.621	7.66482876804785
495	654.341	8.17301503884181
495	659.063	17.6610881988194
495	663.787	9.15488847810937
495	668.512	35.2963387416139
495	673.238	44.7895883686864
495	677.967	21.5429768255524
495	682.696	3.69892632601448
495	687.428	10.7606843139407
495	692.16	-0.832147916940722
495	696.895	4.60841538134952
495	701.63	29.1507266835153
495	706.367	-4.2753704988295
495	711.106	6.91277529950801
495	715.845	-3.49636060493249
495	720.586	-13.1442261729491
495	725.329	23.5054048072565
495	730.072	25.8833851645279
495	734.817	14.8310123064339
495	739.563	-10.456648520496
495	744.31	1.83786975113198
495	749.058	14.8542658605114
495	753.808	-6.15075257573442
495	758.558	10.598342893755
495	763.31	3.93109279334526
495	768.062	-26.2867963007196
495	772.815	-5.45229876946143
495	777.57	2.52884379135721
495	782.325	-18.4880586989268
495	787.081	49.042390845208
495	791.838	-3.16084978930558
495	796.596	26.296275725085
495	801.355	-6.48573822996799
495	806.114	-25.9432482066748
495	810.875	3.2430167583854
495	815.635	21.7738504824733
495	820.397	23.6270553443096
495	825.159	-9.72867062069544
490	248.336	-6.30047858254831
490	252.814	-28.6117411674986
490	257.296	-4.96245702090187
490	261.781	-16.646915333191
490	266.271	-15.4037649805644
490	270.764	-13.3364043782664
490	275.26	-25.1131285461116
490	279.76	27.3600716587607
490	284.264	38.5725448614858
490	288.772	9.22254718059255
490	293.283	28.6485936758185
490	297.797	24.4795771644212
490	302.315	11.9971958015934
490	306.837	-32.7309557146844
490	311.362	-1.99122352324151
490	315.89	-12.3333185309777
490	320.422	20.7271770668374
490	324.958	-4.52973997415736
490	329.496	30.1642172110224
490	334.038	4.20609123868746
490	338.584	-13.4853665385484
490	343.133	0.416264836918761
490	347.685	22.355054763435
490	352.24	-14.1204273066826
490	356.799	10.3840856096324
490	361.361	21.7836903001235
490	365.926	-7.87092098922827
490	370.495	4.30679697834259
490	375.067	34.9513168207045
490	379.641	-9.97429624167869
490	384.219	8.28930639824557
490	388.801	7.59336210595644
490	393.385	6.10310168634208
490	397.972	-18.0970481975777
490	402.562	12.0895588415625
490	407.156	-4.92412859781666
490	411.752	-5.87515283737862
490	416.352	-13.6350969400117
490	420.954	-18.7081597833748
490	425.56	-11.8018522731559
490	430.168	8.69321085163559
490	434.779	16.6935792687989
490	439.393	-7.96243066655869
490	444.01	23.6486501485517
490	448.63	-3.08761160189926
490	453.253	21.1131038805859
490	457.878	-18.1177658848954
490	462.506	-24.2508271599766
490	467.137	-0.515000058026985
490	471.771	2.4295086484627
490	476.407	2.13881492903784
490	481.047	-3.28112552238412
490	485.688	5.50093397630917
490	490.333	-71.0215165261998
490	494.979	-275.149033144198
490	499.629	-81.2751591888115
490	504.281	-4.88542825523547
490	508.936	32.5174543462856
490	513.593	13.5743522112857
490	518.252	21.5247745307539
490	522.914	21.6767604130642
490	527.579	9.71642037472
490	532.245	17.4154806656633
490	536.915	32.7923555602015
490	541.586	27.3690937962007
490	546.26	0.0311216132660945
490	550.936	-2.33351345969444
490	555.615	48.161058778471
490	560.296	13.3675278636724
490	564.979	14.3811911966621
490	569.664	22.3325188285599
490	574.351	15.5452814294768
490	579.04	2.23923640564554
490	583.732	19.9282510054481
490	588.426	33.477624494746
490	593.121	37.6696202695195
490	597.819	27.752550736822
490	602.519	3.53905339968735
490	607.221	15.3324309345388
490	611.924	16.7741670011422
490	616.63	25.7519319902655
490	621.338	23.9751079916964
490	626.047	17.9094385992563
490	630.758	-16.077409475421
490	635.471	7.42947752777187
490	640.186	-3.38639456975815
490	644.903	-19.8371666617044
490	649.621	16.3125565021829
490	654.341	-12.6953537642332
490	659.063	12.7943358564755
490	663.787	-19.1012905321456
490	668.512	25.4117718795736
490	673.238	22.2778978710695
490	677.967	13.9889066281066
490	682.696	8.91292892324687
490	687.428	1.87833457169757
490	692.16	-1.12050311380278
490	696.895	7.21856782437751
490	701.63	19.5115390370918
490	706.367	9.27238126075984
490	711.106	19.9423079604635
490	715.845	-1.9738580084394
490	720.586	-29.7156474193227
490	725.329	-1.20700108914873
490	730.072	-4.43808971073988
490	734.817	9.77052823808985
490	739.563	11.5218818463638
490	744.31	-0.432437529180834
490	749.058	21.842935727863
490	753.808	2.5752984998004
490	758.558	6.54144621144169
490	763.31	1.78344172148943
490	768.062	-8.52782867883857
490	772.815	23.8000186580299
490	777.57	-30.1964797394886
490	782.325	-41.8234912024256
490	787.081	6.22528016096774
490	791.838	-6.16498857503036
490	796.596	8.74063919389869
490	801.355	-2.93198790829828
490	806.114	-25.1516816230162
490	810.875	2.95351621137415
490	815.635	4.19690186406778
490	820.397	5.46284097712661
490	825.159	-1.24646112456161
485	248.336	-5.53007674482019
485	252.814	-26.4374897626217
485	257.296	17.2866064206367
485	261.781	-27.9678890742318
485	266.271	-15.9232267402728
485	270.764	35.2282559959348
485	275.26	-30.2159895663767
485	279.76	13.76188487655
485	284.264	17.9086356487761
485	288.772	13.221188306987
485	293.283	9.90088940944489
485	297.797	16.8730569014629
485	302.315	-22.5903277514106
485	306.837	6.38100535846092
485	311.362	-4.49340288058135
485	315.89	24.7142282569557
485	320.422	27.3587248883956
485	324.958	23.2173464364232
485	329.496	24.4158809914248
485	334.038	12.6798113803124
485	338.584	4.33536425343853
485	343.133	13.4240305524926
485	347.685	4.75049780719219
485	352.24	-5.23314082579741
485	356.799	-12.5991384271091
485	361.361	5.73430564402482
485	365.926	-24.2236675261251
485	370.495	1.62969438402938
485	375.067	35.3060135240758
485	379.641	-17.978932356619
485	384.219	-15.1244174012993
485	388.801	42.3820529388887
485	393.385	8.61648517410829
485	397.972	-6.248226358268
485	402.562	19.7112006055798
485	407.156	-4.97415226963657
485	411.752	7.17577339526171
485	416.352	-13.7864937822024
485	420.954	8.79775052021993
485	425.56	-3.07700079645796
485	430.168	-5.13579800623977
485	434.779	21.4241894614802
485	439.393	14.9874238712665
485	444.01	2.08023585948965
485	448.63	0.883647406317523
485	453.253	26.757591400446
485	457.878	-6.49775800781518
485	462.506	-27.9030181445192
485	467.137	18.4551952994683
485	471.771	24.9581664241535
485	476.407	103.448705716478
485	481.047	803.091672094077
485	485.688	687.118583168833
485	490.333	-190.972700686079
485	494.979	-38.9054793813767
485	499.629	1.39822842979893
485	504.281	1.40417964189766
485	508.936	37.8894848459792
485	513.593	17.6238261376382
485	518.252	13.4865969598545
485	522.914	-1.05759720356343
485	527.579	22.7931115755134
485	532.245	-4.00756736356084
485	536.915	27.5816453893175
485	541.586	13.4177322323198
485	546.26	15.4241831698288
485	550.936	6.38866746831518
485	555.615	19.7225701142042
485	560.296	21.4767913669383
485	564.979	17.4576317796302
485	569.664	14.773447421021
485	574.351	21.237685265864
485	579.04	31.0005367283019
485	583.732	23.9690595507513
485	588.426	17.6356220847527
485	593.121	-9.9166977872262
485	597.819	24.494462395328
485	602.519	4.17507592447672
485	607.221	12.0074719966309
485	611.924	31.5045154166944
485	616.63	17.4603094109176
485	621.338	23.1501764997625
485	626.047	7.17528424622319
485	630.758	-5.03375592341504
485	635.471	28.2439563674359
485	640.186	2.22996369835316
485	644.903	-13.832249647856
485	649.621	4.56587093117032
485	654.341	-10.2639017431498
485	659.063	2.01073734872717
485	663.787	12.1931580336496
485	668.512	4.09204570787548
485	673.238	20.2490508874853
485	677.967	15.5737808336207
485	682.696	6.9992626136551
485	687.428	-2.45454533138786
485	692.16	-6.71747221383625
485	696.895	8.20642528839001
485	701.63	23.381021181273
485	706.367	16.3708527939197
485	711.106	12.1464783544367
485	715.845	-6.69559028101178
485	720.586	34.6809056597263
485	725.329	-19.2464166818558
485	730.072	-15.9430045710123
485	734.817	13.002462797166
485	739.563	4.63745588369
485	744.31	3.51276785827296
485	749.058	15.0188883804049
485	753.808	16.5091828066772
485	758.558	-8.18775242262259
485	763.31	-16.3072158406417
485	768.062	-36.7184565069367
485	772.815	24.8855121925679
485	777.57	3.87417650324695
485	782.325	-38.8943938651974
485	787.081	13.9244268964515
485	791.838	-29.5782497352828
485	796.596	-6.38515575714879
485	801.355	19.322820588325
485	806.114	-30.3680197737661
485	810.875	2.75770229865195
485	815.635	24.4449932601492
485	820.397	3.15827029788979
485	825.159	-3.93401219489496
480	248.336	-9.88269730553709
480	252.814	0.41405009624664
480	257.296	15.7466182678912
480	261.781	-17.200569655009
480	266.271	1.66204444738947
480	270.764	22.5137565671468
480	275.26	-17.1442463275024
480	279.76	3.96705040063068
480	284.264	0.00410220491962754
480	288.772	14.2817508535892
480	293.283	-1.70956355032277
480	297.797	-5.30064549673423
480	302.315	5.85404483105075
480	306.837	-3.89200290732972
480	311.362	-21.0522402596857
480	315.89	12.2956348406485
480	320.422	34.9932412705613
480	324.958	-5.01185065584768
480	329.496	24.4942745862901
480	334.038	3.76749798020376
480	338.584	-1.36687954792834
480	343.133	-23.2176956387486
480	347.685	-4.11726984486138
480	352.24	11.1161952331288
480	356.799	-4.91424664475949
480	361.361	10.2582753322391
480	365.926	4.62106325567434
480	370.495	-20.7728093853822
480	375.067	24.9031073888691
480	379.641	-19.2579735567063
480	384.219	5.70563912292497
480	388.801	21.076205024478
480	393.385	-16.4387896913838
480	397.972	3.90347386009259
480	402.562	3.75295282932279
480	407.156	10.8759381082587
480	411.752	0.284836306179177
480	416.352	5.26982464175818
480	420.954	15.7417248010665
480	425.56	13.3181953757954
480	430.168	12.8103639411525
480	434.779	25.0332680064397
480	439.393	-2.84132533824008
480	444.01	15.1198168857847
480	448.63	12.8400803175724
480	453.253	44.0182387168307
480	457.878	120.367022367357
480	462.506	185.263300041765
480	467.137	162.186846044753
480	471.771	333.650900189892
480	476.407	8480.70041872243
480	481.047	2287.48849630165
480	485.688	3791.40249073849
480	490.333	29.5385134041038
480	494.979	22.5986811052352
480	499.629	7.35166846312825
480	504.281	6.17601885650213
480	508.936	42.3958861444596
480	513.593	26.6935974965729
480	518.252	29.1245067813813
480	522.914	30.5767154460577
480	527.579	39.6048367423724
480	532.245	3.71518800782649
480	536.915	40.186988954256
480	541.586	21.9874921268179
480	546.26	34.0051595892571
480	550.936	14.8542382157127
480	555.615	26.3973474245064
480	560.296	24.1087982508215
480	564.979	27.9997336842871
480	569.664	30.2203391868058
480	574.351	22.1232374778879
480	579.04	17.0905273174256
480	583.732	27.6652502826433
480	588.426	12.6384936997766
480	593.121	3.05132053539166
480	597.819	6.12833765506
480	602.519	9.26023458397482
480	607.221	9.07765469272317
480	611.924	17.0128988527903
480	616.63	24.0869697104356
480	621.338	23.7435002966302
480	626.047	4.04418341502172
480	630.758	5.71302109159069
480	635.471	1.64686447889246
480	640.186	18.9567817156646
480	644.903	-1.67517025629695
480	649.621	3.94795768964516
480	654.341	3.71953690434609
480	659.063	5.48660067359414
480	663.787	4.97763944521973
480	668.512	16.8111345950021
480	673.238	11.5690993748829
480	677.967	6.27870585508464
480	682.696	10.2689612599719
480	687.428	-5.4729219725322
480	692.16	-9.17800492725228
480	696.895	6.16970443648731
480	701.63	14.294807473257
480	706.367	13.8302085635209
480	711.106	-1.26774923663046
480	715.845	1.28416663699616
480	720.586	7.09552319013453
480	725.329	-2.28691619933386
480	730.072	-3.60764550173285
480	734.817	8.26132042271682
480	739.563	18.0513751595231
480	744.31	-8.11710402251585
480	749.058	10.2487366488489
480	753.808	4.87209256955562
480	758.558	15.23081654981
480	763.31	13.0106613681611
480	768.062	-32.8243548172839
480	772.815	2.91916176098079
480	777.57	2.6111321937668
480	782.325	-29.0759264269511
480	787.081	45.3728552375933
480	791.838	-6.19062470889885
480	796.596	-7.0990380681849
480	801.355	15.3294416466385
480	806.114	-12.9487912434496
480	810.875	-7.49053282159659
480	815.635	10.5634118428092
480	820.397	-5.44201534364978
480	825.159	1.36615807199586
475	248.336	0.310239148029432
475	252.814	-13.0596727319169
475	257.296	2.22129156576142
475	261.781	-14.6086966930199
475	266.271	15.621083385527
475	270.764	14.8734119790798
475	275.26	-18.6573746819823
475	279.76	-9.06848172132652
475	284.264	16.2306107178069
475	288.772	-0.329739698491976
475	293.283	12.8352515480474
475	297.797	8.79344586900743
475	302.315	-11.8954206843462
475	306.837	-14.833837028277
475	311.362	-27.8407432369766
475	315.89	-0.298172932560881
475	320.422	7.39247266034336
475	324.958	-4.28465244815346
475	329.496	17.7363910181329
475	334.038	-0.0022273314928567
475	338.584	-0.630605368981462
475	343.133	-3.12201313437567
475	347.685	-6.57689428998552
475	352.24	4.44244181966363
475	356.799	-1.28022203677274
475	361.361	2.59873027419864
475	365.926	-17.8532464679906
475	370.495	-8.37537973524423
475	375.067	32.4032752055454
475	379.641	-1.23077886776772
475	384.219	10.7316435451653
475	388.801	11.5619670344175
475	393.385	-7.09790482429345
475	397.972	1.65908725093283
475	402.562	10.5603657979726
475	407.156	-3.66393377350022
475	411.752	15.713780319984
475	416.352	-3.54449677672931
475	420.954	-10.9198263444159
475	425.56	0.729768089571325
475	430.168	18.4096656688058
475	434.779	13.5989137634896
475	439.393	-3.05468530040167
475	444.01	38.4519488385824
475	448.63	104.209076043436
475	453.253	244.834764573468
475	457.878	241.813182195278
475	462.506	108.565986627022
475	467.137	329.259176779916
475	471.771	8572.58182265501
475	476.407	1164.27714544927
475	481.047	7764.86997900808
475	485.688	71.521409035465
475	490.333	38.08152160578
475	494.979	27.8499856468066
475	499.629	15.3730042994506
475	504.281	17.3387398738112
475	508.936	56.6541186400121
475	513.593	28.0640102203669
475	518.252	28.1382887294351
475	522.914	18.4399499451792
475	527.579	34.7410740071355
475	532.245	17.3902691347504
475	536.915	34.4105570450266
475	541.586	14.9320500644949
475	546.26	26.7612093311851
475	550.936	20.610325263025
475	555.615	41.2991984820047
475	560.296	13.1044000798091
475	564.979	14.1894686176718
475	569.664	30.4539862675438
475	574.351	40.5870260199893
475	579.04	39.9549241144723
475	583.732	31.2156445950884
475	588.426	23.7647083473871
475	593.121	15.0754641985628
475	597.819	33.1110104244304
475	602.519	36.4302514928533
475	607.221	8.54381733077918
475	611.924	25.8602009924859
475	616.63	25.6617644115184
475	621.338	20.5030847780968
475	626.047	11.084266102898
475	630.758	0.750971760481376
475	635.471	22.0778839732985
475	640.186	10.0536091139194
475	644.903	-15.0011718147587
475	649.621	3.09378775616406
475	654.341	-9.16466517106816
475	659.063	-1.04691038037468
475	663.787	4.01773212048473
475	668.512	19.1548230801473
475	673.238	25.5057770609229
475	677.967	1.10111330810924
475	682.696	-1.66297751888488
475	687.428	16.9871872985016
475	692.16	-8.11562617879331
475	696.895	14.9476254946803
475	701.63	15.6313373482697
475	706.367	16.6785799368136
475	711.106	-1.7391861201228
475	715.845	4.99641362992543
475	720.586	-12.6588515541218
475	725.329	-7.75777466358386
475	730.072	0.306199977738519
475	734.817	14.8086157716024
475	739.563	7.94869976488
475	744.31	-11.7528560224444
475	749.058	3.12607584577774
475	753.808	3.18300920962634
475	758.558	5.82990017425646
475	763.31	-6.27463720256937
475	768.062	-12.6838138142411
475	772.815	12.9958095861105
475	777.57	-1.69804576788353
475	782.325	-17.6167325268615
475	787.081	4.26880218130519
475	791.838	-6.01657156827968
475	796.596	9.03191889900304
475	801.355	5.61631284298428
475	806.114	-5.60030875375703
475	810.875	-17.4398708141306
475	815.635	37.7039021389807
475	820.397	29.6069071955476
475	825.159	-0.612353143066567
470	248.336	-3.06814147260776
470	252.814	-17.5224269619524
470	257.296	8.38922921919388
470	261.781	-3.11948893365494
470	266.271	1.72972074790992
470	270.764	16.7503036265115
470	275.26	-5.36964038749189
470	279.76	-1.92137202499611
470	284.264	22.4907159892014
470	288.772	19.7817602638608
470	293.283	0.951450007854573
470	297.797	15.1430569586008
470	302.315	2.70351818772284
470	306.837	-11.0066858702686
470	311.362	2.0193314768198
470	315.89	1.79314127689371
470	320.422	16.1610216576171
470	324.958	-7.57271351710109E-4
470	329.496	16.4986156733873
470	334.038	-5.21608447241394
470	338.584	14.9034915155088
470	343.133	-20.5677223954081
470	347.685	-10.6836659498597
470	352.24	16.6026378940376
470	356.799	0.9754678107666
470	361.361	7.35178071880955
470	365.926	3.68526604531843
470	370.495	-3.41502346019263
470	375.067	19.1914018967453
470	379.641	-32.0625631191552
470	384.219	-8.35930064864223
470	388.801	5.83928538258765
470	393.385	2.57652265386151
470	397.972	-2.91014020317312
470	402.562	1.60235199374078
470	407.156	-6.7418581905923
470	411.752	1.5616219139362
470	416.352	9.2147697842662
470	420.954	4.3275117567159
470	425.56	5.72113573858491
470	430.168	10.1399433960047
470	434.779	23.6621955191922
470	439.393	43.6017321664103
470	444.01	101.108518113922
470	448.63	99.7664903959175
470	453.253	48.2076454785716
470	457.878	38.3769288982706
470	462.506	134.308558600101
470	467.137	4561.97750175472
470	471.771	1.09035974034487
470	476.407	1832.33673005885
470	481.047	10.2664320484176
470	485.688	12.6722083291469
470	490.333	24.2053894747641
470	494.979	17.2840075401532
470	499.629	12.6147734422143
470	504.281	13.6122275547014
470	508.936	31.8083378900325
470	513.593	26.4300313295504
470	518.252	29.2013466184596
470	522.914	21.654958243763
470	527.579	27.7454752444267
470	532.245	18.4567135542289
470	536.915	23.6257160284337
470	541.586	21.2808161669518
470	546.26	30.1461093429769
470	550.936	16.4533663474217
470	555.615	21.1625994479937
470	560.296	33.9658507744274
470	564.979	37.8023532606864
470	569.664	29.0495855156074
470	574.351	30.466263709137
470	579.04	24.518886310427
470	583.732	26.407564531119
470	588.426	28.81811743392
470	593.121	16.8506550082448
470	597.819	9.89057010301389
470	602.519	15.6610913068743
470	607.221	-76.2847464573584
470	611.924	17.9468221787331
470	616.63	3.1211600467399
470	621.338	31.0359512453376
470	626.047	5.59909486224432
470	630.758	3.39458231968491
470	635.471	5.88908674509096
470	640.186	16.5574493861977
470	644.903	-1.73153448657112
470	649.621	13.2747145806531
470	654.341	-3.37044430771882
470	659.063	5.80089009887948
470	663.787	6.6913337674932
470	668.512	13.4816651217607
470	673.238	15.2095110605326
470	677.967	10.7684044619147
470	682.696	0.839054647967677
470	687.428	13.7015287513354
470	692.16	4.24008199380268
470	696.895	4.69745223812744
470	701.63	7.53405023690238
470	706.367	8.92924491865049
470	711.106	7.48328315336991
470	715.845	-2.89489521959971
470	720.586	14.9532698643283
470	725.329	9.71299068748411
470	730.072	2.72748064648519
470	734.817	6.40981402914021
470	739.563	9.03108421799259
470	744.31	2.33861740001753
470	749.058	7.09605663707647
470	753.808	-9.63671086857152
470	758.558	15.4563027242258
470	763.31	-5.25388671019397
470	768.062	-7.57969997929352
470	772.815	-2.01998791708639
470	777.57	-6.69617392818732
470	782.325	-19.616234168526
470	787.081	20.9527895360955
470	791.838	-16.0968829274703
470	796.596	21.5958915032128
470	801.355	9.44050057527705
470	806.114	-6.37158767149541
470	810.875	2.59514058340895
470	815.635	21.7088235942517
470	820.397	29.2617949135421
470	825.159	10.3819509097488
465	248.336	-2.29274806220159
465	252.814	-12.7261096306416
465	257.296	3.45747422730352
465	261.781	-12.5248727500174
465	266.271	5.67197471061931E-4
465	270.764	9.9430548157986
465	275.26	-11.2293527771654
465	279.76	13.3445308182047
465	284.264	23.0921191517264
465	288.772	13.5348344854418
465	293.283	-2.92997039795026
465	297.797	20.6659440704324
465	302.315	-8.94988285288784
465	306.837	-4.75961031517997
465	311.362	-12.6771372083939
465	315.89	0.79173540440612
465	320.422	15.8524073368607
465	324.958	10.4280590451655
465	329.496	18.9336206059155
465	334.038	4.18584205975929
465	338.584	-6.05905877917929
465	343.133	4.17452170180219
465	347.685	-0.628042354975612
465	352.24	11.4708957638935
465	356.799	-9.45231989694943
465	361.361	0.865709621310407
465	365.926	-13.2358744251841
465	370.495	-15.0682495509973
465	375.067	9.43720122467913
465	379.641	-23.3471184253609
465	384.219	-10.8667419372712
465	388.801	22.3994769748433
465	393.385	9.10261598538721
465	397.972	4.95801723770763
465	402.562	-1.93964789014097
465	407.156	-5.95071758876467
465	411.752	-1.89202325307198
465	416.352	9.4905340285123
465	420.954	-1.98958121284493
465	425.56	-0.486716298487005
465	430.168	15.3474565588804
465	434.779	10.2176168973856
465	439.393	17.7574178132323
465	444.01	14.2692459818921
465	448.63	19.6925561105317
465	453.253	31.1681400637433
465	457.878	34.5560714758803
465	462.506	417.851973795096
465	467.137	0.525419140769372
465	471.771	399.615581564055
465	476.407	1.08150792131963
465	481.047	10.1531884204702
465	485.688	12.9227964104536
465	490.333	27.7594690707527
465	494.979	7.41436958590295
465	499.629	20.5318051044452
465	504.281	21.1346824510528
465	508.936	40.172029274009
465	513.593	28.2009225185542
465	518.252	29.4849859172142
465	522.914	25.6306018368769
465	527.579	40.2096427206105
465	532.245	23.3788253318536
465	536.915	27.0021785837946
465	541.586	26.1617505217221
465	546.26	36.815824773142
465	550.936	28.9182292805074
465	555.615	50.3920310819199
465	560.296	33.9446042346534
465	564.979	43.584460440925
465	569.664	29.0612050518466
465	574.351	16.7713831446298
465	579.04	32.0081762466346
465	583.732	19.1740531733505
465	588.426	29.2952361237811
465	593.121	24.6368816887006
465	597.819	16.3700230634364
465	602.519	13.0419616741883
465	607.221	10.4635277588687
465	611.924	20.8069261307342
465	616.63	18.9352312020051
465	621.338	23.4865191665442
465	626.047	12.0210738119807
465	630.758	11.3200297298912
465	635.471	11.5733032665103
465	640.186	12.4338412493957
465	644.903	-10.1964786049701
465	649.621	11.7194133509175
465	654.341	6.12620130304132
465	659.063	5.11940883526308
465	663.787	6.2656908424044
465	668.512	10.8226291129808
465	673.238	5.0802279991031
465	677.967	14.0771035630646
465	682.696	-13.1216104570854
465	687.428	8.56223036566854
465	692.16	3.37046558398009
465	696.895	9.98787000787808
465	701.63	7.79116015263916
465	706.367	-5.38175477489312
465	711.106	7.77310229880207
465	715.845	3.14411583290382
465	720.586	1.77388828417866
465	725.329	-4.38790996495611
465	730.072	4.41677451290481
465	734.817	14.9551791646817
465	739.563	17.5815310127133
465	744.31	-1.86156560243046
465	749.058	8.76729553047844
465	753.808	-4.0421434984233
465	758.558	14.080835476438
465	763.31	1.32648060473794
465	768.062	-25.6490222988349
465	772.815	0.891749526105955
465	777.57	-3.41010434078998
465	782.325	-21.7075705674107
465	787.081	25.1376927919087
465	791.838	-2.60561359668852
465	796.596	-4.10350615944821
465	801.355	9.79214607253157
465	806.114	-3.95826181332046
465	810.875	9.79291901583973
465	815.635	12.0822145979316
465	820.397	10.8338779926775
465	825.159	1.04405075007039
460	248.336	-10.4798942356863
460	252.814	-9.47600257343462
460	257.296	12.1394543427235
460	261.781	-13.7189811183275
460	266.271	3.98688842923373
460	270.764	16.8132036266076
460	275.26	-7.81116493327366
460	279.76	14.1017812141428
460	284.264	-2.58081672636665
460	288.772	7.07594700542943
460	293.283	1.17049571923747
460	297.797	20.1513417119026
460	302.315	11.7779186557134
460	306.837	-0.884901950618014
460	311.362	-9.9583711235721
460	315.89	0.221382859489452
460	320.422	13.7279792922033
460	324.958	2.5138161839576
460	329.496	7.4433220400741
460	334.038	0.469636026806604
460	338.584	-4.44063313810802
460	343.133	-19.362671518766
460	347.685	-5.15580800962723
460	352.24	0.948349573644773
460	356.799	3.84316856830979
460	361.361	12.3304758895474
460	365.926	-10.1818011413359
460	370.495	-5.77489081218312
460	375.067	11.5056977496848
460	379.641	-12.9290963906583
460	384.219	-5.72644841113839
460	388.801	17.7228833645311
460	393.385	12.7195897743805
460	397.972	5.5423870990892
460	402.562	4.5392560706841
460	407.156	-3.71802219797786
460	411.752	5.39207401787885
460	416.352	1.51889790048095
460	420.954	1.67887511562805
460	425.56	3.10833613487598
460	430.168	0.57090247584361
460	434.779	1.29362195673814
460	439.393	16.3293928700338
460	444.01	40.4702355519656
460	448.63	22.2136767548837
460	453.253	27.2409372783223
460	457.878	643.79687769721
460	462.506	-6.844465323642
460	467.137	317.743283900539
460	471.771	5.0026299601802
460	476.407	11.7365966305209
460	481.047	10.8650516813651
460	485.688	11.3652779332047
460	490.333	29.5650343428711
460	494.979	23.2242451755232
460	499.629	13.7451195653355
460	504.281	33.0020252529233
460	508.936	57.4479672389941
460	513.593	37.1169960715478
460	518.252	40.2741281770573
460	522.914	31.9714481072096
460	527.579	39.8811052036249
460	532.245	27.0847735878458
460	536.915	46.1697421812157
460	541.586	34.479500869523
460	546.26	51.487799941146
460	550.936	49.2527434899307
460	555.615	43.1986816678759
460	560.296	23.5718266148344
460	564.979	31.7464625275221
460	569.664	27.4591522623014
460	574.351	33.9374643602432
460	579.04	21.4676047972774
460	583.732	27.2573352407072
460	588.426	28.0900812424165
460	593.121	30.1335527237671
460	597.819	12.5477511127028
460	602.519	14.9298685140853
460	607.221	16.655753291868
460	611.924	27.0090097930688
460	616.63	28.9397553122544
460	621.338	21.14660594714
460	626.047	6.25876789276545
460	630.758	10.4206501447804
460	635.471	11.8086751842373
460	640.186	7.51242181357896
460	644.903	6.83609839963526
460	649.621	10.0190999312005
460	654.341	6.06479290845508
460	659.063	1.38457139037388
460	663.787	5.60179469406229
460	668.512	19.5520461375947
460	673.238	22.3042477504709
460	677.967	4.29300464907968
460	682.696	7.84829997817376
460	687.428	6.6584115315
460	692.16	1.67745508275758
460	696.895	8.42634962201079
460	701.63	7.0085900255113
460	706.367	6.22866389268081
460	711.106	2.60758499570438
460	715.845	0.658054007042045
460	720.586	-2.63841955499537
460	725.329	-14.712005931217
460	730.072	4.93872930617273
460	734.817	6.77526241316808
460	739.563	8.68198464361454
460	744.31	-0.00339286884013212
460	749.058	5.60041816862031
460	753.808	-3.09087053733978
460	758.558	14.5261422989251
460	763.31	-4.44291350761435
460	768.062	0.747470465329069
460	772.815	6.72386430681438
460	777.57	-0.761171209521391
460	782.325	-24.0013148639783
460	787.081	10.6031511847591
460	791.838	-5.02902895099755
460	796.596	-4.31550739434141
460	801.355	13.5058133884505
460	806.114	-11.8728377670742
460	810.875	-2.79187336250059
460	815.635	14.4357964533611
460	820.397	9.31287223064972
460	825.159	0.703313251093775
455	248.336	-18.9295378101034
455	252.814	-10.6817442995135
455	257.296	3.52994459987916
455	261.781	-21.4538408866478
455	266.271	5.61545056844993
455	270.764	34.0762425381996
455	275.26	-11.3274955472138
455	279.76	9.4424728570627
455	284.264	-17.080993491144
455	288.772	5.09611861081306
455	293.283	8.9658154622543
455	297.797	7.0977495418579
455	302.315	-8.77447556936516
455	306.837	-26.5050464598398
455	311.362	-3.85592615041125
455	315.89	1.29236833964835
455	320.422	18.2528232600641
455	324.958	-6.37511223335697
455	329.496	14.5823463062026
455	334.038	-4.89358534419309
455	338.584	6.76544774838055
455	343.133	11.3706877581377
455	347.685	-4.62454167630669
455	352.24	-0.278948882897847
455	356.799	-10.0329123275023
455	361.361	-11.511072070202
455	365.926	-12.3857920288377
455	370.495	-22.0692691818985
455	375.067	15.8683392200967
455	379.641	-20.1073752568974
455	384.219	14.370535118954
455	388.801	21.6100180128447
455	393.385	7.13495023529827
455	397.972	-3.56467586870304
455	402.562	0.924498647654701
455	407.156	2.27252322178691
455	411.752	-8.92972274575154
455	416.352	-2.18535643480266
455	420.954	-3.2000703806517
455	425.56	9.98796913856819
455	430.168	19.3584625293064
455	434.779	35.6517968024048
455	439.393	33.5750678597145
455	444.01	9.64443102703379
455	448.63	6.87342073129116
455	453.253	721.681293104645
455	457.878	7.46742305002954
455	462.506	247.323081867974
455	467.137	14.0797359380124
455	471.771	20.3357225080582
455	476.407	16.647119387126
455	481.047	10.7355401835049
455	485.688	15.4565316931734
455	490.333	26.2299384396097
455	494.979	36.5867328462554
455	499.629	36.0275762643933
455	504.281	28.745346135488
455	508.936	46.5376682822941
455	513.593	50.7183097606156
455	518.252	50.0918791050226
455	522.914	42.8191340947926
455	527.579	42.4703597023649
455	532.245	30.0494871581161
455	536.915	47.9918733406917
455	541.586	41.0946004205109
455	546.26	54.8819472103077
455	550.936	38.4665934488984
455	555.615	43.236577269748
455	560.296	36.9174233640607
455	564.979	26.2506473258999
455	569.664	38.2957063616535
455	574.351	45.4758846764288
455	579.04	25.1280008790775
455	583.732	29.4599009174321
455	588.426	25.4172050793485
455	593.121	24.3321439775131
455	597.819	24.8824564698465
455	602.519	16.5183659867579
455	607.221	13.9892459250114
455	611.924	38.8379710641032
455	616.63	32.1335830907353
455	621.338	16.7207406594469
455	626.047	12.3939426189439
455	630.758	5.18711618359368
455	635.471	17.411593072076
455	640.186	18.5340048938833
455	644.903	9.47804061118178
455	649.621	7.82891884332871
455	654.341	0.228184164174747
455	659.063	4.35647849904613
455	663.787	2.08726978765153
455	668.512	12.8717781135841
455	673.238	8.00579484372841
455	677.967	12.8150477582145
455	682.696	-5.51428805810584
455	687.428	8.938048587899
455	692.16	-4.84947323417642
455	696.895	5.87692258396694
455	701.63	7.64631477425209
455	706.367	-16.2111950675329
455	711.106	-2.26418224423168
455	715.845	2.04049175582019
455	720.586	-7.15165457814263
455	725.329	2.32849436844185
455	730.072	-2.33269134543388
455	734.817	17.5702627700345
455	739.563	5.82506744985473
455	744.31	6.69625725750085
455	749.058	-2.43316660349339
455	753.808	-16.0105343152428
455	758.558	-10.6849021874756
455	763.31	3.44215741156253
455	768.062	-19.3888786627036
455	772.815	25.7427485957519
455	777.57	4.43063522120499
455	782.325	-23.9704004192691
455	787.081	12.9259868297986
455	791.838	-10.1364134788736
455	796.596	-13.1458625778561
455	801.355	9.99808337464772
455	806.114	-4.32724442697009
455	810.875	3.24957391137771
455	815.635	31.6280946227729
455	820.397	3.51877588448674
455	825.159	-11.6196786246583
450	248.336	-14.1213976285694
450	252.814	-15.8258028678413
450	257.296	3.21197016861327
450	261.781	-2.88457809276483
450	266.271	-0.736431724080982
450	270.764	20.2102946188051
450	275.26	-21.2190861394471
450	279.76	-3.49633881908409
450	284.264	1.65565573822222
450	288.772	17.9321736029365
450	293.283	8.44862084129964
450	297.797	12.264568473271
450	302.315	-0.576248598746962
450	306.837	-14.2944503686443
450	311.362	-10.8445215370388
450	315.89	13.689245123871
450	320.422	15.9889350874229
450	324.958	19.1642075140454
450	329.496	20.3920354367561
450	334.038	6.02870686044386
450	338.584	5.41644716039811
450	343.133	-6.02273424092694
450	347.685	-10.8838017586876
450	352.24	14.3942475983662
450	356.799	-10.8394318570568
450	361.361	-10.9057472235306
450	365.926	-8.44424718037304
450	370.495	-8.6944959445521
450	375.067	19.4815718309029
450	379.641	-11.6139979199189
450	384.219	6.8000210534298
450	388.801	10.8668906911328
450	393.385	-15.582956019879
450	397.972	-6.87467505930169
450	402.562	4.33310506211283
450	407.156	-6.80376839459188
450	411.752	-9.90235963068961
450	416.352	3.22090639737485
450	420.954	-0.151129963458573
450	425.56	10.9001675192015
450	430.168	4.47541412572522
450	434.779	-1.04125027821314
450	439.393	-1.47278397878523
450	444.01	-45.0600490420625
450	448.63	-308.12963056093
450	453.253	19.5408717248356
450	457.878	-96.4856643168564
450	462.506	14.5218020117961
450	467.137	30.1965379331874
450	471.771	15.6345660586494
450	476.407	23.5256247472624
450	481.047	17.7775687121867
450	485.688	23.869320218102
450	490.333	47.1500777063164
450	494.979	34.3686961269043
450	499.629	32.7354358039281
450	504.281	35.2769990804374
450	508.936	72.0382357179393
450	513.593	58.4115206807382
450	518.252	39.4430308725504
450	522.914	34.7668653056465
450	527.579	32.6186798150049
450	532.245	38.4550471451223
450	536.915	64.2949232409759
450	541.586	48.6711589565097
450	546.26	42.8049512243057
450	550.936	45.6391006333802
450	555.615	38.5103333073691
450	560.296	38.4585532595285
450	564.979	49.9499033025623
450	569.664	44.2731393755165
450	574.351	37.4573564800844
450	579.04	36.9195964025749
450	583.732	41.350316229178
450	588.426	38.6821512632235
450	593.121	21.4525460466504
450	597.819	18.432658807103
450	602.519	9.97533725997651
450	607.221	22.1750047354966
450	611.924	23.0746588813075
450	616.63	24.0341205581377
450	621.338	30.0985777468773
450	626.047	7.36022621237179
450	630.758	7.2033485247611
450	635.471	7.25417413279416
450	640.186	5.08924302558909
450	644.903	5.62924272726998
450	649.621	15.1605131008015
450	654.341	12.1109821201952
450	659.063	0.00255614155635442
450	663.787	-2.83799784243103
450	668.512	13.004342002923
450	673.238	27.7244363488405
450	677.967	18.4501808565037
450	682.696	5.06263687179717
450	687.428	17.4479725878649
450	692.16	8.09895982010787
450	696.895	5.71589912899527
450	701.63	16.9879682681478
450	706.367	20.5125866837546
450	711.106	-0.274144351754432
450	715.845	-9.06892655591242
450	720.586	14.2092612876116
450	725.329	-0.00639601111048904
450	730.072	2.32427055290223
450	734.817	30.0082159754993
450	739.563	4.12645539842236
450	744.31	-0.305456964187171
450	749.058	8.7377998866983
450	753.808	-13.4911683113811
450	758.558	5.62178368199113
450	763.31	5.10252209310493
450	768.062	-2.24796024207957
450	772.815	-4.50573925920901
450	777.57	-2.61724310111566
450	782.325	-43.9427847849034
450	787.081	14.3633779166369
450	791.838	-7.50564406883059
450	796.596	-21.5650107460598
450	801.355	37.5451374430975
450	806.114	-11.105096725938
450	810.875	-7.20369042818725
450	815.635	24.6288808378434
450	820.397	23.1295667689075
450	825.159	11.4152183641467
445	248.336	-10.3306880129797
445	252.814	8.10530931083524
445	257.296	20.2619428445108
445	261.781	-20.9839146108387
445	266.271	-4.35481274813717
445	270.764	22.2280967693051
445	275.26	-9.39032970507966
445	279.76	8.295776703479
445	284.264	1.18161283978645
445	288.772	21.2701159949019
445	293.283	3.58083645180431
445	297.797	23.5464189660953
445	302.315	-15.984568160992
445	306.837	-25.086437594597
445	311.362	-6.09191111729861
445	315.89	-4.05691175474945
445	320.422	10.8353536219499
445	324.958	-11.5373518139238
445	329.496	24.1944411667224
445	334.038	13.241892869475
445	338.584	10.7121691645586
445	343.133	-20.335545012382
445	347.685	1.79248616825372
445	352.24	1.81296330950701
445	356.799	-9.54844426388944
445	361.361	8.13747879985548
445	365.926	5.20010050962539
445	370.495	-28.7020477990522
445	375.067	7.70152519014733
445	379.641	-26.8397901135805
445	384.219	-19.977213946479
445	388.801	12.5378380020536
445	393.385	-7.77962051080228
445	397.972	-11.9238607331836
445	402.562	1.81901610972988
445	407.156	-7.76697764693119
445	411.752	-13.5046907298946
445	416.352	-6.03120318068238
445	420.954	-4.47720443345531
445	425.56	8.97189550158745
445	430.168	17.2734647348786
445	434.779	13.7040121999585
445	439.393	-37.007872170811
445	444.01	-352.447279286809
445	448.63	-421.749176643443
445	453.253	-105.848691231117
445	457.878	9.31519021179372
445	462.506	7.67716617338065
445	467.137	28.7266060733113
445	471.771	29.5032041683227
445	476.407	19.4225560782704
445	481.047	20.8177991556351
445	485.688	28.7843731222622
445	490.333	50.9354411124695
445	494.979	44.7077495852038
445	499.629	34.3613248567823
445	504.281	32.6659048523758
445	508.936	70.8955260437921
445	513.593	70.2462877589391
445	518.252	44.8626853106551
445	522.914	50.4758196138536
445	527.579	78.8236482996757
445	532.245	41.045400622166
445	536.915	71.8463074439318
445	541.586	43.2430481282259
445	546.26	42.7651702650646
445	550.936	42.585245048716
445	555.615	56.1873872631071
445	560.296	33.0048469973057
445	564.979	45.5014705695614
445	569.664	40.2016422964878
445	574.351	40.5462053645221
445	579.04	35.1784232585699
445	583.732	35.4012710718796
445	588.426	31.8979668244058
445	593.121	32.0560254383365
445	597.819	14.1309251039622
445	602.519	14.2416220768292
445	607.221	20.05703328707
445	611.924	22.7145646517426
445	616.63	4.98459681913039
445	621.338	33.461952492518
445	626.047	20.5525808658995
445	630.758	5.97597339808047
445	635.471	22.3652370674798
445	640.186	9.4798077330197
445	644.903	-13.9471260899679
445	649.621	22.6880662442845
445	654.341	-5.08915111261994
445	659.063	0.904978865141407
445	663.787	1.52803266094519
445	668.512	24.9744446220396
445	673.238	23.8805222455172
445	677.967	17.5052499267557
445	682.696	8.58934666504663E-4
445	687.428	7.00237295220756
445	692.16	9.92189367451591
445	696.895	2.26144022203366
445	701.63	11.3709537634258
445	706.367	-5.91614596340683
445	711.106	25.2471523870934
445	715.845	11.4249885395753
445	720.586	-7.74712051203899
445	725.329	-4.77371343416134
445	730.072	14.0726469417634
445	734.817	11.4039798146848
445	739.563	21.6708392563246
445	744.31	-19.0824871775415
445	749.058	12.8489014004738
445	753.808	-19.6384464472809
445	758.558	34.4405008010585
445	763.31	1.51045476161364
445	768.062	-29.3640488703013
445	772.815	24.3883441214039
445	777.57	8.94261673988971
445	782.325	-33.9545260665734
445	787.081	37.7072773260155
445	791.838	-26.7279351945861
445	796.596	12.3773767024506
445	801.355	37.3986493835302
445	806.114	-14.2453855156841
445	810.875	2.49188784188674
445	815.635	9.2616098319106
445	820.397	17.4533116151917
445	825.159	-23.8564391782813
440	248.336	-14.942578999062
440	252.814	-7.60075012677456
440	257.296	9.30134394451025
440	261.781	-19.7599069217524
440	266.271	-5.48193632556293
440	270.764	-2.28737458124684
440	275.26	-24.1546476566905
440	279.76	-21.7469916564357
440	284.264	16.1398701142828
440	288.772	14.8757489540207
440	293.283	-1.12662532671558
440	297.797	1.08463527849135
440	302.315	-4.28357727797884
440	306.837	-31.6402924339927
440	311.362	3.90130959377952
440	315.89	13.4822954563537
440	320.422	12.0724831445536
440	324.958	-8.0716155022349
440	329.496	7.83436342318384
440	334.038	6.75472799123221
440	338.584	-2.26005113047815
440	343.133	-49.0134367211735
440	347.685	-18.4112342582481
440	352.24	-6.85644096182747
440	356.799	18.108949444654
440	361.361	-1.16139957842643
440	365.926	-5.05112228618242
440	370.495	-5.40817309360673
440	375.067	26.5343432212207
440	379.641	-21.850707505957
440	384.219	6.25626307248064
440	388.801	30.9201314956974
440	393.385	-5.78129212979414
440	397.972	5.93469866444769
440	402.562	-12.3174706316404
440	407.156	-8.74091554219497
440	411.752	1.63543568876366
440	416.352	-16.6164451253321
440	420.954	-7.3507029173538
440	425.56	-14.5103942743497
440	430.168	4.97809923197048
440	434.779	-10.1000834777396
440	439.393	-262.558051336307
440	444.01	-390.347519555089
440	448.63	-124.561996779893
440	453.253	30.0150262700347
440	457.878	19.7246240007711
440	462.506	16.0712022742534
440	467.137	38.0490247023956
440	471.771	24.6552805088497
440	476.407	44.1161062168281
440	481.047	44.4313158574119
440	485.688	44.7594939964468
440	490.333	66.706078965669
440	494.979	43.7689347898006
440	499.629	59.3609087945649
440	504.281	52.1687307349993
440	508.936	74.6521461296434
440	513.593	81.9933017582052
440	518.252	76.8153447812933
440	522.914	71.0255237555372
440	527.579	78.7834802615158
440	532.245	41.4300376440826
440	536.915	64.0415656215114
440	541.586	69.4355688485784
440	546.26	65.1778931087413
440	550.936	64.3564603287163
440	555.615	58.9260486636017
440	560.296	33.8216771601957
440	564.979	53.3149736202201
440	569.664	39.7460480606751
440	574.351	32.2322243151982
440	579.04	34.9796360281094
440	583.732	37.4024798917198
440	588.426	27.9282168688378
440	593.121	39.724880118279
440	597.819	18.1695534109614
440	602.519	29.5815254120233
440	607.221	13.9327893947973
440	611.924	15.7849948312473
440	616.63	20.3182761108781
440	621.338	15.7956571229133
440	626.047	4.13483833289057
440	630.758	21.1875187482494
440	635.471	30.0724904236162
440	640.186	6.93265098251157
440	644.903	-5.79178055549509
440	649.621	0.92904628622361
440	654.341	4.07489888220471
440	659.063	2.84986646329478
440	663.787	6.74336576306543
440	668.512	26.5200710923657
440	673.238	28.9496130511262
440	677.967	10.8122535460832
440	682.696	-6.62464177503334
440	687.428	16.3583436326633
440	692.16	20.1281819094634
440	696.895	-4.72227605846904
440	701.63	16.6922102702334
440	706.367	4.48073622692799
440	711.106	20.5534121090558
440	715.845	-9.86497466798299
440	720.586	7.77923983578976
440	725.329	-15.0163524665776
440	730.072	-13.3031804444516
440	734.817	11.5915317187168
440	739.563	20.5260455924487
440	744.31	-12.2335762555779
440	749.058	10.8525755766351
440	753.808	-2.28902128421951
440	758.558	-10.8797682241585
440	763.31	19.809207306943
440	768.062	-9.19859302397097
440	772.815	16.3824005249739
440	777.57	4.48924287068174
440	782.325	-4.96975404994355
440	787.081	31.0391455143749
440	791.838	-7.63962982003149
440	796.596	5.62443773857681
440	801.355	18.3089076869159
440	806.114	1.12056899442147
440	810.875	6.35463117822367
440	815.635	16.0578152574187
440	820.397	14.1957700132728
440	825.159	-14.191503824421
435	248.336	-8.37775938282798
435	252.814	-8.71218176598077
435	257.296	12.9506196204939
435	261.781	-9.19370017237437
435	266.271	20.9256683654468
435	270.764	40.5579420950504
435	275.26	-5.66717097410862
435	279.76	5.50760825145527
435	284.264	-4.03946210441961
435	288.772	11.4499535646687
435	293.283	11.70385212795
435	297.797	-8.14207831096537
435	302.315	-8.69593388899499
435	306.837	-23.5703747716392
435	311.362	-12.4607013462964
435	315.89	4.15632239543581
435	320.422	11.7717838064537
435	324.958	9.64223145123732
435	329.496	20.3644288466428
435	334.038	-6.22730928193266
435	338.584	4.37378898639854
435	343.133	-21.8955442732838
435	347.685	-13.1876176045058
435	352.24	-5.57785955681401
435	356.799	-8.25273416929157
435	361.361	-5.6704376030401
435	365.926	-10.9912905378296
435	370.495	-12.0405039763807
435	375.067	14.2468142181795
435	379.641	-27.433423287287
435	384.219	11.8336589876694
435	388.801	5.89582390712523
435	393.385	-8.93278660759115
435	397.972	-25.946974205256
435	402.562	5.95068130507121
435	407.156	9.00121002854246
435	411.752	-2.86515962863481
435	416.352	5.46806834873041
435	420.954	-7.69125082536488
435	425.56	10.9901226273869
435	430.168	-16.4995284622655
435	434.779	-365.912936478773
435	439.393	-485.851394182881
435	444.01	-54.8580696373078
435	448.63	11.8935249928895
435	453.253	41.7302907817466
435	457.878	42.6394898513239
435	462.506	25.5938674851849
435	467.137	52.5580868619201
435	471.771	53.1746508612618
435	476.407	67.9412131919676
435	481.047	51.4268806185076
435	485.688	63.9348779097517
435	490.333	75.4548401011971
435	494.979	83.0528418583544
435	499.629	53.3682547160377
435	504.281	61.3464880373512
435	508.936	107.982840149327
435	513.593	79.9085278213353
435	518.252	75.6575364410358
435	522.914	71.1117172601219
435	527.579	72.2876934500152
435	532.245	58.7098464645015
435	536.915	61.9410796453812
435	541.586	50.0228402712596
435	546.26	63.296996844043
435	550.936	41.2394796031408
435	555.615	73.6057871569842
435	560.296	45.5954331020692
435	564.979	52.7596983891815
435	569.664	64.9294801379531
435	574.351	37.2343095129152
435	579.04	35.9717243251133
435	583.732	34.3162032995299
435	588.426	60.6401810345268
435	593.121	33.0484036715256
435	597.819	15.5404130974854
435	602.519	23.9002232150712
435	607.221	33.529252737832
435	611.924	27.9819087650404
435	616.63	27.1583944995073
435	621.338	35.067245588317
435	626.047	16.1230927844278
435	630.758	-1.74212259530529
435	635.471	26.3832268775514
435	640.186	18.5055292764753
435	644.903	10.0961947865061
435	649.621	5.72400241607401
435	654.341	21.717916764562
435	659.063	7.41042993922885
435	663.787	16.2705532671875
435	668.512	25.851998210267
435	673.238	24.4197247018201
435	677.967	18.2194508970512
435	682.696	26.8116107197548
435	687.428	5.54002888495606
435	692.16	15.0514869807612
435	696.895	11.2057104353744
435	701.63	22.916653530439
435	706.367	30.5802932872213
435	711.106	26.4905509525875
435	715.845	15.1177020393523
435	720.586	4.83129984713308
435	725.329	14.9875324640968
435	730.072	-6.30383168287059
435	734.817	25.4369468562592
435	739.563	19.2871837303058
435	744.31	1.43904084347204
435	749.058	8.76231207748727
435	753.808	-7.43287728932914
435	758.558	-1.89073707218674
435	763.31	2.31725797584679
435	768.062	-20.6583931794559
435	772.815	-10.9122623762699
435	777.57	0.00319449457178234
435	782.325	-23.8107314084828
435	787.081	30.6780340285176
435	791.838	-11.9938971323916
435	796.596	-32.0570880135293
435	801.355	5.46384093382736
435	806.114	-22.5767719309747
435	810.875	17.4774146452236
435	815.635	26.5834097983506
435	820.397	35.3283350907181
435	825.159	-8.3721510179503
430	248.336	-10.2601501747406
430	252.814	-20.7239418508252
430	257.296	22.6214966855789
430	261.781	-4.66982760424404
430	266.271	-20.3164972798155
430	270.764	33.7368382805479
430	275.26	-24.0972674526833
430	279.76	-6.59475750698427
430	284.264	30.5398953518994
430	288.772	8.88301695725392
430	293.283	20.946783717579
430	297.797	24.0605861332281
430	302.315	-0.690115478288799
430	306.837	-1.00254425330953
430	311.362	-10.7434360426269
430	315.89	15.4341697926295
430	320.422	13.4229005095789
430	324.958	-14.9126815848207
430	329.496	5.30740942006162
430	334.038	-8.16874309545244
430	338.584	-6.02582709200064
430	343.133	11.3303652401569
430	347.685	24.8812121619601
430	352.24	4.69258010140317
430	356.799	-1.08060288652776
430	361.361	5.51527216961023
430	365.926	-23.5200181443338
430	370.495	-3.2851841445584
430	375.067	32.7260266210907
430	379.641	-32.5671611118614
430	384.219	17.7563586395384
430	388.801	21.2276453571099
430	393.385	-2.12989376816098
430	397.972	-28.7091715579883
430	402.562	27.0241116303376
430	407.156	-0.238734705250948
430	411.752	11.1891962728781
430	416.352	-15.4135976828226
430	420.954	3.02529044396522
430	425.56	-16.0066577143461
430	430.168	36.34227034375
430	434.779	-128.779735965902
430	439.393	-60.5422451565476
430	444.01	50.6263817595628
430	448.63	31.3987913520816
430	453.253	46.732103961215
430	457.878	40.4202794322103
430	462.506	42.6110529861239
430	467.137	56.0574933713013
430	471.771	72.2289092197589
430	476.407	66.0018396712575
430	481.047	77.7258258604313
430	485.688	85.7001053269663
430	490.333	76.2392231592554
430	494.979	94.0798678593737
430	499.629	63.0797861468718
430	504.281	95.1585939606898
430	508.936	120.017864158913
430	513.593	86.3571704071152
430	518.252	71.8780318683154
430	522.914	82.6961168716226
430	527.579	87.7186357271885
430	532.245	78.8558701262542
430	536.915	84.608187542723
430	541.586	51.5262031084131
430	546.26	82.1681843759504
430	550.936	57.1841544322774
430	555.615	58.7626099729451
430	560.296	56.7678249646022
430	564.979	44.419872520811
430	569.664	40.4319243673109
430	574.351	51.51462883937
430	579.04	46.5571379252619
430	583.732	42.414261672122
430	588.426	35.5971797753632
430	593.121	41.2880768023499
430	597.819	22.4823378668871
430	602.519	13.8763400076674
430	607.221	18.8284171480805
430	611.924	43.9846828714828
430	616.63	27.7458764192975
430	621.338	27.6748233382399
430	626.047	26.8238555160211
430	630.758	16.0946534066668
430	635.471	12.8141145821014
430	640.186	6.28046708513626
430	644.903	9.22062959022742
430	649.621	32.4553785041817
430	654.341	12.7770404100536
430	659.063	6.58930880537893
430	663.787	23.6847706373103
430	668.512	22.3362271564501
430	673.238	32.0023824002416
430	677.967	37.533994171273
430	682.696	2.19265643052753
430	687.428	12.3288901659756
430	692.16	13.3564410244617
430	696.895	33.5570978866096
430	701.63	18.0506010754956
430	706.367	27.3869399062074
430	711.106	15.1693627824034
430	715.845	5.66778445807772
430	720.586	5.35092989890806
430	725.329	17.6040583438258
430	730.072	-3.7183891858725
430	734.817	26.3910343080481
430	739.563	21.4843933215335
430	744.31	-17.8889497938153
430	749.058	-2.11104153969042
430	753.808	-16.2144009623692
430	758.558	29.0305703328487
430	763.31	-17.2197214314162
430	768.062	-21.1924690093502
430	772.815	13.6024157945547
430	777.57	27.0192693201551
430	782.325	-14.890320385085
430	787.081	16.5179613782121
430	791.838	-12.8419216611815
430	796.596	11.047974408132
430	801.355	7.06043157055761
430	806.114	-19.4303558628137
430	810.875	15.1839302663852
430	815.635	27.9132741177627
430	820.397	27.9272970889267
430	825.159	-10.2169126803185
425	248.336	-8.39776411079029
425	252.814	-38.109590172675
425	257.296	-0.823570136615737
425	261.781	-16.8144864493456
425	266.271	20.9457873429753
425	270.764	25.673839410693
425	275.26	-12.5550653087898
425	279.76	-2.03767304133715
425	284.264	22.856717894848
425	288.772	6.95982167978742
425	293.283	5.27170536154774
425	297.797	4.08373400759327
425	302.315	-2.67649182318572
425	306.837	-28.2957464808522
425	311.362	-14.9560105949382
425	315.89	4.64609832212621
425	320.422	14.3013393100069
425	324.958	-2.0717460079065
425	329.496	25.4986262815368
425	334.038	-4.56984829350003
425	338.584	3.49546632209806
425	343.133	12.2628629274055
425	347.685	-3.51948362299449
425	352.24	-7.84879623254051
425	356.799	-7.56640282559981
425	361.361	9.45223450802303
425	365.926	-27.3113154724257
425	370.495	-4.69481757193463
425	375.067	24.4987314504226
425	379.641	-27.0409008344787
425	384.219	-7.88008069867449
425	388.801	11.3807377722706
425	393.385	-6.55614524936962
425	397.972	7.58452943060865
425	402.562	-6.04084485716911
425	407.156	-12.749902846642
425	411.752	-0.978103142021894
425	416.352	3.37376743314076
425	420.954	43.451347442543
425	425.56	11.4828195711343
425	430.168	-254.58590050519
425	434.779	-23.7182346376301
425	439.393	40.7382914729703
425	444.01	31.0634791455543
425	448.63	53.9597707054658
425	453.253	57.4129791700584
425	457.878	60.404635212065
425	462.506	46.3720904200151
425	467.137	73.4747459148534
425	471.771	69.2392597854613
425	476.407	84.8040081116021
425	481.047	73.4719865081951
425	485.688	81.6537342112366
425	490.333	115.043386162078
425	494.979	97.8829535514846
425	499.629	125.156340829269
425	504.281	72.9418357170906
425	508.936	110.078435923172
425	513.593	92.7892855622774
425	518.252	100.440347968222
425	522.914	76.3177155339449
425	527.579	91.7565044105407
425	532.245	80.6332013621582
425	536.915	92.0994720134092
425	541.586	63.8094620384648
425	546.26	80.5627422297117
425	550.936	72.3149666495654
425	555.615	63.5567749138697
425	560.296	47.5033822134144
425	564.979	78.6318867204637
425	569.664	59.6009667161443
425	574.351	41.8516488169497
425	579.04	61.4116797520846
425	583.732	39.6581435223752
425	588.426	37.5380318771114
425	593.121	32.5206826549636
425	597.819	26.1734182845292
425	602.519	35.8779295252134
425	607.221	26.6135648745814
425	611.924	32.7829995196514
425	616.63	19.0292556581437
425	621.338	32.04113015111
425	626.047	7.47527575728421
425	630.758	19.0049316565147
425	635.471	12.6776324491048
425	640.186	28.2059589261154
425	644.903	-8.55757425927938
425	649.621	29.5139021454407
425	654.341	22.3287402949322
425	659.063	10.3808568752089
425	663.787	31.2547301098676
425	668.512	24.8264614453128
425	673.238	35.0290541548277
425	677.967	25.1712309681609
425	682.696	18.9273741336243
425	687.428	31.2493235695369
425	692.16	34.244464568759
425	696.895	14.8726549514769
425	701.63	19.7796394612486
425	706.367	9.03872867005679
425	711.106	36.5386711464192
425	715.845	-8.56714293136487
425	720.586	1.33245368046914
425	725.329	16.0807998507592
425	730.072	-5.38080340272477
425	734.817	10.1778927139007
425	739.563	15.4397336296826
425	744.31	-6.60079130878607
425	749.058	13.3180600479651
425	753.808	12.8605001207851
425	758.558	6.1781646823957
425	763.31	-3.7058109501873
425	768.062	-17.9746440066628
425	772.815	10.8481524185501
425	777.57	21.0056989660041
425	782.325	-30.2378659882262
425	787.081	11.5511853851329
425	791.838	-20.670041028832
425	796.596	-18.6290738812231
425	801.355	16.0892520655998
425	806.114	-46.1636523670178
425	810.875	5.95414249331664
425	815.635	37.4273521110796
425	820.397	30.0788176928661
425	825.159	16.4422674382722
420	248.336	-10.7315979700865
420	252.814	-27.0274237496612
420	257.296	3.94881507278575
420	261.781	-10.668422429772
420	266.271	-0.455662046256275
420	270.764	13.1371378068929
420	275.26	-18.6171647209748
420	279.76	5.60616007226785
420	284.264	-3.27368172334975
420	288.772	8.9095863429071
420	293.283	-7.42385204071457
420	297.797	15.8370993590109
420	302.315	5.30419521860513
420	306.837	-28.1683636140074
420	311.362	-12.3129498624735
420	315.89	2.80973025921071
420	320.422	12.6587867366086
420	324.958	-3.26703646056181
420	329.496	19.5932590961515
420	334.038	-3.71730739206292
420	338.584	8.51840850443658
420	343.133	-1.48591166288376
420	347.685	-4.09740089699274
420	352.24	-4.90714686167732
420	356.799	-9.52902405194208
420	361.361	13.0711414747724
420	365.926	-21.573720714174
420	370.495	-19.1096291440064
420	375.067	25.1603105652944
420	379.641	-29.6806016084916
420	384.219	7.01797610600796
420	388.801	-11.0762905126426
420	393.385	-22.657794376346
420	397.972	10.9987119032513
420	402.562	18.0990612327145
420	407.156	-1.64070237354792
420	411.752	26.353982830188
420	416.352	66.723748387175
420	420.954	12.2289391579579
420	425.56	-349.146433389597
420	430.168	-35.4828997764221
420	434.779	21.6120881619925
420	439.393	36.9107296900206
420	444.01	40.9309974281424
420	448.63	53.002303585633
420	453.253	70.211645744781
420	457.878	74.0777412747897
420	462.506	61.806544356087
420	467.137	103.399199892778
420	471.771	87.2838068966729
420	476.407	99.5813729710129
420	481.047	95.5841333490603
420	485.688	89.4872197745241
420	490.333	118.999252745513
420	494.979	128.489386369331
420	499.629	116.051653072945
420	504.281	110.35176268517
420	508.936	126.894557111751
420	513.593	101.231184514561
420	518.252	110.31992998896
420	522.914	95.0939148359932
420	527.579	94.3357954199635
420	532.245	73.5009611545078
420	536.915	92.3844333222277
420	541.586	66.5022873353427
420	546.26	76.4766500793451
420	550.936	76.5254238430898
420	555.615	69.3359263081453
420	560.296	51.5790489073563
420	564.979	56.5331020879668
420	569.664	62.2739096538899
420	574.351	53.6704386317095
420	579.04	32.2310986088238
420	583.732	56.4096474805084
420	588.426	44.9337932980493
420	593.121	29.1826865701189
420	597.819	18.8351546340441
420	602.519	28.4785113500566
420	607.221	31.8324634135723
420	611.924	33.5529229670171
420	616.63	35.950144954052
420	621.338	37.0907878344319
420	626.047	22.8250059271399
420	630.758	6.81232168406213
420	635.471	20.2688939611029
420	640.186	26.8670148135182
420	644.903	13.2863756766978
420	649.621	16.5405146104
420	654.341	6.84035180736087
420	659.063	14.7489748243531
420	663.787	16.5416072795648
420	668.512	42.2992522766642
420	673.238	61.5615044371283
420	677.967	11.3838867139276
420	682.696	26.2753220176019
420	687.428	15.5511499426257
420	692.16	21.6172051668715
420	696.895	21.1030913326893
420	701.63	20.2602975616573
420	706.367	-13.3133465645974
420	711.106	1.73479127323185
420	715.845	6.28927741540739
420	720.586	7.36355767134811
420	725.329	12.7562824250288
420	730.072	7.85370515399626
420	734.817	10.7730506384974
420	739.563	10.1539282498925
420	744.31	-3.67969129762506
420	749.058	13.7334531746134
420	753.808	-6.03814246591494
420	758.558	10.7771311322967
420	763.31	-12.1673718381679
420	768.062	-27.7288429691579
420	772.815	16.6240975139782
420	777.57	-8.07246895729177
420	782.325	-24.6118326174742
420	787.081	9.28324833385332
420	791.838	-5.46379562544288
420	796.596	-5.57615126380729
420	801.355	-1.47331312859676
420	806.114	-26.643156563897
420	810.875	2.96865155463327
420	815.635	25.5349720965376
420	820.397	9.62728281173674
420	825.159	2.60530872832349
415	248.336	-27.2263913669602
415	252.814	-12.5729483914637
415	257.296	-11.5117307577258
415	261.781	-6.74193381354327E-4
415	266.271	-1.43529018592921
415	270.764	38.0845447216487
415	275.26	-20.0459939252058
415	279.76	14.0408180053178
415	284.264	1.72175331998736
415	288.772	15.9004561392999
415	293.283	-4.6847016669342
415	297.797	14.749668633721
415	302.315	-3.34213643922334
415	306.837	-26.666138570584
415	311.362	-6.65944302185547
415	315.89	7.38694172725961
415	320.422	18.8678132987431
415	324.958	9.9177298656909
415	329.496	22.1538846155671
415	334.038	9.37581281473248
415	338.584	-6.64754762313249
415	343.133	-13.2514426085641
415	347.685	-8.21736888895815
415	352.24	5.56500754745185
415	356.799	-4.79285092226917
415	361.361	22.247193802876
415	365.926	-1.17213670525374
415	370.495	-20.4653581786608
415	375.067	42.9681648770614
415	379.641	-4.40327331094883
415	384.219	-2.26123120563494
415	388.801	44.2150119142253
415	393.385	28.4861182557077
415	397.972	2.88389580680462
415	402.562	0.152785752798195
415	407.156	-9.2592790063577
415	411.752	218.563636894949
415	416.352	28.5547962959754
415	420.954	-271.154530124755
415	425.56	-20.0959573042699
415	430.168	24.6390726682915
415	434.779	42.9943537363514
415	439.393	33.8067053065151
415	444.01	51.2721944476665
415	448.63	50.610771806941
415	453.253	89.4597344284985
415	457.878	62.7616057893205
415	462.506	80.6269183954354
415	467.137	103.255251684671
415	471.771	116.154386560769
415	476.407	90.0884740049148
415	481.047	86.9006604153893
415	485.688	131.723413750137
415	490.333	148.144223607987
415	494.979	124.557605438171
415	499.629	120.252878015439
415	504.281	99.2815305880969
415	508.936	140.160399741594
415	513.593	123.567386906779
415	518.252	106.4447027324
415	522.914	98.4284493930088
415	527.579	120.099831111304
415	532.245	89.470503168618
415	536.915	87.8238935236176
415	541.586	57.261932370061
415	546.26	85.8536594825159
415	550.936	55.0309559802154
415	555.615	70.1835683052872
415	560.296	54.2473351157456
415	564.979	63.6175595796049
415	569.664	49.5289649036618
415	574.351	60.4007444389158
415	579.04	47.8394095117267
415	583.732	65.3239069545956
415	588.426	37.7554537081603
415	593.121	27.7983920801669
415	597.819	30.3039631303725
415	602.519	44.32458189283
415	607.221	34.0608981969263
415	611.924	26.3178842525928
415	616.63	48.3598336846001
415	621.338	41.4378902764742
415	626.047	26.1577189704156
415	630.758	19.2898168263121
415	635.471	24.4432538020835
415	640.186	31.7100171457366
415	644.903	5.09523515211736
415	649.621	34.7765924689488
415	654.341	53.620417629057
415	659.063	25.0687356575461
415	663.787	27.4303826803019
415	668.512	38.0737354367148
415	673.238	27.1226745296641
415	677.967	24.2680459760922
415	682.696	2.77504526992868
415	687.428	3.15824898473222
415	692.16	5.26495795879493
415	696.895	14.8145139800452
415	701.63	27.3479995962477
415	706.367	40.2125729186805
415	711.106	-0.692688412280273
415	715.845	1.10447937466784
415	720.586	9.97269220399772
415	725.329	14.5401548209568
415	730.072	9.3949834485043
415	734.817	24.5441367897107
415	739.563	11.8267665459517
415	744.31	-3.86867477744487
415	749.058	30.8093187650877
415	753.808	0.422797887880989
415	758.558	20.6423735502219
415	763.31	1.25605853146458
415	768.062	-8.7438131150275
415	772.815	19.5621635986595
415	777.57	0.435431854268106
415	782.325	-10.773766367656
415	787.081	14.1790195598002
415	791.838	-9.25825263896621
415	796.596	5.41898871409966
415	801.355	11.6834313298396
415	806.114	-3.8892441940394
415	810.875	1.95891917083739
415	815.635	39.6733183948338
415	820.397	14.4417290506456
415	825.159	-4.92768018962884
410	248.336	-26.0616439853475
410	252.814	-40.4193147807075
410	257.296	16.2068276573207
410	261.781	-9.75218349611122
410	266.271	10.4486232275646
410	270.764	27.7100410138713
410	275.26	-39.9113621216538
410	279.76	3.98266560894619
410	284.264	-23.2069146056789
410	288.772	20.5945394585708
410	293.283	13.7338346518459
410	297.797	4.56825252977516
410	302.315	0.404614524330836
410	306.837	-13.8236836975084
410	311.362	-12.9977124606519
410	315.89	3.65715343206619
410	320.422	25.1888230448126
410	324.958	23.0624678026523
410	329.496	27.297646170636
410	334.038	-3.00742985350577
410	338.584	12.4192091376716
410	343.133	-1.70446987482466
410	347.685	-13.3101095978452
410	352.24	3.05449962900153
410	356.799	11.4645609696673
410	361.361	-0.876944045671026
410	365.926	8.91854789139974
410	370.495	-16.7116391706453
410	375.067	11.1198480147605
410	379.641	-26.8829448648377
410	384.219	33.5033095385493
410	388.801	37.2463771621979
410	393.385	1.79917473911951
410	397.972	-8.04215537934709
410	402.562	14.6389240889403
410	407.156	271.43588405113
410	411.752	13.7916318772732
410	416.352	-269.535436198867
410	420.954	8.57536667647832
410	425.56	27.118975223598
410	430.168	44.9422165506287
410	434.779	54.9590045817066
410	439.393	34.4631099193364
410	444.01	55.5913203185352
410	448.63	75.9851950533648
410	453.253	82.5917669867219
410	457.878	95.9890422136396
410	462.506	88.1567751622065
410	467.137	115.495364017512
410	471.771	122.900608287112
410	476.407	123.467011831659
410	481.047	154.361684026348
410	485.688	128.48658055071
410	490.333	148.166244555873
410	494.979	138.856494911516
410	499.629	129.278766075789
410	504.281	108.053223586577
410	508.936	154.13581675921
410	513.593	121.537224215716
410	518.252	97.861511140681
410	522.914	101.638015601997
410	527.579	89.149360097291
410	532.245	70.6113395382016
410	536.915	103.129701669822
410	541.586	77.6430154565017
410	546.26	75.1549620456762
410	550.936	63.101525477878
410	555.615	82.4464462898742
410	560.296	61.3469935030086
410	564.979	75.9237773111267
410	569.664	60.5161203532486
410	574.351	63.1990176032033
410	579.04	58.44925182882
410	583.732	38.6892473010527
410	588.426	57.2363633310514
410	593.121	43.5375126558731
410	597.819	34.2099027884992
410	602.519	27.7102786984803
410	607.221	26.6602592738301
410	611.924	21.9965215859424
410	616.63	28.5508543894165
410	621.338	30.7723062237972
410	626.047	22.6357620609045
410	630.758	4.09658567911588
410	635.471	20.2958624495896
410	640.186	25.8470364322934
410	644.903	14.2897592903605
410	649.621	30.40204976543
410	654.341	34.0956993349837
410	659.063	35.8414272025756
410	663.787	54.3394560364762
410	668.512	42.5423753336092
410	673.238	45.7756949591992
410	677.967	27.376537071449
410	682.696	20.4707943758261
410	687.428	32.0725215129462
410	692.16	8.83949358086642
410	696.895	28.983124695552
410	701.63	0.397964636231629
410	706.367	20.5054842848216
410	711.106	35.0730832111048
410	715.845	4.03535981798984
410	720.586	8.09173774950526
410	725.329	23.7269187518157
410	730.072	36.6373396118659
410	734.817	13.2567143003112
410	739.563	-9.22925005120067
410	744.31	11.8702002867991
410	749.058	6.00485022572175
410	753.808	-1.30816541677844
410	758.558	5.7763171389225
410	763.31	7.71713732225197
410	768.062	-22.4067314161671
410	772.815	9.14426141574246
410	777.57	-15.8441477951773
410	782.325	-55.4064536285176
410	787.081	15.0895388475926
410	791.838	-9.22073735012851
410	796.596	-3.95578133685317
410	801.355	9.8297683690749
410	806.114	-26.0629786137207
410	810.875	18.38290563329
410	815.635	0.921911682241685
410	820.397	41.1575583272904
410	825.159	-35.2708349598729
405	248.336	-7.67439350780407
405	252.814	-40.4983905766637
405	257.296	23.5229802068834
405	261.781	4.89801742224322
405	266.271	2.20341062474181
405	270.764	36.9763848970013
405	275.26	-29.6839665938372
405	279.76	-1.57427543365248
405	284.264	17.4922527008728
405	288.772	11.3301984639274
405	293.283	-12.6547752365465
405	297.797	30.7179966448921
405	302.315	8.16704484709799
405	306.837	7.73069279490422
405	311.362	-21.8399069635658
405	315.89	5.56740058789874
405	320.422	28.7355361406964
405	324.958	9.73890846880999
405	329.496	9.02923170677851
405	334.038	24.5000920417855
405	338.584	0.453926251515859
405	343.133	-6.29547588827528
405	347.685	-6.32140941996999
405	352.24	2.2976350352543
405	356.799	-29.7130854002185
405	361.361	31.4161320633948
405	365.926	-39.2317143721678
405	370.495	-7.09875026169695
405	375.067	44.3310854166062
405	379.641	-13.5578350854761
405	384.219	25.1532337163705
405	388.801	17.448542528087
405	393.385	15.8541158678294
405	397.972	11.3965237291609
405	402.562	237.255782745544
405	407.156	28.6271760485324
405	411.752	-297.753276865969
405	416.352	-17.5521693257822
405	420.954	27.1595902893097
405	425.56	17.4199147609703
405	430.168	44.7534087808268
405	434.779	73.9784916650945
405	439.393	56.0139987247546
405	444.01	81.135512435979
405	448.63	69.9813344952287
405	453.253	120.469629967341
405	457.878	104.7445405485
405	462.506	95.4286397087527
405	467.137	136.66941209425
405	471.771	143.625075137126
405	476.407	137.496942672832
405	481.047	126.175651023142
405	485.688	138.651547236968
405	490.333	152.046443398813
405	494.979	131.217838125276
405	499.629	129.624215946109
405	504.281	116.628516071421
405	508.936	154.044437549235
405	513.593	138.258622010083
405	518.252	111.361524201099
405	522.914	100.911167259566
405	527.579	122.660371744623
405	532.245	80.0982494975691
405	536.915	99.0084986491574
405	541.586	93.580062407754
405	546.26	92.5902061012639
405	550.936	79.9685267285118
405	555.615	78.8081535700636
405	560.296	52.0372152740236
405	564.979	88.2234924500722
405	569.664	64.8892493034406
405	574.351	52.3395254745456
405	579.04	43.5936838246245
405	583.732	40.8550859602299
405	588.426	47.7583001774182
405	593.121	37.2502430461827
405	597.819	30.3978490189225
405	602.519	13.622832567439
405	607.221	35.0162465550462
405	611.924	37.0833764719395
405	616.63	21.746165960833
405	621.338	32.4973309979994
405	626.047	29.5990257743217
405	630.758	24.520890801225
405	635.471	33.0615434281148
405	640.186	18.9340518706517
405	644.903	23.5721661641391
405	649.621	47.0213107774043
405	654.341	43.9633661309541
405	659.063	33.2718536106061
405	663.787	44.2106181602855
405	668.512	55.4745067922287
405	673.238	62.4941865857478
405	677.967	47.116216760518
405	682.696	41.6150288249538
405	687.428	28.6402498591231
405	692.16	3.68863395777441
405	696.895	38.3691178997026
405	701.63	19.7526788006199
405	706.367	14.1601332357371
405	711.106	29.0590977853153
405	715.845	7.66174562645167
405	720.586	11.1078328727819
405	725.329	15.129698185156
405	730.072	9.15686531137507
405	734.817	21.0140911539788
405	739.563	0.42920541164936
405	744.31	16.0788894958629
405	749.058	22.611211170842
405	753.808	8.30429966026147
405	758.558	1.87268356042742
405	763.31	-16.268224404896
405	768.062	-17.3837016067204
405	772.815	25.0851149723261
405	777.57	-2.44812793651546
405	782.325	-35.9818207565816
405	787.081	22.6080784351401
405	791.838	-51.254918145452
405	796.596	9.95007870109006
405	801.355	6.3574468500594
405	806.114	2.46642890463562
405	810.875	2.24540291074248
405	815.635	35.6686901140871
405	820.397	35.9530161606631
405	825.159	-37.7523598947172
400	248.336	-24.463042778271
400	252.814	-15.4386182675135
400	257.296	-26.8431983458067
400	261.781	-19.7667652090549
400	266.271	-4.88880237791379
400	270.764	31.55588407008
400	275.26	-48.4294657832065
400	279.76	10.8611141246111
400	284.264	-2.95196614271707
400	288.772	-5.58616878851671
400	293.283	-9.8143790245215
400	297.797	1.29774582998618
400	302.315	-13.5772034113149
400	306.837	-3.38476935430323
400	311.362	-21.5452437740463
400	315.89	-18.5650364870238
400	320.422	21.1151925769827
400	324.958	-22.2465886905164
400	329.496	11.9879917284329
400	334.038	-6.24527883840991
400	338.584	10.2441256154704
400	343.133	-7.10320070775918
400	347.685	8.96160481854645
400	352.24	17.2365569792749
400	356.799	-13.2286646332458
400	361.361	-26.12602991009
400	365.926	-9.37801397373249
400	370.495	7.89761271339819
400	375.067	48.2055580619332
400	379.641	-63.7473560751147
400	384.219	-26.521416386752
400	388.801	31.4209219324692
400	393.385	-135.109162803559
400	397.972	-759.137834846537
400	402.562	28.8409629315283
400	407.156	-295.793130142145
400	411.752	-1.41756424699332
400	416.352	40.9880589537954
400	420.954	5.42655719836482
400	425.56	31.3753914294987
400	430.168	80.2094227602633
400	434.779	68.4471194289111
400	439.393	80.1607349313063
400	444.01	106.306449553895
400	448.63	107.313834267176
400	453.253	144.745280226876
400	457.878	138.644598197136
400	462.506	135.787682073494
400	467.137	149.43942182301
400	471.771	163.678417148144
400	476.407	149.217835986164
400	481.047	157.429340622862
400	485.688	148.990979232236
400	490.333	165.004671584523
400	494.979	145.416734100065
400	499.629	136.695925432666
400	504.281	125.117334403232
400	508.936	153.035242791618
400	513.593	125.567025472161
400	518.252	119.755418132105
400	522.914	98.8364156612487
400	527.579	138.388966723818
400	532.245	89.8025459767602
400	536.915	103.051728560178
400	541.586	77.7231172875545
400	546.26	88.7582180581571
400	550.936	62.854977025075
400	555.615	84.8561889296416
400	560.296	84.2760893083205
400	564.979	57.1146111352525
400	569.664	77.0416023778883
400	574.351	71.5618025593895
400	579.04	53.0306637118199
400	583.732	48.7685574392225
400	588.426	63.509544778854
400	593.121	50.5978312719129
400	597.819	31.9424377163703
400	602.519	20.8063255178779
400	607.221	44.3221428431977
400	611.924	46.1239883331193
400	616.63	35.5831971769213
400	621.338	49.4338680537821
400	626.047	30.5875058556569
400	630.758	29.1182554978635
400	635.471	33.6498809456804
400	640.186	32.2762656858768
400	644.903	37.7189486962589
400	649.621	45.9716290913909
400	654.341	61.254925966865
400	659.063	40.6981868015255
400	663.787	37.8309964559964
400	668.512	61.9743761388143
400	673.238	66.9822052912021
400	677.967	54.2329156759615
400	682.696	16.976884657287
400	687.428	35.759648209215
400	692.16	21.9738056348896
400	696.895	17.7052935920551
400	701.63	39.3371527885234
400	706.367	34.460032603776
400	711.106	22.8118972321356
400	715.845	17.2021611445728
400	720.586	-12.5859217593418
400	725.329	40.0165644821291
400	730.072	7.72623835944221
400	734.817	32.3495743894255
400	739.563	23.5463683624072
400	744.31	28.6430856492675
400	749.058	-13.788174628172
400	753.808	14.5441402384386
400	758.558	10.636066640552
400	763.31	-3.2786913444582
400	768.062	-28.0764051562745
400	772.815	36.6247248226972
400	777.57	-21.8078922562446
400	782.325	-32.5035471293899
400	787.081	27.3521188732862
400	791.838	-21.1431966943023
400	796.596	-3.3425111760547
400	801.355	-0.93105441432192
400	806.114	-29.8400396515901
400	810.875	-1.53557580676613
400	815.635	6.75622739897823
400	820.397	33.3721931192422
400	825.159	-6.20300897766489
395	248.336	-16.7880260097859
395	252.814	-10.0392907686456
395	257.296	36.768817321148
395	261.781	-4.5348677097788
395	266.271	-5.13850325582855
395	270.764	51.2952224427618
395	275.26	-42.1775889307287
395	279.76	9.75382608667412
395	284.264	4.63455794474513
395	288.772	29.0004706123827
395	293.283	-3.77608771535958
395	297.797	6.9316937515392
395	302.315	10.0033380802215
395	306.837	-27.1319609361682
395	311.362	6.38703984285954
395	315.89	-7.14185078403069
395	320.422	16.7394916088053
395	324.958	-10.2854649556648
395	329.496	27.2501606552979
395	334.038	-15.1410024712019
395	338.584	28.1647651807119
395	343.133	0.456050570608632
395	347.685	19.0287175556037
395	352.24	9.48197306969535
395	356.799	-22.2248642809716
395	361.361	-5.14998008950357
395	365.926	-19.2808945837072
395	370.495	-43.3103961134874
395	375.067	-49.2119977694507
395	379.641	-98.9582700718836
395	384.219	-1.69184175223165
395	388.801	-138.796650151747
395	393.385	-1944.77244836856
395	397.972	24.0506062247841
395	402.562	-490.848801731208
395	407.156	0.0870501150222935
395	411.752	31.7191002178208
395	416.352	20.9368653060593
395	420.954	34.5521407487135
395	425.56	40.4668612242375
395	430.168	77.6459997565271
395	434.779	110.790551674258
395	439.393	96.9996167098227
395	444.01	120.518204133219
395	448.63	128.143289703482
395	453.253	160.440438765454
395	457.878	170.367302573294
395	462.506	189.825688300384
395	467.137	178.632535786817
395	471.771	153.434454963676
395	476.407	148.613674145654
395	481.047	151.989752861213
395	485.688	152.820102694767
395	490.333	179.935748231001
395	494.979	157.661325961342
395	499.629	137.679669714078
395	504.281	140.170038329052
395	508.936	164.360017108967
395	513.593	142.650047761819
395	518.252	124.165458126062
395	522.914	126.572125435733
395	527.579	120.297282336207
395	532.245	96.4149388931166
395	536.915	107.27903766555
395	541.586	80.0175126653795
395	546.26	93.9602692234293
395	550.936	67.843631637444
395	555.615	78.2796956361331
395	560.296	71.4921756806582
395	564.979	81.7143807524937
395	569.664	48.2619174455256
395	574.351	51.1005255609653
395	579.04	50.6434225872623
395	583.732	54.0253546981899
395	588.426	57.4224183489035
395	593.121	38.0703258619198
395	597.819	33.2789872253883
395	602.519	34.8144272541901
395	607.221	32.8822057717535
395	611.924	49.9470374679965
395	616.63	47.9119683189346
395	621.338	23.6636466015667
395	626.047	49.7321699220308
395	630.758	26.1399089789017
395	635.471	49.615459120545
395	640.186	22.3297209597683
395	644.903	24.6408624358548
395	649.621	56.5402800077507
395	654.341	38.427531656378
395	659.063	66.4556466315363
395	663.787	55.4969390389789
395	668.512	58.4632932358373
395	673.238	59.8975111842439
395	677.967	71.0199240774487
395	682.696	29.769030348329
395	687.428	29.9816649809298
395	692.16	14.7162580585065
395	696.895	24.6588595219473
395	701.63	21.81713397201
395	706.367	35.6037392579418
395	711.106	18.3922389573045
395	715.845	15.4222859147824
395	720.586	0.0275783150971698
395	725.329	31.3392607396186
395	730.072	14.5609651314213
395	734.817	25.6321228989862
395	739.563	24.6915435544533
395	744.31	-8.32915605431189
395	749.058	17.2196680866059
395	753.808	-8.13331540494445
395	758.558	39.2459509612545
395	763.31	9.35202602604031
395	768.062	-20.6442465472538
395	772.815	2.25556307010653
395	777.57	7.34765206284473
395	782.325	-40.8072209566721
395	787.081	5.1421737925815
395	791.838	-52.7147509346146
395	796.596	-70.7048829014869
395	801.355	-14.7714439837929
395	806.114	-23.3725521964114
395	810.875	6.72913577133039
395	815.635	-7.11649267289721
395	820.397	24.7488593228969
395	825.159	10.9252496220194
390	248.336	-33.7471098120461
390	252.814	-19.9675858790282
390	257.296	-21.2322631607575
390	261.781	-20.0417176676028
390	266.271	-13.7597091138435
390	270.764	9.17833945615395
390	275.26	-48.4157278233873
390	279.76	-29.6037866675452
390	284.264	3.23257261243734
390	288.772	-4.37210059588456
390	293.283	18.4243170319391
390	297.797	23.0962685025825
390	302.315	16.7076328510951
390	306.837	-9.91593310360841
390	311.362	-27.3314683004357
390	315.89	5.15292644759034
390	320.422	8.32375324157889
390	324.958	-4.48154722732038
390	329.496	-2.06292291753537
390	334.038	8.79785040647266
390	338.584	-13.364011692211
390	343.133	18.8024634946542
390	347.685	-15.8844022762647
390	352.24	18.4061386940909
390	356.799	-0.615021588847696
390	361.361	0.814602979864503
390	365.926	-30.4187027206125
390	370.495	-11.2500670996743
390	375.067	29.1057229370037
390	379.641	-4.60088886696315
390	384.219	69.5463891222362
390	388.801	17.5396519553324
390	393.385	12.2627083496809
390	397.972	-153.891699640017
390	402.562	19.9449440972839
390	407.156	20.0454389481167
390	411.752	39.6824007824588
390	416.352	56.3334437590683
390	420.954	53.2063895802185
390	425.56	63.9235585124509
390	430.168	107.780750413129
390	434.779	106.24097286391
390	439.393	130.279839088208
390	444.01	144.388699705804
390	448.63	143.355335651177
390	453.253	207.11964526282
390	457.878	173.474834197967
390	462.506	157.123799351108
390	467.137	175.678880354305
390	471.771	169.362280252321
390	476.407	173.244960470523
390	481.047	183.468340545297
390	485.688	162.583768443108
390	490.333	170.373068193619
390	494.979	149.102169340047
390	499.629	129.295401883784
390	504.281	155.190462899637
390	508.936	171.675480837617
390	513.593	144.617007712707
390	518.252	132.78856013228
390	522.914	120.959158998174
390	527.579	113.312262506196
390	532.245	87.3038163588751
390	536.915	104.324070121295
390	541.586	86.7300370693596
390	546.26	105.021885208426
390	550.936	92.0281826617404
390	555.615	94.2256662278468
390	560.296	49.2413537741197
390	564.979	61.8781239273371
390	569.664	71.9186733603217
390	574.351	61.6489744583648
390	579.04	49.3996066916599
390	583.732	55.2348236061197
390	588.426	40.4131528208985
390	593.121	28.2184425182316
390	597.819	28.3905901505491
390	602.519	43.0637660724307
390	607.221	42.18458813675
390	611.924	43.550870438697
390	616.63	49.8645307452634
390	621.338	45.3632754721298
390	626.047	15.8222367624715
390	630.758	42.2902345104313
390	635.471	40.6023924785605
390	640.186	50.0881346920514
390	644.903	39.7751523866133
390	649.621	58.9660983866571
390	654.341	52.5299269388745
390	659.063	46.266399668073
390	663.787	44.4131741732697
390	668.512	62.7820966541206
390	673.238	55.908361182716
390	677.967	40.5970998103948
390	682.696	19.2365648698626
390	687.428	17.8913071826644
390	692.16	12.3672653369412
390	696.895	16.5942488268793
390	701.63	12.9355881926206
390	706.367	31.5383358296054
390	711.106	24.503538610464
390	715.845	-7.4683687565023
390	720.586	12.2248924910868
390	725.329	19.1609609900696
390	730.072	29.3184991670399
390	734.817	40.0270998783965
390	739.563	27.3991834914017
390	744.31	-30.1819656321643
390	749.058	17.5483742071037
390	753.808	-7.64616655304209
390	758.558	23.4095332547584
390	763.31	-5.72776347226526
390	768.062	-4.89393855951925
390	772.815	10.7466364386173
390	777.57	-8.00907947322071
390	782.325	-13.074648586273
390	787.081	30.6607429518998
390	791.838	1.10902336974263
390	796.596	29.0135732359834
390	801.355	0.0133774658108621
390	806.114	-12.5024572472976
390	810.875	-5.41296909600028
390	815.635	11.6746321429815
390	820.397	23.3535450750225
390	825.159	-0.402943030193111
385	248.336	-32.2891386093471
385	252.814	-27.0577961503435
385	257.296	9.08883188594991
385	261.781	-12.6047665843266
385	266.271	-16.7848980821996
385	270.764	21.7376202472937
385	275.26	-36.2384923179716
385	279.76	-0.946396620003873
385	284.264	-1.79068029261136
385	288.772	5.93019386243167
385	293.283	12.572582179374
385	297.797	-5.48716380163021
385	302.315	12.3259101914762
385	306.837	-21.5017790159114
385	311.362	-24.5417164245332
385	315.89	0.415454085386997
385	320.422	26.1100514914963
385	324.958	11.1116336742777
385	329.496	19.7791841384262
385	334.038	-9.28945077574301
385	338.584	8.12882934935471
385	343.133	-23.7312248172832
385	347.685	-28.9492152956567
385	352.24	-13.9149349920534
385	356.799	23.2541205973629
385	361.361	-5.91707192299498
385	365.926	-3.83507222171545
385	370.495	0.326796208057772
385	375.067	21.5301415323499
385	379.641	93.6010047981567
385	384.219	33.9001670018733
385	388.801	47.3652039790722
385	393.385	-142.76661466135
385	397.972	36.9371965788987
385	402.562	30.60599542653
385	407.156	44.8894630194919
385	411.752	50.5207388833315
385	416.352	68.7313009796976
385	420.954	72.1671597664879
385	425.56	86.8876071943425
385	430.168	117.759132645133
385	434.779	125.072741424223
385	439.393	135.055411955615
385	444.01	187.606100059267
385	448.63	166.018633804438
385	453.253	211.554307307554
385	457.878	185.552900955681
385	462.506	174.976942927186
385	467.137	181.013252525229
385	471.771	193.21622377024
385	476.407	180.231490161559
385	481.047	201.278905066453
385	485.688	169.572335995878
385	490.333	209.77118222352
385	494.979	171.158606613961
385	499.629	164.155568345241
385	504.281	156.493078154641
385	508.936	186.085110401189
385	513.593	168.907036114392
385	518.252	138.265109979956
385	522.914	110.046149188533
385	527.579	133.893373535658
385	532.245	96.0949603370874
385	536.915	99.386233029534
385	541.586	85.4159061523077
385	546.26	98.6181295446512
385	550.936	79.7835501811465
385	555.615	85.8603508721265
385	560.296	74.5331450299907
385	564.979	69.7244526203459
385	569.664	78.0640357579673
385	574.351	37.7668005548065
385	579.04	67.040260707812
385	583.732	54.3886058762744
385	588.426	58.8609987087883
385	593.121	39.6413545871596
385	597.819	24.1813854050359
385	602.519	49.3285589726223
385	607.221	37.1785807021162
385	611.924	50.863836043114
385	616.63	58.958305043476
385	621.338	33.1861478865494
385	626.047	30.32010210608
385	630.758	36.4360485091055
385	635.471	33.8072425573987
385	640.186	22.143130706878
385	644.903	28.6449246376646
385	649.621	44.7490452094796
385	654.341	31.5534092452772
385	659.063	39.6945303621326
385	663.787	39.5467931801449
385	668.512	44.7252608412502
385	673.238	48.5184107477951
385	677.967	40.0431249367674
385	682.696	15.7570470137777
385	687.428	19.857975980112
385	692.16	-1.43138485971351
385	696.895	13.530140791783
385	701.63	15.4707190809856
385	706.367	28.6693901896251
385	711.106	16.196011377883
385	715.845	12.1824988519536
385	720.586	-1.12337816482457
385	725.329	37.0880486081213
385	730.072	-6.97223132742821
385	734.817	27.8030869902012
385	739.563	16.2323048684173
385	744.31	-22.018971263895
385	749.058	8.93551657604992
385	753.808	9.5173418556959
385	758.558	31.4868152225361
385	763.31	-2.03091033892019
385	768.062	-26.8249376904245
385	772.815	-1.06827458335567
385	777.57	11.5964866788199
385	782.325	-59.1834331894576
385	787.081	34.0791929536889
385	791.838	-4.09571815055652
385	796.596	1.89802090044038
385	801.355	-0.789150151297234
385	806.114	-7.25432139138061
385	810.875	9.69622696049715
385	815.635	8.48241370753578
385	820.397	27.4614237908039
385	825.159	-14.9016879587819
380	248.336	-19.5480436277051
380	252.814	-17.414970276958
380	257.296	5.47136050723712
380	261.781	-34.9521355338701
380	266.271	6.10131492711445
380	270.764	29.0424810465689
380	275.26	7.34028775869641
380	279.76	24.5142818370238
380	284.264	-5.51294205839946
380	288.772	16.0558542207767
380	293.283	17.703902119049
380	297.797	11.5558857755987
380	302.315	9.50691215566437
380	306.837	8.04748245426602
380	311.362	-15.9873841964871
380	315.89	-1.0450850728638
380	320.422	0.754753245865736
380	324.958	-19.4911133855275
380	329.496	27.5724177802342
380	334.038	17.3645644707827
380	338.584	8.2058282347961
380	343.133	-9.21734703790943
380	347.685	-7.45526805047103
380	352.24	5.24099879960022
380	356.799	10.8378211929204
380	361.361	27.9588088373682
380	365.926	-18.6269031614615
380	370.495	-8.19750744093665
380	375.067	144.306068050337
380	379.641	11.5965399152592
380	384.219	37.9277439472462
380	388.801	-112.128269388499
380	393.385	42.5013890699485
380	397.972	20.4550299180167
380	402.562	33.9283997431102
380	407.156	50.6820638029862
380	411.752	63.1577632189761
380	416.352	64.3300833833749
380	420.954	80.4204660753638
380	425.56	108.281492507193
380	430.168	126.666369619021
380	434.779	154.367667273063
380	439.393	171.913140623128
380	444.01	206.508225917826
380	448.63	190.791256267343
380	453.253	216.292913146856
380	457.878	199.81599312196
380	462.506	181.392392366359
380	467.137	212.650445304028
380	471.771	225.531064370668
380	476.407	189.762040737256
380	481.047	202.456622022836
380	485.688	204.382785398081
380	490.333	195.327114880785
380	494.979	183.232988921796
380	499.629	153.385788596461
380	504.281	143.456216270352
380	508.936	174.993221829598
380	513.593	156.06946617237
380	518.252	147.958965602594
380	522.914	118.736023919798
380	527.579	121.332514610093
380	532.245	95.0954274899402
380	536.915	114.794110183482
380	541.586	98.5641859673269
380	546.26	97.3274322601001
380	550.936	90.5183194051765
380	555.615	78.2375443379223
380	560.296	69.6357223775125
380	564.979	71.6269965993254
380	569.664	66.108498846742
380	574.351	49.7203771585127
380	579.04	48.4978056986094
380	583.732	62.8808947711362
380	588.426	62.3743770023147
380	593.121	42.738861302738
380	597.819	33.543733992203
380	602.519	36.4135969509798
380	607.221	25.9530891937666
380	611.924	49.7181612602469
380	616.63	41.3766497709627
380	621.338	62.9689174282722
380	626.047	20.6046092728997
380	630.758	17.752234316277
380	635.471	35.4571928531961
380	640.186	35.2163770520375
380	644.903	22.4973548370919
380	649.621	29.1660530251784
380	654.341	38.2859839789539
380	659.063	13.9730878927953
380	663.787	25.0241367319437
380	668.512	26.8600251921802
380	673.238	46.3704413706868
380	677.967	40.6841890461856
380	682.696	13.9254723608449
380	687.428	45.5237857520474
380	692.16	0.0326569684843427
380	696.895	11.8110689056448
380	701.63	34.2269066122186
380	706.367	12.7193613283227
380	711.106	22.1704866442329
380	715.845	-4.70194877440248
380	720.586	10.1631101508389
380	725.329	-1.807347210615
380	730.072	7.41116592893595
380	734.817	15.2323474487667
380	739.563	22.1920346350674
380	744.31	3.033157888339
380	749.058	5.77623050839697
380	753.808	-2.9610835284292
380	758.558	21.9915646265865
380	763.31	-6.03724192615744
380	768.062	-36.1561462703908
380	772.815	17.9577384513824
380	777.57	-12.4402621807317
380	782.325	-22.0586124355546
380	787.081	10.4803468414149
380	791.838	2.2105584156429
380	796.596	-3.09400008657239
380	801.355	-15.6925526887846
380	806.114	-18.3721208973825
380	810.875	12.6512122870201
380	815.635	20.3166025348292
380	820.397	12.2652015057354
380	825.159	20.3189109717928
375	248.336	-8.1885466376742
375	252.814	-29.3891242471157
375	257.296	3.52799580524661
375	261.781	-9.82641115094912
375	266.271	10.914697897424
375	270.764	16.3957749422443
375	275.26	-21.8053634169448
375	279.76	2.16799158310594
375	284.264	14.8272465663126
375	288.772	15.9852326774765
375	293.283	8.97558435412853
375	297.797	1.82364288767447
375	302.315	5.35390008023365
375	306.837	-17.3155367317244
375	311.362	-4.9179009249016
375	315.89	-1.37635460628422
375	320.422	17.7166791223268
375	324.958	-20.7676271163942
375	329.496	34.6060984720318
375	334.038	-0.972733748963108
375	338.584	-1.92317181589746
375	343.133	-12.8059246631058
375	347.685	1.18289422875284
375	352.24	9.14836879886138
375	356.799	-1.48906359278442
375	361.361	47.5270120733446
375	365.926	5.49026677521294
375	370.495	134.805038469922
375	375.067	53.8885806268263
375	379.641	6.16141344577773
375	384.219	-105.821299023895
375	388.801	42.7488133177123
375	393.385	35.0561456934364
375	397.972	25.7437359145996
375	402.562	47.7674873285874
375	407.156	72.3618015696302
375	411.752	81.6176646475306
375	416.352	104.830723242496
375	420.954	111.756091053813
375	425.56	121.647824749601
375	430.168	175.934915727845
375	434.779	217.015035943658
375	439.393	206.093834815934
375	444.01	220.276392811498
375	448.63	211.177399918138
375	453.253	224.739067604563
375	457.878	207.802078126917
375	462.506	206.853894223484
375	467.137	223.687521221766
375	471.771	223.805963594708
375	476.407	210.345261968859
375	481.047	202.377178191721
375	485.688	200.885996502357
375	490.333	196.253079042301
375	494.979	183.222780299284
375	499.629	162.445541508471
375	504.281	139.111651265758
375	508.936	177.218827405985
375	513.593	150.614776628681
375	518.252	131.032286970924
375	522.914	130.512529529376
375	527.579	120.393706103793
375	532.245	107.057390828799
375	536.915	117.877808795936
375	541.586	92.6730321677905
375	546.26	81.3134832144844
375	550.936	80.6087991638471
375	555.615	79.4230990053284
375	560.296	58.9843654420426
375	564.979	75.1652930232222
375	569.664	60.7420695736722
375	574.351	62.3236953858092
375	579.04	65.616507404832
375	583.732	38.6354332946812
375	588.426	51.2460249865569
375	593.121	47.6125991002384
375	597.819	39.2775527330947
375	602.519	38.4707452400619
375	607.221	26.6310460513105
375	611.924	48.3183702235819
375	616.63	50.8777938973051
375	621.338	32.0510825000416
375	626.047	28.8317238428622
375	630.758	16.95764706451
375	635.471	32.0476758885156
375	640.186	21.6125253795293
375	644.903	18.5088437850126
375	649.621	28.3131833575625
375	654.341	21.8793629753713
375	659.063	27.1243413658111
375	663.787	38.054908035142
375	668.512	28.9984294647646
375	673.238	46.3427079024106
375	677.967	28.416582199833
375	682.696	20.8006093125645
375	687.428	37.9062127299303
375	692.16	7.38210914427451
375	696.895	8.08810686613609
375	701.63	19.3599442370106
375	706.367	17.8575508719417
375	711.106	38.8782638781326
375	715.845	2.80954435516003
375	720.586	17.9773674620727
375	725.329	37.7814463608604
375	730.072	7.56714012887107
375	734.817	7.60261963907976
375	739.563	5.12924671244529
375	744.31	-6.12973436665628
375	749.058	16.8710198833899
375	753.808	-8.74700991768793
375	758.558	24.9972211078783
375	763.31	-26.1295164952984
375	768.062	-10.7093268738607
375	772.815	21.1138116384109
375	777.57	-7.69445837024203
375	782.325	-35.4596111240465
375	787.081	26.690070423304
375	791.838	-36.3691247176265
375	796.596	-3.00596707388523
375	801.355	12.6535907072097
375	806.114	-1.48451891744409
375	810.875	22.69838428946
375	815.635	17.8563471724077
375	820.397	27.9078416896932
375	825.159	26.4218868575987
370	248.336	-10.2855794006818
370	252.814	-37.7939508041635
370	257.296	-19.124064148973
370	261.781	-9.69930520146153
370	266.271	-0.00536010268739862
370	270.764	27.4056186367319
370	275.26	-27.6867316215217
370	279.76	-0.00157052955947901
370	284.264	24.4057765101438
370	288.772	18.8460861630621
370	293.283	-6.62882658493606
370	297.797	13.2258478667386
370	302.315	14.3857876076137
370	306.837	-15.6945609257437
370	311.362	-8.00068681925832
370	315.89	17.1079398274588
370	320.422	14.3349256228834
370	324.958	6.88078426896737
370	329.496	52.1814108092259
370	334.038	-9.68912043410251
370	338.584	0.835735865361357
370	343.133	-3.45829933530399
370	347.685	14.2440465732569
370	352.24	15.5455411893266
370	356.799	23.6720721305066
370	361.361	29.2215662831348
370	365.926	286.346773013607
370	370.495	7.45374464878114
370	375.067	44.4424676501549
370	379.641	-140.80564154014
370	384.219	28.3798485240032
370	388.801	50.4394156276602
370	393.385	56.9435158447591
370	397.972	-260.389416666526
370	402.562	54.5461062918863
370	407.156	76.5881995412775
370	411.752	100.522206570008
370	416.352	105.418050885497
370	420.954	107.249352325199
370	425.56	165.152400207872
370	430.168	207.991893963158
370	434.779	186.273807063627
370	439.393	211.873493632521
370	444.01	225.439195047581
370	448.63	219.65010428591
370	453.253	246.826566141051
370	457.878	234.394253413111
370	462.506	229.813171816604
370	467.137	228.957547820012
370	471.771	233.131983455458
370	476.407	218.76164262223
370	481.047	210.351565791432
370	485.688	198.434068596415
370	490.333	198.207736365192
370	494.979	179.714219747047
370	499.629	177.815835706669
370	504.281	156.591916151694
370	508.936	174.556124366556
370	513.593	146.3008975266
370	518.252	147.820754126379
370	522.914	125.750304446381
370	527.579	134.96927992519
370	532.245	102.603960629836
370	536.915	129.12540632161
370	541.586	85.3040499693183
370	546.26	97.3657699700801
370	550.936	82.3547062648359
370	555.615	87.3883003722745
370	560.296	62.5854139094483
370	564.979	73.8790556432169
370	569.664	64.9283934391283
370	574.351	51.3822666151238
370	579.04	69.8277215865376
370	583.732	42.7115245052623
370	588.426	58.6953559636789
370	593.121	44.5017924440656
370	597.819	29.1281207516551
370	602.519	19.9508915351607
370	607.221	15.3762330141598
370	611.924	38.3588644866541
370	616.63	35.9356686533121
370	621.338	62.3604511741143
370	626.047	26.6970030336888
370	630.758	15.8346778067407
370	635.471	14.7863013911649
370	640.186	27.2432522290943
370	644.903	16.4608924119362
370	649.621	40.9984239704941
370	654.341	35.4536588004719
370	659.063	1.25874611658059
370	663.787	31.2280156290194
370	668.512	36.2310508168359
370	673.238	46.0334688574568
370	677.967	35.4298040239143
370	682.696	29.9608526204772
370	687.428	17.7148013175673
370	692.16	13.5282600834473
370	696.895	17.9383143175052
370	701.63	9.38863439047753
370	706.367	12.5403163926957
370	711.106	16.1076197251427
370	715.845	4.86009219910456
370	720.586	-3.0990743598431
370	725.329	46.4032473414893
370	730.072	-9.14955965939203
370	734.817	26.8296071745447
370	739.563	16.5900791386542
370	744.31	-5.97590761414813
370	749.058	12.5917179602333
370	753.808	-18.9175591488686
370	758.558	11.4762593233798
370	763.31	20.2532769019221
370	768.062	-11.7863053064091
370	772.815	23.9554769972177
370	777.57	28.0461949514126
370	782.325	-38.6411131471201
370	787.081	40.5358605619424
370	791.838	-10.00952223627
370	796.596	-13.1736602742746
370	801.355	26.7946997037611
370	806.114	-30.0900509136391
370	810.875	12.4821430796246
370	815.635	23.1240959131021
370	820.397	30.8338135223491
370	825.159	-26.0438574145567
365	248.336	-11.3349979050012
365	252.814	-24.5179672273991
365	257.296	24.6937634828674
365	261.781	-15.3794399710453
365	266.271	-9.38839942789322
365	270.764	0.893647300128024
365	275.26	-8.75643109786329
365	279.76	14.4761011996779
365	284.264	15.8018658907964
365	288.772	13.4086984798868
365	293.283	10.2903258333305
365	297.797	7.11838247084007
365	302.315	9.77520212332257
365	306.837	-11.8241488923344
365	311.362	-9.02698532942903
365	315.89	-1.37764351843104
365	320.422	15.3163327484123
365	324.958	11.8909032078592
365	329.496	26.3799905690892
365	334.038	0.530352304844541
365	338.584	8.26095755083986
365	343.133	23.6335696185713
365	347.685	4.9772233050802
365	352.24	22.5584934479266
365	356.799	41.3116829858466
365	361.361	300.617441722582
365	365.926	-5.12532423122684
365	370.495	-247.79769800901
365	375.067	-38.0897325877645
365	379.641	33.060905622629
365	384.219	40.3497579538695
365	388.801	73.4409541168489
365	393.385	55.6294458216535
365	397.972	73.8182399758722
365	402.562	71.2796070814339
365	407.156	112.786747162708
365	411.752	84.4876322755894
365	416.352	156.879158375961
365	420.954	191.931961537806
365	425.56	205.190432160692
365	430.168	209.243181718402
365	434.779	249.81117567288
365	439.393	213.411374575815
365	444.01	246.711136641373
365	448.63	238.392590693922
365	453.253	260.183349384592
365	457.878	260.31860625594
365	462.506	237.999150787025
365	467.137	250.211737010364
365	471.771	220.350305896717
365	476.407	215.79240607088
365	481.047	205.39771498015
365	485.688	207.527754895321
365	490.333	215.719307264405
365	494.979	183.790187424177
365	499.629	168.690237080557
365	504.281	166.327214821353
365	508.936	182.400669265039
365	513.593	156.725159750662
365	518.252	147.202210047764
365	522.914	122.988355679808
365	527.579	123.971702125145
365	532.245	89.7414085954259
365	536.915	122.326721480613
365	541.586	83.6678692763759
365	546.26	93.6436272022665
365	550.936	80.9791939322556
365	555.615	81.3542410600467
365	560.296	76.7936085905761
365	564.979	72.7909192770764
365	569.664	65.7055619155794
365	574.351	59.1100335640677
365	579.04	56.6978406649848
365	583.732	41.9895905249328
365	588.426	56.8192652186503
365	593.121	46.4935963248345
365	597.819	29.5448959659249
365	602.519	31.7075992738617
365	607.221	56.4669087953848
365	611.924	28.3690648193652
365	616.63	28.9648604816849
365	621.338	40.6425746253456
365	626.047	36.120141294116
365	630.758	25.1180329020402
365	635.471	32.6678288192709
365	640.186	11.7950111695719
365	644.903	20.5773496618529
365	649.621	24.1957872111233
365	654.341	17.2022161703234
365	659.063	13.3209371783603
365	663.787	26.0715148946703
365	668.512	32.6018432307227
365	673.238	54.4486664301465
365	677.967	21.1749319356307
365	682.696	11.6751309317247
365	687.428	34.294897721867
365	692.16	6.24217277602678
365	696.895	29.0988443783502
365	701.63	15.6749813985813
365	706.367	15.1886828763881
365	711.106	31.7150229064217
365	715.845	9.31938357701235
365	720.586	15.9185804276573
365	725.329	30.150452726241
365	730.072	10.0073697987114
365	734.817	22.1893631085484
365	739.563	5.89234332771844
365	744.31	7.67043099210085
365	749.058	0.0112638365614401
365	753.808	-15.3067933826117
365	758.558	-1.89957430710307
365	763.31	14.3513272901389
365	768.062	-2.73892857716726
365	772.815	49.6713586256428
365	777.57	1.60284998307524
365	782.325	-0.811671068427311
365	787.081	24.1387830037564
365	791.838	-19.5348816701486
365	796.596	5.93040955035052
365	801.355	17.5506471980561
365	806.114	-36.5575880465715
365	810.875	6.9454715320751
365	815.635	24.1261813692494
365	820.397	25.2268056988497
365	825.159	0.736740076607028
360	248.336	-8.02936326768239
360	252.814	-31.4717590206241
360	257.296	8.2024945145709
360	261.781	-9.65927859260573
360	266.271	-14.713569953256
360	270.764	25.4426730831256
360	275.26	-7.00339207152807
360	279.76	2.54675693453438
360	284.264	28.6950810292456
360	288.772	4.17107483971597
360	293.283	20.4896770886988
360	297.797	17.3475664333348
360	302.315	11.4734606867012
360	306.837	2.38265406738991
360	311.362	7.58819137996641
360	315.89	5.47052706119011
360	320.422	7.45481402049785
360	324.958	11.1033373948919
360	329.496	9.94188023275262
360	334.038	49.1524638678537
360	338.584	7.72469759412934
360	343.133	27.4503716664605
360	347.685	1.54482544355562
360	352.24	78.7758049133791
360	356.799	443.631429020747
360	361.361	-20.750509974343
360	365.926	-2.90756522466836
360	370.495	-57.6220102950017
360	375.067	37.3210019175565
360	379.641	16.801721582328
360	384.219	41.105912876717
360	388.801	83.1301444048846
360	393.385	91.8513792649724
360	397.972	84.7355465249974
360	402.562	116.22150631312
360	407.156	118.098395218158
360	411.752	124.82463241726
360	416.352	200.671304797007
360	420.954	205.818026334947
360	425.56	205.478665392708
360	430.168	248.919237312989
360	434.779	233.242789811636
360	439.393	245.838918684882
360	444.01	263.337713719156
360	448.63	269.530380094809
360	453.253	278.683369419786
360	457.878	259.125118229471
360	462.506	243.91155030447
360	467.137	234.620005357905
360	471.771	233.608876978876
360	476.407	206.309662045798
360	481.047	185.580873297415
360	485.688	217.168068869355
360	490.333	203.990028583918
360	494.979	184.340239269377
360	499.629	176.112875779114
360	504.281	149.943012833263
360	508.936	184.966552570695
360	513.593	159.330506610141
360	518.252	141.346831129138
360	522.914	118.220090915001
360	527.579	110.264378174252
360	532.245	96.9501078975625
360	536.915	104.77213914376
360	541.586	88.497172342143
360	546.26	87.2959401077253
360	550.936	75.6452404945715
360	555.615	88.0818793611095
360	560.296	73.7584659246689
360	564.979	65.8461674872577
360	569.664	77.3377081769815
360	574.351	66.10331273946
360	579.04	66.4338050945969
360	583.732	60.4229627201693
360	588.426	49.3867827926278
360	593.121	39.3246627094106
360	597.819	43.3856418755075
360	602.519	26.9435689558072
360	607.221	32.4722116951875
360	611.924	16.7905070557786
360	616.63	32.2883458722515
360	621.338	47.6892414976403
360	626.047	12.091832236739
360	630.758	22.7308313219167
360	635.471	30.5321879514986
360	640.186	20.8844158447513
360	644.903	-6.86420571066342
360	649.621	31.0861188152405
360	654.341	4.89647618684771
360	659.063	26.2623305157174
360	663.787	8.14123733064445
360	668.512	37.578164510728
360	673.238	29.8675763159661
360	677.967	34.5511179348638
360	682.696	0.641689648487597
360	687.428	12.0402188387993
360	692.16	18.3327994034963
360	696.895	14.8086347707487
360	701.63	31.9216654848779
360	706.367	19.1832460755424
360	711.106	22.4096055932384
360	715.845	7.68480764801296
360	720.586	5.25268077910096
360	725.329	11.4323794454931
360	730.072	15.9495845342844
360	734.817	31.3011057970336
360	739.563	27.1851052163108
360	744.31	-11.9313041945271
360	749.058	30.329996853973
360	753.808	-0.760955651868059
360	758.558	20.4891844218668
360	763.31	3.85824263134113
360	768.062	-27.7470198846635
360	772.815	16.4030738312557
360	777.57	25.0863386804285
360	782.325	-23.0422688847838
360	787.081	25.3216645025654
360	791.838	-26.9871844025265
360	796.596	21.5563614390817
360	801.355	1.81169942248265
360	806.114	-9.5012042162036
360	810.875	26.6318863306518
360	815.635	37.2088694950775
360	820.397	21.8692406097634
360	825.159	4.3524372547764
355	248.336	-18.7509728892532
355	252.814	1.7223714655724
355	257.296	5.54938541231029
355	261.781	0.862592033033359
355	266.271	1.76235753638056
355	270.764	0.429573654048362
355	275.26	-29.3878931251519
355	279.76	4.60988607083471
355	284.264	25.1608025167309
355	288.772	30.5906508417635
355	293.283	5.04736382375318
355	297.797	26.9782883060737
355	302.315	-6.90469831652186
355	306.837	-11.3538268577346
355	311.362	-11.3642654430583
355	315.89	-11.4307057823335
355	320.422	34.4132652476601
355	324.958	14.1274457383563
355	329.496	51.781775693378
355	334.038	41.2610539738409
355	338.584	25.9855203759039
355	343.133	31.7499109828362
355	347.685	77.0241835962239
355	352.24	646.30596493683
355	356.799	-19.0068028533096
355	361.361	86.0448249502733
355	365.926	-6.01441104668083
355	370.495	26.6791390633091
355	375.067	78.5677771373855
355	379.641	29.1908719452235
355	384.219	79.015991938401
355	388.801	113.787984425197
355	393.385	111.826240366128
355	397.972	87.3131508381
355	402.562	166.056414602809
355	407.156	180.71380918727
355	411.752	206.910135362395
355	416.352	184.828574996735
355	420.954	205.626334204498
355	425.56	228.255428590856
355	430.168	238.298380156528
355	434.779	267.23619758174
355	439.393	256.683887076521
355	444.01	275.458214181826
355	448.63	257.88632850106
355	453.253	265.97630858164
355	457.878	256.645834551615
355	462.506	236.959114319874
355	467.137	247.190652950323
355	471.771	231.400715915135
355	476.407	211.478878749746
355	481.047	215.523798192675
355	485.688	209.121570530888
355	490.333	220.733229511501
355	494.979	201.554963066876
355	499.629	172.066773722827
355	504.281	157.215183668338
355	508.936	174.596395927287
355	513.593	142.626609883377
355	518.252	128.372871404488
355	522.914	122.482817515304
355	527.579	121.240175835996
355	532.245	106.364059329774
355	536.915	114.675875098793
355	541.586	89.2238119249786
355	546.26	82.5087633009096
355	550.936	89.9762461156639
355	555.615	77.6699357874769
355	560.296	67.0392512431793
355	564.979	75.371556115418
355	569.664	61.1449447303821
355	574.351	60.3669352805137
355	579.04	57.2217223799345
355	583.732	50.4265360434208
355	588.426	65.6239106822886
355	593.121	42.6252364035635
355	597.819	28.5845113764016
355	602.519	33.9744999993899
355	607.221	21.6607607982792
355	611.924	29.9044725818693
355	616.63	38.9192791526837
355	621.338	37.533719516654
355	626.047	23.0694338530528
355	630.758	7.19503426613329
355	635.471	32.5020993767673
355	640.186	22.3869804220485
355	644.903	7.64310061241913
355	649.621	33.3991114996579
355	654.341	21.5055823735179
355	659.063	27.7845076614662
355	663.787	30.351090311319
355	668.512	13.1040683121885
355	673.238	26.0613955524422
355	677.967	2.83895607784128
355	682.696	15.6664516155447
355	687.428	18.3380187480104
355	692.16	23.294625649877
355	696.895	26.7146152623334
355	701.63	14.7499214707576
355	706.367	33.0928190823198
355	711.106	7.30108395366267
355	715.845	23.6272663805179
355	720.586	-18.4121498077395
355	725.329	18.5298251860219
355	730.072	5.88696209257497
355	734.817	20.2822088085505
355	739.563	-8.8490435346004
355	744.31	0.721976161332977
355	749.058	17.6995135992091
355	753.808	0.360798049758975
355	758.558	20.6187965540878
355	763.31	14.9055689744041
355	768.062	-20.463025951384
355	772.815	-0.770141691144594
355	777.57	-26.7723163164854
355	782.325	-27.5827444859989
355	787.081	22.1582225546532
355	791.838	-13.53980310028
355	796.596	-9.18838367964791
355	801.355	4.68116960768539
355	806.114	-0.731503325787966
355	810.875	-7.22850875764909
355	815.635	1.78841767085592
355	820.397	14.7655731124553
355	825.159	-2.17720507731778
350	248.336	-8.9099918465382
350	252.814	-28.6114459840168
350	257.296	-9.71688642240217
350	261.781	-17.1485620001657
350	266.271	42.2882471337838
350	270.764	13.5151504712789
350	275.26	0.419780779432916
350	279.76	10.7844192808113
350	284.264	-1.19085602598726
350	288.772	-0.755899663260294
350	293.283	6.4376597350347
350	297.797	10.042532650218
350	302.315	6.11656322688389
350	306.837	7.44287335959223
350	311.362	1.63518425762524
350	315.89	23.2555592720702
350	320.422	39.5233213540452
350	324.958	50.2130099682474
350	329.496	45.0419451129013
350	334.038	33.507107931077
350	338.584	9.84557102366693
350	343.133	47.9133912967386
350	347.685	661.464085273306
350	352.24	-2.98883618496984
350	356.799	253.518609250987
350	361.361	44.1844231055273
350	365.926	61.1977758848398
350	370.495	38.9806731792045
350	375.067	115.914737713306
350	379.641	62.8781217888141
350	384.219	89.4205270639328
350	388.801	135.930974396649
350	393.385	110.074200215586
350	397.972	181.623423925298
350	402.562	210.594064058936
350	407.156	204.655427981074
350	411.752	210.565197128103
350	416.352	214.803883798549
350	420.954	223.247600051724
350	425.56	243.54976033779
350	430.168	264.617650754111
350	434.779	266.426046818799
350	439.393	268.716060089196
350	444.01	273.983175097326
350	448.63	261.577990329485
350	453.253	278.594943748737
350	457.878	262.010046469911
350	462.506	231.752306529132
350	467.137	249.464018836072
350	471.771	239.31847998867
350	476.407	218.577157009239
350	481.047	190.562202964856
350	485.688	211.745220687001
350	490.333	193.396536453761
350	494.979	175.193462833597
350	499.629	160.249978773371
350	504.281	149.768553977673
350	508.936	180.035120796966
350	513.593	144.95085288944
350	518.252	134.977297942203
350	522.914	123.288220949518
350	527.579	122.79310438521
350	532.245	111.72051976291
350	536.915	106.795218795633
350	541.586	82.297542062271
350	546.26	97.7592410537902
350	550.936	84.2060145639018
350	555.615	80.0615475537959
350	560.296	291.890436448093
350	564.979	116.235702118461
350	569.664	63.2812512694021
350	574.351	52.7141238298447
350	579.04	63.3595632217848
350	583.732	54.8435143898723
350	588.426	45.0999899046475
350	593.121	45.8578512834926
350	597.819	39.4678046648104
350	602.519	48.9159268736494
350	607.221	43.1194497295436
350	611.924	23.8203709404234
350	616.63	28.2389443951194
350	621.338	27.9008004687165
350	626.047	7.31960196032529
350	630.758	9.67955891879225
350	635.471	26.3966985428768
350	640.186	17.5340453199279
350	644.903	6.6870799118727
350	649.621	23.2936391518359
350	654.341	9.58028635355411
350	659.063	28.9867039920367
350	663.787	17.759387888058
350	668.512	33.3282458711774
350	673.238	31.3536993594045
350	677.967	31.2674690796101
350	682.696	0.942422373736772
350	687.428	29.2889562274605
350	692.16	16.6287947703702
350	696.895	49.5434580524416
350	701.63	69.6829562046996
350	706.367	38.9115878471421
350	711.106	20.8008644056287
350	715.845	13.0763640821004
350	720.586	-1.69422752740191
350	725.329	11.5980390847301
350	730.072	21.9718633491868
350	734.817	23.1686411122984
350	739.563	6.99910858544476
350	744.31	-13.4329849652905
350	749.058	17.4976247915276
350	753.808	-2.91535996768354
350	758.558	21.1290482977597
350	763.31	9.82707154163772
350	768.062	-0.381990562167264
350	772.815	15.6399864463832
350	777.57	2.3314313054148
350	782.325	-24.8986386881562
350	787.081	11.7591327017395
350	791.838	-10.9555654750647
350	796.596	-9.50597004080067
350	801.355	25.659938562428
350	806.114	-16.0442792193698
350	810.875	18.1753091595362
350	815.635	19.9579350726868
350	820.397	20.6727388692728
350	825.159	-10.6973243385107
345	248.336	-5.34102392277769
345	252.814	-40.5099515656178
345	257.296	-9.28010755454339
345	261.781	-3.42367822766932
345	266.271	3.48291218690575
345	270.764	13.5096335598779
345	275.26	-13.2168965437557
345	279.76	13.2745125214064
345	284.264	14.2108311244497
345	288.772	9.3314264512203
345	293.283	-8.22064826135166
345	297.797	14.2011820287059
345	302.315	5.79080485678291
345	306.837	-0.986481156638774
345	311.362	28.1483878404272
345	315.89	27.4636489121054
345	320.422	72.5598487043032
345	324.958	40.2682820978093
345	329.496	63.0170735119668
345	334.038	19.4007641920317
345	338.584	109.069658892086
345	343.133	1096.44091083528
345	347.685	-7.14850672112516
345	352.24	399.868946122862
345	356.799	54.4199420480314
345	361.361	40.7013097565152
345	365.926	40.081287789286
345	370.495	69.9164333626343
345	375.067	137.122734650718
345	379.641	70.6488323758474
345	384.219	114.651844813331
345	388.801	150.267032293341
345	393.385	203.863196744466
345	397.972	203.831888268478
345	402.562	211.833729341387
345	407.156	213.327111632775
345	411.752	240.702208581328
345	416.352	249.936328145241
345	420.954	250.274851514044
345	425.56	266.968446392978
345	430.168	272.548836523173
345	434.779	267.523160221252
345	439.393	273.319776938174
345	444.01	271.571536062403
345	448.63	254.752045070107
345	453.253	287.919024406837
345	457.878	266.634024543053
345	462.506	233.309807261364
345	467.137	225.049406159373
345	471.771	217.09405780178
345	476.407	202.693038611664
345	481.047	182.700660699227
345	485.688	188.715528232407
345	490.333	186.001243216524
345	494.979	199.098232492647
345	499.629	146.747535542503
345	504.281	130.083606141108
345	508.936	161.892540237826
345	513.593	144.561159277929
345	518.252	116.828037265881
345	522.914	110.581433349733
345	527.579	113.95894926065
345	532.245	90.78619281782
345	536.915	122.306909912205
345	541.586	76.0480686865184
345	546.26	103.62119863441
345	550.936	82.8693152627473
345	555.615	82.238568515997
345	560.296	58.9242397627263
345	564.979	68.3500947271918
345	569.664	46.8399393653434
345	574.351	69.9556413251177
345	579.04	52.0933034334972
345	583.732	46.3973728474002
345	588.426	42.6851614975119
345	593.121	37.3371976576604
345	597.819	31.1698285798026
345	602.519	17.9901125823936
345	607.221	25.4668037703527
345	611.924	40.7550182012841
345	616.63	27.9342820187436
345	621.338	32.3334828960388
345	626.047	16.0418348817289
345	630.758	13.6538637258382
345	635.471	27.5155382106703
345	640.186	26.9936037644636
345	644.903	-17.1340092514578
345	649.621	6.1866807994416
345	654.341	3.88860096645566
345	659.063	13.5763708509921
345	663.787	9.79172384714037
345	668.512	40.6937595913362
345	673.238	35.0475203614474
345	677.967	23.1234612703752
345	682.696	15.4909466876359
345	687.428	53.493753502352
345	692.16	75.9033954677689
345	696.895	74.4910501033223
345	701.63	15.3224354863418
345	706.367	10.2008020475976
345	711.106	19.9252827640387
345	715.845	8.73366817235246
345	720.586	-2.69165222538347
345	725.329	11.5914195459801
345	730.072	7.8910205123499
345	734.817	33.5054699592119
345	739.563	18.169654392064
345	744.31	9.88592865273598
345	749.058	18.9093394817119
345	753.808	-13.8176459128489
345	758.558	2.2226778089432
345	763.31	-6.0407058344371
345	768.062	-18.6780571949053
345	772.815	4.95293712731133
345	777.57	-12.8242586526703
345	782.325	-48.543483421847
345	787.081	37.6966753676069
345	791.838	8.91120238329191
345	796.596	16.9149116532991
345	801.355	24.9250989513405
345	806.114	-7.83229933448985
345	810.875	-22.0733864893765
345	815.635	38.0975003541047
345	820.397	12.4626296369314
345	825.159	12.4632308463902
340	248.336	5.75462847690358
340	252.814	-41.3055156720253
340	257.296	5.55202614137065
340	261.781	-20.2906817055675
340	266.271	-6.14094834695278
340	270.764	33.4524509557892
340	275.26	-17.6126598774872
340	279.76	9.67296689586924
340	284.264	29.5098039503215
340	288.772	-6.73236118379713
340	293.283	17.0234539259092
340	297.797	16.2222902025146
340	302.315	6.80703457326626
340	306.837	20.6758862549286
340	311.362	58.0645602320108
340	315.89	68.2457671031343
340	320.422	59.7804482203675
340	324.958	21.1164020264657
340	329.496	44.8279862369807
340	334.038	156.670922630315
340	338.584	828.510134375621
340	343.133	16.322226432927
340	347.685	476.059862828846
340	352.24	45.2256975960129
340	356.799	52.1973149159414
340	361.361	58.8747379985986
340	365.926	57.8914054681674
340	370.495	65.9126403060085
340	375.067	143.815092278799
340	379.641	103.587755970896
340	384.219	183.928071874403
340	388.801	236.184644888824
340	393.385	213.506706251446
340	397.972	222.325666869056
340	402.562	236.145104401617
340	407.156	212.104257666289
340	411.752	241.59187435812
340	416.352	249.767084144801
340	420.954	260.470897911994
340	425.56	266.773995507991
340	430.168	302.231591519003
340	434.779	294.898304550431
340	439.393	281.734672515281
340	444.01	278.021046239019
340	448.63	273.690121718789
340	453.253	291.249952615365
340	457.878	265.863171926685
340	462.506	225.293857194656
340	467.137	234.621227355627
340	471.771	232.077000135656
340	476.407	202.925658880409
340	481.047	196.738456178973
340	485.688	188.558809814212
340	490.333	202.603438290639
340	494.979	172.717050964448
340	499.629	161.647886786855
340	504.281	140.108745115629
340	508.936	165.460253833988
340	513.593	139.552927559116
340	518.252	126.326876426324
340	522.914	103.606780883646
340	527.579	107.013206968531
340	532.245	92.8977474743252
340	536.915	104.267480163098
340	541.586	94.0017980789577
340	546.26	79.298757578416
340	550.936	81.150843844229
340	555.615	77.4706738355479
340	560.296	50.1042942939103
340	564.979	72.595982443859
340	569.664	70.5572752925508
340	574.351	62.8146838236203
340	579.04	64.1670516458656
340	583.732	43.937588915174
340	588.426	44.9701139708527
340	593.121	28.3445965239235
340	597.819	28.2526489657778
340	602.519	31.4586820180805
340	607.221	31.7302828155927
340	611.924	35.3542955627755
340	616.63	41.3265315631663
340	621.338	41.3802669503647
340	626.047	18.7643502159351
340	630.758	26.7119278214287
340	635.471	10.7143592990893
340	640.186	15.0797785922617
340	644.903	-10.2535473432921
340	649.621	40.1563353566678
340	654.341	20.2536163987755
340	659.063	20.126880731978
340	663.787	8.38004715726148
340	668.512	18.0943677646476
340	673.238	56.5033504381445
340	677.967	64.9536760183653
340	682.696	59.4586322237465
340	687.428	53.3964207424401
340	692.16	30.5508655654655
340	696.895	9.55014540994765
340	701.63	1.00867355851512
340	706.367	15.2599300478622
340	711.106	16.4418183709019
340	715.845	19.665430388124
340	720.586	0.0170001828213984
340	725.329	30.6366983804888
340	730.072	2.79101477185707
340	734.817	25.803796134921
340	739.563	26.1014141551929
340	744.31	-14.2672449852467
340	749.058	14.0506899834947
340	753.808	-9.15657809915774
340	758.558	1.51303460398873
340	763.31	-11.4026120986126
340	768.062	8.49488478306894
340	772.815	11.9643090246148
340	777.57	0.0496369131632193
340	782.325	-38.6097902155936
340	787.081	-1.19685981510483
340	791.838	-8.15537073807571
340	796.596	13.7419360567517
340	801.355	33.0780114379236
340	806.114	-19.0453330895202
340	810.875	-3.58580483437066
340	815.635	-0.358122293102032
340	820.397	23.7270045035332
340	825.159	6.4740451500425
335	248.336	-18.6927653661899
335	252.814	-40.383173602237
335	257.296	15.2127622309649
335	261.781	-29.5198852913693
335	266.271	6.74280482207094
335	270.764	20.206745009935
335	275.26	-28.0818277471954
335	279.76	21.3697863079755
335	284.264	10.9939444145306
335	288.772	3.8774136466272
335	293.283	-13.1656314926567
335	297.797	42.9543258962348
335	302.315	37.0174412985791
335	306.837	58.2815889299304
335	311.362	60.2923921275196
335	315.89	47.6861252337936
335	320.422	31.0103772007217
335	324.958	47.4929059218786
335	329.496	356.29094737709
335	334.038	11.4399024594313
335	338.584	3.66985023705274
335	343.133	539.495205068757
335	347.685	35.6386999791121
335	352.24	30.4465499577827
335	356.799	47.0347899037787
335	361.361	68.2760204442983
335	365.926	53.9649855624374
335	370.495	68.0167641965866
335	375.067	169.166832308582
335	379.641	178.96133350178
335	384.219	229.929143775345
335	388.801	220.107242027196
335	393.385	185.010770284568
335	397.972	209.761044622317
335	402.562	262.230511612274
335	407.156	258.194017966149
335	411.752	267.583019044854
335	416.352	265.743016441207
335	420.954	278.780033516394
335	425.56	267.476753110181
335	430.168	277.585815621702
335	434.779	305.235779125775
335	439.393	270.88591992176
335	444.01	292.069345762858
335	448.63	271.54241965373
335	453.253	264.955486480926
335	457.878	256.049111515724
335	462.506	230.028702983187
335	467.137	234.351800608733
335	471.771	220.996934867106
335	476.407	203.620635938534
335	481.047	189.426994882409
335	485.688	186.931372410689
335	490.333	178.247546909773
335	494.979	180.234027174313
335	499.629	161.295283817149
335	504.281	145.934960236722
335	508.936	174.063400438439
335	513.593	128.724085032465
335	518.252	127.077252500414
335	522.914	99.9236793859212
335	527.579	122.084890483331
335	532.245	89.2539125600524
335	536.915	110.364244138869
335	541.586	77.5576705859633
335	546.26	89.817277861551
335	550.936	75.5424614810637
335	555.615	89.0733718291509
335	560.296	60.4210174262628
335	564.979	64.6310500556399
335	569.664	51.6706660033398
335	574.351	71.7696200412203
335	579.04	67.3232998011182
335	583.732	50.2082395928886
335	588.426	45.8614480285083
335	593.121	32.1793178918008
335	597.819	27.1669006175219
335	602.519	22.402575789461
335	607.221	20.3688599615248
335	611.924	34.9267974128448
335	616.63	48.706139804499
335	621.338	35.5943107641907
335	626.047	22.3170592123839
335	630.758	15.8242758736011
335	635.471	22.7333347794495
335	640.186	21.885759812047
335	644.903	-2.38119924788558
335	649.621	40.3574142952133
335	654.341	31.7383386098396
335	659.063	20.2190178927058
335	663.787	28.4650114894748
335	668.512	101.341262943475
335	673.238	129.650588606213
335	677.967	126.970129573294
335	682.696	8.38479470917082
335	687.428	0.0445325639790042
335	692.16	12.1967487771036
335	696.895	7.30494944011622
335	701.63	15.3918238545452
335	706.367	-3.37479034964172
335	711.106	8.2131532988891
335	715.845	1.72958865377696
335	720.586	-0.335946300100815
335	725.329	38.9644439545404
335	730.072	21.5505882664237
335	734.817	46.9405840721532
335	739.563	19.7880924642598
335	744.31	-5.08674305732358
335	749.058	11.7705889641347
335	753.808	-36.669043961008
335	758.558	10.6947877495575
335	763.31	-4.63985014458663
335	768.062	-0.373277703476283
335	772.815	16.0880221586786
335	777.57	7.60543869300274
335	782.325	-32.914987514755
335	787.081	28.7972056594253
335	791.838	-22.0902591029818
335	796.596	-6.79886947723429
335	801.355	6.60178077981833
335	806.114	1.84083224328591
335	810.875	12.0982617280775
335	815.635	12.464390577057
335	820.397	32.6320412660959
335	825.159	1.10129740362095
330	248.336	-4.1473467595506
330	252.814	-31.3321608673264
330	257.296	21.6672494459045
330	261.781	-9.95268620073158
330	266.271	16.3214392322817
330	270.764	3.36557350438882
330	275.26	4.65445689894068
330	279.76	16.0274169673243
330	284.264	8.56967695442042
330	288.772	36.6434851832196
330	293.283	27.5058001793323
330	297.797	55.8316681080404
330	302.315	61.6193306451021
330	306.837	36.1320896511562
330	311.362	43.9985686923764
330	315.89	42.8477438077757
330	320.422	40.1130901526531
330	324.958	363.171653532477
330	329.496	66.8890386807616
330	334.038	48.9023732268943
330	338.584	314.935842644823
330	343.133	0.270948326441385
330	347.685	-25.5668352339678
330	352.24	5.35253438003139
330	356.799	60.5414209772941
330	361.361	60.5393907965335
330	365.926	44.7836688312412
330	370.495	86.2688846477763
330	375.067	242.988107092654
330	379.641	188.088698360975
330	384.219	204.232860536071
330	388.801	220.812417656619
330	393.385	223.64231863406
330	397.972	229.20415851546
330	402.562	261.258034050564
330	407.156	231.914914983463
330	411.752	278.959530692938
330	416.352	279.813187666636
330	420.954	272.647767561511
330	425.56	293.003595309265
330	430.168	290.367695776246
330	434.779	275.40966643421
330	439.393	272.130759683296
330	444.01	285.589263530837
330	448.63	275.28936274061
330	453.253	278.201708734098
330	457.878	234.417040102644
330	462.506	214.765783232158
330	467.137	234.308061461309
330	471.771	225.29671939425
330	476.407	194.582886030083
330	481.047	181.021059210961
330	485.688	178.384522899872
330	490.333	195.33420298333
330	494.979	177.788638155435
330	499.629	147.12594538531
330	504.281	120.666256346776
330	508.936	154.144757543916
330	513.593	125.849177201238
330	518.252	108.592718942344
330	522.914	104.613126159358
330	527.579	101.772464944388
330	532.245	86.5899814766701
330	536.915	87.8142001104761
330	541.586	70.6629561460634
330	546.26	83.0193727866017
330	550.936	81.2296682548635
330	555.615	78.6696044115297
330	560.296	53.50546897308
330	564.979	59.6709511855519
330	569.664	54.6586984329625
330	574.351	42.7241778711509
330	579.04	58.0913040999918
330	583.732	36.946316852662
330	588.426	37.1479003768064
330	593.121	31.096919655907
330	597.819	21.9098572048184
330	602.519	46.4313264284585
330	607.221	22.868840273542
330	611.924	32.1221722911988
330	616.63	35.4397244840306
330	621.338	44.6005530078059
330	626.047	11.7377828335456
330	630.758	16.4507056332835
330	635.471	18.4249603785495
330	640.186	24.5874672086222
330	644.903	-14.7718447225749
330	649.621	35.6250149859551
330	654.341	45.0167690567753
330	659.063	85.6736167638995
330	663.787	106.244225629843
330	668.512	89.6409734166677
330	673.238	55.9614876350286
330	677.967	15.1568870534731
330	682.696	7.78213082482524
330	687.428	9.55330680468425
330	692.16	6.19126260351537
330	696.895	4.86649130507148
330	701.63	0.728527786901971
330	706.367	-1.38479283082666
330	711.106	8.51837357602212
330	715.845	14.6944058641448
330	720.586	2.19973257473884
330	725.329	41.0887808090631
330	730.072	13.5542529084072
330	734.817	12.5601636898351
330	739.563	19.0561382871546
330	744.31	7.619853149192
330	749.058	3.16839200732569
330	753.808	-20.4487895395074
330	758.558	42.7064097574274
330	763.31	0.0536170524362234
330	768.062	-15.4252952845843
330	772.815	30.4643116199167
330	777.57	1.64498953446278
330	782.325	-26.929510183365
330	787.081	50.1704800946225
330	791.838	-39.7123758655534
330	796.596	5.73334997332746
330	801.355	19.3948220087227
330	806.114	15.1953697863715
330	810.875	1.91866913679367
330	815.635	33.0274150592673
330	820.397	32.6925203821157
330	825.159	9.54279560811704
325	248.336	4.02004878891696
325	252.814	-16.1871717637659
325	257.296	3.89808988016418
325	261.781	-22.9517857696878
325	266.271	10.3546686524549
325	270.764	-11.1074975911884
325	275.26	-34.3009142810418
325	279.76	28.6052669690834
325	284.264	34.6693886787461
325	288.772	32.4511160220135
325	293.283	51.6784649509215
325	297.797	84.0793440942775
325	302.315	60.3366178682204
325	306.837	45.0010376791117
325	311.362	29.6549431429652
325	315.89	66.355853111162
325	320.422	623.165718617297
325	324.958	51.7284350467307
325	329.496	73.776894385217
325	334.038	542.534057748473
325	338.584	-20.4511737244429
325	343.133	9.00598505520929
325	347.685	-10.3708407903992
325	352.24	-12.6825216816377
325	356.799	7.57064682246926
325	361.361	66.4908216217229
325	365.926	157.007516839868
325	370.495	145.4375528573
325	375.067	164.604541484829
325	379.641	140.268850434542
325	384.219	196.836482172164
325	388.801	244.624990355468
325	393.385	232.965797422276
325	397.972	245.628513714396
325	402.562	283.236193174048
325	407.156	271.796462686724
325	411.752	288.493099850321
325	416.352	292.719467272703
325	420.954	281.391520834702
325	425.56	269.796209869727
325	430.168	293.812284933896
325	434.779	303.80895567078
325	439.393	261.945540411685
325	444.01	277.915283799943
325	448.63	259.791967880785
325	453.253	253.617919086099
325	457.878	240.501499104031
325	462.506	218.437424508159
325	467.137	235.421105783341
325	471.771	207.805453127408
325	476.407	184.565444673108
325	481.047	169.510482123663
325	485.688	150.555182859027
325	490.333	175.291963351422
325	494.979	159.352214788563
325	499.629	128.572026795781
325	504.281	123.454922239371
325	508.936	152.66019462362
325	513.593	133.349090804916
325	518.252	129.929341269199
325	522.914	107.14613099028
325	527.579	97.09698128556
325	532.245	83.8387294047874
325	536.915	103.695270434322
325	541.586	73.5865245151342
325	546.26	89.6511486579272
325	550.936	68.6725622118682
325	555.615	63.1298627849555
325	560.296	64.8215497972624
325	564.979	65.6889137304749
325	569.664	58.4220004521516
325	574.351	56.5768530379406
325	579.04	56.2009409280752
325	583.732	58.6062416374265
325	588.426	55.9749546167972
325	593.121	40.4588178869825
325	597.819	34.7508363983306
325	602.519	31.7075970814408
325	607.221	51.7627608440862
325	611.924	45.2000619840069
325	616.63	41.0496618912445
325	621.338	53.9132194185174
325	626.047	37.0773469311677
325	630.758	35.5885212910506
325	635.471	38.4312407439649
325	640.186	25.6683277930476
325	644.903	46.7485205150319
325	649.621	101.02550970855
325	654.341	161.433600573144
325	659.063	117.622066793272
325	663.787	83.4725464354999
325	668.512	25.3862518028005
325	673.238	37.9858914713739
325	677.967	4.64398426695616
325	682.696	-8.11901969088611
325	687.428	7.19516657035092
325	692.16	5.80821900681977
325	696.895	2.57733351759289
325	701.63	23.7275726145174
325	706.367	2.61085767573644
325	711.106	1.1529560315514
325	715.845	-9.4166004986658
325	720.586	-11.2781289480121
325	725.329	6.60778612708967
325	730.072	3.98251229157952
325	734.817	21.0969891395809
325	739.563	16.9893655342322
325	744.31	15.5254328480823
325	749.058	17.2905991893243
325	753.808	14.7404777571788
325	758.558	11.6513953909229
325	763.31	18.276433001027
325	768.062	-2.95133578383922
325	772.815	20.9569748358175
325	777.57	11.3693073046031
325	782.325	-9.2963999466788
325	787.081	20.0792495296348
325	791.838	-29.4870735010507
325	796.596	-10.1741320037441
325	801.355	9.19264037686599
325	806.114	-26.7793196174049
325	810.875	12.7872194837494
325	815.635	28.7906524581352
325	820.397	1.62511654685231
325	825.159	-37.9405502567874
320	248.336	-4.59576666695282
320	252.814	-26.6844433266005
320	257.296	3.60091069893486
320	261.781	-19.6845621329255
320	266.271	3.18168591540808
320	270.764	47.1020203653514
320	275.26	15.4228674757158
320	279.76	42.8363730879102
320	284.264	71.0712678794134
320	288.772	69.4025710843715
320	293.283	89.9897209947048
320	297.797	46.8686258520762
320	302.315	51.637244583184
320	306.837	51.4603742571129
320	311.362	65.3778487754075
320	315.89	847.393715874369
320	320.422	62.5345507834427
320	324.958	44.2270433263438
320	329.496	324.74534843731
320	334.038	44.3080320562477
320	338.584	-21.9068390481638
320	343.133	-29.1351506857242
320	347.685	-25.139775079423
320	352.24	21.1820041635365
320	356.799	91.650541381427
320	361.361	131.731051147005
320	365.926	131.43545728733
320	370.495	80.0511213475334
320	375.067	184.202898732214
320	379.641	163.997934441327
320	384.219	209.63331032996
320	388.801	239.962055228373
320	393.385	241.899851585226
320	397.972	253.87572720156
320	402.562	270.900358062162
320	407.156	296.66017688636
320	411.752	300.494595558799
320	416.352	289.242945581184
320	420.954	276.989969690171
320	425.56	289.884610448496
320	430.168	287.611888314939
320	434.779	288.515350702334
320	439.393	277.296049481973
320	444.01	285.2558303937
320	448.63	241.395076471098
320	453.253	261.081856210651
320	457.878	236.019391069956
320	462.506	208.063526557602
320	467.137	219.131228189988
320	471.771	213.889315947708
320	476.407	192.911656402953
320	481.047	176.449682220205
320	485.688	172.028484502042
320	490.333	182.858749354337
320	494.979	161.307177929282
320	499.629	141.501073124125
320	504.281	143.704933259552
320	508.936	154.914206219537
320	513.593	145.305441703014
320	518.252	108.226862738173
320	522.914	111.020243087467
320	527.579	102.127106984971
320	532.245	83.561540844363
320	536.915	89.7525330326037
320	541.586	66.2102280887422
320	546.26	98.1172185685183
320	550.936	76.2902469608004
320	555.615	82.031652898886
320	560.296	58.527838988649
320	564.979	72.2960824957392
320	569.664	60.1077306675144
320	574.351	47.1557633127238
320	579.04	58.0768129366892
320	583.732	37.9248172011359
320	588.426	53.7604740338352
320	593.121	13.2205341005229
320	597.819	31.2979067503709
320	602.519	39.8130374300128
320	607.221	35.043252129542
320	611.924	49.6614378835617
320	616.63	40.7422919287504
320	621.338	39.3882183564857
320	626.047	28.1263595248435
320	630.758	17.4082749632768
320	635.471	102.407363602754
320	640.186	167.124856819496
320	644.903	153.274263250626
320	649.621	109.525716463203
320	654.341	22.4042490591605
320	659.063	29.0638761125075
320	663.787	34.1075898922968
320	668.512	29.9680083847604
320	673.238	45.9489778803115
320	677.967	35.5916558206095
320	682.696	16.4856564458944
320	687.428	16.2424232802423
320	692.16	5.35136061903251
320	696.895	4.62551228559328
320	701.63	31.9749229861618
320	706.367	17.9474032989847
320	711.106	22.8875655759683
320	715.845	9.67567747818215
320	720.586	-1.83773393989053
320	725.329	45.7933357037269
320	730.072	3.79191490924718
320	734.817	16.8463394520439
320	739.563	-4.95539275063647
320	744.31	-9.6196736224061
320	749.058	4.25725921589316
320	753.808	18.1363372749354
320	758.558	6.16005507896771
320	763.31	2.26047826105818
320	768.062	-24.8538884087389
320	772.815	6.75601820017107
320	777.57	8.31337871926976
320	782.325	-39.7195172064674
320	787.081	24.4962781422624
320	791.838	-34.0278466525412
320	796.596	-13.1825155862049
320	801.355	1.26877647231248
320	806.114	-22.7605016436619
320	810.875	8.02430157834047
320	815.635	17.3091056150362
320	820.397	36.7208037545344
320	825.159	-16.438432591623
315	248.336	-9.77261647883696
315	252.814	-35.7496262435706
315	257.296	0.0654578894048825
315	261.781	1.68497399427103
315	266.271	19.7294851241205
315	270.764	42.2800768294106
315	275.26	17.0663390572735
315	279.76	34.0217630987744
315	284.264	57.3722749298532
315	288.772	104.378395278598
315	293.283	73.5883685378935
315	297.797	53.4422934536782
315	302.315	78.0112520662776
315	306.837	91.3827700062308
315	311.362	1254.61952979637
315	315.89	33.797566336445
315	320.422	51.6418776004466
315	324.958	153.936304986659
315	329.496	64.9605978351132
315	334.038	29.4150270966579
315	338.584	23.9168879884743
315	343.133	17.181065499812
315	347.685	-40.4260805549943
315	352.24	41.6950969989448
315	356.799	35.1764439744193
315	361.361	106.949208446849
315	365.926	101.910231923751
315	370.495	104.083724257714
315	375.067	158.852030772638
315	379.641	185.351171191112
315	384.219	211.183293048343
315	388.801	263.60859166975
315	393.385	257.928183082874
315	397.972	254.400476122569
315	402.562	254.059942900383
315	407.156	276.310172220518
315	411.752	275.824936819414
315	416.352	284.898532490946
315	420.954	281.280444776255
315	425.56	276.284832902216
315	430.168	287.480251568933
315	434.779	311.719858336577
315	439.393	269.579628402872
315	444.01	278.9525657178
315	448.63	268.86148257893
315	453.253	271.637798638107
315	457.878	241.300787613974
315	462.506	222.663279767984
315	467.137	213.191639237555
315	471.771	194.010962641899
315	476.407	175.99107131169
315	481.047	164.944090243203
315	485.688	187.90217087245
315	490.333	189.088301802176
315	494.979	167.879253458133
315	499.629	135.137238164392
315	504.281	125.669030952893
315	508.936	173.149584479835
315	513.593	141.761481899147
315	518.252	111.768605501306
315	522.914	113.227787248505
315	527.579	119.901949691653
315	532.245	88.083927563067
315	536.915	92.7839513515473
315	541.586	84.2624710329567
315	546.26	78.8724084948608
315	550.936	85.1108632955456
315	555.615	79.2681502314767
315	560.296	66.3471473531873
315	564.979	77.4468663473991
315	569.664	89.2519985635464
315	574.351	78.3530902123959
315	579.04	56.5324295492888
315	583.732	52.9325007353645
315	588.426	63.1372206223731
315	593.121	39.5502301020048
315	597.819	28.1216468302911
315	602.519	31.3822519294267
315	607.221	36.0719923304318
315	611.924	32.6649401433857
315	616.63	55.2142670101724
315	621.338	69.0930291659853
315	626.047	85.1422699992659
315	630.758	186.081741804479
315	635.471	163.414184345372
315	640.186	94.9042764091328
315	644.903	34.6772238423839
315	649.621	-3.25409002234491
315	654.341	21.7773895613077
315	659.063	24.9927830482959
315	663.787	26.8662148980706
315	668.512	25.1320660830423
315	673.238	28.7995799551704
315	677.967	9.44682433263565
315	682.696	-6.32233008298464
315	687.428	12.7901892693453
315	692.16	20.0957530889886
315	696.895	29.5410241209425
315	701.63	17.6014265621552
315	706.367	23.6021970276281
315	711.106	28.4401663404598
315	715.845	7.26476059858794
315	720.586	16.116709463053
315	725.329	28.2278321381521
315	730.072	1.73215417707943
315	734.817	22.9644708871333
315	739.563	17.0759900213824
315	744.31	3.52267953735169
315	749.058	-5.35933077041993
315	753.808	-25.5010738685629
315	758.558	29.2388213433003
315	763.31	0.0205063055101959
315	768.062	-2.38910769919722
315	772.815	14.7998416619005
315	777.57	-10.7184405666836
315	782.325	-28.2091453106498
315	787.081	29.495976907063
315	791.838	-21.3066181833235
315	796.596	19.131518417516
315	801.355	3.58586743161895
315	806.114	-18.730932683355
315	810.875	-18.2864968696104
315	815.635	29.9114279565962
315	820.397	28.1375513643747
315	825.159	-19.6336138206906
310	248.336	-16.8329245942613
310	252.814	-52.7915280303055
310	257.296	19.5916961588245
310	261.781	-22.9842935450406
310	266.271	27.3800352501866
310	270.764	60.6073233035397
310	275.26	29.9248832647587
310	279.76	94.6216359409932
310	284.264	92.1941587223071
310	288.772	83.6888692464544
310	293.283	55.7126599488017
310	297.797	33.3373470024607
310	302.315	105.463232892061
310	306.837	1728.00859812513
310	311.362	36.424523360336
310	315.89	684.876413082387
310	320.422	110.681467782985
310	324.958	93.9165162378976
310	329.496	103.425572918297
310	334.038	35.5145928674642
310	338.584	-9.44403907589253
310	343.133	-1.53837260917771
310	347.685	51.8409749897128
310	352.24	87.577142101205
310	356.799	41.3876726760489
310	361.361	87.6133082594064
310	365.926	48.5267588522312
310	370.495	103.402384381979
310	375.067	197.410037274297
310	379.641	157.559296914903
310	384.219	200.331119554087
310	388.801	258.042305197812
310	393.385	229.344718583726
310	397.972	246.48611213687
310	402.562	262.06175062231
310	407.156	237.348966260958
310	411.752	272.308222225533
310	416.352	257.655195054944
310	420.954	257.719518373871
310	425.56	287.363210578696
310	430.168	281.544835488723
310	434.779	269.344428668636
310	439.393	266.125468905172
310	444.01	287.813259712724
310	448.63	262.733588169994
310	453.253	275.482681053089
310	457.878	238.882711047276
310	462.506	216.697065648597
310	467.137	210.601244670886
310	471.771	188.184135942627
310	476.407	198.188743722116
310	481.047	176.339212723433
310	485.688	159.275992143311
310	490.333	183.093717771807
310	494.979	162.708512634618
310	499.629	135.154549274327
310	504.281	134.660498352014
310	508.936	158.955485239636
310	513.593	140.901332202323
310	518.252	128.961408347678
310	522.914	124.352847925526
310	527.579	93.390422349265
310	532.245	67.2113449689813
310	536.915	100.637366543051
310	541.586	79.9696702913411
310	546.26	101.77567151346
310	550.936	71.4590846654414
310	555.615	77.2109504462064
310	560.296	67.8819640694654
310	564.979	85.5919512099643
310	569.664	70.3597861511144
310	574.351	77.43407374813
310	579.04	70.8864739056494
310	583.732	69.6037554044625
310	588.426	67.2314522691751
310	593.121	40.3009665637123
310	597.819	46.5610734585027
310	602.519	55.7977238645807
310	607.221	39.8488642015397
310	611.924	68.3813944291651
310	616.63	181.485263019828
310	621.338	228.378135121344
310	626.047	204.028327382388
310	630.758	71.2031077216648
310	635.471	17.2617885199397
310	640.186	16.0129213444454
310	644.903	5.7790568949296
310	649.621	31.9403610356008
310	654.341	18.1970705168916
310	659.063	12.8053298524535
310	663.787	4.07664090273024
310	668.512	42.3517531677909
310	673.238	35.6556817339375
310	677.967	12.4450844568683
310	682.696	14.6566493408246
310	687.428	-12.8717065548132
310	692.16	17.5179856024498
310	696.895	-17.1231542095941
310	701.63	11.392585095361
310	706.367	39.1716441766957
310	711.106	22.0007810167785
310	715.845	-9.698031570173
310	720.586	20.0450526592842
310	725.329	34.6636231102625
310	730.072	26.3114319890565
310	734.817	38.2983088253931
310	739.563	23.9818193973395
310	744.31	6.9781538654245
310	749.058	33.4667948178126
310	753.808	-1.88461963874813
310	758.558	43.4914819882824
310	763.31	19.9729523158089
310	768.062	-37.2238045532657
310	772.815	-1.51916490739858
310	777.57	20.5614338740895
310	782.325	-42.6908326105893
310	787.081	15.5512130273134
310	791.838	1.64023728765356
310	796.596	12.0045438286522
310	801.355	31.9709797350394
310	806.114	-1.87647454532965
310	810.875	25.8711402834906
310	815.635	26.7972705500323
310	820.397	23.5026302688098
310	825.159	-9.83376324687186
305	248.336	11.112161895514
305	252.814	-26.8640212327355
305	257.296	-6.32754708429977
305	261.781	-10.3451689210192
305	266.271	-0.314541289650435
305	270.764	94.5159326213172
305	275.26	67.7333730670458
305	279.76	67.57896862358
305	284.264	75.4480273420852
305	288.772	102.291580522957
305	293.283	61.3566343724309
305	297.797	182.750774710805
305	302.315	2383.3988708524
305	306.837	36.9875034183424
305	311.362	1450.28098464841
305	315.89	116.60423437218
305	320.422	89.8050898444753
305	324.958	55.2155514864444
305	329.496	99.1426796396946
305	334.038	-5.15432516884016
305	338.584	-25.7982645213879
305	343.133	131.407947128661
305	347.685	-10.4278132160107
305	352.24	43.9078035770038
305	356.799	15.800607515573
305	361.361	59.9507285118775
305	365.926	52.7903074826529
305	370.495	85.3984407794555
305	375.067	172.772571766469
305	379.641	112.768882533711
305	384.219	181.924963341126
305	388.801	212.113211499646
305	393.385	210.689977110761
305	397.972	241.932259891386
305	402.562	253.391997712307
305	407.156	224.328010228689
305	411.752	267.029301683581
305	416.352	243.61135616963
305	420.954	267.83573441374
305	425.56	278.046934476436
305	430.168	270.814087967246
305	434.779	263.280783673873
305	439.393	258.071258797369
305	444.01	275.857755271725
305	448.63	238.613814887552
305	453.253	266.184447237916
305	457.878	243.359980657143
305	462.506	190.736614328523
305	467.137	197.519974655993
305	471.771	224.791215529298
305	476.407	186.729029076772
305	481.047	181.662219552798
305	485.688	163.080839186288
305	490.333	182.883330397122
305	494.979	144.405618062116
305	499.629	131.162945603053
305	504.281	134.122895336541
305	508.936	171.151948135396
305	513.593	130.206373682737
305	518.252	127.829599881625
305	522.914	108.356750529743
305	527.579	124.683318640123
305	532.245	98.1870648580842
305	536.915	111.365008479878
305	541.586	82.4601674540667
305	546.26	81.1973546963571
305	550.936	76.8795125924286
305	555.615	86.8447764615113
305	560.296	68.1127706899354
305	564.979	94.0734114673457
305	569.664	50.4972333949756
305	574.351	94.5085976339012
305	579.04	79.264123354621
305	583.732	65.3921363711178
305	588.426	54.6731873614545
305	593.121	96.6358036676762
305	597.819	18.9413853101451
305	602.519	65.778104948481
305	607.221	220.223933227442
305	611.924	245.097208697547
305	616.63	218.731209701465
305	621.338	170.738678011652
305	626.047	28.6450170407359
305	630.758	17.3067716262663
305	635.471	29.8994549543354
305	640.186	7.7363907455326
305	644.903	14.3302048650903
305	649.621	31.5503033661514
305	654.341	-6.28126301563372
305	659.063	22.1362720967758
305	663.787	19.8527134291788
305	668.512	49.9502734899406
305	673.238	41.1273998782677
305	677.967	21.3583313183076
305	682.696	8.28516617367904
305	687.428	34.3006704438258
305	692.16	31.7198159721285
305	696.895	30.9372744720916
305	701.63	5.10127148114748
305	706.367	6.00073374126357
305	711.106	52.8165726682985
305	715.845	-10.8672258701042
305	720.586	20.4089004316509
305	725.329	15.8629855119715
305	730.072	1.9960997531395
305	734.817	17.5026863691869
305	739.563	24.5579056073214
305	744.31	-23.3529372584883
305	749.058	37.6560255536569
305	753.808	-2.00626346661787
305	758.558	14.6049990603838
305	763.31	8.53633347363825
305	768.062	-6.38317318819972
305	772.815	20.8938400666465
305	777.57	-13.1136527786751
305	782.325	-55.4885643246852
305	787.081	18.2645061553746
305	791.838	-9.05379387388341
305	796.596	29.0334350428087
305	801.355	20.0570163148208
305	806.114	-12.0332391832185
305	810.875	14.0481615686038
305	815.635	19.0563493618464
305	820.397	18.5598983080552
305	825.159	7.55353243100988
300	248.336	-18.0002671755306
300	252.814	-36.7639948080934
300	257.296	10.8585171807375
300	261.781	14.1102811797182
300	266.271	37.8281829266867
300	270.764	151.433774012991
300	275.26	45.8431679917794
300	279.76	104.211067650746
300	284.264	106.317830617821
300	288.772	115.219512948251
300	293.283	350.314333744733
300	297.797	3544.09491035946
300	302.315	70.72057144477
300	306.837	1260.87085630388
300	311.362	80.3176836281746
300	315.89	106.093917604983
300	320.422	142.655690077857
300	324.958	89.7846981836565
300	329.496	112.544825322441
300	334.038	121.084452338871
300	338.584	110.065443014375
300	343.133	35.3398062700498
300	347.685	-33.3405686370744
300	352.24	17.496863178093
300	356.799	63.3856779304163
300	361.361	40.4299722681664
300	365.926	47.6488597489247
300	370.495	84.1416720002018
300	375.067	148.743927011658
300	379.641	111.506552918543
300	384.219	229.521574324604
300	388.801	246.222471841121
300	393.385	224.900729535758
300	397.972	227.150049817853
300	402.562	234.714584412099
300	407.156	252.892785257584
300	411.752	243.458648032258
300	416.352	290.450887421691
300	420.954	255.187410858953
300	425.56	250.30106164985
300	430.168	272.246339727764
300	434.779	262.151194232837
300	439.393	265.235604455984
300	444.01	270.292679597242
300	448.63	244.391607291702
300	453.253	250.915609699546
300	457.878	261.276619432087
300	462.506	207.000618302205
300	467.137	217.598533463208
300	471.771	212.903353598519
300	476.407	191.04757219325
300	481.047	195.338761316482
300	485.688	193.755266819786
300	490.333	207.47879240921
300	494.979	169.387137079938
300	499.629	143.704963789641
300	504.281	116.401736944248
300	508.936	155.67898167606
300	513.593	117.683367533057
300	518.252	115.586935541771
300	522.914	114.544989623967
300	527.579	118.562653194108
300	532.245	94.9837028694678
300	536.915	104.572348643795
300	541.586	68.3836415048491
300	546.26	90.3777241709638
300	550.936	83.1486536869736
300	555.615	79.8934183421731
300	560.296	82.4984533620855
300	564.979	103.838279286976
300	569.664	85.0600221733832
300	574.351	67.6594425567464
300	579.04	42.4628954884511
300	583.732	67.8959775449049
300	588.426	57.6656233609522
300	593.121	132.178567728318
300	597.819	257.069052431426
300	602.519	377.55589386917
300	607.221	245.81521172148
300	611.924	68.6772408831071
300	616.63	36.362864163934
300	621.338	55.3595040193691
300	626.047	29.6505935028855
300	630.758	23.1154317890117
300	635.471	45.6665483597545
300	640.186	24.6319002162854
300	644.903	17.5129249628625
300	649.621	17.3260574562014
300	654.341	19.7847137460945
300	659.063	27.3404524280469
300	663.787	6.27070758550188
300	668.512	34.2128304270424
300	673.238	48.8754921583872
300	677.967	7.46805881804309
300	682.696	1.63766995416573
300	687.428	27.3390860963264
300	692.16	41.8538790893306
300	696.895	19.8990605607839
300	701.63	37.5636536451083
300	706.367	-22.6393884052074
300	711.106	22.9809940592855
300	715.845	-7.02850602464799
300	720.586	22.8221985109795
300	725.329	48.6204516863931
300	730.072	-17.9126856638849
300	734.817	29.5628577669108
300	739.563	4.73255773752597
300	744.31	-14.3189404309128
300	749.058	16.6186750569593
300	753.808	15.8734399800589
300	758.558	30.0335949539645
300	763.31	17.606197494349
300	768.062	-34.3060657985779
300	772.815	35.4489527854909
300	777.57	-13.379394483952
300	782.325	-21.9141375749418
300	787.081	26.2121309865197
300	791.838	-6.62291479867956
300	796.596	-7.40193606881695
300	801.355	24.5869656711803
300	806.114	-30.9619883230148
300	810.875	6.96354759216522
300	815.635	36.9146113802976
300	820.397	32.6297635452823
300	825.159	-17.5845661836313
295	248.336	-20.6769424371706
295	252.814	-14.8436856220054
295	257.296	73.8404050125845
295	261.781	139.73816082244
295	266.271	190.950107716364
295	270.764	201.701408237974
295	275.26	88.8660104235571
295	279.76	141.503235961443
295	284.264	154.678484927421
295	288.772	537.761812590169
295	293.283	4868.41155846994
295	297.797	52.2129638465922
295	302.315	1286.77497702034
295	306.837	133.046629349737
295	311.362	134.123488886
295	315.89	162.442357738057
295	320.422	219.648197436699
295	324.958	193.387160761257
295	329.496	297.859958270159
295	334.038	249.575086815486
295	338.584	104.661065900845
295	343.133	49.3587934478359
295	347.685	-6.85761343132799
295	352.24	27.1084849641032
295	356.799	27.3492017438429
295	361.361	92.2486078675914
295	365.926	105.727335016906
295	370.495	77.9644336252483
295	375.067	184.076968830666
295	379.641	97.7203500341204
295	384.219	160.613800257028
295	388.801	216.783572807982
295	393.385	180.59122227501
295	397.972	217.060466669584
295	402.562	267.891694605252
295	407.156	255.455853671968
295	411.752	244.115807236519
295	416.352	227.075865586641
295	420.954	262.524747129092
295	425.56	271.989539315473
295	430.168	274.817327346803
295	434.779	298.876894616067
295	439.393	254.753514547209
295	444.01	246.232980987196
295	448.63	241.672704767509
295	453.253	284.791890737387
295	457.878	254.123822135174
295	462.506	205.273955356925
295	467.137	210.401695106774
295	471.771	229.44719241683
295	476.407	182.855840326869
295	481.047	180.804450021597
295	485.688	196.362175548123
295	490.333	206.306368655409
295	494.979	172.425127659646
295	499.629	165.977725611186
295	504.281	141.291402433795
295	508.936	180.860033755746
295	513.593	161.918438553861
295	518.252	122.053255876369
295	522.914	129.180520735058
295	527.579	130.760081731381
295	532.245	121.772737870641
295	536.915	122.416915655714
295	541.586	99.7932927965825
295	546.26	112.092163534541
295	550.936	93.8604410310921
295	555.615	78.5499221150377
295	560.296	88.7162340858408
295	564.979	108.069454808232
295	569.664	81.9116646310043
295	574.351	83.013306374978
295	579.04	82.1230173433014
295	583.732	185.429959158044
295	588.426	419.785484801345
295	593.121	519.86978120254
295	597.819	347.155490936255
295	602.519	130.270232036884
295	607.221	16.4733915529192
295	611.924	62.1769597198334
295	616.63	49.3942221437623
295	621.338	33.0532151386038
295	626.047	26.9610422921606
295	630.758	28.6424243621151
295	635.471	4.69269322303178
295	640.186	27.9887007570327
295	644.903	15.594035035352
295	649.621	27.8419486065949
295	654.341	53.0795791454181
295	659.063	53.1085846673345
295	663.787	31.9959854460066
295	668.512	39.1466595678899
295	673.238	7.61219180295738
295	677.967	28.9370445016313
295	682.696	-4.08103387080136
295	687.428	16.5354148651523
295	692.16	12.9997184544526
295	696.895	17.8000916385889
295	701.63	13.7297340611032
295	706.367	-14.364173154712
295	711.106	-4.82229788166371
295	715.845	-7.62042492491801
295	720.586	-4.88855571845836
295	725.329	37.6088783050073
295	730.072	3.38041400370409
295	734.817	53.221805234499
295	739.563	16.4304486002712
295	744.31	13.1587688668478
295	749.058	9.85187491611264
295	753.808	18.3080396549263
295	758.558	23.4183954151776
295	763.31	-8.53957110963131
295	768.062	-29.068776767237
295	772.815	8.65055936408456
295	777.57	32.7855201750227
295	782.325	-71.0328577704607
295	787.081	42.114593872511
295	791.838	-57.0997035997282
295	796.596	8.05989884687548
295	801.355	57.7511659490367
295	806.114	-2.89357411437475
295	810.875	-20.1866284608681
295	815.635	33.4864308896966
295	820.397	46.8014311718041
295	825.159	18.5067160493752
290	248.336	18.4500965684994
290	252.814	44.6979051117294
290	257.296	111.107100123753
290	261.781	151.928020394888
290	266.271	108.526359039135
290	270.764	138.251640848171
290	275.26	64.3898834859713
290	279.76	190.669318097017
290	284.264	946.967453748424
290	288.772	1864.43860688878
290	293.283	78.5359774174503
290	297.797	1358.80445700666
290	302.315	430.70767643704
290	306.837	409.131517018485
290	311.362	468.486240422037
290	315.89	500.731942761726
290	320.422	579.527296344264
290	324.958	617.702954871524
290	329.496	445.352981416283
290	334.038	334.018691542102
290	338.584	275.197848205836
290	343.133	188.573555393424
290	347.685	109.15841547488
290	352.24	199.464106146297
290	356.799	150.357058981758
290	361.361	151.897666097618
290	365.926	121.698256134994
290	370.495	108.742249147767
290	375.067	219.791667498987
290	379.641	122.649372960537
290	384.219	206.942156186909
290	388.801	272.130510521939
290	393.385	194.872562441889
290	397.972	255.960347416633
290	402.562	252.017029520192
290	407.156	268.078395553212
290	411.752	225.803521969674
290	416.352	238.278303773146
290	420.954	244.113729267526
290	425.56	284.771893219055
290	430.168	273.519873601711
290	434.779	298.720662846349
290	439.393	289.41884465008
290	444.01	304.82311086497
290	448.63	286.04197049748
290	453.253	294.366837692596
290	457.878	240.948754651429
290	462.506	214.724936961185
290	467.137	241.694365477432
290	471.771	227.35128244748
290	476.407	213.865035028336
290	481.047	185.390490720881
290	485.688	191.903854709781
290	490.333	227.70964898587
290	494.979	178.33969374281
290	499.629	185.386527256279
290	504.281	130.323947097784
290	508.936	211.534923731342
290	513.593	150.73360062152
290	518.252	178.687957352596
290	522.914	157.752419170351
290	527.579	136.935578574461
290	532.245	93.2816186795296
290	536.915	118.935887613202
290	541.586	91.6127640793411
290	546.26	115.780374780298
290	550.936	123.827867488997
290	555.615	127.627189634804
290	560.296	92.1443431216046
290	564.979	112.060831835093
290	569.664	125.459307258168
290	574.351	274.40295050538
290	579.04	638.002791260207
290	583.732	657.949183862697
290	588.426	377.798860429854
290	593.121	172.660101681572
290	597.819	65.6444775893222
290	602.519	65.0191065552075
290	607.221	51.5033340482362
290	611.924	45.166005899487
290	616.63	67.4192735547443
290	621.338	74.8965293817287
290	626.047	60.5244121749104
290	630.758	28.6160220159335
290	635.471	36.1213802790813
290	640.186	35.3335348696272
290	644.903	-1.52278334453018
290	649.621	40.0593355627077
290	654.341	19.6604852000766
290	659.063	21.2891619556303
290	663.787	43.3241524458234
290	668.512	55.2320849768578
290	673.238	29.4736101064612
290	677.967	19.6432393696752
290	682.696	29.4367819713798
290	687.428	8.0356193624479
290	692.16	21.8338957289709
290	696.895	13.9324368824424
290	701.63	56.4294091217983
290	706.367	7.68232164675442
290	711.106	2.41675052577309
290	715.845	-9.56740977178193
290	720.586	15.7495104145933
290	725.329	45.122507865719
290	730.072	11.082613525753
290	734.817	47.0337329047384
290	739.563	-38.7664952328181
290	744.31	22.7060613036301
290	749.058	38.3172029995992
290	753.808	13.0274479559813
290	758.558	10.6464737733418
290	763.31	-16.1654183942769
290	768.062	-33.3807331469343
290	772.815	-13.6231218557547
290	777.57	13.2206638538633
290	782.325	-22.5865490170672
290	787.081	30.5174822849994
290	791.838	-12.9799261009368
290	796.596	43.5841176150825
290	801.355	-21.6259732994482
290	806.114	-10.1911834857175
290	810.875	10.8360082715772
290	815.635	19.1351256504976
290	820.397	55.4745375868378
290	825.159	-20.3581336852738
285	248.336	102.143002203748
285	252.814	148.873544362736
285	257.296	224.237254593409
285	261.781	79.466583813149
285	266.271	169.11796421137
285	270.764	102.39462479427
285	275.26	160.112236860801
285	279.76	998.209995903793
285	284.264	560.519167143233
285	288.772	89.0383303005947
285	293.283	1448.92500574197
285	297.797	825.352623390007
285	302.315	956.151741068917
285	306.837	1007.15224044649
285	311.362	1072.28299410077
285	315.89	1027.00679096021
285	320.422	1203.4323359772
285	324.958	988.836826516118
285	329.496	835.405595457263
285	334.038	646.474700575524
285	338.584	590.173532355367
285	343.133	444.17650463024
285	347.685	358.539586808308
285	352.24	366.278220796795
285	356.799	256.767901649063
285	361.361	279.569390731888
285	365.926	170.898049777143
285	370.495	182.962232729891
285	375.067	291.060389721861
285	379.641	139.427335695888
285	384.219	236.57629050125
285	388.801	277.910456228429
285	393.385	250.581771115582
285	397.972	220.082671368465
285	402.562	217.789235946776
285	407.156	231.244021297516
285	411.752	246.10892172958
285	416.352	283.667987482769
285	420.954	284.931611700697
285	425.56	285.215729297499
285	430.168	294.887126075738
285	434.779	269.655063542069
285	439.393	306.048880506132
285	444.01	302.570005957785
285	448.63	266.378175758893
285	453.253	283.506023872246
285	457.878	285.517533367362
285	462.506	236.179139304192
285	467.137	264.033702127218
285	471.771	216.020462799793
285	476.407	243.546689346598
285	481.047	215.054405793662
285	485.688	243.807784329801
285	490.333	264.996731337748
285	494.979	207.494206772704
285	499.629	192.816987669416
285	504.281	145.462942109873
285	508.936	209.183975338807
285	513.593	149.847742936835
285	518.252	173.990449274366
285	522.914	155.646846582888
285	527.579	165.065470769859
285	532.245	102.725552277894
285	536.915	167.064477125903
285	541.586	108.910046402022
285	546.26	140.614391549687
285	550.936	116.557035962206
285	555.615	122.874853891482
285	560.296	151.007500495964
285	564.979	338.563731399148
285	569.664	697.711240560987
285	574.351	729.628905248762
285	579.04	530.854647682467
285	583.732	170.154513755455
285	588.426	116.771377391256
285	593.121	74.927070362492
285	597.819	85.1827844327385
285	602.519	63.8976863853051
285	607.221	104.898609654809
285	611.924	112.080876891639
285	616.63	107.094581632585
285	621.338	94.9070458751721
285	626.047	78.0960590730399
285	630.758	99.5073116570297
285	635.471	104.451167923986
285	640.186	55.1693534525357
285	644.903	16.3587294312019
285	649.621	42.3731889145865
285	654.341	53.3274807948884
285	659.063	28.4870699775324
285	663.787	46.4001737081796
285	668.512	34.1520350498639
285	673.238	78.1101103494045
285	677.967	38.4495226932131
285	682.696	46.5747499428312
285	687.428	60.5967477282391
285	692.16	4.01987431996407
285	696.895	18.5254585458013
285	701.63	36.5983945781818
285	706.367	30.9673801411675
285	711.106	17.7244796576904
285	715.845	52.9455373189167
285	720.586	11.102017171208
285	725.329	17.4852030274389
285	730.072	45.699160496251
285	734.817	79.878901432724
285	739.563	13.5887472494122
285	744.31	2.86108470767547
285	749.058	25.5961099816492
285	753.808	-61.0007578950967
285	758.558	47.7602086713013
285	763.31	-23.1424541152365
285	768.062	-51.4846513077398
285	772.815	54.5627607089307
285	777.57	-44.5133478115513
285	782.325	-59.7607780844424
285	787.081	58.0810761649984
285	791.838	-30.6005777765258
285	796.596	6.75508617646066
285	801.355	35.0031485087946
285	806.114	-58.2698718145532
285	810.875	-26.2019811545641
285	815.635	16.0517943247145
285	820.397	44.4713405385328
285	825.159	17.5309387295816
280	248.336	60.1793551655376
280	252.814	132.061391021396
280	257.296	85.4666069706602
280	261.781	169.317959382657
280	266.271	182.590713485057
280	270.764	263.111488404955
280	275.26	1113.39184676864
280	279.76	2741.69439642435
280	284.264	88.256117049692
280	288.772	1551.59895421957
280	293.283	1033.04095987945
280	297.797	1284.55876275758
280	302.315	1478.49595254079
280	306.837	1611.11090483402
280	311.362	1695.84380831187
280	315.89	1623.26075397909
280	320.422	1535.19436133037
280	324.958	1285.31472759816
280	329.496	1133.09430255425
280	334.038	953.700398389462
280	338.584	789.866295855715
280	343.133	598.68216500084
280	347.685	529.342183042483
280	352.24	437.879418215501
280	356.799	337.682596949717
280	361.361	348.633079115904
280	365.926	246.234282449615
280	370.495	209.993622080317
280	375.067	341.031534959413
280	379.641	151.043710942625
280	384.219	286.702565181142
280	388.801	316.65776154624
280	393.385	252.789070558642
280	397.972	253.693070803246
280	402.562	269.044390484207
280	407.156	261.075810220572
280	411.752	256.095751879016
280	416.352	260.991795036259
280	420.954	266.532425592733
280	425.56	302.559623529229
280	430.168	286.4201184568
280	434.779	340.240714119051
280	439.393	322.471787922292
280	444.01	354.540718664056
280	448.63	287.336019127901
280	453.253	366.899145688173
280	457.878	340.104071987307
280	462.506	238.280468356576
280	467.137	285.593164073365
280	471.771	301.252669238174
280	476.407	264.974133798081
280	481.047	237.209523854477
280	485.688	284.241249273505
280	490.333	315.414091855661
280	494.979	257.378226179254
280	499.629	234.3105490389
280	504.281	206.890881770706
280	508.936	256.815713467875
280	513.593	161.50707949384
280	518.252	187.364436704842
280	522.914	168.41698181561
280	527.579	132.685689236297
280	532.245	108.003585738081
280	536.915	173.460296915412
280	541.586	144.885646731496
280	546.26	153.46867057786
280	550.936	170.987555297273
280	555.615	395.206238017996
280	560.296	609.20581198185
280	564.979	738.135326902901
280	569.664	415.701797147535
280	574.351	232.503568341524
280	579.04	122.403666613392
280	583.732	141.831335041764
280	588.426	131.903488261437
280	593.121	102.279834189887
280	597.819	106.064529642145
280	602.519	145.261566977007
280	607.221	115.616048127663
280	611.924	130.530816968614
280	616.63	140.727291580369
280	621.338	175.803641791308
280	626.047	101.065357066248
280	630.758	66.742631616123
280	635.471	134.668136277743
280	640.186	94.4945947918883
280	644.903	30.4987818251183
280	649.621	49.1742493132951
280	654.341	45.6753369192224
280	659.063	81.9748477608717
280	663.787	31.3780569802731
280	668.512	36.7760756973045
280	673.238	79.788637012406
280	677.967	49.1670453698599
280	682.696	26.3546680749639
280	687.428	67.4995942231917
280	692.16	15.3191113982055
280	696.895	-13.7161604578828
280	701.63	-3.06469222196142
280	706.367	51.6726601481754
280	711.106	26.9076976233815
280	715.845	-8.73192384230389
280	720.586	15.2837494427286
280	725.329	65.8124355016795
280	730.072	7.41774459282646
280	734.817	42.7959702515672
280	739.563	39.0953057961468
280	744.31	0.804020266498245
280	749.058	13.6373030076818
280	753.808	12.1640476646277
280	758.558	-27.3334603876326
280	763.31	-10.7419901277469
280	768.062	-3.63835821099772
280	772.815	8.18290529852323
280	777.57	46.3331164635007
280	782.325	-51.7029527331719
280	787.081	35.7692266767946
280	791.838	-123.358452601398
280	796.596	-2.94501018179779
280	801.355	40.7222475901253
280	806.114	-24.5726151433146
280	810.875	34.7660107537574
280	815.635	57.6660397758921
280	820.397	53.4395354049891
280	825.159	-27.928441788846
275	248.336	70.0763785416202
275	252.814	75.5146566709724
275	257.296	157.411700198878
275	261.781	165.906418363936
275	266.271	227.700417115621
275	270.764	2107.15318441784
275	275.26	5203.82796386782
275	279.76	5504.2664467799
275	284.264	1457.77792016665
275	288.772	1173.54501458132
275	293.283	1546.52728082007
275	297.797	1651.87078071135
275	302.315	2028.40079488979
275	306.837	2170.72429233528
275	311.362	1981.42556244685
275	315.89	1794.17819017446
275	320.422	1688.83345644571
275	324.958	1569.30934368835
275	329.496	1316.5769762056
275	334.038	1061.76468922842
275	338.584	899.090074496965
275	343.133	705.410593774659
275	347.685	501.493397386431
275	352.24	446.26080952591
275	356.799	378.107169459031
275	361.361	367.794029072153
275	365.926	275.054358517695
275	370.495	227.703664964654
275	375.067	381.870438043925
275	379.641	187.308378978379
275	384.219	229.573255869599
275	388.801	270.020165446043
275	393.385	311.720777748442
275	397.972	254.534026050159
275	402.562	335.513124797813
275	407.156	267.233267358792
275	411.752	311.366097833386
275	416.352	269.423940801352
275	420.954	325.984291189027
275	425.56	279.492593838398
275	430.168	335.493052764871
275	434.779	330.777142932509
275	439.393	379.339948626052
275	444.01	376.581031606446
275	448.63	383.042422848085
275	453.253	360.990451616446
275	457.878	338.523032740565
275	462.506	256.758788860083
275	467.137	330.71550275382
275	471.771	342.357038018802
275	476.407	253.960855806131
275	481.047	252.084608255771
275	485.688	278.510639148652
275	490.333	305.674914610745
275	494.979	265.380245140132
275	499.629	254.955121663164
275	504.281	204.657020428488
275	508.936	244.889089836652
275	513.593	271.247614500058
275	518.252	210.473695456104
275	522.914	207.876040561156
275	527.579	221.664389810252
275	532.245	181.17680095729
275	536.915	216.71804039478
275	541.586	144.784191067154
275	546.26	550.354914523867
275	550.936	932.457190742247
275	555.615	1047.04291578831
275	560.296	607.867471191414
275	564.979	274.842968524288
275	569.664	185.757620032982
275	574.351	153.49587913313
275	579.04	207.411648189154
275	583.732	176.663303243064
275	588.426	188.062881995354
275	593.121	169.426650409662
275	597.819	176.653543846532
275	602.519	177.567931839773
275	607.221	147.17204124912
275	611.924	161.887318349491
275	616.63	172.927711296734
275	621.338	186.500923540053
275	626.047	101.766429517226
275	630.758	84.9872116224554
275	635.471	116.563596733594
275	640.186	89.0216884571699
275	644.903	4.17995558388767
275	649.621	53.6609236989856
275	654.341	28.1491103278483
275	659.063	32.6877250051943
275	663.787	32.2420506866393
275	668.512	68.348369294202
275	673.238	81.0910601370724
275	677.967	43.5662825358346
275	682.696	5.44557086933823
275	687.428	73.2710273522497
275	692.16	25.5289093860179
275	696.895	58.6354073172613
275	701.63	49.8844257147287
275	706.367	23.3647997611628
275	711.106	27.4418014245333
275	715.845	-14.2685510844819
275	720.586	18.2747991862132
275	725.329	59.1028971246884
275	730.072	-3.81849570463343
275	734.817	62.7992393021708
275	739.563	-15.8324028113781
275	744.31	67.1351199316188
275	749.058	51.6971682820869
275	753.808	38.2796428764121
275	758.558	-4.17777522269358
275	763.31	-4.29742905067941
275	768.062	-24.9193948594056
275	772.815	24.924552862892
275	777.57	-41.8939359188561
275	782.325	-89.6568301633584
275	787.081	33.4453764065357
275	791.838	-43.6340270886391
275	796.596	-8.15861171347505
275	801.355	61.7039552045343
275	806.114	-41.4476941029665
275	810.875	25.3198796499444
275	815.635	104.194035690988
275	820.397	80.0076747356372
275	825.159	-72.6055424756352
270	248.336	129.967113414085
270	252.814	57.7993770503437
270	257.296	135.752787923878
270	261.781	125.735538900465
270	266.271	2508.70723491154
270	270.764	8681.75586412553
270	275.26	9504.24651420802
270	279.76	1302.48984727034
270	284.264	1042.15788519146
270	288.772	1393.14804916626
270	293.283	1727.11438634845
270	297.797	1978.81708295802
270	302.315	2086.83173142645
270	306.837	1992.69464928598
270	311.362	1880.89110915926
270	315.89	1704.81095835486
270	320.422	1624.11982225276
270	324.958	1436.23450568427
270	329.496	1183.29269442491
270	334.038	1039.56227629493
270	338.584	787.221533742305
270	343.133	669.197858155018
270	347.685	520.19060563369
270	352.24	463.290227252365
270	356.799	265.892533584918
270	361.361	382.518945445362
270	365.926	182.892532642332
270	370.495	216.006175930349
270	375.067	417.250215219227
270	379.641	117.744775529098
270	384.219	191.481442982632
270	388.801	288.09539450931
270	393.385	253.735856980697
270	397.972	225.394241807133
270	402.562	281.033701899397
270	407.156	260.399277036706
270	411.752	308.889008784429
270	416.352	357.87929019582
270	420.954	315.127690607026
270	425.56	285.686973773302
270	430.168	327.352728791152
270	434.779	405.79188596944
270	439.393	410.431445699804
270	444.01	427.538870330034
270	448.63	363.639873838517
270	453.253	425.427670773942
270	457.878	411.749690141976
270	462.506	308.253873881543
270	467.137	330.715325676275
270	471.771	333.258794355639
270	476.407	340.218853132251
270	481.047	275.850778941852
270	485.688	296.336131446012
270	490.333	346.309256287964
270	494.979	330.286363199786
270	499.629	270.997316517588
270	504.281	225.385476683879
270	508.936	354.89903214224
270	513.593	248.615933363446
270	518.252	209.457265573691
270	522.914	197.60014509515
270	527.579	260.665492277102
270	532.245	259.191992403324
270	536.915	738.108093388576
270	541.586	1099.64274707648
270	546.26	1198.10249400132
270	550.936	573.387831295934
270	555.615	258.675962193089
270	560.296	139.171465483073
270	564.979	215.062147327604
270	569.664	210.618930305051
270	574.351	197.558044432738
270	579.04	150.915438383013
270	583.732	205.087557748261
270	588.426	157.401542675351
270	593.121	216.769307459371
270	597.819	152.560078575157
270	602.519	163.690480752052
270	607.221	186.753049277841
270	611.924	149.299662342599
270	616.63	111.535887664015
270	621.338	139.668504782893
270	626.047	138.144976542701
270	630.758	78.0323552988631
270	635.471	133.86455656941
270	640.186	60.3335017415491
270	644.903	44.2546210943419
270	649.621	17.0475900671063
270	654.341	39.5370349940526
270	659.063	24.6053352687315
270	663.787	53.9092196505071
270	668.512	127.226532695395
270	673.238	76.6740830540792
270	677.967	-3.06387838272686
270	682.696	6.46430490967826
270	687.428	25.941903764513
270	692.16	1.21549686297281
270	696.895	7.78827153085861
270	701.63	58.264432518462
270	706.367	-21.0977449334917
270	711.106	0.0927859779693492
270	715.845	51.1620424255954
270	720.586	41.1131952355899
270	725.329	104.91921912081
270	730.072	2.44550125587743
270	734.817	10.5073690519508
270	739.563	46.0780124856641
270	744.31	-25.1313417567366
270	749.058	57.9404965388765
270	753.808	6.19897675199801
270	758.558	28.8536121760983
270	763.31	-11.4324736505879
270	768.062	-90.1906505094281
270	772.815	25.7887211736683
270	777.57	-19.6857608418541
270	782.325	-50.6510644389543
270	787.081	79.5626080360043
270	791.838	-104.016725988915
270	796.596	-40.3872734265549
270	801.355	26.5427893862544
270	806.114	-48.0334991617377
270	810.875	14.5944023456935
270	815.635	90.4283460382596
270	820.397	47.1289426424352
270	825.159	23.0468405535741
265	248.336	63.1007408625495
265	252.814	198.226243953011
265	257.296	267.333148227912
265	261.781	3081.48404315582
265	266.271	15037.1915480066
265	270.764	9877.7142474712
265	275.26	871.820910447782
265	279.76	677.169672725862
265	284.264	1068.57896165127
265	288.772	1195.88205263445
265	293.283	1661.07375422534
265	297.797	1782.82463031632
265	302.315	1709.95858155881
265	306.837	1666.37089589124
265	311.362	1506.44847412727
265	315.89	1477.5211067824
265	320.422	1421.05581538305
265	324.958	1170.8376181178
265	329.496	1100.43388427668
265	334.038	940.830615670905
265	338.584	682.813185046349
265	343.133	634.285171355129
265	347.685	323.323390558119
265	352.24	374.662020868278
265	356.799	375.764644390073
265	361.361	358.7183732945
265	365.926	162.963369298393
265	370.495	118.261598267836
265	375.067	350.85787253779
265	379.641	92.0722673515473
265	384.219	219.06226419013
265	388.801	416.091741529229
265	393.385	234.038295022383
265	397.972	243.09725513195
265	402.562	296.047641789482
265	407.156	212.37147202612
265	411.752	273.262642787506
265	416.352	356.837129301418
265	420.954	436.973919214354
265	425.56	310.297643455504
265	430.168	436.032984025999
265	434.779	447.151105528155
265	439.393	363.038661043881
265	444.01	443.459354607146
265	448.63	426.796317777028
265	453.253	437.706787770064
265	457.878	399.152897341655
265	462.506	313.21176473862
265	467.137	426.427292905944
265	471.771	379.724814392807
265	476.407	391.117620206532
265	481.047	299.034867028733
265	485.688	335.670560234915
265	490.333	342.207811543359
265	494.979	380.316659076328
265	499.629	252.424409029605
265	504.281	271.781141312785
265	508.936	363.105807540842
265	513.593	245.060273838338
265	518.252	259.595027783749
265	522.914	422.031994808919
265	527.579	882.64290513882
265	532.245	1250.74721497348
265	536.915	1437.04986225756
265	541.586	639.579813262334
265	546.26	308.442620666603
265	550.936	223.339994904067
265	555.615	203.314760918885
265	560.296	136.92740684085
265	564.979	200.868828015159
265	569.664	178.513563479905
265	574.351	225.100938029143
265	579.04	199.075435252879
265	583.732	234.680653865685
265	588.426	208.353204425525
265	593.121	200.38852514634
265	597.819	102.015721791724
265	602.519	117.698246665448
265	607.221	118.597580694911
265	611.924	135.257628087378
265	616.63	85.2136035208807
265	621.338	181.812323934306
265	626.047	77.5460434206136
265	630.758	58.8280882626718
265	635.471	55.7828056520099
265	640.186	61.7041119760263
265	644.903	20.0517114995509
265	649.621	60.9110961570048
265	654.341	-21.7168097704657
265	659.063	9.8922350999129
265	663.787	34.7630876523814
265	668.512	109.897597903395
265	673.238	52.7530745766754
265	677.967	65.8631243529402
265	682.696	55.0436832972642
265	687.428	30.9948915357104
265	692.16	-3.80980423900454
265	696.895	95.252187501807
265	701.63	-7.82983604562801
265	706.367	62.5187989579253
265	711.106	14.8984241580933
265	715.845	-35.3257289564239
265	720.586	66.9325196390344
265	725.329	114.585431680261
265	730.072	36.1939016365019
265	734.817	54.5001255102606
265	739.563	67.8568177390169
265	744.31	19.9103612594573
265	749.058	-106.851694476468
265	753.808	-35.2637895563284
265	758.558	-10.5002992996415
265	763.31	13.824131669141
265	768.062	-69.468306051025
265	772.815	32.4092778902466
265	777.57	-33.0515866910138
265	782.325	-17.5717255634783
265	787.081	215.059163957712
265	791.838	-67.0261338672995
265	796.596	48.5532179578997
265	801.355	72.2599145436691
265	806.114	-122.381748398979
265	810.875	-20.1012331228244
265	815.635	53.3891354268211
265	820.397	148.50518875719
265	825.159	-1.36065296611347
260	248.336	220.344362618798
260	252.814	123.378347931962
260	257.296	4212.55195723037
260	261.781	17310.0522471768
260	266.271	9991.94015575832
260	270.764	746.6577853723
260	275.26	88.2007596806843
260	279.76	564.698132724218
260	284.264	950.149886182349
260	288.772	1161.4058464275
260	293.283	1273.09252405687
260	297.797	1472.01694938699
260	302.315	1319.84939422322
260	306.837	1162.29918332254
260	311.362	1174.61793645028
260	315.89	990.575970012305
260	320.422	1054.43180414901
260	324.958	1020.48484186268
260	329.496	813.25577550401
260	334.038	659.732243472853
260	338.584	474.235991048256
260	343.133	415.524382050453
260	347.685	373.315280786788
260	352.24	320.965647806754
260	356.799	200.958121609136
260	361.361	266.357289684642
260	365.926	191.441872394974
260	370.495	127.891997129807
260	375.067	368.577519435851
260	379.641	178.598041935331
260	384.219	261.165167900374
260	388.801	357.918179188925
260	393.385	345.783751979892
260	397.972	310.715566789786
260	402.562	241.789388018264
260	407.156	232.122473986255
260	411.752	358.910970472007
260	416.352	339.902909275335
260	420.954	405.385978441684
260	425.56	416.205397008713
260	430.168	434.758063720141
260	434.779	555.962878555849
260	439.393	501.248765551753
260	444.01	524.228347103852
260	448.63	473.010587925517
260	453.253	576.202739937572
260	457.878	540.518492446533
260	462.506	376.033149666596
260	467.137	390.522352114684
260	471.771	419.386132006066
260	476.407	378.205158310109
260	481.047	367.586425844952
260	485.688	350.520492141809
260	490.333	330.804465530791
260	494.979	367.443074469957
260	499.629	225.78803402362
260	504.281	285.327109803321
260	508.936	393.087882574653
260	513.593	541.489746719124
260	518.252	1185.29644122439
260	522.914	1616.39447519858
260	527.579	1755.12735519165
260	532.245	787.841252028685
260	536.915	290.890183037512
260	541.586	175.280849288412
260	546.26	191.53869629288
260	550.936	226.153908896341
260	555.615	222.646954854335
260	560.296	158.131433124298
260	564.979	262.091144359803
260	569.664	202.95134987428
260	574.351	191.749565029215
260	579.04	219.948482462653
260	583.732	132.824096912267
260	588.426	252.850432739557
260	593.121	104.103529289229
260	597.819	62.5704133883163
260	602.519	127.450335266902
260	607.221	107.822267626069
260	611.924	122.840969291303
260	616.63	81.8838582180108
260	621.338	176.313118115015
260	626.047	81.8324241337069
260	630.758	-13.0090996953834
260	635.471	100.893857311166
260	640.186	134.760446745869
260	644.903	54.8171528988455
260	649.621	93.1874470939042
260	654.341	22.8986794904306
260	659.063	40.0601759452489
260	663.787	-45.2684693503316
260	668.512	157.209343035255
260	673.238	173.962547177831
260	677.967	-9.51449814115168
260	682.696	48.3391265840582
260	687.428	66.5322421866471
260	692.16	-70.0581812433304
260	696.895	8.2562844688996
260	701.63	13.2940460616635
260	706.367	129.052731384426
260	711.106	57.6392094699441
260	715.845	92.5398692097412
260	720.586	-58.3259134132559
260	725.329	194.761103357133
260	730.072	3.54119738382538
260	734.817	158.535334588575
260	739.563	-60.6046447758812
260	744.31	-88.2807715456454
260	749.058	60.0875342959463
260	753.808	-79.6842958173826
260	758.558	100.075744243502
260	763.31	38.5612804624784
260	768.062	-83.5995585373554
260	772.815	104.907580725748
260	777.57	39.7420639996275
260	782.325	-173.041581261945
260	787.081	120.01528421236
260	791.838	78.5636479488739
260	796.596	-50.3944699142551
260	801.355	94.4713218762597
260	806.114	-81.6651969384309
260	810.875	-67.1477721741528
260	815.635	150.705811265232
260	820.397	125.341381072957
260	825.159	21.7689330858538
255	248.336	86.2156779177747
255	252.814	5408.05188062123
255	257.296	17669.0751950568
255	261.781	8346.64218332732
255	266.271	557.175394111718
255	270.764	261.498346739254
255	275.26	92.130584593554
255	279.76	377.615004027381
255	284.264	715.774028327149
255	288.772	1021.52745205466
255	293.283	899.529053176052
255	297.797	917.075680788599
255	302.315	905.015278960727
255	306.837	912.131831148818
255	311.362	765.54164238671
255	315.89	679.054178109712
255	320.422	761.215972696802
255	324.958	682.224177375408
255	329.496	598.938673114346
255	334.038	456.636264464676
255	338.584	448.001042538614
255	343.133	198.926654835668
255	347.685	325.786375498821
255	352.24	304.652891604058
255	356.799	77.9043215524656
255	361.361	190.355920871428
255	365.926	47.2236015141171
255	370.495	54.6151317497699
255	375.067	359.019896148527
255	379.641	171.773015457303
255	384.219	340.749078784205
255	388.801	274.486275702664
255	393.385	269.488766499484
255	397.972	360.317258989255
255	402.562	469.664044331929
255	407.156	410.917463512718
255	411.752	420.780715012389
255	416.352	458.98472514229
255	420.954	361.812589341631
255	425.56	396.126708114723
255	430.168	503.993260806972
255	434.779	629.362868309396
255	439.393	512.745985896083
255	444.01	548.428560742752
255	448.63	560.515329937702
255	453.253	594.322659327368
255	457.878	514.369144976848
255	462.506	484.955208744728
255	467.137	507.137668017987
255	471.771	362.589100534095
255	476.407	341.696727157913
255	481.047	334.882743383745
255	485.688	249.880161326488
255	490.333	426.870946684222
255	494.979	424.9832906964
255	499.629	339.460012760593
255	504.281	612.354005504014
255	508.936	1426.12048704543
255	513.593	2204.00974514375
255	518.252	1825.62165834615
255	522.914	847.571455920491
255	527.579	353.149249056036
255	532.245	172.335297248769
255	536.915	290.632642441026
255	541.586	161.842431707409
255	546.26	246.836106932396
255	550.936	195.854094539731
255	555.615	247.50753121968
255	560.296	110.445227845898
255	564.979	104.345855998053
255	569.664	106.798118371133
255	574.351	127.498153610473
255	579.04	227.534317335603
255	583.732	238.181374224607
255	588.426	178.188469906928
255	593.121	158.54474865954
255	597.819	50.7181852917558
255	602.519	126.717447953346
255	607.221	9.59861435184064
255	611.924	104.048179360008
255	616.63	112.99153700454
255	621.338	215.94702611382
255	626.047	41.6516582312482
255	630.758	-92.1120438666747
255	635.471	76.7245833300167
255	640.186	78.8943754949502
255	644.903	-100.220501479791
255	649.621	35.2523982843658
255	654.341	-16.8494935093909
255	659.063	34.0063776634303
255	663.787	112.045759657249
255	668.512	6.51776298295719
255	673.238	34.9294469221977
255	677.967	-39.5656846530418
255	682.696	-55.6254078079283
255	687.428	42.5914416979429
255	692.16	-22.4578665693818
255	696.895	2.30823813646093
255	701.63	-22.8320031564812
255	706.367	4.60264307392561
255	711.106	-79.4584828753217
255	715.845	11.7971109974337
255	720.586	-26.0397001693457
255	725.329	55.238270921942
255	730.072	-7.21096570131594
255	734.817	-26.7373096261302
255	739.563	36.8582902868486
255	744.31	14.8799932215005
255	749.058	-22.5916818148825
255	753.808	-43.4791070742776
255	758.558	-54.7813620373161
255	763.31	-69.0595423179227
255	768.062	-26.7768461189423
255	772.815	24.1936132939931
255	777.57	-16.3423550473356
255	782.325	-261.22966637648
255	787.081	114.227459572367
255	791.838	34.2820779211872
255	796.596	-23.2337663669684
255	801.355	92.7939809234883
255	806.114	-117.815737362676
255	810.875	30.076186677443
255	815.635	230.665211653326
255	820.397	62.6731228818234
255	825.159	-60.130037672775
250	248.336	5704.1655422707
250	252.814	19705.1568591341
250	257.296	9265.02859784061
250	261.781	-58.3335756852102
250	266.271	-22.5231277345299
250	270.764	-350.612353396776
250	275.26	-6.53442054688276
250	279.76	403.314469187138
250	284.264	707.108582897702
250	288.772	592.319896061837
250	293.283	456.632222028391
250	297.797	591.824188888555
250	302.315	720.527215647872
250	306.837	432.915202255813
250	311.362	533.672623318095
250	315.89	428.254522937501
250	320.422	376.32748933018
250	324.958	415.716988069632
250	329.496	482.142524808833
250	334.038	254.967675690246
250	338.584	-70.3469344712538
250	343.133	-125.892354825486
250	347.685	88.2734144906929
250	352.24	-27.6353920561924
250	356.799	61.732434784977
250	361.361	119.558026775173
250	365.926	-196.915319261256
250	370.495	167.603475111512
250	375.067	577.785102738105
250	379.641	4.43152719115915
250	384.219	4.38716364332697
250	388.801	244.634865069108
250	393.385	93.8702148977179
250	397.972	334.548018074779
250	402.562	448.731986196942
250	407.156	428.371790411324
250	411.752	411.653935887114
250	416.352	157.758431145368
250	420.954	333.942680509992
250	425.56	469.645250149823
250	430.168	584.944114450152
250	434.779	586.501763892238
250	439.393	591.683113248872
250	444.01	667.999482916407
250	448.63	518.77431938403
250	453.253	659.752413255016
250	457.878	545.101102280584
250	462.506	300.146836919482
250	467.137	586.707886499994
250	471.771	465.932938269716
250	476.407	483.162734577041
250	481.047	291.435199194225
250	485.688	410.110603448251
250	490.333	455.048848104569
250	494.979	870.34097283646
250	499.629	1549.14942455823
250	504.281	2872.96100826898
250	508.936	2814.8306723476
250	513.593	1182.4277236019
250	518.252	373.292122254578
250	522.914	182.798725388606
250	527.579	139.820656210882
250	532.245	67.3982572618228
250	536.915	260.139373741341
250	541.586	77.3588928718856
250	546.26	133.271655228847
250	550.936	101.394646791159
250	555.615	187.529527317645
250	560.296	59.4145775586181
250	564.979	158.126043977845
250	569.664	79.6164771942699
250	574.351	148.921722650735
250	579.04	213.870765301275
250	583.732	116.359564214663
250	588.426	117.011381284601
250	593.121	208.610177498193
250	597.819	271.854683905077
250	602.519	-2.83531421515298
250	607.221	-84.0597656040753
250	611.924	75.8821673651363
250	616.63	131.942752330851
250	621.338	265.828711302827
250	626.047	12.5776759526412
250	630.758	-78.7369325633662
250	635.471	-31.7147276756985
250	640.186	-6.34611109784993
250	644.903	9.6968346059008
250	649.621	-42.3814998800771
250	654.341	-72.991076925308
250	659.063	10.1774037348278
250	663.787	91.5558666210498
250	668.512	170.993424642717
250	673.238	178.83937799936
250	677.967	138.686018881305
250	682.696	-182.190719752827
250	687.428	176.461980705245
250	692.16	70.9692205834597
250	696.895	50.0060696603077
250	701.63	72.1188420129552
250	706.367	211.367322275028
250	711.106	121.549075889765
250	715.845	59.6313564987513
250	720.586	-18.5931974170597
250	725.329	268.438242894487
250	730.072	-56.9687811831635
250	734.817	-7.70681283980461
250	739.563	81.3135714919753
250	744.31	105.65435768468
250	749.058	122.697600920705
250	753.808	-84.5338153023018
250	758.558	184.977728784597
250	763.31	75.6310510222436
250	768.062	-92.9718308849497
250	772.815	97.2124755405484
250	777.57	-150.7848018373
250	782.325	-161.905693038054
250	787.081	238.315869044301
250	791.838	103.360610036347
250	796.596	-160.144701874357
250	801.355	27.7332544261041
250	806.114	98.7613355361817
250	810.875	114.520592990574
250	815.635	272.494160822339
250	820.397	517.344924126085
250	825.159	-106.536730250666
245	248.336	19121.4021099643
245	252.814	7792.78867129193
245	257.296	244.242459022973
245	261.781	-466.742783871074
245	266.271	-328.631789299743
245	270.764	409.489877740372
245	275.26	-688.605847735429
245	279.76	546.662343455229
245	284.264	403.497466360938
245	288.772	956.979219382758
245	293.283	1059.5507822159
245	297.797	1039.82944583885
245	302.315	644.941867542288
245	306.837	-62.2153731772986
245	311.362	417.475417098002
245	315.89	233.847629648699
245	320.422	650.267609280601
245	324.958	366.15361293875
245	329.496	283.495581207721
245	334.038	457.31834797227
245	338.584	-377.395953452165
245	343.133	-294.93023278313
245	347.685	-251.204931550312
245	352.24	-542.587471940361
245	356.799	-319.029963169916
245	361.361	-44.2059007520149
245	365.926	-275.912063344588
245	370.495	-297.672993100308
245	375.067	161.659595070778
245	379.641	-432.951275746662
245	384.219	388.590562759938
245	388.801	445.680223770837
245	393.385	203.716703274965
245	397.972	40.7573949048257
245	402.562	428.292798045083
245	407.156	624.234884333435
245	411.752	430.103494718195
245	416.352	103.617713086395
245	420.954	420.935041293562
245	425.56	586.26163884815
245	430.168	524.551887992359
245	434.779	449.644318393448
245	439.393	6.91123525471949
245	444.01	658.842804845664
245	448.63	690.021536845913
245	453.253	714.663094948682
245	457.878	354.627042667095
245	462.506	457.993135995329
245	467.137	525.347789786914
245	471.771	292.291381860924
245	476.407	405.569590557653
245	481.047	291.001750945314
245	485.688	1006.32391864882
245	490.333	2556.89295439932
245	494.979	3894.92759770812
245	499.629	2235.34311570249
245	504.281	1011.18215903056
245	508.936	858.222831916719
245	513.593	215.112928067004
245	518.252	375.777404203046
245	522.914	-95.1633605262462
245	527.579	102.21567183882
245	532.245	37.5227448933174
245	536.915	572.701828953591
245	541.586	143.176616033847
245	546.26	805.102609094066
245	550.936	465.595745965775
245	555.615	334.980775633124
245	560.296	5.56760360685678
245	564.979	217.043368104203
245	569.664	86.0259133208044
245	574.351	166.843262543659
245	579.04	396.230180336368
245	583.732	130.923477674484
245	588.426	170.147684014409
245	593.121	171.251849302339
245	597.819	-255.024454283151
245	602.519	-212.131781171851
245	607.221	0.0352733440250113
245	611.924	245.226449037488
245	616.63	12.0022732485875
245	621.338	255.451334798056
245	626.047	211.037414533152
245	630.758	-95.2329659356831
245	635.471	-131.290400428603
245	640.186	89.3584161420218
245	644.903	-72.7271030060415
245	649.621	-55.3302109664922
245	654.341	-255.711791331472
245	659.063	68.7315641696839
245	663.787	-254.863207978144
245	668.512	141.729245000593
245	673.238	161.351055092522
245	677.967	-97.661753441344
245	682.696	-519.74216252477
245	687.428	20.3269316805154
245	692.16	-26.5926887412496
245	696.895	40.676978017453
245	701.63	-74.1976425058029
245	706.367	75.3001168240132
245	711.106	-75.9514386913493
245	715.845	-315.025934897149
245	720.586	-34.4087143099336
245	725.329	404.912210352486
245	730.072	72.0275202952301
245	734.817	251.632900345723
245	739.563	487.882034164906
245	744.31	-308.870107455162
245	749.058	-125.914602936837
245	753.808	-279.553625090026
245	758.558	-223.561990426511
245	763.31	-164.986762936859
245	768.062	-921.413217900969
245	772.815	111.065226983653
245	777.57	32.7774515943166
245	782.325	-213.773714769424
245	787.081	321.087209451697
245	791.838	-395.655684621051
245	796.596	335.202277757527
245	801.355	-110.969749484705
245	806.114	-118.889024320333
245	810.875	-36.7993257156923
245	815.635	749.314446397305
245	820.397	378.632313922889
245	825.159	15.0967909629828
240	248.336	5148.44270636923
240	252.814	-1056.49352638648
240	257.296	-911.010425477759
240	261.781	-598.007985202137
240	266.271	1541.64442785891
240	270.764	-66.4286259743158
240	275.26	-300.269586274182
240	279.76	-1035.45845213922
240	284.264	320.635252835146
240	288.772	953.22157585578
240	293.283	621.722425843974
240	297.797	1609.75807616191
240	302.315	-32.8991311491448
240	306.837	-343.153980422426
240	311.362	1.6189329971595
240	315.89	1452.70065900951
240	320.422	1539.58217938573
240	324.958	92.8232754554858
240	329.496	1619.59379597775
240	334.038	-706.752007985598
240	338.584	-12.4418115599783
240	343.133	-612.564436658741
240	347.685	95.5258976518724
240	352.24	-1440.8186706493
240	356.799	-875.513509344434
240	361.361	-919.814848282925
240	365.926	-1263.72400048587
240	370.495	-1387.92858101416
240	375.067	1443.44129414945
240	379.641	-1672.60799163279
240	384.219	-33.6411230813821
240	388.801	435.040852188024
240	393.385	199.107276757522
240	397.972	226.0064815556
240	402.562	1065.65345829059
240	407.156	-274.686679383713
240	411.752	170.197058764259
240	416.352	429.76269612778
240	420.954	813.868422153366
240	425.56	270.834564332847
240	430.168	1159.02066047909
240	434.779	406.345671066536
240	439.393	610.091306794365
240	444.01	713.352901457991
240	448.63	1073.42397227787
240	453.253	1102.74640025379
240	457.878	238.854219264143
240	462.506	-817.310781204136
240	467.137	529.411145604544
240	471.771	398.597314414457
240	476.407	1007.60494938538
240	481.047	2476.36748234578
240	485.688	3552.97803813643
240	490.333	3440.72753797311
240	494.979	1017.52855428887
240	499.629	216.007014910128
240	504.281	52.0510363180271
240	508.936	794.169306443535
240	513.593	214.49388793871
240	518.252	512.455054544413
240	522.914	388.007785915325
240	527.579	551.411660077931
240	532.245	328.157800044409
240	536.915	1061.04926467868
240	541.586	65.6473952893017
240	546.26	546.101032860192
240	550.936	537.249846989354
240	555.615	372.05899158236
240	560.296	-602.645741837635
240	564.979	25.2411426508515
240	569.664	-102.967469122328
240	574.351	356.803210378785
240	579.04	-40.0570299599298
240	583.732	-228.570865202219
240	588.426	754.549798422715
240	593.121	-67.5357479380019
240	597.819	124.695011459711
240	602.519	-1053.7084633709
240	607.221	83.4158119272762
240	611.924	29.1334553078444
240	616.63	254.543278503798
240	621.338	540.858339573769
240	626.047	-903.324532015273
240	630.758	-188.97126208591
240	635.471	248.192199281072
240	640.186	820.993486501836
240	644.903	-1586.20982623681
240	649.621	495.531578299488
240	654.341	-505.65898828014
240	659.063	-1076.19821496767
240	663.787	31.1220501063164
240	668.512	927.639470962618
240	673.238	1280.42589920247
240	677.967	526.811206975247
240	682.696	-404.592324695595
240	687.428	116.378895213108
240	692.16	-96.2308347492565
240	696.895	-523.132458052798
240	701.63	464.373912174728
240	706.367	-100.546968038861
240	711.106	-218.812074467732
240	715.845	393.759390650323
240	720.586	191.775244256528
240	725.329	1305.95488709034
240	730.072	-400.803547218632
240	734.817	1250.85618842946
240	739.563	-446.657242823847
240	744.31	755.103017899413
240	749.058	219.646653969011
240	753.808	483.298033332981
240	758.558	189.10009613346
240	763.31	366.712255033701
240	768.062	-720.804894749436
240	772.815	252.66937205826
240	777.57	217.283044374013
240	782.325	-1511.17307293155
240	787.081	1243.23029315381
240	791.838	-452.916403825024
240	796.596	381.658827179401
240	801.355	381.050570096168
240	806.114	-926.040988001084
240	810.875	291.032383556576
240	815.635	927.346451598169
240	820.397	1109.31264042957
240	825.159	-833.7524299883
