Long Name	Sample - Blank	S1c/R1c
nm	nm	
		Z of Sample - Blank
500	248.336	-4.14121917017411
500	252.814	-9.9468617978138
500	257.296	-41.8956738484934
500	261.781	10.6119654572228
500	266.271	11.4318520284662
500	270.764	-22.9104134493137
500	275.26	39.8886512897157
500	279.76	-23.5856856014312
500	284.264	-18.9938174897574
500	288.772	8.13332412045139
500	293.283	13.0811423730891
500	297.797	25.7613943944968
500	302.315	-32.7441349427646
500	306.837	-4.47586348401889
500	311.362	24.7223480193622
500	315.89	-2.48583058983022
500	320.422	12.8601289070559
500	324.958	-12.246290149451
500	329.496	1.04819866891377
500	334.038	25.0806908728116
500	338.584	-1.06507262186542
500	343.133	35.4214071328914
500	347.685	-0.0159782477821757
500	352.24	-18.5258615531645
500	356.799	-19.2891691216037
500	361.361	4.36627263991503
500	365.926	9.20860487742815
500	370.495	38.6409342882196
500	375.067	5.89608304118581
500	379.641	-2.62594284474132
500	384.219	4.09877168618808
500	388.801	-24.2238658978275
500	393.385	-7.59827861052327
500	397.972	-3.18998710571182
500	402.562	24.6698431397099
500	407.156	-45.8321837650484
500	411.752	12.868770970101
500	416.352	-10.1559723854045
500	420.954	-16.5509835607457
500	425.56	-9.75441732767964
500	430.168	-13.952278790641
500	434.779	-21.4725923551469
500	439.393	-7.90101274547658
500	444.01	-0.373929146605994
500	448.63	-4.60368641755309
500	453.253	7.5612362059044
500	457.878	16.8925603568687
500	462.506	-1.49366430545218
500	467.137	-20.9212375589774
500	471.771	-27.3086832104539
500	476.407	-2.85734972989094
500	481.047	-12.2368669610017
500	485.688	-38.6593250520096
500	490.333	-11.1041495576845
500	494.979	-623.031110324885
500	499.629	-2363.06443648798
500	504.281	-1125.13234318094
500	508.936	-56.3501592873209
500	513.593	-12.0976329429603
500	518.252	3.57393588968046
500	522.914	2.1531772094113
500	527.579	-15.513271146679
500	532.245	9.20377653024597
500	536.915	12.8350424565292
500	541.586	-11.5129673750939
500	546.26	6.18380468627576
500	550.936	-11.6825579458078
500	555.615	-29.2571701826678
500	560.296	-26.4697769242771
500	564.979	-5.92923575833668
500	569.664	3.73738304396342
500	574.351	-1.89261489260566
500	579.04	-44.0947860770134
500	583.732	-5.74182122767135
500	588.426	-15.372012405884
500	593.121	-29.3082717525159
500	597.819	-3.35137153299323
500	602.519	-8.00034114337251
500	607.221	-13.6095043553405
500	611.924	-8.63204104238214
500	616.63	-8.02512251181303
500	621.338	-3.65732290755314
500	626.047	-22.5939757973684
500	630.758	14.9534493055994
500	635.471	-22.1552846637684
500	640.186	-1.25577342475845
500	644.903	17.8146419362747
500	649.621	-29.6580799315596
500	654.341	-23.1289483207182
500	659.063	-32.5864388098555
500	663.787	17.8727142385629
500	668.512	23.86144899013
500	673.238	-10.8319405638116
500	677.967	-20.04322145364
500	682.696	40.1233993323883
500	687.428	16.7126327210864
500	692.16	47.1599359404452
500	696.895	-18.3429092177704
500	701.63	5.19223225294304
500	706.367	-23.5080655807859
500	711.106	21.8160898251028
500	715.845	-25.4877901481274
500	720.586	-21.6239101507515
500	725.329	-18.8885661747119
500	730.072	9.0262867649936
500	734.817	-51.4367080462531
500	739.563	-2.56647394293539
500	744.31	25.2427926299448
500	749.058	20.8182163426008
500	753.808	-11.6615017577477
500	758.558	-10.8145105635031
500	763.31	-1.0837290358464
500	768.062	3.89938869291692
500	772.815	-30.6031643865305
500	777.57	-15.8656301298272
500	782.325	19.0149294613711
500	787.081	-33.1192954297473
500	791.838	-22.4552888738489
500	796.596	-47.5750609976997
500	801.355	28.5716393484538
500	806.114	-7.2434937018652
500	810.875	-20.7762456089771
500	815.635	-2.09906656243217
500	820.397	2.60331770774489
500	825.159	3.60917283768709
495	248.336	-0.933722037307226
495	252.814	2.78756922626008
495	257.296	-35.2510451958364
495	261.781	-0.571499546918709
495	266.271	-14.7831142176049
495	270.764	-4.56195599660643
495	275.26	19.4826397490764
495	279.76	-17.3073467167758
495	284.264	-15.4406212857468
495	288.772	17.530466768073
495	293.283	-22.4036987089009
495	297.797	1.80432046769772
495	302.315	4.88063176848053
495	306.837	31.8397844757445
495	311.362	0.440530113371572
495	315.89	-16.3409413860292
495	320.422	3.52951797343031
495	324.958	13.6887319221178
495	329.496	16.7138761274867
495	334.038	0.948657385217818
495	338.584	-2.3406690285099
495	343.133	23.7462167550231
495	347.685	41.1401792658787
495	352.24	-18.4712480892007
495	356.799	-7.67690717440267
495	361.361	8.70091540734224
495	365.926	-22.2616768380411
495	370.495	-1.92235425528537
495	375.067	51.1948249314786
495	379.641	-4.62061831163828
495	384.219	-3.65829252551495
495	388.801	-5.30238455932068
495	393.385	-0.00751447840779385
495	397.972	-13.0895375111169
495	402.562	-12.5985224973533
495	407.156	-18.7341617627887
495	411.752	23.0359081324692
495	416.352	-4.15694242490677
495	420.954	-28.1322438189936
495	425.56	-2.55009930400876
495	430.168	-7.13298568442649
495	434.779	3.55787916426274
495	439.393	-9.53410709160953
495	444.01	-5.57614957817789
495	448.63	-6.85064523496275
495	453.253	-13.5514060619141
495	457.878	9.07020696121031
495	462.506	-13.299001542536
495	467.137	2.98100323467474
495	471.771	-16.6080133070542
495	476.407	-5.16353940457114
495	481.047	-19.6739414706927
495	485.688	-53.9629118214884
495	490.333	-823.415854038615
495	494.979	-2957.50600176982
495	499.629	-1841.71540128594
495	504.281	-158.763811310341
495	508.936	-7.35633759392221
495	513.593	-5.40268100821849
495	518.252	0.325079366946641
495	522.914	6.64331611048994
495	527.579	-4.08965835294174
495	532.245	-1.89311397160236
495	536.915	-2.86143851830398
495	541.586	-32.8539476982387
495	546.26	12.3301623411995
495	550.936	-14.6906507098962
495	555.615	10.1483791668214
495	560.296	-13.7978418675252
495	564.979	-6.29596387087129
495	569.664	-1.00027989299065
495	574.351	-6.3991971409598
495	579.04	-22.0832406644242
495	583.732	2.76106846687896
495	588.426	-29.5194678941702
495	593.121	-19.5897441584717
495	597.819	3.95879314158029
495	602.519	-21.9735718255812
495	607.221	-12.6937797908011
495	611.924	-2.84273201877907
495	616.63	-18.0340039421392
495	621.338	-4.7258818499164
495	626.047	-22.4101329561
495	630.758	36.0123019698375
495	635.471	-41.8923217557929
495	640.186	3.00177877980384
495	644.903	12.8949786596536
495	649.621	-23.8329575137202
495	654.341	-33.9613945622308
495	659.063	-12.5953542522869
495	663.787	-5.58833261470545
495	668.512	27.3705429795544
495	673.238	6.08768078867024
495	677.967	-0.808239055304922
495	682.696	16.891051368517
495	687.428	19.1007777905901
495	692.16	-8.76890582320162
495	696.895	-31.098316189878
495	701.63	-40.6896734311394
495	706.367	-10.7249403251898
495	711.106	12.5706866435044
495	715.845	-31.1194591329199
495	720.586	-19.3380615281803
495	725.329	-36.9228033005751
495	730.072	-12.0756985069108
495	734.817	-19.8337306565469
495	739.563	0.90221448733555
495	744.31	44.2409036425343
495	749.058	-8.85414842005849
495	753.808	2.85048499656063
495	758.558	-33.8313745810691
495	763.31	-11.3395158184077
495	768.062	-19.9044010640465
495	772.815	-3.49110905481202
495	777.57	-37.0254665194563
495	782.325	-13.3901077525941
495	787.081	-22.7385603935428
495	791.838	-40.1782401434966
495	796.596	-39.8368449188895
495	801.355	28.8127089735948
495	806.114	20.4547600692962
495	810.875	-1.39217628169689
495	815.635	12.0778577102935
495	820.397	-21.3832851916039
495	825.159	24.1499071038229
490	248.336	-10.9288495608008
490	252.814	11.5851753451308
490	257.296	-33.8847113164939
490	261.781	9.60427788129249
490	266.271	5.65865937801966
490	270.764	12.3433091126039
490	275.26	3.02534875706549
490	279.76	-5.3882284130124
490	284.264	-32.1484765110873
490	288.772	14.9819509116641
490	293.283	-5.06465334745888
490	297.797	8.16941638309091
490	302.315	-2.80923048355937
490	306.837	17.6110210264721
490	311.362	16.3819831068192
490	315.89	-21.9618890311261
490	320.422	-6.80101672466991
490	324.958	-15.6861736415249
490	329.496	10.0868912571709
490	334.038	13.9487868696341
490	338.584	-16.4422374947792
490	343.133	-0.848283744491027
490	347.685	16.5022584497101
490	352.24	-21.8500398475173
490	356.799	-30.782921679321
490	361.361	9.16516575325864
490	365.926	-10.511500506555
490	370.495	51.6866589639584
490	375.067	25.1096775780708
490	379.641	12.0826726349242
490	384.219	5.38071514143338
490	388.801	-15.2016460922909
490	393.385	19.1421411986772
490	397.972	36.31418034492
490	402.562	2.13966855962337
490	407.156	-20.4860705821918
490	411.752	5.55488244746984
490	416.352	17.4347594512811
490	420.954	-22.7775512428831
490	425.56	-8.87334866359172
490	430.168	-5.15662781429052
490	434.779	16.4085906805815
490	439.393	-22.6800950575982
490	444.01	-20.2114758724898
490	448.63	-19.8487392089973
490	453.253	-13.4854789064238
490	457.878	10.331893386206
490	462.506	-11.7210734546651
490	467.137	-10.9671309665124
490	471.771	-22.0953907326275
490	476.407	-9.36036397301898
490	481.047	-43.462428133372
490	485.688	-812.023398872979
490	490.333	-2580.39872132718
490	494.979	-911.491370630095
490	499.629	-40.8818476523215
490	504.281	5.86666730840825
490	508.936	-11.01825056841
490	513.593	-2.01177956961282
490	518.252	2.30651610721277
490	522.914	-5.13000899276361
490	527.579	-9.99320351776202
490	532.245	20.2970030688404
490	536.915	6.3497077738024
490	541.586	-15.1474674856394
490	546.26	6.16830850113948
490	550.936	-20.3885734347185
490	555.615	1.48027141639571
490	560.296	-19.3202514338725
490	564.979	11.1055793126831
490	569.664	-16.0084765211692
490	574.351	3.36518934522383
490	579.04	-27.0171485115544
490	583.732	11.8388035277551
490	588.426	-22.8909665722759
490	593.121	0.748120128668234
490	597.819	1.01390633009682
490	602.519	-12.6524705093466
490	607.221	-23.0183152115985
490	611.924	-7.41647982992049
490	616.63	-18.5998131309955
490	621.338	-3.29015482063044
490	626.047	-13.6222994510331
490	630.758	5.37398815037871
490	635.471	-37.8980783107156
490	640.186	6.44391922529142
490	644.903	-11.998288759263
490	649.621	-30.949644597835
490	654.341	-18.7237483001024
490	659.063	-7.4743415379265
490	663.787	28.1767788772354
490	668.512	9.46886969661886
490	673.238	5.13789841090813
490	677.967	-10.695781317718
490	682.696	22.7442647151895
490	687.428	-5.63548455092461
490	692.16	15.8606587180409
490	696.895	-20.9040177664441
490	701.63	-13.419536865136
490	706.367	-13.1907312342649
490	711.106	38.8155169100046
490	715.845	-13.4740042032127
490	720.586	-6.35629952825877
490	725.329	-26.1592933648943
490	730.072	10.9449327784795
490	734.817	-24.0553300620414
490	739.563	-4.5345132893502
490	744.31	23.3450365036863
490	749.058	2.09950679893805
490	753.808	-4.72290938766393
490	758.558	20.5430634466105
490	763.31	-32.991799631947
490	768.062	-16.2019032320063
490	772.815	24.2770146729919
490	777.57	-26.1575976326704
490	782.325	8.38522352780847
490	787.081	-1.90668632675208
490	791.838	2.38885346046747
490	796.596	-22.8875215642088
490	801.355	39.1026414252328
490	806.114	13.4656328816656
490	810.875	-15.5571511976796
490	815.635	26.9004309586108
490	820.397	-28.172008032754
490	825.159	16.396204921815
485	248.336	-3.95304623059894
485	252.814	-9.46509967331381
485	257.296	-17.3287661816315
485	261.781	-0.476680077680852
485	266.271	-22.718900519086
485	270.764	15.9575510325661
485	275.26	11.8404744241733
485	279.76	-11.9692168598616
485	284.264	-13.1373660515688
485	288.772	18.6353868385954
485	293.283	-24.6105486051641
485	297.797	1.91763607544002
485	302.315	1.51309644245938
485	306.837	6.01916455680018
485	311.362	12.0273667728757
485	315.89	0
485	320.422	-21.8097342856334
485	324.958	6.20880950622716
485	329.496	-6.70846169808669
485	334.038	1.5916323747326
485	338.584	13.0837302130293
485	343.133	1.98578279329739
485	347.685	40.9566995093076
485	352.24	-21.3570900810052
485	356.799	-12.6357759886649
485	361.361	11.0821704232253
485	365.926	-11.9418066070055
485	370.495	12.2522866673895
485	375.067	37.4396693203983
485	379.641	10.9686696131646
485	384.219	-19.0656318775846
485	388.801	1.12841894586825
485	393.385	23.0298709892557
485	397.972	10.797869989407
485	402.562	34.1613722189002
485	407.156	-19.2560001559713
485	411.752	-0.655441344155147
485	416.352	0.00213136722637675
485	420.954	5.04209565747234
485	425.56	-6.79722786885704
485	430.168	-12.1278054806987
485	434.779	5.44453599715975
485	439.393	-7.20506467974879
485	444.01	-25.8335384604622
485	448.63	-14.574233203086
485	453.253	-3.16288141970914
485	457.878	-3.40587658968322
485	462.506	-17.2513214285293
485	467.137	-22.8932229917221
485	471.771	-29.6497031641232
485	476.407	-38.5845842293714
485	481.047	-990.120026865499
485	485.688	-2550.35979386976
485	490.333	-746.977148831964
485	494.979	-22.1801436251704
485	499.629	-15.3386683720761
485	504.281	-11.2396193747481
485	508.936	-5.17976697483277
485	513.593	2.44961028203342
485	518.252	-1.88751798770145
485	522.914	-12.08045244156
485	527.579	-21.7475447264441
485	532.245	0.808475735144726
485	536.915	4.06810581277814
485	541.586	-18.3572207787049
485	546.26	0.283105247825969
485	550.936	-6.94525450404703
485	555.615	9.18807889733427
485	560.296	-16.2079440277109
485	564.979	22.289429911545
485	569.664	7.40735184857672
485	574.351	4.05207009795595
485	579.04	-34.618760174965
485	583.732	2.41821522244666
485	588.426	-17.1903751079211
485	593.121	-8.20549952123978
485	597.819	-1.47153080549253
485	602.519	0.00674154226629042
485	607.221	-7.21155915589808
485	611.924	-4.85410934490114
485	616.63	-7.36646568988305
485	621.338	-7.73891368019834
485	626.047	-6.56101352787306
485	630.758	11.6840278485814
485	635.471	-24.8146868742976
485	640.186	-5.09858279617245
485	644.903	4.5165423570856
485	649.621	-21.2513618161909
485	654.341	-31.5435414015725
485	659.063	-11.718167402148
485	663.787	8.15088596417575
485	668.512	19.1608810445059
485	673.238	23.4163680662276
485	677.967	-14.5606455948755
485	682.696	19.2808721168842
485	687.428	9.179151836538
485	692.16	-19.8871894006602
485	696.895	-16.7974478453844
485	701.63	-20.9048363419238
485	706.367	-9.12017095503506
485	711.106	1.84430881897439
485	715.845	-7.8232075785148
485	720.586	-13.0814221697507
485	725.329	-13.2423440541508
485	730.072	2.67137674942252
485	734.817	-33.3575214873375
485	739.563	-41.1125093354503
485	744.31	7.05881767453535
485	749.058	0.789771703213948
485	753.808	-1.60791588842579
485	758.558	3.28471973532827
485	763.31	-10.0615848527435
485	768.062	2.11919173026091
485	772.815	-17.3391576838169
485	777.57	-42.7149599658269
485	782.325	0.442003238932184
485	787.081	-7.64412005615507
485	791.838	-9.43613942847173
485	796.596	-45.3275818242836
485	801.355	7.11156793127316
485	806.114	3.56418486986371
485	810.875	-29.6433765235731
485	815.635	26.4783807315678
485	820.397	-1.18770195154729
485	825.159	12.6474974204539
480	248.336	0.00157495140019792
480	252.814	9.41517324140517
480	257.296	-3.65005327713374
480	261.781	-11.9089966097523
480	266.271	-13.7828011661549
480	270.764	-21.7472429803582
480	275.26	33.163697043639
480	279.76	7.55985677424931
480	284.264	-23.4765448374817
480	288.772	22.5559784944045
480	293.283	3.09249395928427
480	297.797	22.9259803787856
480	302.315	1.30918923566519
480	306.837	27.6444862181181
480	311.362	-2.59789653950085
480	315.89	-0.330088968645915
480	320.422	-2.27311860078867
480	324.958	-21.4679715576758
480	329.496	13.9954758717522
480	334.038	-8.23863825882878
480	338.584	13.0189453666901
480	343.133	-4.44791615110382
480	347.685	17.5377148762141
480	352.24	-11.1511262396894
480	356.799	-4.22494907563502
480	361.361	6.03672289610306
480	365.926	12.4601993648072
480	370.495	-15.1821514422659
480	375.067	-3.51993098887406
480	379.641	-0.686050660548208
480	384.219	6.38772124832333
480	388.801	-30.2374461162249
480	393.385	15.2455360162944
480	397.972	-6.31947001465595
480	402.562	0.58175205354547
480	407.156	-13.2001802985062
480	411.752	6.20972258452509
480	416.352	-0.55573130450478
480	420.954	-11.1643456703188
480	425.56	-6.946995933406
480	430.168	-7.07118933150497
480	434.779	2.09945503607556
480	439.393	-1.54960097671335
480	444.01	-9.74489306045785
480	448.63	-8.55319780071461
480	453.253	-24.8854378928951
480	457.878	-11.0706003629074
480	462.506	-35.4512120895805
480	467.137	-98.513619765438
480	471.771	-177.045377899827
480	476.407	-3406.61862284983
480	481.047	-7277.48762526732
480	485.688	-2390.68748974014
480	490.333	-40.7940977461246
480	494.979	-4.01510879686481
480	499.629	-16.3362151474708
480	504.281	-16.3601954565018
480	508.936	-11.3223882299915
480	513.593	-18.3031274619833
480	518.252	-16.1101548415972
480	522.914	-14.8514193178596
480	527.579	-2.77803326271208
480	532.245	6.74314835067643
480	536.915	-8.19709474139143
480	541.586	-14.6804287608351
480	546.26	-2.85344850610415
480	550.936	-11.2849480958557
480	555.615	1.93069390806315
480	560.296	-18.8385558192908
480	564.979	-5.08186694385306
480	569.664	-15.6312099264256
480	574.351	7.81357172366876
480	579.04	-18.8597551401266
480	583.732	-16.0238112631648
480	588.426	-15.6512014135934
480	593.121	-15.2386621028815
480	597.819	-9.96591205858545
480	602.519	-8.2368753605559
480	607.221	2.08529419514442
480	611.924	-8.92215613221236
480	616.63	-9.27856600390199
480	621.338	-8.82802903603018
480	626.047	-18.3674291610558
480	630.758	5.73532056221196
480	635.471	-4.39912582779124
480	640.186	7.16921163919452
480	644.903	-12.5403474273034
480	649.621	-11.0220246474722
480	654.341	-14.6421669199722
480	659.063	-12.4508553690661
480	663.787	-4.99188811943685
480	668.512	24.2632877466495
480	673.238	0.310761986006391
480	677.967	-5.09732784264056
480	682.696	-1.51331219608194
480	687.428	19.2339658199827
480	692.16	15.3460786715245
480	696.895	-10.1967417456286
480	701.63	-5.92521549797148
480	706.367	0.629091587497235
480	711.106	-0.318052124602067
480	715.845	5.15849914460962
480	720.586	-4.51966494803967
480	725.329	-0.31913271712666
480	730.072	-19.7456693402403
480	734.817	-16.9071556791077
480	739.563	-4.02640693104636
480	744.31	31.1784705629968
480	749.058	-0.68520872567077
480	753.808	-16.0484262712873
480	758.558	-4.9775143122944
480	763.31	-11.2366039796194
480	768.062	2.56528485035206
480	772.815	-21.5747853304942
480	777.57	-19.3986684564882
480	782.325	-12.1221687508139
480	787.081	-5.8346483926556
480	791.838	-14.379577629777
480	796.596	-11.4770719603707
480	801.355	27.3407732687361
480	806.114	12.3094804379458
480	810.875	-22.8881747485318
480	815.635	7.85688191774149
480	820.397	-18.801420346302
480	825.159	-6.48800252985571
475	248.336	-25.9744223060273
475	252.814	-8.24727560775566
475	257.296	-19.2869740091878
475	261.781	-2.26217215433677
475	266.271	-19.1362760282843
475	270.764	13.4035460636421
475	275.26	-4.86499633205217
475	279.76	13.4827592915677
475	284.264	-11.1059182052535
475	288.772	5.57260302178042
475	293.283	-1.88271561024743
475	297.797	12.4761576049795
475	302.315	-16.4271650462356
475	306.837	-8.05407575984431
475	311.362	14.8818312037739
475	315.89	2.66925766391165
475	320.422	-26.7888323512122
475	324.958	-0.617746190684713
475	329.496	8.12825056901594
475	334.038	2.83860102062182
475	338.584	-10.6766680816513
475	343.133	6.2779187450201
475	347.685	10.3859978703913
475	352.24	-23.922996987586
475	356.799	-5.48682032259804
475	361.361	3.90373068029438
475	365.926	-21.8369360724181
475	370.495	-6.79158989524727
475	375.067	18.0474140223298
475	379.641	2.78022088473903
475	384.219	-2.46229393114201
475	388.801	3.2733216098109
475	393.385	2.85520549747541
475	397.972	0.561942970242356
475	402.562	20.1537981137231
475	407.156	-13.6678664975503
475	411.752	2.84106087086678
475	416.352	-14.5026481677077
475	420.954	9.23169847238381
475	425.56	4.16322849738666
475	430.168	-5.75544255563655
475	434.779	-3.580849724236
475	439.393	-10.2118513190477
475	444.01	-2.32646724070173
475	448.63	-8.73398453182532
475	453.253	-30.761128614778
475	457.878	-18.4825031394199
475	462.506	-42.7428844044695
475	467.137	-105.995367082304
475	471.771	-1847.44319664736
475	476.407	-2984.89201341647
475	481.047	-696.546797522036
475	485.688	-42.9439620575648
475	490.333	-15.4659396066049
475	494.979	-7.3893408786242
475	499.629	-16.0470350851692
475	504.281	-9.10869543105869
475	508.936	-11.6606498438227
475	513.593	-8.585079510631
475	518.252	-9.39644998548129
475	522.914	-31.4613993547899
475	527.579	-12.5317490461043
475	532.245	-1.05972597287769
475	536.915	18.2410295059546
475	541.586	-23.4227895179764
475	546.26	-2.39017200949789
475	550.936	-8.78816938959262
475	555.615	15.2374564200589
475	560.296	-17.8369720933267
475	564.979	9.11370664342846
475	569.664	-10.1385680983341
475	574.351	12.6219552765868
475	579.04	-27.6378280027603
475	583.732	-11.5008499963529
475	588.426	-24.9996088095352
475	593.121	-9.29998748252799
475	597.819	-7.25527506461152
475	602.519	-7.06986075925427
475	607.221	-11.1815563180858
475	611.924	-12.2541369184639
475	616.63	-16.5255764950083
475	621.338	-4.15937523440698
475	626.047	-19.0436880258361
475	630.758	7.000055561144
475	635.471	-27.9562000969559
475	640.186	16.4064841709711
475	644.903	1.78849623788518
475	649.621	-18.6326939620004
475	654.341	-14.1861251824127
475	659.063	-9.27718332775084
475	663.787	0.267067582368173
475	668.512	20.0485145293086
475	673.238	-9.25207083065402
475	677.967	-13.725392772889
475	682.696	26.0896809932573
475	687.428	8.9469449123278
475	692.16	-2.52537294952382
475	696.895	-6.50652020290059
475	701.63	-14.2760510284224
475	706.367	-13.5816767893012
475	711.106	13.133454263476
475	715.845	-5.59991254998844
475	720.586	-4.4375859041415
475	725.329	-2.38670128705562
475	730.072	1.81194278806695
475	734.817	-14.2604171112648
475	739.563	2.14881828829101
475	744.31	13.970086626772
475	749.058	-0.94988473988078
475	753.808	5.76063446380314
475	758.558	-16.9261549679159
475	763.31	-9.9584799279277
475	768.062	0.673459419604888
475	772.815	-19.4242942740036
475	777.57	-12.6370060947804
475	782.325	12.8370799588447
475	787.081	-22.7952747403068
475	791.838	-3.90699321967076
475	796.596	-25.0017115638302
475	801.355	28.1630794167391
475	806.114	8.45951403315918
475	810.875	-3.75956560363893
475	815.635	19.7114281831251
475	820.397	-18.4651195981809
475	825.159	8.4452627089835
470	248.336	4.97073447427966
470	252.814	4.53239837359747
470	257.296	-21.6034814932162
470	261.781	3.98690581461456
470	266.271	-4.92116552916213
470	270.764	-15.6483013796827
470	275.26	13.3333824120046
470	279.76	-10.4795953125616
470	284.264	-16.799199459645
470	288.772	10.4232588716846
470	293.283	1.18704200138118
470	297.797	2.07438702978034
470	302.315	7.90528518403911
470	306.837	3.83302167611075
470	311.362	2.02362808670456
470	315.89	5.62348221785025
470	320.422	-10.3653184767529
470	324.958	2.32417990692839
470	329.496	8.04061146766205
470	334.038	7.13907184056494
470	338.584	11.8757542315902
470	343.133	14.2315663602328
470	347.685	11.1962314774756
470	352.24	-2.90280889971236
470	356.799	-18.8004898122235
470	361.361	6.88387177053436
470	365.926	-11.838421266644
470	370.495	-2.44573376448003
470	375.067	14.1406622288288
470	379.641	0.23819943821465
470	384.219	1.86410033543864
470	388.801	-5.18302975330452
470	393.385	21.7725739671627
470	397.972	-2.50643915956111
470	402.562	-2.2086555836663
470	407.156	-10.3481755014546
470	411.752	-5.28144318782379
470	416.352	-5.78110724778065
470	420.954	15.2796807717653
470	425.56	-5.1877731341116
470	430.168	-2.72845632185682
470	434.779	-8.52627974490427
470	439.393	-9.73666765104441
470	444.01	-14.0858033264777
470	448.63	-28.1459552131204
470	453.253	-29.0356917931275
470	457.878	-20.3856459704676
470	462.506	-78.8059510985575
470	467.137	-1508.93253546271
470	471.771	-2496.37146111649
470	476.407	-525.452136843196
470	481.047	-12.9294463173386
470	485.688	-24.430265775267
470	490.333	-1.33708644849923
470	494.979	0.814014901516739
470	499.629	-6.58135610747113
470	504.281	-13.6594704165864
470	508.936	-10.1545753846738
470	513.593	-21.1557851042215
470	518.252	-19.1040868915015
470	522.914	-8.05132455686421
470	527.579	-15.6151122967664
470	532.245	-2.57913661715519
470	536.915	0.807618471447666
470	541.586	-17.9063215264476
470	546.26	1.47485891774481
470	550.936	-11.3593941145945
470	555.615	-5.5819014197445
470	560.296	0.211553406456915
470	564.979	2.75726742686791
470	569.664	61.0285611519514
470	574.351	-8.08891123012313
470	579.04	-21.6581769745983
470	583.732	-4.36231506038597
470	588.426	-12.0970650706969
470	593.121	-14.9733710446524
470	597.819	-15.4144597414796
470	602.519	-1.96779735012228
470	607.221	-11.3543891501748
470	611.924	-8.73374152396245
470	616.63	-11.5933063103356
470	621.338	1.11197041818576
470	626.047	-12.3522886514031
470	630.758	8.88873302704243
470	635.471	-6.8639031970303
470	640.186	0.763112942876197
470	644.903	-4.6385073728221
470	649.621	-23.9018019228968
470	654.341	-10.1456136804591
470	659.063	-11.4354964535668
470	663.787	7.12035060178114
470	668.512	6.76320118443709
470	673.238	1.23208407130981
470	677.967	-2.70226603006372
470	682.696	2.10115180384777
470	687.428	1.48037719171687
470	692.16	12.7627838760973
470	696.895	-4.92577163711272
470	701.63	-3.02581256206987
470	706.367	-5.02231970474851
470	711.106	11.4815526488931
470	715.845	1.56035488043212
470	720.586	-5.82062815590786
470	725.329	-6.12281763654338
470	730.072	14.826623273755
470	734.817	-19.5270928821586
470	739.563	9.06555316396846
470	744.31	6.80969321463103
470	749.058	8.06921651498694
470	753.808	-16.204494463805
470	758.558	-7.13914458700623
470	763.31	15.5705081570516
470	768.062	6.84398159489238
470	772.815	-7.09211425518595
470	777.57	-12.1497085702618
470	782.325	9.45215128564346
470	787.081	-11.5926695154564
470	791.838	-16.4285956713535
470	796.596	-17.8310614439317
470	801.355	6.86660151343444
470	806.114	7.57308081110495
470	810.875	-12.0754705424979
470	815.635	21.3136727744736
470	820.397	-6.62889530279555
470	825.159	25.1019800996238
465	248.336	6.05526958052724
465	252.814	-8.0017942860556
465	257.296	-9.15402903269566
465	261.781	9.29418769628875
465	266.271	-1.26979467444217
465	270.764	4.59889443421392
465	275.26	18.2660392350919
465	279.76	-8.99579170177248
465	284.264	-19.9035367835766
465	288.772	-13.3533551509235
465	293.283	-0.837028595891942
465	297.797	1.01136058874204
465	302.315	-9.96811243004556
465	306.837	3.17731926063514
465	311.362	8.53625437477666
465	315.89	-3.17113765665582
465	320.422	-6.95439232729337
465	324.958	1.02971974563031
465	329.496	-2.49823874348542
465	334.038	2.09884854712433
465	338.584	11.7205981111309
465	343.133	-2.72161173396642
465	347.685	0.631805848981828
465	352.24	1.0737095550631
465	356.799	-6.88997764614742
465	361.361	-6.06696302597467
465	365.926	10.2295427173897
465	370.495	-12.7358077011769
465	375.067	14.4110316148986
465	379.641	5.37640500873771
465	384.219	-4.72590924636526
465	388.801	5.96331735351609
465	393.385	5.13751971414959
465	397.972	-11.5893885054238
465	402.562	6.19342485957337
465	407.156	-0.165302941041324
465	411.752	-12.4268048322378
465	416.352	-0.502087812806085
465	420.954	-7.48008802475876
465	425.56	-2.11429710835498
465	430.168	-4.30880043267955
465	434.779	-11.4656258870485
465	439.393	-14.8628733277387
465	444.01	-23.9494087140221
465	448.63	-28.5953762843433
465	453.253	-24.5942335332863
465	457.878	-61.8636296023198
465	462.506	-1447.75475374719
465	467.137	-1274.54638204135
465	471.771	-556.808947705918
465	476.407	-17.2023907276663
465	481.047	-8.66553663130281
465	485.688	-21.6371988992761
465	490.333	-0.269845623765352
465	494.979	-12.2083760512378
465	499.629	-10.7004998719211
465	504.281	-13.9004291788807
465	508.936	-20.0402193179709
465	513.593	-6.73058580700597
465	518.252	-10.6937511228428
465	522.914	-13.3261124925033
465	527.579	-11.7636375501428
465	532.245	-5.95563622430916
465	536.915	-13.8707717434198
465	541.586	-21.6809887723639
465	546.26	-19.5678379635476
465	550.936	-14.6274539878715
465	555.615	-0.325079783409819
465	560.296	-31.4050116445202
465	564.979	-3.34330835232259
465	569.664	-11.6823676575036
465	574.351	-11.7960215988329
465	579.04	-21.0683121592821
465	583.732	-8.14489693960509
465	588.426	-21.9388370860703
465	593.121	-21.2701297585262
465	597.819	-5.77724990864019
465	602.519	-9.59952376465178
465	607.221	-6.1936184241359
465	611.924	-1.11782290265876
465	616.63	-12.8040293829392
465	621.338	-1.46909719010836
465	626.047	-4.94939872826503
465	630.758	1.33618249155457
465	635.471	-7.72914747628476
465	640.186	-6.05941253891378
465	644.903	-12.4299424437308
465	649.621	-6.90596856113134
465	654.341	-10.6961045942478
465	659.063	-7.60334081834779
465	663.787	5.56422743071568
465	668.512	9.04452758469258
465	673.238	2.01070617608845
465	677.967	-8.97094051982666
465	682.696	3.51725416543181
465	687.428	7.27367882287651
465	692.16	0.563292399438944
465	696.895	-2.45575534243811
465	701.63	-4.18915410281346
465	706.367	-17.1531113675185
465	711.106	8.96365618758803
465	715.845	-1.37485860030954
465	720.586	-0.790874688694859
465	725.329	5.80292253645012
465	730.072	-7.64049908907169
465	734.817	-21.2701541416696
465	739.563	-8.60754839983801
465	744.31	-0.828515900964174
465	749.058	5.6426196243772
465	753.808	1.70546089883049
465	758.558	1.73590154236436
465	763.31	3.54497772336834
465	768.062	6.2573194385908
465	772.815	0.667469799984786
465	777.57	-4.32883928371198
465	782.325	2.08800569863014
465	787.081	-6.41079467007146
465	791.838	-18.524848376111
465	796.596	-19.8328809092257
465	801.355	12.1123583305501
465	806.114	-3.96150579383337
465	810.875	2.72162004727769
465	815.635	13.5744456007193
465	820.397	3.9618696277325
465	825.159	0.00163725254606395
460	248.336	2.33565412003856
460	252.814	1.68105838389718
460	257.296	-8.85980258652342
460	261.781	8.14625163714624
460	266.271	-12.2852967098005
460	270.764	-12.2917039915044
460	275.26	1.39965251918002
460	279.76	-5.16856882989172
460	284.264	-13.9812024524579
460	288.772	0.732268696973282
460	293.283	-15.2508879065014
460	297.797	9.31121121465973
460	302.315	-7.80404029877261
460	306.837	1.1097730496009
460	311.362	3.10975040378352
460	315.89	7.32162803969162
460	320.422	6.0006920259435
460	324.958	-6.87936964543576
460	329.496	7.93357484179563
460	334.038	14.0899666609422
460	338.584	7.72971719416845
460	343.133	-2.33996854175641
460	347.685	-9.3988384301224
460	352.24	2.38465074688724
460	356.799	-5.78036903586622
460	361.361	1.45694328832309
460	365.926	1.94699636806933
460	370.495	-1.93154073780885
460	375.067	4.08899864154268
460	379.641	7.17747912184154
460	384.219	-1.60781575266523
460	388.801	1.33541584035891
460	393.385	2.55175464621541
460	397.972	-7.2024890209219
460	402.562	-4.55066693144227
460	407.156	-7.65198055857827
460	411.752	-2.3163487704804
460	416.352	-9.87951317860744
460	420.954	-2.97562627863029
460	425.56	-2.5521979404412
460	430.168	-12.7087320734324
460	434.779	-13.0283465493663
460	439.393	-25.1921151849547
460	444.01	-34.2093785401796
460	448.63	-33.2302665562229
460	453.253	-133.604349652151
460	457.878	-1801.18615408539
460	462.506	-2451.70765738501
460	467.137	-608.498659593371
460	471.771	-8.31978942681513
460	476.407	-3.41499996948268
460	481.047	-4.37637688564195
460	485.688	-14.1454637226854
460	490.333	-18.5675008504266
460	494.979	-14.3258755592943
460	499.629	-15.876356044327
460	504.281	-22.0602039073954
460	508.936	-16.7829038886448
460	513.593	-18.4502186452093
460	518.252	-22.1920456936163
460	522.914	-15.3946645638929
460	527.579	-23.9645108300379
460	532.245	-11.9070063218234
460	536.915	-7.18868107050599
460	541.586	-23.764583008315
460	546.26	-4.81411567464869
460	550.936	-11.7504236477531
460	555.615	-12.9546333512537
460	560.296	-26.2533938927842
460	564.979	-3.49463150427277
460	569.664	-15.4437898398439
460	574.351	-17.6098786194953
460	579.04	-26.3130385580786
460	583.732	-0.858359891039926
460	588.426	-20.9156202479541
460	593.121	-29.358417514745
460	597.819	-16.0780544475149
460	602.519	-12.6816981880681
460	607.221	-4.08510487334551
460	611.924	-13.2771862286798
460	616.63	-13.4241232145577
460	621.338	-13.7146173728182
460	626.047	-15.5090405441375
460	630.758	0.561007934025471
460	635.471	-14.6659946296118
460	640.186	-6.59333990330576
460	644.903	0.382558065658009
460	649.621	-21.4493627421472
460	654.341	-20.8015549570562
460	659.063	-10.4871950438379
460	663.787	-1.40426132541126
460	668.512	18.6083122442818
460	673.238	0.00216609390871803
460	677.967	-2.02975100741853E-4
460	682.696	2.27886579835662
460	687.428	0.417946138774552
460	692.16	-7.55337230213418
460	696.895	-14.1539645919073
460	701.63	4.04758700137064
460	706.367	0.646279862799514
460	711.106	0.437220472682914
460	715.845	-4.62558469688949
460	720.586	-0.66363659968638
460	725.329	12.300448744217
460	730.072	2.92704851923012
460	734.817	-6.57256911269396
460	739.563	-15.1310268475767
460	744.31	8.57154186858968
460	749.058	4.21240873138076
460	753.808	-10.4975903054869
460	758.558	-6.31740001426693
460	763.31	-7.92923027639768
460	768.062	12.756971424016
460	772.815	-10.9991062903082
460	777.57	-21.1666736093929
460	782.325	-1.55270042282172
460	787.081	-19.1446182393299
460	791.838	-3.45412914988731
460	796.596	-5.41147265483466
460	801.355	11.4471284781256
460	806.114	3.97360207780604
460	810.875	-2.33611680069473
460	815.635	18.6864474970309
460	820.397	-14.4841323706026
460	825.159	0.233455525348016
455	248.336	0.271083769758677
455	252.814	5.20489039780031
455	257.296	-22.4928858230295
455	261.781	14.3395162457237
455	266.271	-12.5968123905267
455	270.764	-13.9409498723728
455	275.26	-1.61585743635415
455	279.76	7.90044156304505
455	284.264	-28.5508511173854
455	288.772	16.1888592684346
455	293.283	4.36316058033959
455	297.797	7.64633490644037
455	302.315	5.18378764216453
455	306.837	2.840871709209
455	311.362	16.5020437022256
455	315.89	6.94884801042019
455	320.422	2.5858516579772
455	324.958	-4.25731589085833
455	329.496	10.2935253221903
455	334.038	6.55669518242847
455	338.584	-2.99655075698158
455	343.133	5.43812301494859
455	347.685	7.91449345009991
455	352.24	-9.94690953284041
455	356.799	-5.5955434252974
455	361.361	-0.558642459845492
455	365.926	6.77918016786352
455	370.495	0.557528768535504
455	375.067	28.4820637593375
455	379.641	16.6670631515478
455	384.219	-12.807634346014
455	388.801	-14.1872553768147
455	393.385	9.63123266697663
455	397.972	-0.231880603008049
455	402.562	15.175780743272
455	407.156	-27.5648559894419
455	411.752	-7.6175848234672
455	416.352	-13.6620243414304
455	420.954	-11.6428659061357
455	425.56	-12.6799026050492
455	430.168	-37.1660806289006
455	434.779	-34.3775676235645
455	439.393	-37.0294938034535
455	444.01	-44.9503099611573
455	448.63	-188.785527621668
455	453.253	-2182.57924935339
455	457.878	-3009.07136845244
455	462.506	-523.223502303393
455	467.137	-35.3628790772986
455	471.771	-2.81378392952462
455	476.407	-3.94733645835056
455	481.047	-8.8381116154899
455	485.688	-15.2746124698052
455	490.333	-20.5970700222336
455	494.979	-13.7764474263892
455	499.629	-27.2647531548966
455	504.281	-21.4590517230309
455	508.936	-23.9693001662867
455	513.593	-10.4202927496591
455	518.252	-24.8297623613541
455	522.914	-20.4389823275741
455	527.579	-22.8120397902214
455	532.245	-5.06915429368601
455	536.915	-12.6230463774586
455	541.586	-26.8069766579385
455	546.26	-4.90441956778778
455	550.936	-27.9488036903255
455	555.615	0.0250838673780009
455	560.296	-32.5893211043223
455	564.979	-12.5637762789067
455	569.664	-6.81285262707954
455	574.351	-12.3828240463714
455	579.04	-15.466456974352
455	583.732	0.00524507885854852
455	588.426	-28.4865085690326
455	593.121	-5.84701738304406
455	597.819	-5.06923702719335
455	602.519	-5.10681043445781
455	607.221	-15.6748503244685
455	611.924	-2.90938611972964
455	616.63	-6.31566583216242
455	621.338	-10.6132111668832
455	626.047	-8.14497888396435
455	630.758	5.20665841507013
455	635.471	-9.16157512340021
455	640.186	-16.3972252437778
455	644.903	-7.07867892332488
455	649.621	-27.8136492332777
455	654.341	-10.0239018632025
455	659.063	-7.35347116788727
455	663.787	-7.21804360284951
455	668.512	12.4501755870964
455	673.238	4.73322275657384
455	677.967	-9.27652597440944
455	682.696	10.5801560404647
455	687.428	-8.96797347548619
455	692.16	-2.92093673238008
455	696.895	-3.91926178209887
455	701.63	-10.6319050955792
455	706.367	2.50305000840071
455	711.106	14.9245256626871
455	715.845	-15.3454734389826
455	720.586	2.81919050224757
455	725.329	-3.3744812783774
455	730.072	3.13739383369356
455	734.817	-29.1988149652591
455	739.563	3.46085676175504
455	744.31	5.91711722959626
455	749.058	-6.25656149974883
455	753.808	8.58695832880547
455	758.558	-18.3311756623101
455	763.31	1.4376548850794
455	768.062	9.58604197922043
455	772.815	4.35166304215682
455	777.57	-5.62347718295508
455	782.325	-8.4106945682213
455	787.081	-12.9571205256357
455	791.838	-8.94887107317579
455	796.596	-5.33502790490244
455	801.355	10.3018118935772
455	806.114	-4.33775941130379
455	810.875	-11.1138059173584
455	815.635	17.3512471927976
455	820.397	-12.7501572722867
455	825.159	-11.1190446069202
450	248.336	3.61638728389715
450	252.814	-4.33341184642333
450	257.296	-19.9955332879336
450	261.781	5.79834452294798
450	266.271	-32.8009870124381
450	270.764	7.37625754879842
450	275.26	-5.77786792934051
450	279.76	-0.700864945676943
450	284.264	-21.0431884648649
450	288.772	17.3692419070016
450	293.283	5.75180423258333
450	297.797	-9.95909830355014
450	302.315	-4.03150899303809
450	306.837	-2.58207515136782
450	311.362	-22.0617483750031
450	315.89	-6.00993592385626
450	320.422	12.6127227433917
450	324.958	-16.2695646011628
450	329.496	-11.4358532803636
450	334.038	16.0515510043792
450	338.584	-9.96851510890984
450	343.133	16.6033071889316
450	347.685	-3.94158759941101
450	352.24	-24.2819078995232
450	356.799	-16.7813988309819
450	361.361	0.939409793830071
450	365.926	11.612112085625
450	370.495	-11.8279370242825
450	375.067	5.89243763719603
450	379.641	-1.19349015759459
450	384.219	-5.33990557512668
450	388.801	-7.16811946871277
450	393.385	24.1431712478592
450	397.972	3.44723463912932
450	402.562	-2.55559239512951
450	407.156	-6.33201612879791
450	411.752	-9.71545840602604
450	416.352	-8.83438918013725
450	420.954	-15.398797816842
450	425.56	-35.3719620513253
450	430.168	-46.4884841653298
450	434.779	-43.3813277596375
450	439.393	-54.3206614780346
450	444.01	-298.468765956738
450	448.63	-2890.38850318337
450	453.253	-3226.38345091309
450	457.878	-429.053647038206
450	462.506	-10.8311503284359
450	467.137	-13.0142608635126
450	471.771	-22.4227469610262
450	476.407	-6.53582869112194
450	481.047	-13.4187055268552
450	485.688	-26.032981240307
450	490.333	-19.763150842926
450	494.979	-20.1783278858269
450	499.629	-29.6960273600305
450	504.281	-23.2382618331911
450	508.936	-35.4038517330751
450	513.593	-22.1559858336534
450	518.252	-23.6944777517222
450	522.914	-18.2570796061464
450	527.579	-4.58257686141792
450	532.245	-10.5752845270754
450	536.915	-6.94452126044456
450	541.586	-24.7259035811714
450	546.26	-16.4235558837436
450	550.936	-19.2895996634567
450	555.615	-9.13060203276342
450	560.296	-27.0676329310993
450	564.979	-3.44387182934638
450	569.664	-12.3510015340546
450	574.351	-12.0205966499912
450	579.04	-26.0117051113391
450	583.732	-16.4176895768837
450	588.426	-28.7655199956208
450	593.121	-18.5998705314983
450	597.819	-17.5870031123385
450	602.519	-5.22688325879624
450	607.221	-26.8254874305579
450	611.924	-13.4257740825031
450	616.63	-15.2182147087504
450	621.338	-5.19141947040234
450	626.047	-17.6219543123435
450	630.758	-2.56253971448572E-4
450	635.471	-13.8275419440671
450	640.186	-6.07644163510359
450	644.903	-13.7666478611683
450	649.621	-20.4430788443672
450	654.341	-33.414229722045
450	659.063	2.54950556466713
450	663.787	1.55305890052044
450	668.512	5.9977670098592
450	673.238	-18.115724482903
450	677.967	-23.0028567879297
450	682.696	8.82355705158071
450	687.428	13.4578740685765
450	692.16	-1.62456757250777
450	696.895	-16.6252479729957
450	701.63	-14.288055526818
450	706.367	-4.7257303570287
450	711.106	-1.68586997325735
450	715.845	-1.70780154295554
450	720.586	2.27830177647028
450	725.329	-2.02306211368257
450	730.072	4.06009444786861
450	734.817	-8.4782527034218
450	739.563	-2.65855072428638
450	744.31	22.7154935054633
450	749.058	-2.11253032695976
450	753.808	-1.84946501880821
450	758.558	-16.6061954502434
450	763.31	11.1877431844505
450	768.062	-6.45391822186644
450	772.815	-13.2148521471187
450	777.57	-20.7261186622466
450	782.325	-0.670777328372028
450	787.081	-13.0316617487861
450	791.838	-17.8114721032512
450	796.596	-29.671474655243
450	801.355	11.1503225151455
450	806.114	8.43260550377666
450	810.875	-23.2026300417716
450	815.635	24.7096095567346
450	820.397	-16.2716576998092
450	825.159	3.01224819691845
445	248.336	13.9416063667607
445	252.814	9.84730083135803
445	257.296	-28.8057516747207
445	261.781	6.44790922784019
445	266.271	-17.0508602579675
445	270.764	18.3733809359161
445	275.26	12.846407187287
445	279.76	23.7308315590526
445	284.264	-51.5103801798129
445	288.772	21.3519167597504
445	293.283	12.9263032432615
445	297.797	16.6855780579834
445	302.315	5.4598833155225
445	306.837	-7.82692761270141
445	311.362	-0.679704731911309
445	315.89	-13.581170384348
445	320.422	-6.8014918927331
445	324.958	-5.26372786261133
445	329.496	-20.7072272574337
445	334.038	11.4978566995472
445	338.584	11.1127372480843
445	343.133	10.0279160737473
445	347.685	9.35010331494398
445	352.24	-11.3019837221076
445	356.799	-35.3896100513869
445	361.361	5.56803149613764
445	365.926	-5.95757703603573
445	370.495	-20.6818307607792
445	375.067	17.6660275829192
445	379.641	-24.4634612519972
445	384.219	-4.92593739252629
445	388.801	-6.12209532816439
445	393.385	24.7342666721075
445	397.972	-0.630275393164276
445	402.562	-3.33179951219402
445	407.156	-1.20184768018235
445	411.752	-4.72721192940993
445	416.352	-17.1556624296177
445	420.954	-40.7387850499473
445	425.56	-68.1946759406933
445	430.168	-64.980507106084
445	434.779	-64.8217574664172
445	439.393	-572.448374548203
445	444.01	-3952.74769453341
445	448.63	-3806.69592460635
445	453.253	-564.586142013184
445	457.878	-16.7802576239029
445	462.506	-15.1038795988985
445	467.137	-21.9876427591894
445	471.771	-27.338161411563
445	476.407	-10.9864497306222
445	481.047	-22.1203888599879
445	485.688	-36.1000923543235
445	490.333	-32.4109645817575
445	494.979	-32.4007956545726
445	499.629	-28.5232480434021
445	504.281	-31.2836987068637
445	508.936	-17.7849933389632
445	513.593	-47.8870115415209
445	518.252	-16.3735256840581
445	522.914	-28.1835981408339
445	527.579	-3.64835118572512
445	532.245	-2.92009587508466
445	536.915	-13.4816462182711
445	541.586	-31.9770400632156
445	546.26	-11.2267907398
445	550.936	-28.1515163517848
445	555.615	-4.02766118117515
445	560.296	-37.9203032566735
445	564.979	-19.642452846722
445	569.664	-12.8481429110476
445	574.351	-21.510468564532
445	579.04	-25.1034914563196
445	583.732	-7.10556067382663
445	588.426	-33.330148358531
445	593.121	-9.57063533090868
445	597.819	1.60473110461313
445	602.519	-23.4515320531613
445	607.221	-22.3031221112929
445	611.924	-9.88576343363198
445	616.63	-9.99607895604771
445	621.338	-16.2308670156785
445	626.047	-35.5995192654209
445	630.758	4.85458940662886
445	635.471	-11.7983029105519
445	640.186	13.8382221964149
445	644.903	-1.50455015509365E-4
445	649.621	-20.9962202458158
445	654.341	-6.90729437703339
445	659.063	-16.6563051393314
445	663.787	17.8138183818133
445	668.512	26.307155864634
445	673.238	-5.91605701348808
445	677.967	-5.64571489538763
445	682.696	1.90291867664769
445	687.428	-4.79034409719733
445	692.16	17.017692504752
445	696.895	-7.11198846068853
445	701.63	3.91202612043667
445	706.367	10.8866863383959
445	711.106	4.66733191642012
445	715.845	-6.07046900707799
445	720.586	-4.73311033034633
445	725.329	-0.684492540852858
445	730.072	-11.7079663280657
445	734.817	-11.7908907125593
445	739.563	-8.41951120713549
445	744.31	18.4372742282652
445	749.058	-15.4019041875749
445	753.808	2.55552472493463
445	758.558	17.0993116351485
445	763.31	4.17080296448742
445	768.062	-32.1478989290827
445	772.815	-11.0915208539696
445	777.57	-25.7575631769344
445	782.325	1.58510188927011
445	787.081	-15.4627149742754
445	791.838	-19.1059895142662
445	796.596	-32.3000914536818
445	801.355	12.8690735821292
445	806.114	7.14937009984998
445	810.875	-13.2267853545602
445	815.635	20.7335844053878
445	820.397	-5.00468982358143
445	825.159	1.4298428686215
440	248.336	-6.74413622188725
440	252.814	-0.907109451438648
440	257.296	-26.1898883361745
440	261.781	18.482227099173
440	266.271	-14.6694650715756
440	270.764	23.3882779557549
440	275.26	28.7247812000756
440	279.76	8.29451216608741
440	284.264	-18.6920036681603
440	288.772	9.0359995566656
440	293.283	-3.7763268443748
440	297.797	20.0415065879982
440	302.315	-24.3373787882644
440	306.837	7.13452887531519
440	311.362	3.91769475139571
440	315.89	-0.00192848497288711
440	320.422	-24.6040969883979
440	324.958	-5.52022930559022
440	329.496	-8.97987788007511
440	334.038	-3.78007637218786
440	338.584	1.5122859468108
440	343.133	25.159999106405
440	347.685	8.29383910159245
440	352.24	-16.4469865404207
440	356.799	-9.65576280424645
440	361.361	7.7857575774457
440	365.926	-13.6641097884204
440	370.495	6.19945605262599
440	375.067	22.760587610594
440	379.641	-7.05289779914307
440	384.219	16.5902795783204
440	388.801	-8.91475504532425
440	393.385	13.6364955081496
440	397.972	7.90587939826115
440	402.562	-2.56365726784134
440	407.156	-20.843175793629
440	411.752	-25.1683859363701
440	416.352	-64.7288120862603
440	420.954	-64.62349088874
440	425.56	-80.9810977058703
440	430.168	-76.0287870865676
440	434.779	-762.614214651367
440	439.393	-4451.16521930613
440	444.01	-3467.01750697306
440	448.63	-316.822730061279
440	453.253	-36.9727448081642
440	457.878	5.09484059176994
440	462.506	-40.5571308328723
440	467.137	-29.7075184608417
440	471.771	-19.4888829621339
440	476.407	-7.62647469353642
440	481.047	-33.1194860654131
440	485.688	-36.0451354091532
440	490.333	-24.0733542232775
440	494.979	-20.9312458543105
440	499.629	-41.8859582028113
440	504.281	-11.7491396998732
440	508.936	-44.1144267454733
440	513.593	-19.5271799388898
440	518.252	-31.8701454147592
440	522.914	-25.2858526287683
440	527.579	-42.4480645941778
440	532.245	-16.1048709581774
440	536.915	-19.0345697410168
440	541.586	-29.6429261392402
440	546.26	-23.2947067999059
440	550.936	-25.0499754807341
440	555.615	-13.4680693237671
440	560.296	-52.2192399647971
440	564.979	-13.9170432277169
440	569.664	-15.6309647343427
440	574.351	-28.8032614000517
440	579.04	-48.5309622856393
440	583.732	-14.9004673359817
440	588.426	-15.5345592652832
440	593.121	-11.1557316889263
440	597.819	-3.65329103149042
440	602.519	-28.8327729150496
440	607.221	-18.2532035866762
440	611.924	-3.177576510212
440	616.63	-23.0083118100989
440	621.338	-2.64031408146856
440	626.047	-19.2538846998795
440	630.758	-2.39552997116268
440	635.471	-10.2597969052998
440	640.186	-30.5294396183674
440	644.903	-0.610218885869059
440	649.621	-13.9597874208734
440	654.341	-44.3954102347378
440	659.063	-11.434117188553
440	663.787	3.86070931087578
440	668.512	23.3596452943573
440	673.238	-10.1334478741845
440	677.967	-14.8069211435679
440	682.696	14.6300574911789
440	687.428	1.66482695143712
440	692.16	-0.33701332645329
440	696.895	-15.2544248931781
440	701.63	-28.3628819707873
440	706.367	-24.5562707320759
440	711.106	19.215114324923
440	715.845	-17.6851731699635
440	720.586	-23.748384644873
440	725.329	12.5503387533163
440	730.072	9.74181514586707
440	734.817	-14.5463112572163
440	739.563	-26.4756110764752
440	744.31	27.5047643400482
440	749.058	9.77039244234698
440	753.808	-21.4353565477006
440	758.558	-13.6398878394614
440	763.31	-17.4882441504408
440	768.062	-8.43091099906415
440	772.815	8.03279255222984
440	777.57	-14.7346413131147
440	782.325	-10.3847389321327
440	787.081	-10.2469055417169
440	791.838	1.28299260362174
440	796.596	-13.8917086964476
440	801.355	17.9887141413265
440	806.114	-9.75303576655484
440	810.875	-7.87758583861615
440	815.635	28.1128950929182
440	820.397	-0.376946362317539
440	825.159	-1.50517491949387
435	248.336	10.9673782378962
435	252.814	0.434585029974176
435	257.296	-40.7275287805383
435	261.781	11.4322811470024
435	266.271	-42.9267827127293
435	270.764	10.290454880842
435	275.26	27.5931164975404
435	279.76	15.7539458371304
435	284.264	-5.67467262666377
435	288.772	-1.91461935488196
435	293.283	-15.4231972576304
435	297.797	7.46635501204349
435	302.315	-18.1500875019767
435	306.837	19.4919966024068
435	311.362	-10.0813210759894
435	315.89	-5.20840687048655
435	320.422	-27.4778168628432
435	324.958	-13.9966526220222
435	329.496	12.7815679153783
435	334.038	16.9025979123979
435	338.584	11.0012108288759
435	343.133	15.383564642748
435	347.685	9.19392208512554
435	352.24	-6.34129491862323
435	356.799	-4.52791504480853
435	361.361	-4.17961941589725
435	365.926	-13.7096776460227
435	370.495	5.28905833984159
435	375.067	19.1958161519756
435	379.641	-13.050995078298
435	384.219	-20.5116059705923
435	388.801	-16.0021728806464
435	393.385	-12.3193878917774
435	397.972	-2.26558186550493
435	402.562	-21.391940624926
435	407.156	-43.9581096666554
435	411.752	-56.8301396947689
435	416.352	-72.8838388929513
435	420.954	-46.9405110397926
435	425.56	-82.6450021537436
435	430.168	-789.485497891606
435	434.779	-4184.13957734995
435	439.393	-2997.93706273067
435	444.01	-272.526839343273
435	448.63	-29.6813822131021
435	453.253	-28.2682223564633
435	457.878	-5.55419124032775
435	462.506	-28.5437018878369
435	467.137	-14.7416987508045
435	471.771	-23.3479853637031
435	476.407	-28.6078473162121
435	481.047	-40.4252908856088
435	485.688	-47.6227505682147
435	490.333	-29.3297137935669
435	494.979	-31.8689949030287
435	499.629	-38.5705094908083
435	504.281	-33.8100376150269
435	508.936	-50.099174574557
435	513.593	-25.4638026800463
435	518.252	-32.5537917591058
435	522.914	-47.9775081799456
435	527.579	-37.0271018423888
435	532.245	-17.6547009940162
435	536.915	-14.5426862707981
435	541.586	-45.6401819504747
435	546.26	-26.7943621090902
435	550.936	-31.8803441251085
435	555.615	4.11461014141627
435	560.296	-40.3376255044845
435	564.979	-21.9168712947235
435	569.664	-29.9615612885188
435	574.351	-23.0622422509667
435	579.04	-13.6417510817462
435	583.732	-6.73037715758892
435	588.426	-19.4798231828222
435	593.121	-10.6055505445852
435	597.819	-18.054501545795
435	602.519	-18.4724290111896
435	607.221	-2.78342565742076
435	611.924	-4.21345853208951
435	616.63	-13.9165804104419
435	621.338	-22.6107114104348
435	626.047	-6.64656239703561
435	630.758	-2.33923626202962
435	635.471	-24.42873312438
435	640.186	9.43496926609266
435	644.903	5.6642913700937
435	649.621	-21.777051914165
435	654.341	-5.52977110080777
435	659.063	-33.1415703908258
435	663.787	-9.11196347239837
435	668.512	-4.43336828920062
435	673.238	-2.86733870382896
435	677.967	-13.7954488206824
435	682.696	9.7310264620931
435	687.428	2.28606691362561
435	692.16	-1.96950112629344
435	696.895	-5.61994643778988
435	701.63	-15.3372628126171
435	706.367	-14.8441810129956
435	711.106	-2.7300818172369
435	715.845	-13.7989331101686
435	720.586	-3.80455839121523
435	725.329	-5.60059266781464
435	730.072	2.46499306846664
435	734.817	-18.4432633607657
435	739.563	-6.09971051611482
435	744.31	29.7362400501458
435	749.058	2.93013939046521
435	753.808	-0.00215792910004176
435	758.558	-6.84308964018152
435	763.31	-12.0227875782248
435	768.062	-12.5257014374849
435	772.815	-7.82237379543428
435	777.57	-17.5641773365225
435	782.325	3.6484114231661
435	787.081	-40.787296049189
435	791.838	-36.1684528301901
435	796.596	-33.8818762601317
435	801.355	1.46277604144291
435	806.114	10.9641747244803
435	810.875	-5.1200228644198
435	815.635	9.87113116509797
435	820.397	-10.9678553569156
435	825.159	30.71134456459
430	248.336	-2.12982387778939
430	252.814	-21.2362613908407
430	257.296	-18.4968098465918
430	261.781	14.0728626084705
430	266.271	1.2997254178278
430	270.764	-18.6612338935807
430	275.26	25.9131523065007
430	279.76	0.411213809766299
430	284.264	-25.9444707124556
430	288.772	3.34231734685784
430	293.283	-13.5356714417298
430	297.797	22.7574158789966
430	302.315	-22.6798475322419
430	306.837	-6.41535832552469
430	311.362	-8.42914699815279
430	315.89	-4.04412613436765
430	320.422	-2.36163647283989
430	324.958	14.9706749853401
430	329.496	7.79415985950651
430	334.038	3.9259489000672
430	338.584	2.84322801317305
430	343.133	22.0315336516744
430	347.685	10.3473417248746
430	352.24	-18.4418570397965
430	356.799	-25.9661055518785
430	361.361	4.78878237343722
430	365.926	16.6261385711747
430	370.495	-7.69562918013364
430	375.067	8.03542297869491
430	379.641	4.92256934726232
430	384.219	-11.8666759243113
430	388.801	-11.1306868687638
430	393.385	23.5818274675515
430	397.972	-23.0998933046471
430	402.562	-31.211161497363
430	407.156	-99.1885415854768
430	411.752	-86.1235867174404
430	416.352	-75.8206873255735
430	420.954	-46.2908407128243
430	425.56	-1191.27551417689
430	430.168	-5102.01387590922
430	434.779	-3003.23876567279
430	439.393	-204.581943131226
430	444.01	-29.0223104436783
430	448.63	-30.3290212252448
430	453.253	-22.7440997760123
430	457.878	-8.95062624816434
430	462.506	-36.8132744241158
430	467.137	-45.8695595319403
430	471.771	-49.7537716027966
430	476.407	-41.1090397735551
430	481.047	-26.1256862603829
430	485.688	-50.6245462760177
430	490.333	-42.0364595485277
430	494.979	-41.5070578399014
430	499.629	-31.1717700996866
430	504.281	-50.8555423734164
430	508.936	-52.5659374964028
430	513.593	-39.6511007157343
430	518.252	-37.5577634327747
430	522.914	-58.7947574621345
430	527.579	-51.3188238766629
430	532.245	-38.0939649126392
430	536.915	-30.6321568073317
430	541.586	-42.7845017984321
430	546.26	-29.9433001366443
430	550.936	-32.1638726050757
430	555.615	-19.9737953245888
430	560.296	-42.1328753893291
430	564.979	-16.9516946767185
430	569.664	-22.9393104841074
430	574.351	-24.4232228437428
430	579.04	-31.6473628348594
430	583.732	-19.0594843496594
430	588.426	-10.2334535957821
430	593.121	-10.5481175375699
430	597.819	-19.3690068259345
430	602.519	-8.55381222023056
430	607.221	-4.85472956260192
430	611.924	0.819528432214875
430	616.63	-21.2079141353719
430	621.338	-2.49807968532991
430	626.047	-10.0903713250888
430	630.758	-9.6294685878299
430	635.471	-17.1270331375134
430	640.186	-16.015401757361
430	644.903	-1.44404782546231
430	649.621	-20.5346662365063
430	654.341	-38.1343129686072
430	659.063	-15.9215032926978
430	663.787	4.57010690598949
430	668.512	12.5897900177553
430	673.238	-11.4250881780891
430	677.967	-23.3361792764012
430	682.696	6.91961171436644
430	687.428	-6.65302433997706
430	692.16	5.73376316953028
430	696.895	-18.5997194909927
430	701.63	-12.2888257392124
430	706.367	-11.4550320681055
430	711.106	23.1545998825678
430	715.845	-20.408282897114
430	720.586	-0.334730700639371
430	725.329	-19.6897996509973
430	730.072	-2.04787255250165
430	734.817	-30.964251860595
430	739.563	-6.61328381402478
430	744.31	2.11263677539772
430	749.058	-7.10669387912938
430	753.808	-20.6464556895769
430	758.558	16.9660064017818
430	763.31	-1.12853580868952
430	768.062	14.048854876273
430	772.815	9.04647957035709E-5
430	777.57	-22.4526880396557
430	782.325	-4.71691572101021
430	787.081	-23.8149306073831
430	791.838	-35.8941631174036
430	796.596	-25.8825912121084
430	801.355	10.287750869667
430	806.114	14.1865374262903
430	810.875	-10.991547949444
430	815.635	13.828889256057
430	820.397	-13.4769907161685
430	825.159	14.8957459228624
425	248.336	-17.1982432184129
425	252.814	23.1281361216736
425	257.296	-12.0687556264603
425	261.781	-16.0350643445086
425	266.271	-8.58822653486319
425	270.764	1.28860453766262
425	275.26	12.1926296173418
425	279.76	-21.6647371910721
425	284.264	-32.6797852427146
425	288.772	7.72007537806589
425	293.283	-4.93740792136604
425	297.797	-8.19638783499421
425	302.315	8.37975655043935
425	306.837	7.0139250723637
425	311.362	-4.33617799187287
425	315.89	1.66406870773137
425	320.422	-8.01368991026978
425	324.958	-14.126072108607
425	329.496	-7.71317462485523
425	334.038	9.17429547693783
425	338.584	0.351475454679152
425	343.133	5.63088338022876
425	347.685	7.76710931632906
425	352.24	-8.22903411286277
425	356.799	-34.3833185569559
425	361.361	6.93224114466454
425	365.926	4.39367349727511
425	370.495	2.90464534570747
425	375.067	18.4336876572251
425	379.641	9.7507960020691
425	384.219	-5.17256676581122
425	388.801	-11.3346187305264
425	393.385	-9.86591865747711
425	397.972	-52.8360620533383
425	402.562	-64.4713477703965
425	407.156	-96.3827216959049
425	411.752	-69.8432771393015
425	416.352	-68.9985469394054
425	420.954	-1359.31916788274
425	425.56	-4806.01098956874
425	430.168	-2447.22659926891
425	434.779	-114.671044464668
425	439.393	-19.4431968935044
425	444.01	-31.3651024569688
425	448.63	-23.8019331301251
425	453.253	-32.7463790448398
425	457.878	-21.5274780424494
425	462.506	-43.2218656016111
425	467.137	-36.9583556579891
425	471.771	-50.2257581122275
425	476.407	-48.7743887052913
425	481.047	-49.5259947146931
425	485.688	-50.8193143475835
425	490.333	-25.8775309651122
425	494.979	-46.5801896862103
425	499.629	-42.4140018775454
425	504.281	-54.4691123693444
425	508.936	-59.1293316868957
425	513.593	-47.2444991769156
425	518.252	-58.7740245729648
425	522.914	-57.9534246303176
425	527.579	-50.3160109727101
425	532.245	-36.9851345304252
425	536.915	-19.4892542219516
425	541.586	-51.3467086737799
425	546.26	-31.839293831239
425	550.936	-41.7031786294599
425	555.615	-25.2078541475481
425	560.296	-45.9204212583899
425	564.979	-36.3150237382183
425	569.664	-21.1873068896001
425	574.351	-15.7752912216737
425	579.04	-24.3891439931548
425	583.732	-11.6282912401686
425	588.426	-36.87969145111
425	593.121	-27.146541309053
425	597.819	-12.6022950319037
425	602.519	-19.5838461697817
425	607.221	-8.00618242739832
425	611.924	-10.5130744497456
425	616.63	-20.989838663757
425	621.338	-15.9369256407003
425	626.047	-11.3748527032043
425	630.758	-4.20275510607326
425	635.471	-18.9301048975507
425	640.186	3.40093574298897
425	644.903	8.01865277220497
425	649.621	-5.80384551878325
425	654.341	-18.5791255186495
425	659.063	-23.4899943908492
425	663.787	-8.44168672194973
425	668.512	2.43286092474775
425	673.238	-19.8650724932594
425	677.967	-13.857299206854
425	682.696	0.313521409532942
425	687.428	5.3321550593874
425	692.16	-20.4954544865335
425	696.895	-1.26835376321618
425	701.63	3.84029977868463
425	706.367	-0.324526510702484
425	711.106	15.7125078168426
425	715.845	9.9404654958979
425	720.586	-18.9195975875405
425	725.329	0.674073227324577
425	730.072	7.10491747897944
425	734.817	-28.6008996046871
425	739.563	-0.00318737871644892
425	744.31	29.940605014134
425	749.058	-10.9038594971767
425	753.808	-21.1502691838297
425	758.558	-24.0888482889471
425	763.31	3.35533402736841
425	768.062	6.39460841586696
425	772.815	-14.6501201720016
425	777.57	-16.0918811640586
425	782.325	8.17307316046236
425	787.081	-21.1729214194759
425	791.838	-8.38342062156743
425	796.596	-7.31745620128439
425	801.355	8.42851306324399
425	806.114	13.3435893835834
425	810.875	0.351772865066545
425	815.635	-13.3409214409212
425	820.397	-28.080582521601
425	825.159	12.6363317332247
420	248.336	9.64828800784901
420	252.814	11.9997967580354
420	257.296	-22.8660893394757
420	261.781	10.2629242329259
420	266.271	3.1771987735749
420	270.764	25.4298831645694
420	275.26	9.77955442943623
420	279.76	14.6937506776278
420	284.264	-30.0253768168582
420	288.772	11.6651693487239
420	293.283	4.84583351374465
420	297.797	1.44296585286038
420	302.315	-16.2948524555159
420	306.837	-0.353285332638156
420	311.362	-9.17272012523881
420	315.89	-13.7456774402475
420	320.422	-8.11928303352192
420	324.958	-11.6566710577862
420	329.496	-6.67088275207093
420	334.038	-6.34043307831437
420	338.584	20.4658912285513
420	343.133	23.050162009644
420	347.685	-7.83921410247128
420	352.24	-16.2728148010698
420	356.799	-23.3422337538964
420	361.361	4.23908687555885
420	365.926	1.50778970319898E-4
420	370.495	5.7505502250915
420	375.067	29.0360423003964
420	379.641	-15.824801918159
420	384.219	-36.8863960415033
420	388.801	-36.0073706939202
420	393.385	-56.4120180161963
420	397.972	-98.7530044088286
420	402.562	-112.551700200837
420	407.156	-172.72555435375
420	411.752	-182.754938217892
420	416.352	-3024.64761045514
420	420.954	-4631.32057503622
420	425.56	-3520.56062227256
420	430.168	-122.644722440108
420	434.779	-27.2522719906902
420	439.393	-24.815704620571
420	444.01	-39.8711747014302
420	448.63	-33.1161608930293
420	453.253	-47.8879252153658
420	457.878	-32.9572137282775
420	462.506	-40.3893851950038
420	467.137	-58.2381757398324
420	471.771	-50.5062496629443
420	476.407	-45.873669454722
420	481.047	-42.822975685875
420	485.688	-46.2490470488655
420	490.333	-47.3415769072275
420	494.979	-46.2927179897951
420	499.629	-61.2668801701309
420	504.281	-53.3466290237102
420	508.936	-62.5615116995385
420	513.593	-45.3734570117332
420	518.252	-43.8806509425769
420	522.914	-53.4595233828532
420	527.579	-44.3769591790376
420	532.245	-25.4816576358388
420	536.915	-27.2221000241799
420	541.586	-62.2682944525543
420	546.26	-19.6808161558035
420	550.936	-32.0919457343317
420	555.615	-29.2643475053387
420	560.296	-41.1996221593338
420	564.979	-15.8874428739444
420	569.664	-22.6719394367741
420	574.351	-19.9069951477345
420	579.04	-40.1731997510151
420	583.732	-27.045041519842
420	588.426	-30.7536027226439
420	593.121	-26.2164129114237
420	597.819	-16.3801214888902
420	602.519	-16.5085003797837
420	607.221	-23.1512025538705
420	611.924	-26.7944495560449
420	616.63	-18.7345410322667
420	621.338	-16.5578858015185
420	626.047	-27.5688645478019
420	630.758	-5.63184922668782
420	635.471	-20.9095461439531
420	640.186	-12.5689072305781
420	644.903	7.5674416783816
420	649.621	-35.3013112480762
420	654.341	-29.6150313967818
420	659.063	-14.7750570305945
420	663.787	6.05819144105486
420	668.512	13.4937681611524
420	673.238	-15.1901164533809
420	677.967	-5.8599383639008
420	682.696	0.65840316744036
420	687.428	7.95621478369658
420	692.16	-1.99976909004886
420	696.895	-15.4358011851215
420	701.63	-0.33836241066937
420	706.367	-19.1772343296424
420	711.106	32.1841993891398
420	715.845	-4.90043909321177
420	720.586	3.86065145638833
420	725.329	1.06587945850374
420	730.072	2.85988661356643
420	734.817	-12.9591733248623
420	739.563	-27.6761641442882
420	744.31	13.9858304356991
420	749.058	-7.80814580527154
420	753.808	-6.82150211079018
420	758.558	-10.8043083300835
420	763.31	4.72341425309904
420	768.062	-9.93167901896911
420	772.815	-13.1021409503162
420	777.57	-21.470382377122
420	782.325	4.11374920604275
420	787.081	-29.1445158307327
420	791.838	-30.382356940718
420	796.596	-23.2120503143955
420	801.355	27.0884425228395
420	806.114	-7.42144662622892
420	810.875	-18.5535441859718
420	815.635	10.7610986420262
420	820.397	-6.30811899490524
420	825.159	14.1008954170245
415	248.336	-1.16847532972902
415	252.814	-19.1657036725544
415	257.296	-20.8241347815377
415	261.781	-4.69586401115473
415	266.271	-36.2879599494281
415	270.764	-4.77892098496451
415	275.26	25.2678366029723
415	279.76	3.18655652042801
415	284.264	-30.2811391768468
415	288.772	11.03472073288
415	293.283	-6.66070137859434
415	297.797	-5.30825540704773
415	302.315	-5.95792936089123
415	306.837	13.7452431525041
415	311.362	6.68584457897213
415	315.89	4.81640707829091
415	320.422	7.42616856034046
415	324.958	-4.97528344342937
415	329.496	-10.13376258116
415	334.038	14.1388227549658
415	338.584	30.527350748238
415	343.133	23.4768488120151
415	347.685	7.0787503774964
415	352.24	-18.6990994067999
415	356.799	-32.2014210205955
415	361.361	-15.7942365299315
415	365.926	-1.61434938797567
415	370.495	-10.8835365738636
415	375.067	15.7149680107596
415	379.641	-18.5124060214959
415	384.219	-57.8659228066288
415	388.801	-91.5451751625746
415	393.385	-89.0163639965763
415	397.972	-139.817302298088
415	402.562	-153.252752983049
415	407.156	-277.103475643268
415	411.752	-3939.78570647076
415	416.352	-3982.26938294171
415	420.954	-2964.18859550421
415	425.56	-95.7170006209889
415	430.168	-6.81398406743195
415	434.779	-13.9819779539503
415	439.393	-37.935402299794
415	444.01	-46.0123435110457
415	448.63	-45.7363132120223
415	453.253	-36.9665161750424
415	457.878	-26.7337341377261
415	462.506	-39.3879356023696
415	467.137	-52.1273627752629
415	471.771	-68.1419008374008
415	476.407	-52.7082916710509
415	481.047	-47.0553738000796
415	485.688	-52.1583949967211
415	490.333	-51.045319692782
415	494.979	-67.6205290953824
415	499.629	-74.976512031547
415	504.281	-52.5675295495751
415	508.936	-70.112191898757
415	513.593	-61.1237601088712
415	518.252	-62.4336948967279
415	522.914	-57.8173464705927
415	527.579	-63.3808201673675
415	532.245	-25.4715009526159
415	536.915	-27.5533877556071
415	541.586	-60.6195587344524
415	546.26	-33.4987026939523
415	550.936	-38.9673897472799
415	555.615	-13.7313237220147
415	560.296	-61.2887603812295
415	564.979	-15.3145065686286
415	569.664	-26.3683373756842
415	574.351	-28.5805793365174
415	579.04	-31.4100616528736
415	583.732	-18.1057182071781
415	588.426	-36.3942342700313
415	593.121	-13.9321055143314
415	597.819	-15.7575791071521
415	602.519	-34.1417645104235
415	607.221	-7.41783938496219
415	611.924	-18.8799847001817
415	616.63	-9.38826948702955
415	621.338	-15.5811110800266
415	626.047	-30.544956631234
415	630.758	23.4057697609387
415	635.471	-32.3672756405075
415	640.186	-1.56591490929217
415	644.903	0.634775324970851
415	649.621	-9.35626675838224
415	654.341	-21.6419812063825
415	659.063	-24.4748299862632
415	663.787	-1.9961933931596
415	668.512	31.1100976656625
415	673.238	-16.9868549786482
415	677.967	-23.9726664244053
415	682.696	12.1197814542615
415	687.428	13.2482714151455
415	692.16	3.85474698046136
415	696.895	-19.4112973683837
415	701.63	-24.5678017069435
415	706.367	-26.3056878669655
415	711.106	-2.55056912962483
415	715.845	-12.8806594132837
415	720.586	-7.00778953336413
415	725.329	0.746112932631019
415	730.072	6.77446670887339
415	734.817	-36.3469260206019
415	739.563	-18.7770006977213
415	744.31	28.2608542342734
415	749.058	23.0710633427303
415	753.808	-20.7337088661655
415	758.558	-8.1295534598228
415	763.31	-6.21939220095722
415	768.062	-20.4841451141509
415	772.815	20.8795022927926
415	777.57	-8.09126644042951
415	782.325	-20.3350050146331
415	787.081	-31.1055256239787
415	791.838	-12.8790386686416
415	796.596	-23.0612871419462
415	801.355	3.50217840706294
415	806.114	-5.06477085760571
415	810.875	-13.2615170152838
415	815.635	-9.37171665165534
415	820.397	-21.0797934932916
415	825.159	1.98741398416647
410	248.336	3.42538734353398
410	252.814	-24.6203033667035
410	257.296	-30.4567887252806
410	261.781	8.24221705345345
410	266.271	-18.3336692472894
410	270.764	-14.6763913975932
410	275.26	28.2201670852375
410	279.76	-18.9566529399833
410	284.264	-17.0901017849974
410	288.772	2.69056822416625
410	293.283	-2.14858268979961
410	297.797	1.66696677146117
410	302.315	-3.26803817087523
410	306.837	10.1929959719961
410	311.362	-7.73828467100454
410	315.89	-9.35820135020908
410	320.422	11.8183163231836
410	324.958	-16.8164993856054
410	329.496	-20.1005711828162
410	334.038	16.3620548287455
410	338.584	-4.29640195443847
410	343.133	17.5990202109283
410	347.685	-3.44413614342041
410	352.24	-28.8268382219371
410	356.799	-30.4754625602884
410	361.361	-7.11261334859762
410	365.926	-20.5190455616249
410	370.495	-22.5571988424058
410	375.067	-20.257783645555
410	379.641	-77.6954018837511
410	384.219	-126.82886831775
410	388.801	-118.530665415038
410	393.385	-91.579668739553
410	397.972	-63.7315712320166
410	402.562	-150.478892496603
410	407.156	-2731.30076238042
410	411.752	-3905.59290958783
410	416.352	-1742.76363044155
410	420.954	-19.3659691396331
410	425.56	-36.1465175513999
410	430.168	6.58618184262217
410	434.779	-12.4395028392623
410	439.393	-11.7081265987812
410	444.01	-35.710876967376
410	448.63	-55.591741532281
410	453.253	-31.8436344415461
410	457.878	-37.1041801338093
410	462.506	-63.7874288866086
410	467.137	-57.5044355166598
410	471.771	-37.4729592816904
410	476.407	-37.5298426230302
410	481.047	-47.4879363821643
410	485.688	-65.545275723889
410	490.333	-65.6973237080318
410	494.979	-64.7902212451662
410	499.629	-61.5064573500966
410	504.281	-66.331357475604
410	508.936	-62.7386955552511
410	513.593	-70.0256220442363
410	518.252	-47.4273718739796
410	522.914	-65.7776949832451
410	527.579	-57.3325955068626
410	532.245	-35.2363354255519
410	536.915	-34.9435767293316
410	541.586	-52.5657981878434
410	546.26	-17.0340099127934
410	550.936	-46.0751772220406
410	555.615	-18.9980528837385
410	560.296	-44.2215758103284
410	564.979	-11.3048929796088
410	569.664	-18.7795440657973
410	574.351	-16.7650573587084
410	579.04	-27.8824009900656
410	583.732	7.25361523269414
410	588.426	-11.0937890337261
410	593.121	-14.3306089424752
410	597.819	-23.3924767795911
410	602.519	-15.8245391871893
410	607.221	-26.3976907014135
410	611.924	-11.8442127229057
410	616.63	-31.270543795805
410	621.338	-39.5650140955709
410	626.047	-10.1549398546636
410	630.758	8.21544509357268
410	635.471	-29.651134693133
410	640.186	-6.21539059645608
410	644.903	-17.1177280497777
410	649.621	-33.6604728221868
410	654.341	-42.0981289357484
410	659.063	-26.1234217580467
410	663.787	-0.733834106835756
410	668.512	27.4446934782384
410	673.238	-2.60638439588798
410	677.967	-17.2830409022517
410	682.696	29.2587838948849
410	687.428	-11.4776878543469
410	692.16	8.4648838072518
410	696.895	-9.29621177164819
410	701.63	-22.263848103241
410	706.367	-13.044676638009
410	711.106	0.400297480943109
410	715.845	-19.3937117566685
410	720.586	-4.86088156606943
410	725.329	13.1241839254729
410	730.072	-9.07518237642152
410	734.817	-39.0571652894829
410	739.563	-11.7693190539695
410	744.31	47.5820724138936
410	749.058	1.71545840788678
410	753.808	6.99937605272907
410	758.558	-15.1463845257251
410	763.31	-5.90612870904035
410	768.062	-6.87633703475228
410	772.815	0.459966327184006
410	777.57	-13.561155808253
410	782.325	30.8632732241252
410	787.081	-31.6882462386855
410	791.838	-49.6845886377327
410	796.596	-40.1926142144086
410	801.355	11.1386238319395
410	806.114	11.1395613179324
410	810.875	-11.5591588696886
410	815.635	-12.8353376288266
410	820.397	-56.0798194757008
410	825.159	-37.6503691650909
405	248.336	-11.3082216102343
405	252.814	16.7944979752295
405	257.296	-38.0569018720218
405	261.781	-3.80759926251618
405	266.271	8.85169023089263
405	270.764	23.8017461786544
405	275.26	20.5902653379462
405	279.76	16.3304439292621
405	284.264	-28.5781767951479
405	288.772	14.6930391859652
405	293.283	-0.907990237275182
405	297.797	13.1951885733008
405	302.315	-27.202923153564
405	306.837	49.5180423513418
405	311.362	-6.02052512653227
405	315.89	15.466270482274
405	320.422	5.59401973273809
405	324.958	10.2130440342784
405	329.496	-2.71010424825514
405	334.038	20.0060548948659
405	338.584	1.36098735484792
405	343.133	15.408417978062
405	347.685	2.2760793966519
405	352.24	-27.6780003022484
405	356.799	-9.79510268422266
405	361.361	-10.3321237262788
405	365.926	-8.00557677568295
405	370.495	-43.9211154199699
405	375.067	-40.5040469057927
405	379.641	-100.028193867524
405	384.219	-131.320436692742
405	388.801	-115.753953429248
405	393.385	-69.1694327945252
405	397.972	-242.326199593178
405	402.562	-3242.64656087573
405	407.156	-4052.55162414345
405	411.752	-1627.23835745536
405	416.352	-41.5592845947768
405	420.954	-3.96068018578683
405	425.56	-36.7758344866606
405	430.168	-21.8534399490341
405	434.779	-21.4537599444808
405	439.393	-31.280052370968
405	444.01	-51.3199630573834
405	448.63	-66.0555788454384
405	453.253	-63.319915868978
405	457.878	-48.0105531870231
405	462.506	-47.6043210166816
405	467.137	-18.5191480719343
405	471.771	-20.2726559501477
405	476.407	-41.3608204305295
405	481.047	-59.4270280937358
405	485.688	-92.612670154983
405	490.333	-76.9711089801183
405	494.979	-73.1629112524518
405	499.629	-97.6007791348454
405	504.281	-83.2505115345039
405	508.936	-78.7610830737044
405	513.593	-65.5626131736348
405	518.252	-72.6583393128597
405	522.914	-71.3126691586541
405	527.579	-50.7130674434649
405	532.245	-40.5947186978433
405	536.915	-26.3601113889479
405	541.586	-51.1240975568032
405	546.26	-14.2044536661312
405	550.936	-39.7544538091836
405	555.615	-25.4797215881552
405	560.296	-53.0993474967487
405	564.979	-17.1063949720257
405	569.664	-30.5627853666109
405	574.351	-30.4966131474588
405	579.04	-44.3368636002782
405	583.732	-29.3039429832612
405	588.426	-7.6982226046452
405	593.121	-11.7730078473293
405	597.819	-14.5519498244386
405	602.519	-22.8516168049442
405	607.221	-29.2531613969169
405	611.924	3.82269055942188
405	616.63	-0.702143924892244
405	621.338	-17.7043621523496
405	626.047	-20.3778864449029
405	630.758	12.647261399992
405	635.471	-20.0258743578989
405	640.186	-6.93057497733106
405	644.903	-4.42677178083874
405	649.621	-27.3153699930474
405	654.341	-33.4392649928833
405	659.063	-27.9725974175511
405	663.787	-10.8811845070099
405	668.512	30.1555829661428
405	673.238	-9.06054934653678
405	677.967	-19.0491527337923
405	682.696	-0.802746709747431
405	687.428	-4.44512048104305
405	692.16	-9.34398800575731
405	696.895	-9.81716241971011
405	701.63	-16.9121345479867
405	706.367	-7.51416469842425
405	711.106	1.26605730030974
405	715.845	-31.5768780474349
405	720.586	-5.561047212768
405	725.329	-30.3116048670878
405	730.072	-23.9640336421572
405	734.817	-43.441605006556
405	739.563	-3.55122774380152
405	744.31	33.1995627178393
405	749.058	-18.1293444443146
405	753.808	7.85332168564545
405	758.558	-15.5215851750438
405	763.31	-9.59481051592667
405	768.062	-9.68501658286417
405	772.815	0.483777034578728
405	777.57	-5.43184339086879
405	782.325	8.02330633447047
405	787.081	-12.3563071047233
405	791.838	-41.1504402931341
405	796.596	-34.582354886084
405	801.355	11.7611934023896
405	806.114	-25.7784707634685
405	810.875	-54.7239661846282
405	815.635	-33.4638453360946
405	820.397	-50.6551879631925
405	825.159	5.8826401948314
400	248.336	-29.4304882379178
400	252.814	29.3818833754466
400	257.296	-42.2807484274874
400	261.781	11.7952576994358
400	266.271	-3.81447566470636
400	270.764	-0.546021033629207
400	275.26	13.8956597536063
400	279.76	-9.87180859429001
400	284.264	-13.3347815965825
400	288.772	6.53957261532885
400	293.283	-11.1867098191139
400	297.797	8.22874493002175
400	302.315	-1.27023268482307
400	306.837	6.36533707457475
400	311.362	6.78817597794929
400	315.89	-16.52163518958
400	320.422	4.24519937690215
400	324.958	-10.0681527371395
400	329.496	-21.8136500919356
400	334.038	5.39065096007402
400	338.584	4.47544360045401
400	343.133	7.60234667165719
400	347.685	33.2018574734092
400	352.24	-36.8225079646499
400	356.799	-16.9939201175824
400	361.361	-31.4386444493983
400	365.926	-37.989529056142
400	370.495	-72.1734704405357
400	375.067	-102.657262700413
400	379.641	-133.838848199797
400	384.219	-140.272865616707
400	388.801	-99.109585213154
400	393.385	-347.721850032195
400	397.972	-4018.34934231762
400	402.562	-3608.14817911133
400	407.156	-1196.78163083282
400	411.752	-26.4155860917496
400	416.352	-28.6010603824308
400	420.954	-12.7518955585096
400	425.56	-27.8587873176462
400	430.168	-6.12458198485871
400	434.779	-50.4578909660688
400	439.393	-66.051287942276
400	444.01	-64.6366831193491
400	448.63	-40.7516794626244
400	453.253	-47.7220018055567
400	457.878	-8.78924949471127
400	462.506	1.06443566259873
400	467.137	-11.5546986859164
400	471.771	-72.0653238240166
400	476.407	-52.2613242007531
400	481.047	-75.6121055104102
400	485.688	-91.8945115432768
400	490.333	-79.5934239923465
400	494.979	-64.9543731091771
400	499.629	-95.2725082922193
400	504.281	-56.3483998264307
400	508.936	-66.8445078452973
400	513.593	-60.9407942715015
400	518.252	-77.4083432526921
400	522.914	-77.5622299599639
400	527.579	-69.9746563880186
400	532.245	-20.30258939402
400	536.915	-29.9517170843912
400	541.586	-58.4246155812647
400	546.26	-35.7755929767817
400	550.936	-55.1723325474939
400	555.615	-16.3198943843596
400	560.296	-50.4491262605772
400	564.979	-22.2664964062258
400	569.664	-13.1337632478403
400	574.351	-10.3384736630545
400	579.04	-39.7911789693825
400	583.732	-26.5886217423625
400	588.426	-44.5415756419249
400	593.121	-16.5737713402195
400	597.819	-14.3436038123469
400	602.519	-46.0595713866071
400	607.221	-22.3858431249216
400	611.924	-31.5074880105284
400	616.63	-31.5105902693971
400	621.338	-12.5649727515827
400	626.047	-10.9283547346089
400	630.758	-3.562425032876
400	635.471	-35.1737806099901
400	640.186	-11.8602678043277
400	644.903	-12.7264074777424
400	649.621	-38.727135284662
400	654.341	-43.8241613514736
400	659.063	-48.3485624239652
400	663.787	-22.2194067635492
400	668.512	17.3768994807844
400	673.238	-10.0873159836182
400	677.967	-43.0287447376306
400	682.696	-5.14349338733565
400	687.428	-1.19202721571796
400	692.16	-12.8128631282649
400	696.895	-6.04469457753354
400	701.63	-7.31479311555419
400	706.367	6.17373918811128
400	711.106	16.222249124708
400	715.845	2.95051038674107
400	720.586	4.22195700627601
400	725.329	-4.68940094114648
400	730.072	17.6159272277453
400	734.817	-34.170284468096
400	739.563	-24.0692334302125
400	744.31	45.9953858081433
400	749.058	-9.38505746089555
400	753.808	9.5637233356371
400	758.558	-7.88403130547975
400	763.31	-6.6195563127377
400	768.062	-26.7344370266339
400	772.815	-23.8519318606133
400	777.57	-34.0753747885042
400	782.325	-13.8318503826431
400	787.081	-14.7063222893729
400	791.838	-30.4163148780323
400	796.596	-76.3814695802796
400	801.355	-33.7803790584616
400	806.114	-12.8134345983161
400	810.875	-34.7092833705935
400	815.635	20.0876679934057
400	820.397	-7.57854811695382
400	825.159	19.175367793115
395	248.336	-17.2374000893448
395	252.814	17.1313264097127
395	257.296	-37.8808549017257
395	261.781	19.7285776724297
395	266.271	-7.71236463084727
395	270.764	-21.1021650006946
395	275.26	29.7250352251758
395	279.76	6.84938761818952
395	284.264	-11.6509887119063
395	288.772	11.4410085539051
395	293.283	-22.7977376660394
395	297.797	20.0377283904172
395	302.315	6.03536234993771
395	306.837	20.4087072303945
395	311.362	-7.59430892463286
395	315.89	4.39887951237578
395	320.422	-16.8011171132591
395	324.958	-32.1887320527568
395	329.496	-17.2053399302989
395	334.038	14.3945047374837
395	338.584	-5.89386209621354
395	343.133	-5.02952613651636
395	347.685	-6.75446691089005
395	352.24	-0.817114594608825
395	356.799	-46.7475714750862
395	361.361	-45.6813794119026
395	365.926	-101.329613573314
395	370.495	-116.118577305624
395	375.067	-94.0727949628401
395	379.641	-130.249338125337
395	384.219	-99.4440257446716
395	388.801	-460.916572774999
395	393.385	-4211.14336724978
395	397.972	-2051.32192130582
395	402.562	-1004.93861792491
395	407.156	-56.7110872661983
395	411.752	-21.8172056475085
395	416.352	-44.4088216129765
395	420.954	-10.6611904177428
395	425.56	-15.7219971377033
395	430.168	-23.488539946181
395	434.779	-59.1379021148848
395	439.393	-51.724861617929
395	444.01	-70.706591263981
395	448.63	-57.4933610166183
395	453.253	-16.6232132645181
395	457.878	-25.890195395569
395	462.506	-69.8505206084649
395	467.137	-81.8101908517578
395	471.771	-91.9703190521332
395	476.407	-98.3347160514339
395	481.047	-106.370429985912
395	485.688	-113.580930602234
395	490.333	-79.4379983602578
395	494.979	-104.032195662645
395	499.629	-88.9480182344656
395	504.281	-70.0574640741291
395	508.936	-89.4679919542803
395	513.593	-74.2137034686468
395	518.252	-56.0308140270558
395	522.914	-54.5542703561895
395	527.579	-56.5517612151668
395	532.245	-35.150335135071
395	536.915	-29.6781098167743
395	541.586	-69.3702840834915
395	546.26	-36.9586578499953
395	550.936	-44.6271492758273
395	555.615	-33.149803983572
395	560.296	-36.2678221891204
395	564.979	-26.6976780048505
395	569.664	-19.3338663447479
395	574.351	-42.054912357844
395	579.04	-55.0416009245554
395	583.732	-17.3344941902912
395	588.426	-42.93657358088
395	593.121	-31.2684057703098
395	597.819	-28.9416738288402
395	602.519	-33.5981778254582
395	607.221	-13.7475695666412
395	611.924	-22.9229057243153
395	616.63	-23.832535659012
395	621.338	-23.3620218717538
395	626.047	-24.2549051379344
395	630.758	-1.33841793366094
395	635.471	-42.6487578700555
395	640.186	-14.2384403874459
395	644.903	-14.4034345088816
395	649.621	-39.2947416355319
395	654.341	-27.1893413226642
395	659.063	-35.617389442727
395	663.787	-7.57929068095988
395	668.512	2.92141585993728
395	673.238	-1.45046607434491
395	677.967	-18.0601944838611
395	682.696	23.4982544482771
395	687.428	24.0484202382187
395	692.16	-6.42223038914417
395	696.895	-10.6458741819152
395	701.63	-25.31107947355
395	706.367	-25.2322678378995
395	711.106	28.2326240002167
395	715.845	-8.71924281485459
395	720.586	1.19342747189069
395	725.329	-14.0808093368741
395	730.072	-6.05567924311837
395	734.817	-37.5109048577681
395	739.563	-28.0559007941485
395	744.31	15.853464741433
395	749.058	-16.0101172461984
395	753.808	9.44780700196935
395	758.558	-33.2203053845962
395	763.31	3.57304101633651
395	768.062	0.463603925425296
395	772.815	-5.84949901715687
395	777.57	-36.7114427207425
395	782.325	8.42644276029353
395	787.081	-63.5372378821758
395	791.838	-121.223268675973
395	796.596	-89.877533883608
395	801.355	-23.4223771668993
395	806.114	-10.0427952161944
395	810.875	-1.66980358519711
395	815.635	5.04635846566825
395	820.397	-21.8670832785818
395	825.159	-7.14806768106878
390	248.336	10.0344613441846
390	252.814	0.50564481050346
390	257.296	-15.3533154486017
390	261.781	3.51686633368899
390	266.271	-20.4475970444286
390	270.764	18.925569090996
390	275.26	12.518884173444
390	279.76	-25.7992996334911
390	284.264	-39.3725568127463
390	288.772	5.25326833041303
390	293.283	-38.1996122132808
390	297.797	1.62495564436927
390	302.315	-9.5706419628621
390	306.837	-5.17467431171213
390	311.362	9.94003251972064
390	315.89	-15.0835471056008
390	320.422	-9.93849138831932
390	324.958	14.7724135342067
390	329.496	-7.50517437031588
390	334.038	8.83362638356458
390	338.584	-6.70404497047859
390	343.133	9.63904731988623
390	347.685	19.7777467178122
390	352.24	-41.7194290546405
390	356.799	-42.1442361617293
390	361.361	-89.6845800092099
390	365.926	-119.550218075995
390	370.495	-125.493344015693
390	375.067	-66.9661072165983
390	379.641	-69.9080190426819
390	384.219	-511.776198969365
390	388.801	-4769.10016905139
390	393.385	-3066.23397475649
390	397.972	-831.208137617936
390	402.562	18.8387111097357
390	407.156	-45.2566274968992
390	411.752	-34.8523090449124
390	416.352	-31.581796224078
390	420.954	-40.6016219381622
390	425.56	-41.1440347725657
390	430.168	-47.0946019396431
390	434.779	-45.7018607381641
390	439.393	-56.4909643967694
390	444.01	-36.5725072670536
390	448.63	-24.9005499189964
390	453.253	-31.8871144411885
390	457.878	-40.2183026278761
390	462.506	-78.04887258046
390	467.137	-97.474662893321
390	471.771	-105.54106381129
390	476.407	-70.6203451303228
390	481.047	-106.623662271839
390	485.688	-110.29535030148
390	490.333	-95.5896987814343
390	494.979	-92.0599606576455
390	499.629	-85.5269667105641
390	504.281	-93.1624597153451
390	508.936	-77.3811452341475
390	513.593	-68.8934050496599
390	518.252	-82.2664026743578
390	522.914	-62.188797702216
390	527.579	-74.1110789856405
390	532.245	-49.7180187244592
390	536.915	-26.638298999099
390	541.586	-53.0203999007795
390	546.26	-36.7427936124274
390	550.936	-46.4236936739492
390	555.615	-9.11622849675063
390	560.296	-35.7580195613733
390	564.979	-4.17142452485007
390	569.664	-33.9385063226942
390	574.351	-14.8411079805956
390	579.04	-41.8794779301262
390	583.732	-24.9167236912043
390	588.426	-32.467417993369
390	593.121	-33.8764325234272
390	597.819	-20.6361019915122
390	602.519	-39.7052310219072
390	607.221	-20.0259318059044
390	611.924	-23.7545873726493
390	616.63	-21.0973679747355
390	621.338	0.654350252423852
390	626.047	-23.7817067608702
390	630.758	10.3559888732757
390	635.471	-20.8550934109722
390	640.186	-0.332860777051931
390	644.903	-2.72210135660375
390	649.621	-24.5404765817545
390	654.341	-36.511291775732
390	659.063	-29.3858810108808
390	663.787	-5.37942808684053
390	668.512	13.032606524459
390	673.238	-16.7380354022196
390	677.967	-34.4628133736001
390	682.696	3.708192523344
390	687.428	1.12439577229667
390	692.16	-18.3918078282996
390	696.895	-22.2995701393701
390	701.63	-3.81005332998226
390	706.367	2.31597303978701
390	711.106	10.9160401470593
390	715.845	-15.7643113674532
390	720.586	16.598896651676
390	725.329	0.400834102177999
390	730.072	11.2770533092353
390	734.817	-31.2149007812349
390	739.563	-10.2529687144507
390	744.31	9.94773440241998
390	749.058	-4.18813173724202
390	753.808	-15.7888933745061
390	758.558	-2.16958837941836
390	763.31	0.887921899306413
390	768.062	0.00773528544826974
390	772.815	-25.4719935866024
390	777.57	-65.1728015020698
390	782.325	-91.1417401755544
390	787.081	-101.209432910457
390	791.838	-88.8084773724284
390	796.596	-32.4202339559126
390	801.355	23.8262878313431
390	806.114	0.84074403190991
390	810.875	-7.52473443591938
390	815.635	7.52001025398835
390	820.397	-11.7058063115054
390	825.159	17.5521095072074
385	248.336	0.807229047431737
385	252.814	-11.1376961268656
385	257.296	-32.5966446130168
385	261.781	5.8409922884394
385	266.271	-25.7247028017198
385	270.764	15.3447310851574
385	275.26	30.0482909718075
385	279.76	4.2437884235931
385	284.264	-35.8659617373133
385	288.772	33.908650913802
385	293.283	4.47346505586515
385	297.797	29.4999726436355
385	302.315	-13.5121370596373
385	306.837	-2.69939341531987
385	311.362	13.0829626563576
385	315.89	-23.4359145268979
385	320.422	-0.379277013315434
385	324.958	-16.6703181341772
385	329.496	-12.1105576663203
385	334.038	8.14051748208835
385	338.584	11.7683800941486
385	343.133	10.9648791985828
385	347.685	16.3234856507484
385	352.24	-73.7464789798747
385	356.799	-103.300786563909
385	361.361	-131.731140843585
385	365.926	-133.828026158898
385	370.495	-131.90362401984
385	375.067	-55.6452668098909
385	379.641	-609.729668820192
385	384.219	-4832.88597901257
385	388.801	-3519.08059518893
385	393.385	-630.319271075802
385	397.972	-8.84037171979034
385	402.562	-1.33145830445086
385	407.156	-30.557564358911
385	411.752	-9.33021973868547
385	416.352	-42.4121212079733
385	420.954	-51.8671106475025
385	425.56	-60.6958249066492
385	430.168	-59.5372020637547
385	434.779	-55.6286240433174
385	439.393	-19.4201678720638
385	444.01	-34.2126857867727
385	448.63	-35.4491283814993
385	453.253	-86.8634514641861
385	457.878	-84.9546492668157
385	462.506	-107.151078796081
385	467.137	-99.4938348048637
385	471.771	-101.867828098079
385	476.407	-73.4411176663324
385	481.047	-110.790060430341
385	485.688	-110.693367405958
385	490.333	-109.447080317475
385	494.979	-79.5131704185669
385	499.629	-89.7959892971218
385	504.281	-96.0692291235539
385	508.936	-75.7330041931257
385	513.593	-75.290661709279
385	518.252	-86.2577028582648
385	522.914	-77.2298117100448
385	527.579	-61.282206578694
385	532.245	-35.4711167199261
385	536.915	-24.952521905832
385	541.586	-73.7581455965315
385	546.26	-38.668138262827
385	550.936	-50.6187469766001
385	555.615	-32.7503674321094
385	560.296	-67.2200550723342
385	564.979	-35.211896425155
385	569.664	-42.4442775240044
385	574.351	-21.108298253976
385	579.04	-31.951068416635
385	583.732	-18.4643679473162
385	588.426	-32.0226848437288
385	593.121	-39.7028693082836
385	597.819	1.21557025975299
385	602.519	-40.2579489301565
385	607.221	-14.7696211811403
385	611.924	-8.0732680418445
385	616.63	-21.3600654023548
385	621.338	-5.06458795678118
385	626.047	-18.8626417958408
385	630.758	-8.71984180128487
385	635.471	-29.3015543654114
385	640.186	-5.21723615767669
385	644.903	-3.95439987388081
385	649.621	-39.1474724227242
385	654.341	-37.3757248551711
385	659.063	-26.3829708388863
385	663.787	-4.86280728137369
385	668.512	11.2094548451756
385	673.238	-7.74375186201877
385	677.967	-22.3577594545453
385	682.696	-3.58561258352175
385	687.428	7.22884479691116
385	692.16	2.54236853625257
385	696.895	-25.6052532781966
385	701.63	11.8023402460891
385	706.367	-20.904009764362
385	711.106	-6.79019249949833
385	715.845	10.6908149160618
385	720.586	-27.5443176995133
385	725.329	-7.74197933208552
385	730.072	-9.34869986547845
385	734.817	-26.6803868515238
385	739.563	-17.4676622412891
385	744.31	26.0788896067287
385	749.058	14.9985177432758
385	753.808	-9.08447017025938
385	758.558	-14.7187211834746
385	763.31	-14.1391347647901
385	768.062	-41.9322069184134
385	772.815	-96.3890069236382
385	777.57	-68.775867691206
385	782.325	-20.1113344356659
385	787.081	-4.12356555839592
385	791.838	-14.7195417363914
385	796.596	-30.9195247467092
385	801.355	13.3480245338713
385	806.114	-0.805948635349438
385	810.875	-9.29984342313901
385	815.635	37.6164965637402
385	820.397	-27.5126251233752
385	825.159	-21.4411857251302
380	248.336	-7.29171430150576
380	252.814	-26.657973222836
380	257.296	-19.5551894082475
380	261.781	4.1527952621434
380	266.271	-27.2243980526384
380	270.764	-7.0471339357147
380	275.26	31.2656289591311
380	279.76	19.2207089015299
380	284.264	-65.5092094262695
380	288.772	41.4223817002181
380	293.283	-8.47883653900024
380	297.797	-6.71638239783423
380	302.315	-18.6818194412049
380	306.837	14.9799136661674
380	311.362	-8.025394337707
380	315.89	-9.83890314521935
380	320.422	-13.1391937942094
380	324.958	-33.5268804857651
380	329.496	-19.1594732003599
380	334.038	-12.3351858683618
380	338.584	-12.6854877979196
380	343.133	-12.2630009140362
380	347.685	-46.643856426018
380	352.24	-90.6942161910799
380	356.799	-137.620534860766
380	361.361	-131.403847070541
380	365.926	-91.0308215329878
380	370.495	-101.785979381281
380	375.067	-732.215498914416
380	379.641	-4317.44592827361
380	384.219	-3531.25985377431
380	388.801	-527.655653443032
380	393.385	-8.69260513985901
380	397.972	-35.823998330623
380	402.562	-32.4932973455306
380	407.156	-48.6686698910276
380	411.752	-31.0588373085148
380	416.352	-48.9875260069464
380	420.954	-67.2652785596505
380	425.56	-42.5813608030766
380	430.168	-54.6572719147661
380	434.779	4.36345175473275
380	439.393	-0.547843465882124
380	444.01	-48.2489150864304
380	448.63	-83.1632364328999
380	453.253	-127.019562727725
380	457.878	-93.0966605883606
380	462.506	-119.537676437887
380	467.137	-120.45305373746
380	471.771	-106.615671472382
380	476.407	-104.796847058
380	481.047	-99.2464802886881
380	485.688	-115.187916389897
380	490.333	-105.980506857795
380	494.979	-112.368747130312
380	499.629	-89.7247943103931
380	504.281	-83.95298058157
380	508.936	-84.5843213568057
380	513.593	-77.7674353469725
380	518.252	-65.8383623984681
380	522.914	-64.6708322361869
380	527.579	-65.968692887885
380	532.245	-55.8356612856013
380	536.915	-49.9899185682007
380	541.586	-48.6935549211155
380	546.26	-26.778318765931
380	550.936	-51.2672430181536
380	555.615	-17.8318145731954
380	560.296	-43.4211952159488
380	564.979	-27.9295522692919
380	569.664	-38.6176794551678
380	574.351	-17.8045296143399
380	579.04	-45.7561013980272
380	583.732	-1.12911735878601
380	588.426	0.00209038099014691
380	593.121	-18.264259415495
380	597.819	-17.227516425933
380	602.519	-24.5952990667854
380	607.221	-22.1885041327572
380	611.924	-14.7371944697587
380	616.63	-23.8438230145007
380	621.338	-21.332272939152
380	626.047	-19.110709002417
380	630.758	10.1187803054401
380	635.471	-8.03069180026641
380	640.186	-13.3069357145618
380	644.903	-0.625294798813232
380	649.621	-14.5997224639296
380	654.341	-61.5777037875515
380	659.063	-21.7816535401082
380	663.787	9.23324188038285
380	668.512	1.00002752691779
380	673.238	-16.3743756343987
380	677.967	-30.3028647685664
380	682.696	-6.46969311201794
380	687.428	9.9438195312791
380	692.16	4.13640870978417
380	696.895	-12.4910928216907
380	701.63	-15.7497430865843
380	706.367	-11.3334114386658
380	711.106	24.3403385136261
380	715.845	-0.358179915124104
380	720.586	-4.71855470673746
380	725.329	-5.14088875538713
380	730.072	-18.1125262902414
380	734.817	-22.7109473289522
380	739.563	1.13091047510351
380	744.31	23.6028624952757
380	749.058	-15.3825194308741
380	753.808	-8.99843994162056
380	758.558	-49.8301540995446
380	763.31	-69.1074100606485
380	768.062	-84.9657591682058
380	772.815	-24.5953331447323
380	777.57	-29.7349031186203
380	782.325	11.4873021448723
380	787.081	-17.9093230768547
380	791.838	-33.1694088092074
380	796.596	-15.5614781928066
380	801.355	13.0502811884385
380	806.114	4.22417318326328
380	810.875	-28.7843596688076
380	815.635	9.9772563981714
380	820.397	-14.5859211812046
380	825.159	2.68786850297913
375	248.336	-19.0276561773618
375	252.814	-15.175105481054
375	257.296	-15.038270667352
375	261.781	4.48583835219781
375	266.271	-33.7620846173225
375	270.764	-18.7175493381544
375	275.26	26.3847447685202
375	279.76	-5.21126363040209
375	284.264	-28.940764081164
375	288.772	15.6378595202825
375	293.283	-24.7221531100896
375	297.797	4.36491406181004
375	302.315	-10.6735501707176
375	306.837	-1.06099839612735
375	311.362	-12.4032967356516
375	315.89	-26.9179208838524
375	320.422	-28.3806252245273
375	324.958	1.48408477590508
375	329.496	-7.0490289489735
375	334.038	-3.666506261534
375	338.584	-20.797362880046
375	343.133	-40.0716371367404
375	347.685	-78.7688119526285
375	352.24	-135.403702397431
375	356.799	-142.312855450235
375	361.361	-128.183994687695
375	365.926	-111.058180295118
375	370.495	-942.034628699978
375	375.067	-2776.44129736713
375	379.641	-3916.53399965067
375	384.219	-369.271638888989
375	388.801	-25.7370855143625
375	393.385	-4.30146294646579
375	397.972	-22.2498605169674
375	402.562	-13.4762471391647
375	407.156	-61.664776954814
375	411.752	-58.5111648214177
375	416.352	-50.597796613704
375	420.954	-53.9397144585255
375	425.56	-9.01950264738991
375	430.168	47.342630068558
375	434.779	-7.90418685476197
375	439.393	-59.2923391101194
375	444.01	-105.265230051794
375	448.63	-105.053174740065
375	453.253	-113.389764729902
375	457.878	-110.947302561775
375	462.506	-126.870350803934
375	467.137	-123.395958459334
375	471.771	-135.293549130547
375	476.407	-124.260698164774
375	481.047	-125.767564370351
375	485.688	-120.006250258064
375	490.333	-107.947193963394
375	494.979	-108.181662694807
375	499.629	-96.7741266161136
375	504.281	-92.7357908890118
375	508.936	-85.8196081990899
375	513.593	-90.7073937780502
375	518.252	-68.5774143803057
375	522.914	-77.5566103433467
375	527.579	-58.2810379077253
375	532.245	-57.3197110854028
375	536.915	-52.1695275187249
375	541.586	-61.2928780986962
375	546.26	-41.9026453435406
375	550.936	-44.0568130364134
375	555.615	-21.0007144103973
375	560.296	-47.7539744300377
375	564.979	-19.689734519511
375	569.664	-38.3368002860274
375	574.351	-21.3654397129881
375	579.04	-42.2928540133803
375	583.732	-23.3407575073621
375	588.426	-47.4825538232838
375	593.121	-22.7456053679055
375	597.819	6.15375086755623
375	602.519	-20.8018730375042
375	607.221	-21.2887883000738
375	611.924	-18.3303034962806
375	616.63	-20.8560194124475
375	621.338	-26.5806415710353
375	626.047	-16.8097518668447
375	630.758	1.19763090618995
375	635.471	-17.4145459360577
375	640.186	-11.7287068907269
375	644.903	-3.04090507960691
375	649.621	-37.6464390891886
375	654.341	-36.6704687022937
375	659.063	-43.935584727747
375	663.787	-7.36357854162651
375	668.512	0.333039547512056
375	673.238	-14.6147654536052
375	677.967	-37.3129687581038
375	682.696	12.2441510724956
375	687.428	6.00794598381254
375	692.16	3.00865160333025
375	696.895	-17.5470207939681
375	701.63	6.47152511335744
375	706.367	-12.7337359958665
375	711.106	12.5436647874315
375	715.845	-13.7224072998278
375	720.586	2.46510608735471
375	725.329	-1.77717324009529
375	730.072	-9.69050129593682
375	734.817	-43.797022210718
375	739.563	-9.50816795663086
375	744.31	-9.54721768470299
375	749.058	-45.7489499018384
375	753.808	-92.5771255706421
375	758.558	-66.799095645393
375	763.31	-17.6500091288067
375	768.062	-15.9385442970164
375	772.815	-13.5748894854935
375	777.57	-14.6584198418512
375	782.325	-0.409618923607749
375	787.081	-9.76391742877857
375	791.838	-28.4345779643286
375	796.596	-12.5333013063074
375	801.355	7.45972111807314
375	806.114	-9.32149414684124
375	810.875	-35.0726868077945
375	815.635	25.3709449283241
375	820.397	-23.8846837560599
375	825.159	7.83175999875175
370	248.336	-5.8689413434141
370	252.814	-1.75359309091858
370	257.296	-48.8353399803265
370	261.781	-18.5783597081997
370	266.271	-13.0422929672651
370	270.764	-30.6113817427813
370	275.26	5.3006593981754
370	279.76	9.02152358734466
370	284.264	-17.1156436555537
370	288.772	33.5393427337388
370	293.283	-13.2853176204436
370	297.797	-1.76917978419567
370	302.315	-23.1522284298805
370	306.837	8.41453021947767
370	311.362	-1.72351965810859
370	315.89	-17.7853870221027
370	320.422	-24.4678777735925
370	324.958	0.402487137113212
370	329.496	-36.9960241371279
370	334.038	-24.1496690084048
370	338.584	-45.7097244628505
370	343.133	-107.056952625372
370	347.685	-108.224846439021
370	352.24	-140.854495328928
370	356.799	-132.571485555702
370	361.361	-50.5414796984521
370	365.926	-1135.83488330367
370	370.495	-803.02005018956
370	375.067	-3347.44958742088
370	379.641	-240.702089229811
370	384.219	-25.4957936048788
370	388.801	-9.63893009405558
370	393.385	3.15693981397638
370	397.972	-22.2155352639437
370	402.562	-47.5500251725627
370	407.156	-61.9986807770961
370	411.752	-44.8744181209571
370	416.352	-33.4181093836677
370	420.954	29.0874681592686
370	425.56	34.9540662598872
370	430.168	-23.0022956674331
370	434.779	-80.9131348425992
370	439.393	-101.067169079698
370	444.01	-137.831302844722
370	448.63	-109.265952348607
370	453.253	-134.836383348872
370	457.878	-131.408855397359
370	462.506	-126.635341812229
370	467.137	-126.314832434171
370	471.771	-122.267728988381
370	476.407	-127.632815882642
370	481.047	-112.215076436764
370	485.688	-124.686921509202
370	490.333	-107.43642015871
370	494.979	-116.641839446514
370	499.629	-111.735499714244
370	504.281	-88.09151748974
370	508.936	-91.9631601949081
370	513.593	-90.1741008180427
370	518.252	-85.9621348021624
370	522.914	-83.2029553906292
370	527.579	-57.2076469385914
370	532.245	-57.7509944285869
370	536.915	-54.9561797243957
370	541.586	-61.1891500426004
370	546.26	-39.2485793654049
370	550.936	-28.164716304387
370	555.615	-29.5088543624336
370	560.296	-54.0972311397788
370	564.979	-26.2245195646679
370	569.664	-29.8546021647891
370	574.351	-27.9885495190666
370	579.04	-42.7813664943315
370	583.732	-28.4298890063507
370	588.426	-34.01424435002
370	593.121	-14.7549935363316
370	597.819	-7.1460271096008
370	602.519	-20.5122629270748
370	607.221	-14.2642289332471
370	611.924	-8.18846502908551
370	616.63	-15.9807764912101
370	621.338	-16.118588478849
370	626.047	-22.3905096373836
370	630.758	4.4104667029682
370	635.471	-24.862401980279
370	640.186	-11.8555925032501
370	644.903	-1.19207337112805
370	649.621	-36.8128917030736
370	654.341	-31.504627033988
370	659.063	-19.9357986679009
370	663.787	-3.1407047889546
370	668.512	13.7004650961893
370	673.238	-9.59670773654691
370	677.967	-23.8747942237281
370	682.696	12.0761157470083
370	687.428	-0.974663299583066
370	692.16	21.4791818745161
370	696.895	-11.3031938804565
370	701.63	-46.2909432952173
370	706.367	-18.3302254064843
370	711.106	13.0584601809747
370	715.845	-9.70682701109826
370	720.586	2.10737207452102
370	725.329	-9.48624893395379
370	730.072	-13.7857792299347
370	734.817	-48.4179091108418
370	739.563	-67.88357681377
370	744.31	-69.5233145640548
370	749.058	-101.678969549387
370	753.808	-14.4631845761377
370	758.558	-16.0383237861649
370	763.31	-11.296960499469
370	768.062	0.00748382735123698
370	772.815	10.2343346164381
370	777.57	-11.6370047047413
370	782.325	7.35168397470947
370	787.081	-21.3409598571799
370	791.838	-2.92639320308369
370	796.596	0.00629817608807404
370	801.355	12.5000442533626
370	806.114	23.5542125507821
370	810.875	10.6728933379713
370	815.635	-0.739248777175881
370	820.397	-22.8169055354162
370	825.159	1.10382458505772
365	248.336	5.8638067869057
365	252.814	-7.01033321840541
365	257.296	-9.11592183754328
365	261.781	6.16774064550809
365	266.271	-6.2637221130141
365	270.764	9.41084556840464
365	275.26	15.8003176565795
365	279.76	0.00895469810878424
365	284.264	-13.7850475354181
365	288.772	27.2469888961797
365	293.283	-16.5327034411106
365	297.797	9.62126728161313
365	302.315	0.0250974380616071
365	306.837	-20.2094934485842
365	311.362	-7.637158677738
365	315.89	7.67303088385012
365	320.422	-7.2856262922539
365	324.958	-25.7999202305146
365	329.496	-16.2874468144669
365	334.038	-54.1715670385874
365	338.584	-131.826094730347
365	343.133	-107.853436721639
365	347.685	-57.0978481539554
365	352.24	-81.755030101069
365	356.799	-106.796864669046
365	361.361	-1156.14997196497
365	365.926	11.6216520116395
365	370.495	-2750.99070236514
365	375.067	-144.294803853748
365	379.641	-15.117210665212
365	384.219	-15.7468492658161
365	388.801	-47.2769777973637
365	393.385	-20.5722307590119
365	397.972	-35.4033766101364
365	402.562	-31.2515338054752
365	407.156	-78.9447529474176
365	411.752	-13.1674351032583
365	416.352	66.9521427428269
365	420.954	70.420602543044
365	425.56	-46.6184519982445
365	430.168	-99.5400653850712
365	434.779	-116.471386396722
365	439.393	-139.925237458411
365	444.01	-130.367557782851
365	448.63	-133.372089859984
365	453.253	-134.78328326319
365	457.878	-133.484823997174
365	462.506	-143.654235171896
365	467.137	-140.003802130877
365	471.771	-128.672300070796
365	476.407	-130.90576709408
365	481.047	-125.973458010478
365	485.688	-134.610627731405
365	490.333	-126.124860077497
365	494.979	-118.677712817676
365	499.629	-90.4100918308901
365	504.281	-102.207539207681
365	508.936	-98.3970189044752
365	513.593	-83.9929295413917
365	518.252	-67.8106557235703
365	522.914	-72.6364313912592
365	527.579	-70.3942597871795
365	532.245	-43.307369396561
365	536.915	-48.4386909801946
365	541.586	-49.2351874454645
365	546.26	-38.5763153198886
365	550.936	-53.7984201504944
365	555.615	-19.8363122616182
365	560.296	-41.685593796453
365	564.979	-47.8047188578274
365	569.664	-41.5772088384566
365	574.351	-28.1303389416156
365	579.04	-43.1172481215098
365	583.732	-27.7643940353091
365	588.426	-37.1126780895218
365	593.121	-44.9273283140281
365	597.819	-8.76361142132635
365	602.519	-12.4154314490779
365	607.221	-14.2012935957997
365	611.924	-27.2784939162845
365	616.63	-37.2512715822414
365	621.338	-7.73717002083089
365	626.047	-22.5687152479925
365	630.758	10.2410692401891
365	635.471	-17.6821149467793
365	640.186	-25.3877532630766
365	644.903	-1.77988427440674
365	649.621	-24.8302034317269
365	654.341	-39.0666676968081
365	659.063	-21.091304460444
365	663.787	2.21016092085127
365	668.512	8.88648298410469
365	673.238	-11.7873618928976
365	677.967	-30.8369935237247
365	682.696	-4.87542156682229
365	687.428	-19.9495914886661
365	692.16	9.87333573329779
365	696.895	-19.2020941377112
365	701.63	-1.99279762705957
365	706.367	-3.03495048746295
365	711.106	25.6248060057576
365	715.845	-18.6325788735097
365	720.586	-13.148848783845
365	725.329	-32.1493182785395
365	730.072	-64.2785767472557
365	734.817	-102.990547257936
365	739.563	-64.766016887697
365	744.31	-14.0526220975152
365	749.058	8.82102629443113
365	753.808	0.379940352290513
365	758.558	5.71709820072679
365	763.31	3.89174011734733
365	768.062	-12.9317726769768
365	772.815	6.26235424501678
365	777.57	-18.3867121768876
365	782.325	-16.2372821640796
365	787.081	-10.0008871106156
365	791.838	-10.414169179989
365	796.596	-25.4411202640684
365	801.355	8.42579639479534
365	806.114	8.7970743242571
365	810.875	-21.2297918063226
365	815.635	11.3449264408344
365	820.397	-21.2402089051843
365	825.159	1.10192853254334
360	248.336	11.694614956896
360	252.814	20.5851998125751
360	257.296	-45.4799731426096
360	261.781	-14.9381133943242
360	266.271	-9.83131155090177
360	270.764	5.8142464864052
360	275.26	4.38893884708484
360	279.76	16.607217773545
360	284.264	-33.6149291320715
360	288.772	11.1150143645416
360	293.283	-18.3356710173588
360	297.797	-11.3607830832763
360	302.315	-7.65254307328684
360	306.837	13.9315217695518
360	311.362	2.80059170662163
360	315.89	-12.4642968812942
360	320.422	-34.6757455178977
360	324.958	-41.0536019391154
360	329.496	-78.5045361637149
360	334.038	-129.255807019485
360	338.584	-120.179425652925
360	343.133	-122.610482521663
360	347.685	-125.693245328767
360	352.24	-141.088921863925
360	356.799	-1606.63009760061
360	361.361	19.9955356625178
360	365.926	-3258.60833523082
360	370.495	-139.069118287452
360	375.067	17.1007590876142
360	379.641	-20.5474831879204
360	384.219	-42.3177604223956
360	388.801	-44.7428545389549
360	393.385	-28.5155958403134
360	397.972	-67.8672233762252
360	402.562	-43.140562778427
360	407.156	5.7103216354069
360	411.752	71.8504865684133
360	416.352	19.0243737059184
360	420.954	-72.9656714463762
360	425.56	-131.046857549491
360	430.168	-126.635112576147
360	434.779	-137.518678958232
360	439.393	-159.385718575806
360	444.01	-161.425791059876
360	448.63	-164.658296925305
360	453.253	-155.305704314048
360	457.878	-146.6855434603
360	462.506	-148.089674493377
360	467.137	-143.869876543159
360	471.771	-138.9390889717
360	476.407	-117.64122290728
360	481.047	-123.959009891479
360	485.688	-135.626411746574
360	490.333	-111.611038845905
360	494.979	-100.616223851694
360	499.629	-113.822367999658
360	504.281	-88.0494986451008
360	508.936	-89.6219819421216
360	513.593	-88.3507928661237
360	518.252	-70.6780269147638
360	522.914	-60.3332054348588
360	527.579	-72.7387441816575
360	532.245	-56.8890519486332
360	536.915	-34.3178239956466
360	541.586	-63.3373113622543
360	546.26	-65.5323883548215
360	550.936	-59.8619546723524
360	555.615	-16.9711731855681
360	560.296	-52.4593553947991
360	564.979	-30.2324503796938
360	569.664	-29.6752785024432
360	574.351	-26.2257615880603
360	579.04	-40.6291597490358
360	583.732	-44.6624115769643
360	588.426	-45.6998263958984
360	593.121	-26.3551657897827
360	597.819	-25.7005709488498
360	602.519	-17.6271014064925
360	607.221	-19.1797562976702
360	611.924	-17.1199214439313
360	616.63	-11.6277079784145
360	621.338	-28.6111327291189
360	626.047	-26.5705415026407
360	630.758	7.8827783568458
360	635.471	-23.2350611338836
360	640.186	-22.6902213267249
360	644.903	-1.18726746066423
360	649.621	-24.7899256023221
360	654.341	-25.7813803135644
360	659.063	-24.1505481739976
360	663.787	-14.7503732327098
360	668.512	11.08303662697
360	673.238	-8.90396407163727
360	677.967	-30.7802992171186
360	682.696	6.15951198350984
360	687.428	-0.310375671993437
360	692.16	12.1530673689631
360	696.895	-20.8100808968429
360	701.63	-28.3181408765706
360	706.367	-7.40610303929751
360	711.106	-1.33218244139831
360	715.845	-60.2013458073951
360	720.586	-86.770207240359
360	725.329	-139.848264858242
360	730.072	-89.8026094540103
360	734.817	-45.6089401867364
360	739.563	2.52628488018332
360	744.31	13.054848900258
360	749.058	-3.67431255783347
360	753.808	10.4636739837953
360	758.558	-9.50437211585456
360	763.31	10.0794420723958
360	768.062	9.39669428528826
360	772.815	-24.6471670922306
360	777.57	-25.5300174954345
360	782.325	17.4247466667637
360	787.081	-36.6067739711049
360	791.838	-16.6239643079848
360	796.596	-33.4439256053486
360	801.355	16.4502186779273
360	806.114	13.5316378138781
360	810.875	2.19459385496266
360	815.635	18.2794371115634
360	820.397	-34.3562157973734
360	825.159	10.981293993049
355	248.336	4.69883509787672
355	252.814	1.73720756125895
355	257.296	-15.8348759791921
355	261.781	-5.64449010671536
355	266.271	-1.75196315677049
355	270.764	-6.1889871492134
355	275.26	1.74392857188863
355	279.76	6.32195869225773
355	284.264	-37.2070095455444
355	288.772	19.6979025909244
355	293.283	-17.3808531169289
355	297.797	4.93939572254687
355	302.315	-34.4492423367489
355	306.837	6.2120482183172
355	311.362	-28.4381766490041
355	315.89	-16.6751164606137
355	320.422	-49.2131029139933
355	324.958	-104.853833170151
355	329.496	-112.017728236521
355	334.038	-105.854562132085
355	338.584	-84.6114859032492
355	343.133	-106.597562976519
355	347.685	-136.95694844658
355	352.24	-1969.1835339514
355	356.799	4.48068476031403
355	361.361	-2164.42390880444
355	365.926	-59.7212786773815
355	370.495	-27.0519424772996
355	375.067	-3.17056879343639
355	379.641	-31.7133518574783
355	384.219	-67.7387798756651
355	388.801	-74.4278239320227
355	393.385	-57.0699459759929
355	397.972	-40.8669301981943
355	402.562	64.1513282395797
355	407.156	78.9366101051696
355	411.752	-15.0825247449991
355	416.352	-115.727516174134
355	420.954	-125.938928394103
355	425.56	-149.275523409279
355	430.168	-150.594606575225
355	434.779	-150.226644617273
355	439.393	-156.90635218581
355	444.01	-172.489526191348
355	448.63	-163.736719212001
355	453.253	-157.64991469775
355	457.878	-142.833840451663
355	462.506	-142.160099995937
355	467.137	-152.087312113411
355	471.771	-138.268304228116
355	476.407	-122.021302113587
355	481.047	-127.239862364083
355	485.688	-114.876316194933
355	490.333	-114.542339750329
355	494.979	-108.209212312708
355	499.629	-96.1648935257436
355	504.281	-100.280252899103
355	508.936	-99.7717490798839
355	513.593	-65.957828342782
355	518.252	-71.3062271250428
355	522.914	-83.4020406488642
355	527.579	-61.3072565660872
355	532.245	-46.1434649241842
355	536.915	-32.6606788768405
355	541.586	-58.3180205092275
355	546.26	-28.1971419837556
355	550.936	-58.3742818360125
355	555.615	-20.5729891038645
355	560.296	-43.9124085980614
355	564.979	-30.1260815071266
355	569.664	-31.1400056316574
355	574.351	-43.9728757254903
355	579.04	-49.9130138868237
355	583.732	-18.0757826518449
355	588.426	-36.8673323680882
355	593.121	-20.6721061545928
355	597.819	-5.13082880164336
355	602.519	-23.1347495320335
355	607.221	-26.3573452350006
355	611.924	-18.574052603112
355	616.63	-25.513819275453
355	621.338	-9.60374377110202
355	626.047	-39.6742224134107
355	630.758	9.52120639115351
355	635.471	-24.1139237770375
355	640.186	-17.755493078347
355	644.903	-9.12469704977803
355	649.621	-19.4075032264766
355	654.341	-31.2389943742408
355	659.063	-26.2984409078553
355	663.787	2.79506602904138
355	668.512	6.57636015869141
355	673.238	2.85124669671122
355	677.967	-18.0401770032826
355	682.696	-24.3434990092114
355	687.428	0.982126434787677
355	692.16	8.13002521023236
355	696.895	-1.61614486066935
355	701.63	-15.4297068692201
355	706.367	-55.445086694309
355	711.106	-94.4861544870521
355	715.845	-103.643935846278
355	720.586	-65.8761291616977
355	725.329	-1.25468650854401
355	730.072	-7.28722128853097
355	734.817	-24.1668994696291
355	739.563	-5.67276601531922
355	744.31	32.9580935824734
355	749.058	10.130120453525
355	753.808	4.80007110141598
355	758.558	-0.385625038844006
355	763.31	5.74743142255162
355	768.062	-3.08805495945213
355	772.815	-1.55121267919153
355	777.57	-23.2405616042763
355	782.325	-0.394169013376081
355	787.081	-3.68566739085359
355	791.838	-20.5407019834559
355	796.596	-36.8133431783298
355	801.355	42.262569261903
355	806.114	-7.55631657458674
355	810.875	-19.8354207972613
355	815.635	33.2357446895305
355	820.397	-37.5367875450387
355	825.159	-0.715343441529832
350	248.336	-3.21388811481171
350	252.814	-21.8071103776762
350	257.296	-29.2164436881444
350	261.781	-4.29088694356504
350	266.271	-21.849293350432
350	270.764	-11.3637831850068
350	275.26	-14.9626564803173
350	279.76	-3.73140732492347
350	284.264	-29.2822148962846
350	288.772	6.0031259179895
350	293.283	-9.66656984186049
350	297.797	-23.6014605245771
350	302.315	0.707938838097967
350	306.837	-8.11824511283248
350	311.362	-32.1561269539572
350	315.89	-42.544951337314
350	320.422	-84.9848428364192
350	324.958	-100.98245377297
350	329.496	-127.020492424056
350	334.038	-108.427520625612
350	338.584	-108.914485358088
350	343.133	-94.5622580210064
350	347.685	-1841.67151662931
350	352.24	0.288567062241782
350	356.799	-1503.97163735899
350	361.361	-39.9518441789251
350	365.926	-11.3818434143937
350	370.495	-36.7771606522433
350	375.067	-23.0267606943588
350	379.641	-44.8962738206719
350	384.219	-55.4566359034359
350	388.801	-76.6584956281161
350	393.385	59.2211618616743
350	397.972	107.910130568074
350	402.562	61.2819154662275
350	407.156	-74.816474636864
350	411.752	-109.707600367009
350	416.352	-145.234260083496
350	420.954	-143.159351559142
350	425.56	-156.100907131162
350	430.168	-168.209134638854
350	434.779	-171.072511726544
350	439.393	-159.077073412945
350	444.01	-169.354218877844
350	448.63	-173.623228245813
350	453.253	-160.16951003547
350	457.878	-130.759412350428
350	462.506	-145.54342561058
350	467.137	-136.106559285719
350	471.771	-144.850952347339
350	476.407	-127.23442598583
350	481.047	-120.692589562514
350	485.688	-120.895684314973
350	490.333	-116.338720050716
350	494.979	-109.326229484236
350	499.629	-112.017780685251
350	504.281	-103.950308077094
350	508.936	-84.1603731924449
350	513.593	-80.4882443277029
350	518.252	-73.4942882206876
350	522.914	-75.7404369816998
350	527.579	-64.5602648426172
350	532.245	-50.7584383882512
350	536.915	-21.7862891417102
350	541.586	-60.1873531578518
350	546.26	-36.6400495405264
350	550.936	-50.9877286320781
350	555.615	-31.9389743282561
350	560.296	-46.9898281280777
350	564.979	-22.9370462332927
350	569.664	-18.9991634237174
350	574.351	-24.5956362002549
350	579.04	-54.6178457427292
350	583.732	-21.3023270079225
350	588.426	-20.3516203942735
350	593.121	-12.4821562546152
350	597.819	-6.67378091245646
350	602.519	-26.6687926577149
350	607.221	-24.4553867293547
350	611.924	-10.9726504841904
350	616.63	-29.6830137982877
350	621.338	-17.0564397172479
350	626.047	-22.8739430656447
350	630.758	2.57355034412611
350	635.471	-20.1282412459077
350	640.186	-6.04685805164777
350	644.903	3.21761967296735
350	649.621	-20.3878389288638
350	654.341	-30.0075492195244
350	659.063	-19.3673349620425
350	663.787	-11.0489365497123
350	668.512	16.4024373501792
350	673.238	-32.0376814395545
350	677.967	-18.1655988761027
350	682.696	22.5190473004831
350	687.428	-0.940717313011785
350	692.16	-12.4714152166089
350	696.895	-50.2090603778821
350	701.63	-82.9864874540864
350	706.367	-115.577136083837
350	711.106	-46.6852596573312
350	715.845	-21.1411390411537
350	720.586	-1.6760470084721
350	725.329	9.93315658794612
350	730.072	-1.0202410120281
350	734.817	-36.7412536139032
350	739.563	-17.5341244279984
350	744.31	37.5685512789093
350	749.058	24.6984888411572
350	753.808	-33.5606518636724
350	758.558	0.374499222209486
350	763.31	-4.54838076774075
350	768.062	-7.26177846331893
350	772.815	-14.9086048790483
350	777.57	-29.6394036836061
350	782.325	7.53396054083773
350	787.081	6.51791010381564
350	791.838	-28.0250864986309
350	796.596	-2.88203172513679
350	801.355	8.23576093090761
350	806.114	17.886265642378
350	810.875	-8.55918561965843
350	815.635	32.5160280673128
350	820.397	-7.8606540964123
350	825.159	5.00419208202542
345	248.336	-7.4895617027807
345	252.814	-12.818774753424
345	257.296	-23.6772770299652
345	261.781	9.01298145079062
345	266.271	-14.8343923230742
345	270.764	-21.3907596603334
345	275.26	35.9231006359119
345	279.76	21.6230783162952
345	284.264	6.34103575208966
345	288.772	7.48446992743921
345	293.283	-18.9799157283812
345	297.797	11.1201329890201
345	302.315	-18.0154929737895
345	306.837	-5.35487511578583
345	311.362	-40.231162599174
345	315.89	-103.163544922546
345	320.422	-124.705506609419
345	324.958	-163.356413368251
345	329.496	-321.557702676002
345	334.038	-241.844936471489
345	338.584	-403.448001334334
345	343.133	-5309.07394512126
345	347.685	17.0656872231339
345	352.24	-2626.69654641325
345	356.799	-49.0863468130395
345	361.361	-25.8308771398103
345	365.926	-53.4228730619247
345	370.495	-55.2133425956055
345	375.067	-48.0556422580083
345	379.641	-62.9393268981984
345	384.219	-41.5980164834728
345	388.801	89.2864041299349
345	393.385	172.574722462095
345	397.972	58.8339433936035
345	402.562	-76.3122676070041
345	407.156	-148.956873782806
345	411.752	-151.241524421279
345	416.352	-161.337605302813
345	420.954	-169.731332420349
345	425.56	-186.88817903428
345	430.168	-160.622550167247
345	434.779	-176.606980109995
345	439.393	-181.401515840233
345	444.01	-167.821742438961
345	448.63	-174.732914134655
345	453.253	-182.099231525727
345	457.878	-155.09262670945
345	462.506	-155.083583222078
345	467.137	-158.404358223533
345	471.771	-128.1636425067
345	476.407	-132.323856234465
345	481.047	-125.017780394767
345	485.688	-136.665220602016
345	490.333	-112.471327645871
345	494.979	-103.477447374507
345	499.629	-100.258025714503
345	504.281	-99.8642788003827
345	508.936	-107.980038001063
345	513.593	-83.8231850849766
345	518.252	-91.7030051623458
345	522.914	-80.2539229325502
345	527.579	-73.9424485807135
345	532.245	-54.3405695270013
345	536.915	-39.1344342573185
345	541.586	-59.6256994735825
345	546.26	-34.6056234443774
345	550.936	-48.4153937722184
345	555.615	-35.6715192344291
345	560.296	-49.2024318798473
345	564.979	-17.0524411558735
345	569.664	-44.6255061592784
345	574.351	-19.9152295784144
345	579.04	-42.2827069213938
345	583.732	-12.0829883509605
345	588.426	-20.3293924596304
345	593.121	-29.9833777789578
345	597.819	-17.617083272663
345	602.519	-35.2458135487728
345	607.221	-27.4193981314892
345	611.924	-4.93352035572738
345	616.63	-19.3983620624976
345	621.338	-6.70198920191956
345	626.047	-29.8940720099191
345	630.758	3.42438017874965
345	635.471	-25.2775877152771
345	640.186	-12.3703559351733
345	644.903	-12.5121419993047
345	649.621	-40.7326671006312
345	654.341	-30.270339248433
345	659.063	-19.3403863590201
345	663.787	-0.91190441083884
345	668.512	22.8740718123462
345	673.238	-17.3887908536407
345	677.967	-26.9113052032445
345	682.696	-14.2127026560014
345	687.428	-76.98819346231
345	692.16	-182.061540115772
345	696.895	-226.519360003267
345	701.63	-109.807623299939
345	706.367	-46.7140859581115
345	711.106	16.6465635360608
345	715.845	-4.03387930479129
345	720.586	-13.1610782276788
345	725.329	3.08199430997195
345	730.072	-4.11996057924438
345	734.817	-15.5757688285905
345	739.563	-8.05441804477703
345	744.31	-3.53852524076967
345	749.058	-5.36297480399529
345	753.808	-6.19200055845665
345	758.558	-15.2159724803518
345	763.31	-24.9811592379006
345	768.062	4.96752810760198
345	772.815	-17.565206050804
345	777.57	-2.32461551241689
345	782.325	7.13348199733907
345	787.081	-11.3550036949161
345	791.838	-48.683283367772
345	796.596	-11.5634804582242
345	801.355	8.21427579854836
345	806.114	11.4299174614069
345	810.875	-18.9108883154155
345	815.635	12.1316778831115
345	820.397	-35.6888435712318
345	825.159	21.0556337920763
340	248.336	-8.63888767264433
340	252.814	-20.2749315980146
340	257.296	-29.8870304325447
340	261.781	11.2735448469153
340	266.271	-13.1883912007876
340	270.764	-4.82088662241635
340	275.26	4.36997185973711
340	279.76	-6.25654700722595
340	284.264	-25.1186128106331
340	288.772	-5.61739940289192
340	293.283	-1.73804740017349
340	297.797	-14.2460195150171
340	302.315	-14.8399070988951
340	306.837	-17.7057497224926
340	311.362	-96.6101703915571
340	315.89	-105.394415848761
340	320.422	-134.352629475837
340	324.958	-208.659649526076
340	329.496	-210.078782429298
340	334.038	-377.263039749222
340	338.584	-4043.67157936724
340	343.133	33.668910290151
340	347.685	-1263.0901735908
340	352.24	-15.2034105647559
340	356.799	-20.0891653646489
340	361.361	-47.9418889869556
340	365.926	-39.5052795121357
340	370.495	-31.4222916403683
340	375.067	-31.2167125938636
340	379.641	7.5531459887186
340	384.219	137.137761813961
340	388.801	99.6398900827026
340	393.385	-28.4403070730168
340	397.972	-139.067752368336
340	402.562	-153.109236500024
340	407.156	-183.951388623877
340	411.752	-192.255569421914
340	416.352	-182.194517712594
340	420.954	-202.324226329513
340	425.56	-207.237691569661
340	430.168	-190.030916307166
340	434.779	-200.864931025124
340	439.393	-204.186543480244
340	444.01	-217.041141232941
340	448.63	-196.844661375463
340	453.253	-199.582945335134
340	457.878	-156.292920052419
340	462.506	-157.317605715644
340	467.137	-163.718289690844
340	471.771	-162.234773720269
340	476.407	-134.5836168485
340	481.047	-132.457830679885
340	485.688	-143.23108031617
340	490.333	-122.079859300364
340	494.979	-129.328656239293
340	499.629	-96.1869403581089
340	504.281	-95.3009191379384
340	508.936	-97.5524157420277
340	513.593	-81.156004923685
340	518.252	-55.8767906305046
340	522.914	-74.8867620128827
340	527.579	-68.5209576177094
340	532.245	-39.4159523658163
340	536.915	-35.2979642349873
340	541.586	-80.4213564206601
340	546.26	-31.4072981119451
340	550.936	-55.2127881862872
340	555.615	-9.61573280507686
340	560.296	-62.4180196507001
340	564.979	-26.9737584310147
340	569.664	-33.652361460982
340	574.351	-25.0595196508296
340	579.04	-42.9486735092909
340	583.732	-18.8225392088866
340	588.426	-23.9959432880495
340	593.121	-16.0658308502575
340	597.819	-28.0319597172294
340	602.519	-13.2989827973733
340	607.221	-20.278865101031
340	611.924	-27.4037536880351
340	616.63	-11.1796064423492
340	621.338	-26.7988076762177
340	626.047	-12.8207312556896
340	630.758	10.3651634525846
340	635.471	-36.526528157993
340	640.186	-4.34714449566806
340	644.903	-19.3833753825363
340	649.621	-25.3092842945147
340	654.341	-35.0898755700885
340	659.063	-12.177535344152
340	663.787	9.32907425745319
340	668.512	26.2703929244787
340	673.238	-45.6286080463411
340	677.967	-135.594554486015
340	682.696	-189.677432516343
340	687.428	-170.140003582757
340	692.16	-56.7286225087085
340	696.895	-19.4275125265359
340	701.63	-19.3774624229123
340	706.367	-10.9750918070371
340	711.106	4.04483621166288
340	715.845	-10.5207229415159
340	720.586	-2.72184108687356
340	725.329	13.8228116663764
340	730.072	-20.1245420514229
340	734.817	-34.9478624049905
340	739.563	-15.2178170050294
340	744.31	18.9398793516151
340	749.058	-14.4479145552616
340	753.808	-0.355332204745745
340	758.558	-15.7240680094222
340	763.31	-8.37437545296826
340	768.062	-16.1690514871946
340	772.815	-27.7281315477243
340	777.57	-21.1927217042794
340	782.325	10.4269641733833
340	787.081	11.5070371582996
340	791.838	-7.37274011253132
340	796.596	-6.25140977955641
340	801.355	-9.00369429893219
340	806.114	4.34265370844003
340	810.875	-31.7012413268548
340	815.635	3.24612384120211
340	820.397	-11.1756541496645
340	825.159	18.3848551543983
335	248.336	-6.60829578883161
335	252.814	-6.56462930700015
335	257.296	-9.55568158511787
335	261.781	-1.29178831714704
335	266.271	-17.04123944144
335	270.764	-12.5483016969343
335	275.26	15.0185906086656
335	279.76	-37.1717169879497
335	284.264	-11.3280452133268
335	288.772	8.14447570990808
335	293.283	-14.5652920294272
335	297.797	-27.1474159190096
335	302.315	-111.271372986713
335	306.837	-71.6185901927316
335	311.362	-108.5592215043
335	315.89	-116.486158287198
335	320.422	-72.3084816307984
335	324.958	-67.7228520848288
335	329.496	-351.053431075983
335	334.038	-393.452772378532
335	338.584	29.8467500463667
335	343.133	-745.597974151327
335	347.685	12.0084157356675
335	352.24	-25.7967507542185
335	356.799	-37.5035682476906
335	361.361	-31.3365698004578
335	365.926	-64.4086845258458
335	370.495	-21.5073020386347
335	375.067	115.612659287045
335	379.641	235.341447233982
335	384.219	76.0526804404221
335	388.801	-89.2869841965694
335	393.385	-168.307672704542
335	397.972	-179.824657743418
335	402.562	-168.859823551805
335	407.156	-199.866685330043
335	411.752	-213.893602000284
335	416.352	-229.339059231076
335	420.954	-231.436304564744
335	425.56	-239.394405196424
335	430.168	-212.866086006533
335	434.779	-230.871575477153
335	439.393	-221.545446623093
335	444.01	-224.555361536313
335	448.63	-214.463806668465
335	453.253	-214.971903863115
335	457.878	-181.594019987765
335	462.506	-176.943636882947
335	467.137	-166.375009616312
335	471.771	-167.699320678284
335	476.407	-149.751571334578
335	481.047	-132.206600302317
335	485.688	-141.90426727499
335	490.333	-115.219695518941
335	494.979	-119.025462063155
335	499.629	-114.379552858581
335	504.281	-103.517804791793
335	508.936	-102.23970941227
335	513.593	-79.4457190731913
335	518.252	-76.0464295096281
335	522.914	-81.5918156730164
335	527.579	-60.3625103764693
335	532.245	-34.6839821941735
335	536.915	-42.783720042953
335	541.586	-70.7749628812233
335	546.26	-54.0543001066217
335	550.936	-41.811164912846
335	555.615	-23.2523164368353
335	560.296	-39.7262830980269
335	564.979	-24.0913962980078
335	569.664	-27.1702636344826
335	574.351	-29.8120545221627
335	579.04	-22.2901631232336
335	583.732	-29.7467382303155
335	588.426	-31.2454571838937
335	593.121	-40.1486508183094
335	597.819	-23.0728180550869
335	602.519	-24.9112601206162
335	607.221	-17.5887896300195
335	611.924	-13.8190726196045
335	616.63	-21.9525447072827
335	621.338	-6.60669166191856
335	626.047	-27.8676582533358
335	630.758	1.77426425511061
335	635.471	-21.2712602021183
335	640.186	-8.56507220449036
335	644.903	7.82250820519435
335	649.621	-13.0238611936065
335	654.341	-29.8797539515831
335	659.063	-18.6108212840674
335	663.787	-21.208082680685
335	668.512	-66.860822805252
335	673.238	-133.599047039419
335	677.967	-108.674895282305
335	682.696	-37.5731840923575
335	687.428	-17.9598166532363
335	692.16	-2.29869062312813
335	696.895	-8.6222583962527
335	701.63	-11.7066199295326
335	706.367	1.34318074176936
335	711.106	2.40529413251024
335	715.845	18.3831918753769
335	720.586	-6.25671708885008
335	725.329	-6.31714054612333
335	730.072	11.3550187163688
335	734.817	-33.8406656735196
335	739.563	-11.173545490905
335	744.31	40.8300736084544
335	749.058	1.85076398451626
335	753.808	-10.8462893618037
335	758.558	4.25711821904149
335	763.31	-13.5790570678353
335	768.062	11.0705338237792
335	772.815	11.807433036895
335	777.57	-10.8184279182973
335	782.325	13.8581726985473
335	787.081	-38.0399445440163
335	791.838	-9.59979155717473
335	796.596	-14.0494656896483
335	801.355	13.962678116421
335	806.114	17.6523300638313
335	810.875	-5.87036539934954
335	815.635	-5.87942778743366
335	820.397	-2.57867828854939
335	825.159	11.7579493360589
330	248.336	-14.085232176882
330	252.814	-17.7607532338374
330	257.296	-66.3343033923331
330	261.781	14.6914433968831
330	266.271	-6.95256853904842
330	270.764	-12.5581066701827
330	275.26	2.78649014505255
330	279.76	-8.82592680149516
330	284.264	-24.8302545217497
330	288.772	10.9518689647426
330	293.283	-55.9196933767412
330	297.797	-62.1036868159451
330	302.315	-135.000085186013
330	306.837	-110.350220650495
330	311.362	-105.880984025156
330	315.89	-98.1801899959831
330	320.422	-71.0954461287525
330	324.958	-568.525700407478
330	329.496	17.0106066956723
330	334.038	29.3384543684733
330	338.584	-688.777407295328
330	343.133	1.97933714651566
330	347.685	-10.3835487458717
330	352.24	-52.5269845490997
330	356.799	-54.739073019599
330	361.361	-53.1330817058041
330	365.926	40.881197694944
330	370.495	205.304801750198
330	375.067	182.793522306905
330	379.641	38.0540253956833
330	384.219	-118.813538448473
330	388.801	-203.20174425754
330	393.385	-183.716684955441
330	397.972	-230.534136829543
330	402.562	-211.648322182522
330	407.156	-260.134118948888
330	411.752	-257.431613305289
330	416.352	-260.48380183087
330	420.954	-240.637972118466
330	425.56	-250.684957849212
330	430.168	-257.615735123084
330	434.779	-240.359259217778
330	439.393	-252.970966271826
330	444.01	-241.226410611344
330	448.63	-244.107380606803
330	453.253	-221.86548193541
330	457.878	-199.364359003144
330	462.506	-198.82060986955
330	467.137	-188.186187912267
330	471.771	-184.638127172281
330	476.407	-154.803100734674
330	481.047	-139.257817382906
330	485.688	-154.355526308503
330	490.333	-130.41482056989
330	494.979	-124.780345482505
330	499.629	-115.205209479171
330	504.281	-114.271715484649
330	508.936	-95.2637798344309
330	513.593	-99.6793222974424
330	518.252	-74.9684603569791
330	522.914	-72.7213222170451
330	527.579	-69.0876818411456
330	532.245	-44.2792066354531
330	536.915	-38.1125612205695
330	541.586	-74.7298723726693
330	546.26	-36.9337213325358
330	550.936	-44.1749937102256
330	555.615	-28.6791205617111
330	560.296	-63.5763414401542
330	564.979	-42.9309474160896
330	569.664	-47.6371491191432
330	574.351	-27.8876758060381
330	579.04	-41.5106373560217
330	583.732	-15.4182936833722
330	588.426	-33.8257424861768
330	593.121	-24.0751795309228
330	597.819	-5.41575056921863
330	602.519	-32.7403398676992
330	607.221	-35.3551053109416
330	611.924	-12.5640303842171
330	616.63	-21.8812733351422
330	621.338	-1.77982590316537
330	626.047	-13.5328969404008
330	630.758	-4.54121012185754
330	635.471	-22.6582638324401
330	640.186	1.26850570962897
330	644.903	-24.8270215887396
330	649.621	-22.9387736599645
330	654.341	-80.3668185965586
330	659.063	-136.932750087438
330	663.787	-236.285076176052
330	668.512	-159.562319307354
330	673.238	-50.6456090964907
330	677.967	-15.9752523024215
330	682.696	1.02576419918772
330	687.428	0.0238283249029081
330	692.16	3.08582284518606
330	696.895	-0.684307737779203
330	701.63	-7.28521981672634
330	706.367	-24.2542536511221
330	711.106	7.47841717320298
330	715.845	-12.2075383899379
330	720.586	12.6124185010223
330	725.329	6.94238064334294
330	730.072	-7.68665231659769
330	734.817	-23.2650310311938
330	739.563	1.90458003884763
330	744.31	32.5519483982111
330	749.058	-6.82706918193106
330	753.808	-12.0128508425617
330	758.558	-9.48333628904061
330	763.31	-15.3380963984283
330	768.062	-17.9336340026458
330	772.815	-14.6792304136946
330	777.57	-17.0477321956136
330	782.325	6.77079137620328
330	787.081	-28.1858056586175
330	791.838	-20.367204863288
330	796.596	-37.063006816701
330	801.355	23.6229085307982
330	806.114	-1.88932161718251
330	810.875	-4.18272302574568
330	815.635	34.283661184744
330	820.397	3.05278802770745
330	825.159	9.1606503157919
325	248.336	-21.6404850784436
325	252.814	-19.192642780195
325	257.296	-41.8221860541749
325	261.781	2.44689610758096
325	266.271	-49.0243586133899
325	270.764	-19.6056367758193
325	275.26	28.8952317152855
325	279.76	-18.622286365208
325	284.264	-40.7249085974591
325	288.772	-37.1088373171829
325	293.283	-70.8605873484955
325	297.797	-79.4343596238205
325	302.315	-102.873834550905
325	306.837	-64.8055242138744
325	311.362	-94.4803614254527
325	315.89	-37.9070262231512
325	320.422	-792.956643221618
325	324.958	12.7435796650352
325	329.496	12.9592443866095
325	334.038	-468.039036133907
325	338.584	-24.5658154062754
325	343.133	-27.827058405113
325	347.685	-53.8259334256771
325	352.24	-71.3743368913786
325	356.799	-58.0318369077481
325	361.361	84.600379192678
325	365.926	287.445514988345
325	370.495	206.886458474065
325	375.067	-39.1712406276206
325	379.641	-180.859483610314
325	384.219	-203.240330285201
325	388.801	-198.764313009173
325	393.385	-223.057363560525
325	397.972	-248.437970450323
325	402.562	-252.115234641486
325	407.156	-294.49727477519
325	411.752	-300.265494471735
325	416.352	-300.742893341274
325	420.954	-284.102634115526
325	425.56	-289.39877078093
325	430.168	-293.128786012903
325	434.779	-281.055984444774
325	439.393	-274.925333598857
325	444.01	-255.833171916629
325	448.63	-241.367134558253
325	453.253	-227.499389960165
325	457.878	-209.364401255567
325	462.506	-203.331436603339
325	467.137	-207.256957934524
325	471.771	-180.078479316704
325	476.407	-161.898015792673
325	481.047	-153.343690527636
325	485.688	-158.927583095004
325	490.333	-142.369915499899
325	494.979	-147.356979152596
325	499.629	-113.519049781486
325	504.281	-116.986406247664
325	508.936	-87.0032751667193
325	513.593	-82.9237921856081
325	518.252	-95.9568593082678
325	522.914	-88.3061635239547
325	527.579	-81.4771390999708
325	532.245	-53.4401390594778
325	536.915	-45.3625493358267
325	541.586	-62.2868275315024
325	546.26	-33.8561205747151
325	550.936	-37.490484391145
325	555.615	-32.7511861531649
325	560.296	-62.9684391134114
325	564.979	-28.8925480119829
325	569.664	-44.3997426177886
325	574.351	-26.4605232225265
325	579.04	-53.6964464158984
325	583.732	-24.5081834654004
325	588.426	-54.9159258846709
325	593.121	-27.7357306014552
325	597.819	-14.0980705481481
325	602.519	-33.2594188018676
325	607.221	-28.6741687583584
325	611.924	-19.7100208316611
325	616.63	-25.5301361182575
325	621.338	-10.0265182484739
325	626.047	-35.4905599334527
325	630.758	2.91785419953406
325	635.471	-32.9030527354056
325	640.186	0.717803414440553
325	644.903	-91.2872612112566
325	649.621	-212.795390181405
325	654.341	-270.735754496523
325	659.063	-143.206584586124
325	663.787	-19.3267735467979
325	668.512	19.4993301764656
325	673.238	0.727524109310224
325	677.967	-34.1329550256868
325	682.696	-7.47714324044014
325	687.428	-2.86595276236039
325	692.16	-12.9605707876254
325	696.895	-3.61884577647202
325	701.63	-5.47768443596641
325	706.367	7.0460073269896
325	711.106	19.8355064107512
325	715.845	-8.30809704672794
325	720.586	-0.371678522222245
325	725.329	16.5475828003373
325	730.072	-5.35079072138529
325	734.817	-19.7910095162286
325	739.563	-21.6116428817631
325	744.31	26.2985350691326
325	749.058	29.7698028753911
325	753.808	-8.58843645170532
325	758.558	-10.84347790766
325	763.31	-36.5933063846322
325	768.062	-11.5903078067594
325	772.815	-12.4552295391492
325	777.57	-27.1505909639211
325	782.325	13.3433670226704
325	787.081	-33.3232181742355
325	791.838	-31.0184097832659
325	796.596	-23.6982485322046
325	801.355	3.21096104609183
325	806.114	-24.0635240476577
325	810.875	-23.6756835637463
325	815.635	29.695269121822
325	820.397	-10.8328057827254
325	825.159	-11.2293438967547
320	248.336	-11.3992674421975
320	252.814	-7.56114736157185
320	257.296	-14.0066111326108
320	261.781	-5.05310956812236
320	266.271	-17.0291145064116
320	270.764	-30.0018675566116
320	275.26	33.0500683291918
320	279.76	2.68434069138277
320	284.264	-74.1915474008583
320	288.772	-3.89204690694453
320	293.283	-82.2766371331883
320	297.797	-96.5435415554292
320	302.315	-113.770106173401
320	306.837	-56.2522113514714
320	311.362	-97.4645023156833
320	315.89	-912.142070394442
320	320.422	14.1342100246475
320	324.958	14.567884514141
320	329.496	-283.960718507662
320	334.038	-43.3568999546409
320	338.584	-54.8064618857754
320	343.133	-38.6790574026789
320	347.685	-55.5160896879032
320	352.24	-61.9637394822327
320	356.799	233.977250034556
320	361.361	325.292734414205
320	365.926	148.516802059068
320	370.495	-140.699998078157
320	375.067	-134.031887858154
320	379.641	-177.431850951754
320	384.219	-237.726449197551
320	388.801	-245.883723829774
320	393.385	-224.10944443352
320	397.972	-272.11042509551
320	402.562	-286.361169229257
320	407.156	-309.557828731665
320	411.752	-297.12562192337
320	416.352	-320.650718433165
320	420.954	-323.60453043569
320	425.56	-306.233552622024
320	430.168	-321.523008849339
320	434.779	-275.722997456618
320	439.393	-293.513074554881
320	444.01	-294.964827694524
320	448.63	-268.631421505052
320	453.253	-270.498541031331
320	457.878	-217.469250053956
320	462.506	-204.767930720522
320	467.137	-209.341380001814
320	471.771	-193.808582487536
320	476.407	-192.051189533844
320	481.047	-149.387403351153
320	485.688	-159.080540878137
320	490.333	-142.786733692691
320	494.979	-134.784444285684
320	499.629	-137.646957040233
320	504.281	-117.219241037166
320	508.936	-98.497668680926
320	513.593	-91.5406748970965
320	518.252	-91.9476996553679
320	522.914	-101.76684782023
320	527.579	-76.166447773696
320	532.245	-53.4984791128086
320	536.915	-43.4963710218148
320	541.586	-57.7787177477881
320	546.26	-41.6175186243883
320	550.936	-46.9891023379788
320	555.615	-35.1408885944845
320	560.296	-45.7782546899928
320	564.979	-46.7865278504292
320	569.664	-26.4470459652967
320	574.351	-27.293171572363
320	579.04	-47.9703494161955
320	583.732	-47.6503922315029
320	588.426	-28.1689496449715
320	593.121	-29.8841738445493
320	597.819	-18.0347667252112
320	602.519	-21.0398176347824
320	607.221	-15.7573407194649
320	611.924	-7.12001136153316
320	616.63	-35.1291394962916
320	621.338	-23.812206537032
320	626.047	-25.7184736402793
320	630.758	-0.583170161463272
320	635.471	-103.736673288633
320	640.186	-143.880080864481
320	644.903	-128.635765123441
320	649.621	-104.74462374003
320	654.341	-31.3118668263269
320	659.063	-18.6027737141273
320	663.787	1.84554459487281
320	668.512	37.0282556993786
320	673.238	-3.65734132119216
320	677.967	-18.5499651332869
320	682.696	12.0167860740824
320	687.428	-12.4693180475178
320	692.16	27.7652285909695
320	696.895	-10.3171973388033
320	701.63	-15.4370029456976
320	706.367	-8.97613126459515
320	711.106	8.71451534565431
320	715.845	-10.7181644942786
320	720.586	21.2732818554814
320	725.329	32.8924774083022
320	730.072	-1.97913031881259
320	734.817	-4.90082260935662
320	739.563	-11.1990487978673
320	744.31	17.6265734446651
320	749.058	-4.24288934001823
320	753.808	-22.0264935164249
320	758.558	-20.6812451223181
320	763.31	-16.6077153090667
320	768.062	-11.3120414180771
320	772.815	-21.7439492108359
320	777.57	-0.442662707192731
320	782.325	-2.81278836827962
320	787.081	-24.5584859621053
320	791.838	-6.26497967437089
320	796.596	-17.6384414368577
320	801.355	22.4374647097213
320	806.114	25.4093283674503
320	810.875	3.81503372749094
320	815.635	29.6326983142738
320	820.397	-22.8647789621367
320	825.159	-17.7645797925365
315	248.336	-6.67718992905542
315	252.814	10.7762184138945
315	257.296	-23.3113101151292
315	261.781	-2.64531815816024
315	266.271	-38.2589565144909
315	270.764	-27.8264417126356
315	275.26	13.7033633170253
315	279.76	-45.3848458812632
315	284.264	-109.492030653787
315	288.772	-33.0806431872859
315	293.283	-92.0014637757074
315	297.797	-84.2549639339746
315	302.315	-76.7390202641518
315	306.837	-64.766317143689
315	311.362	-1048.69430456665
315	315.89	15.0612694505035
315	320.422	-103.393020275089
315	324.958	-137.305761478152
315	329.496	-62.5337039774155
315	334.038	-91.8079099591219
315	338.584	-74.6247612628455
315	343.133	-85.7342242865407
315	347.685	47.6814724764727
315	352.24	299.260911401539
315	356.799	250.233594991328
315	361.361	39.8012130808722
315	365.926	-134.433100004963
315	370.495	-198.280956726073
315	375.067	-175.488839382487
315	379.641	-203.717043162317
315	384.219	-264.258141288466
315	388.801	-247.780095870496
315	393.385	-250.538016467557
315	397.972	-286.282877393849
315	402.562	-284.349570143505
315	407.156	-321.483682183392
315	411.752	-329.500205566929
315	416.352	-328.66226243213
315	420.954	-329.147713882018
315	425.56	-308.571739842169
315	430.168	-324.70100208808
315	434.779	-325.606117066904
315	439.393	-302.003047075757
315	444.01	-281.432397467831
315	448.63	-270.648028720005
315	453.253	-280.297655467506
315	457.878	-234.913764890987
315	462.506	-237.469026090971
315	467.137	-224.624924919853
315	471.771	-195.919661914585
315	476.407	-192.857644309635
315	481.047	-165.202978347772
315	485.688	-187.312246076871
315	490.333	-156.049270786366
315	494.979	-144.761559438458
315	499.629	-135.066717601875
315	504.281	-121.214643101429
315	508.936	-98.6302353092744
315	513.593	-90.6838033011595
315	518.252	-107.688026384546
315	522.914	-79.6756902142701
315	527.579	-77.8378947326547
315	532.245	-57.509621571866
315	536.915	-40.7871911747826
315	541.586	-85.6511666094336
315	546.26	-40.2721190233557
315	550.936	-35.8604239904955
315	555.615	-29.6086073459411
315	560.296	-63.9375687970207
315	564.979	-34.4815334312574
315	569.664	-33.7764815016817
315	574.351	-23.0182893080571
315	579.04	-48.1280705213694
315	583.732	-29.9779632801791
315	588.426	-44.7086045208663
315	593.121	-19.282236804564
315	597.819	-28.7781228356898
315	602.519	-23.5932450720951
315	607.221	-23.7942639719879
315	611.924	-23.3324754376839
315	616.63	-22.5366157673156
315	621.338	-18.0745303633508
315	626.047	-102.208293915489
315	630.758	-150.701488447456
315	635.471	-184.085687364903
315	640.186	-71.469121980253
315	644.903	9.06612952654427
315	649.621	-40.3222245782304
315	654.341	-45.1085181777474
315	659.063	-27.2880558578656
315	663.787	18.4883471132553
315	668.512	26.3861596815477
315	673.238	-11.6751885905556
315	677.967	-49.4805934495775
315	682.696	30.1917770344165
315	687.428	13.2125336205185
315	692.16	-8.4252826842488
315	696.895	-7.65548610420092
315	701.63	8.23705171931827
315	706.367	30.6587858470925
315	711.106	29.7404648460064
315	715.845	3.47619931653777
315	720.586	-24.517756096642
315	725.329	-4.6915094711809
315	730.072	-18.9653392075119
315	734.817	-25.6162508542585
315	739.563	-31.2038983858022
315	744.31	36.8627940517876
315	749.058	-4.93928224831761
315	753.808	-13.2559981591862
315	758.558	-4.65265421335753
315	763.31	-25.1678616167329
315	768.062	-22.0431934275737
315	772.815	0.952172644797074
315	777.57	-20.0159517674617
315	782.325	-13.8830271882986
315	787.081	-21.3848514774657
315	791.838	-40.2137316020717
315	796.596	-20.7446658812438
315	801.355	-4.4747608410477
315	806.114	10.7624727153494
315	810.875	-12.9793059888789
315	815.635	29.9951747247868
315	820.397	-32.245900199544
315	825.159	3.13347645052482
310	248.336	-31.503585715292
310	252.814	-7.81326798076122
310	257.296	-46.8373492449397
310	261.781	6.91266595298725
310	266.271	-51.0600075963492
310	270.764	3.98674844032547
310	275.26	-6.49505081019095
310	279.76	-72.426583849784
310	284.264	-88.7281407084903
310	288.772	-58.72532784522
310	293.283	-107.387298346978
310	297.797	-35.2138711171763
310	302.315	-81.1766967959318
310	306.837	-1169.50216679916
310	311.362	37.3800819320568
310	315.89	-2001.43774059847
310	320.422	-34.0289476017865
310	324.958	-74.5761767011829
310	329.496	-62.8367710578368
310	334.038	-94.1223570953663
310	338.584	-130.486764055214
310	343.133	116.849362887613
310	347.685	471.07744677791
310	352.24	233.410019010214
310	356.799	-78.6314711465857
310	361.361	-181.162316965541
310	365.926	-178.449552747009
310	370.495	-192.097384861289
310	375.067	-181.703237389863
310	379.641	-227.43637334999
310	384.219	-271.085073611834
310	388.801	-310.032620667054
310	393.385	-265.325927176902
310	397.972	-319.919334161245
310	402.562	-297.986343352448
310	407.156	-350.554231658217
310	411.752	-348.682674428963
310	416.352	-341.258785250264
310	420.954	-344.086320876089
310	425.56	-354.911273917694
310	430.168	-339.49846850515
310	434.779	-330.372399832341
310	439.393	-326.021113438663
310	444.01	-301.79147885716
310	448.63	-307.390656793269
310	453.253	-290.818494554725
310	457.878	-230.180376997184
310	462.506	-224.910810147675
310	467.137	-216.050878209488
310	471.771	-204.175360534097
310	476.407	-186.138509322312
310	481.047	-185.621336764712
310	485.688	-182.010544176323
310	490.333	-161.249829342711
310	494.979	-145.101575017832
310	499.629	-134.601081694735
310	504.281	-94.4896904645142
310	508.936	-129.828446187916
310	513.593	-93.481690607888
310	518.252	-86.271940741739
310	522.914	-116.821166131825
310	527.579	-70.6989588939225
310	532.245	-48.9914663348765
310	536.915	-40.648476280993
310	541.586	-67.583924790376
310	546.26	-49.6049255390947
310	550.936	-59.9319251598254
310	555.615	-31.149469744388
310	560.296	-61.278854365522
310	564.979	-40.9739475327613
310	569.664	-32.1301092033369
310	574.351	-6.47083157836462
310	579.04	-35.4662151221434
310	583.732	-23.5523259142883
310	588.426	-37.2711456734818
310	593.121	-34.6307291090534
310	597.819	-24.2272958342583
310	602.519	-30.4693668683771
310	607.221	-28.5914914364486
310	611.924	-53.5787458436403
310	616.63	-120.716505091025
310	621.338	-196.563839651858
310	626.047	-211.397262332009
310	630.758	-83.7169638646026
310	635.471	-24.9734876430031
310	640.186	-7.14308786751496
310	644.903	-11.4805126751922
310	649.621	-15.5532254589994
310	654.341	-45.4917747166891
310	659.063	-9.95851103009936
310	663.787	-17.3708966268687
310	668.512	-4.85724159316318
310	673.238	-6.93021717091245
310	677.967	-10.3031023006745
310	682.696	10.9031396215049
310	687.428	4.30880251522021
310	692.16	17.0971014053073
310	696.895	23.6334822944989
310	701.63	-16.1552502992429
310	706.367	12.7212312085033
310	711.106	17.6453584586955
310	715.845	-11.0935506423727
310	720.586	-19.139977151175
310	725.329	-9.00326681789659
310	730.072	-0.886973189626342
310	734.817	-31.5221323077887
310	739.563	2.29933993818205
310	744.31	25.2280909738375
310	749.058	-9.44512412538843
310	753.808	-7.67971126275463
310	758.558	-16.1834123244052
310	763.31	-12.9822405469773
310	768.062	-24.2067553884199
310	772.815	-26.2284620220624
310	777.57	-2.5438515557785
310	782.325	-6.78931187410415
310	787.081	-8.54252929882917
310	791.838	-47.1741830063601
310	796.596	-32.7587350331017
310	801.355	17.9082262385362
310	806.114	2.86347993771669
310	810.875	-33.9409496284715
310	815.635	15.5462008225797
310	820.397	-15.0827549120311
310	825.159	0.458016108946898
305	248.336	-15.9731521340824
305	252.814	-18.4931047880803
305	257.296	-48.0778059008177
305	261.781	-10.4871826093602
305	266.271	-24.3652217326642
305	270.764	-27.6641623836753
305	275.26	-23.6483935704273
305	279.76	-46.3624450354844
305	284.264	-107.035321792732
305	288.772	-24.890138159299
305	293.283	-43.4432405873413
305	297.797	-89.023910100695
305	302.315	-1560.65076494594
305	306.837	68.4569810281391
305	311.362	-1413.37765846155
305	315.89	-32.5561980099656
305	320.422	-136.504797588014
305	324.958	-111.431615010005
305	329.496	-144.105591952517
305	334.038	-47.7057264493317
305	338.584	328.400101734514
305	343.133	494.641017785485
305	347.685	141.186170500028
305	352.24	-179.605727132489
305	356.799	-207.256239631847
305	361.361	-237.492677363125
305	365.926	-208.991298176982
305	370.495	-209.405772439585
305	375.067	-182.804148297131
305	379.641	-218.485032266863
305	384.219	-226.612109700282
305	388.801	-278.799177869585
305	393.385	-255.328807686882
305	397.972	-286.505195158767
305	402.562	-303.540630433694
305	407.156	-348.264582025362
305	411.752	-340.087140401659
305	416.352	-343.695204661976
305	420.954	-364.313478634868
305	425.56	-335.445209955798
305	430.168	-327.925817520471
305	434.779	-324.398742006486
305	439.393	-320.74102030375
305	444.01	-338.25906439581
305	448.63	-299.085568968691
305	453.253	-293.838577633874
305	457.878	-235.868255727033
305	462.506	-256.599849437834
305	467.137	-229.181257212242
305	471.771	-236.616512311653
305	476.407	-192.78335166009
305	481.047	-200.264052008297
305	485.688	-171.921087816346
305	490.333	-148.399870049389
305	494.979	-132.567099618061
305	499.629	-131.23458621263
305	504.281	-125.473524365157
305	508.936	-129.697116248003
305	513.593	-112.741986405422
305	518.252	-100.88684248736
305	522.914	-99.5956232577617
305	527.579	-80.1177767444637
305	532.245	-54.5721276980215
305	536.915	-56.0541411248251
305	541.586	-89.082751834109
305	546.26	-48.99579657374
305	550.936	-55.754102743833
305	555.615	-30.0091163523903
305	560.296	-61.4298367050865
305	564.979	-12.8295395462623
305	569.664	-47.5888013533293
305	574.351	-34.8968026130729
305	579.04	-38.1049242286108
305	583.732	-18.3811650975947
305	588.426	-54.892703792422
305	593.121	-23.7659883019031
305	597.819	1.63512545102337
305	602.519	-70.4629134218048
305	607.221	-116.495141741221
305	611.924	-190.691498667009
305	616.63	-160.379478117044
305	621.338	-75.5507396080695
305	626.047	-17.3684461728439
305	630.758	11.3192603960726
305	635.471	-22.5714720794989
305	640.186	-18.1646769902014
305	644.903	-6.10001243866906
305	649.621	-47.3289457766164
305	654.341	-44.6818613928819
305	659.063	-16.5391347224351
305	663.787	27.6791819435757
305	668.512	25.3021286567048
305	673.238	-0.729594892915671
305	677.967	-13.3902088702466
305	682.696	17.2330882650296
305	687.428	11.9794822900028
305	692.16	-0.245334178406452
305	696.895	10.0951061518756
305	701.63	-20.1055197242093
305	706.367	6.02548423195418
305	711.106	5.62944360929705
305	715.845	-4.71203287112054
305	720.586	-13.7599578203278
305	725.329	-20.1567866948798
305	730.072	-12.0638875430564
305	734.817	-32.172339137695
305	739.563	-29.5895411199501
305	744.31	46.8510443256629
305	749.058	8.05676133849937
305	753.808	-12.3082304634983
305	758.558	0.511524664623382
305	763.31	-3.7293615214601
305	768.062	-19.3479062055056
305	772.815	-31.7280325754159
305	777.57	-30.6703051703191
305	782.325	-23.383733952848
305	787.081	-7.43324828090542
305	791.838	-20.5477386513184
305	796.596	-21.4989152245726
305	801.355	30.6435815364131
305	806.114	4.04176833319776
305	810.875	-7.02610598494746
305	815.635	10.5441313158496
305	820.397	-21.0942294378133
305	825.159	-4.51976582195185
300	248.336	12.4907945523758
300	252.814	-18.3508776137652
300	257.296	-81.9787568717855
300	261.781	19.9256874345759
300	266.271	-53.8206826611631
300	270.764	-129.542951671538
300	275.26	-59.8914698661592
300	279.76	-86.9812442475079
300	284.264	-88.8228795772462
300	288.772	-16.4147447397301
300	293.283	-140.13475678571
300	297.797	-1663.59399942062
300	302.315	70.8370814050213
300	306.837	-1212.1139592149
300	311.362	-51.8490818287746
300	315.89	-90.5645682263648
300	320.422	-54.1562085089436
300	324.958	-127.321213104351
300	329.496	65.5984534362162
300	334.038	466.439022283823
300	338.584	465.806688364267
300	343.133	-70.7927445842047
300	347.685	-216.204414704468
300	352.24	-285.795239471831
300	356.799	-276.39950711059
300	361.361	-194.354045570742
300	365.926	-209.980409330537
300	370.495	-268.196087831845
300	375.067	-241.792322251589
300	379.641	-246.336491872987
300	384.219	-273.913342607651
300	388.801	-284.134100730164
300	393.385	-278.184685926441
300	397.972	-325.907927684555
300	402.562	-279.750972963605
300	407.156	-342.284812400464
300	411.752	-342.887384265455
300	416.352	-343.536031877321
300	420.954	-305.812052313323
300	425.56	-310.135102087146
300	430.168	-311.191405484522
300	434.779	-319.438668279014
300	439.393	-322.231661795022
300	444.01	-322.602229059249
300	448.63	-277.179190421159
300	453.253	-285.330434270084
300	457.878	-238.074544723172
300	462.506	-236.546680520149
300	467.137	-228.949918411424
300	471.771	-218.241344222324
300	476.407	-185.797311595388
300	481.047	-199.462374582746
300	485.688	-184.123279478463
300	490.333	-173.992265007685
300	494.979	-148.55962630773
300	499.629	-135.917797646533
300	504.281	-129.379528031949
300	508.936	-133.54601315353
300	513.593	-107.013373383286
300	518.252	-112.386550288151
300	522.914	-90.94348973927
300	527.579	-89.4737721630768
300	532.245	-82.2756365473899
300	536.915	-61.2729293881143
300	541.586	-93.8787454058916
300	546.26	-44.7873854662077
300	550.936	-67.3530353908589
300	555.615	-33.5249367714067
300	560.296	-76.4988191477723
300	564.979	-35.448332107971
300	569.664	-30.6547499810078
300	574.351	-44.0943804266574
300	579.04	-68.014519768656
300	583.732	-35.6909015397018
300	588.426	-41.3923274223483
300	593.121	-74.7966759563669
300	597.819	-127.973962620832
300	602.519	-223.619184240213
300	607.221	-167.869014925205
300	611.924	-74.5096466639161
300	616.63	-26.4509518245398
300	621.338	-10.3664395259797
300	626.047	-39.7325647283925
300	630.758	-18.7409523388132
300	635.471	-41.3305406311354
300	640.186	10.4684641092347
300	644.903	-13.0334810928361
300	649.621	-65.5659790776233
300	654.341	-43.5508997943073
300	659.063	-22.9879489018151
300	663.787	22.4776028558269
300	668.512	28.3737596979743
300	673.238	5.28991933446821
300	677.967	-30.5583680204216
300	682.696	33.0435986826466
300	687.428	29.8234018043552
300	692.16	-23.0765318620773
300	696.895	0.520221406623534
300	701.63	-0.504389624612609
300	706.367	-22.2342334378014
300	711.106	5.06311965710911
300	715.845	-16.1508002279512
300	720.586	-18.2208542599511
300	725.329	-20.9835118145854
300	730.072	15.0381395867173
300	734.817	-60.8154672264473
300	739.563	-8.41343561274921
300	744.31	49.4626174886798
300	749.058	15.5594848068638
300	753.808	-9.81757576902477
300	758.558	-25.0900792478739
300	763.31	8.53968415154917
300	768.062	-1.07670686514311
300	772.815	-14.9369881511648
300	777.57	-56.1223101819596
300	782.325	32.1229880695728
300	787.081	-10.9557698635593
300	791.838	-3.65115599802537
300	796.596	-59.6187671275211
300	801.355	16.6244691736158
300	806.114	-10.6245875843642
300	810.875	-12.8724637058233
300	815.635	66.4712750732785
300	820.397	-4.8301296253709
300	825.159	12.3533528429225
295	248.336	-25.8662272097705
295	252.814	-3.53821635005875
295	257.296	-46.9646643225412
295	261.781	-42.981417361495
295	266.271	-66.0118123590688
295	270.764	-71.1129669274172
295	275.26	-109.778672158543
295	279.76	-52.0531270142775
295	284.264	-100.009520329202
295	288.772	-185.251249254308
295	293.283	-2197.42568433304
295	297.797	82.8324684278487
295	302.315	-1187.66509883966
295	306.837	-62.3047429598257
295	311.362	-97.1653054277219
295	315.89	-109.377366767411
295	320.422	-142.440907277963
295	324.958	169.50372495917
295	329.496	476.343420161654
295	334.038	170.666819977255
295	338.584	-283.841405100828
295	343.133	-361.396494915138
295	347.685	-305.431013164791
295	352.24	-391.192505011611
295	356.799	-348.470045344544
295	361.361	-277.527643272332
295	365.926	-277.81912853732
295	370.495	-302.528223830539
295	375.067	-227.455738823195
295	379.641	-257.70886681753
295	384.219	-293.365622141964
295	388.801	-315.520070688544
295	393.385	-263.917662509613
295	397.972	-302.91621684202
295	402.562	-293.695508462362
295	407.156	-343.328986933162
295	411.752	-298.877631938839
295	416.352	-294.627103233746
295	420.954	-311.277255560556
295	425.56	-316.734640431955
295	430.168	-335.148759820878
295	434.779	-311.263804397474
295	439.393	-299.53104643712
295	444.01	-294.405718438515
295	448.63	-289.035989087252
295	453.253	-273.46639763365
295	457.878	-232.749284950668
295	462.506	-249.526363710944
295	467.137	-226.25337781639
295	471.771	-208.331489660263
295	476.407	-173.022264088795
295	481.047	-160.087439894883
295	485.688	-174.508275677784
295	490.333	-141.250796756192
295	494.979	-127.899986927685
295	499.629	-141.342784997049
295	504.281	-123.375306439469
295	508.936	-125.571133814919
295	513.593	-116.87422536469
295	518.252	-89.4196187845128
295	522.914	-103.824616970714
295	527.579	-83.7499140446309
295	532.245	-62.973156364347
295	536.915	-59.8815917247504
295	541.586	-89.468158287654
295	546.26	-46.374924483074
295	550.936	-53.6849080134274
295	555.615	-25.9966755411881
295	560.296	-79.3506528617253
295	564.979	-49.8332195478349
295	569.664	-47.2870083413171
295	574.351	-36.3390950080988
295	579.04	-67.1065624595181
295	583.732	-103.630841073518
295	588.426	-167.190731796005
295	593.121	-264.875081004305
295	597.819	-159.789559618721
295	602.519	-82.662151718846
295	607.221	-29.1138764206009
295	611.924	-55.9712235275435
295	616.63	-11.1510132143674
295	621.338	-37.1156941399495
295	626.047	-37.5159425633338
295	630.758	18.1378250483161
295	635.471	-45.6220419104535
295	640.186	3.84250724921672
295	644.903	9.60727637435151
295	649.621	-38.0577861720298
295	654.341	-6.84138843401612
295	659.063	1.07252469908229
295	663.787	25.9291018297595
295	668.512	47.0379903324846
295	673.238	-36.6594201133135
295	677.967	-39.0760963722481
295	682.696	-11.282967573288
295	687.428	-12.8904962063396
295	692.16	-18.7150734629216
295	696.895	-4.69044681258294
295	701.63	-15.8399719354282
295	706.367	-36.3472917277869
295	711.106	-1.06228177596124
295	715.845	-15.8041225376988
295	720.586	-21.3619063732986
295	725.329	5.02382415589102
295	730.072	37.4486048301795
295	734.817	-65.1917386639639
295	739.563	-33.5693749273545
295	744.31	12.0863231373404
295	749.058	11.0126942565496
295	753.808	-27.7833137908204
295	758.558	19.9117739291275
295	763.31	19.0530101510182
295	768.062	-11.8221352172242
295	772.815	1.173270033924
295	777.57	-51.8205656672668
295	782.325	5.1345689341132
295	787.081	-46.7652400717295
295	791.838	-61.2847158629016
295	796.596	-35.5320063822238
295	801.355	41.155528501524
295	806.114	11.6426225962403
295	810.875	-6.35369288591453
295	815.635	26.6493464893337
295	820.397	-17.372394737048
295	825.159	-8.70079056751583
290	248.336	33.9194013729405
290	252.814	-51.5669507838001
290	257.296	-117.314994203562
290	261.781	-115.764937038222
290	266.271	-59.0327686725982
290	270.764	-85.655649152648
290	275.26	-69.9157274393087
290	279.76	-128.646032770258
290	284.264	-376.281405149023
290	288.772	-3103.88386628775
290	293.283	75.3534809782795
290	297.797	-1018.69569039251
290	302.315	-340.184420121793
290	306.837	-376.334662042067
290	311.362	-444.156356427762
290	315.89	-294.382624163688
290	320.422	154.783105672523
290	324.958	240.457546516622
290	329.496	-359.334427555204
290	334.038	-596.049126132017
290	338.584	-580.143381728193
290	343.133	-635.544447981458
290	347.685	-501.16230597575
290	352.24	-527.723161384901
290	356.799	-466.462335306898
290	361.361	-339.496624678312
290	365.926	-370.618016028257
290	370.495	-349.178807266096
290	375.067	-259.674990449643
290	379.641	-322.601141603585
290	384.219	-351.526883718823
290	388.801	-377.593579996596
290	393.385	-304.207118947842
290	397.972	-289.312374714725
290	402.562	-287.959233468124
290	407.156	-305.458022654209
290	411.752	-281.966824357608
290	416.352	-314.453729534825
290	420.954	-278.95012756662
290	425.56	-291.21365840538
290	430.168	-281.265364199382
290	434.779	-298.178671268683
290	439.393	-288.926149401681
290	444.01	-275.073788491769
290	448.63	-278.9813063515
290	453.253	-297.740327922037
290	457.878	-204.790640175256
290	462.506	-222.374589694272
290	467.137	-220.877105565648
290	471.771	-204.460224667489
290	476.407	-154.362407467997
290	481.047	-170.555908405095
290	485.688	-173.107020420341
290	490.333	-157.285091540482
290	494.979	-145.623572321434
290	499.629	-164.904595759082
290	504.281	-122.469709819063
290	508.936	-135.096562215718
290	513.593	-102.689907919964
290	518.252	-117.928319767205
290	522.914	-108.095056424702
290	527.579	-104.169132948933
290	532.245	-49.9288476372916
290	536.915	-68.7744495690803
290	541.586	-104.09639982465
290	546.26	-64.5833003485808
290	550.936	-60.5229324919355
290	555.615	-51.1564675058051
290	560.296	-83.8880179065508
290	564.979	-26.6830927640055
290	569.664	-91.0721233361804
290	574.351	-156.12348349015
290	579.04	-316.81807866724
290	583.732	-288.651022134296
290	588.426	-236.912599131197
290	593.121	-87.6578009841553
290	597.819	-55.1818623615923
290	602.519	-56.267794257713
290	607.221	-42.685544612396
290	611.924	-40.6579364329659
290	616.63	-49.0683966709575
290	621.338	-27.9259729391609
290	626.047	-73.2436250479974
290	630.758	4.73302232179699
290	635.471	-32.6847202583222
290	640.186	-9.82688824329986
290	644.903	-6.09375330327009
290	649.621	-8.26721848399342
290	654.341	-80.6128028232575
290	659.063	-60.4602138214432
290	663.787	-16.3662142985138
290	668.512	25.5366859807744
290	673.238	-24.4110487930648
290	677.967	-33.5960659973077
290	682.696	-22.1479683293664
290	687.428	25.7701699799366
290	692.16	-12.5977841121336
290	696.895	-18.4737368352432
290	701.63	-30.925885612783
290	706.367	-30.7118176319495
290	711.106	20.919817385417
290	715.845	-60.8740004378095
290	720.586	-58.6555263044419
290	725.329	-7.9499653676788
290	730.072	-4.90924758323149
290	734.817	-42.1556823497437
290	739.563	-53.3548501688755
290	744.31	34.9110091879486
290	749.058	3.2244655150173
290	753.808	-24.1396951798006
290	758.558	-36.5781812188862
290	763.31	9.52105013511334
290	768.062	-1.36058318175849
290	772.815	9.58404235550801
290	777.57	-6.95440389311308
290	782.325	12.817629640317
290	787.081	-55.3305709405973
290	791.838	-30.5351746645691
290	796.596	-62.2554533330124
290	801.355	36.458637945629
290	806.114	36.5332662716795
290	810.875	-25.5895411692299
290	815.635	10.8490045347701
290	820.397	-31.9955374222355
290	825.159	24.2899718691395
285	248.336	-64.0662346439626
285	252.814	-80.7395162004489
285	257.296	-174.224392164859
285	261.781	-65.1329687250371
285	266.271	-81.4659193194377
285	270.764	-119.004538490313
285	275.26	-18.5454704101919
285	279.76	-498.896812887562
285	284.264	-3016.22008014991
285	288.772	112.27556642866
285	293.283	-1273.32240247604
285	297.797	-815.074779972095
285	302.315	-980.352533722535
285	306.837	-1117.41352717423
285	311.362	-808.528940371531
285	315.89	-97.9234630414594
285	320.422	-449.696139615014
285	324.958	-1115.14429760907
285	329.496	-1213.92397495246
285	334.038	-1131.70788446002
285	338.584	-1009.0893587983
285	343.133	-910.080191680564
285	347.685	-752.960649845875
285	352.24	-769.270671287429
285	356.799	-600.118302911414
285	361.361	-464.014173971053
285	365.926	-457.110651115793
285	370.495	-417.981545941184
285	375.067	-323.243659256272
285	379.641	-347.727001119169
285	384.219	-403.323323414844
285	388.801	-323.776572228636
285	393.385	-266.550680941878
285	397.972	-320.504805539274
285	402.562	-297.593440072496
285	407.156	-344.905363279266
285	411.752	-325.937206436192
285	416.352	-305.899494057009
285	420.954	-306.70368567005
285	425.56	-336.341671023341
285	430.168	-289.027057675221
285	434.779	-284.406758292366
285	439.393	-289.702972706338
285	444.01	-273.808434679496
285	448.63	-268.809355262552
285	453.253	-260.916495348463
285	457.878	-196.658571216352
285	462.506	-225.941996154083
285	467.137	-224.570549022737
285	471.771	-212.159994005695
285	476.407	-215.252457688432
285	481.047	-195.946825036341
285	485.688	-209.568190066278
285	490.333	-174.199303623887
285	494.979	-175.169459342979
285	499.629	-153.51061116484
285	504.281	-171.451274686631
285	508.936	-149.873855416787
285	513.593	-125.925078352884
285	518.252	-107.324566696696
285	522.914	-140.457249204769
285	527.579	-96.7428260469717
285	532.245	-62.5526535600208
285	536.915	-65.0190886061659
285	541.586	-100.161553659263
285	546.26	-64.0527493413409
285	550.936	-66.0589238027672
285	555.615	-77.9965272665418
285	560.296	-90.9552850624906
285	564.979	-141.017421118561
285	569.664	-316.735631396202
285	574.351	-412.028135144546
285	579.04	-266.916281742206
285	583.732	-77.2306781982427
285	588.426	-101.423594986733
285	593.121	-78.1030541154702
285	597.819	-37.6233189543695
285	602.519	-77.0146426678768
285	607.221	-85.4930727064771
285	611.924	-66.6989662625667
285	616.63	-95.8084857058814
285	621.338	-39.8420790438318
285	626.047	-48.1272163125238
285	630.758	-12.1759788334145
285	635.471	-24.5196291661877
285	640.186	-51.8173858068027
285	644.903	-47.9444130911849
285	649.621	-100.789014460016
285	654.341	-86.481828383827
285	659.063	-66.191714436821
285	663.787	-42.0136980872868
285	668.512	8.92932879842642
285	673.238	-88.4067102434189
285	677.967	-47.4119595153037
285	682.696	-19.4517018058838
285	687.428	-18.8925334136129
285	692.16	-31.4573776835526
285	696.895	-5.25489196347793
285	701.63	-26.6578510704017
285	706.367	-52.6203046747062
285	711.106	2.74681516846204
285	715.845	-30.9554998123765
285	720.586	29.0561274740786
285	725.329	25.2414099442377
285	730.072	-42.2331029401442
285	734.817	-43.2353117185618
285	739.563	-32.9688147565995
285	744.31	-14.5095719036573
285	749.058	6.58237332912882
285	753.808	-27.6296212680039
285	758.558	-25.0808924480816
285	763.31	-9.28458053985834
285	768.062	-9.36245905378287
285	772.815	-29.740133354211
285	777.57	-39.1099560480911
285	782.325	28.3816539191785
285	787.081	-19.9168130994563
285	791.838	-46.5506800753183
285	796.596	-19.3952165972233
285	801.355	1.47896121785241
285	806.114	22.7259982393443
285	810.875	-21.1785060587283
285	815.635	20.4173472881116
285	820.397	-19.7429011642569
285	825.159	18.2919117679406
280	248.336	-72.0885113557056
280	252.814	-134.072548991951
280	257.296	-128.694410264198
280	261.781	-91.595574779933
280	266.271	-162.860304393932
280	270.764	-134.234002466713
280	275.26	-645.441419443537
280	279.76	-4479.92095550658
280	284.264	36.8412676485605
280	288.772	-1163.16782589145
280	293.283	-1098.01421534096
280	297.797	-1413.22267216356
280	302.315	-1692.77598425123
280	306.837	-1118.0148482034
280	311.362	-691.858370268374
280	315.89	-1098.86964944306
280	320.422	-1736.07553959903
280	324.958	-1824.90065124895
280	329.496	-1677.59500800361
280	334.038	-1525.93215294253
280	338.584	-1379.16934784467
280	343.133	-1221.07543580486
280	347.685	-968.527131956765
280	352.24	-947.201986382524
280	356.799	-745.517191859883
280	361.361	-581.066707497158
280	365.926	-452.576490846492
280	370.495	-514.087939887791
280	375.067	-408.873608145678
280	379.641	-355.165427475659
280	384.219	-425.31982402935
280	388.801	-372.251996813352
280	393.385	-329.87722754204
280	397.972	-272.015788129866
280	402.562	-273.800119021518
280	407.156	-328.005103656821
280	411.752	-325.490511194896
280	416.352	-299.536889023883
280	420.954	-271.739627524209
280	425.56	-315.876980223561
280	430.168	-317.720226089565
280	434.779	-285.653170737784
280	439.393	-294.133925469622
280	444.01	-295.251518501787
280	448.63	-323.755836019735
280	453.253	-303.906008320648
280	457.878	-243.814336589864
280	462.506	-238.78792930629
280	467.137	-271.80397255543
280	471.771	-220.208131335941
280	476.407	-203.152258700552
280	481.047	-227.66294593851
280	485.688	-199.010744700906
280	490.333	-164.281235093024
280	494.979	-177.892147490152
280	499.629	-193.583970000565
280	504.281	-158.890267013725
280	508.936	-163.397256972807
280	513.593	-157.208216176548
280	518.252	-148.287486617134
280	522.914	-153.163910712696
280	527.579	-114.35841377298
280	532.245	-106.324208491329
280	536.915	-82.6485336088353
280	541.586	-176.24876204211
280	546.26	-83.5049029576362
280	550.936	-111.331856670926
280	555.615	-163.430124374356
280	560.296	-332.769573295554
280	564.979	-443.546771219587
280	569.664	-298.868343459118
280	574.351	-130.260296422282
280	579.04	-116.155695457749
280	583.732	-108.920876285641
280	588.426	-141.571339259976
280	593.121	-106.82149179428
280	597.819	-112.57020672171
280	602.519	-123.687845439625
280	607.221	-144.846687555945
280	611.924	-68.2402388405414
280	616.63	-72.7395674306346
280	621.338	-34.4810208131149
280	626.047	-83.2411108815845
280	630.758	-8.9662113316927
280	635.471	-125.801241300142
280	640.186	-86.3377751151238
280	644.903	-73.4887318927816
280	649.621	-106.927473916382
280	654.341	-88.6144635795832
280	659.063	-97.3016396535153
280	663.787	-24.0828562175683
280	668.512	5.21342122310242
280	673.238	-48.0809931429016
280	677.967	-80.6145168760334
280	682.696	-16.6140300294313
280	687.428	17.4886482371378
280	692.16	1.53334093873608
280	696.895	-46.9458317363435
280	701.63	-62.8597983574139
280	706.367	-58.9092713224245
280	711.106	14.3284321984172
280	715.845	-62.5838822799556
280	720.586	1.61727797146998
280	725.329	-17.8872710617929
280	730.072	-20.4751512004599
280	734.817	-66.820167052915
280	739.563	-55.961505183584
280	744.31	-10.1360216479714
280	749.058	-4.26748028131495
280	753.808	-23.4186856630329
280	758.558	-15.9611078885123
280	763.31	-29.7601102596487
280	768.062	-19.0993694728225
280	772.815	5.45437974808171
280	777.57	-50.1554498436835
280	782.325	52.8704863089259
280	787.081	-24.1700688063676
280	791.838	-74.5433809191566
280	796.596	-98.5988824464193
280	801.355	53.6323060691452
280	806.114	6.86348664177488
280	810.875	-5.10964668725553
280	815.635	45.934248701195
280	820.397	-103.043567980318
280	825.159	-41.688379120173
275	248.336	-92.082139295425
275	252.814	-33.6985370889856
275	257.296	-222.08568533253
275	261.781	-150.900578272031
275	266.271	-178.646998207412
275	270.764	-685.272160301365
275	275.26	-5267.61908559858
275	279.76	-5757.08851668882
275	284.264	-1163.58444460037
275	288.772	-1073.20238249655
275	293.283	-1553.31666908335
275	297.797	-1691.80095640425
275	302.315	-1196.08790318365
275	306.837	-938.209586003943
275	311.362	-1683.94401644632
275	315.89	-2065.02154538785
275	320.422	-2140.56939745017
275	324.958	-2050.63321174481
275	329.496	-1941.71407126215
275	334.038	-1629.93923109227
275	338.584	-1505.28327310158
275	343.133	-1299.79580042795
275	347.685	-1030.82785449316
275	352.24	-1003.73836227611
275	356.799	-777.583758092604
275	361.361	-613.548522926322
275	365.926	-557.408978914649
275	370.495	-437.70537490609
275	375.067	-419.40797452413
275	379.641	-390.125674315194
275	384.219	-397.063861252103
275	388.801	-351.035717435343
275	393.385	-255.524093887785
275	397.972	-315.254194687039
275	402.562	-224.886766005957
275	407.156	-303.138950831586
275	411.752	-334.248643291843
275	416.352	-277.845545624314
275	420.954	-336.83777201323
275	425.56	-259.090210797986
275	430.168	-280.621094704543
275	434.779	-321.839025130166
275	439.393	-305.028179098509
275	444.01	-287.072321217648
275	448.63	-331.225784422523
275	453.253	-337.793960787701
275	457.878	-262.702730042473
275	462.506	-259.905647326252
275	467.137	-265.107251545837
275	471.771	-235.321763082152
275	476.407	-221.581703757182
275	481.047	-209.951316802753
275	485.688	-236.470760452237
275	490.333	-241.070109099894
275	494.979	-190.774257852798
275	499.629	-213.097144587877
275	504.281	-185.108193552252
275	508.936	-164.572086478133
275	513.593	-196.379353307343
275	518.252	-139.182527961199
275	522.914	-153.494797890963
275	527.579	-102.452906247237
275	532.245	-106.014608566064
275	536.915	-77.6377089414656
275	541.586	-177.813823728765
275	546.26	-242.752309707175
275	550.936	-533.689854903679
275	555.615	-388.208907432413
275	560.296	-340.955121098922
275	564.979	-111.177277680139
275	569.664	-77.7218006532509
275	574.351	-90.2536948388346
275	579.04	-188.323235205735
275	583.732	-100.657576797491
275	588.426	-183.01247156867
275	593.121	-145.389564730101
275	597.819	-96.0693424215577
275	602.519	-108.736010748541
275	607.221	-99.351959632553
275	611.924	-85.4028425763501
275	616.63	-142.457227769075
275	621.338	-108.282062661251
275	626.047	-142.5210723833
275	630.758	-79.3002444159556
275	635.471	-125.67416561855
275	640.186	-93.9806716667145
275	644.903	-61.9723153483535
275	649.621	-110.707365045026
275	654.341	-184.861092382673
275	659.063	-100.495237465647
275	663.787	-72.2907150531033
275	668.512	-26.3010991833362
275	673.238	-32.6024591963175
275	677.967	-75.5969381858274
275	682.696	59.4058553997287
275	687.428	34.5023070954638
275	692.16	0.0279006205973431
275	696.895	-78.9174652640414
275	701.63	-121.202142099379
275	706.367	-54.2922617353453
275	711.106	53.9509818199933
275	715.845	23.0558710769595
275	720.586	-54.6666647424081
275	725.329	-43.631746785065
275	730.072	-22.4275057460306
275	734.817	-65.9160815501293
275	739.563	-19.8978063549275
275	744.31	31.1756129630043
275	749.058	-23.3788441335352
275	753.808	-33.1060654475624
275	758.558	-69.6533878329269
275	763.31	-4.21480231988332
275	768.062	-23.8149038657681
275	772.815	-18.4654813827105
275	777.57	47.6740872631412
275	782.325	-16.832973805881
275	787.081	1.19710131263237
275	791.838	-69.2165311577459
275	796.596	-58.7180530274837
275	801.355	49.7457121051945
275	806.114	62.9946205803154
275	810.875	-10.0887228256915
275	815.635	5.0771496199868
275	820.397	-33.4125485656024
275	825.159	-34.4124472335856
270	248.336	-47.7601074340733
270	252.814	-125.128891861911
270	257.296	-211.090298946643
270	261.781	-199.577812633922
270	266.271	-875.302735722542
270	270.764	-6038.62058994036
270	275.26	-5345.36733552178
270	279.76	-962.65740277952
270	284.264	-942.356151745046
270	288.772	-1287.71316411395
270	293.283	-1278.08615629215
270	297.797	-389.884316272861
270	302.315	-1011.74549238639
270	306.837	-1925.9265561936
270	311.362	-2150.09968160863
270	315.89	-2002.86955743856
270	320.422	-1937.28045583625
270	324.958	-1947.10844011072
270	329.496	-1748.43040719687
270	334.038	-1517.22549143744
270	338.584	-1472.75365949175
270	343.133	-1153.57394829702
270	347.685	-962.984753006899
270	352.24	-875.443258223561
270	356.799	-716.072258146074
270	361.361	-627.167148204122
270	365.926	-414.249417439005
270	370.495	-429.706968587438
270	375.067	-331.314064609636
270	379.641	-342.134210087309
270	384.219	-367.79137269591
270	388.801	-324.602732428446
270	393.385	-309.544590190883
270	397.972	-313.333019841313
270	402.562	-298.254356501775
270	407.156	-398.179880382754
270	411.752	-304.894967900277
270	416.352	-329.552544700403
270	420.954	-335.264156028487
270	425.56	-320.468685201508
270	430.168	-339.422413120756
270	434.779	-348.706459749623
270	439.393	-363.849425744093
270	444.01	-381.440992946878
270	448.63	-343.262865590975
270	453.253	-359.585722120532
270	457.878	-268.043246620236
270	462.506	-316.0571152983
270	467.137	-343.50433802574
270	471.771	-284.27275214174
270	476.407	-290.555624858316
270	481.047	-262.353013149658
270	485.688	-291.401236538581
270	490.333	-216.904747551609
270	494.979	-190.730148312957
270	499.629	-233.398424925283
270	504.281	-211.760683914437
270	508.936	-255.758841611704
270	513.593	-190.346921617768
270	518.252	-180.364370713919
270	522.914	-176.768275592936
270	527.579	-194.770065441321
270	532.245	-127.177276064111
270	536.915	-239.645936894236
270	541.586	-535.173110332226
270	546.26	-559.63506940151
270	550.936	-393.883498143319
270	555.615	-81.8703593075959
270	560.296	-196.786349523371
270	564.979	-105.615635350228
270	569.664	-152.436619754253
270	574.351	-137.130881991159
270	579.04	-173.701016737113
270	583.732	-101.858762633746
270	588.426	-137.724431656601
270	593.121	-38.1460904302155
270	597.819	-50.5270221846035
270	602.519	-21.9852902302732
270	607.221	-99.8389074541851
270	611.924	-133.908693817297
270	616.63	-171.273882378257
270	621.338	-134.96283758909
270	626.047	-148.768368275008
270	630.758	-72.1743480701281
270	635.471	-159.240804678598
270	640.186	-52.3746735919855
270	644.903	-38.2336490614028
270	649.621	-110.703984302953
270	654.341	-108.391989641814
270	659.063	-127.731501033373
270	663.787	3.15672501186073
270	668.512	-39.5516907213002
270	673.238	-50.3525473544247
270	677.967	-99.4854717715782
270	682.696	16.0832027468104
270	687.428	-10.7132684140493
270	692.16	16.3515959099097
270	696.895	-28.3265731580487
270	701.63	25.3147493146088
270	706.367	-26.7386114782463
270	711.106	4.55114812883444
270	715.845	14.9438425517049
270	720.586	-38.7972431185691
270	725.329	55.5688693491752
270	730.072	4.7306749534328
270	734.817	-104.146060186801
270	739.563	-5.84012210822653
270	744.31	57.4645662325393
270	749.058	-0.00563464542743919
270	753.808	3.77815910788969
270	758.558	17.5621392562148
270	763.31	-31.9871324449409
270	768.062	-36.2078367852484
270	772.815	6.40623546101366
270	777.57	-76.4042482230367
270	782.325	-62.891200225943
270	787.081	-61.638309818724
270	791.838	-96.1281229468228
270	796.596	-155.25813176134
270	801.355	14.5614881585608
270	806.114	55.7693640023075
270	810.875	-65.0318318133577
270	815.635	12.2367330755395
270	820.397	-114.529589862787
270	825.159	43.6535354194221
265	248.336	-90.9249846354298
265	252.814	-197.186699785678
265	257.296	-248.319818810755
265	261.781	-1559.55308390491
265	266.271	-7362.34768773514
265	270.764	-4963.81118112119
265	275.26	-355.670733115598
265	279.76	-488.348141030816
265	284.264	-832.546094827316
265	288.772	-153.257990636115
265	293.283	235.942218986993
265	297.797	-378.186528851042
265	302.315	-1768.59821239051
265	306.837	-1780.75035912996
265	311.362	-1767.74179961022
265	315.89	-1730.45887810453
265	320.422	-1773.15024340762
265	324.958	-1721.80855179543
265	329.496	-1399.5428237305
265	334.038	-1247.29439601407
265	338.584	-1214.21418849384
265	343.133	-1072.55679500532
265	347.685	-802.162652349648
265	352.24	-825.053292757833
265	356.799	-791.265624712092
265	361.361	-450.049660790921
265	365.926	-516.177464416349
265	370.495	-453.762445795281
265	375.067	-339.056981226369
265	379.641	-388.436665060557
265	384.219	-420.95754730337
265	388.801	-404.20706565959
265	393.385	-295.966000675938
265	397.972	-351.322935137812
265	402.562	-305.892905056743
265	407.156	-422.434800655271
265	411.752	-306.737368243599
265	416.352	-391.293874852377
265	420.954	-321.060985119458
265	425.56	-404.42374786657
265	430.168	-421.077657334712
265	434.779	-361.379259341328
265	439.393	-404.056017058023
265	444.01	-414.648840266084
265	448.63	-426.321719968541
265	453.253	-461.465807165221
265	457.878	-393.312309699809
265	462.506	-407.718853525023
265	467.137	-404.481947516769
265	471.771	-340.647972623853
265	476.407	-280.456861109626
265	481.047	-294.27172924265
265	485.688	-338.022338492849
265	490.333	-193.347971835646
265	494.979	-261.819897328037
265	499.629	-276.573223663715
265	504.281	-212.461703339792
265	508.936	-280.360335991301
265	513.593	-202.248509384189
265	518.252	-205.181195642281
265	522.914	-218.721148818785
265	527.579	-511.917960664597
265	532.245	-702.449398473889
265	536.915	-671.972460425671
265	541.586	-547.028777180107
265	546.26	-111.858262479996
265	550.936	-163.33759304002
265	555.615	-59.7455878967593
265	560.296	-205.322308087824
265	564.979	-77.0486484934335
265	569.664	-60.9786068695261
265	574.351	-102.144486816143
265	579.04	-109.88326667392
265	583.732	5.09600711203791
265	588.426	-64.2845349926132
265	593.121	-459.435280294555
265	597.819	-68.4115349778215
265	602.519	-115.18972872721
265	607.221	-135.141036511363
265	611.924	-159.827977447549
265	616.63	-168.318785518194
265	621.338	-80.2947119802102
265	626.047	-156.476314335512
265	630.758	-62.2459213959533
265	635.471	-126.729581220526
265	640.186	-69.8389741254536
265	644.903	-64.7674180235522
265	649.621	-193.717468761471
265	654.341	-196.728627578513
265	659.063	-100.345480865515
265	663.787	-30.9513763721938
265	668.512	58.9671383760263
265	673.238	-11.0433236685911
265	677.967	-78.6433247089609
265	682.696	30.8396304754579
265	687.428	18.1486643439485
265	692.16	10.4097944880348
265	696.895	-17.0584501579212
265	701.63	35.6418285696819
265	706.367	32.0710661467531
265	711.106	102.650465810808
265	715.845	25.9657656130813
265	720.586	8.33559790322388
265	725.329	70.7223005934923
265	730.072	-9.64000362266994
265	734.817	-44.7948125271324
265	739.563	-19.9011191402514
265	744.31	109.065620331812
265	749.058	60.8571809757076
265	753.808	-51.565480541877
265	758.558	-87.3106243850055
265	763.31	-78.2398599509772
265	768.062	-7.64433607007462
265	772.815	-86.704113749622
265	777.57	-80.4982652917575
265	782.325	-9.49902389136452
265	787.081	-4.87140333677429
265	791.838	-82.2063834332819
265	796.596	-86.9076559068835
265	801.355	50.862715567687
265	806.114	-11.3187262537212
265	810.875	-144.485475016795
265	815.635	-34.7717757299898
265	820.397	-7.28054994168877
265	825.159	26.0657822459911
260	248.336	-3.23528529601401
260	252.814	-191.253867015255
260	257.296	-1995.56138112975
260	261.781	-8202.63035205516
260	266.271	-5092.96610510967
260	270.764	-328.534804670649
260	275.26	-83.3925327344803
260	279.76	-215.207348840738
260	284.264	740.067662020549
260	288.772	1225.50073447543
260	293.283	-411.436026189128
260	297.797	-1350.35116646033
260	302.315	-1464.64922932759
260	306.837	-1372.47440113961
260	311.362	-1292.66917746455
260	315.89	-1328.05852503754
260	320.422	-1378.54863691529
260	324.958	-1381.375553505
260	329.496	-1243.7445722054
260	334.038	-1086.62688587361
260	338.584	-1005.8832577949
260	343.133	-807.833377908095
260	347.685	-603.982472937797
260	352.24	-716.414838132181
260	356.799	-718.946109390854
260	361.361	-580.303291494242
260	365.926	-489.189282400353
260	370.495	-443.886784458427
260	375.067	-292.133993011063
260	379.641	-345.112016722546
260	384.219	-433.722222302366
260	388.801	-419.25859654667
260	393.385	-218.47551013039
260	397.972	-380.131722572259
260	402.562	-385.648664133174
260	407.156	-513.908264945486
260	411.752	-413.681658989216
260	416.352	-413.250798400278
260	420.954	-423.468051295478
260	425.56	-438.354587950782
260	430.168	-492.970034534813
260	434.779	-434.461137691779
260	439.393	-480.172763724909
260	444.01	-463.535704418224
260	448.63	-486.182525944038
260	453.253	-485.939689274033
260	457.878	-346.840975584108
260	462.506	-409.324590834571
260	467.137	-465.894090873901
260	471.771	-386.956018909574
260	476.407	-349.620423413977
260	481.047	-374.573864581117
260	485.688	-348.500433381502
260	490.333	-328.762064187676
260	494.979	-285.26416390614
260	499.629	-273.756289977433
260	504.281	-246.132982422842
260	508.936	-290.15585980768
260	513.593	-351.527230510195
260	518.252	-678.231045267767
260	522.914	-1026.31456358898
260	527.579	-798.011312671006
260	532.245	-461.312347023718
260	536.915	-46.2626790237017
260	541.586	-205.414659686821
260	546.26	-43.959335133414
260	550.936	-139.221778185146
260	555.615	-45.6994841620039
260	560.296	-177.325920039195
260	564.979	-62.4726286876991
260	569.664	-10.9012188146264
260	574.351	21.5291990714552
260	579.04	-75.8435702546625
260	583.732	-41.0943320988523
260	588.426	-202.946646506912
260	593.121	-135.269244697357
260	597.819	-157.91510740917
260	602.519	-145.412869228402
260	607.221	-100.979715974119
260	611.924	-113.340045509523
260	616.63	-80.5818729249586
260	621.338	-91.1566352104476
260	626.047	-149.746231537675
260	630.758	-12.8913742516744
260	635.471	-98.1536969606563
260	640.186	-48.3354766126784
260	644.903	23.8910938982716
260	649.621	-125.048367130787
260	654.341	-156.147172595575
260	659.063	-131.194672675804
260	663.787	9.41252168597869
260	668.512	74.3978556141244
260	673.238	-80.8148714310022
260	677.967	-76.5797024853421
260	682.696	106.683693890079
260	687.428	99.4069079443491
260	692.16	55.733528738688
260	696.895	-107.175522311572
260	701.63	-128.045787031526
260	706.367	1.48638705258654
260	711.106	80.078565432051
260	715.845	-70.2783241990678
260	720.586	50.2060807036443
260	725.329	10.6026579393666
260	730.072	-3.40676466927146
260	734.817	-176.832230337643
260	739.563	-139.595946292916
260	744.31	61.4645968592706
260	749.058	38.2189535149111
260	753.808	-54.0057684668408
260	758.558	-58.8266007951341
260	763.31	-1.9313431705279
260	768.062	-15.6113714125743
260	772.815	-134.621891365284
260	777.57	-83.3052975926126
260	782.325	-80.5013729668402
260	787.081	-186.318009517308
260	791.838	-30.8433683579524
260	796.596	-29.454878510165
260	801.355	7.22340718746974
260	806.114	73.1450194829888
260	810.875	-193.207149238058
260	815.635	41.9600338922629
260	820.397	-147.845630430897
260	825.159	45.4466073200237
255	248.336	-76.7243872007116
255	252.814	-1886.57714480079
255	257.296	-8272.88500738534
255	261.781	-5131.69894508729
255	266.271	-176.368013448922
255	270.764	97.4689327468932
255	275.26	641.112896923445
255	279.76	2192.92631892993
255	284.264	1387.0464073141
255	288.772	-164.055700675545
255	293.283	-964.476114888932
255	297.797	-1000.97559610985
255	302.315	-1049.40541456107
255	306.837	-1123.50744847165
255	311.362	-1143.38710202083
255	315.89	-1149.5456481078
255	320.422	-1029.50835909583
255	324.958	-1035.01937373523
255	329.496	-784.743194750242
255	334.038	-789.675716053612
255	338.584	-843.599114759764
255	343.133	-608.280437483466
255	347.685	-586.146802121309
255	352.24	-737.215969312933
255	356.799	-408.66818757444
255	361.361	-435.264082098763
255	365.926	-460.301436618754
255	370.495	-269.566248555149
255	375.067	-263.32883927397
255	379.641	-244.10764648691
255	384.219	-370.485586056782
255	388.801	-396.605629972882
255	393.385	-191.67853178684
255	397.972	-444.682187111823
255	402.562	-340.200967115121
255	407.156	-563.51793087531
255	411.752	-458.717041220062
255	416.352	-555.64462860324
255	420.954	-554.175517409306
255	425.56	-553.810134618125
255	430.168	-473.803328607245
255	434.779	-630.265008391178
255	439.393	-656.798004372786
255	444.01	-435.655748120018
255	448.63	-602.159350624629
255	453.253	-591.778092054313
255	457.878	-469.543446941392
255	462.506	-455.036585465624
255	467.137	-513.018926438497
255	471.771	-382.306164218691
255	476.407	-325.970143778464
255	481.047	-451.965124549526
255	485.688	-322.965121793576
255	490.333	-311.249209345306
255	494.979	-295.509811024832
255	499.629	-335.429665326038
255	504.281	-422.852739615185
255	508.936	-711.86038803286
255	513.593	-990.499439403793
255	518.252	-753.077454821956
255	522.914	-480.348169442454
255	527.579	-213.989485433645
255	532.245	-180.676911390702
255	536.915	-8.11784669046662
255	541.586	-227.834448137568
255	546.26	-125.919432984362
255	550.936	-106.724832136075
255	555.615	36.0348923363619
255	560.296	97.5884474297394
255	564.979	151.165919461937
255	569.664	61.0260058282186
255	574.351	-2.15826391523564
255	579.04	-148.503864610199
255	583.732	-23.963727179081
255	588.426	-172.991013343895
255	593.121	-155.072751253689
255	597.819	-112.689462179829
255	602.519	-102.227698261214
255	607.221	9.96542595009825
255	611.924	-109.714048092332
255	616.63	-158.026871582782
255	621.338	-131.916177070618
255	626.047	-174.819113921652
255	630.758	70.6885477271173
255	635.471	-183.973515216009
255	640.186	36.6637348354871
255	644.903	-53.2375008166029
255	649.621	-147.525426871271
255	654.341	-327.300385768531
255	659.063	-91.5170690656057
255	663.787	-88.7275334281537
255	668.512	104.83477917245
255	673.238	-148.689763123487
255	677.967	-17.349115165257
255	682.696	138.162835536477
255	687.428	184.235358220211
255	692.16	13.6556235157239
255	696.895	-106.846691159954
255	701.63	-158.209772451697
255	706.367	-127.955851448271
255	711.106	108.283865240167
255	715.845	83.3614979763289
255	720.586	-16.5915266577399
255	725.329	-40.8022244035797
255	730.072	-24.1498918660107
255	734.817	-229.248544255668
255	739.563	93.6280656320583
255	744.31	264.337463159113
255	749.058	7.46408602750912
255	753.808	-12.7302385895707
255	758.558	-156.921110178031
255	763.31	-183.874222647766
255	768.062	43.5264990823933
255	772.815	-61.9925572195123
255	777.57	-169.797960566378
255	782.325	47.481100725321
255	787.081	-111.334812618728
255	791.838	-183.085941945209
255	796.596	-107.691575097097
255	801.355	203.903280376802
255	806.114	-75.2113499573547
255	810.875	-107.871670326578
255	815.635	135.735042037068
255	820.397	12.3946298816823
255	825.159	-35.0392675998101
250	248.336	-1854.49355906926
250	252.814	-7048.72579849741
250	257.296	-4629.93992193385
250	261.781	-67.5464400865576
250	266.271	-65.8210074073484
250	270.764	1151.15436316837
250	275.26	3432.53391078758
250	279.76	1970.44166392124
250	284.264	-359.8275561758
250	288.772	-293.51510043102
250	293.283	-563.772783483571
250	297.797	-549.91143006016
250	302.315	-838.888297182023
250	306.837	-685.921401866968
250	311.362	-831.578774738744
250	315.89	-827.743312166825
250	320.422	-847.794535441071
250	324.958	-1155.04934678093
250	329.496	-901.664117095363
250	334.038	-739.86991543112
250	338.584	-874.386306010215
250	343.133	-531.087675757713
250	347.685	-457.588581157199
250	352.24	-556.661371237023
250	356.799	-719.614854738799
250	361.361	-262.510833939319
250	365.926	-374.936820790458
250	370.495	-634.661845137553
250	375.067	-141.764974466052
250	379.641	-456.45350993721
250	384.219	-717.7622167497
250	388.801	-459.598045183425
250	393.385	-82.4797876910743
250	397.972	-474.226109769248
250	402.562	-405.71553431928
250	407.156	-708.900763077291
250	411.752	-507.397962489545
250	416.352	-583.178151113894
250	420.954	-412.610895505537
250	425.56	-712.736433930829
250	430.168	-744.503053916625
250	434.779	-545.254343729836
250	439.393	-599.03811234721
250	444.01	-711.155494294918
250	448.63	-531.615852207237
250	453.253	-580.308725659801
250	457.878	-322.634588722973
250	462.506	-473.566869621539
250	467.137	-450.350428354119
250	471.771	-452.840001085431
250	476.407	-555.843079090889
250	481.047	-500.68478219112
250	485.688	-236.184077716083
250	490.333	-324.704226583912
250	494.979	-386.694092977717
250	499.629	-949.723212405916
250	504.281	-1096.81521811997
250	508.936	-1174.98186247361
250	513.593	-331.103478846082
250	518.252	-352.805156854157
250	522.914	-171.463264696459
250	527.579	-255.207042326357
250	532.245	-80.5200601680717
250	536.915	161.376280579589
250	541.586	54.6894338287423
250	546.26	40.0745519537531
250	550.936	58.3433186763612
250	555.615	116.5137943026
250	560.296	-148.581602621111
250	564.979	15.368328548769
250	569.664	-230.611777262489
250	574.351	-106.124384816109
250	579.04	-278.061796771512
250	583.732	-105.157131070766
250	588.426	-134.974569087849
250	593.121	-67.7576513101243
250	597.819	160.299415906306
250	602.519	12.2440903734468
250	607.221	-262.324446518702
250	611.924	-30.0175115815412
250	616.63	-141.073420707181
250	621.338	-158.385194909289
250	626.047	-166.139493281271
250	630.758	12.8045471848956
250	635.471	-216.805229148392
250	640.186	80.1286775212746
250	644.903	29.4153492048678
250	649.621	-78.6490108422696
250	654.341	-119.425477784875
250	659.063	-80.6130994663897
250	663.787	31.1148709739614
250	668.512	285.852299810149
250	673.238	-199.846892085131
250	677.967	-232.806041610143
250	682.696	196.99583693268
250	687.428	-17.8465493605582
250	692.16	70.9357588647167
250	696.895	-193.787920083751
250	701.63	-69.1173401635592
250	706.367	-29.0704779614967
250	711.106	100.022540232377
250	715.845	86.8204730349037
250	720.586	-120.195763610948
250	725.329	175.191492417269
250	730.072	-18.8678180625377
250	734.817	-384.742766327992
250	739.563	-73.9695244309588
250	744.31	330.866323360572
250	749.058	47.693875830667
250	753.808	-60.1397813365645
250	758.558	119.736529946839
250	763.31	-121.646400752571
250	768.062	-20.8505295096375
250	772.815	216.544281640767
250	777.57	-13.310512881074
250	782.325	9.03092118245142
250	787.081	-62.805043210538
250	791.838	-203.425719385469
250	796.596	-298.966613599538
250	801.355	341.452760173899
250	806.114	0.598717301484896
250	810.875	-194.06651854045
250	815.635	396.40505248755
250	820.397	-107.02866798873
250	825.159	51.296650817331
245	248.336	-5656.16275582519
245	252.814	-2110.67858404873
245	257.296	142.15553321086
245	261.781	1040.39687100652
245	266.271	2713.47273873547
245	270.764	4006.93605913981
245	275.26	2196.33568806868
245	279.76	-82.5710944473549
245	284.264	-766.585358319159
245	288.772	-210.461210035733
245	293.283	-611.951027399272
245	297.797	-405.042137824534
245	302.315	-1023.4254390114
245	306.837	-772.933060806806
245	311.362	-572.649218580071
245	315.89	-820.794598062541
245	320.422	-907.142427216381
245	324.958	-935.511106855057
245	329.496	-690.523021001571
245	334.038	-612.459381553562
245	338.584	-694.182987501514
245	343.133	1.85578580868969
245	347.685	-560.925990687274
245	352.24	-1252.87797122731
245	356.799	-705.938028534915
245	361.361	-788.83318515281
245	365.926	-308.892077903247
245	370.495	-608.185330606128
245	375.067	-6.74800493975829
245	379.641	-421.56807731179
245	384.219	-938.318579895067
245	388.801	-871.600609340222
245	393.385	-508.279082041816
245	397.972	-596.206210324005
245	402.562	-605.36948919375
245	407.156	-1182.62724878319
245	411.752	-781.768364224048
245	416.352	-812.088829701382
245	420.954	-354.665793733636
245	425.56	-920.401076333244
245	430.168	-719.826152711636
245	434.779	-865.534852597383
245	439.393	-792.046411617091
245	444.01	-620.756159080386
245	448.63	-923.200367647958
245	453.253	-732.950681682
245	457.878	-305.338782123436
245	462.506	-388.906184976046
245	467.137	-431.142455951291
245	471.771	-767.539039789329
245	476.407	-170.569858925463
245	481.047	-194.278383761285
245	485.688	-537.02611418579
245	490.333	-772.93380004173
245	494.979	-340.95445406048
245	499.629	-979.692680344884
245	504.281	-309.509453896364
245	508.936	-420.325170046502
245	513.593	-239.549430080563
245	518.252	-432.817320492196
245	522.914	-227.214805673269
245	527.579	-59.3727622699541
245	532.245	139.347751209593
245	536.915	327.739436253135
245	541.586	-45.9123157861493
245	546.26	238.415927390751
245	550.936	49.2904995903497
245	555.615	178.789173005634
245	560.296	-580.275919856809
245	564.979	272.230123208869
245	569.664	91.4495430369649
245	574.351	16.4067783469538
245	579.04	-370.685363076197
245	583.732	-379.004923267112
245	588.426	33.2779996270561
245	593.121	-216.003457918448
245	597.819	27.8080842125247
245	602.519	-202.287721224035
245	607.221	85.7378213549049
245	611.924	-137.120603739282
245	616.63	-242.99151780895
245	621.338	-385.420374726287
245	626.047	-589.263640401867
245	630.758	351.930947378951
245	635.471	-101.710862910724
245	640.186	126.824296310442
245	644.903	176.814434073008
245	649.621	-357.176077301707
245	654.341	-563.687122319282
245	659.063	-132.823774702404
245	663.787	288.553484559796
245	668.512	368.739598312281
245	673.238	-187.90684403742
245	677.967	-306.756957561819
245	682.696	145.42529867065
245	687.428	-13.5846589018385
245	692.16	66.9689881031131
245	696.895	283.405885335991
245	701.63	-183.969017889766
245	706.367	-289.443223675202
245	711.106	6.96579096141326
245	715.845	-126.140536700564
245	720.586	183.096603824607
245	725.329	286.038846289974
245	730.072	29.7902546543725
245	734.817	-390.846639565189
245	739.563	-292.301195342436
245	744.31	59.8424371031697
245	749.058	36.7495483032741
245	753.808	235.995801878695
245	758.558	-240.031330571692
245	763.31	-158.187644556999
245	768.062	136.131978007282
245	772.815	-103.315488569766
245	777.57	-333.206717945639
245	782.325	49.7784510602565
245	787.081	-203.619074094727
245	791.838	-575.980556572712
245	796.596	-439.92802135327
245	801.355	373.260545528395
245	806.114	120.199477489553
245	810.875	-752.651293800229
245	815.635	761.080156543907
245	820.397	-500.170470033292
245	825.159	529.578723143478
240	248.336	-1089.1429588518
240	252.814	-1068.78272532801
240	257.296	313.099066891558
240	261.781	3545.11987951047
240	266.271	3181.10489101536
240	270.764	1798.09435334517
240	275.26	1764.59338306028
240	279.76	-615.396195575284
240	284.264	-1614.04210537233
240	288.772	20.0238499371848
240	293.283	-414.71338867265
240	297.797	-1168.42719877498
240	302.315	-1093.50733566145
240	306.837	36.9739054508398
240	311.362	-707.265579119157
240	315.89	-463.802863492265
240	320.422	-1526.56718480282
240	324.958	-102.899627558014
240	329.496	-597.977581336811
240	334.038	-966.318519262272
240	338.584	-455.348007024035
240	343.133	-1222.22973162482
240	347.685	-899.391809220967
240	352.24	-604.289320095118
240	356.799	-882.539593619819
240	361.361	118.669411495101
240	365.926	-1576.6909840919
240	370.495	-792.263062025286
240	375.067	437.252623769852
240	379.641	-787.050983474787
240	384.219	-1291.09054319717
240	388.801	-153.211349593216
240	393.385	-397.702689468566
240	397.972	-155.023201127706
240	402.562	219.500500389845
240	407.156	-1086.55241613819
240	411.752	-875.695142156652
240	416.352	-1528.89796026012
240	420.954	-1202.25039016106
240	425.56	-842.817756116753
240	430.168	-1093.05764422799
240	434.779	-178.255835093896
240	439.393	-1318.00344764022
240	444.01	-1106.11399542337
240	448.63	-1669.2263556817
240	453.253	-1437.06126973699
240	457.878	506.736481743426
240	462.506	-299.135876901552
240	467.137	-808.16688447297
240	471.771	-878.626487950169
240	476.407	-1.28228987474813
240	481.047	-294.257896563271
240	485.688	-1172.8540060027
240	490.333	-464.918902669844
240	494.979	-435.602337370797
240	499.629	-210.022013528497
240	504.281	272.399450164795
240	508.936	-341.027400057657
240	513.593	-640.413897252423
240	518.252	-432.586587053499
240	522.914	-86.5527989717073
240	527.579	550.470363649612
240	532.245	1032.54547217894
240	536.915	620.390117241951
240	541.586	-782.352906778968
240	546.26	205.295912716972
240	550.936	-410.26489930199
240	555.615	606.996502039921
240	560.296	-895.472926683396
240	564.979	55.9646573826926
240	569.664	-144.295875475008
240	574.351	-409.971346058091
240	579.04	-280.706910359802
240	583.732	-188.154853265007
240	588.426	-921.384931421189
240	593.121	-352.549291161916
240	597.819	-27.1973444354432
240	602.519	292.175938161614
240	607.221	115.176710611927
240	611.924	576.408744062851
240	616.63	-55.7941588871537
240	621.338	357.511694570931
240	626.047	-379.104197369284
240	630.758	540.650529476428
240	635.471	-439.031376192504
240	640.186	146.985383935125
240	644.903	987.135477166069
240	649.621	-544.375003993753
240	654.341	-1704.97450798472
240	659.063	-125.289746834414
240	663.787	784.870116408157
240	668.512	1569.24820473416
240	673.238	-713.206304845723
240	677.967	-1489.24695536484
240	682.696	791.053804839235
240	687.428	588.992135384099
240	692.16	-528.786896964197
240	696.895	165.60159931317
240	701.63	-1101.77250096057
240	706.367	-745.952069617403
240	711.106	722.831629824268
240	715.845	-1066.15057210329
240	720.586	-845.771478772135
240	725.329	106.781584463587
240	730.072	1114.70588722899
240	734.817	-1505.5608062444
240	739.563	-591.972152606329
240	744.31	854.88410886555
240	749.058	-369.721057835984
240	753.808	244.552865530286
240	758.558	209.258576348262
240	763.31	505.32952013471
240	768.062	448.683830796031
240	772.815	-706.725219636387
240	777.57	-1234.73463642709
240	782.325	-100.259185364917
240	787.081	-144.186398521542
240	791.838	-937.3863242791
240	796.596	-1352.69478026425
240	801.355	1828.76280260925
240	806.114	1119.85017670681
240	810.875	144.285450588342
240	815.635	767.234333847816
240	820.397	-1629.26609719342
240	825.159	218.35665681561
