Long Name	Sample - Blank	S1c/R1c
nm	nm	
		Z of Sample - Blank
500	248.336	-18.1573332299327
500	252.814	21.1384814801742
500	257.296	16.6042489570779
500	261.781	14.9754030184869
500	266.271	7.60173355088358
500	270.764	-4.42398775528311
500	275.26	13.0583048771663
500	279.76	-10.2654815795921
500	284.264	12.0607859162153
500	288.772	22.2734835936797
500	293.283	2.6125144330231
500	297.797	14.1198799147429
500	302.315	9.41336555938765
500	306.837	-12.3408303121505
500	311.362	5.43043436739644
500	315.89	20.6902665893274
500	320.422	37.9787938449418
500	324.958	-1.02797821535633
500	329.496	2.57384243317755
500	334.038	38.0345944374637
500	338.584	14.5616436319359
500	343.133	19.7512312187702
500	347.685	3.64551739839418
500	352.24	3.16149167926441
500	356.799	-18.1970344240269
500	361.361	15.0783541644637
500	365.926	-23.7561886920665
500	370.495	-12.3379438983166
500	375.067	32.0265048142885
500	379.641	-17.4673607949386
500	384.219	-6.13677631057262
500	388.801	27.1531805859537
500	393.385	12.762977225744
500	397.972	-22.4009724078952
500	402.562	-3.50599298387982
500	407.156	24.4178715832106
500	411.752	17.586029629833
500	416.352	-6.3240069043157
500	420.954	-6.19657458076769
500	425.56	-17.8534858946494
500	430.168	1.99359654457347
500	434.779	11.9132416672683
500	439.393	-2.35798824508917
500	444.01	19.502791555753
500	448.63	30.2445701946056
500	453.253	22.6966272442288
500	457.878	-8.22268160219344
500	462.506	11.1608751025049
500	467.137	2.95868659444424
500	471.771	17.5317730159437
500	476.407	-1.38873159261235
500	481.047	-10.751680893695
500	485.688	67.6186491107838
500	490.333	35.599499515938
500	494.979	494.40952409699
500	499.629	3089.38996424067
500	504.281	3604.22428960273
500	508.936	535.009437201264
500	513.593	14.3214385641047
500	518.252	1.80193855683104
500	522.914	-8.79416163930572
500	527.579	10.9482971747667
500	532.245	-0.690283000011561
500	536.915	12.8220446462337
500	541.586	-24.0786262527763
500	546.26	1.82535581725831
500	550.936	3.66215020289801
500	555.615	24.4927892090295
500	560.296	12.1344835147946
500	564.979	41.8340552999487
500	569.664	1.14059855528567
500	574.351	13.1690876869076
500	579.04	15.5690759028789
500	583.732	13.3688581228675
500	588.426	-24.9313971362218
500	593.121	9.7100158992349
500	597.819	-5.68641735294473
500	602.519	-31.8825983234725
500	607.221	-1.77667183769182
500	611.924	2.89099187260346
500	616.63	14.1454877924346
500	621.338	2.44025531305875
500	626.047	-4.91892919477474
500	630.758	-19.468795540259
500	635.471	-19.6296879042671
500	640.186	18.8235919075009
500	644.903	1.69824518503992
500	649.621	7.29697588217464
500	654.341	-3.9263362575402
500	659.063	-5.71393679290206
500	663.787	2.66710066342
500	668.512	34.582779811667
500	673.238	53.2905104633404
500	677.967	4.11298440921022
500	682.696	-7.35497667548341
500	687.428	-2.30422930484646
500	692.16	9.31217679864603
500	696.895	4.23575639085942
500	701.63	-2.82837685378603
500	706.367	6.22943688495173
500	711.106	12.5899791777141
500	715.845	13.2104876137477
500	720.586	-0.478556863907142
500	725.329	10.4363665482753
500	730.072	-4.97489132655717
500	734.817	-2.02547982874039
500	739.563	-4.58442765860517
500	744.31	27.7894428035682
500	749.058	12.9866293815868
500	753.808	-37.0627258652706
500	758.558	-8.1019757550933
500	763.31	-7.14196255447447
500	768.062	-13.8775743769983
500	772.815	-0.0237518204380578
500	777.57	22.6421914544259
500	782.325	15.5524622149905
500	787.081	-19.4891783880272
500	791.838	-3.54545428749507
500	796.596	-48.0829909671014
500	801.355	-4.66718758902026
500	806.114	-32.6849324781796
500	810.875	11.4076580199275
500	815.635	15.5563895340775
500	820.397	6.73992897331329
500	825.159	-20.213289428812
495	248.336	6.94416962119826
495	252.814	-33.2813133385579
495	257.296	5.49027088893005
495	261.781	-15.0251460981006
495	266.271	24.3758614960096
495	270.764	36.8732255216663
495	275.26	17.7812500800683
495	279.76	-21.0676077963748
495	284.264	9.23711888738231
495	288.772	12.6194720206649
495	293.283	-1.40695138886531
495	297.797	0.452681724355598
495	302.315	-5.76028796408976
495	306.837	-18.9747998659043
495	311.362	7.49495495063366
495	315.89	-25.0858200189902
495	320.422	16.7401534236872
495	324.958	-2.7356186078022
495	329.496	20.8289332914359
495	334.038	-25.1545463008959
495	338.584	-18.1406295737835
495	343.133	3.26215480906147
495	347.685	-6.06697277433782
495	352.24	-8.51988039968681
495	356.799	-22.9400309740281
495	361.361	-6.73063790137173
495	365.926	-3.85205736935863
495	370.495	-29.6963607272193
495	375.067	25.2916623075477
495	379.641	-1.3619987700772
495	384.219	24.188346589557
495	388.801	9.27312023535216
495	393.385	23.6347348491751
495	397.972	-27.3634683918112
495	402.562	-9.80639276514875
495	407.156	15.9674886848215
495	411.752	-5.35513393287069
495	416.352	13.5698107791951
495	420.954	-27.3358550015761
495	425.56	5.43730328435396
495	430.168	-1.06305731361361
495	434.779	1.42295721993831
495	439.393	-8.79414201144116
495	444.01	-5.57765088090138
495	448.63	6.84646799207765
495	453.253	11.492311050058
495	457.878	18.4249831640068
495	462.506	-0.304543312581622
495	467.137	40.6932732980741
495	471.771	34.8546153824358
495	476.407	19.8075194328052
495	481.047	20.694685014259
495	485.688	79.2377422022998
495	490.333	1593.36319645353
495	494.979	7119.44677636627
495	499.629	6092.49844035217
495	504.281	769.303210714376
495	508.936	-6.68775290279024
495	513.593	23.9202405905584
495	518.252	23.4649269337024
495	522.914	-8.80841318001923
495	527.579	5.37322184577825
495	532.245	5.68350666087648
495	536.915	24.8040347449962
495	541.586	-16.6992267809392
495	546.26	10.6786303428952
495	550.936	11.085127496567
495	555.615	25.1415019372298
495	560.296	-11.4602397286942
495	564.979	28.4444111763646
495	569.664	-0.326517535415578
495	574.351	12.7754624854794
495	579.04	12.5617611452719
495	583.732	16.0750282757701
495	588.426	-13.3000142234282
495	593.121	-0.55589924256725
495	597.819	24.0959301141529
495	602.519	-15.9523467428862
495	607.221	-11.9271990155171
495	611.924	10.6980925975935
495	616.63	-2.86906563443618
495	621.338	2.55482078091071
495	626.047	-15.740655138915
495	630.758	-19.613377711432
495	635.471	-9.33066247658971
495	640.186	-9.34507793813958
495	644.903	11.3422297512649
495	649.621	28.763798794924
495	654.341	34.6598048052988
495	659.063	-13.354646039035
495	663.787	-2.38593551599731
495	668.512	18.8549344632668
495	673.238	34.3067052546452
495	677.967	14.2366050891693
495	682.696	9.45294561689935
495	687.428	3.31698660542803
495	692.16	4.58873824528528
495	696.895	9.22755532813095
495	701.63	3.8084038465558
495	706.367	0.85228153829416
495	711.106	1.72818202270407
495	715.845	2.62759619275405
495	720.586	-19.2782803063046
495	725.329	20.3994665082076
495	730.072	0.00688430134932538
495	734.817	-10.7937464745245
495	739.563	-12.2828652196347
495	744.31	17.9233161396324
495	749.058	-14.4020036307608
495	753.808	-1.8932929710916
495	758.558	-18.3109572692609
495	763.31	13.2807764605538
495	768.062	-27.2887105140288
495	772.815	-16.3696390089965
495	777.57	13.6671052990373
495	782.325	19.0172924792878
495	787.081	29.5380245795356
495	791.838	-22.1358289236361
495	796.596	-10.7492318226688
495	801.355	-7.87221545834823
495	806.114	-49.1337693215132
495	810.875	-3.23725227734189
495	815.635	25.4945543547106
495	820.397	-19.9334260525341
495	825.159	4.18184841511435
490	248.336	20.1299120382696
490	252.814	-22.0799385501721
490	257.296	5.47579102198687
490	261.781	-1.0063833255871
490	266.271	5.12339400591269
490	270.764	6.17111418940173
490	275.26	-0.4882935536664
490	279.76	1.94990625893225
490	284.264	19.5053592289495
490	288.772	-0.00856729687936841
490	293.283	-1.69361225885811
490	297.797	-11.8301456276589
490	302.315	11.9980875079987
490	306.837	-31.5294000095317
490	311.362	6.38397342866514
490	315.89	-12.3345014817435
490	320.422	21.9251573664097
490	324.958	3.29507572493087
490	329.496	13.8192409811456
490	334.038	-10.5499961962613
490	338.584	5.03105345197131
490	343.133	5.46022262791157
490	347.685	15.6008555162025
490	352.24	-0.42698374691723
490	356.799	-2.59593291952993
490	361.361	26.5702024289748
490	365.926	16.1629295620021
490	370.495	18.6129189089511
490	375.067	26.3130617798365
490	379.641	-4.56593690719053
490	384.219	-30.9418775787574
490	388.801	-5.58100548060532
490	393.385	19.470008385316
490	397.972	-36.5808841846062
490	402.562	6.3993539574325
490	407.156	-3.86786167003547
490	411.752	-4.1443519842028
490	416.352	-15.6820625161429
490	420.954	-10.0153625899976
490	425.56	7.87710249131197
490	430.168	-9.97021231689352
490	434.779	9.94955879388838
490	439.393	-5.0931595073523
490	444.01	11.3492782310103
490	448.63	13.0006520880723
490	453.253	26.306697428818
490	457.878	13.6800351464901
490	462.506	28.0058886745245
490	467.137	37.7260002544731
490	471.771	22.1326522996317
490	476.407	24.6810861937985
490	481.047	45.088991734023
490	485.688	1870.98290104639
490	490.333	6561.59468392339
490	494.979	5071.38044714415
490	499.629	346.709445517265
490	504.281	5.59040394038745
490	508.936	-9.23891422976164
490	513.593	24.8040564242922
490	518.252	11.1940052451952
490	522.914	14.5434429060679
490	527.579	10.8496010866872
490	532.245	4.85916594252573
490	536.915	27.3203159902462
490	541.586	-12.200954193237
490	546.26	-13.4417021996127
490	550.936	-4.69792973049204
490	555.615	30.1305745233836
490	560.296	13.6578681183695
490	564.979	-1.78876866906792
490	569.664	13.8813426046483
490	574.351	-5.14476175301542
490	579.04	0.379217463109228
490	583.732	32.5528217164854
490	588.426	-20.9039286716997
490	593.121	22.328674755032
490	597.819	23.0122677133623
490	602.519	-14.5035433146378
490	607.221	12.1352238419646
490	611.924	10.3225229821852
490	616.63	-2.27666605666394
490	621.338	10.1776442263696
490	626.047	0.00129236611060191
490	630.758	-0.325958336799436
490	635.471	-5.40380706211094
490	640.186	-17.2556718086242
490	644.903	-12.6494099016407
490	649.621	5.20423863683215
490	654.341	17.6158366747991
490	659.063	3.90734507482825
490	663.787	-11.8893894653374
490	668.512	5.07075483854563
490	673.238	11.3143605392321
490	677.967	17.2979863141392
490	682.696	20.0795011145223
490	687.428	-5.61796237365625
490	692.16	-9.03474046648778
490	696.895	-1.88932076534598
490	701.63	0.762842360819011
490	706.367	23.2106408265634
490	711.106	0.770983008044361
490	715.845	-5.93182074017516
490	720.586	-27.7340538477977
490	725.329	1.60475490492571
490	730.072	-6.86307509316344
490	734.817	-7.73071779807656
490	739.563	6.1689335103664
490	744.31	25.3670345278584
490	749.058	15.1162893098508
490	753.808	-3.85237197744779
490	758.558	-11.3437944478244
490	763.31	5.78675429854191
490	768.062	3.5984689573518
490	772.815	-26.0253750114991
490	777.57	-32.0282073347342
490	782.325	-10.6649467550923
490	787.081	0.968014691048975
490	791.838	-33.8386525339032
490	796.596	-15.5564747445328
490	801.355	8.39376551552956
490	806.114	-51.1582292043752
490	810.875	0.0130812531903057
490	815.635	13.8437856577719
490	820.397	-6.70520147253092
490	825.159	-6.70193115923334
485	248.336	17.3429604890145
485	252.814	-7.544120913429
485	257.296	20.5582511078785
485	261.781	-7.57665849798348
485	266.271	-0.0071569103946949
485	270.764	-0.0014322275571188
485	275.26	-16.5161928858171
485	279.76	13.7616296925699
485	284.264	12.2259609677549
485	288.772	1.6502654831823
485	293.283	-6.73618924752766
485	297.797	4.21837583011238
485	302.315	-1.13220469168331
485	306.837	4.50400253418612
485	311.362	2.63078386122113
485	315.89	7.1096707846378
485	320.422	43.4908490393709
485	324.958	31.3473685098727
485	329.496	-0.00350662096835919
485	334.038	-9.12182259653173
485	338.584	19.3628728512463
485	343.133	27.6479740765412
485	347.685	12.2882462675349
485	352.24	5.2239005135845
485	356.799	-21.9530055697942
485	361.361	11.8773063952927
485	365.926	-10.2576889262466
485	370.495	-10.5932937608981
485	375.067	36.9304155139687
485	379.641	-7.41824560455657
485	384.219	-13.1835367650673
485	388.801	59.2675398791971
485	393.385	8.97574407048644
485	397.972	-18.7598191273584
485	402.562	11.3579758493521
485	407.156	-3.98032594183485
485	411.752	-11.4003734367118
485	416.352	-16.3527451248555
485	420.954	-3.77320055651991
485	425.56	-4.92680938022582
485	430.168	-4.83323978009704
485	434.779	-9.65333777486792
485	439.393	2.09983362890331
485	444.01	2.3768465876911
485	448.63	26.4815329586025
485	453.253	44.8743479508469
485	457.878	37.0749760310186
485	462.506	17.0013350320444
485	467.137	20.9669736693718
485	471.771	22.7473892576497
485	476.407	43.4085429552686
485	481.047	1792.76251255618
485	485.688	5049.58074690213
485	490.333	2160.8279096307
485	494.979	78.7903095243087
485	499.629	20.2793882277394
485	504.281	4.96627500981852
485	508.936	6.55319557552572
485	513.593	17.3539204439197
485	518.252	5.40006411931556
485	522.914	-3.73710977583003
485	527.579	2.96404315246161
485	532.245	-0.253217282378571
485	536.915	16.7668366248939
485	541.586	-20.4906665769578
485	546.26	-0.813218069408968
485	550.936	6.11195458732679
485	555.615	10.5594104266819
485	560.296	10.3217330833486
485	564.979	11.5485747604096
485	569.664	1.73495405452275
485	574.351	7.80353348772196
485	579.04	28.12147597493
485	583.732	14.9753937878933
485	588.426	-15.9192233752321
485	593.121	7.68223138865068
485	597.819	26.8557838280272
485	602.519	-15.153847948274
485	607.221	3.00617112687928
485	611.924	15.1463201680375
485	616.63	-9.49551606695145
485	621.338	12.9627562096469
485	626.047	-9.34417203660063
485	630.758	-14.1698196317169
485	635.471	16.4983078277592
485	640.186	-10.8100785306508
485	644.903	10.294039527196
485	649.621	5.54466689246807
485	654.341	-4.63168681979421
485	659.063	-11.6869126836941
485	663.787	5.41659554070147
485	668.512	9.55500991952352
485	673.238	31.2408598732996
485	677.967	-3.80258368222704
485	682.696	15.7463282791163
485	687.428	-17.251415878544
485	692.16	-4.23758935351725
485	696.895	10.7032245097801
485	701.63	-3.59104718188135
485	706.367	33.1125356403237
485	711.106	-12.4947569509709
485	715.845	4.09361267287411
485	720.586	11.9298326200693
485	725.329	0.00784287138437811
485	730.072	-1.1272691462028
485	734.817	2.67295369417591
485	739.563	-6.97322765970896
485	744.31	23.0704546396911
485	749.058	1.58413838663749
485	753.808	-9.67024510851254
485	758.558	-38.1238808840175
485	763.31	25.1041037145124
485	768.062	-38.4077947886188
485	772.815	-6.33790688223259
485	777.57	17.6516610194217
485	782.325	15.3147417178167
485	787.081	0.457899603720922
485	791.838	-27.7844228783768
485	796.596	-59.3785789892309
485	801.355	19.7176715289612
485	806.114	-9.07287340201771
485	810.875	5.51826789931901
485	815.635	26.0229258574205
485	820.397	-9.06702159243229
485	825.159	-3.53939079777661
480	248.336	7.15810077253074
480	252.814	1.23437007950198
480	257.296	5.24800306571006
480	261.781	4.11467331249109
480	266.271	8.33033939485118
480	270.764	10.8382648878131
480	275.26	3.67556273848834
480	279.76	-7.94305811583649
480	284.264	-20.7752889459389
480	288.772	1.42610013645299
480	293.283	-11.2965400128742
480	297.797	-5.63334719171259
480	302.315	-3.25641186738981
480	306.837	3.24643620569868
480	311.362	-16.8422852691452
480	315.89	-4.53857821787005
480	320.422	36.2922192076043
480	324.958	-13.0414032595773
480	329.496	27.2209487105787
480	334.038	-3.7694182434545
480	338.584	-1.70922585996949
480	343.133	13.3164198864725
480	347.685	11.3113168637214
480	352.24	6.94522510790387
480	356.799	-13.7012062362531
480	361.361	14.8616830072474
480	365.926	-5.31502334589572
480	370.495	-4.93298588101234
480	375.067	22.451319749199
480	379.641	-0.327606897321189
480	384.219	-4.0200900512766
480	388.801	9.40872210346305
480	393.385	-12.097476902009
480	397.972	-7.51135232619273
480	402.562	1.44333349195827
480	407.156	21.7616168034382
480	411.752	6.20283651921487
480	416.352	1.39225055770585
480	420.954	3.78903190533448
480	425.56	9.05715889791306
480	430.168	-8.09900763483265
480	434.779	-2.60131731107687
480	439.393	-5.42860341263718
480	444.01	6.9359868995167
480	448.63	18.8923337275452
480	453.253	26.411390682086
480	457.878	32.5548616805199
480	462.506	6.91353871925919
480	467.137	3.45722431881914
480	471.771	28.1908309665146
480	476.407	486.381211474446
480	481.047	1598.97822934238
480	485.688	834.516996511195
480	490.333	61.3557585731279
480	494.979	5.27395807375969
480	499.629	-4.45809164047392
480	504.281	-7.30362966056614
480	508.936	2.13982402298222
480	513.593	26.2392281635389
480	518.252	14.9258363161705
480	522.914	9.04889150170582
480	527.579	9.74362854616586
480	532.245	2.56258679776427
480	536.915	18.4658777533407
480	541.586	-14.1633758467972
480	546.26	17.6007120146741
480	550.936	24.6863123703229
480	555.615	17.0471807668465
480	560.296	14.7219106766386
480	564.979	18.544008716472
480	569.664	-4.50868190136359
480	574.351	5.40846360491912
480	579.04	8.70346822332604
480	583.732	31.9839499858039
480	588.426	-6.00517057738176
480	593.121	-0.997593642055724
480	597.819	5.62618324473786
480	602.519	-14.636240125636
480	607.221	4.67346901174344
480	611.924	8.37636202784468
480	616.63	2.11904025423329
480	621.338	4.539218146404
480	626.047	-1.34035398043551
480	630.758	14.1548567359646
480	635.471	-9.05401513239905
480	640.186	8.23790588350762
480	644.903	10.5546840906533
480	649.621	15.2303569450222
480	654.341	18.0387731242803
480	659.063	-10.9715677808587
480	663.787	5.67995069936988E-4
480	668.512	28.324310128594
480	673.238	19.2892860850149
480	677.967	15.2538761381698
480	682.696	15.7104632300111
480	687.428	-11.5616093868894
480	692.16	0.00712555733572451
480	696.895	-14.786633301526
480	701.63	7.15002419448216
480	706.367	17.6062525329173
480	711.106	-2.53778482483239
480	715.845	14.4690114373041
480	720.586	-4.18280213962414
480	725.329	4.56343509941149
480	730.072	-4.26379617271614
480	734.817	3.63258780642472
480	739.563	5.00671830380348
480	744.31	15.5447961396434
480	749.058	-7.16438376305835
480	753.808	-4.17812805768829
480	758.558	-0.00996782427554521
480	763.31	17.7151264672343
480	768.062	-35.750044812991
480	772.815	-23.7033267065845
480	777.57	-9.29284347590133
480	782.325	5.3084562644511
480	787.081	18.2206858405727
480	791.838	-18.592041297138
480	796.596	-16.9700604759107
480	801.355	15.3319403706166
480	806.114	-10.9079284145822
480	810.875	-7.8303018178111
480	815.635	26.9299192488021
480	820.397	-28.9594136312098
480	825.159	-2.38129578227638
475	248.336	5.9240165113966
475	252.814	7.85981042601176
475	257.296	-10.3408091662018
475	261.781	-12.3597017670234
475	266.271	12.1899498317349
475	270.764	22.5154046749115
475	275.26	-4.08623424607996
475	279.76	-7.25174548824069
475	284.264	-1.74486500213158
475	288.772	-0.332758963790758
475	293.283	-0.63041107651377
475	297.797	-8.48733876236668
475	302.315	-0.879492580131071
475	306.837	-10.9810390106654
475	311.362	-12.4224745376011
475	315.89	4.14390296780715
475	320.422	26.3709586361222
475	324.958	-7.65668731398187
475	329.496	6.83708985742299
475	334.038	-5.96149492396787
475	338.584	3.74338640649894
475	343.133	12.8152784392436
475	347.685	2.2126685411993
475	352.24	4.12001183310722
475	356.799	-2.24114962620859
475	361.361	7.79159132384365
475	365.926	14.9536542389551
475	370.495	-0.32662108392116
475	375.067	26.6356190612177
475	379.641	-6.79521745295489
475	384.219	2.44375478180773
475	388.801	10.6755985659669
475	393.385	8.51381020277118
475	397.972	-11.8001564708717
475	402.562	-1.85803685086279
475	407.156	6.29596749354069
475	411.752	9.02278392254349
475	416.352	-3.54251380742539
475	420.954	-13.1556907995615
475	425.56	5.11888739725513
475	430.168	-1.91253865211233
475	434.779	0.48662889376519
475	439.393	-0.900645935522519
475	444.01	12.7304528017044
475	448.63	17.8248066717224
475	453.253	21.9354619109755
475	457.878	17.9165612788332
475	462.506	-1.18649488708397
475	467.137	13.9072267373699
475	471.771	382.925854719701
475	476.407	1165.30939324347
475	481.047	494.494355911465
475	485.688	44.69927358084
475	490.333	5.94376540696121
475	494.979	-14.9460807095909
475	499.629	10.6381577285685
475	504.281	5.45206996334796
475	508.936	0.228150651577444
475	513.593	21.0234016418423
475	518.252	15.8023896976239
475	522.914	4.04770526262109
475	527.579	16.752385507589
475	532.245	2.14221632053207
475	536.915	25.239864570762
475	541.586	-7.75316411315384
475	546.26	5.6669564958233
475	550.936	14.4906981482699
475	555.615	11.4870317498705
475	560.296	4.59889130239389
475	564.979	0.111261819849318
475	569.664	-2.30127806844848
475	574.351	14.5046978102371
475	579.04	14.4730447965094
475	583.732	25.042778371171
475	588.426	0.704599332825115
475	593.121	5.34951176879698
475	597.819	23.793477024871
475	602.519	5.16985206411514
475	607.221	5.23217630483989
475	611.924	5.5102235658271
475	616.63	8.47444544699194
475	621.338	0.254448572969993
475	626.047	-0.00443729332628484
475	630.758	-3.23199146203521
475	635.471	7.27523695321049
475	640.186	1.25371741501986
475	644.903	-2.54333662793531
475	649.621	15.2237839493689
475	654.341	1.31185922861307
475	659.063	-14.2523092671836
475	663.787	-9.91560412113291
475	668.512	12.1406473540377
475	673.238	25.509831028211
475	677.967	0.287236717704062
475	682.696	17.1508642059065
475	687.428	-14.4905716152547
475	692.16	7.29238776624683
475	696.895	-10.9870573631094
475	701.63	9.95031607655706
475	706.367	10.6396078531058
475	711.106	0.0095990465671596
475	715.845	7.94025645173509
475	720.586	-11.4716506205959
475	725.329	2.98803543812451
475	730.072	-2.9935738980382
475	734.817	-0.0167930735995778
475	739.563	-2.76428598736571
475	744.31	12.9867543878713
475	749.058	-4.68321765884637
475	753.808	-2.54957616518609
475	758.558	4.20805095964095
475	763.31	-4.94906540527986
475	768.062	-11.0251690354985
475	772.815	0.646469756220606
475	777.57	7.83929001788316
475	782.325	8.31100647329013
475	787.081	-23.0591015728792
475	791.838	10.3052010302293
475	796.596	-17.6975257009793
475	801.355	5.93711643392863
475	806.114	-27.7423719329394
475	810.875	-16.5018401793658
475	815.635	25.5527232227035
475	820.397	-5.0027057384802
475	825.159	-16.1997270350725
470	248.336	3.30663383911348
470	252.814	-14.4204705277205
470	257.296	3.63663020688642
470	261.781	0.860785188334035
470	266.271	-4.91996931068784
470	270.764	13.8751295949299
470	275.26	-5.93587987911716
470	279.76	-9.06866191320485
470	284.264	15.1642494232543
470	288.772	16.3288537662419
470	293.283	-11.3764997683343
470	297.797	17.2161583935746
470	302.315	1.8043760648769
470	306.837	-11.6868962683959
470	311.362	-6.28910401721012
470	315.89	11.8915052651784
470	320.422	10.5473677195001
470	324.958	7.185738994496
470	329.496	0.234691141700516
470	334.038	-15.1862243760042
470	338.584	8.50412806533268
470	343.133	3.32402774743914
470	347.685	14.7342809883625
470	352.24	6.485666628437
470	356.799	-11.4416867278069
470	361.361	10.792869939905
470	365.926	16.7240541314929
470	370.495	-1.95887949396208
470	375.067	22.1176960472343
470	379.641	-2.09201857815549
470	384.219	-2.77881529050742
470	388.801	4.50026571180702
470	393.385	5.15458853419384
470	397.972	-2.49191903167061
470	402.562	-5.19328703681796
470	407.156	3.57363644845768
470	411.752	5.6670386651087
470	416.352	-3.83826724667507
470	420.954	-2.25139676063196
470	425.56	-0.179104761652088
470	430.168	-5.23929553231149
470	434.779	2.38478682363111
470	439.393	11.5604718271231
470	444.01	12.1856649206762
470	448.63	24.6703102406097
470	453.253	8.03237486544823
470	457.878	16.5100680270114
470	462.506	14.1991868044447
470	467.137	797.608203956099
470	471.771	9.24996585818189
470	476.407	592.295662772643
470	481.047	24.5200337882263
470	485.688	7.46974646717607
470	490.333	10.9158166643436
470	494.979	12.876443643258
470	499.629	5.76355776216968
470	504.281	9.21891782789926
470	508.936	-3.55246410855087
470	513.593	19.6531720796171
470	518.252	12.2837394451017
470	522.914	7.72197643616552
470	527.579	10.2847273645352
470	532.245	3.87086571221104
470	536.915	10.6974906417908
470	541.586	-7.34354692934361
470	546.26	9.42166214773093
470	550.936	9.23865818245271
470	555.615	8.71706261224006
470	560.296	18.8907477039705
470	564.979	5.71162468513521
470	569.664	9.50511310728973
470	574.351	5.01367700320245
470	579.04	12.9802995547069
470	583.732	34.7785572789535
470	588.426	-3.48211693597623
470	593.121	6.33216037228415
470	597.819	1.95488166687162
470	602.519	-1.24294040947705
470	607.221	-85.439027057107
470	611.924	13.9703325827772
470	616.63	-10.2556541629971
470	621.338	10.7200584079105
470	626.047	-2.04029849848547
470	630.758	-4.71335345384293
470	635.471	1.14047491314993
470	640.186	0.566543882439186
470	644.903	3.66526013120182
470	649.621	12.8942996871645
470	654.341	10.51825209044
470	659.063	-7.19273308170376
470	663.787	5.07442425867441
470	668.512	16.7561103284458
470	673.238	12.1335102214055
470	677.967	0.419168206782069
470	682.696	0.425493057238766
470	687.428	10.1196796332615
470	692.16	0.214418243388817
470	696.895	1.50465953464464
470	701.63	6.89990536475231
470	706.367	2.83323293939877
470	711.106	2.86461053326244
470	715.845	-1.56236258544158
470	720.586	11.1668472908286
470	725.329	8.36011437981953
470	730.072	6.82465503884767
470	734.817	-0.460750446319986
470	739.563	2.54493004957143
470	744.31	14.2841349196099
470	749.058	-4.48924897333
470	753.808	-15.1826052287083
470	758.558	11.7742662808417
470	763.31	3.51911550043369
470	768.062	-1.77003320713691
470	772.815	-15.4176467683304
470	777.57	-5.66329747008132
470	782.325	3.16175346354157
470	787.081	1.34167272951671
470	791.838	-19.0513649813502
470	796.596	-5.47846092248426
470	801.355	9.21524227205641
470	806.114	-7.79411958167112
470	810.875	7.79225576064735
470	815.635	18.4137101548989
470	820.397	-5.44173487990166
470	825.159	5.18903861946871
465	248.336	6.45883830008028
465	252.814	2.74722939748346
465	257.296	-4.44374868476546
465	261.781	0.00419877359214915
465	266.271	-0.508738233096333
465	270.764	8.92408923519552
465	275.26	1.50155938887109
465	279.76	12.8602907679635
465	284.264	8.54218768018366
465	288.772	1.08851267149152
465	293.283	5.23310345960655
465	297.797	9.92968046632391
465	302.315	-4.97239564271065
465	306.837	-6.54543167762073
465	311.362	1.19073489582173
465	315.89	-1.58322198875898
465	320.422	19.4203346321096
465	324.958	14.5191001885274
465	329.496	18.7270202510815
465	334.038	7.53602128605635
465	338.584	-5.43317440687237
465	343.133	-0.835885164601329
465	347.685	-6.49767803505735
465	352.24	7.64440341904909
465	356.799	-12.2465936670347
465	361.361	3.46291594617226
465	365.926	0.655496475399755
465	370.495	-3.66038687386998
465	375.067	10.2960579678621
465	379.641	-8.46691217863842
465	384.219	-6.55975066649225
465	388.801	14.6697000161779
465	393.385	20.1065820390348
465	397.972	2.75537777860449
465	402.562	-2.99767916632344
465	407.156	7.53238044945825
465	411.752	1.38130829784056
465	416.352	6.10262168878598
465	420.954	-3.64841923933536
465	425.56	8.14993692127166
465	430.168	11.1997274376564
465	434.779	8.63711555858328
465	439.393	16.0359524702658
465	444.01	18.2041090725075
465	448.63	22.480015907486
465	453.253	28.1546639294427
465	457.878	57.365624767427
465	462.506	980.760774165513
465	467.137	0.553066841130203
465	471.771	691.060634024238
465	476.407	25.5845023700033
465	481.047	4.07990105519468
465	485.688	6.40044195539213
465	490.333	17.3039364327166
465	494.979	-0.716225709659206
465	499.629	12.4417945346555
465	504.281	3.92003660433167
465	508.936	3.03170595643213
465	513.593	13.3207632442948
465	518.252	5.13442858827295
465	522.914	9.0679137930987
465	527.579	13.73795158802
465	532.245	3.69154116376197
465	536.915	18.8651914658641
465	541.586	0.453588429182588
465	546.26	0.0489933407462644
465	550.936	12.7041242467562
465	555.615	31.2328256057664
465	560.296	10.7088752459672
465	564.979	22.6403652837563
465	569.664	13.3424373642106
465	574.351	2.42531264659432
465	579.04	18.7530377724253
465	583.732	13.1945946430831
465	588.426	5.39936527528988
465	593.121	12.0879622480948
465	597.819	2.49779218722376
465	602.519	-0.468447694099047
465	607.221	9.67318090607359
465	611.924	13.2869499708418
465	616.63	-4.69385053485066
465	621.338	17.9436206558445
465	626.047	11.5289878080006
465	630.758	-1.66153650308531
465	635.471	4.36238292905294
465	640.186	1.34299755053848
465	644.903	5.95128648085824
465	649.621	4.82488022661666
465	654.341	2.10056932814194
465	659.063	1.41337966373162
465	663.787	1.4326417996752
465	668.512	12.6282964530257
465	673.238	7.25846082247224
465	677.967	10.2406880810377
465	682.696	-4.80246484501413
465	687.428	-2.42041967012244
465	692.16	-13.8484012865701
465	696.895	-3.5776577880946
465	701.63	-2.46897109751126
465	706.367	-8.26590959158253
465	711.106	5.24849938212136
465	715.845	1.3746396573265
465	720.586	11.4321210501905
465	725.329	3.59157357586178
465	730.072	-3.61119621447858
465	734.817	14.3498148829303
465	739.563	6.53887953161147
465	744.31	9.09183641846835
465	749.058	7.72408781974146
465	753.808	0.427260752780956
465	758.558	15.5988431174952
465	763.31	7.07418675655016
465	768.062	-16.9499793423985
465	772.815	-6.24297150217225
465	777.57	-8.18701632527441
465	782.325	-1.37947402441789
465	787.081	4.26580096483811
465	791.838	-8.5301622946858
465	796.596	-11.5882418433331
465	801.355	6.66760290317027
465	806.114	-20.213594860498
465	810.875	2.50104025274471
465	815.635	21.4604853895095
465	820.397	7.91789330819068
465	825.159	-4.37229493166975
460	248.336	2.79443878479149
460	252.814	-12.5423919957131
460	257.296	3.58363078479443
460	261.781	14.85559421216
460	266.271	-2.28085132266928
460	270.764	3.4212573167131
460	275.26	16.1883759965117
460	279.76	-1.08822452815257
460	284.264	-0.257430048878073
460	288.772	-3.17592875717304
460	293.283	2.57693686973134
460	297.797	10.191293484977
460	302.315	3.99442006112864
460	306.837	-3.988469852236
460	311.362	-7.29953999428914
460	315.89	-7.30313588502758
460	320.422	12.8401357850704
460	324.958	10.2916455081332
460	329.496	0.00230582292677095
460	334.038	-1.63590412601966
460	338.584	3.02870791281131
460	343.133	3.50594847073579
460	347.685	8.90321791401752
460	352.24	9.97732643075738
460	356.799	-2.64115310454304
460	361.361	13.0613603109446
460	365.926	-6.54006631534256
460	370.495	-2.89097890280845
460	375.067	17.5072697930305
460	379.641	-13.1619856580516
460	384.219	-5.49577465256406
460	388.801	13.5188859033662
460	393.385	2.75576990346975
460	397.972	-5.54114329251529
460	402.562	-0.392043494986793
460	407.156	9.3971631694481
460	411.752	0.3940341383333
460	416.352	5.69458744063185
460	420.954	-11.4922663578245
460	425.56	18.7962861803127
460	430.168	12.4157985780116
460	434.779	21.5052237707695
460	439.393	8.61363495154815
460	444.01	9.39855074191303
460	448.63	10.6199573469512
460	453.253	120.705580128463
460	457.878	1256.34768927331
460	462.506	5.74716206681478
460	467.137	436.9209153838
460	471.771	15.4470681757508
460	476.407	3.80518120431123
460	481.047	3.60609564509276
460	485.688	9.92961379561415
460	490.333	17.2421805277135
460	494.979	15.7758165699442
460	499.629	7.62662699292575
460	504.281	16.6879817717713
460	508.936	11.2796833603305
460	513.593	24.9801039538422
460	518.252	22.7817490518594
460	522.914	8.5625376733546
460	527.579	10.4638743388409
460	532.245	8.42135248428702
460	536.915	18.5987707242046
460	541.586	-11.9140763091478
460	546.26	8.7749220827435
460	550.936	16.700218698427
460	555.615	9.20050991492417
460	560.296	12.7421785163625
460	564.979	10.8248493246201
460	569.664	8.72687648311288
460	574.351	1.86719073056954
460	579.04	12.623711231609
460	583.732	24.5285580766604
460	588.426	-0.339733520205066
460	593.121	1.90640451319304
460	597.819	7.15583897267312
460	602.519	-7.19401149777706
460	607.221	7.27084857054964
460	611.924	15.7459888948754
460	616.63	5.42803764085215
460	621.338	12.0397269008979
460	626.047	0.370772710865426
460	630.758	-7.06597135097971
460	635.471	0.560250379796506
460	640.186	2.25553668907457
460	644.903	-0.765528185537599
460	649.621	9.25695312344542
460	654.341	7.83076665050636
460	659.063	-9.66416136793062
460	663.787	1.60076459435884
460	668.512	19.3563901451881
460	673.238	25.9620838214766
460	677.967	3.89014687010736
460	682.696	11.7779686558677
460	687.428	-6.24212789731415
460	692.16	1.26570906778653
460	696.895	5.27499820916298
460	701.63	-0.635854317910166
460	706.367	15.9045901395865
460	711.106	1.7420980028922
460	715.845	0.87689453782062
460	720.586	-1.09122751294899
460	725.329	3.79569837338465
460	730.072	-1.78681071026152
460	734.817	-1.58709873501497
460	739.563	-1.60576226594481
460	744.31	11.5478972206164
460	749.058	5.83809898712823
460	753.808	2.85784716497897
460	758.558	8.23147300132814
460	763.31	6.68059396019019
460	768.062	6.98405048348312
460	772.815	3.48266497352686
460	777.57	-3.04907290933487
460	782.325	8.2807324077336
460	787.081	3.713986258811
460	791.838	-6.35377804590088
460	796.596	-24.0223947537909
460	801.355	4.89187117810815
460	806.114	-13.5066679004553
460	810.875	3.03541071672454
460	815.635	12.1118855312385
460	820.397	-7.69426235432591
460	825.159	-7.21231849045981
455	248.336	6.22070262955081
455	252.814	-2.25796563842641
455	257.296	-3.51774685856406
455	261.781	-8.77166672206147
455	266.271	13.8848519695403
455	270.764	24.4851529485393
455	275.26	-12.297972522836
455	279.76	6.29220276083677
455	284.264	5.70313757043164
455	288.772	7.9302052225488
455	293.283	-1.62599979846996
455	297.797	-3.94907541652239
455	302.315	-3.8701230575379
455	306.837	-6.42278468622412
455	311.362	10.5463500510838
455	315.89	-16.430832087824
455	320.422	12.0761970531418
455	324.958	-1.60082109339473
455	329.496	-2.70388574980773
455	334.038	13.5938535284557
455	338.584	15.7113722525695
455	343.133	33.8662477837325
455	347.685	-2.17721324609622
455	352.24	-7.73064241523029
455	356.799	-14.4969270083942
455	361.361	3.65469607846534
455	365.926	-1.96060464543388
455	370.495	-0.278284837239782
455	375.067	-6.68584840998103
455	379.641	0.280167634679033
455	384.219	10.9143443996073
455	388.801	12.8671531365595
455	393.385	16.0016005053454
455	397.972	-21.4400919634082
455	402.562	-5.94601689129216
455	407.156	7.50192834170901
455	411.752	8.28675169978918
455	416.352	5.52461095799134
455	420.954	-9.43121297559611
455	425.56	11.9315363186414
455	430.168	23.1504930251656
455	434.779	18.5344798080693
455	439.393	9.58733546361091
455	444.01	3.61548398700748
455	448.63	63.6840194839665
455	453.253	667.193508035974
455	457.878	15.0397365720946
455	462.506	224.922985518479
455	467.137	12.8327870404358
455	471.771	-3.73571246178043
455	476.407	-4.49008140058092
455	481.047	-3.91718182212502
455	485.688	18.2989998696328
455	490.333	11.3472476138105
455	494.979	18.1268359458845
455	499.629	21.0311692457855
455	504.281	9.03646715044832
455	508.936	5.81618184465297
455	513.593	18.5940039998314
455	518.252	25.8896725880075
455	522.914	19.491858101689
455	527.579	10.5210315191429
455	532.245	2.16049094433988
455	536.915	28.4614759487871
455	541.586	-3.19537377773003
455	546.26	19.8966234325763
455	550.936	18.5522139473763
455	555.615	21.1682037231182
455	560.296	7.86097882446963
455	564.979	6.96246525315901
455	569.664	11.0907480286098
455	574.351	22.1531764231787
455	579.04	13.27026381363
455	583.732	22.1019098245055
455	588.426	-7.39865978131751
455	593.121	7.44261848106701
455	597.819	19.022084227368
455	602.519	-4.89209234376661
455	607.221	7.20197517668706
455	611.924	15.3682571509198
455	616.63	3.77892540924769
455	621.338	14.6087478929764
455	626.047	7.90795408851286
455	630.758	-3.02088271944708
455	635.471	3.69810428625444
455	640.186	6.75856468292852
455	644.903	10.3603340855875
455	649.621	5.81792384631833
455	654.341	8.41069158038715
455	659.063	-6.86877580778209
455	663.787	7.89645593833369
455	668.512	3.27124819319377
455	673.238	20.0250066487336
455	677.967	2.61657224765231
455	682.696	11.5258689876817
455	687.428	-7.25064328264178
455	692.16	-0.472100775759758
455	696.895	-14.9094145313701
455	701.63	0.743300064037792
455	706.367	-7.72350247901072
455	711.106	-10.082541243463
455	715.845	-4.33919662813251
455	720.586	-1.26383191660287
455	725.329	5.43639719058286
455	730.072	-9.10117001128908
455	734.817	1.3028682085298
455	739.563	10.5973743961833
455	744.31	17.6943656814929
455	749.058	-10.0204062720405
455	753.808	-13.5261419379841
455	758.558	-2.53148840777213
455	763.31	6.88723271177542
455	768.062	-15.3374186042313
455	772.815	-6.3783379313852
455	777.57	0.594823433962645
455	782.325	9.31407977371518
455	787.081	6.77167545177513
455	791.838	-8.90261024962048
455	796.596	-37.5882874831783
455	801.355	16.2197677054419
455	806.114	-9.46967173739443
455	810.875	-7.56693098782202
455	815.635	31.6352393079973
455	820.397	0.00583205436657064
455	825.159	-11.0782639431673
450	248.336	-6.31828256939298
450	252.814	2.53538096893546
450	257.296	-13.1663029932839
450	261.781	-2.15699206232027
450	266.271	1.09966021609876
450	270.764	13.9603784896351
450	275.26	-10.4151331145566
450	279.76	3.85813325338378
450	284.264	16.6438416012499
450	288.772	22.0297155692264
450	293.283	-7.85460580399653
450	297.797	-0.596418243861952
450	302.315	-0.0061703760320384
450	306.837	-7.71718008135028
450	311.362	-12.5577670575332
450	315.89	11.9790667626877
450	320.422	18.5579068727665
450	324.958	-0.0112259842119844
450	329.496	21.2980668628277
450	334.038	7.53174196312541
450	338.584	10.238050423842
450	343.133	6.62091721900006
450	347.685	6.04167313803181
450	352.24	-5.22773849840152
450	356.799	-4.0225378048179
450	361.361	-14.0215810393803
450	365.926	0.0103577837620881
450	370.495	2.47607847487249
450	375.067	17.0169903866665
450	379.641	-6.24821708968848
450	384.219	1.77384588696005
450	388.801	24.0445556507631
450	393.385	-1.07876621251773
450	397.972	-9.5194835430167
450	402.562	3.58044964371355
450	407.156	-7.55276644853146
450	411.752	1.05933081830749
450	416.352	5.48306758159681
450	420.954	1.40183662278717
450	425.56	13.3865709860362
450	430.168	-6.23267950193278
450	434.779	-4.81229548425762
450	439.393	-3.36711539693155
450	444.01	1.08858054536609
450	448.63	317.247536195933
450	453.253	30.9583335803418
450	457.878	362.018295146656
450	462.506	25.4430629481351
450	467.137	11.7778728097731
450	471.771	-0.758432652520767
450	476.407	8.03707469016062
450	481.047	6.95348261027898
450	485.688	25.1707946902908
450	490.333	30.0071492800367
450	494.979	-1.63596829940372
450	499.629	20.4701006103594
450	504.281	17.7851536467249
450	508.936	16.6358701978363
450	513.593	22.737907486866
450	518.252	15.8614849689476
450	522.914	12.3994848989602
450	527.579	12.2217666170899
450	532.245	4.07136005021778
450	536.915	34.9746205181835
450	541.586	-0.11017714203831
450	546.26	20.0154993120751
450	550.936	18.8458877771163
450	555.615	13.9972618641638
450	560.296	13.1943825237143
450	564.979	19.3099775624099
450	569.664	13.8419250477841
450	574.351	19.3929096471252
450	579.04	15.1776236041073
450	583.732	32.0805125596553
450	588.426	0.224354709990147
450	593.121	-1.10815843136254
450	597.819	13.0522796797481
450	602.519	-2.47622426746141
450	607.221	-3.19668313577338
450	611.924	16.1626193333877
450	616.63	-3.50544954197201
450	621.338	8.6996771892172
450	626.047	8.07945740338196
450	630.758	-11.2818168758679
450	635.471	-0.00200123219205484
450	640.186	-2.90736280626274
450	644.903	10.0404701495134
450	649.621	9.70276715565817
450	654.341	16.9176333180448
450	659.063	-5.85325143077213
450	663.787	3.10330633532297
450	668.512	-2.60517843271699
450	673.238	25.9008558113433
450	677.967	12.1342136444569
450	682.696	5.33241067411248
450	687.428	-9.93292713840014
450	692.16	1.3589641264549
450	696.895	-12.2121184170905
450	701.63	6.58630366326901
450	706.367	11.0919588784354
450	711.106	-6.15570098273297
450	715.845	-5.10534520327348
450	720.586	11.0979714536839
450	725.329	4.59117394067005
450	730.072	-1.13757924675499
450	734.817	13.9786675219317
450	739.563	-0.887736088088357
450	744.31	2.96528508620543
450	749.058	2.12805073620892
450	753.808	-20.5557397503972
450	758.558	1.24765357736578
450	763.31	-0.628405647121499
450	768.062	-13.5132092623758
450	772.815	-4.195765144548
450	777.57	-8.19196184856651
450	782.325	-5.29379459392248
450	787.081	-6.50177998953845
450	791.838	-10.9187760493727
450	796.596	-37.593468445693
450	801.355	6.89831214346454
450	806.114	-27.9411886451933
450	810.875	-5.09706625413554
450	815.635	27.0500127426033
450	820.397	-12.9372699997482
450	825.159	2.70435489769734
445	248.336	6.06166454833527
445	252.814	6.40316223159488
445	257.296	12.6778177159056
445	261.781	-20.5639921723276
445	266.271	0.879748895626852
445	270.764	13.5131339279859
445	275.26	5.97033901904341
445	279.76	0.408938127111598
445	284.264	-3.96458103195611
445	288.772	13.8002080219788
445	293.283	-2.13825996479283
445	297.797	17.3069627446719
445	302.315	4.757831979102
445	306.837	-26.7902232252758
445	311.362	-11.172119985659
445	315.89	-2.6972930062144
445	320.422	11.160901849994
445	324.958	1.40899494085361
445	329.496	2.50205507806643
445	334.038	16.4655908331045
445	338.584	6.4202082902396
445	343.133	-15.6931112100304
445	347.685	13.9949062428745
445	352.24	-2.92378245108792
445	356.799	-9.18407306912969
445	361.361	14.8116052103735
445	365.926	7.08017353523534
445	370.495	-26.882384173955
445	375.067	17.6233733870376
445	379.641	-22.9473632242158
445	384.219	-23.8391846504827
445	388.801	30.5290731085741
445	393.385	-7.12800193513588
445	397.972	-18.8360654373596
445	402.562	-8.12643108180978
445	407.156	20.4368287780672
445	411.752	2.50377859738823
445	416.352	37.0505788962267
445	420.954	13.0471505197598
445	425.56	11.112489122724
445	430.168	41.5461261423166
445	434.779	22.6804690362659
445	439.393	131.225648888615
445	444.01	1113.36381905077
445	448.63	491.545780192215
445	453.253	446.404519046556
445	457.878	21.8509062806637
445	462.506	3.92814849983696
445	467.137	9.90078551272737
445	471.771	10.80711024858
445	476.407	-1.18318293964718
445	481.047	13.4448789103548
445	485.688	200.711878289914
445	490.333	14.6977990448701
445	494.979	33.0825948650458
445	499.629	14.3790230926601
445	504.281	9.69147951963181
445	508.936	10.6233367473203
445	513.593	38.7677448091665
445	518.252	21.6891080109819
445	522.914	24.9714210592429
445	527.579	37.9414239348347
445	532.245	19.6087414467408
445	536.915	34.8863306879587
445	541.586	1.7963412080155
445	546.26	17.4456044924226
445	550.936	12.0588377625324
445	555.615	23.6097324874063
445	560.296	7.07810547792631
445	564.979	22.9036200829072
445	569.664	23.8432870767469
445	574.351	10.3451847135419
445	579.04	16.4380811492987
445	583.732	32.548115568613
445	588.426	11.3591439762065
445	593.121	2.12709261481244
445	597.819	1.08913367275219
445	602.519	-13.6937651057651
445	607.221	12.7554264706203
445	611.924	-10.6741100398294
445	616.63	-8.01659766585844
445	621.338	19.5380135221184
445	626.047	1.69078176664399
445	630.758	-7.12191452623955
445	635.471	8.60716447853219
445	640.186	-0.865522611413039
445	644.903	-2.61725634379424
445	649.621	19.1665335034311
445	654.341	9.28083593933509
445	659.063	8.45812838150594
445	663.787	7.65131955656101
445	668.512	16.9550515579866
445	673.238	36.6137196623187
445	677.967	12.8402366350242
445	682.696	7.28044994012676
445	687.428	-7.32292221187747
445	692.16	-13.1212146895326
445	696.895	-18.0344771540698
445	701.63	2.28158980664861
445	706.367	11.852855526336
445	711.106	1.99198019949625
445	715.845	6.38881567884347
445	720.586	4.39100987582742
445	725.329	-10.5816625799086
445	730.072	-1.35877422567871
445	734.817	-16.6060711514027
445	739.563	5.23734241399284
445	744.31	2.10925923960036
445	749.058	4.643243933748
445	753.808	-9.80650139998355
445	758.558	19.6216512662058
445	763.31	24.9623784984975
445	768.062	-2.28555502215309
445	772.815	-16.803658661
445	777.57	-0.786502380663255
445	782.325	4.37072173938108
445	787.081	10.1387456771981
445	791.838	-3.21375921724054
445	796.596	-17.3595875105418
445	801.355	18.5267635228579
445	806.114	-29.5867987690911
445	810.875	2.48982691870291
445	815.635	7.84538137956414
445	820.397	-13.5581196033886
445	825.159	-13.1541436891949
440	248.336	-7.47432190053037
440	252.814	-15.6567185380149
440	257.296	-3.53345661525909
440	261.781	-1.33532397958518
440	266.271	-0.455253977546958
440	270.764	19.6661317300977
440	275.26	-2.66278265022783
440	279.76	-8.25504374447453
440	284.264	12.823197608757
440	288.772	-5.09242838937767
440	293.283	-12.0165763774608
440	297.797	13.0739001831797
440	302.315	2.13204141144011
440	306.837	-18.834563855126
440	311.362	25.9307480408608
440	315.89	-1.06767804216267
440	320.422	14.5554229080247
440	324.958	1.45970221562149
440	329.496	-5.22840641587291
440	334.038	5.25059609284781
440	338.584	14.9665533447735
440	343.133	-32.5427127670662
440	347.685	-15.0324448013772
440	352.24	-1.14008478198199
440	356.799	-15.4139140788776
440	361.361	10.8735405177536
440	365.926	16.3684286309862
440	370.495	-12.3680874834184
440	375.067	24.2344275278141
440	379.641	16.7044075856442
440	384.219	-3.29925924793498
440	388.801	33.0674944618291
440	393.385	0.0014184329431326
440	397.972	-3.9340819617622
440	402.562	-5.64106394453275
440	407.156	16.4376846522811
440	411.752	4.52577501949443
440	416.352	6.89800121456565
440	420.954	13.6063561114555
440	425.56	17.446402119174
440	430.168	42.9513623269098
440	434.779	322.027238535642
440	439.393	1765.94644269236
440	444.01	1481.64756049999
440	448.63	209.212208563047
440	453.253	30.3667712145791
440	457.878	20.0434716231432
440	462.506	13.4272140577076
440	467.137	11.1359071814053
440	471.771	3.70954633740504
440	476.407	2.12917964558703
440	481.047	6.27347081289055
440	485.688	22.4068757310824
440	490.333	26.3441303514749
440	494.979	8.62459078136953
440	499.629	29.3153478445997
440	504.281	17.6884041710138
440	508.936	6.56744629238338
440	513.593	40.5920567113613
440	518.252	23.9590644258727
440	522.914	23.5420725711764
440	527.579	36.5180911775127
440	532.245	20.9004283097132
440	536.915	27.6942852970219
440	541.586	-4.1236185104853
440	546.26	19.040376183534
440	550.936	17.348590265811
440	555.615	13.9529174428524
440	560.296	11.6423119689973
440	564.979	25.0676561585459
440	569.664	20.963366386227
440	574.351	6.50942866932808
440	579.04	24.6095772796737
440	583.732	30.8177115563603
440	588.426	1.12282654709133
440	593.121	17.7816693951656
440	597.819	20.1394102404964
440	602.519	-1.1209800611455
440	607.221	5.98316085954791
440	611.924	16.9441184270724
440	616.63	-0.857704538107491
440	621.338	10.834112968157
440	626.047	-3.54272923663342
440	630.758	-5.37765271026617
440	635.471	-9.92990746449857
440	640.186	-10.5444852428299
440	644.903	3.34981441115973
440	649.621	17.0112912876032
440	654.341	31.0770733428572
440	659.063	-16.7798864263375
440	663.787	-14.7668360677521
440	668.512	4.20240517178173
440	673.238	30.5819096391521
440	677.967	36.0662688477416
440	682.696	5.64612897304932
440	687.428	-11.342916201927
440	692.16	19.4620171713916
440	696.895	-13.1667757948576
440	701.63	31.3578853784007
440	706.367	8.27642201053701
440	711.106	18.4707000277886
440	715.845	-14.0983813958389
440	720.586	-12.0060272917289
440	725.329	-10.0098322433376
440	730.072	-14.0167908307947
440	734.817	3.97633543771173
440	739.563	9.16069466740048
440	744.31	1.09949557520443
440	749.058	17.5970029378802
440	753.808	-10.6886037740253
440	758.558	-7.0021067987285
440	763.31	10.3012706164178
440	768.062	-1.19971220613627
440	772.815	-8.41013924798582
440	777.57	-3.66633728419683
440	782.325	31.9056329385357
440	787.081	18.7133458809778
440	791.838	-13.1611919758548
440	796.596	-6.49823673060594
440	801.355	-1.1139814360456
440	806.114	-11.5880033650093
440	810.875	-9.33667033302474
440	815.635	20.9188311580607
440	820.397	-18.3166847877451
440	825.159	7.85980097603653
435	248.336	4.00939743662022
435	252.814	-23.111722029666
435	257.296	10.8035051413942
435	261.781	-1.30589446813681
435	266.271	15.1326638960428
435	270.764	29.4336147838158
435	275.26	-7.84912174568627
435	279.76	1.2578298442008
435	284.264	-8.8942090588078
435	288.772	-3.43911237736413
435	293.283	19.7645416850213
435	297.797	2.84537320642655
435	302.315	-2.09523502203306
435	306.837	-15.9451818223193
435	311.362	1.05373951988657
435	315.89	1.74205497319545
435	320.422	19.7460546565342
435	324.958	6.05725605982955
435	329.496	21.4647575121152
435	334.038	13.5495993324723
435	338.584	10.5804429078033
435	343.133	7.30390619038204
435	347.685	8.07620713348852
435	352.24	7.42288099047748
435	356.799	-15.388814276809
435	361.361	3.41367362031887
435	365.926	7.23866237227891
435	370.495	-1.50365056107742
435	375.067	13.5035997631302
435	379.641	-14.7749901981062
435	384.219	2.15974366607326
435	388.801	15.9644605305832
435	393.385	2.70113141708138
435	397.972	-13.3734345374817
435	402.562	11.6223160652248
435	407.156	41.9376822428907
435	411.752	29.2435935848325
435	416.352	24.9118333599807
435	420.954	15.4319659929384
435	425.56	43.4125009924452
435	430.168	544.49521784671
435	434.779	925.163610187119
435	439.393	1360.45956821687
435	444.01	149.399129902288
435	448.63	18.9835843695413
435	453.253	34.3650807721117
435	457.878	18.2309180752194
435	462.506	4.77094501815625
435	467.137	15.7801597241726
435	471.771	27.1554263545748
435	476.407	32.3686704227703
435	481.047	28.4290222433125
435	485.688	34.5485011685467
435	490.333	38.4079650886705
435	494.979	18.0706944338073
435	499.629	11.2287999157164
435	504.281	24.3332286881009
435	508.936	17.9669838416961
435	513.593	54.3480720710254
435	518.252	38.3611350304382
435	522.914	40.0449528768759
435	527.579	31.2490718279144
435	532.245	0.780565013169184
435	536.915	21.7613960716913
435	541.586	0.789653628517371
435	546.26	22.6467098508427
435	550.936	25.6459184545026
435	555.615	40.2926045497375
435	560.296	12.896399813344
435	564.979	43.6930968801763
435	569.664	22.0060646525811
435	574.351	7.13837779794204
435	579.04	26.1375608712182
435	583.732	36.7512222290819
435	588.426	5.11642524333392
435	593.121	19.2510399448007
435	597.819	-5.71210852325342
435	602.519	-4.66151300444404
435	607.221	20.515790868834
435	611.924	-9.51639440360807
435	616.63	11.6053861863555
435	621.338	5.41184242803349
435	626.047	-0.860485412191809
435	630.758	-7.85442472209092
435	635.471	0.281620091445811
435	640.186	1.17379117400717
435	644.903	13.3685773701153
435	649.621	17.4885089795735
435	654.341	22.3387393644283
435	659.063	-4.31293814197986
435	663.787	-11.5946882652935
435	668.512	18.6056346820397
435	673.238	12.3636114296631
435	677.967	8.64339901472424
435	682.696	22.9416467738716
435	687.428	-10.0771546312622
435	692.16	13.1017253423632
435	696.895	-4.27077451453288
435	701.63	-3.32980635010901
435	706.367	23.8669435696126
435	711.106	25.1460779187824
435	715.845	1.71592672392891
435	720.586	2.08764713040454
435	725.329	27.9044432988792
435	730.072	-1.02725389090445
435	734.817	12.3679475458154
435	739.563	19.6422750433859
435	744.31	10.1104578371141
435	749.058	-5.83715045328399
435	753.808	-3.70743098845586
435	758.558	-8.33271146663205
435	763.31	18.1711729800605
435	768.062	-19.4933561393719
435	772.815	-8.97177074383555
435	777.57	0.405106051312527
435	782.325	-1.18577585941762
435	787.081	9.95201406240818
435	791.838	-29.8070673805158
435	796.596	-34.6047177356322
435	801.355	-6.9257186145773
435	806.114	-34.6177094114713
435	810.875	2.90271660118805
435	815.635	26.962366319334
435	820.397	1.81617053937404
435	825.159	0.376512174801377
430	248.336	7.7712353081085
430	252.814	2.98593797138313
430	257.296	12.5630045107252
430	261.781	14.032773772495
430	266.271	-8.63977774753608
430	270.764	22.9156371656934
430	275.26	-17.7465462762325
430	279.76	3.69998173324056
430	284.264	12.5133417674309
430	288.772	-11.4904569143136
430	293.283	-6.75198671641227
430	297.797	8.58750680180373
430	302.315	-0.350099648786406
430	306.837	-2.01293967041025
430	311.362	-6.03772626293617
430	315.89	6.70310883729208
430	320.422	20.1499267616201
430	324.958	-3.45982684184743
430	329.496	-12.3473620942995
430	334.038	-5.3250413156853
430	338.584	-6.02452031449845
430	343.133	12.0365109557445
430	347.685	17.054175035677
430	352.24	-22.3473681577412
430	356.799	-10.9245636912534
430	361.361	18.3597468654412
430	365.926	-15.0535523332214
430	370.495	-4.38028106862749
430	375.067	25.0806247983998
430	379.641	-6.62261771760248
430	384.219	10.0962865744005
430	388.801	20.5440238646647
430	393.385	0.103751113333544
430	397.972	-10.6766057428382
430	402.562	35.6450840798807
430	407.156	40.9893010822168
430	411.752	44.1351822290439
430	416.352	27.6524039943007
430	420.954	31.1160995616474
430	425.56	770.330189134774
430	430.168	22.0866063892499
430	434.779	1048.28545716631
430	439.393	36.2668447442634
430	444.01	25.090892999233
430	448.63	23.5523341205179
430	453.253	23.5125806183329
430	457.878	9.25613420249258
430	462.506	10.6937096818591
430	467.137	12.799236612137
430	471.771	22.3545272840391
430	476.407	12.3982443360881
430	481.047	27.5628747420227
430	485.688	55.6423322950745
430	490.333	30.3582455501945
430	494.979	30.4458999775523
430	499.629	30.1158095230408
430	504.281	28.2187978008283
430	508.936	34.6170081896912
430	513.593	30.9101957710333
430	518.252	28.5929487549733
430	522.914	25.9770269478372
430	527.579	27.8834452920377
430	532.245	22.3550731830349
430	536.915	25.9349291212048
430	541.586	-1.92785008313772
430	546.26	18.7474129594474
430	550.936	25.8519724430635
430	555.615	25.3930667362405
430	560.296	19.5048929670597
430	564.979	16.6590875764011
430	569.664	12.4680570787172
430	574.351	14.3437934924842
430	579.04	35.167389659152
430	583.732	31.2154719608525
430	588.426	-9.40453148041868
430	593.121	3.68468887623474
430	597.819	14.8073572061803
430	602.519	-6.38671524373808
430	607.221	16.9412982207198
430	611.924	24.1534845610431
430	616.63	0.830175044023684
430	621.338	13.5556493119414
430	626.047	324.077783510564
430	630.758	3.10184225631456
430	635.471	-4.83216366337995
430	640.186	-3.41501074603761
430	644.903	6.04786138800864
430	649.621	21.0443655066414
430	654.341	0.894592576387109
430	659.063	-5.69011207477416
430	663.787	10.9245564130527
430	668.512	14.3749796528844
430	673.238	14.448714231927
430	677.967	11.7828120585793
430	682.696	12.8549182569434
430	687.428	-17.0442107928728
430	692.16	-1.89001118131096
430	696.895	6.0601796547121
430	701.63	20.6255968472685
430	706.367	11.7250564841064
430	711.106	5.60510656933896
430	715.845	-8.00567850559736
430	720.586	23.4022029720114
430	725.329	8.12387180457729
430	730.072	1.0451708101413
430	734.817	12.6707154931535
430	739.563	15.5861069175062
430	744.31	11.566982975494
430	749.058	1.42905013971062
430	753.808	-28.850988529451
430	758.558	4.03051195781362
430	763.31	-12.3461231890987
430	768.062	1.5184842834224
430	772.815	-10.6031742900809
430	777.57	21.6096728723464
430	782.325	30.5675376507966
430	787.081	-13.2640867391194
430	791.838	-1.18524953874814
430	796.596	-6.5607443932834
430	801.355	8.47427278156858
430	806.114	-30.03234985861
430	810.875	9.17387179138796
430	815.635	21.5462880588448
430	820.397	4.5908655684262
430	825.159	-17.6432324820413
425	248.336	2.79663699014601
425	252.814	-25.5398864379568
425	257.296	1.2512322445377
425	261.781	-3.35040863476359
425	266.271	19.6607041526567
425	270.764	34.6678586511337
425	275.26	-2.49310271917946
425	279.76	2.85183121849933
425	284.264	22.0795463333294
425	288.772	14.6595995003581
425	293.283	4.9217550059655
425	297.797	3.06444948946732
425	302.315	10.3481777918933
425	306.837	-7.97977444354609
425	311.362	-10.6310885489092
425	315.89	6.97171906122987
425	320.422	7.6442978693163
425	324.958	5.13724984300199
425	329.496	4.18540722815775
425	334.038	-3.86708226742757
425	338.584	21.3871477360783
425	343.133	24.1833823647248
425	347.685	17.5998381522416
425	352.24	3.21203102788592
425	356.799	-25.2458849194337
425	361.361	6.54999127018387
425	365.926	-5.80930413307322
425	370.495	1.08917814527474
425	375.067	9.37616935489855
425	379.641	-7.6061090699917
425	384.219	-5.4585130771005
425	388.801	13.4014918398584
425	393.385	20.2437357417861
425	397.972	7.33768665726615
425	402.562	37.005027880165
425	407.156	69.3332023883012
425	411.752	62.6937999068012
425	416.352	59.8031683253837
425	420.954	1419.8651769042
425	425.56	19.1921340784138
425	430.168	1214.92552009745
425	434.779	47.2432503684554
425	439.393	26.9388230744712
425	444.01	6.89624284963175
425	448.63	27.658138728297
425	453.253	34.727250458966
425	457.878	27.076013842487
425	462.506	16.8246791193772
425	467.137	32.92924366756
425	471.771	15.0092434005348
425	476.407	27.640820420833
425	481.047	18.7586538559021
425	485.688	41.4751256894496
425	490.333	37.9974049869894
425	494.979	29.945943776804
425	499.629	59.2798260315406
425	504.281	15.2140841374504
425	508.936	17.5335019149127
425	513.593	38.2553138529417
425	518.252	33.2568087336122
425	522.914	27.8292611966329
425	527.579	41.6101671743799
425	532.245	30.4543543764066
425	536.915	38.3811759155143
425	541.586	6.08215813117494
425	546.26	24.9044151480073
425	550.936	28.0463573065605
425	555.615	19.7161842661977
425	560.296	25.7402073790719
425	564.979	38.1986339760632
425	569.664	22.140021348169
425	574.351	3.81212959863843
425	579.04	23.5430982214935
425	583.732	28.0744100049101
425	588.426	0.521685627675653
425	593.121	17.4357471014244
425	597.819	10.9954883857434
425	602.519	-3.16223885636177
425	607.221	21.8264659697422
425	611.924	11.5558150554891
425	616.63	-8.14188530765504
425	621.338	18.9006076432764
425	626.047	-10.7721524625279
425	630.758	1.95922346586342
425	635.471	-10.695990989175
425	640.186	10.714161010834
425	644.903	2.85814233750521
425	649.621	8.67834807548465
425	654.341	20.5679507317911
425	659.063	-9.17818801584361
425	663.787	8.41264150729386
425	668.512	38.764450411758
425	673.238	24.6713510362974
425	677.967	11.0557571591104
425	682.696	11.4801747171928
425	687.428	2.18465241062723
425	692.16	12.8790621068201
425	696.895	-4.10790073826041
425	701.63	8.93534597711612
425	706.367	10.0092817530536
425	711.106	13.7042342796784
425	715.845	-1.96282117591872
425	720.586	-4.95190843199948
425	725.329	-18.7505561962061
425	730.072	-7.73790895175708
425	734.817	-14.6001435228535
425	739.563	12.6933079336334
425	744.31	24.2827644087253
425	749.058	26.6433131985655
425	753.808	9.64684003227222
425	758.558	8.72461395357922
425	763.31	2.23299792286318
425	768.062	4.12379039222524
425	772.815	0.74074763564535
425	777.57	-1.90928365409716
425	782.325	0.401193632637916
425	787.081	1.59759817471425
425	791.838	-21.4653051547117
425	796.596	-36.0586784609748
425	801.355	5.94480093353996
425	806.114	-44.4203047272375
425	810.875	-1.39020462224095
425	815.635	25.1879079864579
425	820.397	-5.95648491041812
425	825.159	-6.64753028512257
420	248.336	1.85565864303364
420	252.814	-19.0461413534101
420	257.296	0.878286082628123
420	261.781	-5.77019881357472
420	266.271	18.1089241834689
420	270.764	8.15492596013083
420	275.26	-7.9743373810492
420	279.76	7.33185621580366
420	284.264	-16.8150923471326
420	288.772	30.6347901746538
420	293.283	-12.2572394087656
420	297.797	17.6389339345882
420	302.315	2.47796270171018
420	306.837	-38.0367502055592
420	311.362	14.7907639032975
420	315.89	8.43599093274264
420	320.422	30.2679824205806
420	324.958	-2.17657855063572
420	329.496	-17.3810093979205
420	334.038	-7.81072006197493
420	338.584	18.9119188186449
420	343.133	12.9797401629811
420	347.685	4.46843956755994
420	352.24	-4.90762659538658
420	356.799	-17.9274816456924
420	361.361	20.3776962309099
420	365.926	3.10695332629865
420	370.495	-17.1975205276335
420	375.067	6.86765791093706
420	379.641	4.47441725518995
420	384.219	19.4235867690596
420	388.801	11.4975682902298
420	393.385	24.232706221418
420	397.972	27.6770428439374
420	402.562	33.8210050176944
420	407.156	45.6798595291202
420	411.752	45.9941133030874
420	416.352	827.6282595717
420	420.954	7.20476327922734
420	425.56	600.986418750368
420	430.168	25.983440458888
420	434.779	1.23352942909273
420	439.393	5.97235575053911
420	444.01	19.7993802357612
420	448.63	29.8024044270776
420	453.253	24.8745018378411
420	457.878	40.6734402053088
420	462.506	4.02329065043399
420	467.137	39.5497770544006
420	471.771	35.6056756381591
420	476.407	27.9687110903511
420	481.047	17.3594865099752
420	485.688	32.8164228016121
420	490.333	38.2724244817648
420	494.979	41.0745055245918
420	499.629	61.1284694725977
420	504.281	46.3453308260256
420	508.936	29.700490171179
420	513.593	45.5472713046188
420	518.252	57.4401009938227
420	522.914	39.7541988781868
420	527.579	42.272545052367
420	532.245	15.8656289484944
420	536.915	48.7347699145853
420	541.586	2.3318170326921
420	546.26	20.935350971589
420	550.936	20.8262613344228
420	555.615	43.2745035056122
420	560.296	25.142255647987
420	564.979	21.4019212215622
420	569.664	22.363218662493
420	574.351	20.9303192718374
420	579.04	24.9239239464997
420	583.732	22.0731211979144
420	588.426	-13.41389101526
420	593.121	12.6662747262194
420	597.819	16.6217340564037
420	602.519	-11.4392457868328
420	607.221	1.69568879767038
420	611.924	15.6393213933175
420	616.63	-2.29149591355746
420	621.338	8.11201463660779
420	626.047	-7.89665962904479
420	630.758	-7.9731370749999
420	635.471	-17.577802769445
420	640.186	-3.88472335508081
420	644.903	4.53002179811476
420	649.621	10.417672709429
420	654.341	16.4830006737654
420	659.063	-3.12568932218176
420	663.787	7.31923999590836
420	668.512	29.8022612710965
420	673.238	39.9598396726017
420	677.967	4.24136789687335
420	682.696	7.22826384105887
420	687.428	-2.63709818382702
420	692.16	-8.30876728040688
420	696.895	-12.0380967065854
420	701.63	7.09617209970482
420	706.367	15.7286747800373
420	711.106	6.91558764178592
420	715.845	-4.53702524805061
420	720.586	22.7730434316499
420	725.329	3.54235718807501
420	730.072	5.71621571346304
420	734.817	-6.10650043396599
420	739.563	16.6923568450164
420	744.31	9.17123722433536
420	749.058	4.46236634333348
420	753.808	-10.1964564141909
420	758.558	5.38843569929968
420	763.31	0.398182370656041
420	768.062	-37.6395134410497
420	772.815	9.8904607392481
420	777.57	-19.7934991476474
420	782.325	9.04108090412349
420	787.081	-14.3138530890618
420	791.838	-21.4619513546557
420	796.596	-15.0125061127155
420	801.355	2.23003034509087
420	806.114	-29.9770170938001
420	810.875	-4.43455451620974
420	815.635	23.6857699004768
420	820.397	0.743228555688073
420	825.159	-6.64804031602147
415	248.336	-19.0507700543102
415	252.814	-6.97737694113038
415	257.296	-16.586578908807
415	261.781	9.83064619741991
415	266.271	18.5631667331278
415	270.764	44.2787574309836
415	275.26	0.473905260200119
415	279.76	15.4012026100376
415	284.264	-9.06673852530026
415	288.772	7.33330565641697
415	293.283	-16.4164791002229
415	297.797	15.1283831861545
415	302.315	-8.17371267239669
415	306.837	-6.28212944962547
415	311.362	14.8095541376678
415	315.89	7.38698394571733
415	320.422	9.23817531163817
415	324.958	4.56709764037353
415	329.496	-7.00812946608057
415	334.038	20.3329384362718
415	338.584	4.28367055104055
415	343.133	8.20150468933517
415	347.685	7.84075021649629
415	352.24	1.99172752742242
415	356.799	1.63130458302872
415	361.361	12.5452625964258
415	365.926	4.10044343864334
415	370.495	-22.4761239962999
415	375.067	36.1567118935092
415	379.641	16.0663080763726
415	384.219	25.3370133383165
415	388.801	50.5234993729104
415	393.385	23.5342496242122
415	397.972	16.960748557735
415	402.562	6.759797468361
415	407.156	22.1622583128661
415	411.752	516.74894263772
415	416.352	26.2707970754891
415	420.954	619.941778471488
415	425.56	46.8917283542902
415	430.168	14.7889524732407
415	434.779	16.48704496757
415	439.393	18.4229296778789
415	444.01	22.6055994989381
415	448.63	30.7995618544463
415	453.253	46.3149518936237
415	457.878	36.0568523901597
415	462.506	20.4099831989241
415	467.137	49.0359136490131
415	471.771	47.5976286075356
415	476.407	29.1856478504581
415	481.047	18.7074377363512
415	485.688	71.0109443262114
415	490.333	50.6843292967872
415	494.979	48.8339012780313
415	499.629	47.8639850266853
415	504.281	34.3884813042216
415	508.936	39.8209353395858
415	513.593	43.6029251015907
415	518.252	48.9644590663459
415	522.914	31.4940857807958
415	527.579	39.4155679980012
415	532.245	41.5608169979891
415	536.915	33.3721367397152
415	541.586	7.32041185469549
415	546.26	17.9297511741774
415	550.936	20.2668967090709
415	555.615	32.0796656769909
415	560.296	14.6020216280409
415	564.979	26.9465137781677
415	569.664	23.5037450233248
415	574.351	8.75024593889106
415	579.04	34.7401905952464
415	583.732	51.5675586223758
415	588.426	-1.42397024628723
415	593.121	7.53175672741056
415	597.819	6.41945220157766
415	602.519	10.2712045509795
415	607.221	18.9543926750041
415	611.924	22.4307273693573
415	616.63	24.1683829889107
415	621.338	18.5806253507258
415	626.047	7.69591740159601
415	630.758	-7.14551439079631
415	635.471	-11.5972308741917
415	640.186	-1.2577942784896
415	644.903	-12.053397884378
415	649.621	23.8270685139679
415	654.341	25.1663090901463
415	659.063	8.90814627143857
415	663.787	0.00196505518445389
415	668.512	27.9623078249826
415	673.238	14.9156025343722
415	677.967	3.7735601015182
415	682.696	3.46615733998134
415	687.428	-19.4487490761656
415	692.16	8.4127773560909
415	696.895	-10.5337398948445
415	701.63	-10.640235584694
415	706.367	43.4468100404225
415	711.106	-11.5846473843948
415	715.845	7.34847154083633
415	720.586	-1.44093772867855
415	725.329	7.4591515567316
415	730.072	12.3958950079022
415	734.817	4.52726615263908
415	739.563	3.42123269513096
415	744.31	15.4388501392934
415	749.058	8.96432670102468
415	753.808	-27.8073348412608
415	758.558	-7.29135397554227
415	763.31	2.90823301460562
415	768.062	-24.1659544025796
415	772.815	12.8976697282495
415	777.57	-16.9909223659238
415	782.325	19.8687328653152
415	787.081	7.08871691510231
415	791.838	-28.2953016610127
415	796.596	-30.2097077997555
415	801.355	3.11862647863865
415	806.114	-28.806269567211
415	810.875	-5.82734080386692
415	815.635	51.3535584602461
415	820.397	0.816393614678883
415	825.159	0.136084121627619
410	248.336	-1.70365488947782
410	252.814	-8.17430672580788
410	257.296	-0.503540605888077
410	261.781	5.66527518965041
410	266.271	-7.32189658357903
410	270.764	9.93031836667802
410	275.26	-10.7326509442805
410	279.76	2.98774980617568
410	284.264	-6.15566603513133
410	288.772	10.7436732648431
410	293.283	7.29592636195669
410	297.797	9.13954123632865
410	302.315	3.66788678272207
410	306.837	-8.12822086929046
410	311.362	-4.46572678488305
410	315.89	-11.3604865023338
410	320.422	4.04789007378248
410	324.958	22.6437294953814
410	329.496	32.419569534805
410	334.038	13.3153111325556
410	338.584	19.7046292415545
410	343.133	10.2850212415063
410	347.685	-17.6082175976366
410	352.24	-1.73905426542959
410	356.799	2.2117107783978
410	361.361	1.34335559051643
410	365.926	19.6048774739167
410	370.495	-18.4700622996756
410	375.067	37.0976882612783
410	379.641	7.90499836039578
410	384.219	44.4817008393439
410	388.801	43.7905053146777
410	393.385	43.8537772477583
410	397.972	-2.73586361072086
410	402.562	41.508716953872
410	407.156	1028.34875173912
410	411.752	14.3297812675992
410	416.352	1015.46751143579
410	420.954	18.509486944036
410	425.56	40.4942638565684
410	430.168	19.0580074816682
410	434.779	29.7918102938328
410	439.393	24.4028883030124
410	444.01	10.9656578727508
410	448.63	43.5285966882602
410	453.253	38.9785064708109
410	457.878	33.3549760699897
410	462.506	37.6728682535518
410	467.137	27.5978783339688
410	471.771	21.6058696111789
410	476.407	41.1637195416234
410	481.047	46.5844408240707
410	485.688	69.5971867259721
410	490.333	68.0100493634858
410	494.979	33.0966721081966
410	499.629	47.4542594971477
410	504.281	26.4405646181148
410	508.936	24.5143372597442
410	513.593	45.8054485127749
410	518.252	37.9860620724396
410	522.914	38.916140835779
410	527.579	40.0817122603217
410	532.245	15.7016368430235
410	536.915	33.695471967287
410	541.586	12.7529272399713
410	546.26	15.5124982318362
410	550.936	19.2364088971015
410	555.615	33.7039902363839
410	560.296	19.9480147559682
410	564.979	34.759448663715
410	569.664	16.2861077056468
410	574.351	15.4914973745688
410	579.04	47.1996601021148
410	583.732	30.197168017919
410	588.426	6.01122456478886
410	593.121	4.1316618453431
410	597.819	18.2258202210961
410	602.519	-20.6253225226875
410	607.221	25.6870449218594
410	611.924	0.660317428052201
410	616.63	-5.96816659644232
410	621.338	21.4071297667062
410	626.047	0.345957493243997
410	630.758	-6.14485818486638
410	635.471	2.75287287949926
410	640.186	-1.72354808566197
410	644.903	12.5478129917339
410	649.621	24.7483300982739
410	654.341	28.7121546027038
410	659.063	3.26097501438444
410	663.787	-0.732527720517151
410	668.512	16.2753644237731
410	673.238	30.1453881379297
410	677.967	10.5066644807228
410	682.696	26.538706343711
410	687.428	-1.52115983794103
410	692.16	-6.12861373281517
410	696.895	8.88954804804377
410	701.63	-9.3439022701315
410	706.367	-5.91697513035643
410	711.106	-4.77898051220071
410	715.845	-0.398569743467721
410	720.586	11.731329035335
410	725.329	1.2273628532276
410	730.072	-6.17268342913656
410	734.817	17.8170659138446
410	739.563	-0.42328065542778
410	744.31	-2.5402497227433
410	749.058	11.5735937184659
410	753.808	-14.4018421111301
410	758.558	-3.9998511233757
410	763.31	-8.59893366480474
410	768.062	-40.7084812162688
410	772.815	-26.0623077085355
410	777.57	-30.7729902470271
410	782.325	3.3354699270069
410	787.081	-16.0410167878135
410	791.838	-16.9955786645657
410	796.596	-11.3813816976573
410	801.355	8.12138170008356
410	806.114	-26.919475093391
410	810.875	9.83844260428907
410	815.635	21.4448280323183
410	820.397	28.7867442989772
410	825.159	-2.3393103467327
405	248.336	-0.0032602414033891
405	252.814	-17.7959705091433
405	257.296	7.48093775611869
405	261.781	3.27338861308147
405	266.271	8.82801070106513
405	270.764	38.0868625810757
405	275.26	-18.3286625893997
405	279.76	4.73421732511599
405	284.264	0.483164484435338
405	288.772	-0.495212806291736
405	293.283	-10.8381804324495
405	297.797	-6.58323272467207
405	302.315	24.1095111211843
405	306.837	8.59181258061114
405	311.362	-38.5759404251742
405	315.89	8.99792770880445
405	320.422	39.0443866701493
405	324.958	-8.87010701407644
405	329.496	-4.94107513398287
405	334.038	-1.80746257288854
405	338.584	-8.1460823614376
405	343.133	7.27578397254198
405	347.685	-5.86310476064246
405	352.24	10.5840837119696
405	356.799	-27.8469428394021
405	361.361	45.489705743891
405	365.926	-10.0489690522981
405	370.495	34.9320838487091
405	375.067	75.5928728265289
405	379.641	81.4796296621332
405	384.219	142.573749498323
405	388.801	142.979932424515
405	393.385	63.6406846683217
405	397.972	48.3144084421333
405	402.562	2565.28435491325
405	407.156	53.1138604544358
405	411.752	1546.57944552418
405	416.352	16.3572930997847
405	420.954	7.05482244200354
405	425.56	5.44841952623582
405	430.168	19.8566941089659
405	434.779	27.7362854674424
405	439.393	18.9976046201029
405	444.01	30.6347651220676
405	448.63	38.052181157245
405	453.253	39.2159491961715
405	457.878	32.7611705245997
405	462.506	32.4940630936389
405	467.137	34.4528046065578
405	471.771	18.1860375713304
405	476.407	44.7005545966547
405	481.047	38.7119711996706
405	485.688	83.6824179646476
405	490.333	74.6488516569782
405	494.979	47.8571475531218
405	499.629	44.1590640850925
405	504.281	42.0503010950353
405	508.936	51.4705405580322
405	513.593	58.6024236480604
405	518.252	44.4366502887565
405	522.914	22.7194640989401
405	527.579	34.3577885722661
405	532.245	25.1862281022603
405	536.915	36.2091803606273
405	541.586	21.6174536150485
405	546.26	24.2557933774461
405	550.936	35.2399929150129
405	555.615	34.3312884283455
405	560.296	15.6635123850918
405	564.979	41.5385239482685
405	569.664	20.4566608699336
405	574.351	27.8088581944744
405	579.04	37.0047815866975
405	583.732	36.8767790291485
405	588.426	12.3659526287241
405	593.121	6.71199342899183
405	597.819	8.45585147652928
405	602.519	-4.41132006230181
405	607.221	11.3268469054921
405	611.924	16.9805008266243
405	616.63	2.82134678537407
405	621.338	26.4982380639178
405	626.047	13.5518090009163
405	630.758	5.41732230297154
405	635.471	9.08926378597997
405	640.186	-5.8141243638827
405	644.903	-4.03424106046847
405	649.621	27.2401749387216
405	654.341	29.9419010381526
405	659.063	2.30821472366772
405	663.787	9.31972763397436
405	668.512	16.4075486198947
405	673.238	22.8011894383027
405	677.967	33.6630700939329
405	682.696	15.5925602902858
405	687.428	-21.3528128065104
405	692.16	-13.7374785833209
405	696.895	0.418515366836635
405	701.63	-4.11710619696575
405	706.367	11.2480305538652
405	711.106	0.444530141002863
405	715.845	9.79273942837466
405	720.586	19.6508342081995
405	725.329	-8.63157780640532
405	730.072	-13.0115088875375
405	734.817	-2.62658165484189
405	739.563	-7.54657867470488
405	744.31	37.5674330015579
405	749.058	-4.06732669185235
405	753.808	3.69797587880613
405	758.558	-11.2702075834018
405	763.31	8.62491097535663
405	768.062	-6.27186623696578
405	772.815	-6.30362522515157
405	777.57	-3.92455264804944
405	782.325	-3.46021738034137
405	787.081	16.9632173745513
405	791.838	-21.4857947555243
405	796.596	-5.20816531214461
405	801.355	36.1577141073074
405	806.114	-4.71914942829912
405	810.875	59.1967236614636
405	815.635	101.210290909446
405	820.397	42.3338859658654
405	825.159	6.95180383550856
400	248.336	12.0031136943578
400	252.814	-12.2439916133978
400	257.296	-9.97687579904533
400	261.781	-24.5807900579086
400	266.271	5.44666481444271
400	270.764	36.45890912736
400	275.26	-46.299641002266
400	279.76	9.30665904626967
400	284.264	-9.85351788396996
400	288.772	-9.31481446201258
400	293.283	-4.899888887954
400	297.797	12.1105168932756
400	302.315	-2.96389363552839
400	306.837	2.11920769178165
400	311.362	-3.36284443922403
400	315.89	-5.04705267798101
400	320.422	19.4205400214693
400	324.958	6.13159973265745
400	329.496	25.7599514122495
400	334.038	5.37904445087903
400	338.584	44.140985761916
400	343.133	-16.9037336823836
400	347.685	8.96548519513932
400	352.24	19.054439910273
400	356.799	-33.4009776576415
400	361.361	16.3913093471038
400	365.926	35.1496002140397
400	370.495	59.4506832362736
400	375.067	97.3057548284348
400	379.641	30.3035985087458
400	384.219	46.6785696008496
400	388.801	60.7108003037156
400	393.385	-21.4133123562103
400	397.972	1401.91859064142
400	402.562	25.1090718368505
400	407.156	920.611533654443
400	411.752	18.4970956426997
400	416.352	17.8614798263973
400	420.954	8.28073000614526
400	425.56	28.9604217771321
400	430.168	30.428646315123
400	434.779	30.3563465112904
400	439.393	34.2132871236685
400	444.01	46.5095169930393
400	448.63	50.2607137340296
400	453.253	65.6644414171846
400	457.878	52.3638476182994
400	462.506	60.818482479964
400	467.137	64.7339886783982
400	471.771	43.6475586194153
400	476.407	46.1272492112163
400	481.047	44.9067933182052
400	485.688	73.1299391290512
400	490.333	47.4717506985627
400	494.979	45.9026549590548
400	499.629	42.2930330396382
400	504.281	36.1779541335059
400	508.936	32.284466747619
400	513.593	49.5119295923847
400	518.252	52.5857121395283
400	522.914	22.6891302955623
400	527.579	52.883331884391
400	532.245	33.2692660291037
400	536.915	46.3495523437068
400	541.586	6.80489154518409
400	546.26	21.4174865971282
400	550.936	17.2086203880611
400	555.615	36.6405499884018
400	560.296	23.8994476335489
400	564.979	33.6371009465232
400	569.664	29.099706039809
400	574.351	13.209992560049
400	579.04	21.8076805827261
400	583.732	44.8462118425852
400	588.426	14.8108843876975
400	593.121	10.9144970634695
400	597.819	16.6410455867601
400	602.519	-22.4515667487533
400	607.221	31.8086414509148
400	611.924	12.9923340226967
400	616.63	2.07992623056381
400	621.338	1.74223985292204
400	626.047	5.98732455178609
400	630.758	15.6200771570919
400	635.471	-8.5918560842871
400	640.186	0.716019872495431
400	644.903	9.06348210588203
400	649.621	18.3826086136963
400	654.341	25.393310655739
400	659.063	-8.65267978827529
400	663.787	-5.72520411309695
400	668.512	31.1773251104571
400	673.238	43.358897720561
400	677.967	32.3891725977249
400	682.696	6.72267801319475
400	687.428	-5.95398264924459
400	692.16	5.59913429601454
400	696.895	-5.61801865157237
400	701.63	21.9034523793925
400	706.367	20.9190773606242
400	711.106	-1.2417127650719
400	715.845	-1.67621652311742
400	720.586	-11.7418728990617
400	725.329	-8.09052940678002
400	730.072	4.30258464784329
400	734.817	-6.04674302757201
400	739.563	1.72346470451482
400	744.31	26.8793548594084
400	749.058	2.70259326543463
400	753.808	-18.1566844273401
400	758.558	-5.08687475880006
400	763.31	-4.2191156824796
400	768.062	-31.4125474838526
400	772.815	-7.15024647219754
400	777.57	-29.0890834713106
400	782.325	7.43246498959032
400	787.081	7.10872187208572
400	791.838	-26.1894778939262
400	796.596	-9.99905126160419
400	801.355	37.3833826580236
400	806.114	36.4892632735673
400	810.875	26.9683018128253
400	815.635	3.21293231497984
400	820.397	-19.1017271632183
400	825.159	2.25017090089388
395	248.336	8.38270654158936
395	252.814	-1.495640902637
395	257.296	22.8550613243944
395	261.781	8.58605916536948
395	266.271	12.3083423261721
395	270.764	45.1430031546008
395	275.26	-8.50289161801109
395	279.76	24.4163335518828
395	284.264	6.95766289010691
395	288.772	21.0940504249995
395	293.283	-21.0563726669032
395	297.797	-0.00385823823132503
395	302.315	11.6079862370459
395	306.837	-11.5553950005494
395	311.362	7.98804547122029
395	315.89	-7.13525392643094
395	320.422	23.9269325344679
395	324.958	17.3159291371434
395	329.496	-7.52105207745087
395	334.038	-30.7437289793662
395	338.584	26.0672183236494
395	343.133	2.99103712756518
395	347.685	16.9394347624213
395	352.24	11.221814365773
395	356.799	-2.66952566613008
395	361.361	12.8867028154148
395	365.926	19.0139228202028
395	370.495	-11.3805209733492
395	375.067	-34.6803820301891
395	379.641	-45.8437437603545
395	384.219	25.4190122065231
395	388.801	-50.7162190459726
395	393.385	-525.499687059706
395	397.972	27.2579187828815
395	402.562	117.817413076429
395	407.156	6.58098133276633
395	411.752	5.77943640459486
395	416.352	5.96830622828158
395	420.954	13.5375820939453
395	425.56	14.6067112003337
395	430.168	15.9156224632361
395	434.779	51.4600626756419
395	439.393	18.6067276250347
395	444.01	44.6085563539429
395	448.63	57.1251041469438
395	453.253	66.933367537334
395	457.878	58.5589215854307
395	462.506	71.5932539043257
395	467.137	48.5926709543207
395	471.771	52.2461416061364
395	476.407	39.0715494036222
395	481.047	46.445241583169
395	485.688	51.4749085165886
395	490.333	55.6251313473636
395	494.979	43.916956728223
395	499.629	52.1385637521519
395	504.281	36.7665064470946
395	508.936	46.7016990638352
395	513.593	54.4960372152833
395	518.252	43.6123645254598
395	522.914	33.0836027870227
395	527.579	56.1909585995617
395	532.245	28.2650248352071
395	536.915	54.095499492562
395	541.586	7.30852399780117
395	546.26	38.642742770241
395	550.936	24.2028501041898
395	555.615	36.3533316959081
395	560.296	30.5669139994705
395	564.979	35.0297159634627
395	569.664	13.5967371022715
395	574.351	8.22608213129353
395	579.04	21.5059362202556
395	583.732	36.7420295584239
395	588.426	0.615252136744311
395	593.121	11.5618651463617
395	597.819	3.15370116117266
395	602.519	-17.0635966748882
395	607.221	12.4633497472138
395	611.924	25.7909375649937
395	616.63	-0.958857665412559
395	621.338	5.61136174959736
395	626.047	6.30182058299526
395	630.758	0.672436312553524
395	635.471	17.198044101129
395	640.186	-1.01414384618533
395	644.903	15.4105744359313
395	649.621	33.9916066377422
395	654.341	3.1925516726842
395	659.063	6.39982625783414
395	663.787	20.9039950411995
395	668.512	19.2444376962806
395	673.238	28.8459739733551
395	677.967	37.1711851616691
395	682.696	15.6331473169572
395	687.428	-1.49832136934408
395	692.16	-8.26482843505483
395	696.895	3.79673486987868
395	701.63	2.6950181470995
395	706.367	26.3210795561472
395	711.106	9.00893013774506
395	715.845	-1.20351930428873
395	720.586	1.6244813891601
395	725.329	-2.390157734755
395	730.072	1.23118649237377
395	734.817	0.39944504088789
395	739.563	7.81378169995149
395	744.31	13.3104388734731
395	749.058	22.2695500959647
395	753.808	-5.13457039096406
395	758.558	22.2399315337349
395	763.31	22.268657423881
395	768.062	-2.67637386479436
395	772.815	-6.27117659034042
395	777.57	-14.6351000036165
395	782.325	12.2493758227116
395	787.081	4.78913424247173
395	791.838	-31.9799243850533
395	796.596	-34.5189386463466
395	801.355	10.0933059133986
395	806.114	-45.587589169586
395	810.875	-6.27234932884031
395	815.635	-4.5967602741885
395	820.397	0.837794527325907
395	825.159	-2.91323577231954
390	248.336	-10.8194581828373
390	252.814	-12.9780802527423
390	257.296	-8.88259526319714
390	261.781	-6.50745679007534
390	266.271	-11.7205133502602
390	270.764	-7.6562865327757
390	275.26	-19.952583556976
390	279.76	-16.4956275626757
390	284.264	0.922258521760264
390	288.772	20.0901565868103
390	293.283	2.51347728061217
390	297.797	4.85508637958071
390	302.315	9.54483766348643
390	306.837	-3.96334854083773
390	311.362	-14.2522743724471
390	315.89	-12.26807300064
390	320.422	11.4964331329163
390	324.958	-29.0337377323405
390	329.496	5.01576885821612
390	334.038	24.7204984350598
390	338.584	5.02967968409257
390	343.133	13.7917671275477
390	347.685	15.9899244406746
390	352.24	24.3654993657768
390	356.799	18.3130193133299
390	361.361	31.5695152620051
390	365.926	39.0746819099326
390	370.495	36.5748106191406
390	375.067	92.6460335860485
390	379.641	51.647293904687
390	384.219	203.404832481761
390	388.801	1314.91897312449
390	393.385	17.6254906934264
390	397.972	494.000013160894
390	402.562	0.52791695874015
390	407.156	35.1120076856448
390	411.752	8.68250205538131
390	416.352	28.1958285674831
390	420.954	16.66828621544
390	425.56	22.5368614643129
390	430.168	32.0112761811782
390	434.779	36.0789621120445
390	439.393	50.1322439979156
390	444.01	40.4131394184556
390	448.63	73.9074398493499
390	453.253	87.7131674951697
390	457.878	65.734761193965
390	462.506	56.2348347209577
390	467.137	50.4325882789667
390	471.771	39.5098028044141
390	476.407	64.0634733404537
390	481.047	55.6595575250247
390	485.688	64.7492788373894
390	490.333	45.0724028135534
390	494.979	40.1164184967141
390	499.629	38.7703764117797
390	504.281	63.1248526133936
390	508.936	52.4294866738889
390	513.593	65.0107056789082
390	518.252	48.1625187084593
390	522.914	60.6221709914434
390	527.579	21.5390015944098
390	532.245	37.4227550292054
390	536.915	29.7297444948301
390	541.586	6.66293015592864
390	546.26	20.94785980475
390	550.936	30.7706094861791
390	555.615	38.4569558689746
390	560.296	7.08664664191494
390	564.979	25.2906658925544
390	569.664	23.0779283665867
390	574.351	9.97141096234757
390	579.04	32.0197457646459
390	583.732	33.7537583769708
390	588.426	-4.31405812775228
390	593.121	15.1990529003334
390	597.819	5.62378493905285
390	602.519	-4.71470183351413
390	607.221	19.032021775495
390	611.924	14.091514709907
390	616.63	-0.969859984919933
390	621.338	9.79429800176895
390	626.047	-4.60445592692709
390	630.758	13.3194222105617
390	635.471	-0.336025416136422
390	640.186	6.04750085750148
390	644.903	17.6733997002956
390	649.621	31.3796469438971
390	654.341	12.60779284125
390	659.063	2.47686473767793
390	663.787	18.2686556718404
390	668.512	44.3765041790262
390	673.238	26.8625003935205
390	677.967	20.8476133571377
390	682.696	8.88222451957058
390	687.428	-20.4659407700654
390	692.16	-4.481340822779
390	696.895	-14.6940234400228
390	701.63	-18.6163228482282
390	706.367	28.4613879787641
390	711.106	-14.7609926465996
390	715.845	5.90279085127515
390	720.586	22.4762053877529
390	725.329	-3.9845726014116
390	730.072	-12.4427472086915
390	734.817	9.69755818324874
390	739.563	7.35381206602962
390	744.31	16.1260011184479
390	749.058	-8.3480439817724
390	753.808	-19.1405825599156
390	758.558	-6.49990711341697
390	763.31	-12.3593246683024
390	768.062	-10.6951864623479
390	772.815	-1.29313719492255
390	777.57	17.0311381387837
390	782.325	51.6383143202928
390	787.081	77.1799304427922
390	791.838	17.7094376273925
390	796.596	-29.897653403951
390	801.355	-0.81965495294029
390	806.114	-15.8376696717547
390	810.875	-16.6683105490763
390	815.635	23.7643918379571
390	820.397	-19.5827367241051
390	825.159	-24.9975362421613
385	248.336	-2.40682056819806
385	252.814	-6.73977435650276
385	257.296	22.0214065547604
385	261.781	18.9764099191203
385	266.271	-22.7238969964982
385	270.764	20.268037432834
385	275.26	-14.9487203391447
385	279.76	11.7546766764989
385	284.264	-9.40550773427895
385	288.772	3.82121364871048
385	293.283	-6.08669101356241
385	297.797	3.15769105561649
385	302.315	-0.397768263112569
385	306.837	-14.196553081337
385	311.362	8.49166116549689
385	315.89	-6.47424085712037
385	320.422	28.0452235665399
385	324.958	2.00481882313859
385	329.496	-1.98602967490836
385	334.038	-3.17976126513588
385	338.584	17.8755189996939
385	343.133	-3.83885525218807
385	347.685	19.5615660857754
385	352.24	54.3386569192842
385	356.799	49.9425968722403
385	361.361	74.6484453939693
385	365.926	30.6844149650066
385	370.495	41.6426062479167
385	375.067	76.0320144450216
385	379.641	302.40029613151
385	384.219	45.6654537587565
385	388.801	64.8976096568222
385	393.385	592.15386081309
385	397.972	18.6057504692707
385	402.562	-1.12221566560767
385	407.156	29.36382447488
385	411.752	6.55816837010057
385	416.352	29.3972895037986
385	420.954	23.6499845803612
385	425.56	34.5558904210114
385	430.168	41.0372021102625
385	434.779	51.1201789976294
385	439.393	47.5485564098185
385	444.01	69.0138997769773
385	448.63	88.4907809862832
385	453.253	88.529238687109
385	457.878	68.7561617989362
385	462.506	70.9695150198928
385	467.137	65.7629447373258
385	471.771	62.399204800577
385	476.407	53.0993539002574
385	481.047	62.373624503506
385	485.688	70.0855769113637
385	490.333	92.4063678124067
385	494.979	56.3499600347685
385	499.629	48.4924192023351
385	504.281	54.7468315390285
385	508.936	56.6756911659891
385	513.593	74.3744325610635
385	518.252	63.2379679440663
385	522.914	23.9191839833385
385	527.579	33.7832967724711
385	532.245	32.4370491926346
385	536.915	39.9001477488479
385	541.586	9.56449960942803
385	546.26	32.1405950603519
385	550.936	24.4476334834851
385	555.615	38.6936288629508
385	560.296	21.4451937460117
385	564.979	35.1743780103611
385	569.664	30.1941800424692
385	574.351	14.6566250426623
385	579.04	38.7120396616361
385	583.732	34.4939400312457
385	588.426	-3.58246094237038
385	593.121	17.7379000780905
385	597.819	9.6963794658644
385	602.519	-3.33997593497427
385	607.221	3.39297421651253
385	611.924	23.5861413423853
385	616.63	30.7545240341112
385	621.338	20.8732502186334
385	626.047	7.99022044681357
385	630.758	12.2484887166027
385	635.471	-14.6268980146803
385	640.186	0.0012748998385691
385	644.903	16.1367588079609
385	649.621	29.0668285571776
385	654.341	8.15953864205964
385	659.063	-8.53028673061446
385	663.787	7.98487145192075
385	668.512	42.6470554139336
385	673.238	17.2251908588424
385	677.967	11.3639563927074
385	682.696	22.2180272874988
385	687.428	-18.3780083544555
385	692.16	-7.22833615536865
385	696.895	-9.10214048118355
385	701.63	-2.569067132383
385	706.367	30.5419897806958
385	711.106	3.77539490338726
385	715.845	4.94542668266444
385	720.586	7.29466597207803
385	725.329	8.86818401452603
385	730.072	2.76855464125607
385	734.817	8.22109556782879
385	739.563	-2.00267963831288
385	744.31	0.811676812178052
385	749.058	-14.9243677700688
385	753.808	-5.72522233910005
385	758.558	16.8030154448866
385	763.31	-4.11445992055754
385	768.062	7.1196354360963
385	772.815	52.8962883901105
385	777.57	71.9101383639619
385	782.325	26.5110851301932
385	787.081	14.8250055126774
385	791.838	-19.2406160478922
385	796.596	-48.6336759397424
385	801.355	-21.7894306533379
385	806.114	-45.6353944738659
385	810.875	-1.60665479097246
385	815.635	-2.01464172523682
385	820.397	-12.9196323112528
385	825.159	-26.6086046216901
380	248.336	8.41806086175345
380	252.814	-8.2424361343931
380	257.296	-19.4960321493893
380	261.781	-20.6854854130715
380	266.271	-5.61369222228751
380	270.764	33.7184988403552
380	275.26	25.6797878696145
380	279.76	28.0761085960976
380	284.264	-0.844876296579107
380	288.772	24.469683148252
380	293.283	-8.07442021377679
380	297.797	1.86468851675841
380	302.315	11.3280854297539
380	306.837	-2.53939842775165
380	311.362	-3.25599799584169
380	315.89	-22.1574725874256
380	320.422	-16.0119162694961
380	324.958	-18.757787327302
380	329.496	6.89339205705873
380	334.038	13.100746553237
380	338.584	8.13022389887806
380	343.133	22.8171871034862
380	347.685	57.7009918782615
380	352.24	10.2282891258583
380	356.799	23.7687024782866
380	361.361	63.6576842851402
380	365.926	32.758461793704
380	370.495	37.6275861036869
380	375.067	314.477006912385
380	379.641	4.51027240876647
380	384.219	14.6611329760781
380	388.801	433.861470818078
380	393.385	36.3947209957185
380	397.972	-10.0238616875694
380	402.562	11.4363338596525
380	407.156	52.5025212947065
380	411.752	20.0067480925334
380	416.352	12.5231215763415
380	420.954	18.3656752796729
380	425.56	31.8006958144529
380	430.168	44.0503951579941
380	434.779	61.7411455059278
380	439.393	59.260279344493
380	444.01	85.4791072314125
380	448.63	98.4279039858639
380	453.253	86.849724657139
380	457.878	55.8767564657363
380	462.506	55.1249867848265
380	467.137	59.0153443980185
380	471.771	79.2395074777231
380	476.407	58.8442066261286
380	481.047	63.6216710962885
380	485.688	83.4501349451438
380	490.333	69.4210584282165
380	494.979	78.4681622810385
380	499.629	57.6428506625189
380	504.281	45.7489084924213
380	508.936	44.9729580187462
380	513.593	70.2172197132273
380	518.252	51.5490480281322
380	522.914	35.1278327453617
380	527.579	29.1435131388666
380	532.245	24.7358481365516
380	536.915	29.6617064860538
380	541.586	23.8928903636515
380	546.26	24.0467915703913
380	550.936	38.4952377399061
380	555.615	39.3586114388882
380	560.296	32.7608825509265
380	564.979	32.5080167219064
380	569.664	20.0952680610092
380	574.351	11.3803713625974
380	579.04	25.7706614715157
380	583.732	29.02099591899
380	588.426	6.23405030823759
380	593.121	12.5272942297001
380	597.819	24.6359003949933
380	602.519	-7.21067412385025
380	607.221	9.90818014523665
380	611.924	36.4565147836576
380	616.63	-1.1834440263952
380	621.338	22.7694995955027
380	626.047	4.24286882068892
380	630.758	9.48101857182515
380	635.471	5.23412174800787
380	640.186	10.8023367264642
380	644.903	0.934967949080358
380	649.621	8.87134307245553
380	654.341	23.7919530564153
380	659.063	-10.6943994101271
380	663.787	8.55545168316875
380	668.512	26.8436434779457
380	673.238	10.9968090154767
380	677.967	3.02806371531188
380	682.696	21.0524296555645
380	687.428	0.00102205097820174
380	692.16	-20.6157141033353
380	696.895	-6.21608432937526
380	701.63	10.8163850782334
380	706.367	14.8340479284901
380	711.106	2.86504668600708
380	715.845	1.08186847439499
380	720.586	4.71555473582067
380	725.329	-16.845606977449
380	730.072	4.0714236108943
380	734.817	-1.11721753049934
380	739.563	6.76703554471855
380	744.31	19.362041535767
380	749.058	10.7495523143107
380	753.808	-11.2546628605451
380	758.558	20.9377867714072
380	763.31	31.6984235012334
380	768.062	0.786185737847234
380	772.815	27.1978839185392
380	777.57	-15.8286622951783
380	782.325	19.110360786329
380	787.081	-2.17203796503344
380	791.838	-17.8333789757285
380	796.596	-22.1675738244692
380	801.355	-11.0944676759939
380	806.114	-31.7663671376638
380	810.875	-31.3883952250556
380	815.635	20.2956436290233
380	820.397	5.36225206827001
380	825.159	18.3826169864998
375	248.336	-7.44446115853071
375	252.814	-12.0025674922668
375	257.296	3.52813178336702
375	261.781	-13.4068782233251
375	266.271	6.81767468083617
375	270.764	6.83078858550391
375	275.26	-34.7354479412716
375	279.76	2.60161205164943
375	284.264	14.0018891621248
375	288.772	-3.90670182689425
375	293.283	-2.61416928717917
375	297.797	-5.77678981246361
375	302.315	-9.21347951621629
375	306.837	-23.6928727271147
375	311.362	12.7778588130015
375	315.89	2.51378667453028
375	320.422	6.38657448429705
375	324.958	-15.6510616009784
375	329.496	21.5975756316444
375	334.038	9.13397854954162
375	338.584	32.0544297222831
375	343.133	58.8152837621118
375	347.685	54.0089042481584
375	352.24	36.5085216905146
375	356.799	22.7211566992946
375	361.361	41.7572739156304
375	365.926	51.6556931238212
375	370.495	346.148349320624
375	375.067	52.6483603858323
375	379.641	17.8864759816352
375	384.219	349.356156254097
375	388.801	47.7174339516965
375	393.385	32.0130461853814
375	397.972	14.5973083730112
375	402.562	25.3826501226095
375	407.156	54.8546703051477
375	411.752	56.7091720928151
375	416.352	46.1048581684895
375	420.954	39.391598467811
375	425.56	60.2802460949865
375	430.168	75.2285013872277
375	434.779	68.4261259919529
375	439.393	81.9391469570676
375	444.01	72.6133511108712
375	448.63	80.2311964652152
375	453.253	93.9361973038273
375	457.878	71.8076512219801
375	462.506	75.7215661814772
375	467.137	68.9649371586724
375	471.771	79.9212522244647
375	476.407	55.145491074702
375	481.047	67.5566906238061
375	485.688	85.7948610475403
375	490.333	61.2712255085509
375	494.979	64.1137509059505
375	499.629	53.9852448932207
375	504.281	43.465263238733
375	508.936	39.3688149127488
375	513.593	61.6376942673006
375	518.252	52.4181281928092
375	522.914	45.5267335147191
375	527.579	40.2214149907211
375	532.245	32.910344398498
375	536.915	69.393183753327
375	541.586	5.43806395881917
375	546.26	28.3247282893468
375	550.936	41.3544916332765
375	555.615	28.3175517954958
375	560.296	12.6592139637952
375	564.979	30.2790694817492
375	569.664	24.6244252486108
375	574.351	24.546841191463
375	579.04	32.6733710303373
375	583.732	17.5370139365713
375	588.426	-0.25785401315229
375	593.121	17.1651157545702
375	597.819	10.8737071941718
375	602.519	-17.381370848861
375	607.221	-3.387586644759
375	611.924	20.0132677069469
375	616.63	22.8353682532791
375	621.338	14.569315491387
375	626.047	1.47330281546087
375	630.758	-3.55828939330261
375	635.471	17.9659780049575
375	640.186	11.1067249408835
375	644.903	13.6513092357212
375	649.621	36.3198755371902
375	654.341	30.9483957503344
375	659.063	-1.25420289862567
375	663.787	13.111648686419
375	668.512	19.6538796150032
375	673.238	38.8874457751005
375	677.967	11.4356464039549
375	682.696	8.91339637121432
375	687.428	-6.65102290631136
375	692.16	-28.0560447536488
375	696.895	1.69331856753397
375	701.63	-2.02355457910478
375	706.367	27.1328638505788
375	711.106	12.8449062208111
375	715.845	7.37466039616354
375	720.586	-1.73488626736859
375	725.329	0.368183928761542
375	730.072	-13.9445607264645
375	734.817	-16.5897035931178
375	739.563	15.7232291424495
375	744.31	21.5642473854727
375	749.058	38.5194043968073
375	753.808	27.7724560535529
375	758.558	53.6615578449992
375	763.31	-19.0131566978158
375	768.062	-5.12909516435628
375	772.815	-3.97451948712239
375	777.57	-8.50663258060366
375	782.325	4.15147330131861
375	787.081	9.74332938649392
375	791.838	-31.713538918621
375	796.596	-7.31753660855335
375	801.355	14.1429911088248
375	806.114	-33.1233968783111
375	810.875	6.32135658442247
375	815.635	28.651274844453
375	820.397	4.08653314447973
375	825.159	2.97283415546718
370	248.336	5.8695483176982
370	252.814	-12.7273437768553
370	257.296	-15.6429821060875
370	261.781	-1.75147693013897
370	266.271	13.4665088543967
370	270.764	16.6229011839211
370	275.26	-14.9315052815214
370	279.76	15.8208435389509
370	284.264	10.1616944255279
370	288.772	31.9288018405774
370	293.283	5.17349413893243
370	297.797	14.6557816096521
370	302.315	5.27414929879983
370	306.837	-11.4988167729282
370	311.362	5.96469763573072
370	315.89	16.0639194031513
370	320.422	17.8297008923697
370	324.958	20.9404784274209
370	329.496	52.1912678745743
370	334.038	57.1287661364781
370	338.584	73.4017189589984
370	343.133	87.4418706544169
370	347.685	68.580356702297
370	352.24	44.0419184543304
370	356.799	24.4664755497989
370	361.361	47.9452327111227
370	365.926	530.335258761982
370	370.495	15.6403725312412
370	375.067	43.5281436121404
370	379.641	290.894757357043
370	384.219	23.3338546228152
370	388.801	42.7649195871726
370	393.385	28.8739225035651
370	397.972	-304.063249752071
370	402.562	18.4670888812316
370	407.156	59.3203102570253
370	411.752	43.790990446372
370	416.352	51.6857541998405
370	420.954	26.5592271021189
370	425.56	53.5869497100905
370	430.168	86.6896616872016
370	434.779	83.4840162669847
370	439.393	77.3842005343723
370	444.01	75.6371168638996
370	448.63	96.9796431965299
370	453.253	99.8608596515855
370	457.878	83.2763788262358
370	462.506	89.4176450019911
370	467.137	81.2659573910818
370	471.771	88.3654530663066
370	476.407	70.7959299838371
370	481.047	77.6153854465863
370	485.688	90.5306275408186
370	490.333	67.6179051091952
370	494.979	53.0046961172523
370	499.629	65.73212886755
370	504.281	51.5326819354809
370	508.936	34.7694230662303
370	513.593	51.720300997051
370	518.252	65.0028219199679
370	522.914	41.168247313865
370	527.579	59.1282529372269
370	532.245	36.2026572105455
370	536.915	52.8517135610486
370	541.586	16.8196691542764
370	546.26	43.3022922773963
370	550.936	14.9756895818181
370	555.615	31.2881029665863
370	560.296	22.6010505505811
370	564.979	26.1949759146515
370	569.664	29.5647875503933
370	574.351	6.13215223343686
370	579.04	33.8399528239968
370	583.732	18.1154165263942
370	588.426	-10.8576837730481
370	593.121	18.5626670946716
370	597.819	8.52646484219399
370	602.519	-14.9331568793851
370	607.221	1.68850393336441
370	611.924	9.02698680385679
370	616.63	6.84710595161984
370	621.338	36.2062780372042
370	626.047	8.41544189374926
370	630.758	-0.297326058779996
370	635.471	-9.15387810391111
370	640.186	4.73919331554903
370	644.903	21.552819425513
370	649.621	20.0416204801046
370	654.341	31.4444738104622
370	659.063	-14.2934205825937
370	663.787	5.36062923666037
370	668.512	15.2511848578749
370	673.238	22.688493956339
370	677.967	20.6120392195658
370	682.696	14.326079401905
370	687.428	-2.29362267322203
370	692.16	-12.8550565360862
370	696.895	-2.64697915415542
370	701.63	-8.02189677051484
370	706.367	5.76415834591723
370	711.106	-8.88825195899275
370	715.845	-1.02770486142428
370	720.586	-1.01402914670488
370	725.329	7.03707424183311
370	730.072	-15.1601173883189
370	734.817	26.8383279359181
370	739.563	54.4497557321002
370	744.31	52.3301946649842
370	749.058	53.4587503822509
370	753.808	-10.6558798250244
370	758.558	19.1146255321287
370	763.31	20.2545882333653
370	768.062	-9.82107793262115
370	772.815	3.13516501032754
370	777.57	13.6160019303122
370	782.325	-7.30004097181071
370	787.081	16.7142793452934
370	791.838	-25.4587715103379
370	796.596	-22.9566758414033
370	801.355	22.0223543436367
370	806.114	-40.3718097209811
370	810.875	15.053049021272
370	815.635	29.3670780294987
370	820.397	3.66358882802936
370	825.159	-13.9267939307803
365	248.336	13.5249957054551
365	252.814	-10.0681056248694
365	257.296	13.8610717257202
365	261.781	-16.7001606277368
365	266.271	-5.81123720631302
365	270.764	12.9724375069414
365	275.26	9.63478306617177
365	279.76	11.0685490324959
365	284.264	18.6371903256082
365	288.772	14.555916561204
365	293.283	-13.9495238873206
365	297.797	1.78067697117801
365	302.315	9.77200087474046
365	306.837	-10.4356711499093
365	311.362	-1.73312349991922
365	315.89	-6.59196752039014
365	320.422	37.5630080845004
365	324.958	31.2392827086256
365	329.496	81.4523344252773
365	334.038	81.6385335311451
365	338.584	74.8636969706581
365	343.133	68.2009304036103
365	347.685	18.4705085575278
365	352.24	13.1275644738876
365	356.799	44.9507894280827
365	361.361	660.293232621714
365	365.926	6.4309851859216
365	370.495	748.76762173407
365	375.067	361.218628210321
365	379.641	11.2659343185454
365	384.219	30.961784648052
365	388.801	53.9272916540016
365	393.385	22.9812359042127
365	397.972	23.2090013558212
365	402.562	19.5256798292561
365	407.156	53.7697944274149
365	411.752	9.44584800780353
365	416.352	59.9579353266008
365	420.954	47.6998264858571
365	425.56	84.1261078905549
365	430.168	74.6005598949814
365	434.779	98.7332036439894
365	439.393	84.1834607542063
365	444.01	93.668643492456
365	448.63	91.4044595467472
365	453.253	97.2857653529751
365	457.878	105.852012221772
365	462.506	63.6140388089034
365	467.137	81.1503637103311
365	471.771	68.7360053774981
365	476.407	60.770140349865
365	481.047	62.5247955206545
365	485.688	78.6691262297059
365	490.333	77.7579009639811
365	494.979	68.0495505593395
365	499.629	67.2109829291602
365	504.281	68.0429543190112
365	508.936	54.0542601566526
365	513.593	64.5377067817486
365	518.252	44.728075569381
365	522.914	48.4417636733642
365	527.579	37.7567844050875
365	532.245	30.8202488515475
365	536.915	56.6417705671391
365	541.586	7.60670865466316
365	546.26	25.0016589658765
365	550.936	30.5870090549653
365	555.615	28.0574142473037
365	560.296	23.0086156622854
365	564.979	29.7374624923066
365	569.664	15.7672617601826
365	574.351	16.4316194792404
365	579.04	26.4723573677987
365	583.732	8.61187402406945
365	588.426	-6.49006657635185
365	593.121	18.2136516189476
365	597.819	5.47083358887278
365	602.519	2.48208994940618
365	607.221	28.9242670467372
365	611.924	3.09006907460037
365	616.63	10.7889129759523
365	621.338	7.44043674017651
365	626.047	2.59993665166663
365	630.758	3.21227733891465
365	635.471	-6.17983159700554
365	640.186	1.17947101979651
365	644.903	9.83970207529716
365	649.621	24.4943357918989
365	654.341	11.6704902518765
365	659.063	-5.26356841092361
365	663.787	21.6706806989373
365	668.512	16.7730395496221
365	673.238	35.0208408809306
365	677.967	0.00133158655595977
365	682.696	15.890155560091
365	687.428	16.9813020908603
365	692.16	0.00111533439876688
365	696.895	-1.98188977338171
365	701.63	9.33592904534247
365	706.367	-0.672406683294469
365	711.106	11.9339670425816
365	715.845	-12.4120779510233
365	720.586	10.7227943825707
365	725.329	27.6671560596179
365	730.072	62.3889835783527
365	734.817	74.2008137919266
365	739.563	9.03290950347196
365	744.31	35.5555924899327
365	749.058	9.5280310369385
365	753.808	-6.71894692567157
365	758.558	-5.32110672617103
365	763.31	24.4282331869917
365	768.062	-17.6106583724141
365	772.815	21.8987322226986
365	777.57	-23.9422063580668
365	782.325	36.470015157325
365	787.081	14.5639014875311
365	791.838	-10.8054791086932
365	796.596	-20.3255190745164
365	801.355	8.77374456061458
365	806.114	-27.0492095797692
365	810.875	15.3526617815451
365	815.635	38.015527966779
365	820.397	6.57969905207159
365	825.159	-15.3508221788603
360	248.336	-4.74657364260858
360	252.814	-13.9958287652584
360	257.296	14.2655585941421
360	261.781	6.1378114326854
360	266.271	4.01955930317292
360	270.764	12.0583617861428
360	275.26	8.29886626545419
360	279.76	24.6483935944027
360	284.264	26.287360290398
360	288.772	-2.31012534197748
360	293.283	-7.34266381557012
360	297.797	5.66291866268266
360	302.315	35.1753190361969
360	306.837	-8.36007272545002
360	311.362	4.49078324814662
360	315.89	6.89715900543973
360	320.422	33.2400357483757
360	324.958	72.1883690486125
360	329.496	89.718466721764
360	334.038	97.2255318665558
360	338.584	43.580260419281
360	343.133	47.562527698096
360	347.685	50.7102475220451
360	352.24	113.856103499518
360	356.799	1133.3365386661
360	361.361	-6.69941919007761
360	365.926	2177.5867360078
360	370.495	131.430953047849
360	375.067	18.6748589781591
360	379.641	10.7615568735577
360	384.219	20.0286177593993
360	388.801	53.0477035617457
360	393.385	41.8001931614734
360	397.972	38.2123610209974
360	402.562	61.3938579114601
360	407.156	52.2030287865373
360	411.752	72.2849432644139
360	416.352	64.5076165481712
360	420.954	86.3993059532521
360	425.56	87.2486921073907
360	430.168	94.0216390837629
360	434.779	79.2741102712017
360	439.393	96.5015294003549
360	444.01	105.554930280645
360	448.63	119.497094596327
360	453.253	121.324999437503
360	457.878	90.1079303926123
360	462.506	89.0972049714895
360	467.137	88.996169752203
360	471.771	80.8972414998234
360	476.407	63.4509667153745
360	481.047	57.8301251667214
360	485.688	86.6600409277846
360	490.333	73.0379559138406
360	494.979	63.089806342596
360	499.629	60.5075894437007
360	504.281	52.7095020889443
360	508.936	48.9126832455321
360	513.593	51.632974357031
360	518.252	55.1222824562742
360	522.914	52.0747698743524
360	527.579	29.9948547757496
360	532.245	36.4683882902804
360	536.915	46.5350651939707
360	541.586	8.84825027342096
360	546.26	22.6620751366219
360	550.936	26.1690013780946
360	555.615	45.4781544349704
360	560.296	22.7062072338158
360	564.979	32.8107500474867
360	569.664	28.0666088036548
360	574.351	23.8103565595036
360	579.04	34.4360577174621
360	583.732	37.6153498337638
360	588.426	22.6816391448074
360	593.121	11.3961249849789
360	597.819	7.64421462169149
360	602.519	0.271548869844237
360	607.221	23.0470967222465
360	611.924	-4.49419208164599
360	616.63	-1.13660996557934
360	621.338	28.8564468815586
360	626.047	-9.81307085805442
360	630.758	5.24988212049822
360	635.471	-5.87517939601463
360	640.186	13.5379450250848
360	644.903	-11.6191083793765
360	649.621	27.4751575463924
360	654.341	8.58082621012662
360	659.063	14.8385493337252
360	663.787	-15.0519126721925
360	668.512	14.5341562005449
360	673.238	30.1978363827521
360	677.967	5.11877944947967
360	682.696	12.9467520354071
360	687.428	-5.22315280708277
360	692.16	7.20501751694924
360	696.895	-6.9456120103478
360	701.63	27.949376639518
360	706.367	40.41001409684
360	711.106	18.6984972868517
360	715.845	56.3470844964666
360	720.586	73.9054746318956
360	725.329	77.8713270486008
360	730.072	46.1282999832321
360	734.817	17.2555190807839
360	739.563	0.350332355023022
360	744.31	10.8609749193438
360	749.058	17.9155133687482
360	753.808	-26.4676695141645
360	758.558	19.7362566370012
360	763.31	10.0583700332975
360	768.062	-34.3907313942868
360	772.815	3.13026167576994
360	777.57	11.9523764112704
360	782.325	22.6540418099141
360	787.081	12.4600653664387
360	791.838	-19.5173709490344
360	796.596	5.07724103128703
360	801.355	-14.6020505704806
360	806.114	-35.405151080416
360	810.875	26.2772807099832
360	815.635	25.1827393971866
360	820.397	13.4951675556413
360	825.159	2.17784615059917
355	248.336	0.718824595032435
355	252.814	19.4341252295706
355	257.296	15.8098687222247
355	261.781	2.60017996171624
355	266.271	7.05620142437076
355	270.764	0.437044889745486
355	275.26	-37.158982055477
355	279.76	7.97669940868982
355	284.264	9.588983987014
355	288.772	13.2237507316791
355	293.283	-6.5278774712991
355	297.797	14.3726971915451
355	302.315	-15.1550367348898
355	306.837	-13.0559466044765
355	311.362	3.75134720104116
355	315.89	7.14396513598152
355	320.422	50.0047076426766
355	324.958	16.8515349147232
355	329.496	53.1481078094452
355	334.038	53.132774996291
355	338.584	24.803582418089
355	343.133	74.6421308480091
355	347.685	89.7550605811988
355	352.24	1182.2715639401
355	356.799	-20.2314043012848
355	361.361	878.835276748272
355	365.926	34.652454281282
355	370.495	29.7550902017931
355	375.067	48.9671690152313
355	379.641	21.0554998235074
355	384.219	28.0018207170772
355	388.801	52.8093578619148
355	393.385	57.7516533183571
355	397.972	8.44639175522491
355	402.562	40.2654209718869
355	407.156	115.866953640797
355	411.752	76.0250429847586
355	416.352	59.476820171102
355	420.954	74.1231753772535
355	425.56	82.5988623873078
355	430.168	78.5415171845867
355	434.779	103.736347240433
355	439.393	101.673004963921
355	444.01	97.545607421047
355	448.63	106.653325214797
355	453.253	108.851609346053
355	457.878	120.562479306748
355	462.506	93.7366145390368
355	467.137	91.7770159765354
355	471.771	73.8745730486762
355	476.407	69.7647006487899
355	481.047	57.4111897698479
355	485.688	77.855013696819
355	490.333	86.7686644549093
355	494.979	69.3902626219104
355	499.629	65.801483864107
355	504.281	54.3454985391764
355	508.936	47.8391586326525
355	513.593	52.0197413394559
355	518.252	57.679760294517
355	522.914	52.4432391498166
355	527.579	40.6741559891116
355	532.245	33.0983908166953
355	536.915	42.5259056572464
355	541.586	14.7493614369748
355	546.26	19.3764159491859
355	550.936	39.5544760802327
355	555.615	38.0885136107147
355	560.296	16.0645850010626
355	564.979	33.1969375892237
355	569.664	12.9586814897514
355	574.351	21.9602561997565
355	579.04	39.0414458379937
355	583.732	33.4523642712481
355	588.426	19.7486931129985
355	593.121	19.0413027176683
355	597.819	20.7736045951149
355	602.519	7.06912659166401
355	607.221	-0.00232976544958952
355	611.924	9.69503583299464
355	616.63	4.20175821278724
355	621.338	17.7858171887167
355	626.047	-4.84805628695621
355	630.758	-1.44181831984746
355	635.471	6.09706693070458
355	640.186	8.43476411795798
355	644.903	2.64669052036375
355	649.621	22.0756898083408
355	654.341	15.4521026635947
355	659.063	0.609240971959288
355	663.787	-5.2672680443915
355	668.512	7.17952785734718
355	673.238	8.79531919520073
355	677.967	10.7547282077574
355	682.696	8.95651420091306
355	687.428	9.65818695897617
355	692.16	11.0063810720531
355	696.895	7.82082627102798
355	701.63	-1.33110877788346
355	706.367	44.5302243942588
355	711.106	63.4032434443346
355	715.845	52.5402791084864
355	720.586	1.23772837092247
355	725.329	9.97283037194654
355	730.072	13.8889412387364
355	734.817	10.1450987707414
355	739.563	-12.0341870090253
355	744.31	26.8280822960484
355	749.058	-0.722160975519861
355	753.808	-4.05387008901365
355	758.558	-11.2484831944915
355	763.31	-3.44452895842364
355	768.062	-21.2372935903779
355	772.815	9.64603975654308
355	777.57	-5.90975816268944
355	782.325	-10.3974982611282
355	787.081	0.821337048394112
355	791.838	-26.6597491395699
355	796.596	-28.4066810449105
355	801.355	12.2589968218076
355	806.114	-19.1163403775992
355	810.875	-2.89193260509256
355	815.635	15.1405847596347
355	820.397	3.24046231264554
355	825.159	-12.9873385107242
350	248.336	19.6298926532527
350	252.814	-13.6370275571701
350	257.296	3.39505376415363
350	261.781	6.46091436888204
350	266.271	8.27860221003832
350	270.764	-16.5681020466963
350	275.26	-19.2075215863973
350	279.76	-8.27255830691918
350	284.264	19.0207286712377
350	288.772	3.78479376285922
350	293.283	5.77014717540561
350	297.797	10.4574596904736
350	302.315	6.17368524145569
350	306.837	0.108687258631065
350	311.362	5.72354744107713
350	315.89	32.3849029476918
350	320.422	60.5088865869234
350	324.958	38.6936679147782
350	329.496	30.4205629420796
350	334.038	26.6742691020647
350	338.584	37.3175344585691
350	343.133	84.0776573011988
350	347.685	1107.10015041698
350	352.24	28.0895010397799
350	356.799	784.749685638644
350	361.361	54.1503828690127
350	365.926	47.887331246882
350	370.495	13.5379568665355
350	375.067	44.3422521814926
350	379.641	13.3305481520802
350	384.219	16.3498875049029
350	388.801	69.2384353461415
350	393.385	43.1928087132034
350	397.972	79.5452119912075
350	402.562	103.219002929539
350	407.156	60.6551671452823
350	411.752	77.4902296732024
350	416.352	56.1205483719933
350	420.954	61.2208107099943
350	425.56	105.515915043467
350	430.168	79.1625196213683
350	434.779	91.5233379445237
350	439.393	92.8162752514102
350	444.01	99.2788953052902
350	448.63	111.40331592938
350	453.253	105.684467546261
350	457.878	99.2705523455919
350	462.506	85.1620586643846
350	467.137	86.8391072870287
350	471.771	83.4134038906274
350	476.407	72.3319051470724
350	481.047	53.1401638965997
350	485.688	89.7532517965363
350	490.333	63.2509117754346
350	494.979	50.0442276334111
350	499.629	55.7338184727956
350	504.281	48.3630759142203
350	508.936	37.0063835359184
350	513.593	44.8921220615033
350	518.252	41.9685301306121
350	522.914	47.314670490661
350	527.579	46.3355928798586
350	532.245	35.6771021299662
350	536.915	53.349888086807
350	541.586	21.0678755159879
350	546.26	37.3639759003526
350	550.936	27.8680975076786
350	555.615	31.9304221733734
350	560.296	28.2720464101156
350	564.979	12.2396816780036
350	569.664	10.5335864978046
350	574.351	19.9297810705489
350	579.04	40.4654663301684
350	583.732	39.1514901029245
350	588.426	0.00844846458774295
350	593.121	19.3783828783656
350	597.819	26.442975083315
350	602.519	16.4205174885749
350	607.221	14.9414800260399
350	611.924	15.3582502747767
350	616.63	20.5194448368448
350	621.338	7.27441261877981
350	626.047	-11.8259064115683
350	630.758	0.862449561056322
350	635.471	-4.5974460757754
350	640.186	-0.283481006763175
350	644.903	4.65904644144708
350	649.621	15.6523054155209
350	654.341	17.1026515326705
350	659.063	3.93689337374489
350	663.787	0.932691317534523
350	668.512	7.41727072958332
350	673.238	21.7750946003577
350	677.967	26.0237942831523
350	682.696	14.5990808181602
350	687.428	5.45089890228533
350	692.16	9.07238494334693
350	696.895	31.7820348778434
350	701.63	77.1713822672134
350	706.367	96.6837322675027
350	711.106	34.6551255673194
350	715.845	25.444145034323
350	720.586	-9.74776217886627
350	725.329	-5.10913455233968
350	730.072	-2.39611938668484
350	734.817	6.57189871348242
350	739.563	20.6526882817757
350	744.31	26.5500401215894
350	749.058	12.1729551697112
350	753.808	5.48455921573108
350	758.558	2.21395576136246
350	763.31	2.28395402580582
350	768.062	-0.76241046537614
350	772.815	4.94273924035604
350	777.57	-12.0650325055608
350	782.325	6.75774470117832
350	787.081	0.440137330323719
350	791.838	-14.9620081865556
350	796.596	-25.5923025209048
350	801.355	10.3684582734511
350	806.114	-9.2577808826544
350	810.875	25.0024314984482
350	815.635	5.72312709496136
350	820.397	-5.70988316780264
350	825.159	-2.83439066244813
345	248.336	11.0428498480354
345	252.814	0.446735329111405
345	257.296	-23.6260949815898
345	261.781	25.2804274459041
345	266.271	22.2145475620953
345	270.764	27.0358144224912
345	275.26	-12.7748188216611
345	279.76	3.34005892916795
345	284.264	16.990802825882
345	288.772	20.1736479643375
345	293.283	-6.05694235944805
345	297.797	-2.39961985189886
345	302.315	4.4803039707183
345	306.837	-13.7572025370412
345	311.362	28.6894523570267
345	315.89	56.8390921642033
345	320.422	54.5602971374725
345	324.958	41.6090317784343
345	329.496	44.8227626830445
345	334.038	37.5947553746223
345	338.584	109.74740188196
345	343.133	1267.18879593641
345	347.685	10.70188014835
345	352.24	759.614515776651
345	356.799	0.365399784452393
345	361.361	22.704728137249
345	365.926	20.1645646235379
345	370.495	31.0218824695212
345	375.067	66.8260083760294
345	379.641	32.9493864518822
345	384.219	58.4509338546415
345	388.801	75.4670829364482
345	393.385	111.311203780686
345	397.972	67.1077352672728
345	402.562	98.614180531306
345	407.156	100.017619520113
345	411.752	96.5772479352234
345	416.352	102.291274310175
345	420.954	75.8126658861828
345	425.56	99.1547392872786
345	430.168	98.3644411023151
345	434.779	98.9427486578895
345	439.393	109.923506153229
345	444.01	100.926587425954
345	448.63	111.149595409039
345	453.253	110.39232805696
345	457.878	105.214310438962
345	462.506	89.0385532769984
345	467.137	81.1032903334421
345	471.771	68.2403718295139
345	476.407	63.2100225115433
345	481.047	64.8994535597501
345	485.688	72.6944341531787
345	490.333	67.5821924321735
345	494.979	69.2920561415617
345	499.629	64.5120053949889
345	504.281	45.0387875347628
345	508.936	50.7096528768225
345	513.593	57.7523497438835
345	518.252	48.2131962837305
345	522.914	54.225438052188
345	527.579	39.7001499879458
345	532.245	31.7307968791324
345	536.915	59.3395161291484
345	541.586	9.88906244265227
345	546.26	36.5407599990353
345	550.936	32.0593845696625
345	555.615	27.5965078087837
345	560.296	15.6265723607147
345	564.979	13.980129322765
345	569.664	13.0661399447879
345	574.351	17.301132421887
345	579.04	27.1023986225145
345	583.732	27.5340516053245
345	588.426	2.64052282643486
345	593.121	23.8434690566252
345	597.819	13.0623941476296
345	602.519	-8.85931312858154
345	607.221	-1.62356249671889
345	611.924	14.2308382558713
345	616.63	-5.53063915316889
345	621.338	17.8453438130795
345	626.047	1.69276609395461
345	630.758	3.41770370837426
345	635.471	3.43744082396245
345	640.186	9.19411959609702
345	644.903	-8.1251020298446
345	649.621	7.37185441951374
345	654.341	20.6483992886238
345	659.063	-10.8531819738582
345	663.787	-2.43852593192476
345	668.512	21.2851744973034
345	673.238	27.935031544228
345	677.967	14.401710008503
345	682.696	5.74748904143689
345	687.428	31.7622372712006
345	692.16	84.6556571104801
345	696.895	54.0036384077937
345	701.63	36.676947058153
345	706.367	14.8619046541384
345	711.106	27.2468871212924
345	715.845	14.4502186382171
345	720.586	-5.37890488748334
345	725.329	-2.71946394554415
345	730.072	-14.744660968739
345	734.817	4.14423331085819
345	739.563	7.68735242928143
345	744.31	36.3785916235307
345	749.058	7.13954995493633
345	753.808	-7.27153140052918
345	758.558	-18.8858818626438
345	763.31	0.00981496452459751
345	768.062	-8.76672765763153
345	772.815	-16.7674617783124
345	777.57	-12.4265285129441
345	782.325	-8.26157915532779
345	787.081	8.52981499642654
345	791.838	-4.03572686345534
345	796.596	-33.4073339955905
345	801.355	26.0056725429246
345	806.114	-22.4361372003531
345	810.875	-20.6471283261251
345	815.635	40.9567355387466
345	820.397	-21.7283220415195
345	825.159	-2.48949831888862
340	248.336	12.9512174529863
340	252.814	-13.307519577165
340	257.296	-4.24345187052219
340	261.781	-6.87960391789722
340	266.271	9.69872770271385
340	270.764	36.9925359896841
340	275.26	-1.22922196490259
340	279.76	-2.45407807219826
340	284.264	29.5294215837644
340	288.772	6.09921267425894
340	293.283	9.82485813379927
340	297.797	4.39347468706325
340	302.315	22.7185064799079
340	306.837	18.8232893950126
340	311.362	53.8976982494718
340	315.89	58.9609928472635
340	320.422	50.4678809064228
340	324.958	8.67351450788294
340	329.496	35.0531734084364
340	334.038	168.019749062822
340	338.584	843.865067805302
340	343.133	35.6423532351291
340	347.685	475.060409831425
340	352.24	34.4361387505717
340	356.799	9.68025566849843
340	361.361	19.7857380045677
340	365.926	44.8908270200393
340	370.495	31.0765718959838
340	375.067	69.8874046068497
340	379.641	56.5421641340112
340	384.219	76.6351359140695
340	388.801	135.321661424681
340	393.385	90.9001540799597
340	397.972	73.5247554265709
340	402.562	110.706055262791
340	407.156	104.614338146487
340	411.752	114.487439594115
340	416.352	114.139675274952
340	420.954	93.7680864109153
340	425.56	107.447750877711
340	430.168	119.184498919197
340	434.779	118.904458001133
340	439.393	117.022128178857
340	444.01	103.010775563624
340	448.63	122.857196241511
340	453.253	122.742118869536
340	457.878	105.723851460379
340	462.506	91.9713903074098
340	467.137	94.1025998388704
340	471.771	91.8666367669671
340	476.407	71.6271528744216
340	481.047	72.2891671172824
340	485.688	87.438366288296
340	490.333	76.5081530634991
340	494.979	60.1941460154458
340	499.629	69.3795795024624
340	504.281	50.4919519023524
340	508.936	47.4775609916676
340	513.593	64.9924168955942
340	518.252	44.5093543298807
340	522.914	30.5702658705568
340	527.579	40.093261707109
340	532.245	31.0667940909959
340	536.915	55.726506506907
340	541.586	12.4893602440158
340	546.26	20.3469804894619
340	550.936	37.4331070803993
340	555.615	30.9019023545229
340	560.296	6.12689654743387
340	564.979	36.687303821639
340	569.664	17.5860071184672
340	574.351	20.5963450830911
340	579.04	25.251576880594
340	583.732	27.5380048262426
340	588.426	-7.1743713209781
340	593.121	13.6452777458714
340	597.819	5.66257815797435
340	602.519	-0.527897013816888
340	607.221	20.7955920563814
340	611.924	5.25370233064522
340	616.63	12.8453119793503
340	621.338	7.89341406716854
340	626.047	2.287846743247
340	630.758	0.289296321477464
340	635.471	0.876942291457483
340	640.186	3.19357742787549
340	644.903	0.89547209829032
340	649.621	23.8092560289016
340	654.341	22.6856447207729
340	659.063	27.7621762435191
340	663.787	1.60072858158431
340	668.512	9.08706017668468
340	673.238	31.2048826567401
340	677.967	47.8643680002275
340	682.696	87.6795884312758
340	687.428	41.6256417848763
340	692.16	24.6325761374812
340	696.895	-6.33490090958016
340	701.63	-2.91683048519288
340	706.367	16.2606699033772
340	711.106	3.03592800032644
340	715.845	33.9215232083703
340	720.586	6.48696311315946
340	725.329	8.61374098331388
340	730.072	-13.483654680581
340	734.817	1.73597544159221
340	739.563	1.75369016244373
340	744.31	4.63324759877676
340	749.058	10.8131493204359
340	753.808	-19.803485785851
340	758.558	-8.2035140910087
340	763.31	-6.43250335783921
340	768.062	-1.50270636839232
340	772.815	-14.9524662694028
340	777.57	-14.0663292098422
340	782.325	0.468812895659724
340	787.081	3.31859601383105
340	791.838	-20.011236023898
340	796.596	14.99647314001
340	801.355	-1.43721266589495
340	806.114	-20.8472413412023
340	810.875	-12.9349139930546
340	815.635	13.6695767638136
340	820.397	-3.95937496163617
340	825.159	16.9081221934207
335	248.336	-0.720459540393549
335	252.814	-34.2324669333571
335	257.296	20.4376694684423
335	261.781	-2.16810300872304
335	266.271	11.2428947564794
335	270.764	26.9575751819788
335	275.26	0.489657381397478
335	279.76	-2.10571374995618
335	284.264	3.28765077421651
335	288.772	-1.09273503034126
335	293.283	-20.8402162070707
335	297.797	29.8931565282118
335	302.315	34.0697085615055
335	306.837	43.1816255192869
335	311.362	65.4341802144256
335	315.89	44.451216825353
335	320.422	37.8777262698653
335	324.958	21.1097578978635
335	329.496	193.332922796557
335	334.038	19.691076066887
335	338.584	18.5043002106286
335	343.133	334.383966068333
335	347.685	28.8038063628404
335	352.24	17.8506405345717
335	356.799	13.1140812640276
335	361.361	32.5826773587255
335	365.926	8.98339297212391
335	370.495	6.8000674270375
335	375.067	74.632497440185
335	379.641	119.710344069508
335	384.219	64.3855095811246
335	388.801	104.898410846431
335	393.385	89.9543022244208
335	397.972	79.9190441366954
335	402.562	108.185173096309
335	407.156	136.861578544458
335	411.752	125.527132843875
335	416.352	118.16859775803
335	420.954	115.196495591335
335	425.56	125.053492667617
335	430.168	119.307105998584
335	434.779	126.583700177876
335	439.393	115.717991960473
335	444.01	117.162326968784
335	448.63	132.583863319394
335	453.253	117.960402199117
335	457.878	124.240463830007
335	462.506	105.877020200953
335	467.137	104.262586210823
335	471.771	89.3200741021365
335	476.407	64.5878734128351
335	481.047	67.6018458364451
335	485.688	104.229869642748
335	490.333	73.1733062613278
335	494.979	75.9593412217085
335	499.629	64.3901707777265
335	504.281	45.1085443721958
335	508.936	57.7910585140297
335	513.593	43.3547978238879
335	518.252	55.9166503710483
335	522.914	40.3858726886265
335	527.579	63.3052376950193
335	532.245	49.1347660969539
335	536.915	45.2667396136083
335	541.586	9.68068155091573
335	546.26	36.0905088930351
335	550.936	30.1784128562563
335	555.615	38.4791722144447
335	560.296	22.8315783061574
335	564.979	36.3858392777356
335	569.664	2.12756170149087
335	574.351	21.532405504452
335	579.04	20.9279208726089
335	583.732	25.9219126058584
335	588.426	-15.7317232441186
335	593.121	-1.63322559862606
335	597.819	9.61794905207238
335	602.519	-6.07343095499993
335	607.221	18.9827079771696
335	611.924	15.7788596352251
335	616.63	9.97844654304617
335	621.338	18.0918871852005
335	626.047	13.9191211952225
335	630.758	-6.72771364066744
335	635.471	5.91500829832645
335	640.186	12.4291390570611
335	644.903	13.4840963719637
335	649.621	22.175924810007
335	654.341	20.3553625358544
335	659.063	-1.50570226914058
335	663.787	15.319144043598
335	668.512	82.9207400799378
335	673.238	120.562103662656
335	677.967	106.482858854494
335	682.696	32.9759646119585
335	687.428	-1.23410584892331
335	692.16	-5.58239605281117
335	696.895	3.33433056339516
335	701.63	-8.01031678440543
335	706.367	3.06216607918973
335	711.106	-2.72614731390093
335	715.845	3.11437368843117
335	720.586	5.22231156047832
335	725.329	5.61960501767307
335	730.072	2.48150465045766
335	734.817	32.7141367752656
335	739.563	-1.8050615260279
335	744.31	10.5590773870384
335	749.058	12.1521923736786
335	753.808	-27.2952719227397
335	758.558	6.51644963886463
335	763.31	-2.28753169601226
335	768.062	0.0331900928557474
335	772.815	-16.0847735461568
335	777.57	15.6168821687158
335	782.325	13.8409755108915
335	787.081	8.34703915636782
335	791.838	-26.2626750095297
335	796.596	-1.70435622198378
335	801.355	6.60532367258872
335	806.114	-45.8378925887489
335	810.875	23.1053241153409
335	815.635	22.7375788221025
335	820.397	6.23225488386244
335	825.159	-3.66586650102846
330	248.336	19.8203426887655
330	252.814	-8.09982270970543
330	257.296	12.6907264483308
330	261.781	0.137885376583384
330	266.271	21.0059772593226
330	270.764	20.6290635763863
330	275.26	2.41896176997095
330	279.76	16.5185970953904
330	284.264	22.9631342192426
330	288.772	4.14804352861321
330	293.283	25.5321855806169
330	297.797	44.1027534779797
330	302.315	48.0377116883412
330	306.837	-14.7179354201354
330	311.362	52.8641348004974
330	315.89	24.9654931631287
330	320.422	17.5303687818824
330	324.958	226.870031423242
330	329.496	69.3490302518876
330	334.038	67.3873545146889
330	338.584	80.4545753172215
330	343.133	15.5198582194802
330	347.685	-17.2467622628915
330	352.24	4.84576069928181
330	356.799	-19.9783847989934
330	361.361	24.466514031888
330	365.926	-1.69962247594299
330	370.495	23.0028449438596
330	375.067	136.065840503202
330	379.641	76.7469820528406
330	384.219	77.0436177591781
330	388.801	85.3979860067286
330	393.385	89.5378534334683
330	397.972	84.3190824174567
330	402.562	97.5035696325135
330	407.156	142.025568070083
330	411.752	120.191905299344
330	416.352	117.367917919501
330	420.954	108.639148516401
330	425.56	140.731676205524
330	430.168	129.911757747512
330	434.779	132.501701961356
330	439.393	129.304601906481
330	444.01	136.37725051791
330	448.63	141.724949911507
330	453.253	139.507143745211
330	457.878	121.487388805646
330	462.506	109.836967472771
330	467.137	99.2707388103915
330	471.771	95.2696312339106
330	476.407	96.4661124617485
330	481.047	69.6004171289313
330	485.688	98.5402138168719
330	490.333	71.8944495098911
330	494.979	72.6701139284669
330	499.629	66.2385143776105
330	504.281	48.67202097703
330	508.936	48.3707681887078
330	513.593	55.9421131291614
330	518.252	42.6554770964808
330	522.914	30.5333093852932
330	527.579	33.1276602637967
330	532.245	15.8235877235224
330	536.915	41.736008424075
330	541.586	9.81941579244193
330	546.26	21.2500414984984
330	550.936	42.5218587728184
330	555.615	26.2457752829772
330	560.296	17.5196627810708
330	564.979	28.2424623008365
330	569.664	13.4340369251041
330	574.351	8.02726526788034
330	579.04	34.7669330427344
330	583.732	13.4645770984992
330	588.426	3.41894871159809
330	593.121	9.06531812726878
330	597.819	9.41432210687662
330	602.519	0.589686549061216
330	607.221	4.37858230484769
330	611.924	19.0058360603373
330	616.63	-2.03941610161037
330	621.338	16.3452592397168
330	626.047	3.94129921264497
330	630.758	-17.8434967251397
330	635.471	2.85351251783536
330	640.186	6.5375483325201
330	644.903	0.457064661210005
330	649.621	23.4220869016708
330	654.341	28.0419925905628
330	659.063	60.0664445862733
330	663.787	89.8418015666207
330	668.512	59.3577986935763
330	673.238	25.2528688694589
330	677.967	20.5651811586115
330	682.696	14.2091256606236
330	687.428	-16.5812038626778
330	692.16	-9.49890203318703
330	696.895	-14.711307011064
330	701.63	-5.84676906048055
330	706.367	7.7457363807746
330	711.106	-8.84857099103077
330	715.845	8.6053515914064
330	720.586	7.97248541757907
330	725.329	10.8962618287513
330	730.072	2.5787684563052
330	734.817	-10.6624419049191
330	739.563	1.91755730740523
330	744.31	6.14780692755103
330	749.058	7.78960455444329
330	753.808	-15.3703068406571
330	758.558	-1.93490829946188
330	763.31	-13.2372642159324
330	768.062	-18.68148607418
330	772.815	-4.92157433619652
330	777.57	19.4934144064453
330	782.325	16.9044163541361
330	787.081	6.0530644916926
330	791.838	-16.8062868932746
330	796.596	-30.3820778427157
330	801.355	0.780951265510521
330	806.114	-10.6546861778285
330	810.875	-2.63634422040855
330	815.635	32.2800538124613
330	820.397	-7.96904560815584
330	825.159	-23.1390454761563
325	248.336	18.0382482618693
325	252.814	-28.6389904632406
325	257.296	20.5268678505935
325	261.781	0.657971738705086
325	266.271	19.6788824153653
325	270.764	-32.1470507186712
325	275.26	-30.4351629017507
325	279.76	50.1039121634602
325	284.264	32.5749680962351
325	288.772	7.92447215860329
325	293.283	12.1924063862833
325	297.797	27.2227726963437
325	302.315	33.5464247957509
325	306.837	20.1984778392307
325	311.362	41.7842574263007
325	315.89	43.5570675768095
325	320.422	538.871462433925
325	324.958	61.0869264643407
325	329.496	68.5064514055448
325	334.038	119.067649498765
325	338.584	0.271076067505192
325	343.133	32.4821336264514
325	347.685	17.2016560187727
325	352.24	-24.7723552730699
325	356.799	3.64921589697252
325	361.361	42.6933167419311
325	365.926	95.2461230565823
325	370.495	86.0757836075372
325	375.067	67.8812546993443
325	379.641	56.6693592715441
325	384.219	84.2911914000229
325	388.801	115.26518780122
325	393.385	89.8626864991065
325	397.972	93.0064509261378
325	402.562	135.153555119985
325	407.156	138.732613610986
325	411.752	148.370687139112
325	416.352	137.8764281794
325	420.954	138.612573408104
325	425.56	139.419753569207
325	430.168	159.780438761947
325	434.779	148.055846484357
325	439.393	130.639239560817
325	444.01	140.877773732037
325	448.63	157.750046208207
325	453.253	134.356197400034
325	457.878	123.254336544818
325	462.506	98.7148945509906
325	467.137	119.207488236127
325	471.771	96.6769050244006
325	476.407	67.5031299589187
325	481.047	62.4386929674713
325	485.688	76.7473516754196
325	490.333	81.2806729767793
325	494.979	66.7629946580427
325	499.629	68.3579529801558
325	504.281	62.070501433577
325	508.936	68.9143697987824
325	513.593	59.1572465853071
325	518.252	50.0785252937698
325	522.914	54.6859736485061
325	527.579	49.81059429278
325	532.245	18.0109362348599
325	536.915	46.3700965762867
325	541.586	6.17123002478323
325	546.26	18.4457044821588
325	550.936	38.8687300785098
325	555.615	29.0501112130391
325	560.296	19.837515445436
325	564.979	32.5804980438036
325	569.664	22.1942380466288
325	574.351	28.4497022536841
325	579.04	36.8974089036906
325	583.732	34.7551202762705
325	588.426	9.49033781128484
325	593.121	31.2444057198492
325	597.819	17.9968636611174
325	602.519	-13.5563911706052
325	607.221	8.53163376938113
325	611.924	28.0009901796288
325	616.63	22.1035687499346
325	621.338	22.9169919961168
325	626.047	19.7061378884245
325	630.758	15.4780555390048
325	635.471	7.20833823035481
325	640.186	10.8638208091761
325	644.903	33.601451917424
325	649.621	92.0368125472014
325	654.341	105.458839655797
325	659.063	71.4387342831446
325	663.787	51.3780127884917
325	668.512	21.6049376891981
325	673.238	30.6791572888867
325	677.967	-9.73912723259088
325	682.696	3.60805420711643
325	687.428	-6.0255366249635
325	692.16	-7.84203310264461
325	696.895	-10.08380432232
325	701.63	6.94551625776612
325	706.367	-7.35819598355215
325	711.106	-8.54717630598551
325	715.845	-10.9272006087292
325	720.586	-1.04401827686625
325	725.329	-8.69992391809663
325	730.072	1.69728412246129
325	734.817	-13.0432726437396
325	739.563	24.4837645531828
325	744.31	13.5567472931727
325	749.058	24.930756805668
325	753.808	4.12222628016576
325	758.558	12.0730646627677
325	763.31	15.7422077784964
325	768.062	-16.2298994651286
325	772.815	2.11461364544805
325	777.57	10.5025808766033
325	782.325	25.7644324304487
325	787.081	-5.87988677781354
325	791.838	-30.8470427383059
325	796.596	-12.0288097739603
325	801.355	2.78876764026436
325	806.114	-40.3969780793048
325	810.875	21.5970979637255
325	815.635	31.6017986743287
325	820.397	-30.3975587486278
325	825.159	-22.3280978138638
320	248.336	22.0153956782956
320	252.814	-28.190917815637
320	257.296	1.61637265536969
320	261.781	4.70278943874904
320	266.271	16.1082222122139
320	270.764	35.760876131626
320	275.26	5.85692014161535
320	279.76	17.855795023782
320	284.264	75.4480009824623
320	288.772	43.5218541290233
320	293.283	26.1876143190718
320	297.797	43.3983914650387
320	302.315	97.4112123698236
320	306.837	113.986316010612
320	311.362	116.239942738987
320	315.89	1298.77445013846
320	320.422	72.6757101377734
320	324.958	49.7119865350905
320	329.496	273.301863108487
320	334.038	127.258644366464
320	338.584	131.540271919691
320	343.133	94.9666518441474
320	347.685	67.1659504123465
320	352.24	77.8322524049422
320	356.799	48.0038527492929
320	361.361	106.636146214662
320	365.926	118.987440420089
320	370.495	60.1856450809596
320	375.067	91.2692878447131
320	379.641	53.9386052656945
320	384.219	78.3854234875013
320	388.801	152.066050102775
320	393.385	120.502860375548
320	397.972	116.646259193465
320	402.562	140.757215831823
320	407.156	150.219464146778
320	411.752	160.309107075446
320	416.352	147.490861831061
320	420.954	145.840258007955
320	425.56	159.240929251928
320	430.168	153.619494457817
320	434.779	160.342828351314
320	439.393	139.383311788109
320	444.01	144.142687542327
320	448.63	148.033618347991
320	453.253	150.935349898729
320	457.878	123.879348097781
320	462.506	110.4579175927
320	467.137	95.9025373152245
320	471.771	106.110009370614
320	476.407	78.2400772888969
320	481.047	77.5637780821125
320	485.688	106.202926047045
320	490.333	76.5928120218674
320	494.979	68.316700236565
320	499.629	72.3985248560964
320	504.281	79.8118907112784
320	508.936	59.2519108017985
320	513.593	64.9913499144038
320	518.252	60.3422113446043
320	522.914	55.6643332227443
320	527.579	55.9579384988327
320	532.245	22.433751679319
320	536.915	35.6388414318698
320	541.586	6.20821686479743
320	546.26	23.5843739922375
320	550.936	46.6200496655072
320	555.615	50.235676874437
320	560.296	35.2526637595666
320	564.979	40.9755342070409
320	569.664	23.3987723166492
320	574.351	-0.586933888934652
320	579.04	30.6038052314494
320	583.732	25.5013990504798
320	588.426	-7.46738582067832
320	593.121	-2.47273514247789
320	597.819	11.4064142076796
320	602.519	-2.20528278854562
320	607.221	7.74733261736272
320	611.924	37.6803051541066
320	616.63	1.40583627883203
320	621.338	33.1283500162251
320	626.047	9.79334555964783
320	630.758	8.33890616518535
320	635.471	81.2058351787902
320	640.186	158.073193968547
320	644.903	165.596939424142
320	649.621	105.741643907475
320	654.341	44.8866063163513
320	659.063	3.68723445366281
320	663.787	17.0664688660655
320	668.512	13.5233015105516
320	673.238	34.1896686804837
320	677.967	14.4877916134549
320	682.696	25.1082985341158
320	687.428	4.55606890230963
320	692.16	13.3253644663175
320	696.895	-16.75155080094
320	701.63	13.1174763676974
320	706.367	23.0231157715867
320	711.106	18.9643545542417
320	715.845	-19.7833290329082
320	720.586	3.37966164501115
320	725.329	11.4636958824048
320	730.072	-21.8132548424579
320	734.817	3.34102637663327
320	739.563	-3.29649494385319
320	744.31	12.9975235706386
320	749.058	3.41664748245836
320	753.808	-11.6125121755651
320	758.558	-17.5486622156247
320	763.31	9.43132874234023
320	768.062	-0.898595911405009
320	772.815	-1.82974845618088
320	777.57	-10.5836391299233
320	782.325	-3.20708008067215
320	787.081	18.7331219019205
320	791.838	-42.1920787278361
320	796.596	-36.1747466228617
320	801.355	-4.22033607695791
320	806.114	-35.4299986210805
320	810.875	14.7838634192605
320	815.635	20.2702128217202
320	820.397	2.52415186830221
320	825.159	0.875216355854855
315	248.336	-1.26818740081664
315	252.814	-21.2830846550743
315	257.296	4.85395401394191
315	261.781	37.7115097522065
315	266.271	45.4457092972383
315	270.764	49.474562472489
315	275.26	11.353714843642
315	279.76	4.62849823615318
315	284.264	57.2283245574115
315	288.772	65.8894552804708
315	293.283	51.4968744328487
315	297.797	157.623805095022
315	302.315	152.558676376458
315	306.837	108.871485903349
315	311.362	2224.35776935296
315	315.89	40.6580870022262
315	320.422	66.1531707947179
315	324.958	323.241019294528
315	329.496	175.917283925241
315	334.038	190.905327397917
315	338.584	161.708616963142
315	343.133	145.889402761999
315	347.685	115.722763616135
315	352.24	136.811602283489
315	356.799	92.7781630011896
315	361.361	100.779704976595
315	365.926	129.120814839804
315	370.495	93.1401444182929
315	375.067	95.5050860038515
315	379.641	103.508732685794
315	384.219	111.50023477086
315	388.801	145.155051531897
315	393.385	137.667972203307
315	397.972	119.879656991696
315	402.562	123.21899116981
315	407.156	170.586504945467
315	411.752	151.539078374346
315	416.352	149.852965072872
315	420.954	143.983312570802
315	425.56	171.276300836035
315	430.168	148.145611092925
315	434.779	151.198256805779
315	439.393	152.215055114648
315	444.01	153.182227702595
315	448.63	156.605685430548
315	453.253	160.669441463139
315	457.878	147.205180910035
315	462.506	106.624796757516
315	467.137	107.78974553578
315	471.771	97.8624969498376
315	476.407	80.5799461481119
315	481.047	66.8624310717945
315	485.688	92.4520884934411
315	490.333	98.1747708203637
315	494.979	69.829130369031
315	499.629	77.5392213634525
315	504.281	63.9759528178044
315	508.936	59.9152119396615
315	513.593	87.8006268385401
315	518.252	39.437634702396
315	522.914	36.4560537559491
315	527.579	46.1793696816477
315	532.245	31.3153276896315
315	536.915	66.781711706903
315	541.586	16.7600711469998
315	546.26	20.9079088104496
315	550.936	38.9640328359166
315	555.615	34.6282259680642
315	560.296	13.6100332732344
315	564.979	37.940015600964
315	569.664	49.7830803986206
315	574.351	35.9472292904852
315	579.04	35.3142270361806
315	583.732	55.255699596503
315	588.426	3.65095388839939
315	593.121	7.3417700496514
315	597.819	3.74665395890677
315	602.519	-12.7221877184057
315	607.221	27.6054072397331
315	611.924	27.8982111349878
315	616.63	22.2846212994646
315	621.338	43.3122679849802
315	626.047	106.409129164294
315	630.758	243.73216798216
315	635.471	204.354547988369
315	640.186	89.7417553804305
315	644.903	47.9641204363595
315	649.621	2.68374904711398
315	654.341	37.9334629982133
315	659.063	6.08324255050907
315	663.787	13.0582313789621
315	668.512	28.2366994632329
315	673.238	17.9185945721295
315	677.967	-6.60859644263768
315	682.696	25.3946763750367
315	687.428	-0.369877521007094
315	692.16	-3.9639818435558
315	696.895	0.0755217270078319
315	701.63	7.0448840298391
315	706.367	20.351078373412
315	711.106	12.6573993859971
315	715.845	-18.4107531618393
315	720.586	10.6524956540075
315	725.329	-13.2507920793298
315	730.072	8.19327672143939
315	734.817	-0.433479398678751
315	739.563	19.2694791368188
315	744.31	30.99498513637
315	749.058	5.83539398379584
315	753.808	0.0586374115846482
315	758.558	6.94101019969081
315	763.31	-1.3941663681448
315	768.062	-8.13012093042673
315	772.815	6.67395329022387
315	777.57	-10.232093561411
315	782.325	43.1116889177499
315	787.081	-12.7047259189127
315	791.838	-20.7987045535782
315	796.596	3.08931162260013
315	801.355	-4.89807465772479
315	806.114	-50.0078958379206
315	810.875	-4.43334035600023
315	815.635	23.6638049195019
315	820.397	-10.2787793101006
315	825.159	20.1330896275611
310	248.336	2.9110859426619
310	252.814	-26.8893249052556
310	257.296	37.9686350372415
310	261.781	6.96830035177391
310	266.271	21.0040287852229
310	270.764	62.2275837960277
310	275.26	46.1073197971551
310	279.76	38.5445424714034
310	284.264	51.8492345908319
310	288.772	102.225818117924
310	293.283	160.400422412383
310	297.797	80.2696973379926
310	302.315	56.6783888032633
310	306.837	2536.86305898553
310	311.362	39.7875760799252
310	315.89	673.490715475116
310	320.422	238.596918178876
310	324.958	202.250844724674
310	329.496	219.294007835401
310	334.038	197.052607522555
310	338.584	187.519417253135
310	343.133	201.440463448655
310	347.685	186.458633233026
310	352.24	143.761607036131
310	356.799	128.415178006153
310	361.361	114.370662176863
310	365.926	87.1511614818707
310	370.495	87.2978626188301
310	375.067	124.696344698064
310	379.641	119.232804652597
310	384.219	121.55309830724
310	388.801	176.065575531854
310	393.385	147.911384388799
310	397.972	129.934342396953
310	402.562	149.205315585556
310	407.156	155.074688609997
310	411.752	159.511514410314
310	416.352	151.616451855034
310	420.954	129.833633705546
310	425.56	163.367981120529
310	430.168	154.493932656424
310	434.779	136.849202534567
310	439.393	144.519910162633
310	444.01	172.882832360337
310	448.63	167.6155805948
310	453.253	151.276877785064
310	457.878	142.028170952818
310	462.506	114.588909589777
310	467.137	96.4966155919805
310	471.771	104.651399434266
310	476.407	81.1922778559619
310	481.047	83.4282743349565
310	485.688	100.929829483509
310	490.333	95.7992851311398
310	494.979	71.5106886119991
310	499.629	82.9099300666519
310	504.281	73.540132650206
310	508.936	69.2254578717201
310	513.593	82.390432028932
310	518.252	65.9193561717736
310	522.914	55.2896857411924
310	527.579	38.7148710149401
310	532.245	29.1379190154024
310	536.915	54.502098294201
310	541.586	19.9388620560132
310	546.26	46.9390503953348
310	550.936	42.671159197298
310	555.615	32.1507136050898
310	560.296	29.9484406002574
310	564.979	47.6492301358454
310	569.664	29.0963961476679
310	574.351	9.56279481147774
310	579.04	50.2283406629214
310	583.732	60.2400481571147
310	588.426	-3.08962253997878
310	593.121	16.4993937371562
310	597.819	20.8505858705356
310	602.519	8.25016641566359
310	607.221	26.2268563818712
310	611.924	49.1621479198702
310	616.63	162.187163531642
310	621.338	329.0571654913
310	626.047	248.411011478878
310	630.758	99.0595449156235
310	635.471	-5.15403832675622
310	640.186	-5.62051862358148
310	644.903	32.6289132311487
310	649.621	31.1511106392959
310	654.341	28.4632640693633
310	659.063	-2.34442728459505
310	663.787	6.89987857797896
310	668.512	30.534280622691
310	673.238	26.6343114961757
310	677.967	-5.30926729083728
310	682.696	27.9987146465731
310	687.428	-14.5688953372244
310	692.16	14.9550216718006
310	696.895	-40.9760271198689
310	701.63	-9.65542544809581
310	706.367	44.3582935470992
310	711.106	-18.3644017572541
310	715.845	-11.4787038975898
310	720.586	20.9269521982684
310	725.329	19.3492160973781
310	730.072	2.29068901119008
310	734.817	23.6940014486316
310	739.563	20.7484886707853
310	744.31	29.3699236938216
310	749.058	31.1027555029758
310	753.808	-14.3770886068138
310	758.558	28.3264002617243
310	763.31	8.49314581933296
310	768.062	-25.1365739651011
310	772.815	-12.0846051963226
310	777.57	8.74508399689489
310	782.325	8.9242034070056
310	787.081	12.3327238729037
310	791.838	-14.9440388918472
310	796.596	-37.0328474340093
310	801.355	29.1439279376731
310	806.114	-27.7435940222575
310	810.875	8.93432646218888
310	815.635	54.0709720719184
310	820.397	-6.60018450701725
310	825.159	-9.83712667601989
305	248.336	22.1472405750054
305	252.814	19.9780479123759
305	257.296	13.8820674270985
305	261.781	-26.5980458947365
305	266.271	37.1347242219628
305	270.764	77.4104707010977
305	275.26	34.1931805461051
305	279.76	98.6132053977391
305	284.264	103.874708691062
305	288.772	134.421031182571
305	293.283	91.1466528677749
305	297.797	145.862491301551
305	302.315	3296.27562545795
305	306.837	41.3532524742659
305	311.362	1468.93842641122
305	315.89	114.376599165742
305	320.422	183.828204910148
305	324.958	229.497126823617
305	329.496	293.981947219589
305	334.038	252.9778246239
305	338.584	246.586928091252
305	343.133	309.781421928384
305	347.685	157.811910020271
305	352.24	201.471063395355
305	356.799	129.585561507682
305	361.361	152.135635858817
305	365.926	101.911527253797
305	370.495	113.399982781997
305	375.067	152.16201810308
305	379.641	139.154113865241
305	384.219	137.549670957125
305	388.801	120.565419881101
305	393.385	132.218003742636
305	397.972	117.816399415416
305	402.562	135.76213681787
305	407.156	149.799760889134
305	411.752	133.244146777262
305	416.352	158.827137506092
305	420.954	154.003896372662
305	425.56	162.452686702545
305	430.168	168.949168328197
305	434.779	139.80212690221
305	439.393	151.796650916314
305	444.01	145.544348920755
305	448.63	143.23812832614
305	453.253	153.625576032747
305	457.878	147.812891490116
305	462.506	122.906538408691
305	467.137	103.9721859402
305	471.771	121.400999357817
305	476.407	84.5012978160314
305	481.047	94.5416017908194
305	485.688	126.785452299494
305	490.333	79.4046400720596
305	494.979	73.4649661091179
305	499.629	81.7829473215864
305	504.281	72.8550436213882
305	508.936	62.046678918817
305	513.593	95.4355174384175
305	518.252	71.2971772199575
305	522.914	48.4048055911818
305	527.579	67.4632854067718
305	532.245	46.7256574805493
305	536.915	59.471307315399
305	541.586	-5.48243840789252
305	546.26	21.0265885060466
305	550.936	41.2850579504768
305	555.615	44.490615082939
305	560.296	24.8667643106529
305	564.979	52.939109158997
305	569.664	27.4402674898899
305	574.351	24.732826921106
305	579.04	47.0016253566853
305	583.732	44.7329152121838
305	588.426	10.9088891045999
305	593.121	51.90760468333
305	597.819	12.2008963250666
305	602.519	27.2622099443676
305	607.221	215.810205413659
305	611.924	265.02478324741
305	616.63	159.811776761958
305	621.338	137.908183781251
305	626.047	-8.5737638177435
305	630.758	20.9173817721511
305	635.471	-1.97849503564019
305	640.186	2.07923986068948
305	644.903	25.3742943485605
305	649.621	22.430712578619
305	654.341	10.1461101073718
305	659.063	16.1949213581282
305	663.787	2.62657179829273
305	668.512	29.990140733896
305	673.238	45.5024410345703
305	677.967	14.3347660588991
305	682.696	28.3153646192843
305	687.428	6.54829816903788
305	692.16	-0.689971423671736
305	696.895	9.63713101681442
305	701.63	-6.78172352875981
305	706.367	49.4919787063817
305	711.106	22.4296270675156
305	715.845	2.37544411363304
305	720.586	27.9985701004838
305	725.329	-16.2911418722229
305	730.072	-21.6647059107829
305	734.817	7.77688063387169
305	739.563	23.0822720889803
305	744.31	6.97894593939029
305	749.058	34.1424314659505
305	753.808	-31.7017677223316
305	758.558	-9.89579866394903
305	763.31	7.47508434959412
305	768.062	-22.4833019672295
305	772.815	0.511310462117809
305	777.57	-35.007422557882
305	782.325	-4.35910561701556
305	787.081	34.2456623876899
305	791.838	-25.0148081688624
305	796.596	-19.7485631456642
305	801.355	-10.5233190197172
305	806.114	-54.1481880533325
305	810.875	2.0176499194341
305	815.635	29.0856254410434
305	820.397	-9.51347430915737
305	825.159	-11.4954329490928
300	248.336	-22.2635171061219
300	252.814	-55.9532983836743
300	257.296	-28.9983043777185
300	261.781	45.1538293711743
300	266.271	-15.5968007193492
300	270.764	67.9313193775996
300	275.26	30.7535387612425
300	279.76	78.3203119521735
300	284.264	97.6960360340383
300	288.772	94.7535906705746
300	293.283	200.522500983579
300	297.797	1661.10429011517
300	302.315	85.772882432284
300	306.837	286.696513805746
300	311.362	36.9612948287634
300	315.89	103.253645840203
300	320.422	286.398788397341
300	324.958	290.137231794993
300	329.496	358.515643871529
300	334.038	361.665164985914
300	338.584	361.349338170621
300	343.133	307.276405273513
300	347.685	242.467024348631
300	352.24	240.300527080424
300	356.799	158.998704800949
300	361.361	151.696155630192
300	365.926	168.156387836593
300	370.495	143.958249376276
300	375.067	168.696209403541
300	379.641	111.617814674996
300	384.219	160.13258520831
300	388.801	185.252989974854
300	393.385	182.147853709171
300	397.972	132.483807315391
300	402.562	131.916631288254
300	407.156	157.688587803894
300	411.752	153.364348656923
300	416.352	171.318656541484
300	420.954	152.103369078172
300	425.56	177.610608053228
300	430.168	142.670790242544
300	434.779	149.264090132827
300	439.393	158.381784791575
300	444.01	155.000147457426
300	448.63	157.657368459148
300	453.253	160.491887683683
300	457.878	143.524087855311
300	462.506	129.678791776856
300	467.137	126.134309684405
300	471.771	125.131642348035
300	476.407	80.4924450381988
300	481.047	92.7283001833262
300	485.688	125.992747142921
300	490.333	109.025947725534
300	494.979	78.4171319697156
300	499.629	75.4452305452121
300	504.281	73.3402994150629
300	508.936	59.6016608433329
300	513.593	65.1652212223777
300	518.252	58.9332338718701
300	522.914	60.7663655163552
300	527.579	43.3414395653376
300	532.245	50.2698738993191
300	536.915	45.9094723244024
300	541.586	-3.19120197394512
300	546.26	28.7925653666832
300	550.936	21.473425682602
300	555.615	43.7510998570419
300	560.296	37.1177445080274
300	564.979	69.5050226074385
300	569.664	45.8630652201403
300	574.351	28.5211510238202
300	579.04	31.5410030292513
300	583.732	63.2094770324765
300	588.426	3.46959902239234
300	593.121	60.7492199650277
300	597.819	115.181291738847
300	602.519	134.504111118269
300	607.221	88.7735470075804
300	611.924	32.9382834436121
300	616.63	-0.539460462257665
300	621.338	45.3334610312689
300	626.047	33.8958142929224
300	630.758	23.1274776239283
300	635.471	10.7928967902509
300	640.186	-6.42714299025805
300	644.903	6.61355563140328
300	649.621	29.7342872485419
300	654.341	43.1681028772167
300	659.063	-7.9913735192802
300	663.787	14.1248786493235
300	668.512	39.8326241882926
300	673.238	40.5530029780205
300	677.967	19.2604510663439
300	682.696	18.7546282208128
300	687.428	1.54574052746182
300	692.16	18.8028367799911
300	696.895	-16.8628855458632
300	701.63	11.2247955792686
300	706.367	3.53453045618785
300	711.106	3.03071389103831
300	715.845	-27.2185814747237
300	720.586	11.7024349777171
300	725.329	26.0922849055764
300	730.072	-10.6867594841579
300	734.817	16.592335953657
300	739.563	-18.370541214761
300	744.31	32.3827007011142
300	749.058	18.2326513326814
300	753.808	1.12680679586154
300	758.558	-10.0203892407217
300	763.31	-6.22408186666927
300	768.062	-38.3199334623091
300	772.815	33.165462207671
300	777.57	-13.3770427421517
300	782.325	17.2322637744443
300	787.081	21.3510315276442
300	791.838	1.90254911853197
300	796.596	-30.3350282956383
300	801.355	9.60925144898079
300	806.114	-39.5252745408411
300	810.875	3.22114891440311
300	815.635	28.3649129158262
300	820.397	-9.09823642299481
300	825.159	-17.5815835060656
295	248.336	32.5127971724738
295	252.814	-11.9795630682083
295	257.296	0.745771077913787
295	261.781	65.6391704237318
295	266.271	88.0552160289955
295	270.764	26.626909542672
295	275.26	4.00711809019469
295	279.76	71.1119959040398
295	284.264	69.1571846908395
295	288.772	133.056307063738
295	293.283	1330.61861543638
295	297.797	49.5334578692418
295	302.315	275.879949779974
295	306.837	76.7034811110062
295	311.362	116.753949269834
295	315.89	115.439510819159
295	320.422	345.843821451659
295	324.958	447.492400071031
295	329.496	521.008051656498
295	334.038	520.506350142577
295	338.584	445.834633436167
295	343.133	348.886403502209
295	347.685	239.811006551551
295	352.24	278.925771923501
295	356.799	215.809746243192
295	361.361	229.213496060125
295	365.926	166.662200777489
295	370.495	192.115269329424
295	375.067	216.929242177341
295	379.641	148.840817137958
295	384.219	148.787242983885
295	388.801	185.015812841205
295	393.385	141.762758827364
295	397.972	130.087460840961
295	402.562	151.478169412817
295	407.156	190.98667405214
295	411.752	158.748310137279
295	416.352	154.792968674445
295	420.954	172.370206649608
295	425.56	178.572616517352
295	430.168	149.941073507381
295	434.779	142.917682427903
295	439.393	141.106621727458
295	444.01	132.131497837274
295	448.63	158.648302983998
295	453.253	179.130860697266
295	457.878	124.024334059938
295	462.506	94.039742637422
295	467.137	113.248116961532
295	471.771	113.569747164566
295	476.407	75.9681609606902
295	481.047	95.2967391049836
295	485.688	113.116547891691
295	490.333	122.543234384081
295	494.979	77.4022588061716
295	499.629	68.2067387622947
295	504.281	60.2740396126533
295	508.936	52.3475673278756
295	513.593	98.8470801445136
295	518.252	66.7966809807994
295	522.914	68.3544390706542
295	527.579	53.8466454183028
295	532.245	60.5180259624016
295	536.915	61.0480063429231
295	541.586	15.2861470982505
295	546.26	35.5035855006406
295	550.936	40.2617487201802
295	555.615	33.8238055353609
295	560.296	26.2335161417374
295	564.979	68.9418857443779
295	569.664	30.8712080754006
295	574.351	8.90802921431643
295	579.04	29.7678315493484
295	583.732	78.0765374893064
295	588.426	104.578682365181
295	593.121	153.611372698266
295	597.819	132.765448106702
295	602.519	-7.03643554432983
295	607.221	-2.37244673423359
295	611.924	32.9102764503668
295	616.63	10.8165791487304
295	621.338	23.5734661085868
295	626.047	33.368835537111
295	630.758	20.8109505333063
295	635.471	-19.9489510245309
295	640.186	-4.15112347487064
295	644.903	15.1386464105068
295	649.621	28.3607115618526
295	654.341	56.0551017519587
295	659.063	22.8387101874014
295	663.787	15.6816095879469
295	668.512	18.1803109512185
295	673.238	30.7843078867468
295	677.967	27.9434344044753
295	682.696	22.0687633580739
295	687.428	0.541995507935518
295	692.16	0.034520555419018
295	696.895	-13.0165096682348
295	701.63	-13.6604763197903
295	706.367	14.4371566075625
295	711.106	-20.9842715937534
295	715.845	-8.71042253566683
295	720.586	-0.510177259830066
295	725.329	20.4708950749382
295	730.072	-12.1938613121732
295	734.817	42.0203524187001
295	739.563	11.8956539845028
295	744.31	45.2542517805785
295	749.058	-1.14359509004824
295	753.808	-7.05912922812562
295	758.558	4.79470353551499
295	763.31	-37.9523762114908
295	768.062	-6.80530255791453
295	772.815	-6.80439461213213
295	777.57	25.2218077091398
295	782.325	-5.05903277212401
295	787.081	-38.7725999510415
295	791.838	-59.7303496396953
295	796.596	-42.1355416310794
295	801.355	48.5169814032994
295	806.114	-4.62935799805176
295	810.875	-23.650996454132
295	815.635	46.7817728345234
295	820.397	-19.637940189025
295	825.159	-20.7776647176838
290	248.336	7.06649362996342
290	252.814	-1.70531638905959
290	257.296	-2.74081077250696
290	261.781	44.861820610291
290	266.271	-2.72124198089534
290	270.764	64.4095334274556
290	275.26	42.5206788755899
290	279.76	55.8586593994917
290	284.264	279.814255607511
290	288.772	1548.42279478096
290	293.283	77.3153099972478
290	297.797	355.282014994526
290	302.315	177.212163311793
290	306.837	195.741599335489
290	311.362	215.950503875648
290	315.89	322.030237503878
290	320.422	575.836117912605
290	324.958	743.380372449809
290	329.496	706.349328595163
290	334.038	636.344464853977
290	338.584	628.52718046151
290	343.133	582.424308417257
290	347.685	423.768534309116
290	352.24	450.101585474194
290	356.799	331.423593585557
290	361.361	329.564269038095
290	365.926	270.653625930704
290	370.495	230.112974999254
290	375.067	268.526185036414
290	379.641	167.684858190035
290	384.219	183.851293792234
290	388.801	235.252214140051
290	393.385	172.349288513433
290	397.972	176.83675941252
290	402.562	166.757980293331
290	407.156	200.672621240088
290	411.752	163.725782541384
290	416.352	168.360635783748
290	420.954	110.049985331963
290	425.56	199.617720626822
290	430.168	160.637401515004
290	434.779	140.259406430341
290	439.393	167.384640044016
290	444.01	157.814973670368
290	448.63	185.482106980002
290	453.253	154.970589395542
290	457.878	129.138488093839
290	462.506	106.11763277349
290	467.137	132.219327297459
290	471.771	97.6775007941068
290	476.407	98.1311558721187
290	481.047	86.5835303515018
290	485.688	117.354774131972
290	490.333	107.693733675217
290	494.979	69.9144355673063
290	499.629	99.1631969521648
290	504.281	60.841784292196
290	508.936	56.9343269241009
290	513.593	84.1965235063328
290	518.252	93.7348714087269
290	522.914	61.1595526416198
290	527.579	77.179037549491
290	532.245	17.8736240029242
290	536.915	46.8296892013561
290	541.586	15.1505140775925
290	546.26	23.6994950035504
290	550.936	62.895123123857
290	555.615	73.3472193339738
290	560.296	35.370251316704
290	564.979	55.683204335511
290	569.664	68.2457604146418
290	574.351	74.6134093879625
290	579.04	251.832873006319
290	583.732	189.831591200953
290	588.426	164.971756244109
290	593.121	75.3069438172347
290	597.819	-1.56937552723002
290	602.519	8.7916793483317
290	607.221	36.0034958875229
290	611.924	4.534401538905
290	616.63	9.98833014980075
290	621.338	18.5089600771837
290	626.047	30.3076968567293
290	630.758	14.3738895685741
290	635.471	-17.2287569122202
290	640.186	-4.20368227992807
290	644.903	20.4094934968282
290	649.621	89.7381337825765
290	654.341	60.4410845266527
290	659.063	-14.8686754485508
290	663.787	53.7548605276682
290	668.512	53.0444577926521
290	673.238	50.5962803170569
290	677.967	22.4563956566493
290	682.696	41.896118989013
290	687.428	15.4537285549369
290	692.16	-3.35298274817304
290	696.895	-16.0381869377356
290	701.63	11.6696013720845
290	706.367	25.9342286065621
290	711.106	20.2658547163434
290	715.845	4.87757748674789
290	720.586	24.2089979978797
290	725.329	43.9079623764945
290	730.072	16.6189192746588
290	734.817	-22.2396970627767
290	739.563	-6.85558742730083
290	744.31	37.2521523874605
290	749.058	35.7703620055432
290	753.808	-11.0666072281406
290	758.558	-17.1970381692634
290	763.31	1.42684196320542
290	768.062	-64.1047084743086
290	772.815	-39.5524330652983
290	777.57	26.4523000824487
290	782.325	25.4844463962952
290	787.081	7.30215975713093
290	791.838	-45.6079215732997
290	796.596	-25.1065170801935
290	801.355	-2.49236387937804
290	806.114	-22.9474119004821
290	810.875	43.3634009064234
290	815.635	35.7230983835019
290	820.397	0.00836978896345508
290	825.159	-17.8064480810749
285	248.336	62.2734591260463
285	252.814	1.61581761473144
285	257.296	106.245289149951
285	261.781	39.5312341159449
285	266.271	17.9029890509649
285	270.764	18.9386725666316
285	275.26	61.0975409420032
285	279.76	337.903207016457
285	284.264	581.350085102371
285	288.772	105.700173850819
285	293.283	498.046836071473
285	297.797	429.530513556964
285	302.315	481.902609462435
285	306.837	459.986459520061
285	311.362	655.736573727118
285	315.89	619.182138753689
285	320.422	928.590262178877
285	324.958	1076.23147361905
285	329.496	951.287882617723
285	334.038	921.387503728386
285	338.584	919.301951793486
285	343.133	810.927878849441
285	347.685	670.208872167289
285	352.24	608.539848519022
285	356.799	485.871171342563
285	361.361	420.078874531733
285	365.926	361.139613694902
285	370.495	274.410049895665
285	375.067	343.147172005527
285	379.641	167.133576035153
285	384.219	234.642881921583
285	388.801	209.417993982354
285	393.385	192.986490240756
285	397.972	171.397241741157
285	402.562	151.208145843495
285	407.156	186.050469788543
285	411.752	149.217442289054
285	416.352	193.642422957376
285	420.954	171.737659645015
285	425.56	157.62223387125
285	430.168	140.625045909913
285	434.779	134.747407528128
285	439.393	170.932369930121
285	444.01	178.841077044494
285	448.63	165.371118559079
285	453.253	167.169504774066
285	457.878	169.250407268041
285	462.506	114.07657732267
285	467.137	132.136228125023
285	471.771	109.171785005951
285	476.407	106.608207671737
285	481.047	83.2980309367329
285	485.688	145.35595525519
285	490.333	114.51820112637
285	494.979	96.7198962690192
285	499.629	109.397637971683
285	504.281	41.6846994253625
285	508.936	62.6061822496368
285	513.593	87.2861923600199
285	518.252	100.769087813953
285	522.914	77.8914242486004
285	527.579	65.0194688300705
285	532.245	21.9455982052717
285	536.915	59.1180178117798
285	541.586	4.8020651036792
285	546.26	41.438499822668
285	550.936	49.9692598305108
285	555.615	85.9834505587792
285	560.296	50.5853641429697
285	564.979	120.710161657
285	569.664	201.924228733012
285	574.351	150.181268113361
285	579.04	246.367193833802
285	583.732	111.039588936564
285	588.426	17.0115462387965
285	593.121	31.0382760549277
285	597.819	33.3863662193209
285	602.519	-7.00685708342101
285	607.221	52.2223796203419
285	611.924	45.4548636554573
285	616.63	60.6874842812511
285	621.338	39.0204071090936
285	626.047	33.2337930889261
285	630.758	37.3217378127017
285	635.471	37.1106178287771
285	640.186	10.0182581116272
285	644.903	38.4635378963448
285	649.621	35.1887458692451
285	654.341	72.3572723629459
285	659.063	8.12341229344031
285	663.787	20.7317162568085
285	668.512	12.0764382034024
285	673.238	88.9420518637535
285	677.967	35.9221624390663
285	682.696	62.7735417519941
285	687.428	21.5225024061183
285	692.16	15.8404537363236
285	696.895	3.37653302619233
285	701.63	18.658188858434
285	706.367	63.9722539264498
285	711.106	25.9077393594219
285	715.845	63.9728771676531
285	720.586	15.2645873663623
285	725.329	2.83550615161096
285	730.072	-12.5970682096487
285	734.817	19.034378344716
285	739.563	8.5809738321292
285	744.31	38.308824040012
285	749.058	8.80091659419084
285	753.808	-34.1870235780155
285	758.558	-3.80663936672602
285	763.31	0.0775161401051392
285	768.062	-37.4372669691149
285	772.815	38.1814323892455
285	777.57	-24.6032243799222
285	782.325	28.3773464054929
285	787.081	-8.33229375113912
285	791.838	-37.2284787172121
285	796.596	-26.2008191308089
285	801.355	18.2394207409781
285	806.114	-68.4899509767526
285	810.875	-15.257035037564
285	815.635	24.8153175105462
285	820.397	-17.5215955129415
285	825.159	4.41511287550652
280	248.336	3.44734093910529
280	252.814	34.7267197337952
280	257.296	37.4804823670835
280	261.781	77.7797388043372
280	266.271	93.6632361213963
280	270.764	77.0812663225961
280	275.26	318.601869013622
280	279.76	2677.15020075998
280	284.264	169.044855632768
280	288.772	620.765371129142
280	293.283	590.295120083232
280	297.797	743.796350414333
280	302.315	853.518881660988
280	306.837	914.753538237665
280	311.362	1019.00327981598
280	315.89	909.103914260667
280	320.422	1239.52384218951
280	324.958	1281.73904326668
280	329.496	1158.8634951675
280	334.038	1125.50943086132
280	338.584	1112.74093324171
280	343.133	912.411055699026
280	347.685	791.99304112325
280	352.24	629.354287923205
280	356.799	556.445921606725
280	361.361	511.333285950946
280	365.926	406.546006108192
280	370.495	303.058587889873
280	375.067	315.712102282125
280	379.641	166.090483437323
280	384.219	248.979201109814
280	388.801	327.076341835558
280	393.385	207.764787427595
280	397.972	158.490898976826
280	402.562	153.042993056865
280	407.156	189.542485123429
280	411.752	186.471560436733
280	416.352	137.847186270421
280	420.954	126.93570372031
280	425.56	209.441761609406
280	430.168	146.859917451261
280	434.779	148.443861208356
280	439.393	188.066965435658
280	444.01	167.455170537071
280	448.63	166.300784947787
280	453.253	171.130870631647
280	457.878	149.278240906918
280	462.506	92.1409727113423
280	467.137	139.54439475801
280	471.771	128.885684741777
280	476.407	102.863145884357
280	481.047	67.5297747701915
280	485.688	169.298228870509
280	490.333	126.294608061351
280	494.979	75.9771698082931
280	499.629	129.161146038846
280	504.281	68.0010853708167
280	508.936	86.9878570310261
280	513.593	97.029383773611
280	518.252	75.0205041858798
280	522.914	61.920896535307
280	527.579	78.1387103106882
280	532.245	25.7141268503113
280	536.915	79.4794910737591
280	541.586	20.3946262352612
280	546.26	24.5717702092682
280	550.936	88.0519613769407
280	555.615	193.120003324701
280	560.296	190.753416021755
280	564.979	250.708412414603
280	569.664	154.916527230125
280	574.351	43.3854434790449
280	579.04	88.56683545948
280	583.732	97.0561051549664
280	588.426	49.1815036798518
280	593.121	53.8534362465819
280	597.819	68.1456135022695
280	602.519	53.9025843328476
280	607.221	89.3567655635366
280	611.924	54.5813671050457
280	616.63	37.0984701442754
280	621.338	74.8560305333717
280	626.047	52.7719723036345
280	630.758	42.1153734736564
280	635.471	59.0968808974418
280	640.186	12.4917744431264
280	644.903	65.2498579680498
280	649.621	52.1085182896069
280	654.341	44.383676658833
280	659.063	11.602600333267
280	663.787	43.141544136235
280	668.512	67.7795334805845
280	673.238	98.37575731873
280	677.967	65.679982872211
280	682.696	83.6865321262238
280	687.428	-5.97429180199354
280	692.16	-30.3507269033285
280	696.895	-9.78052485245924
280	701.63	7.03908574633974
280	706.367	120.736211213488
280	711.106	41.214044816607
280	715.845	-6.25235529076192
280	720.586	43.4734879333321
280	725.329	-1.57131450673789
280	730.072	-35.0520775130574
280	734.817	5.76505062047003
280	739.563	40.7731158117379
280	744.31	63.9585385358589
280	749.058	23.9146277019361
280	753.808	-28.5582920570463
280	758.558	-3.5003431719577
280	763.31	-8.88633966372571
280	768.062	-33.6647016588085
280	772.815	-45.418633149604
280	777.57	9.32402524355422
280	782.325	52.7919475154039
280	787.081	3.95103663081539
280	791.838	-105.011667042174
280	796.596	-49.2000033723153
280	801.355	-7.6482835641464
280	806.114	-51.755390579067
280	810.875	37.3404916388878
280	815.635	100.193806559634
280	820.397	20.3683189946956
280	825.159	-30.4326509754981
275	248.336	40.7294506775766
275	252.814	-35.9958813662794
275	257.296	92.654117042384
275	261.781	91.6761117844285
275	266.271	96.5055086000098
275	270.764	821.670663762126
275	275.26	3401.310282893
275	279.76	2249.02616421186
275	284.264	375.326437158566
275	288.772	647.554264630376
275	293.283	834.972460360052
275	297.797	1007.30135495359
275	302.315	1310.62331848075
275	306.837	1128.35186487279
275	311.362	1080.83765393299
275	315.89	1068.47115216866
275	320.422	1279.67044907299
275	324.958	1374.6005279054
275	329.496	1272.10908301861
275	334.038	1244.86588175929
275	338.584	1282.70172338301
275	343.133	1104.89226292929
275	347.685	860.878811519971
275	352.24	764.154706593124
275	356.799	539.869976789986
275	361.361	474.986106187946
275	365.926	363.599807277201
275	370.495	306.119881498902
275	375.067	453.764884355045
275	379.641	227.457757239179
275	384.219	242.52300380539
275	388.801	234.394802436411
275	393.385	224.193613733644
275	397.972	168.916783214265
275	402.562	192.317466124006
275	407.156	235.771712431637
275	411.752	180.065228843716
275	416.352	185.466093032439
275	420.954	188.076810807871
275	425.56	123.625486624276
275	430.168	132.910705658517
275	434.779	199.150203698013
275	439.393	161.677403474041
275	444.01	184.190497057872
275	448.63	226.291048124607
275	453.253	159.548729452754
275	457.878	153.636690559978
275	462.506	102.398075795853
275	467.137	136.825567489733
275	471.771	119.408955216975
275	476.407	87.8517801680706
275	481.047	89.5520697469518
275	485.688	132.61535113224
275	490.333	120.755617917553
275	494.979	132.026598604357
275	499.629	96.2685164249884
275	504.281	108.362866731508
275	508.936	50.4901980172223
275	513.593	134.987262599608
275	518.252	79.0394107496785
275	522.914	79.2712046190884
275	527.579	69.6911355921595
275	532.245	82.0941060354155
275	536.915	107.088727155888
275	541.586	46.5411451040068
275	546.26	96.2321398458184
275	550.936	309.132246727369
275	555.615	367.944410733411
275	560.296	155.56653719598
275	564.979	102.968721233321
275	569.664	59.1818917999599
275	574.351	47.1125134361264
275	579.04	66.0175787431643
275	583.732	111.845826386211
275	588.426	48.0253702731256
275	593.121	94.1657438162092
275	597.819	84.2797255733416
275	602.519	49.3663776661867
275	607.221	108.673319808656
275	611.924	122.241304718518
275	616.63	6.28325818465487
275	621.338	122.330994003002
275	626.047	70.5724457118068
275	630.758	20.3124064250557
275	635.471	26.1378706958343
275	640.186	40.0515783381484
275	644.903	36.3744368032324
275	649.621	76.2650428473153
275	654.341	45.1529424547896
275	659.063	14.683824162029
275	663.787	16.5911856713042
275	668.512	52.5771959305537
275	673.238	100.483319561805
275	677.967	64.8766300653831
275	682.696	43.1541136609224
275	687.428	8.17675410017937
275	692.16	30.074016134782
275	696.895	-13.6628472677903
275	701.63	36.0413328562323
275	706.367	45.7792741207495
275	711.106	5.7345281740113
275	715.845	-28.5893588502494
275	720.586	46.9884927972495
275	725.329	1.94277213814231
275	730.072	37.1253147462086
275	734.817	-3.95998710988366
275	739.563	-9.87351062735078
275	744.31	78.176529942911
275	749.058	84.1459723805324
275	753.808	31.044891942934
275	758.558	-36.8003742997552
275	763.31	41.8592540293321
275	768.062	29.2532543960333
275	772.815	-4.31000381052497
275	777.57	-66.2003003436644
275	782.325	-42.539140838297
275	787.081	-9.17698103060797
275	791.838	-11.4106918140687
275	796.596	-76.1531006201616
275	801.355	-16.2207909445789
275	806.114	-69.784023353128
275	810.875	0.0196756760537848
275	815.635	88.0020053027871
275	820.397	-24.2292306409533
275	825.159	-57.4252507798021
270	248.336	142.226503568503
270	252.814	-17.0013807610419
270	257.296	28.9195946865595
270	261.781	98.6581333130036
270	266.271	1105.82020540241
270	270.764	4044.26459844378
270	275.26	2836.11151074844
270	279.76	298.47239790325
270	284.264	501.64732433573
270	288.772	692.819940892046
270	293.283	935.586054180433
270	297.797	1241.48862249085
270	302.315	1170.76860800277
270	306.837	992.335162103417
270	311.362	1067.91325411727
270	315.89	1052.84272155657
270	320.422	1262.37364386791
270	324.958	1385.97890544867
270	329.496	1200.71292318065
270	334.038	1186.69613015375
270	338.584	1135.8283558366
270	343.133	1015.00518058787
270	347.685	795.802566817033
270	352.24	651.691838614976
270	356.799	513.512687191056
270	361.361	466.625545586103
270	365.926	372.661387797998
270	370.495	318.279182530467
270	375.067	454.6578859
270	379.641	122.661703300512
270	384.219	246.192301599366
270	388.801	271.025864190967
270	393.385	243.981405104562
270	397.972	160.705037546261
270	402.562	156.562171491714
270	407.156	240.246407212582
270	411.752	198.442315193268
270	416.352	186.440681409985
270	420.954	202.858316797245
270	425.56	160.473410349621
270	430.168	180.487677229317
270	434.779	178.149300791385
270	439.393	198.048253106162
270	444.01	167.750149272003
270	448.63	258.856348740338
270	453.253	175.988347145304
270	457.878	172.54141602412
270	462.506	126.251826439518
270	467.137	154.445792434881
270	471.771	157.481462183053
270	476.407	94.520249912907
270	481.047	73.1667043736103
270	485.688	197.378866410413
270	490.333	176.610725257619
270	494.979	142.157797034697
270	499.629	117.216486128996
270	504.281	42.1567857535458
270	508.936	101.011259954806
270	513.593	107.14266633374
270	518.252	111.511291466983
270	522.914	70.7367387866943
270	527.579	52.7551426045393
270	532.245	156.189720289985
270	536.915	284.670706109428
270	541.586	358.739996737555
270	546.26	423.944476501185
270	550.936	221.231560654233
270	555.615	159.708908233982
270	560.296	36.969000765659
270	564.979	140.306138693141
270	569.664	71.2094985189263
270	574.351	76.172059490676
270	579.04	103.376411405726
270	583.732	109.338254297907
270	588.426	60.3044168503889
270	593.121	82.5062667126907
270	597.819	89.6583935982591
270	602.519	35.7581317027009
270	607.221	73.1925984836938
270	611.924	71.6109258587337
270	616.63	5.80097461148999
270	621.338	99.1436552943166
270	626.047	64.8381055415797
270	630.758	24.1439750138578
270	635.471	25.2337783903778
270	640.186	38.9779018985679
270	644.903	93.4289630746895
270	649.621	42.993281222599
270	654.341	35.5068848144793
270	659.063	1.14442095568879
270	663.787	-7.16303739223317
270	668.512	126.208795502351
270	673.238	24.2132377663832
270	677.967	40.3115385218413
270	682.696	68.4941360137171
270	687.428	-11.7205362402735
270	692.16	-26.9101489422273
270	696.895	-79.3805638401809
270	701.63	65.9783027973819
270	706.367	60.1008233146471
270	711.106	2.3563260714934
270	715.845	-15.9104836557743
270	720.586	29.7393127310513
270	725.329	61.0916237314512
270	730.072	-14.9490233667959
270	734.817	-4.69253338112705
270	739.563	11.7814836670121
270	744.31	51.3675191988401
270	749.058	109.885043604071
270	753.808	-4.87041337519154
270	758.558	-83.9337231105634
270	763.31	-25.486673328588
270	768.062	-76.0018450538907
270	772.815	-18.0491667910448
270	777.57	-46.0005116742208
270	782.325	18.831862144922
270	787.081	-26.0573511491742
270	791.838	-112.247957014336
270	796.596	-75.2886398430429
270	801.355	20.5288869648739
270	806.114	-164.933690203338
270	810.875	-13.1014201138695
270	815.635	91.667014148454
270	820.397	-46.8500124597065
270	825.159	-17.9021751417724
265	248.336	18.3750341965296
265	252.814	137.746174473624
265	257.296	94.6640925003373
265	261.781	1435.11771551314
265	266.271	6654.21204902489
265	270.764	4222.76021215474
265	275.26	446.668094676348
265	279.76	273.943509375277
265	284.264	529.715351263678
265	288.772	615.35456880098
265	293.283	990.075785626468
265	297.797	890.594724068129
265	302.315	967.692371478124
265	306.837	891.843209960559
265	311.362	863.19475929016
265	315.89	877.39081933245
265	320.422	1138.34190024111
265	324.958	1183.56497111495
265	329.496	1104.73938232623
265	334.038	1117.70854618793
265	338.584	1058.9058344813
265	343.133	933.436749731122
265	347.685	670.148914897807
265	352.24	686.546863794515
265	356.799	552.779621409244
265	361.361	538.465434058854
265	365.926	386.834377668406
265	370.495	282.192975286933
265	375.067	414.715820896734
265	379.641	223.693625426546
265	384.219	248.873953647779
265	388.801	315.894555640694
265	393.385	234.034642857519
265	397.972	210.040490874554
265	402.562	199.486060545693
265	407.156	247.518361431405
265	411.752	194.579933745764
265	416.352	218.384164531534
265	420.954	258.785427547491
265	425.56	264.05415515067
265	430.168	252.368942483096
265	434.779	189.990103948563
265	439.393	308.218050957818
265	444.01	262.435740955257
265	448.63	251.233687154478
265	453.253	239.964534513219
265	457.878	219.981590710292
265	462.506	164.455296884787
265	467.137	232.653938137251
265	471.771	154.024794133648
265	476.407	149.299300441203
265	481.047	197.734891320632
265	485.688	250.271576329497
265	490.333	162.1187487363
265	494.979	172.123427799055
265	499.629	116.303207806594
265	504.281	137.522642942882
265	508.936	128.861097999018
265	513.593	112.267181499026
265	518.252	160.000002953772
265	522.914	80.8740928380048
265	527.579	416.017047608239
265	532.245	531.738225139117
265	536.915	557.70806770025
265	541.586	186.408925741913
265	546.26	104.06676265059
265	550.936	77.2795456262051
265	555.615	102.751871899762
265	560.296	4.30641865801758
265	564.979	86.6033159172709
265	569.664	55.1173826533636
265	574.351	107.967461463771
265	579.04	103.04474014878
265	583.732	146.527628571203
265	588.426	-40.3716208284796
265	593.121	134.941552537086
265	597.819	-18.8679481695566
265	602.519	17.6228007853392
265	607.221	59.3274760343537
265	611.924	61.0121915052139
265	616.63	51.5983964345292
265	621.338	77.9188860040227
265	626.047	68.4242342073284
265	630.758	3.51378477324602
265	635.471	5.84976740642619
265	640.186	59.3765331922357
265	644.903	29.4646949171138
265	649.621	70.4569569875212
265	654.341	-10.8103773217731
265	659.063	-18.2160198627055
265	663.787	-23.489446449722
265	668.512	113.643477555957
265	673.238	108.036527083754
265	677.967	54.4712649863404
265	682.696	37.1263271697002
265	687.428	-34.729812650607
265	692.16	20.8080994116798
265	696.895	0.0226514987114612
265	701.63	-7.83014665151872
265	706.367	73.1685355891359
265	711.106	1.44459089149602
265	715.845	5.50062566978936
265	720.586	26.002564794265
265	725.329	59.3457957598239
265	730.072	29.2453403527158
265	734.817	40.5059948559815
265	739.563	33.8812820641907
265	744.31	90.0193860320866
265	749.058	-2.78205659162644
265	753.808	-13.1653932885008
265	758.558	-33.0006520671197
265	763.31	-13.7174174852549
265	768.062	12.3840603909171
265	772.815	-103.409526833398
265	777.57	40.9667095898501
265	782.325	46.3926618839787
265	787.081	68.9174703902742
265	791.838	-131.003285130272
265	796.596	36.8549120182495
265	801.355	79.4711875418756
265	806.114	-136.807485972862
265	810.875	34.7148843031876
265	815.635	108.205088858734
265	820.397	30.2161010115825
265	825.159	1.52394706067024
260	248.336	111.779514859685
260	252.814	109.230996100194
260	257.296	2088.29103002763
260	261.781	8255.67420071998
260	266.271	4893.00072039434
260	270.764	242.750788213501
260	275.26	112.967089305066
260	279.76	303.832736922491
260	284.264	663.773579353909
260	288.772	520.367034638319
260	293.283	837.146029480637
260	297.797	814.021576427984
260	302.315	826.253912655263
260	306.837	682.10982169819
260	311.362	752.045718905188
260	315.89	680.553355831154
260	320.422	958.377233555957
260	324.958	1094.52151206891
260	329.496	1039.09675081391
260	334.038	971.039111941907
260	338.584	983.386089842956
260	343.133	858.599710390252
260	347.685	606.063028187857
260	352.24	464.170482473108
260	356.799	424.441628195106
260	361.361	359.235018419509
260	365.926	358.35895642352
260	370.495	235.170431947009
260	375.067	447.461183614934
260	379.641	182.457443700357
260	384.219	256.027620435584
260	388.801	308.069404077561
260	393.385	217.005873108308
260	397.972	141.209482804377
260	402.562	195.82210708733
260	407.156	246.073640295754
260	411.752	222.520817879245
260	416.352	267.709860664551
260	420.954	244.878892965226
260	425.56	274.400956010186
260	430.168	291.470149964956
260	434.779	304.610321327302
260	439.393	223.959632422724
260	444.01	312.892143671479
260	448.63	372.762824607442
260	453.253	269.119269188382
260	457.878	344.013650332542
260	462.506	173.273637779179
260	467.137	255.899091078436
260	471.771	181.222845904461
260	476.407	171.571033968932
260	481.047	214.937607447884
260	485.688	214.066448956521
260	490.333	129.545020331751
260	494.979	189.085566292652
260	499.629	113.807363305806
260	504.281	136.662574487397
260	508.936	58.1433894158632
260	513.593	291.604361124261
260	518.252	582.644675230052
260	522.914	775.260695026393
260	527.579	827.306702259259
260	532.245	406.335388769764
260	536.915	138.244244413146
260	541.586	-11.0096336742262
260	546.26	-1.0725797007938
260	550.936	121.54418251219
260	555.615	121.723956777154
260	560.296	108.174010966829
260	564.979	110.655835899882
260	569.664	113.291699441055
260	574.351	-19.7517242469611
260	579.04	179.318469934723
260	583.732	82.3387220119998
260	588.426	142.803895858959
260	593.121	69.0738543313775
260	597.819	83.0357003926161
260	602.519	-39.6325491577676
260	607.221	70.5562410944204
260	611.924	44.7562972540706
260	616.63	35.3754470902089
260	621.338	61.1552192897817
260	626.047	43.091089725506
260	630.758	30.5730628074386
260	635.471	5.85200035000717
260	640.186	65.9310481909652
260	644.903	134.896267099558
260	649.621	66.1883335021147
260	654.341	83.9890703558736
260	659.063	6.24192796826507
260	663.787	120.221466833049
260	668.512	135.224136608996
260	673.238	188.251911048681
260	677.967	68.6475487883259
260	682.696	101.568433082604
260	687.428	1.62148184523685
260	692.16	-56.9694633949982
260	696.895	51.0207597145719
260	701.63	29.9026773424787
260	706.367	125.749507487511
260	711.106	30.5782047685783
260	715.845	-5.13913703211072
260	720.586	17.3291726356039
260	725.329	99.1701111134991
260	730.072	43.8368354021741
260	734.817	43.9774765391873
260	739.563	0.00705898203205457
260	744.31	-37.8527814685635
260	749.058	-3.60125704325311
260	753.808	-133.496122840615
260	758.558	37.7399909080003
260	763.31	98.3586583334803
260	768.062	-7.74444881331539
260	772.815	32.9897842460374
260	777.57	-1.85063824750027
260	782.325	18.3502060044526
260	787.081	39.4566068305241
260	791.838	-24.6863825978572
260	796.596	-96.6673657527631
260	801.355	25.468080847006
260	806.114	-194.338573447266
260	810.875	-5.34920711714744
260	815.635	194.362550391901
260	820.397	1.82462907641708
260	825.159	87.1889737760002
255	248.336	-22.578768024116
255	252.814	3016.86506229212
255	257.296	10118.9703487512
255	261.781	4583.93381068854
255	266.271	324.91882206906
255	270.764	279.126765241421
255	275.26	138.081170162204
255	279.76	510.743991185402
255	284.264	519.416991329681
255	288.772	672.384920076558
255	293.283	576.564207364368
255	297.797	489.924583185704
255	302.315	629.316167518475
255	306.837	427.12778365621
255	311.362	583.878569113116
255	315.89	416.633444253769
255	320.422	836.990264386474
255	324.958	917.801044699816
255	329.496	813.608536568373
255	334.038	728.125455410605
255	338.584	819.431909087514
255	343.133	477.140317916178
255	347.685	557.279277034682
255	352.24	406.464339224862
255	356.799	209.370909690703
255	361.361	249.874106033237
255	365.926	302.855143877449
255	370.495	119.119719306734
255	375.067	338.072786871996
255	379.641	188.937545208709
255	384.219	229.440337493758
255	388.801	302.881522211142
255	393.385	225.92220413564
255	397.972	189.97314551709
255	402.562	239.990959823834
255	407.156	459.142484914766
255	411.752	246.500664030779
255	416.352	224.263812208609
255	420.954	237.706549248524
255	425.56	317.472668656607
255	430.168	294.141076096747
255	434.779	391.229065697196
255	439.393	340.999662537291
255	444.01	312.661597301244
255	448.63	367.916563296127
255	453.253	371.010741318537
255	457.878	365.627632932171
255	462.506	262.067149219814
255	467.137	248.094072311059
255	471.771	79.136407218477
255	476.407	77.0314419119438
255	481.047	97.5912425806676
255	485.688	228.687560088699
255	490.333	141.600138823995
255	494.979	241.169999239478
255	499.629	93.9106644123972
255	504.281	407.360816926844
255	508.936	652.902694134545
255	513.593	1208.68694250126
255	518.252	1057.0676756361
255	522.914	403.663694088009
255	527.579	124.329462129589
255	532.245	56.2387901926182
255	536.915	178.733577503941
255	541.586	-36.5031325303353
255	546.26	3.49737465375478
255	550.936	158.619627557558
255	555.615	102.365770198708
255	560.296	113.439220556755
255	564.979	202.11453377317
255	569.664	30.6216731619869
255	574.351	32.7055313747733
255	579.04	104.513494870408
255	583.732	105.184607971808
255	588.426	-72.3396787783609
255	593.121	9.32025113705397
255	597.819	1.87423083846507
255	602.519	15.1206078154998
255	607.221	19.0706518123294
255	611.924	-17.3300298123165
255	616.63	73.9849052990425
255	621.338	145.206528971289
255	626.047	7.92398500503791
255	630.758	-48.0583662743851
255	635.471	-34.3024885186184
255	640.186	-18.1942955981773
255	644.903	120.634109684636
255	649.621	182.47655377064
255	654.341	128.453479728621
255	659.063	-55.2115724862772
255	663.787	47.3799625363959
255	668.512	71.6162623873651
255	673.238	78.5978151973942
255	677.967	83.5716778400698
255	682.696	88.9515023002698
255	687.428	15.6746965788074
255	692.16	13.5074373076261
255	696.895	-79.3373074473095
255	701.63	-9.14419320266734
255	706.367	168.866546446235
255	711.106	-126.235354826093
255	715.845	40.200942009626
255	720.586	30.8175619858324
255	725.329	-28.7960303752037
255	730.072	43.4616869690724
255	734.817	-162.922923769819
255	739.563	73.7978021106962
255	744.31	183.979242754453
255	749.058	87.905619000919
255	753.808	-89.600237760752
255	758.558	70.3763030754417
255	763.31	-138.254453919811
255	768.062	-206.636676118026
255	772.815	-134.09416945236
255	777.57	-27.3670497583985
255	782.325	41.6783556014513
255	787.081	-77.0386374730635
255	791.838	-153.926213355889
255	796.596	-72.5922027859513
255	801.355	22.5594761632273
255	806.114	-177.970995926079
255	810.875	92.7452601867311
255	815.635	80.2129015892035
255	820.397	-22.5591197864867
255	825.159	-70.186496776985
250	248.336	4007.38731419748
250	252.814	11469.3650462929
250	257.296	5165.07533335
250	261.781	219.912917172094
250	266.271	106.959753201085
250	270.764	-199.814283271577
250	275.26	102.109757934453
250	279.76	391.650556467475
250	284.264	390.446643385765
250	288.772	260.81821620454
250	293.283	313.453691723613
250	297.797	464.690816868881
250	302.315	441.107647552173
250	306.837	327.208785822464
250	311.362	473.159168794952
250	315.89	371.502675429509
250	320.422	548.647890412362
250	324.958	550.740666918024
250	329.496	548.497723343442
250	334.038	492.502793361447
250	338.584	384.503522685456
250	343.133	744.057291559212
250	347.685	226.787084460329
250	352.24	274.086764260774
250	356.799	77.6391904357831
250	361.361	287.276805445829
250	365.926	197.676093038885
250	370.495	350.941800769311
250	375.067	618.022745343362
250	379.641	102.046168988804
250	384.219	-30.8722141765717
250	388.801	345.768434231533
250	393.385	115.191199928375
250	397.972	-86.8538132022007
250	402.562	257.695262615581
250	407.156	262.173894964595
250	411.752	169.809872372895
250	416.352	192.831544053167
250	420.954	94.4990185183009
250	425.56	389.045466950608
250	430.168	342.282233744011
250	434.779	344.450893598151
250	439.393	192.146426203155
250	444.01	451.021697099823
250	448.63	495.152165340872
250	453.253	423.268365493292
250	457.878	199.689526592787
250	462.506	172.600842236869
250	467.137	136.866657393773
250	471.771	141.409490014296
250	476.407	118.713101824266
250	481.047	184.059408963242
250	485.688	266.815442927313
250	490.333	261.804595289277
250	494.979	455.429257577568
250	499.629	965.419127949524
250	504.281	1566.53421022438
250	508.936	1377.35371427268
250	513.593	560.792775317008
250	518.252	183.812996234722
250	522.914	123.537916421162
250	527.579	134.254299030785
250	532.245	-48.2160976018905
250	536.915	406.135577208344
250	541.586	-185.897110245362
250	546.26	52.7664350447974
250	550.936	-21.5990371036603
250	555.615	178.448028422057
250	560.296	193.000396085653
250	564.979	107.184136131979
250	569.664	19.9134472649285
250	574.351	31.4842123750349
250	579.04	280.182567361802
250	583.732	209.307820647634
250	588.426	-128.52814407275
250	593.121	93.973298910526
250	597.819	209.718783703865
250	602.519	-175.605790320127
250	607.221	51.1188479485656
250	611.924	109.200686172846
250	616.63	49.0695260610908
250	621.338	296.68080581072
250	626.047	78.0588153097505
250	630.758	-94.5583933663513
250	635.471	-88.9607259372559
250	640.186	-3.17303190634342
250	644.903	-64.4043267689205
250	649.621	58.841755063115
250	654.341	76.3057060174369
250	659.063	-106.982609282481
250	663.787	166.195236014089
250	668.512	64.9428467007688
250	673.238	247.58308811384
250	677.967	117.807341677412
250	682.696	-73.537322278545
250	687.428	88.1861151845078
250	692.16	39.013131736864
250	696.895	49.9859946666052
250	701.63	-111.596796980488
250	706.367	258.680883612459
250	711.106	154.647738780579
250	715.845	67.0510063391769
250	720.586	0.0387573954181306
250	725.329	170.066102006271
250	730.072	-174.915118889883
250	734.817	-61.3067921988656
250	739.563	-42.6694751270511
250	744.31	254.503737173725
250	749.058	213.640886501155
250	753.808	-76.5345234621676
250	758.558	-106.703707541661
250	763.31	8.46657152160861
250	768.062	-46.4668805598685
250	772.815	-164.76254341834
250	777.57	-163.734692116568
250	782.325	26.3205348313033
250	787.081	44.9371754885051
250	791.838	-188.575024564231
250	796.596	-256.134458162096
250	801.355	-74.9883269267975
250	806.114	-130.304685685682
250	810.875	90.7968286758442
250	815.635	343.483823328923
250	820.397	307.908783792342
250	825.159	-23.6347326873825
245	248.336	11601.0074151757
245	252.814	3919.27753886636
245	257.296	-291.279801414557
245	261.781	-322.202694726593
245	266.271	192.812618949343
245	270.764	722.425455788194
245	275.26	-626.745300798253
245	279.76	232.388264707186
245	284.264	-65.7269025741937
245	288.772	465.602237956148
245	293.283	178.383448263739
245	297.797	417.620287319462
245	302.315	791.770912175518
245	306.837	-127.247010719522
245	311.362	344.74912224905
245	315.89	238.859148885156
245	320.422	683.245879375148
245	324.958	515.696907583427
245	329.496	443.327338264937
245	334.038	423.751006411779
245	338.584	586.074240446874
245	343.133	392.561124664055
245	347.685	-45.3937339301942
245	352.24	-204.578922698744
245	356.799	-15.9171230870188
245	361.361	-115.866860550672
245	365.926	-0.629865903719974
245	370.495	-115.135587760828
245	375.067	205.572460585137
245	379.641	-161.966003290398
245	384.219	-218.984799415418
245	388.801	443.728240580354
245	393.385	60.4434348128096
245	397.972	-196.163280027613
245	402.562	269.675227776843
245	407.156	267.464726708495
245	411.752	403.753064481003
245	416.352	-138.775374031731
245	420.954	170.930460851016
245	425.56	596.342942254011
245	430.168	323.579519106704
245	434.779	-68.2106919295207
245	439.393	-56.6014045100086
245	444.01	361.566131970047
245	448.63	704.609061712174
245	453.253	599.326338367082
245	457.878	395.520218694841
245	462.506	344.509139924943
245	467.137	324.485998670782
245	471.771	103.767895115308
245	476.407	227.315480859772
245	481.047	-196.134648057847
245	485.688	869.509871724164
245	490.333	1445.03843938361
245	494.979	1559.88840514073
245	499.629	1436.08552483999
245	504.281	748.210746161728
245	508.936	260.599829727945
245	513.593	177.827184551613
245	518.252	308.72794158496
245	522.914	-100.82717338947
245	527.579	-216.707524764173
245	532.245	130.35898561505
245	536.915	593.404190767917
245	541.586	-216.723755275475
245	546.26	335.434299933044
245	550.936	265.309717754791
245	555.615	375.347511246071
245	560.296	52.2899326060211
245	564.979	306.548417628219
245	569.664	-69.3605994035735
245	574.351	-225.481080945123
245	579.04	308.83517283295
245	583.732	441.661754510436
245	588.426	0.0433044032653953
245	593.121	-104.658333992103
245	597.819	-127.561963460393
245	602.519	-441.297696988912
245	607.221	123.949507030712
245	611.924	221.862371631647
245	616.63	-126.663115025054
245	621.338	405.87444772465
245	626.047	175.644304112251
245	630.758	266.293671523856
245	635.471	-137.158131726621
245	640.186	298.734427277832
245	644.903	-48.3120904557115
245	649.621	349.201090516907
245	654.341	155.524606148258
245	659.063	439.266422597341
245	663.787	-381.832219417628
245	668.512	-359.121353483185
245	673.238	167.784302846399
245	677.967	12.9811429719468
245	682.696	-184.11436288981
245	687.428	-191.9632822234
245	692.16	133.011135317332
245	696.895	-234.486054867751
245	701.63	-54.096856187605
245	706.367	287.049613074949
245	711.106	-151.992702071414
245	715.845	-202.644107621984
245	720.586	20.8341188498733
245	725.329	141.846697808675
245	730.072	-114.263713425178
245	734.817	237.18976932423
245	739.563	43.6807002324802
245	744.31	-73.5590636741398
245	749.058	-29.8212815234337
245	753.808	-204.45696847287
245	758.558	-616.128745358295
245	763.31	-94.3559063411786
245	768.062	-222.156707915822
245	772.815	-277.27273263522
245	777.57	48.4185249238805
245	782.325	-16.4745747975871
245	787.081	244.472793897428
245	791.838	-438.202115348982
245	796.596	-102.882967281586
245	801.355	-81.5609941392578
245	806.114	140.726280395266
245	810.875	-251.866016250617
245	815.635	444.473112359358
245	820.397	-288.803355335555
245	825.159	14.7484060329795
240	248.336	2119.98630735764
240	252.814	-735.116434668856
240	257.296	-144.296996247346
240	261.781	-173.634381943804
240	266.271	1450.18527430783
240	270.764	564.530490860974
240	275.26	88.94536582111
240	279.76	-929.536055913474
240	284.264	784.303486253157
240	288.772	1237.0007695445
240	293.283	675.100092203615
240	297.797	935.857784109664
240	302.315	780.921590884418
240	306.837	329.796784720214
240	311.362	501.401857790492
240	315.89	52.1107245448535
240	320.422	1139.92421927353
240	324.958	126.178491183241
240	329.496	399.90386733848
240	334.038	495.470018667652
240	338.584	767.216868899644
240	343.133	-160.909403640018
240	347.685	641.056149724675
240	352.24	-1108.74230233337
240	356.799	-428.249411111497
240	361.361	-431.393822880917
240	365.926	-565.109589097611
240	370.495	113.847810038055
240	375.067	1047.49332796725
240	379.641	-1294.67346616838
240	384.219	-410.292801890365
240	388.801	830.320832378257
240	393.385	529.24277391709
240	397.972	768.864192637292
240	402.562	262.322246314027
240	407.156	1175.26706364306
240	411.752	-763.582770599719
240	416.352	-177.049619602753
240	420.954	-462.444401030103
240	425.56	539.788364087092
240	430.168	237.062519437295
240	434.779	-360.26553232652
240	439.393	262.887464379982
240	444.01	-40.0215706491865
240	448.63	1272.50724229161
240	453.253	40.3282767528438
240	457.878	551.745889105835
240	462.506	-518.817060897686
240	467.137	-217.510715609044
240	471.771	625.495382262217
240	476.407	196.66014997706
240	481.047	915.104310420349
240	485.688	1936.63541374959
240	490.333	1274.52098818778
240	494.979	195.93359561757
240	499.629	857.428257330311
240	504.281	416.859621123115
240	508.936	-614.133109739353
240	513.593	225.359351602772
240	518.252	125.121854476418
240	522.914	-170.962307888692
240	527.579	237.373462238579
240	532.245	-22.1536246643996
240	536.915	1071.13693040832
240	541.586	-716.849248719696
240	546.26	-443.610598407664
240	550.936	280.898802576817
240	555.615	102.49853505929
240	560.296	-923.915884732549
240	564.979	531.094037203998
240	569.664	-482.387541908433
240	574.351	-605.442985951933
240	579.04	783.80118671977
240	583.732	1176.30197679412
240	588.426	-738.979226228214
240	593.121	-162.032231527435
240	597.819	-175.801489335003
240	602.519	-1505.36408451201
240	607.221	-96.5961358553619
240	611.924	-139.05434746667
240	616.63	-677.091573815283
240	621.338	312.617426736605
240	626.047	-1104.23526555414
240	630.758	-87.0521908304622
240	635.471	116.638570416431
240	640.186	-542.280604879307
240	644.903	-814.036382123733
240	649.621	1111.33923785381
240	654.341	75.8218056824199
240	659.063	-922.043461826187
240	663.787	202.801637244142
240	668.512	266.583721953202
240	673.238	1264.21617573821
240	677.967	1035.76999454988
240	682.696	966.37349947498
240	687.428	-1150.98250889546
240	692.16	-602.875095495807
240	696.895	-1230.46329412572
240	701.63	281.462197594116
240	706.367	335.300577565004
240	711.106	-219.487554712923
240	715.845	-171.760139600258
240	720.586	-514.341516430032
240	725.329	-521.821935158552
240	730.072	0.922400220449276
240	734.817	879.984471356624
240	739.563	-499.14625786942
240	744.31	1241.82674805392
240	749.058	509.885379251501
240	753.808	593.6039599194
240	758.558	-755.484268299124
240	763.31	905.41091233125
240	768.062	-816.660099337951
240	772.815	-1379.83190758022
240	777.57	812.462363515424
240	782.325	262.400607469109
240	787.081	-826.770851646671
240	791.838	-928.496169056772
240	796.596	-1303.54831609017
240	801.355	1125.62885572229
240	806.114	-2323.97303181256
240	810.875	308.711645957412
240	815.635	1107.62260925404
240	820.397	-272.699153020907
240	825.159	-743.355672919212
