Long Name	Sample - Blank	S1c/R1c
nm	nm	
		Z of Sample - Blank
500	248.336	-31.6691416003341
500	252.814	-36.6887347624598
500	257.296	-35.065985835999
500	261.781	-3.74853259601605
500	266.271	11.4278592465828
500	270.764	11.4357445455816
500	275.26	33.5855826312291
500	279.76	9.66996116101964
500	284.264	46.0317680150053
500	288.772	21.221693912889
500	293.283	-15.1199827121439
500	297.797	-16.6594241360292
500	302.315	23.7887697669344
500	306.837	-6.4210067614115
500	311.362	-13.3237272747637
500	315.89	-32.5475346405965
500	320.422	-15.3110359572059
500	324.958	-4.58503816399355
500	329.496	-1.03580581405829
500	334.038	21.9135841969091
500	338.584	43.2138614290719
500	343.133	20.2868826870231
500	347.685	-9.4003833286118
500	352.24	-16.9451482112684
500	356.799	-8.56378224752864
500	361.361	13.4781605037107
500	365.926	-35.144805633178
500	370.495	20.9182101151456
500	375.067	10.1578978762464
500	379.641	-22.1425071958839
500	384.219	16.8629028361778
500	388.801	-18.275601953175
500	393.385	-5.1989548888953
500	397.972	1.37343267355792
500	402.562	-16.7130667546271
500	407.156	-28.7879083764616
500	411.752	22.3128487284872
500	416.352	32.9384344345493
500	420.954	-5.37612063894193
500	425.56	-4.46107914540073
500	430.168	1.59505137798702
500	434.779	21.4490003021277
500	439.393	9.47127131709952
500	444.01	-5.45786657698292
500	448.63	13.0187294876003
500	453.253	5.67813655282604
500	457.878	-16.1209810102644
500	462.506	4.46712035680453
500	467.137	30.4699834285902
500	471.771	51.3674284992288
500	476.407	20.684110135755
500	481.047	33.220236222503
500	485.688	26.0478942412598
500	490.333	64.4844763767097
500	494.979	1579.80860606549
500	499.629	7439.11659898324
500	504.281	5056.92316943318
500	508.936	466.557891435845
500	513.593	0.013655092461768
500	518.252	20.9507244515
500	522.914	21.8806430751867
500	527.579	55.7454062255425
500	532.245	29.305574783581
500	536.915	6.0590725832909
500	541.586	51.4839070504732
500	546.26	42.3993085274961
500	550.936	61.6935682990565
500	555.615	14.2617882695124
500	560.296	29.7439005059015
500	564.979	39.6473027367678
500	569.664	15.681078542637
500	574.351	57.2106623654839
500	579.04	36.0832958336759
500	583.732	11.8535132066181
500	588.426	18.8330155638144
500	593.121	10.8277193649743
500	597.819	-3.46354810013671
500	602.519	17.6658986222936
500	607.221	40.3367240183044
500	611.924	34.3247172829831
500	616.63	4.8480404440224
500	621.338	23.9854871369811
500	626.047	12.3157769659557
500	630.758	4.97989407290409
500	635.471	6.68905292238795
500	640.186	25.122280632532
500	644.903	-15.2425105475731
500	649.621	35.6467153030187
500	654.341	13.5271444689018
500	659.063	3.9629600414444
500	663.787	19.630107951332
500	668.512	35.0610142624689
500	673.238	0.907604776341488
500	677.967	14.124961976291
500	682.696	25.3301704693594
500	687.428	20.4113758313386
500	692.16	-2.32817195373792
500	696.895	8.45302920595056
500	701.63	21.3044324590989
500	706.367	19.1653213904964
500	711.106	23.2422208836742
500	715.845	-0.975414187995838
500	720.586	-9.32554158085921
500	725.329	-18.8884355485056
500	730.072	5.00274455263624
500	734.817	-3.52603944250935
500	739.563	2.54928531394577
500	744.31	-5.14967728727247
500	749.058	-26.5284719775497
500	753.808	-66.2733184574169
500	758.558	55.0680255072065
500	763.31	44.6066663717647
500	768.062	-2.22011390938758
500	772.815	12.7772317298429
500	777.57	-5.66719603234857
500	782.325	46.0364130439334
500	787.081	-0.592233496058258
500	791.838	7.08539116000348
500	796.596	-3.00951548375431
500	801.355	14.5369723337955
500	806.114	47.7635236322329
500	810.875	17.6537794922112
500	815.635	-19.7261735419562
500	820.397	21.2867636595942
500	825.159	5.30069922465515E-4
495	248.336	-23.1968683917128
495	252.814	-26.6704915191655
495	257.296	-15.9313780867723
495	261.781	-7.81091287473576
495	266.271	-14.7413290188325
495	270.764	-30.0736647031562
495	275.26	1.12428169065259
495	279.76	14.0289192833093
495	284.264	21.0707298488936
495	288.772	29.1603271856469
495	293.283	-3.7098677240666
495	297.797	-0.439830031364812
495	302.315	26.5571675129518
495	306.837	-6.61919171548449
495	311.362	-8.81951773671904
495	315.89	-18.0632305376505
495	320.422	-8.37668925310272
495	324.958	-19.5781027697386
495	329.496	-15.2804321555262
495	334.038	31.6909343697855
495	338.584	-10.6939419650955
495	343.133	45.9747545442295
495	347.685	8.84952807207302
495	352.24	33.1004101503956
495	356.799	-32.5175688326006
495	361.361	10.1023125377928
495	365.926	5.8053011670583
495	370.495	20.5986633915768
495	375.067	-6.21858251803186
495	379.641	-7.35772462353842
495	384.219	-13.6810771747865
495	388.801	-11.9188440032509
495	393.385	3.37748912335714
495	397.972	-22.4741912650069
495	402.562	-5.89136490286446
495	407.156	-18.69917938119
495	411.752	-22.215739345705
495	416.352	5.65997032958389
495	420.954	1.84444982093459
495	425.56	-7.23778145528558
495	430.168	-21.3327103498195
495	434.779	3.54646284681246
495	439.393	-2.45503859227694
495	444.01	12.2020909528811
495	448.63	25.9876226918538
495	453.253	-13.5201195702463
495	457.878	-4.68275799838652
495	462.506	14.9560063664236
495	467.137	26.9237940280569
495	471.771	26.701973988311
495	476.407	23.3599502606356
495	481.047	24.5474746264979
495	485.688	68.8921705672361
495	490.333	1275.86263775694
495	494.979	5229.03541729757
495	499.629	3221.96838700377
495	504.281	250.386272210374
495	508.936	34.0029424834091
495	513.593	5.1280076632098
495	518.252	17.4643555589092
495	522.914	24.6022097974406
495	527.579	46.6571494617747
495	532.245	37.8519694349549
495	536.915	20.6852082768909
495	541.586	17.3910930881889
495	546.26	55.689363252024
495	550.936	56.4176724008844
495	555.615	29.7301245728462
495	560.296	28.5525630034835
495	564.979	41.3758792911395
495	569.664	25.0284598882044
495	574.351	25.2252795909691
495	579.04	62.4277025739005
495	583.732	0.396947607857783
495	588.426	23.0722355454158
495	593.121	14.6205164368423
495	597.819	14.3867537212816
495	602.519	39.2909350548131
495	607.221	18.7582884102809
495	611.924	30.2947831733909
495	616.63	21.257363993018
495	621.338	30.144478511295
495	626.047	42.8901782892253
495	630.758	26.3052734764598
495	635.471	29.1226969926965
495	640.186	10.8457280564251
495	644.903	29.8883181407654
495	649.621	32.9882870852951
495	654.341	-0.764979986124054
495	659.063	7.47912293576282
495	663.787	-2.38039632865409
495	668.512	18.0725283176261
495	673.238	0.0107175476130124
495	677.967	24.0090435256953
495	682.696	20.570194547655
495	687.428	9.53659718604358
495	692.16	25.0021537830611
495	696.895	6.71642968278798
495	701.63	16.0630756606816
495	706.367	9.84521207726889
495	711.106	15.578985657519
495	715.845	25.8169530032621
495	720.586	-12.709889608646
495	725.329	-9.31408927270078
495	730.072	-12.4945674406102
495	734.817	5.39495791853546
495	739.563	6.37457549994236
495	744.31	-9.66337799911108
495	749.058	6.9730087059309
495	753.808	-24.6171471794324
495	758.558	29.8972162237701
495	763.31	25.5780153320626
495	768.062	22.8348139711302
495	772.815	3.97240240962134
495	777.57	14.6743123823858
495	782.325	10.2719463771361
495	787.081	-11.0769031236098
495	791.838	55.3689858813052
495	796.596	24.1794585934989
495	801.355	6.03702501437065
495	806.114	5.56196849494602
495	810.875	14.386689518313
495	815.635	-8.80607724135768
495	820.397	6.50089526458967
495	825.159	12.0561519980123
490	248.336	-51.6656298565112
490	252.814	-18.6114413205535
490	257.296	-24.8797977395467
490	261.781	54.5315255873212
490	266.271	3.068835499647
490	270.764	2.56646740496879
490	275.26	18.118132680025
490	279.76	26.4103315442756
490	284.264	4.18004204809222
490	288.772	28.1777114469854
490	293.283	-15.177275551031
490	297.797	-6.53845152560627
490	302.315	25.6590397806694
490	306.837	-11.5866404674316
490	311.362	-12.7700355994463
490	315.89	-21.9434213470851
490	320.422	-7.98289025596657
490	324.958	-8.24441961814134
490	329.496	-33.1357433225178
490	334.038	39.6741868085939
490	338.584	3.79613969773744
490	343.133	23.9757550216245
490	347.685	-2.96203108766647
490	352.24	-12.4258859544641
490	356.799	-5.62649236450184
490	361.361	3.48919529954468
490	365.926	4.37929228116821
490	370.495	-5.64199025480125
490	375.067	3.46203932983122
490	379.641	-5.83578372585245
490	384.219	-6.60604631596968
490	388.801	-12.7795301532227
490	393.385	-5.35491336492002
490	397.972	-12.2152151144081
490	402.562	0.00132549935718851
490	407.156	-7.05576418047082
490	411.752	21.1795763586167
490	416.352	5.4682263147451
490	420.954	20.4080377718884
490	425.56	-10.1614246035174
490	430.168	-8.04754826422663
490	434.779	24.0995832367339
490	439.393	0.967175807981835
490	444.01	0.638440565953891
490	448.63	11.4563721642136
490	453.253	0.61516927259511
490	457.878	3.35638494844016
490	462.506	34.3221075018738
490	467.137	62.6895533248743
490	471.771	34.2259272397028
490	476.407	15.303333130164
490	481.047	79.8291149669002
490	485.688	1760.27813548759
490	490.333	6173.63497012006
490	494.979	3336.24453793818
490	499.629	247.20105526034
490	504.281	28.6146831274998
490	508.936	19.4723375132276
490	513.593	-0.563255639536823
490	518.252	1.74619228270614
490	522.914	24.2803094137327
490	527.579	37.4154777008807
490	532.245	48.5641756760096
490	536.915	29.9691345101636
490	541.586	27.9768855313516
490	546.26	61.8669190347753
490	550.936	42.2454584762223
490	555.615	23.3804059226235
490	560.296	40.7066453316712
490	564.979	35.3760222448328
490	569.664	37.1570027248149
490	574.351	22.5642345408453
490	579.04	54.7439732223468
490	583.732	25.4731925373489
490	588.426	20.0499186853729
490	593.121	15.7776471451999
490	597.819	24.9101719603971
490	602.519	57.9945640833593
490	607.221	25.5793274750677
490	611.924	38.7236875966093
490	616.63	23.503630885614
490	621.338	11.1930686742409
490	626.047	16.2678099955041
490	630.758	12.7518076948805
490	635.471	10.8304011193669
490	640.186	14.9057719106808
490	644.903	33.2326729168535
490	649.621	28.4975542613722
490	654.341	-1.3941919843283
490	659.063	0.370498207648833
490	663.787	23.4667692841815
490	668.512	29.4540585905314
490	673.238	-8.76880494203349
490	677.967	11.8043107272352
490	682.696	16.7690960040489
490	687.428	18.3944838245342
490	692.16	16.5987853983713
490	696.895	4.17950383545529
490	701.63	15.7006596281261
490	706.367	3.88007761394634
490	711.106	7.44885660373452
490	715.845	18.2376713347329
490	720.586	-18.6651162349812
490	725.329	-12.466426779421
490	730.072	0.818754122543661
490	734.817	19.9631114565245
490	739.563	2.06456893420947
490	744.31	11.2483451176455
490	749.058	14.7373135315476
490	753.808	-36.456643078499
490	758.558	30.1405334656055
490	763.31	13.3607115512379
490	768.062	33.726665107944
490	772.815	12.1369724764786
490	777.57	25.2168383133267
490	782.325	33.5094769771879
490	787.081	3.83047724730112
490	791.838	6.21484109551075
490	796.596	-4.86176324577798
490	801.355	8.82340319037696
490	806.114	8.39982924463551
490	810.875	15.1332090846774
490	815.635	-18.4773715974759
490	820.397	-4.61895179854914
490	825.159	3.37075736854719
485	248.336	-26.8363388445504
485	252.814	-8.98460528828429
485	257.296	-29.464560894505
485	261.781	29.4236816487863
485	266.271	-39.1014113404159
485	270.764	-15.4536277380538
485	275.26	13.7151934205061
485	279.76	10.5628364843707
485	284.264	45.9258276557918
485	288.772	2.48643317410706
485	293.283	-24.1797487547264
485	297.797	9.97576106635026
485	302.315	41.8226575213684
485	306.837	-26.2996246703487
485	311.362	-20.6382263303897
485	315.89	-10.1228186386345
485	320.422	1.1279771493346
485	324.958	-10.0741814997348
485	329.496	-9.46486637518183
485	334.038	26.1805877411011
485	338.584	11.8744817191411
485	343.133	23.3260134642845
485	347.685	-25.4088155776021
485	352.24	-10.0645515984414
485	356.799	-12.6119676613586
485	361.361	-1.64043590304517
485	365.926	0.00717601295455239
485	370.495	22.8339703993019
485	375.067	-13.8139719069796
485	379.641	-21.5318659119687
485	384.219	-32.6341959744829
485	388.801	10.1447150019273
485	393.385	-17.9705856358982
485	397.972	-26.7824811058757
485	402.562	-3.6747478138948
485	407.156	8.29427627422485
485	411.752	-0.317613862924862
485	416.352	10.2689796581075
485	420.954	-7.86331375301209
485	425.56	24.0770804963706
485	430.168	0.908985775482734
485	434.779	24.7590203436553
485	439.393	22.2007068145228
485	444.01	16.9100053925887
485	448.63	4.6633777870091
485	453.253	7.49610394164573
485	457.878	50.1852566241789
485	462.506	50.9009048561491
485	467.137	53.3242749508578
485	471.771	73.4183912800983
485	476.407	145.649297078565
485	481.047	3278.9740321119
485	485.688	9028.64654913636
485	490.333	4683.9696696727
485	494.979	387.137248839093
485	499.629	43.5639799127259
485	504.281	16.7407390462371
485	508.936	35.4638813520562
485	513.593	26.038066351647
485	518.252	39.9411357035094
485	522.914	23.3480902601308
485	527.579	53.3852206894698
485	532.245	50.4617566237372
485	536.915	25.9899788211693
485	541.586	37.5058069424209
485	546.26	53.1768232062225
485	550.936	47.1846140231987
485	555.615	48.0870021102852
485	560.296	54.7176194331086
485	564.979	56.9049524623391
485	569.664	29.8188895615246
485	574.351	36.6801563377931
485	579.04	38.7842967052554
485	583.732	41.9572908289239
485	588.426	17.8878858352103
485	593.121	11.1924210366298
485	597.819	10.3479174638236
485	602.519	49.4102787566221
485	607.221	38.4449437824405
485	611.924	30.0203515170473
485	616.63	16.8660043726924
485	621.338	13.2915978274949
485	626.047	22.7775717713938
485	630.758	23.0201596125404
485	635.471	3.50178119401657
485	640.186	26.1029971192276
485	644.903	5.15254419131373
485	649.621	13.3884370681677
485	654.341	-4.63385960326199
485	659.063	7.03133626687423
485	663.787	21.7098256790154
485	668.512	19.8235911896071
485	673.238	7.56101621077791
485	677.967	38.7864150501796
485	682.696	31.5154245992104
485	687.428	37.0279478305619
485	692.16	21.9817687336808
485	696.895	-7.84458328057647
485	701.63	9.71565396201976
485	706.367	-17.849981341501
485	711.106	22.0867487296661
485	715.845	20.8615343337344
485	720.586	9.33790737830722
485	725.329	-16.6225700540619
485	730.072	-0.378904634417764
485	734.817	4.5915653500443
485	739.563	-12.007542040304
485	744.31	1.5677547236311
485	749.058	-31.2380463912387
485	753.808	-53.2000804988682
485	758.558	18.0613545120128
485	763.31	12.1400282403111
485	768.062	19.01945801862
485	772.815	-15.2062907971457
485	777.57	13.7860209812894
485	782.325	29.311271551711
485	787.081	11.6855474499187
485	791.838	15.2670347702264
485	796.596	-16.0048702725746
485	801.355	11.0496025115369
485	806.114	13.0290612054568
485	810.875	-3.54136784194692
485	815.635	7.89098333456571
485	820.397	8.68633522733428
485	825.159	-7.09987114302561
480	248.336	-13.3063343247367
480	252.814	-13.0860429838213
480	257.296	-16.5851940327355
480	261.781	25.8500802162202
480	266.271	10.8380231784346
480	270.764	6.2648143666262
480	275.26	2.48456122776199
480	279.76	9.12610886716802
480	284.264	43.5010927549831
480	288.772	-0.350452600296931
480	293.283	-1.36121087538987
480	297.797	0.00434653439989185
480	302.315	29.0010395500019
480	306.837	-26.3344827945774
480	311.362	-13.9463762222786
480	315.89	-6.16905585132425
480	320.422	-15.9077656099678
480	324.958	-22.4466440210836
480	329.496	0.344726182859366
480	334.038	29.4987899366423
480	338.584	18.4910410265745
480	343.133	31.4469716783493
480	347.685	-7.55734753904809
480	352.24	3.13583439877688
480	356.799	-5.28248321102068
480	361.361	-4.61449256177956
480	365.926	-13.8620022482279
480	370.495	11.2892405344076
480	375.067	16.1749043117197
480	379.641	-1.68595847698557
480	384.219	-11.731184868283
480	388.801	-11.0471279903126
480	393.385	-6.21486074532717
480	397.972	8.4162992724937
480	402.562	3.18783290414009
480	407.156	-7.44327980502239
480	411.752	-13.5224025595508
480	416.352	16.6594420159463
480	420.954	-25.3042992917696
480	425.56	-7.71049882511436
480	430.168	-4.43940113918927
480	434.779	12.0134071974602
480	439.393	17.1392184817208
480	444.01	9.77448529984594
480	448.63	9.60539675397274
480	453.253	38.4178018157738
480	457.878	54.8164587845039
480	462.506	60.7281570957712
480	467.137	77.5891562392369
480	471.771	157.653820657373
480	476.407	3065.25922135616
480	481.047	6937.60792341591
480	485.688	3475.94800136987
480	490.333	170.30508081339
480	494.979	39.8246256239641
480	499.629	37.4897572775854
480	504.281	12.6073036066013
480	508.936	37.5437751204176
480	513.593	15.5180979725401
480	518.252	40.6499710438756
480	522.914	25.7949935130042
480	527.579	60.8246206272954
480	532.245	42.282660298493
480	536.915	28.1275616139961
480	541.586	35.3149683280012
480	546.26	65.5523355141645
480	550.936	48.511059194297
480	555.615	45.9469777046858
480	560.296	48.5798583730558
480	564.979	49.3156601601369
480	569.664	43.1744869893302
480	574.351	52.0614011836099
480	579.04	52.2680705792141
480	583.732	29.8523890960071
480	588.426	21.2854844232998
480	593.121	34.8294920227146
480	597.819	6.66757292605296
480	602.519	51.2570061138223
480	607.221	33.2676793372237
480	611.924	45.3744156460672
480	616.63	9.82879947687327
480	621.338	17.3939411740516
480	626.047	29.6963005492003
480	630.758	21.0093340438359
480	635.471	16.2320168002871
480	640.186	11.2938765599091
480	644.903	17.5466870823934
480	649.621	27.9697466934442
480	654.341	-4.27108664884335
480	659.063	15.6432478185907
480	663.787	22.8927291873127
480	668.512	8.58427781286247
480	673.238	3.87520562092324
480	677.967	11.0871640344704
480	682.696	31.8071499670541
480	687.428	24.4141567658275
480	692.16	17.1806268263321
480	696.895	-2.1465497594915
480	701.63	-6.8364001672253
480	706.367	6.30182381664581
480	711.106	25.4760758292318
480	715.845	-7.07141921665771
480	720.586	-2.89529243552517
480	725.329	0.655303687486892
480	730.072	16.125428398834
480	734.817	-6.62102867438631
480	739.563	-3.67295454039182
480	744.31	-0.334815660803842
480	749.058	-2.38109856532683
480	753.808	2.78494384912557
480	758.558	1.43847307212781
480	763.31	0.71941305707154
480	768.062	-14.9680132794946
480	772.815	-14.9685225264596
480	777.57	19.3591869621291
480	782.325	32.9160435148217
480	787.081	1.55479683240838
480	791.838	7.38251647311663
480	796.596	-1.56777997498394
480	801.355	0.340248239489448
480	806.114	15.3487177369087
480	810.875	2.75863890056383
480	815.635	-0.672450701860988
480	820.397	-1.01493387943874
480	825.159	6.83580693540761
475	248.336	-25.613693368037
475	252.814	-23.1987826886771
475	257.296	-31.4635206039154
475	261.781	23.2637701505211
475	266.271	8.01746624910226
475	270.764	-9.16998961013728
475	275.26	11.9905547837695
475	279.76	19.9878765742849
475	284.264	22.1327044855112
475	288.772	22.5876589419364
475	293.283	-12.5294990729783
475	297.797	-10.0009471968135
475	302.315	11.3181843680314
475	306.837	-1.19383451210721
475	311.362	-1.48421170001476
475	315.89	10.9708636324555
475	320.422	6.52968373724306
475	324.958	-6.12970387486353
475	329.496	-12.4869175061675
475	334.038	6.27684923162267
475	338.584	-1.24290401250621
475	343.133	30.0204151674657
475	347.685	17.5805202441382
475	352.24	-11.7792512862351
475	356.799	0.96014811436143
475	361.361	1.94269263974335
475	365.926	2.93889321489208
475	370.495	23.2261629727577
475	375.067	-4.48631818724489
475	379.641	-5.57642701358378
475	384.219	-18.4319696136471
475	388.801	-0.601595926007618
475	393.385	0.854734790384634
475	397.972	2.20310712628544
475	402.562	-20.3601055301132
475	407.156	-8.12381451343235
475	411.752	5.44418601522495
475	416.352	7.3626146863227
475	420.954	-14.6881911643611
475	425.56	0.0225241801149565
475	430.168	-3.34521339882744
475	434.779	24.6158180416932
475	439.393	18.0762146872834
475	444.01	42.7725313480298
475	448.63	43.6297767635339
475	453.253	57.4790302194503
475	457.878	52.8723887208689
475	462.506	84.4471463573562
475	467.137	214.802793603121
475	471.771	3900.06284905355
475	476.407	5728.4664402436
475	481.047	2941.26571270975
475	485.688	133.795837202101
475	490.333	26.4451852642378
475	494.979	39.6930587276148
475	499.629	50.5351366403848
475	504.281	51.0156798217623
475	508.936	33.0550830375138
475	513.593	30.723881309855
475	518.252	31.652083138048
475	522.914	43.7544956488007
475	527.579	46.3145962403982
475	532.245	52.0634675177502
475	536.915	35.3602534155861
475	541.586	63.700248409052
475	546.26	53.4437115567694
475	550.936	58.020247537868
475	555.615	48.9053214719385
475	560.296	52.9840618067872
475	564.979	49.5846247053101
475	569.664	26.9085515824914
475	574.351	41.2699665262441
475	579.04	63.1728799999591
475	583.732	32.9355614938352
475	588.426	45.7729053528432
475	593.121	24.4135182949091
475	597.819	28.2945028486488
475	602.519	43.1196859665899
475	607.221	31.8662369128895
475	611.924	21.3619927362068
475	616.63	24.7462902881127
475	621.338	25.2064965597827
475	626.047	16.320598872949
475	630.758	15.228947012004
475	635.471	7.81125849511519
475	640.186	14.1104823921655
475	644.903	13.0043079051642
475	649.621	16.5421654598108
475	654.341	1.3298949319109
475	659.063	10.336472929594
475	663.787	22.2760496713122
475	668.512	20.8390325850306
475	673.238	16.0605344458228
475	677.967	27.9538273056061
475	682.696	19.3972184717275
475	687.428	26.511399830498
475	692.16	10.3946665310146
475	696.895	2.83497501575718
475	701.63	4.55950495370379
475	706.367	-9.49802790984575
475	711.106	19.5231216497801
475	715.845	17.9923379674194
475	720.586	13.0037968263145
475	725.329	12.8705884025354
475	730.072	27.0808762180048
475	734.817	10.3034762838026
475	739.563	14.1011859636198
475	744.31	4.35327769205319
475	749.058	-5.28990732734642
475	753.808	-19.44895730866
475	758.558	19.4852363144183
475	763.31	7.94897494232851
475	768.062	9.69707479814937
475	772.815	-15.0378539253034
475	777.57	-7.16271433012559
475	782.325	20.0657610847827
475	787.081	-7.08908625031443
475	791.838	29.1287958277593
475	796.596	-23.1499261975479
475	801.355	-1.87402768717549
475	806.114	9.69223216616609
475	810.875	11.5639733418355
475	815.635	-1.23532785421289
475	820.397	7.19413831966706
475	825.159	16.2531582804852
470	248.336	-15.1335542366684
470	252.814	-18.1253685102946
470	257.296	-8.12554329460967
470	261.781	15.071337212046
470	266.271	-1.15733716191871
470	270.764	-13.6005992300963
470	275.26	13.3136554137521
470	279.76	-5.50798749052996
470	284.264	0.524478687962583
470	288.772	22.0534469744117
470	293.283	-10.2124765031941
470	297.797	4.82974063665741
470	302.315	15.1229108000425
470	306.837	-6.97754009066232
470	311.362	4.27207173116112
470	315.89	-3.14615304975033
470	320.422	3.59976079108077
470	324.958	-3.2497293529138
470	329.496	-7.79431656912775
470	334.038	21.6281240715432
470	338.584	6.40272817823871
470	343.133	30.3231196436478
470	347.685	8.32622812972799
470	352.24	-0.240446536840094
470	356.799	-6.34032093870311
470	361.361	-10.559022155279
470	365.926	-12.560453988111
470	370.495	8.06114665292061
470	375.067	7.30294010215725
470	379.641	-15.2440364160305
470	384.219	-8.84229095059383
470	388.801	2.02512384704853
470	393.385	-1.50744495566057
470	397.972	-2.49998520578269
470	402.562	14.8269767776817
470	407.156	-3.97313037248859
470	411.752	6.84121264990586
470	416.352	10.5777399389972
470	420.954	-8.47896265956494
470	425.56	2.22084552423615
470	430.168	8.52529976913122
470	434.779	36.0050733694746
470	439.393	69.01842172406
470	444.01	95.6053069970986
470	448.63	78.1468259580943
470	453.253	70.1827681887324
470	457.878	90.1708046939409
470	462.506	353.785421418382
470	467.137	5978.25246908517
470	471.771	2293.35048972761
470	476.407	3904.70147133877
470	481.047	138.623872626187
470	485.688	31.1333235455229
470	490.333	29.691117063587
470	494.979	47.156099087165
470	499.629	43.8102767217286
470	504.281	41.5546778148921
470	508.936	36.1144868446131
470	513.593	36.5531639787912
470	518.252	57.7077591020523
470	522.914	53.8358370786784
470	527.579	56.2411035742636
470	532.245	51.77313309835
470	536.915	48.3168978002937
470	541.586	54.7690652584577
470	546.26	68.1608764822103
470	550.936	62.0287304602985
470	555.615	51.976541427252
470	560.296	56.3935133558047
470	564.979	44.0784866495706
470	569.664	44.0444622330778
470	574.351	44.4079791622984
470	579.04	54.3171483645124
470	583.732	39.5202248762833
470	588.426	29.2239067021356
470	593.121	34.8211356258912
470	597.819	29.7244307111702
470	602.519	53.1368590014182
470	607.221	42.8211902438358
470	611.924	34.5140350560314
470	616.63	27.0013211145981
470	621.338	24.9913980032092
470	626.047	29.3432182809816
470	630.758	21.535203207324
470	635.471	15.9904950638895
470	640.186	15.6385784242405
470	644.903	21.6043840624862
470	649.621	28.5610009284702
470	654.341	15.0991043112998
470	659.063	12.0206054106422
470	663.787	16.4581235356857
470	668.512	21.0877517419377
470	673.238	4.12007306449605
470	677.967	20.7483151960093
470	682.696	27.6913587043958
470	687.428	22.1829750950915
470	692.16	2.7622746363801
470	696.895	9.40925748246124
470	701.63	9.48881466414456
470	706.367	6.11053761600071
470	711.106	3.52916052791053
470	715.845	12.939830260662
470	720.586	8.05084216977213
470	725.329	-3.62230677473037
470	730.072	3.6449271663314
470	734.817	8.48702944420283
470	739.563	-4.40841114678694
470	744.31	6.80219672430026
470	749.058	-4.50131749929009
470	753.808	2.65609986662668
470	758.558	7.13210406755168
470	763.31	23.82614834872
470	768.062	-4.30176570936515
470	772.815	-8.34843995285975
470	777.57	3.3556590113938
470	782.325	23.0667896231181
470	787.081	-3.76703755744106
470	791.838	16.9407604434266
470	796.596	-13.695678786527
470	801.355	2.36553201031026
470	806.114	9.45817578887834
470	810.875	2.60249339478203
470	815.635	13.7153170405553
470	820.397	9.45892088563525
470	825.159	21.9914071300131
465	248.336	-3.9654290091989
465	252.814	-4.24793554574794
465	257.296	-8.16097168994184
465	261.781	0.751661331214643
465	266.271	9.95410737037516
465	270.764	8.68815047851551
465	275.26	16.0070744673766
465	279.76	9.72527468295163
465	284.264	4.16117221910119
465	288.772	15.0980477550179
465	293.283	-7.54790110715403
465	297.797	-5.27851407450264
465	302.315	15.7425198738557
465	306.837	-12.9196460201422
465	311.362	-7.5407051520935
465	315.89	-6.34627651653292
465	320.422	3.974115596157
465	324.958	-10.0456009343326
465	329.496	1.24898116452831
465	334.038	14.6916053879826
465	338.584	-4.60655770448473
465	343.133	15.055533942988
465	347.685	-7.13537125816059
465	352.24	1.91711817640492
465	356.799	-6.02603888656685
465	361.361	9.32246846193899
465	365.926	-7.38937850377815
465	370.495	5.82413125419785
465	375.067	6.02145498527902
465	379.641	-1.86346512610766
465	384.219	-19.1051935882846
465	388.801	3.17985388353754
465	393.385	-11.9809933606057
465	397.972	5.70286947866567
465	402.562	3.00999713296237
465	407.156	-0.523177845354548
465	411.752	0.181917712239057
465	416.352	11.2118174182035
465	420.954	-8.31837343209283
465	425.56	10.9478836574053
465	430.168	31.0820522698701
465	434.779	53.0666227556114
465	439.393	88.5984954730763
465	444.01	127.458525081356
465	448.63	203.047833979875
465	453.253	182.153447770651
465	457.878	666.408036834074
465	462.506	5920.48147864445
465	467.137	887.917707873223
465	471.771	4564.87748538761
465	476.407	128.317894863521
465	481.047	32.9871571547646
465	485.688	36.5287798447073
465	490.333	28.1284595847991
465	494.979	47.7665205638565
465	499.629	52.7486296185862
465	504.281	51.2103819214854
465	508.936	54.6960512518983
465	513.593	53.2289784848049
465	518.252	49.6881605147643
465	522.914	64.1504013571162
465	527.579	62.7237529976804
465	532.245	63.3304608047607
465	536.915	54.7027572719465
465	541.586	54.0395651933245
465	546.26	67.1096301503328
465	550.936	64.1601639231093
465	555.615	59.151358704406
465	560.296	62.7507576183643
465	564.979	52.2141877726434
465	569.664	50.0057511315951
465	574.351	43.6132718811724
465	579.04	51.33350596672
465	583.732	33.8318745300765
465	588.426	36.4705756200235
465	593.121	25.3188164106621
465	597.819	26.7213167742312
465	602.519	42.0470664353009
465	607.221	42.5820450127239
465	611.924	36.4131371477497
465	616.63	27.4138124149685
465	621.338	27.9592179740537
465	626.047	31.3594211393926
465	630.758	14.6832065405518
465	635.471	20.6820648953951
465	640.186	15.8297554323387
465	644.903	17.3758172905871
465	649.621	18.8304464715292
465	654.341	18.2497748883913
465	659.063	14.6866250209962
465	663.787	22.4277216714526
465	668.512	26.0352190801545
465	673.238	5.46188812478042
465	677.967	15.9397170049802
465	682.696	23.3407718376039
465	687.428	21.4539339245268
465	692.16	11.0648873533694
465	696.895	4.15833156368398
465	701.63	9.71129910124695
465	706.367	4.43453759215565
465	711.106	9.93380705532411
465	715.845	5.91500382284966
465	720.586	-5.52524292202367
465	725.329	9.7935961438021
465	730.072	3.8250181613375
465	734.817	-3.44243808668992
465	739.563	-2.04803247307601
465	744.31	6.00814539400939
465	749.058	-1.03943282899297
465	753.808	-1.48889581906916
465	758.558	11.507636418457
465	763.31	6.42434508342138
465	768.062	-5.35940994415568
465	772.815	7.81763431578672
465	777.57	1.36597859440104
465	782.325	19.6706564761263
465	787.081	0.242245462348126
465	791.838	19.941920033004
465	796.596	0.481749412770553
465	801.355	1.88247019978231
465	806.114	19.8318961814941
465	810.875	9.39848281961556
465	815.635	11.4841382194508
465	820.397	0.837010113979792
465	825.159	4.17991420719674
460	248.336	-16.1090532749332
460	252.814	-5.31271308812577
460	257.296	-12.7262233371946
460	261.781	8.14131755567775
460	266.271	2.28423486679669
460	270.764	-17.4277590903742
460	275.26	21.2545438777103
460	279.76	-12.7792933816402
460	284.264	21.2191940853075
460	288.772	13.4554906633216
460	293.283	-20.4015892653103
460	297.797	-6.35654011655119
460	302.315	23.6238622195111
460	306.837	-7.33384398036109
460	311.362	1.33182090788532
460	315.89	-7.53928351453039
460	320.422	0.666135941808022
460	324.958	-11.0005346366024
460	329.496	-0.699463878339598
460	334.038	15.487775906973
460	338.584	4.21427732778308
460	343.133	17.7763411253998
460	347.685	-0.704253986949281
460	352.24	-2.14269968672211
460	356.799	-8.9075690149573
460	361.361	4.8489184222604
460	365.926	-8.26744591481132
460	370.495	6.51213226379397
460	375.067	-1.68239944358048
460	379.641	-8.79889342948908
460	384.219	0.919180248348046
460	388.801	-11.3284843367469
460	393.385	-0.63761837948824
460	397.972	-2.8804988531267
460	402.562	12.6600714071258
460	407.156	1.90707445294258E-4
460	411.752	-1.54305671690253
460	416.352	0.379906475457983
460	420.954	-6.51157547309821
460	425.56	21.539152409079
460	430.168	46.557268969225
460	434.779	100.030549227917
460	439.393	92.6225266991486
460	444.01	81.9276230469793
460	448.63	69.5709268349058
460	453.253	328.207547790435
460	457.878	5053.19499899018
460	462.506	2093.75803470844
460	467.137	2343.69165647919
460	471.771	76.0079419940955
460	476.407	35.7129729744154
460	481.047	30.6792961684227
460	485.688	45.6901366446416
460	490.333	47.8712694652596
460	494.979	50.29767534818
460	499.629	63.0122917225338
460	504.281	53.0237473959234
460	508.936	45.4929338491518
460	513.593	50.1999081738009
460	518.252	64.6328087192168
460	522.914	57.4337114851528
460	527.579	69.3263085119721
460	532.245	71.273238780635
460	536.915	67.0715583645301
460	541.586	63.3040394335232
460	546.26	69.5812684489133
460	550.936	59.5979591884657
460	555.615	58.3648811985819
460	560.296	66.3729508747401
460	564.979	61.8093257838112
460	569.664	42.1233239577765
460	574.351	65.5025102809301
460	579.04	55.6744232755488
460	583.732	37.8129758343141
460	588.426	39.2165729359167
460	593.121	26.9122860143254
460	597.819	42.0965479052142
460	602.519	32.0403378902794
460	607.221	49.2047723307006
460	611.924	23.3146195478202
460	616.63	24.4811992066842
460	621.338	26.6834603008079
460	626.047	29.5238480261746
460	630.758	14.5472499566978
460	635.471	17.1023128969476
460	640.186	11.6739347149941
460	644.903	17.710913222065
460	649.621	23.9486419864513
460	654.341	18.2406926168211
460	659.063	8.30723670708042
460	663.787	17.8526271809538
460	668.512	16.9790686502298
460	673.238	11.1843368238447
460	677.967	20.6889234983729
460	682.696	20.5052278140669
460	687.428	21.2740784934644
460	692.16	18.453650942331
460	696.895	2.74488851226506
460	701.63	3.83223515677755
460	706.367	7.10979266202431
460	711.106	10.0157038469898
460	715.845	12.1138308252833
460	720.586	7.28659195044831
460	725.329	-0.223592780942347
460	730.072	7.87123101419676
460	734.817	-0.906022749532425
460	739.563	1.60388141979674
460	744.31	-6.71517409696056
460	749.058	-2.80683362586128
460	753.808	-8.58348631490508
460	758.558	12.3811977306818
460	763.31	20.552961415851
460	768.062	9.99805801169983
460	772.815	8.49262967878219
460	777.57	-3.31362052490041
460	782.325	5.43478480937624
460	787.081	6.90958554530285
460	791.838	11.6816265808181
460	796.596	1.08198089533968
460	801.355	4.43564418039349
460	806.114	13.5409624322433
460	810.875	-6.53664168531004
460	815.635	-6.53697847652371
460	820.397	9.33847687868593
460	825.159	0.700552148082545
455	248.336	-29.8244616803286
455	252.814	-21.7499858583323
455	257.296	-19.5978957353162
455	261.781	-7.16901474874461
455	266.271	6.62891131116386
455	270.764	-17.252071836019
455	275.26	15.5905608937984
455	279.76	-5.0597612147941
455	284.264	11.7181886852774
455	288.772	30.682875995322
455	293.283	-5.98838502677372
455	297.797	3.95554897664199
455	302.315	14.4897657452462
455	306.837	6.97278001632489
455	311.362	-9.0220476299917
455	315.89	-9.41261990066833E-4
455	320.422	-6.70391257257237
455	324.958	10.6430200714843
455	329.496	4.05880542573874
455	334.038	13.6243086100832
455	338.584	13.8617653562738
455	343.133	30.9606111625181
455	347.685	-9.53797234125279
455	352.24	3.87335351314366
455	356.799	1.40329294405062
455	361.361	12.6670236450593
455	365.926	-3.09906782011953
455	370.495	14.0050049088986
455	375.067	12.0023162303069
455	379.641	4.02994047603172
455	384.219	-6.93621077530743
455	388.801	0.770365439130807
455	393.385	-3.20485586821491
455	397.972	-11.2275565164278
455	402.562	6.20619362928359
455	407.156	2.5101083675998
455	411.752	0.00854060749871621
455	416.352	18.7488117218409
455	420.954	17.7345327273065
455	425.56	54.9391925092046
455	430.168	66.3832058565812
455	434.779	92.9757173960674
455	439.393	66.1976336447583
455	444.01	104.369049617061
455	448.63	507.866076327353
455	453.253	4918.17608415346
455	457.878	3620.02466823991
455	462.506	1905.68048983328
455	467.137	82.8852079427594
455	471.771	35.9813683179722
455	476.407	34.8634240050695
455	481.047	40.5461551367487
455	485.688	40.2399140910209
455	490.333	39.919684153481
455	494.979	75.2545738743761
455	499.629	54.7612119345877
455	504.281	59.1437951493012
455	508.936	72.1440688254952
455	513.593	70.4160500228293
455	518.252	72.4800763817658
455	522.914	65.9789909064208
455	527.579	70.0420701311521
455	532.245	80.8162284626577
455	536.915	66.3281294873263
455	541.586	80.4677989435503
455	546.26	82.0735569360436
455	550.936	85.0836258050665
455	555.615	67.9875725014095
455	560.296	75.3699348504798
455	564.979	64.247820352522
455	569.664	61.210280104142
455	574.351	59.9636537496915
455	579.04	71.6017957426057
455	583.732	46.7162720679652
455	588.426	44.1420527133408
455	593.121	32.4713831874433
455	597.819	36.7213786768974
455	602.519	59.9077508156937
455	607.221	40.4385307989032
455	611.924	48.1120196949772
455	616.63	25.6958362137379
455	621.338	30.9932589833537
455	626.047	21.8631592327142
455	630.758	14.7365207199808
455	635.471	15.9410356403599
455	640.186	13.1235027541875
455	644.903	18.1373611879296
455	649.621	37.4596435151672
455	654.341	3.65108508580185
455	659.063	7.58732484400601
455	663.787	34.4766773689523
455	668.512	21.1303977352526
455	673.238	13.9372245833933
455	677.967	17.8510027707897
455	682.696	14.91235079945
455	687.428	14.2973083583215
455	692.16	4.38760394303239
455	696.895	-4.65148099880034
455	701.63	-10.1303148865159
455	706.367	4.50352983793092
455	711.106	11.6324309743187
455	715.845	24.5613816893286
455	720.586	-0.764557784013034
455	725.329	-7.78158323985937
455	730.072	6.53094555515528
455	734.817	-0.261412281079027
455	739.563	5.85543882745243
455	744.31	-0.266851612303188
455	749.058	-5.16072401439071
455	753.808	3.60049879765255
455	758.558	2.53718093635255
455	763.31	-7.76137973386893
455	768.062	11.6156084737778
455	772.815	-7.25435496754552
455	777.57	-12.4282628883865
455	782.325	24.0411889052647
455	787.081	0.311728198299968
455	791.838	-8.93694268837862
455	796.596	-6.59656360909248
455	801.355	8.94697041432484
455	806.114	21.6904274937909
455	810.875	15.458671470036
455	815.635	-13.0105189693411
455	820.397	24.6722790552661
455	825.159	20.3389787235667
450	248.336	-12.0419593152092
450	252.814	-18.0305642017997
450	257.296	-32.8178912052472
450	261.781	9.77325120279716
450	266.271	-6.99938302844317
450	270.764	-8.47545183261522
450	275.26	15.1526965356288
450	279.76	17.1764887871382
450	284.264	10.0095871096345
450	288.772	9.466230395898
450	293.283	-4.52863999735316
450	297.797	1.17214751770225
450	302.315	8.91334390972134
450	306.837	-10.3143384433551
450	311.362	-11.7280209681615
450	315.89	5.43175982608479
450	320.422	-20.0496391509435
450	324.958	-5.31711902141309
450	329.496	-9.61317865900824
450	334.038	36.0061604349656
450	338.584	15.6947761952805
450	343.133	56.9959562811329
450	347.685	-2.11627863214495
450	352.24	2.76119032575352
450	356.799	-15.5117510295647
450	361.361	8.4351182873178
450	365.926	-7.83527259523004
450	370.495	4.35671379517578
450	375.067	13.0133304007529
450	379.641	-1.19466361693975
450	384.219	7.41110398985961
450	388.801	7.45142105777201
450	393.385	0.81998726887145
450	397.972	-3.44564729289401
450	402.562	3.06927398172466
450	407.156	5.57043368863158
450	411.752	14.2006468192673
450	416.352	66.3858038620616
450	420.954	118.570952510206
450	425.56	169.083631124478
450	430.168	175.571000701039
450	434.779	160.398636098847
450	439.393	164.837786770229
450	444.01	1256.61317512319
450	448.63	6234.25455841743
450	453.253	3213.95838690966
450	457.878	3526.37494501948
450	462.506	96.66348676912
450	467.137	64.1027107876654
450	471.771	56.4194321380828
450	476.407	51.958930817316
450	481.047	54.8637192598724
450	485.688	56.0041607334958
450	490.333	45.587967884548
450	494.979	92.3702312034427
450	499.629	72.2901059041891
450	504.281	83.8623989229765
450	508.936	81.3508448200968
450	513.593	75.0901006120466
450	518.252	80.0781928506788
450	522.914	91.916247788148
450	527.579	94.6448322472756
450	532.245	98.8787997504343
450	536.915	97.8434896485388
450	541.586	79.4446170639721
450	546.26	78.6194725278122
450	550.936	81.516854453327
450	555.615	72.9417702688771
450	560.296	86.4466167552074
450	564.979	80.3570440485226
450	569.664	51.9532073069802
450	574.351	55.6667113661484
450	579.04	83.6880217414553
450	583.732	44.11751811087
450	588.426	51.6887332152061
450	593.121	47.6968109507654
450	597.819	30.8653053841584
450	602.519	50.6287631324265
450	607.221	48.1049316241753
450	611.924	46.9446294617071
450	616.63	37.6528866311842
450	621.338	35.1204620364684
450	626.047	44.2538874308082
450	630.758	25.4961346880032
450	635.471	17.9398170533378
450	640.186	20.6409630441938
450	644.903	26.5211173179048
450	649.621	16.9398716067724
450	654.341	14.171819161187
450	659.063	13.2720647239664
450	663.787	27.4211142743911
450	668.512	31.0171497752795
450	673.238	11.5432725596521
450	677.967	34.8660311574234
450	682.696	14.6916806365994
450	687.428	38.730557070053
450	692.16	22.9903677481254
450	696.895	7.35298058798061
450	701.63	-9.05812382781193
450	706.367	-4.16362533557959
450	711.106	16.2880776739908
450	715.845	11.9342662088673
450	720.586	8.54561806920236
450	725.329	9.21924762978998
450	730.072	8.99263659751661
450	734.817	3.79734494711714
450	739.563	-7.96840563705161
450	744.31	7.469067480099
450	749.058	18.4007166545954
450	753.808	-16.9121987429371
450	758.558	18.7817246454198
450	763.31	13.7293629885147
450	768.062	19.0185325892765
450	772.815	0.650221447048864
450	777.57	7.55937064481225
450	782.325	29.0231714633187
450	787.081	5.14291395098683
450	791.838	24.9934168699557
450	796.596	-16.3899843348033
450	801.355	17.4579802319818
450	806.114	3.91090603760201
450	810.875	11.443589026057
450	815.635	5.11614225096711
450	820.397	-12.6398094634392
450	825.159	15.9566797195732
445	248.336	-13.5768220667312
445	252.814	-3.4195376448785
445	257.296	-26.2498784646438
445	261.781	-9.01914392793994
445	266.271	3.05271961763509
445	270.764	1.31495045246571
445	275.26	27.3962255917672
445	279.76	19.9554997286146
445	284.264	13.8434566904027
445	288.772	1.12417927467483
445	293.283	-10.7584904225634
445	297.797	-7.63927187843196
445	302.315	41.9395308278883
445	306.837	-7.81444655355611
445	311.362	-28.1755332636907
445	315.89	-6.78101324956206
445	320.422	2.37344112863698
445	324.958	-5.95947837711949
445	329.496	2.50060363278121
445	334.038	-0.730990763864751
445	338.584	-2.86419875660588
445	343.133	39.7140757457717
445	347.685	-3.22964239345429
445	352.24	-19.3004591089876
445	356.799	-7.73205006948755
445	361.361	18.911466075323
445	365.926	-1.8614669453627
445	370.495	9.22847654976945
445	375.067	22.8002328732427
445	379.641	-9.21285789071356
445	384.219	-7.72069959500008
445	388.801	7.47268431806502
445	393.385	-0.653220752393789
445	397.972	9.1318383482007
445	402.562	13.6341384857159
445	407.156	10.8381818171049
445	411.752	85.3770021419154
445	416.352	140.727935557162
445	420.954	132.509425040888
445	425.56	87.2953536659729
445	430.168	109.742791319444
445	434.779	177.266319080899
445	439.393	1349.8792707799
445	444.01	5851.29333682377
445	448.63	3210.51513070808
445	453.253	2299.05520456746
445	457.878	56.3404214506208
445	462.506	57.6163156383415
445	467.137	77.3302775723443
445	471.771	69.4581772953468
445	476.407	55.9228419957253
445	481.047	73.3084651107849
445	485.688	73.1796875746071
445	490.333	65.812282236676
445	494.979	89.4435812484958
445	499.629	92.2367945995928
445	504.281	109.686143529135
445	508.936	105.428531588662
445	513.593	103.37313269762
445	518.252	94.1643781188779
445	522.914	79.6798732624762
445	527.579	101.335879307825
445	532.245	94.2562447879731
445	536.915	74.0851888772493
445	541.586	101.605554726791
445	546.26	113.970116854482
445	550.936	106.020779398393
445	555.615	88.8161273854781
445	560.296	78.8490947058105
445	564.979	79.555360389335
445	569.664	75.5220189495681
445	574.351	61.6593452560147
445	579.04	87.5520987865798
445	583.732	53.673392299543
445	588.426	72.7038270071584
445	593.121	45.4482889317326
445	597.819	48.9177999438856
445	602.519	66.0062254481153
445	607.221	36.1586404150666
445	611.924	42.2682299071897
445	616.63	36.9051035169411
445	621.338	31.6108140433285
445	626.047	40.9510163073738
445	630.758	26.8284933235172
445	635.471	29.9097509273141
445	640.186	35.1531964709433
445	644.903	23.3162685433486
445	649.621	31.6307472952756
445	654.341	22.8176486135944
445	659.063	26.6439866524267
445	663.787	40.5153498876741
445	668.512	27.224980324114
445	673.238	25.8343314471257
445	677.967	20.0637328725977
445	682.696	25.3613250760865
445	687.428	30.3260488942554
445	692.16	37.8695243294245
445	696.895	15.8434060164093
445	701.63	19.8836668745844
445	706.367	-9.55395657452014
445	711.106	6.67720629352878
445	715.845	18.2154712149518
445	720.586	14.1918775750248
445	725.329	20.8612698788966
445	730.072	11.7031760305102
445	734.817	15.5887100686463
445	739.563	11.2237291993903
445	744.31	-6.72398826069954
445	749.058	2.50991565241595
445	753.808	-2.17867877189711
445	758.558	33.0573700790029
445	763.31	19.3177385645246
445	768.062	7.26917649733812
445	772.815	-4.96186671615155
445	777.57	15.9839385438882
445	782.325	35.2294029883736
445	787.081	-2.02448871410262
445	791.838	8.94544796104878
445	796.596	12.8310589102281
445	801.355	18.9290863516592
445	806.114	28.9387843728029
445	810.875	23.9469915172996
445	815.635	11.4220280471487
445	820.397	2.14331608106076
445	825.159	21.4351694498489
440	248.336	-10.4834622000772
440	252.814	-13.9019597734316
440	257.296	-8.87373215924414
440	261.781	27.0118241785929
440	266.271	7.32622150238811
440	270.764	-9.62012894076825
440	275.26	21.5288582537269
440	279.76	14.3872737370756
440	284.264	33.1956771622863
440	288.772	28.6436179797171
440	293.283	-7.52211029459241
440	297.797	-9.10079027354986
440	302.315	22.5164416715516
440	306.837	-2.85312531482497
440	311.362	-11.7451194285199
440	315.89	-3.91384616964043
440	320.422	-6.76755254371941
440	324.958	-21.6846570700213
440	329.496	-1.12157211853934
440	334.038	17.6873868897768
440	338.584	15.7699604220245
440	343.133	57.7607383183672
440	347.685	-20.7139880779612
440	352.24	-17.560907426516
440	356.799	-18.1426332503105
440	361.361	7.38302327738381
440	365.926	5.07218122076154
440	370.495	-5.02847142639476
440	375.067	21.2030854609783
440	379.641	-10.0255153122837
440	384.219	-16.9457504486966
440	388.801	-13.8908114315402
440	393.385	0.682149240132474
440	397.972	-13.8523822323162
440	402.562	41.2485780647879
440	407.156	42.8091449992319
440	411.752	99.9791006486347
440	416.352	162.964880042655
440	420.954	158.775319685911
440	425.56	185.047873784134
440	430.168	191.880551488517
440	434.779	2385.9059251484
440	439.393	7696.14066730721
440	444.01	7017.66916700586
440	448.63	1176.99586127918
440	453.253	48.350719126444
440	457.878	53.8204163209115
440	462.506	71.6016981644289
440	467.137	81.2743950864335
440	471.771	89.3251448131391
440	476.407	93.6342345568241
440	481.047	97.3691798648467
440	485.688	103.532917192316
440	490.333	83.3129002289475
440	494.979	129.749365494608
440	499.629	121.326718622872
440	504.281	125.87316085763
440	508.936	108.951166821474
440	513.593	111.967237153542
440	518.252	125.537072080485
440	522.914	136.244588806101
440	527.579	128.289037468271
440	532.245	118.395069779162
440	536.915	102.440047589361
440	541.586	108.532133346859
440	546.26	107.402606605277
440	550.936	117.946647832015
440	555.615	95.7071378673965
440	560.296	78.9093818187858
440	564.979	103.134735872707
440	569.664	57.6041141622797
440	574.351	80.6215826735655
440	579.04	84.0851895166584
440	583.732	55.4109896363806
440	588.426	55.6915590989628
440	593.121	54.8549408495086
440	597.819	58.547765562552
440	602.519	75.6641658337951
440	607.221	54.1272182388316
440	611.924	47.744228595735
440	616.63	49.1507254494026
440	621.338	33.4187413530995
440	626.047	45.278754713622
440	630.758	22.7344993964086
440	635.471	27.7322363976096
440	640.186	44.0876258210416
440	644.903	37.2599894364479
440	649.621	31.9040884436931
440	654.341	6.61121639658514
440	659.063	41.8726525459466
440	663.787	28.3115105553885
440	668.512	23.0186958631181
440	673.238	10.1118598928069
440	677.967	22.9981230909442
440	682.696	31.5559119996747
440	687.428	44.4895931516784
440	692.16	31.279355421507
440	696.895	33.8601725102424
440	701.63	17.75691810842
440	706.367	24.1892265233612
440	711.106	10.8252088683371
440	715.845	6.0087818296205
440	720.586	21.2502949415837
440	725.329	13.9796905209942
440	730.072	10.4590122185323
440	734.817	41.7672123280555
440	739.563	4.04298893004711
440	744.31	17.8270164853258
440	749.058	-7.87399121894869
440	753.808	-8.79095549201758
440	758.558	46.7198021269831
440	763.31	16.2798103190057
440	768.062	-6.40868190359667
440	772.815	-32.4447483000397
440	777.57	3.6785684821691
440	782.325	19.0915275876739
440	787.081	-9.36921218729587
440	791.838	32.3560045607296
440	796.596	-1.73487227138541
440	801.355	31.8253278239243
440	806.114	7.11739963075813
440	810.875	25.8357910608409
440	815.635	-6.36285708192491
440	820.397	-10.8562759861526
440	825.159	17.599240925984
435	248.336	-26.6442474086631
435	252.814	-37.1572444271374
435	257.296	-18.5976322049787
435	261.781	2.19317878530104
435	266.271	-19.194887645426
435	270.764	-4.46719888284047
435	275.26	23.1725748217593
435	279.76	4.25074697915022
435	284.264	23.4634973097605
435	288.772	16.0641303576644
435	293.283	0.733193984594839
435	297.797	-16.6805580692431
435	302.315	29.2669350647104
435	306.837	-25.3625795343126
435	311.362	-24.6371506288416
435	315.89	3.81315133671814
435	320.422	-1.04157014576822
435	324.958	1.43302876426948
435	329.496	3.64450522171271
435	334.038	36.3178777128654
435	338.584	14.6395890090538
435	343.133	27.7901426152846
435	347.685	-8.8112476971795
435	352.24	10.422627450636
435	356.799	13.1735446818136
435	361.361	32.971658896796
435	365.926	-2.65966780775239
435	370.495	31.6734307539779
435	375.067	15.0312674642774
435	379.641	3.62045180156829
435	384.219	-6.4647916143685
435	388.801	17.7102529711906
435	393.385	1.33080587149297
435	397.972	9.01073674081208
435	402.562	54.7448429095382
435	407.156	83.4296406485581
435	411.752	108.297550981486
435	416.352	146.366304939798
435	420.954	175.986006003243
435	425.56	195.772336105646
435	430.168	2584.54563211052
435	434.779	7199.51893133458
435	439.393	7828.39317581558
435	444.01	902.446315736768
435	448.63	53.5804039353005
435	453.253	56.4241009366205
435	457.878	75.9089906534596
435	462.506	91.2208625199112
435	467.137	109.411076683088
435	471.771	120.613934033872
435	476.407	107.073189434639
435	481.047	117.493867065018
435	485.688	123.286268504735
435	490.333	124.224730409519
435	494.979	147.341265620292
435	499.629	129.410097085
435	504.281	141.723294841514
435	508.936	152.620031724092
435	513.593	132.686071091385
435	518.252	154.21732825931
435	522.914	126.757417870001
435	527.579	146.330030442691
435	532.245	117.878953624924
435	536.915	120.620604393977
435	541.586	114.903482551801
435	546.26	128.634577733531
435	550.936	130.883160619865
435	555.615	88.9252113293505
435	560.296	91.1155135326941
435	564.979	99.2339273523092
435	569.664	80.2843531920749
435	574.351	93.407388539242
435	579.04	87.5724599691867
435	583.732	56.4285278144349
435	588.426	68.6007600147594
435	593.121	38.0019370669693
435	597.819	61.4428175164124
435	602.519	75.6852965465694
435	607.221	48.8754092126716
435	611.924	40.3740626543398
435	616.63	35.1542991555209
435	621.338	38.0019370238569
435	626.047	38.3677532987703
435	630.758	25.9505117687361
435	635.471	27.9127260019595
435	640.186	35.322216041547
435	644.903	18.7570669277073
435	649.621	52.5370092114695
435	654.341	28.8242329971756
435	659.063	38.0323702139263
435	663.787	44.2170504814991
435	668.512	58.1441563043646
435	673.238	9.22072979966725
435	677.967	30.7439903879697
435	682.696	37.2370111838011
435	687.428	25.1084626742764
435	692.16	31.1456462207006
435	696.895	21.4545441280851
435	701.63	26.9596395653867
435	706.367	17.8516907468459
435	711.106	10.553371650479
435	715.845	22.0380061318005
435	720.586	17.2601639963201
435	725.329	17.1219471042192
435	730.072	7.736148480708
435	734.817	12.0383989324896
435	739.563	15.0431706162547
435	744.31	9.05075596729393
435	749.058	6.94940701313488
435	753.808	-3.35398625521894
435	758.558	10.2486419962993
435	763.31	9.29055187931321
435	768.062	2.7364854149335
435	772.815	2.73437243055369
435	777.57	9.96035823662808
435	782.325	5.66386543301712
435	787.081	11.2179596218006
435	791.838	-2.48908955960362
435	796.596	-5.07324763498676
435	801.355	9.48958367536043
435	806.114	13.5039619557426
435	810.875	-14.2320411939826
435	815.635	15.6944936862932
435	820.397	-10.2189424662693
435	825.159	10.9496153923516
430	248.336	-26.5575438580178
430	252.814	-18.2348583159538
430	257.296	-23.9200337957723
430	261.781	-15.7511205273308
430	266.271	-7.80269597925573
430	270.764	-12.5721366959596
430	275.26	35.6279359187273
430	279.76	2.88777743843987
430	284.264	27.0901474239595
430	288.772	11.867301332576
430	293.283	-5.69468271495055
430	297.797	-15.4979988725871
430	302.315	24.0007577103912
430	306.837	-10.1138984796387
430	311.362	-3.70497345348191
430	315.89	9.41254411304722
430	320.422	0.337181300380086
430	324.958	-17.3825751176856
430	329.496	2.82630652552033
430	334.038	26.347814246629
430	338.584	18.1081646039282
430	343.133	32.2877639890865
430	347.685	-14.2572798426713
430	352.24	4.32546987087744
430	356.799	-11.6899639337913
430	361.361	16.5500214769767
430	365.926	8.47358341709962
430	370.495	14.2660063942518
430	375.067	-0.00883225615354988
430	379.641	1.74955837416654
430	384.219	10.4408328360764
430	388.801	10.0908441377954
430	393.385	41.2254313306959
430	397.972	63.9027211040822
430	402.562	155.290127015584
430	407.156	220.021793555318
430	411.752	342.196035663231
430	416.352	312.331954560904
430	420.954	252.089364516082
430	425.56	6082.15954807512
430	430.168	5854.86143551619
430	434.779	8355.78405225816
430	439.393	719.606865962415
430	444.01	80.0178979588791
430	448.63	83.272704219965
430	453.253	75.8662888788151
430	457.878	96.0956796771538
430	462.506	125.468050328741
430	467.137	134.634268320755
430	471.771	146.036113948404
430	476.407	132.520303062071
430	481.047	152.3415658146
430	485.688	160.987862995652
430	490.333	153.056680937143
430	494.979	171.720985932195
430	499.629	153.807891633276
430	504.281	165.397243809816
430	508.936	163.591084665081
430	513.593	155.015822453676
430	518.252	156.768566328658
430	522.914	153.466388815272
430	527.579	171.275993206081
430	532.245	145.128827331563
430	536.915	112.608603775514
430	541.586	122.973646103037
430	546.26	139.338737340156
430	550.936	121.718804282099
430	555.615	119.153914382847
430	560.296	113.90699970413
430	564.979	105.595244280929
430	569.664	90.5832562102466
430	574.351	83.9184904704428
430	579.04	100.740119824679
430	583.732	72.4487665155025
430	588.426	76.2332744366751
430	593.121	47.1177282368623
430	597.819	60.655972326663
430	602.519	76.3540391773769
430	607.221	65.4600519564716
430	611.924	58.467186730635
430	616.63	44.8210996149715
430	621.338	54.0408496828973
430	626.047	36.0887406468619
430	630.758	31.3865393365029
430	635.471	39.0363022909501
430	640.186	39.6863585284855
430	644.903	45.9168416407544
430	649.621	48.6133874430261
430	654.341	36.5742638112866
430	659.063	42.5782326695093
430	663.787	24.9348247205463
430	668.512	19.6064632124356
430	673.238	30.8297835093507
430	677.967	53.1081890723771
430	682.696	70.3596003163606
430	687.428	56.9281715226397
430	692.16	31.1529227085424
430	696.895	36.8111669872698
430	701.63	21.3059025552862
430	706.367	16.6552896166836
430	711.106	29.7117108155259
430	715.845	31.72559937705
430	720.586	13.047044548665
430	725.329	3.72129735157579
430	730.072	23.8717658189249
430	734.817	13.7373135286834
430	739.563	9.03004201965735
430	744.31	12.2898943861301
430	749.058	9.57201421278938
430	753.808	-14.8347939268183
430	758.558	39.0261615088549
430	763.31	21.0362312181617
430	768.062	5.67623552894289
430	772.815	5.6815690253955
430	777.57	0.779977620275305
430	782.325	24.7330119105849
430	787.081	-22.1725942313554
430	791.838	8.84671424086723
430	796.596	2.45602576332772
430	801.355	-6.72676157472063
430	806.114	-13.4642464328107
430	810.875	-14.8822015033369
430	815.635	-0.714231944114111
430	820.397	-1.42460350621522
430	825.159	8.14342985124248
425	248.336	-16.818914365697
425	252.814	-18.8823108172452
425	257.296	-24.0859111837128
425	261.781	26.1240615477841
425	266.271	-11.1372276647041
425	270.764	-10.2950858416376
425	275.26	20.1413922963419
425	279.76	5.71520384558403
425	284.264	24.8695378258269
425	288.772	19.0871264170225
425	293.283	-10.5688342453599
425	297.797	-11.2452590834807
425	302.315	28.1062101271486
425	306.837	-18.3521742899243
425	311.362	-19.9952982933792
425	315.89	1.34032643959942
425	320.422	-0.670874193658359
425	324.958	-4.12891840175847
425	329.496	8.74686583329866
425	334.038	37.3361104614177
425	338.584	25.2939772227694
425	343.133	46.69605119132
425	347.685	9.51997694989352
425	352.24	12.504791311283
425	356.799	2.88015638850533
425	361.361	15.649796186399
425	365.926	10.9350237922174
425	370.495	25.3365364347951
425	375.067	4.68019329771853
425	379.641	2.76951840922171
425	384.219	6.18770055670325
425	388.801	34.2855903910129
425	393.385	93.6833844672563
425	397.972	179.560469815631
425	402.562	217.456361394759
425	407.156	169.43003037608
425	411.752	116.536843619545
425	416.352	177.905648423578
425	420.954	3221.76278582193
425	425.56	4580.12035465213
425	430.168	7854.5764498722
425	434.779	530.93433368531
425	439.393	77.9557587215301
425	444.01	78.4054168749087
425	448.63	79.3005905172562
425	453.253	85.0308983546773
425	457.878	102.930997230217
425	462.506	128.924141091182
425	467.137	149.577065591999
425	471.771	157.039216196063
425	476.407	144.107890290112
425	481.047	173.894288338226
425	485.688	174.402875165539
425	490.333	168.910889466311
425	494.979	204.338971031531
425	499.629	172.867921468432
425	504.281	197.048311393973
425	508.936	184.352051901301
425	513.593	157.11860012602
425	518.252	168.565566639172
425	522.914	166.162362275008
425	527.579	169.959216964441
425	532.245	162.677069991542
425	536.915	139.058123803707
425	541.586	141.133360382587
425	546.26	150.597907146546
425	550.936	138.431175526171
425	555.615	118.895988206448
425	560.296	107.519218248126
425	564.979	123.752182860003
425	569.664	85.8597457296914
425	574.351	82.534216422418
425	579.04	105.843355582827
425	583.732	75.043649336235
425	588.426	76.2156607302474
425	593.121	68.2556383020348
425	597.819	49.5359027581583
425	602.519	85.8628463079179
425	607.221	58.1073795375768
425	611.924	69.1679736178614
425	616.63	52.2452956768479
425	621.338	44.6995465594844
425	626.047	65.0737644370962
425	630.758	39.458375854296
425	635.471	31.8544550478321
425	640.186	38.703491737499
425	644.903	37.4291253417191
425	649.621	44.6287768772193
425	654.341	52.3765859879512
425	659.063	54.0062423615925
425	663.787	53.5695658223958
425	668.512	52.7701185570519
425	673.238	52.4816317351693
425	677.967	61.4708467955352
425	682.696	64.9644926848646
425	687.428	59.7815967605206
425	692.16	43.7330406030381
425	696.895	38.6463088908079
425	701.63	38.3365127972189
425	706.367	15.8355024925901
425	711.106	40.5091932074236
425	715.845	51.8920361300366
425	720.586	29.1478912818121
425	725.329	38.2336788010693
425	730.072	16.8723494516116
425	734.817	25.8330088752702
425	739.563	16.1543539219151
425	744.31	40.6617648847391
425	749.058	5.96067819301937
425	753.808	11.4426354473829
425	758.558	35.7009065656215
425	763.31	34.9382440728646
425	768.062	6.00271644350145
425	772.815	18.7406075947602
425	777.57	24.4847119776395
425	782.325	20.1943879039006
425	787.081	7.97413937478906
425	791.838	9.56619034116794
425	796.596	-15.4311696515533
425	801.355	-15.7745452880792
425	806.114	7.35266613530782
425	810.875	-1.06312878729726
425	815.635	10.8637260224879
425	820.397	1.74906544903832
425	825.159	14.0120438307569
420	248.336	-22.9855260659191
420	252.814	-0.447878963676375
420	257.296	-27.6872081368355
420	261.781	5.35474834946553
420	266.271	0.462512834945683
420	270.764	-16.7871463847586
420	275.26	11.0906580742659
420	279.76	15.1249667198633
420	284.264	20.974901547099
420	288.772	0.774859080601545
420	293.283	-7.08246790537469
420	297.797	-39.6682473706581
420	302.315	25.1383844503495
420	306.837	-32.1240228553192
420	311.362	22.5588721546221
420	315.89	-7.74260364795152
420	320.422	5.65031080712628
420	324.958	-2.53837225218093
420	329.496	-17.412022687311
420	334.038	18.6358543015595
420	338.584	29.0014893736917
420	343.133	33.0726152208949
420	347.685	14.541498560924
420	352.24	3.77373724839794
420	356.799	-6.1323724439468
420	361.361	2.70013086318042
420	365.926	16.5967958902649
420	370.495	16.463274630102
420	375.067	4.19002460493586
420	379.641	-2.97172872288805
420	384.219	53.2131970222463
420	388.801	106.428818581172
420	393.385	146.008305099213
420	397.972	128.91934041536
420	402.562	121.743691025558
420	407.156	109.507027815853
420	411.752	182.676162848831
420	416.352	2706.10311739059
420	420.954	3575.90483214713
420	425.56	5237.44595284139
420	430.168	373.457082192574
420	434.779	62.0550547589372
420	439.393	62.5038130991427
420	444.01	80.7523723279823
420	448.63	93.2173062250926
420	453.253	95.6526201102358
420	457.878	132.494321205796
420	462.506	150.764511792015
420	467.137	164.573998457105
420	471.771	197.411266897956
420	476.407	175.800736591191
420	481.047	187.816764300722
420	485.688	171.706616028757
420	490.333	185.715707486292
420	494.979	238.163675162609
420	499.629	212.265881645886
420	504.281	211.597349351132
420	508.936	202.85933476818
420	513.593	190.733624154672
420	518.252	185.992550336686
420	522.914	173.323583301624
420	527.579	184.393933916948
420	532.245	175.683327145119
420	536.915	146.650832792162
420	541.586	165.806881870806
420	546.26	141.775104901511
420	550.936	129.811750238181
420	555.615	133.913646005383
420	560.296	120.070196099098
420	564.979	135.19125354177
420	569.664	102.588124174614
420	574.351	104.550030876232
420	579.04	99.5264605410908
420	583.732	82.1427086638562
420	588.426	82.8504695841859
420	593.121	56.7882141375582
420	597.819	56.578777114809
420	602.519	76.0394964003511
420	607.221	81.8025831035056
420	611.924	56.0983942198573
420	616.63	54.1386037040713
420	621.338	56.8755790562479
420	626.047	51.8611091715388
420	630.758	54.7867892701536
420	635.471	45.9496165301094
420	640.186	54.1203992430519
420	644.903	54.7333268012411
420	649.621	73.9057500812209
420	654.341	40.4698659140862
420	659.063	62.794812759779
420	663.787	72.2992160291928
420	668.512	77.0242556840102
420	673.238	70.0649905629714
420	677.967	75.1304313692126
420	682.696	80.5855885378662
420	687.428	84.1291282435816
420	692.16	46.6153037633523
420	696.895	52.9680516076865
420	701.63	36.8445104002159
420	706.367	36.2644357614121
420	711.106	38.7140287372411
420	715.845	45.8137799059012
420	720.586	25.2441856224287
420	725.329	29.8091063501405
420	730.072	12.1360970352489
420	734.817	17.2672921964997
420	739.563	2.16967646431987
420	744.31	25.3706328009581
420	749.058	-14.5059250192398
420	753.808	4.53975425758895
420	758.558	43.18033819053
420	763.31	28.3206420570593
420	768.062	-16.2860217328767
420	772.815	2.38247643723921
420	777.57	12.9532633942515
420	782.325	43.5763675430396
420	787.081	6.74693071872488
420	791.838	34.1498186430662
420	796.596	-15.038537516238
420	801.355	-2.598754289318
420	806.114	-8.53596038827445
420	810.875	4.8098971038924
420	815.635	4.81561098410803
420	820.397	3.7111575099065
420	825.159	11.4838195682742
415	248.336	-28.4733916331584
415	252.814	-31.3030736680867
415	257.296	-16.1793547665643
415	261.781	22.5155268115398
415	266.271	-28.1446210758726
415	270.764	0.954588743154785
415	275.26	27.0965991836938
415	279.76	21.353854986547
415	284.264	13.8400260233037
415	288.772	23.2929095890287
415	293.283	-25.8584470764422
415	297.797	10.2401392350092
415	302.315	32.0241269665793
415	306.837	2.97081476186945
415	311.362	-12.6121258134913
415	315.89	1.85330711178687
415	320.422	1.8544223237194
415	324.958	9.18912817776156
415	329.496	-33.1152370299095
415	334.038	40.7758471246046
415	338.584	2.34566734028564
415	343.133	22.6680078838878
415	347.685	-5.8888998310239
415	352.24	13.5256135431456
415	356.799	0.398511265602215
415	361.361	42.9330104734123
415	365.926	11.7768656693223
415	370.495	23.3685578239168
415	375.067	27.2920285529985
415	379.641	51.8041721605361
415	384.219	122.788782435423
415	388.801	201.064629451015
415	393.385	181.387389646998
415	397.972	196.556585130134
415	402.562	170.130210760431
415	407.156	282.705212007572
415	411.752	5157.08091069257
415	416.352	3535.36481823149
415	420.954	6021.27726389516
415	425.56	261.790028239249
415	430.168	44.8450653141107
415	434.779	79.9602126910976
415	439.393	88.0240522247513
415	444.01	108.71672355982
415	448.63	114.486659681057
415	453.253	126.540015743501
415	457.878	153.485843402322
415	462.506	187.962669982935
415	467.137	210.936359715132
415	471.771	200.288950804295
415	476.407	183.273029611509
415	481.047	191.831625705694
415	485.688	256.765662198258
415	490.333	228.081329109409
415	494.979	208.792579745582
415	499.629	257.071240340571
415	504.281	225.647077155495
415	508.936	197.000003647807
415	513.593	187.549276292939
415	518.252	206.883450014426
415	522.914	184.474900834595
415	527.579	213.344589009806
415	532.245	188.543389725652
415	536.915	145.200812990964
415	541.586	160.106196700615
415	546.26	154.330949963358
415	550.936	143.424502840016
415	555.615	135.396750324902
415	560.296	126.325189198979
415	564.979	110.493656231501
415	569.664	94.7564981439846
415	574.351	84.5430850959573
415	579.04	126.108360343051
415	583.732	81.8298529585297
415	588.426	75.3272689943048
415	593.121	69.3213494174001
415	597.819	63.3219688062787
415	602.519	64.4065304956576
415	607.221	68.2557370735746
415	611.924	64.416832561719
415	616.63	48.7727755729438
415	621.338	61.3718829177756
415	626.047	68.4337034936731
415	630.758	37.6987901363757
415	635.471	68.7607295837612
415	640.186	69.8326396795838
415	644.903	71.2661107270072
415	649.621	89.053132463791
415	654.341	76.9952915432855
415	659.063	79.9547884529356
415	663.787	81.4261468049255
415	668.512	111.435298713835
415	673.238	103.611518506585
415	677.967	88.6313599336851
415	682.696	75.7777271055725
415	687.428	67.243589925274
415	692.16	67.2626812017814
415	696.895	58.1946787396777
415	701.63	29.1655900232593
415	706.367	43.5490682595869
415	711.106	56.0130439421319
415	715.845	62.919394674001
415	720.586	37.6258800165166
415	725.329	23.8969242363768
415	730.072	36.0690087954446
415	734.817	28.377061467222
415	739.563	14.9249519310133
415	744.31	10.8309506085052
415	749.058	2.34327419251065
415	753.808	-3.98820038167987
415	758.558	21.9016680481952
415	763.31	14.0652611709205
415	768.062	-1.67419106438512
415	772.815	8.76341182536254
415	777.57	11.9241128871035
415	782.325	28.9729461238202
415	787.081	10.2096171196632
415	791.838	13.7511307118344
415	796.596	14.4584946872242
415	801.355	-6.242682459997
415	806.114	7.01935601944267
415	810.875	-3.90590163140654
415	815.635	-10.5347187009681
415	820.397	1.55375682496729
415	825.159	45.6172615120415
410	248.336	-16.699718896834
410	252.814	-22.056243940197
410	257.296	-19.2895668126079
410	261.781	12.8734613740137
410	266.271	-24.0939975240768
410	270.764	-20.4376636199734
410	275.26	6.66156750694562
410	279.76	11.9732217692491
410	284.264	6.64686492758673
410	288.772	1.7922381828447
410	293.283	-16.7786828141666
410	297.797	-32.9029634378712
410	302.315	45.3813102028824
410	306.837	-15.0827958512026
410	311.362	3.25347920411473
410	315.89	-15.8645653688951
410	320.422	-0.00290407694407868
410	324.958	-18.0776980837238
410	329.496	-16.2553265962844
410	334.038	12.483084471781
410	338.584	33.498225950249
410	343.133	51.9197329364925
410	347.685	-2.58827881043705
410	352.24	19.2133960981781
410	356.799	18.9830894237829
410	361.361	42.2454314268223
410	365.926	-0.457061273970702
410	370.495	34.0375647212857
410	375.067	60.7908515254806
410	379.641	147.289199606565
410	384.219	191.242985401309
410	388.801	151.056029857936
410	393.385	132.846603643722
410	397.972	102.547718772462
410	402.562	302.017181618547
410	407.156	4440.02836153472
410	411.752	3363.45761706227
410	416.352	3841.80668987088
410	420.954	161.255396421725
410	425.56	37.1178927873067
410	430.168	98.1778067432575
410	434.779	79.5936844923731
410	439.393	105.423191053057
410	444.01	123.858606443127
410	448.63	145.907012776094
410	453.253	141.734345680818
410	457.878	169.434421510752
410	462.506	202.368944121664
410	467.137	207.627428130985
410	471.771	232.081655435594
410	476.407	236.295739847738
410	481.047	268.565720288935
410	485.688	246.800553027864
410	490.333	229.618115884914
410	494.979	266.292282777193
410	499.629	244.798750798022
410	504.281	238.519093424476
410	508.936	248.241203024428
410	513.593	210.610410575146
410	518.252	216.302999420401
410	522.914	220.28218219856
410	527.579	215.606321937866
410	532.245	191.277547261688
410	536.915	164.405141288092
410	541.586	168.056180694294
410	546.26	172.723070826583
410	550.936	170.716153595197
410	555.615	140.507153674347
410	560.296	149.896346655558
410	564.979	112.752082710899
410	569.664	123.116032046915
410	574.351	115.172124386487
410	579.04	116.839684972052
410	583.732	87.633212105953
410	588.426	86.8244625635187
410	593.121	76.4268824071085
410	597.819	70.8028039505562
410	602.519	92.9951877684222
410	607.221	89.6000070522763
410	611.924	66.1137927824389
410	616.63	87.8129321027158
410	621.338	72.7379454220816
410	626.047	66.3298151854962
410	630.758	80.728878860215
410	635.471	59.9756804440076
410	640.186	71.4854156742971
410	644.903	82.0820790535029
410	649.621	113.001456565451
410	654.341	103.233773169194
410	659.063	107.005372662901
410	663.787	135.753105393614
410	668.512	134.203905735323
410	673.238	113.004511184686
410	677.967	102.939034799463
410	682.696	93.8327870021838
410	687.428	104.434184263524
410	692.16	64.2253943434083
410	696.895	58.0808034966874
410	701.63	79.2754715266496
410	706.367	44.6541440315063
410	711.106	50.3157835200181
410	715.845	58.169263746486
410	720.586	35.2290537431761
410	725.329	44.6851080428812
410	730.072	25.9837697610964
410	734.817	42.7906745260405
410	739.563	26.8914253160589
410	744.31	40.3505667935829
410	749.058	8.14953095192828
410	753.808	1.74584844011012
410	758.558	64.1249318666433
410	763.31	21.8008670645858
410	768.062	38.0497432369068
410	772.815	17.8683404381937
410	777.57	4.20840941052587
410	782.325	46.5256339775218
410	787.081	-13.1665249964028
410	791.838	8.75814138087954
410	796.596	10.9147109335185
410	801.355	-6.00034696758514
410	806.114	6.4179369147086
410	810.875	9.83991595272636
410	815.635	49.6495862757101
410	820.397	106.145601845412
410	825.159	112.126179069347
405	248.336	-36.617774399705
405	252.814	-50.8941259358528
405	257.296	-24.1063623287555
405	261.781	7.06698124388507
405	266.271	-15.4811448697841
405	270.764	-5.53189291257841
405	275.26	14.6222470222022
405	279.76	28.956835589047
405	284.264	-5.01101878135739
405	288.772	22.7390368586545
405	293.283	-32.6930389882279
405	297.797	7.91324412017377
405	302.315	35.3869228099099
405	306.837	-12.049377615591
405	311.362	-9.02601431092509
405	315.89	-0.428317903798787
405	320.422	-5.59051693379034
405	324.958	-5.76865307670473
405	329.496	-13.9961447878997
405	334.038	14.5411173917909
405	338.584	38.5347178735215
405	343.133	57.520775249389
405	347.685	10.0064950204257
405	352.24	17.0605358596218
405	356.799	13.0561309166867
405	361.361	21.1265221973732
405	365.926	61.692896677793
405	370.495	145.265153372974
405	375.067	198.303919740506
405	379.641	225.558662963308
405	384.219	275.454667786166
405	388.801	261.112925473251
405	393.385	201.697331523573
405	397.972	602.055083117021
405	402.562	7409.1847088022
405	407.156	3607.91881504292
405	411.752	5028.75304074923
405	416.352	216.605016368336
405	420.954	74.2223603440959
405	425.56	83.41992199035
405	430.168	87.3813808063918
405	434.779	136.626715713483
405	439.393	155.646322007877
405	444.01	164.079137417106
405	448.63	166.392039981555
405	453.253	178.000774877956
405	457.878	196.528434180315
405	462.506	241.204090440222
405	467.137	269.485353868216
405	471.771	272.216840917286
405	476.407	265.921928550889
405	481.047	266.553066953098
405	485.688	274.868015232252
405	490.333	252.867374878189
405	494.979	281.467582220683
405	499.629	250.931827705612
405	504.281	249.620097748891
405	508.936	243.967510565925
405	513.593	213.97720746313
405	518.252	226.8211737429
405	522.914	222.119570303728
405	527.579	224.248310145589
405	532.245	180.429680797736
405	536.915	163.348570474875
405	541.586	166.144760054661
405	546.26	169.42341645999
405	550.936	160.205796457523
405	555.615	140.384431324933
405	560.296	148.981937930364
405	564.979	124.20286102445
405	569.664	94.5663201130559
405	574.351	104.879381479184
405	579.04	118.389073808397
405	583.732	87.8653667574754
405	588.426	71.5892501591474
405	593.121	54.4659358049989
405	597.819	62.2357623820021
405	602.519	81.4731159721967
405	607.221	110.068775102399
405	611.924	91.3331586023925
405	616.63	90.2450145493957
405	621.338	112.186004446906
405	626.047	89.3270995623826
405	630.758	72.2287477792109
405	635.471	66.5977783398106
405	640.186	65.9923631006057
405	644.903	103.99018024769
405	649.621	113.69121596641
405	654.341	121.535452770358
405	659.063	129.450845184803
405	663.787	165.078448661794
405	668.512	164.389427501756
405	673.238	143.72223985258
405	677.967	139.224434482918
405	682.696	127.138020812844
405	687.428	118.737318877637
405	692.16	72.6861165771613
405	696.895	73.9965737100952
405	701.63	40.4025714874908
405	706.367	45.4767756649649
405	711.106	67.8783119554649
405	715.845	48.6219112642709
405	720.586	38.4811491028013
405	725.329	28.9973246871681
405	730.072	30.9203697094881
405	734.817	48.6795998943885
405	739.563	-20.4061055366489
405	744.31	16.5910586728926
405	749.058	-5.88615983034207
405	753.808	-18.0052949774389
405	758.558	57.3504805150571
405	763.31	59.9364313244221
405	768.062	9.19688533261926
405	772.815	18.379573657532
405	777.57	8.39067574281524
405	782.325	47.1065347618797
405	787.081	19.5552480591061
405	791.838	19.5357411273833
405	796.596	-18.3274522247615
405	801.355	13.1120181908224
405	806.114	66.914294142771
405	810.875	137.448358763093
405	815.635	153.725045159373
405	820.397	116.648689819431
405	825.159	57.4185677613533
400	248.336	-29.4031347958984
400	252.814	-21.8756235178611
400	257.296	10.032363094041
400	261.781	13.9303723190182
400	266.271	1.63487207156196
400	270.764	-26.1680430161776
400	275.26	6.40361365328774
400	279.76	20.2352281806596
400	284.264	-3.94828538987747
400	288.772	47.6173124976644
400	293.283	-2.24015095396359
400	297.797	-9.09837955353916
400	302.315	21.2638071317374
400	306.837	-27.5706979241824
400	311.362	-8.89673067580696
400	315.89	-13.9655580879148
400	320.422	-0.848282277003172
400	324.958	8.30653914230954
400	329.496	11.5678282587568
400	334.038	12.0872898000768
400	338.584	41.5431054915767
400	343.133	72.3058737126854
400	347.685	8.51031054890846
400	352.24	59.9710301236753
400	356.799	28.4757122399731
400	361.361	133.677584130216
400	365.926	293.683280508269
400	370.495	595.959573109131
400	375.067	768.189149269587
400	379.641	558.41660948824
400	384.219	353.782483188201
400	388.801	280.108736374633
400	393.385	1466.76440906658
400	397.972	11692.0879724118
400	402.562	3162.02877696306
400	407.156	8299.14054708219
400	411.752	213.477580694582
400	416.352	107.598432668795
400	420.954	97.6174706759649
400	425.56	144.529355634692
400	430.168	142.125146938267
400	434.779	183.02441081835
400	439.393	180.788154371715
400	444.01	188.117676554037
400	448.63	199.114909510276
400	453.253	215.328281547775
400	457.878	228.957030296753
400	462.506	269.401267243942
400	467.137	289.90701982873
400	471.771	299.979282562491
400	476.407	287.488707747356
400	481.047	287.420332687834
400	485.688	285.743061311339
400	490.333	257.558626500847
400	494.979	294.442848991308
400	499.629	283.741898217579
400	504.281	280.942789514028
400	508.936	241.022641936453
400	513.593	262.881004109428
400	518.252	225.032209973753
400	522.914	209.190488865268
400	527.579	244.286370006889
400	532.245	212.628873299628
400	536.915	175.317657765944
400	541.586	180.402107122611
400	546.26	190.890530866393
400	550.936	181.362498664679
400	555.615	165.627768110114
400	560.296	152.480822572032
400	564.979	128.748424259996
400	569.664	103.429240405837
400	574.351	120.789619785408
400	579.04	119.921061809313
400	583.732	70.834991257657
400	588.426	71.863756926254
400	593.121	70.8965817687007
400	597.819	84.6604081322686
400	602.519	101.786063761452
400	607.221	98.6336731156308
400	611.924	128.673710199324
400	616.63	141.524296707072
400	621.338	116.827390131354
400	626.047	112.318394520395
400	630.758	90.3914936774599
400	635.471	67.4168255971873
400	640.186	101.31785382442
400	644.903	102.837290527925
400	649.621	151.097246228905
400	654.341	143.707845013248
400	659.063	169.450099453875
400	663.787	177.596178651482
400	668.512	188.606199073563
400	673.238	140.073674087628
400	677.967	136.019076918704
400	682.696	125.681387106289
400	687.428	122.576292891369
400	692.16	99.2360001217609
400	696.895	66.066586513857
400	701.63	66.6248323193598
400	706.367	43.5792063257128
400	711.106	68.1346593136362
400	715.845	42.8649075154928
400	720.586	29.0692814476464
400	725.329	47.3402631389132
400	730.072	58.3618226421013
400	734.817	29.3890251892594
400	739.563	17.4853870812307
400	744.31	20.7665762826683
400	749.058	31.2452813413993
400	753.808	-11.8336344825554
400	758.558	58.8349630486964
400	763.31	37.3295399260535
400	768.062	-8.58959485420501
400	772.815	11.9151630040009
400	777.57	15.5627130731229
400	782.325	50.3725300740465
400	787.081	7.09599604500377
400	791.838	72.4380955753323
400	796.596	198.140942555945
400	801.355	308.23812840183
400	806.114	333.630311773901
400	810.875	151.436706158878
400	815.635	45.4290584702766
400	820.397	9.3536201969557
400	825.159	20.4925585979021
395	248.336	-34.8626767270294
395	252.814	3.51994824576183
395	257.296	-19.9013357972904
395	261.781	26.2627275673249
395	266.271	2.56350819775025
395	270.764	-13.3602118589068
395	275.26	40.7641692736147
395	279.76	38.1457658257136
395	284.264	-12.5660115919204
395	288.772	14.9671337145064
395	293.283	-2.1055872775965
395	297.797	-2.43933812481769
395	302.315	24.0527176068406
395	306.837	13.2000811760746
395	311.362	14.7861410482954
395	315.89	-20.3347060920536
395	320.422	12.7913131398658
395	324.958	29.6923992504768
395	329.496	26.4363910779321
395	334.038	65.0307049514708
395	338.584	76.2610117735155
395	343.133	89.643096617747
395	347.685	30.4483457797879
395	352.24	54.4430168192299
395	356.799	299.852346160643
395	361.361	827.655004585437
395	365.926	1429.30639547655
395	370.495	1498.43103927699
395	375.067	798.210985312952
395	379.641	365.606687131383
395	384.219	454.217248898637
395	388.801	2579.70216884414
395	393.385	9550.53464750035
395	397.972	1581.59824490943
395	402.562	12475.6857730223
395	407.156	235.924454319042
395	411.752	126.777222380256
395	416.352	145.599153229993
395	420.954	123.574920014842
395	425.56	157.039841153147
395	430.168	192.380370784655
395	434.779	220.833993833304
395	439.393	239.480996137359
395	444.01	235.529635492555
395	448.63	265.686311834259
395	453.253	270.887645656569
395	457.878	321.900292417491
395	462.506	317.241231465376
395	467.137	326.855726832229
395	471.771	318.065398651517
395	476.407	324.540458649384
395	481.047	311.94896655545
395	485.688	329.153532343968
395	490.333	300.907939846177
395	494.979	334.776861203206
395	499.629	318.003512458614
395	504.281	303.735097190519
395	508.936	286.21644801457
395	513.593	267.816264312187
395	518.252	255.86573123731
395	522.914	235.811557469649
395	527.579	241.786279962503
395	532.245	213.371442540198
395	536.915	212.285602818141
395	541.586	191.968803764697
395	546.26	204.058749016117
395	550.936	162.46020103776
395	555.615	154.116035733716
395	560.296	161.019216886357
395	564.979	142.39349189081
395	569.664	128.043876427439
395	574.351	112.388209746682
395	579.04	118.617188298882
395	583.732	100.213920014091
395	588.426	92.6326546582321
395	593.121	69.9800572055524
395	597.819	71.0354541628305
395	602.519	104.851373514722
395	607.221	130.726812964402
395	611.924	151.987514498076
395	616.63	120.08398874466
395	621.338	96.0399814300833
395	626.047	111.230462492367
395	630.758	85.9175002818607
395	635.471	111.937349523646
395	640.186	109.432472160118
395	644.903	137.409568903681
395	649.621	138.318689042892
395	654.341	149.648761426755
395	659.063	154.46620893131
395	663.787	192.740813298053
395	668.512	176.764238764303
395	673.238	153.320241001571
395	677.967	166.597956094024
395	682.696	135.284683131685
395	687.428	109.969416903778
395	692.16	94.7147792572722
395	696.895	90.0383868975569
395	701.63	31.803061578657
395	706.367	31.4056636260424
395	711.106	66.9944522751061
395	715.845	62.2270029466569
395	720.586	37.3510162395826
395	725.329	30.5625200124105
395	730.072	19.4301410567867
395	734.817	17.1229345784419
395	739.563	20.6168718622133
395	744.31	22.0878192222666
395	749.058	-23.5558117626169
395	753.808	-8.99665807395464
395	758.558	41.0564007066676
395	763.31	38.7632910336017
395	768.062	39.1402620308308
395	772.815	27.8735752577797
395	777.57	53.6667803694103
395	782.325	195.137132425219
395	787.081	465.857143813755
395	791.838	725.360074734752
395	796.596	580.739999422108
395	801.355	249.201860389073
395	806.114	50.0190222493101
395	810.875	33.6139697649939
395	815.635	-0.831505373863619
395	820.397	4.21035603760824
395	825.159	11.3424606397178
390	248.336	-9.1815535450413
390	252.814	-12.0009373348252
390	257.296	5.43915121157433
390	261.781	9.03508240510866
390	266.271	4.59154745893455
390	270.764	10.2127210317325
390	275.26	16.9916205238202
390	279.76	17.0203605833774
390	284.264	12.9607267701661
390	288.772	30.607472919244
390	293.283	-12.1644030358075
390	297.797	-29.2332117263217
390	302.315	24.7155895695774
390	306.837	-13.1135165737782
390	311.362	-6.35651799903932
390	315.89	8.32663594931056
390	320.422	-9.93394237772408
390	324.958	-4.92762054375039
390	329.496	14.1630860890283
390	334.038	59.5700648460344
390	338.584	8.77825991401554
390	343.133	57.6994142786273
390	347.685	40.2762609158246
390	352.24	132.730794744496
390	356.799	192.231480522877
390	361.361	357.757118374145
390	365.926	345.783958579576
390	370.495	353.352840624778
390	375.067	292.82485720111
390	379.641	234.457630166608
390	384.219	1438.22102323293
390	388.801	8038.41445983074
390	393.385	2630.74315709194
390	397.972	3170.98686810003
390	402.562	92.5281461755353
390	407.156	78.8367929948129
390	411.752	115.835376300172
390	416.352	108.578658704357
390	420.954	107.710787346945
390	425.56	141.559906810391
390	430.168	178.892253199276
390	434.779	216.143599854984
390	439.393	233.372994707807
390	444.01	264.735124317829
390	448.63	289.094571508679
390	453.253	279.631377177055
390	457.878	324.846806767173
390	462.506	321.774015409736
390	467.137	333.664663596006
390	471.771	336.121916670417
390	476.407	346.572927253494
390	481.047	331.05213461753
390	485.688	310.982431763
390	490.333	319.279146498134
390	494.979	320.053012722173
390	499.629	313.291057997164
390	504.281	290.14529373227
390	508.936	286.05513468699
390	513.593	249.409678463434
390	518.252	247.890339287827
390	522.914	252.688023662258
390	527.579	221.748108801003
390	532.245	206.280586126329
390	536.915	181.110185063286
390	541.586	209.519239124276
390	546.26	189.302272169707
390	550.936	189.558129654235
390	555.615	145.160745930029
390	560.296	131.326373000433
390	564.979	148.012935546199
390	569.664	112.487152019283
390	574.351	120.412054226069
390	579.04	136.158802573353
390	583.732	85.4040855811771
390	588.426	90.7959856279716
390	593.121	72.9309097809632
390	597.819	79.6217161862274
390	602.519	89.3726328324813
390	607.221	107.958141890518
390	611.924	126.628215399681
390	616.63	143.278339452896
390	621.338	91.1398160830241
390	626.047	109.83670054897
390	630.758	84.0103142842653
390	635.471	100.104973963055
390	640.186	87.5004812693008
390	644.903	132.759949120349
390	649.621	163.296938010527
390	654.341	148.295288850592
390	659.063	144.234046164598
390	663.787	168.167468652356
390	668.512	151.38296772222
390	673.238	125.763927879987
390	677.967	125.220331476595
390	682.696	148.107227486202
390	687.428	115.942980081845
390	692.16	76.4650888368578
390	696.895	44.525056296906
390	701.63	39.1956994325261
390	706.367	40.8202810424678
390	711.106	54.0988450106503
390	715.845	55.9009260531664
390	720.586	36.304070906109
390	725.329	17.9730922083435
390	730.072	27.740858900407
390	734.817	25.1043883173889
390	739.563	25.391535912759
390	744.31	24.0139848309963
390	749.058	18.3885611373499
390	753.808	-0.865170981108442
390	758.558	56.416249788361
390	763.31	23.0119854739128
390	768.062	39.761014713758
390	772.815	68.2901445353578
390	777.57	167.570877521162
390	782.325	307.943311149147
390	787.081	254.445654832966
390	791.838	156.516926167053
390	796.596	25.1010382168511
390	801.355	18.3556124291094
390	806.114	21.2854189345319
390	810.875	-6.69217999466433
390	815.635	-5.84941194452031
390	820.397	-30.0563099833934
390	825.159	9.17967987979801
385	248.336	-27.8903849292221
385	252.814	-20.8146190985725
385	257.296	0.480348119667573
385	261.781	6.80156520686878
385	266.271	-29.1647505352294
385	270.764	0.991301303041028
385	275.26	29.0542420180257
385	279.76	20.2468208143609
385	284.264	3.13404401516696
385	288.772	31.3522857342014
385	293.283	-9.73993780634894
385	297.797	-3.13773544328029
385	302.315	33.5709761448645
385	306.837	-16.1516528736803
385	311.362	19.9896998200824
385	315.89	-12.660430037947
385	320.422	4.2438772830221
385	324.958	-8.32146009057191
385	329.496	-11.2888772896046
385	334.038	44.2976412721399
385	338.584	40.9557339491304
385	343.133	85.4763381135121
385	347.685	72.4838913222862
385	352.24	193.113386476099
385	356.799	312.910359755223
385	361.361	344.886034543283
385	365.926	294.569192664422
385	370.495	262.101994242785
385	375.067	226.263702962419
385	379.641	1661.31696948698
385	384.219	6331.03040650112
385	388.801	3000.75789664929
385	393.385	2145.90399567083
385	397.972	50.7123258790479
385	402.562	100.415873353243
385	407.156	66.2953713353608
385	411.752	113.64625675852
385	416.352	129.595813591198
385	420.954	158.213290829844
385	425.56	173.239676772745
385	430.168	208.706651428603
385	434.779	259.93011763538
385	439.393	250.84090059848
385	444.01	296.924415652237
385	448.63	322.322505670081
385	453.253	300.291886754619
385	457.878	300.738432502056
385	462.506	369.699278279914
385	467.137	365.273422516907
385	471.771	364.189722775686
385	476.407	358.610995118769
385	481.047	329.141093777264
385	485.688	333.64402654722
385	490.333	315.511797689666
385	494.979	338.512153096878
385	499.629	323.127416937778
385	504.281	283.590667565839
385	508.936	275.432183913283
385	513.593	271.05531693997
385	518.252	272.744119825526
385	522.914	237.640379692574
385	527.579	226.361149074909
385	532.245	221.267816807502
385	536.915	191.808101910363
385	541.586	193.982762099248
385	546.26	174.36329117808
385	550.936	169.98341095188
385	555.615	160.26305450499
385	560.296	175.814194257539
385	564.979	151.447695363938
385	569.664	99.1030623808201
385	574.351	123.383432133706
385	579.04	134.842777530333
385	583.732	90.1833678934084
385	588.426	61.3324211750407
385	593.121	85.9861812841383
385	597.819	83.4777622157717
385	602.519	108.515353619858
385	607.221	91.9733133252183
385	611.924	128.249463534218
385	616.63	116.810044550205
385	621.338	88.9323910532021
385	626.047	77.649801161935
385	630.758	98.1771011239549
385	635.471	78.7561675078294
385	640.186	86.0757249233005
385	644.903	109.482887469314
385	649.621	129.426453545758
385	654.341	115.485610485658
385	659.063	136.999887287673
385	663.787	146.931375887927
385	668.512	148.398258959334
385	673.238	115.146796557939
385	677.967	112.094081433012
385	682.696	104.362742103368
385	687.428	104.735870738926
385	692.16	82.4330590215189
385	696.895	39.8571875969884
385	701.63	53.4532987940633
385	706.367	48.5014501482166
385	711.106	62.2066653990562
385	715.845	20.2231230344409
385	720.586	42.0517230028635
385	725.329	20.8999887238979
385	730.072	30.3765263190518
385	734.817	-3.91424644409603
385	739.563	4.37085232221294
385	744.31	27.6730109103245
385	749.058	-25.0894818877848
385	753.808	-5.34897211205731
385	758.558	48.3483855440333
385	763.31	64.3433039675682
385	768.062	164.589645413077
385	772.815	267.060043184448
385	777.57	188.198741372008
385	782.325	151.110344070525
385	787.081	-1.33511727121692
385	791.838	35.3922926858438
385	796.596	-2.34178454305619
385	801.355	14.554304371552
385	806.114	40.0130106652348
385	810.875	4.05330352810443
385	815.635	3.64383282295364
385	820.397	5.66300594010835
385	825.159	16.9794798358761
380	248.336	1.14757856214517
380	252.814	-22.5033579141614
380	257.296	-21.354257040948
380	261.781	8.29720200584421
380	266.271	-1.40514176622607
380	270.764	-32.8398971300434
380	275.26	61.0956505566827
380	279.76	26.7899577711447
380	284.264	44.1980097606692
380	288.772	34.9601960870665
380	293.283	7.319401899523
380	297.797	-14.9103514278132
380	302.315	15.7426889427089
380	306.837	8.4041678613205
380	311.362	-1.08461742668249
380	315.89	6.56112357495407
380	320.422	14.5967187968919
380	324.958	5.28058280713744
380	329.496	0.393928361306081
380	334.038	44.336086709347
380	338.584	73.0894222824024
380	343.133	172.570812200959
380	347.685	221.96257895513
380	352.24	335.373466656751
380	356.799	353.745637587921
380	361.361	385.666651599798
380	365.926	292.587325663477
380	370.495	269.214412986743
380	375.067	2349.79388163696
380	379.641	3918.19935224384
380	384.219	3218.24846814311
380	388.801	1888.05161972167
380	393.385	84.2173370223676
380	397.972	90.9568501127786
380	402.562	98.1697322700881
380	407.156	90.9130195129752
380	411.752	158.179219211497
380	416.352	161.922750840169
380	420.954	164.759322080847
380	425.56	206.930274231052
380	430.168	249.884900104564
380	434.779	280.662607298132
380	439.393	308.953564369518
380	444.01	337.498401675441
380	448.63	347.450786502738
380	453.253	348.440208553984
380	457.878	376.362599551611
380	462.506	386.410117416467
380	467.137	379.859356073809
380	471.771	372.66802642388
380	476.407	366.17440633852
380	481.047	377.829031966149
380	485.688	365.920114409552
380	490.333	359.211541867845
380	494.979	346.531603331191
380	499.629	332.347326273693
380	504.281	311.641751044059
380	508.936	293.8859205648
380	513.593	253.977863931973
380	518.252	268.44615573609
380	522.914	231.695407565904
380	527.579	238.449813369826
380	532.245	216.68879181605
380	536.915	193.526219487154
380	541.586	189.610209558768
380	546.26	196.45198549212
380	550.936	191.720592857934
380	555.615	142.854831036193
380	560.296	138.862479262815
380	564.979	137.657424629058
380	569.664	116.0644075138
380	574.351	108.713388094782
380	579.04	121.191436709106
380	583.732	94.8696441528382
380	588.426	84.56793876769
380	593.121	84.7071824387315
380	597.819	77.184457952981
380	602.519	96.5820324077808
380	607.221	94.5408363731504
380	611.924	114.598758107936
380	616.63	119.44956474364
380	621.338	87.0684257885794
380	626.047	81.2346638463937
380	630.758	71.3809126751352
380	635.471	93.2353158153784
380	640.186	63.409934914198
380	644.903	100.729259196386
380	649.621	104.376271105955
380	654.341	96.3418562257724
380	659.063	94.551162865627
380	663.787	127.517861171741
380	668.512	125.513962306882
380	673.238	84.8495517953281
380	677.967	122.819377149757
380	682.696	103.088066726646
380	687.428	94.2208878660896
380	692.16	56.4936755102717
380	696.895	44.0486411055387
380	701.63	38.82059563135
380	706.367	29.7306855181057
380	711.106	40.775811564212
380	715.845	26.0585125917291
380	720.586	21.0418268380417
380	725.329	33.0452815962604
380	730.072	24.0136678351507
380	734.817	48.7331967462758
380	739.563	15.8150913312514
380	744.31	26.2518302332973
380	749.058	-3.82986081862246
380	753.808	39.9874012665505
380	758.558	207.464539849143
380	763.31	281.649296798071
380	768.062	260.852878157698
380	772.815	85.8276449287585
380	777.57	18.0254369488318
380	782.325	51.0139087994505
380	787.081	21.3926840809185
380	791.838	19.6254646454156
380	796.596	-16.4333561181537
380	801.355	-8.43367767851912
380	806.114	39.8755923408428
380	810.875	4.99227009538598
380	815.635	-11.8830538814665
380	820.397	4.98961388878124
380	825.159	9.59188106708325
375	248.336	14.1576629588721
375	252.814	-17.8550372284451
375	257.296	-36.6483833945902
375	261.781	9.85579194206107
375	266.271	-19.5944876821546
375	270.764	0.457815442109092
375	275.26	28.1328531211776
375	279.76	9.97922162165655
375	284.264	19.4154828164965
375	288.772	32.0270132361144
375	293.283	-22.0694979524438
375	297.797	3.2736296996663
375	302.315	41.9821990264834
375	306.837	-2.11521029240459
375	311.362	8.8797702707076
375	315.89	0.371015688713829
375	320.422	0.372264229418029
375	324.958	29.6462143792869
375	329.496	38.7364797708604
375	334.038	83.5920094092674
375	338.584	145.522185899157
375	343.133	301.558382682295
375	347.685	405.998127914162
375	352.24	400.202722469801
375	356.799	346.988517828912
375	361.361	311.468616531034
375	365.926	281.412600675058
375	370.495	2823.83674380177
375	375.067	2414.86607368537
375	379.641	3694.34025910424
375	384.219	1953.36946560913
375	388.801	94.8092563622427
375	393.385	74.7299862945872
375	397.972	102.882488047165
375	402.562	138.705829516586
375	407.156	131.289659998317
375	411.752	162.076309297329
375	416.352	194.36866363338
375	420.954	222.587218385255
375	425.56	256.600628323809
375	430.168	280.521832983403
375	434.779	351.070029921322
375	439.393	366.362246158146
375	444.01	354.662788062197
375	448.63	375.289106714522
375	453.253	375.336437256112
375	457.878	397.542676666318
375	462.506	402.247416218943
375	467.137	420.302194327615
375	471.771	389.910133402043
375	476.407	387.649781809742
375	481.047	381.72569840139
375	485.688	380.041614629129
375	490.333	342.888021884396
375	494.979	357.066487109192
375	499.629	337.74555990794
375	504.281	339.12236732264
375	508.936	281.249228005785
375	513.593	276.285440643361
375	518.252	262.688963612982
375	522.914	238.863757287681
375	527.579	247.959279535203
375	532.245	214.908168525233
375	536.915	208.023251850116
375	541.586	184.022712369033
375	546.26	189.891408148535
375	550.936	193.40730620086
375	555.615	152.225029186989
375	560.296	133.907986571675
375	564.979	156.661228026716
375	569.664	125.127210712552
375	574.351	120.251829399282
375	579.04	124.328291512517
375	583.732	88.914915824077
375	588.426	107.566761064074
375	593.121	62.3719860495251
375	597.819	81.7097489047696
375	602.519	86.5686776926426
375	607.221	103.227272654274
375	611.924	97.6328884435662
375	616.63	93.2248043465097
375	621.338	93.9615928383009
375	626.047	80.4261964115382
375	630.758	69.3770055254857
375	635.471	80.711685830518
375	640.186	58.9264957297437
375	644.903	86.3451092766896
375	649.621	97.1244376149428
375	654.341	88.3121710278432
375	659.063	113.044880215857
375	663.787	100.238220627415
375	668.512	108.43019940261
375	673.238	90.2584898918745
375	677.967	88.6321270019891
375	682.696	104.817323473705
375	687.428	94.8989860585246
375	692.16	65.6192523937563
375	696.895	37.4188536558882
375	701.63	38.4072986460527
375	706.367	41.2774127332671
375	711.106	48.6643726805324
375	715.845	32.3580448204514
375	720.586	37.3716795148325
375	725.329	8.57718574413115
375	730.072	30.5282527147542
375	734.817	49.1781609421654
375	739.563	20.501021453166
375	744.31	88.0378943703782
375	749.058	215.669485830621
375	753.808	331.075894978411
375	758.558	266.123450131885
375	763.31	131.750728470638
375	768.062	42.321740155788
375	772.815	-6.37061077528281
375	777.57	15.0565881841142
375	782.325	6.19045170489757
375	787.081	2.5558454378229
375	791.838	38.5649650351387
375	796.596	6.91320266633558
375	801.355	13.0454277994874
375	806.114	20.1310261567513
375	810.875	13.4243542755262
375	815.635	5.95432418568546
375	820.397	-6.32889233363173
375	825.159	10.4431779331245
370	248.336	-15.0663548853339
370	252.814	-7.48188200179255
370	257.296	-24.3826649367325
370	261.781	9.71974793482837
370	266.271	2.69618462558069
370	270.764	-4.04635572715016
370	275.26	36.094373148736
370	279.76	32.9514286612651
370	284.264	31.3601631113497
370	288.772	32.730931304193
370	293.283	3.32520781390727
370	297.797	-3.57049977168287
370	302.315	43.8504697387653
370	306.837	3.15092274271781
370	311.362	6.64301756627901
370	315.89	12.2200177168441
370	320.422	4.89815483718551
370	324.958	23.8131265021368
370	329.496	99.105179373459
370	334.038	234.939300502613
370	338.584	339.80454689589
370	343.133	407.985377877539
370	347.685	319.469530263866
370	352.24	406.692387933294
370	356.799	458.216805990297
370	361.361	430.125087158007
370	365.926	4095.35413248994
370	370.495	355.548004464035
370	375.067	5014.01046543755
370	379.641	1356.80548501772
370	384.219	83.2154777276283
370	388.801	101.760556125003
370	393.385	112.761446772624
370	397.972	122.105254583011
370	402.562	165.653988000577
370	407.156	154.395230564363
370	411.752	192.849744828434
370	416.352	220.925454841944
370	420.954	251.714085078318
370	425.56	329.485472801355
370	430.168	334.989306453613
370	434.779	377.629959730978
370	439.393	377.035967855688
370	444.01	390.444483658488
370	448.63	401.953378287286
370	453.253	420.12121936325
370	457.878	424.565007397139
370	462.506	442.875627452633
370	467.137	412.810088600783
370	471.771	407.094939936555
370	476.407	403.988604564462
370	481.047	391.151349035005
370	485.688	372.625760195396
370	490.333	356.492139760443
370	494.979	369.699881013891
370	499.629	332.467543460391
370	504.281	328.215426855299
370	508.936	288.447327074134
370	513.593	271.371670411486
370	518.252	257.718029632105
370	522.914	252.71834261309
370	527.579	250.69577880534
370	532.245	226.112231196778
370	536.915	191.732425326211
370	541.586	192.636352297003
370	546.26	192.081843079628
370	550.936	166.912387557463
370	555.615	149.560157279132
370	560.296	153.06338959638
370	564.979	147.108489110785
370	569.664	113.583794784212
370	574.351	102.566783182279
370	579.04	113.435613346649
370	583.732	94.4155565462427
370	588.426	88.6456540415005
370	593.121	75.4257077373406
370	597.819	81.3798437023151
370	602.519	96.4276198248102
370	607.221	96.4589734209225
370	611.924	96.8206038197726
370	616.63	101.611192270463
370	621.338	68.1786999975376
370	626.047	77.5455257180546
370	630.758	67.8108051326034
370	635.471	58.8669332588558
370	640.186	65.4953844607596
370	644.903	81.2297483373774
370	649.621	89.3723718751161
370	654.341	77.1798383572786
370	659.063	72.5371418087346
370	663.787	91.8761094733697
370	668.512	94.1729743207557
370	673.238	75.8565766879373
370	677.967	87.6981119634212
370	682.696	84.4348319612256
370	687.428	42.3514802023521
370	692.16	59.0827757726061
370	696.895	54.8299674532682
370	701.63	29.4903694055466
370	706.367	34.2500409746201
370	711.106	36.6714160130525
370	715.845	34.6702800089929
370	720.586	30.9341462955149
370	725.329	25.3306021073758
370	730.072	12.3948826981434
370	734.817	100.185612735239
370	739.563	257.166346471005
370	744.31	363.813292215649
370	749.058	277.679486935772
370	753.808	123.870267626764
370	758.558	41.6542002198003
370	763.31	41.704267802652
370	768.062	16.5256587019553
370	772.815	8.25737665573766
370	777.57	14.4420732062138
370	782.325	19.959103942083
370	787.081	-9.61720068187355
370	791.838	21.3128940855499
370	796.596	-2.12634766808686
370	801.355	-2.93768908252577
370	806.114	22.7825329867062
370	810.875	12.4961366372552
370	815.635	18.0053614658922
370	820.397	3.67587382350016
370	825.159	42.9939862843125
365	248.336	3.65891301183595
365	252.814	-3.94440994551141
365	257.296	-7.80572367553019
365	261.781	4.84003130565319
365	266.271	12.080820432745
365	270.764	-17.4616467276377
365	275.26	17.9649048535846
365	279.76	43.4591072445535
365	284.264	26.7639199239576
365	288.772	29.5161989705021
365	293.283	-14.7038773452934
365	297.797	4.62011414358026
365	302.315	45.7485494499281
365	306.837	-12.196395150653
365	311.362	-0.700713465596028
365	315.89	23.9707200753182
365	320.422	25.3990367754719
365	324.958	92.6341111903612
365	329.496	205.300571702495
365	334.038	356.250355559977
365	338.584	372.643900552553
365	343.133	386.236454054996
365	347.685	392.976211231211
365	352.24	408.84384209599
365	356.799	340.189975227561
365	361.361	4558.5041051918
365	365.926	-8.77762679742591
365	370.495	6141.25239981022
365	375.067	1123.27922845559
365	379.641	104.463494698558
365	384.219	98.2724800769318
365	388.801	128.761874194046
365	393.385	137.869441322691
365	397.972	158.925752254422
365	402.562	209.837575323995
365	407.156	204.697802799898
365	411.752	259.288779052197
365	416.352	305.622522308286
365	420.954	330.602135097178
365	425.56	329.92229245042
365	430.168	376.798579474151
365	434.779	389.610903392669
365	439.393	421.499582619158
365	444.01	430.209070769582
365	448.63	455.211569539912
365	453.253	437.990080885053
365	457.878	453.585906663135
365	462.506	467.105671437751
365	467.137	450.545788418062
365	471.771	438.141060614641
365	476.407	410.625739264071
365	481.047	399.076850238564
365	485.688	397.722357564192
365	490.333	372.508936497932
365	494.979	371.118580050089
365	499.629	347.742811144484
365	504.281	326.759212494104
365	508.936	300.5645704096
365	513.593	278.70876236152
365	518.252	254.319425841429
365	522.914	250.351864200444
365	527.579	239.390691656188
365	532.245	228.590950192878
365	536.915	193.134837951502
365	541.586	183.408813628019
365	546.26	179.227622854736
365	550.936	168.743315836051
365	555.615	154.303677373091
365	560.296	137.893948222674
365	564.979	139.668056592691
365	569.664	115.441894202715
365	574.351	117.228208474222
365	579.04	103.83306980394
365	583.732	83.2200812506586
365	588.426	90.6899059691207
365	593.121	68.2868540296029
365	597.819	77.7338181167832
365	602.519	94.8963100531276
365	607.221	93.2491663819263
365	611.924	97.5183145223054
365	616.63	81.2701778453739
365	621.338	84.4858148201026
365	626.047	79.8035221439331
365	630.758	46.4659519211376
365	635.471	39.458981223682
365	640.186	59.3043276772546
365	644.903	74.0076017527889
365	649.621	77.7777344302381
365	654.341	77.7550318106292
365	659.063	84.6093120393685
365	663.787	77.0066566748098
365	668.512	84.5690032438248
365	673.238	73.2864487338807
365	677.967	78.9613165891482
365	682.696	75.9475592527252
365	687.428	57.8471606733962
365	692.16	32.8586311507759
365	696.895	39.698340569086
365	701.63	18.6792403439588
365	706.367	25.3177113421501
365	711.106	46.05631799991
365	715.845	44.1726518888024
365	720.586	30.0967329720818
365	725.329	134.465106735841
365	730.072	313.934161032607
365	734.817	428.990002498916
365	739.563	300.43262175619
365	744.31	124.435595313967
365	749.058	32.9853668820371
365	753.808	-10.0900366369692
365	758.558	15.2159483293544
365	763.31	39.5824053628544
365	768.062	0.779695492338313
365	772.815	11.3494245010591
365	777.57	9.18818133941839
365	782.325	20.6839311785904
365	787.081	19.9872687890623
365	791.838	47.0118516278904
365	796.596	-7.20679755803236
365	801.355	8.04909352259822
365	806.114	19.7561049708398
365	810.875	28.1698078894676
365	815.635	-2.9286405991022
365	820.397	-8.0511422294653
365	825.159	16.0942067004261
360	248.336	-7.66638759857285
360	252.814	-20.9891189384388
360	257.296	-41.5314800374987
360	261.781	23.260809647142
360	266.271	18.7503058870918
360	270.764	6.25119300825558
360	275.26	52.0283431685189
360	279.76	15.7257696408373
360	284.264	29.9357355462106
360	288.772	29.0609123707091
360	293.283	1.08432951023138
360	297.797	18.7976848369805
360	302.315	29.9518317822926
360	306.837	13.8845756020563
360	311.362	-3.14400760773574
360	315.89	12.7959950241865
360	320.422	62.4236240666021
360	324.958	130.624521919074
360	329.496	262.209723905893
360	334.038	367.663262388744
360	338.584	420.247883562482
360	343.133	502.881504401392
360	347.685	440.680540476897
360	352.24	468.646283622182
360	356.799	5972.08503432499
360	361.361	-2.74039278866985
360	365.926	7390.69494076207
360	370.495	662.15918632573
360	375.067	86.6821893599373
360	379.641	115.744449312236
360	384.219	106.232298248424
360	388.801	152.71409243153
360	393.385	161.754725956089
360	397.972	198.722470557229
360	402.562	241.059149542341
360	407.156	209.159795078268
360	411.752	291.164431773631
360	416.352	348.831871963286
360	420.954	351.059302038361
360	425.56	368.586371605682
360	430.168	408.374085891509
360	434.779	444.532139124641
360	439.393	454.614218692092
360	444.01	465.929887135623
360	448.63	464.896866549006
360	453.253	447.593320720653
360	457.878	467.262659958731
360	462.506	461.542464728019
360	467.137	464.952916560209
360	471.771	447.339263090043
360	476.407	415.50915984757
360	481.047	405.989089023564
360	485.688	379.989772645773
360	490.333	370.34846736545
360	494.979	369.471940322412
360	499.629	343.115553233834
360	504.281	310.518621990247
360	508.936	291.77592880798
360	513.593	270.520815752367
360	518.252	261.693624827167
360	522.914	248.272163848142
360	527.579	241.548812065446
360	532.245	220.103267363158
360	536.915	200.931964501746
360	541.586	172.08745530902
360	546.26	201.218672954651
360	550.936	174.759991703371
360	555.615	148.282223874527
360	560.296	140.148490264311
360	564.979	139.598225159289
360	569.664	98.892989286593
360	574.351	105.831560207506
360	579.04	113.736105642576
360	583.732	83.0137629673998
360	588.426	81.8295838659969
360	593.121	71.1067711656025
360	597.819	78.3638580680975
360	602.519	85.3168077782147
360	607.221	86.9187767901291
360	611.924	83.832728274116
360	616.63	72.8567839743587
360	621.338	74.8542845729586
360	626.047	47.301434460373
360	630.758	55.39162258645
360	635.471	37.8923642754112
360	640.186	63.2861072881477
360	644.903	80.3901775752725
360	649.621	76.0831877234929
360	654.341	64.9886423883382
360	659.063	69.8695267800343
360	663.787	67.1006271501537
360	668.512	70.4631980401034
360	673.238	81.0608935713001
360	677.967	65.6437466128744
360	682.696	70.9111433059509
360	687.428	70.4247578807373
360	692.16	51.4661408803102
360	696.895	30.6826868744609
360	701.63	38.266813644878
360	706.367	64.6705678143074
360	711.106	42.5219264801877
360	715.845	154.839693053919
360	720.586	331.82802589335
360	725.329	437.132303858018
360	730.072	299.674291145024
360	734.817	134.116227540466
360	739.563	33.657268520674
360	744.31	19.18511969914
360	749.058	-23.0561635296979
360	753.808	-17.5300850011587
360	758.558	51.620985301001
360	763.31	42.9745143666875
360	768.062	10.5437640345004
360	772.815	13.2744486123436
360	777.57	-9.16502673746256
360	782.325	28.7353919739084
360	787.081	-2.92194030778893
360	791.838	7.47207028959114
360	796.596	12.6819083414949
360	801.355	5.11555051837757
360	806.114	15.3327751971457
360	810.875	-4.76220880392621
360	815.635	22.9946623552903
360	820.397	-12.0625034401677
360	825.159	12.0321254672772
355	248.336	-21.288968504637
355	252.814	19.8786492960769
355	257.296	-17.9581393263365
355	261.781	-9.11274146836854
355	266.271	-20.7406782520982
355	270.764	-10.1566020183735
355	275.26	25.4976790208898
355	279.76	5.46085661254662
355	284.264	37.9931730002857
355	288.772	26.8413952796067
355	293.283	-2.17830526014931
355	297.797	-16.844028031264
355	302.315	50.6299625873667
355	306.837	11.6742099963305
355	311.362	40.1292578658042
355	315.89	99.0247237435771
355	320.422	191.501873716672
355	324.958	319.075229292648
355	329.496	407.860767388017
355	334.038	431.877978575899
355	338.584	347.292274581005
355	343.133	295.283717602774
355	347.685	405.726522882448
355	352.24	6963.00979486137
355	356.799	-7.24351896909502
355	361.361	8236.48593833319
355	365.926	358.808908521274
355	370.495	105.843852778319
355	375.067	99.5362412331106
355	379.641	143.12165311105
355	384.219	139.546202105143
355	388.801	163.048575956239
355	393.385	200.688214253071
355	397.972	223.796001006671
355	402.562	257.8612537229
355	407.156	292.954817460694
355	411.752	352.917645749218
355	416.352	369.443059765135
355	420.954	386.144050129105
355	425.56	395.193079583622
355	430.168	427.815490483045
355	434.779	452.993821397479
355	439.393	488.643424141314
355	444.01	488.545228750837
355	448.63	476.35785544936
355	453.253	448.273381337577
355	457.878	466.623418718385
355	462.506	463.001763049411
355	467.137	466.028185200084
355	471.771	439.704492324302
355	476.407	418.079750860217
355	481.047	392.330977410583
355	485.688	380.689649797371
355	490.333	352.537853401123
355	494.979	366.765814580515
355	499.629	329.939610748441
355	504.281	324.768200963552
355	508.936	287.452013905641
355	513.593	265.206431381167
355	518.252	254.519679905346
355	522.914	238.324557225024
355	527.579	227.51508784191
355	532.245	206.309093456079
355	536.915	189.241698367758
355	541.586	175.380309850302
355	546.26	185.072064495554
355	550.936	161.854188911977
355	555.615	158.278761049644
355	560.296	137.017967386918
355	564.979	132.854663867281
355	569.664	101.923247369046
355	574.351	118.753835386496
355	579.04	113.489397957766
355	583.732	98.2789485127261
355	588.426	90.5085607113162
355	593.121	78.6183560685165
355	597.819	66.407051019896
355	602.519	68.5606092832107
355	607.221	76.8663558091069
355	611.924	81.4858130537435
355	616.63	80.1513289926582
355	621.338	65.5276690471192
355	626.047	73.8580325687516
355	630.758	48.4215883360535
355	635.471	56.9252518841588
355	640.186	52.6678462674658
355	644.903	48.854232887898
355	649.621	76.7080004837339
355	654.341	56.9825117981212
355	659.063	46.7638008205967
355	663.787	86.1784104170973
355	668.512	67.4732560141459
355	673.238	52.1662577296976
355	677.967	55.3976524497161
355	682.696	64.6578570579587
355	687.428	53.8267428272327
355	692.16	61.897390319164
355	696.895	47.6346849475736
355	701.63	55.6019274863715
355	706.367	205.087353793764
355	711.106	393.976517866717
355	715.845	416.90389348306
355	720.586	248.379262173082
355	725.329	110.863037779758
355	730.072	17.0284063410239
355	734.817	10.5000178843992
355	739.563	9.55981140756824
355	744.31	32.9234758990274
355	749.058	0.721719795982127
355	753.808	3.31532383878752
355	758.558	56.6538232899762
355	763.31	19.1349624448546
355	768.062	2.3168755190603
355	772.815	18.9165243076357
355	777.57	9.84758493092205
355	782.325	26.3983501472308
355	787.081	-5.34133058660095
355	791.838	29.1298302325509
355	796.596	-10.4499904262031
355	801.355	11.9064020673316
355	806.114	23.0899077846716
355	810.875	-12.2717003439765
355	815.635	3.24475192774103
355	820.397	-15.517678018365
355	825.159	12.9872107846819
350	248.336	-2.49676162444416
350	252.814	-18.3730791787202
350	257.296	-32.5516311519468
350	261.781	29.6092464217735
350	266.271	14.8416686329435
350	270.764	-2.61154086857543
350	275.26	24.3817348420538
350	279.76	7.49184515052225
350	284.264	48.6580996628767
350	288.772	29.5532663913773
350	293.283	10.0494930199504
350	297.797	5.91229614873257
350	302.315	59.9687328896209
350	306.837	41.4755062414351
350	311.362	118.830817258913
350	315.89	188.602347041991
350	320.422	329.193898516148
350	324.958	346.366149715586
350	329.496	393.726930978011
350	334.038	408.085085294107
350	338.584	314.801034164737
350	343.133	630.75673843515
350	347.685	8637.34862221385
350	352.24	11.344038109517
350	356.799	7526.6532101881
350	361.361	319.392314254756
350	365.926	76.681511738578
350	370.495	106.271270236136
350	375.067	152.93207312922
350	379.641	122.542851322203
350	384.219	176.398715264131
350	388.801	190.598158616317
350	393.385	202.505598527978
350	397.972	256.598582744144
350	402.562	299.564774067104
350	407.156	340.974903853722
350	411.752	366.384046325678
350	416.352	421.518268423402
350	420.954	406.730718848664
350	425.56	413.544599932947
350	430.168	447.840673131414
350	434.779	488.516396068064
350	439.393	507.238041775597
350	444.01	492.393772113393
350	448.63	480.16309104543
350	453.253	457.22989603171
350	457.878	458.495796937642
350	462.506	461.070185995363
350	467.137	467.305333304184
350	471.771	428.694996558629
350	476.407	404.09061312549
350	481.047	371.717982608022
350	485.688	378.815801228713
350	490.333	339.775107458691
350	494.979	343.894851783421
350	499.629	335.291824900618
350	504.281	300.435441244208
350	508.936	274.235467792853
350	513.593	249.842262237666
350	518.252	242.01613933064
350	522.914	227.991222868379
350	527.579	223.846141695956
350	532.245	199.956786160915
350	536.915	179.619659350454
350	541.586	177.446903745681
350	546.26	169.375544681086
350	550.936	183.441820686795
350	555.615	145.008157958896
350	560.296	137.305512499628
350	564.979	132.182171556467
350	569.664	108.780787929225
350	574.351	95.9974297279628
350	579.04	112.524060594635
350	583.732	93.5418549532401
350	588.426	82.1345535875072
350	593.121	77.5018619694582
350	597.819	92.9233369409913
350	602.519	62.7075010027061
350	607.221	81.7359260154836
350	611.924	71.8322757845713
350	616.63	62.3733095768005
350	621.338	57.2817483805203
350	626.047	47.9572114419467
350	630.758	44.4803654174897
350	635.471	46.8346693557504
350	640.186	45.4819906568076
350	644.903	42.7979763430409
350	649.621	61.707203325708
350	654.341	45.5850007339731
350	659.063	59.8714412865208
350	663.787	57.9601094054375
350	668.512	68.290118279886
350	673.238	75.5443134250433
350	677.967	71.0912375899117
350	682.696	70.932424244599
350	687.428	60.9078934331701
350	692.16	98.1181768401479
350	696.895	257.347558112768
350	701.63	436.701882085544
350	706.367	492.683609051132
350	711.106	306.047506465619
350	715.845	85.908510491665
350	720.586	35.7855406673305
350	725.329	49.2031117065086
350	730.072	16.1643712000558
350	734.817	17.6591797782796
350	739.563	6.65440914018008
350	744.31	13.1009382683087
350	749.058	10.3737698053031
350	753.808	13.8503038951637
350	758.558	50.8423722682703
350	763.31	21.9583320174022
350	768.062	24.0749816790729
350	772.815	-0.379742108733332
350	777.57	1.55957945913378
350	782.325	38.7695914362181
350	787.081	27.6280474107766
350	791.838	29.6324756840298
350	796.596	-2.05239189332955
350	801.355	2.86975909848511
350	806.114	27.1301573971424
350	810.875	5.36612503923236
350	815.635	6.07083698826957
350	820.397	3.93045412259598
350	825.159	2.8599989006279
345	248.336	-22.0919177560218
345	252.814	0.427076182950286
345	257.296	-20.6900711842598
345	261.781	17.567557207413
345	266.271	-20.4820405606167
345	270.764	24.8560054216726
345	275.26	67.4426371858965
345	279.76	39.0105625752048
345	284.264	35.5476306623546
345	288.772	29.5000142042618
345	293.283	-1.07152049004709
345	297.797	-2.07683964858139
345	302.315	82.6613203950052
345	306.837	124.838865831071
345	311.362	288.998541359679
345	315.89	470.456990200045
345	320.422	541.720470278676
345	324.958	522.958651081856
345	329.496	436.683770627046
345	334.038	378.239405891681
345	338.584	934.815345366575
345	343.133	7335.80082433819
345	347.685	-4.96166955924855
345	352.24	8560.19455423756
345	356.799	231.154857647576
345	361.361	125.446123000576
345	365.926	126.571097135259
345	370.495	153.888048874781
345	375.067	194.445695223363
345	379.641	168.935996449685
345	384.219	201.681371092532
345	388.801	236.707334407381
345	393.385	282.333928311391
345	397.972	323.820585269726
345	402.562	363.220717987153
345	407.156	363.181807438423
345	411.752	419.621959970111
345	416.352	428.941828826565
345	420.954	436.455168408064
345	425.56	454.098263271127
345	430.168	466.2442378524
345	434.779	501.361887609647
345	439.393	496.942939460757
345	444.01	496.684156639779
345	448.63	470.193021780709
345	453.253	465.324073133937
345	457.878	457.755464427578
345	462.506	466.961925735078
345	467.137	432.039277873351
345	471.771	416.506530934984
345	476.407	395.477826664117
345	481.047	376.07368400525
345	485.688	344.952571758698
345	490.333	344.19436718481
345	494.979	338.371173973345
345	499.629	295.936747185659
345	504.281	291.292349735089
345	508.936	272.810519526209
345	513.593	234.015841606098
345	518.252	239.675404350278
345	522.914	230.286800640672
345	527.579	217.674672725462
345	532.245	216.109269874834
345	536.915	178.836019802549
345	541.586	171.231488864709
345	546.26	183.524974114915
345	550.936	156.090757061536
345	555.615	138.502616767938
345	560.296	123.22500517306
345	564.979	111.37439169969
345	569.664	110.395878810818
345	574.351	111.082765857524
345	579.04	109.997246797305
345	583.732	73.9775381086575
345	588.426	86.4865747778013
345	593.121	61.214913202537
345	597.819	81.5798389813638
345	602.519	88.6687869875423
345	607.221	82.4201644160896
345	611.924	77.737583881538
345	616.63	76.1135940539626
345	621.338	62.2053443136919
345	626.047	54.0738046288158
345	630.758	44.6913336635428
345	635.471	37.0031809661663
345	640.186	53.7396239091039
345	644.903	62.7828780323178
345	649.621	62.1974601495574
345	654.341	39.8147628678408
345	659.063	53.4320462539986
345	663.787	70.1098722236884
345	668.512	90.0847580618689
345	673.238	58.6604736400042
345	677.967	83.1638908161358
345	682.696	147.317829154544
345	687.428	390.291151998944
345	692.16	724.646701734579
345	696.895	736.01291099817
345	701.63	356.161127764852
345	706.367	78.9257136297469
345	711.106	38.8814834733565
345	715.845	26.8936749742126
345	720.586	8.08870310011534
345	725.329	40.5941975296036
345	730.072	34.3249478478002
345	734.817	29.3827587936634
345	739.563	2.79785769316987
345	744.31	12.7237816465653
345	749.058	22.1368510934378
345	753.808	8.37040518483269
345	758.558	28.5311840940661
345	763.31	30.235674316156
345	768.062	34.3338001614295
345	772.815	-5.33676749554515
345	777.57	19.8402888513226
345	782.325	11.4559544820304
345	787.081	21.0930658010484
345	791.838	19.4512547260721
345	796.596	-1.2374526526961
345	801.355	19.2420023216051
345	806.114	26.3688988262142
345	810.875	1.78223113280479
345	815.635	5.70123205085479
345	820.397	6.41420562504111
345	825.159	8.90850079282526
340	248.336	-9.35682791207006
340	252.814	-9.05160955508827
340	257.296	-14.9234481321481
340	261.781	12.5581962195497
340	266.271	5.73210753337504
340	270.764	3.09144241910765
340	275.26	37.0992164131704
340	279.76	49.8980593269162
340	284.264	57.8645523819279
340	288.772	55.4657700691713
340	293.283	5.80238333258318
340	297.797	68.3026552723563
340	302.315	171.220923191928
340	306.837	220.50175267091
340	311.362	335.275881886356
340	315.89	396.815979614817
340	320.422	426.901786730374
340	324.958	369.479956450759
340	329.496	332.763770916821
340	334.038	1256.2079043681
340	338.584	3436.99931006772
340	343.133	39.2853240247096
340	347.685	4572.21421417019
340	352.24	146.281172295842
340	356.799	86.2224055420965
340	361.361	111.109964664242
340	365.926	130.189705366166
340	370.495	187.878789225462
340	375.067	190.585733681896
340	379.641	204.52702639895
340	384.219	294.877809598075
340	388.801	286.504720141705
340	393.385	352.030964641433
340	397.972	375.397254636442
340	402.562	385.281375139644
340	407.156	422.00197396318
340	411.752	452.828750058471
340	416.352	474.666654876755
340	420.954	465.357353871737
340	425.56	460.209114273401
340	430.168	483.492881817343
340	434.779	510.125783793179
340	439.393	507.283252647321
340	444.01	496.685176521072
340	448.63	472.136123935399
340	453.253	463.838030086112
340	457.878	448.451311111837
340	462.506	460.705500915945
340	467.137	446.686515719275
340	471.771	437.733838624636
340	476.407	387.246895985019
340	481.047	361.444726460391
340	485.688	344.505819840465
340	490.333	331.936383176797
340	494.979	326.305977688667
340	499.629	290.757359918613
340	504.281	290.052204537794
340	508.936	260.956638534233
340	513.593	229.761823561108
340	518.252	232.559477436155
340	522.914	204.534714399204
340	527.579	199.376640245794
340	532.245	195.335296325804
340	536.915	183.153606347292
340	541.586	172.253377558649
340	546.26	159.54663669548
340	550.936	171.626178378747
340	555.615	133.85145708444
340	560.296	132.645997181629
340	564.979	131.535716736459
340	569.664	108.954091378331
340	574.351	104.402352204995
340	579.04	94.0186012391839
340	583.732	87.4658799468201
340	588.426	82.3180725958868
340	593.121	78.4489116560047
340	597.819	58.721611015327
340	602.519	93.6547294698962
340	607.221	64.3726922784837
340	611.924	101.21597549222
340	616.63	52.2942482723528
340	621.338	58.9054358211339
340	626.047	74.2657734918013
340	630.758	54.6452844352633
340	635.471	40.5759906344886
340	640.186	53.1336093451161
340	644.903	56.0919143923709
340	649.621	72.0755643473787
340	654.341	52.3356796818038
340	659.063	76.5634403668561
340	663.787	72.6989386891247
340	668.512	93.8283511902048
340	673.238	137.071520248075
340	677.967	367.200433643901
340	682.696	572.309298555389
340	687.428	510.355475795847
340	692.16	265.292879277815
340	696.895	68.3939611970366
340	701.63	28.8943800434123
340	706.367	2.99474730268404
340	711.106	33.9136714375377
340	715.845	31.2514673999734
340	720.586	19.0735661730606
340	725.329	57.9016039806767
340	730.072	24.2778172603309
340	734.817	29.6871458475386
340	739.563	22.9672645964656
340	744.31	21.7843379383327
340	749.058	-2.51809571076383
340	753.808	-4.77804489809536
340	758.558	35.1937277367877
340	763.31	26.7345744274579
340	768.062	-3.4548563385618
340	772.815	8.86990247664431
340	777.57	-2.73707180983478
340	782.325	19.9574669269297
340	787.081	14.7594693892196
340	791.838	23.7464933756316
340	796.596	-7.50204148426823
340	801.355	16.2020019007764
340	806.114	35.9974634969492
340	810.875	-2.87259994448999
340	815.635	-16.1986985684685
340	820.397	21.6001917018043
340	825.159	12.6017290824949
335	248.336	-15.7696776306534
335	252.814	-12.734763285089
335	257.296	-9.55549498330999
335	261.781	17.2322640272603
335	266.271	10.7973313399891
335	270.764	20.6841994863139
335	275.26	43.1180201464797
335	279.76	46.6112255079783
335	284.264	50.8821193154581
335	288.772	43.1200102222687
335	293.283	149.787714275289
335	297.797	325.352526696778
335	302.315	495.734861893902
335	306.837	517.850480290637
335	311.362	385.962179441059
335	315.89	305.72378918159
335	320.422	312.150074012982
335	324.958	401.038616108969
335	329.496	1874.81000202065
335	334.038	34.0463435320671
335	338.584	22.9062194318285
335	343.133	6426.526331389
335	347.685	198.567757330995
335	352.24	134.959197282811
335	356.799	142.126179798478
335	361.361	151.092307124833
335	365.926	202.368380529491
335	370.495	214.507190203241
335	375.067	209.246669734762
335	379.641	324.794131913532
335	384.219	347.144100025904
335	388.801	354.186601060147
335	393.385	369.683263020712
335	397.972	405.685844127531
335	402.562	412.738730743415
335	407.156	448.466241357228
335	411.752	471.715208525559
335	416.352	504.264979817347
335	420.954	457.809305748925
335	425.56	494.772347883712
335	430.168	507.043059541453
335	434.779	507.764850969662
335	439.393	504.943403702327
335	444.01	497.312541518088
335	448.63	492.74802778161
335	453.253	468.635869129656
335	457.878	451.932267510378
335	462.506	451.323867936307
335	467.137	431.038760871865
335	471.771	411.02388065986
335	476.407	373.549308250954
335	481.047	339.423715798786
335	485.688	338.7274537276
335	490.333	320.013566672208
335	494.979	323.744425156487
335	499.629	307.13898586526
335	504.281	281.199048471854
335	508.936	270.625806792206
335	513.593	228.965403594816
335	518.252	212.276120707601
335	522.914	208.288192059416
335	527.579	212.759162644868
335	532.245	186.932206741876
335	536.915	171.13954947208
335	541.586	167.228010324262
335	546.26	158.316949512984
335	550.936	160.531651203651
335	555.615	137.765892985474
335	560.296	133.680955772677
335	564.979	119.970918177648
335	569.664	107.658963358472
335	574.351	117.088031753805
335	579.04	106.062976002079
335	583.732	86.2084707955069
335	588.426	69.5358144126807
335	593.121	64.4267838549874
335	597.819	74.4243454379935
335	602.519	76.6701106531681
335	607.221	85.4537830674729
335	611.924	85.7120803243439
335	616.63	70.9967689102946
335	621.338	384.193505683228
335	626.047	62.3798299207535
335	630.758	46.0427255442108
335	635.471	55.8552670969356
335	640.186	57.4378762926201
335	644.903	73.0708180801393
335	649.621	95.3658112984177
335	654.341	57.3834976597281
335	659.063	82.4324508483798
335	663.787	172.952623591142
335	668.512	481.553277087294
335	673.238	733.451010378465
335	677.967	691.997791885967
335	682.696	317.421658185177
335	687.428	77.4322755484559
335	692.16	40.5626101818909
335	696.895	32.8728406064475
335	701.63	7.03966111683484
335	706.367	11.8620014822382
335	711.106	9.93838648487675
335	715.845	33.246305769709
335	720.586	13.1965699356582
335	725.329	57.9821912381796
335	730.072	23.3410601527197
335	734.817	3.92040393525168
335	739.563	2.16396689459112
335	744.31	14.9325419550421
335	749.058	5.16654163315255
335	753.808	25.1321909502517
335	758.558	12.6249289853277
335	763.31	10.9367276829201
335	768.062	13.7819065595744
335	772.815	41.2451738532093
335	777.57	30.0488239334369
335	782.325	44.3383227403469
335	787.081	-3.74462675410789
335	791.838	12.9469566821531
335	796.596	-5.0893198354559
335	801.355	-4.02403999316799
335	806.114	17.9888333709569
335	810.875	9.91694264942436
335	815.635	9.54366703649775
335	820.397	1.47384681367792
335	825.159	5.88027261410861
330	248.336	-11.3990428974566
330	252.814	11.4251890353279
330	257.296	-9.88172988283056
330	261.781	11.4766742040901
330	266.271	18.6539984466528
330	270.764	18.6796939796295
330	275.26	54.7792194911147
330	279.76	82.0429588115825
330	284.264	52.8024240817166
330	288.772	234.731899517932
330	293.283	299.74431859034
330	297.797	420.645528072868
330	302.315	443.570640415695
330	306.837	293.048977165642
330	311.362	268.400671870623
330	315.89	294.876206753932
330	320.422	333.088348054471
330	324.958	1931.31489184714
330	329.496	17.5232462598324
330	334.038	43.987726042873
330	338.584	5275.2236144265
330	343.133	252.563542885204
330	347.685	154.344941442081
330	352.24	178.551175374991
330	356.799	179.703029902796
330	361.361	227.943207941651
330	365.926	214.138323094459
330	370.495	267.227532738496
330	375.067	331.48032328889
330	379.641	306.060216253426
330	384.219	385.199470737971
330	388.801	397.475397463008
330	393.385	405.242591256258
330	397.972	440.907888796542
330	402.562	470.022267583096
330	407.156	479.231313748483
330	411.752	498.070926633931
330	416.352	503.523341502213
330	420.954	494.859938399638
330	425.56	517.639872650973
330	430.168	510.433573901037
330	434.779	537.996457889625
330	439.393	496.530198027014
330	444.01	485.7756512782
330	448.63	503.768086071102
330	453.253	471.073239775211
330	457.878	427.514445051833
330	462.506	440.57616119455
330	467.137	425.267122740554
330	471.771	401.728682487274
330	476.407	366.431722252565
330	481.047	354.167316164609
330	485.688	327.459302382417
330	490.333	299.254917585389
330	494.979	322.774775252205
330	499.629	289.505026262092
330	504.281	285.569156871767
330	508.936	244.39851382005
330	513.593	220.744545365856
330	518.252	234.994590809289
330	522.914	194.831370141818
330	527.579	217.036182477334
330	532.245	189.735420791194
330	536.915	162.893539760089
330	541.586	171.591313752645
330	546.26	161.812153475534
330	550.936	166.763582000103
330	555.615	144.217265139873
330	560.296	140.804543869261
330	564.979	138.282691731687
330	569.664	95.5278260205342
330	574.351	120.890769238461
330	579.04	115.01058353862
330	583.732	102.865644257507
330	588.426	77.1949685562109
330	593.121	91.4449377845554
330	597.819	87.442682896498
330	602.519	89.8468961640647
330	607.221	79.367845690319
330	611.924	83.9300393545367
330	616.63	72.4445166021846
330	621.338	62.5947007458728
330	626.047	72.8351424138594
330	630.758	61.1517518298862
330	635.471	82.4666935492635
330	640.186	72.1853784579754
330	644.903	64.006992245368
330	649.621	88.2232798128674
330	654.341	214.239523157535
330	659.063	601.339375141722
330	663.787	959.29946849449
330	668.512	867.823313823142
330	673.238	394.32518063651
330	677.967	67.5478673151627
330	682.696	48.9846382856732
330	687.428	53.407972212305
330	692.16	37.6287899410257
330	696.895	23.4192165201316
330	701.63	31.9562754495104
330	706.367	26.7058557957526
330	711.106	39.4130192181432
330	715.845	18.3363347687411
330	720.586	42.1252520354295
330	725.329	62.3260375622474
330	730.072	-3.64113224703404
330	734.817	14.0491317118447
330	739.563	17.5926171044887
330	744.31	10.6153222475424
330	749.058	-12.514853230082
330	753.808	1.60928760189414
330	758.558	18.6442061904193
330	763.31	15.7548439331472
330	768.062	22.0129947173039
330	772.815	13.8490669943595
330	777.57	14.5485435372047
330	782.325	57.7969772957877
330	787.081	2.60937012928026
330	791.838	37.6566930230753
330	796.596	5.72952332340233
330	801.355	1.14741792136713
330	806.114	25.1229056136018
330	810.875	-1.12307798794548
330	815.635	14.0886977236866
330	820.397	2.28495876830229
330	825.159	8.76230096996943
325	248.336	-18.4123283836832
325	252.814	16.3346862405903
325	257.296	-22.2817276334254
325	261.781	18.3297731580679
325	266.271	32.3553095918481
325	270.764	11.7943973347745
325	275.26	45.6251564371075
325	279.76	92.8929396797239
325	284.264	120.471858785172
325	288.772	257.154100342335
325	293.283	310.194209890783
325	297.797	351.388671009349
325	302.315	404.988421400834
325	306.837	400.441181669486
325	311.362	390.402846815007
325	315.89	418.9929081497
325	320.422	3156.08349635794
325	324.958	1.9238806130561
325	329.496	8.35426366276079
325	334.038	2680.11122480418
325	338.584	290.76858731063
325	343.133	312.919267290646
325	347.685	260.992857734051
325	352.24	248.629144320924
325	356.799	257.237781053774
325	361.361	260.901985683414
325	365.926	288.27775452264
325	370.495	339.10467764256
325	375.067	358.250342736997
325	379.641	411.80808588395
325	384.219	437.40523784856
325	388.801	448.352020156252
325	393.385	473.146228064413
325	397.972	476.710848265048
325	402.562	484.808863167706
325	407.156	515.449728783319
325	411.752	536.755208532676
325	416.352	527.302470202136
325	420.954	523.668611175152
325	425.56	515.329719710058
325	430.168	526.734643413315
325	434.779	540.449565357743
325	439.393	514.935042915775
325	444.01	507.01681604225
325	448.63	478.166330895191
325	453.253	473.276023887898
325	457.878	438.335319850004
325	462.506	439.854008290324
325	467.137	418.104042673016
325	471.771	378.100826011298
325	476.407	369.411510608511
325	481.047	340.419853379409
325	485.688	324.255684804405
325	490.333	303.199653847321
325	494.979	325.720536026165
325	499.629	285.504201129229
325	504.281	273.5511802698
325	508.936	237.271486229971
325	513.593	237.539305896201
325	518.252	231.435574393602
325	522.914	208.574018448876
325	527.579	202.021235889362
325	532.245	203.498910742834
325	536.915	170.872362656916
325	541.586	158.64587510542
325	546.26	163.026140392454
325	550.936	161.424465106777
325	555.615	146.145717292849
325	560.296	142.526527220028
325	564.979	132.378081035639
325	569.664	104.266984460437
325	574.351	103.992280886195
325	579.04	129.544720856587
325	583.732	72.5691750126943
325	588.426	82.1259956255028
325	593.121	73.9052986599794
325	597.819	72.5491329395439
325	602.519	90.3341839858479
325	607.221	91.7598588510212
325	611.924	97.8719585977195
325	616.63	70.9624072548179
325	621.338	60.2418940154605
325	626.047	93.4287591290529
325	630.758	72.6757895268964
325	635.471	70.66195505361
325	640.186	84.3747323550851
325	644.903	302.528565255582
325	649.621	666.798962330108
325	654.341	896.500351258657
325	659.063	677.391929051448
325	663.787	279.390719525035
325	668.512	74.2596786360011
325	673.238	46.079667350557
325	677.967	58.3660643775997
325	682.696	52.254001325869
325	687.428	47.9708484542474
325	692.16	57.5876876227359
325	696.895	30.0801709857465
325	701.63	16.0883321230952
325	706.367	25.5175867488858
325	711.106	28.7793973584012
325	715.845	32.5135666701043
325	720.586	32.5941952195962
325	725.329	59.091578181459
325	730.072	19.3294689159572
325	734.817	10.1414376436796
325	739.563	5.5363539356756
325	744.31	5.195236657388
325	749.058	18.0838938916425
325	753.808	-8.58371763383374
325	758.558	45.8251552471238
325	763.31	3.40206446394985
325	768.062	27.0246390527375
325	772.815	25.2899994523185
325	777.57	14.8647325318942
325	782.325	30.1994498902541
325	787.081	5.93665859275703
325	791.838	51.9374678231967
325	796.596	10.2120215021365
325	801.355	14.4310539747121
325	806.114	38.460116747203
325	810.875	7.22046500145503
325	815.635	1.20684292848151
325	820.397	-3.19779532535635
325	825.159	14.8319340958091
320	248.336	-14.366412337995
320	252.814	15.2078304033361
320	257.296	-13.0088055312401
320	261.781	48.3158063544395
320	266.271	37.2506012665212
320	270.764	37.2806849580673
320	275.26	88.6820271461272
320	279.76	219.224373951906
320	284.264	391.491176735675
320	288.772	606.354200922893
320	293.283	660.244890472713
320	297.797	591.060665487655
320	302.315	554.400145546535
320	306.837	447.005810810959
320	311.362	580.768871294131
320	315.89	6330.53495949691
320	320.422	3.15762807875581
320	324.958	-3.80448088230332
320	329.496	2662.88427741138
320	334.038	736.305631008773
320	338.584	828.703142879131
320	343.133	892.309834774969
320	347.685	840.255018512709
320	352.24	854.544226903257
320	356.799	801.457459608264
320	361.361	879.090755077063
320	365.926	734.144034279647
320	370.495	771.683489354151
320	375.067	732.318830155153
320	379.641	714.246016966575
320	384.219	731.692226328972
320	388.801	681.155471897929
320	393.385	702.203980185021
320	397.972	689.786434185656
320	402.562	719.077188388678
320	407.156	694.982707780285
320	411.752	715.675733472847
320	416.352	712.631863413459
320	420.954	670.594139417114
320	425.56	667.810407287961
320	430.168	656.098102910039
320	434.779	675.513417766612
320	439.393	627.319635845634
320	444.01	598.624981314868
320	448.63	572.629690990562
320	453.253	523.522609563138
320	457.878	519.700695305822
320	462.506	515.680953120805
320	467.137	469.647172135499
320	471.771	439.67350534377
320	476.407	405.807659308531
320	481.047	376.313271558929
320	485.688	392.855558978766
320	490.333	329.712900239241
320	494.979	343.45806767894
320	499.629	316.271824928899
320	504.281	291.632593453929
320	508.936	261.506252148846
320	513.593	239.650359148478
320	518.252	231.817425929779
320	522.914	222.128468997547
320	527.579	218.083841670846
320	532.245	216.774656468534
320	536.915	169.605729894121
320	541.586	164.497239628913
320	546.26	196.832793462437
320	550.936	174.526118634997
320	555.615	133.693216892579
320	560.296	142.042527175418
320	564.979	131.261279677718
320	569.664	127.359646021463
320	574.351	116.19073479243
320	579.04	123.107330231059
320	583.732	91.5281169533417
320	588.426	94.8081475689802
320	593.121	84.9083343468592
320	597.819	77.1953608118961
320	602.519	90.2345504520872
320	607.221	106.81385823421
320	611.924	86.7359482643888
320	616.63	104.781158551849
320	621.338	105.609485841483
320	626.047	110.302097693992
320	630.758	139.202850535598
320	635.471	523.344820120704
320	640.186	1212.05420872584
320	644.903	1477.8085350964
320	649.621	1010.9081369754
320	654.341	305.615862062208
320	659.063	73.8083592572017
320	663.787	82.1135184659254
320	668.512	66.2663332370823
320	673.238	57.8321043841041
320	677.967	81.9967030566246
320	682.696	73.5289761360829
320	687.428	39.2938009328887
320	692.16	43.3025553519322
320	696.895	38.2433023935207
320	701.63	23.9148055616406
320	706.367	24.5894349539553
320	711.106	48.9110947714634
320	715.845	24.7558226398277
320	720.586	38.4166743299384
320	725.329	64.7914929077634
320	730.072	28.9417201982204
320	734.817	32.4114758739655
320	739.563	40.2565334557713
320	744.31	25.583762230293
320	749.058	13.9889698320077
320	753.808	6.05033418872612
320	758.558	61.5549328479109
320	763.31	24.2221959647416
320	768.062	15.8456869256475
320	772.815	13.5729782271884
320	777.57	20.3097998568209
320	782.325	52.0205937840981
320	787.081	14.9244378106933
320	791.838	33.1792036584933
320	796.596	-22.5260281337894
320	801.355	1.2716022893236
320	806.114	38.4761881465199
320	810.875	16.0702631785195
320	815.635	0.427296070358077
320	820.397	-19.8686887637023
320	825.159	9.72609328092399
315	248.336	10.7178200037735
315	252.814	13.3676931626116
315	257.296	24.8812560633887
315	261.781	62.3442202676006
315	266.271	53.5578097513259
315	270.764	102.252916611836
315	275.26	331.904184628258
315	279.76	591.285069843294
315	284.264	685.064136327646
315	288.772	668.24356788114
315	293.283	544.895028358219
315	297.797	541.862250573971
315	302.315	566.100129663371
315	306.837	626.971059817627
315	311.362	9203.5543572134
315	315.89	-16.6244277045807
315	320.422	265.407976428087
315	324.958	2129.68738417976
315	329.496	565.935024228205
315	334.038	837.396404587093
315	338.584	1042.11767084897
315	343.133	1148.66420828659
315	347.685	1041.93571968291
315	352.24	1043.04303760115
315	356.799	1161.99680238671
315	361.361	1076.35136424692
315	365.926	954.404651805105
315	370.495	951.808284372249
315	375.067	949.924588879917
315	379.641	906.220238102908
315	384.219	894.038631021896
315	388.801	848.934579612322
315	393.385	836.748205963492
315	397.972	781.988680326058
315	402.562	761.679321434416
315	407.156	779.762083124227
315	411.752	775.037522447506
315	416.352	798.455095970674
315	420.954	735.998018815007
315	425.56	742.326217371275
315	430.168	704.571315758193
315	434.779	705.2486886567
315	439.393	691.378673574603
315	444.01	639.227789865913
315	448.63	621.202241818712
315	453.253	552.145998459187
315	457.878	549.411809697338
315	462.506	541.005993654478
315	467.137	490.808504790538
315	471.771	481.755558927493
315	476.407	414.020881148985
315	481.047	407.463194748944
315	485.688	377.026114285844
315	490.333	361.030942715091
315	494.979	354.371758290799
315	499.629	330.942526225566
315	504.281	299.924825903614
315	508.936	291.285146851351
315	513.593	245.057509674926
315	518.252	265.539774037297
315	522.914	255.493132229869
315	527.579	235.720160741201
315	532.245	211.84874394742
315	536.915	194.009089931051
315	541.586	188.470423399245
315	546.26	204.035249706609
315	550.936	185.137687524274
315	555.615	179.743277919202
315	560.296	163.442798033064
315	564.979	167.481067721253
315	569.664	128.850771207683
315	574.351	129.309909095431
315	579.04	130.476558114194
315	583.732	121.766094222965
315	588.426	86.9998328658883
315	593.121	82.1119356707161
315	597.819	106.020782825934
315	602.519	107.857229257671
315	607.221	105.083396167706
315	611.924	116.056073902855
315	616.63	114.221868638165
315	621.338	192.770570537579
315	626.047	822.623044399807
315	630.758	1693.2277105752
315	635.471	1925.32263045279
315	640.186	1126.64470907658
315	644.903	339.381100392775
315	649.621	91.3335137894175
315	654.341	70.9660105871743
315	659.063	55.6583716606851
315	663.787	83.3429526692563
315	668.512	75.8522337734034
315	673.238	69.3002212097843
315	677.967	83.9316332759107
315	682.696	96.3750257184945
315	687.428	78.6684092811847
315	692.16	83.1146994526784
315	696.895	71.94763203066
315	701.63	55.8293480925294
315	706.367	43.6942682645403
315	711.106	64.5839517976759
315	715.845	43.8257994534832
315	720.586	71.0159012717437
315	725.329	80.4508862776704
315	730.072	39.61172400535
315	734.817	37.7301493722964
315	739.563	37.2857133514963
315	744.31	11.0788115659447
315	749.058	7.16293971142622
315	753.808	3.18896642357053
315	758.558	43.2317728440752
315	763.31	35.5646138234159
315	768.062	24.8863405369867
315	772.815	-11.4874358991615
315	777.57	0.973951041766316
315	782.325	36.1767485489947
315	787.081	-3.06189900366507
315	791.838	38.6398317558219
315	796.596	-7.77042504154455
315	801.355	14.7485583435885
315	806.114	7.59561602136123
315	810.875	-1.79267723831314
315	815.635	-2.24031957154745
315	820.397	16.9866194450903
315	825.159	-2.68976868081824
310	248.336	-7.070196739587
310	252.814	-2.8301193002323
310	257.296	-10.6122547083474
310	261.781	18.0989543046649
310	266.271	73.6701203060785
310	270.764	180.255831119845
310	275.26	325.856742542684
310	279.76	427.538181843658
310	284.264	467.423225701235
310	288.772	529.217912002234
310	293.283	492.143294864499
310	297.797	435.700123254261
310	302.315	618.203457148615
310	306.837	8837.28474022696
310	311.362	-17.62137901608
310	315.89	3817.85279090201
310	320.422	900.77236438079
310	324.958	425.071433365206
310	329.496	441.409399597356
310	334.038	504.345899726019
310	338.584	630.125919309317
310	343.133	603.724561968078
310	347.685	644.529699523936
310	352.24	545.159383671526
310	356.799	521.681364252488
310	361.361	516.192559688069
310	365.926	517.787136109255
310	370.495	508.723350350129
310	375.067	563.204201148794
310	379.641	514.521529950844
310	384.219	562.968988205274
310	388.801	530.320682057588
310	393.385	565.747576844849
310	397.972	531.451759801974
310	402.562	562.022398196615
310	407.156	560.508156366023
310	411.752	583.953769905177
310	416.352	568.616646296976
310	420.954	544.36588057346
310	425.56	542.886011611124
310	430.168	531.133803193274
310	434.779	554.331081974678
310	439.393	538.474011508077
310	444.01	495.953242382065
310	448.63	470.504674576944
310	453.253	435.934336425248
310	457.878	444.316577929713
310	462.506	433.542232911691
310	467.137	407.713005600108
310	471.771	406.269785510176
310	476.407	359.071393982028
310	481.047	351.204542573786
310	485.688	324.592779895273
310	490.333	313.229770897165
310	494.979	314.115573937766
310	499.629	288.419832158469
310	504.281	271.391591293274
310	508.936	250.153893497064
310	513.593	233.498447879722
310	518.252	249.395828155334
310	522.914	224.58915478405
310	527.579	216.570252200413
310	532.245	214.459961509419
310	536.915	179.142212901413
310	541.586	188.034201143547
310	546.26	200.089145788615
310	550.936	179.413187592406
310	555.615	130.276226453778
310	560.296	150.816854031053
310	564.979	121.276181420753
310	569.664	115.393290842831
310	574.351	140.618608821184
310	579.04	136.030227803306
310	583.732	85.2534153931381
310	588.426	95.4494588099171
310	593.121	68.2617735716005
310	597.819	98.2639227123515
310	602.519	132.050730461444
310	607.221	133.600196784176
310	611.924	235.751997390025
310	616.63	747.619621705473
310	621.338	1331.91741506578
310	626.047	1329.83793552088
310	630.758	745.560309884326
310	635.471	186.403857683861
310	640.186	84.6627113293418
310	644.903	52.9909935588967
310	649.621	78.6672540314234
310	654.341	37.170263067802
310	659.063	73.3817777896495
310	663.787	69.1639849883708
310	668.512	88.0398938136134
310	673.238	52.0734408214465
310	677.967	69.3907869850711
310	682.696	74.756050193331
310	687.428	81.5808322172168
310	692.16	55.7967005939259
310	696.895	23.8118957846486
310	701.63	20.5842014365578
310	706.367	16.4959093432926
310	711.106	26.7749684568206
310	715.845	40.4125424480268
310	720.586	33.8362326761286
310	725.329	58.5879115787022
310	730.072	27.6630927334435
310	734.817	5.02140044163472
310	739.563	3.23262825068921
310	744.31	-14.011900488508
310	749.058	-26.4236649153419
310	753.808	2.4003669697456
310	758.558	51.404576522575
310	763.31	-4.99727070511676
310	768.062	16.6281602737746
310	772.815	8.56259388240361
310	777.57	25.6991252214044
310	782.325	73.067282545594
310	787.081	-0.538700205794019
310	791.838	55.1418601233391
310	796.596	6.54341999463354
310	801.355	15.0652587110757
310	806.114	32.484607901625
310	810.875	4.70315307971243
310	815.635	7.5307545531114
310	820.397	20.2424340944663
310	825.159	10.354265548489
305	248.336	-12.5097534863399
305	252.814	10.2624514925348
305	257.296	17.9018254210948
305	261.781	99.6827312252052
305	266.271	212.005694863276
305	270.764	325.865430181044
305	275.26	496.407253936561
305	279.76	466.871644009492
305	284.264	547.206082509689
305	288.772	533.651021217639
305	293.283	395.132508497545
305	297.797	866.073612296481
305	302.315	11651.4000541841
305	306.837	-0.274254005660623
305	311.362	8683.58390523293
305	315.89	532.361285058099
305	320.422	366.988165537165
305	324.958	484.559011170701
305	329.496	504.502464713704
305	334.038	647.436258789075
305	338.584	699.960409504947
305	343.133	770.94417316411
305	347.685	612.499014395888
305	352.24	647.355280560822
305	356.799	631.517743289074
305	361.361	603.553973251298
305	365.926	578.731796018807
305	370.495	567.250695258462
305	375.067	541.030893806001
305	379.641	553.513159279002
305	384.219	578.930336787408
305	388.801	579.668668824107
305	393.385	537.31400485722
305	397.972	549.724081828136
305	402.562	564.66206690191
305	407.156	566.298209140707
305	411.752	564.843036889052
305	416.352	553.870477167444
305	420.954	551.068371363598
305	425.56	569.669027954075
305	430.168	530.369510550679
305	434.779	555.157980609092
305	439.393	519.064139361032
305	444.01	520.357394781256
305	448.63	484.118183735148
305	453.253	461.02101521818
305	457.878	446.79163773962
305	462.506	418.645426897796
305	467.137	422.880803287283
305	471.771	401.71493644549
305	476.407	366.96071726633
305	481.047	336.677393079885
305	485.688	331.656185068004
305	490.333	319.178418013455
305	494.979	341.104633293214
305	499.629	320.651736085975
305	504.281	285.081803511602
305	508.936	279.114284531775
305	513.593	254.392029361787
305	518.252	240.800677540395
305	522.914	218.930185468213
305	527.579	231.855939359556
305	532.245	230.965669822332
305	536.915	192.667917487134
305	541.586	185.111181906803
305	546.26	192.955072361985
305	550.936	196.160549914448
305	555.615	156.527245507767
305	560.296	143.714622389021
305	564.979	141.797432484754
305	569.664	115.085117695875
305	574.351	136.791088313983
305	579.04	164.080026652225
305	583.732	124.53297404257
305	588.426	116.992078094521
305	593.121	109.758575408317
305	597.819	118.681980870569
305	602.519	325.628017755722
305	607.221	876.752409510045
305	611.924	1469.851521899
305	616.63	1334.125081289
305	621.338	618.283889303991
305	626.047	150.866121233663
305	630.758	74.185607382386
305	635.471	67.0698031122377
305	640.186	55.8580976762144
305	644.903	62.6262454484763
305	649.621	70.9942125416895
305	654.341	66.6204979437057
305	659.063	49.7508645938645
305	663.787	55.1971944894165
305	668.512	68.6661894064739
305	673.238	34.1487756850592
305	677.967	63.928300791407
305	682.696	68.660121584809
305	687.428	68.7045809624505
305	692.16	62.7249553885367
305	696.895	32.2743154779057
305	701.63	41.196427829797
305	706.367	11.1276983720441
305	711.106	38.8489586849622
305	715.845	13.2744524535664
305	720.586	25.6339198871075
305	725.329	66.7777335466851
305	730.072	27.5578790165117
305	734.817	34.5648851755205
305	739.563	12.3208279716369
305	744.31	6.48030409450302
305	749.058	-3.01665959904159
305	753.808	-15.8660210524593
305	758.558	23.4896903604229
305	763.31	42.0246186951236
305	768.062	31.1621856499176
305	772.815	11.2736883104645
305	777.57	-9.86577253112902
305	782.325	31.1306107835434
305	787.081	16.5792929214954
305	791.838	13.6997768925493
305	796.596	8.71453233660826
305	801.355	0.512542282203395
305	806.114	60.6923381787257
305	810.875	7.03427989087131
305	815.635	33.1073421624003
305	820.397	10.5370108670465
305	825.159	18.0685560606643
300	248.336	3.73971130612958
300	252.814	13.4518573864794
300	257.296	49.4552178985891
300	261.781	241.374425794503
300	266.271	301.127331729212
300	270.764	405.461051626696
300	275.26	475.134044461405
300	279.76	559.226814915352
300	284.264	593.947152494862
300	288.772	551.404341686765
300	293.283	1087.15971043115
300	297.797	10737.7080918385
300	302.315	33.896018177129
300	306.837	9695.26169980242
300	311.362	347.012368580353
300	315.89	239.945071982909
300	320.422	411.988784078058
300	324.958	570.170811180164
300	329.496	639.784554453419
300	334.038	890.949887091211
300	338.584	947.931296056927
300	343.133	898.73314422396
300	347.685	867.089497726817
300	352.24	846.304408375255
300	356.799	732.064720980966
300	361.361	756.633014619715
300	365.926	683.100060450787
300	370.495	674.79315345485
300	375.067	628.371641186919
300	379.641	601.603485023928
300	384.219	612.830102560304
300	388.801	592.41170964987
300	393.385	598.549088043787
300	397.972	573.728043177293
300	402.562	539.807362151838
300	407.156	569.507882757757
300	411.752	539.324172758225
300	416.352	586.559511441413
300	420.954	524.353838652359
300	425.56	579.723101716838
300	430.168	526.007178879566
300	434.779	553.807730698614
300	439.393	537.913145717825
300	444.01	494.823856148554
300	448.63	496.379426692002
300	453.253	457.898079071275
300	457.878	473.20753414762
300	462.506	432.080009537429
300	467.137	456.099362624139
300	471.771	416.94982341
300	476.407	357.494896411483
300	481.047	364.786942892405
300	485.688	368.396045049103
300	490.333	317.381762259008
300	494.979	360.212704074622
300	499.629	339.891846496879
300	504.281	307.521253284773
300	508.936	278.567087982975
300	513.593	247.522936056866
300	518.252	280.698162842237
300	522.914	235.398999698173
300	527.579	235.014472197977
300	532.245	219.139049197641
300	536.915	182.801582481472
300	541.586	203.07285966939
300	546.26	235.020889626302
300	550.936	176.929405238115
300	555.615	150.418567498805
300	560.296	176.059431977714
300	564.979	172.305787321099
300	569.664	125.453736945339
300	574.351	163.402479431536
300	579.04	192.681772855329
300	583.732	133.607137254946
300	588.426	177.084248762656
300	593.121	353.508793937194
300	597.819	1009.63393228642
300	602.519	1694.86424874795
300	607.221	1380.64642763967
300	611.924	652.138962344089
300	616.63	161.32974668657
300	621.338	95.9752621302121
300	626.047	109.59476521436
300	630.758	73.9875413822881
300	635.471	72.4024827485392
300	640.186	63.9028155224202
300	644.903	50.2207085966982
300	649.621	84.1492771454485
300	654.341	47.6704019112184
300	659.063	61.6771602307268
300	663.787	56.5629577495392
300	668.512	65.797854096572
300	673.238	48.9360028280608
300	677.967	71.3797632688956
300	682.696	83.1127907242893
300	687.428	87.5240444329544
300	692.16	37.9881051952783
300	696.895	56.6445083639774
300	701.63	52.7283925262642
300	706.367	14.8198714514301
300	711.106	77.3930485005776
300	715.845	34.8492760514726
300	720.586	36.9611263987235
300	725.329	71.2411671333594
300	730.072	2.5756498135233
300	734.817	44.1496898371147
300	739.563	59.8999864802566
300	744.31	6.37088355282309
300	749.058	3.21678425122713
300	753.808	-5.46869802203841
300	758.558	36.742081227278
300	763.31	26.6916266772915
300	768.062	-3.44089234365451
300	772.815	24.0584462034732
300	777.57	19.2883500488003
300	782.325	68.2573151321805
300	787.081	3.65413333371015
300	791.838	19.4825387057549
300	796.596	15.5040293839486
300	801.355	41.2262519608096
300	806.114	25.1629934872655
300	810.875	-0.00202798492678014
300	815.635	23.5585124520058
300	820.397	-28.3784974446456
300	825.159	49.2568344956839
295	248.336	-1.05453208564559
295	252.814	75.0900878383314
295	257.296	163.653161225874
295	261.781	346.436460601535
295	266.271	380.098980688458
295	270.764	411.489958498394
295	275.26	497.094633443794
295	279.76	512.928726700275
295	284.264	486.383320869218
295	288.772	1436.69878617473
295	293.283	7543.08659854189
295	297.797	10.9731301365682
295	302.315	7518.55398935498
295	306.837	359.498173096545
295	311.362	298.778386751052
295	315.89	398.42812872068
295	320.422	638.895811764379
295	324.958	850.339974832532
295	329.496	971.092265018782
295	334.038	1196.74949577913
295	338.584	1193.29607892758
295	343.133	1230.92332944459
295	347.685	1074.67582030276
295	352.24	1012.13025944447
295	356.799	945.796205670954
295	361.361	857.938609973367
295	365.926	735.780417154839
295	370.495	707.050226930866
295	375.067	728.42192390652
295	379.641	677.552493694727
295	384.219	662.131697797188
295	388.801	636.756099673325
295	393.385	626.142966057691
295	397.972	608.64530508049
295	402.562	599.881169789394
295	407.156	542.868368189073
295	411.752	578.405397261242
295	416.352	578.200960070214
295	420.954	542.056273528028
295	425.56	568.005570601374
295	430.168	525.698930579427
295	434.779	577.514545013636
295	439.393	578.072988588274
295	444.01	536.328944957187
295	448.63	513.199469719752
295	453.253	472.724357387133
295	457.878	481.949713468724
295	462.506	452.254831639501
295	467.137	442.806883523354
295	471.771	443.892488057292
295	476.407	399.455899948795
295	481.047	394.404072847051
295	485.688	364.84924545492
295	490.333	347.215473959323
295	494.979	366.448380486148
295	499.629	359.444067071901
295	504.281	320.003778143487
295	508.936	303.177617444556
295	513.593	256.096392105813
295	518.252	262.347968190998
295	522.914	254.119915884185
295	527.579	253.699540946542
295	532.245	242.832114590954
295	536.915	222.652186523552
295	541.586	215.939519181706
295	546.26	236.32669703319
295	550.936	220.996250609099
295	555.615	209.502911860789
295	560.296	207.155193945868
295	564.979	172.291588944735
295	569.664	137.375868106624
295	574.351	190.987366681783
295	579.04	230.409772231261
295	583.732	457.395148015092
295	588.426	1261.79368801904
295	593.121	1753.75024302061
295	597.819	1372.30072520676
295	602.519	597.497153317014
295	607.221	142.818470895116
295	611.924	103.193926562646
295	616.63	97.1328784650843
295	621.338	92.4628220190649
295	626.047	97.9246588084909
295	630.758	68.4502017888717
295	635.471	68.5127174791685
295	640.186	63.5145522359814
295	644.903	72.2792315494379
295	649.621	111.171543871332
295	654.341	67.7719623439576
295	659.063	97.7853272892328
295	663.787	97.1705985293982
295	668.512	70.2820487712448
295	673.238	93.3229177620947
295	677.967	56.4078910371296
295	682.696	70.3551847203871
295	687.428	78.0931918040998
295	692.16	50.9698631816873
295	696.895	57.0712227865859
295	701.63	60.6997289058526
295	706.367	16.0446165876555
295	711.106	34.0238059179209
295	715.845	82.4496530220989
295	720.586	53.1027657775266
295	725.329	118.014927469675
295	730.072	38.4791933409731
295	734.817	14.0441639774188
295	739.563	33.5095688709015
295	744.31	63.7175804139909
295	749.058	1.76410946419444
295	753.808	-36.614584517591
295	758.558	72.8172378797995
295	763.31	50.3276002754003
295	768.062	1.26621286749295
295	772.815	1.2445359496138
295	777.57	9.496909338866
295	782.325	49.3915510541386
295	787.081	0.0206181363695954
295	791.838	52.6363524297491
295	796.596	-46.8930413365596
295	801.355	-1.7253112665395
295	806.114	23.7348426532367
295	810.875	18.5342933315542
295	815.635	-5.78215529057104
295	820.397	6.95976498653652
295	825.159	19.6910030559559
290	248.336	89.5386504981045
290	252.814	222.09978306474
290	257.296	303.084084984513
290	261.781	386.719630149354
290	266.271	394.097611452537
290	270.764	506.168106234691
290	275.26	624.045202106975
290	279.76	484.015963954195
290	284.264	2210.28421294512
290	288.772	4624.98173932276
290	293.283	-9.3789144133043
290	297.797	6239.93402913788
290	302.315	655.973172983416
290	306.837	665.045790631996
290	311.362	746.18780480831
290	315.89	824.657651580951
290	320.422	1135.49023428843
290	324.958	1609.43476836563
290	329.496	1633.47016166668
290	334.038	1842.21372350003
290	338.584	1908.30487347478
290	343.133	1789.39000086916
290	347.685	1547.99851400592
290	352.24	1465.06295212128
290	356.799	1241.54074634944
290	361.361	1124.0937173002
290	365.926	899.920453464432
290	370.495	942.746258092853
290	375.067	825.680558996637
290	379.641	704.77548403006
290	384.219	681.162730382146
290	388.801	693.103977877387
290	393.385	641.099324448533
290	397.972	622.832219122241
290	402.562	641.044642437778
290	407.156	594.361737511528
290	411.752	604.637480715464
290	416.352	578.466269823618
290	420.954	564.220654317423
290	425.56	544.058881912925
290	430.168	547.432668390118
290	434.779	584.217194582152
290	439.393	594.897853573293
290	444.01	555.535426092853
290	448.63	559.432973466001
290	453.253	486.872052953587
290	457.878	497.409694813257
290	462.506	507.45471256435
290	467.137	500.986495161513
290	471.771	443.835801373696
290	476.407	462.813966578016
290	481.047	392.287631007287
290	485.688	391.626222671902
290	490.333	400.193207182801
290	494.979	401.397047812819
290	499.629	365.761952408034
290	504.281	354.146600514617
290	508.936	324.520319817671
290	513.593	304.199508634886
290	518.252	311.863033336825
290	522.914	280.517575142685
290	527.579	302.19332851784
290	532.245	255.893973547698
290	536.915	237.455004175545
290	541.586	230.849538710438
290	546.26	249.730102663277
290	550.936	226.904692236012
290	555.615	207.891670793471
290	560.296	224.602395419268
290	564.979	241.684576726095
290	569.664	226.490238087659
290	574.351	729.907891435361
290	579.04	1657.77020813786
290	583.732	2190.38448350155
290	588.426	1432.97359184267
290	593.121	586.665769708855
290	597.819	147.759405993407
290	602.519	166.233701865653
290	607.221	132.247224356
290	611.924	136.45752456634
290	616.63	129.042569896153
290	621.338	121.056624586383
290	626.047	125.756542508889
290	630.758	78.112686983141
290	635.471	90.5634158664979
290	640.186	101.578572081354
290	644.903	86.0938951688132
290	649.621	103.172475907065
290	654.341	87.569081944953
290	659.063	95.3042318856872
290	663.787	120.238546232953
290	668.512	115.070871165951
290	673.238	96.8454859148884
290	677.967	131.18824572229
290	682.696	104.305312045395
290	687.428	101.042268883
290	692.16	82.0788320218533
290	696.895	68.7655330673552
290	701.63	44.8711252947791
290	706.367	36.5623451795625
290	711.106	89.9861732271648
290	715.845	88.0114772143478
290	720.586	69.4932706733853
290	725.329	69.1267617467189
290	730.072	30.7842021655188
290	734.817	37.8097033022265
290	739.563	23.2033359513628
290	744.31	24.7177040935239
290	749.058	26.8942176332061
290	753.808	4.5721841981705
290	758.558	71.7522192653581
290	763.31	34.5612658904348
290	768.062	39.6793459475487
290	772.815	36.2280753157593
290	777.57	2.09579020588123
290	782.325	78.6117612798637
290	787.081	-6.53706294836094
290	791.838	2.18686173416089
290	796.596	-18.4966783141198
290	801.355	14.6987396103575
290	806.114	31.9501889025531
290	810.875	24.2877695128841
290	815.635	8.94819433405816
290	820.397	7.0275529956767
290	825.159	16.6180751918223
285	248.336	179.472765727841
285	252.814	328.885792554621
285	257.296	359.232521306461
285	261.781	453.231015671243
285	266.271	481.557670308639
285	270.764	545.407337746309
285	275.26	625.197624999203
285	279.76	3401.30460351769
285	284.264	3619.60636267842
285	288.772	88.0348592297742
285	293.283	5311.69556973402
285	297.797	1066.70585386859
285	302.315	1393.63570310864
285	306.837	1373.21251185331
285	311.362	1379.99810321359
285	315.89	1609.10479772856
285	320.422	2268.98341956083
285	324.958	2610.9873546017
285	329.496	2588.44432660379
285	334.038	2724.64820685168
285	338.584	2638.49446006752
285	343.133	2395.87587145158
285	347.685	2054.34359806495
285	352.24	1845.64403269051
285	356.799	1585.11902233346
285	361.361	1359.30254378301
285	365.926	1164.05535354395
285	370.495	1047.33525228263
285	375.067	949.684114329438
285	379.641	828.56417648602
285	384.219	764.013004652998
285	388.801	690.538237681964
285	393.385	682.022297137406
285	397.972	656.328853231845
285	402.562	600.687648501701
285	407.156	618.401680290459
285	411.752	608.218131368953
285	416.352	631.851145522061
285	420.954	595.207972448075
285	425.56	560.543355149797
285	430.168	566.136284488933
285	434.779	640.740407951081
285	439.393	569.8677457731
285	444.01	553.542404398077
285	448.63	579.424528965872
285	453.253	530.737930984159
285	457.878	539.312935535247
285	462.506	532.22252922036
285	467.137	543.494878478393
285	471.771	538.860405804925
285	476.407	502.247100339775
285	481.047	464.919020174927
285	485.688	456.02378181342
285	490.333	436.301392884358
285	494.979	453.461673890358
285	499.629	432.994344564767
285	504.281	405.530723584753
285	508.936	367.105815521868
285	513.593	329.832108593856
285	518.252	360.173780996959
285	522.914	327.759346679404
285	527.579	314.837979367687
285	532.245	319.0018650737
285	536.915	265.589044343721
285	541.586	283.301577662466
285	546.26	297.897583523919
285	550.936	306.297088600554
285	555.615	265.06999174777
285	560.296	345.424992537321
285	564.979	895.60179162176
285	569.664	1852.6287004151
285	574.351	2278.76030451885
285	579.04	1511.0590261408
285	583.732	549.031950580649
285	588.426	179.087189929606
285	593.121	153.301737122772
285	597.819	133.455115641307
285	602.519	186.83127811642
285	607.221	174.612522518016
285	611.924	178.520255431015
285	616.63	143.644805146333
285	621.338	153.984531120015
285	626.047	124.373019654595
285	630.758	101.910552764698
285	635.471	110.96681137938
285	640.186	89.2975289179542
285	644.903	112.236687923797
285	649.621	153.606087637021
285	654.341	123.44649992044
285	659.063	128.176865758775
285	663.787	126.845963656956
285	668.512	125.919627996122
285	673.238	68.7926283064721
285	677.967	114.1445415148
285	682.696	138.722317738809
285	687.428	125.995016604106
285	692.16	73.5374430558298
285	696.895	78.0028493864145
285	701.63	69.311696873316
285	706.367	74.8664731338237
285	711.106	57.2716599701754
285	715.845	78.6215630528723
285	720.586	49.7774211252093
285	725.329	86.7441933525319
285	730.072	5.65089199945711
285	734.817	31.8977198880928
285	739.563	58.0738054529905
285	744.31	21.0184257715261
285	749.058	-16.8083850105377
285	753.808	-9.66725035582007
285	758.558	71.4327226166576
285	763.31	48.8254262106581
285	768.062	39.9064740726389
285	772.815	30.4794871874777
285	777.57	-23.9116553525899
285	782.325	57.4980982824008
285	787.081	11.6584168834348
285	791.838	51.5288259914619
285	796.596	32.9943300224852
285	801.355	8.77995951242145
285	806.114	41.6521349971649
285	810.875	-3.63448441188887
285	815.635	20.4788666824242
285	820.397	-27.0078612670922
285	825.159	59.9018323463889
280	248.336	288.857401214863
280	252.814	341.947217558069
280	257.296	415.932200514597
280	261.781	529.46705837323
280	266.271	547.927038673069
280	270.764	573.509478895061
280	275.26	4241.07578970559
280	279.76	5426.02944409275
280	284.264	75.5891577958901
280	288.772	5089.28416128008
280	293.283	1404.70911722321
280	297.797	1709.69615317453
280	302.315	2096.08199465034
280	306.837	2089.26383752498
280	311.362	2228.65544775074
280	315.89	2455.43407690234
280	320.422	2817.47672891588
280	324.958	3324.18951203316
280	329.496	3179.8093641112
280	334.038	3191.65436671641
280	338.584	3196.19254108707
280	343.133	2840.35050401058
280	347.685	2376.21589944519
280	352.24	2137.33842743521
280	356.799	1804.06419974275
280	361.361	1494.11270304005
280	365.926	1255.01078976142
280	370.495	1188.47726074098
280	375.067	1082.76345691122
280	379.641	894.529469797999
280	384.219	829.096490676021
280	388.801	764.219776647506
280	393.385	672.396251450585
280	397.972	656.861354081642
280	402.562	632.260168176261
280	407.156	549.818406277371
280	411.752	646.879460105505
280	416.352	645.660071816189
280	420.954	602.079571105124
280	425.56	619.975586287701
280	430.168	612.092203552725
280	434.779	679.557278081382
280	439.393	642.715516052324
280	444.01	634.200865439834
280	448.63	632.547051315537
280	453.253	555.831420512109
280	457.878	648.747917189723
280	462.506	599.504116355043
280	467.137	588.860672885858
280	471.771	558.720437533596
280	476.407	541.354686189724
280	481.047	498.654960907272
280	485.688	533.286969495291
280	490.333	499.022193299009
280	494.979	505.991114015799
280	499.629	504.101435737012
280	504.281	501.657693283079
280	508.936	442.656231743368
280	513.593	341.341355964733
280	518.252	387.344126884163
280	522.914	376.979830794364
280	527.579	387.357151734175
280	532.245	345.390972867824
280	536.915	310.399650114385
280	541.586	316.265209514575
280	546.26	359.278538486077
280	550.936	446.457174715599
280	555.615	1116.70451740085
280	560.296	2268.04056359626
280	564.979	2542.41821298837
280	569.664	1622.84555677674
280	574.351	598.339621149098
280	579.04	292.555564481162
280	583.732	219.878930734478
280	588.426	204.626400359857
280	593.121	233.494881412344
280	597.819	225.344901195064
280	602.519	243.142577620343
280	607.221	247.305795566022
280	611.924	205.968567427797
280	616.63	163.466090813754
280	621.338	198.150784133851
280	626.047	168.433814136451
280	630.758	158.58008266019
280	635.471	145.979120131827
280	640.186	185.26322907899
280	644.903	185.304101627317
280	649.621	211.138843294535
280	654.341	161.553268779298
280	659.063	123.277453255098
280	663.787	158.639953722081
280	668.512	123.760202319228
280	673.238	141.55882533065
280	677.967	128.409736617505
280	682.696	73.9877103799579
280	687.428	114.781591234065
280	692.16	42.0633561482225
280	696.895	67.7224553307781
280	701.63	34.1653582114221
280	706.367	17.2949674040134
280	711.106	91.2461967164828
280	715.845	69.0379654665744
280	720.586	69.9899029296524
280	725.329	139.27314419125
280	730.072	-12.2753161179031
280	734.817	47.8638178096646
280	739.563	-4.98410065145328
280	744.31	19.4194892459658
280	749.058	16.199244866448
280	753.808	49.5196108629298
280	758.558	52.1960854570983
280	763.31	39.7101402457489
280	768.062	57.3875155738138
280	772.815	2.74152293143885
280	777.57	-34.3575308221975
280	782.325	56.5709037369082
280	787.081	4.87728581590056
280	791.838	94.7836220498688
280	796.596	-17.7211217881165
280	801.355	38.2750740674066
280	806.114	87.604433086154
280	810.875	9.37727772321609
280	815.635	19.562908507443
280	820.397	-38.2326841809381
280	825.159	36.5789615383383
275	248.336	260.007339452019
275	252.814	401.244189055426
275	257.296	375.39438675682
275	261.781	547.955581713498
275	266.271	606.010399359255
275	270.764	5858.63858666445
275	275.26	8400.00284599894
275	279.76	9367.21252077303
275	284.264	4272.62530968099
275	288.772	1476.51644355483
275	293.283	1864.41540030891
275	297.797	2199.1523819857
275	302.315	2538.15843720206
275	306.837	2465.5649478182
275	311.362	2566.399839071
275	315.89	2581.5949862154
275	320.422	3075.55192247959
275	324.958	3641.4544938651
275	329.496	3331.1674349233
275	334.038	3460.53932837367
275	338.584	3371.1925808967
275	343.133	2932.21425375701
275	347.685	2431.2160362182
275	352.24	2095.48893122714
275	356.799	1809.29009927007
275	361.361	1500.68086697526
275	365.926	1271.84102718412
275	370.495	1158.77217521422
275	375.067	1042.02847640645
275	379.641	828.832083603662
275	384.219	784.591291736875
275	388.801	728.499799904454
275	393.385	744.145012444536
275	397.972	644.372333631528
275	402.562	577.426357109836
275	407.156	562.412178168161
275	411.752	595.053952594247
275	416.352	665.625089518473
275	420.954	581.064464670511
275	425.56	565.318315775259
275	430.168	633.890633099902
275	434.779	733.156606203373
275	439.393	672.822534651779
275	444.01	669.052528192569
275	448.63	683.618265404582
275	453.253	640.316744152269
275	457.878	626.84239914998
275	462.506	677.515122573874
275	467.137	671.042155805738
275	471.771	597.646188396306
275	476.407	579.37521751918
275	481.047	589.417215082193
275	485.688	565.003779748563
275	490.333	557.307392373604
275	494.979	565.608176430217
275	499.629	571.299980879406
275	504.281	528.91056873955
275	508.936	473.67430687837
275	513.593	479.988092926931
275	518.252	449.89558669091
275	522.914	457.616257430193
275	527.579	483.073172866278
275	532.245	444.065801724731
275	536.915	402.595236945701
275	541.586	582.45451984229
275	546.26	1544.80995375206
275	550.936	2782.17896668503
275	555.615	3000.09968467139
275	560.296	1782.55252000599
275	564.979	677.830604092864
275	569.664	273.42776282379
275	574.351	250.733659914271
275	579.04	334.523348560747
275	583.732	218.781530436148
275	588.426	251.396575855934
275	593.121	251.164115845824
275	597.819	204.160362728158
275	602.519	285.389892707927
275	607.221	247.971531408058
275	611.924	251.940996555887
275	616.63	242.077101325801
275	621.338	198.613624201918
275	626.047	233.263873639433
275	630.758	139.364774231618
275	635.471	149.393018052265
275	640.186	182.375433684347
275	644.903	232.415344312004
275	649.621	229.010996008007
275	654.341	153.365421476616
275	659.063	97.1186422683112
275	663.787	113.287080484658
275	668.512	143.986332959944
275	673.238	118.381286183839
275	677.967	130.820148965277
275	682.696	113.360442577034
275	687.428	154.916028817716
275	692.16	89.2787075321446
275	696.895	142.134982875134
275	701.63	38.8538729172793
275	706.367	100.126188084541
275	711.106	58.6555652787154
275	715.845	45.0017842742642
275	720.586	1.94576709050999
275	725.329	53.4202778113107
275	730.072	-1.94791373093228
275	734.817	40.3333761155088
275	739.563	18.9301347461321
275	744.31	45.2676004586381
275	749.058	27.445780863246
275	753.808	-16.5480083653536
275	758.558	126.513585782435
275	763.31	83.8763971797565
275	768.062	72.748393304379
275	772.815	-62.8970875346709
275	777.57	-16.6034394720695
275	782.325	61.802592864518
275	787.081	-27.6810664586612
275	791.838	51.8973938773513
275	796.596	51.6679233314215
275	801.355	-22.2813580677335
275	806.114	50.6978391132151
275	810.875	36.5227389906474
275	815.635	-3.04028664625366
275	820.397	32.4795814659042
275	825.159	122.724022654873
270	248.336	257.290361046332
270	252.814	464.213387735455
270	257.296	280.64856576068
270	261.781	531.631126853036
270	266.271	7278.43140402389
270	270.764	11065.7677707067
270	275.26	25081.9405275898
270	279.76	3579.31868385757
270	284.264	1170.72130043279
270	288.772	1759.17718852483
270	293.283	2099.58052958974
270	297.797	2174.41928392676
270	302.315	2588.14510048073
270	306.837	2517.98626826654
270	311.362	2403.58668866122
270	315.89	2413.66623146809
270	320.422	3025.90767667891
270	324.958	3285.87316782447
270	329.496	3153.86429095779
270	334.038	3194.72254183676
270	338.584	3275.61566210416
270	343.133	2770.90116589555
270	347.685	2219.10874132389
270	352.24	1996.18672689191
270	356.799	1747.1371951397
270	361.361	1524.94483073717
270	365.926	1187.78558705957
270	370.495	1037.24962942811
270	375.067	938.016393516271
270	379.641	712.148788297932
270	384.219	734.00683610199
270	388.801	608.523490148096
270	393.385	575.681283649137
270	397.972	613.599839630997
270	402.562	612.428758103084
270	407.156	522.1945426071
270	411.752	680.079381323598
270	416.352	620.279324150792
270	420.954	555.818049591559
270	425.56	659.4343829955
270	430.168	638.583845526404
270	434.779	718.2383990086
270	439.393	688.72483351055
270	444.01	724.462550208971
270	448.63	795.635847995405
270	453.253	689.766448355767
270	457.878	725.808564695918
270	462.506	734.46093993161
270	467.137	731.921587474266
270	471.771	742.445321363806
270	476.407	619.464397672869
270	481.047	712.242796308152
270	485.688	668.086509328946
270	490.333	572.27147959864
270	494.979	656.196238262919
270	499.629	613.665566981682
270	504.281	605.074901977618
270	508.936	505.286425875371
270	513.593	558.711200833467
270	518.252	535.328505426909
270	522.914	443.65899501838
270	527.579	455.927094950659
270	532.245	723.01907345083
270	536.915	1825.44617081532
270	541.586	3318.30953472973
270	546.26	3440.89731930746
270	550.936	1858.65455990395
270	555.615	634.19367928606
270	560.296	322.597328751937
270	564.979	357.348091790243
270	569.664	300.145647586034
270	574.351	324.565908484238
270	579.04	410.421443464166
270	583.732	280.745667676591
270	588.426	276.901500462114
270	593.121	258.659366894019
270	597.819	246.765582587696
270	602.519	346.91853299652
270	607.221	304.952945161943
270	611.924	229.013144331345
270	616.63	209.96045575664
270	621.338	270.144721477941
270	626.047	218.403238777373
270	630.758	217.844806062974
270	635.471	158.339825412116
270	640.186	128.461429510349
270	644.903	194.883466477425
270	649.621	185.665784074466
270	654.341	147.009022362293
270	659.063	97.1318856151222
270	663.787	200.088334120945
270	668.512	150.43818635027
270	673.238	143.987524440818
270	677.967	140.806931947967
270	682.696	155.208726141701
270	687.428	154.145183018145
270	692.16	56.3704680219678
270	696.895	128.763293392353
270	701.63	82.5255848696887
270	706.367	51.2242456243523
270	711.106	123.770341413638
270	715.845	88.7968096649113
270	720.586	53.6361355812751
270	725.329	138.617491878865
270	730.072	-8.12304222565242
270	734.817	73.7263752249697
270	739.563	-28.4005457796376
270	744.31	64.619819177743
270	749.058	-8.4644583306883
270	753.808	-77.6062432502639
270	758.558	115.41579576043
270	763.31	75.4779633876828
270	768.062	16.813346820902
270	772.815	-37.4104161517375
270	777.57	18.4349912818252
270	782.325	82.9240695719394
270	787.081	34.3524201481226
270	791.838	56.2320518288007
270	796.596	-79.6563290285783
270	801.355	-24.1098049213858
270	806.114	193.043724659779
270	810.875	-15.6249289993588
270	815.635	7.29277281776126
270	820.397	49.5001550751976
270	825.159	73.6297748996138
265	248.336	236.776095937347
265	252.814	333.748176632545
265	257.296	504.688759054352
265	261.781	9404.08401406878
265	266.271	17574.8292043969
265	270.764	33172.5500384552
265	275.26	2899.00701933635
265	279.76	1027.70898410163
265	284.264	1383.10626237968
265	288.772	1423.12526954731
265	293.283	1673.19526455548
265	297.797	2209.26524912244
265	302.315	2417.00984938011
265	306.837	2187.76762102108
265	311.362	2084.75642227721
265	315.89	2114.21897784342
265	320.422	2572.45574996405
265	324.958	2963.56468802073
265	329.496	2772.75764904604
265	334.038	2934.29981683505
265	338.584	2711.59858130193
265	343.133	2490.60531385433
265	347.685	1958.81917349675
265	352.24	1773.6826735999
265	356.799	1599.80088748724
265	361.361	1262.95750999027
265	365.926	1027.58006538125
265	370.495	953.579141989761
265	375.067	880.396877651922
265	379.641	813.734950487739
265	384.219	715.111213153468
265	388.801	695.406779303145
265	393.385	600.985451850857
265	397.972	574.102675227488
265	402.562	593.577017881787
265	407.156	623.842947025828
265	411.752	707.865787586316
265	416.352	707.289210888212
265	420.954	514.545165100863
265	425.56	635.798110855848
265	430.168	705.724817204796
265	434.779	790.203062345682
265	439.393	806.896999402044
265	444.01	734.821146818584
265	448.63	688.275060003954
265	453.253	689.854103744851
265	457.878	780.230936522461
265	462.506	800.63259748019
265	467.137	789.401416868013
265	471.771	745.908192650291
265	476.407	667.907382983811
265	481.047	646.755700524663
265	485.688	719.304525560161
265	490.333	578.25088383385
265	494.979	745.258752123984
265	499.629	659.461384203595
265	504.281	581.871368935348
265	508.936	641.776365452413
265	513.593	481.248703783576
265	518.252	583.523805323091
265	522.914	890.185152914728
265	527.579	2519.92023587551
265	532.245	4244.4868047588
265	536.915	3922.61845946848
265	541.586	2129.82799885716
265	546.26	788.187328227484
265	550.936	366.633659240102
265	555.615	351.912103258512
265	560.296	334.030300424649
265	564.979	337.065923352319
265	569.664	248.139587913411
265	574.351	308.889736830954
265	579.04	436.320919217107
265	583.732	261.456749789123
265	588.426	208.27893453333
265	593.121	243.731954445557
265	597.819	192.310191684138
265	602.519	333.289692702059
265	607.221	150.562195132418
265	611.924	219.709812531078
265	616.63	249.086434436219
265	621.338	206.930408174944
265	626.047	176.959651624119
265	630.758	123.460616262371
265	635.471	106.96487796002
265	640.186	116.496394805925
265	644.903	135.499964006869
265	649.621	170.875900021444
265	654.341	114.053489758527
265	659.063	156.631352366834
265	663.787	110.444232759012
265	668.512	156.326504452376
265	673.238	108.19172246391
265	677.967	152.095581024601
265	682.696	189.671205088084
265	687.428	140.655818107675
265	692.16	89.5220272357529
265	696.895	77.0690569300514
265	701.63	125.148142150905
265	706.367	31.9920099094812
265	711.106	67.3505383852723
265	715.845	44.9552940053428
265	720.586	-13.6673325031683
265	725.329	206.05312283082
265	730.072	6.94880449840069
265	734.817	84.0851231937011
265	739.563	62.375233275826
265	744.31	68.77204748683
265	749.058	-30.4071914551227
265	753.808	-67.8775082806978
265	758.558	141.199865853593
265	763.31	122.581250914981
265	768.062	38.6560791577384
265	772.815	6.18443922969349
265	777.57	18.9231284134896
265	782.325	89.6835634158299
265	787.081	67.4092555838659
265	791.838	42.694555020731
265	796.596	-13.4045476433276
265	801.355	73.646802429761
265	806.114	154.555634505703
265	810.875	30.3228058667084
265	815.635	28.8869618872998
265	820.397	-109.801744364377
265	825.159	44.7754603454424
260	248.336	286.019833022363
260	252.814	611.008700232579
260	257.296	14269.7476139337
260	261.781	32924.7183167811
260	266.271	37522.7847125491
260	270.764	2369.35889451151
260	275.26	637.096316488887
260	279.76	884.815459369721
260	284.264	768.366027544258
260	288.772	1428.30064050357
260	293.283	1642.24126935453
260	297.797	1603.85014735607
260	302.315	1949.58252111977
260	306.837	1639.2186964379
260	311.362	1701.16054645774
260	315.89	1649.29970574542
260	320.422	2055.38579141118
260	324.958	2481.87856869592
260	329.496	2336.00953532901
260	334.038	2530.26398119317
260	338.584	2599.20676275186
260	343.133	2099.01196118363
260	347.685	1602.30149633638
260	352.24	1568.69095436873
260	356.799	1473.52058754966
260	361.361	1092.55476815862
260	365.926	961.258098287107
260	370.495	945.894447181063
260	375.067	766.534965444947
260	379.641	696.87306002884
260	384.219	723.821360775904
260	388.801	594.053933248958
260	393.385	651.253477720524
260	397.972	524.565158553177
260	402.562	664.68678420412
260	407.156	575.088389166208
260	411.752	630.278318454771
260	416.352	667.694152646841
260	420.954	664.344666225469
260	425.56	660.330913699589
260	430.168	710.589030626954
260	434.779	1246.35537376604
260	439.393	825.860652758571
260	444.01	815.168583855292
260	448.63	864.564350687753
260	453.253	763.122056217961
260	457.878	782.048392792305
260	462.506	817.250489873802
260	467.137	854.438505475296
260	471.771	853.048334471408
260	476.407	784.406925768208
260	481.047	679.591275072315
260	485.688	711.166159307114
260	490.333	660.149718348884
260	494.979	818.540842943204
260	499.629	612.549011613696
260	504.281	764.851804323833
260	508.936	631.429311651843
260	513.593	1255.81603282575
260	518.252	3303.76448471391
260	522.914	5700.1983441274
260	527.579	5364.2813291776
260	532.245	2339.06794660583
260	536.915	719.07435293547
260	541.586	405.185346320783
260	546.26	447.154405028433
260	550.936	362.215490456431
260	555.615	253.798222101753
260	560.296	401.619040214684
260	564.979	289.785122454625
260	569.664	278.951229311315
260	574.351	326.286200167808
260	579.04	407.72088900682
260	583.732	299.022756911157
260	588.426	238.4610270675
260	593.121	245.029011152914
260	597.819	217.886400614738
260	602.519	296.447857862692
260	607.221	231.273771095743
260	611.924	163.59426840599
260	616.63	204.99979933087
260	621.338	153.903400740471
260	626.047	220.112709750932
260	630.758	74.1664716475938
260	635.471	143.6014727968
260	640.186	95.4176126298781
260	644.903	157.374630908569
260	649.621	164.123222863624
260	654.341	102.473176537172
260	659.063	118.752079062948
260	663.787	132.923211613192
260	668.512	132.37066719555
260	673.238	49.1743839260555
260	677.967	142.143196781052
260	682.696	153.38934113803
260	687.428	126.843026615504
260	692.16	88.2758595239591
260	696.895	113.579326925753
260	701.63	114.524211638869
260	706.367	115.877927759135
260	711.106	88.2755010107001
260	715.845	73.8428187509517
260	720.586	60.2537352527188
260	725.329	301.414130280404
260	730.072	38.584623258708
260	734.817	-28.2563044546366
260	739.563	-30.3433664604723
260	744.31	113.731261465032
260	749.058	-45.5542078728642
260	753.808	13.0167702402333
260	758.558	189.247242845131
260	763.31	-21.2384943360156
260	768.062	-7.76381499529437
260	772.815	-9.72309801848509
260	777.57	11.9242929943126
260	782.325	223.955851079967
260	787.081	55.9921456023427
260	791.838	155.233606415673
260	796.596	92.7596184051734
260	801.355	50.9714438659032
260	806.114	-41.8387577050273
260	810.875	-76.4098886239053
260	815.635	74.6172041836693
260	820.397	-94.5999676670339
260	825.159	161.985148862973
255	248.336	403.560446303922
255	252.814	15203.1242501818
255	257.296	52348.8753406223
255	261.781	27833.6860881268
255	266.271	1409.46189114992
255	270.764	144.635361641747
255	275.26	355.578712159625
255	279.76	596.378893418383
255	284.264	626.278374255118
255	288.772	1280.66637077508
255	293.283	1331.05388350226
255	297.797	1290.65365440441
255	302.315	1645.55043372677
255	306.837	1057.91610598236
255	311.362	1264.21591292518
255	315.89	1370.16911229339
255	320.422	1527.86647386149
255	324.958	2082.37117607345
255	329.496	1947.94909360863
255	334.038	2061.45982517689
255	338.584	2358.87616809787
255	343.133	2082.49291387228
255	347.685	1365.81194748136
255	352.24	1048.94732647973
255	356.799	1076.14286775522
255	361.361	1145.82488747254
255	365.926	824.916007439047
255	370.495	812.965108881115
255	375.067	779.113823402872
255	379.641	506.372947965307
255	384.219	729.900874132623
255	388.801	636.294605745593
255	393.385	407.671732043969
255	397.972	562.680849429458
255	402.562	700.65216463203
255	407.156	682.081117205438
255	411.752	681.343192916438
255	416.352	721.585058443639
255	420.954	662.962722185519
255	425.56	799.874458135403
255	430.168	784.598855726797
255	434.779	1003.37701308726
255	439.393	956.787755952187
255	444.01	900.799873023514
255	448.63	841.472461890762
255	453.253	852.014806088663
255	457.878	794.752980295385
255	462.506	888.916401612161
255	467.137	906.08985422931
255	471.771	848.056511378312
255	476.407	760.11527328768
255	481.047	774.099004063401
255	485.688	801.75387040604
255	490.333	666.406242850273
255	494.979	823.549387676798
255	499.629	790.213023299183
255	504.281	1466.06914399232
255	508.936	3708.16715410471
255	513.593	5692.85747391489
255	518.252	5229.09901026001
255	522.914	2462.44377673941
255	527.579	843.165811487276
255	532.245	478.708989344339
255	536.915	251.990302686329
255	541.586	334.856976068957
255	546.26	433.396559120262
255	550.936	339.69404138811
255	555.615	204.881556423064
255	560.296	265.258349085251
255	564.979	400.371343858317
255	569.664	215.276868256924
255	574.351	248.792953165062
255	579.04	342.196404965471
255	583.732	140.815148706825
255	588.426	291.818758297687
255	593.121	147.789045797807
255	597.819	88.6242646553679
255	602.519	339.088058620308
255	607.221	246.546346725142
255	611.924	163.985730489009
255	616.63	50.8057972204004
255	621.338	190.835980571112
255	626.047	141.119485014739
255	630.758	158.475997814707
255	635.471	-28.1217639931029
255	640.186	16.1636084101421
255	644.903	61.5677475483519
255	649.621	112.194230775721
255	654.341	63.4732741280266
255	659.063	-33.8319530165263
255	663.787	75.704363551723
255	668.512	134.818485571951
255	673.238	63.4614776359617
255	677.967	310.834143527219
255	682.696	231.682825392814
255	687.428	150.506006078011
255	692.16	97.1150883437282
255	696.895	131.811541798053
255	701.63	2.2911618367794
255	706.367	78.8191390479921
255	711.106	213.083019952362
255	715.845	28.6637988643151
255	720.586	11.8038300515373
255	725.329	259.693090735495
255	730.072	-65.2249816349945
255	734.817	-2.33979610888812
255	739.563	-76.1797527866029
255	744.31	-9.83015246919459
255	749.058	-60.2168513649434
255	753.808	-161.476356819825
255	758.558	261.191592184855
255	763.31	-101.061913698521
255	768.062	35.3056550440872
255	772.815	37.9354018704333
255	777.57	38.5205565659748
255	782.325	239.473109365482
255	787.081	-34.0786832416204
255	791.838	48.5757339635751
255	796.596	-8.72571175090536
255	801.355	60.2122552591422
255	806.114	140.725042934928
255	810.875	60.4755456028457
255	815.635	35.1070607277791
255	820.397	-12.5717456543145
255	825.159	70.463050507787
250	248.336	22404.8536051345
250	252.814	68600.8752589615
250	257.296	24457.1802877362
250	261.781	651.785250820931
250	266.271	174.082292423267
250	270.764	-207.744378233851
250	275.26	272.770920207106
250	279.76	381.946661831555
250	284.264	1168.70925704834
250	288.772	922.798996417139
250	293.283	733.435799480168
250	297.797	960.139088545267
250	302.315	1551.30015077908
250	306.837	842.397262032821
250	311.362	916.265360983266
250	315.89	1249.96493493234
250	320.422	1346.85220339095
250	324.958	1428.78662844326
250	329.496	1860.69105351388
250	334.038	2063.9853236681
250	338.584	2126.8457914775
250	343.133	1795.43604074094
250	347.685	1536.1738844209
250	352.24	1375.6512702476
250	356.799	1129.04779417764
250	361.361	1008.80035519701
250	365.926	612.28750220311
250	370.495	987.48302656677
250	375.067	1003.95874010907
250	379.641	680.604761200926
250	384.219	695.124504471469
250	388.801	645.166873343505
250	393.385	592.346795100284
250	397.972	479.097580772877
250	402.562	628.643437554285
250	407.156	626.463313369602
250	411.752	858.369355577389
250	416.352	892.942525680958
250	420.954	729.861869705251
250	425.56	852.46853026089
250	430.168	1042.60947934423
250	434.779	988.487027500482
250	439.393	1276.88437575392
250	444.01	783.733638024197
250	448.63	859.529115218842
250	453.253	864.123966915641
250	457.878	781.613323008796
250	462.506	1126.50499141105
250	467.137	1179.61735739835
250	471.771	925.988168401172
250	476.407	852.787853338179
250	481.047	664.541114650287
250	485.688	773.212024772097
250	490.333	824.837240050108
250	494.979	2515.44995548198
250	499.629	6421.49991485402
250	504.281	8997.19352075419
250	508.936	6884.34918801116
250	513.593	2540.03193459003
250	518.252	662.661749297407
250	522.914	485.287844773109
250	527.579	681.492797028323
250	532.245	450.462758090234
250	536.915	470.548159912638
250	541.586	452.054231000191
250	546.26	467.32194093257
250	550.936	412.928970008652
250	555.615	298.946644476428
250	560.296	346.559411289148
250	564.979	353.744709673748
250	569.664	253.848845810834
250	574.351	310.347171840601
250	579.04	376.826867858347
250	583.732	169.484549673974
250	588.426	383.819872369396
250	593.121	77.0424068299356
250	597.819	151.176492220949
250	602.519	486.613515435334
250	607.221	265.201407048022
250	611.924	149.052167577593
250	616.63	279.982043801968
250	621.338	-15.1422484706305
250	626.047	234.951673732305
250	630.758	-113.488448675662
250	635.471	-85.6904381179479
250	640.186	92.6485810548975
250	644.903	203.530563222626
250	649.621	190.015158641597
250	654.341	-52.8580749524352
250	659.063	17.0734900726431
250	663.787	75.134998841909
250	668.512	209.32229129445
250	673.238	65.5953775549643
250	677.967	-10.1290543471058
250	682.696	231.747898390545
250	687.428	127.632187908701
250	692.16	-10.3127891379991
250	696.895	-100.042605245572
250	701.63	-180.502089629836
250	706.367	-116.778409975232
250	711.106	96.2186950100651
250	715.845	108.486720757107
250	720.586	100.923535997423
250	725.329	265.703522396992
250	730.072	114.63414800366
250	734.817	-15.5326146724937
250	739.563	-3.68509689534018
250	744.31	-129.046822372361
250	749.058	-15.5015797764771
250	753.808	-161.294655510501
250	758.558	370.789954302305
250	763.31	155.251131393874
250	768.062	169.863602400339
250	772.815	-118.546395852706
250	777.57	242.122516669353
250	782.325	157.94469209382
250	787.081	-184.385901763035
250	791.838	175.716542757598
250	796.596	-13.6028622483107
250	801.355	139.004454143879
250	806.114	241.483516027151
250	810.875	87.4316228901301
250	815.635	-27.3486833782876
250	820.397	122.939097981312
250	825.159	111.259413637673
245	248.336	78471.5881811557
245	252.814	32454.9943811204
245	257.296	316.031629782893
245	261.781	212.756888882605
245	266.271	155.541306309216
245	270.764	107.013955493832
245	275.26	630.895363109357
245	279.76	470.420303280442
245	284.264	1130.46166471809
245	288.772	1615.66252393162
245	293.283	442.615842904007
245	297.797	884.576275651374
245	302.315	1698.96614800449
245	306.837	780.839615079571
245	311.362	730.472488282249
245	315.89	1153.56212192671
245	320.422	1297.63959148174
245	324.958	1448.34031707703
245	329.496	924.039613754535
245	334.038	2447.89049374088
245	338.584	1801.40078504681
245	343.133	2403.38609554675
245	347.685	1507.38155899914
245	352.24	1467.38675640157
245	356.799	1215.19957358682
245	361.361	1454.99759795031
245	365.926	901.287563452292
245	370.495	1331.21424542868
245	375.067	775.896245954558
245	379.641	474.50801184495
245	384.219	712.308546514847
245	388.801	362.799692183137
245	393.385	1030.77485677817
245	397.972	355.393786837673
245	402.562	959.539735113125
245	407.156	395.543234834472
245	411.752	641.509274514892
245	416.352	1326.3557718409
245	420.954	1014.71754017365
245	425.56	1054.80891980278
245	430.168	1039.95964726642
245	434.779	1333.50727975688
245	439.393	1160.89429478868
245	444.01	1041.66004733351
245	448.63	1125.99925593093
245	453.253	673.938310861933
245	457.878	817.689134412483
245	462.506	1077.61907697953
245	467.137	1195.64671640956
245	471.771	1076.66835044506
245	476.407	708.142376522577
245	481.047	1031.63585919245
245	485.688	3094.11592450027
245	490.333	8765.92122683297
245	494.979	13894.4592935737
245	499.629	11374.6244318876
245	504.281	3785.65177004987
245	508.936	891.361262926422
245	513.593	236.429060616141
245	518.252	560.528148789874
245	522.914	729.213384641445
245	527.579	931.602056886287
245	532.245	503.062131687137
245	536.915	580.517836735556
245	541.586	236.402616053192
245	546.26	496.745834304623
245	550.936	571.703227926354
245	555.615	388.601165785995
245	560.296	447.658527510691
245	564.979	478.331745893963
245	569.664	268.194934798143
245	574.351	297.061554252438
245	579.04	577.263779275746
245	583.732	17.2125448598215
245	588.426	82.4413308264311
245	593.121	-198.881858529946
245	597.819	-166.666497811052
245	602.519	527.43427157727
245	607.221	-50.5708365575362
245	611.924	314.35679586464
245	616.63	277.018792621242
245	621.338	-238.223707088394
245	626.047	306.023902935956
245	630.758	-23.6201091194582
245	635.471	18.5025537961695
245	640.186	-24.0350590769373
245	644.903	303.554563310948
245	649.621	270.658709755114
245	654.341	-193.225221253706
245	659.063	19.2115360745997
245	663.787	249.014758761598
245	668.512	128.998826445551
245	673.238	-149.15785044273
245	677.967	274.12446894822
245	682.696	594.102480711979
245	687.428	326.011055795193
245	692.16	287.739557291743
245	696.895	-188.387892512554
245	701.63	-108.589823186874
245	706.367	-68.493868638725
245	711.106	458.094248908779
245	715.845	449.718165618709
245	720.586	0.0277032352083815
245	725.329	819.75719152703
245	730.072	36.1635291865785
245	734.817	346.522536806261
245	739.563	44.1501890786035
245	744.31	-169.476122521131
245	749.058	-14.3950921575679
245	753.808	-296.206616220667
245	758.558	673.014449007658
245	763.31	220.946417784894
245	768.062	-326.437875952075
245	772.815	15.9193892130228
245	777.57	-105.801202444537
245	782.325	890.761302460631
245	787.081	-372.424555236476
245	791.838	186.321794278457
245	796.596	-69.1818630166307
245	801.355	193.458101025517
245	806.114	141.534897210927
245	810.875	201.051453821299
245	815.635	208.483700387144
245	820.397	-170.399768241008
245	825.159	-111.322592257736
240	248.336	16696.931088994
240	252.814	-548.493051589028
240	257.296	-414.154646585463
240	261.781	119.86128664024
240	266.271	-1244.52797716669
240	270.764	-653.060491610213
240	275.26	786.210505058201
240	279.76	1403.65280738455
240	284.264	1517.40701040298
240	288.772	2544.11852775102
240	293.283	843.029238787075
240	297.797	52.8593415615228
240	302.315	3329.2245621141
240	306.837	1198.64378620768
240	311.362	728.537372473596
240	315.89	1733.66507772631
240	320.422	1145.70904825378
240	324.958	1182.08805314533
240	329.496	2005.01464549709
240	334.038	3687.86357591533
240	338.584	2323.85074120952
240	343.133	4242.91790920503
240	347.685	2698.7836131519
240	352.24	1339.48815848778
240	356.799	2954.90958352662
240	361.361	1459.07553949515
240	365.926	702.669802072985
240	370.495	1395.12045364744
240	375.067	882.605430688843
240	379.641	1194.22288595775
240	384.219	1131.30952708445
240	388.801	676.722894326923
240	393.385	-33.547914555926
240	397.972	803.756308736549
240	402.562	246.999430378833
240	407.156	-92.8688882979388
240	411.752	466.841343549333
240	416.352	1736.92767251013
240	420.954	479.749799099785
240	425.56	1155.5435972143
240	430.168	601.71242173481
240	434.779	2611.95034271276
240	439.393	1789.36479493882
240	444.01	1028.55133647269
240	448.63	1103.92152485989
240	453.253	345.596461102948
240	457.878	513.48477458353
240	462.506	771.093327004858
240	467.137	1315.8933110683
240	471.771	2279.3363385218
240	476.407	2904.08922516293
240	481.047	8887.85291202901
240	485.688	12445.7583944091
240	490.333	9550.65096105385
240	494.979	4438.7936280045
240	499.629	544.082785697397
240	504.281	836.752035829028
240	508.936	1198.14701213482
240	513.593	-63.2667586489439
240	518.252	623.062030647076
240	522.914	780.468372062
240	527.579	445.066429853924
240	532.245	730.650351830142
240	536.915	-226.411805675131
240	541.586	62.9516779665605
240	546.26	840.650878560854
240	550.936	218.062920463119
240	555.615	-642.990312048901
240	560.296	90.3922904051761
240	564.979	1029.20298131945
240	569.664	314.711681992064
240	574.351	-0.0524311603079468
240	579.04	1175.09731417445
240	583.732	-242.014595457628
240	588.426	-567.641559246326
240	593.121	-488.876792676789
240	597.819	-177.754355243535
240	602.519	302.905714514543
240	607.221	569.848783834837
240	611.924	-1402.58345594136
240	616.63	70.8688474490681
240	621.338	-271.692148608099
240	626.047	158.651779609211
240	630.758	-408.490322580906
240	635.471	-367.512548202564
240	640.186	-88.2799682205986
240	644.903	-149.01673818186
240	649.621	271.914161818218
240	654.341	-307.206540753283
240	659.063	-386.962899419062
240	663.787	627.475227420744
240	668.512	-395.138529116636
240	673.238	-111.510977070836
240	677.967	175.767076482779
240	682.696	939.614022259215
240	687.428	603.330063022829
240	692.16	-508.906502600458
240	696.895	-198.396252329746
240	701.63	-949.195351187032
240	706.367	-555.968095325534
240	711.106	1226.04625228542
240	715.845	792.193590512661
240	720.586	-328.103623940975
240	725.329	1415.32615173718
240	730.072	-351.905298370352
240	734.817	283.072902464838
240	739.563	-501.666846158828
240	744.31	633.676858029169
240	749.058	-732.20535502643
240	753.808	-913.815487398754
240	758.558	56.8480325899635
240	763.31	1471.84337647812
240	768.062	1543.9096893625
240	772.815	-293.098096427821
240	777.57	498.593742478514
240	782.325	991.920726650137
240	787.081	-1080.74649227835
240	791.838	789.065599486481
240	796.596	0.0359046868729962
240	801.355	255.722551937072
240	806.114	1113.65440252518
240	810.875	-456.920464540673
240	815.635	401.868911795651
240	820.397	-219.276363783232
240	825.159	1058.70616613537
