Long Name	Sample - Blank	S1c/R1c
nm	nm	
		Z of Sample - Blank
500	248.336	1.03892456188075
500	252.814	-23.0660848764126
500	257.296	39.4746163473795
500	261.781	-24.4103569748365
500	266.271	-16.5571581268726
500	270.764	28.0186331840856
500	275.26	-36.1577856962976
500	279.76	-0.608659591204889
500	284.264	-19.6171166460281
500	288.772	-25.0841513438336
500	293.283	-20.9247797721501
500	297.797	8.10719877918115
500	302.315	32.311935866805
500	306.837	-3.46276117236659
500	311.362	-1.98213143410174
500	315.89	6.42209488012305
500	320.422	-7.92119993104028
500	324.958	7.66717667845946
500	329.496	8.82592867711779
500	334.038	-24.5898841656495
500	338.584	22.9792930177075
500	343.133	-4.68738806664747
500	347.685	-11.536387167248
500	352.24	-7.43238930808949
500	356.799	-15.5810802137688
500	361.361	-11.8701201348118
500	365.926	34.1691519512958
500	370.495	-14.5327527069901
500	375.067	11.2490851860249
500	379.641	-10.854584829786
500	384.219	11.7774000837252
500	388.801	3.45727537841932
500	393.385	32.2315508921917
500	397.972	-33.4934560392126
500	402.562	11.9084660255725
500	407.156	-9.6185629704188
500	411.752	4.71894017125228
500	416.352	18.6285254265868
500	420.954	17.0059647829887
500	425.56	11.7948668196019
500	430.168	-13.1761151029567
500	434.779	45.8052764432594
500	439.393	-5.53882588288344
500	444.01	11.7265427834291
500	448.63	-9.98503147415719
500	453.253	-2.27712389237328
500	457.878	-17.6739753715222
500	462.506	2.22176023808625
500	467.137	-13.259189708626
500	471.771	-16.0911337395983
500	476.407	-14.576402509465
500	481.047	-4.00213512308937
500	485.688	6.14187203348344
500	490.333	45.3022156250891
500	494.979	63.3857491278768
500	499.629	329.468652883721
500	504.281	166.984954773305
500	508.936	26.1212049039916
500	513.593	30.3507792391126
500	518.252	66.5072502424115
500	522.914	72.143180327846
500	527.579	83.4459930743205
500	532.245	83.8418345549897
500	536.915	70.9927836519689
500	541.586	74.688083693701
500	546.26	84.2421675911804
500	550.936	71.7084502248669
500	555.615	108.107098954858
500	560.296	102.320921641103
500	564.979	68.3193668889755
500	569.664	94.6476737607543
500	574.351	47.1564244332918
500	579.04	55.5670888304051
500	583.732	45.5880215750891
500	588.426	36.5710365599397
500	593.121	59.56883408157
500	597.819	23.2778075649191
500	602.519	69.7507740401823
500	607.221	31.1740803078087
500	611.924	39.1050335400123
500	616.63	33.108990666896
500	621.338	52.5500768366046
500	626.047	24.6791681738221
500	630.758	39.4868088488572
500	635.471	16.7618168150769
500	640.186	28.5384570216685
500	644.903	4.65866862310953
500	649.621	41.7612083435083
500	654.341	55.5382382309519
500	659.063	49.3841160504219
500	663.787	30.8534938198749
500	668.512	19.373329758592
500	673.238	36.7270867169003
500	677.967	30.5910797346741
500	682.696	31.864885026193
500	687.428	21.3867892881228
500	692.16	-35.5395361859986
500	696.895	3.28229000735542
500	701.63	9.01722288974266
500	706.367	1.4433959210997
500	711.106	33.501444467004
500	715.845	9.33100348240334
500	720.586	37.9110867070815
500	725.329	16.9417195112194
500	730.072	3.50484410925589
500	734.817	30.8016422634741
500	739.563	-12.7822055644778
500	744.31	-7.75252762058213
500	749.058	-12.5269579946123
500	753.808	26.0527541091008
500	758.558	-23.2782348845635
500	763.31	-0.556331237127626
500	768.062	-15.6105757464657
500	772.815	0.0030367953925623
500	777.57	1.71062294939515
500	782.325	36.3434948774262
500	787.081	45.6307397280942
500	791.838	-5.91759232997508
500	796.596	48.2384984504997
500	801.355	-38.5278824669308
500	806.114	-5.21039145640789
500	810.875	19.7834035144058
500	815.635	18.2136632457417
500	820.397	-8.85482711943267
500	825.159	-0.5153624327193
495	248.336	-16.2658748421515
495	252.814	-25.6156566911815
495	257.296	-13.7614374249462
495	261.781	-21.2461494332523
495	266.271	-10.798895978212
495	270.764	17.0643195175131
495	275.26	-8.90707143570139
495	279.76	13.5268003270814
495	284.264	-17.5173628476215
495	288.772	7.29790708957426
495	293.283	-6.06257271434447
495	297.797	9.9396368870159
495	302.315	-1.3420391746277
495	306.837	26.9924376175072
495	311.362	15.0246657830626
495	315.89	9.71686520676631
495	320.422	-5.31344469797728
495	324.958	-2.74127050066532
495	329.496	7.89966109859019
495	334.038	-5.60608796882347
495	338.584	-11.6617046621266
495	343.133	-4.20058837293072
495	347.685	-3.73133619114126
495	352.24	-5.20418653169407
495	356.799	22.0616614853463
495	361.361	0.475297208838294
495	365.926	-23.7383491869122
495	370.495	-24.4982820386179
495	375.067	13.8824307942374
495	379.641	-18.4453381295152
495	384.219	-1.36177764835629
495	388.801	8.41407408669274
495	393.385	18.2000920625749
495	397.972	-21.7195284072088
495	402.562	-2.35866831496296
495	407.156	-16.4100560430713
495	411.752	1.15595688696191
495	416.352	21.5598346141215
495	420.954	12.2299930683411
495	425.56	4.72610378275664
495	430.168	9.63563851282355
495	434.779	25.2494401164996
495	439.393	0.356434703856027
495	444.01	16.0838730012121
495	448.63	-5.14158768481858
495	453.253	-3.38645603290468
495	457.878	-5.02639078109658
495	462.506	9.67471954449014
495	467.137	1.67297468741879
495	471.771	7.53482325643631
495	476.407	-22.0534194592947
495	481.047	1.96700691247182
495	485.688	5.90719310064861
495	490.333	165.979069394083
495	494.979	232.351740605331
495	499.629	-51.7996229430464
495	504.281	8.15619661473056
495	508.936	42.7594248032492
495	513.593	30.6953375247657
495	518.252	68.6673250315815
495	522.914	74.9041932151873
495	527.579	75.5373838623215
495	532.245	74.3155365414819
495	536.915	103.310670260758
495	541.586	85.1430155028403
495	546.26	92.8342374256487
495	550.936	95.8146698298377
495	555.615	105.769187916739
495	560.296	77.6126121740991
495	564.979	94.9022409519691
495	569.664	73.214521423456
495	574.351	79.2268021254402
495	579.04	67.0279616824347
495	583.732	35.6382579231675
495	588.426	46.8537932706886
495	593.121	79.9835834392202
495	597.819	61.3520595552574
495	602.519	59.6970348137394
495	607.221	26.9426415859778
495	611.924	47.175087602028
495	616.63	32.8762136621466
495	621.338	52.4218990390403
495	626.047	20.9488145746019
495	630.758	13.7585085667911
495	635.471	7.49294858786094
495	640.186	-5.24050134774254
495	644.903	31.8607051556987
495	649.621	44.9970183373851
495	654.341	29.6897002219
495	659.063	11.0406745564804
495	663.787	11.5825736171249
495	668.512	2.02168984462129
495	673.238	28.7544070399706
495	677.967	10.2050780124838
495	682.696	21.8613212649581
495	687.428	34.0613334164783
495	692.16	19.2100029504899
495	696.895	-2.50796852318982
495	701.63	12.7195670653857
495	706.367	0.85729341206413
495	711.106	13.4391983599861
495	715.845	13.1544144973407
495	720.586	28.1432263268374
495	725.329	17.3583642561035
495	730.072	12.538799577353
495	734.817	4.06656789747524
495	739.563	14.1515148809663
495	744.31	-0.457900080544363
495	749.058	28.8808178947556
495	753.808	26.1230562694366
495	758.558	19.8147177197394
495	763.31	1.9751360956587
495	768.062	-21.8935372399715
495	772.815	-9.45421056993916
495	777.57	4.05637342648771
495	782.325	63.3995883646783
495	787.081	43.3811090419995
495	791.838	-23.7851925954875
495	796.596	61.3987289145011
495	801.355	-23.7125224258452
495	806.114	-27.4354232825228
495	810.875	20.4524113206394
495	815.635	20.9222499915986
495	820.397	1.39513621712333
495	825.159	-2.79309200204157
490	248.336	-2.09533720137826
490	252.814	-36.30970333416
490	257.296	14.9639452456201
490	261.781	-18.731374062434
490	266.271	-30.8886285614744
490	270.764	29.3684526866403
490	275.26	-22.692770128514
490	279.76	-0.493068456889375
490	284.264	-23.8026042489103
490	288.772	-1.33621626220004
490	293.283	-31.700347551138
490	297.797	-15.5652874985487
490	302.315	30.5460753449807
490	306.837	2.79893347886518
490	311.362	15.2091778461595
490	315.89	-3.19198574251243
490	320.422	-10.8175927376312
490	324.958	-19.4144331497688
490	329.496	15.1583348683604
490	334.038	14.8265503585159
490	338.584	1.25906437709922
490	343.133	-4.2346146470952
490	347.685	-5.91816426324475
490	352.24	13.7465774795378
490	356.799	3.48520879347203
490	361.361	-8.31093886746736
490	365.926	5.25741805601279
490	370.495	-20.876820022699
490	375.067	5.20846331598939
490	379.641	11.7024723789166
490	384.219	-2.89820412920127
490	388.801	-1.19880399491943
490	393.385	31.0414663714091
490	397.972	-17.0687096311958
490	402.562	1.42735159080134
490	407.156	-9.20406053469555
490	411.752	-7.64611056994508
490	416.352	0.679695740418468
490	420.954	1.00635924165571
490	425.56	-25.0100365248058
490	430.168	-6.45683390280555
490	434.779	25.764594983304
490	439.393	-6.71440379273333
490	444.01	13.301570420609
490	448.63	-12.7269128359402
490	453.253	-11.0420035022531
490	457.878	-12.7453145147557
490	462.506	-11.7173498376363
490	467.137	-4.72122614286911
490	471.771	13.6209822429499
490	476.407	-17.5872966220517
490	481.047	18.2708597949832
490	485.688	159.795434337053
490	490.333	404.870971270067
490	494.979	-27.3039407922051
490	499.629	26.4290396855873
490	504.281	27.8248407763956
490	508.936	49.7838136541854
490	513.593	47.1758686615447
490	518.252	65.356386870289
490	522.914	76.997131664759
490	527.579	62.1201672783956
490	532.245	-627.417580781554
490	536.915	93.5710511611753
490	541.586	72.1414896537126
490	546.26	84.3647799326069
490	550.936	72.8586659650875
490	555.615	91.9318147268394
490	560.296	80.7107504617719
490	564.979	90.4623420001282
490	569.664	72.0565630950051
490	574.351	55.2798827911683
490	579.04	71.5260025171727
490	583.732	37.9332594198225
490	588.426	70.2649552374782
490	593.121	70.3021472693614
490	597.819	30.9638538762912
490	602.519	56.8632217946134
490	607.221	30.7733578962607
490	611.924	25.2540489608005
490	616.63	25.5198727549997
490	621.338	36.602539484032
490	626.047	36.2768919199563
490	630.758	27.2558238825148
490	635.471	64.3972752449623
490	640.186	20.3777138044515
490	644.903	3.44772445397292
490	649.621	51.9016089218134
490	654.341	35.3752705374814
490	659.063	37.4626756363218
490	663.787	40.510249769924
490	668.512	10.216151574487
490	673.238	17.2368701512938
490	677.967	25.4948427658672
490	682.696	38.4712570060321
490	687.428	50.7762001598402
490	692.16	4.53713170268794
490	696.895	166.438532718877
490	701.63	-3.44992846908595
490	706.367	20.5932133251842
490	711.106	26.2976988997023
490	715.845	20.2608455930819
490	720.586	19.11379013688
490	725.329	4.43163218495346
490	730.072	-2.03209813738303
490	734.817	2.45750352347283
490	739.563	-4.11285739086371
490	744.31	-0.835756461843921
490	749.058	12.2434274405713
490	753.808	19.7724874866884
490	758.558	-9.63166957556655
490	763.31	12.9551296838062
490	768.062	-26.580203329209
490	772.815	8.1080497101339
490	777.57	26.6504921386683
490	782.325	24.7360833451383
490	787.081	6.70718669391966
490	791.838	-16.7612862257421
490	796.596	9.75732961048293
490	801.355	-28.2141081831569
490	806.114	-28.6343133440824
490	810.875	20.2065076120327
490	815.635	3.36385352200123
490	820.397	-7.14822823844185
490	825.159	29.04566956662
485	248.336	3.55974195286608
485	252.814	-3.31824336917294
485	257.296	7.96577397943207
485	261.781	-28.0618418123292
485	266.271	4.83957997004652
485	270.764	31.9439476661455
485	275.26	-20.3719575946646
485	279.76	26.7155183369025
485	284.264	-24.1099368939791
485	288.772	15.7463448839207
485	293.283	-19.8602909069876
485	297.797	-7.69502727634653
485	302.315	7.54997732013765
485	306.837	13.1775771125063
485	311.362	4.51120909544809
485	315.89	0.75206442675031
485	320.422	-28.5947261827555
485	324.958	-1.16485330324879
485	329.496	10.2751038819719
485	334.038	12.7217106086885
485	338.584	-2.38158884975043
485	343.133	9.11286747116182
485	347.685	-13.1287743629174
485	352.24	19.3623527331935
485	356.799	-12.2325559090396
485	361.361	-10.6789698111948
485	365.926	-7.00547962168357
485	370.495	7.76412738484146
485	375.067	4.47871950168173
485	379.641	-6.66727654061149
485	384.219	20.6321596974256
485	388.801	2.26094162749214
485	393.385	21.2451881080273
485	397.972	-18.1253278411989
485	402.562	28.1499309091294
485	407.156	6.31225979303335
485	411.752	7.84658542963655
485	416.352	12.2246981174158
485	420.954	15.7595764293359
485	425.56	-8.65611551062336
485	430.168	-20.0222028535019
485	434.779	1.20928013426544
485	439.393	-2.70436573239417
485	444.01	13.0811123905864
485	448.63	6.42072458620529
485	453.253	-6.04847457856725
485	457.878	-17.4093729078995
485	462.506	4.82988014947132
485	467.137	-7.53774725255747
485	471.771	1.40213709732257
485	476.407	-16.809523468901
485	481.047	126.095165369485
485	485.688	366.345948740107
485	490.333	13.8947318039118
485	494.979	-7.89472078649618
485	499.629	28.2774667142893
485	504.281	40.6650953707246
485	508.936	51.3850716393936
485	513.593	43.2083794165484
485	518.252	46.5068479924547
485	522.914	79.8334347910657
485	527.579	69.6173235982179
485	532.245	67.7733931998951
485	536.915	82.174129298731
485	541.586	66.1040140152661
485	546.26	70.1206247961327
485	550.936	84.8269348179841
485	555.615	90.240534677757
485	560.296	86.7118961760831
485	564.979	60.125016226137
485	569.664	65.6861029374093
485	574.351	63.9685674757728
485	579.04	67.16717535863
485	583.732	92.0606675528662
485	588.426	71.4486064889918
485	593.121	67.3757042295317
485	597.819	25.4561686332978
485	602.519	48.3173514006317
485	607.221	36.4174718455239
485	611.924	28.2597835348495
485	616.63	36.5599556765788
485	621.338	47.9939360354291
485	626.047	29.6989291865969
485	630.758	15.7999466989056
485	635.471	23.2444597607951
485	640.186	9.57016471795596
485	644.903	-2.900731181475
485	649.621	35.6627229713705
485	654.341	25.5853559368818
485	659.063	22.1146649421933
485	663.787	27.5253779957381
485	668.512	17.1246401952742
485	673.238	19.9805571025379
485	677.967	23.9462453474347
485	682.696	37.5451135199957
485	687.428	37.8065379115185
485	692.16	5.78125243637651E-4
485	696.895	-3.93231119272727
485	701.63	16.2305736698865
485	706.367	-0.730576639091051
485	711.106	31.7200118037716
485	715.845	16.0434780237727
485	720.586	21.6957173282963
485	725.329	14.0102112515471
485	730.072	10.6678077636212
485	734.817	5.75648884960044
485	739.563	-5.43280905242947
485	744.31	13.7303807683255
485	749.058	13.8724784298715
485	753.808	46.451644106005
485	758.558	10.2792828661934
485	763.31	10.0704039411458
485	768.062	-11.0069036024383
485	772.815	-0.84613898206278
485	777.57	1.72668650913657
485	782.325	32.8840059613282
485	787.081	-4.50234140658101
485	791.838	2.69708186525627
485	796.596	43.9845423244701
485	801.355	-26.4981199721002
485	806.114	-5.93687238289503
485	810.875	15.8184113817038
485	815.635	9.49194792837887
485	820.397	-39.5502925851433
485	825.159	18.1920822338459
480	248.336	0.34231417868265
480	252.814	0.408924199504483
480	257.296	19.8622155054453
480	261.781	-30.8483540459272
480	266.271	8.78624616251965
480	270.764	12.9758996938687
480	275.26	-23.3561762407779
480	279.76	0.39844728908199
480	284.264	-22.3692910321224
480	288.772	17.204399861327
480	293.283	-19.2399725174485
480	297.797	-5.98876801768415
480	302.315	32.6526257460006
480	306.837	12.6985422270062
480	311.362	-7.80503752997752
480	315.89	-11.3705715621176
480	320.422	-5.206279101166
480	324.958	1.34389551625282
480	329.496	17.7665997620215
480	334.038	-8.59499282776887
480	338.584	-14.7499242353149
480	343.133	-8.56914059600914
480	347.685	23.4007981524581
480	352.24	3.83935393282087
480	356.799	-2.11475684799246
480	361.361	11.7203326640652
480	365.926	16.3885153092742
480	370.495	-3.88658384231848
480	375.067	13.3839881937618
480	379.641	9.83747298618369
480	384.219	-0.672888923050234
480	388.801	21.8055753522662
480	393.385	19.9300129166782
480	397.972	-26.2261092891902
480	402.562	-2.60860740372557
480	407.156	-12.6457090395517
480	411.752	-11.5891750820234
480	416.352	11.4076458935347
480	420.954	8.99551425847052
480	425.56	-13.6384091394474
480	430.168	-11.5427976527418
480	434.779	13.3467854751146
480	439.393	-13.2577717224158
480	444.01	-3.59517252692499
480	448.63	-7.06021299498295
480	453.253	0.00677787790748141
480	457.878	-8.6377054839764
480	462.506	9.80611306945167
480	467.137	3.63702881101108
480	471.771	9.38299593167469
480	476.407	146.822919321374
480	481.047	372.501298035968
480	485.688	54.0494775473389
480	490.333	10.7880932412354
480	494.979	24.8092881111629
480	499.629	37.5043686203649
480	504.281	41.3423978309644
480	508.936	46.3306861903398
480	513.593	19.9786635768862
480	518.252	62.4328757360827
480	522.914	66.9516076556333
480	527.579	69.7354463168302
480	532.245	69.7769943491306
480	536.915	65.4387248516118
480	541.586	69.027594742672
480	546.26	86.8996431033985
480	550.936	68.3105216926753
480	555.615	91.5319761229369
480	560.296	72.0923238339058
480	564.979	63.4756186758037
480	569.664	61.9818950137488
480	574.351	57.8110391422699
480	579.04	84.1039373577457
480	583.732	44.5911198476378
480	588.426	61.2607039763674
480	593.121	62.3288078492875
480	597.819	34.2962889138218
480	602.519	56.7473286804177
480	607.221	26.5491408425132
480	611.924	37.8408578636293
480	616.63	32.416770211047
480	621.338	33.2055562631028
480	626.047	34.6061005710628
480	630.758	16.1238162007125
480	635.471	23.9570787473597
480	640.186	17.6570470819923
480	644.903	18.1386606317284
480	649.621	26.8823757194856
480	654.341	13.5061566950693
480	659.063	15.6493170791677
480	663.787	15.5769915005298
480	668.512	15.1054652284755
480	673.238	26.8143316343177
480	677.967	18.9080988308152
480	682.696	17.2975740438106
480	687.428	20.1682810511699
480	692.16	0.615147932972554
480	696.895	-17.0117286543669
480	701.63	-9.04558022248492
480	706.367	5.68224386160927
480	711.106	1.27599148631297
480	715.845	10.0042648612281
480	720.586	15.5284627257867
480	725.329	17.6837433161463
480	730.072	-3.62540184009056
480	734.817	14.600658822197
480	739.563	15.4430828019704
480	744.31	10.5190079676832
480	749.058	-15.4237427763156
480	753.808	29.6946168248912
480	758.558	-0.356117628211026
480	763.31	-13.7866809466398
480	768.062	-13.9153728168663
480	772.815	0.732534441557013
480	777.57	1.49353827886517
480	782.325	36.0227042097935
480	787.081	19.8574196661462
480	791.838	-11.6694503031884
480	796.596	27.7370324752347
480	801.355	-10.9443705130596
480	806.114	-25.9970146969599
480	810.875	36.258616027973
480	815.635	1.02492842945264
480	820.397	-12.655709009558
480	825.159	-2.7372739792487
475	248.336	10.9534001013328
475	252.814	-4.87193471626369
475	257.296	-4.45078709078893
475	261.781	-12.7945048963767
475	266.271	-9.95153980377855
475	270.764	6.89344855965391
475	275.26	-29.240062951983
475	279.76	28.4291019279647
475	284.264	13.5288331036961
475	288.772	14.4296913126448
475	293.283	4.71462991674254
475	297.797	10.0435621045609
475	302.315	19.1198320442973
475	306.837	-3.87286207070671
475	311.362	-17.8524584334027
475	315.89	-5.05410192868769
475	320.422	-2.97694244064294
475	324.958	19.9680904993331
475	329.496	-9.37770023496656
475	334.038	8.80796889036865
475	338.584	-10.9831457396034
475	343.133	-5.01510403040744
475	347.685	-18.2601569015951
475	352.24	7.97810655669294
475	356.799	1.61250715556506
475	361.361	15.9238183798211
475	365.926	-11.0820144810259
475	370.495	-2.26373116924112
475	375.067	-9.34444644748616
475	379.641	4.34479471245811
475	384.219	11.3971921165053
475	388.801	13.9931180458454
475	393.385	37.039126695203
475	397.972	-14.3410305236473
475	402.562	6.62973718928447
475	407.156	-10.7812522487505
475	411.752	-2.32783909915944
475	416.352	3.3076085504796
475	420.954	-6.98331189773571
475	425.56	-11.9895934667151
475	430.168	-14.8816846900779
475	434.779	9.57670040175618
475	439.393	-9.9913782387075
475	444.01	-1.88679569811737
475	448.63	13.381163597964
475	453.253	-6.16735114298007
475	457.878	-17.1815771790722
475	462.506	-1.80178577539567
475	467.137	4.39839120606928
475	471.771	174.5624172998
475	476.407	255.785868721414
475	481.047	61.3222215785536
475	485.688	-5.264461345428
475	490.333	34.9153015404602
475	494.979	11.3418377803238
475	499.629	28.8748814596157
475	504.281	42.3806342060373
475	508.936	52.7597197943719
475	513.593	51.3769948112917
475	518.252	79.1461386232555
475	522.914	81.0237509497302
475	527.579	76.5498507994236
475	532.245	75.1062771521099
475	536.915	69.3006856216754
475	541.586	80.071023941467
475	546.26	79.7115109097304
475	550.936	89.552923544856
475	555.615	94.5285428847952
475	560.296	78.1099955271297
475	564.979	86.8482835982989
475	569.664	66.108737283814
475	574.351	62.3715268468274
475	579.04	56.9922299737808
475	583.732	60.3582121564247
475	588.426	39.828303506684
475	593.121	50.2684943656557
475	597.819	21.5395466266533
475	602.519	40.5876360740673
475	607.221	19.9988474392622
475	611.924	31.730076494081
475	616.63	33.3004431211877
475	621.338	29.6413156061075
475	626.047	30.6701806935194
475	630.758	29.9980886177058
475	635.471	9.82363193165006
475	640.186	19.4332587083077
475	644.903	15.3158231696044
475	649.621	39.3507212164658
475	654.341	32.0746514732402
475	659.063	28.8970424899238
475	663.787	21.7793946503577
475	668.512	12.1915592563563
475	673.238	32.7098528774212
475	677.967	12.0804300358212
475	682.696	47.1984594743821
475	687.428	16.2148890735408
475	692.16	11.5245325913174
475	696.895	11.0361408104173
475	701.63	15.9817519125983
475	706.367	10.6857663333597
475	711.106	8.4640881281797
475	715.845	3.54263078054652
475	720.586	27.525600139541
475	725.329	3.29595111766076
475	730.072	-2.57962891524688E-4
475	734.817	0.606699194701276
475	739.563	7.37042674132259
475	744.31	-19.245024133562
475	749.058	9.4066393495238
475	753.808	7.35088676839249
475	758.558	-15.9461048830955
475	763.31	1.99100105108621
475	768.062	-9.045508041244
475	772.815	-13.7283325525941
475	777.57	6.49086617425223
475	782.325	35.3848887529638
475	787.081	5.69931382676058
475	791.838	0.355863295293067
475	796.596	46.4026433351147
475	801.355	1.2515969665706
475	806.114	-17.8378826627258
475	810.875	1.56399780999979
475	815.635	14.0824966606696
475	820.397	-2.81711228754867
475	825.159	12.5176359522704
470	248.336	2.1306776299757
470	252.814	-18.7236176208984
470	257.296	15.4398382244769
470	261.781	-31.3350829958204
470	266.271	8.39675298317831
470	270.764	10.7277604032635
470	275.26	-9.92898692544903
470	279.76	10.2126423757047
470	284.264	2.88625892955901
470	288.772	-5.45618586073353
470	293.283	-5.23865115237113
470	297.797	-3.68051781047081
470	302.315	7.23590417401363
470	306.837	4.50991262666166
470	311.362	-5.40612220034084
470	315.89	5.62213828934722
470	320.422	-8.33945093318458
470	324.958	-8.36960102809196
470	329.496	-5.92386845625299
470	334.038	1.90409930205975
470	338.584	3.09011612232638
470	343.133	0.242235096031894
470	347.685	-19.0688877207618
470	352.24	8.21480920130635
470	356.799	6.34892245583391
470	361.361	-10.5707753297667
470	365.926	4.93857030567377
470	370.495	4.64974361788492
470	375.067	-9.51584241155872
470	379.641	8.69054224897666
470	384.219	-6.06425864440904
470	388.801	-6.31641867251332
470	393.385	18.5433478755741
470	397.972	-17.7449594392175
470	402.562	10.034432335239
470	407.156	-0.00109532118551203
470	411.752	-9.2048765759437
470	416.352	3.07978627873727
470	420.954	4.52985904204072
470	425.56	-5.74760671799472
470	430.168	-5.27836732793724
470	434.779	-1.64173204434358
470	439.393	-1.65101893266716
470	444.01	3.51466509262549
470	448.63	-1.96301930285968
470	453.253	0.303630843844516
470	457.878	-4.67201703100338
470	462.506	18.9803254757486
470	467.137	175.342425971911
470	471.771	-10.7455431751478
470	476.407	-52.7336165610268
470	481.047	24.5574897187918
470	485.688	8.87944660741165
470	490.333	23.2684609750238
470	494.979	24.2594393158465
470	499.629	30.220147549254
470	504.281	52.1386921244097
470	508.936	53.5039847143125
470	513.593	40.4968390269455
470	518.252	65.5598285946644
470	522.914	82.559790770712
470	527.579	73.0533147201422
470	532.245	76.4816277974891
470	536.915	78.4224639683988
470	541.586	84.5716128467157
470	546.26	73.6982120736258
470	550.936	78.5570731040709
470	555.615	88.9597612269801
470	560.296	93.3169731832247
470	564.979	78.4525388297901
470	569.664	75.5165138697998
470	574.351	68.140790887851
470	579.04	67.2089317301346
470	583.732	47.4175918474582
470	588.426	47.3152842509761
470	593.121	51.4292016782806
470	597.819	27.283675567163
470	602.519	45.0046904538319
470	607.221	29.366644948361
470	611.924	24.9173276100465
470	616.63	25.3826050367812
470	621.338	33.3709848831818
470	626.047	38.188550953343
470	630.758	23.2671477327919
470	635.471	17.7283938610408
470	640.186	18.1442812916646
470	644.903	9.46440473560394
470	649.621	21.1628124218724
470	654.341	24.6753542296209
470	659.063	10.8321564199907
470	663.787	23.2007126719631
470	668.512	0.404668205636794
470	673.238	20.6286698698517
470	677.967	15.7932349407572
470	682.696	21.6473151370735
470	687.428	31.3183268875955
470	692.16	9.1473870334687
470	696.895	7.0656035686166
470	701.63	10.3681593184356
470	706.367	5.02814575675267
470	711.106	5.96934572616058
470	715.845	-1.78922336904412
470	720.586	9.18614747963017
470	725.329	15.4177680844231
470	730.072	-0.227756065691909
470	734.817	10.7969079074325
470	739.563	-10.2355389286626
470	744.31	-0.703533541938914
470	749.058	1.89317315077647
470	753.808	23.466417525073
470	758.558	-5.91326115138822
470	763.31	0.247049736480271
470	768.062	-10.4013235075995
470	772.815	-2.02932241007579
470	777.57	4.91817171846928
470	782.325	11.8161778189353
470	787.081	-10.2499419721876
470	791.838	-0.810911947776948
470	796.596	20.5822922979945
470	801.355	-3.07812344569656
470	806.114	6.86764599212032
470	810.875	7.58217369036384
470	815.635	18.0061633949709
470	820.397	-13.9794209094848
470	825.159	9.23880251690449
465	248.336	-8.77719849344519
465	252.814	-4.25664643001631
465	257.296	8.42222580784884
465	261.781	-1.25612100212252
465	266.271	-15.8455179338175
465	270.764	17.1361772844913
465	275.26	-17.2746535497605
465	279.76	13.3867208527244
465	284.264	0.232905880917414
465	288.772	-2.19134024107291
465	293.283	-15.5322095960145
465	297.797	-5.08198906139824
465	302.315	8.37691229255818
465	306.837	-0.198634493964094
465	311.362	-0.994009120295108
465	315.89	-2.18085137464172
465	320.422	-8.35104199191484
465	324.958	-3.07529842450795
465	329.496	2.09066377915607
465	334.038	1.26044103321108
465	338.584	0.207181371771633
465	343.133	1.67224111555271
465	347.685	-1.89213789597883
465	352.24	1.70908202591815
465	356.799	17.4597796866387
465	361.361	-10.2013881752027
465	365.926	-4.13883420087937
465	370.495	-15.7613561902743
465	375.067	-5.1640759533702
465	379.641	-3.93620363754157
465	384.219	2.87937304178851
465	388.801	-2.57972631222518
465	393.385	6.09055841741876
465	397.972	-5.7090621675695
465	402.562	3.36584408846412
465	407.156	-7.02417943961657
465	411.752	-1.72632965587292
465	416.352	11.7304049747941
465	420.954	2.83444008832605
465	425.56	-4.0785934511184
465	430.168	-4.15902987592393
465	434.779	10.4118738026504
465	439.393	3.20777287256307
465	444.01	5.36856223637508
465	448.63	4.4991788114453
465	453.253	6.58648212985094
465	457.878	16.4270623099104
465	462.506	251.393758823568
465	467.137	-1.46477603439416
465	471.771	-56.9302902546206
465	476.407	2.56346687865209
465	481.047	24.4309220115444
465	485.688	17.4780669314825
465	490.333	33.9744037853914
465	494.979	24.345597938635
465	499.629	41.4847764310579
465	504.281	50.5274370295653
465	508.936	54.7443730349914
465	513.593	55.2879169255022
465	518.252	65.8710340231046
465	522.914	80.5397735208564
465	527.579	75.9908310058742
465	532.245	78.1672344877771
465	536.915	84.2719607857564
465	541.586	75.3828924015603
465	546.26	72.1045811170346
465	550.936	80.1786841753773
465	555.615	89.5894235973449
465	560.296	79.3073943885325
465	564.979	69.538171911312
465	569.664	55.4517520904598
465	574.351	62.4386512183791
465	579.04	69.1146154414576
465	583.732	57.2466364108358
465	588.426	47.4855695571694
465	593.121	57.0478901462816
465	597.819	31.5927659704004
465	602.519	47.7548030344345
465	607.221	29.2651386519846
465	611.924	31.3120695472047
465	616.63	39.4507259418413
465	621.338	32.7256762245111
465	626.047	28.0847562647696
465	630.758	32.7262662804034
465	635.471	17.6683127273391
465	640.186	18.7141658667222
465	644.903	26.7691558773931
465	649.621	27.1454700192615
465	654.341	30.3744249226044
465	659.063	21.4258890249295
465	663.787	32.8612106463865
465	668.512	9.0496559128337
465	673.238	18.0213960524904
465	677.967	22.9227043339386
465	682.696	18.9130566959749
465	687.428	19.7926352709496
465	692.16	7.32295069151828
465	696.895	3.40320427486869
465	701.63	7.24372630561354
465	706.367	1.54305108539791
465	711.106	24.7506487034995
465	715.845	9.0686181024216
465	720.586	15.6156802162998
465	725.329	16.2073125378598
465	730.072	11.4749393109118
465	734.817	15.0050183072143
465	739.563	5.94978286528645
465	744.31	13.4748684514801
465	749.058	4.60805077163782
465	753.808	15.3683747925341
465	758.558	-5.65313336878559
465	763.31	9.53322462599067
465	768.062	-10.9609364418769
465	772.815	3.35449408574889
465	777.57	-11.8651200618417
465	782.325	12.9740537818286
465	787.081	-4.52125170817635
465	791.838	-2.61417084068082
465	796.596	26.3889272218707
465	801.355	-12.3298094703904
465	806.114	-1.04512283841431
465	810.875	6.26758366980161
465	815.635	7.73185565312267
465	820.397	4.38973592324832
465	825.159	-2.09031901079803
460	248.336	8.88826191959078
460	252.814	5.88095834382748
460	257.296	17.1835735484923
460	261.781	-25.8744151868322
460	266.271	-2.57287855421471
460	270.764	12.5915600341316
460	275.26	-3.92040811309203
460	279.76	8.4448197411849
460	284.264	-17.107486670364
460	288.772	11.5161578852929
460	293.283	-3.75672333293702
460	297.797	-4.55026680348021
460	302.315	10.2686643623116
460	306.837	15.5834513637788
460	311.362	-4.00269483296611
460	315.89	8.2220316880448
460	320.422	-21.1347990726001
460	324.958	-4.13331609662088
460	329.496	-0.228175021615485
460	334.038	9.40336522946328
460	338.584	-0.941493532437802
460	343.133	-11.2503629388127
460	347.685	-1.87899752009753
460	352.24	13.1208819835737
460	356.799	0.00321274576449149
460	361.361	-0.972152377776012
460	365.926	-1.95330610967579
460	370.495	-16.4290860153286
460	375.067	-4.33027912032906
460	379.641	-8.11722166793436
460	384.219	-0.920588023887211
460	388.801	0.893449311520749
460	393.385	15.7570285750434
460	397.972	-6.18334450537608
460	402.562	9.31430560127138
460	407.156	13.3614709368167
460	411.752	10.0537695821021
460	416.352	-5.13344364518538
460	420.954	7.46127169861902
460	425.56	1.84159456838375
460	430.168	-3.20364760215816
460	434.779	23.830721251354
460	439.393	6.78684954264224
460	444.01	16.7298075588419
460	448.63	0.556790569878061
460	453.253	26.0981772534213
460	457.878	277.986176981832
460	462.506	2.0667493385954
460	467.137	-0.336250699844186
460	471.771	10.7412462320728
460	476.407	18.4818411853301
460	481.047	45.7071789174453
460	485.688	20.3736403460967
460	490.333	43.5664303277166
460	494.979	28.0604068856658
460	499.629	46.5875784243297
460	504.281	58.0039564815114
460	508.936	67.5641910523973
460	513.593	56.7298865313455
460	518.252	69.3969299643147
460	522.914	82.9783615300801
460	527.579	73.279974556392
460	532.245	82.8716212402449
460	536.915	84.7048234973828
460	541.586	76.7860289992984
460	546.26	102.137959589976
460	550.936	89.417115635853
460	555.615	75.3328884502006
460	560.296	81.4021362260135
460	564.979	72.1163297426653
460	569.664	61.0394435512854
460	574.351	54.1016652414971
460	579.04	58.3513962880625
460	583.732	53.7308676748257
460	588.426	45.0053184377948
460	593.121	56.0114535302367
460	597.819	33.7801545109369
460	602.519	42.5077669703512
460	607.221	21.183027197404
460	611.924	26.4172321473147
460	616.63	39.2450462162097
460	621.338	38.4540326233746
460	626.047	17.9344860043602
460	630.758	24.8547165750176
460	635.471	18.8317834827463
460	640.186	14.1485577038804
460	644.903	2.67348286742234
460	649.621	21.4794935952684
460	654.341	28.884840152642
460	659.063	11.6942845974009
460	663.787	22.1051288108185
460	668.512	11.3416950725576
460	673.238	23.224237982408
460	677.967	26.6781427875062
460	682.696	27.8048550558792
460	687.428	17.7594929143166
460	692.16	11.5559524376117
460	696.895	3.17480467109794
460	701.63	-0.212053535107228
460	706.367	11.4415522908962
460	711.106	13.7404574951809
460	715.845	-0.441841540142705
460	720.586	15.0432193514265
460	725.329	17.4654307139971
460	730.072	2.47536111675976
460	734.817	3.177692940733
460	739.563	-938.994188990593
460	744.31	-74.2156971631157
460	749.058	-14.2923123020222
460	753.808	6.21077652234515
460	758.558	-11.9146182583678
460	763.31	0.248201619638068
460	768.062	-7.75854433644874
460	772.815	-5.5021773592491
460	777.57	1.53176684881008
460	782.325	41.2220245170858
460	787.081	8.51605465797849
460	791.838	7.98133295998792
460	796.596	20.3222629918426
460	801.355	-2.80926089565877
460	806.114	0.233311790279258
460	810.875	9.35436625947797
460	815.635	2.57283366135155
460	820.397	7.78861006990983E-4
460	825.159	12.8623509644081
455	248.336	6.52199056175366
455	252.814	-9.43429352851874
455	257.296	10.6200318816295
455	261.781	-13.3906852711836
455	266.271	-25.2426441004403
455	270.764	15.6182598836718
455	275.26	-15.2913908579529
455	279.76	12.9685095351428
455	284.264	-14.4501299760374
455	288.772	-0.856252740726472
455	293.283	-25.9125134992362
455	297.797	10.2993095901817
455	302.315	11.9246997779544
455	306.837	6.46421070862548
455	311.362	14.7167799426614
455	315.89	8.77115263151189
455	320.422	-8.52304146895857
455	324.958	0.531390689216969
455	329.496	-6.23145477270436
455	334.038	-18.0155875270995
455	338.584	10.8919273638234
455	343.133	-5.1732066953505
455	347.685	-16.1137372915305
455	352.24	5.8182032721682
455	356.799	1.68707143550087
455	361.361	0.84108611199658
455	365.926	4.52355758965992
455	370.495	-1.96318299964434
455	375.067	-5.03058914812578
455	379.641	3.23276299431245
455	384.219	3.74480038189841
455	388.801	9.56554182759306
455	393.385	-2.22062713286805
455	397.972	-16.275375309084
455	402.562	0.923378290639007
455	407.156	-12.7765358035393
455	411.752	-3.36325673883122
455	416.352	5.75145377837629
455	420.954	-0.197724002979768
455	425.56	-7.60972692852596
455	430.168	-5.78935279803663
455	434.779	12.0913400639019
455	439.393	8.2983023909806
455	444.01	12.097958243085
455	448.63	47.9630683985237
455	453.253	303.234597990039
455	457.878	54.8571597503233
455	462.506	-14.9665160858726
455	467.137	14.0948603593581
455	471.771	27.4658670777355
455	476.407	16.7131470301614
455	481.047	46.6568008203549
455	485.688	37.6542316076504
455	490.333	55.709486574958
455	494.979	43.3811892828865
455	499.629	62.7675946798457
455	504.281	63.9629749009955
455	508.936	88.9713181186033
455	513.593	72.2218705839694
455	518.252	75.2062652191629
455	522.914	91.9319562922125
455	527.579	91.9357686515281
455	532.245	68.9464897646298
455	536.915	82.6185442678173
455	541.586	92.0630526838578
455	546.26	83.7108314806855
455	550.936	84.2726959956995
455	555.615	78.4353619356711
455	560.296	93.3639417739591
455	564.979	61.0669337680647
455	569.664	66.0029900714864
455	574.351	53.9612812085548
455	579.04	61.2030764635811
455	583.732	58.9944465888343
455	588.426	51.8586802899583
455	593.121	54.9481852809196
455	597.819	32.5175031659428
455	602.519	43.2161948438702
455	607.221	33.4825783017718
455	611.924	30.2608987592989
455	616.63	28.2745248269013
455	621.338	31.2588563781651
455	626.047	21.6843126246447
455	630.758	16.2759002508552
455	635.471	25.8020758565764
455	640.186	25.1917946004021
455	644.903	-1.10310222024746
455	649.621	23.1406613954468
455	654.341	25.5584467597879
455	659.063	33.8266025617617
455	663.787	22.8687541790985
455	668.512	4.47311054327621
455	673.238	28.6248562079801
455	677.967	5.72403310877156
455	682.696	12.0480138508905
455	687.428	32.7562674541154
455	692.16	-0.972552713406157
455	696.895	18.1762124112799
455	701.63	2.97495340299461
455	706.367	5.01404986439346
455	711.106	11.6509209186775
455	715.845	12.2975284869743
455	720.586	17.2068511518751
455	725.329	3.12137244072939
455	730.072	4.44504690821973
455	734.817	14.4891492440411
455	739.563	-3.99427927809625
455	744.31	-1.07577667202773
455	749.058	17.4181554177471
455	753.808	24.6867650754811
455	758.558	-4.23572725359191
455	763.31	11.2389573248023
455	768.062	-0.582505684414802
455	772.815	-2.03395416362258
455	777.57	15.4151953686454
455	782.325	19.2686940348556
455	787.081	-4.32970787691039
455	791.838	-15.1340551630812
455	796.596	1.88911235000452
455	801.355	-2.16830651107814
455	806.114	5.43080127418977
455	810.875	3.26099528087683
455	815.635	9.23404620001708
455	820.397	-5.42918644716768
455	825.159	5.43103196376435
450	248.336	5.7397702913423
450	252.814	-10.8413897754649
450	257.296	2.86135883779277
450	261.781	-22.1184146879244
450	266.271	-5.15824116269619
450	270.764	25.8324636758222
450	275.26	-31.8032646876495
450	279.76	9.12734966199167
450	284.264	-26.0700237716577
450	288.772	15.4716760984233
450	293.283	-17.5548505861865
450	297.797	-1.77874165654394
450	302.315	-2.60253590006303
450	306.837	6.02098918522461
450	311.362	-2.87386452479215
450	315.89	-5.71364983429908
450	320.422	-19.2222448098015
450	324.958	-16.5847787103952
450	329.496	-13.843217543991
450	334.038	-8.7843204264112
450	338.584	-1.21174638282198
450	343.133	0.590403615094415
450	347.685	2.13268653733625
450	352.24	14.466715810177
450	356.799	-19.8950395812902
450	361.361	23.1558548961637
450	365.926	11.6167859218062
450	370.495	-8.10324610743706
450	375.067	2.78973423713575
450	379.641	-2.69091565092148
450	384.219	5.94876651826431
450	388.801	-1.4155422026813
450	393.385	23.3416915301483
450	397.972	2.65975766669916
450	402.562	-12.2581410678156
450	407.156	9.88688494669164
450	411.752	3.5170255753957
450	416.352	-9.50192709300756
450	420.954	3.00299862376006
450	425.56	3.92354916309968
450	430.168	-7.02763086159585
450	434.779	12.3650742959855
450	439.393	-5.32297409738274
450	444.01	66.5700544943223
450	448.63	393.075644802328
450	453.253	164.135887559405
450	457.878	-9.95214305952186
450	462.506	25.8893487365073
450	467.137	23.7442814191856
450	471.771	23.9703753350968
450	476.407	25.956745441271
450	481.047	44.9183019937826
450	485.688	56.9682514177881
450	490.333	63.5857600707297
450	494.979	49.4523315873507
450	499.629	64.7159031346996
450	504.281	63.0931340316811
450	508.936	72.1523480602288
450	513.593	74.4256312606492
450	518.252	80.2559077855996
450	522.914	85.1788554719533
450	527.579	77.5554160197858
450	532.245	82.4946011762335
450	536.915	102.807411851562
450	541.586	93.7270651779504
450	546.26	92.9285576045159
450	550.936	92.0955225411586
450	555.615	84.782061668093
450	560.296	72.978663282542
450	564.979	68.0426005278721
450	569.664	61.3898935696621
450	574.351	55.3524001176979
450	579.04	64.6751308105885
450	583.732	42.6472347923253
450	588.426	54.9182571200874
450	593.121	47.1192182890667
450	597.819	39.281920084605
450	602.519	63.9211717995078
450	607.221	32.1523299620015
450	611.924	29.448653318349
450	616.63	32.3484226854004
450	621.338	42.752492149859
450	626.047	37.9086996216947
450	630.758	31.0949894439899
450	635.471	24.7688840427619
450	640.186	1.95650224538092
450	644.903	11.3294296911509
450	649.621	12.4794542491712
450	654.341	31.1636645729775
450	659.063	12.0202135349925
450	663.787	37.5675062131132
450	668.512	1.31234100872883
450	673.238	12.6178519657808
450	677.967	19.3351687740865
450	682.696	23.8236580355968
450	687.428	38.5361694059167
450	692.16	0.543322170395891
450	696.895	-1.07511360447926
450	701.63	0.833573285776576
450	706.367	-0.55005042543493
450	711.106	8.43773627031904
450	715.845	4.26886341231993
450	720.586	21.3918662914901
450	725.329	16.7505081036199
450	730.072	8.13641043585
450	734.817	8.48949841031994
450	739.563	2.07870673168302
450	744.31	1.506946320447
450	749.058	-1.20367257608684
450	753.808	41.5832933156374
450	758.558	2.82682464932933
450	763.31	-12.1579831638469
450	768.062	-26.1499288743943
450	772.815	32.2803968882839
450	777.57	18.1062250705848
450	782.325	40.7856030892347
450	787.081	13.3854590629759
450	791.838	0.349175239241433
450	796.596	20.6082532327462
450	801.355	-13.2711884670244
450	806.114	-21.7138481313827
450	810.875	-2.69899068309484
450	815.635	15.0833930800392
450	820.397	7.54311424544546
450	825.159	-1.51223799792504
445	248.336	0.717018305747406
445	252.814	-18.4452177396253
445	257.296	21.1883974980711
445	261.781	-9.05697456355259
445	266.271	-7.43067681086494
445	270.764	19.25386882578
445	275.26	-0.860624985224197
445	279.76	29.5693458590816
445	284.264	-20.2181931805283
445	288.772	7.10367535658885
445	293.283	-33.0489026452188
445	297.797	-0.732097076172675
445	302.315	13.9861742121032
445	306.837	17.0158971528754
445	311.362	10.1990911828748
445	315.89	0.348344267237835
445	320.422	-20.4143030440494
445	324.958	3.86734335760821
445	329.496	11.089266880251
445	334.038	-10.0588183589058
445	338.584	-19.7619090379595
445	343.133	9.28696169854052
445	347.685	-26.9906998815571
445	352.24	24.1038878991545
445	356.799	5.92860850604687
445	361.361	9.27165448448609
445	365.926	16.772798416677
445	370.495	-12.5567771813932
445	375.067	5.92197914975664
445	379.641	-7.11777739579056
445	384.219	3.53284278689802
445	388.801	7.5274290882456
445	393.385	26.3982026294973
445	397.972	-12.2740798120107
445	402.562	8.82271968982108
445	407.156	-12.8641705609392
445	411.752	-13.7347060933087
445	416.352	25.2999650839301
445	420.954	22.2534229229282
445	425.56	-6.12680344006739
445	430.168	2.76974684920819
445	434.779	20.8662513763858
445	439.393	78.5077779977833
445	444.01	484.342332880264
445	448.63	169.378746646109
445	453.253	-45.9840220391252
445	457.878	13.7098718441688
445	462.506	26.2910658613009
445	467.137	30.7429665886352
445	471.771	40.7730948445903
445	476.407	46.3276085601271
445	481.047	63.2810461568056
445	485.688	51.9304330932294
445	490.333	74.7371393230505
445	494.979	56.9775040019284
445	499.629	73.1006715230097
445	504.281	82.361463574244
445	508.936	90.8598913322752
445	513.593	77.1210947249226
445	518.252	82.5655522696821
445	522.914	107.716156608274
445	527.579	102.069431771339
445	532.245	103.833147868817
445	536.915	96.2390123601032
445	541.586	78.7897671313758
445	546.26	75.2941189130855
445	550.936	74.565400110278
445	555.615	85.4900355122177
445	560.296	73.7060937206798
445	564.979	86.1276369499329
445	569.664	66.4227681334431
445	574.351	63.6157699710811
445	579.04	69.4360289092854
445	583.732	58.2556763575619
445	588.426	45.8353025325598
445	593.121	62.8414733359498
445	597.819	19.5799587357567
445	602.519	55.3486158863865
445	607.221	20.4551076084019
445	611.924	40.9957749497995
445	616.63	34.7907680528625
445	621.338	42.0493285015322
445	626.047	37.9261095115585
445	630.758	17.7391632507844
445	635.471	19.6202690584583
445	640.186	21.3796107793436
445	644.903	18.7100682056229
445	649.621	29.6148601620953
445	654.341	30.3678257813858
445	659.063	21.5385660956618
445	663.787	15.7169234929939
445	668.512	-0.89609834956735
445	673.238	22.4509375839344
445	677.967	16.9775983838468
445	682.696	27.2950015470837
445	687.428	45.4025448532258
445	692.16	1.62328393601375
445	696.895	24.9347651518446
445	701.63	9.47882379564132
445	706.367	21.1340424168942
445	711.106	17.6718070148534
445	715.845	18.2250229266845
445	720.586	4.38714164157581
445	725.329	29.4630109160263
445	730.072	7.23739636451572
445	734.817	3.46955985189943
445	739.563	9.85744540239849
445	744.31	-9.57420085930312
445	749.058	7.16575802045278
445	753.808	9.50865192066779
445	758.558	-4.83927629771783
445	763.31	-12.1455230926101
445	768.062	-31.3955545828419
445	772.815	0.0184128750562049
445	777.57	6.62510231460143
445	782.325	26.5671695503012
445	787.081	20.7662771215696
445	791.838	27.2592000169168
445	796.596	22.801997897705
445	801.355	-16.0773389267279
445	806.114	-15.380398590948
445	810.875	7.88289894108556
445	815.635	-8.58485876935731
445	820.397	-11.4342881630914
445	825.159	-20.7512237156717
440	248.336	-3.3644318986357
440	252.814	-49.4240467790401
440	257.296	25.7852162982502
440	261.781	-9.03809245961925
440	266.271	-12.8353105247978
440	270.764	53.7181361253435
440	275.26	-28.7652553224456
440	279.76	17.0262052379778
440	284.264	-10.3894751835764
440	288.772	-3.15204298395571
440	293.283	-27.1153282553112
440	297.797	-2.56405952538521
440	302.315	10.3723391485343
440	306.837	-12.8713623126343
440	311.362	-3.91247843479396
440	315.89	-21.3746850748477
440	320.422	-13.5591854584966
440	324.958	-9.19748580093659
440	329.496	-1.47603087848005
440	334.038	0.750351179307623
440	338.584	-6.39666797627839
440	343.133	-0.00606100875940374
440	347.685	-11.3212301494183
440	352.24	27.5539026560543
440	356.799	40.6370920492935
440	361.361	-23.0007350920653
440	365.926	6.24254175421846
440	370.495	-2.70111644429109
440	375.067	-21.2329126939391
440	379.641	-6.69205212414627
440	384.219	-8.11171332861321
440	388.801	-0.336967586868496
440	393.385	7.86593281212744
440	397.972	-28.0934880913652
440	402.562	15.6156256421221
440	407.156	-7.16845701064362
440	411.752	9.46651205198384
440	416.352	11.7738943861584
440	420.954	19.604592830236
440	425.56	12.7872551581737
440	430.168	-6.68825723968774
440	434.779	155.022731611591
440	439.393	752.220539072665
440	444.01	468.519517272583
440	448.63	52.6250326094842
440	453.253	26.1061051407369
440	457.878	31.5073814436598
440	462.506	43.8574137442242
440	467.137	61.3306748743253
440	471.771	47.1735381550108
440	476.407	70.8156876031817
440	481.047	78.040373064318
440	485.688	91.5052237152566
440	490.333	106.558878449175
440	494.979	67.7991354731372
440	499.629	100.01832742864
440	504.281	120.459917729963
440	508.936	131.822149039659
440	513.593	78.9318167575553
440	518.252	123.84734947445
440	522.914	130.738549637484
440	527.579	115.220153135152
440	532.245	108.511356667953
440	536.915	107.583747219195
440	541.586	93.7058140359735
440	546.26	95.1023515180772
440	550.936	94.745016855599
440	555.615	96.7285781452387
440	560.296	86.7916277641888
440	564.979	69.110320572191
440	569.664	65.5634062071262
440	574.351	68.2980599963154
440	579.04	95.2634090417938
440	583.732	73.4993208419651
440	588.426	58.8751740740091
440	593.121	54.9822166359664
440	597.819	49.7018861963851
440	602.519	62.8155389303644
440	607.221	20.5726411791413
440	611.924	26.5397439452002
440	616.63	42.558703006541
440	621.338	48.7761203086557
440	626.047	32.0400332681421
440	630.758	22.500119603059
440	635.471	21.4531453637453
440	640.186	28.7533017475106
440	644.903	20.8314661107276
440	649.621	36.0036315643621
440	654.341	34.9871208741184
440	659.063	19.7254793718528
440	663.787	17.7336489944011
440	668.512	7.15800353262265
440	673.238	20.9211722576087
440	677.967	28.3146284367242
440	682.696	49.259939891753
440	687.428	46.5978917042417
440	692.16	-7.06143371211417
440	696.895	0.352414616468657
440	701.63	10.6079773477216
440	706.367	9.35786494876483
440	711.106	17.4900028019815
440	715.845	23.3714230892349
440	720.586	17.3968692126209
440	725.329	19.4032010447
440	730.072	-6.50655472111758
440	734.817	3.28585296145156
440	739.563	22.1019274744712
440	744.31	1.5029949012916
440	749.058	10.5284700399488
440	753.808	4.21659826911588
440	758.558	-26.1306097796549
440	763.31	-3.97348736906614
440	768.062	-42.9668239787659
440	772.815	6.43133733487463
440	777.57	-5.7383661050997
440	782.325	22.4588974568203
440	787.081	15.3764233877262
440	791.838	13.6510894741323
440	796.596	26.0815093401584
440	801.355	2.99968065766805
440	806.114	-13.8860005143424
440	810.875	16.1365172180557
440	815.635	-6.38150539693631
440	820.397	-1.50437759160773
440	825.159	13.5061250641291
435	248.336	-26.3502457485647
435	252.814	7.01317761541259
435	257.296	7.37365787389213
435	261.781	-23.7648390009021
435	266.271	-3.13347658869307
435	270.764	12.5397932903578
435	275.26	-33.7577064257468
435	279.76	23.0170796124405
435	284.264	-19.8768283380295
435	288.772	10.3548804840658
435	293.283	-51.8319240046568
435	297.797	-0.356585192794178
435	302.315	24.4551806445092
435	306.837	6.96756605445998
435	311.362	16.0057779692438
435	315.89	-2.08431111708361
435	320.422	-17.7557078584575
435	324.958	2.87443209764767
435	329.496	-15.3495575982202
435	334.038	20.232494787849
435	338.584	-6.60632624196592
435	343.133	6.23213044852115
435	347.685	0.00194478962606048
435	352.24	7.46577977835524
435	356.799	9.81418961304224
435	361.361	-2.28047144602466
435	365.926	-2.28820896700794
435	370.495	-9.45258190440712
435	375.067	18.0886143103949
435	379.641	9.07618878175217
435	384.219	16.2106667120428
435	388.801	-1.04061140404148
435	393.385	-2.99546237552353
435	397.972	-12.8946333874988
435	402.562	-17.3515723044929
435	407.156	-30.112544902387
435	411.752	11.2179186260817
435	416.352	31.5796330100216
435	420.954	27.4404161253052
435	425.56	15.7718513689347
435	430.168	194.60482096172
435	434.779	876.529904967654
435	439.393	474.473694067528
435	444.01	24.4746302122203
435	448.63	27.0095891094198
435	453.253	29.6315943385791
435	457.878	27.7584939046599
435	462.506	67.6272562580877
435	467.137	62.8845850449088
435	471.771	65.4863889358792
435	476.407	62.8935792823411
435	481.047	107.133273423236
435	485.688	92.7882508494092
435	490.333	118.954838011273
435	494.979	108.200653860771
435	499.629	125.201713965578
435	504.281	118.739774671155
435	508.936	138.896841086089
435	513.593	117.48886786363
435	518.252	133.895970411671
435	522.914	130.597152821672
435	527.579	109.932612783606
435	532.245	116.217796535252
435	536.915	105.149014110595
435	541.586	92.1293985792399
435	546.26	88.1273379689247
435	550.936	96.7645878975012
435	555.615	91.2345920571228
435	560.296	91.8865900173793
435	564.979	80.4448438465869
435	569.664	76.5600251808645
435	574.351	73.7669197817114
435	579.04	78.1799789923727
435	583.732	69.5181792837506
435	588.426	35.4807823459272
435	593.121	62.6027057110622
435	597.819	30.3978346179226
435	602.519	59.337220436193
435	607.221	7.80047286983249
435	611.924	26.1502006419351
435	616.63	23.8819741593567
435	621.338	24.9275830609167
435	626.047	54.9617351732527
435	630.758	13.1591357176247
435	635.471	37.1222925278345
435	640.186	27.4520320214757
435	644.903	14.0334457973302
435	649.621	45.7186303521695
435	654.341	41.8171423726248
435	659.063	31.007257690747
435	663.787	29.5597925704234
435	668.512	12.6769376157002
435	673.238	40.1673425071052
435	677.967	27.2961867440004
435	682.696	40.2620182823239
435	687.428	40.8712167517941
435	692.16	18.0810386458459
435	696.895	13.2402919528692
435	701.63	15.0202459720228
435	706.367	33.7762745201306
435	711.106	26.6221041191236
435	715.845	20.026023224874
435	720.586	19.0376832183257
435	725.329	23.1254537387372
435	730.072	1.76251870513817
435	734.817	13.8475802468866
435	739.563	30.5298306975731
435	744.31	-2.54104592877741
435	749.058	13.201715182059
435	753.808	31.77156935706
435	758.558	-20.550678739894
435	763.31	12.03539926756
435	768.062	-0.784440202042256
435	772.815	1.56676739291064
435	777.57	34.7604622896825
435	782.325	27.5882688458453
435	787.081	5.8314994509685
435	791.838	14.5658566405636
435	796.596	14.838096191671
435	801.355	-2.19625862612945
435	806.114	2.92669253382272
435	810.875	16.103599893203
435	815.635	14.6393613837427
435	820.397	-2.56088075161013
435	825.159	19.0311351005441
430	248.336	-0.342456814513394
430	252.814	-37.8403933710768
430	257.296	22.7086846895658
430	261.781	-22.6135078471911
430	266.271	-22.5799474208286
430	270.764	27.370181867202
430	275.26	-43.3725419873679
430	279.76	21.0894075203826
430	284.264	-31.4665588292564
430	288.772	13.375493092581
430	293.283	-24.9458854811255
430	297.797	8.27085603968055
430	302.315	3.03731848168297
430	306.837	20.6061139293347
430	311.362	6.41854673775434
430	315.89	-5.39608833696094
430	320.422	-13.5018609221942
430	324.958	4.19168771578504
430	329.496	4.64436704289795
430	334.038	6.78060937770811
430	338.584	-7.83198729539939
430	343.133	-3.19817599079258
430	347.685	-21.4152579733825
430	352.24	1.82656456603961
430	356.799	-5.12427648065023
430	361.361	8.47337290039669
430	365.926	-5.91991414919209
430	370.495	-2.91218128652421
430	375.067	-0.724834499120467
430	379.641	-18.2951627005095
430	384.219	10.1576023669279
430	388.801	2.74383376076568
430	393.385	9.45859289683571
430	397.972	-10.7841889988593
430	402.562	18.9022221584841
430	407.156	-0.638864911340249
430	411.752	21.0819361182822
430	416.352	39.2359356711949
430	420.954	22.9799522211491
430	425.56	235.463635260804
430	430.168	835.816741015658
430	434.779	465.361183154273
430	439.393	24.067683644311
430	444.01	66.318651645735
430	448.63	44.8805099471972
430	453.253	66.8660957313349
430	457.878	61.3558217869111
430	462.506	90.3419001521118
430	467.137	92.7043125340494
430	471.771	92.4856336315235
430	476.407	102.250312125751
430	481.047	114.843971968276
430	485.688	126.91605529702
430	490.333	128.3665765604
430	494.979	120.750197755517
430	499.629	141.360140108386
430	504.281	129.451246034571
430	508.936	157.202983097318
430	513.593	109.388690074538
430	518.252	130.697144153013
430	522.914	139.771416854089
430	527.579	122.151661633137
430	532.245	111.356620178566
430	536.915	116.659122005001
430	541.586	107.386960903063
430	546.26	112.555187208067
430	550.936	99.6583897593615
430	555.615	98.5415893278207
430	560.296	84.892522393353
430	564.979	88.1998834096084
430	569.664	72.5124000416567
430	574.351	81.1145893208253
430	579.04	83.4073646425537
430	583.732	55.7065961534273
430	588.426	53.6145307240596
430	593.121	66.8184201921421
430	597.819	24.9940744842888
430	602.519	47.3965560878961
430	607.221	38.1205131116439
430	611.924	39.026291619392
430	616.63	35.0357840725665
430	621.338	47.5518130457727
430	626.047	40.7022173019804
430	630.758	32.3447170018484
430	635.471	23.1635424535021
430	640.186	37.2345531274214
430	644.903	18.5543726166658
430	649.621	40.5362352545834
430	654.341	27.7478419312363
430	659.063	33.1086336871883
430	663.787	41.4882975251797
430	668.512	-1.19936652152516
430	673.238	14.8408293496342
430	677.967	19.3314501206722
430	682.696	40.3275989387822
430	687.428	45.6870430392454
430	692.16	26.4769426430184
430	696.895	11.2483556465758
430	701.63	26.2381216519723
430	706.367	25.8938168747249
430	711.106	22.5116782525243
430	715.845	24.4497886682625
430	720.586	15.4518526999246
430	725.329	40.4418911040646
430	730.072	7.52559196762239
430	734.817	16.1937038343656
430	739.563	2.09366681048917
430	744.31	-18.6552091336302
430	749.058	11.0370199604439
430	753.808	18.5046628949547
430	758.558	4.80107730792147
430	763.31	9.41958339521412
430	768.062	-29.2510346236213
430	772.815	-0.75470048091788
430	777.57	21.3260734499114
430	782.325	38.9692651510711
430	787.081	27.4917293714928
430	791.838	5.2498984646253
430	796.596	40.7149724090827
430	801.355	-18.4550948914256
430	806.114	3.18856086371584
430	810.875	2.85838668763652
430	815.635	6.02374701208801
430	820.397	-4.25914799804258
430	825.159	24.4906696294131
425	248.336	-17.5695712697773
425	252.814	-2.11515486531751
425	257.296	8.74300045781506
425	261.781	-18.1641654397333
425	266.271	-33.5262170125799
425	270.764	26.257159790161
425	275.26	-18.1058076121166
425	279.76	25.3711975392078
425	284.264	-37.3951756329366
425	288.772	12.1606087835943
425	293.283	-39.1886014555648
425	297.797	-21.2033080654417
425	302.315	6.70441892993286
425	306.837	-5.02278944231436
425	311.362	14.0367867704392
425	315.89	11.6936474860224
425	320.422	-15.0429878915558
425	324.958	-15.8737637670958
425	329.496	-9.81175519112337
425	334.038	0.00102596132861721
425	338.584	0.341768311299797
425	343.133	-9.16620610628368
425	347.685	-23.6874212576531
425	352.24	4.67756464012984
425	356.799	0.383039133935689
425	361.361	-5.48352233887055
425	365.926	-0.00283510781056728
425	370.495	-5.070442342337
425	375.067	-13.730126601401
425	379.641	3.50574672542007
425	384.219	3.83257754470234
425	388.801	6.43690384780271
425	393.385	37.2809174643749
425	397.972	3.01290217433188
425	402.562	31.1990197294976
425	407.156	38.3139536398039
425	411.752	11.5553249634715
425	416.352	34.6294389753077
425	420.954	416.881221025458
425	425.56	7.33943699451265
425	430.168	467.599288661128
425	434.779	36.3243195327441
425	439.393	32.9717303236737
425	444.01	70.0988557204142
425	448.63	57.3800910179915
425	453.253	59.0240000656136
425	457.878	73.4529913469263
425	462.506	103.302258959152
425	467.137	122.619459978172
425	471.771	114.041276664109
425	476.407	127.029781950541
425	481.047	146.969533848808
425	485.688	152.895763540909
425	490.333	132.414411029987
425	494.979	147.82387058734
425	499.629	171.15517897866
425	504.281	176.736568146978
425	508.936	169.50546371147
425	513.593	153.695433773907
425	518.252	163.00293622766
425	522.914	154.407652394278
425	527.579	124.03934045189
425	532.245	118.13523613224
425	536.915	128.768602096229
425	541.586	112.18837261085
425	546.26	106.296251817954
425	550.936	104.604487405229
425	555.615	103.76521562458
425	560.296	91.5209984663515
425	564.979	98.3778113146462
425	569.664	83.6765223327606
425	574.351	67.0672145981064
425	579.04	75.6413783137163
425	583.732	60.0650557187851
425	588.426	64.2818996426388
425	593.121	58.3267000069717
425	597.819	49.7341921347726
425	602.519	58.0675542088083
425	607.221	29.9789292076604
425	611.924	38.3700352023043
425	616.63	31.6913802458881
425	621.338	37.9976119732672
425	626.047	54.1946961239216
425	630.758	30.3514899322063
425	635.471	28.8774698077023
425	640.186	33.753156186044
425	644.903	25.5344839276778
425	649.621	56.4292715994084
425	654.341	48.7411334795369
425	659.063	44.9899449537943
425	663.787	48.0354060495197
425	668.512	34.717748440642
425	673.238	39.20572546929
425	677.967	31.7844469731127
425	682.696	64.2592133609607
425	687.428	56.2272517728245
425	692.16	6.32908215366638
425	696.895	22.9026278368719
425	701.63	43.9362187556904
425	706.367	19.7922017281479
425	711.106	46.2272404648615
425	715.845	26.528191565374
425	720.586	26.6115208783119
425	725.329	27.2773848291557
425	730.072	-1.34958936056469
425	734.817	23.8684104296845
425	739.563	32.0997271389004
425	744.31	14.99634717126
425	749.058	13.3964547119562
425	753.808	29.8204427173233
425	758.558	18.2772061472349
425	763.31	14.5591455109173
425	768.062	-33.4848551746105
425	772.815	3.38736750584608
425	777.57	24.5629146593709
425	782.325	17.1493249628461
425	787.081	22.8031396983678
425	791.838	8.79501511272216
425	796.596	16.7056552302294
425	801.355	-10.885825838356
425	806.114	-21.4400213734978
425	810.875	7.39395911741275
425	815.635	17.9328438657405
425	820.397	-5.618765142141
425	825.159	10.5548760145557
420	248.336	-11.895505757339
420	252.814	-21.8201086904325
420	257.296	17.6181406570056
420	261.781	-25.4737994314753
420	266.271	-9.99222212559189
420	270.764	5.9144131459469
420	275.26	-28.9406981742838
420	279.76	19.0444637211499
420	284.264	-4.93872065926954
420	288.772	-2.73143166507357
420	293.283	-14.5566827924054
420	297.797	27.1044356712783
420	302.315	19.1564619267504
420	306.837	0.348600112235925
420	311.362	-0.35307197870872
420	315.89	12.3579271395747
420	320.422	-3.53382567639295
420	324.958	-18.9743293483774
420	329.496	8.1775435870644
420	334.038	-1.11914591821175
420	338.584	-0.749538680493221
420	343.133	-10.432581877584
420	347.685	-7.47192910473753
420	352.24	7.96705608639198
420	356.799	-13.7888609183098
420	361.361	11.5850146366693
420	365.926	5.42395381411327
420	370.495	-23.0253165343976
420	375.067	-3.42906495007064
420	379.641	2.97681638967124
420	384.219	7.01858384728428
420	388.801	22.7624063673824
420	393.385	23.1789876568583
420	397.972	-1.48265713215113
420	402.562	38.2555855871125
420	407.156	6.7011287825683
420	411.752	24.8105034543088
420	416.352	589.089148014419
420	420.954	13.4304546208987
420	425.56	550.772268383198
420	430.168	32.4643488795585
420	434.779	46.6972369827145
420	439.393	55.6944518299621
420	444.01	52.5542351900348
420	448.63	73.7857017994372
420	453.253	94.630683454113
420	457.878	109.022867482268
420	462.506	136.602507644346
420	467.137	138.800444881844
420	471.771	162.25935254461
420	476.407	141.033858750804
420	481.047	173.763646803395
420	485.688	185.074970790858
420	490.333	175.656385780636
420	494.979	166.246486765015
420	499.629	170.679580874332
420	504.281	190.085779889484
420	508.936	186.001989096103
420	513.593	163.980420048676
420	518.252	151.220818990976
420	522.914	174.075188431762
420	527.579	158.649902363246
420	532.245	139.535198557501
420	536.915	125.673271436888
420	541.586	120.394928986546
420	546.26	115.729484072946
420	550.936	102.216518152217
420	555.615	127.750944461451
420	560.296	106.740033707104
420	564.979	93.3907479915635
420	569.664	77.7720048536391
420	574.351	75.4751581440019
420	579.04	97.0900534283264
420	583.732	67.6050499560595
420	588.426	69.8753128045005
420	593.121	77.9652656088923
420	597.819	35.331773822231
420	602.519	50.459240450318
420	607.221	32.2548521593233
420	611.924	41.4152142697728
420	616.63	54.5782589686261
420	621.338	34.3548914042992
420	626.047	50.8352775910903
420	630.758	48.4102593730266
420	635.471	20.6511719745481
420	640.186	28.1884449849784
420	644.903	34.2768443037727
420	649.621	50.1324270042875
420	654.341	34.6732383381451
420	659.063	47.251286495933
420	663.787	51.4222734053248
420	668.512	27.0492722154948
420	673.238	64.1050277452306
420	677.967	45.9958683945363
420	682.696	55.406630397505
420	687.428	44.8345717973922
420	692.16	42.4065803023768
420	696.895	30.6008821096228
420	701.63	19.6632138833321
420	706.367	22.3071808346502
420	711.106	32.2375921687509
420	715.845	15.7852174440811
420	720.586	28.4769427491125
420	725.329	20.998881624744
420	730.072	32.9404917502508
420	734.817	6.49253088746654
420	739.563	17.8792649585601
420	744.31	15.1184728732578
420	749.058	-10.7905725881774
420	753.808	10.6347270392382
420	758.558	-6.57318662177352
420	763.31	-0.785037557635027
420	768.062	2.79315846439356
420	772.815	-7.16029439099352
420	777.57	21.1006363247437
420	782.325	28.0205881284336
420	787.081	-6.76828690717171
420	791.838	5.91805573147025
420	796.596	11.6249198744954
420	801.355	7.43232298343585
420	806.114	-18.2144011622001
420	810.875	25.2790261502096
420	815.635	5.57617978613229
420	820.397	-8.54596584518342
420	825.159	6.32104823658933
415	248.336	19.1685639760875
415	252.814	-20.6058076892715
415	257.296	16.2156176130358
415	261.781	-32.4314820957318
415	266.271	-8.12550306574117
415	270.764	30.1421412712098
415	275.26	-50.577446309924
415	279.76	11.8363116914134
415	284.264	-9.52201687291862
415	288.772	20.4798250324007
415	293.283	-2.34898383003537
415	297.797	4.93290910366578
415	302.315	-3.3589597974028
415	306.837	0.73845682613995
415	311.362	9.29019984810381
415	315.89	-10.0275673567969
415	320.422	-36.4471012862653
415	324.958	-21.8814306529398
415	329.496	-17.1612742766551
415	334.038	16.5081099890574
415	338.584	-3.92502111079855
415	343.133	10.5689744763279
415	347.685	-11.7804344586243
415	352.24	15.5575240379475
415	356.799	6.88309835599897
415	361.361	4.46384411079589
415	365.926	12.6257284827909
415	370.495	9.71933834150072
415	375.067	-2.34893923180397
415	379.641	0.890873781921584
415	384.219	39.8485749664944
415	388.801	45.6591087026366
415	393.385	92.8141083753612
415	397.972	32.2828754897897
415	402.562	49.9161848989111
415	407.156	77.3146717960625
415	411.752	765.093396548485
415	416.352	27.8006247247467
415	420.954	620.561352030712
415	425.56	25.9673222729407
415	430.168	40.8724689748538
415	434.779	53.9096274753313
415	439.393	39.8789708220237
415	444.01	91.736160321588
415	448.63	96.3815707523723
415	453.253	108.393148404365
415	457.878	129.66558367102
415	462.506	142.306940198578
415	467.137	162.32692082287
415	471.771	153.716756812532
415	476.407	179.65948140299
415	481.047	192.954770693333
415	485.688	198.87405556669
415	490.333	230.335016593892
415	494.979	163.216362791052
415	499.629	196.775352807115
415	504.281	189.890340371922
415	508.936	202.15103606786
415	513.593	174.105013330675
415	518.252	174.037328853352
415	522.914	166.376747194925
415	527.579	153.612230400194
415	532.245	153.701836141553
415	536.915	131.93545946681
415	541.586	137.493341680876
415	546.26	124.470116348707
415	550.936	113.303204312292
415	555.615	121.994149545349
415	560.296	100.670234905552
415	564.979	89.8742597389948
415	569.664	87.4293308367217
415	574.351	78.540640040361
415	579.04	88.6874821350126
415	583.732	70.2577375350718
415	588.426	64.5313819323494
415	593.121	68.3463499011158
415	597.819	42.138957462673
415	602.519	62.2168220209228
415	607.221	36.9039017682472
415	611.924	37.8682137729861
415	616.63	66.8235388975345
415	621.338	65.8180654316455
415	626.047	53.7816973176699
415	630.758	42.4956676695527
415	635.471	52.8852002061439
415	640.186	47.9498703813564
415	644.903	31.2751508933438
415	649.621	85.39716712559
415	654.341	65.712296330801
415	659.063	50.7050851112194
415	663.787	91.378916700398
415	668.512	54.1827821320342
415	673.238	57.2240557986323
415	677.967	38.4392170518666
415	682.696	57.5845887405314
415	687.428	60.4370911117043
415	692.16	33.3736669114435
415	696.895	32.5437456440265
415	701.63	27.4661784507492
415	706.367	36.0844663023802
415	711.106	22.241941130265
415	715.845	7.75167645419481
415	720.586	33.6495307612464
415	725.329	15.3454225708587
415	730.072	16.9396222951603
415	734.817	17.8267825212324
415	739.563	-2.28710747798977
415	744.31	3.49091838875732
415	749.058	14.4896018230784
415	753.808	23.1590934893665
415	758.558	16.661665942683
415	763.31	26.9534484753024
415	768.062	-8.36198619976708
415	772.815	-9.61595397801788
415	777.57	9.39038827978612
415	782.325	32.9405333028638
415	787.081	34.2655209024524
415	791.838	29.3418991548209
415	796.596	17.2181750652106
415	801.355	-13.6808094416492
415	806.114	-16.03080846331
415	810.875	22.2834819673527
415	815.635	2.73986527019671
415	820.397	2.36172639757251
415	825.159	16.8694864550962
410	248.336	2.5660908624684
410	252.814	-28.2760254331066
410	257.296	19.8280722089361
410	261.781	-33.5471048001065
410	266.271	-19.931710768331
410	270.764	28.8825799378768
410	275.26	-33.4096076436289
410	279.76	10.4940430987669
410	284.264	-24.7186979357589
410	288.772	7.63544052084091
410	293.283	6.91285215173059
410	297.797	-15.4462636801944
410	302.315	14.7409099952719
410	306.837	23.27874540164
410	311.362	2.04418293515565
410	315.89	-2.43354867165057
410	320.422	-41.6274516046341
410	324.958	-18.1074582270675
410	329.496	-0.835290352915013
410	334.038	2.59360031542313
410	338.584	0.866210858249151
410	343.133	11.5950940223482
410	347.685	-4.30402902270971
410	352.24	-7.42545286729071
410	356.799	18.6239913492741
410	361.361	-2.66725573701093
410	365.926	20.5729029196072
410	370.495	11.15165439717
410	375.067	-25.8899579147327
410	379.641	49.644205182294
410	384.219	54.4198762743288
410	388.801	32.9824526475352
410	393.385	73.3455449635485
410	397.972	22.9738480807588
410	402.562	75.161641710311
410	407.156	1168.73898758233
410	411.752	16.9965971275487
410	416.352	575.732089048734
410	420.954	50.4214126985197
410	425.56	39.6908126271718
410	430.168	43.8496315975106
410	434.779	76.2282607266007
410	439.393	77.3661954180841
410	444.01	124.864618302688
410	448.63	119.714465647569
410	453.253	131.792827746897
410	457.878	145.089665708798
410	462.506	169.099500478028
410	467.137	168.233197198589
410	471.771	177.456577482469
410	476.407	190.761665111877
410	481.047	232.807212812309
410	485.688	237.340643256726
410	490.333	231.475937501282
410	494.979	176.606360096941
410	499.629	228.436316658874
410	504.281	196.476867709264
410	508.936	212.655057738088
410	513.593	170.156053683807
410	518.252	188.360728128961
410	522.914	176.759636294228
410	527.579	139.429809120464
410	532.245	142.131902502266
410	536.915	147.14987665743
410	541.586	131.551809630592
410	546.26	125.824754258481
410	550.936	114.697091441769
410	555.615	121.79695890816
410	560.296	95.0041821941711
410	564.979	96.1776447767175
410	569.664	118.468221690597
410	574.351	84.9536307026809
410	579.04	101.105152243461
410	583.732	63.8333791308179
410	588.426	96.2158935685585
410	593.121	68.9519784137686
410	597.819	72.5677869194517
410	602.519	86.7261835211203
410	607.221	43.4422666205127
410	611.924	46.8362903137935
410	616.63	55.0098988845513
410	621.338	63.1595626506302
410	626.047	60.7261402351054
410	630.758	54.1783430183215
410	635.471	63.5702831581418
410	640.186	55.04625290365
410	644.903	63.7233456780886
410	649.621	93.3774027341892
410	654.341	59.4980507115911
410	659.063	71.2763526535367
410	663.787	81.4783336850669
410	668.512	65.7695234853609
410	673.238	77.3719579012233
410	677.967	61.0038422971439
410	682.696	77.2877331258496
410	687.428	72.4599692552347
410	692.16	28.1453262412746
410	696.895	33.7809180136577
410	701.63	33.2733138069538
410	706.367	37.2348101867856
410	711.106	62.0272434476436
410	715.845	10.1437237995444
410	720.586	51.9505128363985
410	725.329	27.1164316094148
410	730.072	7.03372293318621
410	734.817	14.584844281946
410	739.563	12.6524677274185
410	744.31	26.3849338163657
410	749.058	5.59782237875593
410	753.808	29.8119104239984
410	758.558	2.23907490712521
410	763.31	2.27256138490054
410	768.062	11.4901000911152
410	772.815	-10.1008817186922
410	777.57	-5.1537811138465
410	782.325	51.3605726713058
410	787.081	6.35481958013047
410	791.838	20.493122868174
410	796.596	58.6457585505096
410	801.355	1.71369751348427
410	806.114	-0.42993921700879
410	810.875	6.45657334016531
410	815.635	-0.353306203571066
410	820.397	6.19843464630532
410	825.159	32.3937172458458
405	248.336	-2.26222654917149
405	252.814	-11.4124264742792
405	257.296	36.5345048530383
405	261.781	-15.7979100555509
405	266.271	-14.9620796071044
405	270.764	27.7384373503504
405	275.26	-44.5464567819255
405	279.76	-16.9124176291574
405	284.264	-11.5419657240477
405	288.772	-22.8039283710425
405	293.283	-10.0033250421099
405	297.797	-6.6173118291085
405	302.315	18.167231600607
405	306.837	-9.50221778221875
405	311.362	15.087588035504
405	315.89	-15.0573106290093
405	320.422	4.31683092211017
405	324.958	4.45779821728392
405	329.496	14.5262086190205
405	334.038	11.8543784435418
405	338.584	18.1899899642739
405	343.133	-9.99396547085967
405	347.685	-17.7617339778574
405	352.24	29.1545248663803
405	356.799	9.85444093203881
405	361.361	9.44186400080239
405	365.926	22.766234988161
405	370.495	22.2224447489774
405	375.067	5.54487055323489
405	379.641	44.05520569482
405	384.219	49.0601971302581
405	388.801	91.4255785828603
405	393.385	80.8802939318373
405	397.972	113.728818925144
405	402.562	1551.85090963324
405	407.156	20.9972762213292
405	411.752	583.291510014184
405	416.352	50.2401414770717
405	420.954	63.3429735146495
405	425.56	53.2699733989863
405	430.168	70.3410266586942
405	434.779	120.452730551921
405	439.393	128.966416763946
405	444.01	157.503486902853
405	448.63	158.944278774148
405	453.253	165.391884702861
405	457.878	171.689311786847
405	462.506	193.201152854328
405	467.137	198.521270452001
405	471.771	229.712701093916
405	476.407	217.332651155935
405	481.047	262.240595849839
405	485.688	232.532994085889
405	490.333	216.717320809338
405	494.979	204.940728429614
405	499.629	225.645666498201
405	504.281	235.004278642234
405	508.936	226.582050864618
405	513.593	203.472476861509
405	518.252	200.590659527741
405	522.914	192.942125220886
405	527.579	165.202173404809
405	532.245	174.548791807166
405	536.915	167.618234318547
405	541.586	147.191515032078
405	546.26	139.291404106543
405	550.936	127.562006982204
405	555.615	136.686528453717
405	560.296	118.665245298752
405	564.979	98.0733445272758
405	569.664	95.1932692033981
405	574.351	84.8391112530682
405	579.04	111.140004444648
405	583.732	78.4640588717741
405	588.426	88.9196377440841
405	593.121	88.0178834364656
405	597.819	40.7321471524918
405	602.519	91.9769877668116
405	607.221	29.695021429542
405	611.924	74.551642765638
405	616.63	71.859138264276
405	621.338	68.1654318111214
405	626.047	64.8796826721082
405	630.758	46.019383182759
405	635.471	71.191132021789
405	640.186	57.4401871424138
405	644.903	49.2298582447538
405	649.621	75.4087830992602
405	654.341	102.105422160578
405	659.063	87.9954389331526
405	663.787	102.470800584401
405	668.512	54.2015218708062
405	673.238	80.9727185110773
405	677.967	71.2410844043163
405	682.696	105.008262036358
405	687.428	95.1942342742028
405	692.16	43.5907620030137
405	696.895	40.208927140195
405	701.63	37.2287072339315
405	706.367	39.3424853598094
405	711.106	35.0976271587079
405	715.845	27.3913990717164
405	720.586	57.8906307232471
405	725.329	60.3284476913503
405	730.072	47.1683558414264
405	734.817	14.5220263859549
405	739.563	5.8002036860993
405	744.31	5.8537370855924
405	749.058	24.5374271088423
405	753.808	16.6843925732251
405	758.558	17.9087492219917
405	763.31	-4.31833817706235
405	768.062	-21.8377007706082
405	772.815	-9.70674186609519
405	777.57	10.8874511566622
405	782.325	36.1854374276884
405	787.081	16.5068145648446
405	791.838	10.8419914892381
405	796.596	31.002367411163
405	801.355	-4.95917160379494
405	806.114	-11.6670654540546
405	810.875	18.3928309493968
405	815.635	46.0599047810532
405	820.397	-18.8567780146468
405	825.159	11.8558944572577
400	248.336	-11.6097263609008
400	252.814	3.209152174774
400	257.296	16.4036963808275
400	261.781	-5.3706059413299
400	266.271	16.3871123375945
400	270.764	-6.55886686216093
400	275.26	-37.980683144219
400	279.76	18.7213315024755
400	284.264	-27.7177880911526
400	288.772	15.4395073306262
400	293.283	-32.7433598647574
400	297.797	-1.73934218110257
400	302.315	35.3799173466439
400	306.837	27.2081872608975
400	311.362	-2.97203164740871
400	315.89	4.24546951397152
400	320.422	-10.1949695842265
400	324.958	-3.94365040427015
400	329.496	-0.439840534627404
400	334.038	-424.58659239452
400	338.584	-22.3900477857277
400	343.133	8.05504723508196
400	347.685	-15.2687709442557
400	352.24	22.7807743887293
400	356.799	-10.1170020400461
400	361.361	7.45151669616737
400	365.926	20.5283047762748
400	370.495	44.8616622223718
400	375.067	75.5297466563129
400	379.641	76.2946276978202
400	384.219	42.7492097686862
400	388.801	78.7135561661651
400	393.385	230.505756972211
400	397.972	2139.08767802368
400	402.562	14.8900651284966
400	407.156	680.615492833026
400	411.752	66.1422409793557
400	416.352	35.9915912193111
400	420.954	72.9813878469007
400	425.56	57.2847733883623
400	430.168	81.2032806136443
400	434.779	130.887469362953
400	439.393	161.927353527294
400	444.01	187.279162107938
400	448.63	186.797887458168
400	453.253	191.846439956964
400	457.878	215.562055754269
400	462.506	225.718068726052
400	467.137	249.359118733133
400	471.771	272.73084234496
400	476.407	266.751333125343
400	481.047	275.444662539846
400	485.688	257.871513443089
400	490.333	258.859174292506
400	494.979	228.258486075387
400	499.629	260.92927662129
400	504.281	232.656743829986
400	508.936	226.83537741553
400	513.593	222.446789263743
400	518.252	210.65467631287
400	522.914	218.530376188325
400	527.579	172.99177769214
400	532.245	162.467014984248
400	536.915	163.832186300096
400	541.586	144.321789942065
400	546.26	142.139038894305
400	550.936	135.66633568202
400	555.615	127.999325092395
400	560.296	137.076234948133
400	564.979	94.025186752265
400	569.664	107.872492767247
400	574.351	70.5911949966404
400	579.04	84.2944379544916
400	583.732	77.2720616736965
400	588.426	95.1813084911896
400	593.121	78.7221474340814
400	597.819	66.8327377012076
400	602.519	81.8366376758604
400	607.221	46.9016893681471
400	611.924	47.6969603334842
400	616.63	89.8515375535229
400	621.338	95.0999447828705
400	626.047	67.0735389980018
400	630.758	72.7871836674481
400	635.471	99.9508435827395
400	640.186	100.140067828058
400	644.903	118.04232907522
400	649.621	131.161795574702
400	654.341	127.946362598048
400	659.063	122.592929195857
400	663.787	118.574611343181
400	668.512	77.7275570502371
400	673.238	115.534200051772
400	677.967	69.3595658997079
400	682.696	91.9246484092293
400	687.428	88.9749418372865
400	692.16	45.3347072086183
400	696.895	34.736943258611
400	701.63	31.7704125721934
400	706.367	79.5449631023694
400	711.106	55.3932036450585
400	715.845	25.2813690381869
400	720.586	47.3074712619449
400	725.329	11.5459032262692
400	730.072	23.6632881221294
400	734.817	22.9667749724423
400	739.563	4.82925185932471
400	744.31	20.8164733099021
400	749.058	0.451214534092887
400	753.808	38.7714534100552
400	758.558	2.32155227192262
400	763.31	-4.25755486800027
400	768.062	-11.4700247501908
400	772.815	-6.68954908880504
400	777.57	13.1665647391132
400	782.325	47.0340937227359
400	787.081	33.0466027454087
400	791.838	14.2290244021036
400	796.596	52.8147013103206
400	801.355	42.5028067577339
400	806.114	20.1716197002198
400	810.875	40.6852715493713
400	815.635	24.5781816397922
400	820.397	-4.01340275848643
400	825.159	2.67982834031571
395	248.336	11.7920564092417
395	252.814	-14.1233499979149
395	257.296	5.98876624587355
395	261.781	-39.5007210251963
395	266.271	-8.24123526350002
395	270.764	28.3455966688596
395	275.26	-46.9171535932605
395	279.76	13.7335660008995
395	284.264	-32.6763987187633
395	288.772	6.17855880150497
395	293.283	-20.3049875221226
395	297.797	6.14293031346723
395	302.315	13.6689974147523
395	306.837	-4.41004217001616
395	311.362	11.6117998707743
395	315.89	-4.80015590072929
395	320.422	-19.6315913129534
395	324.958	-24.8049783629171
395	329.496	0.420369537428414
395	334.038	-4.23322293153218
395	338.584	-6.75735510544901
395	343.133	5.90701091116253
395	347.685	9.74417504887756
395	352.24	0.429006785206553
395	356.799	6.07888749104939
395	361.361	27.5491382160187
395	365.926	56.5833554359683
395	370.495	49.5969205060057
395	375.067	68.9379477330284
395	379.641	92.3062059264932
395	384.219	75.8517817277024
395	388.801	292.494145839709
395	393.385	2270.07041181292
395	397.972	-14.6423454828218
395	402.562	478.818934160727
395	407.156	35.7380753861723
395	411.752	32.0178341109747
395	416.352	91.1150418460614
395	420.954	104.03980693324
395	425.56	91.2038999169234
395	430.168	134.369496919392
395	434.779	179.472853406718
395	439.393	155.873664261118
395	444.01	217.403594393687
395	448.63	199.11042128535
395	453.253	246.57004001806
395	457.878	246.017231263019
395	462.506	300.369275750705
395	467.137	292.376236264967
395	471.771	281.587635542667
395	476.407	277.385884414145
395	481.047	295.438463885766
395	485.688	297.117432129553
395	490.333	286.667156752875
395	494.979	246.643687657441
395	499.629	284.602089651213
395	504.281	257.985930914451
395	508.936	251.134927018882
395	513.593	211.48449563953
395	518.252	211.875417742775
395	522.914	219.7985842199
395	527.579	182.861921455214
395	532.245	174.095311535861
395	536.915	159.965996585589
395	541.586	160.031524660103
395	546.26	135.198134137363
395	550.936	138.879090037606
395	555.615	117.729277974811
395	560.296	111.089467739706
395	564.979	105.184947241674
395	569.664	88.3958055263672
395	574.351	83.6572919372887
395	579.04	93.0361907084883
395	583.732	71.309842701811
395	588.426	70.7417720560107
395	593.121	82.9973060469647
395	597.819	75.3070964502768
395	602.519	85.1075733118125
395	607.221	54.1528607638562
395	611.924	87.0244268527101
395	616.63	83.7421063905242
395	621.338	79.4536453283733
395	626.047	102.519922018476
395	630.758	81.079150247996
395	635.471	131.876084235796
395	640.186	160.313387738472
395	644.903	153.900405536391
395	649.621	161.304890569065
395	654.341	145.058434656734
395	659.063	120.590751127099
395	663.787	127.729251001546
395	668.512	90.7903874315272
395	673.238	86.9355012796528
395	677.967	73.9013025000412
395	682.696	78.8348330868274
395	687.428	89.9199032002095
395	692.16	60.5241410796079
395	696.895	36.9418090279809
395	701.63	59.5284077526818
395	706.367	34.5900651591822
395	711.106	52.6297140056028
395	715.845	30.1951730606529
395	720.586	62.5334749035154
395	725.329	26.2060106242264
395	730.072	15.821460535111
395	734.817	38.8125240355857
395	739.563	23.1443247123267
395	744.31	7.10106560548886
395	749.058	2.5317568310049
395	753.808	46.8819633892511
395	758.558	-20.5827590882238
395	763.31	8.04039203736209
395	768.062	-1.80360808890235
395	772.815	6.75871356834324
395	777.57	24.8276941214268
395	782.325	38.7485013413825
395	787.081	33.555353899365
395	791.838	51.240988271757
395	796.596	96.1049595634457
395	801.355	12.2117082311538
395	806.114	12.6339690980808
395	810.875	8.0016169104091
395	815.635	6.73827764229321
395	820.397	10.5286048915147
395	825.159	2.5268787652678
390	248.336	11.7332714718058
390	252.814	-27.5680899464683
390	257.296	2.9753381040431
390	261.781	-7.54428509484512
390	266.271	-11.2504088149459
390	270.764	53.8013637154757
390	275.26	-31.0953876373502
390	279.76	30.718178006751
390	284.264	-19.9464252969386
390	288.772	28.0671509510817
390	293.283	-31.1131178009745
390	297.797	-8.157974110804
390	302.315	13.1775936844169
390	306.837	-3.20233449153288
390	311.362	7.96388924921358
390	315.89	-5.946520234466
390	320.422	-1.17555385181283
390	324.958	-26.2778480445832
390	329.496	9.24920385638919
390	334.038	9.70232654508967
390	338.584	-4.60282426683358
390	343.133	2.12299790302749
390	347.685	3.44090293032866
390	352.24	21.1331803738171
390	356.799	29.3119075780135
390	361.361	28.4010174383908
390	365.926	84.335483360152
390	370.495	74.5539480731089
390	375.067	52.7434178666383
390	379.641	51.2332535992118
390	384.219	301.190488174308
390	388.801	2443.23523317974
390	393.385	43.7061393254553
390	397.972	361.404319331425
390	402.562	60.2194641475708
390	407.156	42.008100278726
390	411.752	57.228038857025
390	416.352	94.8103776147622
390	420.954	119.255114516325
390	425.56	132.055041750197
390	430.168	139.196071964801
390	434.779	204.518048351313
390	439.393	213.754814165426
390	444.01	237.531882578053
390	448.63	270.860767633566
390	453.253	313.389348494503
390	457.878	305.553227492796
390	462.506	311.24220314431
390	467.137	299.465064125837
390	471.771	298.934570612787
390	476.407	299.334003890368
390	481.047	320.088351210858
390	485.688	328.49774992624
390	490.333	298.588265741825
390	494.979	259.088587135193
390	499.629	279.61664332984
390	504.281	263.30904277448
390	508.936	255.879061375276
390	513.593	231.082303519819
390	518.252	240.514919202193
390	522.914	212.650538417253
390	527.579	199.832411646553
390	532.245	176.5980260176
390	536.915	163.141977168313
390	541.586	162.952379864838
390	546.26	156.996993466583
390	550.936	146.097827404427
390	555.615	114.454923184902
390	560.296	126.786722186462
390	564.979	124.641445150301
390	569.664	102.988794370235
390	574.351	102.651762468575
390	579.04	101.741069214623
390	583.732	90.3558579544263
390	588.426	89.5765710502865
390	593.121	98.7466707066028
390	597.819	48.9001700082149
390	602.519	78.0102211061392
390	607.221	53.2441049951758
390	611.924	84.0064841403705
390	616.63	71.261148900312
390	621.338	77.3952483036795
390	626.047	82.4353503505279
390	630.758	117.126564251682
390	635.471	171.96937325503
390	640.186	199.324573420115
390	644.903	183.165269178642
390	649.621	167.03483292916
390	654.341	149.91292411747
390	659.063	113.214128021463
390	663.787	115.512678431068
390	668.512	88.5078759927581
390	673.238	91.5724621485254
390	677.967	70.9409361040176
390	682.696	97.7236470752448
390	687.428	84.1937255739251
390	692.16	41.7562532816705
390	696.895	35.2376973964177
390	701.63	43.5568831030158
390	706.367	73.4348206491771
390	711.106	72.6433863622401
390	715.845	37.9329851942542
390	720.586	44.7500831424674
390	725.329	47.7178625073916
390	730.072	21.387564332933
390	734.817	32.5057840597003
390	739.563	7.01309595147881
390	744.31	24.9325167473319
390	749.058	10.9337875479698
390	753.808	32.946237029052
390	758.558	7.83851512902617
390	763.31	5.3434511887008
390	768.062	13.0175582981394
390	772.815	1.8798573603006
390	777.57	29.0854253082454
390	782.325	61.7617808945254
390	787.081	32.8799970637109
390	791.838	37.3806319323082
390	796.596	15.0836716287
390	801.355	-12.1228549259736
390	806.114	-0.4329089399798
390	810.875	11.7113899133148
390	815.635	-15.9109404868467
390	820.397	2.09496134389792
390	825.159	25.9598403650736
385	248.336	-14.5887334359562
385	252.814	-21.3558760180719
385	257.296	19.6787734599453
385	261.781	-23.8736833745694
385	266.271	-21.7907699513732
385	270.764	33.2327378695603
385	275.26	-26.6915165426509
385	279.76	-5.1896485322537
385	284.264	-13.9236893676878
385	288.772	12.3035890837979
385	293.283	-24.4109123639156
385	297.797	-14.5800856217818
385	302.315	22.0510942622847
385	306.837	7.33103089785042
385	311.362	2.31746263357417
385	315.89	-9.21181141194744
385	320.422	2.33517797125018
385	324.958	-25.4526655106403
385	329.496	24.7141094004134
385	334.038	-21.1675055807762
385	338.584	-16.2416571564597
385	343.133	17.5044188928859
385	347.685	7.09833355635996
385	352.24	36.2460226766909
385	356.799	81.5064742977067
385	361.361	67.3334227058808
385	365.926	62.465401984217
385	370.495	28.4591427783373
385	375.067	74.6982244737064
385	379.641	354.10616438966
385	384.219	2236.65403519159
385	388.801	21.8764555054622
385	393.385	351.228514284838
385	397.972	40.52566098496
385	402.562	62.6005627751901
385	407.156	66.8311270673057
385	411.752	78.4805777307248
385	416.352	117.773879225243
385	420.954	137.363715565103
385	425.56	172.464336179503
385	430.168	188.774806085497
385	434.779	241.148337732068
385	439.393	234.725639023408
385	444.01	308.655132303641
385	448.63	292.340690456557
385	453.253	322.483752201866
385	457.878	300.131406431267
385	462.506	330.407037978412
385	467.137	341.363190445156
385	471.771	339.894898036935
385	476.407	317.992066596381
385	481.047	315.684398602481
385	485.688	337.66596552253
385	490.333	325.432531899517
385	494.979	281.245405419673
385	499.629	295.347803464561
385	504.281	287.189631655939
385	508.936	265.270538569088
385	513.593	238.672689827686
385	518.252	241.083579879848
385	522.914	230.027857292066
385	527.579	196.963392703854
385	532.245	184.954604427873
385	536.915	162.322249667122
385	541.586	168.945485407761
385	546.26	166.930674785625
385	550.936	141.097123347509
385	555.615	135.594259605815
385	560.296	110.085382050855
385	564.979	127.284175975861
385	569.664	95.2900128829489
385	574.351	86.7113053450397
385	579.04	99.051379685689
385	583.732	97.8865863189081
385	588.426	73.1916616592137
385	593.121	88.3314521576694
385	597.819	49.7471646959175
385	602.519	99.0228966741561
385	607.221	44.4301346891975
385	611.924	66.9555443299289
385	616.63	78.7207702230566
385	621.338	83.7740877377675
385	626.047	78.1758804438992
385	630.758	114.320472883586
385	635.471	162.507841412561
385	640.186	186.679134000735
385	644.903	179.226174459407
385	649.621	186.775357329245
385	654.341	138.601053188451
385	659.063	112.307909409691
385	663.787	111.79998879356
385	668.512	78.6239211998144
385	673.238	75.558566208809
385	677.967	72.9155773370368
385	682.696	81.2631854059074
385	687.428	80.7586304714686
385	692.16	40.055418214149
385	696.895	36.6679715355422
385	701.63	43.9933815054073
385	706.367	26.9411694825284
385	711.106	27.6021469810075
385	715.845	31.7434733742217
385	720.586	37.5745183287388
385	725.329	33.7607354449904
385	730.072	39.8239506768681
385	734.817	22.8142346688879
385	739.563	10.7483652368581
385	744.31	-1.58981940181182
385	749.058	30.4580032680027
385	753.808	6.23219183251202
385	758.558	14.7485927531686
385	763.31	30.5823320157208
385	768.062	-16.2732929900666
385	772.815	53.2599508395029
385	777.57	63.1455008825503
385	782.325	68.0145043010075
385	787.081	25.8801939669122
385	791.838	5.53957793219806
385	796.596	3.75059413655492
385	801.355	-6.48388152709166
385	806.114	3.64582661365691
385	810.875	6.48780101360676
385	815.635	13.7884992098016
385	820.397	-22.686349369716
385	825.159	8.10424891093918
380	248.336	-2.69270664485044
380	252.814	-28.5597407459977
380	257.296	40.5233961221553
380	261.781	-35.6013162641099
380	266.271	-35.1973461245749
380	270.764	38.5661653591542
380	275.26	-40.5020448676139
380	279.76	17.8803827392136
380	284.264	-14.9143012793565
380	288.772	5.61263126846582
380	293.283	-26.1978542275173
380	297.797	-13.4709576835051
380	302.315	27.1432606967623
380	306.837	20.134482113004
380	311.362	21.5924376295515
380	315.89	1.88956202534435
380	320.422	-12.7461717616
380	324.958	-21.8086005334541
380	329.496	3.15083222927417
380	334.038	-9.56500928764392
380	338.584	11.320096732102
380	343.133	-2.67979833029247
380	347.685	51.8161801750746
380	352.24	79.5118041118403
380	356.799	94.2826766568189
380	361.361	62.1599389169327
380	365.926	49.8874043864399
380	370.495	34.4707429162895
380	375.067	542.475075249496
380	379.641	44.7504992364265
380	384.219	49.0022039139658
380	388.801	268.107023118115
380	393.385	62.3575234904532
380	397.972	42.5995453428253
380	402.562	69.2658496960898
380	407.156	103.246025723237
380	411.752	90.1621003485026
380	416.352	150.899271518858
380	420.954	184.613658171994
380	425.56	204.630130759167
380	430.168	220.524061519445
380	434.779	265.418139376766
380	439.393	344.089626449353
380	444.01	325.004960397744
380	448.63	351.008622602234
380	453.253	353.690830371448
380	457.878	344.705026950259
380	462.506	355.298698734212
380	467.137	364.074822974694
380	471.771	361.579087823758
380	476.407	345.72350205844
380	481.047	367.100870743922
380	485.688	332.11123953987
380	490.333	345.18656465486
380	494.979	309.413498478411
380	499.629	303.656265504572
380	504.281	290.874459794657
380	508.936	283.503978077095
380	513.593	242.274975008438
380	518.252	225.820258498349
380	522.914	222.649986936552
380	527.579	189.74560081074
380	532.245	173.379940189791
380	536.915	167.713367812376
380	541.586	181.32189174776
380	546.26	153.543269488057
380	550.936	140.89825784542
380	555.615	124.027387605275
380	560.296	137.866856903126
380	564.979	129.242296519061
380	569.664	100.35543950171
380	574.351	110.959866287706
380	579.04	101.002538140853
380	583.732	88.8944472830778
380	588.426	89.9090041611888
380	593.121	85.225090690309
380	597.819	60.7233772146624
380	602.519	78.8542473729445
380	607.221	58.2516905167477
380	611.924	59.9819485239038
380	616.63	84.2109849943047
380	621.338	65.6312214547854
380	626.047	80.2324147638307
380	630.758	91.2593498890513
380	635.471	121.671422706602
380	640.186	136.475933219375
380	644.903	134.597275865058
380	649.621	156.488586388169
380	654.341	115.004856379909
380	659.063	88.950882045409
380	663.787	75.3385817284708
380	668.512	41.0026287111694
380	673.238	90.738577248708
380	677.967	63.7778544681699
380	682.696	100.251637117208
380	687.428	75.5630066230256
380	692.16	51.4705372969506
380	696.895	42.089849992881
380	701.63	34.3918181843632
380	706.367	59.9514910033351
380	711.106	27.6185792824994
380	715.845	25.0254697630806
380	720.586	52.711475665553
380	725.329	39.7417451411404
380	730.072	2.22973086097499
380	734.817	33.2068103841673
380	739.563	32.474207500874
380	744.31	29.015854167609
380	749.058	1.60732162275962
380	753.808	26.4706643803792
380	758.558	11.7837296544257
380	763.31	53.619650845646
380	768.062	21.046086494819
380	772.815	23.4203857692202
380	777.57	13.5379897718679
380	782.325	32.8240688119099
380	787.081	-25.8021667290377
380	791.838	0.438985030142941
380	796.596	37.3834999687055
380	801.355	-13.4445067370213
380	806.114	-11.9069671782032
380	810.875	20.3674595855404
380	815.635	22.2932259209078
380	820.397	-18.831383602663
380	825.159	-9.98339620674702
375	248.336	1.12132306968615
375	252.814	-28.1864653876575
375	257.296	-3.97890868044914
375	261.781	-14.8196001022427
375	266.271	17.3666274255102
375	270.764	19.6661738008222
375	275.26	-24.614606877404
375	279.76	22.6220541801238
375	284.264	-21.1156943404425
375	288.772	11.3445850339817
375	293.283	-19.4919243998798
375	297.797	-7.2587877800359
375	302.315	12.1339678502002
375	306.837	-3.54341689642096
375	311.362	24.8832454503422
375	315.89	20.2545693118108
375	320.422	-5.66852413053418
375	324.958	-14.2740820892368
375	329.496	-8.14873137826872
375	334.038	24.13467273108
375	338.584	15.589872823516
375	343.133	21.0055417879757
375	347.685	55.4839394066955
375	352.24	87.4796541329403
375	356.799	112.339746528363
375	361.361	95.6193336342069
375	365.926	42.2528135271575
375	370.495	618.030407678505
375	375.067	20.7985607913433
375	379.641	22.2415503393349
375	384.219	199.758812703443
375	388.801	73.1127683954763
375	393.385	71.9230982116154
375	397.972	63.6939441402363
375	402.562	133.737690627387
375	407.156	142.352984238362
375	411.752	148.040496566736
375	416.352	198.884224040247
375	420.954	225.65053240974
375	425.56	237.089160188725
375	430.168	255.128860019436
375	434.779	332.791511937789
375	439.393	361.904315619029
375	444.01	353.179485833486
375	448.63	377.458989872338
375	453.253	388.368528087447
375	457.878	367.635332797836
375	462.506	385.179908541045
375	467.137	392.941266598742
375	471.771	380.248064137476
375	476.407	354.551377604171
375	481.047	376.292328366217
375	485.688	357.931655562216
375	490.333	356.092466666989
375	494.979	327.573932527903
375	499.629	301.099875906867
375	504.281	301.909743426868
375	508.936	290.804569058142
375	513.593	243.427079735995
375	518.252	239.402481417549
375	522.914	239.015759220687
375	527.579	198.376915974837
375	532.245	195.42921770773
375	536.915	182.972924057891
375	541.586	159.669162429108
375	546.26	168.52573591122
375	550.936	148.496723310057
375	555.615	123.707711319958
375	560.296	143.514904966391
375	564.979	138.69661496895
375	569.664	116.866009139555
375	574.351	91.8650997371322
375	579.04	111.817635703861
375	583.732	89.7000174949695
375	588.426	84.9017261003801
375	593.121	87.5516565298456
375	597.819	53.7015182236014
375	602.519	75.5220782053884
375	607.221	29.8794478704576
375	611.924	64.6199117796078
375	616.63	63.5822849813241
375	621.338	69.0528993639055
375	626.047	72.3696072366941
375	630.758	81.5169677339699
375	635.471	106.208010049121
375	640.186	118.77028638122
375	644.903	107.33807564389
375	649.621	124.29136774808
375	654.341	101.103009331131
375	659.063	98.1478129404404
375	663.787	68.0793575080124
375	668.512	41.7556827118332
375	673.238	58.5989636977579
375	677.967	56.7344728737366
375	682.696	75.9186153310502
375	687.428	59.0953445515536
375	692.16	20.1519421501017
375	696.895	17.5954288053252
375	701.63	18.070743732364
375	706.367	27.249732028991
375	711.106	34.4909499603815
375	715.845	23.633259839728
375	720.586	34.9958758361759
375	725.329	15.0412363795504
375	730.072	13.7025379831944
375	734.817	13.7877454288897
375	739.563	5.1748127550956
375	744.31	30.1316477242375
375	749.058	41.9002399083287
375	753.808	88.6977972038452
375	758.558	37.3675166862292
375	763.31	41.8226538154952
375	768.062	-13.1503232594618
375	772.815	16.3949666143371
375	777.57	20.7936149141544
375	782.325	26.0962169651195
375	787.081	28.9099866159653
375	791.838	5.53863297516968
375	796.596	26.8491938942166
375	801.355	-1.86258972804142
375	806.114	3.73330917401897
375	810.875	7.4699441417391
375	815.635	0.371557160761284
375	820.397	5.60809347896461
375	825.159	18.3112481452059
370	248.336	-6.25135855427348
370	252.814	-12.7822734321377
370	257.296	10.0384014057168
370	261.781	-30.0878621537285
370	266.271	17.5767065078917
370	270.764	2.69622768402719
370	275.26	-25.5803132615144
370	279.76	17.1372579213774
370	284.264	-16.2976207667906
370	288.772	16.5836040068767
370	293.283	-3.30632069444844
370	297.797	-2.50100583944716
370	302.315	14.0644686610515
370	306.837	13.3356192836858
370	311.362	7.37915213093718
370	315.89	-16.0447025360726
370	320.422	-19.923783318331
370	324.958	-16.9409584844129
370	329.496	-6.10081117126674
370	334.038	-0.419364807878878
370	338.584	38.559887732241
370	343.133	79.2285143222412
370	347.685	53.2779225553354
370	352.24	93.0425768295256
370	356.799	84.5662681540829
370	361.361	68.3720791264524
370	365.926	797.619296461694
370	370.495	14.6042631833116
370	375.067	1722.05208402393
370	379.641	184.782854486883
370	384.219	60.4039833664363
370	388.801	100.714785785334
370	393.385	105.421135931758
370	397.972	116.97140729071
370	402.562	149.273969877817
370	407.156	158.23636917627
370	411.752	184.260414562246
370	416.352	225.64801732364
370	420.954	256.882448759932
370	425.56	330.150094542763
370	430.168	366.225942507075
370	434.779	349.225264859437
370	439.393	371.546519789876
370	444.01	393.866862271436
370	448.63	381.437337749974
370	453.253	406.049314822562
370	457.878	410.12985985803
370	462.506	418.325199797554
370	467.137	386.955646444528
370	471.771	396.15332358988
370	476.407	371.23049754933
370	481.047	376.678854610424
370	485.688	363.479311856056
370	490.333	372.975111330001
370	494.979	319.194089370899
370	499.629	314.581664840744
370	504.281	293.415452321107
370	508.936	298.00745794089
370	513.593	251.761466350888
370	518.252	236.909871620139
370	522.914	240.773309023865
370	527.579	196.225743693873
370	532.245	192.079010326235
370	536.915	195.704295398056
370	541.586	155.794120586802
370	546.26	161.166974566837
370	550.936	149.954644368675
370	555.615	150.676723842794
370	560.296	132.82786416154
370	564.979	140.596377508359
370	569.664	114.111299149328
370	574.351	92.926833976253
370	579.04	100.498488690841
370	583.732	96.2532348675991
370	588.426	77.6720703687754
370	593.121	82.7155487903512
370	597.819	51.8087630653811
370	602.519	66.0897978649417
370	607.221	36.4492466558707
370	611.924	74.4174490158629
370	616.63	63.2285453781992
370	621.338	62.5618283653393
370	626.047	64.031442604431
370	630.758	76.4999479306008
370	635.471	95.4618616110763
370	640.186	96.8361819659035
370	644.903	107.556102857496
370	649.621	103.889410737072
370	654.341	86.9306401039001
370	659.063	67.4028101395041
370	663.787	65.8150907831097
370	668.512	45.300148898977
370	673.238	52.9261319925574
370	677.967	53.6382225336459
370	682.696	40.1981171847319
370	687.428	69.7346910977819
370	692.16	19.8602515325061
370	696.895	36.644290375476
370	701.63	32.5724515162483
370	706.367	7.83166242565827
370	711.106	24.7274521150903
370	715.845	8.01688654923011
370	720.586	35.8747206872819
370	725.329	34.5735610988306
370	730.072	26.9863668920447
370	734.817	61.5765764606116
370	739.563	68.0324893064874
370	744.31	58.356406805013
370	749.058	61.030610904455
370	753.808	28.416407405617
370	758.558	17.6427602257455
370	763.31	0.796192899933789
370	768.062	-22.8457074858093
370	772.815	5.13336701090084
370	777.57	2.41345318406195
370	782.325	39.1761247194315
370	787.081	21.3705292368051
370	791.838	-10.4693967425461
370	796.596	1.70708604678967
370	801.355	2.95472954883139
370	806.114	-18.0422160260571
370	810.875	21.3607158895539
370	815.635	16.206858144764
370	820.397	-5.15014382549762
370	825.159	5.52794450193404
365	248.336	-0.724729419773571
365	252.814	-24.1649309822012
365	257.296	14.7774047747905
365	261.781	-32.6352287637954
365	266.271	-25.1052871444017
365	270.764	1.80047357950013
365	275.26	-36.4655227729582
365	279.76	9.83277690419095
365	284.264	-36.1673340588747
365	288.772	18.8331153221614
365	293.283	-19.1313478045145
365	297.797	2.85994569765906
365	302.315	16.1190874673118
365	306.837	-3.12552857549738
365	311.362	31.0603267730893
365	315.89	-2.05233264086259
365	320.422	-11.1200374827149
365	324.958	-28.3128385336709
365	329.496	44.5715440152758
365	334.038	52.7540661945109
365	338.584	51.6160436429885
365	343.133	76.9137821375582
365	347.685	70.971856245188
365	352.24	126.915001606881
365	356.799	90.2137975895887
365	361.361	945.994681235178
365	365.926	18.6086310736791
365	370.495	2123.14316855891
365	375.067	148.595211291235
365	379.641	55.1017666532206
365	384.219	68.377624653291
365	388.801	109.72478316623
365	393.385	146.393560288579
365	397.972	133.30301134491
365	402.562	206.147347182093
365	407.156	227.59862092529
365	411.752	222.43223934301
365	416.352	304.705721671551
365	420.954	323.879868500429
365	425.56	352.02552902421
365	430.168	355.533435224997
365	434.779	391.037784375103
365	439.393	400.420459991707
365	444.01	431.725043024147
365	448.63	434.321308882023
365	453.253	446.45790833888
365	457.878	437.133539330515
365	462.506	438.751713877257
365	467.137	432.890061042262
365	471.771	407.466462211379
365	476.407	390.28056659423
365	481.047	388.222323359802
365	485.688	370.994925650308
365	490.333	367.94347656459
365	494.979	314.882156796473
365	499.629	327.100302766931
365	504.281	304.744602053368
365	508.936	296.340994613291
365	513.593	268.914945785904
365	518.252	259.047354479942
365	522.914	229.617125767291
365	527.579	201.189063694832
365	532.245	183.105870441617
365	536.915	203.237109365899
365	541.586	170.952568363725
365	546.26	159.001622203585
365	550.936	150.912378864111
365	555.615	135.36980396586
365	560.296	145.02447552491
365	564.979	117.294026421242
365	569.664	97.8412657331719
365	574.351	100.80652292017
365	579.04	108.422308229745
365	583.732	65.368058345012
365	588.426	85.2394212599464
365	593.121	79.9343875321927
365	597.819	70.2687472767621
365	602.519	66.9428647858523
365	607.221	42.1573444548334
365	611.924	64.5457504089401
365	616.63	73.8029286722049
365	621.338	73.8039980573793
365	626.047	59.1513962334356
365	630.758	80.3011585208063
365	635.471	80.3365153589871
365	640.186	67.7609158763639
365	644.903	88.2848806540751
365	649.621	105.603712528382
365	654.341	95.2206519180999
365	659.063	62.4733473513498
365	663.787	59.5698763764708
365	668.512	33.0417423402885
365	673.238	48.245240081882
365	677.967	36.6993743062728
365	682.696	59.2305423550215
365	687.428	53.0922036740942
365	692.16	32.6218576650909
365	696.895	17.9317504068543
365	701.63	44.1594202061708
365	706.367	22.0137459498709
365	711.106	37.2955704443386
365	715.845	6.25076564129179
365	720.586	39.9186098246168
365	725.329	45.0739803308143
365	730.072	45.2336012766796
365	734.817	113.652137251448
365	739.563	69.1308855372394
365	744.31	19.4304547345222
365	749.058	-1.44301241342617
365	753.808	33.3387552804618
365	758.558	-0.75542741156513
365	763.31	8.96240510431876
365	768.062	-12.944712279921
365	772.815	11.3819366949486
365	777.57	-4.79327704573629
365	782.325	48.7883894261306
365	787.081	13.7721190592476
365	791.838	-6.24873426859786
365	796.596	47.5735138485982
365	801.355	-11.3736795967992
365	806.114	-10.6437134420504
365	810.875	17.2375560016201
365	815.635	13.5708513040668
365	820.397	-9.16196140348916
365	825.159	3.66874120559919
360	248.336	1.46749828320442
360	252.814	-2.63525607475776
360	257.296	11.2713520991363
360	261.781	-51.4571468804636
360	266.271	-27.7224347436463
360	270.764	12.0798668171243
360	275.26	-32.8490495050251
360	279.76	22.1532684560977
360	284.264	-34.026753228759
360	288.772	10.7481982242861
360	293.283	-4.37108888490559
360	297.797	26.7001174361401
360	302.315	12.2476485096983
360	306.837	15.3500468057551
360	311.362	14.9883445225015
360	315.89	17.1010636008963
360	320.422	5.04562070927088
360	324.958	27.6447619157897
360	329.496	68.9414381819188
360	334.038	94.1137956673526
360	338.584	72.9405029555669
360	343.133	57.4695889366019
360	347.685	73.1586238692668
360	352.24	100.099929304552
360	356.799	1226.62529698214
360	361.361	24.6966359343642
360	365.926	1961.44896736096
360	370.495	135.582870010912
360	375.067	65.0440161747389
360	379.641	98.9049785797741
360	384.219	133.084093408622
360	388.801	124.484015767723
360	393.385	186.058885645699
360	397.972	182.344300517681
360	402.562	237.499074555334
360	407.156	242.842646592005
360	411.752	320.914915233989
360	416.352	395.800345285207
360	420.954	377.958647366277
360	425.56	370.655713354164
360	430.168	405.099160032799
360	434.779	446.908327670144
360	439.393	460.344406633185
360	444.01	465.33723448272
360	448.63	443.270316928145
360	453.253	462.732316917709
360	457.878	459.595444429811
360	462.506	439.532900429199
360	467.137	428.488668783908
360	471.771	416.766093220549
360	476.407	388.569642483087
360	481.047	394.91110835406
360	485.688	368.316590845538
360	490.333	356.336381571292
360	494.979	322.025520572286
360	499.629	320.978300180429
360	504.281	294.610031617055
360	508.936	297.904053972083
360	513.593	252.178748912729
360	518.252	256.167684946892
360	522.914	230.806475628935
360	527.579	216.120633085918
360	532.245	193.599758438989
360	536.915	184.694301736479
360	541.586	191.852822648786
360	546.26	165.261639179144
360	550.936	155.94264889581
360	555.615	133.756450998928
360	560.296	146.222044324364
360	564.979	108.137227425524
360	569.664	99.1809227105465
360	574.351	113.560761625909
360	579.04	97.7226973118997
360	583.732	88.1065617556111
360	588.426	65.8075253555648
360	593.121	75.9309260488381
360	597.819	47.9305153337045
360	602.519	79.4580973130866
360	607.221	52.6468796325468
360	611.924	70.5623273919952
360	616.63	72.1993106243532
360	621.338	68.1809822231309
360	626.047	43.6789782097828
360	630.758	55.25619841717
360	635.471	71.2914145365325
360	640.186	67.0101379051762
360	644.903	73.4437217374691
360	649.621	84.1492707587461
360	654.341	67.3179870136168
360	659.063	58.2936964782465
360	663.787	58.1627229671988
360	668.512	38.3546969497633
360	673.238	47.4918941981874
360	677.967	52.0257918037306
360	682.696	58.1016825320302
360	687.428	49.0341991547728
360	692.16	32.2239357409843
360	696.895	7.31162361005102
360	701.63	27.7287217620925
360	706.367	32.1053303275043
360	711.106	15.3968780743257
360	715.845	49.9216279513109
360	720.586	86.0368044240986
360	725.329	81.3285385422613
360	730.072	50.9371552883268
360	734.817	45.2609557408815
360	739.563	11.5378526028094
360	744.31	8.71868761010014
360	749.058	14.6815084426655
360	753.808	17.941461065789
360	758.558	-16.3590542073507
360	763.31	-3.09119411990588
360	768.062	-15.6464269863094
360	772.815	-9.37983987971651
360	777.57	23.169207890948
360	782.325	43.3972266862357
360	787.081	27.8864258764534
360	791.838	-0.426558784884238
360	796.596	26.7000395710914
360	801.355	-9.51196804127546
360	806.114	-23.0362558506408
360	810.875	17.9315419122325
360	815.635	25.6084430417362
360	820.397	-9.48063629068718
360	825.159	0.0162607819508835
355	248.336	-20.9326617665651
355	252.814	-28.1211932027521
355	257.296	-10.2675015372117
355	261.781	-3.04756825939418
355	266.271	11.0686474212888
355	270.764	34.9322994871091
355	275.26	-21.1812761660756
355	279.76	-7.14350032654044
355	284.264	-5.95896339544871
355	288.772	12.1270891009653
355	293.283	-9.74494246385729
355	297.797	-4.54109611835945
355	302.315	25.2071801477945
355	306.837	13.4506623238555
355	311.362	13.4864117825269
355	315.89	13.6330202411604
355	320.422	18.9910701904417
355	324.958	70.9353033758049
355	329.496	93.5651770577738
355	334.038	115.90314386787
355	338.584	102.911446596176
355	343.133	98.818685610632
355	347.685	105.816381680359
355	352.24	1720.02587900553
355	356.799	34.0432385409913
355	361.361	1860.68724819639
355	365.926	147.028368935688
355	370.495	61.5236048715846
355	375.067	92.893131984372
355	379.641	130.695640116109
355	384.219	177.683748605581
355	388.801	192.05591025605
355	393.385	230.821797569618
355	397.972	247.839881615419
355	402.562	264.775014343993
355	407.156	336.113262521325
355	411.752	385.832920399369
355	416.352	393.362348288074
355	420.954	420.288993839598
355	425.56	418.232307739633
355	430.168	433.559973880138
355	434.779	460.958898770612
355	439.393	477.938512289649
355	444.01	496.726013657468
355	448.63	475.03910857238
355	453.253	475.396459343044
355	457.878	452.559462536554
355	462.506	447.243388714881
355	467.137	423.654962354977
355	471.771	404.704255333355
355	476.407	394.823715257589
355	481.047	387.721354156119
355	485.688	374.533003151784
355	490.333	370.276618436675
355	494.979	308.695148864027
355	499.629	306.190132952837
355	504.281	302.96893126326
355	508.936	289.679101227572
355	513.593	242.579470317295
355	518.252	244.325961437678
355	522.914	239.210426868121
355	527.579	207.27977881432
355	532.245	185.777437914207
355	536.915	182.136817585875
355	541.586	172.923946402175
355	546.26	170.512328996898
355	550.936	148.412557252559
355	555.615	146.585375848429
355	560.296	127.537410793298
355	564.979	123.274824077236
355	569.664	114.314071254876
355	574.351	108.204471208151
355	579.04	114.211164509985
355	583.732	85.6743114367145
355	588.426	86.3724966750502
355	593.121	81.6969067399967
355	597.819	65.16195734333
355	602.519	70.5835843729185
355	607.221	32.7578204407068
355	611.924	49.4287559508718
355	616.63	65.6837779634633
355	621.338	56.0179420106457
355	626.047	42.8549746211507
355	630.758	60.9191178171562
355	635.471	40.4596976449543
355	640.186	66.4584244577621
355	644.903	48.657949086421
355	649.621	73.2362427895217
355	654.341	67.7030200464191
355	659.063	37.6821382661158
355	663.787	50.6084413395283
355	668.512	23.4718707160649
355	673.238	31.1721276508833
355	677.967	45.0408094801607
355	682.696	56.7485226873672
355	687.428	64.90536285782
355	692.16	31.5112853426687
355	696.895	37.6261516887996
355	701.63	16.8844372591409
355	706.367	82.3589889412753
355	711.106	112.988027137501
355	715.845	112.778091785158
355	720.586	80.22237393426
355	725.329	3.6619602112815
355	730.072	24.3817238846245
355	734.817	22.0751899791396
355	739.563	19.8782097176297
355	744.31	7.17250099484838
355	749.058	10.1451195388965
355	753.808	5.54902719231171
355	758.558	-13.5214370032157
355	763.31	9.58974769952718
355	768.062	-5.40491295747198
355	772.815	4.26555606401764
355	777.57	10.2537239442455
355	782.325	43.666279046153
355	787.081	-4.93927197171065
355	791.838	-6.98375428146656
355	796.596	33.9007721903273
355	801.355	-1.06078604624474
355	806.114	3.64029495794747
355	810.875	20.2522330024156
355	815.635	12.3133154695733
355	820.397	-2.49110432289377
355	825.159	15.18252185546
350	248.336	-2.85475651776589
350	252.814	-11.1208373576459
350	257.296	34.2824356108853
350	261.781	-12.0225960312962
350	266.271	-22.7070417398961
350	270.764	31.9153230055469
350	275.26	-6.41339403260657
350	279.76	25.3827191904284
350	284.264	-0.381094792576981
350	288.772	24.3308228534665
350	293.283	-11.1046905625382
350	297.797	13.9013343118326
350	302.315	15.0145246426349
350	306.837	5.12414055632689
350	311.362	38.7854944912907
350	315.89	52.7104038671551
350	320.422	45.0446892170606
350	324.958	108.209174182674
350	329.496	92.2492330919716
350	334.038	116.532919757654
350	338.584	64.6652348028445
350	343.133	124.173426805484
350	347.685	2103.29980818482
350	352.24	12.5531152337244
350	356.799	1928.36090336783
350	361.361	103.769730294793
350	365.926	80.8175069628008
350	370.495	106.723619949072
350	375.067	146.811181386625
350	379.641	193.137885219871
350	384.219	207.482307517335
350	388.801	246.826507820314
350	393.385	281.311762762776
350	397.972	305.141708635976
350	402.562	396.23077494563
350	407.156	360.13016182602
350	411.752	409.497159162243
350	416.352	426.832173037193
350	420.954	458.330493003434
350	425.56	453.844729434298
350	430.168	474.535392371082
350	434.779	510.536567505845
350	439.393	483.529294510367
350	444.01	496.051337292148
350	448.63	471.636729367654
350	453.253	477.950144658113
350	457.878	437.496177787664
350	462.506	439.230302617634
350	467.137	418.225222220531
350	471.771	404.017648973427
350	476.407	378.754872174898
350	481.047	384.21548131904
350	485.688	365.468751978536
350	490.333	351.034610089936
350	494.979	318.296571689224
350	499.629	306.591766086887
350	504.281	302.438433370834
350	508.936	279.907865618929
350	513.593	245.399808015054
350	518.252	234.899378927657
350	522.914	238.142152437781
350	527.579	201.228858665487
350	532.245	182.892014606171
350	536.915	176.586848389771
350	541.586	168.438531941635
350	546.26	164.291123619121
350	550.936	140.908880324941
350	555.615	143.124779491891
350	560.296	133.636090195562
350	564.979	115.98943025617
350	569.664	102.198100823042
350	574.351	108.510526747995
350	579.04	109.226505922251
350	583.732	73.1105813316559
350	588.426	64.7630487674946
350	593.121	85.0089169493885
350	597.819	59.0678092827708
350	602.519	60.3355393859081
350	607.221	32.3495479779103
350	611.924	53.512199561301
350	616.63	60.2106956015779
350	621.338	59.8435779028215
350	626.047	56.7469345438482
350	630.758	42.5223596792053
350	635.471	59.2372778359446
350	640.186	42.0652379982167
350	644.903	43.1300914244404
350	649.621	79.4874411923622
350	654.341	58.5160406904331
350	659.063	53.2649258424011
350	663.787	55.2431650947629
350	668.512	27.2229694711558
350	673.238	35.1584350797092
350	677.967	29.7833974451577
350	682.696	80.1773180104252
350	687.428	48.1957593353961
350	692.16	40.4495535735663
350	696.895	72.7977705762294
350	701.63	130.869251108382
350	706.367	155.536491741909
350	711.106	91.7742989822233
350	715.845	45.198559585107
350	720.586	38.177541638251
350	725.329	4.78979670559358
350	730.072	10.6705596380713
350	734.817	17.3304505731823
350	739.563	35.0570507521828
350	744.31	-7.08174241139602
350	749.058	2.50670336943965
350	753.808	18.2425282647169
350	758.558	-29.7083089869869
350	763.31	-28.4083634768864
350	768.062	-17.9706400023824
350	772.815	-4.96358640509913
350	777.57	19.1089528413768
350	782.325	44.7428231391803
350	787.081	5.28980890022676
350	791.838	29.25179984123
350	796.596	37.250437877808
350	801.355	22.1562430274251
350	806.114	-5.35170682502821
350	810.875	6.43596582718156
350	815.635	19.6462376501415
350	820.397	0.71642836288344
350	825.159	5.3625471956709
345	248.336	1.09860221656548
345	252.814	-25.2390267175692
345	257.296	35.9626312260446
345	261.781	-2.56891709792668
345	266.271	6.60011857460158
345	270.764	23.1980361883955
345	275.26	-25.169984109315
345	279.76	3.8029925203779
345	284.264	5.6206994468926
345	288.772	1.18309479176539
345	293.283	-21.0677423295638
345	297.797	-10.3404179596744
345	302.315	20.6268051844088
345	306.837	37.8451735870788
345	311.362	47.972209875651
345	315.89	114.430489163282
345	320.422	88.1554925581798
345	324.958	112.285193506688
345	329.496	104.994846055677
345	334.038	98.037644968637
345	338.584	219.981382370475
345	343.133	2737.9637476003
345	347.685	29.9866908202675
345	352.24	1747.17716737779
345	356.799	122.746575704891
345	361.361	94.6726173550634
345	365.926	97.53211761198
345	370.495	132.174854074762
345	375.067	182.790166814653
345	379.641	210.086444523245
345	384.219	259.697178458176
345	388.801	307.32394881577
345	393.385	373.96654556471
345	397.972	364.495643367833
345	402.562	376.788381410147
345	407.156	395.316482665486
345	411.752	434.195290982334
345	416.352	497.032403216326
345	420.954	489.847295894894
345	425.56	473.035920394927
345	430.168	503.207582161728
345	434.779	527.664693757342
345	439.393	507.888873587343
345	444.01	511.570224317549
345	448.63	477.649048926161
345	453.253	470.854937044786
345	457.878	469.407026293951
345	462.506	465.493765970928
345	467.137	423.702484712628
345	471.771	408.943036849293
345	476.407	390.63597934295
345	481.047	383.596067690853
345	485.688	342.952942439344
345	490.333	347.68510617414
345	494.979	302.973506709113
345	499.629	313.888366239937
345	504.281	279.969611527446
345	508.936	265.929279987686
345	513.593	225.87487497293
345	518.252	235.466192931707
345	522.914	222.686729545495
345	527.579	197.669555936294
345	532.245	182.239697945032
345	536.915	164.898263367853
345	541.586	144.986250625105
345	546.26	166.092324801258
345	550.936	137.951843650067
345	555.615	139.161760592334
345	560.296	115.489234934439
345	564.979	119.601133160855
345	569.664	105.82172114102
345	574.351	86.0291888440403
345	579.04	99.8524773923973
345	583.732	84.9734760794003
345	588.426	76.4174913714358
345	593.121	85.8297982089103
345	597.819	48.948101759246
345	602.519	60.0746716466982
345	607.221	32.1141830136308
345	611.924	47.518302522301
345	616.63	57.4521872966205
345	621.338	53.1613328120051
345	626.047	58.1680070643047
345	630.758	33.4205959162776
345	635.471	51.780777191177
345	640.186	53.3076480402067
345	644.903	73.7293292747887
345	649.621	60.2961971644353
345	654.341	57.0334537997368
345	659.063	54.517691917361
345	663.787	58.3397505740232
345	668.512	30.7020068009401
345	673.238	46.4005548194899
345	677.967	29.222579961593
345	682.696	64.8288999220822
345	687.428	117.945965867327
345	692.16	139.264245077254
345	696.895	154.800084035433
345	701.63	73.2611906701752
345	706.367	31.8724903573297
345	711.106	29.6420557541352
345	715.845	12.4974066202123
345	720.586	19.9543309878149
345	725.329	30.4501050724202
345	730.072	-6.87839664772855
345	734.817	13.1721806063008
345	739.563	17.1978389792648
345	744.31	-20.5126510794486
345	749.058	13.2496553806882
345	753.808	30.2764203833373
345	758.558	-9.27102440090945
345	763.31	6.09133300285533
345	768.062	-22.5334470502882
345	772.815	-0.346319781245878
345	777.57	3.15850430797335
345	782.325	21.8529662609015
345	787.081	22.0208690601729
345	791.838	-4.39280326788669
345	796.596	51.3408071777144
345	801.355	-7.11210630083386
345	806.114	-22.8375908319441
345	810.875	19.6453647001798
345	815.635	11.4346561827804
345	820.397	-18.5344622971098
345	825.159	18.9287160929049
340	248.336	-2.5198535844412
340	252.814	-14.6771262160452
340	257.296	-7.24876185236892
340	261.781	-17.3128172062578
340	266.271	-19.7977306998167
340	270.764	20.3425574584799
340	275.26	-15.071706012242
340	279.76	14.3129596613789
340	284.264	-5.13400170305032
340	288.772	-4.8562309033417
340	293.283	-2.08898570891856
340	297.797	-8.94147387038916
340	302.315	48.2126232362686
340	306.837	93.3310556834962
340	311.362	110.935503321488
340	315.89	110.834827887686
340	320.422	118.869434845257
340	324.958	105.650742291745
340	329.496	72.941728094001
340	334.038	334.396796141941
340	338.584	2637.96664014853
340	343.133	29.2568756040018
340	347.685	1493.76364559824
340	352.24	120.990014628175
340	356.799	78.5366552386313
340	361.361	126.199316108179
340	365.926	141.93968240252
340	370.495	189.207138078953
340	375.067	219.440191248458
340	379.641	266.001673595647
340	384.219	348.124151486031
340	388.801	424.781389945279
340	393.385	447.521463823722
340	397.972	413.59097699396
340	402.562	459.172399731573
340	407.156	460.164426905907
340	411.752	463.338571646514
340	416.352	506.176698277073
340	420.954	498.536560326045
340	425.56	492.773146357288
340	430.168	515.215581754505
340	434.779	515.052336772305
340	439.393	522.323037158173
340	444.01	517.24523730218
340	448.63	495.21188551399
340	453.253	464.024505436786
340	457.878	455.383697943456
340	462.506	449.526427902802
340	467.137	408.878261028219
340	471.771	408.526419804475
340	476.407	371.941098749239
340	481.047	360.677600318308
340	485.688	328.384408189559
340	490.333	328.597215703481
340	494.979	282.23802886596
340	499.629	293.371096273729
340	504.281	275.870809386127
340	508.936	263.739932462457
340	513.593	222.578730378464
340	518.252	224.65118360443
340	522.914	212.804663410216
340	527.579	194.153922099121
340	532.245	173.192392121642
340	536.915	171.663369288854
340	541.586	160.860467478298
340	546.26	165.157820300317
340	550.936	143.071154525813
340	555.615	140.222090518604
340	560.296	131.62479836666
340	564.979	120.732728453555
340	569.664	106.835234340036
340	574.351	98.853320515251
340	579.04	97.9107783259782
340	583.732	68.2606438401477
340	588.426	84.34372142539
340	593.121	79.1335067118581
340	597.819	64.5053941909449
340	602.519	76.42162598485
340	607.221	56.2904342991831
340	611.924	40.7627951808186
340	616.63	55.7640609467345
340	621.338	69.4713030463889
340	626.047	47.6159134411916
340	630.758	52.1714323437292
340	635.471	52.5686215262728
340	640.186	60.8030317832107
340	644.903	35.6399706680239
340	649.621	83.8462921788916
340	654.341	53.0562087749873
340	659.063	53.2166673046701
340	663.787	55.5039627441004
340	668.512	29.7284795042383
340	673.238	59.8893321641838
340	677.967	111.863602634025
340	682.696	201.094460179222
340	687.428	210.797336049073
340	692.16	98.1903365621881
340	696.895	42.2155482529097
340	701.63	14.156809317896
340	706.367	15.6621685669807
340	711.106	36.3062247093516
340	715.845	21.7810696065166
340	720.586	25.9291015674923
340	725.329	31.4226409264366
340	730.072	17.7345733470763
340	734.817	29.0405302343595
340	739.563	22.3147795160973
340	744.31	2.88714948218363
340	749.058	7.97135320848493
340	753.808	33.1573155488937
340	758.558	18.3826924795728
340	763.31	37.9009416147814
340	768.062	-15.003884185032
340	772.815	1.61874818680545
340	777.57	20.9129535776131
340	782.325	42.404098932544
340	787.081	15.1984407007645
340	791.838	28.3012887235777
340	796.596	56.3907246469119
340	801.355	-11.8911431062459
340	806.114	6.86234812932496
340	810.875	38.2121312347487
340	815.635	6.49563749884416
340	820.397	0.0124002181380014
340	825.159	5.41088187789288
335	248.336	9.22330038644711
335	252.814	-9.22136102388557
335	257.296	30.5438794480934
335	261.781	-19.4192128436138
335	266.271	-16.5716301716396
335	270.764	24.3599780439389
335	275.26	-32.5528193116962
335	279.76	47.1839182276009
335	284.264	10.6705748580286
335	288.772	-12.6270169724116
335	293.283	11.3315143664522
335	297.797	17.9821865851925
335	302.315	97.2822555110503
335	306.837	111.601283568986
335	311.362	134.540306233655
335	315.89	121.131563258381
335	320.422	127.589902994329
335	324.958	84.4013474393491
335	329.496	496.452799477722
335	334.038	34.8130883760241
335	338.584	26.1784789895755
335	343.133	1249.98432344077
335	347.685	97.6590355830559
335	352.24	108.512551558916
335	356.799	100.616237274372
335	361.361	137.526085670579
335	365.926	210.697942196827
335	370.495	234.773733013405
335	375.067	266.4511645501
335	379.641	382.497257676317
335	384.219	434.335215559785
335	388.801	441.778627793961
335	393.385	463.219500006221
335	397.972	441.823871983342
335	402.562	478.393589053611
335	407.156	522.021052581814
335	411.752	511.913632093504
335	416.352	543.337445323326
335	420.954	518.579158415689
335	425.56	537.81231874372
335	430.168	529.281723659394
335	434.779	553.030948850717
335	439.393	539.298448115907
335	444.01	546.765347826237
335	448.63	494.622341030288
335	453.253	472.848754625393
335	457.878	454.748232498353
335	462.506	448.059086441883
335	467.137	415.820271155708
335	471.771	392.241731344104
335	476.407	354.521297347065
335	481.047	361.549442251275
335	485.688	330.907755289693
335	490.333	346.011561373122
335	494.979	290.222427970628
335	499.629	279.127404985652
335	504.281	266.093277223959
335	508.936	258.629565216453
335	513.593	224.27586669989
335	518.252	225.66270791514
335	522.914	220.844133076212
335	527.579	189.578509548882
335	532.245	163.163498728286
335	536.915	172.349533281901
335	541.586	149.816209552127
335	546.26	154.892297373636
335	550.936	146.22054475953
335	555.615	126.224621713958
335	560.296	130.645612273672
335	564.979	129.460996221758
335	569.664	118.243646123259
335	574.351	101.130381313307
335	579.04	98.8081166862855
335	583.732	96.721353250403
335	588.426	77.3496829413895
335	593.121	79.3568639387551
335	597.819	52.3314068924945
335	602.519	59.10077409116
335	607.221	61.0536933285324
335	611.924	64.1881955356333
335	616.63	50.3190118838951
335	621.338	71.1639107760827
335	626.047	63.3993777271234
335	630.758	46.7552671539975
335	635.471	49.1827605325122
335	640.186	54.9284263711245
335	644.903	29.7810660585017
335	649.621	54.8394484312192
335	654.341	43.329745960748
335	659.063	54.9483515691676
335	663.787	91.027110118538
335	668.512	147.310556217973
335	673.238	258.491530783568
335	677.967	183.911774215131
335	682.696	129.947832237826
335	687.428	65.191078107467
335	692.16	29.7539462834657
335	696.895	1.04639548989147
335	701.63	1.0334650195553
335	706.367	29.885531431893
335	711.106	40.8336101123913
335	715.845	21.8825639627861
335	720.586	25.4157819458395
335	725.329	11.6381650145328
335	730.072	8.51580944248752
335	734.817	41.041919198622
335	739.563	7.96364808083763
335	744.31	13.1630883220713
335	749.058	11.0817881338066
335	753.808	1.56412147501391
335	758.558	-19.4344095465525
335	763.31	14.5112008548189
335	768.062	11.8689372385611
335	772.815	12.2336031500565
335	777.57	2.03850559717202
335	782.325	37.1127900670312
335	787.081	20.1192260292571
335	791.838	-4.173824702983
335	796.596	29.8402342174599
335	801.355	3.68359644931946
335	806.114	14.7200765341294
335	810.875	10.3083463528351
335	815.635	26.1192985531537
335	820.397	-3.30177549757377
335	825.159	2.95440277192624
330	248.336	-2.24516137016776
330	252.814	-41.0540674167962
330	257.296	15.851853178194
330	261.781	2.80946300855108
330	266.271	10.8058713420328
330	270.764	19.1916649384085
330	275.26	-16.3605093227882
330	279.76	16.9441990238591
330	284.264	-23.9351560803047
330	288.772	38.2534019280382
330	293.283	22.4626811178618
330	297.797	87.6479482011126
330	302.315	116.098379944944
330	306.837	121.210072280693
330	311.362	123.587480781813
330	315.89	121.300598438555
330	320.422	112.850832270892
330	324.958	628.019568621052
330	329.496	33.4426999733805
330	334.038	40.8358966910164
330	338.584	975.881049953019
330	343.133	108.469068995442
330	347.685	104.533473760274
330	352.24	152.572078348107
330	356.799	163.267683114849
330	361.361	193.252112001611
330	365.926	238.386765096647
330	370.495	266.861357286594
330	375.067	376.601237432459
330	379.641	426.422486091512
330	384.219	438.352456703965
330	388.801	492.675331886451
330	393.385	528.654640958904
330	397.972	501.328902166214
330	402.562	544.971878333131
330	407.156	515.765028867763
330	411.752	554.571673836195
330	416.352	559.7625165081
330	420.954	549.662815114906
330	425.56	551.495322474805
330	430.168	530.785644002432
330	434.779	581.389891477505
330	439.393	534.057881009424
330	444.01	522.600632118387
330	448.63	485.395460059576
330	453.253	487.336952012362
330	457.878	439.405815422103
330	462.506	450.756590043754
330	467.137	398.369895195986
330	471.771	385.692112017407
330	476.407	363.193409785649
330	481.047	349.049565264588
330	485.688	322.006374537156
330	490.333	316.639468823658
330	494.979	272.374849470282
330	499.629	280.047268994387
330	504.281	276.337404476426
330	508.936	247.780286648391
330	513.593	217.78405805656
330	518.252	221.904257686982
330	522.914	220.599945816686
330	527.579	188.724920325744
330	532.245	175.607672099742
330	536.915	174.467434817839
330	541.586	157.393095158261
330	546.26	150.440917956864
330	550.936	132.261208356921
330	555.615	135.127483257828
330	560.296	127.865265754382
330	564.979	116.510787989831
330	569.664	112.150637703612
330	574.351	74.9774000373002
330	579.04	88.7560361890783
330	583.732	74.145800520001
330	588.426	89.7491615213643
330	593.121	87.6537318314185
330	597.819	51.4001566632804
330	602.519	64.4374687507433
330	607.221	29.9214816487978
330	611.924	52.7682175879379
330	616.63	56.3069790197691
330	621.338	51.374164452583
330	626.047	50.6562064974369
330	630.758	67.9812749826057
330	635.471	58.6958440413645
330	640.186	63.7382666698118
330	644.903	52.6515370026486
330	649.621	90.9427401725266
330	654.341	95.9530853783441
330	659.063	189.563546162506
330	663.787	300.148740071864
330	668.512	210.21158172563
330	673.238	99.4260091411544
330	677.967	54.6392621532572
330	682.696	72.0476200304471
330	687.428	49.7721845365515
330	692.16	21.9381485925548
330	696.895	5.22215101947385
330	701.63	27.1539199413095
330	706.367	19.0177399911958
330	711.106	32.6971466817374
330	715.845	38.8502730672406
330	720.586	43.9906167970424
330	725.329	7.67701399154752
330	730.072	1.4963890891963
330	734.817	23.7116925122754
330	739.563	12.4272390017577
330	744.31	8.41164353344109
330	749.058	0.511221570127674
330	753.808	21.1209108054624
330	758.558	-3.52534950455954
330	763.31	16.2096878989093
330	768.062	-17.9287678350431
330	772.815	-1.19705268360403
330	777.57	12.4894620587202
330	782.325	63.8049534402302
330	787.081	34.7063056157368
330	791.838	15.1813412848664
330	796.596	56.5265060275024
330	801.355	-5.70350973347631
330	806.114	1.91241759077963
330	810.875	41.1802463615982
330	815.635	29.7194879809015
330	820.397	8.77350079038248
330	825.159	22.1285555002474
325	248.336	-8.36065545849891
325	252.814	-34.5517346502711
325	257.296	-12.7888064278792
325	261.781	-22.6222412690203
325	266.271	-15.1179605974519
325	270.764	36.4341133443477
325	275.26	-54.2311809014757
325	279.76	17.9395247335191
325	284.264	-18.7151872586824
325	288.772	107.928843709615
325	293.283	80.0520740239921
325	297.797	127.192794320901
325	302.315	160.072443314302
325	306.837	166.114718852635
325	311.362	136.107719605094
325	315.89	114.08584144743
325	320.422	1130.935972915
325	324.958	25.0730576765018
325	329.496	34.3454223683439
325	334.038	716.311913857269
325	338.584	164.589655446262
325	343.133	135.336968779321
325	347.685	124.544853733792
325	352.24	208.044388451718
325	356.799	218.389505067776
325	361.361	235.02279319572
325	365.926	312.797046516224
325	370.495	351.2215400445
325	375.067	401.443067409732
325	379.641	424.057335876766
325	384.219	489.827939535028
325	388.801	531.174324087955
325	393.385	530.907192400453
325	397.972	539.389583530567
325	402.562	561.129309216068
325	407.156	566.234705662082
325	411.752	567.857728495159
325	416.352	584.025584005764
325	420.954	570.965901896136
325	425.56	539.757459168817
325	430.168	547.052051779317
325	434.779	555.512024957643
325	439.393	524.369318375652
325	444.01	523.892574848583
325	448.63	496.457627791386
325	453.253	472.908098093806
325	457.878	461.399440561901
325	462.506	449.511183162321
325	467.137	404.320466209447
325	471.771	367.703662323296
325	476.407	351.498056897949
325	481.047	363.243982906466
325	485.688	330.594096009021
325	490.333	324.897628094158
325	494.979	270.775275684388
325	499.629	270.026771192482
325	504.281	267.211543915427
325	508.936	250.021623154975
325	513.593	227.053864571976
325	518.252	216.593565251786
325	522.914	208.232134727317
325	527.579	172.48584506237
325	532.245	164.67421776821
325	536.915	157.230799145604
325	541.586	148.995117255718
325	546.26	160.608025658427
325	550.936	138.080236380601
325	555.615	130.368243648884
325	560.296	141.130143684678
325	564.979	120.648539572857
325	569.664	116.043488318857
325	574.351	86.7730153771105
325	579.04	106.334325428693
325	583.732	104.649155773709
325	588.426	92.9950034408432
325	593.121	86.8965683811374
325	597.819	53.7873156647821
325	602.519	86.9020671164814
325	607.221	38.2178867014006
325	611.924	43.8478535966685
325	616.63	61.1479081541662
325	621.338	60.0869046540112
325	626.047	56.8620326898045
325	630.758	45.3046080053917
325	635.471	47.916074717641
325	640.186	68.7796075788719
325	644.903	115.6974120683
325	649.621	234.708355524289
325	654.341	346.29722904746
325	659.063	242.682138450128
325	663.787	101.386993540712
325	668.512	34.8590187500969
325	673.238	43.0248349555515
325	677.967	29.9708279945643
325	682.696	48.0993387943428
325	687.428	30.5129701657589
325	692.16	4.00892535871601
325	696.895	14.9182341792351
325	701.63	20.1616823787949
325	706.367	27.4256870236064
325	711.106	44.1812560466822
325	715.845	15.9254330006238
325	720.586	15.5886482357886
325	725.329	21.2022058229753
325	730.072	16.3176506331132
325	734.817	39.4443854894569
325	739.563	33.2085066049657
325	744.31	-1.12660420788654
325	749.058	10.5066879728802
325	753.808	24.636025477845
325	758.558	2.10204982167775
325	763.31	12.3746332392695
325	768.062	3.02407972664848
325	772.815	6.87401299915109
325	777.57	-3.05563245917502
325	782.325	49.3956859789006
325	787.081	2.7574253677892
325	791.838	29.2092345826013
325	796.596	50.2080207443207
325	801.355	1.20799712229332
325	806.114	19.6638496469184
325	810.875	40.5266792433885
325	815.635	-6.41130590889111
325	820.397	-15.22894480586
325	825.159	-4.40592107153177
320	248.336	9.77155597735854
320	252.814	-6.06229218376586
320	257.296	28.6481943184755
320	261.781	-22.3739209497155
320	266.271	-3.58154094230007
320	270.764	40.4608078678305
320	275.26	-18.6747286112409
320	279.76	44.115063683349
320	284.264	78.7431895145613
320	288.772	120.73428897276
320	293.283	129.420911096497
320	297.797	156.944639355207
320	302.315	172.259313353343
320	306.837	127.444154490558
320	311.362	174.118372976374
320	315.89	1450.23117537197
320	320.422	4.49574963903069
320	324.958	3.37535447463961
320	329.496	678.030336012769
320	334.038	229.344606603143
320	338.584	223.661367459493
320	343.133	225.523149887281
320	347.685	225.577049922304
320	352.24	260.48007920557
320	356.799	280.429563416762
320	361.361	380.213733332891
320	365.926	381.956595967937
320	370.495	356.996851501086
320	375.067	418.674808637614
320	379.641	475.113762458791
320	384.219	505.66494311938
320	388.801	563.76233046275
320	393.385	579.160500804519
320	397.972	557.636627550509
320	402.562	574.160256869128
320	407.156	574.023657960162
320	411.752	595.718392889136
320	416.352	604.556552179542
320	420.954	584.579360714083
320	425.56	584.430339970773
320	430.168	540.861803288859
320	434.779	581.951525457829
320	439.393	542.375424214081
320	444.01	532.115273318792
320	448.63	482.331200723787
320	453.253	488.22210144691
320	457.878	448.670952388241
320	462.506	457.673548226696
320	467.137	411.111154491234
320	471.771	390.749619831059
320	476.407	360.610742430722
320	481.047	341.874443440145
320	485.688	321.505957627891
320	490.333	321.07847074775
320	494.979	276.394315747008
320	499.629	281.214851685324
320	504.281	275.915679087539
320	508.936	249.325855868621
320	513.593	223.737926049535
320	518.252	221.762487910998
320	522.914	209.240516891175
320	527.579	194.264593457072
320	532.245	162.708649625246
320	536.915	176.26067374974
320	541.586	153.889347652755
320	546.26	149.574344564981
320	550.936	145.626238554057
320	555.615	138.67441656491
320	560.296	119.204454576026
320	564.979	132.676500837579
320	569.664	120.560899233146
320	574.351	86.9008275056971
320	579.04	125.780897566656
320	583.732	90.1096574445403
320	588.426	94.013420288297
320	593.121	84.0923661036122
320	597.819	50.7091511869063
320	602.519	84.3061842897883
320	607.221	40.6188688341161
320	611.924	76.801352833868
320	616.63	69.4335986346785
320	621.338	71.6404791405778
320	626.047	91.0790390765721
320	630.758	77.2107234025056
320	635.471	159.297314029335
320	640.186	336.755562877977
320	644.903	355.405932193805
320	649.621	242.923432964864
320	654.341	97.7560477330427
320	659.063	34.8353463118165
320	663.787	52.0358061748568
320	668.512	27.5172447439685
320	673.238	52.3893259587271
320	677.967	17.4850663035479
320	682.696	59.3562295282232
320	687.428	59.7747420362259
320	692.16	12.1806528829812
320	696.895	26.0562556051876
320	701.63	29.7454694007883
320	706.367	26.5834694966216
320	711.106	31.217867765551
320	715.845	9.23191038194804
320	720.586	33.6977878768228
320	725.329	38.5675643361889
320	730.072	21.6516928583419
320	734.817	13.5853894226887
320	739.563	24.5320299191028
320	744.31	7.98746136248693
320	749.058	17.3960270469986
320	753.808	40.2206489777908
320	758.558	22.9045250473515
320	763.31	17.9730768727366
320	768.062	-1.8114154866608
320	772.815	8.16426739207435
320	777.57	19.8846914633616
320	782.325	56.7932332761947
320	787.081	28.4348568531804
320	791.838	41.8838456188402
320	796.596	50.0232967395654
320	801.355	-3.80838054580803
320	806.114	8.89190790829852
320	810.875	-2.52592234159443
320	815.635	12.2798091324194
320	820.397	16.1046403001725
320	825.159	17.7850343811856
315	248.336	17.9811548486857
315	252.814	-11.7353056932996
315	257.296	19.1890816824639
315	261.781	-23.6225556496087
315	266.271	-11.901536621818
315	270.764	79.7716690840223
315	275.26	15.6539319098122
315	279.76	125.66513041708
315	284.264	135.886021485563
315	288.772	164.658098811156
315	293.283	137.147541128444
315	297.797	132.300561449673
315	302.315	157.668093835713
315	306.837	154.748520904892
315	311.362	2099.0426824575
315	315.89	41.7638182909614
315	320.422	29.4263674771282
315	324.958	467.725878803119
315	329.496	214.456948252696
315	334.038	234.155995167716
315	338.584	301.781993917191
315	343.133	248.116372861248
315	347.685	229.062131838549
315	352.24	310.753355596763
315	356.799	367.520320400447
315	361.361	380.288279656063
315	365.926	369.495946060382
315	370.495	405.122460284992
315	375.067	497.353184373792
315	379.641	500.022151654945
315	384.219	539.885080399017
315	388.801	573.111546802391
315	393.385	621.042940801482
315	397.972	577.889622921499
315	402.562	594.712517441119
315	407.156	608.624287677244
315	411.752	612.684020118789
315	416.352	651.836303793696
315	420.954	612.607317940816
315	425.56	557.54331147822
315	430.168	564.476118130578
315	434.779	581.259860527553
315	439.393	540.264677457164
315	444.01	541.922483910506
315	448.63	515.366540999472
315	453.253	471.87264824124
315	457.878	446.632495360995
315	462.506	439.695812194155
315	467.137	407.449505811663
315	471.771	396.797032469026
315	476.407	340.225446874574
315	481.047	353.281650350866
315	485.688	318.2807711475
315	490.333	317.487521646139
315	494.979	269.879824487008
315	499.629	272.604216395553
315	504.281	256.060827137228
315	508.936	259.673361168785
315	513.593	229.239768166448
315	518.252	214.896551256432
315	522.914	217.29398510719
315	527.579	193.522994733515
315	532.245	161.027604267168
315	536.915	172.498226041631
315	541.586	181.299413932188
315	546.26	176.217747631462
315	550.936	151.06207575583
315	555.615	137.695350656443
315	560.296	144.28947171495
315	564.979	128.346904276399
315	569.664	109.938978234723
315	574.351	91.7173646542307
315	579.04	112.868924005474
315	583.732	97.0686715445256
315	588.426	99.8742390391056
315	593.121	86.0574857234729
315	597.819	58.7648814738788
315	602.519	66.9975335030584
315	607.221	59.1257616323618
315	611.924	71.0758295173813
315	616.63	83.6681115155678
315	621.338	94.6888910734967
315	626.047	215.415469714398
315	630.758	330.379561083492
315	635.471	398.90291538917
315	640.186	265.591094515157
315	644.903	99.6740711209487
315	649.621	77.196904143685
315	654.341	46.7276427837557
315	659.063	59.2799186668218
315	663.787	51.23947187354
315	668.512	41.5843558678247
315	673.238	45.3305606713056
315	677.967	48.7980856631982
315	682.696	57.2635436801735
315	687.428	46.0719818506037
315	692.16	4.07189920514923
315	696.895	11.4496086958408
315	701.63	16.0791126780094
315	706.367	6.36162089557699
315	711.106	34.4304677027907
315	715.845	12.8100613594477
315	720.586	31.8721480089861
315	725.329	40.8006088657363
315	730.072	44.0539862182213
315	734.817	15.2496540572169
315	739.563	33.4642487987975
315	744.31	10.6809366831932
315	749.058	7.66144114929086
315	753.808	19.2258405066342
315	758.558	6.06413303735742
315	763.31	1.93241160636743
315	768.062	-39.3203956227737
315	772.815	-15.8188294630306
315	777.57	21.525467165964
315	782.325	55.1640879599964
315	787.081	19.3897718638369
315	791.838	-8.1516467522454
315	796.596	35.8036101394303
315	801.355	-14.321958184286
315	806.114	-13.8859823846128
315	810.875	23.7643263900222
315	815.635	22.4071150944793
315	820.397	-3.56210003244343
315	825.159	26.9051622336949
310	248.336	-4.66080725668964
310	252.814	4.00919802623341
310	257.296	8.45306376467318
310	261.781	-46.9640185361062
310	266.271	5.41115824354497
310	270.764	85.8547952024379
310	275.26	67.3595928177003
310	279.76	141.48246323312
310	284.264	143.583083511294
310	288.772	150.503382848651
310	293.283	114.503797340795
310	297.797	140.60862887429
310	302.315	258.287131595297
310	306.837	2742.54847164749
310	311.362	33.6968699554636
310	315.89	3223.50359567387
310	320.422	302.716199418065
310	324.958	209.86751248626
310	329.496	238.882739719496
310	334.038	285.33316820067
310	338.584	314.671186831524
310	343.133	306.867769089425
310	347.685	349.422247732824
310	352.24	394.665939284115
310	356.799	403.334365798227
310	361.361	415.061346633239
310	365.926	411.337684219023
310	370.495	404.593128716936
310	375.067	493.523773966544
310	379.641	554.942884316648
310	384.219	576.701486778551
310	388.801	611.347460654651
310	393.385	630.499369042593
310	397.972	589.147251801801
310	402.562	641.538533837604
310	407.156	661.156675702749
310	411.752	661.184811186215
310	416.352	643.085707937236
310	420.954	609.790982248839
310	425.56	607.081725425359
310	430.168	581.454935576808
310	434.779	583.259230677841
310	439.393	561.468231255687
310	444.01	557.610906624073
310	448.63	496.54404265808
310	453.253	500.128465786507
310	457.878	450.707268921312
310	462.506	435.805677340245
310	467.137	403.559188625204
310	471.771	375.354654241852
310	476.407	336.435133561028
310	481.047	367.658023781688
310	485.688	335.11085150582
310	490.333	306.324747382929
310	494.979	271.361722485354
310	499.629	291.311751438169
310	504.281	261.134832931068
310	508.936	242.197056434487
310	513.593	211.64992587746
310	518.252	207.027278356203
310	522.914	214.468951594945
310	527.579	205.476868528216
310	532.245	166.160886004258
310	536.915	176.92700624876
310	541.586	186.128140860941
310	546.26	156.407778868049
310	550.936	139.661141376236
310	555.615	156.455459911478
310	560.296	130.116956192591
310	564.979	121.874092588192
310	569.664	111.572252274575
310	574.351	114.581106979591
310	579.04	115.266308462715
310	583.732	107.306344744742
310	588.426	73.6747014565365
310	593.121	104.227165670022
310	597.819	79.8131976894662
310	602.519	82.2111518022443
310	607.221	65.3944465655187
310	611.924	81.0748567075198
310	616.63	267.526543684317
310	621.338	419.976160421816
310	626.047	414.784498191127
310	630.758	230.461480553952
310	635.471	94.8657651479267
310	640.186	29.3452599802625
310	644.903	28.9041860136569
310	649.621	40.9949982942934
310	654.341	55.4919877058031
310	659.063	48.7722779586315
310	663.787	64.0411819444729
310	668.512	30.653707739128
310	673.238	26.7135958949053
310	677.967	23.2099513529861
310	682.696	25.5533467334529
310	687.428	65.7886538394425
310	692.16	5.63393791208
310	696.895	19.356335814562
310	701.63	28.0788482236976
310	706.367	-2.52579204186029
310	711.106	10.5863503943935
310	715.845	9.37669070784486
310	720.586	30.775919030373
310	725.329	20.7829740342459
310	730.072	13.6381520920363
310	734.817	25.6207650754267
310	739.563	6.05402116992615
310	744.31	14.9691757273021
310	749.058	-15.1028999863748
310	753.808	32.7645178323648
310	758.558	1.4635286234044
310	763.31	-16.4833941981763
310	768.062	-3.505289683298
310	772.815	9.59254668024273
310	777.57	-9.7693702012326
310	782.325	35.036168199476
310	787.081	4.31061792462672
310	791.838	10.7414977023173
310	796.596	31.1337711408608
310	801.355	29.7089276720374
310	806.114	-20.7478801378366
310	810.875	7.54893427382957
310	815.635	30.1739174136216
310	820.397	-25.9136798858877
310	825.159	12.2746810593784
305	248.336	-11.0124039698735
305	252.814	-13.1864815092976
305	257.296	40.6132039453547
305	261.781	-5.80388195842323
305	266.271	49.0675248424546
305	270.764	136.086172641629
305	275.26	101.483811502336
305	279.76	173.61947505573
305	284.264	132.38793975278
305	288.772	152.017650939333
305	293.283	91.7422775693329
305	297.797	284.673009937138
305	302.315	3788.48549266086
305	306.837	34.4827478967272
305	311.362	3966.8612229784
305	315.89	209.770355185933
305	320.422	179.520634669215
305	324.958	255.780867681636
305	329.496	297.358047483878
305	334.038	361.571343487427
305	338.584	354.577904048916
305	343.133	493.523013084809
305	347.685	455.788850702947
305	352.24	467.412355749749
305	356.799	481.573812840663
305	361.361	462.397897702841
305	365.926	502.039946879927
305	370.495	533.321310394983
305	375.067	526.815152494955
305	379.641	581.326072143124
305	384.219	585.346909973251
305	388.801	654.868736190776
305	393.385	668.734092359992
305	397.972	649.110611125201
305	402.562	654.345580935495
305	407.156	649.3212153651
305	411.752	671.47103636126
305	416.352	672.31696156219
305	420.954	631.885231135715
305	425.56	613.228208649007
305	430.168	626.263784906162
305	434.779	618.164384340845
305	439.393	603.366631673257
305	444.01	574.642271148524
305	448.63	515.442073249403
305	453.253	513.190029618271
305	457.878	478.830592970674
305	462.506	443.175832222447
305	467.137	403.007276481753
305	471.771	370.650650657632
305	476.407	349.666642218807
305	481.047	362.025407291426
305	485.688	334.968473599482
305	490.333	327.731423009216
305	494.979	298.168685355267
305	499.629	286.936777909363
305	504.281	264.861375076442
305	508.936	276.703657433844
305	513.593	244.022172592318
305	518.252	228.010641046012
305	522.914	242.05860800721
305	527.579	206.15207925653
305	532.245	190.19652707981
305	536.915	189.726311024329
305	541.586	195.353346297064
305	546.26	158.371110931937
305	550.936	145.053873435425
305	555.615	154.460358342783
305	560.296	129.859110253993
305	564.979	127.465233665164
305	569.664	118.264888903711
305	574.351	121.48259261638
305	579.04	113.018746286269
305	583.732	105.961761142825
305	588.426	98.7055404919457
305	593.121	104.072614756245
305	597.819	68.2171404059869
305	602.519	166.116998463556
305	607.221	359.703417650394
305	611.924	507.690804656316
305	616.63	507.7031438662
305	621.338	288.714065091995
305	626.047	97.6623718792191
305	630.758	46.273678212287
305	635.471	40.9257782363555
305	640.186	55.6035868593872
305	644.903	36.1371686612852
305	649.621	72.0018135700491
305	654.341	75.6550284142574
305	659.063	46.8990981895805
305	663.787	45.8170739372166
305	668.512	35.3123662923096
305	673.238	39.4933452034996
305	677.967	29.6982300371292
305	682.696	55.4909797932878
305	687.428	67.986064155193
305	692.16	36.252730369464
305	696.895	5.07290507251165
305	701.63	22.5017006991391
305	706.367	6.97102199380011
305	711.106	-2.34789613411273
305	715.845	38.9203272723318
305	720.586	39.0155672884738
305	725.329	39.0038229942404
305	730.072	18.9039543478707
305	734.817	28.7732009540952
305	739.563	13.3539931131118
305	744.31	-9.96138886775242
305	749.058	21.1884025842228
305	753.808	45.2167156334658
305	758.558	-12.0237758590322
305	763.31	25.6244590012472
305	768.062	-3.75021752975382
305	772.815	25.8254007291223
305	777.57	26.3535485218883
305	782.325	32.906896948843
305	787.081	20.0334242057342
305	791.838	3.43030186658073
305	796.596	23.3153814113466
305	801.355	6.55489845985828
305	806.114	14.5940677929974
305	810.875	29.1594568127168
305	815.635	17.101745677491
305	820.397	16.1012816849006
305	825.159	25.6471434777015
300	248.336	-14.9883679184144
300	252.814	-43.6325736495507
300	257.296	16.0058883010185
300	261.781	7.95818356793006
300	266.271	92.1557211412589
300	270.764	186.804880945629
300	275.26	157.800440660865
300	279.76	217.754245188647
300	284.264	134.740943823476
300	288.772	145.380209126672
300	293.283	375.315050516459
300	297.797	4670.8499437948
300	302.315	31.2425824031743
300	306.837	1983.72002082689
300	311.362	165.768633221274
300	315.89	152.083540448415
300	320.422	240.562079416587
300	324.958	316.181336844422
300	329.496	389.816339926878
300	334.038	513.561107345813
300	338.584	627.989053905288
300	343.133	590.346718772072
300	347.685	491.772332000003
300	352.24	573.960628570899
300	356.799	578.68769458822
300	361.361	559.852240469436
300	365.926	585.028073610494
300	370.495	530.416628546421
300	375.067	588.231023102855
300	379.641	596.447561451909
300	384.219	633.085211374147
300	388.801	676.812784747278
300	393.385	716.476969827871
300	397.972	661.403778768881
300	402.562	706.345590770784
300	407.156	691.450311099094
300	411.752	686.267836878255
300	416.352	695.946817100676
300	420.954	705.381426982696
300	425.56	635.832709050772
300	430.168	588.787795540705
300	434.779	637.398600604887
300	439.393	575.685985985453
300	444.01	617.958727734899
300	448.63	542.480818605507
300	453.253	525.302082566672
300	457.878	494.298098779607
300	462.506	473.283843654332
300	467.137	428.564364410097
300	471.771	414.769337877341
300	476.407	363.835861682219
300	481.047	384.536359576869
300	485.688	363.519982967
300	490.333	348.6989598935
300	494.979	308.194538528303
300	499.629	279.159882516988
300	504.281	298.81833602235
300	508.936	287.275469811528
300	513.593	235.495225883071
300	518.252	241.284579552309
300	522.914	243.885563348865
300	527.579	200.858939696988
300	532.245	182.015648859024
300	536.915	196.781458584767
300	541.586	195.293289297386
300	546.26	178.959870343798
300	550.936	162.194296398204
300	555.615	163.566782372252
300	560.296	145.302159320048
300	564.979	133.613536174902
300	569.664	112.614332708401
300	574.351	135.75552398497
300	579.04	110.303005690829
300	583.732	119.294940899102
300	588.426	113.16207284433
300	593.121	239.563868468248
300	597.819	392.880911215862
300	602.519	584.601631183115
300	607.221	370.178851429876
300	611.924	246.573721888166
300	616.63	114.264221776432
300	621.338	84.8442479143277
300	626.047	69.5428371077053
300	630.758	69.8595942578304
300	635.471	79.4608988306562
300	640.186	49.7602009059998
300	644.903	7.89425540566247
300	649.621	71.4466740503515
300	654.341	56.7920300259769
300	659.063	45.9331714296726
300	663.787	53.0478141260597
300	668.512	42.8085974433035
300	673.238	98.1871484408707
300	677.967	35.843723165092
300	682.696	45.2417757784133
300	687.428	66.148920999645
300	692.16	7.23627023522945
300	696.895	54.3340384768815
300	701.63	23.4838348148594
300	706.367	34.644565724763
300	711.106	46.0201224032951
300	715.845	34.9260936446745
300	720.586	49.712800910852
300	725.329	43.1336197155071
300	730.072	17.5698522443834
300	734.817	31.2224661219869
300	739.563	36.8458941034026
300	744.31	-13.8191471886448
300	749.058	17.7378560861955
300	753.808	20.820754999746
300	758.558	-2.79288292572376
300	763.31	9.67602709853434
300	768.062	-15.4962109190719
300	772.815	5.17251506767516
300	777.57	8.21302251376276
300	782.325	44.0076366298938
300	787.081	42.1188837925477
300	791.838	-21.9529716107692
300	796.596	62.1348310284136
300	801.355	-26.8127719431843
300	806.114	-9.65493113275721
300	810.875	31.6499194711448
300	815.635	28.9614465473544
300	820.397	-6.43215828728187
300	825.159	14.4817990471863
295	248.336	3.01778024650248
295	252.814	26.7128783867817
295	257.296	116.658046177065
295	261.781	94.205974945166
295	266.271	144.887695659031
295	270.764	235.131675842
295	275.26	48.1367866342441
295	279.76	61.0594827188582
295	284.264	74.9421315637476
295	288.772	565.751190313814
295	293.283	4524.53039764639
295	297.797	23.3046675096921
295	302.315	259.575858779932
295	306.837	267.135311730396
295	311.362	270.324429383305
295	315.89	307.990169457069
295	320.422	443.481872563866
295	324.958	517.700751782642
295	329.496	753.022565979261
295	334.038	856.931024705509
295	338.584	784.160583655845
295	343.133	814.063972344145
295	347.685	791.114295260514
295	352.24	771.219594992606
295	356.799	756.478559690422
295	361.361	677.35204264821
295	365.926	706.585982978309
295	370.495	642.145545998713
295	375.067	644.129147067881
295	379.641	715.995874322996
295	384.219	736.228978247963
295	388.801	732.139075268739
295	393.385	715.887845030066
295	397.972	717.007619018697
295	402.562	713.935219654965
295	407.156	749.915082192238
295	411.752	705.447222742711
295	416.352	739.61058995844
295	420.954	704.762528083639
295	425.56	655.152405740992
295	430.168	647.591924739709
295	434.779	645.540529828834
295	439.393	607.30004572507
295	444.01	624.00083489219
295	448.63	588.100382277391
295	453.253	530.183293090919
295	457.878	499.095872441267
295	462.506	512.395767363554
295	467.137	450.484299393716
295	471.771	420.591891269854
295	476.407	413.849370641031
295	481.047	410.317050514518
295	485.688	351.612437388755
295	490.333	364.657948196788
295	494.979	316.817623516341
295	499.629	308.834312804409
295	504.281	322.025013674464
295	508.936	301.526313007573
295	513.593	268.304052788586
295	518.252	270.122480456718
295	522.914	267.364995756633
295	527.579	236.581764635563
295	532.245	205.187431205508
295	536.915	205.2954825353
295	541.586	183.490299849229
295	546.26	211.009530134464
295	550.936	171.391988842154
295	555.615	167.147138546424
295	560.296	175.666306905189
295	564.979	164.038797076482
295	569.664	166.082677559747
295	574.351	148.571337586907
295	579.04	166.933036592348
295	583.732	263.857702027553
295	588.426	472.830293518914
295	593.121	521.322682738678
295	597.819	291.549344776093
295	602.519	180.528828425219
295	607.221	58.9082875136342
295	611.924	60.6912207267795
295	616.63	78.0036355424784
295	621.338	95.4044268660049
295	626.047	56.9024761394441
295	630.758	73.2619504123473
295	635.471	51.8799878218113
295	640.186	73.9641548582795
295	644.903	34.1465665490435
295	649.621	75.4498626019352
295	654.341	98.6205816475586
295	659.063	66.0916600183973
295	663.787	50.0608103904613
295	668.512	48.3743084623044
295	673.238	63.2230579906374
295	677.967	61.1142190153861
295	682.696	70.0107095106641
295	687.428	118.696757877975
295	692.16	43.2680394398792
295	696.895	49.8580954003881
295	701.63	43.9228774005868
295	706.367	55.1409665237215
295	711.106	64.3730848397287
295	715.845	18.6174619699904
295	720.586	46.6394496968681
295	725.329	-3.32040406674735
295	730.072	23.4754717720533
295	734.817	12.3848881421371
295	739.563	20.5122071056614
295	744.31	13.829688716941
295	749.058	25.5766629299172
295	753.808	56.3063135634246
295	758.558	13.2828837585716
295	763.31	43.0919582259462
295	768.062	0.0154875106699777
295	772.815	17.3831516547059
295	777.57	1.27191048855205
295	782.325	56.5829674862152
295	787.081	21.1286144715462
295	791.838	12.5412801187972
295	796.596	45.6930203864162
295	801.355	-23.203047756737
295	806.114	-53.3585526414002
295	810.875	36.5454678904736
295	815.635	14.5041304266698
295	820.397	6.40109089935641
295	825.159	-20.8885294857072
290	248.336	28.6750230913532
290	252.814	41.8995354792003
290	257.296	217.409425648874
290	261.781	192.844124068062
290	266.271	52.7793098724948
290	270.764	26.9166732409446
290	275.26	-41.9433097662472
290	279.76	95.624001452542
290	284.264	642.845717809704
290	288.772	482.811436927797
290	293.283	-53.8797579154707
290	297.797	1834.0921708081
290	302.315	560.102502856255
290	306.837	708.609983816388
290	311.362	723.577253050057
290	315.89	761.282278695544
290	320.422	981.686497748862
290	324.958	1303.16656491004
290	329.496	1397.69498564251
290	334.038	1384.11413358321
290	338.584	1424.0860729303
290	343.133	1263.68399050646
290	347.685	1201.28144083304
290	352.24	1172.13576214768
290	356.799	1101.33074460928
290	361.361	970.716282464943
290	365.926	955.020102284086
290	370.495	818.250724004868
290	375.067	823.33528551889
290	379.641	838.244201757153
290	384.219	814.20139561844
290	388.801	814.485637993835
290	393.385	855.162933554345
290	397.972	773.609372035277
290	402.562	787.726767222621
290	407.156	780.637933274356
290	411.752	745.53027979376
290	416.352	741.071641781673
290	420.954	751.097879367759
290	425.56	684.792741283553
290	430.168	657.055347042703
290	434.779	691.721042162477
290	439.393	650.613762129134
290	444.01	615.821842574868
290	448.63	585.13366797372
290	453.253	527.993622137012
290	457.878	523.368403259004
290	462.506	517.189851389494
290	467.137	501.545322243455
290	471.771	444.723738598275
290	476.407	464.204949089834
290	481.047	428.247092408959
290	485.688	418.726903524241
290	490.333	396.979390876499
290	494.979	334.796920536065
290	499.629	341.61009481771
290	504.281	362.883112744334
290	508.936	333.152784063362
290	513.593	291.176690050995
290	518.252	301.997646315035
290	522.914	279.346412601536
290	527.579	225.794582519317
290	532.245	211.99908589427
290	536.915	244.084461806381
290	541.586	185.130873317479
290	546.26	221.17114946966
290	550.936	198.962161721109
290	555.615	202.858686849131
290	560.296	161.612120536306
290	564.979	174.045454964688
290	569.664	180.795700284738
290	574.351	297.000169048282
290	579.04	557.290140759706
290	583.732	650.823802373716
290	588.426	531.623315665151
290	593.121	308.558834797127
290	597.819	123.047004521661
290	602.519	140.974967271011
290	607.221	67.2033282821883
290	611.924	88.0109732496772
290	616.63	110.887438694052
290	621.338	119.290001964307
290	626.047	109.307525431259
290	630.758	81.3015189344458
290	635.471	93.7619638006954
290	640.186	81.4932815207925
290	644.903	88.6582443496612
290	649.621	126.464385666096
290	654.341	129.017775034342
290	659.063	51.4792094753331
290	663.787	96.809192145613
290	668.512	42.1100380475246
290	673.238	92.0298931263199
290	677.967	72.4633331222145
290	682.696	110.786978960778
290	687.428	77.7938278900555
290	692.16	4.58633872708755
290	696.895	52.0999962551704
290	701.63	30.9525835531198
290	706.367	41.9562101275658
290	711.106	71.0742893042656
290	715.845	39.8610122984473
290	720.586	55.1081915652567
290	725.329	53.3236026221406
290	730.072	24.057884419973
290	734.817	-3.73995709464771
290	739.563	64.7202256833269
290	744.31	-4.47066839905662
290	749.058	3.19718391584643
290	753.808	60.8257149006167
290	758.558	25.9699432853704
290	763.31	48.2181390420731
290	768.062	-8.23432898045973
290	772.815	3.41693370306612
290	777.57	13.9740031987163
290	782.325	53.9458052831678
290	787.081	35.7134630592962
290	791.838	31.3058946399095
290	796.596	30.4109354315694
290	801.355	34.5756033672135
290	806.114	-0.642171308935324
290	810.875	42.9144475542686
290	815.635	6.39669221174241
290	820.397	3.84364502450788
290	825.159	28.1823515261426
285	248.336	100.851310224104
285	252.814	160.19236569171
285	257.296	258.193124301232
285	261.781	168.72272660038
285	266.271	165.326076507155
285	270.764	226.313445987362
285	275.26	229.350229600569
285	279.76	1712.16070525138
285	284.264	3823.31093331676
285	288.772	-2.84174547716975
285	293.283	2814.53033580351
285	297.797	1123.93012542151
285	302.315	1393.96686088334
285	306.837	1599.03940154435
285	311.362	1565.20169652848
285	315.89	1622.94738234574
285	320.422	1984.24159721612
285	324.958	2214.58021887021
285	329.496	2130.72739084507
285	334.038	2172.38789537866
285	338.584	2139.46079230515
285	343.133	1992.36866824326
285	347.685	1671.54372790662
285	352.24	1569.22387919894
285	356.799	1440.33983410645
285	361.361	1284.76085769825
285	365.926	1089.77909580851
285	370.495	1066.56113600396
285	375.067	987.554326882388
285	379.641	952.782790323458
285	384.219	897.283922978154
285	388.801	886.167465951233
285	393.385	904.578914833311
285	397.972	806.626849864009
285	402.562	809.621639884844
285	407.156	789.976687338128
285	411.752	785.418231368624
285	416.352	764.106120862989
285	420.954	765.564915816488
285	425.56	690.99584789611
285	430.168	689.095701449403
285	434.779	714.289533141354
285	439.393	668.378602709646
285	444.01	689.418698839015
285	448.63	621.679918468873
285	453.253	603.885625097874
285	457.878	556.855031036187
285	462.506	561.134303484767
285	467.137	569.500576403343
285	471.771	471.745362449019
285	476.407	482.409663778834
285	481.047	469.517395764709
285	485.688	439.242974282504
285	490.333	480.164986567739
285	494.979	386.66220986929
285	499.629	404.077117045113
285	504.281	383.152393640679
285	508.936	380.181123215265
285	513.593	306.085385840148
285	518.252	328.079385889939
285	522.914	316.724776580288
285	527.579	300.286213747437
285	532.245	247.727308396096
285	536.915	250.813106365314
285	541.586	248.585566842859
285	546.26	270.601616489645
285	550.936	220.161422722548
285	555.615	220.483589719585
285	560.296	258.657981263755
285	564.979	498.8033052184
285	569.664	1023.7102808329
285	574.351	1091.67451744318
285	579.04	765.198477227093
285	583.732	342.896376519413
285	588.426	207.335402735833
285	593.121	170.30059473993
285	597.819	129.173204087603
285	602.519	179.303085156041
285	607.221	116.888897370242
285	611.924	131.503340512679
285	616.63	149.453384213238
285	621.338	162.645371440714
285	626.047	167.660597502277
285	630.758	81.7481123591327
285	635.471	120.067104996336
285	640.186	118.535745830999
285	644.903	132.456869127639
285	649.621	179.153225052095
285	654.341	170.267198392804
285	659.063	133.879430481887
285	663.787	147.103606210082
285	668.512	89.3146697171256
285	673.238	104.515655197233
285	677.967	137.376721439584
285	682.696	100.616231120886
285	687.428	159.49895727246
285	692.16	45.9981942549172
285	696.895	37.0439753307752
285	701.63	50.0428498813186
285	706.367	50.6400918908557
285	711.106	85.2971899049491
285	715.845	87.6638508255351
285	720.586	48.440276548918
285	725.329	76.3483600492124
285	730.072	33.1282615194302
285	734.817	57.4930631621142
285	739.563	6.45948852331317
285	744.31	16.6859581798163
285	749.058	59.3842880019849
285	753.808	69.4947058424576
285	758.558	25.8703097574054
285	763.31	20.947749880608
285	768.062	-32.1199551356556
285	772.815	22.7006356102927
285	777.57	21.5654669993646
285	782.325	124.103772469111
285	787.081	48.3104351241813
285	791.838	50.7606633842312
285	796.596	14.4112653717006
285	801.355	31.4611795395712
285	806.114	12.436841947119
285	810.875	16.8274809685351
285	815.635	35.8543804163356
285	820.397	-7.32000890711423
285	825.159	-4.39422561890371
280	248.336	170.060019742866
280	252.814	206.724288432597
280	257.296	279.248651207799
280	261.781	260.799869799914
280	266.271	213.113923619472
280	270.764	461.256121737472
280	275.26	1867.55484765601
280	279.76	6742.03017901968
280	284.264	-71.363929890038
280	288.772	3148.3331000116
280	293.283	1642.55576134635
280	297.797	2015.25997909839
280	302.315	2347.40242606626
280	306.837	2348.6780952841
280	311.362	2591.16880646824
280	315.89	2617.11725449591
280	320.422	2658.57197263464
280	324.958	3018.96914211741
280	329.496	2747.34546499973
280	334.038	2754.73884922021
280	338.584	2506.53942298865
280	343.133	2281.46663748095
280	347.685	1984.88067925923
280	352.24	1910.59893998442
280	356.799	1732.48392461993
280	361.361	1442.00650387002
280	365.926	1224.5584751338
280	370.495	1185.56773428519
280	375.067	1095.50711886199
280	379.641	1024.93054437991
280	384.219	1006.22865274837
280	388.801	907.008929968207
280	393.385	886.523131936882
280	397.972	789.059699573859
280	402.562	784.629277121673
280	407.156	775.249389206841
280	411.752	767.386795430079
280	416.352	716.483797850964
280	420.954	742.72175948165
280	425.56	686.688716399185
280	430.168	686.06743952208
280	434.779	767.20038382084
280	439.393	696.022416187079
280	444.01	715.047721943906
280	448.63	697.481971618669
280	453.253	696.336192174534
280	457.878	604.101330422472
280	462.506	663.744302359947
280	467.137	603.487822288668
280	471.771	552.278463153587
280	476.407	546.234572969407
280	481.047	537.815640096162
280	485.688	512.051496828453
280	490.333	500.865052638596
280	494.979	452.009249769527
280	499.629	479.374421119202
280	504.281	442.59312492022
280	508.936	481.552116325357
280	513.593	325.377035462216
280	518.252	354.638881259396
280	522.914	373.42112231709
280	527.579	341.515464933436
280	532.245	329.562565773893
280	536.915	292.586372412143
280	541.586	282.933377197847
280	546.26	283.545819836642
280	550.936	332.901430915015
280	555.615	667.383666846423
280	560.296	1247.44912523628
280	564.979	1413.93184453615
280	569.664	928.57202215006
280	574.351	424.431891116776
280	579.04	254.209601472291
280	583.732	203.804237177488
280	588.426	233.236593775916
280	593.121	259.755057607044
280	597.819	177.809961672712
280	602.519	269.164813411596
280	607.221	167.83699686303
280	611.924	170.058127529497
280	616.63	193.055871033453
280	621.338	193.837348699435
280	626.047	205.831838005164
280	630.758	169.991343942098
280	635.471	196.084497409591
280	640.186	144.95110784226
280	644.903	120.89709280543
280	649.621	200.876963248204
280	654.341	178.938119019801
280	659.063	142.182593337378
280	663.787	159.590085318508
280	668.512	87.024885189342
280	673.238	115.020993857933
280	677.967	134.542894409888
280	682.696	155.718461434877
280	687.428	127.883044013285
280	692.16	44.37698304315
280	696.895	81.6596703917827
280	701.63	90.9078985445761
280	706.367	31.4413061430171
280	711.106	38.1415183328142
280	715.845	54.6485208232399
280	720.586	60.4362595251253
280	725.329	57.9075608647742
280	730.072	14.7604362573781
280	734.817	32.2225942782242
280	739.563	46.8089966182995
280	744.31	18.5839058555969
280	749.058	38.4127776357756
280	753.808	19.1277340369286
280	758.558	-16.8475925960427
280	763.31	15.3449280743705
280	768.062	-46.5385580183759
280	772.815	51.9647515905366
280	777.57	20.4691022903878
280	782.325	33.0602232951423
280	787.081	20.3768954823733
280	791.838	35.8644217779926
280	796.596	83.9070776717673
280	801.355	14.4931626680941
280	806.114	-19.6021781546676
280	810.875	48.5678014132296
280	815.635	24.7032651859801
280	820.397	-5.1336817918302
280	825.159	34.9305460235984
275	248.336	195.992106066658
275	252.814	251.772570503222
275	257.296	345.391519386069
275	261.781	241.779808987308
275	266.271	255.823607260198
275	270.764	2889.28055691703
275	275.26	9991.7287547072
275	279.76	10868.9563037322
275	284.264	3051.60935156014
275	288.772	2065.77006203077
275	293.283	2669.78737363378
275	297.797	2999.37561260634
275	302.315	3174.00466428139
275	306.837	3373.91197884539
275	311.362	3168.11137502541
275	315.89	2971.18502911028
275	320.422	3093.84167344717
275	324.958	3235.33595094006
275	329.496	3013.70002881802
275	334.038	2902.36570283149
275	338.584	2878.28480580132
275	343.133	2473.70565587618
275	347.685	2097.67017220526
275	352.24	1938.06165795824
275	356.799	1729.23525226033
275	361.361	1413.27304689886
275	365.926	1324.49489845073
275	370.495	1143.74468279741
275	375.067	1097.97680106434
275	379.641	1065.76220933108
275	384.219	1028.65672945911
275	388.801	904.501385532246
275	393.385	925.601584012585
275	397.972	780.506560770151
275	402.562	768.481570850087
275	407.156	739.046306909879
275	411.752	692.450920439711
275	416.352	765.792119773629
275	420.954	741.403806412943
275	425.56	703.540135736718
275	430.168	740.814113593084
275	434.779	741.332695446418
275	439.393	695.487381665779
275	444.01	763.186631228215
275	448.63	724.413153901683
275	453.253	665.752797220508
275	457.878	674.011274765184
275	462.506	708.408363319075
275	467.137	623.264343242257
275	471.771	625.654952484884
275	476.407	594.477354796873
275	481.047	673.66718095988
275	485.688	616.816182297828
275	490.333	546.844818744133
275	494.979	529.677628184206
275	499.629	517.947121615248
275	504.281	457.110895861123
275	508.936	522.845451016137
275	513.593	395.604784963689
275	518.252	426.96937119801
275	522.914	420.336848614907
275	527.579	375.4359180807
275	532.245	319.034390853749
275	536.915	322.412222997702
275	541.586	398.602955210619
275	546.26	919.22574446592
275	550.936	1543.02497710038
275	555.615	1613.89115298894
275	560.296	1056.40562425205
275	564.979	418.876391109861
275	569.664	305.167285622183
275	574.351	256.23951314359
275	579.04	316.497472982396
275	583.732	303.57317820091
275	588.426	315.658825551663
275	593.121	362.558737779191
275	597.819	246.202227672871
275	602.519	286.420131557797
275	607.221	241.084154259816
275	611.924	237.155061888248
275	616.63	253.217355128646
275	621.338	270.321280233892
275	626.047	249.650974837494
275	630.758	210.952293078111
275	635.471	165.970939846552
275	640.186	194.950732915795
275	644.903	130.896923831107
275	649.621	219.29531391934
275	654.341	178.330455627535
275	659.063	111.855246504193
275	663.787	174.530604421341
275	668.512	158.282861697715
275	673.238	138.889054496432
275	677.967	109.608162172816
275	682.696	176.610340477019
275	687.428	133.381796568959
275	692.16	68.4203460142792
275	696.895	64.2922236635919
275	701.63	34.2686204477558
275	706.367	57.1769681474541
275	711.106	58.7274675753687
275	715.845	27.7859940851533
275	720.586	72.0445148044731
275	725.329	17.5011753667307
275	730.072	38.1571731070825
275	734.817	59.118169523768
275	739.563	21.9279583065876
275	744.31	20.1462707681701
275	749.058	40.7061732422476
275	753.808	88.1701833762313
275	758.558	61.2590797555502
275	763.31	34.4739628616957
275	768.062	-32.6227092879944
275	772.815	1.08637275108469
275	777.57	-4.43463839993775
275	782.325	74.3098411049652
275	787.081	21.9675679149149
275	791.838	-24.2559768975555
275	796.596	114.127711175826
275	801.355	-3.04761371343547
275	806.114	-8.12637250758888
275	810.875	54.84657671007
275	815.635	90.3954358058467
275	820.397	-11.1756369174743
275	825.159	76.1730812672955
270	248.336	152.045850886227
270	252.814	161.819125350283
270	257.296	274.741139812981
270	261.781	405.007862243632
270	266.271	3807.08345372722
270	270.764	14510.8924269368
270	275.26	16060.351335569
270	279.76	2575.3537307017
270	284.264	1967.13953163247
270	288.772	2609.9113535838
270	293.283	2987.44364867672
270	297.797	3426.12908120854
270	302.315	3645.32714266619
270	306.837	3597.23276400338
270	311.362	3274.22121852456
270	315.89	2994.1846840343
270	320.422	3083.00462476555
270	324.958	3153.94011595719
270	329.496	2969.70837106636
270	334.038	2771.20103922234
270	338.584	2790.23163025148
270	343.133	2383.04693472511
270	347.685	2027.86621338612
270	352.24	1881.96817417683
270	356.799	1612.33362262305
270	361.361	1422.7046938969
270	365.926	1171.35167017628
270	370.495	1125.59167528876
270	375.067	956.112920454883
270	379.641	975.028737439957
270	384.219	945.000923372642
270	388.801	865.181231211476
270	393.385	819.053748608941
270	397.972	705.455819364452
270	402.562	819.670713298553
270	407.156	718.345161850562
270	411.752	747.466676461126
270	416.352	782.906656414394
270	420.954	766.103071509115
270	425.56	722.280842480382
270	430.168	728.036015323285
270	434.779	848.404473632156
270	439.393	793.116789771609
270	444.01	786.861896470914
270	448.63	798.263058331401
270	453.253	869.362886803258
270	457.878	709.896818943171
270	462.506	770.67874357654
270	467.137	673.647675331469
270	471.771	643.075238531809
270	476.407	644.408647748537
270	481.047	638.955703942454
270	485.688	634.158022142282
270	490.333	646.84155242992
270	494.979	547.143229156015
270	499.629	544.493732917786
270	504.281	573.620425160983
270	508.936	624.164418895155
270	513.593	479.261202662034
270	518.252	490.1207388029
270	522.914	514.387138879932
270	527.579	467.489925457457
270	532.245	511.910921645238
270	536.915	1184.98798484277
270	541.586	1877.82353005832
270	546.26	1866.98005575583
270	550.936	1217.52454400509
270	555.615	505.362169574868
270	560.296	364.251440112922
270	564.979	383.986773267721
270	569.664	340.695124581573
270	574.351	323.455321437663
270	579.04	365.298404549127
270	583.732	359.621715077396
270	588.426	305.015991962766
270	593.121	355.901786103106
270	597.819	278.325230198747
270	602.519	324.33060537846
270	607.221	221.534792180492
270	611.924	286.970200163068
270	616.63	293.970445553711
270	621.338	287.77668617194
270	626.047	217.91307096575
270	630.758	164.211391629353
270	635.471	226.817469674845
270	640.186	142.374603590438
270	644.903	123.280745731244
270	649.621	232.102121897627
270	654.341	212.337432142313
270	659.063	133.167406902747
270	663.787	162.080571628128
270	668.512	99.4306973066769
270	673.238	164.316046297226
270	677.967	137.933758858234
270	682.696	180.245194337456
270	687.428	146.924978396941
270	692.16	87.9728550750292
270	696.895	49.1925997642558
270	701.63	39.6933339676715
270	706.367	-17.8669491952547
270	711.106	89.1031942654691
270	715.845	-6.84910761867527
270	720.586	146.409838281422
270	725.329	87.9888934636664
270	730.072	47.7660039953585
270	734.817	76.2497581685793
270	739.563	-14.26520504722
270	744.31	-44.3976101661085
270	749.058	44.8238283580459
270	753.808	114.864052555518
270	758.558	-28.932534908602
270	763.31	-28.2388815835796
270	768.062	24.6045093727897
270	772.815	-12.9495822613007
270	777.57	0.00437342217182923
270	782.325	25.4561897669658
270	787.081	70.2191356688354
270	791.838	0.0084602129670408
270	796.596	239.572767331509
270	801.355	-37.5085600124115
270	806.114	12.0684845175355
270	810.875	26.5709247583464
270	815.635	24.1381136011596
270	820.397	4.7757738764183
270	825.159	-16.9655823993455
265	248.336	168.640535710691
265	252.814	134.125400980107
265	257.296	461.585155594232
265	261.781	5094.70986432014
265	266.271	21447.6531458494
265	270.764	16311.2255667556
265	275.26	1741.77382045807
265	279.76	1373.7522183898
265	284.264	1855.96630333035
265	288.772	2410.26739803785
265	293.283	2910.28425974384
265	297.797	3140.5160627654
265	302.315	3317.32473021277
265	306.837	3025.66105201984
265	311.362	2757.45653853945
265	315.89	2581.33302236311
265	320.422	2571.68045477279
265	324.958	2868.42941958395
265	329.496	2597.06847545912
265	334.038	2516.24138853816
265	338.584	2397.14422079378
265	343.133	2072.68542745316
265	347.685	1810.01537800316
265	352.24	1623.73119553301
265	356.799	1489.44895225974
265	361.361	1256.15157664722
265	365.926	1021.56948375625
265	370.495	926.390338893971
265	375.067	957.481144187191
265	379.641	849.157744592741
265	384.219	914.002087141157
265	388.801	791.145049306118
265	393.385	794.016827574931
265	397.972	707.266335387314
265	402.562	804.088892997372
265	407.156	747.423056576183
265	411.752	671.59140814087
265	416.352	856.691535404717
265	420.954	748.092655137415
265	425.56	732.777347736871
265	430.168	714.374023610887
265	434.779	895.682429098919
265	439.393	861.013118819449
265	444.01	814.231837469342
265	448.63	824.917125092203
265	453.253	851.379746286843
265	457.878	826.434111682306
265	462.506	746.833353714634
265	467.137	810.111851389525
265	471.771	820.278610272037
265	476.407	699.166841426859
265	481.047	791.728178809716
265	485.688	710.364014554204
265	490.333	690.035597032442
265	494.979	617.048898301442
265	499.629	692.457001694934
265	504.281	657.008482272673
265	508.936	641.648036073089
265	513.593	566.129675935512
265	518.252	508.867691630616
265	522.914	700.806125755474
265	527.579	1435.9686174379
265	532.245	2412.50081163635
265	536.915	2250.10679877794
265	541.586	1334.08481897478
265	546.26	518.566639001268
265	550.936	353.286656544708
265	555.615	409.029734347376
265	560.296	362.634594200607
265	564.979	373.145179326546
265	569.664	342.519328254403
265	574.351	358.96625018387
265	579.04	435.036551547291
265	583.732	404.458123097584
265	588.426	377.39001676407
265	593.121	346.145493050087
265	597.819	242.403334833485
265	602.519	354.980688957251
265	607.221	210.44948705898
265	611.924	210.240458554696
265	616.63	229.512315279545
265	621.338	263.091003325453
265	626.047	212.939541067453
265	630.758	211.782453113908
265	635.471	69.9163250580437
265	640.186	150.711462268756
265	644.903	195.023760074654
265	649.621	202.592389307865
265	654.341	143.652536446743
265	659.063	117.792173363644
265	663.787	125.75812773467
265	668.512	134.198911854641
265	673.238	142.625900816367
265	677.967	120.778064832779
265	682.696	205.683400672551
265	687.428	220.112771426309
265	692.16	-9.1581444566999
265	696.895	-1.41537539815812
265	701.63	71.2729909092727
265	706.367	90.9418327200919
265	711.106	90.6126109536707
265	715.845	24.5631631631657
265	720.586	121.961569696708
265	725.329	88.7584273963504
265	730.072	-43.3268701768462
265	734.817	35.1534664007939
265	739.563	73.8906276552322
265	744.31	-38.8267235380594
265	749.058	29.0053706792149
265	753.808	73.9626027359276
265	758.558	-75.4166441043947
265	763.31	-23.1579810272539
265	768.062	-20.2001576164032
265	772.815	18.5890159003862
265	777.57	64.857339671529
265	782.325	134.916225044286
265	787.081	80.8424108656631
265	791.838	-6.71178333911629
265	796.596	186.288753201072
265	801.355	56.3924131709036
265	806.114	-69.6699239430195
265	810.875	49.2516341857273
265	815.635	37.7306818867076
265	820.397	-2.96140045041
265	825.159	118.857754180255
260	248.336	371.817249830077
260	252.814	343.489186117696
260	257.296	6729.33492894797
260	261.781	26562.2184753014
260	266.271	16364.373863544
260	270.764	1324.25152056328
260	275.26	468.956866874128
260	279.76	1013.9710280569
260	284.264	1257.06125153004
260	288.772	1997.56553616057
260	293.283	2349.87874378235
260	297.797	2532.0589421622
260	302.315	2578.83108808358
260	306.837	2369.96637865719
260	311.362	2149.79567425263
260	315.89	1925.52909356799
260	320.422	2121.55344064054
260	324.958	2307.66954270145
260	329.496	2066.73432350527
260	334.038	2094.84155269049
260	338.584	2069.87156493032
260	343.133	1861.26590113326
260	347.685	1508.46954646756
260	352.24	1531.32210768706
260	356.799	1407.03274616267
260	361.361	1090.70803186305
260	365.926	1008.33596063869
260	370.495	841.549773036226
260	375.067	938.365905641374
260	379.641	771.710437987603
260	384.219	828.76713915757
260	388.801	868.850353467808
260	393.385	947.98189933495
260	397.972	608.411007378091
260	402.562	762.99683166351
260	407.156	753.630296161312
260	411.752	694.257138939356
260	416.352	832.023444413266
260	420.954	713.18606689711
260	425.56	785.396470498124
260	430.168	837.712131184094
260	434.779	907.046312735429
260	439.393	909.249898522754
260	444.01	931.892164980559
260	448.63	902.665406009098
260	453.253	904.338138309461
260	457.878	957.544503080541
260	462.506	890.691066716233
260	467.137	869.065907479521
260	471.771	865.04180937588
260	476.407	824.156516950106
260	481.047	816.576013556258
260	485.688	728.914623494843
260	490.333	780.790303033198
260	494.979	594.551748192533
260	499.629	770.447968662093
260	504.281	701.469442081746
260	508.936	745.794759125248
260	513.593	871.701541629594
260	518.252	1943.9913664059
260	522.914	3052.36702344746
260	527.579	2829.47130498022
260	532.245	1428.18790901918
260	536.915	615.249633044115
260	541.586	430.493781666832
260	546.26	382.272241612651
260	550.936	345.336842948694
260	555.615	348.441562709206
260	560.296	430.13656519097
260	564.979	384.178183665636
260	569.664	293.259217626675
260	574.351	347.096251695343
260	579.04	348.950691094342
260	583.732	301.921342776988
260	588.426	313.378889758871
260	593.121	391.236271205364
260	597.819	196.692002615097
260	602.519	351.248941469073
260	607.221	159.762137359845
260	611.924	217.419584084532
260	616.63	285.145110021205
260	621.338	234.530591130423
260	626.047	204.982789906502
260	630.758	223.313009618706
260	635.471	188.193533178304
260	640.186	114.894366495032
260	644.903	78.9158563372062
260	649.621	169.298506524388
260	654.341	171.912868887886
260	659.063	109.873747769254
260	663.787	131.859619603877
260	668.512	-26.9998417475454
260	673.238	108.182702020758
260	677.967	126.621164975078
260	682.696	184.827440734286
260	687.428	235.108980513069
260	692.16	-26.3326303694815
260	696.895	158.571830392268
260	701.63	34.9610949287172
260	706.367	94.4573914453469
260	711.106	75.0457906961835
260	715.845	32.7520278229225
260	720.586	95.0851747798912
260	725.329	85.643289252191
260	730.072	-56.3914118455527
260	734.817	56.7201139813336
260	739.563	134.494245309403
260	744.31	61.6655861132473
260	749.058	53.0692349644618
260	753.808	80.1545270694261
260	758.558	-57.036119441219
260	763.31	3.72046416808422
260	768.062	-52.8744223013956
260	772.815	-35.2822537214089
260	777.57	117.676629366148
260	782.325	261.22750241496
260	787.081	80.9801320575462
260	791.838	-122.764028025326
260	796.596	54.9418337031779
260	801.355	49.3459456901089
260	806.114	-34.6820156599891
260	810.875	98.6918913802179
260	815.635	-12.7666670970404
260	820.397	105.983031465928
260	825.159	32.8708160914852
255	248.336	489.274387024975
255	252.814	8891.74372328136
255	257.296	30027.9485433626
255	261.781	15460.8831725721
255	266.271	867.270636217582
255	270.764	661.529864191456
255	275.26	275.717633396871
255	279.76	784.87896755787
255	284.264	864.832904195015
255	288.772	1354.90940937837
255	293.283	1631.65292028442
255	297.797	1626.61701429408
255	302.315	1832.68416193494
255	306.837	1755.62811743731
255	311.362	1602.40682379451
255	315.89	1516.98416320371
255	320.422	1617.79343776448
255	324.958	1790.53117222768
255	329.496	1620.19731143192
255	334.038	1734.64797351548
255	338.584	1616.94803701089
255	343.133	1549.94211185334
255	347.685	1011.11651337559
255	352.24	1428.7116607646
255	356.799	1184.65994637584
255	361.361	899.962631275508
255	365.926	968.367595935095
255	370.495	924.083229927641
255	375.067	754.709604060854
255	379.641	759.576731795418
255	384.219	833.207794155923
255	388.801	771.728687048302
255	393.385	924.376454944842
255	397.972	714.905640310376
255	402.562	830.434410320655
255	407.156	787.538879252959
255	411.752	882.736631229761
255	416.352	965.257934487425
255	420.954	791.022190479597
255	425.56	927.713599883466
255	430.168	925.558517688944
255	434.779	1042.96071892541
255	439.393	966.975772764121
255	444.01	1005.17786174768
255	448.63	996.083280672656
255	453.253	883.637978962054
255	457.878	940.544647271216
255	462.506	1084.35382193004
255	467.137	881.612492913416
255	471.771	860.81478261468
255	476.407	772.345072737002
255	481.047	935.312732328842
255	485.688	880.807259102666
255	490.333	987.455998001763
255	494.979	551.357495622187
255	499.629	800.392562889242
255	504.281	1243.87520941007
255	508.936	2671.8599898092
255	513.593	3649.45782578811
255	518.252	3224.6791537565
255	522.914	1753.39844033798
255	527.579	591.484047526269
255	532.245	421.203641798224
255	536.915	512.940117497216
255	541.586	291.63634027382
255	546.26	279.305454708423
255	550.936	233.409386872417
255	555.615	389.62541114715
255	560.296	316.057784318022
255	564.979	336.742695243928
255	569.664	399.405311155837
255	574.351	249.741062896492
255	579.04	410.885004755313
255	583.732	341.25292616661
255	588.426	272.236260860067
255	593.121	408.514205633033
255	597.819	158.304036268535
255	602.519	307.819188224178
255	607.221	38.1945716369844
255	611.924	147.027814062252
255	616.63	164.370189716933
255	621.338	173.497331876495
255	626.047	157.372006178486
255	630.758	56.1965712766476
255	635.471	70.9807921824641
255	640.186	195.073325557899
255	644.903	12.2259229193195
255	649.621	310.756892409922
255	654.341	154.518658564217
255	659.063	87.4122810215031
255	663.787	277.242764258338
255	668.512	63.1667364016081
255	673.238	46.0682448572077
255	677.967	137.027985284765
255	682.696	181.117413060434
255	687.428	333.220568185774
255	692.16	83.5986017122273
255	696.895	22.7043238415352
255	701.63	27.6010807087045
255	706.367	86.0802860987104
255	711.106	103.486203847669
255	715.845	14.234656476865
255	720.586	45.2810615766079
255	725.329	164.148906504162
255	730.072	-116.563230733744
255	734.817	-46.4632818376065
255	739.563	19.7132680996124
255	744.31	42.3700225649522
255	749.058	-12.7669552559213
255	753.808	48.8119362005837
255	758.558	-28.8917619817687
255	763.31	-72.3118412679365
255	768.062	59.2211148935639
255	772.815	80.8231269792931
255	777.57	109.911751978908
255	782.325	256.913714882563
255	787.081	266.836737193184
255	791.838	88.8477790173539
255	796.596	233.549997230545
255	801.355	-95.804793183513
255	806.114	108.417114270801
255	810.875	57.9304762723322
255	815.635	327.707719804146
255	820.397	57.9247295570527
255	825.159	70.603137870055
250	248.336	9475.02364904572
250	252.814	32600.2420102572
250	257.296	14235.9567963162
250	261.781	525.149031904704
250	266.271	103.74651253144
250	270.764	138.590524591318
250	275.26	-321.330564287015
250	279.76	783.29884681761
250	284.264	546.48567992543
250	288.772	924.284499711689
250	293.283	1149.06440026302
250	297.797	1159.34595427449
250	302.315	1529.16409859792
250	306.837	1358.13214153796
250	311.362	1299.78900146153
250	315.89	1015.15050659131
250	320.422	1418.01127824007
250	324.958	1447.35577736478
250	329.496	1416.57970712615
250	334.038	1597.75382427068
250	338.584	1358.86756816018
250	343.133	1485.43118461275
250	347.685	1131.16142832104
250	352.24	1094.10498877154
250	356.799	966.888279518969
250	361.361	866.435961025787
250	365.926	956.147469923583
250	370.495	726.537552237167
250	375.067	838.659553154032
250	379.641	800.057032597428
250	384.219	954.719888307467
250	388.801	748.341710177406
250	393.385	980.581911385316
250	397.972	809.000011693614
250	402.562	983.310789423883
250	407.156	951.891270065211
250	411.752	830.865076865169
250	416.352	1251.24646201539
250	420.954	1051.47715579961
250	425.56	991.17775850686
250	430.168	957.046434305912
250	434.779	1128.24497947296
250	439.393	930.281745256195
250	444.01	1287.09363488455
250	448.63	964.376667770559
250	453.253	1028.75763962722
250	457.878	1050.25184126653
250	462.506	961.641428372612
250	467.137	963.46557579364
250	471.771	931.030280200982
250	476.407	660.181611418908
250	481.047	856.358343982969
250	485.688	844.092844261151
250	490.333	1022.17369060099
250	494.979	1328.13556570381
250	499.629	3181.51680961767
250	504.281	4788.63447306947
250	508.936	3534.57141499258
250	513.593	1488.54117452112
250	518.252	729.824956530415
250	522.914	650.781475993625
250	527.579	564.177101285159
250	532.245	421.113932669602
250	536.915	547.405969748968
250	541.586	351.978705233132
250	546.26	480.932610028617
250	550.936	394.59463284237
250	555.615	524.384616699703
250	560.296	344.595140246942
250	564.979	371.222084967906
250	569.664	311.373439184894
250	574.351	429.336676984008
250	579.04	479.55247717615
250	583.732	193.060743858109
250	588.426	309.007811903252
250	593.121	357.749683036669
250	597.819	214.022699680918
250	602.519	287.798617673161
250	607.221	-60.6853595011722
250	611.924	161.771488083165
250	616.63	231.457396971893
250	621.338	245.810482846861
250	626.047	304.762039069848
250	630.758	34.8473265703106
250	635.471	198.439174775112
250	640.186	57.6397574100057
250	644.903	-0.22909330639385
250	649.621	6.59750485670424
250	654.341	317.463620059551
250	659.063	161.554243485403
250	663.787	259.72059472835
250	668.512	-93.119348829731
250	673.238	277.129148849217
250	677.967	289.52045009718
250	682.696	451.751482167198
250	687.428	308.958779847127
250	692.16	-235.865554770145
250	696.895	-54.0079685300909
250	701.63	76.1625567986857
250	706.367	245.859471900012
250	711.106	200.550098948091
250	715.845	101.503313119485
250	720.586	244.500597271013
250	725.329	98.8593020064027
250	730.072	38.3868815521867
250	734.817	-123.364500982504
250	739.563	292.605359287082
250	744.31	161.616267956693
250	749.058	43.5322480926635
250	753.808	223.140395182615
250	758.558	-136.761303058823
250	763.31	96.760372046142
250	768.062	-72.6102278510187
250	772.815	-195.779852238075
250	777.57	-108.656312939252
250	782.325	401.079019239677
250	787.081	131.536118936571
250	791.838	239.703841428405
250	796.596	341.002742405452
250	801.355	59.7360099471342
250	806.114	-95.6181112262809
250	810.875	262.497499375904
250	815.635	278.441471332329
250	820.397	-67.6132891499338
250	825.159	-4.09866139433871
245	248.336	28815.5094377769
245	252.814	12591.3170174994
245	257.296	1024.40018291117
245	261.781	-364.685242832958
245	266.271	-643.720902566052
245	270.764	878.940282504915
245	275.26	-197.168558885143
245	279.76	1096.6712372473
245	284.264	222.897905284048
245	288.772	831.487142550897
245	293.283	555.054767978478
245	297.797	887.614082465975
245	302.315	1414.63477333247
245	306.837	733.32392483691
245	311.362	1316.06608105662
245	315.89	1407.0566954293
245	320.422	818.058223975955
245	324.958	998.807750014546
245	329.496	1501.46491916092
245	334.038	1187.8542654437
245	338.584	1523.07006872113
245	343.133	1207.62568957083
245	347.685	774.423428488752
245	352.24	1304.92598823942
245	356.799	1018.18751239061
245	361.361	473.603265861512
245	365.926	1145.78414987571
245	370.495	881.264165178313
245	375.067	592.74112903698
245	379.641	1165.42409500866
245	384.219	898.67821052343
245	388.801	1046.12822058239
245	393.385	1287.57160837929
245	397.972	731.374881869824
245	402.562	1313.02931737351
245	407.156	1062.66254727386
245	411.752	871.555024167927
245	416.352	1345.22242916007
245	420.954	1252.43306222294
245	425.56	713.127705822707
245	430.168	1084.71206364473
245	434.779	1552.0588262442
245	439.393	1353.52417554488
245	444.01	1484.57858361438
245	448.63	965.909217058448
245	453.253	856.369669540294
245	457.878	999.441055796831
245	462.506	749.467603334855
245	467.137	740.037720240284
245	471.771	886.756828324525
245	476.407	579.329058709312
245	481.047	982.155508593908
245	485.688	1948.51432933429
245	490.333	3801.25831026138
245	494.979	4958.55873747416
245	499.629	4188.09227400429
245	504.281	2201.57695327772
245	508.936	790.260801252507
245	513.593	297.510870030753
245	518.252	644.477519743791
245	522.914	701.70451682256
245	527.579	227.922390575109
245	532.245	94.9462887964548
245	536.915	366.775747168632
245	541.586	2.13937360754994
245	546.26	561.816363947971
245	550.936	393.824239097814
245	555.615	447.792566532986
245	560.296	529.636733842238
245	564.979	512.706938931374
245	569.664	-86.5430717201314
245	574.351	298.195682770434
245	579.04	645.945318567861
245	583.732	198.545618270741
245	588.426	144.061589288248
245	593.121	373.082063854303
245	597.819	5.48715706556308
245	602.519	378.463873380659
245	607.221	-268.011315263994
245	611.924	177.948793431724
245	616.63	232.28564483546
245	621.338	691.484068456495
245	626.047	58.9991647023769
245	630.758	11.5183700518853
245	635.471	518.412050595034
245	640.186	48.0717597787264
245	644.903	-263.064611173562
245	649.621	328.458448469823
245	654.341	37.5222726652512
245	659.063	456.503932383759
245	663.787	199.598659508105
245	668.512	-240.223378192141
245	673.238	189.014956101398
245	677.967	124.501467557315
245	682.696	764.238823353692
245	687.428	755.814281120015
245	692.16	134.33445429978
245	696.895	74.2386567111761
245	701.63	102.400609353645
245	706.367	207.575781555243
245	711.106	209.977682864404
245	715.845	409.861189230883
245	720.586	573.93432528165
245	725.329	-50.3635014650829
245	730.072	180.266232935432
245	734.817	559.389780528613
245	739.563	-22.5822277628188
245	744.31	-260.419014879416
245	749.058	-82.9817086765077
245	753.808	-115.112800092581
245	758.558	-54.5759533217857
245	763.31	-635.863430981874
245	768.062	-288.598768394963
245	772.815	-248.647999938756
245	777.57	-163.520941120268
245	782.325	722.131090249417
245	787.081	323.882997512614
245	791.838	-281.483794399559
245	796.596	295.408198566073
245	801.355	-202.129664177067
245	806.114	-344.565642704209
245	810.875	149.807356941605
245	815.635	224.555290081759
245	820.397	-277.351063122396
245	825.159	284.485708634272
240	248.336	9992.83723803009
240	252.814	379.238347411617
240	257.296	1325.97642459505
240	261.781	-105.72949305403
240	266.271	-598.032305293567
240	270.764	1825.17141824745
240	275.26	-2382.00896141152
240	279.76	663.603168227751
240	284.264	57.6164820184817
240	288.772	307.862630648092
240	293.283	-340.396915133473
240	297.797	586.576819585436
240	302.315	504.07749665005
240	306.837	1034.02152683785
240	311.362	1412.83586054682
240	315.89	2089.35100656647
240	320.422	1023.15063839567
240	324.958	1549.1484327647
240	329.496	1347.95226502943
240	334.038	2412.06284131087
240	338.584	2265.73863955835
240	343.133	460.101444011251
240	347.685	419.890639646249
240	352.24	2111.70557678283
240	356.799	1944.82455832346
240	361.361	1908.99051074162
240	365.926	1974.24968769441
240	370.495	923.604501150702
240	375.067	1926.69633081734
240	379.641	1584.6425239936
240	384.219	1589.13166678922
240	388.801	2547.356200357
240	393.385	2472.36061243436
240	397.972	984.69684636531
240	402.562	963.17648292148
240	407.156	863.364404502802
240	411.752	1635.42999814121
240	416.352	1327.77860691636
240	420.954	1768.66999757216
240	425.56	959.664461025522
240	430.168	1559.44080200482
240	434.779	2081.27179684304
240	439.393	1015.50810805753
240	444.01	1275.44257278426
240	448.63	933.925573369717
240	453.253	1524.33838087122
240	457.878	475.076039640393
240	462.506	1178.12166242583
240	467.137	758.978721497433
240	471.771	701.756641228525
240	476.407	1761.27749871436
240	481.047	5220.99104465847
240	485.688	6366.27126774833
240	490.333	6021.65198849283
240	494.979	1649.30870817616
240	499.629	1115.9520569674
240	504.281	811.402953483082
240	508.936	1332.57774899322
240	513.593	487.28965560138
240	518.252	522.251327564337
240	522.914	1101.1533432363
240	527.579	873.122081827876
240	532.245	-25.8327664129765
240	536.915	268.415754782168
240	541.586	737.478516041661
240	546.26	-185.171172036525
240	550.936	-26.0875718973729
240	555.615	1280.27870388581
240	560.296	221.038237489333
240	564.979	771.79740888654
240	569.664	-147.149395973301
240	574.351	384.855186578283
240	579.04	1086.06612479415
240	583.732	-298.231355278238
240	588.426	243.257261029141
240	593.121	1024.02547664633
240	597.819	-577.447861580787
240	602.519	944.623037720268
240	607.221	-1190.47046181372
240	611.924	521.126371184551
240	616.63	883.477125229177
240	621.338	590.93410542765
240	626.047	0.085372978987392
240	630.758	-513.58993956747
240	635.471	546.706339946554
240	640.186	429.258508329353
240	644.903	598.855140876724
240	649.621	1218.50646978673
240	654.341	908.699033042115
240	659.063	-344.100695733037
240	663.787	352.04506921745
240	668.512	-305.071015458876
240	673.238	1746.54684208596
240	677.967	144.877684412304
240	682.696	1048.22837371747
240	687.428	1379.18756851553
240	692.16	-529.619637371648
240	696.895	612.602712626342
240	701.63	-1305.5635593056
240	706.367	-205.538689085361
240	711.106	482.809622318676
240	715.845	831.691332016118
240	720.586	381.697605625921
240	725.329	-477.124507836473
240	730.072	655.361743074244
240	734.817	356.577029618464
240	739.563	72.3971383032961
240	744.31	490.906781715305
240	749.058	203.710623282673
240	753.808	1221.89198654948
240	758.558	-766.227038219759
240	763.31	16.2395393901705
240	768.062	-728.372144111836
240	772.815	-847.112447744535
240	777.57	-17.4225007923401
240	782.325	1895.14753614909
240	787.081	1552.78555270682
240	791.838	-211.45013822382
240	796.596	1744.39141954866
240	801.355	-222.073580672252
240	806.114	-698.246196192788
240	810.875	809.012942705665
240	815.635	644.753129699098
240	820.397	-222.181598201552
240	825.159	587.371432150612
