Long Name	Sample - Blank	S1c/R1c
nm	nm	
		Z of Sample - Blank
500	248.336	-24.9492897027238
500	252.814	-43.594996429042
500	257.296	-12.9262667818053
500	261.781	11.8616006773574
500	266.271	8.88564875615135
500	270.764	15.2856932730331
500	275.26	-32.393022763111
500	279.76	-12.6765895164062
500	284.264	-14.9553022148187
500	288.772	19.5752626571409
500	293.283	-13.0405032635969
500	297.797	38.4094412183055
500	302.315	-16.3575090260432
500	306.837	8.39598517534002
500	311.362	13.3513330502611
500	315.89	16.7823623695898
500	320.422	11.8727891655712
500	324.958	7.15984961110963
500	329.496	-42.5977178916942
500	334.038	-5.24670764051216
500	338.584	-14.6355125386867
500	343.133	13.0143740098389
500	347.685	8.87828873313364
500	352.24	-25.9507180612759
500	356.799	-14.4612932844104
500	361.361	-0.484610950777622
500	365.926	4.87559115331512
500	370.495	39.7159716414922
500	375.067	-26.7766510722096
500	379.641	29.3557993694305
500	384.219	-5.11687663379855
500	388.801	-24.7201749336297
500	393.385	15.130939481281
500	397.972	7.35907968588314
500	402.562	2.63328523942311
500	407.156	-34.4663120940668
500	411.752	13.7264512461761
500	416.352	-1.27282972991199
500	420.954	-14.061469097654
500	425.56	11.8025975499959
500	430.168	-5.97317068831171
500	434.779	-8.73692634190662
500	439.393	7.51908338274002
500	444.01	-10.5348909375815
500	448.63	9.97753702545822
500	453.253	25.3876776729699
500	457.878	12.0112756371782
500	462.506	10.054897291249
500	467.137	-9.51584254147791
500	471.771	-22.9223892493195
500	476.407	-7.9346355918336
500	481.047	-14.7592632904038
500	485.688	-40.821698968724
500	490.333	-44.8212168564429
500	494.979	-576.570453867824
500	499.629	-2452.90360008704
500	504.281	-1277.63578445352
500	508.936	-110.471515917767
500	513.593	8.99782465438947
500	518.252	-2.82237263925141
500	522.914	-20.1136544052801
500	527.579	-27.1758397833467
500	532.245	-3.88017895892043
500	536.915	21.7560382945493
500	541.586	-5.73746243407831
500	546.26	3.64684404844083
500	550.936	-12.778765821457
500	555.615	-36.2166711775036
500	560.296	-2.55832997452544
500	564.979	-6.30008145779698
500	569.664	-3.74164216660272
500	574.351	19.9823778136884
500	579.04	-43.3371292897281
500	583.732	-5.36001002894441
500	588.426	-5.36114288435395
500	593.121	-29.2964202676538
500	597.819	12.2525952867985
500	602.519	-11.0876752335544
500	607.221	8.21385868147206
500	611.924	-21.7876912842695
500	616.63	11.3829405457692
500	621.338	-0.805684945006545
500	626.047	-16.0174164394312
500	630.758	27.009841887718
500	635.471	-35.974607778044
500	640.186	6.71690575553503
500	644.903	-16.1330272782102
500	649.621	-5.55695574530601
500	654.341	-15.2612378593667
500	659.063	-19.3682022736404
500	663.787	-2.23857934675689
500	668.512	12.6056887932966
500	673.238	-15.8106234856085
500	677.967	-34.648428751904
500	682.696	19.8204888587932
500	687.428	15.3195725246692
500	692.16	-16.3884383537848
500	696.895	-9.87898184583383
500	701.63	48.8385329964039
500	706.367	-7.18717741242116
500	711.106	1.44050166197946
500	715.845	-58.865353872868
500	720.586	-21.6254742123805
500	725.329	-46.2808638792799
500	730.072	-2.49651328123564
500	734.817	-25.198654037913
500	739.563	-1.54928802551845
500	744.31	18.5333139291707
500	749.058	15.0832566476958
500	753.808	-1.56338704387339
500	758.558	4.33153395112409
500	763.31	-6.04624355087317
500	768.062	-6.68242969114345
500	772.815	-26.1577720489831
500	777.57	-15.2945050919604
500	782.325	9.78952292436126
500	787.081	-25.4216379097886
500	791.838	-35.473389725984
500	796.596	12.6868185594353
500	801.355	50.9440211013224
500	806.114	-20.2439899391135
500	810.875	-19.7350753381336
500	815.635	8.82209597319203
500	820.397	-34.3355252647255
500	825.159	21.2926801636841
495	248.336	16.2604184140863
495	252.814	-26.1525911538322
495	257.296	-6.05560845504412
495	261.781	17.8762168835893
495	266.271	-5.88433898678353E-5
495	270.764	-13.0773593586983
495	275.26	3.8950991658442
495	279.76	-29.2170741106935
495	284.264	-45.3153157899687
495	288.772	5.84157877493627
495	293.283	-29.8654356285995
495	297.797	2.25855767863339
495	302.315	-1.77408699462975
495	306.837	31.3996549301339
495	311.362	-13.6932972599429
495	315.89	-3.19883918377784E-4
495	320.422	18.120353677775
495	324.958	5.01659257244462
495	329.496	-28.3041174488036
495	334.038	-29.4185250935887
495	338.584	6.05579059357186
495	343.133	28.8581162115225
495	347.685	36.9218640981232
495	352.24	-40.2733863935974
495	356.799	-9.58257084338036
495	361.361	-11.577616561447
495	365.926	14.518294756926
495	370.495	46.5581315936081
495	375.067	24.8716999224752
495	379.641	7.37172396772854
495	384.219	-9.14528690967147
495	388.801	-25.1955087393215
495	393.385	10.9966500419978
495	397.972	-21.2888355244717
495	402.562	-2.7550544561415
495	407.156	-10.9291529931417
495	411.752	16.5080848526487
495	416.352	0.378054313501185
495	420.954	-35.1708053022858
495	425.56	27.6047154758808
495	430.168	8.9080280307744
495	434.779	-11.3744835972692
495	439.393	1.05967323220134
495	444.01	-21.6432928553124
495	448.63	-3.08351611718973
495	453.253	4.74298376044015
495	457.878	-4.02529811530191
495	462.506	-19.2949695836846
495	467.137	-0.983542265429506
495	471.771	-15.6439697053541
495	476.407	-16.871490148148
495	481.047	-31.3287628712975
495	485.688	-68.2636539476632
495	490.333	-855.921236574671
495	494.979	-3142.44127674064
495	499.629	-2030.76330594249
495	504.281	-190.02447181729
495	508.936	-18.9379085311709
495	513.593	-7.33850921146448
495	518.252	-4.44544869147995
495	522.914	0.947884460571323
495	527.579	-18.308812562858
495	532.245	0.947907003410926
495	536.915	-3.18480240122331
495	541.586	-15.4614419502066
495	546.26	0.648612843377569
495	550.936	-6.53189990086871
495	555.615	-6.21561078280991
495	560.296	-7.22738941583989
495	564.979	2.32127995256078
495	569.664	-1.66961036065365
495	574.351	-8.7569181699246
495	579.04	-28.8855814469085
495	583.732	-11.6271496586679
495	588.426	3.44293798106906
495	593.121	-30.7411044257084
495	597.819	-1.03233986001408
495	602.519	-16.4566857560528
495	607.221	15.2031415606038
495	611.924	17.1316550382927
495	616.63	-25.2589602120872
495	621.338	6.54691399511411
495	626.047	-15.0548555677933
495	630.758	23.3808345373525
495	635.471	-32.9093633511856
495	640.186	2.99769022106537
495	644.903	-14.7795883998331
495	649.621	-1.15220209128255
495	654.341	-14.8302392773244
495	659.063	-26.3696269789026
495	663.787	-6.78559620141055
495	668.512	16.0896216360686
495	673.238	-17.8038973999184
495	677.967	-7.74433093873506
495	682.696	30.9113343151169
495	687.428	-5.39586036044086
495	692.16	-2.08652607330428
495	696.895	-15.1240254957392
495	701.63	-8.04921521216329
495	706.367	-2.1437227102026
495	711.106	-7.36588488821691
495	715.845	-29.8024562033901
495	720.586	-29.8781597381213
495	725.329	-19.5684085417476
495	730.072	-18.7952051079801
495	734.817	-9.01332299900553
495	739.563	1.82292084147464
495	744.31	13.3615540411563
495	749.058	10.7065552785813
495	753.808	11.3876910768454
495	758.558	-9.17852378348257
495	763.31	1.97122240650488
495	768.062	-3.48147469190383
495	772.815	24.3558556423052
495	777.57	-41.0818857876695
495	782.325	-35.0205422139923
495	787.081	-11.1044184599273
495	791.838	17.4345323861192
495	796.596	-4.84264783227029
495	801.355	30.6623472716014
495	806.114	-18.5836686846283
495	810.875	-10.2208385556814
495	815.635	13.007887280521
495	820.397	-19.9773975272286
495	825.159	34.8425715397293
490	248.336	-2.51510911563581
490	252.814	-24.6912999477604
490	257.296	10.4758641217655
490	261.781	-18.7260981145238
490	266.271	-11.8334452886674
490	270.764	8.22387219397477
490	275.26	-2.01119561301386
490	279.76	8.32903144203243
490	284.264	-25.1563614158344
490	288.772	16.3103019561596
490	293.283	-3.79589330598385
490	297.797	9.39350247157003
490	302.315	2.41151143903836
490	306.837	-1.20873168333082
490	311.362	11.9807268361697
490	315.89	-8.37968266007292
490	320.422	12.0080019845589
490	324.958	15.6966011218511
490	329.496	-17.2166638602191
490	334.038	-8.88167991706542
490	338.584	-16.4460033876908
490	343.133	25.7030610299045
490	347.685	-11.423513280168
490	352.24	-4.67848887033739
490	356.799	-16.0387454190086
490	361.361	9.16516575325864
490	365.926	-5.25645572910702
490	370.495	9.53486045590176
490	375.067	7.79164717438997
490	379.641	-7.11664287153183
490	384.219	-10.7671726632415
490	388.801	-27.2152599579259
490	393.385	4.59408164404796
490	397.972	4.43883108748984
490	402.562	-6.05720466033388
490	407.156	-10.9437870432192
490	411.752	-2.44371050192646
490	416.352	27.0169808528381
490	420.954	-13.3910161051792
490	425.56	-2.95351162740049
490	430.168	4.52478563291734
490	434.779	23.1750959253289
490	439.393	-6.05353681827486
490	444.01	-11.0428224966756
490	448.63	-0.925425174395201
490	453.253	-1.21610228391919
490	457.878	19.455956910206
490	462.506	-6.58681075719718
490	467.137	-13.9218250645961
490	471.771	-15.586247296658
490	476.407	-19.6210251472935
490	481.047	-48.0860570396965
490	485.688	-873.606740314344
490	490.333	-2775.84805424826
490	494.979	-1104.23491876162
490	499.629	-56.4722215998673
490	504.281	-3.75546372836059
490	508.936	-19.7269619214603
490	513.593	-3.73910257705711
490	518.252	-4.58969970840928
490	522.914	-19.7036102472805
490	527.579	-1.70060391379052
490	532.245	6.57190176073517
490	536.915	-8.93151880453154
490	541.586	-21.8522339263243
490	546.26	-17.9023476961202
490	550.936	-18.6120154848207
490	555.615	-0.593139869332931
490	560.296	-14.2626612423089
490	564.979	4.20645733265754
490	569.664	-21.1472313128338
490	574.351	-3.03031698557484
490	579.04	-36.2222705599699
490	583.732	-5.13720761622312
490	588.426	-24.979295001132
490	593.121	-4.48041281060756
490	597.819	1.38067126428051
490	602.519	-10.7309550756467
490	607.221	-14.690790722392
490	611.924	-5.7937222500515
490	616.63	-29.7049882474516
490	621.338	20.7532685581879
490	626.047	-13.291844895093
490	630.758	17.4751096693452
490	635.471	-23.3388104406339
490	640.186	5.08938146218188
490	644.903	-24.6958185293848
490	649.621	-23.6447674791967
490	654.341	-0.705053279079595
490	659.063	-23.8680363646709
490	663.787	12.6406120066703
490	668.512	-4.73161309576945
490	673.238	-7.67867049731189
490	677.967	-12.911979502431
490	682.696	18.2646380083009
490	687.428	9.39666791375643
490	692.16	0.37035347883999
490	696.895	-24.7087507705116
490	701.63	13.0507546798245
490	706.367	-16.2993516420553
490	711.106	25.8753434874883
490	715.845	-34.9023766360536
490	720.586	-23.861819395017
490	725.329	-20.122315066355
490	730.072	-27.5470224031033
490	734.817	-24.8712761683074
490	739.563	-9.48735275539205
490	744.31	8.32240660015861
490	749.058	21.4872331591462
490	753.808	18.9090336154943
490	758.558	20.5446254759791
490	763.31	-13.8049770860358
490	768.062	-30.6182603682277
490	772.815	31.0252298280057
490	777.57	-33.0501371150551
490	782.325	6.98519341638184
490	787.081	14.3815815665579
490	791.838	12.9140663089637
490	796.596	-10.7064826740628
490	801.355	34.906755771289
490	806.114	-17.6566632120591
490	810.875	-7.98863409031477
490	815.635	11.7553226165058
490	820.397	0.00796686301696781
490	825.159	6.30215740287016
485	248.336	9.0891770825788
485	252.814	-25.5587693826601
485	257.296	-15.9220548800952
485	261.781	2.85118303243819
485	266.271	-28.0323769443343
485	270.764	7.25402389688971
485	275.26	-25.5626776726076
485	279.76	1.38073630771946
485	284.264	-14.0168298043212
485	288.772	9.52441774392331
485	293.283	-19.8469640692094
485	297.797	13.8339618612404
485	302.315	-1.88621526526044
485	306.837	-4.51438090314634
485	311.362	-6.76300874067224
485	315.89	-0.375343396148875
485	320.422	0.375950618363703
485	324.958	13.9654045033122
485	329.496	-26.8381697056925
485	334.038	-0.397207209022708
485	338.584	-25.7585166709602
485	343.133	-1.97959700888278
485	347.685	21.0702603099737
485	352.24	-30.6304461248588
485	356.799	-18.338572197582
485	361.361	5.74506621240185
485	365.926	-4.11615157861814
485	370.495	15.1060564812496
485	375.067	15.4608672736657
485	379.641	8.62267289714906
485	384.219	-7.77910835583181
485	388.801	-6.01589208658831
485	393.385	10.4335646602226
485	397.972	5.572182227791
485	402.562	15.7371150806733
485	407.156	-26.2317048946306
485	411.752	-1.30630150427196
485	416.352	-0.642841498716807
485	420.954	6.61340458290003
485	425.56	-9.88670402338714
485	430.168	15.4576882852139
485	434.779	-0.604699685090599
485	439.393	-12.0135155108034
485	444.01	-16.9258694727752
485	448.63	-8.45285370127044
485	453.253	2.59325368428412
485	457.878	-7.99012866844061
485	462.506	3.23776582362711E-5
485	467.137	-14.2484635556324
485	471.771	-26.8941602504745
485	476.407	-28.7058299879109
485	481.047	-1064.11401079
485	485.688	-2770.38493774666
485	490.333	-951.951279993022
485	494.979	-53.1755037818811
485	499.629	-0.548331903941367
485	504.281	-12.6255355670378
485	508.936	-16.3837231992648
485	513.593	-3.80061456927937
485	518.252	-4.05190190559744
485	522.914	-12.0848440064491
485	527.579	-11.8151752082302
485	532.245	-6.17983392455781
485	536.915	-4.3351406471425
485	541.586	-11.5090432677329
485	546.26	-17.0989876451326
485	550.936	-2.22289190706698
485	555.615	-20.5916560140128
485	560.296	-21.5188919089359
485	564.979	0.846009213349053
485	569.664	0.852223537015981
485	574.351	-16.3302183961515
485	579.04	-36.7124067405695
485	583.732	-11.0551417706331
485	588.426	0.584978167901482
485	593.121	-0.881618423612039
485	597.819	-10.348340150042
485	602.519	-6.55571863556967
485	607.221	-6.31420996361633
485	611.924	0.607142974837016
485	616.63	11.6641535707249
485	621.338	17.6334520743617
485	626.047	-1.2493453477965
485	630.758	5.68238665866174
485	635.471	-8.90716025858406
485	640.186	9.87996134198537
485	644.903	-19.3409931932112
485	649.621	0.326924255224032
485	654.341	-26.8911600210945
485	659.063	-16.0695595662859
485	663.787	2.37672345258707
485	668.512	10.6063947724269
485	673.238	1.37681317008432
485	677.967	-22.8839923583735
485	682.696	26.6449294935946
485	687.428	1.05911149551887
485	692.16	-8.87389269084472
485	696.895	-23.9435169532854
485	701.63	-6.12640926701074
485	706.367	1.82346777174089
485	711.106	-6.63382217618084
485	715.845	-37.2810786323008
485	720.586	-25.0410304673441
485	725.329	-24.5904686961226
485	730.072	-5.32938335608512
485	734.817	-21.8518910049329
485	739.563	-35.6788829528359
485	744.31	-5.48745901748411
485	749.058	7.52337407487197
485	753.808	-0.807172843390365
485	758.558	16.0262966840548
485	763.31	-8.80231546734464
485	768.062	-17.3462550231904
485	772.815	-13.5299163587351
485	777.57	-36.6714285170044
485	782.325	-28.9128385007879
485	787.081	-15.7440356957108
485	791.838	-31.0079272478047
485	796.596	-7.32447292422552
485	801.355	23.3157055399792
485	806.114	-20.5494313357727
485	810.875	-28.8482435576314
485	815.635	14.2265205941219
485	820.397	-14.621721840184
485	825.159	8.6939890355913
480	248.336	-3.75856071986115
480	252.814	-11.0557768587653
480	257.296	6.88170161641952
480	261.781	-33.2836707507153
480	266.271	-24.652490495564
480	270.764	9.62677260917634
480	275.26	-13.9261806152504
480	279.76	15.1242169559394
480	284.264	-16.2772943714706
480	288.772	9.66056433801053
480	293.283	-10.6416856001468
480	297.797	21.2642629648538
480	302.315	0.0042704902505184
480	306.837	32.8512994113783
480	311.362	-8.12301696132723
480	315.89	11.3579925238817
480	320.422	-10.4030007724902
480	324.958	-7.03897448989164
480	329.496	-4.44000046404992
480	334.038	-8.58202503850149
480	338.584	-12.6907397142678
480	343.133	-3.42034005985147
480	347.685	6.5339673074493
480	352.24	3.83996525315879
480	356.799	-32.426228830998
480	361.361	-4.96697896946499
480	365.926	5.69559153119708
480	370.495	-2.46863831417529
480	375.067	-10.2071768472477
480	379.641	-3.06001020337777
480	384.219	-9.42581452592315
480	388.801	-42.5974200668267
480	393.385	4.04214385560259
480	397.972	-1.49914275823717
480	402.562	-13.3206719600797
480	407.156	-0.561750183839916
480	411.752	5.36212980757406
480	416.352	7.22935839417107
480	420.954	1.91150471934568
480	425.56	6.95020852443564
480	430.168	0.270188141752708
480	434.779	-1.82296029147934
480	439.393	-13.7595373680407
480	444.01	-19.5049667238992
480	448.63	-6.53495360002248
480	453.253	-17.4060976987371
480	457.878	-25.1383355369252
480	462.506	-28.1056284847415
480	467.137	-93.9195692494031
480	471.771	-179.67671525546
480	476.407	-3471.69633034758
480	481.047	-7533.80820510886
480	485.688	-2618.80616801949
480	490.333	-70.8183313385541
480	494.979	-12.8306635869387
480	499.629	-17.7577345225248
480	504.281	-16.3592303951663
480	508.936	-22.4233777316282
480	513.593	-10.7883373146259
480	518.252	-2.55723253852891
480	522.914	-9.97245849345241
480	527.579	0.706836711782923
480	532.245	-3.94770750646123
480	536.915	-14.0564111615944
480	541.586	-13.4946740105006
480	546.26	-12.8725899741906
480	550.936	-13.2074156350133
480	555.615	-9.62272902507136
480	560.296	-2.88286889836049
480	564.979	-8.49391661196761
480	569.664	-13.6584432779408
480	574.351	-6.30141129663653
480	579.04	-19.8490884435095
480	583.732	-21.3027484959041
480	588.426	-16.6611956326475
480	593.121	-23.1191089684738
480	597.819	-7.15234882970983
480	602.519	-3.33876428660414
480	607.221	-5.45694174468034
480	611.924	-0.519131989414662
480	616.63	-19.6331474625298
480	621.338	4.28432262513945
480	626.047	-9.45206376447888
480	630.758	8.19337533504218
480	635.471	-5.22457661420261
480	640.186	0.0017180232626548
480	644.903	-25.3670604993861
480	649.621	-1.69003184162526
480	654.341	-1.14513973809389
480	659.063	-9.84498759740555
480	663.787	16.4483451949477
480	668.512	6.21040219399696
480	673.238	-1.17687513540846
480	677.967	-0.598547885141333
480	682.696	-10.9145288227175
480	687.428	20.7614401874424
480	692.16	3.0645256062543
480	696.895	1.85921594614646
480	701.63	19.6366417228479
480	706.367	-11.3588537457399
480	711.106	6.69562808670935
480	715.845	3.5461961403051
480	720.586	-21.0076934361501
480	725.329	-11.7723115463102
480	730.072	-13.4892020255648
480	734.817	-8.9486316120745
480	739.563	4.0245859345775
480	744.31	12.8697895584354
480	749.058	17.4684045604678
480	753.808	-12.2080430574167
480	758.558	10.6626449827958
480	763.31	-1.44716683606724
480	768.062	-16.4649843748257
480	772.815	-0.728292320187101
480	777.57	-16.4134621976354
480	782.325	-16.2908481459312
480	787.081	7.39511475267323
480	791.838	-13.2138157937198
480	796.596	-7.51718794606399
480	801.355	22.2139955969776
480	806.114	-15.7206967483426
480	810.875	-23.5717784958486
480	815.635	8.54051797900896
480	820.397	-13.332913507274
480	825.159	-9.90618283619304
475	248.336	-2.50188393022982
475	252.814	-27.3509932247697
475	257.296	-5.1895586881482
475	261.781	6.0183732981339
475	266.271	7.65246468525139
475	270.764	9.57010163900952
475	275.26	-15.7378422692546
475	279.76	20.766194755976
475	284.264	22.1912935210549
475	288.772	2.62211207287004
475	293.283	-6.91246101697395
475	297.797	0.912190796205357
475	302.315	2.98701334904282
475	306.837	-2.38301746767297
475	311.362	0
475	315.89	8.61598125589427
475	320.422	-16.0690985407531
475	324.958	12.8972623804004
475	329.496	-13.1220350111038
475	334.038	-10.0612917294084
475	338.584	-24.4687958514042
475	343.133	10.6564091276267
475	347.685	6.60820647411349
475	352.24	-19.1406108826145
475	356.799	-16.1296947660598
475	361.361	-0.324613522249384
475	365.926	-12.0550839005453
475	370.495	1.93914876172761
475	375.067	-11.272753862605
475	379.641	6.51430857560583
475	384.219	-3.38665175054919
475	388.801	-3.86951985590004
475	393.385	2.27882493196906
475	397.972	-12.9563151007877
475	402.562	1.32487587729121
475	407.156	9.46337316063671
475	411.752	-5.17070840405067
475	416.352	-7.37782731944824
475	420.954	11.4676101811112
475	425.56	-3.91295569671713
475	430.168	8.63796193401719
475	434.779	-6.22187923540238
475	439.393	-4.27793392878437
475	444.01	-4.69912982504251
475	448.63	-0.919651146761275
475	453.253	-13.6810451311691
475	457.878	-22.5849205810646
475	462.506	-35.1641973187869
475	467.137	-103.483117714056
475	471.771	-1944.26693999591
475	476.407	-3219.09050128819
475	481.047	-863.842637626407
475	485.688	-45.2978513574389
475	490.333	-10.2512054302661
475	494.979	-5.23190622996723
475	499.629	-14.1058378920392
475	504.281	-13.4688190007807
475	508.936	-20.3170322353507
475	513.593	-5.15616437221307
475	518.252	-15.6082435068518
475	522.914	-31.0356136897909
475	527.579	-14.4529708204785
475	532.245	2.55269522893352
475	536.915	8.57900484017549
475	541.586	-15.6163866928109
475	546.26	-14.8443999396951
475	550.936	-4.39777781783413
475	555.615	3.96719826770821
475	560.296	-6.1865404353411
475	564.979	-15.6117355684974
475	569.664	-25.167444046054
475	574.351	-4.97800284584193
475	579.04	-26.3098982415717
475	583.732	-15.6585338008778
475	588.426	-15.7394024398863
475	593.121	-20.704169646828
475	597.819	5.38360515469328
475	602.519	-14.6240343339441
475	607.221	-11.4236930139564
475	611.924	-12.254656932738
475	616.63	-24.0545327186747
475	621.338	-0.48922732270853
475	626.047	-20.0262503237988
475	630.758	8.24648533877582
475	635.471	-23.4178348978258
475	640.186	11.8572661169957
475	644.903	-4.84819067184061
475	649.621	-24.0658565438997
475	654.341	-16.5553344614224
475	659.063	-16.6954712963933
475	663.787	15.3199463240023
475	668.512	18.6872826565081
475	673.238	-20.4337909837325
475	677.967	-18.9377377025658
475	682.696	28.5840313333815
475	687.428	8.66324568891655
475	692.16	-13.7677271481428
475	696.895	-1.1311830242936
475	701.63	7.13170810326157
475	706.367	5.48485577486108
475	711.106	7.87664748007386
475	715.845	-14.1646968008555
475	720.586	-13.313326930541
475	725.329	-24.2565256840139
475	730.072	-3.31451826671454
475	734.817	-23.0628901385905
475	739.563	-8.28896850705576
475	744.31	6.82588875820212
475	749.058	13.4775289516413
475	753.808	-5.11127508829428
475	758.558	-6.18046088010879
475	763.31	11.9452338972087
475	768.062	-9.71212581819083
475	772.815	0.669564637567369
475	777.57	-23.564139449591
475	782.325	12.4837973288083
475	787.081	-4.62824215155047
475	791.838	-10.671393453016
475	796.596	-11.9568423395151
475	801.355	18.1429517857842
475	806.114	-7.19441092663288
475	810.875	-1.87719536997657
475	815.635	8.75823884885425
475	820.397	-6.88176571485079
475	825.159	2.18919859422701
470	248.336	-4.16365952488507E-4
470	252.814	-13.6155610366785
470	257.296	-5.33236315772081
470	261.781	6.88423064902022E-4
470	266.271	-5.50206696740299
470	270.764	-17.6784476285023
470	275.26	10.2138843515061
470	279.76	3.8598828353192
470	284.264	-11.5511295301143
470	288.772	21.3416903645518
470	293.283	-3.56870464340987
470	297.797	10.1327992283286
470	302.315	-2.03667914370387
470	306.837	-7.8889388444987
470	311.362	-7.20543783401634
470	315.89	1.12553964943215
470	320.422	-7.88703199668529
470	324.958	5.81137709629122
470	329.496	4.49421051664022
470	334.038	2.85632038775346
470	338.584	-0.234744663472835
470	343.133	1.66089391765261
470	347.685	-3.33379612573138
470	352.24	-4.59118855223096
470	356.799	-10.5012715208286
470	361.361	0.492003844499273
470	365.926	-4.68733218731979
470	370.495	11.7428363257896
470	375.067	11.7040943267931
470	379.641	-4.22574500854981
470	384.219	-5.36053444633796
470	388.801	-19.3769046216083
470	393.385	5.17580379805258
470	397.972	0.207306515503913
470	402.562	-7.22393792992197
470	407.156	-5.77212948254625
470	411.752	-8.41412240753854
470	416.352	-11.3655750829446
470	420.954	-9.53942046483469E-4
470	425.56	0.923097862723168
470	430.168	1.08734237726646
470	434.779	-10.6955390571327
470	439.393	-5.40907159333638
470	444.01	-23.3249713589706
470	448.63	-22.1973431686547
470	453.253	-29.5417393254166
470	457.878	-29.0893126630276
470	462.506	-84.0072285110772
470	467.137	-1659.45710152897
470	471.771	-2691.14904010071
470	476.407	-676.414325568769
470	481.047	-27.8674861386118
470	485.688	-23.2669939629248
470	490.333	-9.09103741258605
470	494.979	-9.41595756715285
470	499.629	-3.29128702974684
470	504.281	-8.39357063010751
470	508.936	-9.65971545916851
470	513.593	-6.67608156943412
470	518.252	-15.0575002548992
470	522.914	-9.65868983986183
470	527.579	-11.9122853902125
470	532.245	-5.4758517088947
470	536.915	-0.326635684220706
470	541.586	-18.5607137662818
470	546.26	-3.31102068060531
470	550.936	-17.8348374250458
470	555.615	-7.54255314382254
470	560.296	-4.24640786214178
470	564.979	2.64791090173847
470	569.664	-12.9673864192068
470	574.351	-19.7530692681815
470	579.04	-19.5789249711697
470	583.732	-4.8836787026336
470	588.426	-9.11624440095622
470	593.121	-14.7965325247949
470	597.819	-16.8330747797886
470	602.519	-5.53729305809658
470	607.221	-14.5968101890089
470	611.924	-5.45922806412473
470	616.63	-15.6380730019805
470	621.338	-1.11222894039095
470	626.047	-13.6637712357399
470	630.758	4.53998064295662
470	635.471	-6.67319729144258
470	640.186	2.8643125927468
470	644.903	-22.4079517820544
470	649.621	-13.5206762282615
470	654.341	-5.77021472084013
470	659.063	-11.0350777093815
470	663.787	5.08687392723551
470	668.512	8.20026429532166
470	673.238	-13.2025109529595
470	677.967	-12.4667470122462
470	682.696	4.6221427237774
470	687.428	1.26922526454249
470	692.16	4.04318797731122
470	696.895	-4.9260205041328
470	701.63	-0.00161370889576418
470	706.367	7.21273835740398
470	711.106	5.5212641667372
470	715.845	-4.24593475738338
470	720.586	1.34411496783085
470	725.329	-18.5903914383224
470	730.072	13.9159097092903
470	734.817	-16.3126974905175
470	739.563	-1.85676430908929
470	744.31	-3.75783536500158
470	749.058	13.0516849610059
470	753.808	-1.69536154953209
470	758.558	13.0504355691627
470	763.31	5.77772113707941
470	768.062	-4.05589366189959
470	772.815	4.05370008531249
470	777.57	-0.00107957123978331
470	782.325	3.93961618893689
470	787.081	-12.4014249947677
470	791.838	-20.4683593196024
470	796.596	-0.276839810783718
470	801.355	4.73646998954061
470	806.114	-7.10522544175153
470	810.875	1.89359912667908
470	815.635	5.92326784274491
470	820.397	-1.89443185858406
470	825.159	4.97628611930116
465	248.336	4.38387817504097
465	252.814	-14.7575231204516
465	257.296	-6.43073560872057
465	261.781	3.51593849569415
465	266.271	-13.7898787674561
465	270.764	-2.30385886631254
465	275.26	1.99892566780502
465	279.76	-4.61621184143293
465	284.264	-21.2926189166323
465	288.772	-7.87990568528921
465	293.283	-14.2669762321862
465	297.797	3.04301761634788
465	302.315	1.99792125334059
465	306.837	-3.38550188837735
465	311.362	5.55675041328532
465	315.89	2.97997765129361
465	320.422	2.58545711111593
465	324.958	4.1056172045313
465	329.496	-6.87999429811901
465	334.038	1.46885544513823
465	338.584	4.80732178965538
465	343.133	10.8832536945163
465	347.685	1.05204274523829
465	352.24	-3.82720715329893
465	356.799	-3.44289898800006
465	361.361	-1.29445686628188
465	365.926	-8.91979375315456
465	370.495	7.33723082981036
465	375.067	2.15035477896678
465	379.641	2.26874735853439
465	384.219	-3.90339841074788
465	388.801	-1.1926100515155
465	393.385	-4.56282791673157
465	397.972	-1.27932809340849
465	402.562	-5.31230855859993
465	407.156	-6.30959174451035
465	411.752	3.11142701238016
465	416.352	-3.39109538851319
465	420.954	-4.81662559164924
465	425.56	-1.29801466176808
465	430.168	-0.784469891665704
465	434.779	-14.0247203008848
465	439.393	-20.8988074688321
465	444.01	-30.7020436730971
465	448.63	-21.663488881676
465	453.253	-29.6240924641488
465	457.878	-76.9615526181595
465	462.506	-1575.81553999146
465	467.137	-1550.50465682225
465	471.771	-722.865375508988
465	476.407	-28.4455827129343
465	481.047	-13.0251293402437
465	485.688	-16.5460593570539
465	490.333	-4.35055659543422
465	494.979	-14.976657952616
465	499.629	-15.1947490911906
465	504.281	-15.6424974130735
465	508.936	-18.0196956315299
465	513.593	-5.43942321037993
465	518.252	-8.83770958901151
465	522.914	-15.7400142204228
465	527.579	-16.4486677903191
465	532.245	-12.7739134465642
465	536.915	-18.8846123623361
465	541.586	-18.4955709847422
465	546.26	-28.6122634450962
465	550.936	-12.7279628569956
465	555.615	-19.1680123184922
465	560.296	-20.0385931023751
465	564.979	-9.60890963014606
465	569.664	-18.441088049179
465	574.351	-11.0391423221926
465	579.04	-24.2776878116454
465	583.732	-11.6822666845909
465	588.426	-9.41674189588825
465	593.121	-19.7163434877121
465	597.819	-6.55883342935658
465	602.519	-11.1749309870744
465	607.221	-1.42505970503924
465	611.924	-4.00670607601625
465	616.63	-17.185542463802
465	621.338	-0.160840477949789
465	626.047	-7.5912602008674
465	630.758	2.67117579066291
465	635.471	-15.633162833365
465	640.186	-1.17340879805577
465	644.903	-20.4391913272559
465	649.621	-2.93112307794562
465	654.341	-9.29210395910363
465	659.063	-12.3818973620173
465	663.787	-1.07725602789748
465	668.512	1.26655919785532
465	673.238	2.19211421140857
465	677.967	-14.1034198230772
465	682.696	5.92673645605323
465	687.428	3.91422134252919
465	692.16	-0.374983601630035
465	696.895	-0.566451218373309
465	701.63	1.71682125416762
465	706.367	-10.9832427027501
465	711.106	-1.16802183948798
465	715.845	-13.594377177862
465	720.586	-7.9037209938736
465	725.329	-11.3971137685901
465	730.072	-8.44548196386273
465	734.817	-15.7977634254702
465	739.563	-8.60734637147774
465	744.31	-4.9726955629625
465	749.058	12.9693197137157
465	753.808	0.638666675820996
465	758.558	10.6426914744168
465	763.31	6.6470717529543
465	768.062	7.15196118056431
465	772.815	0.891117929962043
465	777.57	-5.01311325554822
465	782.325	-3.23877392049619
465	787.081	-7.36223695827938
465	791.838	-4.74530952651657
465	796.596	-12.3304707974625
465	801.355	12.3209898324479
465	806.114	-11.0647555098288
465	810.875	-6.47092974972345
465	815.635	5.00871670797194
465	820.397	-1.26072086671615
465	825.159	9.61151555627129
460	248.336	11.2115093456503
460	252.814	-11.4697484627179
460	257.296	-1.66075010828323
460	261.781	2.24690373192192
460	266.271	-13.9976033001935
460	270.764	-16.0066813808524
460	275.26	6.43529807619827
460	279.76	-0.271977184483702
460	284.264	-8.54350042334333
460	288.772	13.216882575863
460	293.283	-7.74211166015545
460	297.797	12.0376675713211
460	302.315	0.446021891948046
460	306.837	2.44579022878842
460	311.362	-5.55181011590822
460	315.89	13.7545434955261
460	320.422	-4.66627977924169
460	324.958	-1.14639527567731
460	329.496	-8.39794745360563
460	334.038	-4.22590883653159
460	338.584	-14.2878412108614
460	343.133	0.468051746910888
460	347.685	-3.75949613624631
460	352.24	2.14400945099459
460	356.799	-24.8093933793326
460	361.361	-3.39558998361848
460	365.926	8.75833424052581
460	370.495	3.61963513111617
460	375.067	-3.36671603286185
460	379.641	14.5942138647941
460	384.219	-0.689602850769993
460	388.801	-18.4452108457215
460	393.385	10.6323970112112
460	397.972	-5.76340350414403
460	402.562	-9.30139616046787
460	407.156	-16.681746394288
460	411.752	-4.82555827101025
460	416.352	-9.30885831967729
460	420.954	8.56244516251539
460	425.56	-1.09545736297719
460	430.168	-5.55287522638579
460	434.779	-29.842893482693
460	439.393	-23.2536985416632
460	444.01	-32.1174729488585
460	448.63	-29.8031336867089
460	453.253	-139.304441149845
460	457.878	-1958.64506761918
460	462.506	-2700.50351671695
460	467.137	-744.537133031299
460	471.771	-15.4025941972106
460	476.407	-3.75176086509695
460	481.047	-3.08507868255524
460	485.688	-22.2855539026711
460	490.333	-10.2623790360827
460	494.979	-12.7018287285716
460	499.629	-17.1778171103877
460	504.281	-17.1956168287068
460	508.936	-22.594984304747
460	513.593	-11.8734136543055
460	518.252	-18.9992652228117
460	522.914	-18.5710504254863
460	527.579	-26.8223798479402
460	532.245	-10.798764513028
460	536.915	-14.8925592491056
460	541.586	-18.9476205137624
460	546.26	-24.9367505636993
460	550.936	-29.2299309318826
460	555.615	-17.4320384485478
460	560.296	-23.7851709628145
460	564.979	-9.16701946764992
460	569.664	-16.7893898569045
460	574.351	-15.7479179439942
460	579.04	-29.3875308493469
460	583.732	-8.42571667525316
460	588.426	-10.5430819470891
460	593.121	-27.9661901865172
460	597.819	-11.533711996287
460	602.519	-7.04497024518369
460	607.221	-20.2595427154694
460	611.924	-13.2772712646765
460	616.63	-25.0364272192639
460	621.338	-5.11964349212441
460	626.047	-13.2916905904755
460	630.758	9.70266626681514
460	635.471	-12.9733938218683
460	640.186	-1.69530821828339
460	644.903	-8.95467256330737
460	649.621	-9.08133933190568
460	654.341	-7.84882321113766
460	659.063	-13.0596121838778
460	663.787	1.20412760044589
460	668.512	4.85335588258305
460	673.238	0.813862507071413
460	677.967	-6.55791645129345
460	682.696	12.6402802323495
460	687.428	-2.5039612116662
460	692.16	-4.82530322411344
460	696.895	-5.70295576272014
460	701.63	7.45507380571235
460	706.367	9.0532220409034
460	711.106	-8.27749523957444
460	715.845	-20.0518552624596
460	720.586	-6.62717074819312
460	725.329	-8.9442158112649
460	730.072	-0.224937269435556
460	734.817	-8.15725277306058
460	739.563	-1.37527095977148
460	744.31	-5.79185885846299
460	749.058	3.74455441922256
460	753.808	7.87202988201146
460	758.558	8.74372356796357
460	763.31	4.70717750206002
460	768.062	-10.5026085499389
460	772.815	-2.99887502794422
460	777.57	-4.84482202737456
460	782.325	-10.8748005511699
460	787.081	-3.72211138828736
460	791.838	0.265599872631652
460	796.596	-1.08223794453271
460	801.355	5.83931219844821
460	806.114	-11.9121757089335
460	810.875	-0.233566224643328
460	815.635	11.2113701613259
460	820.397	-14.4815309371628
460	825.159	-3.50361267049945
455	248.336	0.542287498863725
455	252.814	-19.4858649140587
455	257.296	-6.42121127418755
455	261.781	1.29624500085153
455	266.271	-32.498918533853
455	270.764	2.32480913904022
455	275.26	-19.4871153266138
455	279.76	2.21182152823428
455	284.264	-21.9350120060395
455	288.772	11.643025945017
455	293.283	-5.44639709858024
455	297.797	-1.05721351409457
455	302.315	1.29687391360103
455	306.837	1.54905467899427
455	311.362	4.89583358157912
455	315.89	28.5876213521522
455	320.422	-25.023299452688
455	324.958	-5.05616891839875
455	329.496	-3.251743999009
455	334.038	-19.0747670007078
455	338.584	-9.24895654696864
455	343.133	8.15254458529311
455	347.685	10.6402770377506
455	352.24	-6.63036858490128
455	356.799	-3.91555943144398
455	361.361	-5.91131666421596
455	365.926	6.7780604030211
455	370.495	16.2491254283305
455	375.067	4.74220329210148
455	379.641	9.67457490221612
455	384.219	1.33996759469462
455	388.801	-27.6044055718073
455	393.385	3.70284595907049
455	397.972	-4.29794371308307
455	402.562	-8.26960687015855
455	407.156	-7.51003191034316
455	411.752	-11.6513796862486
455	416.352	-14.7684457147404
455	420.954	-17.0556952778543
455	425.56	-7.3946603560491
455	430.168	-31.9874680455053
455	434.779	-31.9096229862103
455	439.393	-36.6406858923473
455	444.01	-48.443157390643
455	448.63	-199.742738790996
455	453.253	-2334.23801437394
455	457.878	-3313.23472892002
455	462.506	-617.635951361676
455	467.137	-21.4057221797642
455	471.771	-2.64022652583058
455	476.407	-10.5895452764819
455	481.047	-3.37858032110159
455	485.688	-21.1374677785721
455	490.333	-16.4403975109585
455	494.979	-21.1595414664018
455	499.629	-18.2359001453548
455	504.281	-15.8101988856026
455	508.936	-32.4050392313161
455	513.593	-10.6101063053883
455	518.252	-25.9422377120305
455	522.914	-32.0539740493452
455	527.579	-33.3286365468988
455	532.245	-3.44876939666092
455	536.915	-18.287488179005
455	541.586	-10.3696541582827
455	546.26	-31.1104826703528
455	550.936	-24.9278050124619
455	555.615	-10.2978642421536
455	560.296	-22.0411284408666
455	564.979	-21.0834832783015
455	569.664	-17.1480676171386
455	574.351	-10.8092496246833
455	579.04	-24.9892879746155
455	583.732	-15.5702995104009
455	588.426	-18.6521539840947
455	593.121	-12.099110063926
455	597.819	-3.64940744022221
455	602.519	-10.016342751243
455	607.221	-10.1037352407678
455	611.924	-1.66194726593909
455	616.63	-4.20961944622372
455	621.338	-2.7567804428713
455	626.047	-5.35702322802287
455	630.758	4.11940396740358
455	635.471	-16.8040672123871
455	640.186	-6.77331675263688
455	644.903	-7.51995189461494
455	649.621	-15.6959444790588
455	654.341	2.28078575736231
455	659.063	-8.73001805999465
455	663.787	-12.8112762837587
455	668.512	-0.233973152924493
455	673.238	-3.77530982753657
455	677.967	-9.51424091217409
455	682.696	20.20497300802
455	687.428	-7.26879495561256
455	692.16	-18.2679857885993
455	696.895	-16.6736535680248
455	701.63	-1.48030135133455
455	706.367	-3.00369617703304
455	711.106	-0.50752650109465
455	715.845	-11.7630482680021
455	720.586	-8.46610341546139
455	725.329	-1.81636663174788
455	730.072	8.08882038960235E-4
455	734.817	-16.0405633258186
455	739.563	-6.91995665949551
455	744.31	-8.87834316876052
455	749.058	11.4106793345777
455	753.808	10.8008464954168
455	758.558	-5.07297434065507
455	763.31	-1.72658547487565
455	768.062	-9.00006141030969
455	772.815	6.96266413088918
455	777.57	-2.36640855836971
455	782.325	-17.4313653457684
455	787.081	-5.24065505490767
455	791.838	4.31645530124747
455	796.596	-7.53562907773975
455	801.355	8.94552448334361
455	806.114	-8.67683990051235
455	810.875	-13.283704514907
455	815.635	11.1127551292566
455	820.397	-15.7294564100537
455	825.159	-6.23540654183506
450	248.336	-5.72105136660851
450	252.814	149.34726772563
450	257.296	-0.00500122366484845
450	261.781	9.78247341335589
450	266.271	-29.8519618092651
450	270.764	0.741537835189655
450	275.26	-28.5098902439882
450	279.76	12.9808377161843
450	284.264	-15.3664394995575
450	288.772	23.6817677725476
450	293.283	6.65956555952059
450	297.797	1.46660519941823
450	302.315	-6.33396700240084
450	306.837	-8.03006927720894
450	311.362	-20.0563052442491
450	315.89	3.71766346270756
450	320.422	3.15550673042072
450	324.958	-0.00629724318776859
450	329.496	-5.71917156628361
450	334.038	5.75603305861917
450	338.584	-2.71672695147102
450	343.133	2.11644609058309
450	347.685	-0.608572762419533
450	352.24	-15.3735984989396
450	356.799	-20.5081163374242
450	361.361	5.3185984813691
450	365.926	5.02233759332745
450	370.495	13.6911811369453
450	375.067	-0.00139045327568477
450	379.641	7.47106286801498
450	384.219	-10.0836340023682
450	388.801	-12.3263318144072
450	393.385	27.4327592513479
450	397.972	2.11685358474643
450	402.562	-3.57762977003295
450	407.156	2.01900532448122
450	411.752	-1.25377568339722
450	416.352	-6.88023172168634
450	420.954	-30.2971100255917
450	425.56	-28.0886328416315
450	430.168	-50.663183779426
450	434.779	-52.38766914224
450	439.393	-54.3421095731834
450	444.01	-313.762796421099
450	448.63	-3086.05634269991
450	453.253	-3511.55997885993
450	457.878	-572.832797715828
450	462.506	-13.4428728365979
450	467.137	-0.886506911747311
450	471.771	-13.341273223643
450	476.407	-9.06640197267568
450	481.047	-13.0048665002499
450	485.688	-27.5051461607164
450	490.333	-13.6744517769433
450	494.979	-22.0723135418019
450	499.629	-29.9072004609246
450	504.281	-20.939479998492
450	508.936	-38.1109134280524
450	513.593	-20.9165749739268
450	518.252	-13.608116842411
450	522.914	-33.4211797875278
450	527.579	-13.2234729342147
450	532.245	-17.8153830223654
450	536.915	-21.4732934398033
450	541.586	-37.5049108957825
450	546.26	-20.8484679429683
450	550.936	-22.893608870136
450	555.615	-20.3747064107862
450	560.296	-20.2516391553289
450	564.979	-8.17423670597825
450	569.664	-19.0645531513201
450	574.351	-21.4124995851108
450	579.04	-33.5018134910052
450	583.732	-11.9824270908637
450	588.426	-2.90913149524136
450	593.121	-23.5263714305964
450	597.819	-30.6572980541476
450	602.519	-7.27105485771351
450	607.221	-18.3442718745392
450	611.924	3.46573480550022
450	616.63	-18.9629675994044
450	621.338	-7.54996926042619
450	626.047	-6.66852730879194
450	630.758	12.0304064647883
450	635.471	-5.34088090302635
450	640.186	11.899445533523
450	644.903	-25.0686102459278
450	649.621	-13.9643617541517
450	654.341	-20.2526559749653
450	659.063	-14.5489736033351
450	663.787	-4.39942960386055
450	668.512	0.519366175115781
450	673.238	-23.3647140097967
450	677.967	-24.8516895052219
450	682.696	13.3665039393751
450	687.428	-1.34406767433688
450	692.16	-0.00151631634140648
450	696.895	-21.8008584221798
450	701.63	-1.37631616902781
450	706.367	1.39092882411627
450	711.106	3.08978647190352
450	715.845	-8.24447348440343
450	720.586	-8.26293522184118
450	725.329	-19.9027808241964
450	730.072	-12.1905131919733
450	734.817	2.91774705712585
450	739.563	7.98458265703157
450	744.31	13.7516030684741
450	749.058	0.604454883049338
450	753.808	-13.8480983627294
450	758.558	-4.07593963631096
450	763.31	24.9252064018237
450	768.062	-15.8060605254873
450	772.815	13.8584354291848
450	777.57	-10.2023073191634
450	782.325	-14.02819334198
450	787.081	4.4565828644847
450	791.838	14.3913582772816
450	796.596	-17.4574630388161
450	801.355	20.7885955365463
450	806.114	-11.7515803986557
450	810.875	-27.1164475122442
450	815.635	0.310152927760276
450	820.397	-26.5111662433783
450	825.159	5.72223307567123
445	248.336	2.14309439198042
445	252.814	-26.5491894814578
445	257.296	-8.47160566436224
445	261.781	0.85832836137046
445	266.271	-9.18196041745048
445	270.764	11.8113122699563
445	275.26	-2.99817629257315
445	279.76	18.7371591195943
445	284.264	-32.0946261760517
445	288.772	14.2349166995819
445	293.283	0.359378408868474
445	297.797	37.8923890840754
445	302.315	-0.680957893594622
445	306.837	4.42463614294897
445	311.362	-7.13966457195667
445	315.89	15.9618456733161
445	320.422	0.681179819161191
445	324.958	-1.40321172947792
445	329.496	-10.7111690867491
445	334.038	-6.10849433157522
445	338.584	-15.4197369910483
445	343.133	7.52449505034029
445	347.685	11.8697218657909
445	352.24	-16.0424635324833
445	356.799	-42.028793025558
445	361.361	1.85757378685972
445	365.926	-6.70090199291242
445	370.495	-25.8545942901558
445	375.067	-14.3563777592683
445	379.641	-3.89993250788056
445	384.219	-20.7605870873225
445	388.801	-17.6901575964455
445	393.385	13.0181779973172
445	397.972	-17.0115364875203
445	402.562	-7.87518650531452
445	407.156	0.908686013611742
445	411.752	-22.149746543747
445	416.352	-29.0587626195869
445	420.954	-50.116461062455
445	425.56	-57.5530580003998
445	430.168	-72.0879633417514
445	434.779	-59.5951664792339
445	439.393	-582.280786302502
445	444.01	-4159.54023658099
445	448.63	-4103.04565652412
445	453.253	-633.185928185912
445	457.878	-28.8886853456548
445	462.506	-4.08490514718004
445	467.137	-22.9913600652013
445	471.771	-22.066426716243
445	476.407	-6.23483772203934
445	481.047	-34.04441511703
445	485.688	-39.3320078122837
445	490.333	-38.3930161963941
445	494.979	-26.9119077020155
445	499.629	-38.4418726789265
445	504.281	-35.25470396578
445	508.936	-34.0858422507227
445	513.593	-28.229493941935
445	518.252	-29.292647609564
445	522.914	-13.2889276735318
445	527.579	1.06179809690889
445	532.245	2.01046904515857
445	536.915	-30.124816996221
445	541.586	-30.233948645385
445	546.26	-14.7144495177016
445	550.936	-20.8591890191177
445	555.615	-27.186839604287
445	560.296	-24.2689250200657
445	564.979	-10.201099172948
445	569.664	-20.2999909099643
445	574.351	-23.3250551390592
445	579.04	-35.5665078647037
445	583.732	-8.42344003988378
445	588.426	-16.9286979848491
445	593.121	-26.3218096335214
445	597.819	-5.61783541926858
445	602.519	-21.5634267367653
445	607.221	-10.6066833213416
445	611.924	-5.21635692098943
445	616.63	-18.603300680501
445	621.338	-13.7129396530518
445	626.047	-29.6683603626929
445	630.758	2.28560043710108
445	635.471	-16.9786287031905
445	640.186	6.34523476224615
445	644.903	-24.4964518046097
445	649.621	-9.16670466695308
445	654.341	-6.30571497873455
445	659.063	-28.4694747711817
445	663.787	-3.68665194647137
445	668.512	2.47585907144834
445	673.238	-11.830045599374
445	677.967	-18.1928700303983
445	682.696	15.2244684347677
445	687.428	-0.318460531404129
445	692.16	6.42096837851429
445	696.895	-15.5181011274059
445	701.63	23.1480861795833
445	706.367	6.59647824013529
445	711.106	2.33390091890004
445	715.845	-25.6324172359185
445	720.586	-2.03035479679916
445	725.329	-21.9057479222467
445	730.072	-18.9409179394555
445	734.817	-17.6873659728033
445	739.563	-16.490285151139
445	744.31	2.83537405716454
445	749.058	3.22362262140721
445	753.808	2.92234998543368
445	758.558	23.0487836527826
445	763.31	-8.7229701378435
445	768.062	-29.4704946355237
445	772.815	12.624254436501
445	777.57	-26.9299477368685
445	782.325	11.4943636959237
445	787.081	0.411040011747289
445	791.838	-3.65933665117721
445	796.596	-19.4617653071498
445	801.355	20.3804970338639
445	806.114	-5.00369098266008
445	810.875	-21.8062435255732
445	815.635	6.79185316138766
445	820.397	-18.2343166733204
445	825.159	0.358558226314431
440	248.336	-12.3721536917424
440	252.814	-40.4132818726746
440	257.296	23.9910346267936
440	261.781	12.1723973919404
440	266.271	-25.2191425840804
440	270.764	8.25845361757474
440	275.26	0.449138932961635
440	279.76	17.0289741186551
440	284.264	-4.15566034965001
440	288.772	11.7860686106365
440	293.283	-24.1013211448844
440	297.797	-3.64563452207926
440	302.315	-2.14753701815106
440	306.837	-3.92592367048771
440	311.362	3.20807120629623
440	315.89	1.78044787959063
440	320.422	-29.959785205809
440	324.958	-13.6172132773114
440	329.496	5.61654926252858
440	334.038	-11.3052919843819
440	338.584	-7.14316477759102
440	343.133	29.2981080222619
440	347.685	3.01732334152156
440	352.24	-20.6476855449473
440	356.799	1.54651138327827
440	361.361	3.50388462851221
440	365.926	2.34296716065642
440	370.495	21.6906717621809
440	375.067	1.54402671239631
440	379.641	-3.346492766739
440	384.219	-0.738032548608829
440	388.801	-20.3324638535357
440	393.385	-1.36535511223281
440	397.972	-15.8593489752499
440	402.562	-8.57701100801964
440	407.156	-30.8722447435237
440	411.752	-27.2653762133813
440	416.352	-58.8540512838499
440	420.954	-79.773306015265
440	425.56	-67.1242455069605
440	430.168	-79.3644134331429
440	434.779	-794.281980610009
440	439.393	-4666.74324363317
440	444.01	-3733.66332225328
440	448.63	-393.513293774219
440	453.253	-27.0634253541467
440	457.878	-7.85146886377705
440	462.506	-34.6337744845564
440	467.137	-23.0600306403164
440	471.771	-27.6195062027792
440	476.407	-21.9967638701249
440	481.047	-35.1895754098198
440	485.688	-42.0385796665086
440	490.333	-27.716536264066
440	494.979	-43.3912319112755
440	499.629	-36.6777046997251
440	504.281	-27.3414904253066
440	508.936	-42.4863447813353
440	513.593	-13.1369284100672
440	518.252	-35.881334642713
440	522.914	-11.7226431325466
440	527.579	-32.3554786531427
440	532.245	-25.236386673886
440	536.915	-23.3918026148721
440	541.586	-8.31931575100993
440	546.26	-30.6127544103538
440	550.936	-35.3241461688677
440	555.615	-25.8715332975684
440	560.296	-26.5135392545977
440	564.979	-19.5304189602847
440	569.664	-12.6663233602147
440	574.351	-22.0161227460475
440	579.04	-40.0405993892579
440	583.732	-17.1125541383174
440	588.426	-8.32292426612019
440	593.121	-16.17142480594
440	597.819	-12.0617119219575
440	602.519	-16.1143201036012
440	607.221	-15.9744368434165
440	611.924	-13.535993680305
440	616.63	-25.6265059451948
440	621.338	-0.880485033265558
440	626.047	-11.5564496905925
440	630.758	9.88339728750817
440	635.471	-11.1665801173203
440	640.186	-13.0017011063
440	644.903	-14.0675865567059
440	649.621	-13.0262555887178
440	654.341	-18.8979281981289
440	659.063	-27.3147329046392
440	663.787	-12.5626275564055
440	668.512	18.8265304399626
440	673.238	-10.4497252664506
440	677.967	-32.5656298060449
440	682.696	18.9588395426437
440	687.428	-3.01446472438625
440	692.16	-22.8990463320628
440	696.895	-18.6471408027581
440	701.63	1.70941085247562
440	706.367	-10.3797502443891
440	711.106	13.6361037273489
440	715.845	-14.147728134894
440	720.586	-33.6850056061024
440	725.329	-17.5867043870232
440	730.072	-2.5280439379458
440	734.817	-9.82010375076076
440	739.563	-19.8679399974624
440	744.31	3.7186551920598
440	749.058	-2.25386381770875
440	753.808	-4.21190922502203
440	758.558	-16.7638130403698
440	763.31	-0.795359136558007
440	768.062	-19.6677211143711
440	772.815	25.271011004889
440	777.57	-4.91171348052684
440	782.325	-5.81849876132579
440	787.081	-10.6690808020598
440	791.838	-9.37948392915784
440	796.596	9.12030469446362
440	801.355	20.9952132812222
440	806.114	-6.37363655500902
440	810.875	-25.8691206347233
440	815.635	12.3722796481273
440	820.397	-17.2460416673381
440	825.159	-4.87393157588285
435	248.336	6.21589195685509
435	252.814	-35.0344476288573
435	257.296	-30.7637436184321
435	261.781	18.0267731311419
435	266.271	-42.4829691331176
435	270.764	11.6337741069996
435	275.26	16.6440041114087
435	279.76	1.27754449872687
435	284.264	-0.405345635939485
435	288.772	18.7743702318374
435	293.283	-6.61083383441652
435	297.797	7.82216141601469
435	302.315	-17.8013569668987
435	306.837	3.48087758592784
435	311.362	-7.99569176655691
435	315.89	9.72398304227629
435	320.422	-25.392519865747
435	324.958	3.58925579230308
435	329.496	17.8936962889566
435	334.038	-2.20511707754124
435	338.584	16.1332169529231
435	343.133	14.2866956918534
435	347.685	7.35666861671211
435	352.24	-6.71239071286821
435	356.799	-25.2631734196572
435	361.361	-20.1235049031405
435	365.926	2.28501080841865
435	370.495	15.1101382480503
435	375.067	10.5406289982949
435	379.641	-7.61540981441311
435	384.219	-9.35695079833765
435	388.801	-18.0901791286093
435	393.385	-22.6362721618472
435	397.972	-1.61151748827155
435	402.562	-38.7260248611838
435	407.156	-51.6150709165138
435	411.752	-69.8006297636836
435	416.352	-68.9969729634004
435	420.954	-62.3571293451624
435	425.56	-73.7545176877886
435	430.168	-835.713148091258
435	434.779	-4467.9559358359
435	439.393	-3328.05652757417
435	444.01	-351.413291516226
435	448.63	-27.2393564070294
435	453.253	-14.9300161002942
435	457.878	-21.6509385237273
435	462.506	-18.5906227101106
435	467.137	-22.2311678006291
435	471.771	-5.38748619360612
435	476.407	-25.5389087488742
435	481.047	-38.1325262022279
435	485.688	-47.1104794713812
435	490.333	-28.5610751748449
435	494.979	-30.8463605421511
435	499.629	-45.9183881007457
435	504.281	-26.4124198472295
435	508.936	-57.3545903573279
435	513.593	-13.5673078691748
435	518.252	-12.7491308428956
435	522.914	-50.9389262861218
435	527.579	-46.4613863173585
435	532.245	-31.0756568351575
435	536.915	-27.3256555921887
435	541.586	-56.0329462804667
435	546.26	-27.8141874474333
435	550.936	-40.6206610593728
435	555.615	-17.2502600645335
435	560.296	-37.7522446797054
435	564.979	-14.3507747058916
435	569.664	-22.8662335355681
435	574.351	-31.8097309288704
435	579.04	-33.1658973136514
435	583.732	-13.1899510272145
435	588.426	-11.6344305252013
435	593.121	-32.0866249129917
435	597.819	-15.5933001257241
435	602.519	-12.6828697951644
435	607.221	0.556331534609612
435	611.924	13.4819306382558
435	616.63	-16.756432323044
435	621.338	-14.311747166961
435	626.047	-17.628328619451
435	630.758	-9.05488051292853
435	635.471	-20.3091242028501
435	640.186	14.7442007819847
435	644.903	-22.0707900840287
435	649.621	-9.07435094772504
435	654.341	-2.15026740282045
435	659.063	-25.709918615763
435	663.787	-17.9067243486342
435	668.512	-11.7130181644369
435	673.238	-0.637002884476643
435	677.967	-32.4017544521539
435	682.696	3.2438810841046
435	687.428	2.28653632850267
435	692.16	-3.61261116247175
435	696.895	5.2904321958619
435	701.63	7.33557074285015
435	706.367	2.69945436112197
435	711.106	-8.18399173738967
435	715.845	-25.8707896550986
435	720.586	-7.60782518104882
435	725.329	-12.6012860437106
435	730.072	6.69207341433493
435	734.817	-6.03011208569714
435	739.563	-19.3765112421592
435	744.31	11.6052748460575
435	749.058	-5.86188806597222
435	753.808	-8.58880578044408
435	758.558	-8.36469045589809
435	763.31	0.775562366836317
435	768.062	-20.7470557438872
435	772.815	-1.95600713140278
435	777.57	-25.1483455295571
435	782.325	-4.05321805769628
435	787.081	-24.9724572826074
435	791.838	-4.57378852090778
435	796.596	-2.96503527722795
435	801.355	16.8194762906617
435	806.114	-23.4010978937971
435	810.875	-19.0133732932574
435	815.635	-16.0881558074042
435	820.397	-24.8635703061579
435	825.159	23.4010978937971
430	248.336	10.6355032535023
430	252.814	-30.1456841239943
430	257.296	14.7061499225496
430	261.781	5.97092055056396
430	266.271	-0.428233843670056
430	270.764	-3.4779914142219
430	275.26	25.0567478094205
430	279.76	9.08478275297727
430	284.264	-20.8255290433534
430	288.772	7.80603859213017
430	293.283	-23.142325605764
430	297.797	21.3818585900543
430	302.315	-24.0338743751863
430	306.837	-2.36124093100539
430	311.362	-23.9239559367212
430	315.89	14.1399953084929
430	320.422	-13.1476068936317
430	324.958	16.0036296315617
430	329.496	-12.7429675480481
430	334.038	-4.64355367025464
430	338.584	0.362173082029051
430	343.133	16.6862941536369
430	347.685	5.70453701742434
430	352.24	-20.2579644025159
430	356.799	-21.203985330945
430	361.361	2.20554124928664
430	365.926	-11.4457612678552
430	370.495	9.1533372485364
430	375.067	-7.30122405254845
430	379.641	7.03600126125404
430	384.219	-10.1225386811304
430	388.801	-23.280145663239
430	393.385	0.616764415390335
430	397.972	-40.0661756065062
430	402.562	-56.5774244462223
430	407.156	-85.0189798353709
430	411.752	-97.3768075758916
430	416.352	-65.0063158297871
430	420.954	-80.3957852960101
430	425.56	-1233.46717459187
430	430.168	-5399.66216303138
430	434.779	-3307.50003072049
430	439.393	-247.298328263554
430	444.01	-33.9022924527467
430	448.63	-11.555190574815
430	453.253	-11.9276256069151
430	457.878	-17.953514046276
430	462.506	-34.0504120129978
430	467.137	-49.658852450424
430	471.771	-46.7885055913802
430	476.407	-40.1411177381484
430	481.047	-33.794156783742
430	485.688	-38.2971437136943
430	490.333	-40.5791080513813
430	494.979	-48.2915488406967
430	499.629	-31.722634676583
430	504.281	-48.4182445255445
430	508.936	-52.0555190129701
430	513.593	-40.608746083178
430	518.252	-32.2815329427091
430	522.914	-51.104512833784
430	527.579	-53.5044376041462
430	532.245	-23.6377512947556
430	536.915	-41.3286698996719
430	541.586	-37.6249098340052
430	546.26	-30.9358461044611
430	550.936	-30.6685032132491
430	555.615	-28.9629422078577
430	560.296	-30.591976393511
430	564.979	-19.9956497975472
430	569.664	-30.5857514232537
430	574.351	-38.0352982828262
430	579.04	-28.790314265674
430	583.732	-23.4844526569002
430	588.426	-14.1670461490996
430	593.121	-24.5160781126288
430	597.819	-9.28853090579751
430	602.519	-16.8477664343964
430	607.221	-6.20987765785599
430	611.924	2.7152991924952
430	616.63	-17.3565863260429
430	621.338	-3.88610815678123
430	626.047	-13.7278398430634
430	630.758	-15.0151621141045
430	635.471	-15.1300866035736
430	640.186	0.846521257536697
430	644.903	-26.3102796934294
430	649.621	-1.47931787771416
430	654.341	-23.535723181387
430	659.063	-17.4227210463383
430	663.787	10.3542350083592
430	668.512	-1.2250900701879
430	673.238	-5.57227638519408
430	677.967	-13.6911256738828
430	682.696	17.9280526217141
430	687.428	-2.53595385267507
430	692.16	-11.4554686484494
430	696.895	-12.82876389141
430	701.63	-3.88479456007566
430	706.367	-4.58217753208216
430	711.106	10.9056254056476
430	715.845	-12.3776333466371
430	720.586	-5.69931196266259
430	725.329	-27.8287140843669
430	730.072	-3.76121122114977
430	734.817	-15.1353499997284
430	739.563	2.0858997416485
430	744.31	-11.9551785339707
430	749.058	-9.58993225638947
430	753.808	7.59607693930632
430	758.558	-5.52722558552648
430	763.31	11.2749358464666
430	768.062	-1.5140553453063
430	772.815	-15.1648825053082
430	777.57	-26.3245286783799
430	782.325	-16.5017158888473
430	787.081	-14.5376569624025
430	791.838	-14.5165886938736
430	796.596	4.91806085424155
430	801.355	-2.48590361111374
430	806.114	-2.83158559612948
430	810.875	-18.4375839743195
430	815.635	6.03614480610156
430	820.397	-8.50787776378596
430	825.159	-3.5397444146698
425	248.336	4.90263613703137
425	252.814	-32.3503712652218
425	257.296	19.5424141408518
425	261.781	-25.7409548351766
425	266.271	2.57515435695762
425	270.764	7.29754185877602
425	275.26	4.2075379687377
425	279.76	-18.8014712437748
425	284.264	-17.8981431517439
425	288.772	12.1391023712452
425	293.283	-2.11308327283704
425	297.797	-3.40542208465073
425	302.315	6.6945768378129
425	306.837	7.02001910020871
425	311.362	-33.0204850196539
425	315.89	25.6580744927533
425	320.422	-15.68654924707
425	324.958	5.15796719857717
425	329.496	-5.95650604380036
425	334.038	-11.9859538134355
425	338.584	-16.1788369285889
425	343.133	1.04871980430445
425	347.685	15.1781569868549
425	352.24	-7.88077563311995
425	356.799	-50.2966511823741
425	361.361	2.5398673234114
425	365.926	-5.48992188399948
425	370.495	18.1135034617285
425	375.067	13.7238774893352
425	379.641	-2.4373869238459
425	384.219	-24.5300532545454
425	388.801	-35.4143247291696
425	393.385	-25.3020371389646
425	397.972	-56.0727267956206
425	402.562	-85.4315298648887
425	407.156	-73.5234096164418
425	411.752	-81.0074886590549
425	416.352	-79.7797130619928
425	420.954	-1467.35483661384
425	425.56	-5130.75300920331
425	430.168	-2721.38344727872
425	434.779	-147.307600745679
425	439.393	-12.0566879837758
425	444.01	-29.3042118506662
425	448.63	-30.3065423737283
425	453.253	-13.0765453697171
425	457.878	-28.9117639281726
425	462.506	-26.6599924575987
425	467.137	-40.9576425445594
425	471.771	-38.6763031692511
425	476.407	-48.3036351742331
425	481.047	-48.3275836920393
425	485.688	-63.336164499849
425	490.333	-28.2666815526271
425	494.979	-40.6519432803044
425	499.629	-32.4992617652287
425	504.281	-44.8457363023704
425	508.936	-51.9751350514043
425	513.593	-27.2733614529451
425	518.252	-56.140814666354
425	522.914	-63.680875477641
425	527.579	-59.619768933113
425	532.245	-42.7124421038376
425	536.915	-32.479984044571
425	541.586	-56.4616612684802
425	546.26	-49.7129928345979
425	550.936	-42.4455327857732
425	555.615	-31.3802032193258
425	560.296	-27.3042380438898
425	564.979	-34.3114820707965
425	569.664	-34.3088701864147
425	574.351	-25.4378287300096
425	579.04	-31.0601862234507
425	583.732	-17.8216606680462
425	588.426	-22.5993340309598
425	593.121	-26.0969479968546
425	597.819	-16.5432872363
425	602.519	-23.2859700237588
425	607.221	-21.0962736827085
425	611.924	-12.9414877574293
425	616.63	-20.7191339862152
425	621.338	-22.5216304054908
425	626.047	-13.3098617979625
425	630.758	-5.89136893712615
425	635.471	-15.8201071017919
425	640.186	0.277119765320812
425	644.903	-2.00312120915616
425	649.621	-11.324613464082
425	654.341	-6.48614242211267
425	659.063	-21.7024987236896
425	663.787	-11.4591697939786
425	668.512	-0.609479976630024
425	673.238	-26.293300453303
425	677.967	-17.2411408378952
425	682.696	-8.40546130809053
425	687.428	1.25286084592373
425	692.16	-27.7275823876482
425	696.895	-5.7122307095635
425	701.63	12.4775391037514
425	706.367	-5.50188839010702
425	711.106	3.27705280495529
425	715.845	-26.4797797797052
425	720.586	-32.1891674671084
425	725.329	-7.05483359946726
425	730.072	-25.0082366149235
425	734.817	-34.3811453351038
425	739.563	4.48043662078458
425	744.31	18.7970537101193
425	749.058	9.13576389426921
425	753.808	-0.365517342649921
425	758.558	4.00211773943102
425	763.31	12.2703251264293
425	768.062	-12.0253333845346
425	772.815	-6.37822096921933
425	777.57	-25.2835818663362
425	782.325	-8.55464417782207
425	787.081	-6.80022656169939
425	791.838	-4.78738807130973
425	796.596	-0.817838550569473
425	801.355	4.20438780459638
425	806.114	-0.00469383054367256
425	810.875	-20.3451190473767
425	815.635	-11.2242176937068
425	820.397	-21.4059607988936
425	825.159	12.2807737738578
420	248.336	-10.7588200205765
420	252.814	-5.3265781063895
420	257.296	-14.9477798769148
420	261.781	-4.90451773273569
420	266.271	-29.9438683557998
420	270.764	-4.5339939690247
420	275.26	-19.108803443032
420	279.76	-1.29166102022962
420	284.264	-11.9308281301947
420	288.772	27.9898331040184
420	293.283	-17.8875334821098
420	297.797	9.02332069501392
420	302.315	14.8688459554339
420	306.837	-6.00188957242895
420	311.362	-17.9898194827013
420	315.89	-1.76139616811914
420	320.422	6.34920254260507
420	324.958	12.7435057855022
420	329.496	-19.2637456440248
420	334.038	-8.20758034814834
420	338.584	2.24131256740394
420	343.133	24.5246005292801
420	347.685	20.5176163190292
420	352.24	-21.5728490060011
420	356.799	-31.7579786636382
420	361.361	-9.24997018148726
420	365.926	5.79231045947018
420	370.495	7.28139430208615
420	375.067	-11.0745934413652
420	379.641	-7.73904690068832
420	384.219	-14.2766191550265
420	388.801	-60.0765314481745
420	393.385	-62.9211784841114
420	397.972	-104.075316881086
420	402.562	-126.466905745892
420	407.156	-172.19787603531
420	411.752	-187.501694166209
420	416.352	-3156.44089724467
420	420.954	-5047.27192587906
420	425.56	-3765.57736768876
420	430.168	-162.787492162387
420	434.779	-13.3909467940205
420	439.393	-17.7962042816388
420	444.01	-42.6814299437838
420	448.63	-18.9067461234365
420	453.253	-30.0550329864869
420	457.878	-42.0808308428004
420	462.506	-44.1203887283178
420	467.137	-50.908332804192
420	471.771	-53.637922298157
420	476.407	-54.439861617134
420	481.047	-49.3283129176156
420	485.688	-52.6281832006334
420	490.333	-53.8646211543011
420	494.979	-33.4020670250795
420	499.629	-51.1151301005279
420	504.281	-43.0797860457652
420	508.936	-70.7756145577192
420	513.593	-44.3648637637591
420	518.252	-48.4480460586343
420	522.914	-62.5345830615597
420	527.579	-66.8146803113071
420	532.245	-28.511533209785
420	536.915	-38.9269406604189
420	541.586	-50.6939941946709
420	546.26	-38.3257339631281
420	550.936	-40.1757378415805
420	555.615	-34.4870374013786
420	560.296	-24.9315871051495
420	564.979	-21.980936480392
420	569.664	-35.474387965964
420	574.351	-37.1207101619249
420	579.04	-42.0672913240873
420	583.732	-20.48666673406
420	588.426	-19.2243842599782
420	593.121	-17.3837202213627
420	597.819	-17.7667941246366
420	602.519	-24.3418043128828
420	607.221	-20.8951261301116
420	611.924	-10.8374678860329
420	616.63	-8.3635977829512
420	621.338	0.286965713297527
420	626.047	-13.4895480500598
420	630.758	-5.63682594248885
420	635.471	-16.7262311887372
420	640.186	-8.98237193613593
420	644.903	-28.4414988872435
420	649.621	-28.550713641275
420	654.341	-25.8721073962266
420	659.063	-16.0272436340407
420	663.787	-7.33769561314658
420	668.512	2.24543200750091
420	673.238	-25.5349622625513
420	677.967	-25.3919868866436
420	682.696	4.60698156205538
420	687.428	-12.5909799336887
420	692.16	-12.6608771866446
420	696.895	-21.8101831901087
420	701.63	10.4845933579772
420	706.367	-1.37104889243092
420	711.106	6.9234681988967
420	715.845	-35.3504180005091
420	720.586	-13.6830672893537
420	725.329	-7.103847654885
420	730.072	-11.0796597456826
420	734.817	-0.72582495119466
420	739.563	-28.0311570360549
420	744.31	9.203077059523
420	749.058	9.28985634242988
420	753.808	7.95235406816336
420	758.558	10.4122792477461
420	763.31	-9.05263729104139
420	768.062	-12.7112534595871
420	772.815	19.8466366795745
420	777.57	-27.549358511064
420	782.325	-10.2817400504264
420	787.081	-1.28152292733868
420	791.838	-29.9549548658315
420	796.596	-4.73557360701509
420	801.355	32.2768058465943
420	806.114	-2.59940089797623
420	810.875	-19.6666058653767
420	815.635	-2.22089522606682
420	820.397	-21.5166026865588
420	825.159	4.08334030238009
415	248.336	-14.8326493953887
415	252.814	-28.0482410864799
415	257.296	-6.0125929417395
415	261.781	-1.87739169341304
415	266.271	-43.9179892505919
415	270.764	-9.07603372843051
415	275.26	6.54723071257781
415	279.76	-4.09098848155077
415	284.264	-22.4932087138894
415	288.772	17.9940522583274
415	293.283	-4.70289032630479
415	297.797	-3.79355058570934
415	302.315	5.21886492143099
415	306.837	20.4351443255531
415	311.362	-0.370701532114541
415	315.89	5.55980126112474
415	320.422	-1.11535397912258
415	324.958	-4.97916196931415
415	329.496	-5.45590003020859
415	334.038	-9.02274803159621
415	338.584	16.4349033377064
415	343.133	2.73721947309245
415	347.685	9.42631791746645
415	352.24	-15.9185990239487
415	356.799	-34.2112102941038
415	361.361	-8.10102164960097
415	365.926	-2.43621253697697
415	370.495	-4.83652696907039
415	375.067	-8.02965003145404
415	379.641	-31.7256897960898
415	384.219	-63.3471941162968
415	388.801	-103.930051041336
415	393.385	-82.7441503830051
415	397.972	-144.069393648965
415	402.562	-191.75430645825
415	407.156	-271.7681235166
415	411.752	-4110.11825038398
415	416.352	-4325.2110845713
415	420.954	-3187.74583527034
415	425.56	-126.226270000137
415	430.168	5.70786650174745
415	434.779	-18.7992842847861
415	439.393	-30.5416788798532
415	444.01	-39.5814381043848
415	448.63	-59.8693853334409
415	453.253	-37.2709801700865
415	457.878	-46.7763652709437
415	462.506	-35.2087693466146
415	467.137	-48.8312394756091
415	471.771	-58.8594644348502
415	476.407	-35.9343068759687
415	481.047	-38.1474549780362
415	485.688	-65.9051856411972
415	490.333	-45.0801056504936
415	494.979	-68.8083252663377
415	499.629	-68.7701100600225
415	504.281	-67.764078513005
415	508.936	-72.8118902458736
415	513.593	-59.7861398202449
415	518.252	-57.0911346016008
415	522.914	-69.7551980771277
415	527.579	-70.0127502634264
415	532.245	-35.0280862177624
415	536.915	-42.5469396210636
415	541.586	-56.8305193550647
415	546.26	-40.5836610548392
415	550.936	-39.5160181973502
415	555.615	-23.3586205299817
415	560.296	-46.3693315750195
415	564.979	-21.1665546862116
415	569.664	-32.5431299589541
415	574.351	-37.9169351826408
415	579.04	-37.6873837275577
415	583.732	-22.1255838780229
415	588.426	-25.1247017048277
415	593.121	-19.7377664411682
415	597.819	-23.3587521688562
415	602.519	-22.3648605233059
415	607.221	-7.7191864722484
415	611.924	-24.2830158246321
415	616.63	-18.1879508419304
415	621.338	-13.4423924318102
415	626.047	-20.6668840042014
415	630.758	1.5604929584688
415	635.471	-15.7071889222243
415	640.186	0.00232091872515205
415	644.903	-30.2498271015322
415	649.621	-17.4341676459082
415	654.341	-15.409375052009
415	659.063	-11.5716443904604
415	663.787	-25.149459265241
415	668.512	13.856490930944
415	673.238	-16.3141230764888
415	677.967	-18.1481770781911
415	682.696	16.9671371319178
415	687.428	17.4335860976217
415	692.16	-12.974032231492
415	696.895	-25.0593160013508
415	701.63	3.20592390515388
415	706.367	-9.36453394126653
415	711.106	1.8200096657816
415	715.845	-30.5613631583445
415	720.586	-15.5029169643403
415	725.329	-16.8166755275442
415	730.072	18.049611839235
415	734.817	-37.8614502691095
415	739.563	-1.91427208970891
415	744.31	27.4845468030882
415	749.058	30.1122994835067
415	753.808	15.5500363594942
415	758.558	14.2051777478563
415	763.31	24.8409400130937
415	768.062	-17.968918234022
415	772.815	14.1962300567868
415	777.57	-1.27583230410782
415	782.325	-16.4397703487303
415	787.081	-18.2137956308003
415	791.838	-13.7606013015815
415	796.596	-19.440720996687
415	801.355	21.0758270579613
415	806.114	-12.0977423610034
415	810.875	-24.1973780232233
415	815.635	5.85585214325803
415	820.397	-21.0762814502533
415	825.159	-1.55255855535091
410	248.336	3.00014735356449
410	252.814	-69.2362140975426
410	257.296	8.6221784672039
410	261.781	-3.08963927785311
410	266.271	-27.2338223791498
410	270.764	-19.3883303358907
410	275.26	-3.07109099273787
410	279.76	6.97690442034891
410	284.264	-13.7683927381554
410	288.772	12.5669578010465
410	293.283	-18.496656076764
410	297.797	-0.834143346834271
410	302.315	2.03635195451527
410	306.837	-12.2224455254554
410	311.362	-22.7940687812933
410	315.89	12.199026877621
410	320.422	6.51604829385828
410	324.958	-34.88957484817
410	329.496	-41.0622070080518
410	334.038	1.72089888148187
410	338.584	-15.0244294304252
410	343.133	10.7172530400236
410	347.685	4.29974215121874
410	352.24	-15.7341117712955
410	356.799	-33.1230276006215
410	361.361	-12.0128150569083
410	365.926	5.78518917866925
410	370.495	-21.2583894353356
410	375.067	-34.8831607872966
410	379.641	-65.0767827070421
410	384.219	-122.785441268693
410	388.801	-117.870162688749
410	393.385	-108.108552145742
410	397.972	-73.3345605422795
410	402.562	-171.880923909448
410	407.156	-2927.3514780988
410	411.752	-4330.99273036893
410	416.352	-1941.81270035008
410	420.954	-38.4019987716852
410	425.56	-34.8589693104272
410	430.168	-14.4787523351878
410	434.779	-9.20202384306498
410	439.393	-4.25506758859221
410	444.01	-39.9284104273235
410	448.63	-39.1914282704805
410	453.253	-49.9751999439021
410	457.878	-54.7510565891652
410	462.506	-65.6452056681585
410	467.137	-36.3963882123024
410	471.771	-45.8532633783363
410	476.407	-31.1500911322956
410	481.047	-41.7142223865584
410	485.688	-91.4218832574553
410	490.333	-65.7487184819347
410	494.979	-67.4987965586046
410	499.629	-75.7799265838162
410	504.281	-66.935842429994
410	508.936	-72.5025065635266
410	513.593	-45.6100303131851
410	518.252	-43.3291801397594
410	522.914	-65.4871175596772
410	527.579	-55.0032229369973
410	532.245	-40.1811432517461
410	536.915	-39.6412501772224
410	541.586	-50.7855353630744
410	546.26	-42.4392531519606
410	550.936	-37.0433392977026
410	555.615	-37.9941504818746
410	560.296	-36.3467793085821
410	564.979	-27.8122784031606
410	569.664	-33.243314655067
410	574.351	-28.2546880874039
410	579.04	-48.5538220744432
410	583.732	-14.4983933821111
410	588.426	4.11664692933714
410	593.121	-45.8576673178426
410	597.819	-13.7818974914109
410	602.519	-17.762055912936
410	607.221	-10.4295368491091
410	611.924	-1.64878983484848
410	616.63	-25.2857905340749
410	621.338	-33.19040532846
410	626.047	-7.44863504251082
410	630.758	-1.03119434170558
410	635.471	-23.0992870925694
410	640.186	-16.2342801029427
410	644.903	-39.8189408766123
410	649.621	-23.0303722200973
410	654.341	-30.226388822431
410	659.063	-34.4664392326426
410	663.787	-11.407343064917
410	668.512	14.4566110171556
410	673.238	-7.09605240665584
410	677.967	-34.194298367692
410	682.696	17.4800885779639
410	687.428	-9.56795484921952
410	692.16	-6.92149352929557
410	696.895	5.80514368508348
410	701.63	5.06890739076442
410	706.367	-14.6204363721359
410	711.106	-8.3860803659673
410	715.845	-16.1641542291455
410	720.586	5.6668433968684
410	725.329	-6.96984839105982
410	730.072	-19.3888241650848
410	734.817	-24.1012586605657
410	739.563	-12.6072772784146
410	744.31	11.4753822576125
410	749.058	7.2954163319604
410	753.808	0.438305813641816
410	758.558	12.4673162469046
410	763.31	21.340879945371
410	768.062	-32.0896474402056
410	772.815	-0.919482130624965
410	777.57	-22.436858347711
410	782.325	28.9562596302445
410	787.081	-19.993827943723
410	791.838	-12.1782302273615
410	796.596	5.94647345869373
410	801.355	13.2697888613447
410	806.114	-7.7097591483677
410	810.875	-24.8450812695271
410	815.635	-22.2948840788698
410	820.397	-70.716199358792
410	825.159	-62.1731034080552
405	248.336	-15.8291021532013
405	252.814	-30.8724198974241
405	257.296	-15.5456781972086
405	261.781	31.5410582933847
405	266.271	-16.5937178746913
405	270.764	28.2279580663416
405	275.26	1.62496533482993
405	279.76	34.7646666688663
405	284.264	-5.51571253950026
405	288.772	26.0683273131079
405	293.283	-10.4511842856984
405	297.797	15.8334107873394
405	302.315	-11.6600205671072
405	306.837	30.1446540220698
405	311.362	-19.7801850505241
405	315.89	16.7535849644691
405	320.422	5.16311229402661
405	324.958	7.98942176996143
405	329.496	-15.8103527390603
405	334.038	-15.0055372945118
405	338.584	-8.61736729018452
405	343.133	9.513718660388
405	347.685	10.914534425474
405	352.24	-8.30877636215719
405	356.799	6.99215217624326
405	361.361	-1.41661287294195
405	365.926	-12.7377392922538
405	370.495	-14.9857710140004
405	375.067	-72.2324097150358
405	379.641	-90.2313841318611
405	384.219	-146.523267512426
405	388.801	-135.188376285142
405	393.385	-80.361208986293
405	397.972	-235.345012991513
405	402.562	-3491.24320048543
405	407.156	-4483.41556621504
405	411.752	-1828.33694297233
405	416.352	-44.9477416625544
405	420.954	-7.95118055711458
405	425.56	-10.6228261672295
405	430.168	-21.8666154285289
405	434.779	-22.8516134850928
405	439.393	-41.2615066612699
405	444.01	-61.1857082079985
405	448.63	-47.0518569297844
405	453.253	-70.2525838530782
405	457.878	-55.8657820200498
405	462.506	-31.4715442411853
405	467.137	-40.747915531627
405	471.771	-24.3067052053492
405	476.407	-38.6726259138081
405	481.047	-64.8280350588445
405	485.688	-97.0343774722604
405	490.333	-89.9071329327194
405	494.979	-70.3271003131804
405	499.629	-88.1881334768544
405	504.281	-74.4564039203563
405	508.936	-87.509625031493
405	513.593	-62.457313354785
405	518.252	-71.111936828799
405	522.914	-75.6139911956828
405	527.579	-58.7031976589315
405	532.245	-43.0556722956432
405	536.915	-31.632520464842
405	541.586	-41.0900049358691
405	546.26	-35.6686592056918
405	550.936	-38.8018335132364
405	555.615	-33.4418415147976
405	560.296	-43.8223805666299
405	564.979	-30.6644148634579
405	569.664	-26.0109517361585
405	574.351	-38.0368003409008
405	579.04	-58.2302832195292
405	583.732	-22.3092179233301
405	588.426	0.667688376582184
405	593.121	-33.6356105546383
405	597.819	-15.2284214727499
405	602.519	-34.1063467673751
405	607.221	-12.0469267102232
405	611.924	-5.56079568354833
405	616.63	-10.8919642388748
405	621.338	-20.5366858725655
405	626.047	-17.1573552260285
405	630.758	5.77945506533731
405	635.471	-24.7587924498229
405	640.186	-10.944991736658
405	644.903	-48.3286029438647
405	649.621	-17.961203657482
405	654.341	-38.7576867338168
405	659.063	-36.7847532561564
405	663.787	-26.8134068437241
405	668.512	8.61185632963844
405	673.238	-14.579575845259
405	677.967	-25.3982335407731
405	682.696	-2.00526112045806
405	687.428	-4.44391863080481
405	692.16	-32.4996882004938
405	696.895	-0.409348356761986
405	701.63	-4.95042648252539
405	706.367	4.1747853814186
405	711.106	-0.424327634136475
405	715.845	-51.628419827521
405	720.586	-29.0857307339874
405	725.329	-43.2957814316176
405	730.072	-32.6768819123152
405	734.817	-17.1141396370705
405	739.563	-23.9653032201576
405	744.31	8.52532127667112
405	749.058	32.1719445699528
405	753.808	24.9407136136585
405	758.558	-6.11539104721592
405	763.31	-1.92271154649457
405	768.062	2.90310239552738
405	772.815	17.9033750187759
405	777.57	-14.8126186779837
405	782.325	-18.550736219006
405	787.081	-25.2288725188129
405	791.838	-6.68744322661951
405	796.596	-6.81500104611653
405	801.355	12.6602780102897
405	806.114	-46.151409227025
405	810.875	-61.0953797513379
405	815.635	-45.7210136260938
405	820.397	-55.2050445263648
405	825.159	-8.60381914493047
400	248.336	-12.037152675925
400	252.814	-10.1450729676197
400	257.296	-10.5658007556741
400	261.781	8.04132835456605
400	266.271	-9.26920634751133
400	270.764	7.63777784460879
400	275.26	-30.9738175771771
400	279.76	29.0755966752849
400	284.264	-18.7781711390975
400	288.772	18.219265198576
400	293.283	-26.8682403123783
400	297.797	15.6069362168733
400	302.315	-4.68175241245956
400	306.837	5.09291338389343
400	311.362	-11.0204547742128
400	315.89	20.3245341175733
400	320.422	6.36141735668277
400	324.958	14.0038435477947
400	329.496	-38.7366808294341
400	334.038	-21.5093457097612
400	338.584	-15.6469834846133
400	343.133	-4.05427746221321E-4
400	347.685	14.3514113147074
400	352.24	-33.6464887065059
400	356.799	-52.8704999241615
400	361.361	-36.575227846556
400	365.926	-45.0483610369793
400	370.495	-81.5327190513066
400	375.067	-120.267906168119
400	379.641	-96.4014682151201
400	384.219	-147.005461477732
400	388.801	-121.322213221368
400	393.385	-395.359606019677
400	397.972	-4263.55160800256
400	402.562	-4096.33631058281
400	407.156	-1394.38749486236
400	411.752	-60.0589691032455
400	416.352	-31.9124567032565
400	420.954	-36.9506809617922
400	425.56	-18.4750006057651
400	430.168	-17.7819888953313
400	434.779	-65.1497298760337
400	439.393	-47.7757210784559
400	444.01	-65.3251348339854
400	448.63	-40.4472418951936
400	453.253	-52.0133507604797
400	457.878	-33.8167343169492
400	462.506	-6.73237861406506
400	467.137	-39.7401750986941
400	471.771	-56.3146172181669
400	476.407	-61.6577809011109
400	481.047	-69.1220393878821
400	485.688	-93.4577376529547
400	490.333	-82.0843223434803
400	494.979	-82.9907294440437
400	499.629	-76.7114308801452
400	504.281	-67.5012204526785
400	508.936	-76.0886549422747
400	513.593	-67.0708009726032
400	518.252	-66.1286867850611
400	522.914	-78.4673524136925
400	527.579	-60.5875319059181
400	532.245	-42.1331257218558
400	536.915	-38.8193893867827
400	541.586	-62.1367594717886
400	546.26	-56.3140773020298
400	550.936	-52.6623166513275
400	555.615	-23.8580996082086
400	560.296	-30.8972613070886
400	564.979	-20.0428344846674
400	569.664	-22.4324165638038
400	574.351	-24.8868047426288
400	579.04	-43.6991414236974
400	583.732	-46.604681314594
400	588.426	-24.0826084935924
400	593.121	-37.1329101289466
400	597.819	-21.6806829988477
400	602.519	-39.6680512454769
400	607.221	-21.7092482721454
400	611.924	-21.9179762471653
400	616.63	-37.3984588935489
400	621.338	-9.07400119865676
400	626.047	-10.2180594218768
400	630.758	-1.06841801449919
400	635.471	-19.0205639399229
400	640.186	-4.31508016988903
400	644.903	-27.2737978438915
400	649.621	-28.7666561156476
400	654.341	-35.5802714080184
400	659.063	-49.098068611142
400	663.787	-18.0027175602643
400	668.512	-10.4212846959711
400	673.238	-23.2986596444156
400	677.967	-31.6838154205059
400	682.696	3.16400996721365
400	687.428	3.98243497627839
400	692.16	-31.2337517478811
400	696.895	-13.7073250265777
400	701.63	-8.13128978649473
400	706.367	0.411423706285152
400	711.106	0.831482450007224
400	715.845	-40.7956327509565
400	720.586	-17.2869111561433
400	725.329	-26.4607865723513
400	730.072	-3.00614092837254
400	734.817	-29.8416866544277
400	739.563	-9.62513459455347
400	744.31	9.72855215353851
400	749.058	-3.57351741507955
400	753.808	40.521386081099
400	758.558	10.1985984874515
400	763.31	7.09259453077713
400	768.062	-23.3869597419726
400	772.815	1.43043714617521
400	777.57	-28.7156921220877
400	782.325	-36.571048037781
400	787.081	-27.4036822668266
400	791.838	-3.54969335936014
400	796.596	-66.6243267731322
400	801.355	-36.5638249801531
400	806.114	-75.3492997450594
400	810.875	-58.4058855456487
400	815.635	10.6981884013924
400	820.397	4.01202451846384
400	825.159	3.56663506135309
395	248.336	-2.10439351732775
395	252.814	-3.52425073031761
395	257.296	19.420772837512
395	261.781	-14.1499730106523
395	266.271	-11.8225343197891
395	270.764	-9.25741914146542
395	275.26	1.51123622691989
395	279.76	36.2203549701534
395	284.264	6.05341727775524
395	288.772	18.5023498549586
395	293.283	-39.2619905058744
395	297.797	8.58294895100904
395	302.315	-6.42340425969693
395	306.837	-0.795082160505778
395	311.362	-17.1817152037846
395	315.89	-7.1861183683648
395	320.422	-0.801568150039254
395	324.958	-16.9202059139614
395	329.496	-21.4117374810282
395	334.038	-10.9899629803648
395	338.584	-18.1248260421063
395	343.133	-5.90510276301802
395	347.685	1.26195206628916
395	352.24	-8.15918926351359
395	356.799	-52.9083667499798
395	361.361	-48.9454070587991
395	365.926	-96.4193164811204
395	370.495	-105.634327136375
395	375.067	-126.467570808811
395	379.641	-101.40772704988
395	384.219	-82.4387986829701
395	388.801	-484.709912409696
395	393.385	-4436.34099570741
395	397.972	-2359.30472670122
395	402.562	-1190.45583246824
395	407.156	-50.9209700445853
395	411.752	-23.9942714085064
395	416.352	-16.7742907755476
395	420.954	-14.7607978019226
395	425.56	-32.879212720296
395	430.168	-25.4864048512725
395	434.779	-48.9003756397625
395	439.393	-34.1978560389529
395	444.01	-73.2942913774489
395	448.63	-46.5770511473196
395	453.253	-19.215508858528
395	457.878	-41.6017944095959
395	462.506	-72.1722957077233
395	467.137	-96.0650283202149
395	471.771	-92.0294586782713
395	476.407	-101.883022635748
395	481.047	-93.8168102534296
395	485.688	-116.220974107327
395	490.333	-99.9639479021345
395	494.979	-114.294393968678
395	499.629	-88.0774229647186
395	504.281	-68.3188525742
395	508.936	-91.486431287548
395	513.593	-70.4565291809775
395	518.252	-63.4960620692793
395	522.914	-59.7015715418614
395	527.579	-55.6975270561681
395	532.245	-34.868097361414
395	536.915	-32.5679555798529
395	541.586	-64.4165822395977
395	546.26	-54.8528731139658
395	550.936	-51.7204780282128
395	555.615	-34.9255017996279
395	560.296	-36.5619382624935
395	564.979	-21.2976612684027
395	569.664	-16.318279913237
395	574.351	-39.9206086370457
395	579.04	-50.4268825600629
395	583.732	-15.7803972252019
395	588.426	-17.7312374484266
395	593.121	-36.5694773059667
395	597.819	-15.7247505389886
395	602.519	-21.5563113299115
395	607.221	-13.4344272253448
395	611.924	-24.540579261153
395	616.63	-24.1610845161605
395	621.338	-25.0080924838573
395	626.047	-32.2223837181913
395	630.758	-0.673629697877243
395	635.471	-29.4356680343798
395	640.186	-5.42615931158144
395	644.903	-25.7113833643238
395	649.621	-37.2066561349815
395	654.341	-30.0155893955075
395	659.063	-24.9266309297589
395	663.787	-8.66921900716555
395	668.512	-11.6457132768584
395	673.238	-0.00594247585975438
395	677.967	-44.6224720722476
395	682.696	5.59656809192011
395	687.428	1.50196572459718
395	692.16	-15.0983716093273
395	696.895	1.89826721290786
395	701.63	-1.15169974694487
395	706.367	0.388222085570972
395	711.106	20.3834863135527
395	715.845	-6.74372445012602
395	720.586	-9.14104254624724
395	725.329	-22.5335154000802
395	730.072	-27.1303023738464
395	734.817	-41.1860154541312
395	739.563	-17.3258840586685
395	744.31	-4.16805760663476
395	749.058	-8.84450489063426
395	753.808	14.1638984512263
395	758.558	-44.5800831284275
395	763.31	31.1992925815969
395	768.062	-19.8007027686
395	772.815	13.0383215108807
395	777.57	-25.7012780630376
395	782.325	-6.5350334734567
395	787.081	-46.4554627274325
395	791.838	-109.062797707501
395	796.596	-92.1094429475817
395	801.355	-37.0328073300576
395	806.114	-31.9581712786741
395	810.875	-13.0321629782741
395	815.635	12.1871173014822
395	820.397	-23.114774916515
395	825.159	-13.4483665225498
390	248.336	-6.26813427365047
390	252.814	-35.030677897294
390	257.296	14.3566856562462
390	261.781	1.00563167291266
390	266.271	5.61986134692324
390	270.764	-5.11215292405177
390	275.26	6.00541362260464
390	279.76	3.40473992418487
390	284.264	-37.05313417841
390	288.772	12.6979818348026
390	293.283	-15.9513458720041
390	297.797	7.31337997861083
390	302.315	-8.77754589754096
390	306.837	5.96676375647277
390	311.362	-16.2885581718964
390	315.89	9.52214545180809
390	320.422	-12.7203347106587
390	324.958	4.92145369090614
390	329.496	-19.1991509400094
390	334.038	-14.2833788721454
390	338.584	-11.7324957113006
390	343.133	10.4611711168842
390	347.685	-5.05041519581795
390	352.24	-38.8049898496882
390	356.799	-83.635102368011
390	361.361	-104.641884577652
390	365.926	-126.727635440563
390	370.495	-123.106238195358
390	375.067	-100.311676053319
390	379.641	-77.9807335383068
390	384.219	-555.164190578933
390	388.801	-5008.63269963135
390	393.385	-3582.13548791927
390	397.972	-1026.27591167945
390	402.562	7.0461689264796
390	407.156	-38.2907602652755
390	411.752	-54.2255334836758
390	416.352	-19.728275055507
390	420.954	-44.6345789283085
390	425.56	-43.1338997094302
390	430.168	-45.5194299386101
390	434.779	-35.8174104535062
390	439.393	-59.7242648785661
390	444.01	-23.9483071943883
390	448.63	-25.4602912030159
390	453.253	-25.7992417046755
390	457.878	-60.1525221342974
390	462.506	-67.0571789124516
390	467.137	-108.426062308443
390	471.771	-92.3551885184707
390	476.407	-97.7764536084105
390	481.047	-104.009205926845
390	485.688	-123.393781722825
390	490.333	-92.6765765251108
390	494.979	-101.969729325044
390	499.629	-79.7321190091951
390	504.281	-89.1008199998076
390	508.936	-82.2907856471615
390	513.593	-59.7104529679299
390	518.252	-76.2644698521141
390	522.914	-55.0921116757639
390	527.579	-72.9732220319555
390	532.245	-53.6982327679809
390	536.915	-49.8508980042124
390	541.586	-55.9255997578479
390	546.26	-44.0351117508191
390	550.936	-34.6718420525386
390	555.615	-25.5989834509989
390	560.296	-16.8467862703674
390	564.979	-14.3131956415862
390	569.664	-40.550999108448
390	574.351	-23.6299034298435
390	579.04	-45.8490506981455
390	583.732	-48.6028081940723
390	588.426	-27.5211032193341
390	593.121	-27.6572523514297
390	597.819	-22.509151178984
390	602.519	-28.0440320733213
390	607.221	-25.7544174164433
390	611.924	-9.63181659617199
390	616.63	-12.3353054639889
390	621.338	-1.30821055162076
390	626.047	-27.4106043467138
390	630.758	-4.00726335444357
390	635.471	2.35061147807703
390	640.186	-9.77370633170461
390	644.903	-25.5629081164852
390	649.621	-29.7293375200277
390	654.341	-32.6473952304441
390	659.063	-19.1161685601247
390	663.787	-25.4905207926837
390	668.512	-12.6623991896086
390	673.238	-16.3806700447188
390	677.967	-38.1298310791808
390	682.696	-3.33580655577349
390	687.428	-0.748545502247421
390	692.16	-18.7665187457028
390	696.895	-13.9809000867747
390	701.63	-5.33502509487682
390	706.367	-15.8089932731675
390	711.106	-0.779606429058238
390	715.845	-37.0549182468621
390	720.586	11.8568252403588
390	725.329	-5.99987381087731
390	730.072	7.24300972742773
390	734.817	-29.9977560232083
390	739.563	-34.032247766051
390	744.31	-5.38577955974345
390	749.058	20.9314635500668
390	753.808	-7.68383487052384
390	758.558	-6.95311584288893
390	763.31	18.168569567303
390	768.062	-15.2119441672665
390	772.815	-0.457212621356561
390	777.57	-91.7235808770144
390	782.325	-103.354205088185
390	787.081	-86.6248576863096
390	791.838	-60.8555427165041
390	796.596	2.40846999512941
390	801.355	7.10276268305969
390	806.114	-20.8924353755877
390	810.875	2.08928529559058
390	815.635	15.0429376443158
390	820.397	-3.34164549002249
390	825.159	20.8922265854287
385	248.336	10.5170062644153
385	252.814	-51.3561415660871
385	257.296	-6.22818484482213
385	261.781	-26.7539498745696
385	266.271	-29.6830880746423
385	270.764	17.325091732426
385	275.26	-13.5688150738883
385	279.76	7.07082145737118
385	284.264	-24.2065910836439
385	288.772	34.3325513395755
385	293.283	-10.9687700148974
385	297.797	13.3701434754871
385	302.315	0.391395421116172
385	306.837	1.15204788429454
385	311.362	-19.2279034596127
385	315.89	25.3655892764543
385	320.422	-4.22813572424456
385	324.958	-30.1733808384906
385	329.496	-6.85789391074405
385	334.038	-5.27909706740107
385	338.584	-11.7624634878136
385	343.133	10.96455438813
385	347.685	-5.65517262011832
385	352.24	-82.8250813541285
385	356.799	-114.15000963268
385	361.361	-135.093969900605
385	365.926	-119.080916287189
385	370.495	-128.143653774926
385	375.067	-111.87945437663
385	379.641	-652.674479958407
385	384.219	-5099.35726275532
385	388.801	-3931.42641613359
385	393.385	-734.571810373393
385	397.972	-34.8685933998011
385	402.562	-28.069582667389
385	407.156	-21.3795951297704
385	411.752	-12.0052804695351
385	416.352	-35.1730853766371
385	420.954	-47.6761301350748
385	425.56	-48.0439433443658
385	430.168	-57.9860048986589
385	434.779	-52.2246727262742
385	439.393	-11.4291590070538
385	444.01	-6.85823994497014
385	448.63	-18.7430865340391
385	453.253	-69.1660645440984
385	457.878	-105.405217924014
385	462.506	-96.1420423562105
385	467.137	-109.790773730488
385	471.771	-88.2431029994627
385	476.407	-87.0049702317956
385	481.047	-98.6949398629262
385	485.688	-120.555155246887
385	490.333	-103.521689928583
385	494.979	-97.5657226167219
385	499.629	-94.2872249795694
385	504.281	-85.9535280652016
385	508.936	-76.012580683771
385	513.593	-85.0180741998686
385	518.252	-84.0453008251323
385	522.914	-97.5750110075543
385	527.579	-69.2546050284426
385	532.245	-39.3221842512239
385	536.915	-44.6469603503475
385	541.586	-64.5004104428835
385	546.26	-54.7617893445544
385	550.936	-43.2226400537259
385	555.615	-46.1396714929094
385	560.296	-52.0562627443761
385	564.979	-31.1700360734409
385	569.664	-50.2962690989771
385	574.351	-34.307061559161
385	579.04	-55.0348061618068
385	583.732	-13.4009844614759
385	588.426	-33.5195678618649
385	593.121	-45.1185880919885
385	597.819	-13.9191893665026
385	602.519	-30.4957074089956
385	607.221	-15.0774610079452
385	611.924	-12.4242675629361
385	616.63	-25.1310437745053
385	621.338	-10.4486879474678
385	626.047	-2.55487944656255
385	630.758	-0.640124082892228
385	635.471	-25.0677990761326
385	640.186	14.0334040441574
385	644.903	-25.0751400121885
385	649.621	-29.4416691331567
385	654.341	-28.5388471014752
385	659.063	-36.3223912614262
385	663.787	-6.2532400226574
385	668.512	-1.40043653152627
385	673.238	-21.1343752980721
385	677.967	-23.4226376529889
385	682.696	-11.4819572650596
385	687.428	2.53023066247849
385	692.16	-11.266486689325
385	696.895	-6.58054793854824
385	701.63	15.491761702378
385	706.367	-15.3035741339931
385	711.106	-9.05400715259112
385	715.845	-29.0030512129412
385	720.586	-30.9879302296209
385	725.329	-19.7484793000978
385	730.072	-10.1281565654327
385	734.817	-30.2126813528276
385	739.563	-17.4676120055971
385	744.31	28.0852177972913
385	749.058	22.2952564032872
385	753.808	7.85604989197178
385	758.558	-2.09783456957104
385	763.31	-14.1393664270273
385	768.062	-55.793412036509
385	772.815	-92.9275837466535
385	777.57	-55.9684941581494
385	782.325	-48.8151834861164
385	787.081	-17.0183943100212
385	791.838	-0.457340561098134
385	796.596	-22.0150172843678
385	801.355	35.1949562984582
385	806.114	-5.66086539835925
385	810.875	-21.8416427632313
385	815.635	27.097556030526
385	820.397	-5.66553978869002
385	825.159	15.7796152800216
380	248.336	-3.83762917426468
380	252.814	-34.0088611714486
380	257.296	-14.0968913734411
380	261.781	-0.921395612436526
380	266.271	-31.4400966612494
380	270.764	0.00175220287954403
380	275.26	-6.8940837805576
380	279.76	5.80989392943333
380	284.264	-17.0196572941046
380	288.772	29.7551915630439
380	293.283	-21.9685962393799
380	297.797	-13.0593040714665
380	302.315	-11.358831533243
380	306.837	10.5925283078316
380	311.362	-11.6756838098848
380	315.89	9.83370184071715
380	320.422	-22.6351009915563
380	324.958	-18.8380038813136
380	329.496	-27.9792976024176
380	334.038	-30.8613941967342
380	338.584	-14.2531911938042
380	343.133	-22.7264007438293
380	347.685	-65.700888730654
380	352.24	-127.695028060342
380	356.799	-120.017298340181
380	361.361	-127.626709418681
380	365.926	-99.240261449624
380	370.495	-88.9275590796015
380	375.067	-822.539375367959
380	379.641	-4716.54547078178
380	384.219	-4008.8800540786
380	388.801	-661.940702972989
380	393.385	-12.6239056844104
380	397.972	-14.9119705300576
380	402.562	-44.5653125135131
380	407.156	-28.0792606631151
380	411.752	-52.3419170626791
380	416.352	-44.9637978972443
380	420.954	-57.5091411740005
380	425.56	-41.1270126003331
380	430.168	-21.0040857480083
380	434.779	6.75490488704213
380	439.393	-0.667580226768678
380	444.01	-60.19704817358
380	448.63	-86.1026468708919
380	453.253	-111.373641547331
380	457.878	-118.88281635695
380	462.506	-106.075741166573
380	467.137	-97.6752566370783
380	471.771	-110.38715792422
380	476.407	-99.1758513798149
380	481.047	-105.121578444983
380	485.688	-119.729781247029
380	490.333	-109.195405572888
380	494.979	-120.663400355321
380	499.629	-93.7206471276531
380	504.281	-85.5568164170907
380	508.936	-96.7816906460885
380	513.593	-66.4331764552893
380	518.252	-69.7745813218393
380	522.914	-87.619199946074
380	527.579	-71.1875949418401
380	532.245	-51.6610163067396
380	536.915	-48.9376398036789
380	541.586	-37.2579438431637
380	546.26	-38.8320442936394
380	550.936	-41.553118591293
380	555.615	-29.4526836477651
380	560.296	-39.3499009418833
380	564.979	-37.7897807491945
380	569.664	-37.2390721039458
380	574.351	-22.8121253296143
380	579.04	-59.5060928483835
380	583.732	-17.7949570963653
380	588.426	-5.6802311014198
380	593.121	-18.8354143805314
380	597.819	-6.60509505406278
380	602.519	-33.5645352907647
380	607.221	-12.267226524831
380	611.924	-19.4564931317823
380	616.63	-39.3427875665841
380	621.338	-3.90556493993957
380	626.047	-11.2204667638127
380	630.758	17.1621431330371
380	635.471	-12.6650006358836
380	640.186	-7.73948347459051
380	644.903	-17.8387227056853
380	649.621	-26.348987018568
380	654.341	-57.0591927323717
380	659.063	-23.7308188408059
380	663.787	-0.658672076633227
380	668.512	-22.2580639044421
380	673.238	-18.0524705947318
380	677.967	-38.043601686713
380	682.696	1.70162826526714
380	687.428	11.9959286589162
380	692.16	-3.78978797490077
380	696.895	-23.2498372792637
380	701.63	20.9901260080628
380	706.367	-11.6853193341371
380	711.106	13.9546073945477
380	715.845	-12.6720739143096
380	720.586	-3.99186315995774
380	725.329	-12.8584293436716
380	730.072	-32.1568854513353
380	734.817	-1.11940576319328
380	739.563	-0.00103043583398144
380	744.31	19.0266790142923
380	749.058	4.99610150702275
380	753.808	11.3425287681705
380	758.558	-57.1174198665435
380	763.31	-65.2252605363338
380	768.062	-88.8276892313068
380	772.815	-26.3210746682558
380	777.57	-23.0549397173835
380	782.325	17.012489000367
380	787.081	1.30575915443302
380	791.838	-3.05729071029977
380	796.596	5.7769147714612
380	801.355	3.83629279624968
380	806.114	-15.3483212188912
380	810.875	-9.97791221754616
380	815.635	13.4302702763389
380	820.397	-6.90509793987543
380	825.159	-9.5924501909292
375	248.336	-2.9934150349673
375	252.814	-55.8167410027916
375	257.296	5.29611200610585
375	261.781	0.899659391289164
375	266.271	-37.3961905718891
375	270.764	-14.606104997465
375	275.26	-12.9460885160757
375	279.76	-5.21444138505209
375	284.264	-22.7432204718946
375	288.772	7.82001632182503
375	293.283	-37.457173989838
375	297.797	-0.0103326007834319
375	302.315	-1.44276317243297
375	306.837	1.05823009549639
375	311.362	-11.0043692237427
375	315.89	-8.88126106305076
375	320.422	-25.9115907678826
375	324.958	3.63657994843417
375	329.496	-25.7183148722231
375	334.038	-23.3205056159893
375	338.584	-35.3165711726411
375	343.133	-35.090364571875
375	347.685	-100.25734401264
375	352.24	-133.982738170801
375	356.799	-161.2086326627
375	361.361	-145.3085791576
375	365.926	-102.306664666708
375	370.495	-1040.96955660225
375	375.067	-3120.75897527063
375	379.641	-4281.46838217833
375	384.219	-487.077060678185
375	388.801	-39.5738490733044
375	393.385	-29.9883536498861
375	397.972	-28.7090704029916
375	402.562	-42.1345848215122
375	407.156	-42.7273614318909
375	411.752	-63.2445395378321
375	416.352	-56.1934579720376
375	420.954	-49.2314134440012
375	425.56	-5.9536223111653
375	430.168	11.1279489007779
375	434.779	-27.0915536828365
375	439.393	-64.6631046477102
375	444.01	-105.794328451404
375	448.63	-93.5915351675618
375	453.253	-106.630411110878
375	457.878	-109.911902372212
375	462.506	-116.46386025462
375	467.137	-123.683985010579
375	471.771	-122.481064838334
375	476.407	-128.176512906855
375	481.047	-129.919262447587
375	485.688	-121.055215041646
375	490.333	-117.057059421311
375	494.979	-99.6042513461585
375	499.629	-106.623890395703
375	504.281	-86.7947903141406
375	508.936	-98.184888541658
375	513.593	-73.5496337941018
375	518.252	-68.8442425081694
375	522.914	-102.636062341989
375	527.579	-64.3823146867057
375	532.245	-49.4515310204705
375	536.915	-45.5252413686645
375	541.586	-57.4247394298959
375	546.26	-45.5556491170953
375	550.936	-35.6776566995902
375	555.615	-40.4388372592238
375	560.296	-21.6413158430605
375	564.979	-28.7440073983416
375	569.664	-49.3243365007419
375	574.351	-12.9836970525161
375	579.04	-59.4588528414915
375	583.732	-38.7011260526597
375	588.426	-37.5340476757506
375	593.121	-21.0824376117975
375	597.819	-10.0470175709007
375	602.519	-27.5684164387258
375	607.221	-6.25285105569924
375	611.924	-19.2036822445122
375	616.63	-17.3897879155895
375	621.338	-11.9739093208912
375	626.047	-9.43312171785936
375	630.758	13.389354152128
375	635.471	-9.31530742694588
375	640.186	-23.1542291411909
375	644.903	-18.5454973070681
375	649.621	-35.790176163851
375	654.341	-19.7464867773831
375	659.063	-26.8582518988573
375	663.787	-11.2205855926495
375	668.512	-12.5931467258263
375	673.238	-15.9224764416508
375	677.967	-39.588324509074
375	682.696	26.7876455833244
375	687.428	-3.66760864703617
375	692.16	-3.00168058774133
375	696.895	-7.0845090513617
375	701.63	2.03480646223038
375	706.367	-18.92783874303
375	711.106	-14.2599874297188
375	715.845	-19.6996398451923
375	720.586	-9.50775714692364
375	725.329	0.345491427907588
375	730.072	-9.71284219210859
375	734.817	-11.2314532328293
375	739.563	-10.2582573113663
375	744.31	-21.8977275659348
375	749.058	-57.7974663230976
375	753.808	-108.214875741487
375	758.558	-60.0833583615241
375	763.31	-10.0753887256388
375	768.062	-26.7832734380838
375	772.815	5.97457256210769
375	777.57	2.42558419909688
375	782.325	-9.91837818841129
375	787.081	7.62381909559802
375	791.838	-13.9919560702737
375	796.596	5.6028940895729
375	801.355	35.4061947692954
375	806.114	-19.3890459842384
375	810.875	-17.9062619411411
375	815.635	4.4871912946854
375	820.397	-17.8934376884168
375	825.159	5.5980885035411
370	248.336	-2.93961792546882
370	252.814	-22.9010594687885
370	257.296	-30.5014395591483
370	261.781	-7.95809971441713
370	266.271	-13.9404944377874
370	270.764	-28.7982302908386
370	275.26	-22.0235706556489
370	279.76	-8.13497023889248
370	284.264	-24.4534607702871
370	288.772	22.347600838906
370	293.283	-24.005817350599
370	297.797	-7.50692844361641
370	302.315	-11.9310616992386
370	306.837	2.80103785496843
370	311.362	-5.24143621370324
370	315.89	-10.4732057296276
370	320.422	-28.6809241698088
370	324.958	-0.356533928008176
370	329.496	-28.9990717640028
370	334.038	-43.5854597417289
370	338.584	-73.3353620990669
370	343.133	-91.2994198676973
370	347.685	-117.199250027126
370	352.24	-134.18898460751
370	356.799	-146.303994165252
370	361.361	-59.1140270021648
370	365.926	-1211.18970709557
370	370.495	-1176.88842084421
370	375.067	-3855.79939841116
370	379.641	-310.105716035137
370	384.219	-22.415396518751
370	388.801	-51.4128246531241
370	393.385	5.37171420316125
370	397.972	-38.2217159599124
370	402.562	-50.7678660580498
370	407.156	-61.4686435678552
370	411.752	-56.2031680194266
370	416.352	-39.1365118901801
370	420.954	47.3117635605563
370	425.56	15.7253866699805
370	430.168	-6.34919524769748
370	434.779	-103.201941469376
370	439.393	-104.22139461669
370	444.01	-130.953397671231
370	448.63	-120.680454348049
370	453.253	-129.216262559407
370	457.878	-134.344513428449
370	462.506	-133.228209924016
370	467.137	-119.570524241594
370	471.771	-125.887208510812
370	476.407	-121.984729712396
370	481.047	-115.034593485137
370	485.688	-136.229051906345
370	490.333	-111.803491008453
370	494.979	-109.460813425052
370	499.629	-108.674836398719
370	504.281	-99.3389341168278
370	508.936	-99.8461775671258
370	513.593	-74.2576839261377
370	518.252	-82.9394331297623
370	522.914	-81.9553712997554
370	527.579	-72.7050028757299
370	532.245	-66.2490904122145
370	536.915	-58.7379990336429
370	541.586	-52.7750898239337
370	546.26	-63.6382025002331
370	550.936	-36.7102396917879
370	555.615	-41.9429511568423
370	560.296	-36.9222307198532
370	564.979	-38.5695680296808
370	569.664	-37.0011296927495
370	574.351	-31.9876606538887
370	579.04	-38.4625668125103
370	583.732	-29.7763244502696
370	588.426	-29.9285198221466
370	593.121	-29.5318886040079
370	597.819	-13.2044665478989
370	602.519	-36.5986355778938
370	607.221	-13.4277695470646
370	611.924	-3.10603813037317
370	616.63	-39.9842590755668
370	621.338	-10.6491586376644
370	626.047	-13.9494815353855
370	630.758	11.7501737211109
370	635.471	-32.8544193723345
370	640.186	-5.92933132667622
370	644.903	-18.2961877044236
370	649.621	-17.031926091954
370	654.341	-29.9617570384571
370	659.063	-25.5426087124679
370	663.787	-12.635325639743
370	668.512	19.4203307266626
370	673.238	-14.0903900272021
370	677.967	-23.2273925917251
370	682.696	9.13387641837583
370	687.428	-6.5689320134686
370	692.16	0.659495655151671
370	696.895	-22.2784617803803
370	701.63	-8.71563490072887
370	706.367	1.35873247917684
370	711.106	-6.51428482793203
370	715.845	-15.95607700312
370	720.586	-15.3002581617436
370	725.329	-17.9505534546548
370	730.072	-26.5621377761391
370	734.817	-22.1018550468748
370	739.563	-59.1409959957232
370	744.31	-90.0263141127116
370	749.058	-92.0621984804791
370	753.808	-8.61642030814548
370	758.558	0.386343301307207
370	763.31	-9.74821206683095
370	768.062	-12.203400245093
370	772.815	7.08130745651971
370	777.57	-25.2898222013813
370	782.325	-6.92902657255582
370	787.081	-4.60147386719611
370	791.838	-9.61745752033718
370	796.596	13.2058825785718
370	801.355	27.5777887668122
370	806.114	10.6637596093171
370	810.875	4.78029303192051
370	815.635	-0.735784137363612
370	820.397	-14.3408790957615
370	825.159	4.78037680868207
365	248.336	7.68698948411126
365	252.814	-24.5523817952433
365	257.296	-9.97694665216331
365	261.781	7.04271817391666
365	266.271	-7.61130164067672
365	270.764	1.34405469393101
365	275.26	-15.3474237818292
365	279.76	-3.83742621482043
365	284.264	-16.2308511819771
365	288.772	29.919967775854
365	293.283	-33.4606411024829
365	297.797	13.1700795175205
365	302.315	-17.124017992656
365	306.837	-1.04637085930694
365	311.362	-5.56995335636497
365	315.89	-5.91163495917488
365	320.422	-19.851328814621
365	324.958	-5.75472106010437
365	329.496	-32.9133951766956
365	334.038	-67.3510174625695
365	338.584	-125.197702569051
365	343.133	-91.7093039108163
365	347.685	-93.9269481300066
365	352.24	-125.090219039348
365	356.799	-104.592668767049
365	361.361	-1272.15215517337
365	365.926	-0.572952564631123
365	370.495	-3013.38437895542
365	375.067	-209.619410262599
365	379.641	-3.63888608187639
365	384.219	-28.469618503566
365	388.801	-52.5976433100991
365	393.385	-21.0016126131824
365	397.972	-54.5245517163445
365	402.562	-35.0530423463364
365	407.156	-83.0542105423032
365	411.752	-7.89191411010074
365	416.352	49.358404258199
365	420.954	42.8089816321051
365	425.56	-46.3999109725711
365	430.168	-103.60938851598
365	434.779	-113.71353383881
365	439.393	-129.092135368378
365	444.01	-138.910966880855
365	448.63	-128.793415566885
365	453.253	-132.655355688358
365	457.878	-133.492599673454
365	462.506	-135.265823767315
365	467.137	-135.094763401234
365	471.771	-120.712767208209
365	476.407	-129.888387132332
365	481.047	-136.164124047761
365	485.688	-137.671706457974
365	490.333	-114.377233254093
365	494.979	-112.044142418656
365	499.629	-106.928430256583
365	504.281	-98.3946811894374
365	508.936	-115.342846116508
365	513.593	-79.9689599531361
365	518.252	-71.5649967132396
365	522.914	-77.1183737687777
365	527.579	-71.1411799012853
365	532.245	-45.7965758633631
365	536.915	-52.4561151639722
365	541.586	-53.306455875684
365	546.26	-44.7076163120866
365	550.936	-50.7063205080779
365	555.615	-47.4286080085759
365	560.296	-30.5477575887686
365	564.979	-48.0657480208256
365	569.664	-42.891140930701
365	574.351	-28.3968615073381
365	579.04	-39.0957179327933
365	583.732	-36.9203507541026
365	588.426	-33.3187126869531
365	593.121	-37.5687762714514
365	597.819	-13.6941496230795
365	602.519	-8.00557300886614
365	607.221	-18.3828292315322
365	611.924	-13.7794292175369
365	616.63	-35.2579194962422
365	621.338	3.15181345704702
365	626.047	-22.2781539078981
365	630.758	8.77267270914897
365	635.471	-20.9219705187133
365	640.186	-13.2859370546412
365	644.903	-40.011980169502
365	649.621	-17.261713984365
365	654.341	-15.3769961418065
365	659.063	-24.1890422014796
365	663.787	-16.9837929108882
365	668.512	-4.12038660764479
365	673.238	-8.92838580764297
365	677.967	-25.052443508649
365	682.696	6.81981188526059
365	687.428	-5.56007207009359
365	692.16	-10.1927460657299
365	696.895	-15.558903265187
365	701.63	10.0138000132235
365	706.367	-8.78359888741799
365	711.106	16.0447969557916
365	715.845	-35.9163226915658
365	720.586	-5.19395159139575
365	725.329	-40.3062895974029
365	730.072	-83.5868736925619
365	734.817	-100.521135266453
365	739.563	-84.796117777101
365	744.31	-32.6833900464873
365	749.058	14.3038174379798
365	753.808	1.86888735880675
365	758.558	16.3674624765838
365	763.31	7.37664530296793
365	768.062	-10.9736961013613
365	772.815	9.79167208479879
365	777.57	0.399072209681343
365	782.325	-12.985468405276
365	787.081	-7.50053673698242
365	791.838	12.9043112524754
365	796.596	-24.5954740592664
365	801.355	9.15134005056896
365	806.114	7.32077401141225
365	810.875	-20.8661007544301
365	815.635	6.58962868149348
365	820.397	-24.159980102101
365	825.159	18.6686179977675
360	248.336	20.8228400190602
360	252.814	-6.12595528477717
360	257.296	-3.03576720799767
360	261.781	-2.63956135275031
360	266.271	-0.896089588550243
360	270.764	9.83505815713517
360	275.26	-18.3809151045371
360	279.76	19.5690915925183
360	284.264	-14.9894293182536
360	288.772	10.7159448830629
360	293.283	-28.6288244605282
360	297.797	9.58372196051835
360	302.315	-10.8198034870133
360	306.837	5.21251544547988
360	311.362	0.339649880723268
360	315.89	-0.014776889668255
360	320.422	-30.9689882229606
360	324.958	-56.7409506472721
360	329.496	-93.5366968236884
360	334.038	-153.654800650468
360	338.584	-134.972129145613
360	343.133	-134.85727642926
360	347.685	-132.471960704239
360	352.24	-174.956343715207
360	356.799	-1694.56167530501
360	361.361	-7.00782902340507
360	365.926	-3685.677852584
360	370.495	-184.955754333655
360	375.067	-18.4903997423507
360	379.641	-21.4224036997787
360	384.219	-36.3690490783032
360	388.801	-47.6649921109812
360	393.385	-38.2870277060112
360	397.972	-45.7581519702839
360	402.562	-41.8717815696576
360	407.156	12.8867864784888
360	411.752	67.9560921364412
360	416.352	23.9003699189557
360	420.954	-75.2816994330134
360	425.56	-122.290712377431
360	430.168	-129.477719938922
360	434.779	-147.324687354545
360	439.393	-154.396746217105
360	444.01	-153.203859659591
360	448.63	-152.268243210451
360	453.253	-158.779880264325
360	457.878	-147.226140323832
360	462.506	-141.552689483601
360	467.137	-136.65173294653
360	471.771	-130.740270788535
360	476.407	-116.884427362805
360	481.047	-127.524748207842
360	485.688	-140.718566075075
360	490.333	-121.547584785792
360	494.979	-109.793434701179
360	499.629	-111.543712434967
360	504.281	-92.3731490591806
360	508.936	-99.470702006708
360	513.593	-87.8494345298087
360	518.252	-71.6797297405651
360	522.914	-66.2948590432904
360	527.579	-74.7320037041009
360	532.245	-61.3591760981446
360	536.915	-37.3260926252872
360	541.586	-50.9290243343767
360	546.26	-67.5714811731224
360	550.936	-60.1144630479155
360	555.615	-26.5005402858848
360	560.296	-36.9511875874496
360	564.979	-50.8418294664504
360	569.664	-30.2043095035708
360	574.351	-33.108300125171
360	579.04	-57.1901223801156
360	583.732	-45.7231392115372
360	588.426	-25.6878482934128
360	593.121	-37.4953862753513
360	597.819	-18.0427444196495
360	602.519	-19.2876278241284
360	607.221	-13.6243512570719
360	611.924	-11.5094568304932
360	616.63	-20.4342943380837
360	621.338	-11.7284107960992
360	626.047	-21.6586619906207
360	630.758	16.3419879361677
360	635.471	-24.1177581046023
360	640.186	-17.6813496010695
360	644.903	-19.3692550023589
360	649.621	-13.6026888098847
360	654.341	-26.0915884145595
360	659.063	-18.5707138228312
360	663.787	-17.5804927363056
360	668.512	10.4348763676013
360	673.238	1.5856276628806
360	677.967	-29.8118551502731
360	682.696	3.89014164915697
360	687.428	-14.3644736758938
360	692.16	-16.4052429143298
360	696.895	-19.1666603955967
360	701.63	-12.6672148858196
360	706.367	-16.5243055007566
360	711.106	-12.9572652873595
360	715.845	-57.2665595082235
360	720.586	-83.4016571530443
360	725.329	-164.901819725458
360	730.072	-95.4963455418218
360	734.817	-65.6131269007541
360	739.563	-5.02418264644941
360	744.31	-13.7669951825533
360	749.058	36.9701751933747
360	753.808	12.680531654776
360	758.558	-3.79862814595706
360	763.31	29.4466186889485
360	768.062	-5.08454619541947
360	772.815	8.20768873215698
360	777.57	-23.9333263683533
360	782.325	-4.45253587667543
360	787.081	-16.638739877031
360	791.838	-9.55674492420725
360	796.596	-21.163361448516
360	801.355	13.1511763985924
360	806.114	-11.3247060344228
360	810.875	-3.05056847066609E-4
360	815.635	11.6896747132865
360	820.397	-3.29275127341294
360	825.159	6.93542175456765
355	248.336	1.08330080012469
355	252.814	-19.8883962890953
355	257.296	7.70088012705748
355	261.781	13.0232754555916
355	266.271	-22.9568655484617
355	270.764	-3.09238246246324
355	275.26	-6.91744684138839
355	279.76	30.2728274145724
355	284.264	-17.6021288873876
355	288.772	-1.13332394640792
355	293.283	-9.78586518010685
355	297.797	1.05573655057862
355	302.315	-16.5369705555207
355	306.837	-1.71563684088609
355	311.362	-29.1655699404743
355	315.89	-11.9837839572928
355	320.422	-47.3591062771876
355	324.958	-86.763946845635
355	329.496	-128.645742742803
355	334.038	-138.544629181084
355	338.584	-133.879359571667
355	343.133	-118.564266846041
355	347.685	-122.291097668108
355	352.24	-2088.92768031516
355	356.799	-15.1122871689731
355	361.361	-2493.45234231981
355	365.926	-105.554052339146
355	370.495	-3.70573879340412
355	375.067	-20.0486887559257
355	379.641	-44.733566442374
355	384.219	-56.473383677667
355	388.801	-84.4747380509966
355	393.385	-41.7204149704351
355	397.972	-50.520152036923
355	402.562	63.4880869254648
355	407.156	86.3709840187275
355	411.752	-8.82203714233651
355	416.352	-109.479672572386
355	420.954	-114.191723249734
355	425.56	-136.868364244905
355	430.168	-141.744402063607
355	434.779	-149.407287117133
355	439.393	-160.758391126719
355	444.01	-183.625095042459
355	448.63	-152.022093924062
355	453.253	-150.543644676746
355	457.878	-138.406800945424
355	462.506	-143.71813923529
355	467.137	-151.328153562121
355	471.771	-135.995973254584
355	476.407	-124.546978142941
355	481.047	-118.955949627676
355	485.688	-120.4164837833
355	490.333	-121.342006513742
355	494.979	-105.950391522898
355	499.629	-88.1552804829748
355	504.281	-100.281529451847
355	508.936	-106.752761894698
355	513.593	-67.1992375981029
355	518.252	-76.7361071469081
355	522.914	-87.3272430970654
355	527.579	-72.3563763595054
355	532.245	-31.4132804258631
355	536.915	-43.3103636440539
355	541.586	-54.0639587753151
355	546.26	-55.4211828727884
355	550.936	-50.2522797713642
355	555.615	-33.5502272144014
355	560.296	-44.6729088868814
355	564.979	-40.4404500084569
355	569.664	-20.7568385863711
355	574.351	-39.2541643985988
355	579.04	-55.7153197494945
355	583.732	-30.5619716453347
355	588.426	-19.4978144789735
355	593.121	-24.9658732356345
355	597.819	-11.6134959929556
355	602.519	-11.4305124745424
355	607.221	-32.132838697354
355	611.924	-18.3001701542417
355	616.63	-34.2065102963676
355	621.338	-15.5416784563718
355	626.047	-22.8240147657378
355	630.758	17.0143695381194
355	635.471	-36.031462727098
355	640.186	-10.4790368981564
355	644.903	-29.4456732893782
355	649.621	-11.9432926448687
355	654.341	-25.1692881815771
355	659.063	-37.9198681123316
355	663.787	11.1661587451995
355	668.512	-1.56176140051197
355	673.238	-11.3171875971121
355	677.967	-38.3220481297047
355	682.696	2.56394530410644
355	687.428	18.0619702067648
355	692.16	-10.6982375282092
355	696.895	-6.2005549521896
355	701.63	-0.980939716380064
355	706.367	-51.9430205620369
355	711.106	-99.5898598482397
355	715.845	-128.654667843232
355	720.586	-81.2080785571378
355	725.329	-44.5658254367816
355	730.072	-5.56138836129241
355	734.817	-22.4115237672533
355	739.563	-4.95984187528087
355	744.31	10.0247781974797
355	749.058	14.1064071525798
355	753.808	11.7983977683173
355	758.558	27.0267930168235
355	763.31	17.9964849381338
355	768.062	-19.3236034420319
355	772.815	-7.3392074295253
355	777.57	-33.4961315643106
355	782.325	-0.799592351842595
355	787.081	-2.46365572683818
355	791.838	0.410564152381507
355	796.596	-2.9256016422342
355	801.355	19.4934467512815
355	806.114	-11.1873424743737
355	810.875	-20.2119144330669
355	815.635	29.963095128254
355	820.397	-26.7098773662338
355	825.159	12.9969573121794
350	248.336	1.7855408411991
350	252.814	-48.3430044655478
350	257.296	22.8548615859469
350	261.781	2.57617345974677
350	266.271	-7.86385996387085
350	270.764	-6.55732526729097
350	275.26	-9.4153441950719
350	279.76	-2.91353766858591
350	284.264	-21.7783067148863
350	288.772	11.9757293535269
350	293.283	-36.5968329890798
350	297.797	-18.7588562638693
350	302.315	-2.04862730833514
350	306.837	-18.7062550388947
350	311.362	-14.9560564990125
350	315.89	-42.4311971113552
350	320.422	-100.617385537899
350	324.958	-106.985212223762
350	329.496	-120.618106058486
350	334.038	-142.574306125393
350	338.584	-123.972535292436
350	343.133	-135.341824950823
350	347.685	-2000.56839649962
350	352.24	-18.3785047137499
350	356.799	-1769.36546320997
350	361.361	-37.1458418149136
350	365.926	5.9346372359411
350	370.495	-5.55178829084568
350	375.067	-44.8810891787462
350	379.641	-40.3978247021261
350	384.219	-63.2926152096674
350	388.801	-76.1442867156722
350	393.385	44.4766065426941
350	397.972	119.764678257263
350	402.562	57.9572837673682
350	407.156	-81.3934293711932
350	411.752	-114.248172411417
350	416.352	-137.71505077071
350	420.954	-152.577222987613
350	425.56	-158.34373164772
350	430.168	-157.528515341413
350	434.779	-175.999290702143
350	439.393	-162.883345157303
350	444.01	-170.438178536576
350	448.63	-160.976778489875
350	453.253	-164.079749790239
350	457.878	-144.186777103961
350	462.506	-138.127647116484
350	467.137	-136.114577149635
350	471.771	-137.837155041206
350	476.407	-125.743578293979
350	481.047	-122.931041710326
350	485.688	-119.161788447392
350	490.333	-121.071833333623
350	494.979	-102.356568739936
350	499.629	-116.23361300451
350	504.281	-95.7627334730786
350	508.936	-93.7904476235395
350	513.593	-74.1051548427072
350	518.252	-69.83121931905
350	522.914	-80.831813629174
350	527.579	-68.203861787019
350	532.245	-51.4871502748779
350	536.915	-38.4500529293013
350	541.586	-54.491811481118
350	546.26	-48.1113657168609
350	550.936	-45.961595011135
350	555.615	-49.8002881602723
350	560.296	-40.9220133210361
350	564.979	-39.2534590142545
350	569.664	-18.4869462548161
350	574.351	-31.8522207732186
350	579.04	-59.0506339227113
350	583.732	-22.3518937750407
350	588.426	-20.3527393524691
350	593.121	-17.0011294533813
350	597.819	-16.5696155924535
350	602.519	-18.8544769795728
350	607.221	-23.3735282336636
350	611.924	0.822002458606969
350	616.63	-42.4492732332437
350	621.338	-14.540778863436
350	626.047	-9.88131348102339
350	630.758	11.6979486546444
350	635.471	-25.877994180493
350	640.186	-4.03351656892711
350	644.903	-33.2147576752162
350	649.621	-18.3207910130804
350	654.341	-29.708124484232
350	659.063	-14.5253483213879
350	663.787	-7.67264109744872
350	668.512	1.855261355872
350	673.238	-16.1802378959646
350	677.967	-24.1328661462946
350	682.696	10.1393337106036
350	687.428	-0.640094645761465
350	692.16	-24.3875933066879
350	696.895	-47.1812595593881
350	701.63	-81.8060667529592
350	706.367	-130.258437763114
350	711.106	-62.658026760922
350	715.845	-48.8698796438514
350	720.586	-4.39299368885882
350	725.329	-12.3106090509746
350	730.072	-11.6994240790071
350	734.817	-26.3351396316375
350	739.563	-9.11384412164752
350	744.31	18.7770796588139
350	749.058	22.5481532441446
350	753.808	-15.3231194462036
350	758.558	-1.8573594840051
350	763.31	14.774830205444
350	768.062	-26.7681972744988
350	772.815	4.58511983649948
350	777.57	-34.7060846769225
350	782.325	4.35470117871208
350	787.081	12.1960704653787
350	791.838	-15.8428762896161
350	796.596	6.61822109383664
350	801.355	12.1422455359319
350	806.114	1.78419734851003
350	810.875	-7.14561081773437
350	815.635	15.7167493223494
350	820.397	-11.4298746007308
350	825.159	-6.07198463120044
345	248.336	-15.6985241863314
345	252.814	-16.238149061361
345	257.296	-8.45891103296061
345	261.781	15.0126923751341
345	266.271	-9.16583149853427
345	270.764	-1.75278744029323
345	275.26	-4.70541390781314
345	279.76	19.9365833296411
345	284.264	4.342693031237
345	288.772	14.5753430117697
345	293.283	-22.9431457697829
345	297.797	-2.08925820712361
345	302.315	-12.283499319182
345	306.837	-33.3256682465094
345	311.362	-51.9770129072051
345	315.89	-81.4478377158352
345	320.422	-129.43415394196
345	324.958	-178.73706685367
345	329.496	-330.441434892465
345	334.038	-290.600491472839
345	338.584	-451.080542942193
345	343.133	-5512.28353174606
345	347.685	3.3276207722447
345	352.24	-2780.54974283336
345	356.799	-40.9681118414958
345	361.361	-20.0682563599897
345	365.926	-43.535113502034
345	370.495	-40.2263615223304
345	375.067	-40.0793117398487
345	379.641	-36.1275101855099
345	384.219	-57.3477011655791
345	388.801	72.2480469562863
345	393.385	149.450064781599
345	397.972	34.2040310436366
345	402.562	-100.155358561996
345	407.156	-157.107527394323
345	411.752	-160.991402538234
345	416.352	-156.4214665165
345	420.954	-164.348604041433
345	425.56	-162.072137332289
345	430.168	-157.896978031343
345	434.779	-174.981037760323
345	439.393	-178.69537751366
345	444.01	-166.758380935921
345	448.63	-165.005080417107
345	453.253	-164.674576086022
345	457.878	-160.252535339408
345	462.506	-149.466819493932
345	467.137	-152.353922308656
345	471.771	-130.417833764646
345	476.407	-123.856134135384
345	481.047	-134.199379549849
345	485.688	-132.690667776913
345	490.333	-116.452649313661
345	494.979	-107.711244579981
345	499.629	-92.8304641713501
345	504.281	-92.6794510966702
345	508.936	-114.636559584841
345	513.593	-76.2269814398436
345	518.252	-83.1637719817004
345	522.914	-81.7090880012281
345	527.579	-67.1572746926877
345	532.245	-51.9122348644025
345	536.915	-54.550243349723
345	541.586	-46.018511351477
345	546.26	-65.481647510281
345	550.936	-51.6786227495691
345	555.615	-46.4769706971058
345	560.296	-41.1282067390301
345	564.979	-28.7709972098514
345	569.664	-53.8549624842581
345	574.351	-24.0555139533251
345	579.04	-55.3254187989057
345	583.732	-22.0612075288474
345	588.426	-15.3137510569837
345	593.121	-33.1659116712965
345	597.819	-16.8180266559828
345	602.519	-26.9041687742369
345	607.221	-19.8176477064578
345	611.924	2.19114112755057
345	616.63	-27.4343128651536
345	621.338	-4.19081800704391
345	626.047	-28.4795581199175
345	630.758	6.8372077304156
345	635.471	-25.2721138871791
345	640.186	-14.3882289653566
345	644.903	-37.5387820109998
345	649.621	-26.565558880931
345	654.341	-32.6721501442948
345	659.063	-29.9233168150002
345	663.787	-5.82776224547469
345	668.512	7.71681309095933
345	673.238	-27.3527849411797
345	677.967	-26.9273393486819
345	682.696	-3.18583821815106
345	687.428	-68.2974529758966
345	692.16	-195.328878647266
345	696.895	-231.833003208862
345	701.63	-99.6600639813539
345	706.367	-59.6171358312501
345	711.106	6.98400463609647
345	715.845	-14.4740770831952
345	720.586	-16.5328717397782
345	725.329	-26.6396953030316
345	730.072	-32.6463654045041
345	734.817	-10.3844965669703
345	739.563	-1.75128853518604
345	744.31	-4.95415286655994
345	749.058	-1.43053210387586
345	753.808	6.19031167725806
345	758.558	-1.48426627477459
345	763.31	13.9961410546703
345	768.062	-6.49213079587667
345	772.815	4.19752868770471
345	777.57	7.7807547902008
345	782.325	1.57492936702154
345	787.081	8.92067814344434
345	791.838	-20.2950519226196
345	796.596	2.47148012607681
345	801.355	7.13118892909079
345	806.114	-7.13909384832856
345	810.875	-12.4882290771542
345	815.635	23.5448512847307
345	820.397	-17.1238697337406
345	825.159	5.70889577623881
340	248.336	2.8791202717326
340	252.814	-11.2168360488776
340	257.296	-4.69699375944887
340	261.781	12.5578814540985
340	266.271	-21.5859853601978
340	270.764	2.19953703247289
340	275.26	-20.2806913303893
340	279.76	2.93076930832847
340	284.264	-8.38956109576058
340	288.772	-0.383324187367535
340	293.283	-22.4350649095357
340	297.797	-16.8239215219443
340	302.315	-34.0693234098642
340	306.837	-45.652145763542
340	311.362	-111.705896554691
340	315.89	-107.149360402523
340	320.422	-130.277020482183
340	324.958	-190.644277693711
340	329.496	-244.679765915908
340	334.038	-402.808572051169
340	338.584	-4334.76244556934
340	343.133	8.77723142427567
340	347.685	-1437.47539640587
340	352.24	-27.6173283189552
340	356.799	-34.9509046720171
340	361.361	-50.8996258279525
340	365.926	-40.1708774400362
340	370.495	-23.4674657952919
340	375.067	-83.4615113909129
340	379.641	12.7257814175191
340	384.219	121.574733728513
340	388.801	104.461743670729
340	393.385	-26.0699943820146
340	397.972	-138.73705587474
340	402.562	-176.085656781392
340	407.156	-188.539693772792
340	411.752	-193.76343682728
340	416.352	-182.211406887685
340	420.954	-204.933737457867
340	425.56	-201.896476980134
340	430.168	-200.823581620841
340	434.779	-207.221402490391
340	439.393	-192.705663877865
340	444.01	-215.154418584943
340	448.63	-184.363266811536
340	453.253	-175.161229623018
340	457.878	-163.329022274736
340	462.506	-159.907541070736
340	467.137	-146.158835474544
340	471.771	-148.584013420801
340	476.407	-130.309322243316
340	481.047	-137.473473970955
340	485.688	-137.207265877203
340	490.333	-128.355718420039
340	494.979	-112.246783431648
340	499.629	-112.200944098745
340	504.281	-93.8064653114307
340	508.936	-92.579365064295
340	513.593	-73.7312517994465
340	518.252	-70.4097462862119
340	522.914	-92.2716569047625
340	527.579	-69.7492634660407
340	532.245	-61.7078682779552
340	536.915	-49.6342404672951
340	541.586	-61.4391932779271
340	546.26	-55.044343524767
340	550.936	-44.8243746721963
340	555.615	-28.4040948557925
340	560.296	-43.3002645130668
340	564.979	-41.378657351663
340	569.664	-35.9861400757207
340	574.351	-39.6875194518609
340	579.04	-43.9971907309639
340	583.732	-34.2025781791308
340	588.426	-4.79876743680543
340	593.121	-27.5872936259053
340	597.819	-21.5574972917924
340	602.519	-6.248407949602
340	607.221	-19.1825204760591
340	611.924	-6.36466963265583
340	616.63	-16.2261813033775
340	621.338	2.53509656905333
340	626.047	-0.285094644834353
340	630.758	25.3159855710128
340	635.471	-46.6770702688276
340	640.186	5.80677511500976
340	644.903	-28.4968115119307
340	649.621	-33.6685520573635
340	654.341	-19.6703439065201
340	659.063	-27.766762171622
340	663.787	1.23349542521429
340	668.512	2.48876427875167
340	673.238	-51.1531891561087
340	677.967	-149.855350456828
340	682.696	-214.526097571734
340	687.428	-209.902310495199
340	692.16	-86.7576125069073
340	696.895	-34.5356640818116
340	701.63	4.92320865913748
340	706.367	0.663926426582401
340	711.106	13.7684231306769
340	715.845	-24.8031494502841
340	720.586	-1.70366566657931
340	725.329	-27.9260988418588
340	730.072	-11.1030842684739
340	734.817	-19.2180320738569
340	739.563	-2.12021040511624
340	744.31	21.0754720267708
340	749.058	-20.5678505718917
340	753.808	12.8707570308807
340	758.558	7.11200740420279
340	763.31	8.39848617872465
340	768.062	-9.2581825497667
340	772.815	7.7000078371973
340	777.57	-12.195197858257
340	782.325	-7.98805044096606
340	787.081	24.593120418817
340	791.838	4.91319353997279
340	796.596	5.00423145099808
340	801.355	11.8824876104368
340	806.114	-23.049189595089
340	810.875	-25.9318549342283
340	815.635	-11.1636562225139
340	820.397	-4.68179096054768
340	825.159	-3.60054804705199
335	248.336	4.0538983569959
335	252.814	-37.3852253759174
335	257.296	3.08103668421417
335	261.781	-1.28788053330674
335	266.271	-33.2262572954026
335	270.764	-0.846458514581151
335	275.26	0.933089768431522
335	279.76	-22.6096701390264
335	284.264	-23.5456902863502
335	288.772	6.22592071421985
335	293.283	-35.9621854860858
335	297.797	-31.0390499744825
335	302.315	-110.856546054744
335	306.837	-105.831050376853
335	311.362	-129.099256498154
335	315.89	-103.833040209886
335	320.422	-71.5263603345898
335	324.958	-51.3915007950613
335	329.496	-392.902232081254
335	334.038	-691.288956962202
335	338.584	22.9151727331264
335	343.133	-917.664752049479
335	347.685	27.979385524045
335	352.24	-36.246196965006
335	356.799	-54.1430101108718
335	361.361	-35.8811863612939
335	365.926	-63.616440545573
335	370.495	7.03951550507497
335	375.067	99.2215515695068
335	379.641	214.683530747124
335	384.219	65.9238535519603
335	388.801	-107.376716938496
335	393.385	-176.991371705042
335	397.972	-200.22817034588
335	402.562	-197.200551118367
335	407.156	-202.951267440471
335	411.752	-215.715199602779
335	416.352	-220.965381692092
335	420.954	-210.926842486375
335	425.56	-224.73456823246
335	430.168	-212.863759697321
335	434.779	-234.243201262455
335	439.393	-216.514743933404
335	444.01	-225.382448041003
335	448.63	-215.275744716071
335	453.253	-199.96087775218
335	457.878	-184.512566485087
335	462.506	-171.151405448276
335	467.137	-159.616065225775
335	471.771	-170.021485346833
335	476.407	-154.886245402647
335	481.047	-147.029954746664
335	485.688	-148.560463465355
335	490.333	-120.347053464345
335	494.979	-123.638831458995
335	499.629	-96.2683427554111
335	504.281	-111.176884564044
335	508.936	-111.38542288368
335	513.593	-85.5069548851417
335	518.252	-82.8323006119139
335	522.914	-83.0913554906508
335	527.579	-70.8537746141216
335	532.245	-49.430819001677
335	536.915	-49.3364979678238
335	541.586	-63.8914338738247
335	546.26	-67.1388489623251
335	550.936	-41.2929618086873
335	555.615	-47.8446974964735
335	560.296	-40.7663735546382
335	564.979	-23.8275268536322
335	569.664	-38.5327505839888
335	574.351	-23.6815842819876
335	579.04	-38.6955418522158
335	583.732	-32.1844643648959
335	588.426	-18.7308779211147
335	593.121	-41.5170884647525
335	597.819	-24.4479960555716
335	602.519	-21.0293161062002
335	607.221	-24.0215107247508
335	611.924	-5.62864187834259
335	616.63	-22.8085102893287
335	621.338	-1.71338345529005
335	626.047	-31.06528736959
335	630.758	5.00672581729355
335	635.471	-14.1672404468337
335	640.186	-5.89383877143672
335	644.903	-11.6667427735743
335	649.621	-17.5817007128851
335	654.341	-32.6548889250423
335	659.063	-29.8174992764897
335	663.787	-24.9697252763456
335	668.512	-89.3599480175061
335	673.238	-139.521818487534
335	677.967	-149.179772328169
335	682.696	-49.2513425789963
335	687.428	-14.008805065742
335	692.16	-15.8371758425907
335	696.895	-12.2782925832726
335	701.63	-10.0287883566826
335	706.367	5.07397619508576
335	711.106	13.3784378525431
335	715.845	-1.73088661708286
335	720.586	-6.6052035075937
335	725.329	-2.4443511676853
335	730.072	-5.99433169780928
335	734.817	-25.2811064291671
335	739.563	-9.00918980090042
335	744.31	25.5194449187847
335	749.058	16.9561511855897
335	753.808	22.9507245893115
335	758.558	6.94017663731977
335	763.31	3.58556663813862
335	768.062	2.8123301601713
335	772.815	13.3836139943638
335	777.57	-4.39582848122291
335	782.325	0.410938762244286
335	787.081	-10.8383336021156
335	791.838	-9.18132847151439
335	796.596	13.6323118436941
335	801.355	18.0082380191542
335	806.114	-17.2719034557552
335	810.875	-10.2817979263409
335	815.635	-21.3217435544499
335	820.397	-0.373747386863692
335	825.159	5.50881260372614
330	248.336	3.82154856113225
330	252.814	-30.5520131720936
330	257.296	-42.8565613996669
330	261.781	2.7617507551898
330	266.271	-21.4146133274722
330	270.764	-7.43984749116154
330	275.26	-16.862808374644
330	279.76	8.4618829941668
330	284.264	-30.3541792727459
330	288.772	-6.29604328406083
330	293.283	-46.4891039357014
330	297.797	-79.3611344120376
330	302.315	-143.997162851032
330	306.837	-128.747127817
330	311.362	-121.711917256392
330	315.89	-103.860413841006
330	320.422	-64.1280308576906
330	324.958	-629.154871865315
330	329.496	-3.04637320342226
330	334.038	2.65523442773701
330	338.584	-762.456919279005
330	343.133	-0.893251288251975
330	347.685	-25.1022308030307
330	352.24	-41.7763366558449
330	356.799	-60.3478613851964
330	361.361	-69.468845413072
330	365.926	15.118794307463
330	370.495	205.696339915544
330	375.067	182.377049019974
330	379.641	27.0574616452432
330	384.219	-148.612021583193
330	388.801	-202.509173480219
330	393.385	-183.736154471899
330	397.972	-241.296139483346
330	402.562	-211.983735588638
330	407.156	-260.463488034742
330	411.752	-263.103767244199
330	416.352	-261.422488062892
330	420.954	-251.887272182773
330	425.56	-251.585667079429
330	430.168	-265.217534353326
330	434.779	-254.072462614978
330	439.393	-231.249366598836
330	444.01	-240.372620216598
330	448.63	-227.521829939292
330	453.253	-205.473071408528
330	457.878	-202.12201727533
330	462.506	-177.259585679967
330	467.137	-185.228717583572
330	471.771	-172.872250444934
330	476.407	-155.339160089183
330	481.047	-152.246253389937
330	485.688	-163.382674794844
330	490.333	-126.427233952314
330	494.979	-134.35076483254
330	499.629	-116.527227708464
330	504.281	-104.477204281491
330	508.936	-89.9963253542842
330	513.593	-91.563458931803
330	518.252	-80.1796416260377
330	522.914	-65.7308579503357
330	527.579	-70.9030110747331
330	532.245	-42.4650760298189
330	536.915	-48.5671107423205
330	541.586	-72.6179362172111
330	546.26	-48.9046894654178
330	550.936	-51.4125332671151
330	555.615	-42.3695530754
330	560.296	-44.7060367209123
330	564.979	-38.0399349127301
330	569.664	-40.5136983418842
330	574.351	-26.7818187751939
330	579.04	-46.8057845885065
330	583.732	-31.4090787890446
330	588.426	-16.9039211441756
330	593.121	-21.5241434636658
330	597.819	1.42737707117872
330	602.519	-21.8204879744952
330	607.221	-26.6555774507751
330	611.924	-21.9376341073076
330	616.63	-37.5716905830857
330	621.338	5.0770173114947
330	626.047	-19.5615566703581
330	630.758	14.9304794365052
330	635.471	-23.5906742437058
330	640.186	-14.4219893930527
330	644.903	-25.1488320179865
330	649.621	-23.5955447748607
330	654.341	-69.9168295126274
330	659.063	-161.510410808993
330	663.787	-241.101185741744
330	668.512	-166.607872662865
330	673.238	-68.0973628788464
330	677.967	-13.6630295732685
330	682.696	15.218634166001
330	687.428	-4.75249566798868
330	692.16	-11.6346030400127
330	696.895	-6.54424792464599
330	701.63	-9.02620028834436
330	706.367	-10.5381510763754
330	711.106	-6.74500917837582
330	715.845	-21.9169515563827
330	720.586	7.92475955514433
330	725.329	-20.0585303277169
330	730.072	-22.0095142595284
330	734.817	-15.8764692201646
330	739.563	6.00211263839994
330	744.31	27.6091130962723
330	749.058	8.42680727822314
330	753.808	7.42552215055844
330	758.558	10.3191400568506
330	763.31	-5.23907336429893
330	768.062	-26.0953246045493
330	772.815	-5.2976881084423
330	777.57	-1.2391783010123
330	782.325	-19.8479430210292
330	787.081	-7.79624034738741
330	791.838	-12.5619053282164
330	796.596	-4.39635937314231
330	801.355	10.281307599287
330	806.114	-19.4241462714856
330	810.875	-9.13922362163285
330	815.635	26.6589751135506
330	820.397	-3.42774048319551
330	825.159	-8.37670016968592
325	248.336	-6.00717829042236
325	252.814	-35.5426337831772
325	257.296	8.09104013688048
325	261.781	-11.566772581822
325	266.271	-45.6075202403033
325	270.764	-15.2055357770057
325	275.26	-18.7263429917082
325	279.76	0.489766876595439
325	284.264	-37.2884041876972
325	288.772	-17.9787563180086
325	293.283	-64.3202037405835
325	297.797	-91.8860279686146
325	302.315	-102.071970175139
325	306.837	-91.8732139492491
325	311.362	-90.9917790087427
325	315.89	-32.9698999464515
325	320.422	-808.774393339164
325	324.958	7.09098010321759
325	329.496	-11.2165940170744
325	334.038	-575.397442584926
325	338.584	-12.354403351027
325	343.133	-28.0368753561365
325	347.685	-24.1295134256197
325	352.24	-74.7900180641247
325	356.799	-50.783738906914
325	361.361	55.7718596373318
325	365.926	314.605005395166
325	370.495	196.343614343275
325	375.067	-33.1813878120324
325	379.641	-159.858010232901
325	384.219	-199.323922571648
325	388.801	-228.177996162128
325	393.385	-234.034976019251
325	397.972	-248.45511100085
325	402.562	-270.142131592875
325	407.156	-292.826052129073
325	411.752	-287.339170713831
325	416.352	-298.138417991185
325	420.954	-297.223923654685
325	425.56	-281.561248260926
325	430.168	-288.825467422593
325	434.779	-283.20990353297
325	439.393	-255.109671143752
325	444.01	-273.025649870476
325	448.63	-236.935837084757
325	453.253	-219.309478996958
325	457.878	-207.927163979451
325	462.506	-190.978959795754
325	467.137	-197.617031954771
325	471.771	-169.103625029329
325	476.407	-165.266692743277
325	481.047	-150.564146221162
325	485.688	-154.456792216295
325	490.333	-132.296702473341
325	494.979	-138.685980433556
325	499.629	-120.205381704329
325	504.281	-117.266272848495
325	508.936	-108.354122346751
325	513.593	-77.4142749740084
325	518.252	-86.6277772383799
325	522.914	-85.0324528904776
325	527.579	-83.388263182864
325	532.245	-67.0804927698915
325	536.915	-48.9431150783067
325	541.586	-67.2979357989972
325	546.26	-51.7799534186414
325	550.936	-51.0388105073812
325	555.615	-49.9862709580622
325	560.296	-50.1985543611299
325	564.979	-32.6225938661842
325	569.664	-34.3042786249332
325	574.351	-20.6425057114273
325	579.04	-51.9285466923138
325	583.732	-27.7548559759328
325	588.426	-27.3001329167038
325	593.121	-31.9134308925661
325	597.819	-17.4026955567702
325	602.519	-32.356060535134
325	607.221	-26.8492525095737
325	611.924	-19.0984171577969
325	616.63	-27.0975343527471
325	621.338	-21.0314282470284
325	626.047	-41.5218207089337
325	630.758	14.7503413425313
325	635.471	-35.1818311127447
325	640.186	-8.06694535785324
325	644.903	-111.792550796696
325	649.621	-228.997168226313
325	654.341	-261.438216092399
325	659.063	-189.339973147278
325	663.787	-17.1345396531787
325	668.512	4.87397610399827
325	673.238	-15.0155785139803
325	677.967	-31.3164918212111
325	682.696	22.7765552977438
325	687.428	7.71650761027143E-4
325	692.16	-14.4070965386348
325	696.895	1.0914849264535
325	701.63	2.93028215026413
325	706.367	-7.40143364035987
325	711.106	17.2079039797415
325	715.845	-23.4564106527254
325	720.586	4.93437582883744
325	725.329	-6.13683268649396
325	730.072	-26.2576909292279
325	734.817	-15.546111689139
325	739.563	-10.6134254719892
325	744.31	-0.390735885301943
325	749.058	14.4726838534781
325	753.808	-11.4652196070051
325	758.558	-6.67169881964631
325	763.31	-5.10018753887794
325	768.062	-9.87415141100225
325	772.815	3.00381152767226
325	777.57	-12.2572381414042
325	782.325	-6.67162710808761
325	787.081	-7.75396447414696
325	791.838	-25.9961605770213
325	796.596	-4.64265125942426
325	801.355	33.2949495063584
325	806.114	-20.4527759964419
325	810.875	2.40839939803206
325	815.635	9.62563177972133
325	820.397	-2.00447219241569
325	825.159	-8.82248007701797
320	248.336	-8.45691592091811
320	252.814	-31.4097210247135
320	257.296	4.01644098832284
320	261.781	16.2845979904233
320	266.271	-33.6243201548756
320	270.764	-1.54648859254321
320	275.26	-3.53571300422011
320	279.76	17.7683542225211
320	284.264	-69.3436007406173
320	288.772	-33.173882670967
320	293.283	-126.544747118312
320	297.797	-91.6550951829493
320	302.315	-119.459520499702
320	306.837	-91.7456322626122
320	311.362	-142.286729262636
320	315.89	-961.85105666563
320	320.422	-4.27510562357929
320	324.958	4.30760949316391
320	329.496	-347.304627937088
320	334.038	-50.5376210111039
320	338.584	-64.8563788236299
320	343.133	-81.7569729863387
320	347.685	-67.2068877852357
320	352.24	-74.5550391081812
320	356.799	204.476843776028
320	361.361	306.248696112474
320	365.926	147.03297438343
320	370.495	-108.315539784355
320	375.067	-153.291483305382
320	379.641	-167.812919462476
320	384.219	-227.742218924546
320	388.801	-267.645876775126
320	393.385	-241.853454901619
320	397.972	-280.709845057555
320	402.562	-293.901096813038
320	407.156	-307.803499768713
320	411.752	-309.72514752703
320	416.352	-309.653201604625
320	420.954	-325.642642315887
320	425.56	-314.846356195635
320	430.168	-298.483330759992
320	434.779	-273.477964120518
320	439.393	-289.663606302762
320	444.01	-293.384600802658
320	448.63	-260.213462336365
320	453.253	-249.212103606917
320	457.878	-231.540030858524
320	462.506	-213.863531054535
320	467.137	-190.499807687468
320	471.771	-200.037568224351
320	476.407	-182.003040463577
320	481.047	-152.344453797357
320	485.688	-169.105505433259
320	490.333	-144.560733769668
320	494.979	-133.308119482704
320	499.629	-128.2573149091
320	504.281	-115.462861607326
320	508.936	-119.258472244551
320	513.593	-95.3161023576737
320	518.252	-85.2993156265329
320	522.914	-102.914343307387
320	527.579	-74.1589386633861
320	532.245	-49.7571648744717
320	536.915	-56.8465742457495
320	541.586	-61.5981902133453
320	546.26	-53.4344496841142
320	550.936	-47.8862803863425
320	555.615	-44.9779221662129
320	560.296	-34.1030039672221
320	564.979	-48.6001314648763
320	569.664	-32.5354044338459
320	574.351	-25.7605029450944
320	579.04	-58.4859068441989
320	583.732	-58.5489295281502
320	588.426	-28.1716877431406
320	593.121	-37.4368234716706
320	597.819	-26.5857075402741
320	602.519	-12.7563587449663
320	607.221	-12.5501291939936
320	611.924	-14.9445916311228
320	616.63	-36.4677733668929
320	621.338	-5.29196872218856
320	626.047	-29.4185462711088
320	630.758	-1.67687296053668
320	635.471	-103.794503217643
320	640.186	-142.449126362824
320	644.903	-189.931312190891
320	649.621	-110.45144588035
320	654.341	-53.9756058426779
320	659.063	-19.7056819864985
320	663.787	-23.6231882126925
320	668.512	16.4837275226873
320	673.238	-8.10259733509588
320	677.967	-20.4124268785813
320	682.696	29.2754200592029
320	687.428	-5.66757719893925
320	692.16	-14.8194292814872
320	696.895	-24.0999500078272
320	701.63	17.3622284946999
320	706.367	-19.9103750485067
320	711.106	16.5750672430794
320	715.845	-13.9599782931738
320	720.586	2.00774697805308
320	725.329	14.1840719675855
320	730.072	-15.0703693802685
320	734.817	-8.20451218779666
320	739.563	-15.3590169388247
320	744.31	14.6852595604748
320	749.058	-5.51090637175949
320	753.808	0.00350388899250831
320	758.558	18.9183376655186
320	763.31	6.28335048222286
320	768.062	-19.9263625704979
320	772.815	-1.35809485501889
320	777.57	-31.8664584671078
320	782.325	-15.4760803577267
320	787.081	-11.5550007770635
320	791.838	21.6486978155847
320	796.596	-16.6604177505807
320	801.355	16.0763494629042
320	806.114	-16.075603622823
320	810.875	6.34665232378666
320	815.635	1.26870395908917
320	820.397	-3.80795161613433
320	825.159	-13.535759293713
315	248.336	-11.6262530404383
315	252.814	-9.6368554773496
315	257.296	-5.82179282492428
315	261.781	15.0862252905733
315	266.271	-33.3694382400282
315	270.764	12.6383214127028
315	275.26	-16.0006919416256
315	279.76	-44.6793554416328
315	284.264	-107.451998112668
315	288.772	-67.8032735126375
315	293.283	-101.863035262718
315	297.797	-116.889791304876
315	302.315	-64.7571694164773
315	306.837	-70.4700247430511
315	311.362	-1164.30066641684
315	315.89	15.1928136357201
315	320.422	-533.285976036517
315	324.958	-236.977290127081
315	329.496	-64.2160483781626
315	334.038	-99.7408029763684
315	338.584	-76.1956089027321
315	343.133	-83.2890259784247
315	347.685	82.3380086361597
315	352.24	285.978992607918
315	356.799	332.186066006092
315	361.361	-2.29410947133533
315	365.926	-136.959461740469
315	370.495	-186.763971630346
315	375.067	-188.894133670382
315	379.641	-201.947635346926
315	384.219	-262.070979612598
315	388.801	-277.61409759512
315	393.385	-261.154666462571
315	397.972	-290.256129349911
315	402.562	-302.199084194734
315	407.156	-294.789525446636
315	411.752	-332.469468494683
315	416.352	-335.959372642234
315	420.954	-330.947721096194
315	425.56	-314.885489887298
315	430.168	-304.785834585645
315	434.779	-316.365278813944
315	439.393	-297.593191179254
315	444.01	-296.588126662326
315	448.63	-285.188396922356
315	453.253	-258.750490411012
315	457.878	-253.35322919522
315	462.506	-233.941390709275
315	467.137	-210.388701007373
315	471.771	-190.583005037106
315	476.407	-187.542798644316
315	481.047	-169.56884906837
315	485.688	-181.702626153725
315	490.333	-144.189873761976
315	494.979	-146.642447698201
315	499.629	-123.575039479306
315	504.281	-123.705199504489
315	508.936	-115.960823474365
315	513.593	-92.8412968123153
315	518.252	-97.583085268304
315	522.914	-89.7168715988818
315	527.579	-78.148534533133
315	532.245	-61.464873528027
315	536.915	-61.6724046631767
315	541.586	-74.7843428050616
315	546.26	-69.337264160488
315	550.936	-35.5534067355471
315	555.615	-52.9427515039008
315	560.296	-48.7360220040673
315	564.979	-48.2231477254751
315	569.664	-42.7863820005526
315	574.351	-43.4755832885674
315	579.04	-45.5041045441184
315	583.732	-43.4915674252978
315	588.426	-24.169281293481
315	593.121	-40.9356439739631
315	597.819	-21.0867677264473
315	602.519	-16.1871421339312
315	607.221	-28.9316782859977
315	611.924	-18.2052849482757
315	616.63	-32.6603591764211
315	621.338	-9.41387956865006
315	626.047	-100.236105839832
315	630.758	-161.116310780401
315	635.471	-235.076297993693
315	640.186	-86.6643364735353
315	644.903	-3.1977368764496
315	649.621	-35.5295501554628
315	654.341	-24.05343564725
315	659.063	-31.8448295295572
315	663.787	2.31209786706907
315	668.512	12.7938807320231
315	673.238	-10.9083381658442
315	677.967	-47.9046061491257
315	682.696	25.4134988128322
315	687.428	-1.99750658153573
315	692.16	-16.8801456929701
315	696.895	-12.5368502344655
315	701.63	4.51047911817439
315	706.367	18.6103174145413
315	711.106	31.751869950729
315	715.845	-9.26219761753218
315	720.586	-9.72136533595156
315	725.329	-15.8483239298895
315	730.072	-14.2237710662575
315	734.817	-7.37582483382024
315	739.563	-9.66247719920251
315	744.31	18.1998742513917
315	749.058	7.62445932652998
315	753.808	18.290138615988
315	758.558	2.79448690309312
315	763.31	5.7016742734788
315	768.062	-21.0818363556752
315	772.815	18.1978716394785
315	777.57	-39.0861247668756
315	782.325	-19.8430700434709
315	787.081	-15.7869278679507
315	791.838	-42.7518840470688
315	796.596	-4.14506838147991
315	801.355	7.61135262534645
315	806.114	-20.1404788912808
315	810.875	-13.426059050159
315	815.635	19.6913173411473
315	820.397	-19.6946035427016
315	825.159	-1.34356648700871
310	248.336	-8.89274073173927
310	252.814	-25.3412577779093
310	257.296	-8.30697488815588
310	261.781	-3.32748249564159
310	266.271	-35.557608971334
310	270.764	-35.4070871019043
310	275.26	-43.4644615086758
310	279.76	-85.3922344904717
310	284.264	-100.034664010529
310	288.772	-66.4477705776826
310	293.283	-124.728830744601
310	297.797	-72.6478528858896
310	302.315	-60.5175158518273
310	306.837	-1289.50352332138
310	311.362	13.2743003742908
310	315.89	-2229.27314143573
310	320.422	-82.8724909065133
310	324.958	-74.8225084072122
310	329.496	-88.9381404142688
310	334.038	-78.1864626604647
310	338.584	-123.17600433981
310	343.133	169.534201694329
310	347.685	473.347440483798
310	352.24	249.362036527858
310	356.799	-72.3024360338195
310	361.361	-180.265274556675
310	365.926	-174.550557500491
310	370.495	-178.972363029547
310	375.067	-231.239875066451
310	379.641	-236.324393801871
310	384.219	-280.846488092925
310	388.801	-323.043665784131
310	393.385	-267.918115766172
310	397.972	-309.133388473054
310	402.562	-325.165537118322
310	407.156	-338.677658020993
310	411.752	-353.747403058057
310	416.352	-316.341482178207
310	420.954	-336.586212186635
310	425.56	-344.592982000982
310	430.168	-330.462055395891
310	434.779	-319.196886605498
310	439.393	-325.310865992399
310	444.01	-318.806620989715
310	448.63	-291.050184789901
310	453.253	-280.508679426423
310	457.878	-245.848267157134
310	462.506	-217.827027510438
310	467.137	-212.390031020526
310	471.771	-212.114842019126
310	476.407	-193.719405755284
310	481.047	-179.399951262045
310	485.688	-195.47347140945
310	490.333	-153.690883291309
310	494.979	-149.050578411092
310	499.629	-139.183381332117
310	504.281	-107.595559704619
310	508.936	-138.297655300398
310	513.593	-98.0179145348171
310	518.252	-92.7146456557123
310	522.914	-108.487722243004
310	527.579	-83.8370075307179
310	532.245	-41.6188039425584
310	536.915	-67.1602774501857
310	541.586	-50.2634150412939
310	546.26	-64.0856777229253
310	550.936	-56.9487008902235
310	555.615	-54.7219408645307
310	560.296	-49.2773828420836
310	564.979	-53.7635131024387
310	569.664	-60.9395110873772
310	574.351	-11.2601242805739
310	579.04	-70.9862667440647
310	583.732	-45.7687097324458
310	588.426	-20.5330531951891
310	593.121	-35.344531752523
310	597.819	-38.7134215315592
310	602.519	-31.5575299230431
310	607.221	-16.0617880978367
310	611.924	-32.3171775784369
310	616.63	-133.261240746222
310	621.338	-194.15732154704
310	626.047	-211.230081489365
310	630.758	-98.9366289831553
310	635.471	-57.3616834247262
310	640.186	-11.3479956327584
310	644.903	-39.9473046442128
310	649.621	-21.0217282419268
310	654.341	-21.336924284464
310	659.063	1.61730739600179
310	663.787	-0.369623043494002
310	668.512	-19.5603855440306
310	673.238	-13.5128359760537
310	677.967	-34.2989731435526
310	682.696	28.4539580012377
310	687.428	17.3306772758626
310	692.16	-13.4438602235172
310	696.895	6.08906410403185
310	701.63	-11.4788248036006
310	706.367	1.37332725687554
310	711.106	11.9055228593763
310	715.845	-7.54010337677436
310	720.586	-21.3724873288905
310	725.329	-31.5702021138098
310	730.072	-14.0613456717725
310	734.817	-14.1452176280719
310	739.563	-19.4386240727955
310	744.31	9.33002300261184
310	749.058	-14.6379536349632
310	753.808	4.83202737784754
310	758.558	0.979839566131672
310	763.31	-2.48416777797011
310	768.062	-26.2230464627286
310	772.815	-3.02003985490412
310	777.57	-21.0783200392358
310	782.325	-1.56299300145092
310	787.081	-9.62647303551348
310	791.838	-8.56393457457275
310	796.596	6.565377125692
310	801.355	16.0184055578374
310	806.114	-33.44445833409
310	810.875	-3.76174407127521
310	815.635	9.41638741143968
310	820.397	-7.53644054759067
310	825.159	17.4316038069842
305	248.336	-2.91780216245215
305	252.814	-32.3645873448939
305	257.296	-19.5003094610828
305	261.781	-15.9909114986002
305	266.271	-44.7889826923704
305	270.764	-38.324969941813
305	275.26	-66.0706437935793
305	279.76	-96.3906569839171
305	284.264	-120.650998700625
305	288.772	-65.6882957670655
305	293.283	-55.8016866448201
305	297.797	-83.6182198316089
305	302.315	-1806.93161225732
305	306.837	51.2450635162968
305	311.362	-1779.47655878132
305	315.89	-28.718281346976
305	320.422	-110.371020401054
305	324.958	-93.3243789463289
305	329.496	-132.182888694606
305	334.038	-69.3046890008827
305	338.584	311.870870145191
305	343.133	528.379803761269
305	347.685	160.420937376851
305	352.24	-174.147419580383
305	356.799	-219.744417235757
305	361.361	-233.341792512237
305	365.926	-181.781665125771
305	370.495	-186.565462080402
305	375.067	-214.393241155662
305	379.641	-208.019597675957
305	384.219	-268.687013129186
305	388.801	-304.158068451701
305	393.385	-282.801812278736
305	397.972	-279.875497440316
305	402.562	-329.959588791836
305	407.156	-355.875627418934
305	411.752	-327.208584862235
305	416.352	-318.755058424573
305	420.954	-349.096196501519
305	425.56	-321.301492116995
305	430.168	-331.0138131685
305	434.779	-339.40809096711
305	439.393	-325.712847388463
305	444.01	-329.194813670325
305	448.63	-285.368259277366
305	453.253	-285.408115275934
305	457.878	-260.924103155019
305	462.506	-249.760520622909
305	467.137	-222.077282145223
305	471.771	-228.504788616495
305	476.407	-188.922783842186
305	481.047	-204.461196603052
305	485.688	-179.280505236536
305	490.333	-141.389024635019
305	494.979	-159.561653067365
305	499.629	-131.938671786432
305	504.281	-117.4449748342
305	508.936	-128.654720113701
305	513.593	-98.5826262457841
305	518.252	-77.8595367529451
305	522.914	-97.8860765822878
305	527.579	-78.0719489557098
305	532.245	-71.6654067046416
305	536.915	-72.2585898622668
305	541.586	-74.4435715803623
305	546.26	-60.9301053672262
305	550.936	-41.6158967688167
305	555.615	-43.8187244166463
305	560.296	-25.8751872210152
305	564.979	-41.8965524268158
305	569.664	-73.6105504260739
305	574.351	-45.4708631890301
305	579.04	-62.3870056477892
305	583.732	-33.1998185372249
305	588.426	-48.2088670206918
305	593.121	-38.3661864935606
305	597.819	-11.1749093008431
305	602.519	-72.4734999578839
305	607.221	-131.858085905101
305	611.924	-221.23062441769
305	616.63	-157.627880172613
305	621.338	-76.7159798828109
305	626.047	-30.9582039389088
305	630.758	26.5631392575026
305	635.471	-24.6035468589924
305	640.186	-14.5242253204934
305	644.903	-14.3077774826182
305	649.621	-22.7938046571492
305	654.341	-24.4126318489361
305	659.063	-29.3220703374926
305	663.787	9.95718394865034
305	668.512	8.74666029726462
305	673.238	2.31086531694665
305	677.967	-25.3426275640103
305	682.696	29.2212092861667
305	687.428	21.3557508720927
305	692.16	5.13820943620797
305	696.895	-13.1075664855738
305	701.63	-11.4009287245092
305	706.367	-1.39782676225903
305	711.106	-10.3122568168175
305	715.845	-27.9533302219674
305	720.586	-27.5480793233191
305	725.329	-44.7035223051602
305	730.072	-17.8784053644788
305	734.817	-0.955281242083281
305	739.563	-12.3167650979018
305	744.31	3.96170992922796
305	749.058	-3.02628392488739
305	753.808	-4.09277753020187
305	758.558	12.5359477686807
305	763.31	30.3953613188632
305	768.062	-26.3433302417375
305	772.815	0.0123788558206535
305	777.57	-40.550714325624
305	782.325	-28.9532707665411
305	787.081	14.8839561018912
305	791.838	-40.5550183181957
305	796.596	-13.9306959802529
305	801.355	22.5954820558488
305	806.114	-14.0596498022073
305	810.875	-11.5503262361546
305	815.635	27.1320986942433
305	820.397	-16.567320516635
305	825.159	-9.04348194753943
300	248.336	-14.3945795282396
300	252.814	-39.004486717641
300	257.296	-49.7778641404017
300	261.781	-27.6686252051857
300	266.271	-95.9019841648823
300	270.764	-107.468705365886
300	275.26	-135.368135169247
300	279.76	-115.368636989231
300	284.264	-62.8969146585591
300	288.772	-22.9082751469754
300	293.283	-171.86614840037
300	297.797	-2022.04907946871
300	302.315	43.5895467296104
300	306.837	-1474.56365090435
300	311.362	-41.4247461802097
300	315.89	-20.8933122441887
300	320.422	-61.3538050214531
300	324.958	-115.286440853497
300	329.496	69.6440597058129
300	334.038	521.515667731769
300	338.584	399.262671869769
300	343.133	-26.8292100163701
300	347.685	-221.950165579921
300	352.24	-279.362037957108
300	356.799	-277.034411333129
300	361.361	-232.311091437154
300	365.926	-243.594746322121
300	370.495	-243.844625972177
300	375.067	-265.607987504687
300	379.641	-236.2469631738
300	384.219	-276.590435944611
300	388.801	-321.417991227368
300	393.385	-297.27568530354
300	397.972	-348.635993479355
300	402.562	-323.874703049038
300	407.156	-336.895156029722
300	411.752	-341.553907486179
300	416.352	-320.432391801424
300	420.954	-323.369237309975
300	425.56	-299.242260683691
300	430.168	-319.026813363126
300	434.779	-321.922400583643
300	439.393	-302.677023864224
300	444.01	-327.852362629576
300	448.63	-260.182163023032
300	453.253	-267.743090766087
300	457.878	-252.429054464772
300	462.506	-225.409528092955
300	467.137	-218.729471421311
300	471.771	-203.188684840338
300	476.407	-177.202787575543
300	481.047	-214.021500871766
300	485.688	-209.546096106975
300	490.333	-162.773736999827
300	494.979	-150.054212386652
300	499.629	-132.58304067078
300	504.281	-114.117513611334
300	508.936	-147.254532536533
300	513.593	-97.071268963466
300	518.252	-100.640824701809
300	522.914	-97.1429604339986
300	527.579	-80.7360145912014
300	532.245	-78.98973247083
300	536.915	-75.2547042705766
300	541.586	-102.820603458305
300	546.26	-65.0153144902924
300	550.936	-77.1676834185843
300	555.615	-44.8632974313032
300	560.296	-45.0154174867764
300	564.979	-60.3546271761083
300	569.664	-43.4295130819729
300	574.351	-76.8129753376169
300	579.04	-50.8086026124906
300	583.732	-56.2917929948691
300	588.426	-42.2711439719399
300	593.121	-76.5133185733018
300	597.819	-159.181817750022
300	602.519	-249.470534371796
300	607.221	-221.735150419692
300	611.924	-85.3244391695462
300	616.63	-24.6095053533845
300	621.338	-26.3641699316979
300	626.047	-36.3595638655111
300	630.758	-7.63548263921739
300	635.471	-20.6284956548999
300	640.186	-1.25219616899073
300	644.903	-28.808112955457
300	649.621	-32.2882553373166
300	654.341	-44.9339098757399
300	659.063	-30.3157933355772
300	663.787	-7.63519605458858
300	668.512	14.6756339259516
300	673.238	-5.24652594492431
300	677.967	-33.5660528717951
300	682.696	36.7362931988951
300	687.428	14.9020117489533
300	692.16	-47.1610426755658
300	696.895	-5.31381747304283
300	701.63	24.4415123475821
300	706.367	-25.2028207236114
300	711.106	-10.4688617794333
300	715.845	-26.2729335994103
300	720.586	-40.538112159272
300	725.329	-52.8231487798886
300	730.072	9.32179470262763
300	734.817	-40.506847252818
300	739.563	-11.5678083526245
300	744.31	23.3684939297469
300	749.058	41.8857328601849
300	753.808	4.41107488343365
300	758.558	1.69072698236558
300	763.31	28.4372633450494
300	768.062	-39.5693896150258
300	772.815	4.01418843232757
300	777.57	-44.9940650241622
300	782.325	-1.1965048414546
300	787.081	-17.0652056063485
300	791.838	14.0319478498515
300	796.596	1.29027340760323
300	801.355	21.9750619916642
300	806.114	-34.2531700984569
300	810.875	-2.13802160702801
300	815.635	28.8994960066544
300	820.397	1.07332084063022
300	825.159	-6.9675343861524
295	248.336	-6.77810611317717
295	252.814	-28.0001723998822
295	257.296	-24.5554651211594
295	261.781	-58.0169567941542
295	266.271	-120.39576315562
295	270.764	-4.17202427211225
295	275.26	-132.470905025961
295	279.76	-65.3561753805342
295	284.264	-83.804446579485
295	288.772	-206.310667364922
295	293.283	-2380.90494067721
295	297.797	63.4983353810094
295	302.315	-1166.63041122428
295	306.837	-46.2916522380209
295	311.362	-120.104931200161
295	315.89	-134.442303214993
295	320.422	-148.417235037901
295	324.958	225.932296074759
295	329.496	437.803470385335
295	334.038	161.417524165862
295	338.584	-265.237080783246
295	343.133	-386.4908180824
295	347.685	-317.747978735475
295	352.24	-372.316835840074
295	356.799	-356.271921286973
295	361.361	-288.404673723317
295	365.926	-267.580403540759
295	370.495	-274.987128643588
295	375.067	-262.723246293099
295	379.641	-244.494631066211
295	384.219	-280.247087286197
295	388.801	-326.010721021235
295	393.385	-299.834911386271
295	397.972	-311.622394289729
295	402.562	-305.994087887647
295	407.156	-318.977477872544
295	411.752	-319.021152877769
295	416.352	-298.892077054605
295	420.954	-319.613143652534
295	425.56	-309.037127135751
295	430.168	-324.48124696359
295	434.779	-337.894433356097
295	439.393	-310.998200642748
295	444.01	-302.69410994227
295	448.63	-269.78910148255
295	453.253	-248.52617416045
295	457.878	-247.836326876292
295	462.506	-219.631022457991
295	467.137	-224.213301379329
295	471.771	-195.719965285759
295	476.407	-167.354989461547
295	481.047	-177.844001924845
295	485.688	-177.344923053954
295	490.333	-163.500554895411
295	494.979	-136.395629006394
295	499.629	-128.47438223319
295	504.281	-125.801950665177
295	508.936	-139.596576611405
295	513.593	-114.889375856112
295	518.252	-96.9491677347359
295	522.914	-123.924060052939
295	527.579	-88.877798187475
295	532.245	-60.6062602744198
295	536.915	-64.2652038577425
295	541.586	-74.1991792314569
295	546.26	-82.812091800296
295	550.936	-50.024988362534
295	555.615	-39.0834167780929
295	560.296	-54.3537112963685
295	564.979	-55.6622422159617
295	569.664	-29.402011694067
295	574.351	-49.4122217587637
295	579.04	-62.0711028795265
295	583.732	-119.405965829701
295	588.426	-211.353461927697
295	593.121	-374.589760440953
295	597.819	-248.948235868619
295	602.519	-81.9675622202569
295	607.221	-19.9487227736145
295	611.924	-29.706280225471
295	616.63	-9.8222922748703
295	621.338	-23.0551069822339
295	626.047	-14.602286068627
295	630.758	22.7431154933144
295	635.471	-36.2973483977991
295	640.186	8.02370877292078
295	644.903	-23.0676638160273
295	649.621	-24.6903150732933
295	654.341	10.5798286962836
295	659.063	-9.38926700922002
295	663.787	19.8083498788897
295	668.512	-2.76798136806013
295	673.238	-23.0602608638465
295	677.967	-32.4698452462414
295	682.696	-6.65707022896084
295	687.428	-32.5828408814047
295	692.16	-27.0479720349931
295	696.895	-6.26856187393277
295	701.63	16.943283138707
295	706.367	-45.9724578541457
295	711.106	-24.3179014572366
295	715.845	-39.8793359805911
295	720.586	-33.9709713164995
295	725.329	-41.61051439997
295	730.072	13.4091811181958
295	734.817	-39.3037455494134
295	739.563	-17.0543386457018
295	744.31	6.90295287305919
295	749.058	-0.604817545059008
295	753.808	3.600507420786
295	758.558	19.8992506222317
295	763.31	36.8822429196652
295	768.062	-31.0528419263784
295	772.815	33.4475611441698
295	777.57	-41.6916580472681
295	782.325	-0.650435675334398
295	787.081	-31.588987203505
295	791.838	-23.6843862466387
295	796.596	-35.5331689720615
295	801.355	20.2674363337338
295	806.114	-17.9442414212272
295	810.875	-35.3473688033108
295	815.635	-6.40565200221092
295	820.397	-41.1424585606578
295	825.159	2.90002517173497
290	248.336	23.438803607266
290	252.814	-93.3911230468259
290	257.296	-122.415081578041
290	261.781	-100.234624767615
290	266.271	-109.015380232651
290	270.764	-107.47464935594
290	275.26	-161.85310570115
290	279.76	-121.265019406053
290	284.264	-398.839715321547
290	288.772	-3542.84846040881
290	293.283	30.1263103516249
290	297.797	-1104.92920378624
290	302.315	-353.724702603522
290	306.837	-417.653404894913
290	311.362	-471.34093234317
290	315.89	-266.474433951133
290	320.422	123.798739651777
290	324.958	195.07744736766
290	329.496	-374.786505997369
290	334.038	-627.376547572975
290	338.584	-649.600343936788
290	343.133	-605.477139434194
290	347.685	-538.594697352303
290	352.24	-535.613510501035
290	356.799	-481.674102391683
290	361.361	-395.405313656115
290	365.926	-362.660499719846
290	370.495	-316.803580064178
290	375.067	-288.076858893176
290	379.641	-300.383950814419
290	384.219	-381.780979479507
290	388.801	-384.889649294597
290	393.385	-319.376320863766
290	397.972	-316.998321044035
290	402.562	-298.833072666615
290	407.156	-303.326555135806
290	411.752	-298.900053585423
290	416.352	-302.480373432723
290	420.954	-287.65986617928
290	425.56	-291.23170206827
290	430.168	-268.033099505561
290	434.779	-304.073729778388
290	439.393	-287.967145330762
290	444.01	-279.423874183561
290	448.63	-271.444937597022
290	453.253	-276.271958584031
290	457.878	-234.397154707713
290	462.506	-233.380294066331
290	467.137	-207.317678736383
290	471.771	-184.249210651443
290	476.407	-154.386236851816
290	481.047	-171.462865426787
290	485.688	-177.569200000335
290	490.333	-175.596804759142
290	494.979	-162.154569999292
290	499.629	-157.81011047195
290	504.281	-140.702164594237
290	508.936	-169.151844713747
290	513.593	-97.8650970773134
290	518.252	-136.741425657018
290	522.914	-130.286824404612
290	527.579	-124.622135874975
290	532.245	-54.2925942494693
290	536.915	-62.6358112286928
290	541.586	-74.3766671382724
290	546.26	-74.8837608962889
290	550.936	-73.1689690478605
290	555.615	-57.0633007249318
290	560.296	-85.756469940085
290	564.979	-45.9406200009971
290	569.664	-72.3292910509007
290	574.351	-171.779562539454
290	579.04	-301.191684019682
290	583.732	-397.685204111342
290	588.426	-253.738618538679
290	593.121	-104.594336507996
290	597.819	-47.1394590341806
290	602.519	-58.718801833612
290	607.221	-57.8150236735419
290	611.924	-33.8052904754765
290	616.63	-40.6426766668343
290	621.338	-32.9663448540555
290	626.047	-52.502428401109
290	630.758	13.8865473922172
290	635.471	-19.8887484840542
290	640.186	6.52083864004797
290	644.903	-47.5712423382453
290	649.621	-27.0477540994494
290	654.341	-44.2117206221913
290	659.063	-55.0986968895377
290	663.787	-32.8979393868528
290	668.512	-13.2781086309081
290	673.238	-13.8479911886988
290	677.967	-49.3331357075141
290	682.696	23.2850118061807
290	687.428	8.59065087452095
290	692.16	-34.4510294467736
290	696.895	-28.896980251073
290	701.63	-9.31876096942686
290	706.367	-10.0252472979688
290	711.106	1.80003731536962
290	715.845	-82.6129245590423
290	720.586	-85.2748356886792
290	725.329	-23.2669451731166
290	730.072	-40.6690117968418
290	734.817	-66.3672365972668
290	739.563	-32.6123443000783
290	744.31	-3.82602922975316
290	749.058	-5.11952579127771
290	753.808	-11.0707457746534
290	758.558	-30.5780971418268
290	763.31	50.2367786567713
290	768.062	-14.3807790806196
290	772.815	10.2644437028792
290	777.57	-18.1405196623785
290	782.325	-21.9669727370332
290	787.081	-23.9900234498381
290	791.838	-58.9118893085806
290	796.596	-30.3522373373496
290	801.355	10.2084667127183
290	806.114	-8.9416260901681
290	810.875	-26.2194611487165
290	815.635	30.6926077929245
290	820.397	-7.6617173125238
290	825.159	12.7682842680069
285	248.336	-109.694689362862
285	252.814	-146.011367775965
285	257.296	-140.870491071643
285	261.781	-96.4025266315392
285	266.271	-91.7919396333763
285	270.764	-100.711455427494
285	275.26	-137.559790278972
285	279.76	-617.618105964175
285	284.264	-3621.15434266273
285	288.772	87.4055437505303
285	293.283	-1310.24979232044
285	297.797	-828.388958933689
285	302.315	-1059.65622580888
285	306.837	-1082.30790250161
285	311.362	-820.087910398868
285	315.89	-175.863978922458
285	320.422	-490.942405476528
285	324.958	-1129.29701837451
285	329.496	-1253.55757124197
285	334.038	-1164.15526212258
285	338.584	-1046.5529349602
285	343.133	-913.812086750315
285	347.685	-734.621288439154
285	352.24	-790.965469249969
285	356.799	-649.951387320779
285	361.361	-478.490910583677
285	365.926	-489.899749061555
285	370.495	-368.885569695552
285	375.067	-351.890314050503
285	379.641	-343.370184205561
285	384.219	-381.718884337087
285	388.801	-359.282802993008
285	393.385	-291.216190973341
285	397.972	-298.603818477191
285	402.562	-332.317557780775
285	407.156	-300.043834386772
285	411.752	-300.552671866919
285	416.352	-318.404955398294
285	420.954	-281.070876843356
285	425.56	-308.89424413758
285	430.168	-260.98909762313
285	434.779	-278.260645453723
285	439.393	-290.832006548273
285	444.01	-272.72616060122
285	448.63	-254.248204641181
285	453.253	-248.661109187963
285	457.878	-213.051165062988
285	462.506	-204.995175795371
285	467.137	-253.540295568994
285	471.771	-200.355403863313
285	476.407	-196.360901043617
285	481.047	-213.764139132333
285	485.688	-194.289551408473
285	490.333	-185.934798956143
285	494.979	-165.482923950884
285	499.629	-169.760055837744
285	504.281	-171.454505992516
285	508.936	-166.050587700137
285	513.593	-114.875964277104
285	518.252	-102.330216295854
285	522.914	-147.915302928368
285	527.579	-100.729468721746
285	532.245	-52.1158625977483
285	536.915	-55.5163253080339
285	541.586	-79.911713263847
285	546.26	-75.84435894708
285	550.936	-83.6005456679712
285	555.615	-103.799548003727
285	560.296	-98.8552146953136
285	564.979	-175.798522591421
285	569.664	-345.565639236529
285	574.351	-454.86685991015
285	579.04	-311.934149259906
285	583.732	-137.543819441721
285	588.426	-90.1145318860217
285	593.121	-96.6303354535538
285	597.819	-39.8370919470378
285	602.519	-65.4608200833038
285	607.221	-77.1727974456576
285	611.924	-81.8884061206948
285	616.63	-95.2611055644165
285	621.338	-42.7597045295029
285	626.047	-29.1617561987693
285	630.758	32.6113208470311
285	635.471	-22.9839207574338
285	640.186	-42.5638693506423
285	644.903	-77.2714809214683
285	649.621	-98.4035729781886
285	654.341	-71.1320899149887
285	659.063	-79.2076496746837
285	663.787	-43.9082702762112
285	668.512	-20.8543729906033
285	673.238	-67.3913701032093
285	677.967	-66.6656531739211
285	682.696	-10.3641612420086
285	687.428	-1.91392216103242
285	692.16	-35.4087679387201
285	696.895	-15.1843882599179
285	701.63	12.6970260161137
285	706.367	-26.2839637870325
285	711.106	-14.3116477720477
285	715.845	-49.6000865022019
285	720.586	-22.142576251155
285	725.329	-18.1889641104666
285	730.072	-32.3642519165431
285	734.817	-14.1417229505738
285	739.563	-48.0419851988897
285	744.31	-13.7778734600326
285	749.058	44.6902596990006
285	753.808	26.1585708276455
285	758.558	-9.10484764877862
285	763.31	19.4141678193423
285	768.062	-26.5947173419865
285	772.815	-20.336586632476
285	777.57	-21.5325458644496
285	782.325	4.85690298002248
285	787.081	-50.7305133085641
285	791.838	-44.044066845965
285	796.596	-37.2063946888966
285	801.355	13.906674805263
285	806.114	-23.3753994650279
285	810.875	-62.8671802174118
285	815.635	21.8902289031317
285	820.397	-3.64609498790468
285	825.159	-0.733316690292034
280	248.336	-50.1285899597325
280	252.814	-217.984777566863
280	257.296	-90.5717215398828
280	261.781	-144.097485881848
280	266.271	-201.674461439543
280	270.764	-110.63370173469
280	275.26	-691.755509128928
280	279.76	-4989.26747304923
280	284.264	34.9369049087909
280	288.772	-1328.62264375558
280	293.283	-1124.82451180738
280	297.797	-1385.27508935752
280	302.315	-1650.82902409294
280	306.837	-1195.86001519767
280	311.362	-802.785130503213
280	315.89	-1105.70281246298
280	320.422	-1753.47054099985
280	324.958	-1855.92018245967
280	329.496	-1717.62824803149
280	334.038	-1565.36162040311
280	338.584	-1409.9469100458
280	343.133	-1200.62220281498
280	347.685	-976.269170361476
280	352.24	-954.177524893956
280	356.799	-762.225897138098
280	361.361	-581.977988160752
280	365.926	-473.90130088925
280	370.495	-455.127245179259
280	375.067	-415.910449094892
280	379.641	-312.080585031501
280	384.219	-420.288312115741
280	388.801	-392.520988052674
280	393.385	-339.964187922548
280	397.972	-299.059078540314
280	402.562	-291.857630866988
280	407.156	-325.152493168035
280	411.752	-301.552366779028
280	416.352	-291.922913041531
280	420.954	-315.200989998558
280	425.56	-280.583018475429
280	430.168	-301.387505986859
280	434.779	-294.135151847905
280	439.393	-277.3043514498
280	444.01	-299.100719855723
280	448.63	-269.09181056869
280	453.253	-265.398318355104
280	457.878	-222.907796536598
280	462.506	-222.926981759222
280	467.137	-240.491337328472
280	471.771	-196.902123579843
280	476.407	-203.754602638755
280	481.047	-212.269759181065
280	485.688	-203.764342289732
280	490.333	-173.201411990385
280	494.979	-163.049386732392
280	499.629	-180.581095554118
280	504.281	-168.36248528845
280	508.936	-163.397790389813
280	513.593	-139.649741089213
280	518.252	-122.082107084516
280	522.914	-161.272262066223
280	527.579	-116.68910561421
280	532.245	-99.390565002402
280	536.915	-106.039824975071
280	541.586	-146.144366814182
280	546.26	-131.692991000132
280	550.936	-107.229680672283
280	555.615	-213.758423512616
280	560.296	-344.263197275902
280	564.979	-498.568458938699
280	569.664	-372.726522251407
280	574.351	-159.587073817304
280	579.04	-117.4376972444
280	583.732	-103.284420447951
280	588.426	-101.239221304262
280	593.121	-120.140387342988
280	597.819	-120.869142508845
280	602.519	-119.852685614137
280	607.221	-130.610589560525
280	611.924	-91.8623115224114
280	616.63	-76.8152092580707
280	621.338	14.7222126320111
280	626.047	-88.7677259572675
280	630.758	9.99095028034884
280	635.471	-116.920747303111
280	640.186	-80.859666695111
280	644.903	-94.3447664855633
280	649.621	-102.000461533949
280	654.341	-100.06400903134
280	659.063	-85.0306444355494
280	663.787	-29.9441001608969
280	668.512	-36.8347598914337
280	673.238	-67.3853404791806
280	677.967	-76.8757542131363
280	682.696	27.975530713997
280	687.428	10.6378366514014
280	692.16	-15.3003922645197
280	696.895	-29.2244319423159
280	701.63	-14.6925675241841
280	706.367	-30.6030895478821
280	711.106	-6.33518271401608
280	715.845	-52.1385736363956
280	720.586	-19.330650550669
280	725.329	-63.5590962300788
280	730.072	4.96043478851835
280	734.817	-63.5184326868668
280	739.563	-47.5963861429639
280	744.31	-14.3584600792068
280	749.058	-7.68057239865209
280	753.808	24.4229983669648
280	758.558	25.6777789559693
280	763.31	15.4134302470153
280	768.062	-46.4629635614137
280	772.815	15.4807930221222
280	777.57	-23.1849051477767
280	782.325	9.42159389993116
280	787.081	-20.2979732132257
280	791.838	-67.7520342296733
280	796.596	-10.7653196673441
280	801.355	62.9950532017808
280	806.114	-20.4055976856877
280	810.875	-28.108222604082
280	815.635	27.1938296385924
280	820.397	-50.2090737856294
280	825.159	-37.4279063491219
275	248.336	-93.6106149365946
275	252.814	-138.87157326466
275	257.296	-214.256293105287
275	261.781	-136.89948111235
275	266.271	-215.664836891609
275	270.764	-851.400875272027
275	275.26	-6013.69672466764
275	279.76	-6124.83925753192
275	284.264	-1351.23294386614
275	288.772	-1064.41417047574
275	293.283	-1578.42936206797
275	297.797	-1634.19492637472
275	302.315	-1130.72865637771
275	306.837	-927.628379813006
275	311.362	-1797.61345368066
275	315.89	-2034.69700110237
275	320.422	-2125.25725921863
275	324.958	-2035.80687806409
275	329.496	-1908.31511276243
275	334.038	-1658.63449032048
275	338.584	-1573.54549621689
275	343.133	-1285.63984156957
275	347.685	-1040.09117261369
275	352.24	-982.060515789958
275	356.799	-852.995185127347
275	361.361	-628.36219388136
275	365.926	-566.957660326134
275	370.495	-409.427233312428
275	375.067	-454.992047121329
275	379.641	-357.907367954477
275	384.219	-413.05773093139
275	388.801	-364.567193039987
275	393.385	-305.458656348995
275	397.972	-300.095139277355
275	402.562	-282.551355426319
275	407.156	-308.291676551939
275	411.752	-377.013180148122
275	416.352	-235.760520098187
275	420.954	-306.122728699197
275	425.56	-310.683606818787
275	430.168	-314.10616027743
275	434.779	-307.876183832061
275	439.393	-271.121925613911
275	444.01	-302.361903058073
275	448.63	-299.792733157395
275	453.253	-304.494514693059
275	457.878	-303.771686684112
275	462.506	-233.008646273814
275	467.137	-262.262850644991
275	471.771	-256.718322828054
275	476.407	-229.391729393851
275	481.047	-238.90764596085
275	485.688	-242.84649377445
275	490.333	-237.536525318422
275	494.979	-232.535078699564
275	499.629	-212.39835817066
275	504.281	-201.342649967678
275	508.936	-186.32140571625
275	513.593	-155.949942772426
275	518.252	-165.579905336966
275	522.914	-159.755373151629
275	527.579	-118.389592691524
275	532.245	-90.2023492596117
275	536.915	-120.163956219299
275	541.586	-152.801601016491
275	546.26	-305.458684429382
275	550.936	-468.287587600676
275	555.615	-522.64269527236
275	560.296	-349.316756408981
275	564.979	-138.695928070937
275	569.664	-116.485324464502
275	574.351	-144.750270791702
275	579.04	-152.706336168255
275	583.732	-134.311738453741
275	588.426	-142.474377063388
275	593.121	-168.829043214571
275	597.819	-108.325690710881
275	602.519	-106.689671401979
275	607.221	-58.0614835337996
275	611.924	-5.57006204080108
275	616.63	-153.859823238468
275	621.338	-121.975079170952
275	626.047	-131.333427078871
275	630.758	-50.1456130970449
275	635.471	-100.349872423577
275	640.186	-65.3551426120394
275	644.903	-132.343576157549
275	649.621	-73.7680138039142
275	654.341	-99.5914244834871
275	659.063	-118.538465883125
275	663.787	-47.8799219104506
275	668.512	-53.5467363313964
275	673.238	-54.7258601368716
275	677.967	-93.4035671124359
275	682.696	35.978974335231
275	687.428	5.45622444932114
275	692.16	-45.5538801740672
275	696.895	-7.31072352522802
275	701.63	-38.8046016303587
275	706.367	-41.1681502506608
275	711.106	5.66228837862298
275	715.845	-35.3810830033599
275	720.586	-67.1334644055655
275	725.329	-93.1882126762198
275	730.072	-53.7187094953308
275	734.817	-66.8880170278886
275	739.563	-27.8631554934181
275	744.31	29.1598092663765
275	749.058	-48.7886828656977
275	753.808	17.6614061811188
275	758.558	-13.6962621501217
275	763.31	-49.4543935807381
275	768.062	-90.1063338171028
275	772.815	17.3719572771963
275	777.57	-22.1517517888633
275	782.325	-31.4654813164384
275	787.081	24.2781422295728
275	791.838	-39.1937880564909
275	796.596	-5.8229175890049
275	801.355	3.03819240065836
275	806.114	-28.3895589807622
275	810.875	-45.6235043004669
275	815.635	-35.5137180142463
275	820.397	-66.9142133930407
275	825.159	-11.0981813698095
270	248.336	-131.463461067726
270	252.814	-170.38376364853
270	257.296	-114.100281777508
270	261.781	-216.247730722136
270	266.271	-1179.55619474361
270	270.764	-7014.16721807327
270	275.26	-6160.94973677114
270	279.76	-900.06152906533
270	284.264	-979.053910905756
270	288.772	-1351.5234178934
270	293.283	-1299.4144646856
270	297.797	-442.633704054757
270	302.315	-1059.75311909296
270	306.837	-1981.4555755919
270	311.362	-2138.78848555184
270	315.89	-2021.3244947536
270	320.422	-1987.93991533409
270	324.958	-1964.95523993291
270	329.496	-1816.08326753164
270	334.038	-1527.01883020315
270	338.584	-1488.54540316392
270	343.133	-1122.15638732864
270	347.685	-998.291288365386
270	352.24	-891.513641976248
270	356.799	-834.487933579896
270	361.361	-644.777403013564
270	365.926	-462.123897697489
270	370.495	-406.016750673799
270	375.067	-432.111746300438
270	379.641	-319.354804183929
270	384.219	-447.499195807854
270	388.801	-408.541860400947
270	393.385	-342.557477157572
270	397.972	-368.737614404389
270	402.562	-336.153183203905
270	407.156	-369.763696848495
270	411.752	-336.858000202025
270	416.352	-294.179398045389
270	420.954	-395.950413089086
270	425.56	-299.706882857701
270	430.168	-309.774960831726
270	434.779	-336.701874543588
270	439.393	-318.858281029562
270	444.01	-346.953912679365
270	448.63	-338.823294730732
270	453.253	-340.214521405587
270	457.878	-290.761598664178
270	462.506	-314.329940597846
270	467.137	-322.167181583532
270	471.771	-261.388924407697
270	476.407	-280.437631837604
270	481.047	-303.530156179822
270	485.688	-304.872309286851
270	490.333	-249.785534278294
270	494.979	-192.441161367499
270	499.629	-224.1866918485
270	504.281	-233.608213329592
270	508.936	-239.07433316817
270	513.593	-159.676373539085
270	518.252	-169.66108064775
270	522.914	-203.092241611843
270	527.579	-212.06266709534
270	532.245	-157.882812133041
270	536.915	-339.739138406615
270	541.586	-572.53704211177
270	546.26	-747.500605747417
270	550.936	-438.137964693037
270	555.615	-111.235733367288
270	560.296	-127.621569863038
270	564.979	-132.390098767229
270	569.664	-131.619374905376
270	574.351	-131.025953151489
270	579.04	-174.601692532474
270	583.732	-175.732993210286
270	588.426	-136.055387721089
270	593.121	-59.0752275868019
270	597.819	-85.2385564192922
270	602.519	-16.8506843437602
270	607.221	-68.8022410690032
270	611.924	-133.992094248947
270	616.63	-170.364263138256
270	621.338	-155.778330141439
270	626.047	-95.2771484102326
270	630.758	-79.9114331268534
270	635.471	-150.480755686516
270	640.186	-54.3525148268398
270	644.903	-116.11720599303
270	649.621	-110.710499332564
270	654.341	-119.559453361482
270	659.063	-133.867545789155
270	663.787	-4.1194237484388
270	668.512	-101.293387817769
270	673.238	-67.2033448646678
270	677.967	-88.8798656031343
270	682.696	46.0888768010799
270	687.428	-30.1538944086537
270	692.16	-45.5268624603
270	696.895	-68.7581208271518
270	701.63	72.6880676129483
270	706.367	21.2118923343197
270	711.106	9.04774981368505
270	715.845	-56.895200946113
270	720.586	-30.7947932639556
270	725.329	-20.8001691261798
270	730.072	-31.3653046533351
270	734.817	-113.517841241353
270	739.563	-46.1688299657187
270	744.31	20.3052538902538
270	749.058	-0.00450732948597343
270	753.808	27.2060701569334
270	758.558	76.6098735809708
270	763.31	12.8676151788793
270	768.062	11.6631929171096
270	772.815	40.024903538402
270	777.57	-80.3527378228946
270	782.325	-97.702294069341
270	787.081	-87.7956687188871
270	791.838	-39.7701974452291
270	796.596	-48.8503793215551
270	801.355	39.9158672078398
270	806.114	-83.2336900811169
270	810.875	-61.4252073189113
270	815.635	14.6177102584356
270	820.397	-100.038399840013
270	825.159	2.52662762317702
265	248.336	-133.090341382915
265	252.814	-225.14191445433
265	257.296	-140.608816362069
265	261.781	-1611.76183701178
265	266.271	-8354.99026452015
265	270.764	-5616.8978781091
265	275.26	-522.110251487773
265	279.76	-569.636976226961
265	284.264	-812.081908095132
265	288.772	-174.828795154746
265	293.283	165.176654907273
265	297.797	-624.281939514858
265	302.315	-1785.63304662587
265	306.837	-1808.39158879995
265	311.362	-1793.94518527218
265	315.89	-1697.48007674134
265	320.422	-1735.98005554912
265	324.958	-1710.46539009273
265	329.496	-1506.59069803051
265	334.038	-1320.10144310409
265	338.584	-1237.45580666763
265	343.133	-1072.58007386989
265	347.685	-847.347974047767
265	352.24	-860.519856547466
265	356.799	-730.047564350082
265	361.361	-353.835892692535
265	365.926	-510.153426095487
265	370.495	-474.713049940318
265	375.067	-355.47160164744
265	379.641	-384.123069079675
265	384.219	-410.98511790466
265	388.801	-415.22792196201
265	393.385	-331.561354352756
265	397.972	-333.475824180169
265	402.562	-366.027846194154
265	407.156	-336.067289686901
265	411.752	-324.703462076835
265	416.352	-385.415148285362
265	420.954	-354.547739366182
265	425.56	-411.218352810799
265	430.168	-455.511162837185
265	434.779	-421.215694749508
265	439.393	-399.664174601707
265	444.01	-428.807301607457
265	448.63	-422.050461739838
265	453.253	-415.015830809802
265	457.878	-365.090566710229
265	462.506	-390.090554632755
265	467.137	-381.969568961997
265	471.771	-314.235442939741
265	476.407	-330.02519424988
265	481.047	-306.362276990778
265	485.688	-370.304511291601
265	490.333	-241.835523611722
265	494.979	-248.710420382268
265	499.629	-211.290544429133
265	504.281	-226.575110388304
265	508.936	-300.393833379305
265	513.593	-189.346885077965
265	518.252	-188.386405367147
265	522.914	-326.223681894805
265	527.579	-495.278830627944
265	532.245	-779.270082285064
265	536.915	-713.669262734486
265	541.586	-469.742934604151
265	546.26	-183.838839896874
265	550.936	-130.787033135319
265	555.615	-120.950542034083
265	560.296	-156.182028745555
265	564.979	-118.410451237159
265	569.664	-75.5840295433479
265	574.351	-136.843343345971
265	579.04	-123.77708965317
265	583.732	-44.1525121528973
265	588.426	-27.0120660024016
265	593.121	-502.685468944113
265	597.819	-36.0008531183254
265	602.519	-109.765761982294
265	607.221	-148.371290072125
265	611.924	-76.4114006952944
265	616.63	-181.81908589775
265	621.338	-12.2891598178572
265	626.047	-189.662010733571
265	630.758	-70.3525212988711
265	635.471	-132.564110272321
265	640.186	-83.8611295044604
265	644.903	-129.732777402726
265	649.621	-149.392259625901
265	654.341	-150.498359182893
265	659.063	-180.079508453636
265	663.787	-3.59282893492696
265	668.512	8.80511899542483
265	673.238	-80.4375356113603
265	677.967	-68.4760833533241
265	682.696	33.4005240866892
265	687.428	16.8465921885398
265	692.16	-66.3242651994656
265	696.895	-7.88493524504957
265	701.63	47.5182982221669
265	706.367	21.373938577766
265	711.106	63.4650431568315
265	715.845	-30.0453818520226
265	720.586	-39.6079243460797
265	725.329	0.0110802927042561
265	730.072	-65.4415595256105
265	734.817	-49.0158372636616
265	739.563	-27.0002794836007
265	744.31	32.935892913837
265	749.058	-11.6875027175271
265	753.808	7.5739132075411
265	758.558	10.5724060622619
265	763.31	-39.8376650824142
265	768.062	-99.1121001068033
265	772.815	4.70933666255407
265	777.57	-74.1705603237191
265	782.325	-40.0079029956224
265	787.081	-19.7117838298036
265	791.838	-27.8659335326603
265	796.596	-4.73683806156919
265	801.355	55.1739941421302
265	806.114	-14.2418414746006
265	810.875	-80.7792156422645
265	815.635	-49.240563320635
265	820.397	-14.5138372909278
265	825.159	-11.5861851091208
260	248.336	6.59112361841107
260	252.814	-189.398294813348
260	257.296	-2358.69775264433
260	261.781	-9314.89710900094
260	266.271	-5199.95039107376
260	270.764	-373.778963872434
260	275.26	-135.5567998299
260	279.76	-250.792126261149
260	284.264	772.745587747117
260	288.772	1286.40894088354
260	293.283	-617.506080148318
260	297.797	-1376.37627967541
260	302.315	-1336.1788079936
260	306.837	-1346.62594159175
260	311.362	-1370.95183789689
260	315.89	-1199.98585353645
260	320.422	-1342.27425265327
260	324.958	-1392.27466599963
260	329.496	-1325.76436201122
260	334.038	-1217.01265270308
260	338.584	-1117.52726911519
260	343.133	-811.647432158819
260	347.685	-756.484373926958
260	352.24	-694.301374420797
260	356.799	-782.990465714611
260	361.361	-608.792851625314
260	365.926	-485.456070092726
260	370.495	-464.644435592368
260	375.067	-314.821100715084
260	379.641	-373.957294413689
260	384.219	-387.054130447366
260	388.801	-566.717158382006
260	393.385	-293.34955656662
260	397.972	-425.212619925523
260	402.562	-402.668214574503
260	407.156	-538.501253864746
260	411.752	-483.057248087431
260	416.352	-346.489308579572
260	420.954	-448.291749542117
260	425.56	-451.239250658775
260	430.168	-435.638627630825
260	434.779	-484.780388246505
260	439.393	-426.14137543149
260	444.01	-482.863908630921
260	448.63	-439.109842231644
260	453.253	-451.362552983788
260	457.878	-378.58194396982
260	462.506	-422.435519716178
260	467.137	-429.854921101012
260	471.771	-394.698420883916
260	476.407	-348.409806488349
260	481.047	-334.083736992262
260	485.688	-382.905700312098
260	490.333	-325.020391517832
260	494.979	-290.537671862526
260	499.629	-348.593084749089
260	504.281	-345.150394274674
260	508.936	-329.455229600984
260	513.593	-297.019887909686
260	518.252	-687.000205082561
260	522.914	-1100.3895805329
260	527.579	-821.555602529474
260	532.245	-375.380468496881
260	536.915	-162.489625163791
260	541.586	-149.979212681051
260	546.26	-121.840226638317
260	550.936	-141.951324035441
260	555.615	-129.383340473058
260	560.296	-163.329497401121
260	564.979	-152.850741428143
260	569.664	26.0142760745679
260	574.351	50.4085558538138
260	579.04	-145.238442298178
260	583.732	-148.040891081677
260	588.426	-150.581332393492
260	593.121	-197.718069860926
260	597.819	-132.053168808005
260	602.519	-148.226873038578
260	607.221	-152.388877471973
260	611.924	-50.2892028013938
260	616.63	-73.5179974477873
260	621.338	-124.021718931996
260	626.047	-138.179664437567
260	630.758	-27.5572175937584
260	635.471	-133.406527754389
260	640.186	-99.8663030650798
260	644.903	-72.84826625445
260	649.621	-179.337534108905
260	654.341	-47.330319272239
260	659.063	-120.34368512801
260	663.787	7.83301568070079
260	668.512	25.3081553017282
260	673.238	-4.61843302992158
260	677.967	-169.420904937528
260	682.696	129.297210725243
260	687.428	68.3678963047641
260	692.16	-44.2331843872886
260	696.895	-32.9031009756567
260	701.63	18.3727697159062
260	706.367	75.6220488510349
260	711.106	61.2403232351169
260	715.845	-116.797973345085
260	720.586	-56.843604172496
260	725.329	-24.3801698180667
260	730.072	10.5939446908391
260	734.817	-86.5258735674763
260	739.563	-48.2296724885828
260	744.31	10.796470669915
260	749.058	80.2874873777092
260	753.808	67.0742357005498
260	758.558	11.3918336217465
260	763.31	87.0325304547004
260	768.062	-40.9805139759688
260	772.815	-48.6855172682785
260	777.57	-113.257424160549
260	782.325	-125.088681830434
260	787.081	-93.0308465477172
260	791.838	-20.5840806700057
260	796.596	4.30266813245379
260	801.355	30.9572483500077
260	806.114	-58.2927799838403
260	810.875	-78.2372445695455
260	815.635	-20.0745823487629
260	820.397	-52.852698115555
260	825.159	91.0683934859582
255	248.336	-267.894294702297
255	252.814	-2747.21153263499
255	257.296	-8506.50622832635
255	261.781	-5226.17488670353
255	266.271	-228.102452497013
255	270.764	-67.8227284496081
255	275.26	463.247774555908
255	279.76	2406.97983911935
255	284.264	1552.78819193068
255	288.772	-133.035646201321
255	293.283	-985.407419902587
255	297.797	-905.707076285082
255	302.315	-1035.3073457813
255	306.837	-1159.55856735233
255	311.362	-1201.00187198419
255	315.89	-1013.4402634185
255	320.422	-1072.73757359532
255	324.958	-1008.06162396011
255	329.496	-875.389959666911
255	334.038	-883.473751031386
255	338.584	-858.811203336107
255	343.133	-684.190689281848
255	347.685	-454.534065923958
255	352.24	-845.217750939191
255	356.799	-629.476592528844
255	361.361	-573.881391803497
255	365.926	-284.745533237438
255	370.495	-282.68650556422
255	375.067	-276.457927404746
255	379.641	-154.267440278873
255	384.219	-444.923528394476
255	388.801	-501.991555815404
255	393.385	-278.897235627148
255	397.972	-367.156014466459
255	402.562	-527.951461569487
255	407.156	-470.472866129639
255	411.752	-479.515347757135
255	416.352	-473.786385643752
255	420.954	-588.37533977819
255	425.56	-459.357694100676
255	430.168	-460.330916282213
255	434.779	-636.062219062019
255	439.393	-563.033549939766
255	444.01	-399.856186442587
255	448.63	-498.193425597846
255	453.253	-465.078976604005
255	457.878	-438.736649708506
255	462.506	-451.441359049424
255	467.137	-518.42159673784
255	471.771	-339.97199295886
255	476.407	-320.830895457814
255	481.047	-448.594743976014
255	485.688	-496.728125175739
255	490.333	-343.061652542524
255	494.979	-295.684153760346
255	499.629	-271.188536759807
255	504.281	-453.304360529706
255	508.936	-786.741206950498
255	513.593	-1102.27483794337
255	518.252	-903.834522153522
255	522.914	-551.122281317321
255	527.579	-348.457693060559
255	532.245	-153.437867735795
255	536.915	-37.6434544345028
255	541.586	-137.225467411454
255	546.26	-127.789810310313
255	550.936	-160.203606150169
255	555.615	-115.541910364445
255	560.296	163.850866312172
255	564.979	113.594432434651
255	569.664	9.09279505796201
255	574.351	-62.9486688142997
255	579.04	-240.669655898729
255	583.732	-99.9495213512469
255	588.426	-96.5891739619695
255	593.121	-171.901930682773
255	597.819	-152.252897811364
255	602.519	-125.01680116761
255	607.221	-38.0633127897341
255	611.924	-111.751460704972
255	616.63	-163.89072581712
255	621.338	-82.597357430405
255	626.047	-164.825758361357
255	630.758	-3.87334202503803
255	635.471	-218.417814969472
255	640.186	38.6135477729159
255	644.903	-170.252540958746
255	649.621	-128.789851787376
255	654.341	-246.872751436366
255	659.063	-93.6410670950354
255	663.787	-54.0359779964231
255	668.512	-60.9261271567191
255	673.238	-91.7317870224014
255	677.967	-61.618293152689
255	682.696	178.345308217237
255	687.428	157.164396118604
255	692.16	-128.790548567017
255	696.895	-97.7077912418656
255	701.63	-8.98116200417331
255	706.367	34.7910643286372
255	711.106	-53.8584316582644
255	715.845	-82.9875899174878
255	720.586	-102.284761398605
255	725.329	-36.0136755234565
255	730.072	-70.224757626111
255	734.817	-202.314259761184
255	739.563	86.2345916731069
255	744.31	84.5249627369659
255	749.058	-2.58772143849664
255	753.808	84.8925713221283
255	758.558	-28.6171802403908
255	763.31	43.021786064645
255	768.062	19.0812489659967
255	772.815	140.009278085875
255	777.57	-153.398585742964
255	782.325	61.3708412788613
255	787.081	-251.759492145359
255	791.838	-165.803711423417
255	796.596	-46.4606559922981
255	801.355	140.812845569122
255	806.114	-140.694753568263
255	810.875	-218.648180059766
255	815.635	62.7177086765875
255	820.397	-0.122815680893467
255	825.159	-160.91142126744
250	248.336	-2147.27999123922
250	252.814	-9647.63107539472
250	257.296	-4637.38393783146
250	261.781	-218.769831967654
250	266.271	-169.402880727277
250	270.764	844.519446772364
250	275.26	3386.16421966598
250	279.76	1690.43358625885
250	284.264	-122.669558883445
250	288.772	-174.321417591751
250	293.283	-676.50222256261
250	297.797	-535.484794402156
250	302.315	-816.91554748758
250	306.837	-629.842636949001
250	311.362	-1069.79001700815
250	315.89	-876.796648764755
250	320.422	-716.106808390956
250	324.958	-1030.63385251404
250	329.496	-997.139477046745
250	334.038	-860.166534848393
250	338.584	-834.340287214623
250	343.133	-694.634295265417
250	347.685	-514.142258935781
250	352.24	-690.940736217331
250	356.799	-665.979625917479
250	361.361	-436.09510521291
250	365.926	-342.496715660388
250	370.495	-450.239321194219
250	375.067	-358.953476749139
250	379.641	-447.977262574387
250	384.219	-670.723473349974
250	388.801	-704.929385719842
250	393.385	-230.850474792557
250	397.972	-474.833445398705
250	402.562	-527.035188102339
250	407.156	-719.059099325824
250	411.752	-775.993718447269
250	416.352	-538.146690675088
250	420.954	-514.624929909423
250	425.56	-560.645976443276
250	430.168	-692.819057099013
250	434.779	-554.710924923082
250	439.393	-560.054168132306
250	444.01	-744.262132689537
250	448.63	-452.935781273221
250	453.253	-566.188491444427
250	457.878	-466.331514792198
250	462.506	-556.085355607314
250	467.137	-411.724689142736
250	471.771	-411.386410498475
250	476.407	-509.162612016503
250	481.047	-473.765598426283
250	485.688	-325.572892145358
250	490.333	-314.960373249945
250	494.979	-612.925115349754
250	499.629	-1137.04505516179
250	504.281	-1250.47474683758
250	508.936	-1159.47478417439
250	513.593	-456.747600361541
250	518.252	-292.42192513706
250	522.914	-323.080854311299
250	527.579	-314.973399757041
250	532.245	-142.768340525482
250	536.915	-2.70065215551034
250	541.586	-60.3785344042466
250	546.26	-8.17771737537805
250	550.936	184.033303076548
250	555.615	106.157042808541
250	560.296	-53.144593194532
250	564.979	42.4480985200906
250	569.664	-267.706619475584
250	574.351	-91.908249356041
250	579.04	-344.884877585148
250	583.732	-148.763851023831
250	588.426	-87.9514589455554
250	593.121	-179.743839433774
250	597.819	80.033579929497
250	602.519	-17.9195955388128
250	607.221	-280.351590397983
250	611.924	-94.3417231193648
250	616.63	-264.654235017267
250	621.338	-117.860120111184
250	626.047	-153.441772055148
250	630.758	126.615581897906
250	635.471	-287.042394267183
250	640.186	54.3241488512033
250	644.903	-307.043810920955
250	649.621	-55.7151566416942
250	654.341	-213.016920129509
250	659.063	-117.480327778049
250	663.787	-88.5032574061938
250	668.512	20.5876358809759
250	673.238	-51.7386251172667
250	677.967	-302.431611913673
250	682.696	263.63030302998
250	687.428	-24.7813336630799
250	692.16	-117.462638303447
250	696.895	14.3436005042038
250	701.63	122.848953412686
250	706.367	3.66501415262898
250	711.106	70.2080740928268
250	715.845	-205.577504351159
250	720.586	-93.6824345436677
250	725.329	-151.727108729363
250	730.072	-145.033090755927
250	734.817	-288.264883011054
250	739.563	-241.082274726898
250	744.31	145.4017524429
250	749.058	19.8479614005512
250	753.808	145.704220972568
250	758.558	206.009615019046
250	763.31	33.6413921068863
250	768.062	-114.523875532149
250	772.815	152.606367482392
250	777.57	47.5754305600894
250	782.325	-101.019671514334
250	787.081	18.0576261538531
250	791.838	-243.31813555884
250	796.596	18.3720405066407
250	801.355	209.991788521974
250	806.114	-305.085036833288
250	810.875	-281.306282641499
250	815.635	352.616258779623
250	820.397	-241.695288117226
250	825.159	134.709171542571
245	248.336	-6764.76900752801
245	252.814	-3242.83864199289
245	257.296	310.249564001423
245	261.781	511.635489275667
245	266.271	2091.4719991704
245	270.764	4084.26431566213
245	275.26	2163.81944081975
245	279.76	156.769695430645
245	284.264	-651.89961255048
245	288.772	203.089402136408
245	293.283	-747.868507126116
245	297.797	29.2046591791941
245	302.315	-739.176458244679
245	306.837	-886.221668939989
245	311.362	-736.294600777177
245	315.89	-452.571446746397
245	320.422	-651.707443666304
245	324.958	-562.710486773017
245	329.496	-1398.36765900099
245	334.038	-830.762024308576
245	338.584	-1023.16535544631
245	343.133	-171.419427305186
245	347.685	-659.172110623434
245	352.24	-964.39377257406
245	356.799	-1021.42205535918
245	361.361	-579.898588834579
245	365.926	-705.824582365922
245	370.495	-153.741694692746
245	375.067	-552.125477623132
245	379.641	-369.348224048692
245	384.219	-740.226065364115
245	388.801	-1318.06354719499
245	393.385	-813.667114536008
245	397.972	-682.424487642475
245	402.562	-706.675935258206
245	407.156	-938.482479488921
245	411.752	-1083.26299069764
245	416.352	-702.626498747886
245	420.954	-729.906894763807
245	425.56	-360.814500013162
245	430.168	-639.684127799403
245	434.779	-894.462813449902
245	439.393	-696.057852043768
245	444.01	-626.673514852472
245	448.63	-681.054117651906
245	453.253	-738.438960446443
245	457.878	-682.930881448541
245	462.506	-458.591696946682
245	467.137	-426.367290293173
245	471.771	-658.208629249436
245	476.407	-244.349534190981
245	481.047	-227.49170502106
245	485.688	-672.569113750352
245	490.333	-768.834447351639
245	494.979	-1196.97075355387
245	499.629	-650.219690109638
245	504.281	-903.168440428255
245	508.936	-401.135960194637
245	513.593	-127.728176977604
245	518.252	-218.81758490873
245	522.914	-252.974767479106
245	527.579	-126.350238219217
245	532.245	278.88993454507
245	536.915	148.813867704711
245	541.586	160.932173126713
245	546.26	120.09731848283
245	550.936	-73.0632817392616
245	555.615	136.387237883421
245	560.296	-57.8513216820459
245	564.979	-170.066602312704
245	569.664	0.0236975478765018
245	574.351	-21.5822265162005
245	579.04	-348.660815256076
245	583.732	-301.595337599769
245	588.426	242.577418943224
245	593.121	-537.329592157415
245	597.819	83.5902238651376
245	602.519	-89.8187009367053
245	607.221	-124.63705681862
245	611.924	51.5835102508248
245	616.63	-167.720671391145
245	621.338	-64.0861983161197
245	626.047	-429.688711990049
245	630.758	357.064272221834
245	635.471	-227.819542241362
245	640.186	198.315547934794
245	644.903	-467.903878254103
245	649.621	-499.035014782291
245	654.341	-74.9625069030466
245	659.063	-353.423801823253
245	663.787	89.5804880222184
245	668.512	0.0181635429208029
245	673.238	129.87899782897
245	677.967	-594.649179794023
245	682.696	317.198536053394
245	687.428	53.211443578602
245	692.16	-180.688612472802
245	696.895	215.546538733512
245	701.63	414.412839964866
245	706.367	254.388733371012
245	711.106	62.5299580305819
245	715.845	-252.921168060391
245	720.586	-148.03882118402
245	725.329	-7.12907246145351
245	730.072	-394.563884702476
245	734.817	-390.209396879837
245	739.563	-394.674415265582
245	744.31	-14.7011168957915
245	749.058	14.8393499209934
245	753.808	639.047735471396
245	758.558	178.276385660329
245	763.31	23.7406949665661
245	768.062	-103.660197777278
245	772.815	23.989225048882
245	777.57	-528.50984956545
245	782.325	-272.517165969552
245	787.081	93.3394286498284
245	791.838	-719.892060065766
245	796.596	-362.280236830353
245	801.355	290.519436279545
245	806.114	-245.754053745668
245	810.875	-543.609510417193
245	815.635	201.042617944895
245	820.397	-476.758143648448
245	825.159	223.398335845282
240	248.336	-606.287937866822
240	252.814	-1896.06752316173
240	257.296	245.431791089896
240	261.781	4005.64852587958
240	266.271	3996.08856765688
240	270.764	1486.42063526861
240	275.26	263.784037819452
240	279.76	-190.324242434222
240	284.264	-1798.68383177267
240	288.772	-267.809167183746
240	293.283	-970.211910736977
240	297.797	-1312.09757021135
240	302.315	-1148.34528794762
240	306.837	-729.909678596348
240	311.362	-1404.78277931104
240	315.89	-605.566930800974
240	320.422	-1943.83443339744
240	324.958	-249.787208849872
240	329.496	-1749.74966124292
240	334.038	-1190.64232791652
240	338.584	-1574.22239773301
240	343.133	-1296.95057057338
240	347.685	-660.199219593973
240	352.24	-1263.58555324856
240	356.799	-1298.05637324145
240	361.361	209.6971389055
240	365.926	-1957.24305447595
240	370.495	-149.896915749998
240	375.067	-262.724128519825
240	379.641	325.17147899614
240	384.219	-968.469725498037
240	388.801	-311.883695995324
240	393.385	-814.088034839366
240	397.972	-626.217069775848
240	402.562	-371.068942424339
240	407.156	-765.323960255884
240	411.752	-1372.70872693374
240	416.352	-918.940035429172
240	420.954	-1714.85900773203
240	425.56	-770.226714317753
240	430.168	-376.980424358356
240	434.779	-26.8947774617654
240	439.393	-1275.42042992077
240	444.01	-1850.33879584518
240	448.63	-1358.418247691
240	453.253	-983.505215169943
240	457.878	53.4605283854767
240	462.506	40.0419146172031
240	467.137	-746.727011750437
240	471.771	-728.068127510406
240	476.407	213.141952537903
240	481.047	-1712.40029391208
240	485.688	-1345.6917004188
240	490.333	-581.528184133047
240	494.979	-512.990094838651
240	499.629	-11.0887817076805
240	504.281	-24.2684647581654
240	508.936	-933.710869198216
240	513.593	0.702470081621129
240	518.252	-123.246787830733
240	522.914	-369.219875114698
240	527.579	561.962593297678
240	532.245	946.091110375798
240	536.915	627.093571142463
240	541.586	-137.629966666294
240	546.26	-420.64988267197
240	550.936	77.7658101502372
240	555.615	-218.845532234919
240	560.296	103.478032492591
240	564.979	-663.97722724847
240	569.664	-249.278425313326
240	574.351	-105.296086268206
240	579.04	-1175.61336463053
240	583.732	-981.48859138279
240	588.426	-499.538295614339
240	593.121	-787.355891321331
240	597.819	-273.286854383093
240	602.519	-357.809509982767
240	607.221	139.816976659118
240	611.924	546.821052704478
240	616.63	-326.051137154295
240	621.338	-172.054978750508
240	626.047	-505.767948133089
240	630.758	597.817585509423
240	635.471	-851.843779654419
240	640.186	633.244804178174
240	644.903	-238.762194973083
240	649.621	30.8213248371529
240	654.341	-1578.95067936348
240	659.063	46.2238458312899
240	663.787	705.339127941462
240	668.512	1121.82334757657
240	673.238	-507.591363384446
240	677.967	-1167.85804062205
240	682.696	1132.73323428643
240	687.428	15.9436758073554
240	692.16	147.432657797788
240	696.895	-330.505799723848
240	701.63	100.777186458541
240	706.367	-202.38603262463
240	711.106	-544.303311391344
240	715.845	-1376.80426920319
240	720.586	-897.156593073794
240	725.329	-734.189812296984
240	730.072	-299.064788925114
240	734.817	-2213.15058553469
240	739.563	-1003.28314751397
240	744.31	-72.7448004073265
240	749.058	658.53136127936
240	753.808	410.633074369308
240	758.558	94.7922224587023
240	763.31	232.260272184574
240	768.062	390.31414019124
240	772.815	703.752632584976
240	777.57	-1533.68156110991
240	782.325	142.121529673195
240	787.081	520.367208473502
240	791.838	-103.321922558676
240	796.596	-1013.6706237634
240	801.355	2062.47229065914
240	806.114	-1205.7439727476
240	810.875	748.353809917978
240	815.635	638.415354881243
240	820.397	-948.729671218834
240	825.159	-164.892644602765
