Wavelength	500	495	490	485	480	475	470	465	460	455	450	445	440	435	430	425	420	415	410	405	400	395	390	385	380	375	370	365	360	355	350	345	340	335	330	325	320	315	310	305	300	295	290	285	280	275	270	265	260	255	250	245	240
248.336	-8.99313055970693	-7.56114575722022	-26.0805835169927	-17.6822565256122	-1.73642237049492	-13.0434737018983	2.64720366351596	-9.96513845685745	-8.54936490578927	-9.10909436529423	-23.6247963208481	-14.9288680818881	-9.15636815281523	-11.5416755089523	-14.4567630965137	-20.7421959370709	-13.6143056332954	-10.3492500231286	-2.62057082783076	3.22996688395846	-9.54453420506968	-9.00114906228988	-4.69024884448831	-16.1064401276359	6.65609181875652	-10.272844461599	-10.1367376912707	-0.374083621430593	-19.4179506863109	-7.75236414064274	-10.2220856169449	-19.7043195903309	0	-6.01549396498614	7.0136133842404	19.6952725052067	33.3407278478503	43.1159100758693	15.4617869186681	32.466152659927	47.8806321063932	101.203499954816	280.64352335104	518.649024057464	669.018916452157	681.491636903721	677.143393536159	674.284972024639	785.543565372576	1908.06384277641	40577.0776874892	125802.860984063	43477.9716741016
252.814	-6.33594798486933	-6.79201286245843	14.8502954113072	0.481320807380021	4.99132949581883	3.42926893908134	1.72940036621767	-2.53942333171707	0.853300960087406	-1.32242447617582	6.98201174346727	-3.92495931520227	21.4763013174085	-1.78367934726258	22.0765332254524	-3.85495110973067	-7.24707246808332	-9.05813435733587	-8.89289571239704	3.86854538109508	-17.9638330423829	8.21387837690408	-9.19232416579932	20.7746574786988	8.44097306039265	23.2405686823322	-4.49659807713163	4.03237421942102	14.3119778264244	-0.884289546590853	-2.1862564982028	10.9259024302969	14.5592384169023	-4.95328850345785	21.4672678511651	21.1319141916412	42.5253434592832	45.5971210263579	58.4494872372036	65.4253068870614	98.8738642465449	337.254208390911	621.876100380014	775.358264833939	961.123615198547	858.920368840049	960.928416054536	951.486077203545	1961.23825736738	36130.9441161371	139332.361482478	56920.0702828809	3270.4437471263
257.296	9.40322826332368	16.8001293217804	15.1996107534866	0.952442461225989	-9.46535586458183	7.16286479837554	0	5.52754011083144	8.44260266885237	-9.1588940525062	18.9062081091992	3.45188845458797	2.26050645445038	9.70629730548805	12.4203208075118	16.5278015083001	2.24071562314527	16.0375561793267	14.4919366115583	24.6057318059251	2.69295558678142	4.06342631440235	12.6318497493129	13.2136397514902	7.88756673821806	16.682165106273	-1.77958271242818	18.6183730065929	22.5680465485289	25.3726953822157	1.73047455093754	17.7286343300777	18.7701304135679	25.8406271037245	36.0153518990806	37.4399469368185	71.3218983655359	53.8106999345881	57.8302170070593	84.8845830703606	271.957111735617	519.21612030128	804.546617338778	942.872725455753	929.091801444604	985.244692390094	1050.12350853371	1692.39369659389	28005.118129115	123510.532310485	60913.1781783734	2744.90914449916	3873.83730358655
261.781	-12.0862920330539	11.3651488666811	5.65532619369573	0.966479199485806	4.17602291922815	-4.20803749584203	6.94517858320158	-1.01981871182882	-3.99794573131922	-13.6088874899645	5.16514941475162	-4.37845135811423	0	-21.4894801294634	3.04219199043288	-2.58021261873809	-8.64020609496113	-3.82915568042699	9.97874117804125	14.4261646034296	13.6632167596411	-1.03082789023759	7.17808738818158	26.8167547945639	-4.7081239564616	23.7907316151762	-3.61161906434215	26.0900068422558	-4.49032272909697	0.887814779663179	15.3648042895618	24.1328091365303	11.0736962359923	41.5926551906057	29.5180301691108	41.9389147495962	44.2568788449301	66.7379065987751	76.1129416064922	234.858883826717	481.780821155457	770.974154999344	885.952151752978	946.811519647763	974.456894934921	1007.32928272989	1563.78280617993	21917.2467517371	113130.638972311	66783.9625443402	3762.14189670362	2766.54256416816	18082.2709100252
266.271	3.23494853042992	-37.5678531777507	-12.0268168882303	-1.47448941394501	11.4679166009215	-12.06164377135	-6.47519340461653	-8.55726168285935	1.16178760450314	8.43988761828859	-3.75243122890327	0	-11.1984686880123	5.46416501236883	7.95644329432575	-3.06168264707212	1.85007093544099	-10.7101019693525	11.7517549380006	-2.82166484802512	5.55866930421133	0	-16.1659148769395	-13.1323877498467	-3.35199850890107	-5.58397658305248	-9.6424885716252	-2.28756841761586	-0.913409322245485	-3.61193769399623	-0.892990569101067	14.7270925725048	9.01032552348793	32.1873147326833	42.4125825269923	37.1353798275801	61.4296066467551	85.8294893258952	196.783795539304	446.860437113103	729.634395284452	896.272471494104	926.81243102965	954.703453025547	950.302979212974	1509.24251508495	16436.2117436048	101298.187304153	70744.3120422544	4670.43011702348	1892.91252983506	12030.4865491975	24647.0751582573
270.764	-21.363271550957	-20.8191010039855	-10.9874929038739	7.86858855705007	-5.52485092615151	-6.61835678438927	-1.4725041190834	-8.56231622290166	-5.52175074291139	-4.72912878406445	-9.76208398679542	-9.35737775991633	1.8675138861124	-4.1005444087095	-4.86514291230361	2.18820792795303	-12.495355121193	-7.30665554534531	-4.27588959188829	1.69399891688931	-21.1354200999617	-15.211375981118	7.82683724515055	-24.7641188417054	-15.811612657921	-12.1057622509246	-7.81043476822948	-6.40897494050852	2.2848721202712	-8.13166012493965	14.2962885466555	10.7169392455459	27.0469430277864	44.6287672725215	25.2718497450643	34.1445594348373	73.6530940440959	159.411587927436	435.190457439908	700.642019891294	834.456636385883	882.960091476581	937.815795995623	1026.19850569251	1397.82423795488	11959.1833969931	87886.1886138474	72530.9054691553	5544.93042024038	1512.76421341538	7428.86541319175	22073.7080410322	8353.89303069209
275.26	5.06953220369493	-7.35913723652734	4.60941595246306	-11.0720686155442	-1.6640304970104	-8.7650251863641	11.2428184895602	2.03184880773914	2.5602936847043	-5.29050544996384	6.61554724144744	2.61703900954356	4.11311105821542	-3.56790330097687	2.59763570734053	-2.57035974741778	25.3686259173811	0.476816695070428	8.89425333544368	1.10546741938397	5.44441680878241	13.8630358213871	-4.08610111143313	11.8730451522128	10.7873343832261	13.2172428153801	3.14809918134396	15.2357393082853	16.1034330903903	3.53769818229148	25.3644470203731	38.9021506945859	39.7130756869832	51.3419177086824	37.3400784788766	75.2017781681279	141.081210567819	396.151122430165	655.776029050684	861.770488361055	846.489486507038	874.28495124259	962.87415175034	1293.96391828549	8799.72534782335	73853.3100938492	72271.0494446061	7039.19359646748	1502.40602335582	4200.30542573311	18689.1731399342	10817.6830138022	529.800630878005
279.76	33.8856972479251	22.0150349136147	26.3909545205255	18.7213327071674	15.7739963038191	11.1153316330328	2.52248701464526	7.16102577587411	8.85060770457759	-2.57183444170554	1.42931877637101	-1.69626919360533	22.2164042151117	10.4066312917492	0.841846340559408	-0.41650334979038	14.9748910751817	-10.6624038244688	2.03468134312682	27.4070293892425	5.82263932090463	28.4541275878536	30.7883666099571	25.972901894974	19.151880933499	11.9641671643891	16.1781153670302	17.4269122714199	18.7008034430763	41.2741237628483	57.82453525336	62.4707582841614	47.1910387324751	42.0353149368714	54.455571851997	121.857621481524	321.733875100391	646.378398148796	839.033128292448	846.254808505181	837.737526146397	898.552324561323	1165.78593726994	6994.23362689138	62862.9730314939	71801.0890552391	8664.7081895013	1740.25135290194	2905.94537967261	14684.300032577	14154.5951370959	1822.78008827586	828.632946269754
284.264	-22.2817437691401	-18.3332421119188	14.691047562812	10.6905452005888	-11.9330281139186	-7.75774844732051	2.13396975127692	-6.5803214981319	0	-9.17880446117956	-1.36031955486753	-12.9150652326238	2.11439250587534	-4.9521297419758	4.40663784736887	5.15316078526628	-3.77258563526225	-5.29444424456767	-12.102867047296	4.60305475612335	5.54155606160677	-3.32567879385164	-7.56182782461554	-21.9725162805454	6.94374826253281	-11.386606557247	-6.65821828260754	19.9027704125981	8.2781567925762	36.4173615632507	36.8236197419968	35.1876722128348	26.9477574339093	50.0076171328474	64.7834658076101	259.238329629914	533.214575396045	814.979769568236	802.27843931618	773.414915646697	802.786598563549	957.45335485868	4617.24570487075	52532.680620453	61271.5187669469	10163.8968541778	1839.63009923308	2128.97855117549	10505.3137868579	15470.7164387598	2745.77061867222	34.695736728518	-63.9430826836438
288.772	-6.09774290941451	4.45681476820963	-2.6881479453595	-9.2645032672746	-8.37004227678515	-2.00020776185348	-10.3393437486043	-2.221774239188	1.99083738707421	-9.83455301871464	5.14412813768679	-3.05244226556339	7.59591424488072	-12.48451260638	-4.9234425304323	-18.7374803692965	-12.681114423115	-0.417109401403155	-15.1033413962386	-9.18688073257879	-2.38133171465932	-3.59321408795775	-4.46804612307802	15.5794421865009	8.61596895216209	-25.5165156568459	6.68802385165803	11.7599207814603	12.5217340682929	18.1813938567906	30.6045443139562	38.6192205748261	41.6882145250281	61.4596890694995	195.16937056433	455.33513654033	755.008986662893	807.963729099476	766.060520561478	758.719155458914	806.812809490379	2977.50495419817	40954.6312489821	49721.4354490012	11663.1098002509	1927.04213518262	2048.70231309695	7221.53706939748	15687.7762063428	4909.20490106188	756.571567685184	369.011143907036	322.406020621037
293.283	13.2840264990881	-1.89869569768163	7.73014644476552	9.68777401592465	-2.44180599401671	-2.2368414287372	5.07623491956092	-2.12967448037709	1.43123303317108	9.70413999496178	-4.00634594556418	0.365738577368386	10.346739527792	10.8450837881465	-5.44540366799737	-6.82508535961052	9.49643831285492	-0.799637723784498	5.26445775921823	-8.80605468609248	-3.65218844836445	12.4854558864351	15.8464750644942	35.674767737147	-1.17982986476655	16.8154065764313	26.3973439860983	49.5987090165453	23.2551683181139	28.1809876165406	43.637131235406	39.583955165715	78.4402014481059	174.470110397197	371.809660898022	640.883215398648	818.089642789861	759.267234653091	743.526100427648	731.92643688346	1972.94472533181	31507.2717839354	41568.1792008341	12185.387637539	1751.42045652783	2032.50784507369	4952.18783438617	14683.0483535639	7440.5920002621	1249.58148088945	771.055778574038	951.09880980462	579.452332222131
297.797	-14.4034867329585	0.919062934793479	4.57327990135711	-6.64326474671437	-1.35080602108521	13.3022619052107	-1.17007123528445	0.824694501801455	8.77531224389767	9.66298689583985	-3.58019121347269	0	-3.70987804264104	-8.32688622715806	0.351446078298607	-3.82531367097878	4.78061727090699	10.0636727867179	-15.7142625290153	16.152887149727	10.6070426278561	-0.416798634660292	26.5357155124416	4.81907660617993	8.37607760129014	11.4692830509261	12.7776243787985	29.100892548037	23.2395467032582	33.0255702410989	25.5600446285383	49.3207999352965	156.532368771174	330.496885958164	568.339976276876	706.621661277975	774.72898199067	709.622720329959	705.711617319289	1469.77199638793	23631.3107487204	36419.5549390318	13934.488529143	1472.02112376683	1774.0938811064	3368.48673300054	12200.3437449323	10074.671936495	1922.58381487427	1074.45496082982	956.273883107768	677.251780589426	934.945607968781
302.315	-25.2498040321626	0	-8.97916971400917	-8.05620178484364	1.98912762431678	-8.80711036234225	-10.7973842845513	-7.08401633718839	-2.94713979095687	1.84452833777678	-13.1800146207031	-3.12832282650478	-14.5679360466281	-20.258535760414	-28.98120170166	-11.6073127509122	-0.361009828487722	-8.73955656337314	-13.7589287631918	-8.36911741841248	9.54518071738892	-2.45502511845261	-11.3969137540325	-3.5481624494649	0	6.53770746810869	8.95984472490223	7.14208015511002	22.1012974796325	30.6591529741313	39.032425183129	107.9830045682	300.654173648896	523.639784093923	689.984383845039	685.464291906446	697.722653971426	672.115814379209	1173.87951163192	18786.38512937	33030.1171012109	17242.022903176	1113.02980724534	1335.85636267673	2266.29345193691	9070.79150069158	11867.1415309103	3024.86241233421	1342.19053796923	1012.19895959534	578.31599823573	507.980993944026	385.490818048087
306.837	-36.2588740769322	-24.2930043476619	-15.0594473198324	-8.79898722124839	-1.65300898000288	-10.5997908282792	-1.60366093758462	-8.88092078686937	-15.3730523713775	-6.0437840461726	-18.6929206489408	-2.77301903881557	-16.3434733370437	-12.4049509453849	-5.84897594111137	-10.21334104622	-12.2402912851963	-13.6413663507151	-19.1259195245553	-18.4488440889188	-2.16334253295593	-22.0339449249517	-17.4538603246122	-12.5806990785152	-8.94543501837238	-3.62198618171538	14.6533911156812	15.6689974882683	15.9967738302362	23.5455864891332	77.1532629510234	238.640560674732	475.504489853681	644.23402544602	666.185982349942	683.172548194107	663.63620017711	1001.66605880941	14242.5123590272	30758.8951605021	21351.0898283476	1024.05811619143	864.053568738594	1453.25603251928	5959.26635041498	11996.9674989201	4484.90074308138	1719.81846510939	1240.92779459645	921.944330144843	750.515665873246	603.416775622724	183.057932720205
311.362	-3.01775457976716	12.1311530475404	8.5364530069537	15.6653303355593	3.63202428192609	-13.3086124022942	4.11848857334961	-0.806336205995524	7.22523574687835	0.262441161718943	-3.50049356883561	0.346189358489668	18.1364673771613	-3.89377221390892	10.6523016702752	3.06013043718933	-2.87642909194353	8.32585613129048	14.1186853319953	-3.94832805109461	6.04970461131049	-4.89024474884163	3.64851721429988	12.9574513119552	21.5908165180571	24.5983825572175	18.2043556103762	36.9890113346382	37.2786382386701	82.4809058207511	248.869301421807	447.536110953506	662.97384608093	663.437437463689	652.007625908113	642.517626184586	917.624731629633	11740.5303091836	28846.4004559453	23965.9222719246	1259.46876996313	666.749335364853	853.588467090738	3599.92139880872	10600.433836425	6057.69077971524	2014.70298059662	1596.28206199604	1286.26411775863	953.218679237682	777.182900526663	885.380947139916	438.783860561188
315.89	9.04412506864282	-23.3401180543552	0	4.58034650377035	-17.4820885153759	0.906489425369424	4.34290518898461	2.6179473545994	-8.12018514319991	0.786528734198517	3.20554671453298	-11.7585567101884	-0.724726392539905	2.47535381451497	2.05965462128501	-0.679342541780563	-9.33895796313545	4.91485784073641	3.73352650237999	-3.94434247520172	8.63371119262216	0.814218061728716	19.0341345608376	-2.74577579866879	20.081503257693	29.2714370814818	31.7363171981368	31.2668005484055	64.1964041291518	201.961891741788	399.106576101104	636.315404542075	637.113950931458	631.700503400397	614.340974892013	803.602899357026	8163.92146013112	27361.2542120981	27612.6036146752	1525.17544032341	584.928505406615	576.172958961416	1767.87874910937	8330.80360652357	7152.3854926563	2199.75831089113	1695.25480260687	1346.48404339572	1025.44950105514	879.964746661675	685.752888996164	676.372575153704	1187.17337182659
320.422	20.6334822330398	13.0374399151931	4.47411197015249	22.5560846913169	17.5100720100464	5.75028944456441	1.37363900726841	12.102174878255	-4.2925132945173	10.5038363592723	0.291879801607296	-1.03918046251197	8.71063750292335	9.20888837667716	4.81355350114756	9.18580448844233	6.83554726819175	15.5255174021488	14.1270103519581	21.0701662141636	26.3749699539373	27.3199661177247	8.51822660788283	36.1451038976094	29.7979964785032	28.5943832917098	49.2878898512424	61.5660784722298	186.503097108889	371.207336672194	602.917511890561	648.095036775919	632.877320010009	625.558337587314	714.665868690577	5628.36939923006	25863.1118871872	27397.1969139479	2090.53217548548	569.669672610539	518.848985220732	908.967472185096	5783.56440776835	7558.56366338043	2435.55331293928	1687.6183047299	1596.75708931183	1374.35493480287	1061.38746691474	886.366918424384	781.588580035554	1027.34970684271	1408.5949682661
324.958	6.75086886275572	-5.10287176946478	3.77732471966149	10.256819214103	-14.6591289766645	9.68111650281883	5.19722708751168	-2.70572200724873	4.42934283906212	2.70966501257249	-4.21657399424815	8.22101048648238	1.49805010103365	18.2739113196925	-1.41914054061008	8.42543481644868	1.11370095594018	5.47038520857325	0.857489853592372	6.79431426847281	-10.2616600320958	17.2511026057077	16.7423930650099	23.9189058639629	23.445233389933	25.3974552408616	57.1242465405058	170.756006431662	338.708709256009	616.77784818858	693.810995457457	639.381764653461	645.819105653465	669.488217172743	3731.22065938652	25263.1832991415	26659.479607019	2920.39092793995	570.122939543112	520.547055464074	538.089234758539	3527.36323706825	7719.58928184316	2801.31837491161	1455.68503816382	1575.71150912941	1480.55576580445	1344.45515385699	1108.25893814708	909.468242920369	704.671595436555	683.686287443934	1170.34726580735
329.496	-2.11333992328702	11.3272962278023	14.0912265673533	5.61901815167871	16.9953000729011	5.40139229525647	5.28767482861708	1.69403685821291	2.60898407102632	6.06500734475553	14.4019929756691	12.7279498982365	12.5739964489491	15.2453855504823	5.05343283249981	10.0007405212606	-7.55388519323055	7.55329629187704	-1.74482563039429	14.2859495629218	42.6688252974149	15.4109193943336	40.0293412028241	41.2460481608022	35.5843604099516	60.4187118657866	152.232670816465	328.774976207191	567.625753814836	675.810170408832	659.21532953128	650.50897447961	663.31253979154	2780.13004935739	24408.247835935	25703.2502096328	4187.3732295961	576.743651885804	511.037835159596	490.49046208324	1994.68802227495	6966.432439821	3517.03951175219	1112.66249039526	1272.3254891635	1381.145264137	1413.81757016887	1195.3713700405	964.573010335356	896.462208607101	890.988644945801	1047.28457668202	672.17777116531
334.038	-23.9276050563564	4.74998642369548	-11.6031517985683	2.01966693538008	-7.67949725761371	-10.2325559835903	-3.14458083490817	-0.85245254464178	-18.3800555418342	-3.05195894601848	-6.47621686725694	-2.56192141894026	-7.6694945118511	-14.2205208603632	-2.17965151771182	-8.26759731935807	3.04093910291623	4.40101609766939	3.07303447667729	-6.95690430618962	1.82734343030227	-3.4466198665641	9.00009794203045	17.4344795239434	26.3675590025687	109.757343249178	276.984358624042	520.014693049674	659.847630998919	648.977170571565	644.730157825614	617.271946637934	2004.18524206585	23639.1109730861	24499.0443496467	5337.19824864545	530.098262228445	475.788720538278	440.981423448222	1067.04377920228	5452.68136760713	4590.71091968849	898.443556480752	898.867182416951	1141.9377853324	1210.85445392063	1144.85243924641	994.734761928256	825.814628408217	728.102150831618	554.705794006274	448.344779174784	850.44480055202
338.584	-27.0547162060323	-24.168440789544	-3.00120967953731	19.3435899467568	-4.52730287681566	-14.3559769885724	-6.27449601129476	-0.425232357823067	-5.47734402081887	-4.98246889285146	-10.4608528827854	-4.01648859808479	1.53032201268447	-21.2810401690998	-8.69827520544229	-3.94484781496636	-1.13769298319664	-21.1554481736266	3.06586848594179	3.23898471988182	0.455770564768776	21.0613191250263	6.41365047672351	37.2724803542324	108.365314196995	260.590441520924	482.651098502525	656.098935097948	641.832489609543	633.766762544033	614.305309322298	1412.42637002507	21057.4845104763	23546.6622845409	7162.91826228545	483.881377196123	435.507976720642	398.785749856904	579.497697572651	3822.5812500773	5453.7635084234	1162.3137937468	517.377616055674	788.071589779971	1026.58001705377	1103.94465895284	1079.42546992073	893.023037188123	848.624611154239	650.079204937517	686.564105376784	619.941116603081	1060.57706675353
343.133	-4.76998188313701	-0.946912536077456	-0.428350927850146	-8.85767893272047	-8.69836484226943	-1.59364526822652	6.02763466379726	0.212421133696744	-2.37926927559213	4.42479838550822	6.76257775642024	-2.18880220307107	6.11567263638532	-1.11902725423332	14.8459219413637	13.9734481880322	-5.30436345182089	2.7915525912213	-3.06305598606328	0	8.65169673737466	9.44742783028959	25.2038829876822	81.5104751406162	240.067874923856	441.415674699913	603.700762009875	625.889128467602	614.306974430206	607.295782567268	1071.30491537516	16920.0416457279	23080.130895007	8640.10666931505	467.278404859567	389.298722719701	393.02917710805	415.422846689699	2298.92137461795	5478.98058316359	1911.09124984287	385.889653570003	485.296188046753	668.190517389054	862.028739155422	933.815714420351	896.606050884595	819.984956541968	646.340090206874	617.929026745907	419.874922971257	470.409424161312	346.779535937491
347.685	-5.32181256372191	3.32784633931885	-2.58069283887604	6.46848522371157	7.68609319719645	13.7618070101753	8.95764798177484	-0.213296179571133	7.16721125374387	22.4928184347504	22.53189949324	14.2858217898407	10.7465146040704	18.3527371099995	5.81739633574206	17.2689357486649	38.8052749081609	19.2209286174842	30.3173571497987	34.8143980443104	39.3216282140419	38.807776992027	81.0704533398761	222.272807445147	425.000484367836	621.982135631162	624.694305186018	605.887743544224	619.467181846466	932.893574441952	13736.0636448895	22980.550392533	10792.5411115207	481.478960078915	355.136338147291	358.705578370583	324.517574629167	1298.00699668323	4880.23815242487	2805.21019331741	454.549701734542	361.727183433786	448.285240618784	616.419466726722	754.290945275635	817.422285811823	798.307548613853	670.776296061052	675.726255491507	628.395469806195	647.016887165752	653.413661086242	1566.93625520006
352.24	-8.63227557787513	-11.0850791934588	-2.18022246300458	-1.22955964736607	-0.70836761869827	4.54235196454577	7.8539473394877	11.2442931502915	2.42200307407637	1.12606792785171	-9.07441594854922	-8.16975515780342	10.1164628046298	1.13912598188528	2.94879374476257	-1.45891525966413	-6.17101091528858	12.5846331914381	11.1359685850051	27.2942622384725	27.8118597727642	57.7026723670397	184.379398239541	377.807639365355	574.611764625975	598.737157492973	594.250420642901	569.220920965616	786.436103663689	11399.8656712956	23336.3548771275	13247.5820614413	548.117565900914	315.952547311271	327.446132715208	276.608519953687	684.477830185953	3795.66647421187	3710.63313541274	613.344492202531	241.352840724232	258.642295763125	378.050302337236	553.519524480378	610.676401192368	682.199174257527	686.766326832681	548.306637002648	537.970011361493	364.032984352077	414.720718902553	383.086717617416	-39.2231117475882
356.799	3.81870775913386	-9.25928890422755	-19.8406725348819	4.14420678002495	-25.7854236352337	4.26490310757749	9.43049899707654	-15.7425246605835	-8.32658034441581	-14.232712351639	-9.17554252352948	-0.750981824087274	0	-2.68758131358733	-2.98165551938496	-0.368793404423302	12.4795630677361	-2.46287963688809	2.70241665460544	24.2675879525944	46.8696651204745	144.980271728893	360.116904449905	557.056320328038	595.14703322926	589.322859848727	593.129624801976	709.425556669798	8623.20551885865	23883.3379152034	15879.0264404773	672.432417185582	289.838475288499	310.556222477228	272.832120270832	379.973666893877	2509.44148611722	4164.33965306408	1092.70956287497	221.075193688305	198.639253076516	238.196152893269	315.163930849137	450.234471746718	546.860772282986	526.541421787415	553.728758105808	555.965694687954	473.523685305516	281.480450148614	406.505412241456	371.216061431377	713.883953759943
361.361	-0.549329019677172	-4.41652509176097	-5.77166859781034	38.3922356792905	-4.6881261085992	9.91062925923404	0	4.40337872939861	1.47963013905352	-4.58618753076613	15.292875412312	-2.2686361041702	15.8468359140936	2.31968482756661	7.50605312551588	18.5680932484929	11.7810721376914	25.6270009980425	19.5022029949334	35.4570267186512	173.209645753055	318.240366676863	542.830492579315	567.797539061917	596.852481378337	577.623543400518	652.230269883802	6952.93272284181	24338.9583295627	17755.2117655757	939.026945678962	279.258072533511	273.878965925196	237.760207267382	268.66306304367	1481.4807498684	4072.7451291249	1712.29726843377	254.884826966805	202.279858930763	235.455263792751	248.509633633024	326.913780374062	419.758205050215	437.618052296361	471.417429692858	474.402326648471	453.796031699074	457.118170171677	313.420137378303	525.674265159513	284.414104560567	758.792229523509
365.926	-12.1221388338233	-8.36779716920423	4.45330114814478	0	10.8517859410671	-11.5977047997618	7.51987325073136	3.09177663431608	0.742073980083459	10.3504291717374	-16.6178673214604	-12.5155966793529	-3.57642489812381	8.14368668877532	1.88224292360402	28.6821735831323	6.30242336747515	4.14600791458054	19.1068255292857	114.866272036319	284.514570129891	532.168923933064	558.699698317951	563.078827787652	599.898327870941	611.883638123903	5744.48150861923	24428.0763749242	20217.2725564942	1243.89508001527	254.391265836113	260.347163449204	244.788136602536	225.171672295968	757.313244886204	3384.00386140724	2475.10170765444	408.479639685204	211.878259729901	186.257747933091	178.850357413299	246.16806577791	324.48908029859	353.610767410671	395.058826023233	408.425991463854	366.339962188315	370.714933729181	417.010495366572	267.903978093817	233.385932945072	513.508534040341	320.466982692451
370.495	26.2334812244653	4.39402828731025	-7.50912098863536	-1.66072496090321	6.81697467240683	3.28671556675156	0.497252960246053	4.81904377857917	1.96279097274509	13.1181261969351	11.7282113441146	-6.77124051707529	-3.54737601631142	17.309016486151	16.0558107357661	14.7788091823585	2.73491445624676	21.3841300137874	85.7335810309345	229.773415235988	497.260675527635	573.900194845405	524.207068704836	567.038631850565	597.452784810907	4547.52904001658	24359.0658999873	21922.0214012211	1787.75825138423	245.614186762433	251.193515229367	252.577812292268	220.727170948879	424.545445622072	2442.2832094342	3071.22658261926	662.509517125663	201.396234120411	199.674409362614	196.457835433266	225.727172160261	236.173163352927	285.186623286041	335.18480684207	383.686487939517	335.785222461669	402.157785868395	341.328484063429	421.464602923375	347.073273705458	415.825162732312	695.286317710492	913.859132322444
375.067	-6.53577525068649	-0.486543319462492	-9.68420637934824	-0.827501695622917	14.6596334392772	-0.982617628522173	-0.991079624728071	6.11219775449603	9.78014358992092	10.5151838817336	18.321424097557	10.4967521183228	1.57117978265389	16.0994241757256	1.86052265926601	17.6734714473679	23.7507165494615	79.5043968727409	187.964061189211	429.459630856718	535.322324096381	517.643252789057	547.862622044306	560.407904227754	3941.61590940842	24584.2435528493	23758.3467519274	2291.21872075455	239.520110419947	212.461656651446	248.072889193569	222.404349365457	274.199889556681	1657.1065233998	3366.97914740779	1124.5601616287	226.911245709664	224.786664436476	235.30152002077	226.55415855853	222.116374445906	243.32739341133	265.257152028156	306.129600758253	384.172472463398	379.965113634284	360.823901634727	327.783348000972	314.521035486265	356.686201264299	341.767053080932	523.69661086789	1029.49903274912
379.641	-13.1167253863913	-19.6852238766223	2.96830790990791	-5.97860291931368	-12.0552675322351	-9.46572984446391	-4.77362287716015	1.05142651301658	4.00408893646989	-16.1523870719924	-3.04299184347776	0.361132408376322	0.378386335843904	-4.80036166658565	-22.5826582814711	14.8970223634146	40.5079430962112	143.7011868849	336.147444142497	449.40195553785	472.861954109769	488.027154746385	522.268217834237	3111.72007996865	24345.9502430245	23658.2869845521	2801.97585740283	214.446998838187	177.402201132353	208.32940627318	191.540490534576	200.493772774392	940.387992024762	3100.53763158892	1808.1972436373	309.284239283497	218.15818113954	205.622946983201	213.731239683391	231.021368555465	244.535590710041	229.087702528269	262.697316054655	301.619314581364	307.384222463747	290.11809543898	340.139746629622	300.865194527729	338.739529514207	356.617374772364	259.268831434068	372.543678251649	0
384.219	7.81009687994644	-20.9306794312078	-2.52488675586497	1.58215193472722	15.7233971643316	1.56560644154042	-1.65804340314117	1.87815388831502	4.90855693824532	2.17347391950611	1.50990817717771	8.95955041121811	13.8936678929066	14.6578523457451	19.9205940325908	36.958915828726	123.576037113198	280.903966504222	442.777008206725	418.275902375871	475.523400553956	522.700782764593	2600.68576842708	23533.5096485	24199.0675953206	3703.24555609207	233.166948186832	183.726763413593	199.573587763884	176.585208928041	187.566455200106	525.071251526777	2491.5030759945	2392.71073480429	489.354038295503	224.138739302032	236.95306347892	263.197308396989	266.318243379362	271.868099747837	296.841328142459	239.061675403283	293.687989969038	257.091076578465	335.288252126904	320.930319169609	294.431632207271	376.912468975743	382.848526969831	483.06245316976	506.420398310489	546.857350577957	1078.81444672482
388.801	12.0797117583545	2.6977532878487	16.6784112496307	9.55890997937132	9.58223281502588	23.6095313038383	11.2195154958234	13.7175876758627	2.48546350832805	13.9193989831397	11.6767153098454	14.5504246005382	24.3203689920394	7.79315294756982	40.9205429078018	100.036254313644	229.200615881744	351.83140101319	387.712361746543	425.848494838674	476.541130924178	1975.45047480931	21545.000040041	24686.0045923028	4402.85586409307	219.010872730589	152.883834195661	187.569690460352	190.080333326991	190.720796391158	292.467038152501	1734.14947298468	2764.90618880865	783.749078129994	259.878701345806	247.119956835685	269.017718561361	271.882405180146	293.301130530182	317.232672803002	301.610501446076	287.169242604631	305.787241272003	305.103573909086	320.77314582186	335.173600030566	388.225746151521	375.782231199236	465.77158794303	399.541436143867	379.001480133785	766.890040576192	1042.86218832361
393.385	-9.63230791593872	2.58141162997431	-5.44946526958884	2.56106991714023	5.69110053402202	-13.9023760618734	-5.47738241549332	0	-0.216206993601067	-3.2669538391639	11.7318100503583	-6.96146594539895	1.73668236100572	34.2347313782694	79.2987789466569	170.281243201052	285.765286942724	299.69495011368	362.641810773169	399.501975389809	1639.41271726361	18998.9700703713	24382.8353777186	5282.24757643265	223.142914229595	144.444625739386	151.759469193268	166.87956474873	161.824914944564	181.151535238018	1032.66895381389	2640.03254429944	1220.71662708532	256.372545209258	228.806003981347	243.933991677076	265.694541586556	284.7950673472	316.283823650769	295.576029516699	311.150574562656	297.006226285927	275.247488707155	305.652242419168	269.371541535762	262.49331789214	344.134891899296	375.983007841905	388.678785513402	303.459401174736	581.762101056475	626.950967639069	682.765714243551
397.972	-4.19578725942598	-12.4938951090469	-32.0269342362095	0	-0.918154138372469	10.3733757076099	0.636245755555004	-1.68165522932829	3.97643536598608	16.0551427088108	5.13735907982007	-11.8728155583457	4.03461616195229	65.6214972620228	127.721620161872	238.263494868344	245.623240403201	306.939341784274	349.108893243008	1080.03312018971	16987.6447404646	23699.8714791874	6187.66308937488	227.105953158501	121.456851772496	118.026243658212	131.35116359039	146.702555181609	147.759483585605	592.425560996968	2253.06946899978	1691.14103323669	327.872837387446	204.761716364348	225.945753897301	257.098374522733	287.334848306945	305.590938884593	302.327064829696	313.363450826837	302.645475500906	285.924971449413	291.921887832739	303.165317935917	260.74878924626	276.265933880165	329.809789468748	333.508305433357	444.795663467265	478.781994816965	479.034276100572	34.4819246167294	474.499454693709
402.562	19.2735287685918	0.400404021984387	-6.15839007839372	14.6414561011457	-2.9424979687859	6.46921307591185	3.2624619594925	-0.359290950520068	8.65228094348107	7.25026297021697	-6.23906332016208	11.7235036809206	58.8320790722665	121.765785502036	228.444498801587	225.439741718038	261.785661422469	296.78982449872	772.691170997268	13061.5377496489	24143.4402920936	7257.5808721222	262.283291077636	126.670163126388	115.446409548726	146.034663500141	140.918812322066	127.099508242526	313.54834188494	1674.64994653925	2069.37121796754	515.696914688897	200.061686333961	216.297694746421	240.012870964522	280.907232639414	323.214669494538	348.215835564254	350.849879168373	344.070388839037	326.880824219013	314.747293429846	295.143907312221	314.435857579046	270.035495639287	296.704712796071	335.120709632596	371.544464059064	417.997886787668	531.480329712384	724.24306365018	822.176405296831	798.354167583592
407.156	9.33435481375609	-10.3239052183803	7.18489619334391	13.1689955425211	3.20982301277714	10.9596402890087	5.25740036923335	-1.06890661066862	13.7684000877366	11.1328288358959	10.5697383788347	38.5493093957912	103.221676729743	197.709381655453	216.219122210904	216.95365434674	260.243523507243	559.544337764955	10417.9551068626	24282.0570221499	8270.97725727502	304.68568860606	141.157011490773	99.5909523889206	126.000477277752	123.080913610757	143.216590486038	195.506910049416	1103.82167718747	2197.02573652811	862.580890201373	204.501524665823	186.945520734418	213.234817553649	252.421724005035	273.743800516508	340.172338461215	375.380487565867	363.358876631561	353.332404629457	399.53736253286	359.648732802788	318.091940703566	352.932437339308	288.445134024257	303.927013384974	358.625191269286	435.330672698662	479.887528333881	557.932995067328	693.81299532693	769.310066744694	1438.0094924419
411.752	5.68317237275121	-1.56211541474361	-6.3598295052431	3.6531137440028	2.00894897888289	10.5161046845671	-1.98874989273358	9.28638848905591	1.37377273440544	15.0553444456932	36.7646849956584	74.9251929483064	180.971170786939	183.682167937529	201.305883797153	207.171617121022	426.902987287107	7969.30905828489	22565.3551824119	9990.49070667559	387.615058317098	122.203389916201	100.423085093672	195.216482642017	121.011734067521	124.196553250018	132.7894929113	653.829580108317	2015.4184648275	1271.22922614056	250.104503874485	162.231602421792	193.301095964649	231.77982971058	277.563325562179	315.347363594332	373.210762242893	361.991668181467	386.518746197994	384.559484096649	378.853342463415	339.946173723212	307.960990058058	335.918252326733	270.631133956796	281.589226079815	340.302216442269	410.781269296648	526.859373380289	546.56841481126	644.658433897885	944.171474572792	1366.63539148756
416.352	-23.6648903876735	-14.9903600829643	-5.21625193270821	-3.26862306524777	-1.12986144695547	-6.98639288766655	6.06786897710138	0.862254191716801	-0.386314651541426	17.5119978261281	51.1577033851401	121.720765866448	170.668953152547	183.812773477052	179.316700323049	308.909373228263	5854.06115448341	20264.7443343909	10994.3891132379	524.670965568023	111.270943411183	84.3672427166548	75.6030862037449	211.955233986466	110.822886474547	87.5776353251829	376.205363335951	1618.98111715883	1640.41623255573	360.009435252677	144.310384143134	144.239358750694	190.551353610897	213.445285187275	249.098833583894	302.363097055201	344.079458230205	379.411497567896	359.199507051095	373.882348528935	355.866889159381	329.257255719743	318.605478613492	303.67976193122	247.795109985937	285.674720880829	317.627287125378	388.422241554538	504.658413137753	493.117370920507	728.987198959916	560.112188239251	1094.82973375693
420.954	2.95099824174991	-10.5447088385838	9.19941406234009	-5.12405669883491	-2.76754251735882	-0.507047142466592	-0.958900639008631	3.71720997409734	12.6798784308875	43.3347625402234	108.315350076463	139.861762125482	174.210994551047	196.118046837883	273.905355340075	4532.54411335989	18907.1328789761	11525.7615177568	634.164545495437	127.964117891882	82.9430230111805	76.5130670456142	108.39339440842	96.4298540721188	121.374909169477	216.18492775621	1155.76113441746	1801.18511146181	607.963281570198	155.919226836657	135.573976098192	147.138774161991	183.176018600663	217.21922157261	268.592794890206	293.960773964559	350.234825030337	371.374726951855	390.057007562139	383.160608596545	382.880986265384	359.60419554148	304.307190973673	281.942881982767	284.765104470038	313.319464359675	310.20779255748	454.767761374994	502.015298138265	522.886504936384	697.714436806819	885.543293608909	505.698408065791
425.56	-2.89511001908318	-11.4533986333466	-3.6769287070454	14.4526637027941	4.34420594733691	9.9488860517385	6.02073765119521	12.4323090605461	32.1205158775756	89.1284529230743	132.170338384826	137.782303315331	181.351285735002	246.835757720816	3390.47995827252	17534.617465278	11985.6162589165	834.951518630676	110.635554591389	92.7124821067935	88.8342638663558	118.963043756991	100.006795144374	91.3748014485908	137.13662344907	721.346197254175	1741.46138063773	910.443227648022	194.437189356768	133.917676334399	126.727103354763	165.462938125029	184.89074618237	223.981082548981	266.247663411269	312.773844037494	352.7419614725	371.154823437026	396.646895879754	383.156192693229	374.338874669138	330.918667357586	293.405541853771	307.206146968307	245.737540991606	314.762838889819	344.453894434475	449.677304242053	491.024298014712	512.98368730543	697.476911025504	850.417866695285	270.611515381043
430.168	-23.938207413299	-10.5109812716969	-18.6913195145136	-17.8768353753142	-8.25704589792573	-3.41597813974059	-0.73829903076012	22.1157679568293	55.7353094547037	87.8591495112419	101.18670181739	129.300930922743	217.70207923131	2582.52989078286	16313.6047603609	12081.7701671249	1029.67219483676	87.3130584306473	66.9965261135714	54.8541342055578	76.3408859530323	56.5437676127133	75.5427545733932	89.3226709034052	415.007612317468	1451.47769486229	1161.86486888739	245.308414484137	113.415620468929	105.609099132593	126.28031647287	141.610624098839	163.580410055563	209.058079410773	240.869602511497	281.972271777405	316.818375637362	334.907049525483	353.537687782254	354.140767013637	356.254784920193	301.80449735825	278.255568148075	249.411070757186	232.989935936782	258.928993186501	312.952638599193	352.448935291987	392.926514236801	454.929989634852	490.099972443089	174.055661918945	-162.232938665882
434.779	2.42843468153731	22.7783035435684	23.5522913191012	10.1464039699848	4.51697293629442	18.2550855580794	31.485020439994	67.1581956820947	96.2986995099977	103.694555090005	130.046992094088	195.287407853037	2047.63657801761	15141.9158489341	13442.9493467307	1277.50853979744	128.46628476828	102.93555974572	89.5555787738173	81.9032647774625	95.9749125758865	105.268125769224	98.5197592952173	260.044689873067	1165.58731629541	1460.73287863688	416.787855470241	152.54890760026	129.708698672052	132.464929035203	151.388877385708	158.293813189867	198.972470399852	230.120070777719	273.966857204786	330.255223759613	358.446885547632	364.267358584847	367.829016118639	378.901970462497	362.961940038207	346.612696262499	306.236985360851	321.943269455835	290.860349583863	312.039788236398	392.627248435219	480.271284063973	540.040180140606	664.660215377892	898.433536969643	886.109586184628	1647.78268425324
439.393	12.061381038431	12.2112564064812	20.1461918034729	8.55178645485424	12.932880179093	28.7720083426762	63.2826379890765	91.2043844219995	89.5213939071152	104.263297474425	161.127326501905	1429.86584132726	14093.9771354146	14759.6210432223	1731.84878730615	107.63059242915	75.014860950654	78.3518221897938	82.9847837141184	79.9555624354663	90.8458302679639	97.7268093343698	176.285221492844	810.410388283429	1495.27218609436	657.842844955882	175.763609356845	133.622735324314	126.575226986027	132.986334865932	137.618546078436	167.778714919412	193.729158621303	216.016494573954	277.47426781978	305.916970714116	335.000870309527	360.797782485223	381.906324808791	358.756316776445	342.143057638339	356.974685725948	309.693895249627	316.368532782722	295.597637301199	314.74444625287	370.038394397887	494.195562977979	614.318139776399	755.982090377549	693.781647169341	927.792643525669	1636.81856254214
444.01	-9.14260057165043	-4.61626692662975	8.35296670341704	3.62364955114935	17.7449268743237	47.5710152303157	82.0975990320303	77.1100126348525	78.6954958557204	124.656711733589	902.125853208833	11168.5285172508	15595.4826827488	2240.60547711024	98.310425739008	78.4674471697109	52.854975134136	64.9045582279303	65.6378853211551	67.9572872756685	65.9132439739447	105.640983599108	518.075617411704	1363.56216239294	893.501134306313	201.556124324643	115.381899830137	111.031376202894	121.778245589795	115.395303376197	134.692343206351	151.077300195263	187.112034592718	212.728766729527	244.182930335846	287.970212140958	315.273930954071	341.55707971356	344.552853799262	328.759189105887	337.864539183137	311.340618407365	295.330476705734	266.97849165583	277.744492196237	281.251808342188	309.427716168527	454.759854688469	489.039555243167	528.534350709139	676.590643269958	770.306831354017	1184.84761493987
448.63	6.63315355594573	-3.83415323138181	9.14522973186831	9.48514864934916	45.8508669468421	65.4670491825897	73.1309203203114	81.0073437592375	104.571861081753	662.503173085456	9368.18309105682	15216.989701895	2806.94602490561	110.667822585415	70.6425064099731	58.0308019767906	45.7452490254826	71.93011724743	64.1072106718112	69.7690875883051	80.4555185848326	291.170546844685	1130.60590006962	1127.36148458012	299.184638507559	121.513350990215	105.503914304972	116.436809719927	112.374912371445	126.340328750771	130.058208165796	151.794466391039	171.440570771509	178.585557111406	236.813077509465	270.259748596883	300.207375460689	306.511698257002	328.942932200196	343.9917357689	296.733891636322	277.94538893309	283.590819725586	254.845037676055	297.238639342388	275.300071880097	339.735047894225	413.157008442975	454.843976998688	478.150481088714	581.499136405898	582.965759116625	907.732405368562
453.253	-7.32856543293297	11.3706412917689	14.0282460446474	29.3014020910215	57.2265018189238	63.0930766938547	72.29283861107	89.6637430358679	465.959792202421	7038.78242461323	14098.9478145408	3598.43694349637	111.269308117054	67.0513476858624	53.4946687547613	40.4167910240259	63.9711815104459	45.2755277353008	62.0987209267989	71.6610264977685	169.008680791435	814.747585415805	1236.40907133689	461.314507505638	135.602402571359	107.63711921704	92.5240290519036	110.46561349081	121.977985329489	107.127589567689	137.884241480041	129.568680500842	159.53828847889	191.341919850003	215.63263249908	260.580734289431	276.245871465026	302.330196369048	314.251928647627	298.717590424988	301.760127789481	278.666671725002	252.546384859382	223.384041569212	229.816531939773	249.976002338112	313.026346536176	402.947392723944	492.519380096644	505.202870705745	541.555215995253	667.577627691728	630.93499811206
457.878	-6.11199459378346	17.4035884685688	34.8872641963606	58.6188617986516	55.9230993470127	73.9718164923999	83.9349435140914	362.090913117097	5825.94330784803	12568.0534118789	3575.20664227655	146.716252120314	66.9451747830167	47.8550936293212	43.5841465123773	63.7859009062829	51.3395250062272	57.4865874285612	58.3468456130859	97.2935125403964	544.809326670864	1227.5307233157	689.687285906601	144.039991801389	104.892707171284	106.875350376887	110.068102482571	98.056484866733	103.545749559123	114.62631384414	132.86574314714	130.165422886807	143.904163292889	181.62617305564	209.054313381232	231.405028646268	259.202916368822	281.201993937789	293.780387136735	294.352522687337	270.637975597503	255.778819240848	253.911243744384	251.129262007567	250.427214908947	264.981906277293	296.45462215467	394.72944585289	450.782278182493	475.700068779373	449.447098512266	548.132125409229	610.973524348022
462.506	7.95527518001315	27.0726986766889	57.8659660854068	59.8580108144061	61.4265687077612	88.8480605925381	344.149125231014	5005.09695192136	10719.8089563279	4051.19472976305	158.631152843779	68.5760880997796	41.8001047744703	50.1232185655639	51.5036590617981	60.4383607953543	60.1201291430033	57.8636072135175	73.8126147012776	293.418120244965	1035.64176063475	906.391952957285	235.718916088189	118.295679145834	88.3191481933204	100.809766225591	98.1298745813099	113.581731629987	114.717923553194	116.316541568127	119.212078626458	119.93730987939	144.817608531194	175.807917311256	200.340012509057	225.07303201632	245.884681784069	270.323296069505	246.702284148595	261.274767387089	256.958005961585	267.293308517051	254.623421261031	212.92437142337	223.195643976864	242.506638351086	288.6112045316	377.466306080587	370.942433327485	456.708084799974	490.280025073035	537.969542477458	784.905737478822
467.137	29.5455186473668	72.8327437168436	64.0804982004287	79.835101166723	81.5128356164481	266.745221975695	5387.19872943525	9435.15994857357	4430.87756606698	202.758634876872	71.5803532653805	52.5140775138523	48.0103151178225	50.010744162879	50.3361330453762	54.8641964001594	60.9579554229941	60.5029486355721	172.916019069517	741.484394351594	1005.73214512749	355.450574868875	116.658587775251	103.065238034802	95.7743099141529	111.629144111901	93.9594045779361	94.9435993848146	115.367647502991	124.490381561458	119.241109429507	130.791099915468	140.888292821337	154.695203156606	179.880898514264	207.699919771687	222.546778465227	236.720088067849	254.830310137704	260.130357909143	259.129824845911	239.054815317854	229.07443183434	206.485052492409	222.833470674034	248.310183451134	299.975391295922	397.073854294312	464.139556499545	475.008089747839	618.972458590961	879.654632993443	774.900816181359
471.771	52.3325003456142	49.7335295400191	61.7938258453805	72.179749569547	207.837923329808	4637.48635995749	10633.7812380469	5126.59435066807	218.769349137896	65.6525130616236	49.5103024186495	43.9401834645941	46.3071979763791	48.3247137222172	43.8679733908717	61.2219221092592	50.9430120304628	99.9790378433211	468.535532761462	1010.3787264871	512.757337339887	135.326100690429	94.8315518370064	83.7381175328977	89.8273382350489	91.0273129153623	97.460035127836	112.331836228329	97.1995725575141	118.105495835312	110.138798297413	112.388687264315	132.839920234406	156.157703956176	182.614885357572	204.106759274255	211.134668744128	244.254107099114	233.571216556142	262.131177777738	225.884735573953	219.27863012964	196.43874164687	205.972549860107	222.372471748032	240.538900759023	283.645761419955	367.716367934737	368.75685193481	429.046938446603	625.914734843388	642.375216958184	1565.00992978036
476.407	36.2101342421599	67.6649196811833	68.6842858600129	206.587912281806	3249.39560659419	11916.3456776422	5337.63496132024	259.306681635551	59.879840852154	48.7779859873504	38.1451592414193	33.3162721867098	53.0282338731972	37.9666347413536	52.7593505892521	47.4594195130809	60.2240453463843	268.846314482915	836.172286398501	703.229139264311	181.264866013817	88.0173059895922	89.9398636993796	88.8439285454893	98.7233006749571	95.6690654136405	94.4015286994953	104.774391822202	106.414864266969	101.848361601481	105.820951365192	106.533463593386	121.181990312956	130.249202068153	149.683554898509	187.144048413021	198.69722556196	208.881213445268	211.601785786779	226.763373145752	215.26366579177	207.486210329006	184.542026033605	186.122847108411	196.847788840007	221.154713056864	252.65232869333	297.891123051517	337.949802513778	483.954463862684	489.795856794635	617.636631850542	5869.38005648296
481.047	40.0897550466327	62.7546515358776	182.515926648805	3613.50962277018	12015.1202728168	5734.20351920926	312.213183140785	55.1317793279892	42.5986648082225	34.3525689472488	41.3831938531114	44.808583773703	37.9308844632083	41.6752266060817	40.707179776161	48.2362343510458	151.446906376081	606.902729071912	810.775918358601	255.363031317061	88.7946278810295	75.3952712403531	82.1160209257092	78.6738577155618	79.2151592398039	85.4425888067236	92.9243153298824	96.2310768242385	101.772641066218	92.39794190116	100.766672418629	92.3451294327759	104.235205937843	126.25348393296	149.267700939114	158.043067034636	180.325066657003	182.091947089763	219.365241477055	203.150672133307	190.552606201472	185.011643692458	185.980103887073	174.278375982764	177.63205613924	213.579576998288	240.180304076995	343.50887742463	415.552037341233	492.682552600497	510.627869435714	924.924683002463	15682.3684329311
485.688	66.6849988686792	174.763102010833	2919.59534894198	11681.0916188751	7073.58277180233	426.951674376978	62.5159878442462	42.6747433854446	30.5978335653529	40.1786317952183	29.7015931096808	49.1962896566576	45.1698368633471	56.0077999749888	45.8110300785811	90.6600008376724	383.215957124933	792.29214770919	427.982829288856	112.796271009929	81.982810826413	93.7337308420223	72.1600905977682	93.1896245334164	92.1668361233829	96.4530417957263	101.97334075393	97.6984239379905	98.045800483846	94.6128847150153	104.752957928545	95.8068650159271	123.65444323281	126.993252876612	132.155692470644	154.312857277416	180.332137947123	173.139670482605	206.280310438335	198.114813947523	173.247371253507	186.157504287602	176.685963838608	182.964724600369	209.120750342423	213.945122823864	251.051872270358	344.096799912144	430.7994406184	520.943888274832	595.307202361639	4659.78877959834	24615.1120011998
490.333	126.178489406544	2618.20774729805	11750.8451716814	6921.07722044544	563.125982216822	62.3466281462252	41.7918174084389	38.0028216321197	34.2845883635744	31.1869939840274	46.2198295577989	54.0903594922732	38.5813346660942	52.9705612274154	72.0898873300565	243.928662411847	673.350288844733	557.160275172919	144.079778842186	93.3244132712509	62.4451784166016	76.2282729211672	88.6169308669335	81.2234260832451	88.746448970931	102.426302139357	93.4759528879046	101.749091817307	89.3287816906073	98.3502510561782	105.154720928601	110.447185471663	107.386234554388	125.073969248492	144.298254927221	154.815793308215	167.298234062759	168.904362622499	172.534880435203	180.063315910267	182.702637121929	176.039330416447	178.767677015235	160.122153792612	192.269463732108	194.5028867264	264.49852211497	322.585689016971	391.70479338985	527.167004014027	772.671373306647	13240.3832920655	18011.1716961309
494.979	1974.69540698128	11093.8787336581	8020.70456412283	625.372777877885	46.7307174853725	43.6953687223064	32.550388177569	26.164866173561	26.657351681669	35.0261514663043	29.0921640777195	49.7575361504478	37.771142449339	48.2814031003231	131.28302297134	506.652528759383	638.069717048741	213.968420728924	85.872386415146	53.4032748139681	65.9110986869084	69.0319928702389	73.1304219451784	73.9993407997566	94.1779537564212	87.2735452894157	88.734787696407	89.7195132008838	93.9868348299653	90.3403477301333	83.4862777997203	83.9540003948115	99.3907182419143	125.820765254481	122.791279322773	137.888347567968	153.66038104074	153.820618179644	153.952121431798	175.69480010663	177.272908535872	153.155553450142	183.293435996073	177.915511461351	206.899717961943	197.365259654648	253.070282922342	319.342522162907	440.528428695682	448.316112292023	3419.50756612478	20328.9591435112	5939.25827265124
499.629	9867.42895903099	7953.72852659415	712.242317592122	63.5723113789949	46.2631011266867	28.2531922343823	29.7209588844313	33.2462038174727	36.5790542309514	25.0888469118423	43.4265831350313	38.1476786538393	33.6173805177362	75.4289673786498	333.511534432362	621.5593640225	327.720476941196	90.3090821299478	82.1224858917611	71.7127195584663	62.4379705867079	69.2919406468868	73.367382531742	82.5231102352664	77.6934775090176	95.2976727564869	67.9865645326011	85.6506727044488	89.1264559267251	76.3271906847123	77.5088072684023	84.30630611996	93.5414982806873	108.776608079895	104.082614110168	127.255459791105	137.59351769965	137.798898110424	149.852976368341	164.473620780822	145.101654280126	154.890942722895	136.803292032941	158.772788139352	191.276324924413	194.953085281094	228.395358401734	312.583852086845	462.088537345183	502.592169217118	10070.5750432204	15582.6946897126	1214.11059724619
504.281	8393.99203412117	852.71357598277	50.7785134314008	27.0740450872305	17.3665786529389	24.9680288168649	22.063022325848	21.6470747719166	17.1538297677734	21.6638733460764	23.8666670020322	20.4844565102779	36.5668452695935	204.282263242918	552.995978873591	431.194152752145	101.911014308385	58.0565506160737	44.8954956313713	49.9943620783592	49.5600230389029	45.547704367151	51.5286603177389	45.8935170773494	60.3698032679296	56.2863329244699	63.3632027664034	70.4100070697217	73.6571301022458	60.2530637426852	64.1502579771964	75.7766278191564	71.8915446679496	97.660584271651	88.2233044581482	101.453528915284	109.767461059039	125.198365039375	129.536874321865	129.567252850305	117.730162187933	107.915423972581	122.79362836448	130.181746427309	132.934076569721	141.268491331464	211.244814708066	301.433409267549	350.548387940208	2172.85702079181	16037.9144392236	5712.30831069745	347.246969400041
508.936	1025.68687345683	43.4294592807549	44.0188701456128	30.822874849086	27.5961414325017	23.9607860856788	20.1207976800727	31.7914522328116	16.0813529132601	26.1304556153718	19.0802917485586	32.9594133617319	118.89229218668	423.707273401041	514.450326419629	164.82296658529	51.7396324615202	55.008611203186	53.7192335767297	56.4336902083563	55.9011316921627	49.7568747846072	59.2194556755307	53.6485463079534	66.8240033182092	75.7154643287276	63.0385001521387	66.6888999348197	62.1845142991496	71.4229944720172	62.3079682404332	69.8413468475848	73.0503233101696	74.0391333520139	106.887022123607	89.3092545362198	108.606578024509	116.316391869211	115.518344977291	113.591573051104	115.2254478767	120.525622958327	99.9113860023636	106.628514281429	135.286182823321	194.878804975994	252.540703429812	338.282781908416	377.596166016161	7707.48298861406	13246.2653216092	940.864153496514	318.893089767003
513.593	32.343141383291	37.6578769657651	12.9232087893817	20.9811272681303	19.8012987333555	18.1391828253772	26.9471282898038	21.9934136314834	18.761147990537	13.8424937764377	21.2877096011765	50.5271274621791	280.693070188299	518.686963150398	244.555547595819	65.103273824579	29.6161132507998	44.2976575165311	29.4036295810207	39.3053737530442	44.3357443157006	37.3949188912654	47.1584249413866	44.2577946496179	50.0280462478242	53.5810259485061	58.2871873461793	55.7646066577389	65.4139607687496	60.1026236796088	50.9105438324401	61.1628515340389	65.7928433177499	72.0585853080169	74.6799014245431	81.7426984197524	85.963167494994	99.88474877159	105.220214624703	106.912241620674	108.88381421897	104.692794322909	88.4939205200865	98.7683789457638	126.054956792483	139.006368778887	208.079340201069	276.478999427511	1617.602954377	12911.074296315	5435.84705674436	499.948977419724	145.308698735033
518.252	64.0039839499954	50.0692504378881	42.6689630732102	40.6554235525421	39.4062601569379	31.0969082211386	33.5580411050272	28.841000357329	30.3560125792999	24.1514380545861	48.6560777645634	187.417337612214	481.931968269669	388.868070057159	107.466249890918	67.4695145157769	52.9930139580983	60.4032448858725	64.4867020698735	76.0131686010764	64.6205340898083	77.055948707919	68.7839270491561	73.9618918040869	74.4023996972351	78.5426690863801	80.5815944691564	86.9399477989363	80.4048726118097	62.3280567495994	69.1246612609527	67.0952425561089	78.0564058233804	83.5230678773335	94.0190344598755	104.336307027435	113.062732809669	113.812009942896	106.680241984082	121.881598094272	126.777530438756	137.948846442988	142.415800561873	140.986221102156	166.239781554468	237.934282800907	302.015929669214	372.62803713255	6254.1588060237	11781.4100425426	1023.91825628102	775.625871473078	1879.6479466534
522.914	39.9040876407299	20.2320834056953	20.0479047115177	16.3858392699289	18.8802519160039	18.1602208623068	21.4238932396536	14.8407255518664	17.9137604330933	16.6948952211983	102.374376491681	354.586048511055	430.639702421009	139.409122923718	48.1392781924515	41.0720020757297	38.2923212283724	45.7145727776419	39.7724074519322	29.7890096220919	49.4183062486963	57.6734961705876	50.7076727012609	59.2174688956438	54.2791427576273	53.0045606857698	49.2406960152085	55.9272936937595	61.6650025205632	51.9299189224655	45.4009564726833	63.9764030088818	67.8385899768907	61.829980360882	68.3158463343491	81.6997649175215	68.2660486680322	78.8610680924646	93.5808521098107	90.7031711077298	101.354338439732	83.3386115929773	105.407516686724	107.936722907786	105.009483861466	210.897443313871	256.024959417997	1137.90088901589	10646.9361306982	5277.59288979371	380.673389118649	420.118727555284	1894.8251695269
527.579	18.6920479769332	17.9823820693226	12.2019242816109	27.5802342497554	16.9906279753601	18.3746849846272	17.4972587442734	17.0003965950725	18.0734450244931	54.9566748655296	230.998241912109	431.747688778449	233.057596101205	51.3564233832711	45.4333089184508	34.9929694274853	40.0875172673112	39.7598220659548	29.6781084941326	48.9120870560826	36.4425717605117	40.1928971609165	42.8801683492019	42.6550160621083	47.888855110082	50.1556940800385	39.2868068273139	45.2460074322563	57.8530771440441	44.6505114581788	50.1100018332481	60.0032280802017	50.3109728989411	55.9483127598725	61.1607585995989	55.7625105972505	74.7325212565632	72.9318328007932	74.5293149151465	79.4891221011082	87.882024139625	92.6346914849639	93.3393992923842	96.6735604230285	147.953987208601	219.426692504408	252.59886584917	4625.66764025292	10086.3685049037	1011.19081540417	363.720347217955	473.253782064163	2234.37667829773
532.245	35.9678527506461	21.2062607687807	21.220854300328	18.0335604683404	26.9179978317494	23.7932972288658	19.1440167819829	18.1638772766037	41.1740955797722	132.500798918529	371.947141595425	322.334315363451	91.8264513014815	45.8182265891969	40.0544905088628	39.3907534550989	34.7119729199833	38.701170748221	47.2165564783458	45.4904849259946	51.6065052084028	42.8399078910776	41.1665127307581	50.2620874020224	55.9039136115016	48.3750124224495	55.6472199312995	57.7360522825213	49.2554526659657	44.1753573789902	52.8705247389377	55.8216585185643	54.5989285287073	50.3581855240366	59.6079752241358	68.6291149788757	74.4830422526953	90.4399339123289	87.7149260329274	86.1941752814351	90.5541843526427	86.2141892961861	83.5643982480527	121.81025005226	175.502493498395	220.271438489231	802.504742979697	8665.70451453966	4870.11733715791	335.481730706399	369.581437665394	1037.52761849375	2758.69509541775
536.915	23.9382745949274	31.4286910338055	34.0041865415329	28.6553212408319	38.5733461293209	21.3758019858204	24.7498665132129	26.6025642566343	85.6453975006152	282.74751103543	366.448062928835	137.057340385415	48.6532527348841	38.8005325119622	41.3822858182781	39.9669746574457	33.1886736606031	41.4826078369582	37.1324212593798	52.2000484022405	47.6775364267117	44.0815493093623	41.5124605809222	48.70239674585	46.4411983844407	49.5641293011657	43.2444778669368	56.938838033127	48.6452660529431	57.4549774231801	46.806915331184	54.0391321803393	61.8768373732764	64.7011449661415	64.9176100250003	66.3926023218039	79.2651972239574	75.1613438842588	74.8695247878646	98.931647219898	98.1072048297502	75.101976307214	95.9828595370295	152.252099795596	194.434299793365	260.940043772397	3491.01131694578	8719.9943646181	1065.46887651971	322.105732382405	403.981610843733	1990.55124142588	1713.95334947742
541.586	10.6378501108774	14.7459933263275	-1.48235207294978	3.06529013333554	4.81625258800789	4.6325764675174	9.17806758311829	40.1367328797271	182.623554447443	342.233617206334	185.305962915806	28.5308926039571	19.8411645845075	11.1011894333137	15.5380549952013	22.8143688136025	25.698806997171	20.9769824625302	19.3828893953575	20.7973153973786	23.9520631507385	18.1301912729309	23.653046128852	30.6416836824499	18.4617636773288	26.1189692964815	30.9795637235965	29.8304926630967	28.4830588476527	28.1579767653445	35.9470883436594	33.9052048908871	27.3308262574563	33.63062317581	44.5807276955143	34.9961089559024	48.0394720379087	46.1181203070256	44.5610318078254	45.7397870590455	49.2293639521771	58.6177098564813	59.246731065198	122.663710358804	149.765722217856	532.172154722596	7037.92400097406	4638.11213213913	210.515369581465	256.608770289322	512.153581904794	1551.93113212531	66.6703306579682
546.26	10.7063716645389	-0.989398443413182	0.596760137256379	7.85281528933403	-5.08963927720915	3.55231715744075	25.6961726416652	116.302852327499	298.488364778809	264.492973518978	55.0291509043963	24.6488747827391	21.8327377141849	8.57439421573845	24.9705787458063	15.4739350265008	12.9321703247928	22.5010554821056	19.2029319027869	19.9652181434672	22.8375904803001	32.0069858163564	38.3862114145121	23.3454535108808	24.045587672366	33.1909208827267	34.8472431580331	32.3722376226024	26.581688388604	30.1427638848735	28.0257025659983	22.1548735820299	35.2190793984295	27.2877038246077	18.2190807422491	38.3714221565789	45.6292824464272	42.8940291754522	44.8480626552622	45.3151229534022	59.1484929983199	54.8406864833882	67.4259112248234	110.320438260265	139.701353513632	2659.7078176676	7502.54007548538	1023.93890346636	181.414853398061	135.541582331427	1045.38403386954	1365.3213126857	-295.239005904489
550.936	17.8540315387241	19.9366397346507	8.41741197449899	16.6713245084506	14.8952667841446	23.9346053569791	85.1129686024804	228.539207643558	305.239425823419	117.033894352785	28.4763526240367	29.1864287671266	26.5570775781976	25.9164459313782	19.8216023280288	28.1629305835896	25.5268550021184	39.7426624958855	35.6234292635408	28.8750749019339	39.9464822016817	31.6447042665724	31.1795341718124	44.4282768550443	24.2262468585531	41.7334828429783	45.6681722604178	31.8263729262916	31.5075315220088	31.1479306093979	31.0598916441288	40.2810162295706	43.2538376883889	51.5488531148816	58.6294977422342	51.9309592778482	53.8878306779459	48.053945940296	52.659227879303	59.0623828683778	61.1407543518569	66.5544070036244	121.076964297853	149.257627684906	407.436980811424	5635.09102338137	4317.61593229113	281.930125128168	222.802207132436	365.39009007376	1444.19089440729	808.84059181567	513.789698886238
555.615	27.1924135765664	16.3052186589007	27.3962916555664	22.9209676899795	20.7858224558706	51.9709092269948	181.487643068895	306.504848176897	173.744001956542	42.9552701519088	39.3198321776591	15.3835721895977	19.6109117041212	22.8081120889174	27.2306350931046	34.2474757626727	30.6234245579052	24.3847160859004	26.4488030563617	37.3646389209801	49.605526317812	45.5741446212681	39.6314580973477	36.9318953452824	33.3594339618764	39.1149450086319	33.0451233242255	28.1848281568371	42.0710113890776	45.749932416911	36.5033520521619	39.8255975682159	41.7603267069218	42.0931432037805	48.8373667499567	64.7189845974261	32.3186444205367	62.0117306989477	52.7356524495419	62.4139463982274	74.7929824202535	85.0952989614986	147.169288009159	186.577782166072	1996.24752647109	6611.12979939331	1143.98674589948	214.662457631998	259.199753451356	783.587081346602	1291.43189884149	231.432704497894	419.752533910052
560.296	25.439211104443	18.0465478257035	21.7697135651813	19.3253190479812	27.2609569056119	105.965152344119	276.214160407634	233.606908523978	59.1162349290882	35.137148645725	21.6975199980294	20.8574298753904	28.8687866975716	26.3293365456864	27.8593077227547	35.9126814066218	26.4765222758818	33.7792129691603	29.3427630482757	58.0835004320475	33.7487345096791	30.0086600175811	26.5349712639324	35.9230180468039	41.2562168224081	39.8218482807003	41.4182544757687	34.655545475987	48.5904166144367	40.987107537524	36.402678909144	36.1267146032053	34.6465090751389	42.806521525208	39.9549019260999	46.4273065325665	52.0554280758663	61.3061802222942	60.1388505302657	68.1498074369075	74.3372925185871	107.77532113313	145.48031613868	305.561747467186	4692.08205007488	3987.50023278603	226.598012021448	197.534443530136	297.889817511783	1169.31572462035	974.220252343862	182.624571418154	-217.581238808121
564.979	13.2124905118084	11.8029437893662	7.0172988414432	20.3609494686519	75.3379187776385	223.841698297254	255.364372268829	102.127786493528	26.2674381646756	23.0463307332842	18.1723087619187	24.424492263036	13.6124618565307	22.8486362903968	18.8273241586389	31.6448536179858	20.5097919339482	23.0078065392532	27.7389057830242	24.3661221139735	30.1628975885716	25.0811345806137	40.4677918956417	24.16592787314	42.4686678075653	33.3954059418481	16.6104271482862	29.6310021263026	35.1745579673648	26.3432610962184	28.1358412776428	28.3823824611833	20.5033281070081	38.3656020100889	42.8198069619151	47.7268781954053	27.4997676877822	40.2596024772673	40.6861297665329	67.6647944747768	57.7314711194034	96.858139977108	141.171916864024	1632.4493309552	5729.5670103393	1128.24438958643	155.41298282888	205.756249613073	460.366293483645	1324.13593514238	370.12719878123	178.696960564815	27.4443769420425
569.664	-6.84467074212364	6.11446146007087	17.2105034738827	41.8862125270438	147.533596043415	257.035909288277	136.832490897818	19.0508155277656	22.1918130471385	15.4765424540967	12.1299250303086	3.66428410585579	9.04990507178123	18.7336881146837	20.2639336626248	13.6245035959053	9.51434990052601	16.8812896695395	-2.82556459821472	17.2473133082422	23.8493410151484	10.4755215726147	18.0831169488889	17.5147945169667	16.8865026575039	25.7082717197856	21.3196276260071	23.6629804750811	12.8842566422033	15.3907910549579	14.6956090291052	23.6063190147838	21.9771444984285	19.7284176021896	28.8485919822135	17.9915537721856	25.8333378139161	39.5648049755798	37.1630682267552	47.785712590229	79.5160429115595	103.129219921239	214.959491030512	3857.45649953218	3698.27431825683	215.541691404629	143.053531760653	154.365859863419	810.16683103167	920.653889815238	152.115887576557	-61.8761501857896	-110.580049323772
574.351	10.7384688195533	25.0099509291373	26.3468528988649	121.782152001168	253.282801228421	189.815466869623	51.9916123851615	19.5214266065419	24.2757590411862	12.6073602499841	14.4581609979562	17.158476822985	16.042141771527	25.3721559368991	24.1057835345789	19.9636439701607	34.2708882108485	20.7773607109182	21.5315808307874	23.4164158291264	44.4827434733396	32.0065037172772	25.9659871654545	34.1320331613058	29.5206607740797	20.1359516929796	24.4962330840444	24.4080764728894	25.9892433283998	43.0886708197797	26.2022767555021	30.1574687465619	26.1711929666309	36.5240108562996	36.1577700869826	45.512903224642	42.3780014881834	37.908526804866	45.538152793372	56.0407434480775	84.5860676905476	113.507539945164	1189.30729324519	4979.22752538375	1211.91656698653	173.302318567881	174.223591164077	311.376279206278	1060.58789140028	580.337563996295	234.640661899915	192.891810504084	613.399957375334
579.04	16.2526995300798	19.7041054087817	66.9291764708056	188.433137272369	243.114882124654	89.3624101838389	19.3642907214384	15.1993772371255	12.160281606327	19.7879851598172	14.1394376209475	12.5185814883242	2.51170571007568	16.8854677143364	16.391435966663	16.742524836731	24.897156184755	27.3701781156423	8.6262622062393	3.37531468305897	20.2805401599737	22.8884170547018	12.1641578169986	22.3553212045675	14.0339751101605	11.9676710400911	11.2598483132124	16.6921687991038	28.1352976430849	22.6834126994937	9.61386949852189	24.0228445758321	28.2929759206239	22.5517061580643	25.0822347616932	23.7116669901213	27.8728426121335	36.2366213896204	32.8705441160424	75.3936053027037	103.463695148406	151.979942798715	3121.18778956151	3334.6821791689	201.663506015575	154.154948483072	175.791895214784	541.574612738482	1025.71949962199	199.666897303791	97.1293623602633	228.97430563296	-210.995994581143
583.732	10.5151674115546	51.489632615127	167.45169634308	237.865528907316	134.225528177822	27.6364253180145	21.4373199891595	14.8285789857779	18.7070618144679	16.0538352885224	25.9756030183684	23.0532375379036	28.3676806035715	29.6020216545154	10.9090110065328	23.1686037146002	23.6647745426299	24.6153076082934	20.9001045524431	13.2481454308372	29.7793970918928	29.3462124939505	16.3228877426763	24.9309747091435	16.7181734511909	22.1281185775306	25.1516387571064	31.1198566334641	27.2160876573782	27.4490104989896	30.6391550508593	29.8181786262976	29.8303416413461	36.8123382593782	34.9960959154258	35.9466289168716	26.7765171773895	38.4950604071394	46.5984479030972	85.3617372972339	115.471799230702	825.253511613464	4338.26756500789	1178.72442606699	150.601673400438	159.774684898339	228.520682082423	843.552521157897	670.504384424834	247.319813832114	171.066432144835	311.097649941773	835.239788670283
588.426	30.9248827804069	108.754443455559	219.882804364129	186.156556714534	60.9049663701462	24.4828371187619	19.7668124934934	19.768559226825	15.1129344404719	20.0173383828683	11.5788790568592	17.5135978904893	33.0306302152096	21.2137225842799	17.9186327886957	20.376822286109	21.5477890017106	12.3709717520135	16.4829075086592	29.0227091195512	29.2599574588677	21.8850097096215	40.070606393884	25.9760358509701	29.2624544364846	27.5912907652258	24.4475931849641	19.3769637872199	24.5928607442333	31.9609533199334	30.5266340245255	35.3718661114439	22.8967251910636	39.5055989830605	38.0594267103235	37.0424395828141	39.0897754633251	33.6019044294013	70.4360390451411	93.4276349460662	134.799291681097	2389.38033683867	3119.42895088641	199.414329936816	163.070777368574	165.251637339493	430.680617694176	983.466121771589	376.290905641748	205.865395077337	254.849277381428	330.070240640581	398.424226390478
593.121	78.6825707819839	185.561604194548	209.854348479114	70.8304375672947	17.8205468574774	20.8199005520382	15.2124850394295	12.1412324186304	18.1909402116487	13.7537977068191	16.6566161012021	12.9978293118275	22.1305993352319	18.8279331371134	18.0082886837794	19.6809032773383	17.4369793474566	9.76868350870468	17.5398138540298	17.8439066124954	12.8441571024908	9.88159206709826	25.6847171369742	19.0420286130011	22.1294460955262	34.8031560103091	15.9146051606138	30.0454710831012	20.8280150096834	14.0014048623252	24.7063985833172	20.6237598847153	18.0802984810697	30.7560505710928	21.443101699556	33.5660324659079	20.9307252239658	36.8400344597215	78.3344444200244	97.3443079630234	519.384294598534	3641.84857562815	1148.63376809703	95.1677568473768	132.545818868757	183.232119261225	626.447980026932	760.555339839353	208.842180124399	132.725378377273	175.892671206464	238.6068709246	915.24055396875
597.819	128.237044695617	231.587674120567	122.196100056889	29.1650857867822	10.6530934879813	26.4203704416603	4.50133351730578	8.72478396957096	10.4831036206188	11.152225303861	14.461868587713	10.6246380625851	10.2759271999076	8.07814562146948	3.51528822055451	14.4486413941787	16.6936583301019	1.4890594907648	18.6262754471963	11.3925379283585	8.84128327384107	14.751731680772	5.42323763790358	12.3595158971031	24.8997979052836	24.4811555484168	31.740912022309	20.4313972332736	19.2777194002122	22.9244790495972	7.3748257021057	17.7454719155031	22.3237229666993	16.8775373117439	13.1186258099129	14.4286310482389	28.1844859063965	51.1331427155772	69.4092653790316	100.246712345487	1830.28576288187	2906.69988743492	173.583470894313	110.386745177399	157.652615994372	222.777859931103	827.831902944756	462.914590247139	134.865247374036	161.019642104928	27.9405752572002	46.839151694702	517.93794259183
602.519	201.045450701058	160.354768062329	51.583307836209	26.0606472827482	17.5453448005934	11.7545830015946	13.791452216527	7.83399510893	15.2213094692395	16.859629126703	10.6423347715547	16.1993195373291	20.4254714708784	20.4942374215666	22.0748534249993	14.2923731115344	20.531809611381	21.6107462634136	38.86229067675	20.876275367596	13.0232919755006	28.1189855438324	36.6530220439111	27.7157540602173	26.8666496478538	25.8208892339748	20.9492220812454	23.4125394922344	26.4685189239131	31.4553882149506	30.006111414673	28.6155935839521	19.4435189917171	30.9014990247972	36.726628921473	29.0837462660325	31.3442094784703	69.5196373663183	95.4580885126959	409.185640732512	3122.00375558348	1278.0145982932	81.2779486154543	127.714026693488	178.089142585802	406.361008758318	797.520446764257	283.099358307842	168.83157753679	231.550695341195	128.283828876282	306.843975399618	493.002778276225
607.221	197.22502518589	87.7326842009706	32.5305519456385	8.86720953993571	20.6102819849795	14.765331719534	17.9442251103435	6.13017734857458	18.4304308651285	11.5512215574256	12.8393784563372	18.0077869330217	13.643123972572	23.7952578588649	27.2238930950619	19.5912974477137	15.8255804451739	15.748632104525	22.2650368158838	18.9582284622792	23.1693691868814	24.1331683201257	15.896563277123	5.02757897391206	30.0881662308595	27.5013818937705	11.9974154432222	11.9542393563331	8.52364332139735	28.9305078316009	27.7770068504712	22.765935365846	17.9373808378985	23.7428784002971	31.1288143526707	23.4145590403357	46.4523219216417	82.3617697510846	116.907073390947	1484.8738029047	2806.81510538767	205.639446720987	106.014915887221	102.520646738257	170.344285822239	608.661280142151	506.639417842435	195.387696585864	132.819464485964	159.754257519952	138.913022193455	220.301882132176	687.654887331508
611.924	93.4647315444301	10.8904752407795	3.61275161539587	7.71761249837622	-3.73483442738735	-7.82019060330154	8.6886134817571	-1.30296699867732	3.64854157059675	-5.93713935180417	0.707060461467782	8.67086984783259	5.27524287273395	-2.57399456479233	-1.6657900865255	8.24149393610766	10.1676125723024	3.6692282362473	2.34855449378167	-4.60788181706526	3.49135004625714	10.2070044185847	14.0841163901209	3.48967988805642	21.0536002568803	13.1521699492689	9.22873918285506	8.33344630678612	9.75297064532625	10.7759710441714	-2.5239569442803	15.4165899907295	11.3186083616769	3.46569634762998	18.2581639308105	17.9660896414509	34.59199746673	59.8985866597733	247.567419202745	2637.65530372296	1323.67583372789	46.1876572527379	53.0120254721778	81.5326213662172	252.239431127661	620.14871625321	236.524665803067	118.820756773547	93.2841499176834	10.0806014619393	-41.4369348443041	-420.793003480072	-339.746114614002
616.63	47.6642405214493	24.9602684131247	11.623267273058	9.36437886631827	14.2966389200234	6.67184403575982	5.60774989449168	11.3633734872385	5.34936291247933	7.28975427826709	8.10268537981655	20.3633033651752	5.92672411013211	18.2188276239809	14.8785172789114	16.6667415297185	18.5057314641697	18.8598431767538	20.0156350827254	20.0706190436338	22.5937401201687	4.66100325159723	24.5079864093713	21.4922789824365	22.8089008544375	15.6630209635065	28.2864788843808	20.6300249716738	19.1432952177939	19.7850280874167	16.1632633723722	8.78622029380736	21.7450993020823	24.5303254397605	7.26362258044286	36.6514624395024	76.0090844906305	88.3556031364141	1146.55167011875	2601.41431096648	277.432944038646	72.1346485542807	73.5126963307199	106.99861199283	407.127528210676	532.59567263712	165.274180750665	160.97148000549	134.117064085933	152.894712111133	183.710461060293	206.66367525644	821.493466091486
621.338	18.221348914741	24.4161640246673	12.383832344854	9.43782968676977	12.5057306467419	7.47130620135577	12.43381714993	13.77620010611	8.55175117282753	12.9651749814226	10.3278916765022	19.9529417444066	19.4129364092191	5.24620844470841	18.6732916075939	20.1569633484177	22.2034330562164	29.2906665974726	13.3344506872127	13.72617391002	5.69273932327361	23.1522722476638	23.6988580428443	9.05229831832462	24.2138219732345	13.1052556033017	23.2181389731412	11.4208695675422	29.8171474371189	14.4494309660535	11.1458183460342	16.8533238236385	13.5531055520404	20.3079588323433	24.0969612540251	48.5024386349144	61.6909715924131	202.154758946331	2272.50841676868	1330.07182832857	46.0988690706639	58.2535631396975	85.923011681683	146.140939431957	509.292763140182	329.122381944301	110.720412442302	145.775552310659	74.2686978620389	73.9651023613863	139.675632522677	24.5040789188355	496.762179261155
626.047	0	9.3375691837322	-14.8684720869836	-2.54097969030044	-5.76409140575141	-1.25720358571114	-1.52163627653289	4.52455050054034	-2.62775932260368	4.14515771001488	-4.6074130199565	13.2381425064648	8.14145384411268	1.76556866773272	6.28434400448926	3.10917824666859	-2.09226760951813	2.51681743904579	-2.41640034058405	2.91753592960033	-1.43688374499488	-8.46924827340607	0	15.3411886309689	-0.309454341054382	-0.902140956035718	-3.26402386819521	-0.295661577883905	-2.06597131229522	4.08478404799358	4.03957536447643	4.61438537423031	11.9367238025868	12.7775022128412	3.07960852876511	45.402000476431	42.7780083417593	946.548283338527	2401.69302499591	263.117050093412	32.1883369424765	44.2283421699545	58.6991468367396	234.410338182575	468.39623503756	156.615656274906	69.2480609615725	96.1409379771103	11.9973717998142	56.0077919844972	75.4293478399291	-24.7399437670363	-349.560816765831
630.758	10.5648588198508	22.6506458594179	5.80628170010775	8.34680121228402	-2.21940759078672	13.7234998582234	9.42003382424938	11.5174438630471	3.79422482452824	7.71775553307401	7.59802562260922	13.3801988437937	17.9814921703127	8.62515436257865	5.1969111299294	4.85665632632393	21.449296672894	19.3966655826376	13.6072690179696	2.94884352943785	5.0830594812831	11.299372112695	3.74677485768087	2.96919812135921	13.4493269291755	6.68669234025476	13.4961118908047	16.734719333545	11.0373162481239	13.5654565013468	4.66619815493988	16.6151494048344	23.5411021056083	15.3173346564861	32.0603496219137	48.1836619966282	129.711156412167	2020.03739179431	1357.12635400042	60.515875938618	43.5248746797402	38.045063200141	79.805431323014	330.73392488388	324.031412497519	119.769137932131	75.9903920290487	107.969567359735	60.6305681503442	83.8648924738657	119.330245264264	118.775764229871	399.396057018026
635.471	21.717877569691	7.22780547673222	7.22756474894715	3.23496985256602	0	7.93882687871836	0.387444850499586	17.0675312495299	6.69090132508464	9.77685479589332	4.19866762698157	13.1898775853281	10.7489310285169	10.1899325825547	13.6739553765341	13.8182550259026	9.1327060068928	2.56336674261662	18.6339853097058	9.28592701081299	14.6345934662736	11.7312098486773	8.58081296975584	15.2924832890591	17.3347786236271	18.9890774296455	10.5776140330035	14.7553665033092	21.3424182370417	13.9668334584794	11.1673546051786	19.3863855667309	19.8671294689495	20.5800039073537	45.7938756393296	71.6746726279006	656.6749915826	2309.89198186269	333.331038142333	40.2390054979888	50.5045727312019	29.7114281462993	136.499821179295	393.870021869421	192.237255545044	107.1855207746	76.5741527467839	97.9190938489075	42.7674339333029	2.1127286341448	60.1234720876549	-107.089445325581	92.8763609550608
640.186	39.6772492882082	16.7693772329528	18.9647354521265	15.5568934859292	5.32151878303963	-0.256570098371834	3.29943989933675	9.91768027306951	2.87289162272805	12.466539539507	10.8874620645207	15.5637957889249	22.1534378617729	8.10713791146957	16.90579883909	12.6904214666568	27.4493544497101	13.803862261323	26.4181587556606	18.2344530151402	10.2633728377248	8.64202062156124	18.2253425644398	13.9888133793931	7.2626455549881	16.5698027606225	11.5057430597346	19.0066629702252	20.4788513412041	9.22939415612577	11.4826656774862	11.1827318254707	26.1429380957981	33.0502265826135	60.3347026103222	101.59112338401	1595.51958637461	1377.57739174213	41.3059106581937	19.5337113308034	52.8182751313046	44.1703731925617	208.312979154282	353.931754023966	89.9256897653525	112.45931801293	138.293121112008	96.891071128514	114.769853775088	29.633514217032	167.321964599874	208.268260983607	31.0166821182213
644.903	-9.92477591739595	-4.62572457493466	-4.53379331882582	-12.7844048231751	2.26624183217936	-11.1585756657998	-5.49646666375024	-3.80486329001967	-2.32457464426118	-4.50320952110758	2.75296652066051	-8.01932260477709	-6.8464522288246	-8.5034682505219	-4.42214754726123	-5.54257063810109	-5.24412232558696	-11.68877311242	-0.356266960586794	4.51660564109902	-16.3124433844877	1.04889209114965	-1.73901809602518	7.0743272709501	12.4556353926949	-3.72425227261834	-11.3309693614763	5.4925256768013	-7.00581690780577	0	-12.5072453735562	0.892934976395837	17.7279288668031	9.2003312585385	54.0317626502818	449.497899219215	2027.69576980341	367.785089724045	22.465467376786	17.6551114852692	11.6719889435542	50.0166652087044	263.232518005112	184.821178703274	50.131692047862	40.1953605749136	52.0696254399062	1.22497728757633	38.69375166303	-32.1129828232895	50.770153483134	-153.198551483102	-1396.01349484748
649.621	34.571990660813	22.2832124956082	24.0509203622026	10.6382528231081	8.61870351816906	13.9482781235174	6.96783780967259	8.06823667954705	3.1433059504959	9.590602038692	15.7363626670024	5.72310802430841	14.2023377623388	10.7797956785769	22.722702575998	20.7090462270589	15.3293730780621	19.4277658851244	3.61309990606954	13.7416172895149	5.63977816374582	7.44617557810451	25.0436062745059	9.90759561080926	27.5311674117735	12.9046468431696	11.4913614970628	22.9000131763622	34.9071033917707	18.0178181595648	8.15418509859624	22.6393662355622	33.2152028039334	48.8299504801252	58.9869207514533	1237.91788845637	1364.36522846827	62.9873171446529	37.5727409182203	31.9732555649561	58.2754869143199	121.640692151458	311.542348703369	89.6710290916561	97.3248052332966	84.9979728880719	90.0819859059013	131.685611102216	149.117583910066	106.387325140216	44.6236397976372	258.945179321849	588.580345604863
654.341	2.22208171797456	15.4831841578768	14.7264941935193	18.9060621931825	11.3783167584333	5.07798081820719	5.86301105134419	5.52173065074209	2.19458336743002	8.81196782544081	5.67058772564401	11.0121867905893	12.1793369567428	20.3305237869291	22.7719583713553	11.1162039905825	3.17702798354349	21.7358652258992	15.0437654403661	3.10111635548764	13.3638481797714	16.2038874418582	21.8504849352568	24.286282384704	17.7620131644446	26.8493811059335	10.7236197563675	5.97104493750744	19.4500080121225	17.3672454091808	11.0410919947064	5.51782894446563	41.7769668219568	44.8505426560087	300.169593968189	1743.17807644994	435.78192628518	34.294759008931	43.8390875104296	40.2625493741922	61.4922392771565	210.050609477251	223.067633053744	60.7090757377714	67.8577254811743	54.6093375644062	95.6869733570349	114.806526310486	82.8898441214338	85.9906324048697	111.548656383543	249.818250043952	452.329371555045
659.063	-6.27416930463668	6.00516725021427	0.724408746818459	0	7.06094503183151	-0.539020927267845	9.98980408212461	2.33504391411873	-0.201185915824411	4.67689347239449	3.63891242977769	10.4878909183209	2.26243580591851	7.88521239430323	8.26686904561265	9.99785651628769	-4.80563160655342	12.1395965285514	18.870397511819	15.2451203655925	26.1824677719306	13.0721607813729	15.5323753324298	11.1956974788151	8.95571713576468	17.0831926701576	18.4471236472049	9.8241867309176	17.3991871953921	1.87642988283933	8.65975759008344	18.8566152141808	36.823352059281	46.183361043271	937.792536202578	1239.56217840217	56.1231454272473	34.1946841817182	23.7412685240926	44.5304075313392	54.5497425554926	236.529696441174	98.5522709890239	48.4656627982035	59.5031057483437	80.8266887499114	42.414035239162	80.1500707338512	85.194591524409	40.0218552678186	158.184911209284	66.2946895665228	-390.972467849457
663.787	11.8173360960176	9.74458013906344	25.7140078019443	24.8600369144418	14.6206173315507	18.8600466816849	7.03004086419373	2.18600417849924	18.9757331484466	14.9412204352272	2.89970819124201	13.1394315425348	31.1400906273368	23.6713566239313	18.3209228977052	19.6648652699833	7.79809460048013	26.6756122597634	28.8947964466568	19.8223114892839	38.6593814450379	25.7786969792631	28.5747253686972	18.4511127009085	7.06437817392343	13.0758883070519	12.9026435029181	30.2120927885824	15.0793343409581	27.2770615042814	20.3882101723865	47.6535800650178	51.9042837431849	243.237511382336	1486.40291982756	492.49454588807	61.7556506565059	36.256159073203	31.1354560538595	32.3219384954299	135.235564483177	245.000170490002	75.6686890356651	63.3818164236094	52.8038670216482	90.9814408200022	83.8807385546733	148.381324125983	133.680496294022	87.9442319627151	213.90544174193	336.17606323343	776.516759095371
668.512	16.0302354437144	18.4115359772668	9.99450093037545	12.1776344829314	2.40538852384782	10.4665339501973	1.66684239039833	8.81123118796854	15.8318606359938	11.7102784241421	6.90654070035309	14.5014268128437	12.2214745635558	12.8936844453682	15.9584654884029	14.5523950700938	13.7515662476787	18.2650674501421	13.2349582550565	22.7711395591181	18.8880255275382	18.5548967971335	18.8270924743208	31.1074267983485	4.74578761116643	18.4469620864154	19.1776918290646	14.2505376537697	7.11266919916302	14.0629821481493	29.3950572970231	31.2761118300771	52.9411120508682	769.825579419378	1206.69673337191	62.1682561152491	22.1180198082886	29.3867327427401	39.7414025897316	51.755695122177	213.942390091242	158.232199826133	48.9367901715698	71.6897239304144	72.9733928530069	81.6957686259669	115.951678006881	33.8049553933064	110.066363201131	161.334303837349	111.367352093851	331.985014175909	566.053538588703
673.238	4.14688465937577	9.05540289757356	-7.82031475927152	-8.75069382377574	4.53726449405358	-2.77093845519979	-3.77298123117656	2.95476490179008	0.827387231331645	-6.01061263020829	2.13788728556625	-1.90288149948988	9.96898009478588	7.13423345477766	13.8510028651355	3.42639078733273	4.61146058098723	16.988267104558	10.2713111509961	19.291177483837	17.8141632296028	16.7999752742724	3.34243660653942	0.359709928542076	7.5025782447015	22.8661742602928	12.0991159282931	19.5495792056657	2.9272514465997	12.218444924678	26.074308815234	37.5030993153891	171.009316257518	1262.06142517733	502.622406757576	9.29205077732517	18.4798269913157	14.3823440734438	4.62934833425452	70.9193642243436	199.412061350301	73.6295972285667	14.3114826170359	26.2259847361236	23.7062352452933	21.9167364570239	41.4270918148204	20.9283308272661	94.2024633966659	4.57199720620835	-25.2989111619866	-109.056102516259	-385.224605074441
677.967	-17.637498593645	-12.4388520030245	-5.25178481393239	-16.9245708858594	-7.92227902590213	-3.90776882892394	3.58950869660865	4.83671219436055	0.208364041146689	3.63282049315222	8.34507914886036	-11.8205086804779	-18.7452591966758	1.95997185553797	-4.43946388239807	-6.90304712435443	-5.64070432097911	9.08030209624895	-0.766418652821603	4.85816984695419	-7.17793245939803	-7.14535282777445	5.23748333516498	2.53643895188901	9.61877647893825	6.67649245584141	3.95282064138705	0.328216275020647	11.4672561324034	2.2672756705348	15.3749651006838	38.4184949701426	596.297352099019	1118.91881012548	74.1857462216173	10.4402325664722	12.1569812848641	22.9390790501454	14.8377882302616	107.61149192746	149.20745421572	20.3705444291167	10.9565082098063	15.8510123117326	-0.770326511407276	21.1576012802777	37.3382290973121	43.4812977757663	13.3183780941566	39.1470310990492	-43.6876802406828	-89.2580287166448	-894.202749678988
682.696	-5.6318071694438	-15.9314673299437	6.06892827421264	1.42609860449119	-6.16197478497514	-2.25789608439663	-6.61852048075152	-4.32631232241953	0.421372221926703	4.89774094300254	-4.62733372832767	-7.75280425067976	-1.01540152755856	-4.62423349534266	-4.48893856635384	2.855445013843	12.7491474840803	-9.88776453388551	5.42471892515049	10.2339806513369	4.43539887885151	9.12629397417272	-5.29585138130638	-7.69411730827258	3.47356104903945	-2.36281403417629	0.999218007683005	10.9518424351338	4.63802023547019	7.86014692710152	24.2911065759711	101.648713010121	1088.8915756633	502.320425448241	21.0864614119479	-2.91216043358417	2.3048366699935	1.22077467664637	23.5763705289236	144.471410479684	71.2849799221088	8.97842347387897	14.5771193971656	20.7023949791561	14.799313851741	50.2279539114543	16.6563252542751	34.639773271645	-58.9172587280586	-46.5685847803585	-22.0872742635088	-312.413352558817	-545.912758736308
687.428	15.5956045347075	6.75482196944783	3.43760739911538	14.3605574512978	1.86149946366413	1.70524567885368	2.79488742356983	1.70472482594893	1.27294283487187	4.6853405138646	9.59338092254609	19.517337458281	18.7456710209122	-6.65217183329506	9.68631581511809	10.2235803433508	8.44615993830711	-2.84480049689589	14.8270429467217	8.24434813335664	-0.81206676501988	6.50959362386066	19.8076448586696	11.8062297656801	-0.699562749002457	16.6551798061953	9.39114989885374	6.68382371028107	17.0136119617422	25.0642525952656	30.6574221085675	473.326256551576	1045.15784018823	96.3961095620144	23.6703416828445	27.4921254670202	24.7565784945022	21.307835957502	73.3812193621555	154.227344570621	37.8579980806136	46.2692181023353	23.4862369172136	35.6415440262793	54.1201278772957	35.5923831352684	32.4270675003755	105.986494459193	55.9384169082982	98.4768341839446	118.621277193515	202.738773744891	-223.325524347117
692.16	-27.5592414551229	-15.7053146125341	-6.52850407422633	-25.267387430847	-13.7250941927311	-12.2872630236736	-0.64847496434015	-4.3801663504757	-6.39926208497694	-8.42980381541465	-12.1257137999785	0	-3.42680422476314	-13.3765601500374	-5.84333610346646	-2.89098965427301	4.0761628875352	-3.57530272774227	5.49224594202302	12.4336481528921	5.30708551299564	-6.15993218413232	2.29790325096205	-6.30610454088073	-7.03360002211613	-22.897024053652	-4.72106270884655	0.336005187979843	11.0685639670786	9.28432190429611	58.6964455889877	927.537352075735	517.805576143153	4.7277732346879	-4.54977540545992	-3.68551383596086	10.5008729670743	13.5956799644222	89.837434295638	75.9121714027437	19.2789119042885	1.06943377420746	0.59034302761223	-13.5226444086283	3.94303579636591	-10.3589836681933	2.24848847283567	-20.2332518700509	11.9301324042452	-14.1444814550599	-22.3622171245933	-344.418038912869	-328.170548612302
696.895	16.265128802639	18.3760725035799	16.2387790234759	-1.09024192258696	11.6199351605294	1.15076332978272	5.00540379714855	2.87602959708275	9.44932187068444	18.4718159929923	2.21964718020142	6.25623764788792	2.76006051472942	4.04022010065076	14.3807111161226	5.49784223093901	5.47179213224969	-0.719916519868297	13.0339246008189	9.59719851948678	12.3302905777413	15.8920209359841	21.9783289070985	25.7691835504557	-3.1866143317733	3.44067428133168	0.679017633360171	12.1783319404007	23.3005275270605	29.3774539469497	368.106056393757	992.572246490517	106.929303248808	8.15979348090209	15.8561754871127	21.8921986903786	25.8431173447327	31.1091095272306	123.218360688892	57.7867905768069	27.3728441536108	17.2271407393406	36.2554747809632	23.825334140854	-2.3818877653712	71.1090784060642	7.92315283288627	-1.35804372208635	92.6574421059311	75.9495284913392	67.5422366501644	219.376865484093	573.851162143125
701.63	7.7186796031195	-6.89522852654653	-7.40801962516534	-5.86362310320924	-3.48368683592977	-2.32092149929516	-6.58380529846779	-3.86702098900962	-2.81537182464674	-7.5516798566244	-11.7513481366096	-4.64870635274998	6.95829848566769	1.35808893841727	2.96629702874319	9.13157781989493	-3.4486891414638	-2.90393286858658	-7.56761983905575	-6.31178712285309	0.414473242148464	0.781753274649543	-10.8873525339679	2.25968165703008	-2.85641578407157	-4.16360238718543	3.08132855077884	-3.07023951998951	6.12962081809054	57.5667927466539	759.062233756775	518.104482780406	2.01552132074331	-4.11427780793337	-2.13197261517335	11.2254320621918	-6.31779294210376	72.7813331709135	96.4972361940324	16.9181874324253	25.0941032904602	24.9726998160207	3.59616370731764	-19.2208871465656	-17.6143718942398	25.8149918643959	-12.5555898442963	-35.6066849455363	-60.5618360412844	-14.3605408178959	-90.8152151965931	-121.317232914639	-455.935192118788
706.367	20.9923718014545	-20.933408181671	-4.73477986405659	-5.93384325457266	-9.2942519851721	0.880768434927695	-11.1044167209948	2.54366496696189	-2.62992689517021	-9.1705385129677	-7.64490669002343	2.35218859979737	13.0270117708087	-1.71794101200128	-5.67010460918236	-4.62046677424855	-3.14099020266045	-2.93870908151707	2.82145916318331	-8.09067409797757	-2.51662073994229	-1.97778801342996	-12.9851872570409	0.762247534333667	-4.69726229937056	-6.67131775292107	-9.00821761889856	12.7732524292914	13.7845032004218	269.477450461033	907.632735676898	120.890788054985	-3.05948746611826	12.490645726197	0.359584029043865	-10.6025386704024	-3.59631676696336	87.1982966241471	65.1018962162913	16.6452145868803	-8.12627812770024	9.88895026973082	12.737304194849	-12.5042579818726	4.86144921950902	19.351215381513	-12.7059500232854	-5.54355304962652	64.7892176182858	38.7533767726412	-3.82928241508175	-14.4435381558656	-443.649297977368
711.106	18.7473676068136	3.08503708558823	11.9619902823911	10.4939203448693	2.5910158909661	14.2411601125501	4.93755643452589	4.35013647149651	10.4093577085136	5.40599049362484	17.4542786276753	5.09364887932338	27.7524499941128	11.1109672170915	3.70764786143623	10.3391099629158	9.16982536663248	10.0229142969661	12.6270257830273	16.7826044313626	15.2592316601744	3.99736108990023	14.3152989650048	22.7238382250435	14.240646684876	20.2253723524488	20.6576624892474	39.0734211273947	49.4519152426786	664.801307164394	542.024937282138	28.5852299858272	18.8943737986835	21.7389079662086	33.0678098159424	34.0569290849706	44.823116759997	102.235641514897	57.6785583532626	16.3404463601905	17.450756607179	38.8632729143067	33.7120032559419	65.2877968230764	63.8664461616306	23.4667603048688	49.0261051812639	92.4348619046611	3.53911481171783	107.697566231454	212.835335066004	277.326160240942	376.60209298807
715.845	-7.98498151507888	2.22910018122088	21.3774201985623	13.2692082505418	3.93150261955269	6.30261328163165	10.2164294238675	5.8006335824093	6.27308742453619	-2.08325869754784	10.1306508445392	5.15259773382415	11.5173864217922	13.6982071235273	12.2745485811719	6.07283105587376	12.486852883684	-6.38375789274376	9.88889689648054	1.74121330225879	7.28914048811103	11.3221432625195	14.0787209085519	31.9477857506563	18.8379011826813	17.9468779027404	9.91709402786515	34.5849159773554	230.040968235795	819.113610113316	153.261633190911	17.9004101508984	15.6379406681925	-2.83748291447585	9.18969888533646	32.1285262346746	64.1321735474496	95.6299509363947	18.6889764896951	17.5018812624324	27.5174665729969	17.9716745139042	13.0208219172399	14.2028759599463	34.7876163629441	24.7274389374649	-15.3503643539133	65.1698807968505	68.021387500789	0	27.4016248213913	214.093002877908	253.973675434748
720.586	2.50157095266672	2.68163534919158	11.3220832597447	3.80071980872105	0.656895380230751	6.01755751458837	-2.27601706537185	2.80733576779514	2.91981644099697	4.43803810401765	0.290173796454696	2.06621313532583	-4.3298623951455	-4.22541389667892	-4.10178755435098	-3.04403815911423	-5.36494282938837	-1.50583146052378	4.54378926267694	-2.18198056494034	-8.59698726956075	5.67528321090572	9.27495646951866	18.3575050966757	8.14655338347013	-2.51887045558732	26.9854012799606	26.8882866942471	553.060512718096	529.291493862049	16.2278201090063	8.62757087544656	17.7674913212963	10.3116972731853	-0.737021499735004	16.2986221314596	75.7594693001717	49.8871148931607	9.13946018546526	19.4953534041683	14.0535237114295	2.81512354473618	9.32393531932515	2.13577963853082	-0.83035588931635	17.8484506640785	26.0427538081161	65.3334835582695	23.3288929754411	-27.3043611836586	31.3947588381701	-133.218908015454	-309.17080610942
725.329	-8.10286925025349	9.50044161982972	17.1907027430349	12.6956757403385	-3.32462173134096	11.2685492109258	4.60767179929326	1.62379925443556	2.5008112242823	7.39905343936276	-3.52464567817216	-12.5488057270977	-6.93940886861978	7.12843236410753	-0.691987006908612	-6.50484887509209	-12.671204820271	-5.71588735595421	12.5436167933051	-3.97557005251852	3.04572266641337	9.84797125334653	2.0409392399859	0.395359179625985	5.99718211216803	8.74168316036127	11.141739737343	146.828182156189	707.818829852726	170.340837787137	13.9797158963101	16.0687608076822	18.6899368017877	30.5933552578472	22.380894445844	83.2747790483321	117.722523418836	51.3750712284226	34.2293219837241	30.0937967432426	44.7833337084911	52.4313825264273	76.1323772191585	57.6502508684276	61.3568644791138	95.3515266199486	69.4973501092731	122.200486988454	127.152483126645	201.004300551286	305.867910937857	561.863286431434	1840.88044462676
730.072	33.6324862999147	27.7683787186122	13.1792443040029	7.74226562787377	8.69784726743027	19.3064765122189	13.909098471228	9.59923002177408	10.0655402819938	1.06359016796788	20.6884735842942	20.3434253042824	12.4952221816297	25.1048868104233	21.5851874159623	15.1576710113846	22.5859179518808	17.2544494372643	16.4082521059224	15.5568310546123	19.7015783033042	24.3603616859053	9.03605659118991	9.94553214808181	26.7782254108368	37.750024214869	49.1842908446461	469.533053934273	525.537036189979	44.8062374170264	16.880129789747	27.7682068419343	26.6127293128663	18.8324887980325	29.276353421403	80.6313600894159	62.9816972551341	35.7888533503266	35.3733636846577	25.3170741997287	40.2909285431799	41.8622466520446	44.3178058373585	35.5306771567407	77.8080112394061	69.6866080629192	32.553688696437	111.388646316179	98.6999097614822	154.220244526165	231.828793621607	369.370036002924	1241.07085534602
734.817	-3.59234292986711	-10.0857472272705	-2.9033759841814	1.55941882596501	3.03211485836081	-4.62933319879512	-0.933839914169529	-3.08527947201942	-4.14688154232562	-1.33890276015359	-13.3939179086353	-9.18404795888249	-11.8434915360588	4.69535344754116	3.85675036555768	-10.0610314832269	14.6747515723685	-3.47532809869771	-4.23703862452189	-16.5622572114965	-8.81826632153516	-13.3059659781319	-4.55002367461283	13.6217104291582	-4.93777738701772	8.12021261182565	126.380971724388	639.066159641775	191.272151926744	-7.52059038735123	2.83327833695252	-1.41594193969758	-8.93373100663293	-2.55309587559774	20.4117785650391	52.1446580287149	21.4226059141121	-4.00469997031426	-18.2806689454949	8.49878748310096	8.54236996408565	5.19764832270095	4.46316518122475	16.0655202981769	30.6622272647324	-24.4104725601417	38.8553772703425	5.8274009726574	-44.1772774134683	-10.1844188860907	-84.5324363778468	91.0985653546971	-485.020206445994
739.563	18.6892321666978	22.7243091386966	12.1678107973368	9.85943436613761	6.81620031231242	10.3026828569282	2.36168326018161	7.69864306276706	8.15692330642875	11.9190301685077	9.93615296909405	7.86126951433327	19.468941015438	3.65371061980409	17.0246930944682	9.47583487810043	18.5562399989121	31.6408055077365	13.2871955569143	12.226179708571	9.3665945185516	19.7698556493912	19.2481064981792	38.5021996837443	28.0491835417304	26.8835381749238	405.279009142144	493.028117346631	43.2423252229797	23.1857860762287	16.1220765102709	5.37138056368052	3.61494815532165	29.5167326074914	46.2681003453023	64.8296406079387	24.64559606098	26.1074634517897	40.7788653954613	38.435350913773	20.5234893565033	36.8056202989148	24.5096848441134	32.5037898068893	37.9108117771231	47.329507677719	20.8813841574397	63.3712941696645	59.5863651944077	206.051347628231	138.449763632191	222.708862380919	962.422727537212
744.31	5.24697070506103	20.62371822028	-8.48133323136892	-3.18875872351263	5.16681949299662	-1.26216479933966	14.3216343955719	9.25304806617476	1.41328342684348	-3.01162302507548	6.39062457188607	17.3352825030365	7.1897248087422	0	12.9050661823848	11.7054291636403	-4.12602963391623	15.3973790207954	11.2632743340624	13.2722541665447	12.1715495246218	-8.50266986910854	10.9957083054625	17.204058407474	10.8736431594939	110.948373861093	613.302458761246	204.811545123559	17.7782066470706	17.575300896412	3.62099683495302	9.04803671290009	6.57649144307554	12.3058584445884	44.8305398676104	60.2322566321424	4.2946820171759	6.36919289483914	16.7735277813434	11.7561407063583	7.64214582791594	33.6564362890807	3.259446190818	36.5844967679644	-6.0957637738824	-24.957729772516	28.5534032650618	29.7902259764438	-11.2919214187103	-26.0318572103551	160.508335019654	147.47309121973	114.437042577321
749.058	23.3226162660822	12.3112907693655	15.4224220160088	16.9120757019003	14.9629228517507	9.24421465231542	6.51060050295437	3.18668658101625	6.18681763191617	6.63796741567694	1.22970220663117	1.4593707190449	4.9695603611848	-2.98441879554029	34.4030773175642	-3.58335101150001	4.92605164632353	15.1559003416452	6.56445271026315	-1.38702375006785	6.3756738560184	11.5959153537788	12.8170201748114	18.6213036709442	37.6620737245498	361.408114272824	485.273714442865	34.1092915635337	8.60578515098259	11.4667191689286	16.0952146351512	23.0340786659822	9.22736529232859	24.8632479803171	54.2683641721137	31.2461823006803	19.0897236332621	4.59591848328433	-2.42070754122156	3.09816212642194	18.197728264766	28.0354209836052	24.3664065662036	15.0850568777972	54.5428376675779	5.25266606377272	10.0331194038218	39.1230856803025	121.678128585381	10.5191608391025	253.617237991273	-23.5231993080704	924.852688837906
753.808	8.10401105314578	-0.965260226986935	33.1854605944075	7.79803894604801	1.418705158446	12.3463844272789	-0.983108497496176	1.94883368342007	9.70148314028969	3.3829010583648	12.5338394595354	-16.7340986960468	-0.389635745928348	9.12567917539931	11.44246401694	-7.66995511047578	23.173468092126	11.7890909320489	-4.46058110472967	-12.2523717753322	-1.39252655980044	5.69074073504634	4.79007897440181	27.4154324450231	87.1713285748452	558.76941076629	206.666458820327	2.29227507848138	3.43233246552151	10.1794759824109	1.11853486605368	12.2978279113886	27.4627953489731	50.6841342476965	40.9876793960755	13.4096525010849	20.3417808699279	27.1696776619736	5.42811674081736	2.63152239235813	6.7447934916531	12.7677007192102	24.1644234975075	-7.68778327487304	28.6932797878483	18.2029964326087	16.6177997577426	52.1462215147124	-38.7566935210465	163.506534797965	254.263698141519	271.730398677328	-58.9164751794397
758.558	-26.9544282573177	1.96562055913584	-16.4498241677184	-8.35770567887516	-2.1667494025147	0.992436508287824	-5.75565260431749	-13.6693931932573	-6.66756387165005	-1.43516995122494	-4.14756085834453	-2.65041042372161	-17.0589590705255	-12.7759491119034	-5.26151939704375	-6.32190153622718	-23.2015539959817	0.827823200763872	0.454168196306932	-4.79813095323479	-5.19876511779908	-13.8169574482163	3.10365405482006	-15.4600012053904	315.532539347398	454.193488491844	29.2797776778771	1.16697624523555	-1.55321690494415	-9.59681107173329	0.379623903025675	-10.2448007045897	-2.29825603614267	36.7494829856464	11.3448671795219	-19.2001816575134	-4.052275164919	-16.2166329933095	25.624296377037	-20.363195967463	-20.0299900753881	11.7617590665118	1.36687629518632	21.9171682531844	-40.1705862519667	-64.3237348151519	20.8245406468157	12.4927829243365	-37.4882875551344	-32.750037697275	-90.6103237694448	-162.747596374817	-719.852108147147
763.31	7.29434756542897	3.00746098088295	8.6163274144431	16.6238166785164	15.1025522973574	15.5220245328428	4.33935034477684	6.07198048490149	10.5794177724143	2.34224527709377	8.78662791006683	14.2897908191533	11.7352170348722	6.31841682037958	9.20033070514284	8.72440260024901	19.2537512352437	17.7323357212244	6.48565452412718	3.42593558699686	-2.89246303836342	24.5501156635591	36.6327348473778	95.4932276733056	549.428711662079	232.450537920356	11.5481805641034	5.95170060815496	11.0901955799806	28.5837268502285	6.97003744972311	22.4479558860339	39.0711519160506	54.2339635363101	24.3838597944331	22.1958640699828	37.2006470495591	23.8389381873997	24.5998277751578	21.8640892727026	21.5984940087208	6.31433667497803	27.8848468785788	39.1229456931351	63.324746890748	80.068334358156	73.0175394058158	113.093231037562	66.4148196927522	281.164825585962	264.069774359396	124.504458287955	469.113220735379
768.062	-15.8578867614973	-10.6245911338673	-3.66186862939635	-0.43023953375769	15.6156462543246	9.19598974441504	2.83408361400787	-5.67480302897405	8.13591936397101	4.13727701914307	-5.91255449812491	10.9150658210015	5.7182790379754	25.1115210558595	-11.2210726650435	-1.14861186321671	-2.8341076294363	-0.852296746535782	9.35190209057295	22.7239154770695	18.4903164752373	-5.50662128413566	16.4335353992727	275.895647470383	480.794072413575	50.1022654762514	-7.23489534416095	17.6216541857268	19.1896295758815	-11.0661920897246	-1.56338801404668	-2.34392783960317	36.2817497194831	48.703703517095	6.67443647253933	-7.46783961321446	14.3704824645568	7.8569681103313	8.79394876195179	-3.31029601543025	23.5681730227898	-1.27468216791824	0.703643131908601	4.83538320179344	20.6790894102714	-10.1021773222929	-13.4001199055891	-12.8621162486927	-2.03139901872233	56.1970852241462	217.674574538756	-50.2677069580008	-82.3481805715958
772.815	-22.63969458974	-1.51683198416851	-3.65953623272177	1.71986198510364	5.57346428525554	4.76525385542595	-5.66455693618619	2.49532294463164	-8.13073725800554	-3.24864714040484	-6.23705457618814	1.94787742158663	-8.57195524176984	-7.96683380381407	4.25355794691815	-7.65253509648438	1.21384391495361	-11.4986774236497	4.67297273727702	-16.7852394942412	1.94510939183292	0.917185647941231	63.8674874288729	488.695880371062	209.873064651014	-6.51321668373742	-1.20504785632136	4.00237050456836	-7.19152758802929	-11.4541129842418	0.3905980567734	5.85608723579954	31.1351368323101	19.3081714113511	-3.75197920082394	-15.8041758389777	-1.38980606183573	12.268693250062	36.7042749767771	-3.8595521416657	5.88829036789975	-13.3756378323261	1.40638990457166	-12.8861422528052	-7.51487928610383	-32.5307268796672	-20.0873772165074	33.741550056505	10.1505256803209	-42.1209682196501	208.656911043239	-217.687987232773	-1399.02740294441
777.57	23.678725196655	28.3754528019922	31.2733751919821	28.5174606238314	20.8526157703026	15.2818020651422	10.5091392088378	10.6476997107796	14.2595731834882	19.2865132004585	25.1218197248102	33.7889295257998	35.8197820729956	32.1104758224524	19.3339075052952	32.0149682035957	19.4045393249098	28.6808455100771	31.9471365509235	48.3597165033176	50.6113706891368	43.9864584428022	283.952383539548	502.26466951227	63.2622423982687	32.8145553176687	38.1179798698999	22.8701600772711	24.8680864688757	21.3600970932563	16.7395298750123	41.8282279077894	60.3224308867819	32.4258140345508	33.1800016660782	40.7637972321363	30.2535824699888	29.5443336403616	34.8149779701978	37.1318592955164	50.4698939571978	42.2447214625112	36.5939936810764	55.0606874507574	49.842435262943	97.2923253208923	66.9563767199089	131.159457029282	124.289278912023	232.089767504432	122.310169513115	230.66875313966	1448.53931599906
782.325	26.975531136281	14.1443041767153	31.2810700073856	3.11841022737253	5.77466536918961	16.222487106162	19.474563216654	4.46569724061844	3.42235377578548	13.7696839070721	15.305236942095	23.4110672795715	12.2647923042137	3.71449579856583	19.2310282619134	24.1828103306413	13.8342981430966	15.8850368846283	4.35749961072822	22.5062377272477	36.779726874868	63.6698245692184	454.703678684976	249.048569175367	25.1737881022748	13.0749139125902	9.15603240014384	15.7580504377595	31.0464186400992	28.6459417894054	14.9738473922761	31.5509529853328	55.5346700620324	13.3367953436634	15.5496999697195	24.5620557255648	35.039460216124	40.6770909640636	22.4962014166018	22.2794815151086	30.504283091216	21.7776365933639	25.5003058389332	36.716156756957	89.5408987803024	25.5693713522927	77.7001045843301	31.6301270430862	136.720452420179	136.743453743797	151.792549698303	104.09837788685	746.082671253926
787.081	7.82811052147229	10.7584385197776	21.9003775529786	15.0956066048651	9.88273148920442	0	1.64360532520834	3.13747627805007	5.13613669389459	10.0545551102531	17.1129565275147	-1.24341441455833	18.2394993826728	16.9519154204685	-4.93678186759927	11.8052817347724	8.17896247213804	12.6865980893186	1.49148031492544	21.5345353592498	10.3470621786176	228.336916228237	439.24153284568	74.7452672615609	14.7074012832346	12.1265314960395	5.98293244581798	4.25814369582675	17.002456045807	-4.6223111195463	11.6356629733043	66.4567784966273	24.7388053101955	-0.427959756804036	9.7576136269401	11.6764919619489	24.6437034996833	36.0255329123743	10.9999654358963	18.1845932005147	20.6731274343911	13.5527749173293	17.9551902029782	35.9877962331402	7.99512084663263	8.35404544223749	8.54842784420225	76.9238960992181	237.58238560981	53.7752719540286	207.82156746036	80.1690337197548	1444.65540820723
791.838	-2.40629591002596	-10.2105301699832	1.94479811432194	10.0539045007336	1.57969201820877	-7.95901192723038	-2.73666560892229	10.1265575271518	7.29158901582155	0.941693516879581	6.62915255230153	11.179795316041	-5.20619361271118	2.1169189718953	0.4109965132322	19.927365356442	5.59066426050997	6.78975110766913	7.94678931081933	10.4943873440307	51.1679129328821	444.042051644161	249.710896322559	22.0729245083582	8.01438040541342	18.1720240696262	1.70773901362064	5.10477969782294	-1.69858430174683	21.4097753288872	13.2849072181935	29.4613807118478	14.6612230417417	0.427541599124436	19.0530644844611	9.79866964501381	12.3098121202873	26.6015501202156	18.1322087362403	25.7851711251921	-2.50338518890508	15.57046244161	-7.47401927587456	-21.4003766123228	54.9127483276485	53.6521033256726	-7.11672934273823	54.6479886817146	157.514253406707	68.6457084623346	179.306891442074	-293.665903277518	-174.938647452116
796.596	2.45122276013619	0.547429805668458	-1.98110855021337	1.39658404803181	-1.20688929390557	-13.2669998146735	4.46041702487033	-5.64903320361007	4.40161596361432	-1.91855089145958	-7.81917333643189	-16.4500962309431	7.51314443524618	-7.33190619176208	-9.21074090440163	7.87120370398335	9.6377684536112	11.9886337037014	1.51784253348104	4.27612929967464	199.54252618856	434.457725515726	69.1499782374772	-15.7873670951425	-0.907112581729492	6.61118057776461	6.08868199622215	-2.16670362676664	-10.3817867530854	3.84873660874688	20.7223199538343	14.3716758153373	0.426713029427905	-5.22628839277312	4.06230604223131	12.8335064442255	4.514271476733	13.2834389671096	5.0374764301309	7.76058466747287	-0.63753118713128	-1.37923229762813	12.1817012329279	48.8318504886555	-1.01705452964247	-8.50170489812691	14.4992050811081	86.9817129346471	2.1980154790803	-30.4032004700776	254.755167482039	-9.06511530339742	-623.716964178791
801.355	-31.2114531189829	-4.72571609826263	2.13775274729449	-6.02804199736779	-9.37668080067259	-2.54506803939479	-2.16589390651306	0	-3.5622353774122	-8.83306120270956	5.52267965941903	-24.3959551582074	-9.53788349251587	-6.70161803745618	-19.5166301802935	-5.72198508608852	-10.2107292249716	0	-15.2866631623461	16.6112582603578	334.058697177439	200.597036245317	14.9235190506446	6.60777030877369	-19.1852058305335	-1.14142716239989	-4.12978202236953	11.5965922643484	-0.746844257165805	3.32244177456117	30.3011823645153	12.4064234457639	-7.73560680184631	-11.6550195571606	7.40325857225376	8.61668172102795	-20.7838303467118	-4.58679894424141	-0.483180841208378	9.79137937362879	10.4566897703617	-4.16720293931594	-9.8586717804815	15.8078802688051	-35.9970808064809	-7.33914070511699	16.2714678668578	4.50524480194636	28.4617233830644	47.2422959697049	74.6893750255452	-453.879443709608	-653.804085324836
806.114	0.52900767998276	1.41771482947879	14.1091681321436	-4.01869466491186	6.25112053378172	-2.54506803939479	5.53506220553336	4.02846022724025	-0.237482358494147	-1.65619897550804	10.4317282455693	9.10296834261469	5.72273009550952	1.11693633957603	-1.08425723223853	-7.51010542549118	-6.8071528166477	-9.15510578969068	18.3439957948153	142.118542894172	339.512716723193	70.2946879150257	2.13193129294923	-4.54284208728191	-4.69841775441637	1.14142716239989	4.50521675167585	2.99266897144475	16.0571515290648	19.5654904501936	28.475809932918	1.82447403614175	-9.9457801738024	1.50387349124654	0.389645188013356	-1.64127270876723	22.0828197433813	26.1447539821761	6.28135093570891	13.914065425683	9.35598558400787	5.95314705616563	-14.4593852780395	0	31.6071929032515	5.24224336079785	60.0792659699365	100.617133910135	49.3336538639782	18.3720039882186	91.2870139201108	93.906091801988	134.606723449231
810.875	7.40610751975865	5.67085931791516	-2.13775274729449	1.20560839947356	1.04185342229695	14.3160077215957	2.16589390651306	8.05692045448049	16.6237650945903	7.72892855237087	6.74994180595659	1.09235620111376	8.01182213371333	13.7755481881044	15.9024394061651	10.728722036416	-2.26905093888257	6.36876924500222	-0.43676180463846	294.388410280786	207.252742738656	36.4332223949828	11.086042723336	5.78179902017698	10.1799051345688	16.7409317151984	18.0208670067034	16.4596793429461	16.8039957862306	33.5935779427852	17.5235753433342	8.75747537348042	12.5243157744178	2.2558102368698	20.2615497766945	14.3611362017133	6.92794344890395	-0.917359788848283	7.73089345933404	18.0367514777372	29.7190130315544	45.2439176268588	29.5760153414445	15.0551240655287	45.6548341935855	69.1976123625316	125.165137437368	76.5891616330882	91.077514825806	-20.9965759865355	286.309270931257	172.161168303645	634.574553403517
815.635	-19.5732841593621	-12.7594334653091	-20.949976923486	14.4673007936827	12.5022410675635	-5.09013607878958	-3.85047805602321	-0.212024222486329	-4.51216481138878	-8.28099487754021	-0.613631073268781	-15.2929868155927	-1.90757669850317	5.21236958468814	-3.61419077412843	-3.93386474668585	-2.647226095363	-2.38828846687583	104.82283311323	300.386920208137	60.448716632108	9.00114906228988	4.26386258589847	5.36881337587863	-14.0952532632491	-1.90237860399981	2.62804310514425	1.12225086429178	-1.86711064291451	12.1822865067243	17.5235753433342	12.4064234457639	5.15707120123088	-11.6550195571606	22.5994209047746	-2.46190906315084	6.06195051779095	13.3017169383001	6.28135093570891	3.60735029554745	4.40281674541547	-6.54846176178219	-15.7738748487704	4.51653721965861	-8.77977580645875	14.678281410234	82.6089907086627	0	-51.2311020895159	-99.7337359360436	-116.183472261959	-179.98667595381	-634.574553403517
820.397	-0.52900767998276	-18.4302927832243	-6.84080879134236	8.84112826280609	-1.04185342229695	-2.54506803939479	-4.09113293452466	-1.4841695574043	8.54936490578927	6.62479590203217	-1.22726214653756	-9.83120581002386	3.43363805730571	-5.58468169788015	7.22838154825687	8.94060169701331	9.07620375553027	18.708259657194	213.576522468207	204.410761370514	15.4530553796366	12.8587843746998	4.69024884448831	10.3246411074589	-7.83069625736061	-17.8823588775983	5.63152093959482	6.35942156432009	26.5129711293861	18.4580098586732	3.65074486319461	0	15.1028513750333	4.5116204737396	8.18254894828047	23.7984542771248	12.5568975011384	2.29339947212071	-14.4954252362513	0.515335756506778	15.9602107021311	4.7625176449325	13.1448957073087	15.0551240655287	-33.3631480645433	94.3603804943613	108.89366957051	40.5472032175173	1.89744822553762	49.8668679680218	-58.0917361309796	101.731599452154	134.606723449231
825.159	26.9793916791208	-11.3417186358303	8.12346043971905	9.24299772929728	6.25112053378172	8.90773813788177	-5.05375244853046	1.90821800237696	7.1244707548244	4.41653060135478	0.30681553663439	0.728237467409175	9.9193988322165	4.46774535830412	4.69844800636696	14.3049627152213	16.2615317286584	84.3861924962793	250.701275862476	94.5918873159265	6.36302280337979	10.2870274997599	4.69024884448831	44.6024495842224	1.17460443860409	11.7947473447988	6.75782512751378	22.070933664405	19.7913728148938	33.2244177456117	13.8728304801395	16.4202663252758	11.4192290884398	26.3177860968144	12.079000828414	16.0024089104805	17.7528550878164	23.8513545100554	29.9572121549194	31.9508169034203	20.9133795407235	34.5282529257607	38.1201975511951	31.6157605376103	50.9226996774608	85.9727911170848	78.8540365855416	106.624126979397	149.898409817472	20.9965759865355	116.183472261959	93.906091801988	384.590638426374
