Wavelength	500	495	490	485	480	475	470	465	460	455	450	445	440	435	430	425	420	415	410	405	400	395	390	385	380	375	370	365	360	355	350	345	340	335	330	325	320	315	310	305	300	295	290	285	280	275	270	265	260	255	250	245	240
248.336	-9.49175136778051	-3.30106543623697	11.9247885695787	4.40823888968222	7.61205070649563	6.97825925363028	0.479530405384755	-1.05478508733745	10.16180341321	-1.64924482956505	18.6469313135818	8.71180034479773	7.60913447303324	13.3580907799734	8.64286021820094	-2.85170921112925	6.41071277009064	8.72809695751292	9.14364008213511	17.9473806667368	1.8144719075099	38.8676818126485	12.7538304047388	5.77015912175796	3.12598073796814	16.3391180962651	6.37607091119156	22.0567193198029	6.34803850282259	4.7960752727925	11.3132801323821	19.3061019476116	16.9199158422767	4.50512737797501	22.5848426692609	45.5286141638937	48.9194423976987	60.5150906226901	56.4457532090828	46.8254186340836	95.0985277322941	120.098759560857	365.528719807538	641.146209971013	800.410474250786	859.553616517464	772.101184971744	800.058644799131	863.785226666478	2135.87500205775	43019.557577488	134295.00666469	46868.3895660432
252.814	3.15786441226511	-1.12962869322907	1.02016936570045	18.2391946956399	8.70257776407495	-14.0564538025309	7.7535312961868	0.505328274160687	0.849128102261171	0.987653851715286	4.75960064370345	9.56464772324671	10.9361921322396	-15.110207664357	12.9394890790626	-4.69631871726894	-3.16158646550205	11.40401419259	16.1663191426323	-2.20468265244398	-4.88970200949049	-10.2312069246337	-4.58259543915714	25.6692230573449	3.74400072190163	-2.27551544044288	-1.3476437389495	9.40281358154671	10.2865109578291	18.1165760405448	3.05966947225118	3.05398142888489	30.3975851603494	17.5363846101855	15.8568756041141	61.8987136257397	44.0728978193548	59.3011531339311	61.2492679423562	59.7807882132736	132.334589320785	333.97166465674	698.743365619644	901.138929713277	1046.85557497152	921.651597294881	963.654241883804	1015.76369689386	2078.19372535415	39045.3981742796	148725.008328717	60103.1529743341	1758.48433514023
257.296	11.8727464160011	11.1766031756147	-11.1029677846934	2.37446724725406	11.8905168399598	-24.8080196660565	12.5015128886909	12.7493456480798	0.840131620338664	7.81751755539069	3.98468471486532	0.860300965650596	-4.95931496825952	-22.4251733305702	-2.9872256526741	-19.4310748959301	1.34060981562645	4.70132877893245	0	19.6319170662019	-15.0512313507206	4.04912306104262	-3.52647789209031	14.6522645513409	-5.09345810592452	2.7016877227275	11.5558343476978	4.87310010388093	2.21250559598806	10.9296533928707	22.4881605627594	10.3598557875375	13.0763147091403	25.3585505836368	43.8365557195457	46.6612563544191	61.5613369986755	48.3507823937778	82.3249822219693	132.929237232043	314.628865084373	638.320941570401	900.530885197459	1019.85229490125	1019.14208441623	1023.54633131164	1031.91105379234	1807.22432613318	29744.9556671997	132209.062431525	65527.4102659626	2798.41704540021	4021.99843687728
261.781	-12.0477224808566	-15.3107816538506	-10.754480999196	-11.5654140058094	0	-0.3814186502432	-4.90131461611302	-0.507342772637256	-9.09347374642052	-9.25485071546537	2.57307877105814	-15.7136356305604	-7.31985961360746	-14.2780656243214	-6.92857202106593	-18.4315225791661	-10.429482005845	6.67886126843494	-7.33002353900911	-2.21347165173764	-8.72745755964575	6.16319626744483	-7.15689959005965	1.98242721434405	-2.81919467621375	-23.302785519842	-2.2550269003566	2.69722800969699	-5.83729294233837	0.443629220318544	-1.75535250792735	13.1406693001688	22.1150475169679	38.3726913128044	46.3555540454782	46.3624962846283	39.0428779978281	41.3455264159248	82.3780032358713	236.982652453045	555.905782720429	839.330016631977	1000.60592315735	977.941361047975	967.747754983927	999.603626027222	1581.94587612694	22708.4389857479	119731.063913369	72268.8863233985	3842.156140631	2550.08856536867	16852.4480573199
266.271	-22.5723765564507	-23.0702063199986	-11.9799742926549	-12.7432786086337	-3.80852573953433	-11.6380727565374	-0.586477754064528	-1.80604019043279	-5.49150430203543	7.7320937427331	-9.34658454155378	-27.5247735986033	-12.0980118461948	-28.1364287423412	-4.40434815024669	-6.53946025088191	-3.22842596398427	1.45563848698807	-5.32519139868803	-25.3270364247694	-4.43828961492341	-21.4173876310331	-17.1580811148743	-3.02444992403557	-4.7789413921041	-13.9417343973346	-4.58711481772334	-3.65775224768654	-13.7008426750702	5.41451147152996	10.2657356580683	16.4837433315966	4.94844156218565	39.4875031697055	42.3852233915778	27.590497760644	52.4171788580318	61.1155393178339	228.345138439735	528.004508824647	823.567448654803	986.012080167605	1049.80696083989	1011.19782588636	1028.24353288848	1572.40195624458	17571.9103184213	107090.701724087	75041.3570618568	4859.96070847135	1832.73031141912	11239.1961234975	22853.8631287636
270.764	-10.3248957444079	15.004491618248	37.5246799364896	8.8274808790577	11.8557454753134	-0.388164901575981	5.86824170406777	3.61421393779041	-2.89197262272738	-9.75492023833487	0.374084212519381	6.66315283749253	9.31165985412046	-10.8979541264427	10.5766792272913	-6.97954445962432	10.1524748498034	17.4779795131659	5.32833684335891	20.8367526048705	2.22045559550404	11.4990449388655	18.2087138580752	30.2623638374821	22.4742916547471	6.04498673908868	-5.04880673085591	13.7246729314946	21.0203675941539	13.5442741878021	29.475598125837	50.8177486567654	48.1632725820269	39.9702555811029	52.8936940357961	77.2990251930542	73.1095288327315	192.431303094128	508.323755764677	812.310058097125	1042.00775717419	1009.87695634297	1042.3962651839	1065.14430959298	1521.28316937469	12860.8256333925	94289.9966972749	76845.0414567679	6238.01580960239	1628.40865739903	7380.71785444084	21940.3100072458	7723.56828015465
275.26	3.7900158045277	-13.5576137593419	-10.2032510860885	-5.28057291473365	-3.73024557105634	-0.379962154428583	-3.73375165682444	-9.85540567992967	-0.283085911121432	-5.92682778409509	1.09853706053401	-6.95716938072177	7.74765203228304	-8.88971437984005	-9.92178942725763	-2.56201945910271	-4.0655174467278	20.9105511495246	16.1687871539705	-4.41003845524894	-4.89044848986696	18.4189839467843	-9.16659007096936	-17.7737135662286	-7.48914459038476	0.910345131689725	-0.898566316888361	15.6737484176352	12.0773128720413	20.770952778462	22.2952807457694	30.9808262781319	33.0458975766383	29.6814891676643	72.7661833659629	74.6828636841742	140.017636019836	439.334861273633	746.661651746353	965.884496265453	944.262546045993	1007.05336278434	995.998873654973	1382.07735166148	9247.76082351923	78859.0177395007	78117.2972519916	7542.97208579127	1536.19207467707	4186.98211488504	18262.1444492352	10356.8145007225	1233.41104893533
279.76	-23.3372245411733	-25.8134297081699	-5.45603441667872	-7.93438221743298	-15.312790759599	-2.58591484379824	-4.18860274182825	-7.12498139114095	-8.25686811669764	-8.643495391521	-6.40828474592871	-11.4143765652989	-14.6221408589204	-15.9895180508451	-7.5493665470802	-27.8151761040845	-12.7364136401373	-6.93074467639352	4.56387874330539	-1.60786463066576	-16.3773530356723	2.48719027277467	-10.3975361121518	-18.7204429648061	-15.4727314354307	-10.1784055739506	-31.4505665503276	-2.61235332242501	7.82807351807483	11.6010730695928	23.8016263937462	30.9694395093673	37.6976952122523	52.0312847832682	55.7809552343088	97.450344674614	375.622057448324	654.593949490834	928.212074625931	946.867310299338	961.588770073489	959.022255120111	1241.2066533777	7414.52302699665	64239.4408226931	76716.6413258731	9415.61958291677	1797.12997341395	2801.79534949074	14371.0180458877	13630.1729586128	1375.15122154752	-266.484012113412
284.264	-12.8587908144031	-5.74979526027254	-7.08088461288056	-0.444197426922291	-18.4087301366979	-18.985488723646	-7.97280258466528	-0.935314290943216	-1.04776992105508	-6.39818476894162	-4.74361216142524	4.82815851550723	-10.1209226881018	-13.1611994352792	-4.78995127405143	-1.18533227058681	-11.2856028687492	-10.5538696267933	-15.9263908642265	7.6512312537716	-20.1119347199548	-3.78739704050842	-7.53950732714646	-15.0756933830078	-3.46489357468921	-4.63293752099558	-4.57299265926517	-8.28748017928851	13.6586624639885	29.8517021998301	24.2706663254471	20.9954733925456	22.8313712498406	40.3646475756139	90.6383462036092	298.242062290012	599.334247466275	890.78988088871	928.322194486926	865.796149632118	868.862028593691	1048.48189144388	5048.11666018894	52433.7341049177	61156.7960312932	11080.1547812682	2189.38034984324	2464.07131934748	10479.2958455108	15256.5295274438	2672.22481691782	594.111288069795	803.129079842547
288.772	-6.07828390471836	1.9766534386899	4.01651703599668	-1.67975860844076	5.07599838363781	-12.298172802753	3.76870254173408	-1.32635468199514	3.46692795399124	0.576074065732102	1.92195508452506	4.18411685302757	1.5947026010948	6.22123089557074	-0.377364198465181	-1.12060086613759	-2.37095382233941	-7.48313937262048	19.619264907626	10.6089791484665	3.3273826289671	-6.7135612139891	-6.68228646518168	20.2988792268606	9.82702362169491	-1.99087781989938	2.75116542377032	18.803755262469	29.7384734121987	35.5668098676983	38.6244820471218	47.7137099600246	45.0962756364426	88.1228013754084	233.807342467238	535.542500854156	799.325018497094	881.056046042221	861.954302597282	830.916461273531	890.536301486606	3268.98301618296	43343.9079150968	49644.3470483737	12591.2011151968	2236.97684253215	2454.71718834078	7474.55759744064	15828.2028836413	5180.35775164132	904.101682755349	797.729467017626	539.481261482951
293.283	-8.47464624560364	26.9996849487015	17.538977078578	5.23291326368816	18.4197023891347	1.91162815039425	6.74329148298186	5.29738738442899	4.9848187939335	14.0809450759724	22.7215002434688	15.6780799649564	20.2539102299769	3.35437912553884	0.361721226713372	1.43219776051527	10.6057937311816	11.1579050169477	-1.31204530126147	23.5740603490013	14.5803511371316	-24.0249792353946	1.28105679726197	21.5273635527994	-5.49480258436185	25.1902129729538	3.76731525832951	25.9099003867671	40.508124292946	54.8443762048741	57.184613883502	45.7358217021708	76.1088806650294	201.747126733047	483.040762353104	760.125969538619	866.203903034636	824.732464219662	807.324543130014	821.281275165531	2167.7327209645	35110.1863310856	41504.3164287092	13320.8778167655	1986.59266925321	2460.78357736759	5340.90816783002	14914.4234161397	7759.18127673573	1646.45196480162	1219.0783589627	1037.75420001687	1206.60869208333
297.797	12.8192165998008	9.17135950461304	11.5957359177564	4.28659793243988	-4.71036602673581	0.925322883640811	-3.26408769350694	-2.87190216446056	-5.74499917390686	-10.4242811579041	4.16153163416339	-1.05892586246985	3.69958399669585	7.57720108986541	-4.55236659974613	3.11964653085783	6.9672056063698	6.55833250012677	14.3954873953663	8.94981568737792	4.41100841052813	-8.30663008423366	9.92152093600956	3.60703114297481	1.51986120801941	25.1256148071123	14.5885402145917	19.6304517215784	25.7808129619267	42.6910885007307	51.8116390693111	50.2984611758998	171.326092095598	403.034784913443	674.373698650431	839.57825338833	786.792089055125	783.265768638511	744.978153949194	1604.67418105275	26400.0987755296	36366.8880323619	15702.6376099948	1575.08121225833	2053.64992771141	3841.17637021939	12569.1481877098	10564.7888238341	2354.07021119734	1390.55679370371	1216.31706746355	868.681515049342	1334.99081446579
302.315	-32.719995520267	9.45369133752974	3.65898977746656	-1.14767711461437	-2.97267569082184	-5.75312818669562	-5.03541031396952	3.42348893526205	-2.03034982908612	-1.83678342339959	-7.29530704505239	-13.514105642324	-2.17912701348369	-5.3132368898872	-12.3758426414939	-0.680567612365032	-3.59984190325256	-8.71065368763342	2.49388893799978	-17.1327510685854	3.89725476945666	-2.85411400683055	6.89913010037075	9.83616472418777	4.10312763082386	25.3912584865827	21.4823356472662	15.7024569698508	37.072340094598	41.5576208075642	40.4120486215883	138.04963503127	342.350536706181	609.974128071372	802.170241596366	774.877904041789	714.949206098857	707.224249843458	1263.27310149187	20980.5183983707	32989.030237564	19683.6119389988	1232.8704257247	1506.79223465871	2572.59771351862	9342.74615236793	12228.2055876438	3547.89929376712	1779.35276796096	1477.41163032363	1142.82721010854	1030.75616718597	1820.22126173458
306.837	-14.0556754437531	4.93819936294295	-5.27054892589508	-9.53745025411818	2.9644309705382	8.4547796088511	-0.684742444943992	-4.01646339270548	-5.17428099681822	-3.40170833218466	-2.03702058014568	-19.3510502065363	1.81090266799379	-12.7164014874423	-11.9986982735402	3.3934002855898	-8.9746443414525	-13.5962525381669	2.90146748903717	7.88549231952578	3.45461842468885	-4.47259704185984	1.61882243603808	-8.63181801437609	5.95163287340577	32.5553603076316	19.2804789227384	38.7913812259892	46.2118998828494	50.2225218492188	107.350770825767	305.502293260872	565.850317575557	774.112573633634	781.781692996276	739.148852335256	691.536092724302	1069.67761793262	16050.4635076089	30719.7511786119	24452.5820133735	1111.03385450062	1017.67061646946	1725.14299560015	6242.57004664321	12418.4587126081	5045.17515879463	2232.00664570914	1823.10602189802	1361.32225134715	1257.55318864049	1382.85472640947	1252.46928406716
311.362	-27.0731193931478	3.58687936471829	0.809829032380697	-13.3355573385887	-14.1454946121369	6.93622137602746	4.10326295367188	-8.82505343059183	-1.79747562850156	-6.01080179067043	-3.19698730331648	-29.6801310076247	-1.44689143295667	-12.3475451930404	-11.2987624408065	-4.74475702368423	-5.37798203113802	-13.5790714110984	2.89780100215233	-6.56293974006957	-9.05691396637123	-8.52780441812484	-10.5090490997003	21.1604161326219	19.689870983791	19.8698018405947	31.023740559376	17.4162911123431	44.023341761034	85.9368464871929	273.068918172077	522.95746065153	765.870200937959	748.14847883862	742.661131444962	692.588225602671	943.383678435436	12347.423974054	28783.9634057668	27316.0240996138	1371.916528273	704.329510171754	964.598295298667	3828.25082524194	10866.5164421082	6445.25757285781	2458.82024118138	2022.25144164235	1521.83766507584	1200.52607531878	1189.24097023055	1041.36964478774	-36.2575820508829
315.89	-8.01356766537588	-24.1869958696528	-21.4388064343859	-6.85136364475678	-7.22992429698658	-26.5117971878145	-13.4360076607555	-9.01651205775512	-10.3250518758491	-15.9255996228318	-7.83922947428364	-17.2384714415179	-25.2950406065171	-18.6788371900617	-3.42041123872765	-14.8970407314017	-19.6993621519108	-8.66676048480342	-18.6099162672748	-6.1192272275817	-27.1433148331497	3.24540806243026	-13.3249442319926	14.4841680635816	2.96905590369518	6.13537560069721	26.0051375020098	29.1162094398959	62.4216689313231	227.064751448813	473.142081163703	694.381553900506	749.026572837677	708.169388883244	681.256688441928	839.53886165592	8663.21425047029	27327.3707575998	28757.657241267	1682.22165686391	630.705621539525	618.913254902526	1916.65306354302	8495.46366742864	7490.7190707883	2642.125523856	2173.91866083932	1780.69331734418	1381.76512362787	1286.22105149229	1019.44070179376	870.621115056767	633.86719236914
320.422	22.5742357812448	28.7119548173621	3.24122617786015	29.7367658876585	6.25402031072967	3.92278464109336	12.7732342092713	11.8405719990889	3.82188794176111	17.2585581822026	12.5046829894496	21.0645992750078	6.87678678373706	10.5898507440889	19.5275517645433	19.3293300476435	12.1972804377579	6.41612028477635	17.8112737339204	8.75574606436698	18.5560445914895	24.3795222858348	22.6482215372549	23.917527591598	41.6333184000089	45.9082324284117	45.6710378959567	72.551394946506	233.390242363379	449.942853299125	723.521192350921	779.007658137888	729.930255696259	682.873738476821	751.989555184066	6239.31066925823	25857.8591183938	27382.8890712996	2320.02820859784	653.014463737191	634.852847205848	1020.91845180819	5913.9894048593	7974.92201683178	2903.17157859896	2347.55670781945	2218.99721130275	1879.21814454207	1600.22330032491	1437.50150927831	1527.68157142071	1522.3307720234	2176.73767036526
324.958	-12.9410107972395	-4.16632308634079	-17.140790837501	-7.08107646271556	-1.69825670748659	6.85017146895237	-4.47192073691629	-2.69210299677975	-2.31983275298792	-8.09486253389508	-5.40137566713033	-0.356328873219689	-2.61431338269888	-0.364247208583517	-4.24210912241928	11.1974613529377	1.48071587069353	-6.6206426137886	-2.99193538753601	-2.2587117656913	8.01525059205588	1.2578325918576	19.6142444373864	18.6110950937111	19.5623411863387	37.300486708274	46.0223268528182	187.894128234364	404.682148163152	682.303940059954	765.571419286626	729.105364804067	676.650326783154	709.432213809278	4190.94966942482	25241.0337135716	26640.890606692	3168.23041130371	636.027312960727	580.382952660145	680.991024123285	3654.72377211311	7877.27637016958	3284.86515491403	2104.14270906353	2319.61397365279	2137.65430347445	1899.33631949505	1623.34009521777	1398.6357376462	1349.44478638734	1357.34252625399	1141.77973334973
329.496	11.0596283275044	12.7164897784434	11.4842809756605	-3.60215448939913	13.1313681527908	-6.3358050252196	8.38111089797702	12.6413255605136	10.8569429083892	10.4319348590638	-2.74768811080219	15.9513240433668	8.35940436178979	5.9293796904864	12.2284821385156	3.20409327109926	-6.40256075025223	9.50945246728905	11.3063015678377	31.2530760740741	49.3814848175237	26.447603475245	46.2799914318646	36.2234503442369	53.0740962892178	39.4676151330564	166.316208623506	386.061801408733	683.597529999806	794.030714115083	757.754851355357	723.96770094142	697.977393850838	3086.58740346986	24385.1137034154	25686.0404023441	4538.53449770932	636.431909274106	580.603763762904	583.288651752478	2073.03705466489	7107.69350081514	3865.61383983698	1677.02140559565	1996.29271412417	2212.54884548363	2182.34266080852	1812.45946739698	1623.21335144626	1438.64209667851	1389.42092034213	1629.22773631425	2799.38658009351
334.038	25.4413309060896	9.48005440857684	13.6983221488938	21.3487792687611	11.476716997122	13.0717284388848	4.57893518054537	9.32977980843568	0.712604120056209	10.222575948104	5.53063225414404	7.29711866295215	-9.56026681762286	9.32409391802316	-8.32527953108559	18.6313075967709	1.89518732318416	-0.39876921383528	21.8823808922273	21.2774236062738	35.5639180557928	50.6586946192657	30.3390845670818	45.9840770044476	64.8044748658379	139.786741861036	352.107952704967	636.541981780303	792.700780130082	770.200640968092	725.200771362605	664.904558871939	2263.75471159098	23620.1839295036	24498.896469258	5997.76555310514	603.972634677493	541.442527421181	525.653346903785	1213.36936336943	5572.77353997809	4894.95630262485	1408.93935279483	1593.34333787572	1957.110221384	2110.9866382083	2069.51077611753	1741.10580263038	1471.78768323308	1455.75497157637	1103.73018869364	1733.37618943884	1916.56208985888
338.584	8.46066813951857	-5.20187135948842	-7.26026390395073	-4.42054637655323	-8.32723964314698	-3.49887102653233	-6.25129985857127	1.26927596599686	-3.55471201383147	4.13462350716006	7.97006225287255	-11.2841589610879	-8.77493542546711	-4.83722258194501	5.77799364277471	-4.28950646813163	-6.80676460987869	-5.56975056803327	24.0144888488635	18.4589625298209	24.5637600699909	18.8456340010687	24.7262471570257	29.3446498892953	128.914876864676	305.975413978922	599.895679300576	775.640049216384	738.42836544911	710.321068952701	647.755252215317	1557.20176680931	23036.6014706238	23512.7740765145	7988.06979247427	540.465090106784	492.296716082268	505.700370135429	720.362237212308	3923.67668824506	5607.18482205624	1503.04100056417	1101.62198228815	1564.75456387718	1815.40225781537	2006.32521560447	1994.52570079808	1618.13185272342	1407.56988625245	1166.60710440234	1262.60415072425	1152.8894265728	1644.39986834839
343.133	-11.0944400115187	-18.8985431987695	3.41346053677862	8.02998391214262	-2.07990014520221	-0.317787391652968	0	3.17027896291077	4.49850468776611	7.98627244693421	3.36885612892026	-0.363671204654644	12.9597440275427	3.34577431086786	-10.4630063387141	-1.78565477241811	-1.13342006132008	8.74443603182906	15.2679284280626	11.0652174284867	13.6340146116677	20.5400136026675	49.4071286583203	109.83825729787	288.128599330625	541.723030543661	734.996566901749	728.110692240354	701.087881799951	616.894954218736	1158.30855281847	19287.1359948102	23044.2126537992	9854.98434851286	510.280606467113	456.960312368244	461.05056890194	487.782838484871	2419.62742991575	5553.7864859804	2139.04122487268	727.898126117458	1011.1949423837	1387.10685217897	1638.9506172454	1794.70084550734	1615.9362712843	1409.11502972019	1305.69460803998	1131.48751489207	1186.99990336607	1338.61535128605	2158.68283939249
347.685	1.06096593872649	-2.84645905537271	0.428440239761599	6.45045004956185	-13.2269644356478	-5.10554371880692	2.17083222925211	-5.51778687901276	-0.237738725844671	-5.80698591979145	-6.15042503127793	-9.85957133840266	-20.6679128146467	-5.22597734726457	-4.34735485288352	-13.2682783218161	-7.96662343831519	-2.39467030631882	7.88442326079171	15.7402991419639	20.0789284073219	18.0465477203285	82.969545343409	225.556969615216	499.226498199974	721.322789953039	702.179566950842	696.510206384467	594.66057044137	960.51578787347	15453.7657162314	22918.6001759035	12363.4716424449	509.489661493728	386.637368294954	400.24948705036	386.735124502049	1407.57609800948	4957.22763185423	2953.2045077183	645.904232678313	638.786901876695	923.595104219337	1273.34982446815	1532.81363586462	1576.70052623739	1504.44907531864	1277.50489723464	1046.19073888629	983.610091833185	971.784569057844	1250.35314639578	1246.83534941975
352.24	-12.3692971027126	24.047472365015	14.3334234978267	-17.5745506096947	-4.23451401413819	11.3223297835058	1.467171022706	-0.215148000063692	-0.241015886557836	0.841004795564543	13.0939344708942	12.9571072359008	12.0284673617396	-1.89214855661257	-5.87637587062031	6.18027086474363	29.6136172800573	17.3983744466706	15.9862155855794	7.50930573574209	41.6366810266695	74.9236678706241	248.437609374336	485.495350308324	712.536574753803	720.802753659944	694.263259690042	629.857470419949	827.929786002142	12869.9117732855	23331.396925253	15298.4842786431	603.211688029281	370.633373571462	370.522048423368	353.477274703949	792.079603370428	3923.72506349063	3840.76110108231	823.916623873266	533.152615327766	640.316078547575	918.25596514033	1234.94303554326	1376.91155074449	1430.79676596403	1397.76997765327	1295.11493886845	1064.47597729325	1082.48813938799	1103.06517028588	1418.11509179534	1361.25512929604
356.799	-11.4195647081135	-3.89047372780167	0	-12.8112214074489	-11.0610687630716	-1.96260127341402	1.23626782010522	-3.69827587678409	2.19331621522157	-1.70075414394651	-2.52187716740589	-10.4812024574603	-1.17701751324609	5.35705779780417	-0.742732879322932	5.51395118603797	-18.2772840798088	-9.40981583792651	0	9.01667622007206	63.6188145358132	195.122512360481	454.626289470285	714.46979634959	690.255824783869	659.870403689805	624.644830677289	749.448116000029	9786.71973446173	23861.9040216623	18126.5360192195	777.956351831882	323.553278384085	319.013782847193	325.259882980619	461.469082511148	2558.97264256431	4204.7801030791	1213.42689815485	456.346931121194	485.241416223895	599.62870338229	820.210522658049	1127.01283303946	1234.04513331386	1272.91682381202	1168.55575212141	1133.08398383055	1009.92210725998	959.754552613441	902.503326454893	825.104094967396	-176.968947730818
361.361	8.76121617667629	1.46908834510468	15.4785853368842	4.57757730067517	0	8.56383581746393	0.248975560717747	-5.03839692246793	6.38037561590044	-2.56889856153545	9.20547280317419	2.63854969004645	11.852148481472	-5.39436701058901	28.4204143279141	22.5795692015539	20.3625098043845	36.2535148485869	37.5274008038707	52.0875020491709	211.027394370279	413.808545955093	711.631208302491	728.433440733452	666.25430566567	635.267441374711	697.152538819645	7991.94589007637	24336.879417972	20425.7921575088	1056.55031017296	311.30717189613	336.883326885424	325.523892068167	357.042853553797	1574.64068417785	4143.46054188751	1810.92652645269	466.407641445412	418.915957934985	505.17462331422	596.396167623311	790.487241396258	1009.19975947216	1076.9543519817	1132.83875762161	1111.82678162259	977.310847762506	1005.15351282454	931.147457240095	973.089903049884	1290.64159989787	1287.01045366503
365.926	3.2954876967209	0	11.0898905687245	-1.2522420607913	1.80195355070641	13.876128261262	7.24233730018761	8.56945454570442	0.492296700241313	5.15348458962507	2.22879524155708	-4.91512559987494	13.0771708962258	-0.38648841953545	17.2543528435537	25.9900962123616	0.785564752672887	33.4716017720803	35.8279133395792	155.301651218991	380.34764664491	677.995496623619	706.719159951581	687.298952057954	621.890984065912	666.099132359479	6447.45066649524	24414.2909037767	23232.6930034419	1413.34751274514	280.148905953147	291.010517549518	300.749296004648	285.849739924402	853.759937760128	3472.90714419845	2566.17480104119	538.633613600472	381.903465167902	381.069748167283	437.437131173118	557.964462629013	752.572292757037	876.840632421189	925.00914597361	1010.89056869178	966.872378263581	892.740664071286	846.433449051521	697.089172945513	851.366054012801	623.017767402003	1886.75866680822
370.495	2.17914711858945	-7.79522737697405	-2.63995557223523	9.93656756029815	5.71941600038541	0	-6.68809802178111	1.74355910960276	4.39468296240552	-3.97570935845888	-1.57906588889854	5.25021900007594	22.0113156702309	-1.91674617683346	17.4862553861516	19.5183828598034	-14.8044986832278	32.3799880446491	104.3615509011	309.506780304415	590.491314505922	668.517208168706	644.760094156243	595.703538852852	624.913603158003	5226.62595000186	24331.0720433353	24251.9091497539	2017.64628114142	285.099823012659	267.316517028356	272.088216831332	296.026462998169	492.198360037793	2539.67168403723	3137.05341295598	762.123505944491	359.487872840232	394.252636176193	413.592433594921	451.489370972803	535.619461914976	665.779639359047	816.137767665328	887.607111095925	949.679453965147	890.609956928416	837.415672464196	810.203252036062	767.052037597709	780.477423749108	601.906573278412	1989.62962063964
375.067	-24.4309440197349	-25.2472059832086	-20.1699292248575	1.23779173228456	-17.0991339916433	3.59228670399746	-11.8489884894203	-4.56107441406764	0.486615810528365	-7.07502169422477	-8.8123036570461	1.12117088979665	-18.0184314416315	6.87651320416704	8.89838875796999	2.20201558378848	2.71774887034523	79.2414652598025	242.521909768373	557.656561476635	653.841043998715	607.288156360735	592.641327687899	583.0427147659	4349.6692466125	24535.7489187664	24218.2846599193	2657.70316928834	257.199804994452	240.816246265948	266.019817516255	267.400454937857	313.562840550598	1688.34946576441	3463.02926803326	1230.98822236016	376.183192374374	351.64133153523	372.032700723349	379.851038865568	465.214662497084	555.810679605301	645.919043392631	757.608129749359	824.074830093362	780.408996682099	784.638231428308	723.259842767289	653.340563501019	667.512408856523	684.283875209363	663.815043073027	1334.93755692189
379.641	-9.9368993260557	3.74170479759188	3.37913920997009	-1.19238672311813	-4.80430386350742	-8.80857976002807	-3.56698147107905	1.25536110169595	-2.57821101183441	12.813128430406	2.42544238990452	9.72039417960383	13.9614468758702	-6.25625225895232	10.0006382802309	8.83850273342062	67.6954396088219	199.099806766373	424.499112218811	590.144593390005	562.821925304822	557.900129046498	563.734002330647	3592.71410468763	24295.8376016344	23626.3004021779	3278.69262407193	238.409369069495	216.65560921241	255.40035781616	238.164035918821	286.855161345446	1011.97611929794	3145.22532094203	1856.8506560084	427.14388351388	338.339507360688	377.845471065217	377.525120234724	414.399999475056	479.225595668695	530.115233739699	668.436558131338	751.436040214117	756.457753730718	781.894631881411	764.529677302054	665.465548581854	800.33897906801	663.76933076692	601.862547477755	939.936213757445	624.073200151285
384.219	4.1520925028506	-13.9245296103363	-2.51505271163881	7.09983288632118	-14.9842445827965	-0.31219619405383	-6.37166747891312	-7.89006822121688	-4.65195509670073	0.270543476127344	4.21219779794645	14.6481815435572	5.99140160272571	9.86072481273913	3.89890019013222	57.8898441852228	151.433076527129	343.232924943946	515.118895244838	546.244352762226	544.694854856913	523.383205645959	3029.01305068514	25463.3223325383	24140.7981216802	4296.0562811482	246.594771724668	222.611432671358	236.68987658102	246.192896065488	246.766822663109	596.947514711296	2568.95891501517	2467.60378880377	604.782561142289	341.131124821584	357.067446910024	384.443512482933	409.313304797034	443.657234394993	509.661441371052	540.707394165076	635.571762132339	710.942735410612	740.342120505047	741.934380348917	755.017990408075	635.281566280552	620.8523765174	681.871965560179	804.497907904213	542.8460036175	487.949284482115
388.801	7.52572700313029	-5.38419390466922	111.026480167592	28.2154842879656	16.1308935223915	2.41433627149285	13.0030239418578	17.2613906212062	7.86961942528603	7.06124040607672	24.7217843927201	11.3970896544344	45.2479209752621	27.5372042054667	58.590298488594	141.088603468765	301.383891515384	467.305484990368	502.923428370362	509.213061273554	494.173094882259	2223.29613951325	25412.1930294796	24636.6989523247	5212.27927102823	266.447099378624	198.052602144955	204.166343125179	242.302758376245	257.996212303158	376.738442513425	1818.15273892621	2830.8610631272	905.140071324715	387.528915678092	384.397925742319	378.119511836378	425.28270849554	436.525160292908	492.517435957058	514.643084626863	569.073661756738	634.995453549821	677.953236241589	718.172034589977	743.108099562963	685.874899750889	726.935282393001	710.101620709452	614.375773936339	926.940588840454	960.819516910138	1777.90102740097
393.385	13.9222757352567	5.58133165660459	8.14236066514138	4.37816441741901	8.82013855818191	7.21942838274515	3.9291358377673	1.72852183772363	10.5423346453399	3.0029874098724	7.23584522261467	14.5407809845987	24.9388340064877	37.1597650536091	101.635710100659	217.434492281039	379.022380934049	408.505464760786	424.94526838062	436.558622897741	1851.8007077768	22138.9657281574	24315.8952977207	6322.63401951871	268.940675047692	168.817849132834	183.706649823744	228.375656971462	231.513396917954	287.847090941919	1128.98612924277	2748.23868737502	1357.57082376486	399.898776081381	345.646430422987	354.750847881848	392.949370598711	410.281239727409	449.323806183755	483.457562717762	501.957569624299	560.770672141799	621.949931412081	636.398842773212	648.88975267925	622.416906303246	600.56227904419	608.125211543624	613.944780961337	647.382663182224	668.982767216635	975.961266981555	1579.71204427052
397.972	28.8120733235643	16.2080091706524	10.1336381799958	6.00385688348461	12.1968576875438	11.4608611086171	19.2281065286501	11.5264252884313	7.49745395973597	17.9256360260656	12.9308700383804	18.233939150325	32.1873683479754	105.621756486343	186.291621176526	334.245718409668	355.258171460733	377.248306876379	402.517057847586	1264.10236257435	20106.3240654803	23634.5154487468	7468.69279585637	277.499424006071	191.116536853409	194.891148200595	226.41425262167	232.266724495676	250.428793394553	712.350919527228	2326.8819782901	1815.99177730155	474.559221627035	349.049694085158	356.887542418167	380.62630318049	433.019934098061	428.66113948451	466.827814649023	494.283084103889	521.253441145142	542.296093019024	601.46259392197	642.5231145058	662.885084222923	682.763833158225	655.106159812535	601.887027764235	631.017934304347	728.030933139748	822.193343400696	1218.55205642563	1747.59367909413
402.562	11.616572312012	14.3843220494287	12.6296554990051	8.82828994676542	11.4333738043973	0.806262531580008	10.9701033084956	11.4394397298126	9.01043277712671	10.480384071912	8.02915854623321	31.3709483453178	64.7936021417446	155.310079677797	283.155516765173	292.664355965331	312.483475375411	344.213295804563	891.676420312062	15755.9783086036	24095.3470567127	8664.3996610656	310.136826162947	177.749480524203	165.537776987429	196.390644339662	207.196596179329	214.75802565108	429.656320182634	1790.19617634596	2202.83293834287	650.300465664262	344.064800204599	323.820553277058	361.27174677292	374.98483180416	406.418640575027	410.577879964806	458.636982663981	475.659123063599	518.852226794453	512.317167469483	594.950579281377	621.568031390529	661.836163031151	586.356951275344	544.101178644961	576.134150622801	641.99511647076	691.097264805995	703.045455045798	789.818243622971	1502.49108873388
407.156	-2.21537314115523	-15.8496296214499	4.29414727894735	-4.37742609034895	0.872174288894429	8.79511236934953	-5.23796431226977	4.96312303457791	8.7369136442444	2.07864068579098	2.05480472820261	44.2249863592659	135.222407639118	254.722307107111	260.526816239982	254.587578580952	286.436831693055	643.03134315437	12905.3528648954	24203.9408277882	10021.1350335322	353.856513935795	151.813833271301	151.682995899405	172.697117218367	189.648597138	200.430756647441	288.359736190075	1215.80904782132	2314.68460374679	994.129338956971	364.224134774847	326.367810851354	342.892831666288	359.902442831758	409.77583153614	407.039142295656	449.920345881939	451.984260477949	478.620097235128	479.895050979748	513.550670223401	558.020117287092	582.293580900255	603.293881443976	593.795115690291	529.077525465613	553.684246069322	608.005244759055	608.466368563107	735.352271072615	920.316603410659	897.199892452296
411.752	1.307316077978	-1.16913011453868	8.7986929873451	-1.32470119164999	-0.571866276655087	10.4850356120253	7.72745100373299	9.76264512668541	6.05409911013854	13.4020548707526	39.9135284597797	102.590767141286	224.485851675797	242.858087468201	242.245741689941	258.345168557355	477.421158199259	9882.87407055005	22494.8683901072	12164.5340080727	456.586477249963	249.546888640538	156.338122851172	172.003241440425	197.943973662009	210.387754385958	238.970391066281	782.54549211822	2130.47730763696	1400.61614552528	403.824741158423	330.225687012644	343.786224889128	372.609853379845	389.045929748763	411.496019249781	450.774249491236	446.293484378171	488.788951085224	507.30158515652	527.406416622582	538.496897790782	591.665927393944	579.529023916425	610.738164485403	561.513252678507	556.493387583942	549.520424199884	613.638352960174	654.608897584179	835.81108628116	1161.9279141068	1197.55989638173
416.352	-8.14905558352066	1.91781154338244	0.692791391533365	8.80067597387928	13.5082801779095	0.515981636589337	10.1407325337636	13.2118773267298	7.30408402587952	27.7226917907734	78.5677741069841	183.935073169565	234.869633548864	231.481924531997	231.980382258013	365.023489268344	7109.68991803617	20209.6654182832	13328.202394488	633.310453670016	173.776479670107	149.7284563828	172.889738697038	182.363737515326	189.100687169613	222.521758492039	496.636286906086	1764.19448523415	1792.54334774699	552.428730946763	339.572648776686	345.459473418886	352.723181156895	383.526430763998	409.512753437029	423.019645100689	438.733632274239	449.320914755502	461.850804431595	511.854545287632	506.567625606897	535.804977084166	539.097744358307	574.666303702453	588.268731714749	539.030519745434	576.167335719998	567.711114431757	628.609475441674	722.957094772161	762.188218987606	979.324546417911	1318.24735595731
420.954	2.10112933613836	5.63710709934682	10.5211517294889	10.8582612649122	4.4117196646246	7.83601117815704	2.10178250493772	11.4317264355116	27.3073319251539	63.08633565076	159.074164556639	191.786986022568	208.594395438933	224.436041060627	299.035604281309	5424.58590410229	18857.0234120234	14138.3229690822	790.428300672145	165.394834904089	128.69130028394	142.616640880008	171.765633672589	199.697334000893	206.140456630318	339.146322784603	1277.46105363564	1944.51568839817	793.638230649824	368.679600702277	345.212489539756	346.893022614456	365.817001748346	381.456436306989	409.921622705497	424.272690874341	435.727869750914	455.580517879963	469.429100434167	496.994783066363	499.82994168068	535.869070488692	552.777339396337	568.438119818185	556.812839100245	531.469297548003	579.45226156261	616.04264366828	623.447538657605	608.338862612887	855.340084989971	693.33331311464	1048.47040677776
425.56	-2.06133656956589	7.005106615797	17.6471095248072	18.48542769911	16.5011374567714	3.22383515535964	11.0596967928775	23.0901666639675	50.439414384014	117.336081003505	173.268891867713	199.790294229146	223.085622818648	284.00738744943	4066.387053072	17484.9671628084	14580.5081156756	1040.93566460773	154.547055858238	134.559115832884	141.503834377244	178.985187644689	203.744039631312	201.393211140482	274.943764886861	881.419709890064	1881.36745704047	1082.59231109308	394.704772567237	352.178920132543	359.502940942965	368.232660471712	388.508720235563	422.368652264296	424.077516240236	435.478057980304	425.106503716446	466.665608570849	458.652791448582	507.697104598458	496.810286835639	515.958992921077	541.282299095265	575.889525014472	574.369089344032	568.060171401247	628.060921499737	612.590378571804	667.91704475894	743.978208829936	910.14525103061	825.960112663547	1520.55936218787
430.168	1.21331269054351	-8.31881691594897	0.326640696663157	-0.307361929161956	-0.53074587121475	3.40588587879339	16.3664239735618	40.1257621490353	87.7253949097586	138.930286838416	157.786643300285	170.104388966915	241.317273640627	3058.20337283	17384.3126119364	14967.0892520183	1294.8579538013	138.143473255721	127.567730086833	124.944564114334	147.514173672447	160.18938811482	182.267328316687	207.683866484494	566.11662054181	1611.32959240697	1366.10481963773	464.495548722979	348.83138803622	342.660795162426	359.672813169539	359.00416756009	376.05221687313	405.996769819585	398.104294313255	397.321841631198	420.685270681612	422.289614792336	445.131855308604	474.770297358044	492.012552991515	488.831939936701	515.90271399089	539.58706953516	547.995801792385	537.999973702326	533.726265943382	522.670637395584	679.930337775567	573.452494683155	699.723491314446	1018.79981762454	760.46482913993
434.779	-15.3310056686446	1.08240688782806	7.49434516565608	-7.35862848621487	-3.9708497095657	12.6194655426133	29.9010856789653	76.9884462454297	126.926599402977	129.96773641264	142.198270579397	201.070536836122	2360.40085452667	17857.7380226687	16434.731522907	1567.36320700131	119.157298468596	118.986077394158	103.603258803815	144.70764919545	137.782469125281	180.057843511781	197.433694845639	371.780629386607	1274.15703124345	1593.43061618995	610.071414789363	346.374767541394	348.548855231249	362.427264544668	369.40255122562	387.667197553233	393.423898416011	386.907032460967	401.300657089689	412.981446192086	414.687154489001	436.338301048664	422.264561158594	455.892066940533	460.526906013736	476.718091968448	525.183646065072	521.014062123456	548.666555957709	536.682972695945	538.15494826497	563.883393211492	639.135172443448	684.058244532873	754.862139950468	772.63017006967	714.837671899793
439.393	-21.6412037671325	-9.31844073087578	-9.0628437722683	-0.304569382241953	-9.46662771851292	20.4907167999718	59.0398125616163	110.144932157136	106.505205016902	116.986490807226	173.080290242335	1651.6565204035	16558.59569464	17773.3195862254	2137.25074069586	125.432491370802	106.900573545635	93.7715459985364	117.474062287134	127.656560171402	160.998171572791	174.964450682047	272.694033340108	952.554822695025	1629.4651511582	815.816367765323	354.884780278717	342.081192836788	356.446271463809	354.127615237438	375.265336086297	366.539275144318	386.612910744448	399.454824066244	395.079183575834	383.113222508332	401.399374422077	417.407627432736	417.621588465042	436.04262939646	477.098004637924	457.279224774594	489.270604013455	523.25974813141	505.705372564692	517.993856960412	571.605029072014	569.25776688408	552.822817084	629.835077960132	762.389003232988	861.949402577814	333.303438866033
444.01	-8.71718900928815	-2.12611757294812	-0.640033322099529	7.2270924701577	23.919205635216	53.8657600109302	99.8104128382928	105.888884344709	103.34875551002	136.939060070069	1048.80168542383	13543.2251612714	18019.075463107	2818.85657140467	123.393142150493	95.3553759518019	109.37665451421	118.647853772829	115.165507262683	163.905958701411	167.360006014462	219.845586448627	644.644791630002	1517.21499696673	1087.25135109059	390.309034593893	343.5483412631	364.622555747474	356.067377811724	374.799724724189	376.784920400579	383.474768760938	388.878916193807	395.506636889273	390.323625368443	394.50394941469	387.106041565067	408.214136672087	418.34169628938	417.584110843266	436.598873677582	470.877237200123	469.936463443757	486.850081861687	519.755294832589	571.144986429961	510.698493746732	587.641244549088	623.440445006395	642.364397216516	756.878734777909	671.263271096879	587.437872872508
448.63	3.88940350510019	-5.91308561977194	3.45536948995823	20.9864962468438	40.3222939720682	86.7975530105759	93.0210100297226	89.1574731592193	112.77576112504	754.401778663661	11245.0370281302	16879.379359758	3521.18567551747	129.726704080683	100.403118035059	100.698541000647	114.038214005478	118.511653419174	142.912096990141	172.768038464416	184.353339439514	409.858263604464	1242.34726120544	1276.17825721113	491.393997033395	316.980038589245	324.220880970648	352.118590778519	367.964771459392	381.776737300931	381.152921824982	390.92268384579	388.230055009935	372.99462819073	380.839295266527	377.559315861818	388.280680771566	384.467270352219	404.234052085402	434.185637982376	422.073001374181	440.719601764598	475.320943842209	506.160183066667	523.117995370504	540.551413869188	555.663933383847	625.535863368293	673.43722744865	725.021314030475	782.526078787428	618.796743527595	1195.43572689747
453.253	5.38276321586537	15.472909981094	22.668297732725	41.4919812177866	88.8024702889596	87.8843222256607	91.2557100502255	121.667294839446	534.844381267763	8538.01800536399	14052.0104964701	4508.34047251242	153.68037802294	110.113277826016	103.716233043966	117.738051779935	131.153283642563	146.658835519133	163.814719090536	183.538503139923	315.86173798929	959.494161803535	1394.25504874798	636.486360750477	340.176281250263	328.585380680924	341.835861385183	361.712252121074	389.885461137247	385.471452644824	373.857900881082	372.10049921064	393.167606816811	373.099851611424	387.831577837424	384.297865066434	384.462277885473	385.743802625769	387.641617600683	416.078441864655	420.843264900411	445.205978591951	459.82554017216	480.082136117067	515.205415375797	586.265619671265	588.466376905103	604.139292598078	727.871871356245	754.835564577091	872.886814982643	985.525239902961	1376.37488362969
457.878	-7.23483200488285	15.6644419170968	47.3602928120629	67.1369214783192	88.4470302856653	92.7642086943409	103.535274568606	409.319697863435	6971.51697406841	12514.0909982151	4558.91697237648	170.90126192409	95.3313493313258	77.9714984420343	98.5567693702889	121.237552464463	130.434930961231	156.992332291899	164.438125943221	221.315432270358	665.274967524055	1360.45852354934	836.847332481658	360.416694177208	309.53084970419	323.226119549374	344.773297349744	351.480221139419	378.850580296157	368.972002624398	355.763687035408	383.510493333327	367.867263775378	364.085047236026	343.606431014923	357.790980521782	355.438543878636	361.83528906815	363.703023378987	394.236347100094	388.607684122055	415.588490408094	444.024468248361	449.406538428413	489.353254881936	502.750442865754	572.875792321324	622.167766564837	692.13760834014	741.903343712349	712.451731794425	858.237612653028	1129.04956207447
462.506	13.5940944901685	16.5472606707405	59.7754236369282	66.2915771426996	84.2426158678973	98.8069768012363	358.672870840136	5916.81812448	10667.386375326	5251.62420304727	202.704064904107	97.4769372092872	82.2784575787358	85.0287516836817	121.204303570957	114.868698473122	137.991467334162	159.948146269856	183.025610581023	441.256361368508	1178.18027622411	1062.85982248252	401.853031768908	308.720432270437	313.112446991598	329.245207151157	344.591696730364	356.855988791901	368.212481720165	373.82902086553	353.066190182606	362.322168070783	364.280968124411	346.270605842965	347.719834727997	344.828763090115	350.93235967268	362.765493444516	347.550027080234	382.850976484613	392.46125088551	400.636682399137	422.47395176336	461.278067083449	494.07246739967	503.067510251736	511.747474154866	635.266610018608	657.895026189811	760.070269083846	883.897014934567	801.035084999351	737.33669414668
467.137	10.0656114607288	57.0104873351195	52.9917026453192	52.9805658896611	81.2118914056443	308.339857409011	6172.10403293654	9379.76444879652	5862.73990742715	236.692076028365	86.2289269127578	74.1646693035808	69.1259219537341	93.3887231291688	118.895571223838	121.972847529239	138.631936850724	153.702166612289	273.347649341653	857.273968958544	1141.99652060605	491.893269790775	291.837544497483	281.183360573225	300.005133112412	315.377570190681	318.456248107819	330.634954093483	355.335207384785	356.80529064702	343.405662727101	347.402728437408	329.212731623514	326.728057945563	316.859658145874	318.975030191261	326.871350285472	341.61184220752	334.252016737528	347.413105847072	333.051245403556	381.238708078878	403.170397101378	409.699067964953	457.404989016942	512.198684826507	529.072411735506	566.6806977149	621.385993414869	654.273888126807	852.200814563091	708.447009282434	660.536441270983
471.771	47.3559129289662	65.510615354153	66.33397549349	81.8193115157414	212.896724863448	5443.19022054351	10590.2637761631	6555.2619711755	290.155480057464	72.8980776513887	73.1345023188891	71.3091235627933	80.0786814569123	101.270251002057	108.391177671845	136.5520704391	150.278249820433	210.15233902747	592.335869218553	1132.30292318817	641.291824087717	290.676134369496	278.286040698708	282.227914759687	317.464571116238	314.047862593042	322.089101673373	341.499667002322	350.015667073611	331.834134928114	339.260361654871	334.029411545278	336.001910211522	321.084935168099	311.447122395796	312.23500149033	301.607890025802	317.466061935257	329.343158669937	332.498968202755	343.633732713689	369.582389940146	374.323636329158	401.840231001154	471.152121076432	493.616289527141	527.682425775942	566.587885142475	628.626182229192	750.18345135781	889.171050499841	784.816271440964	1645.48398297187
476.407	58.9299283749928	67.8524284634877	82.3975896231503	208.251171965629	3842.53824061445	13953.9364230283	6220.37986120299	330.937369705504	74.6075623133091	64.7002358602536	63.4126740794543	84.1737814369746	96.7272251989685	108.332871221071	140.353267773146	141.667294483475	175.154429602171	390.436091409956	970.744174141295	859.488266928151	341.230657335828	277.442045115045	294.55957001682	291.328081380237	308.674673672273	322.727380771964	335.05557120259	335.79324528416	323.149895164697	336.533186246528	336.722197417649	317.014297870359	317.284901960828	296.04780999925	311.140956564782	308.54551489404	300.862609192207	299.394246233091	324.499311843675	320.947367262847	337.872188309532	365.851755198123	392.816041016354	424.191040233172	465.369225250121	511.150832785575	578.550608163084	670.99096029697	701.227405792335	728.565755084644	888.074382325293	933.223443743034	6299.43175586163
481.047	74.4243095049607	97.3772420861872	205.196910931056	4123.62419863935	13896.9267794383	6800.95081462139	381.572330186388	78.4680186133964	63.585519821331	70.3277344496737	76.9362535499747	97.920433026608	101.044703578445	116.349188709134	141.962694572783	152.169828181985	263.754759878381	733.98415302793	958.722277548957	423.933047677266	270.596685599195	262.212189952701	276.951614653107	299.734246241316	310.246822490632	312.000278371624	321.001600390389	345.169098069009	332.052001986011	326.781147863946	324.774366623451	317.079366726233	320.943822172347	290.774251999268	301.0501104549	304.848515993316	313.929617413239	305.351595474018	324.687594665036	329.849724140438	338.99729893593	332.344219008282	365.919544121021	387.231950589784	452.872268006004	514.628882299679	585.451021514942	602.164784914595	649.281122716535	905.16561279371	1027.50631125104	1587.84230725339	18029.429661835
485.688	51.4149574046771	155.676131583631	3195.04218927683	13566.2198284627	8223.16961021789	537.028055046415	64.4556592550333	59.0619288429578	51.3504819008128	62.7906994387111	72.384245079234	82.4141660539612	104.92719081045	116.806744733023	139.446826542094	188.924161957681	486.916760048835	920.086611016599	549.168823918237	259.602626719134	239.78368460123	269.800114545608	267.951108680517	268.959532461085	278.121653456596	285.806109318731	299.609259455615	313.214694319287	311.555229338504	305.75755431254	299.405472337835	296.819332140702	277.431915064393	290.748988259022	280.683589593825	273.090718969499	269.241567162897	287.994298866304	278.203983294305	303.536752272067	319.287074186546	310.553202382444	330.439688247061	403.598945123442	428.614337095138	462.28166511588	518.584581059563	549.880037444364	653.03088931556	693.691460434971	833.762077424426	5090.87379570845	26081.1797458756
490.333	145.26740707819	3181.7013853411	13024.1560295727	7993.19715034199	676.634662177498	72.1172670012433	54.1786781264192	46.6391341956682	54.3893055751291	62.8789042945113	78.2421617429158	88.8589197436973	93.9303123065578	108.689707714443	145.168144744298	322.442639930346	779.530007096387	688.682454278552	272.388966405093	223.05836401119	226.200489180537	238.007841882005	256.764226361208	269.624798219856	272.789486803024	291.772741380373	277.795991321702	302.182689120324	296.888053855052	295.380463082387	291.935900883449	275.134101838573	280.386932601592	277.280309079816	264.511935592867	250.589459373062	244.258011361972	272.412224240289	263.790234672831	287.813980213253	307.46755851564	299.793829913604	343.718959092577	374.810139153508	389.474168413468	447.597374098038	511.471083885234	552.746213764057	672.443736022688	723.838241395699	970.250075819955	14102.1886475202	18763.8696355517
494.979	2439.72006470423	13003.2338285627	9036.43636027223	702.700395511094	61.5147048173073	43.12397671105	42.4599660519702	41.9178123220718	51.4063417996396	51.5520491715816	74.5942501413638	83.2630551240646	86.2081641633836	110.20752798072	209.648855113641	596.715313956832	730.117989792542	338.285287704276	211.892225687885	203.416181413037	217.273503080413	240.612607385556	248.383746601761	261.206156838312	253.905433708132	263.863468379425	270.124708155298	271.330994519181	275.966438143523	261.33412185528	254.949603460398	266.666092262322	258.756522119479	238.453651779973	241.080350314514	241.073125808342	242.369726105518	242.600283930576	255.297733316307	267.632515501364	270.577801369006	280.630967276961	314.327819204483	312.854316545439	352.677351714613	402.929128672843	446.851151216319	548.385132966956	563.934385926834	667.105672981819	3784.79245050585	21685.4756373658	5995.62506530886
499.629	12110.1629473976	9192.81948416826	833.868964472302	77.0194388491764	61.6964619557341	49.7371622571261	44.7493342364152	60.3030581865288	66.2417569812821	63.8891091439347	77.6259210209408	95.9554822276008	104.531839777673	175.322294705419	422.011262682372	739.493880300642	444.266153822312	206.721174029144	217.812719438074	215.83968964735	227.549926305849	237.07479189607	248.948763833725	247.070924958553	262.162716966728	269.17457925351	280.784937250364	283.243327630313	275.146056156694	262.114314719242	264.094465597887	237.824445917322	254.94940321317	231.82698117267	226.132340901794	234.212156103827	238.791205435875	242.377818713012	248.369041177867	256.694942096857	286.809594519271	273.082132999873	320.088285197675	342.10548092809	357.657598669004	437.294938546398	497.560368596007	604.047027249911	672.913180370138	888.787628777211	11296.4398622435	16772.6947847458	1561.09130368026
504.281	10177.9145047246	1008.14061617897	50.5807389586791	45.9253826883276	45.89958535636	53.3133764927578	47.1269129913138	53.1859602917487	62.8633484982211	72.7369790497561	74.7337203846549	90.760227553816	119.701576124325	288.124438623485	649.052777696674	535.015570630422	230.481712905674	184.891014149445	190.820746493389	216.70182280181	215.497761008605	229.606728324367	221.450695972407	231.295678232663	247.77842690807	251.770553195478	267.529121754857	252.637693964997	250.532550964971	251.366876664031	245.357087475839	236.046069148557	246.782236938529	220.332692109674	217.441045683903	233.314514612611	224.605330838203	230.846963634913	240.248657632302	244.451542160208	245.108922963387	271.299457392695	295.350506066481	339.848564619129	347.06693827471	397.753073661028	433.862537007108	591.117851854571	688.080137525788	2665.48495246688	17687.5514953557	5897.00744944151	860.811206832436
508.936	1228.28105900029	45.6193699354349	43.5531454305482	31.2907543927852	30.8413838014294	34.6295350107691	53.6779989936022	48.3946345030689	62.5412073704429	62.867621300506	71.8160652761798	95.0607060970479	190.067873014697	504.582445969589	610.889833645636	262.319160020636	171.714893921849	166.673138849142	187.135148648936	183.157245923237	198.407973406311	207.180803174961	216.790825215724	219.00359685709	232.198770419403	227.900372580888	244.906989230745	230.93596724579	226.800840521642	226.116061300372	227.960935959126	221.244638182789	214.76436865959	193.781174712938	195.07078709963	209.445505143895	189.652017189677	212.874766028477	216.015826218851	223.998948530673	236.636040981716	239.508461438687	283.861045003586	314.216203251673	305.307642627391	363.883994643905	486.025765031325	525.85708096926	608.637961084047	8421.53386340682	14556.1749237745	955.433065764135	-52.7015389896016
513.593	57.2349293308004	45.6778255450884	46.5178887915044	31.3839427808693	43.021721265837	51.6419913816899	54.683266986731	56.5182621228536	61.0408248743847	75.7196275335062	75.1780018154656	128.171069022842	354.401187704261	614.822013364292	350.299660443022	174.841159812914	167.088795256235	177.149713130118	174.081663537481	190.626816440452	187.904761385625	203.921147608921	222.246154519706	228.771189516641	219.573452085283	230.489462594809	224.673017133469	227.794241078848	217.785286997938	227.334472852222	212.09353260462	219.706778922141	200.88046780585	198.84305284749	200.355426346724	190.475167341222	198.064891033196	193.054730074925	206.804610211719	233.6533173943	214.4896011177	254.451733868188	255.611026648985	304.642348952014	311.962190358558	349.539531337758	476.331105164704	524.858954564255	1949.31919022276	14241.5473838662	6187.87462325137	693.72713002772	654.935260093354
518.252	54.7884735242073	56.0889236342406	49.4895314251893	54.5126477881615	55.3434990270591	64.828708812541	60.4761707039363	73.686281538204	64.6151101368024	81.5446315175668	103.849805873013	253.582530941528	545.610238920322	453.504048547972	198.651361718283	172.025059489196	165.487116908993	174.373152146154	173.813874011084	186.536113921225	194.104835577618	211.376925551869	210.682834999762	230.73603215447	220.354550459419	221.294956043546	220.226281120463	225.642744188447	218.492311756786	211.83303501669	214.53446056085	204.175835866161	210.695931603135	182.459799646117	197.23275820715	205.792373664327	203.297274324764	216.227343004467	216.002349503615	218.425652062952	220.941236715113	247.906978171417	261.072458623916	293.370148483918	351.764372623965	417.940469400152	507.275576505211	558.168440229864	6669.66841698129	12659.1368003273	1439.12488884077	557.540184582318	1537.98437766228
522.914	41.5684917879941	14.1007171031294	38.2031362409026	27.7782599678418	40.9129381999978	45.4819738786956	54.4208161304819	56.7703527077172	56.3692010823034	76.5861375425606	151.231181528481	383.336449757962	492.271436961725	217.108822052697	139.493359232832	135.412728535993	148.377616719359	145.85676471027	151.792258531437	166.059382337943	169.236888321629	185.763185671788	164.963522245067	187.938044634413	189.595031543321	193.666208127896	175.612679223354	200.192384411779	185.752275093974	192.546792365883	176.083079795453	182.439403349171	176.222725433464	184.712728970567	164.328581327338	168.914334430853	167.397030959676	166.98865867317	172.778005324646	191.975165528356	177.814459035363	211.310594100428	236.360341962275	265.09884515907	285.371060321417	409.812053685062	410.0768987436	1444.40936760024	11460.6627420458	5946.23294090106	580.710019093465	628.195039098737	1503.10241150619
527.579	44.0727881877004	49.9887478094417	42.2510083758464	46.2927439873252	56.661439114133	54.0990585200254	68.5898441508568	58.1984712334362	77.8817386674548	106.463392957286	300.772180501403	484.428540360573	290.06123176933	140.187163268102	132.628574057186	130.071186990601	153.488480354135	146.11262195608	167.162878976527	171.359660161402	173.536254049524	183.423886408605	167.547882239792	187.920362092039	181.877279094425	185.643869858237	192.926401086159	195.601056660696	190.555783403571	174.72980118661	178.298341685756	164.600798337875	178.955460891248	164.797232083043	156.639882636478	168.898441773877	175.91213721387	180.99119836137	178.990351107773	184.614481713276	199.83568279521	220.178658344485	246.1483644075	262.009464599614	328.23519840406	387.719713779702	475.406742961691	5138.59444098932	10845.6091773494	1270.13938936083	597.485972558078	849.830969610662	2461.74644747557
532.245	42.6651566348512	40.0791627768213	44.0137911904162	46.3205697220225	46.5797031633922	58.0135222141679	55.5895383476892	54.5042173616213	85.8017458891236	191.749295133774	425.86507871375	373.905487918641	149.773976989062	132.450538317977	126.097364894464	123.847911162217	134.863888122046	146.739932668284	144.764215668981	164.266235798684	160.070075472507	172.208456562624	176.031021867054	175.703264021761	179.595537404255	175.679709027296	166.011334282738	183.263807091958	185.338662887875	169.316368699026	168.728441242485	164.947405690675	159.806249666989	159.025368234691	155.145515413279	154.498316545101	149.821234597332	164.891384051611	162.697028820885	179.127709239663	208.925780257336	196.460821711109	223.094492532893	263.189047157119	319.491501167613	426.392121660682	1049.07185575064	9314.8356846139	5454.3986774345	526.136003906057	536.095850364316	1288.7167465785	2242.83223944687
536.915	49.5314848545388	53.9957398585066	45.2596599127872	62.6461253752883	51.715701164655	57.8486179573841	56.7142483694226	73.4758503371522	136.103267383309	332.06776319986	421.060405807429	208.309493016004	124.164987225419	123.132921344751	133.329711426279	132.220698881628	143.236629838056	143.620930326761	160.31015926112	157.127695842457	172.611677140304	166.041725224894	176.63588512322	175.484307444434	169.316904802395	172.466630070874	189.521566207253	181.215462031994	172.814960149253	174.533444941574	171.397447700149	161.838059828796	163.166718515438	157.272927465664	154.313473204709	158.608876258085	165.030713795885	163.133835247123	179.94146104119	191.569796510326	185.806773293241	214.417302679075	251.515671278935	286.529783493627	351.028004042038	408.440701157693	3990.84982993217	9557.77913823252	1387.07234794271	546.689266924468	648.155122948323	2050.5141595385	1529.57559674666
541.586	29.2521456546892	29.7571529640376	35.142569261759	36.9588091373747	47.0250163201185	48.8282641770914	55.5298515498646	83.9652839361842	239.248421419482	405.601354145001	236.768869755415	109.743056854691	104.470660706597	105.749324882033	116.116274170175	100.848468262658	131.789808147875	128.196653908911	139.789551284189	133.384891825797	133.367498585564	148.085024853065	132.36087079662	149.184653127089	155.254724312141	143.335230019572	140.700413551864	162.277059667281	148.885487515051	156.562573786407	144.496340123027	134.376786057699	140.535439940348	132.506597652324	134.195933734504	130.831757612082	143.491059747926	145.91378867206	134.482370504585	152.000062800188	159.711285430254	177.688088058428	203.407857393124	296.561115348582	309.423760442687	765.907224800196	7744.05757136951	5141.80324377761	495.194909263557	404.252329473284	718.495673092892	1858.35250792701	581.761156857657
546.26	48.5769362385311	53.9737113309976	63.9018537271869	46.7058465578531	42.498538992967	53.3486952713354	76.9708577226499	165.478901239708	358.545448444804	327.45357977462	128.853676737012	119.569664682295	111.515925899059	104.876757960052	117.366855375623	129.857816171404	129.743813083078	136.774825934856	137.651316905917	144.199963000011	135.809418631875	155.000439882544	154.871757397639	172.005874125955	148.073888318598	140.81114109228	159.667451206174	159.408859962968	154.274688493776	142.122898686088	147.464591293972	128.378543549054	141.18397233838	150.652385880473	131.799315625901	156.578136218742	148.040817716405	156.131998734366	159.253465670125	177.039239914494	164.192683158319	193.355001166912	243.18857724034	323.649956382967	372.598943331843	3088.47722589889	8385.96136514979	1352.39387776624	456.081404122842	397.733901659267	1365.58024687742	1566.73409507247	518.973401826391
550.936	55.2450282564216	51.7265811551801	43.1209411919556	46.211425726664	53.7655816731633	68.2462714155359	119.021094070484	285.83063528822	355.92204090308	171.62475481679	90.918233009153	90.6062400011676	90.6855403316414	103.055712111089	105.081781594205	109.77980249796	110.56725703022	120.507398546825	127.970301446987	135.576236330823	142.251940424771	146.55483526194	132.420795436635	144.318557715431	142.317777684081	135.991267536763	145.835223487449	146.149313527283	143.093602094509	140.596661378062	139.078249838335	133.441075030582	129.054750551292	122.483303842149	132.241963797832	136.124574156287	122.975190206047	147.312310107816	150.612654944826	150.148658506154	169.2913951302	191.463376517255	254.244163706162	322.382134461411	585.596772109893	6343.35461987612	4831.49480133953	430.613716515858	398.240294914081	516.527180120934	1642.88081528782	1032.30967723388	214.511815438712
555.615	37.8736306861636	48.8130953150796	48.281577580092	41.7635176879481	64.3199707759385	97.1575592352061	230.621489600253	348.337109334004	216.492347510355	91.356362525698	87.3909558282065	97.8945165129704	92.9603303010941	94.8443434627337	105.99501703576	113.202159842966	114.976269535705	133.25336349495	123.250531519442	122.811375932329	136.389536060302	130.827614671933	145.784470526104	136.692152027591	137.571741413177	137.258876918924	144.198180174444	135.305342132179	139.094264579123	130.669293536839	128.487172248358	128.248309647548	120.694978956126	123.454131629281	125.030750596108	128.524044273104	134.737425179047	131.385393395433	132.147189786959	159.787126105722	154.441320328059	199.695579417728	262.468727496713	319.145172908722	2313.68636742216	7344.11167181041	1438.35610377417	430.181710586603	409.488985565692	935.148127035476	1656.89245092365	639.97630222965	469.925613029382
560.296	35.0537473020808	38.0183876129139	46.0804632678562	37.1258564951005	66.5549934984196	162.179316644794	318.430377205786	266.147000679854	102.947497741929	62.9813028844071	73.0679605939243	72.1332901152904	89.0565787307347	92.104692248639	96.5201986245507	97.3050333023005	100.004931054744	114.46950210772	117.316082749243	119.436008524577	114.843397870836	115.081356293159	120.257486868209	134.367250029788	124.901454243607	132.208083133916	126.518882007577	123.992237537569	120.681189019168	107.491123913673	116.911652380074	123.64959906377	113.672275387648	111.773969361909	116.482904936303	112.254863694017	123.685038700724	132.600699266809	136.129125965055	137.187447652229	148.1103524927	200.136755334115	258.960341251653	471.481240522877	5153.23882040735	4428.29318656561	411.722318869067	363.039155903295	384.463907536415	1259.02292414357	986.747406505753	340.596005489204	458.468834798474
564.979	28.974719522758	29.2772319183768	27.6559585495754	52.3333086951579	102.96027972637	251.021333602862	291.548231458444	127.656959418756	63.5767539969707	59.0411820050486	59.9880710190158	62.4264130663485	75.2037850988982	89.7627718534609	78.8931487857052	86.7409745992792	90.6863589654605	92.0099742669447	102.844835729181	98.5172746385076	105.203038969344	101.495350336231	117.404573435271	95.2926558905377	110.140761111507	110.630528309297	114.284349088519	108.043487770378	109.518407409009	103.464140828617	108.857359583527	93.578459908425	97.1173353580977	102.607538607201	103.09026419548	111.224308918922	108.742768399221	100.107323548498	107.412462191737	141.36948406643	134.547761719593	203.225093871992	241.172733794135	1853.15082347857	6415.52671008186	1421.75010873208	355.724114224663	322.415398777978	533.940288772648	1266.71297085742	539.091272006945	38.8032246658324	-40.8201009392155
569.664	39.4207848961637	35.2539279040612	38.572810242975	84.6911141550487	193.995508001324	294.353186098284	179.930477263162	76.4262573841434	64.7210252647245	72.5133592176559	67.0186159766474	78.5382548913635	79.0353144963478	74.1489089569935	79.4699065536672	99.4180078454944	89.4518685243582	109.508085150795	112.047180867367	117.100246362813	115.428113745349	115.439163412807	105.428143099288	110.50620515528	118.529606054726	114.443797065658	121.859875824464	109.370801220745	113.003216697353	100.773029388849	106.767564436512	103.426993543179	121.623158590691	102.008346496025	100.205182193602	99.6543433961446	119.495722221086	117.645698414665	110.625226609357	147.211394927535	169.513020272882	230.780437114777	354.261801387128	4375.80063083648	4236.02557238396	365.749855718037	299.052926553805	365.773628700024	993.989665101484	1120.00023932677	344.217235568285	284.77598764463	849.782770489813
574.351	30.2011368878126	34.1883739330427	38.5944646664189	124.638461826839	273.418465624695	220.758789717412	73.7011666393544	52.4578453975881	57.051743229955	51.0148011567503	56.5119207567669	61.8424784518272	65.6454413784226	57.5675855715808	74.6680195735625	73.6516470854212	69.4406002403056	86.2860300669899	79.5468013316871	81.0709184206664	105.564438441456	94.1332779413146	86.9142212557862	98.0067414263753	92.0665827459182	93.1106178633305	92.993517464911	82.6629874012641	92.584671281493	84.7860206516151	87.0452540524913	89.2601840358875	80.5322182629541	82.7411903127458	91.18301544959	94.2633926781598	88.1925147966759	84.4200928472783	89.887827950713	123.105248292483	161.002050619346	199.998843794757	1377.32753671338	5569.59721187443	1439.56919295431	292.981009809227	305.237576574605	443.994027716031	1196.13840974613	564.797014605875	326.216101870672	39.4217140401878	-608.237484107084
579.04	53.6170465691201	48.9844996945597	96.2643260578956	245.0715812328	266.008764967971	114.6213732368	62.2628141386334	55.0904642056756	52.0335034216088	56.9029203140027	60.5983872301777	77.0032240428405	70.4109207927251	86.0429696490643	80.8721263318968	80.5727097820167	88.8234235337087	87.6431671454642	100.647073072695	95.9390837216654	97.555515184785	99.3547432588714	106.044463902299	95.8740587011409	94.8961587771532	92.8369495785646	94.3793318817355	101.729306510675	95.6033067932348	100.931907149083	95.8375129065779	93.5276626606641	93.3649955201853	88.1546245483583	109.379148804963	101.41271077515	105.136950799718	108.990176725527	117.870768941074	139.269571560184	214.725284276644	254.858432352028	3592.6451877417	3845.45660820082	318.081126794861	327.784054451708	337.230113788116	713.710701764403	1150.09379610131	372.908795389267	483.159769574957	369.353915139732	1073.99711988218
583.732	37.6561602043373	69.7818696137484	161.155905798268	254.608959699144	154.87204083158	49.0381597764104	52.2478369153859	44.7277358823513	53.5850327058332	41.4837675582004	51.3100967241629	58.2563962966602	62.1797094433399	65.0143608054362	64.1581841435064	69.2802790932406	64.9626458955193	71.2651424892528	76.2899333231339	87.7458694582808	101.854576394906	76.4089040049929	81.3735346733803	90.4204092537047	77.0941731489635	83.0820216550769	72.6190253503559	73.2084129185517	75.5986038288863	82.5670317451084	75.7646123896477	80.4508117635958	79.611929100577	76.0061917132752	84.5671203103651	86.3610543253163	90.513184528689	91.4638541431621	104.7750500845	148.117878884967	175.63370791893	977.38647658152	4951.03364065169	1324.71558129945	268.488548222942	263.600585839762	320.077715072287	991.237004266345	761.419548036957	273.295556746331	133.721016887025	91.5009375755814	-154.412085261931
588.426	45.6539862809357	116.552489409879	224.699020829366	189.19606913553	70.9214742353324	37.7893384540034	40.2745785828817	44.1773240705643	45.6417023578528	41.0869822159949	44.7880052181682	38.9478660861194	55.7428857164812	44.2065639358746	48.2329490316804	57.2392558593193	61.948296134136	59.0081409516987	63.4724186959655	64.0196521960584	71.8328379017245	71.4290179752988	63.2316382709287	62.2169783582683	82.4062524554815	69.7317927671991	78.2658523267307	85.4803670288102	74.6059369329717	63.6088513426788	62.651839376245	61.1876222117005	70.7673134380649	65.8405073056875	77.5104663282052	64.3452225111942	78.1649176702173	75.6508154367552	109.95503500986	157.256759412422	172.87636178921	2725.06802050435	3557.55987669827	265.304991534418	208.240890311855	255.659978744792	496.454010480274	988.561320128457	311.180874973084	249.552819176789	201.613436917103	143.705739438039	-380.961344233796
593.121	104.706026351955	196.395118385533	231.841034345592	101.329971824615	39.8838669085875	38.9219806088183	44.0422680208639	40.0055942206987	43.7611018903643	38.839537544186	52.2867852003998	45.8914903495067	51.2118431734433	68.1593454962783	66.6856153376906	65.7436028878671	55.8080749697803	77.5959756539047	63.4661958774989	70.8424188224628	72.5296005493074	83.856694983976	71.1358408535992	72.9496612422436	74.100827769421	85.3402022096535	76.7049655560711	69.5049094831803	75.8123303358865	69.1400592630906	81.9634741762696	79.3730217551045	66.7446963535171	73.7082879764649	69.5003330992122	82.6641703961215	80.8096720992536	83.8709248983008	136.696361502346	163.401003705462	667.984385812607	4237.1633674603	1372.84849135517	224.70910484011	258.180679817684	276.404262590487	748.871588383113	859.551508349084	298.650577372102	241.080470226646	392.964285920785	190.64069802761	907.537741412161
597.819	164.913665147123	224.39838273426	143.068989876798	44.6750676156032	47.3736225124285	42.479946775293	41.4385592551547	36.1439799519086	38.3679487074565	36.8123400771205	37.9657634718191	49.4281747793016	55.7914756756133	50.8041855055579	63.3170428370339	59.2072294993308	68.8420409756684	59.0685719259563	70.0397845607231	58.5318030143405	75.0047978008932	76.6946379737604	70.930130611485	80.1751194471638	74.2568531605022	64.8188791349194	72.9598745555885	64.331437313203	82.6968287367665	69.0063665233117	59.5236911190894	64.3186976665964	65.7725654006635	72.7498506998124	76.0389475010359	82.5506022358356	66.399289051729	95.6974738338243	121.641516365771	172.089476407999	2136.58293747417	3438.97753850152	250.405002008733	182.767058724669	221.043831646102	309.409343304416	899.222840475228	557.035409644888	216.839737966918	258.186910750223	203.848252578006	220.853975623249	-413.716330538651
602.519	209.549293242269	176.376007094765	56.1994987022564	26.8945436706165	26.6122074537865	31.5718541085184	33.0855973673999	34.8369261853265	41.1638559745555	40.2103031700705	39.1857527791732	37.4989386610724	36.1474399961872	40.011023779398	51.8658322968443	48.9202171524343	61.4204346443436	52.9507217688297	68.2912244675052	58.9911857081635	82.4345054168506	90.5014011605353	80.1421756702042	101.00546021372	69.8306996525697	79.0807856035774	80.6029271489898	76.6760171419166	65.3251405022176	55.9165582995357	70.9983555626238	72.2397460889415	70.7265190766281	63.1295114623929	59.8991942137296	68.043378620176	87.8126475679124	107.510747780837	145.514790691	476.475286683946	3586.70890297865	1466.90565944967	144.989204594631	174.566337970826	217.490163818847	476.835400512087	824.319424242638	239.956329916984	235.682106033545	153.762388212636	224.12524482865	246.017577856363	848.304754160587
607.221	212.64426834985	104.053826175828	45.6894291578154	28.9667655890526	50.8089551347564	34.9942253899027	36.6679114914771	38.5220314578006	40.4565471837792	41.4097905853626	52.3316004984321	54.4085135868561	51.2368584080688	49.9711241302025	47.4019615538472	57.7695278384363	53.0802658132023	66.4084777395986	71.8891791879541	90.3358502257247	84.9042299682476	124.465785282915	132.2959819153	119.164614883136	93.9479604644714	93.38274623095	108.155196355321	101.545593968766	67.9035523618542	77.4739472316034	73.5828634458758	77.6033947902103	79.760742833236	68.2696525786294	76.4386036684384	85.1977376236577	98.8162281040156	112.318059495076	146.461092608697	1709.72960375947	3280.72054587371	283.181872213939	157.781963385752	176.71381009537	238.130029033835	678.693004323211	639.741863762804	294.658030893345	283.929892916802	232.725301273934	279.54421779302	283.700637517496	739.898746821357
611.924	141.77506093912	53.9759520789375	41.2212494259669	28.3216279699924	39.8683443500311	31.6756635584985	41.8090174042523	33.3825222345499	33.2208983953702	33.7840579480806	30.9962687060705	32.0665666155723	41.2080748862738	49.8813143375634	42.6015026724607	42.4428852540655	61.7013904163554	70.0942942019538	66.5596231311753	93.325074233193	119.868935816511	137.801671875478	135.526876572382	135.823524571638	125.467297098897	100.409903251963	114.380679868975	91.6088724860127	81.4642232125618	69.7165191454028	70.645635752612	71.0739401192	64.4218457657298	62.8695384635653	67.9004860350037	76.8792660391717	102.426355718231	137.344829212184	346.879959206839	3082.74176762792	1583.91803671823	127.880148981024	139.638131583708	178.989556463502	329.986380430673	708.538858088259	382.927529119406	267.510324342238	226.998756200517	228.937311014449	193.439129280847	226.75488803229	205.061503867771
616.63	69.22026604908	29.3034524983919	27.4563915599677	28.6373597272609	34.6690078437222	21.1882740606889	29.4249647958928	27.6919406701467	29.5529555461258	31.3851296271354	30.3920655230292	45.1117179077558	33.6885893515469	50.1491815034357	45.3141641057439	40.9778980805896	40.4211993115394	51.1537739965032	68.6544317798082	82.2123409136912	102.178839612715	111.138559788803	139.34922092075	123.892047447393	111.083641231743	96.5118454360429	86.8146846885642	88.2744864666876	74.8312582851062	70.7802842915662	68.8820132337272	59.4170015346925	66.2828330842118	65.0284500670437	74.7065602333697	74.2318158722451	125.761401335036	120.715257775797	1334.7872116965	2993.20745473982	363.354013414686	120.993253440075	113.159754298374	151.793825887292	467.812081892671	619.665756659593	255.219705682658	195.873916007907	192.745805659363	194.938545123898	294.996648735072	60.3375709283645	873.821800132723
621.338	24.7680017484376	26.5799684181951	20.6704635732143	16.940727907318	24.3773993542854	14.1535422558693	22.1479753757428	21.3034311955179	32.9297327814907	30.3402296940206	20.819133954593	20.1753413629944	23.8265477418951	23.5284208369741	34.3931496169275	39.066918627574	43.3950909678672	43.7906977019508	67.4886730348838	74.9317150876961	80.2536081842262	98.6359276199038	100.173246578783	73.5631761307771	75.5542910328651	61.5738589505669	71.6407154267073	63.2133093284121	51.1557610817326	62.0936184968224	51.138236694228	39.6368740518698	53.269419747935	46.4353567515336	64.0138932867917	80.2726003676179	95.230320376674	241.529783373368	2596.096367517	1548.82550414741	86.9250462872598	80.5191397519291	113.019885217527	165.929279479588	582.660459188972	423.727088291045	159.418683788588	153.933016396812	97.8702585772023	128.931844763589	12.9265433203773	285.810934547137	-89.5602451639069
626.047	34.5921963428691	27.2085344618046	38.3728189059197	36.4247410767908	27.6201836582811	33.0921166864413	27.098695678355	25.6767997470339	28.7639980532812	41.0602776271806	41.5558509097554	37.2963404789991	39.6922201345255	34.8991659277147	37.2858235156526	47.3315503038789	57.224871049775	67.1022142081291	70.5472169194656	64.0140539664463	81.384614560761	89.7956047284626	103.82550658918	91.86182280845	95.7379669902524	70.8758622935142	77.6661370559852	64.1172423583929	71.1268982180656	63.8576525599828	66.9177035344869	75.718267883708	70.6436023082107	57.8610934388157	72.6318783032605	101.468674312743	112.912803613108	1079.04770823631	2815.55033196351	364.803432481717	103.402453547145	107.609058387522	123.96252324319	290.497971277846	561.245925368689	251.553054361708	219.212298020676	219.478780318775	178.161593015123	198.35867830413	208.815491270703	294.701634847851	391.83001156569
630.758	29.065958646837	24.4867508362018	17.0107856735889	28.8122157413103	17.1369051678388	23.0583126646908	23.3672549332919	21.0652055814526	25.4857732026911	22.8364678759334	23.9312467067582	29.5773020178602	32.2160908282331	21.9348829714845	40.8503991130848	35.8795930589385	33.4381382056308	36.7634772901987	59.4781772167927	53.3047832476508	77.1847626329189	88.0295870457884	85.2422327235702	93.8353171521798	76.1636676219235	62.5300950346748	62.9194943697168	57.0405867719163	47.4296005782878	54.227823449758	49.8522391450538	47.7226207819092	53.7716259349913	42.5868860074825	67.1899842463729	96.6596415887985	181.215797145461	2203.22726078434	1563.9366806149	83.0335025870076	105.829427087545	101.16457653761	115.856471096995	414.303737423081	411.09462557371	214.107308593824	169.666607991064	188.259099827978	204.28496757988	137.834972527575	98.9326200374474	74.4660074464695	715.908835926966
635.471	45.8440345681186	34.1651892048159	24.6837068562634	36.45323768745	38.9935032584429	32.6828270967762	26.8278692769388	29.2083921668234	30.0569319261256	31.1988237669749	28.544389095749	35.9407396836322	37.3637383102932	39.1289697133411	55.9485433433441	43.0419301018712	53.1227652397373	56.2075656543003	62.3885737903674	81.8679599487795	100.782369946072	107.615991512936	127.990051113612	115.126275869274	103.170463520966	90.8451681122341	86.6505534900556	73.1274460352788	64.0258660492785	72.7602110385385	74.3246025904355	68.3218903481842	63.0674392796838	64.3710598222781	92.4690337129416	100.373776228151	777.826029245964	2490.65980666922	416.706581927375	93.6125214327021	100.00491772526	84.712138654635	182.779563748214	487.067504591232	296.398842631118	177.826916327461	155.884404939164	170.372287014392	202.804598284639	86.2825278805031	179.446722684151	350.17760302544	675.361122165164
640.186	23.3901586991206	36.8913423578177	30.9123339292382	32.6430282411746	26.5093590630838	21.7440268448813	28.8117111923738	30.2838167490046	32.5908039872531	27.2668910473858	34.5145489538676	43.3266407362038	44.183934481504	44.2894447560897	47.9211048247192	43.9848700033954	52.6138559188161	42.5544667459124	75.1467550563169	92.4128672174767	109.75091320076	131.585259069269	152.229556992517	139.274115015702	114.70816299781	93.7730870075904	86.2076303598829	84.7211525771488	60.5317624100022	65.1603462848921	64.1623070530303	58.7550705078425	68.8216344189121	94.1635554253869	105.203578721519	130.663768155759	1766.99785570791	1492.97557210889	93.7689567020329	98.7674551952656	89.5520826312193	116.9966991877	282.091597180962	385.533210028915	171.80859637922	165.494100474384	184.388344094712	219.113844329762	168.046799275024	120.178080331008	269.67345122456	181.681095380396	953.424861826598
644.903	34.4107970628054	21.926122993309	23.6228594433891	31.3815627133611	31.8924829638299	27.4259185270813	18.9709371417555	25.2954382698419	22.3609998928039	21.0762155430182	21.4440536087797	34.9389280438389	33.5165968867123	28.4512033906828	45.8249228803669	43.324386023504	64.5962920215678	65.3700997401111	86.6603724637299	87.4627816202581	121.365429725912	135.875999072401	142.525345253549	143.891261468867	109.325463581544	97.6341179145628	78.6263720908992	72.2716796150343	66.4015200690076	68.3123762271768	64.8954484189453	66.2604659530258	50.1057693592951	82.0713391177597	87.6655687960818	585.170142498022	2222.59682783324	446.877572284749	88.1504078764788	49.5282725295218	77.1235539478161	101.844444579334	375.245268713341	282.644064998294	147.312670660576	166.531089405272	173.246935871311	194.680581348346	168.421807639484	176.995720403236	164.999839120857	196.429948145653	326.624188858508
649.621	16.140273556847	14.4342138753376	21.1387462406307	10.9401101578197	16.6013078861074	12.3326837789192	24.9914824025198	17.4513607165681	14.0757047470548	13.8707209439138	20.9889613167633	16.8158961942491	31.1584450955128	33.7652440916065	36.3447258087011	37.4502129085988	62.0791543964135	57.7623518585103	85.3657170604275	106.5932778374	114.452534753186	148.399301067724	145.246191383388	130.926119801577	124.126026671152	91.4720608695368	91.8398671344046	66.1817119492208	58.383180988658	68.9741561822409	46.7943979413267	71.4171294762445	66.3333879348452	92.5502106207284	109.200365715155	1420.35202570659	1482.29211953876	80.4009048430939	73.035132126194	70.6616351750646	74.1225946644897	163.782201541192	348.52718371832	140.52442146976	113.136282079672	114.324435248738	107.48661888433	126.657264376155	97.1556222285544	84.3439045493222	10.2450272336104	102.81829848484	-205.058050179865
654.341	34.5538541678262	53.087092038103	28.2649220719236	40.063366752154	39.2410667680548	18.3866053698982	19.3368367954694	24.4568831172867	35.9342804637237	23.7847806411858	27.4782682329814	35.0689334022962	35.7973873555308	37.4068536650742	43.2623722431507	46.7162414780484	62.4096387248608	87.6558034010861	110.101787168169	151.934731460769	175.678747944063	191.968103023717	185.002325479973	166.891737905418	126.053694775353	111.08807600035	94.5264867013997	83.5407916715856	84.6998107341319	74.0744753390056	70.2086099149802	75.8924287013212	91.7750988795778	98.4030291529415	409.236564857167	2001.66259533467	537.897187544381	88.9671711165372	85.5176801207432	73.9204210137532	89.1277707630411	254.733095615258	287.782816132294	116.186030981196	162.765480361488	164.474837587581	163.733817306208	133.66833035445	143.222576990602	122.990013225042	291.315689175954	365.452706957504	336.391870794547
659.063	51.8200775563398	31.9604070055954	32.1106342516512	30.8944202414007	33.1225417544646	11.8234254342424	19.296386090631	25.9136268017788	20.8210148367447	14.4374931543245	24.0838939177778	35.0564346097778	29.6523632641946	42.4367268416614	41.1856796287456	43.7874318732883	55.5869527362935	80.6629951234012	106.601641385105	153.992575992504	196.755299761593	190.326478226919	177.19469139044	162.709118299383	121.817687317275	100.112144896179	95.9571589125368	85.8270957322241	78.1364732423431	72.1972805173538	65.2342274337473	68.8160609096652	95.3516064639824	105.273737888058	1154.24828890337	1461.14620165369	95.3548140545058	61.3639157094537	62.9408136268437	71.4908310351303	93.6030432159206	277.526828171784	186.797822171342	120.983980766103	113.631734913061	150.780422932298	79.3803899939083	115.71834839053	208.61738758506	172.748625282601	139.888739247229	157.940160098637	80.7670792321169
663.787	33.0735620256278	39.301768212622	36.2253102187457	21.3475671524144	30.3223897718003	28.8878052124778	27.6042031341721	19.5750100924278	28.8320113440426	24.0889746742296	26.001415606895	32.4350277483154	42.8213960270318	36.6626617949674	43.6264246668378	60.3345030544244	74.5194251354576	89.3063695542052	127.192940452754	161.712666300229	194.869793112214	187.889049687759	173.499111447212	140.93767036704	133.953315918858	109.694207790993	98.6074903906623	95.395879595428	99.136452191275	79.2440948958485	71.490108564056	93.8910601307849	91.015868389752	317.721293234953	1767.1431649321	568.434046405199	88.1527090107487	64.5978207838871	88.704049507274	70.2945513176469	161.996664597035	279.420806048918	111.075121974711	128.512504398406	142.360023914957	161.015286163718	130.957337549666	150.891486629734	102.533490295767	199.907020085515	230.544179880056	433.823156841249	917.424728350666
668.512	47.0241498674713	40.0121647834761	17.3300730708949	27.4100234720267	20.9694438116482	12.9072034881116	21.1736731767235	17.7164046295634	24.3477690969743	24.5121262753073	21.1727564943662	31.4272624076737	24.7045192363576	31.8043822184894	42.4028488235183	47.5275964615398	62.6857037531871	83.4666598810829	100.651666297979	152.198267897352	158.27239825689	165.296877326702	160.846160903109	131.31594168483	114.34650385441	106.918632853096	71.7639558601576	80.9168174956447	68.2154841520915	60.3690472942427	65.4044160201429	84.8361371025044	96.1738915484192	971.217057957536	1380.88942458845	105.469717154954	52.0988017234272	75.4142189375317	54.7175427910796	58.8063314469451	214.641706197444	179.133279150349	96.0202637462697	100.216365587592	108.539521550688	92.457014628076	121.14727399181	122.160934551296	126.282024073172	147.121794211685	92.926540943686	60.5295576864987	214.610706638816
673.238	37.6621553553867	20.1265642039261	25.2242951018006	29.6694046525802	23.8080350234129	16.8527866965074	10.6505932615838	16.1694079586448	18.7310099841109	10.055429857844	22.6315308403311	26.2417161860834	25.5160508194328	23.2697574177733	41.0898932311242	52.781489569433	48.9396811581498	64.6183638536613	86.8465918629158	129.867041567267	141.050926470102	148.435442603319	129.229683155282	128.875888457094	112.993084435745	92.007328704963	96.6970884679082	68.7050768900441	60.4952178110436	71.9793841066947	74.0628189282715	75.1942342967681	225.543593554546	1504.18457236465	610.829859091675	62.876967775545	56.5603102957278	66.6843155011414	62.6107850063688	117.872771383395	226.946506423254	121.177078979638	70.8770225401706	85.7623777970168	106.138820138143	120.370819059575	78.3494063149925	115.052154288667	163.340392043117	150.284842852509	151.016118592663	426.258576572176	-498.23803367226
677.967	-2.31331764914037	7.86142205386957	12.704658383545	0.351612134751024	4.25009312336936	-0.834905058829028	7.57321127994663	5.18254911439305	12.8553954689732	10.1291870181527	6.7051571851817	14.3317955569575	17.3580136564926	19.5337020299706	22.1174831940602	30.9629167079039	40.0344794830439	53.6054591837246	53.8654582826439	97.7109536071359	109.051649390444	117.295946061136	104.067471953528	99.4452093441659	77.8240066943531	60.0100625972463	57.5882238581308	57.7288613220504	45.8680296944518	47.2592595106155	54.1134184763533	77.9830057374841	754.20689383417	1295.1818693937	115.135803280963	43.904870596536	44.4406430887432	26.1453543299602	34.2863968989958	138.150710061391	164.947301453651	43.2968861081662	40.8804885641138	71.2234853350775	40.7670488496695	64.3012289330037	87.6934486082898	104.043061496964	19.9440610033524	18.3499625306304	25.3539717612927	-170.390955522066	-167.297546167263
682.696	24.3266185512419	20.5001352624437	17.3802108638597	2.1331836193193	4.60441864735663	-3.37683793998754	13.1881050113969	15.5337611240506	16.772464201308	14.631528058369	12.7461770657866	23.5084548738403	31.0525767741029	13.8259739230143	31.6290388953132	47.7525702289196	52.524460849332	67.577584331649	64.1227987014757	67.7718137467863	112.681557673875	118.224202664164	99.5698523254972	89.2183390022864	84.9311389681851	79.2195865962875	53.2388606794575	55.3872661499829	43.0663966876055	64.8055770078591	73.4949091847903	169.014890236197	1293.53613707207	621.834337362664	53.5457896257231	57.8579617311433	38.7908219140304	47.179387591501	58.6368364342052	181.23218917079	118.017825809281	39.5596981358938	79.1789561297038	86.0205691539539	76.2206441325435	119.81855517021	100.862955429691	89.2224139609528	100.831617261972	129.881219160364	3.66236054830099	220.530997972729	439.821093277238
687.428	17.9012658457296	-5.47678563567309	-2.28281229923463	7.51827190491932	10.2004475900404	9.06777415216479	14.7795612510873	11.3076283035904	4.2223927399581	16.9437396133676	10.3773730645201	7.78277026418776	12.9156169817133	8.61869545216033	22.5201139972268	26.1129177568146	40.7632746396712	38.6322209506656	61.0696987305922	63.3116286042468	63.6233022838546	64.4852292555839	76.7179606058854	67.7491536449262	62.1359024087513	39.7166230546461	36.1871407516517	38.0732590235311	35.6944509165611	51.4154372789575	63.9012296895941	579.248642961793	1232.9046589681	107.996081386969	44.8750642486241	31.5127424971163	42.542404922605	39.3176259737606	72.4070726494526	163.190520135915	50.5814426864783	49.927670460238	41.6246846283764	68.4911592692746	93.1998566132224	69.213025140105	45.7610412358983	14.7507327778693	79.5362451537014	4.67100217064499	51.631040416038	97.1559592436337	272.548899209645
692.16	-10.4201463459831	13.9780735847349	17.9790940145619	-7.9190376265246	18.646938195507	5.4132154102463	12.9215524101674	8.9057217897474	8.27835849427762	14.3198729106281	12.0811284465628	15.6500308743922	30.7556607835184	3.33287617649349	27.170824839056	20.4914416917793	20.6616272225998	42.0490489689065	29.3317774099021	46.7080998581466	55.0048918372766	60.9988517614886	39.3309011249548	50.7174734347705	46.3284244687904	37.5431000296672	30.6565231430489	28.542047195938	52.993793243869	54.0141482254854	114.728728562152	1096.07638719176	600.305860804879	21.5815728147722	36.3747238111135	24.6838866947862	39.6625393171811	31.7071911750948	113.533490835516	120.168575679957	38.5123111954901	45.3924231822369	24.7567077463111	43.8832409082678	61.4205749615074	48.9001788621456	28.054532870871	49.8854192461583	59.5506166407085	-51.6599220289551	59.3271950482067	-125.592847053035	-650.817224376985
696.895	21.4586785900902	18.3375436907416	23.4930338241099	31.1664617269452	23.1540690557726	10.8999530842606	12.792480928591	9.15697074734638	9.18940519575555	15.1628321890967	28.1964426951034	21.9931829786791	18.9227636867772	31.2062404890807	24.0987535260955	39.9717856001589	48.7652042623835	45.2047465927716	63.7868939787617	58.677579792667	69.7358006347385	50.2119643071307	56.5136464508065	63.3614763738767	55.4769498994863	42.9523353694332	35.2739560144165	37.5256735799184	59.4319406103907	74.7321142904606	445.530282666937	1147.00181485909	146.688331608867	40.7402497876373	39.0866695749949	27.0770237031621	33.2765729327901	60.9429824726959	158.368443594735	94.4610844383495	31.8144395499081	52.1525441419047	64.0924212464738	40.1029824793682	65.0088451033698	69.1145186364582	49.7112899909326	93.661329161316	85.65003532095	163.124607518419	-55.9969555094109	105.371456461101	500.049230304917
701.63	44.7216533905333	21.5024106651738	26.4096486410926	13.8872766564253	21.1404802427981	29.5043224283281	26.0192137917962	16.1597380713832	6.89625586048645	26.0692342484951	23.9738090389016	19.1993143778542	37.4705504871013	32.4843497052693	31.5267015031873	37.0579300413362	40.2350285299563	51.7361340286093	51.2212995239724	65.0472918209714	69.4961255976272	59.9831158481055	69.0081586991488	53.371468539212	53.4501125473207	60.9865236411072	45.4901021795685	61.3652438693066	61.2948787516486	98.2395906315832	929.853014345358	660.383418393358	36.8972591391151	40.7412026052006	43.3221459345756	43.3890854181404	52.9016121778171	110.7890108921	151.783848523736	54.4326301993692	67.6741038007778	74.2794661661018	74.8061627168497	68.5439459782333	115.923381819903	99.2942748425804	117.350251027626	106.770252609607	177.925915211598	171.651390987007	203.2878196862	212.518831964163	1165.02168622115
706.367	21.8986548820933	16.9727329237707	4.71633862724622	23.6691949918921	13.7302525128049	18.7342137202162	18.8077202598061	14.4064432735002	11.3406188415967	20.2934060332665	27.6461518315019	22.4441184384596	30.8971920821635	18.1488385167375	40.8773219869397	36.5148320341336	34.4527322601415	42.8364843045091	45.0037732379017	41.1945040492526	48.9786934894943	61.8839427792154	69.0499117335165	56.673117021249	57.3356198488898	39.9757006748498	34.9588121771446	53.1301085110565	64.7857598987407	362.255796403309	1066.27403735227	167.745295210448	46.5041821582954	31.5281362040932	29.8262219547124	22.3328701599807	50.3390107698668	140.462022513019	102.401029745893	45.1122988706502	37.0323802793949	56.5139228132045	77.5188563613468	79.0758695999444	97.8945316694761	110.145242440049	103.767016562075	120.516064965701	99.6430154883158	185.769998906804	281.915750627492	465.971703819953	721.461376898208
711.106	21.6382057772884	10.1152972833928	14.6956602176094	2.24242748829554	0.968043711656458	14.494899916524	4.9193028069947	12.0010303315527	7.93413445231706	17.1752633631675	6.84200676795897	15.2336476936015	15.6117885963702	26.2996642217945	24.5168025399148	30.5842475641308	28.8380553831507	29.2293188050636	43.0427900719439	63.5174280610342	52.0343447964073	47.0028265549486	39.6473445090173	47.6624278489211	34.9834200964921	45.0047754160895	31.1307042327568	54.7372883675882	87.4095881521359	795.472535311443	635.767671846432	30.2345461554754	33.2741387167898	40.6142595185461	25.7835163672753	42.8424399468453	54.9081339742601	123.561257973667	70.1883011622911	37.4308423632974	44.0880472262762	55.4474877987979	63.037394828393	48.3673017883722	93.2055038868459	136.694981998325	81.560241970255	9.79912674157393	52.9976857570499	60.9520766412944	219.445217841235	-86.9342834689549	800.21260468337
715.845	3.48228124534305	22.2442646306574	19.6870521484233	10.2077060682599	6.52831261452055	18.2535025043492	19.0001660003894	9.75173772116123	7.35712658779449	14.2622657928812	5.76765782294459	16.4372766569605	20.0994996331764	17.8527046944611	29.5568028984273	37.6638949187669	35.9311176834339	29.9418633246188	35.3256559331677	66.4232090611271	56.9159322427225	45.9350351638266	38.902998153173	31.8834685754047	35.3882836020193	40.1485748962044	45.6442297501511	38.794802527808	271.956777585523	972.435926602638	191.422768986266	23.3678950625227	26.7191751869952	25.500593042462	48.1229593864077	31.3428458394493	82.9069708953203	118.503799492355	34.5900315827692	30.5824856994747	43.5611094100422	48.2366966790221	29.097529929374	37.5816525580808	89.3218473553359	74.0769399259149	100.183598022065	65.1394969405407	96.4998514029405	-19.7303922222784	-15.5778848954939	263.821124662954	215.859593055513
720.586	-2.99230558270258	-1.33800640394888	-6.04177794261668	-7.95925786398922	-2.9451155939215	8.39969070511909	8.61689090348622	-0.199514663823057	1.11751453809395	5.71922793959079	4.62570958163588	11.6722997829854	-3.59820669773551	9.12422700621539	17.7104842105312	10.4509985930455	3.20982053369941	24.0136236102181	26.3548559021125	33.5125933341542	34.3210912809769	42.0108462365645	31.3613557971812	28.0655200783312	28.8251620378283	32.3432389759211	34.0530717986948	47.3777625941406	668.178668781904	587.229139843829	30.3731869527615	27.560656389681	21.5681502559909	21.3038415381287	32.7763000435032	32.973209507827	83.9339689168089	68.072273131958	6.38784383878282	12.1663730590933	-2.07954597213002	7.30989853356791	36.6183832649289	41.2303371137971	26.532172243575	13.8624085616	17.7238410664318	18.455202272619	64.4947367088443	22.2524139234588	117.127437657698	95.5079025330021	180.334573289423
725.329	7.06738508294365	15.8008703302467	34.2474952180855	10.3584094039462	7.28716400712792	10.9316014981498	5.73829715076211	4.64492476631188	12.4429081198429	14.4728293627036	10.2424169648632	6.94997974896581	14.2045258683625	15.2745075240669	15.1689596233824	14.6737318481296	13.3572173518149	21.6485397942075	23.759185870004	30.8383674382707	30.8322683636294	30.6665825379584	30.5237239812124	17.3607827293988	43.3921502083849	37.831221745089	40.9322803263707	221.889864986185	857.943609999519	196.36962069682	13.6253706618074	13.6000405730808	30.9870269911077	24.7988642242853	36.9046543395006	42.014780733936	92.8341882759745	37.304871974631	28.1729365566674	46.7972952857993	17.8921890687123	44.3954667668274	45.8612662626783	69.0774270065898	14.2674966238978	24.0545882810657	-13.1563464219123	50.294388122882	-19.9475924206461	150.162641076347	79.0393592429243	297.462328993205	-182.538729701375
730.072	-0.507956953484924	-2.27132436146226	13.5381604684294	9.65084868710258	5.99935495918767	3.97210603118282	3.46441949877417	9.95733498968423	11.8374658297151	22.5063914353239	10.6006647065327	-1.7483152177533	13.5600112251865	5.00406551313815	-0.346896013369236	9.27111732273665	25.4277831397399	31.3374601696777	25.584841120769	33.2468720549783	34.5199700287071	30.4461251011679	34.3994683348028	13.8957137705088	44.4151751719462	40.9950329911385	44.0775157276378	562.140492016054	591.351231288581	28.4305778402271	22.4988273215331	16.1409695659176	13.8184087588846	20.9752373371127	26.2567021311834	70.7241187482684	73.8124094850829	19.4310153404831	22.3069251291754	40.6450058343364	22.7692752561129	17.1815155087887	7.58578653880067	26.7893905476421	42.2245520939931	20.1703238798815	91.4644648165721	43.37794055673	76.6378444590335	95.6952616703	-27.8360523886436	164.62312950509	183.675492875362
734.817	-2.55777079383725	-3.20237291971722	-17.3524066969591	-12.8293350586122	0.671315629807523	3.07710411191392	6.51271324263714	2.04649999526306	0	7.73302919839002	-3.5585785233191	-4.92994959544946	8.85797145785964	18.7181535103196	10.4805789396964	2.42064477754154	11.340621676362	11.5461157550894	11.404634290283	12.0536340681194	13.2016824850217	4.55782559432925	18.1463728765485	12.3947913137634	9.09756827562767	29.8581534952966	175.375542113275	762.323640547019	210.829503858576	27.2003192771009	2.47823598268617	-3.53375549509427	7.8502017630095	12.7471073804848	27.9536528162899	68.4396327572223	51.6566142154837	18.6791374745407	16.8486722755571	9.98362002299134	12.2651622483521	8.65159503393743	26.101648577654	4.37499005169895	26.3646160331143	8.12526572864096	29.0880599658894	18.9302232927548	-45.940816468215	22.825171902822	-8.00947980526176	-248.683414853993	240.469098964493
739.563	9.31479571687055	16.1976167490783	12.5383645368064	-7.47227795830093	0	-3.4240814412592	2.5882476017462	-2.0702412511775	2.08723728481833	4.85549338976068	3.59986126146192	2.49357074086222	8.58736812838967	0.728280810250742	-2.12043263204529	16.4414490364823	3.70070424922886	10.9013904244117	14.9552905067287	9.93541768164142	34.2774072010738	8.38309182674952	12.5160594946698	17.796697222211	22.624307948916	36.9166540773312	495.423106488287	562.049611012508	36.2787910878723	1.08615267034205	20.0558861407661	11.4392008435126	9.02417184409406	11.4212727708477	29.4243435349758	53.5352795183313	25.9155166264351	10.7976185196239	16.5706840386134	-1.00994390693959	8.63126904605206	13.4196741197665	31.5565394454473	30.980207327818	48.1789126255609	42.1250716719407	22.0691308810759	53.0303013713262	-1.85895086411759	28.2210678408106	-16.2047940695886	83.8561226657034	673.63963918265
744.31	29.2892693460104	17.7740481499139	10.5603746842891	15.1043727758603	11.325036074256	9.75287763992629	9.51245921163884	13.600472472626	10.7821861990351	9.81483592807178	19.4045766633885	8.28077854793328	11.6980539473214	12.881208102542	25.71730208585	21.5670998417444	12.7169503869291	25.1839308157258	25.9118094197737	18.7140155694595	44.9921679027935	37.2800581400514	31.6247651230516	43.7411497203577	49.608139850789	147.738227974872	724.669247903836	228.410613125311	21.851905056071	17.9302101911184	20.2703634896114	21.3165736803067	40.8606293935366	21.9697190275014	67.2024314663369	72.4149303051205	29.627759304862	20.9167521761071	36.3668483508334	14.8007913654083	36.5299565321878	66.6365122815434	68.3442955930969	32.8025334532416	93.9101217475017	74.766831038242	66.9154135179179	84.8625604934574	118.366318796011	150.393280386721	208.820620686221	292.782672209275	378.246406383399
749.058	8.45388711391018	23.625919011371	10.2415693750228	-2.007728824127	-9.7073264835468	2.86041826151554	-12.973062993448	1.47963511651676	0.710372599228351	-0.275420646940691	-5.513313071278	8.72912127042456	-2.2872789187968	9.66669132467524	-1.44334067934756	12.5010332126407	9.82411321503661	-8.74545028429745	13.0883137109762	9.22208405374726	41.3613078610683	18.4025630872694	26.8362942795096	33.0378939107079	45.4168399327391	405.482744381698	569.725989758612	46.8232474651682	15.3404147236418	10.3505465495706	-2.19402064978163	5.10986438878877	1.84277785436275	20.6895541253761	63.2072220760862	25.8919413749915	12.5795082936399	11.9433378583352	20.3028644216147	19.5923480083232	19.8286343543657	38.1267458618769	27.6171089895567	15.0626247597847	15.8116467817862	4.19616367001329	-7.51103191799542	15.0403251932657	-18.9803205431329	65.4871964254104	132.363772152632	101.186151136396	-229.267244749836
753.808	1.07708662434082	14.9301639139063	21.7475054915761	4.09278776994785	12.7212058755793	8.74651352586681	8.32552941343952	3.01626018219784	10.8607954842659	12.0711632963794	8.7414274207642	15.5701483711725	26.033158042337	21.6004865660696	20.2281295108342	5.46076263205248	20.4117413139515	24.310557601294	-4.00211096551969	27.7290676674945	25.4800182894921	-3.05345887421949	39.9442249506567	29.8858003841032	129.695963602757	673.684671153323	244.000343622373	19.4717896677277	7.62724005115089	6.02850200275838	27.2079922904553	21.2051021965856	29.3009538342904	52.1448623840346	68.4012930197712	-7.12126524665806	11.9375061245355	15.4507827216037	37.4460309347585	10.5103471499227	28.070133832138	31.5745583524935	38.2021631064986	45.2904721730912	53.7204973380546	-12.830921543997	98.247895778498	87.3808484800416	139.290088521116	85.437895683032	143.3449011326	483.940239220916	-155.788332249797
758.558	43.3184598134934	19.1246179256545	9.3000229045959	1.25016045826854	0	13.1933923497266	7.2302983597409	2.85173651256093	8.10939286116636	3.14411652496847	8.90036125702736	15.4757817355753	0.395619173010681	9.6461489916854	-1.12341332121593	18.5334949029387	4.31342399423408	16.9142523267809	13.582920221635	33.4970510035792	9.43392284686522	13.3241823703631	28.7345768953528	33.4292338959648	414.446569830259	555.542826457169	56.5515205183368	11.2735052154582	18.6381986140317	10.7416930200286	14.4205727864092	27.6511789526529	22.9489956931706	56.9968364972435	36.0372091067511	22.6052538866363	11.7043815210616	13.3481124076979	30.6018239988975	41.2005552369125	13.1470281708242	21.6385055850128	34.119949659727	43.7691529928112	35.553197050184	43.5473641794781	22.085474401213	46.8260942667314	13.7883099219696	84.2728220336184	274.73158071939	-266.563767726878	39.6552064643173
763.31	-26.8470276111752	2.50096273856477	-19.87588413452	-16.577466811668	-9.17487432474842	-2.35506871345748	7.37505520279476	-11.6353230019216	0.250659089044315	-2.62396183441031	-1.29693631535885	-5.39021181181934	4.03539811923106	-18.8914046579366	-6.11149349384575	-15.8798232957597	-1.59992090293344	-8.4160440614055	-12.0075471214069	-10.2503073036843	17.8021766016731	-7.70153496491821	9.01842093616525	122.404929759765	630.386128893088	245.850510747793	7.55855785502161	-19.0331761090888	14.6545834577493	6.65231312484388	-7.74172903087857	-15.8410405599306	10.1436636112975	32.2546230806524	10.738498172686	0.870106817812306	2.29590642092155	-6.32141398254395	-13.3045405796747	-4.36627803434877	18.6577294963501	-11.3511740045502	3.48030606396833	-0.797240167696204	3.71948747546309	-29.982973616966	-5.30062229425127	-27.0660361920548	-118.542495251554	-27.7290441966209	-74.4366104448523	-181.267070341768	60.6737071282583
768.062	29.9209254423538	36.3507933468095	6.38331087844304	26.1714373733638	20.003134518106	10.1875787291291	15.4014889339619	12.1958771340651	20.4933357894122	4.70846305871251	10.7998265324394	13.212983511672	8.96093337525085	23.4379274358569	14.2650492515552	17.5549010968592	37.1424484079226	10.1937370542807	9.32298805080782	13.3022631642127	31.0810394955192	44.3551737287629	39.5971509732289	379.03404635103	555.963903459353	50.850528750443	21.2816546098632	34.019907986827	13.9921347559456	26.0682500251162	39.0707862617661	14.8192978229369	70.8823611642124	60.2895984964524	33.7675381156583	-4.8303593557538	39.8590377288106	33.8660192918963	27.3745245151155	45.1730519210973	22.951844943643	60.4694559981814	58.3135802666474	29.7738554910199	52.5599951660667	94.1530525236221	60.1898916567307	62.6735830641039	85.1756631793685	215.511180290753	296.112438273244	174.646428936438	428.689406054736
772.815	0.564186180349186	6.5591572244325	7.29056580780731	-0.857533367038113	1.85096237856015	1.01810898358468	12.5698712519917	2.4827629590842	7.58528990005389	9.99911109020058	9.48471159144746	6.21391417037777	16.6892844146925	0.396999980398409	9.24711129563657	8.39047461476605	9.68316282659159	27.1659846360122	7.91949237364353	35.9424703371273	24.7519277659674	6.85467867075568	117.806090156869	580.315591258317	262.545482442724	20.3272559721491	37.3194952393875	25.1986950033572	11.9856193563783	3.55249719146394	17.570655202681	45.5987757629913	57.8503908090739	23.2971297153323	18.3311768791877	11.4099409241034	18.0640970237533	25.9964605291591	20.6468592755441	22.0215996695267	25.8778959520293	20.9918003781823	16.851018193207	19.300470020855	18.7594705412944	36.9651395623256	1.33670120460823	70.6636205261989	74.9879099118412	153.83850874454	176.670944433425	-8.31119949288116	20.4007788530412
777.57	2.30274752054391	13.9005614213246	-1.39484642786435	8.7501382677812	-3.021909558445	3.809163270885	9.42325922249194	0.230306640514844	4.90194481668798	17.7050996754083	-1.0011779460187	14.2663099881635	7.47636080976559	-8.50694584498894	2.75205285819263	10.5073088778167	10.7039292304932	-1.73248449333344	18.5385993458076	19.0911701164007	9.40927890493113	29.3765154237036	337.880591502561	548.049171965786	61.0021064318647	8.71147981210298	9.41769316300116	24.0798290964912	14.6759294447807	19.332871273852	5.97627522491243	50.107386832805	67.4624535749842	29.510108664845	17.4295195680643	10.2991592140295	22.2133160708724	29.5293747928052	33.7083790137163	15.7293505506548	27.0055289241781	39.5940084079664	30.8068468376718	12.3086887787059	-22.0131556954691	10.2869068643208	-1.36394930070539	3.27745767884495	68.2444523268397	34.2489692794553	94.6429616425882	220.496115458486	666.132486859991
782.325	12.8601704568643	3.6593531965446	-4.24898660012576	4.88669594216818	12.2738034946582	-5.62593354381826	-11.1631212011031	4.20936589112183	1.83379409175775	5.48474677845215	-8.13277904911373	8.85257365152089	-12.2307603673046	15.6306011843907	10.3793412588986	6.71760353292835	-14.2130246858132	27.2670884229504	15.4454299490279	16.3243779582637	26.1483203346082	76.2295433656473	574.006574854997	265.45204914511	1.73263266463152	10.5305331751704	1.24731362829657	25.6939450089572	1.65577308195114	8.17942603887044	-1.61821802455077	20.1901211866389	37.5127057119362	5.41027545167717	15.1080118254079	10.0030935161745	36.9525127579739	14.7379795802109	31.5535057335412	10.8378733901715	13.4060417303655	6.59078808877843	20.3692264962647	9.99860680307591	6.80283944906671	47.5843199852715	65.0929265402137	33.2793476560078	98.6935982415786	-17.3882238490507	0	86.1123233801551	612.980058436094
787.081	-16.8067406759973	14.4934399931703	10.180370182494	8.66717681887328	-6.69544631943477	-3.61057223893305	5.18550878168809	5.76310905407296	2.95901139631064	2.19019881745574	8.69899665877714	0	5.1968254364843	13.5158538618834	4.91902594014964	16.2303117592574	5.15098473500289	14.9026135763714	-3.96498395567586	-0.523827249423527	15.490417793495	302.405196944642	516.823502422554	63.804348969976	13.3434823226328	14.2733434273084	-4.26929177127722	10.6385033082798	8.0759914609693	9.23882920179373	16.6164581375947	45.6103106307037	23.8652969112161	24.785942709444	14.1837371220795	15.4073167647574	10.8411999585119	9.91505156145634	4.94241876196787	25.7717893102505	-24.4030391487039	-10.1514955997366	56.0246552681756	35.934280857053	16.9645571197347	-5.95869887051409	7.11061832120463	30.7552128887837	168.184958093329	-23.8064907852438	122.174764635252	212.215925646916	130.22699587239
791.838	-13.1923934059687	-19.3057046851611	-9.20181127266597	-4.10149333744715	0.393464954528113	-2.88563549117929	1.3632742218034	5.03779320138444	-3.76233474745219	-12.1906132217828	-9.03811678193311	-12.7963299708797	-3.02851945677941	-5.48545057851534	-17.199768532026	-2.83752930822473	5.57478104025766	2.2557654992854	-19.8055489325907	9.41967756035699	49.5209029484075	531.363394853613	252.841370834618	-0.468691220652763	-12.8860963134018	8.20995585046453	-8.95675255488703	11.0532328102689	-7.64346357820163	-11.747020702598	3.32004445323793	33.5529576729028	-13.3849702343372	11.9539359505524	4.42808695379802	-4.19788972917426	-5.41530353379972	11.4693683861842	-22.4934634844597	-1.75545053203894	19.3783345203423	-0.676105107736947	-6.71638965755908	1.70948426772687	0	25.0020819337503	9.94513879230183	37.5529758994359	120.630192507052	-77.2954960802683	-98.5831981504279	-326.846545968489	-823.965093606535
796.596	-12.8278524322109	7.6479482587726	-5.42682920497342	-11.1415211818943	-0.801622317385609	-0.367438983915279	1.66647274935794	-1.46624329530607	-0.821267052501205	-3.8209903336361	-10.269193709362	-9.67131035664202	-2.2036168271985	-18.0531085004225	6.67462763496496	-8.25859291380921	-1.3105073600133	-7.35322196787503	-10.5920478699636	13.8602360733739	236.463211278122	513.576817865881	58.6039860643067	-7.63907104028729	4.07379932769483	11.0042633951049	-4.3447523734895	-0.866123281805061	0	-2.56421656117293	24.9424821972967	5.90755227583381	4.68698824352753	-8.2630473564491	9.02152347912584	11.4033776209819	-3.00895101201852	-1.0621370651224	4.47091290749817	5.36467723753138	0	4.82109849830514	3.80099349792181	-10.4484075986356	-44.684353028102	-20.6176682976209	27.4979398073324	71.2917510747981	50.4695668545133	-6.05681884051113	-90.8596285203229	-44.9931011220779	-1877.4911146982
801.355	-2.109278081729	-12.2611001917373	10.6471326514096	7.61423080945111	8.30405531617705	8.24703366338125	0.719295608077133	-4.85201140175227	-3.54481514414303	-1.92411896782589	5.50237317449955	-10.5267587499639	10.6527882622465	2.2263484633289	-9.72321774547606	1.78231825695578	-6.41071277009064	-13.0921454362694	26.9955088139227	40.036464564259	400.091055605933	233.206090875891	20.4061286475821	0	-4.2982235147062	-0.759958981221632	8.25138588507143	-8.22453940738413	-7.84169462113379	7.3785773427577	36.8593965603416	15.6634412027792	-0.367824257440799	7.13311834846043	0.389393839125189	0.820335390340427	-4.76206961393527	4.12602890609251	15.4381547238517	1.54369511980495	2.74851236220503	-20.214642698362	-1.96873637239248	3.75818411471872	-6.13677252985269	-6.28175602814224	-32.4832213742158	82.5576462738315	-64.4050388303953	20.9143207055838	53.6660827662742	0	-533.895405959808
806.114	4.218556163458	13.6758425215532	3.83296775450745	23.2434414183244	9.6880645355399	11.4189696877586	9.59060810769511	4.85201140175227	7.08963028828606	2.19899310608673	13.4502455376656	19.9645424568281	32.3388215103913	26.3451234827253	11.5238136242679	17.4667189181667	16.5924330519993	14.2823404759302	16.9810458668224	189.597970120399	411.43150502787	85.850593893872	11.4784473642649	7.00662179070609	18.3651368355628	17.4790565680975	30.3801025768539	29.9074160268514	17.5504593901566	48.6986104622008	42.333564366333	14.2063769048463	32.3685346547903	24.7782005788625	22.1954488301357	32.4032479184469	35.0661489753415	33.9251265612051	27.4992131018609	27.7865121564891	28.5845285669323	20.8091910130197	34.1247637881364	63.1374931272745	35.9439533891372	42.925332858972	37.480640047172	130.591185924061	85.2419631578761	-10.4571603527919	210.536170852307	209.738846595709	648.301564379767
810.875	-13.1829880108063	-20.2779733940271	0.851770612112766	-8.81647777936444	-4.84403226776995	-2.53754881950192	-11.9882601346189	-2.74244122707737	-4.25377817297164	-4.94773448869514	3.97393618158301	-1.81495840516619	1.14137017095499	-2.96846461777186	-8.64286021820094	-2.85170921112925	-4.52520901418163	8.72809695751292	29.6079774088185	333.637204702158	197.323819941702	8.11523026857497	3.40102144126368	-8.65523868263694	-0.390747592246018	0.379979490610816	-12.3770788276071	-10.0937529090623	3.73414029577799	26.1939495667898	6.93394588758902	-10.1994500855307	-0.735648514881598	-16.8942276674063	-3.11515071300151	-7.79318620823406	-15.5849551001518	0.458447656232501	8.68396203216659	-0.514565039934984	1.09940494488201	-24.9710292156237	-1.96873637239248	-48.8563934913434	-22.7937265394528	13.6104713943082	47.4754773930846	54.0377321065079	-37.885316959056	20.9143207055838	-53.6660827662742	-194.202635736768	-19.0676930699932
815.635	0.52731952043225	-8.96003475550036	26.4048889754957	-3.60674090974	-11.7640783645842	5.07509763900384	-5.27483445923231	13.2902921004519	-5.67170423062885	14.8432034660854	2.44549918866647	9.43778370686421	14.8378122224148	11.502800393866	1.80059587879186	11.0503731931258	8.29621652599965	18.6463889546867	130.623429744787	375.514426257877	76.2078201154159	3.41693906045262	-0.42512768015796	9.06739290561965	-2.34448555347611	8.73952828404877	5.25088192686364	9.34606750839106	18.2972874493122	38.36860218234	14.9627253363763	12.7493126069133	7.35648514881598	3.37884553348126	12.460602852006	17.6372108923192	26.840756005817	11.00274374958	14.9557123887314	7.20391055908978	30.2336359842553	-2.97274157328853	17.7186273515324	30.0654729177498	-6.13677252985269	53.3949262392091	112.441920141516	60.0419245627866	75.7706339181121	96.7287332633251	74.3068838302259	147.594003159944	629.233871309774
820.397	25.8386565011803	10.8463578619215	14.0542150998606	6.41198383953778	16.2621083275134	15.859680121887	10.3099037157722	4.85201140175227	12.7613345189149	1.09949655304336	20.1753683064983	-5.44487521549858	6.46776430207825	21.8924265560675	14.4047670303349	18.179646220949	16.9695338031811	47.2110699065472	288.242368303497	257.245789556561	24.9489887282611	6.40676073834866	7.22717056268531	17.7226315882566	22.272612758023	15.9591386056543	0	17.9444496161108	14.5631471535342	25.0871629653762	12.4081136935803	6.92105541518151	31.6328861399087	24.4027732973646	21.4166611518854	30.762577137766	27.2736714252656	30.7159929675775	27.0167707667405	1.02913007986997	25.8360162047273	24.9710292156237	26.9060637560306	24.0523783341998	7.01345431983164	63.8645196194461	106.195146800321	-4.50314434220899	102.290355789451	-20.9143207055838	169.254568724403	69.9129488652365	171.609237629938
825.159	-23.202058899019	-7.54529242568451	7.66593550901489	4.00748989971111	-10.726071450062	-19.0316161462644	-1.19882601346189	-3.58626929694733	-0.472642019219071	11.5447138069553	-4.58531097874963	-6.5338502585983	-10.2723315385949	-7.05010346720817	-16.2053629091268	3.92110016530272	-10.9359217842723	90.0580913343379	303.046357007907	91.117471077279	-9.07235953754951	-13.6677562418105	-30.6091929713731	-3.29723378386169	-14.8484085053487	-4.17977439671898	-15.002519791039	9.34606750839106	3.73414029577799	18.0775144897564	1.09483356119827	2.54986252138266	8.45995792113837	-14.2662366969209	10.5136336563801	-4.92201234204256	0.865830838897322	-9.62740078088251	-5.78930802144439	1.02913007986997	-15.9413717007892	0.594548314657706	12.4686636918191	-9.77127869826867	-25.4237719093897	101.5550557883	34.9819307106939	-13.509433026627	1.8942658479528	-18.3000306173858	-185.767209575565	-279.651795460946	0
