Wavelength	500	495	490	485	480	475	470	465	460	455	450	445	440	435	430	425	420	415	410	405	400	395	390	385	380	375	370	365	360	355	350	345	340	335	330	325	320	315	310	305	300	295	290	285	280	275	270	265	260	255	250	245	240
248.336	-13.2313508917456	-35.4359009603545	-3.41964063987739	-7.23537540789264	-5.55808429067309	-9.55281290208574	2.88935268088289	-10.174388018447	-3.56388662392419	-16.5776278799191	-13.5167895648729	-18.2296520254393	3.82068883332989	-3.35708484671042	-5.42436976904674	-4.65465868757759	-1.13542835597631	-18.7203004594599	-9.61440268289447	10.1614466244074	1.82026220593518	4.71711968202907	-1.7065164586971	-7.43678076085063	-10.9716269412932	-9.14379319290752	-6.76300595394443	-7.85864648960584	-2.61658056307841	17.3561561733039	-4.0181925223452	25.5313545133387	-2.94824388040534	0.376075451711726	22.6011628491314	19.2941258909321	28.1772757785254	38.542892778222	23.1931135955162	51.5598155558074	51.7347716079708	101.241666343316	364.502825038374	556.13275979344	705.571993840359	746.663903392992	742.189784105548	746.923492683125	867.597743483989	2037.73894123115	47415.6559148704	148474.720491225	46429.5378761627
252.814	-13.3116870550546	-14.7131339883174	-3.07178884745792	-25.0346505820003	-7.90511829484524	-6.48348581126584	0.576765044841862	-0.76161929805134	-0.569131000741895	-13.2367313285017	-1.47173796672995	6.98679471839595	4.57605562836784	2.23377506544616	3.46495533761101	-10.7209710557193	-10.8792598311557	-16.2197255056397	-0.523418722616592	17.1492124069185	25.6165975148139	18.4899755572837	7.15365763932426	7.42255387753572	14.5487044317336	-10.4952458291083	15.7501587389604	-7.17130291099581	20.5941337437012	15.9223739092456	9.18770361497819	14.8526640949753	26.9248244252225	12.1615345005489	43.4045607674097	41.3005810990961	50.3624682241219	65.9471289547708	52.6633929773328	64.8410860416588	94.2628022235149	358.066512714537	680.85479843127	856.263184428254	880.803294074144	882.978469618683	929.397702441994	1007.99269281706	1932.72812100063	40864.4716634029	179916.803059886	69669.6378206473	2864.76882627819
257.296	-5.64456437401907	-5.03904768199363	21.7812440392042	9.52669590501141	0.823301457767364	12.0749054317364	2.56794407904187	13.8150827610518	7.03876347639693	1.63706107909223	-7.64476101651022	-19.8742133987939	15.3937464401213	7.07234655485486	6.85648851907361	11.0316780602205	17.0429912310643	15.1038852640817	9.32171615893583	2.18935704694672	16.7170405945741	25.4084373979173	4.55005600205195	26.438083863301	3.71472552975209	9.02960789071013	18.6999436434396	19.0686811342094	18.6041187944977	27.5689346209176	27.2710806697653	32.84831909833	33.1902675780774	36.5437053739358	51.2565666726256	42.808860198894	50.8562792525059	56.5486319479095	69.8556263464805	95.9256498753819	301.314756184371	577.28119369123	881.814998750309	968.473201820585	921.388420236451	984.224308187921	1050.06765002594	1704.3367593616	29583.6468268078	146633.864761341	90047.7308484933	3277.1469555543	3748.74467152438
261.781	-11.4555036755205	-7.95403975145614	8.73809797140861	14.0172903035467	-9.18978461014529	-11.4870570375219	0.579064327038374	-5.86235886708921	-2.28559939884458	-3.32237493736646	-1.47760507142899	-5.69940123726449	-5.51315776840988	-2.69121605047823	-6.52269081037323	-14.2080976777811	-10.9226301578853	4.78952519883886	-22.0712242349626	19.9946066984266	-6.56648130675444	6.70355331835778	-9.74723858437092	-11.4266207938144	1.41355190830227	7.33014628066951	10.3913651547787	4.49993213363283	8.98966632862971	37.3003135941723	26.7944839157611	7.89452177044977	22.6006588851788	31.2033758419368	57.1663056837177	23.6944151218448	58.903567003718	84.9695361111291	87.1538511353191	222.578550219028	493.708967533994	817.096806783226	980.256985561786	918.496674055093	978.233485945575	1055.47542598195	1644.96986531373	22007.6264531582	119918.757522501	84972.4278190969	4804.99929204373	2750.79246292837	18393.6942745416
266.271	-5.17832804233013	24.8476925795128	-0.522788320527327	-10.3238872515321	7.6473865879575	4.28388788433588	-10.0122946265952	6.48100656461083	9.87977220796938	1.68957134201108	5.25998257689992	0.445906464207595	6.07463817731996	-12.3173977645258	1.32682814838969	12.2613393928169	-6.94328727267956	13.6398119279066	-2.67242191945326	15.2521833519589	6.67867946447852	1.04893747022826	-13.5662317483094	5.55828168561645	12.4601061656512	28.4236850387476	0.919036276151115	14.6458246618148	6.40028775957116	16.2589908255796	12.5092560222093	45.9460768392771	54.5373690150314	42.3153762718319	88.1677815262804	55.2274929597596	49.8366559481422	99.8896328709945	218.65274586224	508.25515331251	758.602015893417	951.237436888131	1069.42789650899	1024.38827358604	1040.02662193304	1568.58122919501	17272.6411415016	103404.493856501	75562.8863632254	5674.90723873463	2182.19413753592	12513.420518407	24983.2897440227
270.764	6.47673342354981	3.46916782755279	1.56929135179804	-3.93523249100935	4.67616336593272	-9.7418596807915	11.7861277820417	7.26301488375191	2.90753174080809	0	3.00747971686069	-4.01552864046	1.40266760761643	-8.67291825795731	18.1440288821732	6.13429091504302	4.63159232150269	4.87423878254918	25.6704042803301	20.3482565317572	21.718529226777	-14.1690201595472	-10.9638132286396	10.1119360187893	-6.2337330045038	-4.19613552749627	11.0349495084195	2.74771416547635	11.8932695778171	29.3738512997779	54.0897868764921	58.9171310923642	62.6873719134584	53.8459063502547	103.002647140481	80.8807127874729	66.8417843620418	179.682939218996	491.37231696959	729.392062974985	945.613435896691	1013.74642858646	1068.44925535265	1088.53741390845	1506.72779653677	12529.1121303914	91220.4537545706	74686.9224160486	6117.09065544499	1683.87540889023	7484.77695150966	22012.0857692933	7695.33826304084
275.26	13.3137192674768	20.3751417474297	-8.70473042864437	-5.77810903068701	-4.57734612214036	0.381439741452764	5.48010441173368	-3.80867784864954	11.3843577285999	2.31678161713241	-9.19976654879058	-5.24089601164934	5.4921050715638	-9.83011076073091	3.46548431077949	7.29137327656354	18.1348678334181	24.3333025052924	-15.7049588908699	23.2379638631967	-14.7181643088553	24.1433755671931	1.5331606593681	-5.44403715727269	23.4692346643556	15.5170797600509	13.5021970437253	4.93102342506343	30.0003827689121	29.6378309303297	45.9455312225634	57.2351774764465	55.1822435873165	36.4901733790144	114.362804650961	68.3530616910622	137.609191117672	422.126058832319	684.149819053974	885.061537143161	926.94918175469	1004.4514273168	1064.78617840311	1437.84029279574	8926.06506828381	76991.648804882	75106.7986946804	7229.85116496959	1489.5649199609	4410.12358066318	19047.1919236884	10867.3073561075	924.260055711945
279.76	28.9703535964176	23.1112409815343	13.4414464645768	16.8532174707264	37.2207168561479	16.6883842461434	12.0581178839006	9.38085482944348	16.325872180089	8.36635414373417	31.1266146041496	27.600280184829	43.162358054061	24.3276184086694	13.477202875145	18.3480081725635	14.5460200194358	20.8746513437838	20.3587625987027	38.7308577928375	31.2692692461652	33.9613450715623	17.390428936051	19.24705221515	18.2542818567694	46.146657786665	42.0078309406718	21.7916553916097	42.2279078338182	64.5117332332305	65.9419087287515	86.6558213917888	81.1198208215344	79.2766555885673	152.033522466348	124.78417644018	352.397507758311	654.625425608505	880.128990078876	906.734336742685	928.143236366307	1041.07691211328	1286.57050189099	7242.96036169264	64384.7665552817	75484.9780796728	8932.4541411332	1720.54092878094	2929.6102859062	14560.5159661436	14338.3389081532	2144.15951053664	1280.51563702829
284.264	11.1460601214359	-15.1874134421324	-12.7925713799778	-18.7129155123934	-1.925212853244	-18.7063686505252	-11.7429061106546	-0.469894818972693	-4.21362813546775	-18.3749425027026	-13.9607366515348	-4.44533670633575	6.35238088419715	-3.30760315350975	-18.8390712151577	-26.1934091148417	1.25852932084905	-7.06380239461431	-17.4383636459408	10.2392101638017	0	-12.8336909358393	2.83730055068299	0.45794790383116	0.43432677476038	2.95608416694982	7.49623808963014	9.54025309679786	23.2021216779729	45.4341358470046	45.7530553830548	57.8116620848993	60.8643921693875	67.1126617850134	134.328072204603	294.853208424875	538.635360320253	837.649284789814	846.210688716482	867.534447921308	892.488462891465	1081.25433764675	5239.88201754328	52510.623438257	61234.8163509288	10574.1863437409	1867.27782942622	2192.19519723242	10580.3755879322	15609.8317718146	2856.17450045067	451.548510831305	620.040232913949
288.772	6.10058259152279	-13.3678150308677	24.187929282366	-9.26671257649527	1.45606105182737	-16.6837805674187	15.1385753925552	-0.444233700710505	1.99176022426576	2.60572208249629	-4.18483824518135	3.43847072811547	5.20474514854585	-5.47220415626423	-14.3997871332543	2.62637645472052	0.79320040014592	7.93017927773245	2.28972897053739	8.22803685803177	-1.90742908064434	13.93029622078	7.15294556861872	19.4822644827907	4.51668843636986	19.9617956443774	15.7485909777938	21.5677874788901	37.211238417908	82.0362877942203	78.0877071509339	89.4347137031539	79.1665515053282	85.1222676419074	294.818299054197	543.736855849474	750.429911909623	848.160512397666	839.998772456588	904.983402202993	921.030572592685	3412.34801248104	43468.7244146955	49718.7043225008	12081.7262318941	2032.97172676761	2224.33694047193	7343.44072595719	15817.5208225823	4925.545126292	887.021507758371	656.752755060751	40.4261808116758
293.283	4.7844766044491	13.2882562581766	15.0274840127458	8.07507021888632	3.48925647940842	5.7571861218925	0	14.4778382102682	5.72758588046175	4.71788993933286	8.94842539264592	8.42294486674915	17.6533547383311	2.24801293696865	15.2558027826446	-2.87714813700334	0.380159833573604	-6.00114283300322	12.2909486973655	24.1248127199178	22.8544993710861	14.6450505365719	23.5689875477054	17.0146914423665	21.647285149608	25.2572949770399	31.7010975296395	31.9503140692716	43.5533743092679	85.312226208823	84.7574307342551	108.807795874273	98.4652080659628	194.540470729976	683.008281927477	848.59480342507	788.990159857559	798.714062828054	944.470507963729	878.862522066167	2087.44199215674	35751.9362946341	41622.5260159939	12850.9802184375	1871.38449566143	2209.92937207841	5139.24016569563	14770.9459220956	7539.91806079536	1361.01926565768	1033.6391818943	1290.53285130666	1801.89287031335
297.797	7.20509717494414	-17.9182029531322	4.57225871537521	1.56349387489422	15.5385541758887	9.28921255399969	-2.10721790570685	4.74070054726257	2.77243578052366	2.95536720711974	2.98722891653997	15.9539606571281	1.85763036705897	-1.4508664165805	14.0658391819967	-4.52621802168751	16.1934276898615	1.1619403680009	0	19.7621032710971	2.65505082768643	6.25493927354912	12.8605579974388	12.0526170167731	12.574032233308	15.1896105321838	23.7480661427223	37.1172898767502	37.4387141435383	82.9497917074947	120.061118449156	134.064948094645	194.590160776793	391.296886280055	1268.2536821253	944.872341528911	736.421025367293	795.989794046742	868.295225831822	1585.33427512313	25363.3928186298	36442.5553648212	15523.2717623875	1579.18535958761	1926.88968315054	3608.88758243122	12478.3989008996	10336.4406951384	1969.764298454	1092.89445175278	1020.84001444443	708.480735558081	375.142177546414
302.315	-14.651706373925	-17.5902840801948	-15.506011787793	-8.82556323095459	1.32645086682211	-8.81523806800152	-3.21790616739451	-7.28443026445312	-6.57743627123662	-2.90128138801112	-0.293256000012688	-0.696088406477364	-13.8596191415543	-14.2431428513338	3.10689493969268	-1.02539636564387	5.05815982037103	-6.84405502410358	-30.0371106175884	-10.5820578548987	-18.2452274371286	-16.374582356484	0.814528933893095	4.73281741008006	-2.99246457810729	20.3671007028786	30.4868266141364	24.29200721846	36.7535527477062	60.6331552437003	108.10002148093	186.623631525644	343.007854423499	648.363804924405	1764.3386423284	830.002185995819	703.494323970703	737.18275510213	1221.41100566325	20777.036527643	33029.6102790326	19353.7095231333	1182.05254787979	1471.98040607463	2470.5069975778	9392.18464133834	12115.0235946017	3235.13424824354	1397.27735990577	1060.35971926686	835.791636601197	732.9081899948	423.518257627696
306.837	-8.56510990932794	9.89520366273398	-12.2076361909768	6.50515016599599	-0.330692988361066	-10.0033116122708	0.229212950002362	-2.21962488204343	-1.80943275650297	0.263021334538957	-8.7732796223064	2.42955231499961	-6.18315923569597	9.94254763197342	-8.60632767258382	-3.74935890030527	-3.24265564727285	3.41253651384876	-11.6487010298924	8.79392375190896	3.4656427186124	-2.44937511433191	-6.09202377546757	3.93307577851546	16.0398867315758	15.232959389944	17.1683414721219	34.9119715229915	33.0932073265943	89.2913211140317	167.959675670083	359.365189716506	604.124441311094	867.457568549666	1671.89958387704	731.565026086124	692.877059802892	1052.69340950581	16305.7825653227	30787.318580897	23330.6704012981	1070.36572517533	938.885446889429	1632.66922270551	6196.31381928392	12429.9458444476	4814.69709686525	1922.82092627666	1387.98021144702	1074.91746649903	722.870439886402	812.912510416344	1009.95215662462
311.362	-29.6884059771558	-13.4764083090779	-8.53454686817937	-3.05737874188704	-12.2201788018764	-6.05495197806906	-7.3255456417999	-8.06116369719844	-9.93930430450504	-9.98218060632467	5.25731587434439	-0.69328062041398	4.72232324759725	-3.1917804328655	-1.71909042914974	-3.40420087414543	0	0.378691578469482	-24.0989605562003	-7.90453004959582	-0.432657912808009	-2.85399324160578	6.48994718923429	11.7843170487896	20.1176593947132	25.7184145432027	33.9360710324638	39.1373876353025	47.6224308189839	139.034176075285	327.854191633125	669.62056044033	925.714192874563	878.160783225582	1197.41538350662	713.077096678723	888.185360545903	12143.0263295283	28835.4543453074	26536.5305354915	1291.95225038513	690.215581391944	881.399535408503	3782.09026091119	10915.9947212678	6388.08339292327	2241.87744437414	1734.63900467084	1267.09744766765	1046.09598892707	804.804494294294	804.436771590656	953.65722782968
315.89	-11.0590783883046	0	7.30794154960869	-4.19965221550128	-11.8779016281353	3.62930394283475	-6.17468989632034	-3.22121059435262	1.12832627665093	-4.72362833158031	-5.25200896186424	-3.46290399752239	1.45155580762199	9.91995990760386	12.7084278962862	-9.18206430830335	1.07842963412679	-0.378309314380365	0.415079900866059	21.0574691988832	12.1021928517145	3.665715845512	15.8032777914601	12.1648356125563	15.6312737379635	32.2060332675817	24.6234233915299	49.4055042135966	79.8823194286821	383.361001238593	644.984863947321	1340.66063708927	1312.26315914425	797.976739067524	955.632929109626	884.305604527989	8129.29465992968	27370.1695592005	28822.4095397706	1617.03902570152	614.74369277266	607.50061498344	1858.50688954218	8593.67577754408	7373.34062963286	2399.46290377916	1812.85137293342	1488.79916428519	1220.73939391307	867.956869782887	630.582037187479	721.774077338028	1080.94192046032
320.422	-11.5802706290286	35.0593219944577	4.06646629797732	9.17754453496081	17.514901943877	1.21170445071039	14.2016136645384	6.25108561803109	12.8835091670391	15.2449436887341	5.84490647472115	9.01796233319761	28.350646466885	-3.90336521910001	-3.78422898297292	17.0310407301927	21.9631693817724	11.3674461681944	24.9446590355443	26.3639697351866	36.7976073477432	15.9101953363826	36.5274785121032	25.5477421742501	27.9576690042088	39.8689256634508	42.1770272811808	87.2210352847368	248.20937909698	882.122904349588	1425.13012292466	1964.24504143083	1486.15302541503	775.641358400459	1225.92437585384	7052.18332124409	25896.2813783296	27410.4887974084	2313.05066018404	600.370670081276	532.478810462436	902.511685276577	5815.40932567099	7721.13034687238	2548.81775779389	1841.63497434892	1745.5043832235	1501.19021266961	1089.04599057087	809.391293521974	1065.81049899104	1334.0656263267	1688.23458416103
324.958	28.5746691225035	19.479860777746	12.1686618561423	7.49715531013863	3.06903610749832	13.4410381944981	11.3452714087849	10.1957101670394	2.56554506797137	13.5611176319813	2.11092721253804	3.22110755388651	10.501565436649	24.8990664035124	11.004595005064	6.67809252696659	8.9166981580424	19.1586709899732	17.5888654304825	22.2168908773588	18.3152208456404	32.4137499638772	15.4955343258268	34.4735288293035	25.002342490351	45.2537805009176	68.9704744689355	198.737611446336	466.375753755187	1470.66935029592	2202.07190376916	2069.8226152705	1288.97229730716	799.2584361841	9348.08803967326	25280.8396910537	26696.2272574753	3128.6295449686	554.481002853368	521.318242224277	604.019317893564	3567.27761827477	7748.50888178475	2830.09187551934	1573.0422991742	1667.6869092716	1588.59483485963	1338.0777837267	1077.17035992428	964.079322610714	745.409575627384	1022.8299870621	1325.47229100664
329.496	9.51445841826376	24.5376489267562	2.98838062323134	4.01454151488115	11.4489715191927	15.901108850889	8.89750873619611	12.9135093962327	20.8815475624559	8.00233122451981	3.37490032080514	14.9293060167303	17.5528196171471	19.3718251719901	20.5863936273528	8.93988405624653	13.985809047772	21.0832818951712	33.1711561223662	23.5261263201089	18.1794751579915	21.8424713740912	40.0521406455146	32.5976996362347	37.9605174872378	60.8811048057667	183.119450184799	409.624950137257	765.309881809061	1702.05968755675	2172.1723206561	1492.77777011684	1125.90120720398	3665.07772085707	24411.6859219541	25717.1141589973	4245.02872117677	562.74387483376	518.286012324029	480.956302731403	1976.06381833484	7025.56393852543	3567.45385792646	1198.03566297307	1333.09742156115	1489.33415101581	1377.49256167486	1140.72434945752	968.881141737532	881.197974207412	733.517012108221	852.847450740764	1425.59899177759
334.038	-17.5550818650287	-20.8958303286966	6.44475604685602	-15.7571588150788	-16.061559787723	-15.3629987581158	-5.56636764333757	-5.75248591389682	-12.4182587614404	-9.99766034133628	-5.86677209919804	-15.758017225955	7.29659113015537	-12.7474543742022	-28.3515868423948	-5.39834316515824	-3.0433591657917	0.800699751047802	-13.6171449926044	9.28512160570398	10.5202615581132	8.18959739109214	6.86112313315154	13.7041200413096	33.4777812681513	107.991357994284	330.445664765855	655.99371705668	825.074467214793	1284.27057172329	1447.00233430489	1068.29231529108	5958.25690412278	23640.9294975844	24495.8409206867	5512.21236166744	518.945975510867	455.204885361669	406.992660303541	1033.38285055423	5451.75150414802	4644.52019952162	866.337613519428	841.13086260414	1187.28528732167	1245.91203275258	1173.72583360487	1015.11149232989	778.551091156756	638.74414248976	554.7099003449	598.460928217234	1163.30678749531
338.584	2.12292669994123	-11.3711473455277	3.85783653524177	-7.25557605719226	0.34835012896561	6.38632244712585	6.27774235048189	8.71488669558973	-3.09732517450771	2.21652152376	6.46920629348647	17.5493259904033	3.44822033031839	3.36645758687031	14.1427369732156	-13.643912162496	-2.27719678105226	1.19824890612349	34.1825973476555	42.6119605560971	18.7097785367269	12.9007896597897	21.8188318610412	32.3160227842972	113.559029742116	259.41540180437	585.502978478273	820.331607896126	767.299196081684	978.361454954482	1012.11478814667	2923.08955292525	23082.3102984057	23554.8770702908	11005.8445932651	484.111502112153	445.139805923545	396.627768173822	593.560150088979	3838.48765195017	5497.54068681748	1204.55626570912	525.188286402781	819.548566496688	1010.2712705084	1108.40021964088	1073.09265711793	920.813696283565	742.467845790171	653.05436112553	665.764060923366	652.058244771241	1063.87790606904
343.133	1.0604896077646	-2.36681581858708	1.7130211186249	-1.6108711320736	-7.65667247589638	-1.27609278025441	2.89476157452927	-2.97308508068755	-8.3313025857791	-0.27681102242003	3.38552327847323	1.09582668566767	16.4597171447345	-4.11078474777362	-3.98531777379384	-7.53313978782199	12.5130927663615	1.59619957673771	-1.75134562351427	45.812110238614	20.9722021572451	22.7704871903731	18.3793940296544	89.8223576741376	229.657752329916	485.146549472177	727.254856038602	767.090016926602	744.125489302214	984.493400023896	2150.82952610178	22853.8737697285	23091.7808409703	10029.8694452671	590.682306531956	419.507437397573	375.242163663971	403.619165147029	2337.20777409098	5526.71138695816	1928.24652751414	380.068641592116	454.174345345447	706.457229993965	891.529017977276	861.531692596566	882.765152814132	746.816062489392	566.801147571853	534.06621406165	532.12265339312	423.841493754243	386.509799581806
347.685	20.2323054190365	2.37656566024102	7.74034975691465	-2.02188367673931	10.8333914817656	0.640674753188982	10.9000733684863	1.27942816412697	3.34624899410378	-1.1118052618938	-5.56276839590434	3.66780275040329	12.2995506369659	13.5088975005324	5.09311709342012	7.92437039640666	1.90373319666417	13.6235870594531	2.63784015344851	60.4051280306043	21.0585948746512	40.5517556292069	84.9793250930167	258.523755113586	433.219793240989	647.738118279716	681.11375160871	817.308243335069	736.661722841248	1681.75908828398	22999.5738000705	22964.5293068533	13599.9046028613	514.152604330684	434.350322988272	381.176877763546	329.689441508536	1307.70321885413	4887.6206393472	2829.97966027275	434.078566959572	328.313332327166	428.245701041705	607.921051759499	767.189515711727	835.541338914111	794.487805200708	638.013368888045	605.423219699723	678.918345833532	379.86433931705	1056.08740799735	1552.40793950941
352.24	-1.6193054206061	-26.5025853606261	-11.334625288483	-2.86965667536361	-4.95994109117285	-0.974259408641437	-7.12132234675333	4.75590396397541	-4.60393897206248	0.845348385889637	14.7252294483487	3.71836236804469	-7.40352601362616	-21.303510371259	3.68808875990171	9.4942611498168	-0.771990246912283	17.0611218218367	2.2285016913786	40.5111570487582	4.1769550986014	76.5359708302818	247.139499198632	412.513819100813	619.823638895591	628.302097907212	660.614136324764	760.639883810335	961.063875540103	19363.3466873232	23345.6750704391	23310.1032220749	632.558755579514	351.32883545961	399.006380431649	291.393477411122	678.636731624038	3837.73664764656	3753.08231513859	631.009558268578	259.322377601239	293.967325733843	371.744229066271	515.758803739933	646.198312526229	677.005519494281	648.436313081131	582.433925702417	385.299660910606	441.88992976495	296.231277835078	279.646153270725	472.142232416196
356.799	7.64097221662693	15.1042900281381	6.17127536096208	5.80327307058008	15.403875798687	7.88093354646577	8.19388107661003	5.46466412558077	5.88031063481886	0	12.0381812884322	6.76764058367997	14.9720639096214	13.8477340956795	30.9522715448422	16.6154997792297	21.8566156319881	19.715718144975	18.9280260075222	62.3965477194633	53.4977132430683	227.302250497975	473.390096214158	630.992124089692	610.16368292833	633.339532719798	699.360142253528	876.785162813326	10608.1806558626	23903.6502985768	23645.3959704246	985.071424516489	383.460815538171	338.179966928652	339.961362076965	410.21112429528	2523.51562866888	4211.72715055442	1073.79530015834	276.484701153845	279.806634870596	276.3626087565	388.099934337864	496.672850292448	603.625427285292	588.302195317002	596.291558140299	543.980402020828	462.030476287388	560.548991671455	654.69251040338	605.919791916401	1113.94232189936
361.361	-18.1362996833571	-19.6251404002939	-0.887750741356572	-20.4529148189758	-2.52507191429696	-5.29054685616483	2.75031577883867	-0.440217820984723	1.23359667508335	1.14762947261883	-5.74201002576491	-1.51439417688861	3.96745705350255	-2.71136767179224	16.8982257177857	21.9364863165731	20.4367762534612	18.6122139414355	29.0435812377035	94.0068490398024	188.07349619357	387.858157792434	789.457499836752	621.228827522834	597.730424452791	640.124184857784	750.659348650476	8818.03459872395	24355.2550216527	24060.9240274365	1271.86839238871	399.954234725789	334.085962306621	277.270649542046	342.329021952046	1486.87442521239	4079.6996494547	1712.90974754695	279.475394690532	214.161752320348	236.605910334333	253.550683279689	321.797455904329	406.357190567169	443.797459519873	453.011324366798	423.69022471347	432.284899347533	394.278208591654	411.750690565191	430.883734906144	178.974317417704	420.637638683116
365.926	-8.82020657512086	-30.0197206515194	-5.34276810323894	-6.28021365972704	-5.42738963508208	-9.28672626058604	-5.76821901393642	-4.19483859924923	-5.19692573894991	-3.74118413888801	-1.599872878526	-2.27852721689855	4.3775281750137	7.3818974050805	0.753325414613693	2.61058070887608	16.5570273989513	3.31894105771194	41.8776256300364	259.308182020961	341.272310546076	651.679557345076	782.98057860536	586.116809329753	630.98216844877	667.47613189713	6650.15729700578	24436.6746354469	24408.9849169136	2297.81735587354	360.315239319592	349.128998933174	330.115917633694	266.757533698464	840.576967193545	3456.59223960773	2494.21514292963	426.78689502669	199.803421174744	229.315719196603	258.538854470345	241.918770182406	308.388548904063	384.08267349157	387.566059790697	463.132880410018	422.376633920607	425.778012531878	437.007693916159	377.450935266406	276.607597794027	489.602148365263	562.562653952891
370.495	11.4824928743455	0.976258713238096	-3.09130057226988	22.4251334263587	2.51220975504286	10.527195955343	0.497510232187553	7.88355807344603	3.19101381501395	12.8450666393268	10.4733960713924	1.50668018705476	4.73669724307925	18.4975307180553	21.2953898531158	15.1663493981293	25.8068577765583	14.8139259438518	139.06026577918	693.347869325516	583.443026881595	632.652355105337	703.895384663183	594.588220944345	655.004418639395	4939.03808290999	24385.892093475	24288.4522822311	2152.56238487796	356.332372286163	318.517438244488	319.916189130269	261.566949434751	460.799910863104	2494.80725708885	3126.12523870174	677.158210521875	276.367065463461	245.104915737002	202.949993770954	255.301716714956	268.256073873502	312.001391533338	384.072931853879	387.138062225877	437.702713912825	431.876384726998	453.372625085039	364.810953415368	453.060298050779	454.410242714698	356.125323459613	159.426667943645
375.067	15.8021457277198	12.6476386814991	10.1221368611333	9.10468933254684	11.0871705018617	20.3261718493984	10.1638220578939	9.38403028652567	7.09389089709338	1.70677500082476	5.69307974991664	4.12909567445264	30.6824586873154	16.5136148107578	5.95705893692432	14.7454613909138	20.2626251992059	76.6850049277208	240.267356649841	1323.90242217141	628.753423563555	590.737049958933	654.910600009453	635.076682552601	4096.41592996517	24621.8776143428	24281.3751929929	2780.98868866623	280.939507948419	307.199807009808	324.941876998545	313.181249873085	316.441442638472	1683.13329994298	3479.1723767143	1158.06170133457	270.465675088652	225.339479173074	236.300866248227	243.656458196127	237.989534380732	301.054928778157	308.894277625353	361.830195722702	383.093716098217	441.593179602984	431.677062043385	406.939048664675	465.192877992645	402.834797396651	593.824650620636	790.455509260571	79.4387036725985
379.641	12.5979204156673	-8.43486549121969	5.51134090844769	-12.7573944293749	13.4367177211135	0.315815512062933	-5.01489731917818	2.10227971260123	5.89109558935834	0	-11.8825301132599	10.4864819292357	6.06296543327591	7.39900369848882	5.37988171794767	1.06534233083332	55.9304341119211	151.694425578772	392.257852814632	1565.77140796508	503.687990083216	617.978356245215	655.005409516014	3356.39325613417	24367.4962946462	23692.6184781863	3080.62363283811	254.239174832213	216.877939018163	271.758437677618	266.286307513607	268.41276244555	998.202284304037	3140.95774303044	1817.99860031723	329.78865335341	214.110728502342	208.882062377586	246.801893432664	203.013679371384	256.552340461879	266.976010221919	277.334248323392	287.35463731682	329.873885374754	342.187783884437	317.777895527431	318.975219109766	355.86678792034	299.507777511072	205.770437088795	233.099941137559	95.6558897292203
384.219	-2.60457799832488	0	-15.1459377827453	11.8689692327477	3.41907266658837	1.56705127279739	10.9013510866981	1.66901496529475	9.12011705734791	-8.43016383968973	-0.907079424381776	11.8420120669807	24.4432084102767	36.3461310261119	19.2200703371059	37.7078222601923	134.104751911387	300.294177457219	509.277529375349	1064.23480507638	532.100401036327	632.687170365243	3255.12326402249	25534.4725199684	24217.3946032392	4177.75062141712	226.689249249484	190.424220473433	226.631340769873	250.425239784867	236.933601277603	571.866658696067	2560.10782940898	2444.84309801129	518.924018509188	250.508302705678	219.306725233985	221.742887177387	234.935124409717	233.945914582367	260.557119223203	253.805742830376	275.869646253565	322.941393127643	343.772824499146	372.610895241522	300.575300636161	417.130574830468	368.104922308526	462.639851212755	294.052730635304	493.492580568205	1101.15752082634
388.801	-38.2702344897489	-8.09166833858876	-11.3875911631984	5.35426611768158	3.30512963924489	-6.36227833526856	-0.45817633963524	3.63013617379397	-0.67816789789426	-0.788634448689264	-2.0459841679483	-11.4473685959789	22.5380693688807	11.7116234566752	39.9116212621926	80.7376654143123	246.30766985761	342.583735112486	459.041608941155	595.024538894499	512.202929338584	2285.24693653422	25487.32903673	24682.3387895566	4603.55116521525	227.645017704716	161.938017932229	195.471819483811	215.166570750962	214.674398297745	352.071486553395	1786.82516588026	2792.11619184668	796.495815456366	265.830800653491	212.08523376611	243.756653828129	239.673886256791	241.357319417073	248.224831526136	248.208343920267	260.079667619937	302.358106767382	257.762593991704	329.811453607477	315.293921421161	346.526634346891	341.744067544521	298.03653843836	327.296583540633	390.848169711008	536.677413166036	146.822160496038
393.385	-11.0823126672089	12.0442186668179	11.6748180785734	7.31908758956474	6.64144874487718	6.95760298521494	2.63050384267711	3.08763123732322	2.16307214671892	6.54007710998843	15.1026452208219	5.31088309387629	35.827563820686	29.8841470622888	84.6115275417619	201.125916994025	328.030189013864	336.149969029836	427.707115892057	592.912158979389	1829.95219438127	22365.5032292815	24402.1607879909	5671.08024784149	246.863839806317	157.821052168933	172.741635563886	188.404804779521	182.406052670858	236.682819961557	1088.15242810039	2723.54130082432	1263.549088998	288.972035409077	243.014253498692	235.080323627686	236.796501014523	259.832690290944	267.900481926801	272.725578721278	259.551071926338	274.888585858515	300.699866681273	317.214781088518	323.577781480905	267.326232985279	350.953339940794	343.424944399397	276.54166983069	320.353893401732	464.657585359362	820.226305662865	632.206790210601
397.972	0.932831380501193	2.08190636785072	7.15736321720656	7.08479899727258	0.918407399680134	3.36744287111359	13.1558821033522	1.8679963884197	12.3536020046976	19.7226436823193	-1.08290370802804	28.9174409394586	57.9134035991042	83.8241121406908	157.11365088079	259.057767860838	319.197434759859	393.837247241271	459.076282161824	1550.43229315637	19361.9990925078	23728.8532168711	8572.99172735584	257.055054495687	162.991130846811	159.819982721389	197.01223768243	174.129099571868	196.33209647517	639.154937535349	2268.88730307406	1793.57271420213	380.960900195247	230.008258463361	236.265441776472	241.664404110205	234.182853657368	257.985129121348	271.673620092959	277.626896788331	271.613707069397	280.784492682329	278.89786112514	338.89402640102	331.007647536538	319.764491065742	390.456371660749	384.084429822605	403.207154576946	485.976301786368	493.66493133993	773.258076371254	900.955028974777
402.562	-13.004479667612	-14.8120354804544	-18.1088674906269	-13.6232071201146	-6.4752811639095	3.50739091955849	-6.93631856531314	1.43677197949381	-3.01963661896707	4.6820056756551	-2.60286521736281	3.08915128991571	92.9082691961208	136.215924476387	202.836833012832	229.955868910227	271.293662186351	397.886831386454	929.032896016916	24519.5483364534	24157.5878280297	8725.28296383246	302.195206487923	133.373102227173	109.893447625671	149.137868778465	150.57719725116	145.219434133854	331.2825491284	1709.29765060086	2125.99567230977	564.605581536264	217.95139104461	182.901674697406	216.259350722651	213.911025391345	249.394128126374	253.868610423285	248.096847404079	257.310467391957	247.61674333376	261.883734197092	282.080103643503	283.742803182724	259.502482057069	268.33845163707	249.206258510186	305.605929331749	273.452525625825	367.114528230335	446.502669798734	451.374671290605	32.6873016023257
407.156	24.0138045424645	12.7038462043526	6.10579807173714	2.70197660663226	17.8048375031751	12.3075294081921	3.23699721656722	7.83651138049124	5.98903579241076	9.98257599947991	5.93679079775505	38.9058697653052	176.887156756041	253.867940875643	212.999742850843	286.106707068762	318.328550775128	676.035278100263	12570.3572474525	24302.0002265762	9562.54122543758	336.898326950742	154.859292233026	111.781871996264	131.367800908805	153.339378958893	146.167658182573	223.249163541233	1147.0170488073	2257.00240274893	897.160004890898	259.574639564857	205.610141256414	209.503627728291	216.752349499364	234.896959428468	241.855940242355	267.949443064551	282.978623120303	305.857468348016	296.888068266613	269.212779671321	272.546799486353	285.808741947636	312.64693482716	322.499675095675	294.456634151145	353.574385504709	456.216806527245	330.964273779762	631.060712514833	612.186080312296	794.177143962967
411.752	-19.244310433988	-31.2361645512862	-29.672577169416	-19.9308267451099	-35.8839843262753	-9.99951907062731	-2.58671249846244	-2.97784082357681	-2.15978641383225	-13.2429466396663	7.61601218138046	75.0227916861131	309.107725931758	270.336633264638	180.202511377808	300.032252749405	450.074880076564	9850.62167444641	22554.4103320403	23837.7197516147	400.882099756203	139.271502100086	112.467404365077	127.010876324401	124.02158406764	128.143051487207	159.593751223442	685.923211211791	2073.66318453448	1293.00336343848	277.118957380641	180.24469826323	183.339232614272	179.012339534279	211.569792321101	216.098713548251	231.421478100046	237.369466235867	257.950179792998	246.703560852401	260.157416139491	254.440596794447	275.12315929682	258.087895369333	256.728478261748	283.386015286806	236.854292795683	219.825715896081	298.085817828144	203.985912908154	267.466649352574	252.491972374702	-526.038717008941
416.352	30.1329776165679	24.5947278042036	22.2510386130209	18.6355944488913	10.7366444981642	20.7195269066728	28.2008132605709	13.7923057629651	18.5516987853342	37.9784880918255	78.2068951083287	182.670710202805	573.968944968812	250.295814615617	245.597721858103	422.563257451422	7107.29964443155	20302.4080566353	12987.8156358727	974.126161068874	150.642737977106	138.818425044535	150.598293294208	142.145354672286	155.848164127935	156.799798691944	439.446471196556	1688.06106982904	1713.81498747208	435.215052427557	229.666356442966	210.33031965533	211.320858539407	232.470799266779	254.189138928519	248.082365553988	282.421654351832	288.112533763238	302.613552245	296.071011089733	325.886141743801	289.661901911481	318.946047303446	307.268179978882	332.622047590305	303.651192752634	379.707295315979	350.817668558661	421.545727016123	529.685805832982	735.742526896586	1032.26764188588	1521.84294640697
420.954	6.32651250822617	-6.77740836896117	18.0540768178467	4.80494871971729	4.98295063667525	-6.34393843248344	-2.49443157912419	5.23645874519615	20.0700021721521	37.4307898412983	119.222650047313	174.328566301573	941.434453388376	221.75201223821	291.063894034956	6059.92206401091	18920.0684165583	12886.6260793944	696.179698968606	183.303659716553	102.628818649938	129.518663331653	126.134338291987	125.113739176007	124.905604603125	248.661179126666	1180.00170061199	1876.40294532455	662.192819767464	204.820708780381	187.47046517071	198.811202167197	192.070249608552	208.589843906217	233.212412538156	240.449303122703	250.456660853003	254.131651668974	261.839802125949	274.882066151422	270.174482578358	287.602012759742	248.529765042887	281.265080109031	290.230009285188	273.276224564484	254.336911352406	287.435169694118	360.070966521426	452.011525275266	376.966988650333	399.564022231818	92.2313265006197
425.56	11.9996127680786	6.64905271538299	14.3702390771973	13.827583702455	17.3816169683271	13.443391062052	14.8713863512647	27.0121851891648	52.1968140527371	106.277491328852	149.868555362139	182.143755945663	1019.78880740078	312.038830267308	3648.27391040698	17562.8122333955	13401.5628151711	882.51045285704	137.350655168616	136.137968270663	121.32027745171	138.129513230281	130.416428447216	140.18684383774	179.214820762103	773.258845363613	1790.97084025383	974.851594383776	263.893611400283	205.849718048232	187.918269655371	205.596698283912	220.126248700991	236.393804287285	251.340106504264	245.844827238354	272.82651877995	262.950530102232	270.102693317398	284.590967033138	275.814927630778	297.054473624542	287.546441246698	299.47245148707	294.338879843313	337.790502080371	314.101757540846	384.213427490087	338.409164704914	502.988392885483	460.662579279042	679.869412654152	950.088093343908
430.168	21.1079063591942	7.24752710771348	-0.655689328243291	13.5649712533152	-5.86145538746122	1.95378891424943	7.20213991254409	53.9737731587424	95.3041794113605	112.099698705904	135.948470588059	169.456657396733	888.774767333544	3419.02039627375	17294.1803408148	13401.6955018365	1112.64068782173	108.753337011704	89.1577090604223	115.839920026864	117.620087570854	112.154376672253	126.630724565112	131.820647623803	460.71546719879	1525.62038631735	1259.0035256951	337.243790426369	197.24324831169	182.397631970297	189.952663143855	203.929935204988	197.855941181115	230.173602016585	229.531158110538	238.342102664336	233.732232823327	253.733565597389	246.813939373235	246.759329614996	260.023758600711	285.018197929301	277.543755368894	271.852032425304	269.229666723402	301.615785614657	345.573488011669	359.626727898286	355.279113900376	386.692446916377	426.453782272475	582.836631944164	29.588701282408
434.779	30.7744974597412	18.7974422226218	12.1005582311877	12.6091444557851	18.8702082912909	15.8356747433356	45.5018927462647	126.819784554161	155.421800018899	118.378371863541	154.418541011525	240.452246749162	12097.8535161615	17970.4852288192	13866.7161010748	1301.76958339703	123.645853140579	102.08759273885	92.617402166963	132.165365339558	116.983991966622	125.331654309558	147.210989185233	288.600081968124	1203.68195454181	1490.9874588041	470.57531675171	213.303474757788	203.338151351829	200.880828683835	211.566613584003	224.63886467635	219.082474079264	232.487466984661	236.720839636283	244.668414009982	240.456682862314	265.399448130296	254.342804152666	286.786672570339	278.33597408418	278.397142079577	284.415185723171	289.035346536142	284.684840212093	339.389755733509	370.582104254242	402.439845988509	460.441727989808	482.182300358663	711.132869521379	1072.91100221617	974.036890289818
439.393	-9.65359836068792	-1.43633589234468	-1.29946408255703	18.0241329404683	6.60022834282844	17.66634401968	74.1119327315551	182.359037647389	122.065552856393	117.170731509336	185.610188036556	1634.83599806537	18309.4376224983	17875.2919741346	1747.67493958923	117.2831346096	91.1825113737888	74.7697134341841	82.0371163498255	117.244676378615	109.980296598605	99.402625483452	194.542972016686	852.503387361325	1546.78072727973	701.009250067109	222.728439010496	169.791754273191	183.519575050988	183.546981046087	198.498808275546	209.007065561209	212.583229598585	206.074405919237	224.188058766656	231.808773808549	231.60865093192	241.664056630683	240.899258413672	231.978036293896	256.406460172932	249.840733901332	262.021076659495	247.076586656184	299.464559265111	296.484441907141	325.312080280701	381.48722872291	383.793536379606	417.106459651839	457.268561555226	452.506546821553	806.296484493511
444.01	-0.795378976140339	21.3016575972151	11.8842598782025	15.1021403503362	41.5032593058518	65.5602367705825	115.430325965682	140.958173259598	105.511557718142	144.497492031426	1121.39423709657	13098.3362512147	18107.4879570956	2910.19838685445	113.854967633556	96.5870430394935	86.4553748757952	80.509507561646	104.425528130232	118.002636255892	116.602610349132	139.847231407459	547.863649294642	1424.03658489587	981.065326844129	267.101748103289	179.840139329748	188.68219151464	194.928560107591	186.190768685099	209.706237301183	211.305172116509	216.827875306151	228.331736708609	231.318206094838	226.105516297621	231.272464298318	221.005450071144	238.177970556935	233.231808420944	254.337109734316	261.338349356927	276.364894230595	271.993828396972	293.443997080221	303.379216638225	393.112174534181	370.402157504287	460.770503216349	449.885094044205	645.416128760973	682.865845242698	811.682590705691
448.63	-13.6628523614553	-6.96981682193292	-11.9807286538707	14.2311158639228	49.9630463411072	73.9826228170096	77.7862031141752	102.716823676685	126.350521296605	740.160882697617	11080.8840808822	16944.9695036175	5361.93000114191	103.171614993278	54.145605981049	51.4977497884093	53.8771907914934	65.5132240842331	67.0458829939622	96.0707365992198	94.3168816168431	327.366106116522	1144.46612825212	1156.77216544197	334.680734247002	170.574064120941	156.853006914936	165.334860595661	167.904569821589	190.933820270609	172.435699350665	173.518059996324	195.710924292073	195.279564451737	196.880414612483	196.205604520533	206.551007038009	211.521340900578	201.71741855343	195.851876482891	211.901649977834	207.329697809747	212.071214568183	223.135795788398	234.316573935406	271.494747575043	267.71174786269	303.724234561777	323.462058776866	290.527492319125	339.720431372739	98.2325782477383	85.3647698886655
453.253	-6.17429751719541	-2.75597703652458	4.67503787380499	46.6003394739638	120.563401005389	78.7069543398639	81.6348604486009	137.704506978329	526.808086167723	7836.1330293967	14114.8120757603	3955.62121470561	193.053773749102	80.7754989598523	64.3355837634842	61.3501660762613	66.5057071538935	82.4777279537144	96.548525891969	97.6639418749672	196.757839783289	842.023001547749	1317.9906997131	508.19565525191	177.422213386329	143.89586188346	152.863871805254	167.260089429179	171.976387494469	197.092529925281	188.570913720042	180.305469739328	190.243605562852	182.073381039012	204.568461610474	194.256401126212	208.92504154381	186.347515892983	213.850318091231	215.035803317795	223.117104857414	214.940846032157	230.269152767246	251.30603029506	273.222557451051	307.379293189348	305.70917824845	349.55362112045	359.897602445607	465.260827788661	505.253578616047	531.231487623841	168.772976070928
457.878	16.8158125102419	16.0354471757099	52.1648771630557	95.7863238478926	129.687073730818	74.9598344900583	117.187208267257	465.768391816471	7642.62120551007	12581.7160119797	4239.85239646902	148.487016131632	134.636400663477	63.0284558558432	65.2828398449412	62.0521354870469	77.8904733351737	77.3692235834406	94.0409251253822	142.416968198949	587.218209970096	1239.5692721249	723.967972441959	202.275446729877	172.318257862322	156.816230659947	171.740204777555	178.620343227122	193.533534565385	179.728350979027	193.349490649342	195.425271056952	182.290901199443	186.837662725503	191.0616689219	211.357557524101	209.73043148576	203.770418918021	213.535576369859	210.358858091469	221.763406017433	224.052135823331	225.201084329719	241.278159866232	247.778171924762	285.487774210662	312.706838882791	338.590934739647	357.802790075996	506.289693686295	536.344174607715	599.658971640398	1114.31829146762
462.506	-2.65299330123346	21.9922420894436	72.2397810109107	106.79143172942	106.966438689628	101.015421073308	359.845183573494	6865.88281054404	10720.6946792249	4393.94402646451	172.028960162532	71.2762687278468	96.5806912806706	55.8264522503351	56.7121455282207	49.998046382569	62.3361896867834	76.1553035225814	92.0070047263901	324.14018094686	1063.97416155198	924.631959768989	252.045166626532	140.2376902398	145.069955921565	140.506468197558	144.213524018742	160.252043930046	168.100749493465	173.4736298008	163.751891135714	172.643889060826	188.691960005606	168.85598624002	183.891705498069	183.142539409942	188.118802354319	185.975351013007	166.431998883483	174.641089042254	182.083500179755	191.056717666163	192.231799783434	224.721192201873	238.176237512805	262.086423748751	316.379925400354	318.555697308936	337.153622029215	381.730443304333	421.941084465815	611.502028023682	303.888934698049
467.137	10.8508741354515	23.048032426377	86.7311149079933	111.397945453147	123.285333117202	325.972624233237	5949.00298397599	9422.99690031515	5530.62412995644	202.559418920347	59.2906310691429	43.8187359827501	65.367155207227	46.1487993702599	44.4846139367323	51.3857945637767	62.3443285665274	78.282070261489	166.838369395046	756.264934772736	1014.7012592369	358.953723070454	152.918841427336	138.45012902475	147.376141836295	133.32847199363	148.219045895106	153.976340154321	143.759820019607	158.208883356789	163.214103537509	167.864690589382	165.443494158974	158.461511908814	166.395769071843	169.199219150339	171.623289825682	162.84382230103	175.241810959926	166.218266028872	162.642302559286	158.72826281458	179.548172168923	192.595067545769	210.323370696085	245.400648597479	276.953696537774	294.307987785301	358.357109416538	349.01751550079	278.686345329189	553.860021733089	545.482486927535
471.771	49.7575939781357	63.6463993998349	48.8841966392935	178.236250675127	334.874651076269	5663.41486167629	10641.9859105145	9368.50792366188	245.708680309119	72.6930346574446	61.8576145572549	58.833760158747	93.8210110405937	62.2855294717999	71.2942891273169	69.5848432064105	86.300286513742	128.826817307639	495.485989497428	1064.20771534433	553.302864504872	174.803747020971	137.090185221089	138.847601532763	149.280549754042	154.501744321134	156.055603192841	183.000228381217	174.400654942383	177.474784770818	175.301064359401	168.124722626379	171.684818394849	170.978060754567	175.247251651414	180.874477258297	168.798671522588	161.606614837075	173.232396368079	194.256713120286	186.505742649017	213.511690273331	204.034589473387	217.531248021171	241.358027351587	259.722911934157	298.558603835039	374.31607557139	459.527709115221	420.060713715789	483.267977402687	862.953742104176	1948.81744306095
476.407	60.6247706292924	55.7713301509794	80.6113749961467	357.684461916591	5703.05399992005	14005.7536334715	7019.28743537264	459.992122402325	61.4011389033699	45.5433761051058	40.3385987059104	43.0365214695282	76.5888675328482	53.6696929673235	61.6296833469196	74.5251458877867	84.0635417024279	282.651143643467	860.16684347658	763.935407685895	205.646026949849	131.189900516089	128.430993527155	131.011798449247	130.822661302385	149.286348914905	158.506211326248	156.304587440823	162.393461004302	163.010226856602	160.483646408381	163.296143261879	149.294392002788	157.867066872163	149.422919485795	151.105386944099	169.254231781998	156.07597770375	162.669802017944	160.255686234863	173.754155322409	168.880100587761	187.956142847409	200.263175343744	231.696336704636	258.560363865565	271.870915721858	364.243061451547	334.152593837558	377.829728466251	573.847914551637	738.708879332887	5941.53886641505
481.047	89.416029162707	71.6116428607688	198.820667794219	6738.27474844058	15158.6556514041	6999.41699648711	360.084682979114	67.4959111671657	46.7481020849868	43.4134703192915	47.4153300778044	46.6413513787338	67.7371277237947	69.5023565395901	60.3412353659065	66.7151106028129	170.77649888538	635.262615242446	831.30548835855	313.741776145716	130.984295748929	123.134340710718	124.282345425434	129.8362118597	130.222438998193	138.535721159001	138.187215048094	157.408710319428	153.072189203059	148.911628336598	152.636168459604	148.092679409289	157.064783845403	146.161072589052	145.486268275131	142.991395139548	155.517861324596	139.409184090502	146.470186539206	155.218749087615	158.798979422071	167.691216058688	168.338665595762	207.192558731971	234.904286894351	245.708392861716	270.62355547209	337.494873714638	372.217038789351	471.033133356378	429.853761424355	1067.57517841393	17970.8242460531
485.688	111.684885426464	163.869887214059	3274.69430177071	17573.6867938823	12485.8521042564	519.379141448597	58.8591549649013	50.4871390320553	36.2380092581088	35.4059747741938	50.4917560515818	54.3387625419364	50.5571828600236	58.7105087389717	60.9482148827886	103.236298811231	420.95046506166	808.613731858922	441.930361642665	141.859702628854	108.389612307952	113.190770515865	123.306560241907	116.246914593481	126.351845070313	132.139327509517	138.423725300239	148.03499394904	141.879669931346	142.22253617935	141.449183137833	132.59706623437	134.234053182744	145.101648595858	140.578902013762	141.520725115756	130.72574890171	140.926026369713	142.009652565673	138.607348580993	147.188372478391	156.364913768174	172.750805201136	202.306082816412	212.081289995249	221.296929162555	270.215071714876	281.552641910182	355.665786499004	510.244841961931	497.056295111654	4730.46858152165	27512.865135188
490.333	201.905776996087	2738.62607475632	14041.0443055166	12374.2285708183	823.723211079529	63.2924807027274	50.5455639293776	48.7840934993442	34.631886328741	40.4657572375952	38.1362616918959	55.9407514481035	72.744733435484	50.7284578957888	75.6617746109962	248.215051841062	708.992645680671	566.963632570039	186.529828042166	105.658379079595	106.955002488085	111.256243110725	113.660900761665	129.376695726121	131.175122655603	132.590662181619	143.858937959514	134.671407974921	142.861060639162	146.285495730819	142.921694921231	131.002711778915	137.249862006673	136.387814468202	138.3304577279	141.719525499621	132.118709681682	147.204163317208	139.850220387392	133.767784940511	165.819526262616	147.447005530291	152.803255858116	186.844913209638	214.215341404215	232.578477592539	277.577742568203	303.958973502566	405.154699607918	448.693882809603	749.525719607546	14888.8521043056	20515.6534868819
494.979	4063.77439542963	12277.9167797792	12641.5533732211	881.391760422235	65.8770013392195	57.0562090391584	41.9680790041241	41.9705993430871	49.6951089871564	46.6172096422324	47.7623306974156	42.9590680417276	63.1320347970527	60.3347566331144	155.05754934856	529.973622772234	670.770260985143	252.706330432475	112.430920234196	103.370749212896	83.1256442148731	121.386395585505	119.276430731716	125.303009668704	140.422238532202	139.18941590753	137.264528866617	148.717845853338	140.209718946473	122.037641308705	131.415783822086	138.844356124855	122.303854287177	141.588675054428	137.743312374902	137.667713220325	146.886433943355	136.920526966437	135.76337819813	135.882311811603	151.569406594581	154.043736723083	158.259577180674	191.507892398462	220.266047215845	244.203228736197	266.145967467391	304.910578349321	443.411337074996	463.198470815295	3810.08866559146	23891.0930350492	6522.58551268126
499.629	16102.8122123617	9040.51409565746	1677.44399051786	66.9341805153088	41.6964800239449	41.756103552077	36.5857168940896	35.5902115430988	43.5195796582081	38.9148462447784	40.7101205036369	41.7388484739258	53.2826567290927	94.9804050026198	349.257231981829	635.715673599725	356.866747427907	111.369981531689	92.1767422907354	101.267033179371	92.8259570582545	97.590197828384	109.225741241095	114.37563379991	133.759996353257	120.803494651777	130.342310012699	120.214704697158	129.415043057398	131.181863795769	113.797452922757	112.611818467992	120.432158560211	115.06989581203	113.823787156187	119.910576338874	96.5470087565993	120.338602921019	126.053180270686	121.98709205667	130.977575547998	143.793002366242	139.232018019857	180.658451565657	201.540078644118	228.466724541743	251.829394530285	322.200607265974	384.621192248391	553.870904634003	12264.4274631657	20269.2648098931	1365.10666520021
504.281	10567.0341387056	882.407968423111	46.0170298745016	45.2272292155842	34.2601999839094	29.1931091868691	31.2721196989331	38.2769046260229	32.6733913062796	34.7333053589416	27.52371103273	44.8206390108938	64.4828680875951	219.69089784469	562.603525640005	451.85159451501	134.061804447195	76.6286420139677	82.5590970261844	89.1813533475845	78.3830294523099	91.436372617617	100.152914826538	93.2593185266161	100.151445706652	100.288414736351	113.253960275611	115.140626392347	112.933225209239	105.925895999127	109.094514717527	107.408357614418	98.0321654525625	105.00196877788	115.294553911184	106.633890699193	118.023398530298	99.1109897278816	106.047712144915	106.714644609683	116.969467357334	134.841745749084	137.09095185123	160.983423858939	189.557982417928	185.001514008314	249.481633400757	366.372822529212	370.51426811383	2458.51645320239	21043.9745122575	8276.04962149265	174.163853940841
508.936	1058.34645360166	41.7885535816229	29.5362691247206	40.2737175911325	24.7233618144275	22.2226857390541	32.2764821005265	29.8787469431309	28.5658415315289	33.6007489648518	36.722490995002	45.5986623909006	137.280915426454	450.532775203164	540.729966304717	185.059438580856	85.2552702022826	76.786401252104	66.4335501932949	85.2136709035055	70.7492161436416	90.9678099829711	81.9521665930294	84.5024573012753	82.8513484489754	96.0888888900997	103.587013969627	114.033433672343	97.6321885289062	108.700225312277	98.9439574451571	108.87413475731	106.44244807149	103.944168854951	105.548972964907	92.4719474292368	102.441730400532	84.3357693697666	97.4912913395135	105.811521232727	102.299171475451	99.5843018493347	123.204218579271	139.358668427428	154.628883321281	181.154999935641	267.229200317985	338.534149467236	397.475162919903	8889.13326001153	19382.124772714	1315.4334947392	386.528411978562
513.593	66.1707080543789	20.4481009617816	27.896152178695	22.0906638364532	30.5453658576984	27.7807491942852	28.9459344449445	25.6277183350954	25.298486166056	31.1275686739767	31.4439690418995	77.3921780821972	307.346859400992	534.520453119667	274.505165626069	81.660641611914	73.8392092027632	65.3947785431368	64.8460599873546	70.1221702175806	76.9022919130566	75.4144192380248	87.043662177283	98.4854704308931	86.1376848181716	97.1000108421184	100.919301882064	90.7472303973003	99.8885911546784	103.501363235907	83.0608297526859	97.9676721954078	80.0001344567351	91.1968644824809	91.8178515669116	85.4476442612909	95.889649933045	95.8227918090264	94.9323138527737	117.592508344183	94.1421787802583	115.778258911131	122.035198971093	128.725208161132	164.580413034263	195.949555342641	223.544424438969	331.401888207894	1722.80152241338	15401.8606464702	9004.70265904579	532.798359287641	463.784820945451
518.252	38.3479195664364	24.5452563559106	22.4984693282067	35.7193609896296	33.2433625491818	22.4191429477126	21.231505205395	33.6145117833395	26.7971328290347	31.9175542488053	45.9871774924284	176.197423063479	494.644754549858	379.652505433001	105.302671965753	66.3262653024054	57.9506436340461	54.4523612174559	69.0054466322421	69.1430827200065	86.1639289422157	68.2986147554985	90.4032300822044	79.6403841037384	79.5501887513485	80.472111504203	93.7414988700578	92.343732474254	92.2390958164977	91.8816613527316	93.1362294781085	83.021736653297	86.9089049920242	82.2615196922225	79.6426575893085	80.5343042191973	77.3388869505049	77.7836763778084	94.461669089433	86.3473877902026	97.4375175754925	97.292649062124	99.8425978447678	108.539610734798	148.767727975564	192.110773665071	268.634440590826	307.158602626754	6367.80911008901	14092.3546850749	1733.01575025268	369.503301900854	303.261913569963
522.914	33.089060427976	20.5491858315974	32.2437756947867	31.4136813792196	38.2430560884851	20.9900842252346	30.4343957780263	25.9281776548922	25.1877659272389	42.9970884701355	103.128868970725	348.358269834069	461.382934246233	148.542200787541	64.6317932908789	55.7201658963587	52.72599354667	69.5633534696688	62.6634803594007	82.5507527385506	69.2714707827945	72.2717083613078	66.6823283544961	88.1606028538267	70.0327498262118	75.0836853342821	82.7265103097869	95.8743071220429	77.7302254317421	83.3155767182962	84.6495911326348	75.5976134020532	88.6561996021301	76.9261347320295	77.8542904896312	61.6526790943916	78.3609535860864	79.5129068957976	95.5527601147119	91.4501226404766	85.64905877032	101.986651708291	97.4720403935381	106.372607439353	155.653260538559	230.899292790564	267.918845081779	1194.91777674211	11207.3894855134	6536.66415565923	414.514092221213	479.151009967274	1468.14423213574
527.579	19.4200124721691	12.5209819426135	13.6514853394921	29.498768537551	21.0080972473457	21.8535983739544	27.1593245209064	24.9175149980819	27.768513630878	53.6943681129261	239.428508623688	438.503644425746	233.136124151124	70.2087342887335	46.1963266445249	51.0922877868288	42.4340019387236	48.1755327053968	52.2641463422684	66.5365512743587	60.6068340781616	77.8013329707045	52.1812599720609	82.8182512215461	70.5586789810096	73.005541731309	72.7618430306209	75.0139510437909	83.8188266899423	91.0864723522235	74.7129901365456	74.599149815032	80.6344924860361	67.7192946802356	75.1991094403434	66.9468362428957	69.5167108138458	65.475056506868	80.1123018541524	78.8288951424243	70.6818736102356	82.5528549233161	96.5687147672359	118.635206745374	166.372313203365	223.039132193977	257.688165479048	4638.29564237743	10587.1292123328	1184.80388450948	217.106000466395	585.573912056843	2070.93717499094
532.245	21.5907616576884	23.1295533772826	21.797379257668	18.8577637074816	23.14641611183	25.3307712759249	20.7910089561563	25.3648478283027	39.2546788522687	136.758727205126	381.394287413491	319.531609015887	84.9458088987408	60.8672365295165	45.9782215818104	48.688569943682	48.3781063731947	42.5174435596968	47.5414194357989	59.6676584313036	72.4006312172523	57.4384842558211	76.5785169419113	62.6426138546631	61.80925661688	80.0435178394392	64.630917377565	76.5856651329375	65.0621740040709	63.0205149321525	68.5487709646015	77.3718434763836	62.1409136210068	74.6638485372525	71.8000284625557	64.7541742211268	70.7374536170322	66.1383591687662	73.5899267425638	78.876277771618	79.7052302224964	74.0992799032015	84.9957615355493	130.474834651087	196.902740069878	228.164290862104	834.798808936513	8754.91074712003	5207.03674183754	344.585237072016	335.729134776894	1049.34000298107	2072.18197803009
536.915	12.70045132845	30.4506804124604	20.5151857994744	19.8430301665098	19.053820297894	17.9023812405498	19.3148839717618	17.8755371973754	88.9430862666497	281.688447833562	374.278806339774	139.485641855236	49.5097125788013	45.0110773448255	35.9511644744613	42.9605140355043	43.335307670655	48.6095825090448	50.337986578005	52.2520983371019	54.6007918537608	54.9810144200119	59.9640949019543	49.2888463871878	60.985387822155	62.9533908894082	71.3565699309393	75.1766572092485	69.9657751205139	72.9180609002266	65.368044803702	59.2667474485511	62.6631224273495	56.9841653287984	68.6630113238044	56.854592519829	71.0346882352025	60.402259019012	67.2513160438613	65.0453282901204	69.8093095805833	77.5802002131805	81.1989794518057	142.922545026274	215.404734088729	209.230543689222	3696.774036222	8884.12541987996	1099.88139175132	214.249943911681	321.480703940173	1579.18034843674	1560.58421552446
541.586	22.3865879208863	18.6745851675536	14.8202107261964	16.7237515314987	6.98549258180541	14.7937648656296	27.8823691613979	55.8527482101884	185.014713960176	362.864935090733	198.319057069038	49.2988601056529	34.9711160261285	39.0562594747121	35.1058873840812	46.1797231171638	36.7417983053557	49.7143028722894	43.031042053142	61.1730477675712	41.3370183897612	54.4163228953193	49.9955195991814	50.7083677833674	58.1461100677725	56.5357058094247	54.7117304649492	60.9803920842893	61.9480818793834	51.212924740708	47.3667464038188	53.1115532457548	54.686620255034	60.7609840238413	53.7712037827989	52.946113460318	41.7824919300086	57.5887281822175	67.3453736645573	58.276418212473	75.5637956065088	76.8098999240811	78.9280055795584	137.240938884003	184.991920366226	588.284730696946	7272.74213366251	4650.93756227106	267.234265287286	180.266866666439	572.580434128732	1406.99036864473	361.14027693434
546.26	33.9808584575525	25.0598316265019	28.936403888343	15.9899004754369	24.2430628113912	19.7779996299257	47.7221488106941	126.626080470434	315.042077071084	280.168362152679	76.9657782684881	55.7230436315551	46.3952220869643	37.2252982783585	32.5559279566137	42.4791434095465	56.2600903582593	56.9837673963617	56.7276655453368	59.633037099683	54.3065747472846	57.4602854832327	69.9681986117291	59.6849946771041	70.2794679223331	63.8129372976986	66.0769739745289	66.3352722009985	75.1295693318055	69.8404972617196	54.5549509852316	61.344439003661	67.8984227990902	55.1158641684802	69.3466222191921	59.8764269788375	68.6742371255426	60.5214278531783	66.7675358966224	66.5679869863752	71.0573082152556	100.994791619888	124.894231065507	174.363052926569	211.906229837692	2774.47801473296	7865.5000217269	1136.92378811285	272.930313909537	324.371306915013	1207.55780930978	1705.82471834652	161.540661676867
550.936	21.2115359386094	23.2548391021324	12.9238533544843	30.8069104001138	14.4108713434012	24.8522709112194	85.3263031192264	243.678885122651	318.244336564135	125.303711265384	34.9920167684493	32.8134147025633	37.8785952811079	29.1122565808795	30.5121181282341	39.525486507612	51.6265726569538	47.3298082206907	45.784553017196	41.8943689351478	34.876551919897	41.9113927970013	43.1962519087474	48.5134351955501	49.0417643752521	64.2923763314827	53.3644106259146	55.2561772676275	58.8731363324591	57.9020096818475	54.9648329636536	60.0101561183238	54.1567741979537	58.9675293739133	53.9761743941984	49.935158909649	51.2068440915727	58.0725115571965	66.9294301054448	69.243307685765	64.2385683937373	72.4418528173529	142.94951838505	188.901470839578	408.48523001981	5944.57813477346	4444.98940910182	219.794159929989	226.925979286033	437.59087065815	1362.5093744768	886.86277824918	54.2514493830307
555.615	21.9876649076381	12.9750709880643	21.0693647906924	22.9264336608797	13.6979662824228	54.2610636711041	188.871931035815	317.61543701212	173.489939946435	49.0269184559309	28.5533932746679	22.8486897587442	28.5174345908817	36.5087974642503	44.0521440544177	34.0362086167242	46.6379497049897	33.9362028393764	32.9265572921557	50.4112512774507	41.9766886442224	42.8780942165948	36.9503469921878	56.4387157721934	45.2501234852421	47.4844420543583	44.9758216201413	46.9041619178818	46.0613899808664	44.2046068662076	57.6167814102751	47.2559565755202	54.7543709404727	46.6069382105842	55.4264521393749	40.1795408883829	41.5133206563612	43.9406876288665	55.4585284699105	58.4521043429327	56.1934381099315	83.0306567845564	153.349388113831	172.218705667504	2075.66952442964	6760.30719454928	1143.92589458815	164.02662483528	255.328033711437	728.52752573851	1268.06695292178	204.10898004006	108.660369502755
560.296	48.6564343958506	30.7399242300889	37.4839126710379	37.2385369234861	51.8346715427424	143.894311276168	293.214340305927	245.385269122362	77.1219595178055	45.5260327963887	48.0115690561603	42.2848672982745	45.6626511935383	39.0404013019579	60.8650151465255	49.8819547805328	48.4450943086405	45.067938094648	44.5035718364051	61.734425809217	58.5703876078793	73.389229067285	60.9445127024416	59.6039978470963	55.6982830486208	63.8551969578564	59.7836645359329	53.1933405925698	55.5121585920547	63.7203668206058	67.6818306301126	55.1978724872697	66.4578594203884	64.3610471346376	56.4923188368909	71.9965490588784	62.8452208110813	71.3872169400993	81.3256464800252	66.7260158576449	86.4053047997264	127.610303414189	176.344976846347	381.580300219653	4775.58587537787	4181.21966020589	310.670591875816	229.565293915347	302.076876057025	1205.21428332774	897.932542337831	465.381917029911	381.952231477535
564.979	18.8837764128268	12.8121047127621	14.9465593092868	19.7921203046319	76.8460425571509	225.866108111805	267.695721702636	107.696532238838	28.1446191123396	35.6865346951498	23.2370722534202	24.7164814810745	28.3550015536431	25.0208655324554	25.0313590136856	39.8587572743181	30.5190908348222	39.7921733276203	30.2500452299255	32.6304243025749	37.0197497798473	27.5411066231673	43.5352652062315	32.7257884948142	40.265227762133	33.9844177257631	42.8984809916962	43.5282021471048	38.1440475810204	51.6495366483553	34.9299144018808	39.8218941706494	52.8596329629174	44.8173448815248	57.2828580531455	41.3048481277059	35.2651036215487	50.7517925381183	35.5148274895173	52.2461588490864	70.6938859163159	134.717586122081	158.69472870168	1713.62390296607	5941.75346891541	1202.58478957407	222.389507452949	199.474480121747	443.00092539412	1294.85022941158	527.065032757053	-33.5431146097576	137.64896106911
569.664	16.3587725196039	9.1698885933767	15.0558279126905	51.4311986485375	159.809723274368	272.151010502671	144.518639639937	41.9003674972846	30.7413690778108	21.8465016004487	11.9242950995716	29.6145335994838	39.2731544869258	24.1312821245643	27.2938880770806	36.0321854221401	33.190698432813	25.4813857792065	22.6177918450661	32.2049532541373	29.4397792683369	31.7496918232326	43.5468668751744	45.438290483572	36.3346340602807	41.3533007537321	33.4893739739998	36.3145198450013	52.6635609842483	51.4962376940596	43.062573787755	43.5213124260395	35.7622855591975	30.2768777928978	36.4136507666481	51.3445766875072	32.7184728362217	41.2280802958785	34.732488222439	37.4326702303561	74.7712370955378	123.716118365772	241.674101939586	4052.20974514366	3855.55329134543	238.958511512079	177.232998207504	198.772194751028	801.047730593041	930.575945691725	170.013132902703	247.781127347045	554.621040824961
574.351	16.115204489607	2.39774286810573	32.5388450527174	107.531890852698	240.256902060008	191.375747392122	53.7640997964046	21.8211560593395	23.5980186357021	28.4434212184949	14.2535552050652	20.0883524174624	25.7600658987982	23.2562994912143	12.5840842521356	26.2173151422931	29.6336119033203	29.1647785237091	28.5144164762615	27.4580103179106	20.124548595054	32.643435663711	21.0320572216253	24.5611488919628	36.3617957189357	31.764011579688	41.4031329026907	31.4708736700671	34.4161387541011	36.9451241120175	28.3363681116887	39.1345084709654	26.1831471523277	26.7191977108554	52.5458095322923	30.0587541122099	46.1982295790526	35.5935373026037	37.1318027750394	56.0692783163241	97.3569278315004	125.207606403541	1366.5896028854	5163.89033390023	1267.35117403236	166.499000067028	175.121690076547	287.637833878399	1051.52093687819	475.936688352104	195.535332401646	79.5147790323746	55.9371859212876
579.04	12.7759251040613	18.3177583069344	90.9908476252965	215.82356563475	252.075743759966	91.0753845375865	32.9363262230658	30.8556268837865	22.4200496418692	8.69068143931242	17.0784600193212	34.6709678871582	15.3715831121843	31.9241916281057	37.5630294923933	37.9775312610529	31.2846401432463	27.0964342970776	38.681137449583	32.7731988249234	44.2730906493163	31.0551508879293	31.8320714309007	37.1733605379345	31.8163399774039	40.6894901498216	36.2790106336752	35.8603061560445	35.2728068538355	41.0594869420396	44.8912374077224	34.1507326065533	43.6719588747621	40.7146719806789	39.6215836706397	41.4400790685991	50.7364255807318	46.6545559309845	41.7074909314281	74.300514361688	113.531932389371	168.591458302592	3502.81680146636	3477.98657070638	234.310844229416	197.915180934907	201.417498832565	573.858042587006	1079.0398193089	291.974316614067	121.412601728692	257.883895246788	112.881428518188
583.732	20.2608645038606	43.1314790655002	137.20420516374	244.432563179728	135.541243584119	28.8340454627308	22.1574497602735	18.4136344147389	19.2404735142731	13.6281338168053	7.91551854427409	9.93117303255436	10.9697499045339	14.5541259228183	7.72051864286253	10.2801522329338	25.3553916876195	13.1952590566848	16.7299029229752	33.6634408290326	22.781028300655	10.4181018818083	15.3899433142365	17.3371528999551	25.0970516109987	21.8776266271587	27.1071457320369	39.396255564311	22.0148894124543	26.0986098230328	27.9680279854564	22.8236548961364	24.4177913554139	28.7937861851768	36.1462948075277	24.4795099265661	35.4241203733556	36.8198461075781	31.6590788575345	69.4628975057759	92.7856074118399	872.476804905005	4833.57661467198	1176.18188033641	138.903821936628	206.904724253057	234.036958630355	921.62698495604	634.524677206815	137.257354054422	61.0956066085275	207.630150944361	113.60533012161
588.426	42.2967431098911	105.936065268113	220.782628323573	176.385244524188	52.4389886635871	26.1548353111563	15.5009229096207	18.1946640816821	18.812018277193	18.1961763339037	15.2305179418658	13.4895472148215	12.1570756290473	13.2489066291677	13.1121256306178	19.0763806108021	10.3623724804288	16.5052450925781	20.049812257519	15.7220685280403	17.5104093138299	22.847342928147	35.9893775177217	17.4263456056443	21.7466947298445	30.7298644790632	24.4663357144834	24.6454900900159	18.2557214386845	29.2387271712461	34.3289698087028	21.8614935291127	32.1791390097872	19.4801375724826	33.1603896543669	36.7562853199216	29.5115803764713	32.9348544773577	53.274953573186	88.1337661286446	126.658419784001	2623.40438176648	3442.63488248149	214.394560989253	155.853127199857	162.960913785806	367.679807291313	968.627688699341	293.607735601161	97.1573860211655	33.7754554649049	-98.5519867515986	342.569352090266
593.121	49.9867001158096	182.011380623051	203.131796421192	66.9611881423815	9.55858130406341	4.26254611668344	4.11844920916138	9.1428505497928	12.1918126325982	4.31496223916419	9.13834259816374	14.9127463939299	18.7530612900534	11.3733979032445	16.6738651856649	13.0474949390138	16.0435290637737	9.18254825237699	10.7250699977738	10.6483206797544	9.47585835667382	14.9888611465738	13.0083111088143	23.0441293965396	17.1929967445191	24.6502299114379	23.4710824539313	16.4197688255454	13.6213050590799	24.1671218583156	18.7444937317789	15.4609878924775	11.5108999079469	17.0604856278075	18.5468147163683	23.5073970893921	24.1787295612341	33.4408774948313	51.744819721519	86.6575412654142	534.545192352885	4047.58156274506	1257.99750257258	104.655538120487	133.790634934855	161.436627593299	617.10686199738	734.2968557495	190.599848289812	42.9631457589279	-30.8585918057654	-139.828364759859	-329.938256558417
597.819	119.189277586922	194.424691682662	122.488628050662	21.3527308909163	5.45796761500932	5.47954334647108	1.44117198280104	-0.63435674759216	7.6437696307987	6.82168387574475	7.5847510293914	4.63728523133987	-5.14541831209262	-3.06986308886971	17.5864385185554	4.01829911125074	4.53069657003145	12.8141536191641	10.4629974379306	6.9114531541571	15.6616785468296	9.62524911362141	11.4910444418667	18.8559675461432	4.98388985660254	3.13555448740044	16.0231771403118	15.679167473729	14.2630616922228	4.42060985624451	9.56560875943924	12.2799003732611	14.6135524276719	12.6617581304019	22.449156614598	11.6712496877122	8.75701157366849	26.7772600991263	59.6497016147665	94.1255864398841	1925.46531031754	3219.25017736854	168.846385280142	112.045296500255	139.19628990579	228.32037303707	766.921113596309	391.296071898477	90.9051947017273	-53.0465448180745	-201.794537344152	-164.12019096274	-923.64430834496
602.519	200.739990886343	160.679508440999	44.4806685238313	2.72792741589424	19.1218427741882	11.2852091382922	15.6141913752492	14.3850476568869	15.4075224264112	13.9587868554415	22.4695485643844	7.69782692778327	22.7599077324752	29.8144917499059	30.8132997026279	18.8992367484123	26.8267505918436	14.1160943221914	24.3855796615281	12.1899701048498	19.902319365189	32.0126142495994	20.9105561294005	19.6270378327192	20.6829640777649	30.165198609275	20.6819679857817	21.1636932652466	22.2671635509205	33.4147852376724	20.107711841425	33.2784372016379	30.2901660031571	38.566979850366	25.5637040062831	33.4312597732431	31.707289428198	67.1225562443181	98.010326164452	413.281872335389	3303.87831325372	1389.4163635087	83.3493375323383	127.678653816799	158.155727072049	430.966389831031	805.028112608628	176.785265752536	146.01723564271	73.2639423541043	103.253602229174	177.223153511889	523.627574073541
607.221	170.739497136708	84.4800264582208	13.0093152273731	6.11677524578423	2.90737997181395	12.8407340112747	8.42715738390381	9.03148258756142	9.40026133038105	6.93727705556975	8.88195228617589	4.7158638572935	13.0815180855517	23.2722098180057	12.6566806619893	7.90035214476747	19.8697103000297	15.1526616001745	15.6279296692696	22.842844280976	24.5830787535277	18.5978623442559	24.9945417153088	39.6083710355993	30.1119123641424	31.3071022638908	21.4403806337331	23.0630871626225	11.0918666855748	20.2298261670783	10.0056318628855	21.6458369033306	24.6751643527177	30.6170065157718	24.6084832385389	34.3576853632812	38.919891093067	77.5036147488893	91.5421541485807	1585.66568336991	2992.41385960589	237.435478485429	71.0858959264662	103.63741647975	176.943707333267	608.798626285356	509.469305743867	115.490182468897	56.3340252201803	97.9009411447564	135.756913017371	137.097415518648	-352.235785062464
611.924	110.583678442341	37.0203344047726	23.3134625984639	17.909130774477	8.27227169098518	9.29504643344959	11.4675052949201	18.2365646815827	11.1332101122043	19.7384040461371	10.8551707094702	11.2027931091931	29.642920733906	23.7824093742632	22.7787469522112	23.1037099961246	22.6772837297336	25.3951626738167	21.1494036623864	19.5143234331364	22.3723643974316	21.0825012090012	36.3773801490885	24.7551194316471	29.1972995149364	20.1939926491412	29.7277773216864	32.7711181319781	19.2383943857887	17.5875494175001	26.0963010836233	35.0222286307875	17.8349509002959	21.6667712912189	23.3483042273606	41.9408126130838	63.6029066007141	79.6583689575432	288.772188705053	2898.4226179975	1451.39771770621	70.451303666779	75.812417007664	130.64729707478	248.079600496242	688.762077475897	309.580858582188	181.249715211804	71.4588863390034	129.099555653488	108.374324160684	108.324806917965	162.992982157611
616.63	43.9866276671066	15.0466141305216	3.32019196204734	12.8010363903059	0.539644621457535	4.94666755215299	-1.68319538048266	10.5370670586205	7.01275922711949	12.4472049657404	6.68115609572776	0.849576205218389	4.74825859292097	12.4583628334419	10.3927974460579	7.5089802823496	13.8168502409682	4.33127445169328	11.5412076568737	9.68655468771117	18.3801907997809	28.9785181680362	17.8943925752046	13.4782800215319	16.4353694816304	12.4290276676337	6.12857168752437	13.3708495202376	12.1943336182511	3.44199035125339	27.8058927157808	27.7635248255257	10.305015056559	19.5714273322173	21.7925473630875	26.4653750837035	53.2004669258442	67.0032056394479	1256.9143263891	2787.36155585528	273.594503177426	37.9312300797597	54.6824069609234	90.60213869433	391.263998496143	566.112414037398	174.014733579693	129.573270436153	91.4253463675106	67.3090521211253	29.0071296346894	103.447285995833	-389.551005678302
621.338	34.3880968733368	16.2742417533615	15.7273014632173	13.2161124608802	1.90357089935319	5.73328754868524	11.4978070385085	16.5933062868134	5.57981430690773	6.4887084649394	21.8840722153234	19.9789327609546	16.7492577905723	19.2721254791278	17.5515545498974	10.6510875886281	14.5177873966849	13.4075456194735	29.0793318489585	26.3949953844473	45.9546583558398	22.8275337539627	25.7162172444465	24.2571407201965	20.5519802750992	29.526788872239	18.5299260001282	23.4360446187739	18.1423537700186	23.4156695794808	24.5924828978469	27.9812919306558	33.1770013122093	20.9025468433025	27.759398672221	56.559529572959	76.6937469004455	204.382241589933	2509.71621003665	1417.52828404349	55.1480960154731	49.4176511575319	75.1986182267013	140.798429937868	560.584796175863	353.8248275978	190.076260668106	141.177942243961	89.1701166855456	104.839000188579	165.663023062914	196.251650462391	-45.3007504253743
626.047	7.52944351961894	-0.746858637407275	3.04059928220052	0.953094614469262	-1.64733753088517	10.8219287243445	3.80605887629248	9.38169440486402	3.19232970000757	6.76953794145252	6.55557569986731	12.9672261387801	17.8163968259283	13.266565896052	15.4339818132423	7.9237126285136	15.5549285807186	10.7033584617968	19.6879582255872	32.8550070990128	11.8689991017689	30.842658048665	25.28936646573	-0.653083430835625	18.8916126542643	12.6470909033939	18.4113295079061	7.98579980989545	18.6124188352173	14.0095157964015	25.1179102941422	18.1611172359089	14.8549020106177	20.5092733308062	22.7908596777636	58.726216427842	68.181243675803	969.008688429389	2719.85645201436	315.819727213924	39.149244770922	52.7174727729884	37.9612225468592	236.724554948825	468.182584414342	161.624044566828	105.844977030239	96.212377359114	30.0094755626548	6.22636068024063	111.505078764754	80.4946502034737	-243.929569840845
630.758	28.3270072132263	18.8718263756302	6.48792462659538	29.2207708687508	19.4251731322661	7.37682918514389	14.6182240668748	14.2235517446068	14.2349385297925	14.5672235183869	18.4053403004344	22.7177172160887	25.9431261202274	28.3077352846885	25.4215725577325	26.6004601486897	23.2804257627632	12.4091283362959	42.59132684805	15.4968654375821	42.8960872577533	35.9695679499952	37.148279117454	24.7534335781067	25.6677951992091	24.0438470539349	28.2134912241509	20.6271516366176	28.9647321926779	24.7797368246161	35.8925967367684	32.3415259381132	22.3742622003425	30.6433943199992	67.5498263597446	77.3928723091461	146.829464424977	2092.23612954122	1533.5505459007	65.9011585939808	68.1472119935418	69.9341676235375	81.4675290625642	412.401150349576	365.245371211669	154.981051558446	112.979704491741	194.489633220128	128.90888488535	220.261115764088	33.1475357317089	262.85029647906	785.869002602906
635.471	21.7279914543333	13.6920962687103	13.0755301585133	6.47148259383694	6.99085641358007	5.12655050494758	12.4046498948327	11.6027570577659	10.1366328725612	10.0084973275344	7.91327178089631	14.9680001182389	12.9174320853613	21.919361327554	19.7948478497585	15.8523044863557	10.6633030760863	15.7107263580017	18.9967196818495	31.975440644796	29.3055026617444	23.1283281292485	27.8176690645659	31.595214351802	28.3883883532798	22.6950999846345	22.3812434778893	26.207943171083	17.1512648764026	30.6180933979308	24.9943708368894	24.9562868677309	16.019627229255	22.0995318259918	80.3022998667401	75.6742211283334	674.532263716248	2404.90510110276	382.346010452443	52.7108844537734	53.6074661814379	37.8723873040872	124.993769146195	411.9345134014	228.884046540624	146.041570047062	116.870121479163	102.830958451108	99.3346572892395	76.0982293637433	200.413057218792	170.273263625108	-93.165420518323
640.186	-2.5610146286438	-3.8104726284456	2.75789101678649	20.0991126521097	7.84440138967154	4.10891001516057	-1.94185116753979	4.10274883713822	3.25745310654268	3.56523161929259	14.1218749758035	7.93905424033939	14.7903869736508	6.91901504267378	19.5402205401978	13.5718476887738	5.79947542889731	5.46085328713652	12.6881632656986	21.9776625879719	40.0034169736312	10.721178689165	27.8696900838847	15.9937514018205	37.9219688776712	11.0615066442964	19.9989792926294	25.3515416854582	9.94824887237846	14.2953093949032	21.2112949449196	27.0620239375931	9.80807976583127	30.9365434417639	87.9948900227492	98.659780420736	1566.59674677795	1437.64836392278	44.8138533452241	21.6227700229596	25.3003290037493	32.6599793997931	218.086903531492	328.950050363714	121.733571201404	83.7292088940254	82.769581958702	90.9028761669872	93.3960866138032	63.5337820534544	10.0393921943775	-132.682423017314	0
644.903	18.5636568045734	35.842315742675	21.6178783767373	2.95095081334793	15.5847102577076	9.87016722451338	12.9626603725903	18.1546238394914	9.49641307961728	20.73432304493	15.5361520341108	19.0335258094371	19.0108879018464	19.4729020441729	24.7781119527484	24.8252889040647	33.9595606847878	26.9664604775157	29.2310473451596	39.9364651138897	37.8621288667102	46.1731005044755	37.2361837309151	28.9828988792507	29.0860864206809	28.2805233765504	32.793059671802	30.525258842125	27.1366963165907	31.0258588973219	15.4943119885808	29.7513524551787	33.0671679249488	62.2733057517259	114.111164276145	618.813976061943	2076.35969369479	421.438597738401	45.3259123898946	50.8894342030281	48.4852160299079	82.0971280603437	320.402843696638	234.49214537283	117.39781943113	121.468705736581	69.4224743141663	122.588753062403	142.469184376391	126.377491948901	199.69741532927	281.177808738929	47.2030892574535
649.621	11.8212461641441	4.69028011411683	3.18249925622049	-0.997574037267086	3.16106298914161	9.74646348199245	11.7518608455994	11.2223123308431	5.89643063536748	3.88557571768182	9.65694574336461	4.22252013110185	11.6944206607382	15.1199796614163	3.29068287937524	26.953874358486	23.481998899392	17.1337970836578	25.3065525159907	21.3971634948485	23.3400062916037	36.1842604305264	28.5871478276363	31.4438430188292	38.2499020085528	24.8987510666438	25.7976814459317	10.5254989935119	13.9150221955763	23.2169198628615	8.76337452037508	15.9914190610392	31.0963137278681	55.0660051254178	115.726430609381	1535.31352468749	1370.24429408772	40.6147811258555	36.3742903138473	21.3263571543141	60.0985414964524	126.120489374386	327.659635519652	98.984338061095	91.4726264459281	77.2094552043042	30.0257314119677	65.8917313202645	98.9414069729313	28.2400521664393	120.141458054443	-142.578968404785	191.485033674065
654.341	26.2327750307917	38.1049585664822	33.7556426934684	24.9889684622827	17.5099312683921	20.8656858647817	21.2391266154487	4.45179453887042	13.3732039559638	15.0873351506983	13.936145784008	12.557994138577	39.4797892252638	12.2211608508847	20.6583192871435	33.0875963282689	29.8878296870733	41.1574172078415	39.6507519102552	66.7404839078228	50.4633336156457	62.684693000576	49.4603996457629	35.4030509458468	35.8812483070625	39.3684493951982	48.2932841576414	28.6086849767364	29.5183426288295	33.5048356346816	34.0634851181294	43.8167234301909	70.8984835239678	62.2399531187947	746.062413812376	2036.11190708836	474.888094809831	65.1448022776804	41.4043560288253	41.582503524764	61.9565927090679	231.142807337105	240.440950272223	106.84366812213	116.485110813279	79.2895069106505	153.511593379472	162.868645954989	149.919495541091	112.508424887222	223.098964296821	348.820004325746	745.425331859369
659.063	17.0378188288024	9.6063781518461	8.69096388826369	1.02158860486906	8.82861588123948	12.6786816160183	7.13926619381969	3.41182604959668	14.8946588753654	14.5120593826201	9.10867363236005	20.0764976375513	25.5702504237042	15.4839624438014	25.733777099842	14.8630106724451	23.7266498969916	35.4299449023927	26.6562065190114	44.9983843378847	44.3341128003469	36.6920354839678	33.973834315741	33.9508325520093	31.5357255354392	16.4608231996213	25.1455174421817	32.0196111205239	19.6333306821814	27.8427366086728	17.6392100787809	33.9887131576638	57.4456916506356	79.6491628383076	1996.55277513467	1388.99771554783	63.5327962183849	37.705349960567	30.2911497787101	32.3228238754227	68.0728226889666	258.817685594642	144.920793340598	50.3648276860476	80.2925520257491	79.0681159274674	55.1353128795863	128.590038207676	46.6408474256944	71.1873822296162	168.731821023864	6.63687578679058	784.378586837739
663.787	14.0964623116859	11.3664411991104	7.34521886233599	4.14432754930573	8.05848074753965	5.4717251630497	5.58556791250754	7.28469398356645	0.408269445204449	0	4.48697923696752	4.0722646012452	8.86318257746322	18.5879743393208	24.2346578681019	19.9959530197634	22.7625432369532	8.55537850032327	28.5362881520136	35.3188966987403	45.7450476995057	33.1597297141414	15.3951541830385	36.5623381157153	26.5964917790919	14.0756309419247	17.7547358994692	15.4331279989074	19.5907096643013	26.3340736708294	27.3049616566584	42.6185811137257	81.6915971756798	293.066741307403	2904.73552876216	490.965242487835	26.0716158456772	16.5576452532592	38.6086866673661	26.1365120009651	125.309737125753	249.185970253076	62.1824861027093	30.3889826042107	15.0799375644512	70.2787499120975	55.9175178289472	16.7860048919548	21.2045875029571	126.34530643727	21.3907025226702	121.158597159752	265.168856542288
668.512	-6.4150802510843	12.271943587946	1.11025213536021	0.348015385358177	-0.902269507542914	-5.78947511594454	-2.71002028709347	6.97365623558989	-5.34830108661398	-3.82737484962749	5.31937675861036	-5.36620396089861	11.2468386791831	1.29178334031826	5.00942513114983	17.6697019524131	11.7964372473143	22.7598173331612	25.3503704083595	31.5914696838075	26.3972474167229	38.2411826184808	27.3333013406764	32.5509558043737	20.6943941076793	4.28813436617136	21.1441631409784	12.6358058715787	0.647255793321404	15.6661272962112	28.779903140882	51.4722674429603	90.615322096887	963.12584074983	2142.33013079032	73.5711382274315	42.0352416376217	15.4931422198097	28.8653473642935	37.9437421614891	194.412741884063	136.636307462504	39.8748491963954	41.6988323321946	54.7050805019775	58.1078780499457	76.9358058786942	71.5636198088582	92.0449826992865	13.6410548036907	-53.887827346728	54.2621922015736	-33.400898226545
673.238	-12.4464475156775	2.88069796283934	11.1693836141059	-6.30200203537321	-0.605135472210411	-4.16024345376836	0.209718517806879	-0.923112289535718	3.93191111118561	3.36912125613934	14.7163814155067	6.35120074312355	-6.32284797248033	-4.548469780133	6.61446605838913	16.8405285563876	14.8343480614241	20.81534804611	22.4578981725479	19.3104131849938	19.0253505533986	32.495328551982	12.2625812920638	34.1864140551266	11.945339981938	16.5921485479857	4.25429975406811	15.3194716033753	1.62788433856822	13.8306189651443	32.1348960515015	74.3377039593769	452.916249321629	1529.71081115237	798.963094867195	33.2527577283895	13.9702712851465	13.1885311773585	12.2048735798209	51.6448077531646	212.361546044191	57.577235867868	-0.573071226724635	14.4202965175508	51.2126864031804	34.7093298819918	23.9828300172503	2.61798525349408	-49.6067686264405	4.57440159014066	137.337962976607	-163.76691955069	470.428659268226
677.967	26.4685684055996	14.9236871102514	16.5019238115966	23.6295137895278	15.8489285744909	9.7784378543085	15.4217475154118	5.39332355548946	6.87920068037018	6.06041777795729	8.62506293841607	9.27679139413219	15.4202324058645	21.6000701841649	20.3062355808474	20.105546439786	40.8446342268978	36.6940522014979	32.2084875443654	30.7990889579294	47.5129876994276	37.6249237571124	40.426455390404	44.587077115548	26.8163102831745	28.7478270196867	38.8992018551537	14.7751667375015	27.221094410053	35.9641738729118	59.2926966768775	106.884246828202	1398.46289881721	1346.58260208933	119.321756103198	31.6957724689574	37.6540989018631	26.5705396345623	47.0578645106071	126.6662183865	157.904262533291	58.5220868598854	37.5228579283175	62.065936426908	66.9878372366553	84.6495022119238	47.2193661346749	85.7086206253475	53.3020129568016	66.815348815209	145.626678829648	508.651824783361	473.879280726085
682.696	5.6344298680872	10.0600006961829	6.06757311891656	0.713219343353338	4.00638841750128	-0.282497475021298	9.18527828974346	7.89806861676892	1.68627018297564	6.12795684622027	8.176109214799	8.4098117737273	12.8804139013881	25.8118399900234	4.17067101126599	4.76475199916314	19.1389404088182	21.9084271427752	9.3049795285339	35.2399970940718	28.6640044495316	42.2290918722809	24.6018858903321	21.2591071181727	27.4627893329003	14.1960982663901	10.333168509091	23.2397285820799	16.2493766040989	29.8127224524696	83.9348605627254	283.455230584927	1951.54940789983	596.883920602958	30.4221579180659	13.1109543113326	17.6908227361701	12.2121134088986	44.5816060908112	154.150809324886	111.325353488237	41.2106551853784	35.0224833523585	52.7431039644635	28.028014877529	32.5625014760584	39.9730542375822	57.3314253868881	52.2117753608249	151.427493423874	180.380741785822	291.911572412542	68.4514757186105
687.428	16.0756814747315	16.8837341147218	2.67309762377316	0	-4.34469684822259	-6.82727750877337	0.43020514775982	3.78724457021309	1.48578838056314	0.987318841174994	11.2520338477647	18.5656229973261	8.87444728828385	3.9987785280127	7.75346028506371	4.47815190588515	18.5963395737014	10.3190389547429	-3.51373037991128	20.2187934936639	26.8314531030669	4.59718258924519	17.9132606392665	24.3603041329774	16.1026417057027	3.0632607044653	15.1044903325621	6.68628295015101	13.6913484889475	53.113860003087	90.3949402727482	1166.50106533725	1530.26214599607	112.214182460753	11.139842904882	6.96798405237543	13.9416586054262	36.0723129473655	64.3176818712966	157.530176015149	32.4507631939081	22.3452877053757	-4.70226843767797	14.1182098225918	14.8958463319146	21.547619397909	70.4412615741277	56.3891201320651	22.0481351901253	25.8051154213352	25.9485964751786	-111.980847090087	206.788229072128
692.16	18.5398439565621	9.76084330775571	-13.4380364967256	-2.1662925388504	14.3529200918798	9.72447632691507	10.597237782781	11.9945759150273	7.68267409579282	11.6639670334164	5.51859039778374	23.9060885451168	13.3839271885507	22.7827429497427	9.09480408945569	27.3363611574404	17.3374789422323	12.8793737677277	29.0474916791327	43.9760293595639	36.7869480695908	11.1701626553794	12.2624643399759	15.2150582485476	27.4526891667911	27.7189938007106	16.8738645339779	23.1928884016845	20.1448765599367	77.2838771732658	196.207917881284	2291.28300143742	693.481269068827	30.7392783332824	27.6507662898012	21.0174196045081	43.6094849823159	28.437499131235	97.6512091028702	121.336073158374	23.234312682219	24.6062529461657	47.2779252960646	64.2147704874498	43.3536097568356	40.5033465177773	42.7190085397445	87.7425751751684	47.7460594294464	158.029772740457	316.800421103161	422.207562702132	346.517805741056
696.895	-6.22191599634508	-7.26353025569823	5.02516640522094	2.90800510118978	2.82725036123299	-6.3350392603626	3.91929928061187	-1.72514729273117	4.94170787950999	5.99651591665295	-0.55560671309362	1.31881834141068	17.6209150661878	13.8299394181114	2.28914172014027	12.951530501425	21.2200685971316	6.12322884860576	12.2511803611558	2.08842785195657	16.4607858395622	16.2873381533914	1.15741300346902	10.0877160752711	21.9695571679691	23.4282947196818	15.9691476102213	7.78346374899294	25.0140724497696	79.8123695979178	881.003602635605	2385.34304940579	144.97038371424	13.9436173232789	31.362408720728	9.65199771959929	14.8965553707841	47.7176968574361	154.681256920105	58.7487340873426	8.95867538541529	3.76985820924009	22.6095200432635	19.7355234949075	37.2992205166406	69.2284543879445	13.5818252262681	72.0298006641539	41.2031166821477	59.3667733281321	-101.314104970915	35.4228977642564	-209.322604359462
701.63	16.4098325595552	5.17040444421836	20.6598615429667	8.06440442966052	20.2743142822782	14.8095290381291	12.0765547284937	12.7576901096228	9.31670041074871	14.8656602308043	2.24115512233985	24.6037411064452	22.647281592423	19.3890137351402	5.6061924678896	26.4478614948134	20.018315477523	16.7083607272118	11.5573610103598	25.2723230357784	37.3488749656632	26.9832560914646	29.5682169808814	29.7646389629872	18.9386895440676	19.8039154397181	12.6773956092092	21.4995842674099	50.108852800471	126.283908086048	1861.13459394825	1290.86407089468	35.6238077497273	33.6095049707824	24.8749310346774	20.9641052456987	9.09231631879304	80.7575963360111	138.359352251017	26.8007695925587	39.6499668176357	43.4471611304757	52.2001127256172	30.1958855771317	43.2155554642398	54.5106138576938	85.6017407953548	97.3058909940707	147.157429732382	177.20647951899	200.551751512461	171.462742047411	140.724369692379
706.367	-4.39579838143983	-13.9528611098013	-14.5956447329791	-21.1443576943773	-7.05275672886935	-6.75878964822724	-10.2213490360337	-2.54297147232682	-2.85040814211202	-10.7090637479984	-4.81948768082846	-4.37404053869418	-7.05184473811376	0	0.333725279062638	1.65213514578077	9.08119301252103	4.41090069121862	6.45283687904912	1.70499821167063	9.23905853155835	-1.18723459159511	-5.51200499720859	-18.3014200020415	-5.42419553657381	-7.03195731697503	9.01512368868468	15.1954026256012	28.2866163631421	614.103475228123	2066.1352840734	290.480971749798	-14.6242280690633	-2.42942839326046	1.43844698191362	-7.57684359937411	3.2004180414121	91.4639280797713	51.7257604246771	6.18565628937893	-2.03163530360897	8.24389970159734	9.10779967915163	26.3905665574463	12.1480793894848	12.5811283247765	-24.2555234045743	-47.1552144977752	-61.3198854827166	12.116799038843	-114.879322867058	-209.665292151021	-427.228867112599
711.106	-19.7432612030275	10.1345570897143	11.9593192416817	1.49948897622791	-6.47932647553658	4.75143422347475	-7.41016658894678	-2.56983436727799	-5.7610373408287	2.83438305639754	-5.15689279193571	7.14039752534327	-6.05738687367647	6.95736079487019	-4.38425798679467	6.34443293927149	15.8834820557816	-3.71457967915912	5.70587672289745	4.30752276242561	16.9757383825587	-5.19902952813951	0.795747361394263	-13.8710614540048	-4.75062855491111	4.61905599664813	11.5631437893449	27.9198555468337	56.1250406600841	1448.15955190908	1179.39651773127	14.6264520999673	10.6544205265805	14.0290963786306	14.1730108521052	9.5711027871587	17.3839643683129	92.0021978466248	42.3584824926179	5.77015291802109	4.10619331109712	11.1079797809256	-0.613600712931612	21.0547464843543	14.7316879884403	-9.78002318577149	-36.1840099627536	61.6690316101432	-26.5575614129057	-66.1218977182674	19.3488100571875	109.593159960727	-1025.38709682701
715.845	4.49364379096533	-2.67439419922805	7.25863474487713	2.65447451262226	-13.4363391738012	1.20160565599992	-2.49864150945943	-2.79954240318712	2.68971225661591	-1.56391931055382	-7.2452410679621	15.4779287666459	4.68572694244748	9.85302977101358	0	15.5379698972051	-2.14230690244013	-0.375756855063928	-0.412279349783231	19.1724445912105	5.15165963686817	8.49562746423141	-1.60991310871875	3.89766427799084	11.8291880158151	17.9712014711465	22.6850214392076	30.008158113526	283.520244744226	1742.22604298926	297.744504108662	4.12903930911158	10.0823872039636	18.8036782265405	7.71994206446216	2.32364862359478	63.7972853940808	74.8864217250614	11.3959302330763	3.40487639403447	10.9035001200476	24.1585449891579	9.9312307316928	17.7486777474829	18.2137730812287	21.7650565036562	28.3376267674895	41.1158889032965	12.5369591028358	91.6601372299138	148.752778770721	-147.815310408357	436.738489674053
720.586	17.0186042504026	-0.446851335072672	15.7665231839655	6.08260186825036	-2.95684459463488	8.43235520564461	-1.82175571660054	3.00703970036607	7.86468819016985	-4.96484370527868	0	11.3789753942556	8.31094386810395	7.76110096237062	4.78814074222847	-5.07944885433043	14.317899728725	5.65050235140508	9.09291542971684	25.7730439943302	-8.60765397725961	14.60049415812	6.05232990681267	15.2390510684024	4.81767165040397	7.56685291153059	16.7011342326319	43.532580701119	683.358764674966	1074.99179855038	38.0024490247436	8.27880973587193	16.0329003933662	-3.20109335062717	12.8988704028162	23.2948192153456	88.9664422931188	49.4710030666396	0.456981545100423	13.6536960440991	17.1770850675516	10.7015037551353	20.5345844094622	19.216692836431	24.8993141167728	1.98360869084055	47.3479427883099	36.9550609241908	30.52333471451	64.5715208784103	11.7731217169398	140.777067296048	-437.834879939847
725.329	10.1333033845117	10.8555124287058	18.823708368105	21.5493146610708	16.960247811471	10.0596026923801	21.436759219953	6.29050662468734	2.2745185962554	2.64501419893372	15.2925916202503	13.96127999924	21.21419389975	16.4261018500801	5.88523515611484	8.91199035882306	20.2900622610505	22.8782646075246	12.1326172299049	3.09519325879746	-2.17821546093141	9.03158060543764	11.0273491487971	-3.9552081575021	12.75406979663	25.166401175962	28.0555468813753	216.740816142341	931.108378375156	307.20787144132	34.2705443710656	19.9024958970301	9.52563758742065	27.0018251455499	37.3043659106084	42.0501838589362	86.73388571718	33.8230382975524	30.9919920379527	12.8333953780775	-1.05375961318942	4.56097006271204	13.2271811085435	25.2149990370822	9.24133772584727	37.145290416864	16.7743301271362	76.2522163807657	32.7138448930828	50.2775018551167	39.7233993761288	359.99426107507	276.991473907867
730.072	-1.52946130663668	0	-11.1175043549924	6.58249513928522	-12.0464950978375	-0.613469639176561	-1.15969123752024	-4.49203158244092	-8.01039120392126	12.5089845371307	-2.07143818344154	18.6138969561425	-8.83295406959908	-0.359312949792146	2.09007725729714	4.8286484274604	7.29157820833633	15.3471596038627	-3.367771949988	3.11446862966659	5.26027280715493	11.9794055944317	7.80831189110017	-6.36774285822921	21.5149785753325	18.7170926760614	37.2784246098134	570.640293747287	650.649776421648	40.907844187626	14.4269648625639	5.97279760929233	7.8099663190595	6.52079507763447	2.62756756572716	73.9472312822877	36.3293777985272	10.1659019865243	-2.32723844907303	8.44332172225617	0	-1.72101509422598	-1.26757653459963	-21.0225357377775	35.5048463138761	9.09160865785639	-2.41125608075159	0	-54.8626182364617	32.8838938277771	-15.9883110198731	-75.4658607740374	-167.22986593212
734.817	9.75518591198571	8.25035226812689	32.7593552201177	1.16984302582402	-5.72890787743292	0	3.0365499784203	5.14073052295604	8.06711849420867	-7.23690166994799	13.1126758012433	10.6107822052779	19.6442435515263	9.77015252495593	5.96382265539914	10.4203789908348	0.367160753569965	-8.11431798511608	16.9581077193371	16.1306969254388	14.1267321297731	22.0484391779443	6.208111668728	7.61524439424345	17.1057959016972	16.6320368397339	155.272531997178	831.708842441712	245.494920648041	7.88126886480463	11.3398107199646	23.352722723051	-0.7150249325332	4.37798231726636	32.1321279714805	59.337779393871	29.016999877897	16.9147813668683	20.6247296947358	10.0036645907724	-11.2122235597532	24.8425738812769	21.701403509668	5.8403893239061	37.4589615086757	43.7452990273421	10.9274935676075	39.364185165109	82.8767093171585	-38.21165552436	152.964588650324	-167.200634325314	261.977550834013
739.563	-8.82958071390051	-5.56404255778382	-1.25845797911798	-2.36682853170677	-14.3179689989912	-7.49977510000633	-8.97903961973609	0.208014706365886	1.86530385938411	-7.59199911810701	3.31619868310351	10.7338769017699	-6.74902684259131	-5.85688601765319	-15.2599624406997	-2.81100395663005	3.34278136160281	-5.08142231542685	-2.57322557222657	-7.25236783941837	-17.8632687925022	-9.25835591506957	-5.02410511537382	-19.0562443351258	-4.22992500269557	11.964432747134	467.903041269085	618.072691691571	10.2711975808986	7.97269873115345	2.86784070209561	1.78966935493984	-13.7430775339175	3.69064240211306	24.0918594962691	61.6375917555646	20.8453267566214	-6.30405564184681	-0.948363421079422	-9.10774455510746	-16.2032793162913	5.84436517860749	16.1420290230643	-22.1555367626561	-33.5874376798543	-4.11653806219904	4.91300551250125	-19.1729996429957	-11.1784205741421	-54.1169235355918	-289.117823125059	30.7527842395679	-378.595325729916
744.31	17.3230668193547	10.3098313016417	2.543831820153	14.352836165467	8.9582908053158	4.1058211911497	6.92570470395641	4.62526267609359	7.06969271693692	9.31744238205225	4.87514481835973	10.8486648221123	16.2950908848512	14.7987986745867	-2.86942367491118	-3.55133098904862	3.00313690301432	-5.53082166030294	16.0379189179747	17.8666910991533	9.47850662007596	8.50669512351878	14.3871929926669	18.8502436244525	31.8693727408603	119.034367725956	719.60836125244	250.169878295783	11.1225403022655	23.807605111442	17.3910560881035	18.8116037456929	7.67607794275534	30.9599136408248	61.4534936508558	52.1175368343915	26.6577811233763	0.455105079953951	11.0228098624998	12.2735235203461	12.0094750929354	-5.31617825980977	15.0094795106012	38.0671951649733	-9.57468804208168	-58.2478436282996	45.9312923652152	61.1153424681547	33.8938873137652	114.600407665367	172.85640962146	613.862667645206	401.776219452852
749.058	-14.8485765704565	5.68101681980171	1.71321980907122	-14.4995217688288	-8.00563149506234	-14.9958293073584	-8.44403388811778	-6.58402340278712	-6.66581513567362	-3.59896068046097	0.923431625356309	1.4612717183559	-7.65657036265972	4.48501260087441	4.71046730123024	-10.404113941812	-10.6184010876393	6.38553886899733	-0.875774379577813	-13.8840678510426	2.73582191579959	-1.71872666422563	-9.40450158475086	4.96771111624403	15.3122926631604	359.607440755256	536.092667583841	35.2467375848667	10.4871315434066	11.1004237853674	-0.366016504544997	12.0601405491203	-0.738526405228437	18.8411585142771	65.59559653362	21.800463778593	-3.04050904121761	-2.75853745050348	-7.26225827330321	16.5319448051356	-8.8234266243964	7.16067928005721	19.1184088588004	-31.6698454353168	32.5349109689454	6.30462161131136	-5.01629285945202	-28.6111915407364	-30.4358061683904	63.1481567888909	-33.2615233379477	156.996538673407	-676.47060285905
753.808	-22.7017981182506	-9.65070410303981	1.3096598873695	-12.3156292847796	-9.57890131071884	-10.406550212777	-6.39351143929554	-15.3699408495079	-4.12504157963144	-3.66826985808671	-10.3533668963317	-18.245309845495	-10.9256300026301	-3.42853909732476	-9.97168568126735	1.82835819030265	-1.54612734497533	-14.6441526154749	-7.14112110539289	6.60400941443658	9.29502890960105	-2.18978261241425	-5.66422675166055	13.5023462377782	86.0395735982952	607.775195073521	219.103927003964	11.4655924801924	-4.96279358128507	-0.377139898609435	-12.3111545812773	3.72496850067556	-7.52749027353532	11.1383220888904	39.3989614611771	-0.838501867534029	0.885446713204997	-13.5896980515166	-4.44126938150157	-15.2706014149676	-19.6729512381554	-37.1011171515221	-10.0792723776499	-7.68565399419155	4.481279977798	3.21301835123873	5.11289717488842	-24.5576328340695	-52.3495275397456	-13.4092231010861	38.1398370581503	-376.046988607199	-275.799259027387
758.558	26.9669807720429	25.5480423041682	22.22452840623	15.8834276131609	13.7265314634204	19.5359302484768	10.2653848060567	14.5473223229736	8.15302225105	15.5144706931331	8.62495240937542	23.8847660111975	6.75402490330799	26.7633803522598	18.4257924555018	14.5204863482379	16.1359450106916	25.2648578516706	23.1761808062047	28.8174917161903	5.67841689059498	7.58062823321782	34.1596397746599	48.9766856165059	362.639472832332	558.210772722845	71.4974284109581	36.578709470163	11.272133821466	7.29594177579005	22.7908946445887	37.9269468603123	26.0587991562879	70.0003294472829	60.3755536863959	12.8062086027579	18.4816852513547	1.90852159903832	42.2055117891763	15.0121001689679	50.9350522939722	17.9589287863008	41.0501219313303	71.2110680721574	24.6388887526923	14.1762244987665	11.7131810293939	59.3848131586013	96.7320431492317	245.754455486353	306.351457708284	456.202397000849	862.49938391995
763.31	10.6659342679314	-3.50801449728858	19.0423654993729	-1.27906007428383	8.84295696413246	5.74169424951072	4.34159546582649	1.34896112098809	8.31625282656558	-4.39585662502232	4.88757301994665	6.18741834638081	10.1312446158153	4.74768807570268	7.2877380240013	9.11458404716786	-0.802878079141449	-2.1123510012104	0	9.79814762999631	5.79210372089277	5.45816398880044	23.9832195508073	107.80246814097	567.733895688596	257.416101790225	5.97777614164847	10.3200768169767	21.0132421005927	-2.7417942104579	1.93726567657788	16.63509920698	28.1440788488302	43.47930639776	14.4661165231247	29.1731400092336	3.21858371506932	0	6.15007181921633	0.54688055115647	23.3504791955976	20.8451693021743	-18.1445250869115	38.3139035113873	-19.5472516334713	-26.6954673349232	37.1705882206146	36.6630583720648	80.5458796213267	41.7791121326462	136.437060085274	132.953132740989	327.355300286104
768.062	1.6998505375448	2.0233336813677	3.66105095608692	-3.01239493187149	13.3885316867674	9.20447633023187	4.89776806169415	7.48869775287582	1.27182667283336	2.36639057690019	10.8532578210055	0.390331569923437	-13.4983570881956	-7.98684227185978	9.2916870375477	-7.66654674839446	-1.21558418149	18.7625964306071	6.55017595782287	0.988981480198801	14.6157302575662	2.29551174052447	27.4048256993829	318.471280253555	493.758707636149	48.538619307845	12.0674031870385	11.2179059241157	14.4066788679244	-0.395349319229315	3.12862381537486	8.20012390435891	37.0874160510877	42.6782059656819	-2.50310659968348	12.7453143621332	9.74608611813967	10.8071954425651	-3.10380459694083	9.38394773765284	0.589223400949668	-15.9395360333105	21.8362537108419	24.9758937346095	14.092947961996	-8.98173947310386	-65.6570948982735	-27.3523065970879	8.12994315455564	33.7359833459473	88.8474228266981	192.908164414945	619.533549197495
772.815	2.26502377590108	-14.1543145510122	-18.2935954011127	5.1608163635149	15.6100046354029	-0.34068939317856	0.515226154651219	2.49464262977205	-2.03362654951078	6.79903955697064	-2.95809407153975	-4.68099541783551	13.0809788337043	20.7525633101916	18.1846305177171	-0.383083180270038	0.404936641762177	18.7506457513365	6.07843217232734	-9.88351556695506	13.6326594974355	35.3283643554612	86.2702168364718	539.288177509276	225.969779394179	11.4135771856959	16.0796226070002	-1.20115293991308	9.99826573194883	6.71665758123637	8.98906431054104	27.7065697225306	50.8641421859311	40.2368136211626	-5.00302453363366	20.2038286779983	21.7987755335697	-5.40015594479316	15.5091382724806	28.6855574671865	-1.76654430005998	-4.46022737406643	19.0065588020203	6.44128659289165	14.0839715763611	5.61001164317255	-9.37361073705976	69.1411791331877	42.6550154892063	47.762201948127	146.504873133189	41.9098463410751	722.328766217047
777.57	-10.978177865563	6.70560630299632	13.999877030511	21.0640698035374	23.5130690469304	16.6864418039871	7.36020354651112	6.24803288354023	5.9658583863385	0.90490893134611	0.670754129874673	2.78624240738177	8.3422682043975	28.9128325232679	23.2928442680211	-3.5180295389575	8.26382212355955	6.95740721388422	24.8093538997323	26.7252153015953	26.3306944733337	40.7301440716268	353.512479311818	487.585352946679	68.0178043874177	8.3187415660221	20.5092487524656	8.57946558849986	6.12124572328269	23.382781344652	21.5349714023717	25.8822278560225	53.1079861788313	12.7276775241312	23.3979583769049	4.03350168760895	13.2512290481566	-0.5009305336021	11.6052094271096	19.7011638535255	37.2527944101916	16.9042612043394	-7.18296280354878	-2.46472107427493	33.5324907355386	-1.14487387776342	16.3966077930025	65.6284587993215	113.992790934842	146.207443494578	194.7917119456	-145.398147620832	336.938576734039
782.325	-5.86697684314995	-2.09504040367493	15.1631927912753	0.445593410815976	8.08676153352415	5.29482330848446	11.2103402993284	2.11475355669361	3.95070020915614	-2.45025519771425	-3.40542305456544	15.3582653515332	-2.54122497696122	14.0588216364907	-8.81923478372543	-3.57221174347344	14.6844174247269	18.9860057592058	14.5335288657411	33.2810034271361	6.55794105391983	62.2738478878885	608.193331836621	247.776397489598	34.7498699559978	21.1171523604309	4.58152589540759	11.615467271696	12.8454097020871	5.73104637642998	8.50369248229145	32.7499793625815	39.2188493430877	6.25340333119254	9.50332687792616	9.55645326962056	12.9747681440662	28.4841486516835	-14.4621139014914	18.2899083474066	13.4223190911392	27.7274448036248	35.738589627684	25.0268096626625	2.91848009640325	30.2251668176765	15.2617086944437	0	166.256831988783	116.438609571784	174.79271479885	182.375694686563	470.425816512171
787.081	-13.253740965968	-13.9832197599168	-13.1372923979876	-11.4387927721716	16.21215032752	-0.724922587822627	-2.46668355648745	7.96219148765446	-0.540896580013095	-10.3785503247313	1.04904411090146	0.415011368593918	0.869807772237782	6.79346606299551	4.52795740024197	-3.26051419214133	-3.01570003189992	9.97445687594391	-15.9184663838212	15.2469324644477	2.58997507272337	253.827792616196	572.55328965207	53.1425679074464	-3.5682445174283	-9.10722502163955	-0.427679943405535	-3.40776834660137	6.38232549641827	-15.9731624038818	0.831609938499805	37.3654265802996	23.9111186080059	24.828735310241	0.8871241577811	-9.81291786949485	19.2442890864433	0	-6.0500939977128	-7.62968005777799	-16.9149245915685	9.49052020704071	-20.2211810350404	-13.7058395104743	-28.9690933017046	25.0677916688169	-17.095946266952	37.6351828780214	62.6688652412334	-122.55253516525	-311.734658861757	-62.423358082734	-592.834752191474
791.838	8.4259577763311	-4.2983251737424	17.4992746730712	0.914209278066617	11.0608942951256	3.98317847954958	8.48805272010207	7.23128333074368	4.86331265014403	9.11163257933677	5.24009547154988	17.8280520973906	15.2067630175904	22.4813683987836	19.7390537546086	5.29315858082144	20.2284871416407	23.552952979765	22.3634707273477	36.241737855403	77.1058436851817	504.233636572112	324.081333299264	0	13.3678425026555	9.53158002798552	20.9358408973911	3.40443863047322	17.0029049413373	7.97877754701717	28.6625094693872	59.3115014222524	20.5350877644083	17.5341980267318	7.5331874962095	6.5355531391264	-2.46480584262351	35.4814204603271	13.7367783552205	10.5538501792552	11.8914646187804	29.1209731117402	11.2230127800242	26.5291172100737	41.9142442876146	44.1239060615621	37.0050240943741	64.9427076619385	123.056379659155	110.488127198416	136.840482770735	311.811822409626	877.415549402774
796.596	-16.5534588886272	-24.0821748017123	-5.94199854165679	3.72511224506946	-14.0842589905017	-15.4924505885953	-9.76221046539208	-9.33064073064068	-3.30274222385301	-14.4027181596105	-14.9462065112478	-19.8502986186521	-21.2443632454522	-13.8270839205679	-24.2966743881517	-5.39198472318382	-25.4288831982401	-18.4559226076214	-13.1623606738097	24.0772113672569	234.054902809344	510.170644905669	78.0851392259302	-13.4008182437539	-13.6174273745375	-7.06148348960444	-8.26954619790109	-26.4435102685054	-9.52619712057929	16.6832673919482	34.698661360026	9.71772185054334	-7.25743495700493	8.71296147150758	4.06261916136456	-12.8396098194162	-11.0476304616405	3.18916569086434	-4.47784046708028	9.55635225582644	-15.9387956771078	-23.4557914946469	-7.62170167824393	-17.4351162716341	-26.4313560753614	-2.42960666626758	-31.8965544363908	60.9324424642289	103.361995163657	-124.718676202607	9.61347371193979	-372.084978578819	-670.348030295953
801.355	-5.29254035669825	-2.83487207682836	14.9609277994636	2.81375710306936	20.8428160900241	-4.13955225757049	-2.88935268088289	0.21196641705098	-1.42555464956968	2.76293797998651	9.52319264797862	-6.92726776966695	10.6979287333237	9.69824511271898	13.7417367482517	8.95126670687998	3.02780894927017	7.96608530189783	5.24421964521517	100.228814431655	395.907029790902	259.441582511599	17.9184228163195	-4.54469935385316	17.6329718699354	14.8586639384747	7.51445105993825	-2.24532756845881	14.2042944852828	27.69599389357	36.1637327011068	13.8598781643839	2.94824388040534	-5.64113177567589	11.6902566461024	-4.51564648511176	15.1723792653598	2.753063769873	-0.483189866573254	9.28076680004533	6.05406901795403	2.38215685513685	15.1327887651311	27.8442653753143	25.4497360962318	-23.0710756666374	50.0633918452309	58.6117026451547	49.3600466752379	141.801421168147	37.3449639655057	101.845259940161	289.340701347088
806.114	2.1170161426793	9.44957358942787	0.427455079984674	0.80393060087696	-0.694760536334136	6.05011483798764	8.90883743272226	4.66326117512155	4.51425639030398	16.8539216779177	1.22879905135208	10.208605134246	18.7213752833164	9.32523568530671	13.0184874457122	22.5571921013375	26.493328306114	4.38134691604381	10.4884392904303	355.650631854261	389.081046518645	81.4775217805021	19.1983101603423	15.6998704951291	0	8.00081904379408	3.75722552996913	23.9501607302273	14.5780917085797	22.156795114856	22.6479942168548	-1.82366817952419	10.6873840664694	19.179848037298	23.7701885137416	17.6520726236187	8.23643445833818	34.872141085058	14.4956959971976	14.4367483556261	31.3710849112164	12.5063234894685	7.23742071375833	30.1019085138533	23.6945818826986	25.1684461817862	43.8054678645771	108.206220267978	87.3293133484978	105.038089754183	99.5865705746818	-101.845259940161	462.945122155341
810.875	-27.5212098548309	-8.97709490995648	-31.2042208388812	10.4510978114005	-7.29498563150843	-15.2845006433372	-4.33402902132434	-5.29916042627449	-1.90073953275957	-12.709514707938	-1.84319857702812	-0.729186081017574	-4.20275771666287	-5.96815083859629	-10.8487395380935	-8.59321603860478	-14.0036163903745	1.59321706037957	19.2288053657889	657.260843024173	212.060546991449	13.7225299840846	-7.67932406413694	1.23946346014177	-15.6737527732759	8.76280180986971	-6.38728340094751	-5.98754018255683	3.73797223296915	19.2025557662085	1.46116091721644	1.82366817952419	-16.9524023123307	-1.12822635513518	-10.9109062030289	-18.8836125741037	-25.1427999254534	-14.2241628110105	5.3150885323058	-1.03119631111615	-18.7125769645852	-14.2929411308211	-19.7384201284318	-20.318788246851	27.2048903097651	-13.6329083484675	70.0887485833233	42.0801967708803	-77.8369966801828	15.7557134631274	-78.8393683716231	-7.83425076462773	-424.366361975729
815.635	13.2313508917456	9.92205226889927	-5.12946095981608	13.2648549144698	21.1901963581911	18.7871987074353	9.14961682279583	7.63079101383527	4.03907150711408	1.65776278799191	15.667187904739	6.92726776966695	14.9006864499866	17.5314430883766	4.70112046650718	5.37076002412799	14.3820925090333	19.5169089896497	158.637644267759	701.139817084114	77.3611437522452	29.5892052781823	12.372244325554	16.526179468557	14.4982213152802	11.0487501080966	8.64161871892899	21.3306119003587	26.9134000773779	28.8038336493128	24.1091551340712	10.9420090771452	8.47620115616535	23.316678006127	21.4321371845211	13.5469394553353	20.374337870626	9.63572319455551	-0.483189866573254	22.6863188445553	32.4718247326625	25.6081861927212	12.5009994146735	10.5356679798487	28.0824674165317	45.0934660757004	120.152140428554	60.1145668155433	11.390780001978	28.8854746824003	240.667545555481	266.364525997343	559.39202260437
820.397	-32.8137502115291	-5.66974415365672	-20.5178438392643	-20.902195622801	-9.03188697234377	-17.8319174172267	-5.29714658161864	-3.39146267281568	-6.65258836465849	-2.76293797998651	-8.60159335946456	-0.729186081017574	3.05655106666391	-14.9203770964907	-14.8266107020611	-15.0381280675584	-6.05561789854034	-0.398304265094891	230.308646085699	375.973525103076	-16.8374254049004	-15.0090171700925	-3.83966203206847	-8.6762442209924	-23.9024729792458	-10.6677587250588	6.38728340094751	-20.5821693775391	2.99037778637532	13.6633569874945	-10.5934166498192	0.729467271809677	-11.4244450365707	-24.4449043612622	3.50707699383073	-11.0838595543652	-6.93594480702163	-15.1418507343015	-30.9241514606883	18.0459354445326	-7.70517875012331	-7.74200977919477	-15.7907361027455	-21.0713359596973	-11.408502387966	-13.6329083484675	35.0443742916616	-16.5315058742744	-89.2277766821608	-68.2747583402189	-70.5404874903996	-336.872782878993	-617.260162873788
825.159	23.8164316051421	13.7018817046704	16.2432930394176	9.24520191008504	8.6845067041767	11.1449483857667	2.88935268088289	0.423932834101959	8.79092033901301	5.52587595997303	27.9551784182598	21.5109893900184	20.2496508166484	-2.98407541929815	19.1661065172985	12.531773389632	23.0870432381851	89.2201553812557	312.905105497838	134.408225804662	12.7418354415463	18.4396496661136	30.7172962565478	16.113024981843	16.8492842312716	27.0503881956848	31.9364170047376	16.4657355020313	32.8941556501286	14.0326369060755	20.090962611726	30.6376254160064	6.26501824586135	20.3080743924332	18.7044106337639	22.1677191087304	14.738882714921	27.9894816603755	16.9116453300639	14.9523465111842	12.1081380359081	31.5635783305633	20.3963674660462	23.3289790982363	47.3891637653972	79.7000795756564	41.3022982723155	105.200491927201	37.9692666732599	107.664041998037	78.8393683716231	172.35351682181	810.153963771846
