Wavelength	500	495	490	485	480	475	470	465	460	455	450	445	440	435	430	425	420	415	410	405	400	395	390	385	380	375	370	365	360	355	350	345	340	335	330	325	320	315	310	305	300	295	290	285	280	275	270	265	260	255	250	245	240
248.336	3.20310631579528	-1.91070627153857	-15.9128928393546	-9.34217296975128	0	-5.78053764634351	-4.36779521875517	-5.93660333999283	4.9809896799242	-3.59103257852716	-7.98884850671421	-17.8520566428317	-14.9487060456958	-8.96250202826596	-11.9599584735147	5.73310455397865	-2.26965778206763	-1.19265081078418	-5.2479538831386	-8.78595426400302	8.21907427944532	6.87636627634698	-8.97751330107971	-1.6579172756852	-10.2183891173663	-3.05681172265623	2.26438997791361	-10.5467821446178	-9.79525640433982	-8.19295243806963	1.10323447801312	-4.03820494404416	-7.04493064257434	5.66895846841652	0.39135972799919	17.3157796100034	21.7461665837623	13.8202569031358	31.9974787290467	41.3540631137819	67.8168875222202	96.470155006074	310.792609708337	502.721906352504	635.789444306768	598.688851487638	605.639545315022	675.18556928421	768.973314458725	1672.57197539655	34031.4040458825	114406.943268257	41409.2559918789
252.814	-6.39395726968988	-6.29326832568345	11.8474497762129	-3.40539688283409	-19.6705641876767	-10.0004306614449	4.35943943754836	-3.80908694634593	1.42041738033886	-1.98507476927315	2.94408572083152	-16.5815604655098	-13.7724078686223	2.68360691224887	-6.94520934141682	3.4332821261697	-9.06126331417533	11.9036921818839	0.523791432033066	-21.599792070506	-20.2349320591409	-10.2948172352772	-2.56009683707496	-2.48211841232155	7.53145173927243	-14.6446267660385	4.97212782423951	-11.7296463448713	3.15856724241366	8.92066796249866	0.8808991541841	0	9.77001944088769	9.05298160899846	16.4056636761814	25.6770856078566	34.9009408839481	44.6919708183374	46.4527507898309	63.1506750331284	95.0921924594473	286.003903510396	587.080960593666	734.612954626445	775.16090507015	773.562487208643	860.261291408515	869.772406611539	1694.9164841166	31078.319959111	124027.05498781	54201.3553072655	2638.32341008115
257.296	20.2438832663523	18.113720356349	39.7526201988329	22.6225558213844	16.5635363936267	16.363941830557	12.6522039083025	17.0849084546171	22.2048161208556	19.9677702252602	4.73345151134002	31.5165578417597	16.3517876388527	7.08046451424194	8.58953137055796	34.3936795744771	42.1367198987441	12.7197788273401	15.0290145349175	19.1790514504719	22.1849267766955	45.8358480642608	12.1582689720141	30.4521736590539	35.861095833209	29.4317307951622	22.8083512438084	16.9616963117829	18.3041708208523	28.2436921727302	32.2479441867356	17.8362384756768	32.9539992060771	48.8160074770432	59.8259476268659	56.6727766368533	72.1546766061971	66.6006449379499	61.4722831784255	110.261639799102	263.959836157452	517.256169161739	772.404788082602	858.818473140658	863.727171583893	907.009144162153	913.425891823408	1630.43585021244	23907.2993086041	109254.368281419	58360.6680841134	3201.7521575084	4716.21555099762
261.781	-65.4783581031728	-30.4429905580763	-31.0295994943494	-12.6990408880415	-11.3451593992232	-29.3485619902306	-18.0908494112317	-15.5520391680573	-31.3737576851093	-20.5942124184847	-20.3212787329459	-17.0857594934943	-17.0536845186327	-26.4940006419993	-27.8915860757882	-33.1770761922797	-22.7434654287132	-38.7217144105272	-27.8716153102488	-33.9189717231168	-23.0609501124367	-25.8396441828549	-28.2733297017398	-28.4089529114626	-30.2459039224164	-22.5139806670073	-32.2207635587685	-12.68228419203	-13.1376583680549	-21.9427643192919	-28.3011478850573	-8.82883036116185	-10.2548299358769	-9.0890714511709	-1.41180557929724	21.3176201978788	18.3045162633106	-12.1869505203262	46.6379353529824	179.640207319824	476.030404318735	620.832673157171	793.269507784095	750.210924335654	738.124173091739	829.599462433213	1315.09704324331	18213.5443115866	99428.6114870447	62494.9961947241	3564.62134561162	2040.88241576863	16983.746033748
266.271	-1.3058265454584	1.75263139243981	-20.5138613078024	-13.4127931170334	3.41896545833798	9.03356052493296	5.34192347626838	-14.5212305810615	1.45044660344354	-10.4730476750892	-9.01898102586149	-1.33674578905451	-3.2815001523617	-16.4420483080278	-0.443252430539956	-3.06763237979105	11.1033943505966	7.2932097843798	-3.74405480962757	-18.663138154454	-10.0521346921287	6.30747675943706	-6.27412840178466	7.60377957281312	-1.922668777754	12.1503124183651	-6.46194717138752	27.6406714121869	-3.22534291111952	15.9412066270565	21.1387753278957	25.5920997914423	24.4879412439302	44.8352034033679	30.6331389850931	43.8679566544877	52.1283736691462	75.4979316229245	215.828404869129	440.020421481924	709.388062664131	791.667651914216	856.647478755513	875.320820027968	911.83830254583	1314.3902290818	13709.3011006042	88575.6469684519	65340.9711890507	4767.76712202545	1885.0752031319	12138.0410078282	25695.832865004
270.764	26.1319572284905	16.3675551553587	-5.26307135479014	6.46182607126442	2.99336182912256	1.57198198289611	8.31456702862969	-2.0756868391634	6.38573470707008	-3.7184378061857	4.13614129998231	20.0630305225616	4.22156371448841	8.68287342596829	-4.43514247607383	-3.94642844511079	1.38874410268153	14.1085341882846	12.3091607664763	9.62002282729596	1.67634536878403	-2.62966767214998	-3.13891717877315	28.4042114238195	17.3142400097502	25.7177657741274	14.3170490045056	22.1255983996395	19.8245236301554	1.8229283041243	38.2522812975776	16.6222281529092	53.0885454665673	35.6118540967866	54.1185835147011	56.5070487876366	83.0288740564659	175.890060962941	412.926644509264	685.723961447294	834.630566943138	885.413386378965	876.451491443088	920.965139911851	1262.71243584142	9985.0014707442	76999.9644698707	67148.9641600421	5745.59614817647	1446.11286256395	7265.31930380565	22567.3660451354	8200.33997322049
275.26	-20.4637868651383	-9.72744494150108	-0.515185150114863	18.9758219685389	9.6274903173801	-15.0029360474398	6.39482061685555	8.6352485001432	-5.11428321583509	-0.992688909142385	7.36133794019262	6.98277552385542	18.8251642357793	3.57868880242092	12.590113692242	8.58451565996523	4.07819098838518	5.23842415557599	-19.3832416524205	-12.1863582225523	-22.425915384109	-5.66301388452708	1.02419506845089	-6.95099255730034	7.53260151914016	16.4777202788302	-6.32912876661185	4.06088205126352	4.51292777316906	21.8589730721366	26.4310090672802	36.9394886497679	42.6393205918058	27.6158091976562	35.1603604859144	63.7086484301042	126.600348737254	374.145458071403	638.822833580413	842.756763498746	838.127878285649	914.496208337692	868.949500798707	1155.72709518718	7344.64000276529	65094.6708006542	67626.2605239625	6975.4174377596	1237.99847042494	4016.43842060087	18775.9010613994	11159.1972731978	243.915865978761
279.76	-7.46093247118437	-8.90114099174276	-5.50974956172729	7.09582811349115	0.406968777978999	15.7085746054712	0	3.21007450822703	-4.97233765035102	3.53883600931908	0.715702597064727	21.2155326660146	7.5889147821236	3.4793632499802	5.4872006833315	6.25969103948565	-1.76222306049186	8.79705715795345	5.09331485253681	9.69392381156811	5.31792441191269	8.00849228481141	14.4386477119051	7.72350813065417	-5.9503731419251	9.79023561446337	3.07673274357422	12.721891918169	14.9180870694134	15.6139222844592	31.2651985502134	28.2183337878086	37.5693891027548	27.729646007406	59.2531230478921	117.638804769178	312.021972628619	552.079976587483	812.501884980197	804.917493747095	834.771963413921	1083.30500866483	1056.04004919427	5885.57806603609	54712.6584094724	66936.6793628816	8353.46783290345	1151.5632908999	2385.27195287331	14186.1174407717	14227.711679056	1223.22531778285	129.352388851493
284.264	-1.7751904798779	-13.2366336326091	8.10400942663113	16.207878438877	-8.52109908108896	9.96683714796041	-1.07585404443947	-0.235008517468502	-0.788717004095011	6.42982110175333	-2.04345787871447	-5.24975614376524	-9.3468501004145	-2.06962485629541	8.03432377869709	13.9008554015332	-6.28932431533559	-11.4569496120568	4.84743914901499	-17.4268083990333	6.07344703372549	0	18.4801278562497	-13.7824911541724	0.435624894962504	-5.50586625450378	-0.418315132792706	18.3703834890891	12.5275838292928	16.0985203882444	39.5386564348664	29.7044922474875	36.9887140058052	40.2148868726068	98.0365850132679	253.16643495668	504.252421935631	716.91154014167	795.311277783786	805.595667612378	950.924281487929	1044.87052615096	4119.29168604619	46252.2647732518	61292.1908944662	9785.44896568041	1138.71652265772	1375.37064049431	9993.57547242478	15608.5321644151	2743.42934702676	489.290981227883	-184.662008502685
288.772	6.15357128837839	6.50716378047676	8.11212000829872	9.36390925720647	-0.366170859952791	20.5276867353096	6.10260770225878	18.6626681815904	3.47967618251115	4.92084133252586	12.8790929239864	15.652743930344	13.2546230851338	12.1309319567056	-5.31689660870063	10.8888577658047	12.2881150966263	9.16493061764707	15.5812440010911	21.8053116754199	14.8329161531918	3.15247395173673	26.878341069319	14.7671344954499	6.17752903619683	11.2111763030245	20.1690107488501	31.5766736466708	51.3216086591397	33.1704318923533	40.8476319222302	60.7809110719179	44.682288556811	76.8295330803385	222.684716297119	470.473413713507	670.864736163375	747.274676904275	720.88944470509	846.645539993937	1002.99071093709	2746.89745937565	37854.7887082789	49736.45808905	11231.2211400758	1077.8256576899	1054.23968272368	6221.44313148781	15240.8508853225	4740.9082078322	474.284479898676	478.521343292876	116.385034984534
293.283	10.7245195834857	16.7930557461316	20.3035986325049	25.29528080948	13.3376917607072	0.967708890672511	2.68108261253167	10.861202836996	12.3887485515075	14.7054937186504	11.4193217377006	19.3952683701624	20.7902878455364	16.8794498095229	6.91667039373966	6.47843539224413	11.0188145665873	32.7441448603251	2.6356501460197	17.185604336999	19.2631558444868	21.5842404772379	15.4584879166987	12.906019204687	6.31621375175549	29.5527007324497	29.5680254875773	26.862599688691	52.2214942832346	31.4213461046611	52.0826929342304	50.5177484121596	64.8037468337725	191.703985505642	377.76982827022	622.414192953948	726.931980815192	697.788729440543	744.08564349937	928.375051980549	1823.69505553939	31099.8961763227	41574.0838348808	11946.649337683	1000.26609719367	820.408720352526	3624.86524874185	13554.7424024331	6995.19681224973	691.309571380192	421.858164957299	657.448613687821	799.516896968988
297.797	29.0707180440912	15.792849013719	9.61884394064887	9.08438502059455	16.9897490931247	15.6139707585088	7.55070269207217	13.1949455759779	15.6838575249464	16.9224862866434	19.4210104921997	10.2739583918098	-2.23634021629233	13.4359190269994	10.5726684938699	27.8745262479617	6.62108651511297	16.6229514768081	23.3894000442183	35.9726931178672	20.8687235883501	29.2539616448582	34.9191510876888	16.5247291890444	12.6116136264266	28.2383894820721	42.5701902844005	31.8660934265619	35.1691054874583	52.8710867375257	59.0035502371241	61.4004771994485	157.562254518113	375.954492211277	556.37951895698	679.532277381692	674.56067923512	663.433730847641	783.04926180847	1469.28025766241	23259.477351386	36454.8922230572	14553.038987711	904.518485831165	744.627138807444	1934.10488648274	10820.9348916849	9107.14037346467	997.618094681304	439.436194643004	511.491976754748	392.246532709579	846.01279225519
302.315	-14.2693491682273	-10.9438771673663	-13.9589374631696	-7.36715317028715	0.333576434847844	-7.35754625341638	-6.48595341802936	0.2023979135485	-11.0947739379872	-4.74651140126471	-17.8923219091556	1.04337268110906	-10.9770661174674	-5.70379671007044	-3.45972645395573	-9.235484292004	0	3.41554957221962	18.3690827621172	1.76571805980784	10.4613485580421	-11.8977009160976	16.7319535283353	1.18699844718566	5.25246485071833	15.6845906726746	29.5419974628669	19.4169822771223	28.4115928558798	20.9747017923631	38.2647693202589	97.7745677667813	299.092732378867	553.430903363644	645.200212181637	611.603277583613	641.041332806481	644.256066361077	1127.85529588741	19141.4136824173	33092.5217959507	20278.2956957021	910.756310965399	650.168549217151	1018.53757550294	7477.73085520804	10352.9398337597	1725.93213592688	288.577769768746	198.342126805029	342.53912936459	174.37044959265	265.062770456309
306.837	-7.62309273636633	5.91149233370437	-9.41662098803212	5.80004238980832	-1.66325630064153	-4.89142672556719	-1.84798989055438	1.00918281322778	-2.48375567821384	0.262963719172169	0.877509714527662	-3.46826295161501	-7.66263484621449	-2.48849003450711	-3.10511780791503	0.682212567637057	-3.96115334124617	5.67679423431998	-2.08160637327075	-3.96184688604333	8.6936116607015	4.90953212092808	36.6268114345039	9.46965044234635	5.23789713193638	26.9172236839875	35.2083676058589	21.5145880544253	41.6025825119154	28.7159119081422	78.76783884174	236.594247087221	469.808659030431	654.791819275731	645.273547393946	632.670576556403	640.505495858079	912.174730496078	13731.1790257561	30869.0544920796	26356.9224437943	1061.78254072674	607.363393628992	674.156632897386	4619.6116539904	10563.1561426147	3018.52873344282	357.084078978705	244.610789074534	326.3568406435	380.406039394319	463.69822106962	-123.352888625415
311.362	-5.58320377299839	-3.17908886596826	11.4492261992175	-7.72361742840686	-3.32230899918482	-3.05327849632544	-18.6872533097909	-0.201581508569432	-4.73572343941965	-3.67683989069807	-3.79773695172511	-2.07832813461982	-12.3904934427166	-11.0065296876594	3.7903481916316	-16.0117362461423	-15.105291466321	4.53569652829268	-8.31590366921856	-3.07754255929304	-28.6526652588862	3.67749608272679	4.47095334457605	9.45768396356205	1.86831363481776	26.1566360695342	26.1934994513834	32.5892245361583	31.162508045668	79.665623822296	223.767616207319	413.254949392559	620.80208535213	612.283134621824	615.063106419368	611.880133159701	788.558812490118	9708.95466007304	28930.3126755058	28138.7449579009	1442.61971228945	588.253066263336	540.376358320127	2739.72772322847	9505.57673896902	4599.52880676648	431.863180044491	189.728672921505	172.448246574379	274.089638085361	147.317986294779	28.9445163264111	-140.796584832705
315.89	-3.54936138979526	-0.453697112304216	-18.3819679762576	-1.15737314215675	-14.2715079968256	-16.1660409927665	-9.67990580364664	-9.86752324341841	2.02754701713727	2.62366311724127	-14.5919361060842	-4.84453713309573	-1.45623365405983	-3.54690945944528	-15.4903176243522	-6.46629565321566	-7.90430859122449	-4.15352487255777	-22.8456506155816	-0.878410281066059	0	-9.38855883967041	1.62416007746667	3.93672377393704	22.3971323500352	18.145994914096	27.6008702906743	33.9873752494567	57.2525086086036	212.580929754343	394.690880461026	577.066344730575	583.549507148017	612.741950446939	619.646228435673	719.731223219001	6793.26664147076	27471.5293442214	28910.77936628	1781.75195806073	546.196770686292	432.68463594377	1433.51623223244	7628.32594888536	6193.03140539239	708.05458723817	256.717037003585	183.836788835902	260.205779841044	300.947580661699	69.7117635171289	296.381812213531	175.818074996649
320.422	0	-3.63538674464885	7.77369880375739	10.0466231125588	-6.64853596779676	10.9982838542416	5.7710716560268	2.42040444250449	-6.09237750557146	-8.67194724700959	0.584611733909957	0.69318453718454	1.82320580029768	-3.197328282261	-6.89560573376675	5.45401787068957	-10.076132156133	-0.756395163593652	2.91228248668087	16.2766024409853	-11.2940691600144	6.95047739252159	4.88027958798019	30.7555970956468	29.5367613866574	27.6260625032103	35.9026634681452	65.2168812546986	180.634080131433	392.894540079065	595.432891806457	602.436761191913	586.247272147094	632.058944512411	677.601277476791	4952.44469378889	25969.929610763	27507.614395288	2255.31587668735	536.512252355943	471.016123266818	776.113474571455	5410.07529290534	7059.90734166652	1420.20279507874	429.901566370595	359.502984921208	304.030347447043	357.681625553784	239.661005590859	384.028429402049	43.4423749974435	264.149259210481
324.958	-16.7696664351297	3.28236082158417	19.8426473704335	5.58216212937796	13.0348870234044	19.8605202491662	5.71683091771594	2.70568787528184	2.32836300180057	-5.42325881645759	11.1600696286401	8.94100890103417	1.50505831928344	5.498745590861	2.49039430370629	21.4562616623286	130.337860553497	8.58556886989366	12.0204613872084	19.5190256713966	24.6528669703946	10.5471074438696	27.2774935405427	43.1283728485231	37.0369030025209	21.3800098667785	78.1693987266851	171.19744442464	348.375580992873	592.591080275903	658.815460659775	610.108353839201	639.512775572468	649.609705366705	3426.08350516396	25390.0716599363	26784.5203550754	3012.23352362052	562.051438339661	513.019292336824	538.530327273481	3451.26774849773	7636.87333248587	2344.09798906916	597.39601893315	529.032708737166	562.585693028325	478.683371478895	398.758232169546	476.754605815175	540.367969148708	679.878566308391	1181.13392185141
329.496	1.0663443890398	14.3120742788021	8.16109445039028	4.46231415496627	10.8187831311215	-5.13172175348693	3.87754757605295	0.635255808144888	8.05420451700054	1.65529206151668	-1.84123608247062	-7.27728797104764	5.35937837574866	5.59444068157615	3.61962118076421	-1.43145354934835	8.31149597475092	4.36749209129041	-3.93096034204812	-4.15647560308398	16.417245405378	17.5982816826824	27.7522058500524	30.2185147491466	29.8311550911115	37.0167108450672	128.152263026251	316.00111792079	546.708044202879	683.613528920992	625.473059082829	630.25882684095	651.382894037541	2544.01285691852	24504.3154633177	25814.2315052434	4221.64467825977	552.567398422623	476.930880300556	486.841151547462	1874.43196964882	6942.96602085794	3513.46230426118	645.642188021494	530.612541564697	521.484968354703	534.884510028925	467.533377464948	400.036951964748	383.891108050129	456.107169203134	615.698397265226	1312.61445082533
334.038	-16.0977841213042	-5.28142800309995	-21.1820620064948	-21.2299099711716	-5.97094395235067	5.1646447312467	-13.1706820040649	-12.3604059720894	-2.38408144715388	-1.11060781479792	-10.8094506457088	-29.2959040126429	-5.00849319569962	-4.12891033148424	-4.00712746991875	-11.1649379580026	-23.193361917798	-3.1967360665992	-2.19787763190824	6.0423159477005	7.34336514526697	18.1431650075554	11.1721009523992	24.5798720688383	38.713274347356	104.4653703136	272.363658272628	512.252965683885	663.818142535464	647.198477629029	608.786356899068	594.450849914953	1771.39606693341	23760.205069559	24604.4862871213	5509.00510151267	518.031057146008	462.115082908746	425.900350047848	1088.52138966105	5426.61346467105	4791.41776705991	787.906579387032	509.085998699734	537.547418546993	531.153857740657	586.110525593715	461.484166675361	484.26354947597	402.016992338852	327.880972711991	634.948422329979	502.365664188407
338.584	-0.535341526489742	-10.059214338781	9.48813651058192	0.814630925805908	-9.11073699643545	-1.93222549764579	2.18999489489856	-8.71715336940344	-0.475704404374319	9.14114845932928	-6.16242522990398	7.30689726727801	-4.61244361877644	-2.62136136827824	9.44930591874053	-13.2948191199288	9.103978015364	2.39196121264894	-0.877100965676081	2.31854842586288	14.6524823919192	23.7035033052654	22.2920975938779	46.5512897312921	102.863293506003	257.872242495243	477.606422392113	628.152398955999	635.06913158417	635.606219479914	603.310244655703	1291.04763496512	19416.1224033484	23674.1009460317	7590.81386231482	486.608904223924	464.922688453853	405.602111230433	616.455748258553	3843.70619919076	5569.8758936545	1274.93096941331	462.548720745152	553.17959492728	580.324614024816	638.211438060755	612.34970739259	532.628902661896	534.289694478129	408.892768939421	490.674583546105	602.93922170978	1206.57863130905
343.133	-1.6045512795037	-9.09284486984684	-7.32501601490417	-8.13883617371001	-14.0036602866205	0.32174215909384	-8.26572445414882	-9.34641197865636	4.51504612344594	-8.02576120541499	1.2313544156038	-11.3153010479429	-18.8168671177822	-9.72755323684889	2.90481154449231	-27.2832256367501	-7.57968867136599	-20.7113133690302	11.3918525478171	-10.1922545394492	1.82988010196188	13.3479003581554	14.133930304978	76.8222171529807	224.437895310807	423.012522714787	579.256588294704	611.726369423609	617.878926370801	591.743067789883	1013.92829727135	15342.6423714272	23226.0401396711	9609.833808082	485.018245428607	392.399646588807	377.784422886389	389.537749751902	2287.24536926483	5592.21378136503	2041.62957369808	434.928365933542	418.018508018215	481.797396635438	510.287563108056	485.310045983032	492.68989668264	429.921252148887	353.973466691965	338.263037004684	465.71323619069	213.503937868616	649.100181905737
347.685	27.9267916177945	26.4298211747283	28.5554459587749	9.80683587435892	7.38220709617094	-0.646135082205673	4.88222012447769	6.39880466688867	11.4534198754937	-10.8377267568762	4.32749396406345	15.760073156977	8.09759192816568	31.1812639116675	12.7609020057888	13.6978079662354	14.4607335194489	17.5971496320263	29.9168093659507	25.5856010728273	27.1019169017287	30.6969315110189	90.3137041001438	223.493683181282	432.142368644278	602.344982537045	612.775088662456	619.172406263626	618.529208046812	888.273905669169	12795.1241948294	23117.8152305526	11525.6424486093	507.564079547271	379.534067490264	366.642344750568	356.588975690304	1330.53300284723	4954.24670724616	2959.47300078501	489.214054112383	347.458989902377	397.26619607435	471.668628841617	471.751838669853	494.692701357137	453.178149067377	505.653528621099	475.175965354137	444.166159592534	570.182501006337	911.129638009896	1769.10107392371
352.24	10.8891363448945	-6.33316242990395	13.158670299537	-9.52776947086303	-6.77120979536277	10.4806699284267	-10.8889443084198	-5.8383093322263	-3.14472762788627	-4.50753712308823	-22.875839166662	-0.371565611224125	-1.5636599865923	-3.80856491150179	2.95698455090671	-17.906441823391	1.15737399614141	20.2724106072223	22.3008853481602	24.9950807130799	14.4362844514768	49.9674523629554	174.833427532026	381.287651100652	600.833388003084	574.017042432278	603.131910602553	625.018444255423	767.297639778064	11082.7204077222	23505.9236434837	13719.9880689761	554.370903328658	322.226779195451	346.848041549522	278.772303888672	653.812962149698	3772.24295412801	3835.87931982732	673.755602833045	278.343624370128	303.055272431172	308.255412463746	373.01900017655	398.545669650355	466.224281870059	381.578053344496	367.252885027791	308.304723761338	368.177365077231	415.857773093178	659.778072076699	169.909354328508
356.799	0	-8.37412165340758	4.43510412758518	-6.28300974888683	12.2519342060843	9.60395537199554	2.25210523175226	10.4948840485347	-10.7623083358784	2.27888487720778	1.90115924008011	6.01130225530515	-3.95271408668813	-5.39141133667908	-0.747484401257856	-4.8036309933279	-0.780181290449558	16.3986633749807	13.980633932855	16.2132717087227	47.5585035226089	175.948647350828	351.359330164832	568.901825964757	598.207498706529	628.880309168904	605.96144536084	697.240817511227	8347.46177013702	24096.4620988438	16146.8657836669	729.135696068648	285.627572747898	284.116169716749	246.589028918858	375.838642503743	2465.89084551296	4257.04014146749	1150.38934010622	265.469082338375	266.093950998028	284.325203983735	307.625124110873	350.013097701986	390.308872530931	364.377347616072	366.474372354882	323.380129391883	276.669707253432	313.358310278364	407.877386414689	800.556878691448	1508.04722316086
361.361	32.1527898678854	-11.4085996211807	3.12619467778105	-5.4831987177297	3.99146736505079	6.66954626900344	0.503953335957368	-2.20166159097077	1.7241099272157	-6.31057945106389	2.55253314378857	6.05316795162993	9.55258260469507	5.04117696139685	4.51614152461977	24.5575128622738	20.4259863776957	24.3564859290699	30.8807786145948	41.2956545050364	164.532024038842	337.835640218991	560.674337224112	571.572737532866	594.619579854765	659.050814206894	678.763415927995	6584.45497150153	24559.5554681836	18572.6458481124	1009.28611716746	274.853645138305	264.130042873931	251.166986815049	233.676233291561	1425.63240354431	4105.77295127622	1780.97762343985	263.79932244431	189.484403931475	235.312571328453	241.164364021086	275.652206289219	319.628297138516	348.344273320484	350.583522019527	296.260857388013	303.819618745612	311.949683393542	329.025338291843	486.933767340797	671.77696220417	1345.55064484919
365.926	-36.699372172472	-22.8868680209061	-19.2624030310031	-27.0766317020328	-4.36762329982299	0.668991069397396	-7.32963514980421	-8.83353609249217	-12.3526730674229	-10.9333735185653	-23.3629830336853	-10.24590998422	-24.7528539959286	-12.4469400942149	-3.01995390815573	5.5982944132964	-1.97003403448812	-10.3520570681112	17.7651126911196	123.301936760254	266.337931842626	489.723491179426	544.129866299756	565.115355127998	667.663516488273	659.471159462978	5364.92411330437	24581.3280348095	21385.4119778675	1253.67134897846	209.90448847565	223.689775095524	200.826518883572	168.480786428984	700.315742108156	3352.52121166771	2513.74967131224	328.20527656438	138.362048120274	170.141351253931	171.711161721225	179.874895844566	173.835253356055	210.861952468714	223.182002094408	200.9451282414	246.334512757036	231.295375148304	198.761757922407	75.7445823892985	254.828109948277	23.7821692572016	347.055190720734
370.495	6.61841599650941	1.48049826934662	-12.441082127154	-10.0712649473651	-13.7184688194187	-14.5982607578143	2.25623838980421	-2.62853617506412	-4.65588944867428	5.42228455817419	5.39650359406603	1.12918770928586	3.95996827349261	8.48776638453089	30.7031048562547	14.8075286724804	25.0116195808445	6.9822225283901	95.7849631343297	228.835586060483	480.231772400316	544.798989511998	544.568542951179	639.315722331516	671.985339586722	4641.96439626733	24482.1798973048	22823.1333124803	1873.31596357085	220.842348460227	221.876920632069	197.59962036246	163.186952293566	381.859485076803	2413.00187592193	3104.22959268198	619.176742981774	132.785843368131	120.208665753327	150.601750241387	168.607607146713	184.566096889276	185.999945458977	194.376638819545	185.98645631122	198.229764047662	196.501179960717	232.516945104554	249.850107595009	182.457017991137	349.649000304266	338.109039744678	803.218024030535
375.067	28.5809943042866	6.88518889814144	6.64190347028033	-4.60009329205226	6.47583424107088	2.64508481419013	3.99727136520927	2.83777030212897	-3.6630385785337	5.68800376078092	-2.21443411816635	3.37589221373206	7.49801806119325	10.7653943437535	32.8361544950571	18.076728936865	44.3984559356068	65.4886325371257	204.867961907104	444.192137871131	551.445121217153	486.284691409653	602.991535870401	666.98448237778	3825.01051110465	24686.5364131397	24073.7774177455	2453.26813479528	223.806224152199	184.040276303162	201.045787862141	181.80031599198	207.289277026668	1585.98866075368	3362.85700163947	1110.83708011131	157.619249783393	129.482595060521	119.794519961146	157.533817250978	134.534904489186	160.019296032216	178.594202067927	192.157311997257	192.578693876739	164.082603001551	177.787750866319	123.581798464969	122.54942994483	131.023415016308	184.717503256091	203.733689224488	552.692190004303
379.641	0	-20.3716325389016	-20.4744428197524	-4.431351432946	-5.54514306496455	-13.6958069220217	-7.46061961536245	3.36452239855819	-7.76307402728698	-5.75332262118719	-5.18063743664059	21.6803788517931	-17.1070430837022	-4.44449796583562	3.95395623077654	16.3474926783155	47.6470799929727	129.327039862375	353.066578801806	454.498476917937	464.644928759366	491.890311282214	553.73679145855	3095.43210247474	24436.0384028091	23757.4822516418	2962.23466625777	214.062210767048	153.57047342655	168.055445701414	164.492671312477	135.444711152228	878.910114371196	3018.51373128574	1762.97723297015	214.263150612248	82.3890535598848	70.3621372613536	93.2818163434297	108.689477412163	139.442886207954	135.249878802954	130.335576911824	123.903300822685	150.67607223811	171.582285118418	142.72174398486	126.48907130888	134.918901487995	157.127508394691	121.323849634793	22.6454163752622	-348.825708377802
384.219	2.10176076115817	22.0970847167164	-5.92623180266757	2.79847410712293	1.03179583877573	12.643255229641	-1.67182566674923	0.834724531511502	3.50179558825247	15.2253471907549	9.67751829506654	-7.17175354529173	-5.65891849601387	11.3941754904747	9.9879635365949	63.8339382611603	141.852596524495	310.681748343148	422.260984875038	460.594804396332	461.555604556544	501.680121694954	2446.75039201986	24478.9897637633	24291.3230860401	3978.18935411473	206.898982005289	157.562933894283	176.503206069145	173.739784916131	150.209656450737	460.328945283462	2470.30637973424	2348.2860088071	397.134835521221	105.504089086034	81.3335057328789	84.7890272819878	82.0735947202857	121.090017312292	155.746330842415	127.186460273258	134.516655987276	170.365781102195	159.036113906604	116.612925625414	98.5285371940799	158.014739843389	132.031754158993	166.155793961258	317.052924309528	464.44093387919	437.266161515573
388.801	10.1585904479141	-8.63516998980815	9.00229929451862	13.9125238353115	0.332470169637157	-10.6941710405371	0.461745967957095	5.04316714416371	4.73913406502777	-3.94230848341899	3.21578404050147	9.35921217568027	11.6700394965885	27.0031836572339	44.4824597884035	99.2078918459411	247.257354791941	343.069960696162	376.98173969796	419.287186560208	455.29725883454	1727.21452403928	21936.4648739819	24767.4011456455	4934.03056959407	211.585080243637	139.679582308412	161.629949963895	152.340277897365	130.745717197389	227.077769991652	1653.86100335726	2726.65242672284	680.684690545922	109.100591846654	65.115473044696	84.0024778570363	51.281896268559	88.5638331097196	104.758954465927	91.2778376784151	129.746842228492	115.029893625687	136.046790706083	91.0719420423655	119.709787938099	145.248630558565	115.632258788089	125.834072479152	316.294959265412	294.848166778268	506.89383338726	774.938918996732
393.385	11.6645967492319	-0.434882891137197	1.9577435551188	4.4375136145736	16.8610100184069	3.80082142613339	3.3137474537063	-8.30016719748143	3.23911219187285	0.502972653275719	14.2665643064202	23.2182028221673	8.37507338452071	27.1985903986297	75.2296365000451	192.14255379416	278.609573316403	305.111103182629	366.298361317976	423.938825507832	1493.22451998051	18010.1934849285	24449.2851507087	6002.08619923722	215.39913972191	142.974606379476	139.153258787044	139.227928653853	127.249110410423	129.175786079894	952.17011762987	2614.27859563952	1141.31802491116	129.37139039973	72.6849817044481	51.422325238878	57.4141702768354	66.6853400744026	69.296270299954	102.12364743164	96.878729770054	87.2855237777671	112.46199317091	80.1633012878419	123.920977281937	86.865003118005	78.6061160768972	114.743556911917	123.847641515855	229.355451455314	155.915453354936	353.38179773866	758.37209038379
397.972	-9.87980496866539	11.7869364635934	6.44325484318477	7.51706552747679	5.85102436578078	6.7922856816806	1.49691374732684	8.40817007846361	5.43473870418477	22.1526843096141	20.0378688986687	11.8796288827377	21.9564096468731	81.6166339367702	167.361666711745	315.144254711455	249.355929737195	297.096050651475	364.208054341289	1014.71401250017	16634.0624841226	23776.1554806902	6683.42919443482	241.442266058921	132.306574364426	124.928517462321	144.343980212472	109.875005825193	121.515735405998	531.341301268184	2225.15026132795	1694.28793523938	230.367501059848	76.9365963832702	49.3197815561697	61.7661673790201	41.3947663050086	49.1234890144825	95.7037191426849	67.4215741308799	105.43904158174	91.3137510669128	104.229587977792	108.105533799331	118.406392953818	102.564487657523	104.761435750337	148.094058083066	94.9075338859245	139.616824746643	158.111382766918	563.409122483254	799.349112025574
402.562	-1.35697598524754	0.809458778359643	-1.4575994951873	-3.44152454853437	2.36859126376893	10.3397521653212	0.411197592169436	0.898216045399587	7.83775633994504	-0.468098007263786	10.1532773232664	2.46952238343551	39.9461483130465	115.489285235459	236.755956255406	335.173563361679	237.817515728178	276.545129406283	699.586721391174	12836.2021226746	24245.6576637561	7596.3496401825	247.755707501351	107.110860611935	88.5771146133465	119.787425497456	116.394420152363	83.9360439316663	247.385913731891	1618.69834162115	2015.0240588525	425.823791878259	76.6555759433689	26.5779152610298	38.4649282384513	33.8840487009238	36.4820055120163	62.8422232555825	77.6362288356643	52.5581716670685	68.2050296343591	70.1331855858713	107.447831564443	61.8520197405681	72.9174758638432	87.9490314578409	116.625186712724	73.7342785283232	51.2268488557917	83.6206133595605	3.45487461688088	219.252894761368	31.3683910125715
407.156	-1.79425071525535	-18.4626825640881	4.33642354158299	4.77805491578594	2.05527720559164	8.63472956891198	4.48554768140961	2.85038167118581	4.58381642558492	3.01732699633849	2.0653985034495	27.2448998663713	86.9572491029338	206.779020207764	296.299968583843	306.794165915576	251.095687351577	516.087773110908	10025.0835748762	24328.579691816	8834.29574310323	304.77862051922	101.654411705093	88.8067709828835	114.258421727418	96.3170097854996	92.2775373844889	140.206679302124	1027.21226250758	2154.39201513687	789.478866507374	108.886342409158	27.1047500549044	27.6270365451167	23.3473457895985	36.0270856328417	26.6770989500125	59.997007986178	63.9550008748005	69.9289663153135	78.7561898225093	77.5555162854219	81.7098270387946	53.7493611587931	65.67011654394	100.432193346937	30.4908754746163	93.2922120668513	168.277386407415	170.214512137638	65.0965723106625	236.61396464502	1244.29817379079
411.752	0.441169624430566	-0.789495088616042	9.95155493237253	8.05595086808652	14.7273635488844	13.2693983642716	5.81531521819136	8.23499534254708	15.2889073578163	26.0235381881381	26.1537255230992	84.9037326406538	192.904245896136	238.551976037363	447.457537802557	307.36381080731	388.254255071982	7403.46648406582	22600.4672150423	10708.2860798497	378.852024437416	119.33388941558	104.571652919793	118.512582972574	101.007815081472	73.5732809288409	112.900026381369	603.255396801654	2000.63877243001	1212.24173802442	177.174259005751	55.5178015230856	27.5772610056467	38.1028399167509	47.5421663682872	39.8624621758503	61.4602490575008	54.0590867979773	66.1060590028234	85.0093655365375	80.1919749652299	84.151056222664	78.7341319885738	112.568122290741	92.1645627917538	76.2488387888157	111.680697530257	106.633726890148	174.872042040344	216.773316132816	124.67767938912	559.771935432849	428.326529108236
416.352	3.90789101583022	-3.88520347452268	2.09883595356406	12.2236701650585	-0.284216418851118	3.65682009792327	8.28931960143551	11.3816117528311	8.10261993662483	26.0623644009607	65.4774804702557	155.571955315894	179.884870861064	299.181053024155	470.761002120515	443.863683975875	5393.50239356666	20251.6880782472	11736.8050121327	539.342096823877	125.158437248835	76.9026898629094	77.5392250534602	90.3477809742108	81.8330776225092	92.9243907113588	328.445701179552	1554.19904200704	1611.17558890533	302.595922635667	66.9999409811525	28.6646560320041	12.9679523824535	24.89871108272	33.4229872491213	45.269568862179	47.7558198690631	33.7223010812369	43.3754845475556	61.3848057258541	54.7107166674435	71.1992021853401	92.4560800523004	89.3684106133721	33.5700845976478	73.3404118857729	125.185435700668	93.9682618367812	135.231966180764	97.1709862622429	135.976912030686	631.416050797994	466.73779262426
420.954	26.8021471059492	7.99396359613521	-7.19740004913217	8.73962434531056	-0.556939809157279	0	4.25423403713493	9.96875553937145	24.1944219531582	43.5863113458228	117.778182379732	151.845805130416	165.862328547842	302.357445066299	371.997934557825	7208.65412063399	18918.2185094537	12202.3131100774	725.950431235085	116.816323321074	83.6926212143422	69.8679692123393	88.9172870580174	78.9422863250515	70.156197284109	185.745145370234	1081.80589870354	1757.50988767664	552.720004168857	78.9420360099616	24.6169810234944	26.3297729539545	37.2308198389941	33.4305813327234	29.628432285904	34.169217416466	30.5003141152915	33.4075931058438	40.5667351099035	46.13761658128	48.3319548617471	70.2341952943884	69.6418207718472	87.5614887994445	94.4751193528923	69.3508979726037	98.7217831997333	95.655414609424	63.2375569710568	194.552016097463	133.227622356041	272.933637092509	162.268066833488
425.56	7.51272797131877	12.3240352797639	0	1.27023804011476	18.8505262237525	7.03005649964686	7.58848028266498	21.5490638657809	43.5781976902063	89.8409589152657	122.514098599558	142.41877164995	180.701335495627	328.746752222382	5462.67408620279	17570.0929853687	12338.3897282331	934.610242891907	118.985232380323	84.2357241070238	64.9720909391511	88.3689760636076	75.2011246945299	64.1612935514837	94.6378489246886	662.291912188172	1698.63965432448	877.278533170693	113.987828689663	39.5969482943922	18.1130746010977	28.4142319167816	25.7999095121764	11.2279551222454	36.7165980209711	31.588128070775	27.8824937715136	45.7407875254128	37.1452216711463	37.5851426616208	53.4514489892934	53.0747391488264	66.781773771157	85.9031835135179	63.1637098166308	73.7755791427953	83.1558570604433	76.2481041344176	94.5370157530141	138.074321040802	111.576975923379	148.758119298259	0
430.168	11.4645172384715	15.753607841996	-1.64928251715251	12.4611377300612	9.11225545380822	10.5911183562345	15.6331568929205	33.6610751269121	75.8595110407086	104.659963439374	119.715997057978	143.346527936011	229.009811615802	3707.64134917738	17501.3634470907	13583.2277051831	1123.36817095169	103.97383644856	72.1148759487015	69.5134823542658	71.0925472197948	66.9133377772737	56.7231711725338	68.0290295855809	374.979137629745	1409.91099395098	1168.52056496019	185.470400140359	53.7443781094565	34.8461835950557	25.3843891787132	7.03903811144317	18.7691538123751	11.0147146272368	33.0176725094382	24.9802906656138	35.3586934123374	37.0989653211292	33.4650878840669	57.4875550418346	50.3219359579855	39.2784236432062	60.4739623869115	47.3306901408621	71.393430282228	66.7453157717841	70.0598753260111	36.8246182243182	143.459624952835	143.41978982763	165.750555836301	-204.306082505782	383.330031217647
434.779	-12.6617867948345	-6.21292424613819	7.89717669044149	-2.79689251409649	9.08994904081628	4.91404267436545	23.2066779629801	60.5064999763625	99.2651658857327	94.4706090249212	117.777345742327	179.232329009775	1916.1580331247	17982.255436954	17451.8659761282	1390.19809508921	116.634591957447	69.9573078401604	62.9042244628097	55.1916191055381	64.2808221069887	66.7495367782022	50.6969298635076	196.293859361203	1092.41507766117	1403.82850975582	355.444031229026	49.2800629009856	30.8417801901969	16.2407397745583	23.0713826735718	4.7748286553793	7.9431790343278	14.7467185483886	15.869571569813	25.5500042819682	22.9601645453804	30.6638945834177	38.9470279043873	55.7648464962904	38.8091176497274	59.2290154151119	35.190122744206	51.245360609094	54.4218079133877	64.1753504418515	71.80312164773	86.0964213945672	125.761964098435	49.6766334356246	43.6759863690051	262.036221329845	453.204925201217
439.393	7.30308599350974	-1.45213748089615	1.63429790657941	5.55656474395228	-2.39015270040293	21.7219865993798	58.2761231046617	83.9520933981904	92.475676760386	104.968696253136	147.818351180825	1259.0150925979	13542.0471361874	17831.100746604	1959.49156663324	96.402200510026	68.1351601436974	60.7298091673413	49.1908452690624	56.2301349577577	45.4606354390744	53.5669196504414	116.314429564045	744.670489963211	1449.25126072477	581.375307598746	71.1320721735226	14.3134970963917	12.8845359178751	7.6417939433033	17.8871171382407	6.69608131112472	8.45392093085611	19.2442338166109	14.8716769816045	20.6799983955771	12.8911338939597	42.0136016584005	23.9496398028707	40.8578344605869	35.6176673951306	42.5421683010606	66.9157187033711	55.4800556468248	34.0375842362795	41.4364186564495	56.1092780465332	70.6994659537363	70.3601482091485	49.3460918779358	80.5728342717725	92.5485041697109	-576.805119180951
444.01	-13.6388877091654	-13.2805357481597	-16.1583626798097	10.6823805598749	18.1175036054397	48.5033482541649	72.9339421345993	78.7022018941171	112.818414113798	122.048726522491	799.314763588962	10629.3313401079	15605.6540665374	2495.15432948285	105.664083587711	58.6957027011723	44.9103199776298	48.9909469939515	49.2923991254943	28.8398742869625	36.0262976380608	65.8793218359135	446.510314989185	1310.25344730891	859.96424073846	137.81607400365	21.2687110162509	23.2089626526977	4.24632913179233	11.1932879840294	10.2241739208177	1.10340664659998	12.5376334312067	19.8787920037887	5.58739876959789	2.78814401208087	12.0918948978395	15.9232834662668	14.2074574443611	18.6444411351844	31.9009341710404	50.1159442935795	38.5109363860213	61.6393114965027	46.8503704395611	5.51496849874644	36.6702105424196	9.01946044152239	18.4561089506296	39.0309280179528	33.7034303224547	11.4378802192956	139.094954502048
448.63	-16.1440730087037	-10.5697409944838	-4.12382207606117	4.49386974070273	25.0005877833287	53.0582473419896	59.2416178128959	83.0392990629032	126.136496680465	613.473632439154	8850.40757605646	15078.1943768308	2930.33622658225	104.667240575188	63.3538818982464	34.3575656081747	31.2490129855283	40.4650696490468	35.804770597399	45.362411195088	24.2489003896154	233.623034033007	1057.25432091819	1089.55639435006	240.890273805571	36.6379535988451	0.278361473317975	1.66694913146422	-6.11328009326544	7.69103764382432	6.78103104390783	4.87390801957084	-3.00832642708596	7.52635905734254	1.15463648801575	8.21042571631702	-1.2831630653695	-6.45591219741696	9.654832428302	23.6389967826529	26.0268655841472	25.9142787649142	18.9009355980896	28.8644870588321	7.77257901867689	-9.28015994881785	34.1491375568397	9.96006792092376	22.2969774720559	5.74684330762294	18.0452079068677	-213.318423083515	-559.789119532729
453.253	4.28169946204878	4.52773167850516	7.83954422739614	34.3543273021213	53.7594948733573	51.7477408188522	69.1783043436017	98.6288731466327	457.430812563272	6850.12956611187	14115.9439080336	3781.93493540538	108.715630277581	51.7338760241644	35.9383415674202	31.0899649591066	26.2021015882513	30.4358015629628	26.1472493267185	32.0303979412334	125.514858921647	747.361625047769	1201.30107201902	402.541334723331	53.586338974598	12.5370283735615	17.0606296301821	-0.274640977227285	5.49383799046463	13.8481360238056	3.21759374487334	8.83309706192749	2.97385095018884	5.23563074090264	12.5554476558845	2.70544469488478	4.75671747276024	16.7945455878054	15.2000029021818	16.9607129800268	10.0502332889426	9.98640533716335	24.9124406987016	0	43.5398623371801	16.0541660001142	55.6547312448729	21.8798341266708	-31.6845896863486	53.0225208450791	17.8384094880871	-194.22585919305	-26.9938500387541
457.878	1.92748545474925	31.0439838572476	25.7766519907278	65.9938686102889	72.4189511793452	76.9900876831701	87.2609843878807	337.130711480017	6680.11942742502	12580.1567794564	3763.47381145154	148.905112491757	63.1066089127855	55.5502793610982	30.3581094784315	47.0914723372315	49.7143217502968	35.5971099431358	32.8430215261536	66.4491477700863	499.532828725768	1170.91892679786	652.284804334372	80.8104697875608	21.0010887439045	14.0718073570279	16.6238193351202	7.8878917799196	9.24958780689648	13.4458653843942	7.16987091869856	12.9895095261424	11.513107988133	10.3704264233146	14.130161953849	21.7328469243199	15.7030391080288	29.9390746130391	24.5059117510272	173.946268885046	39.4156723106627	39.1309467784685	35.5853963699722	57.6047392011001	23.46267218874	50.7271972001299	81.322809544314	19.5022241898274	100.960055594704	78.7678951802509	20.6110695447444	98.9256977129971	521.311195963201
462.506	-2.67603678203058	15.3928978255924	47.7367718953003	58.4642066107946	59.5552736433598	81.4090948285827	303.915960409458	5129.83702326309	10707.2907914461	4281.41625109433	163.263340425502	57.9187373700472	43.3680621791876	43.5892668787528	35.2962506891179	31.8174594745231	27.6301495700052	25.6217327878143	31.6303554814687	258.287789222008	981.928052713545	866.653718298399	166.842696353621	37.9915288199423	12.3832802089081	19.9744807517653	15.4045410710483	9.71042816450473	-7.01438733256457	11.4672727812081	9.74366245032036	6.30929520165104	11.6828750656756	12.4492670472317	14.573149233902	16.8283505416635	12.1465026247329	15.8347070790215	16.3171240978914	115.863454210232	26.0585720095293	53.3042589314435	35.7599637488978	46.8861459882432	28.9272076979031	3.75412736045965	45.6996605576432	47.2756217653923	51.4131710850676	94.851250205761	61.318951015566	114.453438596098	26.5115655446956
467.137	1.13225411528174	31.7441966673624	37.3985767822104	45.0839822457891	72.6305298586451	231.805651836969	4900.68680089162	9425.5976414641	4954.47441913241	194.312895488715	46.0520797802459	19.0601557686852	18.6978053946695	25.3449715476097	13.3236012073812	23.3055982920653	23.5339242325725	21.0792845361613	111.304779707579	671.488108722262	971.671457337849	279.226787763563	31.1298148000878	6.44656099558064	0	-1.08054098471584	4.53577439226108	-8.52146906972246	-8.25670378638481	-6.58203687845085	-3.63979694828889	-9.34330920485934	6.55338494763369	-4.54217107523627	6.91701459295155	2.91470971788449	6.45705596692352	-12.0503354092973	3.08472805041677	-0.365452341632429	2.33876476609163	1.68399385677448	18.5811283628882	24.4743817115641	25.4542997183748	0.741254960121231	-12.3850980315584	21.215007184496	-4.0071967278108	42.2308024849188	-5.76546091496556	107.613847901883	-484.212188496855
471.771	56.5571408035653	60.6600701099266	40.7353617934044	62.1250794050086	183.138785340297	4279.36856687854	10718.9384214973	5312.62168101602	237.304660742526	51.7461031017789	37.0791423197038	19.9377971950607	29.5816282717593	34.5845677224826	26.9533029305117	30.4190498772	20.1703352471072	55.7843585989894	409.619313066014	957.403348340166	470.291198651649	65.7333714901041	10.197790244538	17.7387533851438	10.4781130684673	-1.87658023782582	-4.76609696879979	3.17127267326794	6.34372134355735	7.31587336666687	-2.32209228658508	3.34833897873701	10.9260405141925	1.85609607152237	10.159404514573	6.65289992210675	18.3085669250986	22.94793470272	15.9867460676295	15.957735818054	25.1441231046765	9.1915983372811	23.510946534474	34.3206180192365	49.2895813425223	47.079889191965	47.4081510857941	62.1087866081511	53.0233601755827	49.1986411448204	80.1032088038883	85.4370005482497	233.772996582051
476.407	69.7274514683547	63.3912945545352	83.5091940201246	177.029947177537	2915.88423713605	11610.4448363808	5191.50194318934	270.261978443453	62.622475162334	45.9192760034041	33.9086115217576	34.0987969374696	45.5124273215508	30.2564587691609	30.3765928394358	22.524464301092	44.915902719605	230.746519481237	816.487997340806	684.074458194353	130.760429720743	42.9256755536504	31.0536164017497	18.5278455513472	22.7839628168629	15.4792095265272	30.840962094615	9.99741275166754	24.2087502617395	21.3291568225856	13.3564793460671	15.1282873428976	17.0926397175336	22.7013952216333	16.6743168825989	22.7489801967037	16.4039542052015	31.2110714477032	26.7510600914928	28.1620901300228	39.6654192715735	41.1770508347838	47.729288889466	46.2568550283263	51.5224035930706	49.0661460913629	93.5178950471422	72.3105742825239	151.759812775264	190.471643691239	364.547008495988	414.641054195187	5275.13633837525
481.047	38.9721468325105	47.8235000467416	159.673777140065	3140.57259289311	11248.0306369863	6022.85086975735	303.673710664206	50.5613950864414	43.5356669163145	26.3112503969983	21.1490546759805	36.2220596361244	10.3931819308568	32.1947189428046	19.150241353165	21.6737500030537	94.416632202106	558.326639855814	770.782161899631	232.122619260012	29.8416739908517	18.2269407482658	10.9972326872619	3.16986289679818	1.91272289512766	8.76672877855835	4.4606055737725	11.7847231764152	10.2153204657141	10.0978121578412	3.57947665621086	2.297116959112	4.38245000072529	1.83931021982477	21.4955297431588	2.57976529699903	12.095327309956	11.2100573254164	30.6731334062133	6.82852223459086	4.98334577660425	28.9815046664371	37.4600473982982	37.1496412479194	29.916842480381	38.6354397728137	23.4897045829039	91.7990607309494	63.0526036383934	106.535877581495	153.087656362854	523.860601708285	13397.6028782799
485.688	64.3211503213837	128.412954623732	2491.16051563884	11098.6524518449	6832.45363856517	465.878421151202	40.8971199867596	33.3715236761135	25.2740810710336	27.7029540174236	24.6091307820592	33.2392386772467	19.2202524458737	16.1249104322211	28.2697098289423	57.6460369116296	328.784481333733	747.27858000695	388.944162227145	52.8161549982756	15.9003982062786	14.0677445403618	11.0160546765093	16.1651034727407	8.48512762101444	9.04784634234452	4.73107763824804	8.13225960278356	3.93569392160034	15.0429614534294	7.42732050809249	3.06806469585456	9.29636609032717	10.2651244631847	9.5396353469384	6.02975477580949	1.81740430660005	6.416710610512	15.1939934025845	19.4405951096069	28.7992781254997	22.3954254817346	36.1513258776446	31.9719245191801	50.762199977322	21.1763280846496	54.0316398898441	70.0120890828028	36.8436363530912	182.687115389401	127.791390854874	3546.08653245554	21349.0901987956
490.333	93.4525304755682	2355.98993327276	10733.0067679244	6737.26987883483	536.39734004959	34.4916277492228	27.5851029130412	24.5462599660429	18.6926997991246	17.3386684842264	12.2147036318604	23.6304703101009	14.702761928718	16.6684508931729	19.2099646117357	192.173482282274	611.005225905665	532.064481895657	81.741160393815	19.672629503378	2.86609215503257	-4.19627841858641	8.94448330766153	0.289068059003782	-8.77114534481809	-11.7254257350971	0.526413732331792	-9.45718065910945	-7.61969695680825	0.519451481471597	8.46365109402339	-5.12062423534318	4.91330769401285	3.69009283812479	-6.82359720862541	14.9517953307369	3.03326215720531	5.78315200138846	9.12920224382986	-5.0472344139705	-3.07623826533417	11.6287553513282	10.9981091344795	18.8951824251431	16.536201355676	-3.65621989717725	-27.0537702548225	55.4604958437433	97.5092508902258	126.792693869267	352.630938330674	11083.153550502	17080.0260327915
494.979	1853.94316968032	10353.8164770267	7511.29668722051	641.145004197356	49.2130718073292	30.8983001285414	25.2078498902366	13.451823650134	25.6323141698068	25.0368171322237	23.1363244167301	23.1149703432811	5.3447668201722	17.7046240887234	111.938434851197	451.926926842913	594.987711904551	189.586726063463	33.2349503266847	14.5080025464526	10.1873247494258	18.8772766563481	10.4319279532233	10.6921332341564	-8.76836942699803	1.59841565972031	9.20932479895537	13.6560487885174	6.30396037469236	9.34716751096082	3.33311037598549	7.42255528547809	3.87769951261137	13.1747320954064	9.00429770665274	7.18608814551464	13.0388993804322	11.8838280056345	31.4350781356066	16.9389243835216	28.446198367884	27.8171438665485	8.24597131546777	19.4139024896437	34.2864520032553	40.936702978909	24.427929985485	97.2866745192959	105.382044190634	141.238573704878	2683.6955951908	18084.0197799844	5007.5228665596
499.629	9795.90722136901	7567.37156954528	667.515789134308	37.481749470276	29.5785791080433	25.1780630574601	17.3410397099301	19.123681306653	18.431577828968	17.6324217329646	9.59337665479318	21.4861818162507	9.83985873451401	54.151744992149	288.672733393967	596.66321743218	288.964566999897	43.8568385381032	24.881167843137	-8.98341603915366	10.4547218962874	5.66553288399391	7.11862554657574	7.18937304265795	-4.90828461827742	-3.18132540642178	-5.49879352984441	-5.22685056895261	6.53477462560818	0	0	3.56592209823817	-0.771778223199993	5.24433174600537	0.543068076020181	4.29073964292472	15.6914903637989	11.1869333434888	-3.02734891056246	8.60770918061802	20.6573518503827	2.89217219400258	16.8678376028642	33.9400790098181	7.92074886823476	24.7338728782722	53.8280562003532	81.1995056185381	166.482552233627	198.216488491885	8498.64248156811	14410.7736049914	154.120650739441
504.281	8385.93524750804	830.407361685655	45.1045926142007	28.4929781440421	29.1237290243848	24.3118848435962	18.7072153402422	23.1193732440025	20.4274631429275	13.237972872972	25.181943676897	12.651982533348	23.6932918902574	183.631713267088	534.394683987568	404.656782319177	84.3355273001447	28.7158578996692	30.9817067508529	10.2773635335407	12.3683398642996	5.37288972959522	6.53214545065139	14.3935948226483	16.6508085331976	9.02306370185412	13.892239008137	8.63320964072278	12.0364023187298	9.57008687377888	5.10825971959996	14.5333900673237	9.78595289017335	14.9617803656904	22.288784699288	4.00882592314154	9.3642026420812	13.118226385465	27.2742769169069	31.9532184952207	31.4009652292863	14.4757945062803	31.0323638329663	24.0439370725473	35.3752195456873	58.9856656604824	80.8254655630083	179.240228098229	199.460475837365	1785.79065589771	14228.1200498244	5444.64092312685	527.122680950638
508.936	1019.21578727583	50.1698357859303	32.9864475214241	19.0850865786806	23.9039504951299	13.0922079334591	22.1324172158926	15.2362641657785	17.3727018455044	10.6888054799798	19.3204565085033	29.9574119349496	93.2280954566063	382.927961664084	482.071680578333	135.184741797563	33.7181697806293	18.4048384410891	12.9939853657424	0	10.0963763857675	2.07874976392159	5.31709501881876	16.3246122729803	7.06069725507695	3.43231556106949	-3.12929404387355	9.89032799298312	3.90480071003463	-3.85988322305443	3.81156196008182	1.26832580664853	5.12410794828652	16.1908205576956	4.05632315254366	10.8253391065217	4.80836959932849	21.645565077024	10.0498188135776	14.2874046270913	19.4297884593887	4.93769615358064	15.4366697609776	11.4403466056182	47.9365740145746	39.8467500911403	73.4941789696813	148.255846560721	214.104532610085	6537.67419043184	12560.4935512139	878.248142851612	626.747596617796
513.593	37.4067942312725	13.453894259012	6.49980474305984	-0.558059208938565	2.64053685210647	9.04502561436148	5.66759614241475	5.9716462503714	2.93291223872929	-2.84641007156183	2.3218477497004	39.5438981247051	249.092325291572	484.596416959191	227.060079569275	17.2305101087317	6.49649866034677	-4.6427060765738	-8.11152934420316	-14.6124616520216	-11.9196694630528	-5.60948299199939	-11.7470000167572	-16.5143344122288	-5.39969587442705	-19.6865757431169	-9.07398868849035	-21.4768335776583	-9.57578530507525	-11.0006012835571	-1.51575160592144	-0.756566559218877	-15.7922869232502	-10.1252752662727	-6.72119286550132	-4.24829076856694	-14.3411559717034	-11.3927240379043	0.999132977860131	-7.10212661330389	-17.8016728625976	-19.2267569031879	-8.57616956144819	-8.27182896354528	-10.8586908220757	-23.7689073694474	57.5935543170362	105.133476353223	1095.44233720892	11213.3259364986	4952.38002386356	-78.4254627152644	-63.5816308560337
518.252	16.7860958754444	12.7341601968726	14.405066196147	8.05174162222442	4.77717435467594	14.2685831255317	8.45924695621996	11.3043700994373	10.8628282767407	-3.5875780485762	16.1723572759293	143.943407319921	434.929481544359	341.288140182393	61.9337682590279	17.1450866209513	11.6357238880915	-2.98921052283165	5.38087661004207	1.89652403880457	-8.73937139492493	-1.46886129664424	12.2732001624046	-9.34950395682806	-7.25344992272493	1.0447453786126	12.1246607504581	-3.08969033411675	-2.83274127227259	-1.78191735270433	-4.27333811807651	-6.52440306704335	-5.57593324726776	4.13336505180437	-9.09550495494452	4.22722906973934	-10.1079570412042	5.66812123511885	1.9883591771993	3.88680406820887	9.04514947826349	2.44231106135203	16.618163625017	13.889508444489	33.6151101200656	68.803108509338	110.339328755264	145.636672083618	5010.9532319284	10452.9413571135	705.169909848751	249.717292046509	923.689629620667
522.914	33.7392544631211	9.7384002978747	6.13760787844906	12.6972692609858	17.0975648064804	2.8370795343421	13.5218478738354	9.79763696235787	4.99678278700969	11.0754258614622	79.5551397867421	315.423490902429	402.699336713137	131.20216398573	28.5697309740079	20.2106556007262	4.37009099669809	12.427458299103	-2.67475312244811	12.5697823662497	8.06781958913521	9.63796597500378	12.4921631596232	1.6899993821011	10.6832037122928	7.01091815379935	8.46342876812348	0.767919380752338	15.8732764517628	13.1599283973366	-5.99777600808376	9.97902457472674	2.26776506203673	-6.42073069580036	6.38292593434289	-0.560344591808076	9.16234899040261	-0.939179373595908	14.8257532271882	5.26928741670608	22.1063572325401	19.8292583735224	40.1868977361395	33.2427645954654	46.5480808050609	79.0897989106625	95.2399843924583	826.920810809756	9288.1194886291	4911.8442187016	263.243418547035	113.786496535182	1949.8247168294
527.579	10.5198529141683	12.009563649579	8.76718629832596	11.5920681239644	6.6484273902994	8.07400509744482	6.76028782130719	-0.288138680331688	9.02559705291763	38.4787911936458	207.951349231002	412.933187699127	199.247094210267	25.3752068775356	10.3432396820453	10.7130744303655	10.5386395841743	1.08054687267865	13.9668409720319	6.28429985604748	5.58488804644053	-0.292032095966688	1.16195235427285	-10.1390422499355	1.33527482010252	-3.11567045198322	2.30799067330906	-2.81543947467914	11.0078494871599	2.53051734962756	3.74825730927228	-0.498904283870747	-6.0468045190333	-1.79763544463426	-4.2548835889745	8.96466992992079	5.02404122061744	6.88666739895482	9.88290554354411	7.37630830275417	7.11832659131597	-5.66496934184207	7.14366518545123	9.71620154974867	44.7535588768522	109.005411802493	116.487948437514	3804.90518713022	8940.61077335546	847.094285753395	85.8924018209782	289.611103588944	2226.36453962081
532.245	-3.99268752728498	12.6663381864339	13.1586841441746	11.0467008641384	10.6913951361454	8.07885823649934	9.07412980417463	0.576623750606349	15.3204840498587	123.769587059745	350.345412284414	294.527984378523	51.861444120258	12.1874205395484	-1.72490946952343	-5.11613161808674	-2.82913941163291	1.35149546242951	10.1097453279256	-1.25761544710265	4.65687085171974	8.47402130480564	-0.290662695726679	3.66352156647817	-0.267215485949826	-1.81856688147164	1.79618286161752	-0.25610288951295	1.28075187293485	1.5192230388197	6.25085053206048	6.48965416125934	-3.27732120317831	3.8543913662686	5.58789147376834	6.7275438236742	3.25280422908567	3.75862191856487	5.27405118937559	3.8661029884351	5.2482354762761	12.5514005742557	19.6568875633342	24.0492612539591	79.4106813982434	75.5654829881878	570.028014995845	7411.37504696649	4604.02205219598	173.052372853184	155.253731968459	879.705021665726	1686.50943961273
536.915	7.32043739586415	-0.327507213241148	7.07694120742585	6.96220823298497	3.35416405004224	7.70638505453183	7.98579086786592	9.73961377620756	64.5615258261042	251.323933078594	344.230875766074	121.149282550613	24.4404318448067	9.98549420878936	-3.97578276179805	-10.8095966189503	-7.78067572487213	8.17711752409112	6.59657305711314	-9.82842579157079	-13.774949285892	7.95590731661963	3.51726378504235	-7.67279441140022	3.23353276960455	-0.26197849025844	-1.55252340436504	-6.71463212229301	-8.52399786966192	-4.5959700491349	6.05124510998224	-12.5849822456734	0.254220198059763	8.81003969395113	-0.268326190793562	-2.82669981882747	7.45486265745164	3.79020795988956	8.64235503115248	3.18975730375308	26.8397226032431	7.75744123953556	13.9655539923572	35.6030636218236	68.0362114794997	113.581887514365	2919.56228002408	7827.53744301917	922.324584942868	97.9373998546859	55.9137234963439	1601.99413766369	1193.01589198804
541.586	7.77379868924219	5.96211480817442	8.94669352635707	2.81652726516758	-0.72691641963777	-0.222684311147304	8.58131474620663	29.9919055654034	168.254184003812	339.991642861183	181.954415954666	31.3262026509944	1.06314592287954	2.58947616003743	3.26702889786719	3.23003422052045	-14.9512628449333	-6.89169348477672	-3.33576418039411	5.45102470594744	5.0659893765267	-12.5164797564353	-4.44653702974234	-10.9214513129568	-1.36261443323041	2.38459761043941	1.57016436160591	0	-2.61238001419662	1.54939765757482	-3.57000232214723	-10.9460648901753	1.28554421102944	6.55157801243903	4.3420018881257	-15.4376222874389	-5.73007358258818	5.43047319846845	-5.37880373713712	2.15066784240574	4.9701556130198	0	13.6686206015169	49.5756988319703	102.909470464705	370.063913170106	6179.66203507624	4146.03396242027	125.771425840098	115.258460425493	446.737557787072	1672.97237289724	89.8510952250497
546.26	16.7654400784882	8.00069141510668	13.8066268181454	15.8741483836854	12.4371779731677	6.72356060901919	28.2805971358239	117.63308044816	293.651553882674	260.829152380639	61.9713591363015	21.357666601664	8.55995169350905	2.34554017091555	2.78221544768917	7.25187346861346	5.54384097907309	3.32932076660057	7.63011551982096	6.45427808927207	16.570517988337	4.19903404062974	4.17683326299357	11.2810575111355	4.11417431311029	12.2664495070296	7.90139128421119	7.62328721288132	2.89212784316671	17.6729482673947	10.0090652107194	7.94217963142694	6.46912391649706	3.42876491009292	10.6518019055603	-1.43861672221936	30.6560658744736	-4.82245807944319	11.5035816969937	12.2656186206835	20.3934617460273	22.0260272409092	47.6897693948667	118.17244098911	97.4438000598329	2195.90424756201	6849.09860514163	1006.27426525	167.456851405087	228.376721512007	1084.19850280473	1311.9428259174	116.266953637486
550.936	5.63046736568241	-6.04560162666246	1.20959640835355	-2.28477342200662	-5.89676278354711	7.9030887018561	72.853550468587	222.424133349948	290.187485065861	104.493999406121	18.3638123630801	0	-1.34754129355405	-2.10058904117204	-5.09657959008338	-9.82579207178992	-5.58549293673271	-1.11811153411271	-9.22493047761413	-19.1831724981815	-7.70539177811364	-10.2742710612346	-6.9134954558168	1.16572454304302	-8.01383081922378	-0.805996286912727	-9.81826570466173	-17.215053779206	5.82771392654071	1.30924474792884	-3.61999266038465	-4.90436015227837	2.34638197386649	-1.3286638034847	-7.70490428550776	-7.82689678205966	-3.05805850214289	-12.6325943816664	-9.20383174702173	-12.3577726037047	-1.93836620739655	0.418707793886845	54.0540809168777	68.7903918391205	263.037355346671	4952.65578894472	3943.42693482042	160.356773346464	65.0947589040999	248.353874638436	1232.82952205071	470.924592338125	-702.842939509621
555.615	18.4195537003548	14.1268764817416	3.93689367814885	9.15235729510179	7.38165097680714	40.2511831748172	171.719155888116	288.884266725906	161.33789760963	30.5378575566608	6.27439354716982	15.6489401972007	16.4638632315321	11.3070522899237	-0.765596441786329	-0.756927099020433	-3.72906612488429	3.91906989013953	8.31448679400151	7.48903901336514	5.46590704181511	3.02623004595602	2.70920701656699	-7.58820636747063	-3.04414050346718	-2.95960878725381	6.90933486281828	3.71323896738677	7.69313544055946	-11.8003037455796	-2.58946169409816	12.1494452619462	12.7932863479502	1.5967105189644	-0.551149031940167	12.7734542091263	4.28749534635433	7.46080376410538	7.85167978150927	9.46377631872766	17.0823784282208	42.7701775686496	77.7287608009187	117.643311814179	1628.74628241811	5876.06359242274	1052.93045673359	89.8033387266473	67.8500161630665	663.84775847386	1343.72457450642	144.697923597593	156.413995238922
560.296	-1.1325936115419	2.36463834216854	-8.51604984957991	-1.43622612338405	2.96540030501272	110.600588938602	254.829068453642	216.361050474211	42.1020088491563	0.58604369388204	1.08645962462488	4.89529114769511	-8.94510997419617	-3.43316065766267	-5.89489830592885	-4.81455585950443	-21.1333803733701	-15.7439183782877	-0.92781794541115	-1.63507655409028	-17.760117687013	-9.11786217898193	0	-9.96585426964722	-5.28074795040841	-10.2682172649393	-7.2060369939639	6.65939387182509	-6.92705376169553	-7.37409169647848	-8.32203042015819	-3.89421279686672	-2.6221399685769	-8.28526606715746	3.8746896147982	-11.6623346699999	-15.378552517499	-11.4023838055999	-6.51415628795969	-15.3536006083077	17.9359061822319	16.4238631757536	67.8414540797753	199.047028930345	3970.81934065259	3751.87472705247	132.737267060656	24.4045735616483	85.5124959973532	966.08967812294	645.925239322347	-113.028420698322	-458.17589544693
564.979	16.000150246264	8.18087668844824	2.7621330256549	0.289850954577352	64.5838251127463	221.603629910548	249.002275869985	90.3252139445717	16.0795769924562	13.2070390693993	2.8504200030484	11.69928597568	4.3763660932758	7.46157869355107	1.81037456322894	-2.30126724424753	-0.269937857195263	6.24121869768733	-0.312078198983697	1.9798908777405	-3.91008603438184	6.44040206927486	12.8127018403335	-1.18308929304164	10.6573039536545	8.45269238261197	8.61796287805952	2.41912951631367	-1.0753680252957	-0.797248433597632	5.51087465252802	8.12104714844107	7.93777971887168	-1.61814685570711	11.170967592027	4.70725156946071	-1.86216698943432	7.23222966946881	6.91920959267131	28.034735213064	31.0823968239153	78.1898629400212	105.029724878448	1358.70926226033	5187.46089878438	1108.83757255761	111.61782181296	84.584813508117	357.287153041896	1150.92020818094	314.253345239221	184.658455705319	568.008148516804
569.664	8.44230160808392	2.40353282242751	8.65612511049917	51.3867102372667	144.931646110993	262.928420397358	132.91157799454	21.4890488332373	15.5151442921922	5.95683165794557	-3.0921243642584	-3.14261733341754	0	-0.805299370069518	1.30257823018801	7.72696977579644	-1.90337889053101	-1.42882860702418	5.34411462555039	-2.65915347466361	-9.19023276360843	3.39820663614342	-7.68236346688259	5.36282283752178	-8.47517008777728	-7.69050420446807	-3.25536207109053	2.43681485099375	4.60372593355375	0	-6.87286792963419	-2.63884420374767	0.533053986910649	-5.16159228538031	7.31421228339458	5.0380185239674	-2.18841068036947	-6.29167878108703	2.78791731965683	2.60102375533307	19.4198960904964	63.7796761342061	151.139367430453	3359.39465849336	3503.36840994913	137.168544431705	84.5502305372162	95.9883936377428	627.446808426434	909.171867722965	5.86205058847035	-10.9416719621377	-665.303069524365
574.351	-2.32216837293518	21.124484751194	22.7610674764845	111.898951355978	238.386308133692	180.434584302281	40.6372298517146	11.8356762745377	8.4258704854918	9.61257147999112	-2.00482144500727	-3.96192077831566	1.94517816987231	1.35366244907427	-3.94120788479302	12.2092810030897	5.2105681686428	8.06997959187676	10.4627309097944	-3.3524143369193	-2.64827291799213	12.7745387455072	3.40919466174596	16.8272537847887	3.13418137803495	5.26325796297914	7.11370208996208	0.546152959878263	2.1850168972424	4.85973524709883	8.79797782594491	-1.59686893908085	-0.268810032229872	6.30176500755419	7.94431611368124	3.28781820926365	8.82862539206061	2.33784252176604	20.7370123919224	19.4873997900302	58.7587338863161	87.2070676064675	1001.7772556356	4504.46673557373	1189.88886527512	55.4894314382763	94.3462307958254	166.427243710771	939.643961925661	459.421300418766	109.37688810816	93.8008747804879	590.481739856042
579.04	16.0109904738907	15.0250744409753	71.1000804705613	194.911806350446	233.886236374688	81.5153584501619	19.3477514860024	8.375061398513	9.02223074059166	3.43509817137137	2.0228681950033	5.59661857915122	8.4115201308082	9.01459467326867	-0.795337071029299	10.7465230642189	6.36430821905139	4.65292738345841	7.03794200492976	0.676518335886271	7.01429349777982	13.5182885936636	11.5705159566852	1.21276623181396	18.9743655509697	17.3294441084627	-4.69313594024389	6.33729638681985	11.5745999672017	8.17246833624885	5.38010567165458	2.41686515013581	11.3916504505134	3.31747379721821	8.01582826113462	5.73007886280016	-5.40848795228218	14.1533221144979	0.354638647910563	41.9725559828421	73.8070880347508	112.821524777468	2803.11746184506	3137.35919504939	138.753113545331	102.007227238172	108.010284351157	444.508325946358	968.83343150971	201.381259462648	68.6030717488993	50.106303380761	311.43937449542
583.732	27.1181241332876	45.3642879358247	144.061940707789	247.893448311221	147.920248336666	34.517476262353	15.1844525728043	13.4235969024991	6.46083308923388	9.15121917264235	5.88131764519768	9.1193008477792	12.6981940319492	9.07240471008204	9.87206272646273	2.63791215864366	14.7596292632962	22.243140012056	6.76111789568375	17.0214201509017	16.8077993503715	27.842750873374	10.0711065584815	28.0725034089858	9.83735753566807	18.0031760095544	11.3913259961118	12.4785725393962	3.32823633121914	12.8856419948723	1.08292159116145	8.10788118839684	-0.272969152349274	-3.89520664286285	15.8463510677642	6.98089403034968	17.9304497654999	23.7401441530593	17.4887332551803	68.5000919715038	87.2693321732683	701.874952113073	4057.49893533119	1116.94638222809	64.003008969631	98.0300522134375	132.654444539802	738.970677433756	621.748624265761	91.7763192433356	180.112223465824	302.565791989126	1158.35271092566
588.426	13.82633711023	93.3161598598838	190.312621630729	159.299690249452	30.511975952458	-2.37637361976666	1.43647722331964	-1.72580482832156	1.57963901035156	-6.33660565326182	-7.95788897640014	-6.20067552743083	-11.6289859392374	-2.48702143569125	-16.8956644228137	-10.0756360074038	-15.3953941573502	-3.53014295619403	-18.7696317157836	-5.81705610295152	-6.75770749765163	2.86220359141969	-9.17389476993318	-16.2554025562714	-3.78069318782866	-7.35141677453061	-1.1170663223927	-8.36184653045249	-11.1511959123801	-6.06260715168333	-4.89821754998143	-12.7676956823881	-5.7618428547828	-17.8982670649572	-0.289597712641887	-3.66094326954822	-6.43667669495112	-14.9991459724496	1.43499639029125	41.3114985004352	80.782432506379	2323.12381641411	3028.14829838198	133.096992611537	79.9279827621073	14.7413635715465	209.264854606126	810.499015575557	226.490957579371	-21.1402747500199	-87.5021005359863	-140.797394337283	-520.515940217586
593.121	63.5223643439971	174.422295712884	212.374349607796	72.4966398752583	6.75661617739498	6.44831227967004	3.60916159595803	4.25726155877048	6.7029582167404	2.67058197576244	4.79862376857975	-0.812830514731732	11.4021186153364	11.94188952613	-1.34763507101346	10.9254744185786	8.72082137812147	0.886951507403205	11.3831740597662	6.87783735097957	8.48939961640268	14.7022369959029	16.2141246341023	9.86368994862427	10.8142743010386	6.81987654913445	-6.7359333883776	-0.280122834566644	1.68104863965578	2.21561505889273	12.033329698735	-5.4602463230138	5.51492594345489	9.55602993819091	11.9329153172335	-0.613210133741854	15.2018741394102	-3.08335790713365	28.8435279201089	64.1994398474354	456.777287938649	3634.09304762213	1151.25464906784	67.7209881481828	54.858079752611	59.2604879891135	440.166080246815	689.581626216939	112.407014956502	137.133596316359	87.939917373787	-62.2608246589935	-96.3642735607782
597.819	131.008797605637	207.642660009378	105.864372021503	24.3117694445682	14.9022107715335	9.85113110913552	11.0745506075167	7.77289130050554	7.27589993361691	5.78682751546392	7.58632232995548	3.54357836961424	5.16200015937402	9.22016044988729	7.8635788037882	7.77453442440522	1.6981141975351	13.0873357181587	9.81604481012191	5.53556345481292	5.46609149030469	4.18012130552413	4.15802052170142	-5.27179241174581	6.17497064023558	2.57292855105834	-2.2588972373614	13.5272555609202	4.22805115755071	-5.57255369859874	13.7569794671692	4.11996421315764	9.43210336625817	3.67588471338936	10.5410809354375	11.7214912972606	10.4128400704947	27.9181344186736	73.2705930220964	78.5110436999801	1761.43706614681	3066.63610809619	170.095237866853	42.2298097386913	43.3635866736106	117.669209373616	695.607395206757	310.954553231187	122.982304226144	52.4649455111487	152.537984912219	256.244553119675	55.3984926875997
602.519	168.266678445666	147.679268074176	48.9695483089021	0	4.47940149337872	-12.3500194528839	-1.82974892302626	-3.35738412220947	0.715415055303834	-6.45712841469422	-1.39015691660122	-2.74722299420617	-9.53794187602751	-3.0975080745141	-3.00614658522234	5.67402063465241	4.84908489051278	-2.69796492448281	-1.64884755663425	-7.32244922188489	-8.95211154610227	3.24071437718961	-8.38130890018705	-11.5639532285799	-14.2249930473367	3.45749599711076	-3.98409555547679	-8.80491919151493	-1.42041157213616	-6.7395473880525	-5.82327905975461	2.49137967559097	-10.3449067845996	-7.12448967918094	-9.44338831963916	6.52850574611284	4.59137197108708	29.1793682044453	45.6965668695764	354.708281574855	3148.49085318911	1333.63243049109	29.2323204523452	37.453897709807	50.3257291697883	254.579055668856	645.396642184041	123.32152099073	54.1379981567512	-39.1679354853821	18.4482202127984	80.3462085295499	-83.7499257271945
607.221	179.127661386616	52.699428209027	2.94505823358531	-8.34425937265688	-1.8611069693985	-7.08594357642674	-9.41594477477437	-4.0329605381645	0.18046804360163	-2.31191914356563	-16.8324486108613	-12.1968818177664	-7.87420509043229	-7.67159650321307	-6.34231095353632	-2.18104099900015	8.3466286176869	0	-10.3151232355532	-3.16651689668763	-12.5071069669277	-13.079856325354	-2.92740786343149	-19.2369698256549	-3.88737470228872	-10.4661069190508	-14.3573385445158	4.87208468468448	-9.45932972012263	-10.767262786565	-13.7102891536579	1.11727382764759	-3.1032714729706	3.45062071687913	-8.93308263354192	-13.1748601140927	8.93470943695702	26.2881538603161	50.535475189642	1465.85683068871	2980.99953747385	173.07936286945	27.9963576293665	24.6220249162172	8.68604475004411	450.731046742431	418.91460583672	33.1064488480016	14.3754292875898	-1.97607266902142	34.1270017878318	-376.402877574971	-535.203571835455
611.924	115.234991238685	24.9517379284331	-5.61635156428724	-7.48840387778321	-13.1529558455147	-0.246691211984672	-5.96482479457747	4.88606460785078	-5.46607456448926	1.27316647148047	-0.708092577974951	-5.03758782942568	5.29992165573814	-6.59787086381546	0.556805706249451	12.1110139870204	-0.581161819163526	-6.1077323665135	10.4142597995339	3.19694965039845	-12.6273102433914	-0.660278209005363	-5.91108517713001	-1.91034614296321	2.71712455936021	5.57686657158574	-8.40728793311114	-15.0460755229705	-9.55024142564459	3.432866770219	-1.41245469090486	1.69201758078429	10.5385969404474	3.1934686070538	6.31325567929528	0.950105787932306	26.3935463228558	45.2963054802275	220.098586876312	2774.84702219309	1482.37723398978	40.2548843973769	18.1706303329993	26.5929874909338	122.77334398078	552.518886993123	191.284548124192	-13.8308806488248	33.3812538539533	97.7581508928373	-81.4390660967399	-157.854631652153	227.514654804556
616.63	36.9047970329592	-1.8551398444087	2.6724532223288	-7.25638998215584	0.271420123297731	1.49664807121487	0.942393927340316	-2.14089843241695	2.94773909212021	-1.07279986032536	-8.83049955314265	-5.94270513493845	-9.52712107227634	2.90061932698173	0.844519530707332	-0.278318830284743	-1.76292197179861	-9.2637327778087	-3.0572009403801	-1.07752983297669	8.15738476424554	-6.34257090758439	8.63341905690115	5.15104755584311	-9.15805093226713	-11.8716587850812	-5.56962923736527	-7.31433190746029	-12.8756110337606	-15.041592113312	5.99844356136508	7.12866802965162	17.2801330635811	9.68720894591344	-3.0398268356491	-1.28093019025593	34.4576447421449	54.031188404754	1087.5311957589	2723.06931169025	276.226390298189	6.01303906343126	32.6634630447101	22.7975756706263	303.534086705865	452.806409250831	60.2605739404874	-31.4664039099711	7.33769363528185	-68.5883849327429	69.6781929221426	41.381513086416	86.2691273401319
621.338	16.7165235910725	5.23513450390222	-3.36676873050774	-15.2625526869296	-12.856805121758	-1.50838724049958	-5.69871435856215	-3.65147685669676	-7.98418651221684	-7.78474451993178	-1.44320478101213	-8.55616796722125	-12.0023104800878	-13.7398424871031	0.567429092147942	-8.41505589323016	-5.92249899269653	-14.9382306664539	-12.6670754925088	1.08598158951313	-13.2256795308074	-2.01862729043117	9.70511377893219	-3.56912223290188	-1.84597667811965	4.1876715326643	-0.295437652963002	-11.7947246348023	-2.06445951993192	-13.1188612093098	-8.34853822257144	-2.01168316670968	7.83705249607362	-4.4378145133734	1.22546805769759	1.29097734605329	46.3038908223128	143.530369984675	2183.01425529191	1421.98765877825	39.7087705290464	28.4363379965429	-2.05747896895265	68.929174968935	428.280858506063	193.705939093589	59.7536678871082	10.5710716890353	-32.5390906084871	-14.231899203565	-54.2645591543819	-208.530473972578	275.328339284861
626.047	8.43871452979971	13.5913512080486	-8.83785676244772	-2.5682438181467	12.7043766375712	0.50763542445975	-2.30142701126969	-3.68662427184208	-1.49972810643159	-1.30994614067984	9.71397598601787	-6.62286966814084	-3.02945978234299	2.06605682277191	5.44246355234084	-7.36324792755059	-11.0620864865473	-2.82787858419826	-7.60427197087924	6.94408670172939	0	-5.09514414082756	-6.75760736754707	11.4656084480136	5.28061137069317	0	-2.08796978724474	-2.97706378986142	-2.97761577931649	0.294336383461268	9.88215552815675	-4.93254196558039	13.7735907660837	6.87014730100047	23.5080130041628	34.8660487762905	40.218397713202	771.892673611782	2438.14731885919	305.601860287911	22.2243524068137	13.1783849554887	19.7341913785997	195.097357875506	433.791423084965	60.4942531453869	-3.95598877753061	17.7880398341231	-40.3187278123901	0	12.8910316520261	-72.1843512579489	-629.109285758766
630.758	5.54402484493079	-0.763177653892144	3.43565167489348	15.8992947322378	-5.02462378207268	-8.97894859734978	-0.581530811823267	1.69372037846199	-6.4422411323942	-3.97200887399354	-4.90910753503686	-0.291040808564046	0.612393683739696	5.07140925400117	0.289519249296248	-7.15602089819872	-12.9938933163966	-1.58790226986572	2.0961469546247	-11.4514041734114	-7.66004652037383	-8.23971087590521	-2.0490366433639	-5.9598740637788	-10.674553491499	-5.1890676986605	-6.0296441393874	0.601802034681998	3.91243851202545	-15.7672275241664	-2.0563939775055	-14.0766275714927	0.592399698336997	0	7.19060912742077	22.0662875911853	78.520464040694	1749.13926046414	1374.48351352383	37.1648531260159	5.28537371520557	5.70848573328565	28.8691464825595	293.982798017755	256.052678761267	-9.21339010494293	6.99726972816028	-13.1845416075166	58.8631065703316	-56.017590529102	-32.5734079991802	-85.1187746492077	103.512118155673
635.471	-12.89218668021	-11.9201263549977	-8.65511116318065	-10.1360090393953	-10.4077363907251	-14.735192434313	-12.3059611678851	-5.46154110308516	-6.87359715134223	-13.119377595231	-11.1303437902104	-16.4234892489125	-9.87356979801832	-17.435373137169	0	-8.0763129312635	-8.22163364171945	-15.0409455261648	-11.6173729386708	-18.2396560582813	-12.8648187539804	-7.9570499167367	-17.5506079932864	-8.00754401928316	-0.316369287243459	-14.1488701943684	-5.46836765950006	-12.1285019583657	-7.88498798947406	-4.79648358948257	-11.2490382924676	-5.61480269076141	-22.9825955017473	-7.60566604744299	22.0525797306253	30.20086478638	560.867719871152	2054.42292941553	345.772757009972	18.7251773816054	3.55065075452587	6.23170005299552	55.5372113396729	348.946670305853	96.8457443872887	6.75212194473614	-34.2478259360025	10.8702210227258	-69.9616298959766	-94.0798658695894	39.3883656027313	18.379855694076	-238.416689573542
640.186	3.01380239675438	5.39334999178149	-1.04055562038449	-0.655158974005816	5.0726916962708	-3.88493376105607	1.95698003021741	-5.81373923416168	-2.10419344263638	-7.35167946137601	-0.247803518324406	-4.99502571087743	-3.70951277837595	1.20468817412403	-3.79975604576061	-3.75672895499903	3.66089274723808	5.45051582523658	8.11209878183631	2.61053793030963	6.62856525251608	3.4660565938792	-2.41341180682431	4.34553096035018	1.58480460154117	-3.38975272751388	3.04366327549416	2.12645704591407	2.43068722391725	2.70306751212118	7.71110380643153	5.62530277107258	11.9613374491804	17.6781429064282	37.8751193535822	70.8221314659305	1377.78298104531	1276.19851035038	32.8433720529892	13.7574761829211	29.3476484724262	16.8090293948845	199.248021644884	298.009061924054	33.2865845427772	23.6766211252522	16.1467632027914	41.1420744119314	-38.093729955972	94.2558019089662	82.2125513487313	-36.8284546625018	-298.578182171644
644.903	15.6766586195792	18.3131348192391	8.41956303521241	14.2468686549294	10.831380830841	4.19127935730466	-0.791736472336723	3.45892299334222	6.57818618257638	-0.225323708137235	14.0355605352088	4.45773587044471	8.44177273241574	7.61533356338057	11.5295202338233	11.398964032961	8.63968795960563	15.2412577593297	20.3336112661393	-2.64036686620525	-2.60722995526293	13.6720778634935	11.8562289315879	10.1427335639212	16.3497140606536	4.67520715790225	8.92747964182512	15.6697842520629	9.21922920601605	16.099949707791	12.5987297005127	10.1813527598955	12.7029125472996	41.0010099139624	50.7579594878176	431.469709708304	1857.20690287159	381.409758679702	39.1505542798359	24.8777504924502	30.1327273526415	67.0328902361423	282.456162646634	202.579821709762	44.4116934553889	54.7363625794027	30.6211160031315	84.4482444063772	72.4345246587163	86.8587753943997	216.195047205565	62.082116164259	90.59695283772
649.621	9.2741628320927	-18.9675175170698	1.42312393874375	-7.72828665900276	-8.09399035122135	-13.8144752009983	-7.22649294284268	-6.31419253112119	-6.08265745288031	-6.39836988706994	-15.2509678921282	-15.9736205774401	-17.4396194140828	-9.26775615809663	-14.6908569727575	-10.374644939355	-23.1566732398917	-17.7591073119893	-24.2392336665198	-11.093501688265	-16.6202822737858	6.39951178050059	1.41459484957087	-0.342876866144914	-16.2560269905451	-18.6494502212565	-10.3026567829169	-10.905995319233	-2.18160348879939	-6.77759716395653	-5.78010184532567	-8.80702010117601	0.613463086325606	13.1309644429113	45.6489260703031	1111.50760457898	1247.38887540318	18.2924306615725	2.40634776964529	-6.84200678562918	-0.912216779992843	94.5833101810923	259.276550581562	57.8988069690844	13.0762306019227	15.6125156427327	-8.2812170717848	-7.44727184185183	-40.6373637356881	2.14849460285736	-107.94108617903	-270.731873975234	91.8793708091849
654.341	0.448485233414725	-13.2426811516174	-6.14220603450022	5.80092211054786	-2.34848269389611	5.93535164928015	0.407706658279678	3.38424383599549	1.59409565875564	3.71299205877169	0.774390715331674	0.612139235291583	-4.18610764625054	2.82350511976055	6.39385924530126	13.5459802485086	-1.90672659563487	7.01357414644789	1.10219405329578	-10.1003571339374	8.43919702018024	2.52734833936762	-0.359140850997758	0	0.990508913954773	-4.49401775329448	-2.53640152442934	6.01234079798788	-3.48147427762698	11.575706900377	5.56092606665835	8.3269792040194	33.3299715875132	25.3997854459094	277.818324213356	1625.4415544224	445.394096879068	15.8674362828405	18.7351726695269	38.2154445747573	40.2976796305447	196.106538375922	208.103285853518	51.8433724570307	-1.47547816728572	8.80832048184888	38.8954349198737	21.4282943798345	65.0771853753999	-30.5460479338153	10.2766315633729	198.209905225732	279.918752128013
659.063	16.7335485629052	4.45136128114173	16.7599016869754	-4.47331664808882	3.25632871131429	1.90440796762509	3.08352336425726	5.02926190987846	6.63096152551479	9.82859645827666	1.56181039499636	0.308644396793303	4.22132284585025	10.4399444082664	3.68436967310415	10.9279475301947	2.24322785961925	0.673578582560283	2.22293229458881	-2.35045969579837	5.80240288381892	14.1993952122651	2.53513460502382	14.0452371950846	12.6519919307496	16.8324862270287	1.59858671320139	-3.51011099766077	12.7664066238458	2.83939938070955	14.9538847591397	19.5930678049906	39.8926661760857	50.5865805888039	911.416935836906	1202.5302303287	66.3210559438507	28.0991756317381	15.196366828001	31.0922942365441	42.9721210743885	224.998198827322	101.865437129196	31.240188719855	31.9896452224414	18.6530810992158	46.6431379869062	73.7233145065211	78.4294483993883	129.812699401211	196.898570699309	303.039816303581	78.4093166143552
663.787	4.58674256674537	19.6996920657843	-2.21708797733819	7.32864399010037	-0.900688980661246	12.6922267687354	1.87636159504595	3.09680018706651	10.3932359224015	3.56001242984496	12.4077478183043	10.9558097717977	8.23309764114367	13.1548573922584	11.832692837436	9.23581864536319	13.3253077581086	8.88075038701629	17.284262684145	15.4947369123479	17.2618500309984	29.5401889241589	13.9574031044632	9.2589230778296	6.4157429006023	18.0561708357872	6.80931665652235	1.94176852324892	16.8317808049337	18.5579503663462	13.9021992947175	27.1255395031431	42.3700546605726	196.449828189906	1431.07374882794	479.618234389241	19.4312308909149	28.1020157332579	31.6569943124507	43.5249757032811	136.903593418647	226.655337366507	52.5021095060106	34.9163927570351	23.3894873644563	44.1413290514135	74.1826282795773	-3.86737383747338	24.3496308249661	87.025758625755	38.5370471644066	209.25211481665	397.608549833958
668.512	27.7320026783085	9.51199587963168	7.81945686973866	10.9016351066091	6.05074997501484	11.3995961300618	6.93287840193666	6.79190502822754	5.74995251591117	1.43495117072195	14.8973405034607	5.67772770912145	9.95566167110974	17.7824089806995	14.747671982972	-0.620454237117963	14.7377614459971	25.8144690014307	11.7376278957194	2.80248474303843	18.1852012513833	14.5115400850116	14.8049393821771	-2.87079864336633	2.0415979396198	22.1647779880809	6.20816790578615	1.95669472411675	22.506161512322	5.80363562173867	20.3768207368397	29.241077918596	37.2383980418512	733.924134783672	1178.80085440729	79.242033779541	11.673048225761	27.9191878722953	31.4805974947907	52.8104765201889	184.259516292746	159.311204398048	30.7194320458036	36.4879323858135	33.4531719829053	36.3107261204813	83.4198621716893	76.6430058833317	62.1599041203934	112.42912544142	109.439237992247	243.807588518533	0
673.238	13.9495059922108	-1.24816690220745	6.36815763373738	-1.76891735130313	3.95667295351217	1.39856676242051	2.53622908805	0.184670476763312	-4.3384351649278	9.86455092641729	-1.87338201852597	3.17328914256248	-7.34478597998092	-6.50527245651	14.8364862851063	5.9298123464213	2.96530321286193	-5.54025182354465	2.66639369441069	-2.0138300231055	1.59084497787069	-14.5989323396692	5.95763942537146	3.61010917085631	-6.50399440954745	4.9921477666828	12.8198236295803	-1.64039870564075	2.29698400205225	3.89239107953668	23.7025876113161	33.8937019378824	143.391550447662	1264.0396887304	512.333299110449	24.0594132401059	20.4561517010958	13.2411672436138	37.1596799906742	67.0860060951847	201.697029624786	56.0169149424613	15.4522162128388	15.0763653553234	19.1219520755989	43.8352784665235	27.2474799343006	6.53428558683764	52.6604186695012	76.9122178820619	-24.8609085835868	66.2907732412459	-306.339157800388
677.967	-16.3937974975457	-23.0509084431162	2.2640712136784	-12.1168687450779	-17.4757412760742	-16.0606087689846	-17.0322165018782	-10.78945263346	-17.4810313523906	-0.969454436947353	-9.16602786571516	-12.7862616087427	-10.0890823779197	-7.20828790736266	-14.9453127711759	-9.74592335602916	-17.2585335499574	-3.48805618218853	-4.22078147317797	-25.9661002616854	-19.6307954943713	-3.77077342404937	-5.25117167361362	-20.3649013718243	-17.241319961006	-19.1093087466414	-5.29799293468245	0.330486225028145	-12.5608050690715	-8.495374319272	11.6155690365609	17.0711571021762	546.867674405158	1132.71668235613	67.9880745965309	-7.95805357385987	5.34234782625749	0.808381331644271	9.78342855786027	85.2663096438921	149.479845491217	4.17983720425603	-24.7895941438573	-7.92362680083353	-25.4261207658605	-19.318605587986	-20.8599797508979	-28.961745780053	-38.1273054834104	-239.26527096134	-139.526760960163	-126.876337813445	-324.827550802838
682.696	25.5751633620533	15.6797890331354	7.63100895159034	25.2245055059193	18.9105308585396	13.1056363677705	7.10408675795865	7.52392651675617	11.1526165376992	16.4193268723588	13.9022651416832	6.78759661010788	22.4433397381265	9.60772527755439	19.2917460100714	25.1131692688584	10.067808285922	17.9873333123782	18.6232106024961	20.9223309055419	26.7361512282286	2.2876776155756	9.86085706654701	16.1793136913725	19.5254777461822	20.3392299709338	20.4236971479636	7.01755446378349	27.7411912480611	14.8673929420476	30.9937931068182	111.059215977902	1044.0819710713	566.970127089337	37.8448845492765	29.9923962244089	24.3084803083123	21.2521444106074	46.8816485321801	155.006336755135	89.5134684383987	18.4905810800165	50.1317132628683	41.3949717462184	51.4189537845674	87.4374472009986	35.5241254170098	101.164649994342	102.247158563329	122.117912337277	249.606063372164	195.811487373193	410.55940504281
687.428	1.90768380058893	6.82779098013073	-2.68950125471322	11.2488482714647	6.86781060869225	1.14757748046483	4.76912539359169	-4.16705256316924	8.05204588220495	-4.19518590950703	4.11745056720356	4.55665878776853	0.684849728107646	1.00084212673624	-3.88528852129855	-2.24075418647395	3.37936752394058	-1.06546602290689	6.25107980945402	1.23931837547754	13.0534910493322	4.60730074695536	-1.14573535402991	-7.40558137411353	1.0533110505687	-3.07218602829672	-0.337152411846279	14.8061081571167	9.4238158111989	19.9615977766575	32.8528361918307	431.596443609011	1047.39689858994	92.8476694746938	14.3346233910369	19.1523645664037	12.8219164681042	10.7002643369352	50.2407495207333	149.623395609013	31.0312727769057	14.3637561324356	15.8489174646527	11.4294824801049	33.7341288770432	24.3536863135739	16.7681989942531	-24.1273397619667	77.6427641752733	-2.32019905457538	25.4991570665548	407.955847613198	446.500042640655
692.16	-5.27460664724527	14.5878115396839	10.4300998835831	-5.10770013768333	8.78829553113333	2.88451643669102	10.243890100824	2.85659419293695	7.03052207594262	10.9170665694224	1.37993341516261	-7.52657340103711	-13.4270588103557	21.1317694532021	3.25531501263954	-9.01166834169703	7.81473497660466	7.85582902869433	11.7843954532817	5.81487873286404	3.69122228303399	-1.93012889610273	4.99180261280628	13.4024024726646	7.41319924109396	14.4146891975688	4.7457548314572	9.81154118147249	8.79818516743484	17.3939567434707	86.2113344805435	858.975323845684	558.180196690921	33.6065940561686	17.5761369170911	9.25784823544334	17.9699896559086	20.2753439676181	100.155994746586	111.433745993512	21.790274842146	28.8834462940835	11.803663697376	10.8155502547975	28.3958280097543	37.6705831525631	43.8339652820295	4.04305064664462	62.7907792594797	39.6574841159537	7.32501927456046	205.085123735234	-465.550464145456
696.895	30.414260791343	14.6868773302109	2.33354014777358	8.08089309679082	20.8559453694664	14.2301153838133	17.554819288626	8.05278128684594	4.50435130295845	5.49560217016376	20.5617071834828	3.95357548256543	16.6378362241142	5.40324450667562	2.94967966364201	-0.648061897010992	7.1836478806529	16.8968801517212	22.9378849546384	15.4722571211011	6.1938156067235	0.388647279291222	18.169845444546	16.4919555206707	2.13244064514655	25.5697826021207	12.968811652169	15.6688234926462	24.8703520875017	45.4640514027482	338.87331242813	944.151909391361	124.733374983007	17.4300569074178	25.8354247696168	18.2686077874899	6.29287784671174	42.4924376565554	128.018073581562	77.1309634390871	15.955092758092	32.3106596703806	27.3327913983057	25.1808093288038	33.3534413385863	55.9414458786948	47.5263832907885	71.9122902123915	20.5028728473795	54.0186090429429	-51.6233442308796	247.77342753764	636.109164769938
701.63	-18.0128686357328	-21.3447499825799	6.2752127024633	-1.48163460773064	-0.318662080067742	-12.3000272491102	9.07266080695305	0	-7.57051537651127	-8.06096481476077	3.64263154596334	-13.289640158973	-2.44679784463812	0	0.991512151137844	-0.326761539649255	4.48449491275995	-8.33836579824899	-5.1845751102385	-6.32539499539511	-7.49521266394305	-10.973826884524	0.389850249827074	9.07141763511911	6.09283005103531	-0.348449429278195	-5.50656805102198	3.77846743385118	5.49697165789346	47.884826685569	714.981534841577	551.044353066872	9.12951989536719	-2.41252104567484	2.85513846423571	3.38373483974045	8.32900370580039	47.051550398479	107.433358230566	22.6271830878382	-5.02798295475971	13.0331759354123	18.5751483390493	-2.0588924300022	20.8213626963483	18.1668536693744	-1.14111632220594	1.36826964458261	-49.9661528120827	-106.579214838389	-92.9613773916128	-180.455456066994	-405.138708653224
706.367	7.88263038560464	2.64494268340228	16.2728022878761	-2.99875601418244	7.09452118977249	0	-5.59836034848895	-0.782656270554356	10.068974845917	2.80414040381023	5.10404412024322	-0.672439549958964	1.41491406350671	3.44626843512567	-10.3683226323395	-5.9521444383295	-1.39636899574845	-2.20127540119657	4.84307380044096	16.6429773179	3.79248600436001	11.1052445713882	-12.6246055560494	9.56255511668028	5.8031012547906	-7.05244610401533	11.8415885723414	21.8994682874899	24.3372541740032	282.501428000495	868.456228132881	145.678413657623	12.6606476381319	9.41687612391153	3.97282921338425	-2.66331095987905	4.01368960120728	85.4519535822407	83.2177261197506	32.4390546216281	-1.01763917001684	9.89194160531197	46.0844291055724	28.4751671135366	29.9852413066755	-6.77320436831859	-40.417363892718	56.7708728510318	40.1028993851997	81.4908677644102	86.5486703126552	105.355679207298	34.1658725216106
711.106	0.497868701288982	0.445480459982531	4.0109027843407	-2.27282522086543	9.12477333908048	15.5737713460996	2.71559956949846	2.57050276108153	5.53007571531603	12.1078929463484	4.29830093620835	15.2897157497237	20.0180487960585	10.7962874910185	25.6876305133726	11.695873041258	11.2889572650767	20.0207588463281	23.2476116022575	15.0937830446348	15.3301930084296	14.8298058321078	26.3133062119084	0	18.6927839484664	6.41425069523179	17.598056173726	38.2898057862197	49.540033402213	669.953564544459	551.819872946452	10.9557060422659	11.0654179147011	12.3360119736873	5.10974104063127	8.07433521365791	41.7777120847954	105.258134197354	34.3621348172503	25.0683797214019	38.0503962467076	14.4392964009896	35.5412139635519	26.6704083999289	50.7763125071996	71.3810027406048	31.5084724555802	79.7590945535316	49.3366449326346	33.9095249547636	41.8300991260329	291.014208498662	-224.42411300009
715.845	25.6851576034746	30.6432486966831	6.08598150956416	26.0567913909565	6.59312460092047	16.0569684418845	10.5302710605335	12.6012174401374	9.39804657521454	13.550998333578	7.53661171504133	24.4029584372433	32.90579157927	16.5579984874147	9.57338927403842	13.5214051526819	-0.356862640364447	7.87595639780702	3.71315628426467	26.6107507791597	7.75380475035943	43.3825176534306	13.7122156575639	20.7238619513139	18.53834876734	24.5120464698282	37.0275748364483	33.7580618561589	222.133691283786	828.074270721709	176.93294350936	17.6627288746258	28.333491486001	10.6960943793696	14.7682175139767	30.7264089108159	74.2648377390987	77.7928796156256	31.5582469015414	29.7474668787101	31.2087193791503	38.7631451944597	25.4147214787781	36.9187209774357	53.0208488570709	60.3374362752456	49.5804094393089	42.4642881221035	24.9538092335242	14.7008401114306	203.877505830298	236.941705644612	908.085502912298
720.586	-5.04894857617057	0	3.25400521860099	10.7562018435039	5.61822460894811	15.489833477473	-6.19632761104182	1.00260726928484	0.448649498740093	9.40501164506523	0	8.26959540293869	13.4128652941793	13.0677432587986	4.79871117673219	0.338883733722487	-1.78879254969713	-6.3917799990476	3.72247780847582	18.3681522975679	-15.978388203064	-0.812923837767685	-0.808625815607638	6.27196595544867	1.48679100170704	21.6825720188518	11.4217012389545	41.3238500690981	526.976779166758	544.512791451261	10.4339480450189	10.0687257762132	15.4296701290346	3.5743153009113	9.99357190664306	25.7346069025107	87.2025954392768	47.4900036976893	18.799076891561	8.79997722879929	8.86466866838925	27.0333609518152	13.0499750464376	27.7585514252798	44.0181170251547	-4.95810718411769	-8.28414605363704	42.5708906617049	-19.6557848050829	54.0383989437061	19.282011399671	7.19807652019775	0
725.329	9.19918769151758	-0.914578114821799	2.05861100360028	12.8318974219995	6.35594023185319	12.6048144478173	5.34286832174265	8.93078323850787	6.81199739633996	5.28886960621661	5.58883528278949	8.71944928796144	12.8429239431651	0	17.6946827015374	18.8664174750258	14.1231186420156	8.37281711694519	9.21060835752733	2.65609411139077	12.2395458345725	13.5771879608286	12.6868944796949	14.6811968242274	9.78226239656516	16.8264851377918	17.3419560971367	165.15217338082	731.420760013056	187.882028066633	19.7147588657639	22.492230027486	13.8434583782391	8.32140622933589	17.9835009534959	40.6524622597213	85.7702741026585	38.8091744919277	5.10530132425807	22.2688394610833	8.44519333766996	20.522834075957	3.77413702947454	48.2706360947817	37.8306786498092	26.0972822190329	37.1353420327574	77.5641913329059	25.3222193605814	-42.2673228513765	85.8778254898012	116.576891081795	372.141076463197
730.072	-4.11398924261577	-12.8838313273475	-4.14286208021177	-12.5205413726926	-6.39552196228078	-14.8487545207741	7.01235799421395	-6.33132716661444	-3.65569025644864	0.532180613541347	-9.17541239263896	-9.47564979795331	-2.58458069592217	-8.63340925090092	-11.8699177677527	8.28388731237106	-8.38088779778462	4.97838485413207	-10.1105100919584	4.45439164089691	-18.4736517347317	-6.20988188157102	-9.88327923088407	2.79482080171113	1.89291954019066	3.31264024672887	14.9051685599583	445.204523188366	515.328149889414	10.4032446585398	-11.68997473048	4.59718609767774	-2.14302596317072	6.91701438033758	1.13096834527311	46.8627562163487	50.2744135948948	-2.21879882464854	0	-1.49383460356358	14.871125375466	-8.60443349535437	3.16470044558929	-21.7483174640896	8.45917108255534	-21.2098412937296	-25.312860119361	-20.2344654060235	-30.939895486896	-17.5125766749514	27.4949280995077	-102.64001626976	0
734.817	0.517890416635253	-10.6580939709524	-10.013281535575	-16.1555480720627	-2.71192135255395	-0.311539773675118	0.941602333319973	-2.05682703469039	-3.22138145446023	6.69936704785579	-2.08653968384218	-10.9564949071962	-4.83392734358314	-6.8831842894083	3.86746318487464	-2.08563785589073	11.3759740867549	2.69965249405606	5.939564062339	-3.14015545437984	-5.31556480900783	5.42001068428009	8.29439148030872	-9.65010144028756	8.38782847238242	13.3443976548685	112.397362533416	649.332503769827	193.337413418508	18.0636507756458	0.356750296202849	0	7.19400752554217	-5.49947264994339	16.3253447160897	50.3942603786232	17.7206548944099	-8.04424219483299	-4.23284245208315	-2.00588468168653	4.27898240430473	13.2868970212707	4.46195672354239	35.0437324851937	27.2610448098372	17.2914636232213	6.0695520300067	13.099988622609	58.6522408323921	-30.2341640814012	-75.1575923450541	-14.7666976273505	-179.576380871413
739.563	-1.04779683028534	9.37542393637671	-7.17502331671809	11.5596596427672	0	2.20607742309463	1.19065721790621	-2.08068809362776	9.54348917377291	0	1.50767531175436	-6.07810332701514	-0.376154252665689	6.96303546952034	-20.9843115134462	8.79097144367724	2.5985683845538	8.58305143551437	-3.86258682345977	-5.89937048155998	-4.92912766635139	2.95232415887314	0	2.44051284216625	24.6840287696806	16.4990280518429	378.14006717655	496.068260713369	26.2499083088325	-0.730928220262209	6.13511169398164	3.96292029354154	-2.18323936112362	5.93415628816058	29.1888313380983	57.8569822914234	5.97541018734475	8.13756269961054	-6.18503493586203	23.8425684667713	6.49293372120112	15.7786087420896	11.6067072036364	0	-6.89432441316334	30.868341675647	19.6478858816869	-22.086600618336	7.41658250221538	40.7798770721162	-52.0201763945318	-246.477077743633	-217.991555696655
744.31	2.11800390808712	0	8.5314740113179	3.22297337144571	-21.8351683238613	10.8298217427379	-2.40678017706041	-6.51911071782058	-0.941028985893893	1.0959295737702	-1.52379836917076	-4.33630762857953	3.42159156596848	-5.55591952699699	9.70568424737676	2.13239567085006	3.75193919472357	0.788621678202703	-9.54285021468892	3.2105544487521	-0.90578903354328	6.82033433057871	3.39213721787617	18.0884854354859	14.0332496665148	92.0940641902744	571.965706295665	214.820860072271	18.6835383372184	-7.38744755805823	2.55323784776039	0.72823630988505	14.3428147879996	5.9976160674685	59.3901232751397	35.5761276094235	-12.5100016372798	11.4230356588796	13.9449346633453	13.8432679699208	7.1092331462621	18.3099145720959	8.4722655032007	16.4217974439396	25.2591892835627	47.837619137476	35.9926251482889	4.46455887953543	3.74794766273175	38.6399779429925	-28.3104119787658	75.4887575625305	128.52160659287
749.058	2.13964985162042	20.5809305235734	0.861866544850068	18.7214944224332	-4.90184959169113	0.643558954854439	9.96864736612454	12.7465855272343	17.1116329872231	14.1159067965441	0.307874309584282	9.49135325029171	14.2103028004409	8.98032140255346	3.63143558588894	3.23128304672328	15.9191924361575	0	12.2695718596626	20.3868734439157	16.0133080334996	-6.4594105929337	-5.9969083473292	14.1203153487851	33.0788945768602	327.346295999778	474.576591380531	31.3258345285318	3.01991737623022	15.2990415044814	17.6868471124517	-7.35678865577457	14.117874948198	12.496505059392	72.1533616379739	30.156312322834	19.1746743074852	-4.15432036047294	20.4025160005927	32.1131199849444	-13.2588725901814	8.95018132809067	5.26698574215839	-17.3437017663056	18.4780720011011	25.2138356509746	42.6295151667957	36.081492419062	-9.46562897007088	-28.6255768248984	110.313296878694	152.520501308759	612.079728807274
753.808	-17.4468436961163	-16.0988430440225	-33.3816496641891	-24.8896108768028	-13.9181248500869	-7.8714322014497	-13.8779263720083	2.1653434437767	-3.14910026222574	-11.5666245350608	-5.64846095959214	0.372082260277162	6.65479535592012	-17.1623726481806	-9.25342542197043	-7.68486004613824	10.0445217982191	-6.09017960662575	-3.57310303251724	15.11235351128	-20.518701113463	4.38920441813583	-5.67579764409298	2.53980810406989	72.6498048644856	545.547617129449	208.518228841449	0.769376165523528	-8.07994759608254	-9.88867012216911	-5.63358198272989	-5.24892654631193	10.2243021098505	14.2810627988249	31.1757941210562	-10.1053367267616	1.77672202529941	-4.70480523937349	-14.3587492033757	-1.05585670822239	-29.2807957125315	-15.8124111548975	-26.1710374014088	-3.07438411618396	-43.9458243668643	-14.9913204292456	23.003194776917	0	-111.915861397472	-103.445200091972	-12.4930802656818	-186.549309325446	0
758.558	-27.201211707827	-4.96713547178961	-28.1747473765991	-5.91316735742424	-12.7177254099888	-12.3557615971532	-12.1116431902412	-6.83461037874027	-6.65935517534712	-0.287242078079106	-14.6974075327897	1.13654202262147	-13.1530055068799	-11.261288645877	-2.26120037809471	-30.9257356255111	2.36011109526604	-10.3348488391406	-12.2784796637722	-4.80847546473062	-11.3955084935394	-6.25661053975873	-4.88991730674926	9.05095128813646	307.734460654835	500.635123438196	33.7497447094761	-11.750470751676	-10.1856295268435	-13.5536998667161	-9.56001661282322	6.48958103118832	-2.69893998868592	33.7973410841477	15.8713112170331	-30.867206176799	-10.4018984457029	3.83227720222548	-0.5041315650637	-19.3509712266469	-1.7199905637025	3.71536323572903	-22.5473522400713	-14.8688375260721	-25.5684761620692	-15.2638878203344	-37.7345285338001	35.8848008996402	-92.3393439582918	43.2106697925834	42.400751511697	-158.284240979286	-596.712594583881
763.31	-9.05985422180245	-6.07989819753791	-8.21109435752885	0.430825292545451	-7.41276874349498	0.681250522100743	2.31639914807878	-3.59816526724443	8.55374674760493	-15.2356315056257	-3.58496274226269	3.47788973846566	-2.43933456054701	1.98047403620859	-2.69088349892533	-12.9220054554177	-4.01227094334808	-7.16839780297451	-23.6570214511911	-11.2809142205813	-2.90591411385344	10.028658055907	27.206278317905	87.9253255393418	531.496485463616	238.307193947562	5.60414202458339	-11.1866770080525	-8.79116163761407	-4.74001943705091	10.1414730929862	3.89382827705725	18.8775435956364	56.1204539824774	9.54739944888019	7.87129860288704	17.9911298016901	-1.95450135752334	-1.54267414849088	-27.9627254724909	-12.2809838641743	3.15812335796399	-9.06012143017338	-0.798238134060083	25.1489371117771	-17.793696103852	10.6179328323494	-36.6032457318441	-48.096029462895	44.0757848727917	-25.9497907953515	48.4359686228716	-255.244221816672
768.062	16.5746133180928	-7.67097382321913	7.3670344490197	-13.4805330560161	-0.374105967839751	6.87624003205238	7.27399668361526	14.9812910090871	-1.01573786478889	-7.98481872277267	-7.23700416279978	-3.12037986625689	2.46215590486136	-0.399800496540509	-3.88008317826251	0	12.9593855699438	12.3428472634694	6.08663725863252	-2.47531597967138	17.5986034310269	11.0427073989242	9.61128291403723	295.086821774411	515.430936088526	53.5889567882873	4.84849021673312	22.179407352004	6.45338755658265	4.78436498004415	2.3622351386389	16.1140546293753	32.9478072913513	39.2472339762397	34.7759922026743	1.32415650340854	16.2969395450552	6.9047538525928	14.0139605811957	16.6025485107207	8.26391957537337	1.27506775000932	18.2897679054405	26.5883012984848	17.8629693042857	62.8605814224768	29.4724912766792	61.0407046318578	72.8189922311625	38.9271212622866	222.636808085109	40.7409285853693	198.178596009187
772.815	34.270461220164	11.7546680526702	14.7246841557729	3.91121034472644	3.36480915748043	8.58982533541073	2.59620127575375	7.25902972158029	3.29904542184636	12.7084634422705	23.3409098886114	1.94899522895791	0.820195885066047	1.5981833877982	-4.26537297081663	28.3694028661249	24.2833709951585	13.6110185819303	-7.48647437022528	7.91596591298656	30.2894010316106	21.6115279338654	67.6935162361842	507.758202472713	264.068943525344	17.170248835661	13.7286390321238	20.5532599734473	10.0769955081492	-0.796886269780564	11.4101975745917	28.2798279512951	53.9523821519187	28.3047062315292	1.67488394817144	8.38098292214583	-1.86132106804208	-0.492882566230634	15.0424444693152	24.334894695397	7.07884794920665	11.4683004561881	42.1802732085103	15.2986653313302	31.9449534521197	44.8718163568217	69.617881318187	44.9487133526207	92.9872248875347	127.821931430622	205.044413080276	366.43481091707	-19.8052367805752
777.57	14.5704376113089	11.9942820543522	13.1467356089896	19.5112560378113	-4.95935467102796	4.55776117646377	5.29824751013464	-1.85175050310718	6.99153594722416	-0.603140472783314	15.0950944608915	-2.38646961979307	4.60303379701698	0.815380844526582	-9.89163822362997	7.04133274907287	-6.19459434416447	-9.11431074374839	-5.25186957989209	12.6208274591906	8.4744555335929	32.3743153995332	257.158476958929	503.17625269049	71.6536046895608	16.685959229582	4.53215904973033	8.63562395243568	0.822592868423711	8.53786986945867	13.6501672220143	27.6539545880125	35.2172027052666	23.9305397069848	22.2173348583378	-4.9510570193341	-3.32371081187474	26.1523481235536	9.52701419227293	18.0588737207411	19.8636551020484	11.0519615865083	7.17335007853302	-16.4321286718116	13.4219391739781	-8.01263918054217	10.9287711952813	-24.5705218457456	76.3187181336365	76.5552882608278	120.192601319439	74.7808863164649	161.671666122796
782.325	-13.6112538979538	1.58856645773953	6.67460616955049	-3.60213720241919	-10.071470293081	7.83192654167485	-1.34496184340882	4.93570837092774	5.52161138858375	-0.612429616062614	11.9214498954408	18.1741825364127	3.82412165748991	-0.827938764006022	12.8562972728603	-11.9162972991011	12.9993314900536	12.7802764079315	17.937449185611	18.4538945140929	4.04939910974941	68.6043583806736	487.643380255458	263.273825129738	0.871343267859429	8.47147229023761	-0.418360014564848	9.60373075096071	5.01157117438777	14.0361133158764	15.4910324441381	29.7076792951177	36.9926825905006	1.67580006662951	10.84591853233	15.9959854099812	6.26767190529088	11.7455374313309	-12.3608932346178	13.7527527977178	17.7247833723354	36.3070402835799	-8.01221184117535	-2.50278070557814	23.3634075340995	-10.4606282392659	-20.8070407595378	1.66326264383125	60.7386385843945	20.1533470712839	-90.4027576416696	59.0586956357304	841.328296654886
787.081	2.43070197576081	-10.874656625722	-8.32238791337396	4.62350878572796	-16.3081541660953	-7.31100942473625	3.59074641082799	-2.17207156127354	-0.269990178786581	4.71648949174476	8.74384530751328	7.05005843634338	5.23566511398777	12.3272908382075	4.12541222424007	-8.15739503666337	-10.764670899245	-8.59799668364661	6.47148182078967	13.1591235706007	39.50168412432	207.422801175556	469.099981369397	65.5796787924178	-15.2103646196852	-3.91446876394308	-3.86628711749216	4.71635240857545	13.7228418518628	1.69562325231205	6.2789850563424	36.7730762639196	3.37648424150877	-0.430193293358255	-12.0279473101749	5.16222659197068	18.3174936466785	-0.524380436489407	-5.51853044414791	29.4204846618505	3.76561237074692	-18.3017806198696	4.48758215277818	-19.7029294856063	41.9832114935176	-4.77393688870147	-18.5167104165824	1.70789928635971	154.846350918591	23.650512414578	18.5657756258515	138.614038589337	442.488876267541
791.838	22.462024260461	9.77762793999663	7.33610836157994	17.0902673464887	3.97371208224512	-2.9215463472626	-1.1037655100315	-0.24110547103117	6.47343294042466	1.57062700989547	5.59059310912952	6.62886574482596	-7.40994493744906	16.1372187578422	11.5398676436272	-13.4465503924285	1.72066444552875	-10.3979315366415	16.9088762419619	26.2925316925388	68.0219002962881	414.440258456706	270.781520272153	25.4521040492888	25.9217397914146	12.6009638484488	12.0166958632006	2.57004222570573	11.5673343643983	14.8222065771425	26.7641595154572	35.4847427600167	15.6009810548855	7.73591315939057	21.8071684376759	14.0650434601778	-1.48375100275356	3.66707646598269	3.30788298674764	1.76350428179674	-8.15085484790815	-8.80335830927259	11.2079933877966	-2.56743623948088	0.998623568429247	13.1154988113408	38.420206234607	102.373830308733	92.3873222444141	162.43839973834	-27.8214526267829	-25.9647373865334	-105.251552915805
796.596	0	-18.8136762766397	7.97128265034199	-38.5828880161026	-7.69101654103399	-4.09212815353523	-7.02733381825988	-1.22803520490251	-6.31953313518115	-8.31974763500898	-11.034009248782	-13.0832211376464	-9.32436148349288	-13.8429552731435	-4.61816269874668	-20.3388677085562	-16.2133092040925	8.74996802744939	-20.2642048645268	-23.5694162207087	181.42842583845	423.17378595109	68.8354847115679	-7.20203017784224	-7.2843345479866	-16.3772598328581	-16.1756786246058	-21.8168859030482	-7.85553518168169	-6.90237495557515	0.851995652930427	1.70104763099403	-10.7380134020715	-14.0095055199725	-18.5874923313245	-7.16382272609203	-2.51908906490584	-14.4085221247165	1.12321431890389	-16.7666787258032	-7.66434067379262	-39.320010903146	-36.5352086557986	-40.9741561157742	-5.08634206113866	-48.5831719621956	-17.3944588128175	-1.73808675434532	0	-36.1028100628292	-203.109742061169	-370.293183679976	21.443331302019
801.355	11.744723157916	13.8526204686546	4.73086003332165	3.24945146773957	-6.28987243243164	10.9187933319822	5.82372695834023	3.1803232178533	15.6545389940475	16.5739965162792	7.98884850671421	10.2011752244753	13.0322052706066	-7.46875169022163	10.872689521377	19.7075469043016	17.0224333655072	26.2383178372519	3.93596541235395	34.2189797650644	342.461428310222	215.745991920386	17.9550266021594	-5.38823114597691	5.50220952473571	17.9587688706053	18.8699164826134	26.3669553615445	17.7068096539989	19.7375672371677	23.5356688642799	9.17773850919128	18.5392911646693	22.6758338736661	9.39263347198057	23.499986613576	2.60953999005147	16.1236330536584	11.150636526789	18.6093284012019	27.0164836470633	20.2468226555958	23.6544058128967	53.4330169925565	-14.0505954542932	18.8728534619571	48.8015336100947	79.5218559379181	137.923960578592	12.9858072623956	167.180393707307	220.715896406297	370.221332068654
806.114	8.00776578948819	4.77676567884642	17.2031273938969	16.2472573386979	11.181995435434	8.99194744986768	15.0446279757123	-6.99671107927726	9.01321942081521	4.41973240434112	20.5866480749943	9.47251985129847	22.6147091460526	10.8296899508214	20.2956871065703	20.0658659389253	6.80897334620289	15.1069102699329	16.6185206299389	129.93963937815	347.484195925438	96.2691278688577	0.855001266769496	9.11854501626862	19.257733336575	19.8692761972655	17.7377214936566	12.806806889893	6.40459072591449	30.1649612492564	16.1807723441924	11.3803957513972	-5.5617873494008	20.0303199217384	18.0025474879628	12.3684140071453	11.3080066235564	3.22472661073168	22.301273053578	6.72003525598956	25.3624132196921	39.3026557432153	45.9946779695213	25.5876419400975	49.1770840900263	-1.04849185899761	72.5766397278332	123.033814847345	111.47279005667	140.246718433872	118.249546768583	266.381254283462	185.110666034327
810.875	26.1587015789948	17.1963564438471	15.0527364696598	29.2450632096562	13.6280569369352	11.8822162730394	8.25027985764866	12.2972497756994	9.01321942081521	8.28699825813959	12.9050629723845	12.3871413440057	32.1972130214987	10.0828147817992	13.4096504096983	8.95797586559165	14.3744992864283	17.0946616212398	35.8610182014471	280.225699157149	244.745767432372	31.3734211358331	35.9100532043188	16.1646934379307	23.9739129292056	10.3167395639648	26.795281405311	32.770358806491	12.0557001899567	37.2406929003165	42.290654990503	17.9883674780149	15.2022187550288	20.7861810508606	1.17407918399757	20.6140233452421	16.9620099353346	24.8764624256444	5.81772340528122	20.6770315568909	28.6705540744346	23.2242965755363	31.5392077505289	35.3711520936642	46.5425974423463	-4.19396743599046	103.859674093279	153.042062371088	190.826301622436	189.592786030975	4.077570578227	243.548575344879	870.020130361336
815.635	-10.1431700000184	22.4507986905782	9.03164188179587	-7.31126580241404	25.1594897297266	-1.60570490176209	5.82372695834023	6.14862488784971	10.1991693446067	-9.39193135922487	9.83242893134056	18.9450397025969	22.2314089910348	10.4562523663103	14.1344963777901	13.2578042810756	18.157262256541	21.0701643238538	109.769702055649	338.02802984138	71.6885923262731	20.1993259367692	12.3975183681577	14.5067761622455	20.4367782347326	9.55253663330071	13.5863398674816	21.0935642892356	14.3161439755736	30.5373681782595	27.580861950328	-1.10132862110295	18.5392911646693	11.7158475013941	20.7420655839571	29.6841936171487	-2.60953999005147	18.8876844342856	11.150636526789	17.058551034435	24.8110564105684	8.33692697583355	35.481608719345	13.5463986741693	26.3448664767998	30.4062639109308	111.367602340985	72.0197940569824	24.5618011989273	161.024010053705	110.094405612129	159.828752570077	851.509063757903
820.397	36.3018715790131	-4.29908911096178	-13.7625019151175	1.62472573386979	3.14493621621582	3.21140980352417	8.97824572744119	2.75628012213953	-2.60908983234125	-2.20986620217056	-1.84358042462636	-8.01520910494486	6.89940279032114	4.1078134296219	1.8121149202295	3.22487131161299	12.483117801372	19.4799632428082	205.98218991319	216.411926081759	18.7212247476255	8.59545784543372	17.5275259687747	17.4081313946946	15.720598642102	-4.20311611865231	1.88699164826134	-0.376670790879207	22.2276972252327	11.9170217281013	16.1807723441924	14.3172720743384	20.0224344578429	10.5820558077108	5.47903619198867	11.9561335402404	12.6127766185821	20.7303853547037	-8.2417748241484	-4.65233210030046	6.6162817094849	17.8648435196433	25.6256062973047	0.752577704120515	26.3448664767998	58.7155441038664	83.8385320993935	79.5218559379181	30.2299091679106	70.1233592169361	138.637399659718	296.824826201572	1073.6418629991
825.159	5.87236157895801	20.062415851155	2.58046910908454	29.2450632096562	9.43480864864746	11.2399343123346	14.3166621059197	16.5376807328372	9.4875993903318	20.717495645349	4.91621446567028	13.1157967171825	1.53320062007136	17.5515664720208	21.7453790427539	14.6910804195703	8.32207853424797	96.6047156735182	275.517578864777	90.1716358673995	-4.10953713972266	21.918417505856	17.1000253353899	14.0922968433242	21.6158231328903	21.7797835239256	29.8144680425292	21.0935642892356	18.8370315468073	24.5788573142089	23.5356688642799	15.0514911550737	14.8314329317355	9.07033354946643	17.2198280319644	18.5526210107179	23.9207832421385	4.14607707094074	2.90886170264061	16.5416252455128	12.1298498007223	18.4603383036314	31.5392077505289	25.5876419400975	56.2023818171729	112.188628912745	47.5502122354769	25.5070103951813	3.77873864598882	33.7630988822285	220.188811224258	525.151615587396	1388.32999525745
