Wavelength	500	495	490	485	480	475	470	465	460	455	450	445	440	435	430	425	420	415	410	405	400	395	390	385	380	375	370	365	360	355	350	345	340	335	330	325	320	315	310	305	300	295	290	285	280	275	270	265	260	255	250	245	240
248.336	-3.14661282963339	-9.83750297300459	-8.47772978973712	-0.797033629405094	-9.98825563681672	-3.78842253819625	-3.81926889237797	-8.82068536132269	-2.35223846562524	-5.74221517565189	-3.34238995956416	-3.24367195150111	-9.45145019051541	-5.89926334822436	-0.357862110519407	-5.66465943034467	-0.374630160874652	-2.36443275924288	-10.3794852078757	-21.0080247661207	-5.40465758810921	5.51732654368736	-6.75112946728724	-4.49579979107444	-5.42703127391646	-4.1462679904061	-9.29206057756591	-17.4061251316491	-0.73927995407111	5.10939268267597	-10.8368371318119	5.77366378296171	8.74267336953926	2.97232414015328	6.16298944970998	19.8839051006106	26.997131590131	29.9372136038054	36.7676465935739	29.0304310009212	42.9334759302734	72.305859470777	264.643343791514	439.448706568697	607.640457380704	644.741472757663	583.023832647629	601.615212256262	739.292896269634	1908.30461827645	34956.1279632948	108599.150420888	38579.1315459184
252.814	36.4308813887259	12.3434877081889	-4.56921622398486	29.1156246270639	11.5504607506429	-7.5623502439827	4.00256058905124	0	-9.86050183306152	3.27498861120534	8.00638997514673	0.863324444462607	7.24482751290301	-5.29918002201032	6.85780809255672	0	5.83305024385485	-2.35990949708773	-33.1508121716817	23.5204415675146	4.85488641990111	0	17.6878124444663	6.36366422297258	4.64284210998255	-2.25727418202029	-1.78066261703062	11.9761612201118	-1.32815822316713	13.5504140568515	7.35495193962822	13.398088045917	-2.61778447715108	24.4747631327819	25.3736974601477	34.0214851370811	48.7584965028825	64.1060582809359	74.9196999405454	73.8097313304366	105.446847463681	257.690906297596	548.472856341499	697.031127143648	803.346127274279	838.928580397205	764.583550862676	745.282156031872	1697.30663667316	31518.305832556	120423.185531905	49220.9783291394	2716.70244186367
257.296	1.86439125006716	17.7639402133616	18.585533891809	12.2784555117881	5.30589615745314	4.11522507725265	12.4461970365386	5.72406582124411	11.9859799209834	10.0448996938234	1.80035512710339	15.802284726826	-9.85609463314372	10.0491511812289	11.4499403899262	12.5863214451007	15.5379788437185	21.0141570621107	21.524724703442	23.8124350343078	29.8881275568846	19.6143393968411	1.0000234687554	23.7319869200412	1.37809540908463	8.04009039359502	13.2134742014076	7.46065413828773	25.8436998729736	16.0017216916107	14.5540529729219	17.5323086142339	18.5620188659954	23.7751729115005	26.9306723355452	40.8741062990981	55.8590443903906	47.301384793781	62.2431459804781	75.4418593622038	255.672023619837	455.585477997252	697.927648527423	809.278595232233	798.931789843723	786.032141671138	867.258719053484	1530.68735626662	24397.6388925042	107632.644801408	53904.892345187	2979.3900001933	5131.48187332018
261.781	-12.6124529739665	-20.2789557826958	7.13600450978187	-1.91683242530594	-7.86905820576584	-0.759249766265046	-0.287036918196628	-0.505080430206137	13.8597352128077	11.8369598424837	1.46151046629593	-1.30014914977793	5.4552818419568	11.970686879645	3.87289509960587	2.55436278199397	0.450484906388519	7.58181539341938	6.24055656826225	-14.827524790694	3.2494936632398	-17.8620329490324	35.5166503294044	22.1158836777937	-5.12748595395473	10.4248550557547	1.78776125431793	-5.78928728449239	3.11139020532899	-4.38852676727451	12.1623312785138	-3.47135476587608	16.6453953146922	13.8498599278958	23.1589546110965	40.0126172420972	57.1975673470483	68.1796800951562	62.0120899855315	198.427172439001	433.924872409158	645.381726432789	784.650577092221	792.641770936027	823.17854788864	850.956207933031	1470.1845564653	18654.9106073133	97331.4532114489	58525.5639840346	3326.04652635817	2913.36097773725	17807.8575719874
266.271	-23.7317178663827	-13.1773721641953	3.62896691176772	5.848753125621	6.31856276738774	10.4250062406338	0	1.79798669765535	-3.45221621032485	-7.3572962292765	13.0067223937565	0	-6.93561686784642	-15.3317635243429	-4.81441804177563	-7.79402367568606	-9.16364230035885	1.44588038496197	1.05786430236485	20.1078336483988	-2.20334408285598	-9.34314814628986	-10.3210015541054	-11.99667554114	-6.16329612728686	-22.5889559037895	-3.18203870276206	-9.51171725462326	2.26039497297712	2.23175565654638	9.71939799707665	19.4186743069088	6.68281847291459	36.3522722750021	39.1007356007493	41.1925889256295	31.969975451564	49.3733779400285	148.919195625656	411.109920958988	628.775324043613	792.292180496273	780.604956338742	854.30215346014	845.700792926874	1333.57047200545	14209.9091555441	87203.8034826438	60821.0624811741	4165.21866136676	1641.83620163826	12122.7839048006	24508.6943457632
270.764	0.641776636269593	33.2495230113809	15.0431718357155	2.43841992660856	2.95040431901218	-3.0907152611016	10.5160973462082	-1.79904871914021	3.74210995151909	-7.36164198259949	2.23104087571609	18.9650815944998	8.32765625606747	2.25600287897492	4.37932889692515	10.8314269332599	10.5444132647425	3.85795847171786	6.88017949987633	-3.91216598789004	27.0069078385788	11.4261484185885	0	3.50109714754409	13.7570124543345	23.0635699808137	6.36783649169803	15.8622259423728	13.1180347329004	7.59245123780405	30.0595204811698	38.8602887716602	41.4579481503698	29.553667460145	56.564575422751	35.2578474508124	62.4044958948505	155.978810619459	384.496902115678	617.652390235818	778.785215934836	753.194095801714	851.711238919783	835.730313529011	1224.87497075093	10399.6619206925	76164.1022141875	62992.3627315714	5063.62954234565	1518.09119830124	7137.02420730433	23047.8269076211	7983.22122928569
275.26	-9.42321803396713	2.80576638900956	1.52330459259696	-2.86426913392967	-16.0905978363077	6.05080379274628	6.86257994583061	2.01260686438351	1.97240143490261	9.49891689167406	-4.00380613043966	10.3614749139954	14.9447379172447	14.5749697908285	5.57281971304588	1.69640574771714	8.52652877287521	0.944107907913839	4.14448413748421	16.9591860673416	16.1854252839939	6.10073982707413	-3.03265932560886	7.34381045075481	16.7167832536598	-14.9002839877473	14.2474756776883	20.8505743950906	11.9552488633597	16.612720746487	21.6355140422645	26.8002668972814	36.654577652229	20.4729268901406	40.142703383695	39.3737285403601	132.951352644317	332.533026371139	548.541685716323	769.934721043978	761.025821891972	768.965653087861	839.151721447012	1103.50470068648	7547.01528115385	64197.1019924593	63100.2966866544	6047.95184056174	1309.42325564781	4233.43838861627	18743.2365072287	10842.3153868066	516.476820083785
279.76	15.2694652213385	15.2762013142732	18.759658616498	-1.85651473912378	10.429338392316	-9.92733527582726	17.5142910371199	3.17971468440262	10.1361920720451	8.2799035073084	3.53880141821605	0.839491245298168	10.1269353402644	3.86466692586158	10.4195145951544	9.48360413934249	-3.05416529997775	9.63799667190501	-0.503681885818538	12.7652813303307	6.29448125026492	34.1056386745624	19.6565911702915	19.5159588688004	34.7629619874228	21.0716081207945	12.1205356942047	26.7416187371216	40.4667706483859	32.7283213679552	50.4840627006146	44.127829476769	46.2435609533978	54.9542977432439	50.6922589705368	94.9933970887602	281.480256232453	493.93614873209	745.197974197374	764.580654219484	765.221247047168	780.485775622361	993.386662575494	5877.91477380134	53392.2771894601	62596.7440239627	7186.93682295555	1236.46805992124	2429.04638882725	14824.5645361432	13811.3320883654	1313.2371153013	654.968013661453
284.264	2.3251750387769	-27.0005448250347	0	-0.441723243491892	-11.834691651501	-8.39831208898368	-7.14377255833904	2.56064473034214	-9.12542277161552	-13.6388038559778	-18.8606242061701	-10.7860339316688	-15.085667944126	2.45206881264424	5.15659084521481	2.74697978726052	-2.49148106678947	3.49437336610522	-1.9174681814539	-11.642837261428	-1.99687339965366	0.470423423586968	-15.4338400776983	-0.906041051371878	-14.6088761638418	12.533995675548	-4.94375422340059	-1.23148492580451	13.520615937311	22.2488484378628	28.8281909547846	37.9978229431462	22.6112535830798	53.5368896272627	64.4691569344426	228.043219167676	446.961688928257	654.106310700363	700.755789702969	693.235184530838	695.752131871474	824.256743436825	4071.46753193993	45115.3335908029	59525.5343461316	8470.52181595741	1025.24912906832	1356.56416481737	10114.0642570392	15313.1322724717	2261.19505426569	202.677023222305	-270.118314398721
288.772	-12.0900803501851	-0.981770605850122	4.44185136791366	10.4400146172741	9.7447311772131	4.9622983542991	-1.00054054415464	-3.08102713893662	0.985952032474071	4.8710606485029	-1.59202133999724	1.51066739193213	-8.31940340608587	-1.15908024419084	2.62499334418884	10.7588602733473	3.14056056763166	5.78120275319287	23.5658095685203	0	-7.55129381607471	9.33940219893093	19.4546569914787	-8.13733744969122	8.93658143131396	3.94983661507571	16.7476905206203	7.37347635651163	22.4657734899447	31.3595300704637	33.6888158490261	39.3259564892578	46.5701128006382	53.3385489220632	196.568919524092	383.554062383173	619.23541705238	680.176341677473	673.995738872762	687.932762432363	754.569566945873	2599.53267054551	35921.299041071	49040.1263608276	9619.00878455805	983.697187246302	934.459364588118	6216.17348169489	15084.1196266974	4384.24100417032	382.492916630322	407.168617176358	530.377740020944
293.283	15.803055340362	5.64643815195421	-5.96081108144611	5.20376589248559	10.0326900784097	8.56187094484212	-0.239766222180106	9.70372811412165	5.90675698896437	8.7889682123616	21.669581758094	-2.17206798255399	16.3288140874098	11.1103260323364	18.6916142680079	8.89040566285588	11.2889029919082	18.9996107006192	24.7609427381407	28.4411286021009	-10.4050104798065	8.52595584976743	-3.81440419119372	9.03160023100968	17.5216318033665	17.794684371776	19.4134675860194	31.9911934629149	31.9304569278954	17.9624293753876	26.1241119154985	37.3333085509049	62.2027636158159	158.607185752567	336.990256501445	560.041334718183	668.461312306034	654.714495232265	658.047080066555	690.110007333515	1719.52011585071	27635.068227925	41028.8967878343	10256.670374359	885.562619514714	765.733725899571	3631.07567413843	13374.3949507404	6470.00082367684	497.902084088715	472.554797453507	336.720918436548	301.269250349515
297.797	-9.17935555711294	-16.8544635614729	-16.8997803410187	-12.0131243559166	-16.7459304837805	-13.507577582509	-0.928469993755235	3.26753803535571	-5.94706005477215	-10.1039547602027	-5.31844370332394	-15.0699044987119	-3.67625873815949	-21.8703264069763	-1.73993631180188	-8.26252320136011	3.6429261508345	7.66396198179896	-8.41089471807143	-13.3228234351592	-3.06572084600342	-9.90476569545055	-24.6181454263759	-1.98715576275204	-4.52338093418148	-13.5616969801045	4.33711460635708	16.9258204621699	16.8936861284376	25.9066784460877	15.4554479423678	46.3183486184783	116.186182860218	286.140276065989	484.678043929635	621.489489530811	617.96781038051	610.451491529784	617.553200731834	1317.37037600747	20773.9762999681	35948.1783126581	12050.2340638014	798.342480980939	623.652820447523	1907.93568433364	10817.2321087875	8735.06556797322	816.676759398166	149.850351672143	193.24583764587	303.753407505032	-255.201216826293
302.315	-15.0189421287647	-26.831370899922	-19.8276701312498	-22.8256908672983	-17.4258331417173	-16.2740990859037	-13.2164335561858	-13.2319242640983	-13.9219178759183	-9.65801604118302	-13.0527787650768	-18.2346031535993	-18.4057978470783	-10.9110243634147	-18.7890334174168	-10.4771110232841	-13.5897781137457	-14.6712242374383	-21.0552682659364	-21.3623732800249	-21.0673082077375	-17.4212704249647	-18.1257087852302	-13.655523452259	-12.5816974069729	1.43929794572763	2.83849439640551	7.07066513259937	8.46868943716355	11.4969122426393	30.3451993041958	61.3165258650849	231.249438710106	440.508008126823	606.710367544145	574.089806718819	582.11394660949	603.176742370802	987.779592131199	16511.9329370246	32601.0183540269	15061.2404535531	773.992684007037	596.656815403197	971.166851241167	7451.69985973666	10227.0917432636	1485.03652755764	120.881814274988	39.2287889185425	11.6148531954496	-29.0921417560348	-930.543008984623
306.837	14.4780441688964	23.635309414653	-1.6140961681436	-4.93184981921768	-7.21330295298514	6.31126333008652	2.49961302322059	2.19920425053524	7.61342555112718	-3.38394550698069	9.54548970062439	-5.83261322162403	4.67866159657332	0.350992342636275	13.2861810590401	-3.37033959382707	5.70614182934506	0	5.35214370275302	-7.39088000044127	-3.00126828546674	7.27239872365278	-16.870407965571	18.6756340641153	13.2848492306876	17.223672609779	29.721529195407	32.0822985789352	30.2619720950129	33.0053765547683	72.9015887761778	228.783962278785	425.844673050672	600.21640960961	612.361324022472	614.604339000425	608.239412539192	878.290590001793	12565.9646138474	30417.4089039732	18837.4193846725	912.170087298402	571.783527311978	653.6542017295	4748.56373965821	10555.8568761945	2876.95430171413	196.519894528137	143.59221205287	173.594945934938	146.713432190827	319.126001251545	35.6908517929695
311.362	-4.48750823319319	8.46232836059905	-14.5085084019053	-6.82008591664694	-1.96477847581051	-17.709237711123	-2.7234047414282	-0.199675017280604	-1.11820657666324	-11.9588299328577	4.04448434571152	4.11193605491019	-12.2210367073077	-2.45384163792129	0.340240814330041	-3.70268866993557	0	-2.99734265903254	-10.279577651456	-3.47366606774211	-13.7027459825002	-7.26320883796826	6.41870072320154	15.9319459589802	15.8479624827985	22.9358768452827	14.841985549273	35.9149367058733	35.1438733239949	65.2333655667663	198.50882572339	379.795503360048	570.423358033613	572.964509551844	578.993918090171	581.805246841228	761.884907839594	9624.40620024272	28496.9202087776	21229.0113843873	1112.45814352452	509.722623728098	482.256683857714	2856.91735917407	9357.7484782392	4369.42197191821	323.935411150001	126.174573608596	154.03377861883	53.7220106546601	88.6880214025759	43.4621907895211	249.520253247299
315.89	0	3.1145528105635	-4.83128767425079	-17.7900261159713	-6.21551801285892	-3.29838941496433	-2.26721303713247	-6.38315067404333	-6.70246692671849	3.89568204958635	-11.255404753549	-3.08083899567297	-2.15447653755185	5.2529242439295	-0.339897363742901	-9.07924348818772	-11.7421806065941	-1.49715851998145	6.98305674667571	3.47015963171138	-1.28333568442402	0	8.41604067880981	5.82287696846609	0.736370465738946	13.6044302284919	38.126580549447	39.0444490968758	53.3647648223907	181.983757023921	349.612983805612	529.87456652626	557.391869173254	538.155895922714	568.531501591551	689.136405746024	6767.01170056368	27052.2775110114	24346.9162901208	1361.24030098699	534.246132055933	455.607240630673	1442.22926288223	7712.5178727211	5883.83978764488	534.97108551051	114.489621441378	121.845635101753	81.3609358478662	63.4255603562193	-61.6337368443597	-65.1274778759467	356.097684376107
320.422	-20.4551472411552	-22.2824161443434	-13.7105597637891	-8.71969272493745	-18.6764014875874	-12.0133422944505	-15.4417266478343	0	0.895092737755171	-13.786776399913	-10.4062349774667	-10.2859015992562	-13.3072053860766	-13.6794646934449	-17.0220717905888	-13.4722616139232	-7.12786439902511	0	-18.1027245672471	-26.0678572460808	-20.137775313963	-3.63374577836528	-11.2393495926476	8.16507666731749	14.7509834077546	9.32319410870879	11.3148472838015	48.2671332256528	136.790277477119	303.444571989268	497.25197568893	579.126295324878	544.768826500742	557.043472445602	624.040511529694	4935.90731888381	25572.8455733916	26695.1356654833	1815.21169779488	507.284980688213	397.060672749295	713.585062412255	5470.85536999779	6685.37165273711	1087.87224257743	125.615217264495	97.1209123196254	50.4995887537251	65.5472453583768	17.1034460542662	-104.173414316968	-14.4959393589557	-428.001225863992
324.958	-28.3145126295869	0.459853953216694	-7.48990694595358	-6.25923093941342	-7.10011345198687	7.43777009144149	-10.3102043191272	-11.54503914756	-11.083500046473	-1.34209888220137	-17.3000265200688	-3.53792611041765	-11.1335596025518	-9.04840752701418	-4.91810840251221	-10.07873814784	-13.2391341252492	-3.48154946074752	-10.6135073186433	-11.6561487074973	-11.0530284917469	4.16619581791712	14.0828227578972	15.6470772651872	28.9202620149037	20.7208254934604	32.1076883099938	128.331506109515	293.186951503696	516.607668870182	567.355953863155	559.684058178014	560.346095931279	611.272050010907	3345.57598470592	24970.2893187452	26369.0841757892	2519.32807322267	484.674296575587	424.463802834167	429.989988235944	3385.62468083292	7317.29850064017	1862.52313410923	215.51594943716	115.44225018537	77.2755816773217	107.113622791428	80.4327736729816	60.5096264303539	-115.45660425518	-179.49619942353	-809.681274621047
329.496	-13.6179832510033	-3.27499778752154	4.656822115154	-7.56219096769577	-2.75187705533412	6.93660932622829	4.2912137432628	-3.14623884326286	1.87939784112746	-1.6385466382218	-4.55200867416184	7.91889320094003	5.28608163679518	13.9929340375822	-10.7222113280623	9.90054819295496	2.61907640371473	0	26.3476445987597	4.10503900025805	8.09667733913112	0	6.7425445652143	19.184899328741	20.1319119026363	39.1512301267541	129.181004345842	275.554752151793	514.992057595904	602.870648569257	567.128173359756	583.840087339283	599.566843363815	2497.28802677407	24118.1954457335	25408.4966781303	3537.69073271268	482.01045407364	415.375284276485	374.372406686124	1855.19005217602	6783.99814006686	3065.44082638838	256.513349507121	111.359803589524	47.3926300295784	90.9048543170435	111.923073410769	85.5522128212798	76.9533501176088	64.8087748319295	486.98662808345	505.49658946194
334.038	26.3564433245005	20.2469112113998	-11.9297775818019	-3.20450813394802	-10.7319362912068	6.02914192861916	2.15937218680422	-6.12175266865348	4.255774358942	-0.82452943363931	-8.24618242002789	-13.0413231875833	1.89999818675892	8.15314606673819	-3.23730016374113	10.6757849615458	4.5186502305096	13.0711680514419	-2.1734983649922	18.8207092964549	12.6756345804577	7.25202008876751	37.7460231108582	14.3782841767479	42.8599553858488	106.462275526089	263.381872927268	467.539839779516	594.46139753321	571.155810694208	575.123627401106	579.9689083896	1764.47162498255	22814.7264368947	24229.1780334067	4636.75776048842	498.350816083536	385.711461725563	353.246333411194	998.246923069942	5380.59038043662	4417.94701350734	472.676008661602	143.255878883231	92.9608049279736	118.204818867076	150.831669444368	72.6238832106339	56.1528782556845	116.170575879325	-167.137937027673	275.687398324064	-226.106508396965
338.584	-29.4503808387999	-33.3529889946111	-10.2016788040599	-12.3885127972346	-25.9038158542503	-14.5628315786638	-13.4047620603777	-17.9012268332906	-15.3322373538448	-11.7906962967711	-17.9774162442292	-7.95111301353177	-6.06581629548564	-20.3353344853458	-15.0721719065466	-12.4260385227758	-14.275691853944	-22.1296514689258	-25.5874739662641	-2.28985626791413	-4.96810142082315	-15.7470022599242	-2.538741801242	-7.37730285005987	78.9116557629859	212.806019388601	417.446549828093	551.866310048547	551.18924220808	555.184913755606	561.104225112612	1275.19980226838	18697.6294517819	23254.817962199	6232.72774094541	428.087129668749	350.223684145486	301.572543217811	506.128653015624	3760.99916812348	5317.90534341161	900.156968608293	87.1598431618646	28.2866104765468	43.3383318609258	36.2063265040984	-6.16721090063832	-85.7625072786648	-54.1545378379011	-61.8131618173462	-101.675725043249	-267.404398845772	-921.115278922287
343.133	-18.3896026798298	-35.6690397024298	11.8910402443166	-23.5565076595224	-14.4928295534263	-24.038258490676	-16.5014302010978	-6.1018746451529	-8.48391075624162	-12.8756827947986	-13.3945877719328	-6.13840558633163	-12.8780350082915	-25.8575923424383	-21.51192189238	-18.444607098613	-9.38328679581861	-8.29100649361738	-12.5653564654316	23.7926587524986	-20.7566380929318	9.35449312351638	9.72291598402858	49.5463756463351	175.155215473147	369.708655811033	540.693169442773	533.550304988308	555.868251434703	540.781297027798	938.779303388072	15009.6205949872	22808.5394595943	7582.8204653146	415.622823122029	341.505050501955	282.0685633483	308.566985588488	2208.27497392794	5360.78349125144	1730.89901363149	138.992903541009	51.3381419567325	28.2606615198666	18.1854015347849	40.3071823108479	65.3124656009331	-7.3865372699525	-70.8960217756899	-162.110699627056	-288.49416360548	-68.6980525379422	-469.525656215844
347.685	12.134377232498	8.95399361294337	27.2914836523101	8.4190587969458	6.58328792223404	7.62229941959145	8.88504382777833	9.29615410099803	0.236634980793517	6.05174257637786	2.75108836230911	14.5028049033269	12.1704326399897	2.59641098960692	18.7204662032549	12.4657801569024	18.4670028516194	21.8039915178027	25.234236183413	39.0520567890435	28.0915837975014	44.4034048342113	81.4995629995238	188.722882231127	365.402468467486	550.590733043777	548.9030914486	564.063133873746	574.519820049581	825.711434689544	12017.1076378064	22726.0653079913	9559.56430391137	432.451231371158	339.447914817229	301.272548308863	254.347037170275	1294.11021250188	4840.65313258353	2708.34124863875	288.669220454421	102.899964997605	71.1254304129494	71.6894608596388	108.69234719395	108.966370656711	154.673380272596	60.8191155497605	67.4413297255029	136.940640427838	159.121419432351	375.563476649964	1301.22909312526
352.24	29.9518341558082	-0.477759045685068	8.21384516939447	7.72224521081012	14.0506035235496	10.6251346423712	7.79028897701611	1.28513167378287	4.79793853390204	8.08726180302197	7.12747340620198	7.7189290204578	16.9650230642253	13.9130665333161	7.66440331932754	20.2201878249412	22.542292831763	24.1140581879234	29.5517165130019	30.7407643145425	22.0481173856176	67.5232397095634	182.889478124004	348.051964831429	512.368741811805	543.188019056169	532.20931094346	561.262969237226	724.939152073149	9994.50342602922	23100.7883164675	11717.8491590604	490.399794368532	303.137388825457	287.951107300808	244.588717172916	615.788258427037	3787.81370605071	3677.24794895717	494.491593680234	128.58795246853	85.133416482485	69.4597871121332	75.7059163397689	89.9155624713163	71.5414666053091	90.3199730827548	133.841868011645	53.177436100989	44.5298411222381	264.721826360772	466.212872265295	1338.28451628392
356.799	-9.19384942417306	-11.1109149816806	-6.99400540789653	-2.05481657995093	-30.5454486890935	0.651123796717402	-3.69239299658224	-11.0453535850562	-3.88112595170489	-6.20353526332405	-13.1604315251887	-13.7515783201225	-13.645293837233	-3.42197409280849	-17.3448274363415	-0.365098651042352	1.15899189823068	8.53397603222447	13.3795723979787	17.8964706385237	39.0141932681335	136.989121413837	287.616846325539	494.388882820783	535.267989525049	536.80279559096	553.855250862856	667.578095562902	7699.92882264888	23610.2525281133	13989.6053954159	606.190321783303	248.308094735399	263.220267006819	210.127803228958	326.40485580405	2447.29561433302	4116.29526291026	917.862067354795	111.345045089716	42.5930714002119	34.5541045997105	54.1804038212779	72.7221140916405	68.6338701455505	21.2760984791995	45.6632558196403	1.52060023282902	-55.6904120059659	-47.6746813808586	-12.5471214300367	31.4272276308937	541.279419297828
361.361	4.90123056737793	12.647639991289	5.28203635301024	9.51798578143277	2.14591970050077	6.5565854642478	5.20535211897107	2.18083900325466	2.68685727861655	13.3453076815889	1.89315533009004	22.829416753597	3.53322680008531	-0.382867380111	-1.11482715538819	12.8674482821567	10.8925944753797	16.7776117228148	15.2691216412794	27.980145333851	150.595978745474	292.192745974219	499.495834185402	512.686376518682	548.65672864327	533.495922980167	610.203169284955	6245.79283311239	24091.677062449	15648.3017520512	841.358584948624	240.192864883084	241.337192105515	210.26803165667	220.790856706673	1423.00762632938	4016.90056870212	1606.17323565383	149.745098450419	74.570714773176	41.1966958200782	31.1321506030881	41.0866954054454	67.8327964110585	50.2631785643727	49.2758343458132	49.8130505451578	26.0302376251557	29.0060005404167	42.6726324931007	143.191065950715	213.611191621269	-97.3302068163975
365.926	-1.09248793658886	11.222458644504	-3.53210948778603	17.4337388666833	5.73992515583204	-0.328830249046159	5.46987660918943	6.56249357059583	10.5352391602881	8.25948105844038	7.27925384721255	7.88330458302882	7.87558880012186	18.0497110945406	17.5189540124587	13.2755009549376	0.780418094498619	23.396191580235	27.4782457552379	90.8563638674228	265.989561233246	473.886915243288	505.415887999867	521.914477001119	511.166742510844	573.993074085705	5085.45433965989	24192.3017385901	18187.1660599125	1084.52011999008	222.739681401728	228.898736710773	208.684549815551	176.854851341529	708.5275415959	3350.49562873303	2400.44891281223	284.41894919741	73.6090848950721	56.7619100889194	69.0594930401964	44.085469829393	62.8316343420439	30.9272333331185	45.0148655209209	69.841497392599	47.4028317389974	93.6878077646042	106.680074833695	98.9817681259223	38.0192499686082	428.526840520195	331.933124318069
370.495	3.25084318677957	-0.483969834749059	0.437927568761869	-15.2335487253515	-8.89578691239913	-6.19702828117651	-7.15172756697768	1.73578423240423	9.477606345088	2.54246737566626	-5.33661737442648	-10.4256984386036	9.76452589516813	-11.4275141443291	7.39432314540021	6.94960521281892	10.0630307163554	13.842270955733	89.3608476722818	193.447872288926	390.857937532145	491.084323167483	497.387434983511	507.54138079482	518.228479861234	4131.34862630651	24111.3837346583	19666.5655129185	1543.95766352819	212.276712145364	199.658491357915	212.500068626507	159.570122955421	360.432949281047	2432.24600507181	2982.02391433592	525.952139551115	80.6025160965858	24.6659486681187	15.2591146958156	29.7575752580405	34.6175197428578	10.0518218467699	9.96971050507896	6.25089362771849	45.8275623265846	24.1442811090198	53.3186815770877	40.4015505220898	5.3069084396936	-20.9502473899038	-78.7122604954482	290.503284647128
375.067	-10.2588704610513	-27.9735421122447	4.36418810148285	7.79568240505882	-8.15592781831175	3.25035691052581	-9.83046656939767	1.72980406673582	-10.655845388755	-4.78589289982989	-21.8986004244005	6.67914400998796	-1.16770618982847	-8.35130545128411	-0.736884804510271	1.82254270143686	11.9568923435787	58.8298317172395	166.529071714293	372.397242940901	454.42990173748	484.148937326632	475.256058933954	519.678945044099	3419.53956317223	24221.4750090478	21177.4133087995	2055.92853006781	203.223570794881	189.752064843696	184.09431484184	172.75807121945	214.527477749907	1634.14771899434	3332.02311222407	993.925722366013	103.239719929456	43.4314446512091	20.6480139157645	27.7912693856928	22.9407019518451	21.7883713450021	-3.339063689301	39.7414504727409	17.79816542386	-12.7450258896143	31.6593403287975	21.2539947081532	24.9243169355067	121.638373869438	33.4049105483405	39.220539559345	636.905358605951
379.641	21.325506550713	6.5045470285757	-3.78368980201086	8.69546420578448	1.02479346273231	23.7965609767669	4.26143823807692	-5.62393438474963	9.09849152979263	7.32229754222572	3.61633887001524	13.2257278097434	7.87410454163515	13.5301610411299	6.38868778166306	11.9386763598653	48.3024913691712	132.103966645909	310.117525778728	441.626825074639	421.232693998021	463.863682232273	467.866228348105	2786.42428093792	22485.4831252929	22549.0296164135	2490.86037085897	208.629645235948	163.873941008352	198.355955762419	171.250807781584	124.905158506435	909.367999833019	3029.38360277747	1658.38235370261	178.694840125048	53.9764397467864	30.1415570776896	27.9415542168027	27.7820800244358	45.2763789303147	38.4800614887731	46.9620571547448	24.2953893980804	42.8632208346178	73.6650565367292	57.3362473200534	38.023792781111	33.2446658393329	119.723715424687	217.211912799821	52.8945776531313	520.581281799026
384.219	10.8396320010225	1.38321605640477	5.00649752245658	-7.06028675700735	-9.49189373460428	-5.28237552440367	-1.64460451395737	-9.30183730598885	-0.463035755344003	6.72826923330096	3.28973036152103	4.61148662417212	3.3489150847709	-9.79816503899949	9.15782313729402	29.9678411506622	113.199445441904	233.49382181785	350.322146173864	376.232260593965	412.705070233179	448.634639210738	2328.57480988408	21162.2089795966	23955.2269275278	3256.22170688776	215.471831687531	153.822504919431	159.351527218157	144.401094192928	129.770907313186	459.588304931274	2450.61290070629	2306.02139917411	339.689901633428	61.5077028431582	44.2863163487231	53.1272806560302	15.0393224456564	11.0281964502302	31.0241676079693	33.558269687321	47.2428094959836	28.4940561543115	-4.25367736539163	7.10733546591899	30.2657304621523	26.1236788511834	38.4900527356072	17.6953889327359	-67.8607329644386	134.978738015362	166.055311265663
388.801	1.99588448730347	7.57700992172808	-3.62973932492968	2.65416576500588	-1.31079566111487	-1.80223644869689	11.8099198235732	2.39782585727722	-4.25224521629555	-2.60161795110273	-0.867299388667513	3.42908119535883	2.87760898552781	10.1732367582971	16.6838067831496	77.8124615762451	181.071376776106	297.325568183574	330.006347631845	355.003633606644	425.948090311591	1733.11907481041	19377.5609091144	24419.0976233413	3875.58891777953	196.17125151454	136.85678751786	162.438332061513	143.13857736114	122.574266789916	229.240041403507	1668.93906812478	2699.24500922383	639.835171247176	86.1236954562083	36.2924935214335	25.6862660230957	16.8312123871623	26.804670426863	17.9293153017866	26.8878239422437	17.897884961286	22.8342046415438	27.5444714756222	-17.2700662810747	4.90748461334458	38.61937659045	53.3120761049643	88.5889151532591	24.4366821661825	54.0228918303588	-7.24891531168035	178.357111070711
393.385	-30.5569791029723	-16.2064376609499	5.01685225511264	0.725629667421676	-0.940700317009001	-6.61063815833043	1.95587523108565	-3.82403114380936	-7.28112771986696	-3.73413325042151	-7.19243863713885	-1.64060036877656	-0.688377745216621	8.056147840211	43.9833061980498	124.09461493668	239.77088614051	262.259651014975	292.938121764876	350.504298316385	1403.56400512302	16878.5905241724	24114.2989978227	4643.36097318438	175.046870002382	104.665344590448	111.328486834082	112.61314689845	106.678421606022	129.249607183685	993.834654163864	2578.27291479575	1081.15757654499	106.212153459288	29.4570405232274	12.1915219830401	15.2152840844909	6.60732710509312	3.04306712303703	13.9103567179332	12.3693635077897	-11.7741468101949	8.26736729248315	6.75810396148128	7.0822662720119	-9.39169486836941	-24.6359339879801	-51.0129721258442	-23.7351754625502	-39.7508292934094	36.9236668908032	-173.407575616306	-580.262330804384
397.972	-8.78121545403703	7.84382970449509	10.4596361958534	8.78002257322018	-6.98117396764849	0.834655757927962	2.52435524809452	-0.740324300854852	-1.86566141828484	-3.37362787900712	1.87443958083491	6.35233488076041	17.6580720388203	37.3666887880607	119.526417342807	209.979965183956	219.549957567189	267.408628185017	316.719329825094	953.055211483442	15145.8236841903	23468.2310205602	5426.00573333621	200.62194948021	100.777893881388	120.581388974457	124.797525109084	114.556657450521	93.4909999163654	545.798153080147	2187.94604952435	1610.7195521159	203.852344310778	37.9815902565419	18.66994783523	17.5230885309004	18.127056346155	23.1848562475051	0	15.2604211208538	19.6363963528744	11.9153057446636	5.14460807427899	30.7463321956617	18.2814892770357	-4.54553040743639	27.0992298436103	0	47.5918949939552	-36.2149461387841	71.4834342293057	-174.570957776404	99.1213710033693
402.562	-11.5530382298315	0.39691397076585	1.07746118297994	9.45443293521412	3.21007470984202	-5.08231489945113	-5.66303294371167	1.06766521786458	8.56999575871825	0.695043884392487	6.17883329897523	20.1543666640226	53.494079180949	91.8450881760675	179.50156088496	191.983807060746	228.542008104827	270.118943797105	695.491112274579	11668.5670380485	23919.5860044532	6404.06415391391	230.235943613868	113.930756049989	101.818521459656	114.654191483694	95.106406040992	91.6258251194905	259.009234266666	1634.24453544602	2005.33061511698	403.280392163067	54.9393880467164	21.0917098451347	29.3727598714695	16.5035602446788	6.53552353364381	13.0670382198088	28.3206978945378	16.3980810400107	24.4048213503981	7.96928150078641	31.875691099999	32.0765361315487	15.3794730526902	-2.6221507018812	14.5903868136867	-23.7379412590258	0	76.1654014897041	54.9815813003485	-116.196482740141	-174.715150058281
407.156	13.2195401047739	5.51057161562172	-1.78083061089412	13.0591313698441	6.94553855055321	12.2021969542939	1.20341255090768	3.88220759209504	10.8704386772434	10.3389328572921	15.5738971107915	40.2762557820072	87.9916058442018	176.585764623804	177.707694710063	208.235559956213	248.360642867524	508.261402609799	9404.78038623985	24035.5706632273	7307.55757026054	266.384512382078	110.969549972173	103.367450921494	120.188713926702	105.782587008264	87.7569209189213	159.322545919225	1053.197349988	2145.32987263391	756.973670860792	95.5091751821085	38.5661769857081	23.4137231262032	17.8007034205403	20.1168809891524	7.9214153950413	20.199766230862	17.2522839066021	30.3836545733981	26.9416384932074	21.7332207429509	29.9755068319492	41.1655054900433	50.1122013455849	32.0708408751755	58.9095703637084	69.382461983617	51.6348594950223	194.224687036818	88.6018563338133	121.63156859232	409.527865578805
411.752	0.433388674435273	-0.774249755269201	-4.55384690504437	3.29330648698003	-6.54643690339643	18.0016268689212	11.8357832292889	6.2480002811144	-0.194386834180376	6.32708542941478	22.8502693854043	56.2913571506964	146.526704865441	174.894113652539	173.300108299318	220.895196811213	375.533806059507	7129.94747416618	22340.4863307724	8862.33111162826	324.555462146831	116.792530678937	89.2651457556359	99.9750172886661	93.8614822248998	86.5954311516464	86.9248517134629	618.829336456511	1969.04088993796	1157.52856090705	150.153263534971	39.0650426030063	17.1590550048652	15.9659595459286	20.0538374458449	5.36551092581347	5.31194821083882	15.7435341355503	29.2006370602831	29.4619960663102	9.43134764288247	4.37216345630167	50.3864968662229	33.7391915970381	24.2859878381036	40.0671956523222	-5.08233712908284	43.8678799243374	86.178623427205	67.9194820115067	70.3835606573142	69.2576669603532	557.692849992343
416.352	-10.2372458023703	-4.19119722334524	-3.44769949476625	-9.07579154653762	-1.68082590261061	-3.33810773113763	-4.27132644379195	1.3665416036727	2.48716461643314	11.1201335459385	43.7439030054455	105.237057216473	143.907730772856	162.238864108632	172.021618878266	292.280401114276	5285.44930325713	20066.1737331912	9579.43487682021	459.862360677499	108.06592745398	66.9679333669442	57.9993316754146	73.7984232206468	68.1032551363259	52.4252638415264	331.935876436525	1574.77913858391	1569.08352386971	270.123562672805	48.1842352316881	14.3816070436491	10.9626251990595	11.1811825083662	5.0126947045982	-0.66010865653713	12.1990201585584	9.2233200697462	-1.94189141828715	1.65698451556434	23.8694575767859	-5.25945685939596	14.7719787485396	19.924170722863	23.9028730365425	26.8494502978158	-4.00173004895516	19.1892702574697	-18.1755308096916	-43.8690281087648	-36.2859882515154	-86.7556043829441	320.188848295743
420.954	-2.08963770845949	5.59971307447384	12.4985672779071	14.6087620662932	0.548947207912091	13.8372181803291	3.23383686798105	10.2092022878461	17.0581399676497	43.5811912620196	92.4989343635142	140.159704006342	153.651764175354	177.175655029254	245.828322953857	4036.2771205159	18254.0155513136	10177.7149190008	559.016151675756	96.0816050998419	84.3458529406693	68.6578671181908	78.3468082655263	64.8151137771755	73.8314033264517	186.837480466262	1115.77487471836	1748.05426240107	525.217528180415	77.6535725991233	39.7254944758042	23.8681376316966	26.1266937519544	15.3963742418442	24.2497612196798	21.3431477542216	31.7591562666207	22.0498789304667	24.734173211383	11.7702465363169	28.5839226971326	40.2880053643288	32.5649409722218	27.8031034381112	44.083925990484	41.1040417096859	49.0102484836457	37.6025725686909	44.520108573427	124.852618827781	193.921795615274	6.07153645497062	59.7552409047548
425.56	26.2408010108045	18.6784490984228	15.5758762376831	17.4477621656617	26.6582662385	7.4046319322204	14.9298448697873	24.4649517789127	40.0906314293735	82.5187285592785	123.767668931239	140.04121174486	174.683134949791	225.130269039253	3072.29324283019	16082.920239818	10465.9166906958	735.108106590571	127.13275921615	84.9785666233195	83.1005688378997	79.3027581566191	77.8526701114493	84.0378787089247	106.679754430915	699.60105159988	1697.32217520778	858.197999687097	119.642183648917	50.7886072513125	35.3017601483858	25.3909571226313	29.619069178294	40.085778587891	21.6824819382945	43.1468967357494	25.7972168508016	50.0024873252403	46.2915633426121	17.9182749738383	38.239880298374	44.5805242013988	58.8252601705388	36.5621805151462	53.3855232166883	62.9079086595507	42.3122088944333	112.976932036307	164.516524081741	156.624084512921	266.34882245814	553.959069483532	1319.02990291303
430.168	17.697925887603	11.4972294096931	-5.85193800475381	4.5847488091966	4.49074308112274	5.81120296724678	15.3786132758048	26.4164543364926	57.5505750644345	102.972035305064	106.735170410472	127.706801683752	183.833787954653	2271.32425128417	14577.0504632449	10676.8949038407	897.330356229052	108.202272251062	69.6564768073854	56.7440122401873	70.4684538534549	61.8467060462553	57.6041925190204	59.8722089965825	394.235246424087	1446.9262728341	1138.56471671945	180.934470018324	51.8809190996968	9.23703996874769	18.0082820970389	13.007894390327	11.1755946163381	9.68863813725794	6.49937745159575	10.5818635143443	17.4192952552337	6.60995767199252	21.2412826492879	7.03118896719346	21.2577244112784	27.5027330385199	19.4018461350594	13.663921630954	15.2474363784363	1.58238887951724	28.3013308267771	41.8444637939503	42.8474438225927	57.1260929784973	27.9953941371155	227.893488915068	186.908075516816
434.779	-15.2471563757637	-6.80976902999883	-18.4857735814271	2.74411532370659	-0.263514701967823	1.6907850720988	14.7930754042926	44.5088126283548	75.4064628973635	84.7282800025541	111.123401989909	161.586558427159	1742.14582142797	13424.2012195037	11702.0900529671	1086.20398941603	82.261729247941	56.9837099589961	43.0151185414966	48.9179922489307	62.0258383074227	55.2010650040691	37.7707418514748	217.638997324353	1110.11332300794	1373.88263932192	340.960764402264	48.7355520020264	14.7060310092104	10.3313284629549	9.67303000998263	12.6999654145834	-1.67223558555219	12.5075445181461	1.76821834161652	0	13.7701782950879	0.347040883017052	17.9012924110003	-1.5586615369482	17.463506453574	15.2918664866644	12.4066354119334	-5.67936372214573	29.758913420906	-11.0496068128647	29.1731187209359	-22.5632596378212	-21.371277553124	-23.5805175465792	-3.10298473393501	-75.7785384556302	-401.585762337551
439.393	-0.398571154537878	9.25662639981435	-2.89938501473767	-13.3264088409364	6.28227146415245	7.19800636436477	44.2653482435043	68.7929790153001	70.4354632725777	87.0739000131817	123.085090093352	1243.82626670944	12104.1077179934	12957.7088239218	1458.05978605677	94.9822237344771	57.7979696593355	40.4318200776026	52.9181014565993	37.4856417666854	57.847880182215	43.5444601478465	103.258576010725	766.607809221878	1460.08921237399	572.366192367613	68.6423436741827	25.6129405625708	-3.93297129088386	17.7514987407537	-6.86333356059639	11.5184649146898	6.92128648984996	0.564741864511367	3.51290571486622	8.32689660062209	5.86223717266701	1.72365860107566	-2.17740975278403	0	-1.65212444366535	8.04182637618388	-3.9437066715187	-3.94910180624615	17.7365409967875	9.40807219973854	7.47845284117339	-26.8957521349711	-12.737445588602	42.9432959857525	40.0703926459753	-28.9516609132746	-142.469166190147
444.01	-3.94068746145125	-3.16802080250144	-4.14069136058078	1.19780625064733	9.57576123208296	41.2768310015412	67.0828937527598	74.328245399376	83.9566092800847	111.157140561922	794.782671164664	9834.95453869984	13502.8195259895	1956.52520827681	91.427021014018	60.6552786354228	45.6034486846437	44.4167635117597	44.5210166602155	52.5047691362443	43.9956991966421	59.3168682810518	482.559688741669	1338.38615966057	839.475833622001	128.304774914515	18.4329944639258	19.4796978728148	20.5537271828461	1.91963747404518	2.44288900270493	0.81345343140464	2.1897923381264	6.70034795774478	4.05209305889978	8.84267234339856	-1.61000420985523	9.20261255804306	5.38203230059782	-3.82700087329625	15.1095182261708	7.06754036138895	20.957969360418	25.658085551552	10.391811801812	9.30179510780789	14.7879468981821	5.53998493524263	16.791411537753	44.3881103412448	-9.14255597261627	-188.922440224583	112.687825088571
448.63	-12.3780202775854	-6.21938210603704	-4.68975317836716	2.05756632387216	23.8796885129255	54.0224533715603	61.9743626605527	61.0321142773596	93.5145666381424	568.746096542267	8115.92622024945	13220.7763586961	2447.72808298156	93.0064483205488	47.7753026096777	31.3360477706971	32.3294080933025	32.5538900977751	40.5114181426121	38.7377491229625	47.8364104173361	253.246242674936	1073.08188601866	1057.80788182557	233.024213127009	37.532509660391	11.5141124600528	-7.6484147001517	4.36222507713353	-4.30695546902535	7.72660022405045	0.798476088190104	6.1797371105746	8.76930777721238	-10.5119265696122	-7.18333294363306	-4.74108220762544	-9.03317361854014	-5.98732980842346	-5.25915313203163	-1.60338606042744	-4.76947107489704	1.91368281238523	-14.2353773740207	14.0256562453576	-39.5656300627812	6.35060585141912	7.61317545728552	12.3616854532504	-62.5146753651376	-131.621934367978	5.6195148873385	-276.532528752142
453.253	-11.0890271907418	-11.2715310972728	8.34481533523808	16.5624621145395	45.4541580598417	54.3241025503809	61.2641353099298	78.4018649155072	409.046916122906	6222.39143964246	12341.9957233619	3077.45554963533	103.369663087464	43.8196392061286	32.0940276268832	36.1397587593925	29.7736876897159	20.4003424613117	25.2265552982692	30.3020613519022	123.474755575087	760.006121700317	1201.07369289035	391.573267114551	48.3318913777933	-0.824497475566272	5.14907261472558	-8.37084555290454	3.50369004089391	-1.86269898461289	-5.79438521772185	1.57865107468895	-2.12484076805699	-5.4180070917002	7.86380733698047	-18.0484050279598	4.06184940824301	-3.30727899281143	-10.0966312953596	-2.97079036523698	-11.8875841972886	-16.7161546412331	-23.6468996463114	-24.3557994532858	-4.41156607929513	-27.8298397421513	-0.896832541436447	-32.2539785345042	-10.8622402734825	-86.1430235442215	-65.0567722740545	-55.5511514204253	-41.0045191231593
457.878	10.9822432366474	21.3111621281043	27.8542820293673	48.0578262884596	60.4364472500482	67.0232522419203	77.7387935710584	318.170218362807	5162.11101208608	11329.3912692938	3040.42749709641	142.878789510899	55.1455931551161	47.923806730498	41.346304932394	52.1536839552	32.1922033158192	46.383586204494	39.9738100077357	64.9672699015794	525.568462138698	1175.61450648925	628.574391511073	97.0981996095732	29.9515338508082	17.4199000751165	15.5668599791805	13.906203765188	12.0113673681984	17.3934680301645	5.99943191911144	2.08459886093568	13.9415121913462	-0.804875000062364	1.39072879779746	14.3582887683922	8.66435238457107	5.89577562633279	20.3436146508827	23.5374604714546	14.127732458957	13.5837400318615	21.5456522291863	10.7205602326238	21.845420208642	30.5415059827602	13.3229447586063	46.8502944006241	67.2352513020086	89.0227747480967	52.7156962147247	495.145896779715	554.998660619484
462.506	-1.8777423361515	28.5140195276352	36.121890438433	49.0850267939394	53.5211356568086	73.2480573315994	273.668946236708	4336.4253008866	10620.2193184933	3495.20234768344	135.340804171819	55.2309005366007	40.6091253280579	34.0597492724636	31.5206210230046	37.2687727327062	18.7790973758489	33.5812311380048	41.8092402968945	266.864916530893	1010.78750719645	843.377982007645	160.746683474173	18.7313115224591	21.0970540709068	15.3855658913812	13.3080971683035	4.77365120740033	1.32349673428605	6.53363982506401	10.8643692365496	14.4708309312992	7.04321118868162	1.33030162358294	-4.13748693841189	9.88003433473421	11.354100475577	6.17156029860895	12.3098154878537	0	14.010234204993	8.8401902414254	19.0440189073299	9.56825903192356	19.1878796521662	30.2874968105997	21.1394236871939	25.3421713395332	84.0118427772966	51.4980582337956	-49.3729749495027	141.852487644927	67.1198559919921
467.137	6.30294517915228	25.8322796957799	44.9514166701637	29.3010065435591	72.8057012389213	228.772374952096	4502.44719309673	9339.57144516734	3784.08372796756	158.323951050112	45.3262132695392	23.4414673294711	23.7876202997818	22.9383947927101	29.347847781103	27.0321212632447	25.4259109475435	10.3081324758667	128.109443691902	709.994800297549	950.141542534104	268.84124353621	40.8676411070277	-6.64576015226063	-5.20703430932973	2.66481603813371	-3.94153904034272	-0.785467188425594	5.22650632115832	1.80610017938599	-6.38445529090796	2.55113861904722	-5.15069171677241	-5.2533789200878	1.36158260897818	12.0491786008838	-5.45320882383851	-7.05492938439689	-2.0254844229702	4.32078268353791	5.37897523610725	-4.5715514959923	-11.4641898787531	19.4173857114116	0.611074142030826	0.729303233899231	14.7828931378148	-1.04246431116524	42.128748162812	-30.8681327067998	5.73454526542899	161.589626731416	172.287186393628
471.771	35.3226832611708	44.6986992875432	55.6136726671132	68.7815807744429	178.094100875042	3962.1357128751	10067.9424408679	4244.35122688166	199.855399472491	55.2513699693316	43.276374070261	32.3664286080715	27.8508295657608	29.2311997041639	31.8867190394959	30.0558896365188	15.2447788163279	58.6140828296439	435.115064071876	973.752272938114	439.862125976992	66.4019134898971	18.9464052887568	17.7785510214376	17.9501722079252	5.02468313935456	-1.8254101416113	10.3933279214733	4.40877820689907	19.4601074348762	15.7131543435694	11.899254701713	9.71196264767488	12.5123191789851	10.2694085899641	11.6729292619431	11.4248647062794	5.72836049375994	3.6851756078694	17.1518219866496	24.4027813550179	11.1358286772151	16.8380940715102	13.020176987666	9.70290400828522	35.4643549419596	23.3003328917032	40.3472229733929	45.7282378485302	126.138401445705	116.665028584182	117.598761888696	697.065103290604
476.407	37.3623610225473	33.0467715197666	55.9568760599013	168.400783279811	2785.99155026826	9988.01301944301	4208.82149290417	221.792529376451	42.223725849307	41.0620577950921	22.071906834506	25.4248191207121	35.1198105407105	18.0267702365212	21.4959306484867	23.7392578098548	25.6431218860096	225.149560379053	782.661674483587	637.011886231903	110.731627738503	18.9717499654989	3.53654983371808	12.560560979193	8.93491264010489	0.526546537877481	-1.81723940681276	6.46675390789057	2.5817906088257	-2.54907919374646	5.80298181756341	5.79697497509983	2.7987736653898	-10.3802605618811	-6.72594841944281	-6.51891802521594	-2.99308572798023	12.3558927433258	6.00329513469898	-18.8536994533892	17.8405771363937	-5.7482877376489	-1.81218647856986	1.03695178048163	-6.64088751709739	-7.9257497724979	7.73201268716571	11.3290479090302	-10.4053836047237	35.8782263455232	87.8153053444628	58.5361885049817	4268.41619301343
481.047	50.6817715092832	47.8771008553307	134.977064939893	2978.51671972593	9969.04191114382	4676.09414919006	247.281398958588	52.5654599524742	24.5311288916291	34.219810535103	27.4632994841645	34.8300536900824	30.7531233852652	16.6623435841459	19.1580530599289	19.69195054607	117.208789381799	566.045004985367	780.574192419845	231.79025691386	34.1317349156575	5.90147075814311	13.7879353870018	9.9455143801739	19.1354008803313	3.14478426256613	6.46036357929398	12.3592013736293	11.8217479058867	-5.07476772761783	2.76260570589109	16.3075902892188	11.6502641104866	17.3071641222755	2.9458393184787	7.61753210942744	15.4926369995046	10.091653873279	17.9272549575988	13.1016284691268	22.6707108338248	13.4873692915176	12.6271043997045	17.0312040165911	30.6483049857293	32.9919776168714	56.4412767895214	24.6045153821218	73.7982068999641	142.854459468425	115.609952880852	593.270322115074	14049.8201565014
485.688	56.2471310623951	129.522042636658	2381.1973383786	9752.67259005167	5719.0241571521	360.365922182084	52.0345959616925	36.1274733981112	32.7641525623317	31.0409760340654	38.091189439909	38.1527283327997	31.5956492169697	29.0164208082317	25.1724037470016	69.5329293743567	371.535506556932	761.324437784825	360.835274678396	72.2006059547634	25.0936895998914	20.3949207999349	18.5133324347254	19.355784873547	22.6778130556437	16.2758608974696	18.6376913972138	18.3126075503124	18.0204059758401	4.32093530214741	17.8618828469607	13.8223470544865	5.58140180610698	7.50398186519839	12.3400485829444	19.2177310253587	19.6973864561006	13.2679653038848	18.2904922261774	15.2522768519183	20.817052868599	25.3832757102641	37.042668132869	37.2225889559953	17.4572950089591	44.5435550415396	34.2653801164243	53.4010241152369	101.159861323831	186.028645146628	220.317319304769	3777.95919734724	21854.9655617331
490.333	110.823516854883	2232.4114599996	9473.4265254958	5525.35607864857	445.347092819784	47.9988574738133	27.3024324739933	19.3341112095476	18.2096486833059	25.5541951418894	29.2442683196321	17.3436598498495	14.2380148564707	11.3143007416365	27.9531646263638	203.706558166574	621.053711042962	519.714085032084	84.1523050771918	23.8883356783841	6.28223495219969	7.10385058843465	14.7137610528955	-3.70556871089394	4.05529813867261	-4.20612240381012	-4.66596814540953	3.87429550883794	-1.03118400184554	8.90853993217999	4.5347258583405	-5.03336869564677	-0.762169397261478	4.14594374532513	-1.34319382518057	22.6408553140558	4.78183181594151	6.32695399905286	3.99625869483561	1.42080952518205	-6.06437687211276	-0.819965571403582	-14.9283563257034	13.4603723088677	6.63103442846721	13.6696196660911	29.166487071862	15.4257804465396	89.6132767555843	89.5624845011264	274.369236495593	10818.4411669686	15204.9162377562
494.979	1744.82656926616	9010.75773248194	6256.77761112343	486.788740485033	42.7436323384812	37.8586727733022	21.9681738234448	18.5958713730903	23.4518526716726	23.06775394553	21.6084878753075	19.097115749109	15.2878427505394	11.8248435930116	106.537712095874	474.424356521312	597.610928829839	169.245138184144	32.866302084766	14.9652859347557	2.51209869281803	4.14260136555546	-4.41273131958476	3.70439596163331	0	-1.31399726182742	8.81070606488825	2.06563699222673	-2.31942971183928	3.05338989645178	5.28883914415786	5.53495329238518	-7.87325789775633	-1.0361579062203	8.59371985444358	-5.94134359080155	2.68892912687333	4.11121855695399	3.66207778489277	1.42035986321376	3.03122880016135	17.6236804253023	-9.4968565717977	7.24559894731953	5.42367476118875	18.6998752675415	16.2937609162439	2.05611979336969	92.1815799054507	59.0925320721027	2587.30308281123	16790.8986898741	4574.40795308238
499.629	8319.04396747059	6211.18426534572	567.616521817122	50.0464607435283	41.5804364890734	35.0465516638269	28.4863525211912	19.8170996573133	23.174898278956	21.6278407833122	11.5951205169316	29.2569077486912	21.2467058192828	65.4886308887297	303.661910799843	614.104069027308	286.699143704921	42.6528897801389	13.5028434007953	15.8432960645568	2.1874247565123	5.59483240622687	21.0783734606271	14.4621412301111	0.26895674067061	20.6604568067346	10.5731410292383	8.47942352819614	17.4395788088722	11.9011039496209	14.5364189037994	6.25921198954877	5.30762768636045	15.2091988457897	4.81052073895018	5.06787916578205	17.5419242042983	9.12669596019006	19.5467817421963	28.6227786106214	16.9679594572069	29.3662858815762	16.2013594484411	18.0261372219381	44.3783571795244	52.248832947554	65.712325407998	100.261192631044	138.247710792321	326.105498748673	8590.95390185542	13395.0527565033	1391.67875949265
504.281	6777.42654862402	666.984660746573	50.6377528399603	37.9195889377734	31.0979246317328	21.9267148534294	24.5368253433248	21.0044800684579	18.9511574602776	19.7510373557737	14.5616278231587	7.75983546885396	33.084562009471	188.218168690717	542.582594380389	411.136938941185	77.2779497480382	21.8958650485529	12.3152953736522	13.9564983561682	14.3893499009764	12.9698339488216	13.4806455193363	9.93524829601966	12.6540209676112	12.8279472977487	13.165537762072	7.20209221846179	18.7412346347757	9.12515289648923	9.78458255588532	23.8095680150306	10.3732124228611	7.74147721042257	9.09592272013835	3.94575431935082	8.63120586234719	12.9165848283193	8.291087898438	2.47612788615873	15.098206258044	12.2485883538763	27.0301506233907	22.1692674443096	37.2202640389433	42.9885942027119	110.203168151789	111.630160005012	153.910904705683	1790.97285550304	13991.265664601	4915.88585874263	481.7316758282
508.936	817.516087710942	44.9930605370484	39.833974105259	23.6815571488225	13.5653705255863	23.3413567857347	20.9473518558989	16.688451256553	12.5151836407964	7.93550577553975	12.5973976071239	18.1795207404286	104.492131039721	411.193731534555	490.099797235523	129.412029355881	23.0386962678342	19.8775901333576	15.8381917286333	17.0406557348629	-0.933626879899759	3.22584261708718	11.3706741669533	9.03710669556533	6.42851533286938	12.5017576267845	10.5298221090585	-5.62978847959259	-1.02165456462646	4.79137321542206	5.74082464520097	-7.48028105675415	9.31322058477607	9.75562127440245	-6.3877489187627	-5.60790633321835	-1.18441041882175	1.56712124648589	3.29944019827358	10.5575959353693	14.645315104706	8.5300746106398	20.1687266401298	14.3618262717269	34.6405281021189	37.0658605103652	72.2423801129473	81.5105431060573	145.401746692897	6431.49935430844	11470.2620051738	589.620873404113	310.873334893178
513.593	59.8040178247079	22.2046988854465	16.8891496406382	29.5665479561856	18.6917067114805	10.1930754540849	20.3335006344594	12.1188815870143	15.027769035684	10.5190958011826	8.34938792958737	45.803256872695	276.331430168932	520.498932287915	231.086081316735	43.0484286641949	16.9854434542654	23.2811476018398	7.72446013359892	21.961178636416	7.42554604836649	5.83103364603402	2.31887135866471	10.6691074696193	10.1192447637598	3.10724963251554	5.10660463336146	3.56174230408376	3.80890735358532	6.51845706803357	5.70741356588753	2.97469859948844	7.50731228493664	5.87035321516691	-0.793821599848599	14.2169355074174	4.41568971559647	12.1524057939439	4.92035663287589	12.2455102974739	2.98668322003479	7.67277031597449	27.1807141151389	0	3.56264724486351	58.1098370375233	111.535241797376	111.424718803855	1215.28978420873	11226.6717909183	4605.42282324912	376.836000004833	527.984470426026
518.252	32.6215967744682	28.4988511328524	1.44874297512472	9.53424832029494	15.7738685760617	12.7321263999217	9.13734544653746	12.9201428110808	9.16490499850709	9.90621619110256	15.5774892597519	151.509999229935	447.329225875249	333.43363702655	53.0819925822048	20.3284783726572	6.91414156244454	6.19548511268169	-2.06935202727015	-2.18523019715319	2.46291083672155	-1.45053130058339	2.8842188983571	2.79374035971111	3.9746355428717	2.57653738273062	1.77845068885964	8.10076410999772	-5.55870183807161	4.7398719723186	20.0003720585575	12.8264542157864	3.23704046261729	1.77777168961996	8.42545152297144	-4.99286554635077	2.63627886304237	4.03071932046349	1.63198768046299	8.00715486522876	14.4878963648954	-4.01827953529767	16.8483033392221	16.2370910637141	12.407446633715	41.6034518320517	111.823059788248	177.395695756136	5092.9139924233	10008.7926648624	756.834378123604	213.523310515763	1281.38265443629
522.914	10.6916748617509	13.0521443556612	22.1805713783738	20.3114226650981	19.8949570842536	12.2288171439702	11.1928780875971	12.7020985197461	8.31222175805058	5.38878176109744	84.8669675937036	333.583033239437	427.251031874265	123.275091568862	18.2393523043917	17.5634210025938	7.63759144898146	-1.0711940177376	12.3437265654197	9.00031722306901	9.48813951590514	15.5744072170683	2.29392318413164	15.2759911092386	1.84401631172492	-1.53690974367296	14.6498253467072	5.53680660105974	-0.753585648634699	-5.20826376760297	1.2273932364343	-2.20702090405086	-0.247551431095758	-1.26243380624122	-3.92640532893931	12.4093931880375	6.40666749201548	5.54845892650571	0.973483941847408	6.57604321775863	19.9432139826719	1.99742653712751	7.05266449949761	11.0979201175142	19.3837467297867	83.4228419508304	112.007007563983	889.823849306767	8967.25674102427	4590.36337542081	184.660357615043	212.2784753888	1707.04238579812
527.579	2.49448941309226	-16.2340666388091	1.44016132942319	-1.6247609298073	-4.68072593547726	0.858081864578145	5.19041158601705	-2.2833084793439	0.639341514257959	37.9037258018505	202.133683872066	403.102798528367	183.163754648015	22.7987354892988	-11.1857502130568	2.88686605669267	-5.34581099519749	-6.42655939330392	-16.7506241731229	1.24130626337612	-9.7932870240377	-5.4793684345185	-9.17482942236397	-19.4403412455606	-0.263406116229921	-5.63480551450152	-15.4061252798267	-4.02638957023885	-5.27460322171545	-7.93565521867951	-7.36366652751111	-8.09164859027154	-12.128878845484	-0.75738901651627	-10.4694290797757	-10.753795541175	-15.7239770089756	-18.8013416766475	-6.81374644708191	-4.4989746558665	-18.8334854958545	-20.7712814929511	0.440750058429289	-16.6453139198771	25.8425639594699	48.3666765780693	55.998234575692	3813.45825292921	8409.65016236585	706.814543732421	71.6525010444428	77.6555497779152	1464.86122495054
532.245	28.8821561808646	15.9253182783302	19.8861723855699	27.3665819964056	8.19619401219343	17.6012516637314	6.81651002673927	16.8495218952517	25.269169531652	130.325896290237	361.952073796217	310.227759412412	62.9762882400366	34.0933160242895	16.5453960020004	3.61075162486008	9.93390220812009	11.5211732559945	19.4071178303216	18.9412989507881	11.942742815853	5.4826619842033	12.3360875820336	14.4500768171097	16.0774311390555	12.5577923743714	5.81235851407066	1.00720244012397	17.341256412361	16.6252652585502	3.68404634742208	5.15232603105299	5.44889233703428	16.1673444141617	2.09514441300907	19.8650943766214	19.8124654031367	19.1210468052548	15.583639011105	11.4273387677497	21.8008539592814	26.7790840639167	18.5226293847706	42.9000643956186	92.2663932068762	146.590022079796	624.713804435441	7330.7323488422	4065.5458803438	265.433057724032	215.086710217165	958.327467940883	2816.77323121686
536.915	3.95522938565007	9.63548918886984	11.6250946549205	16.120763024794	1.1807245337285	-4.76197135129542	5.89182292000688	6.33567146308997	70.477374427016	257.780343398994	348.952389130861	116.139300447174	15.2931653712698	11.37567685912	0.736078114904167	7.03945037198942	2.82541571130924	8.37576228843629	-3.5582196237539	0.939367597617913	8.64633188330768	6.69268067302221	6.65382266140568	2.24177074060479	0	1.03374067969531	-1.27417464855068	-2.28524982669187	17.7404203690122	-3.00268257650621	4.21033977493639	7.91714169327136	-7.24299092883453	10.4442430608375	0.528187804157833	1.39111341244099	2.64427436800819	-4.66493537239231	11.1311736096606	23.046739627601	10.4331132751137	26.1980320935064	12.8969121608044	46.3142683857295	77.6335747714639	95.4830514940552	2995.4898706927	7384.24916314654	842.66876008743	128.548993190032	269.727424732588	1504.41998107486	1465.20657814687
541.586	26.5465941697954	17.5409549635372	0.587859393170211	21.5543606321775	16.4791434277903	11.8212885209267	13.2417118091281	40.0478887718286	177.135278578175	342.429999847389	167.293407485583	26.2408323659304	20.447816341751	7.66995732801447	8.18886196590774	15.7118631418027	8.83233529836677	11.4767494253715	3.89853840354355	13.300579740776	2.49845088943886	6.47443550204707	7.02201232573621	7.65194665303292	7.79518054321316	1.04548683120413	-3.60822782469804	8.21765895622084	9.99625746662787	7.59200337590617	4.25818087268112	1.75155362962754	2.2733662736829	8.50186125681315	25.6410949243047	19.9782683454324	7.42866842758654	1.88717677307311	14.8998368512206	10.5948246790082	-7.16005654737248	20.7889449505795	22.9384928728424	67.9444999678316	89.3041244937802	389.848604243592	6046.2602207736	3914.03285591564	135.584241934116	158.504934136235	444.342054292196	1764.53400366234	1026.89977733423
546.26	25.9855999405927	24.1924383064258	23.9616617933982	15.0183683127759	10.0953942097701	17.1851809321873	28.986237201185	114.028911339515	305.170871540289	264.487857596204	63.1921363004321	13.0791674568588	21.371047064646	12.3509788837367	11.4883032582743	14.0835136172903	16.7326625780742	21.7262688506025	10.8654924402651	10.5177699999655	7.85795048139547	32.8768844735649	13.8400179211074	12.8353918587406	15.4202524895178	4.20888449022496	7.00354830662144	9.04595927755811	7.73895871647297	13.7536303061828	2.52094651824976	11.5843502462631	18.8125242114728	10.8902490728747	17.7418015748246	11.8942546613667	20.0370700849106	13.611883916085	17.9949733535401	23.1033163683351	34.8930656384514	35.2816732184325	44.8144785421997	80.2972223919971	112.198394327637	2284.32557613568	6516.12337292396	912.776828159823	211.834148506135	163.11076346186	1168.95779694046	1393.07117239087	1098.92664419906
550.936	-1.84372076176202	3.62319201230397	3.27850116924831	-10.0874694937931	-3.87475919004141	7.32527930774507	66.6321524752646	226.965575284223	285.797331168557	85.3642877688983	18.587319693875	-1.01364875314082	-3.72151316894394	-3.37018884449249	-1.76135477905351	2.24041986310933	-4.74141890612389	-1.10832924265786	-4.25721605650297	-18.94577973591	-2.53343641431032	-5.07302895074114	3.56017038456807	-6.89697421820623	-1.36281647820796	-9.5411399841619	-2.61339530737064	-3.90596714249448	-3.63864807668986	-15.1400162342199	4.06381900915757	-6.59687019364703	-19.7222663601151	-6.53099383122096	-9.75005410231578	-7.13310625868458	1.5065382460659	-10.8437486090569	-1.67871973103759	-15.0404559328704	-11.4636600132243	-11.1600265725049	20.9793354427773	64.1984700766113	272.271669369847	4873.52629774045	3638.42612675921	124.41506629336	27.4965625439767	214.901245311633	1345.98903391474	316.06380789258	26.3615022437089
555.615	0.738558624742018	-6.59718248525514	5.07412796657574	-5.05105474143415	2.18271523791659	40.9032586457681	164.72110552265	289.849150290897	166.294536191695	23.2974537337731	10.0559987470906	8.12095892846245	-5.0579550094095	2.0769723165925	-7.05564416412671	-6.73101418308609	-12.3983392762346	-0.832453324340918	1.21811273513938	-10.9337521731074	-2.21997405155686	-3.2873121212323	-4.15956015485205	0.863372978422764	-6.27805396302517	-10.0858196985157	-3.9257822093019	1.82543008194283	1.301403165261	-10.793280309867	-4.57843145360913	-2.79503411022222	-8.20816181713449	3.92428337486587	-2.16982319976479	-4.57181348309427	-2.71570444502966	-10.5400895367276	-1.68115606440522	-22.2348005049975	-4.2094423336844	13.6598283169461	67.1399582222554	61.1554639610409	1656.69437458427	5593.91203495953	863.507361756877	74.7573782574823	55.0729368535298	598.618040649872	1242.27749169808	48.2830951567667	65.9994020211625
560.296	-1.85436325318773	9.60718888376987	13.1897025186763	-1.69094954931111	19.2420567851371	119.667083006015	261.314770746859	222.928956010263	46.9097594001483	18.3703115892546	4.942253508828	3.05849948394709	11.4963412427561	18.2519214380975	-2.53074547159731	-2.25335221690044	-0.529865305819172	-4.7375890732658	2.75257924929701	12.2728022116999	1.59253759043174	8.10367191491178	6.86304804946811	6.06968736099539	13.432693895035	7.73028367216274	0.788544175107611	11.2617387534675	-1.04561468845787	9.54939196102456	0.766364353520551	2.29671319961118	3.60656527390113	6.83144032834519	-2.17918538773466	11.1918777649893	10.303594070517	8.34014378578116	-1.01304587317082	10.4450223928993	9.60819298870981	35.751937471935	87.1539675822745	253.551605055448	3896.15445816173	3428.02345013237	136.565301646413	83.4221507805175	175.150111002382	1057.09646798291	843.230913470934	134.698398278658	-106.054673947137
564.979	-0.37423700232049	15.0429413651149	9.67952887940594	9.38458899913072	66.3605661237109	223.707776454094	246.821680804244	89.7706830909314	12.2534638757207	12.488055175825	8.67319461005056	5.65811491785592	4.31651337517789	7.63010415189999	-6.63962778861273	12.3795417499765	6.68339938731391	6.74903415894748	18.2083776085659	-5.21437233239912	8.99911158250018	16.9600852236907	12.0440101352228	9.04129497615407	-3.87272796256922	5.64857169605217	1.06092988265114	5.54981115047346	-3.69284974428084	4.42735997373812	5.92875896945317	9.01268554754717	1.55969230307153	0.795393620637189	-5.22251516338747	2.02702128347541	4.28114341550332	15.8605479632772	15.6742802021988	18.898904856816	28.6982454852512	74.6694668951741	76.8357911229236	1346.00234315898	4896.17710270395	950.356389431837	100.061609615031	72.6043102372102	364.108867835998	1103.34173439416	289.41504701138	173.977993845669	240.787672484363
569.664	4.90064778493662	6.39789726754436	9.14089896472685	51.2764276319793	160.429687085487	257.794457782842	129.717965281029	22.3425549762252	15.0483690585151	-0.196552352995573	10.2655062138446	4.92227752665392	8.1526308013484	3.97545772643893	10.0322513684698	5.34430451380036	12.9259376163278	6.23184262949026	7.46094594851913	2.95452710036355	-6.15118259097487	3.96594573799736	-0.606602965345833	13.2204083817561	7.24478857505756	1.8966220842415	11.2212023386793	5.85659245432951	-6.37688016430302	15.4778750750876	2.07725282385563	5.96591996482773	7.33177489129186	4.0060422025438	12.1826620658795	9.04243456994667	26.490710380536	5.54286678825628	9.6106158496976	9.51853377672478	44.9246683027461	72.6799981601985	166.451267919814	3307.16707131052	3170.55290722651	140.889059479609	83.1101180901236	74.1950215810876	752.281568476155	932.32717949682	119.52764858599	60.2421464930984	269.497754961152
574.351	3.80202011966444	14.2638651486004	15.0580247500991	116.432453354583	241.707073719623	205.530299145417	42.3983240023258	14.7688652065271	9.37921279399112	1.38765198080087	6.60857829491249	11.2353142383757	18.3635057802648	4.81141323384194	0.518881356402104	10.5234957628644	2.98756784164441	6.85660784516603	8.46546247247488	-0.9932784102859	-2.9386766345598	6.46140529115228	-2.44719621906037	9.48170868614133	-5.05858609320485	-0.273266903600732	-5.65866091687991	-0.805467181934849	5.09160714910437	2.38125611082531	1.04752316320978	4.97058449102509	2.37682864601617	7.81135780881807	-0.279250393443786	-0.588380064349978	6.83474170874307	17.0998828950717	13.1547032691735	23.2617042335019	37.4295768040067	67.3360784811831	1002.55998010182	4223.99275838334	981.93492136347	94.2320169249113	62.4206603064038	179.593361713447	978.782926376945	458.053648491091	-35.2833682884805	71.8051142676784	-122.312808417688
579.04	7.67248933413515	20.5603768845611	71.0066945060892	202.602917060313	238.088105160644	81.9822357197783	15.3658703359523	8.44947973998292	6.71058209373573	2.80028634438837	8.44621764945469	2.10910714038924	8.29648123039772	3.23648267297325	0.785328236182786	5.69758406364858	5.75488000457725	-4.32395549805004	17.7160476055018	-2.67258554448607	5.93025928992774	7.76139137872593	20.9884132034704	6.27838308631237	14.1781162178829	-2.20581410645854	-2.71885635253646	2.43815320588169	5.67822331167315	3.20358853751741	2.90661972071095	18.2135598494397	-5.59585619537471	10.3277095909652	7.88939520818586	8.01463234698883	9.09053222862932	8.62690523708861	6.28726624370768	43.2166258507119	65.9919993804384	120.833941005445	2699.29894499206	2854.55687125038	125.822604973326	61.8776313882475	66.5815536711293	447.631851884415	897.688538034133	184.119252176056	74.1687035075506	144.90296106159	-425.092075948609
583.732	17.7598928249972	42.419070079263	152.285953474438	247.909865426757	134.640781102471	29.9817740007583	11.2468441526304	7.11215679216402	14.5462512261344	3.6234570948706	4.02649707772836	6.63322723041966	10.8545918652843	-1.90005552083743	12.9092867921394	14.3353057926205	11.0319727491318	24.0793223199168	8.5964429831249	9.41403634467046	-4.31043143203808	19.6841350452577	14.5997279121109	-4.21243064522657	3.13918871161908	13.0422641515443	4.10443831466981	6.27079393540838	6.53101417802349	-5.91091041239222	3.98899049017469	-2.39091681908768	8.58170220839822	5.74401977892698	21.8349708791011	8.06602968739271	11.3571673426896	19.0341175230048	11.952107063371	50.2428048852926	73.2167588109708	682.480936545318	3734.20379075822	943.776744319274	73.8141794700371	63.0338933000575	115.001137905581	787.02241739982	578.534053853452	52.9428564361347	110.47362735189	84.1339700585523	234.609961495299
588.426	8.53755930176395	83.8880195641995	200.74675894165	155.409033449078	25.7413914347192	6.07392615207263	8.30189248457323	-4.04059555924606	5.22181637887949	1.01169398053245	1.12422549778108	1.33347050539496	-11.1901891196231	-3.54682815546662	-12.4460794965805	-1.57189693064801	-9.1482004589755	-15.1634510948933	-4.16032174430996	-6.75890556429371	-12.9978206244561	-6.28108001072582	-11.2403011886528	-6.65358872077774	-19.5057294027179	-8.36767747361693	-5.50073867385456	0.82213756406954	-2.18820454312494	1.89041989764365	-0.534601633078927	-2.67024125357961	3.50425222390561	-5.7735704593975	1.99520936875282	-2.702508726183	5.0735979637851	2.01389899282162	14.4869832498186	35.0493985880483	77.6149285921757	2114.52583756593	2626.91036491585	93.3801138297459	33.8989479661288	54.1979590039046	208.431062559596	823.80531859284	203.942028926125	-7.60217517448559	-33.0124775391187	-107.11795379414	-166.459013472517
593.121	78.7825432471945	178.718501924807	219.404425137169	71.7213713283247	16.3929907387824	5.39997277232211	4.97055464485001	9.8396615004318	7.34712123848105	1.83016078607377	12.2023860594307	15.2776247992939	6.46655306347641	12.6131105239662	9.84700166504091	6.84563497946272	17.5521312045595	16.1185130572266	11.2569097788408	19.3592626997314	11.3881302018227	17.9906460904044	12.5517133840447	7.59872722483594	20.4681789696405	8.40954515529307	8.56880551828199	-8.81334538775519	19.5174848851988	5.97104707659948	3.22365907695104	14.4914497635516	10.8362638554535	10.4996868535358	27.2133254367502	3.01781192332929	7.32978909132756	19.2277676131098	41.1926436700638	70.8282975193699	448.215709464312	3204.92720203874	969.097152118065	50.2359297612825	65.5659105850068	72.8812417083837	467.428765093491	675.500891668528	92.7870564479093	49.6613823207299	114.613718999399	322.961755713456	487.93468294191
597.819	120.458360466323	207.488390676037	117.343168869946	27.7291216193537	13.3998984895412	7.32226383147678	3.21469127605585	-4.71390481432177	2.46385926214771	6.95577617224075	5.45609832512598	-3.77510438950728	9.61709424229455	3.31028633229421	1.07098212855557	0.264886811319919	9.52989618131031	6.78125486539092	-11.3250239875552	4.78367799677596	2.02183030756805	6.66823880526541	18.941493440733	9.47943570088927	5.80057167933115	-10.9985593935629	8.34256870747081	6.92708897023326	1.65934502885842	-10.3760332852137	-2.16211003383263	0.539967992041836	-2.72545819655501	-2.77979452560494	4.03465115784677	9.71543149033673	5.1298370535996	30.8827059609558	54.3031732935059	50.6800205782901	1560.15329364786	2543.91841569567	132.000698644574	32.2122448082848	39.4482467060973	131.980027223372	665.354007918641	338.690905500887	57.1237088202496	92.2373120843905	-12.1376034572483	233.711478919631	182.329500633425
602.519	169.25346344856	131.757744107059	28.7669501481094	-0.601005412012785	5.97339485999276	-1.19027937072252	-5.75986053678693	-2.058724009791	-10.2875291292232	-9.89699024034443	-3.43682507803332	-16.0342320460009	-11.4030274383456	-5.56044479863706	-2.69846913908782	-3.20358907947289	-14.9720181580266	-14.8575588304218	-2.28278152660219	-21.695500590171	-18.6789029071954	-11.8410113392482	-18.771985165008	-10.4783989951326	-10.5229746966309	-14.7798410731563	-14.5739442588828	-16.1969773062164	-9.47675358849774	-9.9070757475384	-15.5259393049005	-7.89098544024688	-0.274684876140621	-13.4477354173002	-24.1074497811731	-12.5455930282786	-5.81636049180463	13.681356783584	38.8866561307047	294.945371135976	2680.08423761859	1047.45129905985	30.813646671734	32.4650603210838	19.5530426878263	262.14237344245	553.7121257921	47.811111304614	-2.80839220423992	-61.974153379591	-174.318320192186	-109.155346097954	-480.604386587088
607.221	203.101814855596	67.7209662364069	11.9331544506737	15.1607476101933	15.1993007260078	5.5247033664912	1.4529618223518	2.71647632854866	7.33785570699679	5.20120701547638	9.24758618088674	18.0984888533229	5.46532515857374	11.7823265392216	5.17336693443272	6.195632095414	2.28032468659612	-1.79899903751414	-0.658110062757711	13.8992492648597	17.1340845584309	17.760369167808	10.9153919278945	6.21939637848164	13.5673829471294	2.86793065996198	4.2419666121316	18.8791748710548	18.2808444944876	0.27768038904541	12.6427947211492	19.2191205361848	8.03775885486238	3.95765725678707	14.6536363279108	11.732570200224	27.7140478693699	46.5913368782257	66.8493045573922	1286.91975225478	2457.41583725995	187.40724115657	39.4816016408285	49.1371201496449	74.314534807225	510.17938902192	410.843527818361	39.2672650191744	62.3422777934134	62.5335132738138	120.346928294548	133.328033138405	884.306320718737
611.924	124.482553377188	27.7085791782699	2.93055606134784	4.59193634711571	11.1121703717393	2.18261745923572	1.10019445850792	4.03321151962502	6.68560973471366	4.83109918339529	2.33411571551546	12.7353298401653	-5.80826451971927	7.36392063180146	8.52187898220565	0.271964220125888	7.48228138495377	11.2004479302572	7.30878528070893	3.15738723138653	11.763154611133	4.23825066014249	17.1786991266096	12.5583394793663	9.52888787595126	4.63279001874818	3.4261882365048	13.3708818475027	-0.851840215155536	14.0174559562567	-1.94239379252836	0	9.79397532955308	11.9870805016555	8.87668167845599	18.3914327385361	24.0302275831832	52.9625611349251	224.116725009924	2331.36334106945	1143.45464107884	46.5118437925014	43.3488933236553	36.4942470453108	150.057513553775	541.232968384732	247.552437855479	26.052201702389	17.1658464058309	-5.91886033381123	84.1178480479788	269.218843819222	187.201092416121
616.63	52.5477929604827	21.4679366300922	28.9737666337563	4.02404393568702	10.9685247357639	14.4677797406599	1.48327935157835	1.14188874292406	13.1548698347452	5.5221249207548	11.328655789605	11.757538716341	11.4523802518032	2.29108129343992	11.9524486234082	9.89985955842211	6.40174145930482	7.95832693891285	10.0776329990668	12.4156123580605	26.5872391366233	7.25238294847363	14.74829034488	14.9205504928511	5.72085052551984	3.80610484288768	18.188014188725	3.73955828722015	8.61336597507849	19.559738662122	7.01445625981486	8.96921009077287	14.713265311296	9.52341769250851	14.0618354212599	19.22685042961	48.9290878743491	51.7913803935272	1004.74724404561	2230.76300576279	239.345203981043	50.6832051332169	23.6794374796076	45.5497802641286	303.46073325805	459.928363549789	108.914456557231	56.1212631328941	-1.44643438537365	113.712040916321	126.008297032211	207.124001962767	43.6818519363751
621.338	15.6006080635523	5.86747753363365	14.2686833743031	5.3034861936946	2.15698690723392	-4.69565993637146	-2.98982732286709	3.78134886785171	5.70832790281604	9.20437902942701	4.51943250304384	4.23205736503207	4.43931100164976	-0.288631463905777	4.48230672832729	11.3632758436538	5.57214245128969	19.1264019233284	19.2976888240617	0	-2.82060840839949	10.9639020486104	0	15.6774790287902	4.55188643672969	10.9177282110017	16.2939328281935	2.60923156456279	5.78728408031396	-0.285697945197391	12.1594972276581	-2.54237662953263	11.4066699027643	10.4706719523526	8.44297189891513	39.3906509407227	37.5717105104926	166.890328421799	1962.83139859177	1149.04880464904	49.7760800320816	32.6732699440696	38.5904884231486	88.3275008466458	458.084815876089	237.420814662546	51.9957200792197	2.30863094449103	18.9511360553213	24.1271489000174	25.3993321604569	155.070394628376	660.36715012838
626.047	22.7971703604986	0.740494392368618	-5.69540605221686	5.984480384773	-1.90553042605528	-2.49518851126238	0.565988626469223	4.97966917887941	2.23094462242317	0.648347169349651	6.24401556985634	9.40014499089897	0	3.49691635098554	4.24261061696856	10.0735493647859	3.84921604647016	4.98335580852012	7.17810924771667	6.13624239577262	4.62760719026113	14.0883724062915	11.3386556840471	5.16845163703182	0	17.874838664801	4.40645642006387	10.2446820469252	7.8880362040888	8.94188615620052	1.71300542558336	16.5419116699392	2.87911629833407	-1.17460641807756	16.4396057396863	25.978664247483	55.2065839438504	776.877508566445	2072.30057578959	239.508973914729	29.2081512350873	6.50463023480723	48.1897709706918	199.476434706077	412.624006874173	121.483712265721	70.9670941857779	38.4590703826517	4.41543481440284	38.5690271928019	6.41095357482473	180.649650006882	103.712550149729
630.758	2.93259311658436	17.9625723915894	20.9943762530962	6.68540400630337	14.3072678224576	23.7064613197117	6.86474589176143	5.20087536569062	10.3348873993055	10.9217412758533	10.6801861310846	9.50101640598727	11.7783582709337	15.6104485766091	0.857627475215766	3.11105879694818	11.9708349320832	20.1473255314517	8.29158441310417	9.12071971633787	4.31747564722462	0.678073924824355	7.07843846271626	27.7520401732194	4.02568095518139	19.5722048476378	12.7673919606745	15.0881548167792	6.79154343836054	18.3672233697887	24.2394236842923	12.6836980923397	21.5340860132042	18.9953748322608	38.155297042997	59.646523635683	97.9049881574131	1660.29109108237	1185.54441720632	38.2444301055109	37.7702556367583	34.750560451353	39.3800367053881	333.85400524625	285.860013720778	46.1482597844144	37.338191188483	31.8041741151604	60.9918203291837	49.2415643389015	139.314592036102	334.744981615405	599.002700145812
635.471	17.3085681671702	16.9692763779713	15.6961316850342	8.34075233596354	1.94077379050826	0.508267556247865	6.91748109790845	8.96012642408472	8.71012538185684	3.08157988751443	-0.978384697817072	11.6048527634701	3.65195077252984	2.37439525456857	8.35408604724346	8.26488941521762	0	-0.951660841685017	1.39254677336748	12.1318367126896	7.25107106445591	21.1817702489435	11.5483675675288	7.567062849096	16.2264254804233	14.2609274041276	6.88153126217117	6.26049633327223	8.92658647933962	8.2259204401341	8.72343990815441	11.3287330142401	7.33091607358809	16.4495529113355	24.8054240666372	47.6917967995226	568.83060779306	1918.78090687676	283.672147656701	36.488319499113	35.8730282262716	34.5443057442328	122.18049969495	348.967159436519	130.808038578818	50.6548054868214	26.7335699786782	-11.8698129029583	11.9922656625403	35.1473864351145	68.5600241542158	91.9954100978693	256.531809990481
640.186	8.03604370705561	-10.9562065291992	5.46973376259735	5.78516547874068	3.88880635101734	-5.34678955358031	-3.85023182193164	-2.8793774049129	3.79409301552814	5.29258741892772	-7.59666118752029	4.941285731937	5.79306861860523	-3.56825331381365	6.34943424858598	-0.856587449602375	6.34481062370957	-5.08501608071149	18.4857498868999	-6.62974042366942	11.6234097327745	-6.84560698889855	4.76410275604395	0.988853973225943	5.93997367210227	1.82394847053132	-1.49878265543269	-2.68808738854775	4.76974924311613	0.5886645354513	-6.1178273527863	3.78330618352826	7.34462540796127	17.6788830901328	39.4522515080952	63.489800459539	1339.19990948215	1127.81429713473	11.5529526319224	12.3224343543813	30.6805845585834	20.386067948725	191.460208743336	302.923963933628	48.0991141755056	-3.32783826722902	-26.783563655614	41.6220360401023	-7.5091825325765	-26.9276758301709	29.4378155463512	92.1674480567232	891.981236490615
644.903	-10.2667786152671	2.67481973525368	8.64411388767706	-7.47662129473447	6.7426992634734	1.54510967851107	-1.55769037665453	0.856552410696435	3.26182882225584	-2.23044266968604	-1.73497559360408	-2.05789566792201	9.25146676312426	-9.02256361670942	-3.79480940391066	4.90945902918113	-0.91675838414558	3.85733946375921	7.40823523753561	1.11758236638748	-5.87811147549681	-1.03857409976841	-0.344181363602372	9.66814538453306	-1.89721450302856	5.22690373969861	-2.42545324753246	1.5104457956474	1.20606252406929	1.48847706508077	-0.589307792992659	-10.3022111959284	-2.6742771766757	28.791260826921	35.1900886762734	408.793005382456	1725.37349393533	322.267486971905	20.643430715256	16.2022053398665	15.0722737517455	27.8116830777854	261.900850064009	155.009154025814	9.8707531148166	22.7195774921818	-21.0696905925763	-1.20278926410775	-10.6329791762615	-43.9955832217424	-82.7060625232353	-74.5764689081691	-45.8732202557364
649.621	-4.3383778825763	0.387526049016734	9.4677908908852	-1.64835964417814	0.56984529324548	11.4911941083181	10.6632436176698	5.7332687361527	9.34023716060671	9.72666463496076	2.01089659409465	7.7518093429476	-0.93824231238828	-3.66011192307544	7.99309181632611	12.8867029248929	4.64867641134787	14.3437832071722	9.30193368955229	0.75560131207393	7.07906431519535	14.3947627570907	1.74526659791073	1.69051722662807	2.88610493016077	1.2472686133246	7.99430457452624	0.919095874630885	14.3718313162424	12.9821020962706	7.47061953205279	7.1643710085286	11.1498764296689	32.2723654959655	50.9831591622056	1084.28498231865	1139.70740461632	52.1575952045907	29.2308972181945	21.06609076173	34.6174443968374	110.876254588589	285.461644347634	64.4779322482264	-10.7255095688954	-15.3607851011009	10.1752077491828	21.9566697569161	29.2694759006619	31.8702496385084	110.717354042403	-25.2107045760759	341.165475605763
654.341	-7.930354632092	6.69025310303688	-1.42441851704815	5.02187564621846	6.07629696364581	6.63048381323673	1.60427303854239	1.94076865992206	0.592830647481644	-7.12114627343219	7.14743984828608	-2.72499036035634	4.44646135168793	-1.54873049716806	-3.9082930114623	2.97428010854475	12.5889867082241	-6.2900972974806	16.3495246821083	-0.383667872558106	7.56737017431158	13.1921355521065	-11.6976450384212	-5.83702084021575	4.88487654728469	1.89995790532426	3.12248289966515	14.3116636159351	11.8002328203403	6.74515558615436	4.85544813202998	5.15357349232092	19.58578714654	32.4614238928538	278.613809185182	1509.86920304844	377.282274354577	32.0091964203951	17.650451893238	25.6718947302562	19.175482239935	169.88493516541	198.894018072342	26.8153200191448	31.9500894446783	14.7327071372182	29.9663611430916	-35.924000093276	61.0124799999734	43.1535897086279	88.5865590154007	-134.411681102533	-551.192330273575
659.063	-31.5439901445752	-21.8270223097924	-8.97750806983728	-12.4915000899126	-16.0479869164385	-18.1866328458609	-8.89772851172492	-11.7425710587885	-20.9236220994361	-8.33928640642522	-22.9097663772814	-18.3194270747705	-14.0921526429524	-1.24940722642262	-13.945682438942	-12.8969940151051	-20.6291966770938	-30.0458467582494	-24.9137846559423	-27.46957617156	-12.2096478349053	-17.6176361805095	-23.2346444771085	-6.23236677574492	-22.6594623142888	-18.8400875383559	-13.22475195547	-13.4908377727118	-30.3750421898534	-21.3332271546776	-7.65045951493027	-14.0622741377852	1.85161411542049	28.3279346648097	817.093935427882	1078.07227334556	36.6660957892663	-16.5235027507429	-12.9446796382649	-22.0046783664139	23.4803927265448	209.660539085564	61.5439059576023	-15.092595984042	-41.7380767753918	-26.2176079751056	-47.9327139058297	-81.1966709641855	-37.8619945886312	-187.121443808729	-257.687839392758	-555.078422653451	-921.088353779433
663.787	-4.05526118256455	-14.8919499650118	5.82711809283891	0.342397758428343	0	0.542489608636297	4.92216034307633	-0.18044186319626	4.24409312538628	0.234933219523227	-6.78769068453384	-0.619310829163627	-9.7445986911596	-3.80139771828352	-2.15227628956677	-1.52092601526871	-10.6218690040038	-3.72436867377826	0.743154018789526	-10.5943768153108	-20.1221575222561	11.6686221517394	-2.90021839879459	0.702309488134247	5.99502579528841	10.3633203802026	0.958026541082441	-0.636382900147291	-3.49346086243915	-4.7034525545792	-9.00043608026036	19.222393319557	30.9850690675936	186.10541035136	1339.00310001886	403.03958058063	21.3544962007463	16.3682026530597	24.6156110074427	16.1906622988605	88.2500633993036	190.916930626449	22.8490912103647	-10.2044764773035	14.1100716905399	29.2485130362871	-47.555936949973	3.80070500890186	-35.1992143141906	-75.027774948026	34.8458210681704	-301.114568067582	-289.910432697074
668.512	26.7888425699576	0.811158002794626	0.366994414259074	14.1462193135935	-3.87654547666453	0	-0.206666522881065	3.27292026571379	7.53516820519306	0.710217390472031	1.31535904911348	1.56017854021199	20.9482763717264	-2.5537458149026	1.85898912411066	11.3413675570502	3.24349041226611	14.6708086533189	3.36989959751936	5.53560769574351	1.55975651895247	-0.734894862874105	12.0553624870936	-1.06156211747896	6.7123433578636	4.56880475473781	7.72312644295356	5.45083510767771	10.2409157336907	-14.8507703968119	10.0078583469829	21.5571070231877	50.7772021396235	666.830358403092	1032.14799833854	55.5101714043076	14.4694345823866	11.7814454014646	23.5645875560672	22.047457393293	156.212910060194	123.675744848702	11.7931544566836	25.7072934369449	23.9470055560483	19.6488958256831	40.4670403754799	77.8750539929369	35.4697875246185	37.8022533698785	21.0682066658049	-158.310891550612	470.668305512123
673.238	21.4687810222153	-2.85615052266844	3.69204549718232	22.5619938603337	4.79986589295377	3.29971082364615	4.15822244467579	-1.82923924424501	8.80982482292445	2.14348351089216	-4.23449754286813	7.53395683036043	-6.25647209506102	-3.8536877008992	-0.623394812773954	6.16738822231438	7.17865181437786	2.40265396399894	4.52025867481632	-8.3534168395312	17.6529349898721	11.0898088524913	1.8375701520918	1.77992519937498	6.07749014599511	6.23786188115451	3.56108367616302	7.0965030518151	5.79520641481315	5.40390414751615	7.86572520563212	19.801109550428	144.047701902007	1145.90754277398	457.618192715605	11.3102720081895	8.211400304347	5.53111828197093	17.8838505818081	43.9168611315187	194.075308795083	55.2980232139296	-7.34448983585744	-4.52586914838779	3.76425322323648	-11.6806338809817	-9.64201816860143	14.1276133642594	3.24394507055543	-15.6593740203288	190.755763790324	-112.812198872683	375.5366971103
677.967	-3.68106481263867	9.04231602104122	2.97530149176591	4.54549747836905	-0.906576222606518	-6.09384305497194	2.51323394826398	1.84265682003124	-3.09573676680353	-2.39911787396874	9.33090774779022	5.69191412999714	-1.6585167579435	3.23496226945757	1.56991862456479	-2.48505054882932	8.87478665049734	15.9046811740264	-1.13835375849011	-2.80489654526282	4.34681384873739	1.86185887377096	7.77440510939203	3.22736589681545	-7.82264357931339	4.96075023101217	-6.52218987481277	10.0729657132833	4.86476215788442	16.6508346507901	24.0871990967593	28.178179577341	520.010344324064	977.6289776999	62.8602066353805	-3.91642401849113	10.5275308741204	23.8786686637353	12.9875795233813	119.758084364612	146.862560064732	10.3154884104566	11.9512003058807	11.0720190330811	2.27511854316818	27.1530277082639	6.47516195348616	11.6437420034218	8.16934898875517	54.0830963505909	-99.635909522194	-20.0540616854599	-493.42340938776
682.696	-8.37469726997663	-8.72749140658308	-9.40143475563623	-13.4349112004443	-1.52779895530971	-0.84023926694975	9.3178879289899	5.40325658705951	0.417364875036138	5.09429412502089	11.5914413386159	1.59870735717435	-13.4159980302038	0.32710136351472	0	-1.88455850922808	-2.99122995620664	0.349607121582962	-7.6735993714626	-10.5342904930224	0	6.77738870501413	-6.36370338163301	-14.5037004724737	-4.81467390010835	3.67842514050165	-5.27590005310543	-7.22822191500404	-8.5262259163693	13.5986278794364	17.6257876824638	97.3216905329438	941.408357285037	457.509589135451	20.5034642462647	6.12010786225728	14.826759197618	14.0844547266121	22.452025681736	123.80373415851	72.3210581436626	5.73674597670201	-1.72634113965222	-9.87830192781156	-10.7355412716432	-2.74556289907374	-30.5541742433444	13.0816702998432	-19.8249374477989	-25.0643315058108	-50.3731406196643	81.110200057105	-315.984100646069
687.428	-12.1812457174474	-5.85895165805221	9.08839331077439	4.98426337781843	1.23077294109467	13.5376942131412	1.70599021959259	3.37716160131762	-1.26083685529906	-3.41990861060983	7.3291649183735	6.11750473334782	13.1719279175846	18.116186704038	-4.79549315101053	10.4374416055661	-2.00807665056113	14.4339724267044	13.9089187601166	18.7677201023918	11.2660394292973	7.20385950433351	11.6854231848794	-2.92099330628943	20.7783872529744	6.7347422087739	9.62933550780735	13.2339817628376	-3.30221413240406	25.4309243412563	44.2107778398201	401.031221314683	901.444675202948	86.9628511717369	17.8937383399898	8.33795860797671	9.18786515682194	32.012591215431	84.8895987889295	149.692769360492	27.6738837492152	27.3085110790385	26.6553838509306	15.2524853653345	-10.8104977255213	19.353128554289	18.6802715381361	32.9325190607804	53.2356182180595	64.2455743507154	199.276196949427	272.255061031092	-150.721734441695
692.16	-19.7842065871318	-3.36614529742563	-1.1422156819173	-16.4657596324534	-9.59026558158913	-22.6852955537176	-7.50422049733627	-0.94319248970513	-8.87376507993512	-1.71923600231149	4.63970793975206	1.61860810045187	-12.2247005938245	0	-10.6073511945032	-2.22602045603313	2.69196875599561	-0.707918076976902	-8.54603255010163	-24.6125113055606	-6.47268109703916	-3.04966834851316	-14.7808139402807	-15.785561058669	-3.13367596939209	-2.70851945825447	-0.333848410592807	-0.665290815959758	0	14.751325595674	60.9981172059334	782.431024248706	453.496073337117	3.33720949753786	4.49771655806999	1.09346313449107	2.30943430958742	14.6672005571241	94.7861034670195	89.2052733865832	-12.2035520363027	-15.8404284899095	-4.07827156561081	-2.66700459756858	-34.1602722005225	-37.0631963279422	-39.7729456147933	-19.86676681609	-33.4528644865882	-87.6636952617883	-87.4288912258271	-109.49314874299	-117.864333804686
696.895	6.63952036100615	19.9104030910495	7.66648310444065	9.73031785256718	2.49171433558947	10.277708101781	0	11.3951724896295	6.59416263491933	9.64364883616052	7.96854525574065	0.325920012777152	8.88890780845557	3.0007991171102	9.38491469647863	11.5258492553479	-6.77562477217962	3.56362773405553	17.2081372701984	23.9536663127879	18.7353315407971	1.91898664899954	10.30236259127	14.4143644130343	9.81542101497946	-7.15814664313098	6.05008033717964	19.0895509189698	28.4128287007278	24.4224696426727	319.474911950631	862.472553192655	86.9668121906769	19.4872603760255	-1.39331093526492	27.8891839420073	20.1510198242176	43.0698493116026	136.019844480075	59.8740441119913	25.5557667595237	31.896001597827	-10.5582011073178	41.619301393095	17.9777694086507	58.7709555277573	51.1661112485766	68.0057187261468	42.1000535037533	-30.1938749860951	77.0197930254905	427.167276180171	779.796929829488
701.63	-7.65196712827713	2.13597733753242	-6.18487051179814	-6.17812407718307	-1.57044492281254	-3.16687487961533	4.35362785331327	-3.83039966239214	6.43522382329343	-5.98456328574499	-0.277092956977057	-2.62933218370062	0.689524165394051	2.68985483353792	-7.17958686018982	5.16576753727904	-10.2490838893071	1.4374632923028	9.07096440951105	-4.16474526782065	12.7323827808215	11.6109470694492	-26.9349112131562	0.745427357762944	12.3726687911801	-3.09362912347812	-6.77896003828773	22.6276837565234	24.9443222637596	51.9190693011295	677.275641497087	480.117851128967	15.2810042869749	5.08227891134018	3.16136765381091	2.22033194014418	-10.9419861223454	62.8741436270808	93.6212901706889	7.89566300090166	5.94718241844177	-8.04119686624956	-3.5490581642133	-6.76935886737626	14.1881220717579	3.76293429632022	-17.9468818363746	-2.68936467496558	44.1530214946363	28.1061388846829	-44.3821912136173	-62.5306923198058	-205.139539841522
706.367	9.67950461880129	4.32311371080446	-6.65012139097487	-1.10331362696739	3.17850375028667	11.0711271674559	-1.76230598833431	-2.51957604015613	3.47322091281668	5.55154578286955	1.68246779648712	13.9693044778327	-1.3955632023651	5.10387626776124	-3.96303622376463	16.0096183440624	-0.34572741250956	2.18201657335164	-1.19733838157948	-1.68584816448692	13.716141453895	-1.56666595003449	5.84088680818805	9.42942831756756	1.78869119838755	9.04417815796024	1.71503546477073	15.3796989411763	28.6542666289002	261.356944570324	779.393672222351	126.545347012171	7.73200141067511	16.8009306345191	18.4844214627338	11.2346082567328	24.5188355320705	107.998624328465	60.8114376743161	11.2803077102447	-18.0552097173858	1.6274989351676	32.324041005721	12.3307662758474	19.9417121293327	14.2799907360598	-21.567144314695	21.7725705144948	75.6153174788181	127.99226495945	108.541423938415	-105.46588695948	397.892716756985
711.106	17.6071587970864	3.49502503148747	-7.90631825015908	12.2646543150556	2.5696641155112	14.4267321047868	8.90461128597999	2.54619179547417	8.99414585273193	-3.060103640654	17.8525272222565	7.3945511677485	9.51956113062001	3.78238043175234	14.0171503262982	4.6224963731595	-2.4456567335966	18.7430651700652	24.6030601993791	-1.27774257347849	6.72050088636659	0.791607779374536	7.47661084810185	6.09858360563601	9.03793094827376	-13.7095756521669	6.58597907229195	19.6867406817306	45.5037917810316	601.75295045623	492.519450094282	31.2974660941063	17.6657091875742	8.31595527724798	16.1651104766758	29.5185435855732	24.3781997136892	98.9869674768058	56.5553312030038	24.2238699207892	19.7664322455687	26.8632889186236	10.2835829416999	24.2297676674347	23.3767469933517	55.7992427028127	30.9718004313427	26.1280482065777	55.5738809468511	11.9763261214916	344.193412199939	149.211978729085	751.744490442469
715.845	-19.2951705261142	-20.7709038433657	-7.19803634240025	-9.0229769413319	-5.52373109148546	-19.0611498241331	-13.0611134529731	-13.076422113411	-13.3144905389326	-13.9298321418415	-16.3392171241296	-21.0803618256273	-29.959163472876	-18.0872732753248	-23.6322849353103	-15.0299761324007	-9.89584138348816	-11.5246930382726	-8.15993170021408	-34.4674640622419	-45.4634795576858	-28.4273018043548	-15.1262754953506	-12.7238978228521	-1.82850540450761	-1.42238325353523	4.90898850144222	-2.7950281471097	165.988439757223	698.922850259658	118.591207470064	-5.10639871184282	-17.8701546342909	0.35050816329713	2.54367391880118	-8.42209697862822	37.1926271739705	65.4712792531303	3.15329863552058	-14.414242961058	-18.9697950559887	-28.2833281814877	-33.0435369323489	-22.4093065464053	-48.1099963538243	-49.6326794063301	-68.4623706549459	-23.6482780383749	-131.758683005285	-77.5355409626385	-183.653678951101	-258.752246742793	-229.901806745939
720.586	1.98395991885684	14.6204374053306	1.20268438752656	3.39211059868726	0.97722315720417	-3.88151583223866	2.70908319948427	3.17799981144448	-1.33479152957746	5.689363637225	-6.60956857663185	3.06773449267102	0	-3.83575915617695	-2.03070955967489	-4.35289326390547	-12.7551650761771	1.49079028121693	-11.4525830011588	8.20657294296765	-25.5575390360389	-17.2597553621135	-0.798118345541243	-10.4365963252533	-13.5649081258807	-6.41679304879159	8.08501265064985	36.7768379779788	471.947344832879	444.56774825928	9.22414029593812	3.07153070286058	6.8903907502833	6.67637353072251	11.2931209494477	13.4324270320315	72.9508611761484	23.165519522325	2.70961259192238	15.4137904440739	-12.3356217824999	13.3432144826212	-10.4287096812882	-8.42458611382339	-5.72229497174698	5.8537973538357	-13.9595062164794	51.5989915838366	3.52238534919485	82.588323191174	-38.3572341607285	0	124.104051762946
725.329	-14.5595156631101	-6.27842179451235	4.4637424752394	-8.77468142385379	0.659444906568298	10.2757363791999	-3.65626030083198	-2.41263241148408	-0.90073743036204	-0.261768291974991	-11.3445144148888	-12.4209206729213	0	-3.1767071612482	-7.19435534899906	-8.47326329680375	-3.22776657252511	130.906756881929	12.0065833994496	6.55806201985456	-4.31165307982336	7.71961797200569	-3.63543040195016	9.3903632114601	7.79310368973781	19.1248230125899	7.11637607301894	151.032605254018	652.170486446026	156.17288765747	9.68269371466681	22.4544145074795	10.8106442665352	9.24775682166277	6.2686963625198	35.73965043669	77.124399323172	18.6720829266932	13.2565335949548	16.5773236434154	16.6485267850093	-3.37657579653573	-27.9428176950201	17.0551128319592	-9.92954788170655	-7.90046126232643	-9.42008506941528	-56.464502863131	14.2617521517373	66.386461869077	-77.6521181805822	-102.1114822262	340.971082948171
730.072	36.3728738604701	10.8300356185675	10.2080466150137	12.6681632591854	15.5934628681347	19.1589090795491	10.1173317482822	2.62996188279597	6.11784082353332	9.21894605282231	16.0983062017798	16.6643629020311	13.110341469682	20.599603262287	24.4752495730602	-3.41041227765577	16.600211902058	12.1472720258409	25.8291029600342	1.31978049345975	17.7878663007178	16.3530358520544	10.161305858894	25.590613383742	28.7526630639137	37.7616605929899	36.5195364987278	437.012031132907	476.77400993941	33.7493599104214	2.43574821534052	26.0702881981614	11.5797721159439	13.2422251335587	30.7965874562953	68.4063962505142	55.7267741473499	46.7524397902047	12.879120310325	13.2463264395482	39.7864887289055	23.7832243750151	29.3664690690528	31.4624270571494	37.4676911891309	77.5091998672073	53.3179620906669	73.8609775219154	91.4848675957179	47.0073262962683	222.686739649485	396.311335552092	1264.0323183511
734.817	4.57880701356508	12.7245192910806	20.149460656918	-10.0516595271329	16.0380166411261	-5.51273913488176	3.70508355872276	-2.64858651764491	1.36914791455131	3.18316525080269	13.8541556332599	12.9364141664537	9.90238885745891	9.65738036047868	-3.81879350543636	14.0817117361746	12.3566124874229	-3.82290484943305	5.87368131457431	15.0634370659153	29.7107505028229	6.99925842634807	9.4146040843935	0	0.752111199150124	25.9621589030939	117.545875514181	595.671114773161	167.819552587596	18.764408842288	9.81198993906337	8.05150588451504	11.3083895630419	-5.76692011649377	35.1250593283967	66.1351974773427	21.2014235047662	12.7609559548162	1.38967784379292	5.43486904874738	16.3436263386029	6.27305127967634	8.8094058634907	48.2479713721969	46.1181436455928	24.0178762349422	50.1158416151938	-25.7483214537314	81.2935916097813	47.3402186827398	23.6067098099173	140.430371739462	327.338699723299
739.563	14.9250927217487	19.3082028820718	0	1.56434890669084	-0.676003007459541	8.36503786251835	0	-4.3281202298667	3.46257818009843	12.8803714180892	4.17464403491517	-1.76844436524449	5.56514752704155	-5.78928280351501	6.67261859034998	4.86417105078341	-5.88233430516707	-7.34778262408467	-8.48831620665821	13.8936407207032	13.2597450676385	2.49898453119394	-12.0082973420102	6.81852096681175	14.4558910518381	29.592499708657	351.621999259536	431.401790822043	30.1081456457749	5.7304431705019	3.89942846890267	9.20729030529082	3.93235464103061	2.18768310744781	30.6184669318221	41.4157873665981	16.8214739176293	-4.89651519947353	4.68599789026252	13.9947015309607	-7.9999486578163	14.4223280989689	-8.27505989212599	40.7944884982873	31.3848503572099	6.07412634526557	31.3840000363506	72.352848149247	-5.48244473317032	-12.6024758295447	-63.6815174736549	59.8145226980392	-183.964514168512
744.31	-8.8427560176597	6.50489483908034	-21.0216229061284	-5.53377310741745	15.7143399926229	-10.959528550598	-3.07786996492949	1.45813502779799	3.49960693978646	5.42421413289342	8.73995291945904	8.93678041525109	-5.99963854094143	-10.9709874523639	2.83956862086816	-2.10693789593008	10.0325923328661	-6.25377659154253	20.1608618154679	15.4011435382975	-1.78687261128981	0.841902878232071	7.95164013851853	21.4850718135451	-2.69140460405203	89.7268843845431	568.095468238989	187.335930529226	10.265583227009	3.98181055576687	7.52397335282376	11.811147951162	8.31012411037402	4.79066934264302	44.6996338575844	52.3233589778278	10.2008175060871	14.3967373392675	-26.9958263284299	22.2268524680885	6.46839999206219	4.66449928374181	-14.7970557674192	11.7802126151632	0.857310256251678	11.2549854308606	39.0395323903189	-45.3384848290466	81.2690840985563	40.7591888611158	237.336817120534	302.270891581893	-650.761397838225
749.058	17.8662574973143	5.63260687808172	0.424729266647492	6.78825557574053	2.76085915284144	-2.53063648925887	1.91343120861555	-5.05041301353798	10.1347354445909	-1.64389483706167	-5.7846974174167	2.8889965033881	-1.5152386717614	6.64986639116659	0.717147234137287	0.709490248371286	0.750750011801246	19.7427813179861	6.06673774485282	24.253022623524	-5.41540320536592	3.82728196451602	2.53670705967272	4.50473840430389	20.5860380619481	305.923131292451	424.187983022166	27.8309556985361	16.6668705228099	8.04500910720396	15.9256285259423	4.70042873917093	-2.19001391933849	20.8476363016416	64.0681439792787	13.0112251847604	15.0282264844366	14.9983675993144	-1.4353538397129	17.8611445634681	-4.35633791180841	27.6840007603971	3.89955163911715	-8.92545455576686	6.06250360966891	20.672747422214	49.2981442145436	-31.0270548924886	29.8544188995127	-59.190135860787	93.4666956038234	488.576147269899	-788.89459439142
753.808	38.5630471786729	24.399591003689	6.06072248915759	41.5139072555055	22.863978148099	27.4058249818584	11.7016816541399	14.1561046512218	9.84945029598306	18.4310845759888	16.7573361364245	18.7720360979011	15.0580882090932	21.0868940924073	28.5073672202235	27.1182633381828	41.3212340237028	27.367266339635	24.7342865702106	19.5895052675861	28.5184170956104	27.7403603793941	43.5235805588524	42.5756451924441	97.3904077845105	513.91670886928	210.674414427654	32.5274099491578	23.0279648668966	11.9271865756167	23.9795725272453	32.7995815147843	30.506589101431	51.9844600522991	57.0408820298399	45.5874264298662	16.1929355224935	30.5744155993515	29.2599208126578	35.8900866863183	12.7656691356255	43.2262604969828	37.7591714872366	51.5516042918281	60.9098088070362	83.2299185219177	141.949281450808	168.664412279143	169.263306975607	110.167873488598	385.208779608412	739.1967813155	1129.55108436851
758.558	11.9973908275793	27.7659479198695	-0.881559515161735	19.89115286283	5.73038367574689	9.19194176264079	10.176915693989	0.436772315645117	16.8772819420364	12.5107951054203	-10.7427487118567	11.2431430891269	29.4843645203668	5.36757231334116	5.20973726523591	14.3578858409148	18.69889932385	9.83465266559441	7.19542784402823	9.49794065908019	-1.87335031160368	25.5967836039478	29.3970210796511	30.5998178469774	288.615318598401	420.960195355541	43.2874610315244	26.5720708220654	0	7.21052545135923	10.5174726211258	6.75423364259405	31.8188416098079	57.1794487656094	40.0537800654066	3.3757296312763	-2.22802031009626	5.18838497341837	5.46185114387362	11.6512729374163	19.2140954434839	28.730177320613	19.5600912836437	4.63137344695292	34.1544283406815	18.2358738045904	62.6723693396484	42.9327536633981	-25.1733750270034	72.1098710438202	101.216134807561	182.217287108021	155.944165525187
763.31	7.78755663363677	7.45311744078932	-3.59683640446604	-16.907825826782	7.30638865768427	-7.36683546319081	-5.0637396933123	0.22275843807991	-1.49697215321519	11.6011564294606	-3.86746865535832	3.44047216904349	-2.40597336527972	6.25718373216857	3.41616903622039	-6.38386753396975	-14.7023103672215	-12.539438675334	-18.8074342821171	-0.968809766739632	0	5.40191449829804	0.447545894535167	82.366194718661	469.960808876284	205.898430640396	-14.5866267941099	-0.785625122388516	9.80166977866062	2.70969499818347	6.89659813506138	-15.3099094604044	32.8422619636686	34.28518979413	12.2567074427158	-7.31704366487413	-9.54503427685467	-16.3578974502715	4.05178337463484	-6.48247719558984	-14.9873010499846	-6.85870604743518	-29.5835570600402	6.29879674606027	8.25115964535694	29.5427199363024	9.13244636019641	50.0483481390855	25.6773678246188	70.8293667789979	-51.6212847989603	-193.946541087796	377.782469503815
768.062	10.1062460546536	2.00609214368141	0.453810853547413	-4.69315220820794	-11.4308532396137	11.8296123668316	-1.53333414631413	-1.12421234165016	-8.31037442479353	0.292742294025582	7.15669349251646	7.33117051524531	-4.85696519376515	-9.47358479837212	-16.4743951405921	-13.266219232834	-11.631240630083	-10.1254017312647	-12.0382462953158	-17.6017234683658	-3.37528370176087	0.454371036766073	22.5866468820726	258.599131774438	393.015402990113	23.0019599711705	7.56050715307868	-4.36136297562397	-6.33175673749151	2.73504571617868	2.32037322750969	-3.47695700821959	27.689598860663	27.8438653968074	-16.9075469568009	-5.21329321152095	-12.8457779084318	2.42807864185756	-3.06726756215407	0.545260367430953	0	7.55222519252685	-11.8052458923079	-2.38414707221773	27.761179587455	29.819108667292	1.3168407890098	-34.7301477423034	15.9492886255403	-63.2429365854478	-43.4201924163928	-89.7238007718584	-20.0693071895834
772.815	6.73320597702657	2.00481438002619	-9.97747965522298	-2.9846491462208	-1.84251168596838	6.41769926527214	-10.4711095964628	-4.71868439270684	5.53672080075497	9.06923086217121	1.9505822989911	-14.2673966595675	1.21346789757598	5.91721917347975	-6.50898447685458	-3.40914070932847	-6.41314880463262	-13.9135596065159	-0.462714562875628	12.2156334704472	3.85501010624587	18.6173467859155	74.0370144589216	441.21883077451	221.059963075505	1.61314449576557	13.5207111967421	0.396235003805551	-5.53675830562738	1.17141585069716	0	12.7407220946849	42.0925622222548	14.3105813892148	4.53328185838992	20.4057262042807	2.29242783881396	-7.27959629226817	-26.0551680791852	-9.80843523099695	16.2807941914494	-6.91846362688658	24.9834211187746	11.9131425481484	12.9469654233326	30.9038236212642	31.5840489181177	1.57763757565605	-71.7260843664282	35.7232395138987	95.4635798315397	163.030276264495	220.621766329756
777.57	13.1683808431303	-3.06852252648594	5.09043320662383	10.0066099120414	-4.1361551387097	10.3397706093986	3.1271879399389	8.94190663674984	8.47437681475426	22.687479174923	12.9372366822025	1.96732859257448	7.4292236048921	11.2706332039404	2.73480422701674	0.773029915480568	-6.54387816607224	12.0460935732836	12.7479637645912	13.4618155845374	29.5019465859275	18.0701778422114	247.828479968627	410.501348930741	38.9344997930926	10.6991805242495	15.0136480669857	-2.02156044481898	7.26380075900968	33.4682508677268	19.3236808136232	38.6073565711862	42.5529107781636	13.3854385659375	17.6617289551101	15.5055126496945	23.3915802341502	9.40878457716203	4.17039871445777	9.45235519516233	10.0862647695849	-5.13417717821963	9.20569640243956	0	-32.0835752081374	23.6503388745542	65.7985813338183	37.0253323594523	83.3532171368122	67.2949713968916	146.114347587751	-49.906074118472	839.080091524552
782.325	18.0220399596969	0.51929695694909	-2.34946930049956	3.53416509409382	1.14541562095621	-12.948786953112	4.7630260175737	-7.44994753877671	-2.6075433869718	1.21246819443742	13.4733198542681	9.18908878668528	-2.51454775203033	-3.26977586593856	15.8681357076543	2.35480672764982	3.32233117627968	1.3105306063568	-24.9297608301843	1.51879388374917	7.48907867902708	48.4588113034502	433.129372655441	217.020113778318	15.0401625047702	7.93904896443656	3.29618976503666	-1.23161705400524	4.50735552938761	8.90049422250083	6.00651749635328	28.4014198482307	30.6899937219022	2.88306489127221	-8.96687121083483	14.3948046598129	-10.4508099609821	20.6158617432473	-7.41059943389291	-4.51667467728131	-17.4709754373859	-3.90993760982127	-10.0665126499602	-13.9889655605054	-16.288851878868	43.454962751597	62.7214361353487	57.2106505478295	152.759399297196	25.6242753690665	17.9835996969501	-25.3373460999264	-270.14729587151
787.081	-17.311778065452	-30.9275270008302	-10.1325904344837	3.62901076655975	-10.9774458067723	-7.54654349776108	-2.17371128072281	-13.1482317161513	-3.48077795059097	-13.6950765344429	-28.0156737331431	-9.02544691340111	-24.5292865247773	-5.45598003967966	-27.2924259639459	-15.3140139245998	-9.38160273825316	-1.79426806756438	-4.92284534034805	1.55955344743851	-2.05068308425254	179.230066151448	400.085742070543	50.2446299963149	-24.2688164685493	-7.7230493173174	-5.92313564818514	-10.1173576904667	-12.6226868627943	4.15425226470514	-1.64472351713078	23.0022941951525	-21.1472941853127	-14.8021855976708	-12.2766844219608	-6.92864771039104	-26.3404052921858	-6.71216172717573	-23.9154965946733	-6.95683164050282	-12.3723037688796	20.0743390657257	-14.0283318993754	-31.2636605880829	-17.7098744074907	-21.1363364753219	-36.4026444300563	-67.1382870667411	29.6760217942291	-105.247795418542	-184.662219178152	-381.587350068362	-640.147347941738
791.838	9.54199326889268	14.3832295136748	12.0508213368557	11.7827608450272	6.65836558715859	7.89817788762993	4.34317471313364	3.10472727717579	-0.534981061090098	-7.15179518301448	16.2401245382263	2.04923367889936	1.28975363484283	6.70849110709552	6.91817756772022	-12.0781978941797	-7.66835673844071	-25.5433372648239	13.2786951719149	2.07737281909338	64.0212303259442	398.167995945795	231.755819984681	17.1966188763206	11.4613216592647	12.4305328661347	4.22667726945646	7.15945937781099	11.7696630692812	8.71540564078419	27.9329798998182	29.9558351564797	23.6121172828197	5.07007626663049	-7.88444288049384	6.92187775783526	13.6446427666822	4.64234074765216	14.6610790753116	19.6917634237176	19.1583330064477	-24.0656694160797	-4.42567101323353	-9.28552008010824	2.94876169394069	-25.808058527522	25.1772061563616	46.9508805700477	99.5292998192226	14.6034664222235	69.1806699374824	181.943285366408	-383.713117595214
796.596	-5.46758294623336	1.62797469021366	-6.38342468871035	11.5411070984793	-13.56536176997	4.75424249993279	-1.65909905298695	-4.3791150736046	-2.45236251482998	-1.90051906411103	-11.6155341200359	15.4474554774568	-20.583399880506	0.854217784446676	-14.5092370215422	-2.46074088031201	-2.16986919972352	0.456495530340304	12.5246440877477	-11.6388717315622	206.606003247381	384.461540126297	64.0307460058627	16.0973359116241	-24.2487223324681	13.9725436232729	3.44447330171631	-2.57404601243422	-8.56386361720967	12.6830385605752	33.0574382252494	10.8684013440388	-10.5495475099116	-13.7726329097593	4.01582485328077	-14.5723001397557	2.97844192492799	2.62723098221436	16.0410915515867	4.71986337178028	6.92504271782534	-25.8769323269292	-15.7790524222709	-22.3573663834391	-12.0152666981463	19.1199338048635	-68.3927420120149	78.5737154707684	23.7290047719409	-56.5292600395435	75.1704646157823	-70.6058153190678	21.7154027596542
801.355	-4.71991924445009	-8.90059792795653	-14.4121406425531	-8.76736992345604	-19.6320886654674	16.4164976655171	-1.90963444618898	-7.14055481630884	5.41014847093806	-6.28909281142826	-1.8231217961259	-10.4518318437258	-7.18310214479171	-5.89926334822436	-1.78931055259703	-5.66465943034467	-13.1120556306128	-12.2162359227549	-7.78461390590678	19.6379361944172	299.057719875376	194.804067965577	6.75112946728724	11.443854013644	-1.1629352729821	3.39240108305954	-2.23009453861582	-6.66617558233368	-10.3499193569955	10.2187853653519	35.7615625349791	7.21707972870214	-25.4994639944895	-1.8577025875958	-4.62224208728249	-4.05793981645114	7.28494027035281	-15.4222009474149	2.38750951906324	-23.4280671235504	-18.4776985016366	-11.169197804429	-19.4590693964348	-11.8769920694242	27.659309582052	11.3474499205349	-17.2201132005629	50.1346010213552	-63.3147568593641	-7.70513304822255	8.11141152414312	-60.950835089596	806.075148918606
806.114	5.24435471605565	-10.7744080180526	-9.74938925819768	-4.78220177643057	-13.4324817184777	1.89421126909813	2.86445166928348	-4.41034268066135	0.940895386250097	-2.46094936099367	-4.86165812300241	0.720815989222469	-1.51223203048247	-12.1672306557127	-1.43144844207763	-4.60253578715504	0	-16.5510293147002	-7.35213535557862	108.693693355146	301.309660537088	68.7543769290271	-10.1266942009309	-4.49579979107444	0.775290181988066	10.9310701565252	-22.6726278092608	-5.5551463186114	-11.0891993110667	20.0726141105127	27.8145486383171	13.351597498099	-4.73561474183377	5.20156724526824	2.31112104364124	3.24635185316091	-8.57051796512096	-11.7934477833173	-3.82001523050118	-8.65819871957298	-3.26077032381823	0	-15.5672555171479	-28.2078561648826	-19.8801287620999	-17.5369680590084	38.1302506583893	-16.2200179774973	-39.1061733543131	-28.2521545101494	48.6684691448587	38.0942719309975	-506.140209786102
810.875	-20.4529833926171	10.7744080180526	7.62995681076341	-5.18071859113311	6.54402955515578	2.84131690364719	-5.01279042124608	-0.630048954380192	-3.52835769843786	4.10158226832278	-0.607707265375302	-1.44163197844494	3.40252206858555	6.63667126675241	10.7358633155822	-0.354041214396542	7.11797305661838	9.06365891043106	18.5965776641106	243.875765763227	192.766120642562	29.7086813890858	-10.9705853843418	-5.31321793490615	-1.1629352729821	21.1082734057038	2.60177696171846	8.88823410977824	2.95711981628444	31.7512259566292	15.5327998889303	4.33024783722128	-2.54994639944895	18.577025875958	3.08149472485499	12.1738194493534	1.71410359302419	4.08234730960983	5.73002284575177	21.9001497024493	-2.17384688254549	-16.4598704486322	14.2699842240522	-13.3616160781023	-3.4574136977565	41.2634542564904	118.080776232431	81.1000898874863	13.0353911181044	28.2521545101494	-48.6684691448587	30.475417544798	224.951204349379
815.635	-21.5018543358282	-6.55833531533639	-7.62995681076341	-0.398516814702547	4.47749390615922	-7.57684507639251	-10.5029894540394	-0.420032636253461	-2.82268615875029	0.54687763577637	-5.77321902106536	-15.1371357736718	10.9636822209979	-12.1672306557127	0.715724221038813	-1.41616485758617	1.12389048262396	3.54664913886433	83.9008387636619	262.600309576509	47.741142028298	2.54645840477878	0.421945591705452	-14.304817517055	2.71351563695823	-15.8312050542779	-5.94691876964218	1.85171543953713	8.50171947181777	19.7076574903216	-3.25105113954356	-3.96939385078618	-9.47122948366753	-1.8577025875958	3.08149472485499	-13.7969953759339	4.71378488081653	-17.6901716749759	8.59503426862765	-12.2233393688089	9.7823109714547	-7.6420827082935	-44.1072239652523	-10.3923680607462	0.864353424439124	-8.25269085129808	54.1203557731977	22.1182063329508	-80.074545439784	35.9572875583719	-60.8355864310734	-76.188543861995	-768.583281527043
820.397	-13.6353222617447	17.8011958559131	21.6182109638297	12.354021255779	0	7.26114319820949	9.54817223094492	10.2907995882098	16.4656692593767	1.36719408944093	4.55780449031476	-2.16244796766741	15.8784363200659	16.591678166881	6.44151798934932	6.01870064474121	23.2270699742284	26.0087603516717	215.374318063421	200.94632384985	28.8248404699158	8.48819468259594	21.0972795852726	29.8357622498576	9.69112727485082	7.53866907346564	12.265519962387	19.2578405711862	28.0926382547022	26.6418332739533	14.0878882713554	17.3209913488851	20.0352931385275	3.34386465767244	8.8592973339581	13.7969953759339	3.42820718604838	6.35031803717084	10.9825437876909	4.07444645626964	24.9992391492731	2.93926258011289	19.4590693964348	44.5387202603409	35.4384904020041	58.8004223154988	119.310784318186	36.8636772215847	72.6257505151529	69.346197434003	0	396.180428082374	356.172740219849
825.159	-15.2086286765614	-6.08988279281237	7.20607032127655	11.1584708116713	10.6771008531489	1.57850939091511	2.14833875196261	10.92084854259	3.52835769843786	1.9140717252173	7.29248718450362	0.720815989222469	2.64640605334432	7.74278314454448	6.44151798934932	-2.83232971517234	14.2359461132368	70.5389106507461	243.917902385079	77.6383523965331	18.4659134260398	11.0346530873747	18.9875516267454	17.9831991642977	8.52819200186872	8.29253598081221	19.3274860013371	9.25857719768567	32.5283179791289	17.8828743893659	16.9777115065053	10.103911620183	21.8566834238481	4.08694569271076	21.5704630739849	11.3622314860632	21.4262949128024	9.52547705575626	18.1450723448806	0.509305807033705	10.8692344127274	-7.6420827082935	18.1617981033392	2.96924801735606	-26.7949561576128	60.8635950283234	114.390751975168	-10.3218296220437	9.31099365578884	28.2521545101494	182.50675929322	434.274700013371	356.172740219849
