Wavelength	500	495	490	485	480	475	470	465	460	455	450	445	440	435	430	425	420	415	410	405	400	395	390	385	380	375	370	365	360	355	350	345	340	335	330	325	320	315	310	305	300	295	290	285	280	275	270	265	260	255	250	245	240
248.336	-10.5302276881783	-19.2878070895951	2.12665898416313	-5.20216474949982	-6.56985411168149	6.97640416464625	4.07412647860517	-2.95113158375263	-4.7245283107899	1.09737675977606	-4.2696386526055	-10.1298569529389	14.0473973523706	1.48071034390728	-2.51524874318477	-4.62244897767653	5.63678592321162	-5.5343956589521	13.4457110683723	-3.20706709172298	-9.48711713193195	-3.40668143016018	8.89493403481507	1.64030488526814	-12.8316043024365	12.4774212341294	-13.4213946122439	4.45334364819351	1.11085703903164	6.95110580935025	3.62123565849124	7.23550638427953	11.3250272940012	15.2762201540647	13.8919514527696	20.7444813431094	38.2156530656771	44.97569769113	49.2858006626378	59.7304931065552	84.4842617002274	153.811137509848	391.08106171347	673.099611703228	852.005929442124	925.460738654315	875.082060646241	852.5966398237	943.273130059032	2422.1127594442	49363.256394873	162515.944358085	53049.9212111173
252.814	0.630604974424025	2.2537649186612	1.52826522733868	5.27209297995132	-10.3536089945529	-7.59606327455567	-4.87959899808306	-8.3315173770046	-3.3951528602968	-3.28583229168438	3.28742021506323	9.09943028852804	-14.5510303898331	-2.66017982573342	8.17685182406247	-2.98109928274035	4.05072180568074	-17.0448936293892	4.15586751218455	9.87716108665117	-10.2805936835639	-2.04009858072557	9.63888201045279	1.47345021995588	-7.91708971276933	3.62285131273545	12.9491949402756	4.44482420914032	-3.10444938008704	5.69630555128205	6.50575454043565	21.6649936426627	18.3770789081862	23.2051842840204	37.8986931663555	44.3326225649942	47.3138983532775	81.6175586104953	63.041552939676	101.500446469931	127.952805460184	413.613322426678	735.722324021582	979.180770058467	1068.25238295834	1094.78997051671	1068.78529312375	1120.43802099773	2257.28750548392	44233.6962118481	171243.061956895	69880.7030093161	3912.11362570507
257.296	-34.9397292853199	-11.7069033890875	-2.52012218637805	-4.26782891707069	-13.9317215126734	-10.8975957203366	-9.08781142765313	-7.74365462681501	-11.4772029013388	-15.6048912762508	-6.50518023054588	-18.8634749800024	-25.1945097992802	-13.1599765773518	-14.4772328743643	-18.9611655575773	-13.3593485093136	-12.1797748150221	-3.08387718321905	-22.2596127568355	-17.6665867526027	-32.8003618980587	-18.0696474942451	-10.2048734724293	-19.3526325916872	-3.13640891588763	-16.7881362043638	-10.9943286384044	-5.70432172098236	19.5090694524408	0	3.85838168555512	8.65827353017566	6.62288255340857	20.1204261717624	17.8343740707978	45.2861111607123	30.1477207701391	64.6417619351123	78.6461257368631	305.512510082469	794.718423896283	987.02016578982	1035.86402159714	1037.39950942643	1063.56324514066	1107.19003345572	1920.69760615631	33783.8960474488	150843.286749009	73469.7429771878	3566.36639274296	3136.5732984859
261.781	5.06495112223064	-16.9706218883949	-25.0611754200738	19.2476736541751	-14.5528373292634	-1.14395176360614	-0.864538515898614	-4.05562719591626	3.97680230068223	-1.64946565482905	-22.0035037554432	5.6554366136874	-21.4570249781884	-8.45748479181355	-28.9491094981801	-10.6892267077311	-18.5268525263932	-3.80285407654809	3.65088057088421	4.40734956988284	-7.60537283507767	-9.72909945037076	-3.05599185885886	1.97243220076958	5.61081268620858	4.09195559465205	2.24152018849444	-4.01628920864625	-8.45995441953219	10.9981037611201	14.3697176150952	17.4010891626331	36.9006787983057	38.5307984514545	54.7545569377143	41.574672445446	46.4698525046582	70.47091824239	99.5424212495787	257.83212877547	694.092866069225	1339.32688408009	1208.92206111682	1108.43201183723	1100.68004941566	1061.81050361072	1807.70408543816	26038.3391148542	135671.707153514	80135.1232682081	4329.32896678006	3121.66912812274	18239.0180069488
266.271	16.0984168443806	8.63029517718012	21.3278511636354	22.5130312998879	21.144991898014	12.0228115407277	22.2758647318826	5.92957775331815	11.2675232000797	0.335529848685865	10.8167421601173	0.442466785365316	13.0013236147809	25.3532442161895	14.0626857776046	26.5273582590992	17.4646253123322	16.9217629357747	35.0107496620211	34.1802499522745	44.2018400510033	5.20807140573967	21.239421689096	29.0889452623099	30.4356363504222	14.797769878272	23.7101271120371	16.3396540753728	24.9077787847066	18.3450774230862	30.5591501839418	38.4940478531212	52.2755750753905	53.7711658770852	75.0400775761733	79.5953655098688	68.2700192224302	108.901579737932	238.770213869114	573.800792295876	1167.92138527787	1688.70954879526	1196.94871724671	1189.29469135987	1281.83893114827	1761.09589271148	20215.4484575903	114046.848629045	84513.1931207493	5540.14036918714	2214.08972110165	12849.8829250465	26195.9181012709
270.764	-4.51021920669046	-19.5735571405085	-34.3529178074994	-6.85583930065159	-17.7722845989716	-16.6866536355986	-29.914214374225	-11.3502403681671	-0.867244509026941	-5.0359205546302	-20.5266283529565	-3.09909696861563	-21.3719337307515	-19.9321726080505	-23.3050808657558	-21.7565797072806	-20.6940093016326	-15.4804646011924	-21.7619486615233	-9.53126996593267	-29.3010161243695	-4.16891813667145	-50.7973850949822	-12.0439147470451	-2.37918858179712	-2.31351726805329	5.93103300864057	-5.44976848713195	13.5940860694168	0.895410407694653	8.86295670630738	26.5633001604204	31.7415226547614	32.3729476207446	36.3616284934216	39.3234252788969	64.1066309477001	159.00126942062	483.678165651279	830.909497863395	1455.42793115104	1590.90639919592	1176.95156729282	1138.06008557825	1559.71327732182	14522.7379750833	95024.3230884296	87142.5530644022	6450.52315655043	1677.52878160951	7467.63210081897	22641.1477880737	7649.77502808078
275.26	-16.3982323689892	-31.5575258169617	-25.474975634672	-16.2980478616034	-7.86994410786065	-16.7138904201817	-6.60281826648235	-21.7157539278979	-20.3740270629327	-18.403469947812	-12.4210389879643	-22.1019900732419	-41.8405989396324	-9.31205078591456	-18.5083318802749	-25.1302441326208	-26.5587857828961	-11.8385387272408	-27.5368255023249	-24.1478574855645	-34.0934883654162	-24.9950228660308	-31.4579956922253	-2.94735032486294	-34.9336692599408	-19.9287241499491	-15.184132470745	-2.22275138639577	-6.20984663410892	5.69717517080163	-6.07296455126209	3.46692817638684	18.8175007182328	23.2087268750959	36.5177296950657	55.0588036507362	148.135684607054	387.470488550256	692.416563075509	978.466909989804	1425.32457405345	1250.91245410237	1103.75196325543	1440.45388216874	10288.1757800691	77931.6809048234	88261.4330465337	8019.8019453793	1452.13403406982	4052.72515605272	19054.2777028517	11686.7839594411	-89.9473761780842
279.76	0.613196300262262	21.3675812384774	1.48607546916274	1.39814999061996	-10.8732068193252	0.738636402411818	2.23289002017629	-5.40100997016528	4.12678153756314	4.15365937812095	-4.26222224697872	13.9043592719781	5.30599881974391	3.44898944839848	-7.95111914695484	4.55526050954154	-12.2543441634152	11.509963244964	-6.06170904022592	-7.47015822856383	-4.73531895664491	-16.8621214503065	-11.8393112589552	16.2381019522697	16.7556199999946	6.60532081731928	12.157518410608	-0.432211902998452	8.19374185496164	24.7126917302028	37.113440830507	40.0271160596829	58.2894410048193	51.6381616893601	77.749681581574	141.643077119253	381.56416147301	675.655585846795	945.153178500685	1051.1973534075	1251.18779426282	1131.08760653196	1406.57225049278	8159.172929076	63612.0395449804	75897.709777414	9807.75653904497	1499.79584353928	2799.73155363544	15178.7877693309	14687.6821139185	1489.42245303723	1180.5872952896
284.264	-2.91797369491302	-8.34300649553598	-16.0291454550312	-19.5162794542617	6.515603506096	0.351489660231323	2.6563737989456	7.47677168112651	6.0222655011795	-3.04088060890676	7.77489484320292	6.81707080324787	14.3079252418144	0.820623059871281	0.796556339505856	11.4295826847074	17.0776355441675	12.2688484452756	2.40378536721311	-8.12519121237432	4.00597797231852	4.72003412201422	18.7796299514219	4.99989488683656	15.0847690349298	4.19096948957575	5.37207539449123	7.4042499391111	43.5057223524594	49.4724856429809	44.1522739230538	47.7187983573467	55.0706336997473	47.9064117817626	106.075732404926	294.858570209363	628.244669268563	893.305344006239	967.945850387521	991.397780364812	1093.51889569498	1280.28586317308	5863.89872719648	51976.062522813	60565.2614093654	11426.0522144648	1532.23073765462	1827.72110266133	10575.4918743864	16182.5395138986	2673.97970247329	857.303588220464	1664.58575885813
288.772	9.93103971915212	13.3099740522777	27.6333786442795	13.4185372339226	19.20403293691	19.6053866249835	4.26922412506068	6.62668368636692	13.6146222907322	14.661567052943	15.0201887890346	3.79105189033468	25.4617684810456	23.2742565392819	12.0488979656075	8.56980731958117	25.5957633706397	33.9680384475469	11.36256909286	24.4846910935278	1.89360506623423	23.2038114326288	23.9679916345308	9.02398426593656	29.7443392897546	26.9422745539683	15.6267830857459	45.499358411913	45.7860703851473	60.9553557696321	50.8482527499046	49.662054103212	63.5477384247673	79.6483286551845	243.83301905645	559.643647751136	894.503628721892	961.6311692531	935.142672689748	974.704696450921	1186.30144443902	4479.60040836834	43010.8267804553	49214.8750597561	12969.3243919921	1507.82079403499	1625.74441592673	6871.30628099091	15914.9212493581	4895.29372962932	848.334901915171	874.682849747553	1632.69523683537
293.283	7.9328048879602	0.472527125754615	-1.70889582857125	6.83309436777292	15.2820828181661	8.28151985398831	8.66594312070516	-4.02292454474505	2.61005039496202	11.849280224881	13.1722295017256	-4.72407061837947	6.48292223542575	17.8475704064599	9.7448332572794	13.2147285175905	5.28440464261933	11.5151053015134	15.2481751757106	8.74362159313189	11.7982084062452	2.13864789229874	32.3343977833692	3.29520411699062	8.59245857375496	18.9892865896161	14.6045271148961	18.2653833221585	46.1196867971314	39.6873226069624	44.0118785742948	65.772637542299	65.6838108906936	188.246878934284	456.985382725506	764.423341982128	910.90469470133	877.961617135585	923.293342172546	921.480316913947	3062.08105035274	37274.8250959556	41158.6054269112	13619.85397938	1417.03121836574	1427.64018905454	4337.84705680978	14516.9924706948	7159.49184637998	934.332494953551	592.509831087929	553.82162502241	1319.89192921835
297.797	5.63181110444222	-2.28726576615641	-3.72235670951035	6.22598916884018	-3.69864320590456	-3.70030758929797	3.26258060490656	-0.819913728546592	-2.75649579738347	0	-3.85526349995787	-1.05539289102535	-3.32264759044428	-19.4379968457435	8.73515343487484	-4.84065842251255	3.6541629569425	3.84405680601114	15.6052752526236	17.3748970907746	7.46812395634012	7.03943958652491	19.3583761102133	11.1652961511526	2.26864163173483	23.5308979100928	30.0899084035253	19.126189809646	34.5665294892769	35.9309997073115	30.9875391829386	70.3584979924806	156.662041463665	360.497918256783	653.29172297461	859.883416221918	871.825167396947	865.857482627766	866.852238316597	1776.72234900631	33344.5787586952	36051.9198611727	16596.0646164394	1284.43506592651	1223.33882801765	2520.59130299492	11764.266992339	9783.31488126105	1463.95846625158	686.53818138689	443.062977868808	923.376844001529	949.212738604255
302.315	2.51306545822943	9.87978988042861	16.6470674028731	4.96603907422195	10.8928643469413	5.75159878454316	7.32085145240476	3.82331578448606	-0.67651237499465	9.68999430200926	12.5186521424085	1.72679712151871	17.034054468128	21.2025160088073	8.91830414231055	21.0448819425777	-5.73966169764428	12.8306044312048	6.6247286446721	4.81092649031949	28.4632792650773	12.6017035988258	24.2605542151689	6.26340652103488	18.1881752061008	29.2362688192731	39.8601747106695	31.5297843513033	44.5382852232645	53.0847671621373	55.3098908411538	141.249940601111	352.228884819213	613.546074411235	831.415938310964	853.465801284811	834.965129379954	831.796996413785	1391.82001055228	23172.2669395751	32741.628114885	25524.1717656837	1134.89815857833	1092.47323929873	1679.67442851222	8445.18950453939	11491.2374892746	2430.38799133576	864.796362666075	777.283801171023	792.238618603691	1030.75347763978	1935.36272214812
306.837	-14.5353537119859	9.40455243864161	-9.31269816987446	12.5711361542659	5.92508343931788	3.01876143004278	3.65027353021115	-1.40468329941027	2.47366557883217	-4.17864609251554	3.19356390861612	0.688803138892163	7.22842999730967	-2.81916144004096	4.10472425215662	9.13928832539384	5.36600881660312	0	2.89028029075333	7.41444703998239	7.3111169307269	11.7559945135429	14.9191816455511	15.2247102005779	27.3916742945664	38.873575981138	35.1358269950556	50.8729938055647	36.6598004400497	54.6789028161511	99.6264078583949	293.081453102822	554.004356596283	785.998375736973	809.640430241542	806.956195264002	799.94834690414	1140.44063946334	17234.4794462118	30491.6913786375	29105.3364154534	1247.67622701269	882.108777274906	1126.30146078981	5420.67505794615	11641.2743655885	3761.04093597901	920.140518207072	725.481076858277	679.463471366241	766.804833553293	750.873419741794	0
311.362	-38.5451004249919	-22.810765682037	-16.5799187427101	-18.6426445812871	-3.28755339480321	-16.2807123028472	-15.2662046096967	-8.01661856209476	-2.24594517348508	-3.91253032310913	-4.05939966639395	-4.47156268995222	-14.4385913468518	-5.63119792108429	0	-11.4941902473929	-9.28932848433053	-0.375848532252798	-27.6291531472237	-3.04914962166617	-12.456145025073	4.85840228633762	-6.84609700586086	5.45837429355403	18.4845002412073	31.6347392782276	11.3426834851416	26.1100301475924	34.8532114772408	85.2191254571503	245.136212740401	487.737172767296	741.559722307236	789.256066363434	775.597551548412	784.666555375481	986.322406469814	13021.8267030356	28545.7413845705	28308.7558982729	1452.05456402544	770.40778921908	794.99817458747	3302.42716388222	10382.2037370444	5392.52877300679	1100.71801451601	754.321720402598	614.45894986253	651.656648941864	529.896521142125	334.917767453402	-321.259353517804
315.89	2.50040205823229	2.68091055571168	-21.0069630589832	-0.760156165927813	8.8674340334402	14.1559456676495	0.682871390434096	3.40362368436122	-1.3462068242727	6.77487352993323	8.68993279511875	3.43619149485821	1.80300206804241	5.62551359941904	10.238497596486	3.03950848842767	11.4214787962252	6.75844448455265	4.11959154409544	2.61091860591086	15.018103378717	8.89807975966627	24.1383046728129	31.1592252908825	26.5908115604129	35.5531568650961	40.3675204009163	46.8801164242354	80.1869769534133	233.507937981941	459.854322202318	723.651354849221	789.041964118161	793.413777116646	781.778439464725	923.341558661701	9352.03989048632	27105.5920062087	28549.6490502095	1740.26655549323	710.798871357958	727.090558170067	1857.86163709988	8356.99654036012	6922.17369704026	1500.40012370009	1023.40813926316	892.743991444301	849.794030428578	836.998514584919	606.640695109891	778.261453128105	855.826835891424
320.422	-15.026426638399	-11.1883411512202	-6.878654031853	-9.13647533078443	-10.8553232238968	-3.3183969199313	0	-2.40640365766422	-6.9665354036853	-3.91483732919922	-2.90128090952756	-15.4876130549624	-13.3635721231244	-5.28236093613153	-10.2548863101499	-13.5305502888363	11.7972536366265	1.88035074833457	-8.66499008421425	4.3584964845266	-9.02528567056631	-10.5327452135115	8.86487900486675	23.4068262842599	8.87779178135941	34.8906713461269	30.5014363039236	36.0107220633304	191.629563736671	434.003714470795	688.990888250354	742.017907582862	781.964030125395	763.491920253196	830.386062787755	6680.75710442603	25632.135052027	27119.1590507069	2379.37988713599	698.386473045023	674.602748307723	1074.72186383713	6035.02506992445	7849.04030169669	2262.38680696539	1328.49255409747	1311.54263604391	1170.16970870573	982.647856516092	843.240857188778	746.936727354541	735.796527666266	375.023579776602
324.958	-6.71901268240259	-1.38539812065176	20.8762359895512	20.0338892295989	6.10982783132319	4.6693298390555	4.94036712457329	7.24240696762222	15.5366579743624	2.96239383169183	-8.98128923943283	3.90654029985244	-10.8080285583551	6.17750894278445	7.40724207211954	12.5656690443518	2.95110465838609	17.4626047621774	5.53502740488552	6.29640106286048	8.86950342931641	0.836037724041023	33.6792799808663	12.8815732600952	45.0405171471611	60.1284839779295	54.1640590180941	184.335857084979	411.469535094521	719.701417489802	799.467081473414	745.428025049447	783.580008469979	808.677084939044	4499.81833499384	25043.7708477228	26437.3910751674	3337.57347915394	775.507508795298	726.161076502674	778.505079893205	3930.8917129759	8410.72612688606	3112.22444164929	1631.8527835079	1708.21502013235	1665.94088345281	1528.59070900428	1487.03531285944	1287.47447809417	1166.10324740317	1007.32313037648	737.100862690893
329.496	3.15505115759209	32.4186911361022	-16.1420555099149	-2.39794594569809	9.32423644961592	-7.60094487025554	-1.91479798554991	-5.6842306437905	-1.41555614535938	3.01394859846062	6.70090028961672	1.44528222542805	7.20435547025958	9.98208519475593	-1.43545730919745	-10.653625287705	0.375307869850888	2.76367899273953	12.5622510317607	22.8784921887653	25.7180012191372	7.65528617332807	27.9199580571725	31.5357163906735	38.4458619575866	87.6085053392925	169.043465201921	370.269415528876	704.127408351803	827.956639147781	784.808884960979	765.265756328075	771.31172899521	3338.63318507921	24162.0692536769	25468.6411030878	4715.99019051487	737.752423487846	703.938514521887	692.910406921487	2265.10959542064	7641.93206359075	4050.113063837	1532.62635839409	1543.27186204992	1705.89310410987	1702.32945318867	1497.53840092579	1313.30662001141	1230.10388337232	1088.88494675576	1261.94666101298	1481.10915379408
334.038	-1.58764632228937	8.03845637683783	-21.3758107608679	-15.6866460575377	-15.2925370823168	-21.9929143798015	-9.15364200593582	-18.8571165763799	-9.49758507197136	-11.8573861556589	-3.98502618075519	-5.45457956604639	-4.96092014599285	-6.32533863866176	-11.9184994678773	-22.8735455704177	-29.0841079741683	-11.9203268563345	7.84728321125456	0.460505420276492	15.4389807531784	25.2533087629528	-0.851487297455432	6.59491664224983	46.5091841054997	165.699854578796	332.386598791214	651.662318413432	790.898208634402	783.257645424197	851.72106122736	735.993848462528	2334.65562115914	23421.4980707226	24257.3510869891	6035.34841804182	695.298928794695	664.857895223101	662.763449950153	1332.62184717303	5973.85529863834	5256.43673741218	1447.43299496591	1393.52680546204	1573.23066696576	1761.57922303778	1735.58145519212	1565.17035651688	1344.26177222085	1129.21784860731	1071.33635621067	769.722898378644	-226.421974159122
338.584	-14.2554968938462	10.850197977302	-10.662982317735	-6.82182384211392	-12.1361517665053	-15.8997313291028	-0.480647193833319	-2.11383637965194	-0.236885942752197	-11.2795157092287	2.14077958877671	-11.9720921420016	-6.85294865438504	1.11363328575577	-4.3238933782467	-9.27070904750499	3.01467916016147	-4.75701196694374	4.7843792201455	19.7555575288495	26.2756695235252	13.6647705616982	10.1940206317672	34.542574476558	123.215382848413	434.137412360596	586.208393773305	835.844607204456	753.035927225129	811.514437361765	802.527441419434	1639.42708686185	22878.8791411441	23334.0020928864	7984.24700238842	613.466809117253	637.701101379994	598.61681142133	866.109151129923	4233.76333417216	6069.78778681034	1641.68695638097	1153.68010609843	1485.84947624836	1711.37947426485	1785.49959834193	1769.90278508079	1689.173365342	1449.7658833503	1248.02838848206	901.577187225708	929.192863242504	282.367477637999
343.133	2.10998807341637	40.061772997751	14.0622247160813	-0.40091563443789	9.00715664980588	9.53108734723412	1.68072193850544	6.75807114982598	6.15338447017573	2.74857764681958	-1.22218041535376	18.1228930969691	14.0736942038385	5.19218786345728	8.27985973603598	2.84990907251855	-2.63542441683101	14.6539982545895	38.6744664079386	25.2455558892625	29.4198576864349	35.8371170616686	52.1964289448479	90.3856552746883	313.209777078989	793.231254126195	781.392193433469	816.487503445114	771.636024074801	805.638532243986	1340.55141077792	19979.4727843371	22904.0079377254	9712.95970819203	571.79607940964	530.585811442331	569.145578396599	590.330108011543	2645.32192026965	6061.97476610809	2374.9023964718	883.855604403774	1088.73209994596	1391.98575856915	1558.56048821583	1685.33441288042	1679.2469131571	1561.57104474528	1373.58135864214	1156.52962253072	1133.07028407647	1519.10257166888	1241.27716016008
347.685	16.4197695424799	8.99187364229249	13.6922691191662	25.3617312697109	11.479253910769	11.1654079019138	3.37529098132381	-0.424119393290231	10.9316039575331	9.65965040255205	7.36329033194347	18.5614993619027	10.3122991928027	11.1719496846845	15.1820280145679	7.15412241139258	21.1702461003164	23.4634450018269	48.4331434528017	28.11495792222	25.4507504303716	48.408048728431	92.8918319828984	257.422660279349	577.365691585333	1077.5937629544	769.608930616828	761.983496848127	757.306863123526	1103.02317888158	17319.3597533514	22784.0895219118	12255.1577744272	562.988575496158	440.609863580671	465.254376413641	506.263349423738	1564.85487776308	5392.82745180252	3244.79644374067	782.46637841323	772.483638716284	965.565925557558	1289.10821882549	1390.41518657467	1556.89480837589	1467.63351098939	1328.26150121347	1258.97899800845	1179.43903711952	1227.77465234174	1209.50290405139	2209.51037350259
352.24	10.2024553712332	-16.3125272702654	-6.94050657716667	11.019143794865	1.76325638799398	-1.29363655702213	-4.88831201061535	0.429965758489859	0	-1.67876673184322	0.933098899343599	-3.3207113560514	-24.0065178090391	-2.64272209444345	-1.4658388526057	6.89010295621355	3.44926155875249	0.806334980244576	11.5010837345252	31.3060406483455	18.8904438074764	66.0128466058476	222.471305157083	429.096808572045	855.77933601278	1050.03040573397	730.028323571619	713.443613241259	932.02037930466	14569.4255897734	23148.8335781487	14783.2219772974	598.737937474891	388.732652975029	393.553784337171	410.686981441165	831.171845329689	4075.40967261746	4132.94914121678	946.558487225824	597.023921888545	723.029872185693	926.448043501149	1191.45375353736	1314.90166562716	1313.36124656743	1290.23775974666	1168.4373488157	1059.16644471249	1093.20893144282	858.842431919558	921.584177013388	1321.00667813091
356.799	-0.542955419847902	1.4553808572092	5.26338942319011	-35.4891507969385	6.06188164646952	8.50234466775816	-3.70709103836473	12.6079633740136	-7.79533610411271	0.848737572889015	7.23348072195415	-7.83467494400442	-12.9200587854974	5.34434592659675	4.07597951236828	6.23353068682704	11.625668724964	6.9302275762798	21.46939096354	8.50430675654964	34.009029164379	189.267137097965	403.600610740505	678.728413440657	894.186869433827	1026.25004372661	717.403003845728	835.056990769708	10633.0080329716	23673.5568694265	19036.1425778863	759.952365171436	357.143135745878	350.799718342803	352.972428199119	493.282982487512	2707.27965726159	4542.93493416235	1340.20354905049	514.879380302477	519.9268602033	632.636744433509	862.958058635555	1041.95068325951	1113.92740185837	1181.74699823459	1097.15053199975	1076.13475302411	978.512108387083	927.359952980547	1027.83239565418	1105.59001527678	793.693546379461
361.361	36.6313676919174	4.88505617591688	17.2251504193082	-0.831077090233143	7.89942301540203	17.4524091821032	-5.7237938960753	7.88013403242951	7.35902503009363	11.1104318408353	12.0342006307442	25.170430830028	15.7697460554212	26.9078330379656	15.2980939120098	16.6154402445595	20.6817229985178	11.9044882724263	36.9323122226393	63.7507603706508	176.858885263103	412.566295215128	670.754887558524	737.53568816391	870.938981184827	947.804416691132	780.470042582259	8489.26931614074	24142.9896527713	21508.4961608942	1055.9040532065	322.702748604172	344.076820078723	336.219109535672	366.650613075922	1625.31683404982	4379.91808571287	1955.40992271698	505.828080143543	484.006931387395	521.849896089941	609.504870467668	786.531026682776	928.591025869586	982.938724774495	1033.0335664195	995.85046319033	940.682621321341	917.440253480529	725.114116503918	1056.11299107786	1105.33782291645	1773.88125032954
365.926	4.38724965862764	-2.93998316231605	-7.531324632085	-0.833614655213751	-21.6096618497524	1.32118470991476	-2.24658415286515	-4.17165836632496	-0.984199289534809	-10.2870976809612	2.54125162013845	-12.0584046978859	-0.790894826442062	14.266138592775	-3.3683716687547	-7.4071879617797	-3.91412668520776	4.11752992440492	47.8875415460018	129.322440590672	343.504494423954	624.509122595048	717.362340965132	711.169987821598	812.037323979465	877.840394502022	6872.09874849892	24233.6377327421	24009.9799551749	1340.19274471591	287.790147626342	301.078892946239	276.63464568475	282.913828623516	857.728354419657	3643.97969509421	2748.77017958901	547.956230843578	397.225855143121	425.397390120085	459.857982513849	537.09353580752	656.088260050529	835.259085999258	844.058604311296	887.390778506296	869.04814589408	823.29785912998	749.033791265798	646.81210972474	762.723121157811	709.895246364418	1036.29416091311
370.495	1.63185562327382	10.6923801104781	5.71246976775245	1.24026565032959	-3.21512117617622	8.84556193247944	7.18019593171937	3.70221956274736	8.05369375813934	3.11774910959595	10.3975193482634	2.61635115610567	15.2971829869082	13.7678248146	3.34101266268214	19.102263391034	13.9764055682255	19.1952042575599	117.402159013374	344.109868664262	645.957238954743	722.382806142943	691.406145589922	703.275335552365	784.150716287437	7623.10960833293	24192.6567771964	24082.0460550427	1910.84350597063	269.867895142841	275.351415965362	287.794421929743	273.255455473925	511.1905755789	2629.22811477997	3344.59565446992	800.720959731341	374.070747476031	378.674510490843	421.942174685426	467.385159994173	540.037114438067	633.280226554141	734.627180337977	765.493860134916	763.609642284705	735.751354576176	697.330542746051	735.230936160601	676.165381817944	827.977906985422	751.598634610908	1512.72470622104
375.067	22.2251913710403	15.4989708579551	10.5097643616792	25.5438482492488	8.90012323116207	6.52969406617709	11.8435175961248	10.4173117741819	9.72842057977765	-5.64910502768807	11.931651740402	9.68439546304582	19.935090229104	38.4933208013425	19.2371233908596	8.05388345928301	23.9875480715117	100.529380891151	235.335032649245	636.79209026159	752.105689688258	729.539387975657	689.46018767513	670.453977310691	6185.53825967216	24439.1498807562	24097.4086459085	2874.03583430192	280.206459074573	270.821460073397	290.434452124748	274.511352552348	358.446505278184	1795.66194715089	3661.08643319405	1277.69883530299	423.958915470484	381.668888050667	398.553841489196	422.065321171762	461.846691216359	510.873357608754	653.20697813131	696.832951403973	768.216210218491	788.689549856639	753.548353696867	760.458581786835	736.544084027303	668.530046529414	624.079570022635	1009.19135512529	1952.0361037357
379.641	-23.4986936979552	-11.6644011259869	-8.43686863273631	-12.7003055169122	-7.54480893544343	-3.45959353993211	-12.5975153425756	-12.5439764280768	-9.13727103909114	-1.36047075950387	-7.56182347554863	-1.79406728164077	-11.2963681698618	-1.10142470663869	-1.78187135170815	9.52173254520404	44.7244459023673	131.344053690215	421.571843464722	785.194382813349	681.950827600586	690.107947420069	623.840162654576	3848.72488200547	24171.9962426455	23504.7911454075	3291.22358327815	260.960417762555	210.066299899358	237.302048471397	238.47799300311	263.365228661489	1013.06700547917	3269.27549815631	1930.07046428594	397.367254640056	316.845581391714	330.721336930022	336.476135295184	371.139906035612	409.766793289631	424.333517896213	539.537992202563	590.039558442019	600.634110513781	618.073910650417	636.545320380559	579.884725576787	474.252349413244	529.005624809838	544.6995542394	402.539938301734	111.70877171139
384.219	-25.9108079537543	-29.6334458997516	-28.0482544407188	-41.3554959764143	-33.0123958562451	-25.5932824270701	-10.1427851578915	-13.4858113464744	-17.6703534837126	-14.5811813679885	-15.6088035392675	-29.198619498179	-51.1938622309936	-33.5197778175831	-12.0244439607345	-2.09982551827775	103.932120246633	264.967412820924	616.015438911323	699.849903974922	603.389850216626	636.233441678175	3237.60608892923	25309.1098110963	23998.2349962549	5862.05360160762	216.863174433805	182.997802308137	218.30662924042	216.050230402199	185.337506956478	547.644153796707	2639.58695018603	2548.34104081506	571.990628062882	280.24226209053	297.950131176725	304.504006645064	331.5587057028	370.825665807391	379.822386042273	412.401334901595	445.763739605214	511.528124933292	496.147088084284	478.874292431397	449.476980493766	460.374649164054	369.526277993796	360.128948747492	76.077563786392	97.9842342444054	-55.428997692198
388.801	9.5179785059881	-17.9036814048541	2.42807699293163	13.7065010304136	0	10.8616250173589	6.61251905391733	2.80783722064534	1.79805014646754	9.39683542177769	6.96398264516206	2.40949857580621	12.6428661546498	24.65423388485	35.8967848765749	90.3282066321012	239.908787083357	419.749043939601	756.01585364004	616.371809566958	593.16758083605	2531.0247664301	25312.5316177538	24506.2428591509	5336.98889502617	309.740076473766	194.738061216482	210.796136640624	223.009815955412	236.000729250947	340.75044566192	1832.91320556129	2909.28571288277	862.496841796804	343.652856027177	315.02147633011	331.325975928875	342.334957063664	357.386053627499	378.382505576968	398.280173558656	431.739072805116	497.154313072162	553.988839039037	557.209169899527	557.468412474276	634.131983536166	535.165468166014	479.836413230321	463.352660211947	646.397450324407	1034.62117514482	1160.93871698647
393.385	31.6366205891926	27.410525109774	14.3274189181525	25.1378554668458	21.7214893743759	21.0751268107268	16.8002094275144	9.59552910868474	11.6134326170056	4.49579662306242	26.9322851845656	19.1034435470274	18.6649266498955	48.1930642605043	93.5593763668773	196.820684394264	340.751679570393	441.236085524252	679.186292297756	593.127398992466	2121.87052603731	24372.2569938937	24242.513697706	5910.32442407939	291.697438085879	218.242103810298	191.091744054237	226.3696245323	225.528493494493	261.128783548022	1127.51227541406	2855.92307963389	1375.28105964503	355.49354480992	294.403629165057	308.842344089248	349.092985483276	366.036479528336	393.378596319274	391.810614718215	404.426968695301	408.828000196017	481.04613242119	535.520851245003	537.128784481427	564.528259871106	558.466747024784	543.08094364054	613.891572839562	551.280652174342	759.26268510736	962.115334306262	2734.45608396483
397.972	4.17598806640698	13.2665484895495	-0.374832141533213	9.52167792496273	5.48508804834442	10.8988965978654	4.01280596359237	6.50185913516123	3.95540569450141	14.5062778282306	14.7820527813453	21.3613677793802	19.0711978774498	78.9467867591405	143.129880558699	266.66579171395	323.220630635974	467.175349958509	503.786429115918	1458.36663717902	23125.3297917275	23559.8120194433	6958.64872947227	277.184489306722	191.209819247409	192.596197721203	191.217265307657	191.978254173558	203.951032062018	645.46596175438	2411.97415121322	1881.36700604136	431.733068657367	290.59242956174	283.619299612381	306.125317800384	327.322877073901	339.105706551516	361.388548561641	377.018994096995	383.315145825157	414.956937108789	450.737646770723	481.632675153367	477.116781881586	456.141365260464	432.906982851103	482.649466811731	488.890398372918	435.990178421971	552.114947636187	1025.79889514692	1340.00549100195
402.562	17.398154249259	-0.398593122383733	10.090592918569	13.5622437248817	21.3872915040836	6.17970283655372	12.5894883180079	5.00091385504147	-1.0007584555888	16.5038367714117	9.04402874281714	13.1808840800188	55.6507536506013	137.377317938545	227.422959222189	266.927488058393	301.841828692747	413.321628482848	1101.38619204563	19453.2071591921	24004.3249820904	8653.90379353564	311.152531158205	171.988967674028	177.576948025389	205.993100219551	190.477315077691	196.838524223514	369.270133346631	1803.14298246666	2242.56765486869	610.60319619933	269.913652562236	274.967275619139	283.472319584419	282.258552785065	317.611578700602	324.874754963096	333.26308697974	366.373836685921	358.835942753047	377.485153905662	434.459536787799	448.550467933133	458.718782463529	463.111117340174	490.462934380768	448.98823763855	432.055498086277	554.537632972361	682.489234021534	772.124673696575	1272.42846655583
407.156	12.8294724150167	-2.76694209346134	-8.93451315826414	0.67247133797095	15.979671521434	2.39802935212251	-3.42324151663218	6.19914244906136	10.5197970887918	-3.45772189128762	22.5501165684866	37.9977890669892	109.418635991008	216.793337022182	224.927318980245	262.01816482168	289.858470834195	725.10172342811	17978.1513932546	24100.2783539739	10523.4520402037	352.436435343925	159.798541547472	139.54768734673	183.614243421387	209.680414260497	179.808438901578	239.168158997636	1184.4666214777	2369.43630056613	953.279418100026	276.011906706423	251.092592361983	256.400570375868	270.090177883939	286.062477891889	337.338510631902	321.79057697165	324.862053764741	322.57530178407	327.914159869783	373.354728366333	413.895997206976	393.517987303381	444.696793266493	424.466417309838	443.863412693085	439.034725317006	488.100786645758	424.351369950385	485.39040664078	553.364316237211	473.19143354979
411.752	7.83187541601349	8.94154017535443	9.84172852702636	8.92873663356469	7.71527460520133	8.12374242271261	3.36682083810748	5.40017372514331	13.0794283165408	19.9509664592799	37.3001261289831	101.052597370018	236.565270995885	236.163577193509	241.412050827786	269.453363243536	477.619573966671	10913.5274373028	22416.3787991259	14141.5736057421	430.083663237796	186.158429929674	152.964401971722	177.23593271036	215.934378420419	243.094981517599	203.648916355362	744.01425928642	2197.39100563412	1394.05824656712	348.93203064168	247.844317027589	254.803570496009	258.0248710749	284.134493369259	321.348144349527	325.391432503276	345.019566458329	340.861033550067	349.74399627346	358.544183841421	375.48029803825	418.366989267277	418.413146400489	440.235438378942	482.486408110493	473.266784654441	502.745803749084	529.450916591771	557.896060125449	732.895075730227	911.292208142906	1318.61196030776
416.352	-8.56480722569279	-7.26996681801217	-1.72972748296727	-5.53311251582958	-17.4370753830207	11.8644227841971	-5.06802518664189	3.60047387306791	4.61125917643788	17.8511247425142	90.7870703415834	142.419833454492	243.332541070737	207.749047063719	243.448853007536	353.98920828353	6930.85098031836	20131.9809985971	14896.0653754024	569.394398443983	169.760550190504	144.083648598988	141.594077874351	154.427773062258	213.793031396536	241.105318481533	475.164483936771	1769.11683527472	1819.99142390099	474.019169333065	248.881908189583	230.398967292158	235.927136516415	259.409362994395	290.009722717033	296.759532761731	296.858873697366	328.861135382183	307.851238888186	318.482396814912	316.535305761933	328.335376889434	379.482104064285	375.476213641922	406.474629168755	422.672534639874	447.731072077111	450.269537436806	507.42561030595	498.796378501527	430.15303739369	423.543878270975	366.440661205441
420.954	15.9441105301967	-4.49872220824247	8.8127232592519	13.0747544096868	14.0533944010041	12.3826604911183	2.48277790535668	15.1186140867681	24.4726357419949	59.248040517852	180.09026097217	195.183402104284	216.93130685324	230.983423913116	305.531683990962	5234.7825592538	18798.153083456	13532.7184335582	747.977046790668	163.567476359308	138.966847715802	169.676022184802	160.671675789118	183.657993927896	202.033574648806	359.166718010278	1268.91826842876	2004.24764794903	734.464394593017	283.092564074135	256.258740748823	255.147395668708	257.649775219739	277.027338304484	278.918279057152	303.076978862068	311.387808483694	310.626809544389	316.117148456307	331.978020317826	334.894046262802	352.222806930827	381.143560180247	398.739368096573	411.393124168904	447.949693359026	494.742779193538	533.17343368144	513.539807543387	605.755622075133	661.361503628736	823.858008652147	1884.91627596151
425.56	15.2305134819029	2.20676101291601	-0.332531587790105	-12.5142779353331	8.9211557181575	2.23129255590996	7.49463751179706	14.9970895924065	39.3380763383931	108.31589697744	228.419749057636	174.516100602322	209.557833327128	261.627628540004	3952.31167750015	17430.7158325518	12856.4969398375	871.558076838954	156.663964153797	108.173779445573	133.862592931044	156.141890799294	176.835619917141	167.03495544091	249.887131307463	863.766116999887	1905.36720101645	1036.38583547056	308.602312797666	251.130736062174	245.177004975023	241.829960740872	260.196227600238	263.915747524947	274.239301856703	289.068882388325	282.326945823942	279.526188129053	282.4467607369	315.31336903611	292.329932270758	328.044171251253	337.295771879786	352.185392949941	396.140305137782	416.804850782438	484.408012393484	489.515621808724	492.131361105546	564.065568506683	632.933295767681	778.319789938152	1042.01984406974
430.168	14.1336211969649	22.7309288915887	7.50297196559346	6.44521903850721	6.09968766985222	17.2681152086765	20.402632248337	29.4245319474389	76.4572279308431	162.859975364613	202.094486417773	191.457334769572	260.612243836371	2979.40001587282	17356.2660248512	13358.3184075773	1059.48160764335	149.777561001148	134.06171282416	134.230437370327	164.583469951801	174.405601822451	177.700397881249	195.943233502202	563.049588624615	1708.93275965966	1365.9286772627	402.468606173823	276.897585776742	267.405808101991	272.738164210903	264.429237669945	272.346291161267	284.050836922024	283.82915240441	277.963483597516	286.8448592026	275.61118283222	290.661432769044	310.108061969496	314.786956123263	341.701361383215	354.845703562803	401.461470931901	468.469612569289	485.902954129865	447.755906304983	561.958143587811	560.145020472445	703.548657722196	739.478912455671	734.171151856839	863.856236701581
434.779	20.9471194320386	1.07977545459243	0.325417609130172	8.26642467899022	4.76198287387946	15.0422859593431	29.1538496251213	63.5433283913815	117.658321317359	152.805978282361	182.233123374654	240.258192557255	2412.09652438063	17441.7963699534	14472.2724745324	1312.89287237731	131.104719007339	99.8089087692958	124.441875432504	126.89127907573	157.958996885762	170.069031435686	202.866795603899	358.297592548426	1317.30951869058	1664.24963472038	553.077706235097	287.625646478932	264.887659886415	270.38999888531	267.083476932522	261.014015083409	260.778874394593	281.930163139785	274.867654364103	278.839062389824	280.557800954554	276.326822035919	276.770364789016	289.81932644269	315.267432310034	316.968278283867	352.483482326144	392.503316413664	416.873196426183	472.041236448699	559.033008046997	542.46265581265	625.940993577741	680.140753383591	750.118804228636	960.874599003153	962.278068020486
439.393	6.40238158471568	-8.938256463995	-6.78829881764328	19.1599823666306	12.8769203950074	28.9203805855857	77.40844118246	98.3654799896478	114.900585055449	160.963302326233	216.019424179424	1788.29688395807	17372.7817338097	16301.9625881743	1707.86910983246	126.740501870815	101.672636653812	97.6426000281564	136.799334117667	137.88562669329	158.281333041835	188.03187405911	271.371863882597	939.649115881881	1706.89972784256	875.870029168445	326.125136887302	284.865688864783	280.854420516491	271.927393064141	280.44311232873	270.000289089899	278.756550917971	267.594797881455	287.40918147639	274.201502823632	278.364671457667	265.511209015002	284.383994784263	274.311148274558	303.642036555753	327.399837553503	339.258107589687	401.209262426981	435.199984210348	522.399034625134	526.2343737119	550.102727665279	635.971868025151	746.114165663683	831.698459128925	884.640991892987	1098.54314113268
444.01	9.89071546066224	2.82793170746054	11.8252275963195	6.91589703809603	18.1877970004221	60.7615810113194	98.5037684488924	92.0272838398387	112.182592384118	182.851833864802	1215.01808570763	13605.9633387063	17991.2971534282	2299.52422925204	118.529746138574	97.5217692390208	108.148123807236	116.144556268569	146.009135002158	143.21327273199	167.016740596385	212.466052446638	675.062586122566	1553.01287724216	1130.43522442472	410.543024586363	278.739270371096	268.541359842607	291.315459026724	291.122781408518	281.900909476491	277.008472684538	289.333091701203	276.050730152677	266.474834356905	265.908114705655	269.735116097109	269.339252873523	264.272433555313	268.910765915815	302.259813595139	322.372946951659	333.958845160615	400.593469585833	440.062980236964	552.279295826538	569.443775523945	596.164149884601	666.683379477234	716.387767116982	846.758399414673	1047.27560420409	804.020967853468
448.63	5.82516428270064	2.77586369454828	7.21547355988886	23.6123868290625	43.3570973013642	81.1610355131451	96.3365836384122	91.2657427207985	121.790885655543	984.841330513492	14139.00925326	16830.5350378346	3263.18008979416	121.500840639518	89.5795246883396	77.1054821228152	110.037304124821	111.965067309362	132.123869758565	162.541489270008	176.936992787583	407.999696535705	1292.15055913806	1329.02696454597	488.990649660384	331.590366329613	276.631911903751	278.104376934334	286.224860283599	292.508663441252	276.710536542138	276.1775915724	274.574941877753	273.991041363994	255.591405191722	252.611809164407	254.317342683743	257.008348714509	240.701124360005	259.441002048268	276.593331961005	301.224064357361	345.088396678097	390.47178977336	437.71999334034	536.765949789067	576.255931187731	605.931135670056	636.498249525334	769.716293559517	741.149665545783	835.950446009271	539.990781203994
453.253	-8.06177090810382	-4.8020914285691	20.4679891521428	44.9329427395339	70.0890724475642	79.074863281545	88.5924958711704	102.669250744155	569.939318885327	10872.3313280869	14015.0003629104	3931.70254302335	142.562323209899	88.5293660842311	67.5936655325058	79.5922058551399	99.7344179933257	129.417170710748	132.19095932059	156.670143042524	265.822595638629	962.823527707293	1430.21592592094	608.460503350976	315.264592474379	307.389590435615	281.344795940655	287.905514283275	279.164922200761	283.288018679863	274.859599626106	275.122833479049	261.30634943874	242.597824815121	254.069128733702	229.846290584567	238.566600539887	248.763147608912	241.780470232557	268.379225257032	264.68037176046	299.490772849753	353.943982209582	375.139114303474	473.823219053584	528.350243817174	589.450360189796	598.987153567263	661.889888129791	653.806358055929	729.689857638113	910.124198965954	711.736635722399
457.878	-13.3068975164992	3.73673830423465	22.7279660634907	79.1757733728631	84.8949865105882	87.2438714666105	110.409709277133	409.918853620964	7156.53559466761	12487.5869742089	5180.98315385013	156.74638491015	79.2306078303112	63.3518740715658	62.7912701848305	83.4474627881335	105.28657774686	126.74362965098	137.495220776368	205.448326173512	645.597386766765	1393.58171410471	851.51767999395	298.487480960701	286.677601600273	302.245274617839	270.020712896635	283.793160825594	282.091745388177	279.239137200912	283.718417064565	258.627756042153	262.483280982607	241.606931835468	240.197799110835	239.675457687228	219.83584945273	209.297670659388	210.427689108725	237.7776084857	258.589261748786	265.116235899976	310.595225015932	379.591616590892	451.091483261869	509.059555554614	559.710160884439	610.320901327649	627.191320794629	718.215560816142	772.603304102411	707.816426135244	203.331585207002
462.506	21.1139616398718	25.9396228446647	53.9107100936801	94.2780481441551	122.073944886961	99.0077922089536	403.8140711737	5735.36315910861	10664.9772368615	4918.5223040297	179.95513037562	82.9027991956301	64.7060718085969	63.8853232532698	94.6901172720837	86.063580330776	111.676633598783	138.428324569485	164.615939679674	384.513464611275	1192.13762557824	1081.3199173628	379.146791413101	257.829756238518	291.532942042039	297.83622410324	286.730149568548	284.621936534484	280.80627715021	293.159734725666	280.580822575811	268.393890633846	248.78948182448	248.935956362111	242.89779164398	232.147847605373	230.306943559971	237.161494224245	217.586653061351	227.026092155486	223.651941227337	275.99356741451	335.50480552664	393.496801386311	446.718517039648	518.910496257667	563.009746351776	649.763846191459	684.841360427978	734.38451528954	818.615693018073	1025.47530710579	1317.38464306878
467.137	14.1447055905687	47.892117442734	71.5661010924857	87.9839971722792	137.141070724054	323.278455067713	6861.71120207411	9378.97384278869	4687.01190230685	224.016651398078	82.7936177344171	50.1307153992038	71.1283225866926	75.1094471654669	83.8299853495235	106.082506965606	113.441172591271	140.576492506717	239.1769002823	855.099164382972	1171.51227806444	496.437684803637	261.720305952071	248.455124484964	261.151890232181	299.9206051991	275.958881614962	277.845567690153	280.106536806067	267.438166955903	253.195294080073	246.046140568413	236.578670535917	239.177570504549	236.527914942701	230.338996642727	196.711085339323	214.225466963085	221.240631556904	221.966740100302	235.829476466382	268.30927993495	302.705810136786	379.005886917148	463.106237823328	532.787969038675	540.999401754424	616.366430973832	662.906614014861	670.373552618385	848.446332272237	871.641885321024	1101.52213281359
471.771	40.634118850562	68.6519262465834	76.9906439419033	105.564766115136	295.730573707419	5766.12530438659	10589.9138905595	5221.99379672455	229.048208037795	66.5981647153452	63.1212363864717	59.1413995357767	55.9376005393756	75.0582366010218	72.352775012479	94.7987838102589	114.424864552324	173.900209201535	560.229875118586	1157.50672282743	658.644252436227	257.237975478174	253.194009981049	247.14290438494	257.803745321537	285.7044440062	267.584636009666	278.859105155777	274.081530966018	251.545625647934	257.877366097726	241.89240435057	239.138556033816	213.572092976699	230.399064593894	211.180843358836	203.953115101239	203.035763121083	202.438121611967	202.371374518702	220.270832764092	263.790013840371	279.861516634699	362.021646663845	437.673664352638	509.856532191303	552.476258199806	579.489708548897	674.906653441433	768.3265296015	930.481635874878	1031.57614263625	1606.80365769006
476.407	46.7039453208686	54.2156942411258	87.9349749075368	260.774112190485	5590.83199631106	13910.5805034839	5847.57746723327	268.10972446103	68.4728869497172	61.8928343771151	59.2174856968572	58.3712969891971	76.9013959281734	64.3800853634989	73.5347471023675	98.099761518476	132.285700317002	345.139180435992	969.424834540817	850.564130968706	282.09446753031	220.989903414931	243.481155597718	246.895932387637	256.378200575049	268.844253076495	268.209682255372	268.538649720371	271.302931799797	251.697331432834	237.24753497744	227.164628701399	220.972148178946	210.794440653756	203.223620493767	204.269430188629	176.348060338655	180.867132117773	186.826501590528	187.559067406696	199.869028062537	236.266012229885	294.516344587979	334.398225845324	418.140565546821	492.390510429837	522.4169411097	582.065167085244	611.872606239353	728.892714349504	1003.03617980745	1059.05115459025	7460.48281391629
481.047	60.7660185407942	76.5349463478918	197.241643404353	5654.23031155422	15082.6524066443	6187.77338880751	317.913436738979	62.8727936939657	45.1654229583197	40.6275186432011	39.014481221994	39.2387177766537	49.8885492678973	57.1357616436398	67.7013173222268	82.569597646243	193.076602589878	684.637721129483	923.362419126342	373.639640225684	192.853829325449	212.87043824118	204.964007661326	236.069484396059	240.333165802456	258.935773721442	237.94838070827	249.245322831471	227.837451937864	235.281054975052	209.975085395776	206.000258258968	202.432767558401	185.217927935401	189.681553403004	183.253525474327	174.94189343401	165.192121642733	166.673764696881	183.504073404352	184.172724160571	218.383294476941	245.209068625846	347.358841282355	370.980577438702	441.190225919314	497.708968795695	523.822131349828	645.42740493324	743.463288403991	772.160151819189	1064.8405693572	19759.8384020772
485.688	63.4368289347472	181.508245140102	3735.63961868587	17200.7437778997	7969.64512989711	433.748545558916	62.4230212197262	57.8421405529728	38.0038885849139	42.9898452194833	45.8779953599389	46.3607764038421	67.9539744843372	58.522594605325	82.081321627095	125.799838145258	451.719324287384	888.165966767529	521.073247273054	187.618183881813	203.252119031506	200.778775430534	217.114509358909	232.189581540484	232.620389550933	255.955672157098	239.134574222269	248.638073170302	237.769110934327	225.746807120123	216.135052740377	197.786291894026	196.164103496236	187.610847542543	190.812447047414	177.61823165251	201.557411243088	177.814276207647	167.625533377701	183.107049052688	192.080035832479	220.398765993229	257.86486746629	327.729536714093	400.619656318088	444.108196631762	532.084724294911	554.614226038968	593.196423803281	755.50300479341	824.480514461471	5818.64702408455	30540.2804176511
490.333	118.973439454368	3428.23801856026	14187.546960398	9024.24454467853	515.593064070317	53.2995122918883	48.4708710660775	31.3139160189608	36.0802730546058	45.7289162303712	38.2853684973599	42.6411811996681	56.9285135027557	55.2485816187693	84.4520200624511	264.104391267968	747.982593971568	660.30551830301	227.7793228944	171.266347473404	170.454893489182	168.392147593676	204.42159478397	217.929889693768	217.218482505469	217.551502141848	222.309744838	226.210956762633	215.893931333119	209.223947335064	211.892697478557	197.811819998101	176.56639045168	163.448123151021	164.436872104863	151.485443458078	150.032810752809	153.984222478235	152.176178878704	160.577251797757	167.260747045835	185.773153002859	227.366920724606	286.646885864521	400.577322664815	422.351058667439	503.565133686876	476.936268521866	672.191517225435	641.552144010146	993.036235290701	16396.2783239054	22125.6751111613
494.979	2600.80261290391	13054.2748716944	8675.95747432349	708.932990342934	68.2257522025177	42.2281534689248	36.5922802030992	37.4766265409604	42.16267895689	41.3151458690035	31.2564889957895	38.0874590829495	53.204696821143	74.0716105730993	164.842262388889	543.659745699667	718.139954569632	298.214805591005	159.062424187484	149.171775236676	160.00680460539	176.651884197187	203.470958524841	195.274287933919	216.336441669146	230.39980218507	226.398253330344	222.25825447435	206.273514432914	186.966606352067	175.216915514572	180.345267081548	173.96346099298	164.695253072036	167.344295677085	146.616456864203	139.507311007393	139.048723692845	147.457420679899	163.017972908504	153.527172720432	182.83825164101	211.416073345324	289.670907962674	364.760845479176	436.652174389327	437.145518066808	536.641492841104	665.467357793724	650.331584148843	4288.55885108043	25376.8230880293	7015.15300232932
499.629	13390.2638441677	8620.16428511234	663.395165503781	58.3053207634069	45.8230124485881	36.5228941376969	32.7566859225396	33.1997291120699	38.5162916829604	45.4927104363741	46.5515248272762	45.6840726822602	63.2198599641246	96.3140247097567	368.472837970561	692.252583331183	390.310493226066	145.092841147532	134.818111489588	155.123634657776	169.574434541621	173.431420818056	185.145060938288	193.758089471573	197.481421309582	208.820008657623	207.969351760008	201.096328582264	199.107107695841	186.313576595632	173.110796547385	167.422149672322	169.317625992061	142.698456043604	146.72004760715	140.825432955288	145.682800922524	132.7006209082	144.418221712647	156.205734173023	156.564249565827	191.35564317574	200.909498274812	265.535244478209	337.106635411384	374.92044855894	415.329164868089	503.228649242936	594.849245911711	763.383068931988	12899.240960756	19913.9490854727	1341.52248133167
504.281	9797.73104101165	875.97601348054	59.6726910319965	38.6324234841377	26.4174694145024	34.5784090458965	34.7879049844525	36.1621209875183	37.2435199787798	34.8693024962987	34.7378821154095	38.1931318752626	62.7577700427914	223.165084356727	607.435091907575	487.003505887827	156.337624185865	121.630445596006	117.18393713163	139.373600390013	148.413194065933	167.39958253478	186.21881135626	177.723795659312	189.853560753808	205.359147784689	194.719474400799	183.776889385932	178.738506363244	175.325785122346	165.995810427686	153.524096025735	143.865621315855	143.363376130887	134.810942339269	129.953098761252	131.22009827959	118.007801627526	121.968324805438	145.375257934801	130.226377745656	184.185820740366	200.665026548484	253.398122533288	322.3898162087	390.406206423059	402.042339565756	540.758407832568	568.220108836788	2981.52121693657	19956.5479709103	6935.59396848314	430.25203073989
508.936	936.807056201037	54.9352183971169	20.5726882303046	33.7338363771648	31.5385127707885	36.8114892249453	34.4440391861221	32.7723972335189	39.5010809118529	48.9080814629307	40.4603344388373	49.2466463961778	143.498256141631	470.1330467117	578.997382684273	203.680033707315	116.58744288568	115.817231341252	112.087926874842	125.67985355844	130.171580108416	142.119549033095	173.264782394207	175.112930471429	178.939575027255	175.56798468104	173.628172885242	170.526454448823	164.773716632616	151.928735844503	157.638571789935	152.487387604213	138.837059456732	131.300802896008	125.854256575061	123.384918608811	111.855613199657	113.008307095092	117.375673792636	136.516880925669	132.948662995248	147.8151864387	204.133047970953	246.954702686482	296.757348569814	351.925500501008	422.15593408002	532.873361641406	598.865396627422	9648.30022079716	16514.7816345087	1179.99368331271	-51.8845113445128
513.593	49.1900076369877	44.597272518593	30.6794355730504	17.318549474282	25.8915969828908	43.3503136242045	34.9021083448353	24.0380282899351	33.429193260956	33.7348678834284	47.1385065915587	72.3216766212877	316.884237275431	585.136181368593	300.64944361756	111.139998354544	93.191799879018	103.737492639895	104.284638645665	115.82119450035	127.241576151982	135.441808074454	148.978505564151	150.993965934682	170.418960868238	174.026712193778	147.006741989635	162.140793644876	152.622436519003	149.787914347019	142.044071416838	138.179603609882	122.218441182107	120.554430157026	119.289848076089	110.931050878847	120.938715391656	108.605588686862	103.872812196408	131.513919619361	128.80501516915	163.957963513862	181.935286201349	229.149618778331	312.314848057075	351.299591525456	450.222590230578	488.081769171823	2119.75829669154	16070.6978372212	6707.20017769263	631.278687166202	464.242933703257
518.252	17.9949040227492	22.5096530571562	26.166288439811	34.1918442754428	28.5995539293209	32.5141178202427	30.9612976316339	32.4201351322128	40.6912250670882	43.506637201618	56.9111677654745	189.181419851609	495.418061718057	404.351127234588	113.719687057829	88.9573062613671	77.3176315682875	86.1994739829477	100.8028386061	119.318214352286	128.154785719702	133.023846133786	144.186481440498	134.828414532499	158.410893139819	149.644660416797	139.906938559026	138.252575274774	143.260054490067	123.287481771433	133.418888312162	117.958455832115	127.106309740354	110.788089469842	101.28934081304	110.381089373969	114.762447203805	97.5088707314323	110.880724229445	94.5695436751217	112.890788836863	129.710434039959	158.348544478942	203.074582695398	259.169762423363	334.698206621298	418.461961413709	473.520461890417	7304.4882908836	14224.4203702197	1309.76228989117	528.692078865557	551.763293772061
522.914	25.0459919063918	20.4602718980202	22.8342826130063	21.7552043185998	35.0123146791485	34.2640350760317	32.7351302371488	31.8013782660365	30.3404972438817	44.1851712926349	111.915251596865	359.93061441983	480.919604234955	161.250317442076	83.7547507440201	84.0892439200937	79.9313318747736	77.6376606486369	105.815419767491	92.1582345067802	119.732487339243	114.01715176978	135.574113674146	128.468881264724	137.405080866311	139.779095741702	142.891593220427	134.672415615593	123.049033124128	125.054900000738	126.242789754698	120.466819706026	104.269978436853	105.07818880475	94.1429134985322	86.7949550900271	95.1264541895453	90.4571217162637	96.5769466187439	111.364738226554	115.195876572922	129.354704678531	157.867582860587	199.866696819044	284.780789686094	354.554863136824	453.76630174565	1500.79849743182	12994.2500093918	6375.57872342638	450.629734646023	473.569242267451	1556.34131395259
527.579	23.6125705219579	17.5813918248403	19.9419906320974	37.5241965751834	32.8943816521045	39.2167776834741	35.0118945826432	35.9522294051731	37.0793409494496	75.126365643973	255.515781482874	471.258243838752	262.365461353445	86.7802267163572	66.6556724418388	86.0142363971348	68.1778199217392	84.6144018114285	95.1954452389251	109.894580923614	107.442122360451	125.001967682094	126.351244413297	120.654645993625	131.579407895955	139.765944334342	128.944996142438	136.677119133017	124.547117833906	125.540323349406	118.35685895244	107.918281758762	100.040113560566	97.4730033427244	87.8409713516838	107.516117342338	98.3269903508983	92.9181975144621	112.499931149987	102.681810068499	118.518367206626	107.318263564149	159.62138759453	194.28250761195	281.806231563852	369.99664912446	421.853927770071	5613.38360915684	11992.8803434264	1346.43195448498	469.937712610457	666.056700510135	2793.4973707551
532.245	15.0352132081746	15.0331291835114	23.4242343432616	15.2363630062403	22.8048066116615	26.7351836406616	22.975090622659	30.6709230420545	48.8263857867843	151.462224497482	410.771303206687	347.076196531161	104.028353290452	59.3983876651343	63.5197504439067	74.9450583756209	59.0207598805711	73.3765604038882	84.0464695646709	70.7112308866582	96.7560334966915	94.6764190860141	106.267958542865	101.488890613243	119.497271193924	110.28608593604	107.476505160561	111.526935042842	108.005716748274	110.939879972418	102.424217192473	93.4706077627744	85.6937588723208	92.4650163701256	85.0077068559311	71.3517526549896	81.4531748622475	80.309809741156	81.3349370177193	86.7766302831705	103.395313134655	111.790272419603	133.171515994196	180.730587438054	301.442556338019	344.177023196703	1062.40177068766	10492.7998414643	6015.91933744255	452.000322217041	517.242202076733	1244.4002827514	1901.74108340421
536.915	10.1077089803912	21.932838540734	15.4557702114637	18.9311402186391	23.2335264073998	25.6553468794699	25.6328629848703	28.9052989851305	90.5372293285208	296.817633302037	379.094795123796	137.169433302192	64.815730813727	58.3747302670349	50.2573980034501	60.9474745051372	53.0755415880091	74.8063013199925	77.0209332646139	76.6455179888471	76.8163346351275	95.1800805746432	94.9638080415986	98.6867019460858	105.572094150173	118.212301186473	104.034284796258	102.540856643581	99.5198964516136	86.2870602030413	95.5882365420978	86.0707013901548	94.429098941126	68.97357678196	71.964214947776	72.7880096687006	60.0576560304705	76.9354679444989	83.986887842938	84.355657101789	95.6689510386653	113.537814036346	136.521380714019	177.144354520122	261.740385523944	348.488863692496	4354.71020760514	10546.4719814502	1270.41229813516	413.398877604801	432.333054161363	1890.16230652199	823.719773797306
541.586	25.1913097872333	23.8130897566172	22.4148240884462	24.9733699559255	26.6145419095798	24.8474192068457	31.7404328443026	61.6831978976055	205.081592311812	390.361533473503	218.029692783866	69.7403253283152	48.1769303270361	51.59410321796	60.2965076123207	57.4484858547272	65.4045399922592	70.9963177112795	72.4824751151405	97.5309091794779	84.8942254946409	102.462489308877	100.154786094526	97.2488747480577	94.9081644036306	100.153966048906	105.991952708691	100.360649236162	96.7992870417417	87.0138350647523	86.1280867858373	72.7496360683935	73.4631342452625	83.4504083215907	86.6961193405241	86.3073382835611	85.1552060039192	71.8243084795627	76.6461708984825	92.748185395947	83.905606552561	117.688399365423	129.950720904436	201.874544029536	268.32422269257	742.941677324363	8860.5902086802	5505.58908492796	422.23825408735	337.69311009014	730.623213831081	2070.94308954778	1015.31564951126
546.26	20.2093709777133	26.2646322673248	40.9627663038243	20.9451923773248	19.7878367097284	28.5483493580402	44.4886843952414	129.457003744555	334.002903160231	289.870475495437	81.5162514583241	53.2733585462581	48.7522099138954	36.6843479397703	43.3821772438301	59.3074177723568	61.1052526144822	62.0736133991831	59.9334960275313	71.301260744828	79.4507221985922	86.4802359340022	99.9131100811223	90.7206576506757	91.1777008160953	89.7164653190709	91.3239319722948	78.7337410466427	87.3445793229263	82.9785802791362	81.3757493013992	84.5796888307325	68.0724161269662	74.107003411192	54.1301404823925	62.1668497374473	74.3165089704724	78.944958763931	79.4774435296005	79.0943667639622	95.096922857423	97.4715704175333	128.063026861011	237.990010495532	271.869075911439	3299.39135835004	9269.09893385634	1370.8009500857	378.030137068097	392.01739472806	1152.67847982408	1763.62378024462	668.13635339928
550.936	29.6163024294858	16.8695017746008	23.3268199195029	28.1367435859402	28.2028629713315	36.5667096273201	97.5657152746726	257.00567590102	341.163045437162	129.241994941496	56.1820342627985	47.5685563149943	44.5803729686103	49.4534737537237	42.1922275797439	55.0027669923869	52.3164848091949	61.706118092844	72.5825331262648	77.9575989457525	85.4476909033964	85.0340686568929	89.0487255849732	86.2122259613356	83.1139045890351	84.275869607077	84.4080951665891	93.937835115899	87.219743836231	82.8303036203455	79.1863382053756	77.8383184174257	77.5742507546634	76.2356529017902	72.4444468526573	74.0739070374513	76.6863520154567	78.5797974115832	83.4390509107069	87.9446461624596	99.6438607541947	124.308725723217	180.269236168314	263.860589989601	534.402300187744	6898.01991991336	5257.32587797798	373.635957852888	312.576357157592	433.009563196474	1647.61363560875	732.287561207535	567.563063867415
555.615	5.56111588127656	-0.662509198318036	20.6652118244943	16.62477135412	20.9393644512976	58.7256212888938	197.439647684755	334.265722855765	196.278796840586	54.8626810377996	31.1382361341219	33.1170431028933	36.8923354923225	37.5349231317425	40.4823581759724	48.0720809465907	55.3031015079508	64.022543534302	54.3631987436718	55.810900304141	73.1653953473866	59.3703550612123	74.5635137074566	78.2522434969088	79.9489546859835	85.7293811194166	81.6429058061439	81.5309451764789	75.3525023350043	66.7210669006392	66.2968747231811	52.9864947278484	67.3971876398412	62.4412989071215	63.0393404692536	47.8312571736703	65.610588404759	61.0996892610816	65.702534447452	62.9087718687551	75.6089593960816	101.666127346605	175.032459828349	210.76567435761	2459.61888964689	7870.21327545045	1338.40079592826	261.612068412205	297.246975366027	791.071817841114	1415.10830439914	269.61409315541	13.2182969918912
560.296	22.3404422430191	29.2761806733023	10.5275822863553	25.4692413336185	39.1250456317662	143.523056740471	297.09835796406	259.532684560795	74.5068269498056	42.1005966324332	33.4293193026627	40.6794577378744	40.273386666485	39.0057952650124	47.7720083387566	52.3027902605974	40.3939775421995	55.9119853318129	61.959256791797	67.7156483584731	75.3979816646265	62.9391062914638	75.1847756191587	85.5498697214569	75.0693084639735	82.6232218499495	72.2401197361499	75.3216126112628	79.8673924245563	68.3025589521888	66.0707510666916	73.1707856300207	64.8461258074452	50.8536477436885	67.6776369765742	64.1460646261211	59.5168722374374	61.042043635371	66.6628024620687	71.8449197938221	101.760865335705	141.279687102354	195.575294604431	415.978371482073	5529.48980913745	4828.00854160744	322.078445402741	298.331246579154	381.747918329966	1239.10516175593	940.763183519241	584.879191605026	0
564.979	21.4159472668335	12.4209664325174	8.19494950651351	22.8446970778793	78.4664332577023	238.282413378108	280.810540679522	112.366229263066	42.311346718769	37.3924396541372	30.0328702067042	32.0126505174115	39.5550252469636	35.1330963696721	39.7437887593131	40.090412776657	53.9002781910142	51.341461040709	52.3074384139377	47.4059304164143	48.3571719135285	64.7255585198901	64.3809984197705	60.5744667327406	62.9865096404853	63.6762628973061	71.2991916124459	59.3208886993817	68.9655320431192	61.0900981470595	60.2098265774704	55.5049942956016	52.9210275909636	57.9619799787566	57.0014323208565	53.1175654478219	49.9451762950114	46.3589316518291	59.4139609999908	72.8609620031957	88.6816222489461	161.06482967662	211.279994669963	1998.33783020908	6835.25733883854	1402.07535480858	219.309053099716	270.405652428334	501.174074690936	1364.3477412216	490.615407157562	153.010898012345	214.332108030244
569.664	18.9232553526556	5.41049573541814	14.9810416082482	57.2416185726852	170.010719767669	288.804294012834	160.725693760614	49.699550575685	34.1304957821675	28.5944566674531	36.3906031012294	33.026844495809	39.5712915151156	32.9951330168676	38.7429101267874	37.5719891274002	41.8687562333978	50.8643242040246	42.4012898941675	58.6203068110128	53.5817620610732	57.2402104906188	57.5444337057664	60.7225340094668	64.8444906002464	62.2392655078202	55.2052580872101	65.089789799101	60.9523533635672	57.5920440405491	58.5675943372352	56.9509705476846	52.2575108431501	64.0100302210791	45.213324338403	57.8916162448374	55.8660458232276	54.208686213157	49.5296390431449	76.3293655806972	124.199960186818	188.929691220053	308.712580853075	4635.50471925003	4402.42930500859	243.324764898059	251.077074998868	193.646923058893	907.634218168513	1140.94653947907	140.365096209539	247.708128890222	742.152841559158
574.351	2.67194896149675	27.6252596048379	24.3600005710994	128.808959417278	244.666379026926	212.193953738335	60.6363938149687	33.009324845144	27.4012764827738	29.4360705140049	21.8887334373539	23.3430521323735	32.2034467575945	35.4247180412774	33.8648070133489	29.6448301397898	37.0511372385052	36.6838146166246	61.3167382078831	46.500796639535	35.6996384558048	58.9654008845125	61.7222638064111	52.6211342933772	42.8482371117556	65.2394372548978	60.2729377592905	51.6569242682994	42.4146957061682	55.9635306683389	55.9189159756689	46.1608667945325	48.7323930786503	49.9719310815848	41.9637573674622	60.4517138616879	48.2508900872487	43.4749406491284	40.2406449585429	92.5278773065518	118.151069004722	198.238320328398	1536.0277501965	5924.85000306831	1406.45318439731	217.64105894501	228.173433769416	362.710548108263	1126.65711480172	608.984804294158	141.567447059953	333.106623322155	-40.8278201030488
579.04	15.7908628607098	34.412263208199	81.5160976950253	212.223266688212	275.956809076889	108.791767738263	39.0935120487564	39.4743277528956	34.5599173167851	27.0921689131491	38.817411637098	48.694212120137	37.7700265934971	40.0761573749269	40.7407329397121	45.77788045232	45.6312755835766	39.0382351597737	50.4467792427339	53.9572889239043	57.83187267348	59.4961882276091	61.6581872581074	67.4934058651786	55.7490317546091	60.8482114067545	53.9976145044306	55.1080749274672	54.7145113659206	62.3548815338615	50.5946265351837	50.5459707444287	55.5846835493628	61.8688648927463	45.1642682137102	61.2934213908873	59.6786676742641	61.8115875123195	63.3544908978414	97.4686575944347	180.616139761149	236.664904390386	3975.07233736705	3995.07803529407	273.541131217883	222.629161084528	223.907409535724	603.101720605058	1093.07588016913	316.657679320454	285.683582264708	240.875350838856	906.297454666561
583.732	15.5045157905753	60.9539865772514	164.390836154711	267.495849845619	166.737726357664	47.3909527674356	27.8761712029361	27.6230093836269	22.2601906714394	27.0639396142966	33.6778838720564	37.553882591426	33.5402147934959	32.975086201512	26.4529036996672	40.5742893754762	59.7564079700782	47.7283550404369	42.1489210881756	45.196546783649	50.2206541603846	48.2783820604608	58.9353261650589	51.0201512662895	52.0989363507761	52.6093761069569	55.7162185118677	61.4720832957894	60.2448102076372	47.1334030757245	45.8538372725718	48.7394333121296	55.1343012463258	54.0366887195185	55.6810322358178	45.8156957393165	54.0552449434516	74.5826873669363	61.2948928274833	113.127238061561	161.711018117287	1328.44296503062	5462.15223909862	1321.59555771402	201.840662174312	192.810842270933	284.405069524905	916.447475760216	712.305495947789	220.046742291659	182.692238077507	451.014082849513	718.631714714566
588.426	33.116595664205	115.921028119477	215.594370255798	191.882226561026	63.2001446014683	22.0574751816198	24.8274785503786	25.1133938803234	18.529057078231	23.1429977047558	18.9566401314214	33.1960156148453	18.8229608832307	32.049036261435	35.3633610771283	35.5207016658543	37.2618209271204	41.8308991319431	27.6019348064332	34.2413101181612	45.1302490480236	48.5267549938439	37.9251931299255	50.3722869682005	40.5700109629055	47.8438369105305	61.7962550442903	52.4514289528548	46.3065701796873	44.1272533988915	39.1226836429159	37.7465307207518	47.8486648257389	38.5992691203578	47.1154880528568	43.6434828434219	47.6608223876468	40.676827959264	74.7112565183555	111.442603161099	188.356230008966	4052.9284665689	3819.87157102507	240.77497160175	166.283779564899	150.139700608921	373.546651253151	1012.07360441277	352.456285131412	226.898935861114	78.2694266829007	158.667029363803	375.055331697604
593.121	29.7582869186273	179.474573728159	203.071719994611	72.0182698879989	16.4576820291244	8.01815481342582	5.52501991930363	8.93556384986732	3.33786393777366	15.9139114887591	11.7937793363415	9.4167251354574	-0.564690793574303	0.275293962759429	9.61993128334938	-4.49535779244113	15.0910900446813	23.2250056346943	14.5151377910419	1.70359586850346	17.1345109092706	15.8342722907742	6.92999124862867	8.84400854080503	21.976937813546	16.3089296390643	18.8534409864742	19.0432304239392	20.6530762476644	25.5749457064185	8.34843462180903	17.7569936480157	26.6250362426363	18.5649345717599	25.8279438759294	17.2422456811808	24.9076325445078	27.0283335564366	54.0897218114947	85.4238861801316	728.820149230515	5987.09757850337	1318.69812460292	96.3488923413967	107.754190582334	137.803446568622	574.597123108647	686.898062477679	134.742433903254	17.246285915926	63.5339232463964	-210.716215696106	-795.7451673643
597.819	134.722578319819	224.556788877892	145.747073239664	32.0354656414133	17.5920945787969	13.523537858273	13.9857803156279	15.6135711482626	17.4972649576298	9.64717460001724	15.059603407011	18.6767319414199	30.9618680001033	15.232785340049	8.3339541746462	19.4203989620275	22.2112953516187	31.6469936308743	21.4176851475083	24.3374385386621	36.8424056003597	28.3555487548552	33.2750908308686	32.2151679403585	34.6194762797463	46.3939402437248	29.2880837317007	36.373305692369	41.0020098475756	29.0143387534552	31.970196761861	28.1500252222169	37.1726040286912	25.088868484309	26.2729392799237	38.040737803481	36.3024750891194	44.8665999469334	89.8596714949779	116.115537152423	2597.29857653563	4585.06364517618	194.741637949665	111.415963119549	123.985532123854	223.058861768614	843.101451086816	407.544902642369	132.762739148709	129.165883894135	12.1749255968122	275.015655181921	589.886408465475
602.519	199.302717326556	162.1126607185	47.4669473787109	27.4589469916798	18.5123780387084	21.5205416581722	10.4813039697361	20.5046322878688	21.5533889968682	25.4450093820297	20.2370635113044	33.827406565992	20.6123912054991	24.5637420361649	28.9913484027835	17.4278521623369	24.9358795302687	30.7030224245811	32.3786704895991	36.9654093493419	26.911865022663	44.6332049611965	45.673175868181	49.1658382555153	49.2581432153976	31.0770031495894	57.6302817211042	45.6135952388348	31.5512882858564	35.0352931835262	29.2174495408677	32.1901262098814	31.9548872492665	31.1857912442968	32.8806910444526	36.8057259159309	49.2148996237228	75.707119930532	101.750238660558	485.815458721723	4481.17458122834	1819.71309143042	108.929879885218	98.2541029604927	116.453586537235	402.783729395838	748.273441610498	212.068649640834	108.452245169526	139.894531145223	236.206732966294	40.4212223326832	240.637464998427
607.221	195.493153020958	64.4281209373415	31.71450151552	22.8352608059419	16.3116456177242	20.5084028931743	10.0288754665391	12.1892811351171	18.6924299805476	14.8203369931566	13.922534388387	20.3695279246279	23.9759706729441	14.9275987099871	7.3816020451451	7.03406026607508	19.4425470250184	-2.40622435604879	30.3608461582779	41.4821187060133	30.9358063440274	48.9240550980304	54.7868487760087	47.7375340278362	38.7562971806587	30.2067609934938	33.1882971335083	33.0365576388842	35.2168812340154	29.505985645648	35.2671789105743	37.9858618924563	25.8502337891648	36.8535532858077	33.7646738998612	34.9715443697615	34.3039824245816	71.2055586372198	94.6589979098133	1799.99057431456	3972.12503515451	272.169797925141	81.1970263854485	84.9779268563365	115.524245617063	578.123340437833	534.341339891996	159.923925256469	78.1650730074106	156.841307460006	164.051287677895	-29.1328942959565	214.243575621633
611.924	111.22397439057	22.7665643037223	0.98018275034019	8.60709766219583	14.6090765327303	5.84626023731057	7.54792180735295	10.6871627660082	11.0692002683221	25.4999358161039	9.60516638528564	3.33491275773231	6.41615391994573	27.8672519742854	18.4933527301058	22.3975531603919	11.5467090668963	9.41373160596495	26.6544679239749	23.2280039286957	42.6852696367136	35.328340824177	40.9969862176587	34.0209386937544	41.5183196970855	37.7582797012821	38.9486135731521	27.9375931700483	25.8842901114353	26.6981920971364	22.2538278981396	19.73127883717	23.2923660029225	25.1867814579822	26.9749158369741	23.1218231160903	54.4243402439563	82.0103238028337	292.21982072693	3196.14001866535	1825.10953437202	66.9987872990106	60.9831837805278	101.809630603615	217.27345946391	643.319849711802	245.561489803941	100.060289547518	88.9601946675815	5.93807540838655	187.503341249521	5.88257693063186	-547.966655858922
616.63	32.3078135961753	4.75023461924401	10.5718389916244	10.8788128378922	-3.22296865698272	15.7638261616347	6.88747477173126	10.8063041050548	-0.366970511205813	9.37607677280227	6.63275305360071	14.0503776247432	-4.7183139732874	11.7887209263978	13.117572394763	16.8473392017195	17.2212632271176	12.8962715677408	34.0264127364616	20.2841854388141	40.0029970645174	51.5987101827276	45.7310263383605	41.4076563567826	45.90746562352	46.6961131400455	24.035100825024	22.4839327224113	30.4870563150582	22.4491602876783	24.1895589888236	16.579203342466	23.8357905599	15.3384202495925	36.8670661964438	36.9650227461038	51.6958509216449	79.0430052531561	1359.9398879023	3066.41520444445	309.481150784667	62.7105420851985	55.0923785075232	101.209590890859	365.260851388288	561.239997615571	156.26541194068	45.9889861817747	84.1485796595791	114.081197345614	53.7181989590883	53.5334072878341	-495.751701998583
621.338	7.00684577166439	0.368268750110827	9.32291560821525	14.4100156387547	-3.2482484641674	9.43318646762092	10.5060504929763	12.3762100779217	11.6502402219607	13.3153727168272	7.63974626680448	8.49635024063881	9.21343779211799	-3.76720576547465	12.0953162206783	19.4846533943428	4.41262897200139	12.0690377641733	13.9210440690392	18.2913623168667	39.2557986573674	29.0019139502574	52.7213390376364	34.3490108784035	37.1357945240091	31.0789306244402	20.7214128846262	26.1464868526097	26.6680103359247	22.9116389148233	23.8123328843379	16.1428295787607	25.1666904026904	29.1674137781586	16.312494822369	41.7128219236536	74.9586942764187	223.340883135439	2654.68438378136	1528.24855134454	74.2436362216454	71.5063887531417	77.4286651713129	118.906870146261	501.248818647143	305.511597709911	67.6342154281409	78.7945023284237	121.364046574217	4.0342459380583	12.7387165164642	-137.88066599321	-117.56240001874
626.047	21.6390059442556	11.1544060061307	21.1784707140432	8.22318941613709	4.64597900342683	10.025248343172	2.84120808232294	15.4942187610816	10.6421533396265	2.81880683531429	4.5797617250314	14.5828246549064	16.5037649312023	15.2138685327295	24.1394862439761	17.1429202719784	11.5832674953275	24.0579761497194	17.1402945780357	29.3306184783216	32.135397314217	46.1092756579992	30.1295151432714	35.651964767117	27.9662739406822	36.4583428164591	38.3058138271934	29.6246026244371	26.0467246957315	26.0236976370748	31.4829681407314	36.3135621556185	25.1201953626194	15.9020094862371	32.0240497464791	69.1189387386095	86.8795255932686	1048.8188109501	2822.81501412577	317.549305460382	54.2801271866264	74.989308556314	53.4874445582777	260.111393282707	493.044610980423	175.907816061326	78.0402638603111	54.9851213313144	79.7197708287397	130.338486722047	67.5220007027601	60.5251482830279	623.143504796889
630.758	25.6566123995662	27.433648464325	31.5989397984334	14.7048396630031	17.9546603392563	10.8927897128611	16.6558403991464	15.4920923744796	21.1352892067545	15.5602234037775	21.6827720721193	9.53720094797339	19.1071716369454	19.5171215404827	23.8244402172749	18.1790196873064	30.0193990773537	22.7371683257384	46.0824365572155	42.0890921211892	40.4198504831345	29.595283256445	31.467924366033	37.3448870720081	34.1681461390375	34.7352516514725	31.8669599562288	32.6106428883822	20.7060218880059	34.1938397720236	30.3744064063092	18.7851213190881	17.2183403175832	30.9547359207814	51.4800475623655	70.8354424068476	156.07178152919	2232.65054989792	1552.31299495197	53.8326651853702	66.6188694058506	64.9662913154441	89.4092542698726	364.613795210606	370.112794528791	132.312896001373	108.456839067441	85.1364117276152	86.5437662240272	115.269986701491	217.739051002122	165.171511066612	269.927295259431
635.471	-2.11915634007615	-3.40821304074391	6.16290656214516	-9.98591053552311	6.40199290227138	0	14.4687854472302	6.10869253425964	2.0917336001028	2.20841655735744	-0.245498200539138	0.291226243718283	9.77978593759746	2.68187082504127	12.1483534346878	6.86950182032778	6.05000181980169	9.54659833694759	19.9013328714764	36.880366892211	19.637850753434	15.0827120583407	16.7072412725629	9.24289130356935	21.9103989831606	14.6095675865205	8.40307816874087	14.6381526147782	2.98072660521217	11.485505995289	15.4496229630622	11.066435558931	16.1742994901069	25.4938957177758	46.5947775441054	73.3441788493981	755.590804600227	2480.19442736501	369.007614517074	33.2874467440961	43.4374715016353	40.3228694538169	121.524970924159	388.992146914568	165.525421642074	44.9986482226014	57.6256406401426	76.2581621979718	72.1726330867504	70.5229788468494	3.27480193478023	-234.249401333617	-287.11204603237
640.186	-2.54774317575526	-22.0051139118547	-10.9767673523067	0.645457090215605	-11.1547218856638	-3.3246729862383	-1.15966744839358	3.2300613402859	1.52410566595069	-7.96516723211203	-6.14893249079992	5.54364629257021	4.59284757785634	0.298542901577456	4.05702390650118	-4.30146767327207	7.87971047946161	5.10104061584783	8.74497797331938	16.62720111042	0	7.89888885128096	8.54004336827893	7.60657328051776	23.5193282007319	14.0270181619542	10.2228194915774	-0.299296469410512	10.7506827933449	5.01586512924006	-0.292047450125577	16.6306958705727	10.3119841874885	19.5317896767027	49.1716151231071	96.1162140182646	1790.35211066556	1500.71869591929	48.2382156833329	32.1145226871368	30.3312170070336	38.9724545781749	233.533374618275	339.278225406121	123.151704672752	45.9176655409168	100.535756435983	56.1068157508579	52.7242924271566	76.8891143469342	-45.9329646618605	-43.231901331691	-181.673031142447
644.903	9.01899108749359	17.6517482795133	4.16332192666656	-1.30566462549763	3.10259942015693	11.1226508456107	11.7291822156823	9.11312453033009	6.35877263983678	10.7415734252942	4.97535390625498	5.90209470417982	9.29065417920557	8.75667061301785	14.6549318078365	19.7228005776448	10.1154479339314	9.35128004647438	13.4442498321551	12.7063209030913	16.951326795317	21.1886002797146	20.0392898713766	16.3904759158717	22.836545682247	23.748299601632	18.8546177104276	23.0064416452129	15.4041588906508	14.3242678310049	23.6307590621323	19.4766279319972	21.4556144718509	44.6766173603214	57.917455829154	539.158761661292	2336.18918892014	425.047072526474	36.2993156172455	48.3057828247252	40.4591173709251	75.9513085349189	339.175183503654	220.469456520576	76.4338581201718	89.5070497544768	75.5083023160536	129.192055445264	86.8464034578645	90.3786513516879	36.5025658414244	206.13631230997	45.9372229706214
649.621	15.2444278476797	29.5765768497068	5.98152732237189	0.993109926887506	9.72559903528045	13.6410441379254	6.74061964248399	8.02146492340315	13.4838176142108	19.517740390661	12.6144525875654	10.1755880580326	20.4146913656174	21.7422150176941	32.6972256513777	19.4136872092459	37.614991776313	34.3373508566024	31.5747609739211	33.7314748793594	45.9679777013131	24.3066969082882	56.0633104109518	29.8526285968297	23.8031293706491	37.2214405434752	20.9719771652537	24.86710916252	29.712826672219	39.6466879645839	30.8552686177133	29.3292076099296	39.2876664956193	54.2475387074776	92.5750750387412	1452.94897052567	1542.68205259908	80.4251364759895	50.6675470913005	51.1011798350322	57.715093467825	147.227703635177	337.516627628084	172.466305249503	119.144647341152	124.172035753305	126.607533874693	120.000354121953	128.250626793522	136.421178376922	141.346292010919	424.443402157745	621.166313885802
654.341	13.2695765963774	5.53292874883179	10.3622458885775	10.4215061303542	7.55272231699691	7.72564938612213	-3.62398286747776	9.73982766832487	6.94583639131771	13.3675496422911	15.8848390994606	7.90217556118425	10.8442895528545	19.5919973458536	21.1304616544376	9.260160467378	15.1533817562882	15.9408490975137	28.4213516655208	25.017931954053	27.3259650899623	24.6841781312449	24.9086116632514	23.4261837025946	23.1928122444631	31.1289891206109	24.1164797570636	26.1886007151427	19.9087932004999	12.6012085735565	23.7289999710744	39.5103004828126	37.4425517819999	56.029033084997	377.996128267655	2017.4686675072	504.297128500865	46.9435437082199	45.4245966698975	52.7525423315873	60.900912636645	215.35976988251	239.985431682031	101.333716010981	49.5641984292923	93.9230702380668	127.536854607232	88.2891888692382	73.7516919623111	110.398894587851	58.1000862564551	-19.3000736019581	378.487788750703
659.063	25.8703307171341	4.38387238323338	18.7368860412021	31.8665336099378	12.3031873180078	20.4168512700423	14.4148509315367	13.0361581182907	19.0115832817672	20.4524180071215	19.3771798463531	14.0983839530256	19.619602275232	18.1888119742024	18.2641881322722	7.53069404350324	38.2021450505488	30.810320544646	31.9674175942139	36.0960080611814	41.7164829641615	53.3911742505923	26.9123065654715	29.5290675764818	31.623102273382	32.3518031858343	25.2668645819681	23.2649918102545	32.6239450446316	31.9230033942525	26.6896120950033	55.1667832863246	57.5647640269558	82.6988678661975	1116.72140116881	1468.28431710283	87.3029143648465	54.2660296956878	63.2376046052296	38.9241348752881	86.3479323309985	304.539291224163	152.69974210475	84.5243673593299	83.7919315384997	113.129641696103	100.378337768782	186.841619359961	159.820939750489	165.89997368861	172.320138972003	58.3873004523742	429.380750595297
663.787	3.61894527222243	-3.23350283770731	-9.13591650659025	-12.3773454673028	-7.13013296899538	-2.99699417908873	1.64725121026772	1.08666593065467	-5.88587074163244	-3.7713775563436	2.35825007881873	-4.66252101980433	-0.97858749182956	5.40683731954753	0.926165112863358	6.41552691038039	-9.04029444881895	-5.43433508010418	2.23592686217806	7.08543915510734	24.4534297179797	8.04912143331161	25.4745041491068	7.39891680715883	8.68609608144284	8.77119817903891	7.36728114205069	15.6237508877644	0.954426378175977	-3.14329079583997	7.77823498572857	28.9072079316903	31.7017472943867	269.22309344863	1713.10301784227	517.573134961197	15.8636820539595	5.85488320429065	15.6225689656429	31.1424552806679	141.427974120736	236.454955220358	51.99475360856	42.2220297594401	46.963011830804	37.3554552220388	30.7528100643136	41.968102660075	59.3788895754503	-4.42772624774537	-139.811876490811	-98.6927356084869	-532.244016787927
668.512	-2.73507283550081	11.8115495068637	4.78719460918196	3.11812225356289	13.7711381875065	4.11822518882731	6.84714311699241	1.27752220681987	12.8848358243934	1.90018389905784	10.5616788272576	6.57770596228327	5.58795556905992	11.2172924585663	10.2661290732297	5.23344392177948	1.95209708211942	17.1128385235689	21.0290661641459	21.0230515258884	11.3428671471761	17.3280332974556	22.3698541049832	13.8464701486811	29.9617313037648	19.3140249657588	30.0184299077559	8.9964852929468	21.4793729594292	23.1224068335118	22.8870346993919	40.0920981362684	55.6672940478525	910.330179892992	1363.44376625045	70.0802045867603	20.8184880572622	42.0858760616708	11.1855729708042	37.1278160843043	205.278398877704	165.821377029324	44.5070986827238	65.7538158457466	60.0939838730039	69.0114393161631	54.4982555973251	74.3291226408771	69.5383562374972	31.2323324821977	151.453092714035	19.8902755670038	-276.293957319355
673.238	36.2286646789936	23.3556157917932	24.8210484987998	26.1408366145775	18.0705281088034	8.0098506688754	7.72333334310246	14.871782557615	17.9005008423744	17.2046456899043	17.0004543902774	21.4275078865389	19.5102854966017	22.5696918008081	16.2743523290922	21.3695479014921	20.6204577240912	26.8567984955062	20.0223671148846	43.895516167347	40.5293521975781	33.3811669864886	46.1159245142104	47.1472089164074	41.9958304277045	45.776561440732	27.6014272800461	29.091421473982	26.7690203979375	38.8756442054483	45.1035053214263	59.2398914868859	194.736094280451	1556.42678458373	594.238090503388	42.5139170280215	44.5057075721211	45.9005800100399	58.7653292571518	74.2581591909548	229.777207072609	107.278089947494	58.377703699611	95.9820661738505	96.7294166649393	99.1814915516254	111.802973613379	149.553503755529	141.541178573968	143.636213400703	113.388042778236	-6.67001998682837	1046.42963246794
677.967	18.478179256904	-8.25506336355438	-14.1808696779458	-3.51101082199189	3.6406152957861	-1.3911385150647	15.3496990311104	7.21301049150137	6.42512486933721	0.240706149477031	3.210966320196	3.80906115842392	10.9925766242022	7.14536170767846	9.14265468711425	12.1670361759542	19.782580929153	8.32424451314622	22.8330932118686	18.8929285368925	33.6918851859443	33.9996422214031	30.1023134942045	35.9795730485335	22.8577374393623	25.2124998050605	15.3739130745114	28.653590763261	16.8939684465282	34.0249567748918	47.3406781789151	57.4524996456747	717.987693418565	1293.8956721398	101.910438492096	25.6954554428202	42.5717144969152	31.4891707791009	29.8081044033443	120.938734814305	186.509148998242	52.7398471620263	55.9512518311788	33.9707919577618	64.7055411383133	106.266838578852	80.1356352167735	85.7149324669146	88.4975532302096	85.9095647979102	24.9855704521106	127.659954424052	-181.174340603429
682.696	-14.4801817555434	9.1817662245223	-6.03743386831349	-3.90515240883833	8.58943721404103	2.2506268312888	4.89010264426461	1.1220606753959	12.9934566801915	2.19049784287485	2.70562522334062	1.60479602085171	10.4414398336131	-3.94090456822782	16.5764221192793	-0.31545203040263	9.66813783522566	8.41701232866811	30.3986099764181	30.0778146279523	38.0752818096432	16.6225927896056	15.7825538785605	16.7350483695751	12.4186410004281	25.1580348128456	4.29974846720643	11.8525560378965	11.8261659960199	24.3425524845137	48.1895200094285	113.296943581212	1285.06563059917	579.122858099065	36.9733723864948	18.0429257733737	36.9511165934218	26.6005859536752	56.4599885454828	170.295290015256	127.175781989069	25.0953390325186	42.7197385919955	56.1480125754277	83.1303172975036	35.8170357696007	105.118300765785	91.9229020013719	31.4850392795317	0	129.929230064497	129.08263429402	-283.117073414719
687.428	-17.4034675283733	7.98507307779604	9.87933007811184	15.7296740482276	7.41377947588257	0.56658522437315	6.85112452595748	2.82473749397817	-6.33105391438741	-0.245088009268254	3.81432257732672	-4.84800252573225	12.888549295668	1.9842101480181	-1.92601847255375	13.3414908086495	21.4855538501673	16.5984037103993	12.0118547420886	18.0089743302083	28.2513564686077	11.7931419802819	22.7039271425549	18.3172759647926	4.16844966615096	6.08008567969427	5.66200649593027	0.663072865722617	15.2167198624213	27.1271824227091	36.8797473074103	545.877108060519	1220.93225955324	98.8586779575198	19.6499707827483	18.1689030016603	26.8519367860089	20.2926617322143	62.8388492534269	181.061887006252	54.0497128358356	19.4793875368102	42.4366869285053	57.8703966776194	47.2810662119535	24.9695399989134	84.9023219919858	29.0917677127916	35.0422252641957	9.20773458871028	130.836406898372	-150.507673828809	218.012921696861
692.16	-16.5520999303183	-10.5637057344357	2.67425723856629	-13.6584568648829	13.6657065469056	10.8235527398966	2.15259771576999	-0.189338018435544	8.27504485058373	3.20343863195693	2.46537441344095	-4.22440864545581	10.2304017090437	3.32496752695022	7.42314640063259	5.74881811208433	21.6021782536599	7.10148956470322	3.50624193285322	9.46488040318718	26.7815798542735	20.6544000835127	20.544448430357	5.52501085062577	3.84181982202702	14.2638734373733	7.36707540093694	12.0000969082342	19.2904429174471	35.1610119117076	87.8208915280272	1037.56459336916	606.396686606392	20.4145201478545	21.836277000118	-3.28815440967596	13.8845263475239	2.85639355006872	128.508859416665	111.886413770756	38.6766183954634	26.4663816125003	33.8998359314307	29.4266534855391	28.8343484687489	62.2977802217085	25.4980912412283	31.9087406557414	43.6211109852092	9.25771452227005	-18.2703599849061	185.716597753857	775.617691529349
696.895	2.85677231969793	-19.5692166523928	-6.92336086090293	2.17124390687546	2.81424074825574	3.15441079065509	-3.9009888023467	-4.19372387346476	2.13621555354181	7.93893704723974	1.10316300654291	-10.1419995695146	-8.58323028387803	1.33901894913871	-11.3728040827835	-2.89392916052529	18.6904425386622	4.64731524530916	-0.784456180616119	-2.90017802917782	28.5976021905667	15.7885412316427	-6.51161883986797	9.27088530842819	-4.21953775693731	5.12883548752974	14.4970692369085	21.8139811055395	26.1184940122604	39.7006993490228	424.075486865418	1082.23368888988	117.940344590784	9.77117209743712	18.1459918927936	10.2992843575629	5.82450672088563	52.5858982637215	151.449989840422	69.7113989828531	29.5741300338188	29.3107262159174	22.9495161303652	18.8532207903669	7.06139086738446	64.5931082950063	22.3228249678767	1.33855970130019	-48.9847274339784	55.923501826226	-117.724377295507	96.951451172605	-254.636383458033
701.63	5.28155133796651	18.4471171980179	7.36957607031643	2.91938781459803	9.77518247241392	2.60263050420793	4.80805382735931	7.11251698962552	3.87759118606259	7.25529072109861	6.67475580646795	7.91803792038207	2.07733456744909	1.01272709163613	3.27675488085287	6.80940433563924	9.59531790220379	16.9434201636608	2.76873362534389	5.84923534274698	13.5953365235404	12.8149386211901	9.65660573081788	14.5844564637256	17.7295648818971	17.5849900758705	11.5593953133961	10.4912614830752	23.9748732408864	72.0634589618342	923.986344226101	599.782608466749	9.32817423114073	4.07731582021453	21.4660257274983	24.8523958211268	9.78931586932323	74.9863722970034	120.871918372336	35.3822042308607	17.8940097695156	40.305990147736	37.3847014995054	48.888246482973	41.9341701821656	66.0814516360192	45.0218763946278	47.2443884833606	80.0580481357044	103.390404568646	48.2285513966504	41.9007667576711	-51.3564380768116
706.367	-10.6896017117195	0	3.14013930397211	-0.738587277277973	-0.957314102426244	4.68230836189902	-0.442330268084798	0.778129009797644	-2.39801680521992	4.81039174046671	-6.47324431842035	2.33708440963149	9.45995312473421	14.0063525196962	22.5487717457089	18.0477281386436	-0.693587655463514	3.28333922305782	10.8072929008081	3.38244753866752	22.9302470798593	17.2912061949077	19.1536079635096	6.43345970901751	17.2242108409796	16.399848348521	14.4502550395712	25.0010875220063	39.9810186829476	342.349210332946	1070.7309902983	144.897116165632	11.7998553890337	16.8484211181327	19.9425119161841	7.50746779051	29.3233831967416	125.775208600425	85.6677574629475	21.2008771340253	-1.00601669441074	17.4031687769647	48.6416624332185	48.7865755868046	48.0411568504283	52.5429251377466	54.6732461176607	76.4962661436995	25.8564216498598	116.518171572382	-56.3147482522423	-7.06709196146291	259.857300083099
711.106	-2.94614242542245	-4.82598984599892	-4.75996564798514	-1.49277881331991	-8.06188975989513	4.43603467840588	-1.11750715352255	-6.88055236423376	-0.220304405385806	-10.7458253851192	-11.3767391028079	2.02437634210608	-3.18662804745461	7.94022257811073	-13.739201058725	6.63213703505957	1.05137164128251	12.5347537654995	6.87647270964885	20.5090698617138	2.94922379701199	-12.3111309746971	-22.5160919881528	1.52974590743859	-14.5051335449085	1.05785677903946	17.0367184574631	16.6127267715307	53.5258208789607	809.982684288454	644.361939807937	2.02434676242302	-1.02210035681165	4.86468595554726	10.7963444642061	14.7942084490561	36.4407572319943	106.767230379676	34.8075868811035	23.8053715542142	25.4160959283841	9.89269235281058	13.3508745773853	1.38878694980769	-4.85486436877167	36.685867961492	39.1359773781908	-40.0326051310839	24.3875876105885	-69.688196200182	-3.79397559162816	-121.409678381207	315.122789669641
715.845	-3.47694452479941	2.21901867252877	3.61128958708482	19.2531981765381	4.89311405925103	11.9663278840719	3.61740824352225	-1.98862316354797	2.89710187899941	3.6233956468282	7.48046144921852	4.43690968885131	-3.2235069288946	5.58755816440655	11.1863601088176	25.493785153647	5.31769588425073	5.96697346291098	18.4130846575031	19.4497702057348	25.5716159695767	24.1037570881278	11.1885401248111	13.153322226022	17.9744269783166	19.6184883982574	41.8537197126032	29.4087255720401	277.712866162426	1004.35036746157	191.30960307625	26.6210691469901	30.3285879741436	9.13897217928133	9.46511858710552	19.1864384437756	61.5725049501673	99.8597767844642	18.9594544821743	25.0441062362655	21.0823940825951	31.1334507250987	33.7634609892583	42.1457818935541	60.5696137992365	21.4849880559858	47.7395540431524	15.3605148971043	126.873387926859	-31.6010717240056	-11.5136499386296	-72.2439728966978	690.667703223839
720.586	-9.95906589128233	1.33475358418171	-9.65428102581843	-1.89230700899052	-1.9621591019038	1.79945523109961	5.43973410213291	5.38276161258442	-5.36192266443106	-1.03785481015201	-2.59589091919641	-5.13236322329953	10.4129308688653	3.85108982191672	-9.17545287065794	-4.70801300170247	-7.81886666275645	6.72969710237502	1.64082746203709	3.89971939924096	-5.12716221382887	8.45749354385867	-4.0059385307808	-3.87833599564927	4.41295103523012	7.86709549585422	22.9186665218848	38.6081056019812	642.9695967047	621.077212775346	19.5214686626574	8.21166116877763	11.4017718740979	2.11428800678809	-1.82478458909861	7.6938416660031	86.9052266080566	45.9734754427965	12.6713669212333	15.9332739117304	11.8563986986751	9.47495251345421	15.3855549697053	5.63354464715854	21.3346401185523	4.89521001511065	-23.3460486019572	30.7981520053669	-3.53310809582435	65.7977604847818	-30.7801436190435	86.9104013888313	-319.569950089699
725.329	-63.5089865630088	-53.5923535421258	-21.9876331287872	-20.3036206538206	-34.0954338466789	-18.8216421796532	-12.8478507913191	-7.06293897880543	-13.7947923171848	-11.293305955937	-24.524448124991	-18.0096592664886	-23.2611396484882	-19.1364224672846	-27.5188169271336	-19.7430224238199	-17.6276018897475	-12.8670194300503	-17.8544882852877	-33.772063873978	-28.9765477059832	-17.1217321203941	-41.7654853893073	-35.7242278565691	-48.0190540352396	-2.17179594984549	2.85523595020326	168.043986375489	824.524373811767	190.52679832839	-1.38667169567682	-9.69736713821703	-8.39354989916406	-15.6942873436625	-5.54126457500941	11.6818205623421	55.0824119289574	7.82838346595956	-43.0595331071802	-7.81964599373521	-33.3949625193051	-12.9757354955783	-21.180104667795	-39.9168082634119	-12.4588873726382	-43.6043712141745	-43.7180861028821	-94.9407826170064	-212.789364738864	-111.003299746367	-350.509014465701	-498.511808034676	-988.398656940539
730.072	-16.2297117212124	-19.9390625078563	8.19428203842219	-13.4915502527077	-12.6572332337501	-8.55303096961675	-5.30965720045318	-1.62443967004764	-5.91636377706138	-8.72092935404453	-1.46887943811236	3.83346081011387	5.48578097059225	2.13951054192406	-4.15352862708132	-3.42516766307425	-2.53391115612784	5.71197750951513	-5.43148387342539	5.73728493510351	-0.435179099556957	-6.56318400403368	4.08015346501904	2.37011216166696	8.9894127525936	15.6614660745354	27.6527884583031	551.242125191392	602.804773256338	17.268294227434	-1.39530721823488	-1.04547403541973	8.09391167657404	0.717819263464268	9.29295483057855	59.5564844883331	58.320797359522	5.25142324181383	5.9921269411131	14.7531430832499	2.10018314001167	9.08281190839668	14.4169439804051	30.1240431706791	-23.4014205871328	14.9576993893038	-23.7785628426036	-21.3877674678808	-46.7813224474295	-34.7494232594845	74.457161063651	-125.404074788337	560.566758906437
734.817	11.7477142256675	24.6439618645273	11.5532362271123	12.4224855199451	3.35443898024522	7.99834385898177	1.16244753653382	14.9279843035996	2.29163914093111	14.9039561940215	0.887568972298759	29.1300442853107	0.36830864641067	-0.718220647070727	9.06304256891465	1.03482711507369	14.946582725684	1.53398082507154	-6.31147855678006	28.445118717674	-6.13565278167021	18.5896760301656	10.2726198505611	17.5039085129908	10.5619187244181	26.7763593916567	154.071572505488	800.677302667995	232.05300985881	14.1963945538667	12.2953983537513	-3.15863334697844	15.948059546476	12.6507964338558	32.9428523359802	84.0484637186812	32.0744911663122	22.4766023312839	14.3901081051373	9.90508040409074	19.0355043053924	13.7207006612444	40.4008087312306	39.7275122542617	20.2004080524951	39.1654263551468	32.3283903253249	43.0784589909954	0	-54.9929422374511	19.7327487625277	7.42895002562713	437.060540689412
739.563	-10.8506072025329	8.3099513905824	9.18285047818948	9.03224203787974	-15.2700908154947	-8.71352666308737	-0.940746385744362	-2.4823828700876	-6.02738300645469	-4.03844346489091	-13.1686951339253	-6.39064609526095	-0.372581360727882	-2.54293430275688	-5.99458059206442	8.37465638474014	6.63803852503044	1.9397204922606	-2.55387897276564	-17.0852203106712	14.1870443848153	-6.26844437702648	0	8.04862260273801	20.9873057432852	26.3448801442238	472.333086229743	609.29538060369	32.704416671779	0	-4.26446952868896	-1.06509211945524	0	0	47.336675140521	73.8467037203862	17.276752707002	8.02494751847342	7.98289641813246	-2.0039976639377	13.9073519134479	0	8.94020197699505	20.4595426892251	14.4746153664947	53.8422662425146	-10.9011429905642	27.5995318493059	-65.9896108508442	48.0448770258565	-87.8313327926706	-142.787519081443	-976.372270189955
744.31	-14.6221912466398	-13.9980298124482	-11.3903816870071	-28.9741211789995	-6.51631977472254	-12.5810128399296	-4.75403356818416	-6.89955594809884	-4.45172904873824	-9.79591324653866	-12.7045427386691	-29.4242767068376	-11.2969722081594	-27.1699288471932	-7.48425985338934	-3.87943179977569	-16.3998403813122	0	-11.6153555247525	-4.54419194821091	-8.51363900352595	-13.9380538620341	-30.248413118785	9.76163334413319	9.64170167251883	186.38628331148	703.688729818767	216.803815229347	3.30541572184724	-9.07166427612386	-30.8888615350287	-4.30592879511699	-19.5667179933348	0	49.7566085558866	8.47224218790494	-11.4990431997976	-11.2649530391387	0.474603846705629	-10.6334990224315	-11.8936035548713	-12.2747663418059	-3.22707441582229	-26.5864329452713	-30.1193667115811	14.3745804706585	-29.3805857386098	-29.3628219299395	-22.2317675900926	46.0029488475687	-225.961526668211	-265.842475485521	-502.716352463737
749.058	6.33069842218185	-11.7842410869429	5.54030681846109	18.4442582546144	-8.66173209115202	6.6725349894484	2.88157179878406	-6.12521235024185	2.36696084266132	-4.67312396454216	-6.11161087005094	13.0499965014783	-4.56497078530493	4.45096293995894	-2.52024959658928	7.48187902531584	13.1786504764437	7.92199889041515	-2.60756981086038	12.3947103660281	2.71599415812761	5.12018196410963	26.3134467764858	5.75248156987896	38.1817392587781	586.468197706968	559.215960911873	37.9286817208733	2.96817509554991	3.29917551963352	8.70824508203019	-4.34993527272624	11.713593677108	36.2131579906004	73.8510605854391	23.2311053244526	-6.88388925336497	0.455203222367477	24.9316228397164	10.230641046901	2.73071724237453	1.18097277399178	13.0402201216302	0	29.5578376704472	34.2292224219951	38.3377704505812	-14.8314545940318	71.1200895988031	15.491032586542	-16.3050605323487	61.3850008011391	37.6188222368457
753.808	6.4526157034181	7.20670997285629	-5.21261783254003	-4.08683908551057	5.65026603086543	1.29543531363999	-4.65035358644912	6.88901777464829	9.40892172843805	1.4009174988065	1.55732723482348	-9.97598606892355	17.4483130911515	4.53668007009765	-6.23847746472467	-15.9782142001708	0.767568363761325	3.63355272439454	12.8459689287072	4.67904038932994	4.613831783478	4.78388807165816	11.679761906156	10.0513088363294	137.798116676612	945.684935338901	237.969857601805	7.58021890461294	9.07600960658573	12.3299418070006	-6.28713083658892	12.1926937028099	1.86549614730138	33.1053430905146	44.5334138113173	2.90788504220937	2.1926437325035	9.2793915142228	16.1266930552665	9.90628065645396	17.2564952972029	-5.41672234461616	11.9622150937137	11.4064094505032	14.1774426986657	22.2017170605101	13.865707019519	7.55854018275909	61.0439815135563	28.9471610688402	253.440743809642	39.104474904371	-805.209082056385
758.558	16.4248377435387	5.87019205405109	14.5953279505725	22.0540668360521	-5.39343502486319	1.64873562999544	8.47298758574407	6.5758797107474	8.10614685067596	12.55221908601	6.02543982910219	8.65257125467731	7.50101115546399	0.384930377956275	6.35190346578655	-6.65538749100582	0.781524046143021	1.64427414104768	24.3549873160528	13.8159282929894	2.34885949831058	4.42806108528911	11.8921195998179	34.5399474960616	460.93951139145	818.977997463838	84.1253619539725	7.7180400192015	9.62606948863662	18.2605394379252	23.7229888573211	23.7001749566963	4.17871080291732	61.6029122003342	32.1013140469628	5.92151055515073	19.1995832414719	-0.472405322074715	24.8786415577919	23.8888266667488	32.3065838792498	27.5760372851562	46.0122312076621	20.9048348471117	33.3814287334682	54.8987838273073	106.525285093162	50.7933831356404	110.711569630924	2.6794062808016	228.436573854448	207.040391762601	1112.65239876725
763.31	26.2474276733011	4.49078879206708	4.06023792893493	11.0355814688045	13.9369212200732	13.4539579763253	4.06711724457614	12.5207311132526	5.26173387092637	10.1846224748938	19.4086558722836	13.8143007147741	4.02694100181159	-1.96318508961359	-0.381122004785087	0.377146339995701	11.1603916936451	4.61228332184209	14.7215379448974	17.9801310638621	7.66683424744097	30.2619885442343	30.5501588879492	108.304139901614	762.991800198051	366.955257876364	21.7489832065283	7.08530568590906	5.10577170855952	17.4619980679212	18.4365285074966	26.8607477904338	23.2493030009504	60.0698798758186	30.6975095544871	9.49152966365412	11.841473586711	13.4921720157835	7.61302006073096	38.9873627076338	25.4377043327471	35.0038994227309	47.6236335647225	13.4258241507128	42.3321264504507	12.0779795283665	86.4027578629788	124.030743826827	89.1537720478382	84.724559859295	211.435065475042	154.327879959613	457.953671700243
768.062	21.9835424831805	-12.5911184512569	5.9196565050628	3.85574729852873	-0.740384681189791	-10.8638618452526	-2.30915666799871	-3.15946739556331	2.52902873588162	0.881134743088771	-5.55056651092744	-3.48588531340943	-16.2584611828159	1.18893107298343	1.92343807555404	6.85214560341512	1.20694322396233	-8.46442513047902	11.6088017167136	7.35743727747472	-1.45098033490666	0.911794221995988	-4.08123169093214	342.440004133462	639.832343729427	65.5769502881478	-12.3732031236268	-5.95966058204987	9.91065205652836	-5.4834468463997	0	-6.58435382609558	46.5425130117512	47.4683698149947	17.7645624746572	-1.30640839805837	-10.1134484170919	4.86371387850621	16.9053371025651	-1.09311420483879	-5.25184534188655	-6.94009260879237	34.1360839173085	24.7114316746947	50.1591528700323	17.7323284475917	35.6772698882795	-33.2786524360994	-73.9900146360124	74.4827275304954	13.0661117888103	-147.573193187347	-361.751545099628
772.815	9.0131447176173	7.04653524030402	22.7534078047549	0	-6.28926134442163	11.5355010865239	-1.02563816441024	-0.225532499940241	12.1316058822075	-2.93524503888325	-0.978887845392983	3.48366500783985	13.4046870305706	7.92115862170052	5.76663887315394	10.271671779655	4.0205815718156	3.38361351420244	11.1373512838136	-4.90183401278654	17.884025789407	2.27803365568219	101.965804611351	567.298594294476	293.295048496015	29.5312855343305	5.58433901973156	4.76469170076819	-15.4507696970327	19.9626903388919	5.03673075941479	11.2249787840478	39.4773082586808	31.0939037660652	20.6433110288242	6.09268936326336	5.97232216483708	14.5818479295796	8.70326301864242	17.478687277844	8.16433367992548	25.2206260898273	6.26589940838612	23.1024214870597	-10.2110971958644	16.6134693646105	55.4626264093372	50.6780280016082	151.882687454648	154.384297674056	108.814911982581	8.19328875961481	20.0845072483815
777.57	-7.47246005225403	-11.2988478740499	-20.8955038727224	-6.98993626573423	-12.0799347043714	-1.38478205424525	-13.3434534710095	-4.8327276020296	-3.61051355122654	1.49753939189317	-23.6392622172855	-16.5884976361606	-21.1386283333066	-5.2537082869671	-5.88418939950314	-1.55274896612386	-9.84609467737696	3.88416044623423	-14.6789928235845	-32.0112374594524	-14.3029443651886	0.46489408417369	272.364948004687	539.018358983614	56.8832367587897	-0.825568998990523	-15.873483153348	-12.9648478726289	-13.3402306974774	-15.1773650010138	-13.836852651838	0.789916916626832	39.0855405692488	17.0841677005369	8.84692884907629	-13.7659625053864	4.68774266094769	-28.2702763445972	-1.56717801218951	12.2615508277221	10.1159231170942	-19.3010535189056	0	20.3218575049847	-7.57763356359244	-29.3836885383621	-35.0338912224315	-54.9430208517069	8.1567764547547	137.839937497378	-173.21157132614	-183.926721681562	-245.927058540845
782.325	11.089489724037	51.6278913448598	19.8028335446882	7.54118971904939	23.7653388093102	14.4126222593822	12.4862963881973	1.86939346930355	9.68903176985514	16.7266377870781	18.2560594510639	4.01047189344643	15.5720598084016	13.9520888015595	8.76305983792331	13.7958039472868	12.9137439720174	21.0345682144701	18.7515375341294	10.6654576593377	23.0368447395801	77.4168649026145	569.553380112942	285.9337553956	21.9830217952443	22.2145214744445	9.0921799252026	13.1645232963779	7.38855681937352	25.9555638733981	32.5156172636555	45.7187115450985	33.2079152257659	23.9557758728031	22.2440721767393	19.8397080561994	29.0356337575165	6.54690836987713	33.4176061862257	23.2030080575312	46.5248558222291	27.4376405852763	46.1660250945009	63.5553084054084	20.1976396652187	6.88528507884824	84.8290163135822	121.42358434047	318.872452388241	48.5585400711692	211.957049121921	93.3797155273663	686.715296526189
787.081	34.7606091857813	30.5228773774795	23.7233245382874	10.4765961932932	4.32958658552136	5.41441861550459	13.9125706021525	0	4.57118713473693	3.12282312288711	3.81862832982458	11.5306803219094	10.3718685547803	3.79231363627189	2.4540633542849	15.3802710687116	5.13302225889659	13.4994179119942	15.798784613018	0.521508780251896	10.2848173363753	278.230699663804	543.85629015822	51.3462689685527	23.0155830631157	21.5195170619782	5.51683654092601	30.4150881159447	42.992104788589	30.8165230941481	32.97603189648	55.5935392212408	47.821921603696	11.8752210502394	10.9812653049044	6.94504850487932	3.42137705308431	18.0993249853556	25.0549789640925	20.9201290093815	-0.620434207144412	12.7453714459082	19.2582704254139	31.359147863819	34.5661327134308	21.2101922378193	60.4119174788444	97.7238899885143	146.705634912882	123.187718963999	157.445534360376	296.374068457851	-42.7360324716892
791.838	8.38229355808779	-11.2342829061053	-6.7714698793124	21.3877782214696	6.2914271486058	1.80304273661097	5.99563700262077	-9.58843203529917	-1.88041438405919	3.43174900809333	-10.0574561599889	13.9878595446244	5.18086712280488	6.31434697092916	7.76360741443793	10.1087125463788	-2.13666950184259	-17.53209599374	6.90521461305248	7.29398902700558	89.3904823358845	542.842964202461	313.086151419287	3.73062536326974	-2.65304938080488	9.0293659815687	9.32706256837365	14.3486467844486	5.89511140560612	9.98478239966232	23.0606678080217	37.0261460051566	5.81611069627292	2.54220381892809	-7.45996417857689	3.23785584601555	14.1604267369202	6.71603779265206	18.5008027582937	35.4133602887404	-17.975011521163	12.7329179970389	-3.699894855832	12.7007460698303	3.94655523319345	4.70877063291845	2.80711112782304	84.1624175744425	91.3359195145823	-26.3715755917658	-226.685089839275	-130.625507029968	-1280.82825821959
796.596	-31.1056122747481	-25.6128359024913	-9.85413842233569	0.463555311579121	-29.6411232185432	-1.46936521815602	-23.3198463205092	-2.19767698425146	-19.7025196194204	-7.62724717936585	-23.3167401831375	-10.8963097719819	-18.471588529539	-3.4305276024281	-10.4059976010505	-10.7093456015783	-13.4946861399283	-29.3077821333372	-17.5853467902838	19.1061559524705	236.021910706858	569.749998269652	59.8610154556293	-34.6775382351007	-0.900861084027968	-31.9738232116597	-13.388060022123	-22.354714053758	-11.1524703341634	14.4092052473824	31.0419732327318	19.6968875468223	-14.3885586931215	-3.45289085790752	-6.70521684440337	-16.9627287665356	-18.9014746305217	-2.1050553421057	-3.325804020511	-11.236334292127	-9.47100762316247	2.73066283872424	-19.5986642803493	2.5875751778793	-46.2327549456671	-44.3693449010605	-17.1571284930053	27.4348081825842	69.2399707413768	-80.5918416457238	-65.9764066995346	-549.999338602527	-652.371008339451
801.355	12.109761841405	7.9973834273931	4.67864976515889	16.0066607676918	5.87829052097818	5.39085776359028	-0.479308997482961	-0.421590226250376	8.74037737496132	0.823032569832046	7.01440635785189	9.04451513655258	7.21352837013627	14.436925853096	-2.15592749415837	4.62244897767653	1.87892864107054	16.6031869768563	9.975850147502	44.4407868424471	413.367246462749	287.012910490995	21.1784143686073	21.3239635084858	1.5553459760529	4.91534775889946	6.71069730612194	-1.48444788273117	-2.22171407806327	19.3899267313454	28.2456381362316	17.3652153222709	16.0742322882597	16.3939923604596	2.70121278248298	14.236408764879	-3.43511488230805	8.63169955688354	12.9195788144779	18.3786132635555	27.2529876452346	-6.48246173413153	5.20573792630243	13.4024258967457	14.749593483214	-27.9501565365397	80.2261409619262	136.178629971841	119.54352539362	-36.0740198215094	56.9544741658334	130.184292436502	544.390557368154
806.114	20.5339439919476	14.1130295777525	11.9092903113135	23.6098246323453	9.68189026984641	14.9041361699261	8.14825295721034	6.9562387331312	13.9373585168302	8.23032569832046	6.40445797890824	16.2801272457946	25.057519601526	12.2158603372351	21.9185961906101	22.4010988918171	19.1650721389195	31.6251180511549	27.3251547518533	197.005549920126	462.609902052301	107.310465050046	33.0383264150274	12.3022866395111	10.1097488443439	1.13431102128449	16.7767432653049	10.3911351791182	14.8114271870885	34.0238336983986	45.6275692969896	19.1740919183407	38.3589634151653	12.2954942703447	18.5226019370261	10.168863403485	27.0515296981759	39.5240979709931	1.43550875716421	31.6520561761233	16.3517925871408	35.358882186172	67.6745930419315	58.077178885898	23.425824943928	-3.10557294850441	99.974114121785	213.149159955925	134.486466067822	100.491912359919	158.658892319107	145.500091546679	506.846380997936
810.875	14.7423187634496	-15.9947668547862	-25.094576013125	-2.80116563434606	15.9059625861762	-1.90265568126716	2.39654498741481	-5.90226316750526	6.85056605064536	10.6994234078166	1.52487094735911	-0.361780605462103	9.11182530964581	3.70177585976821	2.87456999221116	8.53375195878745	8.64307174892448	-6.32502361023097	55.5177747339241	365.147496014746	295.907701019782	26.8276162625114	6.77709259795434	3.28060977053628	12.05393131441	13.2336285816524	22.7418075374132	5.93779153092469	23.6982834993416	27.4385755632247	27.5213910045334	-0.723550638427953	-0.730646922193625	23.4732163342945	17.7508268563167	6.91482711436981	31.7748126613495	2.27149988339041	12.9195788144779	7.65775552648144	5.45059752904693	-1.17862940620573	26.0286896315121	15.6361635462033	-33.837302696785	45.5484032447314	134.533067151538	112.495389976738	93.3933792137655	-23.1904413138274	-85.43171124875	-222.079087097562	225.265058221305
815.635	22.6399895295833	4.23390887332576	16.5879400764724	23.209658113153	11.065017451253	8.24484128549102	6.71032596476146	3.372721810003	1.18113207769748	11.2481117877046	22.2631158314429	10.1298569529389	9.11182530964581	-2.59124310183775	20.4813111945045	14.934065927878	5.26100019499751	24.1141525140056	143.565495601007	450.822002607917	102.55121852136	22.5692644748112	2.96497801160502	17.6332775166325	15.553459760529	27.9796718583508	10.0660459591829	4.08223167751072	13.3302844683796	37.6823104401619	27.1592674386843	10.1297089379913	23.0153780490992	20.4924904505746	14.2778389931243	13.4228996926002	33.062980742215	22.260698857226	24.4036488717915	4.59465331588886	29.4332266568534	27.1084763427319	29.2822758354512	16.3807427626892	45.1164035957133	41.4076393133922	156.749536956379	57.727897488063	54.168159943984	56.6877454338004	-56.9544741658334	99.5526942161486	0
820.397	-7.37115938172478	-17.4060698125615	-11.4839585144809	-11.6048290565765	-19.0179987443412	-12.6843712084477	-2.87585398489777	1.26477067875113	-4.48830189525041	-9.60204664804054	2.74476770524639	-8.32095392562838	-1.51863755160764	-8.88426206344371	-1.79660624513198	0	2.63050009749876	11.4641052935436	320.094669950281	282.221904071623	19.4260017463368	11.4975498267906	-4.65925116109361	-10.2519055329259	-10.8874218323703	-5.29345143266096	-10.8116789931965	7.79335138433865	4.81371383580376	7.68280115770291	0	-10.4914842572053	12.0556742161948	-4.09849809011491	-0.385887540354711	-4.88105443367281	0	3.63439981342465	-3.82802335243789	-11.2313747721728	5.45059752904693	5.3038323279258	11.0621930933927	-4.46747529891523	41.6459110114276	19.6686286738613	60.4781678020675	-45.8862774905116	46.6966896068828	-2.57671570153638	-32.5454138090476	-176.131689767032	-375.441763702175
825.159	9.47720491936044	21.6399786858872	14.8866128891419	-1.20049955757688	13.4854900187146	-5.70796704380147	7.66894395972738	2.52954135750225	8.97660379050081	3.84081865921622	1.82984513683093	9.40629574201469	-1.89829693950954	-3.33159827379139	2.87456999221116	6.7558869673734	17.6619292260631	95.270668129104	402.070134205841	120.494092160449	2.7106048948377	15.7559016144908	7.20066088532649	-19.2735824019007	8.16556637427775	2.26862204256898	16.7767432653049	9.27779926706982	19.6251410228923	11.3412778994662	21.7274139509474	10.1297089379913	17.9008495937438	13.4132664767397	2.31532524212827	15.8634269094366	34.3511488230805	4.99729974345889	24.4036488717915	14.2944769827654	19.6221511045689	31.8229939675548	24.0765379091487	14.8915843297174	6.07336202249986	114.906199094663	77.7576443169439	53.2872899889812	61.6396302810852	82.4549024491643	195.272482854286	137.84219199159	431.758028257501
