Wavelength	500	495	490	485	480	475	470	465	460	455	450	445	440	435	430	425	420	415	410	405	400	395	390	385	380	375	370	365	360	355	350	345	340	335	330	325	320	315	310	305	300	295	290	285	280	275	270	265	260	255	250	245	240
248.336	20.4788099644579	16.4191224945411	38.6013414565874	21.5520091111194	23.4422153598817	8.52594689189229	3.34589472779533	2.73305059700254	15.7711163851484	16.4100222268712	14.5880643501002	14.7871902038458	18.9175557291233	19.1661541924227	0	18.4128653589418	17.2200736206955	9.84605589342535	10.8061342430288	15.989914098385	13.9608914887632	22.4943840896933	9.28321435365906	15.5318568219571	1.55102946372983	11.3041225376975	5.57892915019262	9.63748024404598	29.2163818829332	21.9327622511425	15.1844003346399	12.9992056103763	18.9582226857925	26.0306227506484	27.7558043516114	51.5857377220757	50.1573693281895	63.5149768290263	54.9080791020625	60.1104684996234	84.8405063547082	131.689825004971	368.551316687183	717.593085139972	953.988393328156	1021.8597559904	1021.09101677528	1001.38782637566	1126.76951828119	2779.57958349119	58049.4795013747	181714.542103515	61689.5406874409
252.814	-22.6408243736169	-5.61864411528287	13.2094270013022	5.25819046752695	3.71605278511714	-12.8590060953833	-10.3047239924302	5.53957729527665	-2.25541906491741	-4.2584435775555	-14.1961528331127	1.29590356120538	6.7972916255865	1.32434920456018	1.71379522674009	-6.36149102917812	7.17375897387499	-6.60389181483709	0.517702158755632	-1.09435369378162	-15.6422449270561	-10.674982155985	-20.2155385374618	6.36403794325943	-5.57302419816223	-4.96429879539442	-7.12736821424719	-3.99560261292672	-13.2883244113551	1.31344823568793	-13.4233117004951	-6.48716878384528	22.7063457427811	24.9415920414977	18.0067590931506	39.4058382038642	71.8830590309326	70.0950653233275	56.6139205520049	85.4172858327034	127.668674984441	352.065794659177	747.608670667147	1104.77166212958	1197.49866727229	1194.21591233035	1209.70408268674	1273.55417565462	2522.85300126092	52773.5423411204	199553.902006937	79138.6016576338	3302.28554989054
257.296	-12.4449698043581	1.11182295630277	7.03740885825925	11.3508657322576	21.2430477338611	-4.49038778293286	7.92986896309609	13.7022141791057	-1.11576149023093	0	11.8848612391104	4.70130286724622	17.9340655027557	-20.5283117617747	6.35864110316083	11.329364265988	9.75941072385093	10.2675945693717	16.3909479318367	14.0758677211561	0	16.0942950113953	-6.5004405792692	26.6395088744222	11.4874545953877	16.0746618335696	4.84814962673504	24.5981203746076	10.0797769013526	29.022888000545	16.708470822637	17.971624894234	28.0822160255527	22.914669852695	25.5819173056103	60.6485207303284	71.1214605873242	95.1579587428625	82.0408507310611	117.713550601328	345.43567369109	682.737913467435	1018.03183508359	1197.71260788842	1226.83306258556	1208.47254506633	1284.35776017425	2308.65529575522	39918.1123693549	177386.519699531	85252.0109505247	4025.36486766931	6245.65118793747
261.781	20.2054065311768	27.6411103145903	24.9939323878991	39.833603868388	23.6288235943145	12.5305549236745	16.9556230972172	11.1233218006335	11.8881542096809	6.90644757033504	10.2327407192316	15.6128363940316	6.36942985186886	39.0024430935701	30.1109776836488	27.2505651422326	14.4047145356438	31.256743532657	18.7115754924784	31.3134159925603	40.6153524899649	9.18646125154872	39.070046543107	13.2703094892501	35.9027973134898	38.0603163388332	22.3618174086239	27.6349923016065	17.3436880615578	28.1319320764558	26.9536478536238	34.3019578739441	28.9344823967154	50.9763663344999	59.3347062114999	78.6374290596636	93.8205084515919	84.5585081309657	121.143013065727	273.199858378916	628.462757716003	999.611208803438	1188.30258078408	1196.62495198194	1244.91366618007	1277.17080208387	2087.32888204945	29727.7324605156	141137.529413973	94893.4927058698	5233.17134656612	3836.85410517202	22869.8398723972
266.271	7.70649229971171	4.01620000574627	10.8947104791499	5.85747767544279	-3.79461432604	13.9032634935656	11.9840465549521	3.3425896624609	10.3639552380855	0	16.7264717213245	-2.64660084389043	16.6583856617048	25.6946013264883	6.12509375772679	8.66130681852279	11.903808016298	-11.0786162198949	16.3880559283807	23.4672808300811	9.36344735244122	8.82434648176558	-7.74109417088597	9.99781672708528	16.1240585839259	18.4336351373026	9.09756100648742	12.2402224561215	12.2123290993363	16.9887361343333	31.3936706302085	27.3805013297061	42.8056310101552	62.7626104171166	66.4776758620716	75.5100758567937	91.7534348175834	114.856042378195	243.506107885327	567.573194610531	905.257585353823	1186.37924478913	1206.22579946939	1267.89582271806	1269.35827446029	1970.5814848428	21732.4773993816	113616.010489628	96154.9430104345	6535.07507445925	2487.51543123801	14965.4718529916	30991.2009522048
270.764	-10.9239794442482	12.6297985473387	9.8629413350969	8.30299482996609	-4.64060141204682	-11.5928964753492	2.6321982152792	14.9219010952982	-3.74475000701928	-1.00408624474124	16.364432665713	8.38585304192597	14.8162002788835	0	7.00424192320813	13.8662765042821	-5.03920122943681	7.22945220977444	-0.528959222711365	14.5359452394993	-3.30669814739025	3.63570067472771	19.1059776704085	14.0052110289377	1.89806854395277	0	8.64778795221131	13.1546711179868	8.14636172504512	23.2614759894214	12.3879153847745	37.118074779116	21.8616129277192	51.4229284825852	52.836152831537	94.9404172347234	91.8076310578636	207.085067592029	480.872663894513	863.395384959575	1112.77348953836	1165.49673366154	1210.9084757272	1269.55285482855	1771.80072921685	15664.0713432865	94766.1514530466	95945.7381216271	7480.14705381037	1949.10567396556	8833.16340314167	27267.6328174318	9686.16712624207
275.26	1.88702340061475	3.93365131510002	8.1301191398882	6.21517378506009	-9.49802912341302	-10.5913863998522	-1.14514412783493	-8.05879707355451	7.6132014267721	-0.982867774069749	1.82029744505398	-15.1211829852706	8.15799519095815	3.97365415413488	-1.71405686119217	-1.27249243968501	-5.38114061026064	-3.77422856565914	15.5334357936742	-9.30342647657267	16.1841030323226	3.05046052545109	-12.1311748307557	6.3650095013279	11.1477499941697	9.93011332799592	3.56422815259891	2.66414173114162	10.6322824457183	23.6456775298133	35.0791689442108	40.2265866651042	38.4319898418598	62.3634992978488	41.5604032453908	86.1221995862712	145.328652361223	459.763397600194	787.568382489242	1037.36824377775	1112.05968510562	1121.14862285224	1212.5234650223	1637.40955012921	11297.1616601137	77764.4741367502	92685.4369235853	8949.8063993172	1735.70228146172	5022.12975078363	22725.0248629158	13277.1247789886	831.314411586185
279.76	-9.78479770581161	-4.37082728328129	-1.48208809750471	9.29642045490971	0.401496254801347	0	-11.1336095824374	-3.18302047047466	4.66045495954024	7.96323784466982	3.89350626580108	-2.52025690077574	-1.321928702012	3.00484056738962	-5.41607192928189	7.83544009404869	-3.48785899268491	-1.37605344723216	6.54433408616384	-2.12828526073125	-8.391956038791	8.40308812220216	14.7430966394251	-2.38013475448085	17.6123141492754	16.2371231945623	13.4280528125816	3.88529878281206	14.6443472364393	14.900535780788	45.0530183853483	37.4279532861495	45.4328325433508	58.9002565353839	66.446911015333	121.576827897651	375.954791834617	730.738598975617	989.250134925841	1066.71782612537	1031.15704631319	1063.32841053775	1421.44541412617	8795.55614750935	63414.6451350843	75679.4712414315	11065.3245805835	2050.82507946588	3251.42026170467	17149.4341034721	16638.0984770143	1760.26659884341	-21.8443649188632
284.264	-4.65622220867804	1.5599359086358	0.940360986133969	-7.52049670970762	2.674800408061	-11.9003950336188	3.7086502175506	2.79633480128022	2.0872824571184	-3.03152756102986	-9.43231001445343	-17.5896857640649	0.419371216837821	0.40854061295824	0.396508875834881	-9.41960903522347	-12.8630058769065	2.18270927819825	0	-4.55747397944661	2.99506540070268	-9.40874795237956	8.88654410757821	-2.26523565160225	11.1747291739257	6.68250337312504	5.35928115631476	11.5040771673744	23.7755699574978	11.7501572984121	26.0474560339254	37.6223368890702	54.9587424837255	51.1106972234378	73.4942513058726	298.499120063385	665.243326231997	981.090295204615	1043.10646392075	1011.83503515584	1021.1643896566	1191.19810999913	5852.89750600497	51786.0986660025	60357.188525285	12825.2345313877	2284.04563320633	2594.25738685731	12423.2578879572	18582.4307827075	3262.37794525794	473.819715155968	353.427376256852
288.772	0	6.88215392763358	18.2246547357998	-5.43690572059371	-3.97371642562768	-2.97807626992755	7.26267620868405	-4.1857411548624	-7.15319525097367	-2.29277983560052	7.00637795685414	13.6056329614548	7.92938419855865	6.95214124316493	2.99884311407021	-4.45260046717668	-7.84551786188506	8.66674523857463	2.71766579174699	-4.30858875228214	11.7979326888955	-8.00543968109331	-6.63256331558678	17.1322428060416	-0.406325898324978	14.2145315038239	12.4716528306562	-2.33053618763393	16.2765770820978	39.4542464379467	41.2942231708628	40.8650952467062	36.6758305313324	62.3477734267065	235.103315327249	538.006405463485	956.398745407229	1025.44577739658	945.115348091713	938.429008138429	1056.01119065906	3777.64198088269	42860.0551865193	49017.9185164617	14254.6161351258	2194.58595634178	2480.30950983374	8472.0012674238	18522.77862177	6070.33761749018	944.408932169086	879.890504739747	963.070745702015
293.283	4.74690309419466	15.0785515274262	23.0081930355637	16.4363585437034	4.50153714951283	6.02643126358058	3.36077950540458	8.44679702776882	0.236436968046931	-0.549434166045846	6.10540075723944	6.15854999448071	13.3011995688446	-1.85109789089559	4.31179698956993	1.06700642880427	7.89631044646598	3.95594309418047	0.434168286227606	5.04775792115557	21.7130305109786	11.0840718497271	10.596036704621	19.2959154405615	9.34757688102743	19.3024984201235	24.6564910171798	36.4874889155329	44.2052702655296	32.311156309066	41.7612935921648	47.8757941613896	56.0290753011791	205.436191485652	435.226549228395	815.171816698517	1025.69536579872	981.570629136495	902.580147681848	917.94844780814	2411.77677666429	37180.0924034843	41035.1375908474	14695.2270302624	1779.20208284188	2273.64407870058	5713.8907976943	17223.7595209261	9029.93785608269	1548.21350049857	897.104617848173	751.407146926334	678.231429884217
297.797	-1.53182443233981	-10.4919778032198	0	8.53816044342274	-7.37496643477822	-9.82599334826004	0	-4.29310235399825	1.14447225014633	-3.98930100598913	7.68382401493555	-16.132707607395	-4.41493071340089	-9.31864163786114	11.1313264161471	-2.06593623422177	0	-0.382974551894007	1.68127195873178	0.444248238869633	3.50339473724811	0	-18.0541066174659	-2.3847269554546	2.63940311603656	11.7250096493167	18.4449461520385	23.0684149786339	24.0947138208749	29.5031102015786	31.6401470269775	38.2726416269922	148.898799256154	393.064381384419	668.750007149913	902.921052950914	937.531724870865	945.846188012407	864.501429020985	1820.92155478444	29611.4734959962	35954.0018567708	17066.0265794175	1454.03362569929	1627.40698747339	3580.19629591587	14192.7034870406	11713.7483799679	2238.44183780356	1176.57709076407	844.80031229886	883.315981813687	91.1937964659522
302.315	-9.52400775401561	-1.34347374545514	-2.02468301602552	4.57194796258602	-1.97454492621996	-7.23462677108695	-1.8251571090738	-1.00346066789904	4.94352056622957	-3.65520706975752	-13.0555441343242	4.13151257468125	16.6141787940761	10.5555026541098	-2.04892750365605	-7.43646854193306	0	9.77511030006534	9.07776761773053	-10.0307164238796	0.42990994154412	12.1547357634851	19.3349460959403	14.826867580554	20.3586406389322	-1.79850494698373	25.2083236565876	19.4616148169315	37.0693243809208	35.9422562136029	42.1050527790903	111.33785886059	323.670602036701	604.897986747563	825.791111783012	860.029794541023	892.955189064388	883.06234154987	1416.13838289432	23328.2392671983	32648.6750441641	21046.7315729052	1272.88007423096	1217.73749415229	2138.42179924082	10144.9676237101	13559.50846877	3357.7390928888	1541.43367676336	1042.23778230593	1065.74029900542	874.437501658689	752.008906206755
306.837	2.499366553915	6.69873809549523	10.095337773912	9.87841325979607	19.0343290560599	6.01213460281796	-2.50263067067643	-1.6010841092804	6.49838552004652	4.16579354024847	0.289318545866216	13.7335127288048	10.8052821817884	17.8945858190618	7.8324384011185	20.5621114833193	10.690998473165	8.24830686109339	-2.8803696778973	0.869817062393029	7.28819895699971	21.4138101027222	10.8457428348375	8.56016829805549	15.1343493221657	15.7829477602619	43.5496369744453	38.1095437098351	36.9665125566886	52.1979179338048	89.1390414584329	294.587947737668	542.813782163569	806.063747708505	829.739421217219	856.484476553057	868.441068258259	1245.12396278544	17943.7575944951	30428.5258403413	25923.4878397818	1291.69460996247	1022.89205287113	1332.33458046937	6260.79562809367	13757.3566833059	4991.36867421419	1771.78788896013	1517.65592049109	1115.15833706381	985.491050996198	792.077791929838	2481.8887136101
311.362	0	4.01416387527202	-2.01651612701794	4.17404740973284	7.53855772992248	-5.10385667994048	-4.99893636093084	-9.1946000205467	-2.23799094097106	3.12039702529053	-6.93487065000135	0	0	14.367664594985	-13.2643083336094	-14.8129446675623	-9.60973975615502	-5.24228966107443	-9.45211236956533	-7.38410218250945	13.2734507210496	5.24580665064141	5.61661200301033	15.544274729581	15.4838885674302	20.4202543786148	31.1180912124423	35.2420240380877	50.9844846344009	74.3749255773885	233.393533692279	494.708056894858	758.771007865085	793.731386198574	786.175142152831	790.909090661127	1088.66300992002	14119.8844870981	28494.0584175343	28687.6644787179	1484.50797917672	821.101202721736	961.142485794751	3766.88517697363	11832.2920700648	6558.40530708976	1950.98126798373	1599.88537302707	1315.64651348245	964.760775978618	694.761684069681	413.682399836633	-89.1637566299513
315.89	-6.4835899218354	-7.12908771994883	-9.26661070216717	-35.6331267816273	-25.5397368813155	-16.1958854362092	-0.680985036200674	-12.5798929751453	-10.2843664511745	-8.05288857670118	-7.79385415160796	-4.795809408825	-2.15614689516779	-14.353161388335	-6.45557587050652	-13.7890379814986	-1.77778506662617	-4.1147840772989	-3.69491912123777	-14.3193763446828	-11.9768212072622	-12.8997202608271	6.01172400521162	-6.59964812046577	1.47316748633757	16.4628685653082	16.9563706683035	23.9403856918984	49.8792325674467	211.442093682736	422.706070878764	698.614215769847	744.500191547665	762.908312017147	763.412835675104	926.296796568096	9621.13499334092	27049.1156178733	28467.109522695	1761.65500406224	749.511228159703	730.930233634503	2045.45043917514	9491.93397085822	7933.08097332339	1987.20159474559	1538.87808628987	1354.53766134162	1128.58031566294	917.427543278841	802.025314277115	500.26793374014	0
320.422	4.49582411971099	5.80165561319323	22.5982977558978	13.2888910579378	3.6075230815768	15.6210023299023	6.13867577093854	4.40001031872841	6.71793168710389	15.8713711803293	2.31298658853752	5.48969832890069	10.0781250690935	4.20764968520838	20.4186608830431	4.04227610575967	12.8205414619049	17.2348224769006	9.45768576555208	0.869230139469911	20.1361301791211	14.1316533539557	30.5081578435091	24.8855045471788	28.7727487791792	35.4876704207195	48.4737756855585	56.4204869451155	195.966226942886	402.696017419431	683.39676187067	760.190470040155	764.420915506087	754.577876972471	837.247630621889	6709.30267617668	25608.2499034876	27100.6132813842	2407.35963620469	683.788533659139	625.506243487665	1093.95572966718	6725.17454621506	8684.68734827543	2360.61314584961	1489.59558490016	1493.35730953002	1367.92990346904	1141.01742585997	1011.76322063455	973.239886085969	827.852651644739	1534.5209042454
324.958	5.6700532362126	-15.6572381758803	5.82966210424605	-20.3728453386852	-3.72251765615799	3.71975595262037	-6.56895989942996	-3.50838772932637	-10.1670428261061	1.07392079674606	2.08837658613362	-12.3915087876298	-4.45687656389807	-17.0052818519014	-4.21390654659416	-24.6791799675448	-6.98208474200796	13.9180736834879	6.78898227568198	-0.896938001025101	-9.28378544180024	16.6652783027473	36.4512740466169	12.8393814764981	14.844959120799	26.2620299997142	47.8283308896537	155.007993426269	360.861099508813	646.623091563835	775.450604207717	752.521043336077	746.199026916569	794.327780494032	4527.4333736697	25001.6451655048	26387.0932029305	3414.06091481083	663.2071392281	628.075839349297	699.899507058425	4192.12650874126	9142.75149845607	3055.89254259385	1344.86006673774	1411.4372010767	1396.04217784206	1336.25264133131	1056.72479058166	1023.84031938016	777.108425494233	629.441142836035	1104.72264402693
329.496	-4.71986967845599	6.5592974140157	5.93111616039145	1.59441504051155	5.50880133246334	-11.0380991886454	8.35410001466785	1.88970589573315	-1.41054281607167	-4.09728870987333	15.1765768844948	2.88163638039677	12.0918398083495	1.10433357922688	3.57270123750399	1.06092987155983	12.3378220221344	-1.57336566510107	9.92900146548965	13.2319384855393	10.3449091920157	13.1403616986327	19.8071023064296	21.2270926006993	36.7901069933597	67.7384876267482	155.639920055012	336.512673598707	618.673539284746	763.749870814316	753.560617022283	741.094393193218	758.82106814488	3355.53724852593	24141.098614122	25436.7507114164	5535.12739720556	679.199144476653	601.313405416122	586.094942330927	2326.8881328098	8264.77147133206	4274.4246667478	1272.53417708502	1265.47215107861	1376.21014739407	1352.76099055782	1327.1032514754	1155.09766080932	1018.56734354843	1046.06761928596	869.107982137562	262.254583924987
334.038	-12.1392732080881	-21.2187185980319	0.852738245414801	-8.82554276845145	6.58367040018454	-5.3957587194421	-3.84351836430461	-5.07154521975528	-3.54898067021678	0.274905013227646	-4.58218303388765	-8.33785578892859	-6.08470799443065	8.1504024874033	-6.47211994650734	-5.33868176665131	-3.38644808768726	1.58345972033018	-26.936848279016	11.9392260553396	14.0325918136916	12.7980626675837	17.3893879061401	20.1307800026989	40.5338761997572	108.319432485585	290.098878065161	563.334935272387	744.56913870494	745.502095427514	733.321229218925	711.006366044036	2290.70158541894	23383.0445465305	24240.1810881273	7205.20199767779	640.313176560098	566.818449624421	484.232927071401	1276.48326348152	6460.2210722806	5593.65199103872	1249.59672129232	1093.47908887678	1268.37481855197	1310.34058471195	1340.41841654694	1089.54359798744	1009.00477440262	862.428420797192	816.107558968737	997.446455695704	282.789749476204
338.584	-36.8594608547672	-23.0509489100132	-4.67912362607377	-14.8083460866368	-11.4081312258405	-20.5827332249983	-6.47081272146659	-10.7519026917371	-7.78955061147171	-13.7131981934897	-2.13336567203592	-32.1886408070422	2.65585210634325	-12.9363127926768	-13.6315028138662	-23.7905052851988	-5.25552416608305	-3.94941815017285	-9.53594769154874	-8.70447368704884	-1.80643474795907	5.10728757668585	29.1968244158579	18.4443402463047	86.7113103424434	240.316476149044	496.792054684622	716.279789059755	738.382560567464	711.872367967049	673.604367191567	1629.79940471503	22825.8135899371	23281.9047318344	7979.65149634186	598.354484255856	537.365439173452	490.430756891135	710.531180225651	4477.45114228846	6529.68852853688	1562.28731212351	901.827950266853	1028.42030717898	1149.19647795089	1206.88386451343	1284.24511408389	1091.43964430262	986.10796623454	893.906626356568	700.215855060106	535.834124142788	526.643252331473
343.133	18.4128237613522	-23.0298029308865	-4.67483119321495	21.9922130815078	22.795331764123	8.85827448541421	2.63383864242033	-3.37005155910444	8.48989614831864	1.64407419328964	-7.30768666747298	1.80669170171246	14.0251974743499	-4.43123847732526	17.2029446421779	1.7737821543208	-5.625753179367	20.9127141290212	23.8179995271487	47.6018321503668	31.5836080011135	29.7651804571129	41.0071583374878	96.6415813770889	222.600902899749	458.296490694935	685.257124241215	696.683026690857	722.513881690218	704.993410117664	1232.60108905633	19633.348673307	22854.1847407005	9677.302516227	586.666565252847	485.895072223811	487.050716152904	541.342485805111	2747.67324325014	6515.31156534187	2409.40404330972	716.225897374297	862.646366355589	1046.80712244099	1233.06145363407	1222.32254078763	1233.76567548548	1103.73643240047	1029.98532245624	949.708798488308	780.919262778536	1009.50313627253	1071.11169683153
347.685	15.3191865284492	28.3159245453413	14.9357366278167	9.63613423572746	16.99352270707	6.03573352084387	17.310688073691	12.0552653090277	5.44644431130079	14.0321976217151	12.5353910654015	-7.98219035978054	16.7473189550946	9.64056705025439	11.1560024925972	3.56217811593273	11.2978557216648	29.7153704602815	20.8722459917492	12.4090760977696	22.1995992796508	49.5283458295565	71.3152775808035	212.171516659609	415.829081195687	639.102872681379	672.365253052721	674.19600754465	697.958776490115	1037.02394950595	15684.6582527603	22740.5056863979	12045.040007248	613.144827887914	474.679347080604	468.691351810539	460.593429945611	1613.37425999692	5829.71548264194	3413.02863629106	705.774497079511	631.644984953532	861.630691051042	1060.82426811392	1158.09245280813	1218.01240252589	1153.45292006274	1099.38128246702	996.756198018929	1000.13911970772	775.96809002096	1167.24677750891	962.31097024033
352.24	9.63953202869474	3.34906267628256	9.95020842013273	21.1660921447231	3.8674593759854	2.89844260608295	5.36228946761446	-0.643233879594883	9.60264695120148	13.9466936025493	-6.50907183363114	18.7592432615858	6.17388217573419	15.4119938661429	14.2284389592149	-3.9724099008351	17.5621766221317	2.81166558304906	23.8049594615545	37.7403950463879	28.0171934880843	48.9125175754255	188.061749283393	365.163385317574	615.732398414128	644.069825275504	654.322754040567	675.172809415505	872.78250557391	13012.4962453469	23117.7402195025	14533.8529087369	649.948643341133	454.345962302884	470.214305201676	448.63971706107	924.703703519404	4551.49548618864	4460.92200544441	887.358898051921	511.945454373889	603.777617626707	819.906396234688	964.19424660728	1059.38525158634	1101.11105325334	1086.5446850352	952.0934554473	945.915614563613	801.70873492428	629.331671539904	833.006926504541	1052.09192996961
356.799	-10.288453911502	-7.25653950964091	1.74975564353117	-11.9357140773322	-2.13303212201173	0.651276280109627	-1.97165366544757	-8.02162675025667	-0.485483010359893	0.564084701157156	-0.940229978700864	-5.20698401784229	-19.1182221756415	1.14027419311746	-6.271257585307	-4.01667899869955	14.6695629587694	16.2457096116539	17.3840660479766	3.29786241274427	63.6250931903885	169.381357198836	354.206485859258	569.023178022234	590.204913337756	618.607344500889	640.903205199238	790.491298719497	9889.13406440068	23649.8917384304	17107.8103360699	779.735659650979	423.33977408259	422.595160510375	443.651467363598	574.693708533259	3020.32135212523	5051.3518044043	1418.5285308279	465.434137884321	477.270531465612	571.705409494326	780.866684258176	932.850144687185	1031.94688395234	984.587324376181	993.355113381782	883.619053847321	900.759734936737	770.905684078662	615.412630319777	818.674463990885	483.552996029144
361.361	-19.6296779701207	-14.1270168036236	7.9287381513159	-7.45996985492443	-0.357981269625998	-9.83718137680692	-5.45980941390653	-10.0422890240471	-1.46659246593922	0.284006633673748	-2.84033462260742	-6.36680119415071	-14.9296346344475	-19.1369271546161	-8.54373388317647	3.67695740673037	10.884431957739	3.2717705613942	4.03964707459427	23.7202168965386	134.683536264045	335.3925865765	530.190123569307	569.590664808049	587.067644963353	610.39471621964	702.912943149574	7748.26548690701	24096.2261272661	19143.3895671446	1012.51127173566	384.708904284221	397.894153561823	419.746059296286	438.735160593237	1860.09480361058	4915.04913531147	2218.43834883463	525.550968617549	451.748315188673	504.878338057803	578.739473468036	757.332349077507	903.129332798436	939.441688107977	965.720514928973	907.016686794148	814.731918327163	760.051168097715	765.604212392702	763.030334821725	610.355396399498	233.721935713618
365.926	1.09386745260557	-2.44312956173949	-2.20915203427129	2.90995744499685	-2.87259447922976	10.8539394526466	9.45937470961644	7.22624788397899	22.556414004282	7.12184509688334	17.727155561376	26.2962874341018	9.06394892192285	12.2850296276574	10.8054262882579	27.2925647510101	8.57816605042449	34.0482642049383	46.3726772847444	128.004418798861	292.705338358946	565.851930936221	593.780105579617	611.774182985765	607.034861402076	658.177846438062	6314.15360168025	24218.0552665372	22075.4308833977	1312.43547177014	351.714138623686	383.250819454361	413.159523371777	443.880157626621	1074.08760099282	4166.47289110938	3151.11027508011	702.201113025059	515.220057197547	505.125914499491	533.043771038694	612.961045614404	761.67226749395	826.273971071506	936.004036859038	898.787397463999	870.063065541829	832.580846083721	847.726477443619	711.750997845814	697.703985537765	993.862048580737	1836.41196022173
370.495	-15.7322492476407	-3.39259994058417	9.64131777693167	8.65896548333841	2.13694675209467	1.95741458902734	0	1.30319162860075	-7.29560983737505	-14.1279983269452	3.13985176074438	-4.09871007344196	-4.29972237008131	-1.5231558295719	9.60893755129098	-7.3164555938099	-4.64099531256524	5.69643354694268	91.5454834157153	244.961682158857	507.608539777724	589.757174293789	560.185079242696	567.956112230905	622.134411657983	4933.02683238998	24129.6595996277	23347.7380986838	1802.26201301357	329.692475785934	339.893186523328	383.495381964572	416.960206430705	675.395403222794	3088.95678900466	3796.07880599945	1023.97517997059	518.389202235139	490.317626756649	495.233985489371	521.971846361025	600.693877368976	759.507825303145	781.229558069427	841.726873232581	881.889805252738	833.76356731817	770.966951056596	677.290665560565	761.704393441151	754.949462951611	670.336913722065	-38.7552346227422
375.067	-10.8124469816543	0.965974763860019	-10.0448331527871	-26.7092224495616	-14.9070914415202	-21.7824912377638	6.64357569259127	-6.49350920698036	-0.96939664353937	2.25269187306181	7.8225856694762	6.31254678893318	1.55814867743717	3.79477054100273	4.78791630403598	-0.729124876467768	10.7916807685641	60.8229434657947	165.1042093241	399.337102877897	534.60701277533	533.540986095957	533.926488479661	568.524280425987	3986.22686839175	24331.8728306865	24017.0423066816	2303.52680502995	312.224572720911	299.577391309444	363.661063982946	369.905917957732	477.082749535286	2106.88056678694	4189.6195650505	1559.45265637465	586.580681716613	514.734869131706	539.260890140863	532.863164848763	569.447240576175	601.650764643447	714.136487232185	796.874566434993	848.622154516329	816.15229731866	784.026782354429	772.86599949173	621.267466391281	666.509400973258	631.136791239438	888.083554941836	579.325712316771
379.641	1.04158218940013	2.79162185346314	5.04853872105198	-3.5625416634754	-1.02573325033847	4.07141761909191	-0.71109714028612	-4.58722920783768	5.60302185113914	-2.98382978303338	2.10997793396645	4.29246229424104	1.12574418649839	6.94558252044403	3.90270241366791	13.3451995120561	62.3749045963421	146.870161878317	335.243636752241	485.278440791827	496.236788026575	518.178906524893	534.010519943104	3235.34451390206	24114.9113196106	23433.718822857	2751.46273148358	289.694207040186	277.663415255101	325.205561504754	358.209651887667	404.326023644906	1310.4061000067	3800.28186021565	2318.48320476667	663.905967942873	544.229775331172	561.097071808955	565.887050781815	572.428773717322	596.564245715482	636.139544080579	725.265447922398	755.13147429638	791.75847353501	809.759450018475	716.222408635022	724.037687488809	722.237298632202	749.070377885752	845.542417003617	787.368938566654	874.317078185366
384.219	-16.5383916447758	-1.38518040170449	-3.75756670892161	1.57129300983386	0.339307081528703	-2.48640591870077	1.64658995593631	2.4830687862843	-0.231681213344726	-6.19140109891254	-11.3669307614929	6.38965621829698	4.09629181638495	5.80436616388926	-3.52089031906879	30.6693019257712	120.48364833749	264.756222991212	409.268770468001	465.394901358331	455.223932646943	520.498478248225	2653.03995330926	23960.1958750699	23957.5853810215	3500.98928216509	291.02473383013	230.209211359512	311.948820675254	353.670456826503	363.66577894733	784.723333469064	3142.69621479439	3076.29104277025	874.192308029458	575.294078286253	591.139811704849	604.155995814289	569.09626909319	613.695174403021	613.967321541529	645.182018040854	730.598608704829	732.581401974802	766.149059686812	774.130640424856	745.882229358684	656.106217048051	780.894743159791	639.698833016756	791.154019903815	796.398711142947	1107.64884401745
388.801	9.49242255391182	0.446339426682701	2.01796840387278	-8.35410704258946	-0.327999431812372	2.70398775801782	7.04902877517997	3.6004781305311	6.94276843821052	6.50550897350417	4.62657672115671	10.9808291239268	3.59979998128862	-0.350683220935367	16.6774153157476	79.1715684578914	217.977640372361	317.012220287375	354.092602541898	414.676871765775	443.481145042928	1960.51795355203	21917.7521145054	24416.6428215811	4126.47670391711	276.051225692284	224.353163455092	275.791107320319	325.128219035479	347.101087631893	514.592320988178	2178.83279107136	3425.42713385135	1187.03191402095	609.586995106138	564.237742482965	586.531211335787	638.84158185868	616.001050117726	602.936865152635	621.965755642914	636.546034508418	677.23533833733	718.052298344077	734.856246277975	766.009324741432	708.14972426146	750.705621329671	634.375050947582	752.810939542099	903.840658775978	704.49284261437	1338.41957353394
393.385	-0.956111383797511	21.3545432813389	-0.3861885466059	-1.09006812724126	1.25541731591122	-4.88726811281657	0.652745484448979	2.10540373593945	4.9289436658374	8.96393717772339	4.42705380390297	1.97011436342295	-0.688911441912467	16.1068738026457	57.3192321182976	151.836898998942	284.919277329661	309.436448842596	349.840830421775	418.00601628539	1599.43204344808	19113.640552254	24132.2706572254	4873.97337464557	269.000701392258	223.66682978973	260.051397267217	310.130192505714	347.806782827588	406.678928833341	1402.15601242445	3312.38535385482	1685.15488833078	622.934990009899	581.192549179406	620.890486405113	608.461898744345	622.856260989804	617.255742825683	642.327126682598	626.831400220882	626.222183995603	679.337918568307	706.002836628812	714.976572355751	756.467659690234	757.131723830108	729.072550340297	793.531100889634	743.73352212174	853.774202812604	903.448154491897	819.647814282898
397.972	-16.6591018382692	1.65367767471509	-12.3362714834204	-11.6069179776364	4.86092247542314	-11.6879171044007	0.631850691374681	0.741093978013171	3.52651332167084	-2.65130430786912	-11.2490202041223	8.26388231428798	-1.33371790763371	52.2957605630765	109.392553393272	238.407748216862	277.118443886377	315.149853855643	357.307524057447	1076.58534227721	17075.0160916041	23467.0579962331	5690.64179800789	265.830689065124	207.423386741141	221.82017205252	264.837769310492	294.32280729201	357.532019646324	873.656553803684	2783.0450578282	2239.61077488213	692.068287272659	558.097580247746	585.689658777525	607.816638077234	635.83140972005	631.704788040827	616.852535255713	606.951194638957	609.162523996122	620.16510501252	625.570019267058	663.130036020458	666.174469110934	614.910303753986	692.781360936318	648.54789223849	695.912352209213	618.049803549702	783.512179916061	1009.07101319325	1272.76247297979
402.562	13.7921701582128	20.2713596310659	14.3764546972476	7.10140204192339	13.4362592288175	15.5180682033567	2.83493480837356	8.37207251408967	0	1.15866723756217	10.8152491127912	22.0021490614404	45.5212486083627	96.498578819338	201.558798327277	254.116138908822	348.899752303813	360.05971768189	774.589356722858	13375.0264710773	23928.6976533187	7284.57415570199	294.600658529557	207.096028078815	206.981442719801	257.324683652673	298.113420270054	314.066024091343	554.630069527331	2129.96226143062	2667.76425558576	914.779249048131	574.254583378193	574.386191375688	585.315641786187	619.482772918156	657.806473006268	650.782506413265	642.82552223524	639.656935349554	622.536480855973	642.576318934924	678.415239191479	663.96699710551	680.791455347185	704.016414718253	701.507358708529	745.998008567101	784.272356714612	781.406653194273	894.327974409932	873.144395150442	1620.98366641505
407.156	-9.2653629594518	-30.7453565998667	1.78210809392108	-12.0725645515187	-11.2968504379896	-2.12261817828668	-4.61865056858929	-1.58982697798718	-5.14237821514676	-4.13650408284194	0	30.0012970005143	53.7260306639043	165.687005702885	188.760877858516	253.489901070932	439.416753999438	597.3137713132	10648.718560229	24020.8802512294	8060.36082137358	349.484038668232	182.593771933396	176.181450100791	224.80821670198	256.767167034055	283.133213445639	406.446789852338	1449.93024431929	2785.81582395967	1296.20601103642	571.607928578132	564.882637989362	586.793290533596	615.428997607561	628.322694820684	630.001714612754	615.25432032726	621.832106459801	622.779247197557	599.993316813635	615.496060922106	642.786089718143	674.655499844381	674.401593829023	631.379553491929	665.694952058563	688.985937877131	724.542290141149	772.748040076631	842.544116813483	872.295114148557	756.47039086786
411.752	-0.43393592681017	15.1193111518048	-1.75273600685832	-4.94732863865619	11.9653257984906	12.0038950526443	-3.35752038002694	5.03834400496072	6.61381511370111	2.26018203236834	14.0646833579526	64.3785295337948	152.58095854726	188.541857904641	219.646164702314	274.477261099227	613.768137520339	8872.57277299929	22331.2985804491	9706.18958228243	411.988010722292	187.294486529678	180.979154466643	225.632545766311	254.428676126233	295.19529997784	365.449137196635	971.954028477375	2561.11369850122	1794.68045085719	650.417597973132	567.259696691157	575.457352151009	601.706502528967	610.382853299614	620.316582269165	657.525135934684	650.853625475646	648.672852501285	626.406904407791	632.800491074883	634.015993065539	663.828318626276	669.055308415321	694.020513954072	731.008492076795	706.572396340088	730.036971511233	818.798138520507	908.617548988588	915.884712599424	801.144247075595	1271.00428525912
416.352	-13.6668968904141	-4.57870828828695	-14.1457081114398	-2.92157030897411	-11.2157820350202	0.513675302418736	-1.16631354134375	-1.7099529085039	0.382910662927566	20.6881043517628	47.7082594830615	110.298467417509	144.019301899253	152.591115229761	212.107815102699	333.796132512755	8714.1821229485	20053.1863479071	9960.29231996828	483.80338337594	169.594701329434	163.282337217452	211.415215738191	236.700734792789	276.591914608701	317.814852278925	654.933670652853	2096.84881175569	2201.5619926283	778.974430827449	551.940748569118	574.75792561716	611.749094601301	631.836613736922	647.158775689563	629.692690102701	641.22500343755	603.68618629512	636.886567080346	622.325890040268	603.354914454887	642.663006813631	642.273554376215	629.529244891279	636.643029398082	650.635318168062	749.459228081716	832.476215728047	811.94074444959	910.999570515118	1053.3269053082	925.097691783974	488.177177631973
420.954	-3.34764216678958	-1.12153307793294	7.4369116054013	9.54166556654822	2.47252779160576	-2.01315762160637	6.47548180825698	9.54966438456376	14.068825113791	40.539631510635	85.4948731102947	125.600732748671	134.172639151841	180.347006864271	293.911724079747	4963.2724584753	18717.6527556103	10631.2635369341	581.793591290305	174.754455537876	177.291265626064	193.803578771388	244.130056809877	277.841904124137	295.102141968016	475.941748943241	1551.02663383929	2356.93470664759	1060.6940228046	604.753462269868	576.794833679319	608.02682937491	626.400314074995	648.10330314776	639.29651207998	652.567418135993	648.758090785061	614.980514672089	625.531460787221	635.318323388934	625.394299456024	624.984095301371	654.107442464559	681.260460554418	692.006581522747	734.541763988213	801.95241655948	829.747911476259	880.122942779717	937.618707713583	847.62330485273	1198.38581044442	1479.76173069036
425.56	-9.44219575964175	6.60175584936597	9.28590190671828	11.857213887899	15.9018189905041	6.6657293870054	14.7610205023004	13.9710259885946	33.1257099112434	85.1032305206053	115.952818666941	142.114173642995	157.366289648566	225.342673428761	3814.21397223355	17366.4968885986	12876.1358316042	730.676402090977	185.527268024842	166.444350271309	174.637774962332	214.02426126104	259.630365905084	311.885119707813	377.125146703366	1075.55466959695	2260.81507305757	1409.2871033521	632.343675848571	592.442816457938	612.226131416724	625.589028679216	655.867257682497	644.550970325391	659.136193120296	636.397840391619	631.779163417822	637.384122272987	629.362751494626	614.922602852306	616.101256085338	612.228414883528	635.124718612498	677.640991222839	691.072369788892	785.99559688929	839.664248413592	864.766489261853	915.873336713557	1054.42625426884	1291.79062479695	1038.42659386576	2096.95328678122
430.168	0.402733490202205	1.43919461989195	4.5547723715234	5.81601127842762	6.87449378414236	9.68760643918208	11.9144837831992	22.0903462740896	67.8817634245066	91.4580726732013	122.142092781455	143.287794849877	204.869522720046	2328.79392041925	16950.20098902	12339.4488375958	977.624159126107	174.5933763078	136.585690549035	162.232071724891	197.917281295131	235.349982870672	290.299159067915	333.862027528142	739.628229741132	1934.25649513508	1708.9782816372	716.705331956174	616.930496960645	601.938001350043	624.999836296338	644.725615210031	638.377872456743	646.570186378928	646.617927187741	628.361343954382	624.054808175509	607.881113357148	604.959206297959	600.50912348217	622.75338689142	621.793396276473	669.841927967564	655.664827591684	724.38233971225	778.984536035702	860.51577911175	899.243482396694	1025.60893642436	1119.12300915059	1099.11973588334	1100.66963250279	1265.92498752195
434.779	-27.7205854889894	-0.717835766400044	0.649088926125662	2.13749565867637	-4.2201017331358	10.630280750649	24.6848904720405	48.7371520037236	83.0236377704625	92.2804508239709	111.844519624504	154.802461768327	1784.60168123364	13403.3280615774	12487.7565968057	1083.92637585523	182.444091704453	149.155985615942	140.219820073553	169.874250929561	231.1996525295	244.190788132225	296.368183425627	544.442164714977	1534.6725816128	1937.30533374495	839.449939598773	596.406852473887	614.57142184227	628.152411885003	641.449251584753	650.330271569937	652.714609058032	649.824104416434	639.431163165561	619.364661544072	612.687414957025	609.516994448408	599.094672389876	593.97240896398	600.840288396922	574.84168695415	613.594278437255	702.887168047556	724.594272404794	826.039822546293	909.23613801727	915.095851623975	1044.47220915506	1124.24529895802	1024.99041193352	1208.94082293367	1449.3799064506
439.393	-3.19259553461219	12.8350689283941	3.22384988377433	15.1662360963243	7.33603806350892	22.3190452902352	49.5861842648973	76.6936421823611	86.5858254571429	97.6943803946678	133.736145734653	1267.73168638764	12082.7244597401	12600.6763284293	1406.66130776008	147.203849105365	152.49505742952	151.755364945685	167.866894384112	195.826290046154	235.137556477695	275.789773089317	422.352703767785	1159.29836362571	1961.20017042522	1097.94735408844	616.776956042698	609.3411084267	638.307990975111	650.365208125739	654.766125942165	655.059180153481	660.008972692128	658.783324728922	646.016664157409	624.813261720841	595.252519045302	575.464120365363	573.698991210258	563.693836883027	601.802287860621	589.782577904407	651.920882225923	698.774234930528	766.443128382366	811.91442380904	971.439406295404	1005.39977158182	963.919204680997	1196.81254486129	1351.38962477028	1450.3583275841	1040.60121660227
444.01	-12.6261231396121	-3.52502200095997	-1.27497282931279	-2.09928776928388	11.9159179402034	42.9474484594397	71.1146957273316	72.3518650996033	80.3014560672938	126.801098607756	786.044679354518	9992.05632252389	12955.4940629598	1822.65074847533	131.711994040242	108.291003052229	154.710501896719	158.031433111778	182.859984218714	218.330864939514	261.245423617129	332.311896636766	818.041501386879	1824.03446668327	1370.0064589941	621.484153963013	594.159137670395	605.521580682222	629.70795554336	658.400342236917	651.172906313345	659.597809263597	644.60866206787	618.648647899618	611.49018101439	605.851753539098	570.167013994501	563.849950815062	572.958622851172	544.694435973672	550.460528272125	585.328962506451	638.705800673763	694.226289457843	757.135199531173	802.74273570684	951.221529136846	1015.09792549404	1106.97071569308	1198.73555206512	1223.25491614748	1204.53861281281	1381.19078529445
448.63	-3.87301573771231	9.34232164682857	8.76048578316656	18.5457202485187	30.7669369710697	59.8578529593194	64.3407700221349	71.4849137897338	104.865764039436	668.124503516142	8068.10545320856	12728.4272485106	2255.67615864582	137.016012190928	120.052127510922	110.737073806701	159.593119358729	192.014002468427	193.202226372218	227.789622576583	290.981056698512	552.838256755568	1501.69649908056	1573.69091494925	696.415093200595	548.620337627161	590.900610692389	635.656164188726	638.572052866416	663.533489257615	653.583107665476	641.061293382499	630.588834218318	606.983778644959	589.710996081933	586.907303013514	560.933860715314	547.779708450876	536.34898915791	539.174270535654	555.969588799695	568.914745280625	637.474781900116	678.707438501261	765.522530757181	882.365846825803	941.874131879192	1070.37703926709	1101.6997128649	1292.24654513913	1155.81711564433	1278.07549562179	1079.07447271931
453.253	3.82863090520693	1.71023304939184	17.6294698505273	33.4653394306754	58.5664704210805	67.2303082023192	80.5062512404591	85.0747525315143	450.526491934922	7056.15702845056	11763.1454025414	2804.30554429326	140.415868926607	102.121837961734	102.244220954117	111.533459309592	170.865702773103	203.597253497666	218.407212548417	262.153832050732	418.66343683699	1147.16057936966	1675.54743236541	875.876268886857	519.647635346933	554.421617611583	589.552545154611	624.317522816934	659.567405736008	655.39632387914	635.021671432002	639.243596915413	640.906798999011	597.045218518485	582.109667239502	551.749783544492	526.686498733752	524.962675994803	526.72111692867	524.081115852376	546.822418636827	559.823043477038	620.707307386898	686.620530321738	795.217734398556	909.88350871453	1022.57367045366	1095.74654260925	1250.67001340995	1213.75281440849	1343.85344353642	1380.30979825923	2037.68628993317
457.878	12.5128157741492	11.8563481824798	40.1266868208329	60.5221431754535	65.7195630545942	73.6516334334408	91.9840331175967	327.609707230225	5516.41419748126	11898.1634125627	2727.02289428667	145.063449119355	100.814357246964	93.419976196966	112.108887419908	133.471806501108	186.250477910578	200.499090470813	220.985922762369	290.309842491548	830.564476691219	1608.39629826144	1085.65671243328	546.91042629605	527.803678626567	553.708279160573	584.143905634965	631.153442467077	654.818301157595	634.567091023169	636.477503458693	618.486178492727	598.930844244768	579.749205624539	555.626383582332	532.944339435806	523.781613390369	498.940793470683	501.651835184877	496.963458354379	506.997592990682	566.743397896708	610.513186636633	708.945119240722	830.6541155353	881.742648374057	1030.49373077558	1108.62397006457	1168.69313595943	1298.5267301899	1404.20067991192	1157.55542509365	1313.77320261567
462.506	11.6567031763443	23.8514168372418	77.459576917483	92.3146143163667	53.3233498933978	84.571570634573	300.697580395666	4407.47637573934	10630.5774410019	3338.7185889554	149.951077224834	88.3287009996988	89.680278145097	96.6021193737418	127.058850791894	150.618533199901	186.577962829594	217.16355795262	264.339555591268	532.279296608672	1408.98846448389	1294.12977366198	590.135684101252	499.921233514095	522.303320902843	551.531635692774	604.854138313064	617.144758966282	627.391076011381	624.315904887135	618.757093818411	599.120639614262	578.546096564729	548.031880999108	521.743515771999	523.56711988981	490.568432817346	465.876919068252	501.240686026241	482.61618781953	514.075042156342	545.611026830395	589.172978013263	684.981155006941	797.113309141449	876.626762644467	1016.63745736329	1095.17929518452	1272.33661373294	1267.49136491171	1395.42929564035	1546.96991898266	2323.6338869912
467.137	13.3642674841972	55.7177704817382	104.362097405143	138.540912569145	77.9906009485685	254.275860535185	4774.84132767355	9354.63200281479	3604.69634406926	178.275387741578	74.127282260685	69.6092571599422	91.2119932446038	112.308196709753	133.78503393456	140.938283671851	195.844527999636	222.748518829243	371.286516130787	992.205996381437	1361.41867599893	668.522414488268	448.967337871283	485.168982065703	510.163025308769	552.493157459288	571.375827282844	594.341085025484	621.224145306327	603.436415846377	599.623869201185	562.126651753069	541.01494835758	533.159336193697	492.472544420621	493.346025735344	470.373834571871	452.882307587245	440.843190650926	459.177754663152	459.076994820069	513.302890138615	589.461315239325	664.7080458397	779.003764158922	895.371390665898	1010.63664366543	1088.51791619859	1178.43409764089	1311.26841274491	1383.38241823363	1689.15065343408	1379.06123972836
471.771	33.893649305443	34.8881675303541	129.461506741755	133.568108698183	181.401718659289	4345.23513533273	10393.4860561074	4082.3828286063	188.931361274149	72.7256353696279	61.1968016462914	59.464813339357	80.1663953085998	101.369684873779	117.709780370671	143.842423920052	186.739919900974	256.701494683514	683.860140620202	1280.51675444079	795.921104438594	421.352011894296	420.688045474243	466.570987707647	484.522970675448	525.295722486892	550.073329929503	563.299026132687	575.507885062904	563.715743409395	550.171769768301	528.468385552709	502.628634621495	486.581675601376	453.300012120922	443.7158399527	434.316648327653	416.97479059643	417.394620948472	427.811693652997	430.40583303737	447.119776699227	535.361761711322	618.526921267394	739.710322734579	824.11678263229	945.128539523221	951.942586064759	1055.79954671811	1209.38552904781	1162.09925353658	1317.48900837669	2210.78923000896
476.407	29.7075755274311	54.39162935826	160.880318270391	272.909576883105	3040.4089432896	10639.6720120708	4123.92897798412	215.855806910829	72.8338793439235	51.1958543779854	58.5878548884237	65.7482793782297	81.1288790315968	96.7969250267993	127.177175623892	148.392300050783	193.486636046889	443.98459406243	1057.57839272438	973.55922444439	445.092196049357	389.821754469966	416.44719555697	435.648675073677	487.770859999206	516.891234642736	527.08871280017	550.162733770925	542.451254715396	544.086076796919	523.972553004229	499.621213675033	492.739442849803	453.235617582186	436.731234354363	422.721439964366	399.735055780681	382.470074604887	384.845401250195	386.758379411398	420.122424028785	443.475916439876	523.901386276361	588.287627547933	733.982894097798	818.265130745151	914.26074500124	983.734691133065	1117.41619427417	1062.22285401426	1318.52296647745	1236.94834908506	7690.02668086351
481.047	41.6188320011038	74.6899740569902	408.465805919211	9088.17654900007	10820.1854334408	4722.4155146146	250.238504814321	70.5986469954619	60.7164640084544	63.3209001597989	68.2501928731786	76.4797693368057	104.694295166413	111.984521531037	136.293391174731	161.25168500314	292.021586968255	823.928268616234	1077.06838525948	524.408940460403	359.449822471227	395.410286196835	396.053990987629	447.290256123274	459.92181662148	500.111058729801	515.619898103	525.47529937021	528.648956393377	508.296364973088	495.67862714313	486.784845176836	461.582303429791	444.175505586783	411.677815601169	414.004272225919	381.210066848663	380.399855940423	377.7683767799	397.025723496135	404.204632343235	448.798575739964	520.595449795578	597.455079907726	701.751520319279	836.039802655928	933.159842884653	953.587192396831	1064.37939937919	1185.94584897946	1425.37444964822	2059.19820756853	23342.4061771711
485.688	65.4607137184389	164.337804200905	6975.30147079679	17449.4666088625	5746.83742208526	339.777752187669	71.0721916823252	52.8565870971219	54.0989916143815	55.4291864175496	71.7536053187861	77.3642135650012	94.5969344074924	111.919489259646	127.806891670897	204.43731129975	551.932066122411	1007.46696095147	627.358318025586	341.719658644316	329.327769707071	368.893003495623	408.48686315934	434.961414437541	454.227730439772	485.221581851911	496.816242782569	499.26856037589	500.448898880968	497.710082320528	464.549847316006	451.153516984758	443.836792773389	404.275122581109	395.199810181531	361.247140660097	363.053025086056	367.780488110755	347.157462431987	358.324971966742	388.230914669207	418.039712643866	486.690569298813	580.388934215045	674.039365677737	802.965471284429	861.073097998221	938.785396405738	1063.60694327053	1213.02329834523	1232.72654883084	7182.31491939956	34929.8453128427
490.333	126.344530139285	3385.59932392281	18573.7805369693	6130.93734268772	427.242460190677	72.0151471256046	64.0048231548136	58.6491269458274	55.6524864873682	80.113268376652	79.4849565956727	93.0680827155773	104.22918790392	109.506140800761	157.176314633405	367.960790269373	868.875858188985	793.262122652675	351.50065678608	291.857461396796	321.624152651609	364.675162641025	391.40338696086	427.305669739727	440.803365448372	473.026365110424	487.397848575456	479.030110509471	473.553726742448	472.915158905459	448.813175727236	435.166335728828	400.217657155795	386.947978361207	378.010516581228	359.488322557934	364.758952622524	347.097892359599	342.650228490664	362.025806946804	372.087346719473	409.196569542176	499.140011295304	576.546317471439	661.112507035416	791.135794061262	858.850714345524	983.303683744449	1152.12758698427	1211.14401916839	1653.49448848379	19202.8142620899	27378.7825335657
494.979	2335.71881833382	11900.4682490021	8176.52539018472	491.688809088078	73.3076588627573	59.6633894706235	49.1548103712496	59.0702947392447	66.4664417025737	75.1300906532823	69.0770536374626	96.3075530321747	104.723776846641	138.766669828662	247.162590274546	649.529161434927	824.231237825681	416.001305097992	287.500428676346	291.128051802033	324.976217616445	360.712933640184	380.688490016501	412.351980745334	421.469297988991	440.82613113747	436.937444584131	461.304982510976	462.316509879705	435.555914426777	424.221077836681	403.811281983616	392.211185155553	373.862194350007	345.100919908519	344.931601794962	329.075825750182	329.274887432789	333.220920628077	343.087585937606	371.969587423991	398.8198948237	485.410454275287	579.468144029582	676.581638600792	751.305160381273	873.160162837594	930.552509249481	1092.03229752005	1200.014315896	5391.96936429764	29015.9716034832	9062.34663543736
499.629	10680.1696666876	7029.15891515355	558.605693282829	82.5198463801691	62.9062261320688	51.0484928500958	63.3425793890402	64.3266675946716	76.2698090589118	82.7356251471796	90.4611011137144	101.595852895155	100.278198948084	184.124794492946	447.500147376196	805.086639976926	516.34704604066	274.349482630594	247.718557077442	265.942772281136	319.650388058554	348.067807764219	362.446981353148	397.306858088756	406.511340294986	417.511711885412	431.205390698461	434.892486945987	422.867874820772	416.450490489119	400.089530474361	382.311173118069	361.724944481016	347.279959875881	337.007845099399	315.640041651549	329.264306506817	309.420989571835	305.102794247161	325.872093902212	353.185322287872	383.424800614152	430.833746716186	499.42657729622	630.693621914464	701.111252543766	789.543823351576	951.620143311955	1119.0403636307	1320.74265713664	15215.8209204544	22991.0829676434	1952.03260228357
504.281	7489.49211353969	640.888770013625	73.9487998006634	44.3517119536067	40.2249417316245	46.4955214911972	51.9547162999984	63.9550485994332	68.991643096768	75.7926719721532	89.2880223036304	88.6750552351372	127.448039589172	320.247204231484	706.851176738392	592.941226581382	270.400141601893	225.94292082308	241.669939489324	269.707743300091	289.327419554314	324.550258224865	327.35974531223	361.380395356534	366.534268885376	393.080896460757	401.169073997259	391.060841000814	396.591169912493	383.113736253544	366.604350100573	341.576373351137	326.901506578691	309.155567369608	311.652564288707	288.036861469332	288.813191797483	280.121389871328	270.929858436196	281.275326474969	315.399886142397	347.888602148718	398.380708487153	474.687509742172	590.496733489204	693.232601046277	763.871461739928	922.898047977009	1025.76837570162	3796.81886850216	23667.8076975992	8207.08360981355	729.511417618224
508.936	775.734244393895	45.0569564892221	47.483330545906	36.4026572979581	34.5400446581026	51.9303165352888	59.1197266497654	64.2083844434123	70.2645929350254	71.4356289080302	87.7804632767584	104.91777020368	203.656196769164	532.792948223968	648.354837817765	292.13763856977	207.451554868355	214.988155283673	236.847437765524	246.543906969691	275.08624588649	291.214261124231	314.894160555721	323.377963923182	346.436574083527	366.0716328672	357.994090154142	369.847340273625	365.426915777701	338.211064521005	326.504443672902	316.372495144015	312.378485913112	289.327731879777	282.352956881842	260.17814484761	271.337310596267	273.670197629559	266.902158303844	276.314016688367	292.739458379269	319.701068952586	374.370190709473	444.565771844375	562.967903419896	606.947063958567	749.7562624953	880.463647330964	1020.51185995307	11559.296347648	19097.5372026316	1529.62386203242	842.41515979577
513.593	53.7472926401508	55.4294489392642	52.1608009486514	50.173605112854	42.8645756943751	60.0881514413307	65.5069453172611	72.0667738329608	81.821675095594	81.729227007016	90.4012727468433	152.620450129705	385.18861024671	660.089585557342	383.35764216111	200.192629762525	198.529335080039	204.538138526147	222.106957550943	249.502803835677	262.347859719355	288.061618794103	300.017275692905	318.126543775587	326.04060464212	348.66906183383	346.712620320991	353.94450037646	330.018820519038	326.951459455861	312.931380194465	301.632478578167	292.527927924549	277.681072330203	277.531842726706	256.152631309909	240.30857211575	258.364508469138	261.412859213124	259.658310134917	282.816503375046	301.685904649532	358.819244364943	434.331753528566	508.000229776253	638.867958894797	772.436476829875	858.116314915321	2842.8502623783	19235.7252707298	8040.21240025154	1263.77207974952	1198.28694353349
518.252	49.1736493815726	45.5346504656053	55.3816813504566	48.8336062770953	57.9691069766123	61.732896757133	66.4890932652825	74.008791537146	79.4852138726814	85.2500271155902	109.06552660936	251.955859296793	584.228868338224	484.739561933952	199.04234538804	185.403772923522	199.592188004457	202.17804343782	210.369176849354	225.156824634387	245.963124471423	281.411431453779	287.569366269136	312.637905527463	307.195787989066	334.834900056106	332.282094144958	320.011265762676	330.152265974759	319.333659987672	302.23626678468	292.238734770594	271.639260053337	255.206654979405	259.291442464935	244.609656299499	242.340590857669	241.267858561296	248.693907397663	245.487275952122	260.968163818058	314.255378582791	343.290951424429	450.946786282455	506.072929986787	634.995100970157	750.94751791319	913.340035724581	8801.98967092848	16676.6976299511	1615.05535735669	860.948565385743	1923.13905017723
522.914	26.762938869667	41.1248227064126	32.5740589735864	48.8201306207792	53.8827812584431	46.7808148570912	64.4773490633313	68.4340531530672	70.7037312012822	88.4702595591393	173.900549499349	426.465084542361	553.311522708929	245.715793175675	163.118891455	164.109921706738	173.243406171263	185.476098776878	204.736633391516	223.223239482003	229.83905349909	247.178953121298	266.39363357055	273.872941645762	288.540384048367	289.608054828717	281.816803251989	287.917997454575	293.544950259584	282.445705006165	264.849736752246	259.125802648725	236.856113439827	233.50216906683	224.247451212881	207.575548967188	207.133774492457	220.438059807994	229.398331036456	246.479343745952	226.184325648515	252.895057691727	298.959084604222	377.716553717429	490.191819041271	641.814648312478	700.588189126245	1984.40427181349	15218.1237913062	7768.62741443402	852.478771722004	778.11750775298	2510.99772465431
527.579	34.2533386532104	27.7327360084313	44.3887885222285	41.2220092562223	55.5174680242749	57.7195192707303	61.3857551998772	71.9989930143846	75.4955231622551	116.524440447192	297.99867322659	533.276271424193	313.136629288375	157.784286371965	141.712915343285	153.748348111435	160.762894451217	182.247242713855	188.563201929344	197.436193003138	227.369306870142	228.986724899743	247.157919050083	253.017013465303	257.685794457163	266.537240951539	272.439399452646	267.741063254396	260.597151315051	253.109141594971	241.978149857076	239.71788782759	225.43805835622	228.173831357794	218.987418956503	197.067815712198	213.231585462808	194.522137850146	217.697026380188	205.610891874678	234.6626361715	263.657241598894	291.435637449879	356.502640769568	452.532599171103	587.748711940642	696.342545662419	6632.09689151464	13973.9448311027	1808.43612594896	849.639993075104	1078.88809176591	3275.46039774757
532.245	31.0607469946061	44.0162986276956	43.838645540162	60.7847388305604	52.9725296110858	60.9747086071729	64.8350226868951	70.7558011996913	88.3444449008358	205.853414158044	474.439512823066	418.343825828483	164.89427660034	140.086400578831	142.284539293887	148.062706630425	167.986213998396	168.164556564655	188.382655176454	205.32038989737	203.316240976052	218.447284729175	229.23187760787	240.385586478144	258.895247875196	249.788679533791	256.418925862062	262.105435079054	250.19288583569	241.082868020945	233.520221966269	232.496717607273	217.889190916891	212.129473255599	202.344384361635	211.271003171905	192.373549706128	185.693684763191	192.831238158589	216.471465571144	215.205899552359	253.422980685611	275.728833361302	334.012173116324	472.210520153674	612.664729682312	1391.84931344212	12076.9095757782	6906.33091003467	836.642457660714	759.063121761849	1702.3461642565	3188.1607179017
536.915	47.8827055565451	51.4622550770517	38.6811678635062	49.8026350699658	57.9085585839179	54.1259833330326	70.2956516022758	82.1610738898844	139.278910717062	349.160034242573	461.131488111776	211.424274503506	127.368912774498	141.769049372127	129.500118483142	137.168191754928	151.944789127536	153.376052410375	174.25875532307	175.722704755752	182.484453153551	214.172143378695	203.963166944017	231.196184335929	237.143837145377	239.22883231957	256.533744052298	243.9766802975	239.617251074486	231.329337162153	220.114297281303	188.897313818125	207.971840270916	196.064871845149	199.551595535083	182.690807753775	182.233203601276	188.498398319961	196.743237748517	203.621481140479	218.133039756741	240.638695832909	263.810001635931	345.46851818035	492.189792558601	578.890385378425	4966.39315008699	12006.5023346849	1679.16123591997	803.162877122774	860.078467717663	2224.320478024	2289.04640670233
541.586	33.1341163573829	28.9511485019238	40.5913955887034	44.8335272952397	57.371323960037	47.296227555039	71.4258469556492	94.9028380105808	254.627979650189	432.590617735066	285.554902068708	123.044100845703	112.812536752443	105.298635129726	129.235231903798	133.816118321989	146.662644574904	153.480249143839	171.74292828145	186.906321277483	182.05973416998	195.710341121863	205.695558676452	216.25104338215	221.017043867863	227.837905047992	228.75842548117	221.559976520393	212.335969664972	205.822098394913	208.325901830051	188.539860035842	182.273458107471	174.311927773954	174.553432807232	167.303975768429	163.792638639778	176.169218231661	197.654466717101	178.736197435064	203.641508340148	220.136396900001	284.804753264703	363.801995277699	496.582953343	1013.47548078011	9672.0093459813	6381.32721789571	667.673516363105	653.750160249298	1151.35662335948	2614.82325655137	884.403530753755
546.26	32.9810865298327	45.1796982071265	39.668716051982	43.1725837771488	55.8161740490144	68.7568217715348	77.7235259401067	181.638248255313	375.859900725848	345.667628276247	145.924163306616	113.768642961484	107.466169071143	120.63874689697	121.080272747031	137.149224909901	134.022241724559	150.071171042189	147.51002936782	158.777796162178	173.803664776793	175.940986366564	192.590910669046	187.122478744422	202.686216012879	191.964447235484	216.215552147655	204.103050953285	200.282684135407	193.116908604371	184.689317588541	192.274278740922	176.068924612196	173.358572134042	163.302319273893	155.341975512859	158.564914917419	162.423107058381	180.600952908345	179.176472646618	210.646368914387	202.270925736433	267.620546286395	390.485990713533	479.862760154339	3709.0384326329	10285.5026807733	1670.4496645816	634.281256371105	607.762487743026	1705.57764745381	2066.97662093251	706.844305615381
550.936	14.7683910490161	32.3251878570215	30.1241958170029	54.1607156633568	44.3581996857958	60.8362596710154	124.350930629979	305.251255405517	385.966190357733	185.189896609358	99.5807591746959	95.350446380931	98.9625872318594	94.5926912559881	112.431995210805	118.01289348518	129.764881547431	132.645000207202	144.667303189047	144.230633302463	162.75999202296	159.954370021048	160.511460380345	175.30838948191	185.66936479744	196.586001979313	180.966740738422	188.434983213383	180.724582017815	183.772788645892	157.351934724532	160.205253970385	153.807888516002	147.206842087053	146.639735765766	151.082679991528	147.096315252588	153.75463963762	147.379138569529	155.091888799061	163.282488918132	205.444100264029	284.23055378956	383.506026822103	720.641074422196	7637.83063049399	5887.23525981641	598.330896651259	565.713503166952	751.412241633478	1966.73102568068	1073.45681396805	567.086360726518
555.615	13.6805876442217	16.8467059061104	28.6744540472817	35.9721910711412	46.6072938356635	71.8198181313054	231.224521507727	370.830092539796	218.125501608854	88.7813539824066	90.7371657004284	79.9972901733468	92.1794338091298	89.5392905375964	92.9476892368623	107.213484032235	108.338274373888	106.214542273028	121.136868225497	125.460095288902	142.066732355842	141.657475611164	150.345050193086	159.157765366263	164.641869343869	158.664477428106	172.586937105781	155.299493145077	167.966230388135	154.181342440594	134.414214134844	141.876815205365	138.884718043802	130.138508990799	128.122746396952	124.130519806405	120.745735069884	131.296409541594	129.101876393924	159.980070570357	137.861841090946	185.457813809627	283.729276958553	328.151455226446	2744.23744275296	8629.37790881796	1655.42675454772	484.967162885391	461.620724624268	1052.78031700335	1798.06848454346	430.005890635258	-330.179869575029
560.296	37.8767781471232	34.5022952587324	52.1966947228837	46.2882327143152	61.9236011748276	168.153760724612	335.657403393634	297.944097595645	117.523599514258	80.4607356622294	81.2420703608272	87.2289526535084	90.7042142366287	99.5698256221322	115.61076128155	107.676080611774	113.570938307909	128.118802087636	135.720693269577	144.093932684974	135.991599621342	146.470717277971	153.381000497035	168.515978343684	171.385005751197	163.346121109209	166.493025977738	161.736509570725	163.721767273513	159.758253887568	156.726191058764	146.57467984924	135.358748258416	128.859175360624	143.396917187415	135.8688235634	141.882061904026	127.371236413777	148.229853738053	137.974754200656	159.225178398765	210.37177368743	276.693968982417	557.850446574704	6084.65704307774	5346.10133080275	533.309828030547	472.458301957477	557.125237268059	1613.23474700491	1329.24919014552	421.064716136052	636.680648720907
564.979	12.7401251138995	21.0900259963358	24.5188835465374	45.5689111953238	95.4500436537168	262.518220288948	299.306414749568	139.52175650418	71.2210148246368	62.2591617375774	68.9665053386535	78.2402182180338	75.8675404049311	79.1685693210049	89.3453640503371	84.3954761341279	107.655664350456	112.418282644523	112.892762960178	107.257742332881	117.621634493455	115.695446575531	133.092209265719	124.252188809648	136.138144268757	135.519192563872	134.296523683123	138.604109469757	124.564992692565	133.557016406023	124.351222799751	121.106328279384	124.619055986303	119.94430160452	106.460120438373	105.507170308144	105.847268354339	122.051782254457	123.339347879016	120.687101274322	143.205496290395	220.251143912883	251.42249280584	2208.75033264454	7498.29940295234	1632.96343867268	424.899667991891	459.905535893585	720.333593024665	1653.53372415518	611.265361237498	223.336662592487	-40.1535164771489
569.664	33.5929539771652	40.4651564671107	45.4323658434826	76.5990428540816	200.473207843507	326.177279750608	186.909429406389	86.4407303732742	69.2036532499999	62.7143147605159	59.4214734259179	70.7754319933433	90.02043161147	89.8151111556378	91.2842273264822	96.2117054602582	106.289985352731	106.445722105651	111.543143023791	102.787547324724	123.984761540865	128.439442570062	132.245306190905	131.624239582996	135.739766302027	149.510866705387	139.823238034381	139.350945929812	147.008535752931	134.007879796707	123.960926455764	131.33573490853	122.647361324071	122.157686071385	109.455224512144	115.913631159165	107.545537635134	118.052383026894	134.880460522443	145.370636413591	174.744797999562	245.949116193089	400.646058552601	5091.50041107221	4900.91515944971	431.814443885824	446.576453654739	400.721286018701	1179.43416232661	1399.7134548689	516.516274148232	153.637633482611	647.153016728032
574.351	11.039781016265	12.5836310018871	48.8968048749238	139.464409536246	285.415920687812	235.339228644424	82.6465954689752	60.0513663616893	61.434522464211	53.7340483599663	59.9304707552817	60.9228309015776	73.5109717509486	70.2764369858159	74.4309496606964	86.2540831785017	98.2444656265623	92.2246811777722	101.530777519458	92.0757434650098	95.6624347535151	105.847116507047	129.40123380843	113.787186246007	114.132266594742	126.752325079773	128.347936822956	116.896568287845	121.72437298232	113.954869523626	124.498556674678	101.047126774309	109.95372813176	105.410925795381	101.170115007026	92.4651172912779	111.885483114832	107.880836202799	114.228560071642	105.622511691147	179.395854138568	226.319031195745	1609.72611082684	6379.4842432359	1566.32674861065	377.893856194719	436.131619615656	511.072816545012	1436.6259112125	849.256827478575	253.112426427764	442.724786631679	367.141754870067
579.04	14.9802463348874	35.00227796408	94.3297813227882	229.180624187437	290.506903203743	126.35150646414	55.9433480697811	65.5131011282198	53.8947188312716	55.6182031226672	66.0278447313455	67.0115645995099	68.6374179469219	76.3013652243873	82.1661992735535	81.8501265967323	81.8771278086484	91.6143800608903	97.3857257842029	92.236201064652	88.617190417779	103.074339264612	105.255382983694	117.801343262882	106.366670046683	99.2275667433938	119.436851492898	107.102963426818	122.008509623099	110.96970110991	105.784633391543	108.031861468506	89.3415170488187	96.2950624664022	93.9030705633834	95.0802121538154	95.331562506645	97.9003767967675	104.778916712098	138.992439166185	197.719398806029	279.102121758052	4022.56969375983	4279.69309124399	384.66741303261	373.745127060884	394.161963396252	835.002417598688	1427.76008607481	520.530114888373	365.268326015232	290.361533173264	192.0834457773
583.732	35.1780653606394	67.6906088132763	183.311434726829	279.71863534731	167.249798638017	70.2063269367557	57.0058856591145	53.8609505619972	48.5217119814615	57.7870155887981	63.3188937691153	64.7861360969821	67.4063535471657	79.2327876172053	66.8918917453512	78.9861803624513	84.0557566215825	89.3024666650494	90.3730917255577	83.074070317924	99.7949129252672	93.4243049252078	117.734937619103	107.423289753608	103.337768087079	107.076300259396	121.024224002108	118.159460515848	105.366063854823	110.604896245188	89.6950974569356	102.078901295948	87.2304449679363	94.9962459496977	90.8158703987838	98.3812356631568	99.4145366473399	88.8423822188335	121.268486021032	171.760791931649	199.788115021715	1121.40390857704	5507.68874332675	1476.14005845745	289.713961997359	357.904746839456	446.502333148453	1174.76295829425	995.420971275422	385.809102593327	325.768892983497	533.870045194883	276.164664296529
588.426	34.5819206018533	124.622179109541	247.97453817192	203.484914421496	68.3665282768002	43.6957762833123	45.6271073774496	46.8262963094469	49.46807013194	54.6437727898108	56.897862048322	46.9713956015167	61.0338133315091	59.7303064241713	61.412431122296	73.6280582999821	65.0974577249134	75.7730257799415	74.5255628258498	67.274450090012	74.6480504337081	74.4330091104479	92.4243495099857	84.9894650170029	86.3665448902007	93.9646491703007	95.7762491204875	86.9497642526564	91.951244685327	85.4767806886052	86.6786939658212	88.7097570492176	82.8231312995849	92.4580627130514	81.5842542402291	79.6509192761032	77.4029849033342	82.5851970211573	107.406604620627	160.204986389636	207.2549330411	3070.90497441255	3893.9420084916	284.446454317358	280.964268682043	304.753000689651	553.488926022786	1320.49541413842	468.573394689215	260.430241236007	294.399950966025	237.241019924768	-13.879271042567
593.121	74.1959633903459	182.809918043959	256.470913698944	92.0115325474788	44.3529397212333	33.1119334094553	35.3690896407098	39.3995651648222	36.7615231324304	37.0182492515055	44.9775792876612	47.4746352996847	47.5519455777895	61.6738017795728	51.3444124882222	57.9331686766096	61.5256221857945	59.7501533118549	86.4707444883656	66.9315497416243	66.3136933037444	74.8054347376855	69.0374826401302	86.3266106979833	87.0870476818743	84.0665887619615	84.6384267081433	82.1472416645458	84.9854129503823	89.1666586659931	88.4567179079945	78.412216831497	68.3252745976693	77.7104468930795	80.5590264937099	79.1432325020036	85.7605854389652	87.7218989969163	105.813539708444	158.354699227845	704.148069602536	4679.46599910622	1450.04231555236	205.848246210076	221.908144440287	264.059083744894	774.00415932439	968.455801623983	355.958531870884	273.196076625309	138.879154526403	45.4148677292977	432.410195614481
597.819	149.682696472209	240.424645121725	165.66776818906	47.7771784655734	43.073754006912	40.6362683360373	31.1128645880794	37.5931514320666	42.0912718262619	42.9718179582819	46.3866611867794	55.3174531975637	57.7473020373343	54.3255802726564	55.1344498452696	76.2986818740131	73.6613093479554	61.5850201523811	72.4410742037477	71.0964530848406	74.4646658507918	78.4335195730358	76.0850366229337	84.0967067898279	82.3919743987304	82.0380076234221	91.2724996094683	82.6443047550368	84.94625368488	75.2109870015432	71.6804532022154	77.5358804248951	75.2852457331847	88.1966915318223	70.3748789834195	75.0636004481047	76.978003662641	92.325894915481	143.962695651905	167.316641843512	2341.28899986523	3704.02904217909	267.975581952017	206.538597933391	230.369028089555	353.694325814724	1076.90833527548	675.290233902678	323.276558173781	292.147351721549	340.186597997436	336.961298830088	364.861067798892
602.519	201.93519669439	195.264238935249	64.9319999561452	34.0074589414464	46.7911781701501	30.002064529112	32.258116397229	38.0467266355196	47.2140230121884	42.6903780841917	39.8756171870387	44.601286636335	44.2209891314156	48.0816623130239	59.0738346373675	49.1289625839775	52.5039349457391	65.0381440719254	68.7724572131389	58.90822452192	50.9383007820934	75.2086573943672	57.9093676402597	82.2910833748418	71.6354309084263	80.6929659598059	71.2352643732313	81.8954002762349	80.5932966236636	73.044865081765	77.1501060233981	71.3374104545495	58.5565682694733	58.0441693302943	61.0439112931796	62.4824181490675	71.1169800463487	119.734109734503	135.371734028577	533.546269914196	3899.96677533796	1525.86743690802	160.970860658959	194.170380906149	208.698483618172	530.81380902968	971.25838575566	387.002271318514	275.256461920428	265.383645874358	202.040454189459	339.605915622992	212.148838814207
607.221	220.138331694708	94.2301296282963	37.116140367963	30.3667256122392	29.9018840549512	31.7144185343251	33.6403052912407	27.5129228019032	33.8495891096451	38.7056910950847	41.160476940269	50.7665316904898	48.3624465263405	40.6633916534956	51.4416723220768	52.2665370815947	53.2626465100419	62.3289177722432	64.7888899392587	63.6111341869285	73.3278909740276	62.9704520906214	77.6953499065864	75.5701037597825	66.0863913697309	66.5131551841494	70.4632868059147	74.1736865091203	76.2557497072561	66.4727956992065	49.2385606472446	63.7391489366128	62.6912138480256	71.0173075061392	68.3409804733481	65.2097211652687	94.9174016030755	134.277013302635	143.495892261782	1863.91818618731	3488.27078962261	292.987751837804	142.182479077545	160.916506017461	259.937320143394	778.276144230234	684.238809077983	328.7790351883	260.736301763692	244.323830380075	290.351771808655	342.67109551947	627.919980831635
611.924	135.127227391494	41.0813493344206	30.3041357938502	19.3149016658487	36.0152635293616	26.92525267649	32.4949185793035	36.4981379684505	33.994091033956	27.7325496991371	44.3575942297603	28.8133060029617	44.4676724882018	38.2228752007087	48.6385397181765	60.6569887896089	44.5724821967732	56.8771841305407	67.0717548127309	58.2564644675922	71.9569492800498	55.4249242241485	79.4144864902143	73.4706004247766	75.9553180833128	68.0207496672326	81.4258680110498	73.7475958056837	71.5909015934219	65.1460390524165	63.3200358086968	72.3956996370682	60.2130583292988	71.1285270207742	65.1481296154483	73.3249434775563	84.6330440720456	143.931585617046	372.640512171394	3311.69548732613	1633.89603661968	120.127873340205	132.084986203869	150.492081032639	338.840804656413	861.080741485556	438.49262507669	200.522794991425	258.950193488909	177.603823669141	377.342727258972	404.602478502443	504.282221560677
616.63	65.6657178168373	14.5752026240513	19.439528533752	18.9102185573545	9.3719614642241	20.3577446403856	15.4076016071496	29.5566769982996	28.7051616914617	34.2023940361849	29.0358307057305	19.6097724213324	30.2694795298444	27.1974351895	23.8957394224969	42.0806244423534	52.9201749524951	49.251660291033	42.6389775233084	54.6476534485988	54.9191518125849	61.6470862479837	55.0627237651872	67.305158890919	48.1895366274183	56.4866243588945	46.5112674332378	51.8245296317936	57.1643314565576	53.6632036150327	53.35494382944	47.1190260701136	56.919758023931	45.9257601787078	52.1006666719773	54.265909073658	84.9105746754187	128.621533709117	1458.59616662623	3140.48842455138	345.545043875921	94.0684815506191	140.109356500363	130.84295365548	499.14773340267	664.63520660043	198.756989096204	208.485872901876	170.70035864691	163.620763845843	176.584834221288	237.166967569337	-305.94239988315
621.338	41.5171328293963	19.4636209857666	27.89370232609	29.9937733954849	21.0499084933731	30.6525362666691	20.2056982616463	17.445204133106	25.244924255324	25.4783178422784	36.8768657293012	27.3866812741521	31.6916365179873	36.3553265629163	29.123832290871	29.6597634049215	42.4923788867051	42.5468336603543	58.2002255181665	45.4200573304652	60.9906738541901	67.1143637035581	63.7527433466807	65.9132723069425	55.5490987400049	59.5844372843386	57.0665383701964	48.7489544326656	46.6112863043391	39.4899912763789	55.7545675898647	43.5312265363077	41.9543968769412	50.6525877162462	41.9471049063778	70.5902581387303	121.820782417282	284.121413190093	2801.03135194171	1613.46613644777	100.048915784676	94.34609603472	95.4933989033322	176.600213986837	571.446919529669	455.723134517981	222.46629077027	175.485804890273	121.010673583175	150.826963061323	114.409222818458	125.489290489025	352.390973774554
626.047	29.4662354062128	21.8756067039446	32.5206289128755	30.597921979927	20.4351202944409	21.7132237676227	28.1447050565987	23.2626159976361	25.3018769229351	28.9660258395517	28.8246389104663	35.0617113742012	36.4822020987241	35.2487078253163	36.7552059160907	32.1841520006371	44.6766206916227	57.8977156290975	57.7355424890555	68.2442534056313	58.3742753380633	63.3995590703168	53.0272394359083	54.5949764388715	53.3255693804824	48.5433118767294	48.2091674617263	54.1986011559584	55.5365808576017	56.9160173660312	51.719358122549	63.6422275266066	48.6975573485149	53.1975081211142	64.5926910626317	98.8787204511016	120.282774775963	1170.37343289477	2937.05201049279	374.435701220917	98.0030737401839	92.4662989902989	117.951553144475	317.303770356075	612.493923721606	266.765737918793	215.856700336139	148.034332802845	217.855047723504	223.342171277122	189.308830256072	-162.89638963563	148.242885468011
630.758	29.3629618646672	20.9860951561312	14.2321989994779	22.9555768567075	25.3360716307646	30.270654914188	17.1825833194241	23.512243316854	20.8723969196597	38.4531833628777	28.1628196730097	32.8449319114949	31.735549968035	30.0326405370925	45.1510766228084	32.8123802069562	52.0341102266209	64.4967545036977	61.8080572225246	44.8895146573677	55.0433174275266	45.7713495333341	58.3154341303354	45.3854132504426	56.9953718836256	49.3652296977398	55.2629727879741	45.6008130216641	52.5873220791611	44.0941261252941	51.4079243851849	48.4602116091872	56.2099627862068	46.9359180885915	69.5971526852725	101.886650464009	194.175154635629	2470.96627150779	1617.97119915932	92.375260240589	69.9465408523565	97.2156669119557	102.112185085675	457.054365316639	451.863268009185	169.857619599827	182.793614037172	168.472989683145	184.485871634315	119.025923013488	288.631936156179	310.994985506962	239.733848916773
635.471	36.3516214827079	10.9512860726114	28.3415974214588	16.3851116725442	17.7604898610683	18.8103036397793	26.741407654453	24.5390389070532	22.927580751047	26.639650122099	28.3791673899616	27.0003863389383	34.7204301051295	40.944535437757	29.3720805495453	39.6203275374742	38.2706748556205	59.9196571478087	51.4964501585237	55.8993684958404	53.6535423479081	46.4646181662011	44.1574796555465	64.8173446348699	51.8147458118178	43.0714183825251	45.2086732370426	36.7012192073739	30.0680969842149	31.779792954611	45.4002433483566	35.4616852203619	38.4459679593273	40.1122057202608	88.4405446586879	100.380539998964	810.964751987834	2821.55187645255	410.48273036807	76.6822662613849	74.8617527842137	76.1930406976189	195.34687179178	485.654641833808	242.288080789132	129.618182285987	138.643535978282	102.097759524346	130.432012470012	90.9891810496381	98.0390616690324	61.4478547694339	392.56017500974
640.186	11.0105772278811	10.5934290061158	15.7367652808057	11.2657128407687	24.1883153419989	15.0254504657856	20.4308639911538	21.5330064769871	19.3635256996904	36.6153034291671	38.7266696143995	21.2334856520993	29.9032040200821	37.4540520540904	32.6005093378748	45.4058477584467	39.8517808941847	45.4208185025284	56.4731476590391	75.1631347050529	62.1075215348881	59.5585499507847	59.8942313980165	43.8417673667863	50.3480393641705	37.0742234488072	54.8917791441691	40.656097733474	56.6695250308652	52.475757130276	41.1115733942325	55.0392803825111	43.2223366721113	57.2817814470602	82.0770764151705	141.516246836192	1970.0078832806	1663.67960649778	74.7027811603285	59.9815372333602	56.1416605084322	98.6198114112245	280.485911237348	412.950020761886	143.691616110157	141.514731895669	130.965505864069	158.190647862073	108.145596917465	140.882612173317	157.15584269776	178.532023219831	-15.1267034789507
644.903	14.5629689279091	17.2196892286374	23.5288561556429	6.51110793539359	24.464699645549	12.1061935728648	15.5957089190166	15.7769498062366	22.4648949798925	22.532542019619	20.0803994984802	18.2399813042504	17.5914148424552	28.8624879151919	28.88786214301	36.104301212317	42.1392843291622	44.9760406476097	53.2400180416125	52.5446006749833	60.9804244182161	71.6637416081064	48.5317226924185	53.3446243740726	52.5048039884385	42.7229565162823	52.1817849784913	34.7711368378229	34.0885620303819	48.900896998716	29.7852072047197	44.4756349121754	47.8796590978022	71.2828864775923	87.4172245887759	584.460819264066	2688.74519007752	468.873426961884	69.7143750042203	51.1097920484263	75.4151278819432	71.453148063135	391.662731184876	237.284153065947	107.236359840399	121.240994493019	133.465464095479	133.532324427001	173.187069438816	20.9547628033006	155.64007045239	-68.4928251908484	351.889571314486
649.621	23.8912084257825	30.6580344952118	17.8964338622343	22.1209677972821	19.9628754603216	28.7347129325209	20.9568218162272	16.6959398436123	21.2250856091306	31.6753391251868	30.1698393571263	27.1505426046976	49.1394157731938	37.5035228177774	51.1953755509909	45.1101294468106	56.6713529020273	55.0610274850422	65.4360021714174	81.2553312019514	71.5299637724682	79.700200267623	83.4274400222405	65.5959204327732	64.1542409409197	48.3150706329821	54.4588131239039	64.7005431924283	44.055197442938	46.5691295183845	41.2726885299854	41.5206774917966	63.3357459654188	78.4444129572246	117.674674566807	1506.70020500533	1867.51914230933	84.0681412624629	73.4660471503128	79.2248222537946	86.8302959344794	190.158734403532	395.596497591777	168.818401426124	129.503489879553	163.089043990049	187.257622341985	168.363109554143	118.633067194211	155.13508610475	144.40972404906	391.515090794561	310.322294360661
654.341	-11.9105527793071	1.57641273548212	3.20724073579807	13.7469357775466	17.3767692465414	19.3655467924043	9.83803496690373	16.4253757364963	14.8312222254248	19.3003528932907	14.5532280076482	31.5110726206387	16.2103816075169	23.8424238464407	37.5653439191878	32.1269749155206	35.222748331109	49.9605580038916	74.8041366643949	65.6299754102283	47.6705373844674	60.6143152070442	71.9614292778808	48.7591550454572	52.4461940416919	49.3819511103572	39.0568887737204	42.3503599670489	53.7493837354489	37.7724571220953	33.1057093426133	47.3224210742852	54.8245849414666	79.9750514906913	409.67540477309	2125.2135368064	636.015401907094	59.8378258676188	64.5791510036595	61.1972896045154	52.5417506126007	280.036928768034	252.382168347415	94.1362216888754	119.162463057164	131.803740025028	103.350934512879	92.9227045195353	120.475430039995	103.590787483462	51.1578127284151	141.082200203699	330.898655709875
659.063	12.9004341952434	11.9225560899164	15.093032818693	22.3153734225779	13.1422121466217	8.82793282485589	11.1355878219623	13.3577036442177	20.5395573415124	25.4868888541233	29.8662463620177	22.6099573494374	31.0908770208993	29.9756830533671	31.5172902781775	44.9961663672408	45.3502233816516	38.0358705312011	67.3774225841927	68.5042590959719	70.5812600110139	69.0344209618091	62.9150558678235	53.6707545400674	57.8147890429854	45.0091628736802	45.0569557489326	33.6000676256363	34.7767137749162	44.5934213020434	39.2034732789547	42.8261041649937	63.6249886608287	74.6622519941493	1163.59906717069	1593.21041489806	104.594198758065	46.5050054489383	56.628188228547	73.7955946922062	107.810418497251	302.314594946233	167.654684110754	110.016048134978	102.57979695928	111.926337194387	121.937825422682	111.195896549446	137.266698645327	150.164461832317	96.2979221140864	213.403559532012	15.8896336468507
663.787	20.3019093889159	22.9742327561104	12.0270525162713	30.8617659992693	23.1030120076431	16.8211161976432	20.5337608364051	12.6440621534737	16.3816225570429	27.4933741988929	25.0675522286855	33.1565887403694	33.8074659594323	40.5345976176155	44.8731368188766	47.1556781027396	38.5960340300803	38.9138670623284	56.4492531154327	58.4855552152766	64.6178034955777	76.2129522839306	64.1701754324517	63.9139166862231	55.6366266562956	44.3527376420353	44.0984105007387	47.1341989545396	30.5038626427932	48.0526976588741	42.8658760449821	42.8131971923089	82.0691301481697	301.288443192297	1744.82288909286	629.573907322693	54.5123452070082	40.148525083283	52.5088663841585	71.7788037223397	183.167738316624	313.170001330552	102.577407060947	117.95266613056	136.731841814507	120.608876471665	118.382811018741	64.6229786150069	116.811832679165	158.916360809261	212.768220469034	65.5851869269301	483.451798677746
668.512	17.7302392362807	2.43692985550785	10.2832149998272	1.38217767256276	7.46173166456384	16.6770247639306	10.5527170293698	13.1052918113696	9.1708592353526	11.602828649503	17.1032903839366	17.486371835189	9.49954698864779	24.2524214187048	20.4410465204623	20.2335389180704	21.7151010450714	23.1868141249415	29.1900495450695	51.4199107232132	56.1466474649248	53.6489185954829	44.5702846952549	35.3874820022438	38.9428673620762	39.8002053021143	34.4550785567873	29.84578327781	22.4133751808121	31.6484146702642	30.6749815609262	46.5811772663275	60.920220320562	927.554968652296	1404.45210037473	79.8291787876048	39.3427427904309	36.5292652218329	35.5505841509803	46.7502406224345	224.127674971219	198.508308598276	58.4242102313388	97.6574182343417	83.1190243714066	39.3204660949681	91.599835553455	38.3057233343879	101.585130840458	71.1724162903341	-35.14815585885	-39.6536006337406	-357.256569552448
673.238	21.0385309035427	20.8386482677679	18.4734699735142	18.7717703129125	13.51200266307	12.1017730762593	18.5264288645729	21.2412357200808	15.3768142100722	15.4841990379987	24.3535193292877	23.5602847734266	16.8067083389697	22.7933129042537	40.8167176017251	33.3088208711984	31.9536679257107	40.8212894736952	48.9430659787114	53.7191737784736	55.3080109347147	62.8441169070797	53.6594260723952	42.7207135062625	46.2698501882871	39.0553049322691	30.4512349624897	32.9312180266556	34.7888895438232	35.9780808753721	51.6427871096716	71.0788219332091	206.089774040728	1535.90918476328	595.987495925771	50.9455067552536	43.3136065841876	39.5153267984422	48.2407297879098	112.255103956899	271.899253710666	132.62379041356	64.4275998071045	89.8429577315309	94.919533089605	128.561108424473	102.866761114863	128.454701087267	193.038594218136	132.014408324772	81.3276024705484	59.8386073378422	0
677.967	0.460714124913995	-2.05799029015299	10.7932048884207	13.3066586803365	6.04938399336544	14.6840598858315	9.64569415151283	13.6498367641989	5.98931355933442	12.2382554348551	10.1328461363769	13.6069778072483	18.9217496376511	21.3435663310839	19.1456698162497	14.601830750511	37.7716912448052	40.4296115253916	33.3737063520668	42.0880499114216	36.3522003730072	48.782151534373	38.8737480298004	29.7652334195113	29.2583564293612	34.382730226749	18.6005532176346	34.798886614856	30.5013184994713	25.9787659889054	48.5323369596818	46.8886194814785	713.010234219923	1272.12905490966	100.792682489585	49.5372785045453	28.5860335702759	26.2714148458132	37.2837713083541	148.834549596016	212.816320757861	64.9929374252637	75.7168766464103	79.4333758673742	69.8146916607976	72.4498526431508	80.9541365348182	75.0502157798984	55.5584409958365	27.0473372856969	-78.3622257901833	-133.950059973041	427.87058378919
682.696	6.98772686806921	15.3988460054052	18.440030638059	11.3304858750228	15.5978402496597	27.4542439190565	10.6012919438055	18.2782641170852	13.9915874080357	18.440643178372	9.97614402322497	25.5974287398858	31.5520385979636	31.7181553310902	25.3888980464131	32.6705109277655	33.8752022781358	32.1450916801389	33.7456326967652	49.852592840853	64.7248459570434	37.6532779380389	29.9481664362687	41.3379738681313	31.6484494209277	28.7487261813632	33.986102666059	44.3944290094128	34.7784129368688	41.5103699047212	46.1865369576036	146.397973693991	1306.71294948184	606.698331622792	42.0659775558019	32.0715895094156	27.3833097055578	49.1035049023743	72.8570211282299	196.138291654369	139.437969361715	64.1525415926007	63.8965137658271	70.4433663651524	95.1467190053946	96.1501471757826	115.690255861785	87.6621038182111	104.093789183955	141.301930403144	104.446818329879	182.847832135611	382.719025789117
687.428	13.603930480819	13.829998581502	14.021324040431	16.7578445395687	11.0871146010101	14.3871685709358	13.4508919325294	13.5226906512394	9.67323553910516	16.1260555526896	11.9463547369399	17.398902697556	6.76007182775509	28.9761448091265	29.4010902930061	27.2046274057219	34.4461504402679	29.9066322894991	38.2289034916235	39.9972800718732	37.8186139931643	45.8785733202995	33.9269254404271	30.6722309050065	29.7909810252579	32.6522891209326	23.5908849653262	20.8620508385434	23.4576221795177	43.4330190714559	56.521372700787	541.938358049717	1203.46930103777	125.24320290348	41.3265226889123	28.6668063815929	36.3830238437829	44.5827743302365	113.887476175792	176.573745035799	71.4204011804854	56.1971481686591	66.6612984695194	51.7097777110044	88.8570142162828	94.9772570232775	64.8432347518008	97.4968422848311	143.088411875291	181.303104495914	65.2817016108841	184.124491108772	134.049113836581
692.16	16.0360098799383	23.596479606968	1.52404673736405	24.3769970102824	5.57364794037902	-0.283632601355856	18.6758672705049	15.8621077188281	17.5486218489324	10.3177380699128	22.384509099904	24.6202627748152	20.0504589765202	26.8159966186921	19.2787046930703	27.0342452142989	25.218295234225	26.8851936900704	34.1656990522631	48.0110536636509	57.035842302501	18.6797735049706	43.9653946836135	22.3947854452239	18.1109273880723	28.4296934743149	19.7101027321837	28.6329367076473	31.8895112719893	38.4153886666094	93.5229359093318	1074.84070625635	614.006315042581	42.0856803695593	34.6257038549203	41.9566740905142	20.0230172485581	38.3048045868078	149.672194543518	163.347920804625	51.2914813103839	57.5583040978737	47.2076019232759	79.9853236171986	69.9177392366771	67.6793611129884	75.1402377652482	95.3767059110308	130.482301104024	64.608130253181	277.130002274134	246.831901132808	488.565673528078
696.895	1.89940122137146	5.51495360907588	-14.1931679471331	-10.4666719542411	9.0407476947597	13.4212612321327	5.6191962179397	7.60467964353321	5.53448984169137	2.47328709583907	12.0927680330684	7.17531705457212	18.4758909483321	7.33281836562812	14.880713517289	24.3359463233943	17.2648957762234	29.2047002582397	25.0165223464537	26.8539425584468	32.9877799815152	30.7046984467689	30.1452855316575	20.6987644102034	19.9871800578158	19.7633339055005	17.489586566561	13.4080850730005	35.7848937093855	42.6430641357135	415.864720505561	1095.85445419127	137.48234914846	30.6016274173718	27.191460597958	26.079597605883	13.9562262740979	53.7447462392133	155.438116019983	74.166979815822	43.2790718402929	28.7087692586659	37.5531366922535	46.3038896525168	40.6712513557618	65.3387397750382	102.350696664639	14.6703958003143	15.1578930085564	39.4927509386971	7.34242082643516	34.5150188800741	593.652526257755
701.63	-12.4501479176677	-6.41703210297835	2.32099021620211	5.45941760088541	3.45814722108998	1.43982568820142	3.2691628143628	6.13501109155471	7.29839905087636	8.23062685963498	10.8089148199871	15.1293645807211	14.4912337690088	26.8894968231473	16.3109918251285	11.9476037976438	10.2414035953021	26.2184010649479	34.2934088104693	28.7467155315796	20.9451120553936	34.8338759256121	23.4728912760382	19.7549850678753	-4.24328651260753	28.5203432894703	19.3328328939533	25.0139874090945	48.5649434805186	75.3375641114794	865.773185945613	590.083365505827	25.9328312281648	19.668695917629	26.7175092069635	24.447300717432	20.3288722466733	94.3287348502165	159.360450961702	47.3837394602319	27.7733159582033	25.7339524378803	55.0292551305614	29.7759414538108	15.7746099132318	60.2416875650193	56.0941306562187	26.8982225930994	33.9680616596723	128.847381230604	203.618112681127	-194.912900353638	136.835475141299
706.367	4.36127724376558	-8.22558087129991	-2.34878536630402	11.4179141437034	-3.18141859951169	6.9939283318684	-1.98498771554631	7.56658654193796	1.9550650878679	0	0.280470707514358	1.33135192566828	23.3938067198694	7.48316621770561	2.64101200539867	18.2994121160004	22.1099735583679	8.7229745803983	15.5570065230931	32.8854482539791	22.8583682130441	4.70013746458079	18.6916660077031	-4.52639139919021	16.8185670719653	17.7344145092112	12.6996686013716	14.025071584485	38.225083336463	322.163644182021	984.908272340751	159.284415425892	29.6079286696231	22.6496518473608	16.3647822071456	14.244283162028	18.9898355172726	93.7836656544103	84.1594434100636	28.2065800718931	17.0643066772726	24.9570420610125	17.3651566869442	42.4594669484209	31.1288633171245	-5.71529206073521	59.0365246665802	68.0508594620878	10.3124544331561	64.0098329037464	-37.4648278089807	211.336168775852	-865.463475889425
711.106	0.9794106591199	2.18749276128376	-2.37359695984508	4.83873765268679	5.14404125579389	6.47882518004813	-2.45172436878204	0	5.26858022356147	-2.04052832437745	5.38523618905869	-15.1359274655674	-10.2326409894034	13.4057452674733	-3.00252437982103	0	20.2488278147032	16.8956475533797	16.5275670653856	17.0424802447978	18.0598706290146	16.2284415323092	21.6437799047701	22.8710315942852	-7.59406085281819	10.5422079422755	7.6309215628143	26.9636994203177	62.7719255282743	736.701525392124	605.886329512256	32.3281064165097	3.06007103216571	-6.24243091820712	9.70688326661365	4.92452105600597	40.3798762892699	131.584040806258	52.5430331007176	31.8300726528199	14.7086012041299	-1.64482681909202	36.9125618823737	30.4508324153728	13.7123288976843	9.6261100557225	48.1870539270268	-44.0126211142338	34.7379697356757	33.5408921066426	30.2884725575237	-78.3084999873949	-209.905409462997
715.845	-10.4028265892201	17.7024691125466	-9.60426649426551	-16.9433183657013	-2.60178665091089	-3.27690234755574	1.12731736448465	0.595000772635425	3.77510043864006	2.83819714903638	-3.72727761195395	6.46468485980576	7.85253089774101	10.0837387959448	4.04969683665428	1.67024428170393	0.353158064167259	17.8342758973927	7.7477554837876	14.2227632712869	14.4451591198734	30.830524799454	-4.77693024166867	8.48309670796988	4.38968400147883	19.9065309907063	21.4033314736891	36.367667480344	249.45794387165	910.756830742441	183.835370852347	20.0982516344718	25.4517677580905	9.47201195981745	29.0939885434526	8.04705880302274	72.79697769802	107.855079801079	22.0712253884116	33.1595899690351	33.8621511897826	9.42855370176941	17.7516850761175	36.4038293672378	22.8463888978318	48.6875656663306	23.2117729676616	5.56524745780541	14.0559970565911	75.1286355583018	57.4481275941506	165.630872521529	-35.3891078458783
720.586	-2.48308140281118	-4.880400104389	-1.20354713600047	-9.81404837008041	-9.78119320426314	-1.79188838068638	7.23294327717782	3.77779827989826	-1.11311101992192	2.84532217190517	-4.88636830530481	-9.55082038651939	5.72526831023349	-10.1090530591024	10.4879799689304	8.03729889815759	0.708089267515032	-1.86240074413502	17.9872126996689	2.16037396364775	17.4628916117689	-0.401401582952793	16.761227940799	-0.386563305092803	-6.60105582586417	15.3237444772605	17.9395112647558	46.2748402381364	599.152737844693	544.161300598383	7.86424500155265	10.9281119325466	7.24093110531847	11.605966216996	5.83340524458963	16.1345203511596	90.8192165163131	48.9140703304198	3.16094758453496	8.1902634375989	12.3444214131631	24.4645776561335	24.5465503255894	31.5823999361232	8.99789886879718	31.2382663358891	40.7225768368294	-13.9480462000401	-17.6141041184062	92.324357266164	-107.505711845751	36.0971028277667	-195.128718516275
725.329	-23.6262523453895	-36.3767410755244	0.406085868309277	-15.6651562215363	-19.1414398792804	4.23217644787643	8.69410147655252	-8.05046900502776	-6.08426707419038	-7.85481652308104	2.03662628440644	-24.85943021264	-21.3699694211799	-4.2341842419851	2.73965685110298	2.03388388640449	8.95929944614176	3.77032822745189	-15.7242817781139	1.31206760349147	-2.15565042187984	6.50092402944646	2.8276822729552	10.5647790165231	1.8560382934066	12.264543569193	28.1283041698235	174.941942099615	800.491592525569	172.172606685301	0	1.38271022703449	-2.4431446906536	13.1717995709505	19.1902899272857	45.1066719619412	83.7212930864869	19.1098666349357	16.9120792771283	7.80270090224819	-14.0572150579574	-9.00494482726958	-0.6211643215792	3.55204653470433	9.93586531683566	4.9406373447755	20.021294590113	-21.1777912748199	-35.6587883504889	-12.2964211147673	-178.775238837719	0	-1005.52427955775
730.072	13.1512343939222	0.903784638893952	5.31199207825555	13.0715166542265	13.2832024381616	20.6843002368482	8.74824414756607	11.1383297347012	18.8199639734366	9.7479367896811	12.5886149513426	7.29582080349022	17.129549328289	22.7229477300593	29.2901299473603	12.2792996060974	8.65448989652208	18.2102784638515	29.5625409612935	9.24166969420371	16.4849682754264	23.3037683122151	24.7946849399408	17.3238940764057	25.0257971839136	30.12636653599	37.9768127891815	508.098735726535	577.477965057873	43.3112036611268	17.0646543665141	23.6524583510984	8.77985506253446	37.2540007395786	34.1634884116326	75.124261342213	94.5665254084478	40.6428466165624	30.8152910779792	37.2936387118465	23.5745943563982	39.0756628982697	38.7520232707689	17.1560014437364	31.6595134648713	31.8169936089166	37.9218401072389	75.294189753308	-5.38212811302774	37.1189918854939	203.352290649877	205.888737700242	18.0676107112072
734.817	16.3007601962654	3.18564743763315	16.4603387101295	12.0025484361909	-6.35420337516212	-11.9470652933824	5.33248747663215	10.6053604681463	10.0475015467315	11.6742332613507	17.1002396892566	11.8959324851138	15.7826979307598	9.29657020536157	13.5341719439706	11.3357365731989	14.5262975146579	27.5088576401575	4.61254701776136	7.53433244134616	27.0870006682997	25.5274654784677	2.45609250283117	13.0849326897173	18.8082258905249	27.780941852758	151.53977870096	704.796916611074	206.65199195084	22.3408864521349	13.6782561753748	21.0176102375597	23.3429630937721	11.5439455000516	41.1369205097891	81.1728727942111	52.8165927294648	38.2899793542057	14.8219778486678	-0.988361619794023	22.1587733398105	28.5162213928755	54.1334684124413	46.0733208521075	41.9522592737661	21.0277675264561	58.4790372744804	68.6738731327572	72.2699039843019	9.96849544723909	-31.5065189505788	229.562509327942	509.475689577982
739.563	-5.15308243677808	5.52446372052184	3.74654105258318	-0.391670609133977	8.11947523823557	0.619777542849776	-0.469073840642622	10.315761795741	0.462002803488435	8.32044576342319	-4.17552847741137	8.14060382582752	7.4259495535228	13.7449198588566	0	3.82241379927313	13.9600749527309	10.8219942975459	12.7256093080445	17.0368250682804	14.1425726148302	20.825489700692	9.93834161317016	14.8411818696504	1.52211346944172	38.4570460679959	427.40880364014	541.641374915874	23.9535704913557	3.58731126919264	19.5136281884498	9.21328788344081	15.7425084235842	1.09479991284826	57.8814941136019	82.1145517342442	42.4910285318908	23.1514626169334	20.1480883766062	20.9963777294897	14.943890137552	6.3463477929222	19.7395981154478	18.2061770147866	61.1120786800546	-3.03881552854719	14.4875380754599	65.1286428200471	23.7601976339143	15.1262085522727	-7.96800578591125	322.119439771855	73.6265813743178
744.31	-13.0204735597678	1.39588556339738	5.89027678869272	0.395859128817328	7.1805166877279	5.32444619493424	-8.29657691336935	-1.04260783993425	4.43596281884042	-3.52653284937752	-5.12450612778778	-5.72358909382187	4.87848565612111	8.40826000110403	9.5798726965414	24.2333685332416	10.7676723638908	19.531650971449	1.7148929046921	6.343848229455	18.7606296629817	5.89349521000503	10.0446220909386	12.5674781270247	15.7685070150979	102.40303471713	616.059587331949	217.649925055871	4.03495493647018	15.9529652598137	6.45457308178836	20.4143628807952	2.16966253297011	18.8106306768593	73.4123644899605	49.9567609611657	8.50404494269792	13.0494668543461	2.84142582345957	13.1367554694578	11.3277749077343	27.9893041835645	0	22.8170832660837	36.0299393666423	-15.3565628836318	7.3212337963527	17.5533673493686	24.014288834911	-7.643984001061	100.66519401968	113.568900098334	-316.259257508724
749.058	5.26141698111333	15.5116662434761	5.95047526060147	-2.79933358999838	24.5250951319063	-2.84763276701161	2.63414413694676	-3.37044244573223	-5.42472944927934	13.1541190935819	5.48140070534434	5.78208402192832	23.5044081750216	4.43175244924378	18.2802487318022	20.9330571295852	3.75093713402818	5.91937917726124	13.8593525160519	6.40868218940868	11.2811683324395	19.9875106416008	25.7909978972078	28.6682006230559	24.0887552605879	365.471547783062	497.139223758358	48.2832080982175	30.3861590557981	19.0461867107964	15.576842322873	30.3917852379551	23.7448946179676	42.4770143066727	86.5230763832246	21.16371388582	32.6456330110136	12.2736712264697	8.61139535910476	28.0732962241207	35.4204947744964	18.2611662069567	26.6560688422678	51.3054469099355	20.7989510785193	17.5819740869646	-3.69802830538501	60.586937845324	59.7162196363021	36.0364914652161	61.0163937729687	336.540075616027	601.395611666348
753.808	8.58038707782559	30.1834748825692	-2.5993157840096	8.15212417666681	16.8996521178402	11.6098911586784	3.66119014399607	13.95611260164	11.7795988946136	1.67593031936406	15.5193392179038	15.4702695712975	34.7763754353765	9.03419924331077	10.9601716219082	10.1256486509163	10.322567345121	18.904575713089	15.0091485295873	8.39841594498827	36.7949513714296	21.6728003226129	19.8234992212407	21.7065055702167	89.4984026671782	584.163156210608	241.581398638359	21.956592158653	18.5072635629244	30.6127765535059	15.1383659757382	14.7509874073602	21.2234469884815	52.789567882261	77.1656788284932	34.4310927082502	28.4583052812033	19.4600605525992	14.1411001097829	20.2898810592313	13.8856255881373	25.2173984851671	44.3987990199681	30.3150682937556	52.998748871702	79.0613367488666	20.1026418034409	31.6299580941692	87.4952215989741	26.2360615367036	315.103367665162	304.041519180732	268.177592375276
758.558	-22.3870068833902	8.29283237777874	-21.1726056948775	-17.4307213288159	5.01868388730884	-3.28360513465748	-2.73368826989759	-1.7489056215699	1.7133959703505	-0.284400258027145	-10.42899453925	-13.8763611264281	-5.90144472762024	-9.58172516996844	8.18359370053711	-2.2092321331414	-6.61756416097732	7.78122469216932	-17.0799271320204	0.950123695150715	-2.34149658772097	0	8.77561901778886	0.850044858030731	317.730086643463	478.021576436048	29.006338953615	4.62533790859925	-17.3054908533954	0.760228494177029	10.9023073208571	-7.50959257017372	11.7524398636057	63.4165239558199	43.2929464030888	20.273990063731	-0.891560771743846	-2.83055387809908	9.929799356606	14.8319483374099	3.95866508503977	-7.33596947294451	18.8920779963264	11.5748426869464	50.3648648206957	-3.21995218701657	-28.1436947058074	23.0036027651527	-1.93665286350377	93.4957702437193	147.751798281583	142.878232982124	0
763.31	37.8730381431029	13.9322434147984	9.89839565967994	7.19654502972503	14.6261779736592	29.4742426606714	17.997977695801	11.59548148662	8.98816959504559	15.3749924842472	24.1768001218825	23.7178116318533	33.3084354530204	26.5840821578263	33.3897453719282	42.815794648273	27.0002141361109	26.3174593770062	36.2191759122838	28.5898068656455	41.5577316099259	28.8110664712794	26.8539435614138	97.9781747339959	562.635689991372	218.617061195299	33.9265080947568	27.1281618107591	34.1271261216659	24.8143656920694	26.8427816458478	28.7247792206842	54.1381531014197	82.4354338504783	49.8841154199188	24.1265417467504	45.9252348721728	19.2481601420513	32.9179582892587	45.3866904147995	20.189604964373	51.1327532793495	50.2404609275769	35.4197432246575	51.3732130892642	84.3000728324604	73.0727604196854	15.6427698936842	35.5576739982619	130.789901678603	344.479811220538	429.119738478852	298.414585320603
768.062	-2.81083541748205	15.0670579005392	0.454136395830498	13.245885600734	21.406370416126	20.960220754486	-2.3027778864048	11.4788875004082	2.52007193549428	15.8116423627261	5.85671703850878	-2.70286992786919	7.69615706951556	4.34059857183581	-14.1702117257971	17.4381805304438	28.0543697184435	5.05974742566202	35.6325069755474	8.31480965284421	9.64287988980127	25.8999184356275	16.7148593225886	277.430588799941	474.079814662687	68.17538677366	27.4747646992335	13.0957204758188	15.4414916931753	15.6540737590585	12.7728437280654	5.79870313141356	51.9124136222235	54.9402850666029	23.5245584554971	10.8715442366096	24.3248439116813	20.3996493608828	18.9132184306036	35.4492267263312	33.7700692319104	53.4993409261076	0	43.6958069875682	34.2605717602631	72.9332120073202	79.0247111980681	77.3666722624866	53.8355040021591	173.267737961545	308.586069262627	187.963982540717	40.1608561737762
772.815	31.4613048882956	5.52106905669201	-3.17692996209245	-7.2592460856407	-2.21304163521422	6.41920219383839	10.7394520391239	3.82385870625891	-1.51108007801911	9.65651577551882	1.30066370032231	-10.4187150928948	4.85763477882622	-1.57739413228606	-0.382734760206824	6.81928960180379	-9.21199309427061	-4.21377055145823	-11.0991619161012	-3.42156442525949	14.9369438037459	0.908190235040294	64.559525657599	482.78909368729	229.421324846134	-4.83777252282629	-7.95862750059853	1.58634900192873	1.58273398603703	5.08433348389553	8.509805447873	15.4533591888782	55.389981044879	22.2804080679745	-12.7859090387978	22.5984089701829	20.1813475062704	7.28094856228756	6.64095225894016	10.3554816169987	36.0760465416957	-3.14501558630704	27.0746489301227	-17.4671901231348	44.4178375458126	29.8173100116981	28.9572715914274	53.6488041429498	-47.8233012684483	123.683840372376	-43.435143371855	98.0057011044081	-541.826226694923
777.57	16.624576486159	23.5587483875006	-3.70478897516837	3.92147088722481	7.90353747817156	7.239534419626	14.0893345107462	2.52469830402125	7.96639454242257	9.85335981883079	14.9307433530433	15.7497722239084	9.91331127228851	0	6.24858637655218	1.54628843863657	7.76503212335814	9.88923296209751	15.5724438358598	3.99007038612228	9.83317881824828	-1.85340662777921	267.187523714814	452.024225507905	69.4250798868752	18.1000911532707	11.7752481602172	8.09343032083798	10.4974828249584	19.1556018450056	5.52571999624253	39.8151329003462	78.8082983957827	15.4270397442543	2.10428136411723	18.6246319302598	14.5085184406139	32.1939265247365	3.64879054545779	50.6083270862098	35.0302429002372	13.4783267482839	26.9181811588159	29.1653206408348	15.107758874508	16.9028463500566	12.0876355168473	82.1136189324035	115.895628343805	227.169150895636	88.6411012780426	-83.3362553436646	-245.720501404377
782.325	8.14926312027252	-14.0409294923225	-16.9283138243606	-14.6001775709017	-4.58586410080866	9.80137681608045	-12.4518044203369	4.42800513958033	-9.13284052342086	8.79237317508798	0.673808715979678	-0.799616954210531	-2.93591348343365	6.94593558208197	-3.56896276177553	1.17757746022187	9.12956423791622	-10.0415399387515	-6.22907984622968	10.1288065753531	10.483853613026	56.4585446017573	445.310404091448	215.673571549884	21.9220128712244	16.708050876895	0.41229662793003	17.668871171032	10.2491900347178	-6.88876227212095	5.21005014233149	41.2288985744432	32.7362924079056	6.18340898960644	4.70071804057069	-4.05245900311933	18.5337666809585	25.6488843998973	20.6420684149328	10.7293126885481	-10.851789338545	7.1688102151618	-8.63139661895374	21.3882531027583	33.5572079039738	-6.86526881723592	70.9152931406474	68.6644616458155	227.102856122474	82.5847856596334	-117.008175532198	-42.3098707243879	-415.841524831258
787.081	7.77025158302918	-3.73793338899812	17.8654659841094	10.4489694027005	12.9495685176033	-14.3777348279139	-6.80104838953627	1.19653647795236	0.267941048967611	-1.86793082323422	-3.11351212777332	6.97914695519654	-0.43067199980774	6.71279270378529	-2.85035511615372	4.8367194715888	0	-2.68983201163492	16.7286496610164	16.1209785226128	9.73994889008402	231.894844489834	438.528773813638	59.5526882649848	-10.1517172202436	21.4455518156923	-1.27008404695763	14.7675964655309	7.57745673896206	23.7174806816936	21.3994848089406	62.0644453960996	26.9748633022432	18.2014753998044	23.2567385161583	20.8060701209728	6.83169617188781	12.3939850884893	12.5002260181436	7.53812052772288	1.23811295666819	11.3763970979706	8.12444935586886	11.8258244015451	87.6212015550878	17.6237766132599	61.6155967243105	87.2946234813931	197.157945082182	26.3175817709097	-73.9374155251593	17.3781328605335	-619.152000372012
791.838	38.8132965143341	22.9391551442536	10.6123300992573	24.0545333568097	9.40866585355169	3.9500137610024	-7.33795536283984	7.88942449144714	14.990037714112	9.95256360468269	16.24356518039	11.8939707141875	2.15125596003451	23.8909574217628	-2.84757004615015	20.9386386443975	-12.3453166723124	5.37440757616416	0.491538357874864	8.83189855801189	15.8759680439904	446.926686868923	238.963794104695	19.986433453862	20.7245437800343	15.8542021182923	8.88190137221581	14.3316480488348	21.027924549532	14.5491355278115	20.5563225598834	41.4727420610874	25.2901366596625	3.38301224459433	23.6723920859263	28.6381314896248	45.3376391696694	13.9296093499721	22.2612389605868	5.79288850910692	34.0148380468102	9.35964339732696	26.5631268781682	24.4724152649006	1.96709184825466	79.8163894449351	20.9847928580898	75.4696110043563	139.781827852256	204.492298674049	244.678380882662	43.4028818998952	341.26732665094
796.596	-7.90759236346988	31.5188747376017	0.491384911801817	13.4076545622002	33.5451576230816	23.7767793598179	16.3341696021405	14.8557631497131	7.63495492533479	12.0393302479246	9.85769272201447	13.7872152001933	31.5564634931536	18.3595022105815	14.0892878012319	21.3295743875742	28.1871613135483	18.24916893783	29.5422230955379	32.2826169783116	234.238679361915	441.996408717036	98.250001876635	22.2535064522863	25.6032869912489	5.2379055156015	22.4039060501107	18.8931181911357	30.417148778776	31.3353545091429	50.256288610433	64.8345980353154	3.37866455496007	27.5693993484935	39.7440517688737	22.5854097610616	29.2996014181736	25.7516464062804	47.5661141402888	27.1448064495879	45.3598867989353	49.7150493048768	39.8369713335648	68.7705614751337	15.028638901901	78.9152340104812	152.486344321728	259.679061711973	224.374690347861	205.334419677255	131.677480224992	26.5279423512078	825.642560363827
801.355	-9.45175844513444	3.75294228446654	-8.48381130914009	5.18844663786208	-6.20529230114517	-3.15775810810825	1.67294736389766	5.25586653269719	-8.94481227814388	-7.1110096316442	-3.03918007293755	-1.80331587851778	-10.9721823228915	-1.8428994415791	-13.2358255797116	0	0.748698853073717	8.66452918621431	-0.864490739442306	32.8935375738206	312.994180151304	207.118102561704	13.0808929528832	2.45239844557217	-15.8980520032307	4.52164901507899	-17.1087160605907	5.93075707325906	-7.39655237542613	18.6428479134711	34.7072007648911	16.6100960577031	21.5102911242645	-5.94985662871964	5.39696195725778	9.74848586873871	-6.001736500809	8.16621130658909	2.38730778704619	12.7352687499202	11.420837393903	19.9886341525403	28.5497498842184	20.0362081683343	40.6504573766304	-10.3218157170747	56.5905864718831	119.458636136124	-18.6242895583668	12.8446376316599	-69.0146969384831	206.103450400962	-225.075855350955
806.114	16.8031261246834	25.3323604201491	4.66609622002705	19.9555639917772	19.305353825785	10.1048259459464	-1.43395488334085	11.1424370493181	9.88637146531693	14.7690200041841	14.2841463428065	12.6232111496245	0.378351114582466	25.4320122937916	11.8049255170401	16.2883039713716	34.440147241391	30.3258521517501	21.6122684860577	147.564064393667	353.525800602553	65.7854629038201	32.069285949004	4.49606381688232	19.0001109306904	22.608245075395	26.0350027008989	21.1283220734854	40.3112104460724	38.7478799770184	42.2994009322111	11.9159384761783	18.2290602748004	21.1963642398137	23.9008315249987	31.2763921622034	35.153028076167	34.9332372559644	37.2420014779206	33.6211094997893	28.2801687849027	33.5103572557293	40.8780509705854	43.7828252567304	42.3802640735083	44.3838075834213	147.627616883173	216.79530261741	111.745737350201	53.9474780529714	320.715356361186	-106.868455763462	1650.55627257367
810.875	-19.4286145816652	4.69117785558317	8.05962074368308	12.3724496749019	10.3421538352419	3.78930972972991	2.38992480556809	11.5629063719338	0.70616939037978	4.37600592716566	0.607836014587509	8.29525304118179	11.7288845520565	-2.94863910652657	-6.43905028202187	4.60321633973545	16.4713747676218	17.3290583724286	47.1147452996057	284.163616262728	191.849670135908	6.79075746103949	9.70517864246175	8.17466148524057	-8.14290468458158	12.0577307068773	4.09121471014125	11.1201695123607	18.121553319794	27.4159528139281	27.4765339388721	21.3042536392279	12.7603421923603	3.71866039294977	21.2023505463698	-0.406186911197446	12.4321684659615	13.1566737717269	24.3505394278712	11.7164472499266	11.420837393903	31.7466542422699	14.2748749421092	32.6515984965447	19.8927770140957	19.611449862442	104.569561958914	117.983838159135	85.6717319684871	69.3610432109632	81.1937611040978	160.302683645193	281.344819188694
815.635	5.25097691396358	2.34558892779159	1.27257169637101	11.9733383950663	17.5816615199113	17.999221216217	7.8867518583747	12.8243143397812	8.47403268455736	14.2220192632884	12.7645563063377	24.8857591235454	9.45877786456166	15.1117754209487	14.6667256423832	9.91461980866097	16.8457241941586	29.9320099160131	116.706249824711	303.808367869315	83.7653489325793	16.9768936525987	18.5664287073181	25.3414506042458	16.2858093691632	27.8835022596538	21.5718593807448	14.8268926831477	35.1336237832741	32.8991433767137	21.692000478057	19.4988084155645	28.4373340286887	11.5278472181443	15.4198913064508	15.8412895367004	12.860863930305	27.6743827612186	13.8463851648679	30.5646449998085	28.8240181846124	30.570852233297	23.3588862689059	40.0724163366685	57.9485243454093	45.4159891551288	194.376362229512	97.3366664812863	117.333024217711	102.757101053279	150.208458042581	229.003833778847	1181.64824059251
820.397	22.054103038647	16.4191224945411	15.6950509219092	16.3635624732573	20.3395692093092	9.15749851351394	13.6225713917381	7.77868246839185	9.4155918717304	10.6665144474663	3.64701608752506	14.7871902038458	14.7556934687162	18.0604145274752	22.5366759870765	32.2225143781482	18.7174713268429	39.3842235737014	204.452059878105	196.447516065873	20.7161615639712	17.4013159939137	10.5491072200671	18.8017214160533	3.48981629339211	16.2025756373664	10.0420724703467	17.4215989026985	24.0387952201349	39.4789720520564	15.5459336759408	23.4707879076239	23.3331971517446	18.9651680040439	23.9008315249987	19.09078482628	28.293900646671	13.1566737717269	22.9181547556435	30.5646449998085	28.2801687849027	26.4555452018916	53.2063520569524	46.75115239278	73.5167846173103	81.5423441648903	140.246236039015	39.819545378708	81.9468740568138	200.376347053894	243.581283312293	259.537678282693	300.10114046794
825.159	4.20078153117086	-7.03676678337476	0.424190565457004	-18.359118872435	-8.27372306819356	-11.3679291891897	-5.97481201392023	-5.46610119400508	-3.76623674869216	-3.28200444537425	7.59795018234387	2.52464222992489	-0.756702229164932	-8.10875754294806	13.5935505953795	-5.31140346892552	13.4765793553269	67.7408645467664	233.412499649423	85.8886814427537	-11.25878345868	-5.09306809577962	-2.10982144401342	27.793849049818	2.32654419559474	-11.6809266222874	4.46314332015409	25.5763898784297	32.9146580706463	27.050406776409	-1.4461333652038	0.361089044732675	5.46871808244013	10.4122491002594	12.7214103278219	11.7794204247259	10.7173866085875	9.52724652435394	8.5943080333663	21.9046622498628	-0.543849399709668	11.7580200897296	16.2214487978513	28.1991077924705	-19.0278736656568	71.2205284478156	70.1231180195074	-32.4455554937621	89.3965898801605	-5.13785505266394	56.8356327728684	175.569605897116	-506.420674539649
