Wavelength	500	495	490	485	480	475	470	465	460	455	450	445	440	435	430	425	420	415	410	405	400	395	390	385	380	375	370	365	360	355	350	345	340	335	330	325	320	315	310	305	300	295	290	285	280	275	270	265	260	255	250	245	240
248.336	-15.2555121873324	7.05117840975765	16.5790648358245	9.998724671426	-3.45453925721865	7.60138592449947	-12.4452583351022	-8.00170369597889	0.942791751227602	3.56084347563697	-16.4470835366201	-5.7845199107002	-4.16983595622474	-4.44143242903449	-13.9939374725746	-12.7938489090264	-3.00459044011644	5.13444907709667	-6.50517951447937	-0.916263706460748	3.61371104640683	-0.425689706081281	3.38696676574807	-14.3562767210251	4.66331600431499	1.13345256674863	-6.3319004362311	3.33934053294638	6.30139957089779	-0.366025423521568	10.861535364386	14.1056148955419	6.93454170835143	11.9098964851023	13.5003417501828	26.0210169681083	26.6208176535742	44.0795253436002	44.0419641639833	66.8784151767916	67.0560207662784	124.877010726001	344.005072074854	676.168656632036	847.522427778478	898.358741205775	909.340426049409	916.656740362339	842.628807279772	2270.09210301135	48460.9285501675	155345.976232318	53102.9859905542
252.814	-30.2426371515591	14.0753784008435	12.7287295135182	-8.14335088972046	-7.86128170911727	-9.48355518048198	-11.1793050157663	-4.2874336907701	-5.64592889893074	2.95257995558912	1.09437463695362	-6.49513560810305	3.17814678082439	-16.4018623736377	-12.0332511081386	-17.8771232116319	2.69895827576177	-4.73042460359351	-5.1941878597203	-15.3637823531169	2.70509839563288	15.2955123572868	-3.04243861662276	-22.1073107800068	13.4977451492769	5.8826779593641	0.446102628478231	-8.88787261345352	7.54721366509979	-5.69907313640966	-3.46904216875444	-8.66377245786442	13.5511291283497	-0.445766712671151	26.3330521956268	53.5656776262386	34.9694047681632	57.1484032205541	64.7898421028091	51.3621966918799	122.102315350872	339.344907196263	720.444504336543	977.343898434692	1060.79631943264	1087.12452248251	1030.00993836248	1120.90390706658	2188.13226233751	43980.1979981617	170109.630332795	69220.66193382	3235.12593404878
257.296	-11.2208315590697	-2.78525005385898	-3.52628334207638	-14.2183630196989	8.59672767960902	-18.390831413894	-9.07557799246654	1.99623928654753	-1.39652762096332	-13.957310164981	-2.16555955350678	-15.4231677078376	-8.08579138928885	-12.2807131451141	-28.9139867313856	1.26340826639764	-13.3518145460269	2.34015296191701	-23.1262003117006	3.25735792022157	-10.7057518989028	-3.53113995500901	-10.5357143084202	-2.43034273463421	-15.6572778871613	-29.1017559822264	-9.7102761152999	13.6302441767519	-25.4765041139621	16.0485839554808	9.43879142483807	16.2867621862802	3.4600142965479	10.5850519264317	11.4272168631244	36.616904454766	39.1781720345215	30.1562228955235	44.8156485584257	110.105701445974	287.48581458562	644.276182744843	963.258676404014	1090.3968657622	1039.27752177365	1094.00339506466	1128.75595311435	1965.7652173157	34139.9214992085	149519.735504748	73411.9722447212	3222.9304231711	5156.92482325869
261.781	1.89769999138415	13.5662304964762	-2.55589455557933	14.9088381618787	10.8004284938051	7.99794366875879	0.575583152664908	1.51924433195771	2.83421823808882	8.56367910176464	4.02870371668751	-10.8683809336388	5.0141402283515	-15.5771270874552	0.431472208492539	-0.854685267713348	-1.80647847465299	6.17406726263671	3.12893673886686	6.61072726875733	16.2952938571639	11.773307572935	4.07275645625222	7.39848063143448	17.2899138588871	9.99498811412699	15.6758358071471	19.1851041293864	9.80591860674648	8.36261991574123	-13.0607683333274	13.0474660681866	37.7433218535328	46.5445518845883	40.3527815467032	49.3791001408111	65.5708672410771	84.6982386125323	107.070369563884	272.568179255676	590.656466716309	926.471113174794	1065.03477183848	1084.99930178196	1134.9142182644	1166.13053983288	1906.51244323139	26237.3554158516	135644.605296078	80777.964576229	4529.86895642196	3114.25659805897	17706.2354594401
266.271	1.93012503502621	6.89901492097448	-11.4380896877466	-10.7612488805797	-5.0699861418191	-17.0439248627045	-5.85417852000699	-11.3314878924352	-2.01785156801902	-19.0950052000919	-1.49001459902859	0	-12.9813455320915	0.452665303138168	-7.46035746444581	-6.08502190989036	13.3207502509388	-14.0082502107403	2.12159953632267	-14.0076696561289	2.20982977777433	-3.12377534288727	-28.478625957783	-3.00995789697457	2.37639701430874	3.2345623673674	3.18873618313784	5.89925196255736	-0.453339427159208	-2.68594982808493	38.9661978976848	28.7525366856871	46.4229673222021	40.5119743472412	24.0592612517774	45.2502599121385	63.5404761985112	85.0338807458467	240.633488746092	516.987934976456	870.118839742878	1061.16953630255	1097.54833220397	1124.46260413514	1123.53858026614	1707.56567546341	20053.3394863405	113836.273092429	83778.2941411322	5521.28131746777	1822.0555560563	11800.9218368511	25579.3399707236
270.764	3.86253021401384	25.8865874253138	9.36396478961061	10.7676052554795	9.72321328382794	32.1700308204899	11.4223910246128	5.92677647985529	14.9986085426128	3.01678169945354	10.0635392913658	19.024254062707	30.6169598206887	-3.62346144105252	5.70834901246003	10.0027265578174	-11.0305807888372	0.966656862094577	13.2678294190355	10.6521171381601	6.63340519105145	7.29311443327535	8.28958472783683	36.6427855258335	28.5336082430591	12.0211851861924	26.4365630814418	16.8000961612175	11.7937872608191	20.1565225879831	19.4946070816347	46.9164480349084	47.343664791378	56.476989369862	57.5875222076361	69.6569046169195	100.358673496342	174.617058103936	513.186002276013	855.908005619852	1100.80008576347	1118.74264752063	1093.42185600534	1207.05350164629	1589.16971569082	14403.1925871302	95072.9478319242	87082.6778985823	6652.38278839084	1839.41440755739	7590.58687132598	23625.1337195542	8745.72651452449
275.26	2.52060450889739	17.4561337295759	-3.05536145506568	10.5400629327834	0.827629667586727	10.2438032139006	-3.72700389689754	-3.27912629092203	-0.847018624164047	3.60925975372919	-12.4048060276152	6.49612718003618	6.81135421867576	-4.43361252537705	22.7807025690762	-3.40568617157728	-8.9979010297524	7.5698348289274	4.675482741651	11.5245958846183	-4.86992045910731	0.509928247599074	4.56435463018924	5.40483429824963	12.1032741350618	4.97841048793796	20.5238536807566	14.6672286249306	3.10815064462932	9.64605768658949	31.226145892506	46.7915135512842	45.0315930056459	38.341789798695	58.2187913974163	74.0293271369457	148.64265915067	412.620026718251	753.511941403147	1046.9702950006	1046.1912910925	1045.70879100934	1129.51784937038	1456.88352245526	10224.0630415778	77981.168007921	87502.1345321191	7897.11461617577	1529.69328872241	4248.5431405218	19202.7404838882	11302.1240364258	449.391641748955
279.76	-0.612661450896426	-12.5918644562329	-14.8528035672871	3.72637319984567	15.2885215146075	-2.21321982002418	-10.3132146344764	-10.054824281309	-1.64701969669535	-10.8462649301491	6.73969897070201	-20.2106524933939	-3.53189701360654	-2.15527939660656	-3.34315928304829	-12.4168584786581	-26.681908399953	2.29991752621561	-7.5761932769959	-6.9362637822751	-4.20867299262908	-18.8394623577401	-25.1468090528986	-31.528947390185	-11.3147605694303	-15.4007510164701	3.03651167831305	0.864251127855414	-5.61207168443239	12.7886371777503	24.8779011161739	33.2771609171006	31.879917351114	45.0799169811927	47.6183500362422	92.8094337693082	358.542478711117	668.965943503354	992.966349725013	982.237430968905	1029.21816158963	1038.63814432579	1366.2729399118	8144.36004550493	63577.8924667041	75854.188100739	9712.5488709479	1479.10828718913	2483.79444734849	14583.0880218453	14135.8883026939	1423.60312235864	262.151338013828
284.264	-10.4955427627634	-6.77356649706207	-7.06789817331211	-17.2891168711875	-4.59488853419948	-5.2659460054868	8.48895346260985	-0.2334008701402	0.783755568633593	0.910823837633661	-4.72635976090347	-4.00729154130092	-4.20174688531139	-7.38444602306506	-13.5225264983119	-1.9695740933578	-11.6561983073978	0.437778169183098	23.0734675265543	-4.06241304135524	-12.5171958369306	-5.19026384407025	7.03907851329704	6.36510268447434	5.59964576423315	16.3324111644512	7.43123958188235	15.2168067655805	-3.69772159118035	24.7482610773809	26.8873729105298	43.2966976928131	56.2318751367129	62.2929011834638	82.5158977734573	285.717704219754	586.808478030368	905.645981641358	973.685096226825	934.25483197466	989.201914017388	1109.28621004148	5491.74988402313	51917.605449988	60545.2584455891	11322.7215568919	1571.38513899961	1763.31913402445	10494.9332932215	15975.9437163286	2785.18731047587	254.039966153287	353.452938246648
288.772	-2.75621598601165	-7.38883810680088	11.1365296906225	18.4404589272844	-4.34396008528522	5.31026226819222	9.27933265627274	5.5163692014158	2.71683282381172	-6.3146118453932	-4.78741245312612	24.6249377854696	-4.36951684130211	-3.87843270932533	0.752003332855253	10.4272838446717	7.08406026065311	14.0716123765656	14.9967245315523	7.20105611794661	0.473345098063825	23.6419593118677	-6.21102720554383	19.341971452838	18.7320746233534	8.71002144023617	11.7090283720062	22.9395375686298	27.1894601899516	31.0678155702531	42.8709252839595	35.6262176680304	33.655905800255	83.4615084131525	262.726888464303	502.3108333201	841.817473854298	955.235714126092	922.518382294399	924.427514344309	972.314293085595	3546.71835527852	42967.8033349067	49150.1819528127	12975.2811216771	1446.77284920096	1481.69247802831	6706.82663234833	15805.7284567062	4835.81446505913	689.111692649252	152.105612077759	1867.31302188267
293.283	-23.7776569277601	-2.83301870696685	-3.84295837036506	-16.4708573255107	-24.6363422443583	-22.5874725040026	-1.68277619569672	2.74960284568843	2.60421127865686	-3.02642533688205	-15.2965288561278	-24.3304357949498	-9.13829711018375	-12.2682749504579	-3.96456693659891	-19.6331124396921	-15.0897843398849	-19.439018191884	-18.2955329308306	-21.1678167859491	-16.7877660318368	-3.42066766888952	2.97677997684608	4.12004086911347	-15.6135385096767	6.07197291659289	-10.4754077060446	24.5974384561639	11.9142257144504	38.9712974381955	53.4582882176182	21.7974863153263	64.5215183726084	179.069355067109	425.796569414444	717.127787532966	858.243504232973	848.996435372458	863.119746066517	854.826593960723	2297.16599748122	37225.066694061	41095.8554567289	13643.3076688488	1367.99350644374	1304.6726133492	4119.53098272362	14252.0812345098	6965.76076929728	744.552160329267	419.976634511917	46.0422127576927	169.570120913317
297.797	8.18458015886194	8.68503701712203	-1.24012169774211	6.22260469288278	4.36697909767121	15.7072206739504	8.84365511311341	0.40952129789543	5.95904629316995	10.3877566500311	6.2195943692603	1.05466909702597	-4.79200503393018	11.8769077052091	9.07185914644708	3.11020385089284	14.6084088121642	1.92029579759554	12.6513511426	22.2745080743995	37.7754386483812	24.4226501596763	25.5246776579916	18.347598873686	15.4933411987024	19.8391693175424	29.3371420278413	12.62797962296	16.9407870828575	37.0162329554044	52.4570498861123	64.7131987397529	171.41898645837	379.286093570258	664.642432303586	871.767178886142	855.91609029261	848.426123640208	856.998908718588	1747.45085031932	28537.8210532351	36048.4419066401	16200.7801245006	1252.09086964705	1300.73443649395	2571.39387900016	11688.3918999828	9577.83395420273	1381.33961666867	700.778150686121	513.158039903792	638.885849559783	0
302.315	3.01304817888437	30.0656970782627	16.6381605266364	18.326176662838	25.0628096153385	6.04696655735714	11.6519008099507	11.0557341942773	13.4999780886425	23.2715638332951	20.6433187084807	12.7695352747361	11.941702707723	20.4925421580971	16.4415436531389	21.7122445157388	8.24611069769059	21.8677712691574	12.4198202899433	10.0587578937498	20.6981106407243	18.2865464101965	23.4409372463158	23.8852417900634	20.4033894772759	31.0174847421687	33.4225083152662	55.2546494968046	47.4153462663102	63.2434942689991	66.0129838248403	139.142080359375	344.925568451986	622.824882931476	838.059794850331	841.452490627305	840.661952129945	817.716121436891	1368.67933162643	22693.4390304098	32751.9477101654	20250.3234633415	1147.81558032795	1053.07265031838	1661.16814770308	8415.76769577171	11348.455533375	2385.21637285923	848.872133868073	683.039342099182	654.896835392497	933.497565199775	1593.65793677429
306.837	0	-5.81746310025274	6.07024923095106	-11.0413566788188	0	-5.12566599391138	-12.7587591724908	-1.20273502905427	-5.60938995003731	-17.9919594170871	16.5268404614948	-6.88330754074219	-14.4346453068722	-21.1403855825051	0.341582146005879	6.08963219282674	-8.58077227603502	-1.87992422191728	-6.19268695029556	-1.74449737640577	-5.59019077533435	-2.43144381967361	-0.806066337010666	17.5713905196656	14.0577895381725	8.27236659521229	27.3020791747568	10.9496373081238	44.8137884060992	29.9660530268065	89.266718588507	287.84158259522	548.265606928254	796.124376114882	785.062548164822	798.865793367307	759.443118846615	1126.91910922671	17160.160457064	30480.3390910783	24943.3250499945	1154.57678380112	868.533722757485	1097.59644323248	5267.79758334387	11448.696470355	3663.48338512045	968.329863090167	663.726733512258	619.890890903082	564.199702958504	465.454254183233	-89.2830294497445
311.362	7.00208730169616	-4.02238507000407	2.42503138446009	4.94331907380664	-14.4515190293349	1.50564378299392	-9.55697726821671	3.00303793311995	8.73959042207211	-9.11482355662995	9.84565799415705	3.78103513507486	-12.2539440213996	-1.40757807921532	-8.18761200326239	13.5154153987308	-4.28496452134754	0	-10.3081024334443	-10.8893307108843	-4.2947127994298	1.21418564294604	-6.03785803567427	13.6493670012157	13.301076488513	29.0963025993252	30.1005736197264	29.2797242398729	37.0039501301522	76.2124734815739	245.775658224809	501.022993883362	743.977214743305	795.472198255176	788.104530034651	750.696183157917	969.53614681472	13079.5055411456	28571.7119782763	28179.447749657	1399.48136832292	737.569753016894	788.915590314505	3247.608892269	10279.802396672	5427.81479546924	1141.41228192928	846.217940057597	740.874828403833	650.919406316841	528.751258625542	566.555529267247	267.510616464486
315.89	20.9850574737532	34.3790005400826	20.5919595438775	23.5520311892107	20.6710605491475	18.9519615838817	8.63806059569424	11.8000258225221	17.4615367677407	4.94305234750792	10.7035770528101	22.663310581862	19.082454329918	24.9592906956249	18.4035310891831	26.6660006504651	18.5494362439288	17.6311416198146	30.06927549159	21.3215437581489	35.1810960826507	31.1326400740844	24.931287965805	42.4651196189009	46.1376733749191	41.6267171560695	58.0177765827399	58.1479249253749	80.6223879417094	237.793199773803	460.450151463127	777.74265007062	817.063525246196	792.548218449426	764.594631695735	900.930123044192	9247.58276165364	27131.7956799392	28581.9736629194	1715.55475248302	694.891916513266	685.91323162087	1799.82714946886	8368.70568419975	6842.71339411322	1515.81612871496	1051.19559227178	902.938345856302	807.411233771827	735.823181282647	690.152817082128	848.975443427124	1478.73122150268
320.422	2.50222001832388	19.2293938458487	14.1543575449615	3.42431576300456	4.60092191465641	9.03918947489306	-2.73217499923548	8.21314367359268	10.0900888646123	-0.260577087764841	-1.73849354868876	1.03179943789435	-7.57307528246835	8.09834629534594	0	2.0285077054894	-10.0041459737448	-3.38158028356654	20.2157938979178	1.74332024900301	-8.16476579966028	13.7688845972012	20.943583203539	19.1203814055993	27.7269154355428	43.4904759464426	46.4176496453717	71.6540812829618	192.886626966836	411.232892091705	682.997909883368	769.697532759398	745.45752431887	740.706888043953	820.860573660198	6643.05322750992	25639.8478167601	27136.3178199407	2303.47960552275	629.91412662542	554.417673835578	952.065234243131	5867.1530023775	7593.78053658326	1902.19160324935	1026.93055464882	940.19561540725	811.554246377978	725.350425638818	665.994268078637	633.330931752381	523.282704196896	874.383286168671
324.958	-14.4590969283266	2.76870086991319	-2.50380795978142	-9.02997981333556	-14.9209732329453	-5.90730621794433	-6.10841117191998	-3.7207090986059	5.78429100357583	6.18431653114472	-4.18579077540502	11.0017905811431	5.58176934559926	-3.99658303751356	-4.2267923286969	-13.6055989832326	5.53020073507193	6.20332912411231	-6.38577523288746	-8.09500900542187	19.9540149149934	25.9083156903174	15.3771912106707	10.8715604023083	28.2292709411117	33.008549817543	73.1256086789716	151.518573386243	375.510545114639	686.276237381873	769.808603601455	742.041243116591	736.616794642101	768.336780770822	4490.71764523494	25027.3379660838	26430.1767537765	3182.83038148126	613.728612986395	538.236692713928	606.876140676504	3664.82473970481	7996.69613715173	2577.62775874188	961.401776532033	968.227282285269	856.313453176732	743.08646375869	677.101746706753	619.006656991006	374.578074455761	727.450197530883	1012.73566551776
329.496	-1.57614961068428	3.28636558043674	2.97194557507659	2.79608281330389	5.86524884640457	7.27539815645269	12.6684601896317	10.0945623574689	9.1805305222502	-1.36781362292338	-5.17120135851658	13.3596921502575	13.6293823321863	4.80543331065783	3.58362626613375	-1.41973110405236	4.50115459365697	13.4114830390571	32.0514096841472	12.8113798823287	28.4217866310181	25.9340517042284	38.9005878794861	34.001592483751	57.4410942112572	35.8470226196762	145.448518630127	353.890545438464	643.406225590496	780.836110020928	766.210874771276	744.479590950416	754.17484611544	3329.78701711285	24155.2995256694	25461.2664002717	4540.36767206691	599.990009870725	521.137996296707	516.501410407722	1995.51057929524	7279.54330506505	3675.3293004119	921.213357214564	945.211018328398	964.404227683523	925.435887253206	803.269607807464	737.29356353209	714.606690112928	664.89243831863	465.430043417118	1554.90748538122
334.038	-8.98881531707371	12.284812524288	3.41829980951421	3.6180273982098	21.8753707699557	15.9175523137103	-7.69795364530631	7.83114623257202	14.4514145296056	15.6931139425493	-2.75525874047083	11.9918453306775	22.861371236091	-2.97616182055889	8.65588154770189	-1.78604938034414	15.1001070552727	28.1860091279892	21.7952960179156	13.8145417828216	30.8742978731122	43.2154722241936	33.192525058176	49.8865979269431	59.3720341689293	141.649703002326	334.319228354637	621.3237252979	784.26880108826	786.581438024815	765.303993266599	720.536203297571	2332.80119724268	23422.1335634613	24274.2132421721	5900.73551833418	575.287041366221	541.719669664396	460.966220795771	1138.66696350613	5641.90723744009	4945.54155659714	1039.92997004257	849.36473316129	938.196153732512	939.38271332736	945.015045841786	832.200197732672	734.52854108462	701.082173741833	558.991835597159	729.500402105264	1696.86121517238
338.584	34.2888548766014	27.8120681907049	1.27887326122948	14.8394277826957	10.7389706576235	16.1980429539451	9.60000354149287	15.836928708368	4.01805182231038	-4.66948820151682	7.02479740986078	16.3143840248173	19.3868517999323	15.9595667804288	21.5892423730942	13.8986991192296	9.41555950365634	18.2187744749097	16.9606879239355	19.7546697540402	45.7504783899887	49.0909931397266	53.0691083450489	68.6911958713948	141.069458720664	321.283762703682	557.642407162228	768.704363426461	750.101595326401	743.270864020102	719.951945488186	1689.05769013358	22877.2410809503	23329.0736223218	7912.01371643285	561.829241359009	487.832174669345	496.253844585879	659.593571274131	3989.60760612187	5769.2510031623	1351.49201125141	707.537954406829	827.989750107759	931.658898408692	930.96498187652	909.404668784034	779.850976792052	687.949431121262	717.51422946824	582.112632118302	750.782419775437	2294.82584873838
343.133	13.1759229658649	-20.251217729678	-9.79570058449564	8.81534928736418	-3.11490556659887	1.26926929764103	8.39229728630869	5.2741335234979	-0.708417499262209	4.66520460779462	15.8675810431603	9.0552321607496	21.6477808883994	12.6076160172807	10.0657374078706	-1.78024987594118	-0.376276882482782	19.3891522874448	19.5520718033381	11.0157475221939	40.2777948913312	27.2951424612704	31.8122549750679	96.1616434454034	276.429374897448	513.658153567678	742.219195719884	746.810437988245	727.131615714902	698.583743169336	1255.40486759	19806.932952929	22876.3657056005	9613.99075542885	555.709533245172	455.405570448336	425.870089321184	455.278789721294	2411.49498971181	5843.63564054674	2118.13050228773	558.277355581377	653.465027892229	767.609993198146	852.58539025045	938.406257363097	817.09530186823	856.160383631876	676.112057804793	626.604355673123	650.717344076317	727.131631767485	1672.55852244503
347.685	4.23366392152627	11.8224653661348	0	5.63287655945224	-10.7733166192902	-7.96561196978954	-16.372201553895	-6.56686608484078	-1.42267149698657	-0.275554259609376	-1.22561121740406	-0.363701368391134	-11.0591533473555	0.744679513365097	-17.3266322124329	5.00523358346506	-3.40044222945268	9.93317540929211	23.9954176579604	20.739610691454	35.4450535157238	36.4006946406267	72.8307288269105	220.349784942874	463.265061291983	716.838597379792	702.935678998686	724.504908824341	686.125433366471	1029.54661801805	15789.802624416	22762.2301983866	12102.1390991761	565.744147891589	433.438503896498	440.511846938212	401.275840001132	1412.60666781962	5139.99810294442	3030.15110764825	568.185333809192	485.912513070188	624.101384517556	784.241882833948	798.500748226294	819.412156189949	762.122843954609	691.616900198827	617.008806904302	616.239379069464	477.7972171258	730.126971842378	641.587046898217
352.24	11.2665624079511	2.39708693768298	-3.03484698838762	3.67105124610265	4.93243652074907	-1.93809975961145	7.07851092891742	5.15410719943384	2.40380436484441	1.67611618019523	10.2506738352322	3.31843399472594	8.89195912079994	-8.30439179503521	-9.14868484847884	14.4977980134865	24.1312145085272	6.04206084414504	8.84588642367219	-11.6808335142463	24.8771447282887	66.4244421523262	213.731967575082	457.232692413207	705.071052570886	749.454096685014	699.330196505922	707.624959015257	891.783382042693	13163.5748011572	23146.4216832014	14925.1291609451	624.596371322519	432.339652605173	427.611719005014	411.753099541831	808.797747788183	4005.65023298492	3989.30644871829	777.352181695133	448.137250249645	509.431531298015	656.580084001441	721.464565693311	867.898584360649	812.763392833966	822.962594200483	674.009327252594	652.131718988162	577.485268898249	393.302854757174	825.897956146917	1090.42867897737
356.799	-1.08496367363541	2.42380041360388	14.0281954401367	17.7349293667815	6.76862010930845	14.3711202616114	-3.70210078759757	1.52003404558674	3.64588905108575	0.564931685335845	9.42264435862988	19.0140188579676	19.154850703609	6.1068633541255	3.33023007117091	3.66484088134493	28.2731736649098	7.33127330986876	23.7028355182447	32.598377595766	84.313752330126	205.005935577904	447.508429347985	686.512900993366	819.126352253355	748.844915689239	702.898557843193	803.897463803768	10109.2961537179	23691.098127231	17671.4445653835	771.69255968786	405.732064747661	437.15770685175	418.057328242663	553.025929083451	2717.77182360402	4517.50472549312	1258.36054811128	481.717227393969	427.270260447759	496.885522909246	648.47323319195	739.47686728819	801.532344326828	784.46544564405	749.429375528397	702.865746198532	699.77054469228	578.612475093684	632.111236719745	1087.20810766438	1547.48150235208
361.361	-14.7490186479716	8.78645147123892	-11.9187237077426	13.7053176637835	-1.07617265424166	-0.986673264892211	8.94692173753036	7.21578149955282	-5.38454522367527	3.98206305241449	-3.16275611222889	18.3956010744527	10.2345840751873	11.5301148476872	2.60821823764521	15.4995315490999	17.55005060783	14.7646638811991	31.5236597943859	51.8546314470294	156.668060981419	373.967685610507	659.891000751975	722.813381554656	921.276676826786	734.051361192571	729.066386760818	8163.54383478523	24159.2315035173	19827.1836287354	1062.46024496348	362.806540277026	394.913925259976	436.337476587904	459.020309014155	1703.5637737938	4432.31216809526	2039.013056036	530.412605290795	460.686004911845	485.158957011567	513.80282118124	643.535693354688	719.136609980436	765.677926140253	757.686858866629	703.399281839631	680.125938573469	671.734892311399	641.440976060413	661.805503583958	848.851132463035	837.564176262662
365.926	19.1774754481664	6.85477297390347	-4.42782062288302	18.3295529671176	24.1079082980211	16.1648700047226	18.4470484268693	10.3084014286745	11.2929709306758	14.5503789197979	3.80689571690334	15.8158021618782	13.4245518793615	20.432065801243	16.8183130336337	27.3920813182988	15.2564853697055	57.1820728722976	42.4610252224591	130.270995368117	325.114305446581	646.021981989984	719.232833472396	724.593143571054	869.445717494792	735.8991442058	6817.89602456138	24245.801360519	22877.8403542476	1361.04994928616	365.793762717646	394.05214513833	427.672457180308	465.969050485205	1025.30242351074	3782.9989580773	2846.57548524704	698.628226426261	506.60229813624	492.934264190168	518.439448375064	557.705737264264	692.914107298603	725.20634760055	775.24418896413	727.659898238156	718.398496106512	646.783501136793	685.436407793676	726.505287474104	866.779464499965	596.805818498503	1230.87575718406
370.495	10.8695484450991	28.1676846167802	6.58778464370284	4.54516859974982	9.27932085742515	0.327215789653043	6.67601106904122	6.30884094288849	0.974021370588295	14.9981644994514	17.6212160899902	7.8436705461375	5.09122568092293	13.7656595836903	10.0090255475452	14.3191103295227	26.7730036002433	51.0050553498085	108.426666067349	265.52539372778	567.012229214981	693.989434598965	663.965373934558	686.501519175614	726.682809023639	6062.25536907588	24172.5224763071	24079.9187003382	1931.21122643629	321.805545259579	351.227303664051	393.467167126495	427.592353017158	664.82250645815	2812.62014932512	3508.64545061879	997.635438840519	553.987408604346	513.368145189464	522.686211381227	562.66625047284	583.603586217804	636.226661374189	718.547486687011	757.296686226505	719.611091417791	717.662274623808	655.27718989142	650.979450613431	720.604376135808	729.729858278982	647.207815976157	1627.83758062771
375.067	-11.915310456334	-0.967953125204173	-0.875345099905106	2.47064153201194	-8.89168415152244	-1.30435383171562	-11.3347589956191	-9.75585347384632	-0.97066564868925	-5.64018583459424	5.33086821211122	30.5221467692562	-7.41538616021096	-3.42955845038795	6.64969480767984	10.2449686665393	32.8676085689536	68.7212561933248	208.962216410205	474.035030728311	632.493739279824	635.060966699807	619.396736067954	637.682663624963	5855.04904006448	24403.5386974804	24057.7976255238	2471.97165008882	316.370888784671	336.901276871432	369.77327893295	412.592246621626	503.527098819068	1992.96076374643	3858.89362765539	1491.04960975172	616.235000218375	581.086327889255	589.965870741858	574.498270628335	597.21152597831	623.438522865903	684.918180000736	733.686533184566	759.153236707656	728.8531932265	670.728591675657	677.374656971338	608.430555400924	688.972879959514	840.059602600334	880.945615625317	1892.60086792632
379.641	6.26085263680487	-6.52712485867675	3.37294182227875	5.55336318828208	-10.6212410830979	-1.5706339671491	0.474738013835648	8.56261004373274	-1.63635400311528	8.69326563385775	10.8747950206905	-9.32275188445394	11.279009954339	-1.46833531782265	16.3702983374096	0	61.833926103645	155.120474671052	408.615721769059	540.7056286695	577.483784737192	599.943934197494	630.68764206618	3763.0409962474	24169.8436540853	23498.6188388581	3022.88167311178	296.23578545067	293.001510682371	345.598334346298	382.78121006492	436.557480612644	1239.06618021786	3536.65168240803	2237.5965303014	705.676704741732	631.956292479185	617.911204518225	617.702826918967	638.48868371846	614.234828656034	642.632608618632	694.621653800064	699.395655186211	728.724694341354	716.48802437678	731.785222688859	683.320427480019	739.57342859363	630.514801936129	636.122393222503	666.781132023496	1413.8915716485
384.219	11.3908113971737	-4.16405194720716	13.8074203874497	-7.47930746554786	1.70005636939808	5.61121915036629	5.65346879106972	4.55957889290318	5.56762798978033	5.39191096382401	5.69576318778461	16.368480083384	14.55104141415	18.9429817918347	17.6582845707048	48.9699812179335	136.403289928801	305.934472648528	457.152061422679	549.213194031475	540.185471156267	578.196448446108	3082.75109138708	25356.6529076137	24023.2493576406	3998.6641254149	301.342341479671	269.876968373841	337.468324599755	378.271599539731	434.387036927151	814.135636826541	2954.27180923893	2866.45771582771	935.450058711984	677.492411373125	688.843382319021	671.797359791219	681.318732515143	667.794508407624	685.214822171622	702.091897942878	702.132355367427	782.658024611085	758.180807778841	754.834020614687	734.712739783671	794.531050894818	730.271117880973	737.175794887767	1030.82050214331	1150.46074657773	1864.67707565065
388.801	-23.0234276102843	-8.49781746204848	-30.7391863576995	-6.08846671745408	-6.90228328550374	-15.9713182221167	-12.5241025350223	-10.8187224989195	2.01828106080523	-5.47283278255407	-13.6199762116693	-7.91149442386145	-8.65607237797978	-1.76073975542721	6.48652767974522	75.7408348472018	211.186487835177	403.96367600058	439.441417674811	480.347390659612	487.800959789651	2277.02260598373	25280.1889603039	24492.5015465879	5000.36969729001	299.080965883524	212.627659646596	281.00537039872	342.797554689604	370.54096862034	549.776542282519	2034.44144148025	3233.28392425339	1202.92044992752	656.553939167827	653.753985080145	653.223074739025	665.83902940578	670.911060122044	679.541124559695	683.6462398788	666.924922957762	702.244567313377	665.984510329357	710.629349289946	704.075880935036	679.705723993722	647.077398960288	627.891324249478	573.025703303072	841.976563497398	690.53253796296	464.019010372059
393.385	5.26817101998839	-0.427965567627917	10.0625292410485	-0.728237403320927	-1.57252848551805	1.44174989842632	1.96101748653165	0.383413366335275	11.8020338731189	7.48116392016373	-1.38644781382154	12.5074656480367	-3.45115662340568	33.3591819642337	79.0549507677911	179.244924083534	327.22435203267	368.563860730478	421.279989148359	460.883490349048	1867.4686622152	22541.2674451937	24210.3994369337	5934.58995883292	300.018362708911	229.083974467868	259.069865145936	314.489583268998	359.735822373431	432.538060763919	1331.97845718776	3089.30814101677	1665.38101884707	699.707371075787	657.035582818282	659.614776670723	689.942336908245	697.940888758548	702.558146249664	706.939544865455	669.549978965313	687.500538889303	677.880350121732	715.821146595392	683.931981688053	675.5968452583	679.599060819314	695.895413810404	726.407000934369	754.517207940161	842.623153160387	1085.02606791852	1297.8695688787
397.972	9.27187919212751	6.62825793470854	-7.49263181369246	-2.81970426596921	11.2642123690613	-0.279119715666529	0	-0.556710095372954	1.45399460864953	13.276426464945	5.6366803424489	-1.27443092781663	23.0507122276543	69.8014685685701	153.04870424768	284.063201390725	300.862562896367	352.937192762147	390.978281821505	1234.63033423565	19783.0771077734	23541.259447131	6962.49400890917	294.605166407184	220.208230031873	229.741874224878	295.417785852294	326.330535948354	376.966606370902	868.028376823687	2669.93452201395	2146.71301446039	754.894439927198	648.773749366654	661.158060739969	677.55537391142	717.047438676785	704.833952470281	715.928526749483	690.15876899441	676.463385438405	656.149316195795	704.893098927777	697.496051759839	708.672113542807	706.871950445597	661.106707568924	711.404589854818	770.512491281692	886.871346208658	1019.56282076418	1178.21408852111	1322.44626161391
402.562	22.7315879549254	-3.18633354047305	14.0472345417545	6.77743561383274	4.97587953377713	3.48863631070227	5.67792180857014	0.178414305003435	4.39348620779844	12.7644769891528	6.19351486024589	19.6046058572553	57.4923577751982	137.669310474143	255.075112385726	272.206161269701	314.082146676855	342.339440173869	877.471769266595	15427.0163287417	23997.2668507919	8454.73669540233	330.019482805217	211.304214686412	233.777522815506	256.736293878273	297.280801037726	347.385175627541	575.994362466939	1994.43811489249	2501.63955402746	923.637309485529	618.788246685323	643.623387859395	686.647074877201	680.365362762835	702.858056024868	733.869561796722	709.819137693872	706.369056207182	685.484077314945	670.774749469938	670.549056743988	672.49084350465	691.635160289708	697.152846917012	718.201903291342	705.268107614384	756.596250729093	952.987344976968	963.050346633545	1398.17568218656	1446.27629821009
407.156	15.9123502428679	8.29454891013042	14.6447618258202	-3.69658178725469	0.580527986465224	-2.12899460512894	7.23945889288151	1.94623190256597	7.12953682994413	8.05527940852829	5.37424506687628	30.0736101467404	92.3692284374616	257.498784471191	257.777181040078	269.643217321965	343.657801289586	637.832897766992	12316.8771285117	24109.5887276833	8977.8234784311	394.522425121643	202.056263331115	226.77893083844	266.444519672741	290.155845697541	315.463212325035	439.270689686206	1407.14015842285	2652.30236765318	1277.07214815069	612.05424624293	631.734241502396	671.105440333441	671.536313894513	709.892958606085	712.524553054536	735.783294137121	709.143615865537	700.922115228689	699.021016824573	643.912658860285	704.858461336843	675.647041599537	723.055012901813	728.747578518977	701.860356816886	819.902131781253	770.665652843662	955.873002034228	1006.20206908916	1168.29255927187	1654.89866357442
411.752	1.73889871212083	22.9196486190497	0.351302242545606	1.32205673064059	1.71287977705288	17.2747183536445	1.97781684558599	8.5266894917127	7.59636613499975	14.0341695865398	39.7683639404658	90.5264448963487	208.007916208602	239.490932201031	238.998878517062	278.414950974491	495.041354945405	9372.27058307084	22407.4963398575	11058.0311203406	448.697245189746	211.071646478632	210.271745281276	223.380207660354	273.61423858893	322.21614101252	386.906417102907	964.327048552938	2428.80145689842	1686.93129666436	677.67844375901	610.036639019574	638.815755147326	676.038136274025	679.275056124807	719.024294227797	719.23191268974	724.031904481945	723.961449328363	692.744887549299	699.213625366152	681.97784733755	691.091643616549	714.91822127796	727.625946781359	805.687219883309	785.118543981782	786.839970282705	814.965152401934	989.03883544586	1184.18719703577	1332.12550657136	1922.14549119613
416.352	28.6670780378885	-8.02914996851174	6.91520802612409	-6.50600551854601	5.33855306540768	5.92501163255949	6.03451118894789	9.59106261842809	1.91705959318974	27.6255572584988	57.2251512224624	155.554593524535	204.726562694278	221.263094999716	237.271566926366	394.269260028363	7364.99294489367	20117.6879849499	11777.8027423459	555.209115449248	190.315003249969	209.819381819495	221.073052033568	271.23401503702	320.186396102262	363.842668839521	651.939437798761	1976.99526722308	2105.58199878325	790.713499171276	608.38726368495	609.826859229571	652.18987347365	694.434442421402	716.246413422365	719.917203223195	731.633460225401	690.063924389834	726.168688412172	686.799567948715	703.703034807963	667.386750322745	682.305253000065	700.61517919713	748.603495256168	766.881534064243	784.775786046698	850.186669611652	843.04836389385	881.326480661708	1059.85150253175	1168.19372579592	488.212485536431
420.954	8.38431766767829	8.99064023964389	4.06523450044233	11.4740314365722	-2.75295470580489	-7.31961893959642	0	9.22933674116252	19.3464792171194	49.3317934305533	119.903268263203	169.695984627185	186.69113392226	230.062242954942	301.959135916414	5667.30312771817	18780.668062599	12605.2397055249	696.043571105401	182.909873012936	171.708086696802	212.701044619612	262.488015140605	296.476310393871	330.126006454018	489.265276379002	1502.20923298433	2266.11856789986	1042.43429243626	590.962096234755	602.722410157543	634.678320853801	667.216090111483	695.520266478896	692.850545904774	721.237643262193	697.679336688867	688.062215784673	687.452304539156	678.609065978446	658.628927763019	683.466042556339	686.647725577116	721.424129587688	704.433098639808	767.046963416785	818.071514808963	834.175130802967	894.341312282016	1064.51352656547	1161.35110907353	1448.98229925518	1136.06086314822
425.56	-13.9833995686869	4.410184368719	1.66176834752112	-4.06492941304917	1.62049030828261	-2.72382549799237	8.98145844751247	10.8654535502485	36.8545263163686	82.4470870655811	149.540847431696	160.546458015992	209.235822749861	289.654944147199	4013.27202687042	17425.3746158107	13230.0846016923	879.727165802811	173.597330637112	173.714984742738	206.244007419201	218.657094589624	280.686713638931	310.423212549425	402.259806375963	1052.45363675913	2149.05026263338	1338.44597172636	637.552324820623	608.386498163279	610.555525859932	645.845399829922	663.710868282991	691.950319244911	691.79144479588	692.320549535493	692.858340548697	674.675896829411	670.315856631197	685.713803772018	656.384689895414	642.890645834575	663.983681642548	698.456261214396	746.70491530827	784.886505341108	857.562589618878	936.278651301216	1056.67377597262	1112.76915612745	1307.56241333449	1236.38176204986	1539.83230670243
430.168	10.8935691957388	-15.1424926543784	14.6718734913982	0.613496703637913	-3.17942815189422	6.80169586769259	4.22188155803387	28.5857619019145	76.6477262899042	119.536196996191	144.36477903332	176.629974766567	242.767416796063	3074.87950265819	17326.7727062616	13307.0878664327	1130.89745387981	164.788551107171	173.293944364879	197.120134523096	221.728259125503	279.802510708215	311.72369693143	369.963377170854	746.320827058819	1902.07792316418	1652.30827231167	696.068994600633	603.553438887566	611.99148889375	631.726366876229	624.425381257686	658.383772362749	679.379757209826	679.244669274786	676.053719789236	652.366743830675	665.347823223092	636.657093016442	624.921118393446	661.898227876104	660.046429480136	678.306094555447	714.858129065441	771.777764553664	859.678699646239	916.981185217438	961.586895044613	1075.21012443606	1144.9341868646	1326.31717279209	1376.96432539005	1453.0417185065
434.779	-6.84212360906031	-1.07895889126604	14.6359573703978	9.48592079274128	6.34329009456748	4.60413808984866	32.2274868111673	55.0982967789816	102.788336499759	123.854049720526	132.359974041375	212.986100360247	2277.0075009669	17823.6050842048	15017.8445514743	1312.46948481824	163.501130424885	167.406941708672	183.48744660392	219.771427286096	252.980890230424	301.915967050954	356.956867592415	549.193039570181	1532.69404015949	1871.98401010966	873.716436155212	615.730902592388	631.286434222127	633.176828685392	666.467211400148	673.259862180607	679.948982724584	691.100144868687	684.959759051213	664.13347417915	661.61046571447	656.41782254845	649.016545626074	680.80896137815	665.283194638183	660.233348863131	668.187559768171	756.930477643248	803.073333990767	876.578658182047	946.832470299584	985.249903312624	1062.59395163274	1214.99154566908	1332.38780209742	1367.74849636262	1305.97139427695
439.393	8.79559618210251	-2.1435592913085	-2.26155559809955	15.8059917379567	15.2276165385957	32.255230144203	64.3898836538474	98.5810380414358	113.389619713709	135.728463635251	181.941382514127	1607.64902592815	15668.2042226819	17744.6712529467	1894.19160281529	169.888181717978	159.844290065863	160.589847845253	199.405534168357	245.467167743393	287.344375243352	335.494736237564	457.22380351995	1151.86617500589	1929.77437845456	1094.58323865124	626.158217593847	635.602969033851	642.298267599991	675.419725857362	680.468284380839	686.647203683632	685.133057906067	694.987463987363	685.385687218532	663.113417447172	668.955714713573	658.266687114964	622.504746742369	636.315249560766	660.442160720528	672.404129366827	739.851877468884	740.021955288437	834.649519300142	914.794602403922	993.982371350508	1076.45123857784	1134.86496708409	1341.87732560873	1314.26687448115	1602.5075247462	1254.51411182786
444.01	0	11.6563966540978	3.83315695321226	2.70474946633997	14.7960203984129	51.1681757670412	79.8478958003237	92.8788658051456	103.961806482596	151.484179572893	1015.46392753161	12689.284607659	16963.2812296246	2877.08201067209	171.749186130769	149.276161142378	152.958816271275	186.9695924752	231.043734214752	264.037605750265	317.362041021873	385.762839229336	852.581050146485	1776.2427956872	1353.74529593345	650.409862568556	616.566020167634	641.526722701383	661.502736301935	682.091858835799	669.788902832278	681.608317325807	671.634323064315	660.568462197573	653.876526276283	640.652692535691	620.42447049002	621.806208783726	602.882669112173	624.907439635877	647.246464532319	660.824862551317	699.243987939756	775.260303102302	870.197507467073	970.564922885838	1030.96454821657	1142.05782755609	1171.07329750636	1257.09524243533	1262.81703348896	1515.51782814912	1071.20501815458
448.63	-17.0722446067611	-4.50736729783529	7.83870976110702	18.2896520470571	38.4747877295027	69.3820524219157	82.6143667423335	100.487560287289	136.121491049636	773.779925125243	10549.2875698735	16435.5367106151	2952.28464294497	164.068587053228	143.973769207791	152.032299099469	190.863845115778	204.210312254395	249.180835175329	276.071578237096	347.834846326657	585.887106288756	1503.89175817637	1559.59415527261	742.660226441924	584.372376974009	609.609338117697	636.830324837144	663.53987526395	672.502854627442	668.939511755424	658.12095319703	670.843713654867	641.268636527878	639.561301750741	615.362180081585	610.267958809006	590.582034945298	591.076180567991	597.963022291545	602.758650947491	618.679570452165	702.19770129623	762.632142232377	874.010173957441	989.33694448296	1023.81310925091	1080.68184119746	1200.38694666224	1309.88490174811	1473.10740399684	1312.93209002497	1397.36415774677
453.253	-5.7533851246109	5.14120705919243	20.4570379232098	28.8697609208668	81.3572099361183	66.2776084716374	83.4126388459058	119.295285080531	571.929492415539	8421.02638148297	14002.2361271158	3727.87689533637	167.495174921725	141.138953790874	148.079570139509	169.464937934802	217.703702186666	242.762423855963	280.15936237701	328.023809714774	475.591431246514	1170.14017462112	1679.28047976034	898.415211698619	609.760459451196	589.520973536309	617.831360307754	651.445478204423	665.395007575234	669.06602576425	682.655947359796	675.36785504516	644.793973281868	638.261601664527	622.950932766782	614.239066552995	593.882357431955	580.831930222069	563.708742527931	581.804461419713	587.106047217991	624.474101113517	697.943674703118	809.756330192103	887.396474024695	970.452835126431	1019.27720664436	1190.11111676112	1314.40055409488	1373.69198919461	1394.06959643636	1615.3944227733	1942.09651546875
457.878	-23.171792565331	18.3301156844648	30.3900643189309	64.4036477120723	66.853773878246	77.5322237750991	110.088259717533	410.54771058159	6955.00841952383	12469.8486467055	3643.23831263638	172.563840968192	111.135631100915	121.605778277328	149.503767463066	193.495586881253	227.540263484701	259.247981441669	293.745935942829	375.480469237051	858.519814278965	1624.88005863487	1111.89877300829	595.051720193722	574.143207208874	595.848336649677	633.667515328884	644.636399325605	659.790446735399	653.107993119682	638.173471686635	637.001152062896	628.04275166228	600.670823926599	598.847415724448	584.543120511343	567.080101368787	525.360611378935	539.26775387613	555.188741960086	564.52453227385	615.483147524628	654.595400446954	771.878460687641	851.915551066059	979.791722608464	1086.08475623836	1163.70405167386	1187.31910075305	1366.03942489156	1272.18680847882	1152.98717691747	1666.03908636618
462.506	4.5204740077022	35.0088398264214	65.4497237665791	79.047405151293	86.0881373706675	110.681566641528	362.652078421645	5912.78105566809	10645.3374960283	4220.5124567419	197.386593812439	112.359811576596	111.29715848874	138.087215289579	195.282285584885	221.407284005292	257.114826830516	302.627375435421	344.718777183133	600.365204093184	1400.63594541403	1339.75677781243	647.280856239865	549.568078765968	585.508589273275	608.478848355163	639.33300500135	635.555249102383	669.167559113506	659.733295200219	643.755007860531	625.746286262648	616.024069315894	596.741219088796	579.227381253857	553.477975703201	544.837954484436	537.587489087023	539.924885776822	545.453126718584	561.000656878499	614.160587854284	686.405243593758	770.252967703648	890.177804401175	1007.21796783792	1085.88748744176	1181.5529162775	1326.9610861166	1452.3625617217	1444.74260633444	1860.07322611195	2108.88384707937
467.137	26.7771185570387	55.1672177982252	75.4347914714109	71.8192502982466	101.842426212874	295.792329715573	5902.91795982444	9371.24199603209	4574.04761566534	215.917055270807	105.510035265825	103.004200014116	124.618289931673	155.166890214663	179.855658958408	227.629982071028	255.961636234643	307.146615071626	437.210015276396	1082.1052748142	1431.32362019172	753.280192214979	545.644983261419	560.542027815434	583.265305246152	608.201764692344	626.180524393613	647.914504742787	642.818246228986	632.433699030766	630.686041337573	595.012855264601	579.272696257667	547.03491640176	548.664983953685	534.925393443933	509.359261682565	517.24178382707	519.843499112933	536.334873522513	559.24566805419	595.504736926069	653.749425198851	798.298794631086	842.647464592942	1003.89140014509	1094.72563095685	1182.17072778234	1291.59541022527	1390.17924742734	1389.01862183182	1577.11219747941	1684.167737289
471.771	40.9677553534748	34.6298123867105	44.4397990663224	68.4675555147997	211.589821087339	5146.70460318935	10567.934304122	5205.21757954393	230.354814965906	87.4402364639563	77.9970896973213	77.617412258057	102.394683878369	138.407434117041	178.237456086906	225.401884416465	256.651996068311	331.692036135952	746.37308538116	1330.06042121738	883.264549983146	500.262967505228	478.824518878742	532.397368520044	544.752809881536	583.700150767197	590.064502478667	603.162911087972	600.745426023872	586.796954959465	569.502938654715	561.817713070589	542.607154284973	520.160941078199	507.420939925992	480.370992482265	489.523405767597	465.169104586733	479.284319086422	505.396332926905	493.415481789036	545.107081570943	610.91409629005	711.34028296993	835.028200320009	912.032065052197	988.588399679717	1113.0256271982	1211.15367026498	1218.90276128221	1387.00974774456	1398.96900342666	1802.97637187884
476.407	62.8299896003192	63.6963074362282	74.823504587851	220.964836197474	3738.72735062154	12565.9375193037	5159.34850631648	277.531863043268	89.7210540754209	82.4572570342248	84.8809274576516	110.349623755507	133.443954471726	171.394714024302	207.764783008465	238.293409920736	289.342939127903	539.035217132377	1176.49295259298	1078.03678900892	527.523476044533	480.778734919281	508.617708924102	539.755103205757	556.157297918372	575.281848620408	594.70756659589	608.496905894061	608.930177167939	596.697455214342	559.620302529183	549.198114622578	548.335869385234	504.314924375974	493.295489593274	487.308130658114	465.139884911605	454.199750111713	490.17922891867	481.739334735419	518.623099387362	557.889779060004	619.988890391649	743.486125073229	845.22615136335	954.214663480947	1111.70818528345	1116.3048788489	1212.24284860093	1423.77760170971	1480.0375769022	1520.7720831842	7860.90242224527
481.047	47.9120792717827	73.2088172210452	190.04275757306	3985.81308705129	13000.4097426629	5687.00506444147	300.679384530669	76.1284767421354	74.0694543375023	68.1769370149261	80.8916006285285	123.416651024511	126.769941176496	164.175149180792	195.086403674662	232.258436443493	364.262471046484	875.139909716455	1133.70692449025	602.001010889838	447.531107678847	462.886830262828	489.211767865131	506.194079857467	527.668016168662	543.484939559858	546.920242254073	565.462328248301	562.583202644706	545.09932720607	541.194473962411	509.713448233516	486.695907246307	474.830934455215	462.337273199139	460.762179593598	442.706379014347	439.162150395188	432.680309655104	456.102794081923	457.872466362639	541.81547520171	588.208638266386	658.878760465339	776.814684476872	894.429529724192	959.05992061226	1037.17285217605	1131.5064632333	1250.82627699862	1459.13551271945	1715.63398045268	19431.6763775397
485.688	72.9070402580536	154.198073453906	3157.79984071878	12685.6823425944	7077.91975933319	415.575594965603	84.5076700363411	72.7391365515372	63.8547163893129	76.6872529126576	90.1512317047957	109.527756215381	137.283146519236	176.571245683139	203.666934673569	274.979534190161	631.684216250988	1082.66272474828	705.249046667238	419.569429932814	414.006273201365	448.559100872201	484.151963189474	491.920045126308	520.722404329812	542.310088444903	557.713570571304	551.700878010838	556.834120243349	534.815926610933	508.584898313439	483.381457331385	476.090523769276	461.646475463591	436.533602667811	436.349544412364	422.2328260584	428.836819600855	407.082199170216	433.772588721581	452.96089114395	497.206559213298	585.139321507022	669.331496787302	788.414755786847	908.934850573202	980.465353032375	1021.44342004162	1132.14472863634	1254.75960554265	1348.54713909911	6187.91729371529	30738.9194053963
490.333	129.509235989094	3105.34155079878	12198.8891616418	6993.7184119865	544.979258435618	84.6014010511878	71.7738542809321	73.1350313998276	81.6976213637521	95.3251105849297	101.111215635413	122.792980101156	149.901709049657	183.27254158043	215.96499243421	438.205897509525	925.152293251305	846.467522354885	440.37904192926	405.78075916001	434.750172870959	454.236281352802	480.403034312351	501.765279462835	522.266963767088	532.004927968259	514.33678622115	532.291746104923	534.350001532325	516.676847022271	478.99892353887	475.73635945471	460.977634117678	441.010193702691	431.497538620215	411.158747896962	399.169262116981	413.592759646316	426.350709267155	431.533522059535	467.665161626698	486.402251184212	582.33304913804	703.992837442503	791.942268305836	840.195388906026	972.377038625184	1057.93661488524	1185.74129945041	1328.32349132133	1701.4996709252	17012.7041083247	23783.194766299
494.979	2299.98693061358	11936.967364121	7780.38426797604	579.999618732248	70.0878751122681	64.2590501568816	58.9026792919858	63.8627914729881	66.2247917116577	90.5206461321012	90.4616509908615	105.10978911107	143.511229929892	181.150149777355	283.192352377685	693.771604015231	888.462139825105	470.049713022609	369.486865454462	355.185352881588	383.592843989791	435.394595890518	460.47421765352	464.715238817709	474.687148378451	487.846114148864	515.472426616204	501.597982171128	481.719001869473	477.213400516071	467.488272262324	435.743508612284	426.224830918445	412.067420215238	385.912096018349	386.650373795563	393.654505170688	374.808724763984	381.491489889706	383.701246774763	424.186295446815	464.482130234666	530.462646634571	623.383627810866	719.114859097089	788.69666939355	915.2935689832	1042.13978143915	1087.88527330716	1159.22351668174	4729.2947153956	24901.1025457924	7088.23539204257
499.629	10901.7852492695	7774.13298911561	667.464422152551	72.70328543024	64.7145657190111	59.3326094956879	63.5985905274113	72.1728677763718	89.125181980663	94.6426776198537	108.619150530313	122.660390038644	148.075369212864	204.667214626244	505.132734879806	858.816413181693	564.419345722243	342.811950329832	351.446331185663	355.051871659809	382.045674057422	407.882405091872	425.341398475658	455.061804737529	462.138938054729	464.508812509049	469.298476902881	470.58982803785	456.750681155411	451.02680979926	441.608049692204	414.558289126723	400.354005710183	374.949491933481	381.364028900365	372.362868903675	368.806435250426	362.270815156472	369.012480968175	385.736469940095	387.329671728305	447.516339797411	511.195742748836	611.586157542026	686.736965222942	795.642508072451	876.611395727172	1036.05918469214	1114.94457326834	1298.24736027478	13031.9018627013	19368.4058587652	1613.79699560098
504.281	8479.7222442509	779.326181389001	65.5457897543802	76.3895053881589	61.1824291579606	56.3141987385103	69.3159261849678	80.7298879511668	89.0535190334031	95.8818646068757	111.481333995016	136.095268702814	164.55182576751	348.319278111403	749.634485448467	642.741141727059	342.496725276728	330.82186805726	322.5922285074	332.190639406403	368.008501534524	409.190593585527	407.843751086059	434.450221964008	427.798512014899	431.662578952298	457.365940267414	461.54089576785	450.271345799406	432.171950723007	391.01801117318	395.392609123674	385.304565315474	361.377894432226	366.219643806955	342.24988822828	346.523133077348	346.864034075728	363.076293665109	347.840452997061	390.758799844422	409.930996218389	471.97812166887	549.704362297735	672.383788382463	748.302516084485	818.3871199031	963.195152762719	1053.94676643333	3528.73011904647	20234.8274903102	7587.69088977319	1876.02217782137
508.936	953.074031498947	65.9373723236467	56.6914918531081	56.9294483049036	52.9917498416568	56.9010187989439	69.7875861733064	75.8056796499203	90.8772414095157	100.689994596991	110.068229602194	124.655956957644	237.050031713557	562.383015812861	693.726342430869	346.244579527586	289.098367140573	289.282070813801	308.952593832874	341.567929508775	337.407151975602	359.442567704951	377.084793641133	391.410623492387	407.078302604639	411.959239969012	414.101071113747	427.128303163438	411.337962388587	400.619037185396	390.014932196208	350.381028557309	348.779939137004	340.238148589367	336.357585895127	311.840432781244	307.365140097931	312.116489248074	310.605826313924	333.358581684077	349.202669059294	374.861999369948	435.409704794968	528.897702885238	613.19333179274	707.995375801086	827.834257712387	948.043307486335	1098.78330626336	9973.51055288526	17073.7379806172	1641.73377250252	1322.03940012964
513.593	69.7455205217508	60.7097590376764	65.1224155907597	48.9051751703974	69.057895106619	78.5450748805811	82.6987172002795	79.704103842183	83.2241019110946	95.7761839606382	114.449178653052	178.072439694039	429.675355038267	698.442548177789	437.033042015939	261.712049007579	259.809471922916	286.784517421604	295.237756613459	311.884907126334	342.270259603294	377.820812379993	379.543602458969	386.596665170463	388.958590016872	397.103524720942	390.96576117314	407.310110029432	395.702986151293	370.880062664626	367.599248983827	351.571831271657	319.421251684283	322.661819847764	294.653579179046	311.422061200563	312.95024836161	307.490442218495	309.784704036384	340.536856569142	338.556621803269	396.149890803344	440.916693688858	513.555552967648	625.714401041251	721.649525718732	864.548572689392	954.713614709237	2570.25051975529	16110.8635477285	7177.92497760971	1033.88832490556	1597.83148111954
518.252	51.0609515540062	57.5168693793111	56.0821295320042	64.2457239755023	54.3112417697831	66.8977920648153	79.9983806034461	91.1117404970178	89.9004252250995	101.667261424756	131.370018753404	275.298783735075	607.891480361242	529.267537686884	259.742518013442	236.122159195647	245.941924687044	274.563761353048	271.244465107203	289.043996838992	318.341945293993	337.829159173775	341.198031998344	347.950385713252	370.560882260096	368.53423079007	367.131949606253	359.638514070534	370.684296373502	343.020812138322	326.674820610567	328.319936434838	307.60897634457	302.999236537614	294.774754183025	286.533049190253	279.994718930974	292.298483859865	300.395413364826	336.405800480002	330.91571843138	353.519124777528	423.172937829565	467.28132838589	576.954068800147	672.086918339173	846.768098549598	934.821180393683	7789.75910749148	14544.3592974549	1767.54855706924	971.319030888116	961.639071569844
522.914	47.9033651877857	46.0007980580095	50.2663210807158	72.0249399258949	69.4887138036194	80.9285604674926	77.0923605447534	89.8650752455638	98.3459735135479	111.870720014338	188.765406034323	441.742774763613	590.179070063657	296.543253506692	199.706248557266	220.979629273257	230.981024398738	251.759441692388	265.242410370162	277.08494209743	310.34662132335	307.509716315002	321.370901552882	340.904444534794	325.354439797744	340.967197799028	346.514197909266	340.143815491166	348.623467024306	329.330282526396	321.079743475114	313.624888513189	288.453828950129	284.539759931898	273.134693023726	274.08697255752	265.232057418055	259.095318336133	276.522329839947	289.690052633663	313.05583669552	337.047534419338	399.051873416706	466.073599333675	555.905228134425	694.895416568558	815.00018172741	1908.97867735939	13267.8759072192	6782.89551744999	976.553067594603	960.464566839725	2256.23727060987
527.579	35.3879623275359	46.9547297683019	45.0621166689382	58.1580639555201	50.4684722967845	69.9449667393058	83.752806291059	84.7056036637718	86.6452210935423	129.72804578032	316.855970928705	555.197297103743	352.889241517305	185.605029882418	190.422350801383	209.609039711354	208.75657559292	231.876004035325	256.376872669341	253.088610025405	268.573436202469	298.51379934034	303.216705994778	311.885676075111	317.666043231803	319.883400616562	312.061217770081	304.310568946366	304.009345327715	293.484267541519	286.115408477961	274.273075702158	267.842497252361	257.958442830448	252.403034335777	255.55100370493	243.90884235013	249.189808386719	270.64109662778	273.011522009946	293.392774781755	312.199930674628	356.594199918669	436.713342867325	561.747441331301	635.052148183198	739.467621039855	6003.67538165034	12338.1029835015	1568.76865114337	857.851494411832	1142.06661565785	3008.03331710252
532.245	27.5405148622864	36.4357597879131	44.800169345104	56.8333716801653	60.3636914071968	63.7420147142867	76.15509425681	79.4592362593319	102.562427475634	209.514742961011	470.081900768314	422.547706569941	182.994133860104	161.809986130113	161.992883487864	182.67244716497	184.878494031153	204.087603239898	239.134047919885	226.452663987012	253.992843656714	286.247679333636	274.901338436076	271.634712394706	295.926704037968	276.66252317722	284.138803560456	290.870743732249	286.550451377225	258.072983600192	257.486334576823	261.896417713676	244.677262646271	242.677297674033	233.147634565776	223.361433011024	227.999171854504	242.233259038294	236.627817046794	239.505947624028	263.545012541915	286.355289394499	319.226477718748	371.732922330589	506.053529634876	617.137874863311	1377.47808504167	10776.1187027443	6163.88704777088	762.981339844858	767.286376565169	1444.02436086544	2512.45234820308
536.915	45.445017214431	54.1460347830166	60.0412292484596	63.3437124217288	56.3707770262699	66.2320674459375	73.8414163007996	81.5707111191757	153.035678593832	363.769333233315	466.51459907317	237.217217407274	152.563736925307	144.391294992385	167.536472013274	185.182200691432	204.45735039584	204.990299507295	224.195197011915	217.676053566038	232.279900611263	242.830596376089	268.503290789699	266.605463891698	249.921356895645	266.035425207637	272.736548708595	266.349455365606	264.052678398702	262.500338763021	245.252725439281	234.587833281958	227.965681652319	219.453944641996	222.148270273451	220.220789397884	225.499406205374	217.162526169815	227.128628352911	227.167556199053	271.740274181592	275.434247672361	329.042857145584	416.677587138865	518.632887477201	608.841563374314	4652.73836967959	10919.3886345211	1550.40657099065	718.217915048257	698.587499458465	2037.57555923743	1684.75711978035
541.586	29.5466131450622	47.9161229789454	49.2272738683467	49.6422575894576	68.2698398642695	68.9612429410267	70.1996313630032	111.262222761451	256.432235338261	444.066416650137	286.17278197985	137.379454608957	137.737267675131	146.031979218951	148.042421305474	166.586308518309	172.143506597785	188.148659078934	199.07645926988	221.737835125943	210.174415473627	226.403118230064	226.050548507131	250.009518339813	260.575731589483	237.620154775632	260.597481355427	259.599144884537	242.37827048873	253.300288774838	233.980556737046	208.662609283578	220.179716434186	221.431390962566	196.053493088662	197.067659863082	207.22055499565	204.820029089416	224.730186572387	232.580842164569	240.42724168583	243.437110656845	287.238399418684	416.254152259223	496.856041596819	1005.45375374528	8991.13036531808	5780.08213884859	691.584962248117	660.344414369656	988.009601341132	2293.81811187908	923.488120956108
546.26	57.2711276420068	48.5528245912161	65.2680209631679	71.1749420174725	60.9948256349821	78.688973364509	89.6927208563158	195.154821027566	392.800874353396	364.346639621887	162.394320968651	128.172067703615	139.418125916316	150.588812489885	156.007583310757	177.331994689321	179.804994216276	186.328606141214	204.595964430356	212.295558696266	217.833076057679	227.564366573048	244.348005462198	236.448282882553	256.016487465299	238.623392289368	246.93980556225	240.038151842886	244.19818547153	232.197465856559	222.096227395716	219.093494099465	213.447229873671	202.338164869112	199.469852571587	212.24048548295	221.140559246188	215.336321509513	200.787034018983	228.734695886192	244.258696550389	272.958770446979	331.294613393742	431.913540227062	514.585923914864	3519.00345302497	9503.692896281	1584.85160152379	706.447736277754	725.669046332287	1507.14185088558	2191.29754369291	1021.07117499023
550.936	25.5217805010487	53.2144286440513	51.1122049428211	55.1180387159807	55.8664469515005	70.8176879441154	147.07711020345	304.851473521082	393.929085352784	187.586496174757	109.219050767335	111.595052555532	127.938308735756	130.120253503321	135.482340601737	152.676786411319	158.181321578361	163.01279094971	170.456245243459	187.47637888815	212.799852292775	215.206369899389	200.936023894681	227.842087505578	229.796113284801	226.070939341572	213.178127926621	215.492088394521	208.763080632085	202.54385302075	211.29106950675	199.123382498116	194.007733632798	189.203597156453	168.423001005894	168.380839279891	198.04625010105	184.363129445844	196.573414813328	201.736311555296	194.728474684214	248.088446035016	318.694842448834	401.161825917817	745.351148557487	7097.43428608531	5419.5546497089	610.219710007268	592.474121433549	727.501727715108	1866.68478771676	918.557575059787	316.536209758248
555.615	44.8205400760171	44.6855525605465	44.9003371156426	65.6180683787605	61.5422787902545	106.157678618361	245.20339865189	382.247542100247	240.318533088956	112.252348489179	107.876300219358	116.339302969367	116.112362465535	132.654661359365	137.19493283027	146.892539073795	157.353055164748	157.965320906426	181.086318575065	188.71623977429	181.301422545921	197.234081369843	198.246492964399	194.091255510877	205.502191043271	212.032940734419	192.768210074136	201.957791671558	209.066059413992	193.30159384701	191.457693487634	186.933180612172	179.89749806886	169.036558806248	159.976036483996	184.084907912896	177.170021101622	180.470906082295	188.094445368273	193.760997829143	191.172284095017	239.738283443239	342.51034365948	399.125102729124	2587.4710962136	8070.44554898473	1618.58229496069	549.682472526619	532.950434930638	1043.903361226	1735.04909292129	575.604110789873	488.701550245039
560.296	25.2970836898585	42.2189001067178	26.4551875410834	26.5867470779723	68.4039078435045	160.595527346773	341.719404474488	297.37857986439	118.17749158296	90.2668313606834	95.4182866874804	92.5526072811257	84.1760771217851	103.126620157387	116.218040729155	129.682438410377	125.363192185471	137.978111687122	130.95697997993	154.540252411164	152.055851835879	163.766398224584	167.964135493115	174.913704655234	179.181820662451	166.190130854646	164.099006656126	172.654078817088	175.366633506928	171.615902974986	159.511045665301	160.627466322602	148.926754884685	152.394509964463	159.029620430589	148.075862336207	139.371872896443	154.897697725528	163.515426747473	179.433618640815	188.912848312883	226.193026904774	315.935669112903	513.947153990999	5640.80542094456	4965.33622145273	466.815795163963	430.769565632062	470.65083472042	1343.27212985506	1004.75679198497	437.61777916676	-185.711953375665
564.979	36.4128939770232	43.6082304102566	46.7165551633925	59.9347313168863	119.560173885657	281.840020106638	333.718128044048	159.880377033269	83.0878265678656	89.1310537863681	90.6328966664702	102.163835846666	102.522729905893	102.741542472342	127.258376326003	123.504375791985	134.54069855961	145.993972338108	129.978638670002	163.134456860611	169.552363270929	171.631209564592	166.466640144059	187.623171622155	160.286189811142	178.482134884738	182.066647133099	181.369158527223	172.989806556722	166.120425375018	160.95804170022	161.052203985626	162.518730184664	156.964035741371	145.608610375576	158.123151390949	150.440878315195	151.438647627411	159.191338953155	187.254586318141	211.245352568073	277.004430173955	329.010740862156	2106.81750519646	6947.98642102364	1569.43623082307	431.429420766439	459.998274981491	693.090997662837	1520.75725358654	782.129358163771	621.493667368278	602.346309308079
569.664	27.2257198357517	43.2512330600434	53.7806652666865	86.8219675089508	184.251960265303	336.719132640985	196.292766631952	84.6113756456469	80.6456255328058	74.6219890243432	88.4493372213472	77.7027886543014	91.8278180502777	104.822886440631	118.903414662145	116.74357710139	115.54659249346	115.54814753021	128.123244508082	134.030296184904	134.425560755712	141.980665753407	148.815403668898	155.677474820964	156.15053882173	155.616196735584	154.214680621555	143.222273907452	156.402711613648	140.235039205707	142.876364065268	141.170945927217	139.308226749006	141.524542602503	130.314474016122	128.30006948016	131.787935765822	136.213235651439	171.022527311488	145.320854442445	201.817106357824	260.822723084112	390.781081737167	4796.78318002284	4521.39677779608	392.809583346136	388.464378354298	386.842792617176	1009.04590264366	1287.66298527432	455.200609103345	269.086152405788	-67.4166481999635
574.351	56.0619864506762	46.0072807227364	63.7952172073456	151.065285687437	288.512718892393	252.578615210607	98.5533202372063	73.7340945589765	72.9635590164536	74.8640354896457	83.9075590259755	91.997665324396	96.7367071657764	106.525767527345	114.198971966072	113.878919589724	111.907570674212	130.2819491245	127.963110394833	146.138793390101	141.471687909205	146.2829945065	140.575222077654	139.168831779221	147.06402734426	138.597362088976	157.965910149256	149.559960980831	141.350124022086	153.377425009071	149.08730136139	139.233675843347	134.415771161603	131.134398894282	131.710372279066	131.462383690116	134.473218665838	139.356713120499	144.72290081144	169.142688560651	210.264837028728	270.743627341939	1564.7277271292	6000.01809161801	1550.22919516022	380.41740975203	384.635901604686	572.372363197725	1379.89474828682	748.241199334634	388.46906475824	476.319095643195	1047.10962129581
579.04	39.6351274478143	40.5757625763817	96.0877759626328	255.699731878332	282.770733180937	123.487497224943	67.5774991991687	71.4712023641134	67.0686590243279	69.9276924956588	77.9789569603599	81.982898835247	85.1292680402097	85.0130701051491	97.3785874942486	100.606008944495	91.7605482946383	115.56457566451	118.646209468913	113.606825846199	112.345735639415	114.592239231863	130.691588960071	128.419739485943	130.194703502111	132.382887021317	133.50436794107	123.493424879592	129.878675215467	123.431616369364	129.771786954143	119.585931175672	117.738091605311	118.157685966155	95.3690941115339	123.128580319448	129.716132541498	130.638734411502	125.014764466924	165.063551735739	223.323760675578	307.220648879075	3805.99035458298	4007.54255244726	383.907193304476	324.032133864619	349.288441898498	709.468512002963	1272.31237230289	414.201638568828	293.974452612389	480.606765080698	-27.44247691505
583.732	23.2364883862745	60.2157559508528	172.439784735325	280.305745450964	171.666026760828	75.0806221283644	58.8487834640256	54.8772804633968	54.4848652431139	62.9150542958467	72.2007086831445	64.9422923235921	78.1402446009319	90.190388405614	91.927408296632	91.8324737833317	92.9019910444287	89.2646125653617	99.931593903421	108.601746783555	110.405820656965	108.74594543191	109.088618735584	116.258564523433	115.580725244874	119.04641318417	108.036828839935	114.45181198622	112.974099688574	118.83388388719	111.14667396553	106.506927733642	97.2664766554889	93.7075460080096	111.882816387004	110.74814642679	119.168507893336	124.116504182545	125.816476401625	166.122094060519	203.88572934143	1058.96777161111	5211.56254444565	1402.46225243002	273.97086340206	307.823582402284	342.444985653437	1017.69375116807	874.234115770055	303.169373090966	239.07853943688	455.567420746629	441.895421092989
588.426	35.0340462142844	125.225259083371	245.36296970271	201.544386584541	88.7030597824044	51.3268544251224	51.7133196655251	55.4712382552444	52.3234089610487	67.2924915979155	64.6838749676481	79.4552833463564	79.383768905186	83.8073741296293	90.0106740690559	85.7304909188394	94.769516927612	99.3684257313686	106.54304484521	109.160459260401	101.948835491526	113.085413577342	94.6121441829029	106.233334781739	112.724589043999	111.830709612226	104.458397665661	108.451181809973	120.686798827351	124.862254143351	102.341628311592	108.39304899582	103.978581154499	100.799432651492	104.466440524844	106.504154187925	114.062567591558	119.038495930205	126.1095115644	196.443206681264	236.400982055166	2953.07805691603	3717.77302085363	320.906638110279	244.568548138006	278.006974605684	518.592629843952	1187.03569507971	484.19910002277	274.256152247988	243.312359021744	412.685341732421	305.366047245131
593.121	84.5024138295712	209.753039630817	270.30128234158	127.004481088883	60.6301585202403	55.1167963585585	63.0072322824559	52.7734319478016	60.2977065313175	59.0736897452877	68.6316334510169	71.2491651538963	71.3236194800514	71.2899230057129	88.0594219579068	79.5521242190496	94.6850822353016	95.7535021486259	102.560874441571	87.901596517251	108.841624433073	102.254455164158	96.344947204985	109.815298320072	115.889620553092	107.051717570472	101.934111792214	111.753154543776	102.821396452363	121.131705274629	97.1994340342149	103.824844378132	98.2560503483994	107.946653699227	96.0966157970135	107.037047818061	114.313966992914	118.282307352079	165.545878615678	203.121094395499	719.238373827847	4453.75194659469	1431.48714837489	226.809675559696	230.954394899686	298.640268063581	751.500858423704	913.697925616885	296.68678974107	367.504524199347	395.4740767167	278.39397872769	697.486242122547
597.819	120.829696433588	225.793786180018	143.124654172726	47.2789912213003	37.4769852847943	40.7583412527952	36.708018933596	46.9484919230664	41.9700274677076	43.0363409809156	40.1064590056276	37.5983383233251	54.7381489947453	58.429313283742	70.3368843714098	67.2706697511894	68.2822905638966	73.8749195450212	73.654688552046	72.6662691695435	67.9306870906668	88.2225143370256	73.4878339418412	82.2460565814441	84.026825474816	85.0854117335388	74.1264678257934	90.2210909217788	75.7106994341748	72.5710888714925	71.7831237537216	78.7457127646913	69.9053867173428	72.6783450471397	72.1478245332548	73.0065872104619	82.2386893043079	103.018285352375	127.149225328853	173.793123102222	2220.5333321223	3554.32812882328	266.135625374963	178.649867425357	191.463134911218	293.478165943016	872.363192118347	513.262507011562	192.47905050985	182.938456994063	88.0774369655397	-22.8635516120735	-196.477861322566
602.519	226.499183246512	213.032887080359	80.1377543575317	38.60257784056	45.3253448866236	51.3477877447937	43.4929986809393	45.729146245498	54.562705280924	45.8526291367117	61.5505119025623	44.7087906339905	61.4563101291349	72.8423682752929	74.1357390972054	79.0537488207888	82.6951201055323	85.7718392807836	99.7400548545372	81.1820638006423	98.4380531269126	89.8778999670362	102.158066180539	97.7378082647662	89.0817869481202	90.881296788589	96.8960309301758	91.2089668452386	95.8702708788155	101.292911132268	86.5428045028581	79.6364705306035	84.2145877237232	93.4553092136542	92.2014427935525	86.1494181477999	89.0356906155728	120.274629639749	157.025377288291	525.086417495292	3746.24152592139	1539.9343680991	152.010155924843	196.879276823646	208.010612434044	546.29830058482	910.842820396065	304.354291993486	279.73878276455	248.420023868927	189.781372445556	138.257967426586	749.646778844897
607.221	226.141988273552	82.977890983631	46.2525225448318	34.082118865494	24.707110016249	37.8342523457461	31.3208098122057	38.6117845712442	41.7845439897004	38.5554008727569	47.5064920454169	51.7141213282667	41.5329462434589	51.5343575177536	58.1512277717326	59.2170535826926	65.438711522188	67.0130407623032	64.0138163679642	72.503302129101	64.6137948815736	83.8874273113893	80.2092136071381	76.773766368671	80.4241476805603	85.0898522881928	79.3500400726769	87.5152739267066	86.8645906312672	91.0674063067956	78.7843510564444	70.4484340931382	64.7029449189172	70.5117216437674	84.8161439507764	82.9054439154264	89.8392997295164	115.828103412576	152.250629429038	1824.4803936761	3366.50038155042	296.245700365504	150.413466603943	196.392360525293	202.627774508338	661.474827840075	596.124126760184	151.863280930291	246.803366313676	203.663027415855	160.608107063856	81.3784077563761	228.351053008954
611.924	151.940863441365	72.2201506189752	54.5343126811063	55.9157222315845	38.7436861500509	40.1442579607522	45.5942633151652	47.0706079515121	51.238943702938	41.2404649243047	60.3632749886591	62.7644498737039	57.6566526153437	62.2649835747253	65.600965148972	76.1659511544144	66.3561346821079	77.3657302016146	79.6203124301044	99.9463131970193	98.8931581132721	88.2906801243	94.9646013564542	95.4716338424855	92.8393174200494	100.709286751772	89.5545061573983	92.9166940747645	83.9978293889676	91.3802964516116	92.0568074658727	76.9600134018626	79.9037153424414	86.6280596390247	90.9647318068278	91.1979535884284	116.429318755948	142.42403579121	372.149392346726	3256.17445691259	1643.31044283741	165.609661105911	169.342833379772	178.851851183002	331.851609653098	758.466488998926	404.710838866125	214.651931508985	259.19963900141	290.636515046108	293.120343007033	569.2550257529	576.364222032691
616.63	73.5485324604385	33.9567489653525	43.2553100854259	37.8998196010675	36.4923433024486	46.4960496028733	28.256402705502	42.8521751356451	30.7565611258501	39.1471423974766	40.2176574692042	49.142596306365	59.4771794869124	47.722436895786	56.0201271988009	77.8431740986396	67.0958781400377	77.6146549201781	78.4868065136693	78.286320348733	98.2413176480472	97.5411508619507	80.2386264467189	89.5267476379059	82.705972718657	79.5287392176855	85.9239663578886	78.9662425508988	75.7210377465435	82.7326531516091	64.9612924438459	59.5574353257616	80.7944883052132	76.6084355556631	80.8934193551363	86.2143682299318	113.725221466152	144.011790250286	1415.2082346609	3092.61821053954	367.980795660968	149.154700510217	139.914155052109	168.712287857946	453.46566715421	665.630357497505	275.051247289505	210.154574370433	181.000840577854	121.948774105349	249.092102949381	178.020966797094	1063.59097645849
621.338	45.298868206433	35.6950545040652	37.6044929597089	31.6221828516715	34.344699759939	40.9101767348219	40.2814321711161	42.3640881386278	40.0388308531121	42.2417233997591	55.3157740733357	52.6412450733412	50.7444168478843	53.8915442325073	59.8302470772343	68.7165806637829	68.7981915431588	78.2234363635957	87.9293092675815	87.5076831954356	94.4149067387578	102.305126007606	91.4736273305997	79.9537788256851	76.3577622103924	82.518660516461	78.1422335959641	86.8470875297043	75.1542824391112	85.6738554003189	84.7436225677932	74.1813235715623	72.2853945200636	76.626612692622	72.469260664673	109.488525054424	117.306208744089	256.843301313447	2740.94094600233	1607.39500524268	133.153667049364	112.051784576822	158.319873345487	192.745841474109	577.899164866246	436.701525261349	214.426203419323	209.488164928635	198.473554139939	221.632501772297	200.201154246451	478.446131320936	352.4164608055
626.047	35.7563716796498	23.4065383876156	29.5667978191562	21.4951118926306	40.4089945222095	32.7928402056523	40.4800035764674	27.9598184411387	29.6195941559423	32.9063199374209	39.7196377627184	34.5747385277987	35.6532761216088	52.0700520719573	40.8379572933478	62.6368308659838	49.8690129428064	57.7495259421283	63.7539602527636	87.9879012589024	86.3982605114138	99.5889276131664	79.3040725914842	77.8056642442299	70.335613301769	63.0072822716619	58.2876495446871	65.6889642755561	67.6746898423299	63.3550974329833	60.0918337524811	55.1710083121762	63.4618956981175	60.5970420625065	72.8619542739329	103.472837819958	128.616032228045	1083.95338757836	2888.77747954613	395.427573328483	115.045629397587	116.854798586549	104.849300595005	323.355340584144	579.348039119864	229.04156400089	154.078589573926	176.448589294046	185.649852808894	148.499143707979	195.71142912352	217.373143901438	1215.6795797249
630.758	24.7937671994035	13.8942107021136	15.621220646448	25.559732252959	19.0414902736552	18.7229799626333	13.9567771670716	27.4187836856221	23.7240068106209	26.9138826864136	32.8466149240681	16.1732416963809	35.1273983840355	29.2710781983755	34.9700992481919	42.5845132943915	48.9040256599969	59.9467733050179	59.5879144656953	82.3445231527057	73.9739840786892	75.833259513274	74.0673446388512	65.861489161849	67.3651135061093	63.0797689374742	66.9467326793507	65.208257109188	57.1488004256502	47.3683196210242	58.1336692547426	44.2059327561862	52.1889917584093	52.0304724414461	80.7308865192331	103.933602864127	183.160858434811	2257.60232675215	1564.86252057363	80.7498231395923	96.2468783026223	99.2866369970595	130.90957919549	405.857492701061	440.039916281236	143.03354023661	109.406645345602	159.444861422321	137.008467042055	59.6258526940479	42.1565654601072	30.5146860386513	14.9844492442542
635.471	30.4892343985483	10.5953108577635	14.3724213494713	15.453649779489	24.7494394131816	19.886638112639	25.4307829357176	26.1038651336273	23.3370588619937	37.9247918439146	22.8014945570476	20.9539093843848	30.820017852097	37.5402867562054	39.2825306310373	58.0737649003792	49.5820375078451	52.7768923374838	52.3654105862067	80.0267997519172	79.2693244927165	64.4222998616784	58.9592945779495	64.0561354544373	54.4312208814047	68.7346557856024	62.9636183916328	50.4766043602637	56.6926719583581	51.2679234882915	45.173827738055	41.3429048141562	45.2449499246734	70.1066303367682	73.8990580222484	111.605063348248	797.374830882882	2569.78465230843	399.230612158115	86.301669963237	94.7919909710469	83.9276623840072	169.081823777453	417.957191521972	254.181095412464	104.141855959255	125.145369052745	126.155485538613	136.560307916126	97.3773559448363	39.2126894745168	36.8989210454493	256.692524785168
640.186	18.6671536547355	9.47779003796469	18.5133841707155	21.6110582632403	15.6018029999148	25.7988023275483	21.6179857160819	25.133745585864	31.7445287577942	24.5204897853141	20.387776374045	22.4509484825763	39.1320756938155	42.6849209203669	40.8029032184199	52.7367267121595	63.9108185527698	70.3946092910116	62.2564939849991	58.7468038422664	62.2954284590532	62.1395857446493	64.1911901646568	53.2594016610601	52.3391543653566	51.495043659655	50.7654793199891	39.2000052969685	45.7378935096113	51.0686039087285	43.5063715821945	53.3795779891706	59.1639077980267	56.7304780438164	90.5245422861918	146.243233571582	1817.96549077908	1552.08399395085	76.8295976416881	79.4636696336535	64.1921841449564	85.0347217033064	243.870212840302	367.146341446157	149.715594717432	116.857001671902	113.438504573897	153.815955467332	67.6561081663168	76.80212692405	81.8458749840085	-30.8066038764648	-468.961723521935
644.903	-10.2984279267224	9.96953010724842	4.85461010483961	9.78716145212884	8.45361147650599	14.7260846717118	23.8172327072583	20.7833301226558	20.1871950291021	24.5772401761798	19.8754066179599	17.6941410497038	25.3554331513102	37.1345205950391	37.7568651895488	35.3662851637444	56.0631222599105	50.9024261515614	57.3078265958388	59.7917642669281	61.1649212988439	58.6827894876256	67.3420691705394	58.2175495859244	53.8881678468145	47.1524673825683	51.0417239765985	53.5700883752047	38.0968913839396	55.5335060383426	45.4801180852612	43.3686244364348	55.076557710206	71.9510691133216	91.5589079383755	568.77344691164	2284.23821280378	441.847424012161	68.7262134497932	47.8898431549647	61.8127924568868	83.1234640054231	346.380354307385	245.740689442755	114.631123095546	92.8653403707225	119.766916709024	107.333662863834	24.3303718925331	41.989024525581	6.62248600747882	-6.23172222026133	-382.516328348909
649.621	8.26832835030685	11.6661355363086	26.3749718623578	22.1673981814439	22.8620640966574	7.86028175945407	15.8389314069786	24.2130215008484	19.6930269493778	32.402676698807	23.4322183530346	21.8326029350475	32.9269043818017	22.9635165577298	40.3691447901923	35.572910997525	59.6529384483977	79.0680782283256	71.3931298536996	85.6513567016735	87.8145777161251	78.5295900010392	77.7515832558865	74.6503375831719	66.2241112942694	54.0708899130169	46.8343031335506	55.2492037434922	45.6887929656063	43.9050597713636	46.4234040778393	44.5809175596949	49.5157464435392	73.5853276752787	103.703973667933	1484.9448294806	1522.35937659627	71.8015568417768	65.3428563138545	60.8152488476008	70.80560494341	143.261430145759	335.144841539247	105.22588360352	73.1968052720797	116.440563851431	130.648461282033	41.5842891971648	24.6747731686256	121.362654541538	-167.905715507257	0	-496.551581971418
654.341	27.3998717269997	24.0895298592668	21.4276585951097	24.19163059899	38.8886597153868	34.05803246743	20.5082587860599	22.1124531938737	30.8893255609466	33.5962212075084	38.1249648303455	31.5870248303754	35.3490143267207	42.9090544502993	42.2018415540123	42.992158849872	62.156931302901	82.286809602636	80.1528099751449	90.0605077155995	100.562799550903	106.212991876741	97.0983030830384	73.3975265726179	69.5378482922173	74.2721503377619	59.1391400364654	54.8603927242474	61.6568499446092	61.1916794809435	40.4528991424764	68.3656549499678	71.747713610746	100.367032964487	423.526267204297	2034.35633599278	528.07890926732	84.7512660053446	86.4659976287991	77.199631510724	84.7290700544224	271.67334029205	281.348398777337	113.109158657694	112.229079704225	144.33318844576	172.066032068772	115.511717210817	162.876808828178	177.303288239868	279.641777515731	218.214774329001	220.615058858227
659.063	-1.33695340291891	22.6992506770342	9.00329856957873	30.1551038593114	19.6079032807597	16.367320872729	13.1789299618682	15.8765120140269	10.782408057253	9.28187560536123	22.4481529124416	12.2510567018333	13.4878210753016	23.8298674380084	29.1818469951489	45.1602353750041	45.8167212827554	57.8845715023784	70.5400034068797	73.74121866793	84.5710905603485	87.9932169951557	78.5473041424335	79.5747860902289	67.4891070317906	52.4918845024267	55.8501885054453	50.9212944378147	39.2522297013766	31.0082654194373	44.7805107428184	45.6541125492402	75.7524125935073	92.382955036686	1156.76782682916	1445.94890638811	77.8412310156618	60.8258915054858	34.4718029498113	36.3295638826572	96.526192044964	272.960736012303	142.133058271443	110.909830356607	97.0055959567388	111.352510962725	66.8967787368685	61.3729992939402	143.716119061996	161.351435469102	-24.0726786128403	77.6648765830843	286.034091850007
663.787	13.1072340837554	23.4251672496714	25.2016384108998	26.8030036866689	22.8541524451628	25.5795945652635	27.3486866788651	22.6148204584733	28.9585013503252	29.8880454412048	33.2340387433594	35.7214796940112	32.5694591853711	48.9718822348197	41.619164061111	46.4116028364565	75.5084254084103	56.330401807585	85.3272543930298	82.6597420809833	106.340393131513	103.505599771852	90.5742106211151	68.369085191983	68.780461051546	62.974987203719	71.0431799916564	57.0631172877605	51.9110680602442	58.493614484325	55.3699626538514	73.0263409463434	90.9382147199311	292.272844753423	1783.62961205235	550.884112719826	72.3052837722187	64.8123137197615	61.6956257369656	78.0762493013829	161.598015840926	262.15651518749	102.245576045045	105.453101863154	122.231951738317	120.93534379368	115.549952481719	134.649633123129	100.90732177058	130.470151548787	299.945858934592	203.48066378313	547.951666789684
668.512	14.1188839584344	14.6515248086791	8.46512038334998	22.1612602891376	3.58906445762693	20.2919199345383	10.7749135824611	14.2201229411402	23.8754477116523	22.7662051062476	15.558116879349	27.2318075957895	32.491619526428	30.1217046937435	46.2883254870877	37.8454529928165	44.8729126691277	66.6799076519246	59.7000961593268	77.7421307796697	96.5984747722864	90.6646804290006	87.2384187167847	69.2497592017159	63.2530292062193	55.2813550505141	57.7228899908968	48.1858293550796	48.4590532087364	48.1686771449594	44.824544292353	63.2540976791094	85.3174383874303	935.115587429242	1425.98340962984	90.4663971883195	47.5827513586411	38.9502499840171	49.3214337627138	794.72018633651	198.712250558653	178.494384364287	64.1835752171559	78.570743462131	99.138067019975	56.4521519588667	69.4356087218017	135.684672803045	129.121253743181	80.2208525661554	-42.1746301269533	85.9865296344462	-357.282408492494
673.238	8.24743250486235	26.2040179335394	14.4403426843585	10.4506505348807	14.4427149351916	23.448654951763	18.3442818376681	13.0219099313254	23.4033541048353	26.2433750019742	17.5088065217482	27.3958045975039	19.4803056185143	25.46750347835	29.0653622638181	45.5023179939007	52.6670071396	56.7612449749781	72.1470974285177	53.0712845243985	79.8687603688023	73.4134794809102	85.5512585315009	68.9522679219924	48.7409019613113	56.2724307804192	46.7159427687566	48.1528434594492	36.8053048011562	41.4449933028981	50.1400265789314	66.4702543657557	215.213892251242	1498.32290724195	612.464408989861	36.4753095534176	35.9019802628112	54.621262126849	34.6078335968171	91.1561570811097	236.946709415531	121.59408497235	48.7107812202858	99.7767474849202	60.4455164536166	94.6535357433042	104.243315248236	78.5529232524352	144.512476622974	156.924373136479	56.5714889039614	246.204724883611	473.799437106975
677.967	9.69258254986859	12.7856719312276	4.84875447805878	12.6327679940908	18.4889132962918	15.8397314710868	12.599207868579	13.6716838480591	11.5807111184027	19.4664145987725	20.8440045645064	21.8870810843439	35.2552313145982	28.5769518990195	34.3157297132251	48.6423707516756	28.3390419321173	45.7420735950922	57.83663709975	47.0292192477796	65.7904630064326	68.3495495129867	69.0916096804641	47.1450923358652	57.9634116733064	57.0166846716245	46.7318110328972	39.390816979332	46.8319248546149	34.3626341229513	51.7784432209124	80.9205851675119	721.46750277223	1301.9540672068	112.020144962666	48.5148417119368	27.5007146437264	27.1122466147696	49.9824144961789	145.57589098012	204.245247567042	55.2995795573524	90.1483286531536	63.9600281763604	61.6499989148671	39.9552790096062	69.2835932385809	106.370283712473	143.936838119873	-79.0377112503965	156.712721140467	26.8119622484475	789.97205530838
682.696	17.7344181875198	20.8518696754368	7.91989221065785	23.4181773016351	3.9841716229167	16.0162540713907	14.8628866470831	17.5602734946633	14.8463154726028	8.74815734070235	19.9954605427928	33.0361261318624	22.8686090831834	19.3730668947662	33.1064957903245	32.7896370388055	51.9785841700208	43.799087729011	61.1743979897091	61.3722420507957	62.9169471894949	78.1750282781399	54.4619896992263	51.6733566931369	43.439888139094	30.501980643274	36.3481569254808	48.3882691356755	48.9980638531973	44.1626080938674	56.5310675532815	155.943845052517	1293.23299780882	603.915626467669	59.8851745885008	40.3986514215126	31.6163948498807	49.9909527085351	58.1840532812815	199.283759281004	118.979551336005	46.5094488587474	59.4225044518922	78.5312783167555	80.0376868092269	45.9097185511052	73.3395712655849	86.569226189102	14.8848660350176	118.73610263758	165.661863246415	20.3330719482618	382.746706326872
687.428	-2.81972232471204	1.67979673494132	-3.41793838521775	1.42919302964134	-0.61722914537649	6.79077090823566	16.0357077580688	8.65332464879785	13.0549066098534	1.7129073329844	14.6931595784168	13.5650976722358	6.77302342323977	21.4922293767754	37.8254084596469	35.5584675900475	25.8352290572621	39.5179873989631	34.868786485948	45.8389655648052	45.6003500873881	43.3535131988191	45.0084655187499	45.8047045988138	54.5054022899039	43.2034434006194	17.3027366059664	29.8323184338488	43.3796147168898	47.4138860005115	67.2759126366339	565.446814220179	1225.96566050021	106.73069514558	32.0468954682885	34.1427456407582	26.4670226462251	29.6356414837672	109.482602968112	188.361016799353	63.3143738078463	55.2538099299921	49.9613220890358	57.8144904020554	41.0732248483571	52.7025010454913	38.5792119648583	22.4538214692588	56.6243307131566	13.7959763206706	116.047671886242	-177.450339474543	201.088213609969
692.16	0.945009294912503	15.2002326195804	19.0916171376252	2.51466380158872	19.5482538925897	23.6122255039083	14.6179601719864	17.2114535955359	8.67994410835885	15.7458748264004	20.2443644620699	14.9376561610428	26.5581718427617	16.9546675504507	39.3199033752845	35.1130610134243	41.4932731243594	50.0203700696754	40.9010648494153	55.5522362839564	52.7453377687327	57.7360920642684	42.5908453472597	46.0533342775386	37.6976818226453	40.0443632303551	36.8006195580814	39.6590630862567	33.9598339952734	64.1096125760855	116.095522688353	1090.25141025777	622.538790517764	53.1535679548524	40.1894438639841	44.5534574366971	35.0952534103591	57.552153247695	143.615927680402	150.406224698762	45.5399872095537	56.6118959920729	55.489405050364	48.1061873006129	56.1004599057101	105.047520377232	90.8761986962653	69.0550874496003	51.9083053456602	120.214132175482	262.524561891895	68.6205948717148	-16.848310673479
696.895	13.7956893336416	17.0038415112009	20.7589697211751	18.8072179432581	26.2413413791153	12.0294963227475	17.3143890609383	20.9463408634552	18.7566410634991	19.0729060417562	26.4413109910028	15.3660346530014	31.1949497057582	37.1519321293811	39.9114077273071	36.9584007074493	40.0768809149618	45.3597687997675	70.2000902254707	55.5151988485065	48.6101555026921	54.2786295233618	43.2629375223011	60.0904427279225	23.8967656890674	28.0164149204573	44.4606389646583	46.3035084035806	45.5872735204177	65.2069805926472	424.972933765354	1140.17472956927	143.572093564768	54.1876724863389	31.7420318525412	38.9732631493983	46.5937387064403	72.7369446072861	151.517748731001	85.8705479718506	50.2862732560181	54.3329665199258	61.1588239949102	48.4328762944493	88.6444790585066	80.4905947988347	78.104069645116	72.1980419230006	185.441599886011	195.510817444244	194.559588503616	297.072367764075	593.69546277269
701.63	-2.87833341844298	-2.57206979353904	0.775329793617651	5.83560164427546	3.46532420310419	-2.88830196015862	8.07538711919794	10.7534532185111	6.87807354746433	13.7383088439426	12.2210598022812	20.4409031947808	6.91380831798714	14.8509947316648	8.50765214319218	28.8436208270088	14.0423633123552	9.00433328728157	33.6161526122812	34.2582674410649	56.4345488810657	39.9844776975336	22.0067980577375	23.191376173234	34.3752914091893	24.8070799511395	18.3417162325209	28.0838953642696	35.4926520142786	86.1176186609903	916.207848313997	636.569430683593	39.2741889590399	13.2368202044691	26.3814727129616	34.1108996385334	33.6735734823054	89.5117361191516	113.067989601097	46.0904476643926	36.7896317409332	29.5440736345484	47.4416969781793	62.4079668099629	45.8823532092557	34.9214968862659	31.5048993533751	48.537633925053	22.1005089076799	14.0827411748387	133.267334639551	-160.238208130096	0
706.367	-1.94186870913663	12.1467348864106	8.6307627953615	-1.47637155576665	1.91281275809053	-8.7686729527735	6.18428763596878	4.08083692801009	14.5734260817794	5.05557554234824	8.15125000306922	-1.66820116060206	12.9437192907213	11.9547620040211	12.2520320205369	19.6780039858916	16.6367162123924	25.8785491445969	20.4112348538121	30.0178729025411	11.2553311582326	10.2140404474312	33.6008664505921	17.0340284142745	7.1725679717571	29.9855227070624	25.0922203749841	29.4474523577436	55.415874265929	332.381946863862	1037.43918440673	152.536821630246	18.8618057403535	24.3863854676439	7.83123895757004	28.5160233226271	21.3970813576325	122.875096648474	78.6375421926028	32.0372084618155	20.6275477113989	11.9591521462567	4.20086079994982	24.0264868867796	68.0466326632983	11.461524731286	34.1594872116265	23.1950356935307	30.9671651171062	-38.0037062434309	-131.117082805538	-63.4527977825105	-640.489292839083
711.106	14.2272680792732	-3.50715655748201	-0.396451572299069	12.3087304888743	5.15471711463184	4.72602750594281	10.2672260938717	11.979078900371	4.39623095669658	16.0932887124007	15.0544789821826	21.5785388176642	12.7269256552412	10.3551832688255	19.0741370764852	18.5601493008622	27.6705063853971	28.3619407518983	24.6713311879573	46.1433335075636	34.9652188051334	26.9958360951224	34.3506470786938	32.897807076275	17.0335896051929	20.0840675265958	34.7360057182288	29.4124936822743	38.3712368257321	783.067837918739	606.754162803231	31.0320141590801	22.1244377086968	28.8091750558029	12.2306730502658	13.6502785681296	47.2505023444303	133.496675495626	54.0205428185174	18.5683796037409	6.10110689624084	21.4242664967597	43.6652943377779	23.5865700708172	34.7872271624504	21.2347657874735	31.0683004682854	48.2589438089109	41.7257191917011	-67.2090328339987	75.7155138495397	341.989796248839	-192.427208492258
715.845	-18.3621053497037	-12.4171072161281	-4.81247652846592	2.26385082948989	-5.8661693015529	-8.96385351421185	4.51567339755472	6.75413506583414	2.22355429295427	4.90970149005758	3.44800859615408	6.4802669095273	-0.357617069606142	21.2992153013216	8.1241609577475	18.7749461128471	23.3846667388326	13.7861874123823	18.8199217648543	33.7114200321418	15.3411491567344	10.4413932247352	13.9791558888441	8.51311328728364	19.0637747936508	19.6036409886527	26.7048844797708	30.1029187339066	248.977468386727	943.719304386363	179.658456995941	18.766447174054	37.8746653485977	21.769159099341	20.0138832946904	27.6165067842509	80.2023044041525	96.4583099923889	36.1294037386303	13.4854258108493	19.5437643992631	7.77976760922398	34.9684180049286	44.2103198663586	25.3694052063912	25.3860643228324	-5.81997300949936	11.1582731648839	72.1063778062996	-50.9901327826178	-141.694775099485	-64.865183985386	-176.958336993153
720.586	-21.39331544437	-11.1145349802201	-19.2982311646199	0	0	-8.68681119858473	7.01686482471312	-1.7923475321034	-0.891654525454758	-8.80783747940591	-4.89694136425921	-5.12884342158846	5.01920766345148	-2.10026409315395	5.76906042059584	3.02497695351704	7.10405203370613	-1.12060510696003	13.9452976294124	17.3313073499398	-0.854425647026219	-4.02600205583733	-0.800814241403738	5.81896680348473	-4.41037674911652	-1.78662309609337	11.272389280714	32.2839652295122	615.242123539743	588.838787077959	17.8054991719512	17.4452997438754	8.97466725493645	4.92795675673348	6.20163901876852	18.0726980997839	69.4395112707619	55.8713765231389	3.16925902615233	13.5192796843656	-4.12480571645866	8.35639068510831	33.8261606722612	-16.8843069150064	20.5105586089926	35.2381757714486	-19.8375838859882	-27.9657123598673	-58.1825366188228	-29.2103649376817	-257.226556271563	-166.182722466101	-532.207721991089
725.329	38.2735951745083	18.0006134997065	21.161947759205	7.27469975013071	-0.66141950722773	2.12244503454585	4.12410723097149	12.901366539886	11.5075489317521	15.2087806543082	13.9956556070302	13.844083190289	27.5801579116498	15.2358658521687	24.7323104822461	13.9488834290091	15.1008521641403	27.9794446239043	23.6646319123964	31.5776536136556	24.648764945869	33.0092030047534	31.6134885050692	18.8482869654124	16.7410612383546	34.3607450577967	29.9516887082642	212.055432122232	851.995162882298	201.481867636512	46.0976173116335	24.9296845739981	18.1687219519399	23.5157489688216	31.3871956969575	52.934653141333	111.392477528138	41.7631530221567	27.9553901845066	32.256369423538	16.7008861809084	43.9843428033065	54.7833666027373	22.0754577353045	76.4014031476249	61.4297338412285	47.2471779647062	79.2610726024223	39.2624521243207	147.836956956682	15.5445093870091	599.719145056451	628.498128194199
730.072	23.8165973596726	3.62254252785303	22.5222188271879	23.1157991739149	7.9864621071602	15.5598275041613	10.1439315555985	14.8072630014158	9.30877859338535	3.9578000703486	27.578843692333	21.2437036321238	19.353308331461	17.82645055437	20.0473225038229	25.6751530751555	23.1541226492875	19.0227615615702	18.7989503897307	15.0045324496969	16.0997162448371	26.243767625815	27.3242853634893	16.199838859719	26.5781660236854	34.9386717034625	53.45944992488	518.964770675718	592.362483242555	25.3861481160228	25.4592665108624	21.6009159283423	31.9932689822617	14.6992415485177	19.3211567146754	65.7970821922564	74.0347805605608	38.9590396666064	29.5129000627185	25.0805995957981	47.2637566281282	49.9323914721206	51.3660402398179	41.5596811707722	37.6029754433009	71.7820125646321	104.591103326049	75.4821006043207	107.74625383826	19.8343485634601	50.834267557714	279.649371378989	325.240514447222
734.817	-4.59292206315332	-3.6481963338064	-16.908187331933	5.43188301270115	-12.0645299076835	-4.91608399512892	2.08958890213658	-2.65558368792167	-3.65841978159116	-4.78299368873671	-1.47734835872217	0	1.47097078518321	-5.74486155464096	-2.08854743639161	14.1351475012875	-12.387737170325	0.766299011859212	1.26213861054601	7.11096011288881	6.13492479379757	-11.1499952844918	7.39283859568097	12.7333162666686	6.7858440752355	31.5208788703751	160.791445014561	722.04938009521	202.088771807214	9.94230437170342	19.3174780124029	10.1752054024571	10.975988130899	-3.24951307819309	30.3095513743909	67.8407296209568	33.3224910020472	6.17178774804202	-17.1829745626496	-6.43836807062189	-5.81759016429248	10.8572041849343	-27.757453544144	17.3188944408745	-21.8800220412407	8.03226135167744	-11.9695213052287	-30.1198020090851	-79.5734733699667	-47.4401730956088	-330.793688033477	7.41130968222522	-163.771887188153
739.563	-1.03248980542303	-23.5270568388856	15.4356217717863	29.8294451013048	4.40717672630669	3.7298362708991	7.75071010430948	8.47246350376838	12.0277974988467	6.1825031846695	2.39117910318323	10.6437722608895	13.0203095777447	8.35404154061059	17.2543412595067	15.345405692296	2.94857556610136	8.91467091655725	11.9166185885688	19.7819976725881	21.2780416634212	31.7492683692709	10.8024254403735	3.62279089214927	22.8818867352845	40.7851216473109	473.71500222808	576.766938905744	50.9264161509032	17.9600787840784	19.8968796995602	16.3272193999502	20.4157811031611	22.279981443306	35.9606310804222	82.9916899460927	43.8217807531585	13.3786844638054	26.7781573269138	22.0441996218823	40.6605491771512	23.7004979786674	-0.638169663147064	27.7396980945625	16.1747366406928	45.7056161314255	55.6985415945904	-10.1564063426725	69.5197890317046	65.6712408053369	91.6252081030732	344.875229409122	165.671789604143
744.31	7.82648427063344	5.12872947436216	-4.63804299735573	20.6278805095151	5.48222401087265	20.7334769655485	7.12145098470669	6.47451475576224	1.8702188595166	6.79197693696117	8.15653238750235	10.7575966035391	13.5355356773517	1.46841383250563	4.9825311225585	16.2144869255228	16.390591742035	21.5456623969378	19.3565165319048	22.2655399329246	21.9536218237377	13.5110713996579	30.2343131569037	35.3948186539631	27.751902351074	145.023947732009	687.508689267479	228.168953987406	15.4413067469068	33.0369013522622	23.3415657380775	19.7304398762885	24.9781297241095	28.4246676892242	79.1942638093527	60.4898090243741	36.6247623026031	14.8739315086764	22.3163606942527	34.9389967642308	24.3327863408814	41.4812317908049	34.8296889630797	61.9750806635133	36.1370410233309	41.0616811664513	70.9796194865271	99.7173254995384	107.243881373827	114.877260138854	152.999642405633	287.943612170559	669.773925057216
749.058	-2.10839219505118	-17.4274875691825	6.38924137263667	5.61041839587227	13.4994897235074	13.3288734396083	6.7146165558357	4.21979620911924	3.30633178129206	4.11683445622251	1.2207247305593	14.4900519391035	3.0386374425537	6.30453917675799	-1.43812927369563	0.35609127282766	4.13952578827981	17.4126867942589	2.17270440170579	1.37712815253406	13.1257475585493	0.85307213684571	-0.424212597668855	11.0968612007464	31.5399668107552	427.404067304671	543.386874913083	48.3308201623609	18.1989692390595	-2.20051896291647	-0.725542028254792	10.1472429908726	1.46280611853128	29.8339397776555	54.4952242404177	37.4795814671268	21.5110851150776	25.0432378209464	13.9103950187263	9.71920833670208	10.9250963418875	28.3302550140613	-5.21268851210181	27.5775378628824	6.08439343669606	48.7405632839258	38.325101871158	5.9256725829671	-7.47171799898722	30.9470140474736	93.5514678303822	244.956958499653	187.949721314909
753.808	20.4154604997903	18.7232760285354	19.5368582412089	14.7046228604751	9.8785898041943	12.2916992592851	10.5103170392511	5.37632688140329	17.5721714295303	17.064208741103	12.1312774115087	25.8459301467425	16.2600682340366	13.2299025772745	24.552567480789	13.4291099448585	13.8084389272042	10.8908318151058	15.0589167455877	16.3759054295057	21.2211080461043	46.9530374313652	26.3753099409384	32.2560579224605	138.908375642099	680.655667370106	256.384544381124	39.0303290644099	41.6416156585179	19.4384389099337	21.0761659811786	20.6853194080085	36.156192212007	55.1153791465841	86.2715541033391	44.4298511431921	37.2730914984208	32.0229291411777	38.6235983112258	15.6416556501189	31.1793805113249	48.1264035958107	58.4438254009977	75.9692678303997	46.9547242186772	38.0521641997388	115.929410312997	98.1465847761993	74.2521893078606	134.057728843475	252.89298368577	312.092957930628	766.277110253917
758.558	-33.3680400018639	-15.6420075012687	-32.2693598595594	-22.8738546790519	0	-8.89236686990779	-13.4389828388233	-2.84652031894467	2.20582146916602	-3.41792748672604	-9.50141878123994	-17.6692153026622	-7.8836683770169	-1.15460952279439	-24.9989744063402	-6.65186289314582	-2.73379157825744	1.64279191619196	-5.86250796960351	-7.62223858378368	-18.7886464714972	-3.98389354448384	-7.04389701945045	5.11831593447933	394.802806069658	529.595217956625	44.1531888110639	-13.5038719480165	-1.1563290051776	-3.04490190557534	-15.8121644851951	-0.752193330948248	2.27712819769904	36.3796008098137	48.9337631924726	0	-1.78591900806208	-5.67046257253136	-4.97795445782994	-5.30868240936601	1.70069325165724	3.67510668497979	-4.733466208343	-6.18804133994229	3.60818415016946	25.8293443154689	-30.7923135015548	4.61220251886647	-52.3399976684843	-101.702248936909	4.22116398350642	-135.051116196701	-799.714548364457
763.31	-17.855001756557	-7.47898783861442	-1.35268851069624	-1.69685884256204	3.29771990328609	-15.1173329430496	2.53852646835706	4.69028558515669	-10.2499267821959	-2.0337084593768	-10.3377551195497	-1.53386964384854	-4.02075312719948	-0.785150537788343	-5.70883781021532	-15.4548109566022	6.37377018586041	-0.837841017466313	-4.13991724357464	-12.1481912656271	-2.39560143334894	12.1909636438622	16.166074378568	87.4482167203844	720.091407126067	258.076872191308	0	16.9226268715989	18.4785155286412	7.76465870542507	6.14428104000393	-0.38362644685635	15.8719082389611	69.8734840197567	31.9118839844596	-2.15623166688919	29.1467944847583	11.0859811217606	12.6940435570109	25.9918408066908	-7.51721795649142	13.1203992771331	33.79764014585	-9.46789694046994	-17.4820098473691	58.1817883297922	-20.9392015466673	58.0226946918662	-47.4559020528354	131.037999352019	124.864585060665	-332.23254252118	19.8957445636711
768.062	11.8269672427017	10.5685411562168	0.910229114096867	13.2736878001062	17.7523835967984	0	0.768682742597301	5.86134818291124	10.0934835139473	9.97042686982041	8.47800738082563	8.90226416922639	12.5809455431576	9.50995274245843	5.76224719300719	3.04378524679016	24.1252514412573	17.3364295566559	39.4650135510093	10.2999493087684	25.6309444748787	28.7117062237774	37.6204810464733	362.287232356878	640.707229785291	63.5048730073303	26.3180916763882	21.8477236063053	7.53992459357669	14.499007676725	22.4813953652101	26.7178686474154	53.5315766498109	50.205796051503	25.6031683290248	22.6346060168038	32.6372346386178	28.2174960237873	29.7257040300411	27.3281344477864	37.9377287540966	36.5763134643591	16.0126169187124	34.2440333807977	65.9386860192535	101.939665460974	31.7026492993531	106.051094097134	85.8206159314458	137.774930628964	134.724678070052	0	1044.25778204844
772.815	11.8194341545823	-4.5264898337549	-16.8285129982392	-1.28373224858679	-25.8724030310734	-5.08301504582554	0	1.80234302956433	11.3479363730558	1.75836640404765	8.14673786995354	5.02850962183892	-19.0621875515463	1.18798693217442	1.91952565924293	-2.28138489987736	-10.4476168609	0	-6.03198113315543	6.86225922798861	11.1157780820426	-16.3962391668708	75.6460080982071	573.585230085151	288.550390157322	8.89310401516933	9.96262446494393	-13.8942413788294	-3.56926836387229	-9.00715597456958	6.58517745647746	5.03059510159919	39.0492555902538	21.1048599054998	12.7934303022753	0	5.512638866077	-8.7515761422717	28.1702133964901	18.5712950539625	16.3319970732196	28.3600989982502	27.8302918538266	8.75452188892001	12.9937129144502	2.21466817046705	-23.7618424210195	63.273758649238	9.97278525652111	231.314455740949	-21.7159461790787	269.736504274445	-301.036341567063
777.57	32.735285619733	31.8181274727478	15.7792669508683	5.67623591004371	7.54280033352558	15.2141152117073	7.05467189673239	9.65518595946166	5.91828809649261	8.07394486151751	0.997536686503692	22.1028282095647	3.31076804901219	16.9708496986495	26.2459688068152	29.098624734721	27.8815356743912	6.46776514022618	9.94259627423513	15.5047463611596	15.780686717712	28.3488513653775	287.952914417135	563.335215896332	69.5776780751312	14.8489956464824	34.5634085807928	28.7600099419136	32.3735680853743	22.3775101306925	21.344019512329	44.2239898834527	69.3307495563639	33.3184158593566	36.2149302367287	24.4129052178809	40.3125839095212	39.1926608968172	42.8553639619828	28.9821436437846	33.3298360326819	46.3011324454501	29.1075407549052	42.2286287722435	48.2991286250459	63.274771187233	75.4326771651561	9.68453517118551	144.500283760866	264.12847869659	132.951700064299	208.511341153097	102.390947244301
782.325	24.4922273123541	-5.73209428424685	-0.47124376670909	24.3847038926968	4.97832998859696	6.31981319780238	4.24493212873759	10.0373142217321	-0.26127988638597	12.4492613410168	13.8429672340889	18.4355188572848	7.14373608691133	7.38523831336925	3.97764039827979	11.0307983097409	5.82872446078852	7.44302736604159	18.2684549698318	39.1049207091992	32.548200955559	74.5590612032051	553.800254882698	260.542510940641	11.2004931203073	20.5224105485147	18.1672012933899	23.8559320383157	15.614277377647	16.635861817205	17.6592737163437	41.6975896251396	39.2451590673741	26.4051219917385	27.3657205555747	9.46485102043112	34.745835325151	28.210020244846	38.2086368681923	13.5823874475842	18.1302635414349	20.8952132280236	24.5097164355578	39.5806193230167	62.5057813411613	64.2492844922525	23.2518829476457	77.030568040918	161.191696481802	174.04234393262	247.49876833406	228.660500296432	374.284440888307
787.081	-14.3711544306421	3.74558885081812	8.71002792329915	-8.64987479536524	-11.7967671269785	-1.80261576220639	-4.35885251208222	-1.43814189621439	-11.2682556735453	-5.61220667337234	-9.70744165700004	-3.29222072018762	-18.9858733956087	-1.26390574290638	-4.0843875276182	-2.02264814440985	-5.13012750686422	2.24787481859023	-2.96190344114716	5.2148534470181	-1.0283597055085	258.753375880406	538.301686671631	47.6239668866581	-6.19288841473388	2.15032309405489	-1.69588643573578	4.64582133404834	5.90701063309703	-2.9164928167776	8.24236003026764	19.3498183774037	17.4487802561012	8.04939479840458	-11.8547418597442	12.4956736833937	7.81990186671031	-8.79357993407842	38.1442000267364	-18.5958603029014	1.86168217501744	2.01149754667612	25.1674787288827	17.7812409176326	1.97486881011766	-34.1648635017792	-21.0669608987147	30.2927828116347	53.0505017231895	23.4377813834424	13.8622277796337	-295.670316201478	-619.196781162011
791.838	-11.3660473452077	-7.48385810339042	30.4553108706865	11.3702934724464	17.2850194812565	-4.68222152819661	0.272162093475845	3.59184173453076	5.09256344422581	4.67226917485055	1.039066773917	-1.23337646443484	-8.19043466344923	-3.78801235775205	5.71255536562507	1.61653745872753	2.9896503471566	11.6775278336762	2.9590093777441	-3.12585482138025	49.8267126287853	525.230516316824	298.97826196523	9.79535399886712	5.30300345956577	5.58537725823424	24.9898835353551	17.7212582459177	31.1922628514157	24.1416144552107	44.0535395338531	46.4764474018143	17.0166899089608	25.3943045323571	22.3704107669002	11.0964126339188	18.5541200494781	32.5561311257284	27.7636200564284	29.6081940207493	42.7768520633501	31.4826698937531	27.361377781599	18.6097653676722	24.6617396762992	41.1931669139239	60.3329458513344	42.0321998067697	131.436692426317	93.6595217030592	175.416652031711	69.5015101125317	85.3230022882353
796.596	0.609381979762151	1.08908368490618	6.89420623274186	-3.24312324566127	9.60422191226519	4.76964114433929	1.10897402966056	0.731780673673992	9.01011916297359	3.80760238012551	13.0544228097407	0.418801424053504	9.22160236654505	6.0024791610837	22.0298735210768	9.88031454054101	12.1818749643642	3.20264904983	27.1283011934058	29.7193514495965	226.575081433007	498.545862129934	91.2209738925281	10.4533927899525	10.8040268223108	6.56499147904521	10.7866348383636	-1.28943741082521	9.44651439283702	4.2400606024935	44.0372384746197	38.9646856080341	20.2939325754157	17.6767604828905	20.1071280638584	16.484400155197	3.97906011301733	4.21129800079803	29.3910792348934	37.2576997876993	27.1557582789525	19.788161365983	-12.052856021167	-8.61691808332089	40.1955003769732	14.3870625217485	61.4593946823688	176.405890776001	90.7001426582997	83.4821713124593	23.5120758016645	292.046456676466	1086.45036288273
801.355	-9.46893859903389	-18.3330638653699	-19.9798986483013	-8.39892872399784	-5.18180888582798	-3.80069296224974	-10.0519394245056	-5.89599219703708	-6.83524019640011	-8.21733109762378	-18.8836885050083	3.25379244976886	-12.1304318726538	-11.8438198107586	-9.32929164838304	-10.3061560656046	9.01377132034931	-27.647033492059	-12.5766803946601	30.6948341664351	356.402251951874	241.366063348087	-9.31415860580719	-13.1257387163658	-7.77219334052498	-4.53381026699453	-11.1739419462902	-3.71037836994043	6.30139957089779	7.68653389395293	28.9640943050292	27.8495473578647	8.75942110528602	-2.97747412127558	4.62868860006267	-11.7907733136741	2.14684013335276	-9.54299002284127	-9.09562303386611	0	0.545170900538849	7.06851004109441	1.95087942575532	-5.95087926628855	-8.67474337541943	-44.5039468569681	-4.93536187815147	70.9669734474069	-63.3835828484784	-41.1808091249225	-125.840910123571	-68.7574400556142	412.668912678273
806.114	13.1513036097693	-2.82047136390306	-12.7531267967881	-14.7981125137105	-6.21817066299357	-4.75086620281217	6.70129294967039	-16.213978541852	-10.6064072013105	-4.93039865857427	0.913726863145563	1.80766247209381	-12.5095078686742	-10.3633423344138	-15.7880320203405	1.42153876766961	1.50229522005822	-2.36974572789077	5.2041436115835	125.528127785122	369.501954495099	75.3470779763868	-27.0957341259846	4.10179334886432	9.71524167565622	-7.93416796724044	-7.07682989931711	-8.90490808785702	-8.52542294886171	12.8108898232549	19.1887124770819	10.4887905633516	6.93454170835143	-2.60528985611613	-1.54289620002089	0.813156780253385	1.28810408001165	-9.0885619265155	-3.35101901247699	4.08417802606361	-5.99687990592734	9.42468005479255	0.650293141918439	-34.9614156894452	15.614538075755	12.419706099619	76.4981091113478	103.493502944135	-7.45689209982099	-5.14760114061531	-24.3563051852073	-45.8382933704094	-975.399248148646
810.875	1.57815643317231	-10.3417283343112	-3.40083381247681	-7.19908176342672	14.8545188060402	9.50173240562434	-2.87198269271588	5.89599219703708	-9.42791751227602	-9.86079731714854	-0.304575621048521	2.53072746093134	-0.379075996020431	-7.03226801263794	6.81755928151069	9.24000198985243	-1.87786902507277	-2.36974572789077	27.3217539608134	320.234165408031	229.018937566033	17.0275882432513	-2.54022507431105	17.6377114001166	10.881070676735	1.88908761124772	13.0362656040052	-6.67868106589277	16.3095047717354	28.1839576111607	28.9640943050292	6.14860136472337	1.09492763816075	15.6317391366968	6.55730885008879	-4.47236229139362	3.00557618669386	4.08985286693197	16.7550950623849	17.8682788640283	11.9937598118547	31.8082951849248	33.1649502378404	19.3403576154378	27.7591788013422	-3.10492652490475	124.617887423325	63.5745803799687	54.0624677237022	51.4760114061531	4.05938419753456	145.154595672963	769.064791809509
815.635	4.73446929951694	-2.35039280325255	7.22677185151323	1.9997449342852	7.9454402916029	8.2348347515411	2.39331891059657	8.84398829555562	-3.53546906710351	-3.01302140246205	11.5738735998438	-15.184364765588	3.41168396418388	-5.55179053629311	13.9939374725746	11.3723101413568	15.7740998106113	15.40334723129	117.960588529226	344.057021776011	87.6324928753657	11.0679323581133	19.0516880573329	7.38322802795578	-18.6532640172599	3.77817522249545	5.21450624160208	13.3573621317855	8.52542294886171	36.6025423521568	32.5846060931579	14.8289797619799	13.504107537316	16.0039234018563	14.2717898501932	15.856557214941	23.6152414668803	24.5391172015918	8.13818903030126	9.18940055864313	2.72585450269425	24.7397851438304	5.85263827726595	44.6315944971641	42.5062425395552	42.4339958403649	145.593175405468	44.3543584046293	149.13784199642	-41.1808091249225	308.513199012626	213.912035728577	131.303744943087
820.397	6.83867787708003	1.88031424260204	-17.0041690623841	-9.19882669771192	-0.345453925721865	-9.81845681914515	1.6753232374176	-2.31628264883599	-2.5926773158759	-6.84777591468648	-15.5333566734746	3.25379244976886	-5.68613994030647	-1.48047747634483	-5.02346473374472	3.90923161109141	-3.38016424513099	22.5125844149623	235.487498424153	234.563508853951	23.9408356824453	-2.55413823648769	-10.5842711429627	-3.28143467909146	6.21775467241998	-11.7123431897359	9.31161828857515	-7.04971890288681	13.3441402677835	18.6672965996	-5.06871650338011	-6.87196623116142	-6.2045899495776	6.69931677287006	8.10020505010968	15.4499788248143	1.28810408001165	10.9062743118186	29.6804541105105	-3.57365577280566	-14.7196143145489	-13.5479775787643	22.7602599671454	-9.67017880771889	-17.3494867508389	36.2241427905554	66.6273853550449	-26.6126150427776	27.9633453743287	20.5904045624612	-8.11876839506911	-359.066631401541	-300.122845584199
825.159	-12.0991993209877	19.7432995473214	0.850208453119204	15.1980615005675	-11.3999795488215	7.60138592449947	1.91465512847726	10.3179863448149	4.47826081833111	6.57386487809902	-7.3098149051645	-2.16919496651258	-4.54891195224517	-10.3633423344138	1.43527563821278	2.13230815150441	1.87786902507277	93.6049562516854	299.238257666051	77.8824150491636	11.7445609008222	14.4734500067636	23.7087673602365	6.56286935818292	-4.66331600431499	12.467978234235	4.46957677851607	7.42075673988085	31.8776684174829	14.2749915173412	14.8440983313275	-6.5102837979424	22.263528642602	10.793343689624	11.1859974501515	15.856557214941	11.5929367201049	13.6328428897732	7.1807550267364	20.931412383576	16.9002979167043	14.1370200821888	3.90175885151064	21.571937340296	11.2771663880453	65.2034570229998	104.876439910719	47.3113156316046	24.2348993244182	82.361618249845	154.256599506313	-106.956017864289	75.0307113960497
