id_number,tank_number,treatment,inflow_table,date_time,date,time,date_string,time_string,date_time_string,residence_time,flowrate,variable,value,variable_cat,outlier,conc_norm,areal_flux
MOBEAST003,T1,Algae,Table 2,2024-06-02T12:00:00Z,2024-06-02,12:00:00,2024-06-02,12:00:00,2024-06-02 12:00:00,3061.2244897959176,3.2666666666666666,het_bact,737.033,FCM,outlier,205.72450000000003,13.274733168724284
MOBEAST003,T1,Algae,Table 2,2024-06-02T12:00:00Z,2024-06-02,12:00:00,2024-06-02,12:00:00,2024-06-02 12:00:00,3061.2244897959176,3.2666666666666666,pico_euk,2.4,FCM,not outlier,-2.6335,-0.1699311934156379
MOBEAST003,T1,Algae,Table 2,2024-06-02T12:00:00Z,2024-06-02,12:00:00,2024-06-02,12:00:00,2024-06-02 12:00:00,3061.2244897959176,3.2666666666666666,syn,59.6,FCM,not outlier,-59.24999999999999,-3.82320987654321
MOBEAST003,T1,Algae,Table 2,2024-06-02T12:00:00Z,2024-06-02,12:00:00,2024-06-02,12:00:00,2024-06-02 12:00:00,3061.2244897959176,3.2666666666666666,pro,17.867,FCM,not outlier,-1.5915,-0.10269432098765433
MOBEAST003,T1,Algae,Table 2,2024-06-02T12:00:00Z,2024-06-02,12:00:00,2024-06-02,12:00:00,2024-06-02 12:00:00,3061.2244897959176,3.2666666666666666,tot_bact,814.5,FCM,not outlier,144.8834999999999,9.348861234567897
MOBEAST003,T1,Algae,Table 2,2024-06-02T12:00:00Z,2024-06-02,12:00:00,2024-06-02,12:00:00,2024-06-02 12:00:00,3061.2244897959176,3.2666666666666666,cyano,77.46699999999998,FCM,not outlier,-60.84150000000005,-3.925904197530868
MOBEAST003,T1,Algae,Table 2,2024-06-02T12:00:00Z,2024-06-02,12:00:00,2024-06-02,12:00:00,2024-06-02 12:00:00,3061.2244897959176,3.2666666666666666,chla_conc,0.0632,chla,not outlier,0.01760000000000001,0.0011356707818930049
MOBEAST003,T1,Algae,Table 2,2024-06-02T12:00:00Z,2024-06-02,12:00:00,2024-06-02,12:00:00,2024-06-02 12:00:00,3061.2244897959176,3.2666666666666666,npoc_u_m,215.527265965625,DOC,not outlier,73.10148450964547,4.717001140375478
MOBEAST003,T1,Algae,Table 2,2024-06-02T12:00:00Z,2024-06-02,12:00:00,2024-06-02,12:00:00,2024-06-02 12:00:00,3061.2244897959176,3.2666666666666666,tn_u_m,15.0683839400668,DOC,not outlier,3.2166748770231504,0.20756157231161732
MOBEAST003,T1,Algae,Table 2,2024-06-02T12:00:00Z,2024-06-02,12:00:00,2024-06-02,12:00:00,2024-06-02 12:00:00,3061.2244897959176,3.2666666666666666,coble_a,0.0220176662634898,fDOM,outlier,0.014178394046806462,9.148856734729438e-4
MOBEAST003,T1,Algae,Table 2,2024-06-02T12:00:00Z,2024-06-02,12:00:00,2024-06-02,12:00:00,2024-06-02 12:00:00,3061.2244897959176,3.2666666666666666,coble_b,0.0678531588116172,fDOM,not outlier,0.024213206931686604,0.0015623995254685022
MOBEAST003,T1,Algae,Table 2,2024-06-02T12:00:00Z,2024-06-02,12:00:00,2024-06-02,12:00:00,2024-06-02 12:00:00,3061.2244897959176,3.2666666666666666,coble_c,0.0219093721011687,fDOM,outlier,0.017506366410410968,0.001129628910762321
MOBEAST003,T1,Algae,Table 2,2024-06-02T12:00:00Z,2024-06-02,12:00:00,2024-06-02,12:00:00,2024-06-02 12:00:00,3061.2244897959176,3.2666666666666666,coble_m,0.0258833217124717,fDOM,outlier,0.01670383800800316,0.0010778443619978994
MOBEAST003,T1,Algae,Table 2,2024-06-02T12:00:00Z,2024-06-02,12:00:00,2024-06-02,12:00:00,2024-06-02 12:00:00,3061.2244897959176,3.2666666666666666,coble_t,0.0824940881681683,fDOM,not outlier,0.030193161913877303,0.0019482665794633587
MOBEAST003,T1,Algae,Table 2,2024-06-02T12:00:00Z,2024-06-02,12:00:00,2024-06-02,12:00:00,2024-06-02 12:00:00,3061.2244897959176,3.2666666666666666,m_to_c,1.1813812642805506,fDOM,not outlier,-0.9466297823432417,-0.061082942333917825
MOBEAST003,T1,Algae,Table 2,2024-06-02T12:00:00Z,2024-06-02,12:00:00,2024-06-02,12:00:00,2024-06-02 12:00:00,3061.2244897959176,3.2666666666666666,bix,0.789836982968776,fDOM,not outlier,0.20091242543642707,0.012964225641329947
MOBEAST003,T1,Algae,Table 2,2024-06-02T12:00:00Z,2024-06-02,12:00:00,2024-06-02,12:00:00,2024-06-02 12:00:00,3061.2244897959176,3.2666666666666666,hix,0.750071359436272,fDOM,outlier,0.34342721158316547,0.022160241471703847
MOBEAST003,T1,Algae,Table 2,2024-06-02T12:00:00Z,2024-06-02,12:00:00,2024-06-02,12:00:00,2024-06-02 12:00:00,3061.2244897959176,3.2666666666666666,fpeak,0.033533544792945,fDOM,not outlier,1.7240542987199958e-4,1.1124761894621209e-5
MOBEAST003,T1,Algae,Table 2,2024-06-02T12:00:00Z,2024-06-02,12:00:00,2024-06-02,12:00:00,2024-06-02 12:00:00,3061.2244897959176,3.2666666666666666,fi,1.6403347247674,fDOM,not outlier,-0.07653232366734497,-0.004938382037464894
MOBEAST003,T1,Algae,Table 2,2024-06-02T12:00:00Z,2024-06-02,12:00:00,2024-06-02,12:00:00,2024-06-02 12:00:00,3061.2244897959176,3.2666666666666666,lignin,0.0657295178843358,fDOM,not outlier,0.03170906881349085,0.002046083123438422
MOBEAST003,T1,Algae,Table 2,2024-06-02T12:00:00Z,2024-06-02,12:00:00,2024-06-02,12:00:00,2024-06-02 12:00:00,3061.2244897959176,3.2666666666666666,N_N,0.296,nutrients,not outlier,-0.9115,-0.058816131687242805
MOBEAST003,T1,Algae,Table 2,2024-06-02T12:00:00Z,2024-06-02,12:00:00,2024-06-02,12:00:00,2024-06-02 12:00:00,3061.2244897959176,3.2666666666666666,NO2,0.01,nutrients,not outlier,-0.086439372485,-0.005577651689567079
MOBEAST003,T1,Algae,Table 2,2024-06-02T12:00:00Z,2024-06-02,12:00:00,2024-06-02,12:00:00,2024-06-02 12:00:00,3061.2244897959176,3.2666666666666666,PO4,0.077,nutrients,not outlier,-0.0035802376399999974,-2.3102109545349782e-4
MOBEAST003,T1,Algae,Table 2,2024-06-02T12:00:00Z,2024-06-02,12:00:00,2024-06-02,12:00:00,2024-06-02 12:00:00,3061.2244897959176,3.2666666666666666,SiO2,0.3976745336,nutrients,not outlier,-0.7340958809,-0.047368820627621405
MOBEAST003,T1,Algae,Table 2,2024-06-02T12:00:00Z,2024-06-02,12:00:00,2024-06-02,12:00:00,2024-06-02 12:00:00,3061.2244897959176,3.2666666666666666,NH3,0.085,nutrients,not outlier,-0.3992804924,-0.025764272102189303
MOBEAST003,T1,Algae,Table 2,2024-06-02T12:00:00Z,2024-06-02,12:00:00,2024-06-02,12:00:00,2024-06-02 12:00:00,3061.2244897959176,3.2666666666666666,NO3,0.286,nutrients,not outlier,-0.8250606275150001,-0.05323847999767574
MOBEAST004,T2,CCA,Table 2,2024-06-02T12:00:00Z,2024-06-02,12:00:00,2024-06-02,12:00:00,2024-06-02 12:00:00,4255.319148936171,2.35,het_bact,347.82,FCM,not outlier,-183.4885,-8.517490864197528
MOBEAST004,T2,CCA,Table 2,2024-06-02T12:00:00Z,2024-06-02,12:00:00,2024-06-02,12:00:00,2024-06-02 12:00:00,4255.319148936171,2.35,pico_euk,1.498,FCM,not outlier,-3.5355,-0.16411703703703698
MOBEAST004,T2,CCA,Table 2,2024-06-02T12:00:00Z,2024-06-02,12:00:00,2024-06-02,12:00:00,2024-06-02 12:00:00,4255.319148936171,2.35,syn,44.592,FCM,not outlier,-74.258,-3.447038024691357
MOBEAST004,T2,CCA,Table 2,2024-06-02T12:00:00Z,2024-06-02,12:00:00,2024-06-02,12:00:00,2024-06-02 12:00:00,4255.319148936171,2.35,pro,8.569,FCM,not outlier,-10.8895,-0.5054879012345678
MOBEAST004,T2,CCA,Table 2,2024-06-02T12:00:00Z,2024-06-02,12:00:00,2024-06-02,12:00:00,2024-06-02 12:00:00,4255.319148936171,2.35,tot_bact,400.982,FCM,not outlier,-268.63450000000006,-12.469947160493827
MOBEAST004,T2,CCA,Table 2,2024-06-02T12:00:00Z,2024-06-02,12:00:00,2024-06-02,12:00:00,2024-06-02 12:00:00,4255.319148936171,2.35,cyano,53.161,FCM,not outlier,-85.14750000000004,-3.9525259259259267
MOBEAST004,T2,CCA,Table 2,2024-06-02T12:00:00Z,2024-06-02,12:00:00,2024-06-02,12:00:00,2024-06-02 12:00:00,4255.319148936171,2.35,chla_conc,0.0892,chla,not outlier,0.04360000000000001,0.002023901234567901
MOBEAST004,T2,CCA,Table 2,2024-06-02T12:00:00Z,2024-06-02,12:00:00,2024-06-02,12:00:00,2024-06-02 12:00:00,4255.319148936171,2.35,npoc_u_m,159.410636626786,DOC,not outlier,16.98485517080647,0.7884327832374359
MOBEAST004,T2,CCA,Table 2,2024-06-02T12:00:00Z,2024-06-02,12:00:00,2024-06-02,12:00:00,2024-06-02 12:00:00,4255.319148936171,2.35,tn_u_m,14.2830454948941,DOC,not outlier,2.4313364318504505,0.1128620368365147
MOBEAST004,T2,CCA,Table 2,2024-06-02T12:00:00Z,2024-06-02,12:00:00,2024-06-02,12:00:00,2024-06-02 12:00:00,4255.319148936171,2.35,coble_a,0.00830268721292771,fDOM,not outlier,4.634149962443705e-4,2.151160970220781e-5
MOBEAST004,T2,CCA,Table 2,2024-06-02T12:00:00Z,2024-06-02,12:00:00,2024-06-02,12:00:00,2024-06-02 12:00:00,4255.319148936171,2.35,coble_b,0.0495129601850767,fDOM,not outlier,0.005873008305146102,2.7262359539937455e-4
MOBEAST004,T2,CCA,Table 2,2024-06-02T12:00:00Z,2024-06-02,12:00:00,2024-06-02,12:00:00,2024-06-02 12:00:00,4255.319148936171,2.35,coble_c,0.00810568371139948,fDOM,not outlier,0.0037026780206417496,1.718773994767034e-4
MOBEAST004,T2,CCA,Table 2,2024-06-02T12:00:00Z,2024-06-02,12:00:00,2024-06-02,12:00:00,2024-06-02 12:00:00,4255.319148936171,2.35,coble_m,0.0112009294287335,fDOM,not outlier,0.002021445724264959,9.383501139797832e-5
MOBEAST004,T2,CCA,Table 2,2024-06-02T12:00:00Z,2024-06-02,12:00:00,2024-06-02,12:00:00,2024-06-02 12:00:00,4255.319148936171,2.35,coble_t,0.0464802341480124,fDOM,not outlier,-0.005820692106278599,-2.7019509036552505e-4
MOBEAST004,T2,CCA,Table 2,2024-06-02T12:00:00Z,2024-06-02,12:00:00,2024-06-02,12:00:00,2024-06-02 12:00:00,4255.319148936171,2.35,m_to_c,1.3818611516979131,fDOM,not outlier,-0.7461498949258791,-0.034636093887917344
MOBEAST004,T2,CCA,Table 2,2024-06-02T12:00:00Z,2024-06-02,12:00:00,2024-06-02,12:00:00,2024-06-02 12:00:00,4255.319148936171,2.35,bix,0.623118700069342,fDOM,not outlier,0.034194142536993044,0.0015872836535690594
MOBEAST004,T2,CCA,Table 2,2024-06-02T12:00:00Z,2024-06-02,12:00:00,2024-06-02,12:00:00,2024-06-02 12:00:00,4255.319148936171,2.35,hix,0.519119231285919,fDOM,not outlier,0.11247508343281243,0.005221065601325613
MOBEAST004,T2,CCA,Table 2,2024-06-02T12:00:00Z,2024-06-02,12:00:00,2024-06-02,12:00:00,2024-06-02 12:00:00,4255.319148936171,2.35,fpeak,0.017656132865053,fDOM,not outlier,-0.01570500649802,-7.29022523858706e-4
MOBEAST004,T2,CCA,Table 2,2024-06-02T12:00:00Z,2024-06-02,12:00:00,2024-06-02,12:00:00,2024-06-02 12:00:00,4255.319148936171,2.35,fi,1.99337550677921,fDOM,not outlier,0.276508458344465,0.012835454362656646
MOBEAST004,T2,CCA,Table 2,2024-06-02T12:00:00Z,2024-06-02,12:00:00,2024-06-02,12:00:00,2024-06-02 12:00:00,4255.319148936171,2.35,lignin,0.0118461646779671,fDOM,not outlier,-0.02217428439287785,-0.0010293248063854407
MOBEAST004,T2,CCA,Table 2,2024-06-02T12:00:00Z,2024-06-02,12:00:00,2024-06-02,12:00:00,2024-06-02 12:00:00,4255.319148936171,2.35,N_N,1.098,nutrients,not outlier,-0.10949999999999993,-0.005082962962962958
MOBEAST004,T2,CCA,Table 2,2024-06-02T12:00:00Z,2024-06-02,12:00:00,2024-06-02,12:00:00,2024-06-02 12:00:00,4255.319148936171,2.35,NO2,0.01,nutrients,not outlier,-0.086439372485,-0.004012494327698764
MOBEAST004,T2,CCA,Table 2,2024-06-02T12:00:00Z,2024-06-02,12:00:00,2024-06-02,12:00:00,2024-06-02 12:00:00,4255.319148936171,2.35,PO4,0.077,nutrients,not outlier,-0.0035802376399999974,-1.66193747239506e-4
MOBEAST004,T2,CCA,Table 2,2024-06-02T12:00:00Z,2024-06-02,12:00:00,2024-06-02,12:00:00,2024-06-02 12:00:00,4255.319148936171,2.35,SiO2,0.06784968345,nutrients,not outlier,-1.06392073105,-0.049386937638864196
MOBEAST004,T2,CCA,Table 2,2024-06-02T12:00:00Z,2024-06-02,12:00:00,2024-06-02,12:00:00,2024-06-02 12:00:00,4255.319148936171,2.35,NH3,0.9062657249,nutrients,not outlier,0.4219852325,0.019588450298765426
MOBEAST004,T2,CCA,Table 2,2024-06-02T12:00:00Z,2024-06-02,12:00:00,2024-06-02,12:00:00,2024-06-02 12:00:00,4255.319148936171,2.35,NO3,1.088,nutrients,not outlier,-0.023060627515000043,-0.0010704686352641993
MOBEAST005,T3,Control,Table 2,2024-06-02T12:00:00Z,2024-06-02,12:00:00,2024-06-02,12:00:00,2024-06-02 12:00:00,7692.307692307692,1.3,het_bact,671.664,FCM,not outlier,140.3555,3.6041906172839506
MOBEAST005,T3,Control,Table 2,2024-06-02T12:00:00Z,2024-06-02,12:00:00,2024-06-02,12:00:00,2024-06-02 12:00:00,7692.307692307692,1.3,pico_euk,2.962,FCM,not outlier,-2.0715,-0.05319407407407407
MOBEAST005,T3,Control,Table 2,2024-06-02T12:00:00Z,2024-06-02,12:00:00,2024-06-02,12:00:00,2024-06-02 12:00:00,7692.307692307692,1.3,syn,112.729,FCM,not outlier,-6.120999999999995,-0.1571812345679011
MOBEAST005,T3,Control,Table 2,2024-06-02T12:00:00Z,2024-06-02,12:00:00,2024-06-02,12:00:00,2024-06-02 12:00:00,7692.307692307692,1.3,pro,16.772,FCM,not outlier,-2.6865000000000023,-0.06898666666666672
MOBEAST005,T3,Control,Table 2,2024-06-02T12:00:00Z,2024-06-02,12:00:00,2024-06-02,12:00:00,2024-06-02 12:00:00,7692.307692307692,1.3,tot_bact,801.165,FCM,not outlier,131.54849999999988,3.378035555555552
MOBEAST005,T3,Control,Table 2,2024-06-02T12:00:00Z,2024-06-02,12:00:00,2024-06-02,12:00:00,2024-06-02 12:00:00,7692.307692307692,1.3,cyano,129.50099999999998,FCM,not outlier,-8.807500000000061,-0.22616790123456945
MOBEAST005,T3,Control,Table 2,2024-06-02T12:00:00Z,2024-06-02,12:00:00,2024-06-02,12:00:00,2024-06-02 12:00:00,7692.307692307692,1.3,chla_conc,0.0764,chla,not outlier,0.0308,7.909135802469135e-4
MOBEAST005,T3,Control,Table 2,2024-06-02T12:00:00Z,2024-06-02,12:00:00,2024-06-02,12:00:00,2024-06-02 12:00:00,7692.307692307692,1.3,npoc_u_m,207.700911132018,DOC,not outlier,65.27512967603849,1.6762008608167906
MOBEAST005,T3,Control,Table 2,2024-06-02T12:00:00Z,2024-06-02,12:00:00,2024-06-02,12:00:00,2024-06-02 12:00:00,7692.307692307692,1.3,tn_u_m,25.7275684731831,DOC,not outlier,13.875859410139451,0.35631836509987724
MOBEAST005,T3,Control,Table 2,2024-06-02T12:00:00Z,2024-06-02,12:00:00,2024-06-02,12:00:00,2024-06-02 12:00:00,7692.307692307692,1.3,coble_a,0.00669604836955613,fDOM,not outlier,-0.0011432238471272092,-2.9356859284254257e-5
MOBEAST005,T3,Control,Table 2,2024-06-02T12:00:00Z,2024-06-02,12:00:00,2024-06-02,12:00:00,2024-06-02 12:00:00,7692.307692307692,1.3,coble_b,0.0738940509924444,fDOM,not outlier,0.030254099112513796,7.768953846176382e-4
MOBEAST005,T3,Control,Table 2,2024-06-02T12:00:00Z,2024-06-02,12:00:00,2024-06-02,12:00:00,2024-06-02 12:00:00,7692.307692307692,1.3,coble_c,0.00585434493565206,fDOM,not outlier,0.00145133924489433,3.726895838740995e-5
MOBEAST005,T3,Control,Table 2,2024-06-02T12:00:00Z,2024-06-02,12:00:00,2024-06-02,12:00:00,2024-06-02 12:00:00,7692.307692307692,1.3,coble_m,0.0101728636907881,fDOM,not outlier,9.933799863195581e-4,2.550901693265038e-5
MOBEAST005,T3,Control,Table 2,2024-06-02T12:00:00Z,2024-06-02,12:00:00,2024-06-02,12:00:00,2024-06-02 12:00:00,7692.307692307692,1.3,coble_t,0.0821615539097586,fDOM,not outlier,0.029860627655467598,7.667914262144765e-4
MOBEAST005,T3,Control,Table 2,2024-06-02T12:00:00Z,2024-06-02,12:00:00,2024-06-02,12:00:00,2024-06-02 12:00:00,7692.307692307692,1.3,m_to_c,1.737660456054942,fDOM,not outlier,-0.39035059056885024,-0.010023817634360598
MOBEAST005,T3,Control,Table 2,2024-06-02T12:00:00Z,2024-06-02,12:00:00,2024-06-02,12:00:00,2024-06-02 12:00:00,7692.307692307692,1.3,bix,1.04774754070578,fDOM,not outlier,0.45882298317343095,0.011782121049391808
MOBEAST005,T3,Control,Table 2,2024-06-02T12:00:00Z,2024-06-02,12:00:00,2024-06-02,12:00:00,2024-06-02 12:00:00,7692.307692307692,1.3,hix,0.257161768669714,fDOM,not outlier,-0.14948237918339252,-0.0038385598605118077
MOBEAST005,T3,Control,Table 2,2024-06-02T12:00:00Z,2024-06-02,12:00:00,2024-06-02,12:00:00,2024-06-02 12:00:00,7692.307692307692,1.3,fpeak,0.0358451535408891,fDOM,not outlier,0.002484014177816102,6.378703073898138e-5
MOBEAST005,T3,Control,Table 2,2024-06-02T12:00:00Z,2024-06-02,12:00:00,2024-06-02,12:00:00,2024-06-02 12:00:00,7692.307692307692,1.3,fi,2.06276625464932,fDOM,not outlier,0.34589920621457515,0.008882349986744646
MOBEAST005,T3,Control,Table 2,2024-06-02T12:00:00Z,2024-06-02,12:00:00,2024-06-02,12:00:00,2024-06-02 12:00:00,7692.307692307692,1.3,lignin,0.0590873668425802,fDOM,not outlier,0.025066917771735253,6.436936909285101e-4
MOBEAST005,T3,Control,Table 2,2024-06-02T12:00:00Z,2024-06-02,12:00:00,2024-06-02,12:00:00,2024-06-02 12:00:00,7692.307692307692,1.3,N_N,1.332,nutrients,not outlier,0.12450000000000006,0.003197037037037038
MOBEAST005,T3,Control,Table 2,2024-06-02T12:00:00Z,2024-06-02,12:00:00,2024-06-02,12:00:00,2024-06-02 12:00:00,7692.307692307692,1.3,NO2,0.1264346843,nutrients,not outlier,0.029995311814999995,7.702499824098763e-4
MOBEAST005,T3,Control,Table 2,2024-06-02T12:00:00Z,2024-06-02,12:00:00,2024-06-02,12:00:00,2024-06-02 12:00:00,7692.307692307692,1.3,PO4,0.077,nutrients,not outlier,-0.0035802376399999974,-9.193696655802461e-5
MOBEAST005,T3,Control,Table 2,2024-06-02T12:00:00Z,2024-06-02,12:00:00,2024-06-02,12:00:00,2024-06-02 12:00:00,7692.307692307692,1.3,SiO2,1.215640162,nutrients,outlier,0.08386974749999987,0.002153692281481478
MOBEAST005,T3,Control,Table 2,2024-06-02T12:00:00Z,2024-06-02,12:00:00,2024-06-02,12:00:00,2024-06-02 12:00:00,7692.307692307692,1.3,NH3,1.92283021,nutrients,not outlier,1.4385497176,0.03694053595812345
MOBEAST005,T3,Control,Table 2,2024-06-02T12:00:00Z,2024-06-02,12:00:00,2024-06-02,12:00:00,2024-06-02 12:00:00,7692.307692307692,1.3,NO3,1.2055653157,nutrients,not outlier,0.0945046881849998,0.002426787054627155
MOBEAST006,T4,Algae,Table 2,2024-06-02T12:00:00Z,2024-06-02,12:00:00,2024-06-02,12:00:00,2024-06-02 12:00:00,3973.509933774834,2.5166666666666666,het_bact,877.95,FCM,outlier,346.64150000000006,17.23221942386832
MOBEAST006,T4,Algae,Table 2,2024-06-02T12:00:00Z,2024-06-02,12:00:00,2024-06-02,12:00:00,2024-06-02 12:00:00,3973.509933774834,2.5166666666666666,pico_euk,4.583,FCM,not outlier,-0.4504999999999999,-0.022395226337448556
MOBEAST006,T4,Algae,Table 2,2024-06-02T12:00:00Z,2024-06-02,12:00:00,2024-06-02,12:00:00,2024-06-02 12:00:00,3973.509933774834,2.5166666666666666,syn,85.15,FCM,not outlier,-33.69999999999999,-1.6752921810699584
MOBEAST006,T4,Algae,Table 2,2024-06-02T12:00:00Z,2024-06-02,12:00:00,2024-06-02,12:00:00,2024-06-02 12:00:00,3973.509933774834,2.5166666666666666,pro,19.5,FCM,not outlier,0.041499999999999204,0.0020630452674896722
MOBEAST006,T4,Algae,Table 2,2024-06-02T12:00:00Z,2024-06-02,12:00:00,2024-06-02,12:00:00,2024-06-02 12:00:00,3973.509933774834,2.5166666666666666,tot_bact,982.6,FCM,outlier,312.98349999999994,15.559015144032918
MOBEAST006,T4,Algae,Table 2,2024-06-02T12:00:00Z,2024-06-02,12:00:00,2024-06-02,12:00:00,2024-06-02 12:00:00,3973.509933774834,2.5166666666666666,cyano,104.64999999999998,FCM,not outlier,-33.65850000000006,-1.6732291358024722
MOBEAST006,T4,Algae,Table 2,2024-06-02T12:00:00Z,2024-06-02,12:00:00,2024-06-02,12:00:00,2024-06-02 12:00:00,3973.509933774834,2.5166666666666666,chla_conc,0.30519999999999997,chla,not outlier,0.2596,0.012905218106995886
MOBEAST006,T4,Algae,Table 2,2024-06-02T12:00:00Z,2024-06-02,12:00:00,2024-06-02,12:00:00,2024-06-02 12:00:00,3973.509933774834,2.5166666666666666,npoc_u_m,258.322440268538,DOC,not outlier,115.89665881255848,5.7614470718341835
MOBEAST006,T4,Algae,Table 2,2024-06-02T12:00:00Z,2024-06-02,12:00:00,2024-06-02,12:00:00,2024-06-02 12:00:00,3973.509933774834,2.5166666666666666,tn_u_m,14.4829498263926,DOC,not outlier,2.6312407633489503,0.13080406757718238
MOBEAST006,T4,Algae,Table 2,2024-06-02T12:00:00Z,2024-06-02,12:00:00,2024-06-02,12:00:00,2024-06-02 12:00:00,3973.509933774834,2.5166666666666666,coble_a,0.0116062673467997,fDOM,not outlier,0.003766995130116361,1.8726461387574337e-4
MOBEAST006,T4,Algae,Table 2,2024-06-02T12:00:00Z,2024-06-02,12:00:00,2024-06-02,12:00:00,2024-06-02 12:00:00,3973.509933774834,2.5166666666666666,coble_b,0.0497155458912274,fDOM,not outlier,0.0060755940112968004,3.020295294504747e-4
MOBEAST006,T4,Algae,Table 2,2024-06-02T12:00:00Z,2024-06-02,12:00:00,2024-06-02,12:00:00,2024-06-02 12:00:00,3973.509933774834,2.5166666666666666,coble_c,0.0107713771411973,fDOM,not outlier,0.0063683714504395705,3.165840622276132e-4
MOBEAST006,T4,Algae,Table 2,2024-06-02T12:00:00Z,2024-06-02,12:00:00,2024-06-02,12:00:00,2024-06-02 12:00:00,3973.509933774834,2.5166666666666666,coble_m,0.0131371632353457,fDOM,not outlier,0.003957679530877159,1.9674390425101267e-4
MOBEAST006,T4,Algae,Table 2,2024-06-02T12:00:00Z,2024-06-02,12:00:00,2024-06-02,12:00:00,2024-06-02 12:00:00,3973.509933774834,2.5166666666666666,coble_t,0.0554571313831756,fDOM,not outlier,0.0031562051288845996,1.5690106155113567e-4
MOBEAST006,T4,Algae,Table 2,2024-06-02T12:00:00Z,2024-06-02,12:00:00,2024-06-02,12:00:00,2024-06-02 12:00:00,3973.509933774834,2.5166666666666666,m_to_c,1.219636362475878,fDOM,not outlier,-0.9083746841479143,-0.04515706248768233
MOBEAST006,T4,Algae,Table 2,2024-06-02T12:00:00Z,2024-06-02,12:00:00,2024-06-02,12:00:00,2024-06-02 12:00:00,3973.509933774834,2.5166666666666666,bix,0.700776730184215,fDOM,not outlier,0.11185217265186609,0.005560387842117458
MOBEAST006,T4,Algae,Table 2,2024-06-02T12:00:00Z,2024-06-02,12:00:00,2024-06-02,12:00:00,2024-06-02 12:00:00,3973.509933774834,2.5166666666666666,hix,0.519895191089651,fDOM,not outlier,0.11325104323654445,0.0056299284045162835
MOBEAST006,T4,Algae,Table 2,2024-06-02T12:00:00Z,2024-06-02,12:00:00,2024-06-02,12:00:00,2024-06-02 12:00:00,3973.509933774834,2.5166666666666666,fpeak,0.0371130699600357,fDOM,not outlier,0.003751930596962702,1.865157267955121e-4
MOBEAST006,T4,Algae,Table 2,2024-06-02T12:00:00Z,2024-06-02,12:00:00,2024-06-02,12:00:00,2024-06-02 12:00:00,3973.509933774834,2.5166666666666666,fi,1.53329445553414,fDOM,not outlier,-0.18357259290060512,-0.009125748651190577
MOBEAST006,T4,Algae,Table 2,2024-06-02T12:00:00Z,2024-06-02,12:00:00,2024-06-02,12:00:00,2024-06-02 12:00:00,3973.509933774834,2.5166666666666666,lignin,0,fDOM,not outlier,-0.03402044907084495,-0.0016912223241802758
MOBEAST006,T4,Algae,Table 2,2024-06-02T12:00:00Z,2024-06-02,12:00:00,2024-06-02,12:00:00,2024-06-02 12:00:00,3973.509933774834,2.5166666666666666,N_N,0.324,nutrients,not outlier,-0.8835,-0.04392049382716049
MOBEAST006,T4,Algae,Table 2,2024-06-02T12:00:00Z,2024-06-02,12:00:00,2024-06-02,12:00:00,2024-06-02 12:00:00,3973.509933774834,2.5166666666666666,NO2,0.01,nutrients,not outlier,-0.086439372485,-0.004297068393493004
MOBEAST006,T4,Algae,Table 2,2024-06-02T12:00:00Z,2024-06-02,12:00:00,2024-06-02,12:00:00,2024-06-02 12:00:00,3973.509933774834,2.5166666666666666,PO4,0.08837706936,nutrients,not outlier,0.007796831720000008,3.8759558509300455e-4
MOBEAST006,T4,Algae,Table 2,2024-06-02T12:00:00Z,2024-06-02,12:00:00,2024-06-02,12:00:00,2024-06-02 12:00:00,3973.509933774834,2.5166666666666666,SiO2,0.7614242254,nutrients,not outlier,-0.37034618910000006,-0.018410625367604943
MOBEAST006,T4,Algae,Table 2,2024-06-02T12:00:00Z,2024-06-02,12:00:00,2024-06-02,12:00:00,2024-06-02 12:00:00,3973.509933774834,2.5166666666666666,NH3,0.1262719034,nutrients,not outlier,-0.35800858900000004,-0.01779729940378601
MOBEAST006,T4,Algae,Table 2,2024-06-02T12:00:00Z,2024-06-02,12:00:00,2024-06-02,12:00:00,2024-06-02 12:00:00,3973.509933774834,2.5166666666666666,NO3,0.314,nutrients,not outlier,-0.7970606275150001,-0.039623425433667495
MOBEAST007,T5,CCA,Table 2,2024-06-02T12:00:00Z,2024-06-02,12:00:00,2024-06-02,12:00:00,2024-06-02 12:00:00,4285.714285714285,2.3333333333333335,het_bact,474.867,FCM,not outlier,-56.44149999999996,-2.6014189300411505
MOBEAST007,T5,CCA,Table 2,2024-06-02T12:00:00Z,2024-06-02,12:00:00,2024-06-02,12:00:00,2024-06-02 12:00:00,4285.714285714285,2.3333333333333335,pico_euk,1.9,FCM,not outlier,-3.1335,-0.1444246913580247
MOBEAST007,T5,CCA,Table 2,2024-06-02T12:00:00Z,2024-06-02,12:00:00,2024-06-02,12:00:00,2024-06-02 12:00:00,4285.714285714285,2.3333333333333335,syn,87.367,FCM,not outlier,-31.48299999999999,-1.4510683127572013
MOBEAST007,T5,CCA,Table 2,2024-06-02T12:00:00Z,2024-06-02,12:00:00,2024-06-02,12:00:00,2024-06-02 12:00:00,4285.714285714285,2.3333333333333335,pro,12.017,FCM,not outlier,-7.441500000000001,-0.3429827160493828
MOBEAST007,T5,CCA,Table 2,2024-06-02T12:00:00Z,2024-06-02,12:00:00,2024-06-02,12:00:00,2024-06-02 12:00:00,4285.714285714285,2.3333333333333335,tot_bact,574.25,FCM,not outlier,-95.36650000000009,-4.39549300411523
MOBEAST007,T5,CCA,Table 2,2024-06-02T12:00:00Z,2024-06-02,12:00:00,2024-06-02,12:00:00,2024-06-02 12:00:00,4285.714285714285,2.3333333333333335,cyano,99.38399999999996,FCM,not outlier,-38.92450000000008,-1.794051028806588
MOBEAST007,T5,CCA,Table 2,2024-06-02T12:00:00Z,2024-06-02,12:00:00,2024-06-02,12:00:00,2024-06-02 12:00:00,4285.714285714285,2.3333333333333335,chla_conc,0.5448,chla,not outlier,0.4992,0.023008395061728394
MOBEAST007,T5,CCA,Table 2,2024-06-02T12:00:00Z,2024-06-02,12:00:00,2024-06-02,12:00:00,2024-06-02 12:00:00,4285.714285714285,2.3333333333333335,npoc_u_m,142.176004174056,DOC,not outlier,-0.24977728192351378,-0.01151236854956113
MOBEAST007,T5,CCA,Table 2,2024-06-02T12:00:00Z,2024-06-02,12:00:00,2024-06-02,12:00:00,2024-06-02 12:00:00,4285.714285714285,2.3333333333333335,tn_u_m,13.2835238374016,DOC,not outlier,1.4318147743579495,0.06599310894160096
MOBEAST007,T5,CCA,Table 2,2024-06-02T12:00:00Z,2024-06-02,12:00:00,2024-06-02,12:00:00,2024-06-02 12:00:00,4285.714285714285,2.3333333333333335,coble_a,0.00717105420229528,fDOM,not outlier,-6.682180143880593e-4,-3.079852576603401e-5
MOBEAST007,T5,CCA,Table 2,2024-06-02T12:00:00Z,2024-06-02,12:00:00,2024-06-02,12:00:00,2024-06-02 12:00:00,4285.714285714285,2.3333333333333335,coble_b,0.0842049843998443,fDOM,not outlier,0.040565032519913696,0.001869664050300549
MOBEAST007,T5,CCA,Table 2,2024-06-02T12:00:00Z,2024-06-02,12:00:00,2024-06-02,12:00:00,2024-06-02 12:00:00,4285.714285714285,2.3333333333333335,coble_c,0.00519902281090358,fDOM,not outlier,7.960171201458494e-4,3.6688854920302525e-5
MOBEAST007,T5,CCA,Table 2,2024-06-02T12:00:00Z,2024-06-02,12:00:00,2024-06-02,12:00:00,2024-06-02 12:00:00,4285.714285714285,2.3333333333333335,coble_m,0.00798038807665228,fDOM,not outlier,-0.0011990956278162615,-5.526695897753962e-5
MOBEAST007,T5,CCA,Table 2,2024-06-02T12:00:00Z,2024-06-02,12:00:00,2024-06-02,12:00:00,2024-06-02 12:00:00,4285.714285714285,2.3333333333333335,coble_t,0.0468113907268575,fDOM,not outlier,-0.005489535527433503,-2.5301562924796395e-4
MOBEAST007,T5,CCA,Table 2,2024-06-02T12:00:00Z,2024-06-02,12:00:00,2024-06-02,12:00:00,2024-06-02 12:00:00,4285.714285714285,2.3333333333333335,m_to_c,1.5349784693991957,fDOM,not outlier,-0.5930325772245966,-0.027333188744508154
MOBEAST007,T5,CCA,Table 2,2024-06-02T12:00:00Z,2024-06-02,12:00:00,2024-06-02,12:00:00,2024-06-02 12:00:00,4285.714285714285,2.3333333333333335,bix,0.809934654402416,fDOM,not outlier,0.221010096870067,0.01018647360059568
MOBEAST007,T5,CCA,Table 2,2024-06-02T12:00:00Z,2024-06-02,12:00:00,2024-06-02,12:00:00,2024-06-02 12:00:00,4285.714285714285,2.3333333333333335,hix,0.394668593569803,fDOM,not outlier,-0.011975554283303547,-5.519597035925914e-4
MOBEAST007,T5,CCA,Table 2,2024-06-02T12:00:00Z,2024-06-02,12:00:00,2024-06-02,12:00:00,2024-06-02 12:00:00,4285.714285714285,2.3333333333333335,fpeak,0.0727621058419829,fDOM,outlier,0.039400966478909893,0.0018160116237193036
MOBEAST007,T5,CCA,Table 2,2024-06-02T12:00:00Z,2024-06-02,12:00:00,2024-06-02,12:00:00,2024-06-02 12:00:00,4285.714285714285,2.3333333333333335,fi,1.64077425570003,fDOM,not outlier,-0.07609279273471503,-0.0035071575252214335
MOBEAST007,T5,CCA,Table 2,2024-06-02T12:00:00Z,2024-06-02,12:00:00,2024-06-02,12:00:00,2024-06-02 12:00:00,4285.714285714285,2.3333333333333335,lignin,0.0332114083848893,fDOM,not outlier,-8.090406859556504e-4,-3.7289118035815986e-5
MOBEAST007,T5,CCA,Table 2,2024-06-02T12:00:00Z,2024-06-02,12:00:00,2024-06-02,12:00:00,2024-06-02 12:00:00,4285.714285714285,2.3333333333333335,N_N,0.711,nutrients,not outlier,-0.49650000000000005,-0.022883950617283953
MOBEAST007,T5,CCA,Table 2,2024-06-02T12:00:00Z,2024-06-02,12:00:00,2024-06-02,12:00:00,2024-06-02 12:00:00,4285.714285714285,2.3333333333333335,NO2,0.08448734374,nutrients,not outlier,-0.011952028744999996,-5.508753989465019e-4
MOBEAST007,T5,CCA,Table 2,2024-06-02T12:00:00Z,2024-06-02,12:00:00,2024-06-02,12:00:00,2024-06-02 12:00:00,4285.714285714285,2.3333333333333335,PO4,0.077,nutrients,not outlier,-0.0035802376399999974,-1.6501506818106983e-4
MOBEAST007,T5,CCA,Table 2,2024-06-02T12:00:00Z,2024-06-02,12:00:00,2024-06-02,12:00:00,2024-06-02 12:00:00,4285.714285714285,2.3333333333333335,SiO2,0.7840407865,nutrients,not outlier,-0.34772962800000007,-0.016027044582716053
MOBEAST007,T5,CCA,Table 2,2024-06-02T12:00:00Z,2024-06-02,12:00:00,2024-06-02,12:00:00,2024-06-02 12:00:00,4285.714285714285,2.3333333333333335,NH3,0.7588924581,nutrients,not outlier,0.2746119656999999,0.012657012410864192
MOBEAST007,T5,CCA,Table 2,2024-06-02T12:00:00Z,2024-06-02,12:00:00,2024-06-02,12:00:00,2024-06-02 12:00:00,4285.714285714285,2.3333333333333335,NO3,0.62651265626,nutrients,not outlier,-0.48454797125500015,-0.022333075218337453
MOBEAST008,T6,Coral,Table 2,2024-06-02T12:00:00Z,2024-06-02,12:00:00,2024-06-02,12:00:00,2024-06-02 12:00:00,4477.611940298507,2.2333333333333334,het_bact,470.733,FCM,not outlier,-60.57549999999998,-2.6723018930041142
MOBEAST008,T6,Coral,Table 2,2024-06-02T12:00:00Z,2024-06-02,12:00:00,2024-06-02,12:00:00,2024-06-02 12:00:00,4477.611940298507,2.2333333333333334,pico_euk,3.317,FCM,not outlier,-1.7165,-0.07572378600823046
MOBEAST008,T6,Coral,Table 2,2024-06-02T12:00:00Z,2024-06-02,12:00:00,2024-06-02,12:00:00,2024-06-02 12:00:00,4477.611940298507,2.2333333333333334,syn,81.917,FCM,not outlier,-36.93299999999999,-1.6293076543209875
MOBEAST008,T6,Coral,Table 2,2024-06-02T12:00:00Z,2024-06-02,12:00:00,2024-06-02,12:00:00,2024-06-02 12:00:00,4477.611940298507,2.2333333333333334,pro,48.817,FCM,outlier,29.3585,1.2951568724279836
MOBEAST008,T6,Coral,Table 2,2024-06-02T12:00:00Z,2024-06-02,12:00:00,2024-06-02,12:00:00,2024-06-02 12:00:00,4477.611940298507,2.2333333333333334,tot_bact,601.467,FCM,not outlier,-68.1495000000001,-3.0064306172839554
MOBEAST008,T6,Coral,Table 2,2024-06-02T12:00:00Z,2024-06-02,12:00:00,2024-06-02,12:00:00,2024-06-02 12:00:00,4477.611940298507,2.2333333333333334,cyano,130.73399999999998,FCM,not outlier,-7.574500000000057,-0.3341507818930067
MOBEAST008,T6,Coral,Table 2,2024-06-02T12:00:00Z,2024-06-02,12:00:00,2024-06-02,12:00:00,2024-06-02 12:00:00,4477.611940298507,2.2333333333333334,chla_conc,1.7544000000000002,chla,outlier,1.7088,0.0753840987654321
MOBEAST008,T6,Coral,Table 2,2024-06-02T12:00:00Z,2024-06-02,12:00:00,2024-06-02,12:00:00,2024-06-02 12:00:00,4477.611940298507,2.2333333333333334,npoc_u_m,183.972069349275,DOC,not outlier,41.54628789329547,1.8328238938935286
MOBEAST008,T6,Coral,Table 2,2024-06-02T12:00:00Z,2024-06-02,12:00:00,2024-06-02,12:00:00,2024-06-02 12:00:00,4477.611940298507,2.2333333333333334,tn_u_m,19.3306298652312,DOC,not outlier,7.478920802187549,0.32993428394835606
MOBEAST008,T6,Coral,Table 2,2024-06-02T12:00:00Z,2024-06-02,12:00:00,2024-06-02,12:00:00,2024-06-02 12:00:00,4477.611940298507,2.2333333333333334,coble_a,0.00883950132834377,fDOM,not outlier,0.001000229111660431,4.412533365020502e-5
MOBEAST008,T6,Coral,Table 2,2024-06-02T12:00:00Z,2024-06-02,12:00:00,2024-06-02,12:00:00,2024-06-02 12:00:00,4477.611940298507,2.2333333333333334,coble_b,0.0902454398599073,fDOM,not outlier,0.0466054879799767,0.0020560116508039107
MOBEAST008,T6,Coral,Table 2,2024-06-02T12:00:00Z,2024-06-02,12:00:00,2024-06-02,12:00:00,2024-06-02 12:00:00,4477.611940298507,2.2333333333333334,coble_c,0.00607299841421672,fDOM,not outlier,0.0016699927234589901,7.367210697728549e-5
MOBEAST008,T6,Coral,Table 2,2024-06-02T12:00:00Z,2024-06-02,12:00:00,2024-06-02,12:00:00,2024-06-02 12:00:00,4477.611940298507,2.2333333333333334,coble_m,0.0141383098194434,fDOM,not outlier,0.004958826114974859,2.1875973643016664e-4
MOBEAST008,T6,Coral,Table 2,2024-06-02T12:00:00Z,2024-06-02,12:00:00,2024-06-02,12:00:00,2024-06-02 12:00:00,4477.611940298507,2.2333333333333334,coble_t,0.112401389649781,fDOM,not outlier,0.060100463395489995,0.0026513455456775837
MOBEAST008,T6,Coral,Table 2,2024-06-02T12:00:00Z,2024-06-02,12:00:00,2024-06-02,12:00:00,2024-06-02 12:00:00,4477.611940298507,2.2333333333333334,m_to_c,2.3280608449272786,fDOM,not outlier,0.20004979830348635,0.008825242130919234
MOBEAST008,T6,Coral,Table 2,2024-06-02T12:00:00Z,2024-06-02,12:00:00,2024-06-02,12:00:00,2024-06-02 12:00:00,4477.611940298507,2.2333333333333334,bix,1.10544232504663,fDOM,not outlier,0.5165177675142811,0.022786298221206147
MOBEAST008,T6,Coral,Table 2,2024-06-02T12:00:00Z,2024-06-02,12:00:00,2024-06-02,12:00:00,2024-06-02 12:00:00,4477.611940298507,2.2333333333333334,hix,0.263913512225075,fDOM,not outlier,-0.14273063562803157,-0.006296594296018512
MOBEAST008,T6,Coral,Table 2,2024-06-02T12:00:00Z,2024-06-02,12:00:00,2024-06-02,12:00:00,2024-06-02 12:00:00,4477.611940298507,2.2333333333333334,fpeak,0.00508427941616261,fDOM,not outlier,-0.028276859946910392,-0.0012474400766702856
MOBEAST008,T6,Coral,Table 2,2024-06-02T12:00:00Z,2024-06-02,12:00:00,2024-06-02,12:00:00,2024-06-02 12:00:00,4477.611940298507,2.2333333333333334,fi,2.19204824425479,fDOM,not outlier,0.4751811958200449,0.020962726004900747
MOBEAST008,T6,Coral,Table 2,2024-06-02T12:00:00Z,2024-06-02,12:00:00,2024-06-02,12:00:00,2024-06-02 12:00:00,4477.611940298507,2.2333333333333334,lignin,0.0314583355953983,fDOM,not outlier,-0.002562113475446652,-1.1302821587155601e-4
MOBEAST008,T6,Coral,Table 2,2024-06-02T12:00:00Z,2024-06-02,12:00:00,2024-06-02,12:00:00,2024-06-02 12:00:00,4477.611940298507,2.2333333333333334,N_N,2.095,nutrients,not outlier,0.8875000000000002,0.03915226337448561
MOBEAST008,T6,Coral,Table 2,2024-06-02T12:00:00Z,2024-06-02,12:00:00,2024-06-02,12:00:00,2024-06-02 12:00:00,4477.611940298507,2.2333333333333334,NO2,0.07915338049,nutrients,not outlier,-0.017285991995,-7.62575449326749e-4
MOBEAST008,T6,Coral,Table 2,2024-06-02T12:00:00Z,2024-06-02,12:00:00,2024-06-02,12:00:00,2024-06-02 12:00:00,4477.611940298507,2.2333333333333334,PO4,0.077,nutrients,not outlier,-0.0035802376399999974,-1.5794299383045256e-4
MOBEAST008,T6,Coral,Table 2,2024-06-02T12:00:00Z,2024-06-02,12:00:00,2024-06-02,12:00:00,2024-06-02 12:00:00,4477.611940298507,2.2333333333333334,SiO2,0.878276458,nutrients,not outlier,-0.25349395650000006,-0.011182943266172843
MOBEAST008,T6,Coral,Table 2,2024-06-02T12:00:00Z,2024-06-02,12:00:00,2024-06-02,12:00:00,2024-06-02 12:00:00,4477.611940298507,2.2333333333333334,NH3,1.012192888,nutrients,not outlier,0.5279123955999999,0.023288974818238682
MOBEAST008,T6,Coral,Table 2,2024-06-02T12:00:00Z,2024-06-02,12:00:00,2024-06-02,12:00:00,2024-06-02 12:00:00,4477.611940298507,2.2333333333333334,NO3,2.01584661951,nutrients,not outlier,0.9047859919949999,0.039914838823812346
MOBEAST009,T7,Coral,Table 2,2024-06-02T12:00:00Z,2024-06-02,12:00:00,2024-06-02,12:00:00,2024-06-02 12:00:00,616.6495375128469,16.216666666666665,het_bact,901.333,FCM,outlier,370.0245,118.52965876543209
MOBEAST009,T7,Coral,Table 2,2024-06-02T12:00:00Z,2024-06-02,12:00:00,2024-06-02,12:00:00,2024-06-02 12:00:00,616.6495375128469,16.216666666666665,pico_euk,4.217,FCM,not outlier,-0.8165000000000004,-0.26154880658436225
MOBEAST009,T7,Coral,Table 2,2024-06-02T12:00:00Z,2024-06-02,12:00:00,2024-06-02,12:00:00,2024-06-02 12:00:00,616.6495375128469,16.216666666666665,syn,116.417,FCM,not outlier,-2.4329999999999927,-0.7793609876543186
MOBEAST009,T7,Coral,Table 2,2024-06-02T12:00:00Z,2024-06-02,12:00:00,2024-06-02,12:00:00,2024-06-02 12:00:00,616.6495375128469,16.216666666666665,pro,17.183,FCM,not outlier,-2.275500000000001,-0.7289091358024694
MOBEAST009,T7,Coral,Table 2,2024-06-02T12:00:00Z,2024-06-02,12:00:00,2024-06-02,12:00:00,2024-06-02 12:00:00,616.6495375128469,16.216666666666665,tot_bact,1034.933,FCM,outlier,365.3164999999999,117.02154880658432
MOBEAST009,T7,Coral,Table 2,2024-06-02T12:00:00Z,2024-06-02,12:00:00,2024-06-02,12:00:00,2024-06-02 12:00:00,616.6495375128469,16.216666666666665,cyano,133.60000000000002,FCM,not outlier,-4.708500000000015,-1.5082701234567948
MOBEAST009,T7,Coral,Table 2,2024-06-02T12:00:00Z,2024-06-02,12:00:00,2024-06-02,12:00:00,2024-06-02 12:00:00,616.6495375128469,16.216666666666665,chla_conc,0.8443999999999999,chla,outlier,0.7988,0.2558789794238683
MOBEAST009,T7,Coral,Table 2,2024-06-02T12:00:00Z,2024-06-02,12:00:00,2024-06-02,12:00:00,2024-06-02 12:00:00,616.6495375128469,16.216666666666665,npoc_u_m,147.088290718554,DOC,not outlier,4.662509262574474,1.493537946497107
MOBEAST009,T7,Coral,Table 2,2024-06-02T12:00:00Z,2024-06-02,12:00:00,2024-06-02,12:00:00,2024-06-02 12:00:00,616.6495375128469,16.216666666666665,tn_u_m,13.8760973914865,DOC,not outlier,2.02438832844285,0.6484707303950265
MOBEAST009,T7,Coral,Table 2,2024-06-02T12:00:00Z,2024-06-02,12:00:00,2024-06-02,12:00:00,2024-06-02 12:00:00,616.6495375128469,16.216666666666665,coble_a,0.00615935701827658,fDOM,not outlier,-0.0016799151984067595,-5.381259219916961e-4
MOBEAST009,T7,Coral,Table 2,2024-06-02T12:00:00Z,2024-06-02,12:00:00,2024-06-02,12:00:00,2024-06-02 12:00:00,616.6495375128469,16.216666666666665,coble_b,0.0582300073973647,fDOM,not outlier,0.0145900555174341,0.004673621076037326
MOBEAST009,T7,Coral,Table 2,2024-06-02T12:00:00Z,2024-06-02,12:00:00,2024-06-02,12:00:00,2024-06-02 12:00:00,616.6495375128469,16.216666666666665,coble_c,0.00463336603630153,fDOM,not outlier,2.3036034554379994e-4,7.379114937090283e-5
MOBEAST009,T7,Coral,Table 2,2024-06-02T12:00:00Z,2024-06-02,12:00:00,2024-06-02,12:00:00,2024-06-02 12:00:00,616.6495375128469,16.216666666666665,coble_m,0.0086108509646838,fDOM,not outlier,-5.686327397847416e-4,-1.8214968092528512e-4
MOBEAST009,T7,Coral,Table 2,2024-06-02T12:00:00Z,2024-06-02,12:00:00,2024-06-02,12:00:00,2024-06-02 12:00:00,616.6495375128469,16.216666666666665,coble_t,0.0618829090824658,fDOM,not outlier,0.009581982828174795,0.003069389067263893
MOBEAST009,T7,Coral,Table 2,2024-06-02T12:00:00Z,2024-06-02,12:00:00,2024-06-02,12:00:00,2024-06-02 12:00:00,616.6495375128469,16.216666666666665,m_to_c,1.8584439254786784,fDOM,not outlier,-0.26956712114511383,-0.08635022514376814
MOBEAST009,T7,Coral,Table 2,2024-06-02T12:00:00Z,2024-06-02,12:00:00,2024-06-02,12:00:00,2024-06-02 12:00:00,616.6495375128469,16.216666666666665,bix,0.944571048401857,fDOM,not outlier,0.35564649086950806,0.11392396234272635
MOBEAST009,T7,Coral,Table 2,2024-06-02T12:00:00Z,2024-06-02,12:00:00,2024-06-02,12:00:00,2024-06-02 12:00:00,616.6495375128469,16.216666666666665,hix,0.411622748767734,fDOM,not outlier,0.0049786009146274846,0.0015947913382493965
MOBEAST009,T7,Coral,Table 2,2024-06-02T12:00:00Z,2024-06-02,12:00:00,2024-06-02,12:00:00,2024-06-02 12:00:00,616.6495375128469,16.216666666666665,fpeak,0.075473695267994,fDOM,outlier,0.042112555904920995,0.013489882105510494
MOBEAST009,T7,Coral,Table 2,2024-06-02T12:00:00Z,2024-06-02,12:00:00,2024-06-02,12:00:00,2024-06-02 12:00:00,616.6495375128469,16.216666666666665,fi,1.48230977440288,fDOM,not outlier,-0.2345572740318651,-0.07513554819193571
MOBEAST009,T7,Coral,Table 2,2024-06-02T12:00:00Z,2024-06-02,12:00:00,2024-06-02,12:00:00,2024-06-02 12:00:00,616.6495375128469,16.216666666666665,lignin,0.00368705787668607,fDOM,not outlier,-0.030333391194158878,-0.009716671483758547
MOBEAST009,T7,Coral,Table 2,2024-06-02T12:00:00Z,2024-06-02,12:00:00,2024-06-02,12:00:00,2024-06-02 12:00:00,616.6495375128469,16.216666666666665,N_N,1.071,nutrients,not outlier,-0.13650000000000007,-0.04372493827160495
MOBEAST009,T7,Coral,Table 2,2024-06-02T12:00:00Z,2024-06-02,12:00:00,2024-06-02,12:00:00,2024-06-02 12:00:00,616.6495375128469,16.216666666666665,NO2,0.1082596984,nutrients,not outlier,0.011820325915000013,0.0037863957581218146
MOBEAST009,T7,Coral,Table 2,2024-06-02T12:00:00Z,2024-06-02,12:00:00,2024-06-02,12:00:00,2024-06-02 12:00:00,616.6495375128469,16.216666666666665,PO4,0.1006497578,nutrients,not outlier,0.020069520160000007,0.006428853700635393
MOBEAST009,T7,Coral,Table 2,2024-06-02T12:00:00Z,2024-06-02,12:00:00,2024-06-02,12:00:00,2024-06-02 12:00:00,616.6495375128469,16.216666666666665,SiO2,0.8952388789,nutrients,not outlier,-0.23653153560000006,-0.07576796185639509
MOBEAST009,T7,Coral,Table 2,2024-06-02T12:00:00Z,2024-06-02,12:00:00,2024-06-02,12:00:00,2024-06-02 12:00:00,616.6495375128469,16.216666666666665,NH3,0.4582610822,nutrients,not outlier,-0.026019410200000037,-0.008334777324971204
MOBEAST009,T7,Coral,Table 2,2024-06-02T12:00:00Z,2024-06-02,12:00:00,2024-06-02,12:00:00,2024-06-02 12:00:00,616.6495375128469,16.216666666666665,NO3,0.9627403016,nutrients,not outlier,-0.1483203259150001,-0.04751133402972678
MOBEAST010,T8,Control,Table 2,2024-06-02T12:00:00Z,2024-06-02,12:00:00,2024-06-02,12:00:00,2024-06-02 12:00:00,1840.4907975460123,5.433333333333334,het_bact,514.583,FCM,not outlier,-16.72550000000001,-1.7950660082304537
MOBEAST010,T8,Control,Table 2,2024-06-02T12:00:00Z,2024-06-02,12:00:00,2024-06-02,12:00:00,2024-06-02 12:00:00,1840.4907975460123,5.433333333333334,pico_euk,2.7,FCM,not outlier,-2.3335,-0.2504431275720165
MOBEAST010,T8,Control,Table 2,2024-06-02T12:00:00Z,2024-06-02,12:00:00,2024-06-02,12:00:00,2024-06-02 12:00:00,1840.4907975460123,5.433333333333334,syn,115.2,FCM,not outlier,-3.6499999999999915,-0.39173662551440236
MOBEAST010,T8,Control,Table 2,2024-06-02T12:00:00Z,2024-06-02,12:00:00,2024-06-02,12:00:00,2024-06-02 12:00:00,1840.4907975460123,5.433333333333334,pro,16.117,FCM,not outlier,-3.3415,-0.35862683127572015
MOBEAST010,T8,Control,Table 2,2024-06-02T12:00:00Z,2024-06-02,12:00:00,2024-06-02,12:00:00,2024-06-02 12:00:00,1840.4907975460123,5.433333333333334,tot_bact,645.9,FCM,not outlier,-23.71650000000011,-2.5453758024691475
MOBEAST010,T8,Control,Table 2,2024-06-02T12:00:00Z,2024-06-02,12:00:00,2024-06-02,12:00:00,2024-06-02 12:00:00,1840.4907975460123,5.433333333333334,cyano,131.317,FCM,not outlier,-6.9915000000000305,-0.7503634567901267
MOBEAST010,T8,Control,Table 2,2024-06-02T12:00:00Z,2024-06-02,12:00:00,2024-06-02,12:00:00,2024-06-02 12:00:00,1840.4907975460123,5.433333333333334,chla_conc,0.25120000000000003,chla,not outlier,0.20560000000000003,0.02206604115226338
MOBEAST010,T8,Control,Table 2,2024-06-02T12:00:00Z,2024-06-02,12:00:00,2024-06-02,12:00:00,2024-06-02 12:00:00,1840.4907975460123,5.433333333333334,npoc_u_m,137.430235817507,DOC,not outlier,-4.995545638472521,-0.5361474495940878
MOBEAST010,T8,Control,Table 2,2024-06-02T12:00:00Z,2024-06-02,12:00:00,2024-06-02,12:00:00,2024-06-02 12:00:00,1840.4907975460123,5.433333333333334,tn_u_m,13.5262648113641,DOC,not outlier,1.6745557483204507,0.17972186796789033
MOBEAST010,T8,Control,Table 2,2024-06-02T12:00:00Z,2024-06-02,12:00:00,2024-06-02,12:00:00,2024-06-02 12:00:00,1840.4907975460123,5.433333333333334,coble_a,0.00605195208140413,fDOM,not outlier,-0.001787320135279209,-1.918243173995135e-4
MOBEAST010,T8,Control,Table 2,2024-06-02T12:00:00Z,2024-06-02,12:00:00,2024-06-02,12:00:00,2024-06-02 12:00:00,1840.4907975460123,5.433333333333334,coble_b,0.0760813789534515,fDOM,not outlier,0.032441427073520906,0.0034817794982610092
MOBEAST010,T8,Control,Table 2,2024-06-02T12:00:00Z,2024-06-02,12:00:00,2024-06-02,12:00:00,2024-06-02 12:00:00,1840.4907975460123,5.433333333333334,coble_c,0.00331565196640908,fDOM,not outlier,-0.0010873537243486502,-1.1670035033338598e-4
MOBEAST010,T8,Control,Table 2,2024-06-02T12:00:00Z,2024-06-02,12:00:00,2024-06-02,12:00:00,2024-06-02 12:00:00,1840.4907975460123,5.433333333333334,coble_m,0.00709216405823315,fDOM,not outlier,-0.0020873196462353914,-2.2402179577703295e-4
MOBEAST010,T8,Control,Table 2,2024-06-02T12:00:00Z,2024-06-02,12:00:00,2024-06-02,12:00:00,2024-06-02 12:00:00,1840.4907975460123,5.433333333333334,coble_t,0.0414345765218118,fDOM,not outlier,-0.0108663497324792,-0.0011662321029755453
MOBEAST010,T8,Control,Table 2,2024-06-02T12:00:00Z,2024-06-02,12:00:00,2024-06-02,12:00:00,2024-06-02 12:00:00,1840.4907975460123,5.433333333333334,m_to_c,2.138995325831532,fDOM,not outlier,0.0109842792077397,0.0011788888960405405
MOBEAST010,T8,Control,Table 2,2024-06-02T12:00:00Z,2024-06-02,12:00:00,2024-06-02,12:00:00,2024-06-02 12:00:00,1840.4907975460123,5.433333333333334,bix,0.642964204961481,fDOM,not outlier,0.05403964742913203,0.005799810719966104
MOBEAST010,T8,Control,Table 2,2024-06-02T12:00:00Z,2024-06-02,12:00:00,2024-06-02,12:00:00,2024-06-02 12:00:00,1840.4907975460123,5.433333333333334,hix,0.377003790028423,fDOM,not outlier,-0.02964035782468355,-0.0031811544529536913
MOBEAST010,T8,Control,Table 2,2024-06-02T12:00:00Z,2024-06-02,12:00:00,2024-06-02,12:00:00,2024-06-02 12:00:00,1840.4907975460123,5.433333333333334,fpeak,0.0315181244940096,fDOM,not outlier,-0.0018430148690634016,-1.978017604328128e-4
MOBEAST010,T8,Control,Table 2,2024-06-02T12:00:00Z,2024-06-02,12:00:00,2024-06-02,12:00:00,2024-06-02 12:00:00,1840.4907975460123,5.433333333333334,fi,1.41412357518019,fDOM,not outlier,-0.3027434732545551,-0.03249197441349299
MOBEAST010,T8,Control,Table 2,2024-06-02T12:00:00Z,2024-06-02,12:00:00,2024-06-02,12:00:00,2024-06-02 12:00:00,1840.4907975460123,5.433333333333334,lignin,0.0159177853903355,fDOM,not outlier,-0.01810266368050945,-0.0019428702419246352
MOBEAST010,T8,Control,Table 2,2024-06-02T12:00:00Z,2024-06-02,12:00:00,2024-06-02,12:00:00,2024-06-02 12:00:00,1840.4907975460123,5.433333333333334,N_N,0.746,nutrients,not outlier,-0.4615,-0.04953053497942387
MOBEAST010,T8,Control,Table 2,2024-06-02T12:00:00Z,2024-06-02,12:00:00,2024-06-02,12:00:00,2024-06-02 12:00:00,1840.4907975460123,5.433333333333334,NO2,0.1199153959,nutrients,not outlier,0.023476023415000005,0.002519566628243622
MOBEAST010,T8,Control,Table 2,2024-06-02T12:00:00Z,2024-06-02,12:00:00,2024-06-02,12:00:00,2024-06-02 12:00:00,1840.4907975460123,5.433333333333334,PO4,0.1320856665,nutrients,not outlier,0.05150542886000001,0.005527825451311934
MOBEAST010,T8,Control,Table 2,2024-06-02T12:00:00Z,2024-06-02,12:00:00,2024-06-02,12:00:00,2024-06-02 12:00:00,1840.4907975460123,5.433333333333334,SiO2,0.9743968429,nutrients,outlier,-0.1573735716000001,-0.016890134762666677
MOBEAST010,T8,Control,Table 2,2024-06-02T12:00:00Z,2024-06-02,12:00:00,2024-06-02,12:00:00,2024-06-02 12:00:00,1840.4907975460123,5.433333333333334,NH3,0.5382108693,nutrients,not outlier,0.05393037689999991,0.005788083249185175
MOBEAST010,T8,Control,Table 2,2024-06-02T12:00:00Z,2024-06-02,12:00:00,2024-06-02,12:00:00,2024-06-02 12:00:00,1840.4907975460123,5.433333333333334,NO3,0.6260846041,nutrients,not outlier,-0.4849760234150001,-0.0520501016076675
MOBEAST011,T9,Coral,Table 1,2024-06-02T12:00:00Z,2024-06-02,12:00:00,2024-06-02,12:00:00,2024-06-02 12:00:00,1111.111111111111,9,het_bact,524.617,FCM,not outlier,-6.691500000000019,-1.1896000000000033
MOBEAST011,T9,Coral,Table 1,2024-06-02T12:00:00Z,2024-06-02,12:00:00,2024-06-02,12:00:00,2024-06-02 12:00:00,1111.111111111111,9,pico_euk,3.117,FCM,not outlier,-1.9165,-0.3407111111111111
MOBEAST011,T9,Coral,Table 1,2024-06-02T12:00:00Z,2024-06-02,12:00:00,2024-06-02,12:00:00,2024-06-02 12:00:00,1111.111111111111,9,syn,119.467,FCM,not outlier,0.6170000000000044,0.10968888888888968
MOBEAST011,T9,Coral,Table 1,2024-06-02T12:00:00Z,2024-06-02,12:00:00,2024-06-02,12:00:00,2024-06-02 12:00:00,1111.111111111111,9,pro,14.9,FCM,not outlier,-4.5585,-0.8104000000000001
MOBEAST011,T9,Coral,Table 1,2024-06-02T12:00:00Z,2024-06-02,12:00:00,2024-06-02,12:00:00,2024-06-02 12:00:00,1111.111111111111,9,tot_bact,658.983,FCM,not outlier,-10.63350000000014,-1.890400000000025
MOBEAST011,T9,Coral,Table 1,2024-06-02T12:00:00Z,2024-06-02,12:00:00,2024-06-02,12:00:00,2024-06-02 12:00:00,1111.111111111111,9,cyano,134.36699999999996,FCM,not outlier,-3.941500000000076,-0.7007111111111246
MOBEAST011,T9,Coral,Table 1,2024-06-02T12:00:00Z,2024-06-02,12:00:00,2024-06-02,12:00:00,2024-06-02 12:00:00,1111.111111111111,9,chla_conc,0.3944,chla,not outlier,0.3488,0.06200888888888889
MOBEAST011,T9,Coral,Table 1,2024-06-02T12:00:00Z,2024-06-02,12:00:00,2024-06-02,12:00:00,2024-06-02 12:00:00,1111.111111111111,9,npoc_u_m,144.840295181241,DOC,not outlier,2.414513725261486,0.42924688449093085
MOBEAST011,T9,Coral,Table 1,2024-06-02T12:00:00Z,2024-06-02,12:00:00,2024-06-02,12:00:00,2024-06-02 12:00:00,1111.111111111111,9,tn_u_m,12.5645821880481,DOC,not outlier,0.7128731250044495,0.12673300000079102
MOBEAST011,T9,Coral,Table 1,2024-06-02T12:00:00Z,2024-06-02,12:00:00,2024-06-02,12:00:00,2024-06-02 12:00:00,1111.111111111111,9,coble_a,0.0064676241396417,fDOM,not outlier,-0.0013716480770416392,-2.4384854702962474e-4
MOBEAST011,T9,Coral,Table 1,2024-06-02T12:00:00Z,2024-06-02,12:00:00,2024-06-02,12:00:00,2024-06-02 12:00:00,1111.111111111111,9,coble_b,0.0753998902920884,fDOM,not outlier,0.03175993841215781,0.005646211273272499
MOBEAST011,T9,Coral,Table 1,2024-06-02T12:00:00Z,2024-06-02,12:00:00,2024-06-02,12:00:00,2024-06-02 12:00:00,1111.111111111111,9,coble_c,0.0039185362902906,fDOM,not outlier,-4.8446940046713034e-4,-8.612789341637873e-5
MOBEAST011,T9,Coral,Table 1,2024-06-02T12:00:00Z,2024-06-02,12:00:00,2024-06-02,12:00:00,2024-06-02 12:00:00,1111.111111111111,9,coble_m,0.0077888774689803,fDOM,not outlier,-0.0013906062354882408,-2.472188863090206e-4
MOBEAST011,T9,Coral,Table 1,2024-06-02T12:00:00Z,2024-06-02,12:00:00,2024-06-02,12:00:00,2024-06-02 12:00:00,1111.111111111111,9,coble_t,0.0367614195979669,fDOM,not outlier,-0.0155395066563241,-0.0027625789611242847
MOBEAST011,T9,Coral,Table 1,2024-06-02T12:00:00Z,2024-06-02,12:00:00,2024-06-02,12:00:00,2024-06-02 12:00:00,1111.111111111111,9,m_to_c,1.9877007361855197,fDOM,not outlier,-0.14031031043827258,-0.024944055189026235
MOBEAST011,T9,Coral,Table 1,2024-06-02T12:00:00Z,2024-06-02,12:00:00,2024-06-02,12:00:00,2024-06-02 12:00:00,1111.111111111111,9,bix,0.748852905468443,fDOM,not outlier,0.159928347936094,0.028431706299750045
MOBEAST011,T9,Coral,Table 1,2024-06-02T12:00:00Z,2024-06-02,12:00:00,2024-06-02,12:00:00,2024-06-02 12:00:00,1111.111111111111,9,hix,0.39616000242599,fDOM,not outlier,-0.010484145427116565,-0.0018638480759318337
MOBEAST011,T9,Coral,Table 1,2024-06-02T12:00:00Z,2024-06-02,12:00:00,2024-06-02,12:00:00,2024-06-02 12:00:00,1111.111111111111,9,fpeak,0.0379634173538985,fDOM,not outlier,0.0046022779908255,8.181827539245334e-4
MOBEAST011,T9,Coral,Table 1,2024-06-02T12:00:00Z,2024-06-02,12:00:00,2024-06-02,12:00:00,2024-06-02 12:00:00,1111.111111111111,9,fi,1.90650117569898,fDOM,not outlier,0.189634127264235,0.033712733735864
MOBEAST011,T9,Coral,Table 1,2024-06-02T12:00:00Z,2024-06-02,12:00:00,2024-06-02,12:00:00,2024-06-02 12:00:00,1111.111111111111,9,lignin,0.0114261563605953,fDOM,not outlier,-0.02259429271024965,-0.004016763148488827
MOBEAST011,T9,Coral,Table 1,2024-06-02T12:00:00Z,2024-06-02,12:00:00,2024-06-02,12:00:00,2024-06-02 12:00:00,1111.111111111111,9,N_N,0.982,nutrients,not outlier,-0.22550000000000003,-0.040088888888888896
MOBEAST011,T9,Coral,Table 1,2024-06-02T12:00:00Z,2024-06-02,12:00:00,2024-06-02,12:00:00,2024-06-02 12:00:00,1111.111111111111,9,NO2,0.131175985,nutrients,not outlier,0.034736612515,0.006175397780444444
MOBEAST011,T9,Coral,Table 1,2024-06-02T12:00:00Z,2024-06-02,12:00:00,2024-06-02,12:00:00,2024-06-02 12:00:00,1111.111111111111,9,PO4,0.077,nutrients,not outlier,-0.0035802376399999974,-6.364866915555551e-4
MOBEAST011,T9,Coral,Table 1,2024-06-02T12:00:00Z,2024-06-02,12:00:00,2024-06-02,12:00:00,2024-06-02 12:00:00,1111.111111111111,9,SiO2,2.052452924,nutrients,outlier,0.9206825094999997,0.16367689057777773
MOBEAST011,T9,Coral,Table 1,2024-06-02T12:00:00Z,2024-06-02,12:00:00,2024-06-02,12:00:00,2024-06-02 12:00:00,1111.111111111111,9,NH3,1.110133478,nutrients,not outlier,0.6258529856,0.11126275299555556
MOBEAST011,T9,Coral,Table 1,2024-06-02T12:00:00Z,2024-06-02,12:00:00,2024-06-02,12:00:00,2024-06-02 12:00:00,1111.111111111111,9,NO3,0.8508240149999999,nutrients,not outlier,-0.2602366125150002,-0.04626428666933337
MOBEAST012,T10,CCA,Table 1,2024-06-02T12:00:00Z,2024-06-02,12:00:00,2024-06-02,12:00:00,2024-06-02 12:00:00,1744.1860465116279,5.733333333333333,het_bact,403.65,FCM,not outlier,-127.6585,-14.45745646090535
MOBEAST012,T10,CCA,Table 1,2024-06-02T12:00:00Z,2024-06-02,12:00:00,2024-06-02,12:00:00,2024-06-02 12:00:00,1744.1860465116279,5.733333333333333,pico_euk,2.8,FCM,not outlier,-2.2335000000000003,-0.25294617283950616
MOBEAST012,T10,CCA,Table 1,2024-06-02T12:00:00Z,2024-06-02,12:00:00,2024-06-02,12:00:00,2024-06-02 12:00:00,1744.1860465116279,5.733333333333333,syn,31.933,FCM,not outlier,-86.917,-9.843439670781894
MOBEAST012,T10,CCA,Table 1,2024-06-02T12:00:00Z,2024-06-02,12:00:00,2024-06-02,12:00:00,2024-06-02 12:00:00,1744.1860465116279,5.733333333333333,pro,48.833,FCM,outlier,29.374499999999998,3.326692345679012
MOBEAST012,T10,CCA,Table 1,2024-06-02T12:00:00Z,2024-06-02,12:00:00,2024-06-02,12:00:00,2024-06-02 12:00:00,1744.1860465116279,5.733333333333333,tot_bact,484.417,FCM,not outlier,-185.1995000000001,-20.974033909465035
MOBEAST012,T10,CCA,Table 1,2024-06-02T12:00:00Z,2024-06-02,12:00:00,2024-06-02,12:00:00,2024-06-02 12:00:00,1744.1860465116279,5.733333333333333,cyano,80.76599999999996,FCM,not outlier,-57.542500000000075,-6.516747325102889
MOBEAST012,T10,CCA,Table 1,2024-06-02T12:00:00Z,2024-06-02,12:00:00,2024-06-02,12:00:00,2024-06-02 12:00:00,1744.1860465116279,5.733333333333333,chla_conc,0.15480000000000002,chla,not outlier,0.10920000000000002,0.012367012345679013
MOBEAST012,T10,CCA,Table 1,2024-06-02T12:00:00Z,2024-06-02,12:00:00,2024-06-02,12:00:00,2024-06-02 12:00:00,1744.1860465116279,5.733333333333333,npoc_u_m,182.723182939657,DOC,not outlier,40.297401483677476,4.5637221762584534
MOBEAST012,T10,CCA,Table 1,2024-06-02T12:00:00Z,2024-06-02,12:00:00,2024-06-02,12:00:00,2024-06-02 12:00:00,1744.1860465116279,5.733333333333333,tn_u_m,22.7861190239909,DOC,not outlier,10.93440996094725,1.23833317747024
MOBEAST012,T10,CCA,Table 1,2024-06-02T12:00:00Z,2024-06-02,12:00:00,2024-06-02,12:00:00,2024-06-02 12:00:00,1744.1860465116279,5.733333333333333,coble_a,0.0140560833208588,fDOM,not outlier,0.006216811104175461,7.040602534440686e-4
MOBEAST012,T10,CCA,Table 1,2024-06-02T12:00:00Z,2024-06-02,12:00:00,2024-06-02,12:00:00,2024-06-02 12:00:00,1744.1860465116279,5.733333333333333,coble_b,0.115350395723193,fDOM,not outlier,0.0717104438432624,0.00812128154142626
MOBEAST012,T10,CCA,Table 1,2024-06-02T12:00:00Z,2024-06-02,12:00:00,2024-06-02,12:00:00,2024-06-02 12:00:00,1744.1860465116279,5.733333333333333,coble_c,0.0138919790691301,fDOM,not outlier,0.00948897337837237,0.0010746359974189614
MOBEAST012,T10,CCA,Table 1,2024-06-02T12:00:00Z,2024-06-02,12:00:00,2024-06-02,12:00:00,2024-06-02 12:00:00,1744.1860465116279,5.733333333333333,coble_m,0.0177052162128734,fDOM,not outlier,0.008525732508404858,9.655479779065912e-4
MOBEAST012,T10,CCA,Table 1,2024-06-02T12:00:00Z,2024-06-02,12:00:00,2024-06-02,12:00:00,2024-06-02 12:00:00,1744.1860465116279,5.733333333333333,coble_t,0.124981027434106,fDOM,not outlier,0.072680101179815,0.008231096232380693
MOBEAST012,T10,CCA,Table 1,2024-06-02T12:00:00Z,2024-06-02,12:00:00,2024-06-02,12:00:00,2024-06-02 12:00:00,1744.1860465116279,5.733333333333333,m_to_c,1.274492001806772,fDOM,not outlier,-0.8535190448170202,-0.09666190993154071
MOBEAST012,T10,CCA,Table 1,2024-06-02T12:00:00Z,2024-06-02,12:00:00,2024-06-02,12:00:00,2024-06-02 12:00:00,1744.1860465116279,5.733333333333333,bix,1.24925873073452,fDOM,not outlier,0.660334173202171,0.07478352447129114
MOBEAST012,T10,CCA,Table 1,2024-06-02T12:00:00Z,2024-06-02,12:00:00,2024-06-02,12:00:00,2024-06-02 12:00:00,1744.1860465116279,5.733333333333333,hix,0.424770517458587,fDOM,not outlier,0.018126369605480475,0.0020528300063490643
MOBEAST012,T10,CCA,Table 1,2024-06-02T12:00:00Z,2024-06-02,12:00:00,2024-06-02,12:00:00,2024-06-02 12:00:00,1744.1860465116279,5.733333333333333,fpeak,0.0234575188521866,fDOM,not outlier,-0.009903620510886401,-0.0011215952117678756
MOBEAST012,T10,CCA,Table 1,2024-06-02T12:00:00Z,2024-06-02,12:00:00,2024-06-02,12:00:00,2024-06-02 12:00:00,1744.1860465116279,5.733333333333333,fi,1.73154396161244,fDOM,not outlier,0.014676913177694928,0.001662175517078866
MOBEAST012,T10,CCA,Table 1,2024-06-02T12:00:00Z,2024-06-02,12:00:00,2024-06-02,12:00:00,2024-06-02 12:00:00,1744.1860465116279,5.733333333333333,lignin,0.0428925227366005,fDOM,not outlier,0.008872073665755549,0.00100477147029462
MOBEAST012,T10,CCA,Table 1,2024-06-02T12:00:00Z,2024-06-02,12:00:00,2024-06-02,12:00:00,2024-06-02 12:00:00,1744.1860465116279,5.733333333333333,N_N,1.587,nutrients,not outlier,0.37949999999999995,0.042978765432098755
MOBEAST012,T10,CCA,Table 1,2024-06-02T12:00:00Z,2024-06-02,12:00:00,2024-06-02,12:00:00,2024-06-02 12:00:00,1744.1860465116279,5.733333333333333,NO2,0.01,nutrients,not outlier,-0.086439372485,-0.00978934786332181
MOBEAST012,T10,CCA,Table 1,2024-06-02T12:00:00Z,2024-06-02,12:00:00,2024-06-02,12:00:00,2024-06-02 12:00:00,1744.1860465116279,5.733333333333333,PO4,0.077,nutrients,not outlier,-0.0035802376399999974,-4.054655961020573e-4
MOBEAST012,T10,CCA,Table 1,2024-06-02T12:00:00Z,2024-06-02,12:00:00,2024-06-02,12:00:00,2024-06-02 12:00:00,1744.1860465116279,5.733333333333333,SiO2,0.01,nutrients,not outlier,-1.1217704145,-0.12704165352691357
MOBEAST012,T10,CCA,Table 1,2024-06-02T12:00:00Z,2024-06-02,12:00:00,2024-06-02,12:00:00,2024-06-02 12:00:00,1744.1860465116279,5.733333333333333,NH3,2.151750578,nutrients,not outlier,1.6674700856000002,0.1888427026984033
MOBEAST012,T10,CCA,Table 1,2024-06-02T12:00:00Z,2024-06-02,12:00:00,2024-06-02,12:00:00,2024-06-02 12:00:00,1744.1860465116279,5.733333333333333,NO3,1.577,nutrients,not outlier,0.46593937248499984,0.052768113295420555
MOBEAST013,T11,Control,Table 1,2024-06-02T12:00:00Z,2024-06-02,12:00:00,2024-06-02,12:00:00,2024-06-02 12:00:00,20689.655172413793,0.48333333333333334,het_bact,552.533,FCM,not outlier,21.224500000000035,0.20263720164609084
MOBEAST013,T11,Control,Table 1,2024-06-02T12:00:00Z,2024-06-02,12:00:00,2024-06-02,12:00:00,2024-06-02 12:00:00,20689.655172413793,0.48333333333333334,pico_euk,2.433,FCM,not outlier,-2.6005000000000003,-0.024827818930041153
MOBEAST013,T11,Control,Table 1,2024-06-02T12:00:00Z,2024-06-02,12:00:00,2024-06-02,12:00:00,2024-06-02 12:00:00,20689.655172413793,0.48333333333333334,syn,121.383,FCM,not outlier,2.5330000000000013,0.024183374485596716
MOBEAST013,T11,Control,Table 1,2024-06-02T12:00:00Z,2024-06-02,12:00:00,2024-06-02,12:00:00,2024-06-02 12:00:00,20689.655172413793,0.48333333333333334,pro,15.7,FCM,not outlier,-3.7585000000000015,-0.03588362139917697
MOBEAST013,T11,Control,Table 1,2024-06-02T12:00:00Z,2024-06-02,12:00:00,2024-06-02,12:00:00,2024-06-02 12:00:00,20689.655172413793,0.48333333333333334,tot_bact,689.617,FCM,not outlier,20.000499999999874,0.1909512757201634
MOBEAST013,T11,Control,Table 1,2024-06-02T12:00:00Z,2024-06-02,12:00:00,2024-06-02,12:00:00,2024-06-02 12:00:00,20689.655172413793,0.48333333333333334,cyano,137.08299999999997,FCM,not outlier,-1.2255000000000678,-0.011700246913580892
MOBEAST013,T11,Control,Table 1,2024-06-02T12:00:00Z,2024-06-02,12:00:00,2024-06-02,12:00:00,2024-06-02 12:00:00,20689.655172413793,0.48333333333333334,chla_conc,0.30440000000000006,chla,not outlier,0.2588000000000001,0.002470847736625515
MOBEAST013,T11,Control,Table 1,2024-06-02T12:00:00Z,2024-06-02,12:00:00,2024-06-02,12:00:00,2024-06-02 12:00:00,20689.655172413793,0.48333333333333334,npoc_u_m,128.688030950181,DOC,not outlier,-13.737750505798516,-0.13115877026112163
MOBEAST013,T11,Control,Table 1,2024-06-02T12:00:00Z,2024-06-02,12:00:00,2024-06-02,12:00:00,2024-06-02 12:00:00,20689.655172413793,0.48333333333333334,tn_u_m,13.9617706764144,DOC,not outlier,2.1100616133707497,0.02014544420995942
MOBEAST013,T11,Control,Table 1,2024-06-02T12:00:00Z,2024-06-02,12:00:00,2024-06-02,12:00:00,2024-06-02 12:00:00,20689.655172413793,0.48333333333333334,coble_a,0.00750110105193647,fDOM,not outlier,-3.381711647468689e-4,-3.2286300502581717e-6
MOBEAST013,T11,Control,Table 1,2024-06-02T12:00:00Z,2024-06-02,12:00:00,2024-06-02,12:00:00,2024-06-02 12:00:00,20689.655172413793,0.48333333333333334,coble_b,0.0972355188788325,fDOM,not outlier,0.0535955669989019,5.116943022117383e-4
MOBEAST013,T11,Control,Table 1,2024-06-02T12:00:00Z,2024-06-02,12:00:00,2024-06-02,12:00:00,2024-06-02 12:00:00,20689.655172413793,0.48333333333333334,coble_c,0.00564404411734511,fDOM,not outlier,0.0012410384265873799,1.1848597323797206e-5
MOBEAST013,T11,Control,Table 1,2024-06-02T12:00:00Z,2024-06-02,12:00:00,2024-06-02,12:00:00,2024-06-02 12:00:00,20689.655172413793,0.48333333333333334,coble_m,0.00992694606999149,fDOM,not outlier,7.474623655229495e-4,7.136266205815814e-6
MOBEAST013,T11,Control,Table 1,2024-06-02T12:00:00Z,2024-06-02,12:00:00,2024-06-02,12:00:00,2024-06-02 12:00:00,20689.655172413793,0.48333333333333334,coble_t,0.0509745536836426,fDOM,not outlier,-0.0013263725706484028,-1.2663310139523845e-5
MOBEAST013,T11,Control,Table 1,2024-06-02T12:00:00Z,2024-06-02,12:00:00,2024-06-02,12:00:00,2024-06-02 12:00:00,20689.655172413793,0.48333333333333334,m_to_c,1.7588356617348706,fDOM,not outlier,-0.36917538488892165,-0.0035246374195156303
MOBEAST013,T11,Control,Table 1,2024-06-02T12:00:00Z,2024-06-02,12:00:00,2024-06-02,12:00:00,2024-06-02 12:00:00,20689.655172413793,0.48333333333333334,bix,0.733114045230646,fDOM,not outlier,0.1441894876982971,0.0013766239154734536
MOBEAST013,T11,Control,Table 1,2024-06-02T12:00:00Z,2024-06-02,12:00:00,2024-06-02,12:00:00,2024-06-02 12:00:00,20689.655172413793,0.48333333333333334,hix,0.359597459053439,fDOM,not outlier,-0.04704668879966756,-4.4917003298448037e-4
MOBEAST013,T11,Control,Table 1,2024-06-02T12:00:00Z,2024-06-02,12:00:00,2024-06-02,12:00:00,2024-06-02 12:00:00,20689.655172413793,0.48333333333333334,fpeak,0.0590826242399302,fDOM,not outlier,0.0257214848768572,2.45571378248184e-4
MOBEAST013,T11,Control,Table 1,2024-06-02T12:00:00Z,2024-06-02,12:00:00,2024-06-02,12:00:00,2024-06-02 12:00:00,20689.655172413793,0.48333333333333334,fi,1.58404903139874,fDOM,not outlier,-0.13281801703600493,-0.0012680567881626808
MOBEAST013,T11,Control,Table 1,2024-06-02T12:00:00Z,2024-06-02,12:00:00,2024-06-02,12:00:00,2024-06-02 12:00:00,20689.655172413793,0.48333333333333334,lignin,0.0657701377214272,fDOM,not outlier,0.03174968865058225,3.0312459946234906e-4
MOBEAST013,T11,Control,Table 1,2024-06-02T12:00:00Z,2024-06-02,12:00:00,2024-06-02,12:00:00,2024-06-02 12:00:00,20689.655172413793,0.48333333333333334,N_N,0.539,nutrients,not outlier,-0.6685,-0.00638238683127572
MOBEAST013,T11,Control,Table 1,2024-06-02T12:00:00Z,2024-06-02,12:00:00,2024-06-02,12:00:00,2024-06-02 12:00:00,20689.655172413793,0.48333333333333334,NO2,0.1063500079,nutrients,not outlier,0.009910635415000008,9.462005828312763e-5
MOBEAST013,T11,Control,Table 1,2024-06-02T12:00:00Z,2024-06-02,12:00:00,2024-06-02,12:00:00,2024-06-02 12:00:00,20689.655172413793,0.48333333333333334,PO4,0.077,nutrients,not outlier,-0.0035802376399999974,-3.418169269465018e-5
MOBEAST013,T11,Control,Table 1,2024-06-02T12:00:00Z,2024-06-02,12:00:00,2024-06-02,12:00:00,2024-06-02 12:00:00,20689.655172413793,0.48333333333333334,SiO2,1.551119152,nutrients,outlier,0.4193487375,0.0040036587283950615
MOBEAST013,T11,Control,Table 1,2024-06-02T12:00:00Z,2024-06-02,12:00:00,2024-06-02,12:00:00,2024-06-02 12:00:00,20689.655172413793,0.48333333333333334,NH3,0.4633052328,nutrients,not outlier,-0.020975259600000018,-2.0025762251851868e-4
MOBEAST013,T11,Control,Table 1,2024-06-02T12:00:00Z,2024-06-02,12:00:00,2024-06-02,12:00:00,2024-06-02 12:00:00,20689.655172413793,0.48333333333333334,NO3,0.4326499921000001,nutrients,not outlier,-0.678410635415,-0.006477006889558847
MOBEAST014,T12,CCA,Table 1,2024-06-02T12:00:00Z,2024-06-02,12:00:00,2024-06-02,12:00:00,2024-06-02 12:00:00,1857.5851393188855,5.383333333333334,het_bact,362,FCM,not outlier,-169.30849999999998,-18.003833909465015
MOBEAST014,T12,CCA,Table 1,2024-06-02T12:00:00Z,2024-06-02,12:00:00,2024-06-02,12:00:00,2024-06-02 12:00:00,1857.5851393188855,5.383333333333334,pico_euk,2.417,FCM,not outlier,-2.6165000000000003,-0.2782319341563786
MOBEAST014,T12,CCA,Table 1,2024-06-02T12:00:00Z,2024-06-02,12:00:00,2024-06-02,12:00:00,2024-06-02 12:00:00,1857.5851393188855,5.383333333333334,syn,43.067,FCM,not outlier,-75.78299999999999,-8.058570864197529
MOBEAST014,T12,CCA,Table 1,2024-06-02T12:00:00Z,2024-06-02,12:00:00,2024-06-02,12:00:00,2024-06-02 12:00:00,1857.5851393188855,5.383333333333334,pro,16.567,FCM,not outlier,-2.8915000000000006,-0.3074747325102881
MOBEAST014,T12,CCA,Table 1,2024-06-02T12:00:00Z,2024-06-02,12:00:00,2024-06-02,12:00:00,2024-06-02 12:00:00,1857.5851393188855,5.383333333333334,tot_bact,421.633,FCM,not outlier,-247.9835000000001,-26.369932674897125
MOBEAST014,T12,CCA,Table 1,2024-06-02T12:00:00Z,2024-06-02,12:00:00,2024-06-02,12:00:00,2024-06-02 12:00:00,1857.5851393188855,5.383333333333334,cyano,59.634000000000015,FCM,not outlier,-78.67450000000002,-8.36604559670782
MOBEAST014,T12,CCA,Table 1,2024-06-02T12:00:00Z,2024-06-02,12:00:00,2024-06-02,12:00:00,2024-06-02 12:00:00,1857.5851393188855,5.383333333333334,chla_conc,0.8872000000000001,chla,outlier,0.8416000000000001,0.08949359670781892
MOBEAST014,T12,CCA,Table 1,2024-06-02T12:00:00Z,2024-06-02,12:00:00,2024-06-02,12:00:00,2024-06-02 12:00:00,1857.5851393188855,5.383333333333334,npoc_u_m,152.500131826899,DOC,not outlier,10.07435037091949,1.0712807143397514
MOBEAST014,T12,CCA,Table 1,2024-06-02T12:00:00Z,2024-06-02,12:00:00,2024-06-02,12:00:00,2024-06-02 12:00:00,1857.5851393188855,5.383333333333334,tn_u_m,17.2958893481929,DOC,not outlier,5.444180285149251,0.5789202410216322
MOBEAST014,T12,CCA,Table 1,2024-06-02T12:00:00Z,2024-06-02,12:00:00,2024-06-02,12:00:00,2024-06-02 12:00:00,1857.5851393188855,5.383333333333334,coble_a,0.00948804592163324,fDOM,not outlier,0.0016487737049499015,1.7532638903664793e-4
MOBEAST014,T12,CCA,Table 1,2024-06-02T12:00:00Z,2024-06-02,12:00:00,2024-06-02,12:00:00,2024-06-02 12:00:00,1857.5851393188855,5.383333333333334,coble_b,0.0749340224715442,fDOM,not outlier,0.0312940705916136,0.003327731621758417
MOBEAST014,T12,CCA,Table 1,2024-06-02T12:00:00Z,2024-06-02,12:00:00,2024-06-02,12:00:00,2024-06-02 12:00:00,1857.5851393188855,5.383333333333334,coble_c,0.00833042097620901,fDOM,not outlier,0.003927415285451279,4.1763132088914003e-4
MOBEAST014,T12,CCA,Table 1,2024-06-02T12:00:00Z,2024-06-02,12:00:00,2024-06-02,12:00:00,2024-06-02 12:00:00,1857.5851393188855,5.383333333333334,coble_m,0.0126183931829246,fDOM,not outlier,0.003438909478456058,3.6568485976668527e-4
MOBEAST014,T12,CCA,Table 1,2024-06-02T12:00:00Z,2024-06-02,12:00:00,2024-06-02,12:00:00,2024-06-02 12:00:00,1857.5851393188855,5.383333333333334,coble_t,0.078065955984034,fDOM,not outlier,0.025765029729742997,0.0027397875235249335
MOBEAST014,T12,CCA,Table 1,2024-06-02T12:00:00Z,2024-06-02,12:00:00,2024-06-02,12:00:00,2024-06-02 12:00:00,1857.5851393188855,5.383333333333334,m_to_c,1.5147365564071351,fDOM,not outlier,-0.6132744902166571,-0.06521404455637209
MOBEAST014,T12,CCA,Table 1,2024-06-02T12:00:00Z,2024-06-02,12:00:00,2024-06-02,12:00:00,2024-06-02 12:00:00,1857.5851393188855,5.383333333333334,bix,0.944285354233396,fDOM,not outlier,0.35536079670104703,0.03778816043932121
MOBEAST014,T12,CCA,Table 1,2024-06-02T12:00:00Z,2024-06-02,12:00:00,2024-06-02,12:00:00,2024-06-02 12:00:00,1857.5851393188855,5.383333333333334,hix,0.391295854917208,fDOM,not outlier,-0.015348292935898566,-0.001632098310549872
MOBEAST014,T12,CCA,Table 1,2024-06-02T12:00:00Z,2024-06-02,12:00:00,2024-06-02,12:00:00,2024-06-02 12:00:00,1857.5851393188855,5.383333333333334,fpeak,0.0273413895893612,fDOM,not outlier,-0.006019749773711801,-6.401248319041683e-4
MOBEAST014,T12,CCA,Table 1,2024-06-02T12:00:00Z,2024-06-02,12:00:00,2024-06-02,12:00:00,2024-06-02 12:00:00,1857.5851393188855,5.383333333333334,fi,1.94209267508987,fDOM,not outlier,0.2252256266551249,0.023949918488758958
MOBEAST014,T12,CCA,Table 1,2024-06-02T12:00:00Z,2024-06-02,12:00:00,2024-06-02,12:00:00,2024-06-02 12:00:00,1857.5851393188855,5.383333333333334,lignin,0.0170722741122036,fDOM,not outlier,-0.01694817495864135,-0.0018022256828448247
MOBEAST014,T12,CCA,Table 1,2024-06-02T12:00:00Z,2024-06-02,12:00:00,2024-06-02,12:00:00,2024-06-02 12:00:00,1857.5851393188855,5.383333333333334,N_N,0.92,nutrients,not outlier,-0.2875,-0.030572016460905346
MOBEAST014,T12,CCA,Table 1,2024-06-02T12:00:00Z,2024-06-02,12:00:00,2024-06-02,12:00:00,2024-06-02 12:00:00,1857.5851393188855,5.383333333333334,NO2,0.01,nutrients,not outlier,-0.086439372485,-0.009191742325153908
MOBEAST014,T12,CCA,Table 1,2024-06-02T12:00:00Z,2024-06-02,12:00:00,2024-06-02,12:00:00,2024-06-02 12:00:00,1857.5851393188855,5.383333333333334,PO4,0.077,nutrients,not outlier,-0.0035802376399999974,-3.807133358748968e-4
MOBEAST014,T12,CCA,Table 1,2024-06-02T12:00:00Z,2024-06-02,12:00:00,2024-06-02,12:00:00,2024-06-02 12:00:00,1857.5851393188855,5.383333333333334,SiO2,0.01,nutrients,not outlier,-1.1217704145,-0.11928620374765432
MOBEAST014,T12,CCA,Table 1,2024-06-02T12:00:00Z,2024-06-02,12:00:00,2024-06-02,12:00:00,2024-06-02 12:00:00,1857.5851393188855,5.383333333333334,NH3,0.8692752871,nutrients,not outlier,0.3849947947,0.04093936417715225
MOBEAST014,T12,CCA,Table 1,2024-06-02T12:00:00Z,2024-06-02,12:00:00,2024-06-02,12:00:00,2024-06-02 12:00:00,1857.5851393188855,5.383333333333334,NO3,0.91,nutrients,not outlier,-0.2010606275150001,-0.021380274135751446
MOBEAST015,T13,Algae,Table 1,2024-06-02T12:00:00Z,2024-06-02,12:00:00,2024-06-02,12:00:00,2024-06-02 12:00:00,10344.827586206897,0.9666666666666668,het_bact,604.509,FCM,not outlier,73.20050000000003,1.3977379423868317
MOBEAST015,T13,Algae,Table 1,2024-06-02T12:00:00Z,2024-06-02,12:00:00,2024-06-02,12:00:00,2024-06-02 12:00:00,10344.827586206897,0.9666666666666668,pico_euk,2.097,FCM,not outlier,-2.9365,-0.056071440329218104
MOBEAST015,T13,Algae,Table 1,2024-06-02T12:00:00Z,2024-06-02,12:00:00,2024-06-02,12:00:00,2024-06-02 12:00:00,10344.827586206897,0.9666666666666668,syn,103.161,FCM,not outlier,-15.688999999999993,-0.2995759670781891
MOBEAST015,T13,Algae,Table 1,2024-06-02T12:00:00Z,2024-06-02,12:00:00,2024-06-02,12:00:00,2024-06-02 12:00:00,10344.827586206897,0.9666666666666668,pro,15.657,FCM,not outlier,-3.8015000000000008,-0.07258831275720165
MOBEAST015,T13,Algae,Table 1,2024-06-02T12:00:00Z,2024-06-02,12:00:00,2024-06-02,12:00:00,2024-06-02 12:00:00,10344.827586206897,0.9666666666666668,tot_bact,723.328,FCM,not outlier,53.71149999999989,1.0256023045267468
MOBEAST015,T13,Algae,Table 1,2024-06-02T12:00:00Z,2024-06-02,12:00:00,2024-06-02,12:00:00,2024-06-02 12:00:00,10344.827586206897,0.9666666666666668,cyano,118.81799999999998,FCM,not outlier,-19.490500000000054,-0.37216427983539196
MOBEAST015,T13,Algae,Table 1,2024-06-02T12:00:00Z,2024-06-02,12:00:00,2024-06-02,12:00:00,2024-06-02 12:00:00,10344.827586206897,0.9666666666666668,chla_conc,0.5492,chla,not outlier,0.5036,0.009616065843621398
MOBEAST015,T13,Algae,Table 1,2024-06-02T12:00:00Z,2024-06-02,12:00:00,2024-06-02,12:00:00,2024-06-02 12:00:00,10344.827586206897,0.9666666666666668,npoc_u_m,148.004140752274,DOC,not outlier,5.5783592962944795,0.10651681948479992
MOBEAST015,T13,Algae,Table 1,2024-06-02T12:00:00Z,2024-06-02,12:00:00,2024-06-02,12:00:00,2024-06-02 12:00:00,10344.827586206897,0.9666666666666668,tn_u_m,13.9617706764144,DOC,not outlier,2.1100616133707497,0.04029088841991884
MOBEAST015,T13,Algae,Table 1,2024-06-02T12:00:00Z,2024-06-02,12:00:00,2024-06-02,12:00:00,2024-06-02 12:00:00,10344.827586206897,0.9666666666666668,coble_a,0.00738998503967228,fDOM,not outlier,-4.4928717701105906e-4,-8.57898148696014e-6
MOBEAST015,T13,Algae,Table 1,2024-06-02T12:00:00Z,2024-06-02,12:00:00,2024-06-02,12:00:00,2024-06-02 12:00:00,10344.827586206897,0.9666666666666668,coble_b,0.058685255133585,fDOM,not outlier,0.015045303253654406,2.8728480286813353e-4
MOBEAST015,T13,Algae,Table 1,2024-06-02T12:00:00Z,2024-06-02,12:00:00,2024-06-02,12:00:00,2024-06-02 12:00:00,10344.827586206897,0.9666666666666668,coble_c,0.00615924295614916,fDOM,not outlier,0.00175623726539143,3.353473626097216e-5
MOBEAST015,T13,Algae,Table 1,2024-06-02T12:00:00Z,2024-06-02,12:00:00,2024-06-02,12:00:00,2024-06-02 12:00:00,10344.827586206897,0.9666666666666668,coble_m,0.0105637061371612,fDOM,not outlier,0.0013842224326926587,2.6431243159234303e-5
MOBEAST015,T13,Algae,Table 1,2024-06-02T12:00:00Z,2024-06-02,12:00:00,2024-06-02,12:00:00,2024-06-02 12:00:00,10344.827586206897,0.9666666666666668,coble_t,0.042623952288802,fDOM,not outlier,-0.009676973965489,-1.8477843292127142e-4
MOBEAST015,T13,Algae,Table 1,2024-06-02T12:00:00Z,2024-06-02,12:00:00,2024-06-02,12:00:00,2024-06-02 12:00:00,10344.827586206897,0.9666666666666668,m_to_c,1.715098139880127,fDOM,not outlier,-0.4129129067436652,-0.00788442751971443
MOBEAST015,T13,Algae,Table 1,2024-06-02T12:00:00Z,2024-06-02,12:00:00,2024-06-02,12:00:00,2024-06-02 12:00:00,10344.827586206897,0.9666666666666668,bix,0.777906900137856,fDOM,not outlier,0.18898234260550706,0.0036085517271175005
MOBEAST015,T13,Algae,Table 1,2024-06-02T12:00:00Z,2024-06-02,12:00:00,2024-06-02,12:00:00,2024-06-02 12:00:00,10344.827586206897,0.9666666666666668,hix,0.472304485253445,fDOM,not outlier,0.06566033740033844,0.0012537611750517298
MOBEAST015,T13,Algae,Table 1,2024-06-02T12:00:00Z,2024-06-02,12:00:00,2024-06-02,12:00:00,2024-06-02 12:00:00,10344.827586206897,0.9666666666666668,fpeak,0.0448037314231628,fDOM,not outlier,0.011442592060089803,2.1849229283463654e-4
MOBEAST015,T13,Algae,Table 1,2024-06-02T12:00:00Z,2024-06-02,12:00:00,2024-06-02,12:00:00,2024-06-02 12:00:00,10344.827586206897,0.9666666666666668,fi,1.63228408745114,fDOM,not outlier,-0.08458296098360507,-0.001615082053349496
MOBEAST015,T13,Algae,Table 1,2024-06-02T12:00:00Z,2024-06-02,12:00:00,2024-06-02,12:00:00,2024-06-02 12:00:00,10344.827586206897,0.9666666666666668,lignin,0.00892263746737693,fDOM,not outlier,-0.02509781160346802,-4.792339334983193e-4
MOBEAST015,T13,Algae,Table 1,2024-06-02T12:00:00Z,2024-06-02,12:00:00,2024-06-02,12:00:00,2024-06-02 12:00:00,10344.827586206897,0.9666666666666668,N_N,0.443,nutrients,not outlier,-0.7645,-0.014597860082304525
MOBEAST015,T13,Algae,Table 1,2024-06-02T12:00:00Z,2024-06-02,12:00:00,2024-06-02,12:00:00,2024-06-02 12:00:00,10344.827586206897,0.9666666666666668,NO2,0.01,nutrients,not outlier,-0.086439372485,-0.0016505295816065843
MOBEAST015,T13,Algae,Table 1,2024-06-02T12:00:00Z,2024-06-02,12:00:00,2024-06-02,12:00:00,2024-06-02 12:00:00,10344.827586206897,0.9666666666666668,PO4,0.077,nutrients,not outlier,-0.0035802376399999974,-6.836338538930036e-5
MOBEAST015,T13,Algae,Table 1,2024-06-02T12:00:00Z,2024-06-02,12:00:00,2024-06-02,12:00:00,2024-06-02 12:00:00,10344.827586206897,0.9666666666666668,SiO2,0.878276458,nutrients,not outlier,-0.25349395650000006,-0.004840378428641976
MOBEAST015,T13,Algae,Table 1,2024-06-02T12:00:00Z,2024-06-02,12:00:00,2024-06-02,12:00:00,2024-06-02 12:00:00,10344.827586206897,0.9666666666666668,NH3,0.4365712346,nutrients,not outlier,-0.047709257800000016,-9.109915892674899e-4
MOBEAST015,T13,Algae,Table 1,2024-06-02T12:00:00Z,2024-06-02,12:00:00,2024-06-02,12:00:00,2024-06-02 12:00:00,10344.827586206897,0.9666666666666668,NO3,0.433,nutrients,not outlier,-0.6780606275150001,-0.012947330500697943
MOBEAST016,T14,Algae,Table 1,2024-06-02T12:00:00Z,2024-06-02,12:00:00,2024-06-02,12:00:00,2024-06-02 12:00:00,5940.59405940594,1.6833333333333331,het_bact,566.167,FCM,not outlier,34.85850000000005,1.1590809876543227
MOBEAST016,T14,Algae,Table 1,2024-06-02T12:00:00Z,2024-06-02,12:00:00,2024-06-02,12:00:00,2024-06-02 12:00:00,5940.59405940594,1.6833333333333331,pico_euk,2.583,FCM,not outlier,-2.4505,-0.08148164609053497
MOBEAST016,T14,Algae,Table 1,2024-06-02T12:00:00Z,2024-06-02,12:00:00,2024-06-02,12:00:00,2024-06-02 12:00:00,5940.59405940594,1.6833333333333331,syn,94.783,FCM,not outlier,-24.066999999999993,-0.8002525102880655
MOBEAST016,T14,Algae,Table 1,2024-06-02T12:00:00Z,2024-06-02,12:00:00,2024-06-02,12:00:00,2024-06-02 12:00:00,5940.59405940594,1.6833333333333331,pro,17.25,FCM,not outlier,-2.208500000000001,-0.07343489711934159
MOBEAST016,T14,Algae,Table 1,2024-06-02T12:00:00Z,2024-06-02,12:00:00,2024-06-02,12:00:00,2024-06-02 12:00:00,5940.59405940594,1.6833333333333331,tot_bact,678.2,FCM,not outlier,8.583499999999958,0.2854102057613155
MOBEAST016,T14,Algae,Table 1,2024-06-02T12:00:00Z,2024-06-02,12:00:00,2024-06-02,12:00:00,2024-06-02 12:00:00,5940.59405940594,1.6833333333333331,cyano,112.03300000000002,FCM,not outlier,-26.275500000000022,-0.8736874074074081
MOBEAST016,T14,Algae,Table 1,2024-06-02T12:00:00Z,2024-06-02,12:00:00,2024-06-02,12:00:00,2024-06-02 12:00:00,5940.59405940594,1.6833333333333331,chla_conc,0.4296,chla,not outlier,0.384,0.012768395061728393
MOBEAST016,T14,Algae,Table 1,2024-06-02T12:00:00Z,2024-06-02,12:00:00,2024-06-02,12:00:00,2024-06-02 12:00:00,5940.59405940594,1.6833333333333331,npoc_u_m,139.075990575071,DOC,not outlier,-3.349790880908529,-0.11138399307712309
MOBEAST016,T14,Algae,Table 1,2024-06-02T12:00:00Z,2024-06-02,12:00:00,2024-06-02,12:00:00,2024-06-02 12:00:00,5940.59405940594,1.6833333333333331,tn_u_m,11.2688927441867,DOC,not outlier,-0.5828163188569491,-0.01937924220725987
MOBEAST016,T14,Algae,Table 1,2024-06-02T12:00:00Z,2024-06-02,12:00:00,2024-06-02,12:00:00,2024-06-02 12:00:00,5940.59405940594,1.6833333333333331,coble_a,0.00743894444774409,fDOM,not outlier,-4.003277689392489e-4,-1.3311310177074612e-5
MOBEAST016,T14,Algae,Table 1,2024-06-02T12:00:00Z,2024-06-02,12:00:00,2024-06-02,12:00:00,2024-06-02 12:00:00,5940.59405940594,1.6833333333333331,coble_b,0.0658055402860172,fDOM,not outlier,0.02216558840608661,7.370286186056781e-4
MOBEAST016,T14,Algae,Table 1,2024-06-02T12:00:00Z,2024-06-02,12:00:00,2024-06-02,12:00:00,2024-06-02 12:00:00,5940.59405940594,1.6833333333333331,coble_c,0.00634989799780759,fDOM,not outlier,0.00194689230704986,6.473617218503237e-5
MOBEAST016,T14,Algae,Table 1,2024-06-02T12:00:00Z,2024-06-02,12:00:00,2024-06-02,12:00:00,2024-06-02 12:00:00,5940.59405940594,1.6833333333333331,coble_m,0.0100601172200111,fDOM,not outlier,8.806335155425588e-4,2.9281970393349276e-5
MOBEAST016,T14,Algae,Table 1,2024-06-02T12:00:00Z,2024-06-02,12:00:00,2024-06-02,12:00:00,2024-06-02 12:00:00,5940.59405940594,1.6833333333333331,coble_t,0.0554171072697345,fDOM,not outlier,0.0031161810154434963,1.03616224711043e-4
MOBEAST016,T14,Algae,Table 1,2024-06-02T12:00:00Z,2024-06-02,12:00:00,2024-06-02,12:00:00,2024-06-02 12:00:00,5940.59405940594,1.6833333333333331,m_to_c,1.5842958774274052,fDOM,not outlier,-0.5437151691963871,-0.018079088753525957
MOBEAST016,T14,Algae,Table 1,2024-06-02T12:00:00Z,2024-06-02,12:00:00,2024-06-02,12:00:00,2024-06-02 12:00:00,5940.59405940594,1.6833333333333331,bix,0.748218237465348,fDOM,not outlier,0.15929367993299903,0.00529667874015898
MOBEAST016,T14,Algae,Table 1,2024-06-02T12:00:00Z,2024-06-02,12:00:00,2024-06-02,12:00:00,2024-06-02 12:00:00,5940.59405940594,1.6833333333333331,hix,0.39976011414311,fDOM,not outlier,-0.006884033709996518,-2.28901203196592e-4
MOBEAST016,T14,Algae,Table 1,2024-06-02T12:00:00Z,2024-06-02,12:00:00,2024-06-02,12:00:00,2024-06-02 12:00:00,5940.59405940594,1.6833333333333331,fpeak,0.0490121878650638,fDOM,not outlier,0.015651048501990797,5.20413464592945e-4
MOBEAST016,T14,Algae,Table 1,2024-06-02T12:00:00Z,2024-06-02,12:00:00,2024-06-02,12:00:00,2024-06-02 12:00:00,5940.59405940594,1.6833333333333331,fi,1.91119264324408,fDOM,not outlier,0.19432559480933498,0.006461525950861837
MOBEAST016,T14,Algae,Table 1,2024-06-02T12:00:00Z,2024-06-02,12:00:00,2024-06-02,12:00:00,2024-06-02 12:00:00,5940.59405940594,1.6833333333333331,lignin,0,fDOM,not outlier,-0.03402044907084495,-0.0011312149320676014
MOBEAST016,T14,Algae,Table 1,2024-06-02T12:00:00Z,2024-06-02,12:00:00,2024-06-02,12:00:00,2024-06-02 12:00:00,5940.59405940594,1.6833333333333331,N_N,0.533,nutrients,not outlier,-0.6745,-0.02242781893004115
MOBEAST016,T14,Algae,Table 1,2024-06-02T12:00:00Z,2024-06-02,12:00:00,2024-06-02,12:00:00,2024-06-02 12:00:00,5940.59405940594,1.6833333333333331,NO2,0.07283164628,nutrients,not outlier,-0.023607726205,-7.849811841004115e-4
MOBEAST016,T14,Algae,Table 1,2024-06-02T12:00:00Z,2024-06-02,12:00:00,2024-06-02,12:00:00,2024-06-02 12:00:00,5940.59405940594,1.6833333333333331,PO4,0.09468481985,nutrients,not outlier,0.014104582210000008,4.689918693695476e-4
MOBEAST016,T14,Algae,Table 1,2024-06-02T12:00:00Z,2024-06-02,12:00:00,2024-06-02,12:00:00,2024-06-02 12:00:00,5940.59405940594,1.6833333333333331,SiO2,0.8292739088,nutrients,not outlier,-0.3024965057000001,-0.010058320024921814
MOBEAST016,T14,Algae,Table 1,2024-06-02T12:00:00Z,2024-06-02,12:00:00,2024-06-02,12:00:00,2024-06-02 12:00:00,5940.59405940594,1.6833333333333331,NH3,0.5498964848,nutrients,not outlier,0.06561599239999993,0.0021817992534650184
MOBEAST016,T14,Algae,Table 1,2024-06-02T12:00:00Z,2024-06-02,12:00:00,2024-06-02,12:00:00,2024-06-02 12:00:00,5940.59405940594,1.6833333333333331,NO3,0.46016835372,nutrients,not outlier,-0.6508922737950001,-0.021642837745940745
MOBEAST017,T15,Control,Table 1,2024-06-02T12:00:00Z,2024-06-02,12:00:00,2024-06-02,12:00:00,2024-06-02 12:00:00,17647.05882352941,0.5666666666666667,het_bact,557.504,FCM,not outlier,26.195500000000038,0.29321711934156425
MOBEAST017,T15,Control,Table 1,2024-06-02T12:00:00Z,2024-06-02,12:00:00,2024-06-02,12:00:00,2024-06-02 12:00:00,17647.05882352941,0.5666666666666667,pico_euk,3.577,FCM,not outlier,-1.4565000000000001,-0.016303209876543212
MOBEAST017,T15,Control,Table 1,2024-06-02T12:00:00Z,2024-06-02,12:00:00,2024-06-02,12:00:00,2024-06-02 12:00:00,17647.05882352941,0.5666666666666667,syn,116.639,FCM,not outlier,-2.2109999999999985,-0.024748641975308627
MOBEAST017,T15,Control,Table 1,2024-06-02T12:00:00Z,2024-06-02,12:00:00,2024-06-02,12:00:00,2024-06-02 12:00:00,17647.05882352941,0.5666666666666667,pro,17.72,FCM,not outlier,-1.738500000000002,-0.019459753086419777
MOBEAST017,T15,Control,Table 1,2024-06-02T12:00:00Z,2024-06-02,12:00:00,2024-06-02,12:00:00,2024-06-02 12:00:00,17647.05882352941,0.5666666666666667,tot_bact,691.864,FCM,not outlier,22.247499999999945,0.2490255144032916
MOBEAST017,T15,Control,Table 1,2024-06-02T12:00:00Z,2024-06-02,12:00:00,2024-06-02,12:00:00,2024-06-02 12:00:00,17647.05882352941,0.5666666666666667,cyano,134.35900000000004,FCM,not outlier,-3.9495000000000005,-0.044208395061728405
MOBEAST017,T15,Control,Table 1,2024-06-02T12:00:00Z,2024-06-02,12:00:00,2024-06-02,12:00:00,2024-06-02 12:00:00,17647.05882352941,0.5666666666666667,chla_conc,0.6188,chla,outlier,0.5732,0.0064160658436214005
MOBEAST017,T15,Control,Table 1,2024-06-02T12:00:00Z,2024-06-02,12:00:00,2024-06-02,12:00:00,2024-06-02 12:00:00,17647.05882352941,0.5666666666666667,npoc_u_m,132.83155852698,DOC,not outlier,-9.594222928999528,-0.1073921249665791
MOBEAST017,T15,Control,Table 1,2024-06-02T12:00:00Z,2024-06-02,12:00:00,2024-06-02,12:00:00,2024-06-02 12:00:00,17647.05882352941,0.5666666666666667,tn_u_m,11.380268014593,DOC,not outlier,-0.47144104845065016,-0.005277035604056661
MOBEAST017,T15,Control,Table 1,2024-06-02T12:00:00Z,2024-06-02,12:00:00,2024-06-02,12:00:00,2024-06-02 12:00:00,17647.05882352941,0.5666666666666667,coble_a,0.00846002474675295,fDOM,not outlier,6.207525300696102e-4,6.9483410773223865e-6
MOBEAST017,T15,Control,Table 1,2024-06-02T12:00:00Z,2024-06-02,12:00:00,2024-06-02,12:00:00,2024-06-02 12:00:00,17647.05882352941,0.5666666666666667,coble_b,0.0547439518121068,fDOM,not outlier,0.0111039999321762,1.2429168648361838e-4
MOBEAST017,T15,Control,Table 1,2024-06-02T12:00:00Z,2024-06-02,12:00:00,2024-06-02,12:00:00,2024-06-02 12:00:00,17647.05882352941,0.5666666666666667,coble_c,0.0045029137238939004,fDOM,not outlier,9.990803313617014e-5,1.1183121404542502e-6
MOBEAST017,T15,Control,Table 1,2024-06-02T12:00:00Z,2024-06-02,12:00:00,2024-06-02,12:00:00,2024-06-02 12:00:00,17647.05882352941,0.5666666666666667,coble_m,0.0120612215979432,fDOM,not outlier,0.0028817378934746594,3.225649000103323e-5
MOBEAST017,T15,Control,Table 1,2024-06-02T12:00:00Z,2024-06-02,12:00:00,2024-06-02,12:00:00,2024-06-02 12:00:00,17647.05882352941,0.5666666666666667,coble_t,0.0301732105263161,fDOM,not outlier,-0.022127715727974902,-2.476847192596368e-4
MOBEAST017,T15,Control,Table 1,2024-06-02T12:00:00Z,2024-06-02,12:00:00,2024-06-02,12:00:00,2024-06-02 12:00:00,17647.05882352941,0.5666666666666667,m_to_c,2.678537128957746,fDOM,outlier,0.550526082333954,0.006162267259046728
MOBEAST017,T15,Control,Table 1,2024-06-02T12:00:00Z,2024-06-02,12:00:00,2024-06-02,12:00:00,2024-06-02 12:00:00,17647.05882352941,0.5666666666666667,bix,0.453883885722189,fDOM,not outlier,-0.13504067181015994,-0.0015115663675869758
MOBEAST017,T15,Control,Table 1,2024-06-02T12:00:00Z,2024-06-02,12:00:00,2024-06-02,12:00:00,2024-06-02 12:00:00,17647.05882352941,0.5666666666666667,hix,0.524029809517779,fDOM,not outlier,0.11738566166467246,0.0013139465009378976
MOBEAST017,T15,Control,Table 1,2024-06-02T12:00:00Z,2024-06-02,12:00:00,2024-06-02,12:00:00,2024-06-02 12:00:00,17647.05882352941,0.5666666666666667,fpeak,0.0418370449179045,fDOM,not outlier,0.008475905554831499,9.487433378247605e-5
MOBEAST017,T15,Control,Table 1,2024-06-02T12:00:00Z,2024-06-02,12:00:00,2024-06-02,12:00:00,2024-06-02 12:00:00,17647.05882352941,0.5666666666666667,fi,2.06447974376422,fDOM,not outlier,0.3476126953294749,0.0038909733798196374
MOBEAST017,T15,Control,Table 1,2024-06-02T12:00:00Z,2024-06-02,12:00:00,2024-06-02,12:00:00,2024-06-02 12:00:00,17647.05882352941,0.5666666666666667,lignin,0.00641324554916015,fDOM,not outlier,-0.0276072035216848,-3.090189036172126e-4
MOBEAST017,T15,Control,Table 1,2024-06-02T12:00:00Z,2024-06-02,12:00:00,2024-06-02,12:00:00,2024-06-02 12:00:00,17647.05882352941,0.5666666666666667,N_N,0.504,nutrients,not outlier,-0.7035,-0.007874567901234569
MOBEAST017,T15,Control,Table 1,2024-06-02T12:00:00Z,2024-06-02,12:00:00,2024-06-02,12:00:00,2024-06-02 12:00:00,17647.05882352941,0.5666666666666667,NO2,0.0994356111,nutrients,not outlier,0.0029962386150000075,3.353814416790132e-5
MOBEAST017,T15,Control,Table 1,2024-06-02T12:00:00Z,2024-06-02,12:00:00,2024-06-02,12:00:00,2024-06-02 12:00:00,17647.05882352941,0.5666666666666667,PO4,0.077,nutrients,not outlier,-0.0035802376399999974,-4.007508798683125e-5
MOBEAST017,T15,Control,Table 1,2024-06-02T12:00:00Z,2024-06-02,12:00:00,2024-06-02,12:00:00,2024-06-02 12:00:00,17647.05882352941,0.5666666666666667,SiO2,0.7859255,nutrients,not outlier,-0.3458449145,-0.0038711858742386837
MOBEAST017,T15,Control,Table 1,2024-06-02T12:00:00Z,2024-06-02,12:00:00,2024-06-02,12:00:00,2024-06-02 12:00:00,17647.05882352941,0.5666666666666667,NH3,0.5184546127,nutrients,not outlier,0.0341741203,3.8252513257613176e-4
MOBEAST017,T15,Control,Table 1,2024-06-02T12:00:00Z,2024-06-02,12:00:00,2024-06-02,12:00:00,2024-06-02 12:00:00,17647.05882352941,0.5666666666666667,NO3,0.4045643889,nutrients,not outlier,-0.7064962386150001,-0.007908106045402472
MOBEAST018,T16,Coral,Table 1,2024-06-02T12:00:00Z,2024-06-02,12:00:00,2024-06-02,12:00:00,2024-06-02 12:00:00,1151.6314779270633,8.683333333333334,het_bact,347.121,FCM,not outlier,-184.1875,-31.592325102880658
MOBEAST018,T16,Coral,Table 1,2024-06-02T12:00:00Z,2024-06-02,12:00:00,2024-06-02,12:00:00,2024-06-02 12:00:00,1151.6314779270633,8.683333333333334,pico_euk,2.047,FCM,not outlier,-2.9865,-0.5122523456790123
MOBEAST018,T16,Coral,Table 1,2024-06-02T12:00:00Z,2024-06-02,12:00:00,2024-06-02,12:00:00,2024-06-02 12:00:00,1151.6314779270633,8.683333333333334,syn,75.391,FCM,not outlier,-43.45899999999999,-7.454202139917694
MOBEAST018,T16,Coral,Table 1,2024-06-02T12:00:00Z,2024-06-02,12:00:00,2024-06-02,12:00:00,2024-06-02 12:00:00,1151.6314779270633,8.683333333333334,pro,10.915,FCM,not outlier,-8.543500000000002,-1.4654036213991772
MOBEAST018,T16,Coral,Table 1,2024-06-02T12:00:00Z,2024-06-02,12:00:00,2024-06-02,12:00:00,2024-06-02 12:00:00,1151.6314779270633,8.683333333333334,tot_bact,433.428,FCM,not outlier,-236.1885000000001,-40.511673580246935
MOBEAST018,T16,Coral,Table 1,2024-06-02T12:00:00Z,2024-06-02,12:00:00,2024-06-02,12:00:00,2024-06-02 12:00:00,1151.6314779270633,8.683333333333334,cyano,86.30600000000004,FCM,not outlier,-52.0025,-8.919605761316872
MOBEAST018,T16,Coral,Table 1,2024-06-02T12:00:00Z,2024-06-02,12:00:00,2024-06-02,12:00:00,2024-06-02 12:00:00,1151.6314779270633,8.683333333333334,chla_conc,0.398,chla,not outlier,0.35240000000000005,0.06044457613168725
MOBEAST018,T16,Coral,Table 1,2024-06-02T12:00:00Z,2024-06-02,12:00:00,2024-06-02,12:00:00,2024-06-02 12:00:00,1151.6314779270633,8.683333333333334,npoc_u_m,140.075099702765,DOC,not outlier,-2.3506817532145305,-0.4031951254073318
MOBEAST018,T16,Coral,Table 1,2024-06-02T12:00:00Z,2024-06-02,12:00:00,2024-06-02,12:00:00,2024-06-02 12:00:00,1151.6314779270633,8.683333333333334,tn_u_m,12.6310979745408,DOC,not outlier,0.7793889114971506,0.13368283881152773
MOBEAST018,T16,Coral,Table 1,2024-06-02T12:00:00Z,2024-06-02,12:00:00,2024-06-02,12:00:00,2024-06-02 12:00:00,1151.6314779270633,8.683333333333334,coble_a,0.00566217439080216,fDOM,not outlier,-0.0021770978258811797,-3.7342155301533977e-4
MOBEAST018,T16,Coral,Table 1,2024-06-02T12:00:00Z,2024-06-02,12:00:00,2024-06-02,12:00:00,2024-06-02 12:00:00,1151.6314779270633,8.683333333333334,coble_b,0.0691906690659906,fDOM,not outlier,0.02555071718606,0.004382526305822966
MOBEAST018,T16,Coral,Table 1,2024-06-02T12:00:00Z,2024-06-02,12:00:00,2024-06-02,12:00:00,2024-06-02 12:00:00,1151.6314779270633,8.683333333333334,coble_c,0.00457644038195662,fDOM,not outlier,1.7343469119888988e-4,2.9747975017159382e-5
MOBEAST018,T16,Coral,Table 1,2024-06-02T12:00:00Z,2024-06-02,12:00:00,2024-06-02,12:00:00,2024-06-02 12:00:00,1151.6314779270633,8.683333333333334,coble_m,0.00924876761651831,fDOM,not outlier,6.928391204976889e-5,1.1883759070923321e-5
MOBEAST018,T16,Coral,Table 1,2024-06-02T12:00:00Z,2024-06-02,12:00:00,2024-06-02,12:00:00,2024-06-02 12:00:00,1151.6314779270633,8.683333333333334,coble_t,0.0375071747776316,fDOM,not outlier,-0.0147937514766594,-0.0025374632162434726
MOBEAST018,T16,Coral,Table 1,2024-06-02T12:00:00Z,2024-06-02,12:00:00,2024-06-02,12:00:00,2024-06-02 12:00:00,1151.6314779270633,8.683333333333334,m_to_c,2.020952278321623,fDOM,not outlier,-0.10705876830216932,-0.018363001904668382
MOBEAST018,T16,Coral,Table 1,2024-06-02T12:00:00Z,2024-06-02,12:00:00,2024-06-02,12:00:00,2024-06-02 12:00:00,1151.6314779270633,8.683333333333334,bix,0.677348396071351,fDOM,not outlier,0.08842383853900204,0.015166689672039527
MOBEAST018,T16,Coral,Table 1,2024-06-02T12:00:00Z,2024-06-02,12:00:00,2024-06-02,12:00:00,2024-06-02 12:00:00,1151.6314779270633,8.683333333333334,hix,0.413656947161896,fDOM,not outlier,0.0070127993087894525,0.0012028538073676723
MOBEAST018,T16,Coral,Table 1,2024-06-02T12:00:00Z,2024-06-02,12:00:00,2024-06-02,12:00:00,2024-06-02 12:00:00,1151.6314779270633,8.683333333333334,fpeak,0.00998247000315422,fDOM,not outlier,-0.02337866935991878,-0.004009970942063435
MOBEAST018,T16,Coral,Table 1,2024-06-02T12:00:00Z,2024-06-02,12:00:00,2024-06-02,12:00:00,2024-06-02 12:00:00,1151.6314779270633,8.683333333333334,fi,1.63289177050007,fDOM,not outlier,-0.08397527793467496,-0.014403660840811738
MOBEAST018,T16,Coral,Table 1,2024-06-02T12:00:00Z,2024-06-02,12:00:00,2024-06-02,12:00:00,2024-06-02 12:00:00,1151.6314779270633,8.683333333333334,lignin,2.04622481922986e-4,fDOM,not outlier,-0.03381582658892196,-0.005800179638791223
MOBEAST018,T16,Coral,Table 1,2024-06-02T12:00:00Z,2024-06-02,12:00:00,2024-06-02,12:00:00,2024-06-02 12:00:00,1151.6314779270633,8.683333333333334,N_N,0.388,nutrients,not outlier,-0.8195,-0.14056279835390947
MOBEAST018,T16,Coral,Table 1,2024-06-02T12:00:00Z,2024-06-02,12:00:00,2024-06-02,12:00:00,2024-06-02 12:00:00,1151.6314779270633,8.683333333333334,NO2,0.08982130698,nutrients,not outlier,-0.006618065504999993,-0.001135148025713579
MOBEAST018,T16,Coral,Table 1,2024-06-02T12:00:00Z,2024-06-02,12:00:00,2024-06-02,12:00:00,2024-06-02 12:00:00,1151.6314779270633,8.683333333333334,PO4,0.077,nutrients,not outlier,-0.0035802376399999974,-6.140917894452671e-4
MOBEAST018,T16,Coral,Table 1,2024-06-02T12:00:00Z,2024-06-02,12:00:00,2024-06-02,12:00:00,2024-06-02 12:00:00,1151.6314779270633,8.683333333333334,SiO2,0.01,nutrients,not outlier,-1.1217704145,-0.19240901595209878
MOBEAST018,T16,Coral,Table 1,2024-06-02T12:00:00Z,2024-06-02,12:00:00,2024-06-02,12:00:00,2024-06-02 12:00:00,1151.6314779270633,8.683333333333334,NH3,0.8778503431,nutrients,not outlier,0.39356985069999995,0.06750613735463373
MOBEAST018,T16,Coral,Table 1,2024-06-02T12:00:00Z,2024-06-02,12:00:00,2024-06-02,12:00:00,2024-06-02 12:00:00,1151.6314779270633,8.683333333333334,NO3,0.29817869302,nutrients,not outlier,-0.8128819344950001,-0.1394276503281959
MOBEAST021,T1,Algae,Table 2,2024-06-02T18:00:00Z,2024-06-02,18:00:00,2024-06-02,18:00:00,2024-06-02 18:00:00,1298.7012987012986,7.7,het_bact,562.895,FCM,not outlier,108.4565,16.496099753086423
MOBEAST021,T1,Algae,Table 2,2024-06-02T18:00:00Z,2024-06-02,18:00:00,2024-06-02,18:00:00,2024-06-02 18:00:00,1298.7012987012986,7.7,pico_euk,1.98,FCM,not outlier,-0.13500000000000023,-0.02053333333333337
MOBEAST021,T1,Algae,Table 2,2024-06-02T18:00:00Z,2024-06-02,18:00:00,2024-06-02,18:00:00,2024-06-02 18:00:00,1298.7012987012986,7.7,syn,99.218,FCM,not outlier,-21.0565,-3.202667654320988
MOBEAST021,T1,Algae,Table 2,2024-06-02T18:00:00Z,2024-06-02,18:00:00,2024-06-02,18:00:00,2024-06-02 18:00:00,1298.7012987012986,7.7,pro,18.769,FCM,not outlier,6.645499999999998,1.010772345679012
MOBEAST021,T1,Algae,Table 2,2024-06-02T18:00:00Z,2024-06-02,18:00:00,2024-06-02,18:00:00,2024-06-02 18:00:00,1298.7012987012986,7.7,tot_bact,680.882,FCM,not outlier,94.04599999999994,14.304280493827152
MOBEAST021,T1,Algae,Table 2,2024-06-02T18:00:00Z,2024-06-02,18:00:00,2024-06-02,18:00:00,2024-06-02 18:00:00,1298.7012987012986,7.7,cyano,117.98699999999997,FCM,not outlier,-14.41100000000003,-2.19189530864198
MOBEAST021,T1,Algae,Table 2,2024-06-02T18:00:00Z,2024-06-02,18:00:00,2024-06-02,18:00:00,2024-06-02 18:00:00,1298.7012987012986,7.7,chla_conc,0.0748,chla,not outlier,-0.030999999999999986,-0.004715061728395059
MOBEAST021,T1,Algae,Table 2,2024-06-02T18:00:00Z,2024-06-02,18:00:00,2024-06-02,18:00:00,2024-06-02 18:00:00,1298.7012987012986,7.7,npoc_u_m,118.261217081436,DOC,not outlier,9.782943542008496,1.4879736350314159
MOBEAST021,T1,Algae,Table 2,2024-06-02T18:00:00Z,2024-06-02,18:00:00,2024-06-02,18:00:00,2024-06-02 18:00:00,1298.7012987012986,7.7,tn_u_m,11.1139668872754,DOC,not outlier,-2.3645826640108005,-0.359650103958186
MOBEAST021,T1,Algae,Table 2,2024-06-02T18:00:00Z,2024-06-02,18:00:00,2024-06-02,18:00:00,2024-06-02 18:00:00,1298.7012987012986,7.7,coble_a,0.010027685357668,fDOM,not outlier,0.0011129894156670754,1.692843160619552e-4
MOBEAST021,T1,Algae,Table 2,2024-06-02T18:00:00Z,2024-06-02,18:00:00,2024-06-02,18:00:00,2024-06-02 18:00:00,1298.7012987012986,7.7,coble_b,0.0439651384661811,fDOM,not outlier,0.012675117345055303,0.0019278696998898932
MOBEAST021,T1,Algae,Table 2,2024-06-02T18:00:00Z,2024-06-02,18:00:00,2024-06-02,18:00:00,2024-06-02 18:00:00,1298.7012987012986,7.7,coble_c,0.00948268515764913,fDOM,not outlier,0.0038560143385640497,5.864950203840628e-4
MOBEAST021,T1,Algae,Table 2,2024-06-02T18:00:00Z,2024-06-02,18:00:00,2024-06-02,18:00:00,2024-06-02 18:00:00,1298.7012987012986,7.7,coble_m,0.0126113492378811,fDOM,not outlier,0.0027214300079590834,4.1392614442044333e-4
MOBEAST021,T1,Algae,Table 2,2024-06-02T18:00:00Z,2024-06-02,18:00:00,2024-06-02,18:00:00,2024-06-02 18:00:00,1298.7012987012986,7.7,coble_t,0.0395453582158987,fDOM,not outlier,-0.009759163867965152,-0.0014843567759670454
MOBEAST021,T1,Algae,Table 2,2024-06-02T18:00:00Z,2024-06-02,18:00:00,2024-06-02,18:00:00,2024-06-02 18:00:00,1298.7012987012986,7.7,m_to_c,1.329934404466467,fDOM,not outlier,-0.4279106418386951,-0.06508468033892251
MOBEAST021,T1,Algae,Table 2,2024-06-02T18:00:00Z,2024-06-02,18:00:00,2024-06-02,18:00:00,2024-06-02 18:00:00,1298.7012987012986,7.7,bix,0.849847397289607,fDOM,not outlier,0.03018185353856251,0.0045906226616677795
MOBEAST021,T1,Algae,Table 2,2024-06-02T18:00:00Z,2024-06-02,18:00:00,2024-06-02,18:00:00,2024-06-02 18:00:00,1298.7012987012986,7.7,hix,0.724200625401542,fDOM,not outlier,0.113216998178855,0.017220165648932022
MOBEAST021,T1,Algae,Table 2,2024-06-02T18:00:00Z,2024-06-02,18:00:00,2024-06-02,18:00:00,2024-06-02 18:00:00,1298.7012987012986,7.7,fpeak,0.0235533491981077,fDOM,not outlier,0.002130070517962903,3.239810960654687e-4
MOBEAST021,T1,Algae,Table 2,2024-06-02T18:00:00Z,2024-06-02,18:00:00,2024-06-02,18:00:00,2024-06-02 18:00:00,1298.7012987012986,7.7,fi,1.89420382433882,fDOM,not outlier,-0.2605032820249753,-0.03962222758700859
MOBEAST021,T1,Algae,Table 2,2024-06-02T18:00:00Z,2024-06-02,18:00:00,2024-06-02,18:00:00,2024-06-02 18:00:00,1298.7012987012986,7.7,lignin,0.00918419440636502,fDOM,not outlier,-0.01585314265603141,-0.0024112434262013207
MOBEAST021,T1,Algae,Table 2,2024-06-02T18:00:00Z,2024-06-02,18:00:00,2024-06-02,18:00:00,2024-06-02 18:00:00,1298.7012987012986,7.7,N_N,0.306,nutrients,not outlier,-0.6415,-0.09757135802469134
MOBEAST021,T1,Algae,Table 2,2024-06-02T18:00:00Z,2024-06-02,18:00:00,2024-06-02,18:00:00,2024-06-02 18:00:00,1298.7012987012986,7.7,NO2,0.08363127556,nutrients,not outlier,-0.036382897425000005,-0.005533793781185186
MOBEAST021,T1,Algae,Table 2,2024-06-02T18:00:00Z,2024-06-02,18:00:00,2024-06-02,18:00:00,2024-06-02 18:00:00,1298.7012987012986,7.7,PO4,0.08018384997,nutrients,not outlier,-0.0055557161950000045,-0.00084501757435061805
MOBEAST021,T1,Algae,Table 2,2024-06-02T18:00:00Z,2024-06-02,18:00:00,2024-06-02,18:00:00,2024-06-02 18:00:00,1298.7012987012986,7.7,SiO2,0.08669681774,nutrients,not outlier,-0.021962420859999984,-0.0033404570987061706
MOBEAST021,T1,Algae,Table 2,2024-06-02T18:00:00Z,2024-06-02,18:00:00,2024-06-02,18:00:00,2024-06-02 18:00:00,1298.7012987012986,7.7,NH3,0.3178655571,nutrients,not outlier,-0.03127373375000003,-0.004756696293827165
MOBEAST021,T1,Algae,Table 2,2024-06-02T18:00:00Z,2024-06-02,18:00:00,2024-06-02,18:00:00,2024-06-02 18:00:00,1298.7012987012986,7.7,NO3,0.22236872444,nutrients,not outlier,-0.6051171025750001,-0.09203756424350619
MOBEAST022,T2,CCA,Table 2,2024-06-02T18:00:00Z,2024-06-02,18:00:00,2024-06-02,18:00:00,2024-06-02 18:00:00,6382.978723404255,1.5666666666666669,het_bact,402.817,FCM,not outlier,-51.62149999999997,-1.597504855967077
MOBEAST022,T2,CCA,Table 2,2024-06-02T18:00:00Z,2024-06-02,18:00:00,2024-06-02,18:00:00,2024-06-02 18:00:00,6382.978723404255,1.5666666666666669,pico_euk,1.817,FCM,not outlier,-0.29800000000000026,-0.009222057613168732
MOBEAST022,T2,CCA,Table 2,2024-06-02T18:00:00Z,2024-06-02,18:00:00,2024-06-02,18:00:00,2024-06-02 18:00:00,6382.978723404255,1.5666666666666669,syn,93.617,FCM,not outlier,-26.6575,-0.8249563786008229
MOBEAST022,T2,CCA,Table 2,2024-06-02T18:00:00Z,2024-06-02,18:00:00,2024-06-02,18:00:00,2024-06-02 18:00:00,6382.978723404255,1.5666666666666669,pro,9.7,FCM,not outlier,-2.4235000000000007,-0.07499884773662553
MOBEAST022,T2,CCA,Table 2,2024-06-02T18:00:00Z,2024-06-02,18:00:00,2024-06-02,18:00:00,2024-06-02 18:00:00,6382.978723404255,1.5666666666666669,tot_bact,506.133,FCM,not outlier,-80.70300000000003,-2.4974755555555563
MOBEAST022,T2,CCA,Table 2,2024-06-02T18:00:00Z,2024-06-02,18:00:00,2024-06-02,18:00:00,2024-06-02 18:00:00,6382.978723404255,1.5666666666666669,cyano,103.317,FCM,not outlier,-29.081000000000003,-0.8999552263374487
MOBEAST022,T2,CCA,Table 2,2024-06-02T18:00:00Z,2024-06-02,18:00:00,2024-06-02,18:00:00,2024-06-02 18:00:00,6382.978723404255,1.5666666666666669,chla_conc,0.02279999999999999,chla,not outlier,-0.083,-0.002568559670781893
MOBEAST022,T2,CCA,Table 2,2024-06-02T18:00:00Z,2024-06-02,18:00:00,2024-06-02,18:00:00,2024-06-02 18:00:00,6382.978723404255,1.5666666666666669,npoc_u_m,105.855612079229,DOC,not outlier,-2.6226614601985005,-0.08116219827445564
MOBEAST022,T2,CCA,Table 2,2024-06-02T18:00:00Z,2024-06-02,18:00:00,2024-06-02,18:00:00,2024-06-02 18:00:00,6382.978723404255,1.5666666666666669,tn_u_m,11.0297214904296,DOC,not outlier,-2.4488280608566004,-0.07578266262403964
MOBEAST022,T2,CCA,Table 2,2024-06-02T18:00:00Z,2024-06-02,18:00:00,2024-06-02,18:00:00,2024-06-02 18:00:00,6382.978723404255,1.5666666666666669,coble_a,0.00989730526578994,fDOM,not outlier,9.826093237890153e-4,3.0408321460466645e-5
MOBEAST022,T2,CCA,Table 2,2024-06-02T18:00:00Z,2024-06-02,18:00:00,2024-06-02,18:00:00,2024-06-02 18:00:00,6382.978723404255,1.5666666666666669,coble_b,0.0493559048596402,fDOM,not outlier,0.0180658837385144,5.590759082865361e-4
MOBEAST022,T2,CCA,Table 2,2024-06-02T18:00:00Z,2024-06-02,18:00:00,2024-06-02,18:00:00,2024-06-02 18:00:00,6382.978723404255,1.5666666666666669,coble_c,0.00927075708610054,fDOM,not outlier,0.0036440862670154596,1.127717231603138e-4
MOBEAST022,T2,CCA,Table 2,2024-06-02T18:00:00Z,2024-06-02,18:00:00,2024-06-02,18:00:00,2024-06-02 18:00:00,6382.978723404255,1.5666666666666669,coble_m,0.0112867140867675,fDOM,not outlier,0.0013967948568454833,4.322591491143224e-5
MOBEAST022,T2,CCA,Table 2,2024-06-02T18:00:00Z,2024-06-02,18:00:00,2024-06-02,18:00:00,2024-06-02 18:00:00,6382.978723404255,1.5666666666666669,coble_t,0.04995288497511,fDOM,not outlier,6.483628912461528e-4,2.006456354802909e-5
MOBEAST022,T2,CCA,Table 2,2024-06-02T18:00:00Z,2024-06-02,18:00:00,2024-06-02,18:00:00,2024-06-02 18:00:00,6382.978723404255,1.5666666666666669,m_to_c,1.2174533300726262,fDOM,not outlier,-0.5403917162325358,-0.01672323335830728
MOBEAST022,T2,CCA,Table 2,2024-06-02T18:00:00Z,2024-06-02,18:00:00,2024-06-02,18:00:00,2024-06-02 18:00:00,6382.978723404255,1.5666666666666669,bix,0.795391962143761,fDOM,not outlier,-0.024273581607283545,-7.511824431554414e-4
MOBEAST022,T2,CCA,Table 2,2024-06-02T18:00:00Z,2024-06-02,18:00:00,2024-06-02,18:00:00,2024-06-02 18:00:00,6382.978723404255,1.5666666666666669,hix,0.618034421618206,fDOM,not outlier,0.007050794395519033,2.1819742326873714e-4
MOBEAST022,T2,CCA,Table 2,2024-06-02T18:00:00Z,2024-06-02,18:00:00,2024-06-02,18:00:00,2024-06-02 18:00:00,6382.978723404255,1.5666666666666669,fpeak,0.0507273536225054,fDOM,not outlier,0.0293040749423606,9.068586155002126e-4
MOBEAST022,T2,CCA,Table 2,2024-06-02T18:00:00Z,2024-06-02,18:00:00,2024-06-02,18:00:00,2024-06-02 18:00:00,6382.978723404255,1.5666666666666669,fi,1.92840254200873,fDOM,not outlier,-0.22630456435506519,-0.007003334666461276
MOBEAST022,T2,CCA,Table 2,2024-06-02T18:00:00Z,2024-06-02,18:00:00,2024-06-02,18:00:00,2024-06-02 18:00:00,6382.978723404255,1.5666666666666669,lignin,0.0182500389213102,fDOM,not outlier,-0.00678729814108623,-2.1004313588875905e-4
MOBEAST022,T2,CCA,Table 2,2024-06-02T18:00:00Z,2024-06-02,18:00:00,2024-06-02,18:00:00,2024-06-02 18:00:00,6382.978723404255,1.5666666666666669,N_N,0.589,nutrients,not outlier,-0.35850000000000004,-0.011094320987654322
MOBEAST022,T2,CCA,Table 2,2024-06-02T18:00:00Z,2024-06-02,18:00:00,2024-06-02,18:00:00,2024-06-02 18:00:00,6382.978723404255,1.5666666666666669,NO2,0.08303861298,nutrients,not outlier,-0.036975560005000005,-0.001144264243776132
MOBEAST022,T2,CCA,Table 2,2024-06-02T18:00:00Z,2024-06-02,18:00:00,2024-06-02,18:00:00,2024-06-02 18:00:00,6382.978723404255,1.5666666666666669,PO4,0.077,nutrients,not outlier,-0.008739566165000004,-2.7045900230781905e-4
MOBEAST022,T2,CCA,Table 2,2024-06-02T18:00:00Z,2024-06-02,18:00:00,2024-06-02,18:00:00,2024-06-02 18:00:00,6382.978723404255,1.5666666666666669,SiO2,0.01,nutrients,not outlier,-0.09865923859999999,-0.003053158330337448
MOBEAST022,T2,CCA,Table 2,2024-06-02T18:00:00Z,2024-06-02,18:00:00,2024-06-02,18:00:00,2024-06-02 18:00:00,6382.978723404255,1.5666666666666669,NH3,0.4558230761,nutrients,not outlier,0.10668378525,0.0033014899797530863
MOBEAST022,T2,CCA,Table 2,2024-06-02T18:00:00Z,2024-06-02,18:00:00,2024-06-02,18:00:00,2024-06-02 18:00:00,6382.978723404255,1.5666666666666669,NO3,0.5059613870199999,nutrients,not outlier,-0.32152443999500013,-0.009950056743878192
MOBEAST023,T3,Control,Table 2,2024-06-02T18:00:00Z,2024-06-02,18:00:00,2024-06-02,18:00:00,2024-06-02 18:00:00,2620.087336244541,3.816666666666667,het_bact,469.784,FCM,not outlier,15.345500000000015,1.1569117695473266
MOBEAST023,T3,Control,Table 2,2024-06-02T18:00:00Z,2024-06-02,18:00:00,2024-06-02,18:00:00,2024-06-02 18:00:00,2620.087336244541,3.816666666666667,pico_euk,2.363,FCM,not outlier,0.24799999999999978,0.018696954732510273
MOBEAST023,T3,Control,Table 2,2024-06-02T18:00:00Z,2024-06-02,18:00:00,2024-06-02,18:00:00,2024-06-02 18:00:00,2620.087336244541,3.816666666666667,syn,129.351,FCM,not outlier,9.076499999999996,0.6842859259259257
MOBEAST023,T3,Control,Table 2,2024-06-02T18:00:00Z,2024-06-02,18:00:00,2024-06-02,18:00:00,2024-06-02 18:00:00,2620.087336244541,3.816666666666667,pro,10.216,FCM,not outlier,-1.9075000000000006,-0.14380823045267496
MOBEAST023,T3,Control,Table 2,2024-06-02T18:00:00Z,2024-06-02,18:00:00,2024-06-02,18:00:00,2024-06-02 18:00:00,2620.087336244541,3.816666666666667,tot_bact,609.351,FCM,not outlier,22.514999999999986,1.6974271604938265
MOBEAST023,T3,Control,Table 2,2024-06-02T18:00:00Z,2024-06-02,18:00:00,2024-06-02,18:00:00,2024-06-02 18:00:00,2620.087336244541,3.816666666666667,cyano,139.567,FCM,not outlier,7.169000000000011,0.540477695473252
MOBEAST023,T3,Control,Table 2,2024-06-02T18:00:00Z,2024-06-02,18:00:00,2024-06-02,18:00:00,2024-06-02 18:00:00,2620.087336244541,3.816666666666667,chla_conc,0.03,chla,not outlier,-0.07579999999999999,-0.005714633744855967
MOBEAST023,T3,Control,Table 2,2024-06-02T18:00:00Z,2024-06-02,18:00:00,2024-06-02,18:00:00,2024-06-02 18:00:00,2620.087336244541,3.816666666666667,npoc_u_m,100.277252782935,DOC,not outlier,-8.201020756492511,-0.618282717114991
MOBEAST023,T3,Control,Table 2,2024-06-02T18:00:00Z,2024-06-02,18:00:00,2024-06-02,18:00:00,2024-06-02 18:00:00,2620.087336244541,3.816666666666667,tn_u_m,11.910014493064,DOC,not outlier,-1.5685350582221993,-0.11825334266103167
MOBEAST023,T3,Control,Table 2,2024-06-02T18:00:00Z,2024-06-02,18:00:00,2024-06-02,18:00:00,2024-06-02 18:00:00,2620.087336244541,3.816666666666667,coble_a,0.01037876327458,fDOM,not outlier,0.0014640673325790748,1.1037742194587924e-4
MOBEAST023,T3,Control,Table 2,2024-06-02T18:00:00Z,2024-06-02,18:00:00,2024-06-02,18:00:00,2024-06-02 18:00:00,2620.087336244541,3.816666666666667,coble_b,0.0289106904323535,fDOM,not outlier,-0.0023793306887722986,-1.7937999266793629e-4
MOBEAST023,T3,Control,Table 2,2024-06-02T18:00:00Z,2024-06-02,18:00:00,2024-06-02,18:00:00,2024-06-02 18:00:00,2620.087336244541,3.816666666666667,coble_c,0.00669876016416284,fDOM,not outlier,0.0010720893450777607,8.082583046018345e-5
MOBEAST023,T3,Control,Table 2,2024-06-02T18:00:00Z,2024-06-02,18:00:00,2024-06-02,18:00:00,2024-06-02 18:00:00,2620.087336244541,3.816666666666667,coble_m,0.0125623217874888,fDOM,not outlier,0.0026724025575667835,2.0147495824947935e-4
MOBEAST023,T3,Control,Table 2,2024-06-02T18:00:00Z,2024-06-02,18:00:00,2024-06-02,18:00:00,2024-06-02 18:00:00,2620.087336244541,3.816666666666667,coble_t,0.0383274426956897,fDOM,not outlier,-0.010977079388174153,-8.275724049026771e-4
MOBEAST023,T3,Control,Table 2,2024-06-02T18:00:00Z,2024-06-02,18:00:00,2024-06-02,18:00:00,2024-06-02 18:00:00,2620.087336244541,3.816666666666667,m_to_c,1.8753204293975112,fDOM,not outlier,0.11747538309234917,0.008856580322024021
MOBEAST023,T3,Control,Table 2,2024-06-02T18:00:00Z,2024-06-02,18:00:00,2024-06-02,18:00:00,2024-06-02 18:00:00,2620.087336244541,3.816666666666667,bix,0.800204969080671,fDOM,not outlier,-0.019460574670373543,-0.0014671511438734295
MOBEAST023,T3,Control,Table 2,2024-06-02T18:00:00Z,2024-06-02,18:00:00,2024-06-02,18:00:00,2024-06-02 18:00:00,2620.087336244541,3.816666666666667,hix,0.768079230294414,fDOM,outlier,0.1570956030717271,0.011843586206889058
MOBEAST023,T3,Control,Table 2,2024-06-02T18:00:00Z,2024-06-02,18:00:00,2024-06-02,18:00:00,2024-06-02 18:00:00,2620.087336244541,3.816666666666667,fpeak,0.00141398922546794,fDOM,not outlier,-0.020009289454676858,-0.001508519270821729
MOBEAST023,T3,Control,Table 2,2024-06-02T18:00:00Z,2024-06-02,18:00:00,2024-06-02,18:00:00,2024-06-02 18:00:00,2620.087336244541,3.816666666666667,fi,2.18391127736469,fDOM,not outlier,0.029204171000894785,0.0022017300935654014
MOBEAST023,T3,Control,Table 2,2024-06-02T18:00:00Z,2024-06-02,18:00:00,2024-06-02,18:00:00,2024-06-02 18:00:00,2620.087336244541,3.816666666666667,lignin,0.0363378483026733,fDOM,not outlier,0.01130051124027687,8.519562383616144e-4
MOBEAST023,T3,Control,Table 2,2024-06-02T18:00:00Z,2024-06-02,18:00:00,2024-06-02,18:00:00,2024-06-02 18:00:00,2620.087336244541,3.816666666666667,N_N,1.083,nutrients,not outlier,0.13549999999999995,0.010215473251028805
MOBEAST023,T3,Control,Table 2,2024-06-02T18:00:00Z,2024-06-02,18:00:00,2024-06-02,18:00:00,2024-06-02 18:00:00,2620.087336244541,3.816666666666667,NO2,0.1475071317,nutrients,not outlier,0.027492958714999988,0.002072720179665843
MOBEAST023,T3,Control,Table 2,2024-06-02T18:00:00Z,2024-06-02,18:00:00,2024-06-02,18:00:00,2024-06-02 18:00:00,2620.087336244541,3.816666666666667,PO4,0.0837833815,nutrients,not outlier,-0.001956184664999999,-1.4747861342716045e-4
MOBEAST023,T3,Control,Table 2,2024-06-02T18:00:00Z,2024-06-02,18:00:00,2024-06-02,18:00:00,2024-06-02 18:00:00,2620.087336244541,3.816666666666667,SiO2,0.1093133789,nutrients,not outlier,6.541403000000084e-4,4.931625636214056e-5
MOBEAST023,T3,Control,Table 2,2024-06-02T18:00:00Z,2024-06-02,18:00:00,2024-06-02,18:00:00,2024-06-02 18:00:00,2620.087336244541,3.816666666666667,NH3,2.430103622,nutrients,not outlier,2.0809643311499997,0.15688587056241976
MOBEAST023,T3,Control,Table 2,2024-06-02T18:00:00Z,2024-06-02,18:00:00,2024-06-02,18:00:00,2024-06-02 18:00:00,2620.087336244541,3.816666666666667,NO3,0.9354928683,nutrients,not outlier,0.10800704128499994,0.00814275307136296
MOBEAST024,T4,Algae,Table 2,2024-06-02T18:00:00Z,2024-06-02,18:00:00,2024-06-02,18:00:00,2024-06-02 18:00:00,2112.6760563380285,4.733333333333333,het_bact,615.917,FCM,not outlier,161.47850000000005,15.097907489711936
MOBEAST024,T4,Algae,Table 2,2024-06-02T18:00:00Z,2024-06-02,18:00:00,2024-06-02,18:00:00,2024-06-02 18:00:00,2112.6760563380285,4.733333333333333,pico_euk,2.333,FCM,not outlier,0.21799999999999997,0.02038255144032921
MOBEAST024,T4,Algae,Table 2,2024-06-02T18:00:00Z,2024-06-02,18:00:00,2024-06-02,18:00:00,2024-06-02 18:00:00,2112.6760563380285,4.733333333333333,syn,119.533,FCM,not outlier,-0.741500000000002,-0.06932872427983557
MOBEAST024,T4,Algae,Table 2,2024-06-02T18:00:00Z,2024-06-02,18:00:00,2024-06-02,18:00:00,2024-06-02 18:00:00,2112.6760563380285,4.733333333333333,pro,12.9,FCM,not outlier,0.7765000000000004,0.0726011522633745
MOBEAST024,T4,Algae,Table 2,2024-06-02T18:00:00Z,2024-06-02,18:00:00,2024-06-02,18:00:00,2024-06-02 18:00:00,2112.6760563380285,4.733333333333333,tot_bact,748.35,FCM,not outlier,161.514,15.101226666666664
MOBEAST024,T4,Algae,Table 2,2024-06-02T18:00:00Z,2024-06-02,18:00:00,2024-06-02,18:00:00,2024-06-02 18:00:00,2112.6760563380285,4.733333333333333,cyano,132.433,FCM,not outlier,0.03499999999999659,0.003272427983538775
MOBEAST024,T4,Algae,Table 2,2024-06-02T18:00:00Z,2024-06-02,18:00:00,2024-06-02,18:00:00,2024-06-02 18:00:00,2112.6760563380285,4.733333333333333,chla_conc,0.0212,chla,not outlier,-0.0846,-0.007909925925925924
MOBEAST024,T4,Algae,Table 2,2024-06-02T18:00:00Z,2024-06-02,18:00:00,2024-06-02,18:00:00,2024-06-02 18:00:00,2112.6760563380285,4.733333333333333,npoc_u_m,128.002531076457,DOC,not outlier,19.524257537029484,1.8254779063428386
MOBEAST024,T4,Algae,Table 2,2024-06-02T18:00:00Z,2024-06-02,18:00:00,2024-06-02,18:00:00,2024-06-02 18:00:00,2112.6760563380285,4.733333333333333,tn_u_m,10.7148721683194,DOC,not outlier,-2.763677382966799,-0.2583981487284184
MOBEAST024,T4,Algae,Table 2,2024-06-02T18:00:00Z,2024-06-02,18:00:00,2024-06-02,18:00:00,2024-06-02 18:00:00,2112.6760563380285,4.733333333333333,coble_a,0.00886444497836918,fDOM,not outlier,-5.0250963631745527e-5,-4.698361702523696e-6
MOBEAST024,T4,Algae,Table 2,2024-06-02T18:00:00Z,2024-06-02,18:00:00,2024-06-02,18:00:00,2024-06-02 18:00:00,2112.6760563380285,4.733333333333333,coble_b,0.0437684534559379,fDOM,not outlier,0.0124784323348121,0.0011667077475182338
MOBEAST024,T4,Algae,Table 2,2024-06-02T18:00:00Z,2024-06-02,18:00:00,2024-06-02,18:00:00,2024-06-02 18:00:00,2112.6760563380285,4.733333333333333,coble_c,0.00825385430998473,fDOM,not outlier,0.0026271834908996507,2.456362506717698e-4
MOBEAST024,T4,Algae,Table 2,2024-06-02T18:00:00Z,2024-06-02,18:00:00,2024-06-02,18:00:00,2024-06-02 18:00:00,2112.6760563380285,4.733333333333333,coble_m,0.00991821602174392,fDOM,not outlier,2.8296791821903755e-5,2.645691811496515e-6
MOBEAST024,T4,Algae,Table 2,2024-06-02T18:00:00Z,2024-06-02,18:00:00,2024-06-02,18:00:00,2024-06-02 18:00:00,2112.6760563380285,4.733333333333333,coble_t,0.0436515113822685,fDOM,not outlier,-0.005653010701595351,-5.285448688899027e-4
MOBEAST024,T4,Algae,Table 2,2024-06-02T18:00:00Z,2024-06-02,18:00:00,2024-06-02,18:00:00,2024-06-02 18:00:00,2112.6760563380285,4.733333333333333,m_to_c,1.2016466064521882,fDOM,not outlier,-0.5561984398529738,-0.05200340968501877
MOBEAST024,T4,Algae,Table 2,2024-06-02T18:00:00Z,2024-06-02,18:00:00,2024-06-02,18:00:00,2024-06-02 18:00:00,2112.6760563380285,4.733333333333333,bix,0.83652675197506,fDOM,not outlier,0.01686120822401549,0.0015764882751013655
MOBEAST024,T4,Algae,Table 2,2024-06-02T18:00:00Z,2024-06-02,18:00:00,2024-06-02,18:00:00,2024-06-02 18:00:00,2112.6760563380285,4.733333333333333,hix,0.619036528329923,fDOM,not outlier,0.008052901107235999,7.529296837712011e-4
MOBEAST024,T4,Algae,Table 2,2024-06-02T18:00:00Z,2024-06-02,18:00:00,2024-06-02,18:00:00,2024-06-02 18:00:00,2112.6760563380285,4.733333333333333,fpeak,0.00833448977261558,fDOM,not outlier,-0.013088788907529219,-0.0012237748311895629
MOBEAST024,T4,Algae,Table 2,2024-06-02T18:00:00Z,2024-06-02,18:00:00,2024-06-02,18:00:00,2024-06-02 18:00:00,2112.6760563380285,4.733333333333333,fi,1.80835594853864,fDOM,not outlier,-0.34635115782515524,-0.03238312059994866
MOBEAST024,T4,Algae,Table 2,2024-06-02T18:00:00Z,2024-06-02,18:00:00,2024-06-02,18:00:00,2024-06-02 18:00:00,2112.6760563380285,4.733333333333333,lignin,0.0157540617628621,fDOM,not outlier,-0.009283275299534332,-8.679671391169547e-4
MOBEAST024,T4,Algae,Table 2,2024-06-02T18:00:00Z,2024-06-02,18:00:00,2024-06-02,18:00:00,2024-06-02 18:00:00,2112.6760563380285,4.733333333333333,N_N,0.584,nutrients,not outlier,-0.36350000000000005,-0.033986502057613166
MOBEAST024,T4,Algae,Table 2,2024-06-02T18:00:00Z,2024-06-02,18:00:00,2024-06-02,18:00:00,2024-06-02 18:00:00,2112.6760563380285,4.733333333333333,NO2,0.01,nutrients,not outlier,-0.110014172985,-0.010286098807486418
MOBEAST024,T4,Algae,Table 2,2024-06-02T18:00:00Z,2024-06-02,18:00:00,2024-06-02,18:00:00,2024-06-02 18:00:00,2112.6760563380285,4.733333333333333,PO4,0.1003755078,nutrients,not outlier,0.014635941634999997,0.0013684304277662544
MOBEAST024,T4,Algae,Table 2,2024-06-02T18:00:00Z,2024-06-02,18:00:00,2024-06-02,18:00:00,2024-06-02 18:00:00,2112.6760563380285,4.733333333333333,SiO2,0.09800509832,nutrients,not outlier,-0.010654140279999988,-9.96140194080657e-4
MOBEAST024,T4,Algae,Table 2,2024-06-02T18:00:00Z,2024-06-02,18:00:00,2024-06-02,18:00:00,2024-06-02 18:00:00,2112.6760563380285,4.733333333333333,NH3,2.802446005,nutrients,not outlier,2.45330671415,0.22937912981682299
MOBEAST024,T4,Algae,Table 2,2024-06-02T18:00:00Z,2024-06-02,18:00:00,2024-06-02,18:00:00,2024-06-02 18:00:00,2112.6760563380285,4.733333333333333,NO3,0.574,nutrients,not outlier,-0.2534858270150001,-0.02370040325012675
MOBEAST025,T5,CCA,Table 2,2024-06-02T18:00:00Z,2024-06-02,18:00:00,2024-06-02,18:00:00,2024-06-02 18:00:00,2307.692307692308,4.333333333333333,het_bact,452.617,FCM,not outlier,-1.8214999999999577,-0.1559144032921774
MOBEAST025,T5,CCA,Table 2,2024-06-02T18:00:00Z,2024-06-02,18:00:00,2024-06-02,18:00:00,2024-06-02 18:00:00,2307.692307692308,4.333333333333333,pico_euk,2.183,FCM,not outlier,0.06799999999999962,0.005820576131687208
MOBEAST025,T5,CCA,Table 2,2024-06-02T18:00:00Z,2024-06-02,18:00:00,2024-06-02,18:00:00,2024-06-02 18:00:00,2307.692307692308,4.333333333333333,syn,99.15,FCM,not outlier,-21.124499999999998,-1.808187654320987
MOBEAST025,T5,CCA,Table 2,2024-06-02T18:00:00Z,2024-06-02,18:00:00,2024-06-02,18:00:00,2024-06-02 18:00:00,2307.692307692308,4.333333333333333,pro,24.5,FCM,not outlier,12.3765,1.0593876543209875
MOBEAST025,T5,CCA,Table 2,2024-06-02T18:00:00Z,2024-06-02,18:00:00,2024-06-02,18:00:00,2024-06-02 18:00:00,2307.692307692308,4.333333333333333,tot_bact,576.267,FCM,not outlier,-10.56899999999996,-0.9046716049382679
MOBEAST025,T5,CCA,Table 2,2024-06-02T18:00:00Z,2024-06-02,18:00:00,2024-06-02,18:00:00,2024-06-02 18:00:00,2307.692307692308,4.333333333333333,cyano,123.65000000000003,FCM,not outlier,-8.747999999999962,-0.7487999999999966
MOBEAST025,T5,CCA,Table 2,2024-06-02T18:00:00Z,2024-06-02,18:00:00,2024-06-02,18:00:00,2024-06-02 18:00:00,2307.692307692308,4.333333333333333,chla_conc,0.0632,chla,not outlier,-0.042599999999999985,-0.003646419753086417
MOBEAST025,T5,CCA,Table 2,2024-06-02T18:00:00Z,2024-06-02,18:00:00,2024-06-02,18:00:00,2024-06-02 18:00:00,2307.692307692308,4.333333333333333,npoc_u_m,107.687312146669,DOC,not outlier,-0.7909613927585042,-0.06770369123200363
MOBEAST025,T5,CCA,Table 2,2024-06-02T18:00:00Z,2024-06-02,18:00:00,2024-06-02,18:00:00,2024-06-02 18:00:00,2307.692307692308,4.333333333333333,tn_u_m,11.3595636374021,DOC,not outlier,-2.1189859138840994,-0.18137821814316565
MOBEAST025,T5,CCA,Table 2,2024-06-02T18:00:00Z,2024-06-02,18:00:00,2024-06-02,18:00:00,2024-06-02 18:00:00,2307.692307692308,4.333333333333333,coble_a,0.00956095904636006,fDOM,not outlier,6.462631043591353e-4,5.531799411798358e-5
MOBEAST025,T5,CCA,Table 2,2024-06-02T18:00:00Z,2024-06-02,18:00:00,2024-06-02,18:00:00,2024-06-02 18:00:00,2307.692307692308,4.333333333333333,coble_b,0.0510995109407609,fDOM,not outlier,0.019809489819635102,0.0016956271121333745
MOBEAST025,T5,CCA,Table 2,2024-06-02T18:00:00Z,2024-06-02,18:00:00,2024-06-02,18:00:00,2024-06-02 18:00:00,2307.692307692308,4.333333333333333,coble_c,0.00770686259051626,fDOM,not outlier,0.0020801917714311806,1.7805756726653723e-4
MOBEAST025,T5,CCA,Table 2,2024-06-02T18:00:00Z,2024-06-02,18:00:00,2024-06-02,18:00:00,2024-06-02 18:00:00,2307.692307692308,4.333333333333333,coble_m,0.0122459360395947,fDOM,not outlier,0.0023560168096726838,2.0166728247404038e-4
MOBEAST025,T5,CCA,Table 2,2024-06-02T18:00:00Z,2024-06-02,18:00:00,2024-06-02,18:00:00,2024-06-02 18:00:00,2307.692307692308,4.333333333333333,coble_t,0.0550942792924809,fDOM,not outlier,0.005789757208617047,4.955841561285372e-4
MOBEAST025,T5,CCA,Table 2,2024-06-02T18:00:00Z,2024-06-02,18:00:00,2024-06-02,18:00:00,2024-06-02 18:00:00,2307.692307692308,4.333333333333333,m_to_c,1.588965145773331,fDOM,not outlier,-0.1688799005318311,-0.01445556350231311
MOBEAST025,T5,CCA,Table 2,2024-06-02T18:00:00Z,2024-06-02,18:00:00,2024-06-02,18:00:00,2024-06-02 18:00:00,2307.692307692308,4.333333333333333,bix,0.839587539224589,fDOM,not outlier,0.01992199547354445,0.0017052572257190309
MOBEAST025,T5,CCA,Table 2,2024-06-02T18:00:00Z,2024-06-02,18:00:00,2024-06-02,18:00:00,2024-06-02 18:00:00,2307.692307692308,4.333333333333333,hix,0.620345383252867,fDOM,not outlier,0.00936175603018008,8.013354955874305e-4
MOBEAST025,T5,CCA,Table 2,2024-06-02T18:00:00Z,2024-06-02,18:00:00,2024-06-02,18:00:00,2024-06-02 18:00:00,2307.692307692308,4.333333333333333,fpeak,0,fDOM,not outlier,-0.0214232786801448,-0.001833762125707867
MOBEAST025,T5,CCA,Table 2,2024-06-02T18:00:00Z,2024-06-02,18:00:00,2024-06-02,18:00:00,2024-06-02 18:00:00,2307.692307692308,4.333333333333333,fi,2.13520495349685,fDOM,not outlier,-0.019502152866945455,-0.0016693200807920384
MOBEAST025,T5,CCA,Table 2,2024-06-02T18:00:00Z,2024-06-02,18:00:00,2024-06-02,18:00:00,2024-06-02 18:00:00,2307.692307692308,4.333333333333333,lignin,3.36374256132029e-4,fDOM,not outlier,-0.024700962806264402,-0.002114321096174072
MOBEAST025,T5,CCA,Table 2,2024-06-02T18:00:00Z,2024-06-02,18:00:00,2024-06-02,18:00:00,2024-06-02 18:00:00,2307.692307692308,4.333333333333333,N_N,1.129,nutrients,not outlier,0.1815,0.015535802469135798
MOBEAST025,T5,CCA,Table 2,2024-06-02T18:00:00Z,2024-06-02,18:00:00,2024-06-02,18:00:00,2024-06-02 18:00:00,2307.692307692308,4.333333333333333,NO2,0.1259078731,nutrients,not outlier,0.005893700115000011,5.044813267160502e-4
MOBEAST025,T5,CCA,Table 2,2024-06-02T18:00:00Z,2024-06-02,18:00:00,2024-06-02,18:00:00,2024-06-02 18:00:00,2307.692307692308,4.333333333333333,PO4,0.07308763067,nutrients,not outlier,-0.012651935495000002,-0.001082964025909465
MOBEAST025,T5,CCA,Table 2,2024-06-02T18:00:00Z,2024-06-02,18:00:00,2024-06-02,18:00:00,2024-06-02 18:00:00,2307.692307692308,4.333333333333333,SiO2,0.01,nutrients,not outlier,-0.09865923859999999,-0.0084449060200823
MOBEAST025,T5,CCA,Table 2,2024-06-02T18:00:00Z,2024-06-02,18:00:00,2024-06-02,18:00:00,2024-06-02 18:00:00,2307.692307692308,4.333333333333333,NH3,1.105257466,nutrients,not outlier,0.7561181751500001,0.06472122651489712
MOBEAST025,T5,CCA,Table 2,2024-06-02T18:00:00Z,2024-06-02,18:00:00,2024-06-02,18:00:00,2024-06-02 18:00:00,2307.692307692308,4.333333333333333,NO3,1.0030921269,nutrients,not outlier,0.17560629988499987,0.015031321142419738
MOBEAST026,T6,Coral,Table 2,2024-06-02T18:00:00Z,2024-06-02,18:00:00,2024-06-02,18:00:00,2024-06-02 18:00:00,2752.2935784,3.6333333333333337,het_bact,407.583,FCM,not outlier,-46.85549999999995,-3.362798024180209
MOBEAST026,T6,Coral,Table 2,2024-06-02T18:00:00Z,2024-06-02,18:00:00,2024-06-02,18:00:00,2024-06-02 18:00:00,2752.2935784,3.6333333333333337,pico_euk,1.617,FCM,not outlier,-0.4980000000000002,-0.03574123456246858
MOBEAST026,T6,Coral,Table 2,2024-06-02T18:00:00Z,2024-06-02,18:00:00,2024-06-02,18:00:00,2024-06-02 18:00:00,2752.2935784,3.6333333333333337,syn,96.667,FCM,not outlier,-23.6075,-1.6942995882198328
MOBEAST026,T6,Coral,Table 2,2024-06-02T18:00:00Z,2024-06-02,18:00:00,2024-06-02,18:00:00,2024-06-02 18:00:00,2752.2935784,3.6333333333333337,pro,9,FCM,not outlier,-3.1235,-0.22417218103588465
MOBEAST026,T6,Coral,Table 2,2024-06-02T18:00:00Z,2024-06-02,18:00:00,2024-06-02,18:00:00,2024-06-02 18:00:00,2752.2935784,3.6333333333333337,tot_bact,513.25,FCM,not outlier,-73.58600000000001,-5.281233908662274
MOBEAST026,T6,Coral,Table 2,2024-06-02T18:00:00Z,2024-06-02,18:00:00,2024-06-02,18:00:00,2024-06-02 18:00:00,2752.2935784,3.6333333333333337,cyano,105.66699999999996,FCM,not outlier,-26.731000000000037,-1.91847176925572
MOBEAST026,T6,Coral,Table 2,2024-06-02T18:00:00Z,2024-06-02,18:00:00,2024-06-02,18:00:00,2024-06-02 18:00:00,2752.2935784,3.6333333333333337,chla_conc,0.5976,chla,not outlier,0.4918,0.03529626336912056
MOBEAST026,T6,Coral,Table 2,2024-06-02T18:00:00Z,2024-06-02,18:00:00,2024-06-02,18:00:00,2024-06-02 18:00:00,2752.2935784,3.6333333333333337,npoc_u_m,128.751862922228,DOC,not outlier,20.27358938280051,1.4550263324374404
MOBEAST026,T6,Coral,Table 2,2024-06-02T18:00:00Z,2024-06-02,18:00:00,2024-06-02,18:00:00,2024-06-02 18:00:00,2752.2935784,3.6333333333333337,tn_u_m,15.843846159338,DOC,not outlier,2.3652966080518,0.169756266823676
MOBEAST026,T6,Coral,Table 2,2024-06-02T18:00:00Z,2024-06-02,18:00:00,2024-06-02,18:00:00,2024-06-02 18:00:00,2752.2935784,3.6333333333333337,coble_a,0.0110295895818486,fDOM,not outlier,0.0021148936398476745,1.5178495914953543e-4
MOBEAST026,T6,Coral,Table 2,2024-06-02T18:00:00Z,2024-06-02,18:00:00,2024-06-02,18:00:00,2024-06-02 18:00:00,2752.2935784,3.6333333333333337,coble_b,0.0708228191167677,fDOM,not outlier,0.039532797995641904,0.0028372510162106915
MOBEAST026,T6,Coral,Table 2,2024-06-02T18:00:00Z,2024-06-02,18:00:00,2024-06-02,18:00:00,2024-06-02 18:00:00,2752.2935784,3.6333333333333337,coble_c,0.00870641923363562,fDOM,not outlier,0.00307974841455054,2.2103214955389864e-4
MOBEAST026,T6,Coral,Table 2,2024-06-02T18:00:00Z,2024-06-02,18:00:00,2024-06-02,18:00:00,2024-06-02 18:00:00,2752.2935784,3.6333333333333337,coble_m,0.0154280351437499,fDOM,not outlier,0.005538115913827885,3.9746807210896056e-4
MOBEAST026,T6,Coral,Table 2,2024-06-02T18:00:00Z,2024-06-02,18:00:00,2024-06-02,18:00:00,2024-06-02 18:00:00,2752.2935784,3.6333333333333337,coble_t,0.0956305601836404,fDOM,not outlier,0.04632603809977655,0.0033247987832810623
MOBEAST026,T6,Coral,Table 2,2024-06-02T18:00:00Z,2024-06-02,18:00:00,2024-06-02,18:00:00,2024-06-02 18:00:00,2752.2935784,3.6333333333333337,m_to_c,1.7720298930869969,fDOM,not outlier,0.014184846781834848,0.0010180400322534872
MOBEAST026,T6,Coral,Table 2,2024-06-02T18:00:00Z,2024-06-02,18:00:00,2024-06-02,18:00:00,2024-06-02 18:00:00,2752.2935784,3.6333333333333337,bix,0.855793861398146,fDOM,not outlier,0.03612831764710145,0.002592913002755874
MOBEAST026,T6,Coral,Table 2,2024-06-02T18:00:00Z,2024-06-02,18:00:00,2024-06-02,18:00:00,2024-06-02 18:00:00,2752.2935784,3.6333333333333337,hix,0.421731470332397,fDOM,not outlier,-0.18925215689028996,-0.013582541628250913
MOBEAST026,T6,Coral,Table 2,2024-06-02T18:00:00Z,2024-06-02,18:00:00,2024-06-02,18:00:00,2024-06-02 18:00:00,2752.2935784,3.6333333333333337,fpeak,0.0253073138341852,fDOM,not outlier,0.003884035154040403,2.787554447578951e-4
MOBEAST026,T6,Coral,Table 2,2024-06-02T18:00:00Z,2024-06-02,18:00:00,2024-06-02,18:00:00,2024-06-02 18:00:00,2752.2935784,3.6333333333333337,fi,2.07264691617572,fDOM,not outlier,-0.08206019018807531,-0.005889422702314822
MOBEAST026,T6,Coral,Table 2,2024-06-02T18:00:00Z,2024-06-02,18:00:00,2024-06-02,18:00:00,2024-06-02 18:00:00,2752.2935784,3.6333333333333337,lignin,0.048264258973294,fDOM,not outlier,0.023226921910897567,0.00166698567104725
MOBEAST026,T6,Coral,Table 2,2024-06-02T18:00:00Z,2024-06-02,18:00:00,2024-06-02,18:00:00,2024-06-02 18:00:00,2752.2935784,3.6333333333333337,N_N,1.112,nutrients,not outlier,0.1645000000000001,0.011806090533184904
MOBEAST026,T6,Coral,Table 2,2024-06-02T18:00:00Z,2024-06-02,18:00:00,2024-06-02,18:00:00,2024-06-02 18:00:00,2752.2935784,3.6333333333333337,NO2,0.1186642193,nutrients,not outlier,-0.0013499536850000021,-9.688556486757806e-5
MOBEAST026,T6,Coral,Table 2,2024-06-02T18:00:00Z,2024-06-02,18:00:00,2024-06-02,18:00:00,2024-06-02 18:00:00,2752.2935784,3.6333333333333337,PO4,0.07874403736,nutrients,not outlier,-0.006995528804999998,-5.020659355582537e-4
MOBEAST026,T6,Coral,Table 2,2024-06-02T18:00:00Z,2024-06-02,18:00:00,2024-06-02,18:00:00,2024-06-02 18:00:00,2752.2935784,3.6333333333333337,SiO2,0.01696242086,nutrients,not outlier,-0.09169681773999999,-0.0065810390993519445
MOBEAST026,T6,Coral,Table 2,2024-06-02T18:00:00Z,2024-06-02,18:00:00,2024-06-02,18:00:00,2024-06-02 18:00:00,2752.2935784,3.6333333333333337,NH3,1.373606278,nutrients,not outlier,1.02446698715,0.07352553190609161
MOBEAST026,T6,Coral,Table 2,2024-06-02T18:00:00Z,2024-06-02,18:00:00,2024-06-02,18:00:00,2024-06-02 18:00:00,2752.2935784,3.6333333333333337,NO3,0.9933357807,nutrients,not outlier,0.16584995368499988,0.011902976098052466
MOBEAST027,T7,Coral,Table 2,2024-06-02T18:00:00Z,2024-06-02,18:00:00,2024-06-02,18:00:00,2024-06-02 18:00:00,505.05050505050497,19.8,het_bact,494.942,FCM,not outlier,40.50350000000003,15.841368888888901
MOBEAST027,T7,Coral,Table 2,2024-06-02T18:00:00Z,2024-06-02,18:00:00,2024-06-02,18:00:00,2024-06-02 18:00:00,505.05050505050497,19.8,pico_euk,2.413,FCM,not outlier,0.2979999999999996,0.11655111111111097
MOBEAST027,T7,Coral,Table 2,2024-06-02T18:00:00Z,2024-06-02,18:00:00,2024-06-02,18:00:00,2024-06-02 18:00:00,505.05050505050497,19.8,syn,131.581,FCM,not outlier,11.306499999999986,4.422097777777773
MOBEAST027,T7,Coral,Table 2,2024-06-02T18:00:00Z,2024-06-02,18:00:00,2024-06-02,18:00:00,2024-06-02 18:00:00,505.05050505050497,19.8,pro,10.882,FCM,not outlier,-1.2415000000000003,-0.4855644444444446
MOBEAST027,T7,Coral,Table 2,2024-06-02T18:00:00Z,2024-06-02,18:00:00,2024-06-02,18:00:00,2024-06-02 18:00:00,505.05050505050497,19.8,tot_bact,637.404,FCM,not outlier,50.567999999999984,19.77770666666666
MOBEAST027,T7,Coral,Table 2,2024-06-02T18:00:00Z,2024-06-02,18:00:00,2024-06-02,18:00:00,2024-06-02 18:00:00,505.05050505050497,19.8,cyano,142.46299999999997,FCM,not outlier,10.06499999999997,3.9365333333333217
MOBEAST027,T7,Coral,Table 2,2024-06-02T18:00:00Z,2024-06-02,18:00:00,2024-06-02,18:00:00,2024-06-02 18:00:00,505.05050505050497,19.8,chla_conc,0.24,chla,not outlier,0.13419999999999999,0.05248711111111111
MOBEAST027,T7,Coral,Table 2,2024-06-02T18:00:00Z,2024-06-02,18:00:00,2024-06-02,18:00:00,2024-06-02 18:00:00,505.05050505050497,19.8,npoc_u_m,110.018566777956,DOC,not outlier,1.5402932385284913,0.60242579995781
MOBEAST027,T7,Coral,Table 2,2024-06-02T18:00:00Z,2024-06-02,18:00:00,2024-06-02,18:00:00,2024-06-02 18:00:00,505.05050505050497,19.8,tn_u_m,11.6922615605389,DOC,not outlier,-1.786287990747299,-0.6986370808256104
MOBEAST027,T7,Coral,Table 2,2024-06-02T18:00:00Z,2024-06-02,18:00:00,2024-06-02,18:00:00,2024-06-02 18:00:00,505.05050505050497,19.8,coble_a,0.0072538361693044,fDOM,not outlier,-0.0016608597726965255,-6.495807110990855e-4
MOBEAST027,T7,Coral,Table 2,2024-06-02T18:00:00Z,2024-06-02,18:00:00,2024-06-02,18:00:00,2024-06-02 18:00:00,505.05050505050497,19.8,coble_b,0.0534740519511955,fDOM,not outlier,0.0221840308300697,0.008676420946871705
MOBEAST027,T7,Coral,Table 2,2024-06-02T18:00:00Z,2024-06-02,18:00:00,2024-06-02,18:00:00,2024-06-02 18:00:00,505.05050505050497,19.8,coble_c,0.00631935728754721,fDOM,not outlier,6.926864684621307e-4,2.709173743318556e-4
MOBEAST027,T7,Coral,Table 2,2024-06-02T18:00:00Z,2024-06-02,18:00:00,2024-06-02,18:00:00,2024-06-02 18:00:00,505.05050505050497,19.8,coble_m,0.00958640971009911,fDOM,not outlier,-3.035095198229056e-4,-1.1870594553073643e-4
MOBEAST027,T7,Coral,Table 2,2024-06-02T18:00:00Z,2024-06-02,18:00:00,2024-06-02,18:00:00,2024-06-02 18:00:00,505.05050505050497,19.8,coble_t,0.0446940034121581,fDOM,not outlier,-0.0046105186717057475,-0.0018032250804893592
MOBEAST027,T7,Coral,Table 2,2024-06-02T18:00:00Z,2024-06-02,18:00:00,2024-06-02,18:00:00,2024-06-02 18:00:00,505.05050505050497,19.8,m_to_c,1.5169912498838898,fDOM,not outlier,-0.24085379642127225,-0.09420059593365315
MOBEAST027,T7,Coral,Table 2,2024-06-02T18:00:00Z,2024-06-02,18:00:00,2024-06-02,18:00:00,2024-06-02 18:00:00,505.05050505050497,19.8,bix,0.820974909080176,fDOM,not outlier,0.0013093653291315066,5.121073287269892e-4
MOBEAST027,T7,Coral,Table 2,2024-06-02T18:00:00Z,2024-06-02,18:00:00,2024-06-02,18:00:00,2024-06-02 18:00:00,505.05050505050497,19.8,hix,0.506355768049089,fDOM,not outlier,-0.10462785917359796,-0.04092111825456276
MOBEAST027,T7,Coral,Table 2,2024-06-02T18:00:00Z,2024-06-02,18:00:00,2024-06-02,18:00:00,2024-06-02 18:00:00,505.05050505050497,19.8,fpeak,0.0298766111036638,fDOM,not outlier,0.008453332423519002,0.003306192236754099
MOBEAST027,T7,Coral,Table 2,2024-06-02T18:00:00Z,2024-06-02,18:00:00,2024-06-02,18:00:00,2024-06-02 18:00:00,505.05050505050497,19.8,fi,2.69473638334386,fDOM,outlier,0.5400292769800648,0.2112114505522031
MOBEAST027,T7,Coral,Table 2,2024-06-02T18:00:00Z,2024-06-02,18:00:00,2024-06-02,18:00:00,2024-06-02 18:00:00,505.05050505050497,19.8,lignin,0.0247027438583745,fDOM,not outlier,-3.345932040219324e-4,-1.3086311979524468e-4
MOBEAST027,T7,Coral,Table 2,2024-06-02T18:00:00Z,2024-06-02,18:00:00,2024-06-02,18:00:00,2024-06-02 18:00:00,505.05050505050497,19.8,N_N,0.477,nutrients,not outlier,-0.47050000000000003,-0.18401777777777778
MOBEAST027,T7,Coral,Table 2,2024-06-02T18:00:00Z,2024-06-02,18:00:00,2024-06-02,18:00:00,2024-06-02 18:00:00,505.05050505050497,19.8,NO2,0.1177422998,nutrients,not outlier,-0.002271873184999995,-8.88554845688887e-4
MOBEAST027,T7,Coral,Table 2,2024-06-02T18:00:00Z,2024-06-02,18:00:00,2024-06-02,18:00:00,2024-06-02 18:00:00,505.05050505050497,19.8,PO4,0.1184074467,nutrients,not outlier,0.032667880535,0.01277677105368889
MOBEAST027,T7,Coral,Table 2,2024-06-02T18:00:00Z,2024-06-02,18:00:00,2024-06-02,18:00:00,2024-06-02 18:00:00,505.05050505050497,19.8,SiO2,0.06973439688,nutrients,not outlier,-0.03892484171999999,-0.015223938094933331
MOBEAST027,T7,Coral,Table 2,2024-06-02T18:00:00Z,2024-06-02,18:00:00,2024-06-02,18:00:00,2024-06-02 18:00:00,505.05050505050497,19.8,NH3,0.5067689972,nutrients,not outlier,0.15762970635,0.06165072959466668
MOBEAST027,T7,Coral,Table 2,2024-06-02T18:00:00Z,2024-06-02,18:00:00,2024-06-02,18:00:00,2024-06-02 18:00:00,505.05050505050497,19.8,NO3,0.3592577002,nutrients,not outlier,-0.4682281268150001,-0.18312922293208891
MOBEAST028,T8,Control,Table 2,2024-06-02T18:00:00Z,2024-06-02,18:00:00,2024-06-02,18:00:00,2024-06-02 18:00:00,981.9967266775777,10.183333333333334,het_bact,492.667,FCM,not outlier,38.2285,7.689749300411522
MOBEAST028,T8,Control,Table 2,2024-06-02T18:00:00Z,2024-06-02,18:00:00,2024-06-02,18:00:00,2024-06-02 18:00:00,981.9967266775777,10.183333333333334,pico_euk,2.067,FCM,not outlier,-0.04800000000000004,-0.009655308641975316
MOBEAST028,T8,Control,Table 2,2024-06-02T18:00:00Z,2024-06-02,18:00:00,2024-06-02,18:00:00,2024-06-02 18:00:00,981.9967266775777,10.183333333333334,syn,135.7,FCM,not outlier,15.425499999999985,3.1028742386831247
MOBEAST028,T8,Control,Table 2,2024-06-02T18:00:00Z,2024-06-02,18:00:00,2024-06-02,18:00:00,2024-06-02 18:00:00,981.9967266775777,10.183333333333334,pro,10.783,FCM,not outlier,-1.3405000000000005,-0.269644609053498
MOBEAST028,T8,Control,Table 2,2024-06-02T18:00:00Z,2024-06-02,18:00:00,2024-06-02,18:00:00,2024-06-02 18:00:00,981.9967266775777,10.183333333333334,tot_bact,639.15,FCM,not outlier,52.313999999999965,10.523079506172833
MOBEAST028,T8,Control,Table 2,2024-06-02T18:00:00Z,2024-06-02,18:00:00,2024-06-02,18:00:00,2024-06-02 18:00:00,981.9967266775777,10.183333333333334,cyano,146.483,FCM,not outlier,14.085000000000008,2.8332296296296313
MOBEAST028,T8,Control,Table 2,2024-06-02T18:00:00Z,2024-06-02,18:00:00,2024-06-02,18:00:00,2024-06-02 18:00:00,981.9967266775777,10.183333333333334,chla_conc,0.03759999999999999,chla,not outlier,-0.06820000000000001,-0.013718584362139921
MOBEAST028,T8,Control,Table 2,2024-06-02T18:00:00Z,2024-06-02,18:00:00,2024-06-02,18:00:00,2024-06-02 18:00:00,981.9967266775777,10.183333333333334,npoc_u_m,428.817637606468,DOC,outlier,320.3393640670405,64.43698813002857
MOBEAST028,T8,Control,Table 2,2024-06-02T18:00:00Z,2024-06-02,18:00:00,2024-06-02,18:00:00,2024-06-02 18:00:00,981.9967266775777,10.183333333333334,tn_u_m,12.0692240142218,DOC,not outlier,-1.4093255370643991,-0.2834890216119664
MOBEAST028,T8,Control,Table 2,2024-06-02T18:00:00Z,2024-06-02,18:00:00,2024-06-02,18:00:00,2024-06-02 18:00:00,981.9967266775777,10.183333333333334,coble_a,0.0088080073067399,fDOM,not outlier,-1.0668863526102496e-4,-2.1460660459090123e-5
MOBEAST028,T8,Control,Table 2,2024-06-02T18:00:00Z,2024-06-02,18:00:00,2024-06-02,18:00:00,2024-06-02 18:00:00,981.9967266775777,10.183333333333334,coble_b,0.0576029020931357,fDOM,not outlier,0.0263128809720099,0.005292895563423226
MOBEAST028,T8,Control,Table 2,2024-06-02T18:00:00Z,2024-06-02,18:00:00,2024-06-02,18:00:00,2024-06-02 18:00:00,981.9967266775777,10.183333333333334,coble_c,0.00692525748758567,fDOM,not outlier,0.0012985866685005908,2.612136475568267e-4
MOBEAST028,T8,Control,Table 2,2024-06-02T18:00:00Z,2024-06-02,18:00:00,2024-06-02,18:00:00,2024-06-02 18:00:00,981.9967266775777,10.183333333333334,coble_m,0.0115745375173169,fDOM,not outlier,0.0016846182873948845,3.388647814315307e-4
MOBEAST028,T8,Control,Table 2,2024-06-02T18:00:00Z,2024-06-02,18:00:00,2024-06-02,18:00:00,2024-06-02 18:00:00,981.9967266775777,10.183333333333334,coble_t,0.0361069012924762,fDOM,not outlier,-0.01319762079138765,-0.002654731293345795
MOBEAST028,T8,Control,Table 2,2024-06-02T18:00:00Z,2024-06-02,18:00:00,2024-06-02,18:00:00,2024-06-02 18:00:00,981.9967266775777,10.183333333333334,m_to_c,1.6713512151808947,fDOM,not outlier,-0.08649383112426734,-0.017398429898576904
MOBEAST028,T8,Control,Table 2,2024-06-02T18:00:00Z,2024-06-02,18:00:00,2024-06-02,18:00:00,2024-06-02 18:00:00,981.9967266775777,10.183333333333334,bix,0.697553007313411,fDOM,not outlier,-0.12211253643763353,-0.02456321309082933
MOBEAST028,T8,Control,Table 2,2024-06-02T18:00:00Z,2024-06-02,18:00:00,2024-06-02,18:00:00,2024-06-02 18:00:00,981.9967266775777,10.183333333333334,hix,0.641668716780974,fDOM,not outlier,0.030685089558287082,0.006172375216498241
MOBEAST028,T8,Control,Table 2,2024-06-02T18:00:00Z,2024-06-02,18:00:00,2024-06-02,18:00:00,2024-06-02 18:00:00,981.9967266775777,10.183333333333334,fpeak,0.0363671273432839,fDOM,not outlier,0.014943848663139102,0.0030059889821162115
MOBEAST028,T8,Control,Table 2,2024-06-02T18:00:00Z,2024-06-02,18:00:00,2024-06-02,18:00:00,2024-06-02 18:00:00,981.9967266775777,10.183333333333334,fi,2.30063745101818,fDOM,not outlier,0.14593034465438492,0.029354219122248292
MOBEAST028,T8,Control,Table 2,2024-06-02T18:00:00Z,2024-06-02,18:00:00,2024-06-02,18:00:00,2024-06-02 18:00:00,981.9967266775777,10.183333333333334,lignin,0.00429340282897968,fDOM,not outlier,-0.02074393423341675,-0.004172689322343254
MOBEAST028,T8,Control,Table 2,2024-06-02T18:00:00Z,2024-06-02,18:00:00,2024-06-02,18:00:00,2024-06-02 18:00:00,981.9967266775777,10.183333333333334,N_N,0.667,nutrients,not outlier,-0.28049999999999997,-0.0564232098765432
MOBEAST028,T8,Control,Table 2,2024-06-02T18:00:00Z,2024-06-02,18:00:00,2024-06-02,18:00:00,2024-06-02 18:00:00,981.9967266775777,10.183333333333334,NO2,0.1671966997,nutrients,not outlier,0.047182526715000006,0.009490872040449384
MOBEAST028,T8,Control,Table 2,2024-06-02T18:00:00Z,2024-06-02,18:00:00,2024-06-02,18:00:00,2024-06-02 18:00:00,981.9967266775777,10.183333333333334,PO4,0.1214584782,nutrients,not outlier,0.035718912034999994,0.007184940001114402
MOBEAST028,T8,Control,Table 2,2024-06-02T18:00:00Z,2024-06-02,18:00:00,2024-06-02,18:00:00,2024-06-02 18:00:00,981.9967266775777,10.183333333333334,SiO2,0.1884713429,nutrients,not outlier,0.07981210430000002,0.01605438542462552
MOBEAST028,T8,Control,Table 2,2024-06-02T18:00:00Z,2024-06-02,18:00:00,2024-06-02,18:00:00,2024-06-02 18:00:00,981.9967266775777,10.183333333333334,NH3,1.000086926,nutrients,not outlier,0.6509476351500001,0.1309395901486914
MOBEAST028,T8,Control,Table 2,2024-06-02T18:00:00Z,2024-06-02,18:00:00,2024-06-02,18:00:00,2024-06-02 18:00:00,981.9967266775777,10.183333333333334,NO3,0.4998033003,nutrients,not outlier,-0.3276825267150001,-0.0659140819169926
MOBEAST029,T9,Coral,Table 1,2024-06-02T18:00:00Z,2024-06-02,18:00:00,2024-06-02,18:00:00,2024-06-02 18:00:00,882.3529411764705,11.333333333333334,het_bact,479.233,FCM,not outlier,24.794500000000028,5.550702880658443
MOBEAST029,T9,Coral,Table 1,2024-06-02T18:00:00Z,2024-06-02,18:00:00,2024-06-02,18:00:00,2024-06-02 18:00:00,882.3529411764705,11.333333333333334,pico_euk,2.417,FCM,not outlier,0.3019999999999996,0.06760823045267482
MOBEAST029,T9,Coral,Table 1,2024-06-02T18:00:00Z,2024-06-02,18:00:00,2024-06-02,18:00:00,2024-06-02 18:00:00,882.3529411764705,11.333333333333334,syn,124.4,FCM,not outlier,4.125500000000002,0.923568724279836
MOBEAST029,T9,Coral,Table 1,2024-06-02T18:00:00Z,2024-06-02,18:00:00,2024-06-02,18:00:00,2024-06-02 18:00:00,882.3529411764705,11.333333333333334,pro,10.633,FCM,not outlier,-1.4905000000000008,-0.3336757201646093
MOBEAST029,T9,Coral,Table 1,2024-06-02T18:00:00Z,2024-06-02,18:00:00,2024-06-02,18:00:00,2024-06-02 18:00:00,882.3529411764705,11.333333333333334,tot_bact,614.267,FCM,not outlier,27.43100000000004,6.140931687242808
MOBEAST029,T9,Coral,Table 1,2024-06-02T18:00:00Z,2024-06-02,18:00:00,2024-06-02,18:00:00,2024-06-02 18:00:00,882.3529411764705,11.333333333333334,cyano,135.03300000000007,FCM,not outlier,2.635000000000076,0.5898930041152435
MOBEAST029,T9,Coral,Table 1,2024-06-02T18:00:00Z,2024-06-02,18:00:00,2024-06-02,18:00:00,2024-06-02 18:00:00,882.3529411764705,11.333333333333334,chla_conc,0.0292,chla,not outlier,-0.07659999999999999,-0.017148312757201644
MOBEAST029,T9,Coral,Table 1,2024-06-02T18:00:00Z,2024-06-02,18:00:00,2024-06-02,18:00:00,2024-06-02 18:00:00,882.3529411764705,11.333333333333334,npoc_u_m,140.574654266612,DOC,not outlier,32.09638072718448,7.185362599007555
MOBEAST029,T9,Coral,Table 1,2024-06-02T18:00:00Z,2024-06-02,18:00:00,2024-06-02,18:00:00,2024-06-02 18:00:00,882.3529411764705,11.333333333333334,tn_u_m,22.8262188809641,DOC,not outlier,9.347669329677899,2.0926469610472336
MOBEAST029,T9,Coral,Table 1,2024-06-02T18:00:00Z,2024-06-02,18:00:00,2024-06-02,18:00:00,2024-06-02 18:00:00,882.3529411764705,11.333333333333334,coble_a,0.00949622436249104,fDOM,not outlier,5.815284204901145e-4,1.3018578631548243e-4
MOBEAST029,T9,Coral,Table 1,2024-06-02T18:00:00Z,2024-06-02,18:00:00,2024-06-02,18:00:00,2024-06-02 18:00:00,882.3529411764705,11.333333333333334,coble_b,0.143119748440901,fDOM,outlier,0.1118297273197752,0.025035132371176015
MOBEAST029,T9,Coral,Table 1,2024-06-02T18:00:00Z,2024-06-02,18:00:00,2024-06-02,18:00:00,2024-06-02 18:00:00,882.3529411764705,11.333333333333334,coble_c,0.00916199039488146,fDOM,not outlier,0.0035353195757963796,7.914460284910414e-4
MOBEAST029,T9,Coral,Table 1,2024-06-02T18:00:00Z,2024-06-02,18:00:00,2024-06-02,18:00:00,2024-06-02 18:00:00,882.3529411764705,11.333333333333334,coble_m,0.0122761953923963,fDOM,not outlier,0.0023862761624742837,5.34211618265848e-4
MOBEAST029,T9,Coral,Table 1,2024-06-02T18:00:00Z,2024-06-02,18:00:00,2024-06-02,18:00:00,2024-06-02 18:00:00,882.3529411764705,11.333333333333334,coble_t,0.196287269487803,fDOM,outlier,0.14698274740393916,0.03290477966573782
MOBEAST029,T9,Coral,Table 1,2024-06-02T18:00:00Z,2024-06-02,18:00:00,2024-06-02,18:00:00,2024-06-02 18:00:00,882.3529411764705,11.333333333333334,m_to_c,1.339904852907798,fDOM,not outlier,-0.4179401933973641,-0.09356356592928645
MOBEAST029,T9,Coral,Table 1,2024-06-02T18:00:00Z,2024-06-02,18:00:00,2024-06-02,18:00:00,2024-06-02 18:00:00,882.3529411764705,11.333333333333334,bix,1.48343189160331,fDOM,outlier,0.6637663478522655,0.1485962523586965
MOBEAST029,T9,Coral,Table 1,2024-06-02T18:00:00Z,2024-06-02,18:00:00,2024-06-02,18:00:00,2024-06-02 18:00:00,882.3529411764705,11.333333333333334,hix,0.242153187051873,fDOM,not outlier,-0.36883044017081396,-0.08256944833453614
MOBEAST029,T9,Coral,Table 1,2024-06-02T18:00:00Z,2024-06-02,18:00:00,2024-06-02,18:00:00,2024-06-02 18:00:00,882.3529411764705,11.333333333333334,fpeak,0.0541522738954487,fDOM,not outlier,0.032728995215303903,0.007326984937088611
MOBEAST029,T9,Coral,Table 1,2024-06-02T18:00:00Z,2024-06-02,18:00:00,2024-06-02,18:00:00,2024-06-02 18:00:00,882.3529411764705,11.333333333333334,fi,1.93159668333628,fDOM,not outlier,-0.22311042302751516,-0.04994735396171533
MOBEAST029,T9,Coral,Table 1,2024-06-02T18:00:00Z,2024-06-02,18:00:00,2024-06-02,18:00:00,2024-06-02 18:00:00,882.3529411764705,11.333333333333334,lignin,0.0346279065377962,fDOM,not outlier,0.009590569475399772,0.0021470246068384675
MOBEAST029,T9,Coral,Table 1,2024-06-02T18:00:00Z,2024-06-02,18:00:00,2024-06-02,18:00:00,2024-06-02 18:00:00,882.3529411764705,11.333333333333334,N_N,2.128,nutrients,not outlier,1.1805,0.2642765432098766
MOBEAST029,T9,Coral,Table 1,2024-06-02T18:00:00Z,2024-06-02,18:00:00,2024-06-02,18:00:00,2024-06-02 18:00:00,882.3529411764705,11.333333333333334,NO2,0.1581750582,nutrients,not outlier,0.038160885214999996,0.008543012986403292
MOBEAST029,T9,Coral,Table 1,2024-06-02T18:00:00Z,2024-06-02,18:00:00,2024-06-02,18:00:00,2024-06-02 18:00:00,882.3529411764705,11.333333333333334,PO4,0.1005469141,nutrients,not outlier,0.014807347934999993,0.0033148959986172826
MOBEAST029,T9,Coral,Table 1,2024-06-02T18:00:00Z,2024-06-02,18:00:00,2024-06-02,18:00:00,2024-06-02 18:00:00,882.3529411764705,11.333333333333334,SiO2,0.0904662446,nutrients,not outlier,-0.01819299399999999,-0.004072834870781891
MOBEAST029,T9,Coral,Table 1,2024-06-02T18:00:00Z,2024-06-02,18:00:00,2024-06-02,18:00:00,2024-06-02 18:00:00,882.3529411764705,11.333333333333334,NH3,4.072058712,nutrients,not outlier,3.7229194211499994,0.8334436893438683
MOBEAST029,T9,Coral,Table 1,2024-06-02T18:00:00Z,2024-06-02,18:00:00,2024-06-02,18:00:00,2024-06-02 18:00:00,882.3529411764705,11.333333333333334,NO3,1.9698249418,nutrients,not outlier,1.142339114785,0.2557335302234733
MOBEAST030,T10,CCA,Table 1,2024-06-02T18:00:00Z,2024-06-02,18:00:00,2024-06-02,18:00:00,2024-06-02 18:00:00,1018.6757215619695,9.816666666666666,het_bact,422.717,FCM,not outlier,-31.721499999999992,-6.1510990946502035
MOBEAST030,T10,CCA,Table 1,2024-06-02T18:00:00Z,2024-06-02,18:00:00,2024-06-02,18:00:00,2024-06-02 18:00:00,1018.6757215619695,9.816666666666666,pico_euk,1.783,FCM,not outlier,-0.3320000000000003,-0.06437794238683132
MOBEAST030,T10,CCA,Table 1,2024-06-02T18:00:00Z,2024-06-02,18:00:00,2024-06-02,18:00:00,2024-06-02 18:00:00,1018.6757215619695,9.816666666666666,syn,104.867,FCM,not outlier,-15.407499999999999,-2.9876600823045263
MOBEAST030,T10,CCA,Table 1,2024-06-02T18:00:00Z,2024-06-02,18:00:00,2024-06-02,18:00:00,2024-06-02 18:00:00,1018.6757215619695,9.816666666666666,pro,10.95,FCM,not outlier,-1.1735000000000007,-0.2275527572016462
MOBEAST030,T10,CCA,Table 1,2024-06-02T18:00:00Z,2024-06-02,18:00:00,2024-06-02,18:00:00,2024-06-02 18:00:00,1018.6757215619695,9.816666666666666,tot_bact,538.533,FCM,not outlier,-48.303,-9.366408888888888
MOBEAST030,T10,CCA,Table 1,2024-06-02T18:00:00Z,2024-06-02,18:00:00,2024-06-02,18:00:00,2024-06-02 18:00:00,1018.6757215619695,9.816666666666666,cyano,115.817,FCM,not outlier,-16.581000000000003,-3.215212839506173
MOBEAST030,T10,CCA,Table 1,2024-06-02T18:00:00Z,2024-06-02,18:00:00,2024-06-02,18:00:00,2024-06-02 18:00:00,1018.6757215619695,9.816666666666666,chla_conc,0.1952,chla,not outlier,0.08940000000000002,0.01733550617283951
MOBEAST030,T10,CCA,Table 1,2024-06-02T18:00:00Z,2024-06-02,18:00:00,2024-06-02,18:00:00,2024-06-02 18:00:00,1018.6757215619695,9.816666666666666,npoc_u_m,123.423280907857,DOC,not outlier,14.9450073684295,2.8979783835407327
MOBEAST030,T10,CCA,Table 1,2024-06-02T18:00:00Z,2024-06-02,18:00:00,2024-06-02,18:00:00,2024-06-02 18:00:00,1018.6757215619695,9.816666666666666,tn_u_m,17.6501245832352,DOC,not outlier,4.171575031949001,0.8089078827384234
MOBEAST030,T10,CCA,Table 1,2024-06-02T18:00:00Z,2024-06-02,18:00:00,2024-06-02,18:00:00,2024-06-02 18:00:00,1018.6757215619695,9.816666666666666,coble_a,0.0113326800612577,fDOM,not outlier,0.0024179841192567744,4.6887000699333004e-4
MOBEAST030,T10,CCA,Table 1,2024-06-02T18:00:00Z,2024-06-02,18:00:00,2024-06-02,18:00:00,2024-06-02 18:00:00,1018.6757215619695,9.816666666666666,coble_b,0.108853547149971,fDOM,not outlier,0.0775635260288452,0.015040301837362904
MOBEAST030,T10,CCA,Table 1,2024-06-02T18:00:00Z,2024-06-02,18:00:00,2024-06-02,18:00:00,2024-06-02 18:00:00,1018.6757215619695,9.816666666666666,coble_c,0.0106022867384042,fDOM,not outlier,0.00497561591931912,9.648190210630326e-4
MOBEAST030,T10,CCA,Table 1,2024-06-02T18:00:00Z,2024-06-02,18:00:00,2024-06-02,18:00:00,2024-06-02 18:00:00,1018.6757215619695,9.816666666666666,coble_m,0.013722838044471,fDOM,not outlier,0.003832918814548983,7.432392367964941e-4
MOBEAST030,T10,CCA,Table 1,2024-06-02T18:00:00Z,2024-06-02,18:00:00,2024-06-02,18:00:00,2024-06-02 18:00:00,1018.6757215619695,9.816666666666666,coble_t,0.134467579103283,fDOM,not outlier,0.08516305701941915,0.016513922826152386
MOBEAST030,T10,CCA,Table 1,2024-06-02T18:00:00Z,2024-06-02,18:00:00,2024-06-02,18:00:00,2024-06-02 18:00:00,1018.6757215619695,9.816666666666666,m_to_c,1.294328137227544,fDOM,not outlier,-0.4635169090776181,-0.08988031586723194
MOBEAST030,T10,CCA,Table 1,2024-06-02T18:00:00Z,2024-06-02,18:00:00,2024-06-02,18:00:00,2024-06-02 18:00:00,1018.6757215619695,9.816666666666666,bix,1.34466685159939,fDOM,not outlier,0.5250013078483455,0.10180272273997547
MOBEAST030,T10,CCA,Table 1,2024-06-02T18:00:00Z,2024-06-02,18:00:00,2024-06-02,18:00:00,2024-06-02 18:00:00,1018.6757215619695,9.816666666666666,hix,0.36198716929975,fDOM,not outlier,-0.24899645792293695,-0.048282769947855096
MOBEAST030,T10,CCA,Table 1,2024-06-02T18:00:00Z,2024-06-02,18:00:00,2024-06-02,18:00:00,2024-06-02 18:00:00,1018.6757215619695,9.816666666666666,fpeak,0.0338857156769444,fDOM,not outlier,0.012462436996799602,0.002416584490902046
MOBEAST030,T10,CCA,Table 1,2024-06-02T18:00:00Z,2024-06-02,18:00:00,2024-06-02,18:00:00,2024-06-02 18:00:00,1018.6757215619695,9.816666666666666,fi,2.12712857987709,fDOM,not outlier,-0.027578526486705446,-0.0053477373170928415
MOBEAST030,T10,CCA,Table 1,2024-06-02T18:00:00Z,2024-06-02,18:00:00,2024-06-02,18:00:00,2024-06-02 18:00:00,1018.6757215619695,9.816666666666666,lignin,0.0624547434692155,fDOM,not outlier,0.037417406406819065,0.007255589258803762
MOBEAST030,T10,CCA,Table 1,2024-06-02T18:00:00Z,2024-06-02,18:00:00,2024-06-02,18:00:00,2024-06-02 18:00:00,1018.6757215619695,9.816666666666666,N_N,1.612,nutrients,not outlier,0.6645000000000001,0.12885283950617285
MOBEAST030,T10,CCA,Table 1,2024-06-02T18:00:00Z,2024-06-02,18:00:00,2024-06-02,18:00:00,2024-06-02 18:00:00,1018.6757215619695,9.816666666666666,NO2,0.15731899,nutrients,not outlier,0.03730481701499999,0.007233757110069134
MOBEAST030,T10,CCA,Table 1,2024-06-02T18:00:00Z,2024-06-02,18:00:00,2024-06-02,18:00:00,2024-06-02 18:00:00,1018.6757215619695,9.816666666666666,PO4,0.1049349144,nutrients,not outlier,0.019195348234999993,0.0037221597071325084
MOBEAST030,T10,CCA,Table 1,2024-06-02T18:00:00Z,2024-06-02,18:00:00,2024-06-02,18:00:00,2024-06-02 18:00:00,1018.6757215619695,9.816666666666666,SiO2,0.01,nutrients,not outlier,-0.09865923859999999,-0.01913096017626337
MOBEAST030,T10,CCA,Table 1,2024-06-02T18:00:00Z,2024-06-02,18:00:00,2024-06-02,18:00:00,2024-06-02 18:00:00,1018.6757215619695,9.816666666666666,NH3,4.426998776,nutrients,not outlier,4.077859485149999,0.7907355511945184
MOBEAST030,T10,CCA,Table 1,2024-06-02T18:00:00Z,2024-06-02,18:00:00,2024-06-02,18:00:00,2024-06-02 18:00:00,1018.6757215619695,9.816666666666666,NO3,1.45468101,nutrients,not outlier,0.627195182985,0.1216190823961037
MOBEAST031,T11,Control,Table 1,2024-06-02T18:00:00Z,2024-06-02,18:00:00,2024-06-02,18:00:00,2024-06-02 18:00:00,2790.6976744186045,3.5833333333333335,het_bact,485.9,FCM,not outlier,31.4615,2.2269045267489713
MOBEAST031,T11,Control,Table 1,2024-06-02T18:00:00Z,2024-06-02,18:00:00,2024-06-02,18:00:00,2024-06-02 18:00:00,2790.6976744186045,3.5833333333333335,pico_euk,2.833,FCM,not outlier,0.718,0.05082139917695473
MOBEAST031,T11,Control,Table 1,2024-06-02T18:00:00Z,2024-06-02,18:00:00,2024-06-02,18:00:00,2024-06-02 18:00:00,2790.6976744186045,3.5833333333333335,syn,133.683,FCM,not outlier,13.40849999999999,0.9490790123456783
MOBEAST031,T11,Control,Table 1,2024-06-02T18:00:00Z,2024-06-02,18:00:00,2024-06-02,18:00:00,2024-06-02 18:00:00,2790.6976744186045,3.5833333333333335,pro,11.367,FCM,not outlier,-0.7564999999999991,-0.053546502057613105
MOBEAST031,T11,Control,Table 1,2024-06-02T18:00:00Z,2024-06-02,18:00:00,2024-06-02,18:00:00,2024-06-02 18:00:00,2790.6976744186045,3.5833333333333335,tot_bact,630.95,FCM,not outlier,44.11400000000003,3.1224724279835416
MOBEAST031,T11,Control,Table 1,2024-06-02T18:00:00Z,2024-06-02,18:00:00,2024-06-02,18:00:00,2024-06-02 18:00:00,2790.6976744186045,3.5833333333333335,cyano,145.04999999999995,FCM,not outlier,12.651999999999958,0.8955325102880629
MOBEAST031,T11,Control,Table 1,2024-06-02T18:00:00Z,2024-06-02,18:00:00,2024-06-02,18:00:00,2024-06-02 18:00:00,2790.6976744186045,3.5833333333333335,chla_conc,0.07759999999999999,chla,not outlier,-0.028200000000000003,-0.0019960493827160496
MOBEAST031,T11,Control,Table 1,2024-06-02T18:00:00Z,2024-06-02,18:00:00,2024-06-02,18:00:00,2024-06-02 18:00:00,2790.6976744186045,3.5833333333333335,npoc_u_m,387.854163370994,DOC,outlier,279.3758898315665,19.77475434198742
MOBEAST031,T11,Control,Table 1,2024-06-02T18:00:00Z,2024-06-02,18:00:00,2024-06-02,18:00:00,2024-06-02 18:00:00,2790.6976744186045,3.5833333333333335,tn_u_m,16.4364197134229,DOC,not outlier,2.9578701621367003,0.20936364933642487
MOBEAST031,T11,Control,Table 1,2024-06-02T18:00:00Z,2024-06-02,18:00:00,2024-06-02,18:00:00,2024-06-02 18:00:00,2790.6976744186045,3.5833333333333335,coble_a,0.00546780633904299,fDOM,not outlier,-0.003446889602957935,-2.439773710735658e-4
MOBEAST031,T11,Control,Table 1,2024-06-02T18:00:00Z,2024-06-02,18:00:00,2024-06-02,18:00:00,2024-06-02 18:00:00,2790.6976744186045,3.5833333333333335,coble_b,0.0681049289489991,fDOM,not outlier,0.0368149078278733,0.0026058288668288922
MOBEAST031,T11,Control,Table 1,2024-06-02T18:00:00Z,2024-06-02,18:00:00,2024-06-02,18:00:00,2024-06-02 18:00:00,2790.6976744186045,3.5833333333333335,coble_c,0.00545663285792053,fDOM,not outlier,-1.7003796116454948e-4,-1.2035608773787043e-5
MOBEAST031,T11,Control,Table 1,2024-06-02T18:00:00Z,2024-06-02,18:00:00,2024-06-02,18:00:00,2024-06-02 18:00:00,2790.6976744186045,3.5833333333333335,coble_m,0.00735085147634639,fDOM,not outlier,-0.0025390677535756263,-1.7972002206378918e-4
MOBEAST031,T11,Control,Table 1,2024-06-02T18:00:00Z,2024-06-02,18:00:00,2024-06-02,18:00:00,2024-06-02 18:00:00,2790.6976744186045,3.5833333333333335,coble_t,0.0680973536985832,fDOM,not outlier,0.018792831614719355,0.0013301921965974193
MOBEAST031,T11,Control,Table 1,2024-06-02T18:00:00Z,2024-06-02,18:00:00,2024-06-02,18:00:00,2024-06-02 18:00:00,2790.6976744186045,3.5833333333333335,m_to_c,1.3471405659400966,fDOM,not outlier,-0.41070448036506546,-0.029070440585510806
MOBEAST031,T11,Control,Table 1,2024-06-02T18:00:00Z,2024-06-02,18:00:00,2024-06-02,18:00:00,2024-06-02 18:00:00,2790.6976744186045,3.5833333333333335,bix,1.1329896227316,fDOM,not outlier,0.3133240789805556,0.022177671434014636
MOBEAST031,T11,Control,Table 1,2024-06-02T18:00:00Z,2024-06-02,18:00:00,2024-06-02,18:00:00,2024-06-02 18:00:00,2790.6976744186045,3.5833333333333335,hix,0.350400339178703,fDOM,not outlier,-0.26058328804398395,-0.018444578412989812
MOBEAST031,T11,Control,Table 1,2024-06-02T18:00:00Z,2024-06-02,18:00:00,2024-06-02,18:00:00,2024-06-02 18:00:00,2790.6976744186045,3.5833333333333335,fpeak,0.0194873186110343,fDOM,not outlier,-0.001935960069110499,-1.3703091847201888e-4
MOBEAST031,T11,Control,Table 1,2024-06-02T18:00:00Z,2024-06-02,18:00:00,2024-06-02,18:00:00,2024-06-02 18:00:00,2790.6976744186045,3.5833333333333335,fi,2.12011761732585,fDOM,not outlier,-0.03458948903794523,-0.002448309512150856
MOBEAST031,T11,Control,Table 1,2024-06-02T18:00:00Z,2024-06-02,18:00:00,2024-06-02,18:00:00,2024-06-02 18:00:00,2790.6976744186045,3.5833333333333335,lignin,0.0476616478845649,fDOM,not outlier,0.02262431082216847,0.001601391547906575
MOBEAST031,T11,Control,Table 1,2024-06-02T18:00:00Z,2024-06-02,18:00:00,2024-06-02,18:00:00,2024-06-02 18:00:00,2790.6976744186045,3.5833333333333335,N_N,1.046,nutrients,not outlier,0.09850000000000003,0.006972016460905352
MOBEAST031,T11,Control,Table 1,2024-06-02T18:00:00Z,2024-06-02,18:00:00,2024-06-02,18:00:00,2024-06-02 18:00:00,2790.6976744186045,3.5833333333333335,NO2,0.1602164515,nutrients,not outlier,0.040202278514999995,0.00284559337637037
MOBEAST031,T11,Control,Table 1,2024-06-02T18:00:00Z,2024-06-02,18:00:00,2024-06-02,18:00:00,2024-06-02 18:00:00,2790.6976744186045,3.5833333333333335,PO4,0.077,nutrients,not outlier,-0.008739566165000004,-6.186030371934159e-4
MOBEAST031,T11,Control,Table 1,2024-06-02T18:00:00Z,2024-06-02,18:00:00,2024-06-02,18:00:00,2024-06-02 18:00:00,2790.6976744186045,3.5833333333333335,SiO2,0.3241707098,nutrients,not outlier,0.21551147120000003,0.015254309895637865
MOBEAST031,T11,Control,Table 1,2024-06-02T18:00:00Z,2024-06-02,18:00:00,2024-06-02,18:00:00,2024-06-02 18:00:00,2790.6976744186045,3.5833333333333335,NH3,2.573189361,nutrients,not outlier,2.2240500701499997,0.15742247410115226
MOBEAST031,T11,Control,Table 1,2024-06-02T18:00:00Z,2024-06-02,18:00:00,2024-06-02,18:00:00,2024-06-02 18:00:00,2790.6976744186045,3.5833333333333335,NO3,0.8857835485000001,nutrients,not outlier,0.05829772148500001,0.00412642308453498
MOBEAST032,T12,CCA,Table 1,2024-06-02T18:00:00Z,2024-06-02,18:00:00,2024-06-02,18:00:00,2024-06-02 18:00:00,1363.6363636363635,7.333333333333333,het_bact,421.498,FCM,not outlier,-32.940499999999986,-4.7716279835390925
MOBEAST032,T12,CCA,Table 1,2024-06-02T18:00:00Z,2024-06-02,18:00:00,2024-06-02,18:00:00,2024-06-02 18:00:00,1363.6363636363635,7.333333333333333,pico_euk,1.714,FCM,not outlier,-0.40100000000000025,-0.05808724279835395
MOBEAST032,T12,CCA,Table 1,2024-06-02T18:00:00Z,2024-06-02,18:00:00,2024-06-02,18:00:00,2024-06-02 18:00:00,1363.6363636363635,7.333333333333333,syn,109.368,FCM,not outlier,-10.906500000000008,-1.5798716049382728
MOBEAST032,T12,CCA,Table 1,2024-06-02T18:00:00Z,2024-06-02,18:00:00,2024-06-02,18:00:00,2024-06-02 18:00:00,1363.6363636363635,7.333333333333333,pro,9.667,FCM,not outlier,-2.4565,-0.35583868312757205
MOBEAST032,T12,CCA,Table 1,2024-06-02T18:00:00Z,2024-06-02,18:00:00,2024-06-02,18:00:00,2024-06-02 18:00:00,1363.6363636363635,7.333333333333333,tot_bact,540.532,FCM,not outlier,-46.303999999999974,-6.707410699588474
MOBEAST032,T12,CCA,Table 1,2024-06-02T18:00:00Z,2024-06-02,18:00:00,2024-06-02,18:00:00,2024-06-02 18:00:00,1363.6363636363635,7.333333333333333,cyano,119.03500000000004,FCM,not outlier,-13.362999999999957,-1.9357102880658374
MOBEAST032,T12,CCA,Table 1,2024-06-02T18:00:00Z,2024-06-02,18:00:00,2024-06-02,18:00:00,2024-06-02 18:00:00,1363.6363636363635,7.333333333333333,chla_conc,0.1148,chla,not outlier,0.009000000000000008,0.001303703703703705
MOBEAST032,T12,CCA,Table 1,2024-06-02T18:00:00Z,2024-06-02,18:00:00,2024-06-02,18:00:00,2024-06-02 18:00:00,1363.6363636363635,7.333333333333333,npoc_u_m,123.173503625934,DOC,not outlier,14.695230086506498,2.1286917656174023
MOBEAST032,T12,CCA,Table 1,2024-06-02T18:00:00Z,2024-06-02,18:00:00,2024-06-02,18:00:00,2024-06-02 18:00:00,1363.6363636363635,7.333333333333333,tn_u_m,15.486874138805,DOC,not outlier,2.0083245875188,0.29091780033194137
MOBEAST032,T12,CCA,Table 1,2024-06-02T18:00:00Z,2024-06-02,18:00:00,2024-06-02,18:00:00,2024-06-02 18:00:00,1363.6363636363635,7.333333333333333,coble_a,0.009966225964963,fDOM,not outlier,0.0010515300229620751,1.52320398387922e-4
MOBEAST032,T12,CCA,Table 1,2024-06-02T18:00:00Z,2024-06-02,18:00:00,2024-06-02,18:00:00,2024-06-02 18:00:00,1363.6363636363635,7.333333333333333,coble_b,0.123325376031201,fDOM,not outlier,0.0920353549100752,0.01333187034088332
MOBEAST032,T12,CCA,Table 1,2024-06-02T18:00:00Z,2024-06-02,18:00:00,2024-06-02,18:00:00,2024-06-02 18:00:00,1363.6363636363635,7.333333333333333,coble_c,0.00902057764122225,fDOM,not outlier,0.003393906822137171,4.916276548939442e-4
MOBEAST032,T12,CCA,Table 1,2024-06-02T18:00:00Z,2024-06-02,18:00:00,2024-06-02,18:00:00,2024-06-02 18:00:00,1363.6363636363635,7.333333333333333,coble_m,0.0134007919691916,fDOM,not outlier,0.0035108727392695847,5.085708659353473e-4
MOBEAST032,T12,CCA,Table 1,2024-06-02T18:00:00Z,2024-06-02,18:00:00,2024-06-02,18:00:00,2024-06-02 18:00:00,1363.6363636363635,7.333333333333333,coble_t,0.117219892646601,fDOM,not outlier,0.06791537056273715,0.00983794668233888
MOBEAST032,T12,CCA,Table 1,2024-06-02T18:00:00Z,2024-06-02,18:00:00,2024-06-02,18:00:00,2024-06-02 18:00:00,1363.6363636363635,7.333333333333333,m_to_c,1.4855802479824174,fDOM,not outlier,-0.27226479832274464,-0.03943918066238935
MOBEAST032,T12,CCA,Table 1,2024-06-02T18:00:00Z,2024-06-02,18:00:00,2024-06-02,18:00:00,2024-06-02 18:00:00,1363.6363636363635,7.333333333333333,bix,1.17842597597393,fDOM,not outlier,0.35876043222288545,0.05196858935903526
MOBEAST032,T12,CCA,Table 1,2024-06-02T18:00:00Z,2024-06-02,18:00:00,2024-06-02,18:00:00,2024-06-02 18:00:00,1363.6363636363635,7.333333333333333,hix,0.305346507487696,fDOM,not outlier,-0.30563711973499097,-0.04427336055420446
MOBEAST032,T12,CCA,Table 1,2024-06-02T18:00:00Z,2024-06-02,18:00:00,2024-06-02,18:00:00,2024-06-02 18:00:00,1363.6363636363635,7.333333333333333,fpeak,0.0220383585952933,fDOM,not outlier,6.150799151485031e-4,8.909799593920704e-5
MOBEAST032,T12,CCA,Table 1,2024-06-02T18:00:00Z,2024-06-02,18:00:00,2024-06-02,18:00:00,2024-06-02 18:00:00,1363.6363636363635,7.333333333333333,fi,1.52427042527438,fDOM,not outlier,-0.6304366810894153,-0.09132251512077127
MOBEAST032,T12,CCA,Table 1,2024-06-02T18:00:00Z,2024-06-02,18:00:00,2024-06-02,18:00:00,2024-06-02 18:00:00,1363.6363636363635,7.333333333333333,lignin,0.0656641478016466,fDOM,not outlier,0.040626810739250174,0.005885035958936651
MOBEAST032,T12,CCA,Table 1,2024-06-02T18:00:00Z,2024-06-02,18:00:00,2024-06-02,18:00:00,2024-06-02 18:00:00,1363.6363636363635,7.333333333333333,N_N,1.275,nutrients,not outlier,0.3274999999999999,0.04744032921810698
MOBEAST032,T12,CCA,Table 1,2024-06-02T18:00:00Z,2024-06-02,18:00:00,2024-06-02,18:00:00,2024-06-02 18:00:00,1363.6363636363635,7.333333333333333,NO2,0.1415146545,nutrients,not outlier,0.021500481515000003,0.0031144730425020583
MOBEAST032,T12,CCA,Table 1,2024-06-02T18:00:00Z,2024-06-02,18:00:00,2024-06-02,18:00:00,2024-06-02 18:00:00,1363.6363636363635,7.333333333333333,PO4,0.077,nutrients,not outlier,-0.008739566165000004,-0.0012659783086748978
MOBEAST032,T12,CCA,Table 1,2024-06-02T18:00:00Z,2024-06-02,18:00:00,2024-06-02,18:00:00,2024-06-02 18:00:00,1363.6363636363635,7.333333333333333,SiO2,0.01,nutrients,not outlier,-0.09865923859999999,-0.014291379418600822
MOBEAST032,T12,CCA,Table 1,2024-06-02T18:00:00Z,2024-06-02,18:00:00,2024-06-02,18:00:00,2024-06-02 18:00:00,1363.6363636363635,7.333333333333333,NH3,1.305846522,nutrients,not outlier,0.95670723115,0.13858475117893004
MOBEAST032,T12,CCA,Table 1,2024-06-02T18:00:00Z,2024-06-02,18:00:00,2024-06-02,18:00:00,2024-06-02 18:00:00,1363.6363636363635,7.333333333333333,NO3,1.1334853455,nutrients,not outlier,0.30599951848499995,0.04432585617560493
MOBEAST033,T13,Algae,Table 1,2024-06-02T18:00:00Z,2024-06-02,18:00:00,2024-06-02,18:00:00,2024-06-02 18:00:00,8823.529411764704,1.1333333333333333,het_bact,571.167,FCM,not outlier,116.72850000000005,2.613181234567903
MOBEAST033,T13,Algae,Table 1,2024-06-02T18:00:00Z,2024-06-02,18:00:00,2024-06-02,18:00:00,2024-06-02 18:00:00,8823.529411764704,1.1333333333333333,pico_euk,1.833,FCM,not outlier,-0.28200000000000025,-0.006313086419753093
MOBEAST033,T13,Algae,Table 1,2024-06-02T18:00:00Z,2024-06-02,18:00:00,2024-06-02,18:00:00,2024-06-02 18:00:00,8823.529411764704,1.1333333333333333,syn,115.45,FCM,not outlier,-4.8245000000000005,-0.10800526748971195
MOBEAST033,T13,Algae,Table 1,2024-06-02T18:00:00Z,2024-06-02,18:00:00,2024-06-02,18:00:00,2024-06-02 18:00:00,8823.529411764704,1.1333333333333333,pro,14.05,FCM,not outlier,1.9265000000000008,0.04312823045267492
MOBEAST033,T13,Algae,Table 1,2024-06-02T18:00:00Z,2024-06-02,18:00:00,2024-06-02,18:00:00,2024-06-02 18:00:00,8823.529411764704,1.1333333333333333,tot_bact,700.667,FCM,not outlier,113.83100000000002,2.548315390946503
MOBEAST033,T13,Algae,Table 1,2024-06-02T18:00:00Z,2024-06-02,18:00:00,2024-06-02,18:00:00,2024-06-02 18:00:00,8823.529411764704,1.1333333333333333,cyano,129.5,FCM,not outlier,-2.897999999999996,-0.06487703703703696
MOBEAST033,T13,Algae,Table 1,2024-06-02T18:00:00Z,2024-06-02,18:00:00,2024-06-02,18:00:00,2024-06-02 18:00:00,8823.529411764704,1.1333333333333333,chla_conc,0.128,chla,not outlier,0.02220000000000001,4.96987654320988e-4
MOBEAST033,T13,Algae,Table 1,2024-06-02T18:00:00Z,2024-06-02,18:00:00,2024-06-02,18:00:00,2024-06-02 18:00:00,8823.529411764704,1.1333333333333333,npoc_u_m,131.249635741464,DOC,not outlier,22.7713622020365,0.5097786435353028
MOBEAST033,T13,Algae,Table 1,2024-06-02T18:00:00Z,2024-06-02,18:00:00,2024-06-02,18:00:00,2024-06-02 18:00:00,8823.529411764704,1.1333333333333333,tn_u_m,15.5939657449649,DOC,not outlier,2.1154161936786995,0.04735746540581122
MOBEAST033,T13,Algae,Table 1,2024-06-02T18:00:00Z,2024-06-02,18:00:00,2024-06-02,18:00:00,2024-06-02 18:00:00,8823.529411764704,1.1333333333333333,coble_a,0.0136498337480532,fDOM,not outlier,0.004735137806052274,1.0600473113137602e-4
MOBEAST033,T13,Algae,Table 1,2024-06-02T18:00:00Z,2024-06-02,18:00:00,2024-06-02,18:00:00,2024-06-02 18:00:00,8823.529411764704,1.1333333333333333,coble_b,0.120490442480545,fDOM,not outlier,0.08920042135941919,0.001996914782696463
MOBEAST033,T13,Algae,Table 1,2024-06-02T18:00:00Z,2024-06-02,18:00:00,2024-06-02,18:00:00,2024-06-02 18:00:00,8823.529411764704,1.1333333333333333,coble_c,0.0134733101693858,fDOM,not outlier,0.00784663935030072,1.7566139121660875e-4
MOBEAST033,T13,Algae,Table 1,2024-06-02T18:00:00Z,2024-06-02,18:00:00,2024-06-02,18:00:00,2024-06-02 18:00:00,8823.529411764704,1.1333333333333333,coble_m,0.016866409163455,fDOM,not outlier,0.0069764899335329825,1.561815030387631e-4
MOBEAST033,T13,Algae,Table 1,2024-06-02T18:00:00Z,2024-06-02,18:00:00,2024-06-02,18:00:00,2024-06-02 18:00:00,8823.529411764704,1.1333333333333333,coble_t,0.112516611421365,fDOM,not outlier,0.06321208933750115,0.0014151183785843882
MOBEAST033,T13,Algae,Table 1,2024-06-02T18:00:00Z,2024-06-02,18:00:00,2024-06-02,18:00:00,2024-06-02 18:00:00,8823.529411764704,1.1333333333333333,m_to_c,1.2518385572224884,fDOM,not outlier,-0.5060064890826736,-0.011327881895513354
MOBEAST033,T13,Algae,Table 1,2024-06-02T18:00:00Z,2024-06-02,18:00:00,2024-06-02,18:00:00,2024-06-02 18:00:00,8823.529411764704,1.1333333333333333,bix,1.08790820206379,fDOM,not outlier,0.2682426583127455,0.00600510313259809
MOBEAST033,T13,Algae,Table 1,2024-06-02T18:00:00Z,2024-06-02,18:00:00,2024-06-02,18:00:00,2024-06-02 18:00:00,8823.529411764704,1.1333333333333333,hix,0.417771281563582,fDOM,not outlier,-0.19321234565910494,-0.004325412182656506
MOBEAST033,T13,Algae,Table 1,2024-06-02T18:00:00Z,2024-06-02,18:00:00,2024-06-02,18:00:00,2024-06-02 18:00:00,8823.529411764704,1.1333333333333333,fpeak,0.0343905439339923,fDOM,not outlier,0.012967265253847504,2.9029597934539274e-4
MOBEAST033,T13,Algae,Table 1,2024-06-02T18:00:00Z,2024-06-02,18:00:00,2024-06-02,18:00:00,2024-06-02 18:00:00,8823.529411764704,1.1333333333333333,fi,1.65310190196627,fDOM,not outlier,-0.5016052043975252,-0.011229351077870525
MOBEAST033,T13,Algae,Table 1,2024-06-02T18:00:00Z,2024-06-02,18:00:00,2024-06-02,18:00:00,2024-06-02 18:00:00,8823.529411764704,1.1333333333333333,lignin,0.0725953762954026,fDOM,not outlier,0.047558039233006166,0.0010646738001133893
MOBEAST033,T13,Algae,Table 1,2024-06-02T18:00:00Z,2024-06-02,18:00:00,2024-06-02,18:00:00,2024-06-02 18:00:00,8823.529411764704,1.1333333333333333,N_N,0.983,nutrients,not outlier,0.035499999999999976,7.947325102880654e-4
MOBEAST033,T13,Algae,Table 1,2024-06-02T18:00:00Z,2024-06-02,18:00:00,2024-06-02,18:00:00,2024-06-02 18:00:00,8823.529411764704,1.1333333333333333,NO2,0.07316090327,nutrients,not outlier,-0.04685326971500001,-0.0010488962438255148
MOBEAST033,T13,Algae,Table 1,2024-06-02T18:00:00Z,2024-06-02,18:00:00,2024-06-02,18:00:00,2024-06-02 18:00:00,8823.529411764704,1.1333333333333333,PO4,0.077,nutrients,not outlier,-0.008739566165000004,-1.9565119315884786e-4
MOBEAST033,T13,Algae,Table 1,2024-06-02T18:00:00Z,2024-06-02,18:00:00,2024-06-02,18:00:00,2024-06-02 18:00:00,8823.529411764704,1.1333333333333333,SiO2,0.01,nutrients,not outlier,-0.09865923859999999,-0.002208667728329218
MOBEAST033,T13,Algae,Table 1,2024-06-02T18:00:00Z,2024-06-02,18:00:00,2024-06-02,18:00:00,2024-06-02 18:00:00,8823.529411764704,1.1333333333333333,NH3,1.300213887,nutrients,not outlier,0.95107459615,0.021291546514633747
MOBEAST033,T13,Algae,Table 1,2024-06-02T18:00:00Z,2024-06-02,18:00:00,2024-06-02,18:00:00,2024-06-02 18:00:00,8823.529411764704,1.1333333333333333,NO3,0.90983909673,nutrients,not outlier,0.0823532697149999,0.0018436287541135782
MOBEAST034,T14,Algae,Table 1,2024-06-02T18:00:00Z,2024-06-02,18:00:00,2024-06-02,18:00:00,2024-06-02 18:00:00,3314.917127071823,3.0166666666666666,het_bact,487.3,FCM,not outlier,32.861500000000035,1.9581667489711956
MOBEAST034,T14,Algae,Table 1,2024-06-02T18:00:00Z,2024-06-02,18:00:00,2024-06-02,18:00:00,2024-06-02 18:00:00,3314.917127071823,3.0166666666666666,pico_euk,1.633,FCM,not outlier,-0.4820000000000002,-0.028721646090534993
MOBEAST034,T14,Algae,Table 1,2024-06-02T18:00:00Z,2024-06-02,18:00:00,2024-06-02,18:00:00,2024-06-02 18:00:00,3314.917127071823,3.0166666666666666,syn,100.7,FCM,not outlier,-19.5745,-1.1664146502057615
MOBEAST034,T14,Algae,Table 1,2024-06-02T18:00:00Z,2024-06-02,18:00:00,2024-06-02,18:00:00,2024-06-02 18:00:00,3314.917127071823,3.0166666666666666,pro,10,FCM,not outlier,-2.1235,-0.12653613168724281
MOBEAST034,T14,Algae,Table 1,2024-06-02T18:00:00Z,2024-06-02,18:00:00,2024-06-02,18:00:00,2024-06-02 18:00:00,3314.917127071823,3.0166666666666666,tot_bact,598,FCM,not outlier,11.163999999999987,0.6652457613168717
MOBEAST034,T14,Algae,Table 1,2024-06-02T18:00:00Z,2024-06-02,18:00:00,2024-06-02,18:00:00,2024-06-02 18:00:00,3314.917127071823,3.0166666666666666,cyano,110.7,FCM,not outlier,-21.697999999999993,-1.2929507818930037
MOBEAST034,T14,Algae,Table 1,2024-06-02T18:00:00Z,2024-06-02,18:00:00,2024-06-02,18:00:00,2024-06-02 18:00:00,3314.917127071823,3.0166666666666666,chla_conc,0.0372,chla,not outlier,-0.0686,-0.0040877695473251026
MOBEAST034,T14,Algae,Table 1,2024-06-02T18:00:00Z,2024-06-02,18:00:00,2024-06-02,18:00:00,2024-06-02 18:00:00,3314.917127071823,3.0166666666666666,npoc_u_m,102.858284696146,DOC,not outlier,-5.619988843281504,-0.33488657798648636
MOBEAST034,T14,Algae,Table 1,2024-06-02T18:00:00Z,2024-06-02,18:00:00,2024-06-02,18:00:00,2024-06-02 18:00:00,3314.917127071823,3.0166666666666666,tn_u_m,11.7450934195778,DOC,not outlier,-1.7334561317083992,-0.10329401146970214
MOBEAST034,T14,Algae,Table 1,2024-06-02T18:00:00Z,2024-06-02,18:00:00,2024-06-02,18:00:00,2024-06-02 18:00:00,3314.917127071823,3.0166666666666666,coble_a,0.00694874253422744,fDOM,not outlier,-0.0019659534077734854,-1.171481701422225e-4
MOBEAST034,T14,Algae,Table 1,2024-06-02T18:00:00Z,2024-06-02,18:00:00,2024-06-02,18:00:00,2024-06-02 18:00:00,3314.917127071823,3.0166666666666666,coble_b,0.0780842005310253,fDOM,not outlier,0.0467941794098995,0.002788393900639279
MOBEAST034,T14,Algae,Table 1,2024-06-02T18:00:00Z,2024-06-02,18:00:00,2024-06-02,18:00:00,2024-06-02 18:00:00,3314.917127071823,3.0166666666666666,coble_c,0.00746659721797775,fDOM,not outlier,0.0018399263988926702,1.0963841257599123e-4
MOBEAST034,T14,Algae,Table 1,2024-06-02T18:00:00Z,2024-06-02,18:00:00,2024-06-02,18:00:00,2024-06-02 18:00:00,3314.917127071823,3.0166666666666666,coble_m,0.00903759122039181,fDOM,not outlier,-8.523280095302059e-4,-5.0788928304515975e-5
MOBEAST034,T14,Algae,Table 1,2024-06-02T18:00:00Z,2024-06-02,18:00:00,2024-06-02,18:00:00,2024-06-02 18:00:00,3314.917127071823,3.0166666666666666,coble_t,0.0453144036568589,fDOM,not outlier,-0.003990118427004953,-2.3776508157626224e-4
MOBEAST034,T14,Algae,Table 1,2024-06-02T18:00:00Z,2024-06-02,18:00:00,2024-06-02,18:00:00,2024-06-02 18:00:00,3314.917127071823,3.0166666666666666,m_to_c,1.2104029394583504,fDOM,not outlier,-0.5474421068468116,-0.03262124159317627
MOBEAST034,T14,Algae,Table 1,2024-06-02T18:00:00Z,2024-06-02,18:00:00,2024-06-02,18:00:00,2024-06-02 18:00:00,3314.917127071823,3.0166666666666666,bix,0.831293225511137,fDOM,not outlier,0.011627681760092545,6.928758513832924e-4
MOBEAST034,T14,Algae,Table 1,2024-06-02T18:00:00Z,2024-06-02,18:00:00,2024-06-02,18:00:00,2024-06-02 18:00:00,3314.917127071823,3.0166666666666666,hix,0.512977060403122,fDOM,not outlier,-0.09800656681956499,-0.005840062088672021
MOBEAST034,T14,Algae,Table 1,2024-06-02T18:00:00Z,2024-06-02,18:00:00,2024-06-02,18:00:00,2024-06-02 18:00:00,3314.917127071823,3.0166666666666666,fpeak,0,fDOM,not outlier,-0.0214232786801448,-0.0012765805567427847
MOBEAST034,T14,Algae,Table 1,2024-06-02T18:00:00Z,2024-06-02,18:00:00,2024-06-02,18:00:00,2024-06-02 18:00:00,3314.917127071823,3.0166666666666666,fi,1.59209378613139,fDOM,not outlier,-0.5626133202324053,-0.03352527109862234
MOBEAST034,T14,Algae,Table 1,2024-06-02T18:00:00Z,2024-06-02,18:00:00,2024-06-02,18:00:00,2024-06-02 18:00:00,3314.917127071823,3.0166666666666666,lignin,0.0123335629907121,fDOM,not outlier,-0.012703774071684331,-7.569985537365808e-4
MOBEAST034,T14,Algae,Table 1,2024-06-02T18:00:00Z,2024-06-02,18:00:00,2024-06-02,18:00:00,2024-06-02 18:00:00,3314.917127071823,3.0166666666666666,N_N,0.611,nutrients,not outlier,-0.3365,-0.020051522633744857
MOBEAST034,T14,Algae,Table 1,2024-06-02T18:00:00Z,2024-06-02,18:00:00,2024-06-02,18:00:00,2024-06-02 18:00:00,3314.917127071823,3.0166666666666666,NO2,0.144741373,nutrients,not outlier,0.024727200015000006,0.0014734561984246918
MOBEAST034,T14,Algae,Table 1,2024-06-02T18:00:00Z,2024-06-02,18:00:00,2024-06-02,18:00:00,2024-06-02 18:00:00,3314.917127071823,3.0166666666666666,PO4,0.07946394367,nutrients,not outlier,-0.006275622495000008,-3.739547890024696e-4
MOBEAST034,T14,Algae,Table 1,2024-06-02T18:00:00Z,2024-06-02,18:00:00,2024-06-02,18:00:00,2024-06-02 18:00:00,3314.917127071823,3.0166666666666666,SiO2,0.06408025659,nutrients,not outlier,-0.04457898200999999,-0.00265639366051358
MOBEAST034,T14,Algae,Table 1,2024-06-02T18:00:00Z,2024-06-02,18:00:00,2024-06-02,18:00:00,2024-06-02 18:00:00,3314.917127071823,3.0166666666666666,NH3,1.171672116,nutrients,not outlier,0.8225328251500001,0.04901347863445269
MOBEAST034,T14,Algae,Table 1,2024-06-02T18:00:00Z,2024-06-02,18:00:00,2024-06-02,18:00:00,2024-06-02 18:00:00,3314.917127071823,3.0166666666666666,NO3,0.466258627,nutrients,not outlier,-0.3612272000150001,-0.021524978832169556
MOBEAST035,T15,Control,Table 1,2024-06-02T18:00:00Z,2024-06-02,18:00:00,2024-06-02,18:00:00,2024-06-02 18:00:00,10344.827586206897,0.9666666666666668,het_bact,533,FCM,not outlier,78.56150000000002,1.500104362139918
MOBEAST035,T15,Control,Table 1,2024-06-02T18:00:00Z,2024-06-02,18:00:00,2024-06-02,18:00:00,2024-06-02 18:00:00,10344.827586206897,0.9666666666666668,pico_euk,2.8,FCM,not outlier,0.6849999999999996,0.013079835390946494
MOBEAST035,T15,Control,Table 1,2024-06-02T18:00:00Z,2024-06-02,18:00:00,2024-06-02,18:00:00,2024-06-02 18:00:00,10344.827586206897,0.9666666666666668,syn,137.417,FCM,not outlier,17.1425,0.32733004115226333
MOBEAST035,T15,Control,Table 1,2024-06-02T18:00:00Z,2024-06-02,18:00:00,2024-06-02,18:00:00,2024-06-02 18:00:00,10344.827586206897,0.9666666666666668,pro,16.117,FCM,not outlier,3.993500000000001,0.07625448559670783
MOBEAST035,T15,Control,Table 1,2024-06-02T18:00:00Z,2024-06-02,18:00:00,2024-06-02,18:00:00,2024-06-02 18:00:00,10344.827586206897,0.9666666666666668,tot_bact,686.533,FCM,not outlier,99.697,1.9036793415637858
MOBEAST035,T15,Control,Table 1,2024-06-02T18:00:00Z,2024-06-02,18:00:00,2024-06-02,18:00:00,2024-06-02 18:00:00,10344.827586206897,0.9666666666666668,cyano,153.534,FCM,not outlier,21.135999999999996,0.40358452674897105
MOBEAST035,T15,Control,Table 1,2024-06-02T18:00:00Z,2024-06-02,18:00:00,2024-06-02,18:00:00,2024-06-02 18:00:00,10344.827586206897,0.9666666666666668,chla_conc,0.0992,chla,not outlier,-0.006599999999999995,-1.260246913580246e-4
MOBEAST035,T15,Control,Table 1,2024-06-02T18:00:00Z,2024-06-02,18:00:00,2024-06-02,18:00:00,2024-06-02 18:00:00,10344.827586206897,0.9666666666666668,npoc_u_m,129.001640204151,DOC,not outlier,20.523366664723483,0.39188650750747717
MOBEAST035,T15,Control,Table 1,2024-06-02T18:00:00Z,2024-06-02,18:00:00,2024-06-02,18:00:00,2024-06-02 18:00:00,10344.827586206897,0.9666666666666668,tn_u_m,18.1213276503388,DOC,not outlier,4.642778099052599,0.08865222378437883
MOBEAST035,T15,Control,Table 1,2024-06-02T18:00:00Z,2024-06-02,18:00:00,2024-06-02,18:00:00,2024-06-02 18:00:00,10344.827586206897,0.9666666666666668,coble_a,0.0117718589686048,fDOM,not outlier,0.0028571630266038747,5.45565285738353e-5
MOBEAST035,T15,Control,Table 1,2024-06-02T18:00:00Z,2024-06-02,18:00:00,2024-06-02,18:00:00,2024-06-02 18:00:00,10344.827586206897,0.9666666666666668,coble_b,0.158665345074677,fDOM,outlier,0.1273753239535512,0.0024321872557385906
MOBEAST035,T15,Control,Table 1,2024-06-02T18:00:00Z,2024-06-02,18:00:00,2024-06-02,18:00:00,2024-06-02 18:00:00,10344.827586206897,0.9666666666666668,coble_c,0.0109411607582869,fDOM,not outlier,0.005314489939201821,1.0147832641109648e-4
MOBEAST035,T15,Control,Table 1,2024-06-02T18:00:00Z,2024-06-02,18:00:00,2024-06-02,18:00:00,2024-06-02 18:00:00,10344.827586206897,0.9666666666666668,coble_m,0.0156074596625037,fDOM,not outlier,0.005717540432581684,1.0917443459744451e-4
MOBEAST035,T15,Control,Table 1,2024-06-02T18:00:00Z,2024-06-02,18:00:00,2024-06-02,18:00:00,2024-06-02 18:00:00,10344.827586206897,0.9666666666666668,coble_t,0.192750136986822,fDOM,outlier,0.14344561490295815,0.002739043840122328
MOBEAST035,T15,Control,Table 1,2024-06-02T18:00:00Z,2024-06-02,18:00:00,2024-06-02,18:00:00,2024-06-02 18:00:00,10344.827586206897,0.9666666666666668,m_to_c,1.426490297264165,fDOM,not outlier,-0.33135474904099693,-0.006327103026955661
MOBEAST035,T15,Control,Table 1,2024-06-02T18:00:00Z,2024-06-02,18:00:00,2024-06-02,18:00:00,2024-06-02 18:00:00,10344.827586206897,0.9666666666666668,bix,1.21046965270394,fDOM,not outlier,0.3908041089528955,0.007462267759429774
MOBEAST035,T15,Control,Table 1,2024-06-02T18:00:00Z,2024-06-02,18:00:00,2024-06-02,18:00:00,2024-06-02 18:00:00,10344.827586206897,0.9666666666666668,hix,0.253372565523791,fDOM,not outlier,-0.35761106169889595,-0.006828458132851345
MOBEAST035,T15,Control,Table 1,2024-06-02T18:00:00Z,2024-06-02,18:00:00,2024-06-02,18:00:00,2024-06-02 18:00:00,10344.827586206897,0.9666666666666668,fpeak,0.0550053115607561,fDOM,not outlier,0.033582032880611304,6.412371710536478e-4
MOBEAST035,T15,Control,Table 1,2024-06-02T18:00:00Z,2024-06-02,18:00:00,2024-06-02,18:00:00,2024-06-02 18:00:00,10344.827586206897,0.9666666666666668,fi,1.73928034250018,fDOM,not outlier,-0.4154267638636153,-0.007932428742087138
MOBEAST035,T15,Control,Table 1,2024-06-02T18:00:00Z,2024-06-02,18:00:00,2024-06-02,18:00:00,2024-06-02 18:00:00,10344.827586206897,0.9666666666666668,lignin,0.0874312138276777,fDOM,not outlier,0.06239387676528127,0.0011913892518144243
MOBEAST035,T15,Control,Table 1,2024-06-02T18:00:00Z,2024-06-02,18:00:00,2024-06-02,18:00:00,2024-06-02 18:00:00,10344.827586206897,0.9666666666666668,N_N,2.242,nutrients,not outlier,1.2945,0.024718024691358025
MOBEAST035,T15,Control,Table 1,2024-06-02T18:00:00Z,2024-06-02,18:00:00,2024-06-02,18:00:00,2024-06-02 18:00:00,10344.827586206897,0.9666666666666668,NO2,0.143753602,nutrients,not outlier,0.023739429015000008,4.5329609312592603e-4
MOBEAST035,T15,Control,Table 1,2024-06-02T18:00:00Z,2024-06-02,18:00:00,2024-06-02,18:00:00,2024-06-02 18:00:00,10344.827586206897,0.9666666666666668,PO4,0.077,nutrients,not outlier,-0.008739566165000004,-1.6687895887078195e-4
MOBEAST035,T15,Control,Table 1,2024-06-02T18:00:00Z,2024-06-02,18:00:00,2024-06-02,18:00:00,2024-06-02 18:00:00,10344.827586206897,0.9666666666666668,SiO2,0.01,nutrients,not outlier,-0.09865923859999999,-0.0018838636506337445
MOBEAST035,T15,Control,Table 1,2024-06-02T18:00:00Z,2024-06-02,18:00:00,2024-06-02,18:00:00,2024-06-02 18:00:00,10344.827586206897,0.9666666666666668,NH3,2.738553431,nutrients,not outlier,2.38941414015,0.045625027202864196
MOBEAST035,T15,Control,Table 1,2024-06-02T18:00:00Z,2024-06-02,18:00:00,2024-06-02,18:00:00,2024-06-02 18:00:00,10344.827586206897,0.9666666666666668,NO3,2.098246398,nutrients,not outlier,1.270760570985,0.0242647285982321
MOBEAST036,T16,Coral,Table 1,2024-06-02T18:00:00Z,2024-06-02,18:00:00,2024-06-02,18:00:00,2024-06-02 18:00:00,1224.4897959183672,8.166666666666666,het_bact,459.85,FCM,not outlier,5.411500000000046,0.8729662551440405
MOBEAST036,T16,Coral,Table 1,2024-06-02T18:00:00Z,2024-06-02,18:00:00,2024-06-02,18:00:00,2024-06-02 18:00:00,1224.4897959183672,8.166666666666666,pico_euk,2.083,FCM,not outlier,-0.03200000000000003,-0.005162139917695478
MOBEAST036,T16,Coral,Table 1,2024-06-02T18:00:00Z,2024-06-02,18:00:00,2024-06-02,18:00:00,2024-06-02 18:00:00,1224.4897959183672,8.166666666666666,syn,117.367,FCM,not outlier,-2.907499999999999,-0.46902880658436197
MOBEAST036,T16,Coral,Table 1,2024-06-02T18:00:00Z,2024-06-02,18:00:00,2024-06-02,18:00:00,2024-06-02 18:00:00,1224.4897959183672,8.166666666666666,pro,10.017,FCM,not outlier,-2.1065000000000005,-0.3398139917695474
MOBEAST036,T16,Coral,Table 1,2024-06-02T18:00:00Z,2024-06-02,18:00:00,2024-06-02,18:00:00,2024-06-02 18:00:00,1224.4897959183672,8.166666666666666,tot_bact,587.233,FCM,not outlier,0.3969999999999345,0.06404279835389891
MOBEAST036,T16,Coral,Table 1,2024-06-02T18:00:00Z,2024-06-02,18:00:00,2024-06-02,18:00:00,2024-06-02 18:00:00,1224.4897959183672,8.166666666666666,cyano,127.384,FCM,not outlier,-5.013999999999996,-0.8088427983539088
MOBEAST036,T16,Coral,Table 1,2024-06-02T18:00:00Z,2024-06-02,18:00:00,2024-06-02,18:00:00,2024-06-02 18:00:00,1224.4897959183672,8.166666666666666,chla_conc,0.044,chla,not outlier,-0.061799999999999994,-0.009969382716049382
MOBEAST036,T16,Coral,Table 1,2024-06-02T18:00:00Z,2024-06-02,18:00:00,2024-06-02,18:00:00,2024-06-02 18:00:00,1224.4897959183672,8.166666666666666,npoc_u_m,134.330222218522,DOC,not outlier,25.851948679094505,4.1703555070802665
MOBEAST036,T16,Coral,Table 1,2024-06-02T18:00:00Z,2024-06-02,18:00:00,2024-06-02,18:00:00,2024-06-02 18:00:00,1224.4897959183672,8.166666666666666,tn_u_m,20.1346498461451,DOC,not outlier,6.6561002948588985,1.0737412821336167
MOBEAST036,T16,Coral,Table 1,2024-06-02T18:00:00Z,2024-06-02,18:00:00,2024-06-02,18:00:00,2024-06-02 18:00:00,1224.4897959183672,8.166666666666666,coble_a,0.0150994295716038,fDOM,not outlier,0.006184733629602875,9.977018859277066e-4
MOBEAST036,T16,Coral,Table 1,2024-06-02T18:00:00Z,2024-06-02,18:00:00,2024-06-02,18:00:00,2024-06-02 18:00:00,1224.4897959183672,8.166666666666666,coble_b,0.156160356833622,fDOM,outlier,0.1248703357124962,0.020143692016172228
MOBEAST036,T16,Coral,Table 1,2024-06-02T18:00:00Z,2024-06-02,18:00:00,2024-06-02,18:00:00,2024-06-02 18:00:00,1224.4897959183672,8.166666666666666,coble_c,0.015193018394023,fDOM,outlier,0.009566347574937921,0.0015432132713480103
MOBEAST036,T16,Coral,Table 1,2024-06-02T18:00:00Z,2024-06-02,18:00:00,2024-06-02,18:00:00,2024-06-02 18:00:00,1224.4897959183672,8.166666666666666,coble_m,0.0194140378043044,fDOM,not outlier,0.009524118574382383,0.0015364010210526316
MOBEAST036,T16,Coral,Table 1,2024-06-02T18:00:00Z,2024-06-02,18:00:00,2024-06-02,18:00:00,2024-06-02 18:00:00,1224.4897959183672,8.166666666666666,coble_t,0.227201271988138,fDOM,outlier,0.17789674990427415,0.02869774730966069
MOBEAST036,T16,Coral,Table 1,2024-06-02T18:00:00Z,2024-06-02,18:00:00,2024-06-02,18:00:00,2024-06-02 18:00:00,1224.4897959183672,8.166666666666666,m_to_c,1.277826255508383,fDOM,not outlier,-0.480018790796779,-0.07743513003799893
MOBEAST036,T16,Coral,Table 1,2024-06-02T18:00:00Z,2024-06-02,18:00:00,2024-06-02,18:00:00,2024-06-02 18:00:00,1224.4897959183672,8.166666666666666,bix,1.27440099129538,fDOM,not outlier,0.4547354475443355,0.07335650017999157
MOBEAST036,T16,Coral,Table 1,2024-06-02T18:00:00Z,2024-06-02,18:00:00,2024-06-02,18:00:00,2024-06-02 18:00:00,1224.4897959183672,8.166666666666666,hix,0.292961892711701,fDOM,not outlier,-0.318021734510986,-0.05130227157543478
MOBEAST036,T16,Coral,Table 1,2024-06-02T18:00:00Z,2024-06-02,18:00:00,2024-06-02,18:00:00,2024-06-02 18:00:00,1224.4897959183672,8.166666666666666,fpeak,0.0275720406589553,fDOM,not outlier,0.0061487619788105005,9.918990517258093e-4
MOBEAST036,T16,Coral,Table 1,2024-06-02T18:00:00Z,2024-06-02,18:00:00,2024-06-02,18:00:00,2024-06-02 18:00:00,1224.4897959183672,8.166666666666666,fi,1.59831132130223,fDOM,not outlier,-0.5563957850615653,-0.08975602787824428
MOBEAST036,T16,Coral,Table 1,2024-06-02T18:00:00Z,2024-06-02,18:00:00,2024-06-02,18:00:00,2024-06-02 18:00:00,1224.4897959183672,8.166666666666666,lignin,0.10599838585404,fDOM,outlier,0.08096104879164358,0.013060383179557319
MOBEAST036,T16,Coral,Table 1,2024-06-02T18:00:00Z,2024-06-02,18:00:00,2024-06-02,18:00:00,2024-06-02 18:00:00,1224.4897959183672,8.166666666666666,N_N,2.482,nutrients,not outlier,1.5345000000000002,0.2475407407407408
MOBEAST036,T16,Coral,Table 1,2024-06-02T18:00:00Z,2024-06-02,18:00:00,2024-06-02,18:00:00,2024-06-02 18:00:00,1224.4897959183672,8.166666666666666,NO2,0.08349957277,nutrients,not outlier,-0.036514600215,-0.0058904211046419755
MOBEAST036,T16,Coral,Table 1,2024-06-02T18:00:00Z,2024-06-02,18:00:00,2024-06-02,18:00:00,2024-06-02 18:00:00,1224.4897959183672,8.166666666666666,PO4,0.1183388842,nutrients,not outlier,0.03259931803499999,0.005258820028691357
MOBEAST036,T16,Coral,Table 1,2024-06-02T18:00:00Z,2024-06-02,18:00:00,2024-06-02,18:00:00,2024-06-02 18:00:00,1224.4897959183672,8.166666666666666,SiO2,0.04711783573,nutrients,not outlier,-0.061541402869999984,-0.009927666635818929
MOBEAST036,T16,Coral,Table 1,2024-06-02T18:00:00Z,2024-06-02,18:00:00,2024-06-02,18:00:00,2024-06-02 18:00:00,1224.4897959183672,8.166666666666666,NH3,5.115020918,nutrients,not outlier,4.76588162715,0.7688171184538273
MOBEAST036,T16,Coral,Table 1,2024-06-02T18:00:00Z,2024-06-02,18:00:00,2024-06-02,18:00:00,2024-06-02 18:00:00,1224.4897959183672,8.166666666666666,NO3,2.39850042723,nutrients,not outlier,1.571014600215,0.2534311618453827
MOBEAST039,T1,Algae,Table 2,2024-06-03T00:00:00Z,2024-06-03,00:00:00,2024-06-03,00:00:00,2024-06-03 00:00:00,2678.5714284,3.7333333333333334,het_bact,566.206,FCM,not outlier,75.30600000000004,5.553430123812212
MOBEAST039,T1,Algae,Table 2,2024-06-03T00:00:00Z,2024-06-03,00:00:00,2024-06-03,00:00:00,2024-06-03 00:00:00,2678.5714284,3.7333333333333334,pico_euk,0.699,FCM,not outlier,-0.01749999999999996,-0.0012905349795064595
MOBEAST039,T1,Algae,Table 2,2024-06-03T00:00:00Z,2024-06-03,00:00:00,2024-06-03,00:00:00,2024-06-03 00:00:00,2678.5714284,3.7333333333333334,syn,143.81,FCM,not outlier,-9.323500000000024,-0.687560164653059
MOBEAST039,T1,Algae,Table 2,2024-06-03T00:00:00Z,2024-06-03,00:00:00,2024-06-03,00:00:00,2024-06-03 00:00:00,2678.5714284,3.7333333333333334,pro,18.07,FCM,not outlier,-1.4720000000000013,-0.10855242799048653
MOBEAST039,T1,Algae,Table 2,2024-06-03T00:00:00Z,2024-06-03,00:00:00,2024-06-03,00:00:00,2024-06-03 00:00:00,2678.5714284,3.7333333333333334,tot_bact,728.087,FCM,not outlier,64.51199999999994,4.757428148452619
MOBEAST039,T1,Algae,Table 2,2024-06-03T00:00:00Z,2024-06-03,00:00:00,2024-06-03,00:00:00,2024-06-03 00:00:00,2678.5714284,3.7333333333333334,cyano,161.88,FCM,not outlier,-10.795500000000033,-0.7961125926435461
MOBEAST039,T1,Algae,Table 2,2024-06-03T00:00:00Z,2024-06-03,00:00:00,2024-06-03,00:00:00,2024-06-03 00:00:00,2678.5714284,3.7333333333333334,chla_conc,0.1904,chla,not outlier,0.09680000000000001,0.007138502058070033
MOBEAST039,T1,Algae,Table 2,2024-06-03T00:00:00Z,2024-06-03,00:00:00,2024-06-03,00:00:00,2024-06-03 00:00:00,2678.5714284,3.7333333333333334,npoc_u_m,158.14232309524,DOC,not outlier,-162.18871506240254,-11.960583432527836
MOBEAST039,T1,Algae,Table 2,2024-06-03T00:00:00Z,2024-06-03,00:00:00,2024-06-03,00:00:00,2024-06-03 00:00:00,2678.5714284,3.7333333333333334,tn_u_m,20.2346020118943,DOC,not outlier,8.87182562630745,0.6542515030189481
MOBEAST039,T1,Algae,Table 2,2024-06-03T00:00:00Z,2024-06-03,00:00:00,2024-06-03,00:00:00,2024-06-03 00:00:00,2678.5714284,3.7333333333333334,coble_a,0.0113059040274191,fDOM,not outlier,-0.0019449330737463001,-1.4342880939820698e-4
MOBEAST039,T1,Algae,Table 2,2024-06-03T00:00:00Z,2024-06-03,00:00:00,2024-06-03,00:00:00,2024-06-03 00:00:00,2678.5714284,3.7333333333333334,coble_b,0.114888233737167,fDOM,not outlier,0.04201708451040766,0.003098543845574871
MOBEAST039,T1,Algae,Table 2,2024-06-03T00:00:00Z,2024-06-03,00:00:00,2024-06-03,00:00:00,2024-06-03 00:00:00,2678.5714284,3.7333333333333334,coble_c,0.0112156114708627,fDOM,not outlier,0.0031084691629159403,2.2923361071201104e-4
MOBEAST039,T1,Algae,Table 2,2024-06-03T00:00:00Z,2024-06-03,00:00:00,2024-06-03,00:00:00,2024-06-03 00:00:00,2678.5714284,3.7333333333333334,coble_m,0.0148847429340257,fDOM,not outlier,-0.0012643227554211024,-9.32372995003958e-5
MOBEAST039,T1,Algae,Table 2,2024-06-03T00:00:00Z,2024-06-03,00:00:00,2024-06-03,00:00:00,2024-06-03 00:00:00,2678.5714284,3.7333333333333334,coble_t,0.12631123194226,fDOM,not outlier,-0.063511845920904,-0.004683671929940082
MOBEAST039,T1,Algae,Table 2,2024-06-03T00:00:00Z,2024-06-03,00:00:00,2024-06-03,00:00:00,2024-06-03 00:00:00,2678.5714284,3.7333333333333334,m_to_c,1.327145022159079,fDOM,not outlier,-0.7004554154439286,-0.05165498372657835
MOBEAST039,T1,Algae,Table 2,2024-06-03T00:00:00Z,2024-06-03,00:00:00,2024-06-03,00:00:00,2024-06-03 00:00:00,2678.5714284,3.7333333333333334,bix,1.05252017035395,fDOM,not outlier,-0.006824229857615993,-5.03251847968334e-4
MOBEAST039,T1,Algae,Table 2,2024-06-03T00:00:00Z,2024-06-03,00:00:00,2024-06-03,00:00:00,2024-06-03 00:00:00,2678.5714284,3.7333333333333334,hix,0.326864752974908,fDOM,not outlier,0.05522098792866653,0.004072263801419901
MOBEAST039,T1,Algae,Table 2,2024-06-03T00:00:00Z,2024-06-03,00:00:00,2024-06-03,00:00:00,2024-06-03 00:00:00,2678.5714284,3.7333333333333334,fpeak,0.0298956307611386,fDOM,not outlier,0.005512400596795208,4.065111880695151e-4
MOBEAST039,T1,Algae,Table 2,2024-06-03T00:00:00Z,2024-06-03,00:00:00,2024-06-03,00:00:00,2024-06-03 00:00:00,2678.5714284,3.7333333333333334,fi,1.60498020307518,fDOM,not outlier,-0.5773823409412353,-0.04257897757337088
MOBEAST039,T1,Algae,Table 2,2024-06-03T00:00:00Z,2024-06-03,00:00:00,2024-06-03,00:00:00,2024-06-03 00:00:00,2678.5714284,3.7333333333333334,lignin,0.0916639978185636,fDOM,not outlier,-0.022829713449813896,-0.001683573930233942
MOBEAST039,T1,Algae,Table 2,2024-06-03T00:00:00Z,2024-06-03,00:00:00,2024-06-03,00:00:00,2024-06-03 00:00:00,2678.5714284,3.7333333333333334,N_N,0.746,nutrients,not outlier,-1.0819999999999996,-0.07979193416148525
MOBEAST039,T1,Algae,Table 2,2024-06-03T00:00:00Z,2024-06-03,00:00:00,2024-06-03,00:00:00,2024-06-03 00:00:00,2678.5714284,3.7333333333333334,NO2,0.1403951807,nutrients,not outlier,-0.04122297520000001,-0.0030399823688529956
MOBEAST039,T1,Algae,Table 2,2024-06-03T00:00:00Z,2024-06-03,00:00:00,2024-06-03,00:00:00,2024-06-03 00:00:00,2678.5714284,3.7333333333333334,PO4,0.08601166293,nutrients,not outlier,-0.022899876770000008,-0.00168874811417557
MOBEAST039,T1,Algae,Table 2,2024-06-03T00:00:00Z,2024-06-03,00:00:00,2024-06-03,00:00:00,2024-06-03 00:00:00,2678.5714284,3.7333333333333334,SiO2,0.0904662446,nutrients,not outlier,-0.07444618045000001,-0.0054900228549357236
MOBEAST039,T1,Algae,Table 2,2024-06-03T00:00:00Z,2024-06-03,00:00:00,2024-06-03,00:00:00,2024-06-03 00:00:00,2678.5714284,3.7333333333333334,NH3,1.229175433,nutrients,not outlier,0.334973635,0.024702582467424582
MOBEAST039,T1,Algae,Table 2,2024-06-03T00:00:00Z,2024-06-03,00:00:00,2024-06-03,00:00:00,2024-06-03 00:00:00,2678.5714284,3.7333333333333334,NO3,0.6056048193,nutrients,not outlier,-1.0407770247999997,-0.07675195179263225
MOBEAST040,T2,CCA,Table 2,2024-06-03T00:00:00Z,2024-06-03,00:00:00,2024-06-03,00:00:00,2024-06-03 00:00:00,13953.488372093023,0.7166666666666667,het_bact,343.75,FCM,not outlier,-147.14999999999998,-2.0831111111111107
MOBEAST040,T2,CCA,Table 2,2024-06-03T00:00:00Z,2024-06-03,00:00:00,2024-06-03,00:00:00,2024-06-03 00:00:00,13953.488372093023,0.7166666666666667,pico_euk,0.433,FCM,not outlier,-0.2834999999999999,-0.004013333333333332
MOBEAST040,T2,CCA,Table 2,2024-06-03T00:00:00Z,2024-06-03,00:00:00,2024-06-03,00:00:00,2024-06-03 00:00:00,13953.488372093023,0.7166666666666667,syn,79.033,FCM,not outlier,-74.10050000000003,-1.0489947325102884
MOBEAST040,T2,CCA,Table 2,2024-06-03T00:00:00Z,2024-06-03,00:00:00,2024-06-03,00:00:00,2024-06-03 00:00:00,13953.488372093023,0.7166666666666667,pro,12.05,FCM,not outlier,-7.492000000000001,-0.10605958847736627
MOBEAST040,T2,CCA,Table 2,2024-06-03T00:00:00Z,2024-06-03,00:00:00,2024-06-03,00:00:00,2024-06-03 00:00:00,13953.488372093023,0.7166666666666667,tot_bact,434.833,FCM,not outlier,-228.74200000000002,-3.238158353909465
MOBEAST040,T2,CCA,Table 2,2024-06-03T00:00:00Z,2024-06-03,00:00:00,2024-06-03,00:00:00,2024-06-03 00:00:00,13953.488372093023,0.7166666666666667,cyano,91.08299999999996,FCM,not outlier,-81.59250000000007,-1.1550543209876554
MOBEAST040,T2,CCA,Table 2,2024-06-03T00:00:00Z,2024-06-03,00:00:00,2024-06-03,00:00:00,2024-06-03 00:00:00,13953.488372093023,0.7166666666666667,chla_conc,0.0836,chla,not outlier,-0.010000000000000009,-1.4156378600823057e-4
MOBEAST040,T2,CCA,Table 2,2024-06-03T00:00:00Z,2024-06-03,00:00:00,2024-06-03,00:00:00,2024-06-03 00:00:00,13953.488372093023,0.7166666666666667,npoc_u_m,355.050080345026,DOC,outlier,34.71904218738348,0.491495905862548
MOBEAST040,T2,CCA,Table 2,2024-06-03T00:00:00Z,2024-06-03,00:00:00,2024-06-03,00:00:00,2024-06-03 00:00:00,13953.488372093023,0.7166666666666667,tn_u_m,12.0799331748378,DOC,not outlier,0.71715678925095006,0.010152343024787111
MOBEAST040,T2,CCA,Table 2,2024-06-03T00:00:00Z,2024-06-03,00:00:00,2024-06-03,00:00:00,2024-06-03 00:00:00,13953.488372093023,0.7166666666666667,coble_a,0.0126754908547336,fDOM,not outlier,-5.753462464318012e-4,-8.144819291051013e-6
MOBEAST040,T2,CCA,Table 2,2024-06-03T00:00:00Z,2024-06-03,00:00:00,2024-06-03,00:00:00,2024-06-03 00:00:00,13953.488372093023,0.7166666666666667,coble_b,0.0814580515017532,fDOM,not outlier,0.0085869022749938545,1.2155943961308172e-4
MOBEAST040,T2,CCA,Table 2,2024-06-03T00:00:00Z,2024-06-03,00:00:00,2024-06-03,00:00:00,2024-06-03 00:00:00,13953.488372093023,0.7166666666666667,coble_c,0.0121593034526263,fDOM,not outlier,0.004052161144679541,5.736392731562807e-5
MOBEAST040,T2,CCA,Table 2,2024-06-03T00:00:00Z,2024-06-03,00:00:00,2024-06-03,00:00:00,2024-06-03 00:00:00,13953.488372093023,0.7166666666666667,coble_m,0.0147644441395175,fDOM,not outlier,-0.0013846215499293026,-1.9601226879657616e-5
MOBEAST040,T2,CCA,Table 2,2024-06-03T00:00:00Z,2024-06-03,00:00:00,2024-06-03,00:00:00,2024-06-03 00:00:00,13953.488372093023,0.7166666666666667,coble_t,0.131338636586588,fDOM,not outlier,-0.05848444127657598,-8.279278929688123e-4
MOBEAST040,T2,CCA,Table 2,2024-06-03T00:00:00Z,2024-06-03,00:00:00,2024-06-03,00:00:00,2024-06-03 00:00:00,13953.488372093023,0.7166666666666667,m_to_c,1.2142508160143426,fDOM,not outlier,-0.8133496215886651,-0.011514085178045301
MOBEAST040,T2,CCA,Table 2,2024-06-03T00:00:00Z,2024-06-03,00:00:00,2024-06-03,00:00:00,2024-06-03 00:00:00,13953.488372093023,0.7166666666666667,bix,0.966675498602493,fDOM,not outlier,-0.09266890160907293,-0.0013118560557004563
MOBEAST040,T2,CCA,Table 2,2024-06-03T00:00:00Z,2024-06-03,00:00:00,2024-06-03,00:00:00,2024-06-03 00:00:00,13953.488372093023,0.7166666666666667,hix,0.360395964542177,fDOM,not outlier,0.08875219949593549,0.001256409737720239
MOBEAST040,T2,CCA,Table 2,2024-06-03T00:00:00Z,2024-06-03,00:00:00,2024-06-03,00:00:00,2024-06-03 00:00:00,13953.488372093023,0.7166666666666667,fpeak,0.00677633767039729,fDOM,not outlier,-0.017606892493946102,-2.492498361282905e-4
MOBEAST040,T2,CCA,Table 2,2024-06-03T00:00:00Z,2024-06-03,00:00:00,2024-06-03,00:00:00,2024-06-03 00:00:00,13953.488372093023,0.7166666666666667,fi,1.77338147456372,fDOM,not outlier,-0.4089810694526954,-0.005789690859741861
MOBEAST040,T2,CCA,Table 2,2024-06-03T00:00:00Z,2024-06-03,00:00:00,2024-06-03,00:00:00,2024-06-03 00:00:00,13953.488372093023,0.7166666666666667,lignin,0.101937689336571,fDOM,outlier,-0.012556021931806494,-1.7774780018689026e-4
MOBEAST040,T2,CCA,Table 2,2024-06-03T00:00:00Z,2024-06-03,00:00:00,2024-06-03,00:00:00,2024-06-03 00:00:00,13953.488372093023,0.7166666666666667,N_N,1.07,nutrients,not outlier,-0.7579999999999996,-0.010730534979423861
MOBEAST040,T2,CCA,Table 2,2024-06-03T00:00:00Z,2024-06-03,00:00:00,2024-06-03,00:00:00,2024-06-03 00:00:00,13953.488372093023,0.7166666666666667,NO2,0.1037818034,nutrients,not outlier,-0.07783635250000003,-0.0011018808748971198
MOBEAST040,T2,CCA,Table 2,2024-06-03T00:00:00Z,2024-06-03,00:00:00,2024-06-03,00:00:00,2024-06-03 00:00:00,13953.488372093023,0.7166666666666667,PO4,0.1237210409,nutrients,not outlier,0.014809501199999991,2.0964890587654307e-4
MOBEAST040,T2,CCA,Table 2,2024-06-03T00:00:00Z,2024-06-03,00:00:00,2024-06-03,00:00:00,2024-06-03 00:00:00,13953.488372093023,0.7166666666666667,SiO2,0.01,nutrients,not outlier,-0.15491242505,-0.002192998938979424
MOBEAST040,T2,CCA,Table 2,2024-06-03T00:00:00Z,2024-06-03,00:00:00,2024-06-03,00:00:00,2024-06-03 00:00:00,13953.488372093023,0.7166666666666667,NH3,0.8137055613,nutrients,not outlier,-0.08049623669999995,-0.001139535202666666
MOBEAST040,T2,CCA,Table 2,2024-06-03T00:00:00Z,2024-06-03,00:00:00,2024-06-03,00:00:00,2024-06-03 00:00:00,13953.488372093023,0.7166666666666667,NO3,0.9662181966,nutrients,not outlier,-0.6801636474999998,-0.009628654104526745
MOBEAST041,T3,Control,Table 2,2024-06-03T00:00:00Z,2024-06-03,00:00:00,2024-06-03,00:00:00,2024-06-03 00:00:00,2999.9999999999995,3.3333333333333335,het_bact,482.65,FCM,not outlier,-8.25,-0.5432098765432098
MOBEAST041,T3,Control,Table 2,2024-06-03T00:00:00Z,2024-06-03,00:00:00,2024-06-03,00:00:00,2024-06-03 00:00:00,2999.9999999999995,3.3333333333333335,pico_euk,0.883,FCM,not outlier,0.1665000000000001,0.01096296296296297
MOBEAST041,T3,Control,Table 2,2024-06-03T00:00:00Z,2024-06-03,00:00:00,2024-06-03,00:00:00,2024-06-03 00:00:00,2999.9999999999995,3.3333333333333335,syn,141.333,FCM,not outlier,-11.800500000000028,-0.7769876543209895
MOBEAST041,T3,Control,Table 2,2024-06-03T00:00:00Z,2024-06-03,00:00:00,2024-06-03,00:00:00,2024-06-03 00:00:00,2999.9999999999995,3.3333333333333335,pro,21.217,FCM,not outlier,1.6749999999999972,0.1102880658436212
MOBEAST041,T3,Control,Table 2,2024-06-03T00:00:00Z,2024-06-03,00:00:00,2024-06-03,00:00:00,2024-06-03 00:00:00,2999.9999999999995,3.3333333333333335,tot_bact,645.2,FCM,not outlier,-18.375,-1.2098765432098766
MOBEAST041,T3,Control,Table 2,2024-06-03T00:00:00Z,2024-06-03,00:00:00,2024-06-03,00:00:00,2024-06-03 00:00:00,2999.9999999999995,3.3333333333333335,cyano,162.55000000000007,FCM,not outlier,-10.12549999999996,-0.6666995884773637
MOBEAST041,T3,Control,Table 2,2024-06-03T00:00:00Z,2024-06-03,00:00:00,2024-06-03,00:00:00,2024-06-03 00:00:00,2999.9999999999995,3.3333333333333335,chla_conc,0.0712,chla,not outlier,-0.022400000000000003,-0.001474897119341564
MOBEAST041,T3,Control,Table 2,2024-06-03T00:00:00Z,2024-06-03,00:00:00,2024-06-03,00:00:00,2024-06-03 00:00:00,2999.9999999999995,3.3333333333333335,npoc_u_m,336.816338764602,DOC,outlier,16.48530060695947,1.0854518918162614
MOBEAST041,T3,Control,Table 2,2024-06-03T00:00:00Z,2024-06-03,00:00:00,2024-06-03,00:00:00,2024-06-03 00:00:00,2999.9999999999995,3.3333333333333335,tn_u_m,12.9523727930205,DOC,not outlier,1.5895964074336497,0.10466478402855307
MOBEAST041,T3,Control,Table 2,2024-06-03T00:00:00Z,2024-06-03,00:00:00,2024-06-03,00:00:00,2024-06-03 00:00:00,2999.9999999999995,3.3333333333333335,coble_a,0.0126071041367188,fDOM,not outlier,-6.437329644466e-4,-4.238570959319177e-5
MOBEAST041,T3,Control,Table 2,2024-06-03T00:00:00Z,2024-06-03,00:00:00,2024-06-03,00:00:00,2024-06-03 00:00:00,2999.9999999999995,3.3333333333333335,coble_b,0.0869774101817144,fDOM,not outlier,0.014106260954955055,9.28807305676053e-4
MOBEAST041,T3,Control,Table 2,2024-06-03T00:00:00Z,2024-06-03,00:00:00,2024-06-03,00:00:00,2024-06-03 00:00:00,2999.9999999999995,3.3333333333333335,coble_c,0.0105828289406039,fDOM,not outlier,0.0024756866326571397,1.6300817334367998e-4
MOBEAST041,T3,Control,Table 2,2024-06-03T00:00:00Z,2024-06-03,00:00:00,2024-06-03,00:00:00,2024-06-03 00:00:00,2999.9999999999995,3.3333333333333335,coble_m,0.017219505441266,fDOM,not outlier,0.0010704397518191966,7.048162974941213e-5
MOBEAST041,T3,Control,Table 2,2024-06-03T00:00:00Z,2024-06-03,00:00:00,2024-06-03,00:00:00,2024-06-03 00:00:00,2999.9999999999995,3.3333333333333335,coble_t,0.217208526353525,fDOM,outlier,0.02738544849036101,0.0018031571022459924
MOBEAST041,T3,Control,Table 2,2024-06-03T00:00:00Z,2024-06-03,00:00:00,2024-06-03,00:00:00,2024-06-03 00:00:00,2999.9999999999995,3.3333333333333335,m_to_c,1.6271174312568435,fDOM,not outlier,-0.4004830063461642,-0.026369251446661014
MOBEAST041,T3,Control,Table 2,2024-06-03T00:00:00Z,2024-06-03,00:00:00,2024-06-03,00:00:00,2024-06-03 00:00:00,2999.9999999999995,3.3333333333333335,bix,1.14541676255448,fDOM,not outlier,0.08607236234291404,0.005667316039039608
MOBEAST041,T3,Control,Table 2,2024-06-03T00:00:00Z,2024-06-03,00:00:00,2024-06-03,00:00:00,2024-06-03 00:00:00,2999.9999999999995,3.3333333333333335,hix,0.254072774331337,fDOM,not outlier,-0.017570990714904478,-0.0011569376602406241
MOBEAST041,T3,Control,Table 2,2024-06-03T00:00:00Z,2024-06-03,00:00:00,2024-06-03,00:00:00,2024-06-03 00:00:00,2999.9999999999995,3.3333333333333335,fpeak,0.0605038728867394,fDOM,not outlier,0.036120642722396006,0.002378313924108379
MOBEAST041,T3,Control,Table 2,2024-06-03T00:00:00Z,2024-06-03,00:00:00,2024-06-03,00:00:00,2024-06-03 00:00:00,2999.9999999999995,3.3333333333333335,fi,1.90381481269911,fDOM,not outlier,-0.2785477313173055,-0.01834059136245633
MOBEAST041,T3,Control,Table 2,2024-06-03T00:00:00Z,2024-06-03,00:00:00,2024-06-03,00:00:00,2024-06-03 00:00:00,2999.9999999999995,3.3333333333333335,lignin,0.13246700598452,fDOM,outlier,0.017973294716142493,0.0011834268125855139
MOBEAST041,T3,Control,Table 2,2024-06-03T00:00:00Z,2024-06-03,00:00:00,2024-06-03,00:00:00,2024-06-03 00:00:00,2999.9999999999995,3.3333333333333335,N_N,2.291,nutrients,not outlier,0.4630000000000003,0.030485596707818946
MOBEAST041,T3,Control,Table 2,2024-06-03T00:00:00Z,2024-06-03,00:00:00,2024-06-03,00:00:00,2024-06-03 00:00:00,2999.9999999999995,3.3333333333333335,NO2,0.2416087796,nutrients,not outlier,0.05999062369999997,0.00394999991440329
MOBEAST041,T3,Control,Table 2,2024-06-03T00:00:00Z,2024-06-03,00:00:00,2024-06-03,00:00:00,2024-06-03 00:00:00,2999.9999999999995,3.3333333333333335,PO4,0.1219384157,nutrients,not outlier,0.013026875999999993,8.577366913580242e-4
MOBEAST041,T3,Control,Table 2,2024-06-03T00:00:00Z,2024-06-03,00:00:00,2024-06-03,00:00:00,2024-06-03 00:00:00,2999.9999999999995,3.3333333333333335,SiO2,0.3034388621,nutrients,not outlier,0.13852643704999998,0.009121082274897118
MOBEAST041,T3,Control,Table 2,2024-06-03T00:00:00Z,2024-06-03,00:00:00,2024-06-03,00:00:00,2024-06-03 00:00:00,2999.9999999999995,3.3333333333333335,NH3,6.178327865,nutrients,not outlier,5.284126067,0.34792599618106995
MOBEAST041,T3,Control,Table 2,2024-06-03T00:00:00Z,2024-06-03,00:00:00,2024-06-03,00:00:00,2024-06-03 00:00:00,2999.9999999999995,3.3333333333333335,NO3,2.0493912204,nutrients,not outlier,0.4030093763000002,0.02653559679341565
MOBEAST042,T4,Algae,Table 2,2024-06-03T00:00:00Z,2024-06-03,00:00:00,2024-06-03,00:00:00,2024-06-03 00:00:00,2510.460251046025,3.9833333333333334,het_bact,578.15,FCM,not outlier,87.25,6.865102880658436
MOBEAST042,T4,Algae,Table 2,2024-06-03T00:00:00Z,2024-06-03,00:00:00,2024-06-03,00:00:00,2024-06-03 00:00:00,2510.460251046025,3.9833333333333334,pico_euk,0.833,FCM,not outlier,0.11650000000000005,0.00916658436213992
MOBEAST042,T4,Algae,Table 2,2024-06-03T00:00:00Z,2024-06-03,00:00:00,2024-06-03,00:00:00,2024-06-03 00:00:00,2510.460251046025,3.9833333333333334,syn,142.983,FCM,not outlier,-10.150500000000022,-0.7986730864197548
MOBEAST042,T4,Algae,Table 2,2024-06-03T00:00:00Z,2024-06-03,00:00:00,2024-06-03,00:00:00,2024-06-03 00:00:00,2510.460251046025,3.9833333333333334,pro,17.65,FCM,not outlier,-1.892000000000003,-0.1488684773662554
MOBEAST042,T4,Algae,Table 2,2024-06-03T00:00:00Z,2024-06-03,00:00:00,2024-06-03,00:00:00,2024-06-03 00:00:00,2510.460251046025,3.9833333333333334,tot_bact,738.783,FCM,not outlier,75.20799999999997,5.9176006584362115
MOBEAST042,T4,Algae,Table 2,2024-06-03T00:00:00Z,2024-06-03,00:00:00,2024-06-03,00:00:00,2024-06-03 00:00:00,2510.460251046025,3.9833333333333334,cyano,160.63300000000004,FCM,not outlier,-12.04249999999999,-0.9475415637860074
MOBEAST042,T4,Algae,Table 2,2024-06-03T00:00:00Z,2024-06-03,00:00:00,2024-06-03,00:00:00,2024-06-03 00:00:00,2510.460251046025,3.9833333333333334,chla_conc,0.0312,chla,not outlier,-0.062400000000000004,-0.004909827160493827
MOBEAST042,T4,Algae,Table 2,2024-06-03T00:00:00Z,2024-06-03,00:00:00,2024-06-03,00:00:00,2024-06-03 00:00:00,2510.460251046025,3.9833333333333334,npoc_u_m,108.686421274364,DOC,not outlier,-211.64461688327853,-16.652860390157553
MOBEAST042,T4,Algae,Table 2,2024-06-03T00:00:00Z,2024-06-03,00:00:00,2024-06-03,00:00:00,2024-06-03 00:00:00,2510.460251046025,3.9833333333333334,tn_u_m,10.1737025851914,DOC,not outlier,-1.18907380039545,-0.09356004552905763
MOBEAST042,T4,Algae,Table 2,2024-06-03T00:00:00Z,2024-06-03,00:00:00,2024-06-03,00:00:00,2024-06-03 00:00:00,2510.460251046025,3.9833333333333334,coble_a,0.0149262566994344,fDOM,not outlier,0.0016754195982689995,1.3182725398725625e-4
MOBEAST042,T4,Algae,Table 2,2024-06-03T00:00:00Z,2024-06-03,00:00:00,2024-06-03,00:00:00,2024-06-03 00:00:00,2510.460251046025,3.9833333333333334,coble_b,0.087451604921005,fDOM,not outlier,0.014580455694245653,0.0011472358554484646
MOBEAST042,T4,Algae,Table 2,2024-06-03T00:00:00Z,2024-06-03,00:00:00,2024-06-03,00:00:00,2024-06-03 00:00:00,2510.460251046025,3.9833333333333334,coble_c,0.0136141916735358,fDOM,not outlier,0.00550704936558904,4.333118677780347e-4
MOBEAST042,T4,Algae,Table 2,2024-06-03T00:00:00Z,2024-06-03,00:00:00,2024-06-03,00:00:00,2024-06-03 00:00:00,2510.460251046025,3.9833333333333334,coble_m,0.0187915309736933,fDOM,not outlier,0.002642465284246498,2.0791743306499192e-4
MOBEAST042,T4,Algae,Table 2,2024-06-03T00:00:00Z,2024-06-03,00:00:00,2024-06-03,00:00:00,2024-06-03 00:00:00,2510.460251046025,3.9833333333333334,coble_t,0.111917214862574,fDOM,not outlier,-0.07790586300058999,-0.006129876957083459
MOBEAST042,T4,Algae,Table 2,2024-06-03T00:00:00Z,2024-06-03,00:00:00,2024-06-03,00:00:00,2024-06-03 00:00:00,2510.460251046025,3.9833333333333334,m_to_c,1.380289878702205,fDOM,not outlier,-0.6473105589008026,-0.05093241928470512
MOBEAST042,T4,Algae,Table 2,2024-06-03T00:00:00Z,2024-06-03,00:00:00,2024-06-03,00:00:00,2024-06-03 00:00:00,2510.460251046025,3.9833333333333334,bix,0.856769673677748,fDOM,not outlier,-0.20257472653381792,-0.01593921305072674
MOBEAST042,T4,Algae,Table 2,2024-06-03T00:00:00Z,2024-06-03,00:00:00,2024-06-03,00:00:00,2024-06-03 00:00:00,2510.460251046025,3.9833333333333334,hix,0.432784934398711,fDOM,not outlier,0.16114116935246953,0.01267909118526427
MOBEAST042,T4,Algae,Table 2,2024-06-03T00:00:00Z,2024-06-03,00:00:00,2024-06-03,00:00:00,2024-06-03 00:00:00,2510.460251046025,3.9833333333333334,fpeak,0.037097364555353,fDOM,not outlier,0.012714134391009609,0.0010003878582555707
MOBEAST042,T4,Algae,Table 2,2024-06-03T00:00:00Z,2024-06-03,00:00:00,2024-06-03,00:00:00,2024-06-03 00:00:00,2510.460251046025,3.9833333333333334,fi,1.79101587634539,fDOM,not outlier,-0.39134666767102533,-0.030792379777242813
MOBEAST042,T4,Algae,Table 2,2024-06-03T00:00:00Z,2024-06-03,00:00:00,2024-06-03,00:00:00,2024-06-03 00:00:00,2510.460251046025,3.9833333333333334,lignin,0.059382487151877,fDOM,not outlier,-0.0551112241165005,-0.004336323477808599
MOBEAST042,T4,Algae,Table 2,2024-06-03T00:00:00Z,2024-06-03,00:00:00,2024-06-03,00:00:00,2024-06-03 00:00:00,2510.460251046025,3.9833333333333334,N_N,0.911,nutrients,not outlier,-0.9169999999999996,-0.07215242798353906
MOBEAST042,T4,Algae,Table 2,2024-06-03T00:00:00Z,2024-06-03,00:00:00,2024-06-03,00:00:00,2024-06-03 00:00:00,2510.460251046025,3.9833333333333334,NO2,0.07460963402,nutrients,not outlier,-0.10700852188000003,-0.008419765178376956
MOBEAST042,T4,Algae,Table 2,2024-06-03T00:00:00Z,2024-06-03,00:00:00,2024-06-03,00:00:00,2024-06-03 00:00:00,2510.460251046025,3.9833333333333334,PO4,0.1474436677,nutrients,not outlier,0.038532128,0.0030318283430452674
MOBEAST042,T4,Algae,Table 2,2024-06-03T00:00:00Z,2024-06-03,00:00:00,2024-06-03,00:00:00,2024-06-03 00:00:00,2510.460251046025,3.9833333333333334,SiO2,0.2563210264,nutrients,not outlier,0.09140860134999998,0.007192314641201644
MOBEAST042,T4,Algae,Table 2,2024-06-03T00:00:00Z,2024-06-03,00:00:00,2024-06-03,00:00:00,2024-06-03 00:00:00,2510.460251046025,3.9833333333333334,NH3,0.7314018373,nutrients,not outlier,-0.16279996070000002,-0.012809610076477367
MOBEAST042,T4,Algae,Table 2,2024-06-03T00:00:00Z,2024-06-03,00:00:00,2024-06-03,00:00:00,2024-06-03 00:00:00,2510.460251046025,3.9833333333333334,NO3,0.83639036598,nutrients,not outlier,-0.8099914781199997,-0.06373266280516211
MOBEAST043,T5,CCA,Table 2,2024-06-03T00:00:00Z,2024-06-03,00:00:00,2024-06-03,00:00:00,2024-06-03 00:00:00,3750.0000000000005,2.6666666666666665,het_bact,458.667,FCM,not outlier,-32.233000000000004,-1.6978699588477366
MOBEAST043,T5,CCA,Table 2,2024-06-03T00:00:00Z,2024-06-03,00:00:00,2024-06-03,00:00:00,2024-06-03 00:00:00,3750.0000000000005,2.6666666666666665,pico_euk,0.7,FCM,not outlier,-0.01649999999999996,-8.691358024691335e-4
MOBEAST043,T5,CCA,Table 2,2024-06-03T00:00:00Z,2024-06-03,00:00:00,2024-06-03,00:00:00,2024-06-03 00:00:00,3750.0000000000005,2.6666666666666665,syn,121.317,FCM,not outlier,-31.816500000000033,-1.6759308641975321
MOBEAST043,T5,CCA,Table 2,2024-06-03T00:00:00Z,2024-06-03,00:00:00,2024-06-03,00:00:00,2024-06-03 00:00:00,3750.0000000000005,2.6666666666666665,pro,17.15,FCM,not outlier,-2.392000000000003,-0.12599835390946515
MOBEAST043,T5,CCA,Table 2,2024-06-03T00:00:00Z,2024-06-03,00:00:00,2024-06-03,00:00:00,2024-06-03 00:00:00,3750.0000000000005,2.6666666666666665,tot_bact,597.133,FCM,not outlier,-66.44200000000001,-3.499825514403292
MOBEAST043,T5,CCA,Table 2,2024-06-03T00:00:00Z,2024-06-03,00:00:00,2024-06-03,00:00:00,2024-06-03 00:00:00,3750.0000000000005,2.6666666666666665,cyano,138.46700000000004,FCM,not outlier,-34.20849999999999,-1.8019292181069948
MOBEAST043,T5,CCA,Table 2,2024-06-03T00:00:00Z,2024-06-03,00:00:00,2024-06-03,00:00:00,2024-06-03 00:00:00,3750.0000000000005,2.6666666666666665,chla_conc,0.0404,chla,not outlier,-0.053200000000000004,-0.002802304526748971
MOBEAST043,T5,CCA,Table 2,2024-06-03T00:00:00Z,2024-06-03,00:00:00,2024-06-03,00:00:00,2024-06-03 00:00:00,3750.0000000000005,2.6666666666666665,npoc_u_m,311.422315102367,DOC,outlier,-8.908723055275516,-0.469266070401344
MOBEAST043,T5,CCA,Table 2,2024-06-03T00:00:00Z,2024-06-03,00:00:00,2024-06-03,00:00:00,2024-06-03 00:00:00,3750.0000000000005,2.6666666666666665,tn_u_m,11.3024481141168,DOC,not outlier,-0.060328271470050154,-0.0031777854930726004
MOBEAST043,T5,CCA,Table 2,2024-06-03T00:00:00Z,2024-06-03,00:00:00,2024-06-03,00:00:00,2024-06-03 00:00:00,3750.0000000000005,2.6666666666666665,coble_a,0.0145856502432898,fDOM,not outlier,0.0013348131421243997,7.031114493494779e-5
MOBEAST043,T5,CCA,Table 2,2024-06-03T00:00:00Z,2024-06-03,00:00:00,2024-06-03,00:00:00,2024-06-03 00:00:00,3750.0000000000005,2.6666666666666665,coble_b,0.144604532576335,fDOM,outlier,0.07173338334957564,0.0037785485879611854
MOBEAST043,T5,CCA,Table 2,2024-06-03T00:00:00Z,2024-06-03,00:00:00,2024-06-03,00:00:00,2024-06-03 00:00:00,3750.0000000000005,2.6666666666666665,coble_c,0.0115766887264242,fDOM,not outlier,0.0034695464184774406,1.8275800064407915e-4
MOBEAST043,T5,CCA,Table 2,2024-06-03T00:00:00Z,2024-06-03,00:00:00,2024-06-03,00:00:00,2024-06-03 00:00:00,3750.0000000000005,2.6666666666666665,coble_m,0.0172277047062783,fDOM,not outlier,0.0010786390168314973,5.6817199240506846e-5
MOBEAST043,T5,CCA,Table 2,2024-06-03T00:00:00Z,2024-06-03,00:00:00,2024-06-03,00:00:00,2024-06-03 00:00:00,3750.0000000000005,2.6666666666666665,coble_t,0.13005688200531,fDOM,not outlier,-0.059766195857854004,-0.0031481782180268775
MOBEAST043,T5,CCA,Table 2,2024-06-03T00:00:00Z,2024-06-03,00:00:00,2024-06-03,00:00:00,2024-06-03 00:00:00,3750.0000000000005,2.6666666666666665,m_to_c,1.4881375074856644,fDOM,not outlier,-0.5394629301173433,-0.028416154343629603
MOBEAST043,T5,CCA,Table 2,2024-06-03T00:00:00Z,2024-06-03,00:00:00,2024-06-03,00:00:00,2024-06-03 00:00:00,3750.0000000000005,2.6666666666666665,bix,0.891804744197132,fDOM,not outlier,-0.167539656014434,-0.008825134143970185
MOBEAST043,T5,CCA,Table 2,2024-06-03T00:00:00Z,2024-06-03,00:00:00,2024-06-03,00:00:00,2024-06-03 00:00:00,3750.0000000000005,2.6666666666666665,hix,0.351829015797943,fDOM,not outlier,0.08018525075170152,0.004223749833834483
MOBEAST043,T5,CCA,Table 2,2024-06-03T00:00:00Z,2024-06-03,00:00:00,2024-06-03,00:00:00,2024-06-03 00:00:00,3750.0000000000005,2.6666666666666665,fpeak,0.0119176014554204,fDOM,not outlier,-0.012465628708922993,-6.566257097704292e-4
MOBEAST043,T5,CCA,Table 2,2024-06-03T00:00:00Z,2024-06-03,00:00:00,2024-06-03,00:00:00,2024-06-03 00:00:00,3750.0000000000005,2.6666666666666665,fi,1.82588542342665,fDOM,not outlier,-0.35647712058976544,-0.018777395652465008
MOBEAST043,T5,CCA,Table 2,2024-06-03T00:00:00Z,2024-06-03,00:00:00,2024-06-03,00:00:00,2024-06-03 00:00:00,3750.0000000000005,2.6666666666666665,lignin,0.0596422713854745,fDOM,not outlier,-0.054851439882902996,-0.0028892939526796637
MOBEAST043,T5,CCA,Table 2,2024-06-03T00:00:00Z,2024-06-03,00:00:00,2024-06-03,00:00:00,2024-06-03 00:00:00,3750.0000000000005,2.6666666666666665,N_N,1.108,nutrients,not outlier,-0.7199999999999995,-0.0379259259259259
MOBEAST043,T5,CCA,Table 2,2024-06-03T00:00:00Z,2024-06-03,00:00:00,2024-06-03,00:00:00,2024-06-03 00:00:00,3750.0000000000005,2.6666666666666665,NO2,0.185766794,nutrients,not outlier,0.0041486380999999906,2.1852908510288014e-4
MOBEAST043,T5,CCA,Table 2,2024-06-03T00:00:00Z,2024-06-03,00:00:00,2024-06-03,00:00:00,2024-06-03 00:00:00,3750.0000000000005,2.6666666666666665,PO4,0.077,nutrients,not outlier,-0.031911539700000005,-0.001680937070617284
MOBEAST043,T5,CCA,Table 2,2024-06-03T00:00:00Z,2024-06-03,00:00:00,2024-06-03,00:00:00,2024-06-03 00:00:00,3750.0000000000005,2.6666666666666665,SiO2,0.04900254916,nutrients,not outlier,-0.11590987589000001,-0.006105540787621399
MOBEAST043,T5,CCA,Table 2,2024-06-03T00:00:00Z,2024-06-03,00:00:00,2024-06-03,00:00:00,2024-06-03 00:00:00,3750.0000000000005,2.6666666666666665,NH3,2.264655482,nutrients,not outlier,1.3704536840000001,0.07218850681152263
MOBEAST043,T5,CCA,Table 2,2024-06-03T00:00:00Z,2024-06-03,00:00:00,2024-06-03,00:00:00,2024-06-03 00:00:00,3750.0000000000005,2.6666666666666665,NO3,0.922233206,nutrients,not outlier,-0.7241486380999997,-0.03814445501102879
MOBEAST044,T6,Coral,Table 2,2024-06-03T00:00:00Z,2024-06-03,00:00:00,2024-06-03,00:00:00,2024-06-03 00:00:00,3092.783505154639,3.2333333333333334,het_bact,419.867,FCM,not outlier,-71.03299999999996,-4.536757860082302
MOBEAST044,T6,Coral,Table 2,2024-06-03T00:00:00Z,2024-06-03,00:00:00,2024-06-03,00:00:00,2024-06-03 00:00:00,3092.783505154639,3.2333333333333334,pico_euk,0.483,FCM,not outlier,-0.23349999999999993,-0.01491325102880658
MOBEAST044,T6,Coral,Table 2,2024-06-03T00:00:00Z,2024-06-03,00:00:00,2024-06-03,00:00:00,2024-06-03 00:00:00,3092.783505154639,3.2333333333333334,syn,108.117,FCM,not outlier,-45.01650000000002,-2.875127901234569
MOBEAST044,T6,Coral,Table 2,2024-06-03T00:00:00Z,2024-06-03,00:00:00,2024-06-03,00:00:00,2024-06-03 00:00:00,3092.783505154639,3.2333333333333334,pro,16.017,FCM,not outlier,-3.525000000000002,-0.22513580246913595
MOBEAST044,T6,Coral,Table 2,2024-06-03T00:00:00Z,2024-06-03,00:00:00,2024-06-03,00:00:00,2024-06-03 00:00:00,3092.783505154639,3.2333333333333334,tot_bact,544,FCM,not outlier,-119.57500000000005,-7.63705349794239
MOBEAST044,T6,Coral,Table 2,2024-06-03T00:00:00Z,2024-06-03,00:00:00,2024-06-03,00:00:00,2024-06-03 00:00:00,3092.783505154639,3.2333333333333334,cyano,124.13399999999996,FCM,not outlier,-48.54150000000007,-3.100263703703708
MOBEAST044,T6,Coral,Table 2,2024-06-03T00:00:00Z,2024-06-03,00:00:00,2024-06-03,00:00:00,2024-06-03 00:00:00,3092.783505154639,3.2333333333333334,chla_conc,0.0416,chla,not outlier,-0.052000000000000005,-0.003321152263374486
MOBEAST044,T6,Coral,Table 2,2024-06-03T00:00:00Z,2024-06-03,00:00:00,2024-06-03,00:00:00,2024-06-03 00:00:00,3092.783505154639,3.2333333333333334,npoc_u_m,94.8654116745902,DOC,not outlier,-225.46562648305232,-14.400109148217991
MOBEAST044,T6,Coral,Table 2,2024-06-03T00:00:00Z,2024-06-03,00:00:00,2024-06-03,00:00:00,2024-06-03 00:00:00,3092.783505154639,3.2333333333333334,tn_u_m,10.3771766368952,DOC,not outlier,-0.9855997486916497,-0.06294859300285763
MOBEAST044,T6,Coral,Table 2,2024-06-03T00:00:00Z,2024-06-03,00:00:00,2024-06-03,00:00:00,2024-06-03 00:00:00,3092.783505154639,3.2333333333333334,coble_a,0.0146201705608244,fDOM,not outlier,0.0013693334596590005,8.7457017670402e-5
MOBEAST044,T6,Coral,Table 2,2024-06-03T00:00:00Z,2024-06-03,00:00:00,2024-06-03,00:00:00,2024-06-03 00:00:00,3092.783505154639,3.2333333333333334,coble_b,0.131089540921486,fDOM,not outlier,0.05821839169472666,0.003718310448980073
MOBEAST044,T6,Coral,Table 2,2024-06-03T00:00:00Z,2024-06-03,00:00:00,2024-06-03,00:00:00,2024-06-03 00:00:00,3092.783505154639,3.2333333333333334,coble_c,0.0115079642372025,fDOM,not outlier,0.00340082192925574,2.172047586092555e-4
MOBEAST044,T6,Coral,Table 2,2024-06-03T00:00:00Z,2024-06-03,00:00:00,2024-06-03,00:00:00,2024-06-03 00:00:00,3092.783505154639,3.2333333333333334,coble_m,0.0186099496839187,fDOM,not outlier,0.0024608839944718977,1.5717250861812284e-4
MOBEAST044,T6,Coral,Table 2,2024-06-03T00:00:00Z,2024-06-03,00:00:00,2024-06-03,00:00:00,2024-06-03 00:00:00,3092.783505154639,3.2333333333333334,coble_t,0.116530510540846,fDOM,not outlier,-0.073292567322318,-0.004681072612520063
MOBEAST044,T6,Coral,Table 2,2024-06-03T00:00:00Z,2024-06-03,00:00:00,2024-06-03,00:00:00,2024-06-03 00:00:00,3092.783505154639,3.2333333333333334,m_to_c,1.6171365586762234,fDOM,not outlier,-0.41046387892678426,-0.026215635394830007
MOBEAST044,T6,Coral,Table 2,2024-06-03T00:00:00Z,2024-06-03,00:00:00,2024-06-03,00:00:00,2024-06-03 00:00:00,3092.783505154639,3.2333333333333334,bix,0.87832656234717,fDOM,not outlier,-0.18101783786439596,-0.01156130388335566
MOBEAST044,T6,Coral,Table 2,2024-06-03T00:00:00Z,2024-06-03,00:00:00,2024-06-03,00:00:00,2024-06-03 00:00:00,3092.783505154639,3.2333333333333334,hix,0.374468455839693,fDOM,not outlier,0.10282469079345152,0.006567239510758716
MOBEAST044,T6,Coral,Table 2,2024-06-03T00:00:00Z,2024-06-03,00:00:00,2024-06-03,00:00:00,2024-06-03 00:00:00,3092.783505154639,3.2333333333333334,fpeak,0.0136270460412275,fDOM,not outlier,-0.010756184123115893,-6.869793316492126e-4
MOBEAST044,T6,Coral,Table 2,2024-06-03T00:00:00Z,2024-06-03,00:00:00,2024-06-03,00:00:00,2024-06-03 00:00:00,3092.783505154639,3.2333333333333334,fi,1.91481054382771,fDOM,not outlier,-0.2675520001887053,-0.017088094826867104
MOBEAST044,T6,Coral,Table 2,2024-06-03T00:00:00Z,2024-06-03,00:00:00,2024-06-03,00:00:00,2024-06-03 00:00:00,3092.783505154639,3.2333333333333334,lignin,0.0331652300623647,fDOM,not outlier,-0.0813284812060128,-0.005194312873733821
MOBEAST044,T6,Coral,Table 2,2024-06-03T00:00:00Z,2024-06-03,00:00:00,2024-06-03,00:00:00,2024-06-03 00:00:00,3092.783505154639,3.2333333333333334,N_N,0.922,nutrients,not outlier,-0.9059999999999996,-0.05786469135802466
MOBEAST044,T6,Coral,Table 2,2024-06-03T00:00:00Z,2024-06-03,00:00:00,2024-06-03,00:00:00,2024-06-03 00:00:00,3092.783505154639,3.2333333333333334,NO2,0.1841863604,nutrients,not outlier,0.0025682044999999765,1.6402688823045116e-4
MOBEAST044,T6,Coral,Table 2,2024-06-03T00:00:00Z,2024-06-03,00:00:00,2024-06-03,00:00:00,2024-06-03 00:00:00,3092.783505154639,3.2333333333333334,PO4,0.09797582011,nutrients,not outlier,-0.010935719590000004,-6.984459589991772e-4
MOBEAST044,T6,Coral,Table 2,2024-06-03T00:00:00Z,2024-06-03,00:00:00,2024-06-03,00:00:00,2024-06-03 00:00:00,3092.783505154639,3.2333333333333334,SiO2,0.04711783573,nutrients,not outlier,-0.11779458932,-0.007523341671795885
MOBEAST044,T6,Coral,Table 2,2024-06-03T00:00:00Z,2024-06-03,00:00:00,2024-06-03,00:00:00,2024-06-03 00:00:00,3092.783505154639,3.2333333333333334,NH3,1.060700802,nutrients,not outlier,0.16649900399999995,0.010634010461234565
MOBEAST044,T6,Coral,Table 2,2024-06-03T00:00:00Z,2024-06-03,00:00:00,2024-06-03,00:00:00,2024-06-03 00:00:00,3092.783505154639,3.2333333333333334,NO3,0.7378136396,nutrients,not outlier,-0.9085682044999998,-0.05802871824625513
MOBEAST045,T7,Coral,Table 2,2024-06-03T00:00:00Z,2024-06-03,00:00:00,2024-06-03,00:00:00,2024-06-03 00:00:00,2884.6153846153848,3.466666666666667,het_bact,523.428,FCM,not outlier,32.52800000000002,2.227431769547326
MOBEAST045,T7,Coral,Table 2,2024-06-03T00:00:00Z,2024-06-03,00:00:00,2024-06-03,00:00:00,2024-06-03 00:00:00,2884.6153846153848,3.466666666666667,pico_euk,0.765,FCM,not outlier,0.0485000000000001,0.003321152263374492
MOBEAST045,T7,Coral,Table 2,2024-06-03T00:00:00Z,2024-06-03,00:00:00,2024-06-03,00:00:00,2024-06-03 00:00:00,2884.6153846153848,3.466666666666667,syn,152.745,FCM,not outlier,-0.38850000000002183,-0.02660345679012495
MOBEAST045,T7,Coral,Table 2,2024-06-03T00:00:00Z,2024-06-03,00:00:00,2024-06-03,00:00:00,2024-06-03 00:00:00,2884.6153846153848,3.466666666666667,pro,19.501,FCM,not outlier,-0.04100000000000037,-0.00280757201646093
MOBEAST045,T7,Coral,Table 2,2024-06-03T00:00:00Z,2024-06-03,00:00:00,2024-06-03,00:00:00,2024-06-03 00:00:00,2884.6153846153848,3.466666666666667,tot_bact,695.674,FCM,not outlier,32.09899999999993,2.1980549794238633
MOBEAST045,T7,Coral,Table 2,2024-06-03T00:00:00Z,2024-06-03,00:00:00,2024-06-03,00:00:00,2024-06-03 00:00:00,2884.6153846153848,3.466666666666667,cyano,172.24599999999998,FCM,not outlier,-0.42950000000004707,-0.02941102880658758
MOBEAST045,T7,Coral,Table 2,2024-06-03T00:00:00Z,2024-06-03,00:00:00,2024-06-03,00:00:00,2024-06-03 00:00:00,2884.6153846153848,3.466666666666667,chla_conc,0.3532,chla,not outlier,0.2596,0.017776724279835388
MOBEAST045,T7,Coral,Table 2,2024-06-03T00:00:00Z,2024-06-03,00:00:00,2024-06-03,00:00:00,2024-06-03 00:00:00,2884.6153846153848,3.466666666666667,npoc_u_m,92.367638855354,DOC,not outlier,-227.9633993022885,-15.610333186790454
MOBEAST045,T7,Coral,Table 2,2024-06-03T00:00:00Z,2024-06-03,00:00:00,2024-06-03,00:00:00,2024-06-03 00:00:00,2884.6153846153848,3.466666666666667,tn_u_m,10.1272962225221,DOC,not outlier,-1.23548016306475,-0.08460242762714995
MOBEAST045,T7,Coral,Table 2,2024-06-03T00:00:00Z,2024-06-03,00:00:00,2024-06-03,00:00:00,2024-06-03 00:00:00,2884.6153846153848,3.466666666666667,coble_a,0.0119655671480688,fDOM,not outlier,-0.0012852699530966002,-8.801190131492768e-5
MOBEAST045,T7,Coral,Table 2,2024-06-03T00:00:00Z,2024-06-03,00:00:00,2024-06-03,00:00:00,2024-06-03 00:00:00,2884.6153846153848,3.466666666666667,coble_b,0.123206010111657,fDOM,not outlier,0.05033486088489765,0.003446798704216859
MOBEAST045,T7,Coral,Table 2,2024-06-03T00:00:00Z,2024-06-03,00:00:00,2024-06-03,00:00:00,2024-06-03 00:00:00,2884.6153846153848,3.466666666666667,coble_c,0.0099340529807099,fDOM,not outlier,0.0018269106727631396,1.2510203125423307e-4
MOBEAST045,T7,Coral,Table 2,2024-06-03T00:00:00Z,2024-06-03,00:00:00,2024-06-03,00:00:00,2024-06-03 00:00:00,2884.6153846153848,3.466666666666667,coble_m,0.0147351438063127,fDOM,not outlier,-0.0014139218831341026,-9.682164664753688e-5
MOBEAST045,T7,Coral,Table 2,2024-06-03T00:00:00Z,2024-06-03,00:00:00,2024-06-03,00:00:00,2024-06-03 00:00:00,2884.6153846153848,3.466666666666667,coble_t,0.0762315558068072,fDOM,not outlier,-0.1135915220563568,-0.007778448259332414
MOBEAST045,T7,Coral,Table 2,2024-06-03T00:00:00Z,2024-06-03,00:00:00,2024-06-03,00:00:00,2024-06-03 00:00:00,2884.6153846153848,3.466666666666667,m_to_c,1.483296277453486,fDOM,not outlier,-0.5443041601495218,-0.03727251532875737
MOBEAST045,T7,Coral,Table 2,2024-06-03T00:00:00Z,2024-06-03,00:00:00,2024-06-03,00:00:00,2024-06-03 00:00:00,2884.6153846153848,3.466666666666667,bix,0.71835841867914,fDOM,not outlier,-0.340985981532426,-0.02334982194526571
MOBEAST045,T7,Coral,Table 2,2024-06-03T00:00:00Z,2024-06-03,00:00:00,2024-06-03,00:00:00,2024-06-03 00:00:00,2884.6153846153848,3.466666666666667,hix,0.434584745213361,fDOM,not outlier,0.1629409801671195,0.011157769176876001
MOBEAST045,T7,Coral,Table 2,2024-06-03T00:00:00Z,2024-06-03,00:00:00,2024-06-03,00:00:00,2024-06-03 00:00:00,2884.6153846153848,3.466666666666667,fpeak,0.0420605136484289,fDOM,not outlier,0.01767728348408551,0.0012104938155357318
MOBEAST045,T7,Coral,Table 2,2024-06-03T00:00:00Z,2024-06-03,00:00:00,2024-06-03,00:00:00,2024-06-03 00:00:00,2884.6153846153848,3.466666666666667,fi,1.9034559435353,fDOM,not outlier,-0.2789066004811154,-0.019098789432122464
MOBEAST045,T7,Coral,Table 2,2024-06-03T00:00:00Z,2024-06-03,00:00:00,2024-06-03,00:00:00,2024-06-03 00:00:00,2884.6153846153848,3.466666666666667,lignin,0.018858109522665,fDOM,not outlier,-0.0956356017457125,-0.0065488741277722464
MOBEAST045,T7,Coral,Table 2,2024-06-03T00:00:00Z,2024-06-03,00:00:00,2024-06-03,00:00:00,2024-06-03 00:00:00,2884.6153846153848,3.466666666666667,N_N,0.516,nutrients,not outlier,-1.3119999999999996,-0.08984230452674893
MOBEAST045,T7,Coral,Table 2,2024-06-03T00:00:00Z,2024-06-03,00:00:00,2024-06-03,00:00:00,2024-06-03 00:00:00,2884.6153846153848,3.466666666666667,NO2,0.1396049639,nutrients,not outlier,-0.04201319200000003,-0.002876952736131689
MOBEAST045,T7,Coral,Table 2,2024-06-03T00:00:00Z,2024-06-03,00:00:00,2024-06-03,00:00:00,2024-06-03 00:00:00,2884.6153846153848,3.466666666666667,PO4,0.1391476046,nutrients,not outlier,0.030236064899999998,0.0020704860902716047
MOBEAST045,T7,Coral,Table 2,2024-06-03T00:00:00Z,2024-06-03,00:00:00,2024-06-03,00:00:00,2024-06-03 00:00:00,2884.6153846153848,3.466666666666667,SiO2,0.01,nutrients,not outlier,-0.15491242505,-0.010607994867621397
MOBEAST045,T7,Coral,Table 2,2024-06-03T00:00:00Z,2024-06-03,00:00:00,2024-06-03,00:00:00,2024-06-03 00:00:00,2884.6153846153848,3.466666666666667,NH3,0.85876664,nutrients,not outlier,-0.03543515799999997,-0.0024265062926748945
MOBEAST045,T7,Coral,Table 2,2024-06-03T00:00:00Z,2024-06-03,00:00:00,2024-06-03,00:00:00,2024-06-03 00:00:00,2884.6153846153848,3.466666666666667,NO3,0.3763950361,nutrients,not outlier,-1.2699868079999996,-0.08696535179061725
MOBEAST046,T8,Control,Table 2,2024-06-03T00:00:00Z,2024-06-03,00:00:00,2024-06-03,00:00:00,2024-06-03 00:00:00,1052.6315789473683,9.5,het_bact,503.644,FCM,not outlier,12.744000000000028,2.391466666666672
MOBEAST046,T8,Control,Table 2,2024-06-03T00:00:00Z,2024-06-03,00:00:00,2024-06-03,00:00:00,2024-06-03 00:00:00,1052.6315789473683,9.5,pico_euk,0.732,FCM,not outlier,0.01550000000000007,0.002908641975308655
MOBEAST046,T8,Control,Table 2,2024-06-03T00:00:00Z,2024-06-03,00:00:00,2024-06-03,00:00:00,2024-06-03 00:00:00,1052.6315789473683,9.5,syn,161.148,FCM,not outlier,8.01449999999997,1.50395555555555
MOBEAST046,T8,Control,Table 2,2024-06-03T00:00:00Z,2024-06-03,00:00:00,2024-06-03,00:00:00,2024-06-03 00:00:00,1052.6315789473683,9.5,pro,19.018,FCM,not outlier,-0.5240000000000009,-0.09833086419753104
MOBEAST046,T8,Control,Table 2,2024-06-03T00:00:00Z,2024-06-03,00:00:00,2024-06-03,00:00:00,2024-06-03 00:00:00,1052.6315789473683,9.5,tot_bact,683.81,FCM,not outlier,20.2349999999999,3.797185185185166
MOBEAST046,T8,Control,Table 2,2024-06-03T00:00:00Z,2024-06-03,00:00:00,2024-06-03,00:00:00,2024-06-03 00:00:00,1052.6315789473683,9.5,cyano,180.1659999999999,FCM,not outlier,7.490499999999884,1.4056246913580028
MOBEAST046,T8,Control,Table 2,2024-06-03T00:00:00Z,2024-06-03,00:00:00,2024-06-03,00:00:00,2024-06-03 00:00:00,1052.6315789473683,9.5,chla_conc,0.04879999999999999,chla,not outlier,-0.04480000000000001,-0.008406913580246915
MOBEAST046,T8,Control,Table 2,2024-06-03T00:00:00Z,2024-06-03,00:00:00,2024-06-03,00:00:00,2024-06-03 00:00:00,1052.6315789473683,9.5,npoc_u_m,85.7901704313654,DOC,not outlier,-234.54086772627713,-44.01260727702978
MOBEAST046,T8,Control,Table 2,2024-06-03T00:00:00Z,2024-06-03,00:00:00,2024-06-03,00:00:00,2024-06-03 00:00:00,1052.6315789473683,9.5,tn_u_m,10.158709760329,DOC,not outlier,-1.20406662525785,-0.22594830498665827
MOBEAST046,T8,Control,Table 2,2024-06-03T00:00:00Z,2024-06-03,00:00:00,2024-06-03,00:00:00,2024-06-03 00:00:00,1052.6315789473683,9.5,coble_a,0.0157211862584379,fDOM,not outlier,0.0024703491572725007,4.635716937103952e-4
MOBEAST046,T8,Control,Table 2,2024-06-03T00:00:00Z,2024-06-03,00:00:00,2024-06-03,00:00:00,2024-06-03 00:00:00,1052.6315789473683,9.5,coble_b,0.13244074003676,fDOM,not outlier,0.05956959081000067,0.011178491114963088
MOBEAST046,T8,Control,Table 2,2024-06-03T00:00:00Z,2024-06-03,00:00:00,2024-06-03,00:00:00,2024-06-03 00:00:00,1052.6315789473683,9.5,coble_c,0.0110377161807759,fDOM,not outlier,0.002930573872829141,5.499348502099129e-4
MOBEAST046,T8,Control,Table 2,2024-06-03T00:00:00Z,2024-06-03,00:00:00,2024-06-03,00:00:00,2024-06-03 00:00:00,1052.6315789473683,9.5,coble_m,0.0182101668207666,fDOM,not outlier,0.002061101131319798,3.8677453328470285e-4
MOBEAST046,T8,Control,Table 2,2024-06-03T00:00:00Z,2024-06-03,00:00:00,2024-06-03,00:00:00,2024-06-03 00:00:00,1052.6315789473683,9.5,coble_t,0.172191074944192,fDOM,outlier,-0.01763200291897199,-0.003308721535412028
MOBEAST046,T8,Control,Table 2,2024-06-03T00:00:00Z,2024-06-03,00:00:00,2024-06-03,00:00:00,2024-06-03 00:00:00,1052.6315789473683,9.5,m_to_c,1.649812925293619,fDOM,not outlier,-0.3777875123093888,-0.07089345910003345
MOBEAST046,T8,Control,Table 2,2024-06-03T00:00:00Z,2024-06-03,00:00:00,2024-06-03,00:00:00,2024-06-03 00:00:00,1052.6315789473683,9.5,bix,0.886696990060378,fDOM,not outlier,-0.1726474101511879,-0.03239803252219822
MOBEAST046,T8,Control,Table 2,2024-06-03T00:00:00Z,2024-06-03,00:00:00,2024-06-03,00:00:00,2024-06-03 00:00:00,1052.6315789473683,9.5,hix,0.295764914214289,fDOM,not outlier,0.02412114916804753,0.004526437868571881
MOBEAST046,T8,Control,Table 2,2024-06-03T00:00:00Z,2024-06-03,00:00:00,2024-06-03,00:00:00,2024-06-03 00:00:00,1052.6315789473683,9.5,fpeak,0.0621114961494961,fDOM,not outlier,0.037728265985152706,0.007079872135485447
MOBEAST046,T8,Control,Table 2,2024-06-03T00:00:00Z,2024-06-03,00:00:00,2024-06-03,00:00:00,2024-06-03 00:00:00,1052.6315789473683,9.5,fi,1.84986200871376,fDOM,not outlier,-0.33250053530265533,-0.062395162180251366
MOBEAST046,T8,Control,Table 2,2024-06-03T00:00:00Z,2024-06-03,00:00:00,2024-06-03,00:00:00,2024-06-03 00:00:00,1052.6315789473683,9.5,lignin,0.0425801436190146,fDOM,not outlier,-0.07191356764936291,-0.01349489170704094
MOBEAST046,T8,Control,Table 2,2024-06-03T00:00:00Z,2024-06-03,00:00:00,2024-06-03,00:00:00,2024-06-03 00:00:00,1052.6315789473683,9.5,N_N,1.644,nutrients,not outlier,-0.18399999999999972,-0.03452839506172834
MOBEAST046,T8,Control,Table 2,2024-06-03T00:00:00Z,2024-06-03,00:00:00,2024-06-03,00:00:00,2024-06-03 00:00:00,1052.6315789473683,9.5,NO2,0.2637348493,nutrients,not outlier,0.0821166934,0.015409552341728394
MOBEAST046,T8,Control,Table 2,2024-06-03T00:00:00Z,2024-06-03,00:00:00,2024-06-03,00:00:00,2024-06-03 00:00:00,1052.6315789473683,9.5,PO4,0.1527229806,nutrients,outlier,0.0438114409,0.008221406193580246
MOBEAST046,T8,Control,Table 2,2024-06-03T00:00:00Z,2024-06-03,00:00:00,2024-06-03,00:00:00,2024-06-03 00:00:00,1052.6315789473683,9.5,SiO2,0.2506668861,nutrients,not outlier,0.08575446104999998,0.016092195159999996
MOBEAST046,T8,Control,Table 2,2024-06-03T00:00:00Z,2024-06-03,00:00:00,2024-06-03,00:00:00,2024-06-03 00:00:00,1052.6315789473683,9.5,NH3,1.783443515,nutrients,not outlier,0.8892417170000001,0.16687005059753088
MOBEAST046,T8,Control,Table 2,2024-06-03T00:00:00Z,2024-06-03,00:00:00,2024-06-03,00:00:00,2024-06-03 00:00:00,1052.6315789473683,9.5,NO3,1.3802651507,nutrients,not outlier,-0.26611669339999966,-0.04993794740345672
MOBEAST047,T9,Coral,Table 1,2024-06-03T00:00:00Z,2024-06-03,00:00:00,2024-06-03,00:00:00,2024-06-03 00:00:00,943.3962264150944,10.6,het_bact,521.7,FCM,not outlier,30.800000000000068,6.448987654321002
MOBEAST047,T9,Coral,Table 1,2024-06-03T00:00:00Z,2024-06-03,00:00:00,2024-06-03,00:00:00,2024-06-03 00:00:00,943.3962264150944,10.6,pico_euk,0.8,FCM,not outlier,0.08350000000000013,0.017483456790123482
MOBEAST047,T9,Coral,Table 1,2024-06-03T00:00:00Z,2024-06-03,00:00:00,2024-06-03,00:00:00,2024-06-03 00:00:00,943.3962264150944,10.6,syn,138.133,FCM,not outlier,-15.000500000000017,-3.140845432098769
MOBEAST047,T9,Coral,Table 1,2024-06-03T00:00:00Z,2024-06-03,00:00:00,2024-06-03,00:00:00,2024-06-03 00:00:00,943.3962264150944,10.6,pro,26.767,FCM,not outlier,7.224999999999998,1.5127901234567895
MOBEAST047,T9,Coral,Table 1,2024-06-03T00:00:00Z,2024-06-03,00:00:00,2024-06-03,00:00:00,2024-06-03 00:00:00,943.3962264150944,10.6,tot_bact,686.6,FCM,not outlier,23.024999999999977,4.821037037037032
MOBEAST047,T9,Coral,Table 1,2024-06-03T00:00:00Z,2024-06-03,00:00:00,2024-06-03,00:00:00,2024-06-03 00:00:00,943.3962264150944,10.6,cyano,164.89999999999998,FCM,not outlier,-7.775500000000051,-1.6280553086419858
MOBEAST047,T9,Coral,Table 1,2024-06-03T00:00:00Z,2024-06-03,00:00:00,2024-06-03,00:00:00,2024-06-03 00:00:00,943.3962264150944,10.6,chla_conc,0.0448,chla,not outlier,-0.0488,-0.010217876543209877
MOBEAST047,T9,Coral,Table 1,2024-06-03T00:00:00Z,2024-06-03,00:00:00,2024-06-03,00:00:00,2024-06-03 00:00:00,943.3962264150944,10.6,npoc_u_m,88.7874978144488,DOC,not outlier,-231.54354034319374,-48.481215360747726
MOBEAST047,T9,Coral,Table 1,2024-06-03T00:00:00Z,2024-06-03,00:00:00,2024-06-03,00:00:00,2024-06-03 00:00:00,943.3962264150944,10.6,tn_u_m,10.656328756952,DOC,not outlier,-0.7064476286348498,-0.14791792323021052
MOBEAST047,T9,Coral,Table 1,2024-06-03T00:00:00Z,2024-06-03,00:00:00,2024-06-03,00:00:00,2024-06-03 00:00:00,943.3962264150944,10.6,coble_a,0.0138746232884498,fDOM,not outlier,6.237861872843992e-4,1.3061004612769641e-4
MOBEAST047,T9,Coral,Table 1,2024-06-03T00:00:00Z,2024-06-03,00:00:00,2024-06-03,00:00:00,2024-06-03 00:00:00,943.3962264150944,10.6,coble_b,0.117627262202307,fDOM,not outlier,0.04475611297554766,0.009371156494633187
MOBEAST047,T9,Coral,Table 1,2024-06-03T00:00:00Z,2024-06-03,00:00:00,2024-06-03,00:00:00,2024-06-03 00:00:00,943.3962264150944,10.6,coble_c,0.0110899782915387,fDOM,not outlier,0.00298283598359194,6.245542997743124e-4
MOBEAST047,T9,Coral,Table 1,2024-06-03T00:00:00Z,2024-06-03,00:00:00,2024-06-03,00:00:00,2024-06-03 00:00:00,943.3962264150944,10.6,coble_m,0.01778566525137,fDOM,not outlier,0.001636599561923198,3.4267566136070906e-4
MOBEAST047,T9,Coral,Table 1,2024-06-03T00:00:00Z,2024-06-03,00:00:00,2024-06-03,00:00:00,2024-06-03 00:00:00,943.3962264150944,10.6,coble_t,0.121276454196583,fDOM,not outlier,-0.06854662366658099,-0.014352478239323624
MOBEAST047,T9,Coral,Table 1,2024-06-03T00:00:00Z,2024-06-03,00:00:00,2024-06-03,00:00:00,2024-06-03 00:00:00,943.3962264150944,10.6,m_to_c,1.6037601502736842,fDOM,not outlier,-0.42384028732932344,-0.0887448305321645
MOBEAST047,T9,Coral,Table 1,2024-06-03T00:00:00Z,2024-06-03,00:00:00,2024-06-03,00:00:00,2024-06-03 00:00:00,943.3962264150944,10.6,bix,0.941449865321305,fDOM,not outlier,-0.11789453489026092,-0.024685077922701543
MOBEAST047,T9,Coral,Table 1,2024-06-03T00:00:00Z,2024-06-03,00:00:00,2024-06-03,00:00:00,2024-06-03 00:00:00,943.3962264150944,10.6,hix,0.388078082574239,fDOM,not outlier,0.11643431752799749,0.024379333645368362
MOBEAST047,T9,Coral,Table 1,2024-06-03T00:00:00Z,2024-06-03,00:00:00,2024-06-03,00:00:00,2024-06-03 00:00:00,943.3962264150944,10.6,fpeak,0.0213272010748258,fDOM,not outlier,-0.003056029089517593,-6.398796710891157e-4
MOBEAST047,T9,Coral,Table 1,2024-06-03T00:00:00Z,2024-06-03,00:00:00,2024-06-03,00:00:00,2024-06-03 00:00:00,943.3962264150944,10.6,fi,1.82434135526073,fDOM,not outlier,-0.35802118875568545,-0.07496344890489413
MOBEAST047,T9,Coral,Table 1,2024-06-03T00:00:00Z,2024-06-03,00:00:00,2024-06-03,00:00:00,2024-06-03 00:00:00,943.3962264150944,10.6,lignin,0.00939003954946126,fDOM,not outlier,-0.10510367171891624,-0.022006892251269373
MOBEAST047,T9,Coral,Table 1,2024-06-03T00:00:00Z,2024-06-03,00:00:00,2024-06-03,00:00:00,2024-06-03 00:00:00,943.3962264150944,10.6,N_N,1.284,nutrients,not outlier,-0.5439999999999996,-0.1139041975308641
MOBEAST047,T9,Coral,Table 1,2024-06-03T00:00:00Z,2024-06-03,00:00:00,2024-06-03,00:00:00,2024-06-03 00:00:00,943.3962264150944,10.6,NO2,0.2676200818,nutrients,not outlier,0.0860019259,0.018007316830419753
MOBEAST047,T9,Coral,Table 1,2024-06-03T00:00:00Z,2024-06-03,00:00:00,2024-06-03,00:00:00,2024-06-03 00:00:00,943.3962264150944,10.6,PO4,0.1043178518,nutrients,not outlier,-0.004593687900000004,-9.618388491851859e-4
MOBEAST047,T9,Coral,Table 1,2024-06-03T00:00:00Z,2024-06-03,00:00:00,2024-06-03,00:00:00,2024-06-03 00:00:00,943.3962264150944,10.6,SiO2,0.2845917278,nutrients,not outlier,0.11967930275000002,0.025058777464691363
MOBEAST047,T9,Coral,Table 1,2024-06-03T00:00:00Z,2024-06-03,00:00:00,2024-06-03,00:00:00,2024-06-03 00:00:00,943.3962264150944,10.6,NH3,2.552256136,nutrients,not outlier,1.658054338,0.3471679206479012
MOBEAST047,T9,Coral,Table 1,2024-06-03T00:00:00Z,2024-06-03,00:00:00,2024-06-03,00:00:00,2024-06-03 00:00:00,943.3962264150944,10.6,NO3,1.0163799182,nutrients,not outlier,-0.6300019258999998,-0.1319115143612839
MOBEAST048,T10,CCA,Table 1,2024-06-03T00:00:00Z,2024-06-03,00:00:00,2024-06-03,00:00:00,2024-06-03 00:00:00,1214.574898785425,8.233333333333333,het_bact,413.233,FCM,not outlier,-77.66699999999997,-12.631275061728392
MOBEAST048,T10,CCA,Table 1,2024-06-03T00:00:00Z,2024-06-03,00:00:00,2024-06-03,00:00:00,2024-06-03 00:00:00,1214.574898785425,8.233333333333333,pico_euk,0.533,FCM,not outlier,-0.18349999999999989,-0.029843292181069944
MOBEAST048,T10,CCA,Table 1,2024-06-03T00:00:00Z,2024-06-03,00:00:00,2024-06-03,00:00:00,2024-06-03 00:00:00,1214.574898785425,8.233333333333333,syn,112.333,FCM,not outlier,-40.80050000000003,-6.63553810699589
MOBEAST048,T10,CCA,Table 1,2024-06-03T00:00:00Z,2024-06-03,00:00:00,2024-06-03,00:00:00,2024-06-03 00:00:00,1214.574898785425,8.233333333333333,pro,20.45,FCM,not outlier,0.9079999999999977,0.14767144032921775
MOBEAST048,T10,CCA,Table 1,2024-06-03T00:00:00Z,2024-06-03,00:00:00,2024-06-03,00:00:00,2024-06-03 00:00:00,1214.574898785425,8.233333333333333,tot_bact,546.017,FCM,not outlier,-117.55799999999999,-19.11889777777778
MOBEAST048,T10,CCA,Table 1,2024-06-03T00:00:00Z,2024-06-03,00:00:00,2024-06-03,00:00:00,2024-06-03 00:00:00,1214.574898785425,8.233333333333333,cyano,132.78299999999996,FCM,not outlier,-39.89250000000007,-6.487866666666679
MOBEAST048,T10,CCA,Table 1,2024-06-03T00:00:00Z,2024-06-03,00:00:00,2024-06-03,00:00:00,2024-06-03 00:00:00,1214.574898785425,8.233333333333333,chla_conc,0.0064,chla,not outlier,-0.0872,-0.01418166255144033
MOBEAST048,T10,CCA,Table 1,2024-06-03T00:00:00Z,2024-06-03,00:00:00,2024-06-03,00:00:00,2024-06-03 00:00:00,1214.574898785425,8.233333333333333,npoc_u_m,86.8725386530344,DOC,not outlier,-233.45849950460814,-37.96823004288937
MOBEAST048,T10,CCA,Table 1,2024-06-03T00:00:00Z,2024-06-03,00:00:00,2024-06-03,00:00:00,2024-06-03 00:00:00,1214.574898785425,8.233333333333333,tn_u_m,10.8341008231775,DOC,not outlier,-0.5286755624093491,-0.08598048652846699
MOBEAST048,T10,CCA,Table 1,2024-06-03T00:00:00Z,2024-06-03,00:00:00,2024-06-03,00:00:00,2024-06-03 00:00:00,1214.574898785425,8.233333333333333,coble_a,0.014216399378371,fDOM,not outlier,9.655622772056002e-4,1.5703300903360215e-4
MOBEAST048,T10,CCA,Table 1,2024-06-03T00:00:00Z,2024-06-03,00:00:00,2024-06-03,00:00:00,2024-06-03 00:00:00,1214.574898785425,8.233333333333333,coble_b,0.121116791694354,fDOM,not outlier,0.04824564246759466,0.007846369507487001
MOBEAST048,T10,CCA,Table 1,2024-06-03T00:00:00Z,2024-06-03,00:00:00,2024-06-03,00:00:00,2024-06-03 00:00:00,1214.574898785425,8.233333333333333,coble_c,0.0108669307257733,fDOM,not outlier,0.00275978841782654,4.488347254012546e-4
MOBEAST048,T10,CCA,Table 1,2024-06-03T00:00:00Z,2024-06-03,00:00:00,2024-06-03,00:00:00,2024-06-03 00:00:00,1214.574898785425,8.233333333333333,coble_m,0.0166837981893058,fDOM,not outlier,5.347324998589975e-4,8.696554894826166e-5
MOBEAST048,T10,CCA,Table 1,2024-06-03T00:00:00Z,2024-06-03,00:00:00,2024-06-03,00:00:00,2024-06-03 00:00:00,1214.574898785425,8.233333333333333,coble_t,0.0642047431869289,fDOM,not outlier,-0.1256183346762351,-0.020429780190966303
MOBEAST048,T10,CCA,Table 1,2024-06-03T00:00:00Z,2024-06-03,00:00:00,2024-06-03,00:00:00,2024-06-03 00:00:00,1214.574898785425,8.233333333333333,m_to_c,1.5352815445612926,fDOM,not outlier,-0.49231889304171506,-0.08006766523871844
MOBEAST048,T10,CCA,Table 1,2024-06-03T00:00:00Z,2024-06-03,00:00:00,2024-06-03,00:00:00,2024-06-03 00:00:00,1214.574898785425,8.233333333333333,bix,0.761319030680367,fDOM,not outlier,-0.29802536953119896,-0.048468981908942325
MOBEAST048,T10,CCA,Table 1,2024-06-03T00:00:00Z,2024-06-03,00:00:00,2024-06-03,00:00:00,2024-06-03 00:00:00,1214.574898785425,8.233333333333333,hix,0.49121309338386,fDOM,not outlier,0.2195693283376185,0.03570938212305631
MOBEAST048,T10,CCA,Table 1,2024-06-03T00:00:00Z,2024-06-03,00:00:00,2024-06-03,00:00:00,2024-06-03 00:00:00,1214.574898785425,8.233333333333333,fpeak,0,fDOM,not outlier,-0.024383230164343392,-0.003965536033312144
MOBEAST048,T10,CCA,Table 1,2024-06-03T00:00:00Z,2024-06-03,00:00:00,2024-06-03,00:00:00,2024-06-03 00:00:00,1214.574898785425,8.233333333333333,fi,2.07568461140424,fDOM,not outlier,-0.1066779326121754,-0.017349431674210585
MOBEAST048,T10,CCA,Table 1,2024-06-03T00:00:00Z,2024-06-03,00:00:00,2024-06-03,00:00:00,2024-06-03 00:00:00,1214.574898785425,8.233333333333333,lignin,0.0494161700514599,fDOM,not outlier,-0.0650775412169176,-0.01058380423412586
MOBEAST048,T10,CCA,Table 1,2024-06-03T00:00:00Z,2024-06-03,00:00:00,2024-06-03,00:00:00,2024-06-03 00:00:00,1214.574898785425,8.233333333333333,N_N,1.821,nutrients,not outlier,-0.006999999999999673,-0.0011384362139917165
MOBEAST048,T10,CCA,Table 1,2024-06-03T00:00:00Z,2024-06-03,00:00:00,2024-06-03,00:00:00,2024-06-03 00:00:00,1214.574898785425,8.233333333333333,NO2,0.2442428355,nutrients,not outlier,0.06262467959999998,0.010184886163753085
MOBEAST048,T10,CCA,Table 1,2024-06-03T00:00:00Z,2024-06-03,00:00:00,2024-06-03,00:00:00,2024-06-03 00:00:00,1214.574898785425,8.233333333333333,PO4,0.1335254791,nutrients,not outlier,0.024613939400000007,0.004003057140279837
MOBEAST048,T10,CCA,Table 1,2024-06-03T00:00:00Z,2024-06-03,00:00:00,2024-06-03,00:00:00,2024-06-03 00:00:00,1214.574898785425,8.233333333333333,SiO2,0.2393586055,nutrients,not outlier,0.07444618044999998,0.012107461116806582
MOBEAST048,T10,CCA,Table 1,2024-06-03T00:00:00Z,2024-06-03,00:00:00,2024-06-03,00:00:00,2024-06-03 00:00:00,1214.574898785425,8.233333333333333,NH3,1.468436309,nutrients,not outlier,0.5742345110000001,0.09338990894946506
MOBEAST048,T10,CCA,Table 1,2024-06-03T00:00:00Z,2024-06-03,00:00:00,2024-06-03,00:00:00,2024-06-03 00:00:00,1214.574898785425,8.233333333333333,NO3,1.5767571645,nutrients,not outlier,-0.06962467959999974,-0.011323322377744815
MOBEAST049,T11,Control,Table 1,2024-06-03T00:00:00Z,2024-06-03,00:00:00,2024-06-03,00:00:00,2024-06-03 00:00:00,3488.3720930232557,2.8666666666666667,het_bact,548.652,FCM,not outlier,57.752000000000066,3.270236707818934
MOBEAST049,T11,Control,Table 1,2024-06-03T00:00:00Z,2024-06-03,00:00:00,2024-06-03,00:00:00,2024-06-03 00:00:00,3488.3720930232557,2.8666666666666667,pico_euk,0.865,FCM,not outlier,0.14850000000000008,0.008408888888888893
MOBEAST049,T11,Control,Table 1,2024-06-03T00:00:00Z,2024-06-03,00:00:00,2024-06-03,00:00:00,2024-06-03 00:00:00,3488.3720930232557,2.8666666666666667,syn,165.957,FCM,not outlier,12.823499999999967,0.7261372839506154
MOBEAST049,T11,Control,Table 1,2024-06-03T00:00:00Z,2024-06-03,00:00:00,2024-06-03,00:00:00,2024-06-03 00:00:00,3488.3720930232557,2.8666666666666667,pro,22.928,FCM,not outlier,3.3859999999999992,0.19173399176954728
MOBEAST049,T11,Control,Table 1,2024-06-03T00:00:00Z,2024-06-03,00:00:00,2024-06-03,00:00:00,2024-06-03 00:00:00,3488.3720930232557,2.8666666666666667,tot_bact,737.537,FCM,not outlier,73.96199999999999,4.188136296296295
MOBEAST049,T11,Control,Table 1,2024-06-03T00:00:00Z,2024-06-03,00:00:00,2024-06-03,00:00:00,2024-06-03 00:00:00,3488.3720930232557,2.8666666666666667,cyano,188.885,FCM,outlier,16.209499999999963,0.9178712757201625
MOBEAST049,T11,Control,Table 1,2024-06-03T00:00:00Z,2024-06-03,00:00:00,2024-06-03,00:00:00,2024-06-03 00:00:00,3488.3720930232557,2.8666666666666667,chla_conc,0.0192,chla,not outlier,-0.07440000000000001,-0.0042129382716049385
MOBEAST049,T11,Control,Table 1,2024-06-03T00:00:00Z,2024-06-03,00:00:00,2024-06-03,00:00:00,2024-06-03 00:00:00,3488.3720930232557,2.8666666666666667,npoc_u_m,81.5439566386639,DOC,not outlier,-238.78708151897862,-13.521441323873027
MOBEAST049,T11,Control,Table 1,2024-06-03T00:00:00Z,2024-06-03,00:00:00,2024-06-03,00:00:00,2024-06-03 00:00:00,3488.3720930232557,2.8666666666666667,tn_u_m,10.0751783075243,DOC,not outlier,-1.2875980780625493,-0.07291090351498221
MOBEAST049,T11,Control,Table 1,2024-06-03T00:00:00Z,2024-06-03,00:00:00,2024-06-03,00:00:00,2024-06-03 00:00:00,3488.3720930232557,2.8666666666666667,coble_a,0.0149523618211644,fDOM,not outlier,0.001701524719998999,9.634971253986101e-5
MOBEAST049,T11,Control,Table 1,2024-06-03T00:00:00Z,2024-06-03,00:00:00,2024-06-03,00:00:00,2024-06-03 00:00:00,3488.3720930232557,2.8666666666666667,coble_b,0.11353817623116,fDOM,not outlier,0.040667027004400655,0.0023027913233767613
MOBEAST049,T11,Control,Table 1,2024-06-03T00:00:00Z,2024-06-03,00:00:00,2024-06-03,00:00:00,2024-06-03 00:00:00,3488.3720930232557,2.8666666666666667,coble_c,0.0104441116867942,fDOM,not outlier,0.0023369693788474408,1.3233209322197854e-4
MOBEAST049,T11,Control,Table 1,2024-06-03T00:00:00Z,2024-06-03,00:00:00,2024-06-03,00:00:00,2024-06-03 00:00:00,3488.3720930232557,2.8666666666666667,coble_m,0.0182994606256164,fDOM,not outlier,0.0021503949361695966,1.2176721943083806e-4
MOBEAST049,T11,Control,Table 1,2024-06-03T00:00:00Z,2024-06-03,00:00:00,2024-06-03,00:00:00,2024-06-03 00:00:00,3488.3720930232557,2.8666666666666667,coble_t,0.0650248048188801,fDOM,not outlier,-0.1247982730442839,-0.007066766407775088
MOBEAST049,T11,Control,Table 1,2024-06-03T00:00:00Z,2024-06-03,00:00:00,2024-06-03,00:00:00,2024-06-03 00:00:00,3488.3720930232557,2.8666666666666667,m_to_c,1.7521318398724806,fDOM,not outlier,-0.2754685977305271,-0.015598551048444662
MOBEAST049,T11,Control,Table 1,2024-06-03T00:00:00Z,2024-06-03,00:00:00,2024-06-03,00:00:00,2024-06-03 00:00:00,3488.3720930232557,2.8666666666666667,bix,0.645794013514446,fDOM,not outlier,-0.41355038669711996,-0.023417503378404817
MOBEAST049,T11,Control,Table 1,2024-06-03T00:00:00Z,2024-06-03,00:00:00,2024-06-03,00:00:00,2024-06-03 00:00:00,3488.3720930232557,2.8666666666666667,hix,0.569960650104279,fDOM,not outlier,0.2983168850580375,0.01689234707159916
MOBEAST049,T11,Control,Table 1,2024-06-03T00:00:00Z,2024-06-03,00:00:00,2024-06-03,00:00:00,2024-06-03 00:00:00,3488.3720930232557,2.8666666666666667,fpeak,0.0125494666311642,fDOM,not outlier,-0.011833763533179192,-6.700929473931921e-4
MOBEAST049,T11,Control,Table 1,2024-06-03T00:00:00Z,2024-06-03,00:00:00,2024-06-03,00:00:00,2024-06-03 00:00:00,3488.3720930232557,2.8666666666666667,fi,1.98951393913075,fDOM,not outlier,-0.19284860488566546,-0.010920151453608052
MOBEAST049,T11,Control,Table 1,2024-06-03T00:00:00Z,2024-06-03,00:00:00,2024-06-03,00:00:00,2024-06-03 00:00:00,3488.3720930232557,2.8666666666666667,lignin,0.0115067557910814,fDOM,not outlier,-0.1029869554772961,-0.005831689330730841
MOBEAST049,T11,Control,Table 1,2024-06-03T00:00:00Z,2024-06-03,00:00:00,2024-06-03,00:00:00,2024-06-03 00:00:00,3488.3720930232557,2.8666666666666667,N_N,1.869,nutrients,not outlier,0.04100000000000037,0.002321646090535
MOBEAST049,T11,Control,Table 1,2024-06-03T00:00:00Z,2024-06-03,00:00:00,2024-06-03,00:00:00,2024-06-03 00:00:00,3488.3720930232557,2.8666666666666667,NO2,0.3125965867,nutrients,not outlier,0.1309784308,0.007416721019786006
MOBEAST049,T11,Control,Table 1,2024-06-03T00:00:00Z,2024-06-03,00:00:00,2024-06-03,00:00:00,2024-06-03 00:00:00,3488.3720930232557,2.8666666666666667,PO4,0.09389635104,nutrients,not outlier,-0.015015188659999998,-8.502427817349792e-4
MOBEAST049,T11,Control,Table 1,2024-06-03T00:00:00Z,2024-06-03,00:00:00,2024-06-03,00:00:00,2024-06-03 00:00:00,3488.3720930232557,2.8666666666666667,SiO2,0.4278299484,nutrients,not outlier,0.26291752334999996,0.014887840005333332
MOBEAST049,T11,Control,Table 1,2024-06-03T00:00:00Z,2024-06-03,00:00:00,2024-06-03,00:00:00,2024-06-03 00:00:00,3488.3720930232557,2.8666666666666667,NH3,1.200507843,nutrients,not outlier,0.306306045,0.017344737362962964
MOBEAST049,T11,Control,Table 1,2024-06-03T00:00:00Z,2024-06-03,00:00:00,2024-06-03,00:00:00,2024-06-03 00:00:00,3488.3720930232557,2.8666666666666667,NO3,1.5564034133,nutrients,not outlier,-0.08997843079999979,-0.005095074929251016
MOBEAST050,T12,CCA,Table 1,2024-06-03T00:00:00Z,2024-06-03,00:00:00,2024-06-03,00:00:00,2024-06-03 00:00:00,1694.915254237288,5.9,het_bact,457.05,FCM,not outlier,-33.849999999999966,-3.9449876543209834
MOBEAST050,T12,CCA,Table 1,2024-06-03T00:00:00Z,2024-06-03,00:00:00,2024-06-03,00:00:00,2024-06-03 00:00:00,1694.915254237288,5.9,pico_euk,0.817,FCM,not outlier,0.10050000000000003,0.011712592592592596
MOBEAST050,T12,CCA,Table 1,2024-06-03T00:00:00Z,2024-06-03,00:00:00,2024-06-03,00:00:00,2024-06-03 00:00:00,1694.915254237288,5.9,syn,136.633,FCM,not outlier,-16.500500000000017,-1.9230212345679032
MOBEAST050,T12,CCA,Table 1,2024-06-03T00:00:00Z,2024-06-03,00:00:00,2024-06-03,00:00:00,2024-06-03 00:00:00,1694.915254237288,5.9,pro,18,FCM,not outlier,-1.5420000000000016,-0.1797096296296298
MOBEAST050,T12,CCA,Table 1,2024-06-03T00:00:00Z,2024-06-03,00:00:00,2024-06-03,00:00:00,2024-06-03 00:00:00,1694.915254237288,5.9,tot_bact,611.683,FCM,not outlier,-51.89200000000005,-6.047660246913586
MOBEAST050,T12,CCA,Table 1,2024-06-03T00:00:00Z,2024-06-03,00:00:00,2024-06-03,00:00:00,2024-06-03 00:00:00,1694.915254237288,5.9,cyano,154.63299999999998,FCM,not outlier,-18.042500000000047,-2.1027308641975364
MOBEAST050,T12,CCA,Table 1,2024-06-03T00:00:00Z,2024-06-03,00:00:00,2024-06-03,00:00:00,2024-06-03 00:00:00,1694.915254237288,5.9,chla_conc,0.0472,chla,not outlier,-0.046400000000000004,-0.005407604938271605
MOBEAST050,T12,CCA,Table 1,2024-06-03T00:00:00Z,2024-06-03,00:00:00,2024-06-03,00:00:00,2024-06-03 00:00:00,1694.915254237288,5.9,npoc_u_m,83.7086930820019,DOC,not outlier,-236.62234507564062,-27.576727623630216
MOBEAST050,T12,CCA,Table 1,2024-06-03T00:00:00Z,2024-06-03,00:00:00,2024-06-03,00:00:00,2024-06-03 00:00:00,1694.915254237288,5.9,tn_u_m,10.1501424318362,DOC,not outlier,-1.2126339537506503,-0.14132425337538443
MOBEAST050,T12,CCA,Table 1,2024-06-03T00:00:00Z,2024-06-03,00:00:00,2024-06-03,00:00:00,2024-06-03 00:00:00,1694.915254237288,5.9,coble_a,0.016649363900199,fDOM,outlier,0.0033985267990335986,3.960752220108293e-4
MOBEAST050,T12,CCA,Table 1,2024-06-03T00:00:00Z,2024-06-03,00:00:00,2024-06-03,00:00:00,2024-06-03 00:00:00,1694.915254237288,5.9,coble_b,0.123107674743348,fDOM,not outlier,0.05023652551658865,0.005854725936748109
MOBEAST050,T12,CCA,Table 1,2024-06-03T00:00:00Z,2024-06-03,00:00:00,2024-06-03,00:00:00,2024-06-03 00:00:00,1694.915254237288,5.9,coble_c,0.0118331155998278,fDOM,not outlier,0.0037259732918810406,4.342368873500867e-4
MOBEAST050,T12,CCA,Table 1,2024-06-03T00:00:00Z,2024-06-03,00:00:00,2024-06-03,00:00:00,2024-06-03 00:00:00,1694.915254237288,5.9,coble_m,0.0222535187684048,fDOM,outlier,0.006104453078957999,7.114325563625125e-4
MOBEAST050,T12,CCA,Table 1,2024-06-03T00:00:00Z,2024-06-03,00:00:00,2024-06-03,00:00:00,2024-06-03 00:00:00,1694.915254237288,5.9,coble_t,0.182420734981385,fDOM,outlier,-0.007402342881778989,-8.626928000493044e-4
MOBEAST050,T12,CCA,Table 1,2024-06-03T00:00:00Z,2024-06-03,00:00:00,2024-06-03,00:00:00,2024-06-03 00:00:00,1694.915254237288,5.9,m_to_c,1.8806136541697136,fDOM,not outlier,-0.14698678343329408,-0.017130311550744397
MOBEAST050,T12,CCA,Table 1,2024-06-03T00:00:00Z,2024-06-03,00:00:00,2024-06-03,00:00:00,2024-06-03 00:00:00,1694.915254237288,5.9,bix,1.00072697211628,fDOM,not outlier,-0.05861742809528603,-0.0068314632249321
MOBEAST050,T12,CCA,Table 1,2024-06-03T00:00:00Z,2024-06-03,00:00:00,2024-06-03,00:00:00,2024-06-03 00:00:00,1694.915254237288,5.9,hix,0.323345129834052,fDOM,not outlier,0.05170136478781051,0.006025443007369521
MOBEAST050,T12,CCA,Table 1,2024-06-03T00:00:00Z,2024-06-03,00:00:00,2024-06-03,00:00:00,2024-06-03 00:00:00,1694.915254237288,5.9,fpeak,0,fDOM,not outlier,-0.024383230164343392,-0.002841699910511131
MOBEAST050,T12,CCA,Table 1,2024-06-03T00:00:00Z,2024-06-03,00:00:00,2024-06-03,00:00:00,2024-06-03 00:00:00,1694.915254237288,5.9,fi,2.19368762891153,fDOM,not outlier,0.011325084895114745,0.0013198617458010271
MOBEAST050,T12,CCA,Table 1,2024-06-03T00:00:00Z,2024-06-03,00:00:00,2024-06-03,00:00:00,2024-06-03 00:00:00,1694.915254237288,5.9,lignin,0.0543803939075935,fDOM,not outlier,-0.060113317360784,-0.007005798961553098
MOBEAST050,T12,CCA,Table 1,2024-06-03T00:00:00Z,2024-06-03,00:00:00,2024-06-03,00:00:00,2024-06-03 00:00:00,1694.915254237288,5.9,N_N,1.312,nutrients,not outlier,-0.5159999999999996,-0.06013629629629624
MOBEAST050,T12,CCA,Table 1,2024-06-03T00:00:00Z,2024-06-03,00:00:00,2024-06-03,00:00:00,2024-06-03 00:00:00,1694.915254237288,5.9,NO2,0.2582691833,nutrients,not outlier,0.07665102739999996,0.00893315677353086
MOBEAST050,T12,CCA,Table 1,2024-06-03T00:00:00Z,2024-06-03,00:00:00,2024-06-03,00:00:00,2024-06-03 00:00:00,1694.915254237288,5.9,PO4,0.1419586673,nutrients,not outlier,0.033047127600000004,0.003851418327703704
MOBEAST050,T12,CCA,Table 1,2024-06-03T00:00:00Z,2024-06-03,00:00:00,2024-06-03,00:00:00,2024-06-03 00:00:00,1694.915254237288,5.9,SiO2,0.2186267578,nutrients,not outlier,0.05371433274999998,0.006260040755061726
MOBEAST050,T12,CCA,Table 1,2024-06-03T00:00:00Z,2024-06-03,00:00:00,2024-06-03,00:00:00,2024-06-03 00:00:00,1694.915254237288,5.9,NH3,1.906688928,nutrients,not outlier,1.0124871299999998,0.11799850008888887
MOBEAST050,T12,CCA,Table 1,2024-06-03T00:00:00Z,2024-06-03,00:00:00,2024-06-03,00:00:00,2024-06-03 00:00:00,1694.915254237288,5.9,NO3,1.0537308167,nutrients,not outlier,-0.5926510273999999,-0.06906945306982713
MOBEAST051,T13,Algae,Table 1,2024-06-03T00:00:00Z,2024-06-03,00:00:00,2024-06-03,00:00:00,2024-06-03 00:00:00,7407.4074084,1.35,het_bact,760.067,FCM,outlier,269.16700000000003,7.177786665704843
MOBEAST051,T13,Algae,Table 1,2024-06-03T00:00:00Z,2024-06-03,00:00:00,2024-06-03,00:00:00,2024-06-03 00:00:00,7407.4074084,1.35,pico_euk,0.833,FCM,not outlier,0.11650000000000005,0.0031066666662503744
MOBEAST051,T13,Algae,Table 1,2024-06-03T00:00:00Z,2024-06-03,00:00:00,2024-06-03,00:00:00,2024-06-03 00:00:00,7407.4074084,1.35,syn,147.183,FCM,not outlier,-5.950500000000034,-0.15867999997873777
MOBEAST051,T13,Algae,Table 1,2024-06-03T00:00:00Z,2024-06-03,00:00:00,2024-06-03,00:00:00,2024-06-03 00:00:00,7407.4074084,1.35,pro,25.833,FCM,not outlier,6.290999999999997,0.16775999997752006
MOBEAST051,T13,Algae,Table 1,2024-06-03T00:00:00Z,2024-06-03,00:00:00,2024-06-03,00:00:00,2024-06-03 00:00:00,7407.4074084,1.35,tot_bact,933.083,FCM,outlier,269.5079999999999,7.186879999036955
MOBEAST051,T13,Algae,Table 1,2024-06-03T00:00:00Z,2024-06-03,00:00:00,2024-06-03,00:00:00,2024-06-03 00:00:00,7407.4074084,1.35,cyano,173.01599999999996,FCM,not outlier,0.34049999999993474,0.009079999998781538
MOBEAST051,T13,Algae,Table 1,2024-06-03T00:00:00Z,2024-06-03,00:00:00,2024-06-03,00:00:00,2024-06-03 00:00:00,7407.4074084,1.35,chla_conc,0.2484,chla,not outlier,0.1548,0.004127999999446848
MOBEAST051,T13,Algae,Table 1,2024-06-03T00:00:00Z,2024-06-03,00:00:00,2024-06-03,00:00:00,2024-06-03 00:00:00,7407.4074084,1.35,npoc_u_m,362.210362426836,DOC,outlier,41.87932426919349,1.1167819803621775
MOBEAST051,T13,Algae,Table 1,2024-06-03T00:00:00Z,2024-06-03,00:00:00,2024-06-03,00:00:00,2024-06-03 00:00:00,7407.4074084,1.35,tn_u_m,11.2803158488438,DOC,not outlier,-0.08246053674304932,-0.002198947646186656
MOBEAST051,T13,Algae,Table 1,2024-06-03T00:00:00Z,2024-06-03,00:00:00,2024-06-03,00:00:00,2024-06-03 00:00:00,7407.4074084,1.35,coble_a,0.0161639248965598,fDOM,not outlier,0.002913087795394398,7.768234120010783e-5
MOBEAST051,T13,Algae,Table 1,2024-06-03T00:00:00Z,2024-06-03,00:00:00,2024-06-03,00:00:00,2024-06-03 00:00:00,7407.4074084,1.35,coble_b,0.101727114525438,fDOM,not outlier,0.028855965298678662,7.694924078616523e-4
MOBEAST051,T13,Algae,Table 1,2024-06-03T00:00:00Z,2024-06-03,00:00:00,2024-06-03,00:00:00,2024-06-03 00:00:00,7407.4074084,1.35,coble_c,0.0163784266058621,fDOM,outlier,0.008271284297915342,2.2056758124818637e-4
MOBEAST051,T13,Algae,Table 1,2024-06-03T00:00:00Z,2024-06-03,00:00:00,2024-06-03,00:00:00,2024-06-03 00:00:00,7407.4074084,1.35,coble_m,0.0209230256585715,fDOM,outlier,0.004773959969124698,1.2730559915959965e-4
MOBEAST051,T13,Algae,Table 1,2024-06-03T00:00:00Z,2024-06-03,00:00:00,2024-06-03,00:00:00,2024-06-03 00:00:00,7407.4074084,1.35,coble_t,0.0847534810783764,fDOM,not outlier,-0.1050695967847876,-0.002801855913885554
MOBEAST051,T13,Algae,Table 1,2024-06-03T00:00:00Z,2024-06-03,00:00:00,2024-06-03,00:00:00,2024-06-03 00:00:00,7407.4074084,1.35,m_to_c,1.2774747026727715,fDOM,not outlier,-0.7501257349302362,-0.020003352928792514
MOBEAST051,T13,Algae,Table 1,2024-06-03T00:00:00Z,2024-06-03,00:00:00,2024-06-03,00:00:00,2024-06-03 00:00:00,7407.4074084,1.35,bix,0.889671427810509,fDOM,not outlier,-0.16967297240105694,-0.00452461259675522
MOBEAST051,T13,Algae,Table 1,2024-06-03T00:00:00Z,2024-06-03,00:00:00,2024-06-03,00:00:00,2024-06-03 00:00:00,7407.4074084,1.35,hix,0.524297076954956,fDOM,not outlier,0.2526533119087145,0.006737421649996238
MOBEAST051,T13,Algae,Table 1,2024-06-03T00:00:00Z,2024-06-03,00:00:00,2024-06-03,00:00:00,2024-06-03 00:00:00,7407.4074084,1.35,fpeak,0.022022215357982,fDOM,not outlier,-0.0023610148063613924,-6.29603948278671e-5
MOBEAST051,T13,Algae,Table 1,2024-06-03T00:00:00Z,2024-06-03,00:00:00,2024-06-03,00:00:00,2024-06-03 00:00:00,7407.4074084,1.35,fi,1.82366841812021,fDOM,not outlier,-0.3586941258962053,-0.009565176689283741
MOBEAST051,T13,Algae,Table 1,2024-06-03T00:00:00Z,2024-06-03,00:00:00,2024-06-03,00:00:00,2024-06-03 00:00:00,7407.4074084,1.35,lignin,0.0770718739409176,fDOM,not outlier,-0.03742183732745989,-9.979156619318763e-4
MOBEAST051,T13,Algae,Table 1,2024-06-03T00:00:00Z,2024-06-03,00:00:00,2024-06-03,00:00:00,2024-06-03 00:00:00,7407.4074084,1.35,N_N,1.551,nutrients,not outlier,-0.2769999999999997,-0.0073866666656768444
MOBEAST051,T13,Algae,Table 1,2024-06-03T00:00:00Z,2024-06-03,00:00:00,2024-06-03,00:00:00,2024-06-03 00:00:00,7407.4074084,1.35,NO2,0.6708281922,nutrients,outlier,0.4892100363,0.013045600966251888
MOBEAST051,T13,Algae,Table 1,2024-06-03T00:00:00Z,2024-06-03,00:00:00,2024-06-03,00:00:00,2024-06-03 00:00:00,7407.4074084,1.35,PO4,0.08038953749,nutrients,not outlier,-0.028522002210000008,-7.605867254980815e-4
MOBEAST051,T13,Algae,Table 1,2024-06-03T00:00:00Z,2024-06-03,00:00:00,2024-06-03,00:00:00,2024-06-03 00:00:00,7407.4074084,1.35,SiO2,0.1828172026,nutrients,not outlier,0.01790477755,4.774607346026869e-4
MOBEAST051,T13,Algae,Table 1,2024-06-03T00:00:00Z,2024-06-03,00:00:00,2024-06-03,00:00:00,2024-06-03 00:00:00,7407.4074084,1.35,NH3,1.358221619,nutrients,not outlier,0.46401982100000005,0.012373861891675235
MOBEAST051,T13,Algae,Table 1,2024-06-03T00:00:00Z,2024-06-03,00:00:00,2024-06-03,00:00:00,2024-06-03 00:00:00,7407.4074084,1.35,NO3,0.8801718077999999,nutrients,not outlier,-0.7662100362999998,-0.020432267631928736
MOBEAST052,T14,Algae,Table 1,2024-06-03T00:00:00Z,2024-06-03,00:00:00,2024-06-03,00:00:00,2024-06-03 00:00:00,6896.551724137931,1.45,het_bact,545.467,FCM,not outlier,54.56700000000001,1.5629066666666667
MOBEAST052,T14,Algae,Table 1,2024-06-03T00:00:00Z,2024-06-03,00:00:00,2024-06-03,00:00:00,2024-06-03 00:00:00,6896.551724137931,1.45,pico_euk,0.55,FCM,not outlier,-0.16649999999999987,-0.004768888888888885
MOBEAST052,T14,Algae,Table 1,2024-06-03T00:00:00Z,2024-06-03,00:00:00,2024-06-03,00:00:00,2024-06-03 00:00:00,6896.551724137931,1.45,syn,106.367,FCM,not outlier,-46.76650000000002,-1.3394849382716054
MOBEAST052,T14,Algae,Table 1,2024-06-03T00:00:00Z,2024-06-03,00:00:00,2024-06-03,00:00:00,2024-06-03 00:00:00,6896.551724137931,1.45,pro,17.767,FCM,not outlier,-1.7750000000000021,-0.05083950617283956
MOBEAST052,T14,Algae,Table 1,2024-06-03T00:00:00Z,2024-06-03,00:00:00,2024-06-03,00:00:00,2024-06-03 00:00:00,6896.551724137931,1.45,tot_bact,669.6,FCM,not outlier,6.024999999999977,0.17256790123456722
MOBEAST052,T14,Algae,Table 1,2024-06-03T00:00:00Z,2024-06-03,00:00:00,2024-06-03,00:00:00,2024-06-03 00:00:00,6896.551724137931,1.45,cyano,124.134,FCM,not outlier,-48.54150000000003,-1.3903244444444451
MOBEAST052,T14,Algae,Table 1,2024-06-03T00:00:00Z,2024-06-03,00:00:00,2024-06-03,00:00:00,2024-06-03 00:00:00,6896.551724137931,1.45,chla_conc,0.01439999999999999,chla,not outlier,-0.07920000000000002,-0.002268444444444445
MOBEAST052,T14,Algae,Table 1,2024-06-03T00:00:00Z,2024-06-03,00:00:00,2024-06-03,00:00:00,2024-06-03 00:00:00,6896.551724137931,1.45,npoc_u_m,99.5279209371644,DOC,not outlier,-220.80311722047813,-6.324237431500114
MOBEAST052,T14,Algae,Table 1,2024-06-03T00:00:00Z,2024-06-03,00:00:00,2024-06-03,00:00:00,2024-06-03 00:00:00,6896.551724137931,1.45,tn_u_m,9.84171860609565,DOC,not outlier,-1.5210577794911995,-0.04356609936320472
MOBEAST052,T14,Algae,Table 1,2024-06-03T00:00:00Z,2024-06-03,00:00:00,2024-06-03,00:00:00,2024-06-03 00:00:00,6896.551724137931,1.45,coble_a,0.0161367734881877,fDOM,not outlier,0.0028859363870222983,8.265891873940409e-5
MOBEAST052,T14,Algae,Table 1,2024-06-03T00:00:00Z,2024-06-03,00:00:00,2024-06-03,00:00:00,2024-06-03 00:00:00,6896.551724137931,1.45,coble_b,0.103195484985646,fDOM,not outlier,0.030324335758886656,8.685488760570004e-4
MOBEAST052,T14,Algae,Table 1,2024-06-03T00:00:00Z,2024-06-03,00:00:00,2024-06-03,00:00:00,2024-06-03 00:00:00,6896.551724137931,1.45,coble_c,0.0142023487896293,fDOM,not outlier,0.00609520648168254,1.7457875354942581e-4
MOBEAST052,T14,Algae,Table 1,2024-06-03T00:00:00Z,2024-06-03,00:00:00,2024-06-03,00:00:00,2024-06-03 00:00:00,6896.551724137931,1.45,coble_m,0.0191916984010338,fDOM,not outlier,0.0030426327115869976,8.714701099854116e-5
MOBEAST052,T14,Algae,Table 1,2024-06-03T00:00:00Z,2024-06-03,00:00:00,2024-06-03,00:00:00,2024-06-03 00:00:00,6896.551724137931,1.45,coble_t,0.0823869062960122,fDOM,not outlier,-0.1074361715671518,-0.0030771841732813846
MOBEAST052,T14,Algae,Table 1,2024-06-03T00:00:00Z,2024-06-03,00:00:00,2024-06-03,00:00:00,2024-06-03 00:00:00,6896.551724137931,1.45,m_to_c,1.3513045402073054,fDOM,not outlier,-0.6762958973957023,-0.01937045039454357
MOBEAST052,T14,Algae,Table 1,2024-06-03T00:00:00Z,2024-06-03,00:00:00,2024-06-03,00:00:00,2024-06-03 00:00:00,6896.551724137931,1.45,bix,0.884669477624331,fDOM,not outlier,-0.17467492258723494,-0.005003034819782531
MOBEAST052,T14,Algae,Table 1,2024-06-03T00:00:00Z,2024-06-03,00:00:00,2024-06-03,00:00:00,2024-06-03 00:00:00,6896.551724137931,1.45,hix,0.544819497078094,fDOM,not outlier,0.27317573203185247,0.007824292571776513
MOBEAST052,T14,Algae,Table 1,2024-06-03T00:00:00Z,2024-06-03,00:00:00,2024-06-03,00:00:00,2024-06-03 00:00:00,6896.551724137931,1.45,fpeak,0.0236187985214951,fDOM,not outlier,-7.644316428482914e-4,-2.189483223960538e-5
MOBEAST052,T14,Algae,Table 1,2024-06-03T00:00:00Z,2024-06-03,00:00:00,2024-06-03,00:00:00,2024-06-03 00:00:00,6896.551724137931,1.45,fi,1.86968406989791,fDOM,not outlier,-0.31267847411850536,-0.008955729135246079
MOBEAST052,T14,Algae,Table 1,2024-06-03T00:00:00Z,2024-06-03,00:00:00,2024-06-03,00:00:00,2024-06-03 00:00:00,6896.551724137931,1.45,lignin,0.0522756286304756,fDOM,not outlier,-0.0622180826379019,-0.001782048786665832
MOBEAST052,T14,Algae,Table 1,2024-06-03T00:00:00Z,2024-06-03,00:00:00,2024-06-03,00:00:00,2024-06-03 00:00:00,6896.551724137931,1.45,N_N,1.408,nutrients,not outlier,-0.4199999999999997,-0.012029629629629621
MOBEAST052,T14,Algae,Table 1,2024-06-03T00:00:00Z,2024-06-03,00:00:00,2024-06-03,00:00:00,2024-06-03 00:00:00,6896.551724137931,1.45,NO2,0.01,nutrients,not outlier,-0.1716181559,-0.00491548298380247
MOBEAST052,T14,Algae,Table 1,2024-06-03T00:00:00Z,2024-06-03,00:00:00,2024-06-03,00:00:00,2024-06-03 00:00:00,6896.551724137931,1.45,PO4,0.1251608535,nutrients,not outlier,0.016249313799999998,4.654124446419752e-4
MOBEAST052,T14,Algae,Table 1,2024-06-03T00:00:00Z,2024-06-03,00:00:00,2024-06-03,00:00:00,2024-06-03 00:00:00,6896.551724137931,1.45,SiO2,0.373173259,nutrients,not outlier,0.20826083394999997,0.005965001663753085
MOBEAST052,T14,Algae,Table 1,2024-06-03T00:00:00Z,2024-06-03,00:00:00,2024-06-03,00:00:00,2024-06-03 00:00:00,6896.551724137931,1.45,NH3,2.674660857,nutrients,not outlier,1.780459059,0.05099586440592592
MOBEAST052,T14,Algae,Table 1,2024-06-03T00:00:00Z,2024-06-03,00:00:00,2024-06-03,00:00:00,2024-06-03 00:00:00,6896.551724137931,1.45,NO3,1.398,nutrients,not outlier,-0.24838184409999986,-0.007114146645827156
MOBEAST053,T15,Control,Table 1,2024-06-03T00:00:00Z,2024-06-03,00:00:00,2024-06-03,00:00:00,2024-06-03 00:00:00,5084.745762711864,1.9666666666666663,het_bact,519.467,FCM,not outlier,28.567000000000007,1.1097632921810703
MOBEAST053,T15,Control,Table 1,2024-06-03T00:00:00Z,2024-06-03,00:00:00,2024-06-03,00:00:00,2024-06-03 00:00:00,5084.745762711864,1.9666666666666663,pico_euk,0.967,FCM,not outlier,0.25050000000000006,0.00973135802469136
MOBEAST053,T15,Control,Table 1,2024-06-03T00:00:00Z,2024-06-03,00:00:00,2024-06-03,00:00:00,2024-06-03 00:00:00,5084.745762711864,1.9666666666666663,syn,148.95,FCM,not outlier,-4.183500000000038,-0.16251950617284097
MOBEAST053,T15,Control,Table 1,2024-06-03T00:00:00Z,2024-06-03,00:00:00,2024-06-03,00:00:00,2024-06-03 00:00:00,5084.745762711864,1.9666666666666663,pro,25.167,FCM,not outlier,5.625,0.21851851851851853
MOBEAST053,T15,Control,Table 1,2024-06-03T00:00:00Z,2024-06-03,00:00:00,2024-06-03,00:00:00,2024-06-03 00:00:00,5084.745762711864,1.9666666666666663,tot_bact,693.583,FCM,not outlier,30.007999999999925,1.1657428806584333
MOBEAST053,T15,Control,Table 1,2024-06-03T00:00:00Z,2024-06-03,00:00:00,2024-06-03,00:00:00,2024-06-03 00:00:00,5084.745762711864,1.9666666666666663,cyano,174.11699999999996,FCM,not outlier,1.4414999999999338,0.05599901234567644
MOBEAST053,T15,Control,Table 1,2024-06-03T00:00:00Z,2024-06-03,00:00:00,2024-06-03,00:00:00,2024-06-03 00:00:00,5084.745762711864,1.9666666666666663,chla_conc,0.1436,chla,not outlier,0.05,0.00194238683127572
MOBEAST053,T15,Control,Table 1,2024-06-03T00:00:00Z,2024-06-03,00:00:00,2024-06-03,00:00:00,2024-06-03 00:00:00,5084.745762711864,1.9666666666666663,npoc_u_m,93.1169707011248,DOC,not outlier,-227.21406745651774,-8.826752250162665
MOBEAST053,T15,Control,Table 1,2024-06-03T00:00:00Z,2024-06-03,00:00:00,2024-06-03,00:00:00,2024-06-03 00:00:00,5084.745762711864,1.9666666666666663,tn_u_m,12.1227698173017,DOC,not outlier,0.7599934317148502,0.029524024672379367
MOBEAST053,T15,Control,Table 1,2024-06-03T00:00:00Z,2024-06-03,00:00:00,2024-06-03,00:00:00,2024-06-03 00:00:00,5084.745762711864,1.9666666666666663,coble_a,0.0161838241547345,fDOM,not outlier,0.0029329870535690986,1.1393990858309584e-4
MOBEAST053,T15,Control,Table 1,2024-06-03T00:00:00Z,2024-06-03,00:00:00,2024-06-03,00:00:00,2024-06-03 00:00:00,5084.745762711864,1.9666666666666663,coble_b,0.108457605232451,fDOM,not outlier,0.03558645600569166,0.0013824532703445647
MOBEAST053,T15,Control,Table 1,2024-06-03T00:00:00Z,2024-06-03,00:00:00,2024-06-03,00:00:00,2024-06-03 00:00:00,5084.745762711864,1.9666666666666663,coble_c,0.0109774512014353,fDOM,not outlier,0.0028703088934885403,1.1150500392811449e-4
MOBEAST053,T15,Control,Table 1,2024-06-03T00:00:00Z,2024-06-03,00:00:00,2024-06-03,00:00:00,2024-06-03 00:00:00,5084.745762711864,1.9666666666666663,coble_m,0.0200729279347153,fDOM,not outlier,0.003923862245268497,1.5243316705899015e-4
MOBEAST053,T15,Control,Table 1,2024-06-03T00:00:00Z,2024-06-03,00:00:00,2024-06-03,00:00:00,2024-06-03 00:00:00,5084.745762711864,1.9666666666666663,coble_t,0.0989254274495726,fDOM,not outlier,-0.0908976504135914,-0.0035311679831452787
MOBEAST053,T15,Control,Table 1,2024-06-03T00:00:00Z,2024-06-03,00:00:00,2024-06-03,00:00:00,2024-06-03 00:00:00,5084.745762711864,1.9666666666666663,m_to_c,1.8285599786670668,fDOM,not outlier,-0.1990404589359409,-0.007732271326564948
MOBEAST053,T15,Control,Table 1,2024-06-03T00:00:00Z,2024-06-03,00:00:00,2024-06-03,00:00:00,2024-06-03 00:00:00,5084.745762711864,1.9666666666666663,bix,0.85919708113195,fDOM,not outlier,-0.20014731907961592,-0.007775270337907713
MOBEAST053,T15,Control,Table 1,2024-06-03T00:00:00Z,2024-06-03,00:00:00,2024-06-03,00:00:00,2024-06-03 00:00:00,5084.745762711864,1.9666666666666663,hix,0.490716379512179,fDOM,not outlier,0.2190726144659375,0.008510475228635597
MOBEAST053,T15,Control,Table 1,2024-06-03T00:00:00Z,2024-06-03,00:00:00,2024-06-03,00:00:00,2024-06-03 00:00:00,5084.745762711864,1.9666666666666663,fpeak,0.0140580188719264,fDOM,not outlier,-0.010325211292416992,-4.011110888906025e-4
MOBEAST053,T15,Control,Table 1,2024-06-03T00:00:00Z,2024-06-03,00:00:00,2024-06-03,00:00:00,2024-06-03 00:00:00,5084.745762711864,1.9666666666666663,fi,2.12597207202737,fDOM,not outlier,-0.056390471989045565,-0.0021906422040188895
MOBEAST053,T15,Control,Table 1,2024-06-03T00:00:00Z,2024-06-03,00:00:00,2024-06-03,00:00:00,2024-06-03 00:00:00,5084.745762711864,1.9666666666666663,lignin,0.0427546352050586,fDOM,not outlier,-0.07173907606331889,-0.002786900732665557
MOBEAST053,T15,Control,Table 1,2024-06-03T00:00:00Z,2024-06-03,00:00:00,2024-06-03,00:00:00,2024-06-03 00:00:00,5084.745762711864,1.9666666666666663,N_N,1.567,nutrients,not outlier,-0.2609999999999997,-0.010139259259259247
MOBEAST053,T15,Control,Table 1,2024-06-03T00:00:00Z,2024-06-03,00:00:00,2024-06-03,00:00:00,2024-06-03 00:00:00,5084.745762711864,1.9666666666666663,NO2,0.4095956961,nutrients,outlier,0.2279775402,0.008856411438222222
MOBEAST053,T15,Control,Table 1,2024-06-03T00:00:00Z,2024-06-03,00:00:00,2024-06-03,00:00:00,2024-06-03 00:00:00,5084.745762711864,1.9666666666666663,PO4,0.1292403225,nutrients,not outlier,0.0203287828,7.897272001316872e-4
MOBEAST053,T15,Control,Table 1,2024-06-03T00:00:00Z,2024-06-03,00:00:00,2024-06-03,00:00:00,2024-06-03 00:00:00,5084.745762711864,1.9666666666666663,SiO2,0.333594277,nutrients,not outlier,0.16868185195,0.006552908158057613
MOBEAST053,T15,Control,Table 1,2024-06-03T00:00:00Z,2024-06-03,00:00:00,2024-06-03,00:00:00,2024-06-03 00:00:00,5084.745762711864,1.9666666666666663,NH3,3.106776425,nutrients,not outlier,2.212574627,0.08595351637399178
MOBEAST053,T15,Control,Table 1,2024-06-03T00:00:00Z,2024-06-03,00:00:00,2024-06-03,00:00:00,2024-06-03 00:00:00,5084.745762711864,1.9666666666666663,NO3,1.1574043039,nutrients,not outlier,-0.48897754019999984,-0.018995670697481475
MOBEAST054,T16,Coral,Table 1,2024-06-03T00:00:00Z,2024-06-03,00:00:00,2024-06-03,00:00:00,2024-06-03 00:00:00,1744.1860465116279,5.733333333333333,het_bact,479.417,FCM,not outlier,-11.483000000000004,-1.3004615637860086
MOBEAST054,T16,Coral,Table 1,2024-06-03T00:00:00Z,2024-06-03,00:00:00,2024-06-03,00:00:00,2024-06-03 00:00:00,1744.1860465116279,5.733333333333333,pico_euk,0.8,FCM,not outlier,0.08350000000000013,0.009456460905349809
MOBEAST054,T16,Coral,Table 1,2024-06-03T00:00:00Z,2024-06-03,00:00:00,2024-06-03,00:00:00,2024-06-03 00:00:00,1744.1860465116279,5.733333333333333,syn,140.883,FCM,not outlier,-12.250500000000017,-1.3873817283950636
MOBEAST054,T16,Coral,Table 1,2024-06-03T00:00:00Z,2024-06-03,00:00:00,2024-06-03,00:00:00,2024-06-03 00:00:00,1744.1860465116279,5.733333333333333,pro,20.117,FCM,not outlier,0.5749999999999993,0.06511934156378593
MOBEAST054,T16,Coral,Table 1,2024-06-03T00:00:00Z,2024-06-03,00:00:00,2024-06-03,00:00:00,2024-06-03 00:00:00,1744.1860465116279,5.733333333333333,tot_bact,640.417,FCM,not outlier,-23.158000000000015,-2.6226673251028823
MOBEAST054,T16,Coral,Table 1,2024-06-03T00:00:00Z,2024-06-03,00:00:00,2024-06-03,00:00:00,2024-06-03 00:00:00,1744.1860465116279,5.733333333333333,cyano,160.99999999999994,FCM,not outlier,-11.675500000000085,-1.3222623868312853
MOBEAST054,T16,Coral,Table 1,2024-06-03T00:00:00Z,2024-06-03,00:00:00,2024-06-03,00:00:00,2024-06-03 00:00:00,1744.1860465116279,5.733333333333333,chla_conc,0.0764,chla,not outlier,-0.017200000000000007,-0.0019479176954732517
MOBEAST054,T16,Coral,Table 1,2024-06-03T00:00:00Z,2024-06-03,00:00:00,2024-06-03,00:00:00,2024-06-03 00:00:00,1744.1860465116279,5.733333333333333,npoc_u_m,89.4535705662451,DOC,not outlier,-230.87746759139742,-26.147110732984594
MOBEAST054,T16,Coral,Table 1,2024-06-03T00:00:00Z,2024-06-03,00:00:00,2024-06-03,00:00:00,2024-06-03 00:00:00,1744.1860465116279,5.733333333333333,tn_u_m,11.0482840354973,DOC,not outlier,-0.3144923500895498,-0.03561658219944202
MOBEAST054,T16,Coral,Table 1,2024-06-03T00:00:00Z,2024-06-03,00:00:00,2024-06-03,00:00:00,2024-06-03 00:00:00,1744.1860465116279,5.733333333333333,coble_a,0.0123763251322656,fDOM,not outlier,-8.745119688998004e-4,-9.90393801815741e-5
MOBEAST054,T16,Coral,Table 1,2024-06-03T00:00:00Z,2024-06-03,00:00:00,2024-06-03,00:00:00,2024-06-03 00:00:00,1744.1860465116279,5.733333333333333,coble_b,0.0970909299527098,fDOM,not outlier,0.024219780725950463,0.0027429150846837724
MOBEAST054,T16,Coral,Table 1,2024-06-03T00:00:00Z,2024-06-03,00:00:00,2024-06-03,00:00:00,2024-06-03 00:00:00,1744.1860465116279,5.733333333333333,coble_c,0.0105150955439225,fDOM,not outlier,0.00240795323597574,2.727031812923965e-4
MOBEAST054,T16,Coral,Table 1,2024-06-03T00:00:00Z,2024-06-03,00:00:00,2024-06-03,00:00:00,2024-06-03 00:00:00,1744.1860465116279,5.733333333333333,coble_m,0.0169427833216572,fDOM,not outlier,7.93717632210398e-4,8.988933842975371e-5
MOBEAST054,T16,Coral,Table 1,2024-06-03T00:00:00Z,2024-06-03,00:00:00,2024-06-03,00:00:00,2024-06-03 00:00:00,1744.1860465116279,5.733333333333333,coble_t,0.0895882116970575,fDOM,not outlier,-0.1002348661661065,-0.011351701715601856
MOBEAST054,T16,Coral,Table 1,2024-06-03T00:00:00Z,2024-06-03,00:00:00,2024-06-03,00:00:00,2024-06-03 00:00:00,1744.1860465116279,5.733333333333333,m_to_c,1.6112819185413647,fDOM,not outlier,-0.41631851906164297,-0.047148500594964664
MOBEAST054,T16,Coral,Table 1,2024-06-03T00:00:00Z,2024-06-03,00:00:00,2024-06-03,00:00:00,2024-06-03 00:00:00,1744.1860465116279,5.733333333333333,bix,0.883819911118026,fDOM,not outlier,-0.1755244890935399,-0.019878328970593488
MOBEAST054,T16,Coral,Table 1,2024-06-03T00:00:00Z,2024-06-03,00:00:00,2024-06-03,00:00:00,2024-06-03 00:00:00,1744.1860465116279,5.733333333333333,hix,0.425936047224051,fDOM,not outlier,0.1542922821778095,0.017473759693552745
MOBEAST054,T16,Coral,Table 1,2024-06-03T00:00:00Z,2024-06-03,00:00:00,2024-06-03,00:00:00,2024-06-03 00:00:00,1744.1860465116279,5.733333333333333,fpeak,0.0343046705550475,fDOM,not outlier,0.009921440390704112,0.0011236133314904409
MOBEAST054,T16,Coral,Table 1,2024-06-03T00:00:00Z,2024-06-03,00:00:00,2024-06-03,00:00:00,2024-06-03 00:00:00,1744.1860465116279,5.733333333333333,fi,1.84021957752386,fDOM,not outlier,-0.3421429664925555,-0.03874804295421863
MOBEAST054,T16,Coral,Table 1,2024-06-03T00:00:00Z,2024-06-03,00:00:00,2024-06-03,00:00:00,2024-06-03 00:00:00,1744.1860465116279,5.733333333333333,lignin,0.02222870746994,fDOM,not outlier,-0.0922650037984375,-0.01044910660301646
MOBEAST054,T16,Coral,Table 1,2024-06-03T00:00:00Z,2024-06-03,00:00:00,2024-06-03,00:00:00,2024-06-03 00:00:00,1744.1860465116279,5.733333333333333,N_N,2.062,nutrients,not outlier,0.2340000000000002,0.026500740740740762
MOBEAST054,T16,Coral,Table 1,2024-06-03T00:00:00Z,2024-06-03,00:00:00,2024-06-03,00:00:00,2024-06-03 00:00:00,1744.1860465116279,5.733333333333333,NO2,0.4472626958,nutrients,outlier,0.2656445399,0.030084517440526745
MOBEAST054,T16,Coral,Table 1,2024-06-03T00:00:00Z,2024-06-03,00:00:00,2024-06-03,00:00:00,2024-06-03 00:00:00,1744.1860465116279,5.733333333333333,PO4,0.1772683575,nutrients,outlier,0.0683568178,0.007741479941794239
MOBEAST054,T16,Coral,Table 1,2024-06-03T00:00:00Z,2024-06-03,00:00:00,2024-06-03,00:00:00,2024-06-03 00:00:00,1744.1860465116279,5.733333333333333,SiO2,0.3769426858,nutrients,not outlier,0.21203026075,0.024012645168065845
MOBEAST054,T16,Coral,Table 1,2024-06-03T00:00:00Z,2024-06-03,00:00:00,2024-06-03,00:00:00,2024-06-03 00:00:00,1744.1860465116279,5.733333333333333,NH3,2.058938207,nutrients,not outlier,1.164736409,0.13190759660773663
MOBEAST054,T16,Coral,Table 1,2024-06-03T00:00:00Z,2024-06-03,00:00:00,2024-06-03,00:00:00,2024-06-03 00:00:00,1744.1860465116279,5.733333333333333,NO3,1.6147373041999995,nutrients,not outlier,-0.03164453990000027,-0.0035837766997860385
MOBEAST057,T1,Algae,Table 2,2024-06-03T06:00:00Z,2024-06-03,06:00:00,2024-06-03,06:00:00,2024-06-03 06:00:00,5000,2,het_bact,463.245,FCM,not outlier,-3.634999999999991,-0.14360493827160456
MOBEAST057,T1,Algae,Table 2,2024-06-03T06:00:00Z,2024-06-03,06:00:00,2024-06-03,06:00:00,2024-06-03 06:00:00,5000,2,pico_euk,0.216,FCM,not outlier,-0.025499999999999995,-0.0010074074074074072
MOBEAST057,T1,Algae,Table 2,2024-06-03T06:00:00Z,2024-06-03,06:00:00,2024-06-03,06:00:00,2024-06-03 06:00:00,5000,2,syn,84.359,FCM,not outlier,-18.565000000000012,-0.7334320987654325
MOBEAST057,T1,Algae,Table 2,2024-06-03T06:00:00Z,2024-06-03,06:00:00,2024-06-03,06:00:00,2024-06-03 06:00:00,5000,2,pro,17.121,FCM,not outlier,-3.5625000000000036,-0.14074074074074086
MOBEAST057,T1,Algae,Table 2,2024-06-03T06:00:00Z,2024-06-03,06:00:00,2024-06-03,06:00:00,2024-06-03 06:00:00,5000,2,tot_bact,564.725,FCM,not outlier,-25.763000000000034,-1.0177975308641987
MOBEAST057,T1,Algae,Table 2,2024-06-03T06:00:00Z,2024-06-03,06:00:00,2024-06-03,06:00:00,2024-06-03 06:00:00,5000,2,cyano,101.48000000000002,FCM,not outlier,-22.12749999999997,-0.8741728395061715
MOBEAST057,T1,Algae,Table 2,2024-06-03T06:00:00Z,2024-06-03,06:00:00,2024-06-03,06:00:00,2024-06-03 06:00:00,5000,2,chla_conc,0.034,chla,not outlier,0.0206,8.138271604938271e-4
MOBEAST057,T1,Algae,Table 2,2024-06-03T06:00:00Z,2024-06-03,06:00:00,2024-06-03,06:00:00,2024-06-03 06:00:00,5000,2,npoc_u_m,84.5412840217473,DOC,not outlier,9.474884894302605,0.37431644026874483
MOBEAST057,T1,Algae,Table 2,2024-06-03T06:00:00Z,2024-06-03,06:00:00,2024-06-03,06:00:00,2024-06-03 06:00:00,5000,2,tn_u_m,10.0537599862923,DOC,not outlier,-0.05069002691569935,-0.0020025689645708383
MOBEAST057,T1,Algae,Table 2,2024-06-03T06:00:00Z,2024-06-03,06:00:00,2024-06-03,06:00:00,2024-06-03 06:00:00,5000,2,coble_a,0.00888718186868076,fDOM,not outlier,-0.0015356930575937955,-6.0669355361730186e-5
MOBEAST057,T1,Algae,Table 2,2024-06-03T06:00:00Z,2024-06-03,06:00:00,2024-06-03,06:00:00,2024-06-03 06:00:00,5000,2,coble_b,0.0331568530315508,fDOM,not outlier,-0.03777647269828025,-0.0014924038596851456
MOBEAST057,T1,Algae,Table 2,2024-06-03T06:00:00Z,2024-06-03,06:00:00,2024-06-03,06:00:00,2024-06-03 06:00:00,5000,2,coble_c,0.0083698453460601,fDOM,not outlier,8.561809864427545e-4,3.3824434032306345e-5
MOBEAST057,T1,Algae,Table 2,2024-06-03T06:00:00Z,2024-06-03,06:00:00,2024-06-03,06:00:00,2024-06-03 06:00:00,5000,2,coble_m,0.0115334530418542,fDOM,not outlier,-8.35537719929301e-4,-3.300889757745386e-5
MOBEAST057,T1,Algae,Table 2,2024-06-03T06:00:00Z,2024-06-03,06:00:00,2024-06-03,06:00:00,2024-06-03 06:00:00,5000,2,coble_t,0.0610722224661148,fDOM,not outlier,-0.008393837228957209,-3.31608384353865e-4
MOBEAST057,T1,Algae,Table 2,2024-06-03T06:00:00Z,2024-06-03,06:00:00,2024-06-03,06:00:00,2024-06-03 06:00:00,5000,2,m_to_c,1.3779768400718768,fDOM,not outlier,-0.2719052775246089,-0.010741936889861092
MOBEAST057,T1,Algae,Table 2,2024-06-03T06:00:00Z,2024-06-03,06:00:00,2024-06-03,06:00:00,2024-06-03 06:00:00,5000,2,bix,0.990617834688734,fDOM,not outlier,0.303935837392175,0.012007341724135307
MOBEAST057,T1,Algae,Table 2,2024-06-03T06:00:00Z,2024-06-03,06:00:00,2024-06-03,06:00:00,2024-06-03 06:00:00,5000,2,hix,0.483617388990106,fDOM,not outlier,-0.04040653899220947,-0.001596307713272473
MOBEAST057,T1,Algae,Table 2,2024-06-03T06:00:00Z,2024-06-03,06:00:00,2024-06-03,06:00:00,2024-06-03 06:00:00,5000,2,fpeak,0.0325326179987377,fDOM,not outlier,0.0064294821717367535,2.540042339451556e-4
MOBEAST057,T1,Algae,Table 2,2024-06-03T06:00:00Z,2024-06-03,06:00:00,2024-06-03,06:00:00,2024-06-03 06:00:00,5000,2,fi,1.42827117201859,fDOM,not outlier,-0.3616338642165349,-0.014286769944356932
MOBEAST057,T1,Algae,Table 2,2024-06-03T06:00:00Z,2024-06-03,06:00:00,2024-06-03,06:00:00,2024-06-03 06:00:00,5000,2,lignin,0.0548944628741675,fDOM,not outlier,0.0387253074039451,0.001529888687563263
MOBEAST057,T1,Algae,Table 2,2024-06-03T06:00:00Z,2024-06-03,06:00:00,2024-06-03,06:00:00,2024-06-03 06:00:00,5000,2,N_N,0.732,nutrients,not outlier,-0.38050000000000006,-0.0150320987654321
MOBEAST057,T1,Algae,Table 2,2024-06-03T06:00:00Z,2024-06-03,06:00:00,2024-06-03,06:00:00,2024-06-03 06:00:00,5000,2,NO2,0.31463798,nutrients,not outlier,-0.3741676439,-0.014781931610864196
MOBEAST057,T1,Algae,Table 2,2024-06-03T06:00:00Z,2024-06-03,06:00:00,2024-06-03,06:00:00,2024-06-03 06:00:00,5000,2,PO4,0.1270463224,nutrients,not outlier,-0.012343404199999991,-4.87640659753086e-4
MOBEAST057,T1,Algae,Table 2,2024-06-03T06:00:00Z,2024-06-03,06:00:00,2024-06-03,06:00:00,2024-06-03 06:00:00,5000,2,SiO2,0.6276095719,nutrients,not outlier,0.03015541484999995,0.001191325031111109
MOBEAST057,T1,Algae,Table 2,2024-06-03T06:00:00Z,2024-06-03,06:00:00,2024-06-03,06:00:00,2024-06-03 06:00:00,5000,2,NH3,2.610684213,nutrients,not outlier,-9.156310313999999,-0.36173077783703694
MOBEAST057,T1,Algae,Table 2,2024-06-03T06:00:00Z,2024-06-03,06:00:00,2024-06-03,06:00:00,2024-06-03 06:00:00,5000,2,NO3,0.41736202,nutrients,not outlier,-0.006332356099999936,-2.5016715456789866e-4
MOBEAST058,T2,CCA,Table 2,2024-06-03T06:00:00Z,2024-06-03,06:00:00,2024-06-03,06:00:00,2024-06-03 06:00:00,23076.923076923078,0.43333333333333335,het_bact,397.717,FCM,not outlier,-69.16300000000001,-0.5920125102880659
MOBEAST058,T2,CCA,Table 2,2024-06-03T06:00:00Z,2024-06-03,06:00:00,2024-06-03,06:00:00,2024-06-03 06:00:00,23076.923076923078,0.43333333333333335,pico_euk,0.217,FCM,not outlier,-0.024499999999999994,-2.097119341563785e-4
MOBEAST058,T2,CCA,Table 2,2024-06-03T06:00:00Z,2024-06-03,06:00:00,2024-06-03,06:00:00,2024-06-03 06:00:00,23076.923076923078,0.43333333333333335,syn,62.467,FCM,not outlier,-40.45700000000001,-0.34629860082304526
MOBEAST058,T2,CCA,Table 2,2024-06-03T06:00:00Z,2024-06-03,06:00:00,2024-06-03,06:00:00,2024-06-03 06:00:00,23076.923076923078,0.43333333333333335,pro,17.783,FCM,not outlier,-2.900500000000001,-0.024827325102880663
MOBEAST058,T2,CCA,Table 2,2024-06-03T06:00:00Z,2024-06-03,06:00:00,2024-06-03,06:00:00,2024-06-03 06:00:00,23076.923076923078,0.43333333333333335,tot_bact,477.967,FCM,not outlier,-112.52100000000007,-0.9631427160493832
MOBEAST058,T2,CCA,Table 2,2024-06-03T06:00:00Z,2024-06-03,06:00:00,2024-06-03,06:00:00,2024-06-03 06:00:00,23076.923076923078,0.43333333333333335,cyano,80.25,FCM,not outlier,-43.35749999999999,-0.37112592592592575
MOBEAST058,T2,CCA,Table 2,2024-06-03T06:00:00Z,2024-06-03,06:00:00,2024-06-03,06:00:00,2024-06-03 06:00:00,23076.923076923078,0.43333333333333335,chla_conc,0.0088,chla,not outlier,-0.0046,-3.937448559670781e-5
MOBEAST058,T2,CCA,Table 2,2024-06-03T06:00:00Z,2024-06-03,06:00:00,2024-06-03,06:00:00,2024-06-03 06:00:00,23076.923076923078,0.43333333333333335,npoc_u_m,79.3792201953258,DOC,not outlier,4.312821067881103,0.036916328482274455
MOBEAST058,T2,CCA,Table 2,2024-06-03T06:00:00Z,2024-06-03,06:00:00,2024-06-03,06:00:00,2024-06-03 06:00:00,23076.923076923078,0.43333333333333335,tn_u_m,9.55185732542283,DOC,not outlier,-0.5525926877851699,-0.004730011483922441
MOBEAST058,T2,CCA,Table 2,2024-06-03T06:00:00Z,2024-06-03,06:00:00,2024-06-03,06:00:00,2024-06-03 06:00:00,23076.923076923078,0.43333333333333335,coble_a,0.0128839298897995,fDOM,not outlier,0.0024610549635249446,2.1065820263917217e-5
MOBEAST058,T2,CCA,Table 2,2024-06-03T06:00:00Z,2024-06-03,06:00:00,2024-06-03,06:00:00,2024-06-03 06:00:00,23076.923076923078,0.43333333333333335,coble_b,0.0484423676773745,fDOM,not outlier,-0.02249095805245655,-1.925151964983935e-4
MOBEAST058,T2,CCA,Table 2,2024-06-03T06:00:00Z,2024-06-03,06:00:00,2024-06-03,06:00:00,2024-06-03 06:00:00,23076.923076923078,0.43333333333333335,coble_c,0.0135525230949218,fDOM,not outlier,0.006038858735304455,5.169064267256487e-5
MOBEAST058,T2,CCA,Table 2,2024-06-03T06:00:00Z,2024-06-03,06:00:00,2024-06-03,06:00:00,2024-06-03 06:00:00,23076.923076923078,0.43333333333333335,coble_m,0.0145759895853026,fDOM,not outlier,0.0022069988235191,1.889118334534867e-5
MOBEAST058,T2,CCA,Table 2,2024-06-03T06:00:00Z,2024-06-03,06:00:00,2024-06-03,06:00:00,2024-06-03 06:00:00,23076.923076923078,0.43333333333333335,coble_t,0.0462911815608075,fDOM,not outlier,-0.023174878134264512,-1.9836932723979497e-4
MOBEAST058,T2,CCA,Table 2,2024-06-03T06:00:00Z,2024-06-03,06:00:00,2024-06-03,06:00:00,2024-06-03 06:00:00,23076.923076923078,0.43333333333333335,m_to_c,1.0755185202941508,fDOM,not outlier,-0.5743635973023349,-0.004916363302011754
MOBEAST058,T2,CCA,Table 2,2024-06-03T06:00:00Z,2024-06-03,06:00:00,2024-06-03,06:00:00,2024-06-03 06:00:00,23076.923076923078,0.43333333333333335,bix,0.845529117917144,fDOM,not outlier,0.15884712062058504,0.0013596790571638552
MOBEAST058,T2,CCA,Table 2,2024-06-03T06:00:00Z,2024-06-03,06:00:00,2024-06-03,06:00:00,2024-06-03 06:00:00,23076.923076923078,0.43333333333333335,hix,0.80921865623123,fDOM,outlier,0.28519472824891456,0.0024411729825421493
MOBEAST058,T2,CCA,Table 2,2024-06-03T06:00:00Z,2024-06-03,06:00:00,2024-06-03,06:00:00,2024-06-03 06:00:00,23076.923076923078,0.43333333333333335,fpeak,0.0317730208222706,fDOM,not outlier,0.005669884995269648,4.8532348930703154e-5
MOBEAST058,T2,CCA,Table 2,2024-06-03T06:00:00Z,2024-06-03,06:00:00,2024-06-03,06:00:00,2024-06-03 06:00:00,23076.923076923078,0.43333333333333335,fi,1.43472002894297,fDOM,not outlier,-0.35518500729215496,-0.003040266729085112
MOBEAST058,T2,CCA,Table 2,2024-06-03T06:00:00Z,2024-06-03,06:00:00,2024-06-03,06:00:00,2024-06-03 06:00:00,23076.923076923078,0.43333333333333335,lignin,0.0278047743678844,fDOM,not outlier,0.011635618897662,9.95970671075595e-5
MOBEAST058,T2,CCA,Table 2,2024-06-03T06:00:00Z,2024-06-03,06:00:00,2024-06-03,06:00:00,2024-06-03 06:00:00,23076.923076923078,0.43333333333333335,N_N,0.418,nutrients,not outlier,-0.6945000000000001,-0.005944691358024692
MOBEAST058,T2,CCA,Table 2,2024-06-03T06:00:00Z,2024-06-03,06:00:00,2024-06-03,06:00:00,2024-06-03 06:00:00,23076.923076923078,0.43333333333333335,NO2,0.3453247315,nutrients,not outlier,-0.3434808924,-0.0029400833588148147
MOBEAST058,T2,CCA,Table 2,2024-06-03T06:00:00Z,2024-06-03,06:00:00,2024-06-03,06:00:00,2024-06-03 06:00:00,23076.923076923078,0.43333333333333335,PO4,0.141924386,nutrients,not outlier,0.0025346594000000278,2.1695850008230687e-5
MOBEAST058,T2,CCA,Table 2,2024-06-03T06:00:00Z,2024-06-03,06:00:00,2024-06-03,06:00:00,2024-06-03 06:00:00,23076.923076923078,0.43333333333333335,SiO2,0.2600904532,nutrients,not outlier,-0.33736370385000003,-0.0028877222387160492
MOBEAST058,T2,CCA,Table 2,2024-06-03T06:00:00Z,2024-06-03,06:00:00,2024-06-03,06:00:00,2024-06-03 06:00:00,23076.923076923078,0.43333333333333335,NH3,3.806904529,nutrients,not outlier,-7.960089997999999,-0.06813574977711932
MOBEAST058,T2,CCA,Table 2,2024-06-03T06:00:00Z,2024-06-03,06:00:00,2024-06-03,06:00:00,2024-06-03 06:00:00,23076.923076923078,0.43333333333333335,NO3,0.0726752685,nutrients,not outlier,-0.35101910759999994,-0.0030046079992098757
MOBEAST059,T3,Control,Table 2,2024-06-03T06:00:00Z,2024-06-03,06:00:00,2024-06-03,06:00:00,2024-06-03 06:00:00,4615.384615384616,2.1666666666666665,het_bact,472.047,FCM,not outlier,5.16700000000003,0.22113909465020698
MOBEAST059,T3,Control,Table 2,2024-06-03T06:00:00Z,2024-06-03,06:00:00,2024-06-03,06:00:00,2024-06-03 06:00:00,4615.384615384616,2.1666666666666665,pico_euk,0.283,FCM,not outlier,0.04149999999999998,0.001776131687242797
MOBEAST059,T3,Control,Table 2,2024-06-03T06:00:00Z,2024-06-03,06:00:00,2024-06-03,06:00:00,2024-06-03 06:00:00,4615.384615384616,2.1666666666666665,syn,105.042,FCM,not outlier,2.117999999999995,0.09064691358024668
MOBEAST059,T3,Control,Table 2,2024-06-03T06:00:00Z,2024-06-03,06:00:00,2024-06-03,06:00:00,2024-06-03 06:00:00,4615.384615384616,2.1666666666666665,pro,19.634,FCM,not outlier,-1.0495000000000019,-0.04491687242798361
MOBEAST059,T3,Control,Table 2,2024-06-03T06:00:00Z,2024-06-03,06:00:00,2024-06-03,06:00:00,2024-06-03 06:00:00,4615.384615384616,2.1666666666666665,tot_bact,596.722,FCM,not outlier,6.233999999999924,0.2668049382716016
MOBEAST059,T3,Control,Table 2,2024-06-03T06:00:00Z,2024-06-03,06:00:00,2024-06-03,06:00:00,2024-06-03 06:00:00,4615.384615384616,2.1666666666666665,cyano,124.67600000000004,FCM,not outlier,1.068500000000057,0.0457300411522658
MOBEAST059,T3,Control,Table 2,2024-06-03T06:00:00Z,2024-06-03,06:00:00,2024-06-03,06:00:00,2024-06-03 06:00:00,4615.384615384616,2.1666666666666665,chla_conc,0.04440000000000001,chla,not outlier,0.031000000000000007,0.0013267489711934156
MOBEAST059,T3,Control,Table 2,2024-06-03T06:00:00Z,2024-06-03,06:00:00,2024-06-03,06:00:00,2024-06-03 06:00:00,4615.384615384616,2.1666666666666665,npoc_u_m,71.5278876335268,DOC,not outlier,-3.5385114939178948,-0.1514424672294078
MOBEAST059,T3,Control,Table 2,2024-06-03T06:00:00Z,2024-06-03,06:00:00,2024-06-03,06:00:00,2024-06-03 06:00:00,4615.384615384616,2.1666666666666665,tn_u_m,10.3250587218974,DOC,not outlier,0.22060870868940086,0.009441689589999046
MOBEAST059,T3,Control,Table 2,2024-06-03T06:00:00Z,2024-06-03,06:00:00,2024-06-03,06:00:00,2024-06-03 06:00:00,4615.384615384616,2.1666666666666665,coble_a,0.00737905520730257,fDOM,not outlier,-0.003043819718971986,-1.3027047356917138e-4
MOBEAST059,T3,Control,Table 2,2024-06-03T06:00:00Z,2024-06-03,06:00:00,2024-06-03,06:00:00,2024-06-03 06:00:00,4615.384615384616,2.1666666666666665,coble_b,0.0290958363307941,fDOM,not outlier,-0.04183748939903695,-0.0017905756779834738
MOBEAST059,T3,Control,Table 2,2024-06-03T06:00:00Z,2024-06-03,06:00:00,2024-06-03,06:00:00,2024-06-03 06:00:00,4615.384615384616,2.1666666666666665,coble_c,0.0057530442736604,fDOM,not outlier,-0.0017606200859569456,-7.535164153889806e-5
MOBEAST059,T3,Control,Table 2,2024-06-03T06:00:00Z,2024-06-03,06:00:00,2024-06-03,06:00:00,2024-06-03 06:00:00,4615.384615384616,2.1666666666666665,coble_m,0.00937381709426111,fDOM,not outlier,-0.00299517366752239,-1.2818850264293354e-4
MOBEAST059,T3,Control,Table 2,2024-06-03T06:00:00Z,2024-06-03,06:00:00,2024-06-03,06:00:00,2024-06-03 06:00:00,4615.384615384616,2.1666666666666665,coble_t,0.0977693603645066,fDOM,not outlier,0.028303300669434595,0.0012113346788564597
MOBEAST059,T3,Control,Table 2,2024-06-03T06:00:00Z,2024-06-03,06:00:00,2024-06-03,06:00:00,2024-06-03 06:00:00,4615.384615384616,2.1666666666666665,m_to_c,1.629366409915872,fDOM,not outlier,-0.020515707680613726,-8.780385180180357e-4
MOBEAST059,T3,Control,Table 2,2024-06-03T06:00:00Z,2024-06-03,06:00:00,2024-06-03,06:00:00,2024-06-03 06:00:00,4615.384615384616,2.1666666666666665,bix,1.08691879541183,fDOM,not outlier,0.400236798115271,0.017129476133328467
MOBEAST059,T3,Control,Table 2,2024-06-03T06:00:00Z,2024-06-03,06:00:00,2024-06-03,06:00:00,2024-06-03 06:00:00,4615.384615384616,2.1666666666666665,hix,0.30536084537906,fDOM,not outlier,-0.21866308260325545,-0.009358419996188708
MOBEAST059,T3,Control,Table 2,2024-06-03T06:00:00Z,2024-06-03,06:00:00,2024-06-03,06:00:00,2024-06-03 06:00:00,4615.384615384616,2.1666666666666665,fpeak,0.0200056691301021,fDOM,not outlier,-0.00609746669689885,-2.609615376450536e-4
MOBEAST059,T3,Control,Table 2,2024-06-03T06:00:00Z,2024-06-03,06:00:00,2024-06-03,06:00:00,2024-06-03 06:00:00,4615.384615384616,2.1666666666666665,fi,1.36389996348896,fDOM,not outlier,-0.42600507274616506,-0.018232315870617757
MOBEAST059,T3,Control,Table 2,2024-06-03T06:00:00Z,2024-06-03,06:00:00,2024-06-03,06:00:00,2024-06-03 06:00:00,4615.384615384616,2.1666666666666665,lignin,0.0311406397699054,fDOM,not outlier,0.014971484299683,6.40754883607832e-4
MOBEAST059,T3,Control,Table 2,2024-06-03T06:00:00Z,2024-06-03,06:00:00,2024-06-03,06:00:00,2024-06-03 06:00:00,4615.384615384616,2.1666666666666665,N_N,1.501,nutrients,not outlier,0.38849999999999985,0.016627160493827148
MOBEAST059,T3,Control,Table 2,2024-06-03T06:00:00Z,2024-06-03,06:00:00,2024-06-03,06:00:00,2024-06-03 06:00:00,4615.384615384616,2.1666666666666665,NO2,0.6622016591,nutrients,outlier,-0.026603964800000046,-0.0011386059009053514
MOBEAST059,T3,Control,Table 2,2024-06-03T06:00:00Z,2024-06-03,06:00:00,2024-06-03,06:00:00,2024-06-03 06:00:00,4615.384615384616,2.1666666666666665,PO4,0.1634187314,nutrients,outlier,0.024029004800000003,0.0010284018515226336
MOBEAST059,T3,Control,Table 2,2024-06-03T06:00:00Z,2024-06-03,06:00:00,2024-06-03,06:00:00,2024-06-03 06:00:00,4615.384615384616,2.1666666666666665,SiO2,0.1922407698,nutrients,not outlier,-0.40521338725000006,-0.0173424659563786
MOBEAST059,T3,Control,Table 2,2024-06-03T06:00:00Z,2024-06-03,06:00:00,2024-06-03,06:00:00,2024-06-03 06:00:00,4615.384615384616,2.1666666666666665,NH3,20.02477348,nutrients,outlier,8.257778953,0.35341934613662546
MOBEAST059,T3,Control,Table 2,2024-06-03T06:00:00Z,2024-06-03,06:00:00,2024-06-03,06:00:00,2024-06-03 06:00:00,4615.384615384616,2.1666666666666665,NO3,0.8387983408999999,nutrients,not outlier,0.4151039648,0.017765766394732506
MOBEAST060,T4,Algae,Table 2,2024-06-03T06:00:00Z,2024-06-03,06:00:00,2024-06-03,06:00:00,2024-06-03 06:00:00,2999.9999999999995,3.3333333333333335,het_bact,650.333,FCM,not outlier,183.45299999999997,12.079209876543208
MOBEAST060,T4,Algae,Table 2,2024-06-03T06:00:00Z,2024-06-03,06:00:00,2024-06-03,06:00:00,2024-06-03 06:00:00,2999.9999999999995,3.3333333333333335,pico_euk,0.416,FCM,not outlier,0.1745,0.011489711934156379
MOBEAST060,T4,Algae,Table 2,2024-06-03T06:00:00Z,2024-06-03,06:00:00,2024-06-03,06:00:00,2024-06-03 06:00:00,2999.9999999999995,3.3333333333333335,syn,99.101,FCM,not outlier,-3.8230000000000075,-0.251720164609054
MOBEAST060,T4,Algae,Table 2,2024-06-03T06:00:00Z,2024-06-03,06:00:00,2024-06-03,06:00:00,2024-06-03 06:00:00,2999.9999999999995,3.3333333333333335,pro,22.596,FCM,not outlier,1.9124999999999979,0.12592592592592577
MOBEAST060,T4,Algae,Table 2,2024-06-03T06:00:00Z,2024-06-03,06:00:00,2024-06-03,06:00:00,2024-06-03 06:00:00,2999.9999999999995,3.3333333333333335,tot_bact,772.03,FCM,not outlier,181.54199999999992,11.953382716049378
MOBEAST060,T4,Algae,Table 2,2024-06-03T06:00:00Z,2024-06-03,06:00:00,2024-06-03,06:00:00,2024-06-03 06:00:00,2999.9999999999995,3.3333333333333335,cyano,121.697,FCM,not outlier,-1.9104999999999848,-0.12579423868312656
MOBEAST060,T4,Algae,Table 2,2024-06-03T06:00:00Z,2024-06-03,06:00:00,2024-06-03,06:00:00,2024-06-03 06:00:00,2999.9999999999995,3.3333333333333335,chla_conc,0.3872,chla,not outlier,0.37379999999999997,0.024612345679012344
MOBEAST060,T4,Algae,Table 2,2024-06-03T06:00:00Z,2024-06-03,06:00:00,2024-06-03,06:00:00,2024-06-03 06:00:00,2999.9999999999995,3.3333333333333335,npoc_u_m,131.665931211337,DOC,not outlier,56.59953208389231,3.7267181619023746
MOBEAST060,T4,Algae,Table 2,2024-06-03T06:00:00Z,2024-06-03,06:00:00,2024-06-03,06:00:00,2024-06-03 06:00:00,2999.9999999999995,3.3333333333333335,tn_u_m,13.930476129281,DOC,not outlier,3.8260261160730007,0.25191941505007415
MOBEAST060,T4,Algae,Table 2,2024-06-03T06:00:00Z,2024-06-03,06:00:00,2024-06-03,06:00:00,2024-06-03 06:00:00,2999.9999999999995,3.3333333333333335,coble_a,0.0123701854374631,fDOM,not outlier,0.0019473105111885436,1.282179760453362e-4
MOBEAST060,T4,Algae,Table 2,2024-06-03T06:00:00Z,2024-06-03,06:00:00,2024-06-03,06:00:00,2024-06-03 06:00:00,2999.9999999999995,3.3333333333333335,coble_b,0.041615184686339,fDOM,not outlier,-0.02931814104349205,-0.0019304125789953615
MOBEAST060,T4,Algae,Table 2,2024-06-03T06:00:00Z,2024-06-03,06:00:00,2024-06-03,06:00:00,2024-06-03 06:00:00,2999.9999999999995,3.3333333333333335,coble_c,0.0130974602423822,fDOM,not outlier,0.005583795882764854,3.676573420750521e-4
MOBEAST060,T4,Algae,Table 2,2024-06-03T06:00:00Z,2024-06-03,06:00:00,2024-06-03,06:00:00,2024-06-03 06:00:00,2999.9999999999995,3.3333333333333335,coble_m,0.0126589352179098,fDOM,not outlier,2.899444561262985e-4,1.9090992995970273e-5
MOBEAST060,T4,Algae,Table 2,2024-06-03T06:00:00Z,2024-06-03,06:00:00,2024-06-03,06:00:00,2024-06-03 06:00:00,2999.9999999999995,3.3333333333333335,coble_t,0.0358521120490588,fDOM,not outlier,-0.03361394764601321,-0.0022132640425358494
MOBEAST060,T4,Algae,Table 2,2024-06-03T06:00:00Z,2024-06-03,06:00:00,2024-06-03,06:00:00,2024-06-03 06:00:00,2999.9999999999995,3.3333333333333335,m_to_c,0.9665183160431844,fDOM,not outlier,-0.6833638015533013,-0.04499514742737787
MOBEAST060,T4,Algae,Table 2,2024-06-03T06:00:00Z,2024-06-03,06:00:00,2024-06-03,06:00:00,2024-06-03 06:00:00,2999.9999999999995,3.3333333333333335,bix,0.821195346695598,fDOM,not outlier,0.13451334939903903,0.008856846050965532
MOBEAST060,T4,Algae,Table 2,2024-06-03T06:00:00Z,2024-06-03,06:00:00,2024-06-03,06:00:00,2024-06-03 06:00:00,2999.9999999999995,3.3333333333333335,hix,0.837902319092501,fDOM,outlier,0.31387839111018556,0.020666889949641845
MOBEAST060,T4,Algae,Table 2,2024-06-03T06:00:00Z,2024-06-03,06:00:00,2024-06-03,06:00:00,2024-06-03 06:00:00,2999.9999999999995,3.3333333333333335,fpeak,0.0181720224158607,fDOM,not outlier,-0.00793111341114025,-5.222132287170535e-4
MOBEAST060,T4,Algae,Table 2,2024-06-03T06:00:00Z,2024-06-03,06:00:00,2024-06-03,06:00:00,2024-06-03 06:00:00,2999.9999999999995,3.3333333333333335,fi,1.45385523942798,fDOM,not outlier,-0.336049796807145,-0.022126735592239998
MOBEAST060,T4,Algae,Table 2,2024-06-03T06:00:00Z,2024-06-03,06:00:00,2024-06-03,06:00:00,2024-06-03 06:00:00,2999.9999999999995,3.3333333333333335,lignin,0.0247216850217105,fDOM,not outlier,0.008552529551488101,5.631295177934552e-4
MOBEAST060,T4,Algae,Table 2,2024-06-03T06:00:00Z,2024-06-03,06:00:00,2024-06-03,06:00:00,2024-06-03 06:00:00,2999.9999999999995,3.3333333333333335,N_N,0.178,nutrients,not outlier,-0.9345000000000001,-0.06153086419753087
MOBEAST060,T4,Algae,Table 2,2024-06-03T06:00:00Z,2024-06-03,06:00:00,2024-06-03,06:00:00,2024-06-03 06:00:00,2999.9999999999995,3.3333333333333335,NO2,0.09746006916,nutrients,not outlier,-0.59134555474,-0.03893633282238683
MOBEAST060,T4,Algae,Table 2,2024-06-03T06:00:00Z,2024-06-03,06:00:00,2024-06-03,06:00:00,2024-06-03 06:00:00,2999.9999999999995,3.3333333333333335,PO4,0.077,nutrients,not outlier,-0.06238972659999999,-0.004107965537448559
MOBEAST060,T4,Algae,Table 2,2024-06-03T06:00:00Z,2024-06-03,06:00:00,2024-06-03,06:00:00,2024-06-03 06:00:00,2999.9999999999995,3.3333333333333335,SiO2,0.7105369628,nutrients,not outlier,0.11308280574999996,0.007445781448559668
MOBEAST060,T4,Algae,Table 2,2024-06-03T06:00:00Z,2024-06-03,06:00:00,2024-06-03,06:00:00,2024-06-03 06:00:00,2999.9999999999995,3.3333333333333335,NH3,2.291137273,nutrients,not outlier,-9.475857254,-0.6239247574650205
MOBEAST060,T4,Algae,Table 2,2024-06-03T06:00:00Z,2024-06-03,06:00:00,2024-06-03,06:00:00,2024-06-03 06:00:00,2999.9999999999995,3.3333333333333335,NO3,0.08053993084,nutrients,not outlier,-0.34315444525999994,-0.022594531375144028
MOBEAST061,T5,CCA,Table 2,2024-06-03T06:00:00Z,2024-06-03,06:00:00,2024-06-03,06:00:00,2024-06-03 06:00:00,3797.4683544303807,2.6333333333333333,het_bact,439.601,FCM,not outlier,-27.278999999999996,-1.4189570370370364
MOBEAST061,T5,CCA,Table 2,2024-06-03T06:00:00Z,2024-06-03,06:00:00,2024-06-03,06:00:00,2024-06-03 06:00:00,3797.4683544303807,2.6333333333333333,pico_euk,0.166,FCM,not outlier,-0.07549999999999998,-0.003927242798353907
MOBEAST061,T5,CCA,Table 2,2024-06-03T06:00:00Z,2024-06-03,06:00:00,2024-06-03,06:00:00,2024-06-03 06:00:00,3797.4683544303807,2.6333333333333333,syn,80.715,FCM,not outlier,-22.209000000000003,-1.1552335802469134
MOBEAST061,T5,CCA,Table 2,2024-06-03T06:00:00Z,2024-06-03,06:00:00,2024-06-03,06:00:00,2024-06-03 06:00:00,3797.4683544303807,2.6333333333333333,pro,19.867,FCM,not outlier,-0.8165000000000013,-0.042471440329218166
MOBEAST061,T5,CCA,Table 2,2024-06-03T06:00:00Z,2024-06-03,06:00:00,2024-06-03,06:00:00,2024-06-03 06:00:00,3797.4683544303807,2.6333333333333333,tot_bact,540.183,FCM,not outlier,-50.305000000000064,-2.616688065843624
MOBEAST061,T5,CCA,Table 2,2024-06-03T06:00:00Z,2024-06-03,06:00:00,2024-06-03,06:00:00,2024-06-03 06:00:00,3797.4683544303807,2.6333333333333333,cyano,100.582,FCM,not outlier,-23.025499999999994,-1.197705020576131
MOBEAST061,T5,CCA,Table 2,2024-06-03T06:00:00Z,2024-06-03,06:00:00,2024-06-03,06:00:00,2024-06-03 06:00:00,3797.4683544303807,2.6333333333333333,chla_conc,0.1348,chla,not outlier,0.12140000000000001,0.0063147983539094624
MOBEAST061,T5,CCA,Table 2,2024-06-03T06:00:00Z,2024-06-03,06:00:00,2024-06-03,06:00:00,2024-06-03 06:00:00,3797.4683544303807,2.6333333333333333,npoc_u_m,75.1663100402142,DOC,not outlier,0.09991091276950215,0.00519701208809262
MOBEAST061,T5,CCA,Table 2,2024-06-03T06:00:00Z,2024-06-03,06:00:00,2024-06-03,06:00:00,2024-06-03 06:00:00,3797.4683544303807,2.6333333333333333,tn_u_m,10.8062570055759,DOC,not outlier,0.7018069923678993,0.036505515981605945
MOBEAST061,T5,CCA,Table 2,2024-06-03T06:00:00Z,2024-06-03,06:00:00,2024-06-03,06:00:00,2024-06-03 06:00:00,3797.4683544303807,2.6333333333333333,coble_a,0.0100168728890854,fDOM,not outlier,-4.060020371891553e-4,-2.1118789094942065e-5
MOBEAST061,T5,CCA,Table 2,2024-06-03T06:00:00Z,2024-06-03,06:00:00,2024-06-03,06:00:00,2024-06-03 06:00:00,3797.4683544303807,2.6333333333333333,coble_b,0.0436679577740798,fDOM,not outlier,-0.027265367955751248,-0.0014182479463403113
MOBEAST061,T5,CCA,Table 2,2024-06-03T06:00:00Z,2024-06-03,06:00:00,2024-06-03,06:00:00,2024-06-03 06:00:00,3797.4683544303807,2.6333333333333333,coble_c,0.00953483624907216,fDOM,not outlier,0.002021171889454815,1.0513420857081832e-4
MOBEAST061,T5,CCA,Table 2,2024-06-03T06:00:00Z,2024-06-03,06:00:00,2024-06-03,06:00:00,2024-06-03 06:00:00,3797.4683544303807,2.6333333333333333,coble_m,0.0111172911268403,fDOM,not outlier,-0.0012516996349432007,-6.510898512626359e-5
MOBEAST061,T5,CCA,Table 2,2024-06-03T06:00:00Z,2024-06-03,06:00:00,2024-06-03,06:00:00,2024-06-03 06:00:00,3797.4683544303807,2.6333333333333333,coble_t,0.109103130985493,fDOM,not outlier,0.03963707129042099,0.0020617801691807454
MOBEAST061,T5,CCA,Table 2,2024-06-03T06:00:00Z,2024-06-03,06:00:00,2024-06-03,06:00:00,2024-06-03 06:00:00,3797.4683544303807,2.6333333333333333,m_to_c,1.16596560616572,fDOM,not outlier,-0.48391651143076575,-0.025171624298291676
MOBEAST061,T5,CCA,Table 2,2024-06-03T06:00:00Z,2024-06-03,06:00:00,2024-06-03,06:00:00,2024-06-03 06:00:00,3797.4683544303807,2.6333333333333333,bix,1.11862098172851,fDOM,not outlier,0.431938984431951,0.022467937297201063
MOBEAST061,T5,CCA,Table 2,2024-06-03T06:00:00Z,2024-06-03,06:00:00,2024-06-03,06:00:00,2024-06-03 06:00:00,3797.4683544303807,2.6333333333333333,hix,0.423687042792389,fDOM,not outlier,-0.10033688518992645,-0.005219169665846378
MOBEAST061,T5,CCA,Table 2,2024-06-03T06:00:00Z,2024-06-03,06:00:00,2024-06-03,06:00:00,2024-06-03 06:00:00,3797.4683544303807,2.6333333333333333,fpeak,0.0030556719692801,fDOM,not outlier,-0.02304746385772085,-0.0011988475027225986
MOBEAST061,T5,CCA,Table 2,2024-06-03T06:00:00Z,2024-06-03,06:00:00,2024-06-03,06:00:00,2024-06-03 06:00:00,3797.4683544303807,2.6333333333333333,fi,1.59105361964341,fDOM,not outlier,-0.198851416591715,-0.010343546937116366
MOBEAST061,T5,CCA,Table 2,2024-06-03T06:00:00Z,2024-06-03,06:00:00,2024-06-03,06:00:00,2024-06-03 06:00:00,3797.4683544303807,2.6333333333333333,lignin,0.0430313723464783,fDOM,not outlier,0.026862216876255902,0.0013972774539747922
MOBEAST061,T5,CCA,Table 2,2024-06-03T06:00:00Z,2024-06-03,06:00:00,2024-06-03,06:00:00,2024-06-03 06:00:00,3797.4683544303807,2.6333333333333333,N_N,0.71,nutrients,not outlier,-0.4025000000000001,-0.020936625514403288
MOBEAST061,T5,CCA,Table 2,2024-06-03T06:00:00Z,2024-06-03,06:00:00,2024-06-03,06:00:00,2024-06-03 06:00:00,3797.4683544303807,2.6333333333333333,NO2,0.01,nutrients,not outlier,-0.6788056239,-0.03530906619792591
MOBEAST061,T5,CCA,Table 2,2024-06-03T06:00:00Z,2024-06-03,06:00:00,2024-06-03,06:00:00,2024-06-03 06:00:00,3797.4683544303807,2.6333333333333333,PO4,0.077,nutrients,not outlier,-0.06238972659999999,-0.00324529277458436
MOBEAST061,T5,CCA,Table 2,2024-06-03T06:00:00Z,2024-06-03,06:00:00,2024-06-03,06:00:00,2024-06-03 06:00:00,3797.4683544303807,2.6333333333333333,SiO2,0.05,nutrients,not outlier,-0.54745415705,-0.02847662775766254
MOBEAST061,T5,CCA,Table 2,2024-06-03T06:00:00Z,2024-06-03,06:00:00,2024-06-03,06:00:00,2024-06-03 06:00:00,3797.4683544303807,2.6333333333333333,NH3,0.26,nutrients,not outlier,-11.506994527,-0.5985531309517694
MOBEAST061,T5,CCA,Table 2,2024-06-03T06:00:00Z,2024-06-03,06:00:00,2024-06-03,06:00:00,2024-06-03 06:00:00,3797.4683544303807,2.6333333333333333,NO3,0.7,nutrients,not outlier,0.2763056239,0.01437244068352263
MOBEAST062,T6,Coral,Table 2,2024-06-03T06:00:00Z,2024-06-03,06:00:00,2024-06-03,06:00:00,2024-06-03 06:00:00,4285.714285714285,2.3333333333333335,het_bact,384.75,FCM,not outlier,-82.13,-3.785415637860082
MOBEAST062,T6,Coral,Table 2,2024-06-03T06:00:00Z,2024-06-03,06:00:00,2024-06-03,06:00:00,2024-06-03 06:00:00,4285.714285714285,2.3333333333333335,pico_euk,0.35,FCM,not outlier,0.10849999999999999,0.005000823045267489
MOBEAST062,T6,Coral,Table 2,2024-06-03T06:00:00Z,2024-06-03,06:00:00,2024-06-03,06:00:00,2024-06-03 06:00:00,4285.714285714285,2.3333333333333335,syn,76.117,FCM,not outlier,-26.807000000000002,-1.2355489711934158
MOBEAST062,T6,Coral,Table 2,2024-06-03T06:00:00Z,2024-06-03,06:00:00,2024-06-03,06:00:00,2024-06-03 06:00:00,4285.714285714285,2.3333333333333335,pro,20.633,FCM,not outlier,-0.0505000000000031,-0.002327572016461048
MOBEAST062,T6,Coral,Table 2,2024-06-03T06:00:00Z,2024-06-03,06:00:00,2024-06-03,06:00:00,2024-06-03 06:00:00,4285.714285714285,2.3333333333333335,tot_bact,481.5,FCM,not outlier,-108.98800000000006,-5.023315226337451
MOBEAST062,T6,Coral,Table 2,2024-06-03T06:00:00Z,2024-06-03,06:00:00,2024-06-03,06:00:00,2024-06-03 06:00:00,4285.714285714285,2.3333333333333335,cyano,96.75,FCM,not outlier,-26.857499999999987,-1.237876543209876
MOBEAST062,T6,Coral,Table 2,2024-06-03T06:00:00Z,2024-06-03,06:00:00,2024-06-03,06:00:00,2024-06-03 06:00:00,4285.714285714285,2.3333333333333335,chla_conc,0.0264,chla,not outlier,0.013,5.991769547325103e-4
MOBEAST062,T6,Coral,Table 2,2024-06-03T06:00:00Z,2024-06-03,06:00:00,2024-06-03,06:00:00,2024-06-03 06:00:00,4285.714285714285,2.3333333333333335,npoc_u_m,83.3756567061037,DOC,not outlier,8.309257578659,0.3829781270822255
MOBEAST062,T6,Coral,Table 2,2024-06-03T06:00:00Z,2024-06-03,06:00:00,2024-06-03,06:00:00,2024-06-03 06:00:00,4285.714285714285,2.3333333333333335,tn_u_m,12.7381895807007,DOC,not outlier,2.6337395674927,0.12139046566221498
MOBEAST062,T6,Coral,Table 2,2024-06-03T06:00:00Z,2024-06-03,06:00:00,2024-06-03,06:00:00,2024-06-03 06:00:00,4285.714285714285,2.3333333333333335,coble_a,0.0112372130674034,fDOM,not outlier,8.143381411288442e-4,3.7533280578778006e-5
MOBEAST062,T6,Coral,Table 2,2024-06-03T06:00:00Z,2024-06-03,06:00:00,2024-06-03,06:00:00,2024-06-03 06:00:00,4285.714285714285,2.3333333333333335,coble_b,0.0595498361272823,fDOM,not outlier,-0.01138348960254875,-5.24671125714181e-4
MOBEAST062,T6,Coral,Table 2,2024-06-03T06:00:00Z,2024-06-03,06:00:00,2024-06-03,06:00:00,2024-06-03 06:00:00,4285.714285714285,2.3333333333333335,coble_c,0.0109749935367396,fDOM,not outlier,0.0034613291771222543,1.5953451351345368e-4
MOBEAST062,T6,Coral,Table 2,2024-06-03T06:00:00Z,2024-06-03,06:00:00,2024-06-03,06:00:00,2024-06-03 06:00:00,4285.714285714285,2.3333333333333335,coble_m,0.0143438153872902,fDOM,not outlier,0.0019748246255066985,9.102072348014413e-5
MOBEAST062,T6,Coral,Table 2,2024-06-03T06:00:00Z,2024-06-03,06:00:00,2024-06-03,06:00:00,2024-06-03 06:00:00,4285.714285714285,2.3333333333333335,coble_t,0.139403645100422,fDOM,not outlier,0.06993758540534999,0.0032234607265017277
MOBEAST062,T6,Coral,Table 2,2024-06-03T06:00:00Z,2024-06-03,06:00:00,2024-06-03,06:00:00,2024-06-03 06:00:00,4285.714285714285,2.3333333333333335,m_to_c,1.3069543357153897,fDOM,not outlier,-0.34292778188109607,-0.015805724926206896
MOBEAST062,T6,Coral,Table 2,2024-06-03T06:00:00Z,2024-06-03,06:00:00,2024-06-03,06:00:00,2024-06-03 06:00:00,4285.714285714285,2.3333333333333335,bix,1.15123899732378,fDOM,not outlier,0.464557000027221,0.021411680659690843
MOBEAST062,T6,Coral,Table 2,2024-06-03T06:00:00Z,2024-06-03,06:00:00,2024-06-03,06:00:00,2024-06-03 06:00:00,4285.714285714285,2.3333333333333335,hix,0.353206811830107,fDOM,not outlier,-0.17081711615220846,-0.007873052267097674
MOBEAST062,T6,Coral,Table 2,2024-06-03T06:00:00Z,2024-06-03,06:00:00,2024-06-03,06:00:00,2024-06-03 06:00:00,4285.714285714285,2.3333333333333335,fpeak,0.041630409036904,fDOM,not outlier,0.015527273209903051,7.156603290161077e-4
MOBEAST062,T6,Coral,Table 2,2024-06-03T06:00:00Z,2024-06-03,06:00:00,2024-06-03,06:00:00,2024-06-03 06:00:00,4285.714285714285,2.3333333333333335,fi,1.61661419191258,fDOM,not outlier,-0.17329084432254493,-0.007987067721862154
MOBEAST062,T6,Coral,Table 2,2024-06-03T06:00:00Z,2024-06-03,06:00:00,2024-06-03,06:00:00,2024-06-03 06:00:00,4285.714285714285,2.3333333333333335,lignin,0.0402225840593337,fDOM,not outlier,0.024053428589111303,0.0011086353917615086
MOBEAST062,T6,Coral,Table 2,2024-06-03T06:00:00Z,2024-06-03,06:00:00,2024-06-03,06:00:00,2024-06-03 06:00:00,4285.714285714285,2.3333333333333335,N_N,1.56,nutrients,not outlier,0.4475,0.02062551440329218
MOBEAST062,T6,Coral,Table 2,2024-06-03T06:00:00Z,2024-06-03,06:00:00,2024-06-03,06:00:00,2024-06-03 06:00:00,4285.714285714285,2.3333333333333335,NO2,0.01,nutrients,not outlier,-0.6788056239,-0.03128651435259259
MOBEAST062,T6,Coral,Table 2,2024-06-03T06:00:00Z,2024-06-03,06:00:00,2024-06-03,06:00:00,2024-06-03 06:00:00,4285.714285714285,2.3333333333333335,PO4,0.08,nutrients,not outlier,-0.059389726599999984,-0.002737304271275719
MOBEAST062,T6,Coral,Table 2,2024-06-03T06:00:00Z,2024-06-03,06:00:00,2024-06-03,06:00:00,2024-06-03 06:00:00,4285.714285714285,2.3333333333333335,SiO2,0.11,nutrients,not outlier,-0.48745415705000006,-0.022467022876378605
MOBEAST062,T6,Coral,Table 2,2024-06-03T06:00:00Z,2024-06-03,06:00:00,2024-06-03,06:00:00,2024-06-03 06:00:00,4285.714285714285,2.3333333333333335,NH3,0.6,nutrients,not outlier,-11.166994527,-0.5146927518617284
MOBEAST062,T6,Coral,Table 2,2024-06-03T06:00:00Z,2024-06-03,06:00:00,2024-06-03,06:00:00,2024-06-03 06:00:00,4285.714285714285,2.3333333333333335,NO3,1.55,nutrients,not outlier,1.1263056239,0.05191202875588478
MOBEAST063,T7,Coral,Table 2,2024-06-03T06:00:00Z,2024-06-03,06:00:00,2024-06-03,06:00:00,2024-06-03 06:00:00,3636.3636360000005,2.75,het_bact,507.45,FCM,not outlier,40.56999999999999,2.203802469356182
MOBEAST063,T7,Coral,Table 2,2024-06-03T06:00:00Z,2024-06-03,06:00:00,2024-06-03,06:00:00,2024-06-03 06:00:00,3636.3636360000005,2.75,pico_euk,0.25,FCM,not outlier,0.008500000000000008,4.6172839510790154e-4
MOBEAST063,T7,Coral,Table 2,2024-06-03T06:00:00Z,2024-06-03,06:00:00,2024-06-03,06:00:00,2024-06-03 06:00:00,3636.3636360000005,2.75,syn,100.533,FCM,not outlier,-2.3910000000000053,-0.1298814814944699
MOBEAST063,T7,Coral,Table 2,2024-06-03T06:00:00Z,2024-06-03,06:00:00,2024-06-03,06:00:00,2024-06-03 06:00:00,3636.3636360000005,2.75,pro,24.667,FCM,not outlier,3.9834999999999994,0.21638765434262633
MOBEAST063,T7,Coral,Table 2,2024-06-03T06:00:00Z,2024-06-03,06:00:00,2024-06-03,06:00:00,2024-06-03 06:00:00,3636.3636360000005,2.75,tot_bact,632.65,FCM,not outlier,42.16199999999992,2.290281481710505
MOBEAST063,T7,Coral,Table 2,2024-06-03T06:00:00Z,2024-06-03,06:00:00,2024-06-03,06:00:00,2024-06-03 06:00:00,3636.3636360000005,2.75,cyano,125.2,FCM,not outlier,1.5925000000000153,0.0865061728481576
MOBEAST063,T7,Coral,Table 2,2024-06-03T06:00:00Z,2024-06-03,06:00:00,2024-06-03,06:00:00,2024-06-03 06:00:00,3636.3636360000005,2.75,chla_conc,0.1016,chla,not outlier,0.0882,0.004791111111590221
MOBEAST063,T7,Coral,Table 2,2024-06-03T06:00:00Z,2024-06-03,06:00:00,2024-06-03,06:00:00,2024-06-03 06:00:00,3636.3636360000005,2.75,npoc_u_m,99.1116254672917,DOC,not outlier,24.045226339847005,1.3061604432827987
MOBEAST063,T7,Coral,Table 2,2024-06-03T06:00:00Z,2024-06-03,06:00:00,2024-06-03,06:00:00,2024-06-03 06:00:00,3636.3636360000005,2.75,tn_u_m,12.9238150313778,DOC,not outlier,2.8193650181697993,0.15315069236034118
MOBEAST063,T7,Coral,Table 2,2024-06-03T06:00:00Z,2024-06-03,06:00:00,2024-06-03,06:00:00,2024-06-03 06:00:00,3636.3636360000005,2.75,coble_a,0.00857029338479822,fDOM,not outlier,-0.001852581541476335,-1.0063405905322233e-4
MOBEAST063,T7,Coral,Table 2,2024-06-03T06:00:00Z,2024-06-03,06:00:00,2024-06-03,06:00:00,2024-06-03 06:00:00,3636.3636360000005,2.75,coble_b,0.043045335446604,fDOM,not outlier,-0.027887990283227047,-0.0015149031760304903
MOBEAST063,T7,Coral,Table 2,2024-06-03T06:00:00Z,2024-06-03,06:00:00,2024-06-03,06:00:00,2024-06-03 06:00:00,3636.3636360000005,2.75,coble_c,0.00878815647116757,fDOM,not outlier,0.0012744921115502251,6.923167026397242e-5
MOBEAST063,T7,Coral,Table 2,2024-06-03T06:00:00Z,2024-06-03,06:00:00,2024-06-03,06:00:00,2024-06-03 06:00:00,3636.3636360000005,2.75,coble_m,0.00924777310067998,fDOM,not outlier,-0.00312121766110352,-1.6954762605220767e-4
MOBEAST063,T7,Coral,Table 2,2024-06-03T06:00:00Z,2024-06-03,06:00:00,2024-06-03,06:00:00,2024-06-03 06:00:00,3636.3636360000005,2.75,coble_t,0.041710763239716,fDOM,not outlier,-0.02775529645535601,-0.0015076951162441821
MOBEAST063,T7,Coral,Table 2,2024-06-03T06:00:00Z,2024-06-03,06:00:00,2024-06-03,06:00:00,2024-06-03 06:00:00,3636.3636360000005,2.75,m_to_c,1.0522995500842909,fDOM,not outlier,-0.5975825675121949,-0.03246127527551349
MOBEAST063,T7,Coral,Table 2,2024-06-03T06:00:00Z,2024-06-03,06:00:00,2024-06-03,06:00:00,2024-06-03 06:00:00,3636.3636360000005,2.75,bix,0.835090125090698,fDOM,not outlier,0.14840812779413903,0.008061676078512483
MOBEAST063,T7,Coral,Table 2,2024-06-03T06:00:00Z,2024-06-03,06:00:00,2024-06-03,06:00:00,2024-06-03 06:00:00,3636.3636360000005,2.75,hix,0.628209043232418,fDOM,not outlier,0.10418511525010254,0.005659438359830772
MOBEAST063,T7,Coral,Table 2,2024-06-03T06:00:00Z,2024-06-03,06:00:00,2024-06-03,06:00:00,2024-06-03 06:00:00,3636.3636360000005,2.75,fpeak,0,fDOM,not outlier,-0.02610313582700095,-0.001417948119139377
MOBEAST063,T7,Coral,Table 2,2024-06-03T06:00:00Z,2024-06-03,06:00:00,2024-06-03,06:00:00,2024-06-03 06:00:00,3636.3636360000005,2.75,fi,1.58857388856518,fDOM,not outlier,-0.2013311476699451,-0.01093650678810301
MOBEAST063,T7,Coral,Table 2,2024-06-03T06:00:00Z,2024-06-03,06:00:00,2024-06-03,06:00:00,2024-06-03 06:00:00,3636.3636360000005,2.75,lignin,0.0268864839816596,fDOM,not outlier,0.0107173285114372,5.821758698152999e-4
MOBEAST063,T7,Coral,Table 2,2024-06-03T06:00:00Z,2024-06-03,06:00:00,2024-06-03,06:00:00,2024-06-03 06:00:00,3636.3636360000005,2.75,N_N,0.42,nutrients,not outlier,-0.6925000000000001,-0.03761728395437901
MOBEAST063,T7,Coral,Table 2,2024-06-03T06:00:00Z,2024-06-03,06:00:00,2024-06-03,06:00:00,2024-06-03 06:00:00,3636.3636360000005,2.75,NO2,0.01,nutrients,not outlier,-0.6788056239,-0.03687339191924288
MOBEAST063,T7,Coral,Table 2,2024-06-03T06:00:00Z,2024-06-03,06:00:00,2024-06-03,06:00:00,2024-06-03 06:00:00,3636.3636360000005,2.75,PO4,0.11,nutrients,not outlier,-0.029389726599999985,-0.001596478975962116
MOBEAST063,T7,Coral,Table 2,2024-06-03T06:00:00Z,2024-06-03,06:00:00,2024-06-03,06:00:00,2024-06-03 06:00:00,3636.3636360000005,2.75,SiO2,0.09,nutrients,not outlier,-0.5074541570500001,-0.027565411003003453
MOBEAST063,T7,Coral,Table 2,2024-06-03T06:00:00Z,2024-06-03,06:00:00,2024-06-03,06:00:00,2024-06-03 06:00:00,3636.3636360000005,2.75,NH3,0.085,nutrients,not outlier,-11.681994526999999,-0.6345774805424699
MOBEAST063,T7,Coral,Table 2,2024-06-03T06:00:00Z,2024-06-03,06:00:00,2024-06-03,06:00:00,2024-06-03 06:00:00,3636.3636360000005,2.75,NO3,0.41,nutrients,not outlier,-0.01369437609999996,-7.438920351361153e-4
MOBEAST064,T8,Control,Table 2,2024-06-03T06:00:00Z,2024-06-03,06:00:00,2024-06-03,06:00:00,2024-06-03 06:00:00,1411.7647068,7.083333333333333,het_bact,481.583,FCM,not outlier,14.703000000000031,2.0572098752060275
MOBEAST064,T8,Control,Table 2,2024-06-03T06:00:00Z,2024-06-03,06:00:00,2024-06-03,06:00:00,2024-06-03 06:00:00,1411.7647068,7.083333333333333,pico_euk,0.2,FCM,not outlier,-0.04149999999999998,-0.005806584358365634
MOBEAST064,T8,Control,Table 2,2024-06-03T06:00:00Z,2024-06-03,06:00:00,2024-06-03,06:00:00,2024-06-03 06:00:00,1411.7647068,7.083333333333333,syn,105.617,FCM,not outlier,2.692999999999998,0.3767983536645457
MOBEAST064,T8,Control,Table 2,2024-06-03T06:00:00Z,2024-06-03,06:00:00,2024-06-03,06:00:00,2024-06-03 06:00:00,1411.7647068,7.083333333333333,pro,21.95,FCM,not outlier,1.266499999999997,0.17720576120168824
MOBEAST064,T8,Control,Table 2,2024-06-03T06:00:00Z,2024-06-03,06:00:00,2024-06-03,06:00:00,2024-06-03 06:00:00,1411.7647068,7.083333333333333,tot_bact,609.15,FCM,not outlier,18.66199999999992,2.6111440312245557
MOBEAST064,T8,Control,Table 2,2024-06-03T06:00:00Z,2024-06-03,06:00:00,2024-06-03,06:00:00,2024-06-03 06:00:00,1411.7647068,7.083333333333333,cyano,127.56700000000006,FCM,not outlier,3.9595000000000766,0.5540041148662455
MOBEAST064,T8,Control,Table 2,2024-06-03T06:00:00Z,2024-06-03,06:00:00,2024-06-03,06:00:00,2024-06-03 06:00:00,1411.7647068,7.083333333333333,chla_conc,0.0508,chla,not outlier,0.037399999999999996,0.005232921807298188
MOBEAST064,T8,Control,Table 2,2024-06-03T06:00:00Z,2024-06-03,06:00:00,2024-06-03,06:00:00,2024-06-03 06:00:00,1411.7647068,7.083333333333333,npoc_u_m,82.197540526364,DOC,not outlier,7.131141398919297,0.997772869982131
MOBEAST064,T8,Control,Table 2,2024-06-03T06:00:00Z,2024-06-03,06:00:00,2024-06-03,06:00:00,2024-06-03 06:00:00,1411.7647068,7.083333333333333,tn_u_m,11.7293866506743,DOC,not outlier,1.6249366374663001,0.22735738945655595
MOBEAST064,T8,Control,Table 2,2024-06-03T06:00:00Z,2024-06-03,06:00:00,2024-06-03,06:00:00,2024-06-03 06:00:00,1411.7647068,7.083333333333333,coble_a,0.0101730827556978,fDOM,not outlier,-2.4979217057675626e-4,-3.495034483164323e-5
MOBEAST064,T8,Control,Table 2,2024-06-03T06:00:00Z,2024-06-03,06:00:00,2024-06-03,06:00:00,2024-06-03 06:00:00,1411.7647068,7.083333333333333,coble_b,0.0726606368624096,fDOM,not outlier,0.0017273111325785545,2.4168139287858957e-4
MOBEAST064,T8,Control,Table 2,2024-06-03T06:00:00Z,2024-06-03,06:00:00,2024-06-03,06:00:00,2024-06-03 06:00:00,1411.7647068,7.083333333333333,coble_c,0.00843787164856556,fDOM,not outlier,9.24207288948215e-4,1.2931295392516181e-4
MOBEAST064,T8,Control,Table 2,2024-06-03T06:00:00Z,2024-06-03,06:00:00,2024-06-03,06:00:00,2024-06-03 06:00:00,1411.7647068,7.083333333333333,coble_m,0.0105038468212559,fDOM,not outlier,-0.0018651439405276,-2.609666417148918e-4
MOBEAST064,T8,Control,Table 2,2024-06-03T06:00:00Z,2024-06-03,06:00:00,2024-06-03,06:00:00,2024-06-03 06:00:00,1411.7647068,7.083333333333333,coble_t,0.0385419205070776,fDOM,not outlier,-0.030924139187994408,-0.004326834286865787
MOBEAST064,T8,Control,Table 2,2024-06-03T06:00:00Z,2024-06-03,06:00:00,2024-06-03,06:00:00,2024-06-03 06:00:00,1411.7647068,7.083333333333333,m_to_c,1.2448455319940257,fDOM,not outlier,-0.40503658560246003,-0.0566717856030137
MOBEAST064,T8,Control,Table 2,2024-06-03T06:00:00Z,2024-06-03,06:00:00,2024-06-03,06:00:00,2024-06-03 06:00:00,1411.7647068,7.083333333333333,bix,0.88243867293648,fDOM,not outlier,0.19575667563992105,0.02738982291123906
MOBEAST064,T8,Control,Table 2,2024-06-03T06:00:00Z,2024-06-03,06:00:00,2024-06-03,06:00:00,2024-06-03 06:00:00,1411.7647068,7.083333333333333,hix,0.711857955882298,fDOM,not outlier,0.1878340278999826,0.026281304298141052
MOBEAST064,T8,Control,Table 2,2024-06-03T06:00:00Z,2024-06-03,06:00:00,2024-06-03,06:00:00,2024-06-03 06:00:00,1411.7647068,7.083333333333333,fpeak,0,fDOM,not outlier,-0.02610313582700095,-0.003652290607165238
MOBEAST064,T8,Control,Table 2,2024-06-03T06:00:00Z,2024-06-03,06:00:00,2024-06-03,06:00:00,2024-06-03 06:00:00,1411.7647068,7.083333333333333,fi,1.88595765854143,fDOM,not outlier,0.09605262230630496,0.013439461548525124
MOBEAST064,T8,Control,Table 2,2024-06-03T06:00:00Z,2024-06-03,06:00:00,2024-06-03,06:00:00,2024-06-03 06:00:00,1411.7647068,7.083333333333333,lignin,0,fDOM,not outlier,-0.0161691554702224,-0.0022623509696717004
MOBEAST064,T8,Control,Table 2,2024-06-03T06:00:00Z,2024-06-03,06:00:00,2024-06-03,06:00:00,2024-06-03 06:00:00,1411.7647068,7.083333333333333,N_N,0.83,nutrients,not outlier,-0.2825000000000001,-0.03952674894550104
MOBEAST064,T8,Control,Table 2,2024-06-03T06:00:00Z,2024-06-03,06:00:00,2024-06-03,06:00:00,2024-06-03 06:00:00,1411.7647068,7.083333333333333,NO2,0.08,nutrients,not outlier,-0.6088056239,-0.08518267983187404
MOBEAST064,T8,Control,Table 2,2024-06-03T06:00:00Z,2024-06-03,06:00:00,2024-06-03,06:00:00,2024-06-03 06:00:00,1411.7647068,7.083333333333333,PO4,0.1,nutrients,not outlier,-0.03938972659999998,-0.005511319767611054
MOBEAST064,T8,Control,Table 2,2024-06-03T06:00:00Z,2024-06-03,06:00:00,2024-06-03,06:00:00,2024-06-03 06:00:00,1411.7647068,7.083333333333333,SiO2,0.21,nutrients,not outlier,-0.3874541570500001,-0.05421169272072948
MOBEAST064,T8,Control,Table 2,2024-06-03T06:00:00Z,2024-06-03,06:00:00,2024-06-03,06:00:00,2024-06-03 06:00:00,1411.7647068,7.083333333333333,NH3,0.44,nutrients,not outlier,-11.326994527,-1.5848469698258163
MOBEAST064,T8,Control,Table 2,2024-06-03T06:00:00Z,2024-06-03,06:00:00,2024-06-03,06:00:00,2024-06-03 06:00:00,1411.7647068,7.083333333333333,NO3,0.75,nutrients,not outlier,0.32630562390000006,0.045655930886373035
MOBEAST065,T9,Coral,Table 1,2024-06-03T06:00:00Z,2024-06-03,06:00:00,2024-06-03,06:00:00,2024-06-03 06:00:00,1408.450704225352,7.1,het_bact,455.8,FCM,not outlier,-11.079999999999984,-1.5539358024691337
MOBEAST065,T9,Coral,Table 1,2024-06-03T06:00:00Z,2024-06-03,06:00:00,2024-06-03,06:00:00,2024-06-03 06:00:00,1408.450704225352,7.1,pico_euk,0.45,FCM,not outlier,0.20850000000000002,0.029241481481481483
MOBEAST065,T9,Coral,Table 1,2024-06-03T06:00:00Z,2024-06-03,06:00:00,2024-06-03,06:00:00,2024-06-03 06:00:00,1408.450704225352,7.1,syn,99.25,FCM,not outlier,-3.6740000000000066,-0.5152671604938281
MOBEAST065,T9,Coral,Table 1,2024-06-03T06:00:00Z,2024-06-03,06:00:00,2024-06-03,06:00:00,2024-06-03 06:00:00,1408.450704225352,7.1,pro,21.8,FCM,not outlier,1.1164999999999985,0.15658567901234546
MOBEAST065,T9,Coral,Table 1,2024-06-03T06:00:00Z,2024-06-03,06:00:00,2024-06-03,06:00:00,2024-06-03 06:00:00,1408.450704225352,7.1,tot_bact,576.85,FCM,not outlier,-13.638000000000034,-1.9126874074074123
MOBEAST065,T9,Coral,Table 1,2024-06-03T06:00:00Z,2024-06-03,06:00:00,2024-06-03,06:00:00,2024-06-03 06:00:00,1408.450704225352,7.1,cyano,121.05,FCM,not outlier,-2.5574999999999903,-0.35868148148148016
MOBEAST065,T9,Coral,Table 1,2024-06-03T06:00:00Z,2024-06-03,06:00:00,2024-06-03,06:00:00,2024-06-03 06:00:00,1408.450704225352,7.1,chla_conc,0.02039999999999999,chla,not outlier,0.006999999999999991,9.817283950617271e-4
MOBEAST065,T9,Coral,Table 1,2024-06-03T06:00:00Z,2024-06-03,06:00:00,2024-06-03,06:00:00,2024-06-03 06:00:00,1408.450704225352,7.1,npoc_u_m,150.703123048615,DOC,not outlier,75.6367239211703,10.607817083265367
MOBEAST065,T9,Coral,Table 1,2024-06-03T06:00:00Z,2024-06-03,06:00:00,2024-06-03,06:00:00,2024-06-03 06:00:00,1408.450704225352,7.1,tn_u_m,18.0770631197927,DOC,not outlier,7.972613106584701,1.1181343813679285
MOBEAST065,T9,Coral,Table 1,2024-06-03T06:00:00Z,2024-06-03,06:00:00,2024-06-03,06:00:00,2024-06-03 06:00:00,1408.450704225352,7.1,coble_a,0.00993009069939998,fDOM,not outlier,-4.92784226874576e-4,-6.911146688018745e-5
MOBEAST065,T9,Coral,Table 1,2024-06-03T06:00:00Z,2024-06-03,06:00:00,2024-06-03,06:00:00,2024-06-03 06:00:00,1408.450704225352,7.1,coble_b,0.0783142370174874,fDOM,not outlier,0.007380911287656347,0.0010351500275034087
MOBEAST065,T9,Coral,Table 1,2024-06-03T06:00:00Z,2024-06-03,06:00:00,2024-06-03,06:00:00,2024-06-03 06:00:00,1408.450704225352,7.1,coble_c,0.00943418983455041,fDOM,not outlier,0.0019205254749330653,2.6934777031160023e-4
MOBEAST065,T9,Coral,Table 1,2024-06-03T06:00:00Z,2024-06-03,06:00:00,2024-06-03,06:00:00,2024-06-03 06:00:00,1408.450704225352,7.1,coble_m,0.0128851947456015,fDOM,not outlier,5.162039838179991e-4,7.23960155083021e-5
MOBEAST065,T9,Coral,Table 1,2024-06-03T06:00:00Z,2024-06-03,06:00:00,2024-06-03,06:00:00,2024-06-03 06:00:00,1408.450704225352,7.1,coble_t,0.0313939801714302,fDOM,not outlier,-0.03807207952364181,-0.005339491646772481
MOBEAST065,T9,Coral,Table 1,2024-06-03T06:00:00Z,2024-06-03,06:00:00,2024-06-03,06:00:00,2024-06-03 06:00:00,1408.450704225352,7.1,m_to_c,1.3657976966302532,fDOM,not outlier,-0.28408442096623254,-0.0398419632367457
MOBEAST065,T9,Coral,Table 1,2024-06-03T06:00:00Z,2024-06-03,06:00:00,2024-06-03,06:00:00,2024-06-03 06:00:00,1408.450704225352,7.1,bix,0.776302506033111,fDOM,not outlier,0.08962050873655203,0.012568999743792976
MOBEAST065,T9,Coral,Table 1,2024-06-03T06:00:00Z,2024-06-03,06:00:00,2024-06-03,06:00:00,2024-06-03 06:00:00,1408.450704225352,7.1,hix,0.713140330762212,fDOM,not outlier,0.1891164027798965,0.02652299179727931
MOBEAST065,T9,Coral,Table 1,2024-06-03T06:00:00Z,2024-06-03,06:00:00,2024-06-03,06:00:00,2024-06-03 06:00:00,1408.450704225352,7.1,fpeak,0.0207898573833687,fDOM,not outlier,-0.00531327844363225,-7.45170902711881e-4
MOBEAST065,T9,Coral,Table 1,2024-06-03T06:00:00Z,2024-06-03,06:00:00,2024-06-03,06:00:00,2024-06-03 06:00:00,1408.450704225352,7.1,fi,2.01897418741011,fDOM,not outlier,0.22906915117498516,0.032126241448738664
MOBEAST065,T9,Coral,Table 1,2024-06-03T06:00:00Z,2024-06-03,06:00:00,2024-06-03,06:00:00,2024-06-03 06:00:00,1408.450704225352,7.1,lignin,0,fDOM,not outlier,-0.0161691554702224,-0.002267674149897858
MOBEAST065,T9,Coral,Table 1,2024-06-03T06:00:00Z,2024-06-03,06:00:00,2024-06-03,06:00:00,2024-06-03 06:00:00,1408.450704225352,7.1,N_N,0.48,nutrients,not outlier,-0.6325000000000001,-0.08870617283950619
MOBEAST065,T9,Coral,Table 1,2024-06-03T06:00:00Z,2024-06-03,06:00:00,2024-06-03,06:00:00,2024-06-03 06:00:00,1408.450704225352,7.1,NO2,0.01,nutrients,not outlier,-0.6788056239,-0.09520039367288888
MOBEAST065,T9,Coral,Table 1,2024-06-03T06:00:00Z,2024-06-03,06:00:00,2024-06-03,06:00:00,2024-06-03 06:00:00,1408.450704225352,7.1,PO4,0.09,nutrients,not outlier,-0.04938972659999999,-0.006926756718222221
MOBEAST065,T9,Coral,Table 1,2024-06-03T06:00:00Z,2024-06-03,06:00:00,2024-06-03,06:00:00,2024-06-03 06:00:00,1408.450704225352,7.1,SiO2,0.12,nutrients,not outlier,-0.47745415705000005,-0.06696147190232099
MOBEAST065,T9,Coral,Table 1,2024-06-03T06:00:00Z,2024-06-03,06:00:00,2024-06-03,06:00:00,2024-06-03 06:00:00,1408.450704225352,7.1,NH3,0.19,nutrients,not outlier,-11.576994527,-1.6236377509471605
MOBEAST065,T9,Coral,Table 1,2024-06-03T06:00:00Z,2024-06-03,06:00:00,2024-06-03,06:00:00,2024-06-03 06:00:00,1408.450704225352,7.1,NO3,0.47,nutrients,not outlier,0.04630562390000004,0.0064942208333827215
MOBEAST066,T10,CCA,Table 1,2024-06-03T06:00:00Z,2024-06-03,06:00:00,2024-06-03,06:00:00,2024-06-03 06:00:00,1119.4029850746267,8.933333333333334,het_bact,420.85,FCM,not outlier,-46.02999999999997,-8.122495473251025
MOBEAST066,T10,CCA,Table 1,2024-06-03T06:00:00Z,2024-06-03,06:00:00,2024-06-03,06:00:00,2024-06-03 06:00:00,1119.4029850746267,8.933333333333334,pico_euk,0.25,FCM,not outlier,0.008500000000000008,0.0014999176954732525
MOBEAST066,T10,CCA,Table 1,2024-06-03T06:00:00Z,2024-06-03,06:00:00,2024-06-03,06:00:00,2024-06-03 06:00:00,1119.4029850746267,8.933333333333334,syn,88.9,FCM,not outlier,-14.024000000000001,-2.4746877366255147
MOBEAST066,T10,CCA,Table 1,2024-06-03T06:00:00Z,2024-06-03,06:00:00,2024-06-03,06:00:00,2024-06-03 06:00:00,1119.4029850746267,8.933333333333334,pro,17.883,FCM,not outlier,-2.800500000000003,-0.4941787654320993
MOBEAST066,T10,CCA,Table 1,2024-06-03T06:00:00Z,2024-06-03,06:00:00,2024-06-03,06:00:00,2024-06-03 06:00:00,1119.4029850746267,8.933333333333334,tot_bact,527.633,FCM,not outlier,-62.85500000000002,-11.091450205761321
MOBEAST066,T10,CCA,Table 1,2024-06-03T06:00:00Z,2024-06-03,06:00:00,2024-06-03,06:00:00,2024-06-03 06:00:00,1119.4029850746267,8.933333333333334,cyano,106.78300000000002,FCM,not outlier,-16.824499999999972,-2.968866502057608
MOBEAST066,T10,CCA,Table 1,2024-06-03T06:00:00Z,2024-06-03,06:00:00,2024-06-03,06:00:00,2024-06-03 06:00:00,1119.4029850746267,8.933333333333334,chla_conc,0.0516,chla,not outlier,0.0382,0.0067408065843621405
MOBEAST066,T10,CCA,Table 1,2024-06-03T06:00:00Z,2024-06-03,06:00:00,2024-06-03,06:00:00,2024-06-03 06:00:00,1119.4029850746267,8.933333333333334,npoc_u_m,150.703123048615,DOC,not outlier,75.6367239211703,13.346924780822151
MOBEAST066,T10,CCA,Table 1,2024-06-03T06:00:00Z,2024-06-03,06:00:00,2024-06-03,06:00:00,2024-06-03 06:00:00,1119.4029850746267,8.933333333333334,tn_u_m,21.5325522785524,DOC,not outlier,11.428102265344402,2.0166132721727075
MOBEAST066,T10,CCA,Table 1,2024-06-03T06:00:00Z,2024-06-03,06:00:00,2024-06-03,06:00:00,2024-06-03 06:00:00,1119.4029850746267,8.933333333333334,coble_a,0.0113718797902874,fDOM,not outlier,9.490048640128437e-4,1.6746225748506477e-4
MOBEAST066,T10,CCA,Table 1,2024-06-03T06:00:00Z,2024-06-03,06:00:00,2024-06-03,06:00:00,2024-06-03 06:00:00,1119.4029850746267,8.933333333333334,coble_b,0.0804167225282518,fDOM,not outlier,0.009483396798420751,0.0016734487848406659
MOBEAST066,T10,CCA,Table 1,2024-06-03T06:00:00Z,2024-06-03,06:00:00,2024-06-03,06:00:00,2024-06-03 06:00:00,1119.4029850746267,8.933333333333334,coble_c,0.0108313666355633,fDOM,not outlier,0.003317702275945955,5.854447472944961e-4
MOBEAST066,T10,CCA,Table 1,2024-06-03T06:00:00Z,2024-06-03,06:00:00,2024-06-03,06:00:00,2024-06-03 06:00:00,1119.4029850746267,8.933333333333334,coble_m,0.0132601724083159,fDOM,not outlier,8.911816465324001e-4,1.5725872017822765e-4
MOBEAST066,T10,CCA,Table 1,2024-06-03T06:00:00Z,2024-06-03,06:00:00,2024-06-03,06:00:00,2024-06-03 06:00:00,1119.4029850746267,8.933333333333334,coble_t,0.0349832560294405,fDOM,not outlier,-0.03448280366563151,-0.00608486675383654
MOBEAST066,T10,CCA,Table 1,2024-06-03T06:00:00Z,2024-06-03,06:00:00,2024-06-03,06:00:00,2024-06-03 06:00:00,1119.4029850746267,8.933333333333334,m_to_c,1.2242381644415905,fDOM,not outlier,-0.4256439531548952,-0.07510951733037823
MOBEAST066,T10,CCA,Table 1,2024-06-03T06:00:00Z,2024-06-03,06:00:00,2024-06-03,06:00:00,2024-06-03 06:00:00,1119.4029850746267,8.933333333333334,bix,0.7475097925937,fDOM,not outlier,0.060827795297140996,0.010733727828565458
MOBEAST066,T10,CCA,Table 1,2024-06-03T06:00:00Z,2024-06-03,06:00:00,2024-06-03,06:00:00,2024-06-03 06:00:00,1119.4029850746267,8.933333333333334,hix,0.821248896600596,fDOM,outlier,0.2972249686182805,0.05244858705494597
MOBEAST066,T10,CCA,Table 1,2024-06-03T06:00:00Z,2024-06-03,06:00:00,2024-06-03,06:00:00,2024-06-03 06:00:00,1119.4029850746267,8.933333333333334,fpeak,0.00530547414582612,fDOM,not outlier,-0.02079766168117483,-0.0036699742094188346
MOBEAST066,T10,CCA,Table 1,2024-06-03T06:00:00Z,2024-06-03,06:00:00,2024-06-03,06:00:00,2024-06-03 06:00:00,1119.4029850746267,8.933333333333334,fi,1.81086706985391,fDOM,not outlier,0.020962033618785014,0.0036989794303436273
MOBEAST066,T10,CCA,Table 1,2024-06-03T06:00:00Z,2024-06-03,06:00:00,2024-06-03,06:00:00,2024-06-03 06:00:00,1119.4029850746267,8.933333333333334,lignin,0.00881815834777619,fDOM,not outlier,-0.007350997122446211,-0.0012971636074505907
MOBEAST066,T10,CCA,Table 1,2024-06-03T06:00:00Z,2024-06-03,06:00:00,2024-06-03,06:00:00,2024-06-03 06:00:00,1119.4029850746267,8.933333333333334,N_N,0.6,nutrients,not outlier,-0.5125000000000001,-0.09043621399176957
MOBEAST066,T10,CCA,Table 1,2024-06-03T06:00:00Z,2024-06-03,06:00:00,2024-06-03,06:00:00,2024-06-03 06:00:00,1119.4029850746267,8.933333333333334,NO2,0.01,nutrients,not outlier,-0.6788056239,-0.11978265494992592
MOBEAST066,T10,CCA,Table 1,2024-06-03T06:00:00Z,2024-06-03,06:00:00,2024-06-03,06:00:00,2024-06-03 06:00:00,1119.4029850746267,8.933333333333334,PO4,0.1,nutrients,not outlier,-0.03938972659999998,-0.006950746817316869
MOBEAST066,T10,CCA,Table 1,2024-06-03T06:00:00Z,2024-06-03,06:00:00,2024-06-03,06:00:00,2024-06-03 06:00:00,1119.4029850746267,8.933333333333334,SiO2,0.05,nutrients,not outlier,-0.54745415705,-0.09660425619055144
MOBEAST066,T10,CCA,Table 1,2024-06-03T06:00:00Z,2024-06-03,06:00:00,2024-06-03,06:00:00,2024-06-03 06:00:00,1119.4029850746267,8.933333333333334,NH3,0.21,nutrients,not outlier,-11.556994526999999,-2.039357717357037
MOBEAST066,T10,CCA,Table 1,2024-06-03T06:00:00Z,2024-06-03,06:00:00,2024-06-03,06:00:00,2024-06-03 06:00:00,1119.4029850746267,8.933333333333334,NO3,0.59,nutrients,not outlier,0.16630562390000003,0.029346440958156386
MOBEAST067,T11,Control,Table 1,2024-06-03T06:00:00Z,2024-06-03,06:00:00,2024-06-03,06:00:00,2024-06-03 06:00:00,2608.695652173913,3.8333333333333335,het_bact,542.978,FCM,not outlier,76.09799999999996,5.76215308641975
MOBEAST067,T11,Control,Table 1,2024-06-03T06:00:00Z,2024-06-03,06:00:00,2024-06-03,06:00:00,2024-06-03 06:00:00,2608.695652173913,3.8333333333333335,pico_euk,0.366,FCM,not outlier,0.1245,0.009427160493827162
MOBEAST067,T11,Control,Table 1,2024-06-03T06:00:00Z,2024-06-03,06:00:00,2024-06-03,06:00:00,2024-06-03 06:00:00,2608.695652173913,3.8333333333333335,syn,113.71,FCM,not outlier,10.785999999999987,0.8167176954732501
MOBEAST067,T11,Control,Table 1,2024-06-03T06:00:00Z,2024-06-03,06:00:00,2024-06-03,06:00:00,2024-06-03 06:00:00,2608.695652173913,3.8333333333333335,pro,24.742,FCM,not outlier,4.058499999999999,0.30731028806584354
MOBEAST067,T11,Control,Table 1,2024-06-03T06:00:00Z,2024-06-03,06:00:00,2024-06-03,06:00:00,2024-06-03 06:00:00,2608.695652173913,3.8333333333333335,tot_bact,681.431,FCM,not outlier,90.94299999999998,6.886218930041151
MOBEAST067,T11,Control,Table 1,2024-06-03T06:00:00Z,2024-06-03,06:00:00,2024-06-03,06:00:00,2024-06-03 06:00:00,2608.695652173913,3.8333333333333335,cyano,138.452,FCM,not outlier,14.84450000000001,1.1240279835390954
MOBEAST067,T11,Control,Table 1,2024-06-03T06:00:00Z,2024-06-03,06:00:00,2024-06-03,06:00:00,2024-06-03 06:00:00,2608.695652173913,3.8333333333333335,chla_conc,0.1672,chla,not outlier,0.1538,0.011645761316872427
MOBEAST067,T11,Control,Table 1,2024-06-03T06:00:00Z,2024-06-03,06:00:00,2024-06-03,06:00:00,2024-06-03 06:00:00,2608.695652173913,3.8333333333333335,npoc_u_m,87.0099161580924,DOC,not outlier,11.943517030647698,0.9043650755716776
MOBEAST067,T11,Control,Table 1,2024-06-03T06:00:00Z,2024-06-03,06:00:00,2024-06-03,06:00:00,2024-06-03 06:00:00,2608.695652173913,3.8333333333333335,tn_u_m,79.9046170761136,DOC,outlier,69.8001670629056,5.285280139742646
MOBEAST067,T11,Control,Table 1,2024-06-03T06:00:00Z,2024-06-03,06:00:00,2024-06-03,06:00:00,2024-06-03 06:00:00,2608.695652173913,3.8333333333333335,coble_a,0.0110566359521341,fDOM,not outlier,6.337610258595437e-4,4.798848920088726e-5
MOBEAST067,T11,Control,Table 1,2024-06-03T06:00:00Z,2024-06-03,06:00:00,2024-06-03,06:00:00,2024-06-03 06:00:00,2608.695652173913,3.8333333333333335,coble_b,0.0813333629865023,fDOM,not outlier,0.010400037256671255,7.874925330154366e-4
MOBEAST067,T11,Control,Table 1,2024-06-03T06:00:00Z,2024-06-03,06:00:00,2024-06-03,06:00:00,2024-06-03 06:00:00,2608.695652173913,3.8333333333333335,coble_c,0.00952221281028373,fDOM,not outlier,0.002008548450666384,1.52087619309718e-4
MOBEAST067,T11,Control,Table 1,2024-06-03T06:00:00Z,2024-06-03,06:00:00,2024-06-03,06:00:00,2024-06-03 06:00:00,2608.695652173913,3.8333333333333335,coble_m,0.0151058470228176,fDOM,not outlier,0.0027368562610341,2.0723520659682074e-4
MOBEAST067,T11,Control,Table 1,2024-06-03T06:00:00Z,2024-06-03,06:00:00,2024-06-03,06:00:00,2024-06-03 06:00:00,2608.695652173913,3.8333333333333335,coble_t,0.0856335653631853,fDOM,not outlier,0.016167505668113286,0.0012242061905073434
MOBEAST067,T11,Control,Table 1,2024-06-03T06:00:00Z,2024-06-03,06:00:00,2024-06-03,06:00:00,2024-06-03 06:00:00,2608.695652173913,3.8333333333333335,m_to_c,1.5863799017917033,fDOM,not outlier,-0.06350221580478244,-0.004808398233777765
MOBEAST067,T11,Control,Table 1,2024-06-03T06:00:00Z,2024-06-03,06:00:00,2024-06-03,06:00:00,2024-06-03 06:00:00,2608.695652173913,3.8333333333333335,bix,1.12560578659651,fDOM,not outlier,0.4389237892999509,0.03323538157662179
MOBEAST067,T11,Control,Table 1,2024-06-03T06:00:00Z,2024-06-03,06:00:00,2024-06-03,06:00:00,2024-06-03 06:00:00,2608.695652173913,3.8333333333333335,hix,0.471788535209694,fDOM,not outlier,-0.05223539277262146,-0.00395527253916146
MOBEAST067,T11,Control,Table 1,2024-06-03T06:00:00Z,2024-06-03,06:00:00,2024-06-03,06:00:00,2024-06-03 06:00:00,2608.695652173913,3.8333333333333335,fpeak,0.00748676817725543,fDOM,not outlier,-0.01861636764974552,-0.001409634422861389
MOBEAST067,T11,Control,Table 1,2024-06-03T06:00:00Z,2024-06-03,06:00:00,2024-06-03,06:00:00,2024-06-03 06:00:00,2608.695652173913,3.8333333333333335,fi,2.19191867194302,fDOM,not outlier,0.40201363570789517,0.030440538670885895
MOBEAST067,T11,Control,Table 1,2024-06-03T06:00:00Z,2024-06-03,06:00:00,2024-06-03,06:00:00,2024-06-03 06:00:00,2608.695652173913,3.8333333333333335,lignin,0.079608888536101,fDOM,not outlier,0.0634397330658786,0.004803667030502742
MOBEAST067,T11,Control,Table 1,2024-06-03T06:00:00Z,2024-06-03,06:00:00,2024-06-03,06:00:00,2024-06-03 06:00:00,2608.695652173913,3.8333333333333335,N_N,0.56,nutrients,not outlier,-0.5525,-0.041835390946502064
MOBEAST067,T11,Control,Table 1,2024-06-03T06:00:00Z,2024-06-03,06:00:00,2024-06-03,06:00:00,2024-06-03 06:00:00,2608.695652173913,3.8333333333333335,NO2,0.07,nutrients,not outlier,-0.6188056238999999,-0.04685606370271605
MOBEAST067,T11,Control,Table 1,2024-06-03T06:00:00Z,2024-06-03,06:00:00,2024-06-03,06:00:00,2024-06-03 06:00:00,2608.695652173913,3.8333333333333335,PO4,0.09,nutrients,not outlier,-0.04938972659999999,-0.0037397982281481474
MOBEAST067,T11,Control,Table 1,2024-06-03T06:00:00Z,2024-06-03,06:00:00,2024-06-03,06:00:00,2024-06-03 06:00:00,2608.695652173913,3.8333333333333335,SiO2,0.14,nutrients,not outlier,-0.45745415705000003,-0.034638504072921815
MOBEAST067,T11,Control,Table 1,2024-06-03T06:00:00Z,2024-06-03,06:00:00,2024-06-03,06:00:00,2024-06-03 06:00:00,2608.695652173913,3.8333333333333335,NH3,0.15,nutrients,not outlier,-11.616994527,-0.8796407378469137
MOBEAST067,T11,Control,Table 1,2024-06-03T06:00:00Z,2024-06-03,06:00:00,2024-06-03,06:00:00,2024-06-03 06:00:00,2608.695652173913,3.8333333333333335,NO3,0.4900000000000001,nutrients,not outlier,0.06630562390000017,0.005020672756214004
MOBEAST068,T12,CCA,Table 1,2024-06-03T06:00:00Z,2024-06-03,06:00:00,2024-06-03,06:00:00,2024-06-03 06:00:00,1764.7058823529412,5.666666666666667,het_bact,453.178,FCM,not outlier,-13.701999999999998,-1.5337218106995882
MOBEAST068,T12,CCA,Table 1,2024-06-03T06:00:00Z,2024-06-03,06:00:00,2024-06-03,06:00:00,2024-06-03 06:00:00,1764.7058823529412,5.666666666666667,pico_euk,0.266,FCM,not outlier,0.024500000000000022,0.0027423868312757226
MOBEAST068,T12,CCA,Table 1,2024-06-03T06:00:00Z,2024-06-03,06:00:00,2024-06-03,06:00:00,2024-06-03 06:00:00,1764.7058823529412,5.666666666666667,syn,92.113,FCM,not outlier,-10.811000000000007,-1.2101201646090542
MOBEAST068,T12,CCA,Table 1,2024-06-03T06:00:00Z,2024-06-03,06:00:00,2024-06-03,06:00:00,2024-06-03 06:00:00,1764.7058823529412,5.666666666666667,pro,20.416,FCM,not outlier,-0.26750000000000185,-0.029942386831275924
MOBEAST068,T12,CCA,Table 1,2024-06-03T06:00:00Z,2024-06-03,06:00:00,2024-06-03,06:00:00,2024-06-03 06:00:00,1764.7058823529412,5.666666666666667,tot_bact,565.707,FCM,not outlier,-24.781000000000063,-2.773840329218114
MOBEAST068,T12,CCA,Table 1,2024-06-03T06:00:00Z,2024-06-03,06:00:00,2024-06-03,06:00:00,2024-06-03 06:00:00,1764.7058823529412,5.666666666666667,cyano,112.529,FCM,not outlier,-11.078499999999991,-1.240062551440328
MOBEAST068,T12,CCA,Table 1,2024-06-03T06:00:00Z,2024-06-03,06:00:00,2024-06-03,06:00:00,2024-06-03 06:00:00,1764.7058823529412,5.666666666666667,chla_conc,0.1024,chla,not outlier,0.08900000000000001,0.009962139917695473
MOBEAST068,T12,CCA,Table 1,2024-06-03T06:00:00Z,2024-06-03,06:00:00,2024-06-03,06:00:00,2024-06-03 06:00:00,1764.7058823529412,5.666666666666667,npoc_u_m,NA,DOC,NA,NA,NA
MOBEAST068,T12,CCA,Table 1,2024-06-03T06:00:00Z,2024-06-03,06:00:00,2024-06-03,06:00:00,2024-06-03 06:00:00,1764.7058823529412,5.666666666666667,tn_u_m,NA,DOC,NA,NA,NA
MOBEAST068,T12,CCA,Table 1,2024-06-03T06:00:00Z,2024-06-03,06:00:00,2024-06-03,06:00:00,2024-06-03 06:00:00,1764.7058823529412,5.666666666666667,coble_a,0.00878176502940145,fDOM,not outlier,-0.0016411098968731053,-1.8369625183106364e-4
MOBEAST068,T12,CCA,Table 1,2024-06-03T06:00:00Z,2024-06-03,06:00:00,2024-06-03,06:00:00,2024-06-03 06:00:00,1764.7058823529412,5.666666666666667,coble_b,0.0664543626550072,fDOM,not outlier,-0.004478963074823844,-5.013489532313109e-4
MOBEAST068,T12,CCA,Table 1,2024-06-03T06:00:00Z,2024-06-03,06:00:00,2024-06-03,06:00:00,2024-06-03 06:00:00,1764.7058823529412,5.666666666666667,coble_c,0.00753021828915737,fDOM,not outlier,1.6553929540024694e-5,1.8529501378134635e-6
MOBEAST068,T12,CCA,Table 1,2024-06-03T06:00:00Z,2024-06-03,06:00:00,2024-06-03,06:00:00,2024-06-03 06:00:00,1764.7058823529412,5.666666666666667,coble_m,0.00959606369783833,fDOM,not outlier,-0.00277292706394517,-3.103852516020931e-4
MOBEAST068,T12,CCA,Table 1,2024-06-03T06:00:00Z,2024-06-03,06:00:00,2024-06-03,06:00:00,2024-06-03 06:00:00,1764.7058823529412,5.666666666666667,coble_t,0.0261412469436363,fDOM,not outlier,-0.04332481275143571,-0.004849526365592803
MOBEAST068,T12,CCA,Table 1,2024-06-03T06:00:00Z,2024-06-03,06:00:00,2024-06-03,06:00:00,2024-06-03 06:00:00,1764.7058823529412,5.666666666666667,m_to_c,1.2743407069162305,fDOM,not outlier,-0.37554141068025526,-0.04203591098972404
MOBEAST068,T12,CCA,Table 1,2024-06-03T06:00:00Z,2024-06-03,06:00:00,2024-06-03,06:00:00,2024-06-03 06:00:00,1764.7058823529412,5.666666666666667,bix,0.799893410373547,fDOM,not outlier,0.11321141307698801,0.01267222401520195
MOBEAST068,T12,CCA,Table 1,2024-06-03T06:00:00Z,2024-06-03,06:00:00,2024-06-03,06:00:00,2024-06-03 06:00:00,1764.7058823529412,5.666666666666667,hix,0.738644013346239,fDOM,outlier,0.21462008536392352,0.02402331819711407
MOBEAST068,T12,CCA,Table 1,2024-06-03T06:00:00Z,2024-06-03,06:00:00,2024-06-03,06:00:00,2024-06-03 06:00:00,1764.7058823529412,5.666666666666667,fpeak,0,fDOM,not outlier,-0.02610313582700095,-0.002921832487631382
MOBEAST068,T12,CCA,Table 1,2024-06-03T06:00:00Z,2024-06-03,06:00:00,2024-06-03,06:00:00,2024-06-03 06:00:00,1764.7058823529412,5.666666666666667,fi,2.11639597558374,fDOM,not outlier,0.32649093934861484,0.036545487861244126
MOBEAST068,T12,CCA,Table 1,2024-06-03T06:00:00Z,2024-06-03,06:00:00,2024-06-03,06:00:00,2024-06-03 06:00:00,1764.7058823529412,5.666666666666667,lignin,0.0150561759595546,fDOM,not outlier,-0.0011129795106677998,-1.245804225932681e-4
MOBEAST068,T12,CCA,Table 1,2024-06-03T06:00:00Z,2024-06-03,06:00:00,2024-06-03,06:00:00,2024-06-03 06:00:00,1764.7058823529412,5.666666666666667,N_N,0.54,nutrients,not outlier,-0.5725,-0.06408230452674897
MOBEAST068,T12,CCA,Table 1,2024-06-03T06:00:00Z,2024-06-03,06:00:00,2024-06-03,06:00:00,2024-06-03 06:00:00,1764.7058823529412,5.666666666666667,NO2,0.01,nutrients,not outlier,-0.6788056239,-0.07598153485629629
MOBEAST068,T12,CCA,Table 1,2024-06-03T06:00:00Z,2024-06-03,06:00:00,2024-06-03,06:00:00,2024-06-03 06:00:00,1764.7058823529412,5.666666666666667,PO4,0.077,nutrients,not outlier,-0.06238972659999999,-0.006983541413662549
MOBEAST068,T12,CCA,Table 1,2024-06-03T06:00:00Z,2024-06-03,06:00:00,2024-06-03,06:00:00,2024-06-03 06:00:00,1764.7058823529412,5.666666666666667,SiO2,0.01,nutrients,not outlier,-0.58745415705,-0.06575618548049382
MOBEAST068,T12,CCA,Table 1,2024-06-03T06:00:00Z,2024-06-03,06:00:00,2024-06-03,06:00:00,2024-06-03 06:00:00,1764.7058823529412,5.666666666666667,NH3,0.29,nutrients,not outlier,-11.476994527,-1.2846677001415638
MOBEAST068,T12,CCA,Table 1,2024-06-03T06:00:00Z,2024-06-03,06:00:00,2024-06-03,06:00:00,2024-06-03 06:00:00,1764.7058823529412,5.666666666666667,NO3,0.53,nutrients,not outlier,0.10630562390000009,0.011899230329547334
MOBEAST069,T13,Algae,Table 1,2024-06-03T06:00:00Z,2024-06-03,06:00:00,2024-06-03,06:00:00,2024-06-03 06:00:00,23076.923076923078,0.43333333333333335,het_bact,617.1,FCM,not outlier,150.22000000000003,1.2858337448559671
MOBEAST069,T13,Algae,Table 1,2024-06-03T06:00:00Z,2024-06-03,06:00:00,2024-06-03,06:00:00,2024-06-03 06:00:00,23076.923076923078,0.43333333333333335,pico_euk,0.283,FCM,not outlier,0.04149999999999998,3.552263374485595e-4
MOBEAST069,T13,Algae,Table 1,2024-06-03T06:00:00Z,2024-06-03,06:00:00,2024-06-03,06:00:00,2024-06-03 06:00:00,23076.923076923078,0.43333333333333335,syn,94.283,FCM,not outlier,-8.641000000000005,-0.07396411522633749
MOBEAST069,T13,Algae,Table 1,2024-06-03T06:00:00Z,2024-06-03,06:00:00,2024-06-03,06:00:00,2024-06-03 06:00:00,23076.923076923078,0.43333333333333335,pro,29.117,FCM,not outlier,8.433499999999999,0.07218798353909463
MOBEAST069,T13,Algae,Table 1,2024-06-03T06:00:00Z,2024-06-03,06:00:00,2024-06-03,06:00:00,2024-06-03 06:00:00,23076.923076923078,0.43333333333333335,tot_bact,740.5,FCM,not outlier,150.01199999999994,1.2840533333333326
MOBEAST069,T13,Algae,Table 1,2024-06-03T06:00:00Z,2024-06-03,06:00:00,2024-06-03,06:00:00,2024-06-03 06:00:00,23076.923076923078,0.43333333333333335,cyano,123.39999999999998,FCM,not outlier,-0.20750000000001023,-0.0017761316872428857
MOBEAST069,T13,Algae,Table 1,2024-06-03T06:00:00Z,2024-06-03,06:00:00,2024-06-03,06:00:00,2024-06-03 06:00:00,23076.923076923078,0.43333333333333335,chla_conc,0.088,chla,not outlier,0.0746,6.38551440329218e-4
MOBEAST069,T13,Algae,Table 1,2024-06-03T06:00:00Z,2024-06-03,06:00:00,2024-06-03,06:00:00,2024-06-03 06:00:00,23076.923076923078,0.43333333333333335,npoc_u_m,116.983189988927,DOC,not outlier,41.9167908614823,0.3587939300077497
MOBEAST069,T13,Algae,Table 1,2024-06-03T06:00:00Z,2024-06-03,06:00:00,2024-06-03,06:00:00,2024-06-03 06:00:00,23076.923076923078,0.43333333333333335,tn_u_m,12.3369530296215,DOC,not outlier,2.2325030164134994,0.019109490840082625
MOBEAST069,T13,Algae,Table 1,2024-06-03T06:00:00Z,2024-06-03,06:00:00,2024-06-03,06:00:00,2024-06-03 06:00:00,23076.923076923078,0.43333333333333335,coble_a,0.0127187050329854,fDOM,not outlier,0.0022958301067108437,1.9651549884603104e-5
MOBEAST069,T13,Algae,Table 1,2024-06-03T06:00:00Z,2024-06-03,06:00:00,2024-06-03,06:00:00,2024-06-03 06:00:00,23076.923076923078,0.43333333333333335,coble_b,0.0802494649368212,fDOM,not outlier,0.009316139206990148,7.974308457012143e-5
MOBEAST069,T13,Algae,Table 1,2024-06-03T06:00:00Z,2024-06-03,06:00:00,2024-06-03,06:00:00,2024-06-03 06:00:00,23076.923076923078,0.43333333333333335,coble_c,0.0130368781875169,fDOM,not outlier,0.005523213827899554,4.7276892024819223e-5
MOBEAST069,T13,Algae,Table 1,2024-06-03T06:00:00Z,2024-06-03,06:00:00,2024-06-03,06:00:00,2024-06-03 06:00:00,23076.923076923078,0.43333333333333335,coble_m,0.015568270953273,fDOM,not outlier,0.0031992801914895,2.7384785178181727e-5
MOBEAST069,T13,Algae,Table 1,2024-06-03T06:00:00Z,2024-06-03,06:00:00,2024-06-03,06:00:00,2024-06-03 06:00:00,23076.923076923078,0.43333333333333335,coble_t,0.0526398298424788,fDOM,not outlier,-0.01682622985259321,-1.4402698803865792e-4
MOBEAST069,T13,Algae,Table 1,2024-06-03T06:00:00Z,2024-06-03,06:00:00,2024-06-03,06:00:00,2024-06-03 06:00:00,23076.923076923078,0.43333333333333335,m_to_c,1.1941716973454557,fDOM,not outlier,-0.45571042025103004,-0.0039007311692269234
MOBEAST069,T13,Algae,Table 1,2024-06-03T06:00:00Z,2024-06-03,06:00:00,2024-06-03,06:00:00,2024-06-03 06:00:00,23076.923076923078,0.43333333333333335,bix,0.854106055944214,fDOM,not outlier,0.16742405864765497,0.0014330948229922728
MOBEAST069,T13,Algae,Table 1,2024-06-03T06:00:00Z,2024-06-03,06:00:00,2024-06-03,06:00:00,2024-06-03 06:00:00,23076.923076923078,0.43333333333333335,hix,0.62775049569385,fDOM,not outlier,0.10372656771153455,8.878652709464684e-4
MOBEAST069,T13,Algae,Table 1,2024-06-03T06:00:00Z,2024-06-03,06:00:00,2024-06-03,06:00:00,2024-06-03 06:00:00,23076.923076923078,0.43333333333333335,fpeak,0.0374077179627904,fDOM,not outlier,0.011304582135789453,9.676350140922658e-5
MOBEAST069,T13,Algae,Table 1,2024-06-03T06:00:00Z,2024-06-03,06:00:00,2024-06-03,06:00:00,2024-06-03 06:00:00,23076.923076923078,0.43333333333333335,fi,1.66882535180565,fDOM,not outlier,-0.12107968442947503,-0.0010364022370918026
MOBEAST069,T13,Algae,Table 1,2024-06-03T06:00:00Z,2024-06-03,06:00:00,2024-06-03,06:00:00,2024-06-03 06:00:00,23076.923076923078,0.43333333333333335,lignin,0.0398569425706201,fDOM,not outlier,0.0236877871003977,2.0275965913097617e-4
MOBEAST069,T13,Algae,Table 1,2024-06-03T06:00:00Z,2024-06-03,06:00:00,2024-06-03,06:00:00,2024-06-03 06:00:00,23076.923076923078,0.43333333333333335,N_N,0.24,nutrients,not outlier,-0.8725,-0.007468312757201646
MOBEAST069,T13,Algae,Table 1,2024-06-03T06:00:00Z,2024-06-03,06:00:00,2024-06-03,06:00:00,2024-06-03 06:00:00,23076.923076923078,0.43333333333333335,NO2,0.01,nutrients,not outlier,-0.6788056239,-0.00581035266548148
MOBEAST069,T13,Algae,Table 1,2024-06-03T06:00:00Z,2024-06-03,06:00:00,2024-06-03,06:00:00,2024-06-03 06:00:00,23076.923076923078,0.43333333333333335,PO4,0.077,nutrients,not outlier,-0.06238972659999999,-5.340355198683125e-4
MOBEAST069,T13,Algae,Table 1,2024-06-03T06:00:00Z,2024-06-03,06:00:00,2024-06-03,06:00:00,2024-06-03 06:00:00,23076.923076923078,0.43333333333333335,SiO2,0.01,nutrients,not outlier,-0.58745415705,-0.005028414183802468
MOBEAST069,T13,Algae,Table 1,2024-06-03T06:00:00Z,2024-06-03,06:00:00,2024-06-03,06:00:00,2024-06-03 06:00:00,23076.923076923078,0.43333333333333335,NH3,0.085,nutrients,not outlier,-11.681994526999999,-0.09999402722699587
MOBEAST069,T13,Algae,Table 1,2024-06-03T06:00:00Z,2024-06-03,06:00:00,2024-06-03,06:00:00,2024-06-03 06:00:00,23076.923076923078,0.43333333333333335,NO3,0.23,nutrients,not outlier,-0.19369437609999993,-0.0016579600917201638
MOBEAST070,T14,Algae,Table 1,2024-06-03T06:00:00Z,2024-06-03,06:00:00,2024-06-03,06:00:00,2024-06-03 06:00:00,1538.4615384615386,6.5,het_bact,530.933,FCM,not outlier,64.053,8.224088888888886
MOBEAST070,T14,Algae,Table 1,2024-06-03T06:00:00Z,2024-06-03,06:00:00,2024-06-03,06:00:00,2024-06-03 06:00:00,1538.4615384615386,6.5,pico_euk,0.1,FCM,not outlier,-0.1415,-0.018167901234567897
MOBEAST070,T14,Algae,Table 1,2024-06-03T06:00:00Z,2024-06-03,06:00:00,2024-06-03,06:00:00,2024-06-03 06:00:00,1538.4615384615386,6.5,syn,81.2,FCM,not outlier,-21.724000000000004,-2.7892543209876544
MOBEAST070,T14,Algae,Table 1,2024-06-03T06:00:00Z,2024-06-03,06:00:00,2024-06-03,06:00:00,2024-06-03 06:00:00,1538.4615384615386,6.5,pro,18.483,FCM,not outlier,-2.2005000000000017,-0.28253333333333347
MOBEAST070,T14,Algae,Table 1,2024-06-03T06:00:00Z,2024-06-03,06:00:00,2024-06-03,06:00:00,2024-06-03 06:00:00,1538.4615384615386,6.5,tot_bact,630.617,FCM,not outlier,40.128999999999905,5.152365432098752
MOBEAST070,T14,Algae,Table 1,2024-06-03T06:00:00Z,2024-06-03,06:00:00,2024-06-03,06:00:00,2024-06-03 06:00:00,1538.4615384615386,6.5,cyano,99.683,FCM,not outlier,-23.92449999999998,-3.0717876543209846
MOBEAST070,T14,Algae,Table 1,2024-06-03T06:00:00Z,2024-06-03,06:00:00,2024-06-03,06:00:00,2024-06-03 06:00:00,1538.4615384615386,6.5,chla_conc,0.0712,chla,not outlier,0.0578,0.007421234567901233
MOBEAST070,T14,Algae,Table 1,2024-06-03T06:00:00Z,2024-06-03,06:00:00,2024-06-03,06:00:00,2024-06-03 06:00:00,1538.4615384615386,6.5,npoc_u_m,127.224058547795,DOC,not outlier,52.1576594203503,6.696785900884481
MOBEAST070,T14,Algae,Table 1,2024-06-03T06:00:00Z,2024-06-03,06:00:00,2024-06-03,06:00:00,2024-06-03 06:00:00,1538.4615384615386,6.5,tn_u_m,15.521143452776199,DOC,not outlier,5.416693439568199,0.6954766885371514
MOBEAST070,T14,Algae,Table 1,2024-06-03T06:00:00Z,2024-06-03,06:00:00,2024-06-03,06:00:00,2024-06-03 06:00:00,1538.4615384615386,6.5,coble_a,0.0112251048888139,fDOM,not outlier,8.022299625393449e-4,1.0300236556060722e-4
MOBEAST070,T14,Algae,Table 1,2024-06-03T06:00:00Z,2024-06-03,06:00:00,2024-06-03,06:00:00,2024-06-03 06:00:00,1538.4615384615386,6.5,coble_b,0.0760536241808817,fDOM,not outlier,0.0051202984510506505,6.574210356904538e-4
MOBEAST070,T14,Algae,Table 1,2024-06-03T06:00:00Z,2024-06-03,06:00:00,2024-06-03,06:00:00,2024-06-03 06:00:00,1538.4615384615386,6.5,coble_c,0.0116285549262157,fDOM,not outlier,0.004114890566598355,5.283316283039863e-4
MOBEAST070,T14,Algae,Table 1,2024-06-03T06:00:00Z,2024-06-03,06:00:00,2024-06-03,06:00:00,2024-06-03 06:00:00,1538.4615384615386,6.5,coble_m,0.0135846050913282,fDOM,not outlier,0.001215614329544699,1.5607887687981318e-4
MOBEAST070,T14,Algae,Table 1,2024-06-03T06:00:00Z,2024-06-03,06:00:00,2024-06-03,06:00:00,2024-06-03 06:00:00,1538.4615384615386,6.5,coble_t,0.0382322056596569,fDOM,not outlier,-0.031233854035415114,-0.004010272616892804
MOBEAST070,T14,Algae,Table 1,2024-06-03T06:00:00Z,2024-06-03,06:00:00,2024-06-03,06:00:00,2024-06-03 06:00:00,1538.4615384615386,6.5,m_to_c,1.1682109408713142,fDOM,not outlier,-0.48167117672517157,-0.061844200468417085
MOBEAST070,T14,Algae,Table 1,2024-06-03T06:00:00Z,2024-06-03,06:00:00,2024-06-03,06:00:00,2024-06-03 06:00:00,1538.4615384615386,6.5,bix,0.891511776921832,fDOM,not outlier,0.20482977962527305,0.026299132198800482
MOBEAST070,T14,Algae,Table 1,2024-06-03T06:00:00Z,2024-06-03,06:00:00,2024-06-03,06:00:00,2024-06-03 06:00:00,1538.4615384615386,6.5,hix,0.71832065272646894,fDOM,not outlier,0.1942967247441535,0.024946739967150567
MOBEAST070,T14,Algae,Table 1,2024-06-03T06:00:00Z,2024-06-03,06:00:00,2024-06-03,06:00:00,2024-06-03 06:00:00,1538.4615384615386,6.5,fpeak,0.0153780811650303,fDOM,not outlier,-0.01072505466197065,-0.0013770440553641326
MOBEAST070,T14,Algae,Table 1,2024-06-03T06:00:00Z,2024-06-03,06:00:00,2024-06-03,06:00:00,2024-06-03 06:00:00,1538.4615384615386,6.5,fi,1.61309943761192,fDOM,not outlier,-0.17680559862320488,-0.022700965749152226
MOBEAST070,T14,Algae,Table 1,2024-06-03T06:00:00Z,2024-06-03,06:00:00,2024-06-03,06:00:00,2024-06-03 06:00:00,1538.4615384615386,6.5,lignin,0.0351756073670451,fDOM,not outlier,0.0190064518968227,0.0024403345645303215
MOBEAST070,T14,Algae,Table 1,2024-06-03T06:00:00Z,2024-06-03,06:00:00,2024-06-03,06:00:00,2024-06-03 06:00:00,1538.4615384615386,6.5,N_N,0.26,nutrients,not outlier,-0.8525,-0.10945679012345677
MOBEAST070,T14,Algae,Table 1,2024-06-03T06:00:00Z,2024-06-03,06:00:00,2024-06-03,06:00:00,2024-06-03 06:00:00,1538.4615384615386,6.5,NO2,0.01,nutrients,not outlier,-0.6788056239,-0.0871552899822222
MOBEAST070,T14,Algae,Table 1,2024-06-03T06:00:00Z,2024-06-03,06:00:00,2024-06-03,06:00:00,2024-06-03 06:00:00,1538.4615384615386,6.5,PO4,0.08,nutrients,not outlier,-0.059389726599999984,-0.0076253476128395024
MOBEAST070,T14,Algae,Table 1,2024-06-03T06:00:00Z,2024-06-03,06:00:00,2024-06-03,06:00:00,2024-06-03 06:00:00,1538.4615384615386,6.5,SiO2,0.01,nutrients,not outlier,-0.58745415705,-0.07542621275703702
MOBEAST070,T14,Algae,Table 1,2024-06-03T06:00:00Z,2024-06-03,06:00:00,2024-06-03,06:00:00,2024-06-03 06:00:00,1538.4615384615386,6.5,NH3,0.085,nutrients,not outlier,-11.681994526999999,-1.499910408404938
MOBEAST070,T14,Algae,Table 1,2024-06-03T06:00:00Z,2024-06-03,06:00:00,2024-06-03,06:00:00,2024-06-03 06:00:00,1538.4615384615386,6.5,NO3,0.25,nutrients,not outlier,-0.17369437609999994,-0.022301500141234554
MOBEAST071,T15,Control,Table 1,2024-06-03T06:00:00Z,2024-06-03,06:00:00,2024-06-03,06:00:00,2024-06-03 06:00:00,6185.567010309279,1.6166666666666667,het_bact,472.23,FCM,not outlier,5.350000000000023,0.1708477366255151
MOBEAST071,T15,Control,Table 1,2024-06-03T06:00:00Z,2024-06-03,06:00:00,2024-06-03,06:00:00,2024-06-03 06:00:00,6185.567010309279,1.6166666666666667,pico_euk,0.266,FCM,not outlier,0.024500000000000022,7.823868312757207e-4
MOBEAST071,T15,Control,Table 1,2024-06-03T06:00:00Z,2024-06-03,06:00:00,2024-06-03,06:00:00,2024-06-03 06:00:00,6185.567010309279,1.6166666666666667,syn,106.722,FCM,not outlier,3.7979999999999876,0.1212859259259255
MOBEAST071,T15,Control,Table 1,2024-06-03T06:00:00Z,2024-06-03,06:00:00,2024-06-03,06:00:00,2024-06-03 06:00:00,6185.567010309279,1.6166666666666667,pro,22.612,FCM,not outlier,1.928499999999996,0.061585020576131556
MOBEAST071,T15,Control,Table 1,2024-06-03T06:00:00Z,2024-06-03,06:00:00,2024-06-03,06:00:00,2024-06-03 06:00:00,6185.567010309279,1.6166666666666667,tot_bact,601.564,FCM,not outlier,11.075999999999908,0.35370271604937975
MOBEAST071,T15,Control,Table 1,2024-06-03T06:00:00Z,2024-06-03,06:00:00,2024-06-03,06:00:00,2024-06-03 06:00:00,6185.567010309279,1.6166666666666667,cyano,129.33400000000006,FCM,not outlier,5.7265000000000725,0.1828709465020599
MOBEAST071,T15,Control,Table 1,2024-06-03T06:00:00Z,2024-06-03,06:00:00,2024-06-03,06:00:00,2024-06-03 06:00:00,6185.567010309279,1.6166666666666667,chla_conc,0.15519999999999998,chla,not outlier,0.14179999999999998,0.004528263374485595
MOBEAST071,T15,Control,Table 1,2024-06-03T06:00:00Z,2024-06-03,06:00:00,2024-06-03,06:00:00,2024-06-03 06:00:00,6185.567010309279,1.6166666666666667,npoc_u_m,153.117636773877,DOC,not outlier,78.0512376464323,2.4925004285445045
MOBEAST071,T15,Control,Table 1,2024-06-03T06:00:00Z,2024-06-03,06:00:00,2024-06-03,06:00:00,2024-06-03 06:00:00,6185.567010309279,1.6166666666666667,tn_u_m,16.0423226027544,DOC,not outlier,5.9378725895464,0.18962095183078212
MOBEAST071,T15,Control,Table 1,2024-06-03T06:00:00Z,2024-06-03,06:00:00,2024-06-03,06:00:00,2024-06-03 06:00:00,6185.567010309279,1.6166666666666667,coble_a,0.0123162229428976,fDOM,not outlier,0.0018933480166230445,6.0462471641954006e-5
MOBEAST071,T15,Control,Table 1,2024-06-03T06:00:00Z,2024-06-03,06:00:00,2024-06-03,06:00:00,2024-06-03 06:00:00,6185.567010309279,1.6166666666666667,coble_b,0.0759200345572552,fDOM,not outlier,0.0049867088274241494,1.592463395095119e-4
MOBEAST071,T15,Control,Table 1,2024-06-03T06:00:00Z,2024-06-03,06:00:00,2024-06-03,06:00:00,2024-06-03 06:00:00,6185.567010309279,1.6166666666666667,coble_c,0.0107256757529717,fDOM,not outlier,0.003212011393354354,1.0257287412522544e-4
MOBEAST071,T15,Control,Table 1,2024-06-03T06:00:00Z,2024-06-03,06:00:00,2024-06-03,06:00:00,2024-06-03 06:00:00,6185.567010309279,1.6166666666666667,coble_m,0.0148420417918959,fDOM,not outlier,0.002473051030112399,7.897479832786919e-5
MOBEAST071,T15,Control,Table 1,2024-06-03T06:00:00Z,2024-06-03,06:00:00,2024-06-03,06:00:00,2024-06-03 06:00:00,6185.567010309279,1.6166666666666667,coble_t,0.159297341790358,fDOM,not outlier,0.089831282095286,0.002868686210121067
MOBEAST071,T15,Control,Table 1,2024-06-03T06:00:00Z,2024-06-03,06:00:00,2024-06-03,06:00:00,2024-06-03 06:00:00,6185.567010309279,1.6166666666666667,m_to_c,1.3837861719606528,fDOM,not outlier,-0.26609594563583294,-0.00849754953964635
MOBEAST071,T15,Control,Table 1,2024-06-03T06:00:00Z,2024-06-03,06:00:00,2024-06-03,06:00:00,2024-06-03 06:00:00,6185.567010309279,1.6166666666666667,bix,0.996119445922025,fDOM,not outlier,0.30943744862546596,0.009881623873800887
MOBEAST071,T15,Control,Table 1,2024-06-03T06:00:00Z,2024-06-03,06:00:00,2024-06-03,06:00:00,2024-06-03 06:00:00,6185.567010309279,1.6166666666666667,hix,0.351827896393713,fDOM,not outlier,-0.17219603158860247,-0.005498935000524917
MOBEAST071,T15,Control,Table 1,2024-06-03T06:00:00Z,2024-06-03,06:00:00,2024-06-03,06:00:00,2024-06-03 06:00:00,6185.567010309279,1.6166666666666667,fpeak,0.0841387321135123,fDOM,outlier,0.05803559628651135,0.0018533178073387984
MOBEAST071,T15,Control,Table 1,2024-06-03T06:00:00Z,2024-06-03,06:00:00,2024-06-03,06:00:00,2024-06-03 06:00:00,6185.567010309279,1.6166666666666667,fi,2.2079101531478,fDOM,not outlier,0.41800511691267483,0.013348640770544677
MOBEAST071,T15,Control,Table 1,2024-06-03T06:00:00Z,2024-06-03,06:00:00,2024-06-03,06:00:00,2024-06-03 06:00:00,6185.567010309279,1.6166666666666667,lignin,0.045567892761785,fDOM,not outlier,0.0293987372915626,9.388238740021637e-4
MOBEAST071,T15,Control,Table 1,2024-06-03T06:00:00Z,2024-06-03,06:00:00,2024-06-03,06:00:00,2024-06-03 06:00:00,6185.567010309279,1.6166666666666667,N_N,1.28,nutrients,not outlier,0.16749999999999998,0.005348971193415636
MOBEAST071,T15,Control,Table 1,2024-06-03T06:00:00Z,2024-06-03,06:00:00,2024-06-03,06:00:00,2024-06-03 06:00:00,6185.567010309279,1.6166666666666667,NO2,0.01,nutrients,not outlier,-0.6788056239,-0.02167708494429629
MOBEAST071,T15,Control,Table 1,2024-06-03T06:00:00Z,2024-06-03,06:00:00,2024-06-03,06:00:00,2024-06-03 06:00:00,6185.567010309279,1.6166666666666667,PO4,0.1,nutrients,not outlier,-0.03938972659999998,-0.0012578776889547317
MOBEAST071,T15,Control,Table 1,2024-06-03T06:00:00Z,2024-06-03,06:00:00,2024-06-03,06:00:00,2024-06-03 06:00:00,6185.567010309279,1.6166666666666667,SiO2,0.01,nutrients,not outlier,-0.58745415705,-0.018759852916493822
MOBEAST071,T15,Control,Table 1,2024-06-03T06:00:00Z,2024-06-03,06:00:00,2024-06-03,06:00:00,2024-06-03 06:00:00,6185.567010309279,1.6166666666666667,NH3,0.38,nutrients,not outlier,-11.386994526999999,-0.3636340639074896
MOBEAST071,T15,Control,Table 1,2024-06-03T06:00:00Z,2024-06-03,06:00:00,2024-06-03,06:00:00,2024-06-03 06:00:00,6185.567010309279,1.6166666666666667,NO3,1.27,nutrients,not outlier,0.8463056239000001,0.027026056137711932
MOBEAST072,T16,Coral,Table 1,2024-06-03T06:00:00Z,2024-06-03,06:00:00,2024-06-03,06:00:00,2024-06-03 06:00:00,3448.2758620689656,2.9,het_bact,472.117,FCM,not outlier,5.237000000000023,0.29999604938271734
MOBEAST072,T16,Coral,Table 1,2024-06-03T06:00:00Z,2024-06-03,06:00:00,2024-06-03,06:00:00,2024-06-03 06:00:00,3448.2758620689656,2.9,pico_euk,0.383,FCM,not outlier,0.14150000000000001,0.00810567901234568
MOBEAST072,T16,Coral,Table 1,2024-06-03T06:00:00Z,2024-06-03,06:00:00,2024-06-03,06:00:00,2024-06-03 06:00:00,3448.2758620689656,2.9,syn,96.833,FCM,not outlier,-6.091000000000008,-0.348916543209877
MOBEAST072,T16,Coral,Table 1,2024-06-03T06:00:00Z,2024-06-03,06:00:00,2024-06-03,06:00:00,2024-06-03 06:00:00,3448.2758620689656,2.9,pro,21.717,FCM,not outlier,1.0334999999999965,0.059202962962962756
MOBEAST072,T16,Coral,Table 1,2024-06-03T06:00:00Z,2024-06-03,06:00:00,2024-06-03,06:00:00,2024-06-03 06:00:00,3448.2758620689656,2.9,tot_bact,590.667,FCM,not outlier,0.17899999999997362,0.010253827160492316
MOBEAST072,T16,Coral,Table 1,2024-06-03T06:00:00Z,2024-06-03,06:00:00,2024-06-03,06:00:00,2024-06-03 06:00:00,3448.2758620689656,2.9,cyano,118.55,FCM,not outlier,-5.05749999999999,-0.289713580246913
MOBEAST072,T16,Coral,Table 1,2024-06-03T06:00:00Z,2024-06-03,06:00:00,2024-06-03,06:00:00,2024-06-03 06:00:00,3448.2758620689656,2.9,chla_conc,0.02279999999999999,chla,not outlier,0.00939999999999999,5.384691358024685e-4
MOBEAST072,T16,Coral,Table 1,2024-06-03T06:00:00Z,2024-06-03,06:00:00,2024-06-03,06:00:00,2024-06-03 06:00:00,3448.2758620689656,2.9,npoc_u_m,91.2561299507939,DOC,not outlier,16.18973082334921,0.9274117409918557
MOBEAST072,T16,Coral,Table 1,2024-06-03T06:00:00Z,2024-06-03,06:00:00,2024-06-03,06:00:00,2024-06-03 06:00:00,3448.2758620689656,2.9,tn_u_m,11.44523692233,DOC,not outlier,1.3407869091220004,0.07680557109044545
MOBEAST072,T16,Coral,Table 1,2024-06-03T06:00:00Z,2024-06-03,06:00:00,2024-06-03,06:00:00,2024-06-03 06:00:00,3448.2758620689656,2.9,coble_a,0.00789231855482628,fDOM,not outlier,-0.0025305563714482764,-1.4496026621629632e-4
MOBEAST072,T16,Coral,Table 1,2024-06-03T06:00:00Z,2024-06-03,06:00:00,2024-06-03,06:00:00,2024-06-03 06:00:00,3448.2758620689656,2.9,coble_b,0.0603211652168647,fDOM,not outlier,-0.010612160512966345,-6.079064787674548e-4
MOBEAST072,T16,Coral,Table 1,2024-06-03T06:00:00Z,2024-06-03,06:00:00,2024-06-03,06:00:00,2024-06-03 06:00:00,3448.2758620689656,2.9,coble_c,0.00740519877131512,fDOM,not outlier,-1.0846558830222494e-4,-6.2133374039793045e-6
MOBEAST072,T16,Coral,Table 1,2024-06-03T06:00:00Z,2024-06-03,06:00:00,2024-06-03,06:00:00,2024-06-03 06:00:00,3448.2758620689656,2.9,coble_m,0.0104301277415015,fDOM,not outlier,-0.0019388630202820008,-1.1106573350751213e-4
MOBEAST072,T16,Coral,Table 1,2024-06-03T06:00:00Z,2024-06-03,06:00:00,2024-06-03,06:00:00,2024-06-03 06:00:00,3448.2758620689656,2.9,coble_t,0.07817569031485,fDOM,not outlier,0.008709630619777989,4.989220503181465e-4
MOBEAST072,T16,Coral,Table 1,2024-06-03T06:00:00Z,2024-06-03,06:00:00,2024-06-03,06:00:00,2024-06-03 06:00:00,3448.2758620689656,2.9,m_to_c,1.408487207919899,fDOM,not outlier,-0.24139490967658683,-0.01382805408517732
MOBEAST072,T16,Coral,Table 1,2024-06-03T06:00:00Z,2024-06-03,06:00:00,2024-06-03,06:00:00,2024-06-03 06:00:00,3448.2758620689656,2.9,bix,1.13981250357504,fDOM,not outlier,0.45313050627848095,0.025957105544841378
MOBEAST072,T16,Coral,Table 1,2024-06-03T06:00:00Z,2024-06-03,06:00:00,2024-06-03,06:00:00,2024-06-03 06:00:00,3448.2758620689656,2.9,hix,0.360843112457502,fDOM,not outlier,-0.16318081552481345,-0.009347641778211535
MOBEAST072,T16,Coral,Table 1,2024-06-03T06:00:00Z,2024-06-03,06:00:00,2024-06-03,06:00:00,2024-06-03 06:00:00,3448.2758620689656,2.9,fpeak,0.0632589695425496,fDOM,not outlier,0.03715583371554865,0.0021284329437055026
MOBEAST072,T16,Coral,Table 1,2024-06-03T06:00:00Z,2024-06-03,06:00:00,2024-06-03,06:00:00,2024-06-03 06:00:00,3448.2758620689656,2.9,fi,2.16969590711035,fDOM,not outlier,0.3797908708752249,0.021755921492111648
MOBEAST072,T16,Coral,Table 1,2024-06-03T06:00:00Z,2024-06-03,06:00:00,2024-06-03,06:00:00,2024-06-03 06:00:00,3448.2758620689656,2.9,lignin,0.0321484716257316,fDOM,not outlier,0.015979316155509203,9.153583575501568e-4
MOBEAST072,T16,Coral,Table 1,2024-06-03T06:00:00Z,2024-06-03,06:00:00,2024-06-03,06:00:00,2024-06-03 06:00:00,3448.2758620689656,2.9,N_N,0.74,nutrients,not outlier,-0.37250000000000005,-0.021338271604938272
MOBEAST072,T16,Coral,Table 1,2024-06-03T06:00:00Z,2024-06-03,06:00:00,2024-06-03,06:00:00,2024-06-03 06:00:00,3448.2758620689656,2.9,NO2,0.01,nutrients,not outlier,-0.6788056239,-0.03888466783822222
MOBEAST072,T16,Coral,Table 1,2024-06-03T06:00:00Z,2024-06-03,06:00:00,2024-06-03,06:00:00,2024-06-03 06:00:00,3448.2758620689656,2.9,PO4,0.11,nutrients,not outlier,-0.029389726599999985,-0.0016835596472098758
MOBEAST072,T16,Coral,Table 1,2024-06-03T06:00:00Z,2024-06-03,06:00:00,2024-06-03,06:00:00,2024-06-03 06:00:00,3448.2758620689656,2.9,SiO2,0.01,nutrients,not outlier,-0.58745415705,-0.033651694922370363
MOBEAST072,T16,Coral,Table 1,2024-06-03T06:00:00Z,2024-06-03,06:00:00,2024-06-03,06:00:00,2024-06-03 06:00:00,3448.2758620689656,2.9,NH3,0.22,nutrients,not outlier,-11.546994526999999,-0.6614574642627159
MOBEAST072,T16,Coral,Table 1,2024-06-03T06:00:00Z,2024-06-03,06:00:00,2024-06-03,06:00:00,2024-06-03 06:00:00,3448.2758620689656,2.9,NO3,0.73,nutrients,not outlier,0.30630562390000005,0.017546396233283953
MOBEAST075,T1,Algae,Table 2,2024-06-04T12:00:00Z,2024-06-04,12:00:00,2024-06-04,12:00:00,2024-06-04 12:00:00,1672.456215697959,NA,het_bact,501.4,FCM,not outlier,59.35849999999999,7.010728109002204
MOBEAST075,T1,Algae,Table 2,2024-06-04T12:00:00Z,2024-06-04,12:00:00,2024-06-04,12:00:00,2024-06-04 12:00:00,1672.456215697959,NA,pico_euk,1.75,FCM,not outlier,-0.03299999999999992,-0.0038975720005908535
MOBEAST075,T1,Algae,Table 2,2024-06-04T12:00:00Z,2024-06-04,12:00:00,2024-06-04,12:00:00,2024-06-04 12:00:00,1672.456215697959,NA,syn,28.683,FCM,not outlier,-3.142000000000003,-0.3710960977532274
MOBEAST075,T1,Algae,Table 2,2024-06-04T12:00:00Z,2024-06-04,12:00:00,2024-06-04,12:00:00,2024-06-04 12:00:00,1672.456215697959,NA,pro,13.267,FCM,not outlier,0.30849999999999866,0.03643639279340231
MOBEAST075,T1,Algae,Table 2,2024-06-04T12:00:00Z,2024-06-04,12:00:00,2024-06-04,12:00:00,2024-06-04 12:00:00,1672.456215697959,NA,tot_bact,543.35,FCM,not outlier,56.52499999999998,6.676068404042377
MOBEAST075,T1,Algae,Table 2,2024-06-04T12:00:00Z,2024-06-04,12:00:00,2024-06-04,12:00:00,2024-06-04 12:00:00,1672.456215697959,NA,cyano,41.950000000000045,FCM,not outlier,-2.833499999999958,-0.33465970495981967
MOBEAST075,T1,Algae,Table 2,2024-06-04T12:00:00Z,2024-06-04,12:00:00,2024-06-04,12:00:00,2024-06-04 12:00:00,1672.456215697959,NA,chla_conc,0.20913043478260868,chla,not outlier,0.1293122188905547,0.015272838899457663
MOBEAST075,T1,Algae,Table 2,2024-06-04T12:00:00Z,2024-06-04,12:00:00,2024-06-04,12:00:00,2024-06-04 12:00:00,1672.456215697959,NA,npoc_u_m,97.3340438109352,DOC,not outlier,6.577468423988549,0.7768532352760085
MOBEAST075,T1,Algae,Table 2,2024-06-04T12:00:00Z,2024-06-04,12:00:00,2024-06-04,12:00:00,2024-06-04 12:00:00,1672.456215697959,NA,tn_u_m,10.6220594429809,DOC,not outlier,0.15671071701405026,0.018508827358378197
MOBEAST075,T1,Algae,Table 2,2024-06-04T12:00:00Z,2024-06-04,12:00:00,2024-06-04,12:00:00,2024-06-04 12:00:00,1672.456215697959,NA,coble_a,0.00597762563535894,fDOM,not outlier,1.6108811284989543e-4,1.9025833887023447e-5
MOBEAST075,T1,Algae,Table 2,2024-06-04T12:00:00Z,2024-06-04,12:00:00,2024-06-04,12:00:00,2024-06-04 12:00:00,1672.456215697959,NA,coble_b,0.0366055405689028,fDOM,not outlier,-0.013562319518801706,-0.0016018217218044997
MOBEAST075,T1,Algae,Table 2,2024-06-04T12:00:00Z,2024-06-04,12:00:00,2024-06-04,12:00:00,2024-06-04 12:00:00,1672.456215697959,NA,coble_c,0.00579213284591953,fDOM,not outlier,0.00195460887155562,2.3085541848126323e-4
MOBEAST075,T1,Algae,Table 2,2024-06-04T12:00:00Z,2024-06-04,12:00:00,2024-06-04,12:00:00,2024-06-04 12:00:00,1672.456215697959,NA,coble_m,0.00716111374875985,fDOM,not outlier,-0.0010279711817282053,-1.214118695550956e-4
MOBEAST075,T1,Algae,Table 2,2024-06-04T12:00:00Z,2024-06-04,12:00:00,2024-06-04,12:00:00,2024-06-04 12:00:00,1672.456215697959,NA,coble_t,0.0452750429657959,fDOM,not outlier,0.006883256546502903,8.129693329858629e-4
MOBEAST075,T1,Algae,Table 2,2024-06-04T12:00:00Z,2024-06-04,12:00:00,2024-06-04,12:00:00,2024-06-04 12:00:00,1672.456215697959,NA,m_to_c,1.236351779086826,fDOM,not outlier,-0.9133690919292075,-0.10787641814873883
MOBEAST075,T1,Algae,Table 2,2024-06-04T12:00:00Z,2024-06-04,12:00:00,2024-06-04,12:00:00,2024-06-04 12:00:00,1672.456215697959,NA,bix,0.853074253235982,fDOM,not outlier,0.239162412670899,0.02824705221878344
MOBEAST075,T1,Algae,Table 2,2024-06-04T12:00:00Z,2024-06-04,12:00:00,2024-06-04,12:00:00,2024-06-04 12:00:00,1672.456215697959,NA,hix,0.451394658241223,fDOM,not outlier,0.018515611327019454,0.002186846311576184
MOBEAST075,T1,Algae,Table 2,2024-06-04T12:00:00Z,2024-06-04,12:00:00,2024-06-04,12:00:00,2024-06-04 12:00:00,1672.456215697959,NA,fpeak,0.0302603291558784,fDOM,not outlier,-0.018429523955790752,-0.002176678683463897
MOBEAST075,T1,Algae,Table 2,2024-06-04T12:00:00Z,2024-06-04,12:00:00,2024-06-04,12:00:00,2024-06-04 12:00:00,1672.456215697959,NA,fi,1.50406354041424,fDOM,not outlier,-0.14555211101392018,-0.017190904015598436
MOBEAST075,T1,Algae,Table 2,2024-06-04T12:00:00Z,2024-06-04,12:00:00,2024-06-04,12:00:00,2024-06-04 12:00:00,1672.456215697959,NA,lignin,0.0297252473094778,fDOM,not outlier,0.0094571370028513,0.0011169658299413643
MOBEAST075,T1,Algae,Table 2,2024-06-04T12:00:00Z,2024-06-04,12:00:00,2024-06-04,12:00:00,2024-06-04 12:00:00,1672.456215697959,NA,N_N,0.71,nutrients,not outlier,-0.30000000000000004,-0.035432472732644216
MOBEAST075,T1,Algae,Table 2,2024-06-04T12:00:00Z,2024-06-04,12:00:00,2024-06-04,12:00:00,2024-06-04 12:00:00,1672.456215697959,NA,NO2,0.07,nutrients,not outlier,-0.05499999999999999,-0.006495953334318105
MOBEAST075,T1,Algae,Table 2,2024-06-04T12:00:00Z,2024-06-04,12:00:00,2024-06-04,12:00:00,2024-06-04 12:00:00,1672.456215697959,NA,PO4,0.077,nutrients,not outlier,-0.021500000000000005,-0.002539327212506169
MOBEAST075,T1,Algae,Table 2,2024-06-04T12:00:00Z,2024-06-04,12:00:00,2024-06-04,12:00:00,2024-06-04 12:00:00,1672.456215697959,NA,SiO2,0.01,nutrients,not outlier,0,0
MOBEAST075,T1,Algae,Table 2,2024-06-04T12:00:00Z,2024-06-04,12:00:00,2024-06-04,12:00:00,2024-06-04 12:00:00,1672.456215697959,NA,NH3,0.43,nutrients,not outlier,-0.030000000000000027,-0.0035432472732644243
MOBEAST075,T1,Algae,Table 2,2024-06-04T12:00:00Z,2024-06-04,12:00:00,2024-06-04,12:00:00,2024-06-04 12:00:00,1672.456215697959,NA,NO3,0.6399999999999999,nutrients,not outlier,-0.2450000000000001,-0.02893651939832612
MOBEAST076,T2,CCA,Table 2,2024-06-04T12:00:00Z,2024-06-04,12:00:00,2024-06-04,12:00:00,2024-06-04 12:00:00,5319.148936170213,NA,het_bact,425.225,FCM,not outlier,-16.816499999999962,-0.6244942222222207
MOBEAST076,T2,CCA,Table 2,2024-06-04T12:00:00Z,2024-06-04,12:00:00,2024-06-04,12:00:00,2024-06-04 12:00:00,5319.148936170213,NA,pico_euk,1.181,FCM,not outlier,-0.6019999999999999,-0.022355753086419745
MOBEAST076,T2,CCA,Table 2,2024-06-04T12:00:00Z,2024-06-04,12:00:00,2024-06-04,12:00:00,2024-06-04 12:00:00,5319.148936170213,NA,syn,21.082,FCM,not outlier,-10.743000000000002,-0.39894992592592593
MOBEAST076,T2,CCA,Table 2,2024-06-04T12:00:00Z,2024-06-04,12:00:00,2024-06-04,12:00:00,2024-06-04 12:00:00,5319.148936170213,NA,pro,10.749,FCM,not outlier,-2.2095000000000002,-0.08205155555555556
MOBEAST076,T2,CCA,Table 2,2024-06-04T12:00:00Z,2024-06-04,12:00:00,2024-06-04,12:00:00,2024-06-04 12:00:00,5319.148936170213,NA,tot_bact,457.055,FCM,not outlier,-29.77000000000004,-1.105532839506174
MOBEAST076,T2,CCA,Table 2,2024-06-04T12:00:00Z,2024-06-04,12:00:00,2024-06-04,12:00:00,2024-06-04 12:00:00,5319.148936170213,NA,cyano,31.831000000000017,FCM,not outlier,-12.952499999999986,-0.4810014814814809
MOBEAST076,T2,CCA,Table 2,2024-06-04T12:00:00Z,2024-06-04,12:00:00,2024-06-04,12:00:00,2024-06-04 12:00:00,5319.148936170213,NA,chla_conc,0.2208695652173913,chla,not outlier,0.1410513493253373,0.005238055046550797
MOBEAST076,T2,CCA,Table 2,2024-06-04T12:00:00Z,2024-06-04,12:00:00,2024-06-04,12:00:00,2024-06-04 12:00:00,5319.148936170213,NA,npoc_u_m,100.830925757866,DOC,not outlier,10.074350370919348,0.37411908537932587
MOBEAST076,T2,CCA,Table 2,2024-06-04T12:00:00Z,2024-06-04,12:00:00,2024-06-04,12:00:00,2024-06-04 12:00:00,5319.148936170213,NA,tn_u_m,10.6806028543483,DOC,not outlier,0.2152541283814493,0.0079936347922395
MOBEAST076,T2,CCA,Table 2,2024-06-04T12:00:00Z,2024-06-04,12:00:00,2024-06-04,12:00:00,2024-06-04 12:00:00,5319.148936170213,NA,coble_a,0.00571036832926178,fDOM,not outlier,-1.0616919324726512e-4,-3.942678188737944e-6
MOBEAST076,T2,CCA,Table 2,2024-06-04T12:00:00Z,2024-06-04,12:00:00,2024-06-04,12:00:00,2024-06-04 12:00:00,5319.148936170213,NA,coble_b,0.0345348337354343,fDOM,not outlier,-0.015633026352270207,-5.80544978612701e-4
MOBEAST076,T2,CCA,Table 2,2024-06-04T12:00:00Z,2024-06-04,12:00:00,2024-06-04,12:00:00,2024-06-04 12:00:00,5319.148936170213,NA,coble_c,0.00618028182286804,fDOM,not outlier,0.0023427578485041302,8.700019269506695e-5
MOBEAST076,T2,CCA,Table 2,2024-06-04T12:00:00Z,2024-06-04,12:00:00,2024-06-04,12:00:00,2024-06-04 12:00:00,5319.148936170213,NA,coble_m,0.0078800092478487,fDOM,not outlier,-3.0907568263935543e-4,-1.1477773498508408e-5
MOBEAST076,T2,CCA,Table 2,2024-06-04T12:00:00Z,2024-06-04,12:00:00,2024-06-04,12:00:00,2024-06-04 12:00:00,5319.148936170213,NA,coble_t,0.0419255023450051,fDOM,not outlier,0.003533715925712097,1.3122737659928378e-4
MOBEAST076,T2,CCA,Table 2,2024-06-04T12:00:00Z,2024-06-04,12:00:00,2024-06-04,12:00:00,2024-06-04 12:00:00,5319.148936170213,NA,m_to_c,1.2750242583908382,fDOM,not outlier,-0.8746966126251952,-0.03248256062687144
MOBEAST076,T2,CCA,Table 2,2024-06-04T12:00:00Z,2024-06-04,12:00:00,2024-06-04,12:00:00,2024-06-04 12:00:00,5319.148936170213,NA,bix,0.765670905476439,fDOM,not outlier,0.15175906491135605,0.005635694657448876
MOBEAST076,T2,CCA,Table 2,2024-06-04T12:00:00Z,2024-06-04,12:00:00,2024-06-04,12:00:00,2024-06-04 12:00:00,5319.148936170213,NA,hix,0.474568826658486,fDOM,not outlier,0.04168977974428245,0.0015481834255654519
MOBEAST076,T2,CCA,Table 2,2024-06-04T12:00:00Z,2024-06-04,12:00:00,2024-06-04,12:00:00,2024-06-04 12:00:00,5319.148936170213,NA,fpeak,0.0264464242003436,fDOM,not outlier,-0.022243428911325552,-8.2602758228725e-4
MOBEAST076,T2,CCA,Table 2,2024-06-04T12:00:00Z,2024-06-04,12:00:00,2024-06-04,12:00:00,2024-06-04 12:00:00,5319.148936170213,NA,fi,1.69480896298667,fDOM,not outlier,0.04519331155850992,0.001678289890962936
MOBEAST076,T2,CCA,Table 2,2024-06-04T12:00:00Z,2024-06-04,12:00:00,2024-06-04,12:00:00,2024-06-04 12:00:00,5319.148936170213,NA,lignin,0.00420008053584172,fDOM,not outlier,-0.01606802977078478,-5.96699179636057e-4
MOBEAST076,T2,CCA,Table 2,2024-06-04T12:00:00Z,2024-06-04,12:00:00,2024-06-04,12:00:00,2024-06-04 12:00:00,5319.148936170213,NA,N_N,0.63,nutrients,not outlier,-0.38,-0.014111604938271603
MOBEAST076,T2,CCA,Table 2,2024-06-04T12:00:00Z,2024-06-04,12:00:00,2024-06-04,12:00:00,2024-06-04 12:00:00,5319.148936170213,NA,NO2,0.01,nutrients,not outlier,-0.115,-0.004270617283950617
MOBEAST076,T2,CCA,Table 2,2024-06-04T12:00:00Z,2024-06-04,12:00:00,2024-06-04,12:00:00,2024-06-04 12:00:00,5319.148936170213,NA,PO4,0.09,nutrients,not outlier,-0.008500000000000008,-3.1565432098765454e-4
MOBEAST076,T2,CCA,Table 2,2024-06-04T12:00:00Z,2024-06-04,12:00:00,2024-06-04,12:00:00,2024-06-04 12:00:00,5319.148936170213,NA,SiO2,0.01,nutrients,not outlier,0,0
MOBEAST076,T2,CCA,Table 2,2024-06-04T12:00:00Z,2024-06-04,12:00:00,2024-06-04,12:00:00,2024-06-04 12:00:00,5319.148936170213,NA,NH3,0.33,nutrients,not outlier,-0.13,-0.004827654320987654
MOBEAST076,T2,CCA,Table 2,2024-06-04T12:00:00Z,2024-06-04,12:00:00,2024-06-04,12:00:00,2024-06-04 12:00:00,5319.148936170213,NA,NO3,0.62,nutrients,not outlier,-0.265,-0.009840987654320987
MOBEAST077,T3,Control,Table 2,2024-06-04T12:00:00Z,2024-06-04,12:00:00,2024-06-04,12:00:00,2024-06-04 12:00:00,6189.903846153846,NA,het_bact,496.733,FCM,not outlier,54.69150000000002,1.745303243437613
MOBEAST077,T3,Control,Table 2,2024-06-04T12:00:00Z,2024-06-04,12:00:00,2024-06-04,12:00:00,2024-06-04 12:00:00,6189.903846153846,NA,pico_euk,1.783,FCM,not outlier,0,0
MOBEAST077,T3,Control,Table 2,2024-06-04T12:00:00Z,2024-06-04,12:00:00,2024-06-04,12:00:00,2024-06-04 12:00:00,6189.903846153846,NA,syn,33.117,FCM,not outlier,1.2919999999999945,0.04123002277358247
MOBEAST077,T3,Control,Table 2,2024-06-04T12:00:00Z,2024-06-04,12:00:00,2024-06-04,12:00:00,2024-06-04 12:00:00,6189.903846153846,NA,pro,14.85,FCM,not outlier,1.8914999999999988,0.06036113628191295
MOBEAST077,T3,Control,Table 2,2024-06-04T12:00:00Z,2024-06-04,12:00:00,2024-06-04,12:00:00,2024-06-04 12:00:00,6189.903846153846,NA,tot_bact,544.7,FCM,not outlier,57.875,1.846894402493108
MOBEAST077,T3,Control,Table 2,2024-06-04T12:00:00Z,2024-06-04,12:00:00,2024-06-04,12:00:00,2024-06-04 12:00:00,6189.903846153846,NA,cyano,47.96700000000004,FCM,not outlier,3.1835000000000377,0.10159115905549683
MOBEAST077,T3,Control,Table 2,2024-06-04T12:00:00Z,2024-06-04,12:00:00,2024-06-04,12:00:00,2024-06-04 12:00:00,6189.903846153846,NA,chla_conc,0.0699248120300752,chla,not outlier,-0.009893403861978789,-3.157161505709257e-4
MOBEAST077,T3,Control,Table 2,2024-06-04T12:00:00Z,2024-06-04,12:00:00,2024-06-04,12:00:00,2024-06-04 12:00:00,6189.903846153846,NA,npoc_u_m,87.0931752520669,DOC,not outlier,-3.663400134879751,-0.1169056277011129
MOBEAST077,T3,Control,Table 2,2024-06-04T12:00:00Z,2024-06-04,12:00:00,2024-06-04,12:00:00,2024-06-04 12:00:00,6189.903846153846,NA,tn_u_m,9.93096161122891,DOC,not outlier,-0.5343871147379406,-0.017053245286806823
MOBEAST077,T3,Control,Table 2,2024-06-04T12:00:00Z,2024-06-04,12:00:00,2024-06-04,12:00:00,2024-06-04 12:00:00,6189.903846153846,NA,coble_a,0.00203229491691614,fDOM,outlier,-0.003784242605592905,-1.2076192632303189e-4
MOBEAST077,T3,Control,Table 2,2024-06-04T12:00:00Z,2024-06-04,12:00:00,2024-06-04,12:00:00,2024-06-04 12:00:00,6189.903846153846,NA,coble_b,0.0041995290883621,fDOM,outlier,-0.0459683309993424,-0.0014669313730390652
MOBEAST077,T3,Control,Table 2,2024-06-04T12:00:00Z,2024-06-04,12:00:00,2024-06-04,12:00:00,2024-06-04 12:00:00,6189.903846153846,NA,coble_c,0.00147741992780461,fDOM,not outlier,-0.0023601040465593,-7.531512661583939e-5
MOBEAST077,T3,Control,Table 2,2024-06-04T12:00:00Z,2024-06-04,12:00:00,2024-06-04,12:00:00,2024-06-04 12:00:00,6189.903846153846,NA,coble_m,0.0034693985976537,fDOM,not outlier,-0.004719686332834356,-1.5061360293105826e-4
MOBEAST077,T3,Control,Table 2,2024-06-04T12:00:00Z,2024-06-04,12:00:00,2024-06-04,12:00:00,2024-06-04 12:00:00,6189.903846153846,NA,coble_t,0.0219185124419735,fDOM,not outlier,-0.0164732739773195,-5.256915334677626e-4
MOBEAST077,T3,Control,Table 2,2024-06-04T12:00:00Z,2024-06-04,12:00:00,2024-06-04,12:00:00,2024-06-04 12:00:00,6189.903846153846,NA,m_to_c,2.3482819829086066,fDOM,not outlier,0.1985611118925732,0.006336438982413843
MOBEAST077,T3,Control,Table 2,2024-06-04T12:00:00Z,2024-06-04,12:00:00,2024-06-04,12:00:00,2024-06-04 12:00:00,6189.903846153846,NA,bix,0.977911418445499,fDOM,not outlier,0.36399957788041604,0.011615875298439647
MOBEAST077,T3,Control,Table 2,2024-06-04T12:00:00Z,2024-06-04,12:00:00,2024-06-04,12:00:00,2024-06-04 12:00:00,6189.903846153846,NA,hix,0.345218685833756,fDOM,not outlier,-0.08766036108044756,-0.002797398361987098
MOBEAST077,T3,Control,Table 2,2024-06-04T12:00:00Z,2024-06-04,12:00:00,2024-06-04,12:00:00,2024-06-04 12:00:00,6189.903846153846,NA,fpeak,0.0187488284054844,fDOM,not outlier,-0.02994102470618475,-9.554714632356021e-4
MOBEAST077,T3,Control,Table 2,2024-06-04T12:00:00Z,2024-06-04,12:00:00,2024-06-04,12:00:00,2024-06-04 12:00:00,6189.903846153846,NA,fi,1.75819114831094,fDOM,not outlier,0.1085754968827799,0.0034648376231656863
MOBEAST077,T3,Control,Table 2,2024-06-04T12:00:00Z,2024-06-04,12:00:00,2024-06-04,12:00:00,2024-06-04 12:00:00,6189.903846153846,NA,lignin,0,fDOM,not outlier,-0.0202681103066265,-6.467915243960494e-4
MOBEAST077,T3,Control,Table 2,2024-06-04T12:00:00Z,2024-06-04,12:00:00,2024-06-04,12:00:00,2024-06-04 12:00:00,6189.903846153846,NA,N_N,0.89,nutrients,not outlier,-0.12,-0.003829413879899317
MOBEAST077,T3,Control,Table 2,2024-06-04T12:00:00Z,2024-06-04,12:00:00,2024-06-04,12:00:00,2024-06-04 12:00:00,6189.903846153846,NA,NO2,0.09,nutrients,not outlier,-0.035,-0.0011169123816373008
MOBEAST077,T3,Control,Table 2,2024-06-04T12:00:00Z,2024-06-04,12:00:00,2024-06-04,12:00:00,2024-06-04 12:00:00,6189.903846153846,NA,PO4,0.19,nutrients,outlier,0.0915,0.0029199280834232293
MOBEAST077,T3,Control,Table 2,2024-06-04T12:00:00Z,2024-06-04,12:00:00,2024-06-04,12:00:00,2024-06-04 12:00:00,6189.903846153846,NA,SiO2,0.01,nutrients,not outlier,0,0
MOBEAST077,T3,Control,Table 2,2024-06-04T12:00:00Z,2024-06-04,12:00:00,2024-06-04,12:00:00,2024-06-04 12:00:00,6189.903846153846,NA,NH3,1.37,nutrients,not outlier,0.9100000000000001,0.029039721922569824
MOBEAST077,T3,Control,Table 2,2024-06-04T12:00:00Z,2024-06-04,12:00:00,2024-06-04,12:00:00,2024-06-04 12:00:00,6189.903846153846,NA,NO3,0.8,nutrients,not outlier,-0.08499999999999996,-0.002712501498262015
MOBEAST078,T4,Algae,Table 2,2024-06-04T12:00:00Z,2024-06-04,12:00:00,2024-06-04,12:00:00,2024-06-04 12:00:00,2513.0707563611013,NA,het_bact,579.733,FCM,not outlier,137.69149999999996,10.822743816030544
MOBEAST078,T4,Algae,Table 2,2024-06-04T12:00:00Z,2024-06-04,12:00:00,2024-06-04,12:00:00,2024-06-04 12:00:00,2513.0707563611013,NA,pico_euk,1.367,FCM,not outlier,-0.4159999999999999,-0.03269817982568791
MOBEAST078,T4,Algae,Table 2,2024-06-04T12:00:00Z,2024-06-04,12:00:00,2024-06-04,12:00:00,2024-06-04 12:00:00,2513.0707563611013,NA,syn,28.617,FCM,not outlier,-3.208000000000002,-0.2521532713480935
MOBEAST078,T4,Algae,Table 2,2024-06-04T12:00:00Z,2024-06-04,12:00:00,2024-06-04,12:00:00,2024-06-04 12:00:00,2513.0707563611013,NA,pro,14.283,FCM,not outlier,1.3244999999999987,0.10410754610366249
MOBEAST078,T4,Algae,Table 2,2024-06-04T12:00:00Z,2024-06-04,12:00:00,2024-06-04,12:00:00,2024-06-04 12:00:00,2513.0707563611013,NA,tot_bact,622.633,FCM,not outlier,135.808,10.674698090786116
MOBEAST078,T4,Algae,Table 2,2024-06-04T12:00:00Z,2024-06-04,12:00:00,2024-06-04,12:00:00,2024-06-04 12:00:00,2513.0707563611013,NA,cyano,42.89999999999998,FCM,not outlier,-1.8835000000000264,-0.1480457252444328
MOBEAST078,T4,Algae,Table 2,2024-06-04T12:00:00Z,2024-06-04,12:00:00,2024-06-04,12:00:00,2024-06-04 12:00:00,2513.0707563611013,NA,chla_conc,0.03153846153846153,chla,not outlier,-0.048279754353592455,-0.003794855985081262
MOBEAST078,T4,Algae,Table 2,2024-06-04T12:00:00Z,2024-06-04,12:00:00,2024-06-04,12:00:00,2024-06-04 12:00:00,2513.0707563611013,NA,npoc_u_m,103.744994046975,DOC,not outlier,12.988418660028344,1.0209078100887674
MOBEAST078,T4,Algae,Table 2,2024-06-04T12:00:00Z,2024-06-04,12:00:00,2024-06-04,12:00:00,2024-06-04 12:00:00,2513.0707563611013,NA,tn_u_m,10.4342921601805,DOC,not outlier,-0.03105656578635063,-0.0024410893578134607
MOBEAST078,T4,Algae,Table 2,2024-06-04T12:00:00Z,2024-06-04,12:00:00,2024-06-04,12:00:00,2024-06-04 12:00:00,2513.0707563611013,NA,coble_a,0.00785845214669916,fDOM,not outlier,0.002041914624190115,1.6049733550593833e-4
MOBEAST078,T4,Algae,Table 2,2024-06-04T12:00:00Z,2024-06-04,12:00:00,2024-06-04,12:00:00,2024-06-04 12:00:00,2513.0707563611013,NA,coble_b,0.0582503323713057,fDOM,not outlier,0.008082472283601198,6.352935869358905e-4
MOBEAST078,T4,Algae,Table 2,2024-06-04T12:00:00Z,2024-06-04,12:00:00,2024-06-04,12:00:00,2024-06-04 12:00:00,2513.0707563611013,NA,coble_c,0.00734915290488184,fDOM,not outlier,0.0035116289305179298,2.760189284883736e-4
MOBEAST078,T4,Algae,Table 2,2024-06-04T12:00:00Z,2024-06-04,12:00:00,2024-06-04,12:00:00,2024-06-04 12:00:00,2513.0707563611013,NA,coble_m,0.0113232082816596,fDOM,not outlier,0.003134123351171544,2.463464637800356e-4
MOBEAST078,T4,Algae,Table 2,2024-06-04T12:00:00Z,2024-06-04,12:00:00,2024-06-04,12:00:00,2024-06-04 12:00:00,2513.0707563611013,NA,coble_t,0.162276551083697,fDOM,not outlier,0.12388476466440401,0.009737515174662766
MOBEAST078,T4,Algae,Table 2,2024-06-04T12:00:00Z,2024-06-04,12:00:00,2024-06-04,12:00:00,2024-06-04 12:00:00,2513.0707563611013,NA,m_to_c,1.5407501283770957,fDOM,not outlier,-0.6089707426389377,-0.04786594916199687
MOBEAST078,T4,Algae,Table 2,2024-06-04T12:00:00Z,2024-06-04,12:00:00,2024-06-04,12:00:00,2024-06-04 12:00:00,2513.0707563611013,NA,bix,1.29736348890326,fDOM,not outlier,0.683451648338177,0.05372025216231857
MOBEAST078,T4,Algae,Table 2,2024-06-04T12:00:00Z,2024-06-04,12:00:00,2024-06-04,12:00:00,2024-06-04 12:00:00,2513.0707563611013,NA,hix,0.197209571592313,fDOM,not outlier,-0.23566947532189053,-0.018523949239184365
MOBEAST078,T4,Algae,Table 2,2024-06-04T12:00:00Z,2024-06-04,12:00:00,2024-06-04,12:00:00,2024-06-04 12:00:00,2513.0707563611013,NA,fpeak,0.0422401594494038,fDOM,not outlier,-0.006449693662265353,-5.069549115128658e-4
MOBEAST078,T4,Algae,Table 2,2024-06-04T12:00:00Z,2024-06-04,12:00:00,2024-06-04,12:00:00,2024-06-04 12:00:00,2513.0707563611013,NA,fi,1.74988515883683,fDOM,not outlier,0.10026950740866991,0.007881323039139028
MOBEAST078,T4,Algae,Table 2,2024-06-04T12:00:00Z,2024-06-04,12:00:00,2024-06-04,12:00:00,2024-06-04 12:00:00,2513.0707563611013,NA,lignin,0.0614097929185896,fDOM,not outlier,0.0411416826119631,0.00323379359706093
MOBEAST078,T4,Algae,Table 2,2024-06-04T12:00:00Z,2024-06-04,12:00:00,2024-06-04,12:00:00,2024-06-04 12:00:00,2513.0707563611013,NA,N_N,6.28,nutrients,outlier,5.2700000000000005,0.41422934538792144
MOBEAST078,T4,Algae,Table 2,2024-06-04T12:00:00Z,2024-06-04,12:00:00,2024-06-04,12:00:00,2024-06-04 12:00:00,2513.0707563611013,NA,NO2,0.01,nutrients,not outlier,-0.115,-0.009039160288351228
MOBEAST078,T4,Algae,Table 2,2024-06-04T12:00:00Z,2024-06-04,12:00:00,2024-06-04,12:00:00,2024-06-04 12:00:00,2513.0707563611013,NA,PO4,0.09,nutrients,not outlier,-0.008500000000000008,-6.681118473998738e-4
MOBEAST078,T4,Algae,Table 2,2024-06-04T12:00:00Z,2024-06-04,12:00:00,2024-06-04,12:00:00,2024-06-04 12:00:00,2513.0707563611013,NA,SiO2,0.56,nutrients,not outlier,0.55,0.04323076659646238
MOBEAST078,T4,Algae,Table 2,2024-06-04T12:00:00Z,2024-06-04,12:00:00,2024-06-04,12:00:00,2024-06-04 12:00:00,2513.0707563611013,NA,NH3,3.94,nutrients,not outlier,3.48,0.27353285046488923
MOBEAST078,T4,Algae,Table 2,2024-06-04T12:00:00Z,2024-06-04,12:00:00,2024-06-04,12:00:00,2024-06-04 12:00:00,2513.0707563611013,NA,NO3,6.2700000000000005,nutrients,outlier,5.385000000000001,0.4232685056762727
MOBEAST079,T5,CCA,Table 2,2024-06-04T12:00:00Z,2024-06-04,12:00:00,2024-06-04,12:00:00,2024-06-04 12:00:00,4197.651663405088,NA,het_bact,391.797,FCM,not outlier,-50.24449999999996,-2.3643790152234576
MOBEAST079,T5,CCA,Table 2,2024-06-04T12:00:00Z,2024-06-04,12:00:00,2024-06-04,12:00:00,2024-06-04 12:00:00,4197.651663405088,NA,pico_euk,1.181,FCM,not outlier,-0.6019999999999999,-0.028328596506374277
MOBEAST079,T5,CCA,Table 2,2024-06-04T12:00:00Z,2024-06-04,12:00:00,2024-06-04,12:00:00,2024-06-04 12:00:00,4197.651663405088,NA,syn,23.544,FCM,not outlier,-8.281000000000002,-0.3896829031051255
MOBEAST079,T5,CCA,Table 2,2024-06-04T12:00:00Z,2024-06-04,12:00:00,2024-06-04,12:00:00,2024-06-04 12:00:00,4197.651663405088,NA,pro,11.98,FCM,not outlier,-0.9785000000000004,-0.046045733690178156
MOBEAST079,T5,CCA,Table 2,2024-06-04T12:00:00Z,2024-06-04,12:00:00,2024-06-04,12:00:00,2024-06-04 12:00:00,4197.651663405088,NA,tot_bact,427.321,FCM,not outlier,-59.50400000000002,-2.800107652018764
MOBEAST079,T5,CCA,Table 2,2024-06-04T12:00:00Z,2024-06-04,12:00:00,2024-06-04,12:00:00,2024-06-04 12:00:00,4197.651663405088,NA,cyano,35.524,FCM,not outlier,-9.259500000000003,-0.4357286367953036
MOBEAST079,T5,CCA,Table 2,2024-06-04T12:00:00Z,2024-06-04,12:00:00,2024-06-04,12:00:00,2024-06-04 12:00:00,4197.651663405088,NA,chla_conc,0.07809917355371901,chla,not outlier,-0.001719042338334975,-8.089378202668714e-5
MOBEAST079,T5,CCA,Table 2,2024-06-04T12:00:00Z,2024-06-04,12:00:00,2024-06-04,12:00:00,2024-06-04 12:00:00,4197.651663405088,NA,npoc_u_m,90.8398344809212,DOC,not outlier,0.08325909397454723,0.003917962256962204
MOBEAST079,T5,CCA,Table 2,2024-06-04T12:00:00Z,2024-06-04,12:00:00,2024-06-04,12:00:00,2024-06-04 12:00:00,4197.651663405088,NA,tn_u_m,10.3921694617576,DOC,not outlier,-0.0731792642092497,-0.0034436309774371955
MOBEAST079,T5,CCA,Table 2,2024-06-04T12:00:00Z,2024-06-04,12:00:00,2024-06-04,12:00:00,2024-06-04 12:00:00,4197.651663405088,NA,coble_a,0.00464945589534278,fDOM,not outlier,-0.0011670816271662646,-5.491990781726887e-5
MOBEAST079,T5,CCA,Table 2,2024-06-04T12:00:00Z,2024-06-04,12:00:00,2024-06-04,12:00:00,2024-06-04 12:00:00,4197.651663405088,NA,coble_b,0.0295565674348254,fDOM,not outlier,-0.020611292652879105,-9.699152708275896e-4
MOBEAST079,T5,CCA,Table 2,2024-06-04T12:00:00Z,2024-06-04,12:00:00,2024-06-04,12:00:00,2024-06-04 12:00:00,4197.651663405088,NA,coble_c,0.00433456936609684,fDOM,not outlier,4.970453917329302e-4,2.338969825208459e-5
MOBEAST079,T5,CCA,Table 2,2024-06-04T12:00:00Z,2024-06-04,12:00:00,2024-06-04,12:00:00,2024-06-04 12:00:00,4197.651663405088,NA,coble_m,0.00630325586599375,fDOM,not outlier,-0.001885829064494306,-8.874234326919017e-5
MOBEAST079,T5,CCA,Table 2,2024-06-04T12:00:00Z,2024-06-04,12:00:00,2024-06-04,12:00:00,2024-06-04 12:00:00,4197.651663405088,NA,coble_t,0.0506549454795088,fDOM,not outlier,0.0122631590602158,5.770732307480756e-4
MOBEAST079,T5,CCA,Table 2,2024-06-04T12:00:00Z,2024-06-04,12:00:00,2024-06-04,12:00:00,2024-06-04 12:00:00,4197.651663405088,NA,m_to_c,1.4541827188867107,fDOM,not outlier,-0.6955381521293227,-0.032730265226678996
MOBEAST079,T5,CCA,Table 2,2024-06-04T12:00:00Z,2024-06-04,12:00:00,2024-06-04,12:00:00,2024-06-04 12:00:00,4197.651663405088,NA,bix,0.984309869577348,fDOM,not outlier,0.37039802901226504,0.017429993871502944
MOBEAST079,T5,CCA,Table 2,2024-06-04T12:00:00Z,2024-06-04,12:00:00,2024-06-04,12:00:00,2024-06-04 12:00:00,4197.651663405088,NA,hix,0.32772842075227,fDOM,not outlier,-0.10515062616193355,-0.004948122360355513
MOBEAST079,T5,CCA,Table 2,2024-06-04T12:00:00Z,2024-06-04,12:00:00,2024-06-04,12:00:00,2024-06-04 12:00:00,4197.651663405088,NA,fpeak,0.0292286961755315,fDOM,not outlier,-0.01946115693613765,-9.157927946695526e-4
MOBEAST079,T5,CCA,Table 2,2024-06-04T12:00:00Z,2024-06-04,12:00:00,2024-06-04,12:00:00,2024-06-04 12:00:00,4197.651663405088,NA,fi,1.3869153452543,fDOM,not outlier,-0.2627003061738602,-0.012362011587541978
MOBEAST079,T5,CCA,Table 2,2024-06-04T12:00:00Z,2024-06-04,12:00:00,2024-06-04,12:00:00,2024-06-04 12:00:00,4197.651663405088,NA,lignin,0.0149474767061338,fDOM,not outlier,-0.005320633600492701,-2.5037555220367965e-4
MOBEAST079,T5,CCA,Table 2,2024-06-04T12:00:00Z,2024-06-04,12:00:00,2024-06-04,12:00:00,2024-06-04 12:00:00,4197.651663405088,NA,N_N,1.45,nutrients,not outlier,0.43999999999999995,0.02070528648306426
MOBEAST079,T5,CCA,Table 2,2024-06-04T12:00:00Z,2024-06-04,12:00:00,2024-06-04,12:00:00,2024-06-04 12:00:00,4197.651663405088,NA,NO2,0.09,nutrients,not outlier,-0.035,-0.0016470114247892028
MOBEAST079,T5,CCA,Table 2,2024-06-04T12:00:00Z,2024-06-04,12:00:00,2024-06-04,12:00:00,2024-06-04 12:00:00,4197.651663405088,NA,PO4,0.07,nutrients,not outlier,-0.028499999999999998,-0.0013411378744712077
MOBEAST079,T5,CCA,Table 2,2024-06-04T12:00:00Z,2024-06-04,12:00:00,2024-06-04,12:00:00,2024-06-04 12:00:00,4197.651663405088,NA,SiO2,0.01,nutrients,not outlier,0,0
MOBEAST079,T5,CCA,Table 2,2024-06-04T12:00:00Z,2024-06-04,12:00:00,2024-06-04,12:00:00,2024-06-04 12:00:00,4197.651663405088,NA,NH3,2.46,nutrients,not outlier,2,0.09411493855938301
MOBEAST079,T5,CCA,Table 2,2024-06-04T12:00:00Z,2024-06-04,12:00:00,2024-06-04,12:00:00,2024-06-04 12:00:00,4197.651663405088,NA,NO3,1.36,nutrients,not outlier,0.4750000000000001,0.02235229790785347
MOBEAST080,T6,Coral,Table 2,2024-06-04T12:00:00Z,2024-06-04,12:00:00,2024-06-04,12:00:00,2024-06-04 12:00:00,6524.520255863539,NA,het_bact,349,FCM,not outlier,-93.041499999999985,-2.8168458646009835
MOBEAST080,T6,Coral,Table 2,2024-06-04T12:00:00Z,2024-06-04,12:00:00,2024-06-04,12:00:00,2024-06-04 12:00:00,6524.520255863539,NA,pico_euk,0.8,FCM,not outlier,-0.9829999999999999,-0.029760477689017985
MOBEAST080,T6,Coral,Table 2,2024-06-04T12:00:00Z,2024-06-04,12:00:00,2024-06-04,12:00:00,2024-06-04 12:00:00,6524.520255863539,NA,syn,22.367,FCM,not outlier,-9.458000000000002,-0.28634241910756075
MOBEAST080,T6,Coral,Table 2,2024-06-04T12:00:00Z,2024-06-04,12:00:00,2024-06-04,12:00:00,2024-06-04 12:00:00,6524.520255863539,NA,pro,13.817,FCM,not outlier,0.8584999999999994,0.025991220850480088
MOBEAST080,T6,Coral,Table 2,2024-06-04T12:00:00Z,2024-06-04,12:00:00,2024-06-04,12:00:00,2024-06-04 12:00:00,6524.520255863539,NA,tot_bact,385.183,FCM,not outlier,-101.64200000000005,-3.077227338013396
MOBEAST080,T6,Coral,Table 2,2024-06-04T12:00:00Z,2024-06-04,12:00:00,2024-06-04,12:00:00,2024-06-04 12:00:00,6524.520255863539,NA,cyano,36.18399999999997,FCM,not outlier,-8.599500000000035,-0.26035119825708164
MOBEAST080,T6,Coral,Table 2,2024-06-04T12:00:00Z,2024-06-04,12:00:00,2024-06-04,12:00:00,2024-06-04 12:00:00,6524.520255863539,NA,chla_conc,0.1349593495934959,chla,not outlier,0.05514113370144191,0.001669406387862584
MOBEAST080,T6,Coral,Table 2,2024-06-04T12:00:00Z,2024-06-04,12:00:00,2024-06-04,12:00:00,2024-06-04 12:00:00,6524.520255863539,NA,npoc_u_m,95.8353801193935,DOC,not outlier,5.078804732446855,0.1537616021636456
MOBEAST080,T6,Coral,Table 2,2024-06-04T12:00:00Z,2024-06-04,12:00:00,2024-06-04,12:00:00,2024-06-04 12:00:00,6524.520255863539,NA,tn_u_m,10.8219637744794,DOC,not outlier,0.3566150485125501,0.010796575986597981
MOBEAST080,T6,Coral,Table 2,2024-06-04T12:00:00Z,2024-06-04,12:00:00,2024-06-04,12:00:00,2024-06-04 12:00:00,6524.520255863539,NA,coble_a,0.00522771949485325,fDOM,not outlier,-5.888180276557948e-4,-1.782655724816059e-5
MOBEAST080,T6,Coral,Table 2,2024-06-04T12:00:00Z,2024-06-04,12:00:00,2024-06-04,12:00:00,2024-06-04 12:00:00,6524.520255863539,NA,coble_b,0.0414744077874943,fDOM,not outlier,-0.008693452300210208,-2.631956187395199e-4
MOBEAST080,T6,Coral,Table 2,2024-06-04T12:00:00Z,2024-06-04,12:00:00,2024-06-04,12:00:00,2024-06-04 12:00:00,6524.520255863539,NA,coble_c,0.00445610116750352,fDOM,not outlier,6.185771931396101e-4,1.8727520605663012e-5
MOBEAST080,T6,Coral,Table 2,2024-06-04T12:00:00Z,2024-06-04,12:00:00,2024-06-04,12:00:00,2024-06-04 12:00:00,6524.520255863539,NA,coble_m,0.00703803556627192,fDOM,not outlier,-0.001151049364216136,-3.484819829370565e-5
MOBEAST080,T6,Coral,Table 2,2024-06-04T12:00:00Z,2024-06-04,12:00:00,2024-06-04,12:00:00,2024-06-04 12:00:00,6524.520255863539,NA,coble_t,0.0780710906567535,fDOM,not outlier,0.039679304237460494,0.0012012970991604273
MOBEAST080,T6,Coral,Table 2,2024-06-04T12:00:00Z,2024-06-04,12:00:00,2024-06-04,12:00:00,2024-06-04 12:00:00,6524.520255863539,NA,m_to_c,1.5794155701843948,fDOM,not outlier,-0.5703053008316386,-0.01726608156798441
MOBEAST080,T6,Coral,Table 2,2024-06-04T12:00:00Z,2024-06-04,12:00:00,2024-06-04,12:00:00,2024-06-04 12:00:00,6524.520255863539,NA,bix,1.27049341562225,fDOM,not outlier,0.6565815750571671,0.01987810917142331
MOBEAST080,T6,Coral,Table 2,2024-06-04T12:00:00Z,2024-06-04,12:00:00,2024-06-04,12:00:00,2024-06-04 12:00:00,6524.520255863539,NA,hix,0.277060339584152,fDOM,not outlier,-0.15581870733005154,-0.004717435567678152
MOBEAST080,T6,Coral,Table 2,2024-06-04T12:00:00Z,2024-06-04,12:00:00,2024-06-04,12:00:00,2024-06-04 12:00:00,6524.520255863539,NA,fpeak,0.0666786243849495,fDOM,outlier,0.017988771273280343,5.446128444875966e-4
MOBEAST080,T6,Coral,Table 2,2024-06-04T12:00:00Z,2024-06-04,12:00:00,2024-06-04,12:00:00,2024-06-04 12:00:00,6524.520255863539,NA,fi,1.99978557341341,fDOM,not outlier,0.3501699219852499,0.010601448779864903
MOBEAST080,T6,Coral,Table 2,2024-06-04T12:00:00Z,2024-06-04,12:00:00,2024-06-04,12:00:00,2024-06-04 12:00:00,6524.520255863539,NA,lignin,0.0581758865959526,fDOM,not outlier,0.0379077762893261,0.0011476638153598928
MOBEAST080,T6,Coral,Table 2,2024-06-04T12:00:00Z,2024-06-04,12:00:00,2024-06-04,12:00:00,2024-06-04 12:00:00,6524.520255863539,NA,N_N,1.64,nutrients,not outlier,0.6299999999999999,0.019073347857661578
MOBEAST080,T6,Coral,Table 2,2024-06-04T12:00:00Z,2024-06-04,12:00:00,2024-06-04,12:00:00,2024-06-04 12:00:00,6524.520255863539,NA,NO2,0.08,nutrients,not outlier,-0.045,-0.00136238198983297
MOBEAST080,T6,Coral,Table 2,2024-06-04T12:00:00Z,2024-06-04,12:00:00,2024-06-04,12:00:00,2024-06-04 12:00:00,6524.520255863539,NA,PO4,0.09,nutrients,not outlier,-0.008500000000000008,-2.5733882030178344e-4
MOBEAST080,T6,Coral,Table 2,2024-06-04T12:00:00Z,2024-06-04,12:00:00,2024-06-04,12:00:00,2024-06-04 12:00:00,6524.520255863539,NA,SiO2,0.01,nutrients,not outlier,0,0
MOBEAST080,T6,Coral,Table 2,2024-06-04T12:00:00Z,2024-06-04,12:00:00,2024-06-04,12:00:00,2024-06-04 12:00:00,6524.520255863539,NA,NH3,0.65,nutrients,not outlier,0.19,0.005752279512628096
MOBEAST080,T6,Coral,Table 2,2024-06-04T12:00:00Z,2024-06-04,12:00:00,2024-06-04,12:00:00,2024-06-04 12:00:00,6524.520255863539,NA,NO3,1.5599999999999998,nutrients,not outlier,0.6749999999999998,0.020435729847494546
MOBEAST081,T7,Coral,Table 2,2024-06-04T12:00:00Z,2024-06-04,12:00:00,2024-06-04,12:00:00,2024-06-04 12:00:00,565.1740838249166,NA,het_bact,451.414,FCM,not outlier,9.372500000000002,3.2757305716531837
MOBEAST081,T7,Coral,Table 2,2024-06-04T12:00:00Z,2024-06-04,12:00:00,2024-06-04,12:00:00,2024-06-04 12:00:00,565.1740838249166,NA,pico_euk,1.431,FCM,not outlier,-0.35199999999999987,-0.12302557068252014
MOBEAST081,T7,Coral,Table 2,2024-06-04T12:00:00Z,2024-06-04,12:00:00,2024-06-04,12:00:00,2024-06-04 12:00:00,565.1740838249166,NA,syn,30.882,FCM,not outlier,-0.9430000000000014,-0.3295827078227747
MOBEAST081,T7,Coral,Table 2,2024-06-04T12:00:00Z,2024-06-04,12:00:00,2024-06-04,12:00:00,2024-06-04 12:00:00,565.1740838249166,NA,pro,14.01,FCM,not outlier,1.051499999999999,0.36750394196781205
MOBEAST081,T7,Coral,Table 2,2024-06-04T12:00:00Z,2024-06-04,12:00:00,2024-06-04,12:00:00,2024-06-04 12:00:00,565.1740838249166,NA,tot_bact,496.306,FCM,not outlier,9.480999999999938,3.3136518057981994
MOBEAST081,T7,Coral,Table 2,2024-06-04T12:00:00Z,2024-06-04,12:00:00,2024-06-04,12:00:00,2024-06-04 12:00:00,565.1740838249166,NA,cyano,44.892,FCM,not outlier,0.10849999999999937,0.037921234145037966
MOBEAST081,T7,Coral,Table 2,2024-06-04T12:00:00Z,2024-06-04,12:00:00,2024-06-04,12:00:00,2024-06-04 12:00:00,565.1740838249166,NA,chla_conc,0.00545454545454545,chla,not outlier,-0.07436367043750854,-0.025990434640969725
MOBEAST081,T7,Coral,Table 2,2024-06-04T12:00:00Z,2024-06-04,12:00:00,2024-06-04,12:00:00,2024-06-04 12:00:00,565.1740838249166,NA,npoc_u_m,95.0860482736227,DOC,not outlier,4.329472886676044,1.5131700927210747
MOBEAST081,T7,Coral,Table 2,2024-06-04T12:00:00Z,2024-06-04,12:00:00,2024-06-04,12:00:00,2024-06-04 12:00:00,565.1740838249166,NA,tn_u_m,10.3236308338152,DOC,not outlier,-0.1417178921516502,-0.049531035675797204
MOBEAST081,T7,Coral,Table 2,2024-06-04T12:00:00Z,2024-06-04,12:00:00,2024-06-04,12:00:00,2024-06-04 12:00:00,565.1740838249166,NA,coble_a,0.00582025242585122,fDOM,not outlier,3.7149033421755157e-6,1.2983752946066601e-6
MOBEAST081,T7,Coral,Table 2,2024-06-04T12:00:00Z,2024-06-04,12:00:00,2024-06-04,12:00:00,2024-06-04 12:00:00,565.1740838249166,NA,coble_b,0.0461115809679274,fDOM,not outlier,-0.004056279119777108,-0.00141768765215389
MOBEAST081,T7,Coral,Table 2,2024-06-04T12:00:00Z,2024-06-04,12:00:00,2024-06-04,12:00:00,2024-06-04 12:00:00,565.1740838249166,NA,coble_c,0.00504425246047072,fDOM,not outlier,0.0012067284861068095,4.217569905174542e-4
MOBEAST081,T7,Coral,Table 2,2024-06-04T12:00:00Z,2024-06-04,12:00:00,2024-06-04,12:00:00,2024-06-04 12:00:00,565.1740838249166,NA,coble_m,0.009036249679064,fDOM,not outlier,8.471647485759435e-4,2.96087859817242e-4
MOBEAST081,T7,Coral,Table 2,2024-06-04T12:00:00Z,2024-06-04,12:00:00,2024-06-04,12:00:00,2024-06-04 12:00:00,565.1740838249166,NA,coble_t,0.137083133563385,fDOM,not outlier,0.098691347144092,0.0344930662040586
MOBEAST081,T7,Coral,Table 2,2024-06-04T12:00:00Z,2024-06-04,12:00:00,2024-06-04,12:00:00,2024-06-04 12:00:00,565.1740838249166,NA,m_to_c,1.791395206698428,fDOM,not outlier,-0.3583256643176054,-0.12523641858768908
MOBEAST081,T7,Coral,Table 2,2024-06-04T12:00:00Z,2024-06-04,12:00:00,2024-06-04,12:00:00,2024-06-04 12:00:00,565.1740838249166,NA,bix,1.7580305925703,fDOM,outlier,1.144118752005217,0.3998746090739051
MOBEAST081,T7,Coral,Table 2,2024-06-04T12:00:00Z,2024-06-04,12:00:00,2024-06-04,12:00:00,2024-06-04 12:00:00,565.1740838249166,NA,hix,0.233611497807022,fDOM,not outlier,-0.19926754910718153,-0.0696448975778924
MOBEAST081,T7,Coral,Table 2,2024-06-04T12:00:00Z,2024-06-04,12:00:00,2024-06-04,12:00:00,2024-06-04 12:00:00,565.1740838249166,NA,fpeak,0.0212411342677898,fDOM,not outlier,-0.027448718843879352,-0.009593449716682677
MOBEAST081,T7,Coral,Table 2,2024-06-04T12:00:00Z,2024-06-04,12:00:00,2024-06-04,12:00:00,2024-06-04 12:00:00,565.1740838249166,NA,fi,2.07873672440264,fDOM,not outlier,0.42912107297447966,0.14997972981414986
MOBEAST081,T7,Coral,Table 2,2024-06-04T12:00:00Z,2024-06-04,12:00:00,2024-06-04,12:00:00,2024-06-04 12:00:00,565.1740838249166,NA,lignin,0.0387082409466908,fDOM,not outlier,0.0184401306400643,0.006444907941631071
MOBEAST081,T7,Coral,Table 2,2024-06-04T12:00:00Z,2024-06-04,12:00:00,2024-06-04,12:00:00,2024-06-04 12:00:00,565.1740838249166,NA,N_N,3.25,nutrients,outlier,2.24,0.7828899952524012
MOBEAST081,T7,Coral,Table 2,2024-06-04T12:00:00Z,2024-06-04,12:00:00,2024-06-04,12:00:00,2024-06-04 12:00:00,565.1740838249166,NA,NO2,0.08,nutrients,not outlier,-0.045,-0.015727700797481273
MOBEAST081,T7,Coral,Table 2,2024-06-04T12:00:00Z,2024-06-04,12:00:00,2024-06-04,12:00:00,2024-06-04 12:00:00,565.1740838249166,NA,PO4,0.11,nutrients,not outlier,0.011499999999999996,0.00401930131491188
MOBEAST081,T7,Coral,Table 2,2024-06-04T12:00:00Z,2024-06-04,12:00:00,2024-06-04,12:00:00,2024-06-04 12:00:00,565.1740838249166,NA,SiO2,0.01,nutrients,not outlier,0,0
MOBEAST081,T7,Coral,Table 2,2024-06-04T12:00:00Z,2024-06-04,12:00:00,2024-06-04,12:00:00,2024-06-04 12:00:00,565.1740838249166,NA,NH3,0.77,nutrients,not outlier,0.31,0.10834638327153767
MOBEAST081,T7,Coral,Table 2,2024-06-04T12:00:00Z,2024-06-04,12:00:00,2024-06-04,12:00:00,2024-06-04 12:00:00,565.1740838249166,NA,NO3,3.17,nutrients,outlier,2.285,0.7986176960498825
MOBEAST082,T8,Control,Table 2,2024-06-04T12:00:00Z,2024-06-04,12:00:00,2024-06-04,12:00:00,2024-06-04 12:00:00,1455.9596844872917,NA,het_bact,413.394,FCM,not outlier,-28.64749999999998,-3.886622337411399
MOBEAST082,T8,Control,Table 2,2024-06-04T12:00:00Z,2024-06-04,12:00:00,2024-06-04,12:00:00,2024-06-04 12:00:00,1455.9596844872917,NA,pico_euk,1.797,FCM,not outlier,0.014000000000000012,0.0018993878252468687
MOBEAST082,T8,Control,Table 2,2024-06-04T12:00:00Z,2024-06-04,12:00:00,2024-06-04,12:00:00,2024-06-04 12:00:00,1455.9596844872917,NA,syn,32.329,FCM,not outlier,0.5039999999999978,0.06837796170888691
MOBEAST082,T8,Control,Table 2,2024-06-04T12:00:00Z,2024-06-04,12:00:00,2024-06-04,12:00:00,2024-06-04 12:00:00,1455.9596844872917,NA,pro,13.211,FCM,not outlier,0.2524999999999995,0.034256816133916644
MOBEAST082,T8,Control,Table 2,2024-06-04T12:00:00Z,2024-06-04,12:00:00,2024-06-04,12:00:00,2024-06-04 12:00:00,1455.9596844872917,NA,tot_bact,458.935,FCM,not outlier,-27.890000000000043,-3.7838518890096573
MOBEAST082,T8,Control,Table 2,2024-06-04T12:00:00Z,2024-06-04,12:00:00,2024-06-04,12:00:00,2024-06-04 12:00:00,1455.9596844872917,NA,cyano,45.54000000000002,FCM,not outlier,0.7565000000000168,0.10263477784280621
MOBEAST082,T8,Control,Table 2,2024-06-04T12:00:00Z,2024-06-04,12:00:00,2024-06-04,12:00:00,2024-06-04 12:00:00,1455.9596844872917,NA,chla_conc,0.0076595744680851,chla,not outlier,-0.07215864142396888,-0.009789803214788626
MOBEAST082,T8,Control,Table 2,2024-06-04T12:00:00Z,2024-06-04,12:00:00,2024-06-04,12:00:00,2024-06-04 12:00:00,1455.9596844872917,NA,npoc_u_m,94.9195300856736,DOC,not outlier,4.162954698726949,0.5647903908440147
MOBEAST082,T8,Control,Table 2,2024-06-04T12:00:00Z,2024-06-04,12:00:00,2024-06-04,12:00:00,2024-06-04 12:00:00,1455.9596844872917,NA,tn_u_m,10.3157774493635,DOC,not outlier,-0.1495712766033499,-0.020292418699073885
MOBEAST082,T8,Control,Table 2,2024-06-04T12:00:00Z,2024-06-04,12:00:00,2024-06-04,12:00:00,2024-06-04 12:00:00,1455.9596844872917,NA,coble_a,0.00571636788001763,fDOM,not outlier,-1.0016964249141488e-4,-1.3590071386251763e-5
MOBEAST082,T8,Control,Table 2,2024-06-04T12:00:00Z,2024-06-04,12:00:00,2024-06-04,12:00:00,2024-06-04 12:00:00,1455.9596844872917,NA,coble_b,0.0458851254020932,fDOM,not outlier,-0.004282734685611307,-5.810410086151847e-4
MOBEAST082,T8,Control,Table 2,2024-06-04T12:00:00Z,2024-06-04,12:00:00,2024-06-04,12:00:00,2024-06-04 12:00:00,1455.9596844872917,NA,coble_c,0.00325735609958199,fDOM,not outlier,-5.8016787478192e-4,-7.871169985429484e-5
MOBEAST082,T8,Control,Table 2,2024-06-04T12:00:00Z,2024-06-04,12:00:00,2024-06-04,12:00:00,2024-06-04 12:00:00,1455.9596844872917,NA,coble_m,0.00735327528150427,fDOM,not outlier,-8.358096489837858e-4,-1.1339476225026145e-4
MOBEAST082,T8,Control,Table 2,2024-06-04T12:00:00Z,2024-06-04,12:00:00,2024-06-04,12:00:00,2024-06-04 12:00:00,1455.9596844872917,NA,coble_t,0.049222253180029,fDOM,not outlier,0.010830466760735999,0.001469375479077345
MOBEAST082,T8,Control,Table 2,2024-06-04T12:00:00Z,2024-06-04,12:00:00,2024-06-04,12:00:00,2024-06-04 12:00:00,1455.9596844872917,NA,m_to_c,2.257436723742885,fDOM,not outlier,0.10771585272685158,0.014613869946819031
MOBEAST082,T8,Control,Table 2,2024-06-04T12:00:00Z,2024-06-04,12:00:00,2024-06-04,12:00:00,2024-06-04 12:00:00,1455.9596844872917,NA,bix,0.7124982775397,fDOM,not outlier,0.098586436974617,0.013375277008861078
MOBEAST082,T8,Control,Table 2,2024-06-04T12:00:00Z,2024-06-04,12:00:00,2024-06-04,12:00:00,2024-06-04 12:00:00,1455.9596844872917,NA,hix,0.308147889636735,fDOM,not outlier,-0.12473115727746853,-0.016922345825841133
MOBEAST082,T8,Control,Table 2,2024-06-04T12:00:00Z,2024-06-04,12:00:00,2024-06-04,12:00:00,2024-06-04 12:00:00,1455.9596844872917,NA,fpeak,0,fDOM,not outlier,-0.04868985311166915,-0.006605779586668762
MOBEAST082,T8,Control,Table 2,2024-06-04T12:00:00Z,2024-06-04,12:00:00,2024-06-04,12:00:00,2024-06-04 12:00:00,1455.9596844872917,NA,fi,1.81951937254659,fDOM,not outlier,0.16990372111842977,0.023050932811177465
MOBEAST082,T8,Control,Table 2,2024-06-04T12:00:00Z,2024-06-04,12:00:00,2024-06-04,12:00:00,2024-06-04 12:00:00,1455.9596844872917,NA,lignin,0.0164227860992808,fDOM,not outlier,-0.0038453242073457003,-5.21697284539963e-4
MOBEAST082,T8,Control,Table 2,2024-06-04T12:00:00Z,2024-06-04,12:00:00,2024-06-04,12:00:00,2024-06-04 12:00:00,1455.9596844872917,NA,N_N,1.19,nutrients,not outlier,0.17999999999999994,0.024420700610316853
MOBEAST082,T8,Control,Table 2,2024-06-04T12:00:00Z,2024-06-04,12:00:00,2024-06-04,12:00:00,2024-06-04 12:00:00,1455.9596844872917,NA,NO2,0.13,nutrients,not outlier,0.0050000000000000044,6.783527947310246e-4
MOBEAST082,T8,Control,Table 2,2024-06-04T12:00:00Z,2024-06-04,12:00:00,2024-06-04,12:00:00,2024-06-04 12:00:00,1455.9596844872917,NA,PO4,0.09,nutrients,not outlier,-0.008500000000000008,-0.0011531997510427418
MOBEAST082,T8,Control,Table 2,2024-06-04T12:00:00Z,2024-06-04,12:00:00,2024-06-04,12:00:00,2024-06-04 12:00:00,1455.9596844872917,NA,SiO2,0.01,nutrients,not outlier,0,0
MOBEAST082,T8,Control,Table 2,2024-06-04T12:00:00Z,2024-06-04,12:00:00,2024-06-04,12:00:00,2024-06-04 12:00:00,1455.9596844872917,NA,NH3,0.89,nutrients,not outlier,0.43,0.05833834034686806
MOBEAST082,T8,Control,Table 2,2024-06-04T12:00:00Z,2024-06-04,12:00:00,2024-06-04,12:00:00,2024-06-04 12:00:00,1455.9596844872917,NA,NO3,1.06,nutrients,not outlier,0.17500000000000004,0.023742347815585846
MOBEAST083,T9,Coral,Table 1,2024-06-04T12:00:00Z,2024-06-04,12:00:00,2024-06-04,12:00:00,2024-06-04 12:00:00,1015.6782549420586,NA,het_bact,413.333,FCM,not outlier,-28.708499999999958,-5.583278747203571
MOBEAST083,T9,Coral,Table 1,2024-06-04T12:00:00Z,2024-06-04,12:00:00,2024-06-04,12:00:00,2024-06-04 12:00:00,1015.6782549420586,NA,pico_euk,1.35,FCM,not outlier,-0.43299999999999983,-0.0842105891126025
MOBEAST083,T9,Coral,Table 1,2024-06-04T12:00:00Z,2024-06-04,12:00:00,2024-06-04,12:00:00,2024-06-04 12:00:00,1015.6782549420586,NA,syn,30.183,FCM,not outlier,-1.642000000000003,-0.3193390007457127
MOBEAST083,T9,Coral,Table 1,2024-06-04T12:00:00Z,2024-06-04,12:00:00,2024-06-04,12:00:00,2024-06-04 12:00:00,1015.6782549420586,NA,pro,13.667,FCM,not outlier,0.708499999999999,0.1377903057419834
MOBEAST083,T9,Coral,Table 1,2024-06-04T12:00:00Z,2024-06-04,12:00:00,2024-06-04,12:00:00,2024-06-04 12:00:00,1015.6782549420586,NA,tot_bact,457.183,FCM,not outlier,-29.642000000000053,-5.764827442207317
MOBEAST083,T9,Coral,Table 1,2024-06-04T12:00:00Z,2024-06-04,12:00:00,2024-06-04,12:00:00,2024-06-04 12:00:00,1015.6782549420586,NA,cyano,43.85000000000002,FCM,not outlier,-0.9334999999999809,-0.18154869500372484
MOBEAST083,T9,Coral,Table 1,2024-06-04T12:00:00Z,2024-06-04,12:00:00,2024-06-04,12:00:00,2024-06-04 12:00:00,1015.6782549420586,NA,chla_conc,0.09375,chla,not outlier,0.013931784107946016,0.0027094774760270846
MOBEAST083,T9,Coral,Table 1,2024-06-04T12:00:00Z,2024-06-04,12:00:00,2024-06-04,12:00:00,2024-06-04 12:00:00,1015.6782549420586,NA,npoc_u_m,96.0851574013171,DOC,not outlier,5.328582014370454,1.0363118488798018
MOBEAST083,T9,Coral,Table 1,2024-06-04T12:00:00Z,2024-06-04,12:00:00,2024-06-04,12:00:00,2024-06-04 12:00:00,1015.6782549420586,NA,tn_u_m,10.1280101665631,DOC,not outlier,-0.337338559403749,-0.06560618664615789
MOBEAST083,T9,Coral,Table 1,2024-06-04T12:00:00Z,2024-06-04,12:00:00,2024-06-04,12:00:00,2024-06-04 12:00:00,1015.6782549420586,NA,coble_a,0.00545310962470466,fDOM,not outlier,-3.63427897804385e-4,-7.068008631423088e-5
MOBEAST083,T9,Coral,Table 1,2024-06-04T12:00:00Z,2024-06-04,12:00:00,2024-06-04,12:00:00,2024-06-04 12:00:00,1015.6782549420586,NA,coble_b,0.0581276530328876,fDOM,not outlier,0.007959792945183092,0.0015480343028365026
MOBEAST083,T9,Coral,Table 1,2024-06-04T12:00:00Z,2024-06-04,12:00:00,2024-06-04,12:00:00,2024-06-04 12:00:00,1015.6782549420586,NA,coble_c,0.00420061595029967,fDOM,not outlier,3.6309197593576e-4,7.061475564805831e-5
MOBEAST083,T9,Coral,Table 1,2024-06-04T12:00:00Z,2024-06-04,12:00:00,2024-06-04,12:00:00,2024-06-04 12:00:00,1015.6782549420586,NA,coble_m,0.00600543065308962,fDOM,not outlier,-0.002183654277398436,-4.246808617043341e-4
MOBEAST083,T9,Coral,Table 1,2024-06-04T12:00:00Z,2024-06-04,12:00:00,2024-06-04,12:00:00,2024-06-04 12:00:00,1015.6782549420586,NA,coble_t,0.0406192227845911,fDOM,not outlier,0.0022274363652980966,4.331956779043576e-4
MOBEAST083,T9,Coral,Table 1,2024-06-04T12:00:00Z,2024-06-04,12:00:00,2024-06-04,12:00:00,2024-06-04 12:00:00,1015.6782549420586,NA,m_to_c,1.4296547754291118,fDOM,not outlier,-0.7200660955869216,-0.1400397000216772
MOBEAST083,T9,Coral,Table 1,2024-06-04T12:00:00Z,2024-06-04,12:00:00,2024-06-04,12:00:00,2024-06-04 12:00:00,1015.6782549420586,NA,bix,0.724483114221517,fDOM,not outlier,0.11057127365643404,0.02150409259477852
MOBEAST083,T9,Coral,Table 1,2024-06-04T12:00:00Z,2024-06-04,12:00:00,2024-06-04,12:00:00,2024-06-04 12:00:00,1015.6782549420586,NA,hix,0.336355424847306,fDOM,not outlier,-0.09652362206689752,-0.018772081010474923
MOBEAST083,T9,Coral,Table 1,2024-06-04T12:00:00Z,2024-06-04,12:00:00,2024-06-04,12:00:00,2024-06-04 12:00:00,1015.6782549420586,NA,fpeak,0.00859296466604365,fDOM,not outlier,-0.0400968884456255,-0.007798112234615309
MOBEAST083,T9,Coral,Table 1,2024-06-04T12:00:00Z,2024-06-04,12:00:00,2024-06-04,12:00:00,2024-06-04 12:00:00,1015.6782549420586,NA,fi,1.77486009003698,fDOM,not outlier,0.12524443860881984,0.024357755100059816
MOBEAST083,T9,Coral,Table 1,2024-06-04T12:00:00Z,2024-06-04,12:00:00,2024-06-04,12:00:00,2024-06-04 12:00:00,1015.6782549420586,NA,lignin,0,fDOM,not outlier,-0.0202681103066265,-0.003941777157321544
MOBEAST083,T9,Coral,Table 1,2024-06-04T12:00:00Z,2024-06-04,12:00:00,2024-06-04,12:00:00,2024-06-04 12:00:00,1015.6782549420586,NA,N_N,0.81,nutrients,not outlier,-0.19999999999999996,-0.03889634601043996
MOBEAST083,T9,Coral,Table 1,2024-06-04T12:00:00Z,2024-06-04,12:00:00,2024-06-04,12:00:00,2024-06-04 12:00:00,1015.6782549420586,NA,NO2,0.11,nutrients,not outlier,-0.015,-0.0029172259507829973
MOBEAST083,T9,Coral,Table 1,2024-06-04T12:00:00Z,2024-06-04,12:00:00,2024-06-04,12:00:00,2024-06-04 12:00:00,1015.6782549420586,NA,PO4,0.09,nutrients,not outlier,-0.008500000000000008,-0.0016530947054437001
MOBEAST083,T9,Coral,Table 1,2024-06-04T12:00:00Z,2024-06-04,12:00:00,2024-06-04,12:00:00,2024-06-04 12:00:00,1015.6782549420586,NA,SiO2,0.01,nutrients,not outlier,0,0
MOBEAST083,T9,Coral,Table 1,2024-06-04T12:00:00Z,2024-06-04,12:00:00,2024-06-04,12:00:00,2024-06-04 12:00:00,1015.6782549420586,NA,NH3,0.37,nutrients,not outlier,-0.09000000000000002,-0.01750335570469799
MOBEAST083,T9,Coral,Table 1,2024-06-04T12:00:00Z,2024-06-04,12:00:00,2024-06-04,12:00:00,2024-06-04 12:00:00,1015.6782549420586,NA,NO3,0.7000000000000001,nutrients,not outlier,-0.18499999999999994,-0.035979120059656956
MOBEAST084,T10,CCA,Table 1,2024-06-04T12:00:00Z,2024-06-04,12:00:00,2024-06-04,12:00:00,2024-06-04 12:00:00,1481.8491208167895,NA,het_bact,408.567,FCM,not outlier,-33.47449999999998,-4.462159352590227
MOBEAST084,T10,CCA,Table 1,2024-06-04T12:00:00Z,2024-06-04,12:00:00,2024-06-04,12:00:00,2024-06-04 12:00:00,1481.8491208167895,NA,pico_euk,1.533,FCM,not outlier,-0.25,-0.0333250635005021
MOBEAST084,T10,CCA,Table 1,2024-06-04T12:00:00Z,2024-06-04,12:00:00,2024-06-04,12:00:00,2024-06-04 12:00:00,1481.8491208167895,NA,syn,30.55,FCM,not outlier,-1.2750000000000021,-0.16995782385256097
MOBEAST084,T10,CCA,Table 1,2024-06-04T12:00:00Z,2024-06-04,12:00:00,2024-06-04,12:00:00,2024-06-04 12:00:00,1481.8491208167895,NA,pro,12.283,FCM,not outlier,-0.6755000000000013,-0.09004432157835685
MOBEAST084,T10,CCA,Table 1,2024-06-04T12:00:00Z,2024-06-04,12:00:00,2024-06-04,12:00:00,2024-06-04 12:00:00,1481.8491208167895,NA,tot_bact,451.4,FCM,not outlier,-35.42500000000007,-4.722161498021157
MOBEAST084,T10,CCA,Table 1,2024-06-04T12:00:00Z,2024-06-04,12:00:00,2024-06-04,12:00:00,2024-06-04 12:00:00,1481.8491208167895,NA,cyano,42.83299999999997,FCM,not outlier,-1.9505000000000337,-0.26000214543092187
MOBEAST084,T10,CCA,Table 1,2024-06-04T12:00:00Z,2024-06-04,12:00:00,2024-06-04,12:00:00,2024-06-04 12:00:00,1481.8491208167895,NA,chla_conc,0.08888888888888889,chla,not outlier,0.009070672996834908,0.0012091230144472519
MOBEAST084,T10,CCA,Table 1,2024-06-04T12:00:00Z,2024-06-04,12:00:00,2024-06-04,12:00:00,2024-06-04 12:00:00,1481.8491208167895,NA,npoc_u_m,93.0045709242592,DOC,not outlier,2.2479955373125478,0.2996583761191439
MOBEAST084,T10,CCA,Table 1,2024-06-04T12:00:00Z,2024-06-04,12:00:00,2024-06-04,12:00:00,2024-06-04 12:00:00,1481.8491208167895,NA,tn_u_m,10.3222029457331,DOC,not outlier,-0.14314578023375013,-0.019081368864474563
MOBEAST084,T10,CCA,Table 1,2024-06-04T12:00:00Z,2024-06-04,12:00:00,2024-06-04,12:00:00,2024-06-04 12:00:00,1481.8491208167895,NA,coble_a,0.00641364554505849,fDOM,not outlier,5.971080225494448e-4,7.959465107247794e-5
MOBEAST084,T10,CCA,Table 1,2024-06-04T12:00:00Z,2024-06-04,12:00:00,2024-06-04,12:00:00,2024-06-04 12:00:00,1481.8491208167895,NA,coble_b,0.0570714295850634,fDOM,not outlier,0.006903569497358895,9.202475675184581e-4
MOBEAST084,T10,CCA,Table 1,2024-06-04T12:00:00Z,2024-06-04,12:00:00,2024-06-04,12:00:00,2024-06-04 12:00:00,1481.8491208167895,NA,coble_c,0.00551003871792635,fDOM,not outlier,0.0016725147435624403,2.2294664013897722e-4
MOBEAST084,T10,CCA,Table 1,2024-06-04T12:00:00Z,2024-06-04,12:00:00,2024-06-04,12:00:00,2024-06-04 12:00:00,1481.8491208167895,NA,coble_m,0.0088985206057669,fDOM,not outlier,7.094356752788446e-4,9.456795571275632e-5
MOBEAST084,T10,CCA,Table 1,2024-06-04T12:00:00Z,2024-06-04,12:00:00,2024-06-04,12:00:00,2024-06-04 12:00:00,1481.8491208167895,NA,coble_t,0.0528928206701333,fDOM,not outlier,0.014501034250840303,0.0019329915489288358
MOBEAST084,T10,CCA,Table 1,2024-06-04T12:00:00Z,2024-06-04,12:00:00,2024-06-04,12:00:00,2024-06-04 12:00:00,1481.8491208167895,NA,m_to_c,1.614965168360155,fDOM,not outlier,-0.5347557026558785,-0.07128307099305108
MOBEAST084,T10,CCA,Table 1,2024-06-04T12:00:00Z,2024-06-04,12:00:00,2024-06-04,12:00:00,2024-06-04 12:00:00,1481.8491208167895,NA,bix,1.05423247713441,fDOM,not outlier,0.4403206365693271,0.05869485269701732
MOBEAST084,T10,CCA,Table 1,2024-06-04T12:00:00Z,2024-06-04,12:00:00,2024-06-04,12:00:00,2024-06-04 12:00:00,1481.8491208167895,NA,hix,0.347723701684671,fDOM,not outlier,-0.08515534522953255,-0.011351229148725403
MOBEAST084,T10,CCA,Table 1,2024-06-04T12:00:00Z,2024-06-04,12:00:00,2024-06-04,12:00:00,2024-06-04 12:00:00,1481.8491208167895,NA,fpeak,0.0268750135735563,fDOM,not outlier,-0.021814839538112852,-0.0029079236514434983
MOBEAST084,T10,CCA,Table 1,2024-06-04T12:00:00Z,2024-06-04,12:00:00,2024-06-04,12:00:00,2024-06-04 12:00:00,1481.8491208167895,NA,fi,2.218574469324,fDOM,not outlier,0.5689588178958398,0.07584235494219788
MOBEAST084,T10,CCA,Table 1,2024-06-04T12:00:00Z,2024-06-04,12:00:00,2024-06-04,12:00:00,2024-06-04 12:00:00,1481.8491208167895,NA,lignin,0,fDOM,not outlier,-0.0202681103066265,-0.0027017442520140367
MOBEAST084,T10,CCA,Table 1,2024-06-04T12:00:00Z,2024-06-04,12:00:00,2024-06-04,12:00:00,2024-06-04 12:00:00,1481.8491208167895,NA,N_N,1.01,nutrients,not outlier,0,0
MOBEAST084,T10,CCA,Table 1,2024-06-04T12:00:00Z,2024-06-04,12:00:00,2024-06-04,12:00:00,2024-06-04 12:00:00,1481.8491208167895,NA,NO2,0.1,nutrients,not outlier,-0.024999999999999994,-0.003332506350050209
MOBEAST084,T10,CCA,Table 1,2024-06-04T12:00:00Z,2024-06-04,12:00:00,2024-06-04,12:00:00,2024-06-04 12:00:00,1481.8491208167895,NA,PO4,0.12,nutrients,not outlier,0.02149999999999999,0.0028659554610431792
MOBEAST084,T10,CCA,Table 1,2024-06-04T12:00:00Z,2024-06-04,12:00:00,2024-06-04,12:00:00,2024-06-04 12:00:00,1481.8491208167895,NA,SiO2,0.01,nutrients,not outlier,0,0
MOBEAST084,T10,CCA,Table 1,2024-06-04T12:00:00Z,2024-06-04,12:00:00,2024-06-04,12:00:00,2024-06-04 12:00:00,1481.8491208167895,NA,NH3,0.54,nutrients,not outlier,0.08000000000000002,0.010664020320160674
MOBEAST084,T10,CCA,Table 1,2024-06-04T12:00:00Z,2024-06-04,12:00:00,2024-06-04,12:00:00,2024-06-04 12:00:00,1481.8491208167895,NA,NO3,0.91,nutrients,not outlier,0.025000000000000022,0.0033325063500502126
MOBEAST085,T11,Control,Table 1,2024-06-04T12:00:00Z,2024-06-04,12:00:00,2024-06-04,12:00:00,2024-06-04 12:00:00,11379.310344827587,NA,het_bact,470.433,FCM,not outlier,28.391500000000008,0.4928416011971568
MOBEAST085,T11,Control,Table 1,2024-06-04T12:00:00Z,2024-06-04,12:00:00,2024-06-04,12:00:00,2024-06-04 12:00:00,11379.310344827587,NA,pico_euk,1.617,FCM,not outlier,-0.16599999999999993,-0.0028815563037785244
MOBEAST085,T11,Control,Table 1,2024-06-04T12:00:00Z,2024-06-04,12:00:00,2024-06-04,12:00:00,2024-06-04 12:00:00,11379.310344827587,NA,syn,35.75,FCM,not outlier,3.924999999999997,0.06813318368873919
MOBEAST085,T11,Control,Table 1,2024-06-04T12:00:00Z,2024-06-04,12:00:00,2024-06-04,12:00:00,2024-06-04 12:00:00,11379.310344827587,NA,pro,13.767,FCM,not outlier,0.8084999999999987,0.014034567901234543
MOBEAST085,T11,Control,Table 1,2024-06-04T12:00:00Z,2024-06-04,12:00:00,2024-06-04,12:00:00,2024-06-04 12:00:00,11379.310344827587,NA,tot_bact,519.95,FCM,not outlier,33.125,0.5750093527871305
MOBEAST085,T11,Control,Table 1,2024-06-04T12:00:00Z,2024-06-04,12:00:00,2024-06-04,12:00:00,2024-06-04 12:00:00,11379.310344827587,NA,cyano,49.51700000000005,FCM,not outlier,4.733500000000049,0.08216775158997465
MOBEAST085,T11,Control,Table 1,2024-06-04T12:00:00Z,2024-06-04,12:00:00,2024-06-04,12:00:00,2024-06-04 12:00:00,11379.310344827587,NA,chla_conc,0.01935483870967741,chla,not outlier,-0.06046337718237657,-0.0010495700341422644
MOBEAST085,T11,Control,Table 1,2024-06-04T12:00:00Z,2024-06-04,12:00:00,2024-06-04,12:00:00,2024-06-04 12:00:00,11379.310344827587,NA,npoc_u_m,88.342061661685,DOC,not outlier,-2.4145137252616564,-0.041912995455346366
MOBEAST085,T11,Control,Table 1,2024-06-04T12:00:00Z,2024-06-04,12:00:00,2024-06-04,12:00:00,2024-06-04 12:00:00,11379.310344827587,NA,tn_u_m,10.4164435591538,DOC,not outlier,-0.048905166813050016,-8.489336850450881e-4
MOBEAST085,T11,Control,Table 1,2024-06-04T12:00:00Z,2024-06-04,12:00:00,2024-06-04,12:00:00,2024-06-04 12:00:00,11379.310344827587,NA,coble_a,0.00664325933394838,fDOM,not outlier,8.267218114393349e-4,1.4350876188097692e-5
MOBEAST085,T11,Control,Table 1,2024-06-04T12:00:00Z,2024-06-04,12:00:00,2024-06-04,12:00:00,2024-06-04 12:00:00,11379.310344827587,NA,coble_b,0.0552542238187043,fDOM,not outlier,0.005086363730999792,8.829303296610187e-5
MOBEAST085,T11,Control,Table 1,2024-06-04T12:00:00Z,2024-06-04,12:00:00,2024-06-04,12:00:00,2024-06-04 12:00:00,11379.310344827587,NA,coble_c,0.00388935360935954,fDOM,not outlier,5.182963499563006e-5,8.99698864121674e-7
MOBEAST085,T11,Control,Table 1,2024-06-04T12:00:00Z,2024-06-04,12:00:00,2024-06-04,12:00:00,2024-06-04 12:00:00,11379.310344827587,NA,coble_m,0.0100792043747467,fDOM,not outlier,0.0018901194442586446,3.2810154213842535e-5
MOBEAST085,T11,Control,Table 1,2024-06-04T12:00:00Z,2024-06-04,12:00:00,2024-06-04,12:00:00,2024-06-04 12:00:00,11379.310344827587,NA,coble_t,0.100059530154961,fDOM,not outlier,0.061667743735667996,0.0010704763596464625
MOBEAST085,T11,Control,Table 1,2024-06-04T12:00:00Z,2024-06-04,12:00:00,2024-06-04,12:00:00,2024-06-04 12:00:00,11379.310344827587,NA,m_to_c,2.591485729271719,fDOM,outlier,0.4417648582556857,0.007668495855990951
MOBEAST085,T11,Control,Table 1,2024-06-04T12:00:00Z,2024-06-04,12:00:00,2024-06-04,12:00:00,2024-06-04 12:00:00,11379.310344827587,NA,bix,1.52848243978535,fDOM,outlier,0.9145705992202671,0.01587582334598593
MOBEAST085,T11,Control,Table 1,2024-06-04T12:00:00Z,2024-06-04,12:00:00,2024-06-04,12:00:00,2024-06-04 12:00:00,11379.310344827587,NA,hix,0.232046799713737,fDOM,not outlier,-0.20083224720046652,-0.0034862013730271777
MOBEAST085,T11,Control,Table 1,2024-06-04T12:00:00Z,2024-06-04,12:00:00,2024-06-04,12:00:00,2024-06-04 12:00:00,11379.310344827587,NA,fpeak,0.051469909611561,fDOM,not outlier,0.002780056499891846,4.8258369470625384e-5
MOBEAST085,T11,Control,Table 1,2024-06-04T12:00:00Z,2024-06-04,12:00:00,2024-06-04,12:00:00,2024-06-04 12:00:00,11379.310344827587,NA,fi,1.88000409129348,fDOM,not outlier,0.23038843986531976,0.003999260609708506
MOBEAST085,T11,Control,Table 1,2024-06-04T12:00:00Z,2024-06-04,12:00:00,2024-06-04,12:00:00,2024-06-04 12:00:00,11379.310344827587,NA,lignin,0.053281857942126,fDOM,not outlier,0.033013747635499496,5.730781482555841e-4
MOBEAST085,T11,Control,Table 1,2024-06-04T12:00:00Z,2024-06-04,12:00:00,2024-06-04,12:00:00,2024-06-04 12:00:00,11379.310344827587,NA,N_N,2.62,nutrients,not outlier,1.61,0.027947624392068837
MOBEAST085,T11,Control,Table 1,2024-06-04T12:00:00Z,2024-06-04,12:00:00,2024-06-04,12:00:00,2024-06-04 12:00:00,11379.310344827587,NA,NO2,0.12,nutrients,not outlier,-0.0050000000000000044,-8.679386457164242e-5
MOBEAST085,T11,Control,Table 1,2024-06-04T12:00:00Z,2024-06-04,12:00:00,2024-06-04,12:00:00,2024-06-04 12:00:00,11379.310344827587,NA,PO4,0.1,nutrients,not outlier,0.0015000000000000013,2.6038159371492725e-5
MOBEAST085,T11,Control,Table 1,2024-06-04T12:00:00Z,2024-06-04,12:00:00,2024-06-04,12:00:00,2024-06-04 12:00:00,11379.310344827587,NA,SiO2,0.01,nutrients,not outlier,0,0
MOBEAST085,T11,Control,Table 1,2024-06-04T12:00:00Z,2024-06-04,12:00:00,2024-06-04,12:00:00,2024-06-04 12:00:00,11379.310344827587,NA,NH3,0.66,nutrients,not outlier,0.2,0.0034717545828656937
MOBEAST085,T11,Control,Table 1,2024-06-04T12:00:00Z,2024-06-04,12:00:00,2024-06-04,12:00:00,2024-06-04 12:00:00,11379.310344827587,NA,NO3,2.5,nutrients,not outlier,1.615,0.02803441825664047
MOBEAST086,T12,CCA,Table 1,2024-06-04T12:00:00Z,2024-06-04,12:00:00,2024-06-04,12:00:00,2024-06-04 12:00:00,3560.371517027864,NA,het_bact,424.55,FCM,not outlier,-17.491499999999974,-0.970435555555554
MOBEAST086,T12,CCA,Table 1,2024-06-04T12:00:00Z,2024-06-04,12:00:00,2024-06-04,12:00:00,2024-06-04 12:00:00,3560.371517027864,NA,pico_euk,1.633,FCM,not outlier,-0.1499999999999999,-0.008322061191626404
MOBEAST086,T12,CCA,Table 1,2024-06-04T12:00:00Z,2024-06-04,12:00:00,2024-06-04,12:00:00,2024-06-04 12:00:00,3560.371517027864,NA,syn,30.283,FCM,not outlier,-1.5420000000000016,-0.08555078904991957
MOBEAST086,T12,CCA,Table 1,2024-06-04T12:00:00Z,2024-06-04,12:00:00,2024-06-04,12:00:00,2024-06-04 12:00:00,3560.371517027864,NA,pro,12,FCM,not outlier,-0.9585000000000008,-0.0531779710144928
MOBEAST086,T12,CCA,Table 1,2024-06-04T12:00:00Z,2024-06-04,12:00:00,2024-06-04,12:00:00,2024-06-04 12:00:00,3560.371517027864,NA,tot_bact,466.833,FCM,not outlier,-19.99200000000002,-1.1091643156199689
MOBEAST086,T12,CCA,Table 1,2024-06-04T12:00:00Z,2024-06-04,12:00:00,2024-06-04,12:00:00,2024-06-04 12:00:00,3560.371517027864,NA,cyano,42.283000000000015,FCM,not outlier,-2.500499999999988,-0.1387287600644116
MOBEAST086,T12,CCA,Table 1,2024-06-04T12:00:00Z,2024-06-04,12:00:00,2024-06-04,12:00:00,2024-06-04 12:00:00,3560.371517027864,NA,chla_conc,0.02123893805309734,chla,not outlier,-0.05857927783895664,-0.003250002231580547
MOBEAST086,T12,CCA,Table 1,2024-06-04T12:00:00Z,2024-06-04,12:00:00,2024-06-04,12:00:00,2024-06-04 12:00:00,3560.371517027864,NA,npoc_u_m,92.8380527363101,DOC,not outlier,2.0814773493634533,0.11548121246924667
MOBEAST086,T12,CCA,Table 1,2024-06-04T12:00:00Z,2024-06-04,12:00:00,2024-06-04,12:00:00,2024-06-04 12:00:00,3560.371517027864,NA,tn_u_m,10.3821742451827,DOC,not outlier,-0.0831744807841499,-0.004614554124449669
MOBEAST086,T12,CCA,Table 1,2024-06-04T12:00:00Z,2024-06-04,12:00:00,2024-06-04,12:00:00,2024-06-04 12:00:00,3560.371517027864,NA,coble_a,0.0078708911709841,fDOM,not outlier,0.002054353648475055,1.1397637847900251e-4
MOBEAST086,T12,CCA,Table 1,2024-06-04T12:00:00Z,2024-06-04,12:00:00,2024-06-04,12:00:00,2024-06-04 12:00:00,3560.371517027864,NA,coble_b,0.0538570301595406,fDOM,not outlier,0.003689170071836098,2.0467666056091203e-4
MOBEAST086,T12,CCA,Table 1,2024-06-04T12:00:00Z,2024-06-04,12:00:00,2024-06-04,12:00:00,2024-06-04 12:00:00,3560.371517027864,NA,coble_c,0.0045765076939735,fDOM,not outlier,7.389837196095897e-4,4.0999118228044655e-5
MOBEAST086,T12,CCA,Table 1,2024-06-04T12:00:00Z,2024-06-04,12:00:00,2024-06-04,12:00:00,2024-06-04 12:00:00,3560.371517027864,NA,coble_m,0.00983079155953843,fDOM,not outlier,0.001641706629050374,9.108255350437288e-5
MOBEAST086,T12,CCA,Table 1,2024-06-04T12:00:00Z,2024-06-04,12:00:00,2024-06-04,12:00:00,2024-06-04 12:00:00,3560.371517027864,NA,coble_t,0.0403226548719128,fDOM,not outlier,0.001930868452619798,1.0712536943788639e-4
MOBEAST086,T12,CCA,Table 1,2024-06-04T12:00:00Z,2024-06-04,12:00:00,2024-06-04,12:00:00,2024-06-04 12:00:00,3560.371517027864,NA,m_to_c,2.1480989909585313,fDOM,not outlier,-0.0016218800575020786,-8.998256722673906e-5
MOBEAST086,T12,CCA,Table 1,2024-06-04T12:00:00Z,2024-06-04,12:00:00,2024-06-04,12:00:00,2024-06-04 12:00:00,3560.371517027864,NA,bix,0.74398051483529,fDOM,not outlier,0.13006867427020707,0.007216263109269245
MOBEAST086,T12,CCA,Table 1,2024-06-04T12:00:00Z,2024-06-04,12:00:00,2024-06-04,12:00:00,2024-06-04 12:00:00,3560.371517027864,NA,hix,0.406597372805543,fDOM,not outlier,-0.026281674108660558,-0.0014581180010043776
MOBEAST086,T12,CCA,Table 1,2024-06-04T12:00:00Z,2024-06-04,12:00:00,2024-06-04,12:00:00,2024-06-04 12:00:00,3560.371517027864,NA,fpeak,0,fDOM,not outlier,-0.04868985311166915,-0.002701332913377415
MOBEAST086,T12,CCA,Table 1,2024-06-04T12:00:00Z,2024-06-04,12:00:00,2024-06-04,12:00:00,2024-06-04 12:00:00,3560.371517027864,NA,fi,2.25562419736427,fDOM,not outlier,0.6060085459361098,0.033621601346192326
MOBEAST086,T12,CCA,Table 1,2024-06-04T12:00:00Z,2024-06-04,12:00:00,2024-06-04,12:00:00,2024-06-04 12:00:00,3560.371517027864,NA,lignin,0.0383873738387517,fDOM,not outlier,0.0181192635321252,0.0010052641324103386
MOBEAST086,T12,CCA,Table 1,2024-06-04T12:00:00Z,2024-06-04,12:00:00,2024-06-04,12:00:00,2024-06-04 12:00:00,3560.371517027864,NA,N_N,0.82,nutrients,not outlier,-0.19000000000000006,-0.010541277509393454
MOBEAST086,T12,CCA,Table 1,2024-06-04T12:00:00Z,2024-06-04,12:00:00,2024-06-04,12:00:00,2024-06-04 12:00:00,3560.371517027864,NA,NO2,0.1,nutrients,not outlier,-0.024999999999999994,-0.0013870101986044013
MOBEAST086,T12,CCA,Table 1,2024-06-04T12:00:00Z,2024-06-04,12:00:00,2024-06-04,12:00:00,2024-06-04 12:00:00,3560.371517027864,NA,PO4,0.077,nutrients,not outlier,-0.021500000000000005,-0.0011928287707997855
MOBEAST086,T12,CCA,Table 1,2024-06-04T12:00:00Z,2024-06-04,12:00:00,2024-06-04,12:00:00,2024-06-04 12:00:00,3560.371517027864,NA,SiO2,0.01,nutrients,not outlier,0,0
MOBEAST086,T12,CCA,Table 1,2024-06-04T12:00:00Z,2024-06-04,12:00:00,2024-06-04,12:00:00,2024-06-04 12:00:00,3560.371517027864,NA,NH3,0.43,nutrients,not outlier,-0.030000000000000027,-0.0016644122383252832
MOBEAST086,T12,CCA,Table 1,2024-06-04T12:00:00Z,2024-06-04,12:00:00,2024-06-04,12:00:00,2024-06-04 12:00:00,3560.371517027864,NA,NO3,0.72,nutrients,not outlier,-0.16500000000000004,-0.009154267310789051
MOBEAST087,T13,Algae,Table 1,2024-06-04T12:00:00Z,2024-06-04,12:00:00,2024-06-04,12:00:00,2024-06-04 12:00:00,5407.155577141007,NA,het_bact,997.983,FCM,outlier,555.9414999999999,20.309311128853402
MOBEAST087,T13,Algae,Table 1,2024-06-04T12:00:00Z,2024-06-04,12:00:00,2024-06-04,12:00:00,2024-06-04 12:00:00,5407.155577141007,NA,pico_euk,1.4,FCM,not outlier,-0.383,-0.013991519183854514
MOBEAST087,T13,Algae,Table 1,2024-06-04T12:00:00Z,2024-06-04,12:00:00,2024-06-04,12:00:00,2024-06-04 12:00:00,5407.155577141007,NA,syn,32.167,FCM,not outlier,0.34199999999999875,0.012493732534930094
MOBEAST087,T13,Algae,Table 1,2024-06-04T12:00:00Z,2024-06-04,12:00:00,2024-06-04,12:00:00,2024-06-04 12:00:00,5407.155577141007,NA,pro,15.9,FCM,not outlier,2.9414999999999996,0.10745705921490352
MOBEAST087,T13,Algae,Table 1,2024-06-04T12:00:00Z,2024-06-04,12:00:00,2024-06-04,12:00:00,2024-06-04 12:00:00,5407.155577141007,NA,tot_bact,1046.05,FCM,outlier,559.2249999999999,20.429261920603235
MOBEAST087,T13,Algae,Table 1,2024-06-04T12:00:00Z,2024-06-04,12:00:00,2024-06-04,12:00:00,2024-06-04 12:00:00,5407.155577141007,NA,cyano,48.06700000000001,FCM,not outlier,3.2835000000000036,0.11995079174983381
MOBEAST087,T13,Algae,Table 1,2024-06-04T12:00:00Z,2024-06-04,12:00:00,2024-06-04,12:00:00,2024-06-04 12:00:00,5407.155577141007,NA,chla_conc,0.20474137931034483,chla,not outlier,0.12492316341829085,0.004563615763641798
MOBEAST087,T13,Algae,Table 1,2024-06-04T12:00:00Z,2024-06-04,12:00:00,2024-06-04,12:00:00,2024-06-04 12:00:00,5407.155577141007,NA,npoc_u_m,120.396812841883,DOC,not outlier,29.640237454936354,1.0827988275841909
MOBEAST087,T13,Algae,Table 1,2024-06-04T12:00:00Z,2024-06-04,12:00:00,2024-06-04,12:00:00,2024-06-04 12:00:00,5407.155577141007,NA,tn_u_m,10.9240577723518,DOC,not outlier,0.4587090463849499,0.01675727525405388
MOBEAST087,T13,Algae,Table 1,2024-06-04T12:00:00Z,2024-06-04,12:00:00,2024-06-04,12:00:00,2024-06-04 12:00:00,5407.155577141007,NA,coble_a,0.00955704911720459,fDOM,not outlier,0.0037405115946955447,1.366460567483367e-4
MOBEAST087,T13,Algae,Table 1,2024-06-04T12:00:00Z,2024-06-04,12:00:00,2024-06-04,12:00:00,2024-06-04 12:00:00,5407.155577141007,NA,coble_b,0.0610912285375199,fDOM,not outlier,0.010923368449815396,3.990457420832983e-4
MOBEAST087,T13,Algae,Table 1,2024-06-04T12:00:00Z,2024-06-04,12:00:00,2024-06-04,12:00:00,2024-06-04 12:00:00,5407.155577141007,NA,coble_c,0.00899779578668556,fDOM,not outlier,0.00516027181232165,1.8851185915405238e-4
MOBEAST087,T13,Algae,Table 1,2024-06-04T12:00:00Z,2024-06-04,12:00:00,2024-06-04,12:00:00,2024-06-04 12:00:00,5407.155577141007,NA,coble_m,0.0111336194608437,fDOM,not outlier,0.002944534530355645,1.0756791480154843e-4
MOBEAST087,T13,Algae,Table 1,2024-06-04T12:00:00Z,2024-06-04,12:00:00,2024-06-04,12:00:00,2024-06-04 12:00:00,5407.155577141007,NA,coble_t,0.069156527791186,fDOM,not outlier,0.030764741371893,0.001123878509376406
MOBEAST087,T13,Algae,Table 1,2024-06-04T12:00:00Z,2024-06-04,12:00:00,2024-06-04,12:00:00,2024-06-04 12:00:00,5407.155577141007,NA,m_to_c,1.237371876934417,fDOM,not outlier,-0.9123489940816163,-0.033329369329147006
MOBEAST087,T13,Algae,Table 1,2024-06-04T12:00:00Z,2024-06-04,12:00:00,2024-06-04,12:00:00,2024-06-04 12:00:00,5407.155577141007,NA,bix,1.10123032548372,fDOM,not outlier,0.48731848491863694,0.017802417572809464
MOBEAST087,T13,Algae,Table 1,2024-06-04T12:00:00Z,2024-06-04,12:00:00,2024-06-04,12:00:00,2024-06-04 12:00:00,5407.155577141007,NA,hix,0.385792654719003,fDOM,not outlier,-0.047086392195200555,-0.0017201309652680051
MOBEAST087,T13,Algae,Table 1,2024-06-04T12:00:00Z,2024-06-04,12:00:00,2024-06-04,12:00:00,2024-06-04 12:00:00,5407.155577141007,NA,fpeak,0.018443120170852,fDOM,not outlier,-0.030246732940817152,-0.0011049549456667556
MOBEAST087,T13,Algae,Table 1,2024-06-04T12:00:00Z,2024-06-04,12:00:00,2024-06-04,12:00:00,2024-06-04 12:00:00,5407.155577141007,NA,fi,1.48493841513999,fDOM,not outlier,-0.1646772362881701,-0.006015886973028916
MOBEAST087,T13,Algae,Table 1,2024-06-04T12:00:00Z,2024-06-04,12:00:00,2024-06-04,12:00:00,2024-06-04 12:00:00,5407.155577141007,NA,lignin,0.0805166565146859,fDOM,not outlier,0.060248546208059396,0.0022009626372569402
MOBEAST087,T13,Algae,Table 1,2024-06-04T12:00:00Z,2024-06-04,12:00:00,2024-06-04,12:00:00,2024-06-04 12:00:00,5407.155577141007,NA,N_N,0.31,nutrients,not outlier,-0.7,-0.025571967176757596
MOBEAST087,T13,Algae,Table 1,2024-06-04T12:00:00Z,2024-06-04,12:00:00,2024-06-04,12:00:00,2024-06-04 12:00:00,5407.155577141007,NA,NO2,0.01,nutrients,not outlier,-0.115,-0.004201108893324462
MOBEAST087,T13,Algae,Table 1,2024-06-04T12:00:00Z,2024-06-04,12:00:00,2024-06-04,12:00:00,2024-06-04 12:00:00,5407.155577141007,NA,PO4,0.077,nutrients,not outlier,-0.021500000000000005,-7.854247061432692e-4
MOBEAST087,T13,Algae,Table 1,2024-06-04T12:00:00Z,2024-06-04,12:00:00,2024-06-04,12:00:00,2024-06-04 12:00:00,5407.155577141007,NA,SiO2,0.01,nutrients,not outlier,0,0
MOBEAST087,T13,Algae,Table 1,2024-06-04T12:00:00Z,2024-06-04,12:00:00,2024-06-04,12:00:00,2024-06-04 12:00:00,5407.155577141007,NA,NH3,0.26,nutrients,not outlier,-0.2,-0.007306276336216456
MOBEAST087,T13,Algae,Table 1,2024-06-04T12:00:00Z,2024-06-04,12:00:00,2024-06-04,12:00:00,2024-06-04 12:00:00,5407.155577141007,NA,NO3,0.3,nutrients,not outlier,-0.585,-0.021370858283433134
MOBEAST088,T14,Algae,Table 1,2024-06-04T12:00:00Z,2024-06-04,12:00:00,2024-06-04,12:00:00,2024-06-04 12:00:00,3158.0316980383895,NA,het_bact,486.233,FCM,not outlier,44.19150000000002,2.764122092443632
MOBEAST088,T14,Algae,Table 1,2024-06-04T12:00:00Z,2024-06-04,12:00:00,2024-06-04,12:00:00,2024-06-04 12:00:00,3158.0316980383895,NA,pico_euk,1.317,FCM,not outlier,-0.46599999999999997,-0.029147707026888243
MOBEAST088,T14,Algae,Table 1,2024-06-04T12:00:00Z,2024-06-04,12:00:00,2024-06-04,12:00:00,2024-06-04 12:00:00,3158.0316980383895,NA,syn,27.95,FCM,not outlier,-3.8750000000000036,-0.24237631916135632
MOBEAST088,T14,Algae,Table 1,2024-06-04T12:00:00Z,2024-06-04,12:00:00,2024-06-04,12:00:00,2024-06-04 12:00:00,3158.0316980383895,NA,pro,12.333,FCM,not outlier,-0.6255000000000006,-0.039124229067207326
MOBEAST088,T14,Algae,Table 1,2024-06-04T12:00:00Z,2024-06-04,12:00:00,2024-06-04,12:00:00,2024-06-04 12:00:00,3158.0316980383895,NA,tot_bact,526.517,FCM,not outlier,39.69200000000001,2.482684092942593
MOBEAST088,T14,Algae,Table 1,2024-06-04T12:00:00Z,2024-06-04,12:00:00,2024-06-04,12:00:00,2024-06-04 12:00:00,3158.0316980383895,NA,cyano,40.28299999999996,FCM,not outlier,-4.500500000000045,-0.28150054822856624
MOBEAST088,T14,Algae,Table 1,2024-06-04T12:00:00Z,2024-06-04,12:00:00,2024-06-04,12:00:00,2024-06-04 12:00:00,3158.0316980383895,NA,chla_conc,0.03529411764705883,chla,not outlier,-0.044524098244995154,-0.0027849256894452957
MOBEAST088,T14,Algae,Table 1,2024-06-04T12:00:00Z,2024-06-04,12:00:00,2024-06-04,12:00:00,2024-06-04 12:00:00,3158.0316980383895,NA,npoc_u_m,104.494325892746,DOC,not outlier,13.737750505799355,0.8592788132006982
MOBEAST088,T14,Algae,Table 1,2024-06-04T12:00:00Z,2024-06-04,12:00:00,2024-06-04,12:00:00,2024-06-04 12:00:00,3158.0316980383895,NA,tn_u_m,10.202260346834,DOC,not outlier,-0.2630883791328493,-0.016455843341508992
MOBEAST088,T14,Algae,Table 1,2024-06-04T12:00:00Z,2024-06-04,12:00:00,2024-06-04,12:00:00,2024-06-04 12:00:00,3158.0316980383895,NA,coble_a,0.00429588238541354,fDOM,not outlier,-0.0015206551370955052,-9.511504383045572e-5
MOBEAST088,T14,Algae,Table 1,2024-06-04T12:00:00Z,2024-06-04,12:00:00,2024-06-04,12:00:00,2024-06-04 12:00:00,3158.0316980383895,NA,coble_b,0.0494947886924084,fDOM,not outlier,-6.730713952961057e-4,-4.209975930959179e-5
MOBEAST088,T14,Algae,Table 1,2024-06-04T12:00:00Z,2024-06-04,12:00:00,2024-06-04,12:00:00,2024-06-04 12:00:00,3158.0316980383895,NA,coble_c,0.0037658370758875,fDOM,not outlier,-7.168689847641008e-5,-4.483924279949962e-6
MOBEAST088,T14,Algae,Table 1,2024-06-04T12:00:00Z,2024-06-04,12:00:00,2024-06-04,12:00:00,2024-06-04 12:00:00,3158.0316980383895,NA,coble_m,0.00562255760503925,fDOM,not outlier,-0.002566527325448806,-1.605330183662765e-4
MOBEAST088,T14,Algae,Table 1,2024-06-04T12:00:00Z,2024-06-04,12:00:00,2024-06-04,12:00:00,2024-06-04 12:00:00,3158.0316980383895,NA,coble_t,0.0935349280361655,fDOM,not outlier,0.055143141616872504,0.003449133339894438
MOBEAST088,T14,Algae,Table 1,2024-06-04T12:00:00Z,2024-06-04,12:00:00,2024-06-04,12:00:00,2024-06-04 12:00:00,3158.0316980383895,NA,m_to_c,1.4930432442338664,fDOM,not outlier,-0.656677626782167,-0.041074349949697136
MOBEAST088,T14,Algae,Table 1,2024-06-04T12:00:00Z,2024-06-04,12:00:00,2024-06-04,12:00:00,2024-06-04 12:00:00,3158.0316980383895,NA,bix,1.31338651957468,fDOM,not outlier,0.6994746790095969,0.043751251108365724
MOBEAST088,T14,Algae,Table 1,2024-06-04T12:00:00Z,2024-06-04,12:00:00,2024-06-04,12:00:00,2024-06-04 12:00:00,3158.0316980383895,NA,hix,0.214647686807012,fDOM,not outlier,-0.21823136010719155,-0.013650093880866451
MOBEAST088,T14,Algae,Table 1,2024-06-04T12:00:00Z,2024-06-04,12:00:00,2024-06-04,12:00:00,2024-06-04 12:00:00,3158.0316980383895,NA,fpeak,0.0358557864633185,fDOM,not outlier,-0.012834066648350649,-8.027545378319362e-4
MOBEAST088,T14,Algae,Table 1,2024-06-04T12:00:00Z,2024-06-04,12:00:00,2024-06-04,12:00:00,2024-06-04 12:00:00,3158.0316980383895,NA,fi,1.76405442432952,fDOM,not outlier,0.11443877290135984,0.0071579996245610174
MOBEAST088,T14,Algae,Table 1,2024-06-04T12:00:00Z,2024-06-04,12:00:00,2024-06-04,12:00:00,2024-06-04 12:00:00,3158.0316980383895,NA,lignin,0.0331045488125822,fDOM,not outlier,0.0128364385059557,8.029028945070038e-4
MOBEAST088,T14,Algae,Table 1,2024-06-04T12:00:00Z,2024-06-04,12:00:00,2024-06-04,12:00:00,2024-06-04 12:00:00,3158.0316980383895,NA,N_N,1.07,nutrients,not outlier,0.06000000000000005,0.0037529236515306784
MOBEAST088,T14,Algae,Table 1,2024-06-04T12:00:00Z,2024-06-04,12:00:00,2024-06-04,12:00:00,2024-06-04 12:00:00,3158.0316980383895,NA,NO2,0.01,nutrients,not outlier,-0.115,-0.007193103665433795
MOBEAST088,T14,Algae,Table 1,2024-06-04T12:00:00Z,2024-06-04,12:00:00,2024-06-04,12:00:00,2024-06-04 12:00:00,3158.0316980383895,NA,PO4,0.08,nutrients,not outlier,-0.018500000000000003,-0.0011571514592219583
MOBEAST088,T14,Algae,Table 1,2024-06-04T12:00:00Z,2024-06-04,12:00:00,2024-06-04,12:00:00,2024-06-04 12:00:00,3158.0316980383895,NA,SiO2,0.01,nutrients,not outlier,0,0
MOBEAST088,T14,Algae,Table 1,2024-06-04T12:00:00Z,2024-06-04,12:00:00,2024-06-04,12:00:00,2024-06-04 12:00:00,3158.0316980383895,NA,NH3,0.61,nutrients,not outlier,0.14999999999999997,0.009382309128826686
MOBEAST088,T14,Algae,Table 1,2024-06-04T12:00:00Z,2024-06-04,12:00:00,2024-06-04,12:00:00,2024-06-04 12:00:00,3158.0316980383895,NA,NO3,1.06,nutrients,not outlier,0.17500000000000004,0.010946027316964473
MOBEAST089,T15,Control,Table 1,2024-06-04T12:00:00Z,2024-06-04,12:00:00,2024-06-04,12:00:00,2024-06-04 12:00:00,9292.279411764704,NA,het_bact,552.8,FCM,not outlier,110.75849999999997,2.3544516100670396
MOBEAST089,T15,Control,Table 1,2024-06-04T12:00:00Z,2024-06-04,12:00:00,2024-06-04,12:00:00,2024-06-04 12:00:00,9292.279411764704,NA,pico_euk,1.683,FCM,not outlier,-0.09999999999999987,-0.002125752524697461
MOBEAST089,T15,Control,Table 1,2024-06-04T12:00:00Z,2024-06-04,12:00:00,2024-06-04,12:00:00,2024-06-04 12:00:00,9292.279411764704,NA,syn,37.633,FCM,not outlier,5.808,0.12346370663442871
MOBEAST089,T15,Control,Table 1,2024-06-04T12:00:00Z,2024-06-04,12:00:00,2024-06-04,12:00:00,2024-06-04 12:00:00,9292.279411764704,NA,pro,16.4,FCM,not outlier,3.441499999999998,0.07315777313746318
MOBEAST089,T15,Control,Table 1,2024-06-04T12:00:00Z,2024-06-04,12:00:00,2024-06-04,12:00:00,2024-06-04 12:00:00,9292.279411764704,NA,tot_bact,606.833,FCM,not outlier,120.00799999999992,2.551073089838931
MOBEAST089,T15,Control,Table 1,2024-06-04T12:00:00Z,2024-06-04,12:00:00,2024-06-04,12:00:00,2024-06-04 12:00:00,9292.279411764704,NA,cyano,54.033000000000015,FCM,not outlier,9.249500000000012,0.19662147977189218
MOBEAST089,T15,Control,Table 1,2024-06-04T12:00:00Z,2024-06-04,12:00:00,2024-06-04,12:00:00,2024-06-04 12:00:00,9292.279411764704,NA,chla_conc,0.19111111111111112,chla,not outlier,0.11129289521905714,0.0023658115299280105
MOBEAST089,T15,Control,Table 1,2024-06-04T12:00:00Z,2024-06-04,12:00:00,2024-06-04,12:00:00,2024-06-04 12:00:00,9292.279411764704,NA,npoc_u_m,89.9239844472012,DOC,not outlier,-0.8325909397454438,-0.017698822922041113
MOBEAST089,T15,Control,Table 1,2024-06-04T12:00:00Z,2024-06-04,12:00:00,2024-06-04,12:00:00,2024-06-04 12:00:00,9292.279411764704,NA,tn_u_m,10.649189316541401,DOC,not outlier,0.18384059057455104,0.003907995995557247
MOBEAST089,T15,Control,Table 1,2024-06-04T12:00:00Z,2024-06-04,12:00:00,2024-06-04,12:00:00,2024-06-04 12:00:00,9292.279411764704,NA,coble_a,0.00626631334207222,fDOM,not outlier,4.497758195631755e-4,9.561120839842914e-6
MOBEAST089,T15,Control,Table 1,2024-06-04T12:00:00Z,2024-06-04,12:00:00,2024-06-04,12:00:00,2024-06-04 12:00:00,9292.279411764704,NA,coble_b,0.0482970220961402,fDOM,not outlier,-0.001870837991564303,-3.97693858386775e-5
MOBEAST089,T15,Control,Table 1,2024-06-04T12:00:00Z,2024-06-04,12:00:00,2024-06-04,12:00:00,2024-06-04 12:00:00,9292.279411764704,NA,coble_c,0.00378813497415892,fDOM,not outlier,-4.938900020499005e-5,-1.0498879187804116e-6
MOBEAST089,T15,Control,Table 1,2024-06-04T12:00:00Z,2024-06-04,12:00:00,2024-06-04,12:00:00,2024-06-04 12:00:00,9292.279411764704,NA,coble_m,0.0082740400130267,fDOM,not outlier,8.495508253864373e-5,1.8059348119240334e-6
MOBEAST089,T15,Control,Table 1,2024-06-04T12:00:00Z,2024-06-04,12:00:00,2024-06-04,12:00:00,2024-06-04 12:00:00,9292.279411764704,NA,coble_t,0.0860083990868462,fDOM,not outlier,0.047616612667553196,0.0010122113459559246
MOBEAST089,T15,Control,Table 1,2024-06-04T12:00:00Z,2024-06-04,12:00:00,2024-06-04,12:00:00,2024-06-04 12:00:00,9292.279411764704,NA,m_to_c,2.1841988391302727,fDOM,not outlier,0.03447796811423931,7.329162776528287e-4
MOBEAST089,T15,Control,Table 1,2024-06-04T12:00:00Z,2024-06-04,12:00:00,2024-06-04,12:00:00,2024-06-04 12:00:00,9292.279411764704,NA,bix,1.04980905634363,fDOM,not outlier,0.435897215778547,0.009266096069498414
MOBEAST089,T15,Control,Table 1,2024-06-04T12:00:00Z,2024-06-04,12:00:00,2024-06-04,12:00:00,2024-06-04 12:00:00,9292.279411764704,NA,hix,0.257421121830318,fDOM,not outlier,-0.17545792508388552,-0.003729801272252481
MOBEAST089,T15,Control,Table 1,2024-06-04T12:00:00Z,2024-06-04,12:00:00,2024-06-04,12:00:00,2024-06-04 12:00:00,9292.279411764704,NA,fpeak,0.0334030252159211,fDOM,not outlier,-0.015286827895748048,-3.2496012994002034e-4
MOBEAST089,T15,Control,Table 1,2024-06-04T12:00:00Z,2024-06-04,12:00:00,2024-06-04,12:00:00,2024-06-04 12:00:00,9292.279411764704,NA,fi,1.98722911062346,fDOM,not outlier,0.33761345919529995,0.007176826632562531
MOBEAST089,T15,Control,Table 1,2024-06-04T12:00:00Z,2024-06-04,12:00:00,2024-06-04,12:00:00,2024-06-04 12:00:00,9292.279411764704,NA,lignin,0.0097109307257409409,fDOM,not outlier,-0.01055717958088556,-2.2441951147751993e-4
MOBEAST089,T15,Control,Table 1,2024-06-04T12:00:00Z,2024-06-04,12:00:00,2024-06-04,12:00:00,2024-06-04 12:00:00,9292.279411764704,NA,N_N,1.57,nutrients,not outlier,0.56,0.011904214138305799
MOBEAST089,T15,Control,Table 1,2024-06-04T12:00:00Z,2024-06-04,12:00:00,2024-06-04,12:00:00,2024-06-04 12:00:00,9292.279411764704,NA,NO2,0.01,nutrients,not outlier,-0.115,-0.0024446154034020837
MOBEAST089,T15,Control,Table 1,2024-06-04T12:00:00Z,2024-06-04,12:00:00,2024-06-04,12:00:00,2024-06-04 12:00:00,9292.279411764704,NA,PO4,0.09,nutrients,not outlier,-0.008500000000000008,-1.806889645992846e-4
MOBEAST089,T15,Control,Table 1,2024-06-04T12:00:00Z,2024-06-04,12:00:00,2024-06-04,12:00:00,2024-06-04 12:00:00,9292.279411764704,NA,SiO2,0.01,nutrients,not outlier,0,0
MOBEAST089,T15,Control,Table 1,2024-06-04T12:00:00Z,2024-06-04,12:00:00,2024-06-04,12:00:00,2024-06-04 12:00:00,9292.279411764704,NA,NH3,1.25,nutrients,not outlier,0.79,0.016793444945109967
MOBEAST089,T15,Control,Table 1,2024-06-04T12:00:00Z,2024-06-04,12:00:00,2024-06-04,12:00:00,2024-06-04 12:00:00,9292.279411764704,NA,NO3,1.56,nutrients,not outlier,0.675,0.014348829541707882
MOBEAST090,T16,Coral,Table 1,2024-06-04T12:00:00Z,2024-06-04,12:00:00,2024-06-04,12:00:00,2024-06-04 12:00:00,1458.1686801400024,NA,het_bact,442.367,FCM,not outlier,0.32550000000003365,0.04409386730904801
MOBEAST090,T16,Coral,Table 1,2024-06-04T12:00:00Z,2024-06-04,12:00:00,2024-06-04,12:00:00,2024-06-04 12:00:00,1458.1686801400024,NA,pico_euk,1.417,FCM,not outlier,-0.3659999999999999,-0.04958020102952349
MOBEAST090,T16,Coral,Table 1,2024-06-04T12:00:00Z,2024-06-04,12:00:00,2024-06-04,12:00:00,2024-06-04 12:00:00,1458.1686801400024,NA,syn,29.467,FCM,not outlier,-2.358000000000004,-0.3194265410590619
MOBEAST090,T16,Coral,Table 1,2024-06-04T12:00:00Z,2024-06-04,12:00:00,2024-06-04,12:00:00,2024-06-04 12:00:00,1458.1686801400024,NA,pro,13.567,FCM,not outlier,0.6084999999999994,0.08243047083733614
MOBEAST090,T16,Coral,Table 1,2024-06-04T12:00:00Z,2024-06-04,12:00:00,2024-06-04,12:00:00,2024-06-04 12:00:00,1458.1686801400024,NA,tot_bact,485.4,FCM,not outlier,-1.4250000000000682,-0.1930376679428262
MOBEAST090,T16,Coral,Table 1,2024-06-04T12:00:00Z,2024-06-04,12:00:00,2024-06-04,12:00:00,2024-06-04 12:00:00,1458.1686801400024,NA,cyano,43.03399999999999,FCM,not outlier,-1.7495000000000118,-0.2369960702217267
MOBEAST090,T16,Coral,Table 1,2024-06-04T12:00:00Z,2024-06-04,12:00:00,2024-06-04,12:00:00,2024-06-04 12:00:00,1458.1686801400024,NA,chla_conc,0.03347826086956522,chla,not outlier,-0.04633995502248876,-0.006277443403590357
MOBEAST090,T16,Coral,Table 1,2024-06-04T12:00:00Z,2024-06-04,12:00:00,2024-06-04,12:00:00,2024-06-04 12:00:00,1458.1686801400024,NA,npoc_u_m,93.0878300182338,DOC,not outlier,2.331254631287152,0.31580347888039534
MOBEAST090,T16,Coral,Table 1,2024-06-04T12:00:00Z,2024-06-04,12:00:00,2024-06-04,12:00:00,2024-06-04 12:00:00,1458.1686801400024,NA,tn_u_m,10.3728929726488,DOC,not outlier,-0.092455753318049,-0.012524521409412308
MOBEAST090,T16,Coral,Table 1,2024-06-04T12:00:00Z,2024-06-04,12:00:00,2024-06-04,12:00:00,2024-06-04 12:00:00,1458.1686801400024,NA,coble_a,0.00533843137173283,fDOM,not outlier,-4.7810615077621514e-4,-6.476666412277711e-5
MOBEAST090,T16,Coral,Table 1,2024-06-04T12:00:00Z,2024-06-04,12:00:00,2024-06-04,12:00:00,2024-06-04 12:00:00,1458.1686801400024,NA,coble_b,0.0667687108352107,fDOM,not outlier,0.016600850747506196,0.002248834746782713
MOBEAST090,T16,Coral,Table 1,2024-06-04T12:00:00Z,2024-06-04,12:00:00,2024-06-04,12:00:00,2024-06-04 12:00:00,1458.1686801400024,NA,coble_c,0.00465094550045935,fDOM,not outlier,8.134215260954402e-4,1.1019017154522875e-4
MOBEAST090,T16,Coral,Table 1,2024-06-04T12:00:00Z,2024-06-04,12:00:00,2024-06-04,12:00:00,2024-06-04 12:00:00,1458.1686801400024,NA,coble_m,0.0075093003330056,fDOM,not outlier,-6.79784597482456e-4,-9.208704098348058e-5
MOBEAST090,T16,Coral,Table 1,2024-06-04T12:00:00Z,2024-06-04,12:00:00,2024-06-04,12:00:00,2024-06-04 12:00:00,1458.1686801400024,NA,coble_t,0.0767072666367021,fDOM,not outlier,0.038315480217409104,0.0051904076823002035
MOBEAST090,T16,Coral,Table 1,2024-06-04T12:00:00Z,2024-06-04,12:00:00,2024-06-04,12:00:00,2024-06-04 12:00:00,1458.1686801400024,NA,m_to_c,1.6145750003443269,fDOM,not outlier,-0.5351458706717065,-0.0724935514973295
MOBEAST090,T16,Coral,Table 1,2024-06-04T12:00:00Z,2024-06-04,12:00:00,2024-06-04,12:00:00,2024-06-04 12:00:00,1458.1686801400024,NA,bix,0.922567356839178,fDOM,not outlier,0.30865551627409504,0.04181202881349999
MOBEAST090,T16,Coral,Table 1,2024-06-04T12:00:00Z,2024-06-04,12:00:00,2024-06-04,12:00:00,2024-06-04 12:00:00,1458.1686801400024,NA,hix,0.254197866309981,fDOM,not outlier,-0.17868118060422256,-0.024205051515163802
MOBEAST090,T16,Coral,Table 1,2024-06-04T12:00:00Z,2024-06-04,12:00:00,2024-06-04,12:00:00,2024-06-04 12:00:00,1458.1686801400024,NA,fpeak,0.0083422821163926,fDOM,not outlier,-0.040347570995276555,-0.005465684920761704
MOBEAST090,T16,Coral,Table 1,2024-06-04T12:00:00Z,2024-06-04,12:00:00,2024-06-04,12:00:00,2024-06-04 12:00:00,1458.1686801400024,NA,fi,1.58759964318302,fDOM,not outlier,-0.0620160082451402,-0.00840100042579956
MOBEAST090,T16,Coral,Table 1,2024-06-04T12:00:00Z,2024-06-04,12:00:00,2024-06-04,12:00:00,2024-06-04 12:00:00,1458.1686801400024,NA,lignin,0.0538190525236994,fDOM,not outlier,0.0335509422170729,0.004544979398503829
MOBEAST090,T16,Coral,Table 1,2024-06-04T12:00:00Z,2024-06-04,12:00:00,2024-06-04,12:00:00,2024-06-04 12:00:00,1458.1686801400024,NA,N_N,1.11,nutrients,not outlier,0.10000000000000009,0.013546503013531027
MOBEAST090,T16,Coral,Table 1,2024-06-04T12:00:00Z,2024-06-04,12:00:00,2024-06-04,12:00:00,2024-06-04 12:00:00,1458.1686801400024,NA,NO2,0.08,nutrients,not outlier,-0.045,-0.006095926356088956
MOBEAST090,T16,Coral,Table 1,2024-06-04T12:00:00Z,2024-06-04,12:00:00,2024-06-04,12:00:00,2024-06-04 12:00:00,1458.1686801400024,NA,PO4,0.09,nutrients,not outlier,-0.008500000000000008,-0.0011514527561501372
MOBEAST090,T16,Coral,Table 1,2024-06-04T12:00:00Z,2024-06-04,12:00:00,2024-06-04,12:00:00,2024-06-04 12:00:00,1458.1686801400024,NA,SiO2,0.01,nutrients,not outlier,0,0
MOBEAST090,T16,Coral,Table 1,2024-06-04T12:00:00Z,2024-06-04,12:00:00,2024-06-04,12:00:00,2024-06-04 12:00:00,1458.1686801400024,NA,NH3,0.32,nutrients,not outlier,-0.14,-0.018965104218943422
MOBEAST090,T16,Coral,Table 1,2024-06-04T12:00:00Z,2024-06-04,12:00:00,2024-06-04,12:00:00,2024-06-04 12:00:00,1458.1686801400024,NA,NO3,1.03,nutrients,not outlier,0.14500000000000002,0.019642429369619973
MOBEAST093,T1,Algae,Table 2,2024-06-06T12:00:00Z,2024-06-06,12:00:00,2024-06-06,12:00:00,2024-06-06 12:00:00,283.6879416,35.25,het_bact,465.2,FCM,not outlier,13.640999999999963,9.498177833437072
MOBEAST093,T1,Algae,Table 2,2024-06-06T12:00:00Z,2024-06-06,12:00:00,2024-06-06,12:00:00,2024-06-06 12:00:00,283.6879416,35.25,pico_euk,4.617,FCM,not outlier,-0.30400000000000027,-0.21167407531448432
MOBEAST093,T1,Algae,Table 2,2024-06-06T12:00:00Z,2024-06-06,12:00:00,2024-06-06,12:00:00,2024-06-06 12:00:00,283.6879416,35.25,syn,54.983,FCM,not outlier,-2.5530000000000044,-1.7776444548614438
MOBEAST093,T1,Algae,Table 2,2024-06-06T12:00:00Z,2024-06-06,12:00:00,2024-06-06,12:00:00,2024-06-06 12:00:00,283.6879416,35.25,pro,18.383,FCM,not outlier,-2.9499999999999993,-2.0540740861109477
MOBEAST093,T1,Algae,Table 2,2024-06-06T12:00:00Z,2024-06-06,12:00:00,2024-06-06,12:00:00,2024-06-06 12:00:00,283.6879416,35.25,tot_bact,538.567,FCM,not outlier,8.139499999999998,5.667503736915274
MOBEAST093,T1,Algae,Table 2,2024-06-06T12:00:00Z,2024-06-06,12:00:00,2024-06-06,12:00:00,2024-06-06 12:00:00,283.6879416,35.25,cyano,73.36600000000004,FCM,not outlier,-5.502999999999986,-3.831718540972379
MOBEAST093,T1,Algae,Table 2,2024-06-06T12:00:00Z,2024-06-06,12:00:00,2024-06-06,12:00:00,2024-06-06 12:00:00,283.6879416,35.25,chla_conc,0.1875,chla,not outlier,0.12444387052341599,0.08664980664999826
MOBEAST093,T1,Algae,Table 2,2024-06-06T12:00:00Z,2024-06-06,12:00:00,2024-06-06,12:00:00,2024-06-06 12:00:00,283.6879416,35.25,npoc_u_m,167.85449640737,DOC,not outlier,7.743095739631997,5.391488916967515
MOBEAST093,T1,Algae,Table 2,2024-06-06T12:00:00Z,2024-06-06,12:00:00,2024-06-06,12:00:00,2024-06-06 12:00:00,283.6879416,35.25,tn_u_m,13.9290482411989,DOC,not outlier,1.441809990932951,1.0039269625326221
MOBEAST093,T1,Algae,Table 2,2024-06-06T12:00:00Z,2024-06-06,12:00:00,2024-06-06,12:00:00,2024-06-06 12:00:00,283.6879416,35.25,coble_a,0.00576134504744291,fDOM,not outlier,-0.002958126643559751,-0.002059732637956082
MOBEAST093,T1,Algae,Table 2,2024-06-06T12:00:00Z,2024-06-06,12:00:00,2024-06-06,12:00:00,2024-06-06 12:00:00,283.6879416,35.25,coble_b,0.0577031010094494,fDOM,not outlier,0.002230879484046197,0.0015533531313274087
MOBEAST093,T1,Algae,Table 2,2024-06-06T12:00:00Z,2024-06-06,12:00:00,2024-06-06,12:00:00,2024-06-06 12:00:00,283.6879416,35.25,coble_c,0.00316634470230952,fDOM,not outlier,-0.0013291921123910347,-9.255115503476255e-4
MOBEAST093,T1,Algae,Table 2,2024-06-06T12:00:00Z,2024-06-06,12:00:00,2024-06-06,12:00:00,2024-06-06 12:00:00,283.6879416,35.25,coble_m,0.00677201001132513,fDOM,not outlier,-0.0038075802345385393,-0.0026512040306962237
MOBEAST093,T1,Algae,Table 2,2024-06-06T12:00:00Z,2024-06-06,12:00:00,2024-06-06,12:00:00,2024-06-06 12:00:00,283.6879416,35.25,coble_t,0.0314746674875521,fDOM,not outlier,0.0037408031395201533,0.002604707386485025
MOBEAST093,T1,Algae,Table 2,2024-06-06T12:00:00Z,2024-06-06,12:00:00,2024-06-06,12:00:00,2024-06-06 12:00:00,283.6879416,35.25,m_to_c,2.138746929980697,fDOM,not outlier,-0.22587041247024509,-0.15727273256756663
MOBEAST093,T1,Algae,Table 2,2024-06-06T12:00:00Z,2024-06-06,12:00:00,2024-06-06,12:00:00,2024-06-06 12:00:00,283.6879416,35.25,bix,0.474782279362111,fDOM,not outlier,0.04126933651910197,0.02873568633724731
MOBEAST093,T1,Algae,Table 2,2024-06-06T12:00:00Z,2024-06-06,12:00:00,2024-06-06,12:00:00,2024-06-06 12:00:00,283.6879416,35.25,hix,0.431275111264582,fDOM,not outlier,-0.10947372776251446,-0.07622615162947308
MOBEAST093,T1,Algae,Table 2,2024-06-06T12:00:00Z,2024-06-06,12:00:00,2024-06-06,12:00:00,2024-06-06 12:00:00,283.6879416,35.25,fpeak,0.0177720793353703,fDOM,not outlier,0.008507648774414801,0.005923844366528478
MOBEAST093,T1,Algae,Table 2,2024-06-06T12:00:00Z,2024-06-06,12:00:00,2024-06-06,12:00:00,2024-06-06 12:00:00,283.6879416,35.25,fi,1.6353455593614,fDOM,not outlier,-0.36753720769848996,-0.25591479797120187
MOBEAST093,T1,Algae,Table 2,2024-06-06T12:00:00Z,2024-06-06,12:00:00,2024-06-06,12:00:00,2024-06-06 12:00:00,283.6879416,35.25,lignin,0.00649556509399294,fDOM,not outlier,-0.008339720493346359,-0.005806916525691921
MOBEAST093,T1,Algae,Table 2,2024-06-06T12:00:00Z,2024-06-06,12:00:00,2024-06-06,12:00:00,2024-06-06 12:00:00,283.6879416,35.25,N_N,1.95,nutrients,not outlier,0.24,0.1671111120903822
MOBEAST093,T1,Algae,Table 2,2024-06-06T12:00:00Z,2024-06-06,12:00:00,2024-06-06,12:00:00,2024-06-06 12:00:00,283.6879416,35.25,NO2,0.09,nutrients,not outlier,-0.0050000000000000044,-0.003481481501882966
MOBEAST093,T1,Algae,Table 2,2024-06-06T12:00:00Z,2024-06-06,12:00:00,2024-06-06,12:00:00,2024-06-06 12:00:00,283.6879416,35.25,PO4,0.077,nutrients,not outlier,-0.007999999999999993,-0.005570370403012736
MOBEAST093,T1,Algae,Table 2,2024-06-06T12:00:00Z,2024-06-06,12:00:00,2024-06-06,12:00:00,2024-06-06 12:00:00,283.6879416,35.25,SiO2,0.01,nutrients,not outlier,0,0
MOBEAST093,T1,Algae,Table 2,2024-06-06T12:00:00Z,2024-06-06,12:00:00,2024-06-06,12:00:00,2024-06-06 12:00:00,283.6879416,35.25,NH3,1.56,nutrients,not outlier,0.33499999999999996,0.23325926062615848
MOBEAST093,T1,Algae,Table 2,2024-06-06T12:00:00Z,2024-06-06,12:00:00,2024-06-06,12:00:00,2024-06-06 12:00:00,283.6879416,35.25,NO3,1.86,nutrients,not outlier,0.2450000000000001,0.17059259359226525
MOBEAST094,T2,CCA,Table 2,2024-06-06T12:00:00Z,2024-06-06,12:00:00,2024-06-06,12:00:00,2024-06-06 12:00:00,6382.978723404255,1.5666666666666669,het_bact,416.117,FCM,not outlier,-35.44200000000001,-1.0968059259259262
MOBEAST094,T2,CCA,Table 2,2024-06-06T12:00:00Z,2024-06-06,12:00:00,2024-06-06,12:00:00,2024-06-06 12:00:00,6382.978723404255,1.5666666666666669,pico_euk,3.2,FCM,not outlier,-1.721,-0.053258930041152265
MOBEAST094,T2,CCA,Table 2,2024-06-06T12:00:00Z,2024-06-06,12:00:00,2024-06-06,12:00:00,2024-06-06 12:00:00,6382.978723404255,1.5666666666666669,syn,37.033,FCM,not outlier,-20.503,-0.6344961316872427
MOBEAST094,T2,CCA,Table 2,2024-06-06T12:00:00Z,2024-06-06,12:00:00,2024-06-06,12:00:00,2024-06-06 12:00:00,6382.978723404255,1.5666666666666669,pro,12.167,FCM,not outlier,-9.165999999999999,-0.28365563786008224
MOBEAST094,T2,CCA,Table 2,2024-06-06T12:00:00Z,2024-06-06,12:00:00,2024-06-06,12:00:00,2024-06-06 12:00:00,6382.978723404255,1.5666666666666669,tot_bact,465.317,FCM,not outlier,-65.1105,-2.014942222222222
MOBEAST094,T2,CCA,Table 2,2024-06-06T12:00:00Z,2024-06-06,12:00:00,2024-06-06,12:00:00,2024-06-06 12:00:00,6382.978723404255,1.5666666666666669,cyano,49.19999999999999,FCM,not outlier,-29.66900000000004,-0.9181517695473262
MOBEAST094,T2,CCA,Table 2,2024-06-06T12:00:00Z,2024-06-06,12:00:00,2024-06-06,12:00:00,2024-06-06 12:00:00,6382.978723404255,1.5666666666666669,chla_conc,0.2654166666666667,chla,not outlier,0.20236053719008268,0.006262350780532599
MOBEAST094,T2,CCA,Table 2,2024-06-06T12:00:00Z,2024-06-06,12:00:00,2024-06-06,12:00:00,2024-06-06 12:00:00,6382.978723404255,1.5666666666666669,npoc_u_m,212.148334401825,DOC,not outlier,52.036933734087,1.6103610768738035
MOBEAST094,T2,CCA,Table 2,2024-06-06T12:00:00Z,2024-06-06,12:00:00,2024-06-06,12:00:00,2024-06-06 12:00:00,6382.978723404255,1.5666666666666669,tn_u_m,48.0627128445672,DOC,outlier,35.575474594301255,1.1009364977331086
MOBEAST094,T2,CCA,Table 2,2024-06-06T12:00:00Z,2024-06-06,12:00:00,2024-06-06,12:00:00,2024-06-06 12:00:00,6382.978723404255,1.5666666666666669,coble_a,0.00663243060425439,fDOM,not outlier,-0.0020870410867482704,-6.458662128537857e-5
MOBEAST094,T2,CCA,Table 2,2024-06-06T12:00:00Z,2024-06-06,12:00:00,2024-06-06,12:00:00,2024-06-06 12:00:00,6382.978723404255,1.5666666666666669,coble_b,0.0650591541003302,fDOM,not outlier,0.009586932574926994,2.966820286561769e-4
MOBEAST094,T2,CCA,Table 2,2024-06-06T12:00:00Z,2024-06-06,12:00:00,2024-06-06,12:00:00,2024-06-06 12:00:00,6382.978723404255,1.5666666666666669,coble_c,0.00628559678010666,fDOM,not outlier,0.001790059965406105,5.539609440269099e-5
MOBEAST094,T2,CCA,Table 2,2024-06-06T12:00:00Z,2024-06-06,12:00:00,2024-06-06,12:00:00,2024-06-06 12:00:00,6382.978723404255,1.5666666666666669,coble_m,0.00870250923500307,fDOM,not outlier,-0.0018770810108605998,-5.808909136490415e-5
MOBEAST094,T2,CCA,Table 2,2024-06-06T12:00:00Z,2024-06-06,12:00:00,2024-06-06,12:00:00,2024-06-06 12:00:00,6382.978723404255,1.5666666666666669,coble_t,0.0315605884978826,fDOM,not outlier,0.0038267241498506493,1.1842372677727111e-4
MOBEAST094,T2,CCA,Table 2,2024-06-06T12:00:00Z,2024-06-06,12:00:00,2024-06-06,12:00:00,2024-06-06 12:00:00,6382.978723404255,1.5666666666666669,m_to_c,1.384515987812918,fDOM,not outlier,-0.9801013546380242,-0.030330708587975066
MOBEAST094,T2,CCA,Table 2,2024-06-06T12:00:00Z,2024-06-06,12:00:00,2024-06-06,12:00:00,2024-06-06 12:00:00,6382.978723404255,1.5666666666666669,bix,0.748161940149931,fDOM,not outlier,0.314648997306922,0.00973728584258458
MOBEAST094,T2,CCA,Table 2,2024-06-06T12:00:00Z,2024-06-06,12:00:00,2024-06-06,12:00:00,2024-06-06 12:00:00,6382.978723404255,1.5666666666666669,hix,0.416391336096751,fDOM,not outlier,-0.12435750293034548,-0.0038484297203135714
MOBEAST094,T2,CCA,Table 2,2024-06-06T12:00:00Z,2024-06-06,12:00:00,2024-06-06,12:00:00,2024-06-06 12:00:00,6382.978723404255,1.5666666666666669,fpeak,0,fDOM,not outlier,-0.0092644305609555,-2.867017194172237e-4
MOBEAST094,T2,CCA,Table 2,2024-06-06T12:00:00Z,2024-06-06,12:00:00,2024-06-06,12:00:00,2024-06-06 12:00:00,6382.978723404255,1.5666666666666669,fi,1.61355536202476,fDOM,not outlier,-0.38932740503512986,-0.012048321341004841
MOBEAST094,T2,CCA,Table 2,2024-06-06T12:00:00Z,2024-06-06,12:00:00,2024-06-06,12:00:00,2024-06-06 12:00:00,6382.978723404255,1.5666666666666669,lignin,0.0288009796638191,fDOM,not outlier,0.013965694076479802,4.3218938047377817e-4
MOBEAST094,T2,CCA,Table 2,2024-06-06T12:00:00Z,2024-06-06,12:00:00,2024-06-06,12:00:00,2024-06-06 12:00:00,6382.978723404255,1.5666666666666669,N_N,1.46,nutrients,not outlier,-0.25,-0.007736625514403292
MOBEAST094,T2,CCA,Table 2,2024-06-06T12:00:00Z,2024-06-06,12:00:00,2024-06-06,12:00:00,2024-06-06 12:00:00,6382.978723404255,1.5666666666666669,NO2,0.01,nutrients,not outlier,-0.085,-0.0026304526748971197
MOBEAST094,T2,CCA,Table 2,2024-06-06T12:00:00Z,2024-06-06,12:00:00,2024-06-06,12:00:00,2024-06-06 12:00:00,6382.978723404255,1.5666666666666669,PO4,0.13,nutrients,not outlier,0.04500000000000001,0.0013925925925925928
MOBEAST094,T2,CCA,Table 2,2024-06-06T12:00:00Z,2024-06-06,12:00:00,2024-06-06,12:00:00,2024-06-06 12:00:00,6382.978723404255,1.5666666666666669,SiO2,0.01,nutrients,not outlier,0,0
MOBEAST094,T2,CCA,Table 2,2024-06-06T12:00:00Z,2024-06-06,12:00:00,2024-06-06,12:00:00,2024-06-06 12:00:00,6382.978723404255,1.5666666666666669,NH3,1.16,nutrients,not outlier,-0.06500000000000017,-0.0020115226337448612
MOBEAST094,T2,CCA,Table 2,2024-06-06T12:00:00Z,2024-06-06,12:00:00,2024-06-06,12:00:00,2024-06-06 12:00:00,6382.978723404255,1.5666666666666669,NO3,1.45,nutrients,not outlier,-0.16500000000000004,-0.005106172839506174
MOBEAST095,T3,Control,Table 2,2024-06-06T12:00:00Z,2024-06-06,12:00:00,2024-06-06,12:00:00,2024-06-06 12:00:00,4687.5,2.1333333333333333,het_bact,462.9,FCM,not outlier,11.340999999999951,0.47790880658436
MOBEAST095,T3,Control,Table 2,2024-06-06T12:00:00Z,2024-06-06,12:00:00,2024-06-06,12:00:00,2024-06-06 12:00:00,4687.5,2.1333333333333333,pico_euk,4.767,FCM,not outlier,-0.15399999999999991,-0.006489547325102876
MOBEAST095,T3,Control,Table 2,2024-06-06T12:00:00Z,2024-06-06,12:00:00,2024-06-06,12:00:00,2024-06-06 12:00:00,4687.5,2.1333333333333333,syn,53.35,FCM,not outlier,-4.186,-0.17639769547325101
MOBEAST095,T3,Control,Table 2,2024-06-06T12:00:00Z,2024-06-06,12:00:00,2024-06-06,12:00:00,2024-06-06 12:00:00,4687.5,2.1333333333333333,pro,17.233,FCM,not outlier,-4.099999999999998,-0.17277366255144022
MOBEAST095,T3,Control,Table 2,2024-06-06T12:00:00Z,2024-06-06,12:00:00,2024-06-06,12:00:00,2024-06-06 12:00:00,4687.5,2.1333333333333333,tot_bact,533.483,FCM,not outlier,3.055499999999938,0.12875851851851589
MOBEAST095,T3,Control,Table 2,2024-06-06T12:00:00Z,2024-06-06,12:00:00,2024-06-06,12:00:00,2024-06-06 12:00:00,4687.5,2.1333333333333333,cyano,70.58299999999997,FCM,not outlier,-8.286000000000058,-0.3491713580246938
MOBEAST095,T3,Control,Table 2,2024-06-06T12:00:00Z,2024-06-06,12:00:00,2024-06-06,12:00:00,2024-06-06 12:00:00,4687.5,2.1333333333333333,chla_conc,0.30855018587360594,chla,not outlier,0.24549405639702193,0.010345099331298372
MOBEAST095,T3,Control,Table 2,2024-06-06T12:00:00Z,2024-06-06,12:00:00,2024-06-06,12:00:00,2024-06-06 12:00:00,4687.5,2.1333333333333333,npoc_u_m,133.385231501911,DOC,not outlier,-26.726169165827002,-1.1262385689632448
MOBEAST095,T3,Control,Table 2,2024-06-06T12:00:00Z,2024-06-06,12:00:00,2024-06-06,12:00:00,2024-06-06 12:00:00,4687.5,2.1333333333333333,tn_u_m,11.4495205865764,DOC,not outlier,-1.0377176636895502,-0.043729336939016435
MOBEAST095,T3,Control,Table 2,2024-06-06T12:00:00Z,2024-06-06,12:00:00,2024-06-06,12:00:00,2024-06-06 12:00:00,4687.5,2.1333333333333333,coble_a,0.00561150170906391,fDOM,not outlier,-0.003107969981938751,-1.3096959923890046e-4
MOBEAST095,T3,Control,Table 2,2024-06-06T12:00:00Z,2024-06-06,12:00:00,2024-06-06,12:00:00,2024-06-06 12:00:00,4687.5,2.1333333333333333,coble_b,0.0410938264134436,fDOM,not outlier,-0.014378395111959603,-6.059043866109725e-4
MOBEAST095,T3,Control,Table 2,2024-06-06T12:00:00Z,2024-06-06,12:00:00,2024-06-06,12:00:00,2024-06-06 12:00:00,4687.5,2.1333333333333333,coble_c,0.00278392091499535,fDOM,not outlier,-0.001711615899705205,-7.212735313984073e-5
MOBEAST095,T3,Control,Table 2,2024-06-06T12:00:00Z,2024-06-06,12:00:00,2024-06-06,12:00:00,2024-06-06 12:00:00,4687.5,2.1333333333333333,coble_m,0.0070816510745296,fDOM,not outlier,-0.0034979391713340696,-1.474028687837896e-4
MOBEAST095,T3,Control,Table 2,2024-06-06T12:00:00Z,2024-06-06,12:00:00,2024-06-06,12:00:00,2024-06-06 12:00:00,4687.5,2.1333333333333333,coble_t,0.0221890180745061,fDOM,not outlier,-0.005544846273525847,-2.3365936560043073e-4
MOBEAST095,T3,Control,Table 2,2024-06-06T12:00:00Z,2024-06-06,12:00:00,2024-06-06,12:00:00,2024-06-06 12:00:00,4687.5,2.1333333333333333,m_to_c,2.5437687674189653,fDOM,outlier,0.17915142496802305,0.007549426303179242
MOBEAST095,T3,Control,Table 2,2024-06-06T12:00:00Z,2024-06-06,12:00:00,2024-06-06,12:00:00,2024-06-06 12:00:00,4687.5,2.1333333333333333,bix,0.483112980955916,fDOM,not outlier,0.049600038112906975,0.002090141523770236
MOBEAST095,T3,Control,Table 2,2024-06-06T12:00:00Z,2024-06-06,12:00:00,2024-06-06,12:00:00,2024-06-06 12:00:00,4687.5,2.1333333333333333,hix,0.487424686240891,fDOM,not outlier,-0.05332415278620545,-0.002247075409591538
MOBEAST095,T3,Control,Table 2,2024-06-06T12:00:00Z,2024-06-06,12:00:00,2024-06-06,12:00:00,2024-06-06 12:00:00,4687.5,2.1333333333333333,fpeak,0.00668974592866376,fDOM,not outlier,-0.0025746846322917396,-1.0849699849657371e-4
MOBEAST095,T3,Control,Table 2,2024-06-06T12:00:00Z,2024-06-06,12:00:00,2024-06-06,12:00:00,2024-06-06 12:00:00,4687.5,2.1333333333333333,fi,1.9857412790111,fDOM,not outlier,-0.0171414880487899,-7.223408955539446e-4
MOBEAST095,T3,Control,Table 2,2024-06-06T12:00:00Z,2024-06-06,12:00:00,2024-06-06,12:00:00,2024-06-06 12:00:00,4687.5,2.1333333333333333,lignin,0.00760532605173754,fDOM,not outlier,-0.0072299595356017585,-3.046698997718601e-4
MOBEAST095,T3,Control,Table 2,2024-06-06T12:00:00Z,2024-06-06,12:00:00,2024-06-06,12:00:00,2024-06-06 12:00:00,4687.5,2.1333333333333333,N_N,1.37,nutrients,not outlier,-0.33999999999999986,-0.014327572016460897
MOBEAST095,T3,Control,Table 2,2024-06-06T12:00:00Z,2024-06-06,12:00:00,2024-06-06,12:00:00,2024-06-06 12:00:00,4687.5,2.1333333333333333,NO2,0.01,nutrients,not outlier,-0.085,-0.0035818930041152264
MOBEAST095,T3,Control,Table 2,2024-06-06T12:00:00Z,2024-06-06,12:00:00,2024-06-06,12:00:00,2024-06-06 12:00:00,4687.5,2.1333333333333333,PO4,0.09,nutrients,not outlier,0.0050000000000000044,2.1069958847736643e-4
MOBEAST095,T3,Control,Table 2,2024-06-06T12:00:00Z,2024-06-06,12:00:00,2024-06-06,12:00:00,2024-06-06 12:00:00,4687.5,2.1333333333333333,SiO2,0.01,nutrients,not outlier,0,0
MOBEAST095,T3,Control,Table 2,2024-06-06T12:00:00Z,2024-06-06,12:00:00,2024-06-06,12:00:00,2024-06-06 12:00:00,4687.5,2.1333333333333333,NH3,1.31,nutrients,not outlier,0.08499999999999996,0.0035818930041152243
MOBEAST095,T3,Control,Table 2,2024-06-06T12:00:00Z,2024-06-06,12:00:00,2024-06-06,12:00:00,2024-06-06 12:00:00,4687.5,2.1333333333333333,NO3,1.36,nutrients,not outlier,-0.2549999999999999,-0.010745679012345672
MOBEAST096,T4,Algae,Table 2,2024-06-06T12:00:00Z,2024-06-06,12:00:00,2024-06-06,12:00:00,2024-06-06 12:00:00,1052.6315789473683,9.5,het_bact,528.686,FCM,not outlier,77.12700000000001,14.473214814814817
MOBEAST096,T4,Algae,Table 2,2024-06-06T12:00:00Z,2024-06-06,12:00:00,2024-06-06,12:00:00,2024-06-06 12:00:00,1052.6315789473683,9.5,pico_euk,4.393,FCM,not outlier,-0.5280000000000005,-0.09908148148148156
MOBEAST096,T4,Algae,Table 2,2024-06-06T12:00:00Z,2024-06-06,12:00:00,2024-06-06,12:00:00,2024-06-06 12:00:00,1052.6315789473683,9.5,syn,53.644,FCM,not outlier,-3.892000000000003,-0.7303506172839511
MOBEAST096,T4,Algae,Table 2,2024-06-06T12:00:00Z,2024-06-06,12:00:00,2024-06-06,12:00:00,2024-06-06 12:00:00,1052.6315789473683,9.5,pro,18.602,FCM,not outlier,-2.730999999999998,-0.5124839506172836
MOBEAST096,T4,Algae,Table 2,2024-06-06T12:00:00Z,2024-06-06,12:00:00,2024-06-06,12:00:00,2024-06-06 12:00:00,1052.6315789473683,9.5,tot_bact,600.932,FCM,not outlier,70.50450000000001,13.230474074074076
MOBEAST096,T4,Algae,Table 2,2024-06-06T12:00:00Z,2024-06-06,12:00:00,2024-06-06,12:00:00,2024-06-06 12:00:00,1052.6315789473683,9.5,cyano,72.24599999999998,FCM,not outlier,-6.623000000000047,-1.2428345679012434
MOBEAST096,T4,Algae,Table 2,2024-06-06T12:00:00Z,2024-06-06,12:00:00,2024-06-06,12:00:00,2024-06-06 12:00:00,1052.6315789473683,9.5,chla_conc,0.11648745519713262,chla,not outlier,0.05343132572054861,0.010026619147559738
MOBEAST096,T4,Algae,Table 2,2024-06-06T12:00:00Z,2024-06-06,12:00:00,2024-06-06,12:00:00,2024-06-06 12:00:00,1052.6315789473683,9.5,npoc_u_m,155.865186875036,DOC,not outlier,-4.246213792702008,-0.7968203660379076
MOBEAST096,T4,Algae,Table 2,2024-06-06T12:00:00Z,2024-06-06,12:00:00,2024-06-06,12:00:00,2024-06-06 12:00:00,1052.6315789473683,9.5,tn_u_m,12.9152477028851,DOC,not outlier,0.42800945261915047,0.08031782320754428
MOBEAST096,T4,Algae,Table 2,2024-06-06T12:00:00Z,2024-06-06,12:00:00,2024-06-06,12:00:00,2024-06-06 12:00:00,1052.6315789473683,9.5,coble_a,0.00421341316759738,fDOM,not outlier,-0.004506058523405281,-8.455813525402503e-4
MOBEAST096,T4,Algae,Table 2,2024-06-06T12:00:00Z,2024-06-06,12:00:00,2024-06-06,12:00:00,2024-06-06 12:00:00,1052.6315789473683,9.5,coble_b,0.0737313066343621,fDOM,not outlier,0.0182590851089589,0.0034263962179774724
MOBEAST096,T4,Algae,Table 2,2024-06-06T12:00:00Z,2024-06-06,12:00:00,2024-06-06,12:00:00,2024-06-06 12:00:00,1052.6315789473683,9.5,coble_c,0.00344596254268437,fDOM,not outlier,-0.001049574272016185,-1.9695714734130877e-4
MOBEAST096,T4,Algae,Table 2,2024-06-06T12:00:00Z,2024-06-06,12:00:00,2024-06-06,12:00:00,2024-06-06 12:00:00,1052.6315789473683,9.5,coble_m,0.00514512875396259,fDOM,not outlier,-0.00543446149190108,-0.001019800181196252
MOBEAST096,T4,Algae,Table 2,2024-06-06T12:00:00Z,2024-06-06,12:00:00,2024-06-06,12:00:00,2024-06-06 12:00:00,1052.6315789473683,9.5,coble_t,0.0424012143014575,fDOM,not outlier,0.01466734995342555,0.002752391596198375
MOBEAST096,T4,Algae,Table 2,2024-06-06T12:00:00Z,2024-06-06,12:00:00,2024-06-06,12:00:00,2024-06-06 12:00:00,1052.6315789473683,9.5,m_to_c,1.4930889962473552,fDOM,not outlier,-0.871528346203587,-0.16354606002832744
MOBEAST096,T4,Algae,Table 2,2024-06-06T12:00:00Z,2024-06-06,12:00:00,2024-06-06,12:00:00,2024-06-06 12:00:00,1052.6315789473683,9.5,bix,0.606253030177745,fDOM,not outlier,0.172740087334736,0.032415423796147994
MOBEAST096,T4,Algae,Table 2,2024-06-06T12:00:00Z,2024-06-06,12:00:00,2024-06-06,12:00:00,2024-06-06 12:00:00,1052.6315789473683,9.5,hix,0.274332875281734,fDOM,not outlier,-0.26641596374536247,-0.04999410677690753
MOBEAST096,T4,Algae,Table 2,2024-06-06T12:00:00Z,2024-06-06,12:00:00,2024-06-06,12:00:00,2024-06-06 12:00:00,1052.6315789473683,9.5,fpeak,0.0511282543326679,fDOM,not outlier,0.0418638237717124,0.00785592742382751
MOBEAST096,T4,Algae,Table 2,2024-06-06T12:00:00Z,2024-06-06,12:00:00,2024-06-06,12:00:00,2024-06-06 12:00:00,1052.6315789473683,9.5,fi,1.6372954202026,fDOM,not outlier,-0.3655873468572899,-0.06860404533618279
MOBEAST096,T4,Algae,Table 2,2024-06-06T12:00:00Z,2024-06-06,12:00:00,2024-06-06,12:00:00,2024-06-06 12:00:00,1052.6315789473683,9.5,lignin,0,fDOM,not outlier,-0.014835285587339299,-0.0027839054435500905
MOBEAST096,T4,Algae,Table 2,2024-06-06T12:00:00Z,2024-06-06,12:00:00,2024-06-06,12:00:00,2024-06-06 12:00:00,1052.6315789473683,9.5,N_N,1.66,nutrients,not outlier,-0.050000000000000044,-0.009382716049382725
MOBEAST096,T4,Algae,Table 2,2024-06-06T12:00:00Z,2024-06-06,12:00:00,2024-06-06,12:00:00,2024-06-06 12:00:00,1052.6315789473683,9.5,NO2,0.01,nutrients,not outlier,-0.085,-0.01595061728395062
MOBEAST096,T4,Algae,Table 2,2024-06-06T12:00:00Z,2024-06-06,12:00:00,2024-06-06,12:00:00,2024-06-06 12:00:00,1052.6315789473683,9.5,PO4,0.07,nutrients,not outlier,-0.014999999999999986,-0.002814814814814812
MOBEAST096,T4,Algae,Table 2,2024-06-06T12:00:00Z,2024-06-06,12:00:00,2024-06-06,12:00:00,2024-06-06 12:00:00,1052.6315789473683,9.5,SiO2,0.01,nutrients,not outlier,0,0
MOBEAST096,T4,Algae,Table 2,2024-06-06T12:00:00Z,2024-06-06,12:00:00,2024-06-06,12:00:00,2024-06-06 12:00:00,1052.6315789473683,9.5,NH3,3.13,nutrients,not outlier,1.9049999999999998,0.3574814814814814
MOBEAST096,T4,Algae,Table 2,2024-06-06T12:00:00Z,2024-06-06,12:00:00,2024-06-06,12:00:00,2024-06-06 12:00:00,1052.6315789473683,9.5,NO3,1.65,nutrients,not outlier,0.03499999999999992,0.006567901234567886
MOBEAST097,T5,CCA,Table 2,2024-06-06T12:00:00Z,2024-06-06,12:00:00,2024-06-06,12:00:00,2024-06-06 12:00:00,4109.58904109589,2.433333333333333,het_bact,408.983,FCM,not outlier,-42.57600000000002,-2.0464513580246924
MOBEAST097,T5,CCA,Table 2,2024-06-06T12:00:00Z,2024-06-06,12:00:00,2024-06-06,12:00:00,2024-06-06 12:00:00,4109.58904109589,2.433333333333333,pico_euk,3.567,FCM,not outlier,-1.354,-0.06508115226337449
MOBEAST097,T5,CCA,Table 2,2024-06-06T12:00:00Z,2024-06-06,12:00:00,2024-06-06,12:00:00,2024-06-06 12:00:00,4109.58904109589,2.433333333333333,syn,47.383,FCM,not outlier,-10.152999999999999,-0.4880125102880658
MOBEAST097,T5,CCA,Table 2,2024-06-06T12:00:00Z,2024-06-06,12:00:00,2024-06-06,12:00:00,2024-06-06 12:00:00,4109.58904109589,2.433333333333333,pro,15.167,FCM,not outlier,-6.165999999999999,-0.29637399176954726
MOBEAST097,T5,CCA,Table 2,2024-06-06T12:00:00Z,2024-06-06,12:00:00,2024-06-06,12:00:00,2024-06-06 12:00:00,4109.58904109589,2.433333333333333,tot_bact,471.533,FCM,not outlier,-58.894499999999994,-2.830813827160494
MOBEAST097,T5,CCA,Table 2,2024-06-06T12:00:00Z,2024-06-06,12:00:00,2024-06-06,12:00:00,2024-06-06 12:00:00,4109.58904109589,2.433333333333333,cyano,62.55000000000001,FCM,not outlier,-16.319000000000017,-0.7843865020576141
MOBEAST097,T5,CCA,Table 2,2024-06-06T12:00:00Z,2024-06-06,12:00:00,2024-06-06,12:00:00,2024-06-06 12:00:00,4109.58904109589,2.433333333333333,chla_conc,0.19586466165413532,chla,not outlier,0.13280853217755131,0.006383554139233742
MOBEAST097,T5,CCA,Table 2,2024-06-06T12:00:00Z,2024-06-06,12:00:00,2024-06-06,12:00:00,2024-06-06 12:00:00,4109.58904109589,2.433333333333333,npoc_u_m,203.322870440524,DOC,not outlier,43.21146977278602,2.0769957487495505
MOBEAST097,T5,CCA,Table 2,2024-06-06T12:00:00Z,2024-06-06,12:00:00,2024-06-06,12:00:00,2024-06-06 12:00:00,4109.58904109589,2.433333333333333,tn_u_m,48.0341550829246,DOC,outlier,35.54691683265865,1.7085925457014532
MOBEAST097,T5,CCA,Table 2,2024-06-06T12:00:00Z,2024-06-06,12:00:00,2024-06-06,12:00:00,2024-06-06 12:00:00,4109.58904109589,2.433333333333333,coble_a,0.008097935330863,fDOM,not outlier,-6.215363601396601e-4,-2.9874669491486543e-5
MOBEAST097,T5,CCA,Table 2,2024-06-06T12:00:00Z,2024-06-06,12:00:00,2024-06-06,12:00:00,2024-06-06 12:00:00,4109.58904109589,2.433333333333333,coble_b,0.0597011869339683,fDOM,not outlier,0.0042289654085651,2.0326879000839658e-4
MOBEAST097,T5,CCA,Table 2,2024-06-06T12:00:00Z,2024-06-06,12:00:00,2024-06-06,12:00:00,2024-06-06 12:00:00,4109.58904109589,2.433333333333333,coble_c,0.00524331853984123,fDOM,not outlier,7.477817251406753e-4,3.59427594635518e-5
MOBEAST097,T5,CCA,Table 2,2024-06-06T12:00:00Z,2024-06-06,12:00:00,2024-06-06,12:00:00,2024-06-06 12:00:00,4109.58904109589,2.433333333333333,coble_m,0.0100420811997772,fDOM,not outlier,-5.3750904608647e-4,-2.583582575427971e-5
MOBEAST097,T5,CCA,Table 2,2024-06-06T12:00:00Z,2024-06-06,12:00:00,2024-06-06,12:00:00,2024-06-06 12:00:00,4109.58904109589,2.433333333333333,coble_t,0.0386800410642341,fDOM,not outlier,0.010946176716202155,5.261372182931736e-4
MOBEAST097,T5,CCA,Table 2,2024-06-06T12:00:00Z,2024-06-06,12:00:00,2024-06-06,12:00:00,2024-06-06 12:00:00,4109.58904109589,2.433333333333333,m_to_c,1.9152147868706977,fDOM,not outlier,-0.44940255558024456,-0.02160091295957719
MOBEAST097,T5,CCA,Table 2,2024-06-06T12:00:00Z,2024-06-06,12:00:00,2024-06-06,12:00:00,2024-06-06 12:00:00,4109.58904109589,2.433333333333333,bix,0.52741732225874,fDOM,not outlier,0.09390437941573104,0.004513593216361064
MOBEAST097,T5,CCA,Table 2,2024-06-06T12:00:00Z,2024-06-06,12:00:00,2024-06-06,12:00:00,2024-06-06 12:00:00,4109.58904109589,2.433333333333333,hix,0.474916573669826,fDOM,not outlier,-0.06583226535727049,-0.003164283371905018
MOBEAST097,T5,CCA,Table 2,2024-06-06T12:00:00Z,2024-06-06,12:00:00,2024-06-06,12:00:00,2024-06-06 12:00:00,4109.58904109589,2.433333333333333,fpeak,0.0177393439167607,fDOM,not outlier,0.0084749133558052,4.073538600650401e-4
MOBEAST097,T5,CCA,Table 2,2024-06-06T12:00:00Z,2024-06-06,12:00:00,2024-06-06,12:00:00,2024-06-06 12:00:00,4109.58904109589,2.433333333333333,fi,2.00966513830103,fDOM,not outlier,0.006782371241140339,3.2600039545892663e-4
MOBEAST097,T5,CCA,Table 2,2024-06-06T12:00:00Z,2024-06-06,12:00:00,2024-06-06,12:00:00,2024-06-06 12:00:00,4109.58904109589,2.433333333333333,lignin,0.0235053876326922,fDOM,not outlier,0.008670102045352901,4.1673576909350573e-4
MOBEAST097,T5,CCA,Table 2,2024-06-06T12:00:00Z,2024-06-06,12:00:00,2024-06-06,12:00:00,2024-06-06 12:00:00,4109.58904109589,2.433333333333333,N_N,1.8,nutrients,not outlier,0.09000000000000008,0.00432592592592593
MOBEAST097,T5,CCA,Table 2,2024-06-06T12:00:00Z,2024-06-06,12:00:00,2024-06-06,12:00:00,2024-06-06 12:00:00,4109.58904109589,2.433333333333333,NO2,0.08,nutrients,not outlier,-0.015,-7.209876543209877e-4
MOBEAST097,T5,CCA,Table 2,2024-06-06T12:00:00Z,2024-06-06,12:00:00,2024-06-06,12:00:00,2024-06-06 12:00:00,4109.58904109589,2.433333333333333,PO4,0.077,nutrients,not outlier,-0.007999999999999993,-3.845267489711931e-4
MOBEAST097,T5,CCA,Table 2,2024-06-06T12:00:00Z,2024-06-06,12:00:00,2024-06-06,12:00:00,2024-06-06 12:00:00,4109.58904109589,2.433333333333333,SiO2,0.01,nutrients,not outlier,0,0
MOBEAST097,T5,CCA,Table 2,2024-06-06T12:00:00Z,2024-06-06,12:00:00,2024-06-06,12:00:00,2024-06-06 12:00:00,4109.58904109589,2.433333333333333,NH3,1.37,nutrients,not outlier,0.14500000000000002,0.006969547325102882
MOBEAST097,T5,CCA,Table 2,2024-06-06T12:00:00Z,2024-06-06,12:00:00,2024-06-06,12:00:00,2024-06-06 12:00:00,4109.58904109589,2.433333333333333,NO3,1.72,nutrients,not outlier,0.10499999999999998,0.005046913580246913
MOBEAST098,T6,Coral,Table 2,2024-06-06T12:00:00Z,2024-06-06,12:00:00,2024-06-06,12:00:00,2024-06-06 12:00:00,8571.42857142857,1.1666666666666667,het_bact,394.767,FCM,not outlier,-56.79200000000003,-1.3087868312757207
MOBEAST098,T6,Coral,Table 2,2024-06-06T12:00:00Z,2024-06-06,12:00:00,2024-06-06,12:00:00,2024-06-06 12:00:00,8571.42857142857,1.1666666666666667,pico_euk,3.283,FCM,not outlier,-1.6380000000000003,-0.037748148148148156
MOBEAST098,T6,Coral,Table 2,2024-06-06T12:00:00Z,2024-06-06,12:00:00,2024-06-06,12:00:00,2024-06-06 12:00:00,8571.42857142857,1.1666666666666667,syn,41.517,FCM,not outlier,-16.019,-0.3691621399176955
MOBEAST098,T6,Coral,Table 2,2024-06-06T12:00:00Z,2024-06-06,12:00:00,2024-06-06,12:00:00,2024-06-06 12:00:00,8571.42857142857,1.1666666666666667,pro,14.167,FCM,not outlier,-7.165999999999999,-0.16514238683127566
MOBEAST098,T6,Coral,Table 2,2024-06-06T12:00:00Z,2024-06-06,12:00:00,2024-06-06,12:00:00,2024-06-06 12:00:00,8571.42857142857,1.1666666666666667,tot_bact,450.45,FCM,not outlier,-79.97750000000002,-1.8431028806584366
MOBEAST098,T6,Coral,Table 2,2024-06-06T12:00:00Z,2024-06-06,12:00:00,2024-06-06,12:00:00,2024-06-06 12:00:00,8571.42857142857,1.1666666666666667,cyano,55.684000000000026,FCM,not outlier,-23.185000000000002,-0.5343045267489712
MOBEAST098,T6,Coral,Table 2,2024-06-06T12:00:00Z,2024-06-06,12:00:00,2024-06-06,12:00:00,2024-06-06 12:00:00,8571.42857142857,1.1666666666666667,chla_conc,0.04474708171206226,chla,not outlier,-0.018309047764521753,-4.219369032153161e-4
MOBEAST098,T6,Coral,Table 2,2024-06-06T12:00:00Z,2024-06-06,12:00:00,2024-06-06,12:00:00,2024-06-06 12:00:00,8571.42857142857,1.1666666666666667,npoc_u_m,154.866077747342,DOC,not outlier,-5.245322920396006,-0.12087986977044295
MOBEAST098,T6,Coral,Table 2,2024-06-06T12:00:00Z,2024-06-06,12:00:00,2024-06-06,12:00:00,2024-06-06 12:00:00,8571.42857142857,1.1666666666666667,tn_u_m,11.7750790693026,DOC,not outlier,-0.712159180963349,-0.016411898820554542
MOBEAST098,T6,Coral,Table 2,2024-06-06T12:00:00Z,2024-06-06,12:00:00,2024-06-06,12:00:00,2024-06-06 12:00:00,8571.42857142857,1.1666666666666667,coble_a,0.00528839019338674,fDOM,not outlier,-0.0034310814976159206,-7.90701908915603e-5
MOBEAST098,T6,Coral,Table 2,2024-06-06T12:00:00Z,2024-06-06,12:00:00,2024-06-06,12:00:00,2024-06-06 12:00:00,8571.42857142857,1.1666666666666667,coble_b,0.064309255788342,fDOM,not outlier,0.008837034262938796,2.036518184051739e-4
MOBEAST098,T6,Coral,Table 2,2024-06-06T12:00:00Z,2024-06-06,12:00:00,2024-06-06,12:00:00,2024-06-06 12:00:00,8571.42857142857,1.1666666666666667,coble_c,0.00340851540433803,fDOM,not outlier,-0.0010870214103625249,-2.5050699168848308e-5
MOBEAST098,T6,Coral,Table 2,2024-06-06T12:00:00Z,2024-06-06,12:00:00,2024-06-06,12:00:00,2024-06-06 12:00:00,8571.42857142857,1.1666666666666667,coble_m,0.00658298006925141,fDOM,not outlier,-0.00399661017661226,-9.210295057213439e-5
MOBEAST098,T6,Coral,Table 2,2024-06-06T12:00:00Z,2024-06-06,12:00:00,2024-06-06,12:00:00,2024-06-06 12:00:00,8571.42857142857,1.1666666666666667,coble_t,0.0350139198722242,fDOM,not outlier,0.007280055524192253,1.6777082689496548e-4
MOBEAST098,T6,Coral,Table 2,2024-06-06T12:00:00Z,2024-06-06,12:00:00,2024-06-06,12:00:00,2024-06-06 12:00:00,8571.42857142857,1.1666666666666667,m_to_c,1.9313335245230892,fDOM,not outlier,-0.4332838179278531,-0.009985141483111016
MOBEAST098,T6,Coral,Table 2,2024-06-06T12:00:00Z,2024-06-06,12:00:00,2024-06-06,12:00:00,2024-06-06 12:00:00,8571.42857142857,1.1666666666666667,bix,0.625683475032872,fDOM,not outlier,0.19217053218986302,0.004428621317955691
MOBEAST098,T6,Coral,Table 2,2024-06-06T12:00:00Z,2024-06-06,12:00:00,2024-06-06,12:00:00,2024-06-06 12:00:00,8571.42857142857,1.1666666666666667,hix,0.359208084445629,fDOM,not outlier,-0.18154075458146746,-0.004183655249614064
MOBEAST098,T6,Coral,Table 2,2024-06-06T12:00:00Z,2024-06-06,12:00:00,2024-06-06,12:00:00,2024-06-06 12:00:00,8571.42857142857,1.1666666666666667,fpeak,0.0149266704188096,fDOM,not outlier,0.0056622398578541,1.304878321151562e-4
MOBEAST098,T6,Coral,Table 2,2024-06-06T12:00:00Z,2024-06-06,12:00:00,2024-06-06,12:00:00,2024-06-06 12:00:00,8571.42857142857,1.1666666666666667,fi,2.11407687383481,fDOM,not outlier,0.11119410677492025,0.002562497933907627
MOBEAST098,T6,Coral,Table 2,2024-06-06T12:00:00Z,2024-06-06,12:00:00,2024-06-06,12:00:00,2024-06-06 12:00:00,8571.42857142857,1.1666666666666667,lignin,0.0403548460041782,fDOM,not outlier,0.0255195604168389,5.88105096025917e-4
MOBEAST098,T6,Coral,Table 2,2024-06-06T12:00:00Z,2024-06-06,12:00:00,2024-06-06,12:00:00,2024-06-06 12:00:00,8571.42857142857,1.1666666666666667,N_N,1.52,nutrients,not outlier,-0.18999999999999995,-0.004378600823045266
MOBEAST098,T6,Coral,Table 2,2024-06-06T12:00:00Z,2024-06-06,12:00:00,2024-06-06,12:00:00,2024-06-06 12:00:00,8571.42857142857,1.1666666666666667,NO2,0.01,nutrients,not outlier,-0.085,-0.0019588477366255146
MOBEAST098,T6,Coral,Table 2,2024-06-06T12:00:00Z,2024-06-06,12:00:00,2024-06-06,12:00:00,2024-06-06 12:00:00,8571.42857142857,1.1666666666666667,PO4,0.11,nutrients,not outlier,0.02500000000000001,5.761316872427986e-4
MOBEAST098,T6,Coral,Table 2,2024-06-06T12:00:00Z,2024-06-06,12:00:00,2024-06-06,12:00:00,2024-06-06 12:00:00,8571.42857142857,1.1666666666666667,SiO2,0.01,nutrients,not outlier,0,0
MOBEAST098,T6,Coral,Table 2,2024-06-06T12:00:00Z,2024-06-06,12:00:00,2024-06-06,12:00:00,2024-06-06 12:00:00,8571.42857142857,1.1666666666666667,NH3,1.11,nutrients,not outlier,-0.11499999999999999,-0.002650205761316872
MOBEAST098,T6,Coral,Table 2,2024-06-06T12:00:00Z,2024-06-06,12:00:00,2024-06-06,12:00:00,2024-06-06 12:00:00,8571.42857142857,1.1666666666666667,NO3,1.51,nutrients,not outlier,-0.10499999999999998,-0.0024197530864197526
MOBEAST099,T7,Coral,Table 2,2024-06-06T12:00:00Z,2024-06-06,12:00:00,2024-06-06,12:00:00,2024-06-06 12:00:00,513.6986301369863,19.466666666666665,het_bact,463.661,FCM,not outlier,12.101999999999975,4.653542716049373
MOBEAST099,T7,Coral,Table 2,2024-06-06T12:00:00Z,2024-06-06,12:00:00,2024-06-06,12:00:00,2024-06-06 12:00:00,513.6986301369863,19.466666666666665,pico_euk,4.459,FCM,not outlier,-0.46200000000000063,-0.17765135802469162
MOBEAST099,T7,Coral,Table 2,2024-06-06T12:00:00Z,2024-06-06,12:00:00,2024-06-06,12:00:00,2024-06-06 12:00:00,513.6986301369863,19.466666666666665,syn,55.707,FCM,not outlier,-1.8290000000000006,-0.703299423868313
MOBEAST099,T7,Coral,Table 2,2024-06-06T12:00:00Z,2024-06-06,12:00:00,2024-06-06,12:00:00,2024-06-06 12:00:00,513.6986301369863,19.466666666666665,pro,19.085,FCM,not outlier,-2.2479999999999976,-0.864416131687242
MOBEAST099,T7,Coral,Table 2,2024-06-06T12:00:00Z,2024-06-06,12:00:00,2024-06-06,12:00:00,2024-06-06 12:00:00,513.6986301369863,19.466666666666665,tot_bact,538.453,FCM,not outlier,8.025499999999965,3.0860194238683
MOBEAST099,T7,Coral,Table 2,2024-06-06T12:00:00Z,2024-06-06,12:00:00,2024-06-06,12:00:00,2024-06-06 12:00:00,513.6986301369863,19.466666666666665,cyano,74.79199999999997,FCM,not outlier,-4.077000000000055,-1.5677155555555768
MOBEAST099,T7,Coral,Table 2,2024-06-06T12:00:00Z,2024-06-06,12:00:00,2024-06-06,12:00:00,2024-06-06 12:00:00,513.6986301369863,19.466666666666665,chla_conc,0.01176470588235294,chla,not outlier,-0.05129142359423107,-0.019722924364794038
MOBEAST099,T7,Coral,Table 2,2024-06-06T12:00:00Z,2024-06-06,12:00:00,2024-06-06,12:00:00,2024-06-06 12:00:00,513.6986301369863,19.466666666666665,npoc_u_m,160.277918855687,DOC,not outlier,0.1665181879490092,0.06403069745660667
MOBEAST099,T7,Coral,Table 2,2024-06-06T12:00:00Z,2024-06-06,12:00:00,2024-06-06,12:00:00,2024-06-06 12:00:00,513.6986301369863,19.466666666666665,tn_u_m,11.7872161180007,DOC,not outlier,-0.70002213226525,-0.2691772347278394
MOBEAST099,T7,Coral,Table 2,2024-06-06T12:00:00Z,2024-06-06,12:00:00,2024-06-06,12:00:00,2024-06-06 12:00:00,513.6986301369863,19.466666666666665,coble_a,0.00406180017743251,fDOM,not outlier,-0.004657671513570151,-0.001790999284888868
MOBEAST099,T7,Coral,Table 2,2024-06-06T12:00:00Z,2024-06-06,12:00:00,2024-06-06,12:00:00,2024-06-06 12:00:00,513.6986301369863,19.466666666666665,coble_b,0.0540506535597987,fDOM,not outlier,-0.0014215679656045047,-5.466309082554935e-4
MOBEAST099,T7,Coral,Table 2,2024-06-06T12:00:00Z,2024-06-06,12:00:00,2024-06-06,12:00:00,2024-06-06 12:00:00,513.6986301369863,19.466666666666665,coble_c,0.00225322432291852,fDOM,not outlier,-0.002242312491782035,-8.622291326424418e-4
MOBEAST099,T7,Coral,Table 2,2024-06-06T12:00:00Z,2024-06-06,12:00:00,2024-06-06,12:00:00,2024-06-06 12:00:00,513.6986301369863,19.466666666666665,coble_m,0.00511345968372608,fDOM,not outlier,-0.0054661305621375895,-0.0021018734145108495
MOBEAST099,T7,Coral,Table 2,2024-06-06T12:00:00Z,2024-06-06,12:00:00,2024-06-06,12:00:00,2024-06-06 12:00:00,513.6986301369863,19.466666666666665,coble_t,0.0249185775357751,fDOM,not outlier,-0.0028152868122568488,-0.0010825530853386008
MOBEAST099,T7,Coral,Table 2,2024-06-06T12:00:00Z,2024-06-06,12:00:00,2024-06-06,12:00:00,2024-06-06 12:00:00,513.6986301369863,19.466666666666665,m_to_c,2.269396629405634,fDOM,not outlier,-0.09522071304530844,-0.03661491122203136
MOBEAST099,T7,Coral,Table 2,2024-06-06T12:00:00Z,2024-06-06,12:00:00,2024-06-06,12:00:00,2024-06-06 12:00:00,513.6986301369863,19.466666666666665,bix,0.430912284105184,fDOM,not outlier,-0.0026006587378250012,-0.001000022849639375
MOBEAST099,T7,Coral,Table 2,2024-06-06T12:00:00Z,2024-06-06,12:00:00,2024-06-06,12:00:00,2024-06-06 12:00:00,513.6986301369863,19.466666666666665,hix,0.361729522640671,fDOM,not outlier,-0.1790193163864255,-0.0688377157331177
MOBEAST099,T7,Coral,Table 2,2024-06-06T12:00:00Z,2024-06-06,12:00:00,2024-06-06,12:00:00,2024-06-06 12:00:00,513.6986301369863,19.466666666666665,fpeak,0.00678824579036218,fDOM,not outlier,-0.0024761847705933194,-9.521592796882296e-4
MOBEAST099,T7,Coral,Table 2,2024-06-06T12:00:00Z,2024-06-06,12:00:00,2024-06-06,12:00:00,2024-06-06 12:00:00,513.6986301369863,19.466666666666665,fi,2.04536686346157,fDOM,not outlier,0.04248409640167994,0.016336271472316765
MOBEAST099,T7,Coral,Table 2,2024-06-06T12:00:00Z,2024-06-06,12:00:00,2024-06-06,12:00:00,2024-06-06 12:00:00,513.6986301369863,19.466666666666665,lignin,0.0459228251280841,fDOM,not outlier,0.0310875395407448,0.011953990513116027
MOBEAST099,T7,Coral,Table 2,2024-06-06T12:00:00Z,2024-06-06,12:00:00,2024-06-06,12:00:00,2024-06-06 12:00:00,513.6986301369863,19.466666666666665,N_N,1.55,nutrients,not outlier,-0.15999999999999992,-0.06152427983539092
MOBEAST099,T7,Coral,Table 2,2024-06-06T12:00:00Z,2024-06-06,12:00:00,2024-06-06,12:00:00,2024-06-06 12:00:00,513.6986301369863,19.466666666666665,NO2,0.08,nutrients,not outlier,-0.015,-0.005767901234567901
MOBEAST099,T7,Coral,Table 2,2024-06-06T12:00:00Z,2024-06-06,12:00:00,2024-06-06,12:00:00,2024-06-06 12:00:00,513.6986301369863,19.466666666666665,PO4,0.1,nutrients,not outlier,0.015000000000000013,0.0057679012345679065
MOBEAST099,T7,Coral,Table 2,2024-06-06T12:00:00Z,2024-06-06,12:00:00,2024-06-06,12:00:00,2024-06-06 12:00:00,513.6986301369863,19.466666666666665,SiO2,0.01,nutrients,not outlier,0,0
MOBEAST099,T7,Coral,Table 2,2024-06-06T12:00:00Z,2024-06-06,12:00:00,2024-06-06,12:00:00,2024-06-06 12:00:00,513.6986301369863,19.466666666666665,NH3,1.13,nutrients,not outlier,-0.0950000000000002,-0.03653004115226345
MOBEAST099,T7,Coral,Table 2,2024-06-06T12:00:00Z,2024-06-06,12:00:00,2024-06-06,12:00:00,2024-06-06 12:00:00,513.6986301369863,19.466666666666665,NO3,1.47,nutrients,not outlier,-0.14500000000000002,-0.05575637860082305
MOBEAST100,T8,Control,Table 2,2024-06-06T12:00:00Z,2024-06-06,12:00:00,2024-06-06,12:00:00,2024-06-06 12:00:00,1071.4285714285713,9.333333333333334,het_bact,438.819,FCM,not outlier,-12.740000000000009,-2.3487736625514417
MOBEAST100,T8,Control,Table 2,2024-06-06T12:00:00Z,2024-06-06,12:00:00,2024-06-06,12:00:00,2024-06-06 12:00:00,1071.4285714285713,9.333333333333334,pico_euk,4.825,FCM,not outlier,-0.09600000000000009,-0.017698765432098782
MOBEAST100,T8,Control,Table 2,2024-06-06T12:00:00Z,2024-06-06,12:00:00,2024-06-06,12:00:00,2024-06-06 12:00:00,1071.4285714285713,9.333333333333334,syn,56.889,FCM,not outlier,-0.6469999999999985,-0.11928230452674868
MOBEAST100,T8,Control,Table 2,2024-06-06T12:00:00Z,2024-06-06,12:00:00,2024-06-06,12:00:00,2024-06-06 12:00:00,1071.4285714285713,9.333333333333334,pro,17.804,FCM,not outlier,-3.529,-0.6506139917695473
MOBEAST100,T8,Control,Table 2,2024-06-06T12:00:00Z,2024-06-06,12:00:00,2024-06-06,12:00:00,2024-06-06 12:00:00,1071.4285714285713,9.333333333333334,tot_bact,513.511,FCM,not outlier,-16.916500000000042,-3.118762139917703
MOBEAST100,T8,Control,Table 2,2024-06-06T12:00:00Z,2024-06-06,12:00:00,2024-06-06,12:00:00,2024-06-06 12:00:00,1071.4285714285713,9.333333333333334,cyano,74.69300000000004,FCM,not outlier,-4.175999999999988,-0.769896296296294
MOBEAST100,T8,Control,Table 2,2024-06-06T12:00:00Z,2024-06-06,12:00:00,2024-06-06,12:00:00,2024-06-06 12:00:00,1071.4285714285713,9.333333333333334,chla_conc,0.15918367346938775,chla,not outlier,0.09612754399280374,0.01772227971554571
MOBEAST100,T8,Control,Table 2,2024-06-06T12:00:00Z,2024-06-06,12:00:00,2024-06-06,12:00:00,2024-06-06 12:00:00,1071.4285714285713,9.333333333333334,npoc_u_m,160.361177949662,DOC,not outlier,0.24977728192399695,0.04604947419833359
MOBEAST100,T8,Control,Table 2,2024-06-06T12:00:00Z,2024-06-06,12:00:00,2024-06-06,12:00:00,2024-06-06 12:00:00,1071.4285714285713,9.333333333333334,tn_u_m,16.2779241363062,DOC,not outlier,3.790685886040251,0.6988589617061861
MOBEAST100,T8,Control,Table 2,2024-06-06T12:00:00Z,2024-06-06,12:00:00,2024-06-06,12:00:00,2024-06-06 12:00:00,1071.4285714285713,9.333333333333334,coble_a,0.00534927625486722,fDOM,not outlier,-0.0033701954361354406,-6.213364425467808e-4
MOBEAST100,T8,Control,Table 2,2024-06-06T12:00:00Z,2024-06-06,12:00:00,2024-06-06,12:00:00,2024-06-06 12:00:00,1071.4285714285713,9.333333333333334,coble_b,0.0582730380914261,fDOM,not outlier,0.0028008165660229,5.163645356289132e-4
MOBEAST100,T8,Control,Table 2,2024-06-06T12:00:00Z,2024-06-06,12:00:00,2024-06-06,12:00:00,2024-06-06 12:00:00,1071.4285714285713,9.333333333333334,coble_c,0.00258278541101786,fDOM,not outlier,-0.0019127514036826948,-3.526389419135174e-4
MOBEAST100,T8,Control,Table 2,2024-06-06T12:00:00Z,2024-06-06,12:00:00,2024-06-06,12:00:00,2024-06-06 12:00:00,1071.4285714285713,9.333333333333334,coble_m,0.00756801204601999,fDOM,not outlier,-0.00301157819984368,-5.552210014526619e-4
MOBEAST100,T8,Control,Table 2,2024-06-06T12:00:00Z,2024-06-06,12:00:00,2024-06-06,12:00:00,2024-06-06 12:00:00,1071.4285714285713,9.333333333333334,coble_t,0.0293620100986255,fDOM,not outlier,0.0016281457505935536,3.0016843467733e-4
MOBEAST100,T8,Control,Table 2,2024-06-06T12:00:00Z,2024-06-06,12:00:00,2024-06-06,12:00:00,2024-06-06 12:00:00,1071.4285714285713,9.333333333333334,m_to_c,2.9301745370466072,fDOM,outlier,0.565557194595665,0.10426733464150531
MOBEAST100,T8,Control,Table 2,2024-06-06T12:00:00Z,2024-06-06,12:00:00,2024-06-06,12:00:00,2024-06-06 12:00:00,1071.4285714285713,9.333333333333334,bix,0.369139032194561,fDOM,outlier,-0.064373910648448,-0.011868111922018396
MOBEAST100,T8,Control,Table 2,2024-06-06T12:00:00Z,2024-06-06,12:00:00,2024-06-06,12:00:00,2024-06-06 12:00:00,1071.4285714285713,9.333333333333334,hix,0.373306490998181,fDOM,not outlier,-0.1674423480289155,-0.03087002959545438
MOBEAST100,T8,Control,Table 2,2024-06-06T12:00:00Z,2024-06-06,12:00:00,2024-06-06,12:00:00,2024-06-06 12:00:00,1071.4285714285713,9.333333333333334,fpeak,0.0239320718528889,fDOM,not outlier,0.014667641291933401,0.002704157736125993
MOBEAST100,T8,Control,Table 2,2024-06-06T12:00:00Z,2024-06-06,12:00:00,2024-06-06,12:00:00,2024-06-06 12:00:00,1071.4285714285713,9.333333333333334,fi,1.90676091303997,fDOM,not outlier,-0.0961218540199198,-0.01772123069996875
MOBEAST100,T8,Control,Table 2,2024-06-06T12:00:00Z,2024-06-06,12:00:00,2024-06-06,12:00:00,2024-06-06 12:00:00,1071.4285714285713,9.333333333333334,lignin,0,fDOM,not outlier,-0.014835285587339299,-0.0027350649971720187
MOBEAST100,T8,Control,Table 2,2024-06-06T12:00:00Z,2024-06-06,12:00:00,2024-06-06,12:00:00,2024-06-06 12:00:00,1071.4285714285713,9.333333333333334,N_N,1.6,nutrients,not outlier,-0.10999999999999988,-0.02027983539094648
MOBEAST100,T8,Control,Table 2,2024-06-06T12:00:00Z,2024-06-06,12:00:00,2024-06-06,12:00:00,2024-06-06 12:00:00,1071.4285714285713,9.333333333333334,NO2,0.1,nutrients,not outlier,0.0050000000000000044,9.218106995884782e-4
MOBEAST100,T8,Control,Table 2,2024-06-06T12:00:00Z,2024-06-06,12:00:00,2024-06-06,12:00:00,2024-06-06 12:00:00,1071.4285714285713,9.333333333333334,PO4,0.07,nutrients,not outlier,-0.014999999999999986,-0.0027654320987654294
MOBEAST100,T8,Control,Table 2,2024-06-06T12:00:00Z,2024-06-06,12:00:00,2024-06-06,12:00:00,2024-06-06 12:00:00,1071.4285714285713,9.333333333333334,SiO2,0.01,nutrients,not outlier,0,0
MOBEAST100,T8,Control,Table 2,2024-06-06T12:00:00Z,2024-06-06,12:00:00,2024-06-06,12:00:00,2024-06-06 12:00:00,1071.4285714285713,9.333333333333334,NH3,1.24,nutrients,not outlier,0.014999999999999902,0.0027654320987654138
MOBEAST100,T8,Control,Table 2,2024-06-06T12:00:00Z,2024-06-06,12:00:00,2024-06-06,12:00:00,2024-06-06 12:00:00,1071.4285714285713,9.333333333333334,NO3,1.5,nutrients,not outlier,-0.11499999999999999,-0.021201646090534976
MOBEAST101,T9,Coral,Table 1,2024-06-06T12:00:00Z,2024-06-06,12:00:00,2024-06-06,12:00:00,2024-06-06 12:00:00,920.2453987730062,10.866666666666667,het_bact,403.71,FCM,not outlier,-47.849000000000046,-10.270797695473261
MOBEAST101,T9,Coral,Table 1,2024-06-06T12:00:00Z,2024-06-06,12:00:00,2024-06-06,12:00:00,2024-06-06 12:00:00,920.2453987730062,10.866666666666667,pico_euk,4.775,FCM,not outlier,-0.1459999999999999,-0.03133893004115224
MOBEAST101,T9,Coral,Table 1,2024-06-06T12:00:00Z,2024-06-06,12:00:00,2024-06-06,12:00:00,2024-06-06 12:00:00,920.2453987730062,10.866666666666667,syn,57.637,FCM,not outlier,0.10099999999999909,0.02167967078189281
MOBEAST101,T9,Coral,Table 1,2024-06-06T12:00:00Z,2024-06-06,12:00:00,2024-06-06,12:00:00,2024-06-06 12:00:00,920.2453987730062,10.866666666666667,pro,16.839,FCM,not outlier,-4.494,-0.964638024691358
MOBEAST101,T9,Coral,Table 1,2024-06-06T12:00:00Z,2024-06-06,12:00:00,2024-06-06,12:00:00,2024-06-06 12:00:00,920.2453987730062,10.866666666666667,tot_bact,478.186,FCM,not outlier,-52.24150000000003,-11.21364872427984
MOBEAST101,T9,Coral,Table 1,2024-06-06T12:00:00Z,2024-06-06,12:00:00,2024-06-06,12:00:00,2024-06-06 12:00:00,920.2453987730062,10.866666666666667,cyano,74.476,FCM,not outlier,-4.393000000000029,-0.9429583539094712
MOBEAST101,T9,Coral,Table 1,2024-06-06T12:00:00Z,2024-06-06,12:00:00,2024-06-06,12:00:00,2024-06-06 12:00:00,920.2453987730062,10.866666666666667,chla_conc,0.13580246913580246,chla,not outlier,0.07274633965921845,0.015615016776233885
MOBEAST101,T9,Coral,Table 1,2024-06-06T12:00:00Z,2024-06-06,12:00:00,2024-06-06,12:00:00,2024-06-06 12:00:00,920.2453987730062,10.866666666666667,npoc_u_m,169.436419192886,DOC,not outlier,9.32501852514801,2.001617145151112
MOBEAST101,T9,Coral,Table 1,2024-06-06T12:00:00Z,2024-06-06,12:00:00,2024-06-06,12:00:00,2024-06-06 12:00:00,920.2453987730062,10.866666666666667,tn_u_m,13.7434227905217,DOC,not outlier,1.2561845402557505,0.26964027004008206
MOBEAST101,T9,Coral,Table 1,2024-06-06T12:00:00Z,2024-06-06,12:00:00,2024-06-06,12:00:00,2024-06-06 12:00:00,920.2453987730062,10.866666666666667,coble_a,0.00759347480081504,fDOM,not outlier,-0.0011259968901876204,-2.4169546416537565e-4
MOBEAST101,T9,Coral,Table 1,2024-06-06T12:00:00Z,2024-06-06,12:00:00,2024-06-06,12:00:00,2024-06-06 12:00:00,920.2453987730062,10.866666666666667,coble_b,0.0660083554046858,fDOM,not outlier,0.010536133879282601,0.002261583305116792
MOBEAST101,T9,Coral,Table 1,2024-06-06T12:00:00Z,2024-06-06,12:00:00,2024-06-06,12:00:00,2024-06-06 12:00:00,920.2453987730062,10.866666666666667,coble_c,0.0044131375715249,fDOM,not outlier,-8.239924317565532e-5,-1.7687014502231198e-5
MOBEAST101,T9,Coral,Table 1,2024-06-06T12:00:00Z,2024-06-06,12:00:00,2024-06-06,12:00:00,2024-06-06 12:00:00,920.2453987730062,10.866666666666667,coble_m,0.00982946233908806,fDOM,not outlier,-7.501279067756092e-4,-1.6101510953669043e-4
MOBEAST101,T9,Coral,Table 1,2024-06-06T12:00:00Z,2024-06-06,12:00:00,2024-06-06,12:00:00,2024-06-06 12:00:00,920.2453987730062,10.866666666666667,coble_t,0.0647131948660513,fDOM,not outlier,0.036979330518019354,0.0079376209046086
MOBEAST101,T9,Coral,Table 1,2024-06-06T12:00:00Z,2024-06-06,12:00:00,2024-06-06,12:00:00,2024-06-06 12:00:00,920.2453987730062,10.866666666666667,m_to_c,2.227318360186905,fDOM,not outlier,-0.13729898226403714,-0.029471254793794966
MOBEAST101,T9,Coral,Table 1,2024-06-06T12:00:00Z,2024-06-06,12:00:00,2024-06-06,12:00:00,2024-06-06 12:00:00,920.2453987730062,10.866666666666667,bix,0.845180035052323,fDOM,not outlier,0.41166709220931397,0.08836442604789224
MOBEAST101,T9,Coral,Table 1,2024-06-06T12:00:00Z,2024-06-06,12:00:00,2024-06-06,12:00:00,2024-06-06 12:00:00,920.2453987730062,10.866666666666667,hix,0.369180747253552,fDOM,not outlier,-0.17156809177354448,-0.03682712620126782
MOBEAST101,T9,Coral,Table 1,2024-06-06T12:00:00Z,2024-06-06,12:00:00,2024-06-06,12:00:00,2024-06-06 12:00:00,920.2453987730062,10.866666666666667,fpeak,0.0490550142702532,fDOM,not outlier,0.0397905837092977,0.008541056980563655
MOBEAST101,T9,Coral,Table 1,2024-06-06T12:00:00Z,2024-06-06,12:00:00,2024-06-06,12:00:00,2024-06-06 12:00:00,920.2453987730062,10.866666666666667,fi,2.18975236407075,fDOM,not outlier,0.18686959701086003,0.040111597448915466
MOBEAST101,T9,Coral,Table 1,2024-06-06T12:00:00Z,2024-06-06,12:00:00,2024-06-06,12:00:00,2024-06-06 12:00:00,920.2453987730062,10.866666666666667,lignin,0.0467155210438879,fDOM,not outlier,0.031880235456548604,0.006843099100467388
MOBEAST101,T9,Coral,Table 1,2024-06-06T12:00:00Z,2024-06-06,12:00:00,2024-06-06,12:00:00,2024-06-06 12:00:00,920.2453987730062,10.866666666666667,N_N,1.97,nutrients,not outlier,0.26,0.055809053497942386
MOBEAST101,T9,Coral,Table 1,2024-06-06T12:00:00Z,2024-06-06,12:00:00,2024-06-06,12:00:00,2024-06-06 12:00:00,920.2453987730062,10.866666666666667,NO2,0.09,nutrients,not outlier,-0.0050000000000000044,-0.0010732510288065853
MOBEAST101,T9,Coral,Table 1,2024-06-06T12:00:00Z,2024-06-06,12:00:00,2024-06-06,12:00:00,2024-06-06 12:00:00,920.2453987730062,10.866666666666667,PO4,0.12,nutrients,not outlier,0.035,0.0075127572016460906
MOBEAST101,T9,Coral,Table 1,2024-06-06T12:00:00Z,2024-06-06,12:00:00,2024-06-06,12:00:00,2024-06-06 12:00:00,920.2453987730062,10.866666666666667,SiO2,0.04,nutrients,not outlier,0.03,0.006439506172839506
MOBEAST101,T9,Coral,Table 1,2024-06-06T12:00:00Z,2024-06-06,12:00:00,2024-06-06,12:00:00,2024-06-06 12:00:00,920.2453987730062,10.866666666666667,NH3,1.35,nutrients,not outlier,0.125,0.026831275720164607
MOBEAST101,T9,Coral,Table 1,2024-06-06T12:00:00Z,2024-06-06,12:00:00,2024-06-06,12:00:00,2024-06-06 12:00:00,920.2453987730062,10.866666666666667,NO3,1.88,nutrients,not outlier,0.2649999999999999,0.056882304526748945
MOBEAST102,T10,CCA,Table 1,2024-06-06T12:00:00Z,2024-06-06,12:00:00,2024-06-06,12:00:00,2024-06-06 12:00:00,1219.5121951219512,8.2,het_bact,363.3,FCM,not outlier,-88.25900000000001,-14.2957787654321
MOBEAST102,T10,CCA,Table 1,2024-06-06T12:00:00Z,2024-06-06,12:00:00,2024-06-06,12:00:00,2024-06-06 12:00:00,1219.5121951219512,8.2,pico_euk,3.967,FCM,not outlier,-0.9540000000000002,-0.1545244444444445
MOBEAST102,T10,CCA,Table 1,2024-06-06T12:00:00Z,2024-06-06,12:00:00,2024-06-06,12:00:00,2024-06-06 12:00:00,1219.5121951219512,8.2,syn,44.75,FCM,not outlier,-12.786000000000001,-2.0710162962962966
MOBEAST102,T10,CCA,Table 1,2024-06-06T12:00:00Z,2024-06-06,12:00:00,2024-06-06,12:00:00,2024-06-06 12:00:00,1219.5121951219512,8.2,pro,16.167,FCM,not outlier,-5.165999999999997,-0.8367644444444439
MOBEAST102,T10,CCA,Table 1,2024-06-06T12:00:00Z,2024-06-06,12:00:00,2024-06-06,12:00:00,2024-06-06 12:00:00,1219.5121951219512,8.2,tot_bact,424.217,FCM,not outlier,-106.21050000000002,-17.203478518518523
MOBEAST102,T10,CCA,Table 1,2024-06-06T12:00:00Z,2024-06-06,12:00:00,2024-06-06,12:00:00,2024-06-06 12:00:00,1219.5121951219512,8.2,cyano,60.91699999999997,FCM,not outlier,-17.952000000000055,-2.9077807407407494
MOBEAST102,T10,CCA,Table 1,2024-06-06T12:00:00Z,2024-06-06,12:00:00,2024-06-06,12:00:00,2024-06-06 12:00:00,1219.5121951219512,8.2,chla_conc,0.03098039215686274,chla,not outlier,-0.03207573731972127,-0.005195477452280778
MOBEAST102,T10,CCA,Table 1,2024-06-06T12:00:00Z,2024-06-06,12:00:00,2024-06-06,12:00:00,2024-06-06 12:00:00,1219.5121951219512,8.2,npoc_u_m,147.872313853481,DOC,not outlier,-12.239086814257007,-1.982429864235209
MOBEAST102,T10,CCA,Table 1,2024-06-06T12:00:00Z,2024-06-06,12:00:00,2024-06-06,12:00:00,2024-06-06 12:00:00,1219.5121951219512,8.2,tn_u_m,11.2303397659691,DOC,not outlier,-1.2568984842968494,-0.2035865199256131
MOBEAST102,T10,CCA,Table 1,2024-06-06T12:00:00Z,2024-06-06,12:00:00,2024-06-06,12:00:00,2024-06-06 12:00:00,1219.5121951219512,8.2,coble_a,0.00704502932177113,fDOM,not outlier,-0.0016744423692315307,-2.7121831955947756e-4
MOBEAST102,T10,CCA,Table 1,2024-06-06T12:00:00Z,2024-06-06,12:00:00,2024-06-06,12:00:00,2024-06-06 12:00:00,1219.5121951219512,8.2,coble_b,0.071889508606652,fDOM,not outlier,0.016417287081248795,0.002659195142049187
MOBEAST102,T10,CCA,Table 1,2024-06-06T12:00:00Z,2024-06-06,12:00:00,2024-06-06,12:00:00,2024-06-06 12:00:00,1219.5121951219512,8.2,coble_c,0.00500023060513109,fDOM,not outlier,5.046937904305349e-4,8.174793247467429e-5
MOBEAST102,T10,CCA,Table 1,2024-06-06T12:00:00Z,2024-06-06,12:00:00,2024-06-06,12:00:00,2024-06-06 12:00:00,1219.5121951219512,8.2,coble_m,0.0090399657827307,fDOM,not outlier,-0.0015396244631329693,-2.4938114760869823e-4
MOBEAST102,T10,CCA,Table 1,2024-06-06T12:00:00Z,2024-06-06,12:00:00,2024-06-06,12:00:00,2024-06-06 12:00:00,1219.5121951219512,8.2,coble_t,0.044335403648757,fDOM,not outlier,0.016601539300725054,0.0026890394521668234
MOBEAST102,T10,CCA,Table 1,2024-06-06T12:00:00Z,2024-06-06,12:00:00,2024-06-06,12:00:00,2024-06-06 12:00:00,1219.5121951219512,8.2,m_to_c,1.8079097738920584,fDOM,not outlier,-0.5567075685588838,-0.09017288024064883
MOBEAST102,T10,CCA,Table 1,2024-06-06T12:00:00Z,2024-06-06,12:00:00,2024-06-06,12:00:00,2024-06-06 12:00:00,1219.5121951219512,8.2,bix,0.60304370691355,fDOM,not outlier,0.16953076407054102,0.027459797834635778
MOBEAST102,T10,CCA,Table 1,2024-06-06T12:00:00Z,2024-06-06,12:00:00,2024-06-06,12:00:00,2024-06-06 12:00:00,1219.5121951219512,8.2,hix,0.407996310276898,fDOM,not outlier,-0.1327525287501985,-0.0215026318173161
MOBEAST102,T10,CCA,Table 1,2024-06-06T12:00:00Z,2024-06-06,12:00:00,2024-06-06,12:00:00,2024-06-06 12:00:00,1219.5121951219512,8.2,fpeak,0.006805103256959,fDOM,not outlier,-0.0024593273039964997,-3.9835029911647004e-4
MOBEAST102,T10,CCA,Table 1,2024-06-06T12:00:00Z,2024-06-06,12:00:00,2024-06-06,12:00:00,2024-06-06 12:00:00,1219.5121951219512,8.2,fi,1.84370201128615,fDOM,not outlier,-0.1591807557737399,-0.025783352046314413
MOBEAST102,T10,CCA,Table 1,2024-06-06T12:00:00Z,2024-06-06,12:00:00,2024-06-06,12:00:00,2024-06-06 12:00:00,1219.5121951219512,8.2,lignin,0.0217349139257174,fDOM,not outlier,0.006899628338378101,0.0011175694296237122
MOBEAST102,T10,CCA,Table 1,2024-06-06T12:00:00Z,2024-06-06,12:00:00,2024-06-06,12:00:00,2024-06-06 12:00:00,1219.5121951219512,8.2,N_N,1.55,nutrients,not outlier,-0.15999999999999992,-0.025916049382716036
MOBEAST102,T10,CCA,Table 1,2024-06-06T12:00:00Z,2024-06-06,12:00:00,2024-06-06,12:00:00,2024-06-06 12:00:00,1219.5121951219512,8.2,NO2,0.08,nutrients,not outlier,-0.015,-0.0024296296296296292
MOBEAST102,T10,CCA,Table 1,2024-06-06T12:00:00Z,2024-06-06,12:00:00,2024-06-06,12:00:00,2024-06-06 12:00:00,1219.5121951219512,8.2,PO4,0.1,nutrients,not outlier,0.015000000000000013,0.002429629629629632
MOBEAST102,T10,CCA,Table 1,2024-06-06T12:00:00Z,2024-06-06,12:00:00,2024-06-06,12:00:00,2024-06-06 12:00:00,1219.5121951219512,8.2,SiO2,0.05,nutrients,not outlier,0.04,0.0064790123456790125
MOBEAST102,T10,CCA,Table 1,2024-06-06T12:00:00Z,2024-06-06,12:00:00,2024-06-06,12:00:00,2024-06-06 12:00:00,1219.5121951219512,8.2,NH3,1.31,nutrients,not outlier,0.08499999999999996,0.013767901234567895
MOBEAST102,T10,CCA,Table 1,2024-06-06T12:00:00Z,2024-06-06,12:00:00,2024-06-06,12:00:00,2024-06-06 12:00:00,1219.5121951219512,8.2,NO3,1.47,nutrients,not outlier,-0.14500000000000002,-0.02348641975308642
MOBEAST103,T11,Control,Table 1,2024-06-06T12:00:00Z,2024-06-06,12:00:00,2024-06-06,12:00:00,2024-06-06 12:00:00,2068.965517241379,4.833333333333333,het_bact,408.433,FCM,not outlier,-43.12600000000003,-4.117379423868316
MOBEAST103,T11,Control,Table 1,2024-06-06T12:00:00Z,2024-06-06,12:00:00,2024-06-06,12:00:00,2024-06-06 12:00:00,2068.965517241379,4.833333333333333,pico_euk,4.067,FCM,not outlier,-0.8540000000000001,-0.08153415637860083
MOBEAST103,T11,Control,Table 1,2024-06-06T12:00:00Z,2024-06-06,12:00:00,2024-06-06,12:00:00,2024-06-06 12:00:00,2068.965517241379,4.833333333333333,syn,58.45,FCM,not outlier,0.9140000000000015,0.08726255144032936
MOBEAST103,T11,Control,Table 1,2024-06-06T12:00:00Z,2024-06-06,12:00:00,2024-06-06,12:00:00,2024-06-06 12:00:00,2068.965517241379,4.833333333333333,pro,18.417,FCM,not outlier,-2.915999999999997,-0.2783999999999997
MOBEAST103,T11,Control,Table 1,2024-06-06T12:00:00Z,2024-06-06,12:00:00,2024-06-06,12:00:00,2024-06-06 12:00:00,2068.965517241379,4.833333333333333,tot_bact,485.3,FCM,not outlier,-45.1275,-4.308469135802469
MOBEAST103,T11,Control,Table 1,2024-06-06T12:00:00Z,2024-06-06,12:00:00,2024-06-06,12:00:00,2024-06-06 12:00:00,2068.965517241379,4.833333333333333,cyano,76.86700000000002,FCM,not outlier,-2.0020000000000095,-0.19113744855967169
MOBEAST103,T11,Control,Table 1,2024-06-06T12:00:00Z,2024-06-06,12:00:00,2024-06-06,12:00:00,2024-06-06 12:00:00,2068.965517241379,4.833333333333333,chla_conc,0.2620300751879699,chla,not outlier,0.19897394571138588,0.01899668946709528
MOBEAST103,T11,Control,Table 1,2024-06-06T12:00:00Z,2024-06-06,12:00:00,2024-06-06,12:00:00,2024-06-06 12:00:00,2068.965517241379,4.833333333333333,npoc_u_m,166.522350903777,DOC,not outlier,6.410950236039014,0.6120742612185396
MOBEAST103,T11,Control,Table 1,2024-06-06T12:00:00Z,2024-06-06,12:00:00,2024-06-06,12:00:00,2024-06-06 12:00:00,2068.965517241379,4.833333333333333,tn_u_m,17.0489837006575,DOC,not outlier,4.561745450391552,0.43552466851474897
MOBEAST103,T11,Control,Table 1,2024-06-06T12:00:00Z,2024-06-06,12:00:00,2024-06-06,12:00:00,2024-06-06 12:00:00,2068.965517241379,4.833333333333333,coble_a,0.00704243170323087,fDOM,not outlier,-0.0016770399877717905,-1.6011245973788287e-4
MOBEAST103,T11,Control,Table 1,2024-06-06T12:00:00Z,2024-06-06,12:00:00,2024-06-06,12:00:00,2024-06-06 12:00:00,2068.965517241379,4.833333333333333,coble_b,0.0819934822451584,fDOM,not outlier,0.026521260719755198,0.0025320709822976156
MOBEAST103,T11,Control,Table 1,2024-06-06T12:00:00Z,2024-06-06,12:00:00,2024-06-06,12:00:00,2024-06-06 12:00:00,2068.965517241379,4.833333333333333,coble_c,0.00415636965912416,fDOM,not outlier,-3.391671555763951e-4,-3.238139098507147e-5
MOBEAST103,T11,Control,Table 1,2024-06-06T12:00:00Z,2024-06-06,12:00:00,2024-06-06,12:00:00,2024-06-06 12:00:00,2068.965517241379,4.833333333333333,coble_m,0.0083644720712501,fDOM,not outlier,-0.0022151181746135687,-2.1148453354335306e-4
MOBEAST103,T11,Control,Table 1,2024-06-06T12:00:00Z,2024-06-06,12:00:00,2024-06-06,12:00:00,2024-06-06 12:00:00,2068.965517241379,4.833333333333333,coble_t,0.0386051264034918,fDOM,not outlier,0.010871262055459852,0.0010379147312208582
MOBEAST103,T11,Control,Table 1,2024-06-06T12:00:00Z,2024-06-06,12:00:00,2024-06-06,12:00:00,2024-06-06 12:00:00,2068.965517241379,4.833333333333333,m_to_c,2.012446619825601,fDOM,not outlier,-0.35217072262534144,-0.033622883806205435
MOBEAST103,T11,Control,Table 1,2024-06-06T12:00:00Z,2024-06-06,12:00:00,2024-06-06,12:00:00,2024-06-06 12:00:00,2068.965517241379,4.833333333333333,bix,0.538238295647808,fDOM,not outlier,0.104725352804799,0.009998469897412909
MOBEAST103,T11,Control,Table 1,2024-06-06T12:00:00Z,2024-06-06,12:00:00,2024-06-06,12:00:00,2024-06-06 12:00:00,2068.965517241379,4.833333333333333,hix,0.412346721885714,fDOM,not outlier,-0.1284021171413825,-0.01225896756246944
MOBEAST103,T11,Control,Table 1,2024-06-06T12:00:00Z,2024-06-06,12:00:00,2024-06-06,12:00:00,2024-06-06 12:00:00,2068.965517241379,4.833333333333333,fpeak,0.0222113344783363,fDOM,not outlier,0.0129469039173808,0.0012360830077499366
MOBEAST103,T11,Control,Table 1,2024-06-06T12:00:00Z,2024-06-06,12:00:00,2024-06-06,12:00:00,2024-06-06 12:00:00,2068.965517241379,4.833333333333333,fi,2.14826179698144,fDOM,not outlier,0.14537902992155027,0.013879808618024554
MOBEAST103,T11,Control,Table 1,2024-06-06T12:00:00Z,2024-06-06,12:00:00,2024-06-06,12:00:00,2024-06-06 12:00:00,2068.965517241379,4.833333333333333,lignin,0.0207694350138061,fDOM,not outlier,0.0059341494264668025,5.665525378355137e-4
MOBEAST103,T11,Control,Table 1,2024-06-06T12:00:00Z,2024-06-06,12:00:00,2024-06-06,12:00:00,2024-06-06 12:00:00,2068.965517241379,4.833333333333333,N_N,1.66,nutrients,not outlier,-0.050000000000000044,-0.004773662551440333
MOBEAST103,T11,Control,Table 1,2024-06-06T12:00:00Z,2024-06-06,12:00:00,2024-06-06,12:00:00,2024-06-06 12:00:00,2068.965517241379,4.833333333333333,NO2,0.09,nutrients,not outlier,-0.0050000000000000044,-4.7736625514403335e-4
MOBEAST103,T11,Control,Table 1,2024-06-06T12:00:00Z,2024-06-06,12:00:00,2024-06-06,12:00:00,2024-06-06 12:00:00,2068.965517241379,4.833333333333333,PO4,0.09,nutrients,not outlier,0.0050000000000000044,4.7736625514403335e-4
MOBEAST103,T11,Control,Table 1,2024-06-06T12:00:00Z,2024-06-06,12:00:00,2024-06-06,12:00:00,2024-06-06 12:00:00,2068.965517241379,4.833333333333333,SiO2,0.21,nutrients,not outlier,0.19999999999999998,0.019094650205761315
MOBEAST103,T11,Control,Table 1,2024-06-06T12:00:00Z,2024-06-06,12:00:00,2024-06-06,12:00:00,2024-06-06 12:00:00,2068.965517241379,4.833333333333333,NH3,1.33,nutrients,not outlier,0.10499999999999998,0.01002469135802469
MOBEAST103,T11,Control,Table 1,2024-06-06T12:00:00Z,2024-06-06,12:00:00,2024-06-06,12:00:00,2024-06-06 12:00:00,2068.965517241379,4.833333333333333,NO3,1.5699999999999998,nutrients,not outlier,-0.04500000000000015,-0.004296296296296311
MOBEAST104,T12,CCA,Table 1,2024-06-06T12:00:00Z,2024-06-06,12:00:00,2024-06-06,12:00:00,2024-06-06 12:00:00,5263.157894736842,1.9,het_bact,390.499,FCM,not outlier,-61.06,-2.291634567901235
MOBEAST104,T12,CCA,Table 1,2024-06-06T12:00:00Z,2024-06-06,12:00:00,2024-06-06,12:00:00,2024-06-06 12:00:00,5263.157894736842,1.9,pico_euk,3.461,FCM,not outlier,-1.4600000000000004,-0.054795061728395086
MOBEAST104,T12,CCA,Table 1,2024-06-06T12:00:00Z,2024-06-06,12:00:00,2024-06-06,12:00:00,2024-06-06 12:00:00,5263.157894736842,1.9,syn,43.544,FCM,not outlier,-13.992000000000004,-0.5251318518518521
MOBEAST104,T12,CCA,Table 1,2024-06-06T12:00:00Z,2024-06-06,12:00:00,2024-06-06,12:00:00,2024-06-06 12:00:00,5263.157894736842,1.9,pro,14.143,FCM,not outlier,-7.189999999999998,-0.26984691358024687
MOBEAST104,T12,CCA,Table 1,2024-06-06T12:00:00Z,2024-06-06,12:00:00,2024-06-06,12:00:00,2024-06-06 12:00:00,5263.157894736842,1.9,tot_bact,448.186,FCM,not outlier,-82.24150000000003,-3.086594567901236
MOBEAST104,T12,CCA,Table 1,2024-06-06T12:00:00Z,2024-06-06,12:00:00,2024-06-06,12:00:00,2024-06-06 12:00:00,5263.157894736842,1.9,cyano,57.68700000000001,FCM,not outlier,-21.182000000000016,-0.7949787654320994
MOBEAST104,T12,CCA,Table 1,2024-06-06T12:00:00Z,2024-06-06,12:00:00,2024-06-06,12:00:00,2024-06-06 12:00:00,5263.157894736842,1.9,chla_conc,0.2580882352941176,chla,not outlier,0.1950321058175336,0.007319723477596324
MOBEAST104,T12,CCA,Table 1,2024-06-06T12:00:00Z,2024-06-06,12:00:00,2024-06-06,12:00:00,2024-06-06 12:00:00,5263.157894736842,1.9,npoc_u_m,146.873204725786,DOC,not outlier,-13.238195941952,-0.49684093411770475
MOBEAST104,T12,CCA,Table 1,2024-06-06T12:00:00Z,2024-06-06,12:00:00,2024-06-06,12:00:00,2024-06-06 12:00:00,5263.157894736842,1.9,tn_u_m,11.6365739253357,DOC,not outlier,-0.8506643249302499,-0.031926167256641484
MOBEAST104,T12,CCA,Table 1,2024-06-06T12:00:00Z,2024-06-06,12:00:00,2024-06-06,12:00:00,2024-06-06 12:00:00,5263.157894736842,1.9,coble_a,0.00508308155359254,fDOM,not outlier,-0.0036363901374101212,-1.3647686441637988e-4
MOBEAST104,T12,CCA,Table 1,2024-06-06T12:00:00Z,2024-06-06,12:00:00,2024-06-06,12:00:00,2024-06-06 12:00:00,5263.157894736842,1.9,coble_b,0.0798918176857994,fDOM,not outlier,0.02441959616039619,9.164885472543756e-4
MOBEAST104,T12,CCA,Table 1,2024-06-06T12:00:00Z,2024-06-06,12:00:00,2024-06-06,12:00:00,2024-06-06 12:00:00,5263.157894736842,1.9,coble_c,0.00270972613667676,fDOM,not outlier,-0.0017858106780237947,-6.702301803941157e-5
MOBEAST104,T12,CCA,Table 1,2024-06-06T12:00:00Z,2024-06-06,12:00:00,2024-06-06,12:00:00,2024-06-06 12:00:00,5263.157894736842,1.9,coble_m,0.00851824417036638,fDOM,not outlier,-0.0020613460754972893,-7.736409962360198e-5
MOBEAST104,T12,CCA,Table 1,2024-06-06T12:00:00Z,2024-06-06,12:00:00,2024-06-06,12:00:00,2024-06-06 12:00:00,5263.157894736842,1.9,coble_t,0.0516627981267941,fDOM,not outlier,0.02392893377876215,8.980735640424315e-4
MOBEAST104,T12,CCA,Table 1,2024-06-06T12:00:00Z,2024-06-06,12:00:00,2024-06-06,12:00:00,2024-06-06 12:00:00,5263.157894736842,1.9,m_to_c,3.143581211056721,fDOM,outlier,0.7789638686057789,0.02923518716742677
MOBEAST104,T12,CCA,Table 1,2024-06-06T12:00:00Z,2024-06-06,12:00:00,2024-06-06,12:00:00,2024-06-06 12:00:00,5263.157894736842,1.9,bix,0.855286572132081,fDOM,not outlier,0.421773629289072,0.015829528802947888
MOBEAST104,T12,CCA,Table 1,2024-06-06T12:00:00Z,2024-06-06,12:00:00,2024-06-06,12:00:00,2024-06-06 12:00:00,5263.157894736842,1.9,hix,0.288207235518109,fDOM,not outlier,-0.25254160350898747,-0.009478104625522494
MOBEAST104,T12,CCA,Table 1,2024-06-06T12:00:00Z,2024-06-06,12:00:00,2024-06-06,12:00:00,2024-06-06 12:00:00,5263.157894736842,1.9,fpeak,0.0246779925878209,fDOM,not outlier,0.0154135620268654,5.78484303230504e-4
MOBEAST104,T12,CCA,Table 1,2024-06-06T12:00:00Z,2024-06-06,12:00:00,2024-06-06,12:00:00,2024-06-06 12:00:00,5263.157894736842,1.9,fi,2.80608309778562,fDOM,outlier,0.8032003307257303,0.03014480253587926
MOBEAST104,T12,CCA,Table 1,2024-06-06T12:00:00Z,2024-06-06,12:00:00,2024-06-06,12:00:00,2024-06-06 12:00:00,5263.157894736842,1.9,lignin,0,fDOM,not outlier,-0.014835285587339299,-5.567810887100182e-4
MOBEAST104,T12,CCA,Table 1,2024-06-06T12:00:00Z,2024-06-06,12:00:00,2024-06-06,12:00:00,2024-06-06 12:00:00,5263.157894736842,1.9,N_N,1.21,nutrients,not outlier,-0.5,-0.018765432098765435
MOBEAST104,T12,CCA,Table 1,2024-06-06T12:00:00Z,2024-06-06,12:00:00,2024-06-06,12:00:00,2024-06-06 12:00:00,5263.157894736842,1.9,NO2,0.01,nutrients,not outlier,-0.085,-0.003190123456790124
MOBEAST104,T12,CCA,Table 1,2024-06-06T12:00:00Z,2024-06-06,12:00:00,2024-06-06,12:00:00,2024-06-06 12:00:00,5263.157894736842,1.9,PO4,0.11,nutrients,not outlier,0.02500000000000001,9.382716049382722e-4
MOBEAST104,T12,CCA,Table 1,2024-06-06T12:00:00Z,2024-06-06,12:00:00,2024-06-06,12:00:00,2024-06-06 12:00:00,5263.157894736842,1.9,SiO2,0.01,nutrients,not outlier,0,0
MOBEAST104,T12,CCA,Table 1,2024-06-06T12:00:00Z,2024-06-06,12:00:00,2024-06-06,12:00:00,2024-06-06 12:00:00,5263.157894736842,1.9,NH3,1.4,nutrients,not outlier,0.17499999999999982,0.006567901234567896
MOBEAST104,T12,CCA,Table 1,2024-06-06T12:00:00Z,2024-06-06,12:00:00,2024-06-06,12:00:00,2024-06-06 12:00:00,5263.157894736842,1.9,NO3,1.2,nutrients,not outlier,-0.41500000000000004,-0.015575308641975311
MOBEAST105,T13,Algae,Table 1,2024-06-06T12:00:00Z,2024-06-06,12:00:00,2024-06-06,12:00:00,2024-06-06 12:00:00,469.4835680751174,21.3,het_bact,437.317,FCM,not outlier,-14.242000000000019,-5.992189629629637
MOBEAST105,T13,Algae,Table 1,2024-06-06T12:00:00Z,2024-06-06,12:00:00,2024-06-06,12:00:00,2024-06-06 12:00:00,469.4835680751174,21.3,pico_euk,4.65,FCM,not outlier,-0.2709999999999999,-0.11402074074074069
MOBEAST105,T13,Algae,Table 1,2024-06-06T12:00:00Z,2024-06-06,12:00:00,2024-06-06,12:00:00,2024-06-06 12:00:00,469.4835680751174,21.3,syn,57.467,FCM,not outlier,-0.06900000000000261,-0.029031111111112208
MOBEAST105,T13,Algae,Table 1,2024-06-06T12:00:00Z,2024-06-06,12:00:00,2024-06-06,12:00:00,2024-06-06 12:00:00,469.4835680751174,21.3,pro,18.183,FCM,not outlier,-3.1499999999999986,-1.3253333333333326
MOBEAST105,T13,Algae,Table 1,2024-06-06T12:00:00Z,2024-06-06,12:00:00,2024-06-06,12:00:00,2024-06-06 12:00:00,469.4835680751174,21.3,tot_bact,512.967,FCM,not outlier,-17.460500000000025,-7.346343703703713
MOBEAST105,T13,Algae,Table 1,2024-06-06T12:00:00Z,2024-06-06,12:00:00,2024-06-06,12:00:00,2024-06-06 12:00:00,469.4835680751174,21.3,cyano,75.64999999999998,FCM,not outlier,-3.219000000000051,-1.3543644444444658
MOBEAST105,T13,Algae,Table 1,2024-06-06T12:00:00Z,2024-06-06,12:00:00,2024-06-06,12:00:00,2024-06-06 12:00:00,469.4835680751174,21.3,chla_conc,0.13418181818181818,chla,not outlier,0.07112568870523417,0.02992547495153556
MOBEAST105,T13,Algae,Table 1,2024-06-06T12:00:00Z,2024-06-06,12:00:00,2024-06-06,12:00:00,2024-06-06 12:00:00,469.4835680751174,21.3,npoc_u_m,154.699559559393,DOC,not outlier,-5.411841108344987,-2.276982036696261
MOBEAST105,T13,Algae,Table 1,2024-06-06T12:00:00Z,2024-06-06,12:00:00,2024-06-06,12:00:00,2024-06-06 12:00:00,469.4835680751174,21.3,tn_u_m,12.6796461693332,DOC,not outlier,0.19240791906725008,0.08095385039273928
MOBEAST105,T13,Algae,Table 1,2024-06-06T12:00:00Z,2024-06-06,12:00:00,2024-06-06,12:00:00,2024-06-06 12:00:00,469.4835680751174,21.3,coble_a,0.00642618458306327,fDOM,not outlier,-0.0022932871079393907,-9.648793165256103e-4
MOBEAST105,T13,Algae,Table 1,2024-06-06T12:00:00Z,2024-06-06,12:00:00,2024-06-06,12:00:00,2024-06-06 12:00:00,469.4835680751174,21.3,coble_b,0.0779420204732931,fDOM,not outlier,0.022469798947889898,0.009453959853630711
MOBEAST105,T13,Algae,Table 1,2024-06-06T12:00:00Z,2024-06-06,12:00:00,2024-06-06,12:00:00,2024-06-06 12:00:00,469.4835680751174,21.3,coble_c,0.00312354574496327,fDOM,not outlier,-0.0013719910697372849,-5.772525389709464e-4
MOBEAST105,T13,Algae,Table 1,2024-06-06T12:00:00Z,2024-06-06,12:00:00,2024-06-06,12:00:00,2024-06-06 12:00:00,469.4835680751174,21.3,coble_m,0.00794712339222274,fDOM,not outlier,-0.0026324668536409288,-0.0011075860539763315
MOBEAST105,T13,Algae,Table 1,2024-06-06T12:00:00Z,2024-06-06,12:00:00,2024-06-06,12:00:00,2024-06-06 12:00:00,469.4835680751174,21.3,coble_t,0.0520907760299137,fDOM,not outlier,0.024356911681881754,0.01024794506319173
MOBEAST105,T13,Algae,Table 1,2024-06-06T12:00:00Z,2024-06-06,12:00:00,2024-06-06,12:00:00,2024-06-06 12:00:00,469.4835680751174,21.3,m_to_c,2.54426348806881,fDOM,outlier,0.17964614561786796,0.07558445237848073
MOBEAST105,T13,Algae,Table 1,2024-06-06T12:00:00Z,2024-06-06,12:00:00,2024-06-06,12:00:00,2024-06-06 12:00:00,469.4835680751174,21.3,bix,0.866552928025156,fDOM,not outlier,0.43303998518214704,0.1821975641358959
MOBEAST105,T13,Algae,Table 1,2024-06-06T12:00:00Z,2024-06-06,12:00:00,2024-06-06,12:00:00,2024-06-06 12:00:00,469.4835680751174,21.3,hix,0.328343428867047,fDOM,not outlier,-0.2124054101600495,-0.08936760960808007
MOBEAST105,T13,Algae,Table 1,2024-06-06T12:00:00Z,2024-06-06,12:00:00,2024-06-06,12:00:00,2024-06-06 12:00:00,469.4835680751174,21.3,fpeak,0,fDOM,not outlier,-0.0092644305609555,-0.003897923376757573
MOBEAST105,T13,Algae,Table 1,2024-06-06T12:00:00Z,2024-06-06,12:00:00,2024-06-06,12:00:00,2024-06-06 12:00:00,469.4835680751174,21.3,fi,2.11431450358468,fDOM,not outlier,0.1114317365247901,0.04688387136746724
MOBEAST105,T13,Algae,Table 1,2024-06-06T12:00:00Z,2024-06-06,12:00:00,2024-06-06,12:00:00,2024-06-06 12:00:00,469.4835680751174,21.3,lignin,0.0509081098945745,fDOM,not outlier,0.0360728243072352,0.015177306819636733
MOBEAST105,T13,Algae,Table 1,2024-06-06T12:00:00Z,2024-06-06,12:00:00,2024-06-06,12:00:00,2024-06-06 12:00:00,469.4835680751174,21.3,N_N,1.49,nutrients,not outlier,-0.21999999999999997,-0.09256296296296294
MOBEAST105,T13,Algae,Table 1,2024-06-06T12:00:00Z,2024-06-06,12:00:00,2024-06-06,12:00:00,2024-06-06 12:00:00,469.4835680751174,21.3,NO2,0.09,nutrients,not outlier,-0.0050000000000000044,-0.0021037037037037053
MOBEAST105,T13,Algae,Table 1,2024-06-06T12:00:00Z,2024-06-06,12:00:00,2024-06-06,12:00:00,2024-06-06 12:00:00,469.4835680751174,21.3,PO4,0.1,nutrients,not outlier,0.015000000000000013,0.006311111111111116
MOBEAST105,T13,Algae,Table 1,2024-06-06T12:00:00Z,2024-06-06,12:00:00,2024-06-06,12:00:00,2024-06-06 12:00:00,469.4835680751174,21.3,SiO2,0.12,nutrients,not outlier,0.11,0.04628148148148148
MOBEAST105,T13,Algae,Table 1,2024-06-06T12:00:00Z,2024-06-06,12:00:00,2024-06-06,12:00:00,2024-06-06 12:00:00,469.4835680751174,21.3,NH3,1.36,nutrients,not outlier,0.135,0.056799999999999996
MOBEAST105,T13,Algae,Table 1,2024-06-06T12:00:00Z,2024-06-06,12:00:00,2024-06-06,12:00:00,2024-06-06 12:00:00,469.4835680751174,21.3,NO3,1.4,nutrients,not outlier,-0.21500000000000008,-0.09045925925925928
MOBEAST106,T14,Algae,Table 1,2024-06-06T12:00:00Z,2024-06-06,12:00:00,2024-06-06,12:00:00,2024-06-06 12:00:00,375.4693366708386,26.633333333333333,het_bact,432.283,FCM,not outlier,-19.27600000000001,-10.14092115226338
MOBEAST106,T14,Algae,Table 1,2024-06-06T12:00:00Z,2024-06-06,12:00:00,2024-06-06,12:00:00,2024-06-06 12:00:00,375.4693366708386,26.633333333333333,pico_euk,5.25,FCM,outlier,0.32899999999999974,0.1730837860082303
MOBEAST106,T14,Algae,Table 1,2024-06-06T12:00:00Z,2024-06-06,12:00:00,2024-06-06,12:00:00,2024-06-06 12:00:00,375.4693366708386,26.633333333333333,syn,58.3,FCM,not outlier,0.7639999999999958,0.4019331687242776
MOBEAST106,T14,Algae,Table 1,2024-06-06T12:00:00Z,2024-06-06,12:00:00,2024-06-06,12:00:00,2024-06-06 12:00:00,375.4693366708386,26.633333333333333,pro,19.75,FCM,not outlier,-1.5829999999999984,-0.8328013168724271
MOBEAST106,T14,Algae,Table 1,2024-06-06T12:00:00Z,2024-06-06,12:00:00,2024-06-06,12:00:00,2024-06-06 12:00:00,375.4693366708386,26.633333333333333,tot_bact,510.333,FCM,not outlier,-20.094499999999982,-10.571526255144022
MOBEAST106,T14,Algae,Table 1,2024-06-06T12:00:00Z,2024-06-06,12:00:00,2024-06-06,12:00:00,2024-06-06 12:00:00,375.4693366708386,26.633333333333333,cyano,78.05000000000001,FCM,not outlier,-0.8190000000000168,-0.43086814814815694
MOBEAST106,T14,Algae,Table 1,2024-06-06T12:00:00Z,2024-06-06,12:00:00,2024-06-06,12:00:00,2024-06-06 12:00:00,375.4693366708386,26.633333333333333,chla_conc,0.17640449438202246,chla,not outlier,0.11334836490543845,0.05963150193214506
MOBEAST106,T14,Algae,Table 1,2024-06-06T12:00:00Z,2024-06-06,12:00:00,2024-06-06,12:00:00,2024-06-06 12:00:00,375.4693366708386,26.633333333333333,npoc_u_m,174.26544664341,DOC,not outlier,14.154045975672005,7.446309619464646
MOBEAST106,T14,Algae,Table 1,2024-06-06T12:00:00Z,2024-06-06,12:00:00,2024-06-06,12:00:00,2024-06-06 12:00:00,375.4693366708386,26.633333333333333,tn_u_m,30.5068288747528,DOC,not outlier,18.01959062448685,9.479936071746497
MOBEAST106,T14,Algae,Table 1,2024-06-06T12:00:00Z,2024-06-06,12:00:00,2024-06-06,12:00:00,2024-06-06 12:00:00,375.4693366708386,26.633333333333333,coble_a,0.0120908544037702,fDOM,not outlier,0.0033713827127675386,0.0017736525349802555
MOBEAST106,T14,Algae,Table 1,2024-06-06T12:00:00Z,2024-06-06,12:00:00,2024-06-06,12:00:00,2024-06-06 12:00:00,375.4693366708386,26.633333333333333,coble_b,0.119928681097413,fDOM,not outlier,0.0644564595720098,0.03390993329911823
MOBEAST106,T14,Algae,Table 1,2024-06-06T12:00:00Z,2024-06-06,12:00:00,2024-06-06,12:00:00,2024-06-06 12:00:00,375.4693366708386,26.633333333333333,coble_c,0.0105787692254422,fDOM,not outlier,0.006083232410741645,0.0032003309933712415
MOBEAST106,T14,Algae,Table 1,2024-06-06T12:00:00Z,2024-06-06,12:00:00,2024-06-06,12:00:00,2024-06-06 12:00:00,375.4693366708386,26.633333333333333,coble_m,0.0155259416171648,fDOM,not outlier,0.00494635137130113,0.0026022286391240183
MOBEAST106,T14,Algae,Table 1,2024-06-06T12:00:00Z,2024-06-06,12:00:00,2024-06-06,12:00:00,2024-06-06 12:00:00,375.4693366708386,26.633333333333333,coble_t,0.0785676953623401,fDOM,not outlier,0.05083383101430815,0.026743197353371002
MOBEAST106,T14,Algae,Table 1,2024-06-06T12:00:00Z,2024-06-06,12:00:00,2024-06-06,12:00:00,2024-06-06 12:00:00,375.4693366708386,26.633333333333333,m_to_c,1.467651036362957,fDOM,not outlier,-0.8969663060879853,-0.4718854838283458
MOBEAST106,T14,Algae,Table 1,2024-06-06T12:00:00Z,2024-06-06,12:00:00,2024-06-06,12:00:00,2024-06-06 12:00:00,375.4693366708386,26.633333333333333,bix,0.811815369863044,fDOM,not outlier,0.378302427020035,0.19902132621498467
MOBEAST106,T14,Algae,Table 1,2024-06-06T12:00:00Z,2024-06-06,12:00:00,2024-06-06,12:00:00,2024-06-06 12:00:00,375.4693366708386,26.633333333333333,hix,0.452586538322437,fDOM,not outlier,-0.08816230070465947,-0.04638135194273113
MOBEAST106,T14,Algae,Table 1,2024-06-06T12:00:00Z,2024-06-06,12:00:00,2024-06-06,12:00:00,2024-06-06 12:00:00,375.4693366708386,26.633333333333333,fpeak,0.0278281338164231,fDOM,not outlier,0.0185637032554676,0.009766188576868222
MOBEAST106,T14,Algae,Table 1,2024-06-06T12:00:00Z,2024-06-06,12:00:00,2024-06-06,12:00:00,2024-06-06 12:00:00,375.4693366708386,26.633333333333333,fi,2.50615357627036,fDOM,outlier,0.5032708092104703,0.26476600925706384
MOBEAST106,T14,Algae,Table 1,2024-06-06T12:00:00Z,2024-06-06,12:00:00,2024-06-06,12:00:00,2024-06-06 12:00:00,375.4693366708386,26.633333333333333,lignin,0.0507926426235933,fDOM,not outlier,0.035957357036254,0.018916825199649018
MOBEAST106,T14,Algae,Table 1,2024-06-06T12:00:00Z,2024-06-06,12:00:00,2024-06-06,12:00:00,2024-06-06 12:00:00,375.4693366708386,26.633333333333333,N_N,1.05,nutrients,not outlier,-0.6599999999999999,-0.3472197530864197
MOBEAST106,T14,Algae,Table 1,2024-06-06T12:00:00Z,2024-06-06,12:00:00,2024-06-06,12:00:00,2024-06-06 12:00:00,375.4693366708386,26.633333333333333,NO2,0.01,nutrients,not outlier,-0.085,-0.04471769547325103
MOBEAST106,T14,Algae,Table 1,2024-06-06T12:00:00Z,2024-06-06,12:00:00,2024-06-06,12:00:00,2024-06-06 12:00:00,375.4693366708386,26.633333333333333,PO4,0.1,nutrients,not outlier,0.015000000000000013,0.007891358024691365
MOBEAST106,T14,Algae,Table 1,2024-06-06T12:00:00Z,2024-06-06,12:00:00,2024-06-06,12:00:00,2024-06-06 12:00:00,375.4693366708386,26.633333333333333,SiO2,0.01,nutrients,not outlier,0,0
MOBEAST106,T14,Algae,Table 1,2024-06-06T12:00:00Z,2024-06-06,12:00:00,2024-06-06,12:00:00,2024-06-06 12:00:00,375.4693366708386,26.633333333333333,NH3,2.81,nutrients,not outlier,1.585,0.8338534979423867
MOBEAST106,T14,Algae,Table 1,2024-06-06T12:00:00Z,2024-06-06,12:00:00,2024-06-06,12:00:00,2024-06-06 12:00:00,375.4693366708386,26.633333333333333,NO3,1.04,nutrients,not outlier,-0.575,-0.3025020576131687
MOBEAST107,T15,Control,Table 1,2024-06-06T12:00:00Z,2024-06-06,12:00:00,2024-06-06,12:00:00,2024-06-06 12:00:00,937.5000000000001,10.666666666666666,het_bact,422.1,FCM,not outlier,-29.459000000000003,-6.206999176954732
MOBEAST107,T15,Control,Table 1,2024-06-06T12:00:00Z,2024-06-06,12:00:00,2024-06-06,12:00:00,2024-06-06 12:00:00,937.5000000000001,10.666666666666666,pico_euk,4.367,FCM,not outlier,-0.5540000000000003,-0.11672757201646095
MOBEAST107,T15,Control,Table 1,2024-06-06T12:00:00Z,2024-06-06,12:00:00,2024-06-06,12:00:00,2024-06-06 12:00:00,937.5000000000001,10.666666666666666,syn,57.017,FCM,not outlier,-0.5189999999999984,-0.10935308641975272
MOBEAST107,T15,Control,Table 1,2024-06-06T12:00:00Z,2024-06-06,12:00:00,2024-06-06,12:00:00,2024-06-06 12:00:00,937.5000000000001,10.666666666666666,pro,18.283,FCM,not outlier,-3.049999999999997,-0.6426337448559664
MOBEAST107,T15,Control,Table 1,2024-06-06T12:00:00Z,2024-06-06,12:00:00,2024-06-06,12:00:00,2024-06-06 12:00:00,937.5000000000001,10.666666666666666,tot_bact,497.4,FCM,not outlier,-33.02750000000003,-6.95888065843622
MOBEAST107,T15,Control,Table 1,2024-06-06T12:00:00Z,2024-06-06,12:00:00,2024-06-06,12:00:00,2024-06-06 12:00:00,937.5000000000001,10.666666666666666,cyano,75.30000000000001,FCM,not outlier,-3.569000000000017,-0.7519868312757236
MOBEAST107,T15,Control,Table 1,2024-06-06T12:00:00Z,2024-06-06,12:00:00,2024-06-06,12:00:00,2024-06-06 12:00:00,937.5000000000001,10.666666666666666,chla_conc,0.11054545454545454,chla,not outlier,0.04748932506887053,0.010005981249078894
MOBEAST107,T15,Control,Table 1,2024-06-06T12:00:00Z,2024-06-06,12:00:00,2024-06-06,12:00:00,2024-06-06 12:00:00,937.5000000000001,10.666666666666666,npoc_u_m,155.115855029266,DOC,not outlier,-4.995545638472009,-1.0525594102459541
MOBEAST107,T15,Control,Table 1,2024-06-06T12:00:00Z,2024-06-06,12:00:00,2024-06-06,12:00:00,2024-06-06 12:00:00,937.5000000000001,10.666666666666666,tn_u_m,11.7379539791671,DOC,not outlier,-0.7492842710988494,-0.1578738875730909
MOBEAST107,T15,Control,Table 1,2024-06-06T12:00:00Z,2024-06-06,12:00:00,2024-06-06,12:00:00,2024-06-06 12:00:00,937.5000000000001,10.666666666666666,coble_a,0.0150963552893155,fDOM,not outlier,0.006376883598312838,0.0013436067499325813
MOBEAST107,T15,Control,Table 1,2024-06-06T12:00:00Z,2024-06-06,12:00:00,2024-06-06,12:00:00,2024-06-06 12:00:00,937.5000000000001,10.666666666666666,coble_b,0.11577128340432,fDOM,not outlier,0.060299061878916795,0.01270498752345901
MOBEAST107,T15,Control,Table 1,2024-06-06T12:00:00Z,2024-06-06,12:00:00,2024-06-06,12:00:00,2024-06-06 12:00:00,937.5000000000001,10.666666666666666,coble_c,0.0100858119236875,fDOM,not outlier,0.005590275108986945,0.0011778686649388129
MOBEAST107,T15,Control,Table 1,2024-06-06T12:00:00Z,2024-06-06,12:00:00,2024-06-06,12:00:00,2024-06-06 12:00:00,937.5000000000001,10.666666666666666,coble_m,0.0187135371183256,fDOM,not outlier,0.008133946872461932,0.0017138192587244892
MOBEAST107,T15,Control,Table 1,2024-06-06T12:00:00Z,2024-06-06,12:00:00,2024-06-06,12:00:00,2024-06-06 12:00:00,937.5000000000001,10.666666666666666,coble_t,0.0805361655768748,fDOM,not outlier,0.05280230122884286,0.01112542313957512
MOBEAST107,T15,Control,Table 1,2024-06-06T12:00:00Z,2024-06-06,12:00:00,2024-06-06,12:00:00,2024-06-06 12:00:00,937.5000000000001,10.666666666666666,m_to_c,1.8554318938245375,fDOM,not outlier,-0.5091854486264047,-0.10728516448424658
MOBEAST107,T15,Control,Table 1,2024-06-06T12:00:00Z,2024-06-06,12:00:00,2024-06-06,12:00:00,2024-06-06 12:00:00,937.5000000000001,10.666666666666666,bix,0.602808824042421,fDOM,not outlier,0.16929588119941197,0.03567057249962918
MOBEAST107,T15,Control,Table 1,2024-06-06T12:00:00Z,2024-06-06,12:00:00,2024-06-06,12:00:00,2024-06-06 12:00:00,937.5000000000001,10.666666666666666,hix,0.499035856753849,fDOM,not outlier,-0.04171298227324749,-0.008788908199136919
MOBEAST107,T15,Control,Table 1,2024-06-06T12:00:00Z,2024-06-06,12:00:00,2024-06-06,12:00:00,2024-06-06 12:00:00,937.5000000000001,10.666666666666666,fpeak,0.0243112137436309,fDOM,not outlier,0.015046783182675402,0.003170351024497862
MOBEAST107,T15,Control,Table 1,2024-06-06T12:00:00Z,2024-06-06,12:00:00,2024-06-06,12:00:00,2024-06-06 12:00:00,937.5000000000001,10.666666666666666,fi,2.2497588419956,fDOM,not outlier,0.24687607493570995,0.05201668739386151
MOBEAST107,T15,Control,Table 1,2024-06-06T12:00:00Z,2024-06-06,12:00:00,2024-06-06,12:00:00,2024-06-06 12:00:00,937.5000000000001,10.666666666666666,lignin,0.0160536508265728,fDOM,not outlier,0.0012183652392335,2.567090545216263e-4
MOBEAST107,T15,Control,Table 1,2024-06-06T12:00:00Z,2024-06-06,12:00:00,2024-06-06,12:00:00,2024-06-06 12:00:00,937.5000000000001,10.666666666666666,N_N,1.36,nutrients,not outlier,-0.34999999999999987,-0.07374485596707815
MOBEAST107,T15,Control,Table 1,2024-06-06T12:00:00Z,2024-06-06,12:00:00,2024-06-06,12:00:00,2024-06-06 12:00:00,937.5000000000001,10.666666666666666,NO2,0.07,nutrients,not outlier,-0.024999999999999994,-0.005267489711934154
MOBEAST107,T15,Control,Table 1,2024-06-06T12:00:00Z,2024-06-06,12:00:00,2024-06-06,12:00:00,2024-06-06 12:00:00,937.5000000000001,10.666666666666666,PO4,0.13,nutrients,not outlier,0.04500000000000001,0.009481481481481483
MOBEAST107,T15,Control,Table 1,2024-06-06T12:00:00Z,2024-06-06,12:00:00,2024-06-06,12:00:00,2024-06-06 12:00:00,937.5000000000001,10.666666666666666,SiO2,0.01,nutrients,not outlier,0,0
MOBEAST107,T15,Control,Table 1,2024-06-06T12:00:00Z,2024-06-06,12:00:00,2024-06-06,12:00:00,2024-06-06 12:00:00,937.5000000000001,10.666666666666666,NH3,1.75,nutrients,not outlier,0.5249999999999999,0.11061728395061725
MOBEAST107,T15,Control,Table 1,2024-06-06T12:00:00Z,2024-06-06,12:00:00,2024-06-06,12:00:00,2024-06-06 12:00:00,937.5000000000001,10.666666666666666,NO3,1.29,nutrients,not outlier,-0.32499999999999996,-0.06847736625514401
MOBEAST108,T16,Coral,Table 1,2024-06-06T12:00:00Z,2024-06-06,12:00:00,2024-06-06,12:00:00,2024-06-06 12:00:00,1764.7058823529412,5.666666666666667,het_bact,418.05,FCM,not outlier,-33.509000000000015,-3.7508016460905362
MOBEAST108,T16,Coral,Table 1,2024-06-06T12:00:00Z,2024-06-06,12:00:00,2024-06-06,12:00:00,2024-06-06 12:00:00,1764.7058823529412,5.666666666666667,pico_euk,4.133,FCM,not outlier,-0.7880000000000003,-0.08820411522633748
MOBEAST108,T16,Coral,Table 1,2024-06-06T12:00:00Z,2024-06-06,12:00:00,2024-06-06,12:00:00,2024-06-06 12:00:00,1764.7058823529412,5.666666666666667,syn,53.183,FCM,not outlier,-4.3530000000000015,-0.4872493827160495
MOBEAST108,T16,Coral,Table 1,2024-06-06T12:00:00Z,2024-06-06,12:00:00,2024-06-06,12:00:00,2024-06-06 12:00:00,1764.7058823529412,5.666666666666667,pro,18.1,FCM,not outlier,-3.232999999999997,-0.36188312757201613
MOBEAST108,T16,Coral,Table 1,2024-06-06T12:00:00Z,2024-06-06,12:00:00,2024-06-06,12:00:00,2024-06-06 12:00:00,1764.7058823529412,5.666666666666667,tot_bact,489.333,FCM,not outlier,-41.09449999999998,-4.5998781893004095
MOBEAST108,T16,Coral,Table 1,2024-06-06T12:00:00Z,2024-06-06,12:00:00,2024-06-06,12:00:00,2024-06-06 12:00:00,1764.7058823529412,5.666666666666667,cyano,71.28300000000002,FCM,not outlier,-7.586000000000013,-0.8491325102880672
MOBEAST108,T16,Coral,Table 1,2024-06-06T12:00:00Z,2024-06-06,12:00:00,2024-06-06,12:00:00,2024-06-06 12:00:00,1764.7058823529412,5.666666666666667,chla_conc,0.01358490566037735,chla,not outlier,-0.04947122381620666,-0.005537519702884038
MOBEAST108,T16,Coral,Table 1,2024-06-06T12:00:00Z,2024-06-06,12:00:00,2024-06-06,12:00:00,2024-06-06 12:00:00,1764.7058823529412,5.666666666666667,npoc_u_m,155.615409593113,DOC,not outlier,-4.49599107462501,-0.5032549680238694
MOBEAST108,T16,Coral,Table 1,2024-06-06T12:00:00Z,2024-06-06,12:00:00,2024-06-06,12:00:00,2024-06-06 12:00:00,1764.7058823529412,5.666666666666667,tn_u_m,12.7795983350825,DOC,not outlier,0.2923600848165506,0.03272507945271678
MOBEAST108,T16,Coral,Table 1,2024-06-06T12:00:00Z,2024-06-06,12:00:00,2024-06-06,12:00:00,2024-06-06 12:00:00,1764.7058823529412,5.666666666666667,coble_a,0.0051715163122702,fDOM,not outlier,-0.0035479553787324605,-3.971373921873371e-4
MOBEAST108,T16,Coral,Table 1,2024-06-06T12:00:00Z,2024-06-06,12:00:00,2024-06-06,12:00:00,2024-06-06 12:00:00,1764.7058823529412,5.666666666666667,coble_b,0.0805434737823059,fDOM,not outlier,0.025071252256902703,0.002806329470731496
MOBEAST108,T16,Coral,Table 1,2024-06-06T12:00:00Z,2024-06-06,12:00:00,2024-06-06,12:00:00,2024-06-06 12:00:00,1764.7058823529412,5.666666666666667,coble_c,0.00463267018440762,fDOM,not outlier,1.3713336970706466e-4,1.5349908049515055e-5
MOBEAST108,T16,Coral,Table 1,2024-06-06T12:00:00Z,2024-06-06,12:00:00,2024-06-06,12:00:00,2024-06-06 12:00:00,1764.7058823529412,5.666666666666667,coble_m,0.00738755850272449,fDOM,not outlier,-0.0031920317431391792,-3.572973803019987e-4
MOBEAST108,T16,Coral,Table 1,2024-06-06T12:00:00Z,2024-06-06,12:00:00,2024-06-06,12:00:00,2024-06-06 12:00:00,1764.7058823529412,5.666666666666667,coble_t,0.031699796986587,fDOM,not outlier,0.0039659326385550545,4.439233241510184e-4
MOBEAST108,T16,Coral,Table 1,2024-06-06T12:00:00Z,2024-06-06,12:00:00,2024-06-06,12:00:00,2024-06-06 12:00:00,1764.7058823529412,5.666666666666667,m_to_c,1.5946653244578295,fDOM,not outlier,-0.7699520179931127,-0.08618392958606035
MOBEAST108,T16,Coral,Table 1,2024-06-06T12:00:00Z,2024-06-06,12:00:00,2024-06-06,12:00:00,2024-06-06 12:00:00,1764.7058823529412,5.666666666666667,bix,0.58244907467444,fDOM,not outlier,0.14893613183143095,0.016671040270843297
MOBEAST108,T16,Coral,Table 1,2024-06-06T12:00:00Z,2024-06-06,12:00:00,2024-06-06,12:00:00,2024-06-06 12:00:00,1764.7058823529412,5.666666666666667,hix,0.38887689649857,fDOM,not outlier,-0.15187194252852648,-0.016999657764509957
MOBEAST108,T16,Coral,Table 1,2024-06-06T12:00:00Z,2024-06-06,12:00:00,2024-06-06,12:00:00,2024-06-06 12:00:00,1764.7058823529412,5.666666666666667,fpeak,0.0131711725662823,fDOM,not outlier,0.003906742005326801,4.3729787055509867e-4
MOBEAST108,T16,Coral,Table 1,2024-06-06T12:00:00Z,2024-06-06,12:00:00,2024-06-06,12:00:00,2024-06-06 12:00:00,1764.7058823529412,5.666666666666667,fi,2.24637058697884,fDOM,not outlier,0.24348781991895008,0.027254603711092354
MOBEAST108,T16,Coral,Table 1,2024-06-06T12:00:00Z,2024-06-06,12:00:00,2024-06-06,12:00:00,2024-06-06 12:00:00,1764.7058823529412,5.666666666666667,lignin,0,fDOM,not outlier,-0.014835285587339299,-0.0016605751768544398
MOBEAST108,T16,Coral,Table 1,2024-06-06T12:00:00Z,2024-06-06,12:00:00,2024-06-06,12:00:00,2024-06-06 12:00:00,1764.7058823529412,5.666666666666667,N_N,1.12,nutrients,not outlier,-0.5899999999999999,-0.06604115226337447
MOBEAST108,T16,Coral,Table 1,2024-06-06T12:00:00Z,2024-06-06,12:00:00,2024-06-06,12:00:00,2024-06-06 12:00:00,1764.7058823529412,5.666666666666667,NO2,0.08,nutrients,not outlier,-0.015,-0.0016790123456790122
MOBEAST108,T16,Coral,Table 1,2024-06-06T12:00:00Z,2024-06-06,12:00:00,2024-06-06,12:00:00,2024-06-06 12:00:00,1764.7058823529412,5.666666666666667,PO4,0.08,nutrients,not outlier,-0.0049999999999999906,-5.59670781893003e-4
MOBEAST108,T16,Coral,Table 1,2024-06-06T12:00:00Z,2024-06-06,12:00:00,2024-06-06,12:00:00,2024-06-06 12:00:00,1764.7058823529412,5.666666666666667,SiO2,0.07,nutrients,not outlier,0.060000000000000005,0.00671604938271605
MOBEAST108,T16,Coral,Table 1,2024-06-06T12:00:00Z,2024-06-06,12:00:00,2024-06-06,12:00:00,2024-06-06 12:00:00,1764.7058823529412,5.666666666666667,NH3,1.09,nutrients,not outlier,-0.135,-0.015111111111111112
MOBEAST108,T16,Coral,Table 1,2024-06-06T12:00:00Z,2024-06-06,12:00:00,2024-06-06,12:00:00,2024-06-06 12:00:00,1764.7058823529412,5.666666666666667,NO3,1.04,nutrients,not outlier,-0.575,-0.06436213991769547
