id_number,tank_number,treatment,inflow_table,date,time,flowrate,variable,value,variable_cat,units,outlier,delta,inflow_avg
MOBEAST001,F1,Inflow,Table 1,2024-06-02,12:00:00,NA,het_bact,522.15,FCM,cell/µL,0,-9.158500000000004,531.3085
MOBEAST001,F1,Inflow,Table 1,2024-06-02,12:00:00,NA,syn,119.15,FCM,cell/µL,0,0.30000000000001137,118.85
MOBEAST001,F1,Inflow,Table 1,2024-06-02,12:00:00,NA,pro,21.15,FCM,cell/µL,0,1.6914999999999978,19.4585
MOBEAST001,F1,Inflow,Table 1,2024-06-02,12:00:00,NA,tot_bact,662.45,FCM,cell/µL,0,-7.166500000000042,669.6165000000001
MOBEAST001,F1,Inflow,Table 1,2024-06-02,12:00:00,NA,cyano,140.30000000000007,FCM,cell/µL,0,1.9915000000000305,138.30850000000004
MOBEAST001,F1,Inflow,Table 1,2024-06-02,12:00:00,NA,chla_conc,0.016,chla,µg/L,0,-0.029599999999999994,0.045599999999999995
MOBEAST001,F1,Inflow,Table 1,2024-06-02,12:00:00,NA,tn_u_m,11.7228421636312,DOC,µmol/L,0,-0.12886689941245066,11.85170906304365
MOBEAST001,F1,Inflow,Table 1,2024-06-02,12:00:00,NA,coble_a,0.00853447977615506,fDOM,R.U.,0,6.952075594717205e-4,0.00783927221668334
MOBEAST001,F1,Inflow,Table 1,2024-06-02,12:00:00,NA,coble_b,0.0486708207755194,fDOM,R.U.,0,0.005030868895588805,0.0436399518799306
MOBEAST001,F1,Inflow,Table 1,2024-06-02,12:00:00,NA,coble_c,0.00527138334795566,fDOM,R.U.,0,8.683776571979298e-4,0.00440300569075773
MOBEAST001,F1,Inflow,Table 1,2024-06-02,12:00:00,NA,coble_m,0.0100632119825517,fDOM,R.U.,0,8.837282780831592e-4,0.009179483704468541
MOBEAST001,F1,Inflow,Table 1,2024-06-02,12:00:00,NA,coble_t,0.0560012824498741,fDOM,R.U.,0,0.0037003561955831,0.052300926254291
MOBEAST001,F1,Inflow,Table 1,2024-06-02,12:00:00,NA,m_to_c,1.90902678069399,fDOM,R.U.,0,0,1.90902678069399
MOBEAST001,F1,Inflow,Table 1,2024-06-02,12:00:00,NA,bix,0.6731170747591,fDOM,R.U.,0,0,0.6731170747591
MOBEAST001,F1,Inflow,Table 1,2024-06-02,12:00:00,NA,hix,0.403136920662016,fDOM,R.U.,0,-0.003507227191090534,0.40664414785310654
MOBEAST001,F1,Inflow,Table 1,2024-06-02,12:00:00,NA,fpeak,0.0311201822058794,fDOM,R.U.,0,-0.0022409571571936,0.033361139363073
MOBEAST001,F1,Inflow,Table 1,2024-06-02,12:00:00,NA,fi,1.8435321240008,fDOM,R.U.,0,0.126665075566055,1.716867048434745
MOBEAST001,F1,Inflow,Table 1,2024-06-02,12:00:00,NA,lignin,0.045838590706895,fDOM,R.U.,0,0.01181814163605005,0.03402044907084495
MOBEAST001,F1,Inflow,Table 1,2024-06-02,12:00:00,NA,N_N,1.145,nutrients,µmol/L,0,-0.0625,1.2075
MOBEAST001,F1,Inflow,Table 1,2024-06-02,12:00:00,NA,NO2,0.09390409366,nutrients,µmol/L,0,-0.002535278825000001,0.096439372485
MOBEAST001,F1,Inflow,Table 1,2024-06-02,12:00:00,NA,PO4,0.08416047528,nutrients,µmol/L,0,0.0035802376399999974,0.08058023764
MOBEAST001,F1,Inflow,Table 1,2024-06-02,12:00:00,NA,NH3,0.4231201663,nutrients,µmol/L,0,-0.06116032610000005,0.48428049240000004
MOBEAST001,F1,Inflow,Table 1,2024-06-02,12:00:00,NA,NO3,1.05109590634,nutrients,µmol/L,0,-0.05996472117500007,1.1110606275150001
MOBEAST001,F1,Inflow,Table 1,2024-06-02,12:00:00,NA,ph_diff,0,carbonate,NA,0,0,0
MOBEAST001,F1,Inflow,Table 1,2024-06-02,12:00:00,NA,delta_ta,0,carbonate,NA,0,0,0
MOBEAST001,F1,Inflow,Table 1,2024-06-02,12:00:00,NA,ta,2343.183,carbonate,NA,0,-5.929500000000189,2349.1125
MOBEAST001,F1,Inflow,Table 1,2024-06-02,12:00:00,NA,ph,8.039081384592432,carbonate,NA,0,0.0019330934461123661,8.03714829114632
MOBEAST001,F1,Inflow,Table 1,2024-06-02,12:00:00,NA,AEGEAN-169_marine_group,0.0027,DNA,NA,0,-0.012649999999999998,0.015349999999999999
MOBEAST001,F1,Inflow,Table 1,2024-06-02,12:00:00,NA,Alcanivoracaceae,0,DNA,NA,0,0,0
MOBEAST001,F1,Inflow,Table 1,2024-06-02,12:00:00,NA,Alphaproteobacteria_unclassified,0,DNA,NA,0,0,0
MOBEAST001,F1,Inflow,Table 1,2024-06-02,12:00:00,NA,Alteromonadaceae,0.00409999999999999,DNA,NA,0,-0.00735,0.01144999999999999
MOBEAST001,F1,Inflow,Table 1,2024-06-02,12:00:00,NA,Alteromonadales_unclassified,0,DNA,NA,0,0,0
MOBEAST001,F1,Inflow,Table 1,2024-06-02,12:00:00,NA,Anaerolineae_unclassified,0,DNA,NA,0,0,0
MOBEAST001,F1,Inflow,Table 1,2024-06-02,12:00:00,NA,Arcobacteraceae,0,DNA,NA,0,0,0
MOBEAST001,F1,Inflow,Table 1,2024-06-02,12:00:00,NA,Arctic97B-4_marine_group_fa,0.0025,DNA,NA,0,0,0.0025
MOBEAST001,F1,Inflow,Table 1,2024-06-02,12:00:00,NA,Arenicellaceae,3e-4,DNA,NA,0,4.999999999999997e-5,2.5e-4
MOBEAST001,F1,Inflow,Table 1,2024-06-02,12:00:00,NA,Bacteria_unclassified,0,DNA,NA,0,0,0
MOBEAST001,F1,Inflow,Table 1,2024-06-02,12:00:00,NA,Bacteriovoracaceae,0,DNA,NA,0,-5e-5,5e-5
MOBEAST001,F1,Inflow,Table 1,2024-06-02,12:00:00,NA,Bacteroidales_unclassified,0,DNA,NA,0,0,0
MOBEAST001,F1,Inflow,Table 1,2024-06-02,12:00:00,NA,Bacteroidetes_BD2-2,0,DNA,NA,0,0,0
MOBEAST001,F1,Inflow,Table 1,2024-06-02,12:00:00,NA,Bacteroidia_unclassified,0,DNA,NA,0,0,0
MOBEAST001,F1,Inflow,Table 1,2024-06-02,12:00:00,NA,Bradymonadales_fa,0,DNA,NA,0,0,0
MOBEAST001,F1,Inflow,Table 1,2024-06-02,12:00:00,NA,Campylobacterales_unclassified,0,DNA,NA,0,0,0
MOBEAST001,F1,Inflow,Table 1,2024-06-02,12:00:00,NA,Campylobacteria_unclassified,0,DNA,NA,0,0,0
MOBEAST001,F1,Inflow,Table 1,2024-06-02,12:00:00,NA,Cellvibrionaceae,6e-4,DNA,NA,0,-5.5e-4,0.00115
MOBEAST001,F1,Inflow,Table 1,2024-06-02,12:00:00,NA,Clade_I,0.0024,DNA,NA,0,-0.014950000000000001,0.01735
MOBEAST001,F1,Inflow,Table 1,2024-06-02,12:00:00,NA,Clade_II,0.0016,DNA,NA,0,-0.004600000000000001,0.006200000000000001
MOBEAST001,F1,Inflow,Table 1,2024-06-02,12:00:00,NA,Clade_IV,0,DNA,NA,0,-4e-4,4e-4
MOBEAST001,F1,Inflow,Table 1,2024-06-02,12:00:00,NA,Colwelliaceae,0,DNA,NA,0,0,0
MOBEAST001,F1,Inflow,Table 1,2024-06-02,12:00:00,NA,Cryomorphaceae,0.0073,DNA,NA,0,2.500000000000002e-4,0.00705
MOBEAST001,F1,Inflow,Table 1,2024-06-02,12:00:00,NA,Cyclobacteriaceae,0,DNA,NA,0,-3e-4,3e-4
MOBEAST001,F1,Inflow,Table 1,2024-06-02,12:00:00,NA,Deltaproteobacteria_unclassified,0,DNA,NA,0,0,0
MOBEAST001,F1,Inflow,Table 1,2024-06-02,12:00:00,NA,Desulfovibrionaceae,0,DNA,NA,0,0,0
MOBEAST001,F1,Inflow,Table 1,2024-06-02,12:00:00,NA,Desulfuromonadaceae,0,DNA,NA,0,0,0
MOBEAST001,F1,Inflow,Table 1,2024-06-02,12:00:00,NA,Ectothiorhodospiraceae,5e-4,DNA,NA,0,-7.000000000000001e-4,0.0012000000000000001
MOBEAST001,F1,Inflow,Table 1,2024-06-02,12:00:00,NA,Endozoicomonadaceae,0.001,DNA,NA,0,5e-4,5e-4
MOBEAST001,F1,Inflow,Table 1,2024-06-02,12:00:00,NA,Flavobacteriaceae,0.0476,DNA,NA,0,-0.012449999999999996,0.06005
MOBEAST001,F1,Inflow,Table 1,2024-06-02,12:00:00,NA,Francisellaceae,0,DNA,NA,0,0,0
MOBEAST001,F1,Inflow,Table 1,2024-06-02,12:00:00,NA,Gammaproteobacteria_unclassified,0.0031,DNA,NA,0,-0.0028499999999999953,0.005949999999999995
MOBEAST001,F1,Inflow,Table 1,2024-06-02,12:00:00,NA,Halieaceae,0.0189,DNA,NA,0,-0.0018499999999999975,0.020749999999999998
MOBEAST001,F1,Inflow,Table 1,2024-06-02,12:00:00,NA,Halomonadaceae,0,DNA,NA,0,0,0
MOBEAST001,F1,Inflow,Table 1,2024-06-02,12:00:00,NA,Helicobacteraceae,0,DNA,NA,0,0,0
MOBEAST001,F1,Inflow,Table 1,2024-06-02,12:00:00,NA,Hyphomonadaceae,0,DNA,NA,0,0,0
MOBEAST001,F1,Inflow,Table 1,2024-06-02,12:00:00,NA,Idiomarinaceae,0,DNA,NA,0,0,0
MOBEAST001,F1,Inflow,Table 1,2024-06-02,12:00:00,NA,JGI_0000069-P22_fa,0,DNA,NA,0,0,0
MOBEAST001,F1,Inflow,Table 1,2024-06-02,12:00:00,NA,KI89A_clade_fa,4e-4,DNA,NA,0,9.999999999999999e-5,3.0000000000000003e-4
MOBEAST001,F1,Inflow,Table 1,2024-06-02,12:00:00,NA,Kiritimatiellaceae,0,DNA,NA,0,0,0
MOBEAST001,F1,Inflow,Table 1,2024-06-02,12:00:00,NA,Leptotrichiaceae,0,DNA,NA,0,0,0
MOBEAST001,F1,Inflow,Table 1,2024-06-02,12:00:00,NA,Litoricolaceae,0.0052,DNA,NA,0,0,0.0052
MOBEAST001,F1,Inflow,Table 1,2024-06-02,12:00:00,NA,Marine_Group_II_fa,0.0143,DNA,NA,0,-0.02325,0.03755
MOBEAST001,F1,Inflow,Table 1,2024-06-02,12:00:00,NA,Marinifilaceae,0,DNA,NA,0,0,0
MOBEAST001,F1,Inflow,Table 1,2024-06-02,12:00:00,NA,Marinilabiliaceae,0,DNA,NA,0,0,0
MOBEAST001,F1,Inflow,Table 1,2024-06-02,12:00:00,NA,Marinimicrobia_(SAR406_clade)_fa,9e-4,DNA,NA,0,-0.0036500000000000005,0.00455
MOBEAST001,F1,Inflow,Table 1,2024-06-02,12:00:00,NA,Marinobacteraceae,0,DNA,NA,0,0,0
MOBEAST001,F1,Inflow,Table 1,2024-06-02,12:00:00,NA,Marinomonadaceae,0,DNA,NA,0,0,0
MOBEAST001,F1,Inflow,Table 1,2024-06-02,12:00:00,NA,Methylophilaceae,2e-4,DNA,NA,0,-0.0024500000000000004,0.0026500000000000004
MOBEAST001,F1,Inflow,Table 1,2024-06-02,12:00:00,NA,Micavibrionaceae,0,DNA,NA,0,0,0
MOBEAST001,F1,Inflow,Table 1,2024-06-02,12:00:00,NA,Microtrichaceae,0.0016,DNA,NA,0,-0.0018499999999999999,0.00345
MOBEAST001,F1,Inflow,Table 1,2024-06-02,12:00:00,NA,Moraxellaceae,0,DNA,NA,0,0,0
MOBEAST001,F1,Inflow,Table 1,2024-06-02,12:00:00,NA,NS7_marine_group,3e-4,DNA,NA,0,-4e-4,7e-4
MOBEAST001,F1,Inflow,Table 1,2024-06-02,12:00:00,NA,NS9_marine_group,0.0057,DNA,NA,0,-1.9999999999999532e-4,0.0058999999999999955
MOBEAST001,F1,Inflow,Table 1,2024-06-02,12:00:00,NA,Nannocystaceae,3e-4,DNA,NA,0,-5.000000000000002e-5,3.5e-4
MOBEAST001,F1,Inflow,Table 1,2024-06-02,12:00:00,NA,Nitrincolaceae,0.0022,DNA,NA,0,3.5000000000000504e-4,0.001849999999999995
MOBEAST001,F1,Inflow,Table 1,2024-06-02,12:00:00,NA,Nitrosopumilaceae,0,DNA,NA,0,-3.5e-4,3.5e-4
MOBEAST001,F1,Inflow,Table 1,2024-06-02,12:00:00,NA,OM182_clade_fa,0.0052,DNA,NA,0,5.000000000000004e-4,0.004699999999999999
MOBEAST001,F1,Inflow,Table 1,2024-06-02,12:00:00,NA,Oleiphilaceae,6e-4,DNA,NA,0,-2.500000000000001e-4,8.500000000000001e-4
MOBEAST001,F1,Inflow,Table 1,2024-06-02,12:00:00,NA,Oligoflexaceae,2e-4,DNA,NA,0,-4.9999999999999996e-5,2.5e-4
MOBEAST001,F1,Inflow,Table 1,2024-06-02,12:00:00,NA,Pirellulaceae,0.0053,DNA,NA,0,1.5000000000000516e-4,0.005149999999999995
MOBEAST001,F1,Inflow,Table 1,2024-06-02,12:00:00,NA,Piscirickettsiaceae,4e-4,DNA,NA,0,0,4e-4
MOBEAST001,F1,Inflow,Table 1,2024-06-02,12:00:00,NA,Prolixibacteraceae,0,DNA,NA,0,0,0
MOBEAST001,F1,Inflow,Table 1,2024-06-02,12:00:00,NA,Proteobacteria_unclassified,0.0018,DNA,NA,0,-6.000000000000003e-4,0.0024000000000000002
MOBEAST001,F1,Inflow,Table 1,2024-06-02,12:00:00,NA,Pseudoalteromonadaceae,0,DNA,NA,0,-4e-4,4e-4
MOBEAST001,F1,Inflow,Table 1,2024-06-02,12:00:00,NA,Pseudohongiellaceae,0.0012,DNA,NA,0,-7.5e-4,0.00195
MOBEAST001,F1,Inflow,Table 1,2024-06-02,12:00:00,NA,Pseudomonadaceae,0,DNA,NA,0,0,0
MOBEAST001,F1,Inflow,Table 1,2024-06-02,12:00:00,NA,Puniceicoccaceae,0,DNA,NA,0,0,0
MOBEAST001,F1,Inflow,Table 1,2024-06-02,12:00:00,NA,Rhizobiaceae,0,DNA,NA,0,0,0
MOBEAST001,F1,Inflow,Table 1,2024-06-02,12:00:00,NA,Rhodobacteraceae,0.1387,DNA,NA,0,0.023299999999999987,0.1154
MOBEAST001,F1,Inflow,Table 1,2024-06-02,12:00:00,NA,Rhodospirillaceae,0,DNA,NA,0,0,0
MOBEAST001,F1,Inflow,Table 1,2024-06-02,12:00:00,NA,Rubinisphaeraceae,0.001,DNA,NA,0,1.0000000000000005e-4,9e-4
MOBEAST001,F1,Inflow,Table 1,2024-06-02,12:00:00,NA,S25-593,8e-4,DNA,NA,0,-1.5000000000000007e-4,9.500000000000001e-4
MOBEAST001,F1,Inflow,Table 1,2024-06-02,12:00:00,NA,SAR116_clade,0.0335,DNA,NA,0,-0.009899999999999999,0.0434
MOBEAST001,F1,Inflow,Table 1,2024-06-02,12:00:00,NA,SAR202_clade_fa,0,DNA,NA,0,-3e-4,3e-4
MOBEAST001,F1,Inflow,Table 1,2024-06-02,12:00:00,NA,SAR324_clade(Marine_group_B)_fa,0,DNA,NA,0,-3.5e-4,3.5e-4
MOBEAST001,F1,Inflow,Table 1,2024-06-02,12:00:00,NA,SAR86_clade_fa,0.015,DNA,NA,0,-0.018500000000000003,0.0335
MOBEAST001,F1,Inflow,Table 1,2024-06-02,12:00:00,NA,Saccharospirillaceae,0.0305,DNA,NA,0,0.012050000000000005,0.018449999999999994
MOBEAST001,F1,Inflow,Table 1,2024-06-02,12:00:00,NA,Saprospiraceae,0,DNA,NA,0,0,0
MOBEAST001,F1,Inflow,Table 1,2024-06-02,12:00:00,NA,Sphingomonadaceae,1e-4,DNA,NA,0,5e-5,5e-5
MOBEAST001,F1,Inflow,Table 1,2024-06-02,12:00:00,NA,Spirochaetaceae,0,DNA,NA,0,0,0
MOBEAST001,F1,Inflow,Table 1,2024-06-02,12:00:00,NA,Spongiibacteraceae,0,DNA,NA,0,0,0
MOBEAST001,F1,Inflow,Table 1,2024-06-02,12:00:00,NA,Stappiaceae,0,DNA,NA,0,0,0
MOBEAST001,F1,Inflow,Table 1,2024-06-02,12:00:00,NA,Terasakiellaceae,0,DNA,NA,0,0,0
MOBEAST001,F1,Inflow,Table 1,2024-06-02,12:00:00,NA,Thalassospiraceae,0,DNA,NA,0,0,0
MOBEAST001,F1,Inflow,Table 1,2024-06-02,12:00:00,NA,Thiomicrospiraceae,0,DNA,NA,0,0,0
MOBEAST001,F1,Inflow,Table 1,2024-06-02,12:00:00,NA,Vibrionaceae,0.0014,DNA,NA,0,-9.500000000000001e-4,0.00235
MOBEAST001,F1,Inflow,Table 1,2024-06-02,12:00:00,NA,Woesearchaeia_fa,0,DNA,NA,0,-1e-4,1e-4
MOBEAST001,F1,Inflow,Table 1,2024-06-02,12:00:00,NA,uncultured_fa,0,DNA,NA,0,0,0
MOBEAST002,F2,Inflow,Table 2,2024-06-02,12:00:00,NA,het_bact,540.467,FCM,cell/µL,0,9.158500000000004,531.3085
MOBEAST002,F2,Inflow,Table 2,2024-06-02,12:00:00,NA,syn,118.55,FCM,cell/µL,0,-0.29999999999999716,118.85
MOBEAST002,F2,Inflow,Table 2,2024-06-02,12:00:00,NA,pro,17.767,FCM,cell/µL,0,-1.6915000000000013,19.4585
MOBEAST002,F2,Inflow,Table 2,2024-06-02,12:00:00,NA,tot_bact,676.783,FCM,cell/µL,0,7.166499999999928,669.6165000000001
MOBEAST002,F2,Inflow,Table 2,2024-06-02,12:00:00,NA,cyano,136.317,FCM,cell/µL,0,-1.9915000000000305,138.30850000000004
MOBEAST002,F2,Inflow,Table 2,2024-06-02,12:00:00,NA,chla_conc,0.07519999999999999,chla,µg/L,0,0.029599999999999994,0.045599999999999995
MOBEAST002,F2,Inflow,Table 2,2024-06-02,12:00:00,NA,tn_u_m,11.9805759624561,DOC,µmol/L,0,0.12886689941245066,11.85170906304365
MOBEAST002,F2,Inflow,Table 2,2024-06-02,12:00:00,NA,coble_a,0.00714406465721162,fDOM,R.U.,0,-6.952075594717196e-4,0.00783927221668334
MOBEAST002,F2,Inflow,Table 2,2024-06-02,12:00:00,NA,coble_b,0.0386090829843418,fDOM,R.U.,0,-0.005030868895588798,0.0436399518799306
MOBEAST002,F2,Inflow,Table 2,2024-06-02,12:00:00,NA,coble_c,0.0035346280335598,fDOM,R.U.,0,-8.683776571979302e-4,0.00440300569075773
MOBEAST002,F2,Inflow,Table 2,2024-06-02,12:00:00,NA,coble_m,0.00829575542638538,fDOM,R.U.,0,-8.83728278083161e-4,0.009179483704468541
MOBEAST002,F2,Inflow,Table 2,2024-06-02,12:00:00,NA,coble_t,0.0486005700587079,fDOM,R.U.,0,-0.0037003561955831,0.052300926254291
MOBEAST002,F2,Inflow,Table 2,2024-06-02,12:00:00,NA,hix,0.410151375044197,fDOM,R.U.,0,0.0035072271910904784,0.40664414785310654
MOBEAST002,F2,Inflow,Table 2,2024-06-02,12:00:00,NA,fpeak,0.0356020965202666,fDOM,R.U.,0,0.0022409571571936,0.033361139363073
MOBEAST002,F2,Inflow,Table 2,2024-06-02,12:00:00,NA,fi,1.59020197286869,fDOM,R.U.,0,-0.126665075566055,1.716867048434745
MOBEAST002,F2,Inflow,Table 2,2024-06-02,12:00:00,NA,lignin,0.0222023074347949,fDOM,R.U.,0,-0.01181814163605005,0.03402044907084495
MOBEAST002,F2,Inflow,Table 2,2024-06-02,12:00:00,NA,N_N,1.27,nutrients,µmol/L,0,0.0625,1.2075
MOBEAST002,F2,Inflow,Table 2,2024-06-02,12:00:00,NA,NO2,0.09897465131,nutrients,µmol/L,0,0.002535278825000001,0.096439372485
MOBEAST002,F2,Inflow,Table 2,2024-06-02,12:00:00,NA,PO4,0.077,nutrients,µmol/L,0,-0.0035802376399999974,0.08058023764
MOBEAST002,F2,Inflow,Table 2,2024-06-02,12:00:00,NA,SiO2,1.004552258,nutrients,µmol/L,0,0,1.004552258
MOBEAST002,F2,Inflow,Table 2,2024-06-02,12:00:00,NA,NH3,0.5454408185,nutrients,µmol/L,0,0.061160326099999995,0.48428049240000004
MOBEAST002,F2,Inflow,Table 2,2024-06-02,12:00:00,NA,NO3,1.17102534869,nutrients,µmol/L,0,0.05996472117499985,1.1110606275150001
MOBEAST002,F2,Inflow,Table 2,2024-06-02,12:00:00,NA,ph_diff,0,carbonate,NA,0,0,0
MOBEAST002,F2,Inflow,Table 2,2024-06-02,12:00:00,NA,delta_ta,0,carbonate,NA,0,0,0
MOBEAST002,F2,Inflow,Table 2,2024-06-02,12:00:00,NA,ta,2355.042,carbonate,NA,0,5.929499999999734,2349.1125
MOBEAST002,F2,Inflow,Table 2,2024-06-02,12:00:00,NA,ph,8.035215197700206,carbonate,NA,0,-0.0019330934461141425,8.03714829114632
MOBEAST002,F2,Inflow,Table 2,2024-06-02,12:00:00,NA,AEGEAN-169_marine_group,0.028,DNA,NA,0,0.012650000000000002,0.015349999999999999
MOBEAST002,F2,Inflow,Table 2,2024-06-02,12:00:00,NA,Actinomarinaceae,0.0139,DNA,NA,0,0,0.0139
MOBEAST002,F2,Inflow,Table 2,2024-06-02,12:00:00,NA,Alcanivoracaceae,0,DNA,NA,0,0,0
MOBEAST002,F2,Inflow,Table 2,2024-06-02,12:00:00,NA,Alphaproteobacteria_unclassified,0,DNA,NA,0,0,0
MOBEAST002,F2,Inflow,Table 2,2024-06-02,12:00:00,NA,Alteromonadaceae,0.01879999999999999,DNA,NA,0,0.007350000000000001,0.01144999999999999
MOBEAST002,F2,Inflow,Table 2,2024-06-02,12:00:00,NA,Alteromonadales_unclassified,0,DNA,NA,0,0,0
MOBEAST002,F2,Inflow,Table 2,2024-06-02,12:00:00,NA,Anaerolineae_unclassified,0,DNA,NA,0,0,0
MOBEAST002,F2,Inflow,Table 2,2024-06-02,12:00:00,NA,Arcobacteraceae,0,DNA,NA,0,0,0
MOBEAST002,F2,Inflow,Table 2,2024-06-02,12:00:00,NA,Arenicellaceae,2e-4,DNA,NA,0,-4.9999999999999996e-5,2.5e-4
MOBEAST002,F2,Inflow,Table 2,2024-06-02,12:00:00,NA,Bacteria_unclassified,0,DNA,NA,0,0,0
MOBEAST002,F2,Inflow,Table 2,2024-06-02,12:00:00,NA,Bacteriovoracaceae,1e-4,DNA,NA,0,5e-5,5e-5
MOBEAST002,F2,Inflow,Table 2,2024-06-02,12:00:00,NA,Bacteroidales_unclassified,0,DNA,NA,0,0,0
MOBEAST002,F2,Inflow,Table 2,2024-06-02,12:00:00,NA,Bacteroidetes_BD2-2,0,DNA,NA,0,0,0
MOBEAST002,F2,Inflow,Table 2,2024-06-02,12:00:00,NA,Bacteroidia_unclassified,0,DNA,NA,0,0,0
MOBEAST002,F2,Inflow,Table 2,2024-06-02,12:00:00,NA,Bradymonadales_fa,0,DNA,NA,0,0,0
MOBEAST002,F2,Inflow,Table 2,2024-06-02,12:00:00,NA,Campylobacterales_unclassified,0,DNA,NA,0,0,0
MOBEAST002,F2,Inflow,Table 2,2024-06-02,12:00:00,NA,Campylobacteria_unclassified,0,DNA,NA,0,0,0
MOBEAST002,F2,Inflow,Table 2,2024-06-02,12:00:00,NA,Cellvibrionaceae,0.0017,DNA,NA,0,5.499999999999999e-4,0.00115
MOBEAST002,F2,Inflow,Table 2,2024-06-02,12:00:00,NA,Clade_I,0.0323,DNA,NA,0,0.014950000000000001,0.01735
MOBEAST002,F2,Inflow,Table 2,2024-06-02,12:00:00,NA,Clade_II,0.0108,DNA,NA,0,0.0046,0.006200000000000001
MOBEAST002,F2,Inflow,Table 2,2024-06-02,12:00:00,NA,Clade_IV,8e-4,DNA,NA,0,4e-4,4e-4
MOBEAST002,F2,Inflow,Table 2,2024-06-02,12:00:00,NA,Colwelliaceae,0,DNA,NA,0,0,0
MOBEAST002,F2,Inflow,Table 2,2024-06-02,12:00:00,NA,Cryomorphaceae,0.0068,DNA,NA,0,-2.500000000000002e-4,0.00705
MOBEAST002,F2,Inflow,Table 2,2024-06-02,12:00:00,NA,Cyanobiaceae,0.43999999999999995,DNA,NA,0,0,0.43999999999999995
MOBEAST002,F2,Inflow,Table 2,2024-06-02,12:00:00,NA,Cyclobacteriaceae,6e-4,DNA,NA,0,3e-4,3e-4
MOBEAST002,F2,Inflow,Table 2,2024-06-02,12:00:00,NA,Deltaproteobacteria_unclassified,0,DNA,NA,0,0,0
MOBEAST002,F2,Inflow,Table 2,2024-06-02,12:00:00,NA,Desulfovibrionaceae,0,DNA,NA,0,0,0
MOBEAST002,F2,Inflow,Table 2,2024-06-02,12:00:00,NA,Desulfuromonadaceae,0,DNA,NA,0,0,0
MOBEAST002,F2,Inflow,Table 2,2024-06-02,12:00:00,NA,Ectothiorhodospiraceae,0.0019,DNA,NA,0,6.999999999999999e-4,0.0012000000000000001
MOBEAST002,F2,Inflow,Table 2,2024-06-02,12:00:00,NA,Endozoicomonadaceae,0,DNA,NA,0,-5e-4,5e-4
MOBEAST002,F2,Inflow,Table 2,2024-06-02,12:00:00,NA,Flavobacteriaceae,0.0725,DNA,NA,0,0.012449999999999996,0.06005
MOBEAST002,F2,Inflow,Table 2,2024-06-02,12:00:00,NA,Francisellaceae,0,DNA,NA,0,0,0
MOBEAST002,F2,Inflow,Table 2,2024-06-02,12:00:00,NA,Gammaproteobacteria_unclassified,0.00879999999999999,DNA,NA,0,0.002849999999999995,0.005949999999999995
MOBEAST002,F2,Inflow,Table 2,2024-06-02,12:00:00,NA,Halieaceae,0.0226,DNA,NA,0,0.001850000000000001,0.020749999999999998
MOBEAST002,F2,Inflow,Table 2,2024-06-02,12:00:00,NA,Halomonadaceae,0,DNA,NA,0,0,0
MOBEAST002,F2,Inflow,Table 2,2024-06-02,12:00:00,NA,Helicobacteraceae,0,DNA,NA,0,0,0
MOBEAST002,F2,Inflow,Table 2,2024-06-02,12:00:00,NA,Hyphomonadaceae,0,DNA,NA,0,0,0
MOBEAST002,F2,Inflow,Table 2,2024-06-02,12:00:00,NA,Idiomarinaceae,0,DNA,NA,0,0,0
MOBEAST002,F2,Inflow,Table 2,2024-06-02,12:00:00,NA,JGI_0000069-P22_fa,0,DNA,NA,0,0,0
MOBEAST002,F2,Inflow,Table 2,2024-06-02,12:00:00,NA,KI89A_clade_fa,2e-4,DNA,NA,0,-1.0000000000000002e-4,3.0000000000000003e-4
MOBEAST002,F2,Inflow,Table 2,2024-06-02,12:00:00,NA,Kiritimatiellaceae,0,DNA,NA,0,0,0
MOBEAST002,F2,Inflow,Table 2,2024-06-02,12:00:00,NA,Leptotrichiaceae,0,DNA,NA,0,0,0
MOBEAST002,F2,Inflow,Table 2,2024-06-02,12:00:00,NA,Litoricolaceae,0.0052,DNA,NA,0,0,0.0052
MOBEAST002,F2,Inflow,Table 2,2024-06-02,12:00:00,NA,Marine_Group_II_fa,0.0608,DNA,NA,0,0.02325,0.03755
MOBEAST002,F2,Inflow,Table 2,2024-06-02,12:00:00,NA,Marinifilaceae,0,DNA,NA,0,0,0
MOBEAST002,F2,Inflow,Table 2,2024-06-02,12:00:00,NA,Marinilabiliaceae,0,DNA,NA,0,0,0
MOBEAST002,F2,Inflow,Table 2,2024-06-02,12:00:00,NA,Marinimicrobia_(SAR406_clade)_fa,0.0082,DNA,NA,0,0.0036500000000000005,0.00455
MOBEAST002,F2,Inflow,Table 2,2024-06-02,12:00:00,NA,Marinobacteraceae,0,DNA,NA,0,0,0
MOBEAST002,F2,Inflow,Table 2,2024-06-02,12:00:00,NA,Marinomonadaceae,0,DNA,NA,0,0,0
MOBEAST002,F2,Inflow,Table 2,2024-06-02,12:00:00,NA,Methylophilaceae,0.0051,DNA,NA,0,0.00245,0.0026500000000000004
MOBEAST002,F2,Inflow,Table 2,2024-06-02,12:00:00,NA,Micavibrionaceae,0,DNA,NA,0,0,0
MOBEAST002,F2,Inflow,Table 2,2024-06-02,12:00:00,NA,Microtrichaceae,0.0053,DNA,NA,0,0.00185,0.00345
MOBEAST002,F2,Inflow,Table 2,2024-06-02,12:00:00,NA,Moraxellaceae,0,DNA,NA,0,0,0
MOBEAST002,F2,Inflow,Table 2,2024-06-02,12:00:00,NA,NS7_marine_group,0.0011,DNA,NA,0,4.000000000000001e-4,7e-4
MOBEAST002,F2,Inflow,Table 2,2024-06-02,12:00:00,NA,NS9_marine_group,0.00609999999999999,DNA,NA,0,1.9999999999999445e-4,0.0058999999999999955
MOBEAST002,F2,Inflow,Table 2,2024-06-02,12:00:00,NA,Nannocystaceae,4e-4,DNA,NA,0,5.000000000000002e-5,3.5e-4
MOBEAST002,F2,Inflow,Table 2,2024-06-02,12:00:00,NA,Nitrincolaceae,0.00149999999999999,DNA,NA,0,-3.5000000000000504e-4,0.001849999999999995
MOBEAST002,F2,Inflow,Table 2,2024-06-02,12:00:00,NA,Nitrosopumilaceae,7e-4,DNA,NA,0,3.5e-4,3.5e-4
MOBEAST002,F2,Inflow,Table 2,2024-06-02,12:00:00,NA,OM182_clade_fa,0.0042,DNA,NA,0,-4.999999999999996e-4,0.004699999999999999
MOBEAST002,F2,Inflow,Table 2,2024-06-02,12:00:00,NA,Oleiphilaceae,0.0011,DNA,NA,0,2.5e-4,8.500000000000001e-4
MOBEAST002,F2,Inflow,Table 2,2024-06-02,12:00:00,NA,Oligoflexaceae,3e-4,DNA,NA,0,4.999999999999997e-5,2.5e-4
MOBEAST002,F2,Inflow,Table 2,2024-06-02,12:00:00,NA,Pirellulaceae,0.00499999999999999,DNA,NA,0,-1.5000000000000516e-4,0.005149999999999995
MOBEAST002,F2,Inflow,Table 2,2024-06-02,12:00:00,NA,Piscirickettsiaceae,4e-4,DNA,NA,0,0,4e-4
MOBEAST002,F2,Inflow,Table 2,2024-06-02,12:00:00,NA,Prolixibacteraceae,0,DNA,NA,0,0,0
MOBEAST002,F2,Inflow,Table 2,2024-06-02,12:00:00,NA,Proteobacteria_unclassified,0.003,DNA,NA,0,5.999999999999998e-4,0.0024000000000000002
MOBEAST002,F2,Inflow,Table 2,2024-06-02,12:00:00,NA,Pseudoalteromonadaceae,8e-4,DNA,NA,0,4e-4,4e-4
MOBEAST002,F2,Inflow,Table 2,2024-06-02,12:00:00,NA,Pseudohongiellaceae,0.0027,DNA,NA,0,7.500000000000002e-4,0.00195
MOBEAST002,F2,Inflow,Table 2,2024-06-02,12:00:00,NA,Pseudomonadaceae,0,DNA,NA,0,0,0
MOBEAST002,F2,Inflow,Table 2,2024-06-02,12:00:00,NA,Puniceicoccaceae,0,DNA,NA,0,0,0
MOBEAST002,F2,Inflow,Table 2,2024-06-02,12:00:00,NA,Rhizobiaceae,0,DNA,NA,0,0,0
MOBEAST002,F2,Inflow,Table 2,2024-06-02,12:00:00,NA,Rhodobacteraceae,0.0921,DNA,NA,0,-0.0233,0.1154
MOBEAST002,F2,Inflow,Table 2,2024-06-02,12:00:00,NA,Rhodospirillaceae,0,DNA,NA,0,0,0
MOBEAST002,F2,Inflow,Table 2,2024-06-02,12:00:00,NA,Rubinisphaeraceae,8e-4,DNA,NA,0,-9.999999999999994e-5,9e-4
MOBEAST002,F2,Inflow,Table 2,2024-06-02,12:00:00,NA,S25-593,0.0011,DNA,NA,0,1.4999999999999996e-4,9.500000000000001e-4
MOBEAST002,F2,Inflow,Table 2,2024-06-02,12:00:00,NA,SAR116_clade,0.0533,DNA,NA,0,0.009899999999999999,0.0434
MOBEAST002,F2,Inflow,Table 2,2024-06-02,12:00:00,NA,SAR202_clade_fa,6e-4,DNA,NA,0,3e-4,3e-4
MOBEAST002,F2,Inflow,Table 2,2024-06-02,12:00:00,NA,SAR324_clade(Marine_group_B)_fa,7e-4,DNA,NA,0,3.5e-4,3.5e-4
MOBEAST002,F2,Inflow,Table 2,2024-06-02,12:00:00,NA,SAR86_clade_fa,0.052,DNA,NA,0,0.018499999999999996,0.0335
MOBEAST002,F2,Inflow,Table 2,2024-06-02,12:00:00,NA,Saccharospirillaceae,0.00639999999999999,DNA,NA,0,-0.012050000000000005,0.018449999999999994
MOBEAST002,F2,Inflow,Table 2,2024-06-02,12:00:00,NA,Saprospiraceae,0,DNA,NA,0,0,0
MOBEAST002,F2,Inflow,Table 2,2024-06-02,12:00:00,NA,Sphingomonadaceae,0,DNA,NA,0,-5e-5,5e-5
MOBEAST002,F2,Inflow,Table 2,2024-06-02,12:00:00,NA,Spirochaetaceae,0,DNA,NA,0,0,0
MOBEAST002,F2,Inflow,Table 2,2024-06-02,12:00:00,NA,Spongiibacteraceae,0,DNA,NA,0,0,0
MOBEAST002,F2,Inflow,Table 2,2024-06-02,12:00:00,NA,Stappiaceae,0,DNA,NA,0,0,0
MOBEAST002,F2,Inflow,Table 2,2024-06-02,12:00:00,NA,Terasakiellaceae,0,DNA,NA,0,0,0
MOBEAST002,F2,Inflow,Table 2,2024-06-02,12:00:00,NA,Thalassospiraceae,0,DNA,NA,0,0,0
MOBEAST002,F2,Inflow,Table 2,2024-06-02,12:00:00,NA,Thiomicrospiraceae,0,DNA,NA,0,0,0
MOBEAST002,F2,Inflow,Table 2,2024-06-02,12:00:00,NA,Vibrionaceae,0.0033,DNA,NA,0,9.499999999999999e-4,0.00235
MOBEAST002,F2,Inflow,Table 2,2024-06-02,12:00:00,NA,Woesearchaeia_fa,2e-4,DNA,NA,0,1e-4,1e-4
MOBEAST002,F2,Inflow,Table 2,2024-06-02,12:00:00,NA,uncultured_fa,0,DNA,NA,0,0,0
MOBEAST003,T1,Algae,Table 2,2024-06-02,12:00:00,3.2666666666666666,pico_euk,2.4,FCM,cell/µL,0,NA,NA
MOBEAST003,T1,Algae,Table 2,2024-06-02,12:00:00,3.2666666666666666,syn,59.6,FCM,cell/µL,0,-59.24999999999999,118.85
MOBEAST003,T1,Algae,Table 2,2024-06-02,12:00:00,3.2666666666666666,pro,17.867,FCM,cell/µL,0,-1.5915,19.4585
MOBEAST003,T1,Algae,Table 2,2024-06-02,12:00:00,3.2666666666666666,tot_bact,814.5,FCM,cell/µL,0,144.8834999999999,669.6165000000001
MOBEAST003,T1,Algae,Table 2,2024-06-02,12:00:00,3.2666666666666666,cyano,77.46699999999998,FCM,cell/µL,0,-60.84150000000005,138.30850000000004
MOBEAST003,T1,Algae,Table 2,2024-06-02,12:00:00,3.2666666666666666,chla_conc,0.0632,chla,µg/L,0,0.01760000000000001,0.045599999999999995
MOBEAST003,T1,Algae,Table 2,2024-06-02,12:00:00,3.2666666666666666,tn_u_m,15.0683839400668,DOC,µmol/L,0,3.2166748770231504,11.85170906304365
MOBEAST003,T1,Algae,Table 2,2024-06-02,12:00:00,3.2666666666666666,coble_b,0.0678531588116172,fDOM,R.U.,0,0.024213206931686604,0.0436399518799306
MOBEAST003,T1,Algae,Table 2,2024-06-02,12:00:00,3.2666666666666666,coble_t,0.0824940881681683,fDOM,R.U.,0,0.030193161913877303,0.052300926254291
MOBEAST003,T1,Algae,Table 2,2024-06-02,12:00:00,3.2666666666666666,m_to_c,1.1813812642805506,fDOM,R.U.,0,-0.7276455164134394,1.90902678069399
MOBEAST003,T1,Algae,Table 2,2024-06-02,12:00:00,3.2666666666666666,bix,0.789836982968776,fDOM,R.U.,0,0.11671990820967604,0.6731170747591
MOBEAST003,T1,Algae,Table 2,2024-06-02,12:00:00,3.2666666666666666,hix,0.750071359436272,fDOM,R.U.,0,0.34342721158316547,0.40664414785310654
MOBEAST003,T1,Algae,Table 2,2024-06-02,12:00:00,3.2666666666666666,fpeak,0.033533544792945,fDOM,R.U.,0,1.7240542987199958e-4,0.033361139363073
MOBEAST003,T1,Algae,Table 2,2024-06-02,12:00:00,3.2666666666666666,fi,1.6403347247674,fDOM,R.U.,0,-0.07653232366734497,1.716867048434745
MOBEAST003,T1,Algae,Table 2,2024-06-02,12:00:00,3.2666666666666666,lignin,0.0657295178843358,fDOM,R.U.,0,0.03170906881349085,0.03402044907084495
MOBEAST003,T1,Algae,Table 2,2024-06-02,12:00:00,3.2666666666666666,N_N,0.296,nutrients,µmol/L,0,-0.9115,1.2075
MOBEAST003,T1,Algae,Table 2,2024-06-02,12:00:00,3.2666666666666666,NO2,0.01,nutrients,µmol/L,0,-0.086439372485,0.096439372485
MOBEAST003,T1,Algae,Table 2,2024-06-02,12:00:00,3.2666666666666666,PO4,0.077,nutrients,µmol/L,0,-0.0035802376399999974,0.08058023764
MOBEAST003,T1,Algae,Table 2,2024-06-02,12:00:00,3.2666666666666666,SiO2,0.3976745336,nutrients,µmol/L,0,-0.6068777243999999,1.004552258
MOBEAST003,T1,Algae,Table 2,2024-06-02,12:00:00,3.2666666666666666,NH3,0.085,nutrients,µmol/L,0,-0.3992804924,0.48428049240000004
MOBEAST003,T1,Algae,Table 2,2024-06-02,12:00:00,3.2666666666666666,NO3,0.286,nutrients,µmol/L,0,-0.8250606275150001,1.1110606275150001
MOBEAST003,T1,Algae,Table 2,2024-06-02,12:00:00,3.2666666666666666,ta,2308.968,carbonate,NA,0,-40.144500000000335,2349.1125
MOBEAST003,T1,Algae,Table 2,2024-06-02,12:00:00,3.2666666666666666,AEGEAN-169_marine_group,0.0135,DNA,NA,0,-0.0018499999999999992,0.015349999999999999
MOBEAST003,T1,Algae,Table 2,2024-06-02,12:00:00,3.2666666666666666,Actinomarinaceae,0.0088,DNA,NA,0,-0.005099999999999999,0.0139
MOBEAST003,T1,Algae,Table 2,2024-06-02,12:00:00,3.2666666666666666,Alcanivoracaceae,0,DNA,NA,0,0,0
MOBEAST003,T1,Algae,Table 2,2024-06-02,12:00:00,3.2666666666666666,Alteromonadaceae,0.0421,DNA,NA,0,0.03065000000000001,0.01144999999999999
MOBEAST003,T1,Algae,Table 2,2024-06-02,12:00:00,3.2666666666666666,Alteromonadales_unclassified,0.0028,DNA,NA,0,0.0028,0
MOBEAST003,T1,Algae,Table 2,2024-06-02,12:00:00,3.2666666666666666,Anaerolineae_unclassified,1e-4,DNA,NA,0,1e-4,0
MOBEAST003,T1,Algae,Table 2,2024-06-02,12:00:00,3.2666666666666666,Arcobacteraceae,0.00409999999999999,DNA,NA,0,0.00409999999999999,0
MOBEAST003,T1,Algae,Table 2,2024-06-02,12:00:00,3.2666666666666666,Arctic97B-4_marine_group_fa,5e-4,DNA,NA,0,-0.002,0.0025
MOBEAST003,T1,Algae,Table 2,2024-06-02,12:00:00,3.2666666666666666,Bacteria_unclassified,0.001,DNA,NA,0,0.001,0
MOBEAST003,T1,Algae,Table 2,2024-06-02,12:00:00,3.2666666666666666,Bacteriovoracaceae,0.0025,DNA,NA,0,0.00245,5e-5
MOBEAST003,T1,Algae,Table 2,2024-06-02,12:00:00,3.2666666666666666,Bacteroidetes_BD2-2,0.0018,DNA,NA,0,0.0018,0
MOBEAST003,T1,Algae,Table 2,2024-06-02,12:00:00,3.2666666666666666,Bacteroidia_unclassified,1e-4,DNA,NA,0,1e-4,0
MOBEAST003,T1,Algae,Table 2,2024-06-02,12:00:00,3.2666666666666666,Bradymonadales_fa,0,DNA,NA,0,0,0
MOBEAST003,T1,Algae,Table 2,2024-06-02,12:00:00,3.2666666666666666,Campylobacterales_unclassified,4e-4,DNA,NA,0,4e-4,0
MOBEAST003,T1,Algae,Table 2,2024-06-02,12:00:00,3.2666666666666666,Campylobacteria_unclassified,0,DNA,NA,0,0,0
MOBEAST003,T1,Algae,Table 2,2024-06-02,12:00:00,3.2666666666666666,Cellvibrionaceae,0.0319,DNA,NA,0,0.03075,0.00115
MOBEAST003,T1,Algae,Table 2,2024-06-02,12:00:00,3.2666666666666666,Clade_I,0.019,DNA,NA,0,0.0016499999999999987,0.01735
MOBEAST003,T1,Algae,Table 2,2024-06-02,12:00:00,3.2666666666666666,Clade_II,0.0082,DNA,NA,0,0.002,0.006200000000000001
MOBEAST003,T1,Algae,Table 2,2024-06-02,12:00:00,3.2666666666666666,Clade_IV,6e-4,DNA,NA,0,1.9999999999999993e-4,4e-4
MOBEAST003,T1,Algae,Table 2,2024-06-02,12:00:00,3.2666666666666666,Colwelliaceae,5e-4,DNA,NA,0,5e-4,0
MOBEAST003,T1,Algae,Table 2,2024-06-02,12:00:00,3.2666666666666666,Cryomorphaceae,0.0032,DNA,NA,0,-0.0038499999999999997,0.00705
MOBEAST003,T1,Algae,Table 2,2024-06-02,12:00:00,3.2666666666666666,Cyanobiaceae,0.2149,DNA,NA,0,-0.22509999999999994,0.43999999999999995
MOBEAST003,T1,Algae,Table 2,2024-06-02,12:00:00,3.2666666666666666,Cyclobacteriaceae,5e-4,DNA,NA,0,2.0000000000000004e-4,3e-4
MOBEAST003,T1,Algae,Table 2,2024-06-02,12:00:00,3.2666666666666666,Deltaproteobacteria_unclassified,6e-4,DNA,NA,0,6e-4,0
MOBEAST003,T1,Algae,Table 2,2024-06-02,12:00:00,3.2666666666666666,Desulfovibrionaceae,9e-4,DNA,NA,0,9e-4,0
MOBEAST003,T1,Algae,Table 2,2024-06-02,12:00:00,3.2666666666666666,Desulfuromonadaceae,3e-4,DNA,NA,0,3e-4,0
MOBEAST003,T1,Algae,Table 2,2024-06-02,12:00:00,3.2666666666666666,Ectothiorhodospiraceae,0.0013,DNA,NA,0,9.999999999999983e-5,0.0012000000000000001
MOBEAST003,T1,Algae,Table 2,2024-06-02,12:00:00,3.2666666666666666,Endozoicomonadaceae,0.0016,DNA,NA,0,0.0011,5e-4
MOBEAST003,T1,Algae,Table 2,2024-06-02,12:00:00,3.2666666666666666,Flavobacteriaceae,0.04659999999999999,DNA,NA,0,-0.01345000000000001,0.06005
MOBEAST003,T1,Algae,Table 2,2024-06-02,12:00:00,3.2666666666666666,Francisellaceae,4e-4,DNA,NA,0,4e-4,0
MOBEAST003,T1,Algae,Table 2,2024-06-02,12:00:00,3.2666666666666666,Halieaceae,0.0105,DNA,NA,0,-0.010249999999999997,0.020749999999999998
MOBEAST003,T1,Algae,Table 2,2024-06-02,12:00:00,3.2666666666666666,Halomonadaceae,0.0012,DNA,NA,0,0.0012,0
MOBEAST003,T1,Algae,Table 2,2024-06-02,12:00:00,3.2666666666666666,Helicobacteraceae,0,DNA,NA,0,0,0
MOBEAST003,T1,Algae,Table 2,2024-06-02,12:00:00,3.2666666666666666,Hyphomonadaceae,0.0081,DNA,NA,0,0.0081,0
MOBEAST003,T1,Algae,Table 2,2024-06-02,12:00:00,3.2666666666666666,Idiomarinaceae,0,DNA,NA,0,0,0
MOBEAST003,T1,Algae,Table 2,2024-06-02,12:00:00,3.2666666666666666,JGI_0000069-P22_fa,0,DNA,NA,0,0,0
MOBEAST003,T1,Algae,Table 2,2024-06-02,12:00:00,3.2666666666666666,KI89A_clade_fa,0,DNA,NA,0,-3.0000000000000003e-4,3.0000000000000003e-4
MOBEAST003,T1,Algae,Table 2,2024-06-02,12:00:00,3.2666666666666666,Kiritimatiellaceae,5e-4,DNA,NA,0,5e-4,0
MOBEAST003,T1,Algae,Table 2,2024-06-02,12:00:00,3.2666666666666666,Leptotrichiaceae,6e-4,DNA,NA,0,6e-4,0
MOBEAST003,T1,Algae,Table 2,2024-06-02,12:00:00,3.2666666666666666,Marine_Group_II_fa,0.0055,DNA,NA,0,-0.03205,0.03755
MOBEAST003,T1,Algae,Table 2,2024-06-02,12:00:00,3.2666666666666666,Marinifilaceae,0,DNA,NA,0,0,0
MOBEAST003,T1,Algae,Table 2,2024-06-02,12:00:00,3.2666666666666666,Marinilabiliaceae,0.0074,DNA,NA,0,0.0074,0
MOBEAST003,T1,Algae,Table 2,2024-06-02,12:00:00,3.2666666666666666,Marinimicrobia_(SAR406_clade)_fa,0.0029,DNA,NA,0,-0.0016500000000000004,0.00455
MOBEAST003,T1,Algae,Table 2,2024-06-02,12:00:00,3.2666666666666666,Marinobacteraceae,0,DNA,NA,0,0,0
MOBEAST003,T1,Algae,Table 2,2024-06-02,12:00:00,3.2666666666666666,Marinomonadaceae,0,DNA,NA,0,0,0
MOBEAST003,T1,Algae,Table 2,2024-06-02,12:00:00,3.2666666666666666,Methylophilaceae,0.0062,DNA,NA,0,0.0035499999999999993,0.0026500000000000004
MOBEAST003,T1,Algae,Table 2,2024-06-02,12:00:00,3.2666666666666666,Micavibrionaceae,5e-4,DNA,NA,0,5e-4,0
MOBEAST003,T1,Algae,Table 2,2024-06-02,12:00:00,3.2666666666666666,Microtrichaceae,0.0035,DNA,NA,0,5.000000000000013e-5,0.00345
MOBEAST003,T1,Algae,Table 2,2024-06-02,12:00:00,3.2666666666666666,Moraxellaceae,0,DNA,NA,0,0,0
MOBEAST003,T1,Algae,Table 2,2024-06-02,12:00:00,3.2666666666666666,NS7_marine_group,3e-4,DNA,NA,0,-4e-4,7e-4
MOBEAST003,T1,Algae,Table 2,2024-06-02,12:00:00,3.2666666666666666,NS9_marine_group,0.0017,DNA,NA,0,-0.004199999999999995,0.0058999999999999955
MOBEAST003,T1,Algae,Table 2,2024-06-02,12:00:00,3.2666666666666666,Nannocystaceae,0,DNA,NA,0,-3.5e-4,3.5e-4
MOBEAST003,T1,Algae,Table 2,2024-06-02,12:00:00,3.2666666666666666,Nitrincolaceae,0.0578,DNA,NA,0,0.05595,0.001849999999999995
MOBEAST003,T1,Algae,Table 2,2024-06-02,12:00:00,3.2666666666666666,Nitrosopumilaceae,0,DNA,NA,0,-3.5e-4,3.5e-4
MOBEAST003,T1,Algae,Table 2,2024-06-02,12:00:00,3.2666666666666666,OM182_clade_fa,0.0012,DNA,NA,0,-0.0034999999999999996,0.004699999999999999
MOBEAST003,T1,Algae,Table 2,2024-06-02,12:00:00,3.2666666666666666,Oleiphilaceae,0.0034,DNA,NA,0,0.0025499999999999997,8.500000000000001e-4
MOBEAST003,T1,Algae,Table 2,2024-06-02,12:00:00,3.2666666666666666,Oligoflexaceae,5e-4,DNA,NA,0,2.5e-4,2.5e-4
MOBEAST003,T1,Algae,Table 2,2024-06-02,12:00:00,3.2666666666666666,Pirellulaceae,0.00219999999999999,DNA,NA,0,-0.0029500000000000047,0.005149999999999995
MOBEAST003,T1,Algae,Table 2,2024-06-02,12:00:00,3.2666666666666666,Piscirickettsiaceae,0,DNA,NA,0,-4e-4,4e-4
MOBEAST003,T1,Algae,Table 2,2024-06-02,12:00:00,3.2666666666666666,Prolixibacteraceae,0,DNA,NA,0,0,0
MOBEAST003,T1,Algae,Table 2,2024-06-02,12:00:00,3.2666666666666666,Proteobacteria_unclassified,0.0013,DNA,NA,0,-0.0011000000000000003,0.0024000000000000002
MOBEAST003,T1,Algae,Table 2,2024-06-02,12:00:00,3.2666666666666666,Pseudoalteromonadaceae,8e-4,DNA,NA,0,4e-4,4e-4
MOBEAST003,T1,Algae,Table 2,2024-06-02,12:00:00,3.2666666666666666,Pseudohongiellaceae,4e-4,DNA,NA,0,-0.00155,0.00195
MOBEAST003,T1,Algae,Table 2,2024-06-02,12:00:00,3.2666666666666666,Pseudomonadaceae,0,DNA,NA,0,0,0
MOBEAST003,T1,Algae,Table 2,2024-06-02,12:00:00,3.2666666666666666,Puniceicoccaceae,4e-4,DNA,NA,0,4e-4,0
MOBEAST003,T1,Algae,Table 2,2024-06-02,12:00:00,3.2666666666666666,Rhizobiaceae,4e-4,DNA,NA,0,4e-4,0
MOBEAST003,T1,Algae,Table 2,2024-06-02,12:00:00,3.2666666666666666,Rhodobacteraceae,0.2924,DNA,NA,0,0.177,0.1154
MOBEAST003,T1,Algae,Table 2,2024-06-02,12:00:00,3.2666666666666666,Rhodospirillaceae,0,DNA,NA,0,0,0
MOBEAST003,T1,Algae,Table 2,2024-06-02,12:00:00,3.2666666666666666,Rubinisphaeraceae,9e-4,DNA,NA,0,0,9e-4
MOBEAST003,T1,Algae,Table 2,2024-06-02,12:00:00,3.2666666666666666,S25-593,5e-4,DNA,NA,0,-4.500000000000001e-4,9.500000000000001e-4
MOBEAST003,T1,Algae,Table 2,2024-06-02,12:00:00,3.2666666666666666,SAR116_clade,0.0288,DNA,NA,0,-0.014600000000000002,0.0434
MOBEAST003,T1,Algae,Table 2,2024-06-02,12:00:00,3.2666666666666666,SAR202_clade_fa,0,DNA,NA,0,-3e-4,3e-4
MOBEAST003,T1,Algae,Table 2,2024-06-02,12:00:00,3.2666666666666666,SAR324_clade(Marine_group_B)_fa,0.0013,DNA,NA,0,9.499999999999999e-4,3.5e-4
MOBEAST003,T1,Algae,Table 2,2024-06-02,12:00:00,3.2666666666666666,SAR86_clade_fa,0.0203,DNA,NA,0,-0.013200000000000003,0.0335
MOBEAST003,T1,Algae,Table 2,2024-06-02,12:00:00,3.2666666666666666,Saccharospirillaceae,0.00609999999999999,DNA,NA,0,-0.012350000000000003,0.018449999999999994
MOBEAST003,T1,Algae,Table 2,2024-06-02,12:00:00,3.2666666666666666,Saprospiraceae,0,DNA,NA,0,0,0
MOBEAST003,T1,Algae,Table 2,2024-06-02,12:00:00,3.2666666666666666,Sphingomonadaceae,6e-4,DNA,NA,0,5.499999999999999e-4,5e-5
MOBEAST003,T1,Algae,Table 2,2024-06-02,12:00:00,3.2666666666666666,Spirochaetaceae,0,DNA,NA,0,0,0
MOBEAST003,T1,Algae,Table 2,2024-06-02,12:00:00,3.2666666666666666,Spongiibacteraceae,0,DNA,NA,0,0,0
MOBEAST003,T1,Algae,Table 2,2024-06-02,12:00:00,3.2666666666666666,Stappiaceae,0,DNA,NA,0,0,0
MOBEAST003,T1,Algae,Table 2,2024-06-02,12:00:00,3.2666666666666666,Terasakiellaceae,4e-4,DNA,NA,0,4e-4,0
MOBEAST003,T1,Algae,Table 2,2024-06-02,12:00:00,3.2666666666666666,Thalassospiraceae,0.0011,DNA,NA,0,0.0011,0
MOBEAST003,T1,Algae,Table 2,2024-06-02,12:00:00,3.2666666666666666,Thiomicrospiraceae,9e-4,DNA,NA,0,9e-4,0
MOBEAST003,T1,Algae,Table 2,2024-06-02,12:00:00,3.2666666666666666,Vibrionaceae,0.01979999999999999,DNA,NA,0,0.01744999999999999,0.00235
MOBEAST003,T1,Algae,Table 2,2024-06-02,12:00:00,3.2666666666666666,Woesearchaeia_fa,0,DNA,NA,0,-1e-4,1e-4
MOBEAST003,T1,Algae,Table 2,2024-06-02,12:00:00,3.2666666666666666,uncultured_fa,4e-4,DNA,NA,0,4e-4,0
MOBEAST004,T2,CCA,Table 2,2024-06-02,12:00:00,2.35,het_bact,347.82,FCM,cell/µL,0,-183.4885,531.3085
MOBEAST004,T2,CCA,Table 2,2024-06-02,12:00:00,2.35,pico_euk,1.498,FCM,cell/µL,0,NA,NA
MOBEAST004,T2,CCA,Table 2,2024-06-02,12:00:00,2.35,pro,8.569,FCM,cell/µL,0,-10.8895,19.4585
MOBEAST004,T2,CCA,Table 2,2024-06-02,12:00:00,2.35,chla_conc,0.0892,chla,µg/L,0,0.04360000000000001,0.045599999999999995
MOBEAST004,T2,CCA,Table 2,2024-06-02,12:00:00,2.35,tn_u_m,14.2830454948941,DOC,µmol/L,0,2.4313364318504505,11.85170906304365
MOBEAST004,T2,CCA,Table 2,2024-06-02,12:00:00,2.35,coble_a,0.00830268721292771,fDOM,R.U.,0,4.634149962443705e-4,0.00783927221668334
MOBEAST004,T2,CCA,Table 2,2024-06-02,12:00:00,2.35,coble_b,0.0495129601850767,fDOM,R.U.,0,0.005873008305146102,0.0436399518799306
MOBEAST004,T2,CCA,Table 2,2024-06-02,12:00:00,2.35,coble_c,0.00810568371139948,fDOM,R.U.,0,0.0037026780206417496,0.00440300569075773
MOBEAST004,T2,CCA,Table 2,2024-06-02,12:00:00,2.35,coble_m,0.0112009294287335,fDOM,R.U.,0,0.002021445724264959,0.009179483704468541
MOBEAST004,T2,CCA,Table 2,2024-06-02,12:00:00,2.35,coble_t,0.0464802341480124,fDOM,R.U.,0,-0.005820692106278599,0.052300926254291
MOBEAST004,T2,CCA,Table 2,2024-06-02,12:00:00,2.35,m_to_c,1.3818611516979131,fDOM,R.U.,0,-0.5271656289960769,1.90902678069399
MOBEAST004,T2,CCA,Table 2,2024-06-02,12:00:00,2.35,bix,0.623118700069342,fDOM,R.U.,0,-0.049998374689757985,0.6731170747591
MOBEAST004,T2,CCA,Table 2,2024-06-02,12:00:00,2.35,hix,0.519119231285919,fDOM,R.U.,0,0.11247508343281243,0.40664414785310654
MOBEAST004,T2,CCA,Table 2,2024-06-02,12:00:00,2.35,fpeak,0.017656132865053,fDOM,R.U.,0,-0.01570500649802,0.033361139363073
MOBEAST004,T2,CCA,Table 2,2024-06-02,12:00:00,2.35,fi,1.99337550677921,fDOM,R.U.,0,0.276508458344465,1.716867048434745
MOBEAST004,T2,CCA,Table 2,2024-06-02,12:00:00,2.35,lignin,0.0118461646779671,fDOM,R.U.,0,-0.02217428439287785,0.03402044907084495
MOBEAST004,T2,CCA,Table 2,2024-06-02,12:00:00,2.35,N_N,1.098,nutrients,µmol/L,0,-0.10949999999999993,1.2075
MOBEAST004,T2,CCA,Table 2,2024-06-02,12:00:00,2.35,NO2,0.01,nutrients,µmol/L,0,-0.086439372485,0.096439372485
MOBEAST004,T2,CCA,Table 2,2024-06-02,12:00:00,2.35,PO4,0.077,nutrients,µmol/L,0,-0.0035802376399999974,0.08058023764
MOBEAST004,T2,CCA,Table 2,2024-06-02,12:00:00,2.35,SiO2,0.06784968345,nutrients,µmol/L,0,-0.93670257454999994,1.004552258
MOBEAST004,T2,CCA,Table 2,2024-06-02,12:00:00,2.35,NH3,0.9062657249,nutrients,µmol/L,0,0.4219852325,0.48428049240000004
MOBEAST004,T2,CCA,Table 2,2024-06-02,12:00:00,2.35,NO3,1.088,nutrients,µmol/L,0,-0.023060627515000043,1.1110606275150001
MOBEAST004,T2,CCA,Table 2,2024-06-02,12:00:00,2.35,do_mg_l,4.66,residence time,NA,0,NA,NA
MOBEAST004,T2,CCA,Table 2,2024-06-02,12:00:00,2.35,ph,8.13946947395399,carbonate,NA,0,0.10232118280767111,8.03714829114632
MOBEAST004,T2,CCA,Table 2,2024-06-02,12:00:00,2.35,AEGEAN-169_marine_group,0.00509999999999999,DNA,NA,0,-0.010250000000000009,0.015349999999999999
MOBEAST004,T2,CCA,Table 2,2024-06-02,12:00:00,2.35,Actinomarinaceae,0.0059,DNA,NA,0,-0.008,0.0139
MOBEAST004,T2,CCA,Table 2,2024-06-02,12:00:00,2.35,Alcanivoracaceae,0,DNA,NA,0,0,0
MOBEAST004,T2,CCA,Table 2,2024-06-02,12:00:00,2.35,Alteromonadaceae,0.05479999999999999,DNA,NA,0,0.04335,0.01144999999999999
MOBEAST004,T2,CCA,Table 2,2024-06-02,12:00:00,2.35,Alteromonadales_unclassified,0.0049,DNA,NA,0,0.0049,0
MOBEAST004,T2,CCA,Table 2,2024-06-02,12:00:00,2.35,Arcobacteraceae,0.0105,DNA,NA,0,0.0105,0
MOBEAST004,T2,CCA,Table 2,2024-06-02,12:00:00,2.35,Arctic97B-4_marine_group_fa,0,DNA,NA,0,-0.0025,0.0025
MOBEAST004,T2,CCA,Table 2,2024-06-02,12:00:00,2.35,Arenicellaceae,0.0023,DNA,NA,0,0.0020499999999999997,2.5e-4
MOBEAST004,T2,CCA,Table 2,2024-06-02,12:00:00,2.35,Bacteria_unclassified,0.0015,DNA,NA,0,0.0015,0
MOBEAST004,T2,CCA,Table 2,2024-06-02,12:00:00,2.35,Bacteriovoracaceae,0.0011,DNA,NA,0,0.0010500000000000002,5e-5
MOBEAST004,T2,CCA,Table 2,2024-06-02,12:00:00,2.35,Bacteroidales_unclassified,0,DNA,NA,0,0,0
MOBEAST004,T2,CCA,Table 2,2024-06-02,12:00:00,2.35,Bacteroidetes_BD2-2,0,DNA,NA,0,0,0
MOBEAST004,T2,CCA,Table 2,2024-06-02,12:00:00,2.35,Bacteroidia_unclassified,0.0018,DNA,NA,0,0.0018,0
MOBEAST004,T2,CCA,Table 2,2024-06-02,12:00:00,2.35,Bradymonadales_fa,0,DNA,NA,0,0,0
MOBEAST004,T2,CCA,Table 2,2024-06-02,12:00:00,2.35,Campylobacterales_unclassified,0,DNA,NA,0,0,0
MOBEAST004,T2,CCA,Table 2,2024-06-02,12:00:00,2.35,Campylobacteria_unclassified,2e-4,DNA,NA,0,2e-4,0
MOBEAST004,T2,CCA,Table 2,2024-06-02,12:00:00,2.35,Cellvibrionaceae,0.023,DNA,NA,0,0.02185,0.00115
MOBEAST004,T2,CCA,Table 2,2024-06-02,12:00:00,2.35,Clade_I,0.0028,DNA,NA,0,-0.01455,0.01735
MOBEAST004,T2,CCA,Table 2,2024-06-02,12:00:00,2.35,Clade_II,0.0026,DNA,NA,0,-0.0036000000000000008,0.006200000000000001
MOBEAST004,T2,CCA,Table 2,2024-06-02,12:00:00,2.35,Clade_IV,0,DNA,NA,0,-4e-4,4e-4
MOBEAST004,T2,CCA,Table 2,2024-06-02,12:00:00,2.35,Colwelliaceae,0.003,DNA,NA,0,0.003,0
MOBEAST004,T2,CCA,Table 2,2024-06-02,12:00:00,2.35,Cryomorphaceae,0.0015,DNA,NA,0,-0.005549999999999999,0.00705
MOBEAST004,T2,CCA,Table 2,2024-06-02,12:00:00,2.35,Cyanobiaceae,0.1202,DNA,NA,0,-0.3198,0.43999999999999995
MOBEAST004,T2,CCA,Table 2,2024-06-02,12:00:00,2.35,Cyclobacteriaceae,2e-4,DNA,NA,0,-9.999999999999996e-5,3e-4
MOBEAST004,T2,CCA,Table 2,2024-06-02,12:00:00,2.35,Deltaproteobacteria_unclassified,0.0121,DNA,NA,0,0.0121,0
MOBEAST004,T2,CCA,Table 2,2024-06-02,12:00:00,2.35,Desulfovibrionaceae,5e-4,DNA,NA,0,5e-4,0
MOBEAST004,T2,CCA,Table 2,2024-06-02,12:00:00,2.35,Desulfuromonadaceae,1e-4,DNA,NA,0,1e-4,0
MOBEAST004,T2,CCA,Table 2,2024-06-02,12:00:00,2.35,Ectothiorhodospiraceae,3e-4,DNA,NA,0,-9.000000000000002e-4,0.0012000000000000001
MOBEAST004,T2,CCA,Table 2,2024-06-02,12:00:00,2.35,Endozoicomonadaceae,0,DNA,NA,0,-5e-4,5e-4
MOBEAST004,T2,CCA,Table 2,2024-06-02,12:00:00,2.35,Flavobacteriaceae,0.0341,DNA,NA,0,-0.02595,0.06005
MOBEAST004,T2,CCA,Table 2,2024-06-02,12:00:00,2.35,Francisellaceae,7e-4,DNA,NA,0,7e-4,0
MOBEAST004,T2,CCA,Table 2,2024-06-02,12:00:00,2.35,Gammaproteobacteria_unclassified,0,DNA,NA,0,-0.005949999999999995,0.005949999999999995
MOBEAST004,T2,CCA,Table 2,2024-06-02,12:00:00,2.35,Halieaceae,0.0034,DNA,NA,0,-0.017349999999999997,0.020749999999999998
MOBEAST004,T2,CCA,Table 2,2024-06-02,12:00:00,2.35,Halomonadaceae,0.0024,DNA,NA,0,0.0024,0
MOBEAST004,T2,CCA,Table 2,2024-06-02,12:00:00,2.35,Helicobacteraceae,0,DNA,NA,0,0,0
MOBEAST004,T2,CCA,Table 2,2024-06-02,12:00:00,2.35,Hyphomonadaceae,0.0036,DNA,NA,0,0.0036,0
MOBEAST004,T2,CCA,Table 2,2024-06-02,12:00:00,2.35,Idiomarinaceae,0,DNA,NA,0,0,0
MOBEAST004,T2,CCA,Table 2,2024-06-02,12:00:00,2.35,JGI_0000069-P22_fa,0.0019,DNA,NA,0,0.0019,0
MOBEAST004,T2,CCA,Table 2,2024-06-02,12:00:00,2.35,KI89A_clade_fa,0,DNA,NA,0,-3.0000000000000003e-4,3.0000000000000003e-4
MOBEAST004,T2,CCA,Table 2,2024-06-02,12:00:00,2.35,Kiritimatiellaceae,5e-4,DNA,NA,0,5e-4,0
MOBEAST004,T2,CCA,Table 2,2024-06-02,12:00:00,2.35,Leptotrichiaceae,0,DNA,NA,0,0,0
MOBEAST004,T2,CCA,Table 2,2024-06-02,12:00:00,2.35,Litoricolaceae,0.0031,DNA,NA,0,-0.0021,0.0052
MOBEAST004,T2,CCA,Table 2,2024-06-02,12:00:00,2.35,Marine_Group_II_fa,0,DNA,NA,0,-0.03755,0.03755
MOBEAST004,T2,CCA,Table 2,2024-06-02,12:00:00,2.35,Marinifilaceae,0,DNA,NA,0,0,0
MOBEAST004,T2,CCA,Table 2,2024-06-02,12:00:00,2.35,Marinilabiliaceae,5e-4,DNA,NA,0,5e-4,0
MOBEAST004,T2,CCA,Table 2,2024-06-02,12:00:00,2.35,Marinimicrobia_(SAR406_clade)_fa,8e-4,DNA,NA,0,-0.0037500000000000003,0.00455
MOBEAST004,T2,CCA,Table 2,2024-06-02,12:00:00,2.35,Marinobacteraceae,0,DNA,NA,0,0,0
MOBEAST004,T2,CCA,Table 2,2024-06-02,12:00:00,2.35,Marinomonadaceae,0,DNA,NA,0,0,0
MOBEAST004,T2,CCA,Table 2,2024-06-02,12:00:00,2.35,Methylophilaceae,9e-4,DNA,NA,0,-0.0017500000000000005,0.0026500000000000004
MOBEAST004,T2,CCA,Table 2,2024-06-02,12:00:00,2.35,Micavibrionaceae,0.0016,DNA,NA,0,0.0016,0
MOBEAST004,T2,CCA,Table 2,2024-06-02,12:00:00,2.35,Microtrichaceae,0.0029,DNA,NA,0,-5.500000000000001e-4,0.00345
MOBEAST004,T2,CCA,Table 2,2024-06-02,12:00:00,2.35,Moraxellaceae,0.0011,DNA,NA,0,0.0011,0
MOBEAST004,T2,CCA,Table 2,2024-06-02,12:00:00,2.35,NS7_marine_group,1e-4,DNA,NA,0,-6e-4,7e-4
MOBEAST004,T2,CCA,Table 2,2024-06-02,12:00:00,2.35,NS9_marine_group,0.0012,DNA,NA,0,-0.004699999999999996,0.0058999999999999955
MOBEAST004,T2,CCA,Table 2,2024-06-02,12:00:00,2.35,Nannocystaceae,0,DNA,NA,0,-3.5e-4,3.5e-4
MOBEAST004,T2,CCA,Table 2,2024-06-02,12:00:00,2.35,Nitrincolaceae,0.0952,DNA,NA,0,0.09335000000000002,0.001849999999999995
MOBEAST004,T2,CCA,Table 2,2024-06-02,12:00:00,2.35,Nitrosopumilaceae,6e-4,DNA,NA,0,2.4999999999999995e-4,3.5e-4
MOBEAST004,T2,CCA,Table 2,2024-06-02,12:00:00,2.35,OM182_clade_fa,0,DNA,NA,0,-0.004699999999999999,0.004699999999999999
MOBEAST004,T2,CCA,Table 2,2024-06-02,12:00:00,2.35,Oleiphilaceae,0.002,DNA,NA,0,0.00115,8.500000000000001e-4
MOBEAST004,T2,CCA,Table 2,2024-06-02,12:00:00,2.35,Oligoflexaceae,0,DNA,NA,0,-2.5e-4,2.5e-4
MOBEAST004,T2,CCA,Table 2,2024-06-02,12:00:00,2.35,Pirellulaceae,0.001,DNA,NA,0,-0.004149999999999995,0.005149999999999995
MOBEAST004,T2,CCA,Table 2,2024-06-02,12:00:00,2.35,Piscirickettsiaceae,0,DNA,NA,0,-4e-4,4e-4
MOBEAST004,T2,CCA,Table 2,2024-06-02,12:00:00,2.35,Prolixibacteraceae,0,DNA,NA,0,0,0
MOBEAST004,T2,CCA,Table 2,2024-06-02,12:00:00,2.35,Pseudoalteromonadaceae,0.0085,DNA,NA,0,0.008100000000000001,4e-4
MOBEAST004,T2,CCA,Table 2,2024-06-02,12:00:00,2.35,Pseudohongiellaceae,0,DNA,NA,0,-0.00195,0.00195
MOBEAST004,T2,CCA,Table 2,2024-06-02,12:00:00,2.35,Pseudomonadaceae,5e-4,DNA,NA,0,5e-4,0
MOBEAST004,T2,CCA,Table 2,2024-06-02,12:00:00,2.35,Puniceicoccaceae,6e-4,DNA,NA,0,6e-4,0
MOBEAST004,T2,CCA,Table 2,2024-06-02,12:00:00,2.35,Rhodospirillaceae,0,DNA,NA,0,0,0
MOBEAST004,T2,CCA,Table 2,2024-06-02,12:00:00,2.35,Rubinisphaeraceae,0,DNA,NA,0,-9e-4,9e-4
MOBEAST004,T2,CCA,Table 2,2024-06-02,12:00:00,2.35,S25-593,0,DNA,NA,0,-9.500000000000001e-4,9.500000000000001e-4
MOBEAST004,T2,CCA,Table 2,2024-06-02,12:00:00,2.35,SAR116_clade,0.004,DNA,NA,0,-0.039400000000000004,0.0434
MOBEAST004,T2,CCA,Table 2,2024-06-02,12:00:00,2.35,SAR202_clade_fa,0,DNA,NA,0,-3e-4,3e-4
MOBEAST004,T2,CCA,Table 2,2024-06-02,12:00:00,2.35,SAR324_clade(Marine_group_B)_fa,3e-4,DNA,NA,0,-5.000000000000002e-5,3.5e-4
MOBEAST004,T2,CCA,Table 2,2024-06-02,12:00:00,2.35,SAR86_clade_fa,0.0051,DNA,NA,0,-0.0284,0.0335
MOBEAST004,T2,CCA,Table 2,2024-06-02,12:00:00,2.35,Saccharospirillaceae,0.0074,DNA,NA,0,-0.011049999999999994,0.018449999999999994
MOBEAST004,T2,CCA,Table 2,2024-06-02,12:00:00,2.35,Saprospiraceae,0,DNA,NA,0,0,0
MOBEAST004,T2,CCA,Table 2,2024-06-02,12:00:00,2.35,Sphingomonadaceae,0,DNA,NA,0,-5e-5,5e-5
MOBEAST004,T2,CCA,Table 2,2024-06-02,12:00:00,2.35,Spirochaetaceae,3e-4,DNA,NA,0,3e-4,0
MOBEAST004,T2,CCA,Table 2,2024-06-02,12:00:00,2.35,Spongiibacteraceae,0,DNA,NA,0,0,0
MOBEAST004,T2,CCA,Table 2,2024-06-02,12:00:00,2.35,Terasakiellaceae,0,DNA,NA,0,0,0
MOBEAST004,T2,CCA,Table 2,2024-06-02,12:00:00,2.35,Thalassospiraceae,0,DNA,NA,0,0,0
MOBEAST004,T2,CCA,Table 2,2024-06-02,12:00:00,2.35,Thiomicrospiraceae,0,DNA,NA,0,0,0
MOBEAST004,T2,CCA,Table 2,2024-06-02,12:00:00,2.35,Vibrionaceae,0.0364,DNA,NA,0,0.034050000000000004,0.00235
MOBEAST004,T2,CCA,Table 2,2024-06-02,12:00:00,2.35,Woesearchaeia_fa,0,DNA,NA,0,-1e-4,1e-4
MOBEAST004,T2,CCA,Table 2,2024-06-02,12:00:00,2.35,uncultured_fa,0,DNA,NA,0,0,0
MOBEAST005,T3,Control,Table 2,2024-06-02,12:00:00,1.3,het_bact,671.664,FCM,cell/µL,0,140.3555,531.3085
MOBEAST005,T3,Control,Table 2,2024-06-02,12:00:00,1.3,pico_euk,2.962,FCM,cell/µL,0,NA,NA
MOBEAST005,T3,Control,Table 2,2024-06-02,12:00:00,1.3,syn,112.729,FCM,cell/µL,0,-6.120999999999995,118.85
MOBEAST005,T3,Control,Table 2,2024-06-02,12:00:00,1.3,pro,16.772,FCM,cell/µL,0,-2.6865000000000023,19.4585
MOBEAST005,T3,Control,Table 2,2024-06-02,12:00:00,1.3,tot_bact,801.165,FCM,cell/µL,0,131.54849999999988,669.6165000000001
MOBEAST005,T3,Control,Table 2,2024-06-02,12:00:00,1.3,cyano,129.50099999999998,FCM,cell/µL,0,-8.807500000000061,138.30850000000004
MOBEAST005,T3,Control,Table 2,2024-06-02,12:00:00,1.3,chla_conc,0.0764,chla,µg/L,0,0.0308,0.045599999999999995
MOBEAST005,T3,Control,Table 2,2024-06-02,12:00:00,1.3,tn_u_m,25.7275684731831,DOC,µmol/L,0,13.875859410139451,11.85170906304365
MOBEAST005,T3,Control,Table 2,2024-06-02,12:00:00,1.3,coble_a,0.00669604836955613,fDOM,R.U.,0,-0.0011432238471272092,0.00783927221668334
MOBEAST005,T3,Control,Table 2,2024-06-02,12:00:00,1.3,coble_b,0.0738940509924444,fDOM,R.U.,0,0.030254099112513796,0.0436399518799306
MOBEAST005,T3,Control,Table 2,2024-06-02,12:00:00,1.3,coble_c,0.00585434493565206,fDOM,R.U.,0,0.00145133924489433,0.00440300569075773
MOBEAST005,T3,Control,Table 2,2024-06-02,12:00:00,1.3,coble_m,0.0101728636907881,fDOM,R.U.,0,9.933799863195581e-4,0.009179483704468541
MOBEAST005,T3,Control,Table 2,2024-06-02,12:00:00,1.3,coble_t,0.0821615539097586,fDOM,R.U.,0,0.029860627655467598,0.052300926254291
MOBEAST005,T3,Control,Table 2,2024-06-02,12:00:00,1.3,m_to_c,1.737660456054942,fDOM,R.U.,0,-0.171366324639048,1.90902678069399
MOBEAST005,T3,Control,Table 2,2024-06-02,12:00:00,1.3,bix,1.04774754070578,fDOM,R.U.,0,0.3746304659466799,0.6731170747591
MOBEAST005,T3,Control,Table 2,2024-06-02,12:00:00,1.3,hix,0.257161768669714,fDOM,R.U.,0,-0.14948237918339252,0.40664414785310654
MOBEAST005,T3,Control,Table 2,2024-06-02,12:00:00,1.3,fpeak,0.0358451535408891,fDOM,R.U.,0,0.002484014177816102,0.033361139363073
MOBEAST005,T3,Control,Table 2,2024-06-02,12:00:00,1.3,fi,2.06276625464932,fDOM,R.U.,0,0.34589920621457515,1.716867048434745
MOBEAST005,T3,Control,Table 2,2024-06-02,12:00:00,1.3,lignin,0.0590873668425802,fDOM,R.U.,0,0.025066917771735253,0.03402044907084495
MOBEAST005,T3,Control,Table 2,2024-06-02,12:00:00,1.3,N_N,1.332,nutrients,µmol/L,0,0.12450000000000006,1.2075
MOBEAST005,T3,Control,Table 2,2024-06-02,12:00:00,1.3,NO2,0.1264346843,nutrients,µmol/L,0,0.029995311814999995,0.096439372485
MOBEAST005,T3,Control,Table 2,2024-06-02,12:00:00,1.3,PO4,0.077,nutrients,µmol/L,0,-0.0035802376399999974,0.08058023764
MOBEAST005,T3,Control,Table 2,2024-06-02,12:00:00,1.3,NH3,1.92283021,nutrients,µmol/L,0,1.4385497176,0.48428049240000004
MOBEAST005,T3,Control,Table 2,2024-06-02,12:00:00,1.3,NO3,1.2055653157,nutrients,µmol/L,0,0.0945046881849998,1.1110606275150001
MOBEAST005,T3,Control,Table 2,2024-06-02,12:00:00,1.3,ph_diff,-0.0042792937268441,carbonate,NA,0,-0.0042792937268441,0
MOBEAST005,T3,Control,Table 2,2024-06-02,12:00:00,1.3,delta_ta,2.7899999999999636,carbonate,NA,0,2.7899999999999636,0
MOBEAST005,T3,Control,Table 2,2024-06-02,12:00:00,1.3,do_mg_l,4.42,residence time,NA,0,NA,NA
MOBEAST005,T3,Control,Table 2,2024-06-02,12:00:00,1.3,ta,2357.832,carbonate,NA,0,8.719499999999698,2349.1125
MOBEAST005,T3,Control,Table 2,2024-06-02,12:00:00,1.3,dic_mmol_kg,2020.1386603399185,residence time,NA,0,NA,NA
MOBEAST005,T3,Control,Table 2,2024-06-02,12:00:00,1.3,ph,8.024696682409745,carbonate,NA,0,-0.012451608736574471,8.03714829114632
MOBEAST005,T3,Control,Table 2,2024-06-02,12:00:00,1.3,AEGEAN-169_marine_group,0.0037,DNA,NA,0,-0.011649999999999999,0.015349999999999999
MOBEAST005,T3,Control,Table 2,2024-06-02,12:00:00,1.3,Actinomarinaceae,0.0025,DNA,NA,0,-0.011399999999999999,0.0139
MOBEAST005,T3,Control,Table 2,2024-06-02,12:00:00,1.3,Alcanivoracaceae,6e-4,DNA,NA,0,6e-4,0
MOBEAST005,T3,Control,Table 2,2024-06-02,12:00:00,1.3,Alteromonadaceae,0.0556,DNA,NA,0,0.04415000000000001,0.01144999999999999
MOBEAST005,T3,Control,Table 2,2024-06-02,12:00:00,1.3,Alteromonadales_unclassified,0.02719999999999999,DNA,NA,0,0.02719999999999999,0
MOBEAST005,T3,Control,Table 2,2024-06-02,12:00:00,1.3,Anaerolineae_unclassified,0.0065,DNA,NA,0,0.0065,0
MOBEAST005,T3,Control,Table 2,2024-06-02,12:00:00,1.3,Arctic97B-4_marine_group_fa,0,DNA,NA,0,-0.0025,0.0025
MOBEAST005,T3,Control,Table 2,2024-06-02,12:00:00,1.3,Arenicellaceae,0.0033,DNA,NA,0,0.0030499999999999998,2.5e-4
MOBEAST005,T3,Control,Table 2,2024-06-02,12:00:00,1.3,Bacteria_unclassified,0,DNA,NA,0,0,0
MOBEAST005,T3,Control,Table 2,2024-06-02,12:00:00,1.3,Bacteriovoracaceae,0.0043,DNA,NA,0,0.00425,5e-5
MOBEAST005,T3,Control,Table 2,2024-06-02,12:00:00,1.3,Bacteroidales_unclassified,0,DNA,NA,0,0,0
MOBEAST005,T3,Control,Table 2,2024-06-02,12:00:00,1.3,Bacteroidetes_BD2-2,4e-4,DNA,NA,0,4e-4,0
MOBEAST005,T3,Control,Table 2,2024-06-02,12:00:00,1.3,Bacteroidia_unclassified,7e-4,DNA,NA,0,7e-4,0
MOBEAST005,T3,Control,Table 2,2024-06-02,12:00:00,1.3,Bradymonadales_fa,0,DNA,NA,0,0,0
MOBEAST005,T3,Control,Table 2,2024-06-02,12:00:00,1.3,Campylobacteria_unclassified,0,DNA,NA,0,0,0
MOBEAST005,T3,Control,Table 2,2024-06-02,12:00:00,1.3,Cellvibrionaceae,0.00739999999999999,DNA,NA,0,0.00624999999999999,0.00115
MOBEAST005,T3,Control,Table 2,2024-06-02,12:00:00,1.3,Clade_I,0.0047,DNA,NA,0,-0.012650000000000002,0.01735
MOBEAST005,T3,Control,Table 2,2024-06-02,12:00:00,1.3,Clade_II,0.0018,DNA,NA,0,-0.004400000000000001,0.006200000000000001
MOBEAST005,T3,Control,Table 2,2024-06-02,12:00:00,1.3,Clade_IV,0,DNA,NA,0,-4e-4,4e-4
MOBEAST005,T3,Control,Table 2,2024-06-02,12:00:00,1.3,Cryomorphaceae,0.0019,DNA,NA,0,-0.00515,0.00705
MOBEAST005,T3,Control,Table 2,2024-06-02,12:00:00,1.3,Cyclobacteriaceae,0,DNA,NA,0,-3e-4,3e-4
MOBEAST005,T3,Control,Table 2,2024-06-02,12:00:00,1.3,Deltaproteobacteria_unclassified,0,DNA,NA,0,0,0
MOBEAST005,T3,Control,Table 2,2024-06-02,12:00:00,1.3,Desulfovibrionaceae,0.0014,DNA,NA,0,0.0014,0
MOBEAST005,T3,Control,Table 2,2024-06-02,12:00:00,1.3,Desulfuromonadaceae,0.0014,DNA,NA,0,0.0014,0
MOBEAST005,T3,Control,Table 2,2024-06-02,12:00:00,1.3,Ectothiorhodospiraceae,5e-4,DNA,NA,0,-7.000000000000001e-4,0.0012000000000000001
MOBEAST005,T3,Control,Table 2,2024-06-02,12:00:00,1.3,Endozoicomonadaceae,0.0017,DNA,NA,0,0.0012,5e-4
MOBEAST005,T3,Control,Table 2,2024-06-02,12:00:00,1.3,Flavobacteriaceae,0.01989999999999999,DNA,NA,0,-0.040150000000000005,0.06005
MOBEAST005,T3,Control,Table 2,2024-06-02,12:00:00,1.3,Francisellaceae,0.0036,DNA,NA,0,0.0036,0
MOBEAST005,T3,Control,Table 2,2024-06-02,12:00:00,1.3,Gammaproteobacteria_unclassified,0.0019,DNA,NA,0,-0.0040499999999999954,0.005949999999999995
MOBEAST005,T3,Control,Table 2,2024-06-02,12:00:00,1.3,Halieaceae,0.0019,DNA,NA,0,-0.01885,0.020749999999999998
MOBEAST005,T3,Control,Table 2,2024-06-02,12:00:00,1.3,Halomonadaceae,0.0013,DNA,NA,0,0.0013,0
MOBEAST005,T3,Control,Table 2,2024-06-02,12:00:00,1.3,Helicobacteraceae,0.002,DNA,NA,0,0.002,0
MOBEAST005,T3,Control,Table 2,2024-06-02,12:00:00,1.3,Hyphomonadaceae,0.0026,DNA,NA,0,0.0026,0
MOBEAST005,T3,Control,Table 2,2024-06-02,12:00:00,1.3,Idiomarinaceae,3e-4,DNA,NA,0,3e-4,0
MOBEAST005,T3,Control,Table 2,2024-06-02,12:00:00,1.3,JGI_0000069-P22_fa,0,DNA,NA,0,0,0
MOBEAST005,T3,Control,Table 2,2024-06-02,12:00:00,1.3,KI89A_clade_fa,0,DNA,NA,0,-3.0000000000000003e-4,3.0000000000000003e-4
MOBEAST005,T3,Control,Table 2,2024-06-02,12:00:00,1.3,Kiritimatiellaceae,0.0026,DNA,NA,0,0.0026,0
MOBEAST005,T3,Control,Table 2,2024-06-02,12:00:00,1.3,Litoricolaceae,0.0049,DNA,NA,0,-2.999999999999999e-4,0.0052
MOBEAST005,T3,Control,Table 2,2024-06-02,12:00:00,1.3,Marine_Group_II_fa,0.0015,DNA,NA,0,-0.03605,0.03755
MOBEAST005,T3,Control,Table 2,2024-06-02,12:00:00,1.3,Marinifilaceae,0,DNA,NA,0,0,0
MOBEAST005,T3,Control,Table 2,2024-06-02,12:00:00,1.3,Marinilabiliaceae,0.0038,DNA,NA,0,0.0038,0
MOBEAST005,T3,Control,Table 2,2024-06-02,12:00:00,1.3,Marinimicrobia_(SAR406_clade)_fa,7e-4,DNA,NA,0,-0.00385,0.00455
MOBEAST005,T3,Control,Table 2,2024-06-02,12:00:00,1.3,Marinobacteraceae,0,DNA,NA,0,0,0
MOBEAST005,T3,Control,Table 2,2024-06-02,12:00:00,1.3,Marinomonadaceae,0.001,DNA,NA,0,0.001,0
MOBEAST005,T3,Control,Table 2,2024-06-02,12:00:00,1.3,Methylophilaceae,9e-4,DNA,NA,0,-0.0017500000000000005,0.0026500000000000004
MOBEAST005,T3,Control,Table 2,2024-06-02,12:00:00,1.3,Moraxellaceae,0,DNA,NA,0,0,0
MOBEAST005,T3,Control,Table 2,2024-06-02,12:00:00,1.3,NS7_marine_group,1e-4,DNA,NA,0,-6e-4,7e-4
MOBEAST005,T3,Control,Table 2,2024-06-02,12:00:00,1.3,NS9_marine_group,7e-4,DNA,NA,0,-0.005199999999999995,0.0058999999999999955
MOBEAST005,T3,Control,Table 2,2024-06-02,12:00:00,1.3,Nannocystaceae,0,DNA,NA,0,-3.5e-4,3.5e-4
MOBEAST005,T3,Control,Table 2,2024-06-02,12:00:00,1.3,Nitrincolaceae,0.0752,DNA,NA,0,0.07335000000000001,0.001849999999999995
MOBEAST005,T3,Control,Table 2,2024-06-02,12:00:00,1.3,Nitrosopumilaceae,0,DNA,NA,0,-3.5e-4,3.5e-4
MOBEAST005,T3,Control,Table 2,2024-06-02,12:00:00,1.3,OM182_clade_fa,5e-4,DNA,NA,0,-0.004199999999999999,0.004699999999999999
MOBEAST005,T3,Control,Table 2,2024-06-02,12:00:00,1.3,Oleiphilaceae,4e-4,DNA,NA,0,-4.5000000000000004e-4,8.500000000000001e-4
MOBEAST005,T3,Control,Table 2,2024-06-02,12:00:00,1.3,Oligoflexaceae,0,DNA,NA,0,-2.5e-4,2.5e-4
MOBEAST005,T3,Control,Table 2,2024-06-02,12:00:00,1.3,Pirellulaceae,2e-4,DNA,NA,0,-0.004949999999999995,0.005149999999999995
MOBEAST005,T3,Control,Table 2,2024-06-02,12:00:00,1.3,Piscirickettsiaceae,0,DNA,NA,0,-4e-4,4e-4
MOBEAST005,T3,Control,Table 2,2024-06-02,12:00:00,1.3,Prolixibacteraceae,0,DNA,NA,0,0,0
MOBEAST005,T3,Control,Table 2,2024-06-02,12:00:00,1.3,Pseudoalteromonadaceae,0.0058,DNA,NA,0,0.005399999999999999,4e-4
MOBEAST005,T3,Control,Table 2,2024-06-02,12:00:00,1.3,Pseudohongiellaceae,0,DNA,NA,0,-0.00195,0.00195
MOBEAST005,T3,Control,Table 2,2024-06-02,12:00:00,1.3,Pseudomonadaceae,0.0044,DNA,NA,0,0.0044,0
MOBEAST005,T3,Control,Table 2,2024-06-02,12:00:00,1.3,Puniceicoccaceae,0,DNA,NA,0,0,0
MOBEAST005,T3,Control,Table 2,2024-06-02,12:00:00,1.3,Rhodobacteraceae,0.28909999999999997,DNA,NA,0,0.17369999999999997,0.1154
MOBEAST005,T3,Control,Table 2,2024-06-02,12:00:00,1.3,Rhodospirillaceae,3e-4,DNA,NA,0,3e-4,0
MOBEAST005,T3,Control,Table 2,2024-06-02,12:00:00,1.3,Rubinisphaeraceae,0,DNA,NA,0,-9e-4,9e-4
MOBEAST005,T3,Control,Table 2,2024-06-02,12:00:00,1.3,S25-593,0,DNA,NA,0,-9.500000000000001e-4,9.500000000000001e-4
MOBEAST005,T3,Control,Table 2,2024-06-02,12:00:00,1.3,SAR116_clade,0.005,DNA,NA,0,-0.038400000000000004,0.0434
MOBEAST005,T3,Control,Table 2,2024-06-02,12:00:00,1.3,SAR202_clade_fa,0,DNA,NA,0,-3e-4,3e-4
MOBEAST005,T3,Control,Table 2,2024-06-02,12:00:00,1.3,SAR324_clade(Marine_group_B)_fa,0.0012,DNA,NA,0,8.499999999999998e-4,3.5e-4
MOBEAST005,T3,Control,Table 2,2024-06-02,12:00:00,1.3,SAR86_clade_fa,0.0046,DNA,NA,0,-0.028900000000000002,0.0335
MOBEAST005,T3,Control,Table 2,2024-06-02,12:00:00,1.3,Saccharospirillaceae,0.0115,DNA,NA,0,-0.006949999999999994,0.018449999999999994
MOBEAST005,T3,Control,Table 2,2024-06-02,12:00:00,1.3,Saprospiraceae,0.0012,DNA,NA,0,0.0012,0
MOBEAST005,T3,Control,Table 2,2024-06-02,12:00:00,1.3,Sphingomonadaceae,4e-4,DNA,NA,0,3.5e-4,5e-5
MOBEAST005,T3,Control,Table 2,2024-06-02,12:00:00,1.3,Spirochaetaceae,0.0015,DNA,NA,0,0.0015,0
MOBEAST005,T3,Control,Table 2,2024-06-02,12:00:00,1.3,Spongiibacteraceae,0,DNA,NA,0,0,0
MOBEAST005,T3,Control,Table 2,2024-06-02,12:00:00,1.3,Stappiaceae,0.0014,DNA,NA,0,0.0014,0
MOBEAST005,T3,Control,Table 2,2024-06-02,12:00:00,1.3,Thalassospiraceae,4e-4,DNA,NA,0,4e-4,0
MOBEAST005,T3,Control,Table 2,2024-06-02,12:00:00,1.3,Thiomicrospiraceae,0,DNA,NA,0,0,0
MOBEAST005,T3,Control,Table 2,2024-06-02,12:00:00,1.3,Vibrionaceae,0.05339999999999999,DNA,NA,0,0.05104999999999999,0.00235
MOBEAST005,T3,Control,Table 2,2024-06-02,12:00:00,1.3,Woesearchaeia_fa,0,DNA,NA,0,-1e-4,1e-4
MOBEAST005,T3,Control,Table 2,2024-06-02,12:00:00,1.3,uncultured_fa,0,DNA,NA,0,0,0
MOBEAST006,T4,Algae,Table 2,2024-06-02,12:00:00,2.5166666666666666,syn,85.15,FCM,cell/µL,0,-33.69999999999999,118.85
MOBEAST006,T4,Algae,Table 2,2024-06-02,12:00:00,2.5166666666666666,pro,19.5,FCM,cell/µL,0,0.041499999999999204,19.4585
MOBEAST006,T4,Algae,Table 2,2024-06-02,12:00:00,2.5166666666666666,cyano,104.64999999999998,FCM,cell/µL,0,-33.65850000000006,138.30850000000004
MOBEAST006,T4,Algae,Table 2,2024-06-02,12:00:00,2.5166666666666666,chla_conc,0.30519999999999997,chla,µg/L,0,0.2596,0.045599999999999995
MOBEAST006,T4,Algae,Table 2,2024-06-02,12:00:00,2.5166666666666666,tn_u_m,14.4829498263926,DOC,µmol/L,0,2.6312407633489503,11.85170906304365
MOBEAST006,T4,Algae,Table 2,2024-06-02,12:00:00,2.5166666666666666,coble_a,0.0116062673467997,fDOM,R.U.,0,0.003766995130116361,0.00783927221668334
MOBEAST006,T4,Algae,Table 2,2024-06-02,12:00:00,2.5166666666666666,coble_b,0.0497155458912274,fDOM,R.U.,0,0.0060755940112968004,0.0436399518799306
MOBEAST006,T4,Algae,Table 2,2024-06-02,12:00:00,2.5166666666666666,coble_c,0.0107713771411973,fDOM,R.U.,0,0.0063683714504395705,0.00440300569075773
MOBEAST006,T4,Algae,Table 2,2024-06-02,12:00:00,2.5166666666666666,coble_m,0.0131371632353457,fDOM,R.U.,0,0.003957679530877159,0.009179483704468541
MOBEAST006,T4,Algae,Table 2,2024-06-02,12:00:00,2.5166666666666666,coble_t,0.0554571313831756,fDOM,R.U.,0,0.0031562051288845996,0.052300926254291
MOBEAST006,T4,Algae,Table 2,2024-06-02,12:00:00,2.5166666666666666,m_to_c,1.219636362475878,fDOM,R.U.,0,-0.6893904182181121,1.90902678069399
MOBEAST006,T4,Algae,Table 2,2024-06-02,12:00:00,2.5166666666666666,bix,0.700776730184215,fDOM,R.U.,0,0.02765965542511506,0.6731170747591
MOBEAST006,T4,Algae,Table 2,2024-06-02,12:00:00,2.5166666666666666,hix,0.519895191089651,fDOM,R.U.,0,0.11325104323654445,0.40664414785310654
MOBEAST006,T4,Algae,Table 2,2024-06-02,12:00:00,2.5166666666666666,fpeak,0.0371130699600357,fDOM,R.U.,0,0.003751930596962702,0.033361139363073
MOBEAST006,T4,Algae,Table 2,2024-06-02,12:00:00,2.5166666666666666,fi,1.53329445553414,fDOM,R.U.,0,-0.18357259290060512,1.716867048434745
MOBEAST006,T4,Algae,Table 2,2024-06-02,12:00:00,2.5166666666666666,lignin,0,fDOM,R.U.,0,-0.03402044907084495,0.03402044907084495
MOBEAST006,T4,Algae,Table 2,2024-06-02,12:00:00,2.5166666666666666,N_N,0.324,nutrients,µmol/L,0,-0.8835,1.2075
MOBEAST006,T4,Algae,Table 2,2024-06-02,12:00:00,2.5166666666666666,NO2,0.01,nutrients,µmol/L,0,-0.086439372485,0.096439372485
MOBEAST006,T4,Algae,Table 2,2024-06-02,12:00:00,2.5166666666666666,PO4,0.08837706936,nutrients,µmol/L,0,0.007796831720000008,0.08058023764
MOBEAST006,T4,Algae,Table 2,2024-06-02,12:00:00,2.5166666666666666,SiO2,0.7614242254,nutrients,µmol/L,0,-0.24312803259999993,1.004552258
MOBEAST006,T4,Algae,Table 2,2024-06-02,12:00:00,2.5166666666666666,NH3,0.1262719034,nutrients,µmol/L,0,-0.35800858900000004,0.48428049240000004
MOBEAST006,T4,Algae,Table 2,2024-06-02,12:00:00,2.5166666666666666,NO3,0.314,nutrients,µmol/L,0,-0.7970606275150001,1.1110606275150001
MOBEAST006,T4,Algae,Table 2,2024-06-02,12:00:00,2.5166666666666666,ph_diff,0.04521597464725246,carbonate,NA,0,0.04521597464725246,0
MOBEAST006,T4,Algae,Table 2,2024-06-02,12:00:00,2.5166666666666666,delta_ta,70.58199999999988,carbonate,NA,0,70.58199999999988,0
MOBEAST006,T4,Algae,Table 2,2024-06-02,12:00:00,2.5166666666666666,do_mg_l,4.56,residence time,NA,0,NA,NA
MOBEAST006,T4,Algae,Table 2,2024-06-02,12:00:00,2.5166666666666666,ta,2425.624,carbonate,NA,0,76.51149999999961,2349.1125
MOBEAST006,T4,Algae,Table 2,2024-06-02,12:00:00,2.5166666666666666,dic_mmol_kg,2045.675476010122,residence time,NA,0,NA,NA
MOBEAST006,T4,Algae,Table 2,2024-06-02,12:00:00,2.5166666666666666,ph,8.072699629376068,carbonate,NA,0,0.0355513382297481,8.03714829114632
MOBEAST006,T4,Algae,Table 2,2024-06-02,12:00:00,2.5166666666666666,AEGEAN-169_marine_group,0.0061,DNA,NA,0,-0.009249999999999998,0.015349999999999999
MOBEAST006,T4,Algae,Table 2,2024-06-02,12:00:00,2.5166666666666666,Actinomarinaceae,0.0038,DNA,NA,0,-0.0101,0.0139
MOBEAST006,T4,Algae,Table 2,2024-06-02,12:00:00,2.5166666666666666,Alcanivoracaceae,0.0025,DNA,NA,0,0.0025,0
MOBEAST006,T4,Algae,Table 2,2024-06-02,12:00:00,2.5166666666666666,Alphaproteobacteria_unclassified,0,DNA,NA,0,0,0
MOBEAST006,T4,Algae,Table 2,2024-06-02,12:00:00,2.5166666666666666,Alteromonadaceae,0.15330000000000002,DNA,NA,0,0.14185000000000003,0.01144999999999999
MOBEAST006,T4,Algae,Table 2,2024-06-02,12:00:00,2.5166666666666666,Alteromonadales_unclassified,0,DNA,NA,0,0,0
MOBEAST006,T4,Algae,Table 2,2024-06-02,12:00:00,2.5166666666666666,Anaerolineae_unclassified,0,DNA,NA,0,0,0
MOBEAST006,T4,Algae,Table 2,2024-06-02,12:00:00,2.5166666666666666,Arcobacteraceae,0,DNA,NA,0,0,0
MOBEAST006,T4,Algae,Table 2,2024-06-02,12:00:00,2.5166666666666666,Arctic97B-4_marine_group_fa,1e-4,DNA,NA,0,-0.0024000000000000002,0.0025
MOBEAST006,T4,Algae,Table 2,2024-06-02,12:00:00,2.5166666666666666,Arenicellaceae,1e-4,DNA,NA,0,-1.5000000000000001e-4,2.5e-4
MOBEAST006,T4,Algae,Table 2,2024-06-02,12:00:00,2.5166666666666666,Bacteria_unclassified,8e-4,DNA,NA,0,8e-4,0
MOBEAST006,T4,Algae,Table 2,2024-06-02,12:00:00,2.5166666666666666,Bacteriovoracaceae,3e-4,DNA,NA,0,2.4999999999999995e-4,5e-5
MOBEAST006,T4,Algae,Table 2,2024-06-02,12:00:00,2.5166666666666666,Bacteroidales_unclassified,0,DNA,NA,0,0,0
MOBEAST006,T4,Algae,Table 2,2024-06-02,12:00:00,2.5166666666666666,Bacteroidetes_BD2-2,0,DNA,NA,0,0,0
MOBEAST006,T4,Algae,Table 2,2024-06-02,12:00:00,2.5166666666666666,Bacteroidia_unclassified,0,DNA,NA,0,0,0
MOBEAST006,T4,Algae,Table 2,2024-06-02,12:00:00,2.5166666666666666,Bradymonadales_fa,0,DNA,NA,0,0,0
MOBEAST006,T4,Algae,Table 2,2024-06-02,12:00:00,2.5166666666666666,Campylobacterales_unclassified,0,DNA,NA,0,0,0
MOBEAST006,T4,Algae,Table 2,2024-06-02,12:00:00,2.5166666666666666,Campylobacteria_unclassified,0,DNA,NA,0,0,0
MOBEAST006,T4,Algae,Table 2,2024-06-02,12:00:00,2.5166666666666666,Cellvibrionaceae,0.0086,DNA,NA,0,0.00745,0.00115
MOBEAST006,T4,Algae,Table 2,2024-06-02,12:00:00,2.5166666666666666,Clade_I,0.0078,DNA,NA,0,-0.009550000000000001,0.01735
MOBEAST006,T4,Algae,Table 2,2024-06-02,12:00:00,2.5166666666666666,Clade_II,0.0019,DNA,NA,0,-0.004300000000000001,0.006200000000000001
MOBEAST006,T4,Algae,Table 2,2024-06-02,12:00:00,2.5166666666666666,Clade_IV,0,DNA,NA,0,-4e-4,4e-4
MOBEAST006,T4,Algae,Table 2,2024-06-02,12:00:00,2.5166666666666666,Colwelliaceae,0,DNA,NA,0,0,0
MOBEAST006,T4,Algae,Table 2,2024-06-02,12:00:00,2.5166666666666666,Cryomorphaceae,0.0024,DNA,NA,0,-0.00465,0.00705
MOBEAST006,T4,Algae,Table 2,2024-06-02,12:00:00,2.5166666666666666,Cyanobiaceae,0.2016,DNA,NA,0,-0.23839999999999995,0.43999999999999995
MOBEAST006,T4,Algae,Table 2,2024-06-02,12:00:00,2.5166666666666666,Cyclobacteriaceae,2e-4,DNA,NA,0,-9.999999999999996e-5,3e-4
MOBEAST006,T4,Algae,Table 2,2024-06-02,12:00:00,2.5166666666666666,Deltaproteobacteria_unclassified,0,DNA,NA,0,0,0
MOBEAST006,T4,Algae,Table 2,2024-06-02,12:00:00,2.5166666666666666,Desulfovibrionaceae,0,DNA,NA,0,0,0
MOBEAST006,T4,Algae,Table 2,2024-06-02,12:00:00,2.5166666666666666,Desulfuromonadaceae,0,DNA,NA,0,0,0
MOBEAST006,T4,Algae,Table 2,2024-06-02,12:00:00,2.5166666666666666,Ectothiorhodospiraceae,2e-4,DNA,NA,0,-0.001,0.0012000000000000001
MOBEAST006,T4,Algae,Table 2,2024-06-02,12:00:00,2.5166666666666666,Endozoicomonadaceae,0.002,DNA,NA,0,0.0015,5e-4
MOBEAST006,T4,Algae,Table 2,2024-06-02,12:00:00,2.5166666666666666,Flavobacteriaceae,0.03370000000000001,DNA,NA,0,-0.02634999999999999,0.06005
MOBEAST006,T4,Algae,Table 2,2024-06-02,12:00:00,2.5166666666666666,Francisellaceae,0,DNA,NA,0,0,0
MOBEAST006,T4,Algae,Table 2,2024-06-02,12:00:00,2.5166666666666666,Gammaproteobacteria_unclassified,0,DNA,NA,0,-0.005949999999999995,0.005949999999999995
MOBEAST006,T4,Algae,Table 2,2024-06-02,12:00:00,2.5166666666666666,Halieaceae,0.0026,DNA,NA,0,-0.01815,0.020749999999999998
MOBEAST006,T4,Algae,Table 2,2024-06-02,12:00:00,2.5166666666666666,Helicobacteraceae,0,DNA,NA,0,0,0
MOBEAST006,T4,Algae,Table 2,2024-06-02,12:00:00,2.5166666666666666,Hyphomonadaceae,0.0027,DNA,NA,0,0.0027,0
MOBEAST006,T4,Algae,Table 2,2024-06-02,12:00:00,2.5166666666666666,JGI_0000069-P22_fa,4e-4,DNA,NA,0,4e-4,0
MOBEAST006,T4,Algae,Table 2,2024-06-02,12:00:00,2.5166666666666666,KI89A_clade_fa,0,DNA,NA,0,-3.0000000000000003e-4,3.0000000000000003e-4
MOBEAST006,T4,Algae,Table 2,2024-06-02,12:00:00,2.5166666666666666,Kiritimatiellaceae,0,DNA,NA,0,0,0
MOBEAST006,T4,Algae,Table 2,2024-06-02,12:00:00,2.5166666666666666,Leptotrichiaceae,0,DNA,NA,0,0,0
MOBEAST006,T4,Algae,Table 2,2024-06-02,12:00:00,2.5166666666666666,Litoricolaceae,7e-4,DNA,NA,0,-0.0045,0.0052
MOBEAST006,T4,Algae,Table 2,2024-06-02,12:00:00,2.5166666666666666,Marine_Group_II_fa,0,DNA,NA,0,-0.03755,0.03755
MOBEAST006,T4,Algae,Table 2,2024-06-02,12:00:00,2.5166666666666666,Marinifilaceae,0,DNA,NA,0,0,0
MOBEAST006,T4,Algae,Table 2,2024-06-02,12:00:00,2.5166666666666666,Marinilabiliaceae,0,DNA,NA,0,0,0
MOBEAST006,T4,Algae,Table 2,2024-06-02,12:00:00,2.5166666666666666,Marinimicrobia_(SAR406_clade)_fa,0.0014,DNA,NA,0,-0.00315,0.00455
MOBEAST006,T4,Algae,Table 2,2024-06-02,12:00:00,2.5166666666666666,Marinobacteraceae,0,DNA,NA,0,0,0
MOBEAST006,T4,Algae,Table 2,2024-06-02,12:00:00,2.5166666666666666,Methylophilaceae,7e-4,DNA,NA,0,-0.0019500000000000003,0.0026500000000000004
MOBEAST006,T4,Algae,Table 2,2024-06-02,12:00:00,2.5166666666666666,Micavibrionaceae,5e-4,DNA,NA,0,5e-4,0
MOBEAST006,T4,Algae,Table 2,2024-06-02,12:00:00,2.5166666666666666,Microtrichaceae,0.0012,DNA,NA,0,-0.0022500000000000003,0.00345
MOBEAST006,T4,Algae,Table 2,2024-06-02,12:00:00,2.5166666666666666,Moraxellaceae,4e-4,DNA,NA,0,4e-4,0
MOBEAST006,T4,Algae,Table 2,2024-06-02,12:00:00,2.5166666666666666,NS7_marine_group,3e-4,DNA,NA,0,-4e-4,7e-4
MOBEAST006,T4,Algae,Table 2,2024-06-02,12:00:00,2.5166666666666666,NS9_marine_group,0.00159999999999999,DNA,NA,0,-0.004300000000000005,0.0058999999999999955
MOBEAST006,T4,Algae,Table 2,2024-06-02,12:00:00,2.5166666666666666,Nannocystaceae,3e-4,DNA,NA,0,-5.000000000000002e-5,3.5e-4
MOBEAST006,T4,Algae,Table 2,2024-06-02,12:00:00,2.5166666666666666,Nitrincolaceae,0.0018,DNA,NA,0,-4.9999999999995144e-5,0.001849999999999995
MOBEAST006,T4,Algae,Table 2,2024-06-02,12:00:00,2.5166666666666666,Nitrosopumilaceae,0,DNA,NA,0,-3.5e-4,3.5e-4
MOBEAST006,T4,Algae,Table 2,2024-06-02,12:00:00,2.5166666666666666,OM182_clade_fa,4e-4,DNA,NA,0,-0.004299999999999999,0.004699999999999999
MOBEAST006,T4,Algae,Table 2,2024-06-02,12:00:00,2.5166666666666666,Oleiphilaceae,0,DNA,NA,0,-8.500000000000001e-4,8.500000000000001e-4
MOBEAST006,T4,Algae,Table 2,2024-06-02,12:00:00,2.5166666666666666,Oligoflexaceae,0,DNA,NA,0,-2.5e-4,2.5e-4
MOBEAST006,T4,Algae,Table 2,2024-06-02,12:00:00,2.5166666666666666,Pirellulaceae,4e-4,DNA,NA,0,-0.004749999999999995,0.005149999999999995
MOBEAST006,T4,Algae,Table 2,2024-06-02,12:00:00,2.5166666666666666,Piscirickettsiaceae,0,DNA,NA,0,-4e-4,4e-4
MOBEAST006,T4,Algae,Table 2,2024-06-02,12:00:00,2.5166666666666666,Prolixibacteraceae,0,DNA,NA,0,0,0
MOBEAST006,T4,Algae,Table 2,2024-06-02,12:00:00,2.5166666666666666,Proteobacteria_unclassified,4e-4,DNA,NA,0,-0.002,0.0024000000000000002
MOBEAST006,T4,Algae,Table 2,2024-06-02,12:00:00,2.5166666666666666,Pseudohongiellaceae,0,DNA,NA,0,-0.00195,0.00195
MOBEAST006,T4,Algae,Table 2,2024-06-02,12:00:00,2.5166666666666666,Puniceicoccaceae,0,DNA,NA,0,0,0
MOBEAST006,T4,Algae,Table 2,2024-06-02,12:00:00,2.5166666666666666,Rhizobiaceae,0,DNA,NA,0,0,0
MOBEAST006,T4,Algae,Table 2,2024-06-02,12:00:00,2.5166666666666666,Rhodobacteraceae,0.28719999999999996,DNA,NA,0,0.17179999999999995,0.1154
MOBEAST006,T4,Algae,Table 2,2024-06-02,12:00:00,2.5166666666666666,Rhodospirillaceae,0,DNA,NA,0,0,0
MOBEAST006,T4,Algae,Table 2,2024-06-02,12:00:00,2.5166666666666666,Rubinisphaeraceae,5e-4,DNA,NA,0,-3.9999999999999996e-4,9e-4
MOBEAST006,T4,Algae,Table 2,2024-06-02,12:00:00,2.5166666666666666,S25-593,2e-4,DNA,NA,0,-7.500000000000001e-4,9.500000000000001e-4
MOBEAST006,T4,Algae,Table 2,2024-06-02,12:00:00,2.5166666666666666,SAR116_clade,0.004,DNA,NA,0,-0.039400000000000004,0.0434
MOBEAST006,T4,Algae,Table 2,2024-06-02,12:00:00,2.5166666666666666,SAR202_clade_fa,0,DNA,NA,0,-3e-4,3e-4
MOBEAST006,T4,Algae,Table 2,2024-06-02,12:00:00,2.5166666666666666,SAR324_clade(Marine_group_B)_fa,0,DNA,NA,0,-3.5e-4,3.5e-4
MOBEAST006,T4,Algae,Table 2,2024-06-02,12:00:00,2.5166666666666666,SAR86_clade_fa,0.0074,DNA,NA,0,-0.0261,0.0335
MOBEAST006,T4,Algae,Table 2,2024-06-02,12:00:00,2.5166666666666666,Saccharospirillaceae,0.019,DNA,NA,0,5.500000000000053e-4,0.018449999999999994
MOBEAST006,T4,Algae,Table 2,2024-06-02,12:00:00,2.5166666666666666,Saprospiraceae,0,DNA,NA,0,0,0
MOBEAST006,T4,Algae,Table 2,2024-06-02,12:00:00,2.5166666666666666,Spirochaetaceae,0,DNA,NA,0,0,0
MOBEAST006,T4,Algae,Table 2,2024-06-02,12:00:00,2.5166666666666666,Spongiibacteraceae,9e-4,DNA,NA,0,9e-4,0
MOBEAST006,T4,Algae,Table 2,2024-06-02,12:00:00,2.5166666666666666,Stappiaceae,0,DNA,NA,0,0,0
MOBEAST006,T4,Algae,Table 2,2024-06-02,12:00:00,2.5166666666666666,Terasakiellaceae,0,DNA,NA,0,0,0
MOBEAST006,T4,Algae,Table 2,2024-06-02,12:00:00,2.5166666666666666,Thalassospiraceae,0,DNA,NA,0,0,0
MOBEAST006,T4,Algae,Table 2,2024-06-02,12:00:00,2.5166666666666666,Thiomicrospiraceae,0,DNA,NA,0,0,0
MOBEAST006,T4,Algae,Table 2,2024-06-02,12:00:00,2.5166666666666666,Vibrionaceae,0.0087,DNA,NA,0,0.00635,0.00235
MOBEAST006,T4,Algae,Table 2,2024-06-02,12:00:00,2.5166666666666666,Woesearchaeia_fa,0,DNA,NA,0,-1e-4,1e-4
MOBEAST006,T4,Algae,Table 2,2024-06-02,12:00:00,2.5166666666666666,uncultured_fa,0,DNA,NA,0,0,0
MOBEAST007,T5,CCA,Table 2,2024-06-02,12:00:00,2.3333333333333335,het_bact,474.867,FCM,cell/µL,0,-56.44149999999996,531.3085
MOBEAST007,T5,CCA,Table 2,2024-06-02,12:00:00,2.3333333333333335,pico_euk,1.9,FCM,cell/µL,0,NA,NA
MOBEAST007,T5,CCA,Table 2,2024-06-02,12:00:00,2.3333333333333335,syn,87.367,FCM,cell/µL,0,-31.48299999999999,118.85
MOBEAST007,T5,CCA,Table 2,2024-06-02,12:00:00,2.3333333333333335,pro,12.017,FCM,cell/µL,0,-7.441500000000001,19.4585
MOBEAST007,T5,CCA,Table 2,2024-06-02,12:00:00,2.3333333333333335,tot_bact,574.25,FCM,cell/µL,0,-95.36650000000009,669.6165000000001
MOBEAST007,T5,CCA,Table 2,2024-06-02,12:00:00,2.3333333333333335,cyano,99.38399999999996,FCM,cell/µL,0,-38.92450000000008,138.30850000000004
MOBEAST007,T5,CCA,Table 2,2024-06-02,12:00:00,2.3333333333333335,chla_conc,0.5448,chla,µg/L,0,0.4992,0.045599999999999995
MOBEAST007,T5,CCA,Table 2,2024-06-02,12:00:00,2.3333333333333335,tn_u_m,13.2835238374016,DOC,µmol/L,0,1.4318147743579495,11.85170906304365
MOBEAST007,T5,CCA,Table 2,2024-06-02,12:00:00,2.3333333333333335,coble_a,0.00717105420229528,fDOM,R.U.,0,-6.682180143880593e-4,0.00783927221668334
MOBEAST007,T5,CCA,Table 2,2024-06-02,12:00:00,2.3333333333333335,coble_b,0.0842049843998443,fDOM,R.U.,0,0.040565032519913696,0.0436399518799306
MOBEAST007,T5,CCA,Table 2,2024-06-02,12:00:00,2.3333333333333335,coble_c,0.00519902281090358,fDOM,R.U.,0,7.960171201458494e-4,0.00440300569075773
MOBEAST007,T5,CCA,Table 2,2024-06-02,12:00:00,2.3333333333333335,coble_m,0.00798038807665228,fDOM,R.U.,0,-0.0011990956278162615,0.009179483704468541
MOBEAST007,T5,CCA,Table 2,2024-06-02,12:00:00,2.3333333333333335,coble_t,0.0468113907268575,fDOM,R.U.,0,-0.005489535527433503,0.052300926254291
MOBEAST007,T5,CCA,Table 2,2024-06-02,12:00:00,2.3333333333333335,m_to_c,1.5349784693991957,fDOM,R.U.,0,-0.3740483112947943,1.90902678069399
MOBEAST007,T5,CCA,Table 2,2024-06-02,12:00:00,2.3333333333333335,bix,0.809934654402416,fDOM,R.U.,0,0.13681757964331598,0.6731170747591
MOBEAST007,T5,CCA,Table 2,2024-06-02,12:00:00,2.3333333333333335,hix,0.394668593569803,fDOM,R.U.,0,-0.011975554283303547,0.40664414785310654
MOBEAST007,T5,CCA,Table 2,2024-06-02,12:00:00,2.3333333333333335,fi,1.64077425570003,fDOM,R.U.,0,-0.07609279273471503,1.716867048434745
MOBEAST007,T5,CCA,Table 2,2024-06-02,12:00:00,2.3333333333333335,lignin,0.0332114083848893,fDOM,R.U.,0,-8.090406859556504e-4,0.03402044907084495
MOBEAST007,T5,CCA,Table 2,2024-06-02,12:00:00,2.3333333333333335,N_N,0.711,nutrients,µmol/L,0,-0.49650000000000005,1.2075
MOBEAST007,T5,CCA,Table 2,2024-06-02,12:00:00,2.3333333333333335,NO2,0.08448734374,nutrients,µmol/L,0,-0.011952028744999996,0.096439372485
MOBEAST007,T5,CCA,Table 2,2024-06-02,12:00:00,2.3333333333333335,PO4,0.077,nutrients,µmol/L,0,-0.0035802376399999974,0.08058023764
MOBEAST007,T5,CCA,Table 2,2024-06-02,12:00:00,2.3333333333333335,SiO2,0.7840407865,nutrients,µmol/L,0,-0.22051147149999994,1.004552258
MOBEAST007,T5,CCA,Table 2,2024-06-02,12:00:00,2.3333333333333335,NH3,0.7588924581,nutrients,µmol/L,0,0.2746119656999999,0.48428049240000004
MOBEAST007,T5,CCA,Table 2,2024-06-02,12:00:00,2.3333333333333335,NO3,0.62651265626,nutrients,µmol/L,0,-0.48454797125500015,1.1110606275150001
MOBEAST007,T5,CCA,Table 2,2024-06-02,12:00:00,2.3333333333333335,ph_diff,0.05830244471705903,carbonate,NA,0,0.05830244471705903,0
MOBEAST007,T5,CCA,Table 2,2024-06-02,12:00:00,2.3333333333333335,delta_ta,-27.19900000000007,carbonate,NA,0,-27.19900000000007,0
MOBEAST007,T5,CCA,Table 2,2024-06-02,12:00:00,2.3333333333333335,ta,2327.843,carbonate,NA,0,-21.269500000000335,2349.1125
MOBEAST007,T5,CCA,Table 2,2024-06-02,12:00:00,2.3333333333333335,dic_mmol_kg,1957.2080666650409,residence time,NA,0,NA,NA
MOBEAST007,T5,CCA,Table 2,2024-06-02,12:00:00,2.3333333333333335,ph,8.087926931259416,carbonate,NA,0,0.050778640113096074,8.03714829114632
MOBEAST007,T5,CCA,Table 2,2024-06-02,12:00:00,2.3333333333333335,AEGEAN-169_marine_group,0.0125,DNA,NA,0,-0.0028499999999999984,0.015349999999999999
MOBEAST007,T5,CCA,Table 2,2024-06-02,12:00:00,2.3333333333333335,Actinomarinaceae,0.0098,DNA,NA,0,-0.0040999999999999995,0.0139
MOBEAST007,T5,CCA,Table 2,2024-06-02,12:00:00,2.3333333333333335,Alcanivoracaceae,0,DNA,NA,0,0,0
MOBEAST007,T5,CCA,Table 2,2024-06-02,12:00:00,2.3333333333333335,Alphaproteobacteria_unclassified,8e-4,DNA,NA,0,8e-4,0
MOBEAST007,T5,CCA,Table 2,2024-06-02,12:00:00,2.3333333333333335,Alteromonadaceae,0.2006,DNA,NA,0,0.18915,0.01144999999999999
MOBEAST007,T5,CCA,Table 2,2024-06-02,12:00:00,2.3333333333333335,Alteromonadales_unclassified,2e-4,DNA,NA,0,2e-4,0
MOBEAST007,T5,CCA,Table 2,2024-06-02,12:00:00,2.3333333333333335,Anaerolineae_unclassified,0,DNA,NA,0,0,0
MOBEAST007,T5,CCA,Table 2,2024-06-02,12:00:00,2.3333333333333335,Arcobacteraceae,1e-4,DNA,NA,0,1e-4,0
MOBEAST007,T5,CCA,Table 2,2024-06-02,12:00:00,2.3333333333333335,Arctic97B-4_marine_group_fa,6.000000000000001e-4,DNA,NA,0,-0.0019,0.0025
MOBEAST007,T5,CCA,Table 2,2024-06-02,12:00:00,2.3333333333333335,Arenicellaceae,0,DNA,NA,0,-2.5e-4,2.5e-4
MOBEAST007,T5,CCA,Table 2,2024-06-02,12:00:00,2.3333333333333335,Bacteria_unclassified,0.0021,DNA,NA,0,0.0021,0
MOBEAST007,T5,CCA,Table 2,2024-06-02,12:00:00,2.3333333333333335,Bacteriovoracaceae,7e-4,DNA,NA,0,6.5e-4,5e-5
MOBEAST007,T5,CCA,Table 2,2024-06-02,12:00:00,2.3333333333333335,Bacteroidales_unclassified,0,DNA,NA,0,0,0
MOBEAST007,T5,CCA,Table 2,2024-06-02,12:00:00,2.3333333333333335,Bacteroidetes_BD2-2,0,DNA,NA,0,0,0
MOBEAST007,T5,CCA,Table 2,2024-06-02,12:00:00,2.3333333333333335,Bacteroidia_unclassified,0,DNA,NA,0,0,0
MOBEAST007,T5,CCA,Table 2,2024-06-02,12:00:00,2.3333333333333335,Bradymonadales_fa,0,DNA,NA,0,0,0
MOBEAST007,T5,CCA,Table 2,2024-06-02,12:00:00,2.3333333333333335,Campylobacterales_unclassified,0,DNA,NA,0,0,0
MOBEAST007,T5,CCA,Table 2,2024-06-02,12:00:00,2.3333333333333335,Campylobacteria_unclassified,0,DNA,NA,0,0,0
MOBEAST007,T5,CCA,Table 2,2024-06-02,12:00:00,2.3333333333333335,Clade_I,0.0138,DNA,NA,0,-0.003550000000000001,0.01735
MOBEAST007,T5,CCA,Table 2,2024-06-02,12:00:00,2.3333333333333335,Clade_II,0.0059,DNA,NA,0,-3.000000000000008e-4,0.006200000000000001
MOBEAST007,T5,CCA,Table 2,2024-06-02,12:00:00,2.3333333333333335,Clade_IV,8e-4,DNA,NA,0,4e-4,4e-4
MOBEAST007,T5,CCA,Table 2,2024-06-02,12:00:00,2.3333333333333335,Colwelliaceae,9e-4,DNA,NA,0,9e-4,0
MOBEAST007,T5,CCA,Table 2,2024-06-02,12:00:00,2.3333333333333335,Cryomorphaceae,0.0043,DNA,NA,0,-0.00275,0.00705
MOBEAST007,T5,CCA,Table 2,2024-06-02,12:00:00,2.3333333333333335,Cyanobiaceae,0.2548,DNA,NA,0,-0.18519999999999992,0.43999999999999995
MOBEAST007,T5,CCA,Table 2,2024-06-02,12:00:00,2.3333333333333335,Cyclobacteriaceae,2e-4,DNA,NA,0,-9.999999999999996e-5,3e-4
MOBEAST007,T5,CCA,Table 2,2024-06-02,12:00:00,2.3333333333333335,Deltaproteobacteria_unclassified,0,DNA,NA,0,0,0
MOBEAST007,T5,CCA,Table 2,2024-06-02,12:00:00,2.3333333333333335,Desulfovibrionaceae,0,DNA,NA,0,0,0
MOBEAST007,T5,CCA,Table 2,2024-06-02,12:00:00,2.3333333333333335,Desulfuromonadaceae,0,DNA,NA,0,0,0
MOBEAST007,T5,CCA,Table 2,2024-06-02,12:00:00,2.3333333333333335,Ectothiorhodospiraceae,7e-4,DNA,NA,0,-5.000000000000001e-4,0.0012000000000000001
MOBEAST007,T5,CCA,Table 2,2024-06-02,12:00:00,2.3333333333333335,Endozoicomonadaceae,0.0011,DNA,NA,0,6.000000000000001e-4,5e-4
MOBEAST007,T5,CCA,Table 2,2024-06-02,12:00:00,2.3333333333333335,Flavobacteriaceae,0.0443,DNA,NA,0,-0.01575,0.06005
MOBEAST007,T5,CCA,Table 2,2024-06-02,12:00:00,2.3333333333333335,Francisellaceae,1e-4,DNA,NA,0,1e-4,0
MOBEAST007,T5,CCA,Table 2,2024-06-02,12:00:00,2.3333333333333335,Gammaproteobacteria_unclassified,0.0031,DNA,NA,0,-0.0028499999999999953,0.005949999999999995
MOBEAST007,T5,CCA,Table 2,2024-06-02,12:00:00,2.3333333333333335,Halieaceae,0.00939999999999999,DNA,NA,0,-0.011350000000000008,0.020749999999999998
MOBEAST007,T5,CCA,Table 2,2024-06-02,12:00:00,2.3333333333333335,Halomonadaceae,0.0097,DNA,NA,0,0.0097,0
MOBEAST007,T5,CCA,Table 2,2024-06-02,12:00:00,2.3333333333333335,Helicobacteraceae,0,DNA,NA,0,0,0
MOBEAST007,T5,CCA,Table 2,2024-06-02,12:00:00,2.3333333333333335,Hyphomonadaceae,0.0055,DNA,NA,0,0.0055,0
MOBEAST007,T5,CCA,Table 2,2024-06-02,12:00:00,2.3333333333333335,Idiomarinaceae,0.001,DNA,NA,0,0.001,0
MOBEAST007,T5,CCA,Table 2,2024-06-02,12:00:00,2.3333333333333335,JGI_0000069-P22_fa,0,DNA,NA,0,0,0
MOBEAST007,T5,CCA,Table 2,2024-06-02,12:00:00,2.3333333333333335,KI89A_clade_fa,0,DNA,NA,0,-3.0000000000000003e-4,3.0000000000000003e-4
MOBEAST007,T5,CCA,Table 2,2024-06-02,12:00:00,2.3333333333333335,Kiritimatiellaceae,0,DNA,NA,0,0,0
MOBEAST007,T5,CCA,Table 2,2024-06-02,12:00:00,2.3333333333333335,Leptotrichiaceae,0,DNA,NA,0,0,0
MOBEAST007,T5,CCA,Table 2,2024-06-02,12:00:00,2.3333333333333335,Litoricolaceae,0.004,DNA,NA,0,-0.0011999999999999997,0.0052
MOBEAST007,T5,CCA,Table 2,2024-06-02,12:00:00,2.3333333333333335,Marine_Group_II_fa,5e-4,DNA,NA,0,-0.03705,0.03755
MOBEAST007,T5,CCA,Table 2,2024-06-02,12:00:00,2.3333333333333335,Marinifilaceae,0,DNA,NA,0,0,0
MOBEAST007,T5,CCA,Table 2,2024-06-02,12:00:00,2.3333333333333335,Marinilabiliaceae,0,DNA,NA,0,0,0
MOBEAST007,T5,CCA,Table 2,2024-06-02,12:00:00,2.3333333333333335,Marinimicrobia_(SAR406_clade)_fa,0.0029,DNA,NA,0,-0.0016500000000000004,0.00455
MOBEAST007,T5,CCA,Table 2,2024-06-02,12:00:00,2.3333333333333335,Marinomonadaceae,0.0015,DNA,NA,0,0.0015,0
MOBEAST007,T5,CCA,Table 2,2024-06-02,12:00:00,2.3333333333333335,Methylophilaceae,0.0033,DNA,NA,0,6.499999999999995e-4,0.0026500000000000004
MOBEAST007,T5,CCA,Table 2,2024-06-02,12:00:00,2.3333333333333335,Micavibrionaceae,0.001,DNA,NA,0,0.001,0
MOBEAST007,T5,CCA,Table 2,2024-06-02,12:00:00,2.3333333333333335,Microtrichaceae,0.0029,DNA,NA,0,-5.500000000000001e-4,0.00345
MOBEAST007,T5,CCA,Table 2,2024-06-02,12:00:00,2.3333333333333335,NS7_marine_group,9e-4,DNA,NA,0,1.9999999999999998e-4,7e-4
MOBEAST007,T5,CCA,Table 2,2024-06-02,12:00:00,2.3333333333333335,NS9_marine_group,0.0026,DNA,NA,0,-0.0032999999999999956,0.0058999999999999955
MOBEAST007,T5,CCA,Table 2,2024-06-02,12:00:00,2.3333333333333335,Nannocystaceae,0,DNA,NA,0,-3.5e-4,3.5e-4
MOBEAST007,T5,CCA,Table 2,2024-06-02,12:00:00,2.3333333333333335,Nitrincolaceae,0.0146,DNA,NA,0,0.012750000000000004,0.001849999999999995
MOBEAST007,T5,CCA,Table 2,2024-06-02,12:00:00,2.3333333333333335,Nitrosopumilaceae,0,DNA,NA,0,-3.5e-4,3.5e-4
MOBEAST007,T5,CCA,Table 2,2024-06-02,12:00:00,2.3333333333333335,OM182_clade_fa,9e-4,DNA,NA,0,-0.0037999999999999996,0.004699999999999999
MOBEAST007,T5,CCA,Table 2,2024-06-02,12:00:00,2.3333333333333335,Oleiphilaceae,8e-4,DNA,NA,0,-5.000000000000002e-5,8.500000000000001e-4
MOBEAST007,T5,CCA,Table 2,2024-06-02,12:00:00,2.3333333333333335,Oligoflexaceae,3e-4,DNA,NA,0,4.999999999999997e-5,2.5e-4
MOBEAST007,T5,CCA,Table 2,2024-06-02,12:00:00,2.3333333333333335,Pirellulaceae,7e-4,DNA,NA,0,-0.004449999999999995,0.005149999999999995
MOBEAST007,T5,CCA,Table 2,2024-06-02,12:00:00,2.3333333333333335,Piscirickettsiaceae,0,DNA,NA,0,-4e-4,4e-4
MOBEAST007,T5,CCA,Table 2,2024-06-02,12:00:00,2.3333333333333335,Prolixibacteraceae,0,DNA,NA,0,0,0
MOBEAST007,T5,CCA,Table 2,2024-06-02,12:00:00,2.3333333333333335,Proteobacteria_unclassified,6e-4,DNA,NA,0,-0.0018000000000000004,0.0024000000000000002
MOBEAST007,T5,CCA,Table 2,2024-06-02,12:00:00,2.3333333333333335,Pseudoalteromonadaceae,0.01309999999999999,DNA,NA,0,0.01269999999999999,4e-4
MOBEAST007,T5,CCA,Table 2,2024-06-02,12:00:00,2.3333333333333335,Pseudohongiellaceae,6e-4,DNA,NA,0,-0.00135,0.00195
MOBEAST007,T5,CCA,Table 2,2024-06-02,12:00:00,2.3333333333333335,Pseudomonadaceae,4e-4,DNA,NA,0,4e-4,0
MOBEAST007,T5,CCA,Table 2,2024-06-02,12:00:00,2.3333333333333335,Puniceicoccaceae,0,DNA,NA,0,0,0
MOBEAST007,T5,CCA,Table 2,2024-06-02,12:00:00,2.3333333333333335,Rhizobiaceae,0,DNA,NA,0,0,0
MOBEAST007,T5,CCA,Table 2,2024-06-02,12:00:00,2.3333333333333335,Rhodobacteraceae,0.1074,DNA,NA,0,-0.008000000000000007,0.1154
MOBEAST007,T5,CCA,Table 2,2024-06-02,12:00:00,2.3333333333333335,Rhodospirillaceae,0,DNA,NA,0,0,0
MOBEAST007,T5,CCA,Table 2,2024-06-02,12:00:00,2.3333333333333335,Rubinisphaeraceae,4e-4,DNA,NA,0,-5e-4,9e-4
MOBEAST007,T5,CCA,Table 2,2024-06-02,12:00:00,2.3333333333333335,S25-593,0,DNA,NA,0,-9.500000000000001e-4,9.500000000000001e-4
MOBEAST007,T5,CCA,Table 2,2024-06-02,12:00:00,2.3333333333333335,SAR116_clade,0.01509999999999999,DNA,NA,0,-0.028300000000000013,0.0434
MOBEAST007,T5,CCA,Table 2,2024-06-02,12:00:00,2.3333333333333335,SAR202_clade_fa,0,DNA,NA,0,-3e-4,3e-4
MOBEAST007,T5,CCA,Table 2,2024-06-02,12:00:00,2.3333333333333335,SAR324_clade(Marine_group_B)_fa,1e-4,DNA,NA,0,-2.5e-4,3.5e-4
MOBEAST007,T5,CCA,Table 2,2024-06-02,12:00:00,2.3333333333333335,SAR86_clade_fa,0.0195,DNA,NA,0,-0.014000000000000002,0.0335
MOBEAST007,T5,CCA,Table 2,2024-06-02,12:00:00,2.3333333333333335,Saccharospirillaceae,0.0115,DNA,NA,0,-0.006949999999999994,0.018449999999999994
MOBEAST007,T5,CCA,Table 2,2024-06-02,12:00:00,2.3333333333333335,Saprospiraceae,0,DNA,NA,0,0,0
MOBEAST007,T5,CCA,Table 2,2024-06-02,12:00:00,2.3333333333333335,Spirochaetaceae,0,DNA,NA,0,0,0
MOBEAST007,T5,CCA,Table 2,2024-06-02,12:00:00,2.3333333333333335,Spongiibacteraceae,7e-4,DNA,NA,0,7e-4,0
MOBEAST007,T5,CCA,Table 2,2024-06-02,12:00:00,2.3333333333333335,Stappiaceae,0,DNA,NA,0,0,0
MOBEAST007,T5,CCA,Table 2,2024-06-02,12:00:00,2.3333333333333335,Terasakiellaceae,0,DNA,NA,0,0,0
MOBEAST007,T5,CCA,Table 2,2024-06-02,12:00:00,2.3333333333333335,Thalassospiraceae,0,DNA,NA,0,0,0
MOBEAST007,T5,CCA,Table 2,2024-06-02,12:00:00,2.3333333333333335,Thiomicrospiraceae,1e-4,DNA,NA,0,1e-4,0
MOBEAST007,T5,CCA,Table 2,2024-06-02,12:00:00,2.3333333333333335,Woesearchaeia_fa,0,DNA,NA,0,-1e-4,1e-4
MOBEAST007,T5,CCA,Table 2,2024-06-02,12:00:00,2.3333333333333335,uncultured_fa,0,DNA,NA,0,0,0
MOBEAST008,T6,Coral,Table 2,2024-06-02,12:00:00,2.2333333333333334,het_bact,470.733,FCM,cell/µL,0,-60.57549999999998,531.3085
MOBEAST008,T6,Coral,Table 2,2024-06-02,12:00:00,2.2333333333333334,pico_euk,3.317,FCM,cell/µL,0,NA,NA
MOBEAST008,T6,Coral,Table 2,2024-06-02,12:00:00,2.2333333333333334,syn,81.917,FCM,cell/µL,0,-36.93299999999999,118.85
MOBEAST008,T6,Coral,Table 2,2024-06-02,12:00:00,2.2333333333333334,tot_bact,601.467,FCM,cell/µL,0,-68.1495000000001,669.6165000000001
MOBEAST008,T6,Coral,Table 2,2024-06-02,12:00:00,2.2333333333333334,cyano,130.73399999999998,FCM,cell/µL,0,-7.574500000000057,138.30850000000004
MOBEAST008,T6,Coral,Table 2,2024-06-02,12:00:00,2.2333333333333334,tn_u_m,19.3306298652312,DOC,µmol/L,0,7.478920802187549,11.85170906304365
MOBEAST008,T6,Coral,Table 2,2024-06-02,12:00:00,2.2333333333333334,coble_a,0.00883950132834377,fDOM,R.U.,0,0.001000229111660431,0.00783927221668334
MOBEAST008,T6,Coral,Table 2,2024-06-02,12:00:00,2.2333333333333334,coble_b,0.0902454398599073,fDOM,R.U.,0,0.0466054879799767,0.0436399518799306
MOBEAST008,T6,Coral,Table 2,2024-06-02,12:00:00,2.2333333333333334,coble_c,0.00607299841421672,fDOM,R.U.,0,0.0016699927234589901,0.00440300569075773
MOBEAST008,T6,Coral,Table 2,2024-06-02,12:00:00,2.2333333333333334,coble_m,0.0141383098194434,fDOM,R.U.,0,0.004958826114974859,0.009179483704468541
MOBEAST008,T6,Coral,Table 2,2024-06-02,12:00:00,2.2333333333333334,coble_t,0.112401389649781,fDOM,R.U.,0,0.060100463395489995,0.052300926254291
MOBEAST008,T6,Coral,Table 2,2024-06-02,12:00:00,2.2333333333333334,bix,1.10544232504663,fDOM,R.U.,0,0.4323252502875301,0.6731170747591
MOBEAST008,T6,Coral,Table 2,2024-06-02,12:00:00,2.2333333333333334,hix,0.263913512225075,fDOM,R.U.,0,-0.14273063562803157,0.40664414785310654
MOBEAST008,T6,Coral,Table 2,2024-06-02,12:00:00,2.2333333333333334,fpeak,0.00508427941616261,fDOM,R.U.,0,-0.028276859946910392,0.033361139363073
MOBEAST008,T6,Coral,Table 2,2024-06-02,12:00:00,2.2333333333333334,fi,2.19204824425479,fDOM,R.U.,0,0.4751811958200449,1.716867048434745
MOBEAST008,T6,Coral,Table 2,2024-06-02,12:00:00,2.2333333333333334,lignin,0.0314583355953983,fDOM,R.U.,0,-0.002562113475446652,0.03402044907084495
MOBEAST008,T6,Coral,Table 2,2024-06-02,12:00:00,2.2333333333333334,N_N,2.095,nutrients,µmol/L,0,0.8875000000000002,1.2075
MOBEAST008,T6,Coral,Table 2,2024-06-02,12:00:00,2.2333333333333334,NO2,0.07915338049,nutrients,µmol/L,0,-0.017285991995,0.096439372485
MOBEAST008,T6,Coral,Table 2,2024-06-02,12:00:00,2.2333333333333334,PO4,0.077,nutrients,µmol/L,0,-0.0035802376399999974,0.08058023764
MOBEAST008,T6,Coral,Table 2,2024-06-02,12:00:00,2.2333333333333334,SiO2,0.878276458,nutrients,µmol/L,0,-0.12627579999999994,1.004552258
MOBEAST008,T6,Coral,Table 2,2024-06-02,12:00:00,2.2333333333333334,NH3,1.012192888,nutrients,µmol/L,0,0.5279123955999999,0.48428049240000004
MOBEAST008,T6,Coral,Table 2,2024-06-02,12:00:00,2.2333333333333334,NO3,2.01584661951,nutrients,µmol/L,0,0.9047859919949999,1.1110606275150001
MOBEAST008,T6,Coral,Table 2,2024-06-02,12:00:00,2.2333333333333334,ph_diff,0.05569071397667891,carbonate,NA,0,0.05569071397667891,0
MOBEAST008,T6,Coral,Table 2,2024-06-02,12:00:00,2.2333333333333334,delta_ta,-66.03600000000006,carbonate,NA,0,-66.03600000000006,0
MOBEAST008,T6,Coral,Table 2,2024-06-02,12:00:00,2.2333333333333334,do_mg_l,3.81,residence time,NA,0,NA,NA
MOBEAST008,T6,Coral,Table 2,2024-06-02,12:00:00,2.2333333333333334,ta,2289.006,carbonate,NA,0,-60.106500000000324,2349.1125
MOBEAST008,T6,Coral,Table 2,2024-06-02,12:00:00,2.2333333333333334,dic_mmol_kg,1920.799237629812,residence time,NA,0,NA,NA
MOBEAST008,T6,Coral,Table 2,2024-06-02,12:00:00,2.2333333333333334,ph,8.085847384713574,carbonate,NA,0,0.04869909356725444,8.03714829114632
MOBEAST008,T6,Coral,Table 2,2024-06-02,12:00:00,2.2333333333333334,AEGEAN-169_marine_group,0.0291,DNA,NA,0,0.013750000000000002,0.015349999999999999
MOBEAST008,T6,Coral,Table 2,2024-06-02,12:00:00,2.2333333333333334,Actinomarinaceae,0.0152,DNA,NA,0,0.0013000000000000008,0.0139
MOBEAST008,T6,Coral,Table 2,2024-06-02,12:00:00,2.2333333333333334,Alcanivoracaceae,0,DNA,NA,0,0,0
MOBEAST008,T6,Coral,Table 2,2024-06-02,12:00:00,2.2333333333333334,Alphaproteobacteria_unclassified,0.002,DNA,NA,0,0.002,0
MOBEAST008,T6,Coral,Table 2,2024-06-02,12:00:00,2.2333333333333334,Alteromonadaceae,0.0222,DNA,NA,0,0.010750000000000011,0.01144999999999999
MOBEAST008,T6,Coral,Table 2,2024-06-02,12:00:00,2.2333333333333334,Alteromonadales_unclassified,0,DNA,NA,0,0,0
MOBEAST008,T6,Coral,Table 2,2024-06-02,12:00:00,2.2333333333333334,Anaerolineae_unclassified,4e-4,DNA,NA,0,4e-4,0
MOBEAST008,T6,Coral,Table 2,2024-06-02,12:00:00,2.2333333333333334,Arcobacteraceae,0.0081,DNA,NA,0,0.0081,0
MOBEAST008,T6,Coral,Table 2,2024-06-02,12:00:00,2.2333333333333334,Arctic97B-4_marine_group_fa,0.0016,DNA,NA,0,-9e-4,0.0025
MOBEAST008,T6,Coral,Table 2,2024-06-02,12:00:00,2.2333333333333334,Arenicellaceae,0,DNA,NA,0,-2.5e-4,2.5e-4
MOBEAST008,T6,Coral,Table 2,2024-06-02,12:00:00,2.2333333333333334,Bacteria_unclassified,7e-4,DNA,NA,0,7e-4,0
MOBEAST008,T6,Coral,Table 2,2024-06-02,12:00:00,2.2333333333333334,Bacteriovoracaceae,0,DNA,NA,0,-5e-5,5e-5
MOBEAST008,T6,Coral,Table 2,2024-06-02,12:00:00,2.2333333333333334,Bacteroidales_unclassified,0,DNA,NA,0,0,0
MOBEAST008,T6,Coral,Table 2,2024-06-02,12:00:00,2.2333333333333334,Bacteroidetes_BD2-2,0,DNA,NA,0,0,0
MOBEAST008,T6,Coral,Table 2,2024-06-02,12:00:00,2.2333333333333334,Bacteroidia_unclassified,0,DNA,NA,0,0,0
MOBEAST008,T6,Coral,Table 2,2024-06-02,12:00:00,2.2333333333333334,Bradymonadales_fa,0,DNA,NA,0,0,0
MOBEAST008,T6,Coral,Table 2,2024-06-02,12:00:00,2.2333333333333334,Campylobacterales_unclassified,0.0012,DNA,NA,0,0.0012,0
MOBEAST008,T6,Coral,Table 2,2024-06-02,12:00:00,2.2333333333333334,Campylobacteria_unclassified,0,DNA,NA,0,0,0
MOBEAST008,T6,Coral,Table 2,2024-06-02,12:00:00,2.2333333333333334,Cellvibrionaceae,0.0027,DNA,NA,0,0.0015500000000000002,0.00115
MOBEAST008,T6,Coral,Table 2,2024-06-02,12:00:00,2.2333333333333334,Clade_I,0.0342,DNA,NA,0,0.01685,0.01735
MOBEAST008,T6,Coral,Table 2,2024-06-02,12:00:00,2.2333333333333334,Clade_II,0.0133,DNA,NA,0,0.007099999999999999,0.006200000000000001
MOBEAST008,T6,Coral,Table 2,2024-06-02,12:00:00,2.2333333333333334,Clade_IV,0.0021,DNA,NA,0,0.0017,4e-4
MOBEAST008,T6,Coral,Table 2,2024-06-02,12:00:00,2.2333333333333334,Colwelliaceae,9e-4,DNA,NA,0,9e-4,0
MOBEAST008,T6,Coral,Table 2,2024-06-02,12:00:00,2.2333333333333334,Cryomorphaceae,0.0053,DNA,NA,0,-0.0017499999999999998,0.00705
MOBEAST008,T6,Coral,Table 2,2024-06-02,12:00:00,2.2333333333333334,Cyanobiaceae,0.371,DNA,NA,0,-0.06899999999999995,0.43999999999999995
MOBEAST008,T6,Coral,Table 2,2024-06-02,12:00:00,2.2333333333333334,Cyclobacteriaceae,0.001,DNA,NA,0,7.000000000000001e-4,3e-4
MOBEAST008,T6,Coral,Table 2,2024-06-02,12:00:00,2.2333333333333334,Desulfovibrionaceae,0.0014,DNA,NA,0,0.0014,0
MOBEAST008,T6,Coral,Table 2,2024-06-02,12:00:00,2.2333333333333334,Desulfuromonadaceae,0,DNA,NA,0,0,0
MOBEAST008,T6,Coral,Table 2,2024-06-02,12:00:00,2.2333333333333334,Ectothiorhodospiraceae,0.002,DNA,NA,0,7.999999999999999e-4,0.0012000000000000001
MOBEAST008,T6,Coral,Table 2,2024-06-02,12:00:00,2.2333333333333334,Endozoicomonadaceae,0.0016,DNA,NA,0,0.0011,5e-4
MOBEAST008,T6,Coral,Table 2,2024-06-02,12:00:00,2.2333333333333334,Flavobacteriaceae,0.05639999999999999,DNA,NA,0,-0.0036500000000000074,0.06005
MOBEAST008,T6,Coral,Table 2,2024-06-02,12:00:00,2.2333333333333334,Francisellaceae,0,DNA,NA,0,0,0
MOBEAST008,T6,Coral,Table 2,2024-06-02,12:00:00,2.2333333333333334,Gammaproteobacteria_unclassified,0.00369999999999999,DNA,NA,0,-0.002250000000000005,0.005949999999999995
MOBEAST008,T6,Coral,Table 2,2024-06-02,12:00:00,2.2333333333333334,Halieaceae,0.0232,DNA,NA,0,0.002450000000000001,0.020749999999999998
MOBEAST008,T6,Coral,Table 2,2024-06-02,12:00:00,2.2333333333333334,Halomonadaceae,4e-4,DNA,NA,0,4e-4,0
MOBEAST008,T6,Coral,Table 2,2024-06-02,12:00:00,2.2333333333333334,Helicobacteraceae,0,DNA,NA,0,0,0
MOBEAST008,T6,Coral,Table 2,2024-06-02,12:00:00,2.2333333333333334,Hyphomonadaceae,0.0021,DNA,NA,0,0.0021,0
MOBEAST008,T6,Coral,Table 2,2024-06-02,12:00:00,2.2333333333333334,Idiomarinaceae,0,DNA,NA,0,0,0
MOBEAST008,T6,Coral,Table 2,2024-06-02,12:00:00,2.2333333333333334,JGI_0000069-P22_fa,0,DNA,NA,0,0,0
MOBEAST008,T6,Coral,Table 2,2024-06-02,12:00:00,2.2333333333333334,KI89A_clade_fa,0,DNA,NA,0,-3.0000000000000003e-4,3.0000000000000003e-4
MOBEAST008,T6,Coral,Table 2,2024-06-02,12:00:00,2.2333333333333334,Kiritimatiellaceae,0,DNA,NA,0,0,0
MOBEAST008,T6,Coral,Table 2,2024-06-02,12:00:00,2.2333333333333334,Leptotrichiaceae,0,DNA,NA,0,0,0
MOBEAST008,T6,Coral,Table 2,2024-06-02,12:00:00,2.2333333333333334,Marine_Group_II_fa,0.02349999999999999,DNA,NA,0,-0.01405000000000001,0.03755
MOBEAST008,T6,Coral,Table 2,2024-06-02,12:00:00,2.2333333333333334,Marinifilaceae,2e-4,DNA,NA,0,2e-4,0
MOBEAST008,T6,Coral,Table 2,2024-06-02,12:00:00,2.2333333333333334,Marinilabiliaceae,0,DNA,NA,0,0,0
MOBEAST008,T6,Coral,Table 2,2024-06-02,12:00:00,2.2333333333333334,Marinimicrobia_(SAR406_clade)_fa,0.007,DNA,NA,0,0.00245,0.00455
MOBEAST008,T6,Coral,Table 2,2024-06-02,12:00:00,2.2333333333333334,Marinobacteraceae,0,DNA,NA,0,0,0
MOBEAST008,T6,Coral,Table 2,2024-06-02,12:00:00,2.2333333333333334,Marinomonadaceae,4e-4,DNA,NA,0,4e-4,0
MOBEAST008,T6,Coral,Table 2,2024-06-02,12:00:00,2.2333333333333334,Methylophilaceae,0.0077,DNA,NA,0,0.00505,0.0026500000000000004
MOBEAST008,T6,Coral,Table 2,2024-06-02,12:00:00,2.2333333333333334,Micavibrionaceae,2e-4,DNA,NA,0,2e-4,0
MOBEAST008,T6,Coral,Table 2,2024-06-02,12:00:00,2.2333333333333334,Moraxellaceae,7e-4,DNA,NA,0,7e-4,0
MOBEAST008,T6,Coral,Table 2,2024-06-02,12:00:00,2.2333333333333334,NS7_marine_group,7e-4,DNA,NA,0,0,7e-4
MOBEAST008,T6,Coral,Table 2,2024-06-02,12:00:00,2.2333333333333334,NS9_marine_group,0.005,DNA,NA,0,-8.999999999999954e-4,0.0058999999999999955
MOBEAST008,T6,Coral,Table 2,2024-06-02,12:00:00,2.2333333333333334,Nannocystaceae,2e-4,DNA,NA,0,-1.5e-4,3.5e-4
MOBEAST008,T6,Coral,Table 2,2024-06-02,12:00:00,2.2333333333333334,Nitrincolaceae,0.0227,DNA,NA,0,0.020850000000000007,0.001849999999999995
MOBEAST008,T6,Coral,Table 2,2024-06-02,12:00:00,2.2333333333333334,Nitrosopumilaceae,4e-4,DNA,NA,0,5.000000000000002e-5,3.5e-4
MOBEAST008,T6,Coral,Table 2,2024-06-02,12:00:00,2.2333333333333334,OM182_clade_fa,0.0017,DNA,NA,0,-0.002999999999999999,0.004699999999999999
MOBEAST008,T6,Coral,Table 2,2024-06-02,12:00:00,2.2333333333333334,Oleiphilaceae,0.0025,DNA,NA,0,0.00165,8.500000000000001e-4
MOBEAST008,T6,Coral,Table 2,2024-06-02,12:00:00,2.2333333333333334,Oligoflexaceae,0.0013,DNA,NA,0,0.00105,2.5e-4
MOBEAST008,T6,Coral,Table 2,2024-06-02,12:00:00,2.2333333333333334,Pirellulaceae,0.00319999999999999,DNA,NA,0,-0.0019500000000000047,0.005149999999999995
MOBEAST008,T6,Coral,Table 2,2024-06-02,12:00:00,2.2333333333333334,Piscirickettsiaceae,4e-4,DNA,NA,0,0,4e-4
MOBEAST008,T6,Coral,Table 2,2024-06-02,12:00:00,2.2333333333333334,Prolixibacteraceae,0,DNA,NA,0,0,0
MOBEAST008,T6,Coral,Table 2,2024-06-02,12:00:00,2.2333333333333334,Proteobacteria_unclassified,0.0017,DNA,NA,0,-7.000000000000003e-4,0.0024000000000000002
MOBEAST008,T6,Coral,Table 2,2024-06-02,12:00:00,2.2333333333333334,Pseudoalteromonadaceae,0.0011,DNA,NA,0,7.000000000000001e-4,4e-4
MOBEAST008,T6,Coral,Table 2,2024-06-02,12:00:00,2.2333333333333334,Pseudohongiellaceae,0.0023,DNA,NA,0,3.5000000000000005e-4,0.00195
MOBEAST008,T6,Coral,Table 2,2024-06-02,12:00:00,2.2333333333333334,Pseudomonadaceae,1e-4,DNA,NA,0,1e-4,0
MOBEAST008,T6,Coral,Table 2,2024-06-02,12:00:00,2.2333333333333334,Puniceicoccaceae,0,DNA,NA,0,0,0
MOBEAST008,T6,Coral,Table 2,2024-06-02,12:00:00,2.2333333333333334,Rhizobiaceae,0,DNA,NA,0,0,0
MOBEAST008,T6,Coral,Table 2,2024-06-02,12:00:00,2.2333333333333334,Rhodobacteraceae,0.1095,DNA,NA,0,-0.0059000000000000025,0.1154
MOBEAST008,T6,Coral,Table 2,2024-06-02,12:00:00,2.2333333333333334,Rhodospirillaceae,0,DNA,NA,0,0,0
MOBEAST008,T6,Coral,Table 2,2024-06-02,12:00:00,2.2333333333333334,Rubinisphaeraceae,6e-4,DNA,NA,0,-3.0000000000000003e-4,9e-4
MOBEAST008,T6,Coral,Table 2,2024-06-02,12:00:00,2.2333333333333334,S25-593,9e-4,DNA,NA,0,-5.000000000000013e-5,9.500000000000001e-4
MOBEAST008,T6,Coral,Table 2,2024-06-02,12:00:00,2.2333333333333334,SAR116_clade,0.047,DNA,NA,0,0.003599999999999999,0.0434
MOBEAST008,T6,Coral,Table 2,2024-06-02,12:00:00,2.2333333333333334,SAR202_clade_fa,0,DNA,NA,0,-3e-4,3e-4
MOBEAST008,T6,Coral,Table 2,2024-06-02,12:00:00,2.2333333333333334,SAR324_clade(Marine_group_B)_fa,5e-4,DNA,NA,0,1.5000000000000001e-4,3.5e-4
MOBEAST008,T6,Coral,Table 2,2024-06-02,12:00:00,2.2333333333333334,SAR86_clade_fa,0.04489999999999999,DNA,NA,0,0.011399999999999987,0.0335
MOBEAST008,T6,Coral,Table 2,2024-06-02,12:00:00,2.2333333333333334,Saccharospirillaceae,0.0081,DNA,NA,0,-0.010349999999999995,0.018449999999999994
MOBEAST008,T6,Coral,Table 2,2024-06-02,12:00:00,2.2333333333333334,Saprospiraceae,4e-4,DNA,NA,0,4e-4,0
MOBEAST008,T6,Coral,Table 2,2024-06-02,12:00:00,2.2333333333333334,Sphingomonadaceae,0,DNA,NA,0,-5e-5,5e-5
MOBEAST008,T6,Coral,Table 2,2024-06-02,12:00:00,2.2333333333333334,Spirochaetaceae,0,DNA,NA,0,0,0
MOBEAST008,T6,Coral,Table 2,2024-06-02,12:00:00,2.2333333333333334,Spongiibacteraceae,0,DNA,NA,0,0,0
MOBEAST008,T6,Coral,Table 2,2024-06-02,12:00:00,2.2333333333333334,Stappiaceae,4e-4,DNA,NA,0,4e-4,0
MOBEAST008,T6,Coral,Table 2,2024-06-02,12:00:00,2.2333333333333334,Terasakiellaceae,0.001,DNA,NA,0,0.001,0
MOBEAST008,T6,Coral,Table 2,2024-06-02,12:00:00,2.2333333333333334,Thalassospiraceae,0,DNA,NA,0,0,0
MOBEAST008,T6,Coral,Table 2,2024-06-02,12:00:00,2.2333333333333334,Thiomicrospiraceae,0.0039,DNA,NA,0,0.0039,0
MOBEAST008,T6,Coral,Table 2,2024-06-02,12:00:00,2.2333333333333334,Vibrionaceae,0.0071,DNA,NA,0,0.004750000000000001,0.00235
MOBEAST008,T6,Coral,Table 2,2024-06-02,12:00:00,2.2333333333333334,Woesearchaeia_fa,0,DNA,NA,0,-1e-4,1e-4
MOBEAST008,T6,Coral,Table 2,2024-06-02,12:00:00,2.2333333333333334,uncultured_fa,5e-4,DNA,NA,0,5e-4,0
MOBEAST009,T7,Coral,Table 2,2024-06-02,12:00:00,16.216666666666665,syn,116.417,FCM,cell/µL,0,-2.4329999999999927,118.85
MOBEAST009,T7,Coral,Table 2,2024-06-02,12:00:00,16.216666666666665,pro,17.183,FCM,cell/µL,0,-2.275500000000001,19.4585
MOBEAST009,T7,Coral,Table 2,2024-06-02,12:00:00,16.216666666666665,cyano,133.60000000000002,FCM,cell/µL,0,-4.708500000000015,138.30850000000004
MOBEAST009,T7,Coral,Table 2,2024-06-02,12:00:00,16.216666666666665,tn_u_m,13.8760973914865,DOC,µmol/L,0,2.02438832844285,11.85170906304365
MOBEAST009,T7,Coral,Table 2,2024-06-02,12:00:00,16.216666666666665,coble_a,0.00615935701827658,fDOM,R.U.,0,-0.0016799151984067595,0.00783927221668334
MOBEAST009,T7,Coral,Table 2,2024-06-02,12:00:00,16.216666666666665,coble_b,0.0582300073973647,fDOM,R.U.,0,0.0145900555174341,0.0436399518799306
MOBEAST009,T7,Coral,Table 2,2024-06-02,12:00:00,16.216666666666665,coble_c,0.00463336603630153,fDOM,R.U.,0,2.3036034554379994e-4,0.00440300569075773
MOBEAST009,T7,Coral,Table 2,2024-06-02,12:00:00,16.216666666666665,coble_m,0.0086108509646838,fDOM,R.U.,0,-5.686327397847416e-4,0.009179483704468541
MOBEAST009,T7,Coral,Table 2,2024-06-02,12:00:00,16.216666666666665,coble_t,0.0618829090824658,fDOM,R.U.,0,0.009581982828174795,0.052300926254291
MOBEAST009,T7,Coral,Table 2,2024-06-02,12:00:00,16.216666666666665,m_to_c,1.8584439254786784,fDOM,R.U.,0,-0.050582855215311584,1.90902678069399
MOBEAST009,T7,Coral,Table 2,2024-06-02,12:00:00,16.216666666666665,bix,0.944571048401857,fDOM,R.U.,0,0.27145397364275703,0.6731170747591
MOBEAST009,T7,Coral,Table 2,2024-06-02,12:00:00,16.216666666666665,hix,0.411622748767734,fDOM,R.U.,0,0.0049786009146274846,0.40664414785310654
MOBEAST009,T7,Coral,Table 2,2024-06-02,12:00:00,16.216666666666665,fi,1.48230977440288,fDOM,R.U.,0,-0.2345572740318651,1.716867048434745
MOBEAST009,T7,Coral,Table 2,2024-06-02,12:00:00,16.216666666666665,lignin,0.00368705787668607,fDOM,R.U.,0,-0.030333391194158878,0.03402044907084495
MOBEAST009,T7,Coral,Table 2,2024-06-02,12:00:00,16.216666666666665,N_N,1.071,nutrients,µmol/L,0,-0.13650000000000007,1.2075
MOBEAST009,T7,Coral,Table 2,2024-06-02,12:00:00,16.216666666666665,NO2,0.1082596984,nutrients,µmol/L,0,0.011820325915000013,0.096439372485
MOBEAST009,T7,Coral,Table 2,2024-06-02,12:00:00,16.216666666666665,PO4,0.1006497578,nutrients,µmol/L,0,0.020069520160000007,0.08058023764
MOBEAST009,T7,Coral,Table 2,2024-06-02,12:00:00,16.216666666666665,SiO2,0.8952388789,nutrients,µmol/L,0,-0.10931337909999994,1.004552258
MOBEAST009,T7,Coral,Table 2,2024-06-02,12:00:00,16.216666666666665,NH3,0.4582610822,nutrients,µmol/L,0,-0.026019410200000037,0.48428049240000004
MOBEAST009,T7,Coral,Table 2,2024-06-02,12:00:00,16.216666666666665,NO3,0.9627403016,nutrients,µmol/L,0,-0.1483203259150001,1.1110606275150001
MOBEAST009,T7,Coral,Table 2,2024-06-02,12:00:00,16.216666666666665,ph_diff,0.01362552910094372,carbonate,NA,0,0.01362552910094372,0
MOBEAST009,T7,Coral,Table 2,2024-06-02,12:00:00,16.216666666666665,delta_ta,-8.545999999999822,carbonate,NA,0,-8.545999999999822,0
MOBEAST009,T7,Coral,Table 2,2024-06-02,12:00:00,16.216666666666665,ta,2346.496,carbonate,NA,0,-2.6165000000000873,2349.1125
MOBEAST009,T7,Coral,Table 2,2024-06-02,12:00:00,16.216666666666665,dic_mmol_kg,2002.6366872467047,residence time,NA,0,NA,NA
MOBEAST009,T7,Coral,Table 2,2024-06-02,12:00:00,16.216666666666665,ph,8.04371692142475,carbonate,NA,0,0.006568630278430021,8.03714829114632
MOBEAST009,T7,Coral,Table 2,2024-06-02,12:00:00,16.216666666666665,AEGEAN-169_marine_group,0.0248,DNA,NA,0,0.00945,0.015349999999999999
MOBEAST009,T7,Coral,Table 2,2024-06-02,12:00:00,16.216666666666665,Actinomarinaceae,0.0112,DNA,NA,0,-0.0026999999999999993,0.0139
MOBEAST009,T7,Coral,Table 2,2024-06-02,12:00:00,16.216666666666665,Alcanivoracaceae,6e-4,DNA,NA,0,6e-4,0
MOBEAST009,T7,Coral,Table 2,2024-06-02,12:00:00,16.216666666666665,Alphaproteobacteria_unclassified,4e-4,DNA,NA,0,4e-4,0
MOBEAST009,T7,Coral,Table 2,2024-06-02,12:00:00,16.216666666666665,Alteromonadaceae,0.0445,DNA,NA,0,0.03305000000000001,0.01144999999999999
MOBEAST009,T7,Coral,Table 2,2024-06-02,12:00:00,16.216666666666665,Alteromonadales_unclassified,0,DNA,NA,0,0,0
MOBEAST009,T7,Coral,Table 2,2024-06-02,12:00:00,16.216666666666665,Anaerolineae_unclassified,1e-4,DNA,NA,0,1e-4,0
MOBEAST009,T7,Coral,Table 2,2024-06-02,12:00:00,16.216666666666665,Arcobacteraceae,0,DNA,NA,0,0,0
MOBEAST009,T7,Coral,Table 2,2024-06-02,12:00:00,16.216666666666665,Arctic97B-4_marine_group_fa,0.0028,DNA,NA,0,2.999999999999999e-4,0.0025
MOBEAST009,T7,Coral,Table 2,2024-06-02,12:00:00,16.216666666666665,Arenicellaceae,0,DNA,NA,0,-2.5e-4,2.5e-4
MOBEAST009,T7,Coral,Table 2,2024-06-02,12:00:00,16.216666666666665,Bacteria_unclassified,3e-4,DNA,NA,0,3e-4,0
MOBEAST009,T7,Coral,Table 2,2024-06-02,12:00:00,16.216666666666665,Bacteriovoracaceae,6e-4,DNA,NA,0,5.499999999999999e-4,5e-5
MOBEAST009,T7,Coral,Table 2,2024-06-02,12:00:00,16.216666666666665,Bacteroidales_unclassified,0,DNA,NA,0,0,0
MOBEAST009,T7,Coral,Table 2,2024-06-02,12:00:00,16.216666666666665,Bacteroidetes_BD2-2,0,DNA,NA,0,0,0
MOBEAST009,T7,Coral,Table 2,2024-06-02,12:00:00,16.216666666666665,Bacteroidia_unclassified,0,DNA,NA,0,0,0
MOBEAST009,T7,Coral,Table 2,2024-06-02,12:00:00,16.216666666666665,Bradymonadales_fa,0,DNA,NA,0,0,0
MOBEAST009,T7,Coral,Table 2,2024-06-02,12:00:00,16.216666666666665,Campylobacterales_unclassified,0,DNA,NA,0,0,0
MOBEAST009,T7,Coral,Table 2,2024-06-02,12:00:00,16.216666666666665,Campylobacteria_unclassified,0,DNA,NA,0,0,0
MOBEAST009,T7,Coral,Table 2,2024-06-02,12:00:00,16.216666666666665,Cellvibrionaceae,0.0062,DNA,NA,0,0.00505,0.00115
MOBEAST009,T7,Coral,Table 2,2024-06-02,12:00:00,16.216666666666665,Clade_I,0.0311,DNA,NA,0,0.013749999999999998,0.01735
MOBEAST009,T7,Coral,Table 2,2024-06-02,12:00:00,16.216666666666665,Clade_II,0.0109,DNA,NA,0,0.004699999999999999,0.006200000000000001
MOBEAST009,T7,Coral,Table 2,2024-06-02,12:00:00,16.216666666666665,Clade_IV,0.0013,DNA,NA,0,9e-4,4e-4
MOBEAST009,T7,Coral,Table 2,2024-06-02,12:00:00,16.216666666666665,Colwelliaceae,2e-4,DNA,NA,0,2e-4,0
MOBEAST009,T7,Coral,Table 2,2024-06-02,12:00:00,16.216666666666665,Cryomorphaceae,0.004,DNA,NA,0,-0.0030499999999999998,0.00705
MOBEAST009,T7,Coral,Table 2,2024-06-02,12:00:00,16.216666666666665,Cyanobiaceae,0.4257,DNA,NA,0,-0.014299999999999924,0.43999999999999995
MOBEAST009,T7,Coral,Table 2,2024-06-02,12:00:00,16.216666666666665,Cyclobacteriaceae,4e-4,DNA,NA,0,1.0000000000000005e-4,3e-4
MOBEAST009,T7,Coral,Table 2,2024-06-02,12:00:00,16.216666666666665,Deltaproteobacteria_unclassified,0,DNA,NA,0,0,0
MOBEAST009,T7,Coral,Table 2,2024-06-02,12:00:00,16.216666666666665,Desulfovibrionaceae,0,DNA,NA,0,0,0
MOBEAST009,T7,Coral,Table 2,2024-06-02,12:00:00,16.216666666666665,Desulfuromonadaceae,0,DNA,NA,0,0,0
MOBEAST009,T7,Coral,Table 2,2024-06-02,12:00:00,16.216666666666665,Ectothiorhodospiraceae,0.0027,DNA,NA,0,0.0015,0.0012000000000000001
MOBEAST009,T7,Coral,Table 2,2024-06-02,12:00:00,16.216666666666665,Endozoicomonadaceae,0.0011,DNA,NA,0,6.000000000000001e-4,5e-4
MOBEAST009,T7,Coral,Table 2,2024-06-02,12:00:00,16.216666666666665,Flavobacteriaceae,0.0593,DNA,NA,0,-7.500000000000007e-4,0.06005
MOBEAST009,T7,Coral,Table 2,2024-06-02,12:00:00,16.216666666666665,Francisellaceae,0,DNA,NA,0,0,0
MOBEAST009,T7,Coral,Table 2,2024-06-02,12:00:00,16.216666666666665,Gammaproteobacteria_unclassified,0.005,DNA,NA,0,-9.499999999999951e-4,0.005949999999999995
MOBEAST009,T7,Coral,Table 2,2024-06-02,12:00:00,16.216666666666665,Halieaceae,0.0259,DNA,NA,0,0.005150000000000002,0.020749999999999998
MOBEAST009,T7,Coral,Table 2,2024-06-02,12:00:00,16.216666666666665,Halomonadaceae,6e-4,DNA,NA,0,6e-4,0
MOBEAST009,T7,Coral,Table 2,2024-06-02,12:00:00,16.216666666666665,Helicobacteraceae,0,DNA,NA,0,0,0
MOBEAST009,T7,Coral,Table 2,2024-06-02,12:00:00,16.216666666666665,Hyphomonadaceae,0.0016,DNA,NA,0,0.0016,0
MOBEAST009,T7,Coral,Table 2,2024-06-02,12:00:00,16.216666666666665,Idiomarinaceae,0,DNA,NA,0,0,0
MOBEAST009,T7,Coral,Table 2,2024-06-02,12:00:00,16.216666666666665,JGI_0000069-P22_fa,0,DNA,NA,0,0,0
MOBEAST009,T7,Coral,Table 2,2024-06-02,12:00:00,16.216666666666665,KI89A_clade_fa,4e-4,DNA,NA,0,9.999999999999999e-5,3.0000000000000003e-4
MOBEAST009,T7,Coral,Table 2,2024-06-02,12:00:00,16.216666666666665,Kiritimatiellaceae,0,DNA,NA,0,0,0
MOBEAST009,T7,Coral,Table 2,2024-06-02,12:00:00,16.216666666666665,Leptotrichiaceae,0,DNA,NA,0,0,0
MOBEAST009,T7,Coral,Table 2,2024-06-02,12:00:00,16.216666666666665,Litoricolaceae,0.0081,DNA,NA,0,0.0029,0.0052
MOBEAST009,T7,Coral,Table 2,2024-06-02,12:00:00,16.216666666666665,Marine_Group_II_fa,0.0274,DNA,NA,0,-0.01015,0.03755
MOBEAST009,T7,Coral,Table 2,2024-06-02,12:00:00,16.216666666666665,Marinifilaceae,0,DNA,NA,0,0,0
MOBEAST009,T7,Coral,Table 2,2024-06-02,12:00:00,16.216666666666665,Marinilabiliaceae,0,DNA,NA,0,0,0
MOBEAST009,T7,Coral,Table 2,2024-06-02,12:00:00,16.216666666666665,Marinimicrobia_(SAR406_clade)_fa,0.0072,DNA,NA,0,0.0026499999999999996,0.00455
MOBEAST009,T7,Coral,Table 2,2024-06-02,12:00:00,16.216666666666665,Marinobacteraceae,2e-4,DNA,NA,0,2e-4,0
MOBEAST009,T7,Coral,Table 2,2024-06-02,12:00:00,16.216666666666665,Marinomonadaceae,0,DNA,NA,0,0,0
MOBEAST009,T7,Coral,Table 2,2024-06-02,12:00:00,16.216666666666665,Methylophilaceae,0.0068,DNA,NA,0,0.004149999999999999,0.0026500000000000004
MOBEAST009,T7,Coral,Table 2,2024-06-02,12:00:00,16.216666666666665,Micavibrionaceae,0,DNA,NA,0,0,0
MOBEAST009,T7,Coral,Table 2,2024-06-02,12:00:00,16.216666666666665,Microtrichaceae,0.003,DNA,NA,0,-4.499999999999999e-4,0.00345
MOBEAST009,T7,Coral,Table 2,2024-06-02,12:00:00,16.216666666666665,Moraxellaceae,0.0011,DNA,NA,0,0.0011,0
MOBEAST009,T7,Coral,Table 2,2024-06-02,12:00:00,16.216666666666665,NS7_marine_group,4e-4,DNA,NA,0,-3e-4,7e-4
MOBEAST009,T7,Coral,Table 2,2024-06-02,12:00:00,16.216666666666665,NS9_marine_group,0.00249999999999999,DNA,NA,0,-0.0034000000000000054,0.0058999999999999955
MOBEAST009,T7,Coral,Table 2,2024-06-02,12:00:00,16.216666666666665,Nannocystaceae,7e-4,DNA,NA,0,3.5e-4,3.5e-4
MOBEAST009,T7,Coral,Table 2,2024-06-02,12:00:00,16.216666666666665,Nitrincolaceae,0.0123,DNA,NA,0,0.010450000000000004,0.001849999999999995
MOBEAST009,T7,Coral,Table 2,2024-06-02,12:00:00,16.216666666666665,Nitrosopumilaceae,2e-4,DNA,NA,0,-1.5e-4,3.5e-4
MOBEAST009,T7,Coral,Table 2,2024-06-02,12:00:00,16.216666666666665,OM182_clade_fa,0.0039,DNA,NA,0,-7.999999999999995e-4,0.004699999999999999
MOBEAST009,T7,Coral,Table 2,2024-06-02,12:00:00,16.216666666666665,Oleiphilaceae,5e-4,DNA,NA,0,-3.5000000000000005e-4,8.500000000000001e-4
MOBEAST009,T7,Coral,Table 2,2024-06-02,12:00:00,16.216666666666665,Oligoflexaceae,0.0017,DNA,NA,0,0.00145,2.5e-4
MOBEAST009,T7,Coral,Table 2,2024-06-02,12:00:00,16.216666666666665,Pirellulaceae,0.0039,DNA,NA,0,-0.001249999999999995,0.005149999999999995
MOBEAST009,T7,Coral,Table 2,2024-06-02,12:00:00,16.216666666666665,Piscirickettsiaceae,9e-4,DNA,NA,0,5e-4,4e-4
MOBEAST009,T7,Coral,Table 2,2024-06-02,12:00:00,16.216666666666665,Prolixibacteraceae,0,DNA,NA,0,0,0
MOBEAST009,T7,Coral,Table 2,2024-06-02,12:00:00,16.216666666666665,Proteobacteria_unclassified,0.002,DNA,NA,0,-4.000000000000002e-4,0.0024000000000000002
MOBEAST009,T7,Coral,Table 2,2024-06-02,12:00:00,16.216666666666665,Pseudoalteromonadaceae,3e-4,DNA,NA,0,-1.0000000000000005e-4,4e-4
MOBEAST009,T7,Coral,Table 2,2024-06-02,12:00:00,16.216666666666665,Pseudomonadaceae,0,DNA,NA,0,0,0
MOBEAST009,T7,Coral,Table 2,2024-06-02,12:00:00,16.216666666666665,Puniceicoccaceae,0,DNA,NA,0,0,0
MOBEAST009,T7,Coral,Table 2,2024-06-02,12:00:00,16.216666666666665,Rhizobiaceae,0,DNA,NA,0,0,0
MOBEAST009,T7,Coral,Table 2,2024-06-02,12:00:00,16.216666666666665,Rhodobacteraceae,0.0977,DNA,NA,0,-0.017700000000000007,0.1154
MOBEAST009,T7,Coral,Table 2,2024-06-02,12:00:00,16.216666666666665,Rhodospirillaceae,0,DNA,NA,0,0,0
MOBEAST009,T7,Coral,Table 2,2024-06-02,12:00:00,16.216666666666665,Rubinisphaeraceae,0.0012,DNA,NA,0,2.999999999999999e-4,9e-4
MOBEAST009,T7,Coral,Table 2,2024-06-02,12:00:00,16.216666666666665,S25-593,0.0013,DNA,NA,0,3.4999999999999983e-4,9.500000000000001e-4
MOBEAST009,T7,Coral,Table 2,2024-06-02,12:00:00,16.216666666666665,SAR116_clade,0.0442,DNA,NA,0,8.000000000000021e-4,0.0434
MOBEAST009,T7,Coral,Table 2,2024-06-02,12:00:00,16.216666666666665,SAR202_clade_fa,4e-4,DNA,NA,0,1.0000000000000005e-4,3e-4
MOBEAST009,T7,Coral,Table 2,2024-06-02,12:00:00,16.216666666666665,SAR324_clade(Marine_group_B)_fa,8e-4,DNA,NA,0,4.5000000000000004e-4,3.5e-4
MOBEAST009,T7,Coral,Table 2,2024-06-02,12:00:00,16.216666666666665,SAR86_clade_fa,0.0552,DNA,NA,0,0.021699999999999997,0.0335
MOBEAST009,T7,Coral,Table 2,2024-06-02,12:00:00,16.216666666666665,Saccharospirillaceae,0.0212,DNA,NA,0,0.002750000000000006,0.018449999999999994
MOBEAST009,T7,Coral,Table 2,2024-06-02,12:00:00,16.216666666666665,Saprospiraceae,3e-4,DNA,NA,0,3e-4,0
MOBEAST009,T7,Coral,Table 2,2024-06-02,12:00:00,16.216666666666665,Sphingomonadaceae,7e-4,DNA,NA,0,6.5e-4,5e-5
MOBEAST009,T7,Coral,Table 2,2024-06-02,12:00:00,16.216666666666665,Spirochaetaceae,0,DNA,NA,0,0,0
MOBEAST009,T7,Coral,Table 2,2024-06-02,12:00:00,16.216666666666665,Spongiibacteraceae,8e-4,DNA,NA,0,8e-4,0
MOBEAST009,T7,Coral,Table 2,2024-06-02,12:00:00,16.216666666666665,Stappiaceae,0,DNA,NA,0,0,0
MOBEAST009,T7,Coral,Table 2,2024-06-02,12:00:00,16.216666666666665,Terasakiellaceae,0,DNA,NA,0,0,0
MOBEAST009,T7,Coral,Table 2,2024-06-02,12:00:00,16.216666666666665,Thalassospiraceae,0,DNA,NA,0,0,0
MOBEAST009,T7,Coral,Table 2,2024-06-02,12:00:00,16.216666666666665,Thiomicrospiraceae,0,DNA,NA,0,0,0
MOBEAST009,T7,Coral,Table 2,2024-06-02,12:00:00,16.216666666666665,Vibrionaceae,0.0082,DNA,NA,0,0.005850000000000001,0.00235
MOBEAST009,T7,Coral,Table 2,2024-06-02,12:00:00,16.216666666666665,Woesearchaeia_fa,0,DNA,NA,0,-1e-4,1e-4
MOBEAST009,T7,Coral,Table 2,2024-06-02,12:00:00,16.216666666666665,uncultured_fa,3e-4,DNA,NA,0,3e-4,0
MOBEAST010,T8,Control,Table 2,2024-06-02,12:00:00,5.433333333333334,het_bact,514.583,FCM,cell/µL,0,-16.72550000000001,531.3085
MOBEAST010,T8,Control,Table 2,2024-06-02,12:00:00,5.433333333333334,pico_euk,2.7,FCM,cell/µL,0,NA,NA
MOBEAST010,T8,Control,Table 2,2024-06-02,12:00:00,5.433333333333334,syn,115.2,FCM,cell/µL,0,-3.6499999999999915,118.85
MOBEAST010,T8,Control,Table 2,2024-06-02,12:00:00,5.433333333333334,pro,16.117,FCM,cell/µL,0,-3.3415,19.4585
MOBEAST010,T8,Control,Table 2,2024-06-02,12:00:00,5.433333333333334,tot_bact,645.9,FCM,cell/µL,0,-23.71650000000011,669.6165000000001
MOBEAST010,T8,Control,Table 2,2024-06-02,12:00:00,5.433333333333334,cyano,131.317,FCM,cell/µL,0,-6.9915000000000305,138.30850000000004
MOBEAST010,T8,Control,Table 2,2024-06-02,12:00:00,5.433333333333334,chla_conc,0.25120000000000003,chla,µg/L,0,0.20560000000000003,0.045599999999999995
MOBEAST010,T8,Control,Table 2,2024-06-02,12:00:00,5.433333333333334,tn_u_m,13.5262648113641,DOC,µmol/L,0,1.6745557483204507,11.85170906304365
MOBEAST010,T8,Control,Table 2,2024-06-02,12:00:00,5.433333333333334,coble_a,0.00605195208140413,fDOM,R.U.,0,-0.001787320135279209,0.00783927221668334
MOBEAST010,T8,Control,Table 2,2024-06-02,12:00:00,5.433333333333334,coble_b,0.0760813789534515,fDOM,R.U.,0,0.032441427073520906,0.0436399518799306
MOBEAST010,T8,Control,Table 2,2024-06-02,12:00:00,5.433333333333334,coble_c,0.00331565196640908,fDOM,R.U.,0,-0.0010873537243486502,0.00440300569075773
MOBEAST010,T8,Control,Table 2,2024-06-02,12:00:00,5.433333333333334,coble_m,0.00709216405823315,fDOM,R.U.,0,-0.0020873196462353914,0.009179483704468541
MOBEAST010,T8,Control,Table 2,2024-06-02,12:00:00,5.433333333333334,coble_t,0.0414345765218118,fDOM,R.U.,0,-0.0108663497324792,0.052300926254291
MOBEAST010,T8,Control,Table 2,2024-06-02,12:00:00,5.433333333333334,m_to_c,2.138995325831532,fDOM,R.U.,0,0.22996854513754195,1.90902678069399
MOBEAST010,T8,Control,Table 2,2024-06-02,12:00:00,5.433333333333334,bix,0.642964204961481,fDOM,R.U.,0,-0.030152869797618997,0.6731170747591
MOBEAST010,T8,Control,Table 2,2024-06-02,12:00:00,5.433333333333334,hix,0.377003790028423,fDOM,R.U.,0,-0.02964035782468355,0.40664414785310654
MOBEAST010,T8,Control,Table 2,2024-06-02,12:00:00,5.433333333333334,fpeak,0.0315181244940096,fDOM,R.U.,0,-0.0018430148690634016,0.033361139363073
MOBEAST010,T8,Control,Table 2,2024-06-02,12:00:00,5.433333333333334,fi,1.41412357518019,fDOM,R.U.,0,-0.3027434732545551,1.716867048434745
MOBEAST010,T8,Control,Table 2,2024-06-02,12:00:00,5.433333333333334,lignin,0.0159177853903355,fDOM,R.U.,0,-0.01810266368050945,0.03402044907084495
MOBEAST010,T8,Control,Table 2,2024-06-02,12:00:00,5.433333333333334,N_N,0.746,nutrients,µmol/L,0,-0.4615,1.2075
MOBEAST010,T8,Control,Table 2,2024-06-02,12:00:00,5.433333333333334,NO2,0.1199153959,nutrients,µmol/L,0,0.023476023415000005,0.096439372485
MOBEAST010,T8,Control,Table 2,2024-06-02,12:00:00,5.433333333333334,PO4,0.1320856665,nutrients,µmol/L,0,0.05150542886000001,0.08058023764
MOBEAST010,T8,Control,Table 2,2024-06-02,12:00:00,5.433333333333334,SiO2,0.9743968429,nutrients,µmol/L,0,-0.03015541509999997,1.004552258
MOBEAST010,T8,Control,Table 2,2024-06-02,12:00:00,5.433333333333334,NH3,0.5382108693,nutrients,µmol/L,0,0.05393037689999991,0.48428049240000004
MOBEAST010,T8,Control,Table 2,2024-06-02,12:00:00,5.433333333333334,NO3,0.6260846041,nutrients,µmol/L,0,-0.4849760234150001,1.1110606275150001
MOBEAST010,T8,Control,Table 2,2024-06-02,12:00:00,5.433333333333334,do_mg_l,4.47,residence time,NA,0,NA,NA
MOBEAST010,T8,Control,Table 2,2024-06-02,12:00:00,5.433333333333334,ta,2356.019,carbonate,NA,0,6.906499999999596,2349.1125
MOBEAST010,T8,Control,Table 2,2024-06-02,12:00:00,5.433333333333334,dic_mmol_kg,2013.167827839841,residence time,NA,0,NA,NA
MOBEAST010,T8,Control,Table 2,2024-06-02,12:00:00,5.433333333333334,ph,8.034008291834432,carbonate,NA,0,-0.0031399993118874647,8.03714829114632
MOBEAST010,T8,Control,Table 2,2024-06-02,12:00:00,5.433333333333334,AEGEAN-169_marine_group,0.0113,DNA,NA,0,-0.00405,0.015349999999999999
MOBEAST010,T8,Control,Table 2,2024-06-02,12:00:00,5.433333333333334,Actinomarinaceae,0.0069,DNA,NA,0,-0.006999999999999999,0.0139
MOBEAST010,T8,Control,Table 2,2024-06-02,12:00:00,5.433333333333334,Alcanivoracaceae,0.0038,DNA,NA,0,0.0038,0
MOBEAST010,T8,Control,Table 2,2024-06-02,12:00:00,5.433333333333334,Alphaproteobacteria_unclassified,0.0087,DNA,NA,0,0.0087,0
MOBEAST010,T8,Control,Table 2,2024-06-02,12:00:00,5.433333333333334,Alteromonadaceae,0.0118,DNA,NA,0,3.5000000000001e-4,0.01144999999999999
MOBEAST010,T8,Control,Table 2,2024-06-02,12:00:00,5.433333333333334,Anaerolineae_unclassified,0,DNA,NA,0,0,0
MOBEAST010,T8,Control,Table 2,2024-06-02,12:00:00,5.433333333333334,Arcobacteraceae,0.0551,DNA,NA,0,0.0551,0
MOBEAST010,T8,Control,Table 2,2024-06-02,12:00:00,5.433333333333334,Arctic97B-4_marine_group_fa,5e-4,DNA,NA,0,-0.002,0.0025
MOBEAST010,T8,Control,Table 2,2024-06-02,12:00:00,5.433333333333334,Arenicellaceae,0,DNA,NA,0,-2.5e-4,2.5e-4
MOBEAST010,T8,Control,Table 2,2024-06-02,12:00:00,5.433333333333334,Bacteria_unclassified,1e-4,DNA,NA,0,1e-4,0
MOBEAST010,T8,Control,Table 2,2024-06-02,12:00:00,5.433333333333334,Bacteroidales_unclassified,0,DNA,NA,0,0,0
MOBEAST010,T8,Control,Table 2,2024-06-02,12:00:00,5.433333333333334,Bradymonadales_fa,0,DNA,NA,0,0,0
MOBEAST010,T8,Control,Table 2,2024-06-02,12:00:00,5.433333333333334,Campylobacterales_unclassified,0,DNA,NA,0,0,0
MOBEAST010,T8,Control,Table 2,2024-06-02,12:00:00,5.433333333333334,Cellvibrionaceae,3e-4,DNA,NA,0,-8.500000000000001e-4,0.00115
MOBEAST010,T8,Control,Table 2,2024-06-02,12:00:00,5.433333333333334,Clade_I,0.0114,DNA,NA,0,-0.00595,0.01735
MOBEAST010,T8,Control,Table 2,2024-06-02,12:00:00,5.433333333333334,Clade_II,0.003,DNA,NA,0,-0.0032000000000000006,0.006200000000000001
MOBEAST010,T8,Control,Table 2,2024-06-02,12:00:00,5.433333333333334,Clade_IV,2e-4,DNA,NA,0,-2e-4,4e-4
MOBEAST010,T8,Control,Table 2,2024-06-02,12:00:00,5.433333333333334,Colwelliaceae,0,DNA,NA,0,0,0
MOBEAST010,T8,Control,Table 2,2024-06-02,12:00:00,5.433333333333334,Cryomorphaceae,0.0039,DNA,NA,0,-0.00315,0.00705
MOBEAST010,T8,Control,Table 2,2024-06-02,12:00:00,5.433333333333334,Cyanobiaceae,0.2854,DNA,NA,0,-0.15459999999999996,0.43999999999999995
MOBEAST010,T8,Control,Table 2,2024-06-02,12:00:00,5.433333333333334,Cyclobacteriaceae,1e-4,DNA,NA,0,-1.9999999999999998e-4,3e-4
MOBEAST010,T8,Control,Table 2,2024-06-02,12:00:00,5.433333333333334,Deltaproteobacteria_unclassified,3e-4,DNA,NA,0,3e-4,0
MOBEAST010,T8,Control,Table 2,2024-06-02,12:00:00,5.433333333333334,Desulfuromonadaceae,7e-4,DNA,NA,0,7e-4,0
MOBEAST010,T8,Control,Table 2,2024-06-02,12:00:00,5.433333333333334,Ectothiorhodospiraceae,4e-4,DNA,NA,0,-8.000000000000001e-4,0.0012000000000000001
MOBEAST010,T8,Control,Table 2,2024-06-02,12:00:00,5.433333333333334,Endozoicomonadaceae,4e-4,DNA,NA,0,-9.999999999999999e-5,5e-4
MOBEAST010,T8,Control,Table 2,2024-06-02,12:00:00,5.433333333333334,Flavobacteriaceae,0.03419999999999999,DNA,NA,0,-0.025850000000000012,0.06005
MOBEAST010,T8,Control,Table 2,2024-06-02,12:00:00,5.433333333333334,Francisellaceae,6e-4,DNA,NA,0,6e-4,0
MOBEAST010,T8,Control,Table 2,2024-06-02,12:00:00,5.433333333333334,Gammaproteobacteria_unclassified,0.0012,DNA,NA,0,-0.0047499999999999955,0.005949999999999995
MOBEAST010,T8,Control,Table 2,2024-06-02,12:00:00,5.433333333333334,Halieaceae,0.0053,DNA,NA,0,-0.015449999999999998,0.020749999999999998
MOBEAST010,T8,Control,Table 2,2024-06-02,12:00:00,5.433333333333334,Halomonadaceae,0,DNA,NA,0,0,0
MOBEAST010,T8,Control,Table 2,2024-06-02,12:00:00,5.433333333333334,Helicobacteraceae,0.0011,DNA,NA,0,0.0011,0
MOBEAST010,T8,Control,Table 2,2024-06-02,12:00:00,5.433333333333334,Hyphomonadaceae,5e-4,DNA,NA,0,5e-4,0
MOBEAST010,T8,Control,Table 2,2024-06-02,12:00:00,5.433333333333334,Idiomarinaceae,0,DNA,NA,0,0,0
MOBEAST010,T8,Control,Table 2,2024-06-02,12:00:00,5.433333333333334,JGI_0000069-P22_fa,0,DNA,NA,0,0,0
MOBEAST010,T8,Control,Table 2,2024-06-02,12:00:00,5.433333333333334,KI89A_clade_fa,0,DNA,NA,0,-3.0000000000000003e-4,3.0000000000000003e-4
MOBEAST010,T8,Control,Table 2,2024-06-02,12:00:00,5.433333333333334,Litoricolaceae,0.0028,DNA,NA,0,-0.0024,0.0052
MOBEAST010,T8,Control,Table 2,2024-06-02,12:00:00,5.433333333333334,Marine_Group_II_fa,0.0072,DNA,NA,0,-0.030350000000000002,0.03755
MOBEAST010,T8,Control,Table 2,2024-06-02,12:00:00,5.433333333333334,Marinifilaceae,0,DNA,NA,0,0,0
MOBEAST010,T8,Control,Table 2,2024-06-02,12:00:00,5.433333333333334,Marinimicrobia_(SAR406_clade)_fa,0.003,DNA,NA,0,-0.0015500000000000002,0.00455
MOBEAST010,T8,Control,Table 2,2024-06-02,12:00:00,5.433333333333334,Marinobacteraceae,0,DNA,NA,0,0,0
MOBEAST010,T8,Control,Table 2,2024-06-02,12:00:00,5.433333333333334,Marinomonadaceae,0,DNA,NA,0,0,0
MOBEAST010,T8,Control,Table 2,2024-06-02,12:00:00,5.433333333333334,Methylophilaceae,0.0014,DNA,NA,0,-0.0012500000000000005,0.0026500000000000004
MOBEAST010,T8,Control,Table 2,2024-06-02,12:00:00,5.433333333333334,Micavibrionaceae,1e-4,DNA,NA,0,1e-4,0
MOBEAST010,T8,Control,Table 2,2024-06-02,12:00:00,5.433333333333334,Microtrichaceae,0.0024,DNA,NA,0,-0.0010500000000000002,0.00345
MOBEAST010,T8,Control,Table 2,2024-06-02,12:00:00,5.433333333333334,Moraxellaceae,0.001,DNA,NA,0,0.001,0
MOBEAST010,T8,Control,Table 2,2024-06-02,12:00:00,5.433333333333334,NS7_marine_group,5e-4,DNA,NA,0,-1.9999999999999998e-4,7e-4
MOBEAST010,T8,Control,Table 2,2024-06-02,12:00:00,5.433333333333334,NS9_marine_group,0.0023,DNA,NA,0,-0.0035999999999999956,0.0058999999999999955
MOBEAST010,T8,Control,Table 2,2024-06-02,12:00:00,5.433333333333334,Nannocystaceae,1e-4,DNA,NA,0,-2.5e-4,3.5e-4
MOBEAST010,T8,Control,Table 2,2024-06-02,12:00:00,5.433333333333334,Nitrincolaceae,0.0012,DNA,NA,0,-6.499999999999952e-4,0.001849999999999995
MOBEAST010,T8,Control,Table 2,2024-06-02,12:00:00,5.433333333333334,Nitrosopumilaceae,0,DNA,NA,0,-3.5e-4,3.5e-4
MOBEAST010,T8,Control,Table 2,2024-06-02,12:00:00,5.433333333333334,OM182_clade_fa,0.001,DNA,NA,0,-0.0036999999999999993,0.004699999999999999
MOBEAST010,T8,Control,Table 2,2024-06-02,12:00:00,5.433333333333334,Oleiphilaceae,0,DNA,NA,0,-8.500000000000001e-4,8.500000000000001e-4
MOBEAST010,T8,Control,Table 2,2024-06-02,12:00:00,5.433333333333334,Oligoflexaceae,4e-4,DNA,NA,0,1.5000000000000001e-4,2.5e-4
MOBEAST010,T8,Control,Table 2,2024-06-02,12:00:00,5.433333333333334,Pirellulaceae,0.002,DNA,NA,0,-0.003149999999999995,0.005149999999999995
MOBEAST010,T8,Control,Table 2,2024-06-02,12:00:00,5.433333333333334,Piscirickettsiaceae,1e-4,DNA,NA,0,-3.0000000000000003e-4,4e-4
MOBEAST010,T8,Control,Table 2,2024-06-02,12:00:00,5.433333333333334,Prolixibacteraceae,0,DNA,NA,0,0,0
MOBEAST010,T8,Control,Table 2,2024-06-02,12:00:00,5.433333333333334,Pseudoalteromonadaceae,0,DNA,NA,0,-4e-4,4e-4
MOBEAST010,T8,Control,Table 2,2024-06-02,12:00:00,5.433333333333334,Pseudohongiellaceae,4e-4,DNA,NA,0,-0.00155,0.00195
MOBEAST010,T8,Control,Table 2,2024-06-02,12:00:00,5.433333333333334,Pseudomonadaceae,0,DNA,NA,0,0,0
MOBEAST010,T8,Control,Table 2,2024-06-02,12:00:00,5.433333333333334,Puniceicoccaceae,0,DNA,NA,0,0,0
MOBEAST010,T8,Control,Table 2,2024-06-02,12:00:00,5.433333333333334,Rhizobiaceae,0,DNA,NA,0,0,0
MOBEAST010,T8,Control,Table 2,2024-06-02,12:00:00,5.433333333333334,Rhodobacteraceae,0.0557,DNA,NA,0,-0.0597,0.1154
MOBEAST010,T8,Control,Table 2,2024-06-02,12:00:00,5.433333333333334,Rhodospirillaceae,5e-4,DNA,NA,0,5e-4,0
MOBEAST010,T8,Control,Table 2,2024-06-02,12:00:00,5.433333333333334,Rubinisphaeraceae,5e-4,DNA,NA,0,-3.9999999999999996e-4,9e-4
MOBEAST010,T8,Control,Table 2,2024-06-02,12:00:00,5.433333333333334,S25-593,2e-4,DNA,NA,0,-7.500000000000001e-4,9.500000000000001e-4
MOBEAST010,T8,Control,Table 2,2024-06-02,12:00:00,5.433333333333334,SAR116_clade,0.0111,DNA,NA,0,-0.0323,0.0434
MOBEAST010,T8,Control,Table 2,2024-06-02,12:00:00,5.433333333333334,SAR202_clade_fa,0,DNA,NA,0,-3e-4,3e-4
MOBEAST010,T8,Control,Table 2,2024-06-02,12:00:00,5.433333333333334,SAR324_clade(Marine_group_B)_fa,0,DNA,NA,0,-3.5e-4,3.5e-4
MOBEAST010,T8,Control,Table 2,2024-06-02,12:00:00,5.433333333333334,SAR86_clade_fa,0.0172,DNA,NA,0,-0.016300000000000002,0.0335
MOBEAST010,T8,Control,Table 2,2024-06-02,12:00:00,5.433333333333334,Saccharospirillaceae,0.0148,DNA,NA,0,-0.0036499999999999935,0.018449999999999994
MOBEAST010,T8,Control,Table 2,2024-06-02,12:00:00,5.433333333333334,Saprospiraceae,0,DNA,NA,0,0,0
MOBEAST010,T8,Control,Table 2,2024-06-02,12:00:00,5.433333333333334,Sphingomonadaceae,0,DNA,NA,0,-5e-5,5e-5
MOBEAST010,T8,Control,Table 2,2024-06-02,12:00:00,5.433333333333334,Spongiibacteraceae,0,DNA,NA,0,0,0
MOBEAST010,T8,Control,Table 2,2024-06-02,12:00:00,5.433333333333334,Stappiaceae,0,DNA,NA,0,0,0
MOBEAST010,T8,Control,Table 2,2024-06-02,12:00:00,5.433333333333334,Thalassospiraceae,0,DNA,NA,0,0,0
MOBEAST010,T8,Control,Table 2,2024-06-02,12:00:00,5.433333333333334,Thiomicrospiraceae,0,DNA,NA,0,0,0
MOBEAST010,T8,Control,Table 2,2024-06-02,12:00:00,5.433333333333334,Vibrionaceae,0.026,DNA,NA,0,0.023649999999999997,0.00235
MOBEAST010,T8,Control,Table 2,2024-06-02,12:00:00,5.433333333333334,Woesearchaeia_fa,0,DNA,NA,0,-1e-4,1e-4
MOBEAST010,T8,Control,Table 2,2024-06-02,12:00:00,5.433333333333334,uncultured_fa,3e-4,DNA,NA,0,3e-4,0
MOBEAST011,T9,Coral,Table 1,2024-06-02,12:00:00,9,het_bact,524.617,FCM,cell/µL,0,-6.691500000000019,531.3085
MOBEAST011,T9,Coral,Table 1,2024-06-02,12:00:00,9,pico_euk,3.117,FCM,cell/µL,0,NA,NA
MOBEAST011,T9,Coral,Table 1,2024-06-02,12:00:00,9,syn,119.467,FCM,cell/µL,0,0.6170000000000044,118.85
MOBEAST011,T9,Coral,Table 1,2024-06-02,12:00:00,9,pro,14.9,FCM,cell/µL,0,-4.5585,19.4585
MOBEAST011,T9,Coral,Table 1,2024-06-02,12:00:00,9,tot_bact,658.983,FCM,cell/µL,0,-10.63350000000014,669.6165000000001
MOBEAST011,T9,Coral,Table 1,2024-06-02,12:00:00,9,cyano,134.36699999999996,FCM,cell/µL,0,-3.941500000000076,138.30850000000004
MOBEAST011,T9,Coral,Table 1,2024-06-02,12:00:00,9,chla_conc,0.3944,chla,µg/L,0,0.3488,0.045599999999999995
MOBEAST011,T9,Coral,Table 1,2024-06-02,12:00:00,9,tn_u_m,12.5645821880481,DOC,µmol/L,0,0.7128731250044495,11.85170906304365
MOBEAST011,T9,Coral,Table 1,2024-06-02,12:00:00,9,coble_a,0.0064676241396417,fDOM,R.U.,0,-0.0013716480770416392,0.00783927221668334
MOBEAST011,T9,Coral,Table 1,2024-06-02,12:00:00,9,coble_b,0.0753998902920884,fDOM,R.U.,0,0.03175993841215781,0.0436399518799306
MOBEAST011,T9,Coral,Table 1,2024-06-02,12:00:00,9,coble_c,0.0039185362902906,fDOM,R.U.,0,-4.8446940046713034e-4,0.00440300569075773
MOBEAST011,T9,Coral,Table 1,2024-06-02,12:00:00,9,coble_m,0.0077888774689803,fDOM,R.U.,0,-0.0013906062354882408,0.009179483704468541
MOBEAST011,T9,Coral,Table 1,2024-06-02,12:00:00,9,coble_t,0.0367614195979669,fDOM,R.U.,0,-0.0155395066563241,0.052300926254291
MOBEAST011,T9,Coral,Table 1,2024-06-02,12:00:00,9,m_to_c,1.9877007361855197,fDOM,R.U.,0,0.07867395549152967,1.90902678069399
MOBEAST011,T9,Coral,Table 1,2024-06-02,12:00:00,9,bix,0.748852905468443,fDOM,R.U.,0,0.07573583070934298,0.6731170747591
MOBEAST011,T9,Coral,Table 1,2024-06-02,12:00:00,9,hix,0.39616000242599,fDOM,R.U.,0,-0.010484145427116565,0.40664414785310654
MOBEAST011,T9,Coral,Table 1,2024-06-02,12:00:00,9,fpeak,0.0379634173538985,fDOM,R.U.,0,0.0046022779908255,0.033361139363073
MOBEAST011,T9,Coral,Table 1,2024-06-02,12:00:00,9,fi,1.90650117569898,fDOM,R.U.,0,0.189634127264235,1.716867048434745
MOBEAST011,T9,Coral,Table 1,2024-06-02,12:00:00,9,lignin,0.0114261563605953,fDOM,R.U.,0,-0.02259429271024965,0.03402044907084495
MOBEAST011,T9,Coral,Table 1,2024-06-02,12:00:00,9,N_N,0.982,nutrients,µmol/L,0,-0.22550000000000003,1.2075
MOBEAST011,T9,Coral,Table 1,2024-06-02,12:00:00,9,NO2,0.131175985,nutrients,µmol/L,0,0.034736612515,0.096439372485
MOBEAST011,T9,Coral,Table 1,2024-06-02,12:00:00,9,PO4,0.077,nutrients,µmol/L,0,-0.0035802376399999974,0.08058023764
MOBEAST011,T9,Coral,Table 1,2024-06-02,12:00:00,9,NH3,1.110133478,nutrients,µmol/L,0,0.6258529856,0.48428049240000004
MOBEAST011,T9,Coral,Table 1,2024-06-02,12:00:00,9,NO3,0.8508240149999999,nutrients,µmol/L,0,-0.2602366125150002,1.1110606275150001
MOBEAST011,T9,Coral,Table 1,2024-06-02,12:00:00,9,ph_diff,0.02231372075038784,carbonate,NA,0,0.02231372075038784,0
MOBEAST011,T9,Coral,Table 1,2024-06-02,12:00:00,9,delta_ta,1.7080000000000837,carbonate,NA,0,1.7080000000000837,0
MOBEAST011,T9,Coral,Table 1,2024-06-02,12:00:00,9,do_mg_l,4.03,residence time,NA,0,NA,NA
MOBEAST011,T9,Coral,Table 1,2024-06-02,12:00:00,9,ta,2344.891,carbonate,NA,0,-4.2215000000001055,2349.1125
MOBEAST011,T9,Coral,Table 1,2024-06-02,12:00:00,9,dic_mmol_kg,1992.0031550310205,residence time,NA,0,NA,NA
MOBEAST011,T9,Coral,Table 1,2024-06-02,12:00:00,9,ph,8.054811631526809,carbonate,NA,0,0.01766334038048889,8.03714829114632
MOBEAST011,T9,Coral,Table 1,2024-06-02,12:00:00,9,Alcanivoracaceae,0,DNA,NA,0,0,0
MOBEAST011,T9,Coral,Table 1,2024-06-02,12:00:00,9,Alteromonadaceae,0.1268,DNA,NA,0,0.11535000000000001,0.01144999999999999
MOBEAST011,T9,Coral,Table 1,2024-06-02,12:00:00,9,Alteromonadales_unclassified,0,DNA,NA,0,0,0
MOBEAST011,T9,Coral,Table 1,2024-06-02,12:00:00,9,Anaerolineae_unclassified,0.003,DNA,NA,0,0.003,0
MOBEAST011,T9,Coral,Table 1,2024-06-02,12:00:00,9,Arcobacteraceae,0.0043,DNA,NA,0,0.0043,0
MOBEAST011,T9,Coral,Table 1,2024-06-02,12:00:00,9,Arctic97B-4_marine_group_fa,0,DNA,NA,0,-0.0025,0.0025
MOBEAST011,T9,Coral,Table 1,2024-06-02,12:00:00,9,Arenicellaceae,0.0018,DNA,NA,0,0.00155,2.5e-4
MOBEAST011,T9,Coral,Table 1,2024-06-02,12:00:00,9,Bacteriovoracaceae,3e-4,DNA,NA,0,2.4999999999999995e-4,5e-5
MOBEAST011,T9,Coral,Table 1,2024-06-02,12:00:00,9,Bacteroidales_unclassified,0,DNA,NA,0,0,0
MOBEAST011,T9,Coral,Table 1,2024-06-02,12:00:00,9,Bacteroidetes_BD2-2,0,DNA,NA,0,0,0
MOBEAST011,T9,Coral,Table 1,2024-06-02,12:00:00,9,Bacteroidia_unclassified,0,DNA,NA,0,0,0
MOBEAST011,T9,Coral,Table 1,2024-06-02,12:00:00,9,Bradymonadales_fa,0,DNA,NA,0,0,0
MOBEAST011,T9,Coral,Table 1,2024-06-02,12:00:00,9,Campylobacterales_unclassified,0,DNA,NA,0,0,0
MOBEAST011,T9,Coral,Table 1,2024-06-02,12:00:00,9,Campylobacteria_unclassified,0,DNA,NA,0,0,0
MOBEAST011,T9,Coral,Table 1,2024-06-02,12:00:00,9,Cellvibrionaceae,0.0025,DNA,NA,0,0.00135,0.00115
MOBEAST011,T9,Coral,Table 1,2024-06-02,12:00:00,9,Clade_I,0,DNA,NA,0,-0.01735,0.01735
MOBEAST011,T9,Coral,Table 1,2024-06-02,12:00:00,9,Clade_II,0,DNA,NA,0,-0.006200000000000001,0.006200000000000001
MOBEAST011,T9,Coral,Table 1,2024-06-02,12:00:00,9,Clade_IV,0,DNA,NA,0,-4e-4,4e-4
MOBEAST011,T9,Coral,Table 1,2024-06-02,12:00:00,9,Cryomorphaceae,0.0012,DNA,NA,0,-0.00585,0.00705
MOBEAST011,T9,Coral,Table 1,2024-06-02,12:00:00,9,Cyanobiaceae,0.1978,DNA,NA,0,-0.24219999999999994,0.43999999999999995
MOBEAST011,T9,Coral,Table 1,2024-06-02,12:00:00,9,Cyclobacteriaceae,0,DNA,NA,0,-3e-4,3e-4
MOBEAST011,T9,Coral,Table 1,2024-06-02,12:00:00,9,Deltaproteobacteria_unclassified,7e-4,DNA,NA,0,7e-4,0
MOBEAST011,T9,Coral,Table 1,2024-06-02,12:00:00,9,Desulfovibrionaceae,0.001,DNA,NA,0,0.001,0
MOBEAST011,T9,Coral,Table 1,2024-06-02,12:00:00,9,Desulfuromonadaceae,0,DNA,NA,0,0,0
MOBEAST011,T9,Coral,Table 1,2024-06-02,12:00:00,9,Ectothiorhodospiraceae,0,DNA,NA,0,-0.0012000000000000001,0.0012000000000000001
MOBEAST011,T9,Coral,Table 1,2024-06-02,12:00:00,9,Endozoicomonadaceae,0.0012,DNA,NA,0,6.999999999999999e-4,5e-4
MOBEAST011,T9,Coral,Table 1,2024-06-02,12:00:00,9,Flavobacteriaceae,0.0449,DNA,NA,0,-0.015149999999999997,0.06005
MOBEAST011,T9,Coral,Table 1,2024-06-02,12:00:00,9,Francisellaceae,5e-4,DNA,NA,0,5e-4,0
MOBEAST011,T9,Coral,Table 1,2024-06-02,12:00:00,9,Gammaproteobacteria_unclassified,9e-4,DNA,NA,0,-0.0050499999999999955,0.005949999999999995
MOBEAST011,T9,Coral,Table 1,2024-06-02,12:00:00,9,Halieaceae,0.0037,DNA,NA,0,-0.017049999999999996,0.020749999999999998
MOBEAST011,T9,Coral,Table 1,2024-06-02,12:00:00,9,Halomonadaceae,0,DNA,NA,0,0,0
MOBEAST011,T9,Coral,Table 1,2024-06-02,12:00:00,9,Helicobacteraceae,0,DNA,NA,0,0,0
MOBEAST011,T9,Coral,Table 1,2024-06-02,12:00:00,9,Idiomarinaceae,0,DNA,NA,0,0,0
MOBEAST011,T9,Coral,Table 1,2024-06-02,12:00:00,9,JGI_0000069-P22_fa,3e-4,DNA,NA,0,3e-4,0
MOBEAST011,T9,Coral,Table 1,2024-06-02,12:00:00,9,KI89A_clade_fa,0,DNA,NA,0,-3.0000000000000003e-4,3.0000000000000003e-4
MOBEAST011,T9,Coral,Table 1,2024-06-02,12:00:00,9,Kiritimatiellaceae,0,DNA,NA,0,0,0
MOBEAST011,T9,Coral,Table 1,2024-06-02,12:00:00,9,Leptotrichiaceae,0,DNA,NA,0,0,0
MOBEAST011,T9,Coral,Table 1,2024-06-02,12:00:00,9,Litoricolaceae,0.0072,DNA,NA,0,0.002,0.0052
MOBEAST011,T9,Coral,Table 1,2024-06-02,12:00:00,9,Marine_Group_II_fa,0,DNA,NA,0,-0.03755,0.03755
MOBEAST011,T9,Coral,Table 1,2024-06-02,12:00:00,9,Marinifilaceae,0,DNA,NA,0,0,0
MOBEAST011,T9,Coral,Table 1,2024-06-02,12:00:00,9,Marinilabiliaceae,0,DNA,NA,0,0,0
MOBEAST011,T9,Coral,Table 1,2024-06-02,12:00:00,9,Marinimicrobia_(SAR406_clade)_fa,4e-4,DNA,NA,0,-0.00415,0.00455
MOBEAST011,T9,Coral,Table 1,2024-06-02,12:00:00,9,Marinobacteraceae,0,DNA,NA,0,0,0
MOBEAST011,T9,Coral,Table 1,2024-06-02,12:00:00,9,Marinomonadaceae,0,DNA,NA,0,0,0
MOBEAST011,T9,Coral,Table 1,2024-06-02,12:00:00,9,Methylophilaceae,0,DNA,NA,0,-0.0026500000000000004,0.0026500000000000004
MOBEAST011,T9,Coral,Table 1,2024-06-02,12:00:00,9,Micavibrionaceae,0.0013,DNA,NA,0,0.0013,0
MOBEAST011,T9,Coral,Table 1,2024-06-02,12:00:00,9,Microtrichaceae,0.0025,DNA,NA,0,-9.499999999999999e-4,0.00345
MOBEAST011,T9,Coral,Table 1,2024-06-02,12:00:00,9,Moraxellaceae,0,DNA,NA,0,0,0
MOBEAST011,T9,Coral,Table 1,2024-06-02,12:00:00,9,NS7_marine_group,1e-4,DNA,NA,0,-6e-4,7e-4
MOBEAST011,T9,Coral,Table 1,2024-06-02,12:00:00,9,NS9_marine_group,0.0011,DNA,NA,0,-0.004799999999999995,0.0058999999999999955
MOBEAST011,T9,Coral,Table 1,2024-06-02,12:00:00,9,Nannocystaceae,0,DNA,NA,0,-3.5e-4,3.5e-4
MOBEAST011,T9,Coral,Table 1,2024-06-02,12:00:00,9,Nitrincolaceae,0.0107,DNA,NA,0,0.008850000000000004,0.001849999999999995
MOBEAST011,T9,Coral,Table 1,2024-06-02,12:00:00,9,Nitrosopumilaceae,0,DNA,NA,0,-3.5e-4,3.5e-4
MOBEAST011,T9,Coral,Table 1,2024-06-02,12:00:00,9,OM182_clade_fa,0,DNA,NA,0,-0.004699999999999999,0.004699999999999999
MOBEAST011,T9,Coral,Table 1,2024-06-02,12:00:00,9,Oleiphilaceae,0.003,DNA,NA,0,0.00215,8.500000000000001e-4
MOBEAST011,T9,Coral,Table 1,2024-06-02,12:00:00,9,Pirellulaceae,0.0017,DNA,NA,0,-0.0034499999999999947,0.005149999999999995
MOBEAST011,T9,Coral,Table 1,2024-06-02,12:00:00,9,Piscirickettsiaceae,0,DNA,NA,0,-4e-4,4e-4
MOBEAST011,T9,Coral,Table 1,2024-06-02,12:00:00,9,Prolixibacteraceae,0,DNA,NA,0,0,0
MOBEAST011,T9,Coral,Table 1,2024-06-02,12:00:00,9,Proteobacteria_unclassified,0.0033,DNA,NA,0,8.999999999999998e-4,0.0024000000000000002
MOBEAST011,T9,Coral,Table 1,2024-06-02,12:00:00,9,Pseudoalteromonadaceae,0.0046,DNA,NA,0,0.0042,4e-4
MOBEAST011,T9,Coral,Table 1,2024-06-02,12:00:00,9,Pseudohongiellaceae,0,DNA,NA,0,-0.00195,0.00195
MOBEAST011,T9,Coral,Table 1,2024-06-02,12:00:00,9,Pseudomonadaceae,0,DNA,NA,0,0,0
MOBEAST011,T9,Coral,Table 1,2024-06-02,12:00:00,9,Rhizobiaceae,3e-4,DNA,NA,0,3e-4,0
MOBEAST011,T9,Coral,Table 1,2024-06-02,12:00:00,9,Rhodospirillaceae,0,DNA,NA,0,0,0
MOBEAST011,T9,Coral,Table 1,2024-06-02,12:00:00,9,Rubinisphaeraceae,4e-4,DNA,NA,0,-5e-4,9e-4
MOBEAST011,T9,Coral,Table 1,2024-06-02,12:00:00,9,S25-593,0,DNA,NA,0,-9.500000000000001e-4,9.500000000000001e-4
MOBEAST011,T9,Coral,Table 1,2024-06-02,12:00:00,9,SAR116_clade,0.0025,DNA,NA,0,-0.0409,0.0434
MOBEAST011,T9,Coral,Table 1,2024-06-02,12:00:00,9,SAR202_clade_fa,0,DNA,NA,0,-3e-4,3e-4
MOBEAST011,T9,Coral,Table 1,2024-06-02,12:00:00,9,SAR324_clade(Marine_group_B)_fa,0,DNA,NA,0,-3.5e-4,3.5e-4
MOBEAST011,T9,Coral,Table 1,2024-06-02,12:00:00,9,SAR86_clade_fa,0.0013,DNA,NA,0,-0.0322,0.0335
MOBEAST011,T9,Coral,Table 1,2024-06-02,12:00:00,9,Saccharospirillaceae,0.0039,DNA,NA,0,-0.014549999999999993,0.018449999999999994
MOBEAST011,T9,Coral,Table 1,2024-06-02,12:00:00,9,Saprospiraceae,0,DNA,NA,0,0,0
MOBEAST011,T9,Coral,Table 1,2024-06-02,12:00:00,9,Sphingomonadaceae,0.0035,DNA,NA,0,0.00345,5e-5
MOBEAST011,T9,Coral,Table 1,2024-06-02,12:00:00,9,Spirochaetaceae,0,DNA,NA,0,0,0
MOBEAST011,T9,Coral,Table 1,2024-06-02,12:00:00,9,Spongiibacteraceae,0,DNA,NA,0,0,0
MOBEAST011,T9,Coral,Table 1,2024-06-02,12:00:00,9,Terasakiellaceae,0,DNA,NA,0,0,0
MOBEAST011,T9,Coral,Table 1,2024-06-02,12:00:00,9,Thalassospiraceae,0,DNA,NA,0,0,0
MOBEAST011,T9,Coral,Table 1,2024-06-02,12:00:00,9,Thiomicrospiraceae,7e-4,DNA,NA,0,7e-4,0
MOBEAST011,T9,Coral,Table 1,2024-06-02,12:00:00,9,Vibrionaceae,0.04320000000000001,DNA,NA,0,0.04085000000000001,0.00235
MOBEAST011,T9,Coral,Table 1,2024-06-02,12:00:00,9,Woesearchaeia_fa,0,DNA,NA,0,-1e-4,1e-4
MOBEAST011,T9,Coral,Table 1,2024-06-02,12:00:00,9,uncultured_fa,0,DNA,NA,0,0,0
MOBEAST012,T10,CCA,Table 1,2024-06-02,12:00:00,5.733333333333333,het_bact,403.65,FCM,cell/µL,0,-127.6585,531.3085
MOBEAST012,T10,CCA,Table 1,2024-06-02,12:00:00,5.733333333333333,pico_euk,2.8,FCM,cell/µL,0,NA,NA
MOBEAST012,T10,CCA,Table 1,2024-06-02,12:00:00,5.733333333333333,tot_bact,484.417,FCM,cell/µL,0,-185.1995000000001,669.6165000000001
MOBEAST012,T10,CCA,Table 1,2024-06-02,12:00:00,5.733333333333333,cyano,80.76599999999996,FCM,cell/µL,0,-57.542500000000075,138.30850000000004
MOBEAST012,T10,CCA,Table 1,2024-06-02,12:00:00,5.733333333333333,chla_conc,0.15480000000000002,chla,µg/L,0,0.10920000000000002,0.045599999999999995
MOBEAST012,T10,CCA,Table 1,2024-06-02,12:00:00,5.733333333333333,tn_u_m,22.7861190239909,DOC,µmol/L,0,10.93440996094725,11.85170906304365
MOBEAST012,T10,CCA,Table 1,2024-06-02,12:00:00,5.733333333333333,coble_a,0.0140560833208588,fDOM,R.U.,0,0.006216811104175461,0.00783927221668334
MOBEAST012,T10,CCA,Table 1,2024-06-02,12:00:00,5.733333333333333,coble_b,0.115350395723193,fDOM,R.U.,0,0.0717104438432624,0.0436399518799306
MOBEAST012,T10,CCA,Table 1,2024-06-02,12:00:00,5.733333333333333,coble_c,0.0138919790691301,fDOM,R.U.,0,0.00948897337837237,0.00440300569075773
MOBEAST012,T10,CCA,Table 1,2024-06-02,12:00:00,5.733333333333333,coble_m,0.0177052162128734,fDOM,R.U.,0,0.008525732508404858,0.009179483704468541
MOBEAST012,T10,CCA,Table 1,2024-06-02,12:00:00,5.733333333333333,coble_t,0.124981027434106,fDOM,R.U.,0,0.072680101179815,0.052300926254291
MOBEAST012,T10,CCA,Table 1,2024-06-02,12:00:00,5.733333333333333,m_to_c,1.274492001806772,fDOM,R.U.,0,-0.634534778887218,1.90902678069399
MOBEAST012,T10,CCA,Table 1,2024-06-02,12:00:00,5.733333333333333,bix,1.24925873073452,fDOM,R.U.,0,0.57614165597542,0.6731170747591
MOBEAST012,T10,CCA,Table 1,2024-06-02,12:00:00,5.733333333333333,hix,0.424770517458587,fDOM,R.U.,0,0.018126369605480475,0.40664414785310654
MOBEAST012,T10,CCA,Table 1,2024-06-02,12:00:00,5.733333333333333,fpeak,0.0234575188521866,fDOM,R.U.,0,-0.009903620510886401,0.033361139363073
MOBEAST012,T10,CCA,Table 1,2024-06-02,12:00:00,5.733333333333333,fi,1.73154396161244,fDOM,R.U.,0,0.014676913177694928,1.716867048434745
MOBEAST012,T10,CCA,Table 1,2024-06-02,12:00:00,5.733333333333333,lignin,0.0428925227366005,fDOM,R.U.,0,0.008872073665755549,0.03402044907084495
MOBEAST012,T10,CCA,Table 1,2024-06-02,12:00:00,5.733333333333333,N_N,1.587,nutrients,µmol/L,0,0.37949999999999995,1.2075
MOBEAST012,T10,CCA,Table 1,2024-06-02,12:00:00,5.733333333333333,NO2,0.01,nutrients,µmol/L,0,-0.086439372485,0.096439372485
MOBEAST012,T10,CCA,Table 1,2024-06-02,12:00:00,5.733333333333333,PO4,0.077,nutrients,µmol/L,0,-0.0035802376399999974,0.08058023764
MOBEAST012,T10,CCA,Table 1,2024-06-02,12:00:00,5.733333333333333,SiO2,0.01,nutrients,µmol/L,0,-0.9945522579999999,1.004552258
MOBEAST012,T10,CCA,Table 1,2024-06-02,12:00:00,5.733333333333333,NH3,2.151750578,nutrients,µmol/L,0,1.6674700856000002,0.48428049240000004
MOBEAST012,T10,CCA,Table 1,2024-06-02,12:00:00,5.733333333333333,NO3,1.577,nutrients,µmol/L,0,0.46593937248499984,1.1110606275150001
MOBEAST012,T10,CCA,Table 1,2024-06-02,12:00:00,5.733333333333333,do_mg_l,4.13,residence time,NA,0,NA,NA
MOBEAST012,T10,CCA,Table 1,2024-06-02,12:00:00,5.733333333333333,AEGEAN-169_marine_group,0.02669999999999999,DNA,NA,0,0.011349999999999992,0.015349999999999999
MOBEAST012,T10,CCA,Table 1,2024-06-02,12:00:00,5.733333333333333,Actinomarinaceae,0.0113,DNA,NA,0,-0.0026,0.0139
MOBEAST012,T10,CCA,Table 1,2024-06-02,12:00:00,5.733333333333333,Alcanivoracaceae,0,DNA,NA,0,0,0
MOBEAST012,T10,CCA,Table 1,2024-06-02,12:00:00,5.733333333333333,Alphaproteobacteria_unclassified,0.0014,DNA,NA,0,0.0014,0
MOBEAST012,T10,CCA,Table 1,2024-06-02,12:00:00,5.733333333333333,Alteromonadaceae,0.0121,DNA,NA,0,6.500000000000099e-4,0.01144999999999999
MOBEAST012,T10,CCA,Table 1,2024-06-02,12:00:00,5.733333333333333,Alteromonadales_unclassified,0,DNA,NA,0,0,0
MOBEAST012,T10,CCA,Table 1,2024-06-02,12:00:00,5.733333333333333,Anaerolineae_unclassified,4e-4,DNA,NA,0,4e-4,0
MOBEAST012,T10,CCA,Table 1,2024-06-02,12:00:00,5.733333333333333,Arcobacteraceae,5e-4,DNA,NA,0,5e-4,0
MOBEAST012,T10,CCA,Table 1,2024-06-02,12:00:00,5.733333333333333,Arctic97B-4_marine_group_fa,0.0033,DNA,NA,0,7.999999999999999e-4,0.0025
MOBEAST012,T10,CCA,Table 1,2024-06-02,12:00:00,5.733333333333333,Arenicellaceae,0,DNA,NA,0,-2.5e-4,2.5e-4
MOBEAST012,T10,CCA,Table 1,2024-06-02,12:00:00,5.733333333333333,Bacteria_unclassified,7e-4,DNA,NA,0,7e-4,0
MOBEAST012,T10,CCA,Table 1,2024-06-02,12:00:00,5.733333333333333,Bacteriovoracaceae,0,DNA,NA,0,-5e-5,5e-5
MOBEAST012,T10,CCA,Table 1,2024-06-02,12:00:00,5.733333333333333,Bacteroidales_unclassified,0,DNA,NA,0,0,0
MOBEAST012,T10,CCA,Table 1,2024-06-02,12:00:00,5.733333333333333,Bacteroidetes_BD2-2,0,DNA,NA,0,0,0
MOBEAST012,T10,CCA,Table 1,2024-06-02,12:00:00,5.733333333333333,Bacteroidia_unclassified,3e-4,DNA,NA,0,3e-4,0
MOBEAST012,T10,CCA,Table 1,2024-06-02,12:00:00,5.733333333333333,Bradymonadales_fa,0,DNA,NA,0,0,0
MOBEAST012,T10,CCA,Table 1,2024-06-02,12:00:00,5.733333333333333,Campylobacterales_unclassified,0,DNA,NA,0,0,0
MOBEAST012,T10,CCA,Table 1,2024-06-02,12:00:00,5.733333333333333,Campylobacteria_unclassified,4e-4,DNA,NA,0,4e-4,0
MOBEAST012,T10,CCA,Table 1,2024-06-02,12:00:00,5.733333333333333,Cellvibrionaceae,0.0016,DNA,NA,0,4.500000000000001e-4,0.00115
MOBEAST012,T10,CCA,Table 1,2024-06-02,12:00:00,5.733333333333333,Clade_I,0.0344,DNA,NA,0,0.01705,0.01735
MOBEAST012,T10,CCA,Table 1,2024-06-02,12:00:00,5.733333333333333,Clade_II,0.0108,DNA,NA,0,0.0046,0.006200000000000001
MOBEAST012,T10,CCA,Table 1,2024-06-02,12:00:00,5.733333333333333,Clade_IV,0.001,DNA,NA,0,6.000000000000001e-4,4e-4
MOBEAST012,T10,CCA,Table 1,2024-06-02,12:00:00,5.733333333333333,Colwelliaceae,0,DNA,NA,0,0,0
MOBEAST012,T10,CCA,Table 1,2024-06-02,12:00:00,5.733333333333333,Cryomorphaceae,0.007,DNA,NA,0,-4.99999999999997e-5,0.00705
MOBEAST012,T10,CCA,Table 1,2024-06-02,12:00:00,5.733333333333333,Cyanobiaceae,0.4488,DNA,NA,0,0.00880000000000003,0.43999999999999995
MOBEAST012,T10,CCA,Table 1,2024-06-02,12:00:00,5.733333333333333,Cyclobacteriaceae,6e-4,DNA,NA,0,3e-4,3e-4
MOBEAST012,T10,CCA,Table 1,2024-06-02,12:00:00,5.733333333333333,Deltaproteobacteria_unclassified,0.0074,DNA,NA,0,0.0074,0
MOBEAST012,T10,CCA,Table 1,2024-06-02,12:00:00,5.733333333333333,Desulfovibrionaceae,4e-4,DNA,NA,0,4e-4,0
MOBEAST012,T10,CCA,Table 1,2024-06-02,12:00:00,5.733333333333333,Desulfuromonadaceae,0,DNA,NA,0,0,0
MOBEAST012,T10,CCA,Table 1,2024-06-02,12:00:00,5.733333333333333,Ectothiorhodospiraceae,0.0018,DNA,NA,0,5.999999999999998e-4,0.0012000000000000001
MOBEAST012,T10,CCA,Table 1,2024-06-02,12:00:00,5.733333333333333,Endozoicomonadaceae,8e-4,DNA,NA,0,3.0000000000000003e-4,5e-4
MOBEAST012,T10,CCA,Table 1,2024-06-02,12:00:00,5.733333333333333,Flavobacteriaceae,0.0645,DNA,NA,0,0.0044500000000000026,0.06005
MOBEAST012,T10,CCA,Table 1,2024-06-02,12:00:00,5.733333333333333,Francisellaceae,0,DNA,NA,0,0,0
MOBEAST012,T10,CCA,Table 1,2024-06-02,12:00:00,5.733333333333333,Gammaproteobacteria_unclassified,0.0017,DNA,NA,0,-0.004249999999999995,0.005949999999999995
MOBEAST012,T10,CCA,Table 1,2024-06-02,12:00:00,5.733333333333333,Halieaceae,0.02559999999999999,DNA,NA,0,0.004849999999999993,0.020749999999999998
MOBEAST012,T10,CCA,Table 1,2024-06-02,12:00:00,5.733333333333333,Halomonadaceae,4e-4,DNA,NA,0,4e-4,0
MOBEAST012,T10,CCA,Table 1,2024-06-02,12:00:00,5.733333333333333,Helicobacteraceae,0,DNA,NA,0,0,0
MOBEAST012,T10,CCA,Table 1,2024-06-02,12:00:00,5.733333333333333,Hyphomonadaceae,4e-4,DNA,NA,0,4e-4,0
MOBEAST012,T10,CCA,Table 1,2024-06-02,12:00:00,5.733333333333333,Idiomarinaceae,0,DNA,NA,0,0,0
MOBEAST012,T10,CCA,Table 1,2024-06-02,12:00:00,5.733333333333333,JGI_0000069-P22_fa,1e-4,DNA,NA,0,1e-4,0
MOBEAST012,T10,CCA,Table 1,2024-06-02,12:00:00,5.733333333333333,KI89A_clade_fa,4e-4,DNA,NA,0,9.999999999999999e-5,3.0000000000000003e-4
MOBEAST012,T10,CCA,Table 1,2024-06-02,12:00:00,5.733333333333333,Kiritimatiellaceae,0,DNA,NA,0,0,0
MOBEAST012,T10,CCA,Table 1,2024-06-02,12:00:00,5.733333333333333,Leptotrichiaceae,1e-4,DNA,NA,0,1e-4,0
MOBEAST012,T10,CCA,Table 1,2024-06-02,12:00:00,5.733333333333333,Litoricolaceae,0.0111,DNA,NA,0,0.005900000000000001,0.0052
MOBEAST012,T10,CCA,Table 1,2024-06-02,12:00:00,5.733333333333333,Marine_Group_II_fa,0.0411,DNA,NA,0,0.0035499999999999976,0.03755
MOBEAST012,T10,CCA,Table 1,2024-06-02,12:00:00,5.733333333333333,Marinifilaceae,0,DNA,NA,0,0,0
MOBEAST012,T10,CCA,Table 1,2024-06-02,12:00:00,5.733333333333333,Marinilabiliaceae,0,DNA,NA,0,0,0
MOBEAST012,T10,CCA,Table 1,2024-06-02,12:00:00,5.733333333333333,Marinimicrobia_(SAR406_clade)_fa,0.0063,DNA,NA,0,0.0017499999999999998,0.00455
MOBEAST012,T10,CCA,Table 1,2024-06-02,12:00:00,5.733333333333333,Marinobacteraceae,0,DNA,NA,0,0,0
MOBEAST012,T10,CCA,Table 1,2024-06-02,12:00:00,5.733333333333333,Marinomonadaceae,0,DNA,NA,0,0,0
MOBEAST012,T10,CCA,Table 1,2024-06-02,12:00:00,5.733333333333333,Methylophilaceae,0.0065,DNA,NA,0,0.0038499999999999993,0.0026500000000000004
MOBEAST012,T10,CCA,Table 1,2024-06-02,12:00:00,5.733333333333333,Micavibrionaceae,2e-4,DNA,NA,0,2e-4,0
MOBEAST012,T10,CCA,Table 1,2024-06-02,12:00:00,5.733333333333333,Microtrichaceae,0.0051,DNA,NA,0,0.0016500000000000004,0.00345
MOBEAST012,T10,CCA,Table 1,2024-06-02,12:00:00,5.733333333333333,Moraxellaceae,0,DNA,NA,0,0,0
MOBEAST012,T10,CCA,Table 1,2024-06-02,12:00:00,5.733333333333333,NS7_marine_group,6e-4,DNA,NA,0,-1.0000000000000005e-4,7e-4
MOBEAST012,T10,CCA,Table 1,2024-06-02,12:00:00,5.733333333333333,NS9_marine_group,0.0048,DNA,NA,0,-0.001099999999999996,0.0058999999999999955
MOBEAST012,T10,CCA,Table 1,2024-06-02,12:00:00,5.733333333333333,Nannocystaceae,4e-4,DNA,NA,0,5.000000000000002e-5,3.5e-4
MOBEAST012,T10,CCA,Table 1,2024-06-02,12:00:00,5.733333333333333,Nitrincolaceae,0.0048,DNA,NA,0,0.0029500000000000047,0.001849999999999995
MOBEAST012,T10,CCA,Table 1,2024-06-02,12:00:00,5.733333333333333,Nitrosopumilaceae,0,DNA,NA,0,-3.5e-4,3.5e-4
MOBEAST012,T10,CCA,Table 1,2024-06-02,12:00:00,5.733333333333333,OM182_clade_fa,0.0041,DNA,NA,0,-5.99999999999999e-4,0.004699999999999999
MOBEAST012,T10,CCA,Table 1,2024-06-02,12:00:00,5.733333333333333,Oleiphilaceae,0.0015,DNA,NA,0,6.5e-4,8.500000000000001e-4
MOBEAST012,T10,CCA,Table 1,2024-06-02,12:00:00,5.733333333333333,Oligoflexaceae,6e-4,DNA,NA,0,3.4999999999999994e-4,2.5e-4
MOBEAST012,T10,CCA,Table 1,2024-06-02,12:00:00,5.733333333333333,Pirellulaceae,0.0034,DNA,NA,0,-0.001749999999999995,0.005149999999999995
MOBEAST012,T10,CCA,Table 1,2024-06-02,12:00:00,5.733333333333333,Piscirickettsiaceae,3e-4,DNA,NA,0,-1.0000000000000005e-4,4e-4
MOBEAST012,T10,CCA,Table 1,2024-06-02,12:00:00,5.733333333333333,Prolixibacteraceae,0,DNA,NA,0,0,0
MOBEAST012,T10,CCA,Table 1,2024-06-02,12:00:00,5.733333333333333,Proteobacteria_unclassified,0.0034,DNA,NA,0,9.999999999999996e-4,0.0024000000000000002
MOBEAST012,T10,CCA,Table 1,2024-06-02,12:00:00,5.733333333333333,Pseudoalteromonadaceae,4e-4,DNA,NA,0,0,4e-4
MOBEAST012,T10,CCA,Table 1,2024-06-02,12:00:00,5.733333333333333,Pseudohongiellaceae,0.0016,DNA,NA,0,-3.4999999999999983e-4,0.00195
MOBEAST012,T10,CCA,Table 1,2024-06-02,12:00:00,5.733333333333333,Pseudomonadaceae,0,DNA,NA,0,0,0
MOBEAST012,T10,CCA,Table 1,2024-06-02,12:00:00,5.733333333333333,Puniceicoccaceae,5e-4,DNA,NA,0,5e-4,0
MOBEAST012,T10,CCA,Table 1,2024-06-02,12:00:00,5.733333333333333,Rhizobiaceae,0,DNA,NA,0,0,0
MOBEAST012,T10,CCA,Table 1,2024-06-02,12:00:00,5.733333333333333,Rhodobacteraceae,0.11590000000000002,DNA,NA,0,5.000000000000143e-4,0.1154
MOBEAST012,T10,CCA,Table 1,2024-06-02,12:00:00,5.733333333333333,Rhodospirillaceae,0,DNA,NA,0,0,0
MOBEAST012,T10,CCA,Table 1,2024-06-02,12:00:00,5.733333333333333,Rubinisphaeraceae,7e-4,DNA,NA,0,-1.9999999999999998e-4,9e-4
MOBEAST012,T10,CCA,Table 1,2024-06-02,12:00:00,5.733333333333333,S25-593,0.001,DNA,NA,0,4.9999999999999914e-5,9.500000000000001e-4
MOBEAST012,T10,CCA,Table 1,2024-06-02,12:00:00,5.733333333333333,SAR116_clade,0.046,DNA,NA,0,0.002599999999999998,0.0434
MOBEAST012,T10,CCA,Table 1,2024-06-02,12:00:00,5.733333333333333,SAR202_clade_fa,4e-4,DNA,NA,0,1.0000000000000005e-4,3e-4
MOBEAST012,T10,CCA,Table 1,2024-06-02,12:00:00,5.733333333333333,SAR324_clade(Marine_group_B)_fa,5e-4,DNA,NA,0,1.5000000000000001e-4,3.5e-4
MOBEAST012,T10,CCA,Table 1,2024-06-02,12:00:00,5.733333333333333,SAR86_clade_fa,0.04829999999999999,DNA,NA,0,0.014799999999999987,0.0335
MOBEAST012,T10,CCA,Table 1,2024-06-02,12:00:00,5.733333333333333,Saccharospirillaceae,0.0052,DNA,NA,0,-0.013249999999999994,0.018449999999999994
MOBEAST012,T10,CCA,Table 1,2024-06-02,12:00:00,5.733333333333333,Saprospiraceae,0,DNA,NA,0,0,0
MOBEAST012,T10,CCA,Table 1,2024-06-02,12:00:00,5.733333333333333,Sphingomonadaceae,0,DNA,NA,0,-5e-5,5e-5
MOBEAST012,T10,CCA,Table 1,2024-06-02,12:00:00,5.733333333333333,Spirochaetaceae,0,DNA,NA,0,0,0
MOBEAST012,T10,CCA,Table 1,2024-06-02,12:00:00,5.733333333333333,Spongiibacteraceae,0,DNA,NA,0,0,0
MOBEAST012,T10,CCA,Table 1,2024-06-02,12:00:00,5.733333333333333,Stappiaceae,0,DNA,NA,0,0,0
MOBEAST012,T10,CCA,Table 1,2024-06-02,12:00:00,5.733333333333333,Terasakiellaceae,0,DNA,NA,0,0,0
MOBEAST012,T10,CCA,Table 1,2024-06-02,12:00:00,5.733333333333333,Thalassospiraceae,0,DNA,NA,0,0,0
MOBEAST012,T10,CCA,Table 1,2024-06-02,12:00:00,5.733333333333333,Thiomicrospiraceae,0,DNA,NA,0,0,0
MOBEAST012,T10,CCA,Table 1,2024-06-02,12:00:00,5.733333333333333,Vibrionaceae,0.0051,DNA,NA,0,0.0027500000000000003,0.00235
MOBEAST012,T10,CCA,Table 1,2024-06-02,12:00:00,5.733333333333333,Woesearchaeia_fa,0,DNA,NA,0,-1e-4,1e-4
MOBEAST012,T10,CCA,Table 1,2024-06-02,12:00:00,5.733333333333333,uncultured_fa,4e-4,DNA,NA,0,4e-4,0
MOBEAST013,T11,Control,Table 1,2024-06-02,12:00:00,0.48333333333333334,het_bact,552.533,FCM,cell/µL,0,21.224500000000035,531.3085
MOBEAST013,T11,Control,Table 1,2024-06-02,12:00:00,0.48333333333333334,pico_euk,2.433,FCM,cell/µL,0,NA,NA
MOBEAST013,T11,Control,Table 1,2024-06-02,12:00:00,0.48333333333333334,syn,121.383,FCM,cell/µL,0,2.5330000000000013,118.85
MOBEAST013,T11,Control,Table 1,2024-06-02,12:00:00,0.48333333333333334,pro,15.7,FCM,cell/µL,0,-3.7585000000000015,19.4585
MOBEAST013,T11,Control,Table 1,2024-06-02,12:00:00,0.48333333333333334,tot_bact,689.617,FCM,cell/µL,0,20.000499999999874,669.6165000000001
MOBEAST013,T11,Control,Table 1,2024-06-02,12:00:00,0.48333333333333334,cyano,137.08299999999997,FCM,cell/µL,0,-1.2255000000000678,138.30850000000004
MOBEAST013,T11,Control,Table 1,2024-06-02,12:00:00,0.48333333333333334,chla_conc,0.30440000000000006,chla,µg/L,0,0.2588000000000001,0.045599999999999995
MOBEAST013,T11,Control,Table 1,2024-06-02,12:00:00,0.48333333333333334,tn_u_m,13.9617706764144,DOC,µmol/L,0,2.1100616133707497,11.85170906304365
MOBEAST013,T11,Control,Table 1,2024-06-02,12:00:00,0.48333333333333334,coble_a,0.00750110105193647,fDOM,R.U.,0,-3.381711647468689e-4,0.00783927221668334
MOBEAST013,T11,Control,Table 1,2024-06-02,12:00:00,0.48333333333333334,coble_b,0.0972355188788325,fDOM,R.U.,0,0.0535955669989019,0.0436399518799306
MOBEAST013,T11,Control,Table 1,2024-06-02,12:00:00,0.48333333333333334,coble_c,0.00564404411734511,fDOM,R.U.,0,0.0012410384265873799,0.00440300569075773
MOBEAST013,T11,Control,Table 1,2024-06-02,12:00:00,0.48333333333333334,coble_m,0.00992694606999149,fDOM,R.U.,0,7.474623655229495e-4,0.009179483704468541
MOBEAST013,T11,Control,Table 1,2024-06-02,12:00:00,0.48333333333333334,coble_t,0.0509745536836426,fDOM,R.U.,0,-0.0013263725706484028,0.052300926254291
MOBEAST013,T11,Control,Table 1,2024-06-02,12:00:00,0.48333333333333334,m_to_c,1.7588356617348706,fDOM,R.U.,0,-0.1501911189591194,1.90902678069399
MOBEAST013,T11,Control,Table 1,2024-06-02,12:00:00,0.48333333333333334,bix,0.733114045230646,fDOM,R.U.,0,0.05999697047154606,0.6731170747591
MOBEAST013,T11,Control,Table 1,2024-06-02,12:00:00,0.48333333333333334,hix,0.359597459053439,fDOM,R.U.,0,-0.04704668879966756,0.40664414785310654
MOBEAST013,T11,Control,Table 1,2024-06-02,12:00:00,0.48333333333333334,fpeak,0.0590826242399302,fDOM,R.U.,0,0.0257214848768572,0.033361139363073
MOBEAST013,T11,Control,Table 1,2024-06-02,12:00:00,0.48333333333333334,fi,1.58404903139874,fDOM,R.U.,0,-0.13281801703600493,1.716867048434745
MOBEAST013,T11,Control,Table 1,2024-06-02,12:00:00,0.48333333333333334,lignin,0.0657701377214272,fDOM,R.U.,0,0.03174968865058225,0.03402044907084495
MOBEAST013,T11,Control,Table 1,2024-06-02,12:00:00,0.48333333333333334,N_N,0.539,nutrients,µmol/L,0,-0.6685,1.2075
MOBEAST013,T11,Control,Table 1,2024-06-02,12:00:00,0.48333333333333334,NO2,0.1063500079,nutrients,µmol/L,0,0.009910635415000008,0.096439372485
MOBEAST013,T11,Control,Table 1,2024-06-02,12:00:00,0.48333333333333334,PO4,0.077,nutrients,µmol/L,0,-0.0035802376399999974,0.08058023764
MOBEAST013,T11,Control,Table 1,2024-06-02,12:00:00,0.48333333333333334,NH3,0.4633052328,nutrients,µmol/L,0,-0.020975259600000018,0.48428049240000004
MOBEAST013,T11,Control,Table 1,2024-06-02,12:00:00,0.48333333333333334,NO3,0.4326499921000001,nutrients,µmol/L,0,-0.678410635415,1.1110606275150001
MOBEAST013,T11,Control,Table 1,2024-06-02,12:00:00,0.48333333333333334,ph_diff,-0.00493770073476973,carbonate,NA,0,-0.00493770073476973,0
MOBEAST013,T11,Control,Table 1,2024-06-02,12:00:00,0.48333333333333334,delta_ta,21.947000000000116,carbonate,NA,0,21.947000000000116,0
MOBEAST013,T11,Control,Table 1,2024-06-02,12:00:00,0.48333333333333334,do_mg_l,3.6,residence time,NA,0,NA,NA
MOBEAST013,T11,Control,Table 1,2024-06-02,12:00:00,0.48333333333333334,ta,2365.13,carbonate,NA,0,16.017499999999927,2349.1125
MOBEAST013,T11,Control,Table 1,2024-06-02,12:00:00,0.48333333333333334,dic_mmol_kg,2023.4385859009255,residence time,NA,0,NA,NA
MOBEAST013,T11,Control,Table 1,2024-06-02,12:00:00,0.48333333333333334,ph,8.027444882614127,carbonate,NA,0,-0.00970340853219298,8.03714829114632
MOBEAST013,T11,Control,Table 1,2024-06-02,12:00:00,0.48333333333333334,AEGEAN-169_marine_group,0.0071,DNA,NA,0,-0.008249999999999999,0.015349999999999999
MOBEAST013,T11,Control,Table 1,2024-06-02,12:00:00,0.48333333333333334,Actinomarinaceae,0.0049,DNA,NA,0,-0.009,0.0139
MOBEAST013,T11,Control,Table 1,2024-06-02,12:00:00,0.48333333333333334,Alcanivoracaceae,0,DNA,NA,0,0,0
MOBEAST013,T11,Control,Table 1,2024-06-02,12:00:00,0.48333333333333334,Alphaproteobacteria_unclassified,0.0045,DNA,NA,0,0.0045,0
MOBEAST013,T11,Control,Table 1,2024-06-02,12:00:00,0.48333333333333334,Alteromonadaceae,0.1568,DNA,NA,0,0.14535,0.01144999999999999
MOBEAST013,T11,Control,Table 1,2024-06-02,12:00:00,0.48333333333333334,Alteromonadales_unclassified,0,DNA,NA,0,0,0
MOBEAST013,T11,Control,Table 1,2024-06-02,12:00:00,0.48333333333333334,Anaerolineae_unclassified,0,DNA,NA,0,0,0
MOBEAST013,T11,Control,Table 1,2024-06-02,12:00:00,0.48333333333333334,Arcobacteraceae,0.0037,DNA,NA,0,0.0037,0
MOBEAST013,T11,Control,Table 1,2024-06-02,12:00:00,0.48333333333333334,Arctic97B-4_marine_group_fa,8e-4,DNA,NA,0,-0.0017000000000000001,0.0025
MOBEAST013,T11,Control,Table 1,2024-06-02,12:00:00,0.48333333333333334,Arenicellaceae,2e-4,DNA,NA,0,-4.9999999999999996e-5,2.5e-4
MOBEAST013,T11,Control,Table 1,2024-06-02,12:00:00,0.48333333333333334,Bacteria_unclassified,0.0014,DNA,NA,0,0.0014,0
MOBEAST013,T11,Control,Table 1,2024-06-02,12:00:00,0.48333333333333334,Bacteriovoracaceae,0.0033,DNA,NA,0,0.00325,5e-5
MOBEAST013,T11,Control,Table 1,2024-06-02,12:00:00,0.48333333333333334,Bacteroidales_unclassified,0,DNA,NA,0,0,0
MOBEAST013,T11,Control,Table 1,2024-06-02,12:00:00,0.48333333333333334,Bacteroidetes_BD2-2,0,DNA,NA,0,0,0
MOBEAST013,T11,Control,Table 1,2024-06-02,12:00:00,0.48333333333333334,Bacteroidia_unclassified,1e-4,DNA,NA,0,1e-4,0
MOBEAST013,T11,Control,Table 1,2024-06-02,12:00:00,0.48333333333333334,Bradymonadales_fa,0,DNA,NA,0,0,0
MOBEAST013,T11,Control,Table 1,2024-06-02,12:00:00,0.48333333333333334,Campylobacterales_unclassified,0,DNA,NA,0,0,0
MOBEAST013,T11,Control,Table 1,2024-06-02,12:00:00,0.48333333333333334,Campylobacteria_unclassified,0,DNA,NA,0,0,0
MOBEAST013,T11,Control,Table 1,2024-06-02,12:00:00,0.48333333333333334,Cellvibrionaceae,0.05139999999999999,DNA,NA,0,0.05024999999999999,0.00115
MOBEAST013,T11,Control,Table 1,2024-06-02,12:00:00,0.48333333333333334,Clade_I,0.0111,DNA,NA,0,-0.00625,0.01735
MOBEAST013,T11,Control,Table 1,2024-06-02,12:00:00,0.48333333333333334,Clade_II,0.0061,DNA,NA,0,-1.0000000000000026e-4,0.006200000000000001
MOBEAST013,T11,Control,Table 1,2024-06-02,12:00:00,0.48333333333333334,Clade_IV,3e-4,DNA,NA,0,-1.0000000000000005e-4,4e-4
MOBEAST013,T11,Control,Table 1,2024-06-02,12:00:00,0.48333333333333334,Colwelliaceae,0.0016,DNA,NA,0,0.0016,0
MOBEAST013,T11,Control,Table 1,2024-06-02,12:00:00,0.48333333333333334,Cryomorphaceae,0.0022,DNA,NA,0,-0.00485,0.00705
MOBEAST013,T11,Control,Table 1,2024-06-02,12:00:00,0.48333333333333334,Cyanobiaceae,0.1448,DNA,NA,0,-0.2951999999999999,0.43999999999999995
MOBEAST013,T11,Control,Table 1,2024-06-02,12:00:00,0.48333333333333334,Deltaproteobacteria_unclassified,0,DNA,NA,0,0,0
MOBEAST013,T11,Control,Table 1,2024-06-02,12:00:00,0.48333333333333334,Desulfovibrionaceae,0.0014,DNA,NA,0,0.0014,0
MOBEAST013,T11,Control,Table 1,2024-06-02,12:00:00,0.48333333333333334,Desulfuromonadaceae,0,DNA,NA,0,0,0
MOBEAST013,T11,Control,Table 1,2024-06-02,12:00:00,0.48333333333333334,Ectothiorhodospiraceae,6e-4,DNA,NA,0,-6.000000000000002e-4,0.0012000000000000001
MOBEAST013,T11,Control,Table 1,2024-06-02,12:00:00,0.48333333333333334,Flavobacteriaceae,0.0334,DNA,NA,0,-0.02665,0.06005
MOBEAST013,T11,Control,Table 1,2024-06-02,12:00:00,0.48333333333333334,Francisellaceae,0,DNA,NA,0,0,0
MOBEAST013,T11,Control,Table 1,2024-06-02,12:00:00,0.48333333333333334,Gammaproteobacteria_unclassified,0.01049999999999999,DNA,NA,0,0.004549999999999995,0.005949999999999995
MOBEAST013,T11,Control,Table 1,2024-06-02,12:00:00,0.48333333333333334,Halieaceae,0.008,DNA,NA,0,-0.012749999999999997,0.020749999999999998
MOBEAST013,T11,Control,Table 1,2024-06-02,12:00:00,0.48333333333333334,Halomonadaceae,8e-4,DNA,NA,0,8e-4,0
MOBEAST013,T11,Control,Table 1,2024-06-02,12:00:00,0.48333333333333334,Helicobacteraceae,0,DNA,NA,0,0,0
MOBEAST013,T11,Control,Table 1,2024-06-02,12:00:00,0.48333333333333334,Hyphomonadaceae,0.0082,DNA,NA,0,0.0082,0
MOBEAST013,T11,Control,Table 1,2024-06-02,12:00:00,0.48333333333333334,Idiomarinaceae,0,DNA,NA,0,0,0
MOBEAST013,T11,Control,Table 1,2024-06-02,12:00:00,0.48333333333333334,JGI_0000069-P22_fa,5e-4,DNA,NA,0,5e-4,0
MOBEAST013,T11,Control,Table 1,2024-06-02,12:00:00,0.48333333333333334,KI89A_clade_fa,0,DNA,NA,0,-3.0000000000000003e-4,3.0000000000000003e-4
MOBEAST013,T11,Control,Table 1,2024-06-02,12:00:00,0.48333333333333334,Kiritimatiellaceae,0,DNA,NA,0,0,0
MOBEAST013,T11,Control,Table 1,2024-06-02,12:00:00,0.48333333333333334,Leptotrichiaceae,0,DNA,NA,0,0,0
MOBEAST013,T11,Control,Table 1,2024-06-02,12:00:00,0.48333333333333334,Marine_Group_II_fa,0.0015,DNA,NA,0,-0.03605,0.03755
MOBEAST013,T11,Control,Table 1,2024-06-02,12:00:00,0.48333333333333334,Marinilabiliaceae,0,DNA,NA,0,0,0
MOBEAST013,T11,Control,Table 1,2024-06-02,12:00:00,0.48333333333333334,Marinimicrobia_(SAR406_clade)_fa,0.0015,DNA,NA,0,-0.00305,0.00455
MOBEAST013,T11,Control,Table 1,2024-06-02,12:00:00,0.48333333333333334,Marinobacteraceae,0,DNA,NA,0,0,0
MOBEAST013,T11,Control,Table 1,2024-06-02,12:00:00,0.48333333333333334,Marinomonadaceae,0,DNA,NA,0,0,0
MOBEAST013,T11,Control,Table 1,2024-06-02,12:00:00,0.48333333333333334,Methylophilaceae,0.0048,DNA,NA,0,0.002149999999999999,0.0026500000000000004
MOBEAST013,T11,Control,Table 1,2024-06-02,12:00:00,0.48333333333333334,Micavibrionaceae,0,DNA,NA,0,0,0
MOBEAST013,T11,Control,Table 1,2024-06-02,12:00:00,0.48333333333333334,Microtrichaceae,0.002,DNA,NA,0,-0.00145,0.00345
MOBEAST013,T11,Control,Table 1,2024-06-02,12:00:00,0.48333333333333334,Moraxellaceae,0,DNA,NA,0,0,0
MOBEAST013,T11,Control,Table 1,2024-06-02,12:00:00,0.48333333333333334,NS7_marine_group,4e-4,DNA,NA,0,-3e-4,7e-4
MOBEAST013,T11,Control,Table 1,2024-06-02,12:00:00,0.48333333333333334,NS9_marine_group,0,DNA,NA,0,-0.0058999999999999955,0.0058999999999999955
MOBEAST013,T11,Control,Table 1,2024-06-02,12:00:00,0.48333333333333334,Nannocystaceae,0,DNA,NA,0,-3.5e-4,3.5e-4
MOBEAST013,T11,Control,Table 1,2024-06-02,12:00:00,0.48333333333333334,Nitrincolaceae,0.0222,DNA,NA,0,0.020350000000000007,0.001849999999999995
MOBEAST013,T11,Control,Table 1,2024-06-02,12:00:00,0.48333333333333334,Nitrosopumilaceae,7e-4,DNA,NA,0,3.5e-4,3.5e-4
MOBEAST013,T11,Control,Table 1,2024-06-02,12:00:00,0.48333333333333334,OM182_clade_fa,5e-4,DNA,NA,0,-0.004199999999999999,0.004699999999999999
MOBEAST013,T11,Control,Table 1,2024-06-02,12:00:00,0.48333333333333334,Oleiphilaceae,0.0018,DNA,NA,0,9.499999999999999e-4,8.500000000000001e-4
MOBEAST013,T11,Control,Table 1,2024-06-02,12:00:00,0.48333333333333334,Oligoflexaceae,0.0017,DNA,NA,0,0.00145,2.5e-4
MOBEAST013,T11,Control,Table 1,2024-06-02,12:00:00,0.48333333333333334,Pirellulaceae,9e-4,DNA,NA,0,-0.004249999999999995,0.005149999999999995
MOBEAST013,T11,Control,Table 1,2024-06-02,12:00:00,0.48333333333333334,Piscirickettsiaceae,0,DNA,NA,0,-4e-4,4e-4
MOBEAST013,T11,Control,Table 1,2024-06-02,12:00:00,0.48333333333333334,Prolixibacteraceae,0,DNA,NA,0,0,0
MOBEAST013,T11,Control,Table 1,2024-06-02,12:00:00,0.48333333333333334,Proteobacteria_unclassified,7e-4,DNA,NA,0,-0.0017000000000000001,0.0024000000000000002
MOBEAST013,T11,Control,Table 1,2024-06-02,12:00:00,0.48333333333333334,Pseudoalteromonadaceae,0.0031,DNA,NA,0,0.0026999999999999997,4e-4
MOBEAST013,T11,Control,Table 1,2024-06-02,12:00:00,0.48333333333333334,Pseudohongiellaceae,6e-4,DNA,NA,0,-0.00135,0.00195
MOBEAST013,T11,Control,Table 1,2024-06-02,12:00:00,0.48333333333333334,Pseudomonadaceae,0,DNA,NA,0,0,0
MOBEAST013,T11,Control,Table 1,2024-06-02,12:00:00,0.48333333333333334,Puniceicoccaceae,0,DNA,NA,0,0,0
MOBEAST013,T11,Control,Table 1,2024-06-02,12:00:00,0.48333333333333334,Rhizobiaceae,0,DNA,NA,0,0,0
MOBEAST013,T11,Control,Table 1,2024-06-02,12:00:00,0.48333333333333334,Rhodospirillaceae,0,DNA,NA,0,0,0
MOBEAST013,T11,Control,Table 1,2024-06-02,12:00:00,0.48333333333333334,Rubinisphaeraceae,6e-4,DNA,NA,0,-3.0000000000000003e-4,9e-4
MOBEAST013,T11,Control,Table 1,2024-06-02,12:00:00,0.48333333333333334,S25-593,5e-4,DNA,NA,0,-4.500000000000001e-4,9.500000000000001e-4
MOBEAST013,T11,Control,Table 1,2024-06-02,12:00:00,0.48333333333333334,SAR116_clade,0.01509999999999999,DNA,NA,0,-0.028300000000000013,0.0434
MOBEAST013,T11,Control,Table 1,2024-06-02,12:00:00,0.48333333333333334,SAR202_clade_fa,3e-4,DNA,NA,0,0,3e-4
MOBEAST013,T11,Control,Table 1,2024-06-02,12:00:00,0.48333333333333334,SAR324_clade(Marine_group_B)_fa,0,DNA,NA,0,-3.5e-4,3.5e-4
MOBEAST013,T11,Control,Table 1,2024-06-02,12:00:00,0.48333333333333334,SAR86_clade_fa,0.0138,DNA,NA,0,-0.019700000000000002,0.0335
MOBEAST013,T11,Control,Table 1,2024-06-02,12:00:00,0.48333333333333334,Saccharospirillaceae,0.0152,DNA,NA,0,-0.003249999999999994,0.018449999999999994
MOBEAST013,T11,Control,Table 1,2024-06-02,12:00:00,0.48333333333333334,Saprospiraceae,7e-4,DNA,NA,0,7e-4,0
MOBEAST013,T11,Control,Table 1,2024-06-02,12:00:00,0.48333333333333334,Spirochaetaceae,0,DNA,NA,0,0,0
MOBEAST013,T11,Control,Table 1,2024-06-02,12:00:00,0.48333333333333334,Spongiibacteraceae,0,DNA,NA,0,0,0
MOBEAST013,T11,Control,Table 1,2024-06-02,12:00:00,0.48333333333333334,Stappiaceae,5e-4,DNA,NA,0,5e-4,0
MOBEAST013,T11,Control,Table 1,2024-06-02,12:00:00,0.48333333333333334,Terasakiellaceae,0.0013,DNA,NA,0,0.0013,0
MOBEAST013,T11,Control,Table 1,2024-06-02,12:00:00,0.48333333333333334,Thalassospiraceae,9e-4,DNA,NA,0,9e-4,0
MOBEAST013,T11,Control,Table 1,2024-06-02,12:00:00,0.48333333333333334,Thiomicrospiraceae,0.0021,DNA,NA,0,0.0021,0
MOBEAST013,T11,Control,Table 1,2024-06-02,12:00:00,0.48333333333333334,Vibrionaceae,0.0193,DNA,NA,0,0.01695,0.00235
MOBEAST013,T11,Control,Table 1,2024-06-02,12:00:00,0.48333333333333334,Woesearchaeia_fa,0,DNA,NA,0,-1e-4,1e-4
MOBEAST013,T11,Control,Table 1,2024-06-02,12:00:00,0.48333333333333334,uncultured_fa,0,DNA,NA,0,0,0
MOBEAST014,T12,CCA,Table 1,2024-06-02,12:00:00,5.383333333333334,het_bact,362,FCM,cell/µL,0,-169.30849999999998,531.3085
MOBEAST014,T12,CCA,Table 1,2024-06-02,12:00:00,5.383333333333334,pico_euk,2.417,FCM,cell/µL,0,NA,NA
MOBEAST014,T12,CCA,Table 1,2024-06-02,12:00:00,5.383333333333334,pro,16.567,FCM,cell/µL,0,-2.8915000000000006,19.4585
MOBEAST014,T12,CCA,Table 1,2024-06-02,12:00:00,5.383333333333334,tot_bact,421.633,FCM,cell/µL,0,-247.9835000000001,669.6165000000001
MOBEAST014,T12,CCA,Table 1,2024-06-02,12:00:00,5.383333333333334,tn_u_m,17.2958893481929,DOC,µmol/L,0,5.444180285149251,11.85170906304365
MOBEAST014,T12,CCA,Table 1,2024-06-02,12:00:00,5.383333333333334,coble_a,0.00948804592163324,fDOM,R.U.,0,0.0016487737049499015,0.00783927221668334
MOBEAST014,T12,CCA,Table 1,2024-06-02,12:00:00,5.383333333333334,coble_b,0.0749340224715442,fDOM,R.U.,0,0.0312940705916136,0.0436399518799306
MOBEAST014,T12,CCA,Table 1,2024-06-02,12:00:00,5.383333333333334,coble_c,0.00833042097620901,fDOM,R.U.,0,0.003927415285451279,0.00440300569075773
MOBEAST014,T12,CCA,Table 1,2024-06-02,12:00:00,5.383333333333334,coble_m,0.0126183931829246,fDOM,R.U.,0,0.003438909478456058,0.009179483704468541
MOBEAST014,T12,CCA,Table 1,2024-06-02,12:00:00,5.383333333333334,coble_t,0.078065955984034,fDOM,R.U.,0,0.025765029729742997,0.052300926254291
MOBEAST014,T12,CCA,Table 1,2024-06-02,12:00:00,5.383333333333334,m_to_c,1.5147365564071351,fDOM,R.U.,0,-0.3942902242868549,1.90902678069399
MOBEAST014,T12,CCA,Table 1,2024-06-02,12:00:00,5.383333333333334,bix,0.944285354233396,fDOM,R.U.,0,0.271168279474296,0.6731170747591
MOBEAST014,T12,CCA,Table 1,2024-06-02,12:00:00,5.383333333333334,hix,0.391295854917208,fDOM,R.U.,0,-0.015348292935898566,0.40664414785310654
MOBEAST014,T12,CCA,Table 1,2024-06-02,12:00:00,5.383333333333334,fpeak,0.0273413895893612,fDOM,R.U.,0,-0.006019749773711801,0.033361139363073
MOBEAST014,T12,CCA,Table 1,2024-06-02,12:00:00,5.383333333333334,fi,1.94209267508987,fDOM,R.U.,0,0.2252256266551249,1.716867048434745
MOBEAST014,T12,CCA,Table 1,2024-06-02,12:00:00,5.383333333333334,lignin,0.0170722741122036,fDOM,R.U.,0,-0.01694817495864135,0.03402044907084495
MOBEAST014,T12,CCA,Table 1,2024-06-02,12:00:00,5.383333333333334,N_N,0.92,nutrients,µmol/L,0,-0.2875,1.2075
MOBEAST014,T12,CCA,Table 1,2024-06-02,12:00:00,5.383333333333334,NO2,0.01,nutrients,µmol/L,0,-0.086439372485,0.096439372485
MOBEAST014,T12,CCA,Table 1,2024-06-02,12:00:00,5.383333333333334,PO4,0.077,nutrients,µmol/L,0,-0.0035802376399999974,0.08058023764
MOBEAST014,T12,CCA,Table 1,2024-06-02,12:00:00,5.383333333333334,SiO2,0.01,nutrients,µmol/L,0,-0.9945522579999999,1.004552258
MOBEAST014,T12,CCA,Table 1,2024-06-02,12:00:00,5.383333333333334,NH3,0.8692752871,nutrients,µmol/L,0,0.3849947947,0.48428049240000004
MOBEAST014,T12,CCA,Table 1,2024-06-02,12:00:00,5.383333333333334,NO3,0.91,nutrients,µmol/L,0,-0.2010606275150001,1.1110606275150001
MOBEAST014,T12,CCA,Table 1,2024-06-02,12:00:00,5.383333333333334,do_mg_l,4,residence time,NA,0,NA,NA
MOBEAST014,T12,CCA,Table 1,2024-06-02,12:00:00,5.383333333333334,ph,8.141608050998872,carbonate,NA,0,0.10445975985255274,8.03714829114632
MOBEAST014,T12,CCA,Table 1,2024-06-02,12:00:00,5.383333333333334,AEGEAN-169_marine_group,0.0124,DNA,NA,0,-0.0029499999999999995,0.015349999999999999
MOBEAST014,T12,CCA,Table 1,2024-06-02,12:00:00,5.383333333333334,Actinomarinaceae,0.0062,DNA,NA,0,-0.007699999999999999,0.0139
MOBEAST014,T12,CCA,Table 1,2024-06-02,12:00:00,5.383333333333334,Alcanivoracaceae,0,DNA,NA,0,0,0
MOBEAST014,T12,CCA,Table 1,2024-06-02,12:00:00,5.383333333333334,Alphaproteobacteria_unclassified,3e-4,DNA,NA,0,3e-4,0
MOBEAST014,T12,CCA,Table 1,2024-06-02,12:00:00,5.383333333333334,Alteromonadaceae,0.1578,DNA,NA,0,0.14635,0.01144999999999999
MOBEAST014,T12,CCA,Table 1,2024-06-02,12:00:00,5.383333333333334,Alteromonadales_unclassified,0,DNA,NA,0,0,0
MOBEAST014,T12,CCA,Table 1,2024-06-02,12:00:00,5.383333333333334,Anaerolineae_unclassified,1e-4,DNA,NA,0,1e-4,0
MOBEAST014,T12,CCA,Table 1,2024-06-02,12:00:00,5.383333333333334,Arcobacteraceae,0,DNA,NA,0,0,0
MOBEAST014,T12,CCA,Table 1,2024-06-02,12:00:00,5.383333333333334,Arctic97B-4_marine_group_fa,7.999999999999999e-4,DNA,NA,0,-0.0017000000000000001,0.0025
MOBEAST014,T12,CCA,Table 1,2024-06-02,12:00:00,5.383333333333334,Arenicellaceae,0,DNA,NA,0,-2.5e-4,2.5e-4
MOBEAST014,T12,CCA,Table 1,2024-06-02,12:00:00,5.383333333333334,Bacteria_unclassified,1e-4,DNA,NA,0,1e-4,0
MOBEAST014,T12,CCA,Table 1,2024-06-02,12:00:00,5.383333333333334,Bacteriovoracaceae,1e-4,DNA,NA,0,5e-5,5e-5
MOBEAST014,T12,CCA,Table 1,2024-06-02,12:00:00,5.383333333333334,Bacteroidales_unclassified,0,DNA,NA,0,0,0
MOBEAST014,T12,CCA,Table 1,2024-06-02,12:00:00,5.383333333333334,Bacteroidetes_BD2-2,0,DNA,NA,0,0,0
MOBEAST014,T12,CCA,Table 1,2024-06-02,12:00:00,5.383333333333334,Bacteroidia_unclassified,0,DNA,NA,0,0,0
MOBEAST014,T12,CCA,Table 1,2024-06-02,12:00:00,5.383333333333334,Bradymonadales_fa,0,DNA,NA,0,0,0
MOBEAST014,T12,CCA,Table 1,2024-06-02,12:00:00,5.383333333333334,Campylobacterales_unclassified,0,DNA,NA,0,0,0
MOBEAST014,T12,CCA,Table 1,2024-06-02,12:00:00,5.383333333333334,Campylobacteria_unclassified,0,DNA,NA,0,0,0
MOBEAST014,T12,CCA,Table 1,2024-06-02,12:00:00,5.383333333333334,Cellvibrionaceae,0.0288,DNA,NA,0,0.02765,0.00115
MOBEAST014,T12,CCA,Table 1,2024-06-02,12:00:00,5.383333333333334,Clade_I,0.0137,DNA,NA,0,-0.0036500000000000005,0.01735
MOBEAST014,T12,CCA,Table 1,2024-06-02,12:00:00,5.383333333333334,Clade_II,0.0042,DNA,NA,0,-0.002000000000000001,0.006200000000000001
MOBEAST014,T12,CCA,Table 1,2024-06-02,12:00:00,5.383333333333334,Clade_IV,3e-4,DNA,NA,0,-1.0000000000000005e-4,4e-4
MOBEAST014,T12,CCA,Table 1,2024-06-02,12:00:00,5.383333333333334,Colwelliaceae,4e-4,DNA,NA,0,4e-4,0
MOBEAST014,T12,CCA,Table 1,2024-06-02,12:00:00,5.383333333333334,Cryomorphaceae,0.002,DNA,NA,0,-0.00505,0.00705
MOBEAST014,T12,CCA,Table 1,2024-06-02,12:00:00,5.383333333333334,Cyanobiaceae,0.2768,DNA,NA,0,-0.16319999999999996,0.43999999999999995
MOBEAST014,T12,CCA,Table 1,2024-06-02,12:00:00,5.383333333333334,Cyclobacteriaceae,4e-4,DNA,NA,0,1.0000000000000005e-4,3e-4
MOBEAST014,T12,CCA,Table 1,2024-06-02,12:00:00,5.383333333333334,Deltaproteobacteria_unclassified,0,DNA,NA,0,0,0
MOBEAST014,T12,CCA,Table 1,2024-06-02,12:00:00,5.383333333333334,Desulfovibrionaceae,0,DNA,NA,0,0,0
MOBEAST014,T12,CCA,Table 1,2024-06-02,12:00:00,5.383333333333334,Desulfuromonadaceae,0,DNA,NA,0,0,0
MOBEAST014,T12,CCA,Table 1,2024-06-02,12:00:00,5.383333333333334,Ectothiorhodospiraceae,0.0011,DNA,NA,0,-1.0000000000000005e-4,0.0012000000000000001
MOBEAST014,T12,CCA,Table 1,2024-06-02,12:00:00,5.383333333333334,Endozoicomonadaceae,8e-4,DNA,NA,0,3.0000000000000003e-4,5e-4
MOBEAST014,T12,CCA,Table 1,2024-06-02,12:00:00,5.383333333333334,Flavobacteriaceae,0.0338,DNA,NA,0,-0.026250000000000002,0.06005
MOBEAST014,T12,CCA,Table 1,2024-06-02,12:00:00,5.383333333333334,Francisellaceae,0,DNA,NA,0,0,0
MOBEAST014,T12,CCA,Table 1,2024-06-02,12:00:00,5.383333333333334,Gammaproteobacteria_unclassified,0.00469999999999999,DNA,NA,0,-0.0012500000000000054,0.005949999999999995
MOBEAST014,T12,CCA,Table 1,2024-06-02,12:00:00,5.383333333333334,Halieaceae,0.0141,DNA,NA,0,-0.006649999999999998,0.020749999999999998
MOBEAST014,T12,CCA,Table 1,2024-06-02,12:00:00,5.383333333333334,Halomonadaceae,0,DNA,NA,0,0,0
MOBEAST014,T12,CCA,Table 1,2024-06-02,12:00:00,5.383333333333334,Helicobacteraceae,0,DNA,NA,0,0,0
MOBEAST014,T12,CCA,Table 1,2024-06-02,12:00:00,5.383333333333334,Hyphomonadaceae,0.0035,DNA,NA,0,0.0035,0
MOBEAST014,T12,CCA,Table 1,2024-06-02,12:00:00,5.383333333333334,Idiomarinaceae,0,DNA,NA,0,0,0
MOBEAST014,T12,CCA,Table 1,2024-06-02,12:00:00,5.383333333333334,JGI_0000069-P22_fa,0,DNA,NA,0,0,0
MOBEAST014,T12,CCA,Table 1,2024-06-02,12:00:00,5.383333333333334,KI89A_clade_fa,0,DNA,NA,0,-3.0000000000000003e-4,3.0000000000000003e-4
MOBEAST014,T12,CCA,Table 1,2024-06-02,12:00:00,5.383333333333334,Kiritimatiellaceae,0,DNA,NA,0,0,0
MOBEAST014,T12,CCA,Table 1,2024-06-02,12:00:00,5.383333333333334,Leptotrichiaceae,0,DNA,NA,0,0,0
MOBEAST014,T12,CCA,Table 1,2024-06-02,12:00:00,5.383333333333334,Litoricolaceae,0.007,DNA,NA,0,0.0018000000000000004,0.0052
MOBEAST014,T12,CCA,Table 1,2024-06-02,12:00:00,5.383333333333334,Marine_Group_II_fa,0.0064,DNA,NA,0,-0.03115,0.03755
MOBEAST014,T12,CCA,Table 1,2024-06-02,12:00:00,5.383333333333334,Marinifilaceae,0,DNA,NA,0,0,0
MOBEAST014,T12,CCA,Table 1,2024-06-02,12:00:00,5.383333333333334,Marinilabiliaceae,0,DNA,NA,0,0,0
MOBEAST014,T12,CCA,Table 1,2024-06-02,12:00:00,5.383333333333334,Marinimicrobia_(SAR406_clade)_fa,0.0021,DNA,NA,0,-0.0024500000000000004,0.00455
MOBEAST014,T12,CCA,Table 1,2024-06-02,12:00:00,5.383333333333334,Marinobacteraceae,4e-4,DNA,NA,0,4e-4,0
MOBEAST014,T12,CCA,Table 1,2024-06-02,12:00:00,5.383333333333334,Marinomonadaceae,8e-4,DNA,NA,0,8e-4,0
MOBEAST014,T12,CCA,Table 1,2024-06-02,12:00:00,5.383333333333334,Methylophilaceae,0.0038,DNA,NA,0,0.0011499999999999995,0.0026500000000000004
MOBEAST014,T12,CCA,Table 1,2024-06-02,12:00:00,5.383333333333334,Micavibrionaceae,5e-4,DNA,NA,0,5e-4,0
MOBEAST014,T12,CCA,Table 1,2024-06-02,12:00:00,5.383333333333334,Microtrichaceae,0.002,DNA,NA,0,-0.00145,0.00345
MOBEAST014,T12,CCA,Table 1,2024-06-02,12:00:00,5.383333333333334,Moraxellaceae,0,DNA,NA,0,0,0
MOBEAST014,T12,CCA,Table 1,2024-06-02,12:00:00,5.383333333333334,NS7_marine_group,4e-4,DNA,NA,0,-3e-4,7e-4
MOBEAST014,T12,CCA,Table 1,2024-06-02,12:00:00,5.383333333333334,NS9_marine_group,0.0018,DNA,NA,0,-0.004099999999999996,0.0058999999999999955
MOBEAST014,T12,CCA,Table 1,2024-06-02,12:00:00,5.383333333333334,Nannocystaceae,0,DNA,NA,0,-3.5e-4,3.5e-4
MOBEAST014,T12,CCA,Table 1,2024-06-02,12:00:00,5.383333333333334,Nitrosopumilaceae,2e-4,DNA,NA,0,-1.5e-4,3.5e-4
MOBEAST014,T12,CCA,Table 1,2024-06-02,12:00:00,5.383333333333334,OM182_clade_fa,0.0014,DNA,NA,0,-0.003299999999999999,0.004699999999999999
MOBEAST014,T12,CCA,Table 1,2024-06-02,12:00:00,5.383333333333334,Oleiphilaceae,0.0049,DNA,NA,0,0.00405,8.500000000000001e-4
MOBEAST014,T12,CCA,Table 1,2024-06-02,12:00:00,5.383333333333334,Oligoflexaceae,2e-4,DNA,NA,0,-4.9999999999999996e-5,2.5e-4
MOBEAST014,T12,CCA,Table 1,2024-06-02,12:00:00,5.383333333333334,Pirellulaceae,0.0013,DNA,NA,0,-0.003849999999999995,0.005149999999999995
MOBEAST014,T12,CCA,Table 1,2024-06-02,12:00:00,5.383333333333334,Piscirickettsiaceae,0,DNA,NA,0,-4e-4,4e-4
MOBEAST014,T12,CCA,Table 1,2024-06-02,12:00:00,5.383333333333334,Prolixibacteraceae,2e-4,DNA,NA,0,2e-4,0
MOBEAST014,T12,CCA,Table 1,2024-06-02,12:00:00,5.383333333333334,Proteobacteria_unclassified,4e-4,DNA,NA,0,-0.002,0.0024000000000000002
MOBEAST014,T12,CCA,Table 1,2024-06-02,12:00:00,5.383333333333334,Pseudoalteromonadaceae,2e-4,DNA,NA,0,-2e-4,4e-4
MOBEAST014,T12,CCA,Table 1,2024-06-02,12:00:00,5.383333333333334,Pseudohongiellaceae,5e-4,DNA,NA,0,-0.00145,0.00195
MOBEAST014,T12,CCA,Table 1,2024-06-02,12:00:00,5.383333333333334,Pseudomonadaceae,0,DNA,NA,0,0,0
MOBEAST014,T12,CCA,Table 1,2024-06-02,12:00:00,5.383333333333334,Puniceicoccaceae,1e-4,DNA,NA,0,1e-4,0
MOBEAST014,T12,CCA,Table 1,2024-06-02,12:00:00,5.383333333333334,Rhizobiaceae,0,DNA,NA,0,0,0
MOBEAST014,T12,CCA,Table 1,2024-06-02,12:00:00,5.383333333333334,Rhodobacteraceae,0.08750000000000001,DNA,NA,0,-0.027899999999999994,0.1154
MOBEAST014,T12,CCA,Table 1,2024-06-02,12:00:00,5.383333333333334,Rhodospirillaceae,0,DNA,NA,0,0,0
MOBEAST014,T12,CCA,Table 1,2024-06-02,12:00:00,5.383333333333334,Rubinisphaeraceae,5e-4,DNA,NA,0,-3.9999999999999996e-4,9e-4
MOBEAST014,T12,CCA,Table 1,2024-06-02,12:00:00,5.383333333333334,S25-593,7e-4,DNA,NA,0,-2.500000000000001e-4,9.500000000000001e-4
MOBEAST014,T12,CCA,Table 1,2024-06-02,12:00:00,5.383333333333334,SAR116_clade,0.01489999999999999,DNA,NA,0,-0.02850000000000001,0.0434
MOBEAST014,T12,CCA,Table 1,2024-06-02,12:00:00,5.383333333333334,SAR202_clade_fa,0,DNA,NA,0,-3e-4,3e-4
MOBEAST014,T12,CCA,Table 1,2024-06-02,12:00:00,5.383333333333334,SAR324_clade(Marine_group_B)_fa,1e-4,DNA,NA,0,-2.5e-4,3.5e-4
MOBEAST014,T12,CCA,Table 1,2024-06-02,12:00:00,5.383333333333334,SAR86_clade_fa,0.0193,DNA,NA,0,-0.0142,0.0335
MOBEAST014,T12,CCA,Table 1,2024-06-02,12:00:00,5.383333333333334,Saccharospirillaceae,0.0038,DNA,NA,0,-0.014649999999999995,0.018449999999999994
MOBEAST014,T12,CCA,Table 1,2024-06-02,12:00:00,5.383333333333334,Saprospiraceae,0,DNA,NA,0,0,0
MOBEAST014,T12,CCA,Table 1,2024-06-02,12:00:00,5.383333333333334,Sphingomonadaceae,0,DNA,NA,0,-5e-5,5e-5
MOBEAST014,T12,CCA,Table 1,2024-06-02,12:00:00,5.383333333333334,Spirochaetaceae,0,DNA,NA,0,0,0
MOBEAST014,T12,CCA,Table 1,2024-06-02,12:00:00,5.383333333333334,Spongiibacteraceae,0,DNA,NA,0,0,0
MOBEAST014,T12,CCA,Table 1,2024-06-02,12:00:00,5.383333333333334,Stappiaceae,0,DNA,NA,0,0,0
MOBEAST014,T12,CCA,Table 1,2024-06-02,12:00:00,5.383333333333334,Terasakiellaceae,1e-4,DNA,NA,0,1e-4,0
MOBEAST014,T12,CCA,Table 1,2024-06-02,12:00:00,5.383333333333334,Thalassospiraceae,0,DNA,NA,0,0,0
MOBEAST014,T12,CCA,Table 1,2024-06-02,12:00:00,5.383333333333334,Thiomicrospiraceae,0,DNA,NA,0,0,0
MOBEAST014,T12,CCA,Table 1,2024-06-02,12:00:00,5.383333333333334,Vibrionaceae,0.0026,DNA,NA,0,2.499999999999998e-4,0.00235
MOBEAST014,T12,CCA,Table 1,2024-06-02,12:00:00,5.383333333333334,Woesearchaeia_fa,0,DNA,NA,0,-1e-4,1e-4
MOBEAST014,T12,CCA,Table 1,2024-06-02,12:00:00,5.383333333333334,uncultured_fa,2e-4,DNA,NA,0,2e-4,0
MOBEAST015,T13,Algae,Table 1,2024-06-02,12:00:00,0.9666666666666668,het_bact,604.509,FCM,cell/µL,0,73.20050000000003,531.3085
MOBEAST015,T13,Algae,Table 1,2024-06-02,12:00:00,0.9666666666666668,pico_euk,2.097,FCM,cell/µL,0,NA,NA
MOBEAST015,T13,Algae,Table 1,2024-06-02,12:00:00,0.9666666666666668,syn,103.161,FCM,cell/µL,0,-15.688999999999993,118.85
MOBEAST015,T13,Algae,Table 1,2024-06-02,12:00:00,0.9666666666666668,pro,15.657,FCM,cell/µL,0,-3.8015000000000008,19.4585
MOBEAST015,T13,Algae,Table 1,2024-06-02,12:00:00,0.9666666666666668,tot_bact,723.328,FCM,cell/µL,0,53.71149999999989,669.6165000000001
MOBEAST015,T13,Algae,Table 1,2024-06-02,12:00:00,0.9666666666666668,cyano,118.81799999999998,FCM,cell/µL,0,-19.490500000000054,138.30850000000004
MOBEAST015,T13,Algae,Table 1,2024-06-02,12:00:00,0.9666666666666668,chla_conc,0.5492,chla,µg/L,0,0.5036,0.045599999999999995
MOBEAST015,T13,Algae,Table 1,2024-06-02,12:00:00,0.9666666666666668,tn_u_m,13.9617706764144,DOC,µmol/L,0,2.1100616133707497,11.85170906304365
MOBEAST015,T13,Algae,Table 1,2024-06-02,12:00:00,0.9666666666666668,coble_a,0.00738998503967228,fDOM,R.U.,0,-4.4928717701105906e-4,0.00783927221668334
MOBEAST015,T13,Algae,Table 1,2024-06-02,12:00:00,0.9666666666666668,coble_b,0.058685255133585,fDOM,R.U.,0,0.015045303253654406,0.0436399518799306
MOBEAST015,T13,Algae,Table 1,2024-06-02,12:00:00,0.9666666666666668,coble_c,0.00615924295614916,fDOM,R.U.,0,0.00175623726539143,0.00440300569075773
MOBEAST015,T13,Algae,Table 1,2024-06-02,12:00:00,0.9666666666666668,coble_m,0.0105637061371612,fDOM,R.U.,0,0.0013842224326926587,0.009179483704468541
MOBEAST015,T13,Algae,Table 1,2024-06-02,12:00:00,0.9666666666666668,coble_t,0.042623952288802,fDOM,R.U.,0,-0.009676973965489,0.052300926254291
MOBEAST015,T13,Algae,Table 1,2024-06-02,12:00:00,0.9666666666666668,m_to_c,1.715098139880127,fDOM,R.U.,0,-0.19392864081386296,1.90902678069399
MOBEAST015,T13,Algae,Table 1,2024-06-02,12:00:00,0.9666666666666668,bix,0.777906900137856,fDOM,R.U.,0,0.10478982537875603,0.6731170747591
MOBEAST015,T13,Algae,Table 1,2024-06-02,12:00:00,0.9666666666666668,hix,0.472304485253445,fDOM,R.U.,0,0.06566033740033844,0.40664414785310654
MOBEAST015,T13,Algae,Table 1,2024-06-02,12:00:00,0.9666666666666668,fpeak,0.0448037314231628,fDOM,R.U.,0,0.011442592060089803,0.033361139363073
MOBEAST015,T13,Algae,Table 1,2024-06-02,12:00:00,0.9666666666666668,fi,1.63228408745114,fDOM,R.U.,0,-0.08458296098360507,1.716867048434745
MOBEAST015,T13,Algae,Table 1,2024-06-02,12:00:00,0.9666666666666668,lignin,0.00892263746737693,fDOM,R.U.,0,-0.02509781160346802,0.03402044907084495
MOBEAST015,T13,Algae,Table 1,2024-06-02,12:00:00,0.9666666666666668,N_N,0.443,nutrients,µmol/L,0,-0.7645,1.2075
MOBEAST015,T13,Algae,Table 1,2024-06-02,12:00:00,0.9666666666666668,NO2,0.01,nutrients,µmol/L,0,-0.086439372485,0.096439372485
MOBEAST015,T13,Algae,Table 1,2024-06-02,12:00:00,0.9666666666666668,PO4,0.077,nutrients,µmol/L,0,-0.0035802376399999974,0.08058023764
MOBEAST015,T13,Algae,Table 1,2024-06-02,12:00:00,0.9666666666666668,SiO2,0.878276458,nutrients,µmol/L,0,-0.12627579999999994,1.004552258
MOBEAST015,T13,Algae,Table 1,2024-06-02,12:00:00,0.9666666666666668,NH3,0.4365712346,nutrients,µmol/L,0,-0.047709257800000016,0.48428049240000004
MOBEAST015,T13,Algae,Table 1,2024-06-02,12:00:00,0.9666666666666668,NO3,0.433,nutrients,µmol/L,0,-0.6780606275150001,1.1110606275150001
MOBEAST015,T13,Algae,Table 1,2024-06-02,12:00:00,0.9666666666666668,delta_ta,-18.115999999999985,carbonate,NA,0,-18.115999999999985,0
MOBEAST015,T13,Algae,Table 1,2024-06-02,12:00:00,0.9666666666666668,do_mg_l,4.33,residence time,NA,0,NA,NA
MOBEAST015,T13,Algae,Table 1,2024-06-02,12:00:00,0.9666666666666668,ta,2325.067,carbonate,NA,0,-24.045500000000175,2349.1125
MOBEAST015,T13,Algae,Table 1,2024-06-02,12:00:00,0.9666666666666668,dic_mmol_kg,1875.422795376901,residence time,NA,0,NA,NA
MOBEAST015,T13,Algae,Table 1,2024-06-02,12:00:00,0.9666666666666668,AEGEAN-169_marine_group,0.0104,DNA,NA,0,-0.0049499999999999995,0.015349999999999999
MOBEAST015,T13,Algae,Table 1,2024-06-02,12:00:00,0.9666666666666668,Actinomarinaceae,0.0074,DNA,NA,0,-0.006499999999999999,0.0139
MOBEAST015,T13,Algae,Table 1,2024-06-02,12:00:00,0.9666666666666668,Alcanivoracaceae,0.0011,DNA,NA,0,0.0011,0
MOBEAST015,T13,Algae,Table 1,2024-06-02,12:00:00,0.9666666666666668,Alphaproteobacteria_unclassified,0.0011,DNA,NA,0,0.0011,0
MOBEAST015,T13,Algae,Table 1,2024-06-02,12:00:00,0.9666666666666668,Alteromonadaceae,0.0203,DNA,NA,0,0.008850000000000009,0.01144999999999999
MOBEAST015,T13,Algae,Table 1,2024-06-02,12:00:00,0.9666666666666668,Alteromonadales_unclassified,0.0045,DNA,NA,0,0.0045,0
MOBEAST015,T13,Algae,Table 1,2024-06-02,12:00:00,0.9666666666666668,Anaerolineae_unclassified,0,DNA,NA,0,0,0
MOBEAST015,T13,Algae,Table 1,2024-06-02,12:00:00,0.9666666666666668,Arcobacteraceae,0.0774,DNA,NA,0,0.0774,0
MOBEAST015,T13,Algae,Table 1,2024-06-02,12:00:00,0.9666666666666668,Arctic97B-4_marine_group_fa,9e-4,DNA,NA,0,-0.0016,0.0025
MOBEAST015,T13,Algae,Table 1,2024-06-02,12:00:00,0.9666666666666668,Arenicellaceae,0,DNA,NA,0,-2.5e-4,2.5e-4
MOBEAST015,T13,Algae,Table 1,2024-06-02,12:00:00,0.9666666666666668,Bacteria_unclassified,5e-4,DNA,NA,0,5e-4,0
MOBEAST015,T13,Algae,Table 1,2024-06-02,12:00:00,0.9666666666666668,Bacteriovoracaceae,0.0021,DNA,NA,0,0.0020499999999999997,5e-5
MOBEAST015,T13,Algae,Table 1,2024-06-02,12:00:00,0.9666666666666668,Bacteroidales_unclassified,0,DNA,NA,0,0,0
MOBEAST015,T13,Algae,Table 1,2024-06-02,12:00:00,0.9666666666666668,Bacteroidetes_BD2-2,0,DNA,NA,0,0,0
MOBEAST015,T13,Algae,Table 1,2024-06-02,12:00:00,0.9666666666666668,Bacteroidia_unclassified,0.0017,DNA,NA,0,0.0017,0
MOBEAST015,T13,Algae,Table 1,2024-06-02,12:00:00,0.9666666666666668,Bradymonadales_fa,0,DNA,NA,0,0,0
MOBEAST015,T13,Algae,Table 1,2024-06-02,12:00:00,0.9666666666666668,Campylobacterales_unclassified,8e-4,DNA,NA,0,8e-4,0
MOBEAST015,T13,Algae,Table 1,2024-06-02,12:00:00,0.9666666666666668,Campylobacteria_unclassified,0,DNA,NA,0,0,0
MOBEAST015,T13,Algae,Table 1,2024-06-02,12:00:00,0.9666666666666668,Cellvibrionaceae,0.0055,DNA,NA,0,0.00435,0.00115
MOBEAST015,T13,Algae,Table 1,2024-06-02,12:00:00,0.9666666666666668,Clade_I,0.0079,DNA,NA,0,-0.00945,0.01735
MOBEAST015,T13,Algae,Table 1,2024-06-02,12:00:00,0.9666666666666668,Clade_II,0.0035,DNA,NA,0,-0.0027000000000000006,0.006200000000000001
MOBEAST015,T13,Algae,Table 1,2024-06-02,12:00:00,0.9666666666666668,Clade_IV,3e-4,DNA,NA,0,-1.0000000000000005e-4,4e-4
MOBEAST015,T13,Algae,Table 1,2024-06-02,12:00:00,0.9666666666666668,Colwelliaceae,4e-4,DNA,NA,0,4e-4,0
MOBEAST015,T13,Algae,Table 1,2024-06-02,12:00:00,0.9666666666666668,Cryomorphaceae,0.002,DNA,NA,0,-0.00505,0.00705
MOBEAST015,T13,Algae,Table 1,2024-06-02,12:00:00,0.9666666666666668,Cyanobiaceae,0.17970000000000003,DNA,NA,0,-0.2602999999999999,0.43999999999999995
MOBEAST015,T13,Algae,Table 1,2024-06-02,12:00:00,0.9666666666666668,Cyclobacteriaceae,0,DNA,NA,0,-3e-4,3e-4
MOBEAST015,T13,Algae,Table 1,2024-06-02,12:00:00,0.9666666666666668,Deltaproteobacteria_unclassified,0.0023,DNA,NA,0,0.0023,0
MOBEAST015,T13,Algae,Table 1,2024-06-02,12:00:00,0.9666666666666668,Desulfovibrionaceae,9e-4,DNA,NA,0,9e-4,0
MOBEAST015,T13,Algae,Table 1,2024-06-02,12:00:00,0.9666666666666668,Desulfuromonadaceae,1e-4,DNA,NA,0,1e-4,0
MOBEAST015,T13,Algae,Table 1,2024-06-02,12:00:00,0.9666666666666668,Ectothiorhodospiraceae,6e-4,DNA,NA,0,-6.000000000000002e-4,0.0012000000000000001
MOBEAST015,T13,Algae,Table 1,2024-06-02,12:00:00,0.9666666666666668,Flavobacteriaceae,0.026,DNA,NA,0,-0.03405,0.06005
MOBEAST015,T13,Algae,Table 1,2024-06-02,12:00:00,0.9666666666666668,Francisellaceae,9e-4,DNA,NA,0,9e-4,0
MOBEAST015,T13,Algae,Table 1,2024-06-02,12:00:00,0.9666666666666668,Gammaproteobacteria_unclassified,1e-4,DNA,NA,0,-0.005849999999999995,0.005949999999999995
MOBEAST015,T13,Algae,Table 1,2024-06-02,12:00:00,0.9666666666666668,Halieaceae,0.0059,DNA,NA,0,-0.014849999999999999,0.020749999999999998
MOBEAST015,T13,Algae,Table 1,2024-06-02,12:00:00,0.9666666666666668,Halomonadaceae,0,DNA,NA,0,0,0
MOBEAST015,T13,Algae,Table 1,2024-06-02,12:00:00,0.9666666666666668,Hyphomonadaceae,0.0023,DNA,NA,0,0.0023,0
MOBEAST015,T13,Algae,Table 1,2024-06-02,12:00:00,0.9666666666666668,Idiomarinaceae,0,DNA,NA,0,0,0
MOBEAST015,T13,Algae,Table 1,2024-06-02,12:00:00,0.9666666666666668,JGI_0000069-P22_fa,7e-4,DNA,NA,0,7e-4,0
MOBEAST015,T13,Algae,Table 1,2024-06-02,12:00:00,0.9666666666666668,KI89A_clade_fa,0,DNA,NA,0,-3.0000000000000003e-4,3.0000000000000003e-4
MOBEAST015,T13,Algae,Table 1,2024-06-02,12:00:00,0.9666666666666668,Kiritimatiellaceae,0,DNA,NA,0,0,0
MOBEAST015,T13,Algae,Table 1,2024-06-02,12:00:00,0.9666666666666668,Leptotrichiaceae,8e-4,DNA,NA,0,8e-4,0
MOBEAST015,T13,Algae,Table 1,2024-06-02,12:00:00,0.9666666666666668,Litoricolaceae,0.0067,DNA,NA,0,0.0015000000000000005,0.0052
MOBEAST015,T13,Algae,Table 1,2024-06-02,12:00:00,0.9666666666666668,Marine_Group_II_fa,0.00439999999999999,DNA,NA,0,-0.03315000000000001,0.03755
MOBEAST015,T13,Algae,Table 1,2024-06-02,12:00:00,0.9666666666666668,Marinifilaceae,0,DNA,NA,0,0,0
MOBEAST015,T13,Algae,Table 1,2024-06-02,12:00:00,0.9666666666666668,Marinilabiliaceae,0.001,DNA,NA,0,0.001,0
MOBEAST015,T13,Algae,Table 1,2024-06-02,12:00:00,0.9666666666666668,Marinimicrobia_(SAR406_clade)_fa,0.0028,DNA,NA,0,-0.0017500000000000003,0.00455
MOBEAST015,T13,Algae,Table 1,2024-06-02,12:00:00,0.9666666666666668,Marinobacteraceae,0,DNA,NA,0,0,0
MOBEAST015,T13,Algae,Table 1,2024-06-02,12:00:00,0.9666666666666668,Marinomonadaceae,0,DNA,NA,0,0,0
MOBEAST015,T13,Algae,Table 1,2024-06-02,12:00:00,0.9666666666666668,Methylophilaceae,0.0026,DNA,NA,0,-5.0000000000000565e-5,0.0026500000000000004
MOBEAST015,T13,Algae,Table 1,2024-06-02,12:00:00,0.9666666666666668,Micavibrionaceae,5e-4,DNA,NA,0,5e-4,0
MOBEAST015,T13,Algae,Table 1,2024-06-02,12:00:00,0.9666666666666668,Microtrichaceae,0.0018,DNA,NA,0,-0.00165,0.00345
MOBEAST015,T13,Algae,Table 1,2024-06-02,12:00:00,0.9666666666666668,Moraxellaceae,0,DNA,NA,0,0,0
MOBEAST015,T13,Algae,Table 1,2024-06-02,12:00:00,0.9666666666666668,NS7_marine_group,0,DNA,NA,0,-7e-4,7e-4
MOBEAST015,T13,Algae,Table 1,2024-06-02,12:00:00,0.9666666666666668,NS9_marine_group,1e-4,DNA,NA,0,-0.005799999999999995,0.0058999999999999955
MOBEAST015,T13,Algae,Table 1,2024-06-02,12:00:00,0.9666666666666668,Nannocystaceae,0,DNA,NA,0,-3.5e-4,3.5e-4
MOBEAST015,T13,Algae,Table 1,2024-06-02,12:00:00,0.9666666666666668,Nitrosopumilaceae,0,DNA,NA,0,-3.5e-4,3.5e-4
MOBEAST015,T13,Algae,Table 1,2024-06-02,12:00:00,0.9666666666666668,OM182_clade_fa,0.0013,DNA,NA,0,-0.0033999999999999994,0.004699999999999999
MOBEAST015,T13,Algae,Table 1,2024-06-02,12:00:00,0.9666666666666668,Oleiphilaceae,9e-4,DNA,NA,0,4.9999999999999914e-5,8.500000000000001e-4
MOBEAST015,T13,Algae,Table 1,2024-06-02,12:00:00,0.9666666666666668,Oligoflexaceae,3e-4,DNA,NA,0,4.999999999999997e-5,2.5e-4
MOBEAST015,T13,Algae,Table 1,2024-06-02,12:00:00,0.9666666666666668,Pirellulaceae,0.0011,DNA,NA,0,-0.004049999999999995,0.005149999999999995
MOBEAST015,T13,Algae,Table 1,2024-06-02,12:00:00,0.9666666666666668,Piscirickettsiaceae,0,DNA,NA,0,-4e-4,4e-4
MOBEAST015,T13,Algae,Table 1,2024-06-02,12:00:00,0.9666666666666668,Prolixibacteraceae,0,DNA,NA,0,0,0
MOBEAST015,T13,Algae,Table 1,2024-06-02,12:00:00,0.9666666666666668,Proteobacteria_unclassified,4e-4,DNA,NA,0,-0.002,0.0024000000000000002
MOBEAST015,T13,Algae,Table 1,2024-06-02,12:00:00,0.9666666666666668,Pseudoalteromonadaceae,0,DNA,NA,0,-4e-4,4e-4
MOBEAST015,T13,Algae,Table 1,2024-06-02,12:00:00,0.9666666666666668,Pseudohongiellaceae,2e-4,DNA,NA,0,-0.0017499999999999998,0.00195
MOBEAST015,T13,Algae,Table 1,2024-06-02,12:00:00,0.9666666666666668,Pseudomonadaceae,0,DNA,NA,0,0,0
MOBEAST015,T13,Algae,Table 1,2024-06-02,12:00:00,0.9666666666666668,Puniceicoccaceae,0,DNA,NA,0,0,0
MOBEAST015,T13,Algae,Table 1,2024-06-02,12:00:00,0.9666666666666668,Rhizobiaceae,7e-4,DNA,NA,0,7e-4,0
MOBEAST015,T13,Algae,Table 1,2024-06-02,12:00:00,0.9666666666666668,Rhodobacteraceae,0.2109,DNA,NA,0,0.0955,0.1154
MOBEAST015,T13,Algae,Table 1,2024-06-02,12:00:00,0.9666666666666668,Rhodospirillaceae,0,DNA,NA,0,0,0
MOBEAST015,T13,Algae,Table 1,2024-06-02,12:00:00,0.9666666666666668,Rubinisphaeraceae,5e-4,DNA,NA,0,-3.9999999999999996e-4,9e-4
MOBEAST015,T13,Algae,Table 1,2024-06-02,12:00:00,0.9666666666666668,S25-593,0,DNA,NA,0,-9.500000000000001e-4,9.500000000000001e-4
MOBEAST015,T13,Algae,Table 1,2024-06-02,12:00:00,0.9666666666666668,SAR116_clade,0.0137,DNA,NA,0,-0.0297,0.0434
MOBEAST015,T13,Algae,Table 1,2024-06-02,12:00:00,0.9666666666666668,SAR202_clade_fa,1e-4,DNA,NA,0,-1.9999999999999998e-4,3e-4
MOBEAST015,T13,Algae,Table 1,2024-06-02,12:00:00,0.9666666666666668,SAR324_clade(Marine_group_B)_fa,8e-4,DNA,NA,0,4.5000000000000004e-4,3.5e-4
MOBEAST015,T13,Algae,Table 1,2024-06-02,12:00:00,0.9666666666666668,SAR86_clade_fa,0.01449999999999999,DNA,NA,0,-0.01900000000000001,0.0335
MOBEAST015,T13,Algae,Table 1,2024-06-02,12:00:00,0.9666666666666668,Saccharospirillaceae,0.0164,DNA,NA,0,-0.002049999999999993,0.018449999999999994
MOBEAST015,T13,Algae,Table 1,2024-06-02,12:00:00,0.9666666666666668,Saprospiraceae,2e-4,DNA,NA,0,2e-4,0
MOBEAST015,T13,Algae,Table 1,2024-06-02,12:00:00,0.9666666666666668,Sphingomonadaceae,0,DNA,NA,0,-5e-5,5e-5
MOBEAST015,T13,Algae,Table 1,2024-06-02,12:00:00,0.9666666666666668,Spirochaetaceae,7e-4,DNA,NA,0,7e-4,0
MOBEAST015,T13,Algae,Table 1,2024-06-02,12:00:00,0.9666666666666668,Stappiaceae,0.0012,DNA,NA,0,0.0012,0
MOBEAST015,T13,Algae,Table 1,2024-06-02,12:00:00,0.9666666666666668,Terasakiellaceae,0,DNA,NA,0,0,0
MOBEAST015,T13,Algae,Table 1,2024-06-02,12:00:00,0.9666666666666668,Thalassospiraceae,0,DNA,NA,0,0,0
MOBEAST015,T13,Algae,Table 1,2024-06-02,12:00:00,0.9666666666666668,Thiomicrospiraceae,0,DNA,NA,0,0,0
MOBEAST015,T13,Algae,Table 1,2024-06-02,12:00:00,0.9666666666666668,Vibrionaceae,0.0073,DNA,NA,0,0.0049499999999999995,0.00235
MOBEAST015,T13,Algae,Table 1,2024-06-02,12:00:00,0.9666666666666668,Woesearchaeia_fa,0,DNA,NA,0,-1e-4,1e-4
MOBEAST015,T13,Algae,Table 1,2024-06-02,12:00:00,0.9666666666666668,uncultured_fa,0,DNA,NA,0,0,0
MOBEAST016,T14,Algae,Table 1,2024-06-02,12:00:00,1.6833333333333331,het_bact,566.167,FCM,cell/µL,0,34.85850000000005,531.3085
MOBEAST016,T14,Algae,Table 1,2024-06-02,12:00:00,1.6833333333333331,pico_euk,2.583,FCM,cell/µL,0,NA,NA
MOBEAST016,T14,Algae,Table 1,2024-06-02,12:00:00,1.6833333333333331,syn,94.783,FCM,cell/µL,0,-24.066999999999993,118.85
MOBEAST016,T14,Algae,Table 1,2024-06-02,12:00:00,1.6833333333333331,pro,17.25,FCM,cell/µL,0,-2.208500000000001,19.4585
MOBEAST016,T14,Algae,Table 1,2024-06-02,12:00:00,1.6833333333333331,tot_bact,678.2,FCM,cell/µL,0,8.583499999999958,669.6165000000001
MOBEAST016,T14,Algae,Table 1,2024-06-02,12:00:00,1.6833333333333331,cyano,112.03300000000002,FCM,cell/µL,0,-26.275500000000022,138.30850000000004
MOBEAST016,T14,Algae,Table 1,2024-06-02,12:00:00,1.6833333333333331,chla_conc,0.4296,chla,µg/L,0,0.384,0.045599999999999995
MOBEAST016,T14,Algae,Table 1,2024-06-02,12:00:00,1.6833333333333331,tn_u_m,11.2688927441867,DOC,µmol/L,0,-0.5828163188569491,11.85170906304365
MOBEAST016,T14,Algae,Table 1,2024-06-02,12:00:00,1.6833333333333331,coble_a,0.00743894444774409,fDOM,R.U.,0,-4.003277689392489e-4,0.00783927221668334
MOBEAST016,T14,Algae,Table 1,2024-06-02,12:00:00,1.6833333333333331,coble_b,0.0658055402860172,fDOM,R.U.,0,0.02216558840608661,0.0436399518799306
MOBEAST016,T14,Algae,Table 1,2024-06-02,12:00:00,1.6833333333333331,coble_c,0.00634989799780759,fDOM,R.U.,0,0.00194689230704986,0.00440300569075773
MOBEAST016,T14,Algae,Table 1,2024-06-02,12:00:00,1.6833333333333331,coble_m,0.0100601172200111,fDOM,R.U.,0,8.806335155425588e-4,0.009179483704468541
MOBEAST016,T14,Algae,Table 1,2024-06-02,12:00:00,1.6833333333333331,coble_t,0.0554171072697345,fDOM,R.U.,0,0.0031161810154434963,0.052300926254291
MOBEAST016,T14,Algae,Table 1,2024-06-02,12:00:00,1.6833333333333331,m_to_c,1.5842958774274052,fDOM,R.U.,0,-0.3247309032665848,1.90902678069399
MOBEAST016,T14,Algae,Table 1,2024-06-02,12:00:00,1.6833333333333331,bix,0.748218237465348,fDOM,R.U.,0,0.075101162706248,0.6731170747591
MOBEAST016,T14,Algae,Table 1,2024-06-02,12:00:00,1.6833333333333331,hix,0.39976011414311,fDOM,R.U.,0,-0.006884033709996518,0.40664414785310654
MOBEAST016,T14,Algae,Table 1,2024-06-02,12:00:00,1.6833333333333331,fpeak,0.0490121878650638,fDOM,R.U.,0,0.015651048501990797,0.033361139363073
MOBEAST016,T14,Algae,Table 1,2024-06-02,12:00:00,1.6833333333333331,fi,1.91119264324408,fDOM,R.U.,0,0.19432559480933498,1.716867048434745
MOBEAST016,T14,Algae,Table 1,2024-06-02,12:00:00,1.6833333333333331,lignin,0,fDOM,R.U.,0,-0.03402044907084495,0.03402044907084495
MOBEAST016,T14,Algae,Table 1,2024-06-02,12:00:00,1.6833333333333331,N_N,0.533,nutrients,µmol/L,0,-0.6745,1.2075
MOBEAST016,T14,Algae,Table 1,2024-06-02,12:00:00,1.6833333333333331,NO2,0.07283164628,nutrients,µmol/L,0,-0.023607726205,0.096439372485
MOBEAST016,T14,Algae,Table 1,2024-06-02,12:00:00,1.6833333333333331,PO4,0.09468481985,nutrients,µmol/L,0,0.014104582210000008,0.08058023764
MOBEAST016,T14,Algae,Table 1,2024-06-02,12:00:00,1.6833333333333331,SiO2,0.8292739088,nutrients,µmol/L,0,-0.17527834919999996,1.004552258
MOBEAST016,T14,Algae,Table 1,2024-06-02,12:00:00,1.6833333333333331,NH3,0.5498964848,nutrients,µmol/L,0,0.06561599239999993,0.48428049240000004
MOBEAST016,T14,Algae,Table 1,2024-06-02,12:00:00,1.6833333333333331,NO3,0.46016835372,nutrients,µmol/L,0,-0.6508922737950001,1.1110606275150001
MOBEAST016,T14,Algae,Table 1,2024-06-02,12:00:00,1.6833333333333331,ph_diff,0.0826658232635129,carbonate,NA,0,0.0826658232635129,0
MOBEAST016,T14,Algae,Table 1,2024-06-02,12:00:00,1.6833333333333331,delta_ta,-5.764000000000124,carbonate,NA,0,-5.764000000000124,0
MOBEAST016,T14,Algae,Table 1,2024-06-02,12:00:00,1.6833333333333331,do_mg_l,4.25,residence time,NA,0,NA,NA
MOBEAST016,T14,Algae,Table 1,2024-06-02,12:00:00,1.6833333333333331,ta,2337.419,carbonate,NA,0,-11.693500000000313,2349.1125
MOBEAST016,T14,Algae,Table 1,2024-06-02,12:00:00,1.6833333333333331,dic_mmol_kg,1942.3494427302392,residence time,NA,0,NA,NA
MOBEAST016,T14,Algae,Table 1,2024-06-02,12:00:00,1.6833333333333331,ph,8.114590328909305,carbonate,NA,0,0.0774420377629852,8.03714829114632
MOBEAST016,T14,Algae,Table 1,2024-06-02,12:00:00,1.6833333333333331,AEGEAN-169_marine_group,0.0104,DNA,NA,0,-0.0049499999999999995,0.015349999999999999
MOBEAST016,T14,Algae,Table 1,2024-06-02,12:00:00,1.6833333333333331,Actinomarinaceae,0.0054,DNA,NA,0,-0.008499999999999999,0.0139
MOBEAST016,T14,Algae,Table 1,2024-06-02,12:00:00,1.6833333333333331,Alcanivoracaceae,0,DNA,NA,0,0,0
MOBEAST016,T14,Algae,Table 1,2024-06-02,12:00:00,1.6833333333333331,Alphaproteobacteria_unclassified,0.018,DNA,NA,0,0.018,0
MOBEAST016,T14,Algae,Table 1,2024-06-02,12:00:00,1.6833333333333331,Alteromonadaceae,0.0518,DNA,NA,0,0.04035000000000001,0.01144999999999999
MOBEAST016,T14,Algae,Table 1,2024-06-02,12:00:00,1.6833333333333331,Alteromonadales_unclassified,0.0057,DNA,NA,0,0.0057,0
MOBEAST016,T14,Algae,Table 1,2024-06-02,12:00:00,1.6833333333333331,Anaerolineae_unclassified,0.0024,DNA,NA,0,0.0024,0
MOBEAST016,T14,Algae,Table 1,2024-06-02,12:00:00,1.6833333333333331,Arcobacteraceae,0.00639999999999999,DNA,NA,0,0.00639999999999999,0
MOBEAST016,T14,Algae,Table 1,2024-06-02,12:00:00,1.6833333333333331,Arctic97B-4_marine_group_fa,0.001,DNA,NA,0,-0.0015,0.0025
MOBEAST016,T14,Algae,Table 1,2024-06-02,12:00:00,1.6833333333333331,Bacteria_unclassified,0.0012,DNA,NA,0,0.0012,0
MOBEAST016,T14,Algae,Table 1,2024-06-02,12:00:00,1.6833333333333331,Bacteriovoracaceae,0.0019,DNA,NA,0,0.00185,5e-5
MOBEAST016,T14,Algae,Table 1,2024-06-02,12:00:00,1.6833333333333331,Bacteroidales_unclassified,0,DNA,NA,0,0,0
MOBEAST016,T14,Algae,Table 1,2024-06-02,12:00:00,1.6833333333333331,Bacteroidetes_BD2-2,0,DNA,NA,0,0,0
MOBEAST016,T14,Algae,Table 1,2024-06-02,12:00:00,1.6833333333333331,Bacteroidia_unclassified,8e-4,DNA,NA,0,8e-4,0
MOBEAST016,T14,Algae,Table 1,2024-06-02,12:00:00,1.6833333333333331,Bradymonadales_fa,0,DNA,NA,0,0,0
MOBEAST016,T14,Algae,Table 1,2024-06-02,12:00:00,1.6833333333333331,Campylobacterales_unclassified,2e-4,DNA,NA,0,2e-4,0
MOBEAST016,T14,Algae,Table 1,2024-06-02,12:00:00,1.6833333333333331,Campylobacteria_unclassified,0,DNA,NA,0,0,0
MOBEAST016,T14,Algae,Table 1,2024-06-02,12:00:00,1.6833333333333331,Cellvibrionaceae,0.0311,DNA,NA,0,0.029949999999999997,0.00115
MOBEAST016,T14,Algae,Table 1,2024-06-02,12:00:00,1.6833333333333331,Clade_I,0.0119,DNA,NA,0,-0.00545,0.01735
MOBEAST016,T14,Algae,Table 1,2024-06-02,12:00:00,1.6833333333333331,Clade_II,0.0052,DNA,NA,0,-0.0010000000000000009,0.006200000000000001
MOBEAST016,T14,Algae,Table 1,2024-06-02,12:00:00,1.6833333333333331,Clade_IV,4e-4,DNA,NA,0,0,4e-4
MOBEAST016,T14,Algae,Table 1,2024-06-02,12:00:00,1.6833333333333331,Colwelliaceae,7e-4,DNA,NA,0,7e-4,0
MOBEAST016,T14,Algae,Table 1,2024-06-02,12:00:00,1.6833333333333331,Cryomorphaceae,0.0041,DNA,NA,0,-0.0029499999999999995,0.00705
MOBEAST016,T14,Algae,Table 1,2024-06-02,12:00:00,1.6833333333333331,Cyanobiaceae,0.23210000000000003,DNA,NA,0,-0.20789999999999992,0.43999999999999995
MOBEAST016,T14,Algae,Table 1,2024-06-02,12:00:00,1.6833333333333331,Cyclobacteriaceae,2e-4,DNA,NA,0,-9.999999999999996e-5,3e-4
MOBEAST016,T14,Algae,Table 1,2024-06-02,12:00:00,1.6833333333333331,Deltaproteobacteria_unclassified,3e-4,DNA,NA,0,3e-4,0
MOBEAST016,T14,Algae,Table 1,2024-06-02,12:00:00,1.6833333333333331,Desulfovibrionaceae,4e-4,DNA,NA,0,4e-4,0
MOBEAST016,T14,Algae,Table 1,2024-06-02,12:00:00,1.6833333333333331,Desulfuromonadaceae,3e-4,DNA,NA,0,3e-4,0
MOBEAST016,T14,Algae,Table 1,2024-06-02,12:00:00,1.6833333333333331,Ectothiorhodospiraceae,9e-4,DNA,NA,0,-3.0000000000000014e-4,0.0012000000000000001
MOBEAST016,T14,Algae,Table 1,2024-06-02,12:00:00,1.6833333333333331,Endozoicomonadaceae,7e-4,DNA,NA,0,1.9999999999999998e-4,5e-4
MOBEAST016,T14,Algae,Table 1,2024-06-02,12:00:00,1.6833333333333331,Flavobacteriaceae,0.03319999999999999,DNA,NA,0,-0.026850000000000006,0.06005
MOBEAST016,T14,Algae,Table 1,2024-06-02,12:00:00,1.6833333333333331,Francisellaceae,3.0000000000000003e-4,DNA,NA,0,3.0000000000000003e-4,0
MOBEAST016,T14,Algae,Table 1,2024-06-02,12:00:00,1.6833333333333331,Gammaproteobacteria_unclassified,0.0018,DNA,NA,0,-0.004149999999999996,0.005949999999999995
MOBEAST016,T14,Algae,Table 1,2024-06-02,12:00:00,1.6833333333333331,Halieaceae,0.009,DNA,NA,0,-0.011749999999999998,0.020749999999999998
MOBEAST016,T14,Algae,Table 1,2024-06-02,12:00:00,1.6833333333333331,Halomonadaceae,0,DNA,NA,0,0,0
MOBEAST016,T14,Algae,Table 1,2024-06-02,12:00:00,1.6833333333333331,Helicobacteraceae,0,DNA,NA,0,0,0
MOBEAST016,T14,Algae,Table 1,2024-06-02,12:00:00,1.6833333333333331,Hyphomonadaceae,0.0051,DNA,NA,0,0.0051,0
MOBEAST016,T14,Algae,Table 1,2024-06-02,12:00:00,1.6833333333333331,Idiomarinaceae,0,DNA,NA,0,0,0
MOBEAST016,T14,Algae,Table 1,2024-06-02,12:00:00,1.6833333333333331,JGI_0000069-P22_fa,0.0013,DNA,NA,0,0.0013,0
MOBEAST016,T14,Algae,Table 1,2024-06-02,12:00:00,1.6833333333333331,KI89A_clade_fa,0,DNA,NA,0,-3.0000000000000003e-4,3.0000000000000003e-4
MOBEAST016,T14,Algae,Table 1,2024-06-02,12:00:00,1.6833333333333331,Kiritimatiellaceae,1e-4,DNA,NA,0,1e-4,0
MOBEAST016,T14,Algae,Table 1,2024-06-02,12:00:00,1.6833333333333331,Leptotrichiaceae,0,DNA,NA,0,0,0
MOBEAST016,T14,Algae,Table 1,2024-06-02,12:00:00,1.6833333333333331,Litoricolaceae,0.0111,DNA,NA,0,0.005900000000000001,0.0052
MOBEAST016,T14,Algae,Table 1,2024-06-02,12:00:00,1.6833333333333331,Marine_Group_II_fa,0.0028,DNA,NA,0,-0.03475,0.03755
MOBEAST016,T14,Algae,Table 1,2024-06-02,12:00:00,1.6833333333333331,Marinifilaceae,0,DNA,NA,0,0,0
MOBEAST016,T14,Algae,Table 1,2024-06-02,12:00:00,1.6833333333333331,Marinilabiliaceae,4e-4,DNA,NA,0,4e-4,0
MOBEAST016,T14,Algae,Table 1,2024-06-02,12:00:00,1.6833333333333331,Marinimicrobia_(SAR406_clade)_fa,0.003,DNA,NA,0,-0.0015500000000000002,0.00455
MOBEAST016,T14,Algae,Table 1,2024-06-02,12:00:00,1.6833333333333331,Marinobacteraceae,0,DNA,NA,0,0,0
MOBEAST016,T14,Algae,Table 1,2024-06-02,12:00:00,1.6833333333333331,Marinomonadaceae,0,DNA,NA,0,0,0
MOBEAST016,T14,Algae,Table 1,2024-06-02,12:00:00,1.6833333333333331,Methylophilaceae,0.0038,DNA,NA,0,0.0011499999999999995,0.0026500000000000004
MOBEAST016,T14,Algae,Table 1,2024-06-02,12:00:00,1.6833333333333331,Micavibrionaceae,0.0012,DNA,NA,0,0.0012,0
MOBEAST016,T14,Algae,Table 1,2024-06-02,12:00:00,1.6833333333333331,Microtrichaceae,0.003,DNA,NA,0,-4.499999999999999e-4,0.00345
MOBEAST016,T14,Algae,Table 1,2024-06-02,12:00:00,1.6833333333333331,Moraxellaceae,0,DNA,NA,0,0,0
MOBEAST016,T14,Algae,Table 1,2024-06-02,12:00:00,1.6833333333333331,NS7_marine_group,0,DNA,NA,0,-7e-4,7e-4
MOBEAST016,T14,Algae,Table 1,2024-06-02,12:00:00,1.6833333333333331,NS9_marine_group,0.0012,DNA,NA,0,-0.004699999999999996,0.0058999999999999955
MOBEAST016,T14,Algae,Table 1,2024-06-02,12:00:00,1.6833333333333331,Nannocystaceae,0,DNA,NA,0,-3.5e-4,3.5e-4
MOBEAST016,T14,Algae,Table 1,2024-06-02,12:00:00,1.6833333333333331,Nitrincolaceae,0.0985,DNA,NA,0,0.09665000000000001,0.001849999999999995
MOBEAST016,T14,Algae,Table 1,2024-06-02,12:00:00,1.6833333333333331,Nitrosopumilaceae,0,DNA,NA,0,-3.5e-4,3.5e-4
MOBEAST016,T14,Algae,Table 1,2024-06-02,12:00:00,1.6833333333333331,OM182_clade_fa,0.0018,DNA,NA,0,-0.0028999999999999994,0.004699999999999999
MOBEAST016,T14,Algae,Table 1,2024-06-02,12:00:00,1.6833333333333331,Oleiphilaceae,0.0014,DNA,NA,0,5.499999999999999e-4,8.500000000000001e-4
MOBEAST016,T14,Algae,Table 1,2024-06-02,12:00:00,1.6833333333333331,Oligoflexaceae,6e-4,DNA,NA,0,3.4999999999999994e-4,2.5e-4
MOBEAST016,T14,Algae,Table 1,2024-06-02,12:00:00,1.6833333333333331,Pirellulaceae,0.0011,DNA,NA,0,-0.004049999999999995,0.005149999999999995
MOBEAST016,T14,Algae,Table 1,2024-06-02,12:00:00,1.6833333333333331,Piscirickettsiaceae,0,DNA,NA,0,-4e-4,4e-4
MOBEAST016,T14,Algae,Table 1,2024-06-02,12:00:00,1.6833333333333331,Prolixibacteraceae,0,DNA,NA,0,0,0
MOBEAST016,T14,Algae,Table 1,2024-06-02,12:00:00,1.6833333333333331,Proteobacteria_unclassified,4e-4,DNA,NA,0,-0.002,0.0024000000000000002
MOBEAST016,T14,Algae,Table 1,2024-06-02,12:00:00,1.6833333333333331,Pseudoalteromonadaceae,0.00319999999999999,DNA,NA,0,0.00279999999999999,4e-4
MOBEAST016,T14,Algae,Table 1,2024-06-02,12:00:00,1.6833333333333331,Pseudohongiellaceae,0.001,DNA,NA,0,-9.499999999999999e-4,0.00195
MOBEAST016,T14,Algae,Table 1,2024-06-02,12:00:00,1.6833333333333331,Pseudomonadaceae,0,DNA,NA,0,0,0
MOBEAST016,T14,Algae,Table 1,2024-06-02,12:00:00,1.6833333333333331,Puniceicoccaceae,0,DNA,NA,0,0,0
MOBEAST016,T14,Algae,Table 1,2024-06-02,12:00:00,1.6833333333333331,Rhodospirillaceae,2e-4,DNA,NA,0,2e-4,0
MOBEAST016,T14,Algae,Table 1,2024-06-02,12:00:00,1.6833333333333331,Rubinisphaeraceae,4e-4,DNA,NA,0,-5e-4,9e-4
MOBEAST016,T14,Algae,Table 1,2024-06-02,12:00:00,1.6833333333333331,S25-593,8e-4,DNA,NA,0,-1.5000000000000007e-4,9.500000000000001e-4
MOBEAST016,T14,Algae,Table 1,2024-06-02,12:00:00,1.6833333333333331,SAR116_clade,0.01479999999999999,DNA,NA,0,-0.02860000000000001,0.0434
MOBEAST016,T14,Algae,Table 1,2024-06-02,12:00:00,1.6833333333333331,SAR202_clade_fa,1e-4,DNA,NA,0,-1.9999999999999998e-4,3e-4
MOBEAST016,T14,Algae,Table 1,2024-06-02,12:00:00,1.6833333333333331,SAR324_clade(Marine_group_B)_fa,0,DNA,NA,0,-3.5e-4,3.5e-4
MOBEAST016,T14,Algae,Table 1,2024-06-02,12:00:00,1.6833333333333331,SAR86_clade_fa,0.0171,DNA,NA,0,-0.0164,0.0335
MOBEAST016,T14,Algae,Table 1,2024-06-02,12:00:00,1.6833333333333331,Saccharospirillaceae,0.00749999999999999,DNA,NA,0,-0.010950000000000005,0.018449999999999994
MOBEAST016,T14,Algae,Table 1,2024-06-02,12:00:00,1.6833333333333331,Saprospiraceae,0.0011,DNA,NA,0,0.0011,0
MOBEAST016,T14,Algae,Table 1,2024-06-02,12:00:00,1.6833333333333331,Sphingomonadaceae,0,DNA,NA,0,-5e-5,5e-5
MOBEAST016,T14,Algae,Table 1,2024-06-02,12:00:00,1.6833333333333331,Spirochaetaceae,7e-4,DNA,NA,0,7e-4,0
MOBEAST016,T14,Algae,Table 1,2024-06-02,12:00:00,1.6833333333333331,Spongiibacteraceae,0,DNA,NA,0,0,0
MOBEAST016,T14,Algae,Table 1,2024-06-02,12:00:00,1.6833333333333331,Terasakiellaceae,0.0018,DNA,NA,0,0.0018,0
MOBEAST016,T14,Algae,Table 1,2024-06-02,12:00:00,1.6833333333333331,Thalassospiraceae,0,DNA,NA,0,0,0
MOBEAST016,T14,Algae,Table 1,2024-06-02,12:00:00,1.6833333333333331,Thiomicrospiraceae,0,DNA,NA,0,0,0
MOBEAST016,T14,Algae,Table 1,2024-06-02,12:00:00,1.6833333333333331,Vibrionaceae,0.0183,DNA,NA,0,0.01595,0.00235
MOBEAST016,T14,Algae,Table 1,2024-06-02,12:00:00,1.6833333333333331,Woesearchaeia_fa,2e-4,DNA,NA,0,1e-4,1e-4
MOBEAST016,T14,Algae,Table 1,2024-06-02,12:00:00,1.6833333333333331,uncultured_fa,0,DNA,NA,0,0,0
MOBEAST017,T15,Control,Table 1,2024-06-02,12:00:00,0.5666666666666667,het_bact,557.504,FCM,cell/µL,0,26.195500000000038,531.3085
MOBEAST017,T15,Control,Table 1,2024-06-02,12:00:00,0.5666666666666667,pico_euk,3.577,FCM,cell/µL,0,NA,NA
MOBEAST017,T15,Control,Table 1,2024-06-02,12:00:00,0.5666666666666667,syn,116.639,FCM,cell/µL,0,-2.2109999999999985,118.85
MOBEAST017,T15,Control,Table 1,2024-06-02,12:00:00,0.5666666666666667,pro,17.72,FCM,cell/µL,0,-1.738500000000002,19.4585
MOBEAST017,T15,Control,Table 1,2024-06-02,12:00:00,0.5666666666666667,tot_bact,691.864,FCM,cell/µL,0,22.247499999999945,669.6165000000001
MOBEAST017,T15,Control,Table 1,2024-06-02,12:00:00,0.5666666666666667,cyano,134.35900000000004,FCM,cell/µL,0,-3.9495000000000005,138.30850000000004
MOBEAST017,T15,Control,Table 1,2024-06-02,12:00:00,0.5666666666666667,chla_conc,0.6188,chla,µg/L,0,0.5732,0.045599999999999995
MOBEAST017,T15,Control,Table 1,2024-06-02,12:00:00,0.5666666666666667,tn_u_m,11.380268014593,DOC,µmol/L,0,-0.47144104845065016,11.85170906304365
MOBEAST017,T15,Control,Table 1,2024-06-02,12:00:00,0.5666666666666667,coble_a,0.00846002474675295,fDOM,R.U.,0,6.207525300696102e-4,0.00783927221668334
MOBEAST017,T15,Control,Table 1,2024-06-02,12:00:00,0.5666666666666667,coble_b,0.0547439518121068,fDOM,R.U.,0,0.0111039999321762,0.0436399518799306
MOBEAST017,T15,Control,Table 1,2024-06-02,12:00:00,0.5666666666666667,coble_c,0.0045029137238939004,fDOM,R.U.,0,9.990803313617014e-5,0.00440300569075773
MOBEAST017,T15,Control,Table 1,2024-06-02,12:00:00,0.5666666666666667,coble_m,0.0120612215979432,fDOM,R.U.,0,0.0028817378934746594,0.009179483704468541
MOBEAST017,T15,Control,Table 1,2024-06-02,12:00:00,0.5666666666666667,coble_t,0.0301732105263161,fDOM,R.U.,0,-0.022127715727974902,0.052300926254291
MOBEAST017,T15,Control,Table 1,2024-06-02,12:00:00,0.5666666666666667,hix,0.524029809517779,fDOM,R.U.,0,0.11738566166467246,0.40664414785310654
MOBEAST017,T15,Control,Table 1,2024-06-02,12:00:00,0.5666666666666667,fpeak,0.0418370449179045,fDOM,R.U.,0,0.008475905554831499,0.033361139363073
MOBEAST017,T15,Control,Table 1,2024-06-02,12:00:00,0.5666666666666667,fi,2.06447974376422,fDOM,R.U.,0,0.3476126953294749,1.716867048434745
MOBEAST017,T15,Control,Table 1,2024-06-02,12:00:00,0.5666666666666667,lignin,0.00641324554916015,fDOM,R.U.,0,-0.0276072035216848,0.03402044907084495
MOBEAST017,T15,Control,Table 1,2024-06-02,12:00:00,0.5666666666666667,N_N,0.504,nutrients,µmol/L,0,-0.7035,1.2075
MOBEAST017,T15,Control,Table 1,2024-06-02,12:00:00,0.5666666666666667,NO2,0.0994356111,nutrients,µmol/L,0,0.0029962386150000075,0.096439372485
MOBEAST017,T15,Control,Table 1,2024-06-02,12:00:00,0.5666666666666667,PO4,0.077,nutrients,µmol/L,0,-0.0035802376399999974,0.08058023764
MOBEAST017,T15,Control,Table 1,2024-06-02,12:00:00,0.5666666666666667,SiO2,0.7859255,nutrients,µmol/L,0,-0.21862675799999987,1.004552258
MOBEAST017,T15,Control,Table 1,2024-06-02,12:00:00,0.5666666666666667,NH3,0.5184546127,nutrients,µmol/L,0,0.0341741203,0.48428049240000004
MOBEAST017,T15,Control,Table 1,2024-06-02,12:00:00,0.5666666666666667,NO3,0.4045643889,nutrients,µmol/L,0,-0.7064962386150001,1.1110606275150001
MOBEAST017,T15,Control,Table 1,2024-06-02,12:00:00,0.5666666666666667,ph_diff,0.00845595916111463,carbonate,NA,0,0.00845595916111463,0
MOBEAST017,T15,Control,Table 1,2024-06-02,12:00:00,0.5666666666666667,delta_ta,19.266999999999825,carbonate,NA,0,19.266999999999825,0
MOBEAST017,T15,Control,Table 1,2024-06-02,12:00:00,0.5666666666666667,do_mg_l,4.07,residence time,NA,0,NA,NA
MOBEAST017,T15,Control,Table 1,2024-06-02,12:00:00,0.5666666666666667,ta,2362.45,carbonate,NA,0,13.337499999999636,2349.1125
MOBEAST017,T15,Control,Table 1,2024-06-02,12:00:00,0.5666666666666667,dic_mmol_kg,2013.2316287238816,residence time,NA,0,NA,NA
MOBEAST017,T15,Control,Table 1,2024-06-02,12:00:00,0.5666666666666667,ph,8.041294222187961,carbonate,NA,0,0.004145931041641404,8.03714829114632
MOBEAST017,T15,Control,Table 1,2024-06-02,12:00:00,0.5666666666666667,AEGEAN-169_marine_group,0.0243,DNA,NA,0,0.00895,0.015349999999999999
MOBEAST017,T15,Control,Table 1,2024-06-02,12:00:00,0.5666666666666667,Actinomarinaceae,0.0124,DNA,NA,0,-0.0014999999999999996,0.0139
MOBEAST017,T15,Control,Table 1,2024-06-02,12:00:00,0.5666666666666667,Alcanivoracaceae,0,DNA,NA,0,0,0
MOBEAST017,T15,Control,Table 1,2024-06-02,12:00:00,0.5666666666666667,Alphaproteobacteria_unclassified,8e-4,DNA,NA,0,8e-4,0
MOBEAST017,T15,Control,Table 1,2024-06-02,12:00:00,0.5666666666666667,Alteromonadaceae,0.03759999999999999,DNA,NA,0,0.02615,0.01144999999999999
MOBEAST017,T15,Control,Table 1,2024-06-02,12:00:00,0.5666666666666667,Alteromonadales_unclassified,8e-4,DNA,NA,0,8e-4,0
MOBEAST017,T15,Control,Table 1,2024-06-02,12:00:00,0.5666666666666667,Anaerolineae_unclassified,7e-4,DNA,NA,0,7e-4,0
MOBEAST017,T15,Control,Table 1,2024-06-02,12:00:00,0.5666666666666667,Arcobacteraceae,0.001,DNA,NA,0,0.001,0
MOBEAST017,T15,Control,Table 1,2024-06-02,12:00:00,0.5666666666666667,Arctic97B-4_marine_group_fa,0.0019,DNA,NA,0,-6.000000000000001e-4,0.0025
MOBEAST017,T15,Control,Table 1,2024-06-02,12:00:00,0.5666666666666667,Arenicellaceae,0,DNA,NA,0,-2.5e-4,2.5e-4
MOBEAST017,T15,Control,Table 1,2024-06-02,12:00:00,0.5666666666666667,Bacteria_unclassified,6e-4,DNA,NA,0,6e-4,0
MOBEAST017,T15,Control,Table 1,2024-06-02,12:00:00,0.5666666666666667,Bacteriovoracaceae,0,DNA,NA,0,-5e-5,5e-5
MOBEAST017,T15,Control,Table 1,2024-06-02,12:00:00,0.5666666666666667,Bacteroidales_unclassified,0,DNA,NA,0,0,0
MOBEAST017,T15,Control,Table 1,2024-06-02,12:00:00,0.5666666666666667,Bacteroidetes_BD2-2,0,DNA,NA,0,0,0
MOBEAST017,T15,Control,Table 1,2024-06-02,12:00:00,0.5666666666666667,Bacteroidia_unclassified,2e-4,DNA,NA,0,2e-4,0
MOBEAST017,T15,Control,Table 1,2024-06-02,12:00:00,0.5666666666666667,Bradymonadales_fa,0,DNA,NA,0,0,0
MOBEAST017,T15,Control,Table 1,2024-06-02,12:00:00,0.5666666666666667,Campylobacterales_unclassified,0,DNA,NA,0,0,0
MOBEAST017,T15,Control,Table 1,2024-06-02,12:00:00,0.5666666666666667,Campylobacteria_unclassified,0,DNA,NA,0,0,0
MOBEAST017,T15,Control,Table 1,2024-06-02,12:00:00,0.5666666666666667,Cellvibrionaceae,0.0103,DNA,NA,0,0.00915,0.00115
MOBEAST017,T15,Control,Table 1,2024-06-02,12:00:00,0.5666666666666667,Clade_I,0.0343,DNA,NA,0,0.016949999999999996,0.01735
MOBEAST017,T15,Control,Table 1,2024-06-02,12:00:00,0.5666666666666667,Clade_II,0.0113,DNA,NA,0,0.005099999999999999,0.006200000000000001
MOBEAST017,T15,Control,Table 1,2024-06-02,12:00:00,0.5666666666666667,Clade_IV,0.0014,DNA,NA,0,0.001,4e-4
MOBEAST017,T15,Control,Table 1,2024-06-02,12:00:00,0.5666666666666667,Colwelliaceae,0.0011,DNA,NA,0,0.0011,0
MOBEAST017,T15,Control,Table 1,2024-06-02,12:00:00,0.5666666666666667,Cryomorphaceae,0.005,DNA,NA,0,-0.0020499999999999997,0.00705
MOBEAST017,T15,Control,Table 1,2024-06-02,12:00:00,0.5666666666666667,Cyanobiaceae,0.3878,DNA,NA,0,-0.05219999999999997,0.43999999999999995
MOBEAST017,T15,Control,Table 1,2024-06-02,12:00:00,0.5666666666666667,Cyclobacteriaceae,4e-4,DNA,NA,0,1.0000000000000005e-4,3e-4
MOBEAST017,T15,Control,Table 1,2024-06-02,12:00:00,0.5666666666666667,Deltaproteobacteria_unclassified,0,DNA,NA,0,0,0
MOBEAST017,T15,Control,Table 1,2024-06-02,12:00:00,0.5666666666666667,Desulfovibrionaceae,0,DNA,NA,0,0,0
MOBEAST017,T15,Control,Table 1,2024-06-02,12:00:00,0.5666666666666667,Desulfuromonadaceae,0,DNA,NA,0,0,0
MOBEAST017,T15,Control,Table 1,2024-06-02,12:00:00,0.5666666666666667,Ectothiorhodospiraceae,0.0014,DNA,NA,0,1.9999999999999987e-4,0.0012000000000000001
MOBEAST017,T15,Control,Table 1,2024-06-02,12:00:00,0.5666666666666667,Endozoicomonadaceae,0,DNA,NA,0,-5e-4,5e-4
MOBEAST017,T15,Control,Table 1,2024-06-02,12:00:00,0.5666666666666667,Flavobacteriaceae,0.0605,DNA,NA,0,4.49999999999999e-4,0.06005
MOBEAST017,T15,Control,Table 1,2024-06-02,12:00:00,0.5666666666666667,Francisellaceae,6.000000000000001e-4,DNA,NA,0,6.000000000000001e-4,0
MOBEAST017,T15,Control,Table 1,2024-06-02,12:00:00,0.5666666666666667,Gammaproteobacteria_unclassified,0.0017,DNA,NA,0,-0.004249999999999995,0.005949999999999995
MOBEAST017,T15,Control,Table 1,2024-06-02,12:00:00,0.5666666666666667,Halieaceae,0.0262,DNA,NA,0,0.0054500000000000035,0.020749999999999998
MOBEAST017,T15,Control,Table 1,2024-06-02,12:00:00,0.5666666666666667,Halomonadaceae,0,DNA,NA,0,0,0
MOBEAST017,T15,Control,Table 1,2024-06-02,12:00:00,0.5666666666666667,Helicobacteraceae,0,DNA,NA,0,0,0
MOBEAST017,T15,Control,Table 1,2024-06-02,12:00:00,0.5666666666666667,Hyphomonadaceae,0,DNA,NA,0,0,0
MOBEAST017,T15,Control,Table 1,2024-06-02,12:00:00,0.5666666666666667,Idiomarinaceae,0,DNA,NA,0,0,0
MOBEAST017,T15,Control,Table 1,2024-06-02,12:00:00,0.5666666666666667,JGI_0000069-P22_fa,2e-4,DNA,NA,0,2e-4,0
MOBEAST017,T15,Control,Table 1,2024-06-02,12:00:00,0.5666666666666667,KI89A_clade_fa,8e-4,DNA,NA,0,5e-4,3.0000000000000003e-4
MOBEAST017,T15,Control,Table 1,2024-06-02,12:00:00,0.5666666666666667,Kiritimatiellaceae,0,DNA,NA,0,0,0
MOBEAST017,T15,Control,Table 1,2024-06-02,12:00:00,0.5666666666666667,Leptotrichiaceae,2e-4,DNA,NA,0,2e-4,0
MOBEAST017,T15,Control,Table 1,2024-06-02,12:00:00,0.5666666666666667,Litoricolaceae,0.0106,DNA,NA,0,0.0054,0.0052
MOBEAST017,T15,Control,Table 1,2024-06-02,12:00:00,0.5666666666666667,Marine_Group_II_fa,0.0495,DNA,NA,0,0.011950000000000002,0.03755
MOBEAST017,T15,Control,Table 1,2024-06-02,12:00:00,0.5666666666666667,Marinifilaceae,0,DNA,NA,0,0,0
MOBEAST017,T15,Control,Table 1,2024-06-02,12:00:00,0.5666666666666667,Marinilabiliaceae,0,DNA,NA,0,0,0
MOBEAST017,T15,Control,Table 1,2024-06-02,12:00:00,0.5666666666666667,Marinimicrobia_(SAR406_clade)_fa,0.0078,DNA,NA,0,0.0032499999999999994,0.00455
MOBEAST017,T15,Control,Table 1,2024-06-02,12:00:00,0.5666666666666667,Marinobacteraceae,0,DNA,NA,0,0,0
MOBEAST017,T15,Control,Table 1,2024-06-02,12:00:00,0.5666666666666667,Marinomonadaceae,0.0029,DNA,NA,0,0.0029,0
MOBEAST017,T15,Control,Table 1,2024-06-02,12:00:00,0.5666666666666667,Methylophilaceae,0.0064,DNA,NA,0,0.00375,0.0026500000000000004
MOBEAST017,T15,Control,Table 1,2024-06-02,12:00:00,0.5666666666666667,Micavibrionaceae,0,DNA,NA,0,0,0
MOBEAST017,T15,Control,Table 1,2024-06-02,12:00:00,0.5666666666666667,Microtrichaceae,0.0056,DNA,NA,0,0.00215,0.00345
MOBEAST017,T15,Control,Table 1,2024-06-02,12:00:00,0.5666666666666667,Moraxellaceae,3e-4,DNA,NA,0,3e-4,0
MOBEAST017,T15,Control,Table 1,2024-06-02,12:00:00,0.5666666666666667,NS7_marine_group,7e-4,DNA,NA,0,0,7e-4
MOBEAST017,T15,Control,Table 1,2024-06-02,12:00:00,0.5666666666666667,NS9_marine_group,0.0047,DNA,NA,0,-0.0011999999999999953,0.0058999999999999955
MOBEAST017,T15,Control,Table 1,2024-06-02,12:00:00,0.5666666666666667,Nannocystaceae,4e-4,DNA,NA,0,5.000000000000002e-5,3.5e-4
MOBEAST017,T15,Control,Table 1,2024-06-02,12:00:00,0.5666666666666667,Nitrincolaceae,0.0096,DNA,NA,0,0.007750000000000004,0.001849999999999995
MOBEAST017,T15,Control,Table 1,2024-06-02,12:00:00,0.5666666666666667,Nitrosopumilaceae,4e-4,DNA,NA,0,5.000000000000002e-5,3.5e-4
MOBEAST017,T15,Control,Table 1,2024-06-02,12:00:00,0.5666666666666667,OM182_clade_fa,0.0039,DNA,NA,0,-7.999999999999995e-4,0.004699999999999999
MOBEAST017,T15,Control,Table 1,2024-06-02,12:00:00,0.5666666666666667,Oleiphilaceae,7e-4,DNA,NA,0,-1.5000000000000007e-4,8.500000000000001e-4
MOBEAST017,T15,Control,Table 1,2024-06-02,12:00:00,0.5666666666666667,Oligoflexaceae,7e-4,DNA,NA,0,4.5e-4,2.5e-4
MOBEAST017,T15,Control,Table 1,2024-06-02,12:00:00,0.5666666666666667,Pirellulaceae,0.0049,DNA,NA,0,-2.49999999999995e-4,0.005149999999999995
MOBEAST017,T15,Control,Table 1,2024-06-02,12:00:00,0.5666666666666667,Piscirickettsiaceae,1e-4,DNA,NA,0,-3.0000000000000003e-4,4e-4
MOBEAST017,T15,Control,Table 1,2024-06-02,12:00:00,0.5666666666666667,Prolixibacteraceae,0,DNA,NA,0,0,0
MOBEAST017,T15,Control,Table 1,2024-06-02,12:00:00,0.5666666666666667,Proteobacteria_unclassified,0.0025,DNA,NA,0,9.999999999999983e-5,0.0024000000000000002
MOBEAST017,T15,Control,Table 1,2024-06-02,12:00:00,0.5666666666666667,Pseudoalteromonadaceae,0.00409999999999999,DNA,NA,0,0.0036999999999999898,4e-4
MOBEAST017,T15,Control,Table 1,2024-06-02,12:00:00,0.5666666666666667,Pseudohongiellaceae,0.0019,DNA,NA,0,-4.9999999999999914e-5,0.00195
MOBEAST017,T15,Control,Table 1,2024-06-02,12:00:00,0.5666666666666667,Pseudomonadaceae,0,DNA,NA,0,0,0
MOBEAST017,T15,Control,Table 1,2024-06-02,12:00:00,0.5666666666666667,Puniceicoccaceae,0,DNA,NA,0,0,0
MOBEAST017,T15,Control,Table 1,2024-06-02,12:00:00,0.5666666666666667,Rhizobiaceae,0,DNA,NA,0,0,0
MOBEAST017,T15,Control,Table 1,2024-06-02,12:00:00,0.5666666666666667,Rhodobacteraceae,0.1176,DNA,NA,0,0.0021999999999999936,0.1154
MOBEAST017,T15,Control,Table 1,2024-06-02,12:00:00,0.5666666666666667,Rhodospirillaceae,0,DNA,NA,0,0,0
MOBEAST017,T15,Control,Table 1,2024-06-02,12:00:00,0.5666666666666667,Rubinisphaeraceae,6e-4,DNA,NA,0,-3.0000000000000003e-4,9e-4
MOBEAST017,T15,Control,Table 1,2024-06-02,12:00:00,0.5666666666666667,S25-593,7e-4,DNA,NA,0,-2.500000000000001e-4,9.500000000000001e-4
MOBEAST017,T15,Control,Table 1,2024-06-02,12:00:00,0.5666666666666667,SAR116_clade,0.04730000000000001,DNA,NA,0,0.0039000000000000076,0.0434
MOBEAST017,T15,Control,Table 1,2024-06-02,12:00:00,0.5666666666666667,SAR202_clade_fa,0,DNA,NA,0,-3e-4,3e-4
MOBEAST017,T15,Control,Table 1,2024-06-02,12:00:00,0.5666666666666667,SAR324_clade(Marine_group_B)_fa,9e-4,DNA,NA,0,5.499999999999999e-4,3.5e-4
MOBEAST017,T15,Control,Table 1,2024-06-02,12:00:00,0.5666666666666667,SAR86_clade_fa,0.0468,DNA,NA,0,0.0133,0.0335
MOBEAST017,T15,Control,Table 1,2024-06-02,12:00:00,0.5666666666666667,Saccharospirillaceae,0.003,DNA,NA,0,-0.015449999999999995,0.018449999999999994
MOBEAST017,T15,Control,Table 1,2024-06-02,12:00:00,0.5666666666666667,Saprospiraceae,3e-4,DNA,NA,0,3e-4,0
MOBEAST017,T15,Control,Table 1,2024-06-02,12:00:00,0.5666666666666667,Sphingomonadaceae,0,DNA,NA,0,-5e-5,5e-5
MOBEAST017,T15,Control,Table 1,2024-06-02,12:00:00,0.5666666666666667,Spirochaetaceae,0,DNA,NA,0,0,0
MOBEAST017,T15,Control,Table 1,2024-06-02,12:00:00,0.5666666666666667,Spongiibacteraceae,0,DNA,NA,0,0,0
MOBEAST017,T15,Control,Table 1,2024-06-02,12:00:00,0.5666666666666667,Stappiaceae,0,DNA,NA,0,0,0
MOBEAST017,T15,Control,Table 1,2024-06-02,12:00:00,0.5666666666666667,Terasakiellaceae,2e-4,DNA,NA,0,2e-4,0
MOBEAST017,T15,Control,Table 1,2024-06-02,12:00:00,0.5666666666666667,Thalassospiraceae,0,DNA,NA,0,0,0
MOBEAST017,T15,Control,Table 1,2024-06-02,12:00:00,0.5666666666666667,Thiomicrospiraceae,0,DNA,NA,0,0,0
MOBEAST017,T15,Control,Table 1,2024-06-02,12:00:00,0.5666666666666667,Vibrionaceae,0.0201,DNA,NA,0,0.01775,0.00235
MOBEAST017,T15,Control,Table 1,2024-06-02,12:00:00,0.5666666666666667,Woesearchaeia_fa,0,DNA,NA,0,-1e-4,1e-4
MOBEAST017,T15,Control,Table 1,2024-06-02,12:00:00,0.5666666666666667,uncultured_fa,7e-4,DNA,NA,0,7e-4,0
MOBEAST018,T16,Coral,Table 1,2024-06-02,12:00:00,8.683333333333334,het_bact,347.121,FCM,cell/µL,0,-184.1875,531.3085
MOBEAST018,T16,Coral,Table 1,2024-06-02,12:00:00,8.683333333333334,pico_euk,2.047,FCM,cell/µL,0,NA,NA
MOBEAST018,T16,Coral,Table 1,2024-06-02,12:00:00,8.683333333333334,syn,75.391,FCM,cell/µL,0,-43.45899999999999,118.85
MOBEAST018,T16,Coral,Table 1,2024-06-02,12:00:00,8.683333333333334,pro,10.915,FCM,cell/µL,0,-8.543500000000002,19.4585
MOBEAST018,T16,Coral,Table 1,2024-06-02,12:00:00,8.683333333333334,tot_bact,433.428,FCM,cell/µL,0,-236.1885000000001,669.6165000000001
MOBEAST018,T16,Coral,Table 1,2024-06-02,12:00:00,8.683333333333334,cyano,86.30600000000004,FCM,cell/µL,0,-52.0025,138.30850000000004
MOBEAST018,T16,Coral,Table 1,2024-06-02,12:00:00,8.683333333333334,chla_conc,0.398,chla,µg/L,0,0.35240000000000005,0.045599999999999995
MOBEAST018,T16,Coral,Table 1,2024-06-02,12:00:00,8.683333333333334,tn_u_m,12.6310979745408,DOC,µmol/L,0,0.7793889114971506,11.85170906304365
MOBEAST018,T16,Coral,Table 1,2024-06-02,12:00:00,8.683333333333334,coble_a,0.00566217439080216,fDOM,R.U.,0,-0.0021770978258811797,0.00783927221668334
MOBEAST018,T16,Coral,Table 1,2024-06-02,12:00:00,8.683333333333334,coble_b,0.0691906690659906,fDOM,R.U.,0,0.02555071718606,0.0436399518799306
MOBEAST018,T16,Coral,Table 1,2024-06-02,12:00:00,8.683333333333334,coble_c,0.00457644038195662,fDOM,R.U.,0,1.7343469119888988e-4,0.00440300569075773
MOBEAST018,T16,Coral,Table 1,2024-06-02,12:00:00,8.683333333333334,coble_m,0.00924876761651831,fDOM,R.U.,0,6.928391204976889e-5,0.009179483704468541
MOBEAST018,T16,Coral,Table 1,2024-06-02,12:00:00,8.683333333333334,coble_t,0.0375071747776316,fDOM,R.U.,0,-0.0147937514766594,0.052300926254291
MOBEAST018,T16,Coral,Table 1,2024-06-02,12:00:00,8.683333333333334,m_to_c,2.020952278321623,fDOM,R.U.,0,0.11192549762763293,1.90902678069399
MOBEAST018,T16,Coral,Table 1,2024-06-02,12:00:00,8.683333333333334,bix,0.677348396071351,fDOM,R.U.,0,0.004231321312251013,0.6731170747591
MOBEAST018,T16,Coral,Table 1,2024-06-02,12:00:00,8.683333333333334,hix,0.413656947161896,fDOM,R.U.,0,0.0070127993087894525,0.40664414785310654
MOBEAST018,T16,Coral,Table 1,2024-06-02,12:00:00,8.683333333333334,fpeak,0.00998247000315422,fDOM,R.U.,0,-0.02337866935991878,0.033361139363073
MOBEAST018,T16,Coral,Table 1,2024-06-02,12:00:00,8.683333333333334,fi,1.63289177050007,fDOM,R.U.,0,-0.08397527793467496,1.716867048434745
MOBEAST018,T16,Coral,Table 1,2024-06-02,12:00:00,8.683333333333334,lignin,2.04622481922986e-4,fDOM,R.U.,0,-0.03381582658892196,0.03402044907084495
MOBEAST018,T16,Coral,Table 1,2024-06-02,12:00:00,8.683333333333334,N_N,0.388,nutrients,µmol/L,0,-0.8195,1.2075
MOBEAST018,T16,Coral,Table 1,2024-06-02,12:00:00,8.683333333333334,NO2,0.08982130698,nutrients,µmol/L,0,-0.006618065504999993,0.096439372485
MOBEAST018,T16,Coral,Table 1,2024-06-02,12:00:00,8.683333333333334,PO4,0.077,nutrients,µmol/L,0,-0.0035802376399999974,0.08058023764
MOBEAST018,T16,Coral,Table 1,2024-06-02,12:00:00,8.683333333333334,SiO2,0.01,nutrients,µmol/L,0,-0.9945522579999999,1.004552258
MOBEAST018,T16,Coral,Table 1,2024-06-02,12:00:00,8.683333333333334,NH3,0.8778503431,nutrients,µmol/L,0,0.39356985069999995,0.48428049240000004
MOBEAST018,T16,Coral,Table 1,2024-06-02,12:00:00,8.683333333333334,NO3,0.29817869302,nutrients,µmol/L,0,-0.8128819344950001,1.1110606275150001
MOBEAST018,T16,Coral,Table 1,2024-06-02,12:00:00,8.683333333333334,ph_diff,0.02284919116345918,carbonate,NA,0,0.02284919116345918,0
MOBEAST018,T16,Coral,Table 1,2024-06-02,12:00:00,8.683333333333334,delta_ta,-2.994999999999891,carbonate,NA,0,-2.994999999999891,0
MOBEAST018,T16,Coral,Table 1,2024-06-02,12:00:00,8.683333333333334,do_mg_l,3.77,residence time,NA,0,NA,NA
MOBEAST018,T16,Coral,Table 1,2024-06-02,12:00:00,8.683333333333334,ta,2340.188,carbonate,NA,0,-8.92450000000008,2349.1125
MOBEAST018,T16,Coral,Table 1,2024-06-02,12:00:00,8.683333333333334,dic_mmol_kg,1987.0802819783344,residence time,NA,0,NA,NA
MOBEAST018,T16,Coral,Table 1,2024-06-02,12:00:00,8.683333333333334,ph,8.056381520751788,carbonate,NA,0,0.019233229605468694,8.03714829114632
MOBEAST018,T16,Coral,Table 1,2024-06-02,12:00:00,8.683333333333334,AEGEAN-169_marine_group,0.02509999999999999,DNA,NA,0,0.009749999999999991,0.015349999999999999
MOBEAST018,T16,Coral,Table 1,2024-06-02,12:00:00,8.683333333333334,Actinomarinaceae,0.0106,DNA,NA,0,-0.003299999999999999,0.0139
MOBEAST018,T16,Coral,Table 1,2024-06-02,12:00:00,8.683333333333334,Alcanivoracaceae,0,DNA,NA,0,0,0
MOBEAST018,T16,Coral,Table 1,2024-06-02,12:00:00,8.683333333333334,Alphaproteobacteria_unclassified,0,DNA,NA,0,0,0
MOBEAST018,T16,Coral,Table 1,2024-06-02,12:00:00,8.683333333333334,Alteromonadaceae,0.0826,DNA,NA,0,0.07115000000000002,0.01144999999999999
MOBEAST018,T16,Coral,Table 1,2024-06-02,12:00:00,8.683333333333334,Alteromonadales_unclassified,0,DNA,NA,0,0,0
MOBEAST018,T16,Coral,Table 1,2024-06-02,12:00:00,8.683333333333334,Anaerolineae_unclassified,0,DNA,NA,0,0,0
MOBEAST018,T16,Coral,Table 1,2024-06-02,12:00:00,8.683333333333334,Arcobacteraceae,0,DNA,NA,0,0,0
MOBEAST018,T16,Coral,Table 1,2024-06-02,12:00:00,8.683333333333334,Arctic97B-4_marine_group_fa,0.0027,DNA,NA,0,2.000000000000001e-4,0.0025
MOBEAST018,T16,Coral,Table 1,2024-06-02,12:00:00,8.683333333333334,Arenicellaceae,0.0014,DNA,NA,0,0.00115,2.5e-4
MOBEAST018,T16,Coral,Table 1,2024-06-02,12:00:00,8.683333333333334,Bacteria_unclassified,0.0015,DNA,NA,0,0.0015,0
MOBEAST018,T16,Coral,Table 1,2024-06-02,12:00:00,8.683333333333334,Bacteriovoracaceae,6e-4,DNA,NA,0,5.499999999999999e-4,5e-5
MOBEAST018,T16,Coral,Table 1,2024-06-02,12:00:00,8.683333333333334,Bacteroidales_unclassified,0,DNA,NA,0,0,0
MOBEAST018,T16,Coral,Table 1,2024-06-02,12:00:00,8.683333333333334,Bacteroidetes_BD2-2,0,DNA,NA,0,0,0
MOBEAST018,T16,Coral,Table 1,2024-06-02,12:00:00,8.683333333333334,Bacteroidia_unclassified,0,DNA,NA,0,0,0
MOBEAST018,T16,Coral,Table 1,2024-06-02,12:00:00,8.683333333333334,Bradymonadales_fa,0,DNA,NA,0,0,0
MOBEAST018,T16,Coral,Table 1,2024-06-02,12:00:00,8.683333333333334,Campylobacterales_unclassified,0,DNA,NA,0,0,0
MOBEAST018,T16,Coral,Table 1,2024-06-02,12:00:00,8.683333333333334,Campylobacteria_unclassified,0,DNA,NA,0,0,0
MOBEAST018,T16,Coral,Table 1,2024-06-02,12:00:00,8.683333333333334,Cellvibrionaceae,0.01279999999999999,DNA,NA,0,0.01164999999999999,0.00115
MOBEAST018,T16,Coral,Table 1,2024-06-02,12:00:00,8.683333333333334,Clade_I,0.0323,DNA,NA,0,0.014950000000000001,0.01735
MOBEAST018,T16,Coral,Table 1,2024-06-02,12:00:00,8.683333333333334,Clade_II,0.0103,DNA,NA,0,0.0040999999999999995,0.006200000000000001
MOBEAST018,T16,Coral,Table 1,2024-06-02,12:00:00,8.683333333333334,Clade_IV,6e-4,DNA,NA,0,1.9999999999999993e-4,4e-4
MOBEAST018,T16,Coral,Table 1,2024-06-02,12:00:00,8.683333333333334,Colwelliaceae,0,DNA,NA,0,0,0
MOBEAST018,T16,Coral,Table 1,2024-06-02,12:00:00,8.683333333333334,Cryomorphaceae,0.0058,DNA,NA,0,-0.0012500000000000002,0.00705
MOBEAST018,T16,Coral,Table 1,2024-06-02,12:00:00,8.683333333333334,Cyanobiaceae,0.3706,DNA,NA,0,-0.06939999999999996,0.43999999999999995
MOBEAST018,T16,Coral,Table 1,2024-06-02,12:00:00,8.683333333333334,Cyclobacteriaceae,4e-4,DNA,NA,0,1.0000000000000005e-4,3e-4
MOBEAST018,T16,Coral,Table 1,2024-06-02,12:00:00,8.683333333333334,Deltaproteobacteria_unclassified,0,DNA,NA,0,0,0
MOBEAST018,T16,Coral,Table 1,2024-06-02,12:00:00,8.683333333333334,Desulfovibrionaceae,0,DNA,NA,0,0,0
MOBEAST018,T16,Coral,Table 1,2024-06-02,12:00:00,8.683333333333334,Desulfuromonadaceae,0,DNA,NA,0,0,0
MOBEAST018,T16,Coral,Table 1,2024-06-02,12:00:00,8.683333333333334,Ectothiorhodospiraceae,0.0019,DNA,NA,0,6.999999999999999e-4,0.0012000000000000001
MOBEAST018,T16,Coral,Table 1,2024-06-02,12:00:00,8.683333333333334,Endozoicomonadaceae,0.0014,DNA,NA,0,9e-4,5e-4
MOBEAST018,T16,Coral,Table 1,2024-06-02,12:00:00,8.683333333333334,Flavobacteriaceae,0.059,DNA,NA,0,-0.0010500000000000023,0.06005
MOBEAST018,T16,Coral,Table 1,2024-06-02,12:00:00,8.683333333333334,Francisellaceae,1e-4,DNA,NA,0,1e-4,0
MOBEAST018,T16,Coral,Table 1,2024-06-02,12:00:00,8.683333333333334,Halieaceae,0.02439999999999999,DNA,NA,0,0.0036499999999999935,0.020749999999999998
MOBEAST018,T16,Coral,Table 1,2024-06-02,12:00:00,8.683333333333334,Halomonadaceae,0,DNA,NA,0,0,0
MOBEAST018,T16,Coral,Table 1,2024-06-02,12:00:00,8.683333333333334,Helicobacteraceae,0,DNA,NA,0,0,0
MOBEAST018,T16,Coral,Table 1,2024-06-02,12:00:00,8.683333333333334,Hyphomonadaceae,0.0042,DNA,NA,0,0.0042,0
MOBEAST018,T16,Coral,Table 1,2024-06-02,12:00:00,8.683333333333334,Idiomarinaceae,0,DNA,NA,0,0,0
MOBEAST018,T16,Coral,Table 1,2024-06-02,12:00:00,8.683333333333334,JGI_0000069-P22_fa,0.0014,DNA,NA,0,0.0014,0
MOBEAST018,T16,Coral,Table 1,2024-06-02,12:00:00,8.683333333333334,KI89A_clade_fa,4e-4,DNA,NA,0,9.999999999999999e-5,3.0000000000000003e-4
MOBEAST018,T16,Coral,Table 1,2024-06-02,12:00:00,8.683333333333334,Kiritimatiellaceae,0,DNA,NA,0,0,0
MOBEAST018,T16,Coral,Table 1,2024-06-02,12:00:00,8.683333333333334,Leptotrichiaceae,0,DNA,NA,0,0,0
MOBEAST018,T16,Coral,Table 1,2024-06-02,12:00:00,8.683333333333334,Litoricolaceae,0.0114,DNA,NA,0,0.006200000000000001,0.0052
MOBEAST018,T16,Coral,Table 1,2024-06-02,12:00:00,8.683333333333334,Marine_Group_II_fa,0.0272,DNA,NA,0,-0.010350000000000002,0.03755
MOBEAST018,T16,Coral,Table 1,2024-06-02,12:00:00,8.683333333333334,Marinifilaceae,0,DNA,NA,0,0,0
MOBEAST018,T16,Coral,Table 1,2024-06-02,12:00:00,8.683333333333334,Marinilabiliaceae,0,DNA,NA,0,0,0
MOBEAST018,T16,Coral,Table 1,2024-06-02,12:00:00,8.683333333333334,Marinimicrobia_(SAR406_clade)_fa,0.0061,DNA,NA,0,0.0015500000000000002,0.00455
MOBEAST018,T16,Coral,Table 1,2024-06-02,12:00:00,8.683333333333334,Marinobacteraceae,0,DNA,NA,0,0,0
MOBEAST018,T16,Coral,Table 1,2024-06-02,12:00:00,8.683333333333334,Marinomonadaceae,0,DNA,NA,0,0,0
MOBEAST018,T16,Coral,Table 1,2024-06-02,12:00:00,8.683333333333334,Methylophilaceae,0.0081,DNA,NA,0,0.005449999999999999,0.0026500000000000004
MOBEAST018,T16,Coral,Table 1,2024-06-02,12:00:00,8.683333333333334,Micavibrionaceae,0.001,DNA,NA,0,0.001,0
MOBEAST018,T16,Coral,Table 1,2024-06-02,12:00:00,8.683333333333334,Microtrichaceae,0.0029,DNA,NA,0,-5.500000000000001e-4,0.00345
MOBEAST018,T16,Coral,Table 1,2024-06-02,12:00:00,8.683333333333334,Moraxellaceae,0,DNA,NA,0,0,0
MOBEAST018,T16,Coral,Table 1,2024-06-02,12:00:00,8.683333333333334,NS7_marine_group,5e-4,DNA,NA,0,-1.9999999999999998e-4,7e-4
MOBEAST018,T16,Coral,Table 1,2024-06-02,12:00:00,8.683333333333334,NS9_marine_group,0.00509999999999999,DNA,NA,0,-8.000000000000056e-4,0.0058999999999999955
MOBEAST018,T16,Coral,Table 1,2024-06-02,12:00:00,8.683333333333334,Nannocystaceae,7e-4,DNA,NA,0,3.5e-4,3.5e-4
MOBEAST018,T16,Coral,Table 1,2024-06-02,12:00:00,8.683333333333334,Nitrincolaceae,0.0055,DNA,NA,0,0.003650000000000005,0.001849999999999995
MOBEAST018,T16,Coral,Table 1,2024-06-02,12:00:00,8.683333333333334,Nitrosopumilaceae,3e-4,DNA,NA,0,-5.000000000000002e-5,3.5e-4
MOBEAST018,T16,Coral,Table 1,2024-06-02,12:00:00,8.683333333333334,OM182_clade_fa,0.0033,DNA,NA,0,-0.0013999999999999993,0.004699999999999999
MOBEAST018,T16,Coral,Table 1,2024-06-02,12:00:00,8.683333333333334,Oligoflexaceae,0.001,DNA,NA,0,7.5e-4,2.5e-4
MOBEAST018,T16,Coral,Table 1,2024-06-02,12:00:00,8.683333333333334,Pirellulaceae,0.0034,DNA,NA,0,-0.001749999999999995,0.005149999999999995
MOBEAST018,T16,Coral,Table 1,2024-06-02,12:00:00,8.683333333333334,Piscirickettsiaceae,4e-4,DNA,NA,0,0,4e-4
MOBEAST018,T16,Coral,Table 1,2024-06-02,12:00:00,8.683333333333334,Prolixibacteraceae,0,DNA,NA,0,0,0
MOBEAST018,T16,Coral,Table 1,2024-06-02,12:00:00,8.683333333333334,Proteobacteria_unclassified,0.0024,DNA,NA,0,-4.336808689942018e-19,0.0024000000000000002
MOBEAST018,T16,Coral,Table 1,2024-06-02,12:00:00,8.683333333333334,Pseudoalteromonadaceae,0.0037,DNA,NA,0,0.0033,4e-4
MOBEAST018,T16,Coral,Table 1,2024-06-02,12:00:00,8.683333333333334,Pseudohongiellaceae,0.0014,DNA,NA,0,-5.499999999999999e-4,0.00195
MOBEAST018,T16,Coral,Table 1,2024-06-02,12:00:00,8.683333333333334,Pseudomonadaceae,0,DNA,NA,0,0,0
MOBEAST018,T16,Coral,Table 1,2024-06-02,12:00:00,8.683333333333334,Puniceicoccaceae,0,DNA,NA,0,0,0
MOBEAST018,T16,Coral,Table 1,2024-06-02,12:00:00,8.683333333333334,Rhizobiaceae,0,DNA,NA,0,0,0
MOBEAST018,T16,Coral,Table 1,2024-06-02,12:00:00,8.683333333333334,Rhodobacteraceae,0.1114,DNA,NA,0,-0.0040000000000000036,0.1154
MOBEAST018,T16,Coral,Table 1,2024-06-02,12:00:00,8.683333333333334,Rhodospirillaceae,0,DNA,NA,0,0,0
MOBEAST018,T16,Coral,Table 1,2024-06-02,12:00:00,8.683333333333334,Rubinisphaeraceae,8e-4,DNA,NA,0,-9.999999999999994e-5,9e-4
MOBEAST018,T16,Coral,Table 1,2024-06-02,12:00:00,8.683333333333334,S25-593,0.0011,DNA,NA,0,1.4999999999999996e-4,9.500000000000001e-4
MOBEAST018,T16,Coral,Table 1,2024-06-02,12:00:00,8.683333333333334,SAR116_clade,0.05,DNA,NA,0,0.006600000000000002,0.0434
MOBEAST018,T16,Coral,Table 1,2024-06-02,12:00:00,8.683333333333334,SAR202_clade_fa,4e-4,DNA,NA,0,1.0000000000000005e-4,3e-4
MOBEAST018,T16,Coral,Table 1,2024-06-02,12:00:00,8.683333333333334,SAR324_clade(Marine_group_B)_fa,7e-4,DNA,NA,0,3.5e-4,3.5e-4
MOBEAST018,T16,Coral,Table 1,2024-06-02,12:00:00,8.683333333333334,SAR86_clade_fa,0.0501,DNA,NA,0,0.016599999999999997,0.0335
MOBEAST018,T16,Coral,Table 1,2024-06-02,12:00:00,8.683333333333334,Saccharospirillaceae,0.0045,DNA,NA,0,-0.013949999999999994,0.018449999999999994
MOBEAST018,T16,Coral,Table 1,2024-06-02,12:00:00,8.683333333333334,Saprospiraceae,0,DNA,NA,0,0,0
MOBEAST018,T16,Coral,Table 1,2024-06-02,12:00:00,8.683333333333334,Sphingomonadaceae,0.0021,DNA,NA,0,0.0020499999999999997,5e-5
MOBEAST018,T16,Coral,Table 1,2024-06-02,12:00:00,8.683333333333334,Spirochaetaceae,0,DNA,NA,0,0,0
MOBEAST018,T16,Coral,Table 1,2024-06-02,12:00:00,8.683333333333334,Spongiibacteraceae,0,DNA,NA,0,0,0
MOBEAST018,T16,Coral,Table 1,2024-06-02,12:00:00,8.683333333333334,Stappiaceae,0,DNA,NA,0,0,0
MOBEAST018,T16,Coral,Table 1,2024-06-02,12:00:00,8.683333333333334,Terasakiellaceae,0,DNA,NA,0,0,0
MOBEAST018,T16,Coral,Table 1,2024-06-02,12:00:00,8.683333333333334,Thalassospiraceae,0,DNA,NA,0,0,0
MOBEAST018,T16,Coral,Table 1,2024-06-02,12:00:00,8.683333333333334,Thiomicrospiraceae,0,DNA,NA,0,0,0
MOBEAST018,T16,Coral,Table 1,2024-06-02,12:00:00,8.683333333333334,Vibrionaceae,0.0033,DNA,NA,0,9.499999999999999e-4,0.00235
MOBEAST018,T16,Coral,Table 1,2024-06-02,12:00:00,8.683333333333334,Woesearchaeia_fa,5e-4,DNA,NA,0,4e-4,1e-4
MOBEAST018,T16,Coral,Table 1,2024-06-02,12:00:00,8.683333333333334,uncultured_fa,0,DNA,NA,0,0,0
MOBEAST019,F1,Inflow,Table 1,2024-06-02,18:00:00,NA,het_bact,444.95,FCM,cell/µL,0,-9.488499999999988,454.4385
MOBEAST019,F1,Inflow,Table 1,2024-06-02,18:00:00,NA,pico_euk,2.233,FCM,cell/µL,0,0.11799999999999988,2.115
MOBEAST019,F1,Inflow,Table 1,2024-06-02,18:00:00,NA,syn,119.65,FCM,cell/µL,0,-0.6244999999999976,120.2745
MOBEAST019,F1,Inflow,Table 1,2024-06-02,18:00:00,NA,pro,11.967,FCM,cell/µL,0,-0.15649999999999942,12.1235
MOBEAST019,F1,Inflow,Table 1,2024-06-02,18:00:00,NA,tot_bact,576.567,FCM,cell/µL,0,-10.269000000000005,586.836
MOBEAST019,F1,Inflow,Table 1,2024-06-02,18:00:00,NA,cyano,131.61700000000002,FCM,cell/µL,0,-0.7809999999999775,132.398
MOBEAST019,F1,Inflow,Table 1,2024-06-02,18:00:00,NA,chla_conc,0.1828,chla,µg/L,0,0.077,0.10579999999999999
MOBEAST019,F1,Inflow,Table 1,2024-06-02,18:00:00,NA,tn_u_m,16.1080054545325,DOC,µmol/L,0,2.629455903246299,13.4785495512862
MOBEAST019,F1,Inflow,Table 1,2024-06-02,18:00:00,NA,coble_a,0.00961986652567843,fDOM,R.U.,0,7.051705836775054e-4,0.008914695942000925
MOBEAST019,F1,Inflow,Table 1,2024-06-02,18:00:00,NA,coble_b,0.0315779044574697,fDOM,R.U.,0,2.8788333634389984e-4,0.0312900211211258
MOBEAST019,F1,Inflow,Table 1,2024-06-02,18:00:00,NA,coble_c,0.00561235303758175,fDOM,R.U.,0,-1.4317781503329734e-5,0.0056266708190850796
MOBEAST019,F1,Inflow,Table 1,2024-06-02,18:00:00,NA,coble_m,0.0102169424488086,fDOM,R.U.,0,3.270232188865834e-4,0.009889919229922016
MOBEAST019,F1,Inflow,Table 1,2024-06-02,18:00:00,NA,coble_t,0.0644203685763733,fDOM,R.U.,0,0.015115846492509452,0.04930452208386385
MOBEAST019,F1,Inflow,Table 1,2024-06-02,18:00:00,NA,m_to_c,1.820438304645724,fDOM,R.U.,0,0.06259325834056195,1.757845046305162
MOBEAST019,F1,Inflow,Table 1,2024-06-02,18:00:00,NA,bix,0.898175423942521,fDOM,R.U.,0,0.07850988019147653,0.8196655437510445
MOBEAST019,F1,Inflow,Table 1,2024-06-02,18:00:00,NA,hix,0.498031823212017,fDOM,R.U.,0,-0.11295180401066995,0.610983627222687
MOBEAST019,F1,Inflow,Table 1,2024-06-02,18:00:00,NA,fpeak,0.0304533832692455,fDOM,R.U.,0,0.009030104589100703,0.0214232786801448
MOBEAST019,F1,Inflow,Table 1,2024-06-02,18:00:00,NA,fi,2.24355159580479,fDOM,R.U.,0,0.08884448944099477,2.1547071063637953
MOBEAST019,F1,Inflow,Table 1,2024-06-02,18:00:00,NA,lignin,0.0419484322293262,fDOM,R.U.,0,0.01691109516692977,0.025037337062396428
MOBEAST019,F1,Inflow,Table 1,2024-06-02,18:00:00,NA,N_N,1.095,nutrients,µmol/L,0,0.14749999999999996,0.9475
MOBEAST019,F1,Inflow,Table 1,2024-06-02,18:00:00,NA,NO2,0.09008471257,nutrients,µmol/L,0,-0.029929460414999998,0.120014172985
MOBEAST019,F1,Inflow,Table 1,2024-06-02,18:00:00,NA,PO4,0.09447913233,nutrients,µmol/L,0,0.008739566165000004,0.085739566165
MOBEAST019,F1,Inflow,Table 1,2024-06-02,18:00:00,NA,SiO2,0.01,nutrients,µmol/L,0,-0.09865923859999999,0.10865923859999999
MOBEAST019,F1,Inflow,Table 1,2024-06-02,18:00:00,NA,NH3,0.2552340205,nutrients,µmol/L,0,-0.09390527035000001,0.34913929085
MOBEAST019,F1,Inflow,Table 1,2024-06-02,18:00:00,NA,NO3,1.00491528743,nutrients,µmol/L,0,0.17742946041499996,0.8274858270150001
MOBEAST019,F1,Inflow,Table 1,2024-06-02,18:00:00,NA,ph_diff,0,carbonate,NA,0,0,0
MOBEAST019,F1,Inflow,Table 1,2024-06-02,18:00:00,NA,delta_ta,0,carbonate,NA,0,0,0
MOBEAST019,F1,Inflow,Table 1,2024-06-02,18:00:00,NA,ta,2348.571,carbonate,NA,0,10.832999999999629,2337.7380000000003
MOBEAST019,F1,Inflow,Table 1,2024-06-02,18:00:00,NA,ph,8.057287049229256,carbonate,NA,0,0.0022389512879943396,8.055048097941262
MOBEAST019,F1,Inflow,Table 1,2024-06-02,18:00:00,NA,AEGEAN-169_marine_group,0.0257,DNA,NA,0,-5.999999999999998e-4,0.0263
MOBEAST019,F1,Inflow,Table 1,2024-06-02,18:00:00,NA,Actinomarinaceae,0.0164,DNA,NA,0,0.0011999999999999997,0.015200000000000002
MOBEAST019,F1,Inflow,Table 1,2024-06-02,18:00:00,NA,Alcanivoracaceae,0,DNA,NA,0,0,0
MOBEAST019,F1,Inflow,Table 1,2024-06-02,18:00:00,NA,Alphaproteobacteria_unclassified,0,DNA,NA,0,0,0
MOBEAST019,F1,Inflow,Table 1,2024-06-02,18:00:00,NA,Alteromonadaceae,0.0106,DNA,NA,0,-0.013999999999999993,0.024599999999999993
MOBEAST019,F1,Inflow,Table 1,2024-06-02,18:00:00,NA,Alteromonadales_unclassified,0,DNA,NA,0,0,0
MOBEAST019,F1,Inflow,Table 1,2024-06-02,18:00:00,NA,Anaerolineae_unclassified,0,DNA,NA,0,0,0
MOBEAST019,F1,Inflow,Table 1,2024-06-02,18:00:00,NA,Arcobacteraceae,0,DNA,NA,0,0,0
MOBEAST019,F1,Inflow,Table 1,2024-06-02,18:00:00,NA,Arctic97B-4_marine_group_fa,0.002,DNA,NA,0,-4.99999999999997e-5,0.0020499999999999997
MOBEAST019,F1,Inflow,Table 1,2024-06-02,18:00:00,NA,Arenicellaceae,0,DNA,NA,0,-2e-4,2e-4
MOBEAST019,F1,Inflow,Table 1,2024-06-02,18:00:00,NA,Bacteria_unclassified,0,DNA,NA,0,0,0
MOBEAST019,F1,Inflow,Table 1,2024-06-02,18:00:00,NA,Bacteriovoracaceae,0,DNA,NA,0,0,0
MOBEAST019,F1,Inflow,Table 1,2024-06-02,18:00:00,NA,Bacteroidales_unclassified,0,DNA,NA,0,0,0
MOBEAST019,F1,Inflow,Table 1,2024-06-02,18:00:00,NA,Bacteroidetes_BD2-2,0,DNA,NA,0,0,0
MOBEAST019,F1,Inflow,Table 1,2024-06-02,18:00:00,NA,Bacteroidia_unclassified,0,DNA,NA,0,0,0
MOBEAST019,F1,Inflow,Table 1,2024-06-02,18:00:00,NA,Bradymonadales_fa,0,DNA,NA,0,0,0
MOBEAST019,F1,Inflow,Table 1,2024-06-02,18:00:00,NA,Campylobacterales_unclassified,0,DNA,NA,0,0,0
MOBEAST019,F1,Inflow,Table 1,2024-06-02,18:00:00,NA,Campylobacteria_unclassified,0,DNA,NA,0,0,0
MOBEAST019,F1,Inflow,Table 1,2024-06-02,18:00:00,NA,Cellvibrionaceae,3e-4,DNA,NA,0,-2.5000000000000006e-4,5.5e-4
MOBEAST019,F1,Inflow,Table 1,2024-06-02,18:00:00,NA,Clade_I,0.0285,DNA,NA,0,-0.0023,0.0308
MOBEAST019,F1,Inflow,Table 1,2024-06-02,18:00:00,NA,Clade_II,0.0115,DNA,NA,0,1.5000000000000083e-4,0.011349999999999999
MOBEAST019,F1,Inflow,Table 1,2024-06-02,18:00:00,NA,Clade_IV,0.0013,DNA,NA,0,9.999999999999983e-5,0.0012000000000000001
MOBEAST019,F1,Inflow,Table 1,2024-06-02,18:00:00,NA,Colwelliaceae,0,DNA,NA,0,0,0
MOBEAST019,F1,Inflow,Table 1,2024-06-02,18:00:00,NA,Cryomorphaceae,0.0041,DNA,NA,0,-5.499999999999993e-4,0.00465
MOBEAST019,F1,Inflow,Table 1,2024-06-02,18:00:00,NA,Cyanobiaceae,0.4743,DNA,NA,0,-4.0000000000001146e-4,0.4747
MOBEAST019,F1,Inflow,Table 1,2024-06-02,18:00:00,NA,Cyclobacteriaceae,2e-4,DNA,NA,0,-5.5e-4,7.5e-4
MOBEAST019,F1,Inflow,Table 1,2024-06-02,18:00:00,NA,Deltaproteobacteria_unclassified,0,DNA,NA,0,0,0
MOBEAST019,F1,Inflow,Table 1,2024-06-02,18:00:00,NA,Desulfovibrionaceae,0,DNA,NA,0,0,0
MOBEAST019,F1,Inflow,Table 1,2024-06-02,18:00:00,NA,Desulfuromonadaceae,0,DNA,NA,0,0,0
MOBEAST019,F1,Inflow,Table 1,2024-06-02,18:00:00,NA,Ectothiorhodospiraceae,0.0016,DNA,NA,0,3.9999999999999996e-4,0.0012000000000000001
MOBEAST019,F1,Inflow,Table 1,2024-06-02,18:00:00,NA,Endozoicomonadaceae,8e-4,DNA,NA,0,1.0000000000000005e-4,7e-4
MOBEAST019,F1,Inflow,Table 1,2024-06-02,18:00:00,NA,Flavobacteriaceae,0.05529999999999999,DNA,NA,0,-0.006500000000000006,0.061799999999999994
MOBEAST019,F1,Inflow,Table 1,2024-06-02,18:00:00,NA,Francisellaceae,0,DNA,NA,0,0,0
MOBEAST019,F1,Inflow,Table 1,2024-06-02,18:00:00,NA,Gammaproteobacteria_unclassified,0.0027,DNA,NA,0,0,0.0027
MOBEAST019,F1,Inflow,Table 1,2024-06-02,18:00:00,NA,Halieaceae,0.0182,DNA,NA,0,-0.001399999999999995,0.019599999999999996
MOBEAST019,F1,Inflow,Table 1,2024-06-02,18:00:00,NA,Halomonadaceae,0,DNA,NA,0,0,0
MOBEAST019,F1,Inflow,Table 1,2024-06-02,18:00:00,NA,Helicobacteraceae,0,DNA,NA,0,0,0
MOBEAST019,F1,Inflow,Table 1,2024-06-02,18:00:00,NA,Hyphomonadaceae,0,DNA,NA,0,0,0
MOBEAST019,F1,Inflow,Table 1,2024-06-02,18:00:00,NA,Idiomarinaceae,0,DNA,NA,0,0,0
MOBEAST019,F1,Inflow,Table 1,2024-06-02,18:00:00,NA,JGI_0000069-P22_fa,4e-4,DNA,NA,0,-6.999999999999999e-4,0.0010999999999999998
MOBEAST019,F1,Inflow,Table 1,2024-06-02,18:00:00,NA,KI89A_clade_fa,6e-4,DNA,NA,0,3e-4,3e-4
MOBEAST019,F1,Inflow,Table 1,2024-06-02,18:00:00,NA,Kiritimatiellaceae,0,DNA,NA,0,0,0
MOBEAST019,F1,Inflow,Table 1,2024-06-02,18:00:00,NA,Leptotrichiaceae,0,DNA,NA,0,0,0
MOBEAST019,F1,Inflow,Table 1,2024-06-02,18:00:00,NA,Litoricolaceae,0.004,DNA,NA,0,3.5000000000000005e-4,0.00365
MOBEAST019,F1,Inflow,Table 1,2024-06-02,18:00:00,NA,Marine_Group_II_fa,0.0419,DNA,NA,0,-0.003149999999999993,0.04504999999999999
MOBEAST019,F1,Inflow,Table 1,2024-06-02,18:00:00,NA,Marinifilaceae,0,DNA,NA,0,0,0
MOBEAST019,F1,Inflow,Table 1,2024-06-02,18:00:00,NA,Marinilabiliaceae,0,DNA,NA,0,0,0
MOBEAST019,F1,Inflow,Table 1,2024-06-02,18:00:00,NA,Marinimicrobia_(SAR406_clade)_fa,0.0058,DNA,NA,0,-9.500000000000003e-4,0.00675
MOBEAST019,F1,Inflow,Table 1,2024-06-02,18:00:00,NA,Marinobacteraceae,0,DNA,NA,0,0,0
MOBEAST019,F1,Inflow,Table 1,2024-06-02,18:00:00,NA,Marinomonadaceae,0,DNA,NA,0,0,0
MOBEAST019,F1,Inflow,Table 1,2024-06-02,18:00:00,NA,Methylophilaceae,0.0072,DNA,NA,0,0.0012499999999999994,0.00595
MOBEAST019,F1,Inflow,Table 1,2024-06-02,18:00:00,NA,Micavibrionaceae,0,DNA,NA,0,0,0
MOBEAST019,F1,Inflow,Table 1,2024-06-02,18:00:00,NA,Microtrichaceae,0.0038,DNA,NA,0,-1.500000000000004e-4,0.00395
MOBEAST019,F1,Inflow,Table 1,2024-06-02,18:00:00,NA,Moraxellaceae,0,DNA,NA,0,0,0
MOBEAST019,F1,Inflow,Table 1,2024-06-02,18:00:00,NA,NS7_marine_group,4e-4,DNA,NA,0,-1.5000000000000001e-4,5.5e-4
MOBEAST019,F1,Inflow,Table 1,2024-06-02,18:00:00,NA,NS9_marine_group,0.00349999999999999,DNA,NA,0,4.999999999999536e-5,0.0034499999999999947
MOBEAST019,F1,Inflow,Table 1,2024-06-02,18:00:00,NA,Nannocystaceae,1e-4,DNA,NA,0,-9.999999999999998e-5,1.9999999999999998e-4
MOBEAST019,F1,Inflow,Table 1,2024-06-02,18:00:00,NA,Nitrincolaceae,0.0014,DNA,NA,0,-8.499999999999998e-4,0.00225
MOBEAST019,F1,Inflow,Table 1,2024-06-02,18:00:00,NA,Nitrosopumilaceae,7e-4,DNA,NA,0,2.5e-4,4.5e-4
MOBEAST019,F1,Inflow,Table 1,2024-06-02,18:00:00,NA,OM182_clade_fa,0.004,DNA,NA,0,2.000000000000001e-4,0.0038
MOBEAST019,F1,Inflow,Table 1,2024-06-02,18:00:00,NA,Oleiphilaceae,6e-4,DNA,NA,0,-1.9999999999999998e-4,7.999999999999999e-4
MOBEAST019,F1,Inflow,Table 1,2024-06-02,18:00:00,NA,Oligoflexaceae,5e-4,DNA,NA,0,5.000000000000002e-5,4.5e-4
MOBEAST019,F1,Inflow,Table 1,2024-06-02,18:00:00,NA,Pirellulaceae,0.0034,DNA,NA,0,4.499999999999999e-4,0.00295
MOBEAST019,F1,Inflow,Table 1,2024-06-02,18:00:00,NA,Piscirickettsiaceae,4e-4,DNA,NA,0,0,4e-4
MOBEAST019,F1,Inflow,Table 1,2024-06-02,18:00:00,NA,Prolixibacteraceae,0,DNA,NA,0,0,0
MOBEAST019,F1,Inflow,Table 1,2024-06-02,18:00:00,NA,Proteobacteria_unclassified,0.0016,DNA,NA,0,0,0.0016
MOBEAST019,F1,Inflow,Table 1,2024-06-02,18:00:00,NA,Pseudoalteromonadaceae,0,DNA,NA,0,-5e-4,5e-4
MOBEAST019,F1,Inflow,Table 1,2024-06-02,18:00:00,NA,Pseudohongiellaceae,0.0021,DNA,NA,0,2.499999999999998e-4,0.00185
MOBEAST019,F1,Inflow,Table 1,2024-06-02,18:00:00,NA,Pseudomonadaceae,0,DNA,NA,0,0,0
MOBEAST019,F1,Inflow,Table 1,2024-06-02,18:00:00,NA,Puniceicoccaceae,0,DNA,NA,0,0,0
MOBEAST019,F1,Inflow,Table 1,2024-06-02,18:00:00,NA,Rhizobiaceae,0,DNA,NA,0,0,0
MOBEAST019,F1,Inflow,Table 1,2024-06-02,18:00:00,NA,Rhodobacteraceae,0.0642,DNA,NA,0,0.001799999999999996,0.0624
MOBEAST019,F1,Inflow,Table 1,2024-06-02,18:00:00,NA,Rhodospirillaceae,0,DNA,NA,0,0,0
MOBEAST019,F1,Inflow,Table 1,2024-06-02,18:00:00,NA,Rubinisphaeraceae,5e-4,DNA,NA,0,-1.0000000000000005e-4,6.000000000000001e-4
MOBEAST019,F1,Inflow,Table 1,2024-06-02,18:00:00,NA,S25-593,7e-4,DNA,NA,0,-9.999999999999994e-5,7.999999999999999e-4
MOBEAST019,F1,Inflow,Table 1,2024-06-02,18:00:00,NA,SAR116_clade,0.0389,DNA,NA,0,-0.0016500000000000056,0.04055
MOBEAST019,F1,Inflow,Table 1,2024-06-02,18:00:00,NA,SAR202_clade_fa,4e-4,DNA,NA,0,9.999999999999999e-5,3.0000000000000003e-4
MOBEAST019,F1,Inflow,Table 1,2024-06-02,18:00:00,NA,SAR324_clade(Marine_group_B)_fa,8e-4,DNA,NA,0,1.5000000000000007e-4,6.5e-4
MOBEAST019,F1,Inflow,Table 1,2024-06-02,18:00:00,NA,SAR86_clade_fa,0.0411,DNA,NA,0,0.0011999999999999997,0.0399
MOBEAST019,F1,Inflow,Table 1,2024-06-02,18:00:00,NA,Saprospiraceae,0,DNA,NA,0,0,0
MOBEAST019,F1,Inflow,Table 1,2024-06-02,18:00:00,NA,Sphingomonadaceae,0,DNA,NA,0,0,0
MOBEAST019,F1,Inflow,Table 1,2024-06-02,18:00:00,NA,Spirochaetaceae,0,DNA,NA,0,0,0
MOBEAST019,F1,Inflow,Table 1,2024-06-02,18:00:00,NA,Spongiibacteraceae,0,DNA,NA,0,0,0
MOBEAST019,F1,Inflow,Table 1,2024-06-02,18:00:00,NA,Stappiaceae,0,DNA,NA,0,0,0
MOBEAST019,F1,Inflow,Table 1,2024-06-02,18:00:00,NA,Terasakiellaceae,0,DNA,NA,0,0,0
MOBEAST019,F1,Inflow,Table 1,2024-06-02,18:00:00,NA,Thalassospiraceae,0,DNA,NA,0,0,0
MOBEAST019,F1,Inflow,Table 1,2024-06-02,18:00:00,NA,Thiomicrospiraceae,0,DNA,NA,0,0,0
MOBEAST019,F1,Inflow,Table 1,2024-06-02,18:00:00,NA,Vibrionaceae,0.0028,DNA,NA,0,3.9999999999999975e-4,0.0024000000000000002
MOBEAST019,F1,Inflow,Table 1,2024-06-02,18:00:00,NA,Woesearchaeia_fa,0,DNA,NA,0,-2.5e-4,2.5e-4
MOBEAST019,F1,Inflow,Table 1,2024-06-02,18:00:00,NA,uncultured_fa,0,DNA,NA,0,-2e-4,2e-4
MOBEAST020,F2,Inflow,Table 2,2024-06-02,18:00:00,NA,het_bact,463.927,FCM,cell/µL,0,9.488500000000045,454.4385
MOBEAST020,F2,Inflow,Table 2,2024-06-02,18:00:00,NA,pico_euk,1.997,FCM,cell/µL,0,-0.1180000000000001,2.115
MOBEAST020,F2,Inflow,Table 2,2024-06-02,18:00:00,NA,syn,120.899,FCM,cell/µL,0,0.6244999999999976,120.2745
MOBEAST020,F2,Inflow,Table 2,2024-06-02,18:00:00,NA,pro,12.28,FCM,cell/µL,0,0.15649999999999942,12.1235
MOBEAST020,F2,Inflow,Table 2,2024-06-02,18:00:00,NA,tot_bact,597.105,FCM,cell/µL,0,10.269000000000005,586.836
MOBEAST020,F2,Inflow,Table 2,2024-06-02,18:00:00,NA,cyano,133.17899999999997,FCM,cell/µL,0,0.7809999999999775,132.398
MOBEAST020,F2,Inflow,Table 2,2024-06-02,18:00:00,NA,chla_conc,0.02879999999999999,chla,µg/L,0,-0.077,0.10579999999999999
MOBEAST020,F2,Inflow,Table 2,2024-06-02,18:00:00,NA,tn_u_m,10.8490936480399,DOC,µmol/L,0,-2.629455903246299,13.4785495512862
MOBEAST020,F2,Inflow,Table 2,2024-06-02,18:00:00,NA,coble_a,0.00820952535832342,fDOM,R.U.,0,-7.051705836775054e-4,0.008914695942000925
MOBEAST020,F2,Inflow,Table 2,2024-06-02,18:00:00,NA,coble_b,0.0310021377847819,fDOM,R.U.,0,-2.878833363438964e-4,0.0312900211211258
MOBEAST020,F2,Inflow,Table 2,2024-06-02,18:00:00,NA,coble_c,0.00564098860058841,fDOM,R.U.,0,1.4317781503330601e-5,0.0056266708190850796
MOBEAST020,F2,Inflow,Table 2,2024-06-02,18:00:00,NA,coble_m,0.00956289601103543,fDOM,R.U.,0,-3.2702321888658514e-4,0.009889919229922016
MOBEAST020,F2,Inflow,Table 2,2024-06-02,18:00:00,NA,coble_t,0.0341886755913544,fDOM,R.U.,0,-0.015115846492509452,0.04930452208386385
MOBEAST020,F2,Inflow,Table 2,2024-06-02,18:00:00,NA,m_to_c,1.6952517879646003,fDOM,R.U.,0,-0.06259325834056173,1.757845046305162
MOBEAST020,F2,Inflow,Table 2,2024-06-02,18:00:00,NA,bix,0.741155663559568,fDOM,R.U.,0,-0.07850988019147653,0.8196655437510445
MOBEAST020,F2,Inflow,Table 2,2024-06-02,18:00:00,NA,hix,0.723935431233357,fDOM,R.U.,0,0.11295180401067006,0.610983627222687
MOBEAST020,F2,Inflow,Table 2,2024-06-02,18:00:00,NA,fpeak,0.0123931740910441,fDOM,R.U.,0,-0.0090301045891007,0.0214232786801448
MOBEAST020,F2,Inflow,Table 2,2024-06-02,18:00:00,NA,fi,2.0658626169228,fDOM,R.U.,0,-0.08884448944099521,2.1547071063637953
MOBEAST020,F2,Inflow,Table 2,2024-06-02,18:00:00,NA,lignin,0.00812624189546666,fDOM,R.U.,0,-0.01691109516692977,0.025037337062396428
MOBEAST020,F2,Inflow,Table 2,2024-06-02,18:00:00,NA,N_N,0.8,nutrients,µmol/L,0,-0.14749999999999996,0.9475
MOBEAST020,F2,Inflow,Table 2,2024-06-02,18:00:00,NA,NO2,0.1499436334,nutrients,µmol/L,0,0.029929460414999998,0.120014172985
MOBEAST020,F2,Inflow,Table 2,2024-06-02,18:00:00,NA,PO4,0.077,nutrients,µmol/L,0,-0.008739566165000004,0.085739566165
MOBEAST020,F2,Inflow,Table 2,2024-06-02,18:00:00,NA,SiO2,0.2073184772,nutrients,µmol/L,0,0.0986592386,0.10865923859999999
MOBEAST020,F2,Inflow,Table 2,2024-06-02,18:00:00,NA,NH3,0.4430445612,nutrients,µmol/L,0,0.09390527035000001,0.34913929085
MOBEAST020,F2,Inflow,Table 2,2024-06-02,18:00:00,NA,NO3,0.6500563666000001,nutrients,µmol/L,0,-0.17742946041499996,0.8274858270150001
MOBEAST020,F2,Inflow,Table 2,2024-06-02,18:00:00,NA,ph_diff,0,carbonate,NA,0,0,0
MOBEAST020,F2,Inflow,Table 2,2024-06-02,18:00:00,NA,delta_ta,0,carbonate,NA,0,0,0
MOBEAST020,F2,Inflow,Table 2,2024-06-02,18:00:00,NA,ta,2326.905,carbonate,NA,0,-10.833000000000084,2337.7380000000003
MOBEAST020,F2,Inflow,Table 2,2024-06-02,18:00:00,NA,ph,8.052809146653267,carbonate,NA,0,-0.0022389512879943396,8.055048097941262
MOBEAST020,F2,Inflow,Table 2,2024-06-02,18:00:00,NA,AEGEAN-169_marine_group,0.0269,DNA,NA,0,5.999999999999998e-4,0.0263
MOBEAST020,F2,Inflow,Table 2,2024-06-02,18:00:00,NA,Actinomarinaceae,0.014,DNA,NA,0,-0.0012000000000000014,0.015200000000000002
MOBEAST020,F2,Inflow,Table 2,2024-06-02,18:00:00,NA,Alcanivoracaceae,0,DNA,NA,0,0,0
MOBEAST020,F2,Inflow,Table 2,2024-06-02,18:00:00,NA,Alphaproteobacteria_unclassified,0,DNA,NA,0,0,0
MOBEAST020,F2,Inflow,Table 2,2024-06-02,18:00:00,NA,Alteromonadaceae,0.03859999999999999,DNA,NA,0,0.013999999999999995,0.024599999999999993
MOBEAST020,F2,Inflow,Table 2,2024-06-02,18:00:00,NA,Alteromonadales_unclassified,0,DNA,NA,0,0,0
MOBEAST020,F2,Inflow,Table 2,2024-06-02,18:00:00,NA,Anaerolineae_unclassified,0,DNA,NA,0,0,0
MOBEAST020,F2,Inflow,Table 2,2024-06-02,18:00:00,NA,Arcobacteraceae,0,DNA,NA,0,0,0
MOBEAST020,F2,Inflow,Table 2,2024-06-02,18:00:00,NA,Arctic97B-4_marine_group_fa,0.0021,DNA,NA,0,5.000000000000013e-5,0.0020499999999999997
MOBEAST020,F2,Inflow,Table 2,2024-06-02,18:00:00,NA,Arenicellaceae,4e-4,DNA,NA,0,2e-4,2e-4
MOBEAST020,F2,Inflow,Table 2,2024-06-02,18:00:00,NA,Bacteria_unclassified,0,DNA,NA,0,0,0
MOBEAST020,F2,Inflow,Table 2,2024-06-02,18:00:00,NA,Bacteriovoracaceae,0,DNA,NA,0,0,0
MOBEAST020,F2,Inflow,Table 2,2024-06-02,18:00:00,NA,Bacteroidales_unclassified,0,DNA,NA,0,0,0
MOBEAST020,F2,Inflow,Table 2,2024-06-02,18:00:00,NA,Bacteroidetes_BD2-2,0,DNA,NA,0,0,0
MOBEAST020,F2,Inflow,Table 2,2024-06-02,18:00:00,NA,Bacteroidia_unclassified,0,DNA,NA,0,0,0
MOBEAST020,F2,Inflow,Table 2,2024-06-02,18:00:00,NA,Bradymonadales_fa,0,DNA,NA,0,0,0
MOBEAST020,F2,Inflow,Table 2,2024-06-02,18:00:00,NA,Campylobacterales_unclassified,0,DNA,NA,0,0,0
MOBEAST020,F2,Inflow,Table 2,2024-06-02,18:00:00,NA,Campylobacteria_unclassified,0,DNA,NA,0,0,0
MOBEAST020,F2,Inflow,Table 2,2024-06-02,18:00:00,NA,Cellvibrionaceae,8e-4,DNA,NA,0,2.5e-4,5.5e-4
MOBEAST020,F2,Inflow,Table 2,2024-06-02,18:00:00,NA,Clade_I,0.0331,DNA,NA,0,0.0022999999999999965,0.0308
MOBEAST020,F2,Inflow,Table 2,2024-06-02,18:00:00,NA,Clade_II,0.0112,DNA,NA,0,-1.499999999999991e-4,0.011349999999999999
MOBEAST020,F2,Inflow,Table 2,2024-06-02,18:00:00,NA,Clade_IV,0.0011,DNA,NA,0,-1.0000000000000005e-4,0.0012000000000000001
MOBEAST020,F2,Inflow,Table 2,2024-06-02,18:00:00,NA,Colwelliaceae,0,DNA,NA,0,0,0
MOBEAST020,F2,Inflow,Table 2,2024-06-02,18:00:00,NA,Cryomorphaceae,0.0052,DNA,NA,0,5.500000000000001e-4,0.00465
MOBEAST020,F2,Inflow,Table 2,2024-06-02,18:00:00,NA,Cyanobiaceae,0.4751,DNA,NA,0,4.0000000000001146e-4,0.4747
MOBEAST020,F2,Inflow,Table 2,2024-06-02,18:00:00,NA,Cyclobacteriaceae,0.0013,DNA,NA,0,5.499999999999999e-4,7.5e-4
MOBEAST020,F2,Inflow,Table 2,2024-06-02,18:00:00,NA,Deltaproteobacteria_unclassified,0,DNA,NA,0,0,0
MOBEAST020,F2,Inflow,Table 2,2024-06-02,18:00:00,NA,Desulfovibrionaceae,0,DNA,NA,0,0,0
MOBEAST020,F2,Inflow,Table 2,2024-06-02,18:00:00,NA,Desulfuromonadaceae,0,DNA,NA,0,0,0
MOBEAST020,F2,Inflow,Table 2,2024-06-02,18:00:00,NA,Ectothiorhodospiraceae,8e-4,DNA,NA,0,-4.000000000000001e-4,0.0012000000000000001
MOBEAST020,F2,Inflow,Table 2,2024-06-02,18:00:00,NA,Endozoicomonadaceae,6e-4,DNA,NA,0,-1.0000000000000005e-4,7e-4
MOBEAST020,F2,Inflow,Table 2,2024-06-02,18:00:00,NA,Flavobacteriaceae,0.0683,DNA,NA,0,0.006500000000000006,0.061799999999999994
MOBEAST020,F2,Inflow,Table 2,2024-06-02,18:00:00,NA,Francisellaceae,0,DNA,NA,0,0,0
MOBEAST020,F2,Inflow,Table 2,2024-06-02,18:00:00,NA,Halieaceae,0.02099999999999999,DNA,NA,0,0.001399999999999995,0.019599999999999996
MOBEAST020,F2,Inflow,Table 2,2024-06-02,18:00:00,NA,Halomonadaceae,0,DNA,NA,0,0,0
MOBEAST020,F2,Inflow,Table 2,2024-06-02,18:00:00,NA,Helicobacteraceae,0,DNA,NA,0,0,0
MOBEAST020,F2,Inflow,Table 2,2024-06-02,18:00:00,NA,Hyphomonadaceae,0,DNA,NA,0,0,0
MOBEAST020,F2,Inflow,Table 2,2024-06-02,18:00:00,NA,Idiomarinaceae,0,DNA,NA,0,0,0
MOBEAST020,F2,Inflow,Table 2,2024-06-02,18:00:00,NA,JGI_0000069-P22_fa,0.0018,DNA,NA,0,7.000000000000001e-4,0.0010999999999999998
MOBEAST020,F2,Inflow,Table 2,2024-06-02,18:00:00,NA,KI89A_clade_fa,0,DNA,NA,0,-3e-4,3e-4
MOBEAST020,F2,Inflow,Table 2,2024-06-02,18:00:00,NA,Kiritimatiellaceae,0,DNA,NA,0,0,0
MOBEAST020,F2,Inflow,Table 2,2024-06-02,18:00:00,NA,Leptotrichiaceae,0,DNA,NA,0,0,0
MOBEAST020,F2,Inflow,Table 2,2024-06-02,18:00:00,NA,Litoricolaceae,0.0033,DNA,NA,0,-3.5000000000000005e-4,0.00365
MOBEAST020,F2,Inflow,Table 2,2024-06-02,18:00:00,NA,Marine_Group_II_fa,0.04819999999999999,DNA,NA,0,0.00315,0.04504999999999999
MOBEAST020,F2,Inflow,Table 2,2024-06-02,18:00:00,NA,Marinifilaceae,0,DNA,NA,0,0,0
MOBEAST020,F2,Inflow,Table 2,2024-06-02,18:00:00,NA,Marinilabiliaceae,0,DNA,NA,0,0,0
MOBEAST020,F2,Inflow,Table 2,2024-06-02,18:00:00,NA,Marinimicrobia_(SAR406_clade)_fa,0.0077,DNA,NA,0,9.500000000000003e-4,0.00675
MOBEAST020,F2,Inflow,Table 2,2024-06-02,18:00:00,NA,Marinobacteraceae,0,DNA,NA,0,0,0
MOBEAST020,F2,Inflow,Table 2,2024-06-02,18:00:00,NA,Marinomonadaceae,0,DNA,NA,0,0,0
MOBEAST020,F2,Inflow,Table 2,2024-06-02,18:00:00,NA,Methylophilaceae,0.0047,DNA,NA,0,-0.0012500000000000002,0.00595
MOBEAST020,F2,Inflow,Table 2,2024-06-02,18:00:00,NA,Micavibrionaceae,0,DNA,NA,0,0,0
MOBEAST020,F2,Inflow,Table 2,2024-06-02,18:00:00,NA,Microtrichaceae,0.0041,DNA,NA,0,1.4999999999999996e-4,0.00395
MOBEAST020,F2,Inflow,Table 2,2024-06-02,18:00:00,NA,Moraxellaceae,0,DNA,NA,0,0,0
MOBEAST020,F2,Inflow,Table 2,2024-06-02,18:00:00,NA,NS7_marine_group,7e-4,DNA,NA,0,1.4999999999999996e-4,5.5e-4
MOBEAST020,F2,Inflow,Table 2,2024-06-02,18:00:00,NA,NS9_marine_group,0.0034,DNA,NA,0,-4.999999999999493e-5,0.0034499999999999947
MOBEAST020,F2,Inflow,Table 2,2024-06-02,18:00:00,NA,Nannocystaceae,3e-4,DNA,NA,0,9.999999999999999e-5,1.9999999999999998e-4
MOBEAST020,F2,Inflow,Table 2,2024-06-02,18:00:00,NA,Nitrincolaceae,0.0031,DNA,NA,0,8.500000000000001e-4,0.00225
MOBEAST020,F2,Inflow,Table 2,2024-06-02,18:00:00,NA,Nitrosopumilaceae,2e-4,DNA,NA,0,-2.5e-4,4.5e-4
MOBEAST020,F2,Inflow,Table 2,2024-06-02,18:00:00,NA,OM182_clade_fa,0.0036,DNA,NA,0,-2.000000000000001e-4,0.0038
MOBEAST020,F2,Inflow,Table 2,2024-06-02,18:00:00,NA,Oleiphilaceae,0.001,DNA,NA,0,2.000000000000001e-4,7.999999999999999e-4
MOBEAST020,F2,Inflow,Table 2,2024-06-02,18:00:00,NA,Oligoflexaceae,4e-4,DNA,NA,0,-4.999999999999997e-5,4.5e-4
MOBEAST020,F2,Inflow,Table 2,2024-06-02,18:00:00,NA,Pirellulaceae,0.0025,DNA,NA,0,-4.499999999999999e-4,0.00295
MOBEAST020,F2,Inflow,Table 2,2024-06-02,18:00:00,NA,Piscirickettsiaceae,4e-4,DNA,NA,0,0,4e-4
MOBEAST020,F2,Inflow,Table 2,2024-06-02,18:00:00,NA,Prolixibacteraceae,0,DNA,NA,0,0,0
MOBEAST020,F2,Inflow,Table 2,2024-06-02,18:00:00,NA,Proteobacteria_unclassified,0.0016,DNA,NA,0,0,0.0016
MOBEAST020,F2,Inflow,Table 2,2024-06-02,18:00:00,NA,Pseudoalteromonadaceae,0.001,DNA,NA,0,5e-4,5e-4
MOBEAST020,F2,Inflow,Table 2,2024-06-02,18:00:00,NA,Pseudohongiellaceae,0.0016,DNA,NA,0,-2.5e-4,0.00185
MOBEAST020,F2,Inflow,Table 2,2024-06-02,18:00:00,NA,Pseudomonadaceae,0,DNA,NA,0,0,0
MOBEAST020,F2,Inflow,Table 2,2024-06-02,18:00:00,NA,Puniceicoccaceae,0,DNA,NA,0,0,0
MOBEAST020,F2,Inflow,Table 2,2024-06-02,18:00:00,NA,Rhizobiaceae,0,DNA,NA,0,0,0
MOBEAST020,F2,Inflow,Table 2,2024-06-02,18:00:00,NA,Rhodobacteraceae,0.0606,DNA,NA,0,-0.001799999999999996,0.0624
MOBEAST020,F2,Inflow,Table 2,2024-06-02,18:00:00,NA,Rhodospirillaceae,0,DNA,NA,0,0,0
MOBEAST020,F2,Inflow,Table 2,2024-06-02,18:00:00,NA,Rubinisphaeraceae,7e-4,DNA,NA,0,9.999999999999994e-5,6.000000000000001e-4
MOBEAST020,F2,Inflow,Table 2,2024-06-02,18:00:00,NA,S25-593,9e-4,DNA,NA,0,1.0000000000000005e-4,7.999999999999999e-4
MOBEAST020,F2,Inflow,Table 2,2024-06-02,18:00:00,NA,SAR116_clade,0.0422,DNA,NA,0,0.0016499999999999987,0.04055
MOBEAST020,F2,Inflow,Table 2,2024-06-02,18:00:00,NA,SAR202_clade_fa,2e-4,DNA,NA,0,-1.0000000000000002e-4,3.0000000000000003e-4
MOBEAST020,F2,Inflow,Table 2,2024-06-02,18:00:00,NA,SAR324_clade(Marine_group_B)_fa,5e-4,DNA,NA,0,-1.4999999999999996e-4,6.5e-4
MOBEAST020,F2,Inflow,Table 2,2024-06-02,18:00:00,NA,SAR86_clade_fa,0.0387,DNA,NA,0,-0.0011999999999999997,0.0399
MOBEAST020,F2,Inflow,Table 2,2024-06-02,18:00:00,NA,Saccharospirillaceae,0.0342,DNA,NA,0,0,0.0342
MOBEAST020,F2,Inflow,Table 2,2024-06-02,18:00:00,NA,Saprospiraceae,0,DNA,NA,0,0,0
MOBEAST020,F2,Inflow,Table 2,2024-06-02,18:00:00,NA,Sphingomonadaceae,0,DNA,NA,0,0,0
MOBEAST020,F2,Inflow,Table 2,2024-06-02,18:00:00,NA,Spirochaetaceae,0,DNA,NA,0,0,0
MOBEAST020,F2,Inflow,Table 2,2024-06-02,18:00:00,NA,Spongiibacteraceae,0,DNA,NA,0,0,0
MOBEAST020,F2,Inflow,Table 2,2024-06-02,18:00:00,NA,Stappiaceae,0,DNA,NA,0,0,0
MOBEAST020,F2,Inflow,Table 2,2024-06-02,18:00:00,NA,Terasakiellaceae,0,DNA,NA,0,0,0
MOBEAST020,F2,Inflow,Table 2,2024-06-02,18:00:00,NA,Thalassospiraceae,0,DNA,NA,0,0,0
MOBEAST020,F2,Inflow,Table 2,2024-06-02,18:00:00,NA,Thiomicrospiraceae,0,DNA,NA,0,0,0
MOBEAST020,F2,Inflow,Table 2,2024-06-02,18:00:00,NA,Vibrionaceae,0.002,DNA,NA,0,-4.000000000000002e-4,0.0024000000000000002
MOBEAST020,F2,Inflow,Table 2,2024-06-02,18:00:00,NA,Woesearchaeia_fa,5e-4,DNA,NA,0,2.5e-4,2.5e-4
MOBEAST020,F2,Inflow,Table 2,2024-06-02,18:00:00,NA,uncultured_fa,4e-4,DNA,NA,0,2e-4,2e-4
MOBEAST021,T1,Algae,Table 2,2024-06-02,18:00:00,7.7,het_bact,562.895,FCM,cell/µL,0,108.4565,454.4385
MOBEAST021,T1,Algae,Table 2,2024-06-02,18:00:00,7.7,pico_euk,1.98,FCM,cell/µL,0,-0.13500000000000023,2.115
MOBEAST021,T1,Algae,Table 2,2024-06-02,18:00:00,7.7,syn,99.218,FCM,cell/µL,0,-21.0565,120.2745
MOBEAST021,T1,Algae,Table 2,2024-06-02,18:00:00,7.7,pro,18.769,FCM,cell/µL,0,6.645499999999998,12.1235
MOBEAST021,T1,Algae,Table 2,2024-06-02,18:00:00,7.7,tot_bact,680.882,FCM,cell/µL,0,94.04599999999994,586.836
MOBEAST021,T1,Algae,Table 2,2024-06-02,18:00:00,7.7,cyano,117.98699999999997,FCM,cell/µL,0,-14.41100000000003,132.398
MOBEAST021,T1,Algae,Table 2,2024-06-02,18:00:00,7.7,chla_conc,0.0748,chla,µg/L,0,-0.030999999999999986,0.10579999999999999
MOBEAST021,T1,Algae,Table 2,2024-06-02,18:00:00,7.7,tn_u_m,11.1139668872754,DOC,µmol/L,0,-2.3645826640108005,13.4785495512862
MOBEAST021,T1,Algae,Table 2,2024-06-02,18:00:00,7.7,coble_a,0.010027685357668,fDOM,R.U.,0,0.0011129894156670754,0.008914695942000925
MOBEAST021,T1,Algae,Table 2,2024-06-02,18:00:00,7.7,coble_b,0.0439651384661811,fDOM,R.U.,0,0.012675117345055303,0.0312900211211258
MOBEAST021,T1,Algae,Table 2,2024-06-02,18:00:00,7.7,coble_c,0.00948268515764913,fDOM,R.U.,0,0.0038560143385640497,0.0056266708190850796
MOBEAST021,T1,Algae,Table 2,2024-06-02,18:00:00,7.7,coble_m,0.0126113492378811,fDOM,R.U.,0,0.0027214300079590834,0.009889919229922016
MOBEAST021,T1,Algae,Table 2,2024-06-02,18:00:00,7.7,coble_t,0.0395453582158987,fDOM,R.U.,0,-0.009759163867965152,0.04930452208386385
MOBEAST021,T1,Algae,Table 2,2024-06-02,18:00:00,7.7,m_to_c,1.329934404466467,fDOM,R.U.,0,-0.4279106418386951,1.757845046305162
MOBEAST021,T1,Algae,Table 2,2024-06-02,18:00:00,7.7,bix,0.849847397289607,fDOM,R.U.,0,0.03018185353856251,0.8196655437510445
MOBEAST021,T1,Algae,Table 2,2024-06-02,18:00:00,7.7,hix,0.724200625401542,fDOM,R.U.,0,0.113216998178855,0.610983627222687
MOBEAST021,T1,Algae,Table 2,2024-06-02,18:00:00,7.7,fpeak,0.0235533491981077,fDOM,R.U.,0,0.002130070517962903,0.0214232786801448
MOBEAST021,T1,Algae,Table 2,2024-06-02,18:00:00,7.7,fi,1.89420382433882,fDOM,R.U.,0,-0.2605032820249753,2.1547071063637953
MOBEAST021,T1,Algae,Table 2,2024-06-02,18:00:00,7.7,lignin,0.00918419440636502,fDOM,R.U.,0,-0.01585314265603141,0.025037337062396428
MOBEAST021,T1,Algae,Table 2,2024-06-02,18:00:00,7.7,N_N,0.306,nutrients,µmol/L,0,-0.6415,0.9475
MOBEAST021,T1,Algae,Table 2,2024-06-02,18:00:00,7.7,NO2,0.08363127556,nutrients,µmol/L,0,-0.036382897425000005,0.120014172985
MOBEAST021,T1,Algae,Table 2,2024-06-02,18:00:00,7.7,PO4,0.08018384997,nutrients,µmol/L,0,-0.0055557161950000045,0.085739566165
MOBEAST021,T1,Algae,Table 2,2024-06-02,18:00:00,7.7,SiO2,0.08669681774,nutrients,µmol/L,0,-0.021962420859999984,0.10865923859999999
MOBEAST021,T1,Algae,Table 2,2024-06-02,18:00:00,7.7,NH3,0.3178655571,nutrients,µmol/L,0,-0.03127373375000003,0.34913929085
MOBEAST021,T1,Algae,Table 2,2024-06-02,18:00:00,7.7,NO3,0.22236872444,nutrients,µmol/L,0,-0.6051171025750001,0.8274858270150001
MOBEAST021,T1,Algae,Table 2,2024-06-02,18:00:00,7.7,do_mg_l,3.82,residence time,NA,0,NA,NA
MOBEAST021,T1,Algae,Table 2,2024-06-02,18:00:00,7.7,ta,2370.89,carbonate,NA,0,33.15199999999959,2337.7380000000003
MOBEAST021,T1,Algae,Table 2,2024-06-02,18:00:00,7.7,dic_mmol_kg,2041.9107577699608,residence time,NA,0,NA,NA
MOBEAST021,T1,Algae,Table 2,2024-06-02,18:00:00,7.7,ph,8.012972776183116,carbonate,NA,0,-0.04207532175814599,8.055048097941262
MOBEAST021,T1,Algae,Table 2,2024-06-02,18:00:00,7.7,AEGEAN-169_marine_group,0.0203,DNA,NA,0,-0.006000000000000002,0.0263
MOBEAST021,T1,Algae,Table 2,2024-06-02,18:00:00,7.7,Actinomarinaceae,0.0144,DNA,NA,0,-8.000000000000021e-4,0.015200000000000002
MOBEAST021,T1,Algae,Table 2,2024-06-02,18:00:00,7.7,Alcanivoracaceae,0,DNA,NA,0,0,0
MOBEAST021,T1,Algae,Table 2,2024-06-02,18:00:00,7.7,Alphaproteobacteria_unclassified,0.0101,DNA,NA,0,0.0101,0
MOBEAST021,T1,Algae,Table 2,2024-06-02,18:00:00,7.7,Alteromonadaceae,0.01289999999999999,DNA,NA,0,-0.011700000000000004,0.024599999999999993
MOBEAST021,T1,Algae,Table 2,2024-06-02,18:00:00,7.7,Alteromonadales_unclassified,0.00269999999999999,DNA,NA,0,0.00269999999999999,0
MOBEAST021,T1,Algae,Table 2,2024-06-02,18:00:00,7.7,Anaerolineae_unclassified,3e-4,DNA,NA,0,3e-4,0
MOBEAST021,T1,Algae,Table 2,2024-06-02,18:00:00,7.7,Arcobacteraceae,0.0123,DNA,NA,0,0.0123,0
MOBEAST021,T1,Algae,Table 2,2024-06-02,18:00:00,7.7,Arctic97B-4_marine_group_fa,0.0018,DNA,NA,0,-2.499999999999998e-4,0.0020499999999999997
MOBEAST021,T1,Algae,Table 2,2024-06-02,18:00:00,7.7,Arenicellaceae,0.0011,DNA,NA,0,9.000000000000001e-4,2e-4
MOBEAST021,T1,Algae,Table 2,2024-06-02,18:00:00,7.7,Bacteria_unclassified,0.001,DNA,NA,0,0.001,0
MOBEAST021,T1,Algae,Table 2,2024-06-02,18:00:00,7.7,Bacteriovoracaceae,0.0011,DNA,NA,0,0.0011,0
MOBEAST021,T1,Algae,Table 2,2024-06-02,18:00:00,7.7,Bacteroidetes_BD2-2,2e-4,DNA,NA,0,2e-4,0
MOBEAST021,T1,Algae,Table 2,2024-06-02,18:00:00,7.7,Bacteroidia_unclassified,0,DNA,NA,0,0,0
MOBEAST021,T1,Algae,Table 2,2024-06-02,18:00:00,7.7,Bradymonadales_fa,0,DNA,NA,0,0,0
MOBEAST021,T1,Algae,Table 2,2024-06-02,18:00:00,7.7,Campylobacterales_unclassified,9e-4,DNA,NA,0,9e-4,0
MOBEAST021,T1,Algae,Table 2,2024-06-02,18:00:00,7.7,Campylobacteria_unclassified,7e-4,DNA,NA,0,7e-4,0
MOBEAST021,T1,Algae,Table 2,2024-06-02,18:00:00,7.7,Cellvibrionaceae,0.0126,DNA,NA,0,0.01205,5.5e-4
MOBEAST021,T1,Algae,Table 2,2024-06-02,18:00:00,7.7,Clade_I,0.02399999999999999,DNA,NA,0,-0.006800000000000011,0.0308
MOBEAST021,T1,Algae,Table 2,2024-06-02,18:00:00,7.7,Clade_II,0.0086,DNA,NA,0,-0.002749999999999999,0.011349999999999999
MOBEAST021,T1,Algae,Table 2,2024-06-02,18:00:00,7.7,Clade_IV,4e-4,DNA,NA,0,-8.000000000000001e-4,0.0012000000000000001
MOBEAST021,T1,Algae,Table 2,2024-06-02,18:00:00,7.7,Colwelliaceae,0,DNA,NA,0,0,0
MOBEAST021,T1,Algae,Table 2,2024-06-02,18:00:00,7.7,Cryomorphaceae,0.004,DNA,NA,0,-6.499999999999995e-4,0.00465
MOBEAST021,T1,Algae,Table 2,2024-06-02,18:00:00,7.7,Cyanobiaceae,0.4699,DNA,NA,0,-0.0048000000000000265,0.4747
MOBEAST021,T1,Algae,Table 2,2024-06-02,18:00:00,7.7,Cyclobacteriaceae,7e-4,DNA,NA,0,-5.000000000000002e-5,7.5e-4
MOBEAST021,T1,Algae,Table 2,2024-06-02,18:00:00,7.7,Deltaproteobacteria_unclassified,0,DNA,NA,0,0,0
MOBEAST021,T1,Algae,Table 2,2024-06-02,18:00:00,7.7,Desulfovibrionaceae,0.0012,DNA,NA,0,0.0012,0
MOBEAST021,T1,Algae,Table 2,2024-06-02,18:00:00,7.7,Desulfuromonadaceae,8e-4,DNA,NA,0,8e-4,0
MOBEAST021,T1,Algae,Table 2,2024-06-02,18:00:00,7.7,Ectothiorhodospiraceae,0.0011,DNA,NA,0,-1.0000000000000005e-4,0.0012000000000000001
MOBEAST021,T1,Algae,Table 2,2024-06-02,18:00:00,7.7,Endozoicomonadaceae,7e-4,DNA,NA,0,0,7e-4
MOBEAST021,T1,Algae,Table 2,2024-06-02,18:00:00,7.7,Flavobacteriaceae,0.0423,DNA,NA,0,-0.019499999999999997,0.061799999999999994
MOBEAST021,T1,Algae,Table 2,2024-06-02,18:00:00,7.7,Francisellaceae,0.001,DNA,NA,0,0.001,0
MOBEAST021,T1,Algae,Table 2,2024-06-02,18:00:00,7.7,Gammaproteobacteria_unclassified,0.0178,DNA,NA,0,0.015099999999999999,0.0027
MOBEAST021,T1,Algae,Table 2,2024-06-02,18:00:00,7.7,Halieaceae,0.013,DNA,NA,0,-0.0065999999999999965,0.019599999999999996
MOBEAST021,T1,Algae,Table 2,2024-06-02,18:00:00,7.7,Halomonadaceae,8e-4,DNA,NA,0,8e-4,0
MOBEAST021,T1,Algae,Table 2,2024-06-02,18:00:00,7.7,Helicobacteraceae,2e-4,DNA,NA,0,2e-4,0
MOBEAST021,T1,Algae,Table 2,2024-06-02,18:00:00,7.7,Hyphomonadaceae,0.0057,DNA,NA,0,0.0057,0
MOBEAST021,T1,Algae,Table 2,2024-06-02,18:00:00,7.7,Idiomarinaceae,0,DNA,NA,0,0,0
MOBEAST021,T1,Algae,Table 2,2024-06-02,18:00:00,7.7,JGI_0000069-P22_fa,0,DNA,NA,0,-0.0010999999999999998,0.0010999999999999998
MOBEAST021,T1,Algae,Table 2,2024-06-02,18:00:00,7.7,KI89A_clade_fa,0,DNA,NA,0,-3e-4,3e-4
MOBEAST021,T1,Algae,Table 2,2024-06-02,18:00:00,7.7,Kiritimatiellaceae,0.001,DNA,NA,0,0.001,0
MOBEAST021,T1,Algae,Table 2,2024-06-02,18:00:00,7.7,Leptotrichiaceae,0.001,DNA,NA,0,0.001,0
MOBEAST021,T1,Algae,Table 2,2024-06-02,18:00:00,7.7,Litoricolaceae,0.002,DNA,NA,0,-0.00165,0.00365
MOBEAST021,T1,Algae,Table 2,2024-06-02,18:00:00,7.7,Marine_Group_II_fa,0.0189,DNA,NA,0,-0.026149999999999993,0.04504999999999999
MOBEAST021,T1,Algae,Table 2,2024-06-02,18:00:00,7.7,Marinifilaceae,0,DNA,NA,0,0,0
MOBEAST021,T1,Algae,Table 2,2024-06-02,18:00:00,7.7,Marinilabiliaceae,5e-4,DNA,NA,0,5e-4,0
MOBEAST021,T1,Algae,Table 2,2024-06-02,18:00:00,7.7,Marinimicrobia_(SAR406_clade)_fa,0.004,DNA,NA,0,-0.00275,0.00675
MOBEAST021,T1,Algae,Table 2,2024-06-02,18:00:00,7.7,Marinobacteraceae,0,DNA,NA,0,0,0
MOBEAST021,T1,Algae,Table 2,2024-06-02,18:00:00,7.7,Marinomonadaceae,0,DNA,NA,0,0,0
MOBEAST021,T1,Algae,Table 2,2024-06-02,18:00:00,7.7,Methylophilaceae,0.0071,DNA,NA,0,0.00115,0.00595
MOBEAST021,T1,Algae,Table 2,2024-06-02,18:00:00,7.7,Micavibrionaceae,0.0017,DNA,NA,0,0.0017,0
MOBEAST021,T1,Algae,Table 2,2024-06-02,18:00:00,7.7,Microtrichaceae,0.0043,DNA,NA,0,3.499999999999996e-4,0.00395
MOBEAST021,T1,Algae,Table 2,2024-06-02,18:00:00,7.7,Moraxellaceae,0,DNA,NA,0,0,0
MOBEAST021,T1,Algae,Table 2,2024-06-02,18:00:00,7.7,NS7_marine_group,1e-4,DNA,NA,0,-4.5000000000000004e-4,5.5e-4
MOBEAST021,T1,Algae,Table 2,2024-06-02,18:00:00,7.7,NS9_marine_group,0.0028,DNA,NA,0,-6.499999999999948e-4,0.0034499999999999947
MOBEAST021,T1,Algae,Table 2,2024-06-02,18:00:00,7.7,Nannocystaceae,4e-4,DNA,NA,0,2.0000000000000004e-4,1.9999999999999998e-4
MOBEAST021,T1,Algae,Table 2,2024-06-02,18:00:00,7.7,Nitrincolaceae,0.01449999999999999,DNA,NA,0,0.01224999999999999,0.00225
MOBEAST021,T1,Algae,Table 2,2024-06-02,18:00:00,7.7,Nitrosopumilaceae,4e-4,DNA,NA,0,-4.999999999999997e-5,4.5e-4
MOBEAST021,T1,Algae,Table 2,2024-06-02,18:00:00,7.7,OM182_clade_fa,0.0015,DNA,NA,0,-0.0023,0.0038
MOBEAST021,T1,Algae,Table 2,2024-06-02,18:00:00,7.7,Oleiphilaceae,0.0014,DNA,NA,0,6.000000000000001e-4,7.999999999999999e-4
MOBEAST021,T1,Algae,Table 2,2024-06-02,18:00:00,7.7,Oligoflexaceae,0.0017,DNA,NA,0,0.0012499999999999998,4.5e-4
MOBEAST021,T1,Algae,Table 2,2024-06-02,18:00:00,7.7,Pirellulaceae,0.002,DNA,NA,0,-9.499999999999999e-4,0.00295
MOBEAST021,T1,Algae,Table 2,2024-06-02,18:00:00,7.7,Piscirickettsiaceae,2e-4,DNA,NA,0,-2e-4,4e-4
MOBEAST021,T1,Algae,Table 2,2024-06-02,18:00:00,7.7,Prolixibacteraceae,0,DNA,NA,0,0,0
MOBEAST021,T1,Algae,Table 2,2024-06-02,18:00:00,7.7,Proteobacteria_unclassified,5e-4,DNA,NA,0,-0.0011,0.0016
MOBEAST021,T1,Algae,Table 2,2024-06-02,18:00:00,7.7,Pseudoalteromonadaceae,0.001,DNA,NA,0,5e-4,5e-4
MOBEAST021,T1,Algae,Table 2,2024-06-02,18:00:00,7.7,Pseudohongiellaceae,0.0017,DNA,NA,0,-1.5000000000000018e-4,0.00185
MOBEAST021,T1,Algae,Table 2,2024-06-02,18:00:00,7.7,Pseudomonadaceae,3e-4,DNA,NA,0,3e-4,0
MOBEAST021,T1,Algae,Table 2,2024-06-02,18:00:00,7.7,Puniceicoccaceae,3e-4,DNA,NA,0,3e-4,0
MOBEAST021,T1,Algae,Table 2,2024-06-02,18:00:00,7.7,Rhizobiaceae,0,DNA,NA,0,0,0
MOBEAST021,T1,Algae,Table 2,2024-06-02,18:00:00,7.7,Rhodobacteraceae,0.10439999999999998,DNA,NA,0,0.04199999999999998,0.0624
MOBEAST021,T1,Algae,Table 2,2024-06-02,18:00:00,7.7,Rhodospirillaceae,2e-4,DNA,NA,0,2e-4,0
MOBEAST021,T1,Algae,Table 2,2024-06-02,18:00:00,7.7,Rubinisphaeraceae,4e-4,DNA,NA,0,-2.0000000000000004e-4,6.000000000000001e-4
MOBEAST021,T1,Algae,Table 2,2024-06-02,18:00:00,7.7,S25-593,0.0011,DNA,NA,0,3.0000000000000014e-4,7.999999999999999e-4
MOBEAST021,T1,Algae,Table 2,2024-06-02,18:00:00,7.7,SAR116_clade,0.0299,DNA,NA,0,-0.010650000000000003,0.04055
MOBEAST021,T1,Algae,Table 2,2024-06-02,18:00:00,7.7,SAR202_clade_fa,1e-4,DNA,NA,0,-2.0000000000000004e-4,3.0000000000000003e-4
MOBEAST021,T1,Algae,Table 2,2024-06-02,18:00:00,7.7,SAR86_clade_fa,0.0298,DNA,NA,0,-0.010099999999999998,0.0399
MOBEAST021,T1,Algae,Table 2,2024-06-02,18:00:00,7.7,Saccharospirillaceae,0.01189999999999999,DNA,NA,0,-0.02230000000000001,0.0342
MOBEAST021,T1,Algae,Table 2,2024-06-02,18:00:00,7.7,Saprospiraceae,0,DNA,NA,0,0,0
MOBEAST021,T1,Algae,Table 2,2024-06-02,18:00:00,7.7,Sphingomonadaceae,7e-4,DNA,NA,0,7e-4,0
MOBEAST021,T1,Algae,Table 2,2024-06-02,18:00:00,7.7,Spirochaetaceae,2e-4,DNA,NA,0,2e-4,0
MOBEAST021,T1,Algae,Table 2,2024-06-02,18:00:00,7.7,Spongiibacteraceae,7e-4,DNA,NA,0,7e-4,0
MOBEAST021,T1,Algae,Table 2,2024-06-02,18:00:00,7.7,Stappiaceae,4e-4,DNA,NA,0,4e-4,0
MOBEAST021,T1,Algae,Table 2,2024-06-02,18:00:00,7.7,Terasakiellaceae,0.0011,DNA,NA,0,0.0011,0
MOBEAST021,T1,Algae,Table 2,2024-06-02,18:00:00,7.7,Thiomicrospiraceae,0.0011,DNA,NA,0,0.0011,0
MOBEAST021,T1,Algae,Table 2,2024-06-02,18:00:00,7.7,Vibrionaceae,0.0088,DNA,NA,0,0.0064,0.0024000000000000002
MOBEAST021,T1,Algae,Table 2,2024-06-02,18:00:00,7.7,Woesearchaeia_fa,0,DNA,NA,0,-2.5e-4,2.5e-4
MOBEAST021,T1,Algae,Table 2,2024-06-02,18:00:00,7.7,uncultured_fa,0,DNA,NA,0,-2e-4,2e-4
MOBEAST022,T2,CCA,Table 2,2024-06-02,18:00:00,1.5666666666666669,het_bact,402.817,FCM,cell/µL,0,-51.62149999999997,454.4385
MOBEAST022,T2,CCA,Table 2,2024-06-02,18:00:00,1.5666666666666669,pico_euk,1.817,FCM,cell/µL,0,-0.29800000000000026,2.115
MOBEAST022,T2,CCA,Table 2,2024-06-02,18:00:00,1.5666666666666669,syn,93.617,FCM,cell/µL,0,-26.6575,120.2745
MOBEAST022,T2,CCA,Table 2,2024-06-02,18:00:00,1.5666666666666669,pro,9.7,FCM,cell/µL,0,-2.4235000000000007,12.1235
MOBEAST022,T2,CCA,Table 2,2024-06-02,18:00:00,1.5666666666666669,tot_bact,506.133,FCM,cell/µL,0,-80.70300000000003,586.836
MOBEAST022,T2,CCA,Table 2,2024-06-02,18:00:00,1.5666666666666669,cyano,103.317,FCM,cell/µL,0,-29.081000000000003,132.398
MOBEAST022,T2,CCA,Table 2,2024-06-02,18:00:00,1.5666666666666669,chla_conc,0.02279999999999999,chla,µg/L,0,-0.083,0.10579999999999999
MOBEAST022,T2,CCA,Table 2,2024-06-02,18:00:00,1.5666666666666669,tn_u_m,11.0297214904296,DOC,µmol/L,0,-2.4488280608566004,13.4785495512862
MOBEAST022,T2,CCA,Table 2,2024-06-02,18:00:00,1.5666666666666669,coble_a,0.00989730526578994,fDOM,R.U.,0,9.826093237890153e-4,0.008914695942000925
MOBEAST022,T2,CCA,Table 2,2024-06-02,18:00:00,1.5666666666666669,coble_b,0.0493559048596402,fDOM,R.U.,0,0.0180658837385144,0.0312900211211258
MOBEAST022,T2,CCA,Table 2,2024-06-02,18:00:00,1.5666666666666669,coble_c,0.00927075708610054,fDOM,R.U.,0,0.0036440862670154596,0.0056266708190850796
MOBEAST022,T2,CCA,Table 2,2024-06-02,18:00:00,1.5666666666666669,coble_m,0.0112867140867675,fDOM,R.U.,0,0.0013967948568454833,0.009889919229922016
MOBEAST022,T2,CCA,Table 2,2024-06-02,18:00:00,1.5666666666666669,coble_t,0.04995288497511,fDOM,R.U.,0,6.483628912461528e-4,0.04930452208386385
MOBEAST022,T2,CCA,Table 2,2024-06-02,18:00:00,1.5666666666666669,m_to_c,1.2174533300726262,fDOM,R.U.,0,-0.5403917162325358,1.757845046305162
MOBEAST022,T2,CCA,Table 2,2024-06-02,18:00:00,1.5666666666666669,bix,0.795391962143761,fDOM,R.U.,0,-0.024273581607283545,0.8196655437510445
MOBEAST022,T2,CCA,Table 2,2024-06-02,18:00:00,1.5666666666666669,hix,0.618034421618206,fDOM,R.U.,0,0.007050794395519033,0.610983627222687
MOBEAST022,T2,CCA,Table 2,2024-06-02,18:00:00,1.5666666666666669,fpeak,0.0507273536225054,fDOM,R.U.,0,0.0293040749423606,0.0214232786801448
MOBEAST022,T2,CCA,Table 2,2024-06-02,18:00:00,1.5666666666666669,fi,1.92840254200873,fDOM,R.U.,0,-0.22630456435506519,2.1547071063637953
MOBEAST022,T2,CCA,Table 2,2024-06-02,18:00:00,1.5666666666666669,lignin,0.0182500389213102,fDOM,R.U.,0,-0.006787298141086227,0.025037337062396428
MOBEAST022,T2,CCA,Table 2,2024-06-02,18:00:00,1.5666666666666669,N_N,0.589,nutrients,µmol/L,0,-0.35850000000000004,0.9475
MOBEAST022,T2,CCA,Table 2,2024-06-02,18:00:00,1.5666666666666669,NO2,0.08303861298,nutrients,µmol/L,0,-0.036975560005000005,0.120014172985
MOBEAST022,T2,CCA,Table 2,2024-06-02,18:00:00,1.5666666666666669,PO4,0.077,nutrients,µmol/L,0,-0.008739566165000004,0.085739566165
MOBEAST022,T2,CCA,Table 2,2024-06-02,18:00:00,1.5666666666666669,SiO2,0.01,nutrients,µmol/L,0,-0.09865923859999999,0.10865923859999999
MOBEAST022,T2,CCA,Table 2,2024-06-02,18:00:00,1.5666666666666669,NH3,0.4558230761,nutrients,µmol/L,0,0.10668378525,0.34913929085
MOBEAST022,T2,CCA,Table 2,2024-06-02,18:00:00,1.5666666666666669,NO3,0.5059613870199999,nutrients,µmol/L,0,-0.32152443999500013,0.8274858270150001
MOBEAST022,T2,CCA,Table 2,2024-06-02,18:00:00,1.5666666666666669,ph_diff,-0.04756588684787566,carbonate,NA,0,-0.04756588684787566,0
MOBEAST022,T2,CCA,Table 2,2024-06-02,18:00:00,1.5666666666666669,delta_ta,9.974999999999907,carbonate,NA,0,9.974999999999907,0
MOBEAST022,T2,CCA,Table 2,2024-06-02,18:00:00,1.5666666666666669,do_mg_l,4.11,residence time,NA,0,NA,NA
MOBEAST022,T2,CCA,Table 2,2024-06-02,18:00:00,1.5666666666666669,ta,2336.88,carbonate,NA,0,-0.8580000000001746,2337.7380000000003
MOBEAST022,T2,CCA,Table 2,2024-06-02,18:00:00,1.5666666666666669,dic_mmol_kg,2020.2330768745664,residence time,NA,0,NA,NA
MOBEAST022,T2,CCA,Table 2,2024-06-02,18:00:00,1.5666666666666669,ph,7.999641320246168,carbonate,NA,0,-0.05540677769509372,8.055048097941262
MOBEAST022,T2,CCA,Table 2,2024-06-02,18:00:00,1.5666666666666669,AEGEAN-169_marine_group,0.0124,DNA,NA,0,-0.013900000000000001,0.0263
MOBEAST022,T2,CCA,Table 2,2024-06-02,18:00:00,1.5666666666666669,Actinomarinaceae,0.0102,DNA,NA,0,-0.005000000000000001,0.015200000000000002
MOBEAST022,T2,CCA,Table 2,2024-06-02,18:00:00,1.5666666666666669,Alcanivoracaceae,0,DNA,NA,0,0,0
MOBEAST022,T2,CCA,Table 2,2024-06-02,18:00:00,1.5666666666666669,Alphaproteobacteria_unclassified,0.0113,DNA,NA,0,0.0113,0
MOBEAST022,T2,CCA,Table 2,2024-06-02,18:00:00,1.5666666666666669,Alteromonadaceae,0.02439999999999999,DNA,NA,0,-2.0000000000000226e-4,0.024599999999999993
MOBEAST022,T2,CCA,Table 2,2024-06-02,18:00:00,1.5666666666666669,Alteromonadales_unclassified,0.0251,DNA,NA,0,0.0251,0
MOBEAST022,T2,CCA,Table 2,2024-06-02,18:00:00,1.5666666666666669,Arcobacteraceae,0.0658,DNA,NA,0,0.0658,0
MOBEAST022,T2,CCA,Table 2,2024-06-02,18:00:00,1.5666666666666669,Arctic97B-4_marine_group_fa,0.001,DNA,NA,0,-0.0010499999999999997,0.0020499999999999997
MOBEAST022,T2,CCA,Table 2,2024-06-02,18:00:00,1.5666666666666669,Arenicellaceae,0.0015,DNA,NA,0,0.0013,2e-4
MOBEAST022,T2,CCA,Table 2,2024-06-02,18:00:00,1.5666666666666669,Bacteria_unclassified,0.0023,DNA,NA,0,0.0023,0
MOBEAST022,T2,CCA,Table 2,2024-06-02,18:00:00,1.5666666666666669,Bacteriovoracaceae,0.0025,DNA,NA,0,0.0025,0
MOBEAST022,T2,CCA,Table 2,2024-06-02,18:00:00,1.5666666666666669,Bacteroidales_unclassified,0,DNA,NA,0,0,0
MOBEAST022,T2,CCA,Table 2,2024-06-02,18:00:00,1.5666666666666669,Bacteroidetes_BD2-2,0.0014,DNA,NA,0,0.0014,0
MOBEAST022,T2,CCA,Table 2,2024-06-02,18:00:00,1.5666666666666669,Bacteroidia_unclassified,8e-4,DNA,NA,0,8e-4,0
MOBEAST022,T2,CCA,Table 2,2024-06-02,18:00:00,1.5666666666666669,Bradymonadales_fa,0,DNA,NA,0,0,0
MOBEAST022,T2,CCA,Table 2,2024-06-02,18:00:00,1.5666666666666669,Campylobacterales_unclassified,2e-4,DNA,NA,0,2e-4,0
MOBEAST022,T2,CCA,Table 2,2024-06-02,18:00:00,1.5666666666666669,Campylobacteria_unclassified,0.0026,DNA,NA,0,0.0026,0
MOBEAST022,T2,CCA,Table 2,2024-06-02,18:00:00,1.5666666666666669,Cellvibrionaceae,0.00439999999999999,DNA,NA,0,0.0038499999999999897,5.5e-4
MOBEAST022,T2,CCA,Table 2,2024-06-02,18:00:00,1.5666666666666669,Clade_I,0.015,DNA,NA,0,-0.0158,0.0308
MOBEAST022,T2,CCA,Table 2,2024-06-02,18:00:00,1.5666666666666669,Clade_II,0.0061,DNA,NA,0,-0.005249999999999999,0.011349999999999999
MOBEAST022,T2,CCA,Table 2,2024-06-02,18:00:00,1.5666666666666669,Clade_IV,8e-4,DNA,NA,0,-4.000000000000001e-4,0.0012000000000000001
MOBEAST022,T2,CCA,Table 2,2024-06-02,18:00:00,1.5666666666666669,Colwelliaceae,9e-4,DNA,NA,0,9e-4,0
MOBEAST022,T2,CCA,Table 2,2024-06-02,18:00:00,1.5666666666666669,Cryomorphaceae,0.0028,DNA,NA,0,-0.0018499999999999996,0.00465
MOBEAST022,T2,CCA,Table 2,2024-06-02,18:00:00,1.5666666666666669,Cyanobiaceae,0.4115,DNA,NA,0,-0.06320000000000003,0.4747
MOBEAST022,T2,CCA,Table 2,2024-06-02,18:00:00,1.5666666666666669,Cyclobacteriaceae,5e-4,DNA,NA,0,-2.5e-4,7.5e-4
MOBEAST022,T2,CCA,Table 2,2024-06-02,18:00:00,1.5666666666666669,Deltaproteobacteria_unclassified,0,DNA,NA,0,0,0
MOBEAST022,T2,CCA,Table 2,2024-06-02,18:00:00,1.5666666666666669,Desulfovibrionaceae,0.0026,DNA,NA,0,0.0026,0
MOBEAST022,T2,CCA,Table 2,2024-06-02,18:00:00,1.5666666666666669,Desulfuromonadaceae,0.0018,DNA,NA,0,0.0018,0
MOBEAST022,T2,CCA,Table 2,2024-06-02,18:00:00,1.5666666666666669,Ectothiorhodospiraceae,6e-4,DNA,NA,0,-6.000000000000002e-4,0.0012000000000000001
MOBEAST022,T2,CCA,Table 2,2024-06-02,18:00:00,1.5666666666666669,Endozoicomonadaceae,0.001,DNA,NA,0,3.0000000000000003e-4,7e-4
MOBEAST022,T2,CCA,Table 2,2024-06-02,18:00:00,1.5666666666666669,Flavobacteriaceae,0.036,DNA,NA,0,-0.025799999999999997,0.061799999999999994
MOBEAST022,T2,CCA,Table 2,2024-06-02,18:00:00,1.5666666666666669,Francisellaceae,0.00159999999999999,DNA,NA,0,0.00159999999999999,0
MOBEAST022,T2,CCA,Table 2,2024-06-02,18:00:00,1.5666666666666669,Gammaproteobacteria_unclassified,0,DNA,NA,0,-0.0027,0.0027
MOBEAST022,T2,CCA,Table 2,2024-06-02,18:00:00,1.5666666666666669,Halieaceae,0.0049,DNA,NA,0,-0.014699999999999996,0.019599999999999996
MOBEAST022,T2,CCA,Table 2,2024-06-02,18:00:00,1.5666666666666669,Halomonadaceae,0,DNA,NA,0,0,0
MOBEAST022,T2,CCA,Table 2,2024-06-02,18:00:00,1.5666666666666669,Helicobacteraceae,6e-4,DNA,NA,0,6e-4,0
MOBEAST022,T2,CCA,Table 2,2024-06-02,18:00:00,1.5666666666666669,Hyphomonadaceae,0.0011,DNA,NA,0,0.0011,0
MOBEAST022,T2,CCA,Table 2,2024-06-02,18:00:00,1.5666666666666669,Idiomarinaceae,0,DNA,NA,0,0,0
MOBEAST022,T2,CCA,Table 2,2024-06-02,18:00:00,1.5666666666666669,JGI_0000069-P22_fa,0.0013,DNA,NA,0,2.000000000000001e-4,0.0010999999999999998
MOBEAST022,T2,CCA,Table 2,2024-06-02,18:00:00,1.5666666666666669,KI89A_clade_fa,0,DNA,NA,0,-3e-4,3e-4
MOBEAST022,T2,CCA,Table 2,2024-06-02,18:00:00,1.5666666666666669,Kiritimatiellaceae,0.00159999999999999,DNA,NA,0,0.00159999999999999,0
MOBEAST022,T2,CCA,Table 2,2024-06-02,18:00:00,1.5666666666666669,Leptotrichiaceae,0.0015,DNA,NA,0,0.0015,0
MOBEAST022,T2,CCA,Table 2,2024-06-02,18:00:00,1.5666666666666669,Litoricolaceae,0.0016,DNA,NA,0,-0.0020499999999999997,0.00365
MOBEAST022,T2,CCA,Table 2,2024-06-02,18:00:00,1.5666666666666669,Marine_Group_II_fa,0.0166,DNA,NA,0,-0.028449999999999993,0.04504999999999999
MOBEAST022,T2,CCA,Table 2,2024-06-02,18:00:00,1.5666666666666669,Marinifilaceae,0,DNA,NA,0,0,0
MOBEAST022,T2,CCA,Table 2,2024-06-02,18:00:00,1.5666666666666669,Marinilabiliaceae,0.0032,DNA,NA,0,0.0032,0
MOBEAST022,T2,CCA,Table 2,2024-06-02,18:00:00,1.5666666666666669,Marinimicrobia_(SAR406_clade)_fa,0.0042,DNA,NA,0,-0.00255,0.00675
MOBEAST022,T2,CCA,Table 2,2024-06-02,18:00:00,1.5666666666666669,Marinobacteraceae,0,DNA,NA,0,0,0
MOBEAST022,T2,CCA,Table 2,2024-06-02,18:00:00,1.5666666666666669,Marinomonadaceae,0,DNA,NA,0,0,0
MOBEAST022,T2,CCA,Table 2,2024-06-02,18:00:00,1.5666666666666669,Methylophilaceae,0.0036,DNA,NA,0,-0.0023500000000000005,0.00595
MOBEAST022,T2,CCA,Table 2,2024-06-02,18:00:00,1.5666666666666669,Micavibrionaceae,0.001,DNA,NA,0,0.001,0
MOBEAST022,T2,CCA,Table 2,2024-06-02,18:00:00,1.5666666666666669,Microtrichaceae,0.0027,DNA,NA,0,-0.0012500000000000002,0.00395
MOBEAST022,T2,CCA,Table 2,2024-06-02,18:00:00,1.5666666666666669,Moraxellaceae,0,DNA,NA,0,0,0
MOBEAST022,T2,CCA,Table 2,2024-06-02,18:00:00,1.5666666666666669,NS7_marine_group,5e-4,DNA,NA,0,-5.000000000000002e-5,5.5e-4
MOBEAST022,T2,CCA,Table 2,2024-06-02,18:00:00,1.5666666666666669,NS9_marine_group,0.0017,DNA,NA,0,-0.0017499999999999948,0.0034499999999999947
MOBEAST022,T2,CCA,Table 2,2024-06-02,18:00:00,1.5666666666666669,Nannocystaceae,2e-4,DNA,NA,0,2.710505431213761e-20,1.9999999999999998e-4
MOBEAST022,T2,CCA,Table 2,2024-06-02,18:00:00,1.5666666666666669,Nitrincolaceae,0.0366,DNA,NA,0,0.03435,0.00225
MOBEAST022,T2,CCA,Table 2,2024-06-02,18:00:00,1.5666666666666669,Nitrosopumilaceae,0,DNA,NA,0,-4.5e-4,4.5e-4
MOBEAST022,T2,CCA,Table 2,2024-06-02,18:00:00,1.5666666666666669,OM182_clade_fa,0.001,DNA,NA,0,-0.0028,0.0038
MOBEAST022,T2,CCA,Table 2,2024-06-02,18:00:00,1.5666666666666669,Oleiphilaceae,7e-4,DNA,NA,0,-9.999999999999994e-5,7.999999999999999e-4
MOBEAST022,T2,CCA,Table 2,2024-06-02,18:00:00,1.5666666666666669,Oligoflexaceae,1e-4,DNA,NA,0,-3.5e-4,4.5e-4
MOBEAST022,T2,CCA,Table 2,2024-06-02,18:00:00,1.5666666666666669,Pirellulaceae,7e-4,DNA,NA,0,-0.00225,0.00295
MOBEAST022,T2,CCA,Table 2,2024-06-02,18:00:00,1.5666666666666669,Piscirickettsiaceae,1e-4,DNA,NA,0,-3.0000000000000003e-4,4e-4
MOBEAST022,T2,CCA,Table 2,2024-06-02,18:00:00,1.5666666666666669,Prolixibacteraceae,0,DNA,NA,0,0,0
MOBEAST022,T2,CCA,Table 2,2024-06-02,18:00:00,1.5666666666666669,Proteobacteria_unclassified,0.0018,DNA,NA,0,1.9999999999999987e-4,0.0016
MOBEAST022,T2,CCA,Table 2,2024-06-02,18:00:00,1.5666666666666669,Pseudoalteromonadaceae,6e-4,DNA,NA,0,9.999999999999994e-5,5e-4
MOBEAST022,T2,CCA,Table 2,2024-06-02,18:00:00,1.5666666666666669,Pseudohongiellaceae,0.001,DNA,NA,0,-8.500000000000001e-4,0.00185
MOBEAST022,T2,CCA,Table 2,2024-06-02,18:00:00,1.5666666666666669,Pseudomonadaceae,4e-4,DNA,NA,0,4e-4,0
MOBEAST022,T2,CCA,Table 2,2024-06-02,18:00:00,1.5666666666666669,Puniceicoccaceae,0,DNA,NA,0,0,0
MOBEAST022,T2,CCA,Table 2,2024-06-02,18:00:00,1.5666666666666669,Rhizobiaceae,0,DNA,NA,0,0,0
MOBEAST022,T2,CCA,Table 2,2024-06-02,18:00:00,1.5666666666666669,Rhodobacteraceae,0.1427,DNA,NA,0,0.0803,0.0624
MOBEAST022,T2,CCA,Table 2,2024-06-02,18:00:00,1.5666666666666669,Rubinisphaeraceae,8e-4,DNA,NA,0,1.9999999999999998e-4,6.000000000000001e-4
MOBEAST022,T2,CCA,Table 2,2024-06-02,18:00:00,1.5666666666666669,S25-593,3e-4,DNA,NA,0,-5e-4,7.999999999999999e-4
MOBEAST022,T2,CCA,Table 2,2024-06-02,18:00:00,1.5666666666666669,SAR116_clade,0.0154,DNA,NA,0,-0.025150000000000002,0.04055
MOBEAST022,T2,CCA,Table 2,2024-06-02,18:00:00,1.5666666666666669,SAR202_clade_fa,1e-4,DNA,NA,0,-2.0000000000000004e-4,3.0000000000000003e-4
MOBEAST022,T2,CCA,Table 2,2024-06-02,18:00:00,1.5666666666666669,SAR324_clade(Marine_group_B)_fa,0.0023,DNA,NA,0,0.00165,6.5e-4
MOBEAST022,T2,CCA,Table 2,2024-06-02,18:00:00,1.5666666666666669,SAR86_clade_fa,0.0185,DNA,NA,0,-0.0214,0.0399
MOBEAST022,T2,CCA,Table 2,2024-06-02,18:00:00,1.5666666666666669,Saccharospirillaceae,0.015,DNA,NA,0,-0.019200000000000002,0.0342
MOBEAST022,T2,CCA,Table 2,2024-06-02,18:00:00,1.5666666666666669,Sphingomonadaceae,0,DNA,NA,0,0,0
MOBEAST022,T2,CCA,Table 2,2024-06-02,18:00:00,1.5666666666666669,Spirochaetaceae,0.0038,DNA,NA,0,0.0038,0
MOBEAST022,T2,CCA,Table 2,2024-06-02,18:00:00,1.5666666666666669,Spongiibacteraceae,0,DNA,NA,0,0,0
MOBEAST022,T2,CCA,Table 2,2024-06-02,18:00:00,1.5666666666666669,Stappiaceae,6e-4,DNA,NA,0,6e-4,0
MOBEAST022,T2,CCA,Table 2,2024-06-02,18:00:00,1.5666666666666669,Terasakiellaceae,0.0011,DNA,NA,0,0.0011,0
MOBEAST022,T2,CCA,Table 2,2024-06-02,18:00:00,1.5666666666666669,Thalassospiraceae,8e-4,DNA,NA,0,8e-4,0
MOBEAST022,T2,CCA,Table 2,2024-06-02,18:00:00,1.5666666666666669,Thiomicrospiraceae,0,DNA,NA,0,0,0
MOBEAST022,T2,CCA,Table 2,2024-06-02,18:00:00,1.5666666666666669,Vibrionaceae,0.0315,DNA,NA,0,0.0291,0.0024000000000000002
MOBEAST022,T2,CCA,Table 2,2024-06-02,18:00:00,1.5666666666666669,Woesearchaeia_fa,0,DNA,NA,0,-2.5e-4,2.5e-4
MOBEAST022,T2,CCA,Table 2,2024-06-02,18:00:00,1.5666666666666669,uncultured_fa,0,DNA,NA,0,-2e-4,2e-4
MOBEAST023,T3,Control,Table 2,2024-06-02,18:00:00,3.816666666666667,het_bact,469.784,FCM,cell/µL,0,15.345500000000015,454.4385
MOBEAST023,T3,Control,Table 2,2024-06-02,18:00:00,3.816666666666667,pico_euk,2.363,FCM,cell/µL,0,0.24799999999999978,2.115
MOBEAST023,T3,Control,Table 2,2024-06-02,18:00:00,3.816666666666667,syn,129.351,FCM,cell/µL,0,9.076499999999996,120.2745
MOBEAST023,T3,Control,Table 2,2024-06-02,18:00:00,3.816666666666667,pro,10.216,FCM,cell/µL,0,-1.9075000000000006,12.1235
MOBEAST023,T3,Control,Table 2,2024-06-02,18:00:00,3.816666666666667,tot_bact,609.351,FCM,cell/µL,0,22.514999999999986,586.836
MOBEAST023,T3,Control,Table 2,2024-06-02,18:00:00,3.816666666666667,cyano,139.567,FCM,cell/µL,0,7.169000000000011,132.398
MOBEAST023,T3,Control,Table 2,2024-06-02,18:00:00,3.816666666666667,chla_conc,0.03,chla,µg/L,0,-0.07579999999999999,0.10579999999999999
MOBEAST023,T3,Control,Table 2,2024-06-02,18:00:00,3.816666666666667,tn_u_m,11.910014493064,DOC,µmol/L,0,-1.5685350582221993,13.4785495512862
MOBEAST023,T3,Control,Table 2,2024-06-02,18:00:00,3.816666666666667,coble_a,0.01037876327458,fDOM,R.U.,0,0.0014640673325790748,0.008914695942000925
MOBEAST023,T3,Control,Table 2,2024-06-02,18:00:00,3.816666666666667,coble_b,0.0289106904323535,fDOM,R.U.,0,-0.0023793306887722986,0.0312900211211258
MOBEAST023,T3,Control,Table 2,2024-06-02,18:00:00,3.816666666666667,coble_c,0.00669876016416284,fDOM,R.U.,0,0.0010720893450777607,0.0056266708190850796
MOBEAST023,T3,Control,Table 2,2024-06-02,18:00:00,3.816666666666667,coble_m,0.0125623217874888,fDOM,R.U.,0,0.0026724025575667835,0.009889919229922016
MOBEAST023,T3,Control,Table 2,2024-06-02,18:00:00,3.816666666666667,coble_t,0.0383274426956897,fDOM,R.U.,0,-0.010977079388174153,0.04930452208386385
MOBEAST023,T3,Control,Table 2,2024-06-02,18:00:00,3.816666666666667,m_to_c,1.8753204293975112,fDOM,R.U.,0,0.11747538309234917,1.757845046305162
MOBEAST023,T3,Control,Table 2,2024-06-02,18:00:00,3.816666666666667,bix,0.800204969080671,fDOM,R.U.,0,-0.019460574670373543,0.8196655437510445
MOBEAST023,T3,Control,Table 2,2024-06-02,18:00:00,3.816666666666667,hix,0.768079230294414,fDOM,R.U.,0,0.1570956030717271,0.610983627222687
MOBEAST023,T3,Control,Table 2,2024-06-02,18:00:00,3.816666666666667,fpeak,0.00141398922546794,fDOM,R.U.,0,-0.020009289454676858,0.0214232786801448
MOBEAST023,T3,Control,Table 2,2024-06-02,18:00:00,3.816666666666667,fi,2.18391127736469,fDOM,R.U.,0,0.029204171000894785,2.1547071063637953
MOBEAST023,T3,Control,Table 2,2024-06-02,18:00:00,3.816666666666667,lignin,0.0363378483026733,fDOM,R.U.,0,0.011300511240276874,0.025037337062396428
MOBEAST023,T3,Control,Table 2,2024-06-02,18:00:00,3.816666666666667,N_N,1.083,nutrients,µmol/L,0,0.13549999999999995,0.9475
MOBEAST023,T3,Control,Table 2,2024-06-02,18:00:00,3.816666666666667,NO2,0.1475071317,nutrients,µmol/L,0,0.027492958714999988,0.120014172985
MOBEAST023,T3,Control,Table 2,2024-06-02,18:00:00,3.816666666666667,PO4,0.0837833815,nutrients,µmol/L,0,-0.001956184664999999,0.085739566165
MOBEAST023,T3,Control,Table 2,2024-06-02,18:00:00,3.816666666666667,SiO2,0.1093133789,nutrients,µmol/L,0,6.541403000000084e-4,0.10865923859999999
MOBEAST023,T3,Control,Table 2,2024-06-02,18:00:00,3.816666666666667,NH3,2.430103622,nutrients,µmol/L,0,2.0809643311499997,0.34913929085
MOBEAST023,T3,Control,Table 2,2024-06-02,18:00:00,3.816666666666667,NO3,0.9354928683,nutrients,µmol/L,0,0.10800704128499994,0.8274858270150001
MOBEAST023,T3,Control,Table 2,2024-06-02,18:00:00,3.816666666666667,ph_diff,0.00181539999167945,carbonate,NA,0,0.00181539999167945,0
MOBEAST023,T3,Control,Table 2,2024-06-02,18:00:00,3.816666666666667,delta_ta,31.0949999999998,carbonate,NA,0,31.0949999999998,0
MOBEAST023,T3,Control,Table 2,2024-06-02,18:00:00,3.816666666666667,do_mg_l,4.18,residence time,NA,0,NA,NA
MOBEAST023,T3,Control,Table 2,2024-06-02,18:00:00,3.816666666666667,ta,2358,carbonate,NA,0,20.261999999999716,2337.7380000000003
MOBEAST023,T3,Control,Table 2,2024-06-02,18:00:00,3.816666666666667,dic_mmol_kg,2006.8214615727268,residence time,NA,0,NA,NA
MOBEAST023,T3,Control,Table 2,2024-06-02,18:00:00,3.816666666666667,ph,8.050557751134981,carbonate,NA,0,-0.004490346806280243,8.055048097941262
MOBEAST023,T3,Control,Table 2,2024-06-02,18:00:00,3.816666666666667,AEGEAN-169_marine_group,0.0116,DNA,NA,0,-0.014700000000000001,0.0263
MOBEAST023,T3,Control,Table 2,2024-06-02,18:00:00,3.816666666666667,Actinomarinaceae,0.0085,DNA,NA,0,-0.006700000000000001,0.015200000000000002
MOBEAST023,T3,Control,Table 2,2024-06-02,18:00:00,3.816666666666667,Alcanivoracaceae,2e-4,DNA,NA,0,2e-4,0
MOBEAST023,T3,Control,Table 2,2024-06-02,18:00:00,3.816666666666667,Alphaproteobacteria_unclassified,0.0132,DNA,NA,0,0.0132,0
MOBEAST023,T3,Control,Table 2,2024-06-02,18:00:00,3.816666666666667,Alteromonadaceae,0.0155,DNA,NA,0,-0.009099999999999994,0.024599999999999993
MOBEAST023,T3,Control,Table 2,2024-06-02,18:00:00,3.816666666666667,Alteromonadales_unclassified,0.0137,DNA,NA,0,0.0137,0
MOBEAST023,T3,Control,Table 2,2024-06-02,18:00:00,3.816666666666667,Arctic97B-4_marine_group_fa,3e-4,DNA,NA,0,-0.0017499999999999998,0.0020499999999999997
MOBEAST023,T3,Control,Table 2,2024-06-02,18:00:00,3.816666666666667,Arenicellaceae,0.0016,DNA,NA,0,0.0014,2e-4
MOBEAST023,T3,Control,Table 2,2024-06-02,18:00:00,3.816666666666667,Bacteria_unclassified,0,DNA,NA,0,0,0
MOBEAST023,T3,Control,Table 2,2024-06-02,18:00:00,3.816666666666667,Bacteriovoracaceae,0.0038,DNA,NA,0,0.0038,0
MOBEAST023,T3,Control,Table 2,2024-06-02,18:00:00,3.816666666666667,Bacteroidales_unclassified,0,DNA,NA,0,0,0
MOBEAST023,T3,Control,Table 2,2024-06-02,18:00:00,3.816666666666667,Bacteroidetes_BD2-2,3e-4,DNA,NA,0,3e-4,0
MOBEAST023,T3,Control,Table 2,2024-06-02,18:00:00,3.816666666666667,Bacteroidia_unclassified,1e-4,DNA,NA,0,1e-4,0
MOBEAST023,T3,Control,Table 2,2024-06-02,18:00:00,3.816666666666667,Bradymonadales_fa,0,DNA,NA,0,0,0
MOBEAST023,T3,Control,Table 2,2024-06-02,18:00:00,3.816666666666667,Campylobacterales_unclassified,0,DNA,NA,0,0,0
MOBEAST023,T3,Control,Table 2,2024-06-02,18:00:00,3.816666666666667,Campylobacteria_unclassified,0,DNA,NA,0,0,0
MOBEAST023,T3,Control,Table 2,2024-06-02,18:00:00,3.816666666666667,Cellvibrionaceae,0.0017,DNA,NA,0,0.00115,5.5e-4
MOBEAST023,T3,Control,Table 2,2024-06-02,18:00:00,3.816666666666667,Clade_I,0.0113,DNA,NA,0,-0.019500000000000003,0.0308
MOBEAST023,T3,Control,Table 2,2024-06-02,18:00:00,3.816666666666667,Clade_II,0.0041,DNA,NA,0,-0.007249999999999999,0.011349999999999999
MOBEAST023,T3,Control,Table 2,2024-06-02,18:00:00,3.816666666666667,Clade_IV,6e-4,DNA,NA,0,-6.000000000000002e-4,0.0012000000000000001
MOBEAST023,T3,Control,Table 2,2024-06-02,18:00:00,3.816666666666667,Colwelliaceae,0.001,DNA,NA,0,0.001,0
MOBEAST023,T3,Control,Table 2,2024-06-02,18:00:00,3.816666666666667,Cryomorphaceae,0.0022,DNA,NA,0,-0.0024499999999999995,0.00465
MOBEAST023,T3,Control,Table 2,2024-06-02,18:00:00,3.816666666666667,Cyanobiaceae,0.2672,DNA,NA,0,-0.20750000000000002,0.4747
MOBEAST023,T3,Control,Table 2,2024-06-02,18:00:00,3.816666666666667,Cyclobacteriaceae,1e-4,DNA,NA,0,-6.5e-4,7.5e-4
MOBEAST023,T3,Control,Table 2,2024-06-02,18:00:00,3.816666666666667,Deltaproteobacteria_unclassified,0,DNA,NA,0,0,0
MOBEAST023,T3,Control,Table 2,2024-06-02,18:00:00,3.816666666666667,Desulfovibrionaceae,0.0011,DNA,NA,0,0.0011,0
MOBEAST023,T3,Control,Table 2,2024-06-02,18:00:00,3.816666666666667,Desulfuromonadaceae,0.0024,DNA,NA,0,0.0024,0
MOBEAST023,T3,Control,Table 2,2024-06-02,18:00:00,3.816666666666667,Ectothiorhodospiraceae,6e-4,DNA,NA,0,-6.000000000000002e-4,0.0012000000000000001
MOBEAST023,T3,Control,Table 2,2024-06-02,18:00:00,3.816666666666667,Endozoicomonadaceae,5e-4,DNA,NA,0,-1.9999999999999998e-4,7e-4
MOBEAST023,T3,Control,Table 2,2024-06-02,18:00:00,3.816666666666667,Flavobacteriaceae,0.0344,DNA,NA,0,-0.027399999999999994,0.061799999999999994
MOBEAST023,T3,Control,Table 2,2024-06-02,18:00:00,3.816666666666667,Francisellaceae,0.0028,DNA,NA,0,0.0028,0
MOBEAST023,T3,Control,Table 2,2024-06-02,18:00:00,3.816666666666667,Gammaproteobacteria_unclassified,0.0029,DNA,NA,0,1.9999999999999966e-4,0.0027
MOBEAST023,T3,Control,Table 2,2024-06-02,18:00:00,3.816666666666667,Halieaceae,0.0054,DNA,NA,0,-0.014199999999999996,0.019599999999999996
MOBEAST023,T3,Control,Table 2,2024-06-02,18:00:00,3.816666666666667,Halomonadaceae,2e-4,DNA,NA,0,2e-4,0
MOBEAST023,T3,Control,Table 2,2024-06-02,18:00:00,3.816666666666667,Helicobacteraceae,7e-4,DNA,NA,0,7e-4,0
MOBEAST023,T3,Control,Table 2,2024-06-02,18:00:00,3.816666666666667,Hyphomonadaceae,6e-4,DNA,NA,0,6e-4,0
MOBEAST023,T3,Control,Table 2,2024-06-02,18:00:00,3.816666666666667,Idiomarinaceae,0,DNA,NA,0,0,0
MOBEAST023,T3,Control,Table 2,2024-06-02,18:00:00,3.816666666666667,JGI_0000069-P22_fa,0,DNA,NA,0,-0.0010999999999999998,0.0010999999999999998
MOBEAST023,T3,Control,Table 2,2024-06-02,18:00:00,3.816666666666667,KI89A_clade_fa,3e-4,DNA,NA,0,0,3e-4
MOBEAST023,T3,Control,Table 2,2024-06-02,18:00:00,3.816666666666667,Kiritimatiellaceae,0.0025,DNA,NA,0,0.0025,0
MOBEAST023,T3,Control,Table 2,2024-06-02,18:00:00,3.816666666666667,Leptotrichiaceae,0.0011,DNA,NA,0,0.0011,0
MOBEAST023,T3,Control,Table 2,2024-06-02,18:00:00,3.816666666666667,Litoricolaceae,0.001,DNA,NA,0,-0.00265,0.00365
MOBEAST023,T3,Control,Table 2,2024-06-02,18:00:00,3.816666666666667,Marine_Group_II_fa,0.016,DNA,NA,0,-0.029049999999999992,0.04504999999999999
MOBEAST023,T3,Control,Table 2,2024-06-02,18:00:00,3.816666666666667,Marinifilaceae,0,DNA,NA,0,0,0
MOBEAST023,T3,Control,Table 2,2024-06-02,18:00:00,3.816666666666667,Marinilabiliaceae,8e-4,DNA,NA,0,8e-4,0
MOBEAST023,T3,Control,Table 2,2024-06-02,18:00:00,3.816666666666667,Marinimicrobia_(SAR406_clade)_fa,0.0031,DNA,NA,0,-0.00365,0.00675
MOBEAST023,T3,Control,Table 2,2024-06-02,18:00:00,3.816666666666667,Marinobacteraceae,0,DNA,NA,0,0,0
MOBEAST023,T3,Control,Table 2,2024-06-02,18:00:00,3.816666666666667,Marinomonadaceae,0,DNA,NA,0,0,0
MOBEAST023,T3,Control,Table 2,2024-06-02,18:00:00,3.816666666666667,Methylophilaceae,0.0022,DNA,NA,0,-0.0037500000000000003,0.00595
MOBEAST023,T3,Control,Table 2,2024-06-02,18:00:00,3.816666666666667,Micavibrionaceae,9.000000000000001e-4,DNA,NA,0,9.000000000000001e-4,0
MOBEAST023,T3,Control,Table 2,2024-06-02,18:00:00,3.816666666666667,Microtrichaceae,0.002,DNA,NA,0,-0.0019500000000000003,0.00395
MOBEAST023,T3,Control,Table 2,2024-06-02,18:00:00,3.816666666666667,Moraxellaceae,0,DNA,NA,0,0,0
MOBEAST023,T3,Control,Table 2,2024-06-02,18:00:00,3.816666666666667,NS7_marine_group,4e-4,DNA,NA,0,-1.5000000000000001e-4,5.5e-4
MOBEAST023,T3,Control,Table 2,2024-06-02,18:00:00,3.816666666666667,NS9_marine_group,0.0024,DNA,NA,0,-0.001049999999999995,0.0034499999999999947
MOBEAST023,T3,Control,Table 2,2024-06-02,18:00:00,3.816666666666667,Nannocystaceae,0,DNA,NA,0,-1.9999999999999998e-4,1.9999999999999998e-4
MOBEAST023,T3,Control,Table 2,2024-06-02,18:00:00,3.816666666666667,Nitrincolaceae,0.0308,DNA,NA,0,0.028550000000000002,0.00225
MOBEAST023,T3,Control,Table 2,2024-06-02,18:00:00,3.816666666666667,Nitrosopumilaceae,0,DNA,NA,0,-4.5e-4,4.5e-4
MOBEAST023,T3,Control,Table 2,2024-06-02,18:00:00,3.816666666666667,OM182_clade_fa,9e-4,DNA,NA,0,-0.0029,0.0038
MOBEAST023,T3,Control,Table 2,2024-06-02,18:00:00,3.816666666666667,Oleiphilaceae,0,DNA,NA,0,-7.999999999999999e-4,7.999999999999999e-4
MOBEAST023,T3,Control,Table 2,2024-06-02,18:00:00,3.816666666666667,Oligoflexaceae,4e-4,DNA,NA,0,-4.999999999999997e-5,4.5e-4
MOBEAST023,T3,Control,Table 2,2024-06-02,18:00:00,3.816666666666667,Pirellulaceae,0.001,DNA,NA,0,-0.00195,0.00295
MOBEAST023,T3,Control,Table 2,2024-06-02,18:00:00,3.816666666666667,Piscirickettsiaceae,0,DNA,NA,0,-4e-4,4e-4
MOBEAST023,T3,Control,Table 2,2024-06-02,18:00:00,3.816666666666667,Prolixibacteraceae,0,DNA,NA,0,0,0
MOBEAST023,T3,Control,Table 2,2024-06-02,18:00:00,3.816666666666667,Proteobacteria_unclassified,0.0026,DNA,NA,0,9.999999999999998e-4,0.0016
MOBEAST023,T3,Control,Table 2,2024-06-02,18:00:00,3.816666666666667,Pseudoalteromonadaceae,0.0022,DNA,NA,0,0.0017000000000000001,5e-4
MOBEAST023,T3,Control,Table 2,2024-06-02,18:00:00,3.816666666666667,Pseudohongiellaceae,6e-4,DNA,NA,0,-0.0012500000000000002,0.00185
MOBEAST023,T3,Control,Table 2,2024-06-02,18:00:00,3.816666666666667,Puniceicoccaceae,0,DNA,NA,0,0,0
MOBEAST023,T3,Control,Table 2,2024-06-02,18:00:00,3.816666666666667,Rhizobiaceae,1e-4,DNA,NA,0,1e-4,0
MOBEAST023,T3,Control,Table 2,2024-06-02,18:00:00,3.816666666666667,Rhodobacteraceae,0.1007,DNA,NA,0,0.0383,0.0624
MOBEAST023,T3,Control,Table 2,2024-06-02,18:00:00,3.816666666666667,Rhodospirillaceae,6e-4,DNA,NA,0,6e-4,0
MOBEAST023,T3,Control,Table 2,2024-06-02,18:00:00,3.816666666666667,Rubinisphaeraceae,3e-4,DNA,NA,0,-3.000000000000001e-4,6.000000000000001e-4
MOBEAST023,T3,Control,Table 2,2024-06-02,18:00:00,3.816666666666667,S25-593,0,DNA,NA,0,-7.999999999999999e-4,7.999999999999999e-4
MOBEAST023,T3,Control,Table 2,2024-06-02,18:00:00,3.816666666666667,SAR116_clade,0.01429999999999999,DNA,NA,0,-0.026250000000000013,0.04055
MOBEAST023,T3,Control,Table 2,2024-06-02,18:00:00,3.816666666666667,SAR202_clade_fa,1e-4,DNA,NA,0,-2.0000000000000004e-4,3.0000000000000003e-4
MOBEAST023,T3,Control,Table 2,2024-06-02,18:00:00,3.816666666666667,SAR324_clade(Marine_group_B)_fa,2e-4,DNA,NA,0,-4.5e-4,6.5e-4
MOBEAST023,T3,Control,Table 2,2024-06-02,18:00:00,3.816666666666667,SAR86_clade_fa,0.0141,DNA,NA,0,-0.025799999999999997,0.0399
MOBEAST023,T3,Control,Table 2,2024-06-02,18:00:00,3.816666666666667,Saccharospirillaceae,0.01809999999999999,DNA,NA,0,-0.01610000000000001,0.0342
MOBEAST023,T3,Control,Table 2,2024-06-02,18:00:00,3.816666666666667,Sphingomonadaceae,0,DNA,NA,0,0,0
MOBEAST023,T3,Control,Table 2,2024-06-02,18:00:00,3.816666666666667,Spirochaetaceae,7e-4,DNA,NA,0,7e-4,0
MOBEAST023,T3,Control,Table 2,2024-06-02,18:00:00,3.816666666666667,Spongiibacteraceae,0,DNA,NA,0,0,0
MOBEAST023,T3,Control,Table 2,2024-06-02,18:00:00,3.816666666666667,Stappiaceae,3e-4,DNA,NA,0,3e-4,0
MOBEAST023,T3,Control,Table 2,2024-06-02,18:00:00,3.816666666666667,Terasakiellaceae,0.0025,DNA,NA,0,0.0025,0
MOBEAST023,T3,Control,Table 2,2024-06-02,18:00:00,3.816666666666667,Thalassospiraceae,1e-4,DNA,NA,0,1e-4,0
MOBEAST023,T3,Control,Table 2,2024-06-02,18:00:00,3.816666666666667,Thiomicrospiraceae,0,DNA,NA,0,0,0
MOBEAST023,T3,Control,Table 2,2024-06-02,18:00:00,3.816666666666667,Vibrionaceae,0.0416,DNA,NA,0,0.0392,0.0024000000000000002
MOBEAST023,T3,Control,Table 2,2024-06-02,18:00:00,3.816666666666667,Woesearchaeia_fa,0,DNA,NA,0,-2.5e-4,2.5e-4
MOBEAST023,T3,Control,Table 2,2024-06-02,18:00:00,3.816666666666667,uncultured_fa,0,DNA,NA,0,-2e-4,2e-4
MOBEAST024,T4,Algae,Table 2,2024-06-02,18:00:00,4.733333333333333,het_bact,615.917,FCM,cell/µL,0,161.47850000000005,454.4385
MOBEAST024,T4,Algae,Table 2,2024-06-02,18:00:00,4.733333333333333,pico_euk,2.333,FCM,cell/µL,0,0.21799999999999997,2.115
MOBEAST024,T4,Algae,Table 2,2024-06-02,18:00:00,4.733333333333333,syn,119.533,FCM,cell/µL,0,-0.741500000000002,120.2745
MOBEAST024,T4,Algae,Table 2,2024-06-02,18:00:00,4.733333333333333,pro,12.9,FCM,cell/µL,0,0.7765000000000004,12.1235
MOBEAST024,T4,Algae,Table 2,2024-06-02,18:00:00,4.733333333333333,tot_bact,748.35,FCM,cell/µL,0,161.514,586.836
MOBEAST024,T4,Algae,Table 2,2024-06-02,18:00:00,4.733333333333333,cyano,132.433,FCM,cell/µL,0,0.03499999999999659,132.398
MOBEAST024,T4,Algae,Table 2,2024-06-02,18:00:00,4.733333333333333,chla_conc,0.0212,chla,µg/L,0,-0.0846,0.10579999999999999
MOBEAST024,T4,Algae,Table 2,2024-06-02,18:00:00,4.733333333333333,tn_u_m,10.7148721683194,DOC,µmol/L,0,-2.763677382966799,13.4785495512862
MOBEAST024,T4,Algae,Table 2,2024-06-02,18:00:00,4.733333333333333,coble_a,0.00886444497836918,fDOM,R.U.,0,-5.0250963631745527e-5,0.008914695942000925
MOBEAST024,T4,Algae,Table 2,2024-06-02,18:00:00,4.733333333333333,coble_b,0.0437684534559379,fDOM,R.U.,0,0.0124784323348121,0.0312900211211258
MOBEAST024,T4,Algae,Table 2,2024-06-02,18:00:00,4.733333333333333,coble_c,0.00825385430998473,fDOM,R.U.,0,0.0026271834908996507,0.0056266708190850796
MOBEAST024,T4,Algae,Table 2,2024-06-02,18:00:00,4.733333333333333,coble_m,0.00991821602174392,fDOM,R.U.,0,2.8296791821903755e-5,0.009889919229922016
MOBEAST024,T4,Algae,Table 2,2024-06-02,18:00:00,4.733333333333333,coble_t,0.0436515113822685,fDOM,R.U.,0,-0.005653010701595351,0.04930452208386385
MOBEAST024,T4,Algae,Table 2,2024-06-02,18:00:00,4.733333333333333,m_to_c,1.2016466064521882,fDOM,R.U.,0,-0.5561984398529738,1.757845046305162
MOBEAST024,T4,Algae,Table 2,2024-06-02,18:00:00,4.733333333333333,bix,0.83652675197506,fDOM,R.U.,0,0.01686120822401549,0.8196655437510445
MOBEAST024,T4,Algae,Table 2,2024-06-02,18:00:00,4.733333333333333,hix,0.619036528329923,fDOM,R.U.,0,0.008052901107235999,0.610983627222687
MOBEAST024,T4,Algae,Table 2,2024-06-02,18:00:00,4.733333333333333,fpeak,0.00833448977261558,fDOM,R.U.,0,-0.013088788907529219,0.0214232786801448
MOBEAST024,T4,Algae,Table 2,2024-06-02,18:00:00,4.733333333333333,fi,1.80835594853864,fDOM,R.U.,0,-0.34635115782515524,2.1547071063637953
MOBEAST024,T4,Algae,Table 2,2024-06-02,18:00:00,4.733333333333333,lignin,0.0157540617628621,fDOM,R.U.,0,-0.009283275299534328,0.025037337062396428
MOBEAST024,T4,Algae,Table 2,2024-06-02,18:00:00,4.733333333333333,N_N,0.584,nutrients,µmol/L,0,-0.36350000000000005,0.9475
MOBEAST024,T4,Algae,Table 2,2024-06-02,18:00:00,4.733333333333333,NO2,0.01,nutrients,µmol/L,0,-0.110014172985,0.120014172985
MOBEAST024,T4,Algae,Table 2,2024-06-02,18:00:00,4.733333333333333,PO4,0.1003755078,nutrients,µmol/L,0,0.014635941634999997,0.085739566165
MOBEAST024,T4,Algae,Table 2,2024-06-02,18:00:00,4.733333333333333,SiO2,0.09800509832,nutrients,µmol/L,0,-0.010654140279999988,0.10865923859999999
MOBEAST024,T4,Algae,Table 2,2024-06-02,18:00:00,4.733333333333333,NH3,2.802446005,nutrients,µmol/L,0,2.45330671415,0.34913929085
MOBEAST024,T4,Algae,Table 2,2024-06-02,18:00:00,4.733333333333333,NO3,0.574,nutrients,µmol/L,0,-0.2534858270150001,0.8274858270150001
MOBEAST024,T4,Algae,Table 2,2024-06-02,18:00:00,4.733333333333333,ph_diff,-0.05724233441538917,carbonate,NA,0,-0.05724233441538917,0
MOBEAST024,T4,Algae,Table 2,2024-06-02,18:00:00,4.733333333333333,delta_ta,44.184999999999945,carbonate,NA,0,44.184999999999945,0
MOBEAST024,T4,Algae,Table 2,2024-06-02,18:00:00,4.733333333333333,do_mg_l,3.21,residence time,NA,0,NA,NA
MOBEAST024,T4,Algae,Table 2,2024-06-02,18:00:00,4.733333333333333,ta,2371.09,carbonate,NA,0,33.35199999999986,2337.7380000000003
MOBEAST024,T4,Algae,Table 2,2024-06-02,18:00:00,4.733333333333333,dic_mmol_kg,2055.1614417538763,residence time,NA,0,NA,NA
MOBEAST024,T4,Algae,Table 2,2024-06-02,18:00:00,4.733333333333333,ph,7.99234526824454,carbonate,NA,0,-0.0627028296967218,8.055048097941262
MOBEAST024,T4,Algae,Table 2,2024-06-02,18:00:00,4.733333333333333,AEGEAN-169_marine_group,0.0159,DNA,NA,0,-0.0104,0.0263
MOBEAST024,T4,Algae,Table 2,2024-06-02,18:00:00,4.733333333333333,Actinomarinaceae,0.0069,DNA,NA,0,-0.008300000000000002,0.015200000000000002
MOBEAST024,T4,Algae,Table 2,2024-06-02,18:00:00,4.733333333333333,Alcanivoracaceae,0,DNA,NA,0,0,0
MOBEAST024,T4,Algae,Table 2,2024-06-02,18:00:00,4.733333333333333,Alphaproteobacteria_unclassified,0,DNA,NA,0,0,0
MOBEAST024,T4,Algae,Table 2,2024-06-02,18:00:00,4.733333333333333,Alteromonadaceae,0.1155,DNA,NA,0,0.09090000000000001,0.024599999999999993
MOBEAST024,T4,Algae,Table 2,2024-06-02,18:00:00,4.733333333333333,Alteromonadales_unclassified,0,DNA,NA,0,0,0
MOBEAST024,T4,Algae,Table 2,2024-06-02,18:00:00,4.733333333333333,Anaerolineae_unclassified,0,DNA,NA,0,0,0
MOBEAST024,T4,Algae,Table 2,2024-06-02,18:00:00,4.733333333333333,Arcobacteraceae,8e-4,DNA,NA,0,8e-4,0
MOBEAST024,T4,Algae,Table 2,2024-06-02,18:00:00,4.733333333333333,Arctic97B-4_marine_group_fa,0.00149999999999999,DNA,NA,0,-5.500000000000097e-4,0.0020499999999999997
MOBEAST024,T4,Algae,Table 2,2024-06-02,18:00:00,4.733333333333333,Arenicellaceae,6e-4,DNA,NA,0,3.9999999999999996e-4,2e-4
MOBEAST024,T4,Algae,Table 2,2024-06-02,18:00:00,4.733333333333333,Bacteria_unclassified,1e-4,DNA,NA,0,1e-4,0
MOBEAST024,T4,Algae,Table 2,2024-06-02,18:00:00,4.733333333333333,Bacteriovoracaceae,7e-4,DNA,NA,0,7e-4,0
MOBEAST024,T4,Algae,Table 2,2024-06-02,18:00:00,4.733333333333333,Bacteroidales_unclassified,0,DNA,NA,0,0,0
MOBEAST024,T4,Algae,Table 2,2024-06-02,18:00:00,4.733333333333333,Bacteroidetes_BD2-2,0,DNA,NA,0,0,0
MOBEAST024,T4,Algae,Table 2,2024-06-02,18:00:00,4.733333333333333,Bacteroidia_unclassified,0,DNA,NA,0,0,0
MOBEAST024,T4,Algae,Table 2,2024-06-02,18:00:00,4.733333333333333,Bradymonadales_fa,0,DNA,NA,0,0,0
MOBEAST024,T4,Algae,Table 2,2024-06-02,18:00:00,4.733333333333333,Campylobacterales_unclassified,0,DNA,NA,0,0,0
MOBEAST024,T4,Algae,Table 2,2024-06-02,18:00:00,4.733333333333333,Campylobacteria_unclassified,0,DNA,NA,0,0,0
MOBEAST024,T4,Algae,Table 2,2024-06-02,18:00:00,4.733333333333333,Cellvibrionaceae,0.012,DNA,NA,0,0.01145,5.5e-4
MOBEAST024,T4,Algae,Table 2,2024-06-02,18:00:00,4.733333333333333,Clade_I,0.0175,DNA,NA,0,-0.0133,0.0308
MOBEAST024,T4,Algae,Table 2,2024-06-02,18:00:00,4.733333333333333,Clade_II,0.0048,DNA,NA,0,-0.006549999999999999,0.011349999999999999
MOBEAST024,T4,Algae,Table 2,2024-06-02,18:00:00,4.733333333333333,Clade_IV,0.0011,DNA,NA,0,-1.0000000000000005e-4,0.0012000000000000001
MOBEAST024,T4,Algae,Table 2,2024-06-02,18:00:00,4.733333333333333,Colwelliaceae,5e-4,DNA,NA,0,5e-4,0
MOBEAST024,T4,Algae,Table 2,2024-06-02,18:00:00,4.733333333333333,Cryomorphaceae,0.0038,DNA,NA,0,-8.499999999999996e-4,0.00465
MOBEAST024,T4,Algae,Table 2,2024-06-02,18:00:00,4.733333333333333,Cyanobiaceae,0.4068000000000001,DNA,NA,0,-0.0678999999999999,0.4747
MOBEAST024,T4,Algae,Table 2,2024-06-02,18:00:00,4.733333333333333,Cyclobacteriaceae,4e-4,DNA,NA,0,-3.5e-4,7.5e-4
MOBEAST024,T4,Algae,Table 2,2024-06-02,18:00:00,4.733333333333333,Deltaproteobacteria_unclassified,0,DNA,NA,0,0,0
MOBEAST024,T4,Algae,Table 2,2024-06-02,18:00:00,4.733333333333333,Desulfovibrionaceae,0,DNA,NA,0,0,0
MOBEAST024,T4,Algae,Table 2,2024-06-02,18:00:00,4.733333333333333,Desulfuromonadaceae,0,DNA,NA,0,0,0
MOBEAST024,T4,Algae,Table 2,2024-06-02,18:00:00,4.733333333333333,Ectothiorhodospiraceae,0.0011,DNA,NA,0,-1.0000000000000005e-4,0.0012000000000000001
MOBEAST024,T4,Algae,Table 2,2024-06-02,18:00:00,4.733333333333333,Endozoicomonadaceae,0.001,DNA,NA,0,3.0000000000000003e-4,7e-4
MOBEAST024,T4,Algae,Table 2,2024-06-02,18:00:00,4.733333333333333,Flavobacteriaceae,0.0369,DNA,NA,0,-0.02489999999999999,0.061799999999999994
MOBEAST024,T4,Algae,Table 2,2024-06-02,18:00:00,4.733333333333333,Francisellaceae,0,DNA,NA,0,0,0
MOBEAST024,T4,Algae,Table 2,2024-06-02,18:00:00,4.733333333333333,Gammaproteobacteria_unclassified,0.0017,DNA,NA,0,-0.0010000000000000002,0.0027
MOBEAST024,T4,Algae,Table 2,2024-06-02,18:00:00,4.733333333333333,Halieaceae,0.0142,DNA,NA,0,-0.005399999999999995,0.019599999999999996
MOBEAST024,T4,Algae,Table 2,2024-06-02,18:00:00,4.733333333333333,Halomonadaceae,0.0045,DNA,NA,0,0.0045,0
MOBEAST024,T4,Algae,Table 2,2024-06-02,18:00:00,4.733333333333333,Helicobacteraceae,0,DNA,NA,0,0,0
MOBEAST024,T4,Algae,Table 2,2024-06-02,18:00:00,4.733333333333333,Hyphomonadaceae,0.003,DNA,NA,0,0.003,0
MOBEAST024,T4,Algae,Table 2,2024-06-02,18:00:00,4.733333333333333,JGI_0000069-P22_fa,3e-4,DNA,NA,0,-7.999999999999999e-4,0.0010999999999999998
MOBEAST024,T4,Algae,Table 2,2024-06-02,18:00:00,4.733333333333333,KI89A_clade_fa,4e-4,DNA,NA,0,1.0000000000000005e-4,3e-4
MOBEAST024,T4,Algae,Table 2,2024-06-02,18:00:00,4.733333333333333,Kiritimatiellaceae,0,DNA,NA,0,0,0
MOBEAST024,T4,Algae,Table 2,2024-06-02,18:00:00,4.733333333333333,Leptotrichiaceae,0,DNA,NA,0,0,0
MOBEAST024,T4,Algae,Table 2,2024-06-02,18:00:00,4.733333333333333,Litoricolaceae,0.0036,DNA,NA,0,-5.000000000000013e-5,0.00365
MOBEAST024,T4,Algae,Table 2,2024-06-02,18:00:00,4.733333333333333,Marine_Group_II_fa,0.0234,DNA,NA,0,-0.021649999999999992,0.04504999999999999
MOBEAST024,T4,Algae,Table 2,2024-06-02,18:00:00,4.733333333333333,Marinifilaceae,0,DNA,NA,0,0,0
MOBEAST024,T4,Algae,Table 2,2024-06-02,18:00:00,4.733333333333333,Marinilabiliaceae,0,DNA,NA,0,0,0
MOBEAST024,T4,Algae,Table 2,2024-06-02,18:00:00,4.733333333333333,Marinimicrobia_(SAR406_clade)_fa,0.0054,DNA,NA,0,-0.0013499999999999996,0.00675
MOBEAST024,T4,Algae,Table 2,2024-06-02,18:00:00,4.733333333333333,Methylophilaceae,0.0038,DNA,NA,0,-0.0021500000000000004,0.00595
MOBEAST024,T4,Algae,Table 2,2024-06-02,18:00:00,4.733333333333333,Micavibrionaceae,0,DNA,NA,0,0,0
MOBEAST024,T4,Algae,Table 2,2024-06-02,18:00:00,4.733333333333333,Microtrichaceae,0.002,DNA,NA,0,-0.0019500000000000003,0.00395
MOBEAST024,T4,Algae,Table 2,2024-06-02,18:00:00,4.733333333333333,Moraxellaceae,0,DNA,NA,0,0,0
MOBEAST024,T4,Algae,Table 2,2024-06-02,18:00:00,4.733333333333333,NS7_marine_group,4e-4,DNA,NA,0,-1.5000000000000001e-4,5.5e-4
MOBEAST024,T4,Algae,Table 2,2024-06-02,18:00:00,4.733333333333333,NS9_marine_group,0.0011,DNA,NA,0,-0.0023499999999999945,0.0034499999999999947
MOBEAST024,T4,Algae,Table 2,2024-06-02,18:00:00,4.733333333333333,Nannocystaceae,2e-4,DNA,NA,0,2.710505431213761e-20,1.9999999999999998e-4
MOBEAST024,T4,Algae,Table 2,2024-06-02,18:00:00,4.733333333333333,Nitrincolaceae,0.0253,DNA,NA,0,0.02305,0.00225
MOBEAST024,T4,Algae,Table 2,2024-06-02,18:00:00,4.733333333333333,Nitrosopumilaceae,0,DNA,NA,0,-4.5e-4,4.5e-4
MOBEAST024,T4,Algae,Table 2,2024-06-02,18:00:00,4.733333333333333,OM182_clade_fa,0.003,DNA,NA,0,-7.999999999999999e-4,0.0038
MOBEAST024,T4,Algae,Table 2,2024-06-02,18:00:00,4.733333333333333,Oleiphilaceae,0.0031,DNA,NA,0,0.0023,7.999999999999999e-4
MOBEAST024,T4,Algae,Table 2,2024-06-02,18:00:00,4.733333333333333,Oligoflexaceae,5e-4,DNA,NA,0,5.000000000000002e-5,4.5e-4
MOBEAST024,T4,Algae,Table 2,2024-06-02,18:00:00,4.733333333333333,Pirellulaceae,0.002,DNA,NA,0,-9.499999999999999e-4,0.00295
MOBEAST024,T4,Algae,Table 2,2024-06-02,18:00:00,4.733333333333333,Piscirickettsiaceae,3e-4,DNA,NA,0,-1.0000000000000005e-4,4e-4
MOBEAST024,T4,Algae,Table 2,2024-06-02,18:00:00,4.733333333333333,Prolixibacteraceae,0,DNA,NA,0,0,0
MOBEAST024,T4,Algae,Table 2,2024-06-02,18:00:00,4.733333333333333,Proteobacteria_unclassified,0.0014,DNA,NA,0,-2.000000000000001e-4,0.0016
MOBEAST024,T4,Algae,Table 2,2024-06-02,18:00:00,4.733333333333333,Pseudohongiellaceae,0.0012,DNA,NA,0,-6.500000000000002e-4,0.00185
MOBEAST024,T4,Algae,Table 2,2024-06-02,18:00:00,4.733333333333333,Pseudomonadaceae,0.0072,DNA,NA,0,0.0072,0
MOBEAST024,T4,Algae,Table 2,2024-06-02,18:00:00,4.733333333333333,Puniceicoccaceae,0,DNA,NA,0,0,0
MOBEAST024,T4,Algae,Table 2,2024-06-02,18:00:00,4.733333333333333,Rhizobiaceae,0,DNA,NA,0,0,0
MOBEAST024,T4,Algae,Table 2,2024-06-02,18:00:00,4.733333333333333,Rhodobacteraceae,0.0607,DNA,NA,0,-0.0017000000000000001,0.0624
MOBEAST024,T4,Algae,Table 2,2024-06-02,18:00:00,4.733333333333333,Rhodospirillaceae,0,DNA,NA,0,0,0
MOBEAST024,T4,Algae,Table 2,2024-06-02,18:00:00,4.733333333333333,Rubinisphaeraceae,6e-4,DNA,NA,0,-1.0842021724855044e-19,6.000000000000001e-4
MOBEAST024,T4,Algae,Table 2,2024-06-02,18:00:00,4.733333333333333,S25-593,7e-4,DNA,NA,0,-9.999999999999994e-5,7.999999999999999e-4
MOBEAST024,T4,Algae,Table 2,2024-06-02,18:00:00,4.733333333333333,SAR116_clade,0.0289,DNA,NA,0,-0.011650000000000004,0.04055
MOBEAST024,T4,Algae,Table 2,2024-06-02,18:00:00,4.733333333333333,SAR202_clade_fa,3e-4,DNA,NA,0,-5.421010862427522e-20,3.0000000000000003e-4
MOBEAST024,T4,Algae,Table 2,2024-06-02,18:00:00,4.733333333333333,SAR324_clade(Marine_group_B)_fa,5e-4,DNA,NA,0,-1.4999999999999996e-4,6.5e-4
MOBEAST024,T4,Algae,Table 2,2024-06-02,18:00:00,4.733333333333333,SAR86_clade_fa,0.0258,DNA,NA,0,-0.014099999999999998,0.0399
MOBEAST024,T4,Algae,Table 2,2024-06-02,18:00:00,4.733333333333333,Saccharospirillaceae,0.014,DNA,NA,0,-0.020200000000000003,0.0342
MOBEAST024,T4,Algae,Table 2,2024-06-02,18:00:00,4.733333333333333,Saprospiraceae,0,DNA,NA,0,0,0
MOBEAST024,T4,Algae,Table 2,2024-06-02,18:00:00,4.733333333333333,Sphingomonadaceae,0,DNA,NA,0,0,0
MOBEAST024,T4,Algae,Table 2,2024-06-02,18:00:00,4.733333333333333,Spirochaetaceae,0,DNA,NA,0,0,0
MOBEAST024,T4,Algae,Table 2,2024-06-02,18:00:00,4.733333333333333,Spongiibacteraceae,0,DNA,NA,0,0,0
MOBEAST024,T4,Algae,Table 2,2024-06-02,18:00:00,4.733333333333333,Stappiaceae,0,DNA,NA,0,0,0
MOBEAST024,T4,Algae,Table 2,2024-06-02,18:00:00,4.733333333333333,Terasakiellaceae,0,DNA,NA,0,0,0
MOBEAST024,T4,Algae,Table 2,2024-06-02,18:00:00,4.733333333333333,Thalassospiraceae,0,DNA,NA,0,0,0
MOBEAST024,T4,Algae,Table 2,2024-06-02,18:00:00,4.733333333333333,Thiomicrospiraceae,0,DNA,NA,0,0,0
MOBEAST024,T4,Algae,Table 2,2024-06-02,18:00:00,4.733333333333333,Vibrionaceae,0.0348,DNA,NA,0,0.0324,0.0024000000000000002
MOBEAST024,T4,Algae,Table 2,2024-06-02,18:00:00,4.733333333333333,Woesearchaeia_fa,0,DNA,NA,0,-2.5e-4,2.5e-4
MOBEAST024,T4,Algae,Table 2,2024-06-02,18:00:00,4.733333333333333,uncultured_fa,4e-4,DNA,NA,0,2e-4,2e-4
MOBEAST025,T5,CCA,Table 2,2024-06-02,18:00:00,4.333333333333333,het_bact,452.617,FCM,cell/µL,0,-1.8214999999999577,454.4385
MOBEAST025,T5,CCA,Table 2,2024-06-02,18:00:00,4.333333333333333,pico_euk,2.183,FCM,cell/µL,0,0.06799999999999962,2.115
MOBEAST025,T5,CCA,Table 2,2024-06-02,18:00:00,4.333333333333333,syn,99.15,FCM,cell/µL,0,-21.124499999999998,120.2745
MOBEAST025,T5,CCA,Table 2,2024-06-02,18:00:00,4.333333333333333,pro,24.5,FCM,cell/µL,0,12.3765,12.1235
MOBEAST025,T5,CCA,Table 2,2024-06-02,18:00:00,4.333333333333333,tot_bact,576.267,FCM,cell/µL,0,-10.56899999999996,586.836
MOBEAST025,T5,CCA,Table 2,2024-06-02,18:00:00,4.333333333333333,cyano,123.65000000000003,FCM,cell/µL,0,-8.747999999999962,132.398
MOBEAST025,T5,CCA,Table 2,2024-06-02,18:00:00,4.333333333333333,chla_conc,0.0632,chla,µg/L,0,-0.042599999999999985,0.10579999999999999
MOBEAST025,T5,CCA,Table 2,2024-06-02,18:00:00,4.333333333333333,tn_u_m,11.3595636374021,DOC,µmol/L,0,-2.1189859138840994,13.4785495512862
MOBEAST025,T5,CCA,Table 2,2024-06-02,18:00:00,4.333333333333333,coble_a,0.00956095904636006,fDOM,R.U.,0,6.462631043591353e-4,0.008914695942000925
MOBEAST025,T5,CCA,Table 2,2024-06-02,18:00:00,4.333333333333333,coble_b,0.0510995109407609,fDOM,R.U.,0,0.019809489819635102,0.0312900211211258
MOBEAST025,T5,CCA,Table 2,2024-06-02,18:00:00,4.333333333333333,coble_c,0.00770686259051626,fDOM,R.U.,0,0.0020801917714311806,0.0056266708190850796
MOBEAST025,T5,CCA,Table 2,2024-06-02,18:00:00,4.333333333333333,coble_m,0.0122459360395947,fDOM,R.U.,0,0.0023560168096726838,0.009889919229922016
MOBEAST025,T5,CCA,Table 2,2024-06-02,18:00:00,4.333333333333333,coble_t,0.0550942792924809,fDOM,R.U.,0,0.005789757208617047,0.04930452208386385
MOBEAST025,T5,CCA,Table 2,2024-06-02,18:00:00,4.333333333333333,m_to_c,1.588965145773331,fDOM,R.U.,0,-0.1688799005318311,1.757845046305162
MOBEAST025,T5,CCA,Table 2,2024-06-02,18:00:00,4.333333333333333,bix,0.839587539224589,fDOM,R.U.,0,0.01992199547354445,0.8196655437510445
MOBEAST025,T5,CCA,Table 2,2024-06-02,18:00:00,4.333333333333333,hix,0.620345383252867,fDOM,R.U.,0,0.00936175603018008,0.610983627222687
MOBEAST025,T5,CCA,Table 2,2024-06-02,18:00:00,4.333333333333333,fpeak,0,fDOM,R.U.,0,-0.0214232786801448,0.0214232786801448
MOBEAST025,T5,CCA,Table 2,2024-06-02,18:00:00,4.333333333333333,fi,2.13520495349685,fDOM,R.U.,0,-0.019502152866945455,2.1547071063637953
MOBEAST025,T5,CCA,Table 2,2024-06-02,18:00:00,4.333333333333333,lignin,3.36374256132029e-4,fDOM,R.U.,0,-0.0247009628062644,0.025037337062396428
MOBEAST025,T5,CCA,Table 2,2024-06-02,18:00:00,4.333333333333333,N_N,1.129,nutrients,µmol/L,0,0.1815,0.9475
MOBEAST025,T5,CCA,Table 2,2024-06-02,18:00:00,4.333333333333333,NO2,0.1259078731,nutrients,µmol/L,0,0.005893700115000011,0.120014172985
MOBEAST025,T5,CCA,Table 2,2024-06-02,18:00:00,4.333333333333333,PO4,0.07308763067,nutrients,µmol/L,0,-0.012651935495000002,0.085739566165
MOBEAST025,T5,CCA,Table 2,2024-06-02,18:00:00,4.333333333333333,SiO2,0.01,nutrients,µmol/L,0,-0.09865923859999999,0.10865923859999999
MOBEAST025,T5,CCA,Table 2,2024-06-02,18:00:00,4.333333333333333,NH3,1.105257466,nutrients,µmol/L,0,0.7561181751500001,0.34913929085
MOBEAST025,T5,CCA,Table 2,2024-06-02,18:00:00,4.333333333333333,NO3,1.0030921269,nutrients,µmol/L,0,0.17560629988499987,0.8274858270150001
MOBEAST025,T5,CCA,Table 2,2024-06-02,18:00:00,4.333333333333333,ph_diff,-0.02510160190143473,carbonate,NA,0,-0.02510160190143473,0
MOBEAST025,T5,CCA,Table 2,2024-06-02,18:00:00,4.333333333333333,delta_ta,15.519999999999982,carbonate,NA,0,15.519999999999982,0
MOBEAST025,T5,CCA,Table 2,2024-06-02,18:00:00,4.333333333333333,do_mg_l,3.03,residence time,NA,0,NA,NA
MOBEAST025,T5,CCA,Table 2,2024-06-02,18:00:00,4.333333333333333,ta,2342.425,carbonate,NA,0,4.686999999999898,2337.7380000000003
MOBEAST025,T5,CCA,Table 2,2024-06-02,18:00:00,4.333333333333333,dic_mmol_kg,2009.5007860485664,residence time,NA,0,NA,NA
MOBEAST025,T5,CCA,Table 2,2024-06-02,18:00:00,4.333333333333333,ph,8.024936710177414,carbonate,NA,0,-0.030111387763847475,8.055048097941262
MOBEAST025,T5,CCA,Table 2,2024-06-02,18:00:00,4.333333333333333,AEGEAN-169_marine_group,0.0262,DNA,NA,0,-9.99999999999994e-5,0.0263
MOBEAST025,T5,CCA,Table 2,2024-06-02,18:00:00,4.333333333333333,Actinomarinaceae,0.0136,DNA,NA,0,-0.0016000000000000025,0.015200000000000002
MOBEAST025,T5,CCA,Table 2,2024-06-02,18:00:00,4.333333333333333,Alcanivoracaceae,0,DNA,NA,0,0,0
MOBEAST025,T5,CCA,Table 2,2024-06-02,18:00:00,4.333333333333333,Alphaproteobacteria_unclassified,0.0027,DNA,NA,0,0.0027,0
MOBEAST025,T5,CCA,Table 2,2024-06-02,18:00:00,4.333333333333333,Alteromonadaceae,0.0095,DNA,NA,0,-0.015099999999999994,0.024599999999999993
MOBEAST025,T5,CCA,Table 2,2024-06-02,18:00:00,4.333333333333333,Alteromonadales_unclassified,6e-4,DNA,NA,0,6e-4,0
MOBEAST025,T5,CCA,Table 2,2024-06-02,18:00:00,4.333333333333333,Anaerolineae_unclassified,6e-4,DNA,NA,0,6e-4,0
MOBEAST025,T5,CCA,Table 2,2024-06-02,18:00:00,4.333333333333333,Arcobacteraceae,0.0098,DNA,NA,0,0.0098,0
MOBEAST025,T5,CCA,Table 2,2024-06-02,18:00:00,4.333333333333333,Arctic97B-4_marine_group_fa,0.0023,DNA,NA,0,2.500000000000002e-4,0.0020499999999999997
MOBEAST025,T5,CCA,Table 2,2024-06-02,18:00:00,4.333333333333333,Arenicellaceae,0,DNA,NA,0,-2e-4,2e-4
MOBEAST025,T5,CCA,Table 2,2024-06-02,18:00:00,4.333333333333333,Bacteria_unclassified,4e-4,DNA,NA,0,4e-4,0
MOBEAST025,T5,CCA,Table 2,2024-06-02,18:00:00,4.333333333333333,Bacteriovoracaceae,3e-4,DNA,NA,0,3e-4,0
MOBEAST025,T5,CCA,Table 2,2024-06-02,18:00:00,4.333333333333333,Bacteroidales_unclassified,0,DNA,NA,0,0,0
MOBEAST025,T5,CCA,Table 2,2024-06-02,18:00:00,4.333333333333333,Bacteroidetes_BD2-2,0,DNA,NA,0,0,0
MOBEAST025,T5,CCA,Table 2,2024-06-02,18:00:00,4.333333333333333,Bacteroidia_unclassified,0,DNA,NA,0,0,0
MOBEAST025,T5,CCA,Table 2,2024-06-02,18:00:00,4.333333333333333,Bradymonadales_fa,0,DNA,NA,0,0,0
MOBEAST025,T5,CCA,Table 2,2024-06-02,18:00:00,4.333333333333333,Campylobacterales_unclassified,7e-4,DNA,NA,0,7e-4,0
MOBEAST025,T5,CCA,Table 2,2024-06-02,18:00:00,4.333333333333333,Campylobacteria_unclassified,0.0029,DNA,NA,0,0.0029,0
MOBEAST025,T5,CCA,Table 2,2024-06-02,18:00:00,4.333333333333333,Cellvibrionaceae,0.0023,DNA,NA,0,0.0017499999999999998,5.5e-4
MOBEAST025,T5,CCA,Table 2,2024-06-02,18:00:00,4.333333333333333,Clade_I,0.0378,DNA,NA,0,0.006999999999999999,0.0308
MOBEAST025,T5,CCA,Table 2,2024-06-02,18:00:00,4.333333333333333,Clade_II,0.0151,DNA,NA,0,0.0037500000000000016,0.011349999999999999
MOBEAST025,T5,CCA,Table 2,2024-06-02,18:00:00,4.333333333333333,Clade_IV,0.0013,DNA,NA,0,9.999999999999983e-5,0.0012000000000000001
MOBEAST025,T5,CCA,Table 2,2024-06-02,18:00:00,4.333333333333333,Colwelliaceae,0,DNA,NA,0,0,0
MOBEAST025,T5,CCA,Table 2,2024-06-02,18:00:00,4.333333333333333,Cryomorphaceae,0.007,DNA,NA,0,0.0023500000000000005,0.00465
MOBEAST025,T5,CCA,Table 2,2024-06-02,18:00:00,4.333333333333333,Cyanobiaceae,0.4673999999999999,DNA,NA,0,-0.007300000000000084,0.4747
MOBEAST025,T5,CCA,Table 2,2024-06-02,18:00:00,4.333333333333333,Cyclobacteriaceae,7e-4,DNA,NA,0,-5.000000000000002e-5,7.5e-4
MOBEAST025,T5,CCA,Table 2,2024-06-02,18:00:00,4.333333333333333,Deltaproteobacteria_unclassified,2e-4,DNA,NA,0,2e-4,0
MOBEAST025,T5,CCA,Table 2,2024-06-02,18:00:00,4.333333333333333,Desulfovibrionaceae,0.0016,DNA,NA,0,0.0016,0
MOBEAST025,T5,CCA,Table 2,2024-06-02,18:00:00,4.333333333333333,Desulfuromonadaceae,0,DNA,NA,0,0,0
MOBEAST025,T5,CCA,Table 2,2024-06-02,18:00:00,4.333333333333333,Ectothiorhodospiraceae,0.002,DNA,NA,0,7.999999999999999e-4,0.0012000000000000001
MOBEAST025,T5,CCA,Table 2,2024-06-02,18:00:00,4.333333333333333,Flavobacteriaceae,0.0573,DNA,NA,0,-0.004499999999999997,0.061799999999999994
MOBEAST025,T5,CCA,Table 2,2024-06-02,18:00:00,4.333333333333333,Francisellaceae,0,DNA,NA,0,0,0
MOBEAST025,T5,CCA,Table 2,2024-06-02,18:00:00,4.333333333333333,Gammaproteobacteria_unclassified,0.0046,DNA,NA,0,0.0018999999999999998,0.0027
MOBEAST025,T5,CCA,Table 2,2024-06-02,18:00:00,4.333333333333333,Halieaceae,0.0204,DNA,NA,0,8.000000000000056e-4,0.019599999999999996
MOBEAST025,T5,CCA,Table 2,2024-06-02,18:00:00,4.333333333333333,Halomonadaceae,0,DNA,NA,0,0,0
MOBEAST025,T5,CCA,Table 2,2024-06-02,18:00:00,4.333333333333333,Helicobacteraceae,1e-4,DNA,NA,0,1e-4,0
MOBEAST025,T5,CCA,Table 2,2024-06-02,18:00:00,4.333333333333333,Hyphomonadaceae,0.0012,DNA,NA,0,0.0012,0
MOBEAST025,T5,CCA,Table 2,2024-06-02,18:00:00,4.333333333333333,Idiomarinaceae,0,DNA,NA,0,0,0
MOBEAST025,T5,CCA,Table 2,2024-06-02,18:00:00,4.333333333333333,JGI_0000069-P22_fa,0,DNA,NA,0,-0.0010999999999999998,0.0010999999999999998
MOBEAST025,T5,CCA,Table 2,2024-06-02,18:00:00,4.333333333333333,KI89A_clade_fa,5e-4,DNA,NA,0,2.0000000000000004e-4,3e-4
MOBEAST025,T5,CCA,Table 2,2024-06-02,18:00:00,4.333333333333333,Kiritimatiellaceae,0,DNA,NA,0,0,0
MOBEAST025,T5,CCA,Table 2,2024-06-02,18:00:00,4.333333333333333,Leptotrichiaceae,7e-4,DNA,NA,0,7e-4,0
MOBEAST025,T5,CCA,Table 2,2024-06-02,18:00:00,4.333333333333333,Litoricolaceae,0.0068,DNA,NA,0,0.0031499999999999996,0.00365
MOBEAST025,T5,CCA,Table 2,2024-06-02,18:00:00,4.333333333333333,Marine_Group_II_fa,0.0375,DNA,NA,0,-0.007549999999999994,0.04504999999999999
MOBEAST025,T5,CCA,Table 2,2024-06-02,18:00:00,4.333333333333333,Marinifilaceae,0.0011,DNA,NA,0,0.0011,0
MOBEAST025,T5,CCA,Table 2,2024-06-02,18:00:00,4.333333333333333,Marinilabiliaceae,0,DNA,NA,0,0,0
MOBEAST025,T5,CCA,Table 2,2024-06-02,18:00:00,4.333333333333333,Marinimicrobia_(SAR406_clade)_fa,0.0082,DNA,NA,0,0.0014500000000000008,0.00675
MOBEAST025,T5,CCA,Table 2,2024-06-02,18:00:00,4.333333333333333,Marinobacteraceae,0,DNA,NA,0,0,0
MOBEAST025,T5,CCA,Table 2,2024-06-02,18:00:00,4.333333333333333,Marinomonadaceae,0,DNA,NA,0,0,0
MOBEAST025,T5,CCA,Table 2,2024-06-02,18:00:00,4.333333333333333,Methylophilaceae,0.0084,DNA,NA,0,0.002449999999999999,0.00595
MOBEAST025,T5,CCA,Table 2,2024-06-02,18:00:00,4.333333333333333,Micavibrionaceae,0,DNA,NA,0,0,0
MOBEAST025,T5,CCA,Table 2,2024-06-02,18:00:00,4.333333333333333,Microtrichaceae,0.0045,DNA,NA,0,5.499999999999993e-4,0.00395
MOBEAST025,T5,CCA,Table 2,2024-06-02,18:00:00,4.333333333333333,Moraxellaceae,0,DNA,NA,0,0,0
MOBEAST025,T5,CCA,Table 2,2024-06-02,18:00:00,4.333333333333333,NS7_marine_group,7e-4,DNA,NA,0,1.4999999999999996e-4,5.5e-4
MOBEAST025,T5,CCA,Table 2,2024-06-02,18:00:00,4.333333333333333,NS9_marine_group,0.0042,DNA,NA,0,7.50000000000005e-4,0.0034499999999999947
MOBEAST025,T5,CCA,Table 2,2024-06-02,18:00:00,4.333333333333333,Nannocystaceae,1e-4,DNA,NA,0,-9.999999999999998e-5,1.9999999999999998e-4
MOBEAST025,T5,CCA,Table 2,2024-06-02,18:00:00,4.333333333333333,Nitrincolaceae,0.0178,DNA,NA,0,0.01555,0.00225
MOBEAST025,T5,CCA,Table 2,2024-06-02,18:00:00,4.333333333333333,OM182_clade_fa,0.0035,DNA,NA,0,-2.999999999999999e-4,0.0038
MOBEAST025,T5,CCA,Table 2,2024-06-02,18:00:00,4.333333333333333,Oleiphilaceae,0.0023,DNA,NA,0,0.0015,7.999999999999999e-4
MOBEAST025,T5,CCA,Table 2,2024-06-02,18:00:00,4.333333333333333,Oligoflexaceae,4e-4,DNA,NA,0,-4.999999999999997e-5,4.5e-4
MOBEAST025,T5,CCA,Table 2,2024-06-02,18:00:00,4.333333333333333,Pirellulaceae,0.00189999999999999,DNA,NA,0,-0.00105000000000001,0.00295
MOBEAST025,T5,CCA,Table 2,2024-06-02,18:00:00,4.333333333333333,Piscirickettsiaceae,2e-4,DNA,NA,0,-2e-4,4e-4
MOBEAST025,T5,CCA,Table 2,2024-06-02,18:00:00,4.333333333333333,Prolixibacteraceae,0,DNA,NA,0,0,0
MOBEAST025,T5,CCA,Table 2,2024-06-02,18:00:00,4.333333333333333,Proteobacteria_unclassified,9e-4,DNA,NA,0,-7.000000000000001e-4,0.0016
MOBEAST025,T5,CCA,Table 2,2024-06-02,18:00:00,4.333333333333333,Pseudoalteromonadaceae,5e-4,DNA,NA,0,0,5e-4
MOBEAST025,T5,CCA,Table 2,2024-06-02,18:00:00,4.333333333333333,Pseudohongiellaceae,0.0014,DNA,NA,0,-4.500000000000001e-4,0.00185
MOBEAST025,T5,CCA,Table 2,2024-06-02,18:00:00,4.333333333333333,Pseudomonadaceae,0,DNA,NA,0,0,0
MOBEAST025,T5,CCA,Table 2,2024-06-02,18:00:00,4.333333333333333,Puniceicoccaceae,0,DNA,NA,0,0,0
MOBEAST025,T5,CCA,Table 2,2024-06-02,18:00:00,4.333333333333333,Rhizobiaceae,0,DNA,NA,0,0,0
MOBEAST025,T5,CCA,Table 2,2024-06-02,18:00:00,4.333333333333333,Rhodobacteraceae,0.06359999999999999,DNA,NA,0,0.0011999999999999927,0.0624
MOBEAST025,T5,CCA,Table 2,2024-06-02,18:00:00,4.333333333333333,Rhodospirillaceae,0,DNA,NA,0,0,0
MOBEAST025,T5,CCA,Table 2,2024-06-02,18:00:00,4.333333333333333,Rubinisphaeraceae,6e-4,DNA,NA,0,-1.0842021724855044e-19,6.000000000000001e-4
MOBEAST025,T5,CCA,Table 2,2024-06-02,18:00:00,4.333333333333333,S25-593,9e-4,DNA,NA,0,1.0000000000000005e-4,7.999999999999999e-4
MOBEAST025,T5,CCA,Table 2,2024-06-02,18:00:00,4.333333333333333,SAR116_clade,0.0494,DNA,NA,0,0.008849999999999997,0.04055
MOBEAST025,T5,CCA,Table 2,2024-06-02,18:00:00,4.333333333333333,SAR202_clade_fa,4e-4,DNA,NA,0,9.999999999999999e-5,3.0000000000000003e-4
MOBEAST025,T5,CCA,Table 2,2024-06-02,18:00:00,4.333333333333333,SAR324_clade(Marine_group_B)_fa,6e-4,DNA,NA,0,-5.000000000000002e-5,6.5e-4
MOBEAST025,T5,CCA,Table 2,2024-06-02,18:00:00,4.333333333333333,SAR86_clade_fa,0.0399,DNA,NA,0,0,0.0399
MOBEAST025,T5,CCA,Table 2,2024-06-02,18:00:00,4.333333333333333,Saccharospirillaceae,0.0071,DNA,NA,0,-0.0271,0.0342
MOBEAST025,T5,CCA,Table 2,2024-06-02,18:00:00,4.333333333333333,Saprospiraceae,4e-4,DNA,NA,0,4e-4,0
MOBEAST025,T5,CCA,Table 2,2024-06-02,18:00:00,4.333333333333333,Sphingomonadaceae,0,DNA,NA,0,0,0
MOBEAST025,T5,CCA,Table 2,2024-06-02,18:00:00,4.333333333333333,Spirochaetaceae,0,DNA,NA,0,0,0
MOBEAST025,T5,CCA,Table 2,2024-06-02,18:00:00,4.333333333333333,Spongiibacteraceae,0,DNA,NA,0,0,0
MOBEAST025,T5,CCA,Table 2,2024-06-02,18:00:00,4.333333333333333,Stappiaceae,0,DNA,NA,0,0,0
MOBEAST025,T5,CCA,Table 2,2024-06-02,18:00:00,4.333333333333333,Terasakiellaceae,0.0013,DNA,NA,0,0.0013,0
MOBEAST025,T5,CCA,Table 2,2024-06-02,18:00:00,4.333333333333333,Vibrionaceae,0.0042,DNA,NA,0,0.0017999999999999995,0.0024000000000000002
MOBEAST025,T5,CCA,Table 2,2024-06-02,18:00:00,4.333333333333333,Woesearchaeia_fa,0,DNA,NA,0,-2.5e-4,2.5e-4
MOBEAST025,T5,CCA,Table 2,2024-06-02,18:00:00,4.333333333333333,uncultured_fa,4e-4,DNA,NA,0,2e-4,2e-4
MOBEAST026,T6,Coral,Table 2,2024-06-02,18:00:00,3.6333333333333337,het_bact,407.583,FCM,cell/µL,0,-46.85549999999995,454.4385
MOBEAST026,T6,Coral,Table 2,2024-06-02,18:00:00,3.6333333333333337,pico_euk,1.617,FCM,cell/µL,0,-0.4980000000000002,2.115
MOBEAST026,T6,Coral,Table 2,2024-06-02,18:00:00,3.6333333333333337,syn,96.667,FCM,cell/µL,0,-23.6075,120.2745
MOBEAST026,T6,Coral,Table 2,2024-06-02,18:00:00,3.6333333333333337,pro,9,FCM,cell/µL,0,-3.1235,12.1235
MOBEAST026,T6,Coral,Table 2,2024-06-02,18:00:00,3.6333333333333337,tot_bact,513.25,FCM,cell/µL,0,-73.58600000000001,586.836
MOBEAST026,T6,Coral,Table 2,2024-06-02,18:00:00,3.6333333333333337,cyano,105.66699999999996,FCM,cell/µL,0,-26.731000000000037,132.398
MOBEAST026,T6,Coral,Table 2,2024-06-02,18:00:00,3.6333333333333337,chla_conc,0.5976,chla,µg/L,0,0.4918,0.10579999999999999
MOBEAST026,T6,Coral,Table 2,2024-06-02,18:00:00,3.6333333333333337,tn_u_m,15.843846159338,DOC,µmol/L,0,2.3652966080518,13.4785495512862
MOBEAST026,T6,Coral,Table 2,2024-06-02,18:00:00,3.6333333333333337,coble_a,0.0110295895818486,fDOM,R.U.,0,0.0021148936398476745,0.008914695942000925
MOBEAST026,T6,Coral,Table 2,2024-06-02,18:00:00,3.6333333333333337,coble_b,0.0708228191167677,fDOM,R.U.,0,0.039532797995641904,0.0312900211211258
MOBEAST026,T6,Coral,Table 2,2024-06-02,18:00:00,3.6333333333333337,coble_c,0.00870641923363562,fDOM,R.U.,0,0.00307974841455054,0.0056266708190850796
MOBEAST026,T6,Coral,Table 2,2024-06-02,18:00:00,3.6333333333333337,coble_m,0.0154280351437499,fDOM,R.U.,0,0.005538115913827885,0.009889919229922016
MOBEAST026,T6,Coral,Table 2,2024-06-02,18:00:00,3.6333333333333337,coble_t,0.0956305601836404,fDOM,R.U.,0,0.04632603809977655,0.04930452208386385
MOBEAST026,T6,Coral,Table 2,2024-06-02,18:00:00,3.6333333333333337,m_to_c,1.7720298930869969,fDOM,R.U.,0,0.014184846781834848,1.757845046305162
MOBEAST026,T6,Coral,Table 2,2024-06-02,18:00:00,3.6333333333333337,bix,0.855793861398146,fDOM,R.U.,0,0.03612831764710145,0.8196655437510445
MOBEAST026,T6,Coral,Table 2,2024-06-02,18:00:00,3.6333333333333337,hix,0.421731470332397,fDOM,R.U.,0,-0.18925215689028996,0.610983627222687
MOBEAST026,T6,Coral,Table 2,2024-06-02,18:00:00,3.6333333333333337,fpeak,0.0253073138341852,fDOM,R.U.,0,0.003884035154040403,0.0214232786801448
MOBEAST026,T6,Coral,Table 2,2024-06-02,18:00:00,3.6333333333333337,fi,2.07264691617572,fDOM,R.U.,0,-0.08206019018807531,2.1547071063637953
MOBEAST026,T6,Coral,Table 2,2024-06-02,18:00:00,3.6333333333333337,lignin,0.048264258973294,fDOM,R.U.,0,0.02322692191089757,0.025037337062396428
MOBEAST026,T6,Coral,Table 2,2024-06-02,18:00:00,3.6333333333333337,N_N,1.112,nutrients,µmol/L,0,0.1645000000000001,0.9475
MOBEAST026,T6,Coral,Table 2,2024-06-02,18:00:00,3.6333333333333337,NO2,0.1186642193,nutrients,µmol/L,0,-0.0013499536850000021,0.120014172985
MOBEAST026,T6,Coral,Table 2,2024-06-02,18:00:00,3.6333333333333337,PO4,0.07874403736,nutrients,µmol/L,0,-0.006995528804999998,0.085739566165
MOBEAST026,T6,Coral,Table 2,2024-06-02,18:00:00,3.6333333333333337,SiO2,0.01696242086,nutrients,µmol/L,0,-0.09169681773999999,0.10865923859999999
MOBEAST026,T6,Coral,Table 2,2024-06-02,18:00:00,3.6333333333333337,NH3,1.373606278,nutrients,µmol/L,0,1.02446698715,0.34913929085
MOBEAST026,T6,Coral,Table 2,2024-06-02,18:00:00,3.6333333333333337,NO3,0.9933357807,nutrients,µmol/L,0,0.16584995368499988,0.8274858270150001
MOBEAST026,T6,Coral,Table 2,2024-06-02,18:00:00,3.6333333333333337,ph_diff,-0.03909866931284078,carbonate,NA,0,-0.03909866931284078,0
MOBEAST026,T6,Coral,Table 2,2024-06-02,18:00:00,3.6333333333333337,delta_ta,6.655999999999949,carbonate,NA,0,6.655999999999949,0
MOBEAST026,T6,Coral,Table 2,2024-06-02,18:00:00,3.6333333333333337,do_mg_l,3.13,residence time,NA,0,NA,NA
MOBEAST026,T6,Coral,Table 2,2024-06-02,18:00:00,3.6333333333333337,ta,2333.561,carbonate,NA,0,-4.177000000000135,2337.7380000000003
MOBEAST026,T6,Coral,Table 2,2024-06-02,18:00:00,3.6333333333333337,dic_mmol_kg,2009.8275589661323,residence time,NA,0,NA,NA
MOBEAST026,T6,Coral,Table 2,2024-06-02,18:00:00,3.6333333333333337,ph,8.010587767842125,carbonate,NA,0,-0.044460330099136414,8.055048097941262
MOBEAST026,T6,Coral,Table 2,2024-06-02,18:00:00,3.6333333333333337,AEGEAN-169_marine_group,0.0151,DNA,NA,0,-0.0112,0.0263
MOBEAST026,T6,Coral,Table 2,2024-06-02,18:00:00,3.6333333333333337,Actinomarinaceae,0.0105,DNA,NA,0,-0.004700000000000001,0.015200000000000002
MOBEAST026,T6,Coral,Table 2,2024-06-02,18:00:00,3.6333333333333337,Alcanivoracaceae,0,DNA,NA,0,0,0
MOBEAST026,T6,Coral,Table 2,2024-06-02,18:00:00,3.6333333333333337,Alphaproteobacteria_unclassified,0.0021,DNA,NA,0,0.0021,0
MOBEAST026,T6,Coral,Table 2,2024-06-02,18:00:00,3.6333333333333337,Alteromonadaceae,0.1763,DNA,NA,0,0.15170000000000003,0.024599999999999993
MOBEAST026,T6,Coral,Table 2,2024-06-02,18:00:00,3.6333333333333337,Alteromonadales_unclassified,0,DNA,NA,0,0,0
MOBEAST026,T6,Coral,Table 2,2024-06-02,18:00:00,3.6333333333333337,Anaerolineae_unclassified,0,DNA,NA,0,0,0
MOBEAST026,T6,Coral,Table 2,2024-06-02,18:00:00,3.6333333333333337,Arcobacteraceae,7e-4,DNA,NA,0,7e-4,0
MOBEAST026,T6,Coral,Table 2,2024-06-02,18:00:00,3.6333333333333337,Arctic97B-4_marine_group_fa,0.0013,DNA,NA,0,-7.499999999999998e-4,0.0020499999999999997
MOBEAST026,T6,Coral,Table 2,2024-06-02,18:00:00,3.6333333333333337,Arenicellaceae,0,DNA,NA,0,-2e-4,2e-4
MOBEAST026,T6,Coral,Table 2,2024-06-02,18:00:00,3.6333333333333337,Bacteria_unclassified,0.0019,DNA,NA,0,0.0019,0
MOBEAST026,T6,Coral,Table 2,2024-06-02,18:00:00,3.6333333333333337,Bacteriovoracaceae,0,DNA,NA,0,0,0
MOBEAST026,T6,Coral,Table 2,2024-06-02,18:00:00,3.6333333333333337,Bacteroidales_unclassified,0,DNA,NA,0,0,0
MOBEAST026,T6,Coral,Table 2,2024-06-02,18:00:00,3.6333333333333337,Bacteroidetes_BD2-2,0,DNA,NA,0,0,0
MOBEAST026,T6,Coral,Table 2,2024-06-02,18:00:00,3.6333333333333337,Bacteroidia_unclassified,0,DNA,NA,0,0,0
MOBEAST026,T6,Coral,Table 2,2024-06-02,18:00:00,3.6333333333333337,Bradymonadales_fa,0,DNA,NA,0,0,0
MOBEAST026,T6,Coral,Table 2,2024-06-02,18:00:00,3.6333333333333337,Campylobacterales_unclassified,0,DNA,NA,0,0,0
MOBEAST026,T6,Coral,Table 2,2024-06-02,18:00:00,3.6333333333333337,Campylobacteria_unclassified,0.003,DNA,NA,0,0.003,0
MOBEAST026,T6,Coral,Table 2,2024-06-02,18:00:00,3.6333333333333337,Cellvibrionaceae,0.01079999999999999,DNA,NA,0,0.01024999999999999,5.5e-4
MOBEAST026,T6,Coral,Table 2,2024-06-02,18:00:00,3.6333333333333337,Clade_I,0.0226,DNA,NA,0,-0.008200000000000002,0.0308
MOBEAST026,T6,Coral,Table 2,2024-06-02,18:00:00,3.6333333333333337,Clade_II,0.0102,DNA,NA,0,-0.0011499999999999982,0.011349999999999999
MOBEAST026,T6,Coral,Table 2,2024-06-02,18:00:00,3.6333333333333337,Clade_IV,9e-4,DNA,NA,0,-3.0000000000000014e-4,0.0012000000000000001
MOBEAST026,T6,Coral,Table 2,2024-06-02,18:00:00,3.6333333333333337,Colwelliaceae,0.0028,DNA,NA,0,0.0028,0
MOBEAST026,T6,Coral,Table 2,2024-06-02,18:00:00,3.6333333333333337,Cryomorphaceae,0.0017,DNA,NA,0,-0.0029499999999999995,0.00465
MOBEAST026,T6,Coral,Table 2,2024-06-02,18:00:00,3.6333333333333337,Cyanobiaceae,0.31370000000000003,DNA,NA,0,-0.16099999999999998,0.4747
MOBEAST026,T6,Coral,Table 2,2024-06-02,18:00:00,3.6333333333333337,Cyclobacteriaceae,9e-4,DNA,NA,0,1.4999999999999996e-4,7.5e-4
MOBEAST026,T6,Coral,Table 2,2024-06-02,18:00:00,3.6333333333333337,Deltaproteobacteria_unclassified,0,DNA,NA,0,0,0
MOBEAST026,T6,Coral,Table 2,2024-06-02,18:00:00,3.6333333333333337,Desulfovibrionaceae,0,DNA,NA,0,0,0
MOBEAST026,T6,Coral,Table 2,2024-06-02,18:00:00,3.6333333333333337,Desulfuromonadaceae,0,DNA,NA,0,0,0
MOBEAST026,T6,Coral,Table 2,2024-06-02,18:00:00,3.6333333333333337,Ectothiorhodospiraceae,0.0012,DNA,NA,0,-2.168404344971009e-19,0.0012000000000000001
MOBEAST026,T6,Coral,Table 2,2024-06-02,18:00:00,3.6333333333333337,Endozoicomonadaceae,7e-4,DNA,NA,0,0,7e-4
MOBEAST026,T6,Coral,Table 2,2024-06-02,18:00:00,3.6333333333333337,Flavobacteriaceae,0.0306,DNA,NA,0,-0.031199999999999995,0.061799999999999994
MOBEAST026,T6,Coral,Table 2,2024-06-02,18:00:00,3.6333333333333337,Francisellaceae,0,DNA,NA,0,0,0
MOBEAST026,T6,Coral,Table 2,2024-06-02,18:00:00,3.6333333333333337,Gammaproteobacteria_unclassified,0.00319999999999999,DNA,NA,0,4.9999999999999e-4,0.0027
MOBEAST026,T6,Coral,Table 2,2024-06-02,18:00:00,3.6333333333333337,Halieaceae,0.0098,DNA,NA,0,-0.009799999999999996,0.019599999999999996
MOBEAST026,T6,Coral,Table 2,2024-06-02,18:00:00,3.6333333333333337,Halomonadaceae,1e-4,DNA,NA,0,1e-4,0
MOBEAST026,T6,Coral,Table 2,2024-06-02,18:00:00,3.6333333333333337,Helicobacteraceae,0,DNA,NA,0,0,0
MOBEAST026,T6,Coral,Table 2,2024-06-02,18:00:00,3.6333333333333337,Hyphomonadaceae,0.0024,DNA,NA,0,0.0024,0
MOBEAST026,T6,Coral,Table 2,2024-06-02,18:00:00,3.6333333333333337,Idiomarinaceae,0,DNA,NA,0,0,0
MOBEAST026,T6,Coral,Table 2,2024-06-02,18:00:00,3.6333333333333337,JGI_0000069-P22_fa,0,DNA,NA,0,-0.0010999999999999998,0.0010999999999999998
MOBEAST026,T6,Coral,Table 2,2024-06-02,18:00:00,3.6333333333333337,KI89A_clade_fa,2e-4,DNA,NA,0,-9.999999999999996e-5,3e-4
MOBEAST026,T6,Coral,Table 2,2024-06-02,18:00:00,3.6333333333333337,Kiritimatiellaceae,0,DNA,NA,0,0,0
MOBEAST026,T6,Coral,Table 2,2024-06-02,18:00:00,3.6333333333333337,Leptotrichiaceae,3e-4,DNA,NA,0,3e-4,0
MOBEAST026,T6,Coral,Table 2,2024-06-02,18:00:00,3.6333333333333337,Litoricolaceae,0.0022,DNA,NA,0,-0.00145,0.00365
MOBEAST026,T6,Coral,Table 2,2024-06-02,18:00:00,3.6333333333333337,Marine_Group_II_fa,0.0168,DNA,NA,0,-0.028249999999999994,0.04504999999999999
MOBEAST026,T6,Coral,Table 2,2024-06-02,18:00:00,3.6333333333333337,Marinifilaceae,0,DNA,NA,0,0,0
MOBEAST026,T6,Coral,Table 2,2024-06-02,18:00:00,3.6333333333333337,Marinilabiliaceae,1e-4,DNA,NA,0,1e-4,0
MOBEAST026,T6,Coral,Table 2,2024-06-02,18:00:00,3.6333333333333337,Marinimicrobia_(SAR406_clade)_fa,0.0042,DNA,NA,0,-0.00255,0.00675
MOBEAST026,T6,Coral,Table 2,2024-06-02,18:00:00,3.6333333333333337,Marinobacteraceae,5e-4,DNA,NA,0,5e-4,0
MOBEAST026,T6,Coral,Table 2,2024-06-02,18:00:00,3.6333333333333337,Marinomonadaceae,0.0018,DNA,NA,0,0.0018,0
MOBEAST026,T6,Coral,Table 2,2024-06-02,18:00:00,3.6333333333333337,Methylophilaceae,0.005,DNA,NA,0,-9.500000000000003e-4,0.00595
MOBEAST026,T6,Coral,Table 2,2024-06-02,18:00:00,3.6333333333333337,Micavibrionaceae,0,DNA,NA,0,0,0
MOBEAST026,T6,Coral,Table 2,2024-06-02,18:00:00,3.6333333333333337,Microtrichaceae,0.0036,DNA,NA,0,-3.500000000000005e-4,0.00395
MOBEAST026,T6,Coral,Table 2,2024-06-02,18:00:00,3.6333333333333337,Moraxellaceae,0,DNA,NA,0,0,0
MOBEAST026,T6,Coral,Table 2,2024-06-02,18:00:00,3.6333333333333337,NS7_marine_group,0.001,DNA,NA,0,4.5e-4,5.5e-4
MOBEAST026,T6,Coral,Table 2,2024-06-02,18:00:00,3.6333333333333337,NS9_marine_group,0.0015,DNA,NA,0,-0.0019499999999999947,0.0034499999999999947
MOBEAST026,T6,Coral,Table 2,2024-06-02,18:00:00,3.6333333333333337,Nannocystaceae,2e-4,DNA,NA,0,2.710505431213761e-20,1.9999999999999998e-4
MOBEAST026,T6,Coral,Table 2,2024-06-02,18:00:00,3.6333333333333337,Nitrincolaceae,0.0158,DNA,NA,0,0.013550000000000001,0.00225
MOBEAST026,T6,Coral,Table 2,2024-06-02,18:00:00,3.6333333333333337,Nitrosopumilaceae,4e-4,DNA,NA,0,-4.999999999999997e-5,4.5e-4
MOBEAST026,T6,Coral,Table 2,2024-06-02,18:00:00,3.6333333333333337,OM182_clade_fa,0.0018,DNA,NA,0,-0.002,0.0038
MOBEAST026,T6,Coral,Table 2,2024-06-02,18:00:00,3.6333333333333337,Oleiphilaceae,5e-4,DNA,NA,0,-2.999999999999999e-4,7.999999999999999e-4
MOBEAST026,T6,Coral,Table 2,2024-06-02,18:00:00,3.6333333333333337,Oligoflexaceae,8e-4,DNA,NA,0,3.5000000000000005e-4,4.5e-4
MOBEAST026,T6,Coral,Table 2,2024-06-02,18:00:00,3.6333333333333337,Pirellulaceae,0.0017,DNA,NA,0,-0.00125,0.00295
MOBEAST026,T6,Coral,Table 2,2024-06-02,18:00:00,3.6333333333333337,Piscirickettsiaceae,1e-4,DNA,NA,0,-3.0000000000000003e-4,4e-4
MOBEAST026,T6,Coral,Table 2,2024-06-02,18:00:00,3.6333333333333337,Prolixibacteraceae,4e-4,DNA,NA,0,4e-4,0
MOBEAST026,T6,Coral,Table 2,2024-06-02,18:00:00,3.6333333333333337,Proteobacteria_unclassified,8e-4,DNA,NA,0,-8e-4,0.0016
MOBEAST026,T6,Coral,Table 2,2024-06-02,18:00:00,3.6333333333333337,Pseudoalteromonadaceae,0.0246,DNA,NA,0,0.0241,5e-4
MOBEAST026,T6,Coral,Table 2,2024-06-02,18:00:00,3.6333333333333337,Pseudohongiellaceae,0.0022,DNA,NA,0,3.5000000000000005e-4,0.00185
MOBEAST026,T6,Coral,Table 2,2024-06-02,18:00:00,3.6333333333333337,Pseudomonadaceae,0,DNA,NA,0,0,0
MOBEAST026,T6,Coral,Table 2,2024-06-02,18:00:00,3.6333333333333337,Puniceicoccaceae,0,DNA,NA,0,0,0
MOBEAST026,T6,Coral,Table 2,2024-06-02,18:00:00,3.6333333333333337,Rhizobiaceae,0,DNA,NA,0,0,0
MOBEAST026,T6,Coral,Table 2,2024-06-02,18:00:00,3.6333333333333337,Rhodobacteraceae,0.04069999999999999,DNA,NA,0,-0.021700000000000004,0.0624
MOBEAST026,T6,Coral,Table 2,2024-06-02,18:00:00,3.6333333333333337,Rhodospirillaceae,0,DNA,NA,0,0,0
MOBEAST026,T6,Coral,Table 2,2024-06-02,18:00:00,3.6333333333333337,Rubinisphaeraceae,5e-4,DNA,NA,0,-1.0000000000000005e-4,6.000000000000001e-4
MOBEAST026,T6,Coral,Table 2,2024-06-02,18:00:00,3.6333333333333337,S25-593,4e-4,DNA,NA,0,-3.999999999999999e-4,7.999999999999999e-4
MOBEAST026,T6,Coral,Table 2,2024-06-02,18:00:00,3.6333333333333337,SAR116_clade,0.02799999999999999,DNA,NA,0,-0.012550000000000013,0.04055
MOBEAST026,T6,Coral,Table 2,2024-06-02,18:00:00,3.6333333333333337,SAR202_clade_fa,0,DNA,NA,0,-3.0000000000000003e-4,3.0000000000000003e-4
MOBEAST026,T6,Coral,Table 2,2024-06-02,18:00:00,3.6333333333333337,SAR324_clade(Marine_group_B)_fa,3e-4,DNA,NA,0,-3.5e-4,6.5e-4
MOBEAST026,T6,Coral,Table 2,2024-06-02,18:00:00,3.6333333333333337,SAR86_clade_fa,0.0253,DNA,NA,0,-0.014599999999999998,0.0399
MOBEAST026,T6,Coral,Table 2,2024-06-02,18:00:00,3.6333333333333337,Saccharospirillaceae,0.0154,DNA,NA,0,-0.0188,0.0342
MOBEAST026,T6,Coral,Table 2,2024-06-02,18:00:00,3.6333333333333337,Saprospiraceae,4e-4,DNA,NA,0,4e-4,0
MOBEAST026,T6,Coral,Table 2,2024-06-02,18:00:00,3.6333333333333337,Sphingomonadaceae,0,DNA,NA,0,0,0
MOBEAST026,T6,Coral,Table 2,2024-06-02,18:00:00,3.6333333333333337,Spirochaetaceae,0,DNA,NA,0,0,0
MOBEAST026,T6,Coral,Table 2,2024-06-02,18:00:00,3.6333333333333337,Spongiibacteraceae,4e-4,DNA,NA,0,4e-4,0
MOBEAST026,T6,Coral,Table 2,2024-06-02,18:00:00,3.6333333333333337,Stappiaceae,0,DNA,NA,0,0,0
MOBEAST026,T6,Coral,Table 2,2024-06-02,18:00:00,3.6333333333333337,Terasakiellaceae,0,DNA,NA,0,0,0
MOBEAST026,T6,Coral,Table 2,2024-06-02,18:00:00,3.6333333333333337,Thalassospiraceae,1e-4,DNA,NA,0,1e-4,0
MOBEAST026,T6,Coral,Table 2,2024-06-02,18:00:00,3.6333333333333337,Woesearchaeia_fa,0,DNA,NA,0,-2.5e-4,2.5e-4
MOBEAST026,T6,Coral,Table 2,2024-06-02,18:00:00,3.6333333333333337,uncultured_fa,1e-4,DNA,NA,0,-1e-4,2e-4
MOBEAST027,T7,Coral,Table 2,2024-06-02,18:00:00,19.8,het_bact,494.942,FCM,cell/µL,0,40.50350000000003,454.4385
MOBEAST027,T7,Coral,Table 2,2024-06-02,18:00:00,19.8,pico_euk,2.413,FCM,cell/µL,0,0.2979999999999996,2.115
MOBEAST027,T7,Coral,Table 2,2024-06-02,18:00:00,19.8,syn,131.581,FCM,cell/µL,0,11.306499999999986,120.2745
MOBEAST027,T7,Coral,Table 2,2024-06-02,18:00:00,19.8,pro,10.882,FCM,cell/µL,0,-1.2415000000000003,12.1235
MOBEAST027,T7,Coral,Table 2,2024-06-02,18:00:00,19.8,tot_bact,637.404,FCM,cell/µL,0,50.567999999999984,586.836
MOBEAST027,T7,Coral,Table 2,2024-06-02,18:00:00,19.8,cyano,142.46299999999997,FCM,cell/µL,0,10.06499999999997,132.398
MOBEAST027,T7,Coral,Table 2,2024-06-02,18:00:00,19.8,chla_conc,0.24,chla,µg/L,0,0.13419999999999999,0.10579999999999999
MOBEAST027,T7,Coral,Table 2,2024-06-02,18:00:00,19.8,tn_u_m,11.6922615605389,DOC,µmol/L,0,-1.786287990747299,13.4785495512862
MOBEAST027,T7,Coral,Table 2,2024-06-02,18:00:00,19.8,coble_a,0.0072538361693044,fDOM,R.U.,0,-0.0016608597726965255,0.008914695942000925
MOBEAST027,T7,Coral,Table 2,2024-06-02,18:00:00,19.8,coble_b,0.0534740519511955,fDOM,R.U.,0,0.0221840308300697,0.0312900211211258
MOBEAST027,T7,Coral,Table 2,2024-06-02,18:00:00,19.8,coble_c,0.00631935728754721,fDOM,R.U.,0,6.926864684621307e-4,0.0056266708190850796
MOBEAST027,T7,Coral,Table 2,2024-06-02,18:00:00,19.8,coble_m,0.00958640971009911,fDOM,R.U.,0,-3.035095198229056e-4,0.009889919229922016
MOBEAST027,T7,Coral,Table 2,2024-06-02,18:00:00,19.8,coble_t,0.0446940034121581,fDOM,R.U.,0,-0.0046105186717057475,0.04930452208386385
MOBEAST027,T7,Coral,Table 2,2024-06-02,18:00:00,19.8,m_to_c,1.5169912498838898,fDOM,R.U.,0,-0.24085379642127225,1.757845046305162
MOBEAST027,T7,Coral,Table 2,2024-06-02,18:00:00,19.8,bix,0.820974909080176,fDOM,R.U.,0,0.0013093653291315066,0.8196655437510445
MOBEAST027,T7,Coral,Table 2,2024-06-02,18:00:00,19.8,hix,0.506355768049089,fDOM,R.U.,0,-0.10462785917359796,0.610983627222687
MOBEAST027,T7,Coral,Table 2,2024-06-02,18:00:00,19.8,fpeak,0.0298766111036638,fDOM,R.U.,0,0.008453332423519002,0.0214232786801448
MOBEAST027,T7,Coral,Table 2,2024-06-02,18:00:00,19.8,lignin,0.0247027438583745,fDOM,R.U.,0,-3.345932040219289e-4,0.025037337062396428
MOBEAST027,T7,Coral,Table 2,2024-06-02,18:00:00,19.8,N_N,0.477,nutrients,µmol/L,0,-0.47050000000000003,0.9475
MOBEAST027,T7,Coral,Table 2,2024-06-02,18:00:00,19.8,NO2,0.1177422998,nutrients,µmol/L,0,-0.002271873184999995,0.120014172985
MOBEAST027,T7,Coral,Table 2,2024-06-02,18:00:00,19.8,PO4,0.1184074467,nutrients,µmol/L,0,0.032667880535,0.085739566165
MOBEAST027,T7,Coral,Table 2,2024-06-02,18:00:00,19.8,SiO2,0.06973439688,nutrients,µmol/L,0,-0.03892484171999999,0.10865923859999999
MOBEAST027,T7,Coral,Table 2,2024-06-02,18:00:00,19.8,NH3,0.5067689972,nutrients,µmol/L,0,0.15762970635,0.34913929085
MOBEAST027,T7,Coral,Table 2,2024-06-02,18:00:00,19.8,NO3,0.3592577002,nutrients,µmol/L,0,-0.4682281268150001,0.8274858270150001
MOBEAST027,T7,Coral,Table 2,2024-06-02,18:00:00,19.8,ph_diff,-0.04145945372584414,carbonate,NA,0,-0.04145945372584414,0
MOBEAST027,T7,Coral,Table 2,2024-06-02,18:00:00,19.8,delta_ta,-11.653999999999996,carbonate,NA,0,-11.653999999999996,0
MOBEAST027,T7,Coral,Table 2,2024-06-02,18:00:00,19.8,do_mg_l,4.12,residence time,NA,0,NA,NA
MOBEAST027,T7,Coral,Table 2,2024-06-02,18:00:00,19.8,ta,2315.251,carbonate,NA,0,-22.48700000000008,2337.7380000000003
MOBEAST027,T7,Coral,Table 2,2024-06-02,18:00:00,19.8,dic_mmol_kg,1997.2291654370104,residence time,NA,0,NA,NA
MOBEAST027,T7,Coral,Table 2,2024-06-02,18:00:00,19.8,ph,8.007729542062343,carbonate,NA,0,-0.047318555878918644,8.055048097941262
MOBEAST027,T7,Coral,Table 2,2024-06-02,18:00:00,19.8,AEGEAN-169_marine_group,0.0188,DNA,NA,0,-0.0075,0.0263
MOBEAST027,T7,Coral,Table 2,2024-06-02,18:00:00,19.8,Actinomarinaceae,0.0096,DNA,NA,0,-0.0056000000000000025,0.015200000000000002
MOBEAST027,T7,Coral,Table 2,2024-06-02,18:00:00,19.8,Alphaproteobacteria_unclassified,0.00409999999999999,DNA,NA,0,0.00409999999999999,0
MOBEAST027,T7,Coral,Table 2,2024-06-02,18:00:00,19.8,Alteromonadaceae,0.043,DNA,NA,0,0.018400000000000003,0.024599999999999993
MOBEAST027,T7,Coral,Table 2,2024-06-02,18:00:00,19.8,Alteromonadales_unclassified,0.0077,DNA,NA,0,0.0077,0
MOBEAST027,T7,Coral,Table 2,2024-06-02,18:00:00,19.8,Anaerolineae_unclassified,0,DNA,NA,0,0,0
MOBEAST027,T7,Coral,Table 2,2024-06-02,18:00:00,19.8,Arcobacteraceae,0.0308,DNA,NA,0,0.0308,0
MOBEAST027,T7,Coral,Table 2,2024-06-02,18:00:00,19.8,Arctic97B-4_marine_group_fa,0.0011,DNA,NA,0,-9.499999999999997e-4,0.0020499999999999997
MOBEAST027,T7,Coral,Table 2,2024-06-02,18:00:00,19.8,Arenicellaceae,0.0024,DNA,NA,0,0.0021999999999999997,2e-4
MOBEAST027,T7,Coral,Table 2,2024-06-02,18:00:00,19.8,Bacteria_unclassified,2e-4,DNA,NA,0,2e-4,0
MOBEAST027,T7,Coral,Table 2,2024-06-02,18:00:00,19.8,Bacteriovoracaceae,0.0012,DNA,NA,0,0.0012,0
MOBEAST027,T7,Coral,Table 2,2024-06-02,18:00:00,19.8,Bacteroidales_unclassified,0,DNA,NA,0,0,0
MOBEAST027,T7,Coral,Table 2,2024-06-02,18:00:00,19.8,Bacteroidetes_BD2-2,6e-4,DNA,NA,0,6e-4,0
MOBEAST027,T7,Coral,Table 2,2024-06-02,18:00:00,19.8,Bacteroidia_unclassified,3e-4,DNA,NA,0,3e-4,0
MOBEAST027,T7,Coral,Table 2,2024-06-02,18:00:00,19.8,Bradymonadales_fa,0,DNA,NA,0,0,0
MOBEAST027,T7,Coral,Table 2,2024-06-02,18:00:00,19.8,Campylobacterales_unclassified,0,DNA,NA,0,0,0
MOBEAST027,T7,Coral,Table 2,2024-06-02,18:00:00,19.8,Cellvibrionaceae,0.0121,DNA,NA,0,0.01155,5.5e-4
MOBEAST027,T7,Coral,Table 2,2024-06-02,18:00:00,19.8,Clade_I,0.0255,DNA,NA,0,-0.005300000000000003,0.0308
MOBEAST027,T7,Coral,Table 2,2024-06-02,18:00:00,19.8,Clade_II,0.0115,DNA,NA,0,1.5000000000000083e-4,0.011349999999999999
MOBEAST027,T7,Coral,Table 2,2024-06-02,18:00:00,19.8,Clade_IV,5e-4,DNA,NA,0,-7.000000000000001e-4,0.0012000000000000001
MOBEAST027,T7,Coral,Table 2,2024-06-02,18:00:00,19.8,Colwelliaceae,3.0000000000000003e-4,DNA,NA,0,3.0000000000000003e-4,0
MOBEAST027,T7,Coral,Table 2,2024-06-02,18:00:00,19.8,Cryomorphaceae,0.0033,DNA,NA,0,-0.0013499999999999996,0.00465
MOBEAST027,T7,Coral,Table 2,2024-06-02,18:00:00,19.8,Cyanobiaceae,0.4487,DNA,NA,0,-0.026000000000000023,0.4747
MOBEAST027,T7,Coral,Table 2,2024-06-02,18:00:00,19.8,Cyclobacteriaceae,4e-4,DNA,NA,0,-3.5e-4,7.5e-4
MOBEAST027,T7,Coral,Table 2,2024-06-02,18:00:00,19.8,Deltaproteobacteria_unclassified,1e-4,DNA,NA,0,1e-4,0
MOBEAST027,T7,Coral,Table 2,2024-06-02,18:00:00,19.8,Desulfovibrionaceae,0.001,DNA,NA,0,0.001,0
MOBEAST027,T7,Coral,Table 2,2024-06-02,18:00:00,19.8,Desulfuromonadaceae,2e-4,DNA,NA,0,2e-4,0
MOBEAST027,T7,Coral,Table 2,2024-06-02,18:00:00,19.8,Ectothiorhodospiraceae,0.001,DNA,NA,0,-2.000000000000001e-4,0.0012000000000000001
MOBEAST027,T7,Coral,Table 2,2024-06-02,18:00:00,19.8,Endozoicomonadaceae,7e-4,DNA,NA,0,0,7e-4
MOBEAST027,T7,Coral,Table 2,2024-06-02,18:00:00,19.8,Flavobacteriaceae,0.03980000000000001,DNA,NA,0,-0.021999999999999985,0.061799999999999994
MOBEAST027,T7,Coral,Table 2,2024-06-02,18:00:00,19.8,Francisellaceae,4e-4,DNA,NA,0,4e-4,0
MOBEAST027,T7,Coral,Table 2,2024-06-02,18:00:00,19.8,Gammaproteobacteria_unclassified,0.0055,DNA,NA,0,0.0027999999999999995,0.0027
MOBEAST027,T7,Coral,Table 2,2024-06-02,18:00:00,19.8,Halieaceae,0.01369999999999999,DNA,NA,0,-0.005900000000000006,0.019599999999999996
MOBEAST027,T7,Coral,Table 2,2024-06-02,18:00:00,19.8,Halomonadaceae,0,DNA,NA,0,0,0
MOBEAST027,T7,Coral,Table 2,2024-06-02,18:00:00,19.8,Helicobacteraceae,0.0014,DNA,NA,0,0.0014,0
MOBEAST027,T7,Coral,Table 2,2024-06-02,18:00:00,19.8,Hyphomonadaceae,0.0011,DNA,NA,0,0.0011,0
MOBEAST027,T7,Coral,Table 2,2024-06-02,18:00:00,19.8,Idiomarinaceae,0,DNA,NA,0,0,0
MOBEAST027,T7,Coral,Table 2,2024-06-02,18:00:00,19.8,JGI_0000069-P22_fa,5e-4,DNA,NA,0,-5.999999999999998e-4,0.0010999999999999998
MOBEAST027,T7,Coral,Table 2,2024-06-02,18:00:00,19.8,KI89A_clade_fa,4e-4,DNA,NA,0,1.0000000000000005e-4,3e-4
MOBEAST027,T7,Coral,Table 2,2024-06-02,18:00:00,19.8,Kiritimatiellaceae,5e-4,DNA,NA,0,5e-4,0
MOBEAST027,T7,Coral,Table 2,2024-06-02,18:00:00,19.8,Leptotrichiaceae,0.0013,DNA,NA,0,0.0013,0
MOBEAST027,T7,Coral,Table 2,2024-06-02,18:00:00,19.8,Litoricolaceae,0.0042,DNA,NA,0,5.499999999999997e-4,0.00365
MOBEAST027,T7,Coral,Table 2,2024-06-02,18:00:00,19.8,Marine_Group_II_fa,0.0276,DNA,NA,0,-0.017449999999999993,0.04504999999999999
MOBEAST027,T7,Coral,Table 2,2024-06-02,18:00:00,19.8,Marinifilaceae,0,DNA,NA,0,0,0
MOBEAST027,T7,Coral,Table 2,2024-06-02,18:00:00,19.8,Marinilabiliaceae,0.001,DNA,NA,0,0.001,0
MOBEAST027,T7,Coral,Table 2,2024-06-02,18:00:00,19.8,Marinimicrobia_(SAR406_clade)_fa,0.005,DNA,NA,0,-0.0017499999999999998,0.00675
MOBEAST027,T7,Coral,Table 2,2024-06-02,18:00:00,19.8,Marinobacteraceae,0,DNA,NA,0,0,0
MOBEAST027,T7,Coral,Table 2,2024-06-02,18:00:00,19.8,Marinomonadaceae,0,DNA,NA,0,0,0
MOBEAST027,T7,Coral,Table 2,2024-06-02,18:00:00,19.8,Methylophilaceae,0.005,DNA,NA,0,-9.500000000000003e-4,0.00595
MOBEAST027,T7,Coral,Table 2,2024-06-02,18:00:00,19.8,Micavibrionaceae,2e-4,DNA,NA,0,2e-4,0
MOBEAST027,T7,Coral,Table 2,2024-06-02,18:00:00,19.8,Microtrichaceae,0.0034,DNA,NA,0,-5.500000000000006e-4,0.00395
MOBEAST027,T7,Coral,Table 2,2024-06-02,18:00:00,19.8,Moraxellaceae,0,DNA,NA,0,0,0
MOBEAST027,T7,Coral,Table 2,2024-06-02,18:00:00,19.8,NS7_marine_group,4e-4,DNA,NA,0,-1.5000000000000001e-4,5.5e-4
MOBEAST027,T7,Coral,Table 2,2024-06-02,18:00:00,19.8,NS9_marine_group,0.004,DNA,NA,0,5.500000000000053e-4,0.0034499999999999947
MOBEAST027,T7,Coral,Table 2,2024-06-02,18:00:00,19.8,Nannocystaceae,2e-4,DNA,NA,0,2.710505431213761e-20,1.9999999999999998e-4
MOBEAST027,T7,Coral,Table 2,2024-06-02,18:00:00,19.8,Nitrincolaceae,0.00299999999999999,DNA,NA,0,7.499999999999903e-4,0.00225
MOBEAST027,T7,Coral,Table 2,2024-06-02,18:00:00,19.8,Nitrosopumilaceae,7e-4,DNA,NA,0,2.5e-4,4.5e-4
MOBEAST027,T7,Coral,Table 2,2024-06-02,18:00:00,19.8,OM182_clade_fa,0.0034,DNA,NA,0,-4.000000000000002e-4,0.0038
MOBEAST027,T7,Coral,Table 2,2024-06-02,18:00:00,19.8,Oleiphilaceae,9e-4,DNA,NA,0,1.0000000000000005e-4,7.999999999999999e-4
MOBEAST027,T7,Coral,Table 2,2024-06-02,18:00:00,19.8,Oligoflexaceae,7e-4,DNA,NA,0,2.5e-4,4.5e-4
MOBEAST027,T7,Coral,Table 2,2024-06-02,18:00:00,19.8,Pirellulaceae,0.0021,DNA,NA,0,-8.500000000000001e-4,0.00295
MOBEAST027,T7,Coral,Table 2,2024-06-02,18:00:00,19.8,Piscirickettsiaceae,4e-4,DNA,NA,0,0,4e-4
MOBEAST027,T7,Coral,Table 2,2024-06-02,18:00:00,19.8,Prolixibacteraceae,0,DNA,NA,0,0,0
MOBEAST027,T7,Coral,Table 2,2024-06-02,18:00:00,19.8,Proteobacteria_unclassified,0.00159999999999999,DNA,NA,0,-9.974659986866641e-18,0.0016
MOBEAST027,T7,Coral,Table 2,2024-06-02,18:00:00,19.8,Pseudoalteromonadaceae,0.0013,DNA,NA,0,7.999999999999999e-4,5e-4
MOBEAST027,T7,Coral,Table 2,2024-06-02,18:00:00,19.8,Pseudohongiellaceae,0.0012,DNA,NA,0,-6.500000000000002e-4,0.00185
MOBEAST027,T7,Coral,Table 2,2024-06-02,18:00:00,19.8,Pseudomonadaceae,0,DNA,NA,0,0,0
MOBEAST027,T7,Coral,Table 2,2024-06-02,18:00:00,19.8,Puniceicoccaceae,3e-4,DNA,NA,0,3e-4,0
MOBEAST027,T7,Coral,Table 2,2024-06-02,18:00:00,19.8,Rhizobiaceae,0,DNA,NA,0,0,0
MOBEAST027,T7,Coral,Table 2,2024-06-02,18:00:00,19.8,Rhodobacteraceae,0.0425,DNA,NA,0,-0.019899999999999994,0.0624
MOBEAST027,T7,Coral,Table 2,2024-06-02,18:00:00,19.8,Rubinisphaeraceae,6e-4,DNA,NA,0,-1.0842021724855044e-19,6.000000000000001e-4
MOBEAST027,T7,Coral,Table 2,2024-06-02,18:00:00,19.8,S25-593,4e-4,DNA,NA,0,-3.999999999999999e-4,7.999999999999999e-4
MOBEAST027,T7,Coral,Table 2,2024-06-02,18:00:00,19.8,SAR116_clade,0.0332,DNA,NA,0,-0.007350000000000002,0.04055
MOBEAST027,T7,Coral,Table 2,2024-06-02,18:00:00,19.8,SAR202_clade_fa,3e-4,DNA,NA,0,-5.421010862427522e-20,3.0000000000000003e-4
MOBEAST027,T7,Coral,Table 2,2024-06-02,18:00:00,19.8,SAR324_clade(Marine_group_B)_fa,5e-4,DNA,NA,0,-1.4999999999999996e-4,6.5e-4
MOBEAST027,T7,Coral,Table 2,2024-06-02,18:00:00,19.8,SAR86_clade_fa,0.03569999999999999,DNA,NA,0,-0.004200000000000009,0.0399
MOBEAST027,T7,Coral,Table 2,2024-06-02,18:00:00,19.8,Saccharospirillaceae,0.02749999999999999,DNA,NA,0,-0.0067000000000000115,0.0342
MOBEAST027,T7,Coral,Table 2,2024-06-02,18:00:00,19.8,Saprospiraceae,0,DNA,NA,0,0,0
MOBEAST027,T7,Coral,Table 2,2024-06-02,18:00:00,19.8,Sphingomonadaceae,3e-4,DNA,NA,0,3e-4,0
MOBEAST027,T7,Coral,Table 2,2024-06-02,18:00:00,19.8,Spirochaetaceae,6e-4,DNA,NA,0,6e-4,0
MOBEAST027,T7,Coral,Table 2,2024-06-02,18:00:00,19.8,Spongiibacteraceae,0.001,DNA,NA,0,0.001,0
MOBEAST027,T7,Coral,Table 2,2024-06-02,18:00:00,19.8,Stappiaceae,3e-4,DNA,NA,0,3e-4,0
MOBEAST027,T7,Coral,Table 2,2024-06-02,18:00:00,19.8,Terasakiellaceae,0.0028,DNA,NA,0,0.0028,0
MOBEAST027,T7,Coral,Table 2,2024-06-02,18:00:00,19.8,Thalassospiraceae,1e-4,DNA,NA,0,1e-4,0
MOBEAST027,T7,Coral,Table 2,2024-06-02,18:00:00,19.8,Thiomicrospiraceae,3e-4,DNA,NA,0,3e-4,0
MOBEAST027,T7,Coral,Table 2,2024-06-02,18:00:00,19.8,Vibrionaceae,0.0166,DNA,NA,0,0.0142,0.0024000000000000002
MOBEAST027,T7,Coral,Table 2,2024-06-02,18:00:00,19.8,Woesearchaeia_fa,0,DNA,NA,0,-2.5e-4,2.5e-4
MOBEAST027,T7,Coral,Table 2,2024-06-02,18:00:00,19.8,uncultured_fa,4e-4,DNA,NA,0,2e-4,2e-4
MOBEAST028,T8,Control,Table 2,2024-06-02,18:00:00,10.183333333333334,het_bact,492.667,FCM,cell/µL,0,38.2285,454.4385
MOBEAST028,T8,Control,Table 2,2024-06-02,18:00:00,10.183333333333334,pico_euk,2.067,FCM,cell/µL,0,-0.04800000000000004,2.115
MOBEAST028,T8,Control,Table 2,2024-06-02,18:00:00,10.183333333333334,syn,135.7,FCM,cell/µL,0,15.425499999999985,120.2745
MOBEAST028,T8,Control,Table 2,2024-06-02,18:00:00,10.183333333333334,pro,10.783,FCM,cell/µL,0,-1.3405000000000005,12.1235
MOBEAST028,T8,Control,Table 2,2024-06-02,18:00:00,10.183333333333334,tot_bact,639.15,FCM,cell/µL,0,52.313999999999965,586.836
MOBEAST028,T8,Control,Table 2,2024-06-02,18:00:00,10.183333333333334,cyano,146.483,FCM,cell/µL,0,14.085000000000008,132.398
MOBEAST028,T8,Control,Table 2,2024-06-02,18:00:00,10.183333333333334,chla_conc,0.03759999999999999,chla,µg/L,0,-0.06820000000000001,0.10579999999999999
MOBEAST028,T8,Control,Table 2,2024-06-02,18:00:00,10.183333333333334,tn_u_m,12.0692240142218,DOC,µmol/L,0,-1.4093255370643991,13.4785495512862
MOBEAST028,T8,Control,Table 2,2024-06-02,18:00:00,10.183333333333334,coble_a,0.0088080073067399,fDOM,R.U.,0,-1.0668863526102496e-4,0.008914695942000925
MOBEAST028,T8,Control,Table 2,2024-06-02,18:00:00,10.183333333333334,coble_b,0.0576029020931357,fDOM,R.U.,0,0.0263128809720099,0.0312900211211258
MOBEAST028,T8,Control,Table 2,2024-06-02,18:00:00,10.183333333333334,coble_c,0.00692525748758567,fDOM,R.U.,0,0.0012985866685005908,0.0056266708190850796
MOBEAST028,T8,Control,Table 2,2024-06-02,18:00:00,10.183333333333334,coble_m,0.0115745375173169,fDOM,R.U.,0,0.0016846182873948845,0.009889919229922016
MOBEAST028,T8,Control,Table 2,2024-06-02,18:00:00,10.183333333333334,coble_t,0.0361069012924762,fDOM,R.U.,0,-0.01319762079138765,0.04930452208386385
MOBEAST028,T8,Control,Table 2,2024-06-02,18:00:00,10.183333333333334,m_to_c,1.6713512151808947,fDOM,R.U.,0,-0.08649383112426734,1.757845046305162
MOBEAST028,T8,Control,Table 2,2024-06-02,18:00:00,10.183333333333334,bix,0.697553007313411,fDOM,R.U.,0,-0.12211253643763353,0.8196655437510445
MOBEAST028,T8,Control,Table 2,2024-06-02,18:00:00,10.183333333333334,hix,0.641668716780974,fDOM,R.U.,0,0.030685089558287082,0.610983627222687
MOBEAST028,T8,Control,Table 2,2024-06-02,18:00:00,10.183333333333334,fpeak,0.0363671273432839,fDOM,R.U.,0,0.014943848663139102,0.0214232786801448
MOBEAST028,T8,Control,Table 2,2024-06-02,18:00:00,10.183333333333334,fi,2.30063745101818,fDOM,R.U.,0,0.14593034465438492,2.1547071063637953
MOBEAST028,T8,Control,Table 2,2024-06-02,18:00:00,10.183333333333334,lignin,0.00429340282897968,fDOM,R.U.,0,-0.02074393423341675,0.025037337062396428
MOBEAST028,T8,Control,Table 2,2024-06-02,18:00:00,10.183333333333334,N_N,0.667,nutrients,µmol/L,0,-0.28049999999999997,0.9475
MOBEAST028,T8,Control,Table 2,2024-06-02,18:00:00,10.183333333333334,NO2,0.1671966997,nutrients,µmol/L,0,0.047182526715000006,0.120014172985
MOBEAST028,T8,Control,Table 2,2024-06-02,18:00:00,10.183333333333334,PO4,0.1214584782,nutrients,µmol/L,0,0.035718912034999994,0.085739566165
MOBEAST028,T8,Control,Table 2,2024-06-02,18:00:00,10.183333333333334,SiO2,0.1884713429,nutrients,µmol/L,0,0.07981210430000002,0.10865923859999999
MOBEAST028,T8,Control,Table 2,2024-06-02,18:00:00,10.183333333333334,NH3,1.000086926,nutrients,µmol/L,0,0.6509476351500001,0.34913929085
MOBEAST028,T8,Control,Table 2,2024-06-02,18:00:00,10.183333333333334,NO3,0.4998033003,nutrients,µmol/L,0,-0.3276825267150001,0.8274858270150001
MOBEAST028,T8,Control,Table 2,2024-06-02,18:00:00,10.183333333333334,do_mg_l,4.18,residence time,NA,0,NA,NA
MOBEAST028,T8,Control,Table 2,2024-06-02,18:00:00,10.183333333333334,ta,2346.573,carbonate,NA,0,8.834999999999582,2337.7380000000003
MOBEAST028,T8,Control,Table 2,2024-06-02,18:00:00,10.183333333333334,dic_mmol_kg,1994.6623829913308,residence time,NA,0,NA,NA
MOBEAST028,T8,Control,Table 2,2024-06-02,18:00:00,10.183333333333334,ph,8.052464271,carbonate,NA,0,-0.002583826941261691,8.055048097941262
MOBEAST028,T8,Control,Table 2,2024-06-02,18:00:00,10.183333333333334,AEGEAN-169_marine_group,0.0281,DNA,NA,0,0.0017999999999999995,0.0263
MOBEAST028,T8,Control,Table 2,2024-06-02,18:00:00,10.183333333333334,Actinomarinaceae,0.0154,DNA,NA,0,1.999999999999988e-4,0.015200000000000002
MOBEAST028,T8,Control,Table 2,2024-06-02,18:00:00,10.183333333333334,Alcanivoracaceae,0,DNA,NA,0,0,0
MOBEAST028,T8,Control,Table 2,2024-06-02,18:00:00,10.183333333333334,Alphaproteobacteria_unclassified,3e-4,DNA,NA,0,3e-4,0
MOBEAST028,T8,Control,Table 2,2024-06-02,18:00:00,10.183333333333334,Alteromonadaceae,0.0215,DNA,NA,0,-0.003099999999999995,0.024599999999999993
MOBEAST028,T8,Control,Table 2,2024-06-02,18:00:00,10.183333333333334,Alteromonadales_unclassified,0,DNA,NA,0,0,0
MOBEAST028,T8,Control,Table 2,2024-06-02,18:00:00,10.183333333333334,Anaerolineae_unclassified,0,DNA,NA,0,0,0
MOBEAST028,T8,Control,Table 2,2024-06-02,18:00:00,10.183333333333334,Arcobacteraceae,0,DNA,NA,0,0,0
MOBEAST028,T8,Control,Table 2,2024-06-02,18:00:00,10.183333333333334,Arctic97B-4_marine_group_fa,0.0027,DNA,NA,0,6.500000000000004e-4,0.0020499999999999997
MOBEAST028,T8,Control,Table 2,2024-06-02,18:00:00,10.183333333333334,Arenicellaceae,0,DNA,NA,0,-2e-4,2e-4
MOBEAST028,T8,Control,Table 2,2024-06-02,18:00:00,10.183333333333334,Bacteria_unclassified,0,DNA,NA,0,0,0
MOBEAST028,T8,Control,Table 2,2024-06-02,18:00:00,10.183333333333334,Bacteriovoracaceae,0,DNA,NA,0,0,0
MOBEAST028,T8,Control,Table 2,2024-06-02,18:00:00,10.183333333333334,Bacteroidales_unclassified,0,DNA,NA,0,0,0
MOBEAST028,T8,Control,Table 2,2024-06-02,18:00:00,10.183333333333334,Bacteroidetes_BD2-2,0,DNA,NA,0,0,0
MOBEAST028,T8,Control,Table 2,2024-06-02,18:00:00,10.183333333333334,Bacteroidia_unclassified,0,DNA,NA,0,0,0
MOBEAST028,T8,Control,Table 2,2024-06-02,18:00:00,10.183333333333334,Bradymonadales_fa,0,DNA,NA,0,0,0
MOBEAST028,T8,Control,Table 2,2024-06-02,18:00:00,10.183333333333334,Campylobacterales_unclassified,0,DNA,NA,0,0,0
MOBEAST028,T8,Control,Table 2,2024-06-02,18:00:00,10.183333333333334,Campylobacteria_unclassified,0,DNA,NA,0,0,0
MOBEAST028,T8,Control,Table 2,2024-06-02,18:00:00,10.183333333333334,Cellvibrionaceae,0.0023,DNA,NA,0,0.0017499999999999998,5.5e-4
MOBEAST028,T8,Control,Table 2,2024-06-02,18:00:00,10.183333333333334,Clade_I,0.0344,DNA,NA,0,0.003599999999999999,0.0308
MOBEAST028,T8,Control,Table 2,2024-06-02,18:00:00,10.183333333333334,Clade_II,0.0113,DNA,NA,0,-4.99999999999997e-5,0.011349999999999999
MOBEAST028,T8,Control,Table 2,2024-06-02,18:00:00,10.183333333333334,Clade_IV,0.0012,DNA,NA,0,-2.168404344971009e-19,0.0012000000000000001
MOBEAST028,T8,Control,Table 2,2024-06-02,18:00:00,10.183333333333334,Colwelliaceae,0,DNA,NA,0,0,0
MOBEAST028,T8,Control,Table 2,2024-06-02,18:00:00,10.183333333333334,Cryomorphaceae,0.0084,DNA,NA,0,0.00375,0.00465
MOBEAST028,T8,Control,Table 2,2024-06-02,18:00:00,10.183333333333334,Cyanobiaceae,0.5152,DNA,NA,0,0.04049999999999998,0.4747
MOBEAST028,T8,Control,Table 2,2024-06-02,18:00:00,10.183333333333334,Cyclobacteriaceae,0.0011,DNA,NA,0,3.5000000000000005e-4,7.5e-4
MOBEAST028,T8,Control,Table 2,2024-06-02,18:00:00,10.183333333333334,Deltaproteobacteria_unclassified,0,DNA,NA,0,0,0
MOBEAST028,T8,Control,Table 2,2024-06-02,18:00:00,10.183333333333334,Desulfovibrionaceae,0,DNA,NA,0,0,0
MOBEAST028,T8,Control,Table 2,2024-06-02,18:00:00,10.183333333333334,Desulfuromonadaceae,0,DNA,NA,0,0,0
MOBEAST028,T8,Control,Table 2,2024-06-02,18:00:00,10.183333333333334,Ectothiorhodospiraceae,0.0016,DNA,NA,0,3.9999999999999996e-4,0.0012000000000000001
MOBEAST028,T8,Control,Table 2,2024-06-02,18:00:00,10.183333333333334,Endozoicomonadaceae,0,DNA,NA,0,-7e-4,7e-4
MOBEAST028,T8,Control,Table 2,2024-06-02,18:00:00,10.183333333333334,Flavobacteriaceae,0.053,DNA,NA,0,-0.008799999999999995,0.061799999999999994
MOBEAST028,T8,Control,Table 2,2024-06-02,18:00:00,10.183333333333334,Francisellaceae,0,DNA,NA,0,0,0
MOBEAST028,T8,Control,Table 2,2024-06-02,18:00:00,10.183333333333334,Gammaproteobacteria_unclassified,0.002,DNA,NA,0,-7.000000000000001e-4,0.0027
MOBEAST028,T8,Control,Table 2,2024-06-02,18:00:00,10.183333333333334,Halieaceae,0.0235,DNA,NA,0,0.003900000000000004,0.019599999999999996
MOBEAST028,T8,Control,Table 2,2024-06-02,18:00:00,10.183333333333334,Halomonadaceae,0,DNA,NA,0,0,0
MOBEAST028,T8,Control,Table 2,2024-06-02,18:00:00,10.183333333333334,Helicobacteraceae,0,DNA,NA,0,0,0
MOBEAST028,T8,Control,Table 2,2024-06-02,18:00:00,10.183333333333334,Hyphomonadaceae,8e-4,DNA,NA,0,8e-4,0
MOBEAST028,T8,Control,Table 2,2024-06-02,18:00:00,10.183333333333334,Idiomarinaceae,0,DNA,NA,0,0,0
MOBEAST028,T8,Control,Table 2,2024-06-02,18:00:00,10.183333333333334,JGI_0000069-P22_fa,0,DNA,NA,0,-0.0010999999999999998,0.0010999999999999998
MOBEAST028,T8,Control,Table 2,2024-06-02,18:00:00,10.183333333333334,Kiritimatiellaceae,0,DNA,NA,0,0,0
MOBEAST028,T8,Control,Table 2,2024-06-02,18:00:00,10.183333333333334,Leptotrichiaceae,0,DNA,NA,0,0,0
MOBEAST028,T8,Control,Table 2,2024-06-02,18:00:00,10.183333333333334,Litoricolaceae,0.0046,DNA,NA,0,9.499999999999999e-4,0.00365
MOBEAST028,T8,Control,Table 2,2024-06-02,18:00:00,10.183333333333334,Marine_Group_II_fa,0.028,DNA,NA,0,-0.017049999999999992,0.04504999999999999
MOBEAST028,T8,Control,Table 2,2024-06-02,18:00:00,10.183333333333334,Marinifilaceae,0,DNA,NA,0,0,0
MOBEAST028,T8,Control,Table 2,2024-06-02,18:00:00,10.183333333333334,Marinilabiliaceae,0,DNA,NA,0,0,0
MOBEAST028,T8,Control,Table 2,2024-06-02,18:00:00,10.183333333333334,Marinimicrobia_(SAR406_clade)_fa,0.0096,DNA,NA,0,0.0028499999999999992,0.00675
MOBEAST028,T8,Control,Table 2,2024-06-02,18:00:00,10.183333333333334,Marinobacteraceae,0,DNA,NA,0,0,0
MOBEAST028,T8,Control,Table 2,2024-06-02,18:00:00,10.183333333333334,Marinomonadaceae,0,DNA,NA,0,0,0
MOBEAST028,T8,Control,Table 2,2024-06-02,18:00:00,10.183333333333334,Methylophilaceae,0.0083,DNA,NA,0,0.0023499999999999997,0.00595
MOBEAST028,T8,Control,Table 2,2024-06-02,18:00:00,10.183333333333334,Micavibrionaceae,0,DNA,NA,0,0,0
MOBEAST028,T8,Control,Table 2,2024-06-02,18:00:00,10.183333333333334,Microtrichaceae,0.0044,DNA,NA,0,4.499999999999999e-4,0.00395
MOBEAST028,T8,Control,Table 2,2024-06-02,18:00:00,10.183333333333334,Moraxellaceae,1e-4,DNA,NA,0,1e-4,0
MOBEAST028,T8,Control,Table 2,2024-06-02,18:00:00,10.183333333333334,NS7_marine_group,6e-4,DNA,NA,0,4.9999999999999914e-5,5.5e-4
MOBEAST028,T8,Control,Table 2,2024-06-02,18:00:00,10.183333333333334,NS9_marine_group,0.0022,DNA,NA,0,-0.0012499999999999946,0.0034499999999999947
MOBEAST028,T8,Control,Table 2,2024-06-02,18:00:00,10.183333333333334,Nannocystaceae,5e-4,DNA,NA,0,3.0000000000000003e-4,1.9999999999999998e-4
MOBEAST028,T8,Control,Table 2,2024-06-02,18:00:00,10.183333333333334,Nitrincolaceae,0.0057,DNA,NA,0,0.0034500000000000004,0.00225
MOBEAST028,T8,Control,Table 2,2024-06-02,18:00:00,10.183333333333334,Nitrosopumilaceae,5e-4,DNA,NA,0,5.000000000000002e-5,4.5e-4
MOBEAST028,T8,Control,Table 2,2024-06-02,18:00:00,10.183333333333334,Oleiphilaceae,0.0015,DNA,NA,0,7.000000000000001e-4,7.999999999999999e-4
MOBEAST028,T8,Control,Table 2,2024-06-02,18:00:00,10.183333333333334,Oligoflexaceae,7e-4,DNA,NA,0,2.5e-4,4.5e-4
MOBEAST028,T8,Control,Table 2,2024-06-02,18:00:00,10.183333333333334,Pirellulaceae,0.00409999999999999,DNA,NA,0,0.00114999999999999,0.00295
MOBEAST028,T8,Control,Table 2,2024-06-02,18:00:00,10.183333333333334,Piscirickettsiaceae,4e-4,DNA,NA,0,0,4e-4
MOBEAST028,T8,Control,Table 2,2024-06-02,18:00:00,10.183333333333334,Prolixibacteraceae,0,DNA,NA,0,0,0
MOBEAST028,T8,Control,Table 2,2024-06-02,18:00:00,10.183333333333334,Proteobacteria_unclassified,0.0022,DNA,NA,0,6.000000000000001e-4,0.0016
MOBEAST028,T8,Control,Table 2,2024-06-02,18:00:00,10.183333333333334,Pseudoalteromonadaceae,9e-4,DNA,NA,0,3.9999999999999996e-4,5e-4
MOBEAST028,T8,Control,Table 2,2024-06-02,18:00:00,10.183333333333334,Pseudohongiellaceae,0.0025,DNA,NA,0,6.5e-4,0.00185
MOBEAST028,T8,Control,Table 2,2024-06-02,18:00:00,10.183333333333334,Pseudomonadaceae,0,DNA,NA,0,0,0
MOBEAST028,T8,Control,Table 2,2024-06-02,18:00:00,10.183333333333334,Puniceicoccaceae,0,DNA,NA,0,0,0
MOBEAST028,T8,Control,Table 2,2024-06-02,18:00:00,10.183333333333334,Rhizobiaceae,0,DNA,NA,0,0,0
MOBEAST028,T8,Control,Table 2,2024-06-02,18:00:00,10.183333333333334,Rhodobacteraceae,0.05099999999999999,DNA,NA,0,-0.011400000000000007,0.0624
MOBEAST028,T8,Control,Table 2,2024-06-02,18:00:00,10.183333333333334,Rhodospirillaceae,0,DNA,NA,0,0,0
MOBEAST028,T8,Control,Table 2,2024-06-02,18:00:00,10.183333333333334,Rubinisphaeraceae,3e-4,DNA,NA,0,-3.000000000000001e-4,6.000000000000001e-4
MOBEAST028,T8,Control,Table 2,2024-06-02,18:00:00,10.183333333333334,S25-593,7e-4,DNA,NA,0,-9.999999999999994e-5,7.999999999999999e-4
MOBEAST028,T8,Control,Table 2,2024-06-02,18:00:00,10.183333333333334,SAR116_clade,0.0496,DNA,NA,0,0.009049999999999996,0.04055
MOBEAST028,T8,Control,Table 2,2024-06-02,18:00:00,10.183333333333334,SAR202_clade_fa,3e-4,DNA,NA,0,-5.421010862427522e-20,3.0000000000000003e-4
MOBEAST028,T8,Control,Table 2,2024-06-02,18:00:00,10.183333333333334,SAR324_clade(Marine_group_B)_fa,0.001,DNA,NA,0,3.5000000000000005e-4,6.5e-4
MOBEAST028,T8,Control,Table 2,2024-06-02,18:00:00,10.183333333333334,SAR86_clade_fa,0.0511,DNA,NA,0,0.011200000000000002,0.0399
MOBEAST028,T8,Control,Table 2,2024-06-02,18:00:00,10.183333333333334,Saccharospirillaceae,0.0177,DNA,NA,0,-0.0165,0.0342
MOBEAST028,T8,Control,Table 2,2024-06-02,18:00:00,10.183333333333334,Saprospiraceae,0,DNA,NA,0,0,0
MOBEAST028,T8,Control,Table 2,2024-06-02,18:00:00,10.183333333333334,Sphingomonadaceae,7e-4,DNA,NA,0,7e-4,0
MOBEAST028,T8,Control,Table 2,2024-06-02,18:00:00,10.183333333333334,Spirochaetaceae,0,DNA,NA,0,0,0
MOBEAST028,T8,Control,Table 2,2024-06-02,18:00:00,10.183333333333334,Spongiibacteraceae,0,DNA,NA,0,0,0
MOBEAST028,T8,Control,Table 2,2024-06-02,18:00:00,10.183333333333334,Stappiaceae,0,DNA,NA,0,0,0
MOBEAST028,T8,Control,Table 2,2024-06-02,18:00:00,10.183333333333334,Terasakiellaceae,0,DNA,NA,0,0,0
MOBEAST028,T8,Control,Table 2,2024-06-02,18:00:00,10.183333333333334,Thalassospiraceae,0,DNA,NA,0,0,0
MOBEAST028,T8,Control,Table 2,2024-06-02,18:00:00,10.183333333333334,Thiomicrospiraceae,0,DNA,NA,0,0,0
MOBEAST028,T8,Control,Table 2,2024-06-02,18:00:00,10.183333333333334,Vibrionaceae,0.0051,DNA,NA,0,0.0027,0.0024000000000000002
MOBEAST028,T8,Control,Table 2,2024-06-02,18:00:00,10.183333333333334,Woesearchaeia_fa,0,DNA,NA,0,-2.5e-4,2.5e-4
MOBEAST028,T8,Control,Table 2,2024-06-02,18:00:00,10.183333333333334,uncultured_fa,4e-4,DNA,NA,0,2e-4,2e-4
MOBEAST029,T9,Coral,Table 1,2024-06-02,18:00:00,11.333333333333334,het_bact,479.233,FCM,cell/µL,0,24.794500000000028,454.4385
MOBEAST029,T9,Coral,Table 1,2024-06-02,18:00:00,11.333333333333334,pico_euk,2.417,FCM,cell/µL,0,0.3019999999999996,2.115
MOBEAST029,T9,Coral,Table 1,2024-06-02,18:00:00,11.333333333333334,syn,124.4,FCM,cell/µL,0,4.125500000000002,120.2745
MOBEAST029,T9,Coral,Table 1,2024-06-02,18:00:00,11.333333333333334,pro,10.633,FCM,cell/µL,0,-1.4905000000000008,12.1235
MOBEAST029,T9,Coral,Table 1,2024-06-02,18:00:00,11.333333333333334,tot_bact,614.267,FCM,cell/µL,0,27.43100000000004,586.836
MOBEAST029,T9,Coral,Table 1,2024-06-02,18:00:00,11.333333333333334,cyano,135.03300000000007,FCM,cell/µL,0,2.635000000000076,132.398
MOBEAST029,T9,Coral,Table 1,2024-06-02,18:00:00,11.333333333333334,chla_conc,0.0292,chla,µg/L,0,-0.07659999999999999,0.10579999999999999
MOBEAST029,T9,Coral,Table 1,2024-06-02,18:00:00,11.333333333333334,tn_u_m,22.8262188809641,DOC,µmol/L,0,9.347669329677899,13.4785495512862
MOBEAST029,T9,Coral,Table 1,2024-06-02,18:00:00,11.333333333333334,coble_a,0.00949622436249104,fDOM,R.U.,0,5.815284204901145e-4,0.008914695942000925
MOBEAST029,T9,Coral,Table 1,2024-06-02,18:00:00,11.333333333333334,coble_b,0.143119748440901,fDOM,R.U.,0,0.1118297273197752,0.0312900211211258
MOBEAST029,T9,Coral,Table 1,2024-06-02,18:00:00,11.333333333333334,coble_c,0.00916199039488146,fDOM,R.U.,0,0.0035353195757963796,0.0056266708190850796
MOBEAST029,T9,Coral,Table 1,2024-06-02,18:00:00,11.333333333333334,coble_m,0.0122761953923963,fDOM,R.U.,0,0.0023862761624742837,0.009889919229922016
MOBEAST029,T9,Coral,Table 1,2024-06-02,18:00:00,11.333333333333334,m_to_c,1.339904852907798,fDOM,R.U.,0,-0.4179401933973641,1.757845046305162
MOBEAST029,T9,Coral,Table 1,2024-06-02,18:00:00,11.333333333333334,hix,0.242153187051873,fDOM,R.U.,0,-0.36883044017081396,0.610983627222687
MOBEAST029,T9,Coral,Table 1,2024-06-02,18:00:00,11.333333333333334,fpeak,0.0541522738954487,fDOM,R.U.,0,0.032728995215303903,0.0214232786801448
MOBEAST029,T9,Coral,Table 1,2024-06-02,18:00:00,11.333333333333334,fi,1.93159668333628,fDOM,R.U.,0,-0.22311042302751516,2.1547071063637953
MOBEAST029,T9,Coral,Table 1,2024-06-02,18:00:00,11.333333333333334,lignin,0.0346279065377962,fDOM,R.U.,0,0.009590569475399775,0.025037337062396428
MOBEAST029,T9,Coral,Table 1,2024-06-02,18:00:00,11.333333333333334,N_N,2.128,nutrients,µmol/L,0,1.1805,0.9475
MOBEAST029,T9,Coral,Table 1,2024-06-02,18:00:00,11.333333333333334,NO2,0.1581750582,nutrients,µmol/L,0,0.038160885214999996,0.120014172985
MOBEAST029,T9,Coral,Table 1,2024-06-02,18:00:00,11.333333333333334,PO4,0.1005469141,nutrients,µmol/L,0,0.014807347934999993,0.085739566165
MOBEAST029,T9,Coral,Table 1,2024-06-02,18:00:00,11.333333333333334,SiO2,0.0904662446,nutrients,µmol/L,0,-0.01819299399999999,0.10865923859999999
MOBEAST029,T9,Coral,Table 1,2024-06-02,18:00:00,11.333333333333334,NH3,4.072058712,nutrients,µmol/L,0,3.7229194211499994,0.34913929085
MOBEAST029,T9,Coral,Table 1,2024-06-02,18:00:00,11.333333333333334,NO3,1.9698249418,nutrients,µmol/L,0,1.142339114785,0.8274858270150001
MOBEAST029,T9,Coral,Table 1,2024-06-02,18:00:00,11.333333333333334,ph_diff,-0.00770668506394223,carbonate,NA,0,-0.00770668506394223,0
MOBEAST029,T9,Coral,Table 1,2024-06-02,18:00:00,11.333333333333334,delta_ta,-1.074999999999818,carbonate,NA,0,-1.074999999999818,0
MOBEAST029,T9,Coral,Table 1,2024-06-02,18:00:00,11.333333333333334,do_mg_l,4.12,residence time,NA,0,NA,NA
MOBEAST029,T9,Coral,Table 1,2024-06-02,18:00:00,11.333333333333334,ta,2347.496,carbonate,NA,0,9.75799999999981,2337.7380000000003
MOBEAST029,T9,Coral,Table 1,2024-06-02,18:00:00,11.333333333333334,dic_mmol_kg,2001.9505219619264,residence time,NA,0,NA,NA
MOBEAST029,T9,Coral,Table 1,2024-06-02,18:00:00,11.333333333333334,ph,8.046058726241604,carbonate,NA,0,-0.008989371699657411,8.055048097941262
MOBEAST029,T9,Coral,Table 1,2024-06-02,18:00:00,11.333333333333334,AEGEAN-169_marine_group,0.0287,DNA,NA,0,0.0023999999999999994,0.0263
MOBEAST029,T9,Coral,Table 1,2024-06-02,18:00:00,11.333333333333334,Actinomarinaceae,0.0154,DNA,NA,0,1.999999999999988e-4,0.015200000000000002
MOBEAST029,T9,Coral,Table 1,2024-06-02,18:00:00,11.333333333333334,Alcanivoracaceae,0,DNA,NA,0,0,0
MOBEAST029,T9,Coral,Table 1,2024-06-02,18:00:00,11.333333333333334,Alphaproteobacteria_unclassified,0.0011,DNA,NA,0,0.0011,0
MOBEAST029,T9,Coral,Table 1,2024-06-02,18:00:00,11.333333333333334,Alteromonadaceae,0.025,DNA,NA,0,4.00000000000008e-4,0.024599999999999993
MOBEAST029,T9,Coral,Table 1,2024-06-02,18:00:00,11.333333333333334,Alteromonadales_unclassified,0.0147,DNA,NA,0,0.0147,0
MOBEAST029,T9,Coral,Table 1,2024-06-02,18:00:00,11.333333333333334,Anaerolineae_unclassified,7e-4,DNA,NA,0,7e-4,0
MOBEAST029,T9,Coral,Table 1,2024-06-02,18:00:00,11.333333333333334,Arcobacteraceae,0.0058,DNA,NA,0,0.0058,0
MOBEAST029,T9,Coral,Table 1,2024-06-02,18:00:00,11.333333333333334,Arctic97B-4_marine_group_fa,0.0019,DNA,NA,0,-1.4999999999999974e-4,0.0020499999999999997
MOBEAST029,T9,Coral,Table 1,2024-06-02,18:00:00,11.333333333333334,Arenicellaceae,3e-4,DNA,NA,0,9.999999999999996e-5,2e-4
MOBEAST029,T9,Coral,Table 1,2024-06-02,18:00:00,11.333333333333334,Bacteria_unclassified,0.0012,DNA,NA,0,0.0012,0
MOBEAST029,T9,Coral,Table 1,2024-06-02,18:00:00,11.333333333333334,Bacteriovoracaceae,0,DNA,NA,0,0,0
MOBEAST029,T9,Coral,Table 1,2024-06-02,18:00:00,11.333333333333334,Bacteroidales_unclassified,0,DNA,NA,0,0,0
MOBEAST029,T9,Coral,Table 1,2024-06-02,18:00:00,11.333333333333334,Bacteroidetes_BD2-2,0,DNA,NA,0,0,0
MOBEAST029,T9,Coral,Table 1,2024-06-02,18:00:00,11.333333333333334,Bacteroidia_unclassified,6e-4,DNA,NA,0,6e-4,0
MOBEAST029,T9,Coral,Table 1,2024-06-02,18:00:00,11.333333333333334,Bradymonadales_fa,0,DNA,NA,0,0,0
MOBEAST029,T9,Coral,Table 1,2024-06-02,18:00:00,11.333333333333334,Campylobacterales_unclassified,0,DNA,NA,0,0,0
MOBEAST029,T9,Coral,Table 1,2024-06-02,18:00:00,11.333333333333334,Campylobacteria_unclassified,0.0133,DNA,NA,0,0.0133,0
MOBEAST029,T9,Coral,Table 1,2024-06-02,18:00:00,11.333333333333334,Cellvibrionaceae,0.005,DNA,NA,0,0.00445,5.5e-4
MOBEAST029,T9,Coral,Table 1,2024-06-02,18:00:00,11.333333333333334,Clade_I,0.0319,DNA,NA,0,0.0010999999999999968,0.0308
MOBEAST029,T9,Coral,Table 1,2024-06-02,18:00:00,11.333333333333334,Clade_II,0.0119,DNA,NA,0,5.500000000000019e-4,0.011349999999999999
MOBEAST029,T9,Coral,Table 1,2024-06-02,18:00:00,11.333333333333334,Clade_IV,9e-4,DNA,NA,0,-3.0000000000000014e-4,0.0012000000000000001
MOBEAST029,T9,Coral,Table 1,2024-06-02,18:00:00,11.333333333333334,Colwelliaceae,0.0011,DNA,NA,0,0.0011,0
MOBEAST029,T9,Coral,Table 1,2024-06-02,18:00:00,11.333333333333334,Cryomorphaceae,0.0022,DNA,NA,0,-0.0024499999999999995,0.00465
MOBEAST029,T9,Coral,Table 1,2024-06-02,18:00:00,11.333333333333334,Cyanobiaceae,0.4864,DNA,NA,0,0.011699999999999988,0.4747
MOBEAST029,T9,Coral,Table 1,2024-06-02,18:00:00,11.333333333333334,Cyclobacteriaceae,6e-4,DNA,NA,0,-1.5000000000000007e-4,7.5e-4
MOBEAST029,T9,Coral,Table 1,2024-06-02,18:00:00,11.333333333333334,Deltaproteobacteria_unclassified,0,DNA,NA,0,0,0
MOBEAST029,T9,Coral,Table 1,2024-06-02,18:00:00,11.333333333333334,Desulfovibrionaceae,0.0023,DNA,NA,0,0.0023,0
MOBEAST029,T9,Coral,Table 1,2024-06-02,18:00:00,11.333333333333334,Desulfuromonadaceae,0,DNA,NA,0,0,0
MOBEAST029,T9,Coral,Table 1,2024-06-02,18:00:00,11.333333333333334,Ectothiorhodospiraceae,0.0019,DNA,NA,0,6.999999999999999e-4,0.0012000000000000001
MOBEAST029,T9,Coral,Table 1,2024-06-02,18:00:00,11.333333333333334,Endozoicomonadaceae,0,DNA,NA,0,-7e-4,7e-4
MOBEAST029,T9,Coral,Table 1,2024-06-02,18:00:00,11.333333333333334,Flavobacteriaceae,0.03880000000000001,DNA,NA,0,-0.022999999999999986,0.061799999999999994
MOBEAST029,T9,Coral,Table 1,2024-06-02,18:00:00,11.333333333333334,Francisellaceae,0,DNA,NA,0,0,0
MOBEAST029,T9,Coral,Table 1,2024-06-02,18:00:00,11.333333333333334,Gammaproteobacteria_unclassified,0.0041,DNA,NA,0,0.0014000000000000002,0.0027
MOBEAST029,T9,Coral,Table 1,2024-06-02,18:00:00,11.333333333333334,Halieaceae,0.0138,DNA,NA,0,-0.005799999999999996,0.019599999999999996
MOBEAST029,T9,Coral,Table 1,2024-06-02,18:00:00,11.333333333333334,Halomonadaceae,0,DNA,NA,0,0,0
MOBEAST029,T9,Coral,Table 1,2024-06-02,18:00:00,11.333333333333334,Helicobacteraceae,1e-4,DNA,NA,0,1e-4,0
MOBEAST029,T9,Coral,Table 1,2024-06-02,18:00:00,11.333333333333334,Hyphomonadaceae,8e-4,DNA,NA,0,8e-4,0
MOBEAST029,T9,Coral,Table 1,2024-06-02,18:00:00,11.333333333333334,Idiomarinaceae,0,DNA,NA,0,0,0
MOBEAST029,T9,Coral,Table 1,2024-06-02,18:00:00,11.333333333333334,JGI_0000069-P22_fa,0,DNA,NA,0,-0.0010999999999999998,0.0010999999999999998
MOBEAST029,T9,Coral,Table 1,2024-06-02,18:00:00,11.333333333333334,KI89A_clade_fa,0,DNA,NA,0,-3e-4,3e-4
MOBEAST029,T9,Coral,Table 1,2024-06-02,18:00:00,11.333333333333334,Kiritimatiellaceae,0,DNA,NA,0,0,0
MOBEAST029,T9,Coral,Table 1,2024-06-02,18:00:00,11.333333333333334,Leptotrichiaceae,0.0019,DNA,NA,0,0.0019,0
MOBEAST029,T9,Coral,Table 1,2024-06-02,18:00:00,11.333333333333334,Litoricolaceae,0.0055,DNA,NA,0,0.0018499999999999996,0.00365
MOBEAST029,T9,Coral,Table 1,2024-06-02,18:00:00,11.333333333333334,Marine_Group_II_fa,0.0335,DNA,NA,0,-0.01154999999999999,0.04504999999999999
MOBEAST029,T9,Coral,Table 1,2024-06-02,18:00:00,11.333333333333334,Marinifilaceae,0,DNA,NA,0,0,0
MOBEAST029,T9,Coral,Table 1,2024-06-02,18:00:00,11.333333333333334,Marinilabiliaceae,0.0025,DNA,NA,0,0.0025,0
MOBEAST029,T9,Coral,Table 1,2024-06-02,18:00:00,11.333333333333334,Marinimicrobia_(SAR406_clade)_fa,0.0076,DNA,NA,0,8.500000000000001e-4,0.00675
MOBEAST029,T9,Coral,Table 1,2024-06-02,18:00:00,11.333333333333334,Marinobacteraceae,0,DNA,NA,0,0,0
MOBEAST029,T9,Coral,Table 1,2024-06-02,18:00:00,11.333333333333334,Marinomonadaceae,0,DNA,NA,0,0,0
MOBEAST029,T9,Coral,Table 1,2024-06-02,18:00:00,11.333333333333334,Methylophilaceae,0.0045,DNA,NA,0,-0.0014500000000000008,0.00595
MOBEAST029,T9,Coral,Table 1,2024-06-02,18:00:00,11.333333333333334,Micavibrionaceae,0,DNA,NA,0,0,0
MOBEAST029,T9,Coral,Table 1,2024-06-02,18:00:00,11.333333333333334,Microtrichaceae,0.0039,DNA,NA,0,-5.0000000000000565e-5,0.00395
MOBEAST029,T9,Coral,Table 1,2024-06-02,18:00:00,11.333333333333334,Moraxellaceae,0,DNA,NA,0,0,0
MOBEAST029,T9,Coral,Table 1,2024-06-02,18:00:00,11.333333333333334,NS9_marine_group,0.0019,DNA,NA,0,-0.0015499999999999947,0.0034499999999999947
MOBEAST029,T9,Coral,Table 1,2024-06-02,18:00:00,11.333333333333334,Nannocystaceae,0,DNA,NA,0,-1.9999999999999998e-4,1.9999999999999998e-4
MOBEAST029,T9,Coral,Table 1,2024-06-02,18:00:00,11.333333333333334,Nitrincolaceae,0.0032,DNA,NA,0,9.500000000000003e-4,0.00225
MOBEAST029,T9,Coral,Table 1,2024-06-02,18:00:00,11.333333333333334,Nitrosopumilaceae,9e-4,DNA,NA,0,4.5e-4,4.5e-4
MOBEAST029,T9,Coral,Table 1,2024-06-02,18:00:00,11.333333333333334,OM182_clade_fa,0.0016,DNA,NA,0,-0.0021999999999999997,0.0038
MOBEAST029,T9,Coral,Table 1,2024-06-02,18:00:00,11.333333333333334,Oleiphilaceae,0.0014,DNA,NA,0,6.000000000000001e-4,7.999999999999999e-4
MOBEAST029,T9,Coral,Table 1,2024-06-02,18:00:00,11.333333333333334,Oligoflexaceae,6e-4,DNA,NA,0,1.4999999999999996e-4,4.5e-4
MOBEAST029,T9,Coral,Table 1,2024-06-02,18:00:00,11.333333333333334,Pirellulaceae,0.0033,DNA,NA,0,3.5000000000000005e-4,0.00295
MOBEAST029,T9,Coral,Table 1,2024-06-02,18:00:00,11.333333333333334,Piscirickettsiaceae,2e-4,DNA,NA,0,-2e-4,4e-4
MOBEAST029,T9,Coral,Table 1,2024-06-02,18:00:00,11.333333333333334,Prolixibacteraceae,0,DNA,NA,0,0,0
MOBEAST029,T9,Coral,Table 1,2024-06-02,18:00:00,11.333333333333334,Pseudoalteromonadaceae,7e-4,DNA,NA,0,1.9999999999999998e-4,5e-4
MOBEAST029,T9,Coral,Table 1,2024-06-02,18:00:00,11.333333333333334,Pseudohongiellaceae,0.0013,DNA,NA,0,-5.500000000000001e-4,0.00185
MOBEAST029,T9,Coral,Table 1,2024-06-02,18:00:00,11.333333333333334,Pseudomonadaceae,0,DNA,NA,0,0,0
MOBEAST029,T9,Coral,Table 1,2024-06-02,18:00:00,11.333333333333334,Puniceicoccaceae,8e-4,DNA,NA,0,8e-4,0
MOBEAST029,T9,Coral,Table 1,2024-06-02,18:00:00,11.333333333333334,Rhizobiaceae,0,DNA,NA,0,0,0
MOBEAST029,T9,Coral,Table 1,2024-06-02,18:00:00,11.333333333333334,Rhodobacteraceae,0.0669,DNA,NA,0,0.004500000000000004,0.0624
MOBEAST029,T9,Coral,Table 1,2024-06-02,18:00:00,11.333333333333334,Rhodospirillaceae,0,DNA,NA,0,0,0
MOBEAST029,T9,Coral,Table 1,2024-06-02,18:00:00,11.333333333333334,Rubinisphaeraceae,8e-4,DNA,NA,0,1.9999999999999998e-4,6.000000000000001e-4
MOBEAST029,T9,Coral,Table 1,2024-06-02,18:00:00,11.333333333333334,S25-593,0.0013,DNA,NA,0,5e-4,7.999999999999999e-4
MOBEAST029,T9,Coral,Table 1,2024-06-02,18:00:00,11.333333333333334,SAR116_clade,0.0412,DNA,NA,0,6.499999999999978e-4,0.04055
MOBEAST029,T9,Coral,Table 1,2024-06-02,18:00:00,11.333333333333334,SAR202_clade_fa,0,DNA,NA,0,-3.0000000000000003e-4,3.0000000000000003e-4
MOBEAST029,T9,Coral,Table 1,2024-06-02,18:00:00,11.333333333333334,SAR324_clade(Marine_group_B)_fa,2e-4,DNA,NA,0,-4.5e-4,6.5e-4
MOBEAST029,T9,Coral,Table 1,2024-06-02,18:00:00,11.333333333333334,SAR86_clade_fa,0.0455,DNA,NA,0,0.005600000000000001,0.0399
MOBEAST029,T9,Coral,Table 1,2024-06-02,18:00:00,11.333333333333334,Saccharospirillaceae,0.0249,DNA,NA,0,-0.009300000000000003,0.0342
MOBEAST029,T9,Coral,Table 1,2024-06-02,18:00:00,11.333333333333334,Saprospiraceae,0,DNA,NA,0,0,0
MOBEAST029,T9,Coral,Table 1,2024-06-02,18:00:00,11.333333333333334,Sphingomonadaceae,0,DNA,NA,0,0,0
MOBEAST029,T9,Coral,Table 1,2024-06-02,18:00:00,11.333333333333334,Spirochaetaceae,0.001,DNA,NA,0,0.001,0
MOBEAST029,T9,Coral,Table 1,2024-06-02,18:00:00,11.333333333333334,Spongiibacteraceae,0,DNA,NA,0,0,0
MOBEAST029,T9,Coral,Table 1,2024-06-02,18:00:00,11.333333333333334,Stappiaceae,0,DNA,NA,0,0,0
MOBEAST029,T9,Coral,Table 1,2024-06-02,18:00:00,11.333333333333334,Terasakiellaceae,0,DNA,NA,0,0,0
MOBEAST029,T9,Coral,Table 1,2024-06-02,18:00:00,11.333333333333334,Thalassospiraceae,4e-4,DNA,NA,0,4e-4,0
MOBEAST029,T9,Coral,Table 1,2024-06-02,18:00:00,11.333333333333334,Thiomicrospiraceae,0,DNA,NA,0,0,0
MOBEAST029,T9,Coral,Table 1,2024-06-02,18:00:00,11.333333333333334,Vibrionaceae,0.0149,DNA,NA,0,0.0125,0.0024000000000000002
MOBEAST029,T9,Coral,Table 1,2024-06-02,18:00:00,11.333333333333334,Woesearchaeia_fa,0,DNA,NA,0,-2.5e-4,2.5e-4
MOBEAST029,T9,Coral,Table 1,2024-06-02,18:00:00,11.333333333333334,uncultured_fa,0,DNA,NA,0,-2e-4,2e-4
MOBEAST030,T10,CCA,Table 1,2024-06-02,18:00:00,9.816666666666666,het_bact,422.717,FCM,cell/µL,0,-31.721499999999992,454.4385
MOBEAST030,T10,CCA,Table 1,2024-06-02,18:00:00,9.816666666666666,pico_euk,1.783,FCM,cell/µL,0,-0.3320000000000003,2.115
MOBEAST030,T10,CCA,Table 1,2024-06-02,18:00:00,9.816666666666666,syn,104.867,FCM,cell/µL,0,-15.407499999999999,120.2745
MOBEAST030,T10,CCA,Table 1,2024-06-02,18:00:00,9.816666666666666,pro,10.95,FCM,cell/µL,0,-1.1735000000000007,12.1235
MOBEAST030,T10,CCA,Table 1,2024-06-02,18:00:00,9.816666666666666,tot_bact,538.533,FCM,cell/µL,0,-48.303,586.836
MOBEAST030,T10,CCA,Table 1,2024-06-02,18:00:00,9.816666666666666,cyano,115.817,FCM,cell/µL,0,-16.581000000000003,132.398
MOBEAST030,T10,CCA,Table 1,2024-06-02,18:00:00,9.816666666666666,chla_conc,0.1952,chla,µg/L,0,0.08940000000000002,0.10579999999999999
MOBEAST030,T10,CCA,Table 1,2024-06-02,18:00:00,9.816666666666666,tn_u_m,17.6501245832352,DOC,µmol/L,0,4.171575031949001,13.4785495512862
MOBEAST030,T10,CCA,Table 1,2024-06-02,18:00:00,9.816666666666666,coble_a,0.0113326800612577,fDOM,R.U.,0,0.0024179841192567744,0.008914695942000925
MOBEAST030,T10,CCA,Table 1,2024-06-02,18:00:00,9.816666666666666,coble_b,0.108853547149971,fDOM,R.U.,0,0.0775635260288452,0.0312900211211258
MOBEAST030,T10,CCA,Table 1,2024-06-02,18:00:00,9.816666666666666,coble_c,0.0106022867384042,fDOM,R.U.,0,0.00497561591931912,0.0056266708190850796
MOBEAST030,T10,CCA,Table 1,2024-06-02,18:00:00,9.816666666666666,coble_m,0.013722838044471,fDOM,R.U.,0,0.003832918814548983,0.009889919229922016
MOBEAST030,T10,CCA,Table 1,2024-06-02,18:00:00,9.816666666666666,coble_t,0.134467579103283,fDOM,R.U.,0,0.08516305701941915,0.04930452208386385
MOBEAST030,T10,CCA,Table 1,2024-06-02,18:00:00,9.816666666666666,m_to_c,1.294328137227544,fDOM,R.U.,0,-0.4635169090776181,1.757845046305162
MOBEAST030,T10,CCA,Table 1,2024-06-02,18:00:00,9.816666666666666,hix,0.36198716929975,fDOM,R.U.,0,-0.24899645792293695,0.610983627222687
MOBEAST030,T10,CCA,Table 1,2024-06-02,18:00:00,9.816666666666666,fpeak,0.0338857156769444,fDOM,R.U.,0,0.012462436996799602,0.0214232786801448
MOBEAST030,T10,CCA,Table 1,2024-06-02,18:00:00,9.816666666666666,fi,2.12712857987709,fDOM,R.U.,0,-0.027578526486705446,2.1547071063637953
MOBEAST030,T10,CCA,Table 1,2024-06-02,18:00:00,9.816666666666666,lignin,0.0624547434692155,fDOM,R.U.,0,0.03741740640681907,0.025037337062396428
MOBEAST030,T10,CCA,Table 1,2024-06-02,18:00:00,9.816666666666666,N_N,1.612,nutrients,µmol/L,0,0.6645000000000001,0.9475
MOBEAST030,T10,CCA,Table 1,2024-06-02,18:00:00,9.816666666666666,NO2,0.15731899,nutrients,µmol/L,0,0.03730481701499999,0.120014172985
MOBEAST030,T10,CCA,Table 1,2024-06-02,18:00:00,9.816666666666666,PO4,0.1049349144,nutrients,µmol/L,0,0.019195348234999993,0.085739566165
MOBEAST030,T10,CCA,Table 1,2024-06-02,18:00:00,9.816666666666666,SiO2,0.01,nutrients,µmol/L,0,-0.09865923859999999,0.10865923859999999
MOBEAST030,T10,CCA,Table 1,2024-06-02,18:00:00,9.816666666666666,NH3,4.426998776,nutrients,µmol/L,0,4.077859485149999,0.34913929085
MOBEAST030,T10,CCA,Table 1,2024-06-02,18:00:00,9.816666666666666,NO3,1.45468101,nutrients,µmol/L,0,0.627195182985,0.8274858270150001
MOBEAST030,T10,CCA,Table 1,2024-06-02,18:00:00,9.816666666666666,ph_diff,-0.02391908004749332,carbonate,NA,0,-0.02391908004749332,0
MOBEAST030,T10,CCA,Table 1,2024-06-02,18:00:00,9.816666666666666,delta_ta,-1.686999999999898,carbonate,NA,0,-1.686999999999898,0
MOBEAST030,T10,CCA,Table 1,2024-06-02,18:00:00,9.816666666666666,do_mg_l,3.7,residence time,NA,0,NA,NA
MOBEAST030,T10,CCA,Table 1,2024-06-02,18:00:00,9.816666666666666,ta,2346.884,carbonate,NA,0,9.14599999999973,2337.7380000000003
MOBEAST030,T10,CCA,Table 1,2024-06-02,18:00:00,9.816666666666666,dic_mmol_kg,2010.4228394291308,residence time,NA,0,NA,NA
MOBEAST030,T10,CCA,Table 1,2024-06-02,18:00:00,9.816666666666666,ph,8.030939499657627,carbonate,NA,0,-0.02410859828363421,8.055048097941262
MOBEAST030,T10,CCA,Table 1,2024-06-02,18:00:00,9.816666666666666,AEGEAN-169_marine_group,0.0029,DNA,NA,0,-0.0234,0.0263
MOBEAST030,T10,CCA,Table 1,2024-06-02,18:00:00,9.816666666666666,Alcanivoracaceae,1e-4,DNA,NA,0,1e-4,0
MOBEAST030,T10,CCA,Table 1,2024-06-02,18:00:00,9.816666666666666,Alphaproteobacteria_unclassified,0.00269999999999999,DNA,NA,0,0.00269999999999999,0
MOBEAST030,T10,CCA,Table 1,2024-06-02,18:00:00,9.816666666666666,Alteromonadaceae,0.0494,DNA,NA,0,0.024800000000000006,0.024599999999999993
MOBEAST030,T10,CCA,Table 1,2024-06-02,18:00:00,9.816666666666666,Alteromonadales_unclassified,3e-4,DNA,NA,0,3e-4,0
MOBEAST030,T10,CCA,Table 1,2024-06-02,18:00:00,9.816666666666666,Anaerolineae_unclassified,0.0013,DNA,NA,0,0.0013,0
MOBEAST030,T10,CCA,Table 1,2024-06-02,18:00:00,9.816666666666666,Arcobacteraceae,0.0092,DNA,NA,0,0.0092,0
MOBEAST030,T10,CCA,Table 1,2024-06-02,18:00:00,9.816666666666666,Arctic97B-4_marine_group_fa,0.001,DNA,NA,0,-0.0010499999999999997,0.0020499999999999997
MOBEAST030,T10,CCA,Table 1,2024-06-02,18:00:00,9.816666666666666,Arenicellaceae,0,DNA,NA,0,-2e-4,2e-4
MOBEAST030,T10,CCA,Table 1,2024-06-02,18:00:00,9.816666666666666,Bacteria_unclassified,0.0015,DNA,NA,0,0.0015,0
MOBEAST030,T10,CCA,Table 1,2024-06-02,18:00:00,9.816666666666666,Bacteriovoracaceae,0,DNA,NA,0,0,0
MOBEAST030,T10,CCA,Table 1,2024-06-02,18:00:00,9.816666666666666,Bacteroidales_unclassified,0,DNA,NA,0,0,0
MOBEAST030,T10,CCA,Table 1,2024-06-02,18:00:00,9.816666666666666,Bacteroidetes_BD2-2,0,DNA,NA,0,0,0
MOBEAST030,T10,CCA,Table 1,2024-06-02,18:00:00,9.816666666666666,Bacteroidia_unclassified,0,DNA,NA,0,0,0
MOBEAST030,T10,CCA,Table 1,2024-06-02,18:00:00,9.816666666666666,Bradymonadales_fa,0,DNA,NA,0,0,0
MOBEAST030,T10,CCA,Table 1,2024-06-02,18:00:00,9.816666666666666,Campylobacterales_unclassified,0,DNA,NA,0,0,0
MOBEAST030,T10,CCA,Table 1,2024-06-02,18:00:00,9.816666666666666,Campylobacteria_unclassified,2e-4,DNA,NA,0,2e-4,0
MOBEAST030,T10,CCA,Table 1,2024-06-02,18:00:00,9.816666666666666,Cellvibrionaceae,0.0015,DNA,NA,0,9.5e-4,5.5e-4
MOBEAST030,T10,CCA,Table 1,2024-06-02,18:00:00,9.816666666666666,Clade_I,0.0032,DNA,NA,0,-0.0276,0.0308
MOBEAST030,T10,CCA,Table 1,2024-06-02,18:00:00,9.816666666666666,Clade_II,0.0018,DNA,NA,0,-0.00955,0.011349999999999999
MOBEAST030,T10,CCA,Table 1,2024-06-02,18:00:00,9.816666666666666,Clade_IV,0,DNA,NA,0,-0.0012000000000000001,0.0012000000000000001
MOBEAST030,T10,CCA,Table 1,2024-06-02,18:00:00,9.816666666666666,Colwelliaceae,0.0024,DNA,NA,0,0.0024,0
MOBEAST030,T10,CCA,Table 1,2024-06-02,18:00:00,9.816666666666666,Cryomorphaceae,0.003,DNA,NA,0,-0.0016499999999999996,0.00465
MOBEAST030,T10,CCA,Table 1,2024-06-02,18:00:00,9.816666666666666,Cyanobiaceae,0.5614999999999999,DNA,NA,0,0.08679999999999988,0.4747
MOBEAST030,T10,CCA,Table 1,2024-06-02,18:00:00,9.816666666666666,Cyclobacteriaceae,0,DNA,NA,0,-7.5e-4,7.5e-4
MOBEAST030,T10,CCA,Table 1,2024-06-02,18:00:00,9.816666666666666,Deltaproteobacteria_unclassified,4e-4,DNA,NA,0,4e-4,0
MOBEAST030,T10,CCA,Table 1,2024-06-02,18:00:00,9.816666666666666,Desulfovibrionaceae,3e-4,DNA,NA,0,3e-4,0
MOBEAST030,T10,CCA,Table 1,2024-06-02,18:00:00,9.816666666666666,Desulfuromonadaceae,0,DNA,NA,0,0,0
MOBEAST030,T10,CCA,Table 1,2024-06-02,18:00:00,9.816666666666666,Ectothiorhodospiraceae,0,DNA,NA,0,-0.0012000000000000001,0.0012000000000000001
MOBEAST030,T10,CCA,Table 1,2024-06-02,18:00:00,9.816666666666666,Endozoicomonadaceae,0.001,DNA,NA,0,3.0000000000000003e-4,7e-4
MOBEAST030,T10,CCA,Table 1,2024-06-02,18:00:00,9.816666666666666,Flavobacteriaceae,0.0266,DNA,NA,0,-0.035199999999999995,0.061799999999999994
MOBEAST030,T10,CCA,Table 1,2024-06-02,18:00:00,9.816666666666666,Francisellaceae,2e-4,DNA,NA,0,2e-4,0
MOBEAST030,T10,CCA,Table 1,2024-06-02,18:00:00,9.816666666666666,Gammaproteobacteria_unclassified,6e-4,DNA,NA,0,-0.0021000000000000003,0.0027
MOBEAST030,T10,CCA,Table 1,2024-06-02,18:00:00,9.816666666666666,Halieaceae,0.0078,DNA,NA,0,-0.011799999999999996,0.019599999999999996
MOBEAST030,T10,CCA,Table 1,2024-06-02,18:00:00,9.816666666666666,Halomonadaceae,0,DNA,NA,0,0,0
MOBEAST030,T10,CCA,Table 1,2024-06-02,18:00:00,9.816666666666666,Helicobacteraceae,0,DNA,NA,0,0,0
MOBEAST030,T10,CCA,Table 1,2024-06-02,18:00:00,9.816666666666666,Hyphomonadaceae,0.0024,DNA,NA,0,0.0024,0
MOBEAST030,T10,CCA,Table 1,2024-06-02,18:00:00,9.816666666666666,Idiomarinaceae,0,DNA,NA,0,0,0
MOBEAST030,T10,CCA,Table 1,2024-06-02,18:00:00,9.816666666666666,JGI_0000069-P22_fa,2e-4,DNA,NA,0,-8.999999999999999e-4,0.0010999999999999998
MOBEAST030,T10,CCA,Table 1,2024-06-02,18:00:00,9.816666666666666,KI89A_clade_fa,0,DNA,NA,0,-3e-4,3e-4
MOBEAST030,T10,CCA,Table 1,2024-06-02,18:00:00,9.816666666666666,Kiritimatiellaceae,0,DNA,NA,0,0,0
MOBEAST030,T10,CCA,Table 1,2024-06-02,18:00:00,9.816666666666666,Leptotrichiaceae,1e-4,DNA,NA,0,1e-4,0
MOBEAST030,T10,CCA,Table 1,2024-06-02,18:00:00,9.816666666666666,Litoricolaceae,0.0023,DNA,NA,0,-0.00135,0.00365
MOBEAST030,T10,CCA,Table 1,2024-06-02,18:00:00,9.816666666666666,Marine_Group_II_fa,0.0118,DNA,NA,0,-0.033249999999999995,0.04504999999999999
MOBEAST030,T10,CCA,Table 1,2024-06-02,18:00:00,9.816666666666666,Marinifilaceae,1e-4,DNA,NA,0,1e-4,0
MOBEAST030,T10,CCA,Table 1,2024-06-02,18:00:00,9.816666666666666,Marinilabiliaceae,2e-4,DNA,NA,0,2e-4,0
MOBEAST030,T10,CCA,Table 1,2024-06-02,18:00:00,9.816666666666666,Marinimicrobia_(SAR406_clade)_fa,0.0011,DNA,NA,0,-0.00565,0.00675
MOBEAST030,T10,CCA,Table 1,2024-06-02,18:00:00,9.816666666666666,Marinobacteraceae,0,DNA,NA,0,0,0
MOBEAST030,T10,CCA,Table 1,2024-06-02,18:00:00,9.816666666666666,Marinomonadaceae,0,DNA,NA,0,0,0
MOBEAST030,T10,CCA,Table 1,2024-06-02,18:00:00,9.816666666666666,Methylophilaceae,8e-4,DNA,NA,0,-0.00515,0.00595
MOBEAST030,T10,CCA,Table 1,2024-06-02,18:00:00,9.816666666666666,Micavibrionaceae,2e-4,DNA,NA,0,2e-4,0
MOBEAST030,T10,CCA,Table 1,2024-06-02,18:00:00,9.816666666666666,Microtrichaceae,0.0021,DNA,NA,0,-0.0018500000000000005,0.00395
MOBEAST030,T10,CCA,Table 1,2024-06-02,18:00:00,9.816666666666666,Moraxellaceae,0,DNA,NA,0,0,0
MOBEAST030,T10,CCA,Table 1,2024-06-02,18:00:00,9.816666666666666,NS7_marine_group,6e-4,DNA,NA,0,4.9999999999999914e-5,5.5e-4
MOBEAST030,T10,CCA,Table 1,2024-06-02,18:00:00,9.816666666666666,NS9_marine_group,0.0037,DNA,NA,0,2.500000000000054e-4,0.0034499999999999947
MOBEAST030,T10,CCA,Table 1,2024-06-02,18:00:00,9.816666666666666,Nannocystaceae,2e-4,DNA,NA,0,2.710505431213761e-20,1.9999999999999998e-4
MOBEAST030,T10,CCA,Table 1,2024-06-02,18:00:00,9.816666666666666,Nitrincolaceae,0.008,DNA,NA,0,0.00575,0.00225
MOBEAST030,T10,CCA,Table 1,2024-06-02,18:00:00,9.816666666666666,Nitrosopumilaceae,1e-4,DNA,NA,0,-3.5e-4,4.5e-4
MOBEAST030,T10,CCA,Table 1,2024-06-02,18:00:00,9.816666666666666,OM182_clade_fa,0.0017,DNA,NA,0,-0.0021000000000000003,0.0038
MOBEAST030,T10,CCA,Table 1,2024-06-02,18:00:00,9.816666666666666,Oleiphilaceae,6e-4,DNA,NA,0,-1.9999999999999998e-4,7.999999999999999e-4
MOBEAST030,T10,CCA,Table 1,2024-06-02,18:00:00,9.816666666666666,Oligoflexaceae,6.000000000000001e-4,DNA,NA,0,1.5000000000000007e-4,4.5e-4
MOBEAST030,T10,CCA,Table 1,2024-06-02,18:00:00,9.816666666666666,Piscirickettsiaceae,1e-4,DNA,NA,0,-3.0000000000000003e-4,4e-4
MOBEAST030,T10,CCA,Table 1,2024-06-02,18:00:00,9.816666666666666,Prolixibacteraceae,0,DNA,NA,0,0,0
MOBEAST030,T10,CCA,Table 1,2024-06-02,18:00:00,9.816666666666666,Proteobacteria_unclassified,9e-4,DNA,NA,0,-7.000000000000001e-4,0.0016
MOBEAST030,T10,CCA,Table 1,2024-06-02,18:00:00,9.816666666666666,Pseudoalteromonadaceae,0.0029,DNA,NA,0,0.0024,5e-4
MOBEAST030,T10,CCA,Table 1,2024-06-02,18:00:00,9.816666666666666,Pseudohongiellaceae,3e-4,DNA,NA,0,-0.0015500000000000002,0.00185
MOBEAST030,T10,CCA,Table 1,2024-06-02,18:00:00,9.816666666666666,Pseudomonadaceae,0,DNA,NA,0,0,0
MOBEAST030,T10,CCA,Table 1,2024-06-02,18:00:00,9.816666666666666,Rhizobiaceae,0,DNA,NA,0,0,0
MOBEAST030,T10,CCA,Table 1,2024-06-02,18:00:00,9.816666666666666,Rhodobacteraceae,0.0625,DNA,NA,0,1.0000000000000286e-4,0.0624
MOBEAST030,T10,CCA,Table 1,2024-06-02,18:00:00,9.816666666666666,Rhodospirillaceae,0,DNA,NA,0,0,0
MOBEAST030,T10,CCA,Table 1,2024-06-02,18:00:00,9.816666666666666,Rubinisphaeraceae,2e-4,DNA,NA,0,-4.000000000000001e-4,6.000000000000001e-4
MOBEAST030,T10,CCA,Table 1,2024-06-02,18:00:00,9.816666666666666,S25-593,6e-4,DNA,NA,0,-1.9999999999999998e-4,7.999999999999999e-4
MOBEAST030,T10,CCA,Table 1,2024-06-02,18:00:00,9.816666666666666,SAR116_clade,0.0151,DNA,NA,0,-0.02545,0.04055
MOBEAST030,T10,CCA,Table 1,2024-06-02,18:00:00,9.816666666666666,SAR202_clade_fa,0,DNA,NA,0,-3.0000000000000003e-4,3.0000000000000003e-4
MOBEAST030,T10,CCA,Table 1,2024-06-02,18:00:00,9.816666666666666,SAR324_clade(Marine_group_B)_fa,0,DNA,NA,0,-6.5e-4,6.5e-4
MOBEAST030,T10,CCA,Table 1,2024-06-02,18:00:00,9.816666666666666,SAR86_clade_fa,0.0062,DNA,NA,0,-0.0337,0.0399
MOBEAST030,T10,CCA,Table 1,2024-06-02,18:00:00,9.816666666666666,Saccharospirillaceae,0.0034,DNA,NA,0,-0.0308,0.0342
MOBEAST030,T10,CCA,Table 1,2024-06-02,18:00:00,9.816666666666666,Saprospiraceae,8e-4,DNA,NA,0,8e-4,0
MOBEAST030,T10,CCA,Table 1,2024-06-02,18:00:00,9.816666666666666,Sphingomonadaceae,4e-4,DNA,NA,0,4e-4,0
MOBEAST030,T10,CCA,Table 1,2024-06-02,18:00:00,9.816666666666666,Spirochaetaceae,0,DNA,NA,0,0,0
MOBEAST030,T10,CCA,Table 1,2024-06-02,18:00:00,9.816666666666666,Spongiibacteraceae,0,DNA,NA,0,0,0
MOBEAST030,T10,CCA,Table 1,2024-06-02,18:00:00,9.816666666666666,Stappiaceae,1e-4,DNA,NA,0,1e-4,0
MOBEAST030,T10,CCA,Table 1,2024-06-02,18:00:00,9.816666666666666,Terasakiellaceae,0,DNA,NA,0,0,0
MOBEAST030,T10,CCA,Table 1,2024-06-02,18:00:00,9.816666666666666,Thalassospiraceae,1e-4,DNA,NA,0,1e-4,0
MOBEAST030,T10,CCA,Table 1,2024-06-02,18:00:00,9.816666666666666,Thiomicrospiraceae,0.0015,DNA,NA,0,0.0015,0
MOBEAST030,T10,CCA,Table 1,2024-06-02,18:00:00,9.816666666666666,Woesearchaeia_fa,0,DNA,NA,0,-2.5e-4,2.5e-4
MOBEAST030,T10,CCA,Table 1,2024-06-02,18:00:00,9.816666666666666,uncultured_fa,1e-4,DNA,NA,0,-1e-4,2e-4
MOBEAST031,T11,Control,Table 1,2024-06-02,18:00:00,3.5833333333333335,het_bact,485.9,FCM,cell/µL,0,31.4615,454.4385
MOBEAST031,T11,Control,Table 1,2024-06-02,18:00:00,3.5833333333333335,pico_euk,2.833,FCM,cell/µL,0,0.718,2.115
MOBEAST031,T11,Control,Table 1,2024-06-02,18:00:00,3.5833333333333335,syn,133.683,FCM,cell/µL,0,13.40849999999999,120.2745
MOBEAST031,T11,Control,Table 1,2024-06-02,18:00:00,3.5833333333333335,pro,11.367,FCM,cell/µL,0,-0.7564999999999991,12.1235
MOBEAST031,T11,Control,Table 1,2024-06-02,18:00:00,3.5833333333333335,tot_bact,630.95,FCM,cell/µL,0,44.11400000000003,586.836
MOBEAST031,T11,Control,Table 1,2024-06-02,18:00:00,3.5833333333333335,cyano,145.04999999999995,FCM,cell/µL,0,12.651999999999958,132.398
MOBEAST031,T11,Control,Table 1,2024-06-02,18:00:00,3.5833333333333335,chla_conc,0.07759999999999999,chla,µg/L,0,-0.028200000000000003,0.10579999999999999
MOBEAST031,T11,Control,Table 1,2024-06-02,18:00:00,3.5833333333333335,tn_u_m,16.4364197134229,DOC,µmol/L,0,2.9578701621367003,13.4785495512862
MOBEAST031,T11,Control,Table 1,2024-06-02,18:00:00,3.5833333333333335,coble_a,0.00546780633904299,fDOM,R.U.,0,-0.003446889602957935,0.008914695942000925
MOBEAST031,T11,Control,Table 1,2024-06-02,18:00:00,3.5833333333333335,coble_b,0.0681049289489991,fDOM,R.U.,0,0.0368149078278733,0.0312900211211258
MOBEAST031,T11,Control,Table 1,2024-06-02,18:00:00,3.5833333333333335,coble_c,0.00545663285792053,fDOM,R.U.,0,-1.7003796116454948e-4,0.0056266708190850796
MOBEAST031,T11,Control,Table 1,2024-06-02,18:00:00,3.5833333333333335,coble_m,0.00735085147634639,fDOM,R.U.,0,-0.0025390677535756263,0.009889919229922016
MOBEAST031,T11,Control,Table 1,2024-06-02,18:00:00,3.5833333333333335,coble_t,0.0680973536985832,fDOM,R.U.,0,0.018792831614719355,0.04930452208386385
MOBEAST031,T11,Control,Table 1,2024-06-02,18:00:00,3.5833333333333335,m_to_c,1.3471405659400966,fDOM,R.U.,0,-0.41070448036506546,1.757845046305162
MOBEAST031,T11,Control,Table 1,2024-06-02,18:00:00,3.5833333333333335,bix,1.1329896227316,fDOM,R.U.,0,0.3133240789805556,0.8196655437510445
MOBEAST031,T11,Control,Table 1,2024-06-02,18:00:00,3.5833333333333335,hix,0.350400339178703,fDOM,R.U.,0,-0.26058328804398395,0.610983627222687
MOBEAST031,T11,Control,Table 1,2024-06-02,18:00:00,3.5833333333333335,fpeak,0.0194873186110343,fDOM,R.U.,0,-0.001935960069110499,0.0214232786801448
MOBEAST031,T11,Control,Table 1,2024-06-02,18:00:00,3.5833333333333335,fi,2.12011761732585,fDOM,R.U.,0,-0.03458948903794523,2.1547071063637953
MOBEAST031,T11,Control,Table 1,2024-06-02,18:00:00,3.5833333333333335,lignin,0.0476616478845649,fDOM,R.U.,0,0.022624310822168474,0.025037337062396428
MOBEAST031,T11,Control,Table 1,2024-06-02,18:00:00,3.5833333333333335,N_N,1.046,nutrients,µmol/L,0,0.09850000000000003,0.9475
MOBEAST031,T11,Control,Table 1,2024-06-02,18:00:00,3.5833333333333335,NO2,0.1602164515,nutrients,µmol/L,0,0.040202278514999995,0.120014172985
MOBEAST031,T11,Control,Table 1,2024-06-02,18:00:00,3.5833333333333335,PO4,0.077,nutrients,µmol/L,0,-0.008739566165000004,0.085739566165
MOBEAST031,T11,Control,Table 1,2024-06-02,18:00:00,3.5833333333333335,SiO2,0.3241707098,nutrients,µmol/L,0,0.21551147120000003,0.10865923859999999
MOBEAST031,T11,Control,Table 1,2024-06-02,18:00:00,3.5833333333333335,NH3,2.573189361,nutrients,µmol/L,0,2.2240500701499997,0.34913929085
MOBEAST031,T11,Control,Table 1,2024-06-02,18:00:00,3.5833333333333335,NO3,0.8857835485000001,nutrients,µmol/L,0,0.05829772148500001,0.8274858270150001
MOBEAST031,T11,Control,Table 1,2024-06-02,18:00:00,3.5833333333333335,ph_diff,-0.00909755572481252,carbonate,NA,0,-0.00909755572481252,0
MOBEAST031,T11,Control,Table 1,2024-06-02,18:00:00,3.5833333333333335,delta_ta,-1.8409999999998945,carbonate,NA,0,-1.8409999999998945,0
MOBEAST031,T11,Control,Table 1,2024-06-02,18:00:00,3.5833333333333335,do_mg_l,3.8,residence time,NA,0,NA,NA
MOBEAST031,T11,Control,Table 1,2024-06-02,18:00:00,3.5833333333333335,ta,2346.73,carbonate,NA,0,8.991999999999734,2337.7380000000003
MOBEAST031,T11,Control,Table 1,2024-06-02,18:00:00,3.5833333333333335,dic_mmol_kg,2000.421195433444,residence time,NA,0,NA,NA
MOBEAST031,T11,Control,Table 1,2024-06-02,18:00:00,3.5833333333333335,ph,8.04526426652345,carbonate,NA,0,-0.009783831417811584,8.055048097941262
MOBEAST031,T11,Control,Table 1,2024-06-02,18:00:00,3.5833333333333335,AEGEAN-169_marine_group,0.0185,DNA,NA,0,-0.007800000000000001,0.0263
MOBEAST031,T11,Control,Table 1,2024-06-02,18:00:00,3.5833333333333335,Actinomarinaceae,0.0082,DNA,NA,0,-0.007000000000000001,0.015200000000000002
MOBEAST031,T11,Control,Table 1,2024-06-02,18:00:00,3.5833333333333335,Alcanivoracaceae,0,DNA,NA,0,0,0
MOBEAST031,T11,Control,Table 1,2024-06-02,18:00:00,3.5833333333333335,Alphaproteobacteria_unclassified,2e-4,DNA,NA,0,2e-4,0
MOBEAST031,T11,Control,Table 1,2024-06-02,18:00:00,3.5833333333333335,Alteromonadaceae,0.0528,DNA,NA,0,0.028200000000000006,0.024599999999999993
MOBEAST031,T11,Control,Table 1,2024-06-02,18:00:00,3.5833333333333335,Alteromonadales_unclassified,0,DNA,NA,0,0,0
MOBEAST031,T11,Control,Table 1,2024-06-02,18:00:00,3.5833333333333335,Anaerolineae_unclassified,0,DNA,NA,0,0,0
MOBEAST031,T11,Control,Table 1,2024-06-02,18:00:00,3.5833333333333335,Arcobacteraceae,0,DNA,NA,0,0,0
MOBEAST031,T11,Control,Table 1,2024-06-02,18:00:00,3.5833333333333335,Arctic97B-4_marine_group_fa,0.0028,DNA,NA,0,7.500000000000002e-4,0.0020499999999999997
MOBEAST031,T11,Control,Table 1,2024-06-02,18:00:00,3.5833333333333335,Arenicellaceae,0,DNA,NA,0,-2e-4,2e-4
MOBEAST031,T11,Control,Table 1,2024-06-02,18:00:00,3.5833333333333335,Bacteria_unclassified,1e-4,DNA,NA,0,1e-4,0
MOBEAST031,T11,Control,Table 1,2024-06-02,18:00:00,3.5833333333333335,Bacteriovoracaceae,0,DNA,NA,0,0,0
MOBEAST031,T11,Control,Table 1,2024-06-02,18:00:00,3.5833333333333335,Bacteroidales_unclassified,0,DNA,NA,0,0,0
MOBEAST031,T11,Control,Table 1,2024-06-02,18:00:00,3.5833333333333335,Bacteroidetes_BD2-2,0,DNA,NA,0,0,0
MOBEAST031,T11,Control,Table 1,2024-06-02,18:00:00,3.5833333333333335,Bacteroidia_unclassified,0,DNA,NA,0,0,0
MOBEAST031,T11,Control,Table 1,2024-06-02,18:00:00,3.5833333333333335,Bradymonadales_fa,0,DNA,NA,0,0,0
MOBEAST031,T11,Control,Table 1,2024-06-02,18:00:00,3.5833333333333335,Campylobacterales_unclassified,0,DNA,NA,0,0,0
MOBEAST031,T11,Control,Table 1,2024-06-02,18:00:00,3.5833333333333335,Campylobacteria_unclassified,0,DNA,NA,0,0,0
MOBEAST031,T11,Control,Table 1,2024-06-02,18:00:00,3.5833333333333335,Cellvibrionaceae,0.01699999999999999,DNA,NA,0,0.016449999999999992,5.5e-4
MOBEAST031,T11,Control,Table 1,2024-06-02,18:00:00,3.5833333333333335,Clade_I,0.0218,DNA,NA,0,-0.009000000000000001,0.0308
MOBEAST031,T11,Control,Table 1,2024-06-02,18:00:00,3.5833333333333335,Clade_II,0.0083,DNA,NA,0,-0.003049999999999999,0.011349999999999999
MOBEAST031,T11,Control,Table 1,2024-06-02,18:00:00,3.5833333333333335,Clade_IV,0.001,DNA,NA,0,-2.000000000000001e-4,0.0012000000000000001
MOBEAST031,T11,Control,Table 1,2024-06-02,18:00:00,3.5833333333333335,Colwelliaceae,1e-4,DNA,NA,0,1e-4,0
MOBEAST031,T11,Control,Table 1,2024-06-02,18:00:00,3.5833333333333335,Cryomorphaceae,0.0034,DNA,NA,0,-0.0012499999999999998,0.00465
MOBEAST031,T11,Control,Table 1,2024-06-02,18:00:00,3.5833333333333335,Cyanobiaceae,0.477,DNA,NA,0,0.0022999999999999687,0.4747
MOBEAST031,T11,Control,Table 1,2024-06-02,18:00:00,3.5833333333333335,Cyclobacteriaceae,2e-4,DNA,NA,0,-5.5e-4,7.5e-4
MOBEAST031,T11,Control,Table 1,2024-06-02,18:00:00,3.5833333333333335,Deltaproteobacteria_unclassified,0,DNA,NA,0,0,0
MOBEAST031,T11,Control,Table 1,2024-06-02,18:00:00,3.5833333333333335,Desulfovibrionaceae,0,DNA,NA,0,0,0
MOBEAST031,T11,Control,Table 1,2024-06-02,18:00:00,3.5833333333333335,Desulfuromonadaceae,0,DNA,NA,0,0,0
MOBEAST031,T11,Control,Table 1,2024-06-02,18:00:00,3.5833333333333335,Ectothiorhodospiraceae,0.0012,DNA,NA,0,-2.168404344971009e-19,0.0012000000000000001
MOBEAST031,T11,Control,Table 1,2024-06-02,18:00:00,3.5833333333333335,Endozoicomonadaceae,0.0014,DNA,NA,0,7e-4,7e-4
MOBEAST031,T11,Control,Table 1,2024-06-02,18:00:00,3.5833333333333335,Flavobacteriaceae,0.03019999999999999,DNA,NA,0,-0.0316,0.061799999999999994
MOBEAST031,T11,Control,Table 1,2024-06-02,18:00:00,3.5833333333333335,Francisellaceae,0,DNA,NA,0,0,0
MOBEAST031,T11,Control,Table 1,2024-06-02,18:00:00,3.5833333333333335,Gammaproteobacteria_unclassified,0.0019,DNA,NA,0,-8.000000000000001e-4,0.0027
MOBEAST031,T11,Control,Table 1,2024-06-02,18:00:00,3.5833333333333335,Halieaceae,0.01399999999999999,DNA,NA,0,-0.005600000000000006,0.019599999999999996
MOBEAST031,T11,Control,Table 1,2024-06-02,18:00:00,3.5833333333333335,Halomonadaceae,0,DNA,NA,0,0,0
MOBEAST031,T11,Control,Table 1,2024-06-02,18:00:00,3.5833333333333335,Helicobacteraceae,0,DNA,NA,0,0,0
MOBEAST031,T11,Control,Table 1,2024-06-02,18:00:00,3.5833333333333335,Hyphomonadaceae,0.0014,DNA,NA,0,0.0014,0
MOBEAST031,T11,Control,Table 1,2024-06-02,18:00:00,3.5833333333333335,Idiomarinaceae,0,DNA,NA,0,0,0
MOBEAST031,T11,Control,Table 1,2024-06-02,18:00:00,3.5833333333333335,JGI_0000069-P22_fa,0,DNA,NA,0,-0.0010999999999999998,0.0010999999999999998
MOBEAST031,T11,Control,Table 1,2024-06-02,18:00:00,3.5833333333333335,KI89A_clade_fa,4e-4,DNA,NA,0,1.0000000000000005e-4,3e-4
MOBEAST031,T11,Control,Table 1,2024-06-02,18:00:00,3.5833333333333335,Kiritimatiellaceae,0,DNA,NA,0,0,0
MOBEAST031,T11,Control,Table 1,2024-06-02,18:00:00,3.5833333333333335,Leptotrichiaceae,0,DNA,NA,0,0,0
MOBEAST031,T11,Control,Table 1,2024-06-02,18:00:00,3.5833333333333335,Litoricolaceae,0.0026,DNA,NA,0,-0.0010500000000000002,0.00365
MOBEAST031,T11,Control,Table 1,2024-06-02,18:00:00,3.5833333333333335,Marine_Group_II_fa,0.0423,DNA,NA,0,-0.0027499999999999955,0.04504999999999999
MOBEAST031,T11,Control,Table 1,2024-06-02,18:00:00,3.5833333333333335,Marinifilaceae,0,DNA,NA,0,0,0
MOBEAST031,T11,Control,Table 1,2024-06-02,18:00:00,3.5833333333333335,Marinilabiliaceae,0,DNA,NA,0,0,0
MOBEAST031,T11,Control,Table 1,2024-06-02,18:00:00,3.5833333333333335,Marinimicrobia_(SAR406_clade)_fa,0.0053,DNA,NA,0,-0.00145,0.00675
MOBEAST031,T11,Control,Table 1,2024-06-02,18:00:00,3.5833333333333335,Marinobacteraceae,0,DNA,NA,0,0,0
MOBEAST031,T11,Control,Table 1,2024-06-02,18:00:00,3.5833333333333335,Marinomonadaceae,5e-4,DNA,NA,0,5e-4,0
MOBEAST031,T11,Control,Table 1,2024-06-02,18:00:00,3.5833333333333335,Methylophilaceae,0.0048,DNA,NA,0,-0.0011500000000000008,0.00595
MOBEAST031,T11,Control,Table 1,2024-06-02,18:00:00,3.5833333333333335,Micavibrionaceae,0,DNA,NA,0,0,0
MOBEAST031,T11,Control,Table 1,2024-06-02,18:00:00,3.5833333333333335,Microtrichaceae,0.0041,DNA,NA,0,1.4999999999999996e-4,0.00395
MOBEAST031,T11,Control,Table 1,2024-06-02,18:00:00,3.5833333333333335,Moraxellaceae,0,DNA,NA,0,0,0
MOBEAST031,T11,Control,Table 1,2024-06-02,18:00:00,3.5833333333333335,NS7_marine_group,0,DNA,NA,0,-5.5e-4,5.5e-4
MOBEAST031,T11,Control,Table 1,2024-06-02,18:00:00,3.5833333333333335,NS9_marine_group,0.0018,DNA,NA,0,-0.0016499999999999948,0.0034499999999999947
MOBEAST031,T11,Control,Table 1,2024-06-02,18:00:00,3.5833333333333335,Nannocystaceae,1e-4,DNA,NA,0,-9.999999999999998e-5,1.9999999999999998e-4
MOBEAST031,T11,Control,Table 1,2024-06-02,18:00:00,3.5833333333333335,Nitrincolaceae,0.1204,DNA,NA,0,0.11814999999999999,0.00225
MOBEAST031,T11,Control,Table 1,2024-06-02,18:00:00,3.5833333333333335,Nitrosopumilaceae,1e-4,DNA,NA,0,-3.5e-4,4.5e-4
MOBEAST031,T11,Control,Table 1,2024-06-02,18:00:00,3.5833333333333335,OM182_clade_fa,0.0022,DNA,NA,0,-0.0015999999999999999,0.0038
MOBEAST031,T11,Control,Table 1,2024-06-02,18:00:00,3.5833333333333335,Oleiphilaceae,0.0016,DNA,NA,0,8.000000000000001e-4,7.999999999999999e-4
MOBEAST031,T11,Control,Table 1,2024-06-02,18:00:00,3.5833333333333335,Oligoflexaceae,3e-4,DNA,NA,0,-1.5000000000000001e-4,4.5e-4
MOBEAST031,T11,Control,Table 1,2024-06-02,18:00:00,3.5833333333333335,Pirellulaceae,0.00219999999999999,DNA,NA,0,-7.500000000000098e-4,0.00295
MOBEAST031,T11,Control,Table 1,2024-06-02,18:00:00,3.5833333333333335,Piscirickettsiaceae,4e-4,DNA,NA,0,0,4e-4
MOBEAST031,T11,Control,Table 1,2024-06-02,18:00:00,3.5833333333333335,Prolixibacteraceae,0,DNA,NA,0,0,0
MOBEAST031,T11,Control,Table 1,2024-06-02,18:00:00,3.5833333333333335,Proteobacteria_unclassified,5e-4,DNA,NA,0,-0.0011,0.0016
MOBEAST031,T11,Control,Table 1,2024-06-02,18:00:00,3.5833333333333335,Pseudoalteromonadaceae,4e-4,DNA,NA,0,-9.999999999999999e-5,5e-4
MOBEAST031,T11,Control,Table 1,2024-06-02,18:00:00,3.5833333333333335,Pseudohongiellaceae,0.0015,DNA,NA,0,-3.5000000000000005e-4,0.00185
MOBEAST031,T11,Control,Table 1,2024-06-02,18:00:00,3.5833333333333335,Pseudomonadaceae,0,DNA,NA,0,0,0
MOBEAST031,T11,Control,Table 1,2024-06-02,18:00:00,3.5833333333333335,Puniceicoccaceae,0,DNA,NA,0,0,0
MOBEAST031,T11,Control,Table 1,2024-06-02,18:00:00,3.5833333333333335,Rhizobiaceae,0,DNA,NA,0,0,0
MOBEAST031,T11,Control,Table 1,2024-06-02,18:00:00,3.5833333333333335,Rhodobacteraceae,0.0527,DNA,NA,0,-0.0097,0.0624
MOBEAST031,T11,Control,Table 1,2024-06-02,18:00:00,3.5833333333333335,Rhodospirillaceae,0,DNA,NA,0,0,0
MOBEAST031,T11,Control,Table 1,2024-06-02,18:00:00,3.5833333333333335,Rubinisphaeraceae,9e-4,DNA,NA,0,2.999999999999999e-4,6.000000000000001e-4
MOBEAST031,T11,Control,Table 1,2024-06-02,18:00:00,3.5833333333333335,S25-593,4e-4,DNA,NA,0,-3.999999999999999e-4,7.999999999999999e-4
MOBEAST031,T11,Control,Table 1,2024-06-02,18:00:00,3.5833333333333335,SAR116_clade,0.0352,DNA,NA,0,-0.005350000000000001,0.04055
MOBEAST031,T11,Control,Table 1,2024-06-02,18:00:00,3.5833333333333335,SAR202_clade_fa,1e-4,DNA,NA,0,-2.0000000000000004e-4,3.0000000000000003e-4
MOBEAST031,T11,Control,Table 1,2024-06-02,18:00:00,3.5833333333333335,SAR324_clade(Marine_group_B)_fa,6e-4,DNA,NA,0,-5.000000000000002e-5,6.5e-4
MOBEAST031,T11,Control,Table 1,2024-06-02,18:00:00,3.5833333333333335,SAR86_clade_fa,0.0327,DNA,NA,0,-0.007199999999999998,0.0399
MOBEAST031,T11,Control,Table 1,2024-06-02,18:00:00,3.5833333333333335,Saccharospirillaceae,0.0031,DNA,NA,0,-0.031100000000000003,0.0342
MOBEAST031,T11,Control,Table 1,2024-06-02,18:00:00,3.5833333333333335,Saprospiraceae,0,DNA,NA,0,0,0
MOBEAST031,T11,Control,Table 1,2024-06-02,18:00:00,3.5833333333333335,Sphingomonadaceae,0,DNA,NA,0,0,0
MOBEAST031,T11,Control,Table 1,2024-06-02,18:00:00,3.5833333333333335,Spirochaetaceae,0,DNA,NA,0,0,0
MOBEAST031,T11,Control,Table 1,2024-06-02,18:00:00,3.5833333333333335,Spongiibacteraceae,9e-4,DNA,NA,0,9e-4,0
MOBEAST031,T11,Control,Table 1,2024-06-02,18:00:00,3.5833333333333335,Stappiaceae,0,DNA,NA,0,0,0
MOBEAST031,T11,Control,Table 1,2024-06-02,18:00:00,3.5833333333333335,Terasakiellaceae,0,DNA,NA,0,0,0
MOBEAST031,T11,Control,Table 1,2024-06-02,18:00:00,3.5833333333333335,Thalassospiraceae,0,DNA,NA,0,0,0
MOBEAST031,T11,Control,Table 1,2024-06-02,18:00:00,3.5833333333333335,Thiomicrospiraceae,0,DNA,NA,0,0,0
MOBEAST031,T11,Control,Table 1,2024-06-02,18:00:00,3.5833333333333335,Vibrionaceae,0.0065,DNA,NA,0,0.0040999999999999995,0.0024000000000000002
MOBEAST031,T11,Control,Table 1,2024-06-02,18:00:00,3.5833333333333335,Woesearchaeia_fa,0,DNA,NA,0,-2.5e-4,2.5e-4
MOBEAST031,T11,Control,Table 1,2024-06-02,18:00:00,3.5833333333333335,uncultured_fa,2e-4,DNA,NA,0,0,2e-4
MOBEAST032,T12,CCA,Table 1,2024-06-02,18:00:00,7.333333333333333,het_bact,421.498,FCM,cell/µL,0,-32.940499999999986,454.4385
MOBEAST032,T12,CCA,Table 1,2024-06-02,18:00:00,7.333333333333333,pico_euk,1.714,FCM,cell/µL,0,-0.40100000000000025,2.115
MOBEAST032,T12,CCA,Table 1,2024-06-02,18:00:00,7.333333333333333,syn,109.368,FCM,cell/µL,0,-10.906500000000008,120.2745
MOBEAST032,T12,CCA,Table 1,2024-06-02,18:00:00,7.333333333333333,pro,9.667,FCM,cell/µL,0,-2.4565,12.1235
MOBEAST032,T12,CCA,Table 1,2024-06-02,18:00:00,7.333333333333333,tot_bact,540.532,FCM,cell/µL,0,-46.303999999999974,586.836
MOBEAST032,T12,CCA,Table 1,2024-06-02,18:00:00,7.333333333333333,cyano,119.03500000000004,FCM,cell/µL,0,-13.362999999999957,132.398
MOBEAST032,T12,CCA,Table 1,2024-06-02,18:00:00,7.333333333333333,chla_conc,0.1148,chla,µg/L,0,0.009000000000000008,0.10579999999999999
MOBEAST032,T12,CCA,Table 1,2024-06-02,18:00:00,7.333333333333333,tn_u_m,15.486874138805,DOC,µmol/L,0,2.0083245875188,13.4785495512862
MOBEAST032,T12,CCA,Table 1,2024-06-02,18:00:00,7.333333333333333,coble_a,0.009966225964963,fDOM,R.U.,0,0.0010515300229620751,0.008914695942000925
MOBEAST032,T12,CCA,Table 1,2024-06-02,18:00:00,7.333333333333333,coble_b,0.123325376031201,fDOM,R.U.,0,0.0920353549100752,0.0312900211211258
MOBEAST032,T12,CCA,Table 1,2024-06-02,18:00:00,7.333333333333333,coble_c,0.00902057764122225,fDOM,R.U.,0,0.003393906822137171,0.0056266708190850796
MOBEAST032,T12,CCA,Table 1,2024-06-02,18:00:00,7.333333333333333,coble_m,0.0134007919691916,fDOM,R.U.,0,0.0035108727392695847,0.009889919229922016
MOBEAST032,T12,CCA,Table 1,2024-06-02,18:00:00,7.333333333333333,coble_t,0.117219892646601,fDOM,R.U.,0,0.06791537056273715,0.04930452208386385
MOBEAST032,T12,CCA,Table 1,2024-06-02,18:00:00,7.333333333333333,m_to_c,1.4855802479824174,fDOM,R.U.,0,-0.27226479832274464,1.757845046305162
MOBEAST032,T12,CCA,Table 1,2024-06-02,18:00:00,7.333333333333333,bix,1.17842597597393,fDOM,R.U.,0,0.35876043222288545,0.8196655437510445
MOBEAST032,T12,CCA,Table 1,2024-06-02,18:00:00,7.333333333333333,hix,0.305346507487696,fDOM,R.U.,0,-0.30563711973499097,0.610983627222687
MOBEAST032,T12,CCA,Table 1,2024-06-02,18:00:00,7.333333333333333,fpeak,0.0220383585952933,fDOM,R.U.,0,6.150799151485031e-4,0.0214232786801448
MOBEAST032,T12,CCA,Table 1,2024-06-02,18:00:00,7.333333333333333,fi,1.52427042527438,fDOM,R.U.,0,-0.6304366810894153,2.1547071063637953
MOBEAST032,T12,CCA,Table 1,2024-06-02,18:00:00,7.333333333333333,lignin,0.0656641478016466,fDOM,R.U.,0,0.040626810739250174,0.025037337062396428
MOBEAST032,T12,CCA,Table 1,2024-06-02,18:00:00,7.333333333333333,N_N,1.275,nutrients,µmol/L,0,0.3274999999999999,0.9475
MOBEAST032,T12,CCA,Table 1,2024-06-02,18:00:00,7.333333333333333,NO2,0.1415146545,nutrients,µmol/L,0,0.021500481515000003,0.120014172985
MOBEAST032,T12,CCA,Table 1,2024-06-02,18:00:00,7.333333333333333,PO4,0.077,nutrients,µmol/L,0,-0.008739566165000004,0.085739566165
MOBEAST032,T12,CCA,Table 1,2024-06-02,18:00:00,7.333333333333333,SiO2,0.01,nutrients,µmol/L,0,-0.09865923859999999,0.10865923859999999
MOBEAST032,T12,CCA,Table 1,2024-06-02,18:00:00,7.333333333333333,NH3,1.305846522,nutrients,µmol/L,0,0.95670723115,0.34913929085
MOBEAST032,T12,CCA,Table 1,2024-06-02,18:00:00,7.333333333333333,NO3,1.1334853455,nutrients,µmol/L,0,0.30599951848499995,0.8274858270150001
MOBEAST032,T12,CCA,Table 1,2024-06-02,18:00:00,7.333333333333333,ph_diff,-0.01734455614339936,carbonate,NA,0,-0.01734455614339936,0
MOBEAST032,T12,CCA,Table 1,2024-06-02,18:00:00,7.333333333333333,delta_ta,-3.574000000000069,carbonate,NA,0,-3.574000000000069,0
MOBEAST032,T12,CCA,Table 1,2024-06-02,18:00:00,7.333333333333333,do_mg_l,3.58,residence time,NA,0,NA,NA
MOBEAST032,T12,CCA,Table 1,2024-06-02,18:00:00,7.333333333333333,ta,2344.997,carbonate,NA,0,7.25899999999956,2337.7380000000003
MOBEAST032,T12,CCA,Table 1,2024-06-02,18:00:00,7.333333333333333,dic_mmol_kg,2005.086768606336,residence time,NA,0,NA,NA
MOBEAST032,T12,CCA,Table 1,2024-06-02,18:00:00,7.333333333333333,ph,8.036322225042928,carbonate,NA,0,-0.01872587289833305,8.055048097941262
MOBEAST032,T12,CCA,Table 1,2024-06-02,18:00:00,7.333333333333333,AEGEAN-169_marine_group,0.01419999999999999,DNA,NA,0,-0.01210000000000001,0.0263
MOBEAST032,T12,CCA,Table 1,2024-06-02,18:00:00,7.333333333333333,Actinomarinaceae,0.0087,DNA,NA,0,-0.006500000000000002,0.015200000000000002
MOBEAST032,T12,CCA,Table 1,2024-06-02,18:00:00,7.333333333333333,Alcanivoracaceae,0,DNA,NA,0,0,0
MOBEAST032,T12,CCA,Table 1,2024-06-02,18:00:00,7.333333333333333,Alphaproteobacteria_unclassified,7e-4,DNA,NA,0,7e-4,0
MOBEAST032,T12,CCA,Table 1,2024-06-02,18:00:00,7.333333333333333,Alteromonadaceae,0.0725,DNA,NA,0,0.0479,0.024599999999999993
MOBEAST032,T12,CCA,Table 1,2024-06-02,18:00:00,7.333333333333333,Alteromonadales_unclassified,0,DNA,NA,0,0,0
MOBEAST032,T12,CCA,Table 1,2024-06-02,18:00:00,7.333333333333333,Anaerolineae_unclassified,0,DNA,NA,0,0,0
MOBEAST032,T12,CCA,Table 1,2024-06-02,18:00:00,7.333333333333333,Arcobacteraceae,0.0017,DNA,NA,0,0.0017,0
MOBEAST032,T12,CCA,Table 1,2024-06-02,18:00:00,7.333333333333333,Arctic97B-4_marine_group_fa,7.999999999999999e-4,DNA,NA,0,-0.0012499999999999998,0.0020499999999999997
MOBEAST032,T12,CCA,Table 1,2024-06-02,18:00:00,7.333333333333333,Arenicellaceae,0,DNA,NA,0,-2e-4,2e-4
MOBEAST032,T12,CCA,Table 1,2024-06-02,18:00:00,7.333333333333333,Bacteria_unclassified,0.0012,DNA,NA,0,0.0012,0
MOBEAST032,T12,CCA,Table 1,2024-06-02,18:00:00,7.333333333333333,Bacteriovoracaceae,0.0012,DNA,NA,0,0.0012,0
MOBEAST032,T12,CCA,Table 1,2024-06-02,18:00:00,7.333333333333333,Bacteroidales_unclassified,0,DNA,NA,0,0,0
MOBEAST032,T12,CCA,Table 1,2024-06-02,18:00:00,7.333333333333333,Bacteroidetes_BD2-2,0,DNA,NA,0,0,0
MOBEAST032,T12,CCA,Table 1,2024-06-02,18:00:00,7.333333333333333,Bacteroidia_unclassified,0,DNA,NA,0,0,0
MOBEAST032,T12,CCA,Table 1,2024-06-02,18:00:00,7.333333333333333,Bradymonadales_fa,0,DNA,NA,0,0,0
MOBEAST032,T12,CCA,Table 1,2024-06-02,18:00:00,7.333333333333333,Campylobacterales_unclassified,0,DNA,NA,0,0,0
MOBEAST032,T12,CCA,Table 1,2024-06-02,18:00:00,7.333333333333333,Campylobacteria_unclassified,5e-4,DNA,NA,0,5e-4,0
MOBEAST032,T12,CCA,Table 1,2024-06-02,18:00:00,7.333333333333333,Clade_I,0.0179,DNA,NA,0,-0.012900000000000002,0.0308
MOBEAST032,T12,CCA,Table 1,2024-06-02,18:00:00,7.333333333333333,Clade_II,0.0062,DNA,NA,0,-0.005149999999999999,0.011349999999999999
MOBEAST032,T12,CCA,Table 1,2024-06-02,18:00:00,7.333333333333333,Clade_IV,9e-4,DNA,NA,0,-3.0000000000000014e-4,0.0012000000000000001
MOBEAST032,T12,CCA,Table 1,2024-06-02,18:00:00,7.333333333333333,Colwelliaceae,7e-4,DNA,NA,0,7e-4,0
MOBEAST032,T12,CCA,Table 1,2024-06-02,18:00:00,7.333333333333333,Cryomorphaceae,0.0028,DNA,NA,0,-0.0018499999999999996,0.00465
MOBEAST032,T12,CCA,Table 1,2024-06-02,18:00:00,7.333333333333333,Cyanobiaceae,0.3587,DNA,NA,0,-0.11599999999999999,0.4747
MOBEAST032,T12,CCA,Table 1,2024-06-02,18:00:00,7.333333333333333,Cyclobacteriaceae,0.001,DNA,NA,0,2.5e-4,7.5e-4
MOBEAST032,T12,CCA,Table 1,2024-06-02,18:00:00,7.333333333333333,Deltaproteobacteria_unclassified,0,DNA,NA,0,0,0
MOBEAST032,T12,CCA,Table 1,2024-06-02,18:00:00,7.333333333333333,Desulfovibrionaceae,3e-4,DNA,NA,0,3e-4,0
MOBEAST032,T12,CCA,Table 1,2024-06-02,18:00:00,7.333333333333333,Desulfuromonadaceae,0,DNA,NA,0,0,0
MOBEAST032,T12,CCA,Table 1,2024-06-02,18:00:00,7.333333333333333,Ectothiorhodospiraceae,0.0014,DNA,NA,0,1.9999999999999987e-4,0.0012000000000000001
MOBEAST032,T12,CCA,Table 1,2024-06-02,18:00:00,7.333333333333333,Endozoicomonadaceae,7e-4,DNA,NA,0,0,7e-4
MOBEAST032,T12,CCA,Table 1,2024-06-02,18:00:00,7.333333333333333,Flavobacteriaceae,0.03349999999999999,DNA,NA,0,-0.028300000000000006,0.061799999999999994
MOBEAST032,T12,CCA,Table 1,2024-06-02,18:00:00,7.333333333333333,Francisellaceae,0,DNA,NA,0,0,0
MOBEAST032,T12,CCA,Table 1,2024-06-02,18:00:00,7.333333333333333,Gammaproteobacteria_unclassified,0.0025,DNA,NA,0,-2.000000000000001e-4,0.0027
MOBEAST032,T12,CCA,Table 1,2024-06-02,18:00:00,7.333333333333333,Halieaceae,0.00999999999999999,DNA,NA,0,-0.009600000000000006,0.019599999999999996
MOBEAST032,T12,CCA,Table 1,2024-06-02,18:00:00,7.333333333333333,Halomonadaceae,0,DNA,NA,0,0,0
MOBEAST032,T12,CCA,Table 1,2024-06-02,18:00:00,7.333333333333333,Helicobacteraceae,0,DNA,NA,0,0,0
MOBEAST032,T12,CCA,Table 1,2024-06-02,18:00:00,7.333333333333333,Hyphomonadaceae,0.0018,DNA,NA,0,0.0018,0
MOBEAST032,T12,CCA,Table 1,2024-06-02,18:00:00,7.333333333333333,Idiomarinaceae,0,DNA,NA,0,0,0
MOBEAST032,T12,CCA,Table 1,2024-06-02,18:00:00,7.333333333333333,JGI_0000069-P22_fa,0,DNA,NA,0,-0.0010999999999999998,0.0010999999999999998
MOBEAST032,T12,CCA,Table 1,2024-06-02,18:00:00,7.333333333333333,KI89A_clade_fa,5e-4,DNA,NA,0,2.0000000000000004e-4,3e-4
MOBEAST032,T12,CCA,Table 1,2024-06-02,18:00:00,7.333333333333333,Kiritimatiellaceae,0,DNA,NA,0,0,0
MOBEAST032,T12,CCA,Table 1,2024-06-02,18:00:00,7.333333333333333,Leptotrichiaceae,3e-4,DNA,NA,0,3e-4,0
MOBEAST032,T12,CCA,Table 1,2024-06-02,18:00:00,7.333333333333333,Litoricolaceae,0.0029,DNA,NA,0,-7.500000000000002e-4,0.00365
MOBEAST032,T12,CCA,Table 1,2024-06-02,18:00:00,7.333333333333333,Marine_Group_II_fa,0.0201,DNA,NA,0,-0.024949999999999993,0.04504999999999999
MOBEAST032,T12,CCA,Table 1,2024-06-02,18:00:00,7.333333333333333,Marinifilaceae,4e-4,DNA,NA,0,4e-4,0
MOBEAST032,T12,CCA,Table 1,2024-06-02,18:00:00,7.333333333333333,Marinilabiliaceae,0,DNA,NA,0,0,0
MOBEAST032,T12,CCA,Table 1,2024-06-02,18:00:00,7.333333333333333,Marinimicrobia_(SAR406_clade)_fa,0.0053,DNA,NA,0,-0.00145,0.00675
MOBEAST032,T12,CCA,Table 1,2024-06-02,18:00:00,7.333333333333333,Marinobacteraceae,0,DNA,NA,0,0,0
MOBEAST032,T12,CCA,Table 1,2024-06-02,18:00:00,7.333333333333333,Marinomonadaceae,0,DNA,NA,0,0,0
MOBEAST032,T12,CCA,Table 1,2024-06-02,18:00:00,7.333333333333333,Methylophilaceae,0.0047,DNA,NA,0,-0.0012500000000000002,0.00595
MOBEAST032,T12,CCA,Table 1,2024-06-02,18:00:00,7.333333333333333,Micavibrionaceae,1e-4,DNA,NA,0,1e-4,0
MOBEAST032,T12,CCA,Table 1,2024-06-02,18:00:00,7.333333333333333,Microtrichaceae,0.0026,DNA,NA,0,-0.0013500000000000005,0.00395
MOBEAST032,T12,CCA,Table 1,2024-06-02,18:00:00,7.333333333333333,Moraxellaceae,0,DNA,NA,0,0,0
MOBEAST032,T12,CCA,Table 1,2024-06-02,18:00:00,7.333333333333333,NS7_marine_group,4e-4,DNA,NA,0,-1.5000000000000001e-4,5.5e-4
MOBEAST032,T12,CCA,Table 1,2024-06-02,18:00:00,7.333333333333333,NS9_marine_group,0.0024,DNA,NA,0,-0.001049999999999995,0.0034499999999999947
MOBEAST032,T12,CCA,Table 1,2024-06-02,18:00:00,7.333333333333333,Nannocystaceae,3e-4,DNA,NA,0,9.999999999999999e-5,1.9999999999999998e-4
MOBEAST032,T12,CCA,Table 1,2024-06-02,18:00:00,7.333333333333333,Nitrincolaceae,0.0087,DNA,NA,0,0.006449999999999999,0.00225
MOBEAST032,T12,CCA,Table 1,2024-06-02,18:00:00,7.333333333333333,Nitrosopumilaceae,7e-4,DNA,NA,0,2.5e-4,4.5e-4
MOBEAST032,T12,CCA,Table 1,2024-06-02,18:00:00,7.333333333333333,OM182_clade_fa,0.0015,DNA,NA,0,-0.0023,0.0038
MOBEAST032,T12,CCA,Table 1,2024-06-02,18:00:00,7.333333333333333,Oleiphilaceae,8e-4,DNA,NA,0,1.0842021724855044e-19,7.999999999999999e-4
MOBEAST032,T12,CCA,Table 1,2024-06-02,18:00:00,7.333333333333333,Oligoflexaceae,0.00109999999999999,DNA,NA,0,6.499999999999901e-4,4.5e-4
MOBEAST032,T12,CCA,Table 1,2024-06-02,18:00:00,7.333333333333333,Pirellulaceae,0.0015,DNA,NA,0,-0.00145,0.00295
MOBEAST032,T12,CCA,Table 1,2024-06-02,18:00:00,7.333333333333333,Piscirickettsiaceae,2e-4,DNA,NA,0,-2e-4,4e-4
MOBEAST032,T12,CCA,Table 1,2024-06-02,18:00:00,7.333333333333333,Prolixibacteraceae,0,DNA,NA,0,0,0
MOBEAST032,T12,CCA,Table 1,2024-06-02,18:00:00,7.333333333333333,Proteobacteria_unclassified,5e-4,DNA,NA,0,-0.0011,0.0016
MOBEAST032,T12,CCA,Table 1,2024-06-02,18:00:00,7.333333333333333,Pseudoalteromonadaceae,0.0016,DNA,NA,0,0.0011,5e-4
MOBEAST032,T12,CCA,Table 1,2024-06-02,18:00:00,7.333333333333333,Pseudohongiellaceae,0.0013,DNA,NA,0,-5.500000000000001e-4,0.00185
MOBEAST032,T12,CCA,Table 1,2024-06-02,18:00:00,7.333333333333333,Pseudomonadaceae,0,DNA,NA,0,0,0
MOBEAST032,T12,CCA,Table 1,2024-06-02,18:00:00,7.333333333333333,Puniceicoccaceae,0,DNA,NA,0,0,0
MOBEAST032,T12,CCA,Table 1,2024-06-02,18:00:00,7.333333333333333,Rhizobiaceae,0,DNA,NA,0,0,0
MOBEAST032,T12,CCA,Table 1,2024-06-02,18:00:00,7.333333333333333,Rhodobacteraceae,0.0592,DNA,NA,0,-0.0031999999999999945,0.0624
MOBEAST032,T12,CCA,Table 1,2024-06-02,18:00:00,7.333333333333333,Rhodospirillaceae,0,DNA,NA,0,0,0
MOBEAST032,T12,CCA,Table 1,2024-06-02,18:00:00,7.333333333333333,Rubinisphaeraceae,9e-4,DNA,NA,0,2.999999999999999e-4,6.000000000000001e-4
MOBEAST032,T12,CCA,Table 1,2024-06-02,18:00:00,7.333333333333333,S25-593,0,DNA,NA,0,-7.999999999999999e-4,7.999999999999999e-4
MOBEAST032,T12,CCA,Table 1,2024-06-02,18:00:00,7.333333333333333,SAR116_clade,0.026,DNA,NA,0,-0.014550000000000004,0.04055
MOBEAST032,T12,CCA,Table 1,2024-06-02,18:00:00,7.333333333333333,SAR202_clade_fa,2e-4,DNA,NA,0,-1.0000000000000002e-4,3.0000000000000003e-4
MOBEAST032,T12,CCA,Table 1,2024-06-02,18:00:00,7.333333333333333,SAR324_clade(Marine_group_B)_fa,2e-4,DNA,NA,0,-4.5e-4,6.5e-4
MOBEAST032,T12,CCA,Table 1,2024-06-02,18:00:00,7.333333333333333,SAR86_clade_fa,0.0254,DNA,NA,0,-0.014499999999999999,0.0399
MOBEAST032,T12,CCA,Table 1,2024-06-02,18:00:00,7.333333333333333,Saccharospirillaceae,0.0079,DNA,NA,0,-0.0263,0.0342
MOBEAST032,T12,CCA,Table 1,2024-06-02,18:00:00,7.333333333333333,Saprospiraceae,5e-4,DNA,NA,0,5e-4,0
MOBEAST032,T12,CCA,Table 1,2024-06-02,18:00:00,7.333333333333333,Sphingomonadaceae,0.0019,DNA,NA,0,0.0019,0
MOBEAST032,T12,CCA,Table 1,2024-06-02,18:00:00,7.333333333333333,Spirochaetaceae,1e-4,DNA,NA,0,1e-4,0
MOBEAST032,T12,CCA,Table 1,2024-06-02,18:00:00,7.333333333333333,Spongiibacteraceae,0,DNA,NA,0,0,0
MOBEAST032,T12,CCA,Table 1,2024-06-02,18:00:00,7.333333333333333,Stappiaceae,0,DNA,NA,0,0,0
MOBEAST032,T12,CCA,Table 1,2024-06-02,18:00:00,7.333333333333333,Terasakiellaceae,0.001,DNA,NA,0,0.001,0
MOBEAST032,T12,CCA,Table 1,2024-06-02,18:00:00,7.333333333333333,Thalassospiraceae,7e-4,DNA,NA,0,7e-4,0
MOBEAST032,T12,CCA,Table 1,2024-06-02,18:00:00,7.333333333333333,Thiomicrospiraceae,0.0016,DNA,NA,0,0.0016,0
MOBEAST032,T12,CCA,Table 1,2024-06-02,18:00:00,7.333333333333333,Vibrionaceae,0.0205,DNA,NA,0,0.0181,0.0024000000000000002
MOBEAST032,T12,CCA,Table 1,2024-06-02,18:00:00,7.333333333333333,Woesearchaeia_fa,0,DNA,NA,0,-2.5e-4,2.5e-4
MOBEAST032,T12,CCA,Table 1,2024-06-02,18:00:00,7.333333333333333,uncultured_fa,0,DNA,NA,0,-2e-4,2e-4
MOBEAST033,T13,Algae,Table 1,2024-06-02,18:00:00,1.1333333333333333,het_bact,571.167,FCM,cell/µL,0,116.72850000000005,454.4385
MOBEAST033,T13,Algae,Table 1,2024-06-02,18:00:00,1.1333333333333333,pico_euk,1.833,FCM,cell/µL,0,-0.28200000000000025,2.115
MOBEAST033,T13,Algae,Table 1,2024-06-02,18:00:00,1.1333333333333333,syn,115.45,FCM,cell/µL,0,-4.8245000000000005,120.2745
MOBEAST033,T13,Algae,Table 1,2024-06-02,18:00:00,1.1333333333333333,pro,14.05,FCM,cell/µL,0,1.9265000000000008,12.1235
MOBEAST033,T13,Algae,Table 1,2024-06-02,18:00:00,1.1333333333333333,tot_bact,700.667,FCM,cell/µL,0,113.83100000000002,586.836
MOBEAST033,T13,Algae,Table 1,2024-06-02,18:00:00,1.1333333333333333,cyano,129.5,FCM,cell/µL,0,-2.897999999999996,132.398
MOBEAST033,T13,Algae,Table 1,2024-06-02,18:00:00,1.1333333333333333,chla_conc,0.128,chla,µg/L,0,0.02220000000000001,0.10579999999999999
MOBEAST033,T13,Algae,Table 1,2024-06-02,18:00:00,1.1333333333333333,tn_u_m,15.5939657449649,DOC,µmol/L,0,2.1154161936786995,13.4785495512862
MOBEAST033,T13,Algae,Table 1,2024-06-02,18:00:00,1.1333333333333333,coble_a,0.0136498337480532,fDOM,R.U.,0,0.004735137806052274,0.008914695942000925
MOBEAST033,T13,Algae,Table 1,2024-06-02,18:00:00,1.1333333333333333,coble_b,0.120490442480545,fDOM,R.U.,0,0.08920042135941919,0.0312900211211258
MOBEAST033,T13,Algae,Table 1,2024-06-02,18:00:00,1.1333333333333333,coble_c,0.0134733101693858,fDOM,R.U.,0,0.00784663935030072,0.0056266708190850796
MOBEAST033,T13,Algae,Table 1,2024-06-02,18:00:00,1.1333333333333333,coble_m,0.016866409163455,fDOM,R.U.,0,0.0069764899335329825,0.009889919229922016
MOBEAST033,T13,Algae,Table 1,2024-06-02,18:00:00,1.1333333333333333,coble_t,0.112516611421365,fDOM,R.U.,0,0.06321208933750115,0.04930452208386385
MOBEAST033,T13,Algae,Table 1,2024-06-02,18:00:00,1.1333333333333333,m_to_c,1.2518385572224884,fDOM,R.U.,0,-0.5060064890826736,1.757845046305162
MOBEAST033,T13,Algae,Table 1,2024-06-02,18:00:00,1.1333333333333333,bix,1.08790820206379,fDOM,R.U.,0,0.2682426583127455,0.8196655437510445
MOBEAST033,T13,Algae,Table 1,2024-06-02,18:00:00,1.1333333333333333,hix,0.417771281563582,fDOM,R.U.,0,-0.19321234565910494,0.610983627222687
MOBEAST033,T13,Algae,Table 1,2024-06-02,18:00:00,1.1333333333333333,fpeak,0.0343905439339923,fDOM,R.U.,0,0.012967265253847504,0.0214232786801448
MOBEAST033,T13,Algae,Table 1,2024-06-02,18:00:00,1.1333333333333333,fi,1.65310190196627,fDOM,R.U.,0,-0.5016052043975252,2.1547071063637953
MOBEAST033,T13,Algae,Table 1,2024-06-02,18:00:00,1.1333333333333333,lignin,0.0725953762954026,fDOM,R.U.,0,0.047558039233006166,0.025037337062396428
MOBEAST033,T13,Algae,Table 1,2024-06-02,18:00:00,1.1333333333333333,N_N,0.983,nutrients,µmol/L,0,0.035499999999999976,0.9475
MOBEAST033,T13,Algae,Table 1,2024-06-02,18:00:00,1.1333333333333333,NO2,0.07316090327,nutrients,µmol/L,0,-0.04685326971500001,0.120014172985
MOBEAST033,T13,Algae,Table 1,2024-06-02,18:00:00,1.1333333333333333,PO4,0.077,nutrients,µmol/L,0,-0.008739566165000004,0.085739566165
MOBEAST033,T13,Algae,Table 1,2024-06-02,18:00:00,1.1333333333333333,SiO2,0.01,nutrients,µmol/L,0,-0.09865923859999999,0.10865923859999999
MOBEAST033,T13,Algae,Table 1,2024-06-02,18:00:00,1.1333333333333333,NH3,1.300213887,nutrients,µmol/L,0,0.95107459615,0.34913929085
MOBEAST033,T13,Algae,Table 1,2024-06-02,18:00:00,1.1333333333333333,NO3,0.90983909673,nutrients,µmol/L,0,0.0823532697149999,0.8274858270150001
MOBEAST033,T13,Algae,Table 1,2024-06-02,18:00:00,1.1333333333333333,ph_diff,-0.04754342949346046,carbonate,NA,0,-0.04754342949346046,0
MOBEAST033,T13,Algae,Table 1,2024-06-02,18:00:00,1.1333333333333333,delta_ta,5.8530000000000655,carbonate,NA,0,5.8530000000000655,0
MOBEAST033,T13,Algae,Table 1,2024-06-02,18:00:00,1.1333333333333333,do_mg_l,3.34,residence time,NA,0,NA,NA
MOBEAST033,T13,Algae,Table 1,2024-06-02,18:00:00,1.1333333333333333,ta,2354.424,carbonate,NA,0,16.685999999999694,2337.7380000000003
MOBEAST033,T13,Algae,Table 1,2024-06-02,18:00:00,1.1333333333333333,dic_mmol_kg,2031.4448662127031,residence time,NA,0,NA,NA
MOBEAST033,T13,Algae,Table 1,2024-06-02,18:00:00,1.1333333333333333,ph,8.00562897236831,carbonate,NA,0,-0.04941912557295147,8.055048097941262
MOBEAST033,T13,Algae,Table 1,2024-06-02,18:00:00,1.1333333333333333,AEGEAN-169_marine_group,0.0122,DNA,NA,0,-0.0141,0.0263
MOBEAST033,T13,Algae,Table 1,2024-06-02,18:00:00,1.1333333333333333,Actinomarinaceae,0.0079,DNA,NA,0,-0.007300000000000001,0.015200000000000002
MOBEAST033,T13,Algae,Table 1,2024-06-02,18:00:00,1.1333333333333333,Alcanivoracaceae,0,DNA,NA,0,0,0
MOBEAST033,T13,Algae,Table 1,2024-06-02,18:00:00,1.1333333333333333,Alphaproteobacteria_unclassified,0.01109999999999999,DNA,NA,0,0.01109999999999999,0
MOBEAST033,T13,Algae,Table 1,2024-06-02,18:00:00,1.1333333333333333,Alteromonadaceae,0.0414,DNA,NA,0,0.016800000000000006,0.024599999999999993
MOBEAST033,T13,Algae,Table 1,2024-06-02,18:00:00,1.1333333333333333,Alteromonadales_unclassified,0.0038,DNA,NA,0,0.0038,0
MOBEAST033,T13,Algae,Table 1,2024-06-02,18:00:00,1.1333333333333333,Anaerolineae_unclassified,0.0044,DNA,NA,0,0.0044,0
MOBEAST033,T13,Algae,Table 1,2024-06-02,18:00:00,1.1333333333333333,Arcobacteraceae,0.0185,DNA,NA,0,0.0185,0
MOBEAST033,T13,Algae,Table 1,2024-06-02,18:00:00,1.1333333333333333,Arctic97B-4_marine_group_fa,0.0012,DNA,NA,0,-8.499999999999998e-4,0.0020499999999999997
MOBEAST033,T13,Algae,Table 1,2024-06-02,18:00:00,1.1333333333333333,Arenicellaceae,0.0029,DNA,NA,0,0.0026999999999999997,2e-4
MOBEAST033,T13,Algae,Table 1,2024-06-02,18:00:00,1.1333333333333333,Bacteria_unclassified,0.0037,DNA,NA,0,0.0037,0
MOBEAST033,T13,Algae,Table 1,2024-06-02,18:00:00,1.1333333333333333,Bacteroidales_unclassified,0,DNA,NA,0,0,0
MOBEAST033,T13,Algae,Table 1,2024-06-02,18:00:00,1.1333333333333333,Bacteroidetes_BD2-2,1e-4,DNA,NA,0,1e-4,0
MOBEAST033,T13,Algae,Table 1,2024-06-02,18:00:00,1.1333333333333333,Bacteroidia_unclassified,6e-4,DNA,NA,0,6e-4,0
MOBEAST033,T13,Algae,Table 1,2024-06-02,18:00:00,1.1333333333333333,Bradymonadales_fa,0,DNA,NA,0,0,0
MOBEAST033,T13,Algae,Table 1,2024-06-02,18:00:00,1.1333333333333333,Campylobacterales_unclassified,0,DNA,NA,0,0,0
MOBEAST033,T13,Algae,Table 1,2024-06-02,18:00:00,1.1333333333333333,Campylobacteria_unclassified,0.0011,DNA,NA,0,0.0011,0
MOBEAST033,T13,Algae,Table 1,2024-06-02,18:00:00,1.1333333333333333,Clade_I,0.0184,DNA,NA,0,-0.012400000000000001,0.0308
MOBEAST033,T13,Algae,Table 1,2024-06-02,18:00:00,1.1333333333333333,Clade_II,0.0068,DNA,NA,0,-0.004549999999999999,0.011349999999999999
MOBEAST033,T13,Algae,Table 1,2024-06-02,18:00:00,1.1333333333333333,Clade_IV,9e-4,DNA,NA,0,-3.0000000000000014e-4,0.0012000000000000001
MOBEAST033,T13,Algae,Table 1,2024-06-02,18:00:00,1.1333333333333333,Colwelliaceae,7e-4,DNA,NA,0,7e-4,0
MOBEAST033,T13,Algae,Table 1,2024-06-02,18:00:00,1.1333333333333333,Cryomorphaceae,0.0014,DNA,NA,0,-0.0032499999999999994,0.00465
MOBEAST033,T13,Algae,Table 1,2024-06-02,18:00:00,1.1333333333333333,Cyanobiaceae,0.24860000000000004,DNA,NA,0,-0.22609999999999997,0.4747
MOBEAST033,T13,Algae,Table 1,2024-06-02,18:00:00,1.1333333333333333,Cyclobacteriaceae,2e-4,DNA,NA,0,-5.5e-4,7.5e-4
MOBEAST033,T13,Algae,Table 1,2024-06-02,18:00:00,1.1333333333333333,Deltaproteobacteria_unclassified,2e-4,DNA,NA,0,2e-4,0
MOBEAST033,T13,Algae,Table 1,2024-06-02,18:00:00,1.1333333333333333,Desulfovibrionaceae,8e-4,DNA,NA,0,8e-4,0
MOBEAST033,T13,Algae,Table 1,2024-06-02,18:00:00,1.1333333333333333,Desulfuromonadaceae,6e-4,DNA,NA,0,6e-4,0
MOBEAST033,T13,Algae,Table 1,2024-06-02,18:00:00,1.1333333333333333,Ectothiorhodospiraceae,0.0012,DNA,NA,0,-2.168404344971009e-19,0.0012000000000000001
MOBEAST033,T13,Algae,Table 1,2024-06-02,18:00:00,1.1333333333333333,Endozoicomonadaceae,0,DNA,NA,0,-7e-4,7e-4
MOBEAST033,T13,Algae,Table 1,2024-06-02,18:00:00,1.1333333333333333,Flavobacteriaceae,0.0354,DNA,NA,0,-0.026399999999999993,0.061799999999999994
MOBEAST033,T13,Algae,Table 1,2024-06-02,18:00:00,1.1333333333333333,Francisellaceae,0.0011,DNA,NA,0,0.0011,0
MOBEAST033,T13,Algae,Table 1,2024-06-02,18:00:00,1.1333333333333333,Gammaproteobacteria_unclassified,0.0021,DNA,NA,0,-6.000000000000003e-4,0.0027
MOBEAST033,T13,Algae,Table 1,2024-06-02,18:00:00,1.1333333333333333,Halieaceae,0.0101,DNA,NA,0,-0.009499999999999996,0.019599999999999996
MOBEAST033,T13,Algae,Table 1,2024-06-02,18:00:00,1.1333333333333333,Halomonadaceae,0,DNA,NA,0,0,0
MOBEAST033,T13,Algae,Table 1,2024-06-02,18:00:00,1.1333333333333333,Helicobacteraceae,0,DNA,NA,0,0,0
MOBEAST033,T13,Algae,Table 1,2024-06-02,18:00:00,1.1333333333333333,Hyphomonadaceae,0.0045,DNA,NA,0,0.0045,0
MOBEAST033,T13,Algae,Table 1,2024-06-02,18:00:00,1.1333333333333333,Idiomarinaceae,0,DNA,NA,0,0,0
MOBEAST033,T13,Algae,Table 1,2024-06-02,18:00:00,1.1333333333333333,JGI_0000069-P22_fa,0.0017,DNA,NA,0,6.000000000000001e-4,0.0010999999999999998
MOBEAST033,T13,Algae,Table 1,2024-06-02,18:00:00,1.1333333333333333,KI89A_clade_fa,0,DNA,NA,0,-3e-4,3e-4
MOBEAST033,T13,Algae,Table 1,2024-06-02,18:00:00,1.1333333333333333,Kiritimatiellaceae,0,DNA,NA,0,0,0
MOBEAST033,T13,Algae,Table 1,2024-06-02,18:00:00,1.1333333333333333,Leptotrichiaceae,6e-4,DNA,NA,0,6e-4,0
MOBEAST033,T13,Algae,Table 1,2024-06-02,18:00:00,1.1333333333333333,Litoricolaceae,0.0047,DNA,NA,0,0.0010500000000000002,0.00365
MOBEAST033,T13,Algae,Table 1,2024-06-02,18:00:00,1.1333333333333333,Marine_Group_II_fa,0.0098,DNA,NA,0,-0.03524999999999999,0.04504999999999999
MOBEAST033,T13,Algae,Table 1,2024-06-02,18:00:00,1.1333333333333333,Marinifilaceae,0,DNA,NA,0,0,0
MOBEAST033,T13,Algae,Table 1,2024-06-02,18:00:00,1.1333333333333333,Marinilabiliaceae,2e-4,DNA,NA,0,2e-4,0
MOBEAST033,T13,Algae,Table 1,2024-06-02,18:00:00,1.1333333333333333,Marinimicrobia_(SAR406_clade)_fa,0.002,DNA,NA,0,-0.00475,0.00675
MOBEAST033,T13,Algae,Table 1,2024-06-02,18:00:00,1.1333333333333333,Marinobacteraceae,0,DNA,NA,0,0,0
MOBEAST033,T13,Algae,Table 1,2024-06-02,18:00:00,1.1333333333333333,Marinomonadaceae,0,DNA,NA,0,0,0
MOBEAST033,T13,Algae,Table 1,2024-06-02,18:00:00,1.1333333333333333,Methylophilaceae,0.003,DNA,NA,0,-0.0029500000000000004,0.00595
MOBEAST033,T13,Algae,Table 1,2024-06-02,18:00:00,1.1333333333333333,Microtrichaceae,0.0019,DNA,NA,0,-0.0020500000000000006,0.00395
MOBEAST033,T13,Algae,Table 1,2024-06-02,18:00:00,1.1333333333333333,Moraxellaceae,0,DNA,NA,0,0,0
MOBEAST033,T13,Algae,Table 1,2024-06-02,18:00:00,1.1333333333333333,NS7_marine_group,4e-4,DNA,NA,0,-1.5000000000000001e-4,5.5e-4
MOBEAST033,T13,Algae,Table 1,2024-06-02,18:00:00,1.1333333333333333,NS9_marine_group,0.00159999999999999,DNA,NA,0,-0.0018500000000000046,0.0034499999999999947
MOBEAST033,T13,Algae,Table 1,2024-06-02,18:00:00,1.1333333333333333,Nannocystaceae,0,DNA,NA,0,-1.9999999999999998e-4,1.9999999999999998e-4
MOBEAST033,T13,Algae,Table 1,2024-06-02,18:00:00,1.1333333333333333,Nitrincolaceae,0.079,DNA,NA,0,0.07675,0.00225
MOBEAST033,T13,Algae,Table 1,2024-06-02,18:00:00,1.1333333333333333,Nitrosopumilaceae,5e-4,DNA,NA,0,5.000000000000002e-5,4.5e-4
MOBEAST033,T13,Algae,Table 1,2024-06-02,18:00:00,1.1333333333333333,OM182_clade_fa,5e-4,DNA,NA,0,-0.0033,0.0038
MOBEAST033,T13,Algae,Table 1,2024-06-02,18:00:00,1.1333333333333333,Oleiphilaceae,0.0023,DNA,NA,0,0.0015,7.999999999999999e-4
MOBEAST033,T13,Algae,Table 1,2024-06-02,18:00:00,1.1333333333333333,Oligoflexaceae,0,DNA,NA,0,-4.5e-4,4.5e-4
MOBEAST033,T13,Algae,Table 1,2024-06-02,18:00:00,1.1333333333333333,Pirellulaceae,3e-4,DNA,NA,0,-0.00265,0.00295
MOBEAST033,T13,Algae,Table 1,2024-06-02,18:00:00,1.1333333333333333,Piscirickettsiaceae,1e-4,DNA,NA,0,-3.0000000000000003e-4,4e-4
MOBEAST033,T13,Algae,Table 1,2024-06-02,18:00:00,1.1333333333333333,Prolixibacteraceae,0,DNA,NA,0,0,0
MOBEAST033,T13,Algae,Table 1,2024-06-02,18:00:00,1.1333333333333333,Proteobacteria_unclassified,7.999999999999999e-4,DNA,NA,0,-8.000000000000001e-4,0.0016
MOBEAST033,T13,Algae,Table 1,2024-06-02,18:00:00,1.1333333333333333,Pseudoalteromonadaceae,0.00369999999999999,DNA,NA,0,0.00319999999999999,5e-4
MOBEAST033,T13,Algae,Table 1,2024-06-02,18:00:00,1.1333333333333333,Pseudohongiellaceae,0.001,DNA,NA,0,-8.500000000000001e-4,0.00185
MOBEAST033,T13,Algae,Table 1,2024-06-02,18:00:00,1.1333333333333333,Pseudomonadaceae,1e-4,DNA,NA,0,1e-4,0
MOBEAST033,T13,Algae,Table 1,2024-06-02,18:00:00,1.1333333333333333,Puniceicoccaceae,0,DNA,NA,0,0,0
MOBEAST033,T13,Algae,Table 1,2024-06-02,18:00:00,1.1333333333333333,Rhizobiaceae,7e-4,DNA,NA,0,7e-4,0
MOBEAST033,T13,Algae,Table 1,2024-06-02,18:00:00,1.1333333333333333,Rhodobacteraceae,0.19109999999999996,DNA,NA,0,0.12869999999999998,0.0624
MOBEAST033,T13,Algae,Table 1,2024-06-02,18:00:00,1.1333333333333333,Rhodospirillaceae,2e-4,DNA,NA,0,2e-4,0
MOBEAST033,T13,Algae,Table 1,2024-06-02,18:00:00,1.1333333333333333,Rubinisphaeraceae,5e-4,DNA,NA,0,-1.0000000000000005e-4,6.000000000000001e-4
MOBEAST033,T13,Algae,Table 1,2024-06-02,18:00:00,1.1333333333333333,S25-593,0,DNA,NA,0,-7.999999999999999e-4,7.999999999999999e-4
MOBEAST033,T13,Algae,Table 1,2024-06-02,18:00:00,1.1333333333333333,SAR116_clade,0.0183,DNA,NA,0,-0.022250000000000002,0.04055
MOBEAST033,T13,Algae,Table 1,2024-06-02,18:00:00,1.1333333333333333,SAR202_clade_fa,0,DNA,NA,0,-3.0000000000000003e-4,3.0000000000000003e-4
MOBEAST033,T13,Algae,Table 1,2024-06-02,18:00:00,1.1333333333333333,SAR324_clade(Marine_group_B)_fa,0,DNA,NA,0,-6.5e-4,6.5e-4
MOBEAST033,T13,Algae,Table 1,2024-06-02,18:00:00,1.1333333333333333,SAR86_clade_fa,0.0209,DNA,NA,0,-0.019,0.0399
MOBEAST033,T13,Algae,Table 1,2024-06-02,18:00:00,1.1333333333333333,Saccharospirillaceae,0.013,DNA,NA,0,-0.021200000000000004,0.0342
MOBEAST033,T13,Algae,Table 1,2024-06-02,18:00:00,1.1333333333333333,Sphingomonadaceae,9e-4,DNA,NA,0,9e-4,0
MOBEAST033,T13,Algae,Table 1,2024-06-02,18:00:00,1.1333333333333333,Spirochaetaceae,1e-4,DNA,NA,0,1e-4,0
MOBEAST033,T13,Algae,Table 1,2024-06-02,18:00:00,1.1333333333333333,Spongiibacteraceae,0.0011,DNA,NA,0,0.0011,0
MOBEAST033,T13,Algae,Table 1,2024-06-02,18:00:00,1.1333333333333333,Stappiaceae,0.001,DNA,NA,0,0.001,0
MOBEAST033,T13,Algae,Table 1,2024-06-02,18:00:00,1.1333333333333333,Terasakiellaceae,0.0034,DNA,NA,0,0.0034,0
MOBEAST033,T13,Algae,Table 1,2024-06-02,18:00:00,1.1333333333333333,Thalassospiraceae,7e-4,DNA,NA,0,7e-4,0
MOBEAST033,T13,Algae,Table 1,2024-06-02,18:00:00,1.1333333333333333,Thiomicrospiraceae,0,DNA,NA,0,0,0
MOBEAST033,T13,Algae,Table 1,2024-06-02,18:00:00,1.1333333333333333,Vibrionaceae,0.0185,DNA,NA,0,0.0161,0.0024000000000000002
MOBEAST033,T13,Algae,Table 1,2024-06-02,18:00:00,1.1333333333333333,Woesearchaeia_fa,0,DNA,NA,0,-2.5e-4,2.5e-4
MOBEAST033,T13,Algae,Table 1,2024-06-02,18:00:00,1.1333333333333333,uncultured_fa,4e-4,DNA,NA,0,2e-4,2e-4
MOBEAST034,T14,Algae,Table 1,2024-06-02,18:00:00,3.0166666666666666,het_bact,487.3,FCM,cell/µL,0,32.861500000000035,454.4385
MOBEAST034,T14,Algae,Table 1,2024-06-02,18:00:00,3.0166666666666666,pico_euk,1.633,FCM,cell/µL,0,-0.4820000000000002,2.115
MOBEAST034,T14,Algae,Table 1,2024-06-02,18:00:00,3.0166666666666666,syn,100.7,FCM,cell/µL,0,-19.5745,120.2745
MOBEAST034,T14,Algae,Table 1,2024-06-02,18:00:00,3.0166666666666666,pro,10,FCM,cell/µL,0,-2.1235,12.1235
MOBEAST034,T14,Algae,Table 1,2024-06-02,18:00:00,3.0166666666666666,tot_bact,598,FCM,cell/µL,0,11.163999999999987,586.836
MOBEAST034,T14,Algae,Table 1,2024-06-02,18:00:00,3.0166666666666666,cyano,110.7,FCM,cell/µL,0,-21.697999999999993,132.398
MOBEAST034,T14,Algae,Table 1,2024-06-02,18:00:00,3.0166666666666666,chla_conc,0.0372,chla,µg/L,0,-0.0686,0.10579999999999999
MOBEAST034,T14,Algae,Table 1,2024-06-02,18:00:00,3.0166666666666666,tn_u_m,11.7450934195778,DOC,µmol/L,0,-1.7334561317083992,13.4785495512862
MOBEAST034,T14,Algae,Table 1,2024-06-02,18:00:00,3.0166666666666666,coble_a,0.00694874253422744,fDOM,R.U.,0,-0.0019659534077734854,0.008914695942000925
MOBEAST034,T14,Algae,Table 1,2024-06-02,18:00:00,3.0166666666666666,coble_b,0.0780842005310253,fDOM,R.U.,0,0.0467941794098995,0.0312900211211258
MOBEAST034,T14,Algae,Table 1,2024-06-02,18:00:00,3.0166666666666666,coble_c,0.00746659721797775,fDOM,R.U.,0,0.0018399263988926702,0.0056266708190850796
MOBEAST034,T14,Algae,Table 1,2024-06-02,18:00:00,3.0166666666666666,coble_m,0.00903759122039181,fDOM,R.U.,0,-8.523280095302059e-4,0.009889919229922016
MOBEAST034,T14,Algae,Table 1,2024-06-02,18:00:00,3.0166666666666666,coble_t,0.0453144036568589,fDOM,R.U.,0,-0.003990118427004953,0.04930452208386385
MOBEAST034,T14,Algae,Table 1,2024-06-02,18:00:00,3.0166666666666666,m_to_c,1.2104029394583504,fDOM,R.U.,0,-0.5474421068468116,1.757845046305162
MOBEAST034,T14,Algae,Table 1,2024-06-02,18:00:00,3.0166666666666666,bix,0.831293225511137,fDOM,R.U.,0,0.011627681760092545,0.8196655437510445
MOBEAST034,T14,Algae,Table 1,2024-06-02,18:00:00,3.0166666666666666,hix,0.512977060403122,fDOM,R.U.,0,-0.09800656681956499,0.610983627222687
MOBEAST034,T14,Algae,Table 1,2024-06-02,18:00:00,3.0166666666666666,fpeak,0,fDOM,R.U.,0,-0.0214232786801448,0.0214232786801448
MOBEAST034,T14,Algae,Table 1,2024-06-02,18:00:00,3.0166666666666666,fi,1.59209378613139,fDOM,R.U.,0,-0.5626133202324053,2.1547071063637953
MOBEAST034,T14,Algae,Table 1,2024-06-02,18:00:00,3.0166666666666666,lignin,0.0123335629907121,fDOM,R.U.,0,-0.012703774071684328,0.025037337062396428
MOBEAST034,T14,Algae,Table 1,2024-06-02,18:00:00,3.0166666666666666,N_N,0.611,nutrients,µmol/L,0,-0.3365,0.9475
MOBEAST034,T14,Algae,Table 1,2024-06-02,18:00:00,3.0166666666666666,NO2,0.144741373,nutrients,µmol/L,0,0.024727200015000006,0.120014172985
MOBEAST034,T14,Algae,Table 1,2024-06-02,18:00:00,3.0166666666666666,PO4,0.07946394367,nutrients,µmol/L,0,-0.006275622495000008,0.085739566165
MOBEAST034,T14,Algae,Table 1,2024-06-02,18:00:00,3.0166666666666666,SiO2,0.06408025659,nutrients,µmol/L,0,-0.04457898200999999,0.10865923859999999
MOBEAST034,T14,Algae,Table 1,2024-06-02,18:00:00,3.0166666666666666,NH3,1.171672116,nutrients,µmol/L,0,0.8225328251500001,0.34913929085
MOBEAST034,T14,Algae,Table 1,2024-06-02,18:00:00,3.0166666666666666,NO3,0.466258627,nutrients,µmol/L,0,-0.3612272000150001,0.8274858270150001
MOBEAST034,T14,Algae,Table 1,2024-06-02,18:00:00,3.0166666666666666,ph_diff,-0.02658426095733901,carbonate,NA,0,-0.02658426095733901,0
MOBEAST034,T14,Algae,Table 1,2024-06-02,18:00:00,3.0166666666666666,delta_ta,-4.626999999999953,carbonate,NA,0,-4.626999999999953,0
MOBEAST034,T14,Algae,Table 1,2024-06-02,18:00:00,3.0166666666666666,do_mg_l,3.75,residence time,NA,0,NA,NA
MOBEAST034,T14,Algae,Table 1,2024-06-02,18:00:00,3.0166666666666666,ta,2343.944,carbonate,NA,0,6.205999999999676,2337.7380000000003
MOBEAST034,T14,Algae,Table 1,2024-06-02,18:00:00,3.0166666666666666,dic_mmol_kg,2007.7614476832553,residence time,NA,0,NA,NA
MOBEAST034,T14,Algae,Table 1,2024-06-02,18:00:00,3.0166666666666666,ph,8.028125990428471,carbonate,NA,0,-0.02692210751279056,8.055048097941262
MOBEAST034,T14,Algae,Table 1,2024-06-02,18:00:00,3.0166666666666666,AEGEAN-169_marine_group,0.0217,DNA,NA,0,-0.0046,0.0263
MOBEAST034,T14,Algae,Table 1,2024-06-02,18:00:00,3.0166666666666666,Actinomarinaceae,0.0131,DNA,NA,0,-0.002100000000000001,0.015200000000000002
MOBEAST034,T14,Algae,Table 1,2024-06-02,18:00:00,3.0166666666666666,Alcanivoracaceae,0,DNA,NA,0,0,0
MOBEAST034,T14,Algae,Table 1,2024-06-02,18:00:00,3.0166666666666666,Alphaproteobacteria_unclassified,0.0027,DNA,NA,0,0.0027,0
MOBEAST034,T14,Algae,Table 1,2024-06-02,18:00:00,3.0166666666666666,Alteromonadaceae,0.0098,DNA,NA,0,-0.014799999999999994,0.024599999999999993
MOBEAST034,T14,Algae,Table 1,2024-06-02,18:00:00,3.0166666666666666,Alteromonadales_unclassified,0.019,DNA,NA,0,0.019,0
MOBEAST034,T14,Algae,Table 1,2024-06-02,18:00:00,3.0166666666666666,Anaerolineae_unclassified,7e-4,DNA,NA,0,7e-4,0
MOBEAST034,T14,Algae,Table 1,2024-06-02,18:00:00,3.0166666666666666,Arcobacteraceae,0.01749999999999999,DNA,NA,0,0.01749999999999999,0
MOBEAST034,T14,Algae,Table 1,2024-06-02,18:00:00,3.0166666666666666,Arctic97B-4_marine_group_fa,0.0019,DNA,NA,0,-1.4999999999999974e-4,0.0020499999999999997
MOBEAST034,T14,Algae,Table 1,2024-06-02,18:00:00,3.0166666666666666,Arenicellaceae,1e-4,DNA,NA,0,-1e-4,2e-4
MOBEAST034,T14,Algae,Table 1,2024-06-02,18:00:00,3.0166666666666666,Bacteria_unclassified,0,DNA,NA,0,0,0
MOBEAST034,T14,Algae,Table 1,2024-06-02,18:00:00,3.0166666666666666,Bacteriovoracaceae,0,DNA,NA,0,0,0
MOBEAST034,T14,Algae,Table 1,2024-06-02,18:00:00,3.0166666666666666,Bacteroidales_unclassified,0,DNA,NA,0,0,0
MOBEAST034,T14,Algae,Table 1,2024-06-02,18:00:00,3.0166666666666666,Bacteroidetes_BD2-2,3e-4,DNA,NA,0,3e-4,0
MOBEAST034,T14,Algae,Table 1,2024-06-02,18:00:00,3.0166666666666666,Bacteroidia_unclassified,4e-4,DNA,NA,0,4e-4,0
MOBEAST034,T14,Algae,Table 1,2024-06-02,18:00:00,3.0166666666666666,Bradymonadales_fa,0,DNA,NA,0,0,0
MOBEAST034,T14,Algae,Table 1,2024-06-02,18:00:00,3.0166666666666666,Campylobacterales_unclassified,4e-4,DNA,NA,0,4e-4,0
MOBEAST034,T14,Algae,Table 1,2024-06-02,18:00:00,3.0166666666666666,Campylobacteria_unclassified,9e-4,DNA,NA,0,9e-4,0
MOBEAST034,T14,Algae,Table 1,2024-06-02,18:00:00,3.0166666666666666,Cellvibrionaceae,0.0045,DNA,NA,0,0.0039499999999999995,5.5e-4
MOBEAST034,T14,Algae,Table 1,2024-06-02,18:00:00,3.0166666666666666,Clade_I,0.02839999999999999,DNA,NA,0,-0.0024000000000000098,0.0308
MOBEAST034,T14,Algae,Table 1,2024-06-02,18:00:00,3.0166666666666666,Clade_II,0.0089,DNA,NA,0,-0.002449999999999999,0.011349999999999999
MOBEAST034,T14,Algae,Table 1,2024-06-02,18:00:00,3.0166666666666666,Clade_IV,7e-4,DNA,NA,0,-5.000000000000001e-4,0.0012000000000000001
MOBEAST034,T14,Algae,Table 1,2024-06-02,18:00:00,3.0166666666666666,Colwelliaceae,0,DNA,NA,0,0,0
MOBEAST034,T14,Algae,Table 1,2024-06-02,18:00:00,3.0166666666666666,Cryomorphaceae,0.0073,DNA,NA,0,0.0026500000000000004,0.00465
MOBEAST034,T14,Algae,Table 1,2024-06-02,18:00:00,3.0166666666666666,Cyanobiaceae,0.4555,DNA,NA,0,-0.019199999999999995,0.4747
MOBEAST034,T14,Algae,Table 1,2024-06-02,18:00:00,3.0166666666666666,Cyclobacteriaceae,3e-4,DNA,NA,0,-4.5000000000000004e-4,7.5e-4
MOBEAST034,T14,Algae,Table 1,2024-06-02,18:00:00,3.0166666666666666,Deltaproteobacteria_unclassified,0,DNA,NA,0,0,0
MOBEAST034,T14,Algae,Table 1,2024-06-02,18:00:00,3.0166666666666666,Desulfovibrionaceae,0.001,DNA,NA,0,0.001,0
MOBEAST034,T14,Algae,Table 1,2024-06-02,18:00:00,3.0166666666666666,Desulfuromonadaceae,0,DNA,NA,0,0,0
MOBEAST034,T14,Algae,Table 1,2024-06-02,18:00:00,3.0166666666666666,Ectothiorhodospiraceae,9e-4,DNA,NA,0,-3.0000000000000014e-4,0.0012000000000000001
MOBEAST034,T14,Algae,Table 1,2024-06-02,18:00:00,3.0166666666666666,Endozoicomonadaceae,6e-4,DNA,NA,0,-1.0000000000000005e-4,7e-4
MOBEAST034,T14,Algae,Table 1,2024-06-02,18:00:00,3.0166666666666666,Flavobacteriaceae,0.0468,DNA,NA,0,-0.014999999999999993,0.061799999999999994
MOBEAST034,T14,Algae,Table 1,2024-06-02,18:00:00,3.0166666666666666,Francisellaceae,5e-4,DNA,NA,0,5e-4,0
MOBEAST034,T14,Algae,Table 1,2024-06-02,18:00:00,3.0166666666666666,Gammaproteobacteria_unclassified,0.0016,DNA,NA,0,-0.0011,0.0027
MOBEAST034,T14,Algae,Table 1,2024-06-02,18:00:00,3.0166666666666666,Halieaceae,0.0148,DNA,NA,0,-0.004799999999999995,0.019599999999999996
MOBEAST034,T14,Algae,Table 1,2024-06-02,18:00:00,3.0166666666666666,Halomonadaceae,0,DNA,NA,0,0,0
MOBEAST034,T14,Algae,Table 1,2024-06-02,18:00:00,3.0166666666666666,Helicobacteraceae,2e-4,DNA,NA,0,2e-4,0
MOBEAST034,T14,Algae,Table 1,2024-06-02,18:00:00,3.0166666666666666,Hyphomonadaceae,5e-4,DNA,NA,0,5e-4,0
MOBEAST034,T14,Algae,Table 1,2024-06-02,18:00:00,3.0166666666666666,Idiomarinaceae,0,DNA,NA,0,0,0
MOBEAST034,T14,Algae,Table 1,2024-06-02,18:00:00,3.0166666666666666,JGI_0000069-P22_fa,0,DNA,NA,0,-0.0010999999999999998,0.0010999999999999998
MOBEAST034,T14,Algae,Table 1,2024-06-02,18:00:00,3.0166666666666666,KI89A_clade_fa,5e-4,DNA,NA,0,2.0000000000000004e-4,3e-4
MOBEAST034,T14,Algae,Table 1,2024-06-02,18:00:00,3.0166666666666666,Kiritimatiellaceae,8e-4,DNA,NA,0,8e-4,0
MOBEAST034,T14,Algae,Table 1,2024-06-02,18:00:00,3.0166666666666666,Leptotrichiaceae,0.0014,DNA,NA,0,0.0014,0
MOBEAST034,T14,Algae,Table 1,2024-06-02,18:00:00,3.0166666666666666,Litoricolaceae,0.0049,DNA,NA,0,0.0012499999999999998,0.00365
MOBEAST034,T14,Algae,Table 1,2024-06-02,18:00:00,3.0166666666666666,Marine_Group_II_fa,0.0388,DNA,NA,0,-0.006249999999999992,0.04504999999999999
MOBEAST034,T14,Algae,Table 1,2024-06-02,18:00:00,3.0166666666666666,Marinifilaceae,0,DNA,NA,0,0,0
MOBEAST034,T14,Algae,Table 1,2024-06-02,18:00:00,3.0166666666666666,Marinilabiliaceae,0.0018,DNA,NA,0,0.0018,0
MOBEAST034,T14,Algae,Table 1,2024-06-02,18:00:00,3.0166666666666666,Marinimicrobia_(SAR406_clade)_fa,0.0048,DNA,NA,0,-0.0019500000000000003,0.00675
MOBEAST034,T14,Algae,Table 1,2024-06-02,18:00:00,3.0166666666666666,Marinobacteraceae,0,DNA,NA,0,0,0
MOBEAST034,T14,Algae,Table 1,2024-06-02,18:00:00,3.0166666666666666,Marinomonadaceae,0.0017,DNA,NA,0,0.0017,0
MOBEAST034,T14,Algae,Table 1,2024-06-02,18:00:00,3.0166666666666666,Methylophilaceae,0.0065,DNA,NA,0,5.499999999999993e-4,0.00595
MOBEAST034,T14,Algae,Table 1,2024-06-02,18:00:00,3.0166666666666666,Micavibrionaceae,4e-4,DNA,NA,0,4e-4,0
MOBEAST034,T14,Algae,Table 1,2024-06-02,18:00:00,3.0166666666666666,Microtrichaceae,0.0031,DNA,NA,0,-8.500000000000005e-4,0.00395
MOBEAST034,T14,Algae,Table 1,2024-06-02,18:00:00,3.0166666666666666,Moraxellaceae,0,DNA,NA,0,0,0
MOBEAST034,T14,Algae,Table 1,2024-06-02,18:00:00,3.0166666666666666,NS7_marine_group,5e-4,DNA,NA,0,-5.000000000000002e-5,5.5e-4
MOBEAST034,T14,Algae,Table 1,2024-06-02,18:00:00,3.0166666666666666,NS9_marine_group,0.0027,DNA,NA,0,-7.499999999999946e-4,0.0034499999999999947
MOBEAST034,T14,Algae,Table 1,2024-06-02,18:00:00,3.0166666666666666,Nannocystaceae,4e-4,DNA,NA,0,2.0000000000000004e-4,1.9999999999999998e-4
MOBEAST034,T14,Algae,Table 1,2024-06-02,18:00:00,3.0166666666666666,Nitrincolaceae,0.05649999999999999,DNA,NA,0,0.054249999999999986,0.00225
MOBEAST034,T14,Algae,Table 1,2024-06-02,18:00:00,3.0166666666666666,Nitrosopumilaceae,4e-4,DNA,NA,0,-4.999999999999997e-5,4.5e-4
MOBEAST034,T14,Algae,Table 1,2024-06-02,18:00:00,3.0166666666666666,OM182_clade_fa,0.0035,DNA,NA,0,-2.999999999999999e-4,0.0038
MOBEAST034,T14,Algae,Table 1,2024-06-02,18:00:00,3.0166666666666666,Oleiphilaceae,8e-4,DNA,NA,0,1.0842021724855044e-19,7.999999999999999e-4
MOBEAST034,T14,Algae,Table 1,2024-06-02,18:00:00,3.0166666666666666,Oligoflexaceae,5e-4,DNA,NA,0,5.000000000000002e-5,4.5e-4
MOBEAST034,T14,Algae,Table 1,2024-06-02,18:00:00,3.0166666666666666,Pirellulaceae,0.0018,DNA,NA,0,-0.00115,0.00295
MOBEAST034,T14,Algae,Table 1,2024-06-02,18:00:00,3.0166666666666666,Piscirickettsiaceae,7e-4,DNA,NA,0,3e-4,4e-4
MOBEAST034,T14,Algae,Table 1,2024-06-02,18:00:00,3.0166666666666666,Prolixibacteraceae,0,DNA,NA,0,0,0
MOBEAST034,T14,Algae,Table 1,2024-06-02,18:00:00,3.0166666666666666,Proteobacteria_unclassified,0.0037,DNA,NA,0,0.0021000000000000003,0.0016
MOBEAST034,T14,Algae,Table 1,2024-06-02,18:00:00,3.0166666666666666,Pseudoalteromonadaceae,0.0014,DNA,NA,0,9e-4,5e-4
MOBEAST034,T14,Algae,Table 1,2024-06-02,18:00:00,3.0166666666666666,Pseudohongiellaceae,0.002,DNA,NA,0,1.4999999999999996e-4,0.00185
MOBEAST034,T14,Algae,Table 1,2024-06-02,18:00:00,3.0166666666666666,Pseudomonadaceae,0,DNA,NA,0,0,0
MOBEAST034,T14,Algae,Table 1,2024-06-02,18:00:00,3.0166666666666666,Puniceicoccaceae,0,DNA,NA,0,0,0
MOBEAST034,T14,Algae,Table 1,2024-06-02,18:00:00,3.0166666666666666,Rhizobiaceae,0,DNA,NA,0,0,0
MOBEAST034,T14,Algae,Table 1,2024-06-02,18:00:00,3.0166666666666666,Rhodobacteraceae,0.0654,DNA,NA,0,0.0030000000000000027,0.0624
MOBEAST034,T14,Algae,Table 1,2024-06-02,18:00:00,3.0166666666666666,Rhodospirillaceae,4e-4,DNA,NA,0,4e-4,0
MOBEAST034,T14,Algae,Table 1,2024-06-02,18:00:00,3.0166666666666666,Rubinisphaeraceae,3e-4,DNA,NA,0,-3.000000000000001e-4,6.000000000000001e-4
MOBEAST034,T14,Algae,Table 1,2024-06-02,18:00:00,3.0166666666666666,S25-593,8e-4,DNA,NA,0,1.0842021724855044e-19,7.999999999999999e-4
MOBEAST034,T14,Algae,Table 1,2024-06-02,18:00:00,3.0166666666666666,SAR116_clade,0.0503,DNA,NA,0,0.009749999999999995,0.04055
MOBEAST034,T14,Algae,Table 1,2024-06-02,18:00:00,3.0166666666666666,SAR202_clade_fa,3e-4,DNA,NA,0,-5.421010862427522e-20,3.0000000000000003e-4
MOBEAST034,T14,Algae,Table 1,2024-06-02,18:00:00,3.0166666666666666,SAR86_clade_fa,0.03499999999999999,DNA,NA,0,-0.0049000000000000085,0.0399
MOBEAST034,T14,Algae,Table 1,2024-06-02,18:00:00,3.0166666666666666,Saccharospirillaceae,0.0112,DNA,NA,0,-0.023,0.0342
MOBEAST034,T14,Algae,Table 1,2024-06-02,18:00:00,3.0166666666666666,Saprospiraceae,0,DNA,NA,0,0,0
MOBEAST034,T14,Algae,Table 1,2024-06-02,18:00:00,3.0166666666666666,Sphingomonadaceae,0,DNA,NA,0,0,0
MOBEAST034,T14,Algae,Table 1,2024-06-02,18:00:00,3.0166666666666666,Spirochaetaceae,2e-4,DNA,NA,0,2e-4,0
MOBEAST034,T14,Algae,Table 1,2024-06-02,18:00:00,3.0166666666666666,Spongiibacteraceae,0,DNA,NA,0,0,0
MOBEAST034,T14,Algae,Table 1,2024-06-02,18:00:00,3.0166666666666666,Stappiaceae,0,DNA,NA,0,0,0
MOBEAST034,T14,Algae,Table 1,2024-06-02,18:00:00,3.0166666666666666,Terasakiellaceae,5e-4,DNA,NA,0,5e-4,0
MOBEAST034,T14,Algae,Table 1,2024-06-02,18:00:00,3.0166666666666666,Thalassospiraceae,3e-4,DNA,NA,0,3e-4,0
MOBEAST034,T14,Algae,Table 1,2024-06-02,18:00:00,3.0166666666666666,Thiomicrospiraceae,0,DNA,NA,0,0,0
MOBEAST034,T14,Algae,Table 1,2024-06-02,18:00:00,3.0166666666666666,Vibrionaceae,0.0085,DNA,NA,0,0.0061,0.0024000000000000002
MOBEAST034,T14,Algae,Table 1,2024-06-02,18:00:00,3.0166666666666666,Woesearchaeia_fa,0,DNA,NA,0,-2.5e-4,2.5e-4
MOBEAST034,T14,Algae,Table 1,2024-06-02,18:00:00,3.0166666666666666,uncultured_fa,4e-4,DNA,NA,0,2e-4,2e-4
MOBEAST035,T15,Control,Table 1,2024-06-02,18:00:00,0.9666666666666668,het_bact,533,FCM,cell/µL,0,78.56150000000002,454.4385
MOBEAST035,T15,Control,Table 1,2024-06-02,18:00:00,0.9666666666666668,pico_euk,2.8,FCM,cell/µL,0,0.6849999999999996,2.115
MOBEAST035,T15,Control,Table 1,2024-06-02,18:00:00,0.9666666666666668,syn,137.417,FCM,cell/µL,0,17.1425,120.2745
MOBEAST035,T15,Control,Table 1,2024-06-02,18:00:00,0.9666666666666668,pro,16.117,FCM,cell/µL,0,3.993500000000001,12.1235
MOBEAST035,T15,Control,Table 1,2024-06-02,18:00:00,0.9666666666666668,tot_bact,686.533,FCM,cell/µL,0,99.697,586.836
MOBEAST035,T15,Control,Table 1,2024-06-02,18:00:00,0.9666666666666668,cyano,153.534,FCM,cell/µL,0,21.135999999999996,132.398
MOBEAST035,T15,Control,Table 1,2024-06-02,18:00:00,0.9666666666666668,chla_conc,0.0992,chla,µg/L,0,-0.006599999999999995,0.10579999999999999
MOBEAST035,T15,Control,Table 1,2024-06-02,18:00:00,0.9666666666666668,tn_u_m,18.1213276503388,DOC,µmol/L,0,4.642778099052599,13.4785495512862
MOBEAST035,T15,Control,Table 1,2024-06-02,18:00:00,0.9666666666666668,coble_a,0.0117718589686048,fDOM,R.U.,0,0.0028571630266038747,0.008914695942000925
MOBEAST035,T15,Control,Table 1,2024-06-02,18:00:00,0.9666666666666668,coble_c,0.0109411607582869,fDOM,R.U.,0,0.005314489939201821,0.0056266708190850796
MOBEAST035,T15,Control,Table 1,2024-06-02,18:00:00,0.9666666666666668,coble_m,0.0156074596625037,fDOM,R.U.,0,0.005717540432581684,0.009889919229922016
MOBEAST035,T15,Control,Table 1,2024-06-02,18:00:00,0.9666666666666668,m_to_c,1.426490297264165,fDOM,R.U.,0,-0.33135474904099693,1.757845046305162
MOBEAST035,T15,Control,Table 1,2024-06-02,18:00:00,0.9666666666666668,bix,1.21046965270394,fDOM,R.U.,0,0.3908041089528955,0.8196655437510445
MOBEAST035,T15,Control,Table 1,2024-06-02,18:00:00,0.9666666666666668,hix,0.253372565523791,fDOM,R.U.,0,-0.35761106169889595,0.610983627222687
MOBEAST035,T15,Control,Table 1,2024-06-02,18:00:00,0.9666666666666668,fpeak,0.0550053115607561,fDOM,R.U.,0,0.033582032880611304,0.0214232786801448
MOBEAST035,T15,Control,Table 1,2024-06-02,18:00:00,0.9666666666666668,fi,1.73928034250018,fDOM,R.U.,0,-0.4154267638636153,2.1547071063637953
MOBEAST035,T15,Control,Table 1,2024-06-02,18:00:00,0.9666666666666668,lignin,0.0874312138276777,fDOM,R.U.,0,0.06239387676528127,0.025037337062396428
MOBEAST035,T15,Control,Table 1,2024-06-02,18:00:00,0.9666666666666668,NO2,0.143753602,nutrients,µmol/L,0,0.023739429015000008,0.120014172985
MOBEAST035,T15,Control,Table 1,2024-06-02,18:00:00,0.9666666666666668,PO4,0.077,nutrients,µmol/L,0,-0.008739566165000004,0.085739566165
MOBEAST035,T15,Control,Table 1,2024-06-02,18:00:00,0.9666666666666668,SiO2,0.01,nutrients,µmol/L,0,-0.09865923859999999,0.10865923859999999
MOBEAST035,T15,Control,Table 1,2024-06-02,18:00:00,0.9666666666666668,NH3,2.738553431,nutrients,µmol/L,0,2.38941414015,0.34913929085
MOBEAST035,T15,Control,Table 1,2024-06-02,18:00:00,0.9666666666666668,ph_diff,-3.049209490377791e-4,carbonate,NA,0,-3.049209490377791e-4,0
MOBEAST035,T15,Control,Table 1,2024-06-02,18:00:00,0.9666666666666668,delta_ta,5.695000000000164,carbonate,NA,0,5.695000000000164,0
MOBEAST035,T15,Control,Table 1,2024-06-02,18:00:00,0.9666666666666668,do_mg_l,3.83,residence time,NA,0,NA,NA
MOBEAST035,T15,Control,Table 1,2024-06-02,18:00:00,0.9666666666666668,ta,2354.266,carbonate,NA,0,16.527999999999793,2337.7380000000003
MOBEAST035,T15,Control,Table 1,2024-06-02,18:00:00,0.9666666666666668,dic_mmol_kg,1999.3138681901607,residence time,NA,0,NA,NA
MOBEAST035,T15,Control,Table 1,2024-06-02,18:00:00,0.9666666666666668,ph,8.05341246514011,carbonate,NA,0,-0.0016356328011521981,8.055048097941262
MOBEAST035,T15,Control,Table 1,2024-06-02,18:00:00,0.9666666666666668,AEGEAN-169_marine_group,0.021,DNA,NA,0,-0.005299999999999999,0.0263
MOBEAST035,T15,Control,Table 1,2024-06-02,18:00:00,0.9666666666666668,Actinomarinaceae,0.0111,DNA,NA,0,-0.004100000000000001,0.015200000000000002
MOBEAST035,T15,Control,Table 1,2024-06-02,18:00:00,0.9666666666666668,Alcanivoracaceae,0,DNA,NA,0,0,0
MOBEAST035,T15,Control,Table 1,2024-06-02,18:00:00,0.9666666666666668,Alphaproteobacteria_unclassified,3e-4,DNA,NA,0,3e-4,0
MOBEAST035,T15,Control,Table 1,2024-06-02,18:00:00,0.9666666666666668,Alteromonadaceae,0.08510000000000001,DNA,NA,0,0.06050000000000001,0.024599999999999993
MOBEAST035,T15,Control,Table 1,2024-06-02,18:00:00,0.9666666666666668,Alteromonadales_unclassified,0,DNA,NA,0,0,0
MOBEAST035,T15,Control,Table 1,2024-06-02,18:00:00,0.9666666666666668,Anaerolineae_unclassified,0,DNA,NA,0,0,0
MOBEAST035,T15,Control,Table 1,2024-06-02,18:00:00,0.9666666666666668,Arcobacteraceae,0,DNA,NA,0,0,0
MOBEAST035,T15,Control,Table 1,2024-06-02,18:00:00,0.9666666666666668,Arctic97B-4_marine_group_fa,0.00189999999999999,DNA,NA,0,-1.5000000000000972e-4,0.0020499999999999997
MOBEAST035,T15,Control,Table 1,2024-06-02,18:00:00,0.9666666666666668,Arenicellaceae,0.0011,DNA,NA,0,9.000000000000001e-4,2e-4
MOBEAST035,T15,Control,Table 1,2024-06-02,18:00:00,0.9666666666666668,Bacteria_unclassified,3e-4,DNA,NA,0,3e-4,0
MOBEAST035,T15,Control,Table 1,2024-06-02,18:00:00,0.9666666666666668,Bacteriovoracaceae,3e-4,DNA,NA,0,3e-4,0
MOBEAST035,T15,Control,Table 1,2024-06-02,18:00:00,0.9666666666666668,Bacteroidales_unclassified,0,DNA,NA,0,0,0
MOBEAST035,T15,Control,Table 1,2024-06-02,18:00:00,0.9666666666666668,Bacteroidetes_BD2-2,0,DNA,NA,0,0,0
MOBEAST035,T15,Control,Table 1,2024-06-02,18:00:00,0.9666666666666668,Bacteroidia_unclassified,0,DNA,NA,0,0,0
MOBEAST035,T15,Control,Table 1,2024-06-02,18:00:00,0.9666666666666668,Bradymonadales_fa,0,DNA,NA,0,0,0
MOBEAST035,T15,Control,Table 1,2024-06-02,18:00:00,0.9666666666666668,Campylobacterales_unclassified,0,DNA,NA,0,0,0
MOBEAST035,T15,Control,Table 1,2024-06-02,18:00:00,0.9666666666666668,Campylobacteria_unclassified,0,DNA,NA,0,0,0
MOBEAST035,T15,Control,Table 1,2024-06-02,18:00:00,0.9666666666666668,Cellvibrionaceae,0.0332,DNA,NA,0,0.03265,5.5e-4
MOBEAST035,T15,Control,Table 1,2024-06-02,18:00:00,0.9666666666666668,Clade_I,0.0261,DNA,NA,0,-0.004699999999999999,0.0308
MOBEAST035,T15,Control,Table 1,2024-06-02,18:00:00,0.9666666666666668,Clade_II,0.0093,DNA,NA,0,-0.0020499999999999997,0.011349999999999999
MOBEAST035,T15,Control,Table 1,2024-06-02,18:00:00,0.9666666666666668,Clade_IV,5e-4,DNA,NA,0,-7.000000000000001e-4,0.0012000000000000001
MOBEAST035,T15,Control,Table 1,2024-06-02,18:00:00,0.9666666666666668,Colwelliaceae,4e-4,DNA,NA,0,4e-4,0
MOBEAST035,T15,Control,Table 1,2024-06-02,18:00:00,0.9666666666666668,Cryomorphaceae,0.0051,DNA,NA,0,4.5000000000000075e-4,0.00465
MOBEAST035,T15,Control,Table 1,2024-06-02,18:00:00,0.9666666666666668,Cyanobiaceae,0.4071,DNA,NA,0,-0.0676,0.4747
MOBEAST035,T15,Control,Table 1,2024-06-02,18:00:00,0.9666666666666668,Cyclobacteriaceae,1e-4,DNA,NA,0,-6.5e-4,7.5e-4
MOBEAST035,T15,Control,Table 1,2024-06-02,18:00:00,0.9666666666666668,Deltaproteobacteria_unclassified,0,DNA,NA,0,0,0
MOBEAST035,T15,Control,Table 1,2024-06-02,18:00:00,0.9666666666666668,Desulfovibrionaceae,0,DNA,NA,0,0,0
MOBEAST035,T15,Control,Table 1,2024-06-02,18:00:00,0.9666666666666668,Desulfuromonadaceae,0,DNA,NA,0,0,0
MOBEAST035,T15,Control,Table 1,2024-06-02,18:00:00,0.9666666666666668,Ectothiorhodospiraceae,0.0025,DNA,NA,0,0.0013,0.0012000000000000001
MOBEAST035,T15,Control,Table 1,2024-06-02,18:00:00,0.9666666666666668,Endozoicomonadaceae,5e-4,DNA,NA,0,-1.9999999999999998e-4,7e-4
MOBEAST035,T15,Control,Table 1,2024-06-02,18:00:00,0.9666666666666668,Flavobacteriaceae,0.0394,DNA,NA,0,-0.022399999999999996,0.061799999999999994
MOBEAST035,T15,Control,Table 1,2024-06-02,18:00:00,0.9666666666666668,Francisellaceae,0,DNA,NA,0,0,0
MOBEAST035,T15,Control,Table 1,2024-06-02,18:00:00,0.9666666666666668,Halieaceae,0.016,DNA,NA,0,-0.0035999999999999956,0.019599999999999996
MOBEAST035,T15,Control,Table 1,2024-06-02,18:00:00,0.9666666666666668,Halomonadaceae,0,DNA,NA,0,0,0
MOBEAST035,T15,Control,Table 1,2024-06-02,18:00:00,0.9666666666666668,Helicobacteraceae,0,DNA,NA,0,0,0
MOBEAST035,T15,Control,Table 1,2024-06-02,18:00:00,0.9666666666666668,Hyphomonadaceae,0.0071,DNA,NA,0,0.0071,0
MOBEAST035,T15,Control,Table 1,2024-06-02,18:00:00,0.9666666666666668,Idiomarinaceae,0,DNA,NA,0,0,0
MOBEAST035,T15,Control,Table 1,2024-06-02,18:00:00,0.9666666666666668,JGI_0000069-P22_fa,0.002,DNA,NA,0,9.000000000000002e-4,0.0010999999999999998
MOBEAST035,T15,Control,Table 1,2024-06-02,18:00:00,0.9666666666666668,KI89A_clade_fa,7e-4,DNA,NA,0,4e-4,3e-4
MOBEAST035,T15,Control,Table 1,2024-06-02,18:00:00,0.9666666666666668,Kiritimatiellaceae,0,DNA,NA,0,0,0
MOBEAST035,T15,Control,Table 1,2024-06-02,18:00:00,0.9666666666666668,Leptotrichiaceae,0,DNA,NA,0,0,0
MOBEAST035,T15,Control,Table 1,2024-06-02,18:00:00,0.9666666666666668,Litoricolaceae,0.0104,DNA,NA,0,0.006749999999999999,0.00365
MOBEAST035,T15,Control,Table 1,2024-06-02,18:00:00,0.9666666666666668,Marine_Group_II_fa,0.0221,DNA,NA,0,-0.02294999999999999,0.04504999999999999
MOBEAST035,T15,Control,Table 1,2024-06-02,18:00:00,0.9666666666666668,Marinifilaceae,0,DNA,NA,0,0,0
MOBEAST035,T15,Control,Table 1,2024-06-02,18:00:00,0.9666666666666668,Marinilabiliaceae,0,DNA,NA,0,0,0
MOBEAST035,T15,Control,Table 1,2024-06-02,18:00:00,0.9666666666666668,Marinimicrobia_(SAR406_clade)_fa,0.0062,DNA,NA,0,-5.500000000000001e-4,0.00675
MOBEAST035,T15,Control,Table 1,2024-06-02,18:00:00,0.9666666666666668,Marinomonadaceae,0,DNA,NA,0,0,0
MOBEAST035,T15,Control,Table 1,2024-06-02,18:00:00,0.9666666666666668,Methylophilaceae,0.0053,DNA,NA,0,-6.500000000000004e-4,0.00595
MOBEAST035,T15,Control,Table 1,2024-06-02,18:00:00,0.9666666666666668,Micavibrionaceae,7e-4,DNA,NA,0,7e-4,0
MOBEAST035,T15,Control,Table 1,2024-06-02,18:00:00,0.9666666666666668,Microtrichaceae,0.0035,DNA,NA,0,-4.500000000000003e-4,0.00395
MOBEAST035,T15,Control,Table 1,2024-06-02,18:00:00,0.9666666666666668,Moraxellaceae,0,DNA,NA,0,0,0
MOBEAST035,T15,Control,Table 1,2024-06-02,18:00:00,0.9666666666666668,NS7_marine_group,2e-4,DNA,NA,0,-3.5000000000000005e-4,5.5e-4
MOBEAST035,T15,Control,Table 1,2024-06-02,18:00:00,0.9666666666666668,NS9_marine_group,0.00189999999999999,DNA,NA,0,-0.0015500000000000047,0.0034499999999999947
MOBEAST035,T15,Control,Table 1,2024-06-02,18:00:00,0.9666666666666668,Nannocystaceae,1e-4,DNA,NA,0,-9.999999999999998e-5,1.9999999999999998e-4
MOBEAST035,T15,Control,Table 1,2024-06-02,18:00:00,0.9666666666666668,Nitrincolaceae,0.0086,DNA,NA,0,0.00635,0.00225
MOBEAST035,T15,Control,Table 1,2024-06-02,18:00:00,0.9666666666666668,Nitrosopumilaceae,3e-4,DNA,NA,0,-1.5000000000000001e-4,4.5e-4
MOBEAST035,T15,Control,Table 1,2024-06-02,18:00:00,0.9666666666666668,OM182_clade_fa,0.0018,DNA,NA,0,-0.002,0.0038
MOBEAST035,T15,Control,Table 1,2024-06-02,18:00:00,0.9666666666666668,Oligoflexaceae,0.0015,DNA,NA,0,0.0010500000000000002,4.5e-4
MOBEAST035,T15,Control,Table 1,2024-06-02,18:00:00,0.9666666666666668,Pirellulaceae,0.0028,DNA,NA,0,-1.4999999999999996e-4,0.00295
MOBEAST035,T15,Control,Table 1,2024-06-02,18:00:00,0.9666666666666668,Piscirickettsiaceae,2e-4,DNA,NA,0,-2e-4,4e-4
MOBEAST035,T15,Control,Table 1,2024-06-02,18:00:00,0.9666666666666668,Prolixibacteraceae,0,DNA,NA,0,0,0
MOBEAST035,T15,Control,Table 1,2024-06-02,18:00:00,0.9666666666666668,Proteobacteria_unclassified,0.001,DNA,NA,0,-6.000000000000001e-4,0.0016
MOBEAST035,T15,Control,Table 1,2024-06-02,18:00:00,0.9666666666666668,Pseudoalteromonadaceae,0.0054,DNA,NA,0,0.0049,5e-4
MOBEAST035,T15,Control,Table 1,2024-06-02,18:00:00,0.9666666666666668,Pseudohongiellaceae,0.0013,DNA,NA,0,-5.500000000000001e-4,0.00185
MOBEAST035,T15,Control,Table 1,2024-06-02,18:00:00,0.9666666666666668,Pseudomonadaceae,0,DNA,NA,0,0,0
MOBEAST035,T15,Control,Table 1,2024-06-02,18:00:00,0.9666666666666668,Puniceicoccaceae,0,DNA,NA,0,0,0
MOBEAST035,T15,Control,Table 1,2024-06-02,18:00:00,0.9666666666666668,Rhizobiaceae,0,DNA,NA,0,0,0
MOBEAST035,T15,Control,Table 1,2024-06-02,18:00:00,0.9666666666666668,Rhodobacteraceae,0.1198,DNA,NA,0,0.05740000000000001,0.0624
MOBEAST035,T15,Control,Table 1,2024-06-02,18:00:00,0.9666666666666668,Rhodospirillaceae,0,DNA,NA,0,0,0
MOBEAST035,T15,Control,Table 1,2024-06-02,18:00:00,0.9666666666666668,Rubinisphaeraceae,7e-4,DNA,NA,0,9.999999999999994e-5,6.000000000000001e-4
MOBEAST035,T15,Control,Table 1,2024-06-02,18:00:00,0.9666666666666668,S25-593,0.0011,DNA,NA,0,3.0000000000000014e-4,7.999999999999999e-4
MOBEAST035,T15,Control,Table 1,2024-06-02,18:00:00,0.9666666666666668,SAR116_clade,0.0292,DNA,NA,0,-0.011350000000000002,0.04055
MOBEAST035,T15,Control,Table 1,2024-06-02,18:00:00,0.9666666666666668,SAR202_clade_fa,2e-4,DNA,NA,0,-1.0000000000000002e-4,3.0000000000000003e-4
MOBEAST035,T15,Control,Table 1,2024-06-02,18:00:00,0.9666666666666668,SAR324_clade(Marine_group_B)_fa,7e-4,DNA,NA,0,5.000000000000002e-5,6.5e-4
MOBEAST035,T15,Control,Table 1,2024-06-02,18:00:00,0.9666666666666668,SAR86_clade_fa,0.0343,DNA,NA,0,-0.005600000000000001,0.0399
MOBEAST035,T15,Control,Table 1,2024-06-02,18:00:00,0.9666666666666668,Saccharospirillaceae,0.0143,DNA,NA,0,-0.0199,0.0342
MOBEAST035,T15,Control,Table 1,2024-06-02,18:00:00,0.9666666666666668,Saprospiraceae,0,DNA,NA,0,0,0
MOBEAST035,T15,Control,Table 1,2024-06-02,18:00:00,0.9666666666666668,Sphingomonadaceae,0.0022,DNA,NA,0,0.0022,0
MOBEAST035,T15,Control,Table 1,2024-06-02,18:00:00,0.9666666666666668,Spirochaetaceae,0,DNA,NA,0,0,0
MOBEAST035,T15,Control,Table 1,2024-06-02,18:00:00,0.9666666666666668,Spongiibacteraceae,0.001,DNA,NA,0,0.001,0
MOBEAST035,T15,Control,Table 1,2024-06-02,18:00:00,0.9666666666666668,Stappiaceae,0,DNA,NA,0,0,0
MOBEAST035,T15,Control,Table 1,2024-06-02,18:00:00,0.9666666666666668,Terasakiellaceae,0,DNA,NA,0,0,0
MOBEAST035,T15,Control,Table 1,2024-06-02,18:00:00,0.9666666666666668,Thalassospiraceae,0,DNA,NA,0,0,0
MOBEAST035,T15,Control,Table 1,2024-06-02,18:00:00,0.9666666666666668,Thiomicrospiraceae,0,DNA,NA,0,0,0
MOBEAST035,T15,Control,Table 1,2024-06-02,18:00:00,0.9666666666666668,Vibrionaceae,0.0057,DNA,NA,0,0.0033,0.0024000000000000002
MOBEAST035,T15,Control,Table 1,2024-06-02,18:00:00,0.9666666666666668,Woesearchaeia_fa,3e-4,DNA,NA,0,4.999999999999997e-5,2.5e-4
MOBEAST035,T15,Control,Table 1,2024-06-02,18:00:00,0.9666666666666668,uncultured_fa,2e-4,DNA,NA,0,0,2e-4
MOBEAST036,T16,Coral,Table 1,2024-06-02,18:00:00,8.166666666666666,het_bact,459.85,FCM,cell/µL,0,5.411500000000046,454.4385
MOBEAST036,T16,Coral,Table 1,2024-06-02,18:00:00,8.166666666666666,pico_euk,2.083,FCM,cell/µL,0,-0.03200000000000003,2.115
MOBEAST036,T16,Coral,Table 1,2024-06-02,18:00:00,8.166666666666666,syn,117.367,FCM,cell/µL,0,-2.907499999999999,120.2745
MOBEAST036,T16,Coral,Table 1,2024-06-02,18:00:00,8.166666666666666,pro,10.017,FCM,cell/µL,0,-2.1065000000000005,12.1235
MOBEAST036,T16,Coral,Table 1,2024-06-02,18:00:00,8.166666666666666,tot_bact,587.233,FCM,cell/µL,0,0.3969999999999345,586.836
MOBEAST036,T16,Coral,Table 1,2024-06-02,18:00:00,8.166666666666666,cyano,127.384,FCM,cell/µL,0,-5.013999999999996,132.398
MOBEAST036,T16,Coral,Table 1,2024-06-02,18:00:00,8.166666666666666,chla_conc,0.044,chla,µg/L,0,-0.061799999999999994,0.10579999999999999
MOBEAST036,T16,Coral,Table 1,2024-06-02,18:00:00,8.166666666666666,tn_u_m,20.1346498461451,DOC,µmol/L,0,6.6561002948588985,13.4785495512862
MOBEAST036,T16,Coral,Table 1,2024-06-02,18:00:00,8.166666666666666,coble_a,0.0150994295716038,fDOM,R.U.,0,0.006184733629602875,0.008914695942000925
MOBEAST036,T16,Coral,Table 1,2024-06-02,18:00:00,8.166666666666666,coble_c,0.015193018394023,fDOM,R.U.,0,0.009566347574937921,0.0056266708190850796
MOBEAST036,T16,Coral,Table 1,2024-06-02,18:00:00,8.166666666666666,coble_m,0.0194140378043044,fDOM,R.U.,0,0.009524118574382383,0.009889919229922016
MOBEAST036,T16,Coral,Table 1,2024-06-02,18:00:00,8.166666666666666,m_to_c,1.277826255508383,fDOM,R.U.,0,-0.480018790796779,1.757845046305162
MOBEAST036,T16,Coral,Table 1,2024-06-02,18:00:00,8.166666666666666,bix,1.27440099129538,fDOM,R.U.,0,0.4547354475443355,0.8196655437510445
MOBEAST036,T16,Coral,Table 1,2024-06-02,18:00:00,8.166666666666666,hix,0.292961892711701,fDOM,R.U.,0,-0.318021734510986,0.610983627222687
MOBEAST036,T16,Coral,Table 1,2024-06-02,18:00:00,8.166666666666666,fpeak,0.0275720406589553,fDOM,R.U.,0,0.0061487619788105005,0.0214232786801448
MOBEAST036,T16,Coral,Table 1,2024-06-02,18:00:00,8.166666666666666,fi,1.59831132130223,fDOM,R.U.,0,-0.5563957850615653,2.1547071063637953
MOBEAST036,T16,Coral,Table 1,2024-06-02,18:00:00,8.166666666666666,NO2,0.08349957277,nutrients,µmol/L,0,-0.036514600215,0.120014172985
MOBEAST036,T16,Coral,Table 1,2024-06-02,18:00:00,8.166666666666666,PO4,0.1183388842,nutrients,µmol/L,0,0.03259931803499999,0.085739566165
MOBEAST036,T16,Coral,Table 1,2024-06-02,18:00:00,8.166666666666666,SiO2,0.04711783573,nutrients,µmol/L,0,-0.061541402869999984,0.10865923859999999
MOBEAST036,T16,Coral,Table 1,2024-06-02,18:00:00,8.166666666666666,NH3,5.115020918,nutrients,µmol/L,0,4.76588162715,0.34913929085
MOBEAST036,T16,Coral,Table 1,2024-06-02,18:00:00,8.166666666666666,ph_diff,-0.06398506190370057,carbonate,NA,0,-0.06398506190370057,0
MOBEAST036,T16,Coral,Table 1,2024-06-02,18:00:00,8.166666666666666,delta_ta,11.29300000000012,carbonate,NA,0,11.29300000000012,0
MOBEAST036,T16,Coral,Table 1,2024-06-02,18:00:00,8.166666666666666,do_mg_l,3.61,residence time,NA,0,NA,NA
MOBEAST036,T16,Coral,Table 1,2024-06-02,18:00:00,8.166666666666666,ta,2359.864,carbonate,NA,0,22.12599999999975,2337.7380000000003
MOBEAST036,T16,Coral,Table 1,2024-06-02,18:00:00,8.166666666666666,dic_mmol_kg,2049.0274884341256,residence time,NA,0,NA,NA
MOBEAST036,T16,Coral,Table 1,2024-06-02,18:00:00,8.166666666666666,ph,7.990675545531184,carbonate,NA,0,-0.06437255241007733,8.055048097941262
MOBEAST036,T16,Coral,Table 1,2024-06-02,18:00:00,8.166666666666666,AEGEAN-169_marine_group,0.0107,DNA,NA,0,-0.015600000000000001,0.0263
MOBEAST036,T16,Coral,Table 1,2024-06-02,18:00:00,8.166666666666666,Actinomarinaceae,0.0074,DNA,NA,0,-0.007800000000000001,0.015200000000000002
MOBEAST036,T16,Coral,Table 1,2024-06-02,18:00:00,8.166666666666666,Alcanivoracaceae,0.001,DNA,NA,0,0.001,0
MOBEAST036,T16,Coral,Table 1,2024-06-02,18:00:00,8.166666666666666,Alphaproteobacteria_unclassified,0.0018,DNA,NA,0,0.0018,0
MOBEAST036,T16,Coral,Table 1,2024-06-02,18:00:00,8.166666666666666,Alteromonadaceae,0.0191,DNA,NA,0,-0.0054999999999999945,0.024599999999999993
MOBEAST036,T16,Coral,Table 1,2024-06-02,18:00:00,8.166666666666666,Alteromonadales_unclassified,0.0121,DNA,NA,0,0.0121,0
MOBEAST036,T16,Coral,Table 1,2024-06-02,18:00:00,8.166666666666666,Anaerolineae_unclassified,0,DNA,NA,0,0,0
MOBEAST036,T16,Coral,Table 1,2024-06-02,18:00:00,8.166666666666666,Arcobacteraceae,0.0793,DNA,NA,0,0.0793,0
MOBEAST036,T16,Coral,Table 1,2024-06-02,18:00:00,8.166666666666666,Arctic97B-4_marine_group_fa,0.0012,DNA,NA,0,-8.499999999999998e-4,0.0020499999999999997
MOBEAST036,T16,Coral,Table 1,2024-06-02,18:00:00,8.166666666666666,Arenicellaceae,0,DNA,NA,0,-2e-4,2e-4
MOBEAST036,T16,Coral,Table 1,2024-06-02,18:00:00,8.166666666666666,Bacteria_unclassified,5e-4,DNA,NA,0,5e-4,0
MOBEAST036,T16,Coral,Table 1,2024-06-02,18:00:00,8.166666666666666,Bacteriovoracaceae,0.0043,DNA,NA,0,0.0043,0
MOBEAST036,T16,Coral,Table 1,2024-06-02,18:00:00,8.166666666666666,Bacteroidales_unclassified,0,DNA,NA,0,0,0
MOBEAST036,T16,Coral,Table 1,2024-06-02,18:00:00,8.166666666666666,Bacteroidetes_BD2-2,0.0013,DNA,NA,0,0.0013,0
MOBEAST036,T16,Coral,Table 1,2024-06-02,18:00:00,8.166666666666666,Bradymonadales_fa,0,DNA,NA,0,0,0
MOBEAST036,T16,Coral,Table 1,2024-06-02,18:00:00,8.166666666666666,Campylobacterales_unclassified,0,DNA,NA,0,0,0
MOBEAST036,T16,Coral,Table 1,2024-06-02,18:00:00,8.166666666666666,Campylobacteria_unclassified,0.001,DNA,NA,0,0.001,0
MOBEAST036,T16,Coral,Table 1,2024-06-02,18:00:00,8.166666666666666,Cellvibrionaceae,0.0092,DNA,NA,0,0.00865,5.5e-4
MOBEAST036,T16,Coral,Table 1,2024-06-02,18:00:00,8.166666666666666,Clade_I,0.0124,DNA,NA,0,-0.0184,0.0308
MOBEAST036,T16,Coral,Table 1,2024-06-02,18:00:00,8.166666666666666,Clade_II,0.0055,DNA,NA,0,-0.005849999999999999,0.011349999999999999
MOBEAST036,T16,Coral,Table 1,2024-06-02,18:00:00,8.166666666666666,Clade_IV,0,DNA,NA,0,-0.0012000000000000001,0.0012000000000000001
MOBEAST036,T16,Coral,Table 1,2024-06-02,18:00:00,8.166666666666666,Colwelliaceae,0.0013,DNA,NA,0,0.0013,0
MOBEAST036,T16,Coral,Table 1,2024-06-02,18:00:00,8.166666666666666,Cryomorphaceae,0.003,DNA,NA,0,-0.0016499999999999996,0.00465
MOBEAST036,T16,Coral,Table 1,2024-06-02,18:00:00,8.166666666666666,Cyanobiaceae,0.28380000000000005,DNA,NA,0,-0.19089999999999996,0.4747
MOBEAST036,T16,Coral,Table 1,2024-06-02,18:00:00,8.166666666666666,Cyclobacteriaceae,0,DNA,NA,0,-7.5e-4,7.5e-4
MOBEAST036,T16,Coral,Table 1,2024-06-02,18:00:00,8.166666666666666,Deltaproteobacteria_unclassified,0,DNA,NA,0,0,0
MOBEAST036,T16,Coral,Table 1,2024-06-02,18:00:00,8.166666666666666,Desulfovibrionaceae,0.0024,DNA,NA,0,0.0024,0
MOBEAST036,T16,Coral,Table 1,2024-06-02,18:00:00,8.166666666666666,Desulfuromonadaceae,9e-4,DNA,NA,0,9e-4,0
MOBEAST036,T16,Coral,Table 1,2024-06-02,18:00:00,8.166666666666666,Ectothiorhodospiraceae,4e-4,DNA,NA,0,-8.000000000000001e-4,0.0012000000000000001
MOBEAST036,T16,Coral,Table 1,2024-06-02,18:00:00,8.166666666666666,Endozoicomonadaceae,0.0019,DNA,NA,0,0.0012000000000000001,7e-4
MOBEAST036,T16,Coral,Table 1,2024-06-02,18:00:00,8.166666666666666,Flavobacteriaceae,0.0329,DNA,NA,0,-0.028899999999999995,0.061799999999999994
MOBEAST036,T16,Coral,Table 1,2024-06-02,18:00:00,8.166666666666666,Francisellaceae,8e-4,DNA,NA,0,8e-4,0
MOBEAST036,T16,Coral,Table 1,2024-06-02,18:00:00,8.166666666666666,Gammaproteobacteria_unclassified,7e-4,DNA,NA,0,-0.002,0.0027
MOBEAST036,T16,Coral,Table 1,2024-06-02,18:00:00,8.166666666666666,Halieaceae,0.0048,DNA,NA,0,-0.014799999999999997,0.019599999999999996
MOBEAST036,T16,Coral,Table 1,2024-06-02,18:00:00,8.166666666666666,Halomonadaceae,4e-4,DNA,NA,0,4e-4,0
MOBEAST036,T16,Coral,Table 1,2024-06-02,18:00:00,8.166666666666666,Helicobacteraceae,0.002,DNA,NA,0,0.002,0
MOBEAST036,T16,Coral,Table 1,2024-06-02,18:00:00,8.166666666666666,Hyphomonadaceae,0.0024,DNA,NA,0,0.0024,0
MOBEAST036,T16,Coral,Table 1,2024-06-02,18:00:00,8.166666666666666,Idiomarinaceae,0,DNA,NA,0,0,0
MOBEAST036,T16,Coral,Table 1,2024-06-02,18:00:00,8.166666666666666,JGI_0000069-P22_fa,2e-4,DNA,NA,0,-8.999999999999999e-4,0.0010999999999999998
MOBEAST036,T16,Coral,Table 1,2024-06-02,18:00:00,8.166666666666666,KI89A_clade_fa,0,DNA,NA,0,-3e-4,3e-4
MOBEAST036,T16,Coral,Table 1,2024-06-02,18:00:00,8.166666666666666,Kiritimatiellaceae,0.0022,DNA,NA,0,0.0022,0
MOBEAST036,T16,Coral,Table 1,2024-06-02,18:00:00,8.166666666666666,Leptotrichiaceae,0.002,DNA,NA,0,0.002,0
MOBEAST036,T16,Coral,Table 1,2024-06-02,18:00:00,8.166666666666666,Litoricolaceae,0.0016,DNA,NA,0,-0.0020499999999999997,0.00365
MOBEAST036,T16,Coral,Table 1,2024-06-02,18:00:00,8.166666666666666,Marine_Group_II_fa,0.0074,DNA,NA,0,-0.03764999999999999,0.04504999999999999
MOBEAST036,T16,Coral,Table 1,2024-06-02,18:00:00,8.166666666666666,Marinifilaceae,0,DNA,NA,0,0,0
MOBEAST036,T16,Coral,Table 1,2024-06-02,18:00:00,8.166666666666666,Marinilabiliaceae,0.0054,DNA,NA,0,0.0054,0
MOBEAST036,T16,Coral,Table 1,2024-06-02,18:00:00,8.166666666666666,Marinimicrobia_(SAR406_clade)_fa,0.0028,DNA,NA,0,-0.00395,0.00675
MOBEAST036,T16,Coral,Table 1,2024-06-02,18:00:00,8.166666666666666,Marinobacteraceae,0,DNA,NA,0,0,0
MOBEAST036,T16,Coral,Table 1,2024-06-02,18:00:00,8.166666666666666,Marinomonadaceae,0,DNA,NA,0,0,0
MOBEAST036,T16,Coral,Table 1,2024-06-02,18:00:00,8.166666666666666,Methylophilaceae,0.0032,DNA,NA,0,-0.0027500000000000003,0.00595
MOBEAST036,T16,Coral,Table 1,2024-06-02,18:00:00,8.166666666666666,Micavibrionaceae,0.0015,DNA,NA,0,0.0015,0
MOBEAST036,T16,Coral,Table 1,2024-06-02,18:00:00,8.166666666666666,Microtrichaceae,0.0018,DNA,NA,0,-0.0021500000000000004,0.00395
MOBEAST036,T16,Coral,Table 1,2024-06-02,18:00:00,8.166666666666666,Moraxellaceae,0,DNA,NA,0,0,0
MOBEAST036,T16,Coral,Table 1,2024-06-02,18:00:00,8.166666666666666,NS7_marine_group,3e-4,DNA,NA,0,-2.5000000000000006e-4,5.5e-4
MOBEAST036,T16,Coral,Table 1,2024-06-02,18:00:00,8.166666666666666,NS9_marine_group,0.0013,DNA,NA,0,-0.002149999999999995,0.0034499999999999947
MOBEAST036,T16,Coral,Table 1,2024-06-02,18:00:00,8.166666666666666,Nannocystaceae,0,DNA,NA,0,-1.9999999999999998e-4,1.9999999999999998e-4
MOBEAST036,T16,Coral,Table 1,2024-06-02,18:00:00,8.166666666666666,Nitrincolaceae,0.15100000000000002,DNA,NA,0,0.14875000000000002,0.00225
MOBEAST036,T16,Coral,Table 1,2024-06-02,18:00:00,8.166666666666666,Nitrosopumilaceae,2e-4,DNA,NA,0,-2.5e-4,4.5e-4
MOBEAST036,T16,Coral,Table 1,2024-06-02,18:00:00,8.166666666666666,OM182_clade_fa,8e-4,DNA,NA,0,-0.003,0.0038
MOBEAST036,T16,Coral,Table 1,2024-06-02,18:00:00,8.166666666666666,Oleiphilaceae,0.001,DNA,NA,0,2.000000000000001e-4,7.999999999999999e-4
MOBEAST036,T16,Coral,Table 1,2024-06-02,18:00:00,8.166666666666666,Oligoflexaceae,7e-4,DNA,NA,0,2.5e-4,4.5e-4
MOBEAST036,T16,Coral,Table 1,2024-06-02,18:00:00,8.166666666666666,Pirellulaceae,3.0000000000000003e-4,DNA,NA,0,-0.00265,0.00295
MOBEAST036,T16,Coral,Table 1,2024-06-02,18:00:00,8.166666666666666,Piscirickettsiaceae,0,DNA,NA,0,-4e-4,4e-4
MOBEAST036,T16,Coral,Table 1,2024-06-02,18:00:00,8.166666666666666,Prolixibacteraceae,0,DNA,NA,0,0,0
MOBEAST036,T16,Coral,Table 1,2024-06-02,18:00:00,8.166666666666666,Proteobacteria_unclassified,0.00109999999999999,DNA,NA,0,-5.0000000000001e-4,0.0016
MOBEAST036,T16,Coral,Table 1,2024-06-02,18:00:00,8.166666666666666,Pseudoalteromonadaceae,0.0021,DNA,NA,0,0.0015999999999999999,5e-4
MOBEAST036,T16,Coral,Table 1,2024-06-02,18:00:00,8.166666666666666,Pseudohongiellaceae,0.001,DNA,NA,0,-8.500000000000001e-4,0.00185
MOBEAST036,T16,Coral,Table 1,2024-06-02,18:00:00,8.166666666666666,Pseudomonadaceae,0,DNA,NA,0,0,0
MOBEAST036,T16,Coral,Table 1,2024-06-02,18:00:00,8.166666666666666,Puniceicoccaceae,5e-4,DNA,NA,0,5e-4,0
MOBEAST036,T16,Coral,Table 1,2024-06-02,18:00:00,8.166666666666666,Rhizobiaceae,7e-4,DNA,NA,0,7e-4,0
MOBEAST036,T16,Coral,Table 1,2024-06-02,18:00:00,8.166666666666666,Rhodobacteraceae,0.1507,DNA,NA,0,0.0883,0.0624
MOBEAST036,T16,Coral,Table 1,2024-06-02,18:00:00,8.166666666666666,Rubinisphaeraceae,0,DNA,NA,0,-6.000000000000001e-4,6.000000000000001e-4
MOBEAST036,T16,Coral,Table 1,2024-06-02,18:00:00,8.166666666666666,S25-593,6e-4,DNA,NA,0,-1.9999999999999998e-4,7.999999999999999e-4
MOBEAST036,T16,Coral,Table 1,2024-06-02,18:00:00,8.166666666666666,SAR116_clade,0.0163,DNA,NA,0,-0.024250000000000004,0.04055
MOBEAST036,T16,Coral,Table 1,2024-06-02,18:00:00,8.166666666666666,SAR202_clade_fa,0,DNA,NA,0,-3.0000000000000003e-4,3.0000000000000003e-4
MOBEAST036,T16,Coral,Table 1,2024-06-02,18:00:00,8.166666666666666,SAR324_clade(Marine_group_B)_fa,0.0025,DNA,NA,0,0.00185,6.5e-4
MOBEAST036,T16,Coral,Table 1,2024-06-02,18:00:00,8.166666666666666,SAR86_clade_fa,0.0165,DNA,NA,0,-0.023399999999999997,0.0399
MOBEAST036,T16,Coral,Table 1,2024-06-02,18:00:00,8.166666666666666,Saccharospirillaceae,0.0383,DNA,NA,0,0.0040999999999999995,0.0342
MOBEAST036,T16,Coral,Table 1,2024-06-02,18:00:00,8.166666666666666,Saprospiraceae,0.0011,DNA,NA,0,0.0011,0
MOBEAST036,T16,Coral,Table 1,2024-06-02,18:00:00,8.166666666666666,Sphingomonadaceae,0,DNA,NA,0,0,0
MOBEAST036,T16,Coral,Table 1,2024-06-02,18:00:00,8.166666666666666,Spirochaetaceae,0.0026,DNA,NA,0,0.0026,0
MOBEAST036,T16,Coral,Table 1,2024-06-02,18:00:00,8.166666666666666,Spongiibacteraceae,0,DNA,NA,0,0,0
MOBEAST036,T16,Coral,Table 1,2024-06-02,18:00:00,8.166666666666666,Terasakiellaceae,3e-4,DNA,NA,0,3e-4,0
MOBEAST036,T16,Coral,Table 1,2024-06-02,18:00:00,8.166666666666666,Thalassospiraceae,6e-4,DNA,NA,0,6e-4,0
MOBEAST036,T16,Coral,Table 1,2024-06-02,18:00:00,8.166666666666666,Thiomicrospiraceae,0,DNA,NA,0,0,0
MOBEAST036,T16,Coral,Table 1,2024-06-02,18:00:00,8.166666666666666,Vibrionaceae,0.039,DNA,NA,0,0.0366,0.0024000000000000002
MOBEAST036,T16,Coral,Table 1,2024-06-02,18:00:00,8.166666666666666,Woesearchaeia_fa,0,DNA,NA,0,-2.5e-4,2.5e-4
MOBEAST036,T16,Coral,Table 1,2024-06-02,18:00:00,8.166666666666666,uncultured_fa,0,DNA,NA,0,-2e-4,2e-4
MOBEAST037,F1,Inflow,Table 1,2024-06-03,00:00:00,NA,het_bact,490.683,FCM,cell/µL,0,-0.21699999999998454,490.9
MOBEAST037,F1,Inflow,Table 1,2024-06-03,00:00:00,NA,pico_euk,0.733,FCM,cell/µL,0,0.01650000000000007,0.7164999999999999
MOBEAST037,F1,Inflow,Table 1,2024-06-03,00:00:00,NA,syn,151.8,FCM,cell/µL,0,-1.333500000000015,153.13350000000003
MOBEAST037,F1,Inflow,Table 1,2024-06-03,00:00:00,NA,pro,19.267,FCM,cell/µL,0,-0.27500000000000213,19.542
MOBEAST037,F1,Inflow,Table 1,2024-06-03,00:00:00,NA,tot_bact,661.75,FCM,cell/µL,0,-1.8250000000000455,663.575
MOBEAST037,F1,Inflow,Table 1,2024-06-03,00:00:00,NA,cyano,171.067,FCM,cell/µL,0,-1.6085000000000207,172.67550000000003
MOBEAST037,F1,Inflow,Table 1,2024-06-03,00:00:00,NA,chla_conc,0.1008,chla,µg/L,0,0.007199999999999998,0.0936
MOBEAST037,F1,Inflow,Table 1,2024-06-03,00:00:00,NA,tn_u_m,11.6972591688263,DOC,µmol/L,0,0.3344827832394497,11.36277638558685
MOBEAST037,F1,Inflow,Table 1,2024-06-03,00:00:00,NA,coble_a,0.0120230422960719,fDOM,R.U.,0,-0.0012277948050934996,0.0132508371011654
MOBEAST037,F1,Inflow,Table 1,2024-06-03,00:00:00,NA,coble_b,0.0680075539084787,fDOM,R.U.,0,-0.00486359531828065,0.07287114922675934
MOBEAST037,F1,Inflow,Table 1,2024-06-03,00:00:00,NA,coble_c,0.00662354364720263,fDOM,R.U.,0,-0.0014835986607441296,0.00810714230794676
MOBEAST037,F1,Inflow,Table 1,2024-06-03,00:00:00,NA,coble_m,0.0147200528243831,fDOM,R.U.,0,-0.0014290128650637016,0.016149065689446802
MOBEAST037,F1,Inflow,Table 1,2024-06-03,00:00:00,NA,bix,1.18931939773617,fDOM,R.U.,0,0.12997499752460406,1.059344400211566
MOBEAST037,F1,Inflow,Table 1,2024-06-03,00:00:00,NA,hix,0.215966010018194,fDOM,R.U.,0,-0.055677755028047504,0.2716437650462415
MOBEAST037,F1,Inflow,Table 1,2024-06-03,00:00:00,NA,fpeak,0.0389082800437421,fDOM,R.U.,0,0.014525049879398705,0.024383230164343392
MOBEAST037,F1,Inflow,Table 1,2024-06-03,00:00:00,NA,fi,2.14970987146313,fDOM,R.U.,0,-0.03265267255328519,2.1823625440164154
MOBEAST037,F1,Inflow,Table 1,2024-06-03,00:00:00,NA,NO2,0.1681844707,nutrients,µmol/L,0,-0.013433685200000017,0.18161815590000002
MOBEAST037,F1,Inflow,Table 1,2024-06-03,00:00:00,NA,PO4,0.1418558235,nutrients,µmol/L,0,0.0329442838,0.1089115397
MOBEAST037,F1,Inflow,Table 1,2024-06-03,00:00:00,NA,SiO2,0.1978949101,nutrients,µmol/L,0,0.03298248505000001,0.16491242504999998
MOBEAST037,F1,Inflow,Table 1,2024-06-03,00:00:00,NA,NH3,0.9996665802,nutrients,µmol/L,0,0.1054647822,0.894201798
MOBEAST037,F1,Inflow,Table 1,2024-06-03,00:00:00,NA,ph_diff,0,carbonate,NA,0,0,0
MOBEAST037,F1,Inflow,Table 1,2024-06-03,00:00:00,NA,delta_ta,0,carbonate,NA,0,0,0
MOBEAST037,F1,Inflow,Table 1,2024-06-03,00:00:00,NA,ta,2349.51,carbonate,NA,0,-7.0900000000001455,2356.6000000000004
MOBEAST037,F1,Inflow,Table 1,2024-06-03,00:00:00,NA,ph,8.002849161030754,carbonate,NA,0,-0.018272428534187313,8.021121589564942
MOBEAST037,F1,Inflow,Table 1,2024-06-03,00:00:00,NA,AEGEAN-169_marine_group,0.0023,DNA,NA,0,-0.014250000000000002,0.016550000000000002
MOBEAST037,F1,Inflow,Table 1,2024-06-03,00:00:00,NA,Alcanivoracaceae,0,DNA,NA,0,0,0
MOBEAST037,F1,Inflow,Table 1,2024-06-03,00:00:00,NA,Alphaproteobacteria_unclassified,0,DNA,NA,0,-1e-4,1e-4
MOBEAST037,F1,Inflow,Table 1,2024-06-03,00:00:00,NA,Alteromonadaceae,0.14520000000000002,DNA,NA,0,0.06780000000000001,0.07740000000000001
MOBEAST037,F1,Inflow,Table 1,2024-06-03,00:00:00,NA,Alteromonadales_unclassified,0,DNA,NA,0,0,0
MOBEAST037,F1,Inflow,Table 1,2024-06-03,00:00:00,NA,Anaerolineae_unclassified,0,DNA,NA,0,-3.5e-4,3.5e-4
MOBEAST037,F1,Inflow,Table 1,2024-06-03,00:00:00,NA,Arcobacteraceae,0,DNA,NA,0,-3.5e-4,3.5e-4
MOBEAST037,F1,Inflow,Table 1,2024-06-03,00:00:00,NA,Arctic97B-4_marine_group_fa,0.0025,DNA,NA,0,-5.999999999999951e-4,0.003099999999999995
MOBEAST037,F1,Inflow,Table 1,2024-06-03,00:00:00,NA,Arenicellaceae,0,DNA,NA,0,0,0
MOBEAST037,F1,Inflow,Table 1,2024-06-03,00:00:00,NA,Bacteria_unclassified,0,DNA,NA,0,0,0
MOBEAST037,F1,Inflow,Table 1,2024-06-03,00:00:00,NA,Bacteriovoracaceae,0,DNA,NA,0,-1e-4,1e-4
MOBEAST037,F1,Inflow,Table 1,2024-06-03,00:00:00,NA,Bacteroidales_unclassified,0,DNA,NA,0,0,0
MOBEAST037,F1,Inflow,Table 1,2024-06-03,00:00:00,NA,Bacteroidetes_BD2-2,0,DNA,NA,0,0,0
MOBEAST037,F1,Inflow,Table 1,2024-06-03,00:00:00,NA,Bacteroidia_unclassified,0,DNA,NA,0,0,0
MOBEAST037,F1,Inflow,Table 1,2024-06-03,00:00:00,NA,Bradymonadales_fa,0,DNA,NA,0,0,0
MOBEAST037,F1,Inflow,Table 1,2024-06-03,00:00:00,NA,Campylobacterales_unclassified,0,DNA,NA,0,0,0
MOBEAST037,F1,Inflow,Table 1,2024-06-03,00:00:00,NA,Campylobacteria_unclassified,0,DNA,NA,0,0,0
MOBEAST037,F1,Inflow,Table 1,2024-06-03,00:00:00,NA,Cellvibrionaceae,0.0052,DNA,NA,0,0.0021999999999999997,0.003
MOBEAST037,F1,Inflow,Table 1,2024-06-03,00:00:00,NA,Clade_I,0.0021,DNA,NA,0,-0.02265,0.02475
MOBEAST037,F1,Inflow,Table 1,2024-06-03,00:00:00,NA,Clade_II,0.0015,DNA,NA,0,0,0.0015
MOBEAST037,F1,Inflow,Table 1,2024-06-03,00:00:00,NA,Clade_IV,2e-4,DNA,NA,0,-7e-4,9e-4
MOBEAST037,F1,Inflow,Table 1,2024-06-03,00:00:00,NA,Colwelliaceae,0,DNA,NA,0,0,0
MOBEAST037,F1,Inflow,Table 1,2024-06-03,00:00:00,NA,Cryomorphaceae,0.0106,DNA,NA,0,7.00000000000001e-4,0.009899999999999999
MOBEAST037,F1,Inflow,Table 1,2024-06-03,00:00:00,NA,Cyanobiaceae,0.4886,DNA,NA,0,0.029899999999999982,0.4587
MOBEAST037,F1,Inflow,Table 1,2024-06-03,00:00:00,NA,Cyclobacteriaceae,3e-4,DNA,NA,0,-4e-4,7e-4
MOBEAST037,F1,Inflow,Table 1,2024-06-03,00:00:00,NA,Deltaproteobacteria_unclassified,0,DNA,NA,0,0,0
MOBEAST037,F1,Inflow,Table 1,2024-06-03,00:00:00,NA,Desulfovibrionaceae,0,DNA,NA,0,0,0
MOBEAST037,F1,Inflow,Table 1,2024-06-03,00:00:00,NA,Desulfuromonadaceae,0,DNA,NA,0,0,0
MOBEAST037,F1,Inflow,Table 1,2024-06-03,00:00:00,NA,Ectothiorhodospiraceae,2e-4,DNA,NA,0,0,2e-4
MOBEAST037,F1,Inflow,Table 1,2024-06-03,00:00:00,NA,Endozoicomonadaceae,3e-4,DNA,NA,0,-5e-4,7.999999999999999e-4
MOBEAST037,F1,Inflow,Table 1,2024-06-03,00:00:00,NA,Flavobacteriaceae,0.0381,DNA,NA,0,-0.018050000000000004,0.056150000000000005
MOBEAST037,F1,Inflow,Table 1,2024-06-03,00:00:00,NA,Francisellaceae,0,DNA,NA,0,0,0
MOBEAST037,F1,Inflow,Table 1,2024-06-03,00:00:00,NA,Gammaproteobacteria_unclassified,0.00539999999999999,DNA,NA,0,9.499999999999951e-4,0.004449999999999995
MOBEAST037,F1,Inflow,Table 1,2024-06-03,00:00:00,NA,Halieaceae,0.01479999999999999,DNA,NA,0,-0.002350000000000005,0.017149999999999995
MOBEAST037,F1,Inflow,Table 1,2024-06-03,00:00:00,NA,Halomonadaceae,0,DNA,NA,0,0,0
MOBEAST037,F1,Inflow,Table 1,2024-06-03,00:00:00,NA,Helicobacteraceae,0,DNA,NA,0,0,0
MOBEAST037,F1,Inflow,Table 1,2024-06-03,00:00:00,NA,Hyphomonadaceae,0,DNA,NA,0,0,0
MOBEAST037,F1,Inflow,Table 1,2024-06-03,00:00:00,NA,Idiomarinaceae,0,DNA,NA,0,0,0
MOBEAST037,F1,Inflow,Table 1,2024-06-03,00:00:00,NA,JGI_0000069-P22_fa,0.0045,DNA,NA,0,1.4999999999999996e-4,0.00435
MOBEAST037,F1,Inflow,Table 1,2024-06-03,00:00:00,NA,KI89A_clade_fa,5e-4,DNA,NA,0,-1.4999999999999996e-4,6.5e-4
MOBEAST037,F1,Inflow,Table 1,2024-06-03,00:00:00,NA,Kiritimatiellaceae,0,DNA,NA,0,0,0
MOBEAST037,F1,Inflow,Table 1,2024-06-03,00:00:00,NA,Leptotrichiaceae,0,DNA,NA,0,0,0
MOBEAST037,F1,Inflow,Table 1,2024-06-03,00:00:00,NA,Litoricolaceae,0.0035,DNA,NA,0,-1.4999999999999996e-4,0.00365
MOBEAST037,F1,Inflow,Table 1,2024-06-03,00:00:00,NA,Marine_Group_II_fa,0.009,DNA,NA,0,-0.026000000000000002,0.035
MOBEAST037,F1,Inflow,Table 1,2024-06-03,00:00:00,NA,Marinifilaceae,0,DNA,NA,0,0,0
MOBEAST037,F1,Inflow,Table 1,2024-06-03,00:00:00,NA,Marinilabiliaceae,0,DNA,NA,0,0,0
MOBEAST037,F1,Inflow,Table 1,2024-06-03,00:00:00,NA,Marinimicrobia_(SAR406_clade)_fa,0.0016,DNA,NA,0,-0.0042499999999999994,0.005849999999999999
MOBEAST037,F1,Inflow,Table 1,2024-06-03,00:00:00,NA,Marinobacteraceae,0,DNA,NA,0,0,0
MOBEAST037,F1,Inflow,Table 1,2024-06-03,00:00:00,NA,Marinomonadaceae,0,DNA,NA,0,0,0
MOBEAST037,F1,Inflow,Table 1,2024-06-03,00:00:00,NA,Methylophilaceae,6e-4,DNA,NA,0,-0.00305,0.00365
MOBEAST037,F1,Inflow,Table 1,2024-06-03,00:00:00,NA,Micavibrionaceae,0,DNA,NA,0,0,0
MOBEAST037,F1,Inflow,Table 1,2024-06-03,00:00:00,NA,Microtrichaceae,0.0012,DNA,NA,0,-0.00125,0.00245
MOBEAST037,F1,Inflow,Table 1,2024-06-03,00:00:00,NA,Moraxellaceae,0,DNA,NA,0,0,0
MOBEAST037,F1,Inflow,Table 1,2024-06-03,00:00:00,NA,NS7_marine_group,4e-4,DNA,NA,0,-2.4999999999999995e-4,6.5e-4
MOBEAST037,F1,Inflow,Table 1,2024-06-03,00:00:00,NA,NS9_marine_group,0.0043,DNA,NA,0,-7.499999999999998e-4,0.00505
MOBEAST037,F1,Inflow,Table 1,2024-06-03,00:00:00,NA,Nannocystaceae,6e-4,DNA,NA,0,0,6e-4
MOBEAST037,F1,Inflow,Table 1,2024-06-03,00:00:00,NA,Nitrincolaceae,0.0055,DNA,NA,0,0.0016500000000000048,0.003849999999999995
MOBEAST037,F1,Inflow,Table 1,2024-06-03,00:00:00,NA,Nitrosopumilaceae,5e-4,DNA,NA,0,0,5e-4
MOBEAST037,F1,Inflow,Table 1,2024-06-03,00:00:00,NA,OM182_clade_fa,0.0032,DNA,NA,0,-6.5e-4,0.00385
MOBEAST037,F1,Inflow,Table 1,2024-06-03,00:00:00,NA,Oleiphilaceae,0.0031,DNA,NA,0,0.00155,0.00155
MOBEAST037,F1,Inflow,Table 1,2024-06-03,00:00:00,NA,Oligoflexaceae,2e-4,DNA,NA,0,-3.4999999999999994e-4,5.499999999999999e-4
MOBEAST037,F1,Inflow,Table 1,2024-06-03,00:00:00,NA,Pirellulaceae,0.0042,DNA,NA,0,-2.999999999999999e-4,0.0045
MOBEAST037,F1,Inflow,Table 1,2024-06-03,00:00:00,NA,Piscirickettsiaceae,2e-4,DNA,NA,0,0,2e-4
MOBEAST037,F1,Inflow,Table 1,2024-06-03,00:00:00,NA,Prolixibacteraceae,0,DNA,NA,0,0,0
MOBEAST037,F1,Inflow,Table 1,2024-06-03,00:00:00,NA,Proteobacteria_unclassified,0.0022,DNA,NA,0,-3.5000000000000005e-4,0.00255
MOBEAST037,F1,Inflow,Table 1,2024-06-03,00:00:00,NA,Pseudoalteromonadaceae,6e-4,DNA,NA,0,-5.000000000000002e-5,6.5e-4
MOBEAST037,F1,Inflow,Table 1,2024-06-03,00:00:00,NA,Pseudohongiellaceae,9e-4,DNA,NA,0,-7.5e-4,0.00165
MOBEAST037,F1,Inflow,Table 1,2024-06-03,00:00:00,NA,Pseudomonadaceae,0,DNA,NA,0,0,0
MOBEAST037,F1,Inflow,Table 1,2024-06-03,00:00:00,NA,Puniceicoccaceae,0,DNA,NA,0,0,0
MOBEAST037,F1,Inflow,Table 1,2024-06-03,00:00:00,NA,Rhizobiaceae,0,DNA,NA,0,0,0
MOBEAST037,F1,Inflow,Table 1,2024-06-03,00:00:00,NA,Rhodobacteraceae,0.1027,DNA,NA,0,0.022250000000000006,0.08045
MOBEAST037,F1,Inflow,Table 1,2024-06-03,00:00:00,NA,Rhodospirillaceae,0,DNA,NA,0,0,0
MOBEAST037,F1,Inflow,Table 1,2024-06-03,00:00:00,NA,Rubinisphaeraceae,0.0012,DNA,NA,0,-1.5000000000000018e-4,0.00135
MOBEAST037,F1,Inflow,Table 1,2024-06-03,00:00:00,NA,S25-593,0.0014,DNA,NA,0,-4.9999999999999914e-5,0.00145
MOBEAST037,F1,Inflow,Table 1,2024-06-03,00:00:00,NA,SAR116_clade,0.0259,DNA,NA,0,-0.0157,0.0416
MOBEAST037,F1,Inflow,Table 1,2024-06-03,00:00:00,NA,SAR202_clade_fa,0,DNA,NA,0,-1.5e-4,1.5e-4
MOBEAST037,F1,Inflow,Table 1,2024-06-03,00:00:00,NA,SAR324_clade(Marine_group_B)_fa,0,DNA,NA,0,-5e-4,5e-4
MOBEAST037,F1,Inflow,Table 1,2024-06-03,00:00:00,NA,SAR86_clade_fa,0.012,DNA,NA,0,-0.020949999999999993,0.03294999999999999
MOBEAST037,F1,Inflow,Table 1,2024-06-03,00:00:00,NA,Saprospiraceae,0,DNA,NA,0,0,0
MOBEAST037,F1,Inflow,Table 1,2024-06-03,00:00:00,NA,Sphingomonadaceae,0,DNA,NA,0,0,0
MOBEAST037,F1,Inflow,Table 1,2024-06-03,00:00:00,NA,Spirochaetaceae,0,DNA,NA,0,0,0
MOBEAST037,F1,Inflow,Table 1,2024-06-03,00:00:00,NA,Spongiibacteraceae,0,DNA,NA,0,0,0
MOBEAST037,F1,Inflow,Table 1,2024-06-03,00:00:00,NA,Stappiaceae,0,DNA,NA,0,0,0
MOBEAST037,F1,Inflow,Table 1,2024-06-03,00:00:00,NA,Terasakiellaceae,0,DNA,NA,0,0,0
MOBEAST037,F1,Inflow,Table 1,2024-06-03,00:00:00,NA,Thalassospiraceae,0,DNA,NA,0,0,0
MOBEAST037,F1,Inflow,Table 1,2024-06-03,00:00:00,NA,Thiomicrospiraceae,0,DNA,NA,0,0,0
MOBEAST037,F1,Inflow,Table 1,2024-06-03,00:00:00,NA,Vibrionaceae,0.0026,DNA,NA,0,6.5e-4,0.00195
MOBEAST037,F1,Inflow,Table 1,2024-06-03,00:00:00,NA,Woesearchaeia_fa,0.0017,DNA,NA,0,8.5e-4,8.5e-4
MOBEAST037,F1,Inflow,Table 1,2024-06-03,00:00:00,NA,uncultured_fa,3e-4,DNA,NA,0,-5.000000000000002e-5,3.5e-4
MOBEAST038,F2,Inflow,Table 2,2024-06-03,00:00:00,NA,het_bact,491.117,FCM,cell/µL,0,0.21700000000004138,490.9
MOBEAST038,F2,Inflow,Table 2,2024-06-03,00:00:00,NA,pico_euk,0.7,FCM,cell/µL,0,-0.01649999999999996,0.7164999999999999
MOBEAST038,F2,Inflow,Table 2,2024-06-03,00:00:00,NA,syn,154.467,FCM,cell/µL,0,1.3334999999999866,153.13350000000003
MOBEAST038,F2,Inflow,Table 2,2024-06-03,00:00:00,NA,pro,19.817,FCM,cell/µL,0,0.2749999999999986,19.542
MOBEAST038,F2,Inflow,Table 2,2024-06-03,00:00:00,NA,tot_bact,665.4,FCM,cell/µL,0,1.8249999999999318,663.575
MOBEAST038,F2,Inflow,Table 2,2024-06-03,00:00:00,NA,cyano,174.28400000000005,FCM,cell/µL,0,1.6085000000000207,172.67550000000003
MOBEAST038,F2,Inflow,Table 2,2024-06-03,00:00:00,NA,chla_conc,0.0864,chla,µg/L,0,-0.007199999999999998,0.0936
MOBEAST038,F2,Inflow,Table 2,2024-06-03,00:00:00,NA,tn_u_m,11.0282936023474,DOC,µmol/L,0,-0.3344827832394497,11.36277638558685
MOBEAST038,F2,Inflow,Table 2,2024-06-03,00:00:00,NA,coble_a,0.0144786319062589,fDOM,R.U.,0,0.0012277948050934996,0.0132508371011654
MOBEAST038,F2,Inflow,Table 2,2024-06-03,00:00:00,NA,coble_b,0.07773474454504,fDOM,R.U.,0,0.00486359531828065,0.07287114922675934
MOBEAST038,F2,Inflow,Table 2,2024-06-03,00:00:00,NA,coble_c,0.00959074096869089,fDOM,R.U.,0,0.0014835986607441305,0.00810714230794676
MOBEAST038,F2,Inflow,Table 2,2024-06-03,00:00:00,NA,coble_m,0.0175780785545105,fDOM,R.U.,0,0.001429012865063698,0.016149065689446802
MOBEAST038,F2,Inflow,Table 2,2024-06-03,00:00:00,NA,coble_t,0.156530386015775,fDOM,R.U.,0,0,0.156530386015775
MOBEAST038,F2,Inflow,Table 2,2024-06-03,00:00:00,NA,m_to_c,1.8328175697680071,fDOM,R.U.,0,0,1.8328175697680071
MOBEAST038,F2,Inflow,Table 2,2024-06-03,00:00:00,NA,bix,0.929369402686962,fDOM,R.U.,0,-0.12997499752460395,1.059344400211566
MOBEAST038,F2,Inflow,Table 2,2024-06-03,00:00:00,NA,hix,0.327321520074289,fDOM,R.U.,0,0.055677755028047504,0.2716437650462415
MOBEAST038,F2,Inflow,Table 2,2024-06-03,00:00:00,NA,fpeak,0.00985818028494469,fDOM,R.U.,0,-0.014525049879398701,0.024383230164343392
MOBEAST038,F2,Inflow,Table 2,2024-06-03,00:00:00,NA,fi,2.2150152165697,fDOM,R.U.,0,0.032652672553284745,2.1823625440164154
MOBEAST038,F2,Inflow,Table 2,2024-06-03,00:00:00,NA,N_N,0.743,nutrients,µmol/L,0,0,0.743
MOBEAST038,F2,Inflow,Table 2,2024-06-03,00:00:00,NA,NO2,0.1950518411,nutrients,µmol/L,0,0.01343368519999999,0.18161815590000002
MOBEAST038,F2,Inflow,Table 2,2024-06-03,00:00:00,NA,PO4,0.0759672559,nutrients,µmol/L,0,-0.0329442838,0.1089115397
MOBEAST038,F2,Inflow,Table 2,2024-06-03,00:00:00,NA,SiO2,0.13192994,nutrients,µmol/L,0,-0.03298248504999998,0.16491242504999998
MOBEAST038,F2,Inflow,Table 2,2024-06-03,00:00:00,NA,NH3,0.7887370158,nutrients,µmol/L,0,-0.1054647822,0.894201798
MOBEAST038,F2,Inflow,Table 2,2024-06-03,00:00:00,NA,NO3,0.5479481588999999,nutrients,µmol/L,0,0,0.5479481588999999
MOBEAST038,F2,Inflow,Table 2,2024-06-03,00:00:00,NA,ph_diff,0,carbonate,NA,0,0,0
MOBEAST038,F2,Inflow,Table 2,2024-06-03,00:00:00,NA,delta_ta,0,carbonate,NA,0,0,0
MOBEAST038,F2,Inflow,Table 2,2024-06-03,00:00:00,NA,ta,2363.69,carbonate,NA,0,7.089999999999691,2356.6000000000004
MOBEAST038,F2,Inflow,Table 2,2024-06-03,00:00:00,NA,ph,8.03939401809913,carbonate,NA,0,0.01827242853418909,8.021121589564942
MOBEAST038,F2,Inflow,Table 2,2024-06-03,00:00:00,NA,AEGEAN-169_marine_group,0.0308,DNA,NA,0,0.014249999999999999,0.016550000000000002
MOBEAST038,F2,Inflow,Table 2,2024-06-03,00:00:00,NA,Actinomarinaceae,0.0187,DNA,NA,0,0,0.0187
MOBEAST038,F2,Inflow,Table 2,2024-06-03,00:00:00,NA,Alcanivoracaceae,0,DNA,NA,0,0,0
MOBEAST038,F2,Inflow,Table 2,2024-06-03,00:00:00,NA,Alphaproteobacteria_unclassified,2e-4,DNA,NA,0,1e-4,1e-4
MOBEAST038,F2,Inflow,Table 2,2024-06-03,00:00:00,NA,Alteromonadaceae,0.0096,DNA,NA,0,-0.06780000000000001,0.07740000000000001
MOBEAST038,F2,Inflow,Table 2,2024-06-03,00:00:00,NA,Alteromonadales_unclassified,0,DNA,NA,0,0,0
MOBEAST038,F2,Inflow,Table 2,2024-06-03,00:00:00,NA,Anaerolineae_unclassified,7e-4,DNA,NA,0,3.5e-4,3.5e-4
MOBEAST038,F2,Inflow,Table 2,2024-06-03,00:00:00,NA,Arcobacteraceae,7e-4,DNA,NA,0,3.5e-4,3.5e-4
MOBEAST038,F2,Inflow,Table 2,2024-06-03,00:00:00,NA,Arctic97B-4_marine_group_fa,0.00369999999999999,DNA,NA,0,5.999999999999951e-4,0.003099999999999995
MOBEAST038,F2,Inflow,Table 2,2024-06-03,00:00:00,NA,Arenicellaceae,0,DNA,NA,0,0,0
MOBEAST038,F2,Inflow,Table 2,2024-06-03,00:00:00,NA,Bacteria_unclassified,0,DNA,NA,0,0,0
MOBEAST038,F2,Inflow,Table 2,2024-06-03,00:00:00,NA,Bacteriovoracaceae,2e-4,DNA,NA,0,1e-4,1e-4
MOBEAST038,F2,Inflow,Table 2,2024-06-03,00:00:00,NA,Bacteroidales_unclassified,0,DNA,NA,0,0,0
MOBEAST038,F2,Inflow,Table 2,2024-06-03,00:00:00,NA,Bacteroidetes_BD2-2,0,DNA,NA,0,0,0
MOBEAST038,F2,Inflow,Table 2,2024-06-03,00:00:00,NA,Bacteroidia_unclassified,0,DNA,NA,0,0,0
MOBEAST038,F2,Inflow,Table 2,2024-06-03,00:00:00,NA,Bradymonadales_fa,0,DNA,NA,0,0,0
MOBEAST038,F2,Inflow,Table 2,2024-06-03,00:00:00,NA,Campylobacterales_unclassified,0,DNA,NA,0,0,0
MOBEAST038,F2,Inflow,Table 2,2024-06-03,00:00:00,NA,Campylobacteria_unclassified,0,DNA,NA,0,0,0
MOBEAST038,F2,Inflow,Table 2,2024-06-03,00:00:00,NA,Cellvibrionaceae,8e-4,DNA,NA,0,-0.0022,0.003
MOBEAST038,F2,Inflow,Table 2,2024-06-03,00:00:00,NA,Clade_I,0.0474,DNA,NA,0,0.022649999999999997,0.02475
MOBEAST038,F2,Inflow,Table 2,2024-06-03,00:00:00,NA,Clade_IV,0.0016,DNA,NA,0,7.000000000000001e-4,9e-4
MOBEAST038,F2,Inflow,Table 2,2024-06-03,00:00:00,NA,Colwelliaceae,0,DNA,NA,0,0,0
MOBEAST038,F2,Inflow,Table 2,2024-06-03,00:00:00,NA,Cryomorphaceae,0.0092,DNA,NA,0,-6.999999999999992e-4,0.009899999999999999
MOBEAST038,F2,Inflow,Table 2,2024-06-03,00:00:00,NA,Cyanobiaceae,0.4288,DNA,NA,0,-0.029899999999999982,0.4587
MOBEAST038,F2,Inflow,Table 2,2024-06-03,00:00:00,NA,Cyclobacteriaceae,0.0011,DNA,NA,0,4.000000000000001e-4,7e-4
MOBEAST038,F2,Inflow,Table 2,2024-06-03,00:00:00,NA,Deltaproteobacteria_unclassified,0,DNA,NA,0,0,0
MOBEAST038,F2,Inflow,Table 2,2024-06-03,00:00:00,NA,Desulfovibrionaceae,0,DNA,NA,0,0,0
MOBEAST038,F2,Inflow,Table 2,2024-06-03,00:00:00,NA,Desulfuromonadaceae,0,DNA,NA,0,0,0
MOBEAST038,F2,Inflow,Table 2,2024-06-03,00:00:00,NA,Endozoicomonadaceae,0.0013,DNA,NA,0,5e-4,7.999999999999999e-4
MOBEAST038,F2,Inflow,Table 2,2024-06-03,00:00:00,NA,Flavobacteriaceae,0.0742,DNA,NA,0,0.018049999999999997,0.056150000000000005
MOBEAST038,F2,Inflow,Table 2,2024-06-03,00:00:00,NA,Francisellaceae,0,DNA,NA,0,0,0
MOBEAST038,F2,Inflow,Table 2,2024-06-03,00:00:00,NA,Gammaproteobacteria_unclassified,0.0035,DNA,NA,0,-9.499999999999947e-4,0.004449999999999995
MOBEAST038,F2,Inflow,Table 2,2024-06-03,00:00:00,NA,Halieaceae,0.0195,DNA,NA,0,0.002350000000000005,0.017149999999999995
MOBEAST038,F2,Inflow,Table 2,2024-06-03,00:00:00,NA,Halomonadaceae,0,DNA,NA,0,0,0
MOBEAST038,F2,Inflow,Table 2,2024-06-03,00:00:00,NA,Helicobacteraceae,0,DNA,NA,0,0,0
MOBEAST038,F2,Inflow,Table 2,2024-06-03,00:00:00,NA,Hyphomonadaceae,0,DNA,NA,0,0,0
MOBEAST038,F2,Inflow,Table 2,2024-06-03,00:00:00,NA,Idiomarinaceae,0,DNA,NA,0,0,0
MOBEAST038,F2,Inflow,Table 2,2024-06-03,00:00:00,NA,JGI_0000069-P22_fa,0.0042,DNA,NA,0,-1.4999999999999996e-4,0.00435
MOBEAST038,F2,Inflow,Table 2,2024-06-03,00:00:00,NA,KI89A_clade_fa,8e-4,DNA,NA,0,1.5000000000000007e-4,6.5e-4
MOBEAST038,F2,Inflow,Table 2,2024-06-03,00:00:00,NA,Kiritimatiellaceae,0,DNA,NA,0,0,0
MOBEAST038,F2,Inflow,Table 2,2024-06-03,00:00:00,NA,Leptotrichiaceae,0,DNA,NA,0,0,0
MOBEAST038,F2,Inflow,Table 2,2024-06-03,00:00:00,NA,Litoricolaceae,0.0038,DNA,NA,0,1.4999999999999996e-4,0.00365
MOBEAST038,F2,Inflow,Table 2,2024-06-03,00:00:00,NA,Marine_Group_II_fa,0.061,DNA,NA,0,0.025999999999999995,0.035
MOBEAST038,F2,Inflow,Table 2,2024-06-03,00:00:00,NA,Marinifilaceae,0,DNA,NA,0,0,0
MOBEAST038,F2,Inflow,Table 2,2024-06-03,00:00:00,NA,Marinilabiliaceae,0,DNA,NA,0,0,0
MOBEAST038,F2,Inflow,Table 2,2024-06-03,00:00:00,NA,Marinimicrobia_(SAR406_clade)_fa,0.0101,DNA,NA,0,0.00425,0.005849999999999999
MOBEAST038,F2,Inflow,Table 2,2024-06-03,00:00:00,NA,Marinobacteraceae,0,DNA,NA,0,0,0
MOBEAST038,F2,Inflow,Table 2,2024-06-03,00:00:00,NA,Marinomonadaceae,0,DNA,NA,0,0,0
MOBEAST038,F2,Inflow,Table 2,2024-06-03,00:00:00,NA,Methylophilaceae,0.0067,DNA,NA,0,0.00305,0.00365
MOBEAST038,F2,Inflow,Table 2,2024-06-03,00:00:00,NA,Micavibrionaceae,0,DNA,NA,0,0,0
MOBEAST038,F2,Inflow,Table 2,2024-06-03,00:00:00,NA,Microtrichaceae,0.0037,DNA,NA,0,0.0012500000000000002,0.00245
MOBEAST038,F2,Inflow,Table 2,2024-06-03,00:00:00,NA,Moraxellaceae,0,DNA,NA,0,0,0
MOBEAST038,F2,Inflow,Table 2,2024-06-03,00:00:00,NA,NS7_marine_group,9e-4,DNA,NA,0,2.5e-4,6.5e-4
MOBEAST038,F2,Inflow,Table 2,2024-06-03,00:00:00,NA,NS9_marine_group,0.0058,DNA,NA,0,7.499999999999998e-4,0.00505
MOBEAST038,F2,Inflow,Table 2,2024-06-03,00:00:00,NA,Nitrincolaceae,0.00219999999999999,DNA,NA,0,-0.0016500000000000048,0.003849999999999995
MOBEAST038,F2,Inflow,Table 2,2024-06-03,00:00:00,NA,OM182_clade_fa,0.0045,DNA,NA,0,6.499999999999995e-4,0.00385
MOBEAST038,F2,Inflow,Table 2,2024-06-03,00:00:00,NA,Oleiphilaceae,0,DNA,NA,0,-0.00155,0.00155
MOBEAST038,F2,Inflow,Table 2,2024-06-03,00:00:00,NA,Oligoflexaceae,9e-4,DNA,NA,0,3.5000000000000005e-4,5.499999999999999e-4
MOBEAST038,F2,Inflow,Table 2,2024-06-03,00:00:00,NA,Pirellulaceae,0.0048,DNA,NA,0,2.999999999999999e-4,0.0045
MOBEAST038,F2,Inflow,Table 2,2024-06-03,00:00:00,NA,Prolixibacteraceae,0,DNA,NA,0,0,0
MOBEAST038,F2,Inflow,Table 2,2024-06-03,00:00:00,NA,Proteobacteria_unclassified,0.0029,DNA,NA,0,3.499999999999996e-4,0.00255
MOBEAST038,F2,Inflow,Table 2,2024-06-03,00:00:00,NA,Pseudoalteromonadaceae,7e-4,DNA,NA,0,5.000000000000002e-5,6.5e-4
MOBEAST038,F2,Inflow,Table 2,2024-06-03,00:00:00,NA,Pseudohongiellaceae,0.0024,DNA,NA,0,7.499999999999998e-4,0.00165
MOBEAST038,F2,Inflow,Table 2,2024-06-03,00:00:00,NA,Pseudomonadaceae,0,DNA,NA,0,0,0
MOBEAST038,F2,Inflow,Table 2,2024-06-03,00:00:00,NA,Puniceicoccaceae,0,DNA,NA,0,0,0
MOBEAST038,F2,Inflow,Table 2,2024-06-03,00:00:00,NA,Rhizobiaceae,0,DNA,NA,0,0,0
MOBEAST038,F2,Inflow,Table 2,2024-06-03,00:00:00,NA,Rhodobacteraceae,0.05819999999999999,DNA,NA,0,-0.022250000000000006,0.08045
MOBEAST038,F2,Inflow,Table 2,2024-06-03,00:00:00,NA,Rhodospirillaceae,0,DNA,NA,0,0,0
MOBEAST038,F2,Inflow,Table 2,2024-06-03,00:00:00,NA,Rubinisphaeraceae,0.0015,DNA,NA,0,1.4999999999999996e-4,0.00135
MOBEAST038,F2,Inflow,Table 2,2024-06-03,00:00:00,NA,S25-593,0.0015,DNA,NA,0,5.000000000000013e-5,0.00145
MOBEAST038,F2,Inflow,Table 2,2024-06-03,00:00:00,NA,SAR116_clade,0.0573,DNA,NA,0,0.0157,0.0416
MOBEAST038,F2,Inflow,Table 2,2024-06-03,00:00:00,NA,SAR202_clade_fa,3e-4,DNA,NA,0,1.5e-4,1.5e-4
MOBEAST038,F2,Inflow,Table 2,2024-06-03,00:00:00,NA,SAR324_clade(Marine_group_B)_fa,0.001,DNA,NA,0,5e-4,5e-4
MOBEAST038,F2,Inflow,Table 2,2024-06-03,00:00:00,NA,SAR86_clade_fa,0.05389999999999999,DNA,NA,0,0.020949999999999996,0.03294999999999999
MOBEAST038,F2,Inflow,Table 2,2024-06-03,00:00:00,NA,Saccharospirillaceae,0.01219999999999999,DNA,NA,0,0,0.01219999999999999
MOBEAST038,F2,Inflow,Table 2,2024-06-03,00:00:00,NA,Saprospiraceae,0,DNA,NA,0,0,0
MOBEAST038,F2,Inflow,Table 2,2024-06-03,00:00:00,NA,Sphingomonadaceae,0,DNA,NA,0,0,0
MOBEAST038,F2,Inflow,Table 2,2024-06-03,00:00:00,NA,Spirochaetaceae,0,DNA,NA,0,0,0
MOBEAST038,F2,Inflow,Table 2,2024-06-03,00:00:00,NA,Spongiibacteraceae,0,DNA,NA,0,0,0
MOBEAST038,F2,Inflow,Table 2,2024-06-03,00:00:00,NA,Stappiaceae,0,DNA,NA,0,0,0
MOBEAST038,F2,Inflow,Table 2,2024-06-03,00:00:00,NA,Terasakiellaceae,0,DNA,NA,0,0,0
MOBEAST038,F2,Inflow,Table 2,2024-06-03,00:00:00,NA,Thalassospiraceae,0,DNA,NA,0,0,0
MOBEAST038,F2,Inflow,Table 2,2024-06-03,00:00:00,NA,Thiomicrospiraceae,0,DNA,NA,0,0,0
MOBEAST038,F2,Inflow,Table 2,2024-06-03,00:00:00,NA,Vibrionaceae,0.0013,DNA,NA,0,-6.5e-4,0.00195
MOBEAST038,F2,Inflow,Table 2,2024-06-03,00:00:00,NA,Woesearchaeia_fa,0,DNA,NA,0,-8.5e-4,8.5e-4
MOBEAST038,F2,Inflow,Table 2,2024-06-03,00:00:00,NA,uncultured_fa,4e-4,DNA,NA,0,5.000000000000002e-5,3.5e-4
MOBEAST039,T1,Algae,Table 2,2024-06-03,00:00:00,3.7333333333333334,het_bact,566.206,FCM,cell/µL,0,75.30600000000004,490.9
MOBEAST039,T1,Algae,Table 2,2024-06-03,00:00:00,3.7333333333333334,pico_euk,0.699,FCM,cell/µL,0,-0.01749999999999996,0.7164999999999999
MOBEAST039,T1,Algae,Table 2,2024-06-03,00:00:00,3.7333333333333334,syn,143.81,FCM,cell/µL,0,-9.323500000000024,153.13350000000003
MOBEAST039,T1,Algae,Table 2,2024-06-03,00:00:00,3.7333333333333334,pro,18.07,FCM,cell/µL,0,-1.4720000000000013,19.542
MOBEAST039,T1,Algae,Table 2,2024-06-03,00:00:00,3.7333333333333334,tot_bact,728.087,FCM,cell/µL,0,64.51199999999994,663.575
MOBEAST039,T1,Algae,Table 2,2024-06-03,00:00:00,3.7333333333333334,cyano,161.88,FCM,cell/µL,0,-10.795500000000033,172.67550000000003
MOBEAST039,T1,Algae,Table 2,2024-06-03,00:00:00,3.7333333333333334,chla_conc,0.1904,chla,µg/L,0,0.09680000000000001,0.0936
MOBEAST039,T1,Algae,Table 2,2024-06-03,00:00:00,3.7333333333333334,tn_u_m,20.2346020118943,DOC,µmol/L,0,8.87182562630745,11.36277638558685
MOBEAST039,T1,Algae,Table 2,2024-06-03,00:00:00,3.7333333333333334,coble_a,0.0113059040274191,fDOM,R.U.,0,-0.0019449330737463001,0.0132508371011654
MOBEAST039,T1,Algae,Table 2,2024-06-03,00:00:00,3.7333333333333334,coble_b,0.114888233737167,fDOM,R.U.,0,0.04201708451040766,0.07287114922675934
MOBEAST039,T1,Algae,Table 2,2024-06-03,00:00:00,3.7333333333333334,coble_c,0.0112156114708627,fDOM,R.U.,0,0.0031084691629159403,0.00810714230794676
MOBEAST039,T1,Algae,Table 2,2024-06-03,00:00:00,3.7333333333333334,coble_m,0.0148847429340257,fDOM,R.U.,0,-0.0012643227554211024,0.016149065689446802
MOBEAST039,T1,Algae,Table 2,2024-06-03,00:00:00,3.7333333333333334,coble_t,0.12631123194226,fDOM,R.U.,0,-0.030219154073515025,0.156530386015775
MOBEAST039,T1,Algae,Table 2,2024-06-03,00:00:00,3.7333333333333334,m_to_c,1.327145022159079,fDOM,R.U.,0,-0.5056725476089281,1.8328175697680071
MOBEAST039,T1,Algae,Table 2,2024-06-03,00:00:00,3.7333333333333334,bix,1.05252017035395,fDOM,R.U.,0,-0.006824229857615993,1.059344400211566
MOBEAST039,T1,Algae,Table 2,2024-06-03,00:00:00,3.7333333333333334,hix,0.326864752974908,fDOM,R.U.,0,0.05522098792866653,0.2716437650462415
MOBEAST039,T1,Algae,Table 2,2024-06-03,00:00:00,3.7333333333333334,fpeak,0.0298956307611386,fDOM,R.U.,0,0.005512400596795208,0.024383230164343392
MOBEAST039,T1,Algae,Table 2,2024-06-03,00:00:00,3.7333333333333334,fi,1.60498020307518,fDOM,R.U.,0,-0.5773823409412353,2.1823625440164154
MOBEAST039,T1,Algae,Table 2,2024-06-03,00:00:00,3.7333333333333334,lignin,0.0916639978185636,fDOM,R.U.,0,NA,NA
MOBEAST039,T1,Algae,Table 2,2024-06-03,00:00:00,3.7333333333333334,N_N,0.746,nutrients,µmol/L,0,0.0030000000000000027,0.743
MOBEAST039,T1,Algae,Table 2,2024-06-03,00:00:00,3.7333333333333334,NO2,0.1403951807,nutrients,µmol/L,0,-0.04122297520000001,0.18161815590000002
MOBEAST039,T1,Algae,Table 2,2024-06-03,00:00:00,3.7333333333333334,PO4,0.08601166293,nutrients,µmol/L,0,-0.022899876770000008,0.1089115397
MOBEAST039,T1,Algae,Table 2,2024-06-03,00:00:00,3.7333333333333334,SiO2,0.0904662446,nutrients,µmol/L,0,-0.07444618044999998,0.16491242504999998
MOBEAST039,T1,Algae,Table 2,2024-06-03,00:00:00,3.7333333333333334,NH3,1.229175433,nutrients,µmol/L,0,0.334973635,0.894201798
MOBEAST039,T1,Algae,Table 2,2024-06-03,00:00:00,3.7333333333333334,NO3,0.6056048193,nutrients,µmol/L,0,0.05765666040000006,0.5479481588999999
MOBEAST039,T1,Algae,Table 2,2024-06-03,00:00:00,3.7333333333333334,do_mg_l,3.62,residence time,NA,0,NA,NA
MOBEAST039,T1,Algae,Table 2,2024-06-03,00:00:00,3.7333333333333334,ta,2366.852,carbonate,NA,0,10.251999999999498,2356.6000000000004
MOBEAST039,T1,Algae,Table 2,2024-06-03,00:00:00,3.7333333333333334,dic_mmol_kg,2056.794761532506,residence time,NA,0,NA,NA
MOBEAST039,T1,Algae,Table 2,2024-06-03,00:00:00,3.7333333333333334,ph,7.989170054650201,carbonate,NA,0,-0.03195153491474034,8.021121589564942
MOBEAST039,T1,Algae,Table 2,2024-06-03,00:00:00,3.7333333333333334,AEGEAN-169_marine_group,0.0142,DNA,NA,0,-0.0023500000000000014,0.016550000000000002
MOBEAST039,T1,Algae,Table 2,2024-06-03,00:00:00,3.7333333333333334,Actinomarinaceae,0.0093,DNA,NA,0,-0.009400000000000002,0.0187
MOBEAST039,T1,Algae,Table 2,2024-06-03,00:00:00,3.7333333333333334,Alcanivoracaceae,0,DNA,NA,0,0,0
MOBEAST039,T1,Algae,Table 2,2024-06-03,00:00:00,3.7333333333333334,Alphaproteobacteria_unclassified,0.0095,DNA,NA,0,0.0094,1e-4
MOBEAST039,T1,Algae,Table 2,2024-06-03,00:00:00,3.7333333333333334,Alteromonadaceae,0.1051,DNA,NA,0,0.02769999999999999,0.07740000000000001
MOBEAST039,T1,Algae,Table 2,2024-06-03,00:00:00,3.7333333333333334,Alteromonadales_unclassified,0.0171,DNA,NA,0,0.0171,0
MOBEAST039,T1,Algae,Table 2,2024-06-03,00:00:00,3.7333333333333334,Arcobacteraceae,0.036,DNA,NA,0,0.035649999999999994,3.5e-4
MOBEAST039,T1,Algae,Table 2,2024-06-03,00:00:00,3.7333333333333334,Arctic97B-4_marine_group_fa,0.0012,DNA,NA,0,-0.0018999999999999952,0.003099999999999995
MOBEAST039,T1,Algae,Table 2,2024-06-03,00:00:00,3.7333333333333334,Arenicellaceae,0.001,DNA,NA,0,0.001,0
MOBEAST039,T1,Algae,Table 2,2024-06-03,00:00:00,3.7333333333333334,Bacteria_unclassified,0.003,DNA,NA,0,0.003,0
MOBEAST039,T1,Algae,Table 2,2024-06-03,00:00:00,3.7333333333333334,Bacteriovoracaceae,0.001,DNA,NA,0,9e-4,1e-4
MOBEAST039,T1,Algae,Table 2,2024-06-03,00:00:00,3.7333333333333334,Bacteroidales_unclassified,0,DNA,NA,0,0,0
MOBEAST039,T1,Algae,Table 2,2024-06-03,00:00:00,3.7333333333333334,Bacteroidetes_BD2-2,6e-4,DNA,NA,0,6e-4,0
MOBEAST039,T1,Algae,Table 2,2024-06-03,00:00:00,3.7333333333333334,Bacteroidia_unclassified,2e-4,DNA,NA,0,2e-4,0
MOBEAST039,T1,Algae,Table 2,2024-06-03,00:00:00,3.7333333333333334,Bradymonadales_fa,0,DNA,NA,0,0,0
MOBEAST039,T1,Algae,Table 2,2024-06-03,00:00:00,3.7333333333333334,Campylobacterales_unclassified,0,DNA,NA,0,0,0
MOBEAST039,T1,Algae,Table 2,2024-06-03,00:00:00,3.7333333333333334,Campylobacteria_unclassified,5e-4,DNA,NA,0,5e-4,0
MOBEAST039,T1,Algae,Table 2,2024-06-03,00:00:00,3.7333333333333334,Cellvibrionaceae,0.0056,DNA,NA,0,0.0026,0.003
MOBEAST039,T1,Algae,Table 2,2024-06-03,00:00:00,3.7333333333333334,Clade_I,0.0173,DNA,NA,0,-0.007450000000000002,0.02475
MOBEAST039,T1,Algae,Table 2,2024-06-03,00:00:00,3.7333333333333334,Clade_II,0.0061,DNA,NA,0,0.0046,0.0015
MOBEAST039,T1,Algae,Table 2,2024-06-03,00:00:00,3.7333333333333334,Clade_IV,0.001,DNA,NA,0,1.0000000000000005e-4,9e-4
MOBEAST039,T1,Algae,Table 2,2024-06-03,00:00:00,3.7333333333333334,Colwelliaceae,0.0029,DNA,NA,0,0.0029,0
MOBEAST039,T1,Algae,Table 2,2024-06-03,00:00:00,3.7333333333333334,Cryomorphaceae,0.0042,DNA,NA,0,-0.005699999999999999,0.009899999999999999
MOBEAST039,T1,Algae,Table 2,2024-06-03,00:00:00,3.7333333333333334,Cyanobiaceae,0.3269,DNA,NA,0,-0.13179999999999997,0.4587
MOBEAST039,T1,Algae,Table 2,2024-06-03,00:00:00,3.7333333333333334,Cyclobacteriaceae,4e-4,DNA,NA,0,-3e-4,7e-4
MOBEAST039,T1,Algae,Table 2,2024-06-03,00:00:00,3.7333333333333334,Deltaproteobacteria_unclassified,0,DNA,NA,0,0,0
MOBEAST039,T1,Algae,Table 2,2024-06-03,00:00:00,3.7333333333333334,Desulfovibrionaceae,0.0021,DNA,NA,0,0.0021,0
MOBEAST039,T1,Algae,Table 2,2024-06-03,00:00:00,3.7333333333333334,Desulfuromonadaceae,4e-4,DNA,NA,0,4e-4,0
MOBEAST039,T1,Algae,Table 2,2024-06-03,00:00:00,3.7333333333333334,Ectothiorhodospiraceae,7e-4,DNA,NA,0,5e-4,2e-4
MOBEAST039,T1,Algae,Table 2,2024-06-03,00:00:00,3.7333333333333334,Endozoicomonadaceae,0,DNA,NA,0,-7.999999999999999e-4,7.999999999999999e-4
MOBEAST039,T1,Algae,Table 2,2024-06-03,00:00:00,3.7333333333333334,Flavobacteriaceae,0.046,DNA,NA,0,-0.010150000000000006,0.056150000000000005
MOBEAST039,T1,Algae,Table 2,2024-06-03,00:00:00,3.7333333333333334,Francisellaceae,8e-4,DNA,NA,0,8e-4,0
MOBEAST039,T1,Algae,Table 2,2024-06-03,00:00:00,3.7333333333333334,Gammaproteobacteria_unclassified,8e-4,DNA,NA,0,-0.003649999999999995,0.004449999999999995
MOBEAST039,T1,Algae,Table 2,2024-06-03,00:00:00,3.7333333333333334,Halieaceae,0.0056,DNA,NA,0,-0.011549999999999994,0.017149999999999995
MOBEAST039,T1,Algae,Table 2,2024-06-03,00:00:00,3.7333333333333334,Halomonadaceae,0,DNA,NA,0,0,0
MOBEAST039,T1,Algae,Table 2,2024-06-03,00:00:00,3.7333333333333334,Helicobacteraceae,0,DNA,NA,0,0,0
MOBEAST039,T1,Algae,Table 2,2024-06-03,00:00:00,3.7333333333333334,Hyphomonadaceae,0.001,DNA,NA,0,0.001,0
MOBEAST039,T1,Algae,Table 2,2024-06-03,00:00:00,3.7333333333333334,Idiomarinaceae,0,DNA,NA,0,0,0
MOBEAST039,T1,Algae,Table 2,2024-06-03,00:00:00,3.7333333333333334,JGI_0000069-P22_fa,0.0018,DNA,NA,0,-0.0025499999999999997,0.00435
MOBEAST039,T1,Algae,Table 2,2024-06-03,00:00:00,3.7333333333333334,KI89A_clade_fa,1e-4,DNA,NA,0,-5.499999999999999e-4,6.5e-4
MOBEAST039,T1,Algae,Table 2,2024-06-03,00:00:00,3.7333333333333334,Kiritimatiellaceae,0.00219999999999999,DNA,NA,0,0.00219999999999999,0
MOBEAST039,T1,Algae,Table 2,2024-06-03,00:00:00,3.7333333333333334,Leptotrichiaceae,0.0015,DNA,NA,0,0.0015,0
MOBEAST039,T1,Algae,Table 2,2024-06-03,00:00:00,3.7333333333333334,Litoricolaceae,0.001,DNA,NA,0,-0.00265,0.00365
MOBEAST039,T1,Algae,Table 2,2024-06-03,00:00:00,3.7333333333333334,Marine_Group_II_fa,0.0173,DNA,NA,0,-0.017700000000000004,0.035
MOBEAST039,T1,Algae,Table 2,2024-06-03,00:00:00,3.7333333333333334,Marinifilaceae,0,DNA,NA,0,0,0
MOBEAST039,T1,Algae,Table 2,2024-06-03,00:00:00,3.7333333333333334,Marinilabiliaceae,0.0045,DNA,NA,0,0.0045,0
MOBEAST039,T1,Algae,Table 2,2024-06-03,00:00:00,3.7333333333333334,Marinimicrobia_(SAR406_clade)_fa,0.005,DNA,NA,0,-8.499999999999992e-4,0.005849999999999999
MOBEAST039,T1,Algae,Table 2,2024-06-03,00:00:00,3.7333333333333334,Marinobacteraceae,0,DNA,NA,0,0,0
MOBEAST039,T1,Algae,Table 2,2024-06-03,00:00:00,3.7333333333333334,Marinomonadaceae,0,DNA,NA,0,0,0
MOBEAST039,T1,Algae,Table 2,2024-06-03,00:00:00,3.7333333333333334,Methylophilaceae,0.0026,DNA,NA,0,-0.0010500000000000002,0.00365
MOBEAST039,T1,Algae,Table 2,2024-06-03,00:00:00,3.7333333333333334,Micavibrionaceae,7e-4,DNA,NA,0,7e-4,0
MOBEAST039,T1,Algae,Table 2,2024-06-03,00:00:00,3.7333333333333334,Microtrichaceae,0.0024,DNA,NA,0,-5.000000000000013e-5,0.00245
MOBEAST039,T1,Algae,Table 2,2024-06-03,00:00:00,3.7333333333333334,Moraxellaceae,0,DNA,NA,0,0,0
MOBEAST039,T1,Algae,Table 2,2024-06-03,00:00:00,3.7333333333333334,NS7_marine_group,5e-4,DNA,NA,0,-1.4999999999999996e-4,6.5e-4
MOBEAST039,T1,Algae,Table 2,2024-06-03,00:00:00,3.7333333333333334,NS9_marine_group,0.0021,DNA,NA,0,-0.00295,0.00505
MOBEAST039,T1,Algae,Table 2,2024-06-03,00:00:00,3.7333333333333334,Nannocystaceae,4e-4,DNA,NA,0,-1.9999999999999993e-4,6e-4
MOBEAST039,T1,Algae,Table 2,2024-06-03,00:00:00,3.7333333333333334,Nitrincolaceae,0.0562,DNA,NA,0,0.05235000000000001,0.003849999999999995
MOBEAST039,T1,Algae,Table 2,2024-06-03,00:00:00,3.7333333333333334,Nitrosopumilaceae,3e-4,DNA,NA,0,-2.0000000000000004e-4,5e-4
MOBEAST039,T1,Algae,Table 2,2024-06-03,00:00:00,3.7333333333333334,OM182_clade_fa,0.0011,DNA,NA,0,-0.00275,0.00385
MOBEAST039,T1,Algae,Table 2,2024-06-03,00:00:00,3.7333333333333334,Oleiphilaceae,4e-4,DNA,NA,0,-0.00115,0.00155
MOBEAST039,T1,Algae,Table 2,2024-06-03,00:00:00,3.7333333333333334,Oligoflexaceae,1e-4,DNA,NA,0,-4.4999999999999993e-4,5.499999999999999e-4
MOBEAST039,T1,Algae,Table 2,2024-06-03,00:00:00,3.7333333333333334,Pirellulaceae,0.0019,DNA,NA,0,-0.0026,0.0045
MOBEAST039,T1,Algae,Table 2,2024-06-03,00:00:00,3.7333333333333334,Piscirickettsiaceae,0,DNA,NA,0,-2e-4,2e-4
MOBEAST039,T1,Algae,Table 2,2024-06-03,00:00:00,3.7333333333333334,Prolixibacteraceae,0,DNA,NA,0,0,0
MOBEAST039,T1,Algae,Table 2,2024-06-03,00:00:00,3.7333333333333334,Proteobacteria_unclassified,0.0014,DNA,NA,0,-0.0011500000000000002,0.00255
MOBEAST039,T1,Algae,Table 2,2024-06-03,00:00:00,3.7333333333333334,Pseudoalteromonadaceae,0.0095,DNA,NA,0,0.00885,6.5e-4
MOBEAST039,T1,Algae,Table 2,2024-06-03,00:00:00,3.7333333333333334,Pseudohongiellaceae,0,DNA,NA,0,-0.00165,0.00165
MOBEAST039,T1,Algae,Table 2,2024-06-03,00:00:00,3.7333333333333334,Pseudomonadaceae,4e-4,DNA,NA,0,4e-4,0
MOBEAST039,T1,Algae,Table 2,2024-06-03,00:00:00,3.7333333333333334,Puniceicoccaceae,2e-4,DNA,NA,0,2e-4,0
MOBEAST039,T1,Algae,Table 2,2024-06-03,00:00:00,3.7333333333333334,Rhizobiaceae,2e-4,DNA,NA,0,2e-4,0
MOBEAST039,T1,Algae,Table 2,2024-06-03,00:00:00,3.7333333333333334,Rhodobacteraceae,0.12990000000000002,DNA,NA,0,0.04945000000000002,0.08045
MOBEAST039,T1,Algae,Table 2,2024-06-03,00:00:00,3.7333333333333334,Rhodospirillaceae,4e-4,DNA,NA,0,4e-4,0
MOBEAST039,T1,Algae,Table 2,2024-06-03,00:00:00,3.7333333333333334,Rubinisphaeraceae,9e-4,DNA,NA,0,-4.500000000000001e-4,0.00135
MOBEAST039,T1,Algae,Table 2,2024-06-03,00:00:00,3.7333333333333334,S25-593,9e-4,DNA,NA,0,-5.499999999999999e-4,0.00145
MOBEAST039,T1,Algae,Table 2,2024-06-03,00:00:00,3.7333333333333334,SAR116_clade,0.0197,DNA,NA,0,-0.0219,0.0416
MOBEAST039,T1,Algae,Table 2,2024-06-03,00:00:00,3.7333333333333334,SAR202_clade_fa,0,DNA,NA,0,-1.5e-4,1.5e-4
MOBEAST039,T1,Algae,Table 2,2024-06-03,00:00:00,3.7333333333333334,SAR324_clade(Marine_group_B)_fa,6e-4,DNA,NA,0,9.999999999999994e-5,5e-4
MOBEAST039,T1,Algae,Table 2,2024-06-03,00:00:00,3.7333333333333334,SAR86_clade_fa,0.0128,DNA,NA,0,-0.020149999999999994,0.03294999999999999
MOBEAST039,T1,Algae,Table 2,2024-06-03,00:00:00,3.7333333333333334,Saccharospirillaceae,0.021,DNA,NA,0,0.008800000000000011,0.01219999999999999
MOBEAST039,T1,Algae,Table 2,2024-06-03,00:00:00,3.7333333333333334,Saprospiraceae,4e-4,DNA,NA,0,4e-4,0
MOBEAST039,T1,Algae,Table 2,2024-06-03,00:00:00,3.7333333333333334,Sphingomonadaceae,0,DNA,NA,0,0,0
MOBEAST039,T1,Algae,Table 2,2024-06-03,00:00:00,3.7333333333333334,Spirochaetaceae,0.0018,DNA,NA,0,0.0018,0
MOBEAST039,T1,Algae,Table 2,2024-06-03,00:00:00,3.7333333333333334,Spongiibacteraceae,0,DNA,NA,0,0,0
MOBEAST039,T1,Algae,Table 2,2024-06-03,00:00:00,3.7333333333333334,Stappiaceae,5e-4,DNA,NA,0,5e-4,0
MOBEAST039,T1,Algae,Table 2,2024-06-03,00:00:00,3.7333333333333334,Terasakiellaceae,5e-4,DNA,NA,0,5e-4,0
MOBEAST039,T1,Algae,Table 2,2024-06-03,00:00:00,3.7333333333333334,Thalassospiraceae,4e-4,DNA,NA,0,4e-4,0
MOBEAST039,T1,Algae,Table 2,2024-06-03,00:00:00,3.7333333333333334,Thiomicrospiraceae,0,DNA,NA,0,0,0
MOBEAST039,T1,Algae,Table 2,2024-06-03,00:00:00,3.7333333333333334,Vibrionaceae,0.05210000000000001,DNA,NA,0,0.05015000000000001,0.00195
MOBEAST039,T1,Algae,Table 2,2024-06-03,00:00:00,3.7333333333333334,Woesearchaeia_fa,0,DNA,NA,0,-8.5e-4,8.5e-4
MOBEAST039,T1,Algae,Table 2,2024-06-03,00:00:00,3.7333333333333334,uncultured_fa,4e-4,DNA,NA,0,5.000000000000002e-5,3.5e-4
MOBEAST040,T2,CCA,Table 2,2024-06-03,00:00:00,0.7166666666666667,het_bact,343.75,FCM,cell/µL,0,-147.14999999999998,490.9
MOBEAST040,T2,CCA,Table 2,2024-06-03,00:00:00,0.7166666666666667,pico_euk,0.433,FCM,cell/µL,0,-0.2834999999999999,0.7164999999999999
MOBEAST040,T2,CCA,Table 2,2024-06-03,00:00:00,0.7166666666666667,syn,79.033,FCM,cell/µL,0,-74.10050000000003,153.13350000000003
MOBEAST040,T2,CCA,Table 2,2024-06-03,00:00:00,0.7166666666666667,pro,12.05,FCM,cell/µL,0,-7.492000000000001,19.542
MOBEAST040,T2,CCA,Table 2,2024-06-03,00:00:00,0.7166666666666667,tot_bact,434.833,FCM,cell/µL,0,-228.74200000000002,663.575
MOBEAST040,T2,CCA,Table 2,2024-06-03,00:00:00,0.7166666666666667,cyano,91.08299999999996,FCM,cell/µL,0,-81.59250000000007,172.67550000000003
MOBEAST040,T2,CCA,Table 2,2024-06-03,00:00:00,0.7166666666666667,chla_conc,0.0836,chla,µg/L,0,-0.010000000000000009,0.0936
MOBEAST040,T2,CCA,Table 2,2024-06-03,00:00:00,0.7166666666666667,tn_u_m,12.0799331748378,DOC,µmol/L,0,0.71715678925095006,11.36277638558685
MOBEAST040,T2,CCA,Table 2,2024-06-03,00:00:00,0.7166666666666667,coble_a,0.0126754908547336,fDOM,R.U.,0,-5.753462464318012e-4,0.0132508371011654
MOBEAST040,T2,CCA,Table 2,2024-06-03,00:00:00,0.7166666666666667,coble_b,0.0814580515017532,fDOM,R.U.,0,0.0085869022749938545,0.07287114922675934
MOBEAST040,T2,CCA,Table 2,2024-06-03,00:00:00,0.7166666666666667,coble_c,0.0121593034526263,fDOM,R.U.,0,0.004052161144679541,0.00810714230794676
MOBEAST040,T2,CCA,Table 2,2024-06-03,00:00:00,0.7166666666666667,coble_m,0.0147644441395175,fDOM,R.U.,0,-0.0013846215499293026,0.016149065689446802
MOBEAST040,T2,CCA,Table 2,2024-06-03,00:00:00,0.7166666666666667,coble_t,0.131338636586588,fDOM,R.U.,0,-0.025191749429187005,0.156530386015775
MOBEAST040,T2,CCA,Table 2,2024-06-03,00:00:00,0.7166666666666667,m_to_c,1.2142508160143426,fDOM,R.U.,0,-0.6185667537536645,1.8328175697680071
MOBEAST040,T2,CCA,Table 2,2024-06-03,00:00:00,0.7166666666666667,bix,0.966675498602493,fDOM,R.U.,0,-0.09266890160907293,1.059344400211566
MOBEAST040,T2,CCA,Table 2,2024-06-03,00:00:00,0.7166666666666667,hix,0.360395964542177,fDOM,R.U.,0,0.08875219949593549,0.2716437650462415
MOBEAST040,T2,CCA,Table 2,2024-06-03,00:00:00,0.7166666666666667,fpeak,0.00677633767039729,fDOM,R.U.,0,-0.017606892493946102,0.024383230164343392
MOBEAST040,T2,CCA,Table 2,2024-06-03,00:00:00,0.7166666666666667,fi,1.77338147456372,fDOM,R.U.,0,-0.4089810694526954,2.1823625440164154
MOBEAST040,T2,CCA,Table 2,2024-06-03,00:00:00,0.7166666666666667,N_N,1.07,nutrients,µmol/L,0,0.32700000000000007,0.743
MOBEAST040,T2,CCA,Table 2,2024-06-03,00:00:00,0.7166666666666667,NO2,0.1037818034,nutrients,µmol/L,0,-0.07783635250000003,0.18161815590000002
MOBEAST040,T2,CCA,Table 2,2024-06-03,00:00:00,0.7166666666666667,PO4,0.1237210409,nutrients,µmol/L,0,0.014809501199999991,0.1089115397
MOBEAST040,T2,CCA,Table 2,2024-06-03,00:00:00,0.7166666666666667,SiO2,0.01,nutrients,µmol/L,0,-0.15491242504999997,0.16491242504999998
MOBEAST040,T2,CCA,Table 2,2024-06-03,00:00:00,0.7166666666666667,NH3,0.8137055613,nutrients,µmol/L,0,-0.08049623669999995,0.894201798
MOBEAST040,T2,CCA,Table 2,2024-06-03,00:00:00,0.7166666666666667,NO3,0.9662181966,nutrients,µmol/L,0,0.41827003770000004,0.5479481588999999
MOBEAST040,T2,CCA,Table 2,2024-06-03,00:00:00,0.7166666666666667,ph_diff,-0.12435644321040318,carbonate,NA,0,-0.12435644321040318,0
MOBEAST040,T2,CCA,Table 2,2024-06-03,00:00:00,0.7166666666666667,delta_ta,-17.246000000000095,carbonate,NA,0,-17.246000000000095,0
MOBEAST040,T2,CCA,Table 2,2024-06-03,00:00:00,0.7166666666666667,do_mg_l,3.49,residence time,NA,0,NA,NA
MOBEAST040,T2,CCA,Table 2,2024-06-03,00:00:00,0.7166666666666667,ta,2346.444,carbonate,NA,0,-10.156000000000404,2356.6000000000004
MOBEAST040,T2,CCA,Table 2,2024-06-03,00:00:00,0.7166666666666667,dic_mmol_kg,2075.4400518275625,residence time,NA,0,NA,NA
MOBEAST040,T2,CCA,Table 2,2024-06-03,00:00:00,0.7166666666666667,ph,7.920478079944363,carbonate,NA,0,-0.10064350962057844,8.021121589564942
MOBEAST040,T2,CCA,Table 2,2024-06-03,00:00:00,0.7166666666666667,AEGEAN-169_marine_group,0.0189,DNA,NA,0,0.002349999999999998,0.016550000000000002
MOBEAST040,T2,CCA,Table 2,2024-06-03,00:00:00,0.7166666666666667,Actinomarinaceae,0.0155,DNA,NA,0,-0.0032000000000000015,0.0187
MOBEAST040,T2,CCA,Table 2,2024-06-03,00:00:00,0.7166666666666667,Alcanivoracaceae,0,DNA,NA,0,0,0
MOBEAST040,T2,CCA,Table 2,2024-06-03,00:00:00,0.7166666666666667,Alphaproteobacteria_unclassified,0.01719999999999999,DNA,NA,0,0.01709999999999999,1e-4
MOBEAST040,T2,CCA,Table 2,2024-06-03,00:00:00,0.7166666666666667,Alteromonadaceae,0.02219999999999999,DNA,NA,0,-0.05520000000000002,0.07740000000000001
MOBEAST040,T2,CCA,Table 2,2024-06-03,00:00:00,0.7166666666666667,Alteromonadales_unclassified,0.0045,DNA,NA,0,0.0045,0
MOBEAST040,T2,CCA,Table 2,2024-06-03,00:00:00,0.7166666666666667,Anaerolineae_unclassified,6e-4,DNA,NA,0,2.4999999999999995e-4,3.5e-4
MOBEAST040,T2,CCA,Table 2,2024-06-03,00:00:00,0.7166666666666667,Arcobacteraceae,0.02009999999999999,DNA,NA,0,0.01974999999999999,3.5e-4
MOBEAST040,T2,CCA,Table 2,2024-06-03,00:00:00,0.7166666666666667,Arctic97B-4_marine_group_fa,0.0013,DNA,NA,0,-0.0017999999999999952,0.003099999999999995
MOBEAST040,T2,CCA,Table 2,2024-06-03,00:00:00,0.7166666666666667,Arenicellaceae,0.003,DNA,NA,0,0.003,0
MOBEAST040,T2,CCA,Table 2,2024-06-03,00:00:00,0.7166666666666667,Bacteria_unclassified,0.001,DNA,NA,0,0.001,0
MOBEAST040,T2,CCA,Table 2,2024-06-03,00:00:00,0.7166666666666667,Bacteriovoracaceae,0.00309999999999999,DNA,NA,0,0.00299999999999999,1e-4
MOBEAST040,T2,CCA,Table 2,2024-06-03,00:00:00,0.7166666666666667,Bacteroidetes_BD2-2,0,DNA,NA,0,0,0
MOBEAST040,T2,CCA,Table 2,2024-06-03,00:00:00,0.7166666666666667,Bacteroidia_unclassified,0,DNA,NA,0,0,0
MOBEAST040,T2,CCA,Table 2,2024-06-03,00:00:00,0.7166666666666667,Bradymonadales_fa,0,DNA,NA,0,0,0
MOBEAST040,T2,CCA,Table 2,2024-06-03,00:00:00,0.7166666666666667,Campylobacterales_unclassified,5e-4,DNA,NA,0,5e-4,0
MOBEAST040,T2,CCA,Table 2,2024-06-03,00:00:00,0.7166666666666667,Campylobacteria_unclassified,3e-4,DNA,NA,0,3e-4,0
MOBEAST040,T2,CCA,Table 2,2024-06-03,00:00:00,0.7166666666666667,Cellvibrionaceae,0.0183,DNA,NA,0,0.015300000000000001,0.003
MOBEAST040,T2,CCA,Table 2,2024-06-03,00:00:00,0.7166666666666667,Clade_I,0.02559999999999999,DNA,NA,0,8.499999999999897e-4,0.02475
MOBEAST040,T2,CCA,Table 2,2024-06-03,00:00:00,0.7166666666666667,Clade_II,0.0118,DNA,NA,0,0.0103,0.0015
MOBEAST040,T2,CCA,Table 2,2024-06-03,00:00:00,0.7166666666666667,Clade_IV,4e-4,DNA,NA,0,-5e-4,9e-4
MOBEAST040,T2,CCA,Table 2,2024-06-03,00:00:00,0.7166666666666667,Colwelliaceae,0,DNA,NA,0,0,0
MOBEAST040,T2,CCA,Table 2,2024-06-03,00:00:00,0.7166666666666667,Cryomorphaceae,0.0027,DNA,NA,0,-0.007199999999999999,0.009899999999999999
MOBEAST040,T2,CCA,Table 2,2024-06-03,00:00:00,0.7166666666666667,Cyanobiaceae,0.3341,DNA,NA,0,-0.12459999999999999,0.4587
MOBEAST040,T2,CCA,Table 2,2024-06-03,00:00:00,0.7166666666666667,Cyclobacteriaceae,5e-4,DNA,NA,0,-1.9999999999999998e-4,7e-4
MOBEAST040,T2,CCA,Table 2,2024-06-03,00:00:00,0.7166666666666667,Deltaproteobacteria_unclassified,0,DNA,NA,0,0,0
MOBEAST040,T2,CCA,Table 2,2024-06-03,00:00:00,0.7166666666666667,Desulfovibrionaceae,0.0012,DNA,NA,0,0.0012,0
MOBEAST040,T2,CCA,Table 2,2024-06-03,00:00:00,0.7166666666666667,Desulfuromonadaceae,0,DNA,NA,0,0,0
MOBEAST040,T2,CCA,Table 2,2024-06-03,00:00:00,0.7166666666666667,Ectothiorhodospiraceae,0.0012,DNA,NA,0,9.999999999999998e-4,2e-4
MOBEAST040,T2,CCA,Table 2,2024-06-03,00:00:00,0.7166666666666667,Flavobacteriaceae,0.0455,DNA,NA,0,-0.010650000000000007,0.056150000000000005
MOBEAST040,T2,CCA,Table 2,2024-06-03,00:00:00,0.7166666666666667,Francisellaceae,0.0015,DNA,NA,0,0.0015,0
MOBEAST040,T2,CCA,Table 2,2024-06-03,00:00:00,0.7166666666666667,Halieaceae,0.0107,DNA,NA,0,-0.006449999999999996,0.017149999999999995
MOBEAST040,T2,CCA,Table 2,2024-06-03,00:00:00,0.7166666666666667,Halomonadaceae,2e-4,DNA,NA,0,2e-4,0
MOBEAST040,T2,CCA,Table 2,2024-06-03,00:00:00,0.7166666666666667,Helicobacteraceae,3e-4,DNA,NA,0,3e-4,0
MOBEAST040,T2,CCA,Table 2,2024-06-03,00:00:00,0.7166666666666667,Hyphomonadaceae,0.0033,DNA,NA,0,0.0033,0
MOBEAST040,T2,CCA,Table 2,2024-06-03,00:00:00,0.7166666666666667,Idiomarinaceae,0,DNA,NA,0,0,0
MOBEAST040,T2,CCA,Table 2,2024-06-03,00:00:00,0.7166666666666667,JGI_0000069-P22_fa,0,DNA,NA,0,-0.00435,0.00435
MOBEAST040,T2,CCA,Table 2,2024-06-03,00:00:00,0.7166666666666667,KI89A_clade_fa,3e-4,DNA,NA,0,-3.5e-4,6.5e-4
MOBEAST040,T2,CCA,Table 2,2024-06-03,00:00:00,0.7166666666666667,Kiritimatiellaceae,6e-4,DNA,NA,0,6e-4,0
MOBEAST040,T2,CCA,Table 2,2024-06-03,00:00:00,0.7166666666666667,Leptotrichiaceae,3e-4,DNA,NA,0,3e-4,0
MOBEAST040,T2,CCA,Table 2,2024-06-03,00:00:00,0.7166666666666667,Litoricolaceae,0.0081,DNA,NA,0,0.004449999999999999,0.00365
MOBEAST040,T2,CCA,Table 2,2024-06-03,00:00:00,0.7166666666666667,Marine_Group_II_fa,0.02109999999999999,DNA,NA,0,-0.013900000000000013,0.035
MOBEAST040,T2,CCA,Table 2,2024-06-03,00:00:00,0.7166666666666667,Marinifilaceae,0,DNA,NA,0,0,0
MOBEAST040,T2,CCA,Table 2,2024-06-03,00:00:00,0.7166666666666667,Marinilabiliaceae,4e-4,DNA,NA,0,4e-4,0
MOBEAST040,T2,CCA,Table 2,2024-06-03,00:00:00,0.7166666666666667,Marinimicrobia_(SAR406_clade)_fa,0.0056,DNA,NA,0,-2.4999999999999935e-4,0.005849999999999999
MOBEAST040,T2,CCA,Table 2,2024-06-03,00:00:00,0.7166666666666667,Marinobacteraceae,0,DNA,NA,0,0,0
MOBEAST040,T2,CCA,Table 2,2024-06-03,00:00:00,0.7166666666666667,Marinomonadaceae,0,DNA,NA,0,0,0
MOBEAST040,T2,CCA,Table 2,2024-06-03,00:00:00,0.7166666666666667,Methylophilaceae,0.0058,DNA,NA,0,0.0021499999999999996,0.00365
MOBEAST040,T2,CCA,Table 2,2024-06-03,00:00:00,0.7166666666666667,Micavibrionaceae,8e-4,DNA,NA,0,8e-4,0
MOBEAST040,T2,CCA,Table 2,2024-06-03,00:00:00,0.7166666666666667,Microtrichaceae,0.0026,DNA,NA,0,1.4999999999999996e-4,0.00245
MOBEAST040,T2,CCA,Table 2,2024-06-03,00:00:00,0.7166666666666667,Moraxellaceae,0,DNA,NA,0,0,0
MOBEAST040,T2,CCA,Table 2,2024-06-03,00:00:00,0.7166666666666667,NS7_marine_group,5e-4,DNA,NA,0,-1.4999999999999996e-4,6.5e-4
MOBEAST040,T2,CCA,Table 2,2024-06-03,00:00:00,0.7166666666666667,NS9_marine_group,0.00219999999999999,DNA,NA,0,-0.0028500000000000096,0.00505
MOBEAST040,T2,CCA,Table 2,2024-06-03,00:00:00,0.7166666666666667,Nannocystaceae,0,DNA,NA,0,-6e-4,6e-4
MOBEAST040,T2,CCA,Table 2,2024-06-03,00:00:00,0.7166666666666667,Nitrincolaceae,0.0306,DNA,NA,0,0.026750000000000003,0.003849999999999995
MOBEAST040,T2,CCA,Table 2,2024-06-03,00:00:00,0.7166666666666667,Nitrosopumilaceae,7e-4,DNA,NA,0,1.9999999999999998e-4,5e-4
MOBEAST040,T2,CCA,Table 2,2024-06-03,00:00:00,0.7166666666666667,OM182_clade_fa,0.0017,DNA,NA,0,-0.00215,0.00385
MOBEAST040,T2,CCA,Table 2,2024-06-03,00:00:00,0.7166666666666667,Oleiphilaceae,0.0027,DNA,NA,0,0.0011500000000000002,0.00155
MOBEAST040,T2,CCA,Table 2,2024-06-03,00:00:00,0.7166666666666667,Oligoflexaceae,0.0015,DNA,NA,0,9.500000000000001e-4,5.499999999999999e-4
MOBEAST040,T2,CCA,Table 2,2024-06-03,00:00:00,0.7166666666666667,Pirellulaceae,0.0031,DNA,NA,0,-0.0013999999999999998,0.0045
MOBEAST040,T2,CCA,Table 2,2024-06-03,00:00:00,0.7166666666666667,Piscirickettsiaceae,6e-4,DNA,NA,0,3.9999999999999996e-4,2e-4
MOBEAST040,T2,CCA,Table 2,2024-06-03,00:00:00,0.7166666666666667,Prolixibacteraceae,9e-4,DNA,NA,0,9e-4,0
MOBEAST040,T2,CCA,Table 2,2024-06-03,00:00:00,0.7166666666666667,Proteobacteria_unclassified,0.001,DNA,NA,0,-0.0015500000000000002,0.00255
MOBEAST040,T2,CCA,Table 2,2024-06-03,00:00:00,0.7166666666666667,Pseudoalteromonadaceae,0,DNA,NA,0,-6.5e-4,6.5e-4
MOBEAST040,T2,CCA,Table 2,2024-06-03,00:00:00,0.7166666666666667,Pseudohongiellaceae,0.0012,DNA,NA,0,-4.500000000000001e-4,0.00165
MOBEAST040,T2,CCA,Table 2,2024-06-03,00:00:00,0.7166666666666667,Pseudomonadaceae,4e-4,DNA,NA,0,4e-4,0
MOBEAST040,T2,CCA,Table 2,2024-06-03,00:00:00,0.7166666666666667,Rhizobiaceae,2e-4,DNA,NA,0,2e-4,0
MOBEAST040,T2,CCA,Table 2,2024-06-03,00:00:00,0.7166666666666667,Rhodobacteraceae,0.1735,DNA,NA,0,0.09305,0.08045
MOBEAST040,T2,CCA,Table 2,2024-06-03,00:00:00,0.7166666666666667,Rhodospirillaceae,2e-4,DNA,NA,0,2e-4,0
MOBEAST040,T2,CCA,Table 2,2024-06-03,00:00:00,0.7166666666666667,Rubinisphaeraceae,3e-4,DNA,NA,0,-0.0010500000000000002,0.00135
MOBEAST040,T2,CCA,Table 2,2024-06-03,00:00:00,0.7166666666666667,S25-593,8e-4,DNA,NA,0,-6.499999999999999e-4,0.00145
MOBEAST040,T2,CCA,Table 2,2024-06-03,00:00:00,0.7166666666666667,SAR116_clade,0.034,DNA,NA,0,-0.007599999999999996,0.0416
MOBEAST040,T2,CCA,Table 2,2024-06-03,00:00:00,0.7166666666666667,SAR202_clade_fa,1e-4,DNA,NA,0,-4.999999999999998e-5,1.5e-4
MOBEAST040,T2,CCA,Table 2,2024-06-03,00:00:00,0.7166666666666667,SAR324_clade(Marine_group_B)_fa,0.0038,DNA,NA,0,0.0033,5e-4
MOBEAST040,T2,CCA,Table 2,2024-06-03,00:00:00,0.7166666666666667,SAR86_clade_fa,0.0309,DNA,NA,0,-0.002049999999999993,0.03294999999999999
MOBEAST040,T2,CCA,Table 2,2024-06-03,00:00:00,0.7166666666666667,Saccharospirillaceae,0.0213,DNA,NA,0,0.009100000000000009,0.01219999999999999
MOBEAST040,T2,CCA,Table 2,2024-06-03,00:00:00,0.7166666666666667,Saprospiraceae,4e-4,DNA,NA,0,4e-4,0
MOBEAST040,T2,CCA,Table 2,2024-06-03,00:00:00,0.7166666666666667,Sphingomonadaceae,3e-4,DNA,NA,0,3e-4,0
MOBEAST040,T2,CCA,Table 2,2024-06-03,00:00:00,0.7166666666666667,Spirochaetaceae,0,DNA,NA,0,0,0
MOBEAST040,T2,CCA,Table 2,2024-06-03,00:00:00,0.7166666666666667,Stappiaceae,5e-4,DNA,NA,0,5e-4,0
MOBEAST040,T2,CCA,Table 2,2024-06-03,00:00:00,0.7166666666666667,Terasakiellaceae,5e-4,DNA,NA,0,5e-4,0
MOBEAST040,T2,CCA,Table 2,2024-06-03,00:00:00,0.7166666666666667,Thiomicrospiraceae,0.0014,DNA,NA,0,0.0014,0
MOBEAST040,T2,CCA,Table 2,2024-06-03,00:00:00,0.7166666666666667,Vibrionaceae,0.0081,DNA,NA,0,0.006149999999999999,0.00195
MOBEAST040,T2,CCA,Table 2,2024-06-03,00:00:00,0.7166666666666667,Woesearchaeia_fa,0,DNA,NA,0,-8.5e-4,8.5e-4
MOBEAST040,T2,CCA,Table 2,2024-06-03,00:00:00,0.7166666666666667,uncultured_fa,1e-4,DNA,NA,0,-2.5e-4,3.5e-4
MOBEAST041,T3,Control,Table 2,2024-06-03,00:00:00,3.3333333333333335,het_bact,482.65,FCM,cell/µL,0,-8.25,490.9
MOBEAST041,T3,Control,Table 2,2024-06-03,00:00:00,3.3333333333333335,pico_euk,0.883,FCM,cell/µL,0,0.1665000000000001,0.7164999999999999
MOBEAST041,T3,Control,Table 2,2024-06-03,00:00:00,3.3333333333333335,syn,141.333,FCM,cell/µL,0,-11.800500000000028,153.13350000000003
MOBEAST041,T3,Control,Table 2,2024-06-03,00:00:00,3.3333333333333335,pro,21.217,FCM,cell/µL,0,1.6749999999999972,19.542
MOBEAST041,T3,Control,Table 2,2024-06-03,00:00:00,3.3333333333333335,tot_bact,645.2,FCM,cell/µL,0,-18.375,663.575
MOBEAST041,T3,Control,Table 2,2024-06-03,00:00:00,3.3333333333333335,cyano,162.55000000000007,FCM,cell/µL,0,-10.12549999999996,172.67550000000003
MOBEAST041,T3,Control,Table 2,2024-06-03,00:00:00,3.3333333333333335,chla_conc,0.0712,chla,µg/L,0,-0.022400000000000003,0.0936
MOBEAST041,T3,Control,Table 2,2024-06-03,00:00:00,3.3333333333333335,tn_u_m,12.9523727930205,DOC,µmol/L,0,1.5895964074336497,11.36277638558685
MOBEAST041,T3,Control,Table 2,2024-06-03,00:00:00,3.3333333333333335,coble_a,0.0126071041367188,fDOM,R.U.,0,-6.437329644466e-4,0.0132508371011654
MOBEAST041,T3,Control,Table 2,2024-06-03,00:00:00,3.3333333333333335,coble_b,0.0869774101817144,fDOM,R.U.,0,0.014106260954955055,0.07287114922675934
MOBEAST041,T3,Control,Table 2,2024-06-03,00:00:00,3.3333333333333335,coble_c,0.0105828289406039,fDOM,R.U.,0,0.0024756866326571397,0.00810714230794676
MOBEAST041,T3,Control,Table 2,2024-06-03,00:00:00,3.3333333333333335,coble_m,0.017219505441266,fDOM,R.U.,0,0.0010704397518191966,0.016149065689446802
MOBEAST041,T3,Control,Table 2,2024-06-03,00:00:00,3.3333333333333335,m_to_c,1.6271174312568435,fDOM,R.U.,0,-0.20570013851116364,1.8328175697680071
MOBEAST041,T3,Control,Table 2,2024-06-03,00:00:00,3.3333333333333335,bix,1.14541676255448,fDOM,R.U.,0,0.08607236234291404,1.059344400211566
MOBEAST041,T3,Control,Table 2,2024-06-03,00:00:00,3.3333333333333335,hix,0.254072774331337,fDOM,R.U.,0,-0.017570990714904478,0.2716437650462415
MOBEAST041,T3,Control,Table 2,2024-06-03,00:00:00,3.3333333333333335,fpeak,0.0605038728867394,fDOM,R.U.,0,0.036120642722396006,0.024383230164343392
MOBEAST041,T3,Control,Table 2,2024-06-03,00:00:00,3.3333333333333335,fi,1.90381481269911,fDOM,R.U.,0,-0.2785477313173055,2.1823625440164154
MOBEAST041,T3,Control,Table 2,2024-06-03,00:00:00,3.3333333333333335,NO2,0.2416087796,nutrients,µmol/L,0,0.05999062369999997,0.18161815590000002
MOBEAST041,T3,Control,Table 2,2024-06-03,00:00:00,3.3333333333333335,PO4,0.1219384157,nutrients,µmol/L,0,0.013026875999999993,0.1089115397
MOBEAST041,T3,Control,Table 2,2024-06-03,00:00:00,3.3333333333333335,SiO2,0.3034388621,nutrients,µmol/L,0,0.13852643705,0.16491242504999998
MOBEAST041,T3,Control,Table 2,2024-06-03,00:00:00,3.3333333333333335,NH3,6.178327865,nutrients,µmol/L,0,5.284126067,0.894201798
MOBEAST041,T3,Control,Table 2,2024-06-03,00:00:00,3.3333333333333335,ph_diff,-0.00894568780357474,carbonate,NA,0,-0.00894568780357474,0
MOBEAST041,T3,Control,Table 2,2024-06-03,00:00:00,3.3333333333333335,delta_ta,-7.086999999999989,carbonate,NA,0,-7.086999999999989,0
MOBEAST041,T3,Control,Table 2,2024-06-03,00:00:00,3.3333333333333335,do_mg_l,3.69,residence time,NA,0,NA,NA
MOBEAST041,T3,Control,Table 2,2024-06-03,00:00:00,3.3333333333333335,ta,2356.603,carbonate,NA,0,0.0029999999997016857,2356.6000000000004
MOBEAST041,T3,Control,Table 2,2024-06-03,00:00:00,3.3333333333333335,dic_mmol_kg,2013.708792395615,residence time,NA,0,NA,NA
MOBEAST041,T3,Control,Table 2,2024-06-03,00:00:00,3.3333333333333335,ph,8.036709940147778,carbonate,NA,0,0.015588350582836696,8.021121589564942
MOBEAST041,T3,Control,Table 2,2024-06-03,00:00:00,3.3333333333333335,AEGEAN-169_marine_group,0.0191,DNA,NA,0,0.0025499999999999967,0.016550000000000002
MOBEAST041,T3,Control,Table 2,2024-06-03,00:00:00,3.3333333333333335,Actinomarinaceae,0.0071,DNA,NA,0,-0.011600000000000001,0.0187
MOBEAST041,T3,Control,Table 2,2024-06-03,00:00:00,3.3333333333333335,Alcanivoracaceae,3e-4,DNA,NA,0,3e-4,0
MOBEAST041,T3,Control,Table 2,2024-06-03,00:00:00,3.3333333333333335,Alphaproteobacteria_unclassified,0,DNA,NA,0,-1e-4,1e-4
MOBEAST041,T3,Control,Table 2,2024-06-03,00:00:00,3.3333333333333335,Alteromonadales_unclassified,0,DNA,NA,0,0,0
MOBEAST041,T3,Control,Table 2,2024-06-03,00:00:00,3.3333333333333335,Anaerolineae_unclassified,0,DNA,NA,0,-3.5e-4,3.5e-4
MOBEAST041,T3,Control,Table 2,2024-06-03,00:00:00,3.3333333333333335,Arcobacteraceae,0,DNA,NA,0,-3.5e-4,3.5e-4
MOBEAST041,T3,Control,Table 2,2024-06-03,00:00:00,3.3333333333333335,Arctic97B-4_marine_group_fa,0.0025,DNA,NA,0,-5.999999999999951e-4,0.003099999999999995
MOBEAST041,T3,Control,Table 2,2024-06-03,00:00:00,3.3333333333333335,Arenicellaceae,6.000000000000001e-4,DNA,NA,0,6.000000000000001e-4,0
MOBEAST041,T3,Control,Table 2,2024-06-03,00:00:00,3.3333333333333335,Bacteria_unclassified,1e-4,DNA,NA,0,1e-4,0
MOBEAST041,T3,Control,Table 2,2024-06-03,00:00:00,3.3333333333333335,Bacteriovoracaceae,2e-4,DNA,NA,0,1e-4,1e-4
MOBEAST041,T3,Control,Table 2,2024-06-03,00:00:00,3.3333333333333335,Bacteroidales_unclassified,0,DNA,NA,0,0,0
MOBEAST041,T3,Control,Table 2,2024-06-03,00:00:00,3.3333333333333335,Bacteroidetes_BD2-2,0,DNA,NA,0,0,0
MOBEAST041,T3,Control,Table 2,2024-06-03,00:00:00,3.3333333333333335,Bacteroidia_unclassified,0,DNA,NA,0,0,0
MOBEAST041,T3,Control,Table 2,2024-06-03,00:00:00,3.3333333333333335,Bradymonadales_fa,0,DNA,NA,0,0,0
MOBEAST041,T3,Control,Table 2,2024-06-03,00:00:00,3.3333333333333335,Campylobacterales_unclassified,0,DNA,NA,0,0,0
MOBEAST041,T3,Control,Table 2,2024-06-03,00:00:00,3.3333333333333335,Campylobacteria_unclassified,0,DNA,NA,0,0,0
MOBEAST041,T3,Control,Table 2,2024-06-03,00:00:00,3.3333333333333335,Cellvibrionaceae,0.0112,DNA,NA,0,0.008199999999999999,0.003
MOBEAST041,T3,Control,Table 2,2024-06-03,00:00:00,3.3333333333333335,Clade_I,0.022,DNA,NA,0,-0.0027500000000000024,0.02475
MOBEAST041,T3,Control,Table 2,2024-06-03,00:00:00,3.3333333333333335,Clade_II,0.0091,DNA,NA,0,0.007600000000000001,0.0015
MOBEAST041,T3,Control,Table 2,2024-06-03,00:00:00,3.3333333333333335,Clade_IV,7e-4,DNA,NA,0,-1.9999999999999998e-4,9e-4
MOBEAST041,T3,Control,Table 2,2024-06-03,00:00:00,3.3333333333333335,Colwelliaceae,0,DNA,NA,0,0,0
MOBEAST041,T3,Control,Table 2,2024-06-03,00:00:00,3.3333333333333335,Cryomorphaceae,0.0035,DNA,NA,0,-0.0063999999999999994,0.009899999999999999
MOBEAST041,T3,Control,Table 2,2024-06-03,00:00:00,3.3333333333333335,Cyanobiaceae,0.2922,DNA,NA,0,-0.16649999999999998,0.4587
MOBEAST041,T3,Control,Table 2,2024-06-03,00:00:00,3.3333333333333335,Cyclobacteriaceae,7e-4,DNA,NA,0,0,7e-4
MOBEAST041,T3,Control,Table 2,2024-06-03,00:00:00,3.3333333333333335,Deltaproteobacteria_unclassified,0,DNA,NA,0,0,0
MOBEAST041,T3,Control,Table 2,2024-06-03,00:00:00,3.3333333333333335,Desulfovibrionaceae,0,DNA,NA,0,0,0
MOBEAST041,T3,Control,Table 2,2024-06-03,00:00:00,3.3333333333333335,Desulfuromonadaceae,0,DNA,NA,0,0,0
MOBEAST041,T3,Control,Table 2,2024-06-03,00:00:00,3.3333333333333335,Ectothiorhodospiraceae,0.0011,DNA,NA,0,9.000000000000001e-4,2e-4
MOBEAST041,T3,Control,Table 2,2024-06-03,00:00:00,3.3333333333333335,Endozoicomonadaceae,0,DNA,NA,0,-7.999999999999999e-4,7.999999999999999e-4
MOBEAST041,T3,Control,Table 2,2024-06-03,00:00:00,3.3333333333333335,Flavobacteriaceae,0.0449,DNA,NA,0,-0.011250000000000003,0.056150000000000005
MOBEAST041,T3,Control,Table 2,2024-06-03,00:00:00,3.3333333333333335,Francisellaceae,0,DNA,NA,0,0,0
MOBEAST041,T3,Control,Table 2,2024-06-03,00:00:00,3.3333333333333335,Gammaproteobacteria_unclassified,0.00319999999999999,DNA,NA,0,-0.0012500000000000046,0.004449999999999995
MOBEAST041,T3,Control,Table 2,2024-06-03,00:00:00,3.3333333333333335,Halieaceae,0.01509999999999999,DNA,NA,0,-0.002050000000000005,0.017149999999999995
MOBEAST041,T3,Control,Table 2,2024-06-03,00:00:00,3.3333333333333335,Halomonadaceae,0.0016,DNA,NA,0,0.0016,0
MOBEAST041,T3,Control,Table 2,2024-06-03,00:00:00,3.3333333333333335,Helicobacteraceae,0,DNA,NA,0,0,0
MOBEAST041,T3,Control,Table 2,2024-06-03,00:00:00,3.3333333333333335,Hyphomonadaceae,0.0026,DNA,NA,0,0.0026,0
MOBEAST041,T3,Control,Table 2,2024-06-03,00:00:00,3.3333333333333335,Idiomarinaceae,8e-4,DNA,NA,0,8e-4,0
MOBEAST041,T3,Control,Table 2,2024-06-03,00:00:00,3.3333333333333335,JGI_0000069-P22_fa,4e-4,DNA,NA,0,-0.0039499999999999995,0.00435
MOBEAST041,T3,Control,Table 2,2024-06-03,00:00:00,3.3333333333333335,KI89A_clade_fa,2e-4,DNA,NA,0,-4.5e-4,6.5e-4
MOBEAST041,T3,Control,Table 2,2024-06-03,00:00:00,3.3333333333333335,Kiritimatiellaceae,0,DNA,NA,0,0,0
MOBEAST041,T3,Control,Table 2,2024-06-03,00:00:00,3.3333333333333335,Leptotrichiaceae,0,DNA,NA,0,0,0
MOBEAST041,T3,Control,Table 2,2024-06-03,00:00:00,3.3333333333333335,Litoricolaceae,0.005,DNA,NA,0,0.00135,0.00365
MOBEAST041,T3,Control,Table 2,2024-06-03,00:00:00,3.3333333333333335,Marine_Group_II_fa,0.0252,DNA,NA,0,-0.009800000000000003,0.035
MOBEAST041,T3,Control,Table 2,2024-06-03,00:00:00,3.3333333333333335,Marinifilaceae,0,DNA,NA,0,0,0
MOBEAST041,T3,Control,Table 2,2024-06-03,00:00:00,3.3333333333333335,Marinilabiliaceae,0,DNA,NA,0,0,0
MOBEAST041,T3,Control,Table 2,2024-06-03,00:00:00,3.3333333333333335,Marinimicrobia_(SAR406_clade)_fa,0.0057,DNA,NA,0,-1.499999999999991e-4,0.005849999999999999
MOBEAST041,T3,Control,Table 2,2024-06-03,00:00:00,3.3333333333333335,Marinobacteraceae,5e-4,DNA,NA,0,5e-4,0
MOBEAST041,T3,Control,Table 2,2024-06-03,00:00:00,3.3333333333333335,Methylophilaceae,0.0049,DNA,NA,0,0.0012499999999999998,0.00365
MOBEAST041,T3,Control,Table 2,2024-06-03,00:00:00,3.3333333333333335,Micavibrionaceae,2e-4,DNA,NA,0,2e-4,0
MOBEAST041,T3,Control,Table 2,2024-06-03,00:00:00,3.3333333333333335,Microtrichaceae,0.0026,DNA,NA,0,1.4999999999999996e-4,0.00245
MOBEAST041,T3,Control,Table 2,2024-06-03,00:00:00,3.3333333333333335,Moraxellaceae,0,DNA,NA,0,0,0
MOBEAST041,T3,Control,Table 2,2024-06-03,00:00:00,3.3333333333333335,NS7_marine_group,6e-4,DNA,NA,0,-5.000000000000002e-5,6.5e-4
MOBEAST041,T3,Control,Table 2,2024-06-03,00:00:00,3.3333333333333335,NS9_marine_group,0.0017,DNA,NA,0,-0.0033499999999999997,0.00505
MOBEAST041,T3,Control,Table 2,2024-06-03,00:00:00,3.3333333333333335,Nannocystaceae,1e-4,DNA,NA,0,-4.999999999999999e-4,6e-4
MOBEAST041,T3,Control,Table 2,2024-06-03,00:00:00,3.3333333333333335,Nitrincolaceae,0.0127,DNA,NA,0,0.008850000000000004,0.003849999999999995
MOBEAST041,T3,Control,Table 2,2024-06-03,00:00:00,3.3333333333333335,Nitrosopumilaceae,2e-4,DNA,NA,0,-3.0000000000000003e-4,5e-4
MOBEAST041,T3,Control,Table 2,2024-06-03,00:00:00,3.3333333333333335,OM182_clade_fa,0.0027,DNA,NA,0,-0.00115,0.00385
MOBEAST041,T3,Control,Table 2,2024-06-03,00:00:00,3.3333333333333335,Oleiphilaceae,0.0016,DNA,NA,0,5.000000000000013e-5,0.00155
MOBEAST041,T3,Control,Table 2,2024-06-03,00:00:00,3.3333333333333335,Oligoflexaceae,4e-4,DNA,NA,0,-1.499999999999999e-4,5.499999999999999e-4
MOBEAST041,T3,Control,Table 2,2024-06-03,00:00:00,3.3333333333333335,Pirellulaceae,0.0026,DNA,NA,0,-0.0018999999999999998,0.0045
MOBEAST041,T3,Control,Table 2,2024-06-03,00:00:00,3.3333333333333335,Piscirickettsiaceae,0,DNA,NA,0,-2e-4,2e-4
MOBEAST041,T3,Control,Table 2,2024-06-03,00:00:00,3.3333333333333335,Prolixibacteraceae,0,DNA,NA,0,0,0
MOBEAST041,T3,Control,Table 2,2024-06-03,00:00:00,3.3333333333333335,Proteobacteria_unclassified,0.0011,DNA,NA,0,-0.0014500000000000001,0.00255
MOBEAST041,T3,Control,Table 2,2024-06-03,00:00:00,3.3333333333333335,Pseudohongiellaceae,0.0011,DNA,NA,0,-5.499999999999999e-4,0.00165
MOBEAST041,T3,Control,Table 2,2024-06-03,00:00:00,3.3333333333333335,Pseudomonadaceae,0.0061,DNA,NA,0,0.0061,0
MOBEAST041,T3,Control,Table 2,2024-06-03,00:00:00,3.3333333333333335,Puniceicoccaceae,0,DNA,NA,0,0,0
MOBEAST041,T3,Control,Table 2,2024-06-03,00:00:00,3.3333333333333335,Rhizobiaceae,0,DNA,NA,0,0,0
MOBEAST041,T3,Control,Table 2,2024-06-03,00:00:00,3.3333333333333335,Rhodobacteraceae,0.0683,DNA,NA,0,-0.012149999999999994,0.08045
MOBEAST041,T3,Control,Table 2,2024-06-03,00:00:00,3.3333333333333335,Rhodospirillaceae,0,DNA,NA,0,0,0
MOBEAST041,T3,Control,Table 2,2024-06-03,00:00:00,3.3333333333333335,Rubinisphaeraceae,4e-4,DNA,NA,0,-9.500000000000001e-4,0.00135
MOBEAST041,T3,Control,Table 2,2024-06-03,00:00:00,3.3333333333333335,S25-593,0.0011,DNA,NA,0,-3.4999999999999983e-4,0.00145
MOBEAST041,T3,Control,Table 2,2024-06-03,00:00:00,3.3333333333333335,SAR116_clade,0.0295,DNA,NA,0,-0.0121,0.0416
MOBEAST041,T3,Control,Table 2,2024-06-03,00:00:00,3.3333333333333335,SAR202_clade_fa,3e-4,DNA,NA,0,1.5e-4,1.5e-4
MOBEAST041,T3,Control,Table 2,2024-06-03,00:00:00,3.3333333333333335,SAR324_clade(Marine_group_B)_fa,6e-4,DNA,NA,0,9.999999999999994e-5,5e-4
MOBEAST041,T3,Control,Table 2,2024-06-03,00:00:00,3.3333333333333335,SAR86_clade_fa,0.0322,DNA,NA,0,-7.499999999999937e-4,0.03294999999999999
MOBEAST041,T3,Control,Table 2,2024-06-03,00:00:00,3.3333333333333335,Saccharospirillaceae,0.0282,DNA,NA,0,0.016000000000000007,0.01219999999999999
MOBEAST041,T3,Control,Table 2,2024-06-03,00:00:00,3.3333333333333335,Saprospiraceae,0,DNA,NA,0,0,0
MOBEAST041,T3,Control,Table 2,2024-06-03,00:00:00,3.3333333333333335,Sphingomonadaceae,0,DNA,NA,0,0,0
MOBEAST041,T3,Control,Table 2,2024-06-03,00:00:00,3.3333333333333335,Spirochaetaceae,0,DNA,NA,0,0,0
MOBEAST041,T3,Control,Table 2,2024-06-03,00:00:00,3.3333333333333335,Spongiibacteraceae,0,DNA,NA,0,0,0
MOBEAST041,T3,Control,Table 2,2024-06-03,00:00:00,3.3333333333333335,Stappiaceae,0,DNA,NA,0,0,0
MOBEAST041,T3,Control,Table 2,2024-06-03,00:00:00,3.3333333333333335,Terasakiellaceae,0,DNA,NA,0,0,0
MOBEAST041,T3,Control,Table 2,2024-06-03,00:00:00,3.3333333333333335,Thalassospiraceae,0,DNA,NA,0,0,0
MOBEAST041,T3,Control,Table 2,2024-06-03,00:00:00,3.3333333333333335,Thiomicrospiraceae,0,DNA,NA,0,0,0
MOBEAST041,T3,Control,Table 2,2024-06-03,00:00:00,3.3333333333333335,Vibrionaceae,0.0131,DNA,NA,0,0.01115,0.00195
MOBEAST041,T3,Control,Table 2,2024-06-03,00:00:00,3.3333333333333335,Woesearchaeia_fa,1e-4,DNA,NA,0,-7.499999999999999e-4,8.5e-4
MOBEAST041,T3,Control,Table 2,2024-06-03,00:00:00,3.3333333333333335,uncultured_fa,1e-4,DNA,NA,0,-2.5e-4,3.5e-4
MOBEAST042,T4,Algae,Table 2,2024-06-03,00:00:00,3.9833333333333334,het_bact,578.15,FCM,cell/µL,0,87.25,490.9
MOBEAST042,T4,Algae,Table 2,2024-06-03,00:00:00,3.9833333333333334,pico_euk,0.833,FCM,cell/µL,0,0.11650000000000005,0.7164999999999999
MOBEAST042,T4,Algae,Table 2,2024-06-03,00:00:00,3.9833333333333334,syn,142.983,FCM,cell/µL,0,-10.150500000000022,153.13350000000003
MOBEAST042,T4,Algae,Table 2,2024-06-03,00:00:00,3.9833333333333334,pro,17.65,FCM,cell/µL,0,-1.892000000000003,19.542
MOBEAST042,T4,Algae,Table 2,2024-06-03,00:00:00,3.9833333333333334,tot_bact,738.783,FCM,cell/µL,0,75.20799999999997,663.575
MOBEAST042,T4,Algae,Table 2,2024-06-03,00:00:00,3.9833333333333334,cyano,160.63300000000004,FCM,cell/µL,0,-12.04249999999999,172.67550000000003
MOBEAST042,T4,Algae,Table 2,2024-06-03,00:00:00,3.9833333333333334,chla_conc,0.0312,chla,µg/L,0,-0.062400000000000004,0.0936
MOBEAST042,T4,Algae,Table 2,2024-06-03,00:00:00,3.9833333333333334,tn_u_m,10.1737025851914,DOC,µmol/L,0,-1.18907380039545,11.36277638558685
MOBEAST042,T4,Algae,Table 2,2024-06-03,00:00:00,3.9833333333333334,coble_a,0.0149262566994344,fDOM,R.U.,0,0.0016754195982689995,0.0132508371011654
MOBEAST042,T4,Algae,Table 2,2024-06-03,00:00:00,3.9833333333333334,coble_b,0.087451604921005,fDOM,R.U.,0,0.014580455694245653,0.07287114922675934
MOBEAST042,T4,Algae,Table 2,2024-06-03,00:00:00,3.9833333333333334,coble_c,0.0136141916735358,fDOM,R.U.,0,0.00550704936558904,0.00810714230794676
MOBEAST042,T4,Algae,Table 2,2024-06-03,00:00:00,3.9833333333333334,coble_m,0.0187915309736933,fDOM,R.U.,0,0.002642465284246498,0.016149065689446802
MOBEAST042,T4,Algae,Table 2,2024-06-03,00:00:00,3.9833333333333334,coble_t,0.111917214862574,fDOM,R.U.,0,-0.044613171153201014,0.156530386015775
MOBEAST042,T4,Algae,Table 2,2024-06-03,00:00:00,3.9833333333333334,m_to_c,1.380289878702205,fDOM,R.U.,0,-0.45252769106580204,1.8328175697680071
MOBEAST042,T4,Algae,Table 2,2024-06-03,00:00:00,3.9833333333333334,bix,0.856769673677748,fDOM,R.U.,0,-0.20257472653381792,1.059344400211566
MOBEAST042,T4,Algae,Table 2,2024-06-03,00:00:00,3.9833333333333334,hix,0.432784934398711,fDOM,R.U.,0,0.16114116935246953,0.2716437650462415
MOBEAST042,T4,Algae,Table 2,2024-06-03,00:00:00,3.9833333333333334,fpeak,0.037097364555353,fDOM,R.U.,0,0.012714134391009609,0.024383230164343392
MOBEAST042,T4,Algae,Table 2,2024-06-03,00:00:00,3.9833333333333334,fi,1.79101587634539,fDOM,R.U.,0,-0.39134666767102533,2.1823625440164154
MOBEAST042,T4,Algae,Table 2,2024-06-03,00:00:00,3.9833333333333334,lignin,0.059382487151877,fDOM,R.U.,0,NA,NA
MOBEAST042,T4,Algae,Table 2,2024-06-03,00:00:00,3.9833333333333334,N_N,0.911,nutrients,µmol/L,0,0.16800000000000004,0.743
MOBEAST042,T4,Algae,Table 2,2024-06-03,00:00:00,3.9833333333333334,NO2,0.07460963402,nutrients,µmol/L,0,-0.10700852188000003,0.18161815590000002
MOBEAST042,T4,Algae,Table 2,2024-06-03,00:00:00,3.9833333333333334,PO4,0.1474436677,nutrients,µmol/L,0,0.038532128,0.1089115397
MOBEAST042,T4,Algae,Table 2,2024-06-03,00:00:00,3.9833333333333334,SiO2,0.2563210264,nutrients,µmol/L,0,0.09140860135000001,0.16491242504999998
MOBEAST042,T4,Algae,Table 2,2024-06-03,00:00:00,3.9833333333333334,NH3,0.7314018373,nutrients,µmol/L,0,-0.16279996070000002,0.894201798
MOBEAST042,T4,Algae,Table 2,2024-06-03,00:00:00,3.9833333333333334,NO3,0.83639036598,nutrients,µmol/L,0,0.2884422070800001,0.5479481588999999
MOBEAST042,T4,Algae,Table 2,2024-06-03,00:00:00,3.9833333333333334,ph_diff,-0.08263167461438048,carbonate,NA,0,-0.08263167461438048,0
MOBEAST042,T4,Algae,Table 2,2024-06-03,00:00:00,3.9833333333333334,do_mg_l,3.69,residence time,NA,0,NA,NA
MOBEAST042,T4,Algae,Table 2,2024-06-03,00:00:00,3.9833333333333334,dic_mmol_kg,2152.859873773612,residence time,NA,0,NA,NA
MOBEAST042,T4,Algae,Table 2,2024-06-03,00:00:00,3.9833333333333334,ph,7.963576464992464,carbonate,NA,0,-0.057545124572477846,8.021121589564942
MOBEAST042,T4,Algae,Table 2,2024-06-03,00:00:00,3.9833333333333334,AEGEAN-169_marine_group,0.0125,DNA,NA,0,-0.0040500000000000015,0.016550000000000002
MOBEAST042,T4,Algae,Table 2,2024-06-03,00:00:00,3.9833333333333334,Actinomarinaceae,0.0079,DNA,NA,0,-0.0108,0.0187
MOBEAST042,T4,Algae,Table 2,2024-06-03,00:00:00,3.9833333333333334,Alcanivoracaceae,1e-4,DNA,NA,0,1e-4,0
MOBEAST042,T4,Algae,Table 2,2024-06-03,00:00:00,3.9833333333333334,Alphaproteobacteria_unclassified,0.0168,DNA,NA,0,0.0167,1e-4
MOBEAST042,T4,Algae,Table 2,2024-06-03,00:00:00,3.9833333333333334,Alteromonadaceae,0.0234,DNA,NA,0,-0.054000000000000006,0.07740000000000001
MOBEAST042,T4,Algae,Table 2,2024-06-03,00:00:00,3.9833333333333334,Alteromonadales_unclassified,0.0243,DNA,NA,0,0.0243,0
MOBEAST042,T4,Algae,Table 2,2024-06-03,00:00:00,3.9833333333333334,Arctic97B-4_marine_group_fa,8e-4,DNA,NA,0,-0.002299999999999995,0.003099999999999995
MOBEAST042,T4,Algae,Table 2,2024-06-03,00:00:00,3.9833333333333334,Arenicellaceae,0.003,DNA,NA,0,0.003,0
MOBEAST042,T4,Algae,Table 2,2024-06-03,00:00:00,3.9833333333333334,Bacteria_unclassified,0,DNA,NA,0,0,0
MOBEAST042,T4,Algae,Table 2,2024-06-03,00:00:00,3.9833333333333334,Bacteriovoracaceae,0.0052,DNA,NA,0,0.0050999999999999995,1e-4
MOBEAST042,T4,Algae,Table 2,2024-06-03,00:00:00,3.9833333333333334,Bacteroidales_unclassified,0,DNA,NA,0,0,0
MOBEAST042,T4,Algae,Table 2,2024-06-03,00:00:00,3.9833333333333334,Bacteroidetes_BD2-2,9e-4,DNA,NA,0,9e-4,0
MOBEAST042,T4,Algae,Table 2,2024-06-03,00:00:00,3.9833333333333334,Bacteroidia_unclassified,3e-4,DNA,NA,0,3e-4,0
MOBEAST042,T4,Algae,Table 2,2024-06-03,00:00:00,3.9833333333333334,Bradymonadales_fa,0,DNA,NA,0,0,0
MOBEAST042,T4,Algae,Table 2,2024-06-03,00:00:00,3.9833333333333334,Campylobacterales_unclassified,2e-4,DNA,NA,0,2e-4,0
MOBEAST042,T4,Algae,Table 2,2024-06-03,00:00:00,3.9833333333333334,Campylobacteria_unclassified,0,DNA,NA,0,0,0
MOBEAST042,T4,Algae,Table 2,2024-06-03,00:00:00,3.9833333333333334,Cellvibrionaceae,0.00279999999999999,DNA,NA,0,-2.0000000000001007e-4,0.003
MOBEAST042,T4,Algae,Table 2,2024-06-03,00:00:00,3.9833333333333334,Clade_I,0.0163,DNA,NA,0,-0.008450000000000003,0.02475
MOBEAST042,T4,Algae,Table 2,2024-06-03,00:00:00,3.9833333333333334,Clade_II,0.0064,DNA,NA,0,0.0049,0.0015
MOBEAST042,T4,Algae,Table 2,2024-06-03,00:00:00,3.9833333333333334,Clade_IV,2e-4,DNA,NA,0,-7e-4,9e-4
MOBEAST042,T4,Algae,Table 2,2024-06-03,00:00:00,3.9833333333333334,Colwelliaceae,6e-4,DNA,NA,0,6e-4,0
MOBEAST042,T4,Algae,Table 2,2024-06-03,00:00:00,3.9833333333333334,Cryomorphaceae,0.0044,DNA,NA,0,-0.005499999999999999,0.009899999999999999
MOBEAST042,T4,Algae,Table 2,2024-06-03,00:00:00,3.9833333333333334,Cyanobiaceae,0.2546,DNA,NA,0,-0.2041,0.4587
MOBEAST042,T4,Algae,Table 2,2024-06-03,00:00:00,3.9833333333333334,Cyclobacteriaceae,3e-4,DNA,NA,0,-4e-4,7e-4
MOBEAST042,T4,Algae,Table 2,2024-06-03,00:00:00,3.9833333333333334,Deltaproteobacteria_unclassified,0,DNA,NA,0,0,0
MOBEAST042,T4,Algae,Table 2,2024-06-03,00:00:00,3.9833333333333334,Desulfovibrionaceae,0.0027,DNA,NA,0,0.0027,0
MOBEAST042,T4,Algae,Table 2,2024-06-03,00:00:00,3.9833333333333334,Desulfuromonadaceae,0.0023,DNA,NA,0,0.0023,0
MOBEAST042,T4,Algae,Table 2,2024-06-03,00:00:00,3.9833333333333334,Ectothiorhodospiraceae,7e-4,DNA,NA,0,5e-4,2e-4
MOBEAST042,T4,Algae,Table 2,2024-06-03,00:00:00,3.9833333333333334,Endozoicomonadaceae,0,DNA,NA,0,-7.999999999999999e-4,7.999999999999999e-4
MOBEAST042,T4,Algae,Table 2,2024-06-03,00:00:00,3.9833333333333334,Flavobacteriaceae,0.0371,DNA,NA,0,-0.019050000000000004,0.056150000000000005
MOBEAST042,T4,Algae,Table 2,2024-06-03,00:00:00,3.9833333333333334,Gammaproteobacteria_unclassified,0.0042,DNA,NA,0,-2.49999999999995e-4,0.004449999999999995
MOBEAST042,T4,Algae,Table 2,2024-06-03,00:00:00,3.9833333333333334,Halieaceae,0.0065,DNA,NA,0,-0.010649999999999996,0.017149999999999995
MOBEAST042,T4,Algae,Table 2,2024-06-03,00:00:00,3.9833333333333334,Halomonadaceae,4e-4,DNA,NA,0,4e-4,0
MOBEAST042,T4,Algae,Table 2,2024-06-03,00:00:00,3.9833333333333334,Hyphomonadaceae,9e-4,DNA,NA,0,9e-4,0
MOBEAST042,T4,Algae,Table 2,2024-06-03,00:00:00,3.9833333333333334,Idiomarinaceae,0,DNA,NA,0,0,0
MOBEAST042,T4,Algae,Table 2,2024-06-03,00:00:00,3.9833333333333334,JGI_0000069-P22_fa,1e-4,DNA,NA,0,-0.0042499999999999994,0.00435
MOBEAST042,T4,Algae,Table 2,2024-06-03,00:00:00,3.9833333333333334,KI89A_clade_fa,0,DNA,NA,0,-6.5e-4,6.5e-4
MOBEAST042,T4,Algae,Table 2,2024-06-03,00:00:00,3.9833333333333334,Kiritimatiellaceae,0.0025,DNA,NA,0,0.0025,0
MOBEAST042,T4,Algae,Table 2,2024-06-03,00:00:00,3.9833333333333334,Leptotrichiaceae,0.0012,DNA,NA,0,0.0012,0
MOBEAST042,T4,Algae,Table 2,2024-06-03,00:00:00,3.9833333333333334,Litoricolaceae,0.0023,DNA,NA,0,-0.00135,0.00365
MOBEAST042,T4,Algae,Table 2,2024-06-03,00:00:00,3.9833333333333334,Marine_Group_II_fa,0.0237,DNA,NA,0,-0.011300000000000004,0.035
MOBEAST042,T4,Algae,Table 2,2024-06-03,00:00:00,3.9833333333333334,Marinifilaceae,0,DNA,NA,0,0,0
MOBEAST042,T4,Algae,Table 2,2024-06-03,00:00:00,3.9833333333333334,Marinilabiliaceae,0.0033,DNA,NA,0,0.0033,0
MOBEAST042,T4,Algae,Table 2,2024-06-03,00:00:00,3.9833333333333334,Marinimicrobia_(SAR406_clade)_fa,0.0038,DNA,NA,0,-0.0020499999999999993,0.005849999999999999
MOBEAST042,T4,Algae,Table 2,2024-06-03,00:00:00,3.9833333333333334,Marinobacteraceae,0,DNA,NA,0,0,0
MOBEAST042,T4,Algae,Table 2,2024-06-03,00:00:00,3.9833333333333334,Marinomonadaceae,0,DNA,NA,0,0,0
MOBEAST042,T4,Algae,Table 2,2024-06-03,00:00:00,3.9833333333333334,Methylophilaceae,0.0016,DNA,NA,0,-0.0020499999999999997,0.00365
MOBEAST042,T4,Algae,Table 2,2024-06-03,00:00:00,3.9833333333333334,Micavibrionaceae,2e-4,DNA,NA,0,2e-4,0
MOBEAST042,T4,Algae,Table 2,2024-06-03,00:00:00,3.9833333333333334,Microtrichaceae,0.0027,DNA,NA,0,2.500000000000002e-4,0.00245
MOBEAST042,T4,Algae,Table 2,2024-06-03,00:00:00,3.9833333333333334,Moraxellaceae,0,DNA,NA,0,0,0
MOBEAST042,T4,Algae,Table 2,2024-06-03,00:00:00,3.9833333333333334,NS7_marine_group,6e-4,DNA,NA,0,-5.000000000000002e-5,6.5e-4
MOBEAST042,T4,Algae,Table 2,2024-06-03,00:00:00,3.9833333333333334,NS9_marine_group,0.0015,DNA,NA,0,-0.0035499999999999998,0.00505
MOBEAST042,T4,Algae,Table 2,2024-06-03,00:00:00,3.9833333333333334,Nannocystaceae,1e-4,DNA,NA,0,-4.999999999999999e-4,6e-4
MOBEAST042,T4,Algae,Table 2,2024-06-03,00:00:00,3.9833333333333334,Nitrincolaceae,0.0326,DNA,NA,0,0.02875,0.003849999999999995
MOBEAST042,T4,Algae,Table 2,2024-06-03,00:00:00,3.9833333333333334,Nitrosopumilaceae,4e-4,DNA,NA,0,-9.999999999999999e-5,5e-4
MOBEAST042,T4,Algae,Table 2,2024-06-03,00:00:00,3.9833333333333334,OM182_clade_fa,9e-4,DNA,NA,0,-0.0029500000000000004,0.00385
MOBEAST042,T4,Algae,Table 2,2024-06-03,00:00:00,3.9833333333333334,Oleiphilaceae,8e-4,DNA,NA,0,-7.499999999999999e-4,0.00155
MOBEAST042,T4,Algae,Table 2,2024-06-03,00:00:00,3.9833333333333334,Oligoflexaceae,7e-4,DNA,NA,0,1.5000000000000007e-4,5.499999999999999e-4
MOBEAST042,T4,Algae,Table 2,2024-06-03,00:00:00,3.9833333333333334,Pirellulaceae,0.0014,DNA,NA,0,-0.0030999999999999995,0.0045
MOBEAST042,T4,Algae,Table 2,2024-06-03,00:00:00,3.9833333333333334,Piscirickettsiaceae,0,DNA,NA,0,-2e-4,2e-4
MOBEAST042,T4,Algae,Table 2,2024-06-03,00:00:00,3.9833333333333334,Prolixibacteraceae,0,DNA,NA,0,0,0
MOBEAST042,T4,Algae,Table 2,2024-06-03,00:00:00,3.9833333333333334,Proteobacteria_unclassified,0.0029,DNA,NA,0,3.499999999999996e-4,0.00255
MOBEAST042,T4,Algae,Table 2,2024-06-03,00:00:00,3.9833333333333334,Pseudoalteromonadaceae,0.0019,DNA,NA,0,0.00125,6.5e-4
MOBEAST042,T4,Algae,Table 2,2024-06-03,00:00:00,3.9833333333333334,Pseudohongiellaceae,6e-4,DNA,NA,0,-0.0010500000000000002,0.00165
MOBEAST042,T4,Algae,Table 2,2024-06-03,00:00:00,3.9833333333333334,Pseudomonadaceae,0.0012,DNA,NA,0,0.0012,0
MOBEAST042,T4,Algae,Table 2,2024-06-03,00:00:00,3.9833333333333334,Puniceicoccaceae,0,DNA,NA,0,0,0
MOBEAST042,T4,Algae,Table 2,2024-06-03,00:00:00,3.9833333333333334,Rhizobiaceae,3e-4,DNA,NA,0,3e-4,0
MOBEAST042,T4,Algae,Table 2,2024-06-03,00:00:00,3.9833333333333334,Rhodobacteraceae,0.12980000000000003,DNA,NA,0,0.04935000000000003,0.08045
MOBEAST042,T4,Algae,Table 2,2024-06-03,00:00:00,3.9833333333333334,Rhodospirillaceae,7e-4,DNA,NA,0,7e-4,0
MOBEAST042,T4,Algae,Table 2,2024-06-03,00:00:00,3.9833333333333334,Rubinisphaeraceae,5e-4,DNA,NA,0,-8.500000000000001e-4,0.00135
MOBEAST042,T4,Algae,Table 2,2024-06-03,00:00:00,3.9833333333333334,S25-593,5e-4,DNA,NA,0,-9.499999999999999e-4,0.00145
MOBEAST042,T4,Algae,Table 2,2024-06-03,00:00:00,3.9833333333333334,SAR116_clade,0.0158,DNA,NA,0,-0.025799999999999997,0.0416
MOBEAST042,T4,Algae,Table 2,2024-06-03,00:00:00,3.9833333333333334,SAR202_clade_fa,4e-4,DNA,NA,0,2.5e-4,1.5e-4
MOBEAST042,T4,Algae,Table 2,2024-06-03,00:00:00,3.9833333333333334,SAR324_clade(Marine_group_B)_fa,6.000000000000001e-4,DNA,NA,0,1.0000000000000005e-4,5e-4
MOBEAST042,T4,Algae,Table 2,2024-06-03,00:00:00,3.9833333333333334,SAR86_clade_fa,0.0188,DNA,NA,0,-0.014149999999999992,0.03294999999999999
MOBEAST042,T4,Algae,Table 2,2024-06-03,00:00:00,3.9833333333333334,Saccharospirillaceae,0.0195,DNA,NA,0,0.00730000000000001,0.01219999999999999
MOBEAST042,T4,Algae,Table 2,2024-06-03,00:00:00,3.9833333333333334,Saprospiraceae,7e-4,DNA,NA,0,7e-4,0
MOBEAST042,T4,Algae,Table 2,2024-06-03,00:00:00,3.9833333333333334,Sphingomonadaceae,0,DNA,NA,0,0,0
MOBEAST042,T4,Algae,Table 2,2024-06-03,00:00:00,3.9833333333333334,Spirochaetaceae,0.0015,DNA,NA,0,0.0015,0
MOBEAST042,T4,Algae,Table 2,2024-06-03,00:00:00,3.9833333333333334,Spongiibacteraceae,5e-4,DNA,NA,0,5e-4,0
MOBEAST042,T4,Algae,Table 2,2024-06-03,00:00:00,3.9833333333333334,Stappiaceae,5e-4,DNA,NA,0,5e-4,0
MOBEAST042,T4,Algae,Table 2,2024-06-03,00:00:00,3.9833333333333334,Terasakiellaceae,0.0014,DNA,NA,0,0.0014,0
MOBEAST042,T4,Algae,Table 2,2024-06-03,00:00:00,3.9833333333333334,Thalassospiraceae,0,DNA,NA,0,0,0
MOBEAST042,T4,Algae,Table 2,2024-06-03,00:00:00,3.9833333333333334,Thiomicrospiraceae,0,DNA,NA,0,0,0
MOBEAST042,T4,Algae,Table 2,2024-06-03,00:00:00,3.9833333333333334,Vibrionaceae,0.0484,DNA,NA,0,0.04645,0.00195
MOBEAST042,T4,Algae,Table 2,2024-06-03,00:00:00,3.9833333333333334,Woesearchaeia_fa,0,DNA,NA,0,-8.5e-4,8.5e-4
MOBEAST042,T4,Algae,Table 2,2024-06-03,00:00:00,3.9833333333333334,uncultured_fa,5e-4,DNA,NA,0,1.5000000000000001e-4,3.5e-4
MOBEAST043,T5,CCA,Table 2,2024-06-03,00:00:00,2.6666666666666665,het_bact,458.667,FCM,cell/µL,0,-32.233000000000004,490.9
MOBEAST043,T5,CCA,Table 2,2024-06-03,00:00:00,2.6666666666666665,pico_euk,0.7,FCM,cell/µL,0,-0.01649999999999996,0.7164999999999999
MOBEAST043,T5,CCA,Table 2,2024-06-03,00:00:00,2.6666666666666665,syn,121.317,FCM,cell/µL,0,-31.816500000000033,153.13350000000003
MOBEAST043,T5,CCA,Table 2,2024-06-03,00:00:00,2.6666666666666665,pro,17.15,FCM,cell/µL,0,-2.392000000000003,19.542
MOBEAST043,T5,CCA,Table 2,2024-06-03,00:00:00,2.6666666666666665,tot_bact,597.133,FCM,cell/µL,0,-66.44200000000001,663.575
MOBEAST043,T5,CCA,Table 2,2024-06-03,00:00:00,2.6666666666666665,cyano,138.46700000000004,FCM,cell/µL,0,-34.20849999999999,172.67550000000003
MOBEAST043,T5,CCA,Table 2,2024-06-03,00:00:00,2.6666666666666665,chla_conc,0.0404,chla,µg/L,0,-0.053200000000000004,0.0936
MOBEAST043,T5,CCA,Table 2,2024-06-03,00:00:00,2.6666666666666665,tn_u_m,11.3024481141168,DOC,µmol/L,0,-0.060328271470050154,11.36277638558685
MOBEAST043,T5,CCA,Table 2,2024-06-03,00:00:00,2.6666666666666665,coble_a,0.0145856502432898,fDOM,R.U.,0,0.0013348131421243997,0.0132508371011654
MOBEAST043,T5,CCA,Table 2,2024-06-03,00:00:00,2.6666666666666665,coble_c,0.0115766887264242,fDOM,R.U.,0,0.0034695464184774406,0.00810714230794676
MOBEAST043,T5,CCA,Table 2,2024-06-03,00:00:00,2.6666666666666665,coble_m,0.0172277047062783,fDOM,R.U.,0,0.0010786390168314973,0.016149065689446802
MOBEAST043,T5,CCA,Table 2,2024-06-03,00:00:00,2.6666666666666665,coble_t,0.13005688200531,fDOM,R.U.,0,-0.026473504010465027,0.156530386015775
MOBEAST043,T5,CCA,Table 2,2024-06-03,00:00:00,2.6666666666666665,m_to_c,1.4881375074856644,fDOM,R.U.,0,-0.3446800622823427,1.8328175697680071
MOBEAST043,T5,CCA,Table 2,2024-06-03,00:00:00,2.6666666666666665,bix,0.891804744197132,fDOM,R.U.,0,-0.167539656014434,1.059344400211566
MOBEAST043,T5,CCA,Table 2,2024-06-03,00:00:00,2.6666666666666665,hix,0.351829015797943,fDOM,R.U.,0,0.08018525075170152,0.2716437650462415
MOBEAST043,T5,CCA,Table 2,2024-06-03,00:00:00,2.6666666666666665,fpeak,0.0119176014554204,fDOM,R.U.,0,-0.012465628708922993,0.024383230164343392
MOBEAST043,T5,CCA,Table 2,2024-06-03,00:00:00,2.6666666666666665,fi,1.82588542342665,fDOM,R.U.,0,-0.35647712058976544,2.1823625440164154
MOBEAST043,T5,CCA,Table 2,2024-06-03,00:00:00,2.6666666666666665,lignin,0.0596422713854745,fDOM,R.U.,0,NA,NA
MOBEAST043,T5,CCA,Table 2,2024-06-03,00:00:00,2.6666666666666665,N_N,1.108,nutrients,µmol/L,0,0.3650000000000001,0.743
MOBEAST043,T5,CCA,Table 2,2024-06-03,00:00:00,2.6666666666666665,NO2,0.185766794,nutrients,µmol/L,0,0.0041486380999999906,0.18161815590000002
MOBEAST043,T5,CCA,Table 2,2024-06-03,00:00:00,2.6666666666666665,PO4,0.077,nutrients,µmol/L,0,-0.031911539700000005,0.1089115397
MOBEAST043,T5,CCA,Table 2,2024-06-03,00:00:00,2.6666666666666665,SiO2,0.04900254916,nutrients,µmol/L,0,-0.11590987588999999,0.16491242504999998
MOBEAST043,T5,CCA,Table 2,2024-06-03,00:00:00,2.6666666666666665,NH3,2.264655482,nutrients,µmol/L,0,1.3704536840000001,0.894201798
MOBEAST043,T5,CCA,Table 2,2024-06-03,00:00:00,2.6666666666666665,NO3,0.922233206,nutrients,µmol/L,0,0.3742850471000001,0.5479481588999999
MOBEAST043,T5,CCA,Table 2,2024-06-03,00:00:00,2.6666666666666665,ph_diff,-0.04612124671091866,carbonate,NA,0,-0.04612124671091866,0
MOBEAST043,T5,CCA,Table 2,2024-06-03,00:00:00,2.6666666666666665,delta_ta,-11.721000000000004,carbonate,NA,0,-11.721000000000004,0
MOBEAST043,T5,CCA,Table 2,2024-06-03,00:00:00,2.6666666666666665,do_mg_l,3.81,residence time,NA,0,NA,NA
MOBEAST043,T5,CCA,Table 2,2024-06-03,00:00:00,2.6666666666666665,ta,2351.969,carbonate,NA,0,-4.631000000000313,2356.6000000000004
MOBEAST043,T5,CCA,Table 2,2024-06-03,00:00:00,2.6666666666666665,dic_mmol_kg,2031.161244185952,residence time,NA,0,NA,NA
MOBEAST043,T5,CCA,Table 2,2024-06-03,00:00:00,2.6666666666666665,ph,8.000320590189238,carbonate,NA,0,-0.020800999375703455,8.021121589564942
MOBEAST043,T5,CCA,Table 2,2024-06-03,00:00:00,2.6666666666666665,AEGEAN-169_marine_group,0.0344,DNA,NA,0,0.017849999999999998,0.016550000000000002
MOBEAST043,T5,CCA,Table 2,2024-06-03,00:00:00,2.6666666666666665,Actinomarinaceae,0.0129,DNA,NA,0,-0.005800000000000001,0.0187
MOBEAST043,T5,CCA,Table 2,2024-06-03,00:00:00,2.6666666666666665,Alcanivoracaceae,0,DNA,NA,0,0,0
MOBEAST043,T5,CCA,Table 2,2024-06-03,00:00:00,2.6666666666666665,Alphaproteobacteria_unclassified,0.00219999999999999,DNA,NA,0,0.0020999999999999903,1e-4
MOBEAST043,T5,CCA,Table 2,2024-06-03,00:00:00,2.6666666666666665,Alteromonadaceae,0.0279,DNA,NA,0,-0.04950000000000001,0.07740000000000001
MOBEAST043,T5,CCA,Table 2,2024-06-03,00:00:00,2.6666666666666665,Alteromonadales_unclassified,9e-4,DNA,NA,0,9e-4,0
MOBEAST043,T5,CCA,Table 2,2024-06-03,00:00:00,2.6666666666666665,Anaerolineae_unclassified,5e-4,DNA,NA,0,1.5000000000000001e-4,3.5e-4
MOBEAST043,T5,CCA,Table 2,2024-06-03,00:00:00,2.6666666666666665,Arcobacteraceae,0.01469999999999999,DNA,NA,0,0.014349999999999991,3.5e-4
MOBEAST043,T5,CCA,Table 2,2024-06-03,00:00:00,2.6666666666666665,Arctic97B-4_marine_group_fa,0.0025,DNA,NA,0,-5.999999999999951e-4,0.003099999999999995
MOBEAST043,T5,CCA,Table 2,2024-06-03,00:00:00,2.6666666666666665,Arenicellaceae,4e-4,DNA,NA,0,4e-4,0
MOBEAST043,T5,CCA,Table 2,2024-06-03,00:00:00,2.6666666666666665,Bacteria_unclassified,8e-4,DNA,NA,0,8e-4,0
MOBEAST043,T5,CCA,Table 2,2024-06-03,00:00:00,2.6666666666666665,Bacteriovoracaceae,0,DNA,NA,0,-1e-4,1e-4
MOBEAST043,T5,CCA,Table 2,2024-06-03,00:00:00,2.6666666666666665,Bacteroidales_unclassified,0,DNA,NA,0,0,0
MOBEAST043,T5,CCA,Table 2,2024-06-03,00:00:00,2.6666666666666665,Bacteroidetes_BD2-2,0,DNA,NA,0,0,0
MOBEAST043,T5,CCA,Table 2,2024-06-03,00:00:00,2.6666666666666665,Bacteroidia_unclassified,0,DNA,NA,0,0,0
MOBEAST043,T5,CCA,Table 2,2024-06-03,00:00:00,2.6666666666666665,Bradymonadales_fa,0,DNA,NA,0,0,0
MOBEAST043,T5,CCA,Table 2,2024-06-03,00:00:00,2.6666666666666665,Campylobacteria_unclassified,0,DNA,NA,0,0,0
MOBEAST043,T5,CCA,Table 2,2024-06-03,00:00:00,2.6666666666666665,Cellvibrionaceae,0.0018,DNA,NA,0,-0.0012000000000000001,0.003
MOBEAST043,T5,CCA,Table 2,2024-06-03,00:00:00,2.6666666666666665,Clade_I,0.0381,DNA,NA,0,0.01335,0.02475
MOBEAST043,T5,CCA,Table 2,2024-06-03,00:00:00,2.6666666666666665,Clade_II,0.0135,DNA,NA,0,0.012,0.0015
MOBEAST043,T5,CCA,Table 2,2024-06-03,00:00:00,2.6666666666666665,Colwelliaceae,0.0013,DNA,NA,0,0.0013,0
MOBEAST043,T5,CCA,Table 2,2024-06-03,00:00:00,2.6666666666666665,Cryomorphaceae,0.0067,DNA,NA,0,-0.003199999999999999,0.009899999999999999
MOBEAST043,T5,CCA,Table 2,2024-06-03,00:00:00,2.6666666666666665,Cyanobiaceae,0.3703,DNA,NA,0,-0.08839999999999998,0.4587
MOBEAST043,T5,CCA,Table 2,2024-06-03,00:00:00,2.6666666666666665,Cyclobacteriaceae,0.0012,DNA,NA,0,4.999999999999999e-4,7e-4
MOBEAST043,T5,CCA,Table 2,2024-06-03,00:00:00,2.6666666666666665,Deltaproteobacteria_unclassified,0,DNA,NA,0,0,0
MOBEAST043,T5,CCA,Table 2,2024-06-03,00:00:00,2.6666666666666665,Desulfovibrionaceae,0.0026,DNA,NA,0,0.0026,0
MOBEAST043,T5,CCA,Table 2,2024-06-03,00:00:00,2.6666666666666665,Desulfuromonadaceae,0,DNA,NA,0,0,0
MOBEAST043,T5,CCA,Table 2,2024-06-03,00:00:00,2.6666666666666665,Ectothiorhodospiraceae,0.0017,DNA,NA,0,0.0014999999999999998,2e-4
MOBEAST043,T5,CCA,Table 2,2024-06-03,00:00:00,2.6666666666666665,Endozoicomonadaceae,0.0013,DNA,NA,0,5e-4,7.999999999999999e-4
MOBEAST043,T5,CCA,Table 2,2024-06-03,00:00:00,2.6666666666666665,Flavobacteriaceae,0.0606,DNA,NA,0,0.004449999999999996,0.056150000000000005
MOBEAST043,T5,CCA,Table 2,2024-06-03,00:00:00,2.6666666666666665,Francisellaceae,0,DNA,NA,0,0,0
MOBEAST043,T5,CCA,Table 2,2024-06-03,00:00:00,2.6666666666666665,Gammaproteobacteria_unclassified,0.0029,DNA,NA,0,-0.001549999999999995,0.004449999999999995
MOBEAST043,T5,CCA,Table 2,2024-06-03,00:00:00,2.6666666666666665,Halieaceae,0.0188,DNA,NA,0,0.0016500000000000056,0.017149999999999995
MOBEAST043,T5,CCA,Table 2,2024-06-03,00:00:00,2.6666666666666665,Halomonadaceae,0,DNA,NA,0,0,0
MOBEAST043,T5,CCA,Table 2,2024-06-03,00:00:00,2.6666666666666665,Helicobacteraceae,1e-4,DNA,NA,0,1e-4,0
MOBEAST043,T5,CCA,Table 2,2024-06-03,00:00:00,2.6666666666666665,Hyphomonadaceae,0.0015,DNA,NA,0,0.0015,0
MOBEAST043,T5,CCA,Table 2,2024-06-03,00:00:00,2.6666666666666665,Idiomarinaceae,0,DNA,NA,0,0,0
MOBEAST043,T5,CCA,Table 2,2024-06-03,00:00:00,2.6666666666666665,JGI_0000069-P22_fa,0,DNA,NA,0,-0.00435,0.00435
MOBEAST043,T5,CCA,Table 2,2024-06-03,00:00:00,2.6666666666666665,KI89A_clade_fa,6e-4,DNA,NA,0,-5.000000000000002e-5,6.5e-4
MOBEAST043,T5,CCA,Table 2,2024-06-03,00:00:00,2.6666666666666665,Kiritimatiellaceae,0,DNA,NA,0,0,0
MOBEAST043,T5,CCA,Table 2,2024-06-03,00:00:00,2.6666666666666665,Leptotrichiaceae,4e-4,DNA,NA,0,4e-4,0
MOBEAST043,T5,CCA,Table 2,2024-06-03,00:00:00,2.6666666666666665,Litoricolaceae,0.0086,DNA,NA,0,0.0049499999999999995,0.00365
MOBEAST043,T5,CCA,Table 2,2024-06-03,00:00:00,2.6666666666666665,Marine_Group_II_fa,0.0338,DNA,NA,0,-0.0012000000000000066,0.035
MOBEAST043,T5,CCA,Table 2,2024-06-03,00:00:00,2.6666666666666665,Marinifilaceae,0.0012,DNA,NA,0,0.0012,0
MOBEAST043,T5,CCA,Table 2,2024-06-03,00:00:00,2.6666666666666665,Marinilabiliaceae,0,DNA,NA,0,0,0
MOBEAST043,T5,CCA,Table 2,2024-06-03,00:00:00,2.6666666666666665,Marinimicrobia_(SAR406_clade)_fa,0.0078,DNA,NA,0,0.0019500000000000003,0.005849999999999999
MOBEAST043,T5,CCA,Table 2,2024-06-03,00:00:00,2.6666666666666665,Marinobacteraceae,0,DNA,NA,0,0,0
MOBEAST043,T5,CCA,Table 2,2024-06-03,00:00:00,2.6666666666666665,Marinomonadaceae,2e-4,DNA,NA,0,2e-4,0
MOBEAST043,T5,CCA,Table 2,2024-06-03,00:00:00,2.6666666666666665,Methylophilaceae,0.0075,DNA,NA,0,0.0038499999999999997,0.00365
MOBEAST043,T5,CCA,Table 2,2024-06-03,00:00:00,2.6666666666666665,Micavibrionaceae,0,DNA,NA,0,0,0
MOBEAST043,T5,CCA,Table 2,2024-06-03,00:00:00,2.6666666666666665,Microtrichaceae,0.0037,DNA,NA,0,0.0012500000000000002,0.00245
MOBEAST043,T5,CCA,Table 2,2024-06-03,00:00:00,2.6666666666666665,Moraxellaceae,0,DNA,NA,0,0,0
MOBEAST043,T5,CCA,Table 2,2024-06-03,00:00:00,2.6666666666666665,NS7_marine_group,0.001,DNA,NA,0,3.5000000000000005e-4,6.5e-4
MOBEAST043,T5,CCA,Table 2,2024-06-03,00:00:00,2.6666666666666665,NS9_marine_group,0.0037,DNA,NA,0,-0.0013499999999999996,0.00505
MOBEAST043,T5,CCA,Table 2,2024-06-03,00:00:00,2.6666666666666665,Nannocystaceae,5e-4,DNA,NA,0,-9.999999999999994e-5,6e-4
MOBEAST043,T5,CCA,Table 2,2024-06-03,00:00:00,2.6666666666666665,Nitrincolaceae,0.0209,DNA,NA,0,0.017050000000000003,0.003849999999999995
MOBEAST043,T5,CCA,Table 2,2024-06-03,00:00:00,2.6666666666666665,Nitrosopumilaceae,0,DNA,NA,0,-5e-4,5e-4
MOBEAST043,T5,CCA,Table 2,2024-06-03,00:00:00,2.6666666666666665,OM182_clade_fa,0.0034,DNA,NA,0,-4.500000000000003e-4,0.00385
MOBEAST043,T5,CCA,Table 2,2024-06-03,00:00:00,2.6666666666666665,Oleiphilaceae,0.0028,DNA,NA,0,0.00125,0.00155
MOBEAST043,T5,CCA,Table 2,2024-06-03,00:00:00,2.6666666666666665,Oligoflexaceae,0.0012,DNA,NA,0,6.5e-4,5.499999999999999e-4
MOBEAST043,T5,CCA,Table 2,2024-06-03,00:00:00,2.6666666666666665,Pirellulaceae,0.00379999999999999,DNA,NA,0,-7.000000000000096e-4,0.0045
MOBEAST043,T5,CCA,Table 2,2024-06-03,00:00:00,2.6666666666666665,Piscirickettsiaceae,6e-4,DNA,NA,0,3.9999999999999996e-4,2e-4
MOBEAST043,T5,CCA,Table 2,2024-06-03,00:00:00,2.6666666666666665,Prolixibacteraceae,0,DNA,NA,0,0,0
MOBEAST043,T5,CCA,Table 2,2024-06-03,00:00:00,2.6666666666666665,Proteobacteria_unclassified,0.0017,DNA,NA,0,-8.500000000000003e-4,0.00255
MOBEAST043,T5,CCA,Table 2,2024-06-03,00:00:00,2.6666666666666665,Pseudoalteromonadaceae,0.0014,DNA,NA,0,7.5e-4,6.5e-4
MOBEAST043,T5,CCA,Table 2,2024-06-03,00:00:00,2.6666666666666665,Pseudohongiellaceae,0.0016,DNA,NA,0,-4.9999999999999914e-5,0.00165
MOBEAST043,T5,CCA,Table 2,2024-06-03,00:00:00,2.6666666666666665,Pseudomonadaceae,0,DNA,NA,0,0,0
MOBEAST043,T5,CCA,Table 2,2024-06-03,00:00:00,2.6666666666666665,Puniceicoccaceae,5e-4,DNA,NA,0,5e-4,0
MOBEAST043,T5,CCA,Table 2,2024-06-03,00:00:00,2.6666666666666665,Rhizobiaceae,0,DNA,NA,0,0,0
MOBEAST043,T5,CCA,Table 2,2024-06-03,00:00:00,2.6666666666666665,Rhodobacteraceae,0.071,DNA,NA,0,-0.00945,0.08045
MOBEAST043,T5,CCA,Table 2,2024-06-03,00:00:00,2.6666666666666665,Rhodospirillaceae,0,DNA,NA,0,0,0
MOBEAST043,T5,CCA,Table 2,2024-06-03,00:00:00,2.6666666666666665,Rubinisphaeraceae,7e-4,DNA,NA,0,-6.500000000000001e-4,0.00135
MOBEAST043,T5,CCA,Table 2,2024-06-03,00:00:00,2.6666666666666665,S25-593,8e-4,DNA,NA,0,-6.499999999999999e-4,0.00145
MOBEAST043,T5,CCA,Table 2,2024-06-03,00:00:00,2.6666666666666665,SAR116_clade,0.0604,DNA,NA,0,0.018800000000000004,0.0416
MOBEAST043,T5,CCA,Table 2,2024-06-03,00:00:00,2.6666666666666665,SAR202_clade_fa,3e-4,DNA,NA,0,1.5e-4,1.5e-4
MOBEAST043,T5,CCA,Table 2,2024-06-03,00:00:00,2.6666666666666665,SAR324_clade(Marine_group_B)_fa,8e-4,DNA,NA,0,3.0000000000000003e-4,5e-4
MOBEAST043,T5,CCA,Table 2,2024-06-03,00:00:00,2.6666666666666665,SAR86_clade_fa,0.0491,DNA,NA,0,0.016150000000000005,0.03294999999999999
MOBEAST043,T5,CCA,Table 2,2024-06-03,00:00:00,2.6666666666666665,Saccharospirillaceae,0.03619999999999999,DNA,NA,0,0.024,0.01219999999999999
MOBEAST043,T5,CCA,Table 2,2024-06-03,00:00:00,2.6666666666666665,Saprospiraceae,1e-4,DNA,NA,0,1e-4,0
MOBEAST043,T5,CCA,Table 2,2024-06-03,00:00:00,2.6666666666666665,Sphingomonadaceae,0,DNA,NA,0,0,0
MOBEAST043,T5,CCA,Table 2,2024-06-03,00:00:00,2.6666666666666665,Spirochaetaceae,0,DNA,NA,0,0,0
MOBEAST043,T5,CCA,Table 2,2024-06-03,00:00:00,2.6666666666666665,Spongiibacteraceae,0,DNA,NA,0,0,0
MOBEAST043,T5,CCA,Table 2,2024-06-03,00:00:00,2.6666666666666665,Stappiaceae,0,DNA,NA,0,0,0
MOBEAST043,T5,CCA,Table 2,2024-06-03,00:00:00,2.6666666666666665,Terasakiellaceae,5e-4,DNA,NA,0,5e-4,0
MOBEAST043,T5,CCA,Table 2,2024-06-03,00:00:00,2.6666666666666665,Thalassospiraceae,9e-4,DNA,NA,0,9e-4,0
MOBEAST043,T5,CCA,Table 2,2024-06-03,00:00:00,2.6666666666666665,Vibrionaceae,0.0089,DNA,NA,0,0.00695,0.00195
MOBEAST043,T5,CCA,Table 2,2024-06-03,00:00:00,2.6666666666666665,Woesearchaeia_fa,0,DNA,NA,0,-8.5e-4,8.5e-4
MOBEAST043,T5,CCA,Table 2,2024-06-03,00:00:00,2.6666666666666665,uncultured_fa,0,DNA,NA,0,-3.5e-4,3.5e-4
MOBEAST044,T6,Coral,Table 2,2024-06-03,00:00:00,3.2333333333333334,het_bact,419.867,FCM,cell/µL,0,-71.03299999999996,490.9
MOBEAST044,T6,Coral,Table 2,2024-06-03,00:00:00,3.2333333333333334,pico_euk,0.483,FCM,cell/µL,0,-0.23349999999999993,0.7164999999999999
MOBEAST044,T6,Coral,Table 2,2024-06-03,00:00:00,3.2333333333333334,syn,108.117,FCM,cell/µL,0,-45.01650000000002,153.13350000000003
MOBEAST044,T6,Coral,Table 2,2024-06-03,00:00:00,3.2333333333333334,pro,16.017,FCM,cell/µL,0,-3.525000000000002,19.542
MOBEAST044,T6,Coral,Table 2,2024-06-03,00:00:00,3.2333333333333334,tot_bact,544,FCM,cell/µL,0,-119.57500000000005,663.575
MOBEAST044,T6,Coral,Table 2,2024-06-03,00:00:00,3.2333333333333334,cyano,124.13399999999996,FCM,cell/µL,0,-48.54150000000007,172.67550000000003
MOBEAST044,T6,Coral,Table 2,2024-06-03,00:00:00,3.2333333333333334,chla_conc,0.0416,chla,µg/L,0,-0.052000000000000005,0.0936
MOBEAST044,T6,Coral,Table 2,2024-06-03,00:00:00,3.2333333333333334,tn_u_m,10.3771766368952,DOC,µmol/L,0,-0.9855997486916497,11.36277638558685
MOBEAST044,T6,Coral,Table 2,2024-06-03,00:00:00,3.2333333333333334,coble_a,0.0146201705608244,fDOM,R.U.,0,0.0013693334596590005,0.0132508371011654
MOBEAST044,T6,Coral,Table 2,2024-06-03,00:00:00,3.2333333333333334,coble_b,0.131089540921486,fDOM,R.U.,0,0.05821839169472666,0.07287114922675934
MOBEAST044,T6,Coral,Table 2,2024-06-03,00:00:00,3.2333333333333334,coble_c,0.0115079642372025,fDOM,R.U.,0,0.00340082192925574,0.00810714230794676
MOBEAST044,T6,Coral,Table 2,2024-06-03,00:00:00,3.2333333333333334,coble_m,0.0186099496839187,fDOM,R.U.,0,0.0024608839944718977,0.016149065689446802
MOBEAST044,T6,Coral,Table 2,2024-06-03,00:00:00,3.2333333333333334,coble_t,0.116530510540846,fDOM,R.U.,0,-0.03999987547492902,0.156530386015775
MOBEAST044,T6,Coral,Table 2,2024-06-03,00:00:00,3.2333333333333334,m_to_c,1.6171365586762234,fDOM,R.U.,0,-0.21568101109178373,1.8328175697680071
MOBEAST044,T6,Coral,Table 2,2024-06-03,00:00:00,3.2333333333333334,bix,0.87832656234717,fDOM,R.U.,0,-0.18101783786439596,1.059344400211566
MOBEAST044,T6,Coral,Table 2,2024-06-03,00:00:00,3.2333333333333334,hix,0.374468455839693,fDOM,R.U.,0,0.10282469079345152,0.2716437650462415
MOBEAST044,T6,Coral,Table 2,2024-06-03,00:00:00,3.2333333333333334,fpeak,0.0136270460412275,fDOM,R.U.,0,-0.010756184123115893,0.024383230164343392
MOBEAST044,T6,Coral,Table 2,2024-06-03,00:00:00,3.2333333333333334,fi,1.91481054382771,fDOM,R.U.,0,-0.2675520001887053,2.1823625440164154
MOBEAST044,T6,Coral,Table 2,2024-06-03,00:00:00,3.2333333333333334,lignin,0.0331652300623647,fDOM,R.U.,0,NA,NA
MOBEAST044,T6,Coral,Table 2,2024-06-03,00:00:00,3.2333333333333334,N_N,0.922,nutrients,µmol/L,0,0.17900000000000005,0.743
MOBEAST044,T6,Coral,Table 2,2024-06-03,00:00:00,3.2333333333333334,NO2,0.1841863604,nutrients,µmol/L,0,0.0025682044999999765,0.18161815590000002
MOBEAST044,T6,Coral,Table 2,2024-06-03,00:00:00,3.2333333333333334,PO4,0.09797582011,nutrients,µmol/L,0,-0.010935719590000004,0.1089115397
MOBEAST044,T6,Coral,Table 2,2024-06-03,00:00:00,3.2333333333333334,SiO2,0.04711783573,nutrients,µmol/L,0,-0.11779458931999998,0.16491242504999998
MOBEAST044,T6,Coral,Table 2,2024-06-03,00:00:00,3.2333333333333334,NH3,1.060700802,nutrients,µmol/L,0,0.16649900399999995,0.894201798
MOBEAST044,T6,Coral,Table 2,2024-06-03,00:00:00,3.2333333333333334,NO3,0.7378136396,nutrients,µmol/L,0,0.1898654807000001,0.5479481588999999
MOBEAST044,T6,Coral,Table 2,2024-06-03,00:00:00,3.2333333333333334,ph_diff,-0.0612668518981776,carbonate,NA,0,-0.0612668518981776,0
MOBEAST044,T6,Coral,Table 2,2024-06-03,00:00:00,3.2333333333333334,delta_ta,-26.414000000000215,carbonate,NA,0,-26.414000000000215,0
MOBEAST044,T6,Coral,Table 2,2024-06-03,00:00:00,3.2333333333333334,do_mg_l,4.08,residence time,NA,0,NA,NA
MOBEAST044,T6,Coral,Table 2,2024-06-03,00:00:00,3.2333333333333334,ta,2337.276,carbonate,NA,0,-19.324000000000524,2356.6000000000004
MOBEAST044,T6,Coral,Table 2,2024-06-03,00:00:00,3.2333333333333334,dic_mmol_kg,2025.4433231711969,residence time,NA,0,NA,NA
MOBEAST044,T6,Coral,Table 2,2024-06-03,00:00:00,3.2333333333333334,ph,7.985348404157392,carbonate,NA,0,-0.03577318540754959,8.021121589564942
MOBEAST044,T6,Coral,Table 2,2024-06-03,00:00:00,3.2333333333333334,AEGEAN-169_marine_group,0.0122,DNA,NA,0,-0.0043500000000000014,0.016550000000000002
MOBEAST044,T6,Coral,Table 2,2024-06-03,00:00:00,3.2333333333333334,Actinomarinaceae,0.0063,DNA,NA,0,-0.012400000000000001,0.0187
MOBEAST044,T6,Coral,Table 2,2024-06-03,00:00:00,3.2333333333333334,Alcanivoracaceae,0,DNA,NA,0,0,0
MOBEAST044,T6,Coral,Table 2,2024-06-03,00:00:00,3.2333333333333334,Alphaproteobacteria_unclassified,0.0012,DNA,NA,0,0.0010999999999999998,1e-4
MOBEAST044,T6,Coral,Table 2,2024-06-03,00:00:00,3.2333333333333334,Alteromonadales_unclassified,0,DNA,NA,0,0,0
MOBEAST044,T6,Coral,Table 2,2024-06-03,00:00:00,3.2333333333333334,Anaerolineae_unclassified,2e-4,DNA,NA,0,-1.5e-4,3.5e-4
MOBEAST044,T6,Coral,Table 2,2024-06-03,00:00:00,3.2333333333333334,Arcobacteraceae,9e-4,DNA,NA,0,5.499999999999999e-4,3.5e-4
MOBEAST044,T6,Coral,Table 2,2024-06-03,00:00:00,3.2333333333333334,Arctic97B-4_marine_group_fa,0.0013,DNA,NA,0,-0.0017999999999999952,0.003099999999999995
MOBEAST044,T6,Coral,Table 2,2024-06-03,00:00:00,3.2333333333333334,Arenicellaceae,4e-4,DNA,NA,0,4e-4,0
MOBEAST044,T6,Coral,Table 2,2024-06-03,00:00:00,3.2333333333333334,Bacteria_unclassified,0,DNA,NA,0,0,0
MOBEAST044,T6,Coral,Table 2,2024-06-03,00:00:00,3.2333333333333334,Bacteriovoracaceae,2e-4,DNA,NA,0,1e-4,1e-4
MOBEAST044,T6,Coral,Table 2,2024-06-03,00:00:00,3.2333333333333334,Bacteroidales_unclassified,0,DNA,NA,0,0,0
MOBEAST044,T6,Coral,Table 2,2024-06-03,00:00:00,3.2333333333333334,Bacteroidetes_BD2-2,0,DNA,NA,0,0,0
MOBEAST044,T6,Coral,Table 2,2024-06-03,00:00:00,3.2333333333333334,Bacteroidia_unclassified,0,DNA,NA,0,0,0
MOBEAST044,T6,Coral,Table 2,2024-06-03,00:00:00,3.2333333333333334,Bradymonadales_fa,0,DNA,NA,0,0,0
MOBEAST044,T6,Coral,Table 2,2024-06-03,00:00:00,3.2333333333333334,Campylobacterales_unclassified,0,DNA,NA,0,0,0
MOBEAST044,T6,Coral,Table 2,2024-06-03,00:00:00,3.2333333333333334,Campylobacteria_unclassified,5e-4,DNA,NA,0,5e-4,0
MOBEAST044,T6,Coral,Table 2,2024-06-03,00:00:00,3.2333333333333334,Cellvibrionaceae,0.0238,DNA,NA,0,0.020800000000000003,0.003
MOBEAST044,T6,Coral,Table 2,2024-06-03,00:00:00,3.2333333333333334,Clade_I,0.0202,DNA,NA,0,-0.004550000000000002,0.02475
MOBEAST044,T6,Coral,Table 2,2024-06-03,00:00:00,3.2333333333333334,Clade_II,0.0047,DNA,NA,0,0.0032,0.0015
MOBEAST044,T6,Coral,Table 2,2024-06-03,00:00:00,3.2333333333333334,Clade_IV,7e-4,DNA,NA,0,-1.9999999999999998e-4,9e-4
MOBEAST044,T6,Coral,Table 2,2024-06-03,00:00:00,3.2333333333333334,Cryomorphaceae,0.0035,DNA,NA,0,-0.0063999999999999994,0.009899999999999999
MOBEAST044,T6,Coral,Table 2,2024-06-03,00:00:00,3.2333333333333334,Cyanobiaceae,0.2214,DNA,NA,0,-0.23729999999999998,0.4587
MOBEAST044,T6,Coral,Table 2,2024-06-03,00:00:00,3.2333333333333334,Cyclobacteriaceae,2e-4,DNA,NA,0,-5e-4,7e-4
MOBEAST044,T6,Coral,Table 2,2024-06-03,00:00:00,3.2333333333333334,Deltaproteobacteria_unclassified,0,DNA,NA,0,0,0
MOBEAST044,T6,Coral,Table 2,2024-06-03,00:00:00,3.2333333333333334,Desulfovibrionaceae,0,DNA,NA,0,0,0
MOBEAST044,T6,Coral,Table 2,2024-06-03,00:00:00,3.2333333333333334,Desulfuromonadaceae,0,DNA,NA,0,0,0
MOBEAST044,T6,Coral,Table 2,2024-06-03,00:00:00,3.2333333333333334,Ectothiorhodospiraceae,9e-4,DNA,NA,0,7e-4,2e-4
MOBEAST044,T6,Coral,Table 2,2024-06-03,00:00:00,3.2333333333333334,Endozoicomonadaceae,3e-4,DNA,NA,0,-5e-4,7.999999999999999e-4
MOBEAST044,T6,Coral,Table 2,2024-06-03,00:00:00,3.2333333333333334,Flavobacteriaceae,0.03669999999999999,DNA,NA,0,-0.019450000000000016,0.056150000000000005
MOBEAST044,T6,Coral,Table 2,2024-06-03,00:00:00,3.2333333333333334,Francisellaceae,0,DNA,NA,0,0,0
MOBEAST044,T6,Coral,Table 2,2024-06-03,00:00:00,3.2333333333333334,Gammaproteobacteria_unclassified,0.0012,DNA,NA,0,-0.003249999999999995,0.004449999999999995
MOBEAST044,T6,Coral,Table 2,2024-06-03,00:00:00,3.2333333333333334,Halieaceae,0.0096,DNA,NA,0,-0.007549999999999996,0.017149999999999995
MOBEAST044,T6,Coral,Table 2,2024-06-03,00:00:00,3.2333333333333334,Halomonadaceae,0,DNA,NA,0,0,0
MOBEAST044,T6,Coral,Table 2,2024-06-03,00:00:00,3.2333333333333334,Helicobacteraceae,0,DNA,NA,0,0,0
MOBEAST044,T6,Coral,Table 2,2024-06-03,00:00:00,3.2333333333333334,Hyphomonadaceae,0.001,DNA,NA,0,0.001,0
MOBEAST044,T6,Coral,Table 2,2024-06-03,00:00:00,3.2333333333333334,Idiomarinaceae,0,DNA,NA,0,0,0
MOBEAST044,T6,Coral,Table 2,2024-06-03,00:00:00,3.2333333333333334,JGI_0000069-P22_fa,0,DNA,NA,0,-0.00435,0.00435
MOBEAST044,T6,Coral,Table 2,2024-06-03,00:00:00,3.2333333333333334,KI89A_clade_fa,0,DNA,NA,0,-6.5e-4,6.5e-4
MOBEAST044,T6,Coral,Table 2,2024-06-03,00:00:00,3.2333333333333334,Kiritimatiellaceae,0,DNA,NA,0,0,0
MOBEAST044,T6,Coral,Table 2,2024-06-03,00:00:00,3.2333333333333334,Leptotrichiaceae,2e-4,DNA,NA,0,2e-4,0
MOBEAST044,T6,Coral,Table 2,2024-06-03,00:00:00,3.2333333333333334,Litoricolaceae,0.0046,DNA,NA,0,9.499999999999999e-4,0.00365
MOBEAST044,T6,Coral,Table 2,2024-06-03,00:00:00,3.2333333333333334,Marine_Group_II_fa,0.02119999999999999,DNA,NA,0,-0.013800000000000014,0.035
MOBEAST044,T6,Coral,Table 2,2024-06-03,00:00:00,3.2333333333333334,Marinifilaceae,0,DNA,NA,0,0,0
MOBEAST044,T6,Coral,Table 2,2024-06-03,00:00:00,3.2333333333333334,Marinilabiliaceae,0,DNA,NA,0,0,0
MOBEAST044,T6,Coral,Table 2,2024-06-03,00:00:00,3.2333333333333334,Marinimicrobia_(SAR406_clade)_fa,0.0035,DNA,NA,0,-0.0023499999999999992,0.005849999999999999
MOBEAST044,T6,Coral,Table 2,2024-06-03,00:00:00,3.2333333333333334,Marinobacteraceae,0,DNA,NA,0,0,0
MOBEAST044,T6,Coral,Table 2,2024-06-03,00:00:00,3.2333333333333334,Marinomonadaceae,0.0014,DNA,NA,0,0.0014,0
MOBEAST044,T6,Coral,Table 2,2024-06-03,00:00:00,3.2333333333333334,Methylophilaceae,0.0037,DNA,NA,0,5.000000000000013e-5,0.00365
MOBEAST044,T6,Coral,Table 2,2024-06-03,00:00:00,3.2333333333333334,Micavibrionaceae,1e-4,DNA,NA,0,1e-4,0
MOBEAST044,T6,Coral,Table 2,2024-06-03,00:00:00,3.2333333333333334,Microtrichaceae,0.0023,DNA,NA,0,-1.4999999999999996e-4,0.00245
MOBEAST044,T6,Coral,Table 2,2024-06-03,00:00:00,3.2333333333333334,Moraxellaceae,0,DNA,NA,0,0,0
MOBEAST044,T6,Coral,Table 2,2024-06-03,00:00:00,3.2333333333333334,NS7_marine_group,5e-4,DNA,NA,0,-1.4999999999999996e-4,6.5e-4
MOBEAST044,T6,Coral,Table 2,2024-06-03,00:00:00,3.2333333333333334,NS9_marine_group,0.001,DNA,NA,0,-0.00405,0.00505
MOBEAST044,T6,Coral,Table 2,2024-06-03,00:00:00,3.2333333333333334,Nannocystaceae,0,DNA,NA,0,-6e-4,6e-4
MOBEAST044,T6,Coral,Table 2,2024-06-03,00:00:00,3.2333333333333334,Nitrincolaceae,0.0215,DNA,NA,0,0.017650000000000002,0.003849999999999995
MOBEAST044,T6,Coral,Table 2,2024-06-03,00:00:00,3.2333333333333334,Nitrosopumilaceae,4e-4,DNA,NA,0,-9.999999999999999e-5,5e-4
MOBEAST044,T6,Coral,Table 2,2024-06-03,00:00:00,3.2333333333333334,OM182_clade_fa,0.0014,DNA,NA,0,-0.00245,0.00385
MOBEAST044,T6,Coral,Table 2,2024-06-03,00:00:00,3.2333333333333334,Oleiphilaceae,0.0029,DNA,NA,0,0.0013499999999999999,0.00155
MOBEAST044,T6,Coral,Table 2,2024-06-03,00:00:00,3.2333333333333334,Oligoflexaceae,5e-4,DNA,NA,0,-4.9999999999999914e-5,5.499999999999999e-4
MOBEAST044,T6,Coral,Table 2,2024-06-03,00:00:00,3.2333333333333334,Pirellulaceae,0.00159999999999999,DNA,NA,0,-0.0029000000000000093,0.0045
MOBEAST044,T6,Coral,Table 2,2024-06-03,00:00:00,3.2333333333333334,Piscirickettsiaceae,1e-4,DNA,NA,0,-1e-4,2e-4
MOBEAST044,T6,Coral,Table 2,2024-06-03,00:00:00,3.2333333333333334,Prolixibacteraceae,1e-4,DNA,NA,0,1e-4,0
MOBEAST044,T6,Coral,Table 2,2024-06-03,00:00:00,3.2333333333333334,Proteobacteria_unclassified,0.0015,DNA,NA,0,-0.0010500000000000002,0.00255
MOBEAST044,T6,Coral,Table 2,2024-06-03,00:00:00,3.2333333333333334,Pseudoalteromonadaceae,0.0092,DNA,NA,0,0.00855,6.5e-4
MOBEAST044,T6,Coral,Table 2,2024-06-03,00:00:00,3.2333333333333334,Pseudohongiellaceae,7e-4,DNA,NA,0,-9.5e-4,0.00165
MOBEAST044,T6,Coral,Table 2,2024-06-03,00:00:00,3.2333333333333334,Pseudomonadaceae,0,DNA,NA,0,0,0
MOBEAST044,T6,Coral,Table 2,2024-06-03,00:00:00,3.2333333333333334,Puniceicoccaceae,0,DNA,NA,0,0,0
MOBEAST044,T6,Coral,Table 2,2024-06-03,00:00:00,3.2333333333333334,Rhizobiaceae,0,DNA,NA,0,0,0
MOBEAST044,T6,Coral,Table 2,2024-06-03,00:00:00,3.2333333333333334,Rhodobacteraceae,0.0738,DNA,NA,0,-0.006649999999999989,0.08045
MOBEAST044,T6,Coral,Table 2,2024-06-03,00:00:00,3.2333333333333334,Rhodospirillaceae,0,DNA,NA,0,0,0
MOBEAST044,T6,Coral,Table 2,2024-06-03,00:00:00,3.2333333333333334,Rubinisphaeraceae,7e-4,DNA,NA,0,-6.500000000000001e-4,0.00135
MOBEAST044,T6,Coral,Table 2,2024-06-03,00:00:00,3.2333333333333334,S25-593,0,DNA,NA,0,-0.00145,0.00145
MOBEAST044,T6,Coral,Table 2,2024-06-03,00:00:00,3.2333333333333334,SAR116_clade,0.0275,DNA,NA,0,-0.014099999999999998,0.0416
MOBEAST044,T6,Coral,Table 2,2024-06-03,00:00:00,3.2333333333333334,SAR202_clade_fa,2e-4,DNA,NA,0,5.000000000000002e-5,1.5e-4
MOBEAST044,T6,Coral,Table 2,2024-06-03,00:00:00,3.2333333333333334,SAR324_clade(Marine_group_B)_fa,7e-4,DNA,NA,0,1.9999999999999998e-4,5e-4
MOBEAST044,T6,Coral,Table 2,2024-06-03,00:00:00,3.2333333333333334,SAR86_clade_fa,0.0273,DNA,NA,0,-0.005649999999999992,0.03294999999999999
MOBEAST044,T6,Coral,Table 2,2024-06-03,00:00:00,3.2333333333333334,Saccharospirillaceae,0.0449,DNA,NA,0,0.032700000000000014,0.01219999999999999
MOBEAST044,T6,Coral,Table 2,2024-06-03,00:00:00,3.2333333333333334,Saprospiraceae,0,DNA,NA,0,0,0
MOBEAST044,T6,Coral,Table 2,2024-06-03,00:00:00,3.2333333333333334,Sphingomonadaceae,0,DNA,NA,0,0,0
MOBEAST044,T6,Coral,Table 2,2024-06-03,00:00:00,3.2333333333333334,Spirochaetaceae,0,DNA,NA,0,0,0
MOBEAST044,T6,Coral,Table 2,2024-06-03,00:00:00,3.2333333333333334,Spongiibacteraceae,0,DNA,NA,0,0,0
MOBEAST044,T6,Coral,Table 2,2024-06-03,00:00:00,3.2333333333333334,Stappiaceae,0,DNA,NA,0,0,0
MOBEAST044,T6,Coral,Table 2,2024-06-03,00:00:00,3.2333333333333334,Terasakiellaceae,0,DNA,NA,0,0,0
MOBEAST044,T6,Coral,Table 2,2024-06-03,00:00:00,3.2333333333333334,Thalassospiraceae,3e-4,DNA,NA,0,3e-4,0
MOBEAST044,T6,Coral,Table 2,2024-06-03,00:00:00,3.2333333333333334,Thiomicrospiraceae,5e-4,DNA,NA,0,5e-4,0
MOBEAST044,T6,Coral,Table 2,2024-06-03,00:00:00,3.2333333333333334,Woesearchaeia_fa,0,DNA,NA,0,-8.5e-4,8.5e-4
MOBEAST044,T6,Coral,Table 2,2024-06-03,00:00:00,3.2333333333333334,uncultured_fa,0,DNA,NA,0,-3.5e-4,3.5e-4
MOBEAST045,T7,Coral,Table 2,2024-06-03,00:00:00,3.466666666666667,het_bact,523.428,FCM,cell/µL,0,32.52800000000002,490.9
MOBEAST045,T7,Coral,Table 2,2024-06-03,00:00:00,3.466666666666667,pico_euk,0.765,FCM,cell/µL,0,0.0485000000000001,0.7164999999999999
MOBEAST045,T7,Coral,Table 2,2024-06-03,00:00:00,3.466666666666667,syn,152.745,FCM,cell/µL,0,-0.38850000000002183,153.13350000000003
MOBEAST045,T7,Coral,Table 2,2024-06-03,00:00:00,3.466666666666667,pro,19.501,FCM,cell/µL,0,-0.04100000000000037,19.542
MOBEAST045,T7,Coral,Table 2,2024-06-03,00:00:00,3.466666666666667,tot_bact,695.674,FCM,cell/µL,0,32.09899999999993,663.575
MOBEAST045,T7,Coral,Table 2,2024-06-03,00:00:00,3.466666666666667,cyano,172.24599999999998,FCM,cell/µL,0,-0.42950000000004707,172.67550000000003
MOBEAST045,T7,Coral,Table 2,2024-06-03,00:00:00,3.466666666666667,chla_conc,0.3532,chla,µg/L,0,0.2596,0.0936
MOBEAST045,T7,Coral,Table 2,2024-06-03,00:00:00,3.466666666666667,tn_u_m,10.1272962225221,DOC,µmol/L,0,-1.23548016306475,11.36277638558685
MOBEAST045,T7,Coral,Table 2,2024-06-03,00:00:00,3.466666666666667,coble_a,0.0119655671480688,fDOM,R.U.,0,-0.0012852699530966002,0.0132508371011654
MOBEAST045,T7,Coral,Table 2,2024-06-03,00:00:00,3.466666666666667,coble_b,0.123206010111657,fDOM,R.U.,0,0.05033486088489765,0.07287114922675934
MOBEAST045,T7,Coral,Table 2,2024-06-03,00:00:00,3.466666666666667,coble_c,0.0099340529807099,fDOM,R.U.,0,0.0018269106727631396,0.00810714230794676
MOBEAST045,T7,Coral,Table 2,2024-06-03,00:00:00,3.466666666666667,coble_m,0.0147351438063127,fDOM,R.U.,0,-0.0014139218831341026,0.016149065689446802
MOBEAST045,T7,Coral,Table 2,2024-06-03,00:00:00,3.466666666666667,coble_t,0.0762315558068072,fDOM,R.U.,0,-0.08029883020896782,0.156530386015775
MOBEAST045,T7,Coral,Table 2,2024-06-03,00:00:00,3.466666666666667,m_to_c,1.483296277453486,fDOM,R.U.,0,-0.3495212923145212,1.8328175697680071
MOBEAST045,T7,Coral,Table 2,2024-06-03,00:00:00,3.466666666666667,bix,0.71835841867914,fDOM,R.U.,0,-0.340985981532426,1.059344400211566
MOBEAST045,T7,Coral,Table 2,2024-06-03,00:00:00,3.466666666666667,hix,0.434584745213361,fDOM,R.U.,0,0.1629409801671195,0.2716437650462415
MOBEAST045,T7,Coral,Table 2,2024-06-03,00:00:00,3.466666666666667,fpeak,0.0420605136484289,fDOM,R.U.,0,0.01767728348408551,0.024383230164343392
MOBEAST045,T7,Coral,Table 2,2024-06-03,00:00:00,3.466666666666667,fi,1.9034559435353,fDOM,R.U.,0,-0.2789066004811154,2.1823625440164154
MOBEAST045,T7,Coral,Table 2,2024-06-03,00:00:00,3.466666666666667,lignin,0.018858109522665,fDOM,R.U.,0,NA,NA
MOBEAST045,T7,Coral,Table 2,2024-06-03,00:00:00,3.466666666666667,N_N,0.516,nutrients,µmol/L,0,-0.22699999999999998,0.743
MOBEAST045,T7,Coral,Table 2,2024-06-03,00:00:00,3.466666666666667,NO2,0.1396049639,nutrients,µmol/L,0,-0.04201319200000003,0.18161815590000002
MOBEAST045,T7,Coral,Table 2,2024-06-03,00:00:00,3.466666666666667,PO4,0.1391476046,nutrients,µmol/L,0,0.030236064899999998,0.1089115397
MOBEAST045,T7,Coral,Table 2,2024-06-03,00:00:00,3.466666666666667,SiO2,0.01,nutrients,µmol/L,0,-0.15491242504999997,0.16491242504999998
MOBEAST045,T7,Coral,Table 2,2024-06-03,00:00:00,3.466666666666667,NH3,0.85876664,nutrients,µmol/L,0,-0.03543515799999997,0.894201798
MOBEAST045,T7,Coral,Table 2,2024-06-03,00:00:00,3.466666666666667,NO3,0.3763950361,nutrients,µmol/L,0,-0.1715531227999999,0.5479481588999999
MOBEAST045,T7,Coral,Table 2,2024-06-03,00:00:00,3.466666666666667,ph_diff,-0.07362817919651388,carbonate,NA,0,-0.07362817919651388,0
MOBEAST045,T7,Coral,Table 2,2024-06-03,00:00:00,3.466666666666667,delta_ta,-45.128999999999905,carbonate,NA,0,-45.128999999999905,0
MOBEAST045,T7,Coral,Table 2,2024-06-03,00:00:00,3.466666666666667,do_mg_l,3.43,residence time,NA,0,NA,NA
MOBEAST045,T7,Coral,Table 2,2024-06-03,00:00:00,3.466666666666667,ta,2318.561,carbonate,NA,0,-38.039000000000215,2356.6000000000004
MOBEAST045,T7,Coral,Table 2,2024-06-03,00:00:00,3.466666666666667,dic_mmol_kg,2016.791611238705,residence time,NA,0,NA,NA
MOBEAST045,T7,Coral,Table 2,2024-06-03,00:00:00,3.466666666666667,ph,7.974282695101865,carbonate,NA,0,-0.046838894463077096,8.021121589564942
MOBEAST045,T7,Coral,Table 2,2024-06-03,00:00:00,3.466666666666667,AEGEAN-169_marine_group,0.026,DNA,NA,0,0.009449999999999997,0.016550000000000002
MOBEAST045,T7,Coral,Table 2,2024-06-03,00:00:00,3.466666666666667,Actinomarinaceae,0.0122,DNA,NA,0,-0.006500000000000001,0.0187
MOBEAST045,T7,Coral,Table 2,2024-06-03,00:00:00,3.466666666666667,Alphaproteobacteria_unclassified,0.0037,DNA,NA,0,0.0036000000000000003,1e-4
MOBEAST045,T7,Coral,Table 2,2024-06-03,00:00:00,3.466666666666667,Alteromonadaceae,0.0438,DNA,NA,0,-0.03360000000000001,0.07740000000000001
MOBEAST045,T7,Coral,Table 2,2024-06-03,00:00:00,3.466666666666667,Alteromonadales_unclassified,0.0014,DNA,NA,0,0.0014,0
MOBEAST045,T7,Coral,Table 2,2024-06-03,00:00:00,3.466666666666667,Anaerolineae_unclassified,0,DNA,NA,0,-3.5e-4,3.5e-4
MOBEAST045,T7,Coral,Table 2,2024-06-03,00:00:00,3.466666666666667,Arcobacteraceae,0.01989999999999999,DNA,NA,0,0.01954999999999999,3.5e-4
MOBEAST045,T7,Coral,Table 2,2024-06-03,00:00:00,3.466666666666667,Arctic97B-4_marine_group_fa,0.0022,DNA,NA,0,-8.99999999999995e-4,0.003099999999999995
MOBEAST045,T7,Coral,Table 2,2024-06-03,00:00:00,3.466666666666667,Bacteria_unclassified,0.0019,DNA,NA,0,0.0019,0
MOBEAST045,T7,Coral,Table 2,2024-06-03,00:00:00,3.466666666666667,Bacteriovoracaceae,0.00109999999999999,DNA,NA,0,9.9999999999999e-4,1e-4
MOBEAST045,T7,Coral,Table 2,2024-06-03,00:00:00,3.466666666666667,Bacteroidales_unclassified,0,DNA,NA,0,0,0
MOBEAST045,T7,Coral,Table 2,2024-06-03,00:00:00,3.466666666666667,Bacteroidetes_BD2-2,0,DNA,NA,0,0,0
MOBEAST045,T7,Coral,Table 2,2024-06-03,00:00:00,3.466666666666667,Bacteroidia_unclassified,3e-4,DNA,NA,0,3e-4,0
MOBEAST045,T7,Coral,Table 2,2024-06-03,00:00:00,3.466666666666667,Bradymonadales_fa,0,DNA,NA,0,0,0
MOBEAST045,T7,Coral,Table 2,2024-06-03,00:00:00,3.466666666666667,Campylobacterales_unclassified,0,DNA,NA,0,0,0
MOBEAST045,T7,Coral,Table 2,2024-06-03,00:00:00,3.466666666666667,Campylobacteria_unclassified,0.0047,DNA,NA,0,0.0047,0
MOBEAST045,T7,Coral,Table 2,2024-06-03,00:00:00,3.466666666666667,Cellvibrionaceae,0.0132,DNA,NA,0,0.0102,0.003
MOBEAST045,T7,Coral,Table 2,2024-06-03,00:00:00,3.466666666666667,Clade_I,0.0373,DNA,NA,0,0.012549999999999999,0.02475
MOBEAST045,T7,Coral,Table 2,2024-06-03,00:00:00,3.466666666666667,Clade_II,0.0111,DNA,NA,0,0.009600000000000001,0.0015
MOBEAST045,T7,Coral,Table 2,2024-06-03,00:00:00,3.466666666666667,Clade_IV,0.0012,DNA,NA,0,2.999999999999999e-4,9e-4
MOBEAST045,T7,Coral,Table 2,2024-06-03,00:00:00,3.466666666666667,Colwelliaceae,7e-4,DNA,NA,0,7e-4,0
MOBEAST045,T7,Coral,Table 2,2024-06-03,00:00:00,3.466666666666667,Cryomorphaceae,0.0056,DNA,NA,0,-0.004299999999999999,0.009899999999999999
MOBEAST045,T7,Coral,Table 2,2024-06-03,00:00:00,3.466666666666667,Cyanobiaceae,0.3655,DNA,NA,0,-0.0932,0.4587
MOBEAST045,T7,Coral,Table 2,2024-06-03,00:00:00,3.466666666666667,Cyclobacteriaceae,9e-4,DNA,NA,0,1.9999999999999998e-4,7e-4
MOBEAST045,T7,Coral,Table 2,2024-06-03,00:00:00,3.466666666666667,Deltaproteobacteria_unclassified,1e-4,DNA,NA,0,1e-4,0
MOBEAST045,T7,Coral,Table 2,2024-06-03,00:00:00,3.466666666666667,Desulfovibrionaceae,4e-4,DNA,NA,0,4e-4,0
MOBEAST045,T7,Coral,Table 2,2024-06-03,00:00:00,3.466666666666667,Desulfuromonadaceae,0,DNA,NA,0,0,0
MOBEAST045,T7,Coral,Table 2,2024-06-03,00:00:00,3.466666666666667,Ectothiorhodospiraceae,0.0018,DNA,NA,0,0.0015999999999999999,2e-4
MOBEAST045,T7,Coral,Table 2,2024-06-03,00:00:00,3.466666666666667,Endozoicomonadaceae,0,DNA,NA,0,-7.999999999999999e-4,7.999999999999999e-4
MOBEAST045,T7,Coral,Table 2,2024-06-03,00:00:00,3.466666666666667,Flavobacteriaceae,0.0597,DNA,NA,0,0.0035499999999999976,0.056150000000000005
MOBEAST045,T7,Coral,Table 2,2024-06-03,00:00:00,3.466666666666667,Francisellaceae,2e-4,DNA,NA,0,2e-4,0
MOBEAST045,T7,Coral,Table 2,2024-06-03,00:00:00,3.466666666666667,Gammaproteobacteria_unclassified,0.008,DNA,NA,0,0.0035500000000000054,0.004449999999999995
MOBEAST045,T7,Coral,Table 2,2024-06-03,00:00:00,3.466666666666667,Halieaceae,0.0222,DNA,NA,0,0.005050000000000006,0.017149999999999995
MOBEAST045,T7,Coral,Table 2,2024-06-03,00:00:00,3.466666666666667,Halomonadaceae,0,DNA,NA,0,0,0
MOBEAST045,T7,Coral,Table 2,2024-06-03,00:00:00,3.466666666666667,Helicobacteraceae,5e-4,DNA,NA,0,5e-4,0
MOBEAST045,T7,Coral,Table 2,2024-06-03,00:00:00,3.466666666666667,Hyphomonadaceae,0.0031,DNA,NA,0,0.0031,0
MOBEAST045,T7,Coral,Table 2,2024-06-03,00:00:00,3.466666666666667,Idiomarinaceae,0,DNA,NA,0,0,0
MOBEAST045,T7,Coral,Table 2,2024-06-03,00:00:00,3.466666666666667,JGI_0000069-P22_fa,4e-4,DNA,NA,0,-0.0039499999999999995,0.00435
MOBEAST045,T7,Coral,Table 2,2024-06-03,00:00:00,3.466666666666667,Kiritimatiellaceae,0,DNA,NA,0,0,0
MOBEAST045,T7,Coral,Table 2,2024-06-03,00:00:00,3.466666666666667,Leptotrichiaceae,7e-4,DNA,NA,0,7e-4,0
MOBEAST045,T7,Coral,Table 2,2024-06-03,00:00:00,3.466666666666667,Litoricolaceae,0.007,DNA,NA,0,0.00335,0.00365
MOBEAST045,T7,Coral,Table 2,2024-06-03,00:00:00,3.466666666666667,Marine_Group_II_fa,0.0392,DNA,NA,0,0.004199999999999995,0.035
MOBEAST045,T7,Coral,Table 2,2024-06-03,00:00:00,3.466666666666667,Marinifilaceae,0,DNA,NA,0,0,0
MOBEAST045,T7,Coral,Table 2,2024-06-03,00:00:00,3.466666666666667,Marinilabiliaceae,0,DNA,NA,0,0,0
MOBEAST045,T7,Coral,Table 2,2024-06-03,00:00:00,3.466666666666667,Marinimicrobia_(SAR406_clade)_fa,0.0075,DNA,NA,0,0.0016500000000000004,0.005849999999999999
MOBEAST045,T7,Coral,Table 2,2024-06-03,00:00:00,3.466666666666667,Marinobacteraceae,0,DNA,NA,0,0,0
MOBEAST045,T7,Coral,Table 2,2024-06-03,00:00:00,3.466666666666667,Marinomonadaceae,0,DNA,NA,0,0,0
MOBEAST045,T7,Coral,Table 2,2024-06-03,00:00:00,3.466666666666667,Methylophilaceae,0.0047,DNA,NA,0,0.0010500000000000002,0.00365
MOBEAST045,T7,Coral,Table 2,2024-06-03,00:00:00,3.466666666666667,Micavibrionaceae,8e-4,DNA,NA,0,8e-4,0
MOBEAST045,T7,Coral,Table 2,2024-06-03,00:00:00,3.466666666666667,Microtrichaceae,0.0034,DNA,NA,0,9.499999999999999e-4,0.00245
MOBEAST045,T7,Coral,Table 2,2024-06-03,00:00:00,3.466666666666667,Moraxellaceae,0,DNA,NA,0,0,0
MOBEAST045,T7,Coral,Table 2,2024-06-03,00:00:00,3.466666666666667,NS7_marine_group,5e-4,DNA,NA,0,-1.4999999999999996e-4,6.5e-4
MOBEAST045,T7,Coral,Table 2,2024-06-03,00:00:00,3.466666666666667,NS9_marine_group,0.003,DNA,NA,0,-0.0020499999999999997,0.00505
MOBEAST045,T7,Coral,Table 2,2024-06-03,00:00:00,3.466666666666667,Nannocystaceae,4e-4,DNA,NA,0,-1.9999999999999993e-4,6e-4
MOBEAST045,T7,Coral,Table 2,2024-06-03,00:00:00,3.466666666666667,Nitrincolaceae,0.0061,DNA,NA,0,0.0022500000000000055,0.003849999999999995
MOBEAST045,T7,Coral,Table 2,2024-06-03,00:00:00,3.466666666666667,Nitrosopumilaceae,6e-4,DNA,NA,0,9.999999999999994e-5,5e-4
MOBEAST045,T7,Coral,Table 2,2024-06-03,00:00:00,3.466666666666667,OM182_clade_fa,0.0028,DNA,NA,0,-0.0010500000000000002,0.00385
MOBEAST045,T7,Coral,Table 2,2024-06-03,00:00:00,3.466666666666667,Oleiphilaceae,0.0013,DNA,NA,0,-2.5e-4,0.00155
MOBEAST045,T7,Coral,Table 2,2024-06-03,00:00:00,3.466666666666667,Oligoflexaceae,0.001,DNA,NA,0,4.500000000000001e-4,5.499999999999999e-4
MOBEAST045,T7,Coral,Table 2,2024-06-03,00:00:00,3.466666666666667,Pirellulaceae,0.0027,DNA,NA,0,-0.0017999999999999995,0.0045
MOBEAST045,T7,Coral,Table 2,2024-06-03,00:00:00,3.466666666666667,Piscirickettsiaceae,6e-4,DNA,NA,0,3.9999999999999996e-4,2e-4
MOBEAST045,T7,Coral,Table 2,2024-06-03,00:00:00,3.466666666666667,Prolixibacteraceae,0,DNA,NA,0,0,0
MOBEAST045,T7,Coral,Table 2,2024-06-03,00:00:00,3.466666666666667,Proteobacteria_unclassified,0.0011,DNA,NA,0,-0.0014500000000000001,0.00255
MOBEAST045,T7,Coral,Table 2,2024-06-03,00:00:00,3.466666666666667,Pseudoalteromonadaceae,2e-4,DNA,NA,0,-4.5e-4,6.5e-4
MOBEAST045,T7,Coral,Table 2,2024-06-03,00:00:00,3.466666666666667,Pseudohongiellaceae,0.0016,DNA,NA,0,-4.9999999999999914e-5,0.00165
MOBEAST045,T7,Coral,Table 2,2024-06-03,00:00:00,3.466666666666667,Pseudomonadaceae,0,DNA,NA,0,0,0
MOBEAST045,T7,Coral,Table 2,2024-06-03,00:00:00,3.466666666666667,Puniceicoccaceae,4e-4,DNA,NA,0,4e-4,0
MOBEAST045,T7,Coral,Table 2,2024-06-03,00:00:00,3.466666666666667,Rhizobiaceae,0,DNA,NA,0,0,0
MOBEAST045,T7,Coral,Table 2,2024-06-03,00:00:00,3.466666666666667,Rhodobacteraceae,0.075,DNA,NA,0,-0.0054499999999999965,0.08045
MOBEAST045,T7,Coral,Table 2,2024-06-03,00:00:00,3.466666666666667,Rhodospirillaceae,3e-4,DNA,NA,0,3e-4,0
MOBEAST045,T7,Coral,Table 2,2024-06-03,00:00:00,3.466666666666667,Rubinisphaeraceae,0.0014,DNA,NA,0,4.9999999999999914e-5,0.00135
MOBEAST045,T7,Coral,Table 2,2024-06-03,00:00:00,3.466666666666667,S25-593,0.001,DNA,NA,0,-4.499999999999999e-4,0.00145
MOBEAST045,T7,Coral,Table 2,2024-06-03,00:00:00,3.466666666666667,SAR116_clade,0.0506,DNA,NA,0,0.009000000000000001,0.0416
MOBEAST045,T7,Coral,Table 2,2024-06-03,00:00:00,3.466666666666667,SAR202_clade_fa,6e-4,DNA,NA,0,4.5e-4,1.5e-4
MOBEAST045,T7,Coral,Table 2,2024-06-03,00:00:00,3.466666666666667,SAR324_clade(Marine_group_B)_fa,0.0015,DNA,NA,0,0.001,5e-4
MOBEAST045,T7,Coral,Table 2,2024-06-03,00:00:00,3.466666666666667,SAR86_clade_fa,0.0495,DNA,NA,0,0.01655000000000001,0.03294999999999999
MOBEAST045,T7,Coral,Table 2,2024-06-03,00:00:00,3.466666666666667,Saccharospirillaceae,0.0389,DNA,NA,0,0.02670000000000001,0.01219999999999999
MOBEAST045,T7,Coral,Table 2,2024-06-03,00:00:00,3.466666666666667,Saprospiraceae,0,DNA,NA,0,0,0
MOBEAST045,T7,Coral,Table 2,2024-06-03,00:00:00,3.466666666666667,Sphingomonadaceae,6e-4,DNA,NA,0,6e-4,0
MOBEAST045,T7,Coral,Table 2,2024-06-03,00:00:00,3.466666666666667,Spirochaetaceae,0,DNA,NA,0,0,0
MOBEAST045,T7,Coral,Table 2,2024-06-03,00:00:00,3.466666666666667,Spongiibacteraceae,9e-4,DNA,NA,0,9e-4,0
MOBEAST045,T7,Coral,Table 2,2024-06-03,00:00:00,3.466666666666667,Stappiaceae,5e-4,DNA,NA,0,5e-4,0
MOBEAST045,T7,Coral,Table 2,2024-06-03,00:00:00,3.466666666666667,Thalassospiraceae,0,DNA,NA,0,0,0
MOBEAST045,T7,Coral,Table 2,2024-06-03,00:00:00,3.466666666666667,Thiomicrospiraceae,4e-4,DNA,NA,0,4e-4,0
MOBEAST045,T7,Coral,Table 2,2024-06-03,00:00:00,3.466666666666667,Vibrionaceae,0.00789999999999999,DNA,NA,0,0.00594999999999999,0.00195
MOBEAST045,T7,Coral,Table 2,2024-06-03,00:00:00,3.466666666666667,Woesearchaeia_fa,0,DNA,NA,0,-8.5e-4,8.5e-4
MOBEAST045,T7,Coral,Table 2,2024-06-03,00:00:00,3.466666666666667,uncultured_fa,2e-4,DNA,NA,0,-1.5e-4,3.5e-4
MOBEAST046,T8,Control,Table 2,2024-06-03,00:00:00,9.5,het_bact,503.644,FCM,cell/µL,0,12.744000000000028,490.9
MOBEAST046,T8,Control,Table 2,2024-06-03,00:00:00,9.5,pico_euk,0.732,FCM,cell/µL,0,0.01550000000000007,0.7164999999999999
MOBEAST046,T8,Control,Table 2,2024-06-03,00:00:00,9.5,syn,161.148,FCM,cell/µL,0,8.01449999999997,153.13350000000003
MOBEAST046,T8,Control,Table 2,2024-06-03,00:00:00,9.5,pro,19.018,FCM,cell/µL,0,-0.5240000000000009,19.542
MOBEAST046,T8,Control,Table 2,2024-06-03,00:00:00,9.5,tot_bact,683.81,FCM,cell/µL,0,20.2349999999999,663.575
MOBEAST046,T8,Control,Table 2,2024-06-03,00:00:00,9.5,cyano,180.1659999999999,FCM,cell/µL,0,7.490499999999884,172.67550000000003
MOBEAST046,T8,Control,Table 2,2024-06-03,00:00:00,9.5,chla_conc,0.04879999999999999,chla,µg/L,0,-0.04480000000000001,0.0936
MOBEAST046,T8,Control,Table 2,2024-06-03,00:00:00,9.5,tn_u_m,10.158709760329,DOC,µmol/L,0,-1.20406662525785,11.36277638558685
MOBEAST046,T8,Control,Table 2,2024-06-03,00:00:00,9.5,coble_a,0.0157211862584379,fDOM,R.U.,0,0.0024703491572725007,0.0132508371011654
MOBEAST046,T8,Control,Table 2,2024-06-03,00:00:00,9.5,coble_b,0.13244074003676,fDOM,R.U.,0,0.05956959081000067,0.07287114922675934
MOBEAST046,T8,Control,Table 2,2024-06-03,00:00:00,9.5,coble_c,0.0110377161807759,fDOM,R.U.,0,0.002930573872829141,0.00810714230794676
MOBEAST046,T8,Control,Table 2,2024-06-03,00:00:00,9.5,coble_m,0.0182101668207666,fDOM,R.U.,0,0.002061101131319798,0.016149065689446802
MOBEAST046,T8,Control,Table 2,2024-06-03,00:00:00,9.5,coble_t,0.172191074944192,fDOM,R.U.,0,0.015660688928416988,0.156530386015775
MOBEAST046,T8,Control,Table 2,2024-06-03,00:00:00,9.5,m_to_c,1.649812925293619,fDOM,R.U.,0,-0.18300464447438825,1.8328175697680071
MOBEAST046,T8,Control,Table 2,2024-06-03,00:00:00,9.5,bix,0.886696990060378,fDOM,R.U.,0,-0.1726474101511879,1.059344400211566
MOBEAST046,T8,Control,Table 2,2024-06-03,00:00:00,9.5,hix,0.295764914214289,fDOM,R.U.,0,0.02412114916804753,0.2716437650462415
MOBEAST046,T8,Control,Table 2,2024-06-03,00:00:00,9.5,fpeak,0.0621114961494961,fDOM,R.U.,0,0.037728265985152706,0.024383230164343392
MOBEAST046,T8,Control,Table 2,2024-06-03,00:00:00,9.5,fi,1.84986200871376,fDOM,R.U.,0,-0.33250053530265533,2.1823625440164154
MOBEAST046,T8,Control,Table 2,2024-06-03,00:00:00,9.5,lignin,0.0425801436190146,fDOM,R.U.,0,NA,NA
MOBEAST046,T8,Control,Table 2,2024-06-03,00:00:00,9.5,N_N,1.644,nutrients,µmol/L,0,0.9009999999999999,0.743
MOBEAST046,T8,Control,Table 2,2024-06-03,00:00:00,9.5,NO2,0.2637348493,nutrients,µmol/L,0,0.0821166934,0.18161815590000002
MOBEAST046,T8,Control,Table 2,2024-06-03,00:00:00,9.5,PO4,0.1527229806,nutrients,µmol/L,0,0.0438114409,0.1089115397
MOBEAST046,T8,Control,Table 2,2024-06-03,00:00:00,9.5,SiO2,0.2506668861,nutrients,µmol/L,0,0.08575446105000001,0.16491242504999998
MOBEAST046,T8,Control,Table 2,2024-06-03,00:00:00,9.5,NH3,1.783443515,nutrients,µmol/L,0,0.8892417170000001,0.894201798
MOBEAST046,T8,Control,Table 2,2024-06-03,00:00:00,9.5,NO3,1.3802651507,nutrients,µmol/L,0,0.8323169918000002,0.5479481588999999
MOBEAST046,T8,Control,Table 2,2024-06-03,00:00:00,9.5,do_mg_l,3.47,residence time,NA,0,NA,NA
MOBEAST046,T8,Control,Table 2,2024-06-03,00:00:00,9.5,ta,2355.957,carbonate,NA,0,-0.6430000000004839,2356.6000000000004
MOBEAST046,T8,Control,Table 2,2024-06-03,00:00:00,9.5,dic_mmol_kg,2010.3646001809032,residence time,NA,0,NA,NA
MOBEAST046,T8,Control,Table 2,2024-06-03,00:00:00,9.5,ph,8.047245541646221,carbonate,NA,0,0.02612395208127971,8.021121589564942
MOBEAST046,T8,Control,Table 2,2024-06-03,00:00:00,9.5,AEGEAN-169_marine_group,0.0288,DNA,NA,0,0.012249999999999997,0.016550000000000002
MOBEAST046,T8,Control,Table 2,2024-06-03,00:00:00,9.5,Actinomarinaceae,0.011,DNA,NA,0,-0.007700000000000002,0.0187
MOBEAST046,T8,Control,Table 2,2024-06-03,00:00:00,9.5,Alcanivoracaceae,0,DNA,NA,0,0,0
MOBEAST046,T8,Control,Table 2,2024-06-03,00:00:00,9.5,Alphaproteobacteria_unclassified,0,DNA,NA,0,-1e-4,1e-4
MOBEAST046,T8,Control,Table 2,2024-06-03,00:00:00,9.5,Alteromonadaceae,0.0472,DNA,NA,0,-0.03020000000000001,0.07740000000000001
MOBEAST046,T8,Control,Table 2,2024-06-03,00:00:00,9.5,Alteromonadales_unclassified,0,DNA,NA,0,0,0
MOBEAST046,T8,Control,Table 2,2024-06-03,00:00:00,9.5,Anaerolineae_unclassified,0,DNA,NA,0,-3.5e-4,3.5e-4
MOBEAST046,T8,Control,Table 2,2024-06-03,00:00:00,9.5,Arcobacteraceae,0,DNA,NA,0,-3.5e-4,3.5e-4
MOBEAST046,T8,Control,Table 2,2024-06-03,00:00:00,9.5,Arctic97B-4_marine_group_fa,0.0039,DNA,NA,0,8.000000000000047e-4,0.003099999999999995
MOBEAST046,T8,Control,Table 2,2024-06-03,00:00:00,9.5,Arenicellaceae,0,DNA,NA,0,0,0
MOBEAST046,T8,Control,Table 2,2024-06-03,00:00:00,9.5,Bacteria_unclassified,0,DNA,NA,0,0,0
MOBEAST046,T8,Control,Table 2,2024-06-03,00:00:00,9.5,Bacteriovoracaceae,0,DNA,NA,0,-1e-4,1e-4
MOBEAST046,T8,Control,Table 2,2024-06-03,00:00:00,9.5,Bacteroidales_unclassified,0,DNA,NA,0,0,0
MOBEAST046,T8,Control,Table 2,2024-06-03,00:00:00,9.5,Bacteroidetes_BD2-2,0,DNA,NA,0,0,0
MOBEAST046,T8,Control,Table 2,2024-06-03,00:00:00,9.5,Bacteroidia_unclassified,0,DNA,NA,0,0,0
MOBEAST046,T8,Control,Table 2,2024-06-03,00:00:00,9.5,Bradymonadales_fa,0,DNA,NA,0,0,0
MOBEAST046,T8,Control,Table 2,2024-06-03,00:00:00,9.5,Campylobacterales_unclassified,0,DNA,NA,0,0,0
MOBEAST046,T8,Control,Table 2,2024-06-03,00:00:00,9.5,Campylobacteria_unclassified,0,DNA,NA,0,0,0
MOBEAST046,T8,Control,Table 2,2024-06-03,00:00:00,9.5,Cellvibrionaceae,0.0026,DNA,NA,0,-4.000000000000002e-4,0.003
MOBEAST046,T8,Control,Table 2,2024-06-03,00:00:00,9.5,Clade_I,0.0394,DNA,NA,0,0.014649999999999996,0.02475
MOBEAST046,T8,Control,Table 2,2024-06-03,00:00:00,9.5,Clade_II,0.0153,DNA,NA,0,0.0138,0.0015
MOBEAST046,T8,Control,Table 2,2024-06-03,00:00:00,9.5,Clade_IV,9e-4,DNA,NA,0,0,9e-4
MOBEAST046,T8,Control,Table 2,2024-06-03,00:00:00,9.5,Colwelliaceae,0,DNA,NA,0,0,0
MOBEAST046,T8,Control,Table 2,2024-06-03,00:00:00,9.5,Cryomorphaceae,0.0086,DNA,NA,0,-0.001299999999999999,0.009899999999999999
MOBEAST046,T8,Control,Table 2,2024-06-03,00:00:00,9.5,Cyanobiaceae,0.4131,DNA,NA,0,-0.045599999999999974,0.4587
MOBEAST046,T8,Control,Table 2,2024-06-03,00:00:00,9.5,Cyclobacteriaceae,6e-4,DNA,NA,0,-1.0000000000000005e-4,7e-4
MOBEAST046,T8,Control,Table 2,2024-06-03,00:00:00,9.5,Deltaproteobacteria_unclassified,0,DNA,NA,0,0,0
MOBEAST046,T8,Control,Table 2,2024-06-03,00:00:00,9.5,Desulfovibrionaceae,0,DNA,NA,0,0,0
MOBEAST046,T8,Control,Table 2,2024-06-03,00:00:00,9.5,Desulfuromonadaceae,0,DNA,NA,0,0,0
MOBEAST046,T8,Control,Table 2,2024-06-03,00:00:00,9.5,Ectothiorhodospiraceae,0.0019,DNA,NA,0,0.0017,2e-4
MOBEAST046,T8,Control,Table 2,2024-06-03,00:00:00,9.5,Endozoicomonadaceae,0,DNA,NA,0,-7.999999999999999e-4,7.999999999999999e-4
MOBEAST046,T8,Control,Table 2,2024-06-03,00:00:00,9.5,Flavobacteriaceae,0.0681,DNA,NA,0,0.011949999999999988,0.056150000000000005
MOBEAST046,T8,Control,Table 2,2024-06-03,00:00:00,9.5,Francisellaceae,0,DNA,NA,0,0,0
MOBEAST046,T8,Control,Table 2,2024-06-03,00:00:00,9.5,Gammaproteobacteria_unclassified,0.0026,DNA,NA,0,-0.0018499999999999949,0.004449999999999995
MOBEAST046,T8,Control,Table 2,2024-06-03,00:00:00,9.5,Halieaceae,0.0225,DNA,NA,0,0.005350000000000004,0.017149999999999995
MOBEAST046,T8,Control,Table 2,2024-06-03,00:00:00,9.5,Halomonadaceae,0,DNA,NA,0,0,0
MOBEAST046,T8,Control,Table 2,2024-06-03,00:00:00,9.5,Helicobacteraceae,0,DNA,NA,0,0,0
MOBEAST046,T8,Control,Table 2,2024-06-03,00:00:00,9.5,Hyphomonadaceae,1e-4,DNA,NA,0,1e-4,0
MOBEAST046,T8,Control,Table 2,2024-06-03,00:00:00,9.5,Idiomarinaceae,0,DNA,NA,0,0,0
MOBEAST046,T8,Control,Table 2,2024-06-03,00:00:00,9.5,JGI_0000069-P22_fa,0,DNA,NA,0,-0.00435,0.00435
MOBEAST046,T8,Control,Table 2,2024-06-03,00:00:00,9.5,KI89A_clade_fa,0,DNA,NA,0,-6.5e-4,6.5e-4
MOBEAST046,T8,Control,Table 2,2024-06-03,00:00:00,9.5,Kiritimatiellaceae,0,DNA,NA,0,0,0
MOBEAST046,T8,Control,Table 2,2024-06-03,00:00:00,9.5,Leptotrichiaceae,0,DNA,NA,0,0,0
MOBEAST046,T8,Control,Table 2,2024-06-03,00:00:00,9.5,Litoricolaceae,0.0042,DNA,NA,0,5.499999999999997e-4,0.00365
MOBEAST046,T8,Control,Table 2,2024-06-03,00:00:00,9.5,Marine_Group_II_fa,0.0555,DNA,NA,0,0.020499999999999997,0.035
MOBEAST046,T8,Control,Table 2,2024-06-03,00:00:00,9.5,Marinifilaceae,0,DNA,NA,0,0,0
MOBEAST046,T8,Control,Table 2,2024-06-03,00:00:00,9.5,Marinilabiliaceae,0,DNA,NA,0,0,0
MOBEAST046,T8,Control,Table 2,2024-06-03,00:00:00,9.5,Marinimicrobia_(SAR406_clade)_fa,0.009,DNA,NA,0,0.00315,0.005849999999999999
MOBEAST046,T8,Control,Table 2,2024-06-03,00:00:00,9.5,Marinobacteraceae,6e-4,DNA,NA,0,6e-4,0
MOBEAST046,T8,Control,Table 2,2024-06-03,00:00:00,9.5,Marinomonadaceae,0,DNA,NA,0,0,0
MOBEAST046,T8,Control,Table 2,2024-06-03,00:00:00,9.5,Methylophilaceae,0.0058,DNA,NA,0,0.0021499999999999996,0.00365
MOBEAST046,T8,Control,Table 2,2024-06-03,00:00:00,9.5,Micavibrionaceae,0,DNA,NA,0,0,0
MOBEAST046,T8,Control,Table 2,2024-06-03,00:00:00,9.5,Microtrichaceae,0.0044,DNA,NA,0,0.0019500000000000003,0.00245
MOBEAST046,T8,Control,Table 2,2024-06-03,00:00:00,9.5,Moraxellaceae,0,DNA,NA,0,0,0
MOBEAST046,T8,Control,Table 2,2024-06-03,00:00:00,9.5,NS7_marine_group,0.001,DNA,NA,0,3.5000000000000005e-4,6.5e-4
MOBEAST046,T8,Control,Table 2,2024-06-03,00:00:00,9.5,NS9_marine_group,0.0029,DNA,NA,0,-0.00215,0.00505
MOBEAST046,T8,Control,Table 2,2024-06-03,00:00:00,9.5,Nannocystaceae,6e-4,DNA,NA,0,0,6e-4
MOBEAST046,T8,Control,Table 2,2024-06-03,00:00:00,9.5,Nitrincolaceae,0.01769999999999999,DNA,NA,0,0.013849999999999994,0.003849999999999995
MOBEAST046,T8,Control,Table 2,2024-06-03,00:00:00,9.5,Nitrosopumilaceae,6e-4,DNA,NA,0,9.999999999999994e-5,5e-4
MOBEAST046,T8,Control,Table 2,2024-06-03,00:00:00,9.5,OM182_clade_fa,0.0036,DNA,NA,0,-2.500000000000002e-4,0.00385
MOBEAST046,T8,Control,Table 2,2024-06-03,00:00:00,9.5,Oleiphilaceae,0.0021,DNA,NA,0,5.499999999999999e-4,0.00155
MOBEAST046,T8,Control,Table 2,2024-06-03,00:00:00,9.5,Oligoflexaceae,8e-4,DNA,NA,0,2.500000000000001e-4,5.499999999999999e-4
MOBEAST046,T8,Control,Table 2,2024-06-03,00:00:00,9.5,Pirellulaceae,0.0043,DNA,NA,0,-1.9999999999999966e-4,0.0045
MOBEAST046,T8,Control,Table 2,2024-06-03,00:00:00,9.5,Piscirickettsiaceae,7e-4,DNA,NA,0,5e-4,2e-4
MOBEAST046,T8,Control,Table 2,2024-06-03,00:00:00,9.5,Prolixibacteraceae,0,DNA,NA,0,0,0
MOBEAST046,T8,Control,Table 2,2024-06-03,00:00:00,9.5,Proteobacteria_unclassified,0.0016,DNA,NA,0,-9.500000000000001e-4,0.00255
MOBEAST046,T8,Control,Table 2,2024-06-03,00:00:00,9.5,Pseudoalteromonadaceae,8e-4,DNA,NA,0,1.5000000000000007e-4,6.5e-4
MOBEAST046,T8,Control,Table 2,2024-06-03,00:00:00,9.5,Pseudohongiellaceae,0.0019,DNA,NA,0,2.5e-4,0.00165
MOBEAST046,T8,Control,Table 2,2024-06-03,00:00:00,9.5,Pseudomonadaceae,0,DNA,NA,0,0,0
MOBEAST046,T8,Control,Table 2,2024-06-03,00:00:00,9.5,Puniceicoccaceae,0,DNA,NA,0,0,0
MOBEAST046,T8,Control,Table 2,2024-06-03,00:00:00,9.5,Rhizobiaceae,0,DNA,NA,0,0,0
MOBEAST046,T8,Control,Table 2,2024-06-03,00:00:00,9.5,Rhodobacteraceae,0.0591,DNA,NA,0,-0.021349999999999994,0.08045
MOBEAST046,T8,Control,Table 2,2024-06-03,00:00:00,9.5,Rhodospirillaceae,0,DNA,NA,0,0,0
MOBEAST046,T8,Control,Table 2,2024-06-03,00:00:00,9.5,Rubinisphaeraceae,0.0014,DNA,NA,0,4.9999999999999914e-5,0.00135
MOBEAST046,T8,Control,Table 2,2024-06-03,00:00:00,9.5,S25-593,0.0012,DNA,NA,0,-2.5e-4,0.00145
MOBEAST046,T8,Control,Table 2,2024-06-03,00:00:00,9.5,SAR116_clade,0.0512,DNA,NA,0,0.009600000000000004,0.0416
MOBEAST046,T8,Control,Table 2,2024-06-03,00:00:00,9.5,SAR202_clade_fa,7e-4,DNA,NA,0,5.5e-4,1.5e-4
MOBEAST046,T8,Control,Table 2,2024-06-03,00:00:00,9.5,SAR324_clade(Marine_group_B)_fa,0.0012,DNA,NA,0,6.999999999999999e-4,5e-4
MOBEAST046,T8,Control,Table 2,2024-06-03,00:00:00,9.5,SAR86_clade_fa,0.0551,DNA,NA,0,0.02215000000000001,0.03294999999999999
MOBEAST046,T8,Control,Table 2,2024-06-03,00:00:00,9.5,Saccharospirillaceae,0.0225,DNA,NA,0,0.010300000000000009,0.01219999999999999
MOBEAST046,T8,Control,Table 2,2024-06-03,00:00:00,9.5,Saprospiraceae,0,DNA,NA,0,0,0
MOBEAST046,T8,Control,Table 2,2024-06-03,00:00:00,9.5,Sphingomonadaceae,0,DNA,NA,0,0,0
MOBEAST046,T8,Control,Table 2,2024-06-03,00:00:00,9.5,Spirochaetaceae,0,DNA,NA,0,0,0
MOBEAST046,T8,Control,Table 2,2024-06-03,00:00:00,9.5,Spongiibacteraceae,0,DNA,NA,0,0,0
MOBEAST046,T8,Control,Table 2,2024-06-03,00:00:00,9.5,Stappiaceae,0,DNA,NA,0,0,0
MOBEAST046,T8,Control,Table 2,2024-06-03,00:00:00,9.5,Terasakiellaceae,0,DNA,NA,0,0,0
MOBEAST046,T8,Control,Table 2,2024-06-03,00:00:00,9.5,Thalassospiraceae,0,DNA,NA,0,0,0
MOBEAST046,T8,Control,Table 2,2024-06-03,00:00:00,9.5,Thiomicrospiraceae,0,DNA,NA,0,0,0
MOBEAST046,T8,Control,Table 2,2024-06-03,00:00:00,9.5,Vibrionaceae,0.0043,DNA,NA,0,0.00235,0.00195
MOBEAST046,T8,Control,Table 2,2024-06-03,00:00:00,9.5,Woesearchaeia_fa,1e-4,DNA,NA,0,-7.499999999999999e-4,8.5e-4
MOBEAST047,T9,Coral,Table 1,2024-06-03,00:00:00,10.6,het_bact,521.7,FCM,cell/µL,0,30.800000000000068,490.9
MOBEAST047,T9,Coral,Table 1,2024-06-03,00:00:00,10.6,pico_euk,0.8,FCM,cell/µL,0,0.08350000000000013,0.7164999999999999
MOBEAST047,T9,Coral,Table 1,2024-06-03,00:00:00,10.6,syn,138.133,FCM,cell/µL,0,-15.000500000000017,153.13350000000003
MOBEAST047,T9,Coral,Table 1,2024-06-03,00:00:00,10.6,pro,26.767,FCM,cell/µL,0,7.224999999999998,19.542
MOBEAST047,T9,Coral,Table 1,2024-06-03,00:00:00,10.6,tot_bact,686.6,FCM,cell/µL,0,23.024999999999977,663.575
MOBEAST047,T9,Coral,Table 1,2024-06-03,00:00:00,10.6,cyano,164.89999999999998,FCM,cell/µL,0,-7.775500000000051,172.67550000000003
MOBEAST047,T9,Coral,Table 1,2024-06-03,00:00:00,10.6,chla_conc,0.0448,chla,µg/L,0,-0.0488,0.0936
MOBEAST047,T9,Coral,Table 1,2024-06-03,00:00:00,10.6,tn_u_m,10.656328756952,DOC,µmol/L,0,-0.7064476286348498,11.36277638558685
MOBEAST047,T9,Coral,Table 1,2024-06-03,00:00:00,10.6,coble_a,0.0138746232884498,fDOM,R.U.,0,6.237861872843992e-4,0.0132508371011654
MOBEAST047,T9,Coral,Table 1,2024-06-03,00:00:00,10.6,coble_b,0.117627262202307,fDOM,R.U.,0,0.04475611297554766,0.07287114922675934
MOBEAST047,T9,Coral,Table 1,2024-06-03,00:00:00,10.6,coble_c,0.0110899782915387,fDOM,R.U.,0,0.00298283598359194,0.00810714230794676
MOBEAST047,T9,Coral,Table 1,2024-06-03,00:00:00,10.6,coble_m,0.01778566525137,fDOM,R.U.,0,0.001636599561923198,0.016149065689446802
MOBEAST047,T9,Coral,Table 1,2024-06-03,00:00:00,10.6,coble_t,0.121276454196583,fDOM,R.U.,0,-0.03525393181919201,0.156530386015775
MOBEAST047,T9,Coral,Table 1,2024-06-03,00:00:00,10.6,m_to_c,1.6037601502736842,fDOM,R.U.,0,-0.2290574194943229,1.8328175697680071
MOBEAST047,T9,Coral,Table 1,2024-06-03,00:00:00,10.6,bix,0.941449865321305,fDOM,R.U.,0,-0.11789453489026092,1.059344400211566
MOBEAST047,T9,Coral,Table 1,2024-06-03,00:00:00,10.6,hix,0.388078082574239,fDOM,R.U.,0,0.11643431752799749,0.2716437650462415
MOBEAST047,T9,Coral,Table 1,2024-06-03,00:00:00,10.6,fpeak,0.0213272010748258,fDOM,R.U.,0,-0.003056029089517593,0.024383230164343392
MOBEAST047,T9,Coral,Table 1,2024-06-03,00:00:00,10.6,fi,1.82434135526073,fDOM,R.U.,0,-0.35802118875568545,2.1823625440164154
MOBEAST047,T9,Coral,Table 1,2024-06-03,00:00:00,10.6,lignin,0.00939003954946126,fDOM,R.U.,0,NA,NA
MOBEAST047,T9,Coral,Table 1,2024-06-03,00:00:00,10.6,N_N,1.284,nutrients,µmol/L,0,0.541,0.743
MOBEAST047,T9,Coral,Table 1,2024-06-03,00:00:00,10.6,NO2,0.2676200818,nutrients,µmol/L,0,0.0860019259,0.18161815590000002
MOBEAST047,T9,Coral,Table 1,2024-06-03,00:00:00,10.6,PO4,0.1043178518,nutrients,µmol/L,0,-0.004593687900000004,0.1089115397
MOBEAST047,T9,Coral,Table 1,2024-06-03,00:00:00,10.6,SiO2,0.2845917278,nutrients,µmol/L,0,0.11967930275000005,0.16491242504999998
MOBEAST047,T9,Coral,Table 1,2024-06-03,00:00:00,10.6,NH3,2.552256136,nutrients,µmol/L,0,1.658054338,0.894201798
MOBEAST047,T9,Coral,Table 1,2024-06-03,00:00:00,10.6,NO3,1.0163799182,nutrients,µmol/L,0,0.46843175930000003,0.5479481588999999
MOBEAST047,T9,Coral,Table 1,2024-06-03,00:00:00,10.6,ph_diff,0.00688159192350212,carbonate,NA,0,0.00688159192350212,0
MOBEAST047,T9,Coral,Table 1,2024-06-03,00:00:00,10.6,do_mg_l,3.39,residence time,NA,0,NA,NA
MOBEAST047,T9,Coral,Table 1,2024-06-03,00:00:00,10.6,ph,8.017502849644234,carbonate,NA,0,-0.00361873992070727,8.021121589564942
MOBEAST047,T9,Coral,Table 1,2024-06-03,00:00:00,10.6,AEGEAN-169_marine_group,0.0029,DNA,NA,0,-0.013650000000000002,0.016550000000000002
MOBEAST047,T9,Coral,Table 1,2024-06-03,00:00:00,10.6,Alcanivoracaceae,0,DNA,NA,0,0,0
MOBEAST047,T9,Coral,Table 1,2024-06-03,00:00:00,10.6,Alphaproteobacteria_unclassified,0.0019,DNA,NA,0,0.0018,1e-4
MOBEAST047,T9,Coral,Table 1,2024-06-03,00:00:00,10.6,Alteromonadaceae,0.0374,DNA,NA,0,-0.04000000000000001,0.07740000000000001
MOBEAST047,T9,Coral,Table 1,2024-06-03,00:00:00,10.6,Alteromonadales_unclassified,0.0015,DNA,NA,0,0.0015,0
MOBEAST047,T9,Coral,Table 1,2024-06-03,00:00:00,10.6,Anaerolineae_unclassified,0.0017,DNA,NA,0,0.0013499999999999999,3.5e-4
MOBEAST047,T9,Coral,Table 1,2024-06-03,00:00:00,10.6,Arcobacteraceae,6e-4,DNA,NA,0,2.4999999999999995e-4,3.5e-4
MOBEAST047,T9,Coral,Table 1,2024-06-03,00:00:00,10.6,Arctic97B-4_marine_group_fa,0.00319999999999999,DNA,NA,0,9.999999999999506e-5,0.003099999999999995
MOBEAST047,T9,Coral,Table 1,2024-06-03,00:00:00,10.6,Arenicellaceae,9e-4,DNA,NA,0,9e-4,0
MOBEAST047,T9,Coral,Table 1,2024-06-03,00:00:00,10.6,Bacteria_unclassified,6e-4,DNA,NA,0,6e-4,0
MOBEAST047,T9,Coral,Table 1,2024-06-03,00:00:00,10.6,Bacteriovoracaceae,0,DNA,NA,0,-1e-4,1e-4
MOBEAST047,T9,Coral,Table 1,2024-06-03,00:00:00,10.6,Bacteroidales_unclassified,0,DNA,NA,0,0,0
MOBEAST047,T9,Coral,Table 1,2024-06-03,00:00:00,10.6,Bacteroidetes_BD2-2,3e-4,DNA,NA,0,3e-4,0
MOBEAST047,T9,Coral,Table 1,2024-06-03,00:00:00,10.6,Bacteroidia_unclassified,4e-4,DNA,NA,0,4e-4,0
MOBEAST047,T9,Coral,Table 1,2024-06-03,00:00:00,10.6,Bradymonadales_fa,0,DNA,NA,0,0,0
MOBEAST047,T9,Coral,Table 1,2024-06-03,00:00:00,10.6,Campylobacterales_unclassified,0,DNA,NA,0,0,0
MOBEAST047,T9,Coral,Table 1,2024-06-03,00:00:00,10.6,Campylobacteria_unclassified,0.0013,DNA,NA,0,0.0013,0
MOBEAST047,T9,Coral,Table 1,2024-06-03,00:00:00,10.6,Cellvibrionaceae,0.0023,DNA,NA,0,-7.000000000000001e-4,0.003
MOBEAST047,T9,Coral,Table 1,2024-06-03,00:00:00,10.6,Clade_I,0.0016,DNA,NA,0,-0.02315,0.02475
MOBEAST047,T9,Coral,Table 1,2024-06-03,00:00:00,10.6,Clade_II,0.0022,DNA,NA,0,7.000000000000001e-4,0.0015
MOBEAST047,T9,Coral,Table 1,2024-06-03,00:00:00,10.6,Clade_IV,0,DNA,NA,0,-9e-4,9e-4
MOBEAST047,T9,Coral,Table 1,2024-06-03,00:00:00,10.6,Colwelliaceae,0,DNA,NA,0,0,0
MOBEAST047,T9,Coral,Table 1,2024-06-03,00:00:00,10.6,Cryomorphaceae,0.0065,DNA,NA,0,-0.0033999999999999994,0.009899999999999999
MOBEAST047,T9,Coral,Table 1,2024-06-03,00:00:00,10.6,Cyclobacteriaceae,1e-4,DNA,NA,0,-6e-4,7e-4
MOBEAST047,T9,Coral,Table 1,2024-06-03,00:00:00,10.6,Deltaproteobacteria_unclassified,0,DNA,NA,0,0,0
MOBEAST047,T9,Coral,Table 1,2024-06-03,00:00:00,10.6,Desulfovibrionaceae,4e-4,DNA,NA,0,4e-4,0
MOBEAST047,T9,Coral,Table 1,2024-06-03,00:00:00,10.6,Desulfuromonadaceae,0,DNA,NA,0,0,0
MOBEAST047,T9,Coral,Table 1,2024-06-03,00:00:00,10.6,Ectothiorhodospiraceae,0,DNA,NA,0,-2e-4,2e-4
MOBEAST047,T9,Coral,Table 1,2024-06-03,00:00:00,10.6,Endozoicomonadaceae,0,DNA,NA,0,-7.999999999999999e-4,7.999999999999999e-4
MOBEAST047,T9,Coral,Table 1,2024-06-03,00:00:00,10.6,Flavobacteriaceae,0.0276,DNA,NA,0,-0.028550000000000006,0.056150000000000005
MOBEAST047,T9,Coral,Table 1,2024-06-03,00:00:00,10.6,Francisellaceae,0,DNA,NA,0,0,0
MOBEAST047,T9,Coral,Table 1,2024-06-03,00:00:00,10.6,Gammaproteobacteria_unclassified,0.00149999999999999,DNA,NA,0,-0.0029500000000000047,0.004449999999999995
MOBEAST047,T9,Coral,Table 1,2024-06-03,00:00:00,10.6,Halieaceae,0.0137,DNA,NA,0,-0.0034499999999999947,0.017149999999999995
MOBEAST047,T9,Coral,Table 1,2024-06-03,00:00:00,10.6,Halomonadaceae,0,DNA,NA,0,0,0
MOBEAST047,T9,Coral,Table 1,2024-06-03,00:00:00,10.6,Helicobacteraceae,0,DNA,NA,0,0,0
MOBEAST047,T9,Coral,Table 1,2024-06-03,00:00:00,10.6,Hyphomonadaceae,0.0011,DNA,NA,0,0.0011,0
MOBEAST047,T9,Coral,Table 1,2024-06-03,00:00:00,10.6,Idiomarinaceae,0,DNA,NA,0,0,0
MOBEAST047,T9,Coral,Table 1,2024-06-03,00:00:00,10.6,JGI_0000069-P22_fa,0,DNA,NA,0,-0.00435,0.00435
MOBEAST047,T9,Coral,Table 1,2024-06-03,00:00:00,10.6,KI89A_clade_fa,5e-4,DNA,NA,0,-1.4999999999999996e-4,6.5e-4
MOBEAST047,T9,Coral,Table 1,2024-06-03,00:00:00,10.6,Kiritimatiellaceae,3e-4,DNA,NA,0,3e-4,0
MOBEAST047,T9,Coral,Table 1,2024-06-03,00:00:00,10.6,Leptotrichiaceae,0,DNA,NA,0,0,0
MOBEAST047,T9,Coral,Table 1,2024-06-03,00:00:00,10.6,Litoricolaceae,0.0046,DNA,NA,0,9.499999999999999e-4,0.00365
MOBEAST047,T9,Coral,Table 1,2024-06-03,00:00:00,10.6,Marine_Group_II_fa,0.01069999999999999,DNA,NA,0,-0.024300000000000013,0.035
MOBEAST047,T9,Coral,Table 1,2024-06-03,00:00:00,10.6,Marinifilaceae,0,DNA,NA,0,0,0
MOBEAST047,T9,Coral,Table 1,2024-06-03,00:00:00,10.6,Marinilabiliaceae,6e-4,DNA,NA,0,6e-4,0
MOBEAST047,T9,Coral,Table 1,2024-06-03,00:00:00,10.6,Marinimicrobia_(SAR406_clade)_fa,0.0013,DNA,NA,0,-0.004549999999999999,0.005849999999999999
MOBEAST047,T9,Coral,Table 1,2024-06-03,00:00:00,10.6,Marinobacteraceae,0,DNA,NA,0,0,0
MOBEAST047,T9,Coral,Table 1,2024-06-03,00:00:00,10.6,Marinomonadaceae,0,DNA,NA,0,0,0
MOBEAST047,T9,Coral,Table 1,2024-06-03,00:00:00,10.6,Methylophilaceae,2e-4,DNA,NA,0,-0.00345,0.00365
MOBEAST047,T9,Coral,Table 1,2024-06-03,00:00:00,10.6,Micavibrionaceae,0,DNA,NA,0,0,0
MOBEAST047,T9,Coral,Table 1,2024-06-03,00:00:00,10.6,Microtrichaceae,0.0023,DNA,NA,0,-1.4999999999999996e-4,0.00245
MOBEAST047,T9,Coral,Table 1,2024-06-03,00:00:00,10.6,Moraxellaceae,0,DNA,NA,0,0,0
MOBEAST047,T9,Coral,Table 1,2024-06-03,00:00:00,10.6,NS7_marine_group,1e-4,DNA,NA,0,-5.499999999999999e-4,6.5e-4
MOBEAST047,T9,Coral,Table 1,2024-06-03,00:00:00,10.6,NS9_marine_group,0.0059,DNA,NA,0,8.500000000000001e-4,0.00505
MOBEAST047,T9,Coral,Table 1,2024-06-03,00:00:00,10.6,Nannocystaceae,8e-4,DNA,NA,0,2.000000000000001e-4,6e-4
MOBEAST047,T9,Coral,Table 1,2024-06-03,00:00:00,10.6,Nitrincolaceae,0.0094,DNA,NA,0,0.0055500000000000054,0.003849999999999995
MOBEAST047,T9,Coral,Table 1,2024-06-03,00:00:00,10.6,Nitrosopumilaceae,4e-4,DNA,NA,0,-9.999999999999999e-5,5e-4
MOBEAST047,T9,Coral,Table 1,2024-06-03,00:00:00,10.6,OM182_clade_fa,0.0032,DNA,NA,0,-6.5e-4,0.00385
MOBEAST047,T9,Coral,Table 1,2024-06-03,00:00:00,10.6,Oleiphilaceae,0.0024,DNA,NA,0,8.499999999999998e-4,0.00155
MOBEAST047,T9,Coral,Table 1,2024-06-03,00:00:00,10.6,Oligoflexaceae,0,DNA,NA,0,-5.499999999999999e-4,5.499999999999999e-4
MOBEAST047,T9,Coral,Table 1,2024-06-03,00:00:00,10.6,Pirellulaceae,0.0051,DNA,NA,0,6.000000000000007e-4,0.0045
MOBEAST047,T9,Coral,Table 1,2024-06-03,00:00:00,10.6,Piscirickettsiaceae,5e-4,DNA,NA,0,3.0000000000000003e-4,2e-4
MOBEAST047,T9,Coral,Table 1,2024-06-03,00:00:00,10.6,Prolixibacteraceae,0,DNA,NA,0,0,0
MOBEAST047,T9,Coral,Table 1,2024-06-03,00:00:00,10.6,Proteobacteria_unclassified,0.0018,DNA,NA,0,-7.500000000000002e-4,0.00255
MOBEAST047,T9,Coral,Table 1,2024-06-03,00:00:00,10.6,Pseudoalteromonadaceae,4e-4,DNA,NA,0,-2.4999999999999995e-4,6.5e-4
MOBEAST047,T9,Coral,Table 1,2024-06-03,00:00:00,10.6,Pseudohongiellaceae,8e-4,DNA,NA,0,-8.5e-4,0.00165
MOBEAST047,T9,Coral,Table 1,2024-06-03,00:00:00,10.6,Pseudomonadaceae,0,DNA,NA,0,0,0
MOBEAST047,T9,Coral,Table 1,2024-06-03,00:00:00,10.6,Puniceicoccaceae,4e-4,DNA,NA,0,4e-4,0
MOBEAST047,T9,Coral,Table 1,2024-06-03,00:00:00,10.6,Rhizobiaceae,0,DNA,NA,0,0,0
MOBEAST047,T9,Coral,Table 1,2024-06-03,00:00:00,10.6,Rhodobacteraceae,0.1213,DNA,NA,0,0.04085000000000001,0.08045
MOBEAST047,T9,Coral,Table 1,2024-06-03,00:00:00,10.6,Rhodospirillaceae,0,DNA,NA,0,0,0
MOBEAST047,T9,Coral,Table 1,2024-06-03,00:00:00,10.6,S25-593,0.0012,DNA,NA,0,-2.5e-4,0.00145
MOBEAST047,T9,Coral,Table 1,2024-06-03,00:00:00,10.6,SAR116_clade,0.0243,DNA,NA,0,-0.0173,0.0416
MOBEAST047,T9,Coral,Table 1,2024-06-03,00:00:00,10.6,SAR202_clade_fa,0,DNA,NA,0,-1.5e-4,1.5e-4
MOBEAST047,T9,Coral,Table 1,2024-06-03,00:00:00,10.6,SAR324_clade(Marine_group_B)_fa,0,DNA,NA,0,-5e-4,5e-4
MOBEAST047,T9,Coral,Table 1,2024-06-03,00:00:00,10.6,SAR86_clade_fa,0.0088,DNA,NA,0,-0.02414999999999999,0.03294999999999999
MOBEAST047,T9,Coral,Table 1,2024-06-03,00:00:00,10.6,Saccharospirillaceae,0.0374,DNA,NA,0,0.025200000000000014,0.01219999999999999
MOBEAST047,T9,Coral,Table 1,2024-06-03,00:00:00,10.6,Saprospiraceae,0,DNA,NA,0,0,0
MOBEAST047,T9,Coral,Table 1,2024-06-03,00:00:00,10.6,Sphingomonadaceae,0,DNA,NA,0,0,0
MOBEAST047,T9,Coral,Table 1,2024-06-03,00:00:00,10.6,Spirochaetaceae,3e-4,DNA,NA,0,3e-4,0
MOBEAST047,T9,Coral,Table 1,2024-06-03,00:00:00,10.6,Spongiibacteraceae,0,DNA,NA,0,0,0
MOBEAST047,T9,Coral,Table 1,2024-06-03,00:00:00,10.6,Stappiaceae,0,DNA,NA,0,0,0
MOBEAST047,T9,Coral,Table 1,2024-06-03,00:00:00,10.6,Terasakiellaceae,0,DNA,NA,0,0,0
MOBEAST047,T9,Coral,Table 1,2024-06-03,00:00:00,10.6,Thalassospiraceae,4e-4,DNA,NA,0,4e-4,0
MOBEAST047,T9,Coral,Table 1,2024-06-03,00:00:00,10.6,Thiomicrospiraceae,0,DNA,NA,0,0,0
MOBEAST047,T9,Coral,Table 1,2024-06-03,00:00:00,10.6,Vibrionaceae,0.0062,DNA,NA,0,0.00425,0.00195
MOBEAST047,T9,Coral,Table 1,2024-06-03,00:00:00,10.6,Woesearchaeia_fa,0,DNA,NA,0,-8.5e-4,8.5e-4
MOBEAST047,T9,Coral,Table 1,2024-06-03,00:00:00,10.6,uncultured_fa,0,DNA,NA,0,-3.5e-4,3.5e-4
MOBEAST048,T10,CCA,Table 1,2024-06-03,00:00:00,8.233333333333333,het_bact,413.233,FCM,cell/µL,0,-77.66699999999997,490.9
MOBEAST048,T10,CCA,Table 1,2024-06-03,00:00:00,8.233333333333333,pico_euk,0.533,FCM,cell/µL,0,-0.18349999999999989,0.7164999999999999
MOBEAST048,T10,CCA,Table 1,2024-06-03,00:00:00,8.233333333333333,syn,112.333,FCM,cell/µL,0,-40.80050000000003,153.13350000000003
MOBEAST048,T10,CCA,Table 1,2024-06-03,00:00:00,8.233333333333333,pro,20.45,FCM,cell/µL,0,0.9079999999999977,19.542
MOBEAST048,T10,CCA,Table 1,2024-06-03,00:00:00,8.233333333333333,tot_bact,546.017,FCM,cell/µL,0,-117.55799999999999,663.575
MOBEAST048,T10,CCA,Table 1,2024-06-03,00:00:00,8.233333333333333,cyano,132.78299999999996,FCM,cell/µL,0,-39.89250000000007,172.67550000000003
MOBEAST048,T10,CCA,Table 1,2024-06-03,00:00:00,8.233333333333333,chla_conc,0.0064,chla,µg/L,0,-0.0872,0.0936
MOBEAST048,T10,CCA,Table 1,2024-06-03,00:00:00,8.233333333333333,tn_u_m,10.8341008231775,DOC,µmol/L,0,-0.5286755624093491,11.36277638558685
MOBEAST048,T10,CCA,Table 1,2024-06-03,00:00:00,8.233333333333333,coble_a,0.014216399378371,fDOM,R.U.,0,9.655622772056002e-4,0.0132508371011654
MOBEAST048,T10,CCA,Table 1,2024-06-03,00:00:00,8.233333333333333,coble_b,0.121116791694354,fDOM,R.U.,0,0.04824564246759466,0.07287114922675934
MOBEAST048,T10,CCA,Table 1,2024-06-03,00:00:00,8.233333333333333,coble_c,0.0108669307257733,fDOM,R.U.,0,0.00275978841782654,0.00810714230794676
MOBEAST048,T10,CCA,Table 1,2024-06-03,00:00:00,8.233333333333333,coble_m,0.0166837981893058,fDOM,R.U.,0,5.347324998589975e-4,0.016149065689446802
MOBEAST048,T10,CCA,Table 1,2024-06-03,00:00:00,8.233333333333333,coble_t,0.0642047431869289,fDOM,R.U.,0,-0.09232564282884612,0.156530386015775
MOBEAST048,T10,CCA,Table 1,2024-06-03,00:00:00,8.233333333333333,m_to_c,1.5352815445612926,fDOM,R.U.,0,-0.2975360252067145,1.8328175697680071
MOBEAST048,T10,CCA,Table 1,2024-06-03,00:00:00,8.233333333333333,bix,0.761319030680367,fDOM,R.U.,0,-0.29802536953119896,1.059344400211566
MOBEAST048,T10,CCA,Table 1,2024-06-03,00:00:00,8.233333333333333,hix,0.49121309338386,fDOM,R.U.,0,0.2195693283376185,0.2716437650462415
MOBEAST048,T10,CCA,Table 1,2024-06-03,00:00:00,8.233333333333333,fpeak,0,fDOM,R.U.,0,-0.024383230164343392,0.024383230164343392
MOBEAST048,T10,CCA,Table 1,2024-06-03,00:00:00,8.233333333333333,fi,2.07568461140424,fDOM,R.U.,0,-0.1066779326121754,2.1823625440164154
MOBEAST048,T10,CCA,Table 1,2024-06-03,00:00:00,8.233333333333333,lignin,0.0494161700514599,fDOM,R.U.,0,NA,NA
MOBEAST048,T10,CCA,Table 1,2024-06-03,00:00:00,8.233333333333333,N_N,1.821,nutrients,µmol/L,0,1.0779999999999998,0.743
MOBEAST048,T10,CCA,Table 1,2024-06-03,00:00:00,8.233333333333333,NO2,0.2442428355,nutrients,µmol/L,0,0.06262467959999998,0.18161815590000002
MOBEAST048,T10,CCA,Table 1,2024-06-03,00:00:00,8.233333333333333,PO4,0.1335254791,nutrients,µmol/L,0,0.024613939400000007,0.1089115397
MOBEAST048,T10,CCA,Table 1,2024-06-03,00:00:00,8.233333333333333,SiO2,0.2393586055,nutrients,µmol/L,0,0.07444618045000001,0.16491242504999998
MOBEAST048,T10,CCA,Table 1,2024-06-03,00:00:00,8.233333333333333,NH3,1.468436309,nutrients,µmol/L,0,0.5742345110000001,0.894201798
MOBEAST048,T10,CCA,Table 1,2024-06-03,00:00:00,8.233333333333333,NO3,1.5767571645,nutrients,µmol/L,0,1.0288090056,0.5479481588999999
MOBEAST048,T10,CCA,Table 1,2024-06-03,00:00:00,8.233333333333333,ph_diff,0.0114652926319323,carbonate,NA,0,0.0114652926319323,0
MOBEAST048,T10,CCA,Table 1,2024-06-03,00:00:00,8.233333333333333,delta_ta,7.76299999999992,carbonate,NA,0,7.76299999999992,0
MOBEAST048,T10,CCA,Table 1,2024-06-03,00:00:00,8.233333333333333,do_mg_l,3.31,residence time,NA,0,NA,NA
MOBEAST048,T10,CCA,Table 1,2024-06-03,00:00:00,8.233333333333333,ta,2357.273,carbonate,NA,0,0.6729999999997744,2356.6000000000004
MOBEAST048,T10,CCA,Table 1,2024-06-03,00:00:00,8.233333333333333,dic_mmol_kg,2023.4048084521985,residence time,NA,0,NA,NA
MOBEAST048,T10,CCA,Table 1,2024-06-03,00:00:00,8.233333333333333,ph,8.022182267209779,carbonate,NA,0,0.0010606776448369715,8.021121589564942
MOBEAST048,T10,CCA,Table 1,2024-06-03,00:00:00,8.233333333333333,AEGEAN-169_marine_group,0.0199,DNA,NA,0,0.003349999999999999,0.016550000000000002
MOBEAST048,T10,CCA,Table 1,2024-06-03,00:00:00,8.233333333333333,Actinomarinaceae,0.0136,DNA,NA,0,-0.005100000000000002,0.0187
MOBEAST048,T10,CCA,Table 1,2024-06-03,00:00:00,8.233333333333333,Alcanivoracaceae,0,DNA,NA,0,0,0
MOBEAST048,T10,CCA,Table 1,2024-06-03,00:00:00,8.233333333333333,Alphaproteobacteria_unclassified,0.0011,DNA,NA,0,0.001,1e-4
MOBEAST048,T10,CCA,Table 1,2024-06-03,00:00:00,8.233333333333333,Alteromonadaceae,0.202,DNA,NA,0,0.1246,0.07740000000000001
MOBEAST048,T10,CCA,Table 1,2024-06-03,00:00:00,8.233333333333333,Alteromonadales_unclassified,0,DNA,NA,0,0,0
MOBEAST048,T10,CCA,Table 1,2024-06-03,00:00:00,8.233333333333333,Anaerolineae_unclassified,7e-4,DNA,NA,0,3.5e-4,3.5e-4
MOBEAST048,T10,CCA,Table 1,2024-06-03,00:00:00,8.233333333333333,Arcobacteraceae,0.0049,DNA,NA,0,0.00455,3.5e-4
MOBEAST048,T10,CCA,Table 1,2024-06-03,00:00:00,8.233333333333333,Arctic97B-4_marine_group_fa,0.0025,DNA,NA,0,-5.999999999999951e-4,0.003099999999999995
MOBEAST048,T10,CCA,Table 1,2024-06-03,00:00:00,8.233333333333333,Arenicellaceae,3e-4,DNA,NA,0,3e-4,0
MOBEAST048,T10,CCA,Table 1,2024-06-03,00:00:00,8.233333333333333,Bacteria_unclassified,0,DNA,NA,0,0,0
MOBEAST048,T10,CCA,Table 1,2024-06-03,00:00:00,8.233333333333333,Bacteriovoracaceae,0.0013,DNA,NA,0,0.0012,1e-4
MOBEAST048,T10,CCA,Table 1,2024-06-03,00:00:00,8.233333333333333,Bacteroidales_unclassified,0,DNA,NA,0,0,0
MOBEAST048,T10,CCA,Table 1,2024-06-03,00:00:00,8.233333333333333,Bacteroidetes_BD2-2,0,DNA,NA,0,0,0
MOBEAST048,T10,CCA,Table 1,2024-06-03,00:00:00,8.233333333333333,Bacteroidia_unclassified,0,DNA,NA,0,0,0
MOBEAST048,T10,CCA,Table 1,2024-06-03,00:00:00,8.233333333333333,Bradymonadales_fa,0,DNA,NA,0,0,0
MOBEAST048,T10,CCA,Table 1,2024-06-03,00:00:00,8.233333333333333,Campylobacterales_unclassified,0,DNA,NA,0,0,0
MOBEAST048,T10,CCA,Table 1,2024-06-03,00:00:00,8.233333333333333,Campylobacteria_unclassified,0,DNA,NA,0,0,0
MOBEAST048,T10,CCA,Table 1,2024-06-03,00:00:00,8.233333333333333,Cellvibrionaceae,0.0021,DNA,NA,0,-9.000000000000002e-4,0.003
MOBEAST048,T10,CCA,Table 1,2024-06-03,00:00:00,8.233333333333333,Clade_I,0.0247,DNA,NA,0,-5.000000000000143e-5,0.02475
MOBEAST048,T10,CCA,Table 1,2024-06-03,00:00:00,8.233333333333333,Clade_II,0.0088,DNA,NA,0,0.007300000000000001,0.0015
MOBEAST048,T10,CCA,Table 1,2024-06-03,00:00:00,8.233333333333333,Clade_IV,0.0012,DNA,NA,0,2.999999999999999e-4,9e-4
MOBEAST048,T10,CCA,Table 1,2024-06-03,00:00:00,8.233333333333333,Cryomorphaceae,0.0044,DNA,NA,0,-0.005499999999999999,0.009899999999999999
MOBEAST048,T10,CCA,Table 1,2024-06-03,00:00:00,8.233333333333333,Cyanobiaceae,0.35129999999999995,DNA,NA,0,-0.10740000000000005,0.4587
MOBEAST048,T10,CCA,Table 1,2024-06-03,00:00:00,8.233333333333333,Cyclobacteriaceae,2e-4,DNA,NA,0,-5e-4,7e-4
MOBEAST048,T10,CCA,Table 1,2024-06-03,00:00:00,8.233333333333333,Deltaproteobacteria_unclassified,0,DNA,NA,0,0,0
MOBEAST048,T10,CCA,Table 1,2024-06-03,00:00:00,8.233333333333333,Desulfovibrionaceae,6e-4,DNA,NA,0,6e-4,0
MOBEAST048,T10,CCA,Table 1,2024-06-03,00:00:00,8.233333333333333,Desulfuromonadaceae,0,DNA,NA,0,0,0
MOBEAST048,T10,CCA,Table 1,2024-06-03,00:00:00,8.233333333333333,Ectothiorhodospiraceae,0.0013,DNA,NA,0,0.0010999999999999998,2e-4
MOBEAST048,T10,CCA,Table 1,2024-06-03,00:00:00,8.233333333333333,Endozoicomonadaceae,6e-4,DNA,NA,0,-1.9999999999999998e-4,7.999999999999999e-4
MOBEAST048,T10,CCA,Table 1,2024-06-03,00:00:00,8.233333333333333,Flavobacteriaceae,0.05509999999999999,DNA,NA,0,-0.0010500000000000162,0.056150000000000005
MOBEAST048,T10,CCA,Table 1,2024-06-03,00:00:00,8.233333333333333,Francisellaceae,0,DNA,NA,0,0,0
MOBEAST048,T10,CCA,Table 1,2024-06-03,00:00:00,8.233333333333333,Gammaproteobacteria_unclassified,0.0012,DNA,NA,0,-0.003249999999999995,0.004449999999999995
MOBEAST048,T10,CCA,Table 1,2024-06-03,00:00:00,8.233333333333333,Halieaceae,0.0109,DNA,NA,0,-0.006249999999999995,0.017149999999999995
MOBEAST048,T10,CCA,Table 1,2024-06-03,00:00:00,8.233333333333333,Halomonadaceae,0,DNA,NA,0,0,0
MOBEAST048,T10,CCA,Table 1,2024-06-03,00:00:00,8.233333333333333,Helicobacteraceae,0,DNA,NA,0,0,0
MOBEAST048,T10,CCA,Table 1,2024-06-03,00:00:00,8.233333333333333,Hyphomonadaceae,4e-4,DNA,NA,0,4e-4,0
MOBEAST048,T10,CCA,Table 1,2024-06-03,00:00:00,8.233333333333333,Idiomarinaceae,0,DNA,NA,0,0,0
MOBEAST048,T10,CCA,Table 1,2024-06-03,00:00:00,8.233333333333333,JGI_0000069-P22_fa,3e-4,DNA,NA,0,-0.00405,0.00435
MOBEAST048,T10,CCA,Table 1,2024-06-03,00:00:00,8.233333333333333,KI89A_clade_fa,2e-4,DNA,NA,0,-4.5e-4,6.5e-4
MOBEAST048,T10,CCA,Table 1,2024-06-03,00:00:00,8.233333333333333,Kiritimatiellaceae,0,DNA,NA,0,0,0
MOBEAST048,T10,CCA,Table 1,2024-06-03,00:00:00,8.233333333333333,Leptotrichiaceae,0,DNA,NA,0,0,0
MOBEAST048,T10,CCA,Table 1,2024-06-03,00:00:00,8.233333333333333,Litoricolaceae,0.003,DNA,NA,0,-6.5e-4,0.00365
MOBEAST048,T10,CCA,Table 1,2024-06-03,00:00:00,8.233333333333333,Marine_Group_II_fa,0.0403,DNA,NA,0,0.005299999999999999,0.035
MOBEAST048,T10,CCA,Table 1,2024-06-03,00:00:00,8.233333333333333,Marinifilaceae,0,DNA,NA,0,0,0
MOBEAST048,T10,CCA,Table 1,2024-06-03,00:00:00,8.233333333333333,Marinilabiliaceae,0,DNA,NA,0,0,0
MOBEAST048,T10,CCA,Table 1,2024-06-03,00:00:00,8.233333333333333,Marinimicrobia_(SAR406_clade)_fa,0.007,DNA,NA,0,0.0011500000000000008,0.005849999999999999
MOBEAST048,T10,CCA,Table 1,2024-06-03,00:00:00,8.233333333333333,Marinobacteraceae,0,DNA,NA,0,0,0
MOBEAST048,T10,CCA,Table 1,2024-06-03,00:00:00,8.233333333333333,Marinomonadaceae,0,DNA,NA,0,0,0
MOBEAST048,T10,CCA,Table 1,2024-06-03,00:00:00,8.233333333333333,Methylophilaceae,0.0034,DNA,NA,0,-2.500000000000002e-4,0.00365
MOBEAST048,T10,CCA,Table 1,2024-06-03,00:00:00,8.233333333333333,Micavibrionaceae,0,DNA,NA,0,0,0
MOBEAST048,T10,CCA,Table 1,2024-06-03,00:00:00,8.233333333333333,Microtrichaceae,0.0037,DNA,NA,0,0.0012500000000000002,0.00245
MOBEAST048,T10,CCA,Table 1,2024-06-03,00:00:00,8.233333333333333,Moraxellaceae,0,DNA,NA,0,0,0
MOBEAST048,T10,CCA,Table 1,2024-06-03,00:00:00,8.233333333333333,NS7_marine_group,2e-4,DNA,NA,0,-4.5e-4,6.5e-4
MOBEAST048,T10,CCA,Table 1,2024-06-03,00:00:00,8.233333333333333,NS9_marine_group,0.00499999999999999,DNA,NA,0,-5.0000000000010106e-5,0.00505
MOBEAST048,T10,CCA,Table 1,2024-06-03,00:00:00,8.233333333333333,Nannocystaceae,4e-4,DNA,NA,0,-1.9999999999999993e-4,6e-4
MOBEAST048,T10,CCA,Table 1,2024-06-03,00:00:00,8.233333333333333,Nitrincolaceae,0.0092,DNA,NA,0,0.005350000000000005,0.003849999999999995
MOBEAST048,T10,CCA,Table 1,2024-06-03,00:00:00,8.233333333333333,Nitrosopumilaceae,7e-4,DNA,NA,0,1.9999999999999998e-4,5e-4
MOBEAST048,T10,CCA,Table 1,2024-06-03,00:00:00,8.233333333333333,OM182_clade_fa,0.0024,DNA,NA,0,-0.0014500000000000003,0.00385
MOBEAST048,T10,CCA,Table 1,2024-06-03,00:00:00,8.233333333333333,Oleiphilaceae,0.0036,DNA,NA,0,0.0020499999999999997,0.00155
MOBEAST048,T10,CCA,Table 1,2024-06-03,00:00:00,8.233333333333333,Oligoflexaceae,3e-4,DNA,NA,0,-2.4999999999999995e-4,5.499999999999999e-4
MOBEAST048,T10,CCA,Table 1,2024-06-03,00:00:00,8.233333333333333,Pirellulaceae,0.00219999999999999,DNA,NA,0,-0.0023000000000000095,0.0045
MOBEAST048,T10,CCA,Table 1,2024-06-03,00:00:00,8.233333333333333,Piscirickettsiaceae,3e-4,DNA,NA,0,9.999999999999996e-5,2e-4
MOBEAST048,T10,CCA,Table 1,2024-06-03,00:00:00,8.233333333333333,Prolixibacteraceae,1e-4,DNA,NA,0,1e-4,0
MOBEAST048,T10,CCA,Table 1,2024-06-03,00:00:00,8.233333333333333,Proteobacteria_unclassified,0.0011,DNA,NA,0,-0.0014500000000000001,0.00255
MOBEAST048,T10,CCA,Table 1,2024-06-03,00:00:00,8.233333333333333,Pseudoalteromonadaceae,0.0011,DNA,NA,0,4.500000000000001e-4,6.5e-4
MOBEAST048,T10,CCA,Table 1,2024-06-03,00:00:00,8.233333333333333,Pseudohongiellaceae,0.001,DNA,NA,0,-6.5e-4,0.00165
MOBEAST048,T10,CCA,Table 1,2024-06-03,00:00:00,8.233333333333333,Pseudomonadaceae,0,DNA,NA,0,0,0
MOBEAST048,T10,CCA,Table 1,2024-06-03,00:00:00,8.233333333333333,Puniceicoccaceae,0,DNA,NA,0,0,0
MOBEAST048,T10,CCA,Table 1,2024-06-03,00:00:00,8.233333333333333,Rhizobiaceae,0,DNA,NA,0,0,0
MOBEAST048,T10,CCA,Table 1,2024-06-03,00:00:00,8.233333333333333,Rhodobacteraceae,0.0632,DNA,NA,0,-0.017249999999999988,0.08045
MOBEAST048,T10,CCA,Table 1,2024-06-03,00:00:00,8.233333333333333,Rhodospirillaceae,0,DNA,NA,0,0,0
MOBEAST048,T10,CCA,Table 1,2024-06-03,00:00:00,8.233333333333333,Rubinisphaeraceae,9e-4,DNA,NA,0,-4.500000000000001e-4,0.00135
MOBEAST048,T10,CCA,Table 1,2024-06-03,00:00:00,8.233333333333333,S25-593,4e-4,DNA,NA,0,-0.00105,0.00145
MOBEAST048,T10,CCA,Table 1,2024-06-03,00:00:00,8.233333333333333,SAR116_clade,0.0255,DNA,NA,0,-0.0161,0.0416
MOBEAST048,T10,CCA,Table 1,2024-06-03,00:00:00,8.233333333333333,SAR202_clade_fa,5e-4,DNA,NA,0,3.5000000000000005e-4,1.5e-4
MOBEAST048,T10,CCA,Table 1,2024-06-03,00:00:00,8.233333333333333,SAR324_clade(Marine_group_B)_fa,9e-4,DNA,NA,0,3.9999999999999996e-4,5e-4
MOBEAST048,T10,CCA,Table 1,2024-06-03,00:00:00,8.233333333333333,SAR86_clade_fa,0.0367,DNA,NA,0,0.0037500000000000103,0.03294999999999999
MOBEAST048,T10,CCA,Table 1,2024-06-03,00:00:00,8.233333333333333,Saccharospirillaceae,0.0136,DNA,NA,0,0.0014000000000000089,0.01219999999999999
MOBEAST048,T10,CCA,Table 1,2024-06-03,00:00:00,8.233333333333333,Saprospiraceae,0,DNA,NA,0,0,0
MOBEAST048,T10,CCA,Table 1,2024-06-03,00:00:00,8.233333333333333,Sphingomonadaceae,0,DNA,NA,0,0,0
MOBEAST048,T10,CCA,Table 1,2024-06-03,00:00:00,8.233333333333333,Spirochaetaceae,0,DNA,NA,0,0,0
MOBEAST048,T10,CCA,Table 1,2024-06-03,00:00:00,8.233333333333333,Spongiibacteraceae,0,DNA,NA,0,0,0
MOBEAST048,T10,CCA,Table 1,2024-06-03,00:00:00,8.233333333333333,Stappiaceae,1e-4,DNA,NA,0,1e-4,0
MOBEAST048,T10,CCA,Table 1,2024-06-03,00:00:00,8.233333333333333,Terasakiellaceae,0,DNA,NA,0,0,0
MOBEAST048,T10,CCA,Table 1,2024-06-03,00:00:00,8.233333333333333,Thalassospiraceae,0,DNA,NA,0,0,0
MOBEAST048,T10,CCA,Table 1,2024-06-03,00:00:00,8.233333333333333,Thiomicrospiraceae,9e-4,DNA,NA,0,9e-4,0
MOBEAST048,T10,CCA,Table 1,2024-06-03,00:00:00,8.233333333333333,Vibrionaceae,0.0449,DNA,NA,0,0.04295,0.00195
MOBEAST048,T10,CCA,Table 1,2024-06-03,00:00:00,8.233333333333333,Woesearchaeia_fa,0,DNA,NA,0,-8.5e-4,8.5e-4
MOBEAST049,T11,Control,Table 1,2024-06-03,00:00:00,2.8666666666666667,het_bact,548.652,FCM,cell/µL,0,57.752000000000066,490.9
MOBEAST049,T11,Control,Table 1,2024-06-03,00:00:00,2.8666666666666667,pico_euk,0.865,FCM,cell/µL,0,0.14850000000000008,0.7164999999999999
MOBEAST049,T11,Control,Table 1,2024-06-03,00:00:00,2.8666666666666667,pro,22.928,FCM,cell/µL,0,3.3859999999999992,19.542
MOBEAST049,T11,Control,Table 1,2024-06-03,00:00:00,2.8666666666666667,tot_bact,737.537,FCM,cell/µL,0,73.96199999999999,663.575
MOBEAST049,T11,Control,Table 1,2024-06-03,00:00:00,2.8666666666666667,chla_conc,0.0192,chla,µg/L,0,-0.07440000000000001,0.0936
MOBEAST049,T11,Control,Table 1,2024-06-03,00:00:00,2.8666666666666667,tn_u_m,10.0751783075243,DOC,µmol/L,0,-1.2875980780625493,11.36277638558685
MOBEAST049,T11,Control,Table 1,2024-06-03,00:00:00,2.8666666666666667,coble_a,0.0149523618211644,fDOM,R.U.,0,0.001701524719998999,0.0132508371011654
MOBEAST049,T11,Control,Table 1,2024-06-03,00:00:00,2.8666666666666667,coble_b,0.11353817623116,fDOM,R.U.,0,0.040667027004400655,0.07287114922675934
MOBEAST049,T11,Control,Table 1,2024-06-03,00:00:00,2.8666666666666667,coble_c,0.0104441116867942,fDOM,R.U.,0,0.0023369693788474408,0.00810714230794676
MOBEAST049,T11,Control,Table 1,2024-06-03,00:00:00,2.8666666666666667,coble_m,0.0182994606256164,fDOM,R.U.,0,0.0021503949361695966,0.016149065689446802
MOBEAST049,T11,Control,Table 1,2024-06-03,00:00:00,2.8666666666666667,coble_t,0.0650248048188801,fDOM,R.U.,0,-0.09150558119689492,0.156530386015775
MOBEAST049,T11,Control,Table 1,2024-06-03,00:00:00,2.8666666666666667,m_to_c,1.7521318398724806,fDOM,R.U.,0,-0.08068572989552658,1.8328175697680071
MOBEAST049,T11,Control,Table 1,2024-06-03,00:00:00,2.8666666666666667,bix,0.645794013514446,fDOM,R.U.,0,-0.41355038669711996,1.059344400211566
MOBEAST049,T11,Control,Table 1,2024-06-03,00:00:00,2.8666666666666667,hix,0.569960650104279,fDOM,R.U.,0,0.2983168850580375,0.2716437650462415
MOBEAST049,T11,Control,Table 1,2024-06-03,00:00:00,2.8666666666666667,fpeak,0.0125494666311642,fDOM,R.U.,0,-0.011833763533179192,0.024383230164343392
MOBEAST049,T11,Control,Table 1,2024-06-03,00:00:00,2.8666666666666667,fi,1.98951393913075,fDOM,R.U.,0,-0.19284860488566546,2.1823625440164154
MOBEAST049,T11,Control,Table 1,2024-06-03,00:00:00,2.8666666666666667,lignin,0.0115067557910814,fDOM,R.U.,0,NA,NA
MOBEAST049,T11,Control,Table 1,2024-06-03,00:00:00,2.8666666666666667,N_N,1.869,nutrients,µmol/L,0,1.126,0.743
MOBEAST049,T11,Control,Table 1,2024-06-03,00:00:00,2.8666666666666667,NO2,0.3125965867,nutrients,µmol/L,0,0.1309784308,0.18161815590000002
MOBEAST049,T11,Control,Table 1,2024-06-03,00:00:00,2.8666666666666667,PO4,0.09389635104,nutrients,µmol/L,0,-0.015015188659999998,0.1089115397
MOBEAST049,T11,Control,Table 1,2024-06-03,00:00:00,2.8666666666666667,SiO2,0.4278299484,nutrients,µmol/L,0,0.26291752335,0.16491242504999998
MOBEAST049,T11,Control,Table 1,2024-06-03,00:00:00,2.8666666666666667,NH3,1.200507843,nutrients,µmol/L,0,0.306306045,0.894201798
MOBEAST049,T11,Control,Table 1,2024-06-03,00:00:00,2.8666666666666667,NO3,1.5564034133,nutrients,µmol/L,0,1.0084552544,0.5479481588999999
MOBEAST049,T11,Control,Table 1,2024-06-03,00:00:00,2.8666666666666667,ph_diff,0.02233613266520606,carbonate,NA,0,0.02233613266520606,0
MOBEAST049,T11,Control,Table 1,2024-06-03,00:00:00,2.8666666666666667,delta_ta,9.473999999999704,carbonate,NA,0,9.473999999999704,0
MOBEAST049,T11,Control,Table 1,2024-06-03,00:00:00,2.8666666666666667,do_mg_l,3.22,residence time,NA,0,NA,NA
MOBEAST049,T11,Control,Table 1,2024-06-03,00:00:00,2.8666666666666667,ta,2358.984,carbonate,NA,0,2.38399999999956,2356.6000000000004
MOBEAST049,T11,Control,Table 1,2024-06-03,00:00:00,2.8666666666666667,dic_mmol_kg,2013.8756942040736,residence time,NA,0,NA,NA
MOBEAST049,T11,Control,Table 1,2024-06-03,00:00:00,2.8666666666666667,ph,8.034849608847981,carbonate,NA,0,0.013728019283039572,8.021121589564942
MOBEAST049,T11,Control,Table 1,2024-06-03,00:00:00,2.8666666666666667,AEGEAN-169_marine_group,0.024,DNA,NA,0,0.007449999999999998,0.016550000000000002
MOBEAST049,T11,Control,Table 1,2024-06-03,00:00:00,2.8666666666666667,Actinomarinaceae,0.0127,DNA,NA,0,-0.006000000000000002,0.0187
MOBEAST049,T11,Control,Table 1,2024-06-03,00:00:00,2.8666666666666667,Alcanivoracaceae,6e-4,DNA,NA,0,6e-4,0
MOBEAST049,T11,Control,Table 1,2024-06-03,00:00:00,2.8666666666666667,Alphaproteobacteria_unclassified,4e-4,DNA,NA,0,3.0000000000000003e-4,1e-4
MOBEAST049,T11,Control,Table 1,2024-06-03,00:00:00,2.8666666666666667,Alteromonadaceae,0.1251,DNA,NA,0,0.04769999999999998,0.07740000000000001
MOBEAST049,T11,Control,Table 1,2024-06-03,00:00:00,2.8666666666666667,Alteromonadales_unclassified,0,DNA,NA,0,0,0
MOBEAST049,T11,Control,Table 1,2024-06-03,00:00:00,2.8666666666666667,Anaerolineae_unclassified,0,DNA,NA,0,-3.5e-4,3.5e-4
MOBEAST049,T11,Control,Table 1,2024-06-03,00:00:00,2.8666666666666667,Arcobacteraceae,0,DNA,NA,0,-3.5e-4,3.5e-4
MOBEAST049,T11,Control,Table 1,2024-06-03,00:00:00,2.8666666666666667,Arctic97B-4_marine_group_fa,0.00219999999999999,DNA,NA,0,-9.00000000000005e-4,0.003099999999999995
MOBEAST049,T11,Control,Table 1,2024-06-03,00:00:00,2.8666666666666667,Arenicellaceae,7e-4,DNA,NA,0,7e-4,0
MOBEAST049,T11,Control,Table 1,2024-06-03,00:00:00,2.8666666666666667,Bacteria_unclassified,0,DNA,NA,0,0,0
MOBEAST049,T11,Control,Table 1,2024-06-03,00:00:00,2.8666666666666667,Bacteriovoracaceae,8e-4,DNA,NA,0,7e-4,1e-4
MOBEAST049,T11,Control,Table 1,2024-06-03,00:00:00,2.8666666666666667,Bacteroidales_unclassified,0,DNA,NA,0,0,0
MOBEAST049,T11,Control,Table 1,2024-06-03,00:00:00,2.8666666666666667,Bacteroidetes_BD2-2,0,DNA,NA,0,0,0
MOBEAST049,T11,Control,Table 1,2024-06-03,00:00:00,2.8666666666666667,Bacteroidia_unclassified,0,DNA,NA,0,0,0
MOBEAST049,T11,Control,Table 1,2024-06-03,00:00:00,2.8666666666666667,Bradymonadales_fa,0,DNA,NA,0,0,0
MOBEAST049,T11,Control,Table 1,2024-06-03,00:00:00,2.8666666666666667,Campylobacterales_unclassified,0,DNA,NA,0,0,0
MOBEAST049,T11,Control,Table 1,2024-06-03,00:00:00,2.8666666666666667,Campylobacteria_unclassified,0,DNA,NA,0,0,0
MOBEAST049,T11,Control,Table 1,2024-06-03,00:00:00,2.8666666666666667,Cellvibrionaceae,0.0272,DNA,NA,0,0.0242,0.003
MOBEAST049,T11,Control,Table 1,2024-06-03,00:00:00,2.8666666666666667,Clade_I,0.03449999999999999,DNA,NA,0,0.009749999999999988,0.02475
MOBEAST049,T11,Control,Table 1,2024-06-03,00:00:00,2.8666666666666667,Clade_II,0.012,DNA,NA,0,0.0105,0.0015
MOBEAST049,T11,Control,Table 1,2024-06-03,00:00:00,2.8666666666666667,Clade_IV,0.001,DNA,NA,0,1.0000000000000005e-4,9e-4
MOBEAST049,T11,Control,Table 1,2024-06-03,00:00:00,2.8666666666666667,Colwelliaceae,4e-4,DNA,NA,0,4e-4,0
MOBEAST049,T11,Control,Table 1,2024-06-03,00:00:00,2.8666666666666667,Cryomorphaceae,0.0064,DNA,NA,0,-0.0034999999999999988,0.009899999999999999
MOBEAST049,T11,Control,Table 1,2024-06-03,00:00:00,2.8666666666666667,Cyanobiaceae,0.3636,DNA,NA,0,-0.09510000000000002,0.4587
MOBEAST049,T11,Control,Table 1,2024-06-03,00:00:00,2.8666666666666667,Cyclobacteriaceae,8e-4,DNA,NA,0,1.0000000000000005e-4,7e-4
MOBEAST049,T11,Control,Table 1,2024-06-03,00:00:00,2.8666666666666667,Deltaproteobacteria_unclassified,0,DNA,NA,0,0,0
MOBEAST049,T11,Control,Table 1,2024-06-03,00:00:00,2.8666666666666667,Desulfovibrionaceae,0,DNA,NA,0,0,0
MOBEAST049,T11,Control,Table 1,2024-06-03,00:00:00,2.8666666666666667,Desulfuromonadaceae,0,DNA,NA,0,0,0
MOBEAST049,T11,Control,Table 1,2024-06-03,00:00:00,2.8666666666666667,Ectothiorhodospiraceae,0.002,DNA,NA,0,0.0018,2e-4
MOBEAST049,T11,Control,Table 1,2024-06-03,00:00:00,2.8666666666666667,Endozoicomonadaceae,0,DNA,NA,0,-7.999999999999999e-4,7.999999999999999e-4
MOBEAST049,T11,Control,Table 1,2024-06-03,00:00:00,2.8666666666666667,Flavobacteriaceae,0.0617,DNA,NA,0,0.0055499999999999924,0.056150000000000005
MOBEAST049,T11,Control,Table 1,2024-06-03,00:00:00,2.8666666666666667,Francisellaceae,0,DNA,NA,0,0,0
MOBEAST049,T11,Control,Table 1,2024-06-03,00:00:00,2.8666666666666667,Gammaproteobacteria_unclassified,0.001,DNA,NA,0,-0.0034499999999999947,0.004449999999999995
MOBEAST049,T11,Control,Table 1,2024-06-03,00:00:00,2.8666666666666667,Halieaceae,0.0165,DNA,NA,0,-6.499999999999943e-4,0.017149999999999995
MOBEAST049,T11,Control,Table 1,2024-06-03,00:00:00,2.8666666666666667,Halomonadaceae,0,DNA,NA,0,0,0
MOBEAST049,T11,Control,Table 1,2024-06-03,00:00:00,2.8666666666666667,Helicobacteraceae,0,DNA,NA,0,0,0
MOBEAST049,T11,Control,Table 1,2024-06-03,00:00:00,2.8666666666666667,Hyphomonadaceae,4e-4,DNA,NA,0,4e-4,0
MOBEAST049,T11,Control,Table 1,2024-06-03,00:00:00,2.8666666666666667,Idiomarinaceae,0,DNA,NA,0,0,0
MOBEAST049,T11,Control,Table 1,2024-06-03,00:00:00,2.8666666666666667,JGI_0000069-P22_fa,2e-4,DNA,NA,0,-0.00415,0.00435
MOBEAST049,T11,Control,Table 1,2024-06-03,00:00:00,2.8666666666666667,KI89A_clade_fa,5e-4,DNA,NA,0,-1.4999999999999996e-4,6.5e-4
MOBEAST049,T11,Control,Table 1,2024-06-03,00:00:00,2.8666666666666667,Kiritimatiellaceae,0,DNA,NA,0,0,0
MOBEAST049,T11,Control,Table 1,2024-06-03,00:00:00,2.8666666666666667,Leptotrichiaceae,0,DNA,NA,0,0,0
MOBEAST049,T11,Control,Table 1,2024-06-03,00:00:00,2.8666666666666667,Litoricolaceae,0.0051,DNA,NA,0,0.0014500000000000003,0.00365
MOBEAST049,T11,Control,Table 1,2024-06-03,00:00:00,2.8666666666666667,Marine_Group_II_fa,0.047,DNA,NA,0,0.011999999999999997,0.035
MOBEAST049,T11,Control,Table 1,2024-06-03,00:00:00,2.8666666666666667,Marinifilaceae,0,DNA,NA,0,0,0
MOBEAST049,T11,Control,Table 1,2024-06-03,00:00:00,2.8666666666666667,Marinilabiliaceae,0,DNA,NA,0,0,0
MOBEAST049,T11,Control,Table 1,2024-06-03,00:00:00,2.8666666666666667,Marinimicrobia_(SAR406_clade)_fa,0.0074,DNA,NA,0,0.001550000000000001,0.005849999999999999
MOBEAST049,T11,Control,Table 1,2024-06-03,00:00:00,2.8666666666666667,Marinobacteraceae,0,DNA,NA,0,0,0
MOBEAST049,T11,Control,Table 1,2024-06-03,00:00:00,2.8666666666666667,Marinomonadaceae,6e-4,DNA,NA,0,6e-4,0
MOBEAST049,T11,Control,Table 1,2024-06-03,00:00:00,2.8666666666666667,Methylophilaceae,0.0057,DNA,NA,0,0.00205,0.00365
MOBEAST049,T11,Control,Table 1,2024-06-03,00:00:00,2.8666666666666667,Micavibrionaceae,0,DNA,NA,0,0,0
MOBEAST049,T11,Control,Table 1,2024-06-03,00:00:00,2.8666666666666667,Microtrichaceae,0.0031,DNA,NA,0,6.5e-4,0.00245
MOBEAST049,T11,Control,Table 1,2024-06-03,00:00:00,2.8666666666666667,Moraxellaceae,0,DNA,NA,0,0,0
MOBEAST049,T11,Control,Table 1,2024-06-03,00:00:00,2.8666666666666667,NS7_marine_group,5e-4,DNA,NA,0,-1.4999999999999996e-4,6.5e-4
MOBEAST049,T11,Control,Table 1,2024-06-03,00:00:00,2.8666666666666667,NS9_marine_group,0.00409999999999999,DNA,NA,0,-9.500000000000099e-4,0.00505
MOBEAST049,T11,Control,Table 1,2024-06-03,00:00:00,2.8666666666666667,Nannocystaceae,0,DNA,NA,0,-6e-4,6e-4
MOBEAST049,T11,Control,Table 1,2024-06-03,00:00:00,2.8666666666666667,Nitrincolaceae,0.0242,DNA,NA,0,0.020350000000000004,0.003849999999999995
MOBEAST049,T11,Control,Table 1,2024-06-03,00:00:00,2.8666666666666667,Nitrosopumilaceae,3e-4,DNA,NA,0,-2.0000000000000004e-4,5e-4
MOBEAST049,T11,Control,Table 1,2024-06-03,00:00:00,2.8666666666666667,OM182_clade_fa,0.0026,DNA,NA,0,-0.0012500000000000002,0.00385
MOBEAST049,T11,Control,Table 1,2024-06-03,00:00:00,2.8666666666666667,Oleiphilaceae,0.0054,DNA,NA,0,0.00385,0.00155
MOBEAST049,T11,Control,Table 1,2024-06-03,00:00:00,2.8666666666666667,Oligoflexaceae,0.001,DNA,NA,0,4.500000000000001e-4,5.499999999999999e-4
MOBEAST049,T11,Control,Table 1,2024-06-03,00:00:00,2.8666666666666667,Pirellulaceae,0.0033,DNA,NA,0,-0.0011999999999999997,0.0045
MOBEAST049,T11,Control,Table 1,2024-06-03,00:00:00,2.8666666666666667,Piscirickettsiaceae,8e-4,DNA,NA,0,6.000000000000001e-4,2e-4
MOBEAST049,T11,Control,Table 1,2024-06-03,00:00:00,2.8666666666666667,Prolixibacteraceae,0,DNA,NA,0,0,0
MOBEAST049,T11,Control,Table 1,2024-06-03,00:00:00,2.8666666666666667,Proteobacteria_unclassified,0.0011,DNA,NA,0,-0.0014500000000000001,0.00255
MOBEAST049,T11,Control,Table 1,2024-06-03,00:00:00,2.8666666666666667,Pseudoalteromonadaceae,0,DNA,NA,0,-6.5e-4,6.5e-4
MOBEAST049,T11,Control,Table 1,2024-06-03,00:00:00,2.8666666666666667,Pseudohongiellaceae,0.0018,DNA,NA,0,1.4999999999999996e-4,0.00165
MOBEAST049,T11,Control,Table 1,2024-06-03,00:00:00,2.8666666666666667,Pseudomonadaceae,0,DNA,NA,0,0,0
MOBEAST049,T11,Control,Table 1,2024-06-03,00:00:00,2.8666666666666667,Puniceicoccaceae,0,DNA,NA,0,0,0
MOBEAST049,T11,Control,Table 1,2024-06-03,00:00:00,2.8666666666666667,Rhizobiaceae,0,DNA,NA,0,0,0
MOBEAST049,T11,Control,Table 1,2024-06-03,00:00:00,2.8666666666666667,Rhodobacteraceae,0.0692,DNA,NA,0,-0.011249999999999996,0.08045
MOBEAST049,T11,Control,Table 1,2024-06-03,00:00:00,2.8666666666666667,Rhodospirillaceae,0,DNA,NA,0,0,0
MOBEAST049,T11,Control,Table 1,2024-06-03,00:00:00,2.8666666666666667,Rubinisphaeraceae,0.0015,DNA,NA,0,1.4999999999999996e-4,0.00135
MOBEAST049,T11,Control,Table 1,2024-06-03,00:00:00,2.8666666666666667,S25-593,6e-4,DNA,NA,0,-8.5e-4,0.00145
MOBEAST049,T11,Control,Table 1,2024-06-03,00:00:00,2.8666666666666667,SAR116_clade,0.0393,DNA,NA,0,-0.0022999999999999965,0.0416
MOBEAST049,T11,Control,Table 1,2024-06-03,00:00:00,2.8666666666666667,SAR202_clade_fa,7e-4,DNA,NA,0,5.5e-4,1.5e-4
MOBEAST049,T11,Control,Table 1,2024-06-03,00:00:00,2.8666666666666667,SAR324_clade(Marine_group_B)_fa,9e-4,DNA,NA,0,3.9999999999999996e-4,5e-4
MOBEAST049,T11,Control,Table 1,2024-06-03,00:00:00,2.8666666666666667,SAR86_clade_fa,0.0497,DNA,NA,0,0.016750000000000008,0.03294999999999999
MOBEAST049,T11,Control,Table 1,2024-06-03,00:00:00,2.8666666666666667,Saccharospirillaceae,0.0087,DNA,NA,0,-0.003499999999999991,0.01219999999999999
MOBEAST049,T11,Control,Table 1,2024-06-03,00:00:00,2.8666666666666667,Saprospiraceae,1e-4,DNA,NA,0,1e-4,0
MOBEAST049,T11,Control,Table 1,2024-06-03,00:00:00,2.8666666666666667,Sphingomonadaceae,0,DNA,NA,0,0,0
MOBEAST049,T11,Control,Table 1,2024-06-03,00:00:00,2.8666666666666667,Spirochaetaceae,0,DNA,NA,0,0,0
MOBEAST049,T11,Control,Table 1,2024-06-03,00:00:00,2.8666666666666667,Spongiibacteraceae,0,DNA,NA,0,0,0
MOBEAST049,T11,Control,Table 1,2024-06-03,00:00:00,2.8666666666666667,Stappiaceae,0,DNA,NA,0,0,0
MOBEAST049,T11,Control,Table 1,2024-06-03,00:00:00,2.8666666666666667,Terasakiellaceae,0,DNA,NA,0,0,0
MOBEAST049,T11,Control,Table 1,2024-06-03,00:00:00,2.8666666666666667,Thalassospiraceae,0,DNA,NA,0,0,0
MOBEAST049,T11,Control,Table 1,2024-06-03,00:00:00,2.8666666666666667,Thiomicrospiraceae,0,DNA,NA,0,0,0
MOBEAST049,T11,Control,Table 1,2024-06-03,00:00:00,2.8666666666666667,Vibrionaceae,0.0038,DNA,NA,0,0.00185,0.00195
MOBEAST049,T11,Control,Table 1,2024-06-03,00:00:00,2.8666666666666667,Woesearchaeia_fa,0.0019,DNA,NA,0,0.0010500000000000002,8.5e-4
MOBEAST049,T11,Control,Table 1,2024-06-03,00:00:00,2.8666666666666667,uncultured_fa,5e-4,DNA,NA,0,1.5000000000000001e-4,3.5e-4
MOBEAST050,T12,CCA,Table 1,2024-06-03,00:00:00,5.9,het_bact,457.05,FCM,cell/µL,0,-33.849999999999966,490.9
MOBEAST050,T12,CCA,Table 1,2024-06-03,00:00:00,5.9,pico_euk,0.817,FCM,cell/µL,0,0.10050000000000003,0.7164999999999999
MOBEAST050,T12,CCA,Table 1,2024-06-03,00:00:00,5.9,syn,136.633,FCM,cell/µL,0,-16.500500000000017,153.13350000000003
MOBEAST050,T12,CCA,Table 1,2024-06-03,00:00:00,5.9,pro,18,FCM,cell/µL,0,-1.5420000000000016,19.542
MOBEAST050,T12,CCA,Table 1,2024-06-03,00:00:00,5.9,tot_bact,611.683,FCM,cell/µL,0,-51.89200000000005,663.575
MOBEAST050,T12,CCA,Table 1,2024-06-03,00:00:00,5.9,cyano,154.63299999999998,FCM,cell/µL,0,-18.042500000000047,172.67550000000003
MOBEAST050,T12,CCA,Table 1,2024-06-03,00:00:00,5.9,chla_conc,0.0472,chla,µg/L,0,-0.046400000000000004,0.0936
MOBEAST050,T12,CCA,Table 1,2024-06-03,00:00:00,5.9,tn_u_m,10.1501424318362,DOC,µmol/L,0,-1.2126339537506503,11.36277638558685
MOBEAST050,T12,CCA,Table 1,2024-06-03,00:00:00,5.9,coble_a,0.016649363900199,fDOM,R.U.,0,0.0033985267990335986,0.0132508371011654
MOBEAST050,T12,CCA,Table 1,2024-06-03,00:00:00,5.9,coble_b,0.123107674743348,fDOM,R.U.,0,0.05023652551658865,0.07287114922675934
MOBEAST050,T12,CCA,Table 1,2024-06-03,00:00:00,5.9,coble_c,0.0118331155998278,fDOM,R.U.,0,0.0037259732918810406,0.00810714230794676
MOBEAST050,T12,CCA,Table 1,2024-06-03,00:00:00,5.9,coble_t,0.182420734981385,fDOM,R.U.,0,0.02589034896560999,0.156530386015775
MOBEAST050,T12,CCA,Table 1,2024-06-03,00:00:00,5.9,m_to_c,1.8806136541697136,fDOM,R.U.,0,0.04779608440170646,1.8328175697680071
MOBEAST050,T12,CCA,Table 1,2024-06-03,00:00:00,5.9,bix,1.00072697211628,fDOM,R.U.,0,-0.05861742809528603,1.059344400211566
MOBEAST050,T12,CCA,Table 1,2024-06-03,00:00:00,5.9,hix,0.323345129834052,fDOM,R.U.,0,0.05170136478781051,0.2716437650462415
MOBEAST050,T12,CCA,Table 1,2024-06-03,00:00:00,5.9,fpeak,0,fDOM,R.U.,0,-0.024383230164343392,0.024383230164343392
MOBEAST050,T12,CCA,Table 1,2024-06-03,00:00:00,5.9,fi,2.19368762891153,fDOM,R.U.,0,0.011325084895114745,2.1823625440164154
MOBEAST050,T12,CCA,Table 1,2024-06-03,00:00:00,5.9,lignin,0.0543803939075935,fDOM,R.U.,0,NA,NA
MOBEAST050,T12,CCA,Table 1,2024-06-03,00:00:00,5.9,N_N,1.312,nutrients,µmol/L,0,0.5690000000000001,0.743
MOBEAST050,T12,CCA,Table 1,2024-06-03,00:00:00,5.9,NO2,0.2582691833,nutrients,µmol/L,0,0.07665102739999996,0.18161815590000002
MOBEAST050,T12,CCA,Table 1,2024-06-03,00:00:00,5.9,PO4,0.1419586673,nutrients,µmol/L,0,0.033047127600000004,0.1089115397
MOBEAST050,T12,CCA,Table 1,2024-06-03,00:00:00,5.9,SiO2,0.2186267578,nutrients,µmol/L,0,0.05371433275000001,0.16491242504999998
MOBEAST050,T12,CCA,Table 1,2024-06-03,00:00:00,5.9,NH3,1.906688928,nutrients,µmol/L,0,1.0124871299999998,0.894201798
MOBEAST050,T12,CCA,Table 1,2024-06-03,00:00:00,5.9,NO3,1.0537308167,nutrients,µmol/L,0,0.5057826578,0.5479481588999999
MOBEAST050,T12,CCA,Table 1,2024-06-03,00:00:00,5.9,ph_diff,0.00505759841376018,carbonate,NA,0,0.00505759841376018,0
MOBEAST050,T12,CCA,Table 1,2024-06-03,00:00:00,5.9,delta_ta,8.036999999999807,carbonate,NA,0,8.036999999999807,0
MOBEAST050,T12,CCA,Table 1,2024-06-03,00:00:00,5.9,do_mg_l,3.13,residence time,NA,0,NA,NA
MOBEAST050,T12,CCA,Table 1,2024-06-03,00:00:00,5.9,ta,2357.547,carbonate,NA,0,0.9469999999996617,2356.6000000000004
MOBEAST050,T12,CCA,Table 1,2024-06-03,00:00:00,5.9,dic_mmol_kg,2025.201351135055,residence time,NA,0,NA,NA
MOBEAST050,T12,CCA,Table 1,2024-06-03,00:00:00,5.9,ph,8.017010916222258,carbonate,NA,0,-0.004110673342683668,8.021121589564942
MOBEAST050,T12,CCA,Table 1,2024-06-03,00:00:00,5.9,AEGEAN-169_marine_group,0.0239,DNA,NA,0,0.007349999999999999,0.016550000000000002
MOBEAST050,T12,CCA,Table 1,2024-06-03,00:00:00,5.9,Actinomarinaceae,0.0109,DNA,NA,0,-0.007800000000000001,0.0187
MOBEAST050,T12,CCA,Table 1,2024-06-03,00:00:00,5.9,Alcanivoracaceae,0,DNA,NA,0,0,0
MOBEAST050,T12,CCA,Table 1,2024-06-03,00:00:00,5.9,Alphaproteobacteria_unclassified,4e-4,DNA,NA,0,3.0000000000000003e-4,1e-4
MOBEAST050,T12,CCA,Table 1,2024-06-03,00:00:00,5.9,Alteromonadaceae,0.1197,DNA,NA,0,0.04229999999999999,0.07740000000000001
MOBEAST050,T12,CCA,Table 1,2024-06-03,00:00:00,5.9,Alteromonadales_unclassified,0,DNA,NA,0,0,0
MOBEAST050,T12,CCA,Table 1,2024-06-03,00:00:00,5.9,Anaerolineae_unclassified,0,DNA,NA,0,-3.5e-4,3.5e-4
MOBEAST050,T12,CCA,Table 1,2024-06-03,00:00:00,5.9,Arcobacteraceae,0.0011,DNA,NA,0,7.5e-4,3.5e-4
MOBEAST050,T12,CCA,Table 1,2024-06-03,00:00:00,5.9,Arctic97B-4_marine_group_fa,0.0017,DNA,NA,0,-0.0013999999999999952,0.003099999999999995
MOBEAST050,T12,CCA,Table 1,2024-06-03,00:00:00,5.9,Arenicellaceae,0,DNA,NA,0,0,0
MOBEAST050,T12,CCA,Table 1,2024-06-03,00:00:00,5.9,Bacteria_unclassified,1e-4,DNA,NA,0,1e-4,0
MOBEAST050,T12,CCA,Table 1,2024-06-03,00:00:00,5.9,Bacteriovoracaceae,4e-4,DNA,NA,0,3.0000000000000003e-4,1e-4
MOBEAST050,T12,CCA,Table 1,2024-06-03,00:00:00,5.9,Bacteroidales_unclassified,0,DNA,NA,0,0,0
MOBEAST050,T12,CCA,Table 1,2024-06-03,00:00:00,5.9,Bacteroidetes_BD2-2,0,DNA,NA,0,0,0
MOBEAST050,T12,CCA,Table 1,2024-06-03,00:00:00,5.9,Bacteroidia_unclassified,0,DNA,NA,0,0,0
MOBEAST050,T12,CCA,Table 1,2024-06-03,00:00:00,5.9,Bradymonadales_fa,0,DNA,NA,0,0,0
MOBEAST050,T12,CCA,Table 1,2024-06-03,00:00:00,5.9,Campylobacterales_unclassified,0,DNA,NA,0,0,0
MOBEAST050,T12,CCA,Table 1,2024-06-03,00:00:00,5.9,Campylobacteria_unclassified,1e-4,DNA,NA,0,1e-4,0
MOBEAST050,T12,CCA,Table 1,2024-06-03,00:00:00,5.9,Cellvibrionaceae,0.04029999999999999,DNA,NA,0,0.037299999999999986,0.003
MOBEAST050,T12,CCA,Table 1,2024-06-03,00:00:00,5.9,Clade_I,0.0361,DNA,NA,0,0.011349999999999999,0.02475
MOBEAST050,T12,CCA,Table 1,2024-06-03,00:00:00,5.9,Clade_II,0.0103,DNA,NA,0,0.0088,0.0015
MOBEAST050,T12,CCA,Table 1,2024-06-03,00:00:00,5.9,Clade_IV,0.0011,DNA,NA,0,2.000000000000001e-4,9e-4
MOBEAST050,T12,CCA,Table 1,2024-06-03,00:00:00,5.9,Colwelliaceae,4e-4,DNA,NA,0,4e-4,0
MOBEAST050,T12,CCA,Table 1,2024-06-03,00:00:00,5.9,Cryomorphaceae,0.0077,DNA,NA,0,-0.002199999999999999,0.009899999999999999
MOBEAST050,T12,CCA,Table 1,2024-06-03,00:00:00,5.9,Cyanobiaceae,0.3921,DNA,NA,0,-0.06659999999999999,0.4587
MOBEAST050,T12,CCA,Table 1,2024-06-03,00:00:00,5.9,Cyclobacteriaceae,9e-4,DNA,NA,0,1.9999999999999998e-4,7e-4
MOBEAST050,T12,CCA,Table 1,2024-06-03,00:00:00,5.9,Deltaproteobacteria_unclassified,0,DNA,NA,0,0,0
MOBEAST050,T12,CCA,Table 1,2024-06-03,00:00:00,5.9,Desulfovibrionaceae,2e-4,DNA,NA,0,2e-4,0
MOBEAST050,T12,CCA,Table 1,2024-06-03,00:00:00,5.9,Desulfuromonadaceae,0,DNA,NA,0,0,0
MOBEAST050,T12,CCA,Table 1,2024-06-03,00:00:00,5.9,Ectothiorhodospiraceae,0.0014,DNA,NA,0,0.0012,2e-4
MOBEAST050,T12,CCA,Table 1,2024-06-03,00:00:00,5.9,Endozoicomonadaceae,6e-4,DNA,NA,0,-1.9999999999999998e-4,7.999999999999999e-4
MOBEAST050,T12,CCA,Table 1,2024-06-03,00:00:00,5.9,Flavobacteriaceae,0.0445,DNA,NA,0,-0.011650000000000008,0.056150000000000005
MOBEAST050,T12,CCA,Table 1,2024-06-03,00:00:00,5.9,Francisellaceae,0,DNA,NA,0,0,0
MOBEAST050,T12,CCA,Table 1,2024-06-03,00:00:00,5.9,Gammaproteobacteria_unclassified,0.00269999999999999,DNA,NA,0,-0.0017500000000000046,0.004449999999999995
MOBEAST050,T12,CCA,Table 1,2024-06-03,00:00:00,5.9,Halieaceae,0.01509999999999999,DNA,NA,0,-0.002050000000000005,0.017149999999999995
MOBEAST050,T12,CCA,Table 1,2024-06-03,00:00:00,5.9,Halomonadaceae,2e-4,DNA,NA,0,2e-4,0
MOBEAST050,T12,CCA,Table 1,2024-06-03,00:00:00,5.9,Helicobacteraceae,0,DNA,NA,0,0,0
MOBEAST050,T12,CCA,Table 1,2024-06-03,00:00:00,5.9,Hyphomonadaceae,9e-4,DNA,NA,0,9e-4,0
MOBEAST050,T12,CCA,Table 1,2024-06-03,00:00:00,5.9,Idiomarinaceae,0,DNA,NA,0,0,0
MOBEAST050,T12,CCA,Table 1,2024-06-03,00:00:00,5.9,JGI_0000069-P22_fa,2e-4,DNA,NA,0,-0.00415,0.00435
MOBEAST050,T12,CCA,Table 1,2024-06-03,00:00:00,5.9,KI89A_clade_fa,3e-4,DNA,NA,0,-3.5e-4,6.5e-4
MOBEAST050,T12,CCA,Table 1,2024-06-03,00:00:00,5.9,Kiritimatiellaceae,0,DNA,NA,0,0,0
MOBEAST050,T12,CCA,Table 1,2024-06-03,00:00:00,5.9,Leptotrichiaceae,0,DNA,NA,0,0,0
MOBEAST050,T12,CCA,Table 1,2024-06-03,00:00:00,5.9,Litoricolaceae,0.0053,DNA,NA,0,0.00165,0.00365
MOBEAST050,T12,CCA,Table 1,2024-06-03,00:00:00,5.9,Marine_Group_II_fa,0.0342,DNA,NA,0,-8.000000000000021e-4,0.035
MOBEAST050,T12,CCA,Table 1,2024-06-03,00:00:00,5.9,Marinifilaceae,3e-4,DNA,NA,0,3e-4,0
MOBEAST050,T12,CCA,Table 1,2024-06-03,00:00:00,5.9,Marinilabiliaceae,0,DNA,NA,0,0,0
MOBEAST050,T12,CCA,Table 1,2024-06-03,00:00:00,5.9,Marinimicrobia_(SAR406_clade)_fa,0.0055,DNA,NA,0,-3.499999999999996e-4,0.005849999999999999
MOBEAST050,T12,CCA,Table 1,2024-06-03,00:00:00,5.9,Marinobacteraceae,0,DNA,NA,0,0,0
MOBEAST050,T12,CCA,Table 1,2024-06-03,00:00:00,5.9,Marinomonadaceae,0,DNA,NA,0,0,0
MOBEAST050,T12,CCA,Table 1,2024-06-03,00:00:00,5.9,Methylophilaceae,0.0062,DNA,NA,0,0.0025499999999999997,0.00365
MOBEAST050,T12,CCA,Table 1,2024-06-03,00:00:00,5.9,Micavibrionaceae,0,DNA,NA,0,0,0
MOBEAST050,T12,CCA,Table 1,2024-06-03,00:00:00,5.9,Microtrichaceae,0.0046,DNA,NA,0,0.00215,0.00245
MOBEAST050,T12,CCA,Table 1,2024-06-03,00:00:00,5.9,Moraxellaceae,0,DNA,NA,0,0,0
MOBEAST050,T12,CCA,Table 1,2024-06-03,00:00:00,5.9,NS7_marine_group,6e-4,DNA,NA,0,-5.000000000000002e-5,6.5e-4
MOBEAST050,T12,CCA,Table 1,2024-06-03,00:00:00,5.9,NS9_marine_group,0.00309999999999999,DNA,NA,0,-0.0019500000000000099,0.00505
MOBEAST050,T12,CCA,Table 1,2024-06-03,00:00:00,5.9,Nannocystaceae,2e-4,DNA,NA,0,-3.9999999999999996e-4,6e-4
MOBEAST050,T12,CCA,Table 1,2024-06-03,00:00:00,5.9,Nitrincolaceae,0.0078,DNA,NA,0,0.003950000000000005,0.003849999999999995
MOBEAST050,T12,CCA,Table 1,2024-06-03,00:00:00,5.9,Nitrosopumilaceae,6e-4,DNA,NA,0,9.999999999999994e-5,5e-4
MOBEAST050,T12,CCA,Table 1,2024-06-03,00:00:00,5.9,OM182_clade_fa,0.0029,DNA,NA,0,-9.500000000000003e-4,0.00385
MOBEAST050,T12,CCA,Table 1,2024-06-03,00:00:00,5.9,Oleiphilaceae,8e-4,DNA,NA,0,-7.499999999999999e-4,0.00155
MOBEAST050,T12,CCA,Table 1,2024-06-03,00:00:00,5.9,Oligoflexaceae,7e-4,DNA,NA,0,1.5000000000000007e-4,5.499999999999999e-4
MOBEAST050,T12,CCA,Table 1,2024-06-03,00:00:00,5.9,Pirellulaceae,0.0027,DNA,NA,0,-0.0017999999999999995,0.0045
MOBEAST050,T12,CCA,Table 1,2024-06-03,00:00:00,5.9,Piscirickettsiaceae,3e-4,DNA,NA,0,9.999999999999996e-5,2e-4
MOBEAST050,T12,CCA,Table 1,2024-06-03,00:00:00,5.9,Prolixibacteraceae,0,DNA,NA,0,0,0
MOBEAST050,T12,CCA,Table 1,2024-06-03,00:00:00,5.9,Proteobacteria_unclassified,0.0014,DNA,NA,0,-0.0011500000000000002,0.00255
MOBEAST050,T12,CCA,Table 1,2024-06-03,00:00:00,5.9,Pseudoalteromonadaceae,0,DNA,NA,0,-6.5e-4,6.5e-4
MOBEAST050,T12,CCA,Table 1,2024-06-03,00:00:00,5.9,Pseudohongiellaceae,0.0014,DNA,NA,0,-2.5e-4,0.00165
MOBEAST050,T12,CCA,Table 1,2024-06-03,00:00:00,5.9,Pseudomonadaceae,0,DNA,NA,0,0,0
MOBEAST050,T12,CCA,Table 1,2024-06-03,00:00:00,5.9,Puniceicoccaceae,0,DNA,NA,0,0,0
MOBEAST050,T12,CCA,Table 1,2024-06-03,00:00:00,5.9,Rhizobiaceae,0,DNA,NA,0,0,0
MOBEAST050,T12,CCA,Table 1,2024-06-03,00:00:00,5.9,Rhodobacteraceae,0.0742,DNA,NA,0,-0.006249999999999992,0.08045
MOBEAST050,T12,CCA,Table 1,2024-06-03,00:00:00,5.9,Rhodospirillaceae,0,DNA,NA,0,0,0
MOBEAST050,T12,CCA,Table 1,2024-06-03,00:00:00,5.9,Rubinisphaeraceae,9e-4,DNA,NA,0,-4.500000000000001e-4,0.00135
MOBEAST050,T12,CCA,Table 1,2024-06-03,00:00:00,5.9,S25-593,6e-4,DNA,NA,0,-8.5e-4,0.00145
MOBEAST050,T12,CCA,Table 1,2024-06-03,00:00:00,5.9,SAR116_clade,0.0391,DNA,NA,0,-0.0024999999999999953,0.0416
MOBEAST050,T12,CCA,Table 1,2024-06-03,00:00:00,5.9,SAR202_clade_fa,3e-4,DNA,NA,0,1.5e-4,1.5e-4
MOBEAST050,T12,CCA,Table 1,2024-06-03,00:00:00,5.9,SAR324_clade(Marine_group_B)_fa,3e-4,DNA,NA,0,-2.0000000000000004e-4,5e-4
MOBEAST050,T12,CCA,Table 1,2024-06-03,00:00:00,5.9,SAR86_clade_fa,0.0359,DNA,NA,0,0.002950000000000008,0.03294999999999999
MOBEAST050,T12,CCA,Table 1,2024-06-03,00:00:00,5.9,Saccharospirillaceae,0.0257,DNA,NA,0,0.01350000000000001,0.01219999999999999
MOBEAST050,T12,CCA,Table 1,2024-06-03,00:00:00,5.9,Saprospiraceae,1e-4,DNA,NA,0,1e-4,0
MOBEAST050,T12,CCA,Table 1,2024-06-03,00:00:00,5.9,Sphingomonadaceae,1e-4,DNA,NA,0,1e-4,0
MOBEAST050,T12,CCA,Table 1,2024-06-03,00:00:00,5.9,Spirochaetaceae,0,DNA,NA,0,0,0
MOBEAST050,T12,CCA,Table 1,2024-06-03,00:00:00,5.9,Spongiibacteraceae,3e-4,DNA,NA,0,3e-4,0
MOBEAST050,T12,CCA,Table 1,2024-06-03,00:00:00,5.9,Stappiaceae,1e-4,DNA,NA,0,1e-4,0
MOBEAST050,T12,CCA,Table 1,2024-06-03,00:00:00,5.9,Terasakiellaceae,0,DNA,NA,0,0,0
MOBEAST050,T12,CCA,Table 1,2024-06-03,00:00:00,5.9,Thalassospiraceae,3e-4,DNA,NA,0,3e-4,0
MOBEAST050,T12,CCA,Table 1,2024-06-03,00:00:00,5.9,Thiomicrospiraceae,0.0014,DNA,NA,0,0.0014,0
MOBEAST050,T12,CCA,Table 1,2024-06-03,00:00:00,5.9,Vibrionaceae,0.0028,DNA,NA,0,8.500000000000001e-4,0.00195
MOBEAST050,T12,CCA,Table 1,2024-06-03,00:00:00,5.9,Woesearchaeia_fa,2e-4,DNA,NA,0,-6.5e-4,8.5e-4
MOBEAST050,T12,CCA,Table 1,2024-06-03,00:00:00,5.9,uncultured_fa,3e-4,DNA,NA,0,-5.000000000000002e-5,3.5e-4
MOBEAST051,T13,Algae,Table 1,2024-06-03,00:00:00,1.35,pico_euk,0.833,FCM,cell/µL,0,0.11650000000000005,0.7164999999999999
MOBEAST051,T13,Algae,Table 1,2024-06-03,00:00:00,1.35,syn,147.183,FCM,cell/µL,0,-5.950500000000034,153.13350000000003
MOBEAST051,T13,Algae,Table 1,2024-06-03,00:00:00,1.35,pro,25.833,FCM,cell/µL,0,6.290999999999997,19.542
MOBEAST051,T13,Algae,Table 1,2024-06-03,00:00:00,1.35,cyano,173.01599999999996,FCM,cell/µL,0,0.34049999999993474,172.67550000000003
MOBEAST051,T13,Algae,Table 1,2024-06-03,00:00:00,1.35,chla_conc,0.2484,chla,µg/L,0,0.1548,0.0936
MOBEAST051,T13,Algae,Table 1,2024-06-03,00:00:00,1.35,tn_u_m,11.2803158488438,DOC,µmol/L,0,-0.08246053674304932,11.36277638558685
MOBEAST051,T13,Algae,Table 1,2024-06-03,00:00:00,1.35,coble_a,0.0161639248965598,fDOM,R.U.,0,0.002913087795394398,0.0132508371011654
MOBEAST051,T13,Algae,Table 1,2024-06-03,00:00:00,1.35,coble_b,0.101727114525438,fDOM,R.U.,0,0.028855965298678662,0.07287114922675934
MOBEAST051,T13,Algae,Table 1,2024-06-03,00:00:00,1.35,coble_m,0.0209230256585715,fDOM,R.U.,0,0.004773959969124698,0.016149065689446802
MOBEAST051,T13,Algae,Table 1,2024-06-03,00:00:00,1.35,coble_t,0.0847534810783764,fDOM,R.U.,0,-0.07177690493739862,0.156530386015775
MOBEAST051,T13,Algae,Table 1,2024-06-03,00:00:00,1.35,m_to_c,1.2774747026727715,fDOM,R.U.,0,-0.5553428670952356,1.8328175697680071
MOBEAST051,T13,Algae,Table 1,2024-06-03,00:00:00,1.35,bix,0.889671427810509,fDOM,R.U.,0,-0.16967297240105694,1.059344400211566
MOBEAST051,T13,Algae,Table 1,2024-06-03,00:00:00,1.35,hix,0.524297076954956,fDOM,R.U.,0,0.2526533119087145,0.2716437650462415
MOBEAST051,T13,Algae,Table 1,2024-06-03,00:00:00,1.35,fpeak,0.022022215357982,fDOM,R.U.,0,-0.0023610148063613924,0.024383230164343392
MOBEAST051,T13,Algae,Table 1,2024-06-03,00:00:00,1.35,fi,1.82366841812021,fDOM,R.U.,0,-0.3586941258962053,2.1823625440164154
MOBEAST051,T13,Algae,Table 1,2024-06-03,00:00:00,1.35,lignin,0.0770718739409176,fDOM,R.U.,0,NA,NA
MOBEAST051,T13,Algae,Table 1,2024-06-03,00:00:00,1.35,N_N,1.551,nutrients,µmol/L,0,0.8079999999999999,0.743
MOBEAST051,T13,Algae,Table 1,2024-06-03,00:00:00,1.35,PO4,0.08038953749,nutrients,µmol/L,0,-0.028522002210000008,0.1089115397
MOBEAST051,T13,Algae,Table 1,2024-06-03,00:00:00,1.35,SiO2,0.1828172026,nutrients,µmol/L,0,0.01790477755000003,0.16491242504999998
MOBEAST051,T13,Algae,Table 1,2024-06-03,00:00:00,1.35,NH3,1.358221619,nutrients,µmol/L,0,0.46401982100000005,0.894201798
MOBEAST051,T13,Algae,Table 1,2024-06-03,00:00:00,1.35,NO3,0.8801718077999999,nutrients,µmol/L,0,0.3322236489,0.5479481588999999
MOBEAST051,T13,Algae,Table 1,2024-06-03,00:00:00,1.35,ph_diff,-0.1123671510378914,carbonate,NA,0,-0.1123671510378914,0
MOBEAST051,T13,Algae,Table 1,2024-06-03,00:00:00,1.35,delta_ta,33.75199999999995,carbonate,NA,0,33.75199999999995,0
MOBEAST051,T13,Algae,Table 1,2024-06-03,00:00:00,1.35,ta,2383.262,carbonate,NA,0,26.661999999999807,2356.6000000000004
MOBEAST051,T13,Algae,Table 1,2024-06-03,00:00:00,1.35,dic_mmol_kg,2119.0324810237753,residence time,NA,0,NA,NA
MOBEAST051,T13,Algae,Table 1,2024-06-03,00:00:00,1.35,AEGEAN-169_marine_group,0.00989999999999999,DNA,NA,0,-0.006650000000000012,0.016550000000000002
MOBEAST051,T13,Algae,Table 1,2024-06-03,00:00:00,1.35,Actinomarinaceae,0.0075,DNA,NA,0,-0.011200000000000002,0.0187
MOBEAST051,T13,Algae,Table 1,2024-06-03,00:00:00,1.35,Alcanivoracaceae,0,DNA,NA,0,0,0
MOBEAST051,T13,Algae,Table 1,2024-06-03,00:00:00,1.35,Alphaproteobacteria_unclassified,0.0164,DNA,NA,0,0.016300000000000002,1e-4
MOBEAST051,T13,Algae,Table 1,2024-06-03,00:00:00,1.35,Alteromonadaceae,0.04289999999999999,DNA,NA,0,-0.034500000000000024,0.07740000000000001
MOBEAST051,T13,Algae,Table 1,2024-06-03,00:00:00,1.35,Alteromonadales_unclassified,0.0029,DNA,NA,0,0.0029,0
MOBEAST051,T13,Algae,Table 1,2024-06-03,00:00:00,1.35,Anaerolineae_unclassified,0.0024,DNA,NA,0,0.0020499999999999997,3.5e-4
MOBEAST051,T13,Algae,Table 1,2024-06-03,00:00:00,1.35,Arcobacteraceae,0.05740000000000001,DNA,NA,0,0.057050000000000003,3.5e-4
MOBEAST051,T13,Algae,Table 1,2024-06-03,00:00:00,1.35,Arctic97B-4_marine_group_fa,9.000000000000001e-4,DNA,NA,0,-0.002199999999999995,0.003099999999999995
MOBEAST051,T13,Algae,Table 1,2024-06-03,00:00:00,1.35,Bacteria_unclassified,0.0011,DNA,NA,0,0.0011,0
MOBEAST051,T13,Algae,Table 1,2024-06-03,00:00:00,1.35,Bacteroidales_unclassified,0,DNA,NA,0,0,0
MOBEAST051,T13,Algae,Table 1,2024-06-03,00:00:00,1.35,Bacteroidetes_BD2-2,1e-4,DNA,NA,0,1e-4,0
MOBEAST051,T13,Algae,Table 1,2024-06-03,00:00:00,1.35,Bacteroidia_unclassified,7e-4,DNA,NA,0,7e-4,0
MOBEAST051,T13,Algae,Table 1,2024-06-03,00:00:00,1.35,Bradymonadales_fa,0,DNA,NA,0,0,0
MOBEAST051,T13,Algae,Table 1,2024-06-03,00:00:00,1.35,Campylobacterales_unclassified,2e-4,DNA,NA,0,2e-4,0
MOBEAST051,T13,Algae,Table 1,2024-06-03,00:00:00,1.35,Campylobacteria_unclassified,0,DNA,NA,0,0,0
MOBEAST051,T13,Algae,Table 1,2024-06-03,00:00:00,1.35,Cellvibrionaceae,0.03369999999999999,DNA,NA,0,0.030699999999999988,0.003
MOBEAST051,T13,Algae,Table 1,2024-06-03,00:00:00,1.35,Clade_I,0.0114,DNA,NA,0,-0.01335,0.02475
MOBEAST051,T13,Algae,Table 1,2024-06-03,00:00:00,1.35,Clade_II,0.0051,DNA,NA,0,0.0036000000000000003,0.0015
MOBEAST051,T13,Algae,Table 1,2024-06-03,00:00:00,1.35,Clade_IV,0.0011,DNA,NA,0,2.000000000000001e-4,9e-4
MOBEAST051,T13,Algae,Table 1,2024-06-03,00:00:00,1.35,Colwelliaceae,5e-4,DNA,NA,0,5e-4,0
MOBEAST051,T13,Algae,Table 1,2024-06-03,00:00:00,1.35,Cryomorphaceae,0.0029,DNA,NA,0,-0.006999999999999999,0.009899999999999999
MOBEAST051,T13,Algae,Table 1,2024-06-03,00:00:00,1.35,Cyanobiaceae,0.1933,DNA,NA,0,-0.26539999999999997,0.4587
MOBEAST051,T13,Algae,Table 1,2024-06-03,00:00:00,1.35,Cyclobacteriaceae,3e-4,DNA,NA,0,-4e-4,7e-4
MOBEAST051,T13,Algae,Table 1,2024-06-03,00:00:00,1.35,Deltaproteobacteria_unclassified,0,DNA,NA,0,0,0
MOBEAST051,T13,Algae,Table 1,2024-06-03,00:00:00,1.35,Desulfovibrionaceae,0.0019,DNA,NA,0,0.0019,0
MOBEAST051,T13,Algae,Table 1,2024-06-03,00:00:00,1.35,Desulfuromonadaceae,0.001,DNA,NA,0,0.001,0
MOBEAST051,T13,Algae,Table 1,2024-06-03,00:00:00,1.35,Ectothiorhodospiraceae,7e-4,DNA,NA,0,5e-4,2e-4
MOBEAST051,T13,Algae,Table 1,2024-06-03,00:00:00,1.35,Endozoicomonadaceae,0,DNA,NA,0,-7.999999999999999e-4,7.999999999999999e-4
MOBEAST051,T13,Algae,Table 1,2024-06-03,00:00:00,1.35,Flavobacteriaceae,0.03239999999999999,DNA,NA,0,-0.023750000000000014,0.056150000000000005
MOBEAST051,T13,Algae,Table 1,2024-06-03,00:00:00,1.35,Francisellaceae,0.0016,DNA,NA,0,0.0016,0
MOBEAST051,T13,Algae,Table 1,2024-06-03,00:00:00,1.35,Gammaproteobacteria_unclassified,3e-4,DNA,NA,0,-0.004149999999999995,0.004449999999999995
MOBEAST051,T13,Algae,Table 1,2024-06-03,00:00:00,1.35,Halieaceae,0.0051,DNA,NA,0,-0.012049999999999995,0.017149999999999995
MOBEAST051,T13,Algae,Table 1,2024-06-03,00:00:00,1.35,Halomonadaceae,0,DNA,NA,0,0,0
MOBEAST051,T13,Algae,Table 1,2024-06-03,00:00:00,1.35,Helicobacteraceae,1e-4,DNA,NA,0,1e-4,0
MOBEAST051,T13,Algae,Table 1,2024-06-03,00:00:00,1.35,Hyphomonadaceae,0.0035,DNA,NA,0,0.0035,0
MOBEAST051,T13,Algae,Table 1,2024-06-03,00:00:00,1.35,Idiomarinaceae,0,DNA,NA,0,0,0
MOBEAST051,T13,Algae,Table 1,2024-06-03,00:00:00,1.35,JGI_0000069-P22_fa,0.0027,DNA,NA,0,-0.0016499999999999996,0.00435
MOBEAST051,T13,Algae,Table 1,2024-06-03,00:00:00,1.35,KI89A_clade_fa,0,DNA,NA,0,-6.5e-4,6.5e-4
MOBEAST051,T13,Algae,Table 1,2024-06-03,00:00:00,1.35,Kiritimatiellaceae,4e-4,DNA,NA,0,4e-4,0
MOBEAST051,T13,Algae,Table 1,2024-06-03,00:00:00,1.35,Leptotrichiaceae,7e-4,DNA,NA,0,7e-4,0
MOBEAST051,T13,Algae,Table 1,2024-06-03,00:00:00,1.35,Litoricolaceae,0.0046,DNA,NA,0,9.499999999999999e-4,0.00365
MOBEAST051,T13,Algae,Table 1,2024-06-03,00:00:00,1.35,Marine_Group_II_fa,0.0064,DNA,NA,0,-0.028600000000000004,0.035
MOBEAST051,T13,Algae,Table 1,2024-06-03,00:00:00,1.35,Marinifilaceae,0,DNA,NA,0,0,0
MOBEAST051,T13,Algae,Table 1,2024-06-03,00:00:00,1.35,Marinilabiliaceae,0.0012,DNA,NA,0,0.0012,0
MOBEAST051,T13,Algae,Table 1,2024-06-03,00:00:00,1.35,Marinimicrobia_(SAR406_clade)_fa,0.0026,DNA,NA,0,-0.0032499999999999994,0.005849999999999999
MOBEAST051,T13,Algae,Table 1,2024-06-03,00:00:00,1.35,Marinobacteraceae,0,DNA,NA,0,0,0
MOBEAST051,T13,Algae,Table 1,2024-06-03,00:00:00,1.35,Marinomonadaceae,0,DNA,NA,0,0,0
MOBEAST051,T13,Algae,Table 1,2024-06-03,00:00:00,1.35,Methylophilaceae,0.0027,DNA,NA,0,-9.499999999999999e-4,0.00365
MOBEAST051,T13,Algae,Table 1,2024-06-03,00:00:00,1.35,Microtrichaceae,0.0016,DNA,NA,0,-8.499999999999998e-4,0.00245
MOBEAST051,T13,Algae,Table 1,2024-06-03,00:00:00,1.35,Moraxellaceae,0,DNA,NA,0,0,0
MOBEAST051,T13,Algae,Table 1,2024-06-03,00:00:00,1.35,NS7_marine_group,3e-4,DNA,NA,0,-3.5e-4,6.5e-4
MOBEAST051,T13,Algae,Table 1,2024-06-03,00:00:00,1.35,NS9_marine_group,0.0018,DNA,NA,0,-0.00325,0.00505
MOBEAST051,T13,Algae,Table 1,2024-06-03,00:00:00,1.35,Nannocystaceae,3e-4,DNA,NA,0,-3e-4,6e-4
MOBEAST051,T13,Algae,Table 1,2024-06-03,00:00:00,1.35,Nitrincolaceae,0.1134,DNA,NA,0,0.10955000000000001,0.003849999999999995
MOBEAST051,T13,Algae,Table 1,2024-06-03,00:00:00,1.35,Nitrosopumilaceae,4e-4,DNA,NA,0,-9.999999999999999e-5,5e-4
MOBEAST051,T13,Algae,Table 1,2024-06-03,00:00:00,1.35,OM182_clade_fa,6e-4,DNA,NA,0,-0.0032500000000000003,0.00385
MOBEAST051,T13,Algae,Table 1,2024-06-03,00:00:00,1.35,Oleiphilaceae,0.001,DNA,NA,0,-5.499999999999999e-4,0.00155
MOBEAST051,T13,Algae,Table 1,2024-06-03,00:00:00,1.35,Oligoflexaceae,3e-4,DNA,NA,0,-2.4999999999999995e-4,5.499999999999999e-4
MOBEAST051,T13,Algae,Table 1,2024-06-03,00:00:00,1.35,Pirellulaceae,3e-4,DNA,NA,0,-0.0042,0.0045
MOBEAST051,T13,Algae,Table 1,2024-06-03,00:00:00,1.35,Piscirickettsiaceae,0,DNA,NA,0,-2e-4,2e-4
MOBEAST051,T13,Algae,Table 1,2024-06-03,00:00:00,1.35,Prolixibacteraceae,0,DNA,NA,0,0,0
MOBEAST051,T13,Algae,Table 1,2024-06-03,00:00:00,1.35,Proteobacteria_unclassified,6e-4,DNA,NA,0,-0.0019500000000000003,0.00255
MOBEAST051,T13,Algae,Table 1,2024-06-03,00:00:00,1.35,Pseudoalteromonadaceae,5e-4,DNA,NA,0,-1.4999999999999996e-4,6.5e-4
MOBEAST051,T13,Algae,Table 1,2024-06-03,00:00:00,1.35,Pseudohongiellaceae,8e-4,DNA,NA,0,-8.5e-4,0.00165
MOBEAST051,T13,Algae,Table 1,2024-06-03,00:00:00,1.35,Pseudomonadaceae,7e-4,DNA,NA,0,7e-4,0
MOBEAST051,T13,Algae,Table 1,2024-06-03,00:00:00,1.35,Puniceicoccaceae,0,DNA,NA,0,0,0
MOBEAST051,T13,Algae,Table 1,2024-06-03,00:00:00,1.35,Rhodospirillaceae,5e-4,DNA,NA,0,5e-4,0
MOBEAST051,T13,Algae,Table 1,2024-06-03,00:00:00,1.35,Rubinisphaeraceae,6e-4,DNA,NA,0,-7.500000000000001e-4,0.00135
MOBEAST051,T13,Algae,Table 1,2024-06-03,00:00:00,1.35,S25-593,0,DNA,NA,0,-0.00145,0.00145
MOBEAST051,T13,Algae,Table 1,2024-06-03,00:00:00,1.35,SAR116_clade,0.0104,DNA,NA,0,-0.0312,0.0416
MOBEAST051,T13,Algae,Table 1,2024-06-03,00:00:00,1.35,SAR202_clade_fa,1e-4,DNA,NA,0,-4.999999999999998e-5,1.5e-4
MOBEAST051,T13,Algae,Table 1,2024-06-03,00:00:00,1.35,SAR324_clade(Marine_group_B)_fa,0.0013,DNA,NA,0,7.999999999999999e-4,5e-4
MOBEAST051,T13,Algae,Table 1,2024-06-03,00:00:00,1.35,SAR86_clade_fa,0.0151,DNA,NA,0,-0.01784999999999999,0.03294999999999999
MOBEAST051,T13,Algae,Table 1,2024-06-03,00:00:00,1.35,Saccharospirillaceae,0.0092,DNA,NA,0,-0.0029999999999999905,0.01219999999999999
MOBEAST051,T13,Algae,Table 1,2024-06-03,00:00:00,1.35,Saprospiraceae,0.001,DNA,NA,0,0.001,0
MOBEAST051,T13,Algae,Table 1,2024-06-03,00:00:00,1.35,Sphingomonadaceae,0,DNA,NA,0,0,0
MOBEAST051,T13,Algae,Table 1,2024-06-03,00:00:00,1.35,Spirochaetaceae,3e-4,DNA,NA,0,3e-4,0
MOBEAST051,T13,Algae,Table 1,2024-06-03,00:00:00,1.35,Spongiibacteraceae,4e-4,DNA,NA,0,4e-4,0
MOBEAST051,T13,Algae,Table 1,2024-06-03,00:00:00,1.35,Stappiaceae,0.0013,DNA,NA,0,0.0013,0
MOBEAST051,T13,Algae,Table 1,2024-06-03,00:00:00,1.35,Thalassospiraceae,0,DNA,NA,0,0,0
MOBEAST051,T13,Algae,Table 1,2024-06-03,00:00:00,1.35,Thiomicrospiraceae,0,DNA,NA,0,0,0
MOBEAST051,T13,Algae,Table 1,2024-06-03,00:00:00,1.35,Vibrionaceae,0.0118,DNA,NA,0,0.00985,0.00195
MOBEAST051,T13,Algae,Table 1,2024-06-03,00:00:00,1.35,Woesearchaeia_fa,0,DNA,NA,0,-8.5e-4,8.5e-4
MOBEAST051,T13,Algae,Table 1,2024-06-03,00:00:00,1.35,uncultured_fa,5e-4,DNA,NA,0,1.5000000000000001e-4,3.5e-4
MOBEAST052,T14,Algae,Table 1,2024-06-03,00:00:00,1.45,het_bact,545.467,FCM,cell/µL,0,54.56700000000001,490.9
MOBEAST052,T14,Algae,Table 1,2024-06-03,00:00:00,1.45,pico_euk,0.55,FCM,cell/µL,0,-0.16649999999999987,0.7164999999999999
MOBEAST052,T14,Algae,Table 1,2024-06-03,00:00:00,1.45,syn,106.367,FCM,cell/µL,0,-46.76650000000002,153.13350000000003
MOBEAST052,T14,Algae,Table 1,2024-06-03,00:00:00,1.45,pro,17.767,FCM,cell/µL,0,-1.7750000000000021,19.542
MOBEAST052,T14,Algae,Table 1,2024-06-03,00:00:00,1.45,tot_bact,669.6,FCM,cell/µL,0,6.024999999999977,663.575
MOBEAST052,T14,Algae,Table 1,2024-06-03,00:00:00,1.45,cyano,124.134,FCM,cell/µL,0,-48.54150000000003,172.67550000000003
MOBEAST052,T14,Algae,Table 1,2024-06-03,00:00:00,1.45,chla_conc,0.01439999999999999,chla,µg/L,0,-0.07920000000000002,0.0936
MOBEAST052,T14,Algae,Table 1,2024-06-03,00:00:00,1.45,tn_u_m,9.84171860609565,DOC,µmol/L,0,-1.5210577794911995,11.36277638558685
MOBEAST052,T14,Algae,Table 1,2024-06-03,00:00:00,1.45,coble_a,0.0161367734881877,fDOM,R.U.,0,0.0028859363870222983,0.0132508371011654
MOBEAST052,T14,Algae,Table 1,2024-06-03,00:00:00,1.45,coble_b,0.103195484985646,fDOM,R.U.,0,0.030324335758886656,0.07287114922675934
MOBEAST052,T14,Algae,Table 1,2024-06-03,00:00:00,1.45,coble_c,0.0142023487896293,fDOM,R.U.,0,0.00609520648168254,0.00810714230794676
MOBEAST052,T14,Algae,Table 1,2024-06-03,00:00:00,1.45,coble_m,0.0191916984010338,fDOM,R.U.,0,0.0030426327115869976,0.016149065689446802
MOBEAST052,T14,Algae,Table 1,2024-06-03,00:00:00,1.45,coble_t,0.0823869062960122,fDOM,R.U.,0,-0.07414347971976282,0.156530386015775
MOBEAST052,T14,Algae,Table 1,2024-06-03,00:00:00,1.45,m_to_c,1.3513045402073054,fDOM,R.U.,0,-0.48151302956070174,1.8328175697680071
MOBEAST052,T14,Algae,Table 1,2024-06-03,00:00:00,1.45,bix,0.884669477624331,fDOM,R.U.,0,-0.17467492258723494,1.059344400211566
MOBEAST052,T14,Algae,Table 1,2024-06-03,00:00:00,1.45,hix,0.544819497078094,fDOM,R.U.,0,0.27317573203185247,0.2716437650462415
MOBEAST052,T14,Algae,Table 1,2024-06-03,00:00:00,1.45,fpeak,0.0236187985214951,fDOM,R.U.,0,-7.644316428482914e-4,0.024383230164343392
MOBEAST052,T14,Algae,Table 1,2024-06-03,00:00:00,1.45,fi,1.86968406989791,fDOM,R.U.,0,-0.31267847411850536,2.1823625440164154
MOBEAST052,T14,Algae,Table 1,2024-06-03,00:00:00,1.45,lignin,0.0522756286304756,fDOM,R.U.,0,NA,NA
MOBEAST052,T14,Algae,Table 1,2024-06-03,00:00:00,1.45,N_N,1.408,nutrients,µmol/L,0,0.6649999999999999,0.743
MOBEAST052,T14,Algae,Table 1,2024-06-03,00:00:00,1.45,NO2,0.01,nutrients,µmol/L,0,-0.1716181559,0.18161815590000002
MOBEAST052,T14,Algae,Table 1,2024-06-03,00:00:00,1.45,PO4,0.1251608535,nutrients,µmol/L,0,0.016249313799999998,0.1089115397
MOBEAST052,T14,Algae,Table 1,2024-06-03,00:00:00,1.45,SiO2,0.373173259,nutrients,µmol/L,0,0.20826083395,0.16491242504999998
MOBEAST052,T14,Algae,Table 1,2024-06-03,00:00:00,1.45,NH3,2.674660857,nutrients,µmol/L,0,1.780459059,0.894201798
MOBEAST052,T14,Algae,Table 1,2024-06-03,00:00:00,1.45,NO3,1.398,nutrients,µmol/L,0,0.8500518411,0.5479481588999999
MOBEAST052,T14,Algae,Table 1,2024-06-03,00:00:00,1.45,ph_diff,-0.08004125847345556,carbonate,NA,0,-0.08004125847345556,0
MOBEAST052,T14,Algae,Table 1,2024-06-03,00:00:00,1.45,delta_ta,28.33999999999969,carbonate,NA,0,28.33999999999969,0
MOBEAST052,T14,Algae,Table 1,2024-06-03,00:00:00,1.45,do_mg_l,3.88,residence time,NA,0,NA,NA
MOBEAST052,T14,Algae,Table 1,2024-06-03,00:00:00,1.45,ta,2377.85,carbonate,NA,0,21.249999999999545,2356.6000000000004
MOBEAST052,T14,Algae,Table 1,2024-06-03,00:00:00,1.45,dic_mmol_kg,2094.168662110677,residence time,NA,0,NA,NA
MOBEAST052,T14,Algae,Table 1,2024-06-03,00:00:00,1.45,ph,7.932395534901556,carbonate,NA,0,-0.08872605466338612,8.021121589564942
MOBEAST052,T14,Algae,Table 1,2024-06-03,00:00:00,1.45,AEGEAN-169_marine_group,7e-4,DNA,NA,0,-0.015850000000000003,0.016550000000000002
MOBEAST052,T14,Algae,Table 1,2024-06-03,00:00:00,1.45,Alcanivoracaceae,0.003,DNA,NA,0,0.003,0
MOBEAST052,T14,Algae,Table 1,2024-06-03,00:00:00,1.45,Alphaproteobacteria_unclassified,0.0023,DNA,NA,0,0.0022,1e-4
MOBEAST052,T14,Algae,Table 1,2024-06-03,00:00:00,1.45,Alteromonadaceae,0.0133,DNA,NA,0,-0.06410000000000002,0.07740000000000001
MOBEAST052,T14,Algae,Table 1,2024-06-03,00:00:00,1.45,Alteromonadales_unclassified,0.0078,DNA,NA,0,0.0078,0
MOBEAST052,T14,Algae,Table 1,2024-06-03,00:00:00,1.45,Anaerolineae_unclassified,0,DNA,NA,0,-3.5e-4,3.5e-4
MOBEAST052,T14,Algae,Table 1,2024-06-03,00:00:00,1.45,Arcobacteraceae,0.1018,DNA,NA,0,0.10145,3.5e-4
MOBEAST052,T14,Algae,Table 1,2024-06-03,00:00:00,1.45,Arctic97B-4_marine_group_fa,3e-4,DNA,NA,0,-0.002799999999999995,0.003099999999999995
MOBEAST052,T14,Algae,Table 1,2024-06-03,00:00:00,1.45,Arenicellaceae,8e-4,DNA,NA,0,8e-4,0
MOBEAST052,T14,Algae,Table 1,2024-06-03,00:00:00,1.45,Bacteria_unclassified,0,DNA,NA,0,0,0
MOBEAST052,T14,Algae,Table 1,2024-06-03,00:00:00,1.45,Bacteriovoracaceae,5e-4,DNA,NA,0,4e-4,1e-4
MOBEAST052,T14,Algae,Table 1,2024-06-03,00:00:00,1.45,Bacteroidales_unclassified,0,DNA,NA,0,0,0
MOBEAST052,T14,Algae,Table 1,2024-06-03,00:00:00,1.45,Bacteroidetes_BD2-2,2e-4,DNA,NA,0,2e-4,0
MOBEAST052,T14,Algae,Table 1,2024-06-03,00:00:00,1.45,Bacteroidia_unclassified,0.0015,DNA,NA,0,0.0015,0
MOBEAST052,T14,Algae,Table 1,2024-06-03,00:00:00,1.45,Bradymonadales_fa,0,DNA,NA,0,0,0
MOBEAST052,T14,Algae,Table 1,2024-06-03,00:00:00,1.45,Campylobacterales_unclassified,0,DNA,NA,0,0,0
MOBEAST052,T14,Algae,Table 1,2024-06-03,00:00:00,1.45,Campylobacteria_unclassified,0,DNA,NA,0,0,0
MOBEAST052,T14,Algae,Table 1,2024-06-03,00:00:00,1.45,Cellvibrionaceae,0.006,DNA,NA,0,0.003,0.003
MOBEAST052,T14,Algae,Table 1,2024-06-03,00:00:00,1.45,Clade_I,0,DNA,NA,0,-0.02475,0.02475
MOBEAST052,T14,Algae,Table 1,2024-06-03,00:00:00,1.45,Clade_II,7e-4,DNA,NA,0,-8e-4,0.0015
MOBEAST052,T14,Algae,Table 1,2024-06-03,00:00:00,1.45,Clade_IV,0,DNA,NA,0,-9e-4,9e-4
MOBEAST052,T14,Algae,Table 1,2024-06-03,00:00:00,1.45,Colwelliaceae,7e-4,DNA,NA,0,7e-4,0
MOBEAST052,T14,Algae,Table 1,2024-06-03,00:00:00,1.45,Cryomorphaceae,0.0023,DNA,NA,0,-0.007599999999999999,0.009899999999999999
MOBEAST052,T14,Algae,Table 1,2024-06-03,00:00:00,1.45,Cyanobiaceae,0.26099999999999995,DNA,NA,0,-0.19770000000000004,0.4587
MOBEAST052,T14,Algae,Table 1,2024-06-03,00:00:00,1.45,Cyclobacteriaceae,3e-4,DNA,NA,0,-4e-4,7e-4
MOBEAST052,T14,Algae,Table 1,2024-06-03,00:00:00,1.45,Deltaproteobacteria_unclassified,1e-4,DNA,NA,0,1e-4,0
MOBEAST052,T14,Algae,Table 1,2024-06-03,00:00:00,1.45,Desulfovibrionaceae,4e-4,DNA,NA,0,4e-4,0
MOBEAST052,T14,Algae,Table 1,2024-06-03,00:00:00,1.45,Desulfuromonadaceae,6e-4,DNA,NA,0,6e-4,0
MOBEAST052,T14,Algae,Table 1,2024-06-03,00:00:00,1.45,Ectothiorhodospiraceae,0,DNA,NA,0,-2e-4,2e-4
MOBEAST052,T14,Algae,Table 1,2024-06-03,00:00:00,1.45,Endozoicomonadaceae,0,DNA,NA,0,-7.999999999999999e-4,7.999999999999999e-4
MOBEAST052,T14,Algae,Table 1,2024-06-03,00:00:00,1.45,Francisellaceae,6e-4,DNA,NA,0,6e-4,0
MOBEAST052,T14,Algae,Table 1,2024-06-03,00:00:00,1.45,Gammaproteobacteria_unclassified,0,DNA,NA,0,-0.004449999999999995,0.004449999999999995
MOBEAST052,T14,Algae,Table 1,2024-06-03,00:00:00,1.45,Halieaceae,0.004,DNA,NA,0,-0.013149999999999995,0.017149999999999995
MOBEAST052,T14,Algae,Table 1,2024-06-03,00:00:00,1.45,Halomonadaceae,0,DNA,NA,0,0,0
MOBEAST052,T14,Algae,Table 1,2024-06-03,00:00:00,1.45,Helicobacteraceae,1e-4,DNA,NA,0,1e-4,0
MOBEAST052,T14,Algae,Table 1,2024-06-03,00:00:00,1.45,Hyphomonadaceae,0.0018,DNA,NA,0,0.0018,0
MOBEAST052,T14,Algae,Table 1,2024-06-03,00:00:00,1.45,Idiomarinaceae,0,DNA,NA,0,0,0
MOBEAST052,T14,Algae,Table 1,2024-06-03,00:00:00,1.45,JGI_0000069-P22_fa,2e-4,DNA,NA,0,-0.00415,0.00435
MOBEAST052,T14,Algae,Table 1,2024-06-03,00:00:00,1.45,KI89A_clade_fa,0,DNA,NA,0,-6.5e-4,6.5e-4
MOBEAST052,T14,Algae,Table 1,2024-06-03,00:00:00,1.45,Kiritimatiellaceae,6.000000000000001e-4,DNA,NA,0,6.000000000000001e-4,0
MOBEAST052,T14,Algae,Table 1,2024-06-03,00:00:00,1.45,Leptotrichiaceae,7e-4,DNA,NA,0,7e-4,0
MOBEAST052,T14,Algae,Table 1,2024-06-03,00:00:00,1.45,Litoricolaceae,0.0021,DNA,NA,0,-0.0015500000000000002,0.00365
MOBEAST052,T14,Algae,Table 1,2024-06-03,00:00:00,1.45,Marine_Group_II_fa,0.0035,DNA,NA,0,-0.0315,0.035
MOBEAST052,T14,Algae,Table 1,2024-06-03,00:00:00,1.45,Marinifilaceae,0,DNA,NA,0,0,0
MOBEAST052,T14,Algae,Table 1,2024-06-03,00:00:00,1.45,Marinilabiliaceae,0.0015,DNA,NA,0,0.0015,0
MOBEAST052,T14,Algae,Table 1,2024-06-03,00:00:00,1.45,Marinimicrobia_(SAR406_clade)_fa,7e-4,DNA,NA,0,-0.005149999999999999,0.005849999999999999
MOBEAST052,T14,Algae,Table 1,2024-06-03,00:00:00,1.45,Marinobacteraceae,0,DNA,NA,0,0,0
MOBEAST052,T14,Algae,Table 1,2024-06-03,00:00:00,1.45,Marinomonadaceae,0,DNA,NA,0,0,0
MOBEAST052,T14,Algae,Table 1,2024-06-03,00:00:00,1.45,Methylophilaceae,0,DNA,NA,0,-0.00365,0.00365
MOBEAST052,T14,Algae,Table 1,2024-06-03,00:00:00,1.45,Micavibrionaceae,1e-4,DNA,NA,0,1e-4,0
MOBEAST052,T14,Algae,Table 1,2024-06-03,00:00:00,1.45,Microtrichaceae,8e-4,DNA,NA,0,-0.00165,0.00245
MOBEAST052,T14,Algae,Table 1,2024-06-03,00:00:00,1.45,Moraxellaceae,0,DNA,NA,0,0,0
MOBEAST052,T14,Algae,Table 1,2024-06-03,00:00:00,1.45,NS7_marine_group,4e-4,DNA,NA,0,-2.4999999999999995e-4,6.5e-4
MOBEAST052,T14,Algae,Table 1,2024-06-03,00:00:00,1.45,NS9_marine_group,0.0012,DNA,NA,0,-0.00385,0.00505
MOBEAST052,T14,Algae,Table 1,2024-06-03,00:00:00,1.45,Nannocystaceae,3e-4,DNA,NA,0,-3e-4,6e-4
MOBEAST052,T14,Algae,Table 1,2024-06-03,00:00:00,1.45,Nitrosopumilaceae,2e-4,DNA,NA,0,-3.0000000000000003e-4,5e-4
MOBEAST052,T14,Algae,Table 1,2024-06-03,00:00:00,1.45,OM182_clade_fa,0.001,DNA,NA,0,-0.00285,0.00385
MOBEAST052,T14,Algae,Table 1,2024-06-03,00:00:00,1.45,Oleiphilaceae,6e-4,DNA,NA,0,-9.5e-4,0.00155
MOBEAST052,T14,Algae,Table 1,2024-06-03,00:00:00,1.45,Oligoflexaceae,0,DNA,NA,0,-5.499999999999999e-4,5.499999999999999e-4
MOBEAST052,T14,Algae,Table 1,2024-06-03,00:00:00,1.45,Pirellulaceae,4e-4,DNA,NA,0,-0.0040999999999999995,0.0045
MOBEAST052,T14,Algae,Table 1,2024-06-03,00:00:00,1.45,Piscirickettsiaceae,0,DNA,NA,0,-2e-4,2e-4
MOBEAST052,T14,Algae,Table 1,2024-06-03,00:00:00,1.45,Prolixibacteraceae,0,DNA,NA,0,0,0
MOBEAST052,T14,Algae,Table 1,2024-06-03,00:00:00,1.45,Proteobacteria_unclassified,4e-4,DNA,NA,0,-0.00215,0.00255
MOBEAST052,T14,Algae,Table 1,2024-06-03,00:00:00,1.45,Pseudoalteromonadaceae,4e-4,DNA,NA,0,-2.4999999999999995e-4,6.5e-4
MOBEAST052,T14,Algae,Table 1,2024-06-03,00:00:00,1.45,Pseudohongiellaceae,0,DNA,NA,0,-0.00165,0.00165
MOBEAST052,T14,Algae,Table 1,2024-06-03,00:00:00,1.45,Pseudomonadaceae,0.001,DNA,NA,0,0.001,0
MOBEAST052,T14,Algae,Table 1,2024-06-03,00:00:00,1.45,Puniceicoccaceae,1e-4,DNA,NA,0,1e-4,0
MOBEAST052,T14,Algae,Table 1,2024-06-03,00:00:00,1.45,Rhodobacteraceae,0.26820000000000005,DNA,NA,0,0.18775000000000006,0.08045
MOBEAST052,T14,Algae,Table 1,2024-06-03,00:00:00,1.45,Rhodospirillaceae,0,DNA,NA,0,0,0
MOBEAST052,T14,Algae,Table 1,2024-06-03,00:00:00,1.45,Rubinisphaeraceae,8e-4,DNA,NA,0,-5.5e-4,0.00135
MOBEAST052,T14,Algae,Table 1,2024-06-03,00:00:00,1.45,S25-593,3e-4,DNA,NA,0,-0.00115,0.00145
MOBEAST052,T14,Algae,Table 1,2024-06-03,00:00:00,1.45,SAR116_clade,0.0066,DNA,NA,0,-0.034999999999999996,0.0416
MOBEAST052,T14,Algae,Table 1,2024-06-03,00:00:00,1.45,SAR202_clade_fa,0,DNA,NA,0,-1.5e-4,1.5e-4
MOBEAST052,T14,Algae,Table 1,2024-06-03,00:00:00,1.45,SAR324_clade(Marine_group_B)_fa,6e-4,DNA,NA,0,9.999999999999994e-5,5e-4
MOBEAST052,T14,Algae,Table 1,2024-06-03,00:00:00,1.45,SAR86_clade_fa,0.0046,DNA,NA,0,-0.028349999999999993,0.03294999999999999
MOBEAST052,T14,Algae,Table 1,2024-06-03,00:00:00,1.45,Saccharospirillaceae,0.0139,DNA,NA,0,0.0017000000000000088,0.01219999999999999
MOBEAST052,T14,Algae,Table 1,2024-06-03,00:00:00,1.45,Saprospiraceae,5e-4,DNA,NA,0,5e-4,0
MOBEAST052,T14,Algae,Table 1,2024-06-03,00:00:00,1.45,Sphingomonadaceae,3e-4,DNA,NA,0,3e-4,0
MOBEAST052,T14,Algae,Table 1,2024-06-03,00:00:00,1.45,Spirochaetaceae,8e-4,DNA,NA,0,8e-4,0
MOBEAST052,T14,Algae,Table 1,2024-06-03,00:00:00,1.45,Spongiibacteraceae,0,DNA,NA,0,0,0
MOBEAST052,T14,Algae,Table 1,2024-06-03,00:00:00,1.45,Terasakiellaceae,0.0016,DNA,NA,0,0.0016,0
MOBEAST052,T14,Algae,Table 1,2024-06-03,00:00:00,1.45,Thalassospiraceae,0,DNA,NA,0,0,0
MOBEAST052,T14,Algae,Table 1,2024-06-03,00:00:00,1.45,Thiomicrospiraceae,0,DNA,NA,0,0,0
MOBEAST052,T14,Algae,Table 1,2024-06-03,00:00:00,1.45,Vibrionaceae,0.0217,DNA,NA,0,0.01975,0.00195
MOBEAST052,T14,Algae,Table 1,2024-06-03,00:00:00,1.45,Woesearchaeia_fa,0,DNA,NA,0,-8.5e-4,8.5e-4
MOBEAST052,T14,Algae,Table 1,2024-06-03,00:00:00,1.45,uncultured_fa,0,DNA,NA,0,-3.5e-4,3.5e-4
MOBEAST053,T15,Control,Table 1,2024-06-03,00:00:00,1.9666666666666663,het_bact,519.467,FCM,cell/µL,0,28.567000000000007,490.9
MOBEAST053,T15,Control,Table 1,2024-06-03,00:00:00,1.9666666666666663,pico_euk,0.967,FCM,cell/µL,0,0.25050000000000006,0.7164999999999999
MOBEAST053,T15,Control,Table 1,2024-06-03,00:00:00,1.9666666666666663,syn,148.95,FCM,cell/µL,0,-4.183500000000038,153.13350000000003
MOBEAST053,T15,Control,Table 1,2024-06-03,00:00:00,1.9666666666666663,pro,25.167,FCM,cell/µL,0,5.625,19.542
MOBEAST053,T15,Control,Table 1,2024-06-03,00:00:00,1.9666666666666663,tot_bact,693.583,FCM,cell/µL,0,30.007999999999925,663.575
MOBEAST053,T15,Control,Table 1,2024-06-03,00:00:00,1.9666666666666663,cyano,174.11699999999996,FCM,cell/µL,0,1.4414999999999338,172.67550000000003
MOBEAST053,T15,Control,Table 1,2024-06-03,00:00:00,1.9666666666666663,chla_conc,0.1436,chla,µg/L,0,0.05,0.0936
MOBEAST053,T15,Control,Table 1,2024-06-03,00:00:00,1.9666666666666663,tn_u_m,12.1227698173017,DOC,µmol/L,0,0.7599934317148502,11.36277638558685
MOBEAST053,T15,Control,Table 1,2024-06-03,00:00:00,1.9666666666666663,coble_a,0.0161838241547345,fDOM,R.U.,0,0.0029329870535690986,0.0132508371011654
MOBEAST053,T15,Control,Table 1,2024-06-03,00:00:00,1.9666666666666663,coble_b,0.108457605232451,fDOM,R.U.,0,0.03558645600569166,0.07287114922675934
MOBEAST053,T15,Control,Table 1,2024-06-03,00:00:00,1.9666666666666663,coble_c,0.0109774512014353,fDOM,R.U.,0,0.0028703088934885403,0.00810714230794676
MOBEAST053,T15,Control,Table 1,2024-06-03,00:00:00,1.9666666666666663,coble_m,0.0200729279347153,fDOM,R.U.,0,0.003923862245268497,0.016149065689446802
MOBEAST053,T15,Control,Table 1,2024-06-03,00:00:00,1.9666666666666663,coble_t,0.0989254274495726,fDOM,R.U.,0,-0.057604958566202416,0.156530386015775
MOBEAST053,T15,Control,Table 1,2024-06-03,00:00:00,1.9666666666666663,m_to_c,1.8285599786670668,fDOM,R.U.,0,-0.004257591100940372,1.8328175697680071
MOBEAST053,T15,Control,Table 1,2024-06-03,00:00:00,1.9666666666666663,bix,0.85919708113195,fDOM,R.U.,0,-0.20014731907961592,1.059344400211566
MOBEAST053,T15,Control,Table 1,2024-06-03,00:00:00,1.9666666666666663,hix,0.490716379512179,fDOM,R.U.,0,0.2190726144659375,0.2716437650462415
MOBEAST053,T15,Control,Table 1,2024-06-03,00:00:00,1.9666666666666663,fpeak,0.0140580188719264,fDOM,R.U.,0,-0.010325211292416992,0.024383230164343392
MOBEAST053,T15,Control,Table 1,2024-06-03,00:00:00,1.9666666666666663,fi,2.12597207202737,fDOM,R.U.,0,-0.056390471989045565,2.1823625440164154
MOBEAST053,T15,Control,Table 1,2024-06-03,00:00:00,1.9666666666666663,lignin,0.0427546352050586,fDOM,R.U.,0,NA,NA
MOBEAST053,T15,Control,Table 1,2024-06-03,00:00:00,1.9666666666666663,N_N,1.567,nutrients,µmol/L,0,0.824,0.743
MOBEAST053,T15,Control,Table 1,2024-06-03,00:00:00,1.9666666666666663,NO2,0.4095956961,nutrients,µmol/L,0,0.2279775402,0.18161815590000002
MOBEAST053,T15,Control,Table 1,2024-06-03,00:00:00,1.9666666666666663,PO4,0.1292403225,nutrients,µmol/L,0,0.0203287828,0.1089115397
MOBEAST053,T15,Control,Table 1,2024-06-03,00:00:00,1.9666666666666663,SiO2,0.333594277,nutrients,µmol/L,0,0.16868185195000002,0.16491242504999998
MOBEAST053,T15,Control,Table 1,2024-06-03,00:00:00,1.9666666666666663,NH3,3.106776425,nutrients,µmol/L,0,2.212574627,0.894201798
MOBEAST053,T15,Control,Table 1,2024-06-03,00:00:00,1.9666666666666663,NO3,1.1574043039,nutrients,µmol/L,0,0.609456145,0.5479481588999999
MOBEAST053,T15,Control,Table 1,2024-06-03,00:00:00,1.9666666666666663,ph_diff,0.02662123864145016,carbonate,NA,0,0.02662123864145016,0
MOBEAST053,T15,Control,Table 1,2024-06-03,00:00:00,1.9666666666666663,delta_ta,8.738999999999578,carbonate,NA,0,8.738999999999578,0
MOBEAST053,T15,Control,Table 1,2024-06-03,00:00:00,1.9666666666666663,do_mg_l,3.43,residence time,NA,0,NA,NA
MOBEAST053,T15,Control,Table 1,2024-06-03,00:00:00,1.9666666666666663,ta,2358.249,carbonate,NA,0,1.6489999999994325,2356.6000000000004
MOBEAST053,T15,Control,Table 1,2024-06-03,00:00:00,1.9666666666666663,dic_mmol_kg,2009.1957695051872,residence time,NA,0,NA,NA
MOBEAST053,T15,Control,Table 1,2024-06-03,00:00:00,1.9666666666666663,ph,8.04008486864323,carbonate,NA,0,0.018963279078288764,8.021121589564942
MOBEAST053,T15,Control,Table 1,2024-06-03,00:00:00,1.9666666666666663,AEGEAN-169_marine_group,0.02799999999999999,DNA,NA,0,0.011449999999999988,0.016550000000000002
MOBEAST053,T15,Control,Table 1,2024-06-03,00:00:00,1.9666666666666663,Actinomarinaceae,0.0131,DNA,NA,0,-0.005600000000000001,0.0187
MOBEAST053,T15,Control,Table 1,2024-06-03,00:00:00,1.9666666666666663,Alcanivoracaceae,0,DNA,NA,0,0,0
MOBEAST053,T15,Control,Table 1,2024-06-03,00:00:00,1.9666666666666663,Alphaproteobacteria_unclassified,0,DNA,NA,0,-1e-4,1e-4
MOBEAST053,T15,Control,Table 1,2024-06-03,00:00:00,1.9666666666666663,Alteromonadaceae,0.0759,DNA,NA,0,-0.0015000000000000152,0.07740000000000001
MOBEAST053,T15,Control,Table 1,2024-06-03,00:00:00,1.9666666666666663,Alteromonadales_unclassified,0,DNA,NA,0,0,0
MOBEAST053,T15,Control,Table 1,2024-06-03,00:00:00,1.9666666666666663,Anaerolineae_unclassified,0,DNA,NA,0,-3.5e-4,3.5e-4
MOBEAST053,T15,Control,Table 1,2024-06-03,00:00:00,1.9666666666666663,Arcobacteraceae,1e-4,DNA,NA,0,-2.5e-4,3.5e-4
MOBEAST053,T15,Control,Table 1,2024-06-03,00:00:00,1.9666666666666663,Arctic97B-4_marine_group_fa,0.0026,DNA,NA,0,-4.999999999999952e-4,0.003099999999999995
MOBEAST053,T15,Control,Table 1,2024-06-03,00:00:00,1.9666666666666663,Arenicellaceae,8e-4,DNA,NA,0,8e-4,0
MOBEAST053,T15,Control,Table 1,2024-06-03,00:00:00,1.9666666666666663,Bacteria_unclassified,4e-4,DNA,NA,0,4e-4,0
MOBEAST053,T15,Control,Table 1,2024-06-03,00:00:00,1.9666666666666663,Bacteriovoracaceae,6e-4,DNA,NA,0,4.999999999999999e-4,1e-4
MOBEAST053,T15,Control,Table 1,2024-06-03,00:00:00,1.9666666666666663,Bacteroidales_unclassified,0,DNA,NA,0,0,0
MOBEAST053,T15,Control,Table 1,2024-06-03,00:00:00,1.9666666666666663,Bacteroidetes_BD2-2,0,DNA,NA,0,0,0
MOBEAST053,T15,Control,Table 1,2024-06-03,00:00:00,1.9666666666666663,Bacteroidia_unclassified,0,DNA,NA,0,0,0
MOBEAST053,T15,Control,Table 1,2024-06-03,00:00:00,1.9666666666666663,Bradymonadales_fa,0,DNA,NA,0,0,0
MOBEAST053,T15,Control,Table 1,2024-06-03,00:00:00,1.9666666666666663,Campylobacterales_unclassified,0,DNA,NA,0,0,0
MOBEAST053,T15,Control,Table 1,2024-06-03,00:00:00,1.9666666666666663,Campylobacteria_unclassified,0,DNA,NA,0,0,0
MOBEAST053,T15,Control,Table 1,2024-06-03,00:00:00,1.9666666666666663,Cellvibrionaceae,0.018,DNA,NA,0,0.015,0.003
MOBEAST053,T15,Control,Table 1,2024-06-03,00:00:00,1.9666666666666663,Clade_I,0.03419999999999999,DNA,NA,0,0.009449999999999986,0.02475
MOBEAST053,T15,Control,Table 1,2024-06-03,00:00:00,1.9666666666666663,Clade_II,0.0116,DNA,NA,0,0.0101,0.0015
MOBEAST053,T15,Control,Table 1,2024-06-03,00:00:00,1.9666666666666663,Clade_IV,0.0014,DNA,NA,0,5e-4,9e-4
MOBEAST053,T15,Control,Table 1,2024-06-03,00:00:00,1.9666666666666663,Colwelliaceae,4e-4,DNA,NA,0,4e-4,0
MOBEAST053,T15,Control,Table 1,2024-06-03,00:00:00,1.9666666666666663,Cryomorphaceae,0.0076,DNA,NA,0,-0.002299999999999999,0.009899999999999999
MOBEAST053,T15,Control,Table 1,2024-06-03,00:00:00,1.9666666666666663,Cyanobiaceae,0.3443,DNA,NA,0,-0.1144,0.4587
MOBEAST053,T15,Control,Table 1,2024-06-03,00:00:00,1.9666666666666663,Cyclobacteriaceae,6e-4,DNA,NA,0,-1.0000000000000005e-4,7e-4
MOBEAST053,T15,Control,Table 1,2024-06-03,00:00:00,1.9666666666666663,Deltaproteobacteria_unclassified,0,DNA,NA,0,0,0
MOBEAST053,T15,Control,Table 1,2024-06-03,00:00:00,1.9666666666666663,Desulfovibrionaceae,0,DNA,NA,0,0,0
MOBEAST053,T15,Control,Table 1,2024-06-03,00:00:00,1.9666666666666663,Desulfuromonadaceae,0,DNA,NA,0,0,0
MOBEAST053,T15,Control,Table 1,2024-06-03,00:00:00,1.9666666666666663,Ectothiorhodospiraceae,0.0011,DNA,NA,0,9.000000000000001e-4,2e-4
MOBEAST053,T15,Control,Table 1,2024-06-03,00:00:00,1.9666666666666663,Endozoicomonadaceae,2e-4,DNA,NA,0,-6e-4,7.999999999999999e-4
MOBEAST053,T15,Control,Table 1,2024-06-03,00:00:00,1.9666666666666663,Flavobacteriaceae,0.0606,DNA,NA,0,0.004449999999999996,0.056150000000000005
MOBEAST053,T15,Control,Table 1,2024-06-03,00:00:00,1.9666666666666663,Francisellaceae,2e-4,DNA,NA,0,2e-4,0
MOBEAST053,T15,Control,Table 1,2024-06-03,00:00:00,1.9666666666666663,Gammaproteobacteria_unclassified,0.0072,DNA,NA,0,0.002750000000000005,0.004449999999999995
MOBEAST053,T15,Control,Table 1,2024-06-03,00:00:00,1.9666666666666663,Halieaceae,0.0171,DNA,NA,0,-4.999999999999449e-5,0.017149999999999995
MOBEAST053,T15,Control,Table 1,2024-06-03,00:00:00,1.9666666666666663,Halomonadaceae,0,DNA,NA,0,0,0
MOBEAST053,T15,Control,Table 1,2024-06-03,00:00:00,1.9666666666666663,Helicobacteraceae,0,DNA,NA,0,0,0
MOBEAST053,T15,Control,Table 1,2024-06-03,00:00:00,1.9666666666666663,Hyphomonadaceae,0.0045,DNA,NA,0,0.0045,0
MOBEAST053,T15,Control,Table 1,2024-06-03,00:00:00,1.9666666666666663,Idiomarinaceae,0,DNA,NA,0,0,0
MOBEAST053,T15,Control,Table 1,2024-06-03,00:00:00,1.9666666666666663,JGI_0000069-P22_fa,0.0036,DNA,NA,0,-7.499999999999998e-4,0.00435
MOBEAST053,T15,Control,Table 1,2024-06-03,00:00:00,1.9666666666666663,KI89A_clade_fa,5e-4,DNA,NA,0,-1.4999999999999996e-4,6.5e-4
MOBEAST053,T15,Control,Table 1,2024-06-03,00:00:00,1.9666666666666663,Kiritimatiellaceae,0,DNA,NA,0,0,0
MOBEAST053,T15,Control,Table 1,2024-06-03,00:00:00,1.9666666666666663,Leptotrichiaceae,0,DNA,NA,0,0,0
MOBEAST053,T15,Control,Table 1,2024-06-03,00:00:00,1.9666666666666663,Litoricolaceae,0.0061,DNA,NA,0,0.0024500000000000004,0.00365
MOBEAST053,T15,Control,Table 1,2024-06-03,00:00:00,1.9666666666666663,Marine_Group_II_fa,0.0299,DNA,NA,0,-0.005100000000000004,0.035
MOBEAST053,T15,Control,Table 1,2024-06-03,00:00:00,1.9666666666666663,Marinifilaceae,0,DNA,NA,0,0,0
MOBEAST053,T15,Control,Table 1,2024-06-03,00:00:00,1.9666666666666663,Marinilabiliaceae,0,DNA,NA,0,0,0
MOBEAST053,T15,Control,Table 1,2024-06-03,00:00:00,1.9666666666666663,Marinimicrobia_(SAR406_clade)_fa,0.0081,DNA,NA,0,0.0022500000000000003,0.005849999999999999
MOBEAST053,T15,Control,Table 1,2024-06-03,00:00:00,1.9666666666666663,Marinobacteraceae,3e-4,DNA,NA,0,3e-4,0
MOBEAST053,T15,Control,Table 1,2024-06-03,00:00:00,1.9666666666666663,Marinomonadaceae,7e-4,DNA,NA,0,7e-4,0
MOBEAST053,T15,Control,Table 1,2024-06-03,00:00:00,1.9666666666666663,Methylophilaceae,0.0061,DNA,NA,0,0.0024500000000000004,0.00365
MOBEAST053,T15,Control,Table 1,2024-06-03,00:00:00,1.9666666666666663,Micavibrionaceae,7e-4,DNA,NA,0,7e-4,0
MOBEAST053,T15,Control,Table 1,2024-06-03,00:00:00,1.9666666666666663,Microtrichaceae,0.0051,DNA,NA,0,0.0026500000000000004,0.00245
MOBEAST053,T15,Control,Table 1,2024-06-03,00:00:00,1.9666666666666663,Moraxellaceae,0,DNA,NA,0,0,0
MOBEAST053,T15,Control,Table 1,2024-06-03,00:00:00,1.9666666666666663,NS7_marine_group,8e-4,DNA,NA,0,1.5000000000000007e-4,6.5e-4
MOBEAST053,T15,Control,Table 1,2024-06-03,00:00:00,1.9666666666666663,NS9_marine_group,0.0029,DNA,NA,0,-0.00215,0.00505
MOBEAST053,T15,Control,Table 1,2024-06-03,00:00:00,1.9666666666666663,Nannocystaceae,4e-4,DNA,NA,0,-1.9999999999999993e-4,6e-4
MOBEAST053,T15,Control,Table 1,2024-06-03,00:00:00,1.9666666666666663,Nitrincolaceae,0.0169,DNA,NA,0,0.013050000000000003,0.003849999999999995
MOBEAST053,T15,Control,Table 1,2024-06-03,00:00:00,1.9666666666666663,Nitrosopumilaceae,7e-4,DNA,NA,0,1.9999999999999998e-4,5e-4
MOBEAST053,T15,Control,Table 1,2024-06-03,00:00:00,1.9666666666666663,OM182_clade_fa,0.0041,DNA,NA,0,2.500000000000002e-4,0.00385
MOBEAST053,T15,Control,Table 1,2024-06-03,00:00:00,1.9666666666666663,Oligoflexaceae,0.0013,DNA,NA,0,7.5e-4,5.499999999999999e-4
MOBEAST053,T15,Control,Table 1,2024-06-03,00:00:00,1.9666666666666663,Pirellulaceae,0.002,DNA,NA,0,-0.0024999999999999996,0.0045
MOBEAST053,T15,Control,Table 1,2024-06-03,00:00:00,1.9666666666666663,Prolixibacteraceae,0,DNA,NA,0,0,0
MOBEAST053,T15,Control,Table 1,2024-06-03,00:00:00,1.9666666666666663,Proteobacteria_unclassified,0.0013,DNA,NA,0,-0.0012500000000000002,0.00255
MOBEAST053,T15,Control,Table 1,2024-06-03,00:00:00,1.9666666666666663,Pseudoalteromonadaceae,0.0038,DNA,NA,0,0.00315,6.5e-4
MOBEAST053,T15,Control,Table 1,2024-06-03,00:00:00,1.9666666666666663,Pseudohongiellaceae,0.0014,DNA,NA,0,-2.5e-4,0.00165
MOBEAST053,T15,Control,Table 1,2024-06-03,00:00:00,1.9666666666666663,Pseudomonadaceae,0,DNA,NA,0,0,0
MOBEAST053,T15,Control,Table 1,2024-06-03,00:00:00,1.9666666666666663,Puniceicoccaceae,0,DNA,NA,0,0,0
MOBEAST053,T15,Control,Table 1,2024-06-03,00:00:00,1.9666666666666663,Rhizobiaceae,0,DNA,NA,0,0,0
MOBEAST053,T15,Control,Table 1,2024-06-03,00:00:00,1.9666666666666663,Rhodobacteraceae,0.1129,DNA,NA,0,0.03245000000000001,0.08045
MOBEAST053,T15,Control,Table 1,2024-06-03,00:00:00,1.9666666666666663,Rhodospirillaceae,0,DNA,NA,0,0,0
MOBEAST053,T15,Control,Table 1,2024-06-03,00:00:00,1.9666666666666663,S25-593,6e-4,DNA,NA,0,-8.5e-4,0.00145
MOBEAST053,T15,Control,Table 1,2024-06-03,00:00:00,1.9666666666666663,SAR116_clade,0.0495,DNA,NA,0,0.007900000000000004,0.0416
MOBEAST053,T15,Control,Table 1,2024-06-03,00:00:00,1.9666666666666663,SAR202_clade_fa,1e-4,DNA,NA,0,-4.999999999999998e-5,1.5e-4
MOBEAST053,T15,Control,Table 1,2024-06-03,00:00:00,1.9666666666666663,SAR324_clade(Marine_group_B)_fa,4e-4,DNA,NA,0,-9.999999999999999e-5,5e-4
MOBEAST053,T15,Control,Table 1,2024-06-03,00:00:00,1.9666666666666663,SAR86_clade_fa,0.04799999999999999,DNA,NA,0,0.015049999999999994,0.03294999999999999
MOBEAST053,T15,Control,Table 1,2024-06-03,00:00:00,1.9666666666666663,Saccharospirillaceae,0.01279999999999999,DNA,NA,0,5.999999999999998e-4,0.01219999999999999
MOBEAST053,T15,Control,Table 1,2024-06-03,00:00:00,1.9666666666666663,Saprospiraceae,1e-4,DNA,NA,0,1e-4,0
MOBEAST053,T15,Control,Table 1,2024-06-03,00:00:00,1.9666666666666663,Sphingomonadaceae,0.0033,DNA,NA,0,0.0033,0
MOBEAST053,T15,Control,Table 1,2024-06-03,00:00:00,1.9666666666666663,Spirochaetaceae,0,DNA,NA,0,0,0
MOBEAST053,T15,Control,Table 1,2024-06-03,00:00:00,1.9666666666666663,Stappiaceae,0,DNA,NA,0,0,0
MOBEAST053,T15,Control,Table 1,2024-06-03,00:00:00,1.9666666666666663,Terasakiellaceae,2e-4,DNA,NA,0,2e-4,0
MOBEAST053,T15,Control,Table 1,2024-06-03,00:00:00,1.9666666666666663,Thalassospiraceae,0,DNA,NA,0,0,0
MOBEAST053,T15,Control,Table 1,2024-06-03,00:00:00,1.9666666666666663,Thiomicrospiraceae,0,DNA,NA,0,0,0
MOBEAST053,T15,Control,Table 1,2024-06-03,00:00:00,1.9666666666666663,Vibrionaceae,0.0106,DNA,NA,0,0.00865,0.00195
MOBEAST053,T15,Control,Table 1,2024-06-03,00:00:00,1.9666666666666663,Woesearchaeia_fa,0,DNA,NA,0,-8.5e-4,8.5e-4
MOBEAST053,T15,Control,Table 1,2024-06-03,00:00:00,1.9666666666666663,uncultured_fa,0,DNA,NA,0,-3.5e-4,3.5e-4
MOBEAST054,T16,Coral,Table 1,2024-06-03,00:00:00,5.733333333333333,het_bact,479.417,FCM,cell/µL,0,-11.483000000000004,490.9
MOBEAST054,T16,Coral,Table 1,2024-06-03,00:00:00,5.733333333333333,pico_euk,0.8,FCM,cell/µL,0,0.08350000000000013,0.7164999999999999
MOBEAST054,T16,Coral,Table 1,2024-06-03,00:00:00,5.733333333333333,syn,140.883,FCM,cell/µL,0,-12.250500000000017,153.13350000000003
MOBEAST054,T16,Coral,Table 1,2024-06-03,00:00:00,5.733333333333333,pro,20.117,FCM,cell/µL,0,0.5749999999999993,19.542
MOBEAST054,T16,Coral,Table 1,2024-06-03,00:00:00,5.733333333333333,tot_bact,640.417,FCM,cell/µL,0,-23.158000000000015,663.575
MOBEAST054,T16,Coral,Table 1,2024-06-03,00:00:00,5.733333333333333,cyano,160.99999999999994,FCM,cell/µL,0,-11.675500000000085,172.67550000000003
MOBEAST054,T16,Coral,Table 1,2024-06-03,00:00:00,5.733333333333333,chla_conc,0.0764,chla,µg/L,0,-0.017200000000000007,0.0936
MOBEAST054,T16,Coral,Table 1,2024-06-03,00:00:00,5.733333333333333,tn_u_m,11.0482840354973,DOC,µmol/L,0,-0.3144923500895498,11.36277638558685
MOBEAST054,T16,Coral,Table 1,2024-06-03,00:00:00,5.733333333333333,coble_a,0.0123763251322656,fDOM,R.U.,0,-8.745119688998004e-4,0.0132508371011654
MOBEAST054,T16,Coral,Table 1,2024-06-03,00:00:00,5.733333333333333,coble_b,0.0970909299527098,fDOM,R.U.,0,0.024219780725950463,0.07287114922675934
MOBEAST054,T16,Coral,Table 1,2024-06-03,00:00:00,5.733333333333333,coble_c,0.0105150955439225,fDOM,R.U.,0,0.00240795323597574,0.00810714230794676
MOBEAST054,T16,Coral,Table 1,2024-06-03,00:00:00,5.733333333333333,coble_m,0.0169427833216572,fDOM,R.U.,0,7.93717632210398e-4,0.016149065689446802
MOBEAST054,T16,Coral,Table 1,2024-06-03,00:00:00,5.733333333333333,coble_t,0.0895882116970575,fDOM,R.U.,0,-0.06694217431871752,0.156530386015775
MOBEAST054,T16,Coral,Table 1,2024-06-03,00:00:00,5.733333333333333,m_to_c,1.6112819185413647,fDOM,R.U.,0,-0.22153565122664243,1.8328175697680071
MOBEAST054,T16,Coral,Table 1,2024-06-03,00:00:00,5.733333333333333,bix,0.883819911118026,fDOM,R.U.,0,-0.1755244890935399,1.059344400211566
MOBEAST054,T16,Coral,Table 1,2024-06-03,00:00:00,5.733333333333333,hix,0.425936047224051,fDOM,R.U.,0,0.1542922821778095,0.2716437650462415
MOBEAST054,T16,Coral,Table 1,2024-06-03,00:00:00,5.733333333333333,fpeak,0.0343046705550475,fDOM,R.U.,0,0.009921440390704112,0.024383230164343392
MOBEAST054,T16,Coral,Table 1,2024-06-03,00:00:00,5.733333333333333,fi,1.84021957752386,fDOM,R.U.,0,-0.3421429664925555,2.1823625440164154
MOBEAST054,T16,Coral,Table 1,2024-06-03,00:00:00,5.733333333333333,lignin,0.02222870746994,fDOM,R.U.,0,NA,NA
MOBEAST054,T16,Coral,Table 1,2024-06-03,00:00:00,5.733333333333333,N_N,2.062,nutrients,µmol/L,0,1.319,0.743
MOBEAST054,T16,Coral,Table 1,2024-06-03,00:00:00,5.733333333333333,NO2,0.4472626958,nutrients,µmol/L,0,0.2656445399,0.18161815590000002
MOBEAST054,T16,Coral,Table 1,2024-06-03,00:00:00,5.733333333333333,SiO2,0.3769426858,nutrients,µmol/L,0,0.21203026075000003,0.16491242504999998
MOBEAST054,T16,Coral,Table 1,2024-06-03,00:00:00,5.733333333333333,NH3,2.058938207,nutrients,µmol/L,0,1.164736409,0.894201798
MOBEAST054,T16,Coral,Table 1,2024-06-03,00:00:00,5.733333333333333,NO3,1.6147373041999995,nutrients,µmol/L,0,1.0667891452999996,0.5479481588999999
MOBEAST054,T16,Coral,Table 1,2024-06-03,00:00:00,5.733333333333333,ph_diff,0.01115537022375967,carbonate,NA,0,0.01115537022375967,0
MOBEAST054,T16,Coral,Table 1,2024-06-03,00:00:00,5.733333333333333,delta_ta,-46.340000000000146,carbonate,NA,0,-46.340000000000146,0
MOBEAST054,T16,Coral,Table 1,2024-06-03,00:00:00,5.733333333333333,do_mg_l,3.5,residence time,NA,0,NA,NA
MOBEAST054,T16,Coral,Table 1,2024-06-03,00:00:00,5.733333333333333,ta,2303.17,carbonate,NA,0,-53.43000000000029,2356.6000000000004
MOBEAST054,T16,Coral,Table 1,2024-06-03,00:00:00,5.733333333333333,dic_mmol_kg,1969.7852970217991,residence time,NA,0,NA,NA
MOBEAST054,T16,Coral,Table 1,2024-06-03,00:00:00,5.733333333333333,ph,8.02533067901614,carbonate,NA,0,0.0042090894511979116,8.021121589564942
MOBEAST054,T16,Coral,Table 1,2024-06-03,00:00:00,5.733333333333333,AEGEAN-169_marine_group,0.0257,DNA,NA,0,0.009149999999999998,0.016550000000000002
MOBEAST054,T16,Coral,Table 1,2024-06-03,00:00:00,5.733333333333333,Actinomarinaceae,0.0144,DNA,NA,0,-0.004300000000000002,0.0187
MOBEAST054,T16,Coral,Table 1,2024-06-03,00:00:00,5.733333333333333,Alcanivoracaceae,4e-4,DNA,NA,0,4e-4,0
MOBEAST054,T16,Coral,Table 1,2024-06-03,00:00:00,5.733333333333333,Alphaproteobacteria_unclassified,0.0017,DNA,NA,0,0.0015999999999999999,1e-4
MOBEAST054,T16,Coral,Table 1,2024-06-03,00:00:00,5.733333333333333,Alteromonadaceae,0.0261,DNA,NA,0,-0.05130000000000001,0.07740000000000001
MOBEAST054,T16,Coral,Table 1,2024-06-03,00:00:00,5.733333333333333,Alteromonadales_unclassified,0.001,DNA,NA,0,0.001,0
MOBEAST054,T16,Coral,Table 1,2024-06-03,00:00:00,5.733333333333333,Anaerolineae_unclassified,0.0016,DNA,NA,0,0.00125,3.5e-4
MOBEAST054,T16,Coral,Table 1,2024-06-03,00:00:00,5.733333333333333,Arcobacteraceae,0.0229,DNA,NA,0,0.02255,3.5e-4
MOBEAST054,T16,Coral,Table 1,2024-06-03,00:00:00,5.733333333333333,Arctic97B-4_marine_group_fa,0.0024,DNA,NA,0,-6.999999999999953e-4,0.003099999999999995
MOBEAST054,T16,Coral,Table 1,2024-06-03,00:00:00,5.733333333333333,Arenicellaceae,7e-4,DNA,NA,0,7e-4,0
MOBEAST054,T16,Coral,Table 1,2024-06-03,00:00:00,5.733333333333333,Bacteria_unclassified,2e-4,DNA,NA,0,2e-4,0
MOBEAST054,T16,Coral,Table 1,2024-06-03,00:00:00,5.733333333333333,Bacteriovoracaceae,3e-4,DNA,NA,0,1.9999999999999998e-4,1e-4
MOBEAST054,T16,Coral,Table 1,2024-06-03,00:00:00,5.733333333333333,Bacteroidales_unclassified,0,DNA,NA,0,0,0
MOBEAST054,T16,Coral,Table 1,2024-06-03,00:00:00,5.733333333333333,Bacteroidetes_BD2-2,0,DNA,NA,0,0,0
MOBEAST054,T16,Coral,Table 1,2024-06-03,00:00:00,5.733333333333333,Bacteroidia_unclassified,4e-4,DNA,NA,0,4e-4,0
MOBEAST054,T16,Coral,Table 1,2024-06-03,00:00:00,5.733333333333333,Bradymonadales_fa,0,DNA,NA,0,0,0
MOBEAST054,T16,Coral,Table 1,2024-06-03,00:00:00,5.733333333333333,Campylobacterales_unclassified,1e-4,DNA,NA,0,1e-4,0
MOBEAST054,T16,Coral,Table 1,2024-06-03,00:00:00,5.733333333333333,Campylobacteria_unclassified,6e-4,DNA,NA,0,6e-4,0
MOBEAST054,T16,Coral,Table 1,2024-06-03,00:00:00,5.733333333333333,Cellvibrionaceae,0.0066,DNA,NA,0,0.0036,0.003
MOBEAST054,T16,Coral,Table 1,2024-06-03,00:00:00,5.733333333333333,Clade_I,0.0354,DNA,NA,0,0.01065,0.02475
MOBEAST054,T16,Coral,Table 1,2024-06-03,00:00:00,5.733333333333333,Clade_II,0.0149,DNA,NA,0,0.0134,0.0015
MOBEAST054,T16,Coral,Table 1,2024-06-03,00:00:00,5.733333333333333,Clade_IV,0.0013,DNA,NA,0,3.9999999999999996e-4,9e-4
MOBEAST054,T16,Coral,Table 1,2024-06-03,00:00:00,5.733333333333333,Colwelliaceae,0.0013,DNA,NA,0,0.0013,0
MOBEAST054,T16,Coral,Table 1,2024-06-03,00:00:00,5.733333333333333,Cryomorphaceae,0.0089,DNA,NA,0,-9.999999999999992e-4,0.009899999999999999
MOBEAST054,T16,Coral,Table 1,2024-06-03,00:00:00,5.733333333333333,Cyanobiaceae,0.34900000000000003,DNA,NA,0,-0.10969999999999996,0.4587
MOBEAST054,T16,Coral,Table 1,2024-06-03,00:00:00,5.733333333333333,Cyclobacteriaceae,3e-4,DNA,NA,0,-4e-4,7e-4
MOBEAST054,T16,Coral,Table 1,2024-06-03,00:00:00,5.733333333333333,Deltaproteobacteria_unclassified,0,DNA,NA,0,0,0
MOBEAST054,T16,Coral,Table 1,2024-06-03,00:00:00,5.733333333333333,Desulfovibrionaceae,1e-4,DNA,NA,0,1e-4,0
MOBEAST054,T16,Coral,Table 1,2024-06-03,00:00:00,5.733333333333333,Desulfuromonadaceae,0,DNA,NA,0,0,0
MOBEAST054,T16,Coral,Table 1,2024-06-03,00:00:00,5.733333333333333,Ectothiorhodospiraceae,0.0027,DNA,NA,0,0.0025,2e-4
MOBEAST054,T16,Coral,Table 1,2024-06-03,00:00:00,5.733333333333333,Endozoicomonadaceae,0,DNA,NA,0,-7.999999999999999e-4,7.999999999999999e-4
MOBEAST054,T16,Coral,Table 1,2024-06-03,00:00:00,5.733333333333333,Flavobacteriaceae,0.05550000000000001,DNA,NA,0,-6.499999999999978e-4,0.056150000000000005
MOBEAST054,T16,Coral,Table 1,2024-06-03,00:00:00,5.733333333333333,Francisellaceae,3e-4,DNA,NA,0,3e-4,0
MOBEAST054,T16,Coral,Table 1,2024-06-03,00:00:00,5.733333333333333,Gammaproteobacteria_unclassified,0.0036,DNA,NA,0,-8.499999999999949e-4,0.004449999999999995
MOBEAST054,T16,Coral,Table 1,2024-06-03,00:00:00,5.733333333333333,Halieaceae,0.0154,DNA,NA,0,-0.0017499999999999946,0.017149999999999995
MOBEAST054,T16,Coral,Table 1,2024-06-03,00:00:00,5.733333333333333,Halomonadaceae,0,DNA,NA,0,0,0
MOBEAST054,T16,Coral,Table 1,2024-06-03,00:00:00,5.733333333333333,Helicobacteraceae,3e-4,DNA,NA,0,3e-4,0
MOBEAST054,T16,Coral,Table 1,2024-06-03,00:00:00,5.733333333333333,Hyphomonadaceae,4e-4,DNA,NA,0,4e-4,0
MOBEAST054,T16,Coral,Table 1,2024-06-03,00:00:00,5.733333333333333,Idiomarinaceae,0,DNA,NA,0,0,0
MOBEAST054,T16,Coral,Table 1,2024-06-03,00:00:00,5.733333333333333,JGI_0000069-P22_fa,0,DNA,NA,0,-0.00435,0.00435
MOBEAST054,T16,Coral,Table 1,2024-06-03,00:00:00,5.733333333333333,KI89A_clade_fa,4e-4,DNA,NA,0,-2.4999999999999995e-4,6.5e-4
MOBEAST054,T16,Coral,Table 1,2024-06-03,00:00:00,5.733333333333333,Kiritimatiellaceae,2e-4,DNA,NA,0,2e-4,0
MOBEAST054,T16,Coral,Table 1,2024-06-03,00:00:00,5.733333333333333,Leptotrichiaceae,0,DNA,NA,0,0,0
MOBEAST054,T16,Coral,Table 1,2024-06-03,00:00:00,5.733333333333333,Litoricolaceae,0.0075,DNA,NA,0,0.0038499999999999997,0.00365
MOBEAST054,T16,Coral,Table 1,2024-06-03,00:00:00,5.733333333333333,Marine_Group_II_fa,0.04199999999999999,DNA,NA,0,0.006999999999999985,0.035
MOBEAST054,T16,Coral,Table 1,2024-06-03,00:00:00,5.733333333333333,Marinifilaceae,0,DNA,NA,0,0,0
MOBEAST054,T16,Coral,Table 1,2024-06-03,00:00:00,5.733333333333333,Marinilabiliaceae,1e-4,DNA,NA,0,1e-4,0
MOBEAST054,T16,Coral,Table 1,2024-06-03,00:00:00,5.733333333333333,Marinimicrobia_(SAR406_clade)_fa,0.0082,DNA,NA,0,0.0023500000000000014,0.005849999999999999
MOBEAST054,T16,Coral,Table 1,2024-06-03,00:00:00,5.733333333333333,Marinobacteraceae,0,DNA,NA,0,0,0
MOBEAST054,T16,Coral,Table 1,2024-06-03,00:00:00,5.733333333333333,Marinomonadaceae,0.0018,DNA,NA,0,0.0018,0
MOBEAST054,T16,Coral,Table 1,2024-06-03,00:00:00,5.733333333333333,Methylophilaceae,0.0052,DNA,NA,0,0.0015499999999999997,0.00365
MOBEAST054,T16,Coral,Table 1,2024-06-03,00:00:00,5.733333333333333,Micavibrionaceae,0,DNA,NA,0,0,0
MOBEAST054,T16,Coral,Table 1,2024-06-03,00:00:00,5.733333333333333,Microtrichaceae,0.0037,DNA,NA,0,0.0012500000000000002,0.00245
MOBEAST054,T16,Coral,Table 1,2024-06-03,00:00:00,5.733333333333333,Moraxellaceae,0,DNA,NA,0,0,0
MOBEAST054,T16,Coral,Table 1,2024-06-03,00:00:00,5.733333333333333,NS7_marine_group,8e-4,DNA,NA,0,1.5000000000000007e-4,6.5e-4
MOBEAST054,T16,Coral,Table 1,2024-06-03,00:00:00,5.733333333333333,NS9_marine_group,0.0052,DNA,NA,0,1.4999999999999996e-4,0.00505
MOBEAST054,T16,Coral,Table 1,2024-06-03,00:00:00,5.733333333333333,Nannocystaceae,3e-4,DNA,NA,0,-3e-4,6e-4
MOBEAST054,T16,Coral,Table 1,2024-06-03,00:00:00,5.733333333333333,Nitrincolaceae,0.0707,DNA,NA,0,0.06685,0.003849999999999995
MOBEAST054,T16,Coral,Table 1,2024-06-03,00:00:00,5.733333333333333,Nitrosopumilaceae,4e-4,DNA,NA,0,-9.999999999999999e-5,5e-4
MOBEAST054,T16,Coral,Table 1,2024-06-03,00:00:00,5.733333333333333,OM182_clade_fa,0.0025,DNA,NA,0,-0.00135,0.00385
MOBEAST054,T16,Coral,Table 1,2024-06-03,00:00:00,5.733333333333333,Oleiphilaceae,0.0025,DNA,NA,0,9.500000000000001e-4,0.00155
MOBEAST054,T16,Coral,Table 1,2024-06-03,00:00:00,5.733333333333333,Oligoflexaceae,0.0017,DNA,NA,0,0.00115,5.499999999999999e-4
MOBEAST054,T16,Coral,Table 1,2024-06-03,00:00:00,5.733333333333333,Pirellulaceae,0.003,DNA,NA,0,-0.0014999999999999996,0.0045
MOBEAST054,T16,Coral,Table 1,2024-06-03,00:00:00,5.733333333333333,Piscirickettsiaceae,3e-4,DNA,NA,0,9.999999999999996e-5,2e-4
MOBEAST054,T16,Coral,Table 1,2024-06-03,00:00:00,5.733333333333333,Prolixibacteraceae,0,DNA,NA,0,0,0
MOBEAST054,T16,Coral,Table 1,2024-06-03,00:00:00,5.733333333333333,Proteobacteria_unclassified,0.0022,DNA,NA,0,-3.5000000000000005e-4,0.00255
MOBEAST054,T16,Coral,Table 1,2024-06-03,00:00:00,5.733333333333333,Pseudoalteromonadaceae,3.0000000000000003e-4,DNA,NA,0,-3.4999999999999994e-4,6.5e-4
MOBEAST054,T16,Coral,Table 1,2024-06-03,00:00:00,5.733333333333333,Pseudohongiellaceae,0.0021,DNA,NA,0,4.499999999999999e-4,0.00165
MOBEAST054,T16,Coral,Table 1,2024-06-03,00:00:00,5.733333333333333,Pseudomonadaceae,0,DNA,NA,0,0,0
MOBEAST054,T16,Coral,Table 1,2024-06-03,00:00:00,5.733333333333333,Puniceicoccaceae,0,DNA,NA,0,0,0
MOBEAST054,T16,Coral,Table 1,2024-06-03,00:00:00,5.733333333333333,Rhizobiaceae,0,DNA,NA,0,0,0
MOBEAST054,T16,Coral,Table 1,2024-06-03,00:00:00,5.733333333333333,Rhodobacteraceae,0.08209999999999999,DNA,NA,0,0.0016499999999999987,0.08045
MOBEAST054,T16,Coral,Table 1,2024-06-03,00:00:00,5.733333333333333,Rhodospirillaceae,0,DNA,NA,0,0,0
MOBEAST054,T16,Coral,Table 1,2024-06-03,00:00:00,5.733333333333333,Rubinisphaeraceae,9e-4,DNA,NA,0,-4.500000000000001e-4,0.00135
MOBEAST054,T16,Coral,Table 1,2024-06-03,00:00:00,5.733333333333333,S25-593,0.001,DNA,NA,0,-4.499999999999999e-4,0.00145
MOBEAST054,T16,Coral,Table 1,2024-06-03,00:00:00,5.733333333333333,SAR116_clade,0.0566,DNA,NA,0,0.015,0.0416
MOBEAST054,T16,Coral,Table 1,2024-06-03,00:00:00,5.733333333333333,SAR202_clade_fa,3e-4,DNA,NA,0,1.5e-4,1.5e-4
MOBEAST054,T16,Coral,Table 1,2024-06-03,00:00:00,5.733333333333333,SAR324_clade(Marine_group_B)_fa,0.0012,DNA,NA,0,6.999999999999999e-4,5e-4
MOBEAST054,T16,Coral,Table 1,2024-06-03,00:00:00,5.733333333333333,SAR86_clade_fa,0.0467,DNA,NA,0,0.013750000000000005,0.03294999999999999
MOBEAST054,T16,Coral,Table 1,2024-06-03,00:00:00,5.733333333333333,Saccharospirillaceae,0.0198,DNA,NA,0,0.007600000000000011,0.01219999999999999
MOBEAST054,T16,Coral,Table 1,2024-06-03,00:00:00,5.733333333333333,Saprospiraceae,0,DNA,NA,0,0,0
MOBEAST054,T16,Coral,Table 1,2024-06-03,00:00:00,5.733333333333333,Sphingomonadaceae,0,DNA,NA,0,0,0
MOBEAST054,T16,Coral,Table 1,2024-06-03,00:00:00,5.733333333333333,Spirochaetaceae,0,DNA,NA,0,0,0
MOBEAST054,T16,Coral,Table 1,2024-06-03,00:00:00,5.733333333333333,Spongiibacteraceae,0,DNA,NA,0,0,0
MOBEAST054,T16,Coral,Table 1,2024-06-03,00:00:00,5.733333333333333,Stappiaceae,0,DNA,NA,0,0,0
MOBEAST054,T16,Coral,Table 1,2024-06-03,00:00:00,5.733333333333333,Terasakiellaceae,7e-4,DNA,NA,0,7e-4,0
MOBEAST054,T16,Coral,Table 1,2024-06-03,00:00:00,5.733333333333333,Thalassospiraceae,0,DNA,NA,0,0,0
MOBEAST054,T16,Coral,Table 1,2024-06-03,00:00:00,5.733333333333333,Thiomicrospiraceae,0,DNA,NA,0,0,0
MOBEAST054,T16,Coral,Table 1,2024-06-03,00:00:00,5.733333333333333,Vibrionaceae,0.0202,DNA,NA,0,0.01825,0.00195
MOBEAST054,T16,Coral,Table 1,2024-06-03,00:00:00,5.733333333333333,Woesearchaeia_fa,3e-4,DNA,NA,0,-5.499999999999999e-4,8.5e-4
MOBEAST054,T16,Coral,Table 1,2024-06-03,00:00:00,5.733333333333333,uncultured_fa,0,DNA,NA,0,-3.5e-4,3.5e-4
MOBEAST055,F1,Inflow,Table 1,2024-06-03,06:00:00,NA,het_bact,453.91,FCM,cell/µL,0,-12.96999999999997,466.88
MOBEAST055,F1,Inflow,Table 1,2024-06-03,06:00:00,NA,pico_euk,0.2,FCM,cell/µL,0,-0.04149999999999998,0.2415
MOBEAST055,F1,Inflow,Table 1,2024-06-03,06:00:00,NA,syn,100.948,FCM,cell/µL,0,-1.9760000000000133,102.924
MOBEAST055,F1,Inflow,Table 1,2024-06-03,06:00:00,NA,pro,19.484,FCM,cell/µL,0,-1.1995000000000005,20.683500000000002
MOBEAST055,F1,Inflow,Table 1,2024-06-03,06:00:00,NA,tot_bact,574.343,FCM,cell/µL,0,-16.145000000000095,590.488
MOBEAST055,F1,Inflow,Table 1,2024-06-03,06:00:00,NA,cyano,120.43199999999996,FCM,cell/µL,0,-3.175500000000028,123.60749999999999
MOBEAST055,F1,Inflow,Table 1,2024-06-03,06:00:00,NA,chla_conc,0.0224,chla,µg/L,0,0.009000000000000001,0.013399999999999999
MOBEAST055,F1,Inflow,Table 1,2024-06-03,06:00:00,NA,tn_u_m,10.104450013208,DOC,µmol/L,0,0,10.104450013208
MOBEAST055,F1,Inflow,Table 1,2024-06-03,06:00:00,NA,coble_a,0.00930129743700761,fDOM,R.U.,0,-0.001121577489266945,0.010422874926274556
MOBEAST055,F1,Inflow,Table 1,2024-06-03,06:00:00,NA,coble_b,0.0699443396791334,fDOM,R.U.,0,-9.889860506976517e-4,0.07093332572983105
MOBEAST055,F1,Inflow,Table 1,2024-06-03,06:00:00,NA,coble_c,0.00680406273813205,fDOM,R.U.,0,-7.096016214852953e-4,0.007513664359617345
MOBEAST055,F1,Inflow,Table 1,2024-06-03,06:00:00,NA,coble_m,0.0114912142393814,fDOM,R.U.,0,-8.77776522402101e-4,0.0123689907617835
MOBEAST055,F1,Inflow,Table 1,2024-06-03,06:00:00,NA,coble_t,0.090466442670281,fDOM,R.U.,0,0.02100038297520901,0.069466059695072
MOBEAST055,F1,Inflow,Table 1,2024-06-03,06:00:00,NA,m_to_c,1.6888754089495852,fDOM,R.U.,0,0.03899329135309948,1.6498821175964857
MOBEAST055,F1,Inflow,Table 1,2024-06-03,06:00:00,NA,bix,0.705112519912786,fDOM,R.U.,0,0.01843052261622702,0.686681997296559
MOBEAST055,F1,Inflow,Table 1,2024-06-03,06:00:00,NA,hix,0.374000454499282,fDOM,R.U.,0,-0.15002347348303358,0.5240239279823156
MOBEAST055,F1,Inflow,Table 1,2024-06-03,06:00:00,NA,fpeak,0.0292939746813898,fDOM,R.U.,0,0.0031908388543888493,0.02610313582700095
MOBEAST055,F1,Inflow,Table 1,2024-06-03,06:00:00,NA,fi,1.84958385154209,fDOM,R.U.,0,0.05967881530696495,1.789905036235125
MOBEAST055,F1,Inflow,Table 1,2024-06-03,06:00:00,NA,lignin,0.0164911382109073,fDOM,R.U.,0,3.2198274068490074e-4,0.0161691554702224
MOBEAST055,F1,Inflow,Table 1,2024-06-03,06:00:00,NA,N_N,1.632,nutrients,µmol/L,0,0.5195000000000001,1.1124999999999998
MOBEAST055,F1,Inflow,Table 1,2024-06-03,06:00:00,NA,SiO2,0.5559904616,nutrients,µmol/L,0,-0.04146369545000006,0.59745415705
MOBEAST055,F1,Inflow,Table 1,2024-06-03,06:00:00,NA,NO3,1.0608708244999998,nutrients,µmol/L,0,0.6371764484,0.4236943760999999
MOBEAST055,F1,Inflow,Table 1,2024-06-03,06:00:00,NA,ph_diff,0,carbonate,NA,0,0,0
MOBEAST055,F1,Inflow,Table 1,2024-06-03,06:00:00,NA,delta_ta,0,carbonate,NA,0,0,0
MOBEAST055,F1,Inflow,Table 1,2024-06-03,06:00:00,NA,ta,2346.113,carbonate,NA,0,1.5529999999998836,2344.56
MOBEAST055,F1,Inflow,Table 1,2024-06-03,06:00:00,NA,ph,8.011280151320806,carbonate,NA,0,-0.003997733982560092,8.015277885303366
MOBEAST055,F1,Inflow,Table 1,2024-06-03,06:00:00,NA,AEGEAN-169_marine_group,0.0279,DNA,NA,0,-8.499999999999966e-4,0.028749999999999998
MOBEAST055,F1,Inflow,Table 1,2024-06-03,06:00:00,NA,Actinomarinaceae,0.0172,DNA,NA,0,5.500000000000019e-4,0.016649999999999998
MOBEAST055,F1,Inflow,Table 1,2024-06-03,06:00:00,NA,Alcanivoracaceae,0.001,DNA,NA,0,5e-4,5e-4
MOBEAST055,F1,Inflow,Table 1,2024-06-03,06:00:00,NA,Alphaproteobacteria_unclassified,0,DNA,NA,0,0,0
MOBEAST055,F1,Inflow,Table 1,2024-06-03,06:00:00,NA,Alteromonadaceae,0.0448,DNA,NA,0,0.006200000000000004,0.038599999999999995
MOBEAST055,F1,Inflow,Table 1,2024-06-03,06:00:00,NA,Alteromonadales_unclassified,0,DNA,NA,0,0,0
MOBEAST055,F1,Inflow,Table 1,2024-06-03,06:00:00,NA,Anaerolineae_unclassified,0,DNA,NA,0,0,0
MOBEAST055,F1,Inflow,Table 1,2024-06-03,06:00:00,NA,Arcobacteraceae,0,DNA,NA,0,0,0
MOBEAST055,F1,Inflow,Table 1,2024-06-03,06:00:00,NA,Arenicellaceae,0,DNA,NA,0,-2e-4,2e-4
MOBEAST055,F1,Inflow,Table 1,2024-06-03,06:00:00,NA,Bacteria_unclassified,1e-4,DNA,NA,0,5e-5,5e-5
MOBEAST055,F1,Inflow,Table 1,2024-06-03,06:00:00,NA,Bacteriovoracaceae,0,DNA,NA,0,0,0
MOBEAST055,F1,Inflow,Table 1,2024-06-03,06:00:00,NA,Bacteroidales_unclassified,0,DNA,NA,0,0,0
MOBEAST055,F1,Inflow,Table 1,2024-06-03,06:00:00,NA,Bacteroidetes_BD2-2,0,DNA,NA,0,0,0
MOBEAST055,F1,Inflow,Table 1,2024-06-03,06:00:00,NA,Bacteroidia_unclassified,0,DNA,NA,0,0,0
MOBEAST055,F1,Inflow,Table 1,2024-06-03,06:00:00,NA,Bradymonadales_fa,0,DNA,NA,0,0,0
MOBEAST055,F1,Inflow,Table 1,2024-06-03,06:00:00,NA,Campylobacterales_unclassified,0,DNA,NA,0,0,0
MOBEAST055,F1,Inflow,Table 1,2024-06-03,06:00:00,NA,Campylobacteria_unclassified,0,DNA,NA,0,0,0
MOBEAST055,F1,Inflow,Table 1,2024-06-03,06:00:00,NA,Cellvibrionaceae,0.005,DNA,NA,0,0.00185,0.00315
MOBEAST055,F1,Inflow,Table 1,2024-06-03,06:00:00,NA,Clade_I,0.0384,DNA,NA,0,8.99999999999998e-4,0.0375
MOBEAST055,F1,Inflow,Table 1,2024-06-03,06:00:00,NA,Clade_II,0.0152,DNA,NA,0,0.0010500000000000006,0.01415
MOBEAST055,F1,Inflow,Table 1,2024-06-03,06:00:00,NA,Clade_IV,0.002,DNA,NA,0,5.000000000000013e-5,0.00195
MOBEAST055,F1,Inflow,Table 1,2024-06-03,06:00:00,NA,Colwelliaceae,0,DNA,NA,0,0,0
MOBEAST055,F1,Inflow,Table 1,2024-06-03,06:00:00,NA,Cryomorphaceae,0.0099,DNA,NA,0,0,0.0099
MOBEAST055,F1,Inflow,Table 1,2024-06-03,06:00:00,NA,Cyanobiaceae,0.3767,DNA,NA,0,0.009799999999999975,0.3669
MOBEAST055,F1,Inflow,Table 1,2024-06-03,06:00:00,NA,Cyclobacteriaceae,9e-4,DNA,NA,0,0,9e-4
MOBEAST055,F1,Inflow,Table 1,2024-06-03,06:00:00,NA,Deltaproteobacteria_unclassified,0,DNA,NA,0,0,0
MOBEAST055,F1,Inflow,Table 1,2024-06-03,06:00:00,NA,Desulfovibrionaceae,0,DNA,NA,0,0,0
MOBEAST055,F1,Inflow,Table 1,2024-06-03,06:00:00,NA,Desulfuromonadaceae,0,DNA,NA,0,0,0
MOBEAST055,F1,Inflow,Table 1,2024-06-03,06:00:00,NA,Ectothiorhodospiraceae,0.003,DNA,NA,0,4.499999999999999e-4,0.00255
MOBEAST055,F1,Inflow,Table 1,2024-06-03,06:00:00,NA,Endozoicomonadaceae,4e-4,DNA,NA,0,0,4e-4
MOBEAST055,F1,Inflow,Table 1,2024-06-03,06:00:00,NA,Francisellaceae,0,DNA,NA,0,0,0
MOBEAST055,F1,Inflow,Table 1,2024-06-03,06:00:00,NA,Gammaproteobacteria_unclassified,0.0032,DNA,NA,0,-0.0019000000000000002,0.0051
MOBEAST055,F1,Inflow,Table 1,2024-06-03,06:00:00,NA,Halieaceae,0.0205,DNA,NA,0,4.0000000000000105e-4,0.0201
MOBEAST055,F1,Inflow,Table 1,2024-06-03,06:00:00,NA,Halomonadaceae,0,DNA,NA,0,0,0
MOBEAST055,F1,Inflow,Table 1,2024-06-03,06:00:00,NA,Helicobacteraceae,0,DNA,NA,0,0,0
MOBEAST055,F1,Inflow,Table 1,2024-06-03,06:00:00,NA,Hyphomonadaceae,0,DNA,NA,0,0,0
MOBEAST055,F1,Inflow,Table 1,2024-06-03,06:00:00,NA,Idiomarinaceae,0,DNA,NA,0,0,0
MOBEAST055,F1,Inflow,Table 1,2024-06-03,06:00:00,NA,JGI_0000069-P22_fa,0.0021,DNA,NA,0,0,0.0021
MOBEAST055,F1,Inflow,Table 1,2024-06-03,06:00:00,NA,KI89A_clade_fa,2e-4,DNA,NA,0,-2.5e-4,4.5e-4
MOBEAST055,F1,Inflow,Table 1,2024-06-03,06:00:00,NA,Kiritimatiellaceae,0,DNA,NA,0,0,0
MOBEAST055,F1,Inflow,Table 1,2024-06-03,06:00:00,NA,Leptotrichiaceae,0,DNA,NA,0,0,0
MOBEAST055,F1,Inflow,Table 1,2024-06-03,06:00:00,NA,Litoricolaceae,0.0027,DNA,NA,0,-3.499999999999996e-4,0.0030499999999999998
MOBEAST055,F1,Inflow,Table 1,2024-06-03,06:00:00,NA,Marine_Group_II_fa,0.0708,DNA,NA,0,0,0.0708
MOBEAST055,F1,Inflow,Table 1,2024-06-03,06:00:00,NA,Marinifilaceae,0,DNA,NA,0,0,0
MOBEAST055,F1,Inflow,Table 1,2024-06-03,06:00:00,NA,Marinilabiliaceae,0,DNA,NA,0,0,0
MOBEAST055,F1,Inflow,Table 1,2024-06-03,06:00:00,NA,Marinobacteraceae,0,DNA,NA,0,0,0
MOBEAST055,F1,Inflow,Table 1,2024-06-03,06:00:00,NA,Marinomonadaceae,0,DNA,NA,0,0,0
MOBEAST055,F1,Inflow,Table 1,2024-06-03,06:00:00,NA,Methylophilaceae,0.0061,DNA,NA,0,5.500000000000001e-4,0.00555
MOBEAST055,F1,Inflow,Table 1,2024-06-03,06:00:00,NA,Micavibrionaceae,0,DNA,NA,0,0,0
MOBEAST055,F1,Inflow,Table 1,2024-06-03,06:00:00,NA,Moraxellaceae,0,DNA,NA,0,0,0
MOBEAST055,F1,Inflow,Table 1,2024-06-03,06:00:00,NA,NS7_marine_group,0.001,DNA,NA,0,2.5e-4,7.5e-4
MOBEAST055,F1,Inflow,Table 1,2024-06-03,06:00:00,NA,Nannocystaceae,5e-4,DNA,NA,0,0,5e-4
MOBEAST055,F1,Inflow,Table 1,2024-06-03,06:00:00,NA,Nitrincolaceae,9e-4,DNA,NA,0,-9.999999999999506e-5,9.99999999999995e-4
MOBEAST055,F1,Inflow,Table 1,2024-06-03,06:00:00,NA,Nitrosopumilaceae,4e-4,DNA,NA,0,-4.999999999999997e-5,4.5e-4
MOBEAST055,F1,Inflow,Table 1,2024-06-03,06:00:00,NA,OM182_clade_fa,0.0048,DNA,NA,0,2.4999999999999935e-4,0.00455
MOBEAST055,F1,Inflow,Table 1,2024-06-03,06:00:00,NA,Oleiphilaceae,0.0019,DNA,NA,0,5.499999999999999e-4,0.00135
MOBEAST055,F1,Inflow,Table 1,2024-06-03,06:00:00,NA,Oligoflexaceae,0.0012,DNA,NA,0,-1.0000000000000005e-4,0.0013
MOBEAST055,F1,Inflow,Table 1,2024-06-03,06:00:00,NA,Pirellulaceae,0.0053,DNA,NA,0,2.500000000000002e-4,0.00505
MOBEAST055,F1,Inflow,Table 1,2024-06-03,06:00:00,NA,Piscirickettsiaceae,4e-4,DNA,NA,0,0,4e-4
MOBEAST055,F1,Inflow,Table 1,2024-06-03,06:00:00,NA,Prolixibacteraceae,0,DNA,NA,0,0,0
MOBEAST055,F1,Inflow,Table 1,2024-06-03,06:00:00,NA,Proteobacteria_unclassified,0.0023,DNA,NA,0,-5.500000000000001e-4,0.00285
MOBEAST055,F1,Inflow,Table 1,2024-06-03,06:00:00,NA,Pseudoalteromonadaceae,0,DNA,NA,0,-3e-4,3e-4
MOBEAST055,F1,Inflow,Table 1,2024-06-03,06:00:00,NA,Pseudohongiellaceae,0.0027,DNA,NA,0,1.4999999999999996e-4,0.00255
MOBEAST055,F1,Inflow,Table 1,2024-06-03,06:00:00,NA,Pseudomonadaceae,0,DNA,NA,0,0,0
MOBEAST055,F1,Inflow,Table 1,2024-06-03,06:00:00,NA,Puniceicoccaceae,0,DNA,NA,0,0,0
MOBEAST055,F1,Inflow,Table 1,2024-06-03,06:00:00,NA,Rhizobiaceae,0,DNA,NA,0,0,0
MOBEAST055,F1,Inflow,Table 1,2024-06-03,06:00:00,NA,Rhodobacteraceae,0.0597,DNA,NA,0,0.003950000000000002,0.05575
MOBEAST055,F1,Inflow,Table 1,2024-06-03,06:00:00,NA,Rhodospirillaceae,0,DNA,NA,0,0,0
MOBEAST055,F1,Inflow,Table 1,2024-06-03,06:00:00,NA,S25-593,0.0012,DNA,NA,0,1.0000000000000005e-4,0.0010999999999999998
MOBEAST055,F1,Inflow,Table 1,2024-06-03,06:00:00,NA,SAR116_clade,0.0522,DNA,NA,0,0.0016500000000000056,0.05055
MOBEAST055,F1,Inflow,Table 1,2024-06-03,06:00:00,NA,SAR202_clade_fa,5e-4,DNA,NA,0,-1.4999999999999996e-4,6.5e-4
MOBEAST055,F1,Inflow,Table 1,2024-06-03,06:00:00,NA,SAR324_clade(Marine_group_B)_fa,8e-4,DNA,NA,0,-1.5000000000000007e-4,9.500000000000001e-4
MOBEAST055,F1,Inflow,Table 1,2024-06-03,06:00:00,NA,SAR86_clade_fa,0.05310000000000001,DNA,NA,0,-0.004349999999999993,0.05745
MOBEAST055,F1,Inflow,Table 1,2024-06-03,06:00:00,NA,Saccharospirillaceae,0.0239,DNA,NA,0,-0.00835,0.03225
MOBEAST055,F1,Inflow,Table 1,2024-06-03,06:00:00,NA,Saprospiraceae,0,DNA,NA,0,0,0
MOBEAST055,F1,Inflow,Table 1,2024-06-03,06:00:00,NA,Sphingomonadaceae,0,DNA,NA,0,0,0
MOBEAST055,F1,Inflow,Table 1,2024-06-03,06:00:00,NA,Spirochaetaceae,0,DNA,NA,0,0,0
MOBEAST055,F1,Inflow,Table 1,2024-06-03,06:00:00,NA,Spongiibacteraceae,0,DNA,NA,0,0,0
MOBEAST055,F1,Inflow,Table 1,2024-06-03,06:00:00,NA,Stappiaceae,0,DNA,NA,0,0,0
MOBEAST055,F1,Inflow,Table 1,2024-06-03,06:00:00,NA,Terasakiellaceae,0,DNA,NA,0,0,0
MOBEAST055,F1,Inflow,Table 1,2024-06-03,06:00:00,NA,Thalassospiraceae,0,DNA,NA,0,0,0
MOBEAST055,F1,Inflow,Table 1,2024-06-03,06:00:00,NA,Thiomicrospiraceae,0,DNA,NA,0,0,0
MOBEAST055,F1,Inflow,Table 1,2024-06-03,06:00:00,NA,Vibrionaceae,0.002,DNA,NA,0,-4.000000000000002e-4,0.0024000000000000002
MOBEAST055,F1,Inflow,Table 1,2024-06-03,06:00:00,NA,Woesearchaeia_fa,0.0015,DNA,NA,0,5.499999999999999e-4,9.500000000000001e-4
MOBEAST055,F1,Inflow,Table 1,2024-06-03,06:00:00,NA,uncultured_fa,0,DNA,NA,0,-2.5e-4,2.5e-4
MOBEAST056,F2,Inflow,Table 2,2024-06-03,06:00:00,NA,het_bact,479.85,FCM,cell/µL,0,12.970000000000027,466.88
MOBEAST056,F2,Inflow,Table 2,2024-06-03,06:00:00,NA,pico_euk,0.283,FCM,cell/µL,0,0.04149999999999998,0.2415
MOBEAST056,F2,Inflow,Table 2,2024-06-03,06:00:00,NA,syn,104.9,FCM,cell/µL,0,1.975999999999999,102.924
MOBEAST056,F2,Inflow,Table 2,2024-06-03,06:00:00,NA,pro,21.883,FCM,cell/µL,0,1.199499999999997,20.683500000000002
MOBEAST056,F2,Inflow,Table 2,2024-06-03,06:00:00,NA,tot_bact,606.633,FCM,cell/µL,0,16.144999999999982,590.488
MOBEAST056,F2,Inflow,Table 2,2024-06-03,06:00:00,NA,cyano,126.78300000000002,FCM,cell/µL,0,3.175500000000028,123.60749999999999
MOBEAST056,F2,Inflow,Table 2,2024-06-03,06:00:00,NA,chla_conc,0.0044,chla,µg/L,0,-0.008999999999999998,0.013399999999999999
MOBEAST056,F2,Inflow,Table 2,2024-06-03,06:00:00,NA,coble_a,0.0115444524155415,fDOM,R.U.,0,0.001121577489266945,0.010422874926274556
MOBEAST056,F2,Inflow,Table 2,2024-06-03,06:00:00,NA,coble_b,0.0719223117805287,fDOM,R.U.,0,9.889860506976517e-4,0.07093332572983105
MOBEAST056,F2,Inflow,Table 2,2024-06-03,06:00:00,NA,coble_c,0.00822326598110264,fDOM,R.U.,0,7.096016214852953e-4,0.007513664359617345
MOBEAST056,F2,Inflow,Table 2,2024-06-03,06:00:00,NA,coble_m,0.0132467672841856,fDOM,R.U.,0,8.777765224020993e-4,0.0123689907617835
MOBEAST056,F2,Inflow,Table 2,2024-06-03,06:00:00,NA,coble_t,0.048465676719863,fDOM,R.U.,0,-0.021000382975208995,0.069466059695072
MOBEAST056,F2,Inflow,Table 2,2024-06-03,06:00:00,NA,m_to_c,1.6108888262433865,fDOM,R.U.,0,-0.03899329135309926,1.6498821175964857
MOBEAST056,F2,Inflow,Table 2,2024-06-03,06:00:00,NA,bix,0.668251474680332,fDOM,R.U.,0,-0.01843052261622702,0.686681997296559
MOBEAST056,F2,Inflow,Table 2,2024-06-03,06:00:00,NA,hix,0.674047401465349,fDOM,R.U.,0,0.15002347348303346,0.5240239279823156
MOBEAST056,F2,Inflow,Table 2,2024-06-03,06:00:00,NA,fpeak,0.0229122969726121,fDOM,R.U.,0,-0.0031908388543888493,0.02610313582700095
MOBEAST056,F2,Inflow,Table 2,2024-06-03,06:00:00,NA,fi,1.73022622092816,fDOM,R.U.,0,-0.05967881530696495,1.789905036235125
MOBEAST056,F2,Inflow,Table 2,2024-06-03,06:00:00,NA,lignin,0.0158471727295375,fDOM,R.U.,0,-3.2198274068490074e-4,0.0161691554702224
MOBEAST056,F2,Inflow,Table 2,2024-06-03,06:00:00,NA,N_N,0.593,nutrients,µmol/L,0,-0.5194999999999999,1.1124999999999998
MOBEAST056,F2,Inflow,Table 2,2024-06-03,06:00:00,NA,PO4,0.077,nutrients,µmol/L,0,0,0.077
MOBEAST056,F2,Inflow,Table 2,2024-06-03,06:00:00,NA,SiO2,0.6389178525,nutrients,µmol/L,0,0.04146369544999995,0.59745415705
MOBEAST056,F2,Inflow,Table 2,2024-06-03,06:00:00,NA,NH3,3.328466844,nutrients,µmol/L,0,0,3.328466844
MOBEAST056,F2,Inflow,Table 2,2024-06-03,06:00:00,NA,NO3,-0.21348207230000005,nutrients,µmol/L,0,-0.6371764484,0.4236943760999999
MOBEAST056,F2,Inflow,Table 2,2024-06-03,06:00:00,NA,ph_diff,0,carbonate,NA,0,0,0
MOBEAST056,F2,Inflow,Table 2,2024-06-03,06:00:00,NA,delta_ta,0,carbonate,NA,0,0,0
MOBEAST056,F2,Inflow,Table 2,2024-06-03,06:00:00,NA,ta,2343.007,carbonate,NA,0,-1.5529999999998836,2344.56
MOBEAST056,F2,Inflow,Table 2,2024-06-03,06:00:00,NA,ph,8.019275619285924,carbonate,NA,0,0.003997733982558316,8.015277885303366
MOBEAST056,F2,Inflow,Table 2,2024-06-03,06:00:00,NA,AEGEAN-169_marine_group,0.02959999999999999,DNA,NA,0,8.499999999999931e-4,0.028749999999999998
MOBEAST056,F2,Inflow,Table 2,2024-06-03,06:00:00,NA,Actinomarinaceae,0.0161,DNA,NA,0,-5.499999999999984e-4,0.016649999999999998
MOBEAST056,F2,Inflow,Table 2,2024-06-03,06:00:00,NA,Alcanivoracaceae,0,DNA,NA,0,-5e-4,5e-4
MOBEAST056,F2,Inflow,Table 2,2024-06-03,06:00:00,NA,Alphaproteobacteria_unclassified,0,DNA,NA,0,0,0
MOBEAST056,F2,Inflow,Table 2,2024-06-03,06:00:00,NA,Alteromonadaceae,0.0324,DNA,NA,0,-0.006199999999999997,0.038599999999999995
MOBEAST056,F2,Inflow,Table 2,2024-06-03,06:00:00,NA,Alteromonadales_unclassified,0,DNA,NA,0,0,0
MOBEAST056,F2,Inflow,Table 2,2024-06-03,06:00:00,NA,Anaerolineae_unclassified,0,DNA,NA,0,0,0
MOBEAST056,F2,Inflow,Table 2,2024-06-03,06:00:00,NA,Arcobacteraceae,0,DNA,NA,0,0,0
MOBEAST056,F2,Inflow,Table 2,2024-06-03,06:00:00,NA,Arctic97B-4_marine_group_fa,0.0036,DNA,NA,0,0,0.0036
MOBEAST056,F2,Inflow,Table 2,2024-06-03,06:00:00,NA,Arenicellaceae,4e-4,DNA,NA,0,2e-4,2e-4
MOBEAST056,F2,Inflow,Table 2,2024-06-03,06:00:00,NA,Bacteria_unclassified,0,DNA,NA,0,-5e-5,5e-5
MOBEAST056,F2,Inflow,Table 2,2024-06-03,06:00:00,NA,Bacteriovoracaceae,0,DNA,NA,0,0,0
MOBEAST056,F2,Inflow,Table 2,2024-06-03,06:00:00,NA,Bacteroidales_unclassified,0,DNA,NA,0,0,0
MOBEAST056,F2,Inflow,Table 2,2024-06-03,06:00:00,NA,Bacteroidetes_BD2-2,0,DNA,NA,0,0,0
MOBEAST056,F2,Inflow,Table 2,2024-06-03,06:00:00,NA,Bacteroidia_unclassified,0,DNA,NA,0,0,0
MOBEAST056,F2,Inflow,Table 2,2024-06-03,06:00:00,NA,Bradymonadales_fa,0,DNA,NA,0,0,0
MOBEAST056,F2,Inflow,Table 2,2024-06-03,06:00:00,NA,Campylobacterales_unclassified,0,DNA,NA,0,0,0
MOBEAST056,F2,Inflow,Table 2,2024-06-03,06:00:00,NA,Campylobacteria_unclassified,0,DNA,NA,0,0,0
MOBEAST056,F2,Inflow,Table 2,2024-06-03,06:00:00,NA,Cellvibrionaceae,0.0013,DNA,NA,0,-0.00185,0.00315
MOBEAST056,F2,Inflow,Table 2,2024-06-03,06:00:00,NA,Clade_I,0.0366,DNA,NA,0,-8.99999999999998e-4,0.0375
MOBEAST056,F2,Inflow,Table 2,2024-06-03,06:00:00,NA,Clade_II,0.0131,DNA,NA,0,-0.0010499999999999989,0.01415
MOBEAST056,F2,Inflow,Table 2,2024-06-03,06:00:00,NA,Clade_IV,0.0019,DNA,NA,0,-4.9999999999999914e-5,0.00195
MOBEAST056,F2,Inflow,Table 2,2024-06-03,06:00:00,NA,Colwelliaceae,0,DNA,NA,0,0,0
MOBEAST056,F2,Inflow,Table 2,2024-06-03,06:00:00,NA,Cyanobiaceae,0.3571,DNA,NA,0,-0.009800000000000031,0.3669
MOBEAST056,F2,Inflow,Table 2,2024-06-03,06:00:00,NA,Deltaproteobacteria_unclassified,0,DNA,NA,0,0,0
MOBEAST056,F2,Inflow,Table 2,2024-06-03,06:00:00,NA,Desulfovibrionaceae,0,DNA,NA,0,0,0
MOBEAST056,F2,Inflow,Table 2,2024-06-03,06:00:00,NA,Desulfuromonadaceae,0,DNA,NA,0,0,0
MOBEAST056,F2,Inflow,Table 2,2024-06-03,06:00:00,NA,Ectothiorhodospiraceae,0.0021,DNA,NA,0,-4.500000000000003e-4,0.00255
MOBEAST056,F2,Inflow,Table 2,2024-06-03,06:00:00,NA,Endozoicomonadaceae,4e-4,DNA,NA,0,0,4e-4
MOBEAST056,F2,Inflow,Table 2,2024-06-03,06:00:00,NA,Francisellaceae,0,DNA,NA,0,0,0
MOBEAST056,F2,Inflow,Table 2,2024-06-03,06:00:00,NA,Gammaproteobacteria_unclassified,0.007,DNA,NA,0,0.0018999999999999998,0.0051
MOBEAST056,F2,Inflow,Table 2,2024-06-03,06:00:00,NA,Halieaceae,0.0197,DNA,NA,0,-4.0000000000000105e-4,0.0201
MOBEAST056,F2,Inflow,Table 2,2024-06-03,06:00:00,NA,Halomonadaceae,0,DNA,NA,0,0,0
MOBEAST056,F2,Inflow,Table 2,2024-06-03,06:00:00,NA,Helicobacteraceae,0,DNA,NA,0,0,0
MOBEAST056,F2,Inflow,Table 2,2024-06-03,06:00:00,NA,Hyphomonadaceae,0,DNA,NA,0,0,0
MOBEAST056,F2,Inflow,Table 2,2024-06-03,06:00:00,NA,Idiomarinaceae,0,DNA,NA,0,0,0
MOBEAST056,F2,Inflow,Table 2,2024-06-03,06:00:00,NA,KI89A_clade_fa,7e-4,DNA,NA,0,2.5e-4,4.5e-4
MOBEAST056,F2,Inflow,Table 2,2024-06-03,06:00:00,NA,Kiritimatiellaceae,0,DNA,NA,0,0,0
MOBEAST056,F2,Inflow,Table 2,2024-06-03,06:00:00,NA,Leptotrichiaceae,0,DNA,NA,0,0,0
MOBEAST056,F2,Inflow,Table 2,2024-06-03,06:00:00,NA,Litoricolaceae,0.0034,DNA,NA,0,3.5000000000000005e-4,0.0030499999999999998
MOBEAST056,F2,Inflow,Table 2,2024-06-03,06:00:00,NA,Marinifilaceae,0,DNA,NA,0,0,0
MOBEAST056,F2,Inflow,Table 2,2024-06-03,06:00:00,NA,Marinilabiliaceae,0,DNA,NA,0,0,0
MOBEAST056,F2,Inflow,Table 2,2024-06-03,06:00:00,NA,Marinimicrobia_(SAR406_clade)_fa,0.0107,DNA,NA,0,0,0.0107
MOBEAST056,F2,Inflow,Table 2,2024-06-03,06:00:00,NA,Marinobacteraceae,0,DNA,NA,0,0,0
MOBEAST056,F2,Inflow,Table 2,2024-06-03,06:00:00,NA,Marinomonadaceae,0,DNA,NA,0,0,0
MOBEAST056,F2,Inflow,Table 2,2024-06-03,06:00:00,NA,Methylophilaceae,0.005,DNA,NA,0,-5.500000000000001e-4,0.00555
MOBEAST056,F2,Inflow,Table 2,2024-06-03,06:00:00,NA,Micavibrionaceae,0,DNA,NA,0,0,0
MOBEAST056,F2,Inflow,Table 2,2024-06-03,06:00:00,NA,Microtrichaceae,0.004,DNA,NA,0,0,0.004
MOBEAST056,F2,Inflow,Table 2,2024-06-03,06:00:00,NA,Moraxellaceae,0,DNA,NA,0,0,0
MOBEAST056,F2,Inflow,Table 2,2024-06-03,06:00:00,NA,NS7_marine_group,5e-4,DNA,NA,0,-2.5e-4,7.5e-4
MOBEAST056,F2,Inflow,Table 2,2024-06-03,06:00:00,NA,Nannocystaceae,5e-4,DNA,NA,0,0,5e-4
MOBEAST056,F2,Inflow,Table 2,2024-06-03,06:00:00,NA,Nitrincolaceae,0.00109999999999999,DNA,NA,0,9.999999999999506e-5,9.99999999999995e-4
MOBEAST056,F2,Inflow,Table 2,2024-06-03,06:00:00,NA,Nitrosopumilaceae,5e-4,DNA,NA,0,5.000000000000002e-5,4.5e-4
MOBEAST056,F2,Inflow,Table 2,2024-06-03,06:00:00,NA,OM182_clade_fa,0.0043,DNA,NA,0,-2.500000000000002e-4,0.00455
MOBEAST056,F2,Inflow,Table 2,2024-06-03,06:00:00,NA,Oleiphilaceae,8e-4,DNA,NA,0,-5.5e-4,0.00135
MOBEAST056,F2,Inflow,Table 2,2024-06-03,06:00:00,NA,Oligoflexaceae,0.0014,DNA,NA,0,1.0000000000000005e-4,0.0013
MOBEAST056,F2,Inflow,Table 2,2024-06-03,06:00:00,NA,Pirellulaceae,0.0048,DNA,NA,0,-2.500000000000002e-4,0.00505
MOBEAST056,F2,Inflow,Table 2,2024-06-03,06:00:00,NA,Prolixibacteraceae,0,DNA,NA,0,0,0
MOBEAST056,F2,Inflow,Table 2,2024-06-03,06:00:00,NA,Proteobacteria_unclassified,0.0034,DNA,NA,0,5.499999999999997e-4,0.00285
MOBEAST056,F2,Inflow,Table 2,2024-06-03,06:00:00,NA,Pseudoalteromonadaceae,6e-4,DNA,NA,0,3e-4,3e-4
MOBEAST056,F2,Inflow,Table 2,2024-06-03,06:00:00,NA,Pseudohongiellaceae,0.0024,DNA,NA,0,-1.500000000000004e-4,0.00255
MOBEAST056,F2,Inflow,Table 2,2024-06-03,06:00:00,NA,Pseudomonadaceae,0,DNA,NA,0,0,0
MOBEAST056,F2,Inflow,Table 2,2024-06-03,06:00:00,NA,Puniceicoccaceae,0,DNA,NA,0,0,0
MOBEAST056,F2,Inflow,Table 2,2024-06-03,06:00:00,NA,Rhizobiaceae,0,DNA,NA,0,0,0
MOBEAST056,F2,Inflow,Table 2,2024-06-03,06:00:00,NA,Rhodobacteraceae,0.0518,DNA,NA,0,-0.003950000000000002,0.05575
MOBEAST056,F2,Inflow,Table 2,2024-06-03,06:00:00,NA,Rhodospirillaceae,0,DNA,NA,0,0,0
MOBEAST056,F2,Inflow,Table 2,2024-06-03,06:00:00,NA,Rubinisphaeraceae,0.001,DNA,NA,0,0,0.001
MOBEAST056,F2,Inflow,Table 2,2024-06-03,06:00:00,NA,S25-593,0.001,DNA,NA,0,-9.999999999999983e-5,0.0010999999999999998
MOBEAST056,F2,Inflow,Table 2,2024-06-03,06:00:00,NA,SAR116_clade,0.0489,DNA,NA,0,-0.0016499999999999987,0.05055
MOBEAST056,F2,Inflow,Table 2,2024-06-03,06:00:00,NA,SAR202_clade_fa,8e-4,DNA,NA,0,1.5000000000000007e-4,6.5e-4
MOBEAST056,F2,Inflow,Table 2,2024-06-03,06:00:00,NA,SAR324_clade(Marine_group_B)_fa,0.0011,DNA,NA,0,1.4999999999999996e-4,9.500000000000001e-4
MOBEAST056,F2,Inflow,Table 2,2024-06-03,06:00:00,NA,SAR86_clade_fa,0.06179999999999999,DNA,NA,0,0.004349999999999986,0.05745
MOBEAST056,F2,Inflow,Table 2,2024-06-03,06:00:00,NA,Saccharospirillaceae,0.0406,DNA,NA,0,0.008349999999999996,0.03225
MOBEAST056,F2,Inflow,Table 2,2024-06-03,06:00:00,NA,Saprospiraceae,0,DNA,NA,0,0,0
MOBEAST056,F2,Inflow,Table 2,2024-06-03,06:00:00,NA,Sphingomonadaceae,0,DNA,NA,0,0,0
MOBEAST056,F2,Inflow,Table 2,2024-06-03,06:00:00,NA,Spirochaetaceae,0,DNA,NA,0,0,0
MOBEAST056,F2,Inflow,Table 2,2024-06-03,06:00:00,NA,Spongiibacteraceae,0,DNA,NA,0,0,0
MOBEAST056,F2,Inflow,Table 2,2024-06-03,06:00:00,NA,Stappiaceae,0,DNA,NA,0,0,0
MOBEAST056,F2,Inflow,Table 2,2024-06-03,06:00:00,NA,Terasakiellaceae,0,DNA,NA,0,0,0
MOBEAST056,F2,Inflow,Table 2,2024-06-03,06:00:00,NA,Thalassospiraceae,0,DNA,NA,0,0,0
MOBEAST056,F2,Inflow,Table 2,2024-06-03,06:00:00,NA,Thiomicrospiraceae,0,DNA,NA,0,0,0
MOBEAST056,F2,Inflow,Table 2,2024-06-03,06:00:00,NA,Vibrionaceae,0.0028,DNA,NA,0,3.9999999999999975e-4,0.0024000000000000002
MOBEAST056,F2,Inflow,Table 2,2024-06-03,06:00:00,NA,Woesearchaeia_fa,4e-4,DNA,NA,0,-5.500000000000001e-4,9.500000000000001e-4
MOBEAST056,F2,Inflow,Table 2,2024-06-03,06:00:00,NA,uncultured_fa,5e-4,DNA,NA,0,2.5e-4,2.5e-4
MOBEAST057,T1,Algae,Table 2,2024-06-03,06:00:00,2,het_bact,463.245,FCM,cell/µL,0,-3.634999999999991,466.88
MOBEAST057,T1,Algae,Table 2,2024-06-03,06:00:00,2,pico_euk,0.216,FCM,cell/µL,0,-0.025499999999999995,0.2415
MOBEAST057,T1,Algae,Table 2,2024-06-03,06:00:00,2,syn,84.359,FCM,cell/µL,0,-18.565000000000012,102.924
MOBEAST057,T1,Algae,Table 2,2024-06-03,06:00:00,2,pro,17.121,FCM,cell/µL,0,-3.5625000000000036,20.683500000000002
MOBEAST057,T1,Algae,Table 2,2024-06-03,06:00:00,2,tot_bact,564.725,FCM,cell/µL,0,-25.763000000000034,590.488
MOBEAST057,T1,Algae,Table 2,2024-06-03,06:00:00,2,cyano,101.48000000000002,FCM,cell/µL,0,-22.12749999999997,123.60749999999999
MOBEAST057,T1,Algae,Table 2,2024-06-03,06:00:00,2,chla_conc,0.034,chla,µg/L,0,0.020600000000000004,0.013399999999999999
MOBEAST057,T1,Algae,Table 2,2024-06-03,06:00:00,2,tn_u_m,10.0537599862923,DOC,µmol/L,0,-0.05069002691569935,10.104450013208
MOBEAST057,T1,Algae,Table 2,2024-06-03,06:00:00,2,coble_a,0.00888718186868076,fDOM,R.U.,0,-0.0015356930575937955,0.010422874926274556
MOBEAST057,T1,Algae,Table 2,2024-06-03,06:00:00,2,coble_b,0.0331568530315508,fDOM,R.U.,0,-0.03777647269828025,0.07093332572983105
MOBEAST057,T1,Algae,Table 2,2024-06-03,06:00:00,2,coble_c,0.0083698453460601,fDOM,R.U.,0,8.561809864427545e-4,0.007513664359617345
MOBEAST057,T1,Algae,Table 2,2024-06-03,06:00:00,2,coble_m,0.0115334530418542,fDOM,R.U.,0,-8.35537719929301e-4,0.0123689907617835
MOBEAST057,T1,Algae,Table 2,2024-06-03,06:00:00,2,coble_t,0.0610722224661148,fDOM,R.U.,0,-0.008393837228957195,0.069466059695072
MOBEAST057,T1,Algae,Table 2,2024-06-03,06:00:00,2,m_to_c,1.3779768400718768,fDOM,R.U.,0,-0.2719052775246089,1.6498821175964857
MOBEAST057,T1,Algae,Table 2,2024-06-03,06:00:00,2,bix,0.990617834688734,fDOM,R.U.,0,0.303935837392175,0.686681997296559
MOBEAST057,T1,Algae,Table 2,2024-06-03,06:00:00,2,hix,0.483617388990106,fDOM,R.U.,0,-0.040406538992209584,0.5240239279823156
MOBEAST057,T1,Algae,Table 2,2024-06-03,06:00:00,2,fpeak,0.0325326179987377,fDOM,R.U.,0,0.0064294821717367535,0.02610313582700095
MOBEAST057,T1,Algae,Table 2,2024-06-03,06:00:00,2,fi,1.42827117201859,fDOM,R.U.,0,-0.3616338642165349,1.789905036235125
MOBEAST057,T1,Algae,Table 2,2024-06-03,06:00:00,2,lignin,0.0548944628741675,fDOM,R.U.,0,0.0387253074039451,0.0161691554702224
MOBEAST057,T1,Algae,Table 2,2024-06-03,06:00:00,2,N_N,0.732,nutrients,µmol/L,0,-0.38049999999999984,1.1124999999999998
MOBEAST057,T1,Algae,Table 2,2024-06-03,06:00:00,2,NO2,0.31463798,nutrients,µmol/L,0,NA,NA
MOBEAST057,T1,Algae,Table 2,2024-06-03,06:00:00,2,PO4,0.1270463224,nutrients,µmol/L,0,0.050046322399999996,0.077
MOBEAST057,T1,Algae,Table 2,2024-06-03,06:00:00,2,SiO2,0.6276095719,nutrients,µmol/L,0,0.03015541484999995,0.59745415705
MOBEAST057,T1,Algae,Table 2,2024-06-03,06:00:00,2,NH3,2.610684213,nutrients,µmol/L,0,-0.717782631,3.328466844
MOBEAST057,T1,Algae,Table 2,2024-06-03,06:00:00,2,NO3,0.41736202,nutrients,µmol/L,0,-0.006332356099999881,0.4236943760999999
MOBEAST057,T1,Algae,Table 2,2024-06-03,06:00:00,2,do_mg_l,3.95,residence time,NA,0,NA,NA
MOBEAST057,T1,Algae,Table 2,2024-06-03,06:00:00,2,ta,2358.64,carbonate,NA,0,14.079999999999927,2344.56
MOBEAST057,T1,Algae,Table 2,2024-06-03,06:00:00,2,dic_mmol_kg,2059.60847,residence time,NA,0,NA,NA
MOBEAST057,T1,Algae,Table 2,2024-06-03,06:00:00,2,ph,7.975172981616652,carbonate,NA,0,-0.040104903686714266,8.015277885303366
MOBEAST057,T1,Algae,Table 2,2024-06-03,06:00:00,2,AEGEAN-169_marine_group,0.0142,DNA,NA,0,-0.014549999999999997,0.028749999999999998
MOBEAST057,T1,Algae,Table 2,2024-06-03,06:00:00,2,Actinomarinaceae,0.0104,DNA,NA,0,-0.006249999999999999,0.016649999999999998
MOBEAST057,T1,Algae,Table 2,2024-06-03,06:00:00,2,Alcanivoracaceae,0,DNA,NA,0,-5e-4,5e-4
MOBEAST057,T1,Algae,Table 2,2024-06-03,06:00:00,2,Alphaproteobacteria_unclassified,0.00819999999999999,DNA,NA,0,0.00819999999999999,0
MOBEAST057,T1,Algae,Table 2,2024-06-03,06:00:00,2,Alteromonadaceae,0.0478,DNA,NA,0,0.009200000000000007,0.038599999999999995
MOBEAST057,T1,Algae,Table 2,2024-06-03,06:00:00,2,Alteromonadales_unclassified,0.0227,DNA,NA,0,0.0227,0
MOBEAST057,T1,Algae,Table 2,2024-06-03,06:00:00,2,Anaerolineae_unclassified,0.0062,DNA,NA,0,0.0062,0
MOBEAST057,T1,Algae,Table 2,2024-06-03,06:00:00,2,Arcobacteraceae,0.1201,DNA,NA,0,0.1201,0
MOBEAST057,T1,Algae,Table 2,2024-06-03,06:00:00,2,Arctic97B-4_marine_group_fa,0.0013,DNA,NA,0,-0.0023,0.0036
MOBEAST057,T1,Algae,Table 2,2024-06-03,06:00:00,2,Arenicellaceae,5e-4,DNA,NA,0,3.0000000000000003e-4,2e-4
MOBEAST057,T1,Algae,Table 2,2024-06-03,06:00:00,2,Bacteria_unclassified,0.0028,DNA,NA,0,0.00275,5e-5
MOBEAST057,T1,Algae,Table 2,2024-06-03,06:00:00,2,Bacteriovoracaceae,0.0031,DNA,NA,0,0.0031,0
MOBEAST057,T1,Algae,Table 2,2024-06-03,06:00:00,2,Bacteroidales_unclassified,0,DNA,NA,0,0,0
MOBEAST057,T1,Algae,Table 2,2024-06-03,06:00:00,2,Bacteroidetes_BD2-2,0.0023,DNA,NA,0,0.0023,0
MOBEAST057,T1,Algae,Table 2,2024-06-03,06:00:00,2,Bacteroidia_unclassified,6e-4,DNA,NA,0,6e-4,0
MOBEAST057,T1,Algae,Table 2,2024-06-03,06:00:00,2,Bradymonadales_fa,0,DNA,NA,0,0,0
MOBEAST057,T1,Algae,Table 2,2024-06-03,06:00:00,2,Campylobacterales_unclassified,6e-4,DNA,NA,0,6e-4,0
MOBEAST057,T1,Algae,Table 2,2024-06-03,06:00:00,2,Campylobacteria_unclassified,8e-4,DNA,NA,0,8e-4,0
MOBEAST057,T1,Algae,Table 2,2024-06-03,06:00:00,2,Cellvibrionaceae,0.0093,DNA,NA,0,0.006149999999999999,0.00315
MOBEAST057,T1,Algae,Table 2,2024-06-03,06:00:00,2,Clade_I,0.0192,DNA,NA,0,-0.0183,0.0375
MOBEAST057,T1,Algae,Table 2,2024-06-03,06:00:00,2,Clade_II,0.0075,DNA,NA,0,-0.00665,0.01415
MOBEAST057,T1,Algae,Table 2,2024-06-03,06:00:00,2,Clade_IV,7e-4,DNA,NA,0,-0.0012499999999999998,0.00195
MOBEAST057,T1,Algae,Table 2,2024-06-03,06:00:00,2,Colwelliaceae,0.001,DNA,NA,0,0.001,0
MOBEAST057,T1,Algae,Table 2,2024-06-03,06:00:00,2,Cryomorphaceae,0.0074,DNA,NA,0,-0.0025000000000000005,0.0099
MOBEAST057,T1,Algae,Table 2,2024-06-03,06:00:00,2,Cyanobiaceae,0.223,DNA,NA,0,-0.1439,0.3669
MOBEAST057,T1,Algae,Table 2,2024-06-03,06:00:00,2,Cyclobacteriaceae,2e-4,DNA,NA,0,-7e-4,9e-4
MOBEAST057,T1,Algae,Table 2,2024-06-03,06:00:00,2,Deltaproteobacteria_unclassified,0,DNA,NA,0,0,0
MOBEAST057,T1,Algae,Table 2,2024-06-03,06:00:00,2,Desulfovibrionaceae,0.0044,DNA,NA,0,0.0044,0
MOBEAST057,T1,Algae,Table 2,2024-06-03,06:00:00,2,Desulfuromonadaceae,0.0016,DNA,NA,0,0.0016,0
MOBEAST057,T1,Algae,Table 2,2024-06-03,06:00:00,2,Ectothiorhodospiraceae,0.001,DNA,NA,0,-0.0015500000000000002,0.00255
MOBEAST057,T1,Algae,Table 2,2024-06-03,06:00:00,2,Endozoicomonadaceae,0,DNA,NA,0,-4e-4,4e-4
MOBEAST057,T1,Algae,Table 2,2024-06-03,06:00:00,2,Flavobacteriaceae,0.0388,DNA,NA,0,NA,NA
MOBEAST057,T1,Algae,Table 2,2024-06-03,06:00:00,2,Francisellaceae,0.0023,DNA,NA,0,0.0023,0
MOBEAST057,T1,Algae,Table 2,2024-06-03,06:00:00,2,Gammaproteobacteria_unclassified,1e-4,DNA,NA,0,-0.005,0.0051
MOBEAST057,T1,Algae,Table 2,2024-06-03,06:00:00,2,Halieaceae,0.00609999999999999,DNA,NA,0,-0.014000000000000009,0.0201
MOBEAST057,T1,Algae,Table 2,2024-06-03,06:00:00,2,Halomonadaceae,0,DNA,NA,0,0,0
MOBEAST057,T1,Algae,Table 2,2024-06-03,06:00:00,2,Helicobacteraceae,3e-4,DNA,NA,0,3e-4,0
MOBEAST057,T1,Algae,Table 2,2024-06-03,06:00:00,2,Hyphomonadaceae,5e-4,DNA,NA,0,5e-4,0
MOBEAST057,T1,Algae,Table 2,2024-06-03,06:00:00,2,Idiomarinaceae,0,DNA,NA,0,0,0
MOBEAST057,T1,Algae,Table 2,2024-06-03,06:00:00,2,KI89A_clade_fa,4e-4,DNA,NA,0,-4.999999999999997e-5,4.5e-4
MOBEAST057,T1,Algae,Table 2,2024-06-03,06:00:00,2,Kiritimatiellaceae,0.003,DNA,NA,0,0.003,0
MOBEAST057,T1,Algae,Table 2,2024-06-03,06:00:00,2,Litoricolaceae,0.0023,DNA,NA,0,-7.499999999999998e-4,0.0030499999999999998
MOBEAST057,T1,Algae,Table 2,2024-06-03,06:00:00,2,Marine_Group_II_fa,0.0278,DNA,NA,0,-0.043000000000000003,0.0708
MOBEAST057,T1,Algae,Table 2,2024-06-03,06:00:00,2,Marinifilaceae,0,DNA,NA,0,0,0
MOBEAST057,T1,Algae,Table 2,2024-06-03,06:00:00,2,Marinilabiliaceae,0.0038,DNA,NA,0,0.0038,0
MOBEAST057,T1,Algae,Table 2,2024-06-03,06:00:00,2,Marinimicrobia_(SAR406_clade)_fa,0.0042,DNA,NA,0,-0.0065,0.0107
MOBEAST057,T1,Algae,Table 2,2024-06-03,06:00:00,2,Marinobacteraceae,0,DNA,NA,0,0,0
MOBEAST057,T1,Algae,Table 2,2024-06-03,06:00:00,2,Marinomonadaceae,0,DNA,NA,0,0,0
MOBEAST057,T1,Algae,Table 2,2024-06-03,06:00:00,2,Methylophilaceae,0.0023,DNA,NA,0,-0.0032500000000000003,0.00555
MOBEAST057,T1,Algae,Table 2,2024-06-03,06:00:00,2,Micavibrionaceae,4e-4,DNA,NA,0,4e-4,0
MOBEAST057,T1,Algae,Table 2,2024-06-03,06:00:00,2,Microtrichaceae,0.0028,DNA,NA,0,-0.0012000000000000001,0.004
MOBEAST057,T1,Algae,Table 2,2024-06-03,06:00:00,2,Moraxellaceae,0,DNA,NA,0,0,0
MOBEAST057,T1,Algae,Table 2,2024-06-03,06:00:00,2,NS7_marine_group,2e-4,DNA,NA,0,-5.5e-4,7.5e-4
MOBEAST057,T1,Algae,Table 2,2024-06-03,06:00:00,2,NS9_marine_group,0.0025,DNA,NA,0,NA,NA
MOBEAST057,T1,Algae,Table 2,2024-06-03,06:00:00,2,Nannocystaceae,2e-4,DNA,NA,0,-3.0000000000000003e-4,5e-4
MOBEAST057,T1,Algae,Table 2,2024-06-03,06:00:00,2,Nitrincolaceae,0.0969,DNA,NA,0,0.0959,9.99999999999995e-4
MOBEAST057,T1,Algae,Table 2,2024-06-03,06:00:00,2,Nitrosopumilaceae,4e-4,DNA,NA,0,-4.999999999999997e-5,4.5e-4
MOBEAST057,T1,Algae,Table 2,2024-06-03,06:00:00,2,OM182_clade_fa,0.0013,DNA,NA,0,-0.0032500000000000003,0.00455
MOBEAST057,T1,Algae,Table 2,2024-06-03,06:00:00,2,Oleiphilaceae,6e-4,DNA,NA,0,-7.500000000000001e-4,0.00135
MOBEAST057,T1,Algae,Table 2,2024-06-03,06:00:00,2,Oligoflexaceae,1e-4,DNA,NA,0,-0.0012,0.0013
MOBEAST057,T1,Algae,Table 2,2024-06-03,06:00:00,2,Pirellulaceae,0.0015,DNA,NA,0,-0.0035499999999999998,0.00505
MOBEAST057,T1,Algae,Table 2,2024-06-03,06:00:00,2,Piscirickettsiaceae,1e-4,DNA,NA,0,-3.0000000000000003e-4,4e-4
MOBEAST057,T1,Algae,Table 2,2024-06-03,06:00:00,2,Prolixibacteraceae,0,DNA,NA,0,0,0
MOBEAST057,T1,Algae,Table 2,2024-06-03,06:00:00,2,Proteobacteria_unclassified,0.0017,DNA,NA,0,-0.0011500000000000002,0.00285
MOBEAST057,T1,Algae,Table 2,2024-06-03,06:00:00,2,Pseudoalteromonadaceae,0.0012,DNA,NA,0,9e-4,3e-4
MOBEAST057,T1,Algae,Table 2,2024-06-03,06:00:00,2,Pseudohongiellaceae,4e-4,DNA,NA,0,-0.00215,0.00255
MOBEAST057,T1,Algae,Table 2,2024-06-03,06:00:00,2,Pseudomonadaceae,3e-4,DNA,NA,0,3e-4,0
MOBEAST057,T1,Algae,Table 2,2024-06-03,06:00:00,2,Puniceicoccaceae,0,DNA,NA,0,0,0
MOBEAST057,T1,Algae,Table 2,2024-06-03,06:00:00,2,Rhizobiaceae,0,DNA,NA,0,0,0
MOBEAST057,T1,Algae,Table 2,2024-06-03,06:00:00,2,Rhodobacteraceae,0.1429,DNA,NA,0,0.08715,0.05575
MOBEAST057,T1,Algae,Table 2,2024-06-03,06:00:00,2,Rhodospirillaceae,3e-4,DNA,NA,0,3e-4,0
MOBEAST057,T1,Algae,Table 2,2024-06-03,06:00:00,2,S25-593,6e-4,DNA,NA,0,-4.999999999999999e-4,0.0010999999999999998
MOBEAST057,T1,Algae,Table 2,2024-06-03,06:00:00,2,SAR116_clade,0.0191,DNA,NA,0,-0.03145,0.05055
MOBEAST057,T1,Algae,Table 2,2024-06-03,06:00:00,2,SAR202_clade_fa,3e-4,DNA,NA,0,-3.5e-4,6.5e-4
MOBEAST057,T1,Algae,Table 2,2024-06-03,06:00:00,2,SAR324_clade(Marine_group_B)_fa,0.0011,DNA,NA,0,1.4999999999999996e-4,9.500000000000001e-4
MOBEAST057,T1,Algae,Table 2,2024-06-03,06:00:00,2,SAR86_clade_fa,0.0249,DNA,NA,0,-0.03255,0.05745
MOBEAST057,T1,Algae,Table 2,2024-06-03,06:00:00,2,Saccharospirillaceae,0.035,DNA,NA,0,0.0027500000000000024,0.03225
MOBEAST057,T1,Algae,Table 2,2024-06-03,06:00:00,2,Saprospiraceae,2e-4,DNA,NA,0,2e-4,0
MOBEAST057,T1,Algae,Table 2,2024-06-03,06:00:00,2,Sphingomonadaceae,0,DNA,NA,0,0,0
MOBEAST057,T1,Algae,Table 2,2024-06-03,06:00:00,2,Spirochaetaceae,0.0022,DNA,NA,0,0.0022,0
MOBEAST057,T1,Algae,Table 2,2024-06-03,06:00:00,2,Spongiibacteraceae,0,DNA,NA,0,0,0
MOBEAST057,T1,Algae,Table 2,2024-06-03,06:00:00,2,Stappiaceae,5e-4,DNA,NA,0,5e-4,0
MOBEAST057,T1,Algae,Table 2,2024-06-03,06:00:00,2,Terasakiellaceae,0,DNA,NA,0,0,0
MOBEAST057,T1,Algae,Table 2,2024-06-03,06:00:00,2,Thalassospiraceae,5e-4,DNA,NA,0,5e-4,0
MOBEAST057,T1,Algae,Table 2,2024-06-03,06:00:00,2,Thiomicrospiraceae,0,DNA,NA,0,0,0
MOBEAST057,T1,Algae,Table 2,2024-06-03,06:00:00,2,Vibrionaceae,0.0219,DNA,NA,0,0.0195,0.0024000000000000002
MOBEAST057,T1,Algae,Table 2,2024-06-03,06:00:00,2,Woesearchaeia_fa,0,DNA,NA,0,-9.500000000000001e-4,9.500000000000001e-4
MOBEAST057,T1,Algae,Table 2,2024-06-03,06:00:00,2,uncultured_fa,1e-4,DNA,NA,0,-1.5000000000000001e-4,2.5e-4
MOBEAST058,T2,CCA,Table 2,2024-06-03,06:00:00,0.43333333333333335,het_bact,397.717,FCM,cell/µL,0,-69.16300000000001,466.88
MOBEAST058,T2,CCA,Table 2,2024-06-03,06:00:00,0.43333333333333335,pico_euk,0.217,FCM,cell/µL,0,-0.024499999999999994,0.2415
MOBEAST058,T2,CCA,Table 2,2024-06-03,06:00:00,0.43333333333333335,syn,62.467,FCM,cell/µL,0,-40.45700000000001,102.924
MOBEAST058,T2,CCA,Table 2,2024-06-03,06:00:00,0.43333333333333335,pro,17.783,FCM,cell/µL,0,-2.900500000000001,20.683500000000002
MOBEAST058,T2,CCA,Table 2,2024-06-03,06:00:00,0.43333333333333335,tot_bact,477.967,FCM,cell/µL,0,-112.52100000000007,590.488
MOBEAST058,T2,CCA,Table 2,2024-06-03,06:00:00,0.43333333333333335,cyano,80.25,FCM,cell/µL,0,-43.35749999999999,123.60749999999999
MOBEAST058,T2,CCA,Table 2,2024-06-03,06:00:00,0.43333333333333335,chla_conc,0.0088,chla,µg/L,0,-0.004599999999999998,0.013399999999999999
MOBEAST058,T2,CCA,Table 2,2024-06-03,06:00:00,0.43333333333333335,tn_u_m,9.55185732542283,DOC,µmol/L,0,-0.5525926877851699,10.104450013208
MOBEAST058,T2,CCA,Table 2,2024-06-03,06:00:00,0.43333333333333335,coble_a,0.0128839298897995,fDOM,R.U.,0,0.0024610549635249446,0.010422874926274556
MOBEAST058,T2,CCA,Table 2,2024-06-03,06:00:00,0.43333333333333335,coble_b,0.0484423676773745,fDOM,R.U.,0,-0.02249095805245655,0.07093332572983105
MOBEAST058,T2,CCA,Table 2,2024-06-03,06:00:00,0.43333333333333335,coble_c,0.0135525230949218,fDOM,R.U.,0,0.006038858735304455,0.007513664359617345
MOBEAST058,T2,CCA,Table 2,2024-06-03,06:00:00,0.43333333333333335,coble_m,0.0145759895853026,fDOM,R.U.,0,0.0022069988235191,0.0123689907617835
MOBEAST058,T2,CCA,Table 2,2024-06-03,06:00:00,0.43333333333333335,coble_t,0.0462911815608075,fDOM,R.U.,0,-0.0231748781342645,0.069466059695072
MOBEAST058,T2,CCA,Table 2,2024-06-03,06:00:00,0.43333333333333335,m_to_c,1.0755185202941508,fDOM,R.U.,0,-0.5743635973023349,1.6498821175964857
MOBEAST058,T2,CCA,Table 2,2024-06-03,06:00:00,0.43333333333333335,bix,0.845529117917144,fDOM,R.U.,0,0.15884712062058504,0.686681997296559
MOBEAST058,T2,CCA,Table 2,2024-06-03,06:00:00,0.43333333333333335,fpeak,0.0317730208222706,fDOM,R.U.,0,0.005669884995269648,0.02610313582700095
MOBEAST058,T2,CCA,Table 2,2024-06-03,06:00:00,0.43333333333333335,fi,1.43472002894297,fDOM,R.U.,0,-0.35518500729215496,1.789905036235125
MOBEAST058,T2,CCA,Table 2,2024-06-03,06:00:00,0.43333333333333335,lignin,0.0278047743678844,fDOM,R.U.,0,0.011635618897662,0.0161691554702224
MOBEAST058,T2,CCA,Table 2,2024-06-03,06:00:00,0.43333333333333335,N_N,0.418,nutrients,µmol/L,0,-0.6944999999999999,1.1124999999999998
MOBEAST058,T2,CCA,Table 2,2024-06-03,06:00:00,0.43333333333333335,NO2,0.3453247315,nutrients,µmol/L,0,NA,NA
MOBEAST058,T2,CCA,Table 2,2024-06-03,06:00:00,0.43333333333333335,PO4,0.141924386,nutrients,µmol/L,0,0.06492438600000001,0.077
MOBEAST058,T2,CCA,Table 2,2024-06-03,06:00:00,0.43333333333333335,SiO2,0.2600904532,nutrients,µmol/L,0,-0.33736370385000003,0.59745415705
MOBEAST058,T2,CCA,Table 2,2024-06-03,06:00:00,0.43333333333333335,NH3,3.806904529,nutrients,µmol/L,0,0.4784376850000003,3.328466844
MOBEAST058,T2,CCA,Table 2,2024-06-03,06:00:00,0.43333333333333335,NO3,0.0726752685,nutrients,µmol/L,0,-0.3510191075999999,0.4236943760999999
MOBEAST058,T2,CCA,Table 2,2024-06-03,06:00:00,0.43333333333333335,ph_diff,-0.11400311398212182,carbonate,NA,0,-0.11400311398212182,0
MOBEAST058,T2,CCA,Table 2,2024-06-03,06:00:00,0.43333333333333335,delta_ta,-1.4529999999999743,carbonate,NA,0,-1.4529999999999743,0
MOBEAST058,T2,CCA,Table 2,2024-06-03,06:00:00,0.43333333333333335,do_mg_l,3.79,residence time,NA,0,NA,NA
MOBEAST058,T2,CCA,Table 2,2024-06-03,06:00:00,0.43333333333333335,ta,2341.554,carbonate,NA,0,-3.005999999999858,2344.56
MOBEAST058,T2,CCA,Table 2,2024-06-03,06:00:00,0.43333333333333335,dic_mmol_kg,2078.181535598644,residence time,NA,0,NA,NA
MOBEAST058,T2,CCA,Table 2,2024-06-03,06:00:00,0.43333333333333335,ph,7.909894909340721,carbonate,NA,0,-0.10538297596264457,8.015277885303366
MOBEAST058,T2,CCA,Table 2,2024-06-03,06:00:00,0.43333333333333335,AEGEAN-169_marine_group,0.0212,DNA,NA,0,-0.007549999999999998,0.028749999999999998
MOBEAST058,T2,CCA,Table 2,2024-06-03,06:00:00,0.43333333333333335,Actinomarinaceae,0.0127,DNA,NA,0,-0.003949999999999999,0.016649999999999998
MOBEAST058,T2,CCA,Table 2,2024-06-03,06:00:00,0.43333333333333335,Alcanivoracaceae,0,DNA,NA,0,-5e-4,5e-4
MOBEAST058,T2,CCA,Table 2,2024-06-03,06:00:00,0.43333333333333335,Alphaproteobacteria_unclassified,0.0131,DNA,NA,0,0.0131,0
MOBEAST058,T2,CCA,Table 2,2024-06-03,06:00:00,0.43333333333333335,Alteromonadaceae,0.02209999999999999,DNA,NA,0,-0.016500000000000004,0.038599999999999995
MOBEAST058,T2,CCA,Table 2,2024-06-03,06:00:00,0.43333333333333335,Alteromonadales_unclassified,0.0034,DNA,NA,0,0.0034,0
MOBEAST058,T2,CCA,Table 2,2024-06-03,06:00:00,0.43333333333333335,Anaerolineae_unclassified,4e-4,DNA,NA,0,4e-4,0
MOBEAST058,T2,CCA,Table 2,2024-06-03,06:00:00,0.43333333333333335,Arcobacteraceae,0.01809999999999999,DNA,NA,0,0.01809999999999999,0
MOBEAST058,T2,CCA,Table 2,2024-06-03,06:00:00,0.43333333333333335,Arctic97B-4_marine_group_fa,0.0019,DNA,NA,0,-0.0017,0.0036
MOBEAST058,T2,CCA,Table 2,2024-06-03,06:00:00,0.43333333333333335,Arenicellaceae,0.0035,DNA,NA,0,0.0033,2e-4
MOBEAST058,T2,CCA,Table 2,2024-06-03,06:00:00,0.43333333333333335,Bacteroidetes_BD2-2,1e-4,DNA,NA,0,1e-4,0
MOBEAST058,T2,CCA,Table 2,2024-06-03,06:00:00,0.43333333333333335,Bacteroidia_unclassified,0,DNA,NA,0,0,0
MOBEAST058,T2,CCA,Table 2,2024-06-03,06:00:00,0.43333333333333335,Bradymonadales_fa,0,DNA,NA,0,0,0
MOBEAST058,T2,CCA,Table 2,2024-06-03,06:00:00,0.43333333333333335,Campylobacterales_unclassified,6e-4,DNA,NA,0,6e-4,0
MOBEAST058,T2,CCA,Table 2,2024-06-03,06:00:00,0.43333333333333335,Campylobacteria_unclassified,5e-4,DNA,NA,0,5e-4,0
MOBEAST058,T2,CCA,Table 2,2024-06-03,06:00:00,0.43333333333333335,Cellvibrionaceae,0.0156,DNA,NA,0,0.01245,0.00315
MOBEAST058,T2,CCA,Table 2,2024-06-03,06:00:00,0.43333333333333335,Clade_I,0.0313,DNA,NA,0,-0.006199999999999997,0.0375
MOBEAST058,T2,CCA,Table 2,2024-06-03,06:00:00,0.43333333333333335,Clade_II,0.0103,DNA,NA,0,-0.0038499999999999993,0.01415
MOBEAST058,T2,CCA,Table 2,2024-06-03,06:00:00,0.43333333333333335,Clade_IV,0.0012,DNA,NA,0,-7.5e-4,0.00195
MOBEAST058,T2,CCA,Table 2,2024-06-03,06:00:00,0.43333333333333335,Colwelliaceae,0,DNA,NA,0,0,0
MOBEAST058,T2,CCA,Table 2,2024-06-03,06:00:00,0.43333333333333335,Cryomorphaceae,0.0049,DNA,NA,0,-0.005000000000000001,0.0099
MOBEAST058,T2,CCA,Table 2,2024-06-03,06:00:00,0.43333333333333335,Cyanobiaceae,0.30310000000000004,DNA,NA,0,-0.06379999999999997,0.3669
MOBEAST058,T2,CCA,Table 2,2024-06-03,06:00:00,0.43333333333333335,Cyclobacteriaceae,2e-4,DNA,NA,0,-7e-4,9e-4
MOBEAST058,T2,CCA,Table 2,2024-06-03,06:00:00,0.43333333333333335,Deltaproteobacteria_unclassified,0,DNA,NA,0,0,0
MOBEAST058,T2,CCA,Table 2,2024-06-03,06:00:00,0.43333333333333335,Desulfovibrionaceae,0.0021,DNA,NA,0,0.0021,0
MOBEAST058,T2,CCA,Table 2,2024-06-03,06:00:00,0.43333333333333335,Desulfuromonadaceae,8e-4,DNA,NA,0,8e-4,0
MOBEAST058,T2,CCA,Table 2,2024-06-03,06:00:00,0.43333333333333335,Ectothiorhodospiraceae,0.0018,DNA,NA,0,-7.500000000000002e-4,0.00255
MOBEAST058,T2,CCA,Table 2,2024-06-03,06:00:00,0.43333333333333335,Endozoicomonadaceae,5e-4,DNA,NA,0,9.999999999999999e-5,4e-4
MOBEAST058,T2,CCA,Table 2,2024-06-03,06:00:00,0.43333333333333335,Flavobacteriaceae,0.0557,DNA,NA,0,NA,NA
MOBEAST058,T2,CCA,Table 2,2024-06-03,06:00:00,0.43333333333333335,Francisellaceae,0.001,DNA,NA,0,0.001,0
MOBEAST058,T2,CCA,Table 2,2024-06-03,06:00:00,0.43333333333333335,Halieaceae,0.0103,DNA,NA,0,-0.0098,0.0201
MOBEAST058,T2,CCA,Table 2,2024-06-03,06:00:00,0.43333333333333335,Halomonadaceae,0,DNA,NA,0,0,0
MOBEAST058,T2,CCA,Table 2,2024-06-03,06:00:00,0.43333333333333335,Helicobacteraceae,7e-4,DNA,NA,0,7e-4,0
MOBEAST058,T2,CCA,Table 2,2024-06-03,06:00:00,0.43333333333333335,Hyphomonadaceae,0.0039,DNA,NA,0,0.0039,0
MOBEAST058,T2,CCA,Table 2,2024-06-03,06:00:00,0.43333333333333335,Idiomarinaceae,0,DNA,NA,0,0,0
MOBEAST058,T2,CCA,Table 2,2024-06-03,06:00:00,0.43333333333333335,JGI_0000069-P22_fa,5e-4,DNA,NA,0,-0.0015999999999999999,0.0021
MOBEAST058,T2,CCA,Table 2,2024-06-03,06:00:00,0.43333333333333335,KI89A_clade_fa,3e-4,DNA,NA,0,-1.5000000000000001e-4,4.5e-4
MOBEAST058,T2,CCA,Table 2,2024-06-03,06:00:00,0.43333333333333335,Kiritimatiellaceae,0.0011,DNA,NA,0,0.0011,0
MOBEAST058,T2,CCA,Table 2,2024-06-03,06:00:00,0.43333333333333335,Leptotrichiaceae,4e-4,DNA,NA,0,4e-4,0
MOBEAST058,T2,CCA,Table 2,2024-06-03,06:00:00,0.43333333333333335,Litoricolaceae,0.004,DNA,NA,0,9.500000000000003e-4,0.0030499999999999998
MOBEAST058,T2,CCA,Table 2,2024-06-03,06:00:00,0.43333333333333335,Marine_Group_II_fa,0.0289,DNA,NA,0,-0.04190000000000001,0.0708
MOBEAST058,T2,CCA,Table 2,2024-06-03,06:00:00,0.43333333333333335,Marinifilaceae,0,DNA,NA,0,0,0
MOBEAST058,T2,CCA,Table 2,2024-06-03,06:00:00,0.43333333333333335,Marinilabiliaceae,2e-4,DNA,NA,0,2e-4,0
MOBEAST058,T2,CCA,Table 2,2024-06-03,06:00:00,0.43333333333333335,Marinimicrobia_(SAR406_clade)_fa,0.0067,DNA,NA,0,-0.003999999999999999,0.0107
MOBEAST058,T2,CCA,Table 2,2024-06-03,06:00:00,0.43333333333333335,Marinobacteraceae,0,DNA,NA,0,0,0
MOBEAST058,T2,CCA,Table 2,2024-06-03,06:00:00,0.43333333333333335,Marinomonadaceae,0,DNA,NA,0,0,0
MOBEAST058,T2,CCA,Table 2,2024-06-03,06:00:00,0.43333333333333335,Methylophilaceae,0.0064,DNA,NA,0,8.500000000000001e-4,0.00555
MOBEAST058,T2,CCA,Table 2,2024-06-03,06:00:00,0.43333333333333335,Micavibrionaceae,0.0013,DNA,NA,0,0.0013,0
MOBEAST058,T2,CCA,Table 2,2024-06-03,06:00:00,0.43333333333333335,Microtrichaceae,0.0028,DNA,NA,0,-0.0012000000000000001,0.004
MOBEAST058,T2,CCA,Table 2,2024-06-03,06:00:00,0.43333333333333335,Moraxellaceae,0,DNA,NA,0,0,0
MOBEAST058,T2,CCA,Table 2,2024-06-03,06:00:00,0.43333333333333335,NS7_marine_group,7e-4,DNA,NA,0,-5.000000000000002e-5,7.5e-4
MOBEAST058,T2,CCA,Table 2,2024-06-03,06:00:00,0.43333333333333335,NS9_marine_group,0.00349999999999999,DNA,NA,0,NA,NA
MOBEAST058,T2,CCA,Table 2,2024-06-03,06:00:00,0.43333333333333335,Nannocystaceae,3e-4,DNA,NA,0,-2.0000000000000004e-4,5e-4
MOBEAST058,T2,CCA,Table 2,2024-06-03,06:00:00,0.43333333333333335,Nitrincolaceae,0.0205,DNA,NA,0,0.019500000000000007,9.99999999999995e-4
MOBEAST058,T2,CCA,Table 2,2024-06-03,06:00:00,0.43333333333333335,Nitrosopumilaceae,9e-4,DNA,NA,0,4.5e-4,4.5e-4
MOBEAST058,T2,CCA,Table 2,2024-06-03,06:00:00,0.43333333333333335,OM182_clade_fa,0.0018,DNA,NA,0,-0.0027500000000000003,0.00455
MOBEAST058,T2,CCA,Table 2,2024-06-03,06:00:00,0.43333333333333335,Oleiphilaceae,0.0021,DNA,NA,0,7.499999999999998e-4,0.00135
MOBEAST058,T2,CCA,Table 2,2024-06-03,06:00:00,0.43333333333333335,Oligoflexaceae,0.0013,DNA,NA,0,0,0.0013
MOBEAST058,T2,CCA,Table 2,2024-06-03,06:00:00,0.43333333333333335,Pirellulaceae,0.0026,DNA,NA,0,-0.00245,0.00505
MOBEAST058,T2,CCA,Table 2,2024-06-03,06:00:00,0.43333333333333335,Piscirickettsiaceae,1e-4,DNA,NA,0,-3.0000000000000003e-4,4e-4
MOBEAST058,T2,CCA,Table 2,2024-06-03,06:00:00,0.43333333333333335,Prolixibacteraceae,0,DNA,NA,0,0,0
MOBEAST058,T2,CCA,Table 2,2024-06-03,06:00:00,0.43333333333333335,Proteobacteria_unclassified,0.001,DNA,NA,0,-0.00185,0.00285
MOBEAST058,T2,CCA,Table 2,2024-06-03,06:00:00,0.43333333333333335,Pseudoalteromonadaceae,7e-4,DNA,NA,0,4e-4,3e-4
MOBEAST058,T2,CCA,Table 2,2024-06-03,06:00:00,0.43333333333333335,Pseudohongiellaceae,0.0011,DNA,NA,0,-0.0014500000000000001,0.00255
MOBEAST058,T2,CCA,Table 2,2024-06-03,06:00:00,0.43333333333333335,Pseudomonadaceae,3e-4,DNA,NA,0,3e-4,0
MOBEAST058,T2,CCA,Table 2,2024-06-03,06:00:00,0.43333333333333335,Rhizobiaceae,0,DNA,NA,0,0,0
MOBEAST058,T2,CCA,Table 2,2024-06-03,06:00:00,0.43333333333333335,Rhodobacteraceae,0.13549999999999998,DNA,NA,0,0.07974999999999999,0.05575
MOBEAST058,T2,CCA,Table 2,2024-06-03,06:00:00,0.43333333333333335,Rhodospirillaceae,4e-4,DNA,NA,0,4e-4,0
MOBEAST058,T2,CCA,Table 2,2024-06-03,06:00:00,0.43333333333333335,Rubinisphaeraceae,6e-4,DNA,NA,0,-4.000000000000001e-4,0.001
MOBEAST058,T2,CCA,Table 2,2024-06-03,06:00:00,0.43333333333333335,S25-593,0.0011,DNA,NA,0,2.168404344971009e-19,0.0010999999999999998
MOBEAST058,T2,CCA,Table 2,2024-06-03,06:00:00,0.43333333333333335,SAR116_clade,0.0346,DNA,NA,0,-0.01595,0.05055
MOBEAST058,T2,CCA,Table 2,2024-06-03,06:00:00,0.43333333333333335,SAR202_clade_fa,7e-4,DNA,NA,0,5.000000000000002e-5,6.5e-4
MOBEAST058,T2,CCA,Table 2,2024-06-03,06:00:00,0.43333333333333335,SAR86_clade_fa,0.0302,DNA,NA,0,-0.02725,0.05745
MOBEAST058,T2,CCA,Table 2,2024-06-03,06:00:00,0.43333333333333335,Saccharospirillaceae,0.0323,DNA,NA,0,5.000000000000143e-5,0.03225
MOBEAST058,T2,CCA,Table 2,2024-06-03,06:00:00,0.43333333333333335,Saprospiraceae,5e-4,DNA,NA,0,5e-4,0
MOBEAST058,T2,CCA,Table 2,2024-06-03,06:00:00,0.43333333333333335,Sphingomonadaceae,3e-4,DNA,NA,0,3e-4,0
MOBEAST058,T2,CCA,Table 2,2024-06-03,06:00:00,0.43333333333333335,Spirochaetaceae,5e-4,DNA,NA,0,5e-4,0
MOBEAST058,T2,CCA,Table 2,2024-06-03,06:00:00,0.43333333333333335,Spongiibacteraceae,6e-4,DNA,NA,0,6e-4,0
MOBEAST058,T2,CCA,Table 2,2024-06-03,06:00:00,0.43333333333333335,Stappiaceae,0,DNA,NA,0,0,0
MOBEAST058,T2,CCA,Table 2,2024-06-03,06:00:00,0.43333333333333335,Terasakiellaceae,0.001,DNA,NA,0,0.001,0
MOBEAST058,T2,CCA,Table 2,2024-06-03,06:00:00,0.43333333333333335,Thiomicrospiraceae,0.0015,DNA,NA,0,0.0015,0
MOBEAST058,T2,CCA,Table 2,2024-06-03,06:00:00,0.43333333333333335,Vibrionaceae,0.0111,DNA,NA,0,0.0087,0.0024000000000000002
MOBEAST058,T2,CCA,Table 2,2024-06-03,06:00:00,0.43333333333333335,Woesearchaeia_fa,0,DNA,NA,0,-9.500000000000001e-4,9.500000000000001e-4
MOBEAST058,T2,CCA,Table 2,2024-06-03,06:00:00,0.43333333333333335,uncultured_fa,0,DNA,NA,0,-2.5e-4,2.5e-4
MOBEAST059,T3,Control,Table 2,2024-06-03,06:00:00,2.1666666666666665,het_bact,472.047,FCM,cell/µL,0,5.16700000000003,466.88
MOBEAST059,T3,Control,Table 2,2024-06-03,06:00:00,2.1666666666666665,pico_euk,0.283,FCM,cell/µL,0,0.04149999999999998,0.2415
MOBEAST059,T3,Control,Table 2,2024-06-03,06:00:00,2.1666666666666665,syn,105.042,FCM,cell/µL,0,2.117999999999995,102.924
MOBEAST059,T3,Control,Table 2,2024-06-03,06:00:00,2.1666666666666665,pro,19.634,FCM,cell/µL,0,-1.0495000000000019,20.683500000000002
MOBEAST059,T3,Control,Table 2,2024-06-03,06:00:00,2.1666666666666665,tot_bact,596.722,FCM,cell/µL,0,6.233999999999924,590.488
MOBEAST059,T3,Control,Table 2,2024-06-03,06:00:00,2.1666666666666665,cyano,124.67600000000004,FCM,cell/µL,0,1.068500000000057,123.60749999999999
MOBEAST059,T3,Control,Table 2,2024-06-03,06:00:00,2.1666666666666665,chla_conc,0.04440000000000001,chla,µg/L,0,0.03100000000000001,0.013399999999999999
MOBEAST059,T3,Control,Table 2,2024-06-03,06:00:00,2.1666666666666665,tn_u_m,10.3250587218974,DOC,µmol/L,0,0.22060870868940086,10.104450013208
MOBEAST059,T3,Control,Table 2,2024-06-03,06:00:00,2.1666666666666665,coble_a,0.00737905520730257,fDOM,R.U.,0,-0.003043819718971986,0.010422874926274556
MOBEAST059,T3,Control,Table 2,2024-06-03,06:00:00,2.1666666666666665,coble_b,0.0290958363307941,fDOM,R.U.,0,-0.04183748939903695,0.07093332572983105
MOBEAST059,T3,Control,Table 2,2024-06-03,06:00:00,2.1666666666666665,coble_c,0.0057530442736604,fDOM,R.U.,0,-0.0017606200859569456,0.007513664359617345
MOBEAST059,T3,Control,Table 2,2024-06-03,06:00:00,2.1666666666666665,coble_m,0.00937381709426111,fDOM,R.U.,0,-0.00299517366752239,0.0123689907617835
MOBEAST059,T3,Control,Table 2,2024-06-03,06:00:00,2.1666666666666665,coble_t,0.0977693603645066,fDOM,R.U.,0,0.02830330066943461,0.069466059695072
MOBEAST059,T3,Control,Table 2,2024-06-03,06:00:00,2.1666666666666665,m_to_c,1.629366409915872,fDOM,R.U.,0,-0.020515707680613726,1.6498821175964857
MOBEAST059,T3,Control,Table 2,2024-06-03,06:00:00,2.1666666666666665,bix,1.08691879541183,fDOM,R.U.,0,0.400236798115271,0.686681997296559
MOBEAST059,T3,Control,Table 2,2024-06-03,06:00:00,2.1666666666666665,hix,0.30536084537906,fDOM,R.U.,0,-0.21866308260325557,0.5240239279823156
MOBEAST059,T3,Control,Table 2,2024-06-03,06:00:00,2.1666666666666665,fpeak,0.0200056691301021,fDOM,R.U.,0,-0.00609746669689885,0.02610313582700095
MOBEAST059,T3,Control,Table 2,2024-06-03,06:00:00,2.1666666666666665,fi,1.36389996348896,fDOM,R.U.,0,-0.42600507274616506,1.789905036235125
MOBEAST059,T3,Control,Table 2,2024-06-03,06:00:00,2.1666666666666665,lignin,0.0311406397699054,fDOM,R.U.,0,0.014971484299683,0.0161691554702224
MOBEAST059,T3,Control,Table 2,2024-06-03,06:00:00,2.1666666666666665,N_N,1.501,nutrients,µmol/L,0,0.38850000000000007,1.1124999999999998
MOBEAST059,T3,Control,Table 2,2024-06-03,06:00:00,2.1666666666666665,SiO2,0.1922407698,nutrients,µmol/L,0,-0.40521338725000006,0.59745415705
MOBEAST059,T3,Control,Table 2,2024-06-03,06:00:00,2.1666666666666665,NO3,0.8387983408999999,nutrients,µmol/L,0,0.41510396480000006,0.4236943760999999
MOBEAST059,T3,Control,Table 2,2024-06-03,06:00:00,2.1666666666666665,ph_diff,0.00337007502324304,carbonate,NA,0,0.00337007502324304,0
MOBEAST059,T3,Control,Table 2,2024-06-03,06:00:00,2.1666666666666665,delta_ta,-29.271000000000186,carbonate,NA,0,-29.271000000000186,0
MOBEAST059,T3,Control,Table 2,2024-06-03,06:00:00,2.1666666666666665,do_mg_l,3.6,residence time,NA,0,NA,NA
MOBEAST059,T3,Control,Table 2,2024-06-03,06:00:00,2.1666666666666665,ta,2313.736,carbonate,NA,0,-30.82400000000007,2344.56
MOBEAST059,T3,Control,Table 2,2024-06-03,06:00:00,2.1666666666666665,dic_mmol_kg,1985.189650745408,residence time,NA,0,NA,NA
MOBEAST059,T3,Control,Table 2,2024-06-03,06:00:00,2.1666666666666665,ph,8.027197504747567,carbonate,NA,0,0.011919619444201501,8.015277885303366
MOBEAST059,T3,Control,Table 2,2024-06-03,06:00:00,2.1666666666666665,AEGEAN-169_marine_group,0.0298,DNA,NA,0,0.0010500000000000023,0.028749999999999998
MOBEAST059,T3,Control,Table 2,2024-06-03,06:00:00,2.1666666666666665,Actinomarinaceae,0.0152,DNA,NA,0,-0.0014499999999999982,0.016649999999999998
MOBEAST059,T3,Control,Table 2,2024-06-03,06:00:00,2.1666666666666665,Alcanivoracaceae,6e-4,DNA,NA,0,9.999999999999994e-5,5e-4
MOBEAST059,T3,Control,Table 2,2024-06-03,06:00:00,2.1666666666666665,Alphaproteobacteria_unclassified,0,DNA,NA,0,0,0
MOBEAST059,T3,Control,Table 2,2024-06-03,06:00:00,2.1666666666666665,Alteromonadaceae,0.1308,DNA,NA,0,0.0922,0.038599999999999995
MOBEAST059,T3,Control,Table 2,2024-06-03,06:00:00,2.1666666666666665,Alteromonadales_unclassified,0,DNA,NA,0,0,0
MOBEAST059,T3,Control,Table 2,2024-06-03,06:00:00,2.1666666666666665,Anaerolineae_unclassified,0,DNA,NA,0,0,0
MOBEAST059,T3,Control,Table 2,2024-06-03,06:00:00,2.1666666666666665,Arcobacteraceae,0,DNA,NA,0,0,0
MOBEAST059,T3,Control,Table 2,2024-06-03,06:00:00,2.1666666666666665,Arctic97B-4_marine_group_fa,0.003,DNA,NA,0,-5.999999999999998e-4,0.0036
MOBEAST059,T3,Control,Table 2,2024-06-03,06:00:00,2.1666666666666665,Arenicellaceae,0.0016,DNA,NA,0,0.0014,2e-4
MOBEAST059,T3,Control,Table 2,2024-06-03,06:00:00,2.1666666666666665,Bacteria_unclassified,0.0021,DNA,NA,0,0.0020499999999999997,5e-5
MOBEAST059,T3,Control,Table 2,2024-06-03,06:00:00,2.1666666666666665,Bacteriovoracaceae,0.0021,DNA,NA,0,0.0021,0
MOBEAST059,T3,Control,Table 2,2024-06-03,06:00:00,2.1666666666666665,Bacteroidales_unclassified,0,DNA,NA,0,0,0
MOBEAST059,T3,Control,Table 2,2024-06-03,06:00:00,2.1666666666666665,Bacteroidetes_BD2-2,0,DNA,NA,0,0,0
MOBEAST059,T3,Control,Table 2,2024-06-03,06:00:00,2.1666666666666665,Bacteroidia_unclassified,0,DNA,NA,0,0,0
MOBEAST059,T3,Control,Table 2,2024-06-03,06:00:00,2.1666666666666665,Bradymonadales_fa,0,DNA,NA,0,0,0
MOBEAST059,T3,Control,Table 2,2024-06-03,06:00:00,2.1666666666666665,Campylobacterales_unclassified,0,DNA,NA,0,0,0
MOBEAST059,T3,Control,Table 2,2024-06-03,06:00:00,2.1666666666666665,Campylobacteria_unclassified,0,DNA,NA,0,0,0
MOBEAST059,T3,Control,Table 2,2024-06-03,06:00:00,2.1666666666666665,Cellvibrionaceae,0.02909999999999999,DNA,NA,0,0.02594999999999999,0.00315
MOBEAST059,T3,Control,Table 2,2024-06-03,06:00:00,2.1666666666666665,Clade_I,0.04319999999999999,DNA,NA,0,0.00569999999999999,0.0375
MOBEAST059,T3,Control,Table 2,2024-06-03,06:00:00,2.1666666666666665,Clade_II,0.0165,DNA,NA,0,0.0023500000000000014,0.01415
MOBEAST059,T3,Control,Table 2,2024-06-03,06:00:00,2.1666666666666665,Clade_IV,0.0019,DNA,NA,0,-4.9999999999999914e-5,0.00195
MOBEAST059,T3,Control,Table 2,2024-06-03,06:00:00,2.1666666666666665,Colwelliaceae,0.0011,DNA,NA,0,0.0011,0
MOBEAST059,T3,Control,Table 2,2024-06-03,06:00:00,2.1666666666666665,Cryomorphaceae,0.0087,DNA,NA,0,-0.0012000000000000014,0.0099
MOBEAST059,T3,Control,Table 2,2024-06-03,06:00:00,2.1666666666666665,Cyanobiaceae,0.2917,DNA,NA,0,-0.07519999999999999,0.3669
MOBEAST059,T3,Control,Table 2,2024-06-03,06:00:00,2.1666666666666665,Cyclobacteriaceae,8e-4,DNA,NA,0,-9.999999999999994e-5,9e-4
MOBEAST059,T3,Control,Table 2,2024-06-03,06:00:00,2.1666666666666665,Deltaproteobacteria_unclassified,0,DNA,NA,0,0,0
MOBEAST059,T3,Control,Table 2,2024-06-03,06:00:00,2.1666666666666665,Desulfovibrionaceae,0,DNA,NA,0,0,0
MOBEAST059,T3,Control,Table 2,2024-06-03,06:00:00,2.1666666666666665,Desulfuromonadaceae,0,DNA,NA,0,0,0
MOBEAST059,T3,Control,Table 2,2024-06-03,06:00:00,2.1666666666666665,Ectothiorhodospiraceae,0.003,DNA,NA,0,4.499999999999999e-4,0.00255
MOBEAST059,T3,Control,Table 2,2024-06-03,06:00:00,2.1666666666666665,Endozoicomonadaceae,0,DNA,NA,0,-4e-4,4e-4
MOBEAST059,T3,Control,Table 2,2024-06-03,06:00:00,2.1666666666666665,Flavobacteriaceae,0.06639999999999999,DNA,NA,0,NA,NA
MOBEAST059,T3,Control,Table 2,2024-06-03,06:00:00,2.1666666666666665,Francisellaceae,3e-4,DNA,NA,0,3e-4,0
MOBEAST059,T3,Control,Table 2,2024-06-03,06:00:00,2.1666666666666665,Gammaproteobacteria_unclassified,0.0025,DNA,NA,0,-0.0026000000000000003,0.0051
MOBEAST059,T3,Control,Table 2,2024-06-03,06:00:00,2.1666666666666665,Halieaceae,0.0182,DNA,NA,0,-0.001899999999999999,0.0201
MOBEAST059,T3,Control,Table 2,2024-06-03,06:00:00,2.1666666666666665,Halomonadaceae,0,DNA,NA,0,0,0
MOBEAST059,T3,Control,Table 2,2024-06-03,06:00:00,2.1666666666666665,Helicobacteraceae,0,DNA,NA,0,0,0
MOBEAST059,T3,Control,Table 2,2024-06-03,06:00:00,2.1666666666666665,Hyphomonadaceae,0.0044,DNA,NA,0,0.0044,0
MOBEAST059,T3,Control,Table 2,2024-06-03,06:00:00,2.1666666666666665,Idiomarinaceae,0,DNA,NA,0,0,0
MOBEAST059,T3,Control,Table 2,2024-06-03,06:00:00,2.1666666666666665,JGI_0000069-P22_fa,7e-4,DNA,NA,0,-0.0013999999999999998,0.0021
MOBEAST059,T3,Control,Table 2,2024-06-03,06:00:00,2.1666666666666665,KI89A_clade_fa,0,DNA,NA,0,-4.5e-4,4.5e-4
MOBEAST059,T3,Control,Table 2,2024-06-03,06:00:00,2.1666666666666665,Kiritimatiellaceae,0,DNA,NA,0,0,0
MOBEAST059,T3,Control,Table 2,2024-06-03,06:00:00,2.1666666666666665,Leptotrichiaceae,0,DNA,NA,0,0,0
MOBEAST059,T3,Control,Table 2,2024-06-03,06:00:00,2.1666666666666665,Litoricolaceae,0.0047,DNA,NA,0,0.0016500000000000004,0.0030499999999999998
MOBEAST059,T3,Control,Table 2,2024-06-03,06:00:00,2.1666666666666665,Marine_Group_II_fa,0.0335,DNA,NA,0,-0.0373,0.0708
MOBEAST059,T3,Control,Table 2,2024-06-03,06:00:00,2.1666666666666665,Marinifilaceae,0,DNA,NA,0,0,0
MOBEAST059,T3,Control,Table 2,2024-06-03,06:00:00,2.1666666666666665,Marinilabiliaceae,0,DNA,NA,0,0,0
MOBEAST059,T3,Control,Table 2,2024-06-03,06:00:00,2.1666666666666665,Marinimicrobia_(SAR406_clade)_fa,0.0111,DNA,NA,0,4.0000000000000105e-4,0.0107
MOBEAST059,T3,Control,Table 2,2024-06-03,06:00:00,2.1666666666666665,Marinomonadaceae,0.0019,DNA,NA,0,0.0019,0
MOBEAST059,T3,Control,Table 2,2024-06-03,06:00:00,2.1666666666666665,Methylophilaceae,0.006,DNA,NA,0,4.499999999999999e-4,0.00555
MOBEAST059,T3,Control,Table 2,2024-06-03,06:00:00,2.1666666666666665,Micavibrionaceae,0,DNA,NA,0,0,0
MOBEAST059,T3,Control,Table 2,2024-06-03,06:00:00,2.1666666666666665,Microtrichaceae,7e-4,DNA,NA,0,-0.0033,0.004
MOBEAST059,T3,Control,Table 2,2024-06-03,06:00:00,2.1666666666666665,Moraxellaceae,0,DNA,NA,0,0,0
MOBEAST059,T3,Control,Table 2,2024-06-03,06:00:00,2.1666666666666665,NS7_marine_group,0.001,DNA,NA,0,2.5e-4,7.5e-4
MOBEAST059,T3,Control,Table 2,2024-06-03,06:00:00,2.1666666666666665,NS9_marine_group,0.0039,DNA,NA,0,NA,NA
MOBEAST059,T3,Control,Table 2,2024-06-03,06:00:00,2.1666666666666665,Nitrincolaceae,0.0077,DNA,NA,0,0.006700000000000005,9.99999999999995e-4
MOBEAST059,T3,Control,Table 2,2024-06-03,06:00:00,2.1666666666666665,Nitrosopumilaceae,7e-4,DNA,NA,0,2.5e-4,4.5e-4
MOBEAST059,T3,Control,Table 2,2024-06-03,06:00:00,2.1666666666666665,OM182_clade_fa,0.0053,DNA,NA,0,7.499999999999998e-4,0.00455
MOBEAST059,T3,Control,Table 2,2024-06-03,06:00:00,2.1666666666666665,Oleiphilaceae,0.0025,DNA,NA,0,0.00115,0.00135
MOBEAST059,T3,Control,Table 2,2024-06-03,06:00:00,2.1666666666666665,Oligoflexaceae,0.0013,DNA,NA,0,0,0.0013
MOBEAST059,T3,Control,Table 2,2024-06-03,06:00:00,2.1666666666666665,Pirellulaceae,0.0044,DNA,NA,0,-6.499999999999995e-4,0.00505
MOBEAST059,T3,Control,Table 2,2024-06-03,06:00:00,2.1666666666666665,Piscirickettsiaceae,5e-4,DNA,NA,0,9.999999999999999e-5,4e-4
MOBEAST059,T3,Control,Table 2,2024-06-03,06:00:00,2.1666666666666665,Prolixibacteraceae,0,DNA,NA,0,0,0
MOBEAST059,T3,Control,Table 2,2024-06-03,06:00:00,2.1666666666666665,Proteobacteria_unclassified,0.0021,DNA,NA,0,-7.500000000000002e-4,0.00285
MOBEAST059,T3,Control,Table 2,2024-06-03,06:00:00,2.1666666666666665,Pseudoalteromonadaceae,0.0111,DNA,NA,0,0.0108,3e-4
MOBEAST059,T3,Control,Table 2,2024-06-03,06:00:00,2.1666666666666665,Pseudohongiellaceae,0.0022,DNA,NA,0,-3.5000000000000005e-4,0.00255
MOBEAST059,T3,Control,Table 2,2024-06-03,06:00:00,2.1666666666666665,Pseudomonadaceae,8e-4,DNA,NA,0,8e-4,0
MOBEAST059,T3,Control,Table 2,2024-06-03,06:00:00,2.1666666666666665,Puniceicoccaceae,0,DNA,NA,0,0,0
MOBEAST059,T3,Control,Table 2,2024-06-03,06:00:00,2.1666666666666665,Rhizobiaceae,0,DNA,NA,0,0,0
MOBEAST059,T3,Control,Table 2,2024-06-03,06:00:00,2.1666666666666665,Rhodobacteraceae,0.0621,DNA,NA,0,0.0063500000000000015,0.05575
MOBEAST059,T3,Control,Table 2,2024-06-03,06:00:00,2.1666666666666665,Rhodospirillaceae,0,DNA,NA,0,0,0
MOBEAST059,T3,Control,Table 2,2024-06-03,06:00:00,2.1666666666666665,S25-593,8e-4,DNA,NA,0,-2.999999999999998e-4,0.0010999999999999998
MOBEAST059,T3,Control,Table 2,2024-06-03,06:00:00,2.1666666666666665,SAR116_clade,0.0493,DNA,NA,0,-0.0012500000000000011,0.05055
MOBEAST059,T3,Control,Table 2,2024-06-03,06:00:00,2.1666666666666665,SAR324_clade(Marine_group_B)_fa,9e-4,DNA,NA,0,-5.000000000000013e-5,9.500000000000001e-4
MOBEAST059,T3,Control,Table 2,2024-06-03,06:00:00,2.1666666666666665,SAR86_clade_fa,0.0526,DNA,NA,0,-0.00485,0.05745
MOBEAST059,T3,Control,Table 2,2024-06-03,06:00:00,2.1666666666666665,Saccharospirillaceae,0.0276,DNA,NA,0,-0.004650000000000001,0.03225
MOBEAST059,T3,Control,Table 2,2024-06-03,06:00:00,2.1666666666666665,Saprospiraceae,0,DNA,NA,0,0,0
MOBEAST059,T3,Control,Table 2,2024-06-03,06:00:00,2.1666666666666665,Sphingomonadaceae,0,DNA,NA,0,0,0
MOBEAST059,T3,Control,Table 2,2024-06-03,06:00:00,2.1666666666666665,Spirochaetaceae,0,DNA,NA,0,0,0
MOBEAST059,T3,Control,Table 2,2024-06-03,06:00:00,2.1666666666666665,Spongiibacteraceae,0,DNA,NA,0,0,0
MOBEAST059,T3,Control,Table 2,2024-06-03,06:00:00,2.1666666666666665,Stappiaceae,0,DNA,NA,0,0,0
MOBEAST059,T3,Control,Table 2,2024-06-03,06:00:00,2.1666666666666665,Terasakiellaceae,0,DNA,NA,0,0,0
MOBEAST059,T3,Control,Table 2,2024-06-03,06:00:00,2.1666666666666665,Thalassospiraceae,0,DNA,NA,0,0,0
MOBEAST059,T3,Control,Table 2,2024-06-03,06:00:00,2.1666666666666665,Thiomicrospiraceae,0,DNA,NA,0,0,0
MOBEAST059,T3,Control,Table 2,2024-06-03,06:00:00,2.1666666666666665,Vibrionaceae,0.0077,DNA,NA,0,0.0053,0.0024000000000000002
MOBEAST059,T3,Control,Table 2,2024-06-03,06:00:00,2.1666666666666665,Woesearchaeia_fa,3e-4,DNA,NA,0,-6.500000000000002e-4,9.500000000000001e-4
MOBEAST059,T3,Control,Table 2,2024-06-03,06:00:00,2.1666666666666665,uncultured_fa,0,DNA,NA,0,-2.5e-4,2.5e-4
MOBEAST060,T4,Algae,Table 2,2024-06-03,06:00:00,3.3333333333333335,het_bact,650.333,FCM,cell/µL,0,183.45299999999997,466.88
MOBEAST060,T4,Algae,Table 2,2024-06-03,06:00:00,3.3333333333333335,pico_euk,0.416,FCM,cell/µL,0,0.1745,0.2415
MOBEAST060,T4,Algae,Table 2,2024-06-03,06:00:00,3.3333333333333335,syn,99.101,FCM,cell/µL,0,-3.8230000000000075,102.924
MOBEAST060,T4,Algae,Table 2,2024-06-03,06:00:00,3.3333333333333335,pro,22.596,FCM,cell/µL,0,1.9124999999999979,20.683500000000002
MOBEAST060,T4,Algae,Table 2,2024-06-03,06:00:00,3.3333333333333335,tot_bact,772.03,FCM,cell/µL,0,181.54199999999992,590.488
MOBEAST060,T4,Algae,Table 2,2024-06-03,06:00:00,3.3333333333333335,cyano,121.697,FCM,cell/µL,0,-1.9104999999999848,123.60749999999999
MOBEAST060,T4,Algae,Table 2,2024-06-03,06:00:00,3.3333333333333335,chla_conc,0.3872,chla,µg/L,0,0.37379999999999997,0.013399999999999999
MOBEAST060,T4,Algae,Table 2,2024-06-03,06:00:00,3.3333333333333335,tn_u_m,13.930476129281,DOC,µmol/L,0,3.8260261160730007,10.104450013208
MOBEAST060,T4,Algae,Table 2,2024-06-03,06:00:00,3.3333333333333335,coble_a,0.0123701854374631,fDOM,R.U.,0,0.0019473105111885436,0.010422874926274556
MOBEAST060,T4,Algae,Table 2,2024-06-03,06:00:00,3.3333333333333335,coble_b,0.041615184686339,fDOM,R.U.,0,-0.02931814104349205,0.07093332572983105
MOBEAST060,T4,Algae,Table 2,2024-06-03,06:00:00,3.3333333333333335,coble_c,0.0130974602423822,fDOM,R.U.,0,0.005583795882764854,0.007513664359617345
MOBEAST060,T4,Algae,Table 2,2024-06-03,06:00:00,3.3333333333333335,coble_m,0.0126589352179098,fDOM,R.U.,0,2.899444561262985e-4,0.0123689907617835
MOBEAST060,T4,Algae,Table 2,2024-06-03,06:00:00,3.3333333333333335,coble_t,0.0358521120490588,fDOM,R.U.,0,-0.0336139476460132,0.069466059695072
MOBEAST060,T4,Algae,Table 2,2024-06-03,06:00:00,3.3333333333333335,m_to_c,0.9665183160431844,fDOM,R.U.,0,-0.6833638015533013,1.6498821175964857
MOBEAST060,T4,Algae,Table 2,2024-06-03,06:00:00,3.3333333333333335,bix,0.821195346695598,fDOM,R.U.,0,0.13451334939903903,0.686681997296559
MOBEAST060,T4,Algae,Table 2,2024-06-03,06:00:00,3.3333333333333335,fpeak,0.0181720224158607,fDOM,R.U.,0,-0.00793111341114025,0.02610313582700095
MOBEAST060,T4,Algae,Table 2,2024-06-03,06:00:00,3.3333333333333335,fi,1.45385523942798,fDOM,R.U.,0,-0.336049796807145,1.789905036235125
MOBEAST060,T4,Algae,Table 2,2024-06-03,06:00:00,3.3333333333333335,lignin,0.0247216850217105,fDOM,R.U.,0,0.008552529551488101,0.0161691554702224
MOBEAST060,T4,Algae,Table 2,2024-06-03,06:00:00,3.3333333333333335,N_N,0.178,nutrients,µmol/L,0,-0.9344999999999999,1.1124999999999998
MOBEAST060,T4,Algae,Table 2,2024-06-03,06:00:00,3.3333333333333335,NO2,0.09746006916,nutrients,µmol/L,0,NA,NA
MOBEAST060,T4,Algae,Table 2,2024-06-03,06:00:00,3.3333333333333335,PO4,0.077,nutrients,µmol/L,0,0,0.077
MOBEAST060,T4,Algae,Table 2,2024-06-03,06:00:00,3.3333333333333335,SiO2,0.7105369628,nutrients,µmol/L,0,0.11308280574999996,0.59745415705
MOBEAST060,T4,Algae,Table 2,2024-06-03,06:00:00,3.3333333333333335,NH3,2.291137273,nutrients,µmol/L,0,-1.037329571,3.328466844
MOBEAST060,T4,Algae,Table 2,2024-06-03,06:00:00,3.3333333333333335,NO3,0.08053993084,nutrients,µmol/L,0,-0.3431544452599999,0.4236943760999999
MOBEAST060,T4,Algae,Table 2,2024-06-03,06:00:00,3.3333333333333335,ph_diff,-0.0717166700499492,carbonate,NA,0,-0.0717166700499492,0
MOBEAST060,T4,Algae,Table 2,2024-06-03,06:00:00,3.3333333333333335,delta_ta,65.92499999999973,carbonate,NA,0,65.92499999999973,0
MOBEAST060,T4,Algae,Table 2,2024-06-03,06:00:00,3.3333333333333335,do_mg_l,3.46,residence time,NA,0,NA,NA
MOBEAST060,T4,Algae,Table 2,2024-06-03,06:00:00,3.3333333333333335,ta,2408.932,carbonate,NA,0,64.37199999999984,2344.56
MOBEAST060,T4,Algae,Table 2,2024-06-03,06:00:00,3.3333333333333335,dic_mmol_kg,2116.726573070744,residence time,NA,0,NA,NA
MOBEAST060,T4,Algae,Table 2,2024-06-03,06:00:00,3.3333333333333335,ph,7.951985759030437,carbonate,NA,0,-0.06329212627292868,8.015277885303366
MOBEAST060,T4,Algae,Table 2,2024-06-03,06:00:00,3.3333333333333335,AEGEAN-169_marine_group,0.0138,DNA,NA,0,-0.014949999999999998,0.028749999999999998
MOBEAST060,T4,Algae,Table 2,2024-06-03,06:00:00,3.3333333333333335,Actinomarinaceae,0.012,DNA,NA,0,-0.004649999999999998,0.016649999999999998
MOBEAST060,T4,Algae,Table 2,2024-06-03,06:00:00,3.3333333333333335,Alcanivoracaceae,0.001,DNA,NA,0,5e-4,5e-4
MOBEAST060,T4,Algae,Table 2,2024-06-03,06:00:00,3.3333333333333335,Alphaproteobacteria_unclassified,0.01869999999999999,DNA,NA,0,0.01869999999999999,0
MOBEAST060,T4,Algae,Table 2,2024-06-03,06:00:00,3.3333333333333335,Alteromonadaceae,0.0208,DNA,NA,0,-0.017799999999999996,0.038599999999999995
MOBEAST060,T4,Algae,Table 2,2024-06-03,06:00:00,3.3333333333333335,Arctic97B-4_marine_group_fa,0.0014,DNA,NA,0,-0.0021999999999999997,0.0036
MOBEAST060,T4,Algae,Table 2,2024-06-03,06:00:00,3.3333333333333335,Arenicellaceae,0.0023,DNA,NA,0,0.0021,2e-4
MOBEAST060,T4,Algae,Table 2,2024-06-03,06:00:00,3.3333333333333335,Bacteria_unclassified,0,DNA,NA,0,-5e-5,5e-5
MOBEAST060,T4,Algae,Table 2,2024-06-03,06:00:00,3.3333333333333335,Bacteroidales_unclassified,0,DNA,NA,0,0,0
MOBEAST060,T4,Algae,Table 2,2024-06-03,06:00:00,3.3333333333333335,Bacteroidetes_BD2-2,0.0061,DNA,NA,0,0.0061,0
MOBEAST060,T4,Algae,Table 2,2024-06-03,06:00:00,3.3333333333333335,Bacteroidia_unclassified,7e-4,DNA,NA,0,7e-4,0
MOBEAST060,T4,Algae,Table 2,2024-06-03,06:00:00,3.3333333333333335,Bradymonadales_fa,0,DNA,NA,0,0,0
MOBEAST060,T4,Algae,Table 2,2024-06-03,06:00:00,3.3333333333333335,Campylobacterales_unclassified,0,DNA,NA,0,0,0
MOBEAST060,T4,Algae,Table 2,2024-06-03,06:00:00,3.3333333333333335,Campylobacteria_unclassified,0,DNA,NA,0,0,0
MOBEAST060,T4,Algae,Table 2,2024-06-03,06:00:00,3.3333333333333335,Cellvibrionaceae,0.0028,DNA,NA,0,-3.5000000000000005e-4,0.00315
MOBEAST060,T4,Algae,Table 2,2024-06-03,06:00:00,3.3333333333333335,Clade_I,0.0133,DNA,NA,0,-0.0242,0.0375
MOBEAST060,T4,Algae,Table 2,2024-06-03,06:00:00,3.3333333333333335,Clade_II,0.0085,DNA,NA,0,-0.005649999999999999,0.01415
MOBEAST060,T4,Algae,Table 2,2024-06-03,06:00:00,3.3333333333333335,Clade_IV,7e-4,DNA,NA,0,-0.0012499999999999998,0.00195
MOBEAST060,T4,Algae,Table 2,2024-06-03,06:00:00,3.3333333333333335,Colwelliaceae,0.0017,DNA,NA,0,0.0017,0
MOBEAST060,T4,Algae,Table 2,2024-06-03,06:00:00,3.3333333333333335,Cryomorphaceae,0.0043,DNA,NA,0,-0.005600000000000001,0.0099
MOBEAST060,T4,Algae,Table 2,2024-06-03,06:00:00,3.3333333333333335,Cyanobiaceae,0.1515,DNA,NA,0,-0.2154,0.3669
MOBEAST060,T4,Algae,Table 2,2024-06-03,06:00:00,3.3333333333333335,Cyclobacteriaceae,4e-4,DNA,NA,0,-5e-4,9e-4
MOBEAST060,T4,Algae,Table 2,2024-06-03,06:00:00,3.3333333333333335,Deltaproteobacteria_unclassified,1e-4,DNA,NA,0,1e-4,0
MOBEAST060,T4,Algae,Table 2,2024-06-03,06:00:00,3.3333333333333335,Ectothiorhodospiraceae,0.0013,DNA,NA,0,-0.0012500000000000002,0.00255
MOBEAST060,T4,Algae,Table 2,2024-06-03,06:00:00,3.3333333333333335,Endozoicomonadaceae,0,DNA,NA,0,-4e-4,4e-4
MOBEAST060,T4,Algae,Table 2,2024-06-03,06:00:00,3.3333333333333335,Flavobacteriaceae,0.0264,DNA,NA,0,NA,NA
MOBEAST060,T4,Algae,Table 2,2024-06-03,06:00:00,3.3333333333333335,Gammaproteobacteria_unclassified,0.00639999999999999,DNA,NA,0,0.0012999999999999895,0.0051
MOBEAST060,T4,Algae,Table 2,2024-06-03,06:00:00,3.3333333333333335,Halieaceae,0.0042,DNA,NA,0,-0.0159,0.0201
MOBEAST060,T4,Algae,Table 2,2024-06-03,06:00:00,3.3333333333333335,Halomonadaceae,0.0011,DNA,NA,0,0.0011,0
MOBEAST060,T4,Algae,Table 2,2024-06-03,06:00:00,3.3333333333333335,Hyphomonadaceae,0.0012,DNA,NA,0,0.0012,0
MOBEAST060,T4,Algae,Table 2,2024-06-03,06:00:00,3.3333333333333335,Idiomarinaceae,0,DNA,NA,0,0,0
MOBEAST060,T4,Algae,Table 2,2024-06-03,06:00:00,3.3333333333333335,JGI_0000069-P22_fa,0,DNA,NA,0,-0.0021,0.0021
MOBEAST060,T4,Algae,Table 2,2024-06-03,06:00:00,3.3333333333333335,KI89A_clade_fa,0,DNA,NA,0,-4.5e-4,4.5e-4
MOBEAST060,T4,Algae,Table 2,2024-06-03,06:00:00,3.3333333333333335,Litoricolaceae,0.0021,DNA,NA,0,-9.499999999999999e-4,0.0030499999999999998
MOBEAST060,T4,Algae,Table 2,2024-06-03,06:00:00,3.3333333333333335,Marine_Group_II_fa,0.0056,DNA,NA,0,-0.06520000000000001,0.0708
MOBEAST060,T4,Algae,Table 2,2024-06-03,06:00:00,3.3333333333333335,Marinifilaceae,0,DNA,NA,0,0,0
MOBEAST060,T4,Algae,Table 2,2024-06-03,06:00:00,3.3333333333333335,Marinilabiliaceae,0.0227,DNA,NA,0,0.0227,0
MOBEAST060,T4,Algae,Table 2,2024-06-03,06:00:00,3.3333333333333335,Marinimicrobia_(SAR406_clade)_fa,0.0044,DNA,NA,0,-0.006299999999999999,0.0107
MOBEAST060,T4,Algae,Table 2,2024-06-03,06:00:00,3.3333333333333335,Marinobacteraceae,0,DNA,NA,0,0,0
MOBEAST060,T4,Algae,Table 2,2024-06-03,06:00:00,3.3333333333333335,Marinomonadaceae,0,DNA,NA,0,0,0
MOBEAST060,T4,Algae,Table 2,2024-06-03,06:00:00,3.3333333333333335,Methylophilaceae,0.0023,DNA,NA,0,-0.0032500000000000003,0.00555
MOBEAST060,T4,Algae,Table 2,2024-06-03,06:00:00,3.3333333333333335,Microtrichaceae,0.0017,DNA,NA,0,-0.0023,0.004
MOBEAST060,T4,Algae,Table 2,2024-06-03,06:00:00,3.3333333333333335,Moraxellaceae,0,DNA,NA,0,0,0
MOBEAST060,T4,Algae,Table 2,2024-06-03,06:00:00,3.3333333333333335,NS7_marine_group,0,DNA,NA,0,-7.5e-4,7.5e-4
MOBEAST060,T4,Algae,Table 2,2024-06-03,06:00:00,3.3333333333333335,NS9_marine_group,0.0023,DNA,NA,0,NA,NA
MOBEAST060,T4,Algae,Table 2,2024-06-03,06:00:00,3.3333333333333335,Nannocystaceae,5e-4,DNA,NA,0,0,5e-4
MOBEAST060,T4,Algae,Table 2,2024-06-03,06:00:00,3.3333333333333335,Nitrincolaceae,0.0232,DNA,NA,0,0.022200000000000004,9.99999999999995e-4
MOBEAST060,T4,Algae,Table 2,2024-06-03,06:00:00,3.3333333333333335,Nitrosopumilaceae,5e-4,DNA,NA,0,5.000000000000002e-5,4.5e-4
MOBEAST060,T4,Algae,Table 2,2024-06-03,06:00:00,3.3333333333333335,OM182_clade_fa,0.0012,DNA,NA,0,-0.0033500000000000005,0.00455
MOBEAST060,T4,Algae,Table 2,2024-06-03,06:00:00,3.3333333333333335,Oleiphilaceae,0,DNA,NA,0,-0.00135,0.00135
MOBEAST060,T4,Algae,Table 2,2024-06-03,06:00:00,3.3333333333333335,Oligoflexaceae,7e-4,DNA,NA,0,-6e-4,0.0013
MOBEAST060,T4,Algae,Table 2,2024-06-03,06:00:00,3.3333333333333335,Pirellulaceae,0.00159999999999999,DNA,NA,0,-0.0034500000000000095,0.00505
MOBEAST060,T4,Algae,Table 2,2024-06-03,06:00:00,3.3333333333333335,Piscirickettsiaceae,3e-4,DNA,NA,0,-1.0000000000000005e-4,4e-4
MOBEAST060,T4,Algae,Table 2,2024-06-03,06:00:00,3.3333333333333335,Prolixibacteraceae,0,DNA,NA,0,0,0
MOBEAST060,T4,Algae,Table 2,2024-06-03,06:00:00,3.3333333333333335,Pseudoalteromonadaceae,7e-4,DNA,NA,0,4e-4,3e-4
MOBEAST060,T4,Algae,Table 2,2024-06-03,06:00:00,3.3333333333333335,Pseudohongiellaceae,5e-4,DNA,NA,0,-0.00205,0.00255
MOBEAST060,T4,Algae,Table 2,2024-06-03,06:00:00,3.3333333333333335,Pseudomonadaceae,0.0018,DNA,NA,0,0.0018,0
MOBEAST060,T4,Algae,Table 2,2024-06-03,06:00:00,3.3333333333333335,Puniceicoccaceae,0,DNA,NA,0,0,0
MOBEAST060,T4,Algae,Table 2,2024-06-03,06:00:00,3.3333333333333335,Rhizobiaceae,0,DNA,NA,0,0,0
MOBEAST060,T4,Algae,Table 2,2024-06-03,06:00:00,3.3333333333333335,Rhodobacteraceae,0.0932,DNA,NA,0,0.037450000000000004,0.05575
MOBEAST060,T4,Algae,Table 2,2024-06-03,06:00:00,3.3333333333333335,Rubinisphaeraceae,4e-4,DNA,NA,0,-6.000000000000001e-4,0.001
MOBEAST060,T4,Algae,Table 2,2024-06-03,06:00:00,3.3333333333333335,S25-593,0,DNA,NA,0,-0.0010999999999999998,0.0010999999999999998
MOBEAST060,T4,Algae,Table 2,2024-06-03,06:00:00,3.3333333333333335,SAR116_clade,0.01369999999999999,DNA,NA,0,-0.03685000000000001,0.05055
MOBEAST060,T4,Algae,Table 2,2024-06-03,06:00:00,3.3333333333333335,SAR202_clade_fa,5e-4,DNA,NA,0,-1.4999999999999996e-4,6.5e-4
MOBEAST060,T4,Algae,Table 2,2024-06-03,06:00:00,3.3333333333333335,SAR324_clade(Marine_group_B)_fa,5e-4,DNA,NA,0,-4.500000000000001e-4,9.500000000000001e-4
MOBEAST060,T4,Algae,Table 2,2024-06-03,06:00:00,3.3333333333333335,SAR86_clade_fa,0.0194,DNA,NA,0,-0.03805,0.05745
MOBEAST060,T4,Algae,Table 2,2024-06-03,06:00:00,3.3333333333333335,Saccharospirillaceae,0.0283,DNA,NA,0,-0.003950000000000002,0.03225
MOBEAST060,T4,Algae,Table 2,2024-06-03,06:00:00,3.3333333333333335,Saprospiraceae,0.001,DNA,NA,0,0.001,0
MOBEAST060,T4,Algae,Table 2,2024-06-03,06:00:00,3.3333333333333335,Sphingomonadaceae,0,DNA,NA,0,0,0
MOBEAST060,T4,Algae,Table 2,2024-06-03,06:00:00,3.3333333333333335,Spongiibacteraceae,0,DNA,NA,0,0,0
MOBEAST060,T4,Algae,Table 2,2024-06-03,06:00:00,3.3333333333333335,Stappiaceae,0,DNA,NA,0,0,0
MOBEAST060,T4,Algae,Table 2,2024-06-03,06:00:00,3.3333333333333335,Terasakiellaceae,6e-4,DNA,NA,0,6e-4,0
MOBEAST060,T4,Algae,Table 2,2024-06-03,06:00:00,3.3333333333333335,Thalassospiraceae,0,DNA,NA,0,0,0
MOBEAST060,T4,Algae,Table 2,2024-06-03,06:00:00,3.3333333333333335,Thiomicrospiraceae,0,DNA,NA,0,0,0
MOBEAST060,T4,Algae,Table 2,2024-06-03,06:00:00,3.3333333333333335,Vibrionaceae,0.06089999999999999,DNA,NA,0,0.05849999999999999,0.0024000000000000002
MOBEAST060,T4,Algae,Table 2,2024-06-03,06:00:00,3.3333333333333335,Woesearchaeia_fa,0,DNA,NA,0,-9.500000000000001e-4,9.500000000000001e-4
MOBEAST060,T4,Algae,Table 2,2024-06-03,06:00:00,3.3333333333333335,uncultured_fa,0,DNA,NA,0,-2.5e-4,2.5e-4
MOBEAST061,T5,CCA,Table 2,2024-06-03,06:00:00,2.6333333333333333,het_bact,439.601,FCM,cell/µL,0,-27.278999999999996,466.88
MOBEAST061,T5,CCA,Table 2,2024-06-03,06:00:00,2.6333333333333333,pico_euk,0.166,FCM,cell/µL,0,-0.07549999999999998,0.2415
MOBEAST061,T5,CCA,Table 2,2024-06-03,06:00:00,2.6333333333333333,syn,80.715,FCM,cell/µL,0,-22.209000000000003,102.924
MOBEAST061,T5,CCA,Table 2,2024-06-03,06:00:00,2.6333333333333333,pro,19.867,FCM,cell/µL,0,-0.8165000000000013,20.683500000000002
MOBEAST061,T5,CCA,Table 2,2024-06-03,06:00:00,2.6333333333333333,tot_bact,540.183,FCM,cell/µL,0,-50.305000000000064,590.488
MOBEAST061,T5,CCA,Table 2,2024-06-03,06:00:00,2.6333333333333333,cyano,100.582,FCM,cell/µL,0,-23.025499999999994,123.60749999999999
MOBEAST061,T5,CCA,Table 2,2024-06-03,06:00:00,2.6333333333333333,chla_conc,0.1348,chla,µg/L,0,0.12140000000000001,0.013399999999999999
MOBEAST061,T5,CCA,Table 2,2024-06-03,06:00:00,2.6333333333333333,tn_u_m,10.8062570055759,DOC,µmol/L,0,0.7018069923678993,10.104450013208
MOBEAST061,T5,CCA,Table 2,2024-06-03,06:00:00,2.6333333333333333,coble_a,0.0100168728890854,fDOM,R.U.,0,-4.060020371891553e-4,0.010422874926274556
MOBEAST061,T5,CCA,Table 2,2024-06-03,06:00:00,2.6333333333333333,coble_b,0.0436679577740798,fDOM,R.U.,0,-0.027265367955751248,0.07093332572983105
MOBEAST061,T5,CCA,Table 2,2024-06-03,06:00:00,2.6333333333333333,coble_c,0.00953483624907216,fDOM,R.U.,0,0.002021171889454815,0.007513664359617345
MOBEAST061,T5,CCA,Table 2,2024-06-03,06:00:00,2.6333333333333333,coble_m,0.0111172911268403,fDOM,R.U.,0,-0.0012516996349432007,0.0123689907617835
MOBEAST061,T5,CCA,Table 2,2024-06-03,06:00:00,2.6333333333333333,coble_t,0.109103130985493,fDOM,R.U.,0,0.039637071290421,0.069466059695072
MOBEAST061,T5,CCA,Table 2,2024-06-03,06:00:00,2.6333333333333333,m_to_c,1.16596560616572,fDOM,R.U.,0,-0.48391651143076575,1.6498821175964857
MOBEAST061,T5,CCA,Table 2,2024-06-03,06:00:00,2.6333333333333333,bix,1.11862098172851,fDOM,R.U.,0,0.431938984431951,0.686681997296559
MOBEAST061,T5,CCA,Table 2,2024-06-03,06:00:00,2.6333333333333333,hix,0.423687042792389,fDOM,R.U.,0,-0.10033688518992656,0.5240239279823156
MOBEAST061,T5,CCA,Table 2,2024-06-03,06:00:00,2.6333333333333333,fpeak,0.0030556719692801,fDOM,R.U.,0,-0.02304746385772085,0.02610313582700095
MOBEAST061,T5,CCA,Table 2,2024-06-03,06:00:00,2.6333333333333333,fi,1.59105361964341,fDOM,R.U.,0,-0.198851416591715,1.789905036235125
MOBEAST061,T5,CCA,Table 2,2024-06-03,06:00:00,2.6333333333333333,lignin,0.0430313723464783,fDOM,R.U.,0,0.026862216876255902,0.0161691554702224
MOBEAST061,T5,CCA,Table 2,2024-06-03,06:00:00,2.6333333333333333,N_N,0.71,nutrients,µmol/L,0,-0.40249999999999986,1.1124999999999998
MOBEAST061,T5,CCA,Table 2,2024-06-03,06:00:00,2.6333333333333333,NO2,0.01,nutrients,µmol/L,0,NA,NA
MOBEAST061,T5,CCA,Table 2,2024-06-03,06:00:00,2.6333333333333333,PO4,0.077,nutrients,µmol/L,0,0,0.077
MOBEAST061,T5,CCA,Table 2,2024-06-03,06:00:00,2.6333333333333333,SiO2,0.05,nutrients,µmol/L,0,-0.54745415705,0.59745415705
MOBEAST061,T5,CCA,Table 2,2024-06-03,06:00:00,2.6333333333333333,NH3,0.26,nutrients,µmol/L,0,-3.0684668439999996,3.328466844
MOBEAST061,T5,CCA,Table 2,2024-06-03,06:00:00,2.6333333333333333,NO3,0.7,nutrients,µmol/L,0,0.2763056239000001,0.4236943760999999
MOBEAST061,T5,CCA,Table 2,2024-06-03,06:00:00,2.6333333333333333,ph_diff,-0.03453950004615258,carbonate,NA,0,-0.03453950004615258,0
MOBEAST061,T5,CCA,Table 2,2024-06-03,06:00:00,2.6333333333333333,delta_ta,-84.90099999999984,carbonate,NA,0,-84.90099999999984,0
MOBEAST061,T5,CCA,Table 2,2024-06-03,06:00:00,2.6333333333333333,do_mg_l,3.76,residence time,NA,0,NA,NA
MOBEAST061,T5,CCA,Table 2,2024-06-03,06:00:00,2.6333333333333333,ta,2258.106,carbonate,NA,0,-86.45399999999972,2344.56
MOBEAST061,T5,CCA,Table 2,2024-06-03,06:00:00,2.6333333333333333,dic_mmol_kg,1956.3991974229152,residence time,NA,0,NA,NA
MOBEAST061,T5,CCA,Table 2,2024-06-03,06:00:00,2.6333333333333333,ph,7.98912958190391,carbonate,NA,0,-0.02614830339945584,8.015277885303366
MOBEAST061,T5,CCA,Table 2,2024-06-03,06:00:00,2.6333333333333333,AEGEAN-169_marine_group,0.03329999999999999,DNA,NA,0,0.0045499999999999916,0.028749999999999998
MOBEAST061,T5,CCA,Table 2,2024-06-03,06:00:00,2.6333333333333333,Actinomarinaceae,0.0164,DNA,NA,0,-2.4999999999999675e-4,0.016649999999999998
MOBEAST061,T5,CCA,Table 2,2024-06-03,06:00:00,2.6333333333333333,Alcanivoracaceae,0,DNA,NA,0,-5e-4,5e-4
MOBEAST061,T5,CCA,Table 2,2024-06-03,06:00:00,2.6333333333333333,Alphaproteobacteria_unclassified,0.0028,DNA,NA,0,0.0028,0
MOBEAST061,T5,CCA,Table 2,2024-06-03,06:00:00,2.6333333333333333,Alteromonadaceae,0.02899999999999999,DNA,NA,0,-0.009600000000000004,0.038599999999999995
MOBEAST061,T5,CCA,Table 2,2024-06-03,06:00:00,2.6333333333333333,Alteromonadales_unclassified,0.0021,DNA,NA,0,0.0021,0
MOBEAST061,T5,CCA,Table 2,2024-06-03,06:00:00,2.6333333333333333,Anaerolineae_unclassified,0.0012,DNA,NA,0,0.0012,0
MOBEAST061,T5,CCA,Table 2,2024-06-03,06:00:00,2.6333333333333333,Arcobacteraceae,0.0103,DNA,NA,0,0.0103,0
MOBEAST061,T5,CCA,Table 2,2024-06-03,06:00:00,2.6333333333333333,Arctic97B-4_marine_group_fa,0.0036,DNA,NA,0,0,0.0036
MOBEAST061,T5,CCA,Table 2,2024-06-03,06:00:00,2.6333333333333333,Arenicellaceae,0,DNA,NA,0,-2e-4,2e-4
MOBEAST061,T5,CCA,Table 2,2024-06-03,06:00:00,2.6333333333333333,Bacteria_unclassified,9e-4,DNA,NA,0,8.5e-4,5e-5
MOBEAST061,T5,CCA,Table 2,2024-06-03,06:00:00,2.6333333333333333,Bacteriovoracaceae,0.0014,DNA,NA,0,0.0014,0
MOBEAST061,T5,CCA,Table 2,2024-06-03,06:00:00,2.6333333333333333,Bacteroidales_unclassified,0,DNA,NA,0,0,0
MOBEAST061,T5,CCA,Table 2,2024-06-03,06:00:00,2.6333333333333333,Bacteroidetes_BD2-2,0,DNA,NA,0,0,0
MOBEAST061,T5,CCA,Table 2,2024-06-03,06:00:00,2.6333333333333333,Bacteroidia_unclassified,0,DNA,NA,0,0,0
MOBEAST061,T5,CCA,Table 2,2024-06-03,06:00:00,2.6333333333333333,Bradymonadales_fa,0,DNA,NA,0,0,0
MOBEAST061,T5,CCA,Table 2,2024-06-03,06:00:00,2.6333333333333333,Campylobacterales_unclassified,0.0011,DNA,NA,0,0.0011,0
MOBEAST061,T5,CCA,Table 2,2024-06-03,06:00:00,2.6333333333333333,Campylobacteria_unclassified,0,DNA,NA,0,0,0
MOBEAST061,T5,CCA,Table 2,2024-06-03,06:00:00,2.6333333333333333,Cellvibrionaceae,0.0028,DNA,NA,0,-3.5000000000000005e-4,0.00315
MOBEAST061,T5,CCA,Table 2,2024-06-03,06:00:00,2.6333333333333333,Clade_I,0.0436,DNA,NA,0,0.006100000000000001,0.0375
MOBEAST061,T5,CCA,Table 2,2024-06-03,06:00:00,2.6333333333333333,Clade_IV,9e-4,DNA,NA,0,-0.00105,0.00195
MOBEAST061,T5,CCA,Table 2,2024-06-03,06:00:00,2.6333333333333333,Colwelliaceae,0.0012,DNA,NA,0,0.0012,0
MOBEAST061,T5,CCA,Table 2,2024-06-03,06:00:00,2.6333333333333333,Cryomorphaceae,0.0086,DNA,NA,0,-0.0013000000000000008,0.0099
MOBEAST061,T5,CCA,Table 2,2024-06-03,06:00:00,2.6333333333333333,Cyanobiaceae,0.33049999999999996,DNA,NA,0,-0.03640000000000004,0.3669
MOBEAST061,T5,CCA,Table 2,2024-06-03,06:00:00,2.6333333333333333,Deltaproteobacteria_unclassified,0,DNA,NA,0,0,0
MOBEAST061,T5,CCA,Table 2,2024-06-03,06:00:00,2.6333333333333333,Desulfovibrionaceae,0.00509999999999999,DNA,NA,0,0.00509999999999999,0
MOBEAST061,T5,CCA,Table 2,2024-06-03,06:00:00,2.6333333333333333,Desulfuromonadaceae,0,DNA,NA,0,0,0
MOBEAST061,T5,CCA,Table 2,2024-06-03,06:00:00,2.6333333333333333,Ectothiorhodospiraceae,0.0025,DNA,NA,0,-5.000000000000013e-5,0.00255
MOBEAST061,T5,CCA,Table 2,2024-06-03,06:00:00,2.6333333333333333,Endozoicomonadaceae,0.0014,DNA,NA,0,0.001,4e-4
MOBEAST061,T5,CCA,Table 2,2024-06-03,06:00:00,2.6333333333333333,Flavobacteriaceae,0.07350000000000001,DNA,NA,0,NA,NA
MOBEAST061,T5,CCA,Table 2,2024-06-03,06:00:00,2.6333333333333333,Francisellaceae,2e-4,DNA,NA,0,2e-4,0
MOBEAST061,T5,CCA,Table 2,2024-06-03,06:00:00,2.6333333333333333,Gammaproteobacteria_unclassified,0.0028,DNA,NA,0,-0.0023000000000000004,0.0051
MOBEAST061,T5,CCA,Table 2,2024-06-03,06:00:00,2.6333333333333333,Halieaceae,0.01749999999999999,DNA,NA,0,-0.0026000000000000086,0.0201
MOBEAST061,T5,CCA,Table 2,2024-06-03,06:00:00,2.6333333333333333,Halomonadaceae,0,DNA,NA,0,0,0
MOBEAST061,T5,CCA,Table 2,2024-06-03,06:00:00,2.6333333333333333,Helicobacteraceae,0,DNA,NA,0,0,0
MOBEAST061,T5,CCA,Table 2,2024-06-03,06:00:00,2.6333333333333333,Hyphomonadaceae,0.0011,DNA,NA,0,0.0011,0
MOBEAST061,T5,CCA,Table 2,2024-06-03,06:00:00,2.6333333333333333,Idiomarinaceae,0,DNA,NA,0,0,0
MOBEAST061,T5,CCA,Table 2,2024-06-03,06:00:00,2.6333333333333333,JGI_0000069-P22_fa,0,DNA,NA,0,-0.0021,0.0021
MOBEAST061,T5,CCA,Table 2,2024-06-03,06:00:00,2.6333333333333333,KI89A_clade_fa,6e-4,DNA,NA,0,1.4999999999999996e-4,4.5e-4
MOBEAST061,T5,CCA,Table 2,2024-06-03,06:00:00,2.6333333333333333,Kiritimatiellaceae,0,DNA,NA,0,0,0
MOBEAST061,T5,CCA,Table 2,2024-06-03,06:00:00,2.6333333333333333,Leptotrichiaceae,0,DNA,NA,0,0,0
MOBEAST061,T5,CCA,Table 2,2024-06-03,06:00:00,2.6333333333333333,Litoricolaceae,0.0074,DNA,NA,0,0.004350000000000001,0.0030499999999999998
MOBEAST061,T5,CCA,Table 2,2024-06-03,06:00:00,2.6333333333333333,Marine_Group_II_fa,0.0352,DNA,NA,0,-0.0356,0.0708
MOBEAST061,T5,CCA,Table 2,2024-06-03,06:00:00,2.6333333333333333,Marinilabiliaceae,2e-4,DNA,NA,0,2e-4,0
MOBEAST061,T5,CCA,Table 2,2024-06-03,06:00:00,2.6333333333333333,Marinimicrobia_(SAR406_clade)_fa,0.0103,DNA,NA,0,-3.999999999999993e-4,0.0107
MOBEAST061,T5,CCA,Table 2,2024-06-03,06:00:00,2.6333333333333333,Marinobacteraceae,0,DNA,NA,0,0,0
MOBEAST061,T5,CCA,Table 2,2024-06-03,06:00:00,2.6333333333333333,Marinomonadaceae,0,DNA,NA,0,0,0
MOBEAST061,T5,CCA,Table 2,2024-06-03,06:00:00,2.6333333333333333,Methylophilaceae,0.0075,DNA,NA,0,0.0019499999999999995,0.00555
MOBEAST061,T5,CCA,Table 2,2024-06-03,06:00:00,2.6333333333333333,Micavibrionaceae,7e-4,DNA,NA,0,7e-4,0
MOBEAST061,T5,CCA,Table 2,2024-06-03,06:00:00,2.6333333333333333,Microtrichaceae,0.0058,DNA,NA,0,0.0017999999999999995,0.004
MOBEAST061,T5,CCA,Table 2,2024-06-03,06:00:00,2.6333333333333333,Moraxellaceae,0,DNA,NA,0,0,0
MOBEAST061,T5,CCA,Table 2,2024-06-03,06:00:00,2.6333333333333333,NS7_marine_group,5e-4,DNA,NA,0,-2.5e-4,7.5e-4
MOBEAST061,T5,CCA,Table 2,2024-06-03,06:00:00,2.6333333333333333,NS9_marine_group,0.0054,DNA,NA,0,NA,NA
MOBEAST061,T5,CCA,Table 2,2024-06-03,06:00:00,2.6333333333333333,Nannocystaceae,6e-4,DNA,NA,0,9.999999999999994e-5,5e-4
MOBEAST061,T5,CCA,Table 2,2024-06-03,06:00:00,2.6333333333333333,Nitrincolaceae,0.014,DNA,NA,0,0.013000000000000005,9.99999999999995e-4
MOBEAST061,T5,CCA,Table 2,2024-06-03,06:00:00,2.6333333333333333,OM182_clade_fa,0.0039,DNA,NA,0,-6.500000000000004e-4,0.00455
MOBEAST061,T5,CCA,Table 2,2024-06-03,06:00:00,2.6333333333333333,Oleiphilaceae,0.0023,DNA,NA,0,9.499999999999999e-4,0.00135
MOBEAST061,T5,CCA,Table 2,2024-06-03,06:00:00,2.6333333333333333,Oligoflexaceae,0.0011,DNA,NA,0,-1.9999999999999987e-4,0.0013
MOBEAST061,T5,CCA,Table 2,2024-06-03,06:00:00,2.6333333333333333,Pirellulaceae,0.00349999999999999,DNA,NA,0,-0.0015500000000000097,0.00505
MOBEAST061,T5,CCA,Table 2,2024-06-03,06:00:00,2.6333333333333333,Piscirickettsiaceae,4e-4,DNA,NA,0,0,4e-4
MOBEAST061,T5,CCA,Table 2,2024-06-03,06:00:00,2.6333333333333333,Prolixibacteraceae,0,DNA,NA,0,0,0
MOBEAST061,T5,CCA,Table 2,2024-06-03,06:00:00,2.6333333333333333,Proteobacteria_unclassified,0.0016,DNA,NA,0,-0.00125,0.00285
MOBEAST061,T5,CCA,Table 2,2024-06-03,06:00:00,2.6333333333333333,Pseudoalteromonadaceae,0.0012,DNA,NA,0,9e-4,3e-4
MOBEAST061,T5,CCA,Table 2,2024-06-03,06:00:00,2.6333333333333333,Pseudohongiellaceae,0.002,DNA,NA,0,-5.500000000000001e-4,0.00255
MOBEAST061,T5,CCA,Table 2,2024-06-03,06:00:00,2.6333333333333333,Pseudomonadaceae,0,DNA,NA,0,0,0
MOBEAST061,T5,CCA,Table 2,2024-06-03,06:00:00,2.6333333333333333,Puniceicoccaceae,2e-4,DNA,NA,0,2e-4,0
MOBEAST061,T5,CCA,Table 2,2024-06-03,06:00:00,2.6333333333333333,Rhizobiaceae,0,DNA,NA,0,0,0
MOBEAST061,T5,CCA,Table 2,2024-06-03,06:00:00,2.6333333333333333,Rhodobacteraceae,0.0596,DNA,NA,0,0.0038499999999999993,0.05575
MOBEAST061,T5,CCA,Table 2,2024-06-03,06:00:00,2.6333333333333333,Rhodospirillaceae,0,DNA,NA,0,0,0
MOBEAST061,T5,CCA,Table 2,2024-06-03,06:00:00,2.6333333333333333,Rubinisphaeraceae,8e-4,DNA,NA,0,-1.9999999999999998e-4,0.001
MOBEAST061,T5,CCA,Table 2,2024-06-03,06:00:00,2.6333333333333333,S25-593,0.0012,DNA,NA,0,1.0000000000000005e-4,0.0010999999999999998
MOBEAST061,T5,CCA,Table 2,2024-06-03,06:00:00,2.6333333333333333,SAR116_clade,0.05409999999999999,DNA,NA,0,0.0035499999999999907,0.05055
MOBEAST061,T5,CCA,Table 2,2024-06-03,06:00:00,2.6333333333333333,SAR324_clade(Marine_group_B)_fa,0.0011,DNA,NA,0,1.4999999999999996e-4,9.500000000000001e-4
MOBEAST061,T5,CCA,Table 2,2024-06-03,06:00:00,2.6333333333333333,SAR86_clade_fa,0.0518,DNA,NA,0,-0.005650000000000002,0.05745
MOBEAST061,T5,CCA,Table 2,2024-06-03,06:00:00,2.6333333333333333,Saccharospirillaceae,0.05699999999999999,DNA,NA,0,0.024749999999999987,0.03225
MOBEAST061,T5,CCA,Table 2,2024-06-03,06:00:00,2.6333333333333333,Saprospiraceae,0,DNA,NA,0,0,0
MOBEAST061,T5,CCA,Table 2,2024-06-03,06:00:00,2.6333333333333333,Sphingomonadaceae,0,DNA,NA,0,0,0
MOBEAST061,T5,CCA,Table 2,2024-06-03,06:00:00,2.6333333333333333,Spirochaetaceae,0,DNA,NA,0,0,0
MOBEAST061,T5,CCA,Table 2,2024-06-03,06:00:00,2.6333333333333333,Spongiibacteraceae,0,DNA,NA,0,0,0
MOBEAST061,T5,CCA,Table 2,2024-06-03,06:00:00,2.6333333333333333,Stappiaceae,0,DNA,NA,0,0,0
MOBEAST061,T5,CCA,Table 2,2024-06-03,06:00:00,2.6333333333333333,Terasakiellaceae,0,DNA,NA,0,0,0
MOBEAST061,T5,CCA,Table 2,2024-06-03,06:00:00,2.6333333333333333,Thalassospiraceae,4e-4,DNA,NA,0,4e-4,0
MOBEAST061,T5,CCA,Table 2,2024-06-03,06:00:00,2.6333333333333333,Vibrionaceae,0.0036,DNA,NA,0,0.0011999999999999997,0.0024000000000000002
MOBEAST061,T5,CCA,Table 2,2024-06-03,06:00:00,2.6333333333333333,Woesearchaeia_fa,0,DNA,NA,0,-9.500000000000001e-4,9.500000000000001e-4
MOBEAST061,T5,CCA,Table 2,2024-06-03,06:00:00,2.6333333333333333,uncultured_fa,4e-4,DNA,NA,0,1.5000000000000001e-4,2.5e-4
MOBEAST062,T6,Coral,Table 2,2024-06-03,06:00:00,2.3333333333333335,het_bact,384.75,FCM,cell/µL,0,-82.13,466.88
MOBEAST062,T6,Coral,Table 2,2024-06-03,06:00:00,2.3333333333333335,pico_euk,0.35,FCM,cell/µL,0,0.10849999999999999,0.2415
MOBEAST062,T6,Coral,Table 2,2024-06-03,06:00:00,2.3333333333333335,syn,76.117,FCM,cell/µL,0,-26.807000000000002,102.924
MOBEAST062,T6,Coral,Table 2,2024-06-03,06:00:00,2.3333333333333335,pro,20.633,FCM,cell/µL,0,-0.0505000000000031,20.683500000000002
MOBEAST062,T6,Coral,Table 2,2024-06-03,06:00:00,2.3333333333333335,tot_bact,481.5,FCM,cell/µL,0,-108.98800000000006,590.488
MOBEAST062,T6,Coral,Table 2,2024-06-03,06:00:00,2.3333333333333335,cyano,96.75,FCM,cell/µL,0,-26.857499999999987,123.60749999999999
MOBEAST062,T6,Coral,Table 2,2024-06-03,06:00:00,2.3333333333333335,chla_conc,0.0264,chla,µg/L,0,0.013000000000000001,0.013399999999999999
MOBEAST062,T6,Coral,Table 2,2024-06-03,06:00:00,2.3333333333333335,tn_u_m,12.7381895807007,DOC,µmol/L,0,2.6337395674927,10.104450013208
MOBEAST062,T6,Coral,Table 2,2024-06-03,06:00:00,2.3333333333333335,coble_a,0.0112372130674034,fDOM,R.U.,0,8.143381411288442e-4,0.010422874926274556
MOBEAST062,T6,Coral,Table 2,2024-06-03,06:00:00,2.3333333333333335,coble_b,0.0595498361272823,fDOM,R.U.,0,-0.01138348960254875,0.07093332572983105
MOBEAST062,T6,Coral,Table 2,2024-06-03,06:00:00,2.3333333333333335,coble_c,0.0109749935367396,fDOM,R.U.,0,0.0034613291771222543,0.007513664359617345
MOBEAST062,T6,Coral,Table 2,2024-06-03,06:00:00,2.3333333333333335,coble_m,0.0143438153872902,fDOM,R.U.,0,0.0019748246255066985,0.0123689907617835
MOBEAST062,T6,Coral,Table 2,2024-06-03,06:00:00,2.3333333333333335,coble_t,0.139403645100422,fDOM,R.U.,0,0.06993758540535,0.069466059695072
MOBEAST062,T6,Coral,Table 2,2024-06-03,06:00:00,2.3333333333333335,m_to_c,1.3069543357153897,fDOM,R.U.,0,-0.34292778188109607,1.6498821175964857
MOBEAST062,T6,Coral,Table 2,2024-06-03,06:00:00,2.3333333333333335,bix,1.15123899732378,fDOM,R.U.,0,0.464557000027221,0.686681997296559
MOBEAST062,T6,Coral,Table 2,2024-06-03,06:00:00,2.3333333333333335,hix,0.353206811830107,fDOM,R.U.,0,-0.17081711615220857,0.5240239279823156
MOBEAST062,T6,Coral,Table 2,2024-06-03,06:00:00,2.3333333333333335,fpeak,0.041630409036904,fDOM,R.U.,0,0.015527273209903051,0.02610313582700095
MOBEAST062,T6,Coral,Table 2,2024-06-03,06:00:00,2.3333333333333335,fi,1.61661419191258,fDOM,R.U.,0,-0.17329084432254493,1.789905036235125
MOBEAST062,T6,Coral,Table 2,2024-06-03,06:00:00,2.3333333333333335,lignin,0.0402225840593337,fDOM,R.U.,0,0.024053428589111303,0.0161691554702224
MOBEAST062,T6,Coral,Table 2,2024-06-03,06:00:00,2.3333333333333335,N_N,1.56,nutrients,µmol/L,0,0.44750000000000023,1.1124999999999998
MOBEAST062,T6,Coral,Table 2,2024-06-03,06:00:00,2.3333333333333335,NO2,0.01,nutrients,µmol/L,0,NA,NA
MOBEAST062,T6,Coral,Table 2,2024-06-03,06:00:00,2.3333333333333335,PO4,0.08,nutrients,µmol/L,0,0.0030000000000000027,0.077
MOBEAST062,T6,Coral,Table 2,2024-06-03,06:00:00,2.3333333333333335,SiO2,0.11,nutrients,µmol/L,0,-0.48745415705000006,0.59745415705
MOBEAST062,T6,Coral,Table 2,2024-06-03,06:00:00,2.3333333333333335,NH3,0.6,nutrients,µmol/L,0,-2.7284668439999997,3.328466844
MOBEAST062,T6,Coral,Table 2,2024-06-03,06:00:00,2.3333333333333335,NO3,1.55,nutrients,µmol/L,0,1.1263056239000002,0.4236943760999999
MOBEAST062,T6,Coral,Table 2,2024-06-03,06:00:00,2.3333333333333335,ph_diff,-0.04561448805602541,carbonate,NA,0,-0.04561448805602541,0
MOBEAST062,T6,Coral,Table 2,2024-06-03,06:00:00,2.3333333333333335,delta_ta,0.29700000000002547,carbonate,NA,0,0.29700000000002547,0
MOBEAST062,T6,Coral,Table 2,2024-06-03,06:00:00,2.3333333333333335,do_mg_l,3.94,residence time,NA,0,NA,NA
MOBEAST062,T6,Coral,Table 2,2024-06-03,06:00:00,2.3333333333333335,ta,2343.304,carbonate,NA,0,-1.2559999999998581,2344.56
MOBEAST062,T6,Coral,Table 2,2024-06-03,06:00:00,2.3333333333333335,dic_mmol_kg,2040.7759543057427,residence time,NA,0,NA,NA
MOBEAST062,T6,Coral,Table 2,2024-06-03,06:00:00,2.3333333333333335,ph,7.978358568741951,carbonate,NA,0,-0.03691931656141456,8.015277885303366
MOBEAST062,T6,Coral,Table 2,2024-06-03,06:00:00,2.3333333333333335,AEGEAN-169_marine_group,0.0182,DNA,NA,0,-0.010549999999999997,0.028749999999999998
MOBEAST062,T6,Coral,Table 2,2024-06-03,06:00:00,2.3333333333333335,Actinomarinaceae,0.0116,DNA,NA,0,-0.005049999999999999,0.016649999999999998
MOBEAST062,T6,Coral,Table 2,2024-06-03,06:00:00,2.3333333333333335,Alcanivoracaceae,2e-4,DNA,NA,0,-3.0000000000000003e-4,5e-4
MOBEAST062,T6,Coral,Table 2,2024-06-03,06:00:00,2.3333333333333335,Alphaproteobacteria_unclassified,6.000000000000001e-4,DNA,NA,0,6.000000000000001e-4,0
MOBEAST062,T6,Coral,Table 2,2024-06-03,06:00:00,2.3333333333333335,Alteromonadales_unclassified,4e-4,DNA,NA,0,4e-4,0
MOBEAST062,T6,Coral,Table 2,2024-06-03,06:00:00,2.3333333333333335,Anaerolineae_unclassified,1e-4,DNA,NA,0,1e-4,0
MOBEAST062,T6,Coral,Table 2,2024-06-03,06:00:00,2.3333333333333335,Arcobacteraceae,0.0013,DNA,NA,0,0.0013,0
MOBEAST062,T6,Coral,Table 2,2024-06-03,06:00:00,2.3333333333333335,Arctic97B-4_marine_group_fa,0.0014,DNA,NA,0,-0.0021999999999999997,0.0036
MOBEAST062,T6,Coral,Table 2,2024-06-03,06:00:00,2.3333333333333335,Arenicellaceae,1e-4,DNA,NA,0,-1e-4,2e-4
MOBEAST062,T6,Coral,Table 2,2024-06-03,06:00:00,2.3333333333333335,Bacteria_unclassified,0.0027,DNA,NA,0,0.00265,5e-5
MOBEAST062,T6,Coral,Table 2,2024-06-03,06:00:00,2.3333333333333335,Bacteriovoracaceae,9e-4,DNA,NA,0,9e-4,0
MOBEAST062,T6,Coral,Table 2,2024-06-03,06:00:00,2.3333333333333335,Bacteroidales_unclassified,0,DNA,NA,0,0,0
MOBEAST062,T6,Coral,Table 2,2024-06-03,06:00:00,2.3333333333333335,Bacteroidetes_BD2-2,0,DNA,NA,0,0,0
MOBEAST062,T6,Coral,Table 2,2024-06-03,06:00:00,2.3333333333333335,Bacteroidia_unclassified,1e-4,DNA,NA,0,1e-4,0
MOBEAST062,T6,Coral,Table 2,2024-06-03,06:00:00,2.3333333333333335,Bradymonadales_fa,0,DNA,NA,0,0,0
MOBEAST062,T6,Coral,Table 2,2024-06-03,06:00:00,2.3333333333333335,Campylobacterales_unclassified,0,DNA,NA,0,0,0
MOBEAST062,T6,Coral,Table 2,2024-06-03,06:00:00,2.3333333333333335,Campylobacteria_unclassified,9e-4,DNA,NA,0,9e-4,0
MOBEAST062,T6,Coral,Table 2,2024-06-03,06:00:00,2.3333333333333335,Cellvibrionaceae,0.0702,DNA,NA,0,0.06705,0.00315
MOBEAST062,T6,Coral,Table 2,2024-06-03,06:00:00,2.3333333333333335,Clade_I,0.0281,DNA,NA,0,-0.009399999999999999,0.0375
MOBEAST062,T6,Coral,Table 2,2024-06-03,06:00:00,2.3333333333333335,Clade_II,0.0131,DNA,NA,0,-0.0010499999999999989,0.01415
MOBEAST062,T6,Coral,Table 2,2024-06-03,06:00:00,2.3333333333333335,Clade_IV,0.0015,DNA,NA,0,-4.499999999999999e-4,0.00195
MOBEAST062,T6,Coral,Table 2,2024-06-03,06:00:00,2.3333333333333335,Colwelliaceae,0.0017,DNA,NA,0,0.0017,0
MOBEAST062,T6,Coral,Table 2,2024-06-03,06:00:00,2.3333333333333335,Cryomorphaceae,0.0067,DNA,NA,0,-0.0032000000000000006,0.0099
MOBEAST062,T6,Coral,Table 2,2024-06-03,06:00:00,2.3333333333333335,Cyanobiaceae,0.1926,DNA,NA,0,-0.1743,0.3669
MOBEAST062,T6,Coral,Table 2,2024-06-03,06:00:00,2.3333333333333335,Cyclobacteriaceae,6e-4,DNA,NA,0,-3.0000000000000003e-4,9e-4
MOBEAST062,T6,Coral,Table 2,2024-06-03,06:00:00,2.3333333333333335,Deltaproteobacteria_unclassified,0,DNA,NA,0,0,0
MOBEAST062,T6,Coral,Table 2,2024-06-03,06:00:00,2.3333333333333335,Desulfovibrionaceae,1e-4,DNA,NA,0,1e-4,0
MOBEAST062,T6,Coral,Table 2,2024-06-03,06:00:00,2.3333333333333335,Desulfuromonadaceae,0,DNA,NA,0,0,0
MOBEAST062,T6,Coral,Table 2,2024-06-03,06:00:00,2.3333333333333335,Ectothiorhodospiraceae,0.0016,DNA,NA,0,-9.500000000000001e-4,0.00255
MOBEAST062,T6,Coral,Table 2,2024-06-03,06:00:00,2.3333333333333335,Endozoicomonadaceae,5e-4,DNA,NA,0,9.999999999999999e-5,4e-4
MOBEAST062,T6,Coral,Table 2,2024-06-03,06:00:00,2.3333333333333335,Flavobacteriaceae,0.0469,DNA,NA,0,NA,NA
MOBEAST062,T6,Coral,Table 2,2024-06-03,06:00:00,2.3333333333333335,Francisellaceae,0,DNA,NA,0,0,0
MOBEAST062,T6,Coral,Table 2,2024-06-03,06:00:00,2.3333333333333335,Gammaproteobacteria_unclassified,0.0023,DNA,NA,0,-0.0028000000000000004,0.0051
MOBEAST062,T6,Coral,Table 2,2024-06-03,06:00:00,2.3333333333333335,Halieaceae,0.01059999999999999,DNA,NA,0,-0.00950000000000001,0.0201
MOBEAST062,T6,Coral,Table 2,2024-06-03,06:00:00,2.3333333333333335,Halomonadaceae,6e-4,DNA,NA,0,6e-4,0
MOBEAST062,T6,Coral,Table 2,2024-06-03,06:00:00,2.3333333333333335,Helicobacteraceae,0,DNA,NA,0,0,0
MOBEAST062,T6,Coral,Table 2,2024-06-03,06:00:00,2.3333333333333335,Hyphomonadaceae,0.0015,DNA,NA,0,0.0015,0
MOBEAST062,T6,Coral,Table 2,2024-06-03,06:00:00,2.3333333333333335,Idiomarinaceae,0,DNA,NA,0,0,0
MOBEAST062,T6,Coral,Table 2,2024-06-03,06:00:00,2.3333333333333335,JGI_0000069-P22_fa,4e-4,DNA,NA,0,-0.0017,0.0021
MOBEAST062,T6,Coral,Table 2,2024-06-03,06:00:00,2.3333333333333335,KI89A_clade_fa,0,DNA,NA,0,-4.5e-4,4.5e-4
MOBEAST062,T6,Coral,Table 2,2024-06-03,06:00:00,2.3333333333333335,Kiritimatiellaceae,0,DNA,NA,0,0,0
MOBEAST062,T6,Coral,Table 2,2024-06-03,06:00:00,2.3333333333333335,Leptotrichiaceae,6e-4,DNA,NA,0,6e-4,0
MOBEAST062,T6,Coral,Table 2,2024-06-03,06:00:00,2.3333333333333335,Litoricolaceae,0.0031,DNA,NA,0,5.000000000000013e-5,0.0030499999999999998
MOBEAST062,T6,Coral,Table 2,2024-06-03,06:00:00,2.3333333333333335,Marine_Group_II_fa,0.02729999999999999,DNA,NA,0,-0.04350000000000001,0.0708
MOBEAST062,T6,Coral,Table 2,2024-06-03,06:00:00,2.3333333333333335,Marinifilaceae,0,DNA,NA,0,0,0
MOBEAST062,T6,Coral,Table 2,2024-06-03,06:00:00,2.3333333333333335,Marinilabiliaceae,0,DNA,NA,0,0,0
MOBEAST062,T6,Coral,Table 2,2024-06-03,06:00:00,2.3333333333333335,Marinimicrobia_(SAR406_clade)_fa,0.0066,DNA,NA,0,-0.0040999999999999995,0.0107
MOBEAST062,T6,Coral,Table 2,2024-06-03,06:00:00,2.3333333333333335,Marinobacteraceae,0,DNA,NA,0,0,0
MOBEAST062,T6,Coral,Table 2,2024-06-03,06:00:00,2.3333333333333335,Marinomonadaceae,0.0012,DNA,NA,0,0.0012,0
MOBEAST062,T6,Coral,Table 2,2024-06-03,06:00:00,2.3333333333333335,Methylophilaceae,0.0055,DNA,NA,0,-5.0000000000000565e-5,0.00555
MOBEAST062,T6,Coral,Table 2,2024-06-03,06:00:00,2.3333333333333335,Micavibrionaceae,5e-4,DNA,NA,0,5e-4,0
MOBEAST062,T6,Coral,Table 2,2024-06-03,06:00:00,2.3333333333333335,Microtrichaceae,0.0028,DNA,NA,0,-0.0012000000000000001,0.004
MOBEAST062,T6,Coral,Table 2,2024-06-03,06:00:00,2.3333333333333335,Moraxellaceae,0,DNA,NA,0,0,0
MOBEAST062,T6,Coral,Table 2,2024-06-03,06:00:00,2.3333333333333335,NS7_marine_group,0.0011,DNA,NA,0,3.5000000000000005e-4,7.5e-4
MOBEAST062,T6,Coral,Table 2,2024-06-03,06:00:00,2.3333333333333335,NS9_marine_group,0.0032,DNA,NA,0,NA,NA
MOBEAST062,T6,Coral,Table 2,2024-06-03,06:00:00,2.3333333333333335,Nannocystaceae,4e-4,DNA,NA,0,-9.999999999999999e-5,5e-4
MOBEAST062,T6,Coral,Table 2,2024-06-03,06:00:00,2.3333333333333335,Nitrincolaceae,0.02,DNA,NA,0,0.019000000000000006,9.99999999999995e-4
MOBEAST062,T6,Coral,Table 2,2024-06-03,06:00:00,2.3333333333333335,Nitrosopumilaceae,6e-4,DNA,NA,0,1.4999999999999996e-4,4.5e-4
MOBEAST062,T6,Coral,Table 2,2024-06-03,06:00:00,2.3333333333333335,OM182_clade_fa,0.0025,DNA,NA,0,-0.00205,0.00455
MOBEAST062,T6,Coral,Table 2,2024-06-03,06:00:00,2.3333333333333335,Oleiphilaceae,0.0018,DNA,NA,0,4.499999999999999e-4,0.00135
MOBEAST062,T6,Coral,Table 2,2024-06-03,06:00:00,2.3333333333333335,Oligoflexaceae,7e-4,DNA,NA,0,-6e-4,0.0013
MOBEAST062,T6,Coral,Table 2,2024-06-03,06:00:00,2.3333333333333335,Pirellulaceae,0.0023,DNA,NA,0,-0.00275,0.00505
MOBEAST062,T6,Coral,Table 2,2024-06-03,06:00:00,2.3333333333333335,Piscirickettsiaceae,0,DNA,NA,0,-4e-4,4e-4
MOBEAST062,T6,Coral,Table 2,2024-06-03,06:00:00,2.3333333333333335,Prolixibacteraceae,4e-4,DNA,NA,0,4e-4,0
MOBEAST062,T6,Coral,Table 2,2024-06-03,06:00:00,2.3333333333333335,Proteobacteria_unclassified,0.00149999999999999,DNA,NA,0,-0.00135000000000001,0.00285
MOBEAST062,T6,Coral,Table 2,2024-06-03,06:00:00,2.3333333333333335,Pseudoalteromonadaceae,0.0063,DNA,NA,0,0.006,3e-4
MOBEAST062,T6,Coral,Table 2,2024-06-03,06:00:00,2.3333333333333335,Pseudohongiellaceae,0.0011,DNA,NA,0,-0.0014500000000000001,0.00255
MOBEAST062,T6,Coral,Table 2,2024-06-03,06:00:00,2.3333333333333335,Pseudomonadaceae,0,DNA,NA,0,0,0
MOBEAST062,T6,Coral,Table 2,2024-06-03,06:00:00,2.3333333333333335,Puniceicoccaceae,0,DNA,NA,0,0,0
MOBEAST062,T6,Coral,Table 2,2024-06-03,06:00:00,2.3333333333333335,Rhizobiaceae,0,DNA,NA,0,0,0
MOBEAST062,T6,Coral,Table 2,2024-06-03,06:00:00,2.3333333333333335,Rhodobacteraceae,0.0755,DNA,NA,0,0.019749999999999997,0.05575
MOBEAST062,T6,Coral,Table 2,2024-06-03,06:00:00,2.3333333333333335,Rhodospirillaceae,0,DNA,NA,0,0,0
MOBEAST062,T6,Coral,Table 2,2024-06-03,06:00:00,2.3333333333333335,Rubinisphaeraceae,8e-4,DNA,NA,0,-1.9999999999999998e-4,0.001
MOBEAST062,T6,Coral,Table 2,2024-06-03,06:00:00,2.3333333333333335,S25-593,0.001,DNA,NA,0,-9.999999999999983e-5,0.0010999999999999998
MOBEAST062,T6,Coral,Table 2,2024-06-03,06:00:00,2.3333333333333335,SAR116_clade,0.0366,DNA,NA,0,-0.013949999999999997,0.05055
MOBEAST062,T6,Coral,Table 2,2024-06-03,06:00:00,2.3333333333333335,SAR202_clade_fa,4e-4,DNA,NA,0,-2.4999999999999995e-4,6.5e-4
MOBEAST062,T6,Coral,Table 2,2024-06-03,06:00:00,2.3333333333333335,SAR324_clade(Marine_group_B)_fa,9e-4,DNA,NA,0,-5.000000000000013e-5,9.500000000000001e-4
MOBEAST062,T6,Coral,Table 2,2024-06-03,06:00:00,2.3333333333333335,SAR86_clade_fa,0.03419999999999999,DNA,NA,0,-0.023250000000000014,0.05745
MOBEAST062,T6,Coral,Table 2,2024-06-03,06:00:00,2.3333333333333335,Saccharospirillaceae,0.04359999999999999,DNA,NA,0,0.011349999999999992,0.03225
MOBEAST062,T6,Coral,Table 2,2024-06-03,06:00:00,2.3333333333333335,Saprospiraceae,1e-4,DNA,NA,0,1e-4,0
MOBEAST062,T6,Coral,Table 2,2024-06-03,06:00:00,2.3333333333333335,Sphingomonadaceae,3e-4,DNA,NA,0,3e-4,0
MOBEAST062,T6,Coral,Table 2,2024-06-03,06:00:00,2.3333333333333335,Spirochaetaceae,0,DNA,NA,0,0,0
MOBEAST062,T6,Coral,Table 2,2024-06-03,06:00:00,2.3333333333333335,Spongiibacteraceae,0.001,DNA,NA,0,0.001,0
MOBEAST062,T6,Coral,Table 2,2024-06-03,06:00:00,2.3333333333333335,Stappiaceae,0,DNA,NA,0,0,0
MOBEAST062,T6,Coral,Table 2,2024-06-03,06:00:00,2.3333333333333335,Terasakiellaceae,0.0012,DNA,NA,0,0.0012,0
MOBEAST062,T6,Coral,Table 2,2024-06-03,06:00:00,2.3333333333333335,Thalassospiraceae,0,DNA,NA,0,0,0
MOBEAST062,T6,Coral,Table 2,2024-06-03,06:00:00,2.3333333333333335,Thiomicrospiraceae,0.0025,DNA,NA,0,0.0025,0
MOBEAST062,T6,Coral,Table 2,2024-06-03,06:00:00,2.3333333333333335,Vibrionaceae,0.05360000000000001,DNA,NA,0,0.05120000000000001,0.0024000000000000002
MOBEAST062,T6,Coral,Table 2,2024-06-03,06:00:00,2.3333333333333335,Woesearchaeia_fa,2e-4,DNA,NA,0,-7.500000000000001e-4,9.500000000000001e-4
MOBEAST062,T6,Coral,Table 2,2024-06-03,06:00:00,2.3333333333333335,uncultured_fa,2e-4,DNA,NA,0,-4.9999999999999996e-5,2.5e-4
MOBEAST063,T7,Coral,Table 2,2024-06-03,06:00:00,2.75,het_bact,507.45,FCM,cell/µL,0,40.56999999999999,466.88
MOBEAST063,T7,Coral,Table 2,2024-06-03,06:00:00,2.75,pico_euk,0.25,FCM,cell/µL,0,0.008500000000000008,0.2415
MOBEAST063,T7,Coral,Table 2,2024-06-03,06:00:00,2.75,syn,100.533,FCM,cell/µL,0,-2.3910000000000053,102.924
MOBEAST063,T7,Coral,Table 2,2024-06-03,06:00:00,2.75,pro,24.667,FCM,cell/µL,0,3.9834999999999994,20.683500000000002
MOBEAST063,T7,Coral,Table 2,2024-06-03,06:00:00,2.75,tot_bact,632.65,FCM,cell/µL,0,42.16199999999992,590.488
MOBEAST063,T7,Coral,Table 2,2024-06-03,06:00:00,2.75,cyano,125.2,FCM,cell/µL,0,1.5925000000000153,123.60749999999999
MOBEAST063,T7,Coral,Table 2,2024-06-03,06:00:00,2.75,chla_conc,0.1016,chla,µg/L,0,0.0882,0.013399999999999999
MOBEAST063,T7,Coral,Table 2,2024-06-03,06:00:00,2.75,tn_u_m,12.9238150313778,DOC,µmol/L,0,2.8193650181697993,10.104450013208
MOBEAST063,T7,Coral,Table 2,2024-06-03,06:00:00,2.75,coble_a,0.00857029338479822,fDOM,R.U.,0,-0.001852581541476335,0.010422874926274556
MOBEAST063,T7,Coral,Table 2,2024-06-03,06:00:00,2.75,coble_b,0.043045335446604,fDOM,R.U.,0,-0.027887990283227047,0.07093332572983105
MOBEAST063,T7,Coral,Table 2,2024-06-03,06:00:00,2.75,coble_c,0.00878815647116757,fDOM,R.U.,0,0.0012744921115502251,0.007513664359617345
MOBEAST063,T7,Coral,Table 2,2024-06-03,06:00:00,2.75,coble_m,0.00924777310067998,fDOM,R.U.,0,-0.00312121766110352,0.0123689907617835
MOBEAST063,T7,Coral,Table 2,2024-06-03,06:00:00,2.75,coble_t,0.041710763239716,fDOM,R.U.,0,-0.027755296455355995,0.069466059695072
MOBEAST063,T7,Coral,Table 2,2024-06-03,06:00:00,2.75,m_to_c,1.0522995500842909,fDOM,R.U.,0,-0.5975825675121949,1.6498821175964857
MOBEAST063,T7,Coral,Table 2,2024-06-03,06:00:00,2.75,bix,0.835090125090698,fDOM,R.U.,0,0.14840812779413903,0.686681997296559
MOBEAST063,T7,Coral,Table 2,2024-06-03,06:00:00,2.75,hix,0.628209043232418,fDOM,R.U.,0,0.10418511525010243,0.5240239279823156
MOBEAST063,T7,Coral,Table 2,2024-06-03,06:00:00,2.75,fpeak,0,fDOM,R.U.,0,-0.02610313582700095,0.02610313582700095
MOBEAST063,T7,Coral,Table 2,2024-06-03,06:00:00,2.75,fi,1.58857388856518,fDOM,R.U.,0,-0.2013311476699451,1.789905036235125
MOBEAST063,T7,Coral,Table 2,2024-06-03,06:00:00,2.75,lignin,0.0268864839816596,fDOM,R.U.,0,0.0107173285114372,0.0161691554702224
MOBEAST063,T7,Coral,Table 2,2024-06-03,06:00:00,2.75,N_N,0.42,nutrients,µmol/L,0,-0.6924999999999999,1.1124999999999998
MOBEAST063,T7,Coral,Table 2,2024-06-03,06:00:00,2.75,NO2,0.01,nutrients,µmol/L,0,NA,NA
MOBEAST063,T7,Coral,Table 2,2024-06-03,06:00:00,2.75,PO4,0.11,nutrients,µmol/L,0,0.033,0.077
MOBEAST063,T7,Coral,Table 2,2024-06-03,06:00:00,2.75,SiO2,0.09,nutrients,µmol/L,0,-0.5074541570500001,0.59745415705
MOBEAST063,T7,Coral,Table 2,2024-06-03,06:00:00,2.75,NH3,0.085,nutrients,µmol/L,0,-3.243466844,3.328466844
MOBEAST063,T7,Coral,Table 2,2024-06-03,06:00:00,2.75,NO3,0.41,nutrients,µmol/L,0,-0.013694376099999905,0.4236943760999999
MOBEAST063,T7,Coral,Table 2,2024-06-03,06:00:00,2.75,ph_diff,-0.07232841115678479,carbonate,NA,0,-0.07232841115678479,0
MOBEAST063,T7,Coral,Table 2,2024-06-03,06:00:00,2.75,delta_ta,-36.96300000000019,carbonate,NA,0,-36.96300000000019,0
MOBEAST063,T7,Coral,Table 2,2024-06-03,06:00:00,2.75,do_mg_l,3.92,residence time,NA,0,NA,NA
MOBEAST063,T7,Coral,Table 2,2024-06-03,06:00:00,2.75,ta,2306.044,carbonate,NA,0,-38.516000000000076,2344.56
MOBEAST063,T7,Coral,Table 2,2024-06-03,06:00:00,2.75,dic_mmol_kg,2090.9000870047307,residence time,NA,0,NA,NA
MOBEAST063,T7,Coral,Table 2,2024-06-03,06:00:00,2.75,ph,7.951851730954564,carbonate,NA,0,-0.06342615434880194,8.015277885303366
MOBEAST063,T7,Coral,Table 2,2024-06-03,06:00:00,2.75,AEGEAN-169_marine_group,0.0221,DNA,NA,0,-0.006649999999999996,0.028749999999999998
MOBEAST063,T7,Coral,Table 2,2024-06-03,06:00:00,2.75,Actinomarinaceae,0.0139,DNA,NA,0,-0.002749999999999999,0.016649999999999998
MOBEAST063,T7,Coral,Table 2,2024-06-03,06:00:00,2.75,Alcanivoracaceae,0.0033,DNA,NA,0,0.0028,5e-4
MOBEAST063,T7,Coral,Table 2,2024-06-03,06:00:00,2.75,Alphaproteobacteria_unclassified,0.0043,DNA,NA,0,0.0043,0
MOBEAST063,T7,Coral,Table 2,2024-06-03,06:00:00,2.75,Alteromonadaceae,0.04849999999999999,DNA,NA,0,0.009899999999999992,0.038599999999999995
MOBEAST063,T7,Coral,Table 2,2024-06-03,06:00:00,2.75,Alteromonadales_unclassified,0.0014,DNA,NA,0,0.0014,0
MOBEAST063,T7,Coral,Table 2,2024-06-03,06:00:00,2.75,Anaerolineae_unclassified,0,DNA,NA,0,0,0
MOBEAST063,T7,Coral,Table 2,2024-06-03,06:00:00,2.75,Arcobacteraceae,0.01229999999999999,DNA,NA,0,0.01229999999999999,0
MOBEAST063,T7,Coral,Table 2,2024-06-03,06:00:00,2.75,Arctic97B-4_marine_group_fa,0.0033,DNA,NA,0,-2.999999999999999e-4,0.0036
MOBEAST063,T7,Coral,Table 2,2024-06-03,06:00:00,2.75,Bacteriovoracaceae,7e-4,DNA,NA,0,7e-4,0
MOBEAST063,T7,Coral,Table 2,2024-06-03,06:00:00,2.75,Bacteroidales_unclassified,0,DNA,NA,0,0,0
MOBEAST063,T7,Coral,Table 2,2024-06-03,06:00:00,2.75,Bacteroidetes_BD2-2,0,DNA,NA,0,0,0
MOBEAST063,T7,Coral,Table 2,2024-06-03,06:00:00,2.75,Bacteroidia_unclassified,0,DNA,NA,0,0,0
MOBEAST063,T7,Coral,Table 2,2024-06-03,06:00:00,2.75,Bradymonadales_fa,0,DNA,NA,0,0,0
MOBEAST063,T7,Coral,Table 2,2024-06-03,06:00:00,2.75,Campylobacterales_unclassified,0,DNA,NA,0,0,0
MOBEAST063,T7,Coral,Table 2,2024-06-03,06:00:00,2.75,Campylobacteria_unclassified,0.0082,DNA,NA,0,0.0082,0
MOBEAST063,T7,Coral,Table 2,2024-06-03,06:00:00,2.75,Cellvibrionaceae,0.0117,DNA,NA,0,0.00855,0.00315
MOBEAST063,T7,Coral,Table 2,2024-06-03,06:00:00,2.75,Clade_I,0.0363,DNA,NA,0,-0.0011999999999999997,0.0375
MOBEAST063,T7,Coral,Table 2,2024-06-03,06:00:00,2.75,Clade_II,0.0097,DNA,NA,0,-0.004449999999999999,0.01415
MOBEAST063,T7,Coral,Table 2,2024-06-03,06:00:00,2.75,Clade_IV,0.0013,DNA,NA,0,-6.5e-4,0.00195
MOBEAST063,T7,Coral,Table 2,2024-06-03,06:00:00,2.75,Colwelliaceae,9e-4,DNA,NA,0,9e-4,0
MOBEAST063,T7,Coral,Table 2,2024-06-03,06:00:00,2.75,Cryomorphaceae,0.0088,DNA,NA,0,-0.0011000000000000003,0.0099
MOBEAST063,T7,Coral,Table 2,2024-06-03,06:00:00,2.75,Cyanobiaceae,0.3277,DNA,NA,0,-0.03920000000000001,0.3669
MOBEAST063,T7,Coral,Table 2,2024-06-03,06:00:00,2.75,Cyclobacteriaceae,3e-4,DNA,NA,0,-6.000000000000001e-4,9e-4
MOBEAST063,T7,Coral,Table 2,2024-06-03,06:00:00,2.75,Deltaproteobacteria_unclassified,8e-4,DNA,NA,0,8e-4,0
MOBEAST063,T7,Coral,Table 2,2024-06-03,06:00:00,2.75,Desulfovibrionaceae,0.0013,DNA,NA,0,0.0013,0
MOBEAST063,T7,Coral,Table 2,2024-06-03,06:00:00,2.75,Desulfuromonadaceae,0,DNA,NA,0,0,0
MOBEAST063,T7,Coral,Table 2,2024-06-03,06:00:00,2.75,Ectothiorhodospiraceae,0.0025,DNA,NA,0,-5.000000000000013e-5,0.00255
MOBEAST063,T7,Coral,Table 2,2024-06-03,06:00:00,2.75,Endozoicomonadaceae,0,DNA,NA,0,-4e-4,4e-4
MOBEAST063,T7,Coral,Table 2,2024-06-03,06:00:00,2.75,Flavobacteriaceae,0.0626,DNA,NA,0,NA,NA
MOBEAST063,T7,Coral,Table 2,2024-06-03,06:00:00,2.75,Francisellaceae,2e-4,DNA,NA,0,2e-4,0
MOBEAST063,T7,Coral,Table 2,2024-06-03,06:00:00,2.75,Gammaproteobacteria_unclassified,0.0053,DNA,NA,0,1.9999999999999966e-4,0.0051
MOBEAST063,T7,Coral,Table 2,2024-06-03,06:00:00,2.75,Halieaceae,0.0145,DNA,NA,0,-0.005599999999999999,0.0201
MOBEAST063,T7,Coral,Table 2,2024-06-03,06:00:00,2.75,Halomonadaceae,0,DNA,NA,0,0,0
MOBEAST063,T7,Coral,Table 2,2024-06-03,06:00:00,2.75,Helicobacteraceae,3e-4,DNA,NA,0,3e-4,0
MOBEAST063,T7,Coral,Table 2,2024-06-03,06:00:00,2.75,Hyphomonadaceae,0.0036,DNA,NA,0,0.0036,0
MOBEAST063,T7,Coral,Table 2,2024-06-03,06:00:00,2.75,Idiomarinaceae,0,DNA,NA,0,0,0
MOBEAST063,T7,Coral,Table 2,2024-06-03,06:00:00,2.75,JGI_0000069-P22_fa,8e-4,DNA,NA,0,-0.0013,0.0021
MOBEAST063,T7,Coral,Table 2,2024-06-03,06:00:00,2.75,KI89A_clade_fa,7e-4,DNA,NA,0,2.5e-4,4.5e-4
MOBEAST063,T7,Coral,Table 2,2024-06-03,06:00:00,2.75,Kiritimatiellaceae,0.0013,DNA,NA,0,0.0013,0
MOBEAST063,T7,Coral,Table 2,2024-06-03,06:00:00,2.75,Leptotrichiaceae,0.0016,DNA,NA,0,0.0016,0
MOBEAST063,T7,Coral,Table 2,2024-06-03,06:00:00,2.75,Litoricolaceae,0.0043,DNA,NA,0,0.0012500000000000002,0.0030499999999999998
MOBEAST063,T7,Coral,Table 2,2024-06-03,06:00:00,2.75,Marine_Group_II_fa,0.0685,DNA,NA,0,-0.0022999999999999965,0.0708
MOBEAST063,T7,Coral,Table 2,2024-06-03,06:00:00,2.75,Marinifilaceae,0,DNA,NA,0,0,0
MOBEAST063,T7,Coral,Table 2,2024-06-03,06:00:00,2.75,Marinilabiliaceae,2e-4,DNA,NA,0,2e-4,0
MOBEAST063,T7,Coral,Table 2,2024-06-03,06:00:00,2.75,Marinimicrobia_(SAR406_clade)_fa,0.0084,DNA,NA,0,-0.0023,0.0107
MOBEAST063,T7,Coral,Table 2,2024-06-03,06:00:00,2.75,Marinobacteraceae,0,DNA,NA,0,0,0
MOBEAST063,T7,Coral,Table 2,2024-06-03,06:00:00,2.75,Marinomonadaceae,0,DNA,NA,0,0,0
MOBEAST063,T7,Coral,Table 2,2024-06-03,06:00:00,2.75,Methylophilaceae,0.0053,DNA,NA,0,-2.500000000000002e-4,0.00555
MOBEAST063,T7,Coral,Table 2,2024-06-03,06:00:00,2.75,Micavibrionaceae,4e-4,DNA,NA,0,4e-4,0
MOBEAST063,T7,Coral,Table 2,2024-06-03,06:00:00,2.75,Microtrichaceae,0.0044,DNA,NA,0,4.000000000000002e-4,0.004
MOBEAST063,T7,Coral,Table 2,2024-06-03,06:00:00,2.75,Moraxellaceae,0,DNA,NA,0,0,0
MOBEAST063,T7,Coral,Table 2,2024-06-03,06:00:00,2.75,NS7_marine_group,0,DNA,NA,0,-7.5e-4,7.5e-4
MOBEAST063,T7,Coral,Table 2,2024-06-03,06:00:00,2.75,NS9_marine_group,0.0047,DNA,NA,0,NA,NA
MOBEAST063,T7,Coral,Table 2,2024-06-03,06:00:00,2.75,Nannocystaceae,6e-4,DNA,NA,0,9.999999999999994e-5,5e-4
MOBEAST063,T7,Coral,Table 2,2024-06-03,06:00:00,2.75,Nitrincolaceae,0.0048,DNA,NA,0,0.0038000000000000048,9.99999999999995e-4
MOBEAST063,T7,Coral,Table 2,2024-06-03,06:00:00,2.75,Nitrosopumilaceae,3e-4,DNA,NA,0,-1.5000000000000001e-4,4.5e-4
MOBEAST063,T7,Coral,Table 2,2024-06-03,06:00:00,2.75,OM182_clade_fa,0.004,DNA,NA,0,-5.500000000000001e-4,0.00455
MOBEAST063,T7,Coral,Table 2,2024-06-03,06:00:00,2.75,Oleiphilaceae,9e-4,DNA,NA,0,-4.500000000000001e-4,0.00135
MOBEAST063,T7,Coral,Table 2,2024-06-03,06:00:00,2.75,Oligoflexaceae,3e-4,DNA,NA,0,-0.001,0.0013
MOBEAST063,T7,Coral,Table 2,2024-06-03,06:00:00,2.75,Pirellulaceae,0.0027,DNA,NA,0,-0.0023499999999999997,0.00505
MOBEAST063,T7,Coral,Table 2,2024-06-03,06:00:00,2.75,Piscirickettsiaceae,7e-4,DNA,NA,0,3e-4,4e-4
MOBEAST063,T7,Coral,Table 2,2024-06-03,06:00:00,2.75,Prolixibacteraceae,0,DNA,NA,0,0,0
MOBEAST063,T7,Coral,Table 2,2024-06-03,06:00:00,2.75,Proteobacteria_unclassified,0.003,DNA,NA,0,1.4999999999999996e-4,0.00285
MOBEAST063,T7,Coral,Table 2,2024-06-03,06:00:00,2.75,Pseudoalteromonadaceae,0,DNA,NA,0,-3e-4,3e-4
MOBEAST063,T7,Coral,Table 2,2024-06-03,06:00:00,2.75,Pseudohongiellaceae,0.0025,DNA,NA,0,-5.000000000000013e-5,0.00255
MOBEAST063,T7,Coral,Table 2,2024-06-03,06:00:00,2.75,Pseudomonadaceae,0,DNA,NA,0,0,0
MOBEAST063,T7,Coral,Table 2,2024-06-03,06:00:00,2.75,Puniceicoccaceae,8e-4,DNA,NA,0,8e-4,0
MOBEAST063,T7,Coral,Table 2,2024-06-03,06:00:00,2.75,Rhizobiaceae,0,DNA,NA,0,0,0
MOBEAST063,T7,Coral,Table 2,2024-06-03,06:00:00,2.75,Rhodobacteraceae,0.0665,DNA,NA,0,0.010750000000000003,0.05575
MOBEAST063,T7,Coral,Table 2,2024-06-03,06:00:00,2.75,Rhodospirillaceae,0,DNA,NA,0,0,0
MOBEAST063,T7,Coral,Table 2,2024-06-03,06:00:00,2.75,Rubinisphaeraceae,8e-4,DNA,NA,0,-1.9999999999999998e-4,0.001
MOBEAST063,T7,Coral,Table 2,2024-06-03,06:00:00,2.75,S25-593,0.0013,DNA,NA,0,2.000000000000001e-4,0.0010999999999999998
MOBEAST063,T7,Coral,Table 2,2024-06-03,06:00:00,2.75,SAR116_clade,0.04589999999999999,DNA,NA,0,-0.004650000000000008,0.05055
MOBEAST063,T7,Coral,Table 2,2024-06-03,06:00:00,2.75,SAR202_clade_fa,7e-4,DNA,NA,0,5.000000000000002e-5,6.5e-4
MOBEAST063,T7,Coral,Table 2,2024-06-03,06:00:00,2.75,SAR324_clade(Marine_group_B)_fa,7e-4,DNA,NA,0,-2.500000000000001e-4,9.500000000000001e-4
MOBEAST063,T7,Coral,Table 2,2024-06-03,06:00:00,2.75,SAR86_clade_fa,0.05089999999999999,DNA,NA,0,-0.006550000000000014,0.05745
MOBEAST063,T7,Coral,Table 2,2024-06-03,06:00:00,2.75,Saprospiraceae,1e-4,DNA,NA,0,1e-4,0
MOBEAST063,T7,Coral,Table 2,2024-06-03,06:00:00,2.75,Sphingomonadaceae,0,DNA,NA,0,0,0
MOBEAST063,T7,Coral,Table 2,2024-06-03,06:00:00,2.75,Spirochaetaceae,0,DNA,NA,0,0,0
MOBEAST063,T7,Coral,Table 2,2024-06-03,06:00:00,2.75,Stappiaceae,0,DNA,NA,0,0,0
MOBEAST063,T7,Coral,Table 2,2024-06-03,06:00:00,2.75,Thalassospiraceae,0,DNA,NA,0,0,0
MOBEAST063,T7,Coral,Table 2,2024-06-03,06:00:00,2.75,Thiomicrospiraceae,3e-4,DNA,NA,0,3e-4,0
MOBEAST063,T7,Coral,Table 2,2024-06-03,06:00:00,2.75,Vibrionaceae,0.0033,DNA,NA,0,8.999999999999998e-4,0.0024000000000000002
MOBEAST063,T7,Coral,Table 2,2024-06-03,06:00:00,2.75,Woesearchaeia_fa,0,DNA,NA,0,-9.500000000000001e-4,9.500000000000001e-4
MOBEAST063,T7,Coral,Table 2,2024-06-03,06:00:00,2.75,uncultured_fa,6e-4,DNA,NA,0,3.4999999999999994e-4,2.5e-4
MOBEAST064,T8,Control,Table 2,2024-06-03,06:00:00,7.083333333333333,het_bact,481.583,FCM,cell/µL,0,14.703000000000031,466.88
MOBEAST064,T8,Control,Table 2,2024-06-03,06:00:00,7.083333333333333,pico_euk,0.2,FCM,cell/µL,0,-0.04149999999999998,0.2415
MOBEAST064,T8,Control,Table 2,2024-06-03,06:00:00,7.083333333333333,syn,105.617,FCM,cell/µL,0,2.692999999999998,102.924
MOBEAST064,T8,Control,Table 2,2024-06-03,06:00:00,7.083333333333333,pro,21.95,FCM,cell/µL,0,1.266499999999997,20.683500000000002
MOBEAST064,T8,Control,Table 2,2024-06-03,06:00:00,7.083333333333333,tot_bact,609.15,FCM,cell/µL,0,18.66199999999992,590.488
MOBEAST064,T8,Control,Table 2,2024-06-03,06:00:00,7.083333333333333,cyano,127.56700000000006,FCM,cell/µL,0,3.9595000000000766,123.60749999999999
MOBEAST064,T8,Control,Table 2,2024-06-03,06:00:00,7.083333333333333,chla_conc,0.0508,chla,µg/L,0,0.0374,0.013399999999999999
MOBEAST064,T8,Control,Table 2,2024-06-03,06:00:00,7.083333333333333,tn_u_m,11.7293866506743,DOC,µmol/L,0,1.6249366374663001,10.104450013208
MOBEAST064,T8,Control,Table 2,2024-06-03,06:00:00,7.083333333333333,coble_a,0.0101730827556978,fDOM,R.U.,0,-2.4979217057675626e-4,0.010422874926274556
MOBEAST064,T8,Control,Table 2,2024-06-03,06:00:00,7.083333333333333,coble_b,0.0726606368624096,fDOM,R.U.,0,0.0017273111325785545,0.07093332572983105
MOBEAST064,T8,Control,Table 2,2024-06-03,06:00:00,7.083333333333333,coble_c,0.00843787164856556,fDOM,R.U.,0,9.24207288948215e-4,0.007513664359617345
MOBEAST064,T8,Control,Table 2,2024-06-03,06:00:00,7.083333333333333,coble_m,0.0105038468212559,fDOM,R.U.,0,-0.0018651439405276,0.0123689907617835
MOBEAST064,T8,Control,Table 2,2024-06-03,06:00:00,7.083333333333333,coble_t,0.0385419205070776,fDOM,R.U.,0,-0.030924139187994394,0.069466059695072
MOBEAST064,T8,Control,Table 2,2024-06-03,06:00:00,7.083333333333333,m_to_c,1.2448455319940257,fDOM,R.U.,0,-0.40503658560246003,1.6498821175964857
MOBEAST064,T8,Control,Table 2,2024-06-03,06:00:00,7.083333333333333,bix,0.88243867293648,fDOM,R.U.,0,0.19575667563992105,0.686681997296559
MOBEAST064,T8,Control,Table 2,2024-06-03,06:00:00,7.083333333333333,hix,0.711857955882298,fDOM,R.U.,0,0.1878340278999825,0.5240239279823156
MOBEAST064,T8,Control,Table 2,2024-06-03,06:00:00,7.083333333333333,fpeak,0,fDOM,R.U.,0,-0.02610313582700095,0.02610313582700095
MOBEAST064,T8,Control,Table 2,2024-06-03,06:00:00,7.083333333333333,fi,1.88595765854143,fDOM,R.U.,0,0.09605262230630496,1.789905036235125
MOBEAST064,T8,Control,Table 2,2024-06-03,06:00:00,7.083333333333333,lignin,0,fDOM,R.U.,0,-0.0161691554702224,0.0161691554702224
MOBEAST064,T8,Control,Table 2,2024-06-03,06:00:00,7.083333333333333,N_N,0.83,nutrients,µmol/L,0,-0.28249999999999986,1.1124999999999998
MOBEAST064,T8,Control,Table 2,2024-06-03,06:00:00,7.083333333333333,NO2,0.08,nutrients,µmol/L,0,NA,NA
MOBEAST064,T8,Control,Table 2,2024-06-03,06:00:00,7.083333333333333,PO4,0.1,nutrients,µmol/L,0,0.023000000000000007,0.077
MOBEAST064,T8,Control,Table 2,2024-06-03,06:00:00,7.083333333333333,SiO2,0.21,nutrients,µmol/L,0,-0.3874541570500001,0.59745415705
MOBEAST064,T8,Control,Table 2,2024-06-03,06:00:00,7.083333333333333,NH3,0.44,nutrients,µmol/L,0,-2.888466844,3.328466844
MOBEAST064,T8,Control,Table 2,2024-06-03,06:00:00,7.083333333333333,NO3,0.75,nutrients,µmol/L,0,0.3263056239000001,0.4236943760999999
MOBEAST064,T8,Control,Table 2,2024-06-03,06:00:00,7.083333333333333,do_mg_l,4.01,residence time,NA,0,NA,NA
MOBEAST064,T8,Control,Table 2,2024-06-03,06:00:00,7.083333333333333,ta,2420.65,carbonate,NA,0,76.09000000000015,2344.56
MOBEAST064,T8,Control,Table 2,2024-06-03,06:00:00,7.083333333333333,dic_mmol_kg,2076.0401573366444,residence time,NA,0,NA,NA
MOBEAST064,T8,Control,Table 2,2024-06-03,06:00:00,7.083333333333333,ph,8.039772501065098,carbonate,NA,0,0.024494615761732064,8.015277885303366
MOBEAST064,T8,Control,Table 2,2024-06-03,06:00:00,7.083333333333333,AEGEAN-169_marine_group,0.0303,DNA,NA,0,0.0015500000000000028,0.028749999999999998
MOBEAST064,T8,Control,Table 2,2024-06-03,06:00:00,7.083333333333333,Actinomarinaceae,0.0146,DNA,NA,0,-0.002049999999999998,0.016649999999999998
MOBEAST064,T8,Control,Table 2,2024-06-03,06:00:00,7.083333333333333,Alcanivoracaceae,0,DNA,NA,0,-5e-4,5e-4
MOBEAST064,T8,Control,Table 2,2024-06-03,06:00:00,7.083333333333333,Alphaproteobacteria_unclassified,0,DNA,NA,0,0,0
MOBEAST064,T8,Control,Table 2,2024-06-03,06:00:00,7.083333333333333,Alteromonadaceae,0.0311,DNA,NA,0,-0.007499999999999996,0.038599999999999995
MOBEAST064,T8,Control,Table 2,2024-06-03,06:00:00,7.083333333333333,Alteromonadales_unclassified,0,DNA,NA,0,0,0
MOBEAST064,T8,Control,Table 2,2024-06-03,06:00:00,7.083333333333333,Anaerolineae_unclassified,0,DNA,NA,0,0,0
MOBEAST064,T8,Control,Table 2,2024-06-03,06:00:00,7.083333333333333,Arcobacteraceae,0,DNA,NA,0,0,0
MOBEAST064,T8,Control,Table 2,2024-06-03,06:00:00,7.083333333333333,Arenicellaceae,0,DNA,NA,0,-2e-4,2e-4
MOBEAST064,T8,Control,Table 2,2024-06-03,06:00:00,7.083333333333333,Bacteria_unclassified,0,DNA,NA,0,-5e-5,5e-5
MOBEAST064,T8,Control,Table 2,2024-06-03,06:00:00,7.083333333333333,Bacteriovoracaceae,0,DNA,NA,0,0,0
MOBEAST064,T8,Control,Table 2,2024-06-03,06:00:00,7.083333333333333,Bacteroidales_unclassified,0,DNA,NA,0,0,0
MOBEAST064,T8,Control,Table 2,2024-06-03,06:00:00,7.083333333333333,Bacteroidetes_BD2-2,0,DNA,NA,0,0,0
MOBEAST064,T8,Control,Table 2,2024-06-03,06:00:00,7.083333333333333,Bacteroidia_unclassified,0,DNA,NA,0,0,0
MOBEAST064,T8,Control,Table 2,2024-06-03,06:00:00,7.083333333333333,Bradymonadales_fa,0,DNA,NA,0,0,0
MOBEAST064,T8,Control,Table 2,2024-06-03,06:00:00,7.083333333333333,Campylobacterales_unclassified,0,DNA,NA,0,0,0
MOBEAST064,T8,Control,Table 2,2024-06-03,06:00:00,7.083333333333333,Campylobacteria_unclassified,0,DNA,NA,0,0,0
MOBEAST064,T8,Control,Table 2,2024-06-03,06:00:00,7.083333333333333,Cellvibrionaceae,0.006,DNA,NA,0,0.00285,0.00315
MOBEAST064,T8,Control,Table 2,2024-06-03,06:00:00,7.083333333333333,Clade_I,0.0423,DNA,NA,0,0.004799999999999999,0.0375
MOBEAST064,T8,Control,Table 2,2024-06-03,06:00:00,7.083333333333333,Clade_IV,0.0019,DNA,NA,0,-4.9999999999999914e-5,0.00195
MOBEAST064,T8,Control,Table 2,2024-06-03,06:00:00,7.083333333333333,Colwelliaceae,0,DNA,NA,0,0,0
MOBEAST064,T8,Control,Table 2,2024-06-03,06:00:00,7.083333333333333,Cyanobiaceae,0.349,DNA,NA,0,-0.017900000000000027,0.3669
MOBEAST064,T8,Control,Table 2,2024-06-03,06:00:00,7.083333333333333,Cyclobacteriaceae,9e-4,DNA,NA,0,0,9e-4
MOBEAST064,T8,Control,Table 2,2024-06-03,06:00:00,7.083333333333333,Deltaproteobacteria_unclassified,0,DNA,NA,0,0,0
MOBEAST064,T8,Control,Table 2,2024-06-03,06:00:00,7.083333333333333,Desulfovibrionaceae,0,DNA,NA,0,0,0
MOBEAST064,T8,Control,Table 2,2024-06-03,06:00:00,7.083333333333333,Desulfuromonadaceae,0,DNA,NA,0,0,0
MOBEAST064,T8,Control,Table 2,2024-06-03,06:00:00,7.083333333333333,Endozoicomonadaceae,7e-4,DNA,NA,0,3e-4,4e-4
MOBEAST064,T8,Control,Table 2,2024-06-03,06:00:00,7.083333333333333,Flavobacteriaceae,0.0791,DNA,NA,0,NA,NA
MOBEAST064,T8,Control,Table 2,2024-06-03,06:00:00,7.083333333333333,Francisellaceae,2e-4,DNA,NA,0,2e-4,0
MOBEAST064,T8,Control,Table 2,2024-06-03,06:00:00,7.083333333333333,Gammaproteobacteria_unclassified,0.0021,DNA,NA,0,-0.0030000000000000005,0.0051
MOBEAST064,T8,Control,Table 2,2024-06-03,06:00:00,7.083333333333333,Halieaceae,0.02049999999999999,DNA,NA,0,3.9999999999999064e-4,0.0201
MOBEAST064,T8,Control,Table 2,2024-06-03,06:00:00,7.083333333333333,Halomonadaceae,0,DNA,NA,0,0,0
MOBEAST064,T8,Control,Table 2,2024-06-03,06:00:00,7.083333333333333,Helicobacteraceae,0,DNA,NA,0,0,0
MOBEAST064,T8,Control,Table 2,2024-06-03,06:00:00,7.083333333333333,Hyphomonadaceae,6e-4,DNA,NA,0,6e-4,0
MOBEAST064,T8,Control,Table 2,2024-06-03,06:00:00,7.083333333333333,Idiomarinaceae,0,DNA,NA,0,0,0
MOBEAST064,T8,Control,Table 2,2024-06-03,06:00:00,7.083333333333333,JGI_0000069-P22_fa,0,DNA,NA,0,-0.0021,0.0021
MOBEAST064,T8,Control,Table 2,2024-06-03,06:00:00,7.083333333333333,Kiritimatiellaceae,0,DNA,NA,0,0,0
MOBEAST064,T8,Control,Table 2,2024-06-03,06:00:00,7.083333333333333,Leptotrichiaceae,0,DNA,NA,0,0,0
MOBEAST064,T8,Control,Table 2,2024-06-03,06:00:00,7.083333333333333,Litoricolaceae,0.0045,DNA,NA,0,0.00145,0.0030499999999999998
MOBEAST064,T8,Control,Table 2,2024-06-03,06:00:00,7.083333333333333,Marinifilaceae,0,DNA,NA,0,0,0
MOBEAST064,T8,Control,Table 2,2024-06-03,06:00:00,7.083333333333333,Marinilabiliaceae,0,DNA,NA,0,0,0
MOBEAST064,T8,Control,Table 2,2024-06-03,06:00:00,7.083333333333333,Marinimicrobia_(SAR406_clade)_fa,0.0101,DNA,NA,0,-5.999999999999998e-4,0.0107
MOBEAST064,T8,Control,Table 2,2024-06-03,06:00:00,7.083333333333333,Marinobacteraceae,0,DNA,NA,0,0,0
MOBEAST064,T8,Control,Table 2,2024-06-03,06:00:00,7.083333333333333,Marinomonadaceae,0,DNA,NA,0,0,0
MOBEAST064,T8,Control,Table 2,2024-06-03,06:00:00,7.083333333333333,Methylophilaceae,0.0068,DNA,NA,0,0.0012499999999999994,0.00555
MOBEAST064,T8,Control,Table 2,2024-06-03,06:00:00,7.083333333333333,Micavibrionaceae,0,DNA,NA,0,0,0
MOBEAST064,T8,Control,Table 2,2024-06-03,06:00:00,7.083333333333333,Microtrichaceae,0.0042,DNA,NA,0,1.9999999999999966e-4,0.004
MOBEAST064,T8,Control,Table 2,2024-06-03,06:00:00,7.083333333333333,Moraxellaceae,0,DNA,NA,0,0,0
MOBEAST064,T8,Control,Table 2,2024-06-03,06:00:00,7.083333333333333,NS9_marine_group,0.0054,DNA,NA,0,NA,NA
MOBEAST064,T8,Control,Table 2,2024-06-03,06:00:00,7.083333333333333,Nannocystaceae,3e-4,DNA,NA,0,-2.0000000000000004e-4,5e-4
MOBEAST064,T8,Control,Table 2,2024-06-03,06:00:00,7.083333333333333,Nitrincolaceae,0.0203,DNA,NA,0,0.019300000000000005,9.99999999999995e-4
MOBEAST064,T8,Control,Table 2,2024-06-03,06:00:00,7.083333333333333,Nitrosopumilaceae,7e-4,DNA,NA,0,2.5e-4,4.5e-4
MOBEAST064,T8,Control,Table 2,2024-06-03,06:00:00,7.083333333333333,OM182_clade_fa,0.0054,DNA,NA,0,8.500000000000001e-4,0.00455
MOBEAST064,T8,Control,Table 2,2024-06-03,06:00:00,7.083333333333333,Oleiphilaceae,8e-4,DNA,NA,0,-5.5e-4,0.00135
MOBEAST064,T8,Control,Table 2,2024-06-03,06:00:00,7.083333333333333,Oligoflexaceae,0.001,DNA,NA,0,-2.999999999999999e-4,0.0013
MOBEAST064,T8,Control,Table 2,2024-06-03,06:00:00,7.083333333333333,Pirellulaceae,0.003,DNA,NA,0,-0.0020499999999999997,0.00505
MOBEAST064,T8,Control,Table 2,2024-06-03,06:00:00,7.083333333333333,Piscirickettsiaceae,8e-4,DNA,NA,0,4e-4,4e-4
MOBEAST064,T8,Control,Table 2,2024-06-03,06:00:00,7.083333333333333,Prolixibacteraceae,0,DNA,NA,0,0,0
MOBEAST064,T8,Control,Table 2,2024-06-03,06:00:00,7.083333333333333,Proteobacteria_unclassified,0.0021,DNA,NA,0,-7.500000000000002e-4,0.00285
MOBEAST064,T8,Control,Table 2,2024-06-03,06:00:00,7.083333333333333,Pseudoalteromonadaceae,4e-4,DNA,NA,0,1.0000000000000005e-4,3e-4
MOBEAST064,T8,Control,Table 2,2024-06-03,06:00:00,7.083333333333333,Pseudohongiellaceae,0.0021,DNA,NA,0,-4.500000000000003e-4,0.00255
MOBEAST064,T8,Control,Table 2,2024-06-03,06:00:00,7.083333333333333,Pseudomonadaceae,0,DNA,NA,0,0,0
MOBEAST064,T8,Control,Table 2,2024-06-03,06:00:00,7.083333333333333,Puniceicoccaceae,0,DNA,NA,0,0,0
MOBEAST064,T8,Control,Table 2,2024-06-03,06:00:00,7.083333333333333,Rhizobiaceae,0,DNA,NA,0,0,0
MOBEAST064,T8,Control,Table 2,2024-06-03,06:00:00,7.083333333333333,Rhodobacteraceae,0.05509999999999999,DNA,NA,0,-6.500000000000117e-4,0.05575
MOBEAST064,T8,Control,Table 2,2024-06-03,06:00:00,7.083333333333333,Rhodospirillaceae,0,DNA,NA,0,0,0
MOBEAST064,T8,Control,Table 2,2024-06-03,06:00:00,7.083333333333333,Rubinisphaeraceae,9e-4,DNA,NA,0,-1.0000000000000005e-4,0.001
MOBEAST064,T8,Control,Table 2,2024-06-03,06:00:00,7.083333333333333,S25-593,0.001,DNA,NA,0,-9.999999999999983e-5,0.0010999999999999998
MOBEAST064,T8,Control,Table 2,2024-06-03,06:00:00,7.083333333333333,SAR116_clade,0.05509999999999999,DNA,NA,0,0.0045499999999999916,0.05055
MOBEAST064,T8,Control,Table 2,2024-06-03,06:00:00,7.083333333333333,SAR202_clade_fa,6e-4,DNA,NA,0,-5.000000000000002e-5,6.5e-4
MOBEAST064,T8,Control,Table 2,2024-06-03,06:00:00,7.083333333333333,SAR324_clade(Marine_group_B)_fa,8e-4,DNA,NA,0,-1.5000000000000007e-4,9.500000000000001e-4
MOBEAST064,T8,Control,Table 2,2024-06-03,06:00:00,7.083333333333333,SAR86_clade_fa,0.0636,DNA,NA,0,0.006150000000000003,0.05745
MOBEAST064,T8,Control,Table 2,2024-06-03,06:00:00,7.083333333333333,Saccharospirillaceae,0.0255,DNA,NA,0,-0.0067500000000000025,0.03225
MOBEAST064,T8,Control,Table 2,2024-06-03,06:00:00,7.083333333333333,Saprospiraceae,0,DNA,NA,0,0,0
MOBEAST064,T8,Control,Table 2,2024-06-03,06:00:00,7.083333333333333,Sphingomonadaceae,0,DNA,NA,0,0,0
MOBEAST064,T8,Control,Table 2,2024-06-03,06:00:00,7.083333333333333,Spirochaetaceae,0,DNA,NA,0,0,0
MOBEAST064,T8,Control,Table 2,2024-06-03,06:00:00,7.083333333333333,Spongiibacteraceae,0,DNA,NA,0,0,0
MOBEAST064,T8,Control,Table 2,2024-06-03,06:00:00,7.083333333333333,Stappiaceae,0,DNA,NA,0,0,0
MOBEAST064,T8,Control,Table 2,2024-06-03,06:00:00,7.083333333333333,Terasakiellaceae,0,DNA,NA,0,0,0
MOBEAST064,T8,Control,Table 2,2024-06-03,06:00:00,7.083333333333333,Thalassospiraceae,0,DNA,NA,0,0,0
MOBEAST064,T8,Control,Table 2,2024-06-03,06:00:00,7.083333333333333,Thiomicrospiraceae,0,DNA,NA,0,0,0
MOBEAST064,T8,Control,Table 2,2024-06-03,06:00:00,7.083333333333333,Vibrionaceae,0.003,DNA,NA,0,5.999999999999998e-4,0.0024000000000000002
MOBEAST064,T8,Control,Table 2,2024-06-03,06:00:00,7.083333333333333,Woesearchaeia_fa,0,DNA,NA,0,-9.500000000000001e-4,9.500000000000001e-4
MOBEAST064,T8,Control,Table 2,2024-06-03,06:00:00,7.083333333333333,uncultured_fa,7e-4,DNA,NA,0,4.5e-4,2.5e-4
MOBEAST065,T9,Coral,Table 1,2024-06-03,06:00:00,7.1,het_bact,455.8,FCM,cell/µL,0,-11.079999999999984,466.88
MOBEAST065,T9,Coral,Table 1,2024-06-03,06:00:00,7.1,pico_euk,0.45,FCM,cell/µL,0,0.20850000000000002,0.2415
MOBEAST065,T9,Coral,Table 1,2024-06-03,06:00:00,7.1,syn,99.25,FCM,cell/µL,0,-3.6740000000000066,102.924
MOBEAST065,T9,Coral,Table 1,2024-06-03,06:00:00,7.1,pro,21.8,FCM,cell/µL,0,1.1164999999999985,20.683500000000002
MOBEAST065,T9,Coral,Table 1,2024-06-03,06:00:00,7.1,tot_bact,576.85,FCM,cell/µL,0,-13.638000000000034,590.488
MOBEAST065,T9,Coral,Table 1,2024-06-03,06:00:00,7.1,cyano,121.05,FCM,cell/µL,0,-2.5574999999999903,123.60749999999999
MOBEAST065,T9,Coral,Table 1,2024-06-03,06:00:00,7.1,chla_conc,0.02039999999999999,chla,µg/L,0,0.006999999999999992,0.013399999999999999
MOBEAST065,T9,Coral,Table 1,2024-06-03,06:00:00,7.1,tn_u_m,18.0770631197927,DOC,µmol/L,0,7.972613106584701,10.104450013208
MOBEAST065,T9,Coral,Table 1,2024-06-03,06:00:00,7.1,coble_a,0.00993009069939998,fDOM,R.U.,0,-4.92784226874576e-4,0.010422874926274556
MOBEAST065,T9,Coral,Table 1,2024-06-03,06:00:00,7.1,coble_b,0.0783142370174874,fDOM,R.U.,0,0.007380911287656347,0.07093332572983105
MOBEAST065,T9,Coral,Table 1,2024-06-03,06:00:00,7.1,coble_c,0.00943418983455041,fDOM,R.U.,0,0.0019205254749330653,0.007513664359617345
MOBEAST065,T9,Coral,Table 1,2024-06-03,06:00:00,7.1,coble_m,0.0128851947456015,fDOM,R.U.,0,5.162039838179991e-4,0.0123689907617835
MOBEAST065,T9,Coral,Table 1,2024-06-03,06:00:00,7.1,coble_t,0.0313939801714302,fDOM,R.U.,0,-0.0380720795236418,0.069466059695072
MOBEAST065,T9,Coral,Table 1,2024-06-03,06:00:00,7.1,m_to_c,1.3657976966302532,fDOM,R.U.,0,-0.28408442096623254,1.6498821175964857
MOBEAST065,T9,Coral,Table 1,2024-06-03,06:00:00,7.1,bix,0.776302506033111,fDOM,R.U.,0,0.08962050873655203,0.686681997296559
MOBEAST065,T9,Coral,Table 1,2024-06-03,06:00:00,7.1,hix,0.713140330762212,fDOM,R.U.,0,0.1891164027798964,0.5240239279823156
MOBEAST065,T9,Coral,Table 1,2024-06-03,06:00:00,7.1,fpeak,0.0207898573833687,fDOM,R.U.,0,-0.00531327844363225,0.02610313582700095
MOBEAST065,T9,Coral,Table 1,2024-06-03,06:00:00,7.1,fi,2.01897418741011,fDOM,R.U.,0,0.22906915117498516,1.789905036235125
MOBEAST065,T9,Coral,Table 1,2024-06-03,06:00:00,7.1,lignin,0,fDOM,R.U.,0,-0.0161691554702224,0.0161691554702224
MOBEAST065,T9,Coral,Table 1,2024-06-03,06:00:00,7.1,N_N,0.48,nutrients,µmol/L,0,-0.6324999999999998,1.1124999999999998
MOBEAST065,T9,Coral,Table 1,2024-06-03,06:00:00,7.1,NO2,0.01,nutrients,µmol/L,0,NA,NA
MOBEAST065,T9,Coral,Table 1,2024-06-03,06:00:00,7.1,PO4,0.09,nutrients,µmol/L,0,0.012999999999999998,0.077
MOBEAST065,T9,Coral,Table 1,2024-06-03,06:00:00,7.1,SiO2,0.12,nutrients,µmol/L,0,-0.47745415705000005,0.59745415705
MOBEAST065,T9,Coral,Table 1,2024-06-03,06:00:00,7.1,NH3,0.19,nutrients,µmol/L,0,-3.138466844,3.328466844
MOBEAST065,T9,Coral,Table 1,2024-06-03,06:00:00,7.1,NO3,0.47,nutrients,µmol/L,0,0.04630562390000009,0.4236943760999999
MOBEAST065,T9,Coral,Table 1,2024-06-03,06:00:00,7.1,ph_diff,5.044518669183873e-4,carbonate,NA,0,5.044518669183873e-4,0
MOBEAST065,T9,Coral,Table 1,2024-06-03,06:00:00,7.1,delta_ta,12.472000000000207,carbonate,NA,0,12.472000000000207,0
MOBEAST065,T9,Coral,Table 1,2024-06-03,06:00:00,7.1,do_mg_l,4.03,residence time,NA,0,NA,NA
MOBEAST065,T9,Coral,Table 1,2024-06-03,06:00:00,7.1,ta,2358.585,carbonate,NA,0,14.025000000000091,2344.56
MOBEAST065,T9,Coral,Table 1,2024-06-03,06:00:00,7.1,dic_mmol_kg,2030.2059294059093,residence time,NA,0,NA,NA
MOBEAST065,T9,Coral,Table 1,2024-06-03,06:00:00,7.1,ph,8.017345509593863,carbonate,NA,0,0.0020676242904968944,8.015277885303366
MOBEAST065,T9,Coral,Table 1,2024-06-03,06:00:00,7.1,AEGEAN-169_marine_group,0.0332,DNA,NA,0,0.0044500000000000026,0.028749999999999998
MOBEAST065,T9,Coral,Table 1,2024-06-03,06:00:00,7.1,Alcanivoracaceae,0,DNA,NA,0,-5e-4,5e-4
MOBEAST065,T9,Coral,Table 1,2024-06-03,06:00:00,7.1,Alphaproteobacteria_unclassified,5e-4,DNA,NA,0,5e-4,0
MOBEAST065,T9,Coral,Table 1,2024-06-03,06:00:00,7.1,Alteromonadaceae,0.01949999999999999,DNA,NA,0,-0.019100000000000006,0.038599999999999995
MOBEAST065,T9,Coral,Table 1,2024-06-03,06:00:00,7.1,Alteromonadales_unclassified,6e-4,DNA,NA,0,6e-4,0
MOBEAST065,T9,Coral,Table 1,2024-06-03,06:00:00,7.1,Anaerolineae_unclassified,5e-4,DNA,NA,0,5e-4,0
MOBEAST065,T9,Coral,Table 1,2024-06-03,06:00:00,7.1,Arcobacteraceae,0.0012,DNA,NA,0,0.0012,0
MOBEAST065,T9,Coral,Table 1,2024-06-03,06:00:00,7.1,Arctic97B-4_marine_group_fa,0.003,DNA,NA,0,-5.999999999999998e-4,0.0036
MOBEAST065,T9,Coral,Table 1,2024-06-03,06:00:00,7.1,Arenicellaceae,4e-4,DNA,NA,0,2e-4,2e-4
MOBEAST065,T9,Coral,Table 1,2024-06-03,06:00:00,7.1,Bacteria_unclassified,0.003,DNA,NA,0,0.00295,5e-5
MOBEAST065,T9,Coral,Table 1,2024-06-03,06:00:00,7.1,Bacteriovoracaceae,3e-4,DNA,NA,0,3e-4,0
MOBEAST065,T9,Coral,Table 1,2024-06-03,06:00:00,7.1,Bacteroidales_unclassified,0,DNA,NA,0,0,0
MOBEAST065,T9,Coral,Table 1,2024-06-03,06:00:00,7.1,Bacteroidetes_BD2-2,2e-4,DNA,NA,0,2e-4,0
MOBEAST065,T9,Coral,Table 1,2024-06-03,06:00:00,7.1,Bacteroidia_unclassified,0,DNA,NA,0,0,0
MOBEAST065,T9,Coral,Table 1,2024-06-03,06:00:00,7.1,Bradymonadales_fa,0,DNA,NA,0,0,0
MOBEAST065,T9,Coral,Table 1,2024-06-03,06:00:00,7.1,Campylobacterales_unclassified,0,DNA,NA,0,0,0
MOBEAST065,T9,Coral,Table 1,2024-06-03,06:00:00,7.1,Campylobacteria_unclassified,8e-4,DNA,NA,0,8e-4,0
MOBEAST065,T9,Coral,Table 1,2024-06-03,06:00:00,7.1,Cellvibrionaceae,9e-4,DNA,NA,0,-0.0022500000000000003,0.00315
MOBEAST065,T9,Coral,Table 1,2024-06-03,06:00:00,7.1,Clade_I,0.0416,DNA,NA,0,0.0040999999999999995,0.0375
MOBEAST065,T9,Coral,Table 1,2024-06-03,06:00:00,7.1,Clade_II,0.0176,DNA,NA,0,0.0034500000000000017,0.01415
MOBEAST065,T9,Coral,Table 1,2024-06-03,06:00:00,7.1,Clade_IV,0.0013,DNA,NA,0,-6.5e-4,0.00195
MOBEAST065,T9,Coral,Table 1,2024-06-03,06:00:00,7.1,Colwelliaceae,0,DNA,NA,0,0,0
MOBEAST065,T9,Coral,Table 1,2024-06-03,06:00:00,7.1,Cyanobiaceae,0.3694,DNA,NA,0,0.0025000000000000022,0.3669
MOBEAST065,T9,Coral,Table 1,2024-06-03,06:00:00,7.1,Cyclobacteriaceae,8e-4,DNA,NA,0,-9.999999999999994e-5,9e-4
MOBEAST065,T9,Coral,Table 1,2024-06-03,06:00:00,7.1,Deltaproteobacteria_unclassified,0,DNA,NA,0,0,0
MOBEAST065,T9,Coral,Table 1,2024-06-03,06:00:00,7.1,Desulfovibrionaceae,6e-4,DNA,NA,0,6e-4,0
MOBEAST065,T9,Coral,Table 1,2024-06-03,06:00:00,7.1,Desulfuromonadaceae,0,DNA,NA,0,0,0
MOBEAST065,T9,Coral,Table 1,2024-06-03,06:00:00,7.1,Ectothiorhodospiraceae,0.0028,DNA,NA,0,2.499999999999998e-4,0.00255
MOBEAST065,T9,Coral,Table 1,2024-06-03,06:00:00,7.1,Endozoicomonadaceae,3e-4,DNA,NA,0,-1.0000000000000005e-4,4e-4
MOBEAST065,T9,Coral,Table 1,2024-06-03,06:00:00,7.1,Flavobacteriaceae,0.07139999999999999,DNA,NA,0,NA,NA
MOBEAST065,T9,Coral,Table 1,2024-06-03,06:00:00,7.1,Francisellaceae,0,DNA,NA,0,0,0
MOBEAST065,T9,Coral,Table 1,2024-06-03,06:00:00,7.1,Gammaproteobacteria_unclassified,0.0021,DNA,NA,0,-0.0030000000000000005,0.0051
MOBEAST065,T9,Coral,Table 1,2024-06-03,06:00:00,7.1,Halieaceae,0.0185,DNA,NA,0,-0.0016000000000000007,0.0201
MOBEAST065,T9,Coral,Table 1,2024-06-03,06:00:00,7.1,Halomonadaceae,0,DNA,NA,0,0,0
MOBEAST065,T9,Coral,Table 1,2024-06-03,06:00:00,7.1,Helicobacteraceae,0,DNA,NA,0,0,0
MOBEAST065,T9,Coral,Table 1,2024-06-03,06:00:00,7.1,Hyphomonadaceae,6e-4,DNA,NA,0,6e-4,0
MOBEAST065,T9,Coral,Table 1,2024-06-03,06:00:00,7.1,Idiomarinaceae,0,DNA,NA,0,0,0
MOBEAST065,T9,Coral,Table 1,2024-06-03,06:00:00,7.1,JGI_0000069-P22_fa,0,DNA,NA,0,-0.0021,0.0021
MOBEAST065,T9,Coral,Table 1,2024-06-03,06:00:00,7.1,KI89A_clade_fa,3e-4,DNA,NA,0,-1.5000000000000001e-4,4.5e-4
MOBEAST065,T9,Coral,Table 1,2024-06-03,06:00:00,7.1,Kiritimatiellaceae,0,DNA,NA,0,0,0
MOBEAST065,T9,Coral,Table 1,2024-06-03,06:00:00,7.1,Leptotrichiaceae,1e-4,DNA,NA,0,1e-4,0
MOBEAST065,T9,Coral,Table 1,2024-06-03,06:00:00,7.1,Litoricolaceae,0.0037,DNA,NA,0,6.500000000000004e-4,0.0030499999999999998
MOBEAST065,T9,Coral,Table 1,2024-06-03,06:00:00,7.1,Marine_Group_II_fa,0.06650000000000002,DNA,NA,0,-0.004299999999999984,0.0708
MOBEAST065,T9,Coral,Table 1,2024-06-03,06:00:00,7.1,Marinifilaceae,0,DNA,NA,0,0,0
MOBEAST065,T9,Coral,Table 1,2024-06-03,06:00:00,7.1,Marinilabiliaceae,3e-4,DNA,NA,0,3e-4,0
MOBEAST065,T9,Coral,Table 1,2024-06-03,06:00:00,7.1,Marinimicrobia_(SAR406_clade)_fa,0.0093,DNA,NA,0,-0.0014000000000000002,0.0107
MOBEAST065,T9,Coral,Table 1,2024-06-03,06:00:00,7.1,Marinobacteraceae,0,DNA,NA,0,0,0
MOBEAST065,T9,Coral,Table 1,2024-06-03,06:00:00,7.1,Marinomonadaceae,0,DNA,NA,0,0,0
MOBEAST065,T9,Coral,Table 1,2024-06-03,06:00:00,7.1,Methylophilaceae,0.0071,DNA,NA,0,0.0015500000000000002,0.00555
MOBEAST065,T9,Coral,Table 1,2024-06-03,06:00:00,7.1,Micavibrionaceae,5e-4,DNA,NA,0,5e-4,0
MOBEAST065,T9,Coral,Table 1,2024-06-03,06:00:00,7.1,Microtrichaceae,0.0045,DNA,NA,0,4.999999999999996e-4,0.004
MOBEAST065,T9,Coral,Table 1,2024-06-03,06:00:00,7.1,Moraxellaceae,0,DNA,NA,0,0,0
MOBEAST065,T9,Coral,Table 1,2024-06-03,06:00:00,7.1,NS7_marine_group,7e-4,DNA,NA,0,-5.000000000000002e-5,7.5e-4
MOBEAST065,T9,Coral,Table 1,2024-06-03,06:00:00,7.1,NS9_marine_group,0.0062,DNA,NA,0,NA,NA
MOBEAST065,T9,Coral,Table 1,2024-06-03,06:00:00,7.1,Nitrincolaceae,0.0128,DNA,NA,0,0.011800000000000005,9.99999999999995e-4
MOBEAST065,T9,Coral,Table 1,2024-06-03,06:00:00,7.1,Nitrosopumilaceae,2e-4,DNA,NA,0,-2.5e-4,4.5e-4
MOBEAST065,T9,Coral,Table 1,2024-06-03,06:00:00,7.1,Oleiphilaceae,8e-4,DNA,NA,0,-5.5e-4,0.00135
MOBEAST065,T9,Coral,Table 1,2024-06-03,06:00:00,7.1,Oligoflexaceae,0.001,DNA,NA,0,-2.999999999999999e-4,0.0013
MOBEAST065,T9,Coral,Table 1,2024-06-03,06:00:00,7.1,Pirellulaceae,0.0028,DNA,NA,0,-0.00225,0.00505
MOBEAST065,T9,Coral,Table 1,2024-06-03,06:00:00,7.1,Piscirickettsiaceae,8e-4,DNA,NA,0,4e-4,4e-4
MOBEAST065,T9,Coral,Table 1,2024-06-03,06:00:00,7.1,Prolixibacteraceae,0,DNA,NA,0,0,0
MOBEAST065,T9,Coral,Table 1,2024-06-03,06:00:00,7.1,Proteobacteria_unclassified,0.0029,DNA,NA,0,4.99999999999997e-5,0.00285
MOBEAST065,T9,Coral,Table 1,2024-06-03,06:00:00,7.1,Pseudoalteromonadaceae,0,DNA,NA,0,-3e-4,3e-4
MOBEAST065,T9,Coral,Table 1,2024-06-03,06:00:00,7.1,Pseudohongiellaceae,0.0024,DNA,NA,0,-1.500000000000004e-4,0.00255
MOBEAST065,T9,Coral,Table 1,2024-06-03,06:00:00,7.1,Pseudomonadaceae,0,DNA,NA,0,0,0
MOBEAST065,T9,Coral,Table 1,2024-06-03,06:00:00,7.1,Puniceicoccaceae,3e-4,DNA,NA,0,3e-4,0
MOBEAST065,T9,Coral,Table 1,2024-06-03,06:00:00,7.1,Rhizobiaceae,0,DNA,NA,0,0,0
MOBEAST065,T9,Coral,Table 1,2024-06-03,06:00:00,7.1,Rhodobacteraceae,0.0603,DNA,NA,0,0.0045499999999999985,0.05575
MOBEAST065,T9,Coral,Table 1,2024-06-03,06:00:00,7.1,Rhodospirillaceae,0,DNA,NA,0,0,0
MOBEAST065,T9,Coral,Table 1,2024-06-03,06:00:00,7.1,Rubinisphaeraceae,0.001,DNA,NA,0,0,0.001
MOBEAST065,T9,Coral,Table 1,2024-06-03,06:00:00,7.1,S25-593,0.0011,DNA,NA,0,2.168404344971009e-19,0.0010999999999999998
MOBEAST065,T9,Coral,Table 1,2024-06-03,06:00:00,7.1,SAR116_clade,0.0599,DNA,NA,0,0.009350000000000004,0.05055
MOBEAST065,T9,Coral,Table 1,2024-06-03,06:00:00,7.1,SAR202_clade_fa,6e-4,DNA,NA,0,-5.000000000000002e-5,6.5e-4
MOBEAST065,T9,Coral,Table 1,2024-06-03,06:00:00,7.1,SAR324_clade(Marine_group_B)_fa,0.0016,DNA,NA,0,6.5e-4,9.500000000000001e-4
MOBEAST065,T9,Coral,Table 1,2024-06-03,06:00:00,7.1,SAR86_clade_fa,0.0523,DNA,NA,0,-0.005150000000000002,0.05745
MOBEAST065,T9,Coral,Table 1,2024-06-03,06:00:00,7.1,Saccharospirillaceae,0.04,DNA,NA,0,0.00775,0.03225
MOBEAST065,T9,Coral,Table 1,2024-06-03,06:00:00,7.1,Saprospiraceae,0,DNA,NA,0,0,0
MOBEAST065,T9,Coral,Table 1,2024-06-03,06:00:00,7.1,Sphingomonadaceae,0,DNA,NA,0,0,0
MOBEAST065,T9,Coral,Table 1,2024-06-03,06:00:00,7.1,Spirochaetaceae,0,DNA,NA,0,0,0
MOBEAST065,T9,Coral,Table 1,2024-06-03,06:00:00,7.1,Spongiibacteraceae,0,DNA,NA,0,0,0
MOBEAST065,T9,Coral,Table 1,2024-06-03,06:00:00,7.1,Stappiaceae,0,DNA,NA,0,0,0
MOBEAST065,T9,Coral,Table 1,2024-06-03,06:00:00,7.1,Terasakiellaceae,5e-4,DNA,NA,0,5e-4,0
MOBEAST065,T9,Coral,Table 1,2024-06-03,06:00:00,7.1,Thalassospiraceae,1e-4,DNA,NA,0,1e-4,0
MOBEAST065,T9,Coral,Table 1,2024-06-03,06:00:00,7.1,Thiomicrospiraceae,0,DNA,NA,0,0,0
MOBEAST065,T9,Coral,Table 1,2024-06-03,06:00:00,7.1,Vibrionaceae,0.00409999999999999,DNA,NA,0,0.0016999999999999897,0.0024000000000000002
MOBEAST065,T9,Coral,Table 1,2024-06-03,06:00:00,7.1,Woesearchaeia_fa,0,DNA,NA,0,-9.500000000000001e-4,9.500000000000001e-4
MOBEAST065,T9,Coral,Table 1,2024-06-03,06:00:00,7.1,uncultured_fa,5e-4,DNA,NA,0,2.5e-4,2.5e-4
MOBEAST066,T10,CCA,Table 1,2024-06-03,06:00:00,8.933333333333334,het_bact,420.85,FCM,cell/µL,0,-46.02999999999997,466.88
MOBEAST066,T10,CCA,Table 1,2024-06-03,06:00:00,8.933333333333334,pico_euk,0.25,FCM,cell/µL,0,0.008500000000000008,0.2415
MOBEAST066,T10,CCA,Table 1,2024-06-03,06:00:00,8.933333333333334,syn,88.9,FCM,cell/µL,0,-14.024000000000001,102.924
MOBEAST066,T10,CCA,Table 1,2024-06-03,06:00:00,8.933333333333334,pro,17.883,FCM,cell/µL,0,-2.800500000000003,20.683500000000002
MOBEAST066,T10,CCA,Table 1,2024-06-03,06:00:00,8.933333333333334,tot_bact,527.633,FCM,cell/µL,0,-62.85500000000002,590.488
MOBEAST066,T10,CCA,Table 1,2024-06-03,06:00:00,8.933333333333334,cyano,106.78300000000002,FCM,cell/µL,0,-16.824499999999972,123.60749999999999
MOBEAST066,T10,CCA,Table 1,2024-06-03,06:00:00,8.933333333333334,chla_conc,0.0516,chla,µg/L,0,0.0382,0.013399999999999999
MOBEAST066,T10,CCA,Table 1,2024-06-03,06:00:00,8.933333333333334,tn_u_m,21.5325522785524,DOC,µmol/L,0,11.428102265344402,10.104450013208
MOBEAST066,T10,CCA,Table 1,2024-06-03,06:00:00,8.933333333333334,coble_a,0.0113718797902874,fDOM,R.U.,0,9.490048640128437e-4,0.010422874926274556
MOBEAST066,T10,CCA,Table 1,2024-06-03,06:00:00,8.933333333333334,coble_b,0.0804167225282518,fDOM,R.U.,0,0.009483396798420751,0.07093332572983105
MOBEAST066,T10,CCA,Table 1,2024-06-03,06:00:00,8.933333333333334,coble_c,0.0108313666355633,fDOM,R.U.,0,0.003317702275945955,0.007513664359617345
MOBEAST066,T10,CCA,Table 1,2024-06-03,06:00:00,8.933333333333334,coble_m,0.0132601724083159,fDOM,R.U.,0,8.911816465324001e-4,0.0123689907617835
MOBEAST066,T10,CCA,Table 1,2024-06-03,06:00:00,8.933333333333334,coble_t,0.0349832560294405,fDOM,R.U.,0,-0.034482803665631494,0.069466059695072
MOBEAST066,T10,CCA,Table 1,2024-06-03,06:00:00,8.933333333333334,m_to_c,1.2242381644415905,fDOM,R.U.,0,-0.4256439531548952,1.6498821175964857
MOBEAST066,T10,CCA,Table 1,2024-06-03,06:00:00,8.933333333333334,bix,0.7475097925937,fDOM,R.U.,0,0.060827795297140996,0.686681997296559
MOBEAST066,T10,CCA,Table 1,2024-06-03,06:00:00,8.933333333333334,fpeak,0.00530547414582612,fDOM,R.U.,0,-0.02079766168117483,0.02610313582700095
MOBEAST066,T10,CCA,Table 1,2024-06-03,06:00:00,8.933333333333334,fi,1.81086706985391,fDOM,R.U.,0,0.020962033618785014,1.789905036235125
MOBEAST066,T10,CCA,Table 1,2024-06-03,06:00:00,8.933333333333334,lignin,0.00881815834777619,fDOM,R.U.,0,-0.007350997122446211,0.0161691554702224
MOBEAST066,T10,CCA,Table 1,2024-06-03,06:00:00,8.933333333333334,N_N,0.6,nutrients,µmol/L,0,-0.5124999999999998,1.1124999999999998
MOBEAST066,T10,CCA,Table 1,2024-06-03,06:00:00,8.933333333333334,NO2,0.01,nutrients,µmol/L,0,NA,NA
MOBEAST066,T10,CCA,Table 1,2024-06-03,06:00:00,8.933333333333334,PO4,0.1,nutrients,µmol/L,0,0.023000000000000007,0.077
MOBEAST066,T10,CCA,Table 1,2024-06-03,06:00:00,8.933333333333334,SiO2,0.05,nutrients,µmol/L,0,-0.54745415705,0.59745415705
MOBEAST066,T10,CCA,Table 1,2024-06-03,06:00:00,8.933333333333334,NH3,0.21,nutrients,µmol/L,0,-3.118466844,3.328466844
MOBEAST066,T10,CCA,Table 1,2024-06-03,06:00:00,8.933333333333334,NO3,0.59,nutrients,µmol/L,0,0.1663056239000001,0.4236943760999999
MOBEAST066,T10,CCA,Table 1,2024-06-03,06:00:00,8.933333333333334,ph_diff,0.00231740013985337,carbonate,NA,0,0.00231740013985337,0
MOBEAST066,T10,CCA,Table 1,2024-06-03,06:00:00,8.933333333333334,delta_ta,-60.98399999999992,carbonate,NA,0,-60.98399999999992,0
MOBEAST066,T10,CCA,Table 1,2024-06-03,06:00:00,8.933333333333334,do_mg_l,4,residence time,NA,0,NA,NA
MOBEAST066,T10,CCA,Table 1,2024-06-03,06:00:00,8.933333333333334,ta,2285.129,carbonate,NA,0,-59.43100000000004,2344.56
MOBEAST066,T10,CCA,Table 1,2024-06-03,06:00:00,8.933333333333334,dic_mmol_kg,1964.0076529241223,residence time,NA,0,NA,NA
MOBEAST066,T10,CCA,Table 1,2024-06-03,06:00:00,8.933333333333334,ph,8.019614762735046,carbonate,NA,0,0.004336877431679653,8.015277885303366
MOBEAST066,T10,CCA,Table 1,2024-06-03,06:00:00,8.933333333333334,AEGEAN-169_marine_group,0.0229,DNA,NA,0,-0.0058499999999999976,0.028749999999999998
MOBEAST066,T10,CCA,Table 1,2024-06-03,06:00:00,8.933333333333334,Actinomarinaceae,0.0132,DNA,NA,0,-0.003449999999999998,0.016649999999999998
MOBEAST066,T10,CCA,Table 1,2024-06-03,06:00:00,8.933333333333334,Alcanivoracaceae,5e-4,DNA,NA,0,0,5e-4
MOBEAST066,T10,CCA,Table 1,2024-06-03,06:00:00,8.933333333333334,Alphaproteobacteria_unclassified,0.0013,DNA,NA,0,0.0013,0
MOBEAST066,T10,CCA,Table 1,2024-06-03,06:00:00,8.933333333333334,Alteromonadales_unclassified,3e-4,DNA,NA,0,3e-4,0
MOBEAST066,T10,CCA,Table 1,2024-06-03,06:00:00,8.933333333333334,Anaerolineae_unclassified,5e-4,DNA,NA,0,5e-4,0
MOBEAST066,T10,CCA,Table 1,2024-06-03,06:00:00,8.933333333333334,Arcobacteraceae,0.0048,DNA,NA,0,0.0048,0
MOBEAST066,T10,CCA,Table 1,2024-06-03,06:00:00,8.933333333333334,Arctic97B-4_marine_group_fa,0.0025,DNA,NA,0,-0.0010999999999999998,0.0036
MOBEAST066,T10,CCA,Table 1,2024-06-03,06:00:00,8.933333333333334,Arenicellaceae,0,DNA,NA,0,-2e-4,2e-4
MOBEAST066,T10,CCA,Table 1,2024-06-03,06:00:00,8.933333333333334,Bacteria_unclassified,4e-4,DNA,NA,0,3.5e-4,5e-5
MOBEAST066,T10,CCA,Table 1,2024-06-03,06:00:00,8.933333333333334,Bacteriovoracaceae,0.0012,DNA,NA,0,0.0012,0
MOBEAST066,T10,CCA,Table 1,2024-06-03,06:00:00,8.933333333333334,Bacteroidales_unclassified,0,DNA,NA,0,0,0
MOBEAST066,T10,CCA,Table 1,2024-06-03,06:00:00,8.933333333333334,Bacteroidetes_BD2-2,0,DNA,NA,0,0,0
MOBEAST066,T10,CCA,Table 1,2024-06-03,06:00:00,8.933333333333334,Bacteroidia_unclassified,0,DNA,NA,0,0,0
MOBEAST066,T10,CCA,Table 1,2024-06-03,06:00:00,8.933333333333334,Bradymonadales_fa,0,DNA,NA,0,0,0
MOBEAST066,T10,CCA,Table 1,2024-06-03,06:00:00,8.933333333333334,Campylobacterales_unclassified,0,DNA,NA,0,0,0
MOBEAST066,T10,CCA,Table 1,2024-06-03,06:00:00,8.933333333333334,Campylobacteria_unclassified,1e-4,DNA,NA,0,1e-4,0
MOBEAST066,T10,CCA,Table 1,2024-06-03,06:00:00,8.933333333333334,Cellvibrionaceae,0.0034,DNA,NA,0,2.499999999999998e-4,0.00315
MOBEAST066,T10,CCA,Table 1,2024-06-03,06:00:00,8.933333333333334,Clade_I,0.0318,DNA,NA,0,-0.005699999999999997,0.0375
MOBEAST066,T10,CCA,Table 1,2024-06-03,06:00:00,8.933333333333334,Clade_II,0.0143,DNA,NA,0,1.5000000000000083e-4,0.01415
MOBEAST066,T10,CCA,Table 1,2024-06-03,06:00:00,8.933333333333334,Clade_IV,0.0012,DNA,NA,0,-7.5e-4,0.00195
MOBEAST066,T10,CCA,Table 1,2024-06-03,06:00:00,8.933333333333334,Cryomorphaceae,0.0043,DNA,NA,0,-0.005600000000000001,0.0099
MOBEAST066,T10,CCA,Table 1,2024-06-03,06:00:00,8.933333333333334,Cyanobiaceae,0.25070000000000003,DNA,NA,0,-0.11619999999999997,0.3669
MOBEAST066,T10,CCA,Table 1,2024-06-03,06:00:00,8.933333333333334,Cyclobacteriaceae,8e-4,DNA,NA,0,-9.999999999999994e-5,9e-4
MOBEAST066,T10,CCA,Table 1,2024-06-03,06:00:00,8.933333333333334,Deltaproteobacteria_unclassified,0,DNA,NA,0,0,0
MOBEAST066,T10,CCA,Table 1,2024-06-03,06:00:00,8.933333333333334,Desulfovibrionaceae,3e-4,DNA,NA,0,3e-4,0
MOBEAST066,T10,CCA,Table 1,2024-06-03,06:00:00,8.933333333333334,Desulfuromonadaceae,0,DNA,NA,0,0,0
MOBEAST066,T10,CCA,Table 1,2024-06-03,06:00:00,8.933333333333334,Ectothiorhodospiraceae,0.0022,DNA,NA,0,-3.5000000000000005e-4,0.00255
MOBEAST066,T10,CCA,Table 1,2024-06-03,06:00:00,8.933333333333334,Endozoicomonadaceae,3e-4,DNA,NA,0,-1.0000000000000005e-4,4e-4
MOBEAST066,T10,CCA,Table 1,2024-06-03,06:00:00,8.933333333333334,Flavobacteriaceae,0.0586,DNA,NA,0,NA,NA
MOBEAST066,T10,CCA,Table 1,2024-06-03,06:00:00,8.933333333333334,Francisellaceae,0,DNA,NA,0,0,0
MOBEAST066,T10,CCA,Table 1,2024-06-03,06:00:00,8.933333333333334,Gammaproteobacteria_unclassified,0.0018,DNA,NA,0,-0.0033000000000000004,0.0051
MOBEAST066,T10,CCA,Table 1,2024-06-03,06:00:00,8.933333333333334,Halieaceae,0.013,DNA,NA,0,-0.0071,0.0201
MOBEAST066,T10,CCA,Table 1,2024-06-03,06:00:00,8.933333333333334,Halomonadaceae,0,DNA,NA,0,0,0
MOBEAST066,T10,CCA,Table 1,2024-06-03,06:00:00,8.933333333333334,Helicobacteraceae,0,DNA,NA,0,0,0
MOBEAST066,T10,CCA,Table 1,2024-06-03,06:00:00,8.933333333333334,Hyphomonadaceae,4e-4,DNA,NA,0,4e-4,0
MOBEAST066,T10,CCA,Table 1,2024-06-03,06:00:00,8.933333333333334,Idiomarinaceae,0,DNA,NA,0,0,0
MOBEAST066,T10,CCA,Table 1,2024-06-03,06:00:00,8.933333333333334,JGI_0000069-P22_fa,9e-4,DNA,NA,0,-0.0012,0.0021
MOBEAST066,T10,CCA,Table 1,2024-06-03,06:00:00,8.933333333333334,KI89A_clade_fa,5e-4,DNA,NA,0,5.000000000000002e-5,4.5e-4
MOBEAST066,T10,CCA,Table 1,2024-06-03,06:00:00,8.933333333333334,Kiritimatiellaceae,0,DNA,NA,0,0,0
MOBEAST066,T10,CCA,Table 1,2024-06-03,06:00:00,8.933333333333334,Leptotrichiaceae,0,DNA,NA,0,0,0
MOBEAST066,T10,CCA,Table 1,2024-06-03,06:00:00,8.933333333333334,Litoricolaceae,0.0039,DNA,NA,0,8.500000000000001e-4,0.0030499999999999998
MOBEAST066,T10,CCA,Table 1,2024-06-03,06:00:00,8.933333333333334,Marine_Group_II_fa,0.05309999999999999,DNA,NA,0,-0.017700000000000014,0.0708
MOBEAST066,T10,CCA,Table 1,2024-06-03,06:00:00,8.933333333333334,Marinifilaceae,0,DNA,NA,0,0,0
MOBEAST066,T10,CCA,Table 1,2024-06-03,06:00:00,8.933333333333334,Marinilabiliaceae,0,DNA,NA,0,0,0
MOBEAST066,T10,CCA,Table 1,2024-06-03,06:00:00,8.933333333333334,Marinimicrobia_(SAR406_clade)_fa,0.0058,DNA,NA,0,-0.0049,0.0107
MOBEAST066,T10,CCA,Table 1,2024-06-03,06:00:00,8.933333333333334,Marinobacteraceae,0,DNA,NA,0,0,0
MOBEAST066,T10,CCA,Table 1,2024-06-03,06:00:00,8.933333333333334,Marinomonadaceae,0,DNA,NA,0,0,0
MOBEAST066,T10,CCA,Table 1,2024-06-03,06:00:00,8.933333333333334,Methylophilaceae,0.005,DNA,NA,0,-5.500000000000001e-4,0.00555
MOBEAST066,T10,CCA,Table 1,2024-06-03,06:00:00,8.933333333333334,Micavibrionaceae,0,DNA,NA,0,0,0
MOBEAST066,T10,CCA,Table 1,2024-06-03,06:00:00,8.933333333333334,Microtrichaceae,0.0037,DNA,NA,0,-2.999999999999999e-4,0.004
MOBEAST066,T10,CCA,Table 1,2024-06-03,06:00:00,8.933333333333334,Moraxellaceae,0,DNA,NA,0,0,0
MOBEAST066,T10,CCA,Table 1,2024-06-03,06:00:00,8.933333333333334,NS7_marine_group,2e-4,DNA,NA,0,-5.5e-4,7.5e-4
MOBEAST066,T10,CCA,Table 1,2024-06-03,06:00:00,8.933333333333334,NS9_marine_group,0.0044,DNA,NA,0,NA,NA
MOBEAST066,T10,CCA,Table 1,2024-06-03,06:00:00,8.933333333333334,Nannocystaceae,3e-4,DNA,NA,0,-2.0000000000000004e-4,5e-4
MOBEAST066,T10,CCA,Table 1,2024-06-03,06:00:00,8.933333333333334,Nitrincolaceae,0.007,DNA,NA,0,0.006000000000000005,9.99999999999995e-4
MOBEAST066,T10,CCA,Table 1,2024-06-03,06:00:00,8.933333333333334,Nitrosopumilaceae,5e-4,DNA,NA,0,5.000000000000002e-5,4.5e-4
MOBEAST066,T10,CCA,Table 1,2024-06-03,06:00:00,8.933333333333334,OM182_clade_fa,0.0033,DNA,NA,0,-0.0012500000000000002,0.00455
MOBEAST066,T10,CCA,Table 1,2024-06-03,06:00:00,8.933333333333334,Oleiphilaceae,0.0028,DNA,NA,0,0.00145,0.00135
MOBEAST066,T10,CCA,Table 1,2024-06-03,06:00:00,8.933333333333334,Oligoflexaceae,6e-4,DNA,NA,0,-7e-4,0.0013
MOBEAST066,T10,CCA,Table 1,2024-06-03,06:00:00,8.933333333333334,Pirellulaceae,0.0018,DNA,NA,0,-0.00325,0.00505
MOBEAST066,T10,CCA,Table 1,2024-06-03,06:00:00,8.933333333333334,Piscirickettsiaceae,4e-4,DNA,NA,0,0,4e-4
MOBEAST066,T10,CCA,Table 1,2024-06-03,06:00:00,8.933333333333334,Proteobacteria_unclassified,0.0018,DNA,NA,0,-0.0010500000000000002,0.00285
MOBEAST066,T10,CCA,Table 1,2024-06-03,06:00:00,8.933333333333334,Pseudoalteromonadaceae,9e-4,DNA,NA,0,6.000000000000001e-4,3e-4
MOBEAST066,T10,CCA,Table 1,2024-06-03,06:00:00,8.933333333333334,Pseudohongiellaceae,0.0019,DNA,NA,0,-6.500000000000002e-4,0.00255
MOBEAST066,T10,CCA,Table 1,2024-06-03,06:00:00,8.933333333333334,Pseudomonadaceae,0,DNA,NA,0,0,0
MOBEAST066,T10,CCA,Table 1,2024-06-03,06:00:00,8.933333333333334,Puniceicoccaceae,5e-4,DNA,NA,0,5e-4,0
MOBEAST066,T10,CCA,Table 1,2024-06-03,06:00:00,8.933333333333334,Rhizobiaceae,0,DNA,NA,0,0,0
MOBEAST066,T10,CCA,Table 1,2024-06-03,06:00:00,8.933333333333334,Rhodobacteraceae,0.0444,DNA,NA,0,-0.011349999999999999,0.05575
MOBEAST066,T10,CCA,Table 1,2024-06-03,06:00:00,8.933333333333334,Rhodospirillaceae,0,DNA,NA,0,0,0
MOBEAST066,T10,CCA,Table 1,2024-06-03,06:00:00,8.933333333333334,Rubinisphaeraceae,8e-4,DNA,NA,0,-1.9999999999999998e-4,0.001
MOBEAST066,T10,CCA,Table 1,2024-06-03,06:00:00,8.933333333333334,S25-593,5e-4,DNA,NA,0,-5.999999999999998e-4,0.0010999999999999998
MOBEAST066,T10,CCA,Table 1,2024-06-03,06:00:00,8.933333333333334,SAR116_clade,0.03859999999999999,DNA,NA,0,-0.01195000000000001,0.05055
MOBEAST066,T10,CCA,Table 1,2024-06-03,06:00:00,8.933333333333334,SAR202_clade_fa,4e-4,DNA,NA,0,-2.4999999999999995e-4,6.5e-4
MOBEAST066,T10,CCA,Table 1,2024-06-03,06:00:00,8.933333333333334,SAR324_clade(Marine_group_B)_fa,9e-4,DNA,NA,0,-5.000000000000013e-5,9.500000000000001e-4
MOBEAST066,T10,CCA,Table 1,2024-06-03,06:00:00,8.933333333333334,SAR86_clade_fa,0.0351,DNA,NA,0,-0.022350000000000002,0.05745
MOBEAST066,T10,CCA,Table 1,2024-06-03,06:00:00,8.933333333333334,Saccharospirillaceae,0.0239,DNA,NA,0,-0.00835,0.03225
MOBEAST066,T10,CCA,Table 1,2024-06-03,06:00:00,8.933333333333334,Saprospiraceae,0,DNA,NA,0,0,0
MOBEAST066,T10,CCA,Table 1,2024-06-03,06:00:00,8.933333333333334,Sphingomonadaceae,1e-4,DNA,NA,0,1e-4,0
MOBEAST066,T10,CCA,Table 1,2024-06-03,06:00:00,8.933333333333334,Spirochaetaceae,0,DNA,NA,0,0,0
MOBEAST066,T10,CCA,Table 1,2024-06-03,06:00:00,8.933333333333334,Spongiibacteraceae,0,DNA,NA,0,0,0
MOBEAST066,T10,CCA,Table 1,2024-06-03,06:00:00,8.933333333333334,Stappiaceae,4e-4,DNA,NA,0,4e-4,0
MOBEAST066,T10,CCA,Table 1,2024-06-03,06:00:00,8.933333333333334,Terasakiellaceae,3e-4,DNA,NA,0,3e-4,0
MOBEAST066,T10,CCA,Table 1,2024-06-03,06:00:00,8.933333333333334,Thalassospiraceae,1e-4,DNA,NA,0,1e-4,0
MOBEAST066,T10,CCA,Table 1,2024-06-03,06:00:00,8.933333333333334,Thiomicrospiraceae,0.0025,DNA,NA,0,0.0025,0
MOBEAST066,T10,CCA,Table 1,2024-06-03,06:00:00,8.933333333333334,Vibrionaceae,0.0197,DNA,NA,0,0.0173,0.0024000000000000002
MOBEAST066,T10,CCA,Table 1,2024-06-03,06:00:00,8.933333333333334,Woesearchaeia_fa,4e-4,DNA,NA,0,-5.500000000000001e-4,9.500000000000001e-4
MOBEAST066,T10,CCA,Table 1,2024-06-03,06:00:00,8.933333333333334,uncultured_fa,5e-4,DNA,NA,0,2.5e-4,2.5e-4
MOBEAST067,T11,Control,Table 1,2024-06-03,06:00:00,3.8333333333333335,het_bact,542.978,FCM,cell/µL,0,76.09799999999996,466.88
MOBEAST067,T11,Control,Table 1,2024-06-03,06:00:00,3.8333333333333335,pico_euk,0.366,FCM,cell/µL,0,0.1245,0.2415
MOBEAST067,T11,Control,Table 1,2024-06-03,06:00:00,3.8333333333333335,syn,113.71,FCM,cell/µL,0,10.785999999999987,102.924
MOBEAST067,T11,Control,Table 1,2024-06-03,06:00:00,3.8333333333333335,pro,24.742,FCM,cell/µL,0,4.058499999999999,20.683500000000002
MOBEAST067,T11,Control,Table 1,2024-06-03,06:00:00,3.8333333333333335,tot_bact,681.431,FCM,cell/µL,0,90.94299999999998,590.488
MOBEAST067,T11,Control,Table 1,2024-06-03,06:00:00,3.8333333333333335,cyano,138.452,FCM,cell/µL,0,14.84450000000001,123.60749999999999
MOBEAST067,T11,Control,Table 1,2024-06-03,06:00:00,3.8333333333333335,chla_conc,0.1672,chla,µg/L,0,0.1538,0.013399999999999999
MOBEAST067,T11,Control,Table 1,2024-06-03,06:00:00,3.8333333333333335,coble_a,0.0110566359521341,fDOM,R.U.,0,6.337610258595437e-4,0.010422874926274556
MOBEAST067,T11,Control,Table 1,2024-06-03,06:00:00,3.8333333333333335,coble_b,0.0813333629865023,fDOM,R.U.,0,0.010400037256671255,0.07093332572983105
MOBEAST067,T11,Control,Table 1,2024-06-03,06:00:00,3.8333333333333335,coble_c,0.00952221281028373,fDOM,R.U.,0,0.002008548450666384,0.007513664359617345
MOBEAST067,T11,Control,Table 1,2024-06-03,06:00:00,3.8333333333333335,coble_m,0.0151058470228176,fDOM,R.U.,0,0.0027368562610341,0.0123689907617835
MOBEAST067,T11,Control,Table 1,2024-06-03,06:00:00,3.8333333333333335,coble_t,0.0856335653631853,fDOM,R.U.,0,0.0161675056681133,0.069466059695072
MOBEAST067,T11,Control,Table 1,2024-06-03,06:00:00,3.8333333333333335,m_to_c,1.5863799017917033,fDOM,R.U.,0,-0.06350221580478244,1.6498821175964857
MOBEAST067,T11,Control,Table 1,2024-06-03,06:00:00,3.8333333333333335,bix,1.12560578659651,fDOM,R.U.,0,0.4389237892999509,0.686681997296559
MOBEAST067,T11,Control,Table 1,2024-06-03,06:00:00,3.8333333333333335,hix,0.471788535209694,fDOM,R.U.,0,-0.05223539277262157,0.5240239279823156
MOBEAST067,T11,Control,Table 1,2024-06-03,06:00:00,3.8333333333333335,fpeak,0.00748676817725543,fDOM,R.U.,0,-0.01861636764974552,0.02610313582700095
MOBEAST067,T11,Control,Table 1,2024-06-03,06:00:00,3.8333333333333335,fi,2.19191867194302,fDOM,R.U.,0,0.40201363570789517,1.789905036235125
MOBEAST067,T11,Control,Table 1,2024-06-03,06:00:00,3.8333333333333335,lignin,0.079608888536101,fDOM,R.U.,0,0.0634397330658786,0.0161691554702224
MOBEAST067,T11,Control,Table 1,2024-06-03,06:00:00,3.8333333333333335,N_N,0.56,nutrients,µmol/L,0,-0.5524999999999998,1.1124999999999998
MOBEAST067,T11,Control,Table 1,2024-06-03,06:00:00,3.8333333333333335,NO2,0.07,nutrients,µmol/L,0,NA,NA
MOBEAST067,T11,Control,Table 1,2024-06-03,06:00:00,3.8333333333333335,PO4,0.09,nutrients,µmol/L,0,0.012999999999999998,0.077
MOBEAST067,T11,Control,Table 1,2024-06-03,06:00:00,3.8333333333333335,SiO2,0.14,nutrients,µmol/L,0,-0.45745415705000003,0.59745415705
MOBEAST067,T11,Control,Table 1,2024-06-03,06:00:00,3.8333333333333335,NH3,0.15,nutrients,µmol/L,0,-3.178466844,3.328466844
MOBEAST067,T11,Control,Table 1,2024-06-03,06:00:00,3.8333333333333335,NO3,0.4900000000000001,nutrients,µmol/L,0,0.06630562390000022,0.4236943760999999
MOBEAST067,T11,Control,Table 1,2024-06-03,06:00:00,3.8333333333333335,ph_diff,0.01786310856714124,carbonate,NA,0,0.01786310856714124,0
MOBEAST067,T11,Control,Table 1,2024-06-03,06:00:00,3.8333333333333335,delta_ta,42.8390000000004,carbonate,NA,0,42.8390000000004,0
MOBEAST067,T11,Control,Table 1,2024-06-03,06:00:00,3.8333333333333335,do_mg_l,3.86,residence time,NA,0,NA,NA
MOBEAST067,T11,Control,Table 1,2024-06-03,06:00:00,3.8333333333333335,ta,2388.952,carbonate,NA,0,44.39200000000028,2344.56
MOBEAST067,T11,Control,Table 1,2024-06-03,06:00:00,3.8333333333333335,dic_mmol_kg,2044.811242880487,residence time,NA,0,NA,NA
MOBEAST067,T11,Control,Table 1,2024-06-03,06:00:00,3.8333333333333335,ph,8.035200248643067,carbonate,NA,0,0.019922363339700766,8.015277885303366
MOBEAST067,T11,Control,Table 1,2024-06-03,06:00:00,3.8333333333333335,AEGEAN-169_marine_group,0.0299,DNA,NA,0,0.0011500000000000017,0.028749999999999998
MOBEAST067,T11,Control,Table 1,2024-06-03,06:00:00,3.8333333333333335,Actinomarinaceae,0.012,DNA,NA,0,-0.004649999999999998,0.016649999999999998
MOBEAST067,T11,Control,Table 1,2024-06-03,06:00:00,3.8333333333333335,Alcanivoracaceae,7e-4,DNA,NA,0,1.9999999999999998e-4,5e-4
MOBEAST067,T11,Control,Table 1,2024-06-03,06:00:00,3.8333333333333335,Alphaproteobacteria_unclassified,2e-4,DNA,NA,0,2e-4,0
MOBEAST067,T11,Control,Table 1,2024-06-03,06:00:00,3.8333333333333335,Alteromonadaceae,0.0908,DNA,NA,0,0.05220000000000001,0.038599999999999995
MOBEAST067,T11,Control,Table 1,2024-06-03,06:00:00,3.8333333333333335,Alteromonadales_unclassified,0,DNA,NA,0,0,0
MOBEAST067,T11,Control,Table 1,2024-06-03,06:00:00,3.8333333333333335,Anaerolineae_unclassified,3e-4,DNA,NA,0,3e-4,0
MOBEAST067,T11,Control,Table 1,2024-06-03,06:00:00,3.8333333333333335,Arcobacteraceae,1e-4,DNA,NA,0,1e-4,0
MOBEAST067,T11,Control,Table 1,2024-06-03,06:00:00,3.8333333333333335,Arctic97B-4_marine_group_fa,0.0026,DNA,NA,0,-0.001,0.0036
MOBEAST067,T11,Control,Table 1,2024-06-03,06:00:00,3.8333333333333335,Arenicellaceae,0,DNA,NA,0,-2e-4,2e-4
MOBEAST067,T11,Control,Table 1,2024-06-03,06:00:00,3.8333333333333335,Bacteria_unclassified,3e-4,DNA,NA,0,2.4999999999999995e-4,5e-5
MOBEAST067,T11,Control,Table 1,2024-06-03,06:00:00,3.8333333333333335,Bacteriovoracaceae,0.0011,DNA,NA,0,0.0011,0
MOBEAST067,T11,Control,Table 1,2024-06-03,06:00:00,3.8333333333333335,Bacteroidales_unclassified,0,DNA,NA,0,0,0
MOBEAST067,T11,Control,Table 1,2024-06-03,06:00:00,3.8333333333333335,Bacteroidetes_BD2-2,0,DNA,NA,0,0,0
MOBEAST067,T11,Control,Table 1,2024-06-03,06:00:00,3.8333333333333335,Bacteroidia_unclassified,0,DNA,NA,0,0,0
MOBEAST067,T11,Control,Table 1,2024-06-03,06:00:00,3.8333333333333335,Bradymonadales_fa,0,DNA,NA,0,0,0
MOBEAST067,T11,Control,Table 1,2024-06-03,06:00:00,3.8333333333333335,Campylobacterales_unclassified,0,DNA,NA,0,0,0
MOBEAST067,T11,Control,Table 1,2024-06-03,06:00:00,3.8333333333333335,Campylobacteria_unclassified,0,DNA,NA,0,0,0
MOBEAST067,T11,Control,Table 1,2024-06-03,06:00:00,3.8333333333333335,Cellvibrionaceae,0.0172,DNA,NA,0,0.01405,0.00315
MOBEAST067,T11,Control,Table 1,2024-06-03,06:00:00,3.8333333333333335,Clade_I,0.0383,DNA,NA,0,8.000000000000021e-4,0.0375
MOBEAST067,T11,Control,Table 1,2024-06-03,06:00:00,3.8333333333333335,Clade_II,0.0119,DNA,NA,0,-0.0022499999999999985,0.01415
MOBEAST067,T11,Control,Table 1,2024-06-03,06:00:00,3.8333333333333335,Clade_IV,0.0016,DNA,NA,0,-3.4999999999999983e-4,0.00195
MOBEAST067,T11,Control,Table 1,2024-06-03,06:00:00,3.8333333333333335,Colwelliaceae,2e-4,DNA,NA,0,2e-4,0
MOBEAST067,T11,Control,Table 1,2024-06-03,06:00:00,3.8333333333333335,Cryomorphaceae,0.0088,DNA,NA,0,-0.0011000000000000003,0.0099
MOBEAST067,T11,Control,Table 1,2024-06-03,06:00:00,3.8333333333333335,Cyanobiaceae,0.35519999999999996,DNA,NA,0,-0.011700000000000044,0.3669
MOBEAST067,T11,Control,Table 1,2024-06-03,06:00:00,3.8333333333333335,Cyclobacteriaceae,5e-4,DNA,NA,0,-3.9999999999999996e-4,9e-4
MOBEAST067,T11,Control,Table 1,2024-06-03,06:00:00,3.8333333333333335,Deltaproteobacteria_unclassified,0,DNA,NA,0,0,0
MOBEAST067,T11,Control,Table 1,2024-06-03,06:00:00,3.8333333333333335,Desulfovibrionaceae,0,DNA,NA,0,0,0
MOBEAST067,T11,Control,Table 1,2024-06-03,06:00:00,3.8333333333333335,Desulfuromonadaceae,0,DNA,NA,0,0,0
MOBEAST067,T11,Control,Table 1,2024-06-03,06:00:00,3.8333333333333335,Ectothiorhodospiraceae,0.0025,DNA,NA,0,-5.000000000000013e-5,0.00255
MOBEAST067,T11,Control,Table 1,2024-06-03,06:00:00,3.8333333333333335,Endozoicomonadaceae,3e-4,DNA,NA,0,-1.0000000000000005e-4,4e-4
MOBEAST067,T11,Control,Table 1,2024-06-03,06:00:00,3.8333333333333335,Flavobacteriaceae,0.0587,DNA,NA,0,NA,NA
MOBEAST067,T11,Control,Table 1,2024-06-03,06:00:00,3.8333333333333335,Francisellaceae,0,DNA,NA,0,0,0
MOBEAST067,T11,Control,Table 1,2024-06-03,06:00:00,3.8333333333333335,Gammaproteobacteria_unclassified,0.0033,DNA,NA,0,-0.0018000000000000004,0.0051
MOBEAST067,T11,Control,Table 1,2024-06-03,06:00:00,3.8333333333333335,Halieaceae,0.0193,DNA,NA,0,-7.999999999999986e-4,0.0201
MOBEAST067,T11,Control,Table 1,2024-06-03,06:00:00,3.8333333333333335,Halomonadaceae,0,DNA,NA,0,0,0
MOBEAST067,T11,Control,Table 1,2024-06-03,06:00:00,3.8333333333333335,Helicobacteraceae,0,DNA,NA,0,0,0
MOBEAST067,T11,Control,Table 1,2024-06-03,06:00:00,3.8333333333333335,Hyphomonadaceae,0.0021,DNA,NA,0,0.0021,0
MOBEAST067,T11,Control,Table 1,2024-06-03,06:00:00,3.8333333333333335,Idiomarinaceae,0,DNA,NA,0,0,0
MOBEAST067,T11,Control,Table 1,2024-06-03,06:00:00,3.8333333333333335,JGI_0000069-P22_fa,0.0017,DNA,NA,0,-3.9999999999999996e-4,0.0021
MOBEAST067,T11,Control,Table 1,2024-06-03,06:00:00,3.8333333333333335,KI89A_clade_fa,3e-4,DNA,NA,0,-1.5000000000000001e-4,4.5e-4
MOBEAST067,T11,Control,Table 1,2024-06-03,06:00:00,3.8333333333333335,Kiritimatiellaceae,0,DNA,NA,0,0,0
MOBEAST067,T11,Control,Table 1,2024-06-03,06:00:00,3.8333333333333335,Leptotrichiaceae,0,DNA,NA,0,0,0
MOBEAST067,T11,Control,Table 1,2024-06-03,06:00:00,3.8333333333333335,Litoricolaceae,0.0043,DNA,NA,0,0.0012500000000000002,0.0030499999999999998
MOBEAST067,T11,Control,Table 1,2024-06-03,06:00:00,3.8333333333333335,Marine_Group_II_fa,0.0669,DNA,NA,0,-0.0039000000000000007,0.0708
MOBEAST067,T11,Control,Table 1,2024-06-03,06:00:00,3.8333333333333335,Marinifilaceae,0,DNA,NA,0,0,0
MOBEAST067,T11,Control,Table 1,2024-06-03,06:00:00,3.8333333333333335,Marinilabiliaceae,0,DNA,NA,0,0,0
MOBEAST067,T11,Control,Table 1,2024-06-03,06:00:00,3.8333333333333335,Marinimicrobia_(SAR406_clade)_fa,0.0084,DNA,NA,0,-0.0023,0.0107
MOBEAST067,T11,Control,Table 1,2024-06-03,06:00:00,3.8333333333333335,Marinobacteraceae,0,DNA,NA,0,0,0
MOBEAST067,T11,Control,Table 1,2024-06-03,06:00:00,3.8333333333333335,Marinomonadaceae,0,DNA,NA,0,0,0
MOBEAST067,T11,Control,Table 1,2024-06-03,06:00:00,3.8333333333333335,Methylophilaceae,0.0042,DNA,NA,0,-0.0013500000000000005,0.00555
MOBEAST067,T11,Control,Table 1,2024-06-03,06:00:00,3.8333333333333335,Micavibrionaceae,1e-4,DNA,NA,0,1e-4,0
MOBEAST067,T11,Control,Table 1,2024-06-03,06:00:00,3.8333333333333335,Microtrichaceae,0.0057,DNA,NA,0,0.0017000000000000001,0.004
MOBEAST067,T11,Control,Table 1,2024-06-03,06:00:00,3.8333333333333335,Moraxellaceae,0,DNA,NA,0,0,0
MOBEAST067,T11,Control,Table 1,2024-06-03,06:00:00,3.8333333333333335,NS7_marine_group,8e-4,DNA,NA,0,5.000000000000002e-5,7.5e-4
MOBEAST067,T11,Control,Table 1,2024-06-03,06:00:00,3.8333333333333335,NS9_marine_group,0.0032,DNA,NA,0,NA,NA
MOBEAST067,T11,Control,Table 1,2024-06-03,06:00:00,3.8333333333333335,Nannocystaceae,3e-4,DNA,NA,0,-2.0000000000000004e-4,5e-4
MOBEAST067,T11,Control,Table 1,2024-06-03,06:00:00,3.8333333333333335,Nitrincolaceae,0.017,DNA,NA,0,0.016000000000000007,9.99999999999995e-4
MOBEAST067,T11,Control,Table 1,2024-06-03,06:00:00,3.8333333333333335,Nitrosopumilaceae,6e-4,DNA,NA,0,1.4999999999999996e-4,4.5e-4
MOBEAST067,T11,Control,Table 1,2024-06-03,06:00:00,3.8333333333333335,OM182_clade_fa,0.0041,DNA,NA,0,-4.499999999999999e-4,0.00455
MOBEAST067,T11,Control,Table 1,2024-06-03,06:00:00,3.8333333333333335,Oleiphilaceae,0.0038,DNA,NA,0,0.00245,0.00135
MOBEAST067,T11,Control,Table 1,2024-06-03,06:00:00,3.8333333333333335,Oligoflexaceae,0.0011,DNA,NA,0,-1.9999999999999987e-4,0.0013
MOBEAST067,T11,Control,Table 1,2024-06-03,06:00:00,3.8333333333333335,Pirellulaceae,0.0027,DNA,NA,0,-0.0023499999999999997,0.00505
MOBEAST067,T11,Control,Table 1,2024-06-03,06:00:00,3.8333333333333335,Piscirickettsiaceae,8e-4,DNA,NA,0,4e-4,4e-4
MOBEAST067,T11,Control,Table 1,2024-06-03,06:00:00,3.8333333333333335,Prolixibacteraceae,0,DNA,NA,0,0,0
MOBEAST067,T11,Control,Table 1,2024-06-03,06:00:00,3.8333333333333335,Proteobacteria_unclassified,0.002,DNA,NA,0,-8.500000000000001e-4,0.00285
MOBEAST067,T11,Control,Table 1,2024-06-03,06:00:00,3.8333333333333335,Pseudoalteromonadaceae,8e-4,DNA,NA,0,5e-4,3e-4
MOBEAST067,T11,Control,Table 1,2024-06-03,06:00:00,3.8333333333333335,Pseudohongiellaceae,0.0014,DNA,NA,0,-0.0011500000000000002,0.00255
MOBEAST067,T11,Control,Table 1,2024-06-03,06:00:00,3.8333333333333335,Pseudomonadaceae,0,DNA,NA,0,0,0
MOBEAST067,T11,Control,Table 1,2024-06-03,06:00:00,3.8333333333333335,Puniceicoccaceae,0,DNA,NA,0,0,0
MOBEAST067,T11,Control,Table 1,2024-06-03,06:00:00,3.8333333333333335,Rhizobiaceae,0,DNA,NA,0,0,0
MOBEAST067,T11,Control,Table 1,2024-06-03,06:00:00,3.8333333333333335,Rhodobacteraceae,0.0643,DNA,NA,0,0.008549999999999995,0.05575
MOBEAST067,T11,Control,Table 1,2024-06-03,06:00:00,3.8333333333333335,Rhodospirillaceae,0,DNA,NA,0,0,0
MOBEAST067,T11,Control,Table 1,2024-06-03,06:00:00,3.8333333333333335,Rubinisphaeraceae,0.0012,DNA,NA,0,1.9999999999999987e-4,0.001
MOBEAST067,T11,Control,Table 1,2024-06-03,06:00:00,3.8333333333333335,S25-593,9e-4,DNA,NA,0,-1.9999999999999987e-4,0.0010999999999999998
MOBEAST067,T11,Control,Table 1,2024-06-03,06:00:00,3.8333333333333335,SAR116_clade,0.0431,DNA,NA,0,-0.007449999999999998,0.05055
MOBEAST067,T11,Control,Table 1,2024-06-03,06:00:00,3.8333333333333335,SAR202_clade_fa,5e-4,DNA,NA,0,-1.4999999999999996e-4,6.5e-4
MOBEAST067,T11,Control,Table 1,2024-06-03,06:00:00,3.8333333333333335,SAR324_clade(Marine_group_B)_fa,0.0011,DNA,NA,0,1.4999999999999996e-4,9.500000000000001e-4
MOBEAST067,T11,Control,Table 1,2024-06-03,06:00:00,3.8333333333333335,SAR86_clade_fa,0.0536,DNA,NA,0,-0.0038499999999999993,0.05745
MOBEAST067,T11,Control,Table 1,2024-06-03,06:00:00,3.8333333333333335,Saccharospirillaceae,0.0086,DNA,NA,0,-0.02365,0.03225
MOBEAST067,T11,Control,Table 1,2024-06-03,06:00:00,3.8333333333333335,Saprospiraceae,1e-4,DNA,NA,0,1e-4,0
MOBEAST067,T11,Control,Table 1,2024-06-03,06:00:00,3.8333333333333335,Sphingomonadaceae,1e-4,DNA,NA,0,1e-4,0
MOBEAST067,T11,Control,Table 1,2024-06-03,06:00:00,3.8333333333333335,Spirochaetaceae,0,DNA,NA,0,0,0
MOBEAST067,T11,Control,Table 1,2024-06-03,06:00:00,3.8333333333333335,Spongiibacteraceae,0,DNA,NA,0,0,0
MOBEAST067,T11,Control,Table 1,2024-06-03,06:00:00,3.8333333333333335,Stappiaceae,0,DNA,NA,0,0,0
MOBEAST067,T11,Control,Table 1,2024-06-03,06:00:00,3.8333333333333335,Terasakiellaceae,0,DNA,NA,0,0,0
MOBEAST067,T11,Control,Table 1,2024-06-03,06:00:00,3.8333333333333335,Thalassospiraceae,0,DNA,NA,0,0,0
MOBEAST067,T11,Control,Table 1,2024-06-03,06:00:00,3.8333333333333335,Thiomicrospiraceae,0,DNA,NA,0,0,0
MOBEAST067,T11,Control,Table 1,2024-06-03,06:00:00,3.8333333333333335,Vibrionaceae,0.0025,DNA,NA,0,9.999999999999983e-5,0.0024000000000000002
MOBEAST067,T11,Control,Table 1,2024-06-03,06:00:00,3.8333333333333335,uncultured_fa,3e-4,DNA,NA,0,4.999999999999997e-5,2.5e-4
MOBEAST068,T12,CCA,Table 1,2024-06-03,06:00:00,5.666666666666667,het_bact,453.178,FCM,cell/µL,0,-13.701999999999998,466.88
MOBEAST068,T12,CCA,Table 1,2024-06-03,06:00:00,5.666666666666667,pico_euk,0.266,FCM,cell/µL,0,0.024500000000000022,0.2415
MOBEAST068,T12,CCA,Table 1,2024-06-03,06:00:00,5.666666666666667,syn,92.113,FCM,cell/µL,0,-10.811000000000007,102.924
MOBEAST068,T12,CCA,Table 1,2024-06-03,06:00:00,5.666666666666667,pro,20.416,FCM,cell/µL,0,-0.26750000000000185,20.683500000000002
MOBEAST068,T12,CCA,Table 1,2024-06-03,06:00:00,5.666666666666667,tot_bact,565.707,FCM,cell/µL,0,-24.781000000000063,590.488
MOBEAST068,T12,CCA,Table 1,2024-06-03,06:00:00,5.666666666666667,cyano,112.529,FCM,cell/µL,0,-11.078499999999991,123.60749999999999
MOBEAST068,T12,CCA,Table 1,2024-06-03,06:00:00,5.666666666666667,chla_conc,0.1024,chla,µg/L,0,0.08900000000000001,0.013399999999999999
MOBEAST068,T12,CCA,Table 1,2024-06-03,06:00:00,5.666666666666667,coble_a,0.00878176502940145,fDOM,R.U.,0,-0.0016411098968731053,0.010422874926274556
MOBEAST068,T12,CCA,Table 1,2024-06-03,06:00:00,5.666666666666667,coble_b,0.0664543626550072,fDOM,R.U.,0,-0.004478963074823844,0.07093332572983105
MOBEAST068,T12,CCA,Table 1,2024-06-03,06:00:00,5.666666666666667,coble_c,0.00753021828915737,fDOM,R.U.,0,1.6553929540024694e-5,0.007513664359617345
MOBEAST068,T12,CCA,Table 1,2024-06-03,06:00:00,5.666666666666667,coble_m,0.00959606369783833,fDOM,R.U.,0,-0.00277292706394517,0.0123689907617835
MOBEAST068,T12,CCA,Table 1,2024-06-03,06:00:00,5.666666666666667,coble_t,0.0261412469436363,fDOM,R.U.,0,-0.043324812751435696,0.069466059695072
MOBEAST068,T12,CCA,Table 1,2024-06-03,06:00:00,5.666666666666667,m_to_c,1.2743407069162305,fDOM,R.U.,0,-0.37554141068025526,1.6498821175964857
MOBEAST068,T12,CCA,Table 1,2024-06-03,06:00:00,5.666666666666667,bix,0.799893410373547,fDOM,R.U.,0,0.11321141307698801,0.686681997296559
MOBEAST068,T12,CCA,Table 1,2024-06-03,06:00:00,5.666666666666667,hix,0.738644013346239,fDOM,R.U.,0,0.2146200853639234,0.5240239279823156
MOBEAST068,T12,CCA,Table 1,2024-06-03,06:00:00,5.666666666666667,fpeak,0,fDOM,R.U.,0,-0.02610313582700095,0.02610313582700095
MOBEAST068,T12,CCA,Table 1,2024-06-03,06:00:00,5.666666666666667,fi,2.11639597558374,fDOM,R.U.,0,0.32649093934861484,1.789905036235125
MOBEAST068,T12,CCA,Table 1,2024-06-03,06:00:00,5.666666666666667,lignin,0.0150561759595546,fDOM,R.U.,0,-0.0011129795106677998,0.0161691554702224
MOBEAST068,T12,CCA,Table 1,2024-06-03,06:00:00,5.666666666666667,N_N,0.54,nutrients,µmol/L,0,-0.5724999999999998,1.1124999999999998
MOBEAST068,T12,CCA,Table 1,2024-06-03,06:00:00,5.666666666666667,NO2,0.01,nutrients,µmol/L,0,NA,NA
MOBEAST068,T12,CCA,Table 1,2024-06-03,06:00:00,5.666666666666667,PO4,0.077,nutrients,µmol/L,0,0,0.077
MOBEAST068,T12,CCA,Table 1,2024-06-03,06:00:00,5.666666666666667,SiO2,0.01,nutrients,µmol/L,0,-0.58745415705,0.59745415705
MOBEAST068,T12,CCA,Table 1,2024-06-03,06:00:00,5.666666666666667,NH3,0.29,nutrients,µmol/L,0,-3.0384668439999998,3.328466844
MOBEAST068,T12,CCA,Table 1,2024-06-03,06:00:00,5.666666666666667,NO3,0.53,nutrients,µmol/L,0,0.10630562390000015,0.4236943760999999
MOBEAST068,T12,CCA,Table 1,2024-06-03,06:00:00,5.666666666666667,ph_diff,0.00348460674077166,carbonate,NA,0,0.00348460674077166,0
MOBEAST068,T12,CCA,Table 1,2024-06-03,06:00:00,5.666666666666667,delta_ta,15.626999999999953,carbonate,NA,0,15.626999999999953,0
MOBEAST068,T12,CCA,Table 1,2024-06-03,06:00:00,5.666666666666667,do_mg_l,3.88,residence time,NA,0,NA,NA
MOBEAST068,T12,CCA,Table 1,2024-06-03,06:00:00,5.666666666666667,ta,2361.74,carbonate,NA,0,17.179999999999836,2344.56
MOBEAST068,T12,CCA,Table 1,2024-06-03,06:00:00,5.666666666666667,dic_mmol_kg,2031.8827540007624,residence time,NA,0,NA,NA
MOBEAST068,T12,CCA,Table 1,2024-06-03,06:00:00,5.666666666666667,ph,8.020390876471367,carbonate,NA,0,0.005112991168001457,8.015277885303366
MOBEAST068,T12,CCA,Table 1,2024-06-03,06:00:00,5.666666666666667,AEGEAN-169_marine_group,0.0268,DNA,NA,0,-0.0019499999999999969,0.028749999999999998
MOBEAST068,T12,CCA,Table 1,2024-06-03,06:00:00,5.666666666666667,Actinomarinaceae,0.0156,DNA,NA,0,-0.0010499999999999989,0.016649999999999998
MOBEAST068,T12,CCA,Table 1,2024-06-03,06:00:00,5.666666666666667,Alcanivoracaceae,2e-4,DNA,NA,0,-3.0000000000000003e-4,5e-4
MOBEAST068,T12,CCA,Table 1,2024-06-03,06:00:00,5.666666666666667,Alphaproteobacteria_unclassified,8e-4,DNA,NA,0,8e-4,0
MOBEAST068,T12,CCA,Table 1,2024-06-03,06:00:00,5.666666666666667,Alteromonadaceae,0.1239,DNA,NA,0,0.0853,0.038599999999999995
MOBEAST068,T12,CCA,Table 1,2024-06-03,06:00:00,5.666666666666667,Alteromonadales_unclassified,0,DNA,NA,0,0,0
MOBEAST068,T12,CCA,Table 1,2024-06-03,06:00:00,5.666666666666667,Anaerolineae_unclassified,0,DNA,NA,0,0,0
MOBEAST068,T12,CCA,Table 1,2024-06-03,06:00:00,5.666666666666667,Arcobacteraceae,0.0011,DNA,NA,0,0.0011,0
MOBEAST068,T12,CCA,Table 1,2024-06-03,06:00:00,5.666666666666667,Arctic97B-4_marine_group_fa,0.0026,DNA,NA,0,-0.001,0.0036
MOBEAST068,T12,CCA,Table 1,2024-06-03,06:00:00,5.666666666666667,Arenicellaceae,0,DNA,NA,0,-2e-4,2e-4
MOBEAST068,T12,CCA,Table 1,2024-06-03,06:00:00,5.666666666666667,Bacteria_unclassified,0,DNA,NA,0,-5e-5,5e-5
MOBEAST068,T12,CCA,Table 1,2024-06-03,06:00:00,5.666666666666667,Bacteriovoracaceae,0.00109999999999999,DNA,NA,0,0.00109999999999999,0
MOBEAST068,T12,CCA,Table 1,2024-06-03,06:00:00,5.666666666666667,Bacteroidales_unclassified,0,DNA,NA,0,0,0
MOBEAST068,T12,CCA,Table 1,2024-06-03,06:00:00,5.666666666666667,Bacteroidetes_BD2-2,0,DNA,NA,0,0,0
MOBEAST068,T12,CCA,Table 1,2024-06-03,06:00:00,5.666666666666667,Bacteroidia_unclassified,0,DNA,NA,0,0,0
MOBEAST068,T12,CCA,Table 1,2024-06-03,06:00:00,5.666666666666667,Bradymonadales_fa,0,DNA,NA,0,0,0
MOBEAST068,T12,CCA,Table 1,2024-06-03,06:00:00,5.666666666666667,Campylobacteria_unclassified,8e-4,DNA,NA,0,8e-4,0
MOBEAST068,T12,CCA,Table 1,2024-06-03,06:00:00,5.666666666666667,Cellvibrionaceae,0.0583,DNA,NA,0,0.05515,0.00315
MOBEAST068,T12,CCA,Table 1,2024-06-03,06:00:00,5.666666666666667,Clade_I,0.0415,DNA,NA,0,0.0040000000000000036,0.0375
MOBEAST068,T12,CCA,Table 1,2024-06-03,06:00:00,5.666666666666667,Clade_II,0.0144,DNA,NA,0,2.500000000000002e-4,0.01415
MOBEAST068,T12,CCA,Table 1,2024-06-03,06:00:00,5.666666666666667,Colwelliaceae,3e-4,DNA,NA,0,3e-4,0
MOBEAST068,T12,CCA,Table 1,2024-06-03,06:00:00,5.666666666666667,Cryomorphaceae,0.0108,DNA,NA,0,8.999999999999998e-4,0.0099
MOBEAST068,T12,CCA,Table 1,2024-06-03,06:00:00,5.666666666666667,Cyanobiaceae,0.2889,DNA,NA,0,-0.07800000000000001,0.3669
MOBEAST068,T12,CCA,Table 1,2024-06-03,06:00:00,5.666666666666667,Deltaproteobacteria_unclassified,0,DNA,NA,0,0,0
MOBEAST068,T12,CCA,Table 1,2024-06-03,06:00:00,5.666666666666667,Desulfovibrionaceae,2e-4,DNA,NA,0,2e-4,0
MOBEAST068,T12,CCA,Table 1,2024-06-03,06:00:00,5.666666666666667,Desulfuromonadaceae,0,DNA,NA,0,0,0
MOBEAST068,T12,CCA,Table 1,2024-06-03,06:00:00,5.666666666666667,Ectothiorhodospiraceae,0.0026,DNA,NA,0,4.99999999999997e-5,0.00255
MOBEAST068,T12,CCA,Table 1,2024-06-03,06:00:00,5.666666666666667,Endozoicomonadaceae,0,DNA,NA,0,-4e-4,4e-4
MOBEAST068,T12,CCA,Table 1,2024-06-03,06:00:00,5.666666666666667,Flavobacteriaceae,0.06180000000000001,DNA,NA,0,NA,NA
MOBEAST068,T12,CCA,Table 1,2024-06-03,06:00:00,5.666666666666667,Francisellaceae,0,DNA,NA,0,0,0
MOBEAST068,T12,CCA,Table 1,2024-06-03,06:00:00,5.666666666666667,Gammaproteobacteria_unclassified,0.0029,DNA,NA,0,-0.0022000000000000006,0.0051
MOBEAST068,T12,CCA,Table 1,2024-06-03,06:00:00,5.666666666666667,Halieaceae,0.0155,DNA,NA,0,-0.0046,0.0201
MOBEAST068,T12,CCA,Table 1,2024-06-03,06:00:00,5.666666666666667,Halomonadaceae,0,DNA,NA,0,0,0
MOBEAST068,T12,CCA,Table 1,2024-06-03,06:00:00,5.666666666666667,Helicobacteraceae,0,DNA,NA,0,0,0
MOBEAST068,T12,CCA,Table 1,2024-06-03,06:00:00,5.666666666666667,Hyphomonadaceae,0.001,DNA,NA,0,0.001,0
MOBEAST068,T12,CCA,Table 1,2024-06-03,06:00:00,5.666666666666667,Idiomarinaceae,0,DNA,NA,0,0,0
MOBEAST068,T12,CCA,Table 1,2024-06-03,06:00:00,5.666666666666667,JGI_0000069-P22_fa,7.999999999999999e-4,DNA,NA,0,-0.0013,0.0021
MOBEAST068,T12,CCA,Table 1,2024-06-03,06:00:00,5.666666666666667,KI89A_clade_fa,5e-4,DNA,NA,0,5.000000000000002e-5,4.5e-4
MOBEAST068,T12,CCA,Table 1,2024-06-03,06:00:00,5.666666666666667,Kiritimatiellaceae,0,DNA,NA,0,0,0
MOBEAST068,T12,CCA,Table 1,2024-06-03,06:00:00,5.666666666666667,Leptotrichiaceae,0,DNA,NA,0,0,0
MOBEAST068,T12,CCA,Table 1,2024-06-03,06:00:00,5.666666666666667,Litoricolaceae,0.0041,DNA,NA,0,0.0010500000000000006,0.0030499999999999998
MOBEAST068,T12,CCA,Table 1,2024-06-03,06:00:00,5.666666666666667,Marine_Group_II_fa,0.0429,DNA,NA,0,-0.0279,0.0708
MOBEAST068,T12,CCA,Table 1,2024-06-03,06:00:00,5.666666666666667,Marinifilaceae,0,DNA,NA,0,0,0
MOBEAST068,T12,CCA,Table 1,2024-06-03,06:00:00,5.666666666666667,Marinilabiliaceae,0,DNA,NA,0,0,0
MOBEAST068,T12,CCA,Table 1,2024-06-03,06:00:00,5.666666666666667,Marinimicrobia_(SAR406_clade)_fa,0.0089,DNA,NA,0,-0.0017999999999999995,0.0107
MOBEAST068,T12,CCA,Table 1,2024-06-03,06:00:00,5.666666666666667,Marinobacteraceae,0,DNA,NA,0,0,0
MOBEAST068,T12,CCA,Table 1,2024-06-03,06:00:00,5.666666666666667,Marinomonadaceae,0,DNA,NA,0,0,0
MOBEAST068,T12,CCA,Table 1,2024-06-03,06:00:00,5.666666666666667,Methylophilaceae,0.0042,DNA,NA,0,-0.0013500000000000005,0.00555
MOBEAST068,T12,CCA,Table 1,2024-06-03,06:00:00,5.666666666666667,Micavibrionaceae,0,DNA,NA,0,0,0
MOBEAST068,T12,CCA,Table 1,2024-06-03,06:00:00,5.666666666666667,Microtrichaceae,0.0039,DNA,NA,0,-1.0000000000000026e-4,0.004
MOBEAST068,T12,CCA,Table 1,2024-06-03,06:00:00,5.666666666666667,Moraxellaceae,0,DNA,NA,0,0,0
MOBEAST068,T12,CCA,Table 1,2024-06-03,06:00:00,5.666666666666667,NS7_marine_group,6e-4,DNA,NA,0,-1.5000000000000007e-4,7.5e-4
MOBEAST068,T12,CCA,Table 1,2024-06-03,06:00:00,5.666666666666667,NS9_marine_group,0.0046,DNA,NA,0,NA,NA
MOBEAST068,T12,CCA,Table 1,2024-06-03,06:00:00,5.666666666666667,Nannocystaceae,6e-4,DNA,NA,0,9.999999999999994e-5,5e-4
MOBEAST068,T12,CCA,Table 1,2024-06-03,06:00:00,5.666666666666667,Nitrincolaceae,0.00439999999999999,DNA,NA,0,0.003399999999999995,9.99999999999995e-4
MOBEAST068,T12,CCA,Table 1,2024-06-03,06:00:00,5.666666666666667,Nitrosopumilaceae,8e-4,DNA,NA,0,3.5000000000000005e-4,4.5e-4
MOBEAST068,T12,CCA,Table 1,2024-06-03,06:00:00,5.666666666666667,OM182_clade_fa,0.0047,DNA,NA,0,1.4999999999999996e-4,0.00455
MOBEAST068,T12,CCA,Table 1,2024-06-03,06:00:00,5.666666666666667,Oleiphilaceae,7e-4,DNA,NA,0,-6.500000000000001e-4,0.00135
MOBEAST068,T12,CCA,Table 1,2024-06-03,06:00:00,5.666666666666667,Oligoflexaceae,0.0011,DNA,NA,0,-1.9999999999999987e-4,0.0013
MOBEAST068,T12,CCA,Table 1,2024-06-03,06:00:00,5.666666666666667,Pirellulaceae,0.003,DNA,NA,0,-0.0020499999999999997,0.00505
MOBEAST068,T12,CCA,Table 1,2024-06-03,06:00:00,5.666666666666667,Piscirickettsiaceae,5e-4,DNA,NA,0,9.999999999999999e-5,4e-4
MOBEAST068,T12,CCA,Table 1,2024-06-03,06:00:00,5.666666666666667,Prolixibacteraceae,0,DNA,NA,0,0,0
MOBEAST068,T12,CCA,Table 1,2024-06-03,06:00:00,5.666666666666667,Proteobacteria_unclassified,0.0031,DNA,NA,0,2.499999999999998e-4,0.00285
MOBEAST068,T12,CCA,Table 1,2024-06-03,06:00:00,5.666666666666667,Pseudoalteromonadaceae,2e-4,DNA,NA,0,-9.999999999999996e-5,3e-4
MOBEAST068,T12,CCA,Table 1,2024-06-03,06:00:00,5.666666666666667,Pseudohongiellaceae,0.0018,DNA,NA,0,-7.500000000000002e-4,0.00255
MOBEAST068,T12,CCA,Table 1,2024-06-03,06:00:00,5.666666666666667,Pseudomonadaceae,0,DNA,NA,0,0,0
MOBEAST068,T12,CCA,Table 1,2024-06-03,06:00:00,5.666666666666667,Puniceicoccaceae,0,DNA,NA,0,0,0
MOBEAST068,T12,CCA,Table 1,2024-06-03,06:00:00,5.666666666666667,Rhizobiaceae,0,DNA,NA,0,0,0
MOBEAST068,T12,CCA,Table 1,2024-06-03,06:00:00,5.666666666666667,Rhodobacteraceae,0.0489,DNA,NA,0,-0.006850000000000002,0.05575
MOBEAST068,T12,CCA,Table 1,2024-06-03,06:00:00,5.666666666666667,Rhodospirillaceae,0,DNA,NA,0,0,0
MOBEAST068,T12,CCA,Table 1,2024-06-03,06:00:00,5.666666666666667,Rubinisphaeraceae,0.001,DNA,NA,0,0,0.001
MOBEAST068,T12,CCA,Table 1,2024-06-03,06:00:00,5.666666666666667,S25-593,0.0012,DNA,NA,0,1.0000000000000005e-4,0.0010999999999999998
MOBEAST068,T12,CCA,Table 1,2024-06-03,06:00:00,5.666666666666667,SAR116_clade,0.0476,DNA,NA,0,-0.0029499999999999943,0.05055
MOBEAST068,T12,CCA,Table 1,2024-06-03,06:00:00,5.666666666666667,SAR202_clade_fa,5e-4,DNA,NA,0,-1.4999999999999996e-4,6.5e-4
MOBEAST068,T12,CCA,Table 1,2024-06-03,06:00:00,5.666666666666667,SAR324_clade(Marine_group_B)_fa,9e-4,DNA,NA,0,-5.000000000000013e-5,9.500000000000001e-4
MOBEAST068,T12,CCA,Table 1,2024-06-03,06:00:00,5.666666666666667,SAR86_clade_fa,0.04530000000000001,DNA,NA,0,-0.012149999999999994,0.05745
MOBEAST068,T12,CCA,Table 1,2024-06-03,06:00:00,5.666666666666667,Saprospiraceae,0,DNA,NA,0,0,0
MOBEAST068,T12,CCA,Table 1,2024-06-03,06:00:00,5.666666666666667,Sphingomonadaceae,5e-4,DNA,NA,0,5e-4,0
MOBEAST068,T12,CCA,Table 1,2024-06-03,06:00:00,5.666666666666667,Spirochaetaceae,0,DNA,NA,0,0,0
MOBEAST068,T12,CCA,Table 1,2024-06-03,06:00:00,5.666666666666667,Spongiibacteraceae,0,DNA,NA,0,0,0
MOBEAST068,T12,CCA,Table 1,2024-06-03,06:00:00,5.666666666666667,Stappiaceae,0,DNA,NA,0,0,0
MOBEAST068,T12,CCA,Table 1,2024-06-03,06:00:00,5.666666666666667,Terasakiellaceae,4e-4,DNA,NA,0,4e-4,0
MOBEAST068,T12,CCA,Table 1,2024-06-03,06:00:00,5.666666666666667,Thalassospiraceae,0,DNA,NA,0,0,0
MOBEAST068,T12,CCA,Table 1,2024-06-03,06:00:00,5.666666666666667,Thiomicrospiraceae,0.0017,DNA,NA,0,0.0017,0
MOBEAST068,T12,CCA,Table 1,2024-06-03,06:00:00,5.666666666666667,Vibrionaceae,0.0038,DNA,NA,0,0.0013999999999999998,0.0024000000000000002
MOBEAST068,T12,CCA,Table 1,2024-06-03,06:00:00,5.666666666666667,Woesearchaeia_fa,0,DNA,NA,0,-9.500000000000001e-4,9.500000000000001e-4
MOBEAST069,T13,Algae,Table 1,2024-06-03,06:00:00,0.43333333333333335,het_bact,617.1,FCM,cell/µL,0,150.22000000000003,466.88
MOBEAST069,T13,Algae,Table 1,2024-06-03,06:00:00,0.43333333333333335,pico_euk,0.283,FCM,cell/µL,0,0.04149999999999998,0.2415
MOBEAST069,T13,Algae,Table 1,2024-06-03,06:00:00,0.43333333333333335,syn,94.283,FCM,cell/µL,0,-8.641000000000005,102.924
MOBEAST069,T13,Algae,Table 1,2024-06-03,06:00:00,0.43333333333333335,pro,29.117,FCM,cell/µL,0,8.433499999999999,20.683500000000002
MOBEAST069,T13,Algae,Table 1,2024-06-03,06:00:00,0.43333333333333335,tot_bact,740.5,FCM,cell/µL,0,150.01199999999994,590.488
MOBEAST069,T13,Algae,Table 1,2024-06-03,06:00:00,0.43333333333333335,cyano,123.39999999999998,FCM,cell/µL,0,-0.20750000000001023,123.60749999999999
MOBEAST069,T13,Algae,Table 1,2024-06-03,06:00:00,0.43333333333333335,chla_conc,0.088,chla,µg/L,0,0.0746,0.013399999999999999
MOBEAST069,T13,Algae,Table 1,2024-06-03,06:00:00,0.43333333333333335,tn_u_m,12.3369530296215,DOC,µmol/L,0,2.2325030164134994,10.104450013208
MOBEAST069,T13,Algae,Table 1,2024-06-03,06:00:00,0.43333333333333335,coble_a,0.0127187050329854,fDOM,R.U.,0,0.0022958301067108437,0.010422874926274556
MOBEAST069,T13,Algae,Table 1,2024-06-03,06:00:00,0.43333333333333335,coble_b,0.0802494649368212,fDOM,R.U.,0,0.009316139206990148,0.07093332572983105
MOBEAST069,T13,Algae,Table 1,2024-06-03,06:00:00,0.43333333333333335,coble_c,0.0130368781875169,fDOM,R.U.,0,0.005523213827899554,0.007513664359617345
MOBEAST069,T13,Algae,Table 1,2024-06-03,06:00:00,0.43333333333333335,coble_m,0.015568270953273,fDOM,R.U.,0,0.0031992801914895,0.0123689907617835
MOBEAST069,T13,Algae,Table 1,2024-06-03,06:00:00,0.43333333333333335,coble_t,0.0526398298424788,fDOM,R.U.,0,-0.016826229852593196,0.069466059695072
MOBEAST069,T13,Algae,Table 1,2024-06-03,06:00:00,0.43333333333333335,m_to_c,1.1941716973454557,fDOM,R.U.,0,-0.45571042025103004,1.6498821175964857
MOBEAST069,T13,Algae,Table 1,2024-06-03,06:00:00,0.43333333333333335,bix,0.854106055944214,fDOM,R.U.,0,0.16742405864765497,0.686681997296559
MOBEAST069,T13,Algae,Table 1,2024-06-03,06:00:00,0.43333333333333335,hix,0.62775049569385,fDOM,R.U.,0,0.10372656771153443,0.5240239279823156
MOBEAST069,T13,Algae,Table 1,2024-06-03,06:00:00,0.43333333333333335,fpeak,0.0374077179627904,fDOM,R.U.,0,0.011304582135789453,0.02610313582700095
MOBEAST069,T13,Algae,Table 1,2024-06-03,06:00:00,0.43333333333333335,fi,1.66882535180565,fDOM,R.U.,0,-0.12107968442947503,1.789905036235125
MOBEAST069,T13,Algae,Table 1,2024-06-03,06:00:00,0.43333333333333335,lignin,0.0398569425706201,fDOM,R.U.,0,0.0236877871003977,0.0161691554702224
MOBEAST069,T13,Algae,Table 1,2024-06-03,06:00:00,0.43333333333333335,N_N,0.24,nutrients,µmol/L,0,-0.8724999999999998,1.1124999999999998
MOBEAST069,T13,Algae,Table 1,2024-06-03,06:00:00,0.43333333333333335,NO2,0.01,nutrients,µmol/L,0,NA,NA
MOBEAST069,T13,Algae,Table 1,2024-06-03,06:00:00,0.43333333333333335,PO4,0.077,nutrients,µmol/L,0,0,0.077
MOBEAST069,T13,Algae,Table 1,2024-06-03,06:00:00,0.43333333333333335,SiO2,0.01,nutrients,µmol/L,0,-0.58745415705,0.59745415705
MOBEAST069,T13,Algae,Table 1,2024-06-03,06:00:00,0.43333333333333335,NH3,0.085,nutrients,µmol/L,0,-3.243466844,3.328466844
MOBEAST069,T13,Algae,Table 1,2024-06-03,06:00:00,0.43333333333333335,NO3,0.23,nutrients,µmol/L,0,-0.19369437609999987,0.4236943760999999
MOBEAST069,T13,Algae,Table 1,2024-06-03,06:00:00,0.43333333333333335,delta_ta,1.46100000000024,carbonate,NA,0,1.46100000000024,0
MOBEAST069,T13,Algae,Table 1,2024-06-03,06:00:00,0.43333333333333335,do_mg_l,3.59,residence time,NA,0,NA,NA
MOBEAST069,T13,Algae,Table 1,2024-06-03,06:00:00,0.43333333333333335,ta,2347.574,carbonate,NA,0,3.0140000000001237,2344.56
MOBEAST069,T13,Algae,Table 1,2024-06-03,06:00:00,0.43333333333333335,dic_mmol_kg,2099.887023433149,residence time,NA,0,NA,NA
MOBEAST069,T13,Algae,Table 1,2024-06-03,06:00:00,0.43333333333333335,AEGEAN-169_marine_group,0.0186,DNA,NA,0,-0.01015,0.028749999999999998
MOBEAST069,T13,Algae,Table 1,2024-06-03,06:00:00,0.43333333333333335,Actinomarinaceae,0.0121,DNA,NA,0,-0.0045499999999999985,0.016649999999999998
MOBEAST069,T13,Algae,Table 1,2024-06-03,06:00:00,0.43333333333333335,Alcanivoracaceae,0,DNA,NA,0,-5e-4,5e-4
MOBEAST069,T13,Algae,Table 1,2024-06-03,06:00:00,0.43333333333333335,Alphaproteobacteria_unclassified,0.0224,DNA,NA,0,0.0224,0
MOBEAST069,T13,Algae,Table 1,2024-06-03,06:00:00,0.43333333333333335,Alteromonadaceae,0.0482,DNA,NA,0,0.009600000000000004,0.038599999999999995
MOBEAST069,T13,Algae,Table 1,2024-06-03,06:00:00,0.43333333333333335,Alteromonadales_unclassified,0.004,DNA,NA,0,0.004,0
MOBEAST069,T13,Algae,Table 1,2024-06-03,06:00:00,0.43333333333333335,Anaerolineae_unclassified,0.0049,DNA,NA,0,0.0049,0
MOBEAST069,T13,Algae,Table 1,2024-06-03,06:00:00,0.43333333333333335,Arcobacteraceae,0.0426,DNA,NA,0,0.0426,0
MOBEAST069,T13,Algae,Table 1,2024-06-03,06:00:00,0.43333333333333335,Arctic97B-4_marine_group_fa,6e-4,DNA,NA,0,-0.003,0.0036
MOBEAST069,T13,Algae,Table 1,2024-06-03,06:00:00,0.43333333333333335,Bacteria_unclassified,0.0046,DNA,NA,0,0.00455,5e-5
MOBEAST069,T13,Algae,Table 1,2024-06-03,06:00:00,0.43333333333333335,Bacteroidales_unclassified,0,DNA,NA,0,0,0
MOBEAST069,T13,Algae,Table 1,2024-06-03,06:00:00,0.43333333333333335,Bacteroidetes_BD2-2,2e-4,DNA,NA,0,2e-4,0
MOBEAST069,T13,Algae,Table 1,2024-06-03,06:00:00,0.43333333333333335,Bacteroidia_unclassified,7e-4,DNA,NA,0,7e-4,0
MOBEAST069,T13,Algae,Table 1,2024-06-03,06:00:00,0.43333333333333335,Bradymonadales_fa,0,DNA,NA,0,0,0
MOBEAST069,T13,Algae,Table 1,2024-06-03,06:00:00,0.43333333333333335,Campylobacterales_unclassified,7e-4,DNA,NA,0,7e-4,0
MOBEAST069,T13,Algae,Table 1,2024-06-03,06:00:00,0.43333333333333335,Campylobacteria_unclassified,0,DNA,NA,0,0,0
MOBEAST069,T13,Algae,Table 1,2024-06-03,06:00:00,0.43333333333333335,Cellvibrionaceae,0.0274,DNA,NA,0,0.02425,0.00315
MOBEAST069,T13,Algae,Table 1,2024-06-03,06:00:00,0.43333333333333335,Clade_I,0.0184,DNA,NA,0,-0.0191,0.0375
MOBEAST069,T13,Algae,Table 1,2024-06-03,06:00:00,0.43333333333333335,Clade_II,0.0085,DNA,NA,0,-0.005649999999999999,0.01415
MOBEAST069,T13,Algae,Table 1,2024-06-03,06:00:00,0.43333333333333335,Clade_IV,0.0016,DNA,NA,0,-3.4999999999999983e-4,0.00195
MOBEAST069,T13,Algae,Table 1,2024-06-03,06:00:00,0.43333333333333335,Colwelliaceae,6e-4,DNA,NA,0,6e-4,0
MOBEAST069,T13,Algae,Table 1,2024-06-03,06:00:00,0.43333333333333335,Cryomorphaceae,0.0049,DNA,NA,0,-0.005000000000000001,0.0099
MOBEAST069,T13,Algae,Table 1,2024-06-03,06:00:00,0.43333333333333335,Cyanobiaceae,0.2142,DNA,NA,0,-0.1527,0.3669
MOBEAST069,T13,Algae,Table 1,2024-06-03,06:00:00,0.43333333333333335,Cyclobacteriaceae,5e-4,DNA,NA,0,-3.9999999999999996e-4,9e-4
MOBEAST069,T13,Algae,Table 1,2024-06-03,06:00:00,0.43333333333333335,Deltaproteobacteria_unclassified,0,DNA,NA,0,0,0
MOBEAST069,T13,Algae,Table 1,2024-06-03,06:00:00,0.43333333333333335,Desulfovibrionaceae,0.0024,DNA,NA,0,0.0024,0
MOBEAST069,T13,Algae,Table 1,2024-06-03,06:00:00,0.43333333333333335,Desulfuromonadaceae,0.0011,DNA,NA,0,0.0011,0
MOBEAST069,T13,Algae,Table 1,2024-06-03,06:00:00,0.43333333333333335,Ectothiorhodospiraceae,9e-4,DNA,NA,0,-0.0016500000000000002,0.00255
MOBEAST069,T13,Algae,Table 1,2024-06-03,06:00:00,0.43333333333333335,Endozoicomonadaceae,0,DNA,NA,0,-4e-4,4e-4
MOBEAST069,T13,Algae,Table 1,2024-06-03,06:00:00,0.43333333333333335,Flavobacteriaceae,0.04050000000000001,DNA,NA,0,NA,NA
MOBEAST069,T13,Algae,Table 1,2024-06-03,06:00:00,0.43333333333333335,Francisellaceae,0.0025,DNA,NA,0,0.0025,0
MOBEAST069,T13,Algae,Table 1,2024-06-03,06:00:00,0.43333333333333335,Gammaproteobacteria_unclassified,4e-4,DNA,NA,0,-0.0047,0.0051
MOBEAST069,T13,Algae,Table 1,2024-06-03,06:00:00,0.43333333333333335,Halieaceae,0.00409999999999999,DNA,NA,0,-0.01600000000000001,0.0201
MOBEAST069,T13,Algae,Table 1,2024-06-03,06:00:00,0.43333333333333335,Halomonadaceae,0,DNA,NA,0,0,0
MOBEAST069,T13,Algae,Table 1,2024-06-03,06:00:00,0.43333333333333335,Helicobacteraceae,0,DNA,NA,0,0,0
MOBEAST069,T13,Algae,Table 1,2024-06-03,06:00:00,0.43333333333333335,Hyphomonadaceae,0.00509999999999999,DNA,NA,0,0.00509999999999999,0
MOBEAST069,T13,Algae,Table 1,2024-06-03,06:00:00,0.43333333333333335,Idiomarinaceae,0,DNA,NA,0,0,0
MOBEAST069,T13,Algae,Table 1,2024-06-03,06:00:00,0.43333333333333335,KI89A_clade_fa,0,DNA,NA,0,-4.5e-4,4.5e-4
MOBEAST069,T13,Algae,Table 1,2024-06-03,06:00:00,0.43333333333333335,Kiritimatiellaceae,6e-4,DNA,NA,0,6e-4,0
MOBEAST069,T13,Algae,Table 1,2024-06-03,06:00:00,0.43333333333333335,Leptotrichiaceae,0.0016,DNA,NA,0,0.0016,0
MOBEAST069,T13,Algae,Table 1,2024-06-03,06:00:00,0.43333333333333335,Litoricolaceae,0.0083,DNA,NA,0,0.00525,0.0030499999999999998
MOBEAST069,T13,Algae,Table 1,2024-06-03,06:00:00,0.43333333333333335,Marine_Group_II_fa,0.0094,DNA,NA,0,-0.0614,0.0708
MOBEAST069,T13,Algae,Table 1,2024-06-03,06:00:00,0.43333333333333335,Marinifilaceae,0,DNA,NA,0,0,0
MOBEAST069,T13,Algae,Table 1,2024-06-03,06:00:00,0.43333333333333335,Marinilabiliaceae,7e-4,DNA,NA,0,7e-4,0
MOBEAST069,T13,Algae,Table 1,2024-06-03,06:00:00,0.43333333333333335,Marinimicrobia_(SAR406_clade)_fa,0.004,DNA,NA,0,-0.006699999999999999,0.0107
MOBEAST069,T13,Algae,Table 1,2024-06-03,06:00:00,0.43333333333333335,Marinobacteraceae,0,DNA,NA,0,0,0
MOBEAST069,T13,Algae,Table 1,2024-06-03,06:00:00,0.43333333333333335,Marinomonadaceae,1e-4,DNA,NA,0,1e-4,0
MOBEAST069,T13,Algae,Table 1,2024-06-03,06:00:00,0.43333333333333335,Methylophilaceae,0.0034,DNA,NA,0,-0.0021500000000000004,0.00555
MOBEAST069,T13,Algae,Table 1,2024-06-03,06:00:00,0.43333333333333335,Microtrichaceae,0.0022,DNA,NA,0,-0.0018,0.004
MOBEAST069,T13,Algae,Table 1,2024-06-03,06:00:00,0.43333333333333335,Moraxellaceae,0,DNA,NA,0,0,0
MOBEAST069,T13,Algae,Table 1,2024-06-03,06:00:00,0.43333333333333335,NS7_marine_group,7e-4,DNA,NA,0,-5.000000000000002e-5,7.5e-4
MOBEAST069,T13,Algae,Table 1,2024-06-03,06:00:00,0.43333333333333335,NS9_marine_group,0.0024,DNA,NA,0,NA,NA
MOBEAST069,T13,Algae,Table 1,2024-06-03,06:00:00,0.43333333333333335,Nannocystaceae,3e-4,DNA,NA,0,-2.0000000000000004e-4,5e-4
MOBEAST069,T13,Algae,Table 1,2024-06-03,06:00:00,0.43333333333333335,Nitrincolaceae,0.0658,DNA,NA,0,0.0648,9.99999999999995e-4
MOBEAST069,T13,Algae,Table 1,2024-06-03,06:00:00,0.43333333333333335,Nitrosopumilaceae,0,DNA,NA,0,-4.5e-4,4.5e-4
MOBEAST069,T13,Algae,Table 1,2024-06-03,06:00:00,0.43333333333333335,OM182_clade_fa,0.001,DNA,NA,0,-0.00355,0.00455
MOBEAST069,T13,Algae,Table 1,2024-06-03,06:00:00,0.43333333333333335,Oleiphilaceae,0.0015,DNA,NA,0,1.4999999999999996e-4,0.00135
MOBEAST069,T13,Algae,Table 1,2024-06-03,06:00:00,0.43333333333333335,Oligoflexaceae,3e-4,DNA,NA,0,-0.001,0.0013
MOBEAST069,T13,Algae,Table 1,2024-06-03,06:00:00,0.43333333333333335,Pirellulaceae,0.0016,DNA,NA,0,-0.00345,0.00505
MOBEAST069,T13,Algae,Table 1,2024-06-03,06:00:00,0.43333333333333335,Piscirickettsiaceae,0,DNA,NA,0,-4e-4,4e-4
MOBEAST069,T13,Algae,Table 1,2024-06-03,06:00:00,0.43333333333333335,Prolixibacteraceae,0,DNA,NA,0,0,0
MOBEAST069,T13,Algae,Table 1,2024-06-03,06:00:00,0.43333333333333335,Proteobacteria_unclassified,0.001,DNA,NA,0,-0.00185,0.00285
MOBEAST069,T13,Algae,Table 1,2024-06-03,06:00:00,0.43333333333333335,Pseudoalteromonadaceae,0.0012,DNA,NA,0,9e-4,3e-4
MOBEAST069,T13,Algae,Table 1,2024-06-03,06:00:00,0.43333333333333335,Pseudohongiellaceae,6e-4,DNA,NA,0,-0.0019500000000000003,0.00255
MOBEAST069,T13,Algae,Table 1,2024-06-03,06:00:00,0.43333333333333335,Pseudomonadaceae,6e-4,DNA,NA,0,6e-4,0
MOBEAST069,T13,Algae,Table 1,2024-06-03,06:00:00,0.43333333333333335,Puniceicoccaceae,0,DNA,NA,0,0,0
MOBEAST069,T13,Algae,Table 1,2024-06-03,06:00:00,0.43333333333333335,Rhodobacteraceae,0.2537,DNA,NA,0,0.19795,0.05575
MOBEAST069,T13,Algae,Table 1,2024-06-03,06:00:00,0.43333333333333335,Rhodospirillaceae,9e-4,DNA,NA,0,9e-4,0
MOBEAST069,T13,Algae,Table 1,2024-06-03,06:00:00,0.43333333333333335,Rubinisphaeraceae,8e-4,DNA,NA,0,-1.9999999999999998e-4,0.001
MOBEAST069,T13,Algae,Table 1,2024-06-03,06:00:00,0.43333333333333335,S25-593,8e-4,DNA,NA,0,-2.999999999999998e-4,0.0010999999999999998
MOBEAST069,T13,Algae,Table 1,2024-06-03,06:00:00,0.43333333333333335,SAR116_clade,0.0211,DNA,NA,0,-0.029449999999999997,0.05055
MOBEAST069,T13,Algae,Table 1,2024-06-03,06:00:00,0.43333333333333335,SAR202_clade_fa,3e-4,DNA,NA,0,-3.5e-4,6.5e-4
MOBEAST069,T13,Algae,Table 1,2024-06-03,06:00:00,0.43333333333333335,SAR324_clade(Marine_group_B)_fa,8e-4,DNA,NA,0,-1.5000000000000007e-4,9.500000000000001e-4
MOBEAST069,T13,Algae,Table 1,2024-06-03,06:00:00,0.43333333333333335,SAR86_clade_fa,0.0235,DNA,NA,0,-0.03395,0.05745
MOBEAST069,T13,Algae,Table 1,2024-06-03,06:00:00,0.43333333333333335,Saccharospirillaceae,0.0126,DNA,NA,0,-0.01965,0.03225
MOBEAST069,T13,Algae,Table 1,2024-06-03,06:00:00,0.43333333333333335,Saprospiraceae,0.0011,DNA,NA,0,0.0011,0
MOBEAST069,T13,Algae,Table 1,2024-06-03,06:00:00,0.43333333333333335,Sphingomonadaceae,3e-4,DNA,NA,0,3e-4,0
MOBEAST069,T13,Algae,Table 1,2024-06-03,06:00:00,0.43333333333333335,Spirochaetaceae,3e-4,DNA,NA,0,3e-4,0
MOBEAST069,T13,Algae,Table 1,2024-06-03,06:00:00,0.43333333333333335,Spongiibacteraceae,0,DNA,NA,0,0,0
MOBEAST069,T13,Algae,Table 1,2024-06-03,06:00:00,0.43333333333333335,Thalassospiraceae,0,DNA,NA,0,0,0
MOBEAST069,T13,Algae,Table 1,2024-06-03,06:00:00,0.43333333333333335,Thiomicrospiraceae,0,DNA,NA,0,0,0
MOBEAST069,T13,Algae,Table 1,2024-06-03,06:00:00,0.43333333333333335,Vibrionaceae,0.0144,DNA,NA,0,0.012,0.0024000000000000002
MOBEAST069,T13,Algae,Table 1,2024-06-03,06:00:00,0.43333333333333335,Woesearchaeia_fa,0,DNA,NA,0,-9.500000000000001e-4,9.500000000000001e-4
MOBEAST069,T13,Algae,Table 1,2024-06-03,06:00:00,0.43333333333333335,uncultured_fa,0,DNA,NA,0,-2.5e-4,2.5e-4
MOBEAST070,T14,Algae,Table 1,2024-06-03,06:00:00,6.5,het_bact,530.933,FCM,cell/µL,0,64.053,466.88
MOBEAST070,T14,Algae,Table 1,2024-06-03,06:00:00,6.5,pico_euk,0.1,FCM,cell/µL,0,-0.1415,0.2415
MOBEAST070,T14,Algae,Table 1,2024-06-03,06:00:00,6.5,syn,81.2,FCM,cell/µL,0,-21.724000000000004,102.924
MOBEAST070,T14,Algae,Table 1,2024-06-03,06:00:00,6.5,pro,18.483,FCM,cell/µL,0,-2.2005000000000017,20.683500000000002
MOBEAST070,T14,Algae,Table 1,2024-06-03,06:00:00,6.5,tot_bact,630.617,FCM,cell/µL,0,40.128999999999905,590.488
MOBEAST070,T14,Algae,Table 1,2024-06-03,06:00:00,6.5,cyano,99.683,FCM,cell/µL,0,-23.92449999999998,123.60749999999999
MOBEAST070,T14,Algae,Table 1,2024-06-03,06:00:00,6.5,chla_conc,0.0712,chla,µg/L,0,0.057800000000000004,0.013399999999999999
MOBEAST070,T14,Algae,Table 1,2024-06-03,06:00:00,6.5,tn_u_m,15.521143452776199,DOC,µmol/L,0,5.416693439568199,10.104450013208
MOBEAST070,T14,Algae,Table 1,2024-06-03,06:00:00,6.5,coble_a,0.0112251048888139,fDOM,R.U.,0,8.022299625393449e-4,0.010422874926274556
MOBEAST070,T14,Algae,Table 1,2024-06-03,06:00:00,6.5,coble_b,0.0760536241808817,fDOM,R.U.,0,0.0051202984510506505,0.07093332572983105
MOBEAST070,T14,Algae,Table 1,2024-06-03,06:00:00,6.5,coble_c,0.0116285549262157,fDOM,R.U.,0,0.004114890566598355,0.007513664359617345
MOBEAST070,T14,Algae,Table 1,2024-06-03,06:00:00,6.5,coble_m,0.0135846050913282,fDOM,R.U.,0,0.001215614329544699,0.0123689907617835
MOBEAST070,T14,Algae,Table 1,2024-06-03,06:00:00,6.5,coble_t,0.0382322056596569,fDOM,R.U.,0,-0.0312338540354151,0.069466059695072
MOBEAST070,T14,Algae,Table 1,2024-06-03,06:00:00,6.5,m_to_c,1.1682109408713142,fDOM,R.U.,0,-0.48167117672517157,1.6498821175964857
MOBEAST070,T14,Algae,Table 1,2024-06-03,06:00:00,6.5,bix,0.891511776921832,fDOM,R.U.,0,0.20482977962527305,0.686681997296559
MOBEAST070,T14,Algae,Table 1,2024-06-03,06:00:00,6.5,hix,0.71832065272646894,fDOM,R.U.,0,0.19429672474415338,0.5240239279823156
MOBEAST070,T14,Algae,Table 1,2024-06-03,06:00:00,6.5,fpeak,0.0153780811650303,fDOM,R.U.,0,-0.01072505466197065,0.02610313582700095
MOBEAST070,T14,Algae,Table 1,2024-06-03,06:00:00,6.5,fi,1.61309943761192,fDOM,R.U.,0,-0.17680559862320488,1.789905036235125
MOBEAST070,T14,Algae,Table 1,2024-06-03,06:00:00,6.5,lignin,0.0351756073670451,fDOM,R.U.,0,0.0190064518968227,0.0161691554702224
MOBEAST070,T14,Algae,Table 1,2024-06-03,06:00:00,6.5,N_N,0.26,nutrients,µmol/L,0,-0.8524999999999998,1.1124999999999998
MOBEAST070,T14,Algae,Table 1,2024-06-03,06:00:00,6.5,NO2,0.01,nutrients,µmol/L,0,NA,NA
MOBEAST070,T14,Algae,Table 1,2024-06-03,06:00:00,6.5,PO4,0.08,nutrients,µmol/L,0,0.0030000000000000027,0.077
MOBEAST070,T14,Algae,Table 1,2024-06-03,06:00:00,6.5,SiO2,0.01,nutrients,µmol/L,0,-0.58745415705,0.59745415705
MOBEAST070,T14,Algae,Table 1,2024-06-03,06:00:00,6.5,NH3,0.085,nutrients,µmol/L,0,-3.243466844,3.328466844
MOBEAST070,T14,Algae,Table 1,2024-06-03,06:00:00,6.5,NO3,0.25,nutrients,µmol/L,0,-0.17369437609999988,0.4236943760999999
MOBEAST070,T14,Algae,Table 1,2024-06-03,06:00:00,6.5,ph_diff,-0.09876984960573054,carbonate,NA,0,-0.09876984960573054,0
MOBEAST070,T14,Algae,Table 1,2024-06-03,06:00:00,6.5,delta_ta,16.08699999999999,carbonate,NA,0,16.08699999999999,0
MOBEAST070,T14,Algae,Table 1,2024-06-03,06:00:00,6.5,do_mg_l,3.77,residence time,NA,0,NA,NA
MOBEAST070,T14,Algae,Table 1,2024-06-03,06:00:00,6.5,ta,2362.2,carbonate,NA,0,17.639999999999873,2344.56
MOBEAST070,T14,Algae,Table 1,2024-06-03,06:00:00,6.5,dic_mmol_kg,2091.1839985862794,residence time,NA,0,NA,NA
MOBEAST070,T14,Algae,Table 1,2024-06-03,06:00:00,6.5,ph,7.918850189975648,carbonate,NA,0,-0.09642769532771833,8.015277885303366
MOBEAST070,T14,Algae,Table 1,2024-06-03,06:00:00,6.5,AEGEAN-169_marine_group,0.0114,DNA,NA,0,-0.017349999999999997,0.028749999999999998
MOBEAST070,T14,Algae,Table 1,2024-06-03,06:00:00,6.5,Actinomarinaceae,0.0097,DNA,NA,0,-0.006949999999999998,0.016649999999999998
MOBEAST070,T14,Algae,Table 1,2024-06-03,06:00:00,6.5,Alcanivoracaceae,0.0039,DNA,NA,0,0.0034,5e-4
MOBEAST070,T14,Algae,Table 1,2024-06-03,06:00:00,6.5,Alphaproteobacteria_unclassified,0.002,DNA,NA,0,0.002,0
MOBEAST070,T14,Algae,Table 1,2024-06-03,06:00:00,6.5,Alteromonadaceae,0.01149999999999999,DNA,NA,0,-0.027100000000000006,0.038599999999999995
MOBEAST070,T14,Algae,Table 1,2024-06-03,06:00:00,6.5,Alteromonadales_unclassified,0.0123,DNA,NA,0,0.0123,0
MOBEAST070,T14,Algae,Table 1,2024-06-03,06:00:00,6.5,Anaerolineae_unclassified,0,DNA,NA,0,0,0
MOBEAST070,T14,Algae,Table 1,2024-06-03,06:00:00,6.5,Arctic97B-4_marine_group_fa,8e-4,DNA,NA,0,-0.0028,0.0036
MOBEAST070,T14,Algae,Table 1,2024-06-03,06:00:00,6.5,Arenicellaceae,4e-4,DNA,NA,0,2e-4,2e-4
MOBEAST070,T14,Algae,Table 1,2024-06-03,06:00:00,6.5,Bacteria_unclassified,8e-4,DNA,NA,0,7.5e-4,5e-5
MOBEAST070,T14,Algae,Table 1,2024-06-03,06:00:00,6.5,Bacteriovoracaceae,0.004,DNA,NA,0,0.004,0
MOBEAST070,T14,Algae,Table 1,2024-06-03,06:00:00,6.5,Bacteroidales_unclassified,0,DNA,NA,0,0,0
MOBEAST070,T14,Algae,Table 1,2024-06-03,06:00:00,6.5,Bacteroidetes_BD2-2,2e-4,DNA,NA,0,2e-4,0
MOBEAST070,T14,Algae,Table 1,2024-06-03,06:00:00,6.5,Bacteroidia_unclassified,0.0023,DNA,NA,0,0.0023,0
MOBEAST070,T14,Algae,Table 1,2024-06-03,06:00:00,6.5,Bradymonadales_fa,0,DNA,NA,0,0,0
MOBEAST070,T14,Algae,Table 1,2024-06-03,06:00:00,6.5,Campylobacterales_unclassified,0.0014,DNA,NA,0,0.0014,0
MOBEAST070,T14,Algae,Table 1,2024-06-03,06:00:00,6.5,Campylobacteria_unclassified,7e-4,DNA,NA,0,7e-4,0
MOBEAST070,T14,Algae,Table 1,2024-06-03,06:00:00,6.5,Cellvibrionaceae,0.0066,DNA,NA,0,0.00345,0.00315
MOBEAST070,T14,Algae,Table 1,2024-06-03,06:00:00,6.5,Clade_I,0.0133,DNA,NA,0,-0.0242,0.0375
MOBEAST070,T14,Algae,Table 1,2024-06-03,06:00:00,6.5,Clade_II,0.0059,DNA,NA,0,-0.00825,0.01415
MOBEAST070,T14,Algae,Table 1,2024-06-03,06:00:00,6.5,Clade_IV,5e-4,DNA,NA,0,-0.00145,0.00195
MOBEAST070,T14,Algae,Table 1,2024-06-03,06:00:00,6.5,Colwelliaceae,6e-4,DNA,NA,0,6e-4,0
MOBEAST070,T14,Algae,Table 1,2024-06-03,06:00:00,6.5,Cryomorphaceae,0.0037,DNA,NA,0,-0.006200000000000001,0.0099
MOBEAST070,T14,Algae,Table 1,2024-06-03,06:00:00,6.5,Cyanobiaceae,0.1885,DNA,NA,0,-0.1784,0.3669
MOBEAST070,T14,Algae,Table 1,2024-06-03,06:00:00,6.5,Cyclobacteriaceae,3.0000000000000003e-4,DNA,NA,0,-6e-4,9e-4
MOBEAST070,T14,Algae,Table 1,2024-06-03,06:00:00,6.5,Deltaproteobacteria_unclassified,3e-4,DNA,NA,0,3e-4,0
MOBEAST070,T14,Algae,Table 1,2024-06-03,06:00:00,6.5,Desulfovibrionaceae,0.002,DNA,NA,0,0.002,0
MOBEAST070,T14,Algae,Table 1,2024-06-03,06:00:00,6.5,Desulfuromonadaceae,0.001,DNA,NA,0,0.001,0
MOBEAST070,T14,Algae,Table 1,2024-06-03,06:00:00,6.5,Ectothiorhodospiraceae,4e-4,DNA,NA,0,-0.00215,0.00255
MOBEAST070,T14,Algae,Table 1,2024-06-03,06:00:00,6.5,Endozoicomonadaceae,6e-4,DNA,NA,0,1.9999999999999993e-4,4e-4
MOBEAST070,T14,Algae,Table 1,2024-06-03,06:00:00,6.5,Flavobacteriaceae,0.0312,DNA,NA,0,NA,NA
MOBEAST070,T14,Algae,Table 1,2024-06-03,06:00:00,6.5,Francisellaceae,0.0022,DNA,NA,0,0.0022,0
MOBEAST070,T14,Algae,Table 1,2024-06-03,06:00:00,6.5,Gammaproteobacteria_unclassified,0.00219999999999999,DNA,NA,0,-0.00290000000000001,0.0051
MOBEAST070,T14,Algae,Table 1,2024-06-03,06:00:00,6.5,Halieaceae,0.0053,DNA,NA,0,-0.0148,0.0201
MOBEAST070,T14,Algae,Table 1,2024-06-03,06:00:00,6.5,Halomonadaceae,0,DNA,NA,0,0,0
MOBEAST070,T14,Algae,Table 1,2024-06-03,06:00:00,6.5,Hyphomonadaceae,0.0021,DNA,NA,0,0.0021,0
MOBEAST070,T14,Algae,Table 1,2024-06-03,06:00:00,6.5,Idiomarinaceae,0,DNA,NA,0,0,0
MOBEAST070,T14,Algae,Table 1,2024-06-03,06:00:00,6.5,JGI_0000069-P22_fa,5e-4,DNA,NA,0,-0.0015999999999999999,0.0021
MOBEAST070,T14,Algae,Table 1,2024-06-03,06:00:00,6.5,KI89A_clade_fa,4e-4,DNA,NA,0,-4.999999999999997e-5,4.5e-4
MOBEAST070,T14,Algae,Table 1,2024-06-03,06:00:00,6.5,Kiritimatiellaceae,0.0014,DNA,NA,0,0.0014,0
MOBEAST070,T14,Algae,Table 1,2024-06-03,06:00:00,6.5,Leptotrichiaceae,0.0021,DNA,NA,0,0.0021,0
MOBEAST070,T14,Algae,Table 1,2024-06-03,06:00:00,6.5,Litoricolaceae,0.0015,DNA,NA,0,-0.0015499999999999997,0.0030499999999999998
MOBEAST070,T14,Algae,Table 1,2024-06-03,06:00:00,6.5,Marine_Group_II_fa,0.0212,DNA,NA,0,-0.049600000000000005,0.0708
MOBEAST070,T14,Algae,Table 1,2024-06-03,06:00:00,6.5,Marinifilaceae,0,DNA,NA,0,0,0
MOBEAST070,T14,Algae,Table 1,2024-06-03,06:00:00,6.5,Marinilabiliaceae,0.0031,DNA,NA,0,0.0031,0
MOBEAST070,T14,Algae,Table 1,2024-06-03,06:00:00,6.5,Marinimicrobia_(SAR406_clade)_fa,0.0032,DNA,NA,0,-0.0075,0.0107
MOBEAST070,T14,Algae,Table 1,2024-06-03,06:00:00,6.5,Marinobacteraceae,1e-4,DNA,NA,0,1e-4,0
MOBEAST070,T14,Algae,Table 1,2024-06-03,06:00:00,6.5,Marinomonadaceae,0,DNA,NA,0,0,0
MOBEAST070,T14,Algae,Table 1,2024-06-03,06:00:00,6.5,Methylophilaceae,0.002,DNA,NA,0,-0.00355,0.00555
MOBEAST070,T14,Algae,Table 1,2024-06-03,06:00:00,6.5,Micavibrionaceae,0.0018,DNA,NA,0,0.0018,0
MOBEAST070,T14,Algae,Table 1,2024-06-03,06:00:00,6.5,Microtrichaceae,0.0026,DNA,NA,0,-0.0014000000000000002,0.004
MOBEAST070,T14,Algae,Table 1,2024-06-03,06:00:00,6.5,Moraxellaceae,0,DNA,NA,0,0,0
MOBEAST070,T14,Algae,Table 1,2024-06-03,06:00:00,6.5,NS7_marine_group,1e-4,DNA,NA,0,-6.5e-4,7.5e-4
MOBEAST070,T14,Algae,Table 1,2024-06-03,06:00:00,6.5,NS9_marine_group,0.0019,DNA,NA,0,NA,NA
MOBEAST070,T14,Algae,Table 1,2024-06-03,06:00:00,6.5,Nannocystaceae,1e-4,DNA,NA,0,-4e-4,5e-4
MOBEAST070,T14,Algae,Table 1,2024-06-03,06:00:00,6.5,Nitrincolaceae,0.1522,DNA,NA,0,0.1512,9.99999999999995e-4
MOBEAST070,T14,Algae,Table 1,2024-06-03,06:00:00,6.5,Nitrosopumilaceae,6e-4,DNA,NA,0,1.4999999999999996e-4,4.5e-4
MOBEAST070,T14,Algae,Table 1,2024-06-03,06:00:00,6.5,OM182_clade_fa,9e-4,DNA,NA,0,-0.0036500000000000005,0.00455
MOBEAST070,T14,Algae,Table 1,2024-06-03,06:00:00,6.5,Oleiphilaceae,6e-4,DNA,NA,0,-7.500000000000001e-4,0.00135
MOBEAST070,T14,Algae,Table 1,2024-06-03,06:00:00,6.5,Oligoflexaceae,1e-4,DNA,NA,0,-0.0012,0.0013
MOBEAST070,T14,Algae,Table 1,2024-06-03,06:00:00,6.5,Pirellulaceae,0.0012,DNA,NA,0,-0.00385,0.00505
MOBEAST070,T14,Algae,Table 1,2024-06-03,06:00:00,6.5,Piscirickettsiaceae,1e-4,DNA,NA,0,-3.0000000000000003e-4,4e-4
MOBEAST070,T14,Algae,Table 1,2024-06-03,06:00:00,6.5,Prolixibacteraceae,0,DNA,NA,0,0,0
MOBEAST070,T14,Algae,Table 1,2024-06-03,06:00:00,6.5,Proteobacteria_unclassified,0.001,DNA,NA,0,-0.00185,0.00285
MOBEAST070,T14,Algae,Table 1,2024-06-03,06:00:00,6.5,Pseudoalteromonadaceae,0.001,DNA,NA,0,7.000000000000001e-4,3e-4
MOBEAST070,T14,Algae,Table 1,2024-06-03,06:00:00,6.5,Pseudohongiellaceae,6e-4,DNA,NA,0,-0.0019500000000000003,0.00255
MOBEAST070,T14,Algae,Table 1,2024-06-03,06:00:00,6.5,Pseudomonadaceae,7e-4,DNA,NA,0,7e-4,0
MOBEAST070,T14,Algae,Table 1,2024-06-03,06:00:00,6.5,Puniceicoccaceae,2e-4,DNA,NA,0,2e-4,0
MOBEAST070,T14,Algae,Table 1,2024-06-03,06:00:00,6.5,Rhizobiaceae,5e-4,DNA,NA,0,5e-4,0
MOBEAST070,T14,Algae,Table 1,2024-06-03,06:00:00,6.5,Rhodobacteraceae,0.17880000000000004,DNA,NA,0,0.12305000000000005,0.05575
MOBEAST070,T14,Algae,Table 1,2024-06-03,06:00:00,6.5,Rubinisphaeraceae,4e-4,DNA,NA,0,-6.000000000000001e-4,0.001
MOBEAST070,T14,Algae,Table 1,2024-06-03,06:00:00,6.5,S25-593,3e-4,DNA,NA,0,-7.999999999999999e-4,0.0010999999999999998
MOBEAST070,T14,Algae,Table 1,2024-06-03,06:00:00,6.5,SAR116_clade,0.017,DNA,NA,0,-0.033549999999999996,0.05055
MOBEAST070,T14,Algae,Table 1,2024-06-03,06:00:00,6.5,SAR202_clade_fa,2e-4,DNA,NA,0,-4.5e-4,6.5e-4
MOBEAST070,T14,Algae,Table 1,2024-06-03,06:00:00,6.5,SAR86_clade_fa,0.0182,DNA,NA,0,-0.03925,0.05745
MOBEAST070,T14,Algae,Table 1,2024-06-03,06:00:00,6.5,Saccharospirillaceae,0.0144,DNA,NA,0,-0.01785,0.03225
MOBEAST070,T14,Algae,Table 1,2024-06-03,06:00:00,6.5,Saprospiraceae,8e-4,DNA,NA,0,8e-4,0
MOBEAST070,T14,Algae,Table 1,2024-06-03,06:00:00,6.5,Sphingomonadaceae,1e-4,DNA,NA,0,1e-4,0
MOBEAST070,T14,Algae,Table 1,2024-06-03,06:00:00,6.5,Spirochaetaceae,0.0027,DNA,NA,0,0.0027,0
MOBEAST070,T14,Algae,Table 1,2024-06-03,06:00:00,6.5,Spongiibacteraceae,3e-4,DNA,NA,0,3e-4,0
MOBEAST070,T14,Algae,Table 1,2024-06-03,06:00:00,6.5,Stappiaceae,0.0011,DNA,NA,0,0.0011,0
MOBEAST070,T14,Algae,Table 1,2024-06-03,06:00:00,6.5,Terasakiellaceae,7.999999999999999e-4,DNA,NA,0,7.999999999999999e-4,0
MOBEAST070,T14,Algae,Table 1,2024-06-03,06:00:00,6.5,Thalassospiraceae,3e-4,DNA,NA,0,3e-4,0
MOBEAST070,T14,Algae,Table 1,2024-06-03,06:00:00,6.5,Thiomicrospiraceae,0,DNA,NA,0,0,0
MOBEAST070,T14,Algae,Table 1,2024-06-03,06:00:00,6.5,Vibrionaceae,0.0212,DNA,NA,0,0.0188,0.0024000000000000002
MOBEAST070,T14,Algae,Table 1,2024-06-03,06:00:00,6.5,Woesearchaeia_fa,0,DNA,NA,0,-9.500000000000001e-4,9.500000000000001e-4
MOBEAST070,T14,Algae,Table 1,2024-06-03,06:00:00,6.5,uncultured_fa,2e-4,DNA,NA,0,-4.9999999999999996e-5,2.5e-4
MOBEAST071,T15,Control,Table 1,2024-06-03,06:00:00,1.6166666666666667,het_bact,472.23,FCM,cell/µL,0,5.350000000000023,466.88
MOBEAST071,T15,Control,Table 1,2024-06-03,06:00:00,1.6166666666666667,pico_euk,0.266,FCM,cell/µL,0,0.024500000000000022,0.2415
MOBEAST071,T15,Control,Table 1,2024-06-03,06:00:00,1.6166666666666667,syn,106.722,FCM,cell/µL,0,3.7979999999999876,102.924
MOBEAST071,T15,Control,Table 1,2024-06-03,06:00:00,1.6166666666666667,pro,22.612,FCM,cell/µL,0,1.928499999999996,20.683500000000002
MOBEAST071,T15,Control,Table 1,2024-06-03,06:00:00,1.6166666666666667,tot_bact,601.564,FCM,cell/µL,0,11.075999999999908,590.488
MOBEAST071,T15,Control,Table 1,2024-06-03,06:00:00,1.6166666666666667,cyano,129.33400000000006,FCM,cell/µL,0,5.7265000000000725,123.60749999999999
MOBEAST071,T15,Control,Table 1,2024-06-03,06:00:00,1.6166666666666667,chla_conc,0.15519999999999998,chla,µg/L,0,0.14179999999999998,0.013399999999999999
MOBEAST071,T15,Control,Table 1,2024-06-03,06:00:00,1.6166666666666667,tn_u_m,16.0423226027544,DOC,µmol/L,0,5.9378725895464,10.104450013208
MOBEAST071,T15,Control,Table 1,2024-06-03,06:00:00,1.6166666666666667,coble_a,0.0123162229428976,fDOM,R.U.,0,0.0018933480166230445,0.010422874926274556
MOBEAST071,T15,Control,Table 1,2024-06-03,06:00:00,1.6166666666666667,coble_b,0.0759200345572552,fDOM,R.U.,0,0.0049867088274241494,0.07093332572983105
MOBEAST071,T15,Control,Table 1,2024-06-03,06:00:00,1.6166666666666667,coble_c,0.0107256757529717,fDOM,R.U.,0,0.003212011393354354,0.007513664359617345
MOBEAST071,T15,Control,Table 1,2024-06-03,06:00:00,1.6166666666666667,coble_m,0.0148420417918959,fDOM,R.U.,0,0.002473051030112399,0.0123689907617835
MOBEAST071,T15,Control,Table 1,2024-06-03,06:00:00,1.6166666666666667,coble_t,0.159297341790358,fDOM,R.U.,0,0.08983128209528601,0.069466059695072
MOBEAST071,T15,Control,Table 1,2024-06-03,06:00:00,1.6166666666666667,m_to_c,1.3837861719606528,fDOM,R.U.,0,-0.26609594563583294,1.6498821175964857
MOBEAST071,T15,Control,Table 1,2024-06-03,06:00:00,1.6166666666666667,bix,0.996119445922025,fDOM,R.U.,0,0.30943744862546596,0.686681997296559
MOBEAST071,T15,Control,Table 1,2024-06-03,06:00:00,1.6166666666666667,hix,0.351827896393713,fDOM,R.U.,0,-0.17219603158860258,0.5240239279823156
MOBEAST071,T15,Control,Table 1,2024-06-03,06:00:00,1.6166666666666667,fi,2.2079101531478,fDOM,R.U.,0,0.41800511691267483,1.789905036235125
MOBEAST071,T15,Control,Table 1,2024-06-03,06:00:00,1.6166666666666667,lignin,0.045567892761785,fDOM,R.U.,0,0.0293987372915626,0.0161691554702224
MOBEAST071,T15,Control,Table 1,2024-06-03,06:00:00,1.6166666666666667,N_N,1.28,nutrients,µmol/L,0,0.1675000000000002,1.1124999999999998
MOBEAST071,T15,Control,Table 1,2024-06-03,06:00:00,1.6166666666666667,NO2,0.01,nutrients,µmol/L,0,NA,NA
MOBEAST071,T15,Control,Table 1,2024-06-03,06:00:00,1.6166666666666667,PO4,0.1,nutrients,µmol/L,0,0.023000000000000007,0.077
MOBEAST071,T15,Control,Table 1,2024-06-03,06:00:00,1.6166666666666667,SiO2,0.01,nutrients,µmol/L,0,-0.58745415705,0.59745415705
MOBEAST071,T15,Control,Table 1,2024-06-03,06:00:00,1.6166666666666667,NH3,0.38,nutrients,µmol/L,0,-2.948466844,3.328466844
MOBEAST071,T15,Control,Table 1,2024-06-03,06:00:00,1.6166666666666667,NO3,1.27,nutrients,µmol/L,0,0.8463056239000002,0.4236943760999999
MOBEAST071,T15,Control,Table 1,2024-06-03,06:00:00,1.6166666666666667,ph_diff,0.0023499653291612,carbonate,NA,0,0.0023499653291612,0
MOBEAST071,T15,Control,Table 1,2024-06-03,06:00:00,1.6166666666666667,delta_ta,-6.638999999999669,carbonate,NA,0,-6.638999999999669,0
MOBEAST071,T15,Control,Table 1,2024-06-03,06:00:00,1.6166666666666667,do_mg_l,4.07,residence time,NA,0,NA,NA
MOBEAST071,T15,Control,Table 1,2024-06-03,06:00:00,1.6166666666666667,ta,2339.474,carbonate,NA,0,-5.085999999999785,2344.56
MOBEAST071,T15,Control,Table 1,2024-06-03,06:00:00,1.6166666666666667,dic_mmol_kg,2010.0674085660037,residence time,NA,0,NA,NA
MOBEAST071,T15,Control,Table 1,2024-06-03,06:00:00,1.6166666666666667,ph,8.019835962588328,carbonate,NA,0,0.004558077284961826,8.015277885303366
MOBEAST071,T15,Control,Table 1,2024-06-03,06:00:00,1.6166666666666667,AEGEAN-169_marine_group,0.0223,DNA,NA,0,-0.006449999999999997,0.028749999999999998
MOBEAST071,T15,Control,Table 1,2024-06-03,06:00:00,1.6166666666666667,Actinomarinaceae,0.0141,DNA,NA,0,-0.0025499999999999984,0.016649999999999998
MOBEAST071,T15,Control,Table 1,2024-06-03,06:00:00,1.6166666666666667,Alcanivoracaceae,0,DNA,NA,0,-5e-4,5e-4
MOBEAST071,T15,Control,Table 1,2024-06-03,06:00:00,1.6166666666666667,Alphaproteobacteria_unclassified,0,DNA,NA,0,0,0
MOBEAST071,T15,Control,Table 1,2024-06-03,06:00:00,1.6166666666666667,Alteromonadaceae,0.0677,DNA,NA,0,0.0291,0.038599999999999995
MOBEAST071,T15,Control,Table 1,2024-06-03,06:00:00,1.6166666666666667,Alteromonadales_unclassified,0,DNA,NA,0,0,0
MOBEAST071,T15,Control,Table 1,2024-06-03,06:00:00,1.6166666666666667,Anaerolineae_unclassified,1e-4,DNA,NA,0,1e-4,0
MOBEAST071,T15,Control,Table 1,2024-06-03,06:00:00,1.6166666666666667,Arcobacteraceae,0,DNA,NA,0,0,0
MOBEAST071,T15,Control,Table 1,2024-06-03,06:00:00,1.6166666666666667,Arctic97B-4_marine_group_fa,0.0023,DNA,NA,0,-0.0013,0.0036
MOBEAST071,T15,Control,Table 1,2024-06-03,06:00:00,1.6166666666666667,Arenicellaceae,6e-4,DNA,NA,0,3.9999999999999996e-4,2e-4
MOBEAST071,T15,Control,Table 1,2024-06-03,06:00:00,1.6166666666666667,Bacteria_unclassified,0.0025,DNA,NA,0,0.00245,5e-5
MOBEAST071,T15,Control,Table 1,2024-06-03,06:00:00,1.6166666666666667,Bacteriovoracaceae,0.0015,DNA,NA,0,0.0015,0
MOBEAST071,T15,Control,Table 1,2024-06-03,06:00:00,1.6166666666666667,Bacteroidales_unclassified,0,DNA,NA,0,0,0
MOBEAST071,T15,Control,Table 1,2024-06-03,06:00:00,1.6166666666666667,Bacteroidetes_BD2-2,0,DNA,NA,0,0,0
MOBEAST071,T15,Control,Table 1,2024-06-03,06:00:00,1.6166666666666667,Bacteroidia_unclassified,0,DNA,NA,0,0,0
MOBEAST071,T15,Control,Table 1,2024-06-03,06:00:00,1.6166666666666667,Bradymonadales_fa,0,DNA,NA,0,0,0
MOBEAST071,T15,Control,Table 1,2024-06-03,06:00:00,1.6166666666666667,Campylobacterales_unclassified,0,DNA,NA,0,0,0
MOBEAST071,T15,Control,Table 1,2024-06-03,06:00:00,1.6166666666666667,Campylobacteria_unclassified,0,DNA,NA,0,0,0
MOBEAST071,T15,Control,Table 1,2024-06-03,06:00:00,1.6166666666666667,Cellvibrionaceae,0.0111,DNA,NA,0,0.00795,0.00315
MOBEAST071,T15,Control,Table 1,2024-06-03,06:00:00,1.6166666666666667,Clade_I,0.0356,DNA,NA,0,-0.001899999999999999,0.0375
MOBEAST071,T15,Control,Table 1,2024-06-03,06:00:00,1.6166666666666667,Clade_II,0.0144,DNA,NA,0,2.500000000000002e-4,0.01415
MOBEAST071,T15,Control,Table 1,2024-06-03,06:00:00,1.6166666666666667,Clade_IV,0.0015,DNA,NA,0,-4.499999999999999e-4,0.00195
MOBEAST071,T15,Control,Table 1,2024-06-03,06:00:00,1.6166666666666667,Colwelliaceae,0,DNA,NA,0,0,0
MOBEAST071,T15,Control,Table 1,2024-06-03,06:00:00,1.6166666666666667,Cryomorphaceae,0.0102,DNA,NA,0,2.999999999999999e-4,0.0099
MOBEAST071,T15,Control,Table 1,2024-06-03,06:00:00,1.6166666666666667,Cyanobiaceae,0.3593,DNA,NA,0,-0.007599999999999996,0.3669
MOBEAST071,T15,Control,Table 1,2024-06-03,06:00:00,1.6166666666666667,Cyclobacteriaceae,6.000000000000001e-4,DNA,NA,0,-2.999999999999999e-4,9e-4
MOBEAST071,T15,Control,Table 1,2024-06-03,06:00:00,1.6166666666666667,Deltaproteobacteria_unclassified,0,DNA,NA,0,0,0
MOBEAST071,T15,Control,Table 1,2024-06-03,06:00:00,1.6166666666666667,Desulfovibrionaceae,0,DNA,NA,0,0,0
MOBEAST071,T15,Control,Table 1,2024-06-03,06:00:00,1.6166666666666667,Desulfuromonadaceae,0,DNA,NA,0,0,0
MOBEAST071,T15,Control,Table 1,2024-06-03,06:00:00,1.6166666666666667,Ectothiorhodospiraceae,0.0012,DNA,NA,0,-0.0013500000000000003,0.00255
MOBEAST071,T15,Control,Table 1,2024-06-03,06:00:00,1.6166666666666667,Endozoicomonadaceae,8e-4,DNA,NA,0,4e-4,4e-4
MOBEAST071,T15,Control,Table 1,2024-06-03,06:00:00,1.6166666666666667,Flavobacteriaceae,0.0598,DNA,NA,0,NA,NA
MOBEAST071,T15,Control,Table 1,2024-06-03,06:00:00,1.6166666666666667,Francisellaceae,0,DNA,NA,0,0,0
MOBEAST071,T15,Control,Table 1,2024-06-03,06:00:00,1.6166666666666667,Gammaproteobacteria_unclassified,0.0057,DNA,NA,0,5.999999999999998e-4,0.0051
MOBEAST071,T15,Control,Table 1,2024-06-03,06:00:00,1.6166666666666667,Halieaceae,0.0184,DNA,NA,0,-0.0017000000000000001,0.0201
MOBEAST071,T15,Control,Table 1,2024-06-03,06:00:00,1.6166666666666667,Halomonadaceae,3e-4,DNA,NA,0,3e-4,0
MOBEAST071,T15,Control,Table 1,2024-06-03,06:00:00,1.6166666666666667,Helicobacteraceae,0,DNA,NA,0,0,0
MOBEAST071,T15,Control,Table 1,2024-06-03,06:00:00,1.6166666666666667,Hyphomonadaceae,0.0033,DNA,NA,0,0.0033,0
MOBEAST071,T15,Control,Table 1,2024-06-03,06:00:00,1.6166666666666667,Idiomarinaceae,0,DNA,NA,0,0,0
MOBEAST071,T15,Control,Table 1,2024-06-03,06:00:00,1.6166666666666667,KI89A_clade_fa,8e-4,DNA,NA,0,3.5000000000000005e-4,4.5e-4
MOBEAST071,T15,Control,Table 1,2024-06-03,06:00:00,1.6166666666666667,Kiritimatiellaceae,0,DNA,NA,0,0,0
MOBEAST071,T15,Control,Table 1,2024-06-03,06:00:00,1.6166666666666667,Leptotrichiaceae,0,DNA,NA,0,0,0
MOBEAST071,T15,Control,Table 1,2024-06-03,06:00:00,1.6166666666666667,Litoricolaceae,0.004,DNA,NA,0,9.500000000000003e-4,0.0030499999999999998
MOBEAST071,T15,Control,Table 1,2024-06-03,06:00:00,1.6166666666666667,Marine_Group_II_fa,0.0618,DNA,NA,0,-0.009000000000000001,0.0708
MOBEAST071,T15,Control,Table 1,2024-06-03,06:00:00,1.6166666666666667,Marinifilaceae,0,DNA,NA,0,0,0
MOBEAST071,T15,Control,Table 1,2024-06-03,06:00:00,1.6166666666666667,Marinilabiliaceae,0,DNA,NA,0,0,0
MOBEAST071,T15,Control,Table 1,2024-06-03,06:00:00,1.6166666666666667,Marinimicrobia_(SAR406_clade)_fa,0.0089,DNA,NA,0,-0.0017999999999999995,0.0107
MOBEAST071,T15,Control,Table 1,2024-06-03,06:00:00,1.6166666666666667,Marinobacteraceae,0,DNA,NA,0,0,0
MOBEAST071,T15,Control,Table 1,2024-06-03,06:00:00,1.6166666666666667,Marinomonadaceae,2e-4,DNA,NA,0,2e-4,0
MOBEAST071,T15,Control,Table 1,2024-06-03,06:00:00,1.6166666666666667,Methylophilaceae,0.0046,DNA,NA,0,-9.500000000000003e-4,0.00555
MOBEAST071,T15,Control,Table 1,2024-06-03,06:00:00,1.6166666666666667,Micavibrionaceae,4e-4,DNA,NA,0,4e-4,0
MOBEAST071,T15,Control,Table 1,2024-06-03,06:00:00,1.6166666666666667,Microtrichaceae,0.0056,DNA,NA,0,0.0015999999999999999,0.004
MOBEAST071,T15,Control,Table 1,2024-06-03,06:00:00,1.6166666666666667,Moraxellaceae,0,DNA,NA,0,0,0
MOBEAST071,T15,Control,Table 1,2024-06-03,06:00:00,1.6166666666666667,NS7_marine_group,0.0011,DNA,NA,0,3.5000000000000005e-4,7.5e-4
MOBEAST071,T15,Control,Table 1,2024-06-03,06:00:00,1.6166666666666667,NS9_marine_group,0.00469999999999999,DNA,NA,0,NA,NA
MOBEAST071,T15,Control,Table 1,2024-06-03,06:00:00,1.6166666666666667,Nannocystaceae,6e-4,DNA,NA,0,9.999999999999994e-5,5e-4
MOBEAST071,T15,Control,Table 1,2024-06-03,06:00:00,1.6166666666666667,Nitrincolaceae,0.0059,DNA,NA,0,0.004900000000000005,9.99999999999995e-4
MOBEAST071,T15,Control,Table 1,2024-06-03,06:00:00,1.6166666666666667,Nitrosopumilaceae,2e-4,DNA,NA,0,-2.5e-4,4.5e-4
MOBEAST071,T15,Control,Table 1,2024-06-03,06:00:00,1.6166666666666667,OM182_clade_fa,0.003,DNA,NA,0,-0.0015500000000000002,0.00455
MOBEAST071,T15,Control,Table 1,2024-06-03,06:00:00,1.6166666666666667,Oligoflexaceae,9.000000000000001e-4,DNA,NA,0,-3.9999999999999986e-4,0.0013
MOBEAST071,T15,Control,Table 1,2024-06-03,06:00:00,1.6166666666666667,Pirellulaceae,0.0029,DNA,NA,0,-0.00215,0.00505
MOBEAST071,T15,Control,Table 1,2024-06-03,06:00:00,1.6166666666666667,Piscirickettsiaceae,2e-4,DNA,NA,0,-2e-4,4e-4
MOBEAST071,T15,Control,Table 1,2024-06-03,06:00:00,1.6166666666666667,Prolixibacteraceae,0,DNA,NA,0,0,0
MOBEAST071,T15,Control,Table 1,2024-06-03,06:00:00,1.6166666666666667,Proteobacteria_unclassified,0.0015,DNA,NA,0,-0.00135,0.00285
MOBEAST071,T15,Control,Table 1,2024-06-03,06:00:00,1.6166666666666667,Pseudoalteromonadaceae,0.0014,DNA,NA,0,0.0011,3e-4
MOBEAST071,T15,Control,Table 1,2024-06-03,06:00:00,1.6166666666666667,Pseudohongiellaceae,0.0023,DNA,NA,0,-2.500000000000002e-4,0.00255
MOBEAST071,T15,Control,Table 1,2024-06-03,06:00:00,1.6166666666666667,Pseudomonadaceae,0,DNA,NA,0,0,0
MOBEAST071,T15,Control,Table 1,2024-06-03,06:00:00,1.6166666666666667,Puniceicoccaceae,0,DNA,NA,0,0,0
MOBEAST071,T15,Control,Table 1,2024-06-03,06:00:00,1.6166666666666667,Rhizobiaceae,0,DNA,NA,0,0,0
MOBEAST071,T15,Control,Table 1,2024-06-03,06:00:00,1.6166666666666667,Rhodobacteraceae,0.08470000000000001,DNA,NA,0,0.02895000000000001,0.05575
MOBEAST071,T15,Control,Table 1,2024-06-03,06:00:00,1.6166666666666667,Rhodospirillaceae,0,DNA,NA,0,0,0
MOBEAST071,T15,Control,Table 1,2024-06-03,06:00:00,1.6166666666666667,Rubinisphaeraceae,0.0011,DNA,NA,0,1.0000000000000005e-4,0.001
MOBEAST071,T15,Control,Table 1,2024-06-03,06:00:00,1.6166666666666667,S25-593,8e-4,DNA,NA,0,-2.999999999999998e-4,0.0010999999999999998
MOBEAST071,T15,Control,Table 1,2024-06-03,06:00:00,1.6166666666666667,SAR116_clade,0.0427,DNA,NA,0,-0.007849999999999996,0.05055
MOBEAST071,T15,Control,Table 1,2024-06-03,06:00:00,1.6166666666666667,SAR202_clade_fa,5e-4,DNA,NA,0,-1.4999999999999996e-4,6.5e-4
MOBEAST071,T15,Control,Table 1,2024-06-03,06:00:00,1.6166666666666667,SAR324_clade(Marine_group_B)_fa,0.0012,DNA,NA,0,2.499999999999998e-4,9.500000000000001e-4
MOBEAST071,T15,Control,Table 1,2024-06-03,06:00:00,1.6166666666666667,SAR86_clade_fa,0.045,DNA,NA,0,-0.012450000000000003,0.05745
MOBEAST071,T15,Control,Table 1,2024-06-03,06:00:00,1.6166666666666667,Saccharospirillaceae,0.02379999999999999,DNA,NA,0,-0.00845000000000001,0.03225
MOBEAST071,T15,Control,Table 1,2024-06-03,06:00:00,1.6166666666666667,Saprospiraceae,3e-4,DNA,NA,0,3e-4,0
MOBEAST071,T15,Control,Table 1,2024-06-03,06:00:00,1.6166666666666667,Sphingomonadaceae,7e-4,DNA,NA,0,7e-4,0
MOBEAST071,T15,Control,Table 1,2024-06-03,06:00:00,1.6166666666666667,Spirochaetaceae,0,DNA,NA,0,0,0
MOBEAST071,T15,Control,Table 1,2024-06-03,06:00:00,1.6166666666666667,Spongiibacteraceae,3e-4,DNA,NA,0,3e-4,0
MOBEAST071,T15,Control,Table 1,2024-06-03,06:00:00,1.6166666666666667,Stappiaceae,0,DNA,NA,0,0,0
MOBEAST071,T15,Control,Table 1,2024-06-03,06:00:00,1.6166666666666667,Terasakiellaceae,0,DNA,NA,0,0,0
MOBEAST071,T15,Control,Table 1,2024-06-03,06:00:00,1.6166666666666667,Thalassospiraceae,0,DNA,NA,0,0,0
MOBEAST071,T15,Control,Table 1,2024-06-03,06:00:00,1.6166666666666667,Thiomicrospiraceae,0,DNA,NA,0,0,0
MOBEAST071,T15,Control,Table 1,2024-06-03,06:00:00,1.6166666666666667,Vibrionaceae,0.0062,DNA,NA,0,0.0037999999999999996,0.0024000000000000002
MOBEAST071,T15,Control,Table 1,2024-06-03,06:00:00,1.6166666666666667,Woesearchaeia_fa,2e-4,DNA,NA,0,-7.500000000000001e-4,9.500000000000001e-4
MOBEAST071,T15,Control,Table 1,2024-06-03,06:00:00,1.6166666666666667,uncultured_fa,3e-4,DNA,NA,0,4.999999999999997e-5,2.5e-4
MOBEAST072,T16,Coral,Table 1,2024-06-03,06:00:00,2.9,het_bact,472.117,FCM,cell/µL,0,5.237000000000023,466.88
MOBEAST072,T16,Coral,Table 1,2024-06-03,06:00:00,2.9,pico_euk,0.383,FCM,cell/µL,0,0.14150000000000001,0.2415
MOBEAST072,T16,Coral,Table 1,2024-06-03,06:00:00,2.9,syn,96.833,FCM,cell/µL,0,-6.091000000000008,102.924
MOBEAST072,T16,Coral,Table 1,2024-06-03,06:00:00,2.9,pro,21.717,FCM,cell/µL,0,1.0334999999999965,20.683500000000002
MOBEAST072,T16,Coral,Table 1,2024-06-03,06:00:00,2.9,tot_bact,590.667,FCM,cell/µL,0,0.17899999999997362,590.488
MOBEAST072,T16,Coral,Table 1,2024-06-03,06:00:00,2.9,cyano,118.55,FCM,cell/µL,0,-5.05749999999999,123.60749999999999
MOBEAST072,T16,Coral,Table 1,2024-06-03,06:00:00,2.9,chla_conc,0.02279999999999999,chla,µg/L,0,0.009399999999999992,0.013399999999999999
MOBEAST072,T16,Coral,Table 1,2024-06-03,06:00:00,2.9,tn_u_m,11.44523692233,DOC,µmol/L,0,1.3407869091220004,10.104450013208
MOBEAST072,T16,Coral,Table 1,2024-06-03,06:00:00,2.9,coble_a,0.00789231855482628,fDOM,R.U.,0,-0.0025305563714482764,0.010422874926274556
MOBEAST072,T16,Coral,Table 1,2024-06-03,06:00:00,2.9,coble_b,0.0603211652168647,fDOM,R.U.,0,-0.010612160512966345,0.07093332572983105
MOBEAST072,T16,Coral,Table 1,2024-06-03,06:00:00,2.9,coble_c,0.00740519877131512,fDOM,R.U.,0,-1.0846558830222494e-4,0.007513664359617345
MOBEAST072,T16,Coral,Table 1,2024-06-03,06:00:00,2.9,coble_m,0.0104301277415015,fDOM,R.U.,0,-0.0019388630202820008,0.0123689907617835
MOBEAST072,T16,Coral,Table 1,2024-06-03,06:00:00,2.9,coble_t,0.07817569031485,fDOM,R.U.,0,0.008709630619778003,0.069466059695072
MOBEAST072,T16,Coral,Table 1,2024-06-03,06:00:00,2.9,m_to_c,1.408487207919899,fDOM,R.U.,0,-0.24139490967658683,1.6498821175964857
MOBEAST072,T16,Coral,Table 1,2024-06-03,06:00:00,2.9,bix,1.13981250357504,fDOM,R.U.,0,0.45313050627848095,0.686681997296559
MOBEAST072,T16,Coral,Table 1,2024-06-03,06:00:00,2.9,hix,0.360843112457502,fDOM,R.U.,0,-0.16318081552481356,0.5240239279823156
MOBEAST072,T16,Coral,Table 1,2024-06-03,06:00:00,2.9,fpeak,0.0632589695425496,fDOM,R.U.,0,0.03715583371554865,0.02610313582700095
MOBEAST072,T16,Coral,Table 1,2024-06-03,06:00:00,2.9,fi,2.16969590711035,fDOM,R.U.,0,0.3797908708752249,1.789905036235125
MOBEAST072,T16,Coral,Table 1,2024-06-03,06:00:00,2.9,lignin,0.0321484716257316,fDOM,R.U.,0,0.015979316155509203,0.0161691554702224
MOBEAST072,T16,Coral,Table 1,2024-06-03,06:00:00,2.9,N_N,0.74,nutrients,µmol/L,0,-0.37249999999999983,1.1124999999999998
MOBEAST072,T16,Coral,Table 1,2024-06-03,06:00:00,2.9,NO2,0.01,nutrients,µmol/L,0,NA,NA
MOBEAST072,T16,Coral,Table 1,2024-06-03,06:00:00,2.9,PO4,0.11,nutrients,µmol/L,0,0.033,0.077
MOBEAST072,T16,Coral,Table 1,2024-06-03,06:00:00,2.9,SiO2,0.01,nutrients,µmol/L,0,-0.58745415705,0.59745415705
MOBEAST072,T16,Coral,Table 1,2024-06-03,06:00:00,2.9,NH3,0.22,nutrients,µmol/L,0,-3.1084668439999996,3.328466844
MOBEAST072,T16,Coral,Table 1,2024-06-03,06:00:00,2.9,NO3,0.73,nutrients,µmol/L,0,0.3063056239000001,0.4236943760999999
MOBEAST072,T16,Coral,Table 1,2024-06-03,06:00:00,2.9,ph_diff,-0.01371419710151222,carbonate,NA,0,-0.01371419710151222,0
MOBEAST072,T16,Coral,Table 1,2024-06-03,06:00:00,2.9,delta_ta,-6.9109999999996035,carbonate,NA,0,-6.9109999999996035,0
MOBEAST072,T16,Coral,Table 1,2024-06-03,06:00:00,2.9,do_mg_l,3.94,residence time,NA,0,NA,NA
MOBEAST072,T16,Coral,Table 1,2024-06-03,06:00:00,2.9,ta,2339.202,carbonate,NA,0,-5.35799999999972,2344.56
MOBEAST072,T16,Coral,Table 1,2024-06-03,06:00:00,2.9,dic_mmol_kg,2018.6042000676753,residence time,NA,0,NA,NA
MOBEAST072,T16,Coral,Table 1,2024-06-03,06:00:00,2.9,ph,8.004781506197716,carbonate,NA,0,-0.010496379105649822,8.015277885303366
MOBEAST072,T16,Coral,Table 1,2024-06-03,06:00:00,2.9,AEGEAN-169_marine_group,0.0255,DNA,NA,0,-0.0032499999999999994,0.028749999999999998
MOBEAST072,T16,Coral,Table 1,2024-06-03,06:00:00,2.9,Actinomarinaceae,0.0185,DNA,NA,0,0.001850000000000001,0.016649999999999998
MOBEAST072,T16,Coral,Table 1,2024-06-03,06:00:00,2.9,Alcanivoracaceae,6e-4,DNA,NA,0,9.999999999999994e-5,5e-4
MOBEAST072,T16,Coral,Table 1,2024-06-03,06:00:00,2.9,Alphaproteobacteria_unclassified,0.006,DNA,NA,0,0.006,0
MOBEAST072,T16,Coral,Table 1,2024-06-03,06:00:00,2.9,Alteromonadaceae,0.01999999999999999,DNA,NA,0,-0.018600000000000005,0.038599999999999995
MOBEAST072,T16,Coral,Table 1,2024-06-03,06:00:00,2.9,Alteromonadales_unclassified,0.0089,DNA,NA,0,0.0089,0
MOBEAST072,T16,Coral,Table 1,2024-06-03,06:00:00,2.9,Anaerolineae_unclassified,0.0055,DNA,NA,0,0.0055,0
MOBEAST072,T16,Coral,Table 1,2024-06-03,06:00:00,2.9,Arcobacteraceae,0.0154,DNA,NA,0,0.0154,0
MOBEAST072,T16,Coral,Table 1,2024-06-03,06:00:00,2.9,Arctic97B-4_marine_group_fa,0.003,DNA,NA,0,-5.999999999999998e-4,0.0036
MOBEAST072,T16,Coral,Table 1,2024-06-03,06:00:00,2.9,Arenicellaceae,5e-4,DNA,NA,0,3.0000000000000003e-4,2e-4
MOBEAST072,T16,Coral,Table 1,2024-06-03,06:00:00,2.9,Bacteria_unclassified,0.0037,DNA,NA,0,0.00365,5e-5
MOBEAST072,T16,Coral,Table 1,2024-06-03,06:00:00,2.9,Bacteriovoracaceae,7e-4,DNA,NA,0,7e-4,0
MOBEAST072,T16,Coral,Table 1,2024-06-03,06:00:00,2.9,Bacteroidales_unclassified,0,DNA,NA,0,0,0
MOBEAST072,T16,Coral,Table 1,2024-06-03,06:00:00,2.9,Bacteroidetes_BD2-2,2e-4,DNA,NA,0,2e-4,0
MOBEAST072,T16,Coral,Table 1,2024-06-03,06:00:00,2.9,Bacteroidia_unclassified,2e-4,DNA,NA,0,2e-4,0
MOBEAST072,T16,Coral,Table 1,2024-06-03,06:00:00,2.9,Bradymonadales_fa,0,DNA,NA,0,0,0
MOBEAST072,T16,Coral,Table 1,2024-06-03,06:00:00,2.9,Campylobacterales_unclassified,4e-4,DNA,NA,0,4e-4,0
MOBEAST072,T16,Coral,Table 1,2024-06-03,06:00:00,2.9,Campylobacteria_unclassified,2e-4,DNA,NA,0,2e-4,0
MOBEAST072,T16,Coral,Table 1,2024-06-03,06:00:00,2.9,Cellvibrionaceae,0.0043,DNA,NA,0,0.00115,0.00315
MOBEAST072,T16,Coral,Table 1,2024-06-03,06:00:00,2.9,Clade_I,0.0383,DNA,NA,0,8.000000000000021e-4,0.0375
MOBEAST072,T16,Coral,Table 1,2024-06-03,06:00:00,2.9,Clade_II,0.0139,DNA,NA,0,-2.500000000000002e-4,0.01415
MOBEAST072,T16,Coral,Table 1,2024-06-03,06:00:00,2.9,Clade_IV,0.0019,DNA,NA,0,-4.9999999999999914e-5,0.00195
MOBEAST072,T16,Coral,Table 1,2024-06-03,06:00:00,2.9,Colwelliaceae,2e-4,DNA,NA,0,2e-4,0
MOBEAST072,T16,Coral,Table 1,2024-06-03,06:00:00,2.9,Cryomorphaceae,0.0112,DNA,NA,0,0.001299999999999999,0.0099
MOBEAST072,T16,Coral,Table 1,2024-06-03,06:00:00,2.9,Cyanobiaceae,0.31829999999999997,DNA,NA,0,-0.04860000000000003,0.3669
MOBEAST072,T16,Coral,Table 1,2024-06-03,06:00:00,2.9,Cyclobacteriaceae,0.0012,DNA,NA,0,2.999999999999999e-4,9e-4
MOBEAST072,T16,Coral,Table 1,2024-06-03,06:00:00,2.9,Deltaproteobacteria_unclassified,0,DNA,NA,0,0,0
MOBEAST072,T16,Coral,Table 1,2024-06-03,06:00:00,2.9,Desulfovibrionaceae,0.0014,DNA,NA,0,0.0014,0
MOBEAST072,T16,Coral,Table 1,2024-06-03,06:00:00,2.9,Desulfuromonadaceae,3e-4,DNA,NA,0,3e-4,0
MOBEAST072,T16,Coral,Table 1,2024-06-03,06:00:00,2.9,Ectothiorhodospiraceae,0.0028,DNA,NA,0,2.499999999999998e-4,0.00255
MOBEAST072,T16,Coral,Table 1,2024-06-03,06:00:00,2.9,Endozoicomonadaceae,0,DNA,NA,0,-4e-4,4e-4
MOBEAST072,T16,Coral,Table 1,2024-06-03,06:00:00,2.9,Flavobacteriaceae,0.07250000000000001,DNA,NA,0,NA,NA
MOBEAST072,T16,Coral,Table 1,2024-06-03,06:00:00,2.9,Francisellaceae,5e-4,DNA,NA,0,5e-4,0
MOBEAST072,T16,Coral,Table 1,2024-06-03,06:00:00,2.9,Gammaproteobacteria_unclassified,0.0028,DNA,NA,0,-0.0023000000000000004,0.0051
MOBEAST072,T16,Coral,Table 1,2024-06-03,06:00:00,2.9,Halieaceae,0.01709999999999999,DNA,NA,0,-0.0030000000000000096,0.0201
MOBEAST072,T16,Coral,Table 1,2024-06-03,06:00:00,2.9,Halomonadaceae,0,DNA,NA,0,0,0
MOBEAST072,T16,Coral,Table 1,2024-06-03,06:00:00,2.9,Helicobacteraceae,1e-4,DNA,NA,0,1e-4,0
MOBEAST072,T16,Coral,Table 1,2024-06-03,06:00:00,2.9,Hyphomonadaceae,5e-4,DNA,NA,0,5e-4,0
MOBEAST072,T16,Coral,Table 1,2024-06-03,06:00:00,2.9,Idiomarinaceae,0,DNA,NA,0,0,0
MOBEAST072,T16,Coral,Table 1,2024-06-03,06:00:00,2.9,JGI_0000069-P22_fa,0,DNA,NA,0,-0.0021,0.0021
MOBEAST072,T16,Coral,Table 1,2024-06-03,06:00:00,2.9,KI89A_clade_fa,3e-4,DNA,NA,0,-1.5000000000000001e-4,4.5e-4
MOBEAST072,T16,Coral,Table 1,2024-06-03,06:00:00,2.9,Kiritimatiellaceae,0,DNA,NA,0,0,0
MOBEAST072,T16,Coral,Table 1,2024-06-03,06:00:00,2.9,Leptotrichiaceae,0.0015,DNA,NA,0,0.0015,0
MOBEAST072,T16,Coral,Table 1,2024-06-03,06:00:00,2.9,Litoricolaceae,0.0043,DNA,NA,0,0.0012500000000000002,0.0030499999999999998
MOBEAST072,T16,Coral,Table 1,2024-06-03,06:00:00,2.9,Marine_Group_II_fa,0.0678,DNA,NA,0,-0.0030000000000000027,0.0708
MOBEAST072,T16,Coral,Table 1,2024-06-03,06:00:00,2.9,Marinifilaceae,0,DNA,NA,0,0,0
MOBEAST072,T16,Coral,Table 1,2024-06-03,06:00:00,2.9,Marinilabiliaceae,0.0021,DNA,NA,0,0.0021,0
MOBEAST072,T16,Coral,Table 1,2024-06-03,06:00:00,2.9,Marinimicrobia_(SAR406_clade)_fa,0.0086,DNA,NA,0,-0.0020999999999999994,0.0107
MOBEAST072,T16,Coral,Table 1,2024-06-03,06:00:00,2.9,Marinobacteraceae,0,DNA,NA,0,0,0
MOBEAST072,T16,Coral,Table 1,2024-06-03,06:00:00,2.9,Marinomonadaceae,9e-4,DNA,NA,0,9e-4,0
MOBEAST072,T16,Coral,Table 1,2024-06-03,06:00:00,2.9,Methylophilaceae,0.0055,DNA,NA,0,-5.0000000000000565e-5,0.00555
MOBEAST072,T16,Coral,Table 1,2024-06-03,06:00:00,2.9,Micavibrionaceae,0,DNA,NA,0,0,0
MOBEAST072,T16,Coral,Table 1,2024-06-03,06:00:00,2.9,Microtrichaceae,0.0039,DNA,NA,0,-1.0000000000000026e-4,0.004
MOBEAST072,T16,Coral,Table 1,2024-06-03,06:00:00,2.9,Moraxellaceae,0,DNA,NA,0,0,0
MOBEAST072,T16,Coral,Table 1,2024-06-03,06:00:00,2.9,NS7_marine_group,8e-4,DNA,NA,0,5.000000000000002e-5,7.5e-4
MOBEAST072,T16,Coral,Table 1,2024-06-03,06:00:00,2.9,NS9_marine_group,0.00599999999999999,DNA,NA,0,NA,NA
MOBEAST072,T16,Coral,Table 1,2024-06-03,06:00:00,2.9,Nannocystaceae,8e-4,DNA,NA,0,3.0000000000000003e-4,5e-4
MOBEAST072,T16,Coral,Table 1,2024-06-03,06:00:00,2.9,Nitrincolaceae,0.0332,DNA,NA,0,0.032200000000000006,9.99999999999995e-4
MOBEAST072,T16,Coral,Table 1,2024-06-03,06:00:00,2.9,Nitrosopumilaceae,7e-4,DNA,NA,0,2.5e-4,4.5e-4
MOBEAST072,T16,Coral,Table 1,2024-06-03,06:00:00,2.9,OM182_clade_fa,0.0041,DNA,NA,0,-4.499999999999999e-4,0.00455
MOBEAST072,T16,Coral,Table 1,2024-06-03,06:00:00,2.9,Oleiphilaceae,0.001,DNA,NA,0,-3.5000000000000005e-4,0.00135
MOBEAST072,T16,Coral,Table 1,2024-06-03,06:00:00,2.9,Oligoflexaceae,0.001,DNA,NA,0,-2.999999999999999e-4,0.0013
MOBEAST072,T16,Coral,Table 1,2024-06-03,06:00:00,2.9,Pirellulaceae,0.0034,DNA,NA,0,-0.00165,0.00505
MOBEAST072,T16,Coral,Table 1,2024-06-03,06:00:00,2.9,Piscirickettsiaceae,9e-4,DNA,NA,0,5e-4,4e-4
MOBEAST072,T16,Coral,Table 1,2024-06-03,06:00:00,2.9,Prolixibacteraceae,0,DNA,NA,0,0,0
MOBEAST072,T16,Coral,Table 1,2024-06-03,06:00:00,2.9,Proteobacteria_unclassified,0.0031,DNA,NA,0,2.499999999999998e-4,0.00285
MOBEAST072,T16,Coral,Table 1,2024-06-03,06:00:00,2.9,Pseudoalteromonadaceae,0.002,DNA,NA,0,0.0017000000000000001,3e-4
MOBEAST072,T16,Coral,Table 1,2024-06-03,06:00:00,2.9,Pseudohongiellaceae,0.0025,DNA,NA,0,-5.000000000000013e-5,0.00255
MOBEAST072,T16,Coral,Table 1,2024-06-03,06:00:00,2.9,Pseudomonadaceae,0,DNA,NA,0,0,0
MOBEAST072,T16,Coral,Table 1,2024-06-03,06:00:00,2.9,Puniceicoccaceae,0,DNA,NA,0,0,0
MOBEAST072,T16,Coral,Table 1,2024-06-03,06:00:00,2.9,Rhizobiaceae,0,DNA,NA,0,0,0
MOBEAST072,T16,Coral,Table 1,2024-06-03,06:00:00,2.9,Rhodobacteraceae,0.0736,DNA,NA,0,0.017849999999999998,0.05575
MOBEAST072,T16,Coral,Table 1,2024-06-03,06:00:00,2.9,Rhodospirillaceae,3e-4,DNA,NA,0,3e-4,0
MOBEAST072,T16,Coral,Table 1,2024-06-03,06:00:00,2.9,Rubinisphaeraceae,0.0013,DNA,NA,0,2.999999999999999e-4,0.001
MOBEAST072,T16,Coral,Table 1,2024-06-03,06:00:00,2.9,S25-593,0.0012,DNA,NA,0,1.0000000000000005e-4,0.0010999999999999998
MOBEAST072,T16,Coral,Table 1,2024-06-03,06:00:00,2.9,SAR116_clade,0.04769999999999999,DNA,NA,0,-0.0028500000000000053,0.05055
MOBEAST072,T16,Coral,Table 1,2024-06-03,06:00:00,2.9,SAR202_clade_fa,6e-4,DNA,NA,0,-5.000000000000002e-5,6.5e-4
MOBEAST072,T16,Coral,Table 1,2024-06-03,06:00:00,2.9,SAR324_clade(Marine_group_B)_fa,0.0034,DNA,NA,0,0.00245,9.500000000000001e-4
MOBEAST072,T16,Coral,Table 1,2024-06-03,06:00:00,2.9,SAR86_clade_fa,0.0452,DNA,NA,0,-0.012250000000000004,0.05745
MOBEAST072,T16,Coral,Table 1,2024-06-03,06:00:00,2.9,Saccharospirillaceae,0.0377,DNA,NA,0,0.0054499999999999965,0.03225
MOBEAST072,T16,Coral,Table 1,2024-06-03,06:00:00,2.9,Saprospiraceae,0,DNA,NA,0,0,0
MOBEAST072,T16,Coral,Table 1,2024-06-03,06:00:00,2.9,Sphingomonadaceae,0,DNA,NA,0,0,0
MOBEAST072,T16,Coral,Table 1,2024-06-03,06:00:00,2.9,Spirochaetaceae,0.0026,DNA,NA,0,0.0026,0
MOBEAST072,T16,Coral,Table 1,2024-06-03,06:00:00,2.9,Spongiibacteraceae,0,DNA,NA,0,0,0
MOBEAST072,T16,Coral,Table 1,2024-06-03,06:00:00,2.9,Stappiaceae,0,DNA,NA,0,0,0
MOBEAST072,T16,Coral,Table 1,2024-06-03,06:00:00,2.9,Terasakiellaceae,0,DNA,NA,0,0,0
MOBEAST072,T16,Coral,Table 1,2024-06-03,06:00:00,2.9,Thalassospiraceae,0,DNA,NA,0,0,0
MOBEAST072,T16,Coral,Table 1,2024-06-03,06:00:00,2.9,Thiomicrospiraceae,4e-4,DNA,NA,0,4e-4,0
MOBEAST072,T16,Coral,Table 1,2024-06-03,06:00:00,2.9,Vibrionaceae,0.00989999999999999,DNA,NA,0,0.00749999999999999,0.0024000000000000002
MOBEAST072,T16,Coral,Table 1,2024-06-03,06:00:00,2.9,Woesearchaeia_fa,2e-4,DNA,NA,0,-7.500000000000001e-4,9.500000000000001e-4
MOBEAST072,T16,Coral,Table 1,2024-06-03,06:00:00,2.9,uncultured_fa,0,DNA,NA,0,-2.5e-4,2.5e-4
MOBEAST001,F1,Inflow,Table 1,2024-06-02,12:00:00,NA,npoc_u_m,138.7623813211,DOC,µmol/L,0,-3.6634001348795096,142.42578145597952
MOBEAST002,F2,Inflow,Table 2,2024-06-02,12:00:00,NA,npoc_u_m,146.089181590859,DOC,µmol/L,0,3.663400134879481,142.42578145597952
MOBEAST004,T2,CCA,Table 2,2024-06-02,12:00:00,2.35,npoc_u_m,159.410636626786,DOC,µmol/L,0,16.98485517080647,142.42578145597952
MOBEAST007,T5,CCA,Table 2,2024-06-02,12:00:00,2.3333333333333335,npoc_u_m,142.176004174056,DOC,µmol/L,0,-0.24977728192351378,142.42578145597952
MOBEAST009,T7,Coral,Table 2,2024-06-02,12:00:00,16.216666666666665,npoc_u_m,147.088290718554,DOC,µmol/L,0,4.662509262574474,142.42578145597952
MOBEAST010,T8,Control,Table 2,2024-06-02,12:00:00,5.433333333333334,npoc_u_m,137.430235817507,DOC,µmol/L,0,-4.995545638472521,142.42578145597952
MOBEAST011,T9,Coral,Table 1,2024-06-02,12:00:00,9,npoc_u_m,144.840295181241,DOC,µmol/L,0,2.414513725261486,142.42578145597952
MOBEAST013,T11,Control,Table 1,2024-06-02,12:00:00,0.48333333333333334,npoc_u_m,128.688030950181,DOC,µmol/L,0,-13.737750505798516,142.42578145597952
MOBEAST014,T12,CCA,Table 1,2024-06-02,12:00:00,5.383333333333334,npoc_u_m,152.500131826899,DOC,µmol/L,0,10.07435037091949,142.42578145597952
MOBEAST015,T13,Algae,Table 1,2024-06-02,12:00:00,0.9666666666666668,npoc_u_m,148.004140752274,DOC,µmol/L,0,5.5783592962944795,142.42578145597952
MOBEAST016,T14,Algae,Table 1,2024-06-02,12:00:00,1.6833333333333331,npoc_u_m,139.075990575071,DOC,µmol/L,0,-3.349790880908529,142.42578145597952
MOBEAST017,T15,Control,Table 1,2024-06-02,12:00:00,0.5666666666666667,npoc_u_m,132.83155852698,DOC,µmol/L,0,-9.594222928999528,142.42578145597952
MOBEAST018,T16,Coral,Table 1,2024-06-02,12:00:00,8.683333333333334,npoc_u_m,140.075099702765,DOC,µmol/L,0,-2.3506817532145305,142.42578145597952
MOBEAST019,F1,Inflow,Table 1,2024-06-02,18:00:00,NA,npoc_u_m,113.01589416104,DOC,µmol/L,0,4.53762062161249,108.4782735394275
MOBEAST020,F2,Inflow,Table 2,2024-06-02,18:00:00,NA,npoc_u_m,103.940652917815,DOC,µmol/L,0,-4.537620621612504,108.4782735394275
MOBEAST021,T1,Algae,Table 2,2024-06-02,18:00:00,7.7,npoc_u_m,118.261217081436,DOC,µmol/L,0,9.782943542008496,108.4782735394275
MOBEAST022,T2,CCA,Table 2,2024-06-02,18:00:00,1.5666666666666669,npoc_u_m,105.855612079229,DOC,µmol/L,0,-2.6226614601985005,108.4782735394275
MOBEAST023,T3,Control,Table 2,2024-06-02,18:00:00,3.816666666666667,npoc_u_m,100.277252782935,DOC,µmol/L,0,-8.201020756492511,108.4782735394275
MOBEAST024,T4,Algae,Table 2,2024-06-02,18:00:00,4.733333333333333,npoc_u_m,128.002531076457,DOC,µmol/L,0,19.524257537029484,108.4782735394275
MOBEAST025,T5,CCA,Table 2,2024-06-02,18:00:00,4.333333333333333,npoc_u_m,107.687312146669,DOC,µmol/L,0,-0.7909613927585042,108.4782735394275
MOBEAST026,T6,Coral,Table 2,2024-06-02,18:00:00,3.6333333333333337,npoc_u_m,128.751862922228,DOC,µmol/L,0,20.27358938280051,108.4782735394275
MOBEAST027,T7,Coral,Table 2,2024-06-02,18:00:00,19.8,npoc_u_m,110.018566777956,DOC,µmol/L,0,1.5402932385284913,108.4782735394275
MOBEAST029,T9,Coral,Table 1,2024-06-02,18:00:00,11.333333333333334,npoc_u_m,140.574654266612,DOC,µmol/L,0,32.09638072718448,108.4782735394275
MOBEAST030,T10,CCA,Table 1,2024-06-02,18:00:00,9.816666666666666,npoc_u_m,123.423280907857,DOC,µmol/L,0,14.9450073684295,108.4782735394275
MOBEAST032,T12,CCA,Table 1,2024-06-02,18:00:00,7.333333333333333,npoc_u_m,123.173503625934,DOC,µmol/L,0,14.695230086506498,108.4782735394275
MOBEAST033,T13,Algae,Table 1,2024-06-02,18:00:00,1.1333333333333333,npoc_u_m,131.249635741464,DOC,µmol/L,0,22.7713622020365,108.4782735394275
MOBEAST034,T14,Algae,Table 1,2024-06-02,18:00:00,3.0166666666666666,npoc_u_m,102.858284696146,DOC,µmol/L,0,-5.619988843281504,108.4782735394275
MOBEAST035,T15,Control,Table 1,2024-06-02,18:00:00,0.9666666666666668,npoc_u_m,129.001640204151,DOC,µmol/L,0,20.523366664723483,108.4782735394275
MOBEAST036,T16,Coral,Table 1,2024-06-02,18:00:00,8.166666666666666,npoc_u_m,134.330222218522,DOC,µmol/L,0,25.851948679094505,108.4782735394275
MOBEAST037,F1,Inflow,Table 1,2024-06-03,00:00:00,NA,npoc_u_m,119.84560680306978,DOC,µmol/L,0,0,119.84560680306978
MOBEAST038,F2,Inflow,Table 2,2024-06-03,00:00:00,NA,npoc_u_m,119.84560680306978,DOC,µmol/L,0,0,119.84560680306978
MOBEAST039,T1,Algae,Table 2,2024-06-03,00:00:00,3.7333333333333334,npoc_u_m,158.14232309524,DOC,µmol/L,0,38.2967162921702,119.84560680306978
MOBEAST042,T4,Algae,Table 2,2024-06-03,00:00:00,3.9833333333333334,npoc_u_m,108.686421274364,DOC,µmol/L,0,-11.159185528705791,119.84560680306978
MOBEAST044,T6,Coral,Table 2,2024-06-03,00:00:00,3.2333333333333334,npoc_u_m,94.8654116745902,DOC,µmol/L,0,-24.98019512847958,119.84560680306978
MOBEAST045,T7,Coral,Table 2,2024-06-03,00:00:00,3.466666666666667,npoc_u_m,92.367638855354,DOC,µmol/L,0,-27.477967947715783,119.84560680306978
MOBEAST046,T8,Control,Table 2,2024-06-03,00:00:00,9.5,npoc_u_m,85.7901704313654,DOC,µmol/L,0,-34.05543637170439,119.84560680306978
MOBEAST047,T9,Coral,Table 1,2024-06-03,00:00:00,10.6,npoc_u_m,88.7874978144488,DOC,µmol/L,0,-31.058108988620987,119.84560680306978
MOBEAST048,T10,CCA,Table 1,2024-06-03,00:00:00,8.233333333333333,npoc_u_m,86.8725386530344,DOC,µmol/L,0,-32.97306815003539,119.84560680306978
MOBEAST049,T11,Control,Table 1,2024-06-03,00:00:00,2.8666666666666667,npoc_u_m,81.5439566386639,DOC,µmol/L,0,-38.301650164405885,119.84560680306978
MOBEAST050,T12,CCA,Table 1,2024-06-03,00:00:00,5.9,npoc_u_m,83.7086930820019,DOC,µmol/L,0,-36.136913721067884,119.84560680306978
MOBEAST052,T14,Algae,Table 1,2024-06-03,00:00:00,1.45,npoc_u_m,99.5279209371644,DOC,µmol/L,0,-20.31768586590539,119.84560680306978
MOBEAST053,T15,Control,Table 1,2024-06-03,00:00:00,1.9666666666666663,npoc_u_m,93.1169707011248,DOC,µmol/L,0,-26.728636101944986,119.84560680306978
MOBEAST054,T16,Coral,Table 1,2024-06-03,00:00:00,5.733333333333333,npoc_u_m,89.4535705662451,DOC,µmol/L,0,-30.39203623682468,119.84560680306978
MOBEAST055,F1,Inflow,Table 1,2024-06-03,06:00:00,NA,npoc_u_m,75.0663991274447,DOC,µmol/L,0,0,75.0663991274447
MOBEAST057,T1,Algae,Table 2,2024-06-03,06:00:00,2,npoc_u_m,84.5412840217473,DOC,µmol/L,0,9.474884894302605,75.0663991274447
MOBEAST058,T2,CCA,Table 2,2024-06-03,06:00:00,0.43333333333333335,npoc_u_m,79.3792201953258,DOC,µmol/L,0,4.312821067881103,75.0663991274447
MOBEAST059,T3,Control,Table 2,2024-06-03,06:00:00,2.1666666666666665,npoc_u_m,71.5278876335268,DOC,µmol/L,0,-3.5385114939178948,75.0663991274447
MOBEAST060,T4,Algae,Table 2,2024-06-03,06:00:00,3.3333333333333335,npoc_u_m,131.665931211337,DOC,µmol/L,0,56.59953208389231,75.0663991274447
MOBEAST061,T5,CCA,Table 2,2024-06-03,06:00:00,2.6333333333333333,npoc_u_m,75.1663100402142,DOC,µmol/L,0,0.09991091276950215,75.0663991274447
MOBEAST062,T6,Coral,Table 2,2024-06-03,06:00:00,2.3333333333333335,npoc_u_m,83.3756567061037,DOC,µmol/L,0,8.309257578659,75.0663991274447
MOBEAST063,T7,Coral,Table 2,2024-06-03,06:00:00,2.75,npoc_u_m,99.1116254672917,DOC,µmol/L,0,24.045226339847005,75.0663991274447
MOBEAST064,T8,Control,Table 2,2024-06-03,06:00:00,7.083333333333333,npoc_u_m,82.197540526364,DOC,µmol/L,0,7.131141398919297,75.0663991274447
MOBEAST065,T9,Coral,Table 1,2024-06-03,06:00:00,7.1,npoc_u_m,150.703123048615,DOC,µmol/L,0,75.6367239211703,75.0663991274447
MOBEAST066,T10,CCA,Table 1,2024-06-03,06:00:00,8.933333333333334,npoc_u_m,150.703123048615,DOC,µmol/L,0,75.6367239211703,75.0663991274447
MOBEAST067,T11,Control,Table 1,2024-06-03,06:00:00,3.8333333333333335,npoc_u_m,87.0099161580924,DOC,µmol/L,0,11.943517030647698,75.0663991274447
MOBEAST069,T13,Algae,Table 1,2024-06-03,06:00:00,0.43333333333333335,npoc_u_m,116.983189988927,DOC,µmol/L,0,41.9167908614823,75.0663991274447
MOBEAST070,T14,Algae,Table 1,2024-06-03,06:00:00,6.5,npoc_u_m,127.224058547795,DOC,µmol/L,0,52.1576594203503,75.0663991274447
MOBEAST071,T15,Control,Table 1,2024-06-03,06:00:00,1.6166666666666667,npoc_u_m,153.117636773877,DOC,µmol/L,0,78.0512376464323,75.0663991274447
MOBEAST072,T16,Coral,Table 1,2024-06-03,06:00:00,2.9,npoc_u_m,91.2561299507939,DOC,µmol/L,0,16.18973082334921,75.0663991274447
