Wavelength	500	495	490	485	480	475	470	465	460	455	450	445	440	435	430	425	420	415	410	405	400	395	390	385	380	375	370	365	360	355	350	345	340	335	330	325	320	315	310	305	300	295	290	285	280	275	270	265	260	255	250	245	240
248.336	12.1062437224276	3.76073084128449	9.35640019102067	-1.19952298532767	9.67481559735821	-1.26755517480152	-3.11144374309656	2.31707587725402	13.2226396940524	-1.64627102197306	7.62847317174557	4.34531926800825	-1.89719427532561	9.6283354921469	-2.15585423179046	3.55310575055789	3.00615573908863	3.95599094523662	12.1518054533323	12.8413314665458	16.2659621541326	9.36683415534445	16.5122629070715	-14.7604282829365	2.33245464182786	5.6727258830677	16.02928524174	7.05483014577022	13.7197275334168	6.9598219324581	9.42207827786413	13.7549570016146	29.5932355013619	9.69300221189154	21.6516840229535	43.9829919212605	40.4027835646604	46.4183386770736	67.1371945658399	79.7397482470309	68.2234064336561	147.481576701573	420.029204532738	687.098792560686	935.16638446555	956.219221991522	922.82096271698	1004.59955410778	1072.89110893895	3787.36350854615	88522.4066693554	279311.582769334	70936.2272071719
252.814	13.869278973819	10.1345482813331	19.3561656939434	24.9023475160653	22.3474539366621	4.93400811897613	9.45980462291397	0.504576700551884	12.1604100241895	6.24386221029969	11.3294528039632	19.0828285307772	14.5425781294326	14.6366413986536	19.7959159023103	24.2567501779461	8.55115377436843	1.89524302244157	18.7126331510149	9.33792910914675	3.78813042179994	5.60934899783439	20.791004418025	15.7143370080924	6.05278064350627	27.6299437196743	-4.46473130947994	20.4569281088366	15.9880644207696	26.3236073381637	30.3823264807377	16.0408357083618	24.0668774798446	26.3442962621901	46.7707843905017	59.0195657461474	46.846209032664	61.591033385204	82.1335922038165	86.3215044225049	146.426955184236	422.521267022366	806.473196819629	1053.22194085712	1198.12344278184	1223.52375391036	1240.09143536894	1233.42688080469	2742.69242827764	64407.6355125625	294111.719295216	117580.083266294	5335.47316446345
257.296	-1.24748495075821	0.557065172454456	20.1590397995711	22.2694207224546	36.4416819992078	-7.13483977720577	-0.567247171559277	3.99384582741704	5.03647154548375	20.4839815225151	16.2717353071854	-0.4291056055434	6.29496876463109	21.5029323811686	13.625167916664	9.2630617030094	5.34350817187987	24.3771188738321	0	36.9559763347089	-6.4251348261408	30.7768188068794	10.5362247278339	31.5815584675184	23.4939410834519	-0.448150909058748	6.62614146102618	25.9602407277038	24.1674147139619	20.4016892324039	14.1713440706718	21.8760828369726	41.5625712389826	32.2501372039361	54.0641529980095	66.1158100080526	71.3075001857893	67.4098214444701	91.4923478747595	109.635847808254	330.497386814335	653.63171535488	1025.57752934922	1193.07392991138	1212.20709449994	1265.86536074163	1228.41860421526	2212.12007052463	37962.0269601164	193100.932023202	118938.703580782	5412.59418271402	6218.41710454363
261.781	10.1269593128172	-11.8707747721431	-2.5570170169142	9.61600810951992	0	0	1.43901761680572	-5.31917613012855	13.0606705357263	-0.329934392491784	15.0438493900388	-18.7234729004888	11.862948766145	0	1.72824631369419	7.26330966806228	4.06669408702917	-0.475699609043231	-11.4810858151157	13.2355127980962	16.2995651080163	5.63171074877628	9.67326519759299	8.38152192122178	7.94672864607957	8.64035617888117	24.2056621374066	-1.33946608361316	32.5494855049116	23.3452163220641	3.48610812169794	10.8816099540602	43.053752775346	53.7952234177965	46.4923136625781	41.1355970273718	80.1110893300329	70.5921870273776	89.3808247441793	250.162481730445	620.857639233542	978.936125000395	1170.68073477955	1173.01999881423	1213.35068955429	1195.9765418753	2000.68360772587	28394.4774560626	141812.875650402	102750.038431635	5781.60303604039	3717.05371847283	22947.7427101383
266.271	-12.8749919554615	3.44960134853398	-7.80212243517118	-9.29129639552718	-2.95813574009685	-6.58857048650436	3.51265292594279	-5.15244020259475	-8.66336845621566	-3.69128996749419	5.97108139125188	2.21434784285649	9.74532864968599	8.60531676219807	3.07610797851131	-2.60732265208791	-6.89363273331294	5.322104134524	-5.83862867198415	8.41353833555057	-14.9202608083842	0	-20.1949130973086	-9.5276425003382	-26.6247401236719	6.4753607517591	3.1913845303025	-3.63294097526915	5.89552531695772	9.85604328248069	1.77283674739063	28.7756002063569	30.8313055965477	28.2691042367321	44.4495021379657	53.7923060339047	61.5041879787687	81.8167359973395	197.651652027312	550.133798956529	905.145654075193	1129.13923652186	1175.55113338641	1148.40269570302	1225.57901765182	1840.47259414976	21369.8992286619	114251.796048956	90530.7650806941	6280.46527374465	2642.92821406042	14962.385925113	30773.4972216928
270.764	-16.1032460756098	-8.62909733386419	-20.2975004313837	-6.3609578224706	-1.26852129850191	-7.75583785246002	-3.80762173327673	-1.28887090196669	-5.49004092472733	-1.34308011321885	-4.85436928067539	-15.5095905822427	-9.75108494833745	-10.8762943415485	-11.8719962404258	-5.21772545229717	-22.0726547625963	-5.80936118796274	12.746350669061	2.24493546190641	-10.5056445243003	-1.56308735137477	-3.1087448737258	-6.02101276910208	-1.42716785508507	-4.62798969282638	-5.93035781689695	3.18070099722866	0.907539637269125	2.68959953924526	-1.77388391348888	12.4029649326437	35.3204612684768	34.6729186077938	47.3146353629204	52.3289663510747	61.0145294944184	164.84393618332	485.911675783594	828.190207098074	1142.7868667211	1129.80618813511	1136.39978449188	1167.32040707441	1646.41538700388	15485.093061727	95250.2411938999	92266.777182087	7006.97147293479	2016.63448740409	8978.26619575535	27448.8119513501	9262.91176868508
275.26	-5.04414411284707	-20.2721909195009	-28.5292304747634	-32.5695797263327	-19.8674360741184	-21.6370305928896	-14.0485209341935	-11.8593626817125	-13.010796697729	-22.6785402163261	-28.5107170090128	-15.6156069170076	-14.0902733088871	-30.6085586657301	-4.73452865733871	-8.93806174396303	-18.9054361833476	-24.6419206461927	-7.79812078844444	-7.69123325984799	-9.74239388253606	-19.3807093640953	-49.7031582494107	-27.0131400311624	-34.4595497388942	-5.88924759911605	-22.7736058523439	-26.6870232270582	7.10689120847498	-5.26552519989608	-4.77509446251325	11.2736594225959	38.0752361993169	40.1923496165432	32.4203437787775	53.6623417236024	143.649314832645	391.953217340543	727.251761410578	1037.24079649953	1069.60299096403	1082.6110380185	1071.0413365141	1535.43923311689	11080.42963787	78072.7325583997	92369.056991095	8342.01158741761	1684.44518780452	4818.83692166198	22563.441726741	13245.552765153	452.227771012547
279.76	24.5207261972199	10.4022581045868	10.4015284868745	10.2447593260058	21.730523275302	12.5480880679017	8.91990725595434	6.13309001922232	5.49986326451988	14.6994022575165	3.90914751740637	6.32591663139514	9.28010426521104	15.0951582632464	8.78778042212634	26.4837736415201	7.43981558156216	-1.84292236280013	36.3920929321808	10.6825216196651	32.0995431552505	20.8262558910525	20.7101401541212	4.77516318914517	17.2043121230114	24.2245092863132	2.60488594128719	27.2436486220928	27.2067127764398	34.9824433490252	41.3610157320926	53.1175389939982	45.9539605019736	53.4049896315258	70.6960364175407	107.191713202273	384.947526149125	692.71847172049	1019.82977359854	1091.79563317125	1041.82338270944	1086.91605090812	1412.94217263309	8750.37604641384	63743.5948220891	76065.2828539039	10247.6242409857	1799.0647805568	3127.10119445297	17197.7502569781	16884.6499149227	2292.59322104389	1077.20695935949
284.264	7.00110232169211	10.9422129256309	15.556204734563	5.31829186798554	-3.44691660549303	2.45871688297093	9.01988747909334	1.16740400012004	-1.04687235227111	4.25776532770896	8.79375910756146	-7.22464567463137	-15.5613448581304	-3.28376035733608	-1.59305854212282	-0.787665332403899	0.833019344806776	9.20827298342085	20.6849670907505	2.03336628536021	23.53849636393	6.13503584383253	2.81576781305437	0.454464600288134	6.03244810233379	15.5097881294398	19.4199077102863	11.9353335642021	18.9062412903984	36.135838454675	31.732482803835	47.3435968735863	48.5950775431329	54.5459483774253	97.7106950478532	306.502759951936	604.572874323129	934.6918211903	1019.50030213016	984.699315427147	991.530191617669	1190.07067388579	5731.89955506599	52014.6355244606	60661.6070241035	12058.8429433178	1818.13342057819	2266.50735126555	12091.3587451553	18406.3167498362	3450.2683530886	741.511914327321	627.676931256936
288.772	-26.4750788290681	-2.46301307160331	-17.380615937838	-6.28482264163645	-9.41396242182319	-12.9504821009185	8.02570193918042	-1.98657299647705	-1.2371278646933	-4.02524729346918	-11.5110399977606	-16.3163626146226	-4.37369942928827	-19.4027066920936	-5.27121372836182	-14.8930131343069	-16.538085287758	7.46177658624734	-14.0980458333673	-18.2620727810818	-3.31428418441308	-7.13846082302993	-8.42965957598685	-2.57787678956703	-8.14716289883931	-0.396291709352138	12.890628403123	20.2325560578704	14.7652840705282	44.1424887863022	33.0374911887673	25.0342176492738	25.267705971461	49.6138732133726	218.782137466313	508.26150997507	824.231049625971	945.164755957682	941.211833953525	914.320022942747	990.571257995614	3677.52962411945	43004.3729638683	49213.1439794116	13410.5431246002	1745.36610300797	1800.50908586817	7846.31982004191	18125.6433325584	5795.86234550851	723.428232604417	330.364659792838	-138.459831388607
293.283	-7.40180023837454	-15.5820269854611	-14.0970355754731	-7.22915559511448	3.8177290045774	-4.77447790502823	-2.40406578916635	2.96212481154977	-3.32036570980235	-3.30718947313333	-0.612992777809822	5.0920918468292	-9.52817132188514	-2.6037762068253	-6.13542725443421	17.4876704727958	6.03905826089185	-10.728692564966	-18.7447209606291	0	-11.3460583563058	9.83616337576497	-5.10329861430879	-6.58937446234116	-11.3236829738551	-10.2563315314698	17.2238914948889	11.5617188006637	15.2705741721062	22.0761596065386	38.2199757041461	27.9958793490682	64.2204327288806	186.10973903387	414.765527646485	748.991872449406	931.239365087443	866.673468473675	863.17908110266	844.586065047319	2363.35606434947	37289.8076979241	41163.4866690625	14150.4327098886	1592.31577430568	1693.84956689243	4939.05092911046	16492.3855210286	8472.7339058413	1242.08568860735	689.336588599144	664.234574532174	644.641076551478
297.797	6.65384312849568	-6.85679479328666	7.03044246135969	-7.38734784815746	1.34397838664716	-12.9420716615174	0.698212281934073	-2.86763079081249	2.06642798588244	5.06933874565753	9.49500551679146	-6.69023964874446	-11.069058544557	-23.7667299019171	10.4818279180203	-1.72753066987026	-5.84640773708093	-13.8485855489035	14.3485931748481	-1.3378915422059	-1.75745768281115	7.03828259050387	-18.1151649456105	-15.1505250347561	-11.7184798871984	14.3421009365633	16.6744363356232	23.4689654837715	28.8457196333029	39.8942383959265	43.3437118012096	36.6063652200274	154.541213050728	378.471421256463	672.607371396487	852.614416298909	845.108000686239	848.761462597681	818.855544585055	1789.37098599119	29270.6442752178	36079.5833191185	16652.9095342919	1405.84558961057	1435.87827074826	3052.7173719419	13595.073359085	11276.6713457582	1744.2718097776	923.229358442653	659.401632331815	478.5451084425	73.4207692807536
302.315	-10.5518085301735	9.42383318531402	4.05987010653365	5.72538385691965	-19.790736002323	-13.6127361082269	1.5993468939079	-2.21190406272445	1.57780819492827	-8.64350830577782	-1.7477322309495	-3.45673809429899	-3.98437784728727	-6.36321213875216	5.83100070745447	0	3.58713333351901	-10.9516439821108	-13.6717071444014	-9.1938486522414	-8.19514964235208	-2.03219877323315	1.21252101102167	5.87102254021279	-15.2149960437954	-5.41524149064541	33.8061206769223	27.6473553296146	38.9369991923933	34.9679810238077	48.4314449242204	107.463766965563	337.604960460744	597.176832379869	812.731324212033	852.172653585731	809.947020628918	781.09730431434	1356.4157872527	23039.0986551074	32758.23607566	20763.8895585987	1244.54291507925	1177.36817632316	1872.55337436165	9672.68718248067	13004.9981143926	2800.50925437346	1036.70465440587	955.724917833282	705.828038894973	763.404382133205	468.501180095151
306.837	24.0515270265394	0.895018682903342	-18.6236062345163	-8.75457356144882	7.56540777428183	-1.80999748868602	2.05059998958212	-1.00262242892742	-4.27074438445449	-2.87317850770642	-4.64769304828059	-13.7886033049856	3.9733271696245	3.17278188038845	-14.7080954118686	5.75011983318705	2.86174753126704	14.6872246100741	-7.43661198821806	-10.4781137141076	-0.860254777167191	8.91687485491731	3.22442155269861	-3.51284355047617	7.77143272781136	9.72040015911532	30.8734238283849	41.7094832218447	35.2990976085436	59.2806953732532	94.5243639029777	292.207483002705	555.085853038186	807.750177686001	829.248483315326	793.206899631343	748.780220606042	1149.76790197417	17413.3058572656	30521.844291215	25468.2330510028	1292.21334728131	1021.0175638322	1281.93574526253	6100.97983884527	13353.1480147577	4413.65158387209	1289.7185031089	955.400918920212	1012.17959098117	948.863996750153	1039.44966553941	718.771986771593
311.362	22.0193727606672	8.04498910105217	0.808698791724338	6.84274750534152	4.92772671059634	8.73726623604149	10.9227131484815	8.21111467920716	13.6940106785728	-2.34781181071845	16.2463697020972	-1.03283843330417	9.01887774934018	5.28128757105333	3.7577814453463	2.70251934124221	5.35899606966935	13.1641864112855	2.06311516437607	19.1856002693722	17.6129378938095	17.4064134864655	16.9068215380312	13.6437952319824	20.3280320300072	33.4390690340843	38.6316172780549	43.4218939926316	51.8241022493105	78.7088662564753	247.03768333307	533.774876288555	790.24093489954	787.234670722889	771.957939982891	744.192153734015	1029.3955610886	13144.1826470876	28632.9099830302	28133.5477373279	1549.99144106622	855.89992265947	986.912797335015	3760.88339744101	11741.1549743161	6270.26742645159	1512.4822364551	1217.54717777637	1032.52293717944	1069.931221771	1075.83274973981	1242.83905036919	664.023921376473
315.89	-8.49889718719075	2.23246339358882	2.01970615952131	-16.7098316111062	5.90730299588032	-2.10686640716076	3.6372291307841	-3.20110286918896	-4.48530737081095	-5.2120930001299	4.63713430484633	5.15897925626141	0.720781903125036	0.351730430715443	-6.48416145992845	-12.8240088023114	12.8486076426253	-10.1449784850868	11.9539889996189	-1.74238487958897	2.14575107298969	5.25709202861919	25.7367698597671	21.8080363576855	18.4613747516818	29.0949513445231	31.1573455695283	48.3154029070846	63.7462166924658	219.53610964361	443.668254134299	733.672317583708	769.663781992409	744.302971541765	691.49023390799	873.407723610512	9160.08817926429	27143.5915119587	28603.0959995067	1758.45308154282	803.502371033138	798.444447158423	2098.62919458655	9543.4823825286	7924.64700760781	1846.97024092137	1402.86224724263	1219.13695824605	999.469204419325	973.023158651659	896.268965180513	1022.48134189835	788.852969173508
320.422	17.0250026617591	6.70811066088903	-0.809175637367307	8.74866627343678	13.1483528605803	3.91901502208402	7.96917455663569	10.420237292057	11.2312174516528	3.91532697917062	17.7073733464712	3.78930728692682	-8.30226003522455	-2.46605410742238	8.5454481919305	6.42226806563887	14.2990826075962	19.5697522283094	-1.23859900262981	21.8146738331531	25.790229196452	7.29070204215378	45.1114415202606	17.552366016572	28.8458442247592	35.2576457071556	37.2358862854978	61.4623135636766	204.949370873521	400.048927098742	685.011593421044	773.069751149429	736.139431973102	695.487377190158	760.275201064727	6540.50984539694	25673.1915259312	27182.2779149915	2463.51725406299	836.383397489486	833.345545873999	1363.17612973854	7178.85124575638	9398.53612774137	3137.72653719871	2213.00561979256	2221.81200192961	2099.14276047264	1774.13660809411	1835.95247829281	1760.43177151133	1733.68551010199	1741.84593600626
324.958	-7.750454630596	-17.5355827766614	-6.67975345724715	7.06503255192429	6.44455015779645	-6.84358876331104	-0.704845932583313	-4.54909067974396	0.231784547560835	10.2350041333162	-1.19815208632324	-11.7302894212068	-17.1338111320579	5.81637222205472	6.34884888039171	4.18546507156154	-2.95097695953607	-13.591821916961	0.85205399049475	-4.95220999772069	4.43538781638654	3.76155141131378	20.7809948420578	13.2820386766175	29.3837367307548	25.9868070322492	51.9623026997917	156.002325557381	385.837087139737	667.385615225873	781.196049237602	738.372521655314	696.84241053917	716.925028577416	4420.50688611022	25069.0747512688	26458.2262289279	3355.82529161132	921.255984434436	907.19997673503	1014.21106316208	4671.00490539505	9943.6111142512	4351.97684169447	2778.74514520615	2975.84088623127	2994.51186762642	2891.47316390159	2543.84975202959	2349.04852850111	2253.6421636891	1811.59395557861	1908.54708129978
329.496	21.0275636965544	20.6577173196014	-11.8930030070684	10.7819787818978	11.7330513350776	10.1275465640287	2.39037473446141	0.420750804845318	-2.35818311796458	-6.85073993041943	2.43800723771711	-7.23298942213957	4.16851986425665	-3.32864718376632	-3.22966919188573	20.5818076972174	-4.1282079267058	1.18528812299137	-10.4025882162919	0	-6.76886581545085	8.92969928352892	8.45705923483748	37.2636369148987	22.5183901403467	44.5686968031374	125.837415790615	326.334524442084	640.303896729578	756.558388219492	731.454073034925	675.304900716462	686.346804374734	3200.9528692153	24204.7619692137	25495.1854780218	4590.18711229638	910.824129437141	881.731449568954	892.357913103537	2627.34929626601	8853.5498861788	5189.38183540905	2463.56285405422	2698.63859385026	2986.1978609667	2966.32118186152	2718.00989052827	2483.39892279726	2240.07417987029	2203.10628875562	2127.26912547965	2714.69593027305
334.038	-6.34874032185623	-7.56009039385228	-8.97697765044759	-19.6928303958193	-20.4909180900203	-21.3405901353754	-5.77370490657775	-4.02277657520861	-12.103892389898	-9.37678031614389	-10.1212999436598	-21.4742100972756	-1.14416272965139	-12.6555645850494	-2.16692626462175	-9.99979059962263	-4.15469277999432	11.5312935405131	-13.5228805352458	-17.0560511572563	2.27076400797518	23.1093989862243	20.0015930355169	28.4361168297517	27.3517260190073	72.2235582252675	300.500231463406	584.079607833763	757.714995250952	737.848137634871	682.602206001984	657.079816775557	2229.05540487232	23436.6404741952	24306.0310019172	5794.63797294704	914.59544125417	871.383118596459	858.949427433305	1678.51078931451	6919.91810464266	6361.23249818775	2285.69747819145	2540.79045235959	2898.52959160135	3137.7460035719	3181.80566448186	2842.83693684646	2595.31472866109	2353.25632035535	1925.71443088044	2001.79584649201	1859.3541922765
338.584	24.8079149512417	-44.3119587523667	-8.95604428989986	-28.4679698971803	-17.6711848723438	-13.346488028526	-14.1605930448982	-10.139105397595	-15.8641120686662	-7.42890281676519	-14.3815700850091	-7.62553940366299	-16.7419217301338	-28.594296838817	-10.4490539073588	-13.8958004913972	-6.02909742068942	-24.5956218873164	-4.35204729384573	-10.5776864818859	0.906187530780905	-5.97735452657819	23.7761123543074	26.7251803365654	95.1179786425112	226.784073914389	497.921358723701	748.41045887083	695.71021421647	641.356641334181	581.075618753425	1572.8060066484	22869.0952227363	23336.0053308166	7603.51177370497	768.175829972931	862.033728492399	835.581074764352	1153.65574057284	4986.37174881145	7185.0994688329	2394.09730192959	2067.48093423907	2670.87548592816	3096.58248497531	3438.27197529532	3424.96281016563	3092.15093843808	2728.20793787473	2347.76877600207	2257.13081400112	2560.02491536031	3104.31646486263
343.133	-3.6914063921965	16.4839979610062	5.53913185948869	-8.41237952038826	1.7308798102321	-10.7943884185729	-4.31621777515281	4.43178933976739	-13.9570743379216	-12.6450385612423	-16.2026379301939	-16.6882393516894	-9.50372919852647	1.11304151779874	-7.9195967029116	-10.6792715873762	-1.50589164454395	6.7377742116714	-16.5226086472554	-3.67582015773182	-3.62142492854086	-1.7062489002393	33.934715914974	80.1019913123158	190.061442752124	431.934240964119	674.86374451243	720.567756749229	653.464268135995	590.123371306733	1139.30116729847	18955.7243063564	22882.5231256849	9393.66777203803	640.69509890264	667.91613614904	776.841127102441	841.653552568277	3136.37181735345	7095.78388123022	2977.92165065923	1443.29685717614	1949.45228320229	2447.42536427294	2760.24811023239	2978.97243502148	3040.10382049894	2745.89199425562	2448.06970253161	2228.98223925805	2512.89831729216	2326.56111293165	2836.70917171814
347.685	-18.5330637069291	5.67493783093371	-5.56194971380004	6.4358349771638	-2.43321397523905	-2.8691086059565	3.13010964299513	-2.75479014348148	3.32549094805529	-9.1088095253592	-2.76272540556392	8.01421009681279	0	-2.9803375250406	2.89171659074827	-10.365821568051	11.7187362672255	-18.7046998789464	1.3097898746592	17.0707006426562	6.81814311874365	5.99647162783333	47.2783774983883	175.300431738734	397.722817139903	625.080138828233	676.143731126165	649.949788494158	580.431472002035	962.163763240506	14933.9026143817	22777.939654292	12132.5070714397	609.446976189336	546.484156053335	608.80389185981	680.157910543917	1889.38945622101	6174.11702908564	3882.86534261047	1245.82052169379	1369.12454138431	1762.25864863264	2225.85084788527	2460.35800988635	2659.46317737395	2578.4930928601	2306.37750501217	2130.40035933232	1983.11766195621	1939.69701458674	2537.27020707137	3513.0201154388
352.24	-1.61044600444876	-11.026900033269	-15.6146389160098	-11.8257489262238	-20.7912218755935	-2.58547417955372	4.14964417996749	-6.65966833869774	-10.5956145267304	6.15624791583254	-14.6264459004489	-2.58512663290912	18.1879183461439	-9.44193946904239	-10.6269705451817	3.26132424928043	-3.83234700431677	1.21037481998279	5.75399480726909	11.6932536455478	14.2850671833728	49.9357212579914	148.971921505263	387.631917058191	589.940517022416	657.60977341323	628.437210075544	568.025139186451	807.392997674117	12246.0721334772	23162.3874065137	14859.945972752	659.886630054754	457.017434673355	550.862737885306	576.077364355412	1114.73883250277	4810.63120673641	4893.71855871716	1335.06735585139	1080.41911505334	1298.95391216789	1659.69912871057	2103.76723414042	2275.33748301208	2397.8466515832	2360.4551230919	2221.640094449	2148.30967073559	1957.68654348582	2087.25429722052	1999.76423039331	3022.41641871321
356.799	12.4843466594194	-19.3909310731896	2.63144177681783	-0.824657706559005	-9.26433859364082	5.8821459064806	-14.8090178883876	1.08611042334326	-0.486986070629628	-1.41473954851311	-4.72003566465727	-1.12025813562573	0.782579024724326	4.20075118237465	2.96424800226434	20.1524211047814	3.48754969930446	10.19886173495	0.447547549180804	2.837655580387	35.8776830143809	136.987566468216	321.785064174256	591.09874356185	622.171452331288	617.359109101472	556.250788198067	721.773149889555	9528.25454283691	23698.3308803698	16619.441596005	829.796330117096	402.002040376522	440.196775664082	495.599875654436	701.76849897835	3250.28560920994	5324.61985101052	1728.3780434557	871.850806490073	947.811297332979	1201.49306885941	1493.51972488485	1893.5874839541	2049.74193890004	2172.16533486383	2007.88926810876	1957.18222753756	1749.38592734886	1795.42548105119	1722.95532202878	2521.61515177792	2861.44268955292
361.361	-7.65209191104759	-33.1941645615214	-34.8886178603689	-12.8712160061548	-12.5580808387966	3.61967961288127	-3.47950289132962	3.49975883549587	-3.43264378549049	7.12296248903913	-12.0407011247773	-5.26428079339655	-27.1870106419117	-8.46001460248682	-2.23866937386416	7.74814953071471	-1.95102151589307	-21.7721703543282	19.3785731873755	13.8108557163383	125.273463100272	268.809302895241	529.345273913675	623.741511258207	566.356896020731	518.376178308625	651.866036621362	7572.21430178812	24150.9503967537	18294.6477349479	997.217288709145	370.239231884526	383.556327997651	409.969444309772	504.672332834265	1922.47636765314	5085.90598971393	2378.41106583909	775.841796743175	780.788664889046	884.134934045205	1066.51532338741	1338.24655074185	1550.02884033702	1691.28488562343	1726.35710394965	1718.720680263	1559.39231699125	1411.58882092989	1434.52372740082	1535.58350065986	1692.78462190295	2332.53858925021
365.926	11.5131845800894	-21.054518605043	2.65785910201352	-4.58115093369345	6.11826356689322	-1.65033261050198	-16.9520454950039	-11.1895428198485	-3.68906231874333	2.00051917802935	1.90696824283279	-0.377168175587019	3.55695938631282	-0.771440540434641	10.1047716159342	1.48034424827331	12.1332676762191	8.65304932612396	26.6703910842893	91.7165794557731	250.370689183123	516.19967426156	603.285213548717	562.440815105281	558.368382589746	594.013720467015	6055.93729368837	24243.656118536	21255.0213894309	1260.60539594945	340.844041405347	357.419772133255	395.763161284803	414.327709458362	1082.49902453742	4257.97199112711	3243.07110546628	815.290653917162	694.795312367379	745.37168915626	877.170280774481	999.723525316	1225.66707981398	1378.56047160527	1470.13506603994	1536.10442700996	1455.9674408074	1326.13029352515	1322.28573878433	1258.36720108571	1497.72321180283	1954.24811145495	2575.59279879011
370.495	10.3320830727039	-1.45698885928626	4.39378518203282	-7.84862595346722	-10.3522648463108	-9.49418283104858	-8.40717774444863	0.652862219268572	-0.975759615814738	-2.83467187583062	-8.19640999186439	-2.99283754767554	0	-10.7124451057739	1.48484405731023	-3.30372092845269	-12.8111507219675	20.8438613927569	85.6384612806581	186.681360969441	436.457116536608	600.420501625708	557.268028306066	502.805348467947	590.782117207725	4693.97614592243	24176.8085225715	23140.6633296397	1754.91774687614	298.967741185595	296.892521995865	347.785363324438	356.690835771397	649.374522744705	3041.76930295293	3872.49026589364	1106.13942703441	635.180975196182	663.884705985897	726.115439883662	804.637134860158	932.48510989268	1114.79495124598	1194.13320179166	1307.34648172945	1297.54791248468	1288.22542860205	1175.8512573131	1150.9877504747	1232.11019360912	1422.25318087792	2001.92835625283	1618.60961041204
375.067	11.9222477939138	3.38792814769743	-15.7631313867738	9.46823529464749	-1.77872396103128	-6.19889626302026	-0.24641803332581	3.25306481308659	0	19.2093594126015	12.2522572839508	-15.2854485771111	-0.390657069188527	3.81269226133379	12.5776917126342	0.731630859887354	12.3801342417089	57.8359028612103	167.55906594903	375.381650932445	524.270062891386	562.406968031865	482.551305633625	520.913369893384	3754.21103000761	24429.7884212252	24080.4649609309	2249.36281544974	280.216502920873	293.034957541394	326.090899713711	352.549954741582	440.471905151666	2076.13615556439	4166.58037590634	1631.03958309666	671.752190587662	647.517261829221	689.740053532602	744.138128430957	814.789222450937	946.886151289827	1031.16934826097	1160.09603333627	1169.51579040035	1210.85876417213	1180.6257316157	1095.41164735708	1015.93407234019	1139.97038501405	1442.58797501724	2010.86484589885	2293.22783414294
379.641	21.4037009305464	16.3182562818408	21.511947280252	0	16.4493727717732	32.6861418460561	13.2932162028641	10.2368677152169	15.690196409185	15.7834346832783	18.7634521700678	28.0129269289518	19.5689978394918	25.342555004125	29.93442144762	16.2102385388291	72.3013921473612	143.601777208801	333.155646101407	478.055348536537	484.424825122313	483.080619978556	494.244552298317	3025.46988391671	24195.8370703273	23538.5243939872	2647.91145764211	299.764918798803	272.144099590849	323.33891336441	348.992448993972	373.72298628271	1246.85383229081	3779.21667899315	2319.97053240469	687.454579585812	617.696669002687	622.410811337613	708.67132919977	740.161613944102	804.929410949964	906.886426714973	950.070616142905	1025.89088440688	1155.92281117602	1111.92548191571	1127.50266156644	1043.45563332105	1052.94945393954	1246.96890378231	1413.9796812734	1883.7170667011	3257.49681296674
384.219	2.07226242921237	-1.85074012604074	12.1391224203494	3.93541471014684	0.680170583619855	2.80706568840359	-3.06242271956924	-2.48789473908865	-6.7395565204488	8.10166950863991	11.7129261904327	16.7510289112519	7.84267613173327	13.121502040967	20.8652378099188	39.5175273010851	87.654258496828	240.239069961692	395.118800185374	408.962425284877	399.352841032916	425.762142853095	2511.99295124156	23424.1833484215	24025.3353122294	3327.67759667346	282.880665289007	253.261620076693	286.494707987617	307.176018621575	317.800260645887	730.352779747186	3035.67982388875	2971.43285688588	837.58112339495	599.246340936784	612.992278333991	623.941284339701	681.5622565901	751.12679443175	758.509926819241	836.690675595058	913.35123962184	927.858978969291	988.866432923277	986.067988130332	987.421690584304	880.693537488765	860.639133915288	1232.37948548264	1314.75623473168	1506.09213374899	2117.96777038744
388.801	13.0208182683828	-12.0761745452282	-9.71137451221758	4.94554348225275	-15.4513302610878	-9.0450607623456	-12.7523428534456	-6.81412098818693	1.3479219326971	-3.9158378062627	-1.4516134100049	-3.7898016724105	-9.38638798689546	3.87573347851288	16.7512636844133	59.1601865633651	185.197279039565	291.326239048609	327.858639028717	355.625575386171	355.521704113372	1880.84144654607	21398.100898491	24484.4540496193	3922.80691375877	256.191009732388	200.390672237633	240.228885489628	288.58942899291	303.561042082751	437.540576611893	2109.08544794941	3371.80552775026	1128.31921895174	577.913967840989	547.115555323907	601.560703880385	623.065303907781	659.304976264126	673.084678264993	719.730604350285	781.865827933737	811.040931046809	856.522056894064	833.528590032168	875.252824876022	861.535262235581	801.929150858071	776.731407267036	868.868338296768	979.440808023349	1375.42362824365	1113.49008157773
393.385	11.0216799918314	12.8393164774328	6.19504514411833	0.728040769168584	0.629148325318384	5.19299340326914	10.4591941003795	2.68481268388843	7.95371903565535	9.9919087483748	14.723527392342	17.4724859283209	16.9268546802102	25.6229921397435	56.5916856268044	144.271775574016	245.973751067722	298.931558098494	326.363219340632	342.794280098081	1504.732642726	18608.186725675	24221.9797934758	4662.26850210229	262.959675335094	193.153145422164	238.92233217216	261.306876985879	289.984851144103	354.833438539171	1311.44136390095	3225.91079273535	1614.8606429335	549.842572662608	533.279232004993	572.462039813732	603.401230731537	637.212286497936	660.123706660417	704.554383867356	724.468147431526	728.275730168591	819.343854753154	820.941138168131	819.737411156589	817.678964226532	837.895665804593	834.893677019499	932.452537588771	956.225523738774	1227.28838955604	1827.14986717386	2319.9758481587
397.972	3.71091098797229	8.6998253230733	11.9934757134716	2.11420718016816	2.74054001460231	3.90970410576342	4.42942006752053	9.83857982715203	-1.87275782238755	7.73764917717399	6.72274435367281	24.5719794724906	20.7320603359879	66.5758940626026	131.40903085918	201.339080016651	244.723063726846	270.536572504289	282.259203627228	928.776081774924	15418.1687585823	23555.1893215685	5461.76115067461	265.939743758017	195.959787027213	196.302037463964	218.133694216542	256.541717031928	287.237812742014	785.408522804188	2723.51345467795	2150.0299536284	595.645867644769	481.645944205444	529.156435920848	569.928644007369	599.994934826765	609.595822946181	649.980702317673	655.423831615159	674.823241422177	715.880737635691	727.692669712452	780.213891150035	772.817157820838	789.676591764055	786.000571839064	817.322214662338	760.695633104569	927.895986650694	1227.60218767672	1517.931839209	1863.10918464005
402.562	24.0827535006423	0.796605066375355	3.24309313983866	4.06536336759198	4.39143771689477	-8.86036524640144	-0.811165359270695	10.8869996637859	2.60078404976853	3.48716218223889	9.04891404070128	12.2724491240344	24.1120351666514	95.6992446022204	183.576150303655	203.208893075068	222.869343113824	235.971064562297	664.464423397308	11676.5045392172	23998.9629267927	6328.55876591331	284.834960947664	158.066071137467	175.887111759499	221.416198585005	240.043581417256	259.233412313956	463.725441972765	2019.86747224392	2569.97927938805	800.473486418183	447.616954572276	465.600299699407	506.786189104109	532.42414612902	581.592976700708	600.355975313313	624.104297982735	644.009144575061	666.836635093456	663.783789416802	696.321703652025	699.614542744897	722.397820642753	700.350872137298	705.382192947691	696.53810638244	758.332597290477	971.025072244368	1111.04113251847	1439.85366540519	1519.37760157943
407.156	17.2484159670397	12.2446673694186	14.6511933035476	-5.37539441329478	4.35490772323824	9.85171044064263	2.01104428415369	6.3716675050542	12.8957476742043	1.84434899591894	3.33306666538905	39.2494150693065	83.530700950962	165.224870806193	208.3148672765	184.202843858615	183.442793344944	482.974205224989	9194.12351409174	24132.1414512568	7188.62120274713	313.026594471709	156.17429039706	155.028664324625	198.595118461095	224.976331114853	226.144449339615	357.536687350816	1386.4582834906	2697.42842399618	1164.98775083484	452.56566808444	432.228221098697	465.79944389247	503.220244706107	545.104569096745	557.975269329038	609.509910448636	604.406945412293	625.767273966156	639.735760699621	648.844224322799	676.850113613451	705.065863117425	712.737266183087	718.053483804552	724.460039632479	694.484473733924	808.66226267957	852.089108259421	1050.31304888012	1195.28106731231	1633.62198238937
411.752	0.43497778363386	10.1004590421248	5.97476088175932	10.2431731173087	1.99879476797593	-1.04749599659797	-5.5381170607381	7.83331486592485	1.5610097768549	-0.226743884489034	24.9642376560742	58.0534019193638	148.002584393085	176.885080751737	186.174922751276	179.111498666452	349.349005175529	6805.15571756352	22365.2822000163	8660.4953831292	344.639028160407	162.553986560146	158.848581085523	193.133145203786	212.348361990467	210.017416295289	260.616293496052	899.975161035993	2475.0236012363	1611.33741968833	484.848111090736	406.817894782986	426.613989220025	455.349534710029	515.69471793041	524.004630779516	563.341979652008	585.925465435191	596.823101197674	622.212179383693	630.093925113664	631.325063202568	642.553952245669	655.262616220649	663.642340592228	629.940291261398	675.71814721353	706.337550608632	769.029345241437	842.321012503827	1164.65929099869	1220.06229755554	1123.12813412951
416.352	24.4026091052155	16.4410878899801	10.7232796703361	24.3909330271479	10.9604681011804	15.4645740456669	11.4855141999703	11.6502786821106	17.2843271181357	16.9606896056758	52.8636381602587	111.329965832587	173.443467512573	179.215126435243	192.297601142125	273.676774820953	4794.17111090127	19130.3758683687	8925.0033743987	469.258876821075	177.502395364956	174.534190956655	169.773044857435	188.085533320904	219.116469562858	241.770281302673	563.644043921003	1978.12663988049	2063.51040482528	634.009815692795	420.31289700192	413.648825377891	448.70840988058	487.585564036011	518.566120812571	536.275174226263	568.788513060313	565.207985184016	590.918541791513	618.21716757409	613.939248079727	642.477866838105	656.782071386153	663.71588841507	695.58714139161	700.982866591594	696.248943249583	718.126757312297	770.604200268153	976.323459676967	1222.70573903607	1632.3587699333	2164.76249000546
420.954	0.419459959449956	-1.87310103025058	7.11728467131061	2.86773332242082	14.8691916194847	13.384177407335	5.91274607241392	11.2468604653876	9.4082548916409	34.3288037113099	87.29733720622	111.676127009539	150.282054481995	147.555976513566	227.637708213811	3751.74183008921	16510.4078580382	9214.32065005512	523.275785563334	148.018494231708	153.749625086602	154.379802290269	181.186237751818	200.293043784417	233.273747604485	356.528471590667	1439.29036045936	2239.35536791347	908.356983406569	420.938570053772	399.685491578612	402.689209590802	450.699754381147	472.082383946383	520.714044926603	520.888757030315	538.791939264623	552.692182542412	541.137138714248	576.388935457694	585.86818752449	598.930079701585	620.668759807305	665.737177747135	657.974639654358	648.791481499048	657.52669801407	749.72588224613	868.426250454227	962.768179459328	1035.21452038858	1525.82090082018	1880.31347090121
425.56	28.3945978916103	24.9917249576408	16.9574810203941	25.3207983004028	14.5875876929397	16.599184006357	14.2212328803146	18.7740286931411	36.735695671323	70.7895380783698	119.04282249646	129.378377533251	140.909562357538	204.692691045985	3265.90476308315	14739.9769384487	9184.82923959096	643.624287900912	165.240611355505	150.234993730936	144.126046942737	175.422711876196	211.849292039693	231.760708987489	297.846902208999	964.76750686622	2112.65633692048	1233.16878899482	453.404228925151	408.097981711808	409.11519360807	449.681056820327	459.302205691024	477.132169180438	515.688843127385	515.481302499626	530.604121016114	558.947041039555	553.758881163586	562.275828946562	595.681154662715	581.591305047552	633.352091150314	633.902135609749	684.244226679907	692.45168203361	792.07732514252	799.334558181397	897.359684343302	1065.88802770172	1245.55802326145	1551.0294357891	1933.24840984454
430.168	5.65180604315084	0.721090704757231	3.26184819458675	-1.53332762764625	0.26501002415008	6.07609460029924	5.69059832271451	23.9104044861366	46.7226513819142	87.5429245231506	92.9107055891916	116.923061413542	165.298066573116	2180.73860216844	15232.6172764572	9368.14803029308	767.197497030278	142.603696672703	113.504947610484	131.553153794595	149.012722425069	174.050388102514	195.161477216153	233.962918769411	631.786803400492	1788.76020491804	1537.88861864331	519.15526964315	372.841366596196	402.033088288744	421.079045491044	413.933829037187	440.491578693885	463.781531830043	501.150300449732	496.320881358659	498.769626417558	505.400444945095	509.036449406608	531.995239916535	557.996112828794	554.709840603409	579.868650233982	601.286760030213	658.584033264298	703.163712719308	726.749983270282	776.186927254518	850.159413547891	1023.81915872599	1137.30922878907	1091.04997618307	1172.66500913661
434.779	22.9545948415379	5.75460404355559	12.0392943181305	5.50646678506786	-1.5861677454332	8.7281576347353	19.77677877095	47.864906972943	77.3191560700882	76.8323944279573	101.321250976075	137.41537296016	1609.4527154659	12613.5248237474	11423.3682423968	906.603039898913	123.336602396476	121.067752256114	99.6132777151742	129.476690579209	171.809369718162	191.214776622896	223.837699823925	421.608080673388	1431.49889604782	1783.22402215177	689.058081755466	384.649192074623	397.461527243547	410.8579518296	411.730474568797	429.537057255474	447.799023588131	480.33059498155	477.737551470317	481.39624253979	487.683187197842	489.887905661192	497.517134702448	499.406692804517	530.322810127601	561.927535498369	573.965054503562	620.34081863778	648.327481203288	696.681476666152	742.953237955146	802.669803957803	862.403905812781	1043.08506713686	1090.76935358041	1223.69113257831	1386.42296316746
439.393	5.60045637339411	10.7180881715152	-0.323221256549583	-0.303879305807364	4.98944307027339	21.434368552713	39.8360731861026	61.4741597046349	71.7800793729434	84.2452172174442	116.648566360931	1097.5123119513	11163.8099542361	11779.829886213	1291.09861762205	124.756710500351	116.518653780287	94.4058143696762	129.625108525169	142.208643586393	194.36027008592	201.914982526744	326.282475591608	1034.54252692365	1851.55005483431	945.318633569145	419.013177876774	405.229642967011	418.207165273876	423.43577472308	439.56191120715	443.18493266196	451.205726265744	465.801178568524	479.260261668943	485.930849848032	486.724836394054	486.628258212659	459.94755526079	518.615310130702	525.549718782446	528.597828048217	588.457949061806	636.036188748745	673.73730292414	648.694461242524	794.418115099738	872.889117406737	889.395335963645	1085.29748696333	1167.33619644039	1437.6202843728	1635.42249849366
444.01	5.53719152973513	7.77114261047636	-1.91742017221933	12.6187560176744	19.9919576566804	59.7668732701827	74.6357035158627	66.7943849263233	68.8401480839854	96.2823977812468	689.463017877459	8803.63002220543	12077.2326770376	1676.54359630631	138.774986779497	108.129224959075	104.755137729469	118.01188000326	148.379569483871	172.995846230775	191.146163162277	255.301269742402	712.321437452977	1700.34397022372	1235.90450497992	461.210294297909	379.546446975696	410.975224392869	412.368431905966	436.268370019001	453.113096921156	451.778132964267	458.187990108899	469.223450250763	469.488483259449	468.201043600284	456.680824260859	482.84090049928	491.867059473167	471.275386112378	504.848852502124	539.471212776589	542.174973556962	621.571619164667	672.004102005063	734.8829555306	779.866954155498	874.178877208315	962.358883033118	1024.43984616981	1292.27912963365	1536.93977080106	2255.21716506674
448.63	-12.0351753846577	4.16075998016545	0.627372180313093	-3.24406208828447	33.3860556693951	65.67836819045	56.4908008850938	54.6889250369498	78.8928221225722	497.035717378889	7120.36180464009	11707.1395051593	2045.54442482288	120.455215473579	86.926288877818	82.5520457482459	103.103541215209	110.003319781291	123.240275064202	161.692201593337	190.626133162594	443.732731017266	1384.04717208819	1405.93472360372	538.763157502155	369.59455988989	372.283269051472	400.669643848038	399.305940363459	413.375859549597	416.704919865461	423.169209180229	427.92443138648	431.436674995884	433.182177630967	436.451288853487	430.519033046714	427.629839302266	439.30475349981	460.713162911752	468.581912176932	499.950428281739	516.822243934591	560.657438964379	598.091200013636	657.861017877697	779.194085541137	837.288064367483	852.10937046375	1034.19957039392	940.065356236122	1105.95904035678	863.201433771384
453.253	1.15134697263328	5.48410345770815	7.44218980127114	26.2381506244236	53.9140342121085	60.3046471117613	61.7767781253704	66.3490500593097	340.705640034296	5232.48749958094	10635.2345890476	2558.13107276943	114.813588145729	81.0032628981406	73.6169556969602	76.9427978937441	110.689454235772	123.453227867836	156.003049437757	185.587362558031	297.81672190438	1015.12913962257	1549.08781045683	700.441934196411	364.223929941129	366.461969912371	356.873105062577	389.309712739318	401.488960253077	411.576488818218	427.254624122342	422.80639168446	411.033055259369	410.998414803456	429.627440652764	424.323059499727	408.035368581679	414.102066982001	423.43103772159	435.680542514349	465.201696807678	469.703496840268	515.172773939925	590.637748892815	589.969674515403	697.961779818457	775.676201232273	809.299555828449	906.50978333798	1016.68887336427	1194.37874386582	1087.67814079653	1238.67454247363
457.878	21.6649371878237	14.5966005069424	24.8755177588476	48.2175114751588	67.8663621865801	61.0968956768543	76.5637733058041	273.944310602266	4302.63442567813	9473.60439372372	2456.38013370095	148.260174136669	90.966374611572	77.549118611937	93.4053269093222	106.99049337373	116.407183935302	135.976307435864	160.141789977368	219.235569126223	716.81703117434	1466.52520256793	924.843755333779	367.129383585732	336.013795824233	358.563655593554	387.622693908841	405.401875891089	411.546233881346	425.070930620124	431.775808403208	413.245860717613	427.125285245193	408.925072599474	405.946743419633	402.59229886168	404.106112271092	385.796710024797	408.272342631018	425.579373442544	436.286736021757	469.01429959522	524.789297537274	561.810387416244	640.771754702277	715.95453215496	787.858474368198	884.014243699639	966.736392663954	1040.52402104753	1206.4757888103	1532.51721816799	1403.94319827975
462.506	-4.5231059201754	8.07918292856635	34.4142640738846	40.3720095570654	45.0329075220649	63.9926248898212	249.719287784913	3659.26953751158	9128.37066982915	2763.9202379181	122.802685774123	72.3466762616963	72.0048268238477	75.578220411182	87.4824615207476	84.4734345667756	109.519091758299	125.780174842599	162.228523205595	401.654296634832	1231.78261028885	1143.64477280976	431.440412948381	312.400716503953	325.702995972946	341.769913960815	382.530287763911	380.49287605392	392.988111976319	396.878333538019	392.11346809699	392.441973264878	373.079075564963	386.569388951528	380.420858521263	360.165330975971	365.3491383833	379.655137902199	376.374024734276	367.866515546135	386.539262646645	423.291375506911	465.397718132077	532.056015449158	571.960533284391	648.357781291677	763.589283658163	760.836378625236	844.725313889698	904.044213564206	1053.10272652367	1161.85429885732	1121.9237409664
467.137	5.95393527631628	29.5784097608398	43.2963364863609	48.9030529641324	66.1997737790811	204.092858307555	3941.70270396639	9097.31298348772	3066.32511970159	153.436653046476	68.8162253427283	60.9284250415796	65.9902020389214	60.4773003163589	89.4156124298315	95.956422096641	111.045335539605	130.609485651446	269.388990165256	890.986867934637	1246.74707428408	534.884641151613	310.999782335361	306.679449954727	314.130956513624	344.899686101213	364.213713899328	381.680451519741	392.17319448403	391.301525861911	382.2475697131	384.624700264178	364.1909032092	357.921085225498	351.24433695023	339.739129946828	358.868947324026	360.659672065011	353.607943159971	389.557502098755	389.715169354185	401.630420660381	486.167855958724	529.488919058383	600.921884394766	678.953583767908	740.737930636176	788.90498931161	869.698945757411	905.323226091112	1057.00717771454	1223.15176593286	840.725867297978
471.771	33.2364386099969	40.5674557803505	49.8302395243442	68.7295972981679	166.302652322788	3891.87955781369	9085.78489845235	3556.36055687549	176.42906802175	80.8518141445872	67.865221681028	63.5142024812072	64.4239816603442	91.715548406092	100.836677815424	116.167447129015	128.656492275198	184.572642276526	587.665886386382	1220.14304563298	688.537301187291	313.653287894662	289.922686787873	317.00670497148	328.654360521527	348.647294624644	367.985066350738	394.150683820631	381.649125560852	386.52960140372	380.868950038063	363.163399880999	354.759404133709	353.109277011458	355.086119105253	342.301046233519	336.239472827296	369.094565295999	341.837148569996	349.659452177643	373.351927811937	399.820709001135	460.543546072078	516.5776403741	623.186313904664	674.522868195555	770.694012444941	818.308860571648	915.638821483627	1052.72346294288	1283.993161185	1305.5726393975	2860.58895309599
476.407	41.9110470040018	53.8478285675302	71.2917757218428	174.266533158198	2792.52866938681	9949.64633254879	3707.68341094875	201.12134625826	68.7714646952107	58.6426506159147	63.0857699269765	73.0937713205514	96.9984889238187	91.8223285056638	105.906514554273	119.370026985282	148.027592314385	376.611196143686	1020.02291259981	916.777057700973	333.260051482766	268.534433762091	281.231903826007	291.245680692401	320.66675455713	342.860389116757	358.526881897729	364.1180020062	383.566706254106	377.891483869266	354.612122078134	358.756780596659	342.198649589435	356.996945946862	325.951516359367	332.519873428561	332.63295654326	342.013913992118	322.219862592128	352.021556526373	358.719588524702	391.850461274814	453.478826034655	529.880728162575	566.370131247303	693.959523008552	732.68374787956	800.135786431419	831.764196528791	1029.94219661165	1306.77814165085	1262.13329410667	11074.7180642113
481.047	27.4465503806085	49.0250958514917	133.05878387086	2777.13975556748	10007.0750550853	4682.65848690109	219.486758164553	64.7313653849408	44.9806396886039	51.5061128632302	48.5822947526079	58.1563782891169	63.5775475620284	83.6770103674136	90.1820849865738	106.223722508574	211.878686090049	727.21305599492	971.289471231147	414.515051588879	243.457908589132	228.820311068427	272.876822686698	286.488667635336	305.411459038559	308.683605071586	337.18475120141	347.990814816511	343.136364533059	333.881339142059	345.930476397944	321.877865476314	317.513629223942	318.034661102511	291.66097238764	298.432798712622	301.522362556311	295.199754901144	304.737764516619	323.39744305356	339.618508353601	351.908679784696	409.744639015828	448.176725744002	540.205575689068	594.153538595909	695.780211887318	769.640773740664	784.98844529246	989.244241477713	1221.25873939275	1673.34135383965	29633.3107992293
485.688	19.4287581715013	115.242461096864	2209.29806249801	9841.60744941151	5371.38037938931	326.630091762665	57.8409838858099	49.7318786347608	41.9331911270935	43.1863120693725	58.8660615018303	50.9424010946423	66.0646907036998	85.3676755994729	104.09960200911	149.710101361921	480.225429937032	930.133578620206	551.611410955927	214.000320570506	231.287516086506	233.36325761437	248.279965009542	261.850489511255	293.480219364972	309.738689870732	312.319373812536	333.846478506841	336.75104349518	322.972711226459	313.712688690956	318.647349709744	305.58922354692	290.797442559088	286.505443423373	275.118847618692	274.798090657221	281.125756550933	280.544679143843	295.471740504688	307.89029680412	356.619498271531	412.260051004482	445.829728433237	553.235968488411	619.72844834101	665.094751147284	712.051048884649	808.500532089768	989.135649003199	1118.08403922254	9200.3857054592	44263.1200315489
490.333	80.7609647638451	2061.21344076296	9739.43124334613	5691.7896687284	368.700168635355	72.9319896795521	56.4199298345841	50.8300936874753	49.89649116389	66.2099748319706	65.3330947530001	81.8243748934099	93.4143824866853	86.520678049152	123.290747513897	322.390822884482	790.405706543499	698.304233083589	259.091867886764	198.628181190737	234.133367292616	225.079839284276	256.896673715016	274.800226642431	284.945572519424	298.832404719451	303.918721446667	324.216065111274	338.517129654113	322.404520815306	320.724563546905	295.617252466629	287.41787337877	290.165917301232	280.975603800406	279.765710691627	269.188815066022	277.394658749531	289.968947420636	298.025743389635	324.690557623039	344.7775844077	369.238994364843	433.462524112944	497.035843727016	590.220035709619	685.871873044927	729.609819010126	871.011920928273	956.244662306	1484.32589921979	28160.1223756559	33464.481285192
494.979	1560.39519691625	8442.49935158752	6804.11736323964	412.023062501956	73.2348877924677	62.3039758840493	46.5567414650925	53.0169262015039	59.0995749820443	61.2152790796064	72.120226979884	87.1002321355312	99.7339278970104	107.922977956945	216.692570738402	612.373476602181	793.56139954232	340.35349977511	208.47873860441	217.750373713781	224.293672774043	246.08460928796	256.224990140172	278.143599500105	283.771261215486	302.692875647594	326.173894892217	319.45367813435	313.074487130399	308.766802465313	309.25344764983	287.70026635537	281.468294443262	281.756548260148	274.686685924408	250.999612124586	273.898340712068	261.442630769844	271.488198251553	282.963576701216	312.791524561817	347.136261514243	379.564706192241	453.588755830103	536.265253929984	603.77176023574	665.81825215709	750.07051023573	895.539842153298	1074.98386453696	6667.38428594728	45119.1363271179	10212.517273802
499.629	7429.97608036131	5663.43846940438	503.99023191481	62.141750445978	55.3789591907441	48.1503158957625	47.4933471931781	52.4674749524703	57.3384997933087	60.9183604442499	68.5947328984571	77.1306453886815	87.6666031832803	144.655318547071	421.061890877789	747.948773857771	434.876240004637	188.564602753801	169.226057538981	194.738397428457	207.217705644424	210.033173973696	233.244082750922	254.320940873791	261.626562723832	276.035172456626	295.365624972831	288.535416327749	289.945133035172	268.892283706184	277.078673067867	263.701793865832	263.372922872413	252.971713961388	255.112838559782	247.239132342991	242.449963794917	229.862933598923	252.869756756093	267.050492113346	290.068321171805	299.201168163545	346.096085631051	392.961498428983	469.142045963387	535.362107278878	591.351891621583	691.865587691215	869.111080113555	1121.82231753118	21166.3881111084	35121.0327864646	1794.23788494542
504.281	5886.50886479072	547.208307738612	72.0729565480244	51.0977227881911	49.1965818208445	49.3004976142064	41.5580357804755	57.349553491622	59.2016405962344	68.032229359616	75.0234928802719	70.1683156662985	106.204581162614	269.033247680333	651.585509178736	535.012359128728	217.662665418923	153.040680202563	170.606514759273	183.472471668171	196.448172552346	222.078487164753	222.016546389255	239.775581524255	242.186986218533	259.772535862037	259.423805922866	280.581000593844	264.490823837386	268.406723277174	245.148206406081	255.174977983209	245.628746482839	241.063272581997	241.412497208596	224.300686995129	240.909192195204	236.1056751854	247.80182053714	242.830238706177	248.291064472724	290.496163840464	321.125301593395	388.191418888181	487.735514507983	519.347704701635	562.751066984607	730.71319670281	919.426128230738	4112.80491239935	34389.7608553471	12021.7357375513	1048.81212860281
508.936	647.754815249068	55.544815547237	64.9446732018938	50.8358742160242	41.5431158598501	62.1856782004923	54.41011608834	60.6944219346509	62.3244785580234	75.835966918393	80.5426901826844	89.0749520083853	175.13922252386	510.232565983414	625.653440126806	267.608427000348	155.27009796079	153.076480929616	164.634282350726	179.997102660812	197.939135161971	200.346802600396	216.197954151611	231.464114336013	251.421816108805	262.099761584525	257.836818063454	249.638149793467	266.46627792698	271.081045515352	251.654427495951	241.861793144982	237.806372347668	228.751043273707	245.785712994866	233.000312655831	206.708257894936	230.807881535378	233.277561489322	238.760297613813	274.549034191512	308.165993830959	337.478562381341	404.224911703675	426.983772958557	523.852570587003	615.426615156995	763.881054456209	894.013805946206	13367.3872087507	28918.2107099972	1992.46958374045	1473.85550535197
513.593	55.3226816167427	53.9298175951724	42.0706106635955	32.411530739095	45.5738909675841	52.4631229865074	59.354823542148	59.0388581447438	69.9097296431959	74.640662377088	85.3143800585684	124.377168339793	347.979197657922	629.626915860021	345.562329883215	141.324322702922	144.815339251931	151.913829697842	135.949568923475	172.018391837695	174.439080124191	194.208594372335	208.250103353996	214.62566069883	225.924086618189	242.908306093493	237.13021981811	256.092517464058	264.40601550771	235.784001449047	228.531598171793	227.275201645724	219.104799345672	228.444146138197	203.983523406091	213.459637071123	202.25730700413	212.583008708153	218.083776388261	228.943370965097	250.080274064691	254.499903807919	294.358026349866	356.309760638238	461.515536123229	495.867909817917	616.943595414868	700.311511116839	2523.65650589992	22321.109018745	11412.9703563401	903.27835762452	739.122430009239
518.252	35.9793523133101	43.0584931374166	40.4084947389667	37.170464838563	38.7347071631619	60.0009897781863	50.0624144723169	66.0894321653501	68.7561420648573	69.0191594966012	96.5718096739915	238.36281002431	558.67503436174	472.093984849097	161.609095694622	144.023908019379	124.833033072259	143.048307961407	158.711473200837	161.447386196018	185.310603891241	184.514785284778	200.561231028076	211.599761609407	217.62942899581	226.452129728655	222.704451797285	234.518277935609	230.905301212202	216.08622738682	216.994751913349	210.065675501683	209.277825542896	195.967055821532	198.215075003967	181.501564611809	198.610357705221	191.620468445507	199.301467919157	216.976963046678	219.740670923364	235.898616353156	283.10572582866	339.26124984443	403.383522836095	503.334456361112	618.958411350486	749.584357471113	8407.6001725902	19925.7426187445	1792.67306654227	714.835235358334	2128.95763427348
522.914	56.5159579861973	35.7793722992991	45.0861484311274	51.0831416346641	54.7107937450038	52.7600739327728	63.5957052688753	63.1274999132625	63.381083962896	77.5667944015489	143.287429495917	432.359132275148	533.758220155739	221.710471104533	133.319358349341	120.487254658308	121.296293077681	132.53623764753	149.823148258922	159.259502573186	173.483483609675	175.337659084847	187.595325883235	200.335437321962	212.398005944496	205.342926972911	223.6860162857	216.749724776263	215.195934835609	202.877818281453	214.498344596211	193.589947770173	185.216080122895	191.277701891392	190.490836926923	189.576287649369	182.555903004734	188.029257122924	204.657293965456	210.154196292108	222.168580073424	239.334068850426	270.391735470464	331.712619646798	384.494413668553	495.4665086665	599.377703675855	1839.33813924877	14242.2943719874	8660.09689034605	852.246264996712	951.040685868332	2591.16524547603
527.579	34.3355790772111	25.2348613203586	33.2334566461455	48.633095911641	44.3749662033386	55.769687599402	53.8317081690913	63.9803571715059	70.1137410421233	101.610397886143	292.768183177326	507.365196248707	305.528492983676	121.539253256883	112.55392231839	112.750007767509	116.433485436774	128.2227934943	140.372261169128	149.272258847461	151.975654375428	163.748808143583	173.192884513702	180.535673501542	197.849674757154	197.614335009024	201.627764864645	197.554210136559	202.829541663559	193.649192659265	187.883855826022	183.487310239789	177.750986644063	173.780341350279	167.616164495797	162.162412070249	180.202231148655	158.943988360687	177.2660714436	194.157260718562	198.041501592366	226.484130808084	263.728824681026	299.779228375958	408.080863683818	474.278217770415	599.321309976198	6304.98862571243	13299.445714631	1859.82956722369	893.802858766882	715.825907229461	3475.93917341816
532.245	21.1147587182297	26.5285120494352	36.4341958041758	39.4192045615141	53.7988115130358	46.7540406048942	49.9585138667404	56.5714357309103	72.5639818933935	173.121335657933	451.449358378531	380.383319054791	137.247982135232	99.7069856977323	105.536921969951	103.396166467031	111.393670126022	123.727333997621	124.817557143435	132.52368074826	129.33375509089	153.425855723759	158.327812625577	158.063666463071	177.616686624411	172.277228447316	177.163973389858	185.302618145812	174.714734138864	179.07128590402	165.082370795271	163.908850363078	159.972684688865	154.36711622231	156.938869256246	163.09056698066	152.255745914049	167.393743114201	159.439729028629	179.329813985803	178.121834402091	202.153299531812	253.261011193884	275.131697985269	417.780883784829	461.870668799318	1288.51632043793	11338.2459808079	6496.49527945768	626.178924302753	627.70454754791	1354.09014538873	3208.51337440503
536.915	41.5017441813047	39.6437115947295	46.9460347826905	52.9092445357854	45.7223880903875	58.6620961370883	55.4654106715792	67.011985077871	130.644341291658	332.0333635527	439.761553449329	197.624345605312	115.247751041403	99.2753794771936	108.640977268343	107.919218471654	106.661764077531	120.156134115581	133.602950581236	143.38502603353	142.502348009792	152.087949707892	151.239991032503	157.424171767224	167.648446679661	162.316176570905	171.752040972083	186.605254048815	172.877951228332	159.479617179327	164.233501168583	154.118286742794	156.808173588054	157.453604767929	139.171365622018	146.870200998279	147.936071760248	154.759753563215	160.45080775196	168.220310811082	192.341694605219	207.492336056347	225.474837802562	318.830445382661	411.757572768441	492.061713850976	4790.27276848311	11425.3891338375	1546.94546310643	619.025119262626	736.608933570632	2567.50425436377	1954.22781261759
541.586	25.1839912267043	42.0499870916842	43.0559182569128	54.3422082957503	46.2419208014472	59.3286596985168	57.2573953026009	89.244749064037	240.353297250084	415.714733173816	252.847935300259	106.212273333818	93.6668016312053	100.14663595149	98.9128102260733	102.246893509422	107.352607381752	130.025197572758	127.296667915527	126.569477966627	138.168721179592	149.092370536084	148.554699924424	146.419048092315	151.762420020558	148.950774784853	159.486804854478	166.068234065482	176.642170049026	167.387812459563	145.996815908939	151.35154006248	148.963082031675	139.337373821966	132.977823929738	139.220062466529	150.213118251685	158.096057099928	151.965584840819	156.662994307244	168.792108266262	205.350314443099	213.1354369398	324.520248481222	408.601730489294	949.999240386945	9336.00442307388	6126.4237764299	631.002653282167	611.708034059509	985.751478337624	2671.32603284683	968.583178344244
546.26	31.2235905479663	33.1349240228469	45.1140728873199	39.0658875767698	54.4973575051261	45.5571389794416	75.1646180870919	160.969661388728	375.375736474326	338.543659649538	109.66983351729	100.57866293825	94.2701373341318	87.3528155004202	92.5287827803267	97.9461951152647	95.9809215000913	98.8372506453185	110.246929038536	109.781329416258	122.03111019845	127.470527454439	133.851280544268	146.217616094673	145.686256139414	149.646284559014	159.733649187631	138.633785994463	144.915263265878	143.669037921268	142.384952759699	127.065007420258	132.584610041321	133.990662216318	124.930070525939	127.89567772111	130.183368140935	134.977286093232	144.912347183767	155.175037635723	168.736662193181	180.324283138789	224.961040855185	346.893720939102	404.561723187333	3644.25169215166	10050.5206319244	1661.08178897052	521.382272473885	505.51760597721	1445.38852080842	2103.60253961801	1435.88662209914
550.936	25.1665435748857	26.1121384156916	29.3052389701176	40.2028128576514	39.6009270084905	58.3769305068243	124.8692747268	295.476913570687	366.408511251653	160.318702850815	78.9547961173185	74.3457898739537	77.6368441262955	78.6353624154768	90.6975747184133	91.4370702073253	84.8124491875831	92.0696232138049	102.836138547656	109.316270440527	124.218733594112	123.339007477597	128.605285478086	122.234949660776	121.907352172096	142.261506786627	134.198835052299	132.36525589405	134.271572389536	124.916368202272	142.180698065778	132.34638016578	135.635832424725	115.337550439625	114.178945327675	126.279451214698	137.507983469911	125.752044522293	140.268957010833	137.651871054528	148.897770845195	184.997434247366	251.376804304147	306.008996436625	648.984337718775	7588.28184889391	5642.29261042159	512.293549688211	462.10559198492	691.214107646983	1953.15314473563	989.417190630183	411.439598730404
555.615	38.9165018902716	44.0247425990339	53.6045999280298	37.4456936869488	53.0400687236157	88.5850241299763	226.169499181773	369.177638174715	222.791108866771	90.2256217827454	75.6315842766952	83.887888470638	79.8869626378216	88.3976021314708	86.7811062584714	89.8184387708666	99.4883558851827	106.966905733454	104.513358162745	107.860247266846	118.67220401837	116.0229850504	127.599413018811	123.855891644302	127.011444975325	138.207247157878	139.118373359207	131.511540753643	132.899841999883	136.70465925001	140.600828124305	125.401769011161	126.314103261793	123.117765949598	117.883893018138	128.756829460564	119.245658174118	136.509205808465	128.653927687315	150.808980679058	165.63937269928	179.035005187737	285.674015665067	319.57182048881	2703.74199873881	8601.23905774358	1553.07663763379	484.825230594644	417.948919019778	1127.58549991437	1921.47033339113	503.548315104499	850.656460054924
560.296	36.1065555949509	22.9384519345233	25.8652874406376	49.2004774715469	52.0471577091268	153.955910986167	326.838812615643	282.88198118846	111.208277906915	65.3902102441906	66.4631744693556	63.2514007959717	74.3283205082755	75.6847636156108	72.4178708145208	77.8937436359686	89.02234820319	92.0415526879991	99.7467805395761	102.163397760821	108.63979146278	95.44697345117	100.004882547834	105.543281129866	118.212434578789	128.373246952349	131.546408929321	126.564745105468	116.428548223836	119.420312210429	109.941941423239	114.167699158764	106.189604372321	119.167038958559	100.893402708995	111.744328051859	97.2671433605885	120.685039910439	108.522023190371	106.997769015567	138.950027628901	185.648106382335	236.248950470166	524.377555385827	5933.57805703333	5254.300116639	443.52625428169	365.187838195112	398.566019600217	1582.5038332721	1334.6550264388	271.89300378663	774.233669563886
564.979	34.1804389909565	37.2357332594511	26.706897985207	38.8043930630232	104.052323560097	266.157072593875	310.503962420639	137.538198574329	64.7017501593235	62.4590584972348	53.7835215504423	65.8923949311324	71.4826089884262	77.4283766401135	68.45955482196	81.8964964412916	76.4224605234401	81.3022273550104	82.3794864624325	98.5083824052939	93.8263696334139	99.3510748033287	102.724863268324	96.8454271575995	105.137061245531	104.709703955339	117.577071252462	104.395997888311	116.161697488955	111.616158015503	106.284479233351	120.627739126203	118.884966864245	94.4426107193456	99.6014182432347	106.364515368802	268.990965543816	108.789979575141	132.092185466457	122.923475182343	146.442083494551	215.958247946686	253.262530889083	2148.44527799147	7376.03046599733	1582.3003222533	368.102990664293	385.443177661775	689.454154660456	1665.16440328183	687.956488888086	186.564437441239	336.748745451989
569.664	29.5117021408959	30.0739415116795	33.9333835913416	72.1404954276881	185.782302925701	318.898881764809	189.24715759829	72.8300698503906	65.6839378286921	60.7461669275631	61.8535744758666	62.4697497773177	67.6412401448076	81.7211221403752	67.6686501052156	92.4559325559767	74.5501721557211	81.8965969790064	83.293692914221	95.2725846065263	83.4696244417119	99.4652985331306	95.5629868425226	104.332064131543	107.582285307458	109.281002794577	113.345464988483	95.2838411852528	100.218912746253	112.432141242898	106.800994357354	106.678666086716	100.845549124332	96.7409271275436	105.887991008256	98.3599660139761	100.102868601461	107.949700170444	112.375292045136	122.719847817482	146.72802396191	213.296548419554	356.691552382604	4952.9076778199	4703.61744555751	400.330716381715	340.561442942186	401.060819338583	1115.76731279545	1338.89490689133	496.24836093018	436.657022968095	515.600092688079
574.351	19.842997265947	30.6723552935131	50.2569426215805	137.110530894605	293.836017328393	230.655038630224	83.9820196240327	54.6704878609846	50.1556784390577	52.9119871398955	51.3225175029485	56.7043724539774	67.3953972635055	67.3866613775931	66.9458434604588	57.4427666120976	59.3882235834297	70.2657563309623	69.8486639049796	85.4491014850628	75.012750682603	89.8225729354338	99.1440971332393	82.0404232701181	102.303604041451	88.0091696542415	100.263292788171	101.752974344034	88.4427041107336	84.4489004677663	86.9608359337515	95.2586928085885	87.9362349627673	95.9479431168287	80.446638628923	81.7830182370026	95.3514302967926	100.626325126918	78.9193252045165	110.059887158862	175.286902013274	205.286954894657	1539.54690177295	6253.62184550606	1569.5411105289	300.752254791363	334.510541054412	465.816170592261	1414.46138404871	832.724295645331	222.115014421756	256.433914847715	396.85482118232
579.04	38.118079409512	40.9207387137705	106.707382611142	241.883958982787	285.107080808821	118.451897034197	49.8973751056791	53.313587634481	51.2980463071756	54.1911149557767	52.9005514879589	52.4469061922669	54.1240954877164	64.4716912013991	53.35540480304	65.2373173631646	61.5720688839208	71.7664078252005	88.8904381751089	75.1474559198151	89.2391160786788	89.0738906456052	89.5063958075001	80.0796116989625	93.5560965838786	91.2911584147166	104.983408812285	93.1625398744546	95.2061751551073	85.7449881541465	84.2975046649526	89.231826020828	84.986274237126	67.3590814384305	90.2211950971862	84.3066218887776	89.2927117782622	105.193945092042	96.1169443626163	136.850247201546	180.058723965202	279.200558662335	3945.67830208002	4190.43766224128	330.59341489399	276.9068199221	281.418894023961	824.958579790689	1345.01383365947	457.957861481582	346.630305213117	444.361689306103	441.850680375194
583.732	44.1750325761063	79.5977058917221	158.113130240974	273.16543569313	175.773403632208	58.5559529323482	47.7505460042701	48.6931274313266	41.0234886516982	46.6608357742118	44.2541792857374	57.0485576736936	57.5439237492949	60.5231176622132	60.8396109974804	74.287701939508	68.052964192886	59.1210007822073	63.5808461496214	80.6938387641867	83.823974264841	73.3460039873268	80.1060950077012	82.1023924396913	73.2642945413123	76.8422497436583	85.3486273803554	96.4935127405061	89.5381375414559	88.9915799929788	78.4352239150237	79.1448280839249	84.4554207133827	78.2204435215606	79.129587121943	75.5530505555688	95.2446037375402	96.1527629329505	106.265453455798	150.522250659373	194.472948624304	1074.45420235645	5466.27227539874	1443.44274710181	261.691956533935	281.736662150724	369.738868405151	1157.97885171579	967.672917968339	363.764012065507	303.742893199237	430.228643655106	236.238503242448
588.426	33.4964684750114	108.879369191735	247.988373172529	188.175651829846	66.2221722565773	35.8770979166843	38.7865998219304	41.4618046525009	35.6434142596659	45.0735797911766	44.4818493081067	43.408467489718	50.2589980032469	47.6810827238125	53.4420603941758	62.3125427097617	51.7193939583794	62.0597674124203	59.0907624116053	57.353209137121	69.8783330995149	72.1480547540977	63.5999859177348	70.9955796584979	69.6139563130176	59.0475643555695	72.8230094364796	73.3606576927414	78.4745419527956	77.5228185492215	71.0621311400762	66.6951081899495	75.6980089320143	72.0019842501735	71.5257887995483	79.256657985129	79.1957314523092	74.4218888953922	89.0692651379131	141.46234655689	205.166331586323	3051.36340052939	3822.75285460076	268.556840746425	219.305734891771	254.023289802446	484.231781160007	1180.4069841006	464.156915232038	283.319601889855	262.985950458131	364.16168223942	349.196846609865
593.121	70.8511200389324	187.034884212639	234.996552196763	74.6358717085318	30.0647152496345	32.9929755628729	29.902978658661	28.6671968635117	39.6848866759705	34.2804041528704	40.1658950643437	41.2020139178615	36.4013994068758	52.6014604433752	47.2963882038877	39.1071725263439	45.8302161650038	54.4268983493284	42.2805512244255	42.9743323800091	58.4673046690113	55.4108442435892	59.1951881710066	47.5672040696117	58.3982582672341	55.1243115813991	62.6528323899067	54.950621138325	62.8731439917833	56.3899151623481	61.7156646867699	53.8384074080757	53.5254375194133	73.7484961703767	61.5324199341543	61.7842457176229	56.2577902660363	77.1633078065079	108.416480791627	138.368812530042	686.768416363822	4558.26824766309	1404.44371681939	169.034234839885	169.9882617012	227.528148609753	768.159963103377	931.393767313012	309.129582384848	176.998794883878	139.745779783553	102.93293405817	-673.812582417085
597.819	141.378229635238	226.503358371713	136.505425835831	32.906865674097	26.1103415060344	30.1104409713193	26.5024991817614	29.6286547651483	27.205541302131	28.5345742598422	30.1354762556065	25.7377491742033	36.6216599015771	27.983739799379	46.5072605834887	47.3189010039548	49.2001074817369	58.3079843654423	46.757553813045	34.6561178980249	32.7910636818294	37.2702688389609	47.5159876142318	36.5047966238645	49.4444319261848	59.419138037547	54.1070610949531	64.172868804844	57.9824500133678	52.3461093672904	52.3283670768104	51.4559682862149	48.1090313605496	60.8062150468802	38.4735098765699	53.0171984768509	52.7392312557026	87.8447155161796	103.690629318573	155.268303929113	2287.15434599645	3665.14885305486	244.097882879312	132.700248143302	190.524464614327	315.811158982402	1007.88972378201	557.332723448903	155.500044175171	145.165592386822	100.859022508314	-5.75309827090165	-42.3681088377691
602.519	190.116069497698	158.449737704106	40.7278576419482	13.8690555635537	22.92815313357	17.9213153304099	23.4619275747513	24.9372730072765	19.0509067549203	16.5516695463925	25.3099936650805	28.397200074894	26.0366395190853	30.4372983450664	36.5766264970979	39.1167465444849	30.8851506395119	33.4098901962725	29.1255758075326	39.0779889027087	31.344895105491	33.3891394610612	40.5459467330313	40.5013491772247	41.6247882991685	39.0681496840795	50.3153466827136	36.3980443736414	52.0065977691681	45.2991561771663	38.256314799335	43.3984782647283	26.7227348420649	44.6975609173749	46.0640880023909	52.5120363927354	41.8094910103392	86.4752246003079	108.843722466034	490.274279236927	3859.53827633975	1504.4338732723	144.367302036189	124.750695488399	160.562616621434	490.33831035623	879.613838711122	237.214870230837	176.487021637877	173.615164869769	147.85542890835	11.5965021071681	-56.9341759029742
607.221	212.657185166713	108.73260963763	21.0331068492369	38.9404756833036	40.2235186310178	35.2017050876455	29.5010571176294	31.8936783651474	35.7509162308711	31.3144872955205	45.9691811716786	40.500626668671	41.5727024014729	39.4466262602173	45.6550241184396	39.7401435361816	62.8996361400732	45.1492469498745	54.4842132372082	60.3673471621824	57.4113409822854	72.2402060821935	75.3809850439921	60.8324114625466	63.5922775732357	60.7137359483635	50.2022209927029	57.9149632680149	56.1436704997319	58.807260124806	60.659664501574	55.3573970482529	65.3249756860266	55.0288778703071	67.0721864091471	67.8592555909384	67.3681493133896	122.573516661741	139.015777410187	1810.78628551705	3403.11251546761	272.90111221479	122.382885771647	145.722076352426	212.268529566311	755.166036713361	658.841014135352	224.678415223974	237.914799729189	177.150501547687	301.487977728869	345.184474133903	430.860348679012
611.924	131.408327445309	48.7499284981005	26.1356945068863	22.1145326563472	22.0303150008375	25.0727549350493	23.3496444338667	27.3459002418111	21.946913759436	24.6600467115472	35.3942335020666	37.8300838127276	42.555197145491	36.6965745393743	28.153102653619	43.1244103902797	50.8033214611414	39.2015238215539	55.007849995411	38.7527618984058	39.9147163110659	49.059075402143	53.9893409013307	57.9525073977682	46.8834496052564	51.7104707270279	52.9755384858302	46.4920306351173	55.8287345194614	51.7750229645801	65.4182876556463	49.4941183697328	47.4298865474502	50.9756668744972	57.0246767432092	63.193197761558	93.1087490065837	118.158255736959	341.485948440786	3238.59666218986	1623.78615452545	135.949297515362	115.555255709062	132.238585168206	313.785176822007	823.768227274905	329.735759524462	231.397306894055	251.708002303379	184.814827843171	131.795791182142	218.552084341244	391.501134343773
616.63	66.2322185290052	26.6549477757578	13.5438668684799	8.0748298302508	18.51852817363	22.6447442310203	15.6160286803832	21.9242668887102	26.2264123686506	28.9842256953068	20.3830315599488	20.5322250817599	15.9150597023961	33.9416214122605	37.3977653015248	29.806061975045	34.7329092600545	32.2639324013098	30.0016744657101	40.9659071633165	47.3787650398146	38.6926720985073	48.3428258973769	31.5285765684741	41.0651653709975	42.0058026513015	39.0887858882298	40.9537822253046	36.5780201323241	40.4022529046543	48.9773540857894	36.8315204368705	43.7019547812213	48.3586475200875	40.5424633831483	59.4691284304109	78.7894642730795	117.354626607436	1385.26876991726	3105.96318121054	322.188244549491	87.5193012530328	109.256236246262	109.980218047002	446.22180286008	625.922089460162	209.463245618102	138.311493070118	151.254071783941	184.865747914336	190.378658752089	65.6992898278117	-366.542240808838
621.338	24.3108116903164	27.9680204066741	39.6185831877611	12.5202552181195	28.6718952180256	29.2721592662868	27.7297648654772	23.9101028237338	31.0531234262668	31.5742678547653	38.2193650788577	36.851033169374	31.7827483838537	34.2078472854096	37.6910999245322	48.1193893632115	45.3010304489331	57.9112269421139	35.6728614071708	48.4676166615709	59.0689972959644	55.327890100812	46.7333561852277	57.4533504446443	52.3427184629143	52.1049613073935	52.8189966861	55.5177937504984	49.3467499585036	47.6012641237468	34.6097977608661	57.8058349794708	46.0467707086285	53.9911481552299	54.1779484132565	77.7887352390031	116.082940135675	252.581493662172	2722.06774789488	1590.97189726736	106.814267527213	109.449045915235	138.151286940987	196.600236536385	592.598628169743	479.009835751168	181.086511004861	209.094538028633	172.961284723906	208.592653712243	313.390803470736	349.131587551286	561.514244835729
626.047	29.1209684182165	9.66010415907957	22.5209708004901	11.376692425946	28.6747843401118	17.7824430496647	25.726677691135	18.3132933573988	19.968254862366	37.5165058455404	22.4288372502967	28.6198031132597	31.788780161021	38.3420526054024	31.2382735693957	30.3289996088933	37.421244870622	30.3286598027309	36.359243483491	45.6718671363995	66.0655692815507	50.1398020408694	65.2533474583628	51.525211012836	55.6117712828404	41.5471784965521	45.3724905649648	50.4763106448913	46.8910482681638	45.453818792276	45.826800722347	44.3438641554938	56.3077584910747	51.2696566072384	45.226352712795	84.3312428763365	108.028103013353	1076.16089499856	2875.61959613062	357.131964989156	91.8817349438509	96.981142194942	103.452747014217	296.855429934251	579.069094806571	241.810280639278	163.275601185042	159.503206174637	162.787069849485	169.707174388513	184.032850702807	267.407849740172	1014.48684518745
630.758	24.8082026380408	36.0508251817508	10.5319675977097	7.66584923171821	8.55673477401213	19.4921308719204	9.36863658950125	17.8367262954742	23.7663448360851	20.1650648408605	24.6195834416223	32.1088784575241	22.1271955242799	7.39570513113312	25.8328524785723	22.423166254233	26.4159280806582	40.4507865465435	44.0299517719299	27.4773597954837	47.2835705838885	33.6718561057774	31.4547797454678	35.0462817478014	35.4020588822439	36.8571781581382	40.2014004464177	30.2548389150554	45.9131587829036	35.9924451042271	34.7389204569564	33.2533338885003	32.3960546040072	37.2268842589876	60.8459381772916	93.3694116302298	154.167023147531	2252.4882925209	1603.98324347009	88.6077498144665	78.0437502243182	83.412808055549	125.891628454748	434.583103041369	434.622956057497	131.730210280873	154.157597869082	150.546181873495	146.584757262553	123.996342838272	88.1088996591767	257.992025019295	-301.580334480953
635.471	24.1513638016689	21.9480269949598	15.0634348067141	12.8745642339234	13.9072062822578	23.7232976161197	10.4039339883713	22.0432766092217	15.5858042249945	15.2399801544903	21.8611421693563	18.3639550949732	18.0210063722845	15.7993406696726	35.865348471667	29.7458716877592	39.9282841774879	23.5652600131229	52.403375580875	41.3480730683918	33.8255940662791	37.0151175531755	49.0783221818814	43.5667954700912	30.3542088729766	38.9668891551493	32.7082589227919	28.9927841819305	36.7142027031106	24.4741629423901	35.5892157653872	33.5087871048809	41.4678741109189	43.214817509462	71.8953596904925	91.7918815163674	762.224945602752	2558.09512807404	409.577192961118	68.7150647996464	74.2498053041726	66.483063970578	172.464970539808	511.708372476252	251.862983801145	133.577022526181	160.320746842043	163.647775769126	152.232586227762	135.361294104831	223.608568539489	284.733350077892	683.768440430882
640.186	15.2820180438493	14.4066329640666	21.6084337173302	21.9276889937791	5.01595694891058	18.4007704797455	16.4071880964025	10.3627265026559	17.9000655365828	17.9238678274059	18.7028520061221	14.8938594736786	18.3607189176704	16.7248612712037	28.9777574385186	31.2342629380584	28.7900039870176	47.8567474157808	41.3010805808435	41.0555272901443	42.9987563359696	49.10241110274	31.0727728766099	36.3735570631158	29.1569126432652	37.2097712584637	33.37069955885	36.2338900284546	35.2876226261139	35.4505031819237	44.7158428675573	32.1118226187875	36.8310478584812	42.9949681781597	74.5243479699125	126.449865935663	1784.85506399422	1526.79026538141	84.6985351412568	68.8435668572825	77.4698447262977	69.9377616293389	292.005610085906	433.331399576664	164.017090569355	122.116974214717	135.679477598461	172.33101065391	176.678423987907	85.5414092826919	-13.1780430861114	210.848650814699	30.4465393794924
644.903	20.1794967693199	4.98490072802403	14.5702262498989	0.326150626114109	9.01914854930192	9.30551211749779	7.80925292682764	14.2612160745754	10.2079116714917	10.5191061628126	12.1962015153962	21.562256217704	29.093806879568	18.1242487404809	20.2231186528212	21.4472073332396	24.5212369039961	26.783311860524	40.710975972991	36.6613959602373	19.9022379113587	26.7418699344057	35.5721495456217	29.0968923828991	32.0268501158894	27.4549996596764	31.3194281131031	13.0236379203628	26.6168913378731	30.1784408218886	38.1323848316341	28.6403467505289	30.6955594408598	50.7846345935531	56.4530722057134	558.418276106813	2243.15129215156	446.195088780123	57.502057634367	63.3759885665115	66.3346668785978	91.428640307292	404.76750658316	254.094604365759	132.571179239213	145.507672012144	180.618633322482	179.141796312141	117.604149758576	173.037671765783	43.3180153203394	106.628941286668	-415.724837119037
649.621	24.3839984765957	11.2775712942298	6.33277316316163	12.2383920758607	18.0077947861603	15.2044317516875	16.8295632328866	15.5086107587538	12.8916762692385	19.7471604360652	17.9221984517657	19.1714842856022	22.913950996533	46.2583494430095	26.1568916317747	34.0958436933335	29.8420078949599	32.0713087857775	60.6743035432082	47.423909880261	50.0861181639536	42.9699946305844	30.121441913133	30.8654895232379	35.6960576266738	28.1564804489756	34.5381477493402	46.9958718139546	40.4904881304467	41.8175834669044	28.7792791508425	40.4245065831979	29.9211268023999	84.1943463458824	86.9977210552186	1444.94853201229	1503.32794568179	79.8106045908103	76.9612658888826	73.1529229236863	80.818677010533	177.637423563763	413.190621861876	180.01406307608	148.827189358488	160.436608888666	203.641843060834	138.713290667407	148.698838440712	186.187484745652	168.966117244098	337.137038158262	140.536501754339
654.341	18.129819422806	23.3003433752562	35.0138791849508	27.8800441327077	8.41803462052081	19.7000190394333	25.1337134079854	14.6876971111588	19.637824586424	20.2843362121045	24.0964748568561	24.6407265412476	33.4702645566404	36.3991945165903	39.542805884903	22.0885851209028	36.3034061520877	38.2191632060808	45.5743868594165	52.783798101616	59.9739134474531	57.9446320579307	50.5077912724055	46.1561208157757	47.0275651297568	48.2916641812838	35.387688035433	38.6796638460202	36.7581643077087	44.6211310433693	37.750533195966	45.3095713725912	56.7815449134783	79.2380045049973	394.321434561445	2001.10869698668	513.104184226905	77.9915647020003	71.3077059899115	74.2889824595533	94.4536298328152	284.470804210048	327.698641113949	142.115735282459	133.615164454039	172.512188127113	207.843603990413	152.087033145241	226.512180768265	295.571711883279	374.06652410314	251.934666324404	491.58774704212
659.063	-9.81003323336073	4.77891968441674	5.7646416063336	2.3711093365709	3.21990879900342	1.61073595308786	13.5849994268527	8.56554555236058	-0.200030563272473	3.25420074352318	4.65303522844596	11.6570930422745	13.5007318845371	8.15675533178604	8.52299815811849	17.7593213659324	20.373595725234	6.36759027524662	29.4129770859708	29.5278508323657	34.0669681390049	25.9698156931183	25.4663414332657	20.8407781030768	21.7356240198896	18.9024793238842	32.2115849416815	20.760753769118	15.392390173286	13.0334694620936	19.6480545393177	27.5984296169707	44.8788432597823	73.2721895886778	1111.35737063486	1396.58617315337	60.4446326377488	43.5646355896688	46.3133532128244	56.293705282682	91.086881650885	319.848234774305	164.40016847077	109.850928870982	122.958712791803	101.039365414824	135.18688315744	98.053959614651	77.7254643560363	133.687859465007	65.7527805898017	-78.170474082248	-367.794616197713
663.787	-11.3059184341917	-12.9245819759877	2.19240922671219	-9.96252857261467	-7.42179468327805	3.26717494362361	14.189005397929	3.25764937063672	11.3606302788715	4.00758984196076	0	5.60011844719285	11.4102223606701	13.6814013898217	21.9184961484471	19.8429278193105	16.1426843952418	25.8317092365944	17.5252772409582	24.4302536953778	19.7984729818341	28.1672947040851	30.92040515571	15.5000606364243	20.7079881848113	12.67212384194	12.170644043045	22.3313646636041	20.3895668072567	28.9545364943647	25.2198582543631	22.3919749366911	35.4707308803677	254.325395608777	1687.862680656	519.603095024274	39.1447533662737	40.2727149585217	39.9660429373404	44.7955317212749	159.436064827652	299.043272969797	93.9968537853786	85.1577479437621	104.541544969646	106.928151003737	109.471258545323	100.719988171071	14.4786408783411	55.5674138406119	38.6074616658803	46.2463627351431	-194.615227924723
668.512	12.3042520988134	-5.6979702854402	0	0.692352388841232	-8.37630679740533	1.0974298083444	2.69384021977231	-1.09423020993974	2.86198960678836	6.41392278315917	8.98227632490275	18.4970442964282	-3.94214801789034	13.1453333259485	18.0428864320639	8.61342833279316	26.0268348249065	13.0151376368981	15.7812698746353	34.9417439434539	37.9453768817817	8.10966119364633	25.6596015060417	10.64946014688	19.5208996925033	29.7955777557077	15.1688773328484	17.6809473227529	23.4356229614325	13.3199838245628	11.9224864174956	34.7863209014042	60.4158205481348	894.399132581025	1327.59694109723	72.6336908608105	25.3047601848753	27.1861927406952	39.442881872337	51.3355395286292	227.761495159833	189.998679605541	56.3805947551039	80.6507029430189	113.622265121563	96.9750883182768	101.74477339557	124.619477589155	134.551640254516	80.6321600323679	-31.8307367198405	252.981495242981	817.130074022962
673.238	-4.1261171644201	-20.8818951348233	4.07470585308249	14.6269602009484	5.11624173165295	-9.10832022390628	6.04552565266899	-0.550409973901799	-1.02829473207363	3.10678289429478	3.72085820253441	2.20778081408923	10.906193800571	4.19313348983773	-0.312957678784044	9.90320072016667	13.0917875841796	27.2207351392811	17.3883381778732	19.972825102086	12.5934494924082	29.2964306502375	15.8572514548208	21.7843077093105	8.8034474108211	15.8109966306754	10.3899426333572	26.1960282198895	21.9619118928897	15.3145145356126	23.6729343159583	29.6360940102717	189.021561272749	1482.32425657091	556.328317211496	28.7318441321539	26.9546315376069	34.4846754826103	44.6926803436144	80.5835334174556	244.34529216914	108.417075503137	70.9001666327458	82.4345848125418	115.820521590485	138.208721357114	122.829008142375	90.4731730540517	130.469344672268	85.6242893377788	96.0672889932768	-20.0925012126724	-641.199813591066
677.967	15.7018893415419	23.5097785795831	2.98515931380191	17.1899581012335	16.3707977468071	20.8525688186449	16.3796501657573	17.927128168204	22.7884213365836	27.9254056847177	23.5598057383653	18.1095108300062	27.2990209642626	22.744025052035	27.1117787673694	34.603699408556	22.7489836423207	29.5029628945301	47.9782872459637	43.860132709186	26.5609422699576	35.8618592391962	48.6636524637297	38.8518436349158	35.4720848295187	38.1583685157235	34.3420660545561	27.3655175151268	27.3284164445185	38.8885111203419	48.3290620310255	65.4235761070624	726.371432340318	1280.25713141738	105.839959746998	51.8108161918704	52.0419951983058	55.8996225332817	71.107150770154	194.639692502171	220.278767231583	123.704951309196	105.701930721933	121.616535365746	123.533017224797	163.791165096258	147.607678772659	149.724741243246	223.424786280374	172.504696917003	390.671938711584	60.7196426178213	1093.06670229324
682.696	31.7537515776764	19.6012909846499	18.1105608137494	24.8307543171668	25.1363995150203	13.2132390585534	18.8978832081276	15.5106577959701	9.63590527071247	23.3682327502884	26.800158492297	23.1300991772829	25.5834992940165	39.4242704903425	32.8329511283356	28.0545103680222	31.6701155378999	28.7788671581901	44.662735493291	33.7702807070668	36.0764935242098	54.0145473239417	41.3179938044843	36.0110849484236	34.1430020735814	43.2807524609857	30.0948128719368	28.6587185192338	25.6591885739116	41.271742148079	45.9741756473426	140.012458982345	1291.63650361986	594.01286296465	46.9925242191403	34.6846087157578	42.3263642895142	47.640463889993	94.873423036799	233.540413120228	153.976718696723	62.2800966554637	103.413528690145	105.12111092139	161.919988351299	130.653018043735	173.396474874232	188.254299215611	200.997635227477	234.099582247014	308.047565046754	545.745067327819	619.608815468809
687.428	17.3984114859683	10.0790547320018	3.03950171259795	20.3605015710513	11.4212249642216	7.64358223816919	9.62182406693611	12.796251892492	5.9062858968291	5.14749193889634	7.63276590715133	15.204235937673	20.6774954206274	7.27824791270854	2.88892953437371	19.6800464951324	16.1134681028365	27.9195669156623	22.0995753892562	25.8118344835238	24.622570457546	34.2325267837814	17.0208325305944	6.95947303220021	20.4899201221489	16.8926133031318	16.9840857908954	17.2489475582665	29.150951292319	38.9419581626273	49.5325957766747	536.796932795068	1230.48147199261	114.569680916844	40.4125088179857	32.3800352326561	23.0388597470086	36.1830960382083	118.670075893594	207.772447464978	109.218875960707	52.7016315452615	69.2297927867743	107.186585758843	121.123248892657	96.3576467347382	93.9342228628619	108.703733853138	135.49159033128	115.555924146376	182.469634768291	233.561089786346	590.208761492463
692.16	8.51003548796205	14.7784061606411	8.78600070006273	12.9290647250412	0.931071876302338	12.2391885707767	3.86962067757336	9.64928282584833	15.9062824321076	14.2940522768358	12.0594521941211	15.9372657515497	10.5652744790023	10.9766317788057	17.7503990507891	14.0422952191182	11.8131800358305	9.94925608645697	28.0667781789689	26.3638776917765	23.5387035569985	21.033431369612	18.2541037407473	23.5696819082765	19.2044527175314	14.2668179225414	27.4559732641798	24.6798189831446	20.3165932914243	50.9980434610469	106.438415771856	1056.33736261637	634.660091957585	27.1235963072676	30.2134413880704	20.4845453544466	43.2393090341119	36.3794992597123	176.602277427564	135.440817676142	46.5719348950176	63.0553606268702	70.1904955312402	94.3810199121895	106.948444472749	85.7021397400437	138.888384407808	82.6367618903602	131.181597768927	167.303759180778	66.0456312789485	131.227896971675	796.868129817559
696.895	-19.5156062109524	-19.5549499663535	-4.99972449156163	-5.42369415426244	-0.624929855341324	-5.1581741311179	3.0301438701415	2.0953514095459	3.20286039101263	4.46621063243797	4.41503560103854	4.58442733775647	-0.34312978163642	-0.669768124660242	8.44808165615535	11.5671734261343	7.13604198658432	0.715487247062097	25.1176707530358	-7.87992780665633	-1.63438309187037	7.31543850195804	10.3376628630855	8.15709934782252	0	3.07793653848056	12.1356995302431	11.4163819646778	33.867391567683	36.1066867331885	392.924542188692	1106.71914790329	119.270007336421	15.8452623611225	15.3841300550065	8.47043008087834	43.9216340976104	45.2687725616312	152.215501576358	91.985622332151	45.9010846839952	28.8076701561552	41.2225094197523	60.6523156435496	42.4411348795167	96.6007250352057	68.2378086331676	38.9151691917272	8.46618279877599	9.35777325431684	-107.129459040339	-34.7681750740579	-153.628019852763
701.63	12.0000385127531	-6.00165953252137	-1.16350543785532	2.55238635368062	-10.0831376827898	5.20164178340655	6.11135745479198	1.9209171106182	7.75164173034158	2.00170984268197	-4.17397581134472	10.2367758406904	10.0346182105772	8.10494668974237	14.7448958882218	1.94410822769989	25.3579571304271	23.8100484302966	1.5830834997243	10.8739273552499	2.88427291094889	6.21228236086859	2.31661728547613	27.2948286773473	18.7887929483887	7.5872479025359	7.47875724982432	20.65493584683	44.6353298064487	57.121774718189	842.372634552296	626.186969086453	29.3191353145687	18.018634994576	21.5077283662357	20.4260672323822	22.3418608931422	96.2805273590198	151.311629077358	50.8086685289939	45.7901713690619	39.8098496457548	54.0408560380721	46.2123688815109	86.3901380945736	69.0415389113899	104.911386529026	78.4862104033522	56.3476772748418	209.965033064845	11.1757482572323	210.3669875435	0
706.367	-1.94299930483703	-0.867647535282951	4.31727656536423	5.90389166026007	-1.27548610881903	9.94298708646366	10.8229526351576	11.85791909144	-1.08950999388351	-2.02568143254453	4.78715636172463	7.68598191650025	5.60264184863204	11.9612615776518	8.62129621948504	8.19745835896694	4.50812467856368	11.6825149173445	9.61225083630257	15.6597500583193	19.597749027458	21.2175379157612	13.6754337259043	18.9189722244939	-5.38126392595011	17.1012437093794	17.200726208762	30.4967840676794	43.4588830836311	315.396774908665	969.176373073537	153.661316328412	27.647276810129	13.7618250421975	13.2019004814444	26.6839697085663	35.3024232172492	132.711201416499	122.587446857293	43.8696619081103	27.7023845557023	39.7421813175748	55.8899600012588	64.6468242131069	57.7484310371355	87.0961620548511	41.0971969526933	138.311013338954	98.4933608706879	114.595675274694	49.0081976148217	-35.4810415576382	731.630291522261
711.106	30.4346273146665	4.8224715200902	7.93251360497799	2.23734672031237	10.6339184702078	17.1407411503439	7.58913431976802	5.50047662835386	1.54142677522761	7.676549588482	11.0983123455231	8.44257982470417	4.95409760234811	12.0876153793915	13.7387341754901	22.5326239043193	3.85486253830362	13.6505998043145	27.9271481582316	15.8251731569879	5.89929364199925	25.4123510259086	25.6655198996878	17.589318441653	9.42605623110682	19.3980444524652	18.7730217429485	28.7412581240438	50.8341795938477	724.910897602716	576.563450998318	22.6175294691258	9.54025942217238	26.0759985916788	10.8173188196174	30.7638548598791	63.7346021838315	134.961924590674	64.8481928321773	34.7990865025131	32.0670241070688	59.4177552333602	32.795046776149	59.074752619962	25.1265598077983	77.3768876957599	76.1407729139187	26.2937563945557	106.518632186767	144.757770519186	87.6227459225907	193.621582176193	-123.226488365804
715.845	7.94499292678753	-2.66088111056189	12.0364750082562	13.9566439441639	-4.23760012221245	8.07165518408944	-0.903172171143132	2.78206685243424	10.2466033307861	10.6127001877723	15.2568697827429	14.3476803016977	10.738781632255	8.03521789022023	14.2367017873785	8.044727367734	20.9153653987704	33.2152289943849	18.0147155281815	41.9677527518401	22.1652460053106	17.2715200481906	12.7815617200041	18.5664832877499	17.2366066125494	4.28128106929197	23.9136886082072	39.2322249913994	259.91092310361	885.351256854684	157.945512359267	26.9770643063775	22.0586718843194	23.5641469264152	35.7455253796695	46.4877298784249	113.941441292312	126.220154358225	38.4543996061209	41.9528500556124	30.3785719310223	58.9923346502284	58.9770386011946	77.3344328469599	100.029570026366	90.0132269582692	86.3579449667089	95.1930365369143	63.5909745178416	126.908646617534	0	398.978895488522	623.262949354585
720.586	-6.47151218407729	5.7797154966447	-4.02223047639023	-9.83199188947982	-3.92145065777499	-3.29670745698636	3.84811786912462	-3.58592266999848	6.69934333682829	6.22790772174644	9.52340816993072	5.82197331683141	-3.22972209536717	7.00468655417095	4.41766051612477	5.71265371194051	13.5047307489458	10.4759680261085	10.2613294039457	6.07240745376757	12.3924192771972	-5.63740231850143	18.419619876797	-1.16331829192339	-15.8092495976475	10.730072041287	22.9160574495043	39.6818808322136	607.046101551724	531.782144641171	13.0238024682822	18.8286496295808	17.6221320583945	16.5715703870752	19.3802942722123	31.5831693926526	98.373844328719	60.2557228574089	15.4203742814336	32.389624154934	20.1311617447879	29.5702146360293	44.95970752223	45.1075337044214	27.125103240736	45.1195982837295	54.9866581345929	32.2784738228917	31.8753067929235	41.5935203291685	42.4979352494642	-210.898805874283	178.522168989031
725.329	12.5973285673818	24.7515172259119	13.4355954795681	6.8899599291502	27.78566672047	13.3480071052052	13.7475947804396	4.63801638012463	13.5624533912903	-1.05067148568016	13.1451939938192	15.9461244189346	21.0681628250662	8.15384729930825	10.3192056702354	18.7080143518875	19.7852275794383	22.3441671695524	16.6187991600474	10.5370766217263	-8.21840859062418	9.37464557567351	33.64162392142	12.9529076599078	9.30376723782764	5.7926513939614	43.8942552216393	195.502593006096	800.828884926194	175.686796776711	25.672132828578	13.1678875307838	22.0345838227818	27.4810017914242	8.14297695514785	56.9207665896227	128.790741126611	47.051128908262	29.38136709166	57.2523074695908	18.8097385633853	49.6978163402213	50.4965448830223	71.3419762654192	61.5694405012307	56.5924213136847	73.4221647239549	5.68226096141807	25.094926695187	34.672153824923	226.818861531671	206.115276635665	849.309613653021
730.072	17.7460901159817	-2.26415070345985	18.8450372991345	10.3993009150591	33.2841695861452	9.76809604072226	5.76383673773175	13.1890643959106	10.2351853575937	21.1442912195241	8.8180372815746	23.0217027527851	23.3924029598992	22.116816640316	20.7669374128273	25.3275344430251	32.215476339955	13.7186334101057	34.6987580296112	18.1129397740728	12.6220040735297	19.2761842745583	8.97258807315902	12.6386153909319	17.2255401682391	26.9578542034065	55.658367141885	506.822483503144	548.997910352309	33.1684702698539	12.2178409077656	23.3616495397347	27.8027390815407	41.2986509735484	35.0093919960527	100.8201171902	88.1893411840149	42.0836805754063	26.7926831937762	30.0353818885858	43.1112187937931	53.4168997157333	63.3569421496824	73.9398474774704	53.5808564609948	65.9361439813895	65.5381796866756	52.8882379158194	73.9499598308176	176.932381763417	338.412046223682	14.8142045123918	945.513460101683
734.817	25.0204679624424	17.3294042412156	18.5659165192034	12.4123801812563	17.0951380439045	18.752297637744	8.59088877010832	13.8955024347881	11.6820237347139	12.7764174109592	22.2012102236621	2.10770325826345	15.0918829821509	13.6514641971492	27.5367704853532	29.2984625049768	24.4238465753131	11.8969258280298	19.3668228291994	8.45324384962242	28.0527216152606	35.1080612231868	19.3044581896655	36.5933405032038	13.9534452261065	26.0481364998984	151.884257809582	715.728975354778	202.161219791366	38.733683232446	30.9366870023654	18.9621322657057	21.6199675425107	29.6562741319456	57.0118341007927	92.4473873009876	47.5341854285126	51.2112270160474	34.891062003257	20.8265495280304	60.8890220433827	54.9397612193612	61.2786626595459	65.0651664278064	75.8816728600429	69.4214068564514	73.2025534108035	73.4162605057354	141.681582255617	173.166059997283	186.255853586646	343.139632460059	128.182023162013
739.563	-26.8603644950257	-5.07460135554786	-5.00834613019801	22.7584297747493	3.39087395074162	0.621962009730726	3.75807605228647	4.13432437201556	10.1955297136479	11.5783192481991	5.68955364711797	1.42143635168926	4.84074421098299	9.81225016271473	5.64176648021484	19.5264431704023	-9.2190990095357	0.776447803674093	-4.68492284598989	-2.25034451171548	5.32090474256077	-8.77437974152799	9.97195272095231	14.4852481719843	25.5601701519357	19.2988248215401	428.74621059583	532.36581263338	31.29458487927	6.1111146280125	18.4928430983944	16.3403160935125	12.9073448497201	21.2197341562626	51.9817865921607	77.5335598368581	22.7774013575694	7.59215950671205	12.7064987874626	11.5373237374568	33.2079493477946	16.7889193328723	20.4501610622588	15.3579956520484	62.262486033384	9.16001193054919	-23.0653052284677	46.5995016211802	0	-38.0815094211799	32.0709090048598	286.751604539303	277.862251883309
744.31	20.3607066258314	3.26382577000999	5.48373075186275	1.98291449009673	3.08442231581822	-0.314306631117756	-0.237391553864734	0.208926838775704	9.36778232467935	5.71499744353003	10.5928377752316	12.2114159530422	11.2904101332904	-8.44797003958526	13.5424861872292	10.5724599985592	18.26266831844	1.96187781241849	11.6223300198014	9.55252058266051	-0.896301069823016	18.581017354553	2.09970679904349	27.2469517908168	4.24132257545818	117.406337125827	638.534991806049	201.449850671042	-0.367781961694073	11.2629688654486	20.4877788735309	10.7706907769972	19.5680637060793	29.2118268379828	49.8532720881934	53.7228837244303	27.7104419580533	27.0824115806168	15.6962445407598	19.7724975890117	29.7736952677423	24.5750107262054	29.7114787480685	42.1317775377681	-14.6545403054841	42.175191939088	71.16284132119	22.0771106250837	76.1432734447163	66.7138376978011	44.5690778911973	350.832463405981	-374.444942243538
749.058	5.27404936033196	23.5512998746876	14.4886405661138	-3.20508771740146	-6.92432228831241	0	4.7963537844589	0.422124131007574	-3.07564426342936	6.59817664594206	4.28043851807308	1.08848967342918	-7.60386521610857	-7.05008057824417	14.0409134573791	6.40830615490523	10.9189807503274	-9.1168694964955	11.7411099230742	3.67624650994651	-1.35819186432905	9.38545742853051	17.8177922715212	-1.23248126473745	12.8540063376694	363.397352930059	479.967070703756	18.9742994547917	11.5177611899788	21.288013362035	23.2389203401897	14.1449970348566	3.66074977703938	25.7748809391127	61.5975432384235	48.5590954110841	21.102899306257	7.29578482818759	11.5321161759557	31.2422792629443	4.37497914769982	46.696837329183	31.9726377002137	29.8683250400964	62.7006041666338	14.5484658020672	18.5922733614469	41.631777801054	-7.50453226062925	-12.9607021812171	261.96115013974	-61.6379064066973	-1191.55604267994
753.808	27.4156496508472	11.0422325540621	5.21211684269329	7.35032620465141	4.23460298565545	1.61816824464602	-0.488872248918182	2.15126721799554	-1.44686554909557	12.329615928681	4.98613905175047	-5.54725963186611	21.7008435908143	6.05124362068664	22.0174075405614	2.90298578414643	14.9669354229411	4.84823121621023	10.1942997959244	16.3933177909924	14.3049300722137	13.4796505162122	19.0257354152085	30.1491965631402	96.872068106918	570.077217369137	194.542006295126	32.6120576136099	5.68043781879994	-2.99282486166008	18.5050453161915	-4.80580097724622	11.5668715770778	51.0195414332776	67.9170617443676	29.1142657476097	24.1430932336959	31.6042233572889	11.7542029280503	21.9253402043112	38.4608843979319	24.7017890494235	52.5404336635142	38.0544156299619	61.2452617771336	51.9002461057798	78.3280116172289	34.8561115646865	66.9292344179823	47.5570828747335	333.757533204089	251.299743745238	539.779181783612
758.558	-10.3993751408883	5.37708642710715	-2.65344094167126	-7.06819151241246	-15.4498827360126	-2.3066249666392	6.47088998032874	0.87615234807437	0.491057331846003	1.14125355093079	-8.5670922991168	1.12962362629367	-11.8368221705886	7.31650265764043	17.1869194327855	-14.4093638460038	3.90745114196105	2.0568250853482	-7.67191469469259	-4.76896452842809	-11.2761427613913	-8.41193325691434	2.64158935208607	4.68987438453188	332.281254396157	467.578421908407	29.4599062956438	-0.772209293252619	28.9185886079119	20.1879613273922	-1.50731985030763	-1.50559338856731	17.0959017119505	44.9691853700865	26.9370804530607	0	8.93892917436759	13.2501110961809	10.9705879108397	21.2609330706546	5.10784798581609	11.6552993268771	-9.48025187632063	21.6979329493978	24.401270946276	22.6473770457086	-28.2991487441846	-29.3177056697647	70.093152351778	45.731653286023	191.152015805439	31.9835994093211	431.823286829842
763.31	5.02464299173882	-4.48751484018117	5.41313026061142	-2.96870116768595	-8.79583411314399	-2.68892068423472	-1.01545273986019	-3.35135129195672	-2.00355490183736	-8.43974266593233	3.5601756324703	1.53631956115581	-2.41476112299422	-0.392788704499576	3.04887242848636	-4.52241594017135	-13.1527496174061	11.7488252401642	10.127134573766	-4.86444333378624	-3.35472110102433	19.4186810830179	5.83803190017598	76.5403157859952	520.358238838898	219.817478189037	0	5.51368715057741	-5.89951276583017	1.16559293318175	1.92187212601512	10.7501567166742	15.8881163568838	55.3597503792428	23.7855265886378	10.3670066845304	-14.1327361464035	10.6192348510398	9.66428833132896	18.9757709641105	7.52571665713175	21.9001420225321	20.0308276754383	-1.58088174163023	21.202426950554	37.4012906614863	-23.6174091072485	25.1828813142602	-5.95803983704013	-2.74395533187583	142.984632943533	-24.4679541035154	40.0426148632743
768.062	23.1041894736783	31.2032088640371	24.5869790996677	22.6875966845545	12.2074206092615	12.5526063417263	9.4808140506533	7.44195114260683	10.1114964139371	14.3936675394956	9.4737281049182	36.828951462948	32.0918088252213	16.2550019973946	29.2352652467612	12.1726018140894	16.4941769681236	2.54115902064768	15.7974502960365	24.5497646609399	34.3447934892096	45.1263958353308	29.916530597692	295.417913443705	461.550054576815	65.5904873093745	33.9226624813931	14.7082156576634	22.6278828755488	19.608295157721	19.3985231873871	23.2515652888978	56.3242253456854	53.0837883281049	36.426012273101	23.1079908406025	20.7071939431557	35.0790013798766	25.6702715116575	35.5704142020107	29.215861390675	32.2101867847738	50.1969781592068	49.4658251139014	46.5234512135285	51.0751539336921	46.3523729449315	130.269716699521	82.1883354775788	296.350043474421	376.112750410109	222.271789959405	1273.14293419519
772.815	-2.25263155638423	12.0709680930821	14.5607814094492	3.42236166175339	-1.47874487206595	-3.05139188039262	3.84112513185278	3.38055047905026	-0.757879198548808	8.21971406459123	-0.326472203201234	13.1724924354204	17.4565675096013	0.792421878511159	4.99758385723584	5.702272770428	8.44285594960522	4.23256741768157	-2.78600968973995	-10.3043337151205	18.3700123755156	5.01085032821864	74.2906967295328	479.474169641589	225.429028109146	23.0634349984756	0.398835949700274	7.15079061846614	3.57054793173521	4.70299339624831	10.8562537775294	28.2713857346735	50.0340889779848	27.5221685457628	11.9963809071079	24.8361608815278	18.8545375870579	17.5283290512961	5.64386263020157	-8.20332875156049	8.75917577744814	28.4026506838348	28.5661837516955	31.0957808467931	70.6706041038836	16.6443332740713	13.2350997679074	112.722667278131	144.238805214932	268.482660946652	174.824738851829	222.13021579708	424.110672141457
777.57	15.5152159450617	1.53962871738245	13.0003972530216	15.7145628405782	21.5016606837218	0.691909606706331	16.9841744120679	12.1880976161419	13.6621324106826	19.4704470646403	12.3257065031997	2.37194262270423	13.2557487268138	21.427239295005	4.70719155516964	12.8007246854091	17.6401562805006	24.6174252652034	18.004408450844	23.0315061813921	24.6637860656272	31.1427841979357	269.940046574648	440.457531237828	45.8351013154489	21.8820946522245	17.0925742703063	17.8360270009245	15.3829575905693	17.9957323257453	20.9682271749597	67.1795430470808	61.4243593868171	34.1882391728463	32.5017587441846	16.0057488341799	29.5621806422761	20.3697529338716	34.0299251741493	22.8795038361867	48.859579293061	37.99813299729	53.3204149088922	42.3062071460237	81.5995099840094	103.033967765658	82.3798396881184	152.280624634625	208.503658490101	192.051325965539	196.227314996792	243.447747342395	1092.19369198285
782.325	-3.50092674118551	-11.4645005986268	16.9722259498313	-6.20533955643906	-13.023082073747	15.8077329625534	2.12255417383776	-4.90362286245157	-5.23492336530787	-7.2998094015406	-5.07386688782583	-12.4437803005478	-13.4599043999185	-10.6733662028693	7.5678399549396	14.5733720846535	11.2469677325411	2.63121741581506	-7.21646037821085	24.403013386002	-6.01047366406761	67.0206584418411	423.818523227066	218.620926448949	-2.15467690513728	3.77305594105191	-3.71910471828704	4.5276812206992	-11.09833225897	0.812128438940238	14.0602032953904	22.4705583162132	34.4252064048956	12.8114077422464	-3.00021162373137	19.8638709687202	10.9587612454109	11.6029241427159	-0.531600462004609	17.5655661291314	18.1507609758928	8.50141684770015	17.3253178412699	5.78277773333944	44.318458213609	62.0826868378942	49.3663843801595	14.8046115817952	116.235622848316	315.456001804143	-140.380307996576	-102.288478959322	397.571374690795
787.081	18.5735487473344	-1.07019737072931	0	-6.37187099666337	-4.71973407824433	-9.73917713327146	-8.71806692034416	2.6374963976636	-7.2568061228559	3.43553508247318	1.0420066450649	-12.7777315108622	-3.02337112148315	4.63684064833913	3.680969941071	-6.06667893978524	-29.5136008343644	-5.40366172882522	-11.8562033008564	17.2273145764557	-12.8578656829709	216.635333713362	436.638277162008	73.273633838362	7.08000490437147	10.3315004767167	5.09188477062831	-1.26796082294412	2.53248354507436	-4.16961682643065	17.3250409464781	39.5547362336654	24.5364123870793	5.09234512092294	-13.6432226497892	-12.5163124662398	-0.489254752185537	-13.9863632870121	5.45866915879752	13.3822678180803	16.7740823431145	-8.72956764891226	22.979103768601	6.78625024862319	14.8395077269507	29.5133274648652	7.04044722696544	-47.2948620442822	142.79974973595	-61.8396222055431	-4.64992470566364	61.2695849158083	537.159101459725
791.838	-8.37985834041571	-2.13830337075311	6.28718913332366	2.72813360069759	-3.92926870492847	-11.8918079185029	13.6086695840617	-1.43722871510138	4.29612772035235	1.87209721940952	7.98091186976309	1.23534642997834	-0.431488142609712	14.3180491243864	2.04298515600733	10.1012520221538	-15.8106701319484	3.59892122244154	9.87051554537028	12.5167140653031	42.1325915979738	390.240425398001	227.735215888998	5.12880524373181	2.65240764800161	15.9121669836644	-14.412910282359	-0.422240634584478	-5.90335448744263	5.41520552476152	23.0774836290517	55.9811239117893	36.5609244173998	4.66342196091668	28.5788056267211	-6.02048432552512	15.152077806131	18.6302630269746	37.0826815095207	24.4133072408086	14.8957266291207	12.0752834193056	2.96214851392167	14.4066912930612	4.9416693687744	4.71751841866364	-7.03356803557193	114.74672248103	183.116104182975	64.7210655882543	4.645381283778	87.442455231302	643.96109467133
796.596	36.5842064652611	23.4159365387033	-3.94127653254484	-4.16860400264534	19.2126253601605	6.60754604940902	3.88157023189816	12.2005212911789	6.01746578900218	3.8141005803021	14.4924657735687	21.812457645844	34.2844523052976	1.71592645522409	3.74603183502429	2.4695634906157	21.7646809742684	12.3731382402928	-0.502740171279032	21.7819468419848	187.902482302642	409.363441016373	66.7024380661262	15.6736884603759	-4.05289430667156	-2.62852796334495	18.1365970511694	16.7748397559839	14.1748513934344	14.8516047878706	43.2385774134245	56.1876994858644	24.970098476963	19.4338250956598	21.94626129521	17.4551485586829	34.3552676457764	31.1029974599069	29.9978221432486	14.8030457927183	21.4962703959537	-9.5672387314458	-11.3154503764098	49.2066650600685	4.0271464134856	45.6531719455568	45.8552868266628	147.830339994861	130.140684553051	-65.9294429954314	-56.7853568708487	222.687633274959	896.511736818846
801.355	3.6845089589997	-17.3933801409408	-23.8162913953253	-3.19872796087377	-10.3658738543124	-10.1404413984121	-5.98354565980108	0.421286523137095	-11.5698097322958	-5.7619485769057	-12.8158349285326	-11.2254081090213	-25.4224032893632	-0.370320595851804	2.87447230905395	0.710621150111577	-6.76385041294942	-5.53838732333126	5.20791662285668	0	282.395176287025	215.437185572922	-6.77426170546523	3.28009517398588	-21.3808342167554	-7.94181623629478	-11.5559963370684	-5.94090959643808	4.44964136218924	-0.366306417497795	25.7295214510905	7.23945105348137	10.2297604202239	2.98246221904355	-2.31982328817359	0.407249925196857	-12.8945053929767	-25.9396598489529	-4.315962507804	3.06691339411657	-10.3699577779157	-5.89926306806293	19.5362420712901	-8.1974910175353	4.3455687010481	-42.5216790690373	-25.9775338030249	108.324619571444	-22.4689237474126	-18.1089785244693	-261.441348723523	-99.9628503469151	-792.794449893885
806.114	-14.2116774132846	-13.1625579444957	-9.78169110879433	-5.99761492663833	-7.94716995497282	-1.90133276220227	-10.2916985348579	-6.31929784705642	-10.3892169024697	0.274378503662176	-8.84902887922486	-10.8632981700206	-16.6953096228654	-5.92512953362886	0.718618077263487	-7.46152207617156	1.12730840215824	-4.35159003976028	1.30197915571417	99.5203188657298	293.239151056446	51.0918226655152	-19.4760024032125	10.6603093154541	-19.0483795749275	1.13454517661354	-15.2837370909614	-10.767898643544	2.22482068109462	8.79135401994708	30.0781729639509	-4.34367063208882	-10.960457593097	11.5570410987938	-10.0525675820855	-22.805995811024	1.28945053929767	-2.27540875868008	12.947887523412	5.62267455588039	21.8314900587699	-22.4171996586391	-20.1874501403332	4.47135873683744	-13.0367061031443	12.4453694836207	34.6367117373665	44.5169669471689	-28.0861546842657	-62.087926369609	-134.805695435567	-61.5156002134862	207.636641638875
810.875	-5.26358422714243	5.64109626192674	14.8851821220783	-8.39666089729366	-8.63822821192697	-8.55599742991023	2.87210191670452	2.73836240039112	-10.1530983365045	-6.03632708056788	-5.79763961052663	-1.08632981700206	-10.2448490867583	-8.51737370459149	13.6537434680062	-22.0292556534589	-20.6673207062343	12.2635719302335	11.7178124014275	251.781820540487	166.726112079859	17.456372744051	-8.46782713183154	5.33015465772706	4.66490928365572	-3.02545380430277	2.98219260311442	-20.4218767377559	11.8657102991713	26.3740620598412	1.44955050428679	9.77325892219985	10.5951090066604	-14.9123110952178	22.4249584523447	8.55224842913399	10.7454211608139	-6.37114452430421	7.67282223609599	-5.11152232352762	20.1941283043622	-4.12948414764405	18.8850340022471	-11.9236232982332	4.3455687010481	6.22268474181034	100.199058954525	83.098338301382	3.74482062456876	15.5219815924023	106.210547918931	538.261501868004	264.264816631295
815.635	6.31630107257092	33.3764862163999	22.5404186420043	21.9912547310072	9.67481559735821	-0.633777587400758	7.41959661815333	7.37251415489916	6.61131984702619	11.7982756574736	5.49250068365681	9.05274847501718	17.4541873329956	20.3676327718492	20.8399242406411	9.23807495145051	16.9096260323735	26.900738427609	86.7986103809447	300.395432520982	64.6120163344712	11.4956600997409	-2.96373949614104	5.74016655447529	10.4960458882254	11.3454517661354	7.08270743239674	6.68352329599284	35.2263274506648	53.480736954678	34.789212102883	27.1479414505551	25.9397496369963	4.84650110594577	14.6922141584327	13.8464974566931	14.1839559322744	17.7481883177046	5.754616677072	15.8457192029356	43.6629801175399	25.9567574994769	36.4676518664083	48.4397196490722	66.9217579961407	91.266042879885	170.709507848449	118.711911859117	73.0240021790909	18.1089785244693	183.825948321227	430.609201494403	-18.8760583308068
820.397	-6.31630107257092	-19.7438369167436	22.1151277242307	2.39904597065533	-1.72764564238539	7.60533104880909	9.33433122928968	5.89801132391933	14.1671139579133	5.21319156958135	-4.27194497617752	-13.3980677430254	-15.55699305767	2.96256476681443	-2.5151632704222	19.5420816280684	-1.87884733693039	25.713941144038	191.390935889983	167.395928046043	-0.903664564118478	-11.9214252886202	-6.77426170546523	0.410011896748235	-5.44239416426501	11.7236334916732	11.5559963370684	20.0505698879785	15.5737447676624	15.0185631174096	18.1193813035849	12.6690393435924	5.11488021011194	5.21930888332622	12.7590280849547	16.6972469330711	7.73670323578604	9.55671678645632	11.029681964388	13.2899580411718	21.8314900587699	0	-14.3265775189461	22.3567936841872	-24.3351847258693	40.4474508217672	68.0363980555414	11.8711911859117	-14.9792824982751	18.1089785244693	32.6801685904404	-415.230301441032	-207.636641638875
825.159	-9.47445160885638	-10.3420098135324	-8.50581835547333	-16.3934807994781	-7.25611169801866	-1.58444396850189	-14.1211677571305	-6.74058437019351	1.41671139579133	-1.64627102197306	-8.54388995235503	-7.96641865801512	3.4149496955861	-19.9973121759974	-5.74894461810789	-1.77655287527894	6.01231147817726	50.241085004505	223.506421730933	49.5308499423909	8.13298107706631	-7.23800821094798	-13.971914767522	-3.69010707073412	9.71856100761609	10.9672700405976	0.745548150778604	-5.94090959643808	36.7095412380613	12.0881117774272	-5.07342676500376	-6.15353339545917	5.4802287965485	-2.98246221904355	5.79955822043396	15.4754971574806	-10.3156043143814	6.37114452430421	15.825195861948	3.57806562646934	-1.0915745029385	0	5.20966455234404	-19.3758878596289	-9.56025114230581	63.2639615417385	1.23702541919166	-10.3872922876727	28.0861546842657	-129.349846603352	-20.4251053690253	222.994050773887	0
