Wavelength	500	495	490	485	480	475	470	465	460	455	450	445	440	435	430	425	420	415	410	405	400	395	390	385	380	375	370	365	360	355	350	345	340	335	330	325	320	315	310	305	300	295	290	285	280	275	270	265	260	255	250	245	240
248.336	11.5418280659006	8.44158830602828	-7.63345982466894	19.5405710040878	-8.61149327195722	0.947100045010243	0.477269791304144	1.26004560463081	0	-1.36738446295399	-5.77753589120239	5.05086889616207	8.69867871103609	4.05693147010717	16.8223671416596	6.37846262828119	2.24786598724743	-4.33773454581879	9.51391997596339	-11.8809917090582	5.40544052663579	6.36623574099306	16.0479349506466	7.36158238483298	-4.65451188136839	9.05105952469867	23.0654665282021	4.81675632537764	-2.219932823368	11.327839290557	14.8224090866662	8.3063042539817	21.1533191932005	16.37272326135	25.4841840756466	34.5526595443379	39.890101414696	21.3506210282566	62.1705826846929	75.0082386874675	75.7067192733403	146.624289789915	386.234146424323	732.839355743291	972.097380924404	1012.20167883267	942.801128493617	965.11684875338	1023.62665072534	2748.22060871777	56020.083133485	178438.44299933	60554.9276288935
252.814	-6.28349893609333	-16.2891824193277	-2.5396188952655	-17.6722774216547	-2.88792642189738	-13.2340348231287	-14.5765166585203	-3.5213782320608	-8.45889706062345	-12.119145144224	-3.64198939901242	-5.61734423579854	-5.4357105990378	-7.06764285329397	-10.7171395056844	3.39533885511324	-4.48713144473971	8.97374063646712	6.73332832697086	-30.6490486174456	-7.55313955909222	-9.65816642205256	1.51742222117461	-7.83733264988214	9.7557759574432	-6.77530834220542	-6.23804086646547	-7.98791537711334	-3.10196039417786	8.31550468006301	9.52592692363508	9.94849672153001	14.8517993227922	18.7183326655969	37.9219163960374	38.9495252463379	45.2079163019593	65.8336069878465	52.69616848324	63.5586403830508	125.900241026254	391.425561952653	788.902428732965	1174.45826960511	1229.71788378107	1175.13067237367	1146.9330896849	1232.15894031312	2391.59896830078	49039.5450171641	194405.901573596	78929.4931824217	3537.34803315328
257.296	-13.0555435274013	33.9004326175354	3.51779641325801	20.3204522096501	6.12284773838661	5.61163744146127	1.69671517470899	7.46586290450287	22.876019285406	10.0462983853902	7.56714556789645	6.84040452210001	6.27447267923136	4.80752348287549	19.0864652315633	0.419920670148152	11.0989761182767	2.80378868679824	-2.04984275501001	5.4150576860304	7.47311431517367	28.164576612975	23.5210745951722	7.26965286592007	25.2801315368816	24.132687092117	-7.93536305944541	12.2939968649991	17.5376870546708	9.09344454226958	32.9875002381195	5.56348720878806	27.2279422787034	35.7171671559961	58.1104530589711	49.6162026371136	87.933029857339	82.3621789066997	107.676003775782	144.515116221211	336.26455552315	734.084504594896	1145.00339289931	1228.13868904704	1220.79950274978	1200.70033814318	1285.40312916705	2210.17463025459	37621.1001164523	166898.064841585	85125.0562366721	4632.72669425419	6330.97495416287
261.781	-8.83196747372578	4.51148123606389	-2.54974312273738	-25.4152593296963	-2.07102798740276	1.89811321349074	-10.6172777973384	-3.78794599000067	-8.49261857614795	-18.7444627736909	-3.29085741820299	-9.97799775208169	-14.553013701308	-12.8611703312458	-16.7853871183297	8.94829535928963	-15.3170661611737	-8.53532960528465	-15.0803810996436	-8.2422941499702	-4.87494659522018	-9.69666884223869	-3.554766709235	-24.0975148877874	-5.13054011876188	-5.44185456555519	-13.4205190856534	14.2573498974966	-7.11846035239249	7.90925168821988	24.3444782487388	4.77694443583539	30.6991304852321	42.060419893878	38.5373986725478	46.9257577107547	53.6405270988521	72.104785761441	85.6851101704678	240.52222102354	616.29231944765	1026.01205975107	1261.95903562012	1218.50458287986	1235.66292544121	1245.77548855478	1986.94029690876	28933.2207925867	141401.808055968	89282.1491025306	4833.65666552032	3318.35440614756	21037.2499472018
266.271	-14.7575801142857	-3.44142498220701	1.03732371953942	-3.9018138959989	-0.421282919837126	7.72218127060297	2.04299538152977	2.31160122879953	-6.33433362536773	0.66893824439144	-7.80986882873885	2.2061927766296	-17.5769875356536	1.80426519571076	-10.0682149521902	-10.8347504448921	-6.41479223968988	-15.9154755502025	-4.76008509525648	-9.5008762210852	-4.40732653472672	-12.9767775490941	-8.2640119245979	-17.0064232131927	-5.69258517040508	19.8331651740877	-6.36992007570923	-12.2351833563503	-7.69259551659095	0	8.84301431542584	13.6923214580458	29.4394612859077	42.7790850974689	68.0024694144921	58.6651190610411	90.7535639082861	97.2268233621845	220.504943060669	572.887977000294	949.226566443606	1176.77659060396	1264.43567238396	1272.99196396891	1304.50174903418	1883.50389899125	22146.7826610733	113959.262960944	92249.2267365386	6283.60154969344	2333.72450025306	14193.9748122281	30047.4128025192
270.764	5.77811622230697	-1.72172886883156	4.15174575296861	1.46404447146511	-4.21531760116456	8.88575393425205	-2.33623099763653	-7.1958961769863	8.3547354153846	-4.68533357520373	-9.67507283389241	7.06398692563889	-0.462825520543522	11.7346510172607	-11.3881830975784	8.67292018812187	4.12623082396733	2.89543207010754	-1.5876322490385	4.47364147218074	4.40992982176817	-21.8138635278179	10.8529223906799	4.00387492740676	11.8665575510663	-8.76866794294813	-3.64210435027906	19.0437494239458	5.43327481554151	3.13022293482209	8.40582575963377	39.7753813661161	37.9368527481724	42.3489880679686	40.1640563324023	61.1870493693354	75.0602615373779	201.239425343388	496.282866094394	861.088408535996	1185.73439663769	1218.54627379593	1238.9240343503	1332.01379872007	1794.48408916471	16233.2854997368	95031.8993902775	93723.9470718606	7205.08450441683	1967.35111095582	8872.39549653047	26950.7112580807	9369.46441143728
275.26	25.1378327950912	8.42672544177815	-1.01600264123113	8.598636651051	-5.36411070678271	-1.89086502583826	-9.43330362415731	3.01878498768124	3.38407537111871	-3.27594467532269	5.82807263819095	0.864338738582381	-1.81218014504925	-1.32538534243977	-21.437551249357	3.82033935041239	-19.7463924555626	-23.1463378672977	-21.2391235964975	-6.56865591792098	-6.47510798563237	1.01680430254906	-3.03530775316396	12.2477017604452	2.78779008887058	2.71053707454652	-3.11949659467216	2.21920412290112	-11.0801212541689	10.0676739788169	22.9523274065326	40.6652807252902	52.8630019177343	55.7178282052324	70.7675484384154	68.1720749989453	152.086205708056	427.711691838162	779.105761520775	1114.8909472779	1149.5859639594	1186.44739755888	1223.64750423547	1658.57398474189	11560.4895383005	77951.0767862589	92943.8493823374	8727.49951386735	1749.78101931397	5128.19218441386	22272.7309695293	13314.5559081757	2298.50052179959
279.76	25.662145903782	-7.64665433141258	22.7194864599552	8.35998378606175	8.82577595472627	3.67676914356113	3.61300916368747	-0.73374985404044	-1.91925490313376	-1.59251085265857	-7.7911845520072	2.1008731190341	14.5355394430476	4.29533208683186	4.16851154736458	-3.7143068515167	-2.61795499144419	-6.88895431785133	4.53284723206133	8.5151261684143	-8.39385745588232	-1.48287475582579	-10.8205665212296	21.9102969240178	20.7798538464901	8.78435613858175	10.3985684550306	7.33587639648665	28.0087481606673	40.0041455323233	47.998929287083	44.5838556558394	65.8375994100064	65.4390448656447	64.3064588568903	120.724244285405	369.163189928318	718.46262995696	1056.57584086958	1146.94000658463	1160.8135684891	1202.20976242462	1559.99498309236	9290.52200717181	63574.7638368736	75876.7627515179	10656.8695649055	1815.31682436568	3158.78016395726	17271.694242782	16982.4799221461	1865.86752984506	1139.26201151834
284.264	12.2116631607577	2.59911364477895	7.05088741641216	8.39843515357679	4.19985933738877	7.69840731423178	10.0512748689551	5.12107688625997	1.30471743336208	12.7313227785111	0.674097395008779	-0.399891029679693	8.80335775098155	-12.2639350905385	2.77709598895625	2.74944573324609	5.39841316454077	-5.24511644348804	-6.23137327936851	1.01300815732545	5.49219735366602	-7.99731091924862	23.4050280024522	6.79975919102337	13.3277915943501	12.1224326323695	9.89658587423112	13.5527948992087	21.7354208644954	12.9610135765996	48.4868433349121	72.8542663202303	53.3615040876983	64.3422798377746	100.148917016351	306.840915057573	633.271610044676	968.771432636392	1056.98869287456	1076.86727415257	1076.40218718671	1283.85074189328	6267.39915430628	51926.5128200223	60523.0442876675	12703.8781556363	2054.47220392874	2446.32158473227	12517.9372701518	18643.1778421775	3319.11855701947	1019.594793986	500.430022385336
288.772	11.5447800203321	-9.82870060590659	-19.9975080623389	-12.1186325060674	-9.74578148820411	-2.97736144096446	-5.75143524773512	2.86083501943331	-14.8015963675726	-9.17033207389264	-21.3490375700206	-14.3660080155576	1.58525778008785	1.54589298159792	2.25037527291648	-8.16922087991753	-11.3849626759919	3.7190091180016	-9.96951294923603	-22.5056546563286	-13.6887027501139	-11.563232367379	-3.54029941508814	6.85698346076123	-4.877402436736	-10.670048443148	-1.94919372990419	8.15351860375504	16.2836710414229	33.313409661359	48.4908007497256	36.7084613175924	44.3325758780266	60.4385992792307	229.820931839305	503.920176608178	883.649738044513	962.516654566856	965.188893693147	979.561144357403	1110.07847017062	3855.33430723289	42931.3320412383	49122.7527475356	14491.8835333986	1956.49696874895	2177.62588337168	8208.55258985343	18225.1789091706	5670.41523075278	827.099058837192	578.348622205879	1025.05295993675
293.283	-1.05392489424961	6.59488832867255	-11.9270955370212	8.81234717825296	-11.4177398989116	-1.90262675893304	-1.19848251637955	3.37506968065606	-8.98574734312734	-6.59264401729572	2.13803513923978	-7.61000780883445	-14.8155510359079	-8.89086417755847	-12.9425394501471	-32.7460624028362	-11.2893299930794	-6.73359443049196	-22.1531116827024	-2.29497044358336	-14.9310907390146	0	-7.63547063625876	3.28636961199263	-5.84402282916129	-1.13641558639412	23.5417558140852	26.7960986537007	14.493755700715	29.7302219610534	32.3186114090245	44.6182834285741	67.7719536455966	193.235331000025	447.569366756942	795.796714719116	965.929762084866	950.45086765195	958.323709553049	993.283344366394	2482.62923591219	37216.6124793156	41095.5206930088	15909.4645505036	1750.76544130461	1956.48068669446	5311.35474534892	16674.7498402514	8576.30060306739	1363.37547031343	878.633092838515	354.183512365563	642.44385189359
297.797	12.7537986674705	10.0327957800933	7.01044310502305	15.8991041954888	6.36413945244789	5.52579458103817	6.0333000941294	3.47161505682587	-4.34954760500653	-5.05268083741526	17.741401731671	10.1738114951995	7.35534551686853	6.81406412058005	3.13241566441024	5.16871275936874	10.5648854376141	13.4210334543538	19.7643392478054	9.33138843641103	8.76047130735014	4.9524526501753	13.5518044765569	0.795382984251253	21.1216845767634	23.4701454955317	25.6848202618373	42.5148802261596	41.3746231480295	46.5483519523111	54.4896809819181	73.0450788875648	178.388207983627	404.898306051379	728.034961631754	966.471489962025	938.035502758488	965.187577886934	943.09874003638	1883.49930898574	31826.1359382552	36025.3661805538	19160.0869627793	1475.15415906849	1634.20133782191	3388.58936459824	13870.5801869313	11480.6129481967	1983.49583515451	1028.80595529009	996.987052591774	1043.56240608996	1243.89881471224
302.315	-7.51223576100415	-3.13383216158913	-3.23865686144977	-7.23303891478802	-6.57649484554302	-9.34248322721703	-11.1623609389448	-1.00237689648011	-0.44946811141555	1.82744664948048	-5.80557282552715	-10.3320225486864	0.722073622495098	4.57693104239293	-17.7671849496308	-8.45686795006145	-10.0138994754071	-6.39948813011081	-20.2282784764631	-3.05353860705141	-6.45011023325366	-4.05151534253371	-15.722666269757	-4.68496065664453	-8.51621787449395	13.3203591261544	25.9250405449041	27.5887457718031	36.0258954599441	43.6035077984118	55.5631482282629	121.697241656781	350.595251918375	675.623563377886	913.754134565425	975.947767855905	942.97930210418	862.094877400422	1440.34649285325	25105.1070502682	32682.3385529652	23718.2861010426	1294.18484917995	1245.03196107134	2057.10558820724	9905.62606032145	13366.9960719472	3033.82395818985	1298.1307446032	1002.58781927692	838.921125161472	658.584190449618	71.8314336709068
306.837	0.49942670429119	-3.12514047360314	-4.44080235776191	-13.2870648676396	5.90242943490766	-13.2235213164834	-0.227171471732706	-9.79604866668444	-6.05099039802967	-10.4135898490417	-9.5526272506258	-4.80823777903382	-1.08010642540428	-15.79928163783	-15.6735336786552	-6.40939373916944	4.63641560147907	-6.00634272058503	0.411677047288847	5.22011933717805	-3.00170306020149	-7.2725012260772	3.21621731945685	1.94665287981549	-1.10773019113419	6.10319071750991	36.8318669919958	35.977529375426	33.1082538549791	43.134712819861	102.558354283361	310.447087555552	614.877966717498	920.649591729605	930.701341335374	968.21030626742	889.732106795974	1255.39250203092	19020.8474166642	30461.2888120975	29206.4799835319	1283.13457562572	982.338100961025	1358.44167684677	6327.5583723678	13552.1635405537	4613.25516881284	1468.31711602669	1116.71027037695	913.82863949708	987.646138593042	780.811820769471	358.161045433998
311.362	18.9542326313372	42.8049097877511	2.41919490827661	2.65405489012637	15.064925207422	4.20216719914863	5.21834126403251	4.39266804178999	4.70037863941979	14.5606027640855	9.82966367189527	12.3484159817005	-1.07874153124022	8.41563552905587	11.2298480330863	-1.01073069534624	16.7412435225878	5.62383066308631	5.3450387230442	6.51690355991591	16.2743680774093	6.85979392137137	6.82582532431831	27.9963786245812	29.8709205231531	28.3260463136571	47.7501799332029	52.8412732081424	65.0775209850251	98.3201451315397	286.319304357831	566.888650836721	905.720905409431	912.056721022453	961.831020071275	962.348985031983	1121.05681203353	14641.4147264633	28552.9623314281	30465.0026232189	1600.10615582189	846.504080333768	937.82216434624	3795.71776371923	11987.7936096591	6423.60806214544	1723.53148407315	1329.94842816723	1184.56132773422	1086.86699512271	974.793400049914	874.570245007326	733.30232120116
315.89	4.48462884973355	16.0356378989517	22.5563603169642	-9.09043130517565	-9.48786579798685	-2.0989626947166	7.02631671778757	10.3721892987346	-0.670804845460544	3.1169795998117	-1.73289551944972	10.6226245350014	-6.46591567829124	2.80238016729379	8.15891799608386	12.4530952983122	17.4360185725286	-7.8654152894527	2.46445073545533	9.54847692629381	-2.13920265523252	11.6901889992345	19.2534638268485	25.2489955367163	28.7355541831207	36.535952031929	57.5957231383421	64.7531983524913	85.3939166311437	236.701950748164	521.241261778694	851.361199385314	944.643073325354	891.344120874316	909.883185522832	1035.89397049826	10709.9720044939	27099.8327277581	28529.5907384019	1954.08852147708	732.512359751386	753.366401043421	2051.61528949142	9474.06239104637	7890.44953976789	1896.23650674973	1352.58516938617	1213.31949246874	1084.01255829435	973.026276073885	950.623472270008	1019.30199492143	1304.31788720526
320.422	-7.48634562246386	3.12303173527042	-20.5752816941834	-11.7606021564497	8.19228705082369	4.50497677321445	3.63229094659594	0.998922308851996	0.447919066358365	-7.80492233501527	11.2818508201103	-6.17784858511023	-4.67730296099113	-3.85944064508156	-11.5769687436911	-3.70819778340707	-6.77172730902078	12.7548659208908	-12.3419778492372	-11.7373432015671	-14.1413373195148	9.69012531998643	6.8298501418386	24.5112757440455	23.2466373832639	26.9076727602388	40.3461500742651	64.5043656122214	203.443170448337	445.308730224562	769.700405477321	918.000985317734	896.887086849175	888.522972510874	937.787214152147	8033.58470411128	25601.6080770809	27114.256927051	2529.54885471728	692.695395221791	602.595710179773	1047.55027585528	6668.83484504093	8587.51375983104	2226.55660017938	1375.47055951657	1279.61678342266	1147.66887879962	1094.63273795189	950.035084345718	897.958009414037	663.606831356806	715.838741122809
324.958	27.2949392305246	11.5092232382934	29.5570856632956	30.5344509630412	9.46783829280376	16.7348839407988	-1.40552813612521	7.00919710412584	9.93723721232032	12.3490290044982	18.8054592150233	28.3323363921076	16.3355015513151	6.15471929401325	19.6757646240037	4.86996554214834	17.285078888918	17.8066597452671	15.7069868385315	30.9515767551023	22.1092593480102	36.663039945673	36.896052855659	38.5411125505289	49.1175787295266	45.1650351404514	76.6909629428769	200.772739200733	415.498010985149	797.046726056201	980.196066222753	966.052765298445	908.291685844387	902.965284356481	5416.05388467157	25034.9983771148	26416.0090199327	3459.97330692628	690.101962799248	605.080155228687	666.180645625118	4163.65111632511	9054.15456440473	3033.84499722013	1270.92028246532	1243.55202418056	1241.66643960584	1192.97076598659	1054.34614174628	1015.78243646587	814.752794876333	1377.0451925596	2142.10544142045
329.496	7.33545985060355	0.936761530552185	7.623752929639	-7.56732106011565	1.03206512226842	0	-3.33664018319331	11.1162491472333	12.4613793668248	-1.36564566328092	10.0219072706858	-0.360317577657035	2.26633493673991	6.63017330682124	5.7194809893987	-1.06172526975256	-8.6058622582826	9.45211325675638	-2.59140595680309	1.36914040940111	14.8460587981112	-1.69550407446332	25.3066231615955	34.7188224081061	36.4139792028175	42.9378623815666	142.303871858055	375.96933224811	730.168194476599	950.328500675009	948.872124827546	925.155547721365	850.156285232122	3856.44774064164	24171.4762131686	25447.1372438881	4834.70107084036	655.583312194477	578.884064261244	551.909003041883	2219.35705681596	8172.87809231367	4172.38852736241	1075.94111771077	1123.28905058485	1196.97242880006	1195.48975423565	1027.4589874385	917.853815894044	832.437997139599	788.298078597475	1056.49935597024	1333.93371828893
334.038	-27.420792616788	-17.4412709045265	-17.0503638574163	-13.6283986307588	-19.388813171375	-11.740891306142	-10.0741400079726	-4.43280930714792	-16.8006447442607	-14.5687149840315	-16.1990543162319	-1.81314612172563	-13.3051029569569	-9.2676523920011	-25.1832646812259	-15.3156949139941	-20.7112635941766	-23.3855203904967	0.869343777406375	-1.37792424091303	15.8468385242335	-8.10531316325026	15.7058709125248	-6.98831276669575	40.936144517574	118.647135579724	307.373988177064	718.030834357804	921.540921734449	893.98596345305	859.391046143648	822.191431003075	2778.71800860856	23384.3793542365	24265.2293673869	6387.07245061672	595.819860961184	533.310626919286	470.596852488745	1219.11747214788	6372.31663712878	5558.90688262087	1101.25747080596	870.462918389292	1059.02248058714	1115.18706842644	1043.15170396018	917.998996976066	889.946928621638	604.341817275294	556.16672050401	547.04852428963	264.716668983079
338.584	28.4090367817915	11.2868754869914	8.50530210790456	3.5991049366107	17.2710718873074	9.49744280420619	12.2043585055955	5.26484817334474	-3.06900107711407	9.87265513671278	-1.21971923307603	12.6624263998226	0	10.7254078021619	-2.87137599734627	-3.19813541927411	6.76242560367697	-0.395440471783409	22.5502305559952	10.9976885408674	15.3581743654126	31.4944484190266	22.0216437100298	42.2422192045052	103.074111697054	288.929820310959	633.832876658487	957.495126545156	939.056140628547	857.456451128752	773.279725393751	2103.74068003138	22849.0224056184	23312.3115862743	8722.11296537407	617.162116839753	510.556418586336	496.079594457753	696.815863775988	4519.1995955102	6425.18255772343	1496.31839348551	714.637176722929	933.34174998239	1046.98745241157	1115.70015218461	1055.56892339877	936.639546675047	889.744813672163	791.834172523313	820.064923006897	1014.67631258832	113.18544761327
343.133	-12.0890451273236	-3.28898540196622	-14.8706244723537	16.7804152499781	-14.8394961886143	-5.69323814777678	2.86897946732209	-3.78721326327517	-1.88688350986281	-1.09595537496185	0.609300156761681	-7.22903452455128	5.3047599129523	-6.65104267885461	-21.8741571153328	0.355022398136391	6.75622203647375	-1.97538855593765	12.1312928773091	27.926815955226	-0.902593259812044	20.4100908490441	25.8093838524303	97.1089505359333	254.145771687195	553.903861387067	855.765315698103	975.919853793471	840.705474602655	713.525448723352	1486.10227352872	22622.41663173	22845.9660275355	10675.613484862	585.299251784357	474.053959825034	446.058468010216	481.970943911961	2711.87869803369	6492.94601523036	2354.03009171645	592.314726256118	639.065645997847	802.7873124381	946.115773988	1030.68706554973	1033.58275730464	934.297301031121	741.085737179339	656.67116120027	599.198788848213	629.750986745759	885.805992034003
347.685	-9.49996537089058	-6.60506804286372	-7.67925380609096	8.02359064514701	1.3861047337113	-6.03428476105966	-8.4023272602161	0	-6.15763304748785	-6.32770275608654	0.611810102825712	-1.08882206250431	-7.60944613913007	8.53356340987527	-6.84132854808514	-9.98157648568925	-3.76891864559395	-7.9341038213562	13.0513568845739	0.919405162348237	1.81262279015429	32.8760611822939	50.5568628713441	235.749560085755	488.143829990365	799.753930778498	919.545678226935	884.145225814428	714.640143774305	1100.24574942089	19973.908890577	22723.2367433913	13474.7822711621	597.446098232554	459.136555547933	417.937218934348	404.314559029623	1555.14969851122	5754.00669028482	3369.95390674641	572.576493006472	472.723359299174	642.352334387322	776.155800645588	906.394591521403	928.732514580385	872.729502643763	874.113847791099	702.797528588099	651.588338562089	703.991464137902	601.499071557241	227.094886970049
352.24	-18.7267882887364	-9.5658814672621	-22.0578120506244	0.813419355995346	-3.1617265347016	6.43943753694086	0	-4.49777415693223	-1.44058021559195	-0.278909927770525	2.17085305874284	6.99093071122625	7.71434018972069	-12.0364468232159	11.6810683219659	3.9753880879336	-6.4954825990514	3.21738927430016	18.0827303734147	25.1661303268603	30.7799554355212	62.3300228591325	206.737915343552	452.972496642584	747.25390247912	807.701353693716	803.59984836939	712.305036745373	904.48205101848	15150.3031114349	23106.3336418643	16691.4501866339	660.969308130727	427.696304228673	433.568232003586	401.311171185065	847.335006905592	4467.53699395907	4440.83740353559	798.289338634075	433.268949030403	486.446328621151	625.344379658952	786.096107560474	921.542175594011	891.924809153734	845.744816730747	727.650239558302	664.859363697225	594.776444041464	402.491228279246	469.069665513657	594.748757262329
356.799	6.49216534850808	4.83624250175233	1.74930411202923	1.64496843272663	2.48652542635478	-7.16231949373943	0	1.94909913787871	1.21386187108021	-3.10219953405635	-5.64440233452226	0.372044138526101	0.390015494402542	9.88859843502918	13.2876492746935	-4.01969037513637	9.65863114113801	6.91314417043481	7.13531585508085	21.2054877026465	43.6650646510305	205.705413902443	402.841030256512	690.826479218511	727.182104560273	699.252895390308	630.324987249763	806.977906065789	11189.9317178705	23640.6066372093	19716.2290032929	831.992812157958	397.164894339672	407.136496625638	389.821596894462	512.678870543807	2968.42333726282	4991.40160831735	1310.35673860645	388.333092507072	394.849286820414	473.042802214274	615.549962675774	744.986135176726	817.347545460662	819.68280575721	729.185062820165	703.703374660459	616.406785555079	643.982041957935	604.171517882969	482.201994956842	775.969963284243
361.361	6.53738001438702	-7.79187919677993	0	2.89874341817753	1.78845916081785	-6.55654676920932	14.6203082048294	-3.05304787341999	9.28960014383771	6.81557409447777	2.84185637873078	14.6107743132178	-9.03283039099898	13.021303717711	19.3269426534393	11.0391422633517	9.33686270248879	22.5218229889601	19.7587767869584	49.3495559727394	153.424337388563	350.812524919988	640.702383875315	679.074934848757	666.594092580753	579.589434531668	693.434702533463	9290.62800699028	24113.6438193417	22915.81791701	1088.31275515745	395.642578724893	402.960727951106	383.310293629942	397.748943981527	1791.88781036123	4832.6183134589	2110.47007734456	447.938806229816	347.589010801798	373.279489185479	487.343817687186	667.101214620456	703.047245992393	767.210115850798	732.964833600485	736.82634421932	773.162625343842	663.372856469631	675.263212148182	857.645774466131	764.160455273232	800.908558833519
365.926	-1.63933522255008	4.39631465132935	-4.41716390735523	4.5690767281653	3.58783988688897	-4.274768009028	5.71684454416302	6.78096188051076	5.88503020856804	6.83638439276193	8.5516006390866	-4.5093495526768	-9.45434163907805	13.829360028124	1.86403408412392	6.27461419073828	-6.6338047164798	18.4832099033997	34.2330032538221	124.702520605543	288.548990257524	581.315370176239	653.215690480762	634.716130951112	568.840026231418	643.815945447796	7295.73984134678	24197.6650413814	24162.9924854115	1369.4341063211	361.870284620551	366.757674567609	368.102614418113	374.791139085106	996.201979144013	4054.53719108481	3026.81646130206	570.629943864227	386.044957168494	381.6020269957	396.544013488366	465.524932807071	602.766106460862	677.296111372136	742.455747828761	650.040037094862	678.664689043687	670.681233614132	607.030085166419	653.13484420643	771.271587340425	471.074253548396	1058.07601169977
370.495	14.6341800964351	15.019866348668	18.8395309648864	34.1957374676975	14.2347931553571	27.7233839574628	6.41002923879522	1.51874816055566	5.59401216615052	5.08564279776117	7.22552817266408	22.7363427022715	4.29804393929366	20.1945215198102	31.4311945206261	19.0370462673735	21.6750398287874	30.5551388064313	114.374574179813	252.572369411427	532.388398919163	605.971518215571	562.830962077031	581.815548815576	615.913149576761	5275.45053508534	24145.4344296239	24047.8245168681	2036.5989238587	343.541722654236	342.123671320249	356.316621699271	370.387872753868	633.546015203678	2987.06962177804	3720.90848445774	917.287021696291	430.832093002239	416.506584617339	447.560793043361	476.039182732771	515.279300175628	585.77848708235	684.09319758193	693.422345526695	726.023510248154	711.399647418537	723.346116309158	679.291845277322	781.128198825595	706.160371947675	1290.8716922064	2176.70335660874
375.067	-11.8830653875148	-13.5195918454325	-17.0281478556461	-13.1384772969196	4.96501288602612	8.77591186526404	-1.96552161587243	5.4054133314013	-5.81711952065188	-7.60218242795192	3.13071069951064	-3.71442801745359	-6.61954687731736	1.13914793590184	7.00159097910785	-11.3099084746286	6.94297429046327	88.9136189571178	208.815889444933	415.42624949689	540.293395836814	544.893713270913	513.063893235366	631.602466084458	4158.76477584864	24358.191769581	24028.5420051328	3026.23510387345	323.788480957398	310.755854176994	324.939919563703	322.7406062657	427.313562986338	2045.03478996109	4085.51717669985	1476.12080466487	477.818916355289	423.735390613093	465.293815728775	430.783808677185	483.931963926623	511.685261039975	587.77704857043	677.140367864057	677.641230962019	653.19456036474	630.176636630327	646.17781686888	609.641010930087	613.716571935626	640.894679500623	662.942609786828	251.782621738588
379.641	-10.4065159887348	5.11643885575974	-10.0944718505406	-1.97758252183929	-10.5906738139748	-0.313110796532433	-5.68026547028801	7.91483836921228	8.87257943210125	3.79727554779971	2.41269530222532	0.357817437010595	9.75264110869851	8.77889123999747	5.67979514617363	4.92033855451992	62.7956139253659	152.531075864255	375.291135891092	482.672319129479	494.562187539556	484.916963467071	481.259181208591	3605.17339970308	24121.9039485262	23453.4569952572	3418.8991482241	291.044868241198	277.050522997877	315.302982086396	323.059986068791	355.316284070359	1196.2120268938	3745.54429780035	2212.34374025525	549.114742002735	448.380010939305	465.410756036819	448.700095860229	467.613504146897	491.568968437623	514.524338889282	557.187550840047	608.765374791331	626.122023641578	647.710590655538	609.508151693048	612.19784598244	555.783591893755	685.899077510293	641.596393178554	707.048410427883	1044.81639835358
384.219	28.9163272907216	1.84635343676345	20.4525839588982	-0.785008484901168	2.03419645589068	4.97161821117871	12.6832600134304	5.99426855461202	4.63421351723569	6.46003785995829	8.08083055572951	16.6893377227692	12.6563231886568	4.7190168035087	8.80709016921462	27.9020865933111	125.740947796445	294.588132255132	410.740295911388	441.216288692984	443.356451346688	457.831000930242	2694.72694692299	25277.0810728988	23972.9316395042	4038.87278977887	277.917256919228	241.419584700812	291.327682603224	298.155689230057	318.464596313171	709.130367735253	3038.29101181212	2940.57924555731	765.021706248458	489.319132695259	485.071105537443	488.245756463192	493.764950474074	536.371965562359	523.74196711177	548.278095852537	602.222572846458	618.774556682422	649.519213036953	594.900358459716	610.939078004035	709.519683175156	536.842712973537	670.515923703627	824.919850522318	935.551353385997	796.159631478955
388.801	6.98816753155131	6.69308398444081	14.9291126764973	2.27654255716169	8.19335588675844	0.600741937475859	11.5794379478459	10.9895790049328	12.543370160052	8.5865346952346	4.05042355020376	4.11910306676619	23.3895660099802	15.4397767230553	26.9029369047331	86.9854408505235	235.972018628727	374.441675584796	385.119948388507	395.208776714975	429.867026256335	1905.56947552466	22931.2000925253	24440.1520366705	4669.12427182547	284.899727898089	229.365932088682	282.728145826199	281.971004191775	304.907657335379	465.732940128679	2111.81518108127	3366.97516664754	1095.75194648709	487.139868542465	470.691641447904	493.799805893922	518.653428043236	512.800989074573	549.56796906922	525.979746282849	547.934671323653	574.729233758433	617.973924178114	630.348714786694	612.494137040819	583.534417793067	605.597550686898	563.382873924082	731.647008139052	778.07374183655	1035.65345482044	1091.79650675349
393.385	10.5078287187817	-12.3819214690962	0.772177778187297	3.99367058855015	20.3840370065135	-0.287417354099515	5.43140695633089	2.86790431197632	7.50152028265429	-5.72646824905581	13.8419552218735	-3.28455428989344	16.1830992166594	19.474726380687	78.8574990902379	150.015055712845	278.663191458024	322.75156906692	332.290285180788	364.020450154543	1544.02103404508	19499.3493206934	24148.814870046	5346.02524352145	256.370412646221	184.031155741297	233.699632226825	255.355718547205	286.989866021121	347.315582297035	1307.65111402949	3239.89504311217	1586.48167153434	494.606119178854	445.742901693908	466.676601309406	493.98197472098	524.82275971678	532.483833624595	526.796731812054	531.560616200635	552.181921449666	556.455526030693	577.776627312124	584.217100118763	582.311085803641	540.393598835614	584.87144140253	544.188536294415	646.060311708173	774.151607051068	823.499145821911	1370.11456857284
397.972	-24.5039875241811	-13.6387502293455	-21.6763365881981	-0.351439153073199	-6.37480237952983	-7.23364054430534	-6.72965658512626	-2.77610089305843	0.622405020448687	-0.482013948042521	-1.33988655383824	-5.08706182944494	9.66568028182934	44.5281371898265	136.895115344495	220.161614119586	245.641123215124	286.703640778768	307.171436358729	968.508416037214	16779.5687218487	23460.3332525122	6204.49135221001	278.243447277431	165.100732976963	192.76365230529	219.333841379119	244.569398344355	264.434679128299	780.275144368564	2683.23771122615	2156.24582682973	579.823797236136	429.912338794961	450.870322193954	466.42574393183	462.293324539984	512.42651883064	519.653235228869	503.638160437241	486.705837010695	505.964636340147	540.362108539951	537.644713077431	518.13487813114	501.648896676344	542.670550612859	521.796625890422	549.81485080736	614.008978573326	609.535835939089	459.367903490715	149.203838294542
402.562	23.5590944386097	15.4969800385969	15.8100192746336	10.4745088465168	9.92311852589939	17.9217415075418	8.89646411421511	14.2349453497192	18.3510741534587	16.9150895162715	24.9914577477771	25.0658661544554	66.9734303993515	112.496313546972	230.78347567573	230.587379618945	242.20020554225	297.031734172051	711.56871032443	12452.4038266918	23939.8442783074	7323.29747377535	319.892369819257	204.100829704774	190.61263918787	236.775733746925	248.701474829575	264.020788446605	502.519487729276	2068.20056026008	2557.7153968491	815.470051672873	438.494073930737	447.069743970389	486.156851883872	495.970506214879	510.24658117514	544.243019236445	520.685539868228	522.263134552774	544.543323230106	539.839475543978	573.516285833141	561.03940355485	534.892296871785	555.966034550777	557.294488393309	644.653321335376	664.723633939179	868.007134476181	851.46951987579	1104.1357870555	1801.09972544599
407.156	-19.3957969741521	-1.18215915760369	9.26457071144185	-6.36645691778127	4.63085810513849	-0.795790756990259	-3.20816699787106	-7.23472292855167	4.94522323354504	6.66379560543976	12.0085326269715	28.7981572450406	97.8766742635819	182.835292732063	214.728897465588	205.14728108796	220.038854137786	512.250992964032	9929.60113214701	24033.7767077393	8051.21093553899	322.732773269721	162.873818200501	161.510054196031	197.174752865366	208.82218095536	239.75570551033	351.486216847748	1384.34491781911	2684.41030213145	1158.56034798202	439.087995050711	421.975758738991	454.919204882636	470.433058825678	458.372025161268	507.08331712186	522.157817794061	497.468130324427	519.633672809407	504.317750310965	526.937632087322	532.686720836242	581.377922439829	569.7888505004	539.166525999848	557.843072330651	555.959119192983	685.875826077952	704.674212073939	738.410958889971	850.197308413523	537.41584030789
411.752	10.4051575529429	-5.0382592895987	-8.76141853130801	10.5457299950448	3.98521717050314	3.13069923975921	9.07146192088252	3.12387046959513	0.778194844898835	10.621943663479	33.4215195171152	73.0448570854051	169.711308945328	193.841874701948	192.555415279483	196.787850723606	356.971851764784	7489.99276553739	22335.4846799287	9616.68916469089	380.812311291231	155.37483585218	156.350427080609	188.589873743628	224.696555213911	239.350808373644	274.233753047242	895.61775316605	2490.68317589145	1640.93175113436	493.847990956618	415.735024927147	431.296230185459	463.104195856412	476.08129675133	476.683862730864	503.333730748541	522.936877826187	514.957633556178	485.768793001861	523.011518459084	521.659185548946	557.759626042776	560.114002542632	584.762909667192	534.556623441941	573.123940137869	548.019251212142	595.845727882982	750.637309952853	732.965176920602	658.812149639999	979.387510419187
416.352	-10.241014760083	6.86600315404033	24.8348331296798	24.0022923215414	8.4050353307136	13.8659041271404	3.29961069834448	9.0529623384764	12.6376587824463	28.0266385324464	60.1000945736185	142.024494587395	210.715196008712	180.884823023417	174.379690368185	300.036486002564	5330.44286213209	20091.6559139319	10885.1695703262	513.278241187044	171.83139691406	166.041391560036	177.584858042666	211.22836021819	236.92596865543	240.482829262582	553.129187321469	2007.38460157421	2071.31515363759	642.867891698335	437.833983174794	415.93271694777	452.080033902351	469.720800541376	487.1003328532	505.533419960466	501.324339966525	513.579032631236	503.333333196818	519.607956352728	515.203935398419	515.345723439397	554.249531725937	567.011641096383	552.262752583988	602.727561738772	620.290372968179	639.302869138628	717.105172855767	818.552278946614	996.064989242625	1321.77779830513	1637.1637543561
420.954	11.2881979738404	26.1612587652139	30.0779241251035	14.6186724612912	19.2152231175284	26.4163515327185	17.6858457622425	17.0704165489874	29.6420939631888	48.1639219458253	126.493581088223	183.14135630394	186.56279390973	186.632659796756	249.863194982289	4301.96026935479	18640.7409555659	12346.9943247659	647.893460254037	182.806652338775	157.58805714116	185.006811097983	205.629634039079	234.986476893373	244.190588865727	395.505932597806	1450.03054305079	2255.57237927083	930.244004182659	438.84137906359	416.016988120026	444.936897515773	460.378082904278	477.422688940303	491.713924004711	511.833344923301	499.733539726787	507.177201427988	503.827622655319	515.608205435407	506.957325289814	539.651450181431	527.498140726545	585.785250020083	603.291682536876	604.562363174917	648.068754761441	704.23169389498	769.591926029225	898.653675490417	937.018413760917	1276.72681814217	2068.79059330941
425.56	-9.02359626375321	-12.8328985919839	-16.2461348739795	-3.4295639913781	9.69495982971671	7.40458823226115	6.5299078203146	9.85124951193599	22.6387803429067	84.0268807922975	151.437537390242	152.030904934254	205.205964594373	215.680876408131	3460.37803408217	16458.3459527283	10948.1384423946	830.255372747686	150.115258577151	128.256341830516	140.516653514321	178.516674635386	204.376643750227	221.903012075927	291.118084812908	953.232715579649	2138.65225945703	1262.12956259296	443.440946258913	404.24706950253	405.876992559568	417.310669176178	445.10091542189	453.834908567968	468.515075701097	466.227326028452	453.046308609092	469.869822680376	471.478319892667	473.529900368036	493.949637213187	491.680384300242	521.066487311074	513.615725976298	572.20501831593	549.418182654081	618.428961704704	619.143244984271	670.314735804701	792.865626145891	680.706938833571	958.887813263027	1029.51246196236
430.168	27.7637833852299	28.0558804590256	18.2143879765599	23.8568670257576	19.285857565995	20.0969583213596	32.9445889350555	41.7169370807048	69.8765510335252	132.980368275877	152.759415527887	183.454861731175	270.635482161234	2630.94802020317	15991.3519719508	10351.1001424748	978.681651523139	155.154825809249	145.605899126403	167.176550887398	189.325033678294	205.073547303723	235.476518654044	269.758265050849	645.848057326009	1837.86254368055	1574.73900479659	563.523037464631	426.22228382276	417.869492395557	447.24649203523	445.947272362637	466.29822891839	459.485443757671	490.416154103656	483.873579201426	491.485179355971	464.081777371457	482.697569060285	494.670878253885	491.670018276763	510.795210329044	539.596494035569	566.059212484211	601.908361693855	658.052231196139	689.02622415127	733.402619294399	835.232178291633	940.098220937131	1151.45071059147	1246.39660985594	1789.0720660165
434.779	-1.60555471459588	8.25263615084491	-9.7338213916499	-8.23793068801529	-5.00731898032716	7.72925757066389	33.7768292627944	55.4328627407548	105.909126031626	137.885707008267	139.357091185535	219.441310374773	2453.19497082815	15007.1831724402	11682.7117033929	1006.65732628699	129.27332123562	113.44133536357	102.567957285202	130.407141637925	167.494023714377	197.103051352417	241.685366526607	448.079307798837	1443.14631890838	1812.30033997618	705.033510150248	434.860421870817	419.234331204427	417.126140848952	427.619623994814	447.066075116443	445.065997246629	466.901524520458	467.059130994276	455.942131008155	449.261123852148	450.086121488252	454.43982136134	456.372370044288	448.795536292069	491.97429489209	509.919107611684	545.889021358082	570.579035892345	622.391916816233	665.624120482021	774.643003347765	784.596867012758	829.209891020334	1024.119053494	774.158508952795	949.916972532049
439.393	1.19615367903562	-4.27707351292932	7.73524309513804	9.39543019153432	8.37726477700808	17.2751133212372	56.0410464700296	94.1674545213403	168.899614862008	153.595637531703	210.302409919444	1694.22100301111	15962.4009799538	13453.4257312147	1344.32970817562	121.998788566647	103.926388614238	118.380777399909	134.423106385332	156.280813994327	179.730985947593	216.112588959496	337.006799788376	1043.74202316871	1862.16251473865	952.428377328917	444.181580108923	402.399431817754	419.81910257594	429.069530317075	439.061664518501	441.072195790054	452.36030640729	454.745170195233	431.084491955514	439.314924668715	431.928514946239	433.6267837654	441.60264845326	446.355368434372	452.846227662831	491.833462104437	533.705628578963	570.528739164391	596.439703470127	656.792946271452	724.0321338919	776.238534535865	846.098824559021	1035.49906901801	995.659923747782	926.30432433678	1515.47293263856
444.01	26.412326409442	18.3246184141133	13.3837600830278	31.4637442060155	30.0245412541951	55.7471151637334	107.94694989751	152.121983899817	210.862352647478	192.1375199962	1197.29252602128	13287.3428130789	15881.265278475	1840.98043167132	139.046392438952	113.165064065105	109.508719392347	125.932884043152	164.099827599496	170.310315977414	229.826209834233	283.832026122469	742.242322064748	1731.69947529502	1241.89353071243	486.278867082207	436.648041533811	437.388582846782	447.604445945154	464.310950238935	458.822304080854	449.658120352107	472.736964201283	466.664231605116	451.456929892263	447.181229143351	431.883809628057	437.944668574433	445.597970304841	457.416693213288	448.958488538733	495.56945519183	528.165280302966	583.650666458823	632.056392504605	686.702827237622	747.380410244133	862.01324246617	936.196025958177	1027.67972207369	1121.98576431833	1140.48055447609	2275.80120024846
448.63	1.54782217320121	10.3772450016535	8.13263759701003	13.8244601514784	20.5793962581169	77.5403913971074	170.907977057548	207.562534219439	184.5802697401	883.898023104715	11670.3912644813	16133.7298692465	2467.35957119995	131.93374124259	93.9828043752149	87.2969619276465	102.794826605888	138.157049071575	162.035315247702	167.848645295598	237.555473786828	457.039215921345	1407.6252636176	1455.476313511	565.313022907257	399.996524839122	401.443132311329	422.503164830263	445.093955083146	433.930737020879	440.774990693341	426.462141754422	430.13833107986	420.745570403525	421.784881876335	377.183207341801	395.775270492635	396.375270509964	425.753285781548	401.19728964332	434.264644712518	456.910845715534	476.716033321005	552.600377304382	599.311904076453	682.456335920045	689.930101523706	767.532509721167	847.315780002597	957.368473986659	1011.30092092347	1000.74903587897	666.007167341751
453.253	5.73781538348113	13.6777621074863	21.0262209410683	26.7505299024585	78.8626738518155	127.522776261917	274.912463605985	198.905849970162	840.918080370685	9526.70910787843	13978.3808539307	3171.8798753101	140.636814937255	93.0431654146491	88.208277454923	102.315654786235	106.260574288821	144.336907139285	169.95305289631	195.245194101332	345.84508680314	1052.140567928	1567.316597928	739.82470167471	391.976038377988	383.038728927329	410.676470277665	414.419397955427	444.579242347647	437.750187118661	434.142126856082	438.164020259215	415.369831664768	417.823013846028	405.68987641573	405.463760952598	386.548555276169	381.896214126971	400.301175380211	388.786624282714	412.211754318488	446.093108202764	510.1288490537	553.319680257884	616.470313798035	716.894412658775	756.70416206322	829.969309431432	908.427455980098	959.567548418048	946.314345804322	1101.06353309082	1536.20766319261
457.878	21.2148980179539	21.3350278438717	43.1786473847981	73.4314920020354	98.2509040705541	209.047481581973	258.82420301369	569.892302279743	10725.3450208759	12459.1682130963	3556.73449935574	149.537788718701	89.850883934381	91.8808667201343	105.450929921635	114.124626877666	126.338887380754	154.906694738687	181.432024824775	253.090422330805	749.759157297323	1532.9787915501	964.879401847634	409.910590983034	386.240815250159	399.229984030144	420.691089159087	440.929883022856	434.420314037488	445.408836903628	449.018657628829	430.032873685523	425.064720862989	410.843794739372	407.91730123568	395.68851890156	380.967830770468	385.107301367175	375.726202029435	392.780428260848	400.769637782676	435.419157142429	483.6179902722	551.752105438695	609.28151523966	712.233014478948	828.725467626187	809.150269244731	953.633373967357	1006.22880552078	1075.28462522591	1439.18661385881	2119.11298578071
462.506	8.26510805212026	34.9268112496595	61.9516705289637	92.8107893496892	127.033897292071	226.977208466935	759.761608501798	9481.57015898234	10628.8947988946	4001.53579950567	162.007798976659	87.0646575385172	80.9786584594351	85.0422600430346	97.1409606902208	104.040229620761	131.458653848	149.382558417253	193.858604274712	446.341892239269	1294.47283837552	1187.43215095596	457.257971026468	358.470997648913	359.141305640566	393.749158299573	408.66726225192	422.934950850048	431.602152189883	441.966110961637	421.207821007183	407.836064535731	391.494889394991	375.983852567303	378.533378605171	359.794865257736	348.312597155236	365.639326505501	360.615086536429	367.224484423831	399.386626199886	420.834223591729	473.077033211024	546.630486818858	652.029724434739	683.334038730054	780.299581126672	835.280714668003	838.692002835828	909.16146990338	1080.90915137478	1191.1773591966	1347.10810102922
467.137	14.0941232838943	58.3534960398772	68.057709081322	144.912830375077	176.067543493485	368.265552124869	10616.1397440167	9342.59857933634	4356.4436319561	178.260084200807	78.8964868497497	62.9995667960127	80.7485898866579	80.8293767400342	96.6618631239872	111.482338717773	124.485730824547	151.102664385834	289.221450228734	923.948846709218	1274.46960203157	553.292679066027	327.823776127057	346.095037155532	371.016516537382	372.999666558208	391.359638890524	414.138631181339	407.790634303663	412.823783567583	396.158689597456	395.743915926968	368.455723976699	366.456062539642	339.585961299955	342.563715492563	341.750105779845	338.497772079415	336.408697819111	342.342166745805	361.181098419152	380.916879781987	439.925067191742	525.987112600467	585.477327488822	682.67247390882	724.987149361144	783.820592729099	826.680910128584	955.951416312528	1064.25481283005	1186.83248724894	1662.4212264091
471.771	33.8633673850356	55.6069100141116	97.889297620621	165.355652898725	293.391508412712	9472.70002216015	10542.3480117924	5461.21674421761	206.628662230171	86.7260300405003	65.7098026598909	59.9897153783404	75.8895334162757	87.719284371269	94.4207594674428	109.640875544397	129.32267035155	198.925093882689	626.537780971154	1234.96889320478	718.988002652046	329.929852655425	313.777583518368	328.83170517542	360.577954532116	373.605508876477	386.037169804634	409.692423447713	393.011132707292	383.793469624258	375.140115544093	360.558131387575	354.65342206953	342.003015806985	322.377077973653	315.148488528713	310.263903720984	310.747515451524	324.457976093076	335.087229629631	352.322957308617	362.323550180874	441.60092470275	514.683047701619	578.59552803265	642.631285217988	721.210650910328	824.599751270407	811.226390088898	945.06761775351	1010.49694846762	1134.79029197929	2217.3190577438
476.407	65.2249874394982	62.8919374269383	162.319822735741	340.929569601631	5679.88753582555	13881.8361151937	7023.27454003435	230.87761292322	82.709029748367	54.820704887597	54.583861538397	55.4373960839715	75.0215230067366	81.4018267848482	88.2482367409607	125.733007719982	149.154411684618	372.38232553451	1025.1578307617	901.334758763537	344.513344481641	280.133693934674	314.14290000171	328.78809007402	342.438079945904	347.172783734531	382.750161552628	369.815947312078	383.757713650496	374.418743199081	361.088001967494	344.061795514701	331.413280699505	320.459686517398	316.888695426179	305.78793117753	299.587903650066	284.925338434919	314.320922934405	320.400663515313	307.378204386262	348.363036086814	401.475057237193	478.082077736519	568.131776809846	627.465722319509	680.919714759601	718.553631304974	802.376543104196	908.394723374036	983.239981556807	1193.95980503709	8001.80359767765
481.047	57.9954565582923	102.056560580074	328.162545005834	7068.17093625096	15032.6489000659	8361.1248204641	285.867086941314	79.866980839118	62.6883098102049	58.1817782426979	60.041608567457	74.9987760846465	69.9442501502355	90.7722658050992	105.262709366841	123.185174266834	238.854500658708	723.526769294833	1019.25168760184	437.797714572109	273.406615456611	268.815781863218	299.195233424898	315.905842665675	336.821854929098	352.397140535144	365.216321659819	364.770329176457	358.845676047565	357.711553725231	350.634038531252	343.738656150481	323.55352170122	308.899709051294	302.012033814467	300.710858765551	294.634815664559	286.776414255494	305.89638206044	297.644952012554	323.008227926838	329.160376837274	408.222463788804	476.923148621669	543.21765835752	637.5391338438	712.972348199547	705.994544567855	812.980795901683	909.609256584242	961.756640874424	1470.94614004984	22639.6916907622
485.688	70.5174866382576	219.48686333553	4881.53963118698	17437.5178455618	9806.53750195452	372.016804045798	88.416471560964	73.1295016586215	58.6966724944308	52.9484228714985	71.3684965878271	66.835514098309	94.5600077425916	99.6607860648245	116.410921183598	178.924211916909	505.140412809817	967.268921141659	572.540913248371	258.736373480886	248.149798602364	270.162613771308	294.413169297583	318.155504110161	331.185232643748	344.595507003724	351.332106355314	356.104946810011	366.417135156805	347.889640094861	339.148679546815	311.378225875338	320.805256667493	289.73278736305	297.419556057932	274.330394819525	272.734806106659	283.787128257891	276.444067274378	288.20405257804	306.491604936633	323.162075072869	382.203152049799	445.613768588121	532.068643199767	617.006244518739	683.252862719226	697.924696960721	768.840235558786	1001.02465840968	1003.0722303195	6801.4229957696	34430.3525630836
490.333	125.865760125326	3045.73329422476	18568.3959688233	9472.90222127108	516.504558173252	92.6944942093727	74.726997472474	65.7625424361885	69.4513140249358	74.0030471845658	74.4377792859948	82.0262582251194	95.2203770573541	101.086876528832	126.809036297214	315.101837440365	806.851662070144	718.632636100327	270.536892380086	243.80242479301	238.759510752508	262.84617646315	291.292357872508	305.481829671837	317.583722412955	336.136964511493	341.447300605362	336.449237952485	339.321654359984	330.538918615533	312.898845499714	304.259518682932	290.732779461574	276.904430702323	263.906516541884	257.421990687903	275.810219322449	258.523515757032	280.834796558726	285.761961899667	305.782584739951	336.347122719159	369.135545485867	429.63547237443	519.510781466029	599.827624580726	635.155901436483	767.04060728272	854.598460336552	937.641774781251	1262.69540689174	18962.7443631686	25426.0868513836
494.979	1982.12410376274	12912.1501809501	11875.6246513117	522.151500446469	72.0475944132358	58.548532122786	63.0569460144536	54.6139536374889	61.8790989803948	67.1155374278859	70.3861007741231	63.8898029809929	76.9959847601884	100.283472927271	206.373785655185	604.309936163606	778.386332810508	340.094616840236	200.501779182642	202.307900109382	211.674974441842	248.263680993561	272.650511951575	283.714494992001	295.578493487907	303.952546033365	311.770337774041	324.459680055976	309.54913902386	316.422059669339	294.903938336116	286.286082502953	255.041723360271	249.835589272682	245.516909291139	237.501494069871	245.818056982563	238.488478185626	230.064943973047	264.326203828993	263.915078000298	292.722345526241	354.965181893778	383.333491012761	484.279905122911	508.717980154617	613.445573595604	659.466793325613	841.304701908567	883.371225212774	4944.22821090778	28608.8088982813	7069.31038267369
499.629	11206.4339549401	9662.68366508989	665.85799337469	77.4724599559475	58.3144828954307	59.5787862099623	63.2478050674219	61.0516183856251	70.8893073734303	71.723352460687	71.3105680502701	75.8453278951621	94.2037188108884	128.712615695738	424.652322921233	755.042627367409	422.916727627634	204.380300062738	190.827988976277	204.180073958177	214.086145699721	246.765033636009	253.747396665631	267.299236950768	279.88162133219	289.656944286747	289.350549105649	293.57939594279	296.239206418931	273.307966322937	277.921946963399	252.323449988159	241.152392184935	237.780381523317	223.161845275432	240.86215658165	224.984258049807	227.87626674025	232.598948977836	224.100841600751	262.634984108904	288.442612256813	329.784122823953	393.863046929356	450.042887921477	519.894124420832	585.640336383633	692.213942999414	778.903477104484	993.672136503323	14475.6312071227	21625.1077511363	1318.25076220003
504.281	10197.392898894	892.806002766503	80.7041532350413	57.0564561879039	62.4417934724331	65.9990221997112	69.9427663201654	73.804345532349	71.4530380949209	74.2666436463623	91.0254269233871	93.7143431563959	118.72995202873	290.734955803864	672.439043591496	549.084878610703	219.092575343736	162.413222196616	196.731777794471	203.121419099905	208.050084188502	234.934167130354	252.542870987936	264.166671063706	277.476702740908	280.78853304967	290.424511910006	291.309168877155	286.266268043673	285.264743544855	259.377119737486	252.333192791518	239.121665370692	234.666176091545	233.314888727755	232.358622783276	224.024974059049	210.758704170881	222.874565152918	248.431152498641	248.909758340259	277.69799999276	318.38290553065	373.600332667482	463.155582944548	505.335637417971	576.817200682951	747.417248143854	844.575381014274	3550.44560212644	22753.1494015469	7938.10442828347	1162.82650572195
508.936	1210.41275784143	65.1347685147187	72.9648039688235	70.817313482568	54.5053451453936	68.2785192241967	72.5523996660434	77.1990221733472	83.2871447314964	83.3344128409114	88.667947587336	99.7156226073577	195.214112159428	539.244598605369	626.949220262291	269.095451163622	174.220551284406	161.308460561443	186.161561786785	200.186025207911	208.851462744484	233.436992291909	235.490963827092	249.531012610667	275.786768302016	269.968496918602	274.540841290145	279.831525357442	267.926097681548	260.068506512828	242.560077249074	247.796062567006	230.588039584146	210.065849696998	202.77086037835	215.43837915074	219.024039302436	207.795336815993	217.106141423045	236.580696959475	248.76326004242	278.716256148424	318.54853382896	378.368977961211	449.996619493317	504.176349353927	639.518558939573	714.948289238715	885.421973177737	10837.4681413768	18891.905995438	1467.19447892252	792.909281463551
513.593	72.0795606621627	52.5133207975254	42.2422591805386	38.0790571037026	47.0892474497686	67.2305264306643	61.3106285822806	68.9593446436014	70.6731601924263	77.4012666952988	71.2317551765804	113.757741508984	363.214218515387	628.835395724551	350.130104941085	156.281925652027	153.132138274797	143.574188793699	171.709714950422	181.127909008354	185.665543505239	206.129944690226	221.9357214761	226.445622161129	240.608443158521	240.158592162967	249.431091333482	235.950701969579	241.204280221231	222.156421611677	225.999015050207	222.289128995217	209.703752871343	211.14388471193	193.10272066453	187.655822408807	198.891480358911	181.932976274859	198.430642957889	209.264798489253	205.410285542316	241.496655788783	260.859876403494	326.590560001012	389.593878401217	479.201656411152	612.90794058803	693.500681100939	2431.64659007015	17735.7391513712	7730.78758154297	979.458232624469	1137.21191267116
518.252	35.5024952923876	41.0330119489057	33.0465049570538	34.0739865388718	39.7921061799958	54.3809646979945	66.8789693848335	69.1916704841725	71.9320017784713	69.5401047683151	98.9390573062071	234.77225572843	539.018011846914	453.027773460873	167.836003295515	135.887070383146	121.130098557023	147.175219758599	153.417865242181	164.299731318367	181.358078744934	181.60907852609	196.586836865057	218.89316353308	212.637094659546	225.047497128156	217.933071547387	226.16976520764	224.834062324869	214.810546816005	217.712122194415	196.254169296472	187.224306422653	192.800970036711	179.476451683101	180.334581485662	177.088718316532	176.994297353888	176.525361479394	203.344276033999	212.210195873502	234.664229199179	264.011248418373	310.731676507264	381.142078138779	446.405279240733	578.65887057388	699.168918223223	8310.88095955671	15638.7297753178	1543.49808998149	665.454316370872	1517.33782498592
522.914	48.8432907934644	52.2670442046017	44.0933179226511	50.9485055224627	55.0096333140106	69.5107608996643	68.7594251802171	75.4958562668256	73.43244257325	87.719281342552	164.28148108284	425.863391467172	526.623023905674	214.040169870519	126.237689390551	129.556204297864	144.101342411007	151.676796316939	158.69491203746	181.352948865175	171.72959211166	178.531369413569	196.301713348508	214.281895529549	214.033304278572	218.609806744591	219.696308649873	208.484652763696	214.97458872518	209.336707692827	199.245362834727	204.681447385873	182.91078802731	178.52760368031	180.004492135698	175.415800773881	176.056295876955	173.492777310378	190.120908677858	187.595029780337	195.797764129144	222.491690492072	280.146956845797	320.54886349419	383.634431747749	486.00269292586	600.443554494478	1766.40076089621	14350.40052224	7226.65011720424	763.10247287712	807.433732546387	2518.41425372095
527.579	15.6854203789165	23.5816912485696	34.5797406360746	43.6273277665889	43.7695045726882	51.9136464261012	60.9696023189578	71.921231669753	72.1457856678717	100.90484799482	300.431194160598	518.734687357414	295.282051404763	123.800814448397	92.176460055295	117.986184421828	116.084858051672	137.728865904019	145.456649154782	138.175460998951	151.51185403703	171.304774990612	176.482741219532	194.530757535364	196.09088162925	189.888189500264	194.143716955101	193.358874945764	193.333221848426	185.976799344827	166.800089456255	179.876960320849	152.659138681117	150.697508069644	159.522498646044	152.196869800802	137.858928614208	156.807897814203	158.256702749157	156.372270165554	178.014864923743	202.864521128174	221.798959803159	282.096903508814	383.00909194635	514.087615632444	539.174413281052	6318.61363317322	13275.2514332508	1611.42115942033	685.621765754718	677.138769355148	3055.04759151998
532.245	26.752582845372	24.8713179827247	39.7906047797144	51.7877534857851	52.2270932636167	57.0964062336796	60.5194980538032	63.5400509740927	87.8754856074854	193.749633674265	445.955711841973	391.492531729448	147.601197592206	104.315982221776	91.2584422810425	112.274715035222	122.777486540257	124.405849497317	132.312800479067	151.929020711137	165.9975462534	163.039351702419	171.707504791064	167.397010364457	175.902197760612	184.874059912428	195.52512947899	178.86369874096	187.160437761862	181.119599022055	165.671334154023	165.743423952901	153.494816057614	160.402095342265	137.828374987169	149.800884043999	156.022958406716	137.134951938158	164.529825399463	157.853990106501	186.26881252785	190.174690701578	234.31097202509	305.535745508505	411.540060993768	480.619554709042	1295.46762989659	11483.3996800303	6468.25654624469	736.891944914527	564.318192147863	1579.20286875498	2545.27155312054
536.915	34.5310738737905	54.6622515041378	50.5923787186973	55.2305631629763	48.8872643175676	61.6888102522416	57.1013412927464	69.8334798596372	132.194593160976	343.692482765451	437.611192936954	203.327822429265	110.98292206843	104.434013816888	112.148219000485	103.985841598976	118.671948455002	131.940170174526	126.901721669284	140.986909428862	145.773565982077	142.585206617246	166.490836456613	163.756463461121	171.795722822446	179.704898615113	170.386015901294	176.556235584672	170.976101618319	161.847067564509	156.900952631359	160.450818422641	150.53377483834	145.932225436787	148.252408190989	147.436549751242	138.218756566294	151.680079304888	145.911166097674	156.381756870259	160.947349231817	186.524327066603	222.90569158622	307.08314292698	397.161877232318	474.014462877572	5038.43236199102	11461.1596396762	1534.28053713457	569.698122000161	761.536858227743	2291.4805870157	1870.18016606566
541.586	32.7407271760957	22.4385425790492	32.0530461512429	47.0093215553868	48.4873431422597	60.4195625263716	61.0596357154542	88.5385661470115	243.233292821606	425.537052332222	259.983639737267	114.326827434954	94.1485844516249	94.6238473765002	97.5384143865399	99.0244521034825	100.276775904734	112.931274508955	112.450650700539	120.408413248015	119.318312355594	138.908028613378	139.977214545602	145.76581407195	158.148149680896	157.42676184171	152.458599637606	151.84227315763	147.263245115856	154.05750363992	145.146776120195	138.984661559211	135.30012660926	135.205208915529	132.80131215482	136.991214619688	128.487189778937	132.613776133418	120.70822421358	145.067251037184	162.020814206358	174.35256513494	215.068344628069	302.833939894876	376.419735719233	894.211256667154	9665.96705589412	6058.9724360626	582.864267312333	515.333486354415	885.85958565107	2413.19549484186	639.173093282384
546.26	62.241948754644	48.4390613497396	32.5554681475887	46.4772027546471	53.3671208135736	61.4697074791689	75.7753041540859	169.130979017994	370.978838529028	331.323849045764	120.961244786181	92.9066427696437	86.8367763749962	89.3134368927727	90.4232599586912	102.877210864678	99.3539419640834	123.015588831929	121.625377170908	122.459620666395	130.146510742139	136.544660948889	136.457964984757	148.988077174443	152.670223646072	157.124840953167	152.142486697359	163.163504198058	147.178976514842	150.459542667689	138.512709137077	134.839185836846	119.118364761151	127.766114646619	120.452733904182	143.547427088124	123.028677159811	130.614746126935	143.513376248886	162.738449378199	154.32205593688	159.448574390932	232.336008044512	344.76484379034	387.922107517788	3763.12168880061	10193.2818345226	1561.94750430418	555.332340232332	484.43621793605	1507.71137269143	2081.01256828683	905.857624502
550.936	22.1327945807117	28.6882461540506	20.2764030295004	23.833793880813	39.236165313396	58.3799117580224	120.137905598687	287.054498473039	360.358168700208	161.907069147869	83.8123853946427	68.7448920290947	76.0544395976144	71.3133377265905	84.811009608936	83.4682677368674	89.3001003680038	97.5991493988464	112.504947302285	103.137704310698	110.853899502669	115.487639739297	116.697403251765	120.776112118549	130.635584811681	126.75034763951	122.15760725374	125.832127073473	128.253310698047	117.674929383484	115.150604913889	118.331126458983	114.62811098179	119.307067362703	118.099793431786	108.898178146601	110.079928684446	120.097393552101	116.009555751917	122.701768471542	129.440269888393	146.569268251804	231.795640686625	307.074489261244	680.458178426487	7793.82683884763	5714.54352227591	469.398747919092	437.359276735013	620.527700831722	2048.27118092847	991.730494374978	-39.6810221464537
555.615	32.1391282048437	29.3903385792557	26.5767484322771	31.1693014212749	54.0886622974682	87.1412106561604	230.206423621459	369.985955269227	223.126338450863	86.4629197996719	67.4469825108093	65.034071658587	74.833264984327	75.0526012389062	75.3569577579897	75.8542665769281	70.9633918513033	84.4125051837107	96.224755374566	85.590172415921	104.353895321698	109.379381320127	113.000944909512	119.799476976195	110.067946254352	120.826583568286	121.02509967817	131.493649873905	120.102605032349	121.190677139843	114.299465451792	95.1074463386189	116.848958447549	104.807208979867	104.133026681666	111.059880186233	95.1383610248339	115.473618633916	120.218892095972	110.304423245085	131.5457029694	181.611608409402	244.036254249119	322.712795673412	2758.1454876061	8744.52395072922	1546.71272015	430.472361880417	391.958610870046	1024.81154193295	1638.70318419405	210.508815716405	39.7386113893331
560.296	43.4080754165406	29.1854964066328	29.9903592846325	25.9454822363351	51.1552842486024	158.513297581957	324.523375612256	275.939245553087	96.2284403572334	69.4301070140407	68.3831214035367	66.5903529805848	70.6093365228819	62.0747091090302	78.7195110078283	80.4417096390629	83.9868276421491	87.0076881994715	92.9700675371885	104.702512789445	104.804153565548	103.5483783776	117.669668518861	115.978047679434	117.674656408276	121.347916913439	122.07346830823	122.104027852724	118.265961396381	120.163089964806	109.935041239108	115.438635123351	106.520532875053	100.2596005475	108.405184802907	99.4652557331764	101.008791456113	103.76429168572	103.489374360188	117.636469634771	141.357364700516	179.896647799853	267.16102648899	507.20361142279	6223.86497906481	5323.22147545464	420.636081334496	379.989570089459	455.735511397088	1447.13124710091	1191.17189979667	460.780865796134	505.527585313519
564.979	26.9549842969004	38.4861235932625	35.7096499909712	38.7021191532527	89.2277105999257	268.537860812045	302.945542073756	150.460809212032	70.5580900731819	60.1071339234962	57.7198713989421	65.649724455378	79.6163268604815	68.4278668276728	71.2603776229307	64.4819789806946	77.2630192696708	78.5107554641925	89.4930847826401	96.8479564342482	107.040652518961	98.4304533604823	104.874395285728	120.532285140729	103.241996900498	109.800169232674	112.030860481736	117.130424523448	108.77784864621	106.389854587102	100.613026405931	97.6728535435523	95.2546710567761	101.16910022415	92.5807601436665	90.7949219942539	85.7027761741674	102.112256825646	94.1901166066774	101.954014556783	147.30364833362	214.304562689776	263.088550063502	2305.24474088702	7527.84972264321	1586.41622364442	380.421583486936	399.281114080176	725.127862237546	1673.86540866201	571.955502196435	377.438779324032	792.018254625932
569.664	9.05068064084494	19.8894032890806	30.178815718007	64.4973346463631	176.045990397417	309.986928751774	175.994619657022	66.2700980295289	58.0436959440836	49.5380898741161	46.9943438749649	56.5343799250321	63.3431205469645	63.8910622075945	65.6065966036381	65.2081013198209	63.5549304790109	64.0614559148556	81.1326011815619	72.2636851582741	76.4152308962693	81.1504950317991	85.6057125257839	90.251645009492	82.249448118884	93.7955766037604	91.9913676580184	88.95612783622	95.4775156912561	86.1543694571263	82.638064710656	97.0889223364762	78.3862335064922	92.0120627104131	78.2697570146553	88.8288865320978	82.9378076709661	88.8177234823913	89.0347264943476	97.5643934560953	140.550422130329	217.987646658627	337.92521457441	5392.91369507918	4883.21456230241	335.523404447169	304.255848103043	340.486862440173	1024.48037477387	1331.81685819342	260.285176371802	363.667738748267	-40.5665287363702
574.351	34.6111208746074	15.2998272996219	45.1948142641916	134.436276488198	292.427159050063	223.610152766412	82.868946253025	52.3740077334009	52.908677353288	38.859665682646	55.5535662954479	52.5722385191909	60.0470838762751	61.2297971830289	53.1943445823345	72.189192219008	70.0746962056822	66.3255137987164	71.1680428257629	71.8888325302904	95.3575426528003	83.9994527170664	88.7883343179126	88.6527500169764	88.2967863603333	88.3106443861868	83.6093023429466	95.0904577773473	89.5895594740357	82.3887903036568	82.2975561103423	79.3313745995946	70.0678441277135	79.8513582726694	87.8979604480711	83.1063130602691	79.9167230041668	86.6145302878056	89.4506793953259	109.497876267183	165.84075597075	201.49808596297	1706.927590861	6809.67354841463	1569.17396356857	285.124244274559	297.02101022658	457.155819814951	1340.65975523349	783.859740301783	389.347716843442	461.257250238902	136.380056114974
579.04	25.3285363576572	21.6125719099491	97.4075917455746	237.745890083764	283.720742334957	121.009684472126	53.2412237716742	52.8454615011211	45.6355166818078	54.2130906034271	51.1600695447669	57.0040943597866	53.6712145499592	57.734179595076	65.4551009211163	59.3599096951577	63.3060745031626	63.46104304351	68.3289588806031	64.513542916152	59.9701968425676	89.4124889091641	86.498351171626	81.6724451070735	80.0122060220016	102.071416661097	84.9061965551054	98.9278174002146	91.74924928865	77.7844191818355	79.0715707128732	75.0261356617282	88.3065182971434	88.191655278375	79.9332502052049	75.2310832839912	82.2049031908881	84.7358272003022	90.6057143041208	123.547472657376	171.716147146928	260.170320564998	4495.27457272501	4493.20751986068	316.532964431965	331.601547044749	307.818950493411	786.109711401519	1247.51576496159	424.716116619824	321.424771288708	414.943265068701	1087.1008693641
583.732	23.9460596189782	59.0388954117877	176.083423485547	282.720895421308	172.439923259138	57.6390393036657	46.0283802855026	41.2797183061876	44.3683496296177	54.3594245905405	51.9358789940555	40.6368411422375	46.4977968480791	47.5153010711008	47.6933989481906	49.3055451133998	67.8491986965087	62.7067781461798	56.9875904546329	74.0103530511455	52.3959096459985	64.364904324636	78.3477537619911	65.6365303470156	67.9610851160298	69.1318178049267	74.4954774570705	77.1948290603636	79.5356590227487	65.1015309048192	71.3280223438815	66.999411802562	73.5684391896709	73.6904103678239	73.3393326974217	70.6260647887395	68.8381413523507	80.9316640759046	85.9056764652432	127.344965875783	163.996048795485	1151.39700483744	6231.59096533856	1513.91343370725	230.463319291624	291.059655968139	316.152360910879	1090.82938737333	875.97338002926	292.558792849064	260.585983450611	434.53417336302	609.356768523243
588.426	42.3152987534023	128.402175110204	248.538168980911	203.024571378077	64.997646591651	47.6566777819873	42.9100695430189	36.2084495094107	37.1057706785063	42.0923298766522	36.002116057805	46.4522016025217	40.0203134245547	52.3992666607712	56.9438337637201	52.9680364159342	62.6536820112876	55.7343123369951	46.0806184566178	56.4696127873599	55.6653971944889	71.2912629379716	82.8133639481035	66.2768379622382	66.3015789159009	69.4874733104656	63.0412810549962	64.1573142531942	85.4205119671949	84.3643515953492	62.3318265334281	68.947527812919	79.0746254199959	68.8378420127677	72.0022938515784	62.2661329340892	63.4791614772478	66.5574750515462	90.9481150639134	134.418989012318	186.200394025611	3369.56298214553	4376.08670981709	293.43962336564	232.932334479926	261.156939997525	497.670881576162	1270.60126907728	443.695528712685	211.955141945516	270.958545448897	351.68467546417	584.651134738128
593.121	90.5162332668899	183.103874706569	235.274205212125	102.316772856811	42.5239025651264	36.6256861265368	33.3640196767634	39.6693695440035	40.2677407045406	43.1164569421118	46.3585112430438	42.9283910202529	51.1897973978913	53.210003171809	49.2433449907666	52.4424720030212	44.2999114717768	50.4411873882146	50.8136589845779	59.4708248227407	66.6637119323724	64.0728531876428	61.2430397517087	43.1890433495157	73.2678052248183	71.7983912044287	68.3367114223301	69.438196619164	61.0840923512584	67.3943725592215	73.9357020076986	63.3838434565417	56.9582178481173	63.9244195280084	72.3625573928579	66.5076809121946	82.2978455783713	65.8770030820127	128.746883275973	148.75249826117	748.933239173072	5099.55917516581	1547.87706056649	188.121329429386	200.563138883204	238.603308162646	764.4662291791	985.239704890047	263.937558692021	197.663179709204	320.725715531313	245.130745034969	-27.9798303433528
597.819	118.147606776576	233.685844369322	123.425539453638	29.239757034874	31.1838937379501	25.7458724942468	24.4602578998476	32.05322221738	27.3011581509651	29.4638599991821	33.6710981060418	40.488886459764	25.1838413372948	26.7659852542888	26.2435050509788	25.7170860542053	45.6891715785945	42.1903217228104	41.7381347888718	43.0780864602027	38.7573612820435	56.2045192487525	48.9749239707894	43.1443865054985	55.4284556032312	45.4276811628612	63.461731064736	49.6216120082398	46.2286878869396	50.8516258583275	46.2527503562057	54.3103460474782	45.29655057212	42.0389350439633	40.1557842074178	48.661898835959	49.4207607483643	63.2167422867024	118.791723332204	157.287917561617	2506.93149643093	4040.89098385697	235.945921015848	156.974162871216	189.449527086175	309.738152407159	903.890746842495	543.77634027159	194.259532779129	241.333999833991	203.949509589241	51.6168840818109	548.908092239954
602.519	212.040317636934	190.254823082154	67.7932597351067	25.8607644309472	36.1039729352007	30.4709720587226	31.13019139833	28.9792966002001	30.7107695318621	37.5313132755691	37.3747582568198	36.9980389494593	39.9259470734019	38.9345140832561	35.6258239195661	53.7082874211622	50.2852837001348	49.6579165054404	44.0222583891007	54.442513633735	52.9878358736259	50.8850632260322	42.0350169266482	62.2947974135962	53.5236501931415	67.9653905842771	55.8245674724202	62.0248946466098	55.2402339544687	58.6903535028844	52.8857180409826	58.8214176033817	55.5525034958772	62.8518405200911	59.9785213598045	64.3700115038879	61.7756460408724	88.0334078444554	137.39416779356	535.974942167579	4263.85461032183	1669.09338867374	137.77558958668	169.987473468623	168.704086721959	514.298609171757	969.608001630572	320.343513992898	239.448259240678	175.124226650891	319.06298585839	323.692416606873	595.771247474977
607.221	207.567438749434	75.290135930182	20.9732743989955	21.5428661003509	20.9668123363627	19.4564492029	26.3272753932156	22.2102668622449	26.6890484771833	29.9631240121824	46.2725048816882	46.6649650213899	35.3943978983115	32.2705814040911	41.121614700239	40.4425687452275	33.351009991026	39.9048690619978	52.3164059163722	40.3312142224856	44.2123419951344	33.9066372181858	55.2672644188133	40.1413842738375	49.5799565740479	51.0754433090778	45.572241781176	49.0528827828928	53.2052330118759	38.0899072762243	57.2139901195804	53.8567365040439	46.8965826543973	45.865615127782	49.3560099025363	47.0121492585853	71.7974195758438	104.035872249699	110.616301144108	2010.6732821252	3783.50547690904	286.741472756748	117.250993327535	167.559180609087	201.896853215357	718.957037508124	635.651925546807	245.523325893352	179.075236844789	180.631619084153	244.55266701032	478.256164635107	458.017903154132
611.924	118.483315898083	30.2613918162076	18.2429427806949	31.8590234370489	19.3160921193647	29.8289292336178	26.7636139386007	18.229359373256	20.6160595570355	29.4107853854676	23.3586102855346	28.8223474520366	31.6672172908921	40.5134262921407	43.1665014397121	32.3927949169969	35.3982854364318	45.4380301024939	42.5211236763258	46.6862440173408	33.5644497203533	43.687199477792	53.5275607116036	49.6379352745043	41.1178060285093	51.2766206469275	52.0115613900119	39.5625315918452	45.1901368370559	46.0348977707153	48.0439815509222	49.9356208563272	29.4169591955825	46.8781044830126	30.5507567567443	43.0922917489085	76.4413109722685	100.150356729577	366.63175403522	3542.99034748662	1753.45747177235	105.395106077605	128.867047178143	96.5866733278623	291.100899393511	802.190130707902	369.699864992309	181.932477754423	173.621836680792	218.04825691525	175.01985749444	164.876493443978	289.012387889147
616.63	63.1620662693854	37.1556228323124	40.5160167195744	29.1166720560124	17.9261064796306	25.5023764920737	25.0230607690794	29.3616345964936	29.0745294307705	24.6406033007519	30.4685279666129	36.7098040995183	40.8331576711205	38.67332083908	31.6932525659692	36.8825567825918	25.8989336718479	34.3052840627321	33.2540632919827	44.7221425001731	43.7353464829387	54.3936387658597	38.7070681490068	50.8266358663893	49.1081091807617	45.6967684275646	46.8121167349772	40.2913733591809	49.4299009567536	34.9110738495802	35.3816591829376	44.6015379581058	47.3085580887377	30.3480125484575	48.8862937868972	65.674776174324	94.2847249640913	102.325379264242	1524.47971054573	3416.42278684439	338.863547856065	110.229116911011	95.9600650303753	122.512704123889	478.228242302323	661.607995253553	193.620267448613	203.506497229135	178.459161688	106.230827621598	189.611777959159	321.520917247	628.303790012658
621.338	23.8202208687779	22.0276812805084	18.2590206357479	21.5405174525425	15.9094930201685	22.2424684293219	19.9886562561319	16.6043644816646	26.1695993774367	26.7606415220109	27.8509993861269	30.5019557331477	32.8635370409684	29.4490323483425	26.8983941409586	36.3396446916177	31.3811470630081	27.7829697655772	35.8846363422898	58.6663493037796	33.1469498919594	48.5076442707325	44.6308541001596	36.8181856120867	27.32758648906	34.8366237097738	34.073934660482	41.1875101804575	40.2595812453287	35.7570160152827	40.4703394271262	40.1452543801405	27.6941560025806	43.6943592084566	40.5039582802591	76.6911885868803	112.820323352195	259.242411793351	2932.48353809685	1700.0399337786	78.4518736425291	90.8110446052447	110.965145250986	200.935892233319	595.346253054701	408.342521106693	171.954128841158	128.623745313647	133.0663637181	167.666364429785	226.133845731917	114.01506337763	868.853180498177
626.047	25.2934430395903	30.0236077962417	7.03873168558219	12.922639333125	11.4344148527473	16.9671817406783	21.5013138637793	20.4157961795954	24.1886932919538	19.2369776172983	20.6687255667799	28.5144012494369	37.0657964072134	22.445118785531	35.0781863380927	29.6876329566136	26.0572172724895	35.5305012067818	33.83749498411	35.0329956855563	27.0576226725874	34.2151009464674	20.0268666266645	52.0416124405327	29.123441833871	42.6236280453183	35.872081767387	38.6555139400751	38.8925500873068	34.0795293956339	33.1450840214591	39.1045022806508	49.5798458971706	43.8208411497086	43.0300753910585	77.4293822408555	91.8708383045454	1161.48374304284	3091.49102570326	376.67318615395	63.7099901898441	80.9807918694181	106.380190446344	293.426474650582	608.615940159455	207.772522103246	152.151952538742	195.377689490241	95.9622846749608	122.371259815462	154.350763797772	78.7611973902261	193.284959895686
630.758	7.96282612766227	7.86742605450504	4.7428421077055	5.41566514584077	8.80542147373652	23.7063214111513	18.4912979915304	14.4276359984559	14.6689549168924	11.3601925448028	17.4897362285225	19.5978615384409	24.4721533453498	8.5440680079061	18.8709992257234	15.8523352873741	18.5554959772131	14.4907154982475	27.9823087606649	33.2186859877255	20.5109801897865	27.8014227655476	38.7967289953828	22.869592371008	32.2246306768935	32.2354449483093	27.9357361025454	25.7508926771898	26.3051208299887	26.2717865385937	33.5007584851725	30.8692081203041	18.0635843255531	36.5624313814211	50.2777824434821	94.8215649833716	172.69288325688	2447.68947360035	1693.17968580666	77.0398004565972	62.6532826880967	62.0929391865184	100.769165862711	389.29207788592	368.533952437183	123.190205323647	103.508912635761	79.2261982947745	83.562373114606	74.2106434477571	123.505602263951	-24.4942679659725	-135.248586312701
635.471	23.2273592235625	31.7114555319784	18.7757302010316	10.2725053468715	12.7550309579393	18.8057885942843	12.8704573891405	15.7218333806632	14.2131176117382	23.5553543386395	23.2540115492549	24.3950983651644	28.6179509709011	35.9232469830149	23.6258982313171	27.9546985445611	35.5865920946825	26.6645831986867	41.4256185756506	30.1632702098681	43.8753349613369	39.6309674323819	44.1940841603751	32.9218247712311	42.4636217797758	51.3050495481707	29.947169527617	38.4756762518455	33.9530396771311	38.5338061463857	43.6527315847369	27.6177841898256	38.1662164436849	39.5391567943632	66.5159500642734	91.623275586885	856.286505957926	2770.73613485794	427.701596912602	69.4166362288053	46.4740711984834	78.6864387028821	198.899204221702	487.508492994862	252.695762009415	137.466656611213	139.07209539147	133.455215781894	129.313749565664	114.248340674304	104.803685394755	271.50677121432	832.86848607636
640.186	9.30831841482115	6.4297963041793	6.15627561327902	18.3321185235926	9.72306374022373	7.12901066453516	18.0908276061479	12.1945039951703	11.9613456080113	10.8072039419593	13.4880252762834	4.36441409533745	15.5557967796703	17.54905069882	22.2267827593189	10.2882768313783	24.7759119263349	29.2586809954798	27.5524698053039	34.2735368697803	14.1680827549851	22.9331066439733	23.160135818098	15.8320276438501	24.7124963970717	17.0322819159568	24.30257002003	32.2724331648971	35.8068781850457	19.744985465452	32.9465551904294	27.6694314102145	28.8252601406597	36.9122047954601	65.7061292524527	139.003278122007	1965.87761932587	1627.00938355312	89.4800464453062	82.7150089068384	38.2151447965493	54.1387290664054	269.016065834899	387.015981217639	118.191840492087	65.9404520832305	123.408493516733	170.712361367589	99.4263718747058	-10.4056357450713	26.2499189348088	123.642958265391	91.0282919315133
644.903	20.9690568268795	18.7447062859148	22.8309378382428	27.9750272630647	10.9580672631833	24.721608955653	20.0494319564676	18.8433708524331	18.6271104695393	22.084457128926	20.3391968901891	32.9599830543348	27.7650756219646	25.5714178652586	34.1590676038911	31.7956049451356	45.8396530201394	33.4529577678544	40.9190648066848	41.7472876624586	38.2132595018883	33.2348396217487	42.026796422214	35.3618871470102	41.7635805539173	49.2197109531863	35.8082797643096	37.7791544873952	35.6124199857849	40.2392660368052	31.5536506718562	38.8852438787173	27.9646430172573	64.6515207832939	96.0633071969444	678.752269713592	2537.64441128879	476.894262883779	68.2669548720661	56.605865904464	73.3051467458602	93.6638667100606	373.394380484875	293.123462059114	123.079098241334	114.814834414737	153.003448721379	90.5575078280462	169.127761865888	208.385778033344	179.211554021665	187.583620095964	828.615722458579
649.621	13.0199253162392	-0.775920055067695	17.8918156152858	8.90718049807564	16.2423413081518	3.13394353381939	9.47568264340294	10.7711487000417	16.3590267938376	7.91815501157372	22.136402453874	14.32565922895	7.50882555085502	21.6620051064904	28.7207847443563	34.0045332552448	17.3557150550211	26.0973008230648	21.1068849862799	31.3756517457299	27.2024503396268	22.821287001726	30.7435170729136	29.0959432871034	26.6321549070529	23.0863469312674	29.8522868867508	24.8274240276507	26.3222101526587	20.5555743735142	22.7291842671981	22.107876882159	41.3339029090233	76.9561924640095	104.450342687521	1656.50320859729	1637.52981445774	68.770006025296	40.7487347873787	38.8342371971278	59.9247989957943	156.367655819184	343.178616379125	119.40145041094	71.736383604549	68.4941537290583	118.418632901879	100.411041742618	41.7215187077859	61.9063645508566	13.4628392133927	145.849826187922	-93.3716603991988
654.341	-6.17032444136485	-10.6375954954593	11.4005798911605	0.335018828108139	4.63005857661968	1.85652451098014	6.61570201939035	3.35209763162328	22.150775042588	1.83797105806647	6.13095795351512	6.97098167409587	13.0267883138625	9.2951047011724	9.62204253299941	22.6248207642438	32.7326035006864	13.2512949968442	38.1464525976905	21.881759749631	21.5701292722559	16.757813786582	10.2887259955422	17.8661123266399	11.4048344733149	20.5934723452598	4.68802433751929	25.2129921046372	19.2711803862723	11.9723123027959	18.2227632902866	35.4971843130091	49.0228500954562	52.830289952186	433.696832190468	2274.04793510388	506.995767997218	32.8200433317611	36.5604070734052	23.1479980768695	45.755959951717	247.345847450051	252.914225452974	55.6276361395419	51.7238155158534	63.4715499149598	63.2389448407519	72.1254175160901	81.6004238360823	49.8606418880154	-194.824804716633	-25.7591066622157	-300.268765583437
659.063	16.4444693883888	0	7.54456900034608	1.35134855803297	19.843285987788	14.9771386583447	12.5340626592173	10.3188007818249	12.9635049126226	8.57212670169704	7.47056192403215	16.8099712472099	21.4667588675555	24.0581336187695	16.9802272065745	27.3181398198068	22.8516668014849	26.3914710496828	31.1402403308853	27.8726372219637	22.1331925318289	28.7638930549553	37.2078965429942	36.0328183144185	23.6587401651171	37.6995709495532	22.3766528021551	23.227863476129	32.5977888637518	27.5512693621338	25.7264845745169	29.6768604272128	61.485091907421	76.6021112221605	1317.26953675428	1572.75034032503	62.1361761381988	43.8716255427685	34.4371127184677	38.9045470458734	79.3623088770095	297.316529760516	144.872578851878	50.423009349669	52.8935697012508	85.9251888193453	83.6340143653179	70.2241594700231	156.661558097211	98.3740879654658	124.082367365317	-51.9516049900436	-111.555958927439
663.787	7.21200741829203	-4.02935864926549	10.5665005369331	11.6494212455393	11.5421663012487	6.78108008777782	9.22636703215824	5.77389994935899	5.25896728770068	4.46435271852619	16.1981345850243	3.40969087805058	17.8719691543996	9.50627784790354	10.7632036073331	31.6636598868545	24.4634114811457	17.9568608830147	18.5776629826086	34.1572469730675	24.3822993650873	35.7356590167139	30.8417311325771	19.6775471207449	31.6592603951302	22.3574121283765	26.5297347902523	21.6473380476357	15.2585787006261	27.0002694874241	22.0535013070296	39.4065107835634	65.4909179462718	308.837219373384	1993.81809102513	595.136255460942	39.0636049768574	41.7619427903764	41.4999163817439	31.126783433277	138.046660400601	269.660941118246	72.6259516629297	37.075311598963	61.8395777143827	69.3596772569611	76.3384774769189	99.1998845852376	59.3809323831126	39.9078886500852	129.338355745077	-184.410249310848	-565.693019270046
668.512	24.5276284744403	13.8051286932806	16.1551678745541	2.76211042450304	11.3326619545173	22.9595709623898	8.47086357520543	20.1821705491574	11.6178989392651	23.2036652757262	9.47766669444907	24.9883699395945	25.8679745667477	15.6462745331603	18.9029229373018	20.5555069774571	19.1373172713307	31.4100040988622	32.5736139988417	34.8154406815353	41.7295310993615	44.0943132606897	40.9509009540136	46.7393299948998	20.1490246083635	25.7943833741358	24.4790199161901	16.0395141161549	11.2115718965802	33.2188477323646	41.629046077928	63.4725456409743	85.5716093259728	1071.19805169779	1587.92610037386	86.577998586253	31.936735598806	43.2628592691839	48.8577510689407	47.7117414232758	221.629396545229	172.318995528092	76.5619541241944	78.5854716648571	86.3399674293145	42.1149157407977	110.045893135201	103.807133882898	79.2441088248237	109.473232995487	193.737601246228	185.827794394283	260.590377547366
673.238	12.7946208489931	10.2119608496251	24.3786877224919	10.7676352056663	10.5008383249318	14.2986625154691	9.14542930898615	12.4383105501831	11.6878649371357	11.9098998778607	20.1289032804472	11.6267210750184	19.7648796551099	17.3466739682815	22.1342630795988	26.2349297490123	18.5999377597675	25.073249126397	26.7431543993758	27.8608815917581	37.2727058796868	25.8765853739002	27.9554585687953	39.8964417526508	25.3379590695244	26.6066788685089	28.1907919183609	35.499438097993	24.8139999529648	28.0082211544942	44.398829505568	78.3243529346717	230.624063278978	1737.52683879217	666.573306017785	54.1715741479285	39.6009429184574	40.753728546021	37.488802199505	98.2203271335319	257.594701418731	117.964649080777	49.8384312093741	62.2101511384779	79.3068917739886	94.6531272555832	85.987276131279	109.589437334092	128.530319452764	141.59894036343	311.84694285231	260.390321551672	393.239580488657
677.967	1.38090751434066	-9.05244223296437	-1.86041718247618	2.09934511615055	0.906673935611984	11.356640487592	5.44375683242869	5.52774100515915	4.95730362243534	15.3564923944411	11.7390552351699	-0.633081283643095	0.331830936532461	6.47181956532225	-2.51229511899314	15.8564186867783	35.1717811174842	7.95773624378528	20.4890579890241	11.6270291482483	2.37133284225759	18.2464741382762	18.1561205307558	18.3003866752416	22.4609567306073	11.2501552291174	10.771493210533	25.3569693228215	23.3728944120725	25.9693944246157	39.0149871730785	62.4219948595642	825.584733714883	1449.90796759052	97.9075220420975	32.0993681066668	18.4403725308778	28.6970047024684	39.0225775590694	141.024187149717	183.502619913001	40.8154965322974	34.8004992987747	37.8609899956013	28.9120692559461	55.3923068470706	58.4671485022779	24.6761454336496	45.8891988619353	2.26408852049002	46.4062120122729	-87.4334332130789	-115.536171211916
682.696	34.4419865386535	23.7154337236789	2.25738025882896	9.90612388331748	12.5293017268259	19.0453109837086	14.396184932742	9.87450732288236	10.6516671858117	13.1014375063348	13.4884985228849	21.4445736421401	18.1185637073104	20.6134217586046	16.5119036588543	28.2937539781669	19.942287327066	29.0370793681941	31.8434019563259	24.729408754003	30.3716224742149	27.486463823333	19.4824448511893	35.1945129229919	20.9907175804267	35.1303140055795	32.3445551626712	37.1444832436309	26.5875398814188	35.9842882669914	47.7887598258474	163.40100686283	1534.64598347471	676.747498401408	37.681140247059	31.3751897581332	35.7696424278328	50.3764106183095	67.0352488076849	193.749216601389	116.450463682233	56.4202340156948	80.1832352057637	52.8040330229791	64.6231315842218	96.4099928876207	93.0572499625266	101.117792547507	91.144038691521	178.566974442549	274.321277484275	224.419843065649	450.605854655287
687.428	-13.123094256132	3.35172166744076	5.68285369508246	4.27512397503965	-1.84635839522461	0.56406726323553	12.3648326166333	-2.06373531352544	3.36503153686404	3.4203848122125	2.44488174413254	-0.3223030069032	-0.337871649000481	-10.2139323587462	10.8716249903508	-0.949710111761679	9.70607092792984	8.10260036359091	10.8173564774137	17.1456886219344	30.1812628636644	27.2992207858742	8.3001231597266	12.0569902193801	14.5535346665618	-0.336910445890608	15.6204919991037	10.592234805218	22.4762467917698	47.0082598056468	41.0171004814229	670.750160699529	1374.63168999923	106.70863740288	31.7351768111597	27.9627305314697	8.04688479573916	19.0737817539499	88.4378605998564	190.999378021183	72.9855999792492	43.6627377970172	47.0517236418226	42.5381721852124	45.7069739090701	66.5712929710286	67.248541117228	38.3492254467726	36.7121656202695	20.7477397046002	25.44284582015	-47.9365857350829	-420.140761765306
692.16	9.42451922206115	6.31859051274925	0	-1.79097062940778	11.1382829929161	11.3425808358886	13.0749812638004	1.13178400761848	9.72697903609681	10.8081310576362	9.8326106209189	19.1190963131163	3.3970562916206	13.5820752533856	0.321489311302825	12.0949588753551	27.2572146157767	13.8137687771823	26.8017525530949	16.4178629256221	28.3220820459918	16.773412330042	5.68989309813357	13.2244756591346	11.1485956619195	13.888307552811	13.0320413686798	3.99364869697944	40.5439168108243	22.975274791297	123.719228588712	1316.34379575895	684.331070117969	31.0833975168684	30.1733367449939	35.0518607331055	24.6569557103856	35.4984340874318	137.028075314075	131.537874186331	25.439013111863	24.85888936781	42.0507752776379	44.7738712049622	26.4825844993964	56.7068237966451	77.5893411956185	27.9208660869992	90.6008088720794	41.7207184496963	76.7428516649088	27.5410213404003	-490.00871008805
696.895	26.5678591017877	17.8122001249313	12.2720046208798	17.6707044420447	11.5254209063152	15.9874515823111	10.1425795263587	8.92584794083652	14.9024444520513	14.5911412231352	18.6988361691876	23.8164777189817	24.6249049833505	26.3480628346244	22.6570781070471	33.6472381456952	34.2181993491399	11.7679506537208	31.6765915656221	31.4057775217394	25.2556266912801	30.3204164059516	18.3313060719428	16.2730126034843	31.2176003568812	11.2543063279938	27.5867804639782	29.4856434031599	28.7742257237196	47.5843882075707	517.199421473574	1355.32892922133	167.544761708914	30.2849852798759	40.1551498465786	33.0842792145979	34.1335514203691	68.1926165637562	172.556408825614	90.9022162629149	36.447517969921	61.7705084782668	70.5605699734172	72.6629326637228	79.2030939383127	109.504173833049	71.4205716219287	76.2998651020792	57.4323458678962	105.010109352605	338.489958089292	201.028379503153	952.649518846255
701.63	4.78424017902182	8.9811512823203	10.4417607389151	0.363665602149912	-9.4236851352739	-0.575792034482086	5.22283429341392	2.29814440212408	-1.71748874734668	-1.99513220000311	-0.83190045187594	10.5280779742467	10.3468407148407	4.0359640289915	5.54880195972884	10.9871102284353	2.39154336387556	11.1478992275381	-2.76055184364033	-5.83402700214121	0.410781523887199	0.774074048166541	11.5536143682356	10.0698613325801	0	4.12696209239042	17.3022181796902	21.9627002881489	39.1388107961046	77.9762412872691	1090.26027377239	701.818000552326	22.9488366292411	15.6094331023931	30.282121905303	13.7159323266887	15.2548468968193	73.3241394506076	125.165470586413	30.7111884407608	24.3375446169983	33.8304814376558	20.7535941815758	43.422375844289	31.6318946908743	13.2134823378917	5.62675225676966	2.6997487686682	-25.551319904352	185.904597374986	51.9434078615589	-41.9425726968459	-154.394589282319
706.367	19.8502898874804	15.1478426156361	20.3508868573033	4.78426910278934	13.6690392499815	12.8191242229605	15.8561419260199	14.5354122555156	11.9491393405051	12.114150113594	12.3473228701712	20.9753727154054	15.7061248398516	14.635397387509	15.8548290426788	10.4646465795188	26.6220176992318	10.9174853493179	12.3717058082803	14.7597318092902	18.7065387606371	16.8418963413397	24.9428807104572	28.3068153573802	15.3919069711736	39.6756552316343	19.2260318636087	45.819168064785	45.7535143057756	394.550250958448	1252.44967354271	179.971955610194	39.7158272980845	40.177710354328	28.8630946651679	29.6360776211655	28.5000594127085	137.085488409248	88.2678723242807	36.2588006917216	27.1421635565268	47.8211838953888	45.0045643434109	68.6599733928083	45.6152535442201	82.1405727526973	35.3036416367559	42.3472363314311	39.6478771525903	69.0607132229997	138.922999027134	42.4448583573502	1093.70485316116
711.106	23.4848547620542	-2.18683687665602	0.790994814525008	0	6.10361006548129	-1.17768546632312	-1.11275275186453	4.11290832858921	0	-1.27522072566225	-0.850756013395676	12.449001115382	14.8139019676298	-7.91093004524736	-4.33937640357911	-5.94854480346689	10.4817824580826	12.1360944455211	15.7288199847349	11.5063566342227	12.1826724275403	14.249140863563	4.33234431911197	20.5962024985911	21.3422218723958	10.1995473604997	17.0004867224251	33.1724294220698	64.8695900159607	926.934423560935	700.271024606092	16.8401022811274	18.3670331843001	25.3329535344331	18.365032261335	11.3730914590299	42.4016521408873	125.824097773853	34.3421145314255	27.1244668280677	15.7462100970918	2.745815172142	36.990378754154	13.8770537696818	46.905835446873	10.6173370732557	1.15085724681115	46.9359854357401	6.96812189000257	14.4393603988561	-98.6528005901332	100.084199181378	-35.0875649902286
715.845	4.45437098334446	1.32728709832835	-1.60029801242586	4.13833658885107	1.62480189786766	8.6370325405344	-4.72764873714003	3.16991014240768	5.55232428224215	12.3837971437951	3.72927456241335	4.76494674569934	-3.9247327999591	-0.347934057637655	17.2207229827346	4.34589088403889	14.8443235384493	0.74403306666745	5.71158710460694	18.9681063832715	25.4972330266143	13.2128758001993	4.38248258756453	15.4330093160192	12.0753240025085	20.9909525249109	16.4953056425534	48.9363208725482	280.980653341481	1115.54181365294	186.217090421772	9.53959606321999	10.6660638315124	20.7115314105994	12.749313418797	18.7910302068936	81.3336391737507	100.709971174024	30.2279255251931	6.73925087954042	37.5089098277361	23.8872956834199	58.8880820684049	40.70919389018	42.5401933484731	72.2523327969215	65.1938633016001	-46.0827297551763	63.4388763714439	19.4752897007431	57.573756078666	209.716554775564	390.42997142332
720.586	24.312456617442	21.7334457217365	17.6474694851721	17.7263725379626	7.16707555453458	0	7.89919507960132	12.3142381088757	10.6872246951452	11.8975985886018	16.3924833347134	13.3071027776374	21.8190648613754	23.3701033615168	23.018605284061	21.1137270896878	19.4877948504951	8.57786024212234	12.2698403539802	14.2617930020389	12.3546000075389	20.0697658529468	20.7691989417939	12.7641957398283	18.3418756819887	25.323712368714	42.5732463694007	50.4608614274377	713.837885724655	688.768897941734	31.4560082400162	28.6906329240533	22.0755405750802	20.0596774021639	25.9278192578443	48.056641054878	123.726542037663	89.3628133578276	42.9680885864491	35.7111796618413	41.2088464256588	47.337611835141	12.2991489529345	62.6243749752973	48.387926923324	65.5818774365187	103.871782820068	92.3968320938063	15.8995334028949	17.0836579860345	80.8056052922713	362.487979580126	1369.93538001927
725.329	-18.0805356165219	-6.28545280620075	-10.1495269053225	10.3077008461139	22.7533014188579	17.2268681436804	16.4483871223918	19.3002581437245	8.33875961533588	24.3478409713493	29.9835566249563	21.0680706730202	29.3269801049273	14.1228338296046	32.2087576859636	48.8498094170155	2.51058007071097	29.4456916627521	37.2594289214797	42.4334116515424	37.0855880626794	28.0347972459135	14.9587103929262	21.5336788864899	43.4445827300133	29.2435484687914	66.2430574779925	260.354000561209	992.107110904909	224.233391733999	32.8787588778925	44.9448797322532	40.1518204782539	37.4036870977822	31.4197405816482	92.6182100899708	135.504276949495	54.7948913962253	43.4932701211908	31.2628436233776	37.019866342529	37.769240222188	43.5731676330153	51.2816418875415	49.8095114702692	134.74851206271	139.400911600636	107.696791604615	110.868861257105	54.3477459320731	362.227291897521	557.716155359387	1332.65306924711
730.072	-8.59120144533745	-9.48689336240398	-6.53614928895059	13.4450454908467	-5.97260817564925	3.6492944779627	2.98834245390032	5.46200179968791	3.40163083322096	4.21496216472548	8.49454478543828	7.64563924660081	-8.01495699569337	2.13161760413241	1.37912077852021	24.5770112354141	-0.360887821798765	4.55831772759839	5.8320053050565	-0.440182128603769	22.1295755836772	11.0384547818742	4.8816862790211	-8.66711210134168	22.0443841341193	36.3279792408719	40.4950610969538	634.237349061016	677.166156189401	36.6076445430347	14.2781472546256	15.3068468443016	11.2422585465915	8.24421182958425	15.6217308007321	68.5257291430845	69.826770750893	20.1290624401362	28.1011751487216	3.44066773050564	27.2819891160951	38.5716794146076	16.2851075424554	17.917013618458	55.9669995456152	24.9242023546803	54.6811485542874	9.98121482868162	26.9901529972483	-24.8573624922557	27.4342094778273	-169.83361683953	398.661461847838
734.817	2.03577455693468	6.82434058356695	6.99383869766437	3.48178099942528	-12.3639703029157	2.45009182236321	1.3890023247892	4.48203728947795	-0.68514404119774	-3.71420990187739	-2.94989679736662	4.89986220707874	-10.2730938794999	-9.30242346757355	-7.63888023719229	0.343764702383159	-1.45377410288893	-3.44294881860332	-2.09760924712184	-16.402076765418	7.86574972353765	-4.52899575695887	-4.09688081620969	1.98374775010099	-1.8813979773234	2.56096704906827	178.646093523876	884.227876293693	228.277689980116	8.50774370068702	3.50713682767089	-1.05103946851535	25.828022766091	9.38554214045217	8.24075969221725	80.8414673101706	33.2881722557582	13.220615660993	8.81481003988929	2.97002875831743	5.81205991572317	10.2824557867578	-31.5392961494835	9.38282631725677	21.031097673593	-30.1208500783954	-15.5628043848574	-44.5155523863455	-50.7384070861448	30.0400742346309	-90.7793264920598	-148.727243256977	-510.980486345976
739.563	-17.5048267983197	-28.5345043764138	-24.9704949503456	-22.6984470405902	-10.1411380307881	-8.36498849452585	-6.32302205148887	-7.62541911415069	2.07927700029682	-9.66162369896607	-7.75870751623594	3.8945539697133	-8.16535585262849	-18.0968077233819	0.702499834148976	-7.99831174788761	-20.5889488127279	-13.9315605892278	-5.09266420010107	-20.1798921051833	-12.3775548614254	-2.91552304596166	-9.11769836809921	1.60540881844926	3.42580302017789	10.7328030131318	504.186500722508	676.318472402297	15.2498247873708	10.0408481171619	2.8382582363934	15.5940763665437	-5.01078243219591	-15.7023148639993	27.6615581094355	54.6525089049128	-0.841858631073614	-8.47019163520399	-12.2023060838379	-8.01195676114899	0.534498643790776	-12.713239732155	5.10482889404522	-24.0942534761468	-0.851003099187764	-20.3135195039214	-92.0380287885356	-74.0848590781495	-9.16553903981592	-134.216167997579	87.8397338328533	37.6131535398472	-904.589565941997
744.31	-7.28495071146032	-6.51217947097388	-2.10312742107404	-11.8661296016347	-5.46644651223358	2.50502031329938	-10.1776864920937	-0.833185430597686	-2.10151275769036	-3.52623012425138	-2.11122127442916	-0.715673140379414	8.25267604697731	-5.4871004150088	7.10012356953252	9.13826021528358	-7.06023942485169	2.3467574152473	11.5810314198828	8.1582782287889	-1.34034859815891	4.63053109539617	1.6754914362145	23.1217227706424	29.238369613411	118.575265015036	766.396852763182	262.762889064741	15.7798801442473	-0.724873199854524	9.68156053154672	16.8354418597571	5.78784876021382	3.69075236888356	70.8508701955259	44.3508454209956	22.9732592791872	8.5607717388892	8.53809048281636	7.59153422614623	4.32171651486228	8.17676040951651	14.8333320931995	7.37936880768618	31.8238374070927	13.3449887870845	12.2397739609141	35.2362924527184	55.5813310699803	-25.5946176805561	-12.1062396331764	-152.061552183132	391.827100002821
749.058	2.62835811204155	-3.75927644099019	-2.12462132730627	-13.5857212808264	-7.24803640313089	-0.632655388546704	-2.6302028824852	-6.73360450806991	5.42541930315929	-9.31670119039424	-1.82811248539467	-9.39883491058279	4.16850908819478	4.80408797710054	-7.17268664332043	-11.0069708742552	-0.75077840881507	3.55611182029732	-3.4664857044635	-2.74721853833777	-15.797214126581	-10.6314886360667	-12.2714581270104	11.0643281817979	44.6944246289485	392.236627463871	592.320909778497	34.5268442625859	21.8727408336033	3.66140692325994	-0.724481912765687	-8.68468066069636	15.7138136298234	16.0324285671412	58.4206464567689	26.4751558382011	8.59557236192201	-5.00688887256539	11.0212799679843	16.8720629082661	-22.3751572555527	-8.26032668313573	-7.8182234880762	2.98191430414843	0.868893950752723	-23.8516620763734	-44.513510849356	-29.663672019301	-37.4329138621707	-51.712387983215	-4.07665502660342	122.892493757354	-56.5473660756553
753.808	19.8244173639995	10.5371007418361	6.49661255021617	13.8473565841901	7.03582845650998	-0.322419567538142	4.38685464549862	9.00805631077675	7.21291646126928	1.95508419623902	23.9125870982002	4.05300868043602	-3.09002668452743	8.6632253414031	8.77298283075102	5.42852144555219	0.765236981362593	11.276520297457	17.2245628646387	9.80043670486762	9.66086316033707	9.10243404394042	8.62605738420736	16.7072684765038	112.897557391779	656.303255277156	257.220756373501	6.43290346202603	13.6030994018096	8.58341300412523	16.9839834840042	12.909066317042	13.4091058336193	50.5436585098503	46.9267576127647	28.6456337271568	27.1594311814013	40.8264966799667	29.7932725138341	23.4504367328302	23.9185512312634	43.2997969168199	39.8439384470047	22.0352174309683	29.2256977748895	68.7049999665039	10.0823904222503	55.9346357679778	9.53845025082136	126.499849909479	307.482113362621	101.773076288289	76.8484818985583
758.558	8.72858749277883	28.7723769642969	8.37866038235152	7.87892267715378	8.23831438389134	9.19188751450474	3.22588863490665	3.49403348883871	7.3440594003632	7.96252364601159	1.26479782364766	13.8807154484367	9.8319017529749	12.2723302017149	9.30467749727228	8.10659092531932	0.389575137647758	22.1429823066378	8.09433893311851	9.02827986058735	14.9889735360215	16.7705428719142	26.3486807981466	42.1023108476399	365.824048288234	558.039764294195	47.1957021372203	20.420165651822	0.384734072288434	3.41979412414964	22.555801091919	11.2660927115546	28.0643065829337	65.3923607966249	49.7875264545392	27.8983525398611	11.1504980921803	28.3423574855793	16.9080128669896	-2.12238267286971	22.0879952644964	36.7392166409977	0	39.4561582715332	55.9072225372129	38.7438492691483	69.2935102263748	47.7162233497331	38.84750120459	-8.04998935642708	249.611981497022	63.768296489717	489.035727539323
763.31	15.580847421206	-12.435773263407	21.1411155873338	13.5354367014893	8.76861138977647	-4.68795853673331	2.53113363289897	-0.445498383650424	3.49584379111352	3.19076225060206	6.45060086435384	-6.88797700961009	2.80804858655764	6.25901644726984	2.65747025865921	-8.64475062840405	11.1264935524684	1.25479466745157	-1.8347543594935	14.5405797670141	-6.21118297482653	22.058128433481	10.3025449573209	105.411032887015	579.675591642248	239.205128717896	-4.34054599366655	12.5759970269643	-9.81091955112939	-1.93792298225287	11.8871503578952	7.6610997714988	7.34996470820656	62.3600500913019	27.0303616931632	0.862330356069708	5.00444592267572	6.74561908068051	32.4640488408363	18.9426528763971	19.6417268422176	-18.1128043483455	-8.2761164194458	38.6678261566544	26.6737012062808	-23.0530619252432	-5.23561676965206	64.3720414286626	9.90631546651536	13.6852618734089	237.347773563262	-341.486213687546	-857.981832635952
768.062	-1.68499446388817	0	2.72411522461001	-1.28081890415135	10.694531395617	0.337986930055418	7.66444142722006	2.69799762685716	7.56117722663404	2.92783056620568	0.976642478544089	6.5661724626308	-21.0549445420982	7.10726969260656	17.243565331474	12.5193780473367	7.21966380835491	10.1322718082972	8.33363782470579	19.5688200722158	6.751545315482	20.9013622859381	21.7021169728494	351.154585384801	516.581181769822	52.4876145635869	13.5417494639076	18.247125525697	27.7275773925185	22.2990080731259	0.77408782730466	25.904791764299	51.9310942814776	64.1385924216563	27.2832459022906	0.435198970341754	18.8274434799809	5.34971496268883	2.04798551523946	16.934743797036	-2.33241014401871	10.717186780473	40.375463318965	0.796522150599736	54.7748851973319	47.6455075842817	15.8537967117957	39.6184622050138	63.9935654998124	113.269020488022	217.789359306937	295.440864801492	684.751092293875
772.815	12.3487556186233	-6.02117853018155	8.62087038678761	-1.70667079631401	-3.31687849750233	15.199724344498	-0.510637308346209	6.51600796946016	-1.51127223957564	-8.19270398506499	-5.20544220941312	-3.08799538534523	-0.809289760416219	14.9946791947654	-1.14883881242597	0.758266905086765	2.00418480658938	12.6572726778709	15.2686046032964	3.91127117510449	24.5792495518501	28.6075458319283	73.6498316760463	542.148890744383	223.266604932681	22.5956480681574	2.78623144461484	19.8211990992598	9.10468686426458	9.38307574987869	10.8303268992917	15.8420890873888	47.605699991829	24.6836016930292	19.4166030169974	15.2222620895876	9.17826902288931	-0.97205591024964	28.1418646843224	29.4804418411478	6.41004247079754	20.1606786969613	3.47842642279602	60.4971257470246	32.472879452384	34.3272084987645	17.1640069989261	33.2583111470626	23.9823019995486	231.915548228059	148.002435330166	65.6117080460786	-201.269101705333
777.57	-4.00924358779521	-23.039691529465	8.33362411371531	3.48292113621466	-24.0674963993596	3.44656986237147	-6.2525572407517	-4.58540280830335	-0.257013148892014	7.76258677632765	2.98774854901334	-7.4834893454642	-6.60629435498265	-6.03960768598051	7.42429694314181	-8.51096245378695	1.63603142183635	3.44407623948725	2.36058314163546	-14.9662530202004	2.45885169551211	31.9707652565486	281.701560316669	474.618234757781	51.237832674749	0	8.93522963016906	18.6072262916986	7.67458086981221	-3.98931076350245	12.2351448701524	25.6274762182047	36.6311742046347	15.0308123319189	7.16618808936778	-1.33136241842462	13.1115098880866	0	2.61050225900757	7.24181571208545	20.2167353973846	12.2144146443704	4.96906577086958	13.8081011164574	-2.84012790388821	41.8063648279735	16.1666659542367	14.5441148302655	12.2355856076216	112.687166606534	48.8592186810504	50.2118814954781	164.297510664726
782.325	-7.56041208727118	3.1192710099472	21.1549317558664	-3.09449229768453	5.3458490243991	0	-6.08431909540086	4.65602394152473	3.1316578051401	4.54738883739312	3.70793346062292	-2.39960360818292	0.419252489468587	-1.63536678798328	-3.9677056407255	-9.82050259340263	-4.15307105373764	-14.4256178036555	1.91755133983199	4.55902580144883	13.4822944339922	56.4576632817454	497.644282741372	249.351254138832	15.9090708902983	8.7792551263026	-5.36122583558965	15.6079230939012	-4.10146281062835	-6.07612696252602	4.40836777948053	22.4191024564961	37.1953416598639	7.01241099356179	5.13639293185594	8.56182510235302	21.3966065837269	-2.01429391650881	10.0726880051342	47.5139476390313	5.43390862959592	5.22211891617795	31.7151736620925	-15.6702653460546	3.84515939538984	-42.450236911506	43.7750760456661	21.331718788633	155.300368117334	140.167801010596	112.753895079254	237.930977227737	-312.802321505967
787.081	-16.7209739510437	-3.20298225395115	-13.9990490845367	-9.07868160116758	-15.2916617974226	-14.0149266405228	-5.16106312811663	9.56195342509072	-7.23532830987731	-19.3002949192371	-5.5380982102239	-1.64266752263956	1.29151165071302	-7.97646027663558	-5.70386061418405	-3.63025923533	3.4116209440218	-22.4435684627889	-37.411233254752	0	-25.6372519215947	244.935105986454	441.776580556766	40.501354108957	13.2454211367262	-3.00495407236545	-0.423469535918383	-25.3054575208075	-7.58075928651999	-8.73486705077164	9.46486434564606	34.5311390491613	9.54838637667866	2.11782401364676	-6.59279658515997	6.01530325681596	-0.976481021279986	-10.3417555708452	0.544368773262922	29.041112990226	13.0193871135056	-9.38396176080948	-17.0232970243288	11.8563826917933	-17.7675802150486	-16.4933112011676	-5.61873236136366	30.3288837273661	23.38865945187	-96.9320825332289	-41.6807454646848	-104.706978278226	-214.131289347912
791.838	16.108041816331	10.6661754448446	21.2191830893348	19.5000933479981	12.1430341473731	15.0782506157328	3.25643385791166	9.55261048058926	21.4170628177683	4.97585462766279	23.1681266355365	10.666906114199	-6.88133184057338	8.80747351196494	5.69828739595203	18.9394966490681	8.94675459178438	9.41708835747848	39.3417672589298	20.785783558939	73.7631413870371	458.02030788318	230.997723319431	-1.39523380710655	14.1146443641663	7.29061500775952	2.11527882807369	20.224585331701	16.829671463298	17.4526644977803	37.8224650659042	61.6024978898846	15.7601806157548	19.4649432096816	12.7336192632323	23.1131758818726	22.4371188329026	30.478369520587	13.5959218205656	26.691718077524	42.7361880395461	39.5080550815492	53.9776715287871	39.7646785639042	53.2506587613	49.4315869683497	44.9059385727174	158.229414068885	155.06398853135	55.7548497410086	78.6533699465754	183.058171677234	427.844125130227
796.596	-2.43093151052142	0	4.91258107943188	3.23370220210078	1.99512115851221	0.365708803214787	-3.59366934845535	1.45964443511542	0	-5.38555381639231	-7.39723060761443	0	0	25.6340394876778	-5.80467751308446	9.85179948592964	-11.7177368834958	7.30888419512105	3.00572245480905	0	207.15774086249	442.97280059167	49.8995400536401	-5.21137312384764	-2.24658944249368	6.55300124583371	-2.58572667765661	6.86739643737986	11.1435288639973	6.77276769996944	30.1528416586138	30.5396229738366	20.2792821955023	1.72420558778948	2.23644186950926	6.12162496790225	21.8622914918035	27.3638253418067	-1.10798120456409	-7.68414935116545	-11.9876495834246	-0.682130371253163	-2.25967660028791	-31.8885733484991	22.0997648870624	21.580500649202	8.57706690156732	147.465886215351	75.7338233740205	23.9140307511336	169.669844544098	-221.995198875778	-174.332882824615
801.355	17.837370647301	4.22079415301414	9.75386533152143	11.1660405737645	5.51135569405262	5.99830028506488	-0.238634895652072	1.47005320540262	11.7709865462374	4.37563028145275	5.47345505482332	13.3487249398569	8.69867871103609	-5.16336732559094	-2.14753623085016	18.07231078013	20.9800825476427	5.91509256248017	-4.7569599879817	45.239160738337	346.84910045913	230.033318107882	12.2471082518092	7.36158238483298	15.9029155946753	12.0680793662649	-4.83630749784882	4.07571689070416	25.529227468732	35.0797603836604	44.1057050871532	19.5017578136962	24.8004431920282	12.2795424460125	3.47511601031545	5.69102627789094	15.4413295798823	19.5335468981922	23.433527319615	35.718208898794	6.53583187971283	29.4426284718706	48.1167118441076	4.46399607559365	26.015094939993	46.5736968788039	62.935677425621	179.109108434293	74.7172737755725	100.639064544594	231.908253221632	114.983101855398	1034.64461621284
806.114	8.91868532365048	-7.50363404980292	0.424081101370497	0.398787163348731	5.16689596317433	5.05120024005463	3.34088853912901	-7.77028122855668	2.82503677109697	-1.64086135554478	9.1224250913722	-4.69009254643621	9.45508555547401	-8.85148684387019	7.15845410283385	21.9702601640797	16.4843505731478	3.94339504165345	13.8384290559468	121.551684408057	333.78595251976	57.2961216689375	0.422314077648594	-1.63590719662955	19.3937995057016	-6.788294643524	-2.23214192208407	-8.89247321608179	11.8396417246293	31.4256186770291	29.2832960004869	18.4183268240464	4.01183639871044	-1.11632204054659	4.24736401260777	6.91053190886757	24.4487718348137	3.63414826012879	8.60823452557286	-4.59234114413066	11.4377057894974	16.4878719442475	39.013550143871	-17.1119849564423	6.0701888193317	-31.0491312525359	18.5104933604768	149.50429712284	24.2831139770611	129.024441723839	-40.6856584599354	0	-131.682042063453
810.875	33.5762271008018	37.0491931209019	12.7224330411149	14.3563378805543	12.7450100424967	23.0461010952493	16.704442695645	12.6004560463081	12.7126654699364	13.9473215221307	24.0223860739468	21.2858046338259	27.9870532442031	13.6460422176332	19.6857487827931	4.96102648866315	28.4729691718008	20.1113147124326	56.651068947782	281.488111260764	226.578048741483	36.0753358656273	22.3826461153755	29.8553063384893	18.2301715353595	32.4329632968369	22.6934428745214	34.0878139949802	35.518925173888	51.8888122341643	49.5285376798359	29.9749240469774	26.624005191442	25.6754069325716	30.1176720894006	45.9347121001198	25.7355492998039	32.253065808643	29.1723503366636	20.4104050850252	44.1168651880616	54.1744363882419	26.6592592649785	50.5919555233947	79.7796244826451	90.0424806323541	197.445262511752	140.622853729404	173.717661528206	180.634218413374	85.4398827658642	421.604706803124	959.397735033728
815.635	43.0195409729023	-11.7244282028171	4.66489211507547	-20.3381453307853	-12.0560905807401	-5.36690025505805	0.954539582608288	5.04018241852325	-0.941678923698991	-7.93082988513312	-0.608161672758147	-4.32931619671035	-1.8910171110948	10.6955466030098	-4.29507246170031	4.96102648866315	9.36610828019763	3.94339504165345	112.437236079567	290.170374432768	66.667099828508	25.8893586800384	13.9363645624036	-2.45386079494433	7.75751980228065	0.377127480195778	9.30059134201696	17.4144267148268	9.98969770515601	33.6181037010079	2.89217738276414	7.22287326433191	10.2119471967175	21.954333464083	22.3951920664773	22.7641051115638	8.57851643326796	18.62500983316	18.1729395539871	-2.55130063562815	11.9823584461402	1.17770513887482	-16.9058717290108	10.4159908430519	33.8196234219909	20.6994208350239	127.10538774194	100.656358458942	78.4531374643511	139.346397061746	36.6170926139418	383.277006184658	-319.799245011243
820.397	-7.86942822675042	-3.28283989678878	6.78529762192795	-7.17816894027716	10.678251657227	4.4198002100478	-1.43180937391243	2.73009881003343	-2.82503677109697	14.767752199903	3.34488920016981	10.46251414205	3.40383079997064	-7.37623903655849	-16.8223671416596	15.5917975357985	-3.37179898087115	-4.33773454581879	199.359868587233	173.645263440082	24.324482369861	4.66857287672824	15.625620872998	12.678280773879	8.53327178250872	3.77127480195778	-5.58035480521018	0.370519717336741	14.7995521557867	24.8481636050928	-1.44608869138207	9.38973524363149	1.45884959953107	-1.11632204054659	-14.286588042408	15.447071325704	-8.57851643326796	20.4420839632244	-10.9994107826764	3.5718208898794	11.9823584461402	-14.7213142359353	-0.650225835731183	11.1599901889841	-16.4762267953289	66.2381466720766	118.467157507051	25.1640896147354	3.73586368877862	-28.3853771792446	113.919843687819	199.304043216022	827.715692970275
825.159	2.62314274225014	-2.81386276867609	2.54448660822298	6.77938177692843	12.4005503116184	-10.4181004951127	7.15904686956216	-0.210007600771802	0.235419730924748	-3.00824581849877	-4.5612125456861	9.38018509287242	-0.37820342221896	-8.85148684387019	-2.50545893599185	-3.54359034904511	7.86753095536601	70.5867712455967	230.928784871111	69.0011441564535	5.40544052663579	-20.3719543711778	13.0917364071064	1.63590719662955	-10.0847757429648	10.5595694454818	4.09226019048746	21.490143605531	9.61970890126134	27.7714769703978	6.1458769383738	7.58401692754851	19.3297571937867	8.186361630675	7.33635602177706	21.1380976035949	5.14710985996078	-2.72561119509659	-4.30411726278643	8.6744221611357	22.3307589223522	21.1986924997468	7.8027100287742	-8.9279921511873	11.2732078073303	56.9234072963158	77.7440721140024	32.5652924425987	22.4151821326717	59.3512431929659	187.154028915703	-160.976342597557	-489.104727664253
