Wavelength	500	495	490	485	480	475	470	465	460	455	450	445	440	435	430	425	420	415	410	405	400	395	390	385	380	375	370	365	360	355	350	345	340	335	330	325	320	315	310	305	300	295	290	285	280	275	270	265	260	255	250	245	240
248.336	18.4414516264443	8.93666114399841	21.2792390480733	7.99753670836212	21.4333604730346	19.0003975385766	3.11320508472139	-1.05344795336054	11.8013228872956	3.83997769520525	9.75664657691194	27.8660084770727	11.3847088382032	24.7916721994445	16.1605354630605	17.4093350824523	32.3104204607111	2.7670808277786	22.9801376369346	15.1178066532107	14.4497842172353	25.1091923658433	22.441073060939	20.0903183435792	28.7879479287526	11.3415703401908	26.8251505188818	18.1846107394622	25.9356733529727	31.4699569345395	35.4996431935965	30.7442145147037	33.6095678625565	32.0405084492534	33.2226851718049	52.4985875911893	60.122524734007	65.036956527342	77.5841405723525	92.511788146157	125.490518445972	157.495040636088	411.858307802712	717.566423183792	925.649221721597	1000.8853171337	1030.4806292336	985.31992449178	1128.06371547651	2497.39314297919	50985.9674989565	162362.579296068	56148.3792818682
252.814	66.2622203941025	14.0835235651971	8.66532062483466	6.70507914271524	21.116327107524	22.7568587473406	6.3101064509295	2.01875071075776	15.8306352235318	16.7540755062419	12.0507523412911	25.1397908048833	19.0897213881137	12.8522345387951	12.9036957276845	4.68088978737108	20.6991073188239	3.31414473893946	21.2916951219521	8.23030125549715	32.9906478918834	18.3498643974089	20.2851100232691	23.5711950705924	11.6484629752629	27.1676962211693	9.37084149591372	5.3338254736969	5.32513178493045	21.0372302816475	9.11101650182543	23.8263102018051	21.8773508512606	20.9724144811181	51.8207779344829	68.2394583542434	81.2673104865808	78.9844868166337	101.526831256691	80.1935469031489	165.330593545119	413.295915949955	772.708293023224	1055.77212760116	1195.05624799363	1183.85777776497	1169.0968739805	1142.79882361268	2464.27462625653	46305.3056344499	176123.462895032	72489.3815841399	3330.73659925219
257.296	-6.24382614620385	-12.2621920396123	-14.1210783613343	-8.52947880251834	-15.1573767432627	-1.1257875320761	6.5270352392419	-2.74637291371232	10.3487085306981	3.57533791018917	13.7296015733576	-12.0078654712441	5.84612057456415	7.89273035552386	11.4902833789972	0	-12.9111789013356	1.87373228215599	-17.983264952071	16.8290764490101	-3.21060129398459	-10.5906781396275	22.5789637577851	0.971727462521151	-2.30500958519744	-0.44799759083032	0	19.7899266872442	0.439059350318392	16.0443882997221	4.29261219396563	8.14370099316874	13.420247882121	24.2821635621688	54.0184389271311	40.0276177826064	45.2921485747894	93.7771787990591	89.6682654269551	95.0915432408719	314.873260559533	710.886582062752	1010.0950413495	1173.50392140362	1131.92660454864	1209.41637915321	1133.28328960091	2092.56949292674	35453.3278312822	156197.498596731	76815.2089143886	3608.3926099852	4461.18411714092
261.781	8.23659889550405	7.35262722254589	8.69986505088464	3.36590451886694	7.8982283405953	0	9.79085911701425	1.01339924483781	11.0688576235052	9.56480608331836	7.69923180718537	-0.870345204988834	17.7968354930208	17.7978898727501	11.2277849644197	5.98124573739194	11.2943612008952	3.80269328559293	16.1627760475957	28.6454530978614	13.0316717063796	14.3290127534824	32.0764136299164	15.2837504459298	12.1626957311144	8.63740020116127	8.51217958720786	12.0489499037773	4.90083045818735	29.4815291417737	16.5523253636018	24.7911593733387	30.7503913177635	59.1360598631185	58.066252472675	81.2350594744813	74.8780769011148	100.62815289223	106.538646023284	280.874431409612	655.429631075562	1004.37612471117	1165.25030863133	1188.11054728918	1221.76829037768	1303.31922340187	1927.0423693328	27723.8702009114	141735.649716243	83416.6834443784	4568.37488996944	3310.20879632307	20018.5909757144
266.271	-9.02174378109666	-30.4882820423825	-14.0535242393141	-7.82495093382948	-20.7171520029984	-30.2093536812575	-0.878660346516764	-18.5528643688333	-12.7013171062902	1.00636914888263	-12.6784133270494	-17.2617189225756	-7.42601889418686	-25.3427908299509	1.31764943876031	-29.9826896154392	-17.4607602357188	-11.1195454708701	-20.6812486802914	-20.7306044295556	-33.1358432878267	-18.2173067188388	-2.58924501179981	-30.0868958505436	-30.926283962972	-30.5162571073146	-19.1379032772934	-1.36164713780091	-20.8445590942521	-20.139357208202	-0.886060347768248	14.1556510445579	13.8507148657458	45.5655211543268	26.9306309806632	41.3115410036908	56.724192652169	102.903772047275	195.046232743688	540.716972605624	926.206740960356	1168.70803496303	1130.96337707993	1163.75648132694	1174.61219221925	1779.71339751511	21098.7540372664	114214.965870659	88086.7765174616	5665.62761774068	1868.56529178275	12235.1006558647	25959.8141561314
270.764	11.6062363002722	14.9653501229928	-8.33293349396947	-4.40413476636073	6.3457313440169	0	0.293059782370591	3.35180138177874	1.15534722057646	-4.36350886213017	-4.47737721828187	18.1576541750966	7.4304052401053	8.15070861070906	16.7000846836844	6.08703759366809	10.5745973172119	19.8335066413804	1.0612033090926	-3.36370531291766	-4.97331235840065	15.62405758529	-9.84494274999575	-1.50523336778327	-1.90428007825575	14.8045004724209	10.4864707806326	0.908300950307785	19.9500509084168	44.7805621661542	13.7420476497896	37.6231579370306	33.9766485119643	54.7109225512378	50.5838523478187	70.2213000781512	96.1727661890087	201.476587697483	531.565847379531	858.777943733846	1111.0362869675	1216.3186633005	1208.18997909584	1231.00958381968	1702.86417334127	15415.100767098	95177.3838550758	92126.1693310192	6785.37646487453	1650.01985000209	7688.63883755233	23308.4131067641	7500.84485019632
275.26	18.3037881029809	9.5782580541853	33.1371663442106	1.4370220211617	21.9477684844313	0	0.860600423947181	1.76667653825757	11.3093228486393	8.54259734144798	6.57414112072224	1.73404336139979	20.0018088255123	9.30821133788542	1.72075542061462	2.12800199531139	21.1523166123492	-8.52338748546605	15.5816675067403	29.0848372927792	14.0637343211243	-2.03918508411251	19.7810016541597	0	21.436443943452	9.05728124809431	7.58707740130808	21.3385590225552	31.955668437966	28.0539225395691	28.6389947611919	56.3253307294576	57.3274097133051	72.2989324654863	84.6843759241039	83.849847715729	172.333577313165	484.875344477012	811.191274840963	1105.12557361055	1137.88342367426	1136.91393013008	1208.41923914017	1554.89080189079	10985.1597700492	78163.9357176198	93115.760747623	8365.21351700276	1595.96242382399	4457.94195928458	19422.1946663519	10951.9797707205	113.3076558531
279.76	41.728015579473	19.1726212972112	19.33047188264	20.025642639261	10.0653839758168	37.2498536510588	19.244437844775	9.32434718512302	17.0429251983022	20.763749581345	29.4727355482283	14.7517601943048	18.1207550542932	18.96162068297	27.186190090183	-3.72409176233822	21.8779145861986	25.7812275497191	14.6442290682083	26.6769767900224	41.5460973538572	2.97388206964342	30.0807974164257	26.263051645984	33.5276001332269	21.5744521206168	8.67823540385507	31.5516843737121	33.2262992926134	43.4699988690059	55.6882542125809	63.1869648578726	87.2209317988969	64.6515551801776	84.1336335917948	154.039829719595	430.62980507032	760.094925577157	1077.59810990825	1160.17125102236	1139.98011530277	1144.51734390334	1499.7174768685	8697.25051794572	63761.7459633137	76088.7366043456	10412.71782895	1700.57599252231	2896.00842931139	15031.0988054743	14539.396869831	1674.66607458605	1696.50761450109
284.264	23.9449821789607	19.289768518573	10.3779690683386	11.5239985911761	8.4299473363105	8.07314727722415	7.43234758994673	9.34128608160512	-0.784847980955923	12.7689021382596	12.8421516418187	1.20339692243235	-2.94443733202982	13.1245553455583	12.7378700273013	12.208193386911	0.416435514922563	6.57231948111814	25.471600089079	1.52335002347139	20.0205026385124	1.41516014484783	6.10119217268252	17.2694273660649	15.0921333948064	12.5712016460331	13.6278458680212	20.5675013898627	48.0495087196247	51.1059945755504	49.3863154156794	53.3211759749766	74.1019766757808	49.1418510764895	108.332908385821	333.805302292346	654.03276970152	1022.34087509627	1087.68590223099	1013.52028019629	1048.66258384459	1202.37781015715	5871.8030217548	52023.2215499468	60681.7718679588	12229.8348646677	1744.80465738043	2069.15692430409	10648.8830742667	16078.2516063605	2916.0216966297	238.64728039651	503.255085318094
288.772	-13.2511249386434	-17.2505990823485	-16.9466606645293	1.25707719810729	-2.17352318248064	-3.98205387011972	-11.5434774299286	-5.51947201516724	5.68856824048533	-7.76030656173758	-2.87546146763935	-2.27535800222058	-9.94157354631452	7.36714244088661	2.25792197779836	8.19074174531364	7.87387655415223	10.7698982657481	-4.99785772406271	-16.8018591167037	1.89271760787548	-15.1626146230044	-2.66215567482714	12.0299332458794	-17.5291917590474	4.75387359392853	-0.39041286367014	22.1665054650084	24.4598891722432	31.0596933670936	37.5792020868661	50.0302709454704	53.9769898540709	85.8891048556025	253.005955693096	587.227380388089	899.57300797988	1045.62327835961	1010.72231201644	994.591748817358	1028.55776812972	3770.50832612296	43039.2748306042	49211.8865786876	13572.3746476287	1728.09883289512	1771.22742005441	7012.94083662287	16085.7579828444	5054.98600185122	616.422129367225	209.499336463757	475.772151395501
293.283	-38.6347109213092	-28.8190242519172	-3.4198245337141	-18.8778204866303	-21.5287103958549	-10.4967082082541	-9.38116410950006	-15.0255084010854	-15.1728935227727	-16.2547548981838	-17.4563402496989	-11.2686912823241	-32.4001743066362	-16.7251984515597	1.44288251853983	-21.7692610282424	-8.67960061501027	-32.5585762329007	-29.6151145060441	-16.5655208384301	-23.1317935194243	-22.656058083309	-17.8626047256706	-25.5334897558634	-14.4580079878001	-6.45548096408153	1.87114491180956	-9.31913676050088	10.4204210299196	11.7618442237295	28.3805143806249	41.0535452216913	55.7758807213262	170.644988415038	444.293043848284	833.086000214513	978.749194037831	1023.29284668853	933.708305710381	935.394088140075	2463.43167391536	37267.8221658458	41172.6808156507	14567.1083930195	1460.56376159207	1551.2416264373	4475.35253722473	14510.1829735197	7410.20634113406	824.036808409679	389.809693330144	-177.643957508322	209.02284807872
297.797	-11.2719062685676	-6.40320423428505	4.5522531255258	-0.388842632813264	-7.05936279753061	1.53967504262361	-8.84902870614169	1.22925492882275	4.819784402111	6.40117258128074	9.78390356809264	-6.68629092654687	4.4282236592482	2.15888693031579	0.349213368859116	2.07293165358135	-3.28801883241823	10.7629039642222	-1.6864923509088	-16.4825423174967	1.75638210348521	-1.65534435497134	6.17599076125042	-4.38562053925493	12.4836204840322	-6.98478697550332	22.824320080105	27.7872956990651	27.3817189587377	48.749020397068	55.3025546054151	66.4743208125364	173.002225904446	414.452344782055	732.894018802635	983.008174061243	947.943951306781	1001.70538210625	881.568739411644	1854.34858899336	30631.0831293334	36079.5240579774	17033.6471021091	1299.16328804733	1313.39535359884	2801.79834778092	12053.3823666228	10009.8716436812	1616.24943974739	777.616934025938	472.711177499342	710.339704014872	496.689204793158
302.315	-6.5387757324587	-3.14300998261915	-9.34415331475167	-16.0325117672687	-3.30008107128144	-9.37128533832387	-6.8582239722472	0.603379241253432	-2.92907216246434	-10.211541426565	-3.20161650931439	-7.60033527817425	-10.8679581792548	-14.1291826717985	-10.6274961694503	8.47914658831855	-8.96623665556277	-18.4903833726529	5.7946982017142	-16.1808972968418	-15.0870892048581	-11.7816132062602	-18.5930917423499	-10.1763050439193	12.9978961741838	14.7965962348747	20.983972729884	24.7988761355461	37.491376296068	35.979982892679	51.1782767151015	113.251600990586	338.277308061663	640.531793496753	885.799259698275	926.557387250918	909.278131549304	895.238732621923	1430.04832606098	24566.0527651724	32744.5293454623	21598.0708694121	1166.4283188619	1103.96058766819	1717.48601123762	8563.45327606925	11675.9206940819	2612.13809377793	890.825237265714	746.092329412121	623.946416411379	359.680560758036	379.243943175881
306.837	-3.00952635166384	-4.02980507991435	0	11.0393648003585	-0.987278487511932	-15.977438240202	4.78744187477022	1.00284294677354	-7.63940344656817	-6.00548854208803	4.93422963298456	-19.637162592357	-11.9215974698568	-13.7377454793476	4.10245966204333	-22.3228623106332	6.43778552546217	-15.4286349180399	-12.3827712813366	-6.10552091271306	-8.16741879101991	4.45649330127071	6.04614905732217	22.2477161421872	11.110154134748	26.2720908132856	33.6940423201809	35.3287091672665	19.0464082184267	43.5439227653201	114.142070620574	317.464550936293	629.815568953057	878.864840654212	864.587095680903	894.54394965895	899.806357266508	1243.883305157	18720.5187255488	30515.7197221857	26871.7385944521	1252.21910400813	994.452663938441	1268.30345844054	5553.52359015791	11836.5075596587	4060.3587725113	1231.81506476746	940.086021017614	684.895382359768	606.660502629024	702.725850529802	306.155517260126
311.362	-10.5200316004997	4.47190305640416	-9.71109093816951	-17.4885888762507	-17.4198791784084	-8.73132442597177	-6.60287486757107	-6.20976926478743	-15.7083083898553	-4.6940083890196	-21.7411518218095	-5.8492967034582	-11.18492451486	-15.1276045834242	-7.17023216304635	-16.2142935711166	-11.4304894442788	2.63082848528995	-5.77132434186983	-1.30667262241591	-3.86388847827343	-4.85548557879817	-6.84364324104692	10.5250748454592	10.726244119733	21.5662123197516	7.43874473825061	24.346005171301	38.3969453797883	78.6279271764302	289.988445592172	567.756662820891	914.527249896942	858.272213329676	865.698275214536	837.696112585962	1081.58790623349	14942.3301508864	28573.0236961345	30061.6730753427	1445.22305099767	791.322155812567	943.629145041679	3452.25544481663	10560.0115434768	5683.96856359016	1489.57963299971	1139.96426248901	876.542406901896	804.596324868509	617.545691657805	467.891893004198	413.686981945754
315.89	9.00806770692544	6.25434455266628	1.21266102931054	9.87487647564337	2.29841631588274	7.51940580322937	-1.5921885488377	-3.60203278856331	1.79342307337251	-8.85751018543195	1.44794703784891	-2.06237372664865	10.4527544560493	-3.51449634131252	-0.34109496610272	12.485901534258	0.356842222549384	-7.88451851407554	9.8837118374665	1.30535362287068	14.1532898413193	0.808430714568476	18.9015615702916	18.302932315094	31.7767529311554	37.7027746471716	33.2636269934478	47.2329210388245	91.1446809808305	240.163952316541	528.471054799168	873.27715578573	992.022069141656	860.590595707338	835.471014755821	958.22282849622	10254.7198273138	27131.3381357409	28569.6539991227	1758.8099421277	703.22613467624	724.973237978964	1982.53000275982	8603.87942628233	7130.03775350153	1746.61754266703	1272.14068218383	1079.61779047663	936.170518601628	789.035805311942	675.122539029053	715.736242747266	970.284660212182
320.422	38.0949445934942	14.7659816506509	10.5265517930262	-3.42369801094672	-5.59080306518285	3.31383451510739	6.60676822334691	-1.60346602002434	6.73610173884798	5.47957222186832	1.7403177116168	20.3124704234238	7.58135202490717	22.5287806632675	17.4236887135634	1.68998481845311	15.011363563221	7.89713922478892	11.9619352821289	15.253502787969	19.3308340145811	16.5993576970469	31.8215650953516	28.8635106394652	36.6387693579885	43.8771551064018	59.190612880136	68.4914488821392	225.935363351479	461.950365234449	782.603419393779	928.697026764987	950.515331865011	847.791031370341	915.086864051591	7468.9896385645	25651.0768204431	27165.68119147	2395.54986531419	676.35129385774	635.837094369243	1074.04938188141	6165.41386232555	7866.96533833195	2176.25314669077	1374.46857839401	1222.45763034708	1071.46417814707	953.712809112519	595.801595918832	788.903738486852	863.184350600035	701.882848465178
324.958	1.03445451026499	-24.4710104210007	-4.17773060329614	9.81342477227058	-13.5741583884744	-4.04118871920527	3.76130632155516	-2.89551258919924	-11.3530123705942	-1.61549738325341	1.795792642853	4.61829567888333	-10.0581655608018	-1.45293221093661	-3.52531212946073	16.0434689631271	-13.6458384313694	-0.776082951750595	-1.70251555956327	9.89354355625654	6.20574264886963	11.2797334983305	18.7040048436896	16.5017095068962	28.6414232128469	42.6780058578054	56.6885973968131	195.266193870342	406.262749459315	745.366965223868	856.621666394927	890.839529264082	872.153673216769	877.375571753279	5160.79770774975	25050.386084722	26434.170608103	3473.42648732874	632.316574585915	573.48105223256	665.745973709796	3796.1984613187	8297.07605436581	2800.02618761813	1249.93894462327	1326.64817237244	1220.18618880943	1112.90190688567	905.016681248256	785.005000968806	593.49537571173	384.963340899572	724.256293551995
329.496	-21.0491440269024	-6.57653468032658	-10.2010463255868	-16.7734703728689	-14.5009100320071	-0.94881180831597	0.478345577947599	-14.7295170829095	-4.71452641408447	-8.21806003979679	-15.225374664768	-2.16861610723334	-3.79007725425927	-8.49975178360447	-1.43466536259379	1.41936301586114	-21.0125894097122	13.4230161077181	-12.1250119777992	6.86299203586349	2.25490773697873	22.9520711288323	27.9099510399437	28.2544734507431	30.6939986066482	53.2375961674741	137.304074867409	361.376521901942	704.183208780379	839.837206276967	824.136257363659	859.382106957142	846.832721362277	3665.46144812221	24179.2799285172	25472.1141825191	4831.5642495464	620.472104029907	518.483106283314	519.142808827686	2075.04445951765	7415.82964544419	3926.55302699806	1160.19055563544	1229.15732873288	1263.7588927136	1183.42237975632	1061.13245287567	870.236872930852	589.30732269869	567.104992880293	483.818860916979	642.391276010232
334.038	-5.82565129306354	-6.14596076043931	-10.6942624655424	8.03861044502701	6.2545464849548	-9.548989875443	-6.25838775716676	-2.11771649946216	-2.13514777856497	-0.275692789051198	6.74214388878294	3.27379356003931	-5.34014992385325	9.670058627035	-1.08290218107414	13.9275732821979	-3.39868886527366	0.397327428173826	-15.6893155419326	13.3535760962521	15.4317451089756	30.7990960074111	31.0681469795713	20.6056103770146	41.4485741200821	130.717917190231	342.279278390329	682.254447289018	860.272833554961	841.547159362419	841.438925087915	816.542828432686	2691.19126052671	23433.30188842	24297.904398361	6473.71850853875	597.838236689221	541.253372742136	477.041689554609	1154.37340812425	5749.01450253434	5030.7438971483	1201.30925997169	1080.0051412077	1199.47751343755	1276.03669510423	1197.22439224743	1036.61796488055	873.93646451883	639.910814199347	550.212966458756	270.51268895547	703.557817901482
338.584	-3.69858776739464	-3.77331017308475	16.6441463429197	10.0248315716988	6.58662607567466	-0.317557421433515	7.20437753094026	3.59172295531687	11.3609004811581	9.07664678855913	4.28045031510182	22.137302738245	5.32769726015197	18.181844026148	9.36326705555089	12.1136731371117	2.26050898867673	17.0452388168743	10.4351531471736	6.43152129679756	8.1506964254596	29.0202049028128	40.3368690213587	58.7946223930497	110.791937776578	307.077350164874	586.196801221854	832.128808618501	827.05706780253	834.447441230401	768.642519991074	1999.60078253589	22890.838688263	23344.6599273844	8465.99578215152	554.610637838656	504.285985151915	457.441892667069	660.826122856907	4017.81554373324	5868.56203427297	1465.18497888784	916.198540669815	1072.25616578979	1114.75186238087	1226.25739537809	1195.67162979863	1011.87980362075	873.777628973998	703.29855003518	884.842272209012	863.622022503504	2067.81011685451
343.133	-38.5356033026105	-7.06846630445299	-29.4203220797583	-23.6368990940145	-10.3903954415151	-19.987764772481	-19.9138262814719	-18.5753923027219	-17.9715909027494	-11.5414985017333	-18.6334242942253	-27.1930265164059	-2.6614049264459	-5.93148237086117	-16.9103787111202	-2.13574598093114	-15.4326411620771	-2.37622356637707	-8.25358446188167	-3.21281064370209	-9.95282360906305	24.7298207746728	5.93892757095898	86.673320873964	264.253607994364	523.825165731213	787.597573493003	817.608506678973	793.261273866157	755.95962578999	1346.06796520817	22649.0835378047	22876.0616772453	10489.7677917116	525.978484320795	471.333150488414	437.99504266248	449.73176993461	2444.63694329763	5831.98417146227	2125.85316351146	623.476837973019	837.010720965338	963.77200474687	1062.3531409927	1069.26320597936	990.321053276046	894.98945804393	777.230300201461	528.93464261546	270.120447304055	146.37290769568	37.906664111872
347.685	-16.961905337213	-0.946344544869686	14.128551088837	15.6887539142745	-1.04331975512023	-1.91143830539101	3.13188155110587	0	3.56163610397086	-7.72602830394492	-4.60086459081184	1.09220180986442	-3.81766899436068	4.83918213240172	4.33532915396573	0.357423992565448	-5.29139023423205	16.3044164419052	17.4475457051799	14.7476364319719	29.5272048764009	18.4097031310467	84.7653625534291	245.417372194698	492.722411093797	781.558263928235	789.342769938281	815.74978437585	795.410830801616	1109.52870566235	17706.8948698024	22766.0353091082	13955.2034002345	571.943434622456	427.101964792291	433.562255213611	417.766147763087	1459.07054087379	5204.26867709187	3090.74251360895	587.30602020388	605.869319612722	802.434823693706	938.50750066461	1068.47812650546	1066.3640566508	1015.53158588437	943.460802011497	853.950974378957	682.116398479127	542.466358514532	920.533112155694	114.188449538518
352.24	-10.7473252360174	12.9517600757626	17.3615868446783	14.273734932208	10.9295834188787	-7.42818326516885	4.64046302320029	1.50412682299271	3.85144772756194	7.83252940651679	3.42047654704974	-5.90537333944853	-1.54811779021878	6.41539315290839	2.56380275270494	2.53645686445886	22.6068215762773	10.8850619754317	10.6128330959587	43.9183521907347	46.9737131951024	76.3900398789223	229.300820003411	458.71263497051	752.644090924955	791.946259358839	784.644732815123	768.32913781943	971.126818717059	14671.2180954254	23159.3125192819	16770.1269526844	659.092349842472	420.241958372363	430.625534279926	413.390587751275	806.75587464965	4085.03239905457	4051.51700573405	791.286231142725	469.644089199022	540.827354758857	764.314202138111	965.12347500518	1017.61161948239	973.168782099702	1010.62837301049	973.113494525041	737.679611535591	601.780048909811	804.084938429119	917.537989197788	1061.15629432585
356.799	1.08670949487438	14.5512181357536	17.9939434950228	-3.71129231659576	5.34744398834361	2.61250921400089	5.68000373631179	2.60723832870696	6.32834930951659	4.80845984919148	8.80369590938516	-2.61239284919647	19.9584704818014	29.0002016076613	2.22203497135864	39.9364087632721	16.2723342057854	23.6433061281569	22.8035960196589	25.5108549371103	63.329593199681	196.614323281913	444.063532676484	731.887302903251	787.509306667054	779.719396787094	749.589245575325	894.381995319257	11321.8359912848	23683.0176611792	19817.0820313994	836.623686485893	395.190954927076	418.393794292196	407.538197009009	565.303808588679	2759.01224048226	4560.16823068101	1258.87955725721	455.922488711138	459.686278756399	533.471989670991	741.246526939883	899.806494144632	994.892639655424	1013.96216218607	885.553885535934	876.839718718027	687.928882440203	733.919964903154	619.26284396328	832.607966204886	487.719077354078
361.361	13.678473498193	17.0946533920472	0.441933225851664	18.6856980033917	0.358979083052108	11.1804921126167	12.9311838898046	8.09497233243008	6.6175162744384	-0.569640982732601	8.5484017506	5.26117370254262	-3.15254450022555	0.768478247994743	17.5271642295549	23.6122103550689	4.6816179508593	27.0918277739729	19.3604646781157	66.1241667415444	190.843054025681	417.179819473736	734.268312400147	787.649555250338	771.987451577407	758.062083780569	830.252045010375	9307.46891037478	24154.8975409317	21543.7193249175	1108.90912383171	374.839700808612	393.011647793019	433.300844991718	468.142101957183	1714.90677890167	4445.60973997936	2016.61323267133	497.311502595348	459.628508355867	473.652594135465	557.400788927914	766.033468447436	817.864530988382	921.495332722302	953.171044569094	868.62638214925	795.11409528842	756.932766434206	755.155668598692	759.32006782972	926.239740721765	1296.54569982711
365.926	-12.6226195076319	8.81837962174475	-1.32984780121596	-2.91553918191983	-1.44030067999339	-2.3088944140284	-0.748307726190116	-7.24188485047683	0	5.42811278456603	1.90544510429791	-3.76945562881741	2.37162772938214	-4.62494806272443	-7.10708368996835	5.92107664418155	5.0872385904951	32.9388466274789	42.0004844978999	132.174967308416	334.407169489519	668.461916226456	766.940951338554	726.423102812266	729.366965945561	753.682558558233	7488.09865093837	24233.4166692598	24193.9182298547	1378.22687709792	353.912047309661	366.565773414089	386.220871250102	414.832953911789	991.854113605611	3787.87522816339	2823.38927063221	626.253582468266	424.005471207877	434.945811413294	466.574318521559	556.645131375402	681.489330874192	798.63031629085	829.252714804429	843.72833549695	839.104351463003	717.169418059874	671.413667014825	547.205224615295	476.555954155282	560.644404367231	1261.09527370171
370.495	-6.53222321851975	-3.88744617121446	-5.7158675014711	-2.06561302001902	-6.42870941040777	-7.52474842663528	-4.45337837028243	-0.653005810481233	2.68229219152981	3.40043614343906	-0.629989487260531	2.6171872222068	-10.9777014691775	-3.8228189466995	-1.11305647160327	11.378905998579	6.59850866431398	12.2517399910218	98.5489833328008	293.913245582261	592.471979968537	741.734579873789	760.274166453877	714.592629712203	700.131876102293	6022.27878177288	24167.5215962891	24073.0087228112	2001.57026776105	308.489628602365	330.828479475642	356.4885310281	375.91283227037	634.323596091306	2826.87257687385	3458.59194634706	927.717861862416	488.193993139806	461.628160913544	469.96035023298	491.53254012056	554.561512281986	644.31078626586	717.471155021055	755.17141040905	771.511160587225	785.057756958686	749.671077901877	669.832089456785	622.97157945983	611.958533765393	532.258211624827	938.139186962932
375.067	2.16990608188874	14.5276989299295	-1.75266924830998	9.05738468915684	12.1012820132166	12.3893613615912	8.38295591384155	1.95226817737822	13.6082601140466	6.49504835120591	16.9511138720137	5.9615324016385	13.6748510344032	14.4766642192029	28.4700247273385	35.8480937260079	23.5954291010563	100.118146009415	248.202089819383	539.106990874797	711.77128035873	697.553756807501	725.83160406796	714.663468673244	4934.90540942114	24429.6044951923	24075.4365740259	2567.23991449953	321.57401555272	331.161971032986	366.237901135075	388.40308503184	477.675215831567	1947.04705682794	3791.97367277764	1478.22441819863	574.786305932932	493.53580983905	523.15118017587	521.490067893404	547.698535388326	610.952559491186	675.638064949001	754.124804617491	755.254228612217	798.752975756268	783.625175847141	765.421748081721	754.341120837345	618.160816483239	845.378552378711	965.847529290655	1285.49724493801
379.641	-43.3739118227113	-31.2550309358518	-0.844188681824954	-13.0877089026814	-4.4572333506111	-9.7363588361903	-12.825714818376	-6.47781012055827	-4.68181366331275	-5.98476066536699	2.41915682293307	-0.358928116688925	8.28031378213946	-11.7436861722379	4.27413188956169	44.752084159923	45.0871692186869	174.464574954384	401.649353837625	574.308654954098	643.56377721064	682.518130693462	660.991566715899	4002.59514282993	24184.5686436026	23502.3501793301	3162.3169342283	274.948890315379	266.048916435348	345.145054416852	360.70741122195	392.809548029054	1186.25270768047	3490.7464405429	2115.70991945858	622.798095230767	517.924182738194	530.011727653577	503.010834661357	524.158315216767	527.607710436824	548.759308694392	596.562422971972	719.810568728896	721.515609188052	707.732083112833	723.018207132195	628.435197413836	602.151246414418	510.782628287351	656.35641859514	480.461780178486	-112.576571757127
384.219	13.4835295834892	0.925880357333493	18.0118254505077	7.0843814398239	-8.50632109380443	7.79210203624469	12.4923295761375	17.8338338267248	11.847700026535	12.1483239622332	18.6056766757657	19.9468927107873	19.4225926588559	18.9381497732073	42.0623351215946	71.6874529776407	137.55940328202	375.451897542117	582.949105524067	601.948445872897	694.662006426705	665.591572565168	3452.73659491437	25351.2144331481	24053.9840721153	4256.40731487569	308.029380310505	292.214054995965	315.441464420018	354.40185041969	382.561110334126	762.191898562585	2919.67368391203	2811.81172276054	826.606858182446	582.004990244413	562.165254654563	577.005927571225	580.726750733444	578.018467571655	552.051224046206	588.123119080657	695.285575750533	714.328476477656	754.516258803198	754.405121882055	775.885517476024	731.728711865763	647.362354174504	769.253940436029	912.704777436475	847.649019155954	1042.71240497152
388.801	-31.5828240991243	-21.9281060365825	-9.31316457977059	-7.22874991359379	-8.2228418959344	-7.83372168407846	-16.1773015214831	-0.400918805483709	-0.898264078449981	-3.91449080985168	-2.32072635782813	-6.88648154653879	-7.58234115302584	-4.57675561706788	42.7106910716302	121.35674113932	229.489351706886	445.306321476242	520.618340503004	548.326001610256	605.348860395141	2533.14952040848	25284.9277192127	24484.1315843543	4987.59424643519	287.756588169576	225.449947969297	270.823686546707	312.684576914356	345.028289011706	483.891922700336	1994.94592890534	3171.69433863108	1123.68235927886	556.107254010374	543.636201851603	550.376804546378	559.074956486391	544.514183924376	561.187077679541	532.615487715623	542.707031181463	602.051073466914	647.276666921868	664.042277617966	691.764666359791	634.820429062953	574.62821608706	634.70291020718	625.427064635106	621.877174877206	607.23430871992	341.987538978198
393.385	-5.27664806404129	-25.6927934090334	1.16237357499945	-10.921590421874	-12.5891658349719	12.1087444076374	-1.52616258859897	5.17899185573074	4.72739350235921	4.24510045716906	9.16015704731428	4.61264954943685	12.78323526878	21.5600307902513	113.451722003327	268.474215008545	377.275023919046	448.05521983688	483.560957807646	491.313301146275	2170.61945103801	24337.8651742965	24214.1650690142	6047.80459721229	270.943544772504	215.80319055147	250.325111007968	289.214510162665	318.089669620897	418.765947825357	1287.49664438356	3066.70826374199	1584.80703609061	596.969303935604	538.455546249724	555.760341446002	575.122331570897	583.823630833343	576.841062104644	573.746384331923	566.770329040722	575.690140137102	614.058131559176	656.673609936286	678.926100474275	669.486192600325	690.685816085682	609.290086446169	609.037087035	768.096146343163	751.261331356292	714.05787383246	86.1155772609393
397.972	-3.25037951904706	-1.24351754746712	-19.1278095313426	-4.22879338019326	11.2722153223617	1.11629865631225	2.74357416404824	0.371348820184536	-2.49603636335366	2.65890196281945	-4.29911983754851	7.97320667723602	18.3938371132353	78.2620524696893	218.690669223759	564.84802025995	355.927542489044	425.003600563321	434.456394781959	1381.54115086215	23376.3380422347	23529.5408825989	7268.10319536434	285.447867675285	190.274655918693	201.565538874654	247.893760744538	291.076342362556	319.335584532643	827.491083485021	2604.93592054466	2081.45310484221	649.366638513666	529.595503152449	558.668048680717	554.109206846601	561.63226357275	553.511724193526	582.010980974391	554.029111571128	554.878451826479	567.658614977753	608.184973826563	671.113060691376	631.150626493985	600.52535394016	622.843281235095	663.019220128916	604.403816145322	732.105395277458	759.61356262606	840.282878909905	66.6871708214259
402.562	4.01791155579341	-0.797044353371361	-1.80296334406296	2.03286388607215	-9.08010929941317	5.90289314826437	2.23196750648138	3.03474919271664	4.59959219567066	15.8030306553953	2.84167289026257	20.2375893434399	54.0182808989234	142.963991400149	400.128779540273	780.583604213835	345.704304705135	402.586378750976	960.681113808323	17342.3958431104	23981.9797682761	8625.99142551111	321.44491763588	193.498114465657	223.480423869209	242.161186140275	261.063396767286	299.976412820119	511.075064536371	1971.2832182531	2437.88535607699	843.687260088349	543.538631450967	537.268412035477	547.272160544544	567.224022278885	564.71808313366	554.13280596334	558.756622048748	546.956332625829	525.622982263503	527.277069480226	590.254438506947	623.768687684703	628.169241917211	656.460214793211	623.951517529714	629.908857416484	603.325302599272	706.067590305388	830.698310369652	710.153379119595	1330.39996403696
407.156	-1.77088387738367	11.461005505132	8.22464115185159	7.05583757066853	1.74282131311728	12.5058244645506	9.25604044830425	10.6217814939991	14.6755856582411	2.30464320532417	14.3463577164391	46.5241560599602	122.443273269963	235.35852358932	716.65457897316	736.475471492045	337.146336075272	730.385374154216	13982.8621160128	24105.2560563171	9900.83260489517	356.873505493365	193.183759258771	175.00783169608	197.432643582661	238.240851482093	277.048609697585	376.996452111876	1373.21828904049	2602.72146101042	1190.08423734436	545.217702071659	527.045888406359	558.468691972739	567.3887768887	588.835641644087	593.217590471324	577.037653222195	576.240781019462	559.584852008606	562.96899563311	580.38415840831	611.627436621104	629.223474729162	637.549793714109	646.642051330312	656.136040284813	750.600259284646	771.500571864101	689.321615470094	889.004745018107	807.621556770748	1144.48171382289
411.752	-22.2066339955171	-18.268590756739	-14.7713734688343	-19.4968188849066	-5.14229021141974	-2.35526319695064	-10.8846023505271	-5.57158238830167	7.60695408397633	2.9466565386945	35.0228024622289	76.5613361653478	183.460274366532	257.471171426759	993.012393072643	496.201768900986	498.005365093845	11348.5171574114	22384.5137568092	11959.7945590298	415.328799650986	164.59327418111	170.404951683548	192.791775983939	219.254675170216	257.43325430537	305.426589317877	879.881074291572	2360.69219992125	1584.88354457122	551.707320698918	500.064375020817	502.962490081976	546.493253121237	565.060624393187	539.109432711525	568.534972770389	554.748362582681	539.039444274476	548.672446156784	524.833510713312	538.645949878223	569.234533043997	604.074256724041	593.283648728181	590.556869945166	612.647310572634	640.12558794942	593.091107026577	633.048249001592	621.161605544754	692.638859405763	390.839848419089
416.352	-16.2851021354746	-11.0942901160368	-2.07690757411585	5.20386545976944	8.71645922986129	-4.3786495697939	-2.92169897726753	-4.45549805113964	14.5899603472013	20.7473887869649	65.9647715098738	176.609930970133	238.902923726561	262.438371301191	806.764421984544	582.581196007944	7770.57704541849	20130.1652348466	13076.9970051672	555.934339300264	180.69923619419	167.881291498878	181.147908826633	217.095868056	235.730128081065	272.129132537936	566.065091930253	1918.54348918653	2016.0692065013	671.75218404317	479.363867871447	500.41304238832	530.684479579898	546.35699212028	553.633057782282	550.796360304241	546.991732714455	547.476797812692	553.518126611386	551.241435913215	515.666639674435	561.813728232693	569.26550012642	589.090361775426	590.286891170322	602.33076686617	642.176591375027	657.787351872701	716.332783777397	648.321088927782	744.267629551373	850.576922036675	1446.37535297486
420.954	-19.3149605184963	-6.74688221918315	-9.15711750025763	-7.64797433526089	2.47941955281291	6.0566379388147	7.82451034708848	7.89132392922297	16.5520692418158	34.3169950568964	134.850484747311	224.374020689553	237.399206935376	254.773172113273	533.741537884006	12047.7184304371	18783.813254931	14349.6130056201	734.251130706797	162.093929505672	160.492660250461	174.661383133302	199.755336533423	224.469019318707	264.755989072119	404.007704650595	1396.05082481557	2158.64002938416	924.467161796751	480.577947656793	476.599869661771	510.760292767466	529.270774695248	531.450613438376	549.519911715747	549.065050947264	539.012287749172	546.918162212639	535.075278776048	539.281372413384	533.937443804275	512.848755221323	551.523729599222	574.210631742576	578.351999939622	633.132647085762	649.870242322209	659.860783166269	769.047742583996	794.016019992018	849.670857111678	851.762645787419	1552.8141742569
425.56	0.823876490396118	8.45774488520976	-3.32729375058009	9.69154453008396	8.91902895324789	2.97096638868614	11.6080995398395	14.0012580632248	45.2097211356006	97.5701826460187	181.639635503282	219.275847115891	238.540308929717	309.831481967088	11387.1255967342	17421.9679012345	14244.7598723904	915.715387379464	188.815223213644	149.711852357639	170.16235084998	200.96606370672	229.075635347009	245.541307047173	329.391585453575	931.629431271464	2057.91244021902	1248.77802236801	516.482827439315	458.602349063139	480.601154640976	519.750646602279	529.814781144356	539.444768396469	537.300547111743	532.621162326533	531.490056839639	529.093174228717	536.923170108828	510.286939651937	512.734570761391	541.413117328673	563.496126087022	556.927636046783	579.630085054238	681.95867132443	668.474632988614	693.769854006005	754.48293842017	831.584677807486	942.168006833647	1040.03035366171	1094.48572924877
430.168	8.08229488896268	17.6764645612994	10.771536709686	15.334650696206	6.36337411900499	14.08695306913	14.6937282194946	42.6603724906941	82.5473561653193	138.632073060115	169.069990934408	217.054317875357	284.944974675517	3544.63150770599	17345.3133342437	17160.3057319502	1144.54015779537	163.11117560564	149.314070080734	169.706944600746	192.905324695118	205.962297842652	244.534625699187	272.953143668267	645.376496513799	1774.52039419146	1531.05226845051	568.69714730959	475.415203056065	478.800241863285	503.145971191149	503.499150673388	525.916759440705	557.488424595984	541.317993994413	532.805951320251	529.30096734599	531.253387843548	502.1160348702	514.707934990597	513.458416564777	556.013250236122	556.292947028957	581.211784638072	593.28651348156	654.688145297614	711.690806479146	754.571418157465	770.334885083324	946.794262730027	996.336495131288	1356.43919079239	1741.1340600921
434.779	12.0937646633058	16.9134711527031	4.23294514574739	21.7218992172949	4.23186456690996	11.3873454136989	31.8806249529368	70.4429792815442	120.989780956614	143.119312017923	181.719382338816	240.611851684782	2665.94484990015	17823.3051412341	17298.1817949973	2015.90018462658	152.921655097422	151.521663728865	154.588033207123	193.125510533083	209.707167170265	237.042004352619	267.908479018018	467.71530450974	1428.97257510434	1747.32612705436	717.473864833235	454.014362606553	466.030671216426	476.78825043927	496.094191840117	506.694300811588	519.039254115574	525.053760198567	534.672743811674	507.837853375343	519.133984191381	504.203384948089	508.5815539055	504.844863599282	514.706145018134	523.060899839257	553.933984712937	596.891923401486	633.728053070924	646.73715643449	691.987201289809	745.912275236472	828.663436251805	857.35502403491	1087.66142150113	1241.33931579521	1244.75815065203
439.393	-6.4070903462649	3.57466621652026	10.3502269658305	14.5875141338649	3.94097467130224	18.0503865433727	65.8850311041203	109.685054874627	114.085804752188	136.538702660768	201.133368151073	1940.69111620379	18068.7713655543	17735.0829581622	2563.66551255487	212.777708660489	144.765782998788	146.307494273352	176.296765297659	186.61796207576	200.418605709386	257.135279531374	350.436582020786	1011.7817301514	1813.57936767464	957.062664604845	465.506007724058	445.634516743549	466.308815949762	476.674940376762	506.00781616849	506.621500889369	515.585637562043	520.71067748423	510.856982428495	498.891474598946	489.569370870397	492.207206052628	482.995036732823	483.228663104481	483.084172624447	495.820586130718	523.008174293537	598.017021763531	624.887410245942	668.446514595614	760.628522177741	737.565747362402	827.422025416561	896.88807616602	884.830221479076	864.908922819937	1222.09807492337
444.01	9.50207019666998	8.12885654399381	2.87811757752843	7.21136406719082	14.0272414264335	55.9189789568793	103.289507000947	108.60432693752	120.600618382759	158.491851633262	1186.06555476828	15724.3283473645	17980.7177684848	2598.86185207959	216.150220176529	179.672289503869	141.154294604983	172.278758008118	190.595461695378	207.917822788485	228.013515091825	284.290551892059	717.454278185387	1677.52328016021	1220.72942209627	494.57326982358	417.41422755423	445.341100954624	477.188796553536	476.239614935094	496.753246902467	492.473201340231	508.388849841835	507.269878365289	490.572181582109	488.36300638883	482.102856641057	480.153865951789	466.023310750694	470.088743309181	462.047821475484	484.457536889253	550.398190064533	601.339921180628	623.053213929846	675.703293468688	731.610504754769	743.729405300216	756.12110097313	896.479701170332	923.948384736664	1138.25879764638	1904.83806013076
448.63	9.71574753010596	-3.46921202226971	15.0673362132953	17.401529053298	54.5659228682624	95.5309063349368	107.393281011991	108.003302833294	141.882048479863	869.715607907825	12317.6050976545	16834.8455969516	3146.12618551002	158.841198653965	169.259574112441	166.930113807174	161.001322543116	181.352414781442	218.107341093145	241.934064654697	262.783165214575	495.960366233884	1384.12927599278	1442.20571992406	575.884665003002	424.121513706681	427.316061831062	453.291331779985	448.726577902801	482.315704073458	473.17917889046	507.149201080745	486.633497066553	488.312148046259	484.104156108774	452.956297101934	478.611127065323	460.578713508056	452.497539122642	456.155613495616	474.869457452196	483.804118995407	533.054300519855	563.337730484711	637.224359948915	696.922578360354	699.913152382923	766.154538105146	804.394840725196	906.697386786126	885.845054281874	1054.91375027374	1074.41782858058
453.253	10.3727572730075	7.54480053330485	13.9637477433736	37.02826466413	79.6506002556659	87.7401607337312	97.7812979048154	132.112807704886	609.210447320757	9336.64236172922	14012.4822158917	4224.79741778265	165.187962448942	125.185027936519	177.270019834805	187.036640706857	175.044475324574	210.978537810393	224.143620634671	253.190522054707	369.409136128974	1051.61238665084	1568.93807492716	725.843200178236	406.753718467256	402.170878293382	427.852053754357	445.931886776358	460.873679665538	477.055166496855	487.565537392035	481.558043148836	475.462985937081	469.677042946529	453.487736711408	449.249058967118	428.66301470059	449.994713536782	426.360531428838	437.139352343435	447.547351865486	482.130521822908	512.215722627008	546.015881899334	612.811206171824	654.148732408657	710.811060173746	785.505441701993	852.560329175115	1013.29821848721	938.242771561304	1188.59557439355	1324.18283251886
457.878	4.18524365112856	21.0578671338646	30.1171010753025	73.0546340145514	92.8629594815631	86.437906292258	120.876689213477	456.116422817178	7752.11740050311	12483.0702024479	4018.04194087571	169.601519248819	123.862576573992	120.505969712087	180.490136815948	222.43657714206	201.573749307195	226.644565208015	240.457859982056	300.704364610822	762.354366143802	1504.29991209545	950.581753745898	428.114594363346	396.094765495254	392.565223407911	414.584738999076	428.238496520175	452.422397781391	450.793583651298	444.680244110294	448.451801397318	457.430581575453	442.017550128789	417.598645681476	412.89082758096	401.89738209766	415.775485864609	405.309284681103	412.261401583896	438.903728365479	443.837856672601	499.753990906814	536.453374655692	591.219482634138	624.631752364948	685.229424113938	772.58354136496	815.934793329038	831.61174498541	929.207779462862	810.678609033322	819.644596994969
462.506	-21.5068026590718	28.2927336481671	55.771344445766	84.7601843560947	91.3479656433199	104.540915186248	413.461926875227	6466.64937522114	10651.8932412571	4538.95371081211	179.035182224164	108.585540581841	102.722695808711	132.752491049765	211.135044941956	234.071138100741	221.958633298676	235.799425021321	268.886243001563	517.017204447122	1297.31739942944	1192.51682534281	490.288498112423	391.670175969569	381.100063572398	402.295042164497	417.006269268115	430.257760900196	446.802413162924	447.306442763384	450.060943732065	443.945060963942	437.929791041204	402.591056517119	424.914381443418	405.085450130125	405.935506800231	398.638761817068	411.883961953286	403.708550779072	408.684999134487	454.085904344574	488.597644880981	522.387105675575	580.078380984981	670.685149712544	745.890870422635	743.842794875252	817.200016446505	820.988857562724	883.450375479203	941.596643339985	392.866738359474
467.137	21.9776686181664	49.5462178725745	84.5463686000674	79.1565445561934	105.33638224248	343.207003765879	6893.88496613264	9370.25710137995	5041.96945296194	205.158201635425	94.1964599962231	94.9206053119494	118.315546090796	136.292290817019	209.71323027411	247.414349719928	246.487377576043	254.591987805096	358.338784993738	978.102433696786	1280.78094433763	611.674901393179	376.275184598452	371.314935154284	374.867158541458	403.314397211306	412.481028477007	429.7584019672	443.202698749476	440.828675801502	418.202521260203	426.523605787406	413.235509516271	409.575425507272	387.544184872246	381.508293075683	374.95459601051	380.053029370592	369.051510147439	398.562617853888	410.80454044179	449.548892468216	477.301784020399	534.692895438282	586.817090611426	637.205229084007	722.406826163397	768.981177993056	829.304499891019	719.04273344679	941.502399968372	962.211786072953	1324.07038701934
471.771	35.8582581066112	84.4796392265785	86.8899351994746	86.9717753932729	257.823344877965	6072.13563888956	10580.0682042406	5787.15668757169	246.076359600358	95.0644216234046	83.4268022627826	89.3752147814329	128.599180014659	148.237308752792	215.174844995097	252.763554841405	251.204522747234	309.512643950933	698.151766248919	1268.62237972602	772.387932569862	393.836463602259	349.353796424574	366.192577675878	371.473219034876	395.210613872029	408.301613285066	419.463199005689	415.6601086847	415.143375814056	399.013840290849	407.549544636272	395.486280687005	391.564360915441	373.48734609331	368.330781689796	369.394172225706	358.97738539636	369.943714924386	391.589947253913	385.480970182962	425.026941971534	468.64610640016	528.016617510066	575.650945242179	673.842481265265	682.242718859223	749.604313961104	892.683090989191	896.967992309732	985.939166796344	1138.32875541174	1977.65254272197
476.407	81.7000111831722	89.0293213674091	105.228028375966	258.350949118212	4846.53450530064	13933.7012197741	5805.28488277732	277.835125910642	92.1540823002365	76.4391138875334	74.7480373206609	99.3387457373547	130.939206410307	150.675157860064	230.265034681966	252.128473506593	262.675953852286	479.032927284894	1111.13428881391	996.724147461472	419.789451112186	351.053018818871	353.409107687837	365.412580262704	381.222690349385	383.671581569468	396.845625093301	413.438292623137	422.339522299214	400.505768817533	402.541049075739	398.146379892517	379.17176726824	394.755882988293	363.451074667703	360.428599897678	357.842319169868	364.041480668945	366.949794512622	380.198317377788	397.093591836848	425.596477818513	454.713997015776	523.571362882731	612.533831858029	670.826288857378	733.558560560696	750.394831126861	790.526002752922	958.026568559537	1132.74947747966	1326.58136272658	7861.98799215799
481.047	72.5332566767115	92.5450198964975	215.408281532008	4811.08220746283	15081.460264161	6395.47198448838	320.675358743813	76.1712970240793	64.3267608630023	55.1116528986772	68.4696401135393	86.805663800988	122.159315926341	143.29503441062	218.472215844781	260.111409937341	342.968166820369	825.323222346863	1064.73707914266	506.108547131569	328.702489059865	343.524629338349	343.250539232401	353.473899707526	352.426317630742	370.871855693014	370.416766436313	385.997462910906	382.792327937421	391.799020454933	369.464702705858	368.406283075347	362.446576513524	348.651016380583	337.879504217466	336.705180307771	329.328726025578	323.794193671807	332.968283136387	357.487951273254	358.096436682055	387.144009396088	422.271326516318	490.085536468763	548.086427121966	623.039634498999	662.327957628572	752.110482240326	753.025884820996	910.447790165366	1016.7852463368	1427.41759313206	20873.4955055626
485.688	80.3634865878384	209.647293502704	4255.66696676687	15001.0102187272	8460.10148720927	441.753483398562	78.3880449439616	62.6554063074772	61.9711613580155	69.9148367124878	76.4435226946558	99.5562962969737	121.839804925099	149.20974157522	228.850530288792	284.311043443088	579.30779345735	1022.47641917815	650.142238092149	342.02450923392	323.289868264721	323.06865708552	340.299377857974	341.514788332158	353.57137433809	363.607816492838	352.62794323304	377.095037366817	371.577643467468	374.884915964818	360.762631385429	340.571862056818	335.079973462651	330.565839847189	326.350796180992	316.307653168927	310.152671724615	321.814402401367	306.188035635824	350.980518929477	354.52945045471	416.974272798018	422.08633999139	495.075907853925	513.91597635099	599.546253559714	693.579773904749	695.523560341283	833.922311240301	957.065627195124	913.258893682977	5965.78562337213	30711.6534134712
490.333	160.952753420504	4399.92076026715	16451.172915167	7913.3314651706	591.657504882423	78.8454968124131	65.6378232130346	54.8086559120106	74.2394030574631	76.5169936143123	98.0276883087384	99.1913567831462	135.773583058816	153.032245999483	251.212593124695	439.579024087308	878.305108984983	786.543628959347	380.109981650435	315.666890395871	326.263416375254	310.166052929075	325.421756769321	356.006010714623	352.168835988328	372.555808130826	358.579946567341	358.212931412434	370.807602366117	349.12506970476	364.048405978458	339.788997707994	321.02798066804	327.65234102834	318.187722270995	297.451684307494	320.172568406333	299.428687954794	305.950138027796	335.78913834219	336.762394533445	356.674416659167	419.952300239653	495.251686264513	538.884676300972	571.454078801542	663.531809485625	671.66253308676	876.913790298478	934.946159596338	1287.76600762097	16951.8301652254	24870.3515111847
494.979	2835.61896588472	17523.2801106727	9877.78698526731	607.774552498825	84.3580233832982	60.2745333092027	60.7750793542207	62.4297767045256	73.0639976799747	86.6280702827519	89.4936998609211	114.046574844718	106.626582950924	166.914886334966	329.75301866441	714.399484511322	853.404660932059	432.145142542928	287.183929324988	310.13719087332	285.862379238543	303.243429914868	325.909181520613	332.452976266848	340.123232067966	338.699718499124	360.544528580651	339.211363632134	353.899400613519	336.513324433851	340.698039198022	320.768238669152	319.652863406484	306.768397570353	277.95580522271	278.347092130636	294.920646083691	296.480104695294	314.868636854253	299.335040467714	335.895010880846	359.440348150061	417.547642543775	446.780330429546	499.325581419145	549.579303464014	619.387511091823	749.044335085591	807.393755508231	932.845920950789	4545.62851513783	26001.3781149272	7267.49429104066
499.629	13464.4529952975	10671.9590154173	739.08618284847	74.63227340993	65.2402516014968	68.9904900648341	63.9695437022453	70.6054710374552	78.2774608767844	81.640584025917	99.4252284788056	105.709563649303	135.598862694992	202.56115562878	540.195118396477	874.616890370397	527.076258254787	298.675658318442	290.30346121417	281.297752391196	306.093488988541	309.74504311744	310.52093269208	317.470281900617	313.371396556248	329.974759943633	322.864469142206	341.170876940817	321.591781910482	334.37331966572	306.875149347533	307.919493215571	291.741740379224	291.063322897407	286.524741416434	276.432273441587	281.571780517582	278.633301242066	295.730481470649	305.330224203018	316.095051944318	336.415179563818	359.004092603267	411.525767857971	483.033768749026	589.371391748033	661.818993351811	745.411169883389	816.478827447779	953.45953728435	13361.001242446	19878.6025829633	1588.20603954244
504.281	10104.2852606942	868.306535325356	65.9154703409837	61.6560394943221	52.1020385281616	49.9267961288057	65.1998879005637	69.5077278863405	77.2107905150871	80.2008858253566	93.3868201606046	113.861957260208	143.909584508897	324.329741837238	752.764052269308	641.83420751405	316.781089636315	251.761631427525	279.159809500172	266.633840829095	277.556279462568	280.506770357099	292.902778676615	309.82469941846	298.56415773233	310.09747983313	310.518386160743	314.201343547585	307.770557114878	293.545944550405	282.03300070097	286.884433036613	267.177496181553	271.956890739323	259.721582266656	272.477939364452	254.720235703321	259.020673295757	284.394017969266	276.891425083414	304.29514691409	304.807016659447	381.552875036945	436.791995926395	457.575161223034	546.758047595583	609.296290006436	752.364765948402	732.726564802194	3264.16308545237	20848.1168476351	7466.17956663781	1024.85950714436
508.936	1078.39351457226	70.2005629582209	57.3437188331274	49.1825908209401	54.940368552622	61.4869443553118	69.3335688615626	74.8292430721646	77.3043947213679	88.6975600081507	96.9111128355014	118.529795521528	219.740367143198	574.000826022809	720.121528634553	363.830800334528	237.536529087785	236.814372458641	243.574856470658	259.253066716497	273.325809706967	269.071054112687	277.065775447678	288.688893706892	290.582754677001	300.410376811495	287.817123491971	307.975444092972	294.672742607776	289.766028730873	280.087129462703	275.667229943537	262.021910244786	258.206419138748	245.844820798305	241.555108609857	241.545378597257	233.495298259178	242.233483091113	258.167180248572	290.294599485876	317.103015701193	335.018540145849	403.66122895437	462.437145260064	541.089504895803	630.933190093611	714.672576173819	876.578796759145	10065.9786302161	17416.1276608383	1423.95021000432	705.88221844316
513.593	83.9740810225338	47.4973347230351	52.6246002322049	54.6650234104925	61.9825303163293	71.7886179724948	69.4235863770208	75.1174182062451	84.6372233274418	95.7182156163103	93.414795927808	147.672864837909	400.947236397245	667.761393135529	449.73855170147	277.264744948214	214.990552253388	228.918871034145	247.220832085392	240.750111816667	260.567883261029	265.166242682888	267.890674546631	275.46080273784	267.244763526111	271.91228727884	288.70146405193	286.807607639441	285.831086132341	264.701427907093	256.558727636613	250.209711461779	246.945101158975	240.323785265644	237.24879417605	241.547121903408	247.514901414133	233.698532745653	239.836723763679	254.557983886406	269.489707747442	303.91147642626	347.841973839186	375.718082354013	426.906817045141	521.552824259887	672.247473807018	741.0948783751	2412.33124006771	16590.6937716469	7074.63996017774	1045.90023828715	2014.35143374429
518.252	45.3805096256418	41.1531822772996	37.2364116619955	54.667348037291	52.9320069913823	55.6309305856985	67.9335389949522	75.7531310225492	81.31356260046	81.9320586596385	116.293799093662	251.085623110843	573.277254966222	494.227994947737	250.634435040528	228.289387113007	199.286391695357	219.137359197423	225.248606255463	230.78846515118	232.113814219486	248.724525615471	255.853745628195	244.667760262297	245.444019199094	252.47493196353	252.380089368435	244.797515925889	246.171355458555	248.381193780958	244.144301200506	229.190163472649	224.994372814276	221.305643355245	209.13813231612	209.4713586272	215.465131202861	224.456989719779	223.261623246606	242.814752563581	236.452603158856	262.487347514151	291.326683665023	370.799350838111	410.531649434161	499.115926618848	640.198646508435	761.76477555507	7940.18350613409	14842.0307374601	1407.35474684772	688.553858049388	1254.34449109265
522.914	55.1417074774427	43.7899739548115	45.6957285424518	56.2508412370277	55.4425263301352	65.421041028895	72.0942344979465	74.7387813487471	78.9147565688773	96.5523515606378	176.531665949334	453.254166228153	555.493270591605	266.041333330697	219.887455433863	214.64476214374	198.379872571487	201.473299308053	211.560034886112	221.348649889682	229.226284478811	236.862911793895	231.918408278865	241.012337992704	236.610740029487	246.635506181423	251.921469899124	249.675284452562	240.204031573212	233.504749960426	220.319723266316	221.954858563053	218.220931895734	205.837227430722	210.806624640875	203.272055124288	213.041623949688	204.913292036218	214.800013567482	239.662464595421	236.557208168348	285.810106077819	294.49968025876	356.991083045664	391.60009704053	515.236725718063	618.83333417908	1800.03038336393	13606.4269783451	6876.52124067999	780.081594821619	820.402430571615	2236.94345580179
527.579	44.0376096147425	51.1367636600345	50.3184093332278	66.2991009531899	60.8400985817077	66.921149570692	68.5074876372228	75.4475707491918	78.1054279321019	117.60386413726	316.359731722982	556.247672381224	331.356403211494	174.243192323693	190.583734651803	209.071850266701	186.107233374054	190.978717422853	207.120767776	205.451988375541	226.750048253127	222.959856760979	222.114349559345	227.616825118241	232.094618656242	219.639080547952	219.745992013721	239.564852092648	224.823918562473	223.288111396535	226.94488546616	199.568536088644	206.036782825501	203.033117302308	192.149353196887	213.761244590122	198.722870724831	200.258401203369	211.850988156347	218.107053484998	225.041873625015	250.511233378938	280.744706799442	332.65400578867	388.019693683337	506.730985966693	591.068761748924	6196.16021903726	12813.1578980773	1540.47719744199	702.284962287034	1071.12531507347	3085.14894940354
532.245	45.85530258605	31.6598912732756	44.5614531190864	36.9758093943869	50.5346861810457	62.4398670542062	62.8498460193356	73.9171673574906	88.583390935109	196.186419167193	466.843714450028	402.303982025752	174.421454545245	138.37137045123	168.722815815282	176.827464596209	157.609306080325	184.37433016209	175.996334012221	192.181927744097	186.666978245008	189.239161531404	205.550480524869	215.766607729768	211.073841672171	202.549272625969	221.651287673371	217.251915822608	204.050207725035	177.145541215573	190.383777998984	199.196649562373	179.583293876492	182.890303301195	172.828240121401	177.365224595472	181.031186589389	177.496011816497	187.231242062576	192.174679936108	209.225548969817	234.218396356984	264.076373189928	289.790660646842	411.299902636014	492.226467092857	1297.9405478966	11374.6947434668	6259.45379037389	601.780682060921	555.499678363635	1207.70084618278	2508.19024371073
536.915	30.3454287006523	47.405197091187	43.4769719769569	40.3023632546023	52.8555228843307	57.3194871457004	59.7657941014226	76.1273349662201	137.228233465258	343.202518953549	453.416248178854	214.628346139652	127.232032316927	134.460220680526	175.803847900452	175.390284522906	152.236423010728	169.662190686959	182.231798885555	178.092174872424	195.975610150419	188.495150814485	188.698322151311	185.533187469183	193.376603156834	201.918599546384	194.393285387077	204.31977707259	186.712656809386	180.39044071385	179.317238355653	190.2071208798	174.580129434205	170.378077626194	175.869808498887	160.719038059859	172.836000151837	164.643665651057	164.83467954096	187.131409800171	196.768580915334	226.480377547392	265.848766803768	316.748409604107	425.482768270177	481.42939683244	4717.78267846966	11430.604388441	1480.05055434	555.380811868654	655.396429189401	1961.21283998668	1128.44270359407
541.586	28.1327169284528	29.0272296162924	40.1345954053213	49.0787400124996	51.7781133106731	51.602790966267	64.2642192461575	102.266881103955	246.80611848353	434.781227089444	267.445326059018	113.176034627097	114.994217446967	117.001048238108	147.918866303095	156.688495944105	131.561685340317	148.565162939543	155.138771956627	163.279573621498	163.133441582541	169.684615529781	163.243701403302	183.945391186636	176.690899041488	172.755245191433	166.117174599864	180.650402220116	181.897461103241	174.320445128924	152.970996819426	156.001492186549	161.87129871993	152.421717668906	147.062693420967	154.361548727482	138.172318930358	151.376793443972	170.360613754256	151.335308847306	200.139422061563	200.831117753909	238.593477375726	329.131270133907	408.620751532367	903.317733355774	9311.44973750754	5921.72731866376	553.529319777739	540.15697566427	781.815462415727	2122.12919429043	393.539631676732
546.26	25.0045079483503	20.3514669991809	37.7200405227185	47.4414012958231	50.9053437578917	55.6921928893164	69.8591023946709	167.621711743904	372.264367555363	329.813390498835	130.860342165525	102.287226639239	105.671022470749	114.655879211088	147.869152944057	164.888394837092	133.457898305337	145.659920440842	144.034340771879	134.917920387353	156.621043340177	164.243504908377	153.36188875122	169.965009951066	170.770155858517	169.910471033726	174.987519894887	169.641291265069	162.124768604796	161.908368234262	152.186715495262	160.792670781968	150.421340086094	146.903362463803	145.853174225907	147.119421824683	144.756690459952	156.478052462576	157.754689565271	155.520387775635	170.205245859311	196.361500051973	251.500136100732	333.331373421044	382.137556794515	3576.46681250368	9811.19825994871	1467.443457742	508.70860143568	518.350878545678	1237.29526727694	1593.79935259539	409.277021966452
550.936	49.6437912703774	44.9773311130684	41.8935542939111	49.4848202993448	62.4690332709794	58.1145698730677	133.695861606253	293.023498913553	374.065524431192	180.706319315626	100.758463522914	110.943946915873	115.537150662497	104.589997956414	145.950018516221	150.888494770674	140.800582195304	139.249810978163	141.762966307214	158.479478265134	150.495255369745	140.640911814122	166.422729707696	158.269112148642	170.685512939848	161.085942791838	158.226671739957	162.826692751038	162.821813782099	153.347620102645	154.858331162345	150.556415340779	152.06521877549	135.956942428846	143.146250845946	144.504832334559	137.993445110358	141.664483238077	148.837817014228	167.82956322805	170.716764682928	194.518784620682	300.585256594862	346.314251747034	682.626413531842	7504.21836122796	5618.36210167749	586.379237322139	487.496998635735	662.359955732827	1901.4825938401	1108.36244085816	625.178838698156
555.615	44.1506336072532	34.7755421016143	39.5569629033652	49.2750660319314	58.664927860281	81.1662984563798	237.93279829576	375.489800179078	232.676029428958	96.3749423892202	93.3905153319725	84.8576876117598	98.3357448691572	107.086755328001	135.793955292993	139.098938460424	137.036682986916	128.874714457083	144.411179914541	146.451430946353	145.944249868879	147.437770423172	163.086493888833	154.745649403666	155.319136492833	154.398419090805	156.619892656456	158.359263354442	151.317933318689	145.067127624643	144.115031126329	142.370235573295	136.337049325844	127.759389835872	132.473240647276	136.977339120596	130.633884337797	149.876293804828	161.193956620221	154.396948440063	165.970057359596	197.293215419159	299.186000371913	366.754893414606	2675.71532212846	8536.11244966065	1543.44201056793	400.194282126296	455.217714294292	967.647195945395	1711.5168024797	508.962317774999	492.876341487231
560.296	29.8091639665769	40.247583472191	49.9605173164406	40.1557128897037	73.5864452216263	165.4964282196	344.128650919554	291.734987238998	108.828096704463	81.0792452655553	84.0906968992579	84.2001154918407	90.7089465271096	94.9883607159784	118.602232196615	127.63875698118	100.16552187264	119.646589540633	110.692120539807	131.532668157559	131.884629783306	139.64695242465	132.948508560656	143.525373890447	130.128636431201	137.151970157621	131.211458618088	140.146396500827	133.367502870864	125.767004228921	128.854220157861	130.195210426716	122.457726540999	117.244831960915	131.952055456221	142.46095704101	125.427271588685	129.938631038167	129.714779759261	147.472625839539	157.425829421859	213.578893383774	289.877259917338	524.314238644982	6006.38325753428	5176.91945955776	449.127502731397	463.835734721528	434.65405158167	1394.59249100169	990.896173174202	261.01702960352	441.489132557129
564.979	37.2234755781434	20.8098067168239	30.3697177791265	45.3709672392179	103.856896701412	271.625520763948	305.894787656464	152.903948090943	80.3403528297521	75.9428792539599	72.8869989962697	81.0901968774852	84.2200954803531	87.6645017889205	115.065264697518	111.809668753586	98.1250544608946	125.5273854742	114.171521612335	112.457378761254	111.813830369762	122.084759610085	134.456693815417	123.468978883529	134.08518222017	128.144571313649	130.540667857671	129.235675740742	134.577339136661	119.857454473832	112.445436921824	118.987151665105	113.140865781323	125.48667548446	121.846544082692	122.553304825737	120.129566000996	114.240870274413	128.157454836883	132.397502456493	169.366300599324	248.769864376103	264.604780381925	2221.56448673783	7356.52652963988	1543.18406907909	374.72906449408	362.151225049798	588.361819714605	1556.8323352778	618.004744991855	224.974543843054	215.997128693366
569.664	30.2994765521249	33.471483703846	32.1213261819513	64.3861332775592	191.092216476555	314.129413214734	182.296536856397	79.8126579365781	66.5066136220309	62.4997107880856	69.4749010287183	72.3180846076999	76.6522791771993	89.1033237915835	98.0945566849984	117.990260314979	94.2513684953967	94.0523991830571	100.981041479907	105.376290077378	76.9268251093896	112.8821253736	100.134037438766	108.456762545058	115.490728227636	112.776370111122	121.586009043541	116.842305791106	119.847804060879	110.212232504296	117.433642974417	92.8176933774421	98.4746505471596	102.301591566004	98.0232424699086	104.142017419918	97.8557873504551	119.3260092255	113.947293004486	127.854442816693	160.407424159126	226.420089592511	371.936957652059	5042.2931941005	4770.06122480708	373.519096296905	297.534046130415	350.932154654833	1003.48640034421	1149.6513565426	317.134227231819	-77.3821819235864	285.568764401442
574.351	36.2888342226942	28.3023263447246	60.473417520253	157.415838894939	291.975799322388	228.891121792421	81.7725682556627	68.4295124066438	57.4939726510594	57.4673089758499	56.5865104010722	68.2149774263057	78.6844762876165	69.7471904795003	101.798725855386	112.046349931238	93.1520928131159	89.9861778062149	90.8441468663156	92.6619429161913	96.5730063653637	94.7199499296944	107.13109134265	107.305082405548	115.915940340997	108.260837782655	98.047979434139	101.162167491248	104.757818713498	107.176955090415	95.3294065409839	104.888245138382	98.523627401026	101.017101316265	92.4214060601914	104.444006519032	104.920759800973	103.532373989612	131.588974122523	127.837994154678	174.834726674197	224.938460097525	1598.28823398239	6410.06624355071	1553.86132307903	276.711479005936	284.854610972021	455.06339753146	1275.631054364	673.560176778525	296.158112591679	323.329404044628	342.874896117737
579.04	31.6049531429294	47.4804706609784	102.422701367664	233.715364972443	282.718755988874	119.761222172849	57.2830812364911	61.3395224443761	63.0184608833818	53.5705575520225	55.0886065835021	74.9177480165644	68.0112875538099	82.0139795797394	86.6904808161985	92.7830317863215	89.3185693831224	98.8926808819753	104.983002339995	101.873838317411	85.5510583346282	98.6857017020801	113.360844990799	94.7746218081558	98.746725380744	106.469914282001	107.379192060557	95.8289817177267	97.8410103398487	102.252821215736	102.282057571508	96.0429165904251	89.7901335677097	84.7569999499314	103.426446576453	96.4533149678673	106.807642701452	103.798960762609	106.499056859903	135.344717560792	191.973990670859	280.46793512849	4065.29609847727	4250.97920974864	346.503458593119	288.306769973934	274.765122491253	692.53878912548	1243.25056437633	435.413285878029	376.518279702058	202.493737292775	152.222991497585
583.732	19.7827965994923	63.0207443161105	161.668809756674	284.965348900958	160.335458606715	48.7245877843263	50.0694901536885	47.1527594366482	45.8727805828436	50.6832945932236	59.2577247379039	62.0769557507099	62.5805163198038	60.4748003054534	81.9587595867932	88.6699069644482	77.7214561128634	74.4996480104699	80.7584039636571	86.3386517282112	84.1051045095829	96.4987969487324	82.2928545367702	88.440015302864	95.6568126543637	87.3920715896486	85.5765384435336	76.4991149301355	85.6484654393203	88.0918844129497	81.6036884358343	89.735611600701	90.0970058419782	83.6548717286385	77.9250864123109	76.0995477801321	91.6848591557546	93.4154748739561	96.2522823608629	162.175864248344	176.736481305238	1087.37763501414	5554.62504491104	1453.14258503031	250.826460562954	268.775772428629	334.743421386378	922.023695684583	809.777471900451	211.481815808815	186.459030329476	175.487828594244	194.980784861622
588.426	24.1734002363874	106.851115190373	240.286637910646	179.019613407587	69.068708701811	35.3840368247651	40.2262204925372	40.8473008916511	40.170525992022	38.7661817094554	51.891643400887	39.6337119698821	44.0878905206076	61.059729369922	65.1070939334033	72.8257334416872	60.8845733405086	68.4476680130112	77.6445747448523	71.8670306801144	76.5183963279543	70.5419960709976	65.4836728235554	76.45577114237	86.9370552295822	78.6099010465353	81.88137259023	67.8303215723273	74.848160022147	75.0060785217273	74.2500371280032	70.1236899913759	63.5275281418052	77.1930095339736	78.8977022419012	75.8887577367628	59.4250799012711	87.1651597029175	84.3439410485305	154.689488132425	178.049459965635	3153.64255050984	3968.71197416366	253.637022975827	183.942404572376	213.363828052361	428.810704568405	1123.32083219974	404.891802637817	193.419372137848	241.830048177183	-39.8301452307329	0
593.121	103.446917622775	215.121280380191	240.222915397897	108.246583645729	50.9038156346033	48.9848001587346	38.8246403000443	41.6784236101488	44.9352562137325	57.5223132471945	44.8954525668828	67.8220868871825	84.3836739597667	57.7878958467236	76.9169914804083	85.8728810314025	77.67397352209	74.9636206200461	78.6779708439562	93.008804523277	79.923576304337	79.1238314855291	70.2197342480204	81.7169410048023	88.5292904900104	89.4057857313146	92.2657407908505	72.8615530797665	80.7334806490868	79.1912603146629	70.850061111924	79.3511198904142	84.2215759040441	80.9040696040312	77.8560092303135	72.6366354319486	80.1621697790609	89.9688931071485	149.230821754746	160.024752736212	736.455102116153	4799.53549557519	1458.27526233456	204.479020523624	195.204733175717	279.223613972467	725.917792867297	911.540147389198	227.149252392272	223.256524277587	294.686054608778	257.332084700107	422.066760888317
597.819	129.696862728812	242.464089260757	147.744248465637	52.9548846628511	50.9531829091164	35.3023990079359	27.592535707697	39.0932047240508	37.4371744482779	43.9158156198286	52.6949611496184	51.9866439520602	59.908665051664	62.8439376471266	72.2773176076247	78.1519733240838	62.9649249877587	68.3191255195378	65.204763936445	81.2324789058831	77.704421766644	66.5477738376302	66.5263288746698	73.9289085665846	64.3247009825565	68.1672057402083	73.0327200673809	66.6385723492493	75.4006179989505	85.1460685341094	59.8958454628864	72.5246737210251	76.5313979087376	71.0800364879522	77.4600168480392	63.3326641884647	81.2898287801869	104.464579735916	143.684137496944	190.055920463873	2431.3320790272	3832.49811455595	281.815648393797	155.541591557529	186.631627328418	304.193258856968	897.634477760479	565.110636273673	236.93562075968	242.033860651831	330.089379056406	23.0123706870971	-42.4620636153143
602.519	192.695039442753	177.68924929376	63.8617627803068	39.1986703403557	37.7979562161571	29.1321813416138	30.15661466412	37.6524432091284	36.1292098222305	45.2946092753505	39.0842023674028	52.121768589619	46.3572243591626	57.4777786235006	62.8250661372139	60.5475089715897	60.909404712917	60.8072985146651	63.7548317585263	62.1797667647238	75.9308013268441	84.078268702462	66.7291776741481	70.4899694251014	72.4565545681746	64.4261399702017	71.9202806009646	76.6761376755458	66.7727288920952	60.7046717287376	59.2733376609549	59.4569608413975	59.501866481864	64.6145792665775	66.7073208530487	71.1946944959628	64.7650800165485	103.226785768872	138.672677250421	553.830673900313	4019.56798017611	1595.91513197806	165.109387623048	171.932898550579	174.988629848833	481.769668314383	846.914174870821	313.306174336055	105.974198135045	156.117405565685	249.510046556716	191.342098546907	727.520509736827
607.221	226.90676999078	87.3203523305557	26.2285976521557	29.5122243613126	14.729586960526	24.8171911093577	25.6913812871085	34.7861829224438	41.1244529672141	35.4775442628952	41.0608395220943	43.7809445660017	53.1278767229721	43.0751116866066	64.7583152951071	67.8521774072059	48.5956105419304	62.5591880395653	56.4126926210365	63.0895434766235	65.2783167749247	63.7897531501752	51.8677715350862	70.8142335138782	53.2789254169555	65.8705639025767	73.9867825329226	63.2499097830605	55.2534655118781	65.4288855079003	54.020418798313	53.3888011746278	77.2723037485848	73.4183593409029	58.7855029519535	70.5987024676179	73.1915855634028	122.498676768872	146.847632236882	1961.15279788002	3585.08679406354	298.007822363387	137.345515798707	164.41361660857	191.116700241565	672.357978525861	601.669115146189	177.260839207249	162.534647394987	66.948751396462	264.194742243016	222.321987307297	-215.907908528305
611.924	129.519448810069	37.2149006969281	26.8075973200212	18.1232552845558	23.634506318154	16.0551113751417	21.7072264050388	35.1205058936953	28.2841568392522	29.2869007987172	30.9159414537606	36.6957628756268	35.5646430251543	51.7321295000496	52.4149026603318	55.1309433275485	53.6803146012159	59.8202166075321	53.6241698266582	53.4904663936308	72.8431348988983	74.8641959278914	67.0027951144035	62.9910262515206	64.8480128459885	72.6022189683572	53.2329538113547	52.1695353293765	56.3537249430503	57.9059068745024	41.73948835862	61.1258774885109	53.6002009977501	49.2251836142342	45.1063636873611	62.8364898118632	83.7916689022673	102.713955126866	354.644250016444	3476.68237505957	1701.21842886825	122.342495677215	124.648784946211	137.946540674904	275.743214457857	691.567666207212	298.030958603797	172.125051284273	214.477311575648	194.824525484429	138.074000445895	295.34036707878	-348.772729258381
616.63	72.0298380498895	40.5524763638544	37.6845775847184	23.9160626703753	31.4164530732481	37.3876127997796	24.553365068487	37.312181173577	33.1827194014986	37.4960953594617	33.1551763281957	38.2292395523037	45.688308818415	47.4228525212759	64.7148470124986	59.0571641418606	57.4887804358086	61.1011793362169	61.9679729479962	76.504330311817	75.7596301203033	75.6987879281058	80.9050383891612	81.5273666732621	65.2687733947507	77.5226435489426	65.6913579278894	56.7867306771313	63.8888650755358	53.1510703863926	59.0867248843787	64.8976793051775	67.2505992131982	59.0342196126738	64.2129709497937	86.2965169407311	130.424338449947	142.717834882126	1506.55736691626	3335.59941429976	367.430231248157	101.714134282427	136.668122346753	160.898993968018	453.668699724826	619.521033554958	223.61576278536	189.027828236079	173.203558920845	211.067619388991	111.056002563514	280.714874243773	352.660875335744
621.338	22.6858794368888	21.3557857076496	13.326372582505	2.19124106053503	13.8017649071202	18.3446330031305	17.434648588181	20.4517575380573	33.258224804591	29.4162361987931	23.3906635262345	29.4634263226136	35.0548853874675	37.9461906810597	37.9527170051156	50.0638771688789	49.4105070820415	47.9646604390552	54.9866980761177	69.9319001851777	59.7398267562301	64.6321098164009	59.9946046485063	44.6140253315425	56.9490476861994	47.943840654154	42.2905705330435	51.4217752838191	45.2470174415479	45.2606362920368	40.5508367939034	38.5078485611068	42.6115410162241	47.2478263435233	47.1766119949398	84.1061409816969	100.182371708833	276.993539695713	2898.0328490651	1684.88247406875	92.6848352281638	92.3531021404773	95.9079200564292	180.827045408969	524.586465465605	364.560168869887	125.742764696586	119.649883770661	74.8123308660141	109.400481204066	182.28125420041	-24.0780170871415	162.904051029082
626.047	32.4823811858988	18.9591150716422	-3.02729535827085	16.7505207267312	31.421189032135	21.2743627165253	21.009395372749	22.4803487487283	24.2510327098586	26.664409720474	27.9534091240938	26.8867364290843	25.1945239001443	30.7076451806777	48.8200113679739	44.9295722024404	54.3402265338339	46.2393496484646	63.7405632180163	55.3977943995679	64.9544586903541	55.1633683347415	46.5166838793534	48.2839957853826	55.9598540608931	49.0029223431105	58.8932963634574	42.2373456303861	44.2183600452046	46.2747281942896	36.3603311381048	50.5992335989664	43.021699859031	55.6530472272023	46.1040866969861	83.6291058841081	112.686905845352	1230.43101009512	3109.88669412536	356.29791603871	84.9523701657125	100.701414084304	113.828030789171	285.629958449576	543.37482400136	240.187732249157	124.023418910153	187.652936406579	109.596088702022	83.8628572241421	71.0313647366192	182.323356469768	-149.52008139436
630.758	8.41819084464347	7.51473028542133	22.4383923026736	13.4164386490317	15.4649427915833	17.7080683423286	22.5739780413635	21.7117336113745	22.0601399101206	24.5403301351189	23.8692285551369	32.9572224396764	28.7995691619984	28.968019628538	39.3029828741669	31.2205465530675	49.2209190492881	60.629885228493	54.7262329845646	53.4305217086379	44.7295759237236	55.0753745032288	62.5750478851173	55.6802750540945	48.4803000705041	41.3746387796605	47.9178428920367	59.2924828653916	41.1411095537954	48.5252182694041	36.750507891605	36.984193938678	45.2343664000013	50.2978434462852	67.8923235810371	94.6046776477878	192.113955163289	2618.78993113865	1725.0428467141	86.9680667712105	81.9412602209412	77.2789444917426	125.461220252683	402.38726709162	403.398869771872	164.88144825719	141.146960836081	100.760386195056	172.145903135767	130.245240861532	58.7402105470532	-30.7133064204695	-408.036303574567
635.471	5.51385878326406	-0.757245869328804	5.48139752200436	2.25325069612327	16.4185884781533	12.4908716184058	13.8797646657619	13.2288748985905	14.439744482973	14.5723578984209	10.7991232810723	15.4399232338365	20.772789177464	25.3183367148657	31.2213886648019	44.6165443401045	38.7114425644397	49.0037994137624	46.7699366533826	70.8045721678135	45.4366834807726	43.5080561781051	50.7854430864443	52.8075414381682	30.6895338463737	31.9540906107323	40.7881311313955	35.2513021170049	42.9484215626439	39.1773057291267	42.2815735800437	22.4192163784471	40.5825577179772	35.089084489641	64.6822087767804	94.0210362092436	861.474525242392	2899.57656695038	417.900074650282	61.7156044727104	57.5359913695735	72.6494414547975	139.539645890578	449.865110341066	219.690717893498	94.3453881994996	135.268887283018	93.1727718217642	33.1852464443445	74.997593789489	147.978636992979	-18.5695482368411	-548.227802697443
640.186	16.9974464347381	18.9665493238415	12.0129802737946	14.8347662881813	19.2373080682268	20.1760041732651	17.7684210384547	17.5015669877476	17.8930828448349	22.7842386686033	25.5729344225831	25.3921761882536	17.7511010982985	31.3340799943601	51.8433305911617	54.7288222185941	44.2378126122855	63.1227085758267	58.7465907449146	67.2423472865244	73.9271649753942	68.9879786358824	66.5884632074564	60.8422395902892	52.3952709319259	43.9047045017024	44.7705644686246	37.7116126644298	43.9251702102175	40.4310383498007	38.5627923660404	43.7554712480815	35.9444267999368	50.4785487200458	84.7426057551371	149.99291303299	2046.88425531554	1723.92616316007	77.2475235253796	70.8995662079191	74.3646284906347	94.6684634917346	262.783073216779	401.429158105205	154.211280684362	125.471443519268	129.542944586698	142.414030412323	188.905143267399	235.849345622504	121.898857777477	254.258419704992	61.0281141860025
644.903	13.3235406150831	4.60398428870749	12.4973947169746	12.3948347211663	16.6372478781062	24.0228916634547	13.8692706892642	20.6231605324999	13.861942146691	22.1496443662411	21.1397777838848	31.8814960152137	21.049436930889	28.6738177444576	38.0818012455157	44.0514886421139	46.8885158246364	43.5299803086704	69.6745029224549	57.5475003982334	61.5118447052209	53.1132724182047	56.297129495813	66.5540841954574	45.0607307148409	51.8074378359728	38.5961769641313	51.4621287802045	41.1025998565657	34.6247449898998	36.3441001602505	36.5844944561064	44.9969363397455	69.5932834603938	81.9295414884949	637.36767634572	2565.94710787957	476.343335063235	54.691126863666	59.6191026459229	68.9835710541849	114.034132854033	344.989872578355	251.024881193032	97.8378309482899	109.984441587001	105.826389089397	94.4136277215023	94.7675657850332	86.5514514432799	89.9696317107542	-50.1782764759769	-941.313008011013
649.621	17.8708921868578	21.400291945685	9.15365954862356	14.2242710945006	12.0111111991697	13.3603222071881	22.5841915571952	19.1721617000621	12.4961428513939	25.8666886763657	29.2579506503971	17.9626583123382	28.8817709464863	32.7529268000583	37.1354391846698	49.3776827158044	33.2554826048424	66.7097466609403	63.4870782735676	75.4159562107708	60.141267680209	59.4980531836435	51.4897049829232	42.736268794751	52.7786351793687	49.1006121903985	49.6216116806529	46.9715269471185	39.8453970458988	47.526153727308	50.9427226611075	39.1968430842294	51.6780990800237	79.8244676258223	108.016051676386	1657.72036217135	1686.7674159784	91.0489322262379	63.7850842973916	52.8522927951042	91.6250941894197	158.58945298494	352.568752926684	156.568668017895	81.966615431775	115.831343079615	113.45720464713	108.025721679486	125.561783692111	107.044639675721	84.4844165058416	76.3328400099771	328.645690435973
654.341	-5.31173439037983	-5.92708279429484	7.1506270854404	7.05461936375444	15.1018435613743	10.9074527125323	16.8994165039309	10.2659493645487	20.2250174616455	11.9820755769863	18.6982731650053	15.8094014697551	-4.14449929939983	18.96220765081	32.2816002593624	37.3099066312145	26.8281748992331	41.1787856545119	61.5589927882918	55.80471492834	53.1089192721868	64.7123769244279	73.6319225880044	44.0888481721593	36.6037058175922	44.1463478546168	29.4215514134111	40.2184828783101	26.7686200799178	30.7415486715006	35.9093847692976	27.0434769437464	57.3911269273894	67.2926223509794	418.003759073094	2258.86491942533	541.524251985069	47.3776922273782	42.6473302512691	35.2095437808155	27.9602440232986	222.499995918798	251.287845575995	97.6536464675339	74.4774929703376	79.2914650171253	69.5467163124506	32.4123543622937	48.8007928262816	21.7414070181575	44.6141557197497	-6.4598569521102	-969.462931924
659.063	24.103884640848	18.7277571400091	18.7480305989982	24.7294995461128	24.8933717802209	30.5831707572889	21.0991004162298	22.8464785802211	19.9952532733388	23.0039323435375	26.8627305225639	38.3230683461213	30.5415096108624	31.6605615133632	52.3284535931126	48.1584286458428	50.9249207689765	55.9250649801474	71.6271363200889	79.1719305852861	86.4541894631883	84.365097088994	70.6643221282813	62.5215108773066	62.9475131101962	49.0015240469157	64.3881666581652	56.5909070579873	41.4323569876174	48.6702492920575	53.3965725955178	58.2189405367408	91.607922281918	98.7896635928351	1276.01487050203	1642.8088548251	107.324138478288	67.8114547149635	53.1490438202592	69.2794935471733	115.555150399754	306.824626048043	182.736358936094	98.4751477146587	132.536518609823	107.197104934026	145.497256053223	144.568357499469	146.04651133543	201.703600170366	335.690643693942	273.596393013511	432.716358258836
663.787	18.5607353574394	34.349852622632	27.4240514414407	29.2031322109351	36.5332200278049	28.0241806829457	20.5754167840871	27.1530488459414	19.4677689867141	23.3302892424849	27.5057921349564	43.2198347862635	34.2353076447825	39.1039286772298	47.8254641309303	49.7574334894463	47.7738384002974	66.56779001609	67.4278936589376	83.837575931645	84.5769733251052	69.473406727626	69.1202998439703	71.8629710336651	71.8623989691018	50.9959692680845	49.2963375041736	52.2920947486148	54.4352047281227	38.6711485696774	53.5316489932889	60.9094684926256	96.9879641006978	323.940854128822	1933.37666074865	610.501043937664	65.3080479286589	62.9121186368432	48.1424361727205	63.6752656130554	175.323019685004	256.442735405078	117.020325295902	90.2691175028665	98.5723308809448	135.451823264392	124.206380432325	121.120332182081	132.018639776088	193.447497828422	108.804595285107	231.231588632389	715.171611924761
668.512	10.0359761346483	10.1805579016903	-2.94771815153826	11.424838405522	-1.4965060008444	13.7085437145387	9.53744595893427	14.592945014652	10.6261003250616	18.7602074742993	14.5185473177815	21.3060446159513	10.5138198524658	17.6199060102778	18.9663144891597	22.4552990995883	27.9738659417943	39.3578644182913	44.2964214890145	43.2325870346966	46.1321048446013	51.2159711564195	46.1900226147809	45.0821208732243	39.0703100496686	43.5324847502153	19.9991363014157	33.7370502264336	20.8508000754515	29.1471035851865	31.9895376908612	49.1647695805943	65.4719575843063	1003.16233289298	1514.77622417364	74.6970842471807	48.3350760244088	28.7446425327996	34.8294891691211	40.268900572511	203.124080696356	154.231273328831	55.8567710830474	56.1261113998904	45.9025219817712	69.1444951100425	44.9296413509574	56.5290571242326	21.0906697340577	112.03132840946	95.4937449917898	79.888815483809	32.7576850956526
673.238	7.80177552359648	10.6515425737607	13.3446153333004	10.4487652207564	13.248561460286	0.551644004679158	14.8094932178355	14.4973171670037	14.8016678603264	8.60043932881534	15.6682349915787	0	22.1458801749666	9.66873689999172	20.3317171430283	27.23242060535	20.2886578173423	30.2986966566655	49.0950354429184	53.4683909489112	61.7487976306166	40.7747105802332	49.4185522268125	35.7115095172537	40.660967152533	37.208987201952	26.2852528851335	29.0916201299349	15.4902417204304	27.4102892350597	37.5458848053832	62.062343661482	220.826933307363	1627.05692377085	623.153059295265	40.7636645569997	23.5649863826664	22.1834796196821	32.1193045964999	73.4547549873098	219.554590938313	105.323904882213	60.7340160449598	30.5036036454593	81.7594681518042	70.464289503453	91.4766342843658	-20.6798144560662	106.08841606131	15.7788414138563	135.207987281878	53.5799510877584	-560.234326180351
677.967	17.1048867033931	5.7775158298098	13.815901605644	23.5067434584967	6.06624564809554	13.8922586349679	5.04274536614994	18.4856402885456	9.11181269242073	16.605087761228	13.6430725852777	15.241113440246	14.3172809553054	25.32310987716	37.1806226607456	29.6142765774112	20.7671130118046	23.5843622259381	46.411756501963	51.0469720596232	44.7693970445066	58.9969061825798	52.7530425673429	36.3331900626619	36.8632959311152	33.8332350649342	39.2267507217818	25.3976743351579	39.0096588511913	36.2800234675735	52.4412789695159	68.2298402407949	856.131364293971	1418.34543957157	120.66399385175	38.2061349434023	41.4470168486554	45.0914326819115	35.2962562426003	149.332437008032	194.357153355603	63.1403333780318	37.7368900523415	57.5320583474047	57.956459004484	92.8215027313309	81.3067241419201	95.0437282977248	75.6286571366783	193.00561585659	207.883822381724	74.2128243061655	315.368525609
682.696	8.88147737051644	2.0863936271499	-1.510256222054	21.9949251930655	3.06692483192394	11.2376624227129	10.1978863908157	10.2804073188214	8.16638496647971	22.6301883127078	15.1475772290776	8.34760596915426	11.1101306608983	16.0853920895569	39.5065832617346	31.5203228812066	37.3307516322744	34.3680138108621	40.3896982175683	36.9845886190935	33.2501821667298	52.4807563892474	42.4473660776399	30.190714000314	29.3361061021364	28.8439637034606	19.5014200098745	32.5947516817628	27.6110757292568	45.7742632840214	66.5231508091404	174.561284482392	1517.76247865254	672.289688047152	35.9857146419871	26.7173993564702	29.7172303008234	52.856697064412	48.0110203470363	197.701308210574	107.942505342153	58.0875625980901	63.5957349872262	54.8679162716114	61.686676562823	80.9737458641007	49.3276980337642	39.4943520839084	31.5860481569692	34.4393870982003	-97.8519757500072	156.901554154222	-839.166012360747
687.428	21.1819466699734	-7.98365181247135	0.380200239567664	7.85914360509137	28.7215467439108	11.8819309652222	11.9806037085069	8.28174879126815	8.4342598507937	8.08613342390015	11.4400041673705	9.69910345097444	26.4436605241782	14.8754402932915	23.420296560851	47.610600647827	29.2004610133537	32.13597602391	55.0036357541913	46.6558381014896	43.5673792288891	45.2432704526398	34.4219476282689	39.5585888656796	32.3212563982217	37.1510350670877	23.6316647511203	26.5230957453512	48.3257542105205	50.016745009335	59.5445520481911	633.325310146591	1386.71792508296	118.488784161573	41.7587939242336	27.2675092807504	42.2015260998308	50.7879265054617	94.9811034411192	179.447473473253	61.9031993919845	56.3852741398712	49.4852735482544	53.9196590800062	73.7643865378351	80.6125305704933	72.8524253283841	64.9578381315133	26.7844923006834	57.7997430020676	182.47256757593	-13.7388742632989	118.303519624967
692.16	17.0375384657154	8.02698737816423	-1.14679194278637	7.90180333549897	-0.310510197763962	10.5242329028988	12.2607355039908	19.6812966732907	5.08802480043437	15.2745929196369	10.6805223061704	11.7021006640891	12.6118758411954	15.2885444100731	12.5801300004549	28.7214196793954	30.0338808982316	40.4767790213323	39.3346616597999	51.8468864773698	43.8038646204102	28.6694449446209	27.7630962928901	34.6175143770355	26.9058677458095	29.5425839087786	24.4292323635677	18.0002682795498	31.2827288684104	45.0293371182662	111.92668574273	1229.01761217414	700.567957546422	33.7986700130783	25.6770595553635	42.7682086388456	23.5296950264153	22.4679863329814	126.038390511562	129.462770926264	43.1263833348161	42.3860452728914	36.8764062846966	46.8501678126081	67.1386451503801	50.3069576601681	41.0632004449571	47.9831743451276	52.1766416157798	55.7889429172525	95.4007785187593	-186.481566837257	543.751660018813
696.895	1.42943669545637	3.82807829782344	0.384859934636973	13.379644776264	15.0057058423588	12.8866657395261	2.38217507717194	14.2896290684265	9.39139220016464	17.8586972602179	12.9588083118698	18.6541518658838	19.9042253333662	26.7693371751563	29.2282191480672	27.3099963904248	20.7248123063041	32.887301916992	31.3677491054587	36.8707070707944	35.1177309580949	24.6307320074819	24.8884424867371	19.65093507315	43.6231765273632	25.6406961378261	21.225935160323	30.875384093691	44.5623147162305	62.5426262960266	462.212342973524	1264.83903675327	139.082923120808	31.3328939855007	47.8600843091317	15.4569503606944	39.6119259461011	46.4749818151331	162.407402171066	74.8772917293381	23.6832297233289	44.2741596268631	48.3238155063421	60.6449920902973	66.8085999871073	71.2832036679201	65.9238262556893	75.1473768240233	71.1709957510793	-39.7855288849667	33.2476078706066	201.65521917105	-393.475573474928
701.63	22.1027313689915	-9.00745371169827	9.70257820829391	8.02250472701673	7.25082575993934	8.95229089003475	9.60899814688637	15.3707167934064	7.74861786852207	11.5058723655917	10.5656263056262	2.31016571419652	17.3034113409432	28.0072304551586	25.8720819652899	31.4281554757596	33.5761803061137	21.2685004745409	37.5630990584782	45.954557259391	33.3547320837602	30.6597689633959	35.1374464492558	33.2768186123258	35.1216764451316	27.5805534792453	21.4048049591312	31.1355692727773	54.0605580917313	91.4343358212443	996.961074737632	708.829764664792	35.3136022266367	37.0329663304383	26.4215685937707	21.1540642529269	14.0984941719694	75.484296987953	142.81267243439	53.1354553012727	17.4145467777603	29.5855307908828	63.5880613446903	32.6165568712337	59.4455227219504	67.1546991732506	78.8738202080403	39.2435455449868	-8.54413688732621	202.964043864768	149.012371778567	231.40346108725	86.2589936279688
706.367	-18.4774371210052	0.86812599857104	-14.1390316576286	12.1778680317459	0.319028627629262	-5.84483842440636	1.7680129544943	0.388869742124892	-2.17816996714246	4.80933848419733	0.281372514823246	-1.33590356277722	-3.50212586516198	10.5858025498641	0	20.0007838483532	19.4161564340366	32.102403892037	20.4069457081419	19.4474988978591	14.5851367284051	26.3139843469001	28.9154893749336	18.9187230577622	12.5654518448158	20.9331344724341	21.3173118063381	22.9463603083262	42.7405963861696	361.337097824302	1138.94072670958	172.570316707537	7.41700990611831	29.2247598284372	16.3992953742657	16.9005757502772	15.8525905436986	120.038699741626	86.1834008308249	28.7726201731046	7.55275528772571	23.4075065775224	39.09085650391	37.1330530872297	38.5007462106636	65.087410673649	29.646826158777	50.668959570564	32.8565391980222	-31.0480286840963	-7.53984389482829	14.1924028104721	-558.668755860965
711.106	-13.2673915156336	-4.386482606142	5.55659631271864	14.5440572421715	-3.22398713610832	-0.295329043555546	6.03007709414848	2.94733200484753	6.16330190121967	8.69709681788846	4.2651722589239	7.7625890872277	3.89303295583205	20.0149142341755	4.68884622773155	10.603049875858	18.5701216868283	12.1655701349419	12.939618014693	22.2163604032019	15.1603282881963	18.2571626905468	8.68730666509978	8.79454339336673	18.140268659594	13.7502712196684	25.7120149816115	40.147697185028	73.2537851541837	834.735476827307	679.705227984772	25.6361491680009	13.9686256776014	37.1774370860037	19.4547099787502	17.4586421145858	42.8536357006086	112.399600574419	50.0231093739289	25.2632425568072	12.7208990985905	27.5055508833449	34.6417904120721	45.1693561279099	20.2642979742367	25.1492521110957	54.1584668220078	19.3745642148228	54.1743306937957	31.3760071699181	91.4339001079474	114.738603695721	-688.070053945952
715.845	29.3272287344456	18.6364391538603	-12.4462849108348	-3.39516364075197	3.26129837469217	8.96240669474003	11.2960430419969	12.7208171116997	8.90661408843855	7.24520457706975	10.6425150894833	-4.43832752214787	13.2462928686085	13.9631359011954	16.9396796310479	15.7534586615054	16.3039916949038	17.9001635082349	13.907453878556	28.9562024864333	26.8376131348677	21.6803579108379	27.5618773766741	3.09437312722827	34.4983876340032	4.63646775324008	25.6580995973741	39.2119018596809	286.619210625697	1022.1816025085	192.396985222594	9.89542449373484	18.610618920844	14.761897784297	9.8399297756494	15.7410508270297	58.7447597027339	118.849099854675	26.2046213160228	30.3774283673236	20.0742643978717	37.2839897211431	22.7470159410466	27.4152609498927	55.7567820157658	77.2993873041272	33.8036607930035	89.5944514722924	81.3180444406942	75.6855987250089	-15.415344273249	-21.7624640284118	499.716069100926
720.586	2.49159762213254	-4.89322537377276	13.2825320636186	9.45468576334112	-3.9233826633335	4.19295611501905	10.1919606112603	-2.19187916545536	8.70574896013311	7.26339297117697	6.05551011487326	20.8782800529973	18.663146322407	17.8476910008414	8.15145843785606	16.4650490325296	20.2534894479514	4.48627503977311	4.92083548702189	11.2649440439851	17.082531047241	23.7472644137648	16.4184611932472	11.6330297078368	14.7170181026578	25.0282693376659	33.1221384896981	54.4027021169776	693.117108855213	615.333129351406	34.944507827333	24.9717040987257	32.477590288945	31.3596927279075	23.7481880989109	28.8668912775296	92.6029591791541	69.2517722965979	22.1939632799602	-3.8671349841164	24.2527940847233	34.0303409641623	11.710223861847	25.369924009937	43.5665877479677	47.0846217922958	57.2599158995988	37.8925466283091	-28.3555428259629	2.44760000619158	112.041811914867	-225.443331697015	304.160696271568
725.329	-21.689642127655	2.70165451888593	14.2597202263127	-3.06247889794685	8.60456258945115	-5.45683489520446	0.917025139173488	-1.61357790274534	-4.29310154447814	-4.20124027434481	12.8428125280611	3.46450275566148	13.4418569363263	1.06269624091098	16.1583853884219	5.10192693510831	21.9397090906779	16.2723071124051	7.88655303640687	14.4725699759183	18.1558900969329	12.6298821306733	-5.26948258742961	3.92507183862607	8.19329403811484	18.8196763719871	33.8836469340293	220.270577196921	903.765550218363	210.537295950542	33.2909368337589	21.4680716897591	7.34431452123141	4.99327925413838	5.17751286306473	58.4394391836456	89.2125142732489	17.8510966117997	6.87711156104816	19.5720070396994	41.2635929052326	23.7171108414153	13.7249352642384	-2.14000085920016	21.6335131487013	17.8725442665979	48.4969593177825	9.94406826271424	5.38164771287764	-37.1627404383161	-152.51858239929	-750.847776990755	-1485.06017617208
730.072	2.53775753004273	-8.60851721421481	6.96928254497769	17.7189156024358	22.3113804967586	-9.76145321104891	5.53641557686986	-4.66792615222067	-3.63775739825222	12.4179979945229	17.3282884288493	11.5040574262907	6.21444939881652	0.712876133722208	0	3.76471280203923	10.1334015163828	18.6583375923759	7.93566668519884	12.7975226271347	25.6635337435926	25.8270226310889	31.405921195308	11.0586428205607	17.6128610150338	16.3876813616228	36.2480047633909	570.192732598603	647.425546264976	37.0117873089201	13.6086667977164	14.9818689181558	13.0205666996315	16.5086606787327	21.2111490872646	69.7800012344315	63.292706351999	17.9622646322893	32.293048177432	40.3724787237688	34.6880650081603	15.3416632946603	31.3872898677642	63.1642807392322	51.0716311672064	40.9632044423473	39.2772237735252	32.8768411218434	48.7364581744007	47.365951279746	94.4420889685942	37.0354752366545	510.25165381228
734.817	19.9346877611103	1.82515373919003	-9.49580300365477	0.775843298898627	1.67681964825571	-6.75852445100642	2.55549382099888	-5.92732647302805	2.74763921366156	1.06433520769684	-0.295779701552692	6.67045428161591	15.830218166645	0	12.5419049418249	8.61675776602176	16.7656255135459	5.75218487185167	-3.36499570437984	3.99977100233246	-5.25666620749202	3.30284726209779	-9.44742292142748	0.795496925248454	10.5670750360789	22.738478252097	182.523513621763	812.203385634636	218.534917457615	10.2946945771222	1.4056450736605	11.2282539250048	19.4919622641815	28.5526098168896	34.8527458411067	82.1181232496222	49.5762766516945	20.7367074860051	15.3316766137236	6.94167549206587	11.644571974573	12.0169066489792	17.0691654464697	4.33715400255878	32.8835889500647	29.1791592368271	16.7810676700389	1.43955067260609	-67.2599645823443	85.3603701969773	95.1109007232122	-29.8381998699058	128.466277375898
739.563	15.5122678599179	14.770617422362	7.10005955712956	6.67117217060946	6.44583465215164	13.6738589278782	8.22544503103904	11.578654303234	12.7394406350386	13.7277013822247	12.5668626019903	2.13089608443564	3.35173877870058	2.9050123731496	12.6874024133946	17.0847711424526	15.8540270628736	13.965397039242	16.5946594430314	24.2770318400938	16.3960822668611	36.3351507318564	12.4656803415354	18.9110471588978	30.1601197318516	58.6186758866176	509.682152401675	636.25002906524	36.3602172186322	19.0327064012	14.5750062707581	22.0071167160211	32.9829813952677	32.1744107175874	46.2512091902887	82.2720105680294	42.5654793997978	37.9376197534165	37.1288939203521	16.5523408831967	46.0477601370071	47.4675104984274	19.1857591618474	29.9810376360605	40.0886721791659	21.3748600992135	44.8644643663383	87.3750459561476	88.2684209766658	53.3342113527923	112.249985665544	558.410475899818	204.217518527681
744.31	-12.0199194637447	8.39732297959324	0.844233822199857	0.396618446284124	8.22917849973846	-5.33957905751468	1.18762968831004	6.26918371102217	2.34103200439828	8.70557190095402	2.72169695233225	-6.81999887590565	4.14037827313543	17.9834810107664	14.2478681184182	21.4962449250338	12.2971582132921	12.1543618452157	4.73059864959307	7.27011853582927	12.0926590983545	5.48745215898169	0.839932542811335	30.4999174733864	24.3089500139672	149.613745010265	750.526890111188	249.197258399957	17.2720548358044	22.8657214812956	12.9344234677344	6.45748853100682	11.595026403124	22.5412214397347	57.4743675432764	47.6306577425256	42.1687794702558	27.9680716937181	4.75012022292422	16.2224013294887	26.5170873934558	35.6888142492728	39.4282271509011	22.9110069912251	29.3104449940414	12.3448243062871	31.8635230094465	30.9083016904649	5.57577263506637	46.2039142437823	24.3107968600583	129.655349421069	112.582591440598
749.058	12.1427627205459	18.8514297706768	4.69074028158362	-3.20537500993824	-3.81025355555338	1.26921162665344	8.87827751750483	-0.844433946878127	3.54743593370421	2.19863565348306	6.41552945296665	-6.88969908278506	-5.32342723667875	-8.15673423613478	14.0336439273563	-4.62798635547128	-8.28188989515342	9.10991352549119	9.55789048361026	28.9186496299786	-14.4785134841887	5.96995944881855	22.909949037797	27.9358740746975	31.1839832834366	453.42838049913	595.059785511636	35.6978265634182	10.7661418832067	-1.83328639252915	3.26665323277525	2.89932617414038	21.2307681662927	38.8236980449588	70.061183218998	24.8742707590213	9.89691005341375	25.063947665912	20.1543985654024	29.1914702757828	44.8290507810868	38.4177203889771	-5.22376165014012	25.3850107633896	17.4176452713386	41.569960273087	33.4272122646962	14.8686589098009	-3.75517125526735	18.1518232843253	40.9320875941922	100.161500429923	-75.8221216845238
753.808	-9.14792866511586	14.4108544971839	4.78107506994002	1.63355223587977	-9.17949342683721	10.6726475022686	1.22287248041048	0.430348074000279	3.13365246318172	8.68378672319099	-3.11384781878734	2.58719324306963	-9.68918996335137	7.93591671828659	0	6.89424152426972	18.8012631046855	-5.65195414276942	6.64224366942738	10.2930555413514	-6.4563372462998	9.56203219640367	6.48643092696735	7.11846654673599	129.919257535248	680.692611738771	257.980068387743	22.3617984690891	12.1086647379447	-3.73718404397451	17.0177654084259	7.01850907092906	12.6853018789693	49.0837173913283	56.0236515849246	15.3782324700956	-0.438587209891782	5.10932638117909	10.2712670864554	-1.56598119982754	-10.5872572823389	16.2654534173135	5.32436142219367	40.3328099350628	31.0678833240683	-6.35557786583382	18.9283095373377	-39.4030030317594	-49.7573537915185	-13.2152807703438	87.6127606304736	-227.740171123774	637.579077136831
758.558	15.8890204665288	0	11.0636432886426	9.5637045195682	-2.51633631820563	13.1717505019365	3.23727652703489	8.10619171209353	1.96346309511033	5.41908963032137	5.38978676586951	-2.25791379665086	11.4438126292802	15.3908666984884	16.0577153690127	18.4726063621827	23.0498570940559	10.2762788651224	22.9942367826456	8.57470956840797	13.1474486083981	38.9435440244744	28.6189156003358	20.0382902765994	415.857147783528	616.01742855505	48.8148864449993	-3.47314172544559	24.6576412113056	31.2020850931235	18.0805324942956	15.0444575938078	12.9159419786619	49.9761418350216	28.1194218197389	28.3533761170572	12.9502824038561	6.62101047815224	26.8920410862823	31.889067378334	36.3107415798317	47.8434282059979	25.0728985676539	20.9204803933408	37.9592995649963	15.0993102141435	25.6966106728313	9.25832672875923	89.6328153664488	94.1888974365891	216.642433252209	31.9835682817029	-39.3437173274774
763.31	0	3.9911017558675	-6.77108821279899	5.93793454276503	0.733347300967253	6.3818436753326	1.52404135863348	0	5.2572799884389	-0.872776500629665	0	-12.6671555386918	7.24526545769373	1.17742538972079	5.71367607748469	4.89903542971138	-2.7894804499734	23.4797222895746	4.13904729581072	-2.42955074713647	21.5528656027505	0.451400313028241	22.9044068694291	110.025254868185	649.478591848276	265.856074533879	10.6697577433699	3.93630781621161	20.0424490172784	12.8083374452164	5.3790684598326	18.4147928171109	19.7617955060721	67.5737751009933	32.3701337897201	8.20148762071334	19.1310844166211	13.9895354738836	25.3985583970173	-3.25275141604644	24.8847141702199	5.00526103866955	13.1330463526767	29.242780831082	38.7192776594219	50.6052949229429	23.589971191629	100.732655556315	15.9004073142434	49.4098152896458	116.989307275531	252.83527966747	-220.722769663178
768.062	7.89733205545777	-16.617318108159	-7.74569361707695	-4.70916855680091	-4.44124906011849	6.10252048973761	-1.79468289137265	9.92478391103544	2.77957679701049	0.880941814790538	-7.18122575664027	-5.81166540472663	-10.9695734755722	5.54605737128914	4.229229198321	-2.6626215843184	21.7201701008332	-5.92484706841701	-6.49875396647962	-2.4522805583835	6.28463470866271	0.45562341638349	23.5719981107472	344.57653468436	558.512722552149	39.6646216020641	-1.1966199241461	0.794626837153816	-11.8999749294956	6.65996462908084	-4.65376514160967	-4.64676838560438	37.155577035068	47.0661049891305	11.5802947824203	11.7637822543007	-1.37929046085602	-4.38219789278264	4.10178818722817	35.0206158049659	-8.17779872070086	-8.84115411507802	-4.18607790774016	-5.58417687144446	2.79153701713207	38.864255551711	10.5825193849322	-3.17734581571101	82.2519683266164	141.304203579323	34.9877949409399	-288.12981767669	0
772.815	-16.3483396824967	2.51617179485135	-7.74076006214553	10.2680052898355	-1.84934176815854	8.47032436141885	-1.28109984505502	8.34052520228745	-2.5252785170528	2.64114211875243	1.95726865494642	11.6159274258611	8.12043444241474	-2.77126242815707	-0.768460986557312	8.74304142048567	-8.03938356284691	9.72747754211447	-3.71120836534636	-0.490143719747967	21.2575228902019	31.417991548611	77.9192551767336	600.541164972856	279.702827935939	15.370363132499	6.37790798436341	11.1176898870662	15.0637007636695	21.1417071464246	10.076735423574	26.7018998251677	37.9136355444593	41.4555692298745	25.6257487941616	4.35418126345646	15.6220019107745	-2.9196044589287	2.04958779373062	5.46848589310724	16.9289363043447	9.46663158827274	19.5225875615817	19.9307859877566	44.6361435346758	32.1813010674983	25.1174749765483	44.4545084452072	122.29693404673	152.2898246571	52.4482646352538	-74.0433332039212	425.051172554354
777.57	19.5577306185566	13.8642996956519	32.0588296187322	13.5331976267173	14.7189106596476	7.26011024582606	13.0721453064651	11.9607635948122	13.6568029073326	7.78549979535339	11.9830005569083	18.1741603285929	0.414298305446718	16.9665207359357	19.9952064465342	20.5576968491087	13.5353840176803	37.5452967692768	17.9875840441142	29.5079705980273	27.1135607763942	19.9784444964618	354.08620179274	580.554770556673	73.4746583725003	22.2873369666711	23.997951225445	23.4989472347906	23.8651398142012	14.3817813478295	20.5642909380114	37.1180210041986	60.2232975884305	21.9637853850081	45.5483362995268	31.1005760170882	19.2223072309925	48.1624299303983	23.5278875854988	12.2759091299056	36.3350193750276	39.9263670096443	34.149509760015	52.8763735258545	51.2392867749518	45.2928323542206	39.1186864403521	50.2207695128846	163.658893113089	163.87023584643	240.828302777242	142.710609550731	702.206311984025
782.325	15.7703386468473	6.25681237363209	8.49197662284841	-4.43278270054365	-9.5805134094363	-8.07401345950675	-8.76049234464046	3.26980091366182	-7.06438969818386	-6.68919016668853	5.06981427593429	0	7.57222263239338	0.410186359448974	-2.38860688049192	-3.15083954209571	25.8217720916847	-2.62920985477039	7.20971688175639	12.1881077311667	14.5164217384548	53.3100845757972	571.696106041143	301.338389337824	3.45000060721191	-3.7717651297628	-6.19514001080108	5.75951827179308	-11.0895378545982	-8.11293298861964	24.0934703224425	51.3221263383763	35.6375606247171	4.13001038595	19.2707664928938	12.1806893987622	4.76057454175242	18.1500100093679	-5.83983827319438	-6.23248700303072	2.41931971559901	2.61556675454889	-3.61202670556644	1.65202270951953	-6.74442715532847	-3.44928004098423	12.3272580416688	27.9645801056552	126.711831932971	97.5413393035192	-113.2117454102	-238.672885286273	83.884846741386
787.081	11.3954709836565	8.56630023922793	-3.39106214170078	6.82761658742662	6.29607917210066	10.4534838937119	-4.63409485884552	6.47527866079181	3.761320522288	-4.37099511398613	3.81763935982651	-0.823883214262724	20.7344982313106	-5.89672226720109	-4.49663397207874	-8.89734445709965	-11.1190869302616	0	6.9096557532174	15.6439968856829	23.6439936663356	287.752295297303	577.39921273496	53.2043582439319	1.77129378719926	10.7582978506629	0.848186363718126	13.0954745852017	7.16968422562418	20.8266453180702	13.1946996816949	44.4651591175216	42.4157247613055	2.54450798266273	5.71651373171084	15.7502860415993	3.91066649283616	10.8716405875385	30.5279460413228	34.3259156939004	13.0422941699131	18.1288812792701	12.6104705766933	28.8380810395452	10.8828122546052	33.0572449244893	43.6000607999723	74.3213314416939	230.362887581646	8.83756204064135	-69.749991648307	113.786261245408	-495.282272405873
791.838	-7.7892828799535	-8.02305950931516	-11.1311744614443	-5.00202659143473	-6.68304775583018	6.84214230800682	-6.26353169396726	-5.03140687251131	8.85730690070683	0.623817747576019	-0.346719014586735	4.11539100718481	-19.8511453635621	6.73252640532404	-5.71739678354038	-2.82820710429962	-0.427239327582965	-7.6418725649153	17.750325491031	-11.9820119215944	58.5387304135513	532.837909506182	290.825011008526	-3.26374217038437	0.442390765871194	3.00938006965445	16.0997944833564	-3.37617523923266	-2.10667022273602	14.1482810695177	30.8948606158478	40.7199030309875	7.06238008915337	-1.69468116973852	21.0865039390924	35.6349126692579	12.69724754039	12.9297832776374	-13.070621705811	4.06858698138419	-3.10227395216625	-11.403327764248	8.1517434310506	35.5887042886593	5.93027929335991	30.666020198745	28.1015866863366	113.060539307622	155.556106212851	-8.82892689591691	-130.072766552654	-26.2327110387241	-258.155652615258
796.596	8.54507555696809	38.1399871208796	-5.42299977404745	1.38965922043897	-6.00690342629677	-2.56785377465272	9.15459489349776	4.39315368726283	9.56950657285284	16.8398162290009	1.41276978676796	10.0613462159563	-0.439603848199912	7.28686547122576	8.32020526186623	-7.81988772010901	8.26910623470312	6.41080627072222	13.5613002734267	9.02162104085305	253.173098685759	540.814306758919	88.2878756850634	18.0482520399517	9.01300882954043	11.8243291945311	16.8319754961498	-1.71960513130034	13.3052179720071	11.4451706802033	43.2211132765983	52.3739466061186	15.6580486238827	16.8316374191596	19.2426795317558	18.8572653618391	11.939364960474	-6.84901845998822	12.7598799164932	21.3148270677972	6.32039017981418	4.09984732241298	20.3824003992884	36.2531647054069	31.2118375962353	73.2904945155708	-8.58787756665536	144.394045325515	149.777660198498	-104.927290427826	70.9828369669366	8.90749666188572	460.207227733531
801.355	35.8291060170918	26.8099834319952	32.7700281340328	-1.19963050625432	11.7537783239222	7.91683230774024	8.38170599732683	-2.5282750880653	0.236026457745913	-3.56569357411916	-1.52447602764249	8.68550913571096	0.379490294606775	4.07027454020731	4.66859913377303	14.9222872135305	20.2879384288186	24.5084301888961	18.6442626110979	73.7565718535431	428.526413192383	276.201116024276	23.2879060066348	10.2501624201935	5.05734220369978	11.7196226848639	4.8434299547981	11.8756641563834	15.1908943924554	23.0535731032092	48.9025697054646	27.4889447425586	10.5943203045015	19.3733306902463	12.361929366253	9.7671790867329	7.73003889437233	20.9209790227813	6.2258878237073	36.2891544661721	16.3683284929529	18.8758101136885	30.6287032701384	60.3560542864872	61.7099481147731	62.231211428002	32.1252953957717	186.973359165609	103.062299586725	186.333996160105	147.063122342956	199.925506118767	208.097093025792
806.114	-22.1297419517332	-16.9326211149444	-3.40467824769172	2.79913784792674	2.0741961748098	1.58336646154805	-1.67634119946537	-0.210689590672108	-4.48450269717234	0.822852363258269	-9.45175137138344	5.79033942380731	-1.5179611784271	1.85012479100332	12.5693053601582	11.0140691337964	-3.00562050797313	7.90594522222456	4.33587502583672	164.463411772807	439.815307112098	77.4554747556522	28.3689036808096	5.33008445850061	7.78052646723044	4.91468048074937	-14.5302898643943	8.90674811728758	10.7447789605173	17.1986973944576	21.3722341675734	15.5529555780266	20.4579978293822	31.2953803457824	11.2029984881668	13.8368370395383	5.15335926291488	10.9152934031903	8.62046006359472	-1.02222970327245	8.72977519624155	14.1568575852664	35.190425033776	14.1575929807809	21.7288549699905	1.03718685713337	61.7794142226379	115.745412816805	54.3419397820912	113.870775431176	155.233295806454	53.8260978012064	-472.947938694981
810.875	36.8829032528886	9.87736231705087	16.1722216765357	12.3961818979613	22.1247591979712	9.50019876928829	11.9738657104669	1.26413754403265	13.453508091517	12.342785448874	19.2083979482954	26.0565274071329	12.1436894274168	6.2904242894113	-3.2321070926121	23.094015925702	22.5421538097985	26.8802137555635	45.0931002687019	339.46347666755	278.158346181779	39.1533169094506	34.2967343006803	22.9603638212334	14.3939739643763	21.9270359910356	25.3348643789439	21.524641283445	21.8600675403627	49.766443524388	32.2394718798989	15.914652219376	24.841854507107	22.3538431041303	25.8827896105922	26.4527766932349	36.5029614456471	4.54803891799594	19.1565779190994	33.7335802079909	22.9156598901341	17.696071981583	35.190425033776	38.7470965789794	9.56069618679584	71.5658931422023	166.804418401122	142.455892697607	22.4863199098308	111.282803262285	93.9569948302219	599.7765183563	510.78377379058
815.635	28.9794239844125	8.46631055747218	12.767543428844	10.3967977208708	20.0505630231614	12.0335851077652	7.18431942628014	5.68861894814692	2.59629103520504	5.75996654280788	11.5860178100829	9.04740534969892	18.595024435732	18.1312229518326	11.8510593395777	26.6469414527331	31.1833127702212	19.7648630555614	140.915938339694	383.900665920926	105.212491331744	14.8952836068562	18.6303248053078	20.500324840387	21.3964477848837	-0.756104689346056	11.922289119503	7.42229009773965	27.4177118302854	27.8106596165698	16.6630978255657	22.7868884050157	13.8822128127951	43.5899940530541	8.11251614660351	26.8597424885155	24.0490098936028	8.64127394419229	26.8192090867391	38.333613872717	29.4629912873152	27.72384610448	33.2354014207884	27.5700494888892	55.6258687231758	62.231211428002	114.909710454107	80.1314396424038	58.089659767063	90.5790259111623	53.1061275127341	638.223731071448	605.373361529576
820.397	-8.43037788637454	-15.5215693553657	-13.1931282098054	-10.7966745562889	-9.33388278664408	-1.90003975385766	-10.2975245110015	0.632068772016325	0.236026457745913	-16.1827631440793	-10.0615417824404	-4.70465078184344	-3.79490294606775	-3.70024958200665	-20.110888576253	-4.97409573784352	11.2710769048992	4.34826987222351	260.586089052787	235.013176154457	1.35466727036581	-9.78832922736264	-23.7113224794827	-19.6803118467715	2.72318426353065	-10.2074133061718	-12.667432189472	-2.96891603909586	9.26274048320454	25.249151493991	-5.43361885616273	9.40411267508584	2.19192833886238	-5.58846077603257	0.772620585390811	-6.91841851976914	-3.43557284194326	-10.0056856195911	-7.18371671966227	-16.3556752523592	-7.09294234694626	23.0048935760579	-9.77511806493778	17.1381388714717	-5.21492519279773	10.3718685713337	59.3082376537324	-102.390172876405	-101.188439594239	-46.5834990400263	-8.17017346349756	-261.441046463003	-567.537526433977
825.159	-2.10759447159363	-20.225075220628	-21.2792390480733	-3.99876835418106	1.0370980874049	1.90003975385766	-7.18431942628014	-4.21379181344216	-10.1491376830742	-18.1027519916819	-6.70769452162696	-10.1330939916628	-5.31286412449485	-6.66044924761196	-11.1328133189972	7.10585105406216	-7.51405126993282	85.3842084000253	317.819639393832	86.5838017411159	-1.35466727036581	-6.38369297436694	-1.27024941854371	-15.5802468786941	-7.00247382050739	-12.853779718883	-5.21600148978257	7.05117559285267	25.9356733529727	15.3690487354728	-0.724482514155031	-19.1699219915211	13.8822128127951	-9.31410129338762	2.70417204886784	-21.1622213545879	6.44169907864361	-1.81921556719838	-12.9306900953921	-5.62226336799849	8.18416424647645	-14.7467266513191	0.651674537662518	1.49027294534536	-6.08407939159735	73.640266856469	63.0150025070907	-90.5188484849376	9.36929996242952	-103.518886755614	-118.467515220715	-153.78885086059	-283.768763216989
