Wavelength	500	495	490	485	480	475	470	465	460	455	450	445	440	435	430	425	420	415	410	405	400	395	390	385	380	375	370	365	360	355	350	345	340	335	330	325	320	315	310	305	300	295	290	285	280	275	270	265	260	255	250	245	240
248.336	0	0	14.0097136214023	9.97295235355596	3.10141154451178	4.10642629012721	6.2058991791185	3.99257391053211	1.41245721900813	2.46182761053785	10.3430452519023	15.5135949130774	15.1257022383221	10.3326729563969	9.66844495566964	6.73319642953408	-3.37224590607582	11.041474239874	0.865519219681593	14.1710312248842	14.8532093907306	13.1561735657132	0	4.49917883596763	8.53278262025932	27.5183841887342	10.4144076565939	15.5572086423307	5.18094047356558	19.3763586936115	13.3771563700621	23.459494277849	6.92870938816751	16.7472491410116	30.4966694642934	42.6731972253672	51.4699054126741	52.6610610345463	51.1481702955567	63.7755774129529	93.1044734646453	150.776551638168	390.818452382754	686.943408158852	909.813711187723	1059.46515055071	1064.51022772565	1008.09700924751	1095.91497782737	2577.62371982752	54619.4188880874	177062.118214633	62638.2708428272
252.814	37.7177390280132	31.4439419510329	20.3387817209837	16.7225077559702	11.5564527308843	27.2397302185038	29.4454515520783	12.5840082439586	31.5785148502759	15.7255553780404	16.7601138956086	16.4201535607117	30.3444998923433	29.1707915570673	12.0088251760798	14.4309933561097	29.6189929531954	22.6704372109561	36.2822646468023	32.3028915219537	14.0161694008656	35.580788382878	34.9007007449675	17.6356998152536	21.3685699498249	40.1827543448134	40.5384893324328	36.3785901826601	15.9563183975255	19.2663124250427	42.4363264391296	34.5815856006266	43.6765545307453	44.5738958104247	50.8589784576231	73.0141055194424	82.1943060112032	110.376668107943	101.337273970716	128.325601100378	155.203325037465	455.696806798331	800.651145763831	1119.58874777169	1259.01016154514	1338.32040904149	1261.65679195575	1377.60864475249	2582.67864541723	49315.2693242308	188778.389810227	79579.500607712	5705.01915368697
257.296	22.3908725579094	46.6661917633087	25.1541163186424	28.3634286573061	33.8936799903416	29.9456958328046	18.9509031938859	16.6839127087969	23.7119199741923	16.8555223203721	31.0021420328911	23.0866805653659	16.1317617310937	30.1736247922588	13.5789624024621	32.7556354338546	43.5137532801382	19.6264641459509	18.4617541792022	43.3364658166252	43.2031213658136	9.05240859441227	49.0439282398319	31.5048684265115	36.3093801396774	41.0971437501103	40.9905016500345	32.9205734622198	29.3818483013827	38.1243730657346	14.1383836479861	56.4550716444639	41.4852508753047	76.7368483381928	58.0968766673924	84.7622144496465	108.261856489811	88.2265316508169	109.893447340604	122.733796074379	360.669973970868	713.991789251911	1091.9284497403	1252.36622440615	1319.67125090057	1435.71208787543	1330.24059931611	2248.88362511341	37216.8945972739	165663.44097915	82521.965223326	4744.90639694086	7117.07242194093
261.781	-7.57362026807775	5.07363648437974	8.16794502743901	-8.63443145576488	3.72938229543439	6.07740484381183	1.7221069672275	0.758050474494116	10.7568510370736	2.96029603726669	4.0238306881244	3.90448722800504	13.6412546329346	4.43743656661873	9.47312027467195	-9.80105948700927	2.25280829523958	4.7418360910245	-12.4892243724985	15.391299814562	-3.24739501453453	-4.08258648120995	4.06258932098176	-8.85300239386961	22.8529140672291	18.5849514891354	-4.02528427978456	24.4975459479671	-13.3499404097418	3.07731420472806	23.9112497017053	14.3217713066945	23.2408560260907	41.1714630677343	42.241975404659	50.8249229332287	60.8599564160262	78.608880916778	109.213778142004	250.925732109808	612.812749734108	947.605254453316	1222.18534606958	1326.30976965754	1317.21857229585	1302.59949807782	2077.48450247551	29125.212878147	141390.074437543	88501.4499603742	4916.8339359447	3265.23295834302	21462.12907409
266.271	-3.85151345090555	-8.60054525793006	16.0957940159923	8.78196363579791	19.8084339413949	10.4308532973389	-14.0122539306731	4.883018373166	6.04614754090542	1.00362570806039	-9.30132694495819	2.2062229078264	-6.01221221381209	-2.7079540857218	0	-19.0702222220487	-12.8312850151181	18.8091440754798	0	20.6860170856554	2.20192107801709	-14.0141595808156	-9.29701066020973	18.5087755477673	5.69225884800052	13.8310998963273	10.9174994246136	14.496653482518	6.33642058722175	19.6736239675683	29.6259493625924	8.38676132573563	46.8299223864952	46.8817253123195	43.908000838335	70.5812949557157	101.242958363522	98.2743717568373	247.883474696905	542.873988005272	902.29619727905	1172.6911173669	1247.04475709057	1360.80484204525	1336.54297720779	1937.30189710488	22329.0332469947	114003.295224344	91546.7032094413	6213.39168706784	2413.1696646926	14728.836801143	31062.3495779306
270.764	12.2036633755537	-0.573708357626291	4.67573265306553	-11.2280261514412	-0.843409967687427	14.6891315419085	8.17864284136193	2.31437493395262	0.86424554780261	4.68635310393098	-4.83954691166257	6.18107297711856	-3.70200828483503	3.61273813335125	6.13497425438998	0.433670147269766	0.917061721689435	5.79084742202831	-8.47341636496643	9.51000020910851	7.71127592366003	10.9063401696275	11.8865305246255	0.500532653362678	-6.17025620180403	11.9940336083714	32.3166797734363	12.6920642262588	-1.81147523922022	11.632190013523	16.8127021906204	28.7084992175115	40.1636430331729	42.8105359604946	51.492462730935	68.6336055227834	102.87741410288	201.664793017736	524.723617285274	854.751119774414	1152.02333267813	1184.19506962519	1283.59140382841	1408.0581574301	1840.42416265134	17010.4668896093	95129.7494138045	95913.6047848253	7297.35571847562	1830.03495845245	8840.21165827157	26978.1404698616	8686.00657215037
275.26	-2.51489981070051	15.7243711509852	28.478641402705	12.9021896652398	-1.23838039099342	-1.13516203077498	7.71988896854304	5.03437174647404	3.38392882988791	-10.485304067145	-20.406731809613	8.64350543335307	2.71783275208689	-1.76819665941093	6.86323342210672	12.3106675569328	11.2210282956539	11.3369490827619	6.2207663373182	1.09518044079244	13.4791434252148	18.8098592910771	29.8471840615613	17.6383921477949	3.71684037502947	10.3858926101651	16.9307446974753	21.2980354393955	17.7319492770631	14.0140026858644	43.3089846214283	41.5042379473128	36.6939067811568	34.3271394848754	85.5486128595626	86.1697975116946	146.430958873453	423.084519663966	775.892479094912	1095.82347069504	1163.55042785895	1135.18281375709	1256.46639668988	1701.92771258823	11961.3835386721	77962.8681880163	93055.8459383632	9224.47130953121	1795.85070155463	4925.47323945352	22478.3277297787	13424.5439784315	2029.76327790996
279.76	34.8426669881442	7.09797466255642	-9.39421896315769	20.4422253609077	-13.2441042118671	0.367885303874376	-6.94965325084719	7.58669835886116	6.3058501779525	2.54857181290902	-4.25150323188627	0.420180362364399	19.8180002214917	9.88494479043528	-9.59207267759413	2.06361866638185	14.4006609787548	5.51114754358835	-14.1122581323601	10.6478399999814	1.57260400769728	8.40250117152058	-3.44290650925316	-0.476356757833429	-13.5513017346308	10.5366625388957	14.7281167769547	-0.43139404481095	23.7047301674181	30.6563575097685	41.6858857607231	30.2642241764548	50.9649674189483	36.8418689062258	67.4385680638388	128.743866424097	358.664446345902	717.469136019057	1020.47072316829	1152.16308165391	1150.91387854696	1124.25429275325	1513.92772534233	9732.25373530824	63591.486541053	75859.2784037036	10837.2124951483	1799.89625293358	3028.8770002167	17178.8029534771	16845.4444047738	1652.71090253016	942.859920194779
284.264	-9.89002292108276	-7.79460647191185	7.52902783269223	-12.8228728374874	6.8753212727924	5.60201495797095	-9.78896315642384	-2.56209748884879	-9.39355873161088	9.09578079623685	-18.5453826777459	-2.39937894727796	-10.4785011671829	-4.90839494687744	-8.33519494576198	-9.03439597348783	-9.55230464678157	3.49673420058086	0	-2.02676480691745	0	30.1058904222722	7.48960674140588	-7.25377625746274	5.58875350569257	-4.17833899023896	0.412268491512809	5.7479637894323	20.9196466641885	5.6731979021659	22.842337149758	36.0040536799047	40.8247675796628	50.7387403200538	93.279329801611	284.248934335805	618.043550046526	927.386038042617	1034.26002738412	1090.88812953114	1023.53780435943	1169.21136749103	6070.42961232981	51931.6825634715	60518.7743119207	12484.1406019673	1787.67823084652	2146.18206084961	12165.944290921	18493.7549319464	3316.70437588038	569.654862238787	-83.4738708052462
288.772	4.94996048233867	17.194194084531	-2.66919938395588	5.01625296233318	-3.61103200270266	-5.95809786084195	-3.00142199983832	3.08277513167152	0.493365180378504	6.30597518266957	0.637549561026439	17.7687262722124	13.8687732420699	1.54678193485027	16.5104910093304	2.97079112726497	23.5582173724186	4.13222042360743	21.7671918794239	-2.39510310151736	0.471651056151728	9.78374284056596	7.5231340277484	18.0013182094918	17.8827837611862	7.90031691140954	22.2159989124242	21.736262011247	34.1253949689488	50.5690360037339	40.5378120695312	40.0890349704626	47.0022127764575	80.726432526994	245.138990468963	540.433116370658	865.651038830937	998.048272971816	976.275996578914	982.127768293208	1099.43763759094	3745.01758194489	42966.9539409569	49176.0041886542	14159.8577453383	1763.95994747264	1785.81352045497	7909.60278432205	17963.4809315956	5699.82855566353	632.241886577842	514.431821925931	295.932502151614
293.283	-5.799161551656	-5.17988079427205	14.0720381978128	-7.61316222409127	-0.346134299711363	13.9605041934694	1.91800220597096	1.26642175252721	-1.65519756899315	0	0.61112106088234	-7.24772546945373	1.13947436088868	8.52531109719609	18.7035461704991	7.83101601024627	0	9.5062235162104	3.47747851224995	-5.05080025641267	9.04199175786954	17.9037884855873	3.81773418682853	12.325075070863	14.8040091585085	16.2815696955914	20.1742802499805	17.8587628704195	34.1976404359968	33.4168443471931	34.4995501710908	28.2766293587849	61.5369226761468	186.908356737554	428.852746663434	765.411359786825	928.425683669483	941.628120121274	907.477522068626	931.678369562223	2486.17455274099	37244.2055990521	41121.1699944631	15504.4283725219	1629.96592098605	1672.13181785356	4974.10206916934	16486.7927731091	8356.25512416042	1136.29432143832	716.593555313737	893.756350444064	1021.19449936388
297.797	-28.581198108767	-12.7645348247464	-7.01797582435754	-11.6373104114118	-0.670184707773542	1.84297548492414	2.32102060708363	-5.72143572586593	-7.32523664127348	1.06395374756165	-19.2278397043497	-4.20991052879113	-14.7083235650523	-4.66493538996439	-2.78567521669558	11.371801019373	-18.2177341241866	1.53382796661924	-5.04981647831007	-3.55612793456616	-6.56515903905482	-6.19023003512256	20.1223703811603	15.511464616485	-4.90296713095813	2.19937329963924	25.6792608813442	28.8150913905615	37.4249763567284	36.6168641793739	37.6178080328059	51.9415174220767	134.395764967457	371.300861345488	650.536266183251	868.247555658366	863.356370854015	886.426953163123	863.65374981767	1832.68956034942	31016.5632277791	36020.578717226	17883.7394966297	1341.04177635321	1340.13489306902	2955.87550924215	13373.9107562049	11233.6296937869	1635.72834966355	791.128737856545	717.518833897772	701.146686540793	201.385071321631
302.315	0.501038161544201	-17.0062656865775	-20.6686220835795	-19.8021848196905	-8.88191646569983	-12.6647318886901	-18.684059886993	-2.00597443576157	-13.9329080885034	-5.48353290577953	-11.9063705601403	-9.29894729295733	-10.8293612309822	-13.386414834099	-14.6989851426167	-3.72122901977461	-19.6727669241225	-4.89371208898809	-6.60986719398634	-12.6550477884588	-20.1943673445481	-5.67181382248071	-16.93209711921	-5.46631477962503	-4.81323852034702	18.7123978940359	32.3105212936798	10.6079062033147	14.4840646283997	33.1547632938453	39.0001748030433	94.7466827166917	319.919186604077	598.627829835064	812.199919410628	817.82902713688	846.737295083864	813.433246868968	1431.9415615366	24611.92021763	32670.8946379994	21597.2322157601	1194.97096458416	1099.80640916017	1793.3351960961	9512.26920166571	12898.0964774427	2628.41652567408	935.672994655647	734.735920878304	587.638280862533	563.832570057731	-179.726861272839
306.837	14.4898074130929	-6.69438109908657	-17.7822959950664	11.3926519798545	-3.93656998118598	7.21691784952472	4.77167112223397	5.80119150209851	7.84353677708325	12.2386306196456	8.39822191478322	0	13.6791462440018	0	-0.681777557501546	20.916027956111	-5.35041940279049	-1.50158134507825	4.53168011853035	18.712338165449	10.2834169724994	16.1602372535009	17.6891900152135	24.5301927649162	37.2914452798868	33.0147290560695	48.8624758933387	46.5453347052119	51.4343508767151	51.5083753635572	103.941472072967	270.395750511667	518.29664003391	803.869042264949	812.51970961746	833.357644213223	826.014835556796	1200.55952579397	18489.8916082233	30480.3171306735	26462.6028606587	1254.23716628529	933.516010411582	1207.99040125303	6142.02229623279	13283.7874309347	4306.25091895704	1211.91875454993	1018.3878840842	885.138680234939	745.123346542288	774.032345967078	842.373426259423
311.362	-28.9429942615613	-16.4919400325919	-16.1452955506044	-25.7907123957221	-10.4842545869173	-8.10877283229928	-0.680805903130833	-6.19343733367325	1.11908930906413	2.08053873595515	-13.5937117281786	-24.011136782223	-20.4927905504177	-9.82388735087899	-23.1511446164681	-10.4447985375114	-15.6747308893544	-7.12349827435719	-6.17175489105315	-3.91158670040279	-14.5497647327856	-16.1398161051786	7.62886133712367	19.0549292774628	12.1689366737002	5.73443642666091	17.681423922419	21.1302349687	20.0551591506025	86.2022629632181	222.057419125353	458.783073548422	727.402717501817	762.162113645673	781.029855230325	779.754223963851	1035.80148893172	13846.3933782086	28521.039424566	29837.8732043402	1496.03919210023	774.998071024155	855.053834612208	3654.77188637877	11644.2932073479	6078.20865573648	1255.13652554115	1000.68065783068	795.22031368442	599.169219727287	608.523626036188	816.812013775713	1539.41637163893
315.89	-11.465808606114	-6.23389446341669	-2.82257464004895	0.378892329091476	4.25492901668723	-7.50054403954719	9.06824899497245	0.598759884050937	-2.23591932492138	-1.29902410611109	-2.31148762140129	-4.11203985060726	-3.95075699611938	-0.700997913334236	-4.42148641005311	-8.41472193915859	3.91472707144336	0	9.86483986063563	5.64436630690418	-15.3900822791613	9.67411441730916	8.8245016390269	4.66180275607068	23.2081556077432	17.9020246642373	28.2617211120178	48.9022974978624	58.6987854507288	221.538418928201	423.749615014161	702.04882796176	748.142925453525	757.504497557016	755.308929504887	929.896817066527	9554.38208461757	27081.8705349545	28516.3125719722	1802.19857509378	733.818929791934	699.814969621746	1928.25987721959	9288.52387940989	7685.82886949757	1537.91785262709	1036.87622139893	892.81405196549	764.272281012313	831.612012043624	576.933088496005	808.701893455376	911.988186822057
320.422	-13.9807187989727	-16.0556735010409	-20.1935194403276	-3.41548938191781	-5.57304443363945	-9.61606415894183	1.81655289947014	-6.39699537179836	-15.2285887812795	-7.28617930726069	-28.361048203823	-28.8303538105818	-17.2672623437061	-13.6913399475292	-4.08790510338423	-14.496489111567	-9.9807103611435	-4.87684641969988	-13.5858668854783	-30.0065141506897	-2.99730610463496	-2.42239993138585	0.401755771644976	11.2840567963102	26.9350357094635	16.8548395277532	28.6607965064406	46.5139274989339	163.352295576684	370.749176608785	648.679932196228	714.159665913976	715.34261937278	740.66076975316	798.016263531713	6902.84479777381	25595.3020801625	27090.6703347919	2309.67690740373	650.393031237386	582.711588432438	969.31880648396	6549.38010615033	8415.53401915257	1915.86939257877	940.960312034559	918.70487367977	850.587209078465	671.362772458618	651.12076662111	453.753155389765	321.07964559941	-698.519060283331
324.958	-13.3959175267762	-7.3633197118123	-0.833488584347274	-10.9646837317733	6.0889686391751	2.48064723391617	1.87445792825445	-0.206278377152752	0	3.4907023912297	-2.98623409850114	0.354159041781493	-4.45441979818623	3.98475551006167	1.75758853788988	6.26173279339443	-8.45977680436109	-7.35490344377368	-8.92114006007841	2.24369648679921	-9.72038321618454	18.3305256673232	11.1931812573377	20.8784501528276	33.8853791984154	32.5639503639741	60.609258750151	159.988735074475	362.547947292818	638.090670663846	721.529015949633	735.861579007408	744.946643582303	808.840569648379	4644.3871646151	25017.4578061618	26402.765361822	3234.46847242973	673.837392513721	591.491661222995	646.716811649751	4043.65236124943	8914.47704715895	2770.39650417112	963.779664598552	940.485379072068	947.989807892384	945.998712675963	734.915617024836	646.522287927378	580.269102632728	640.039344886681	961.047040224267
329.496	-1.57258242756994	2.80929904829195	-10.1759262002989	-4.78092984113105	-2.75330463413798	-2.83929539371048	-6.19800760527365	1.04934127775511	2.11599165556688	3.82463991789162	1.82292225555561	-6.12548247813425	-9.06388081427467	5.8968763860812	8.22560953488227	1.41571249085315	6.73591535068404	-3.54453223821279	-2.59325581254077	9.58752357621855	25.1733943742034	13.5632968797151	31.6332695781765	20.016310992019	9.68401377758015	39.1544202477035	219.910333874001	326.655878694252	601.7032487978	728.793049110724	740.946456015953	730.284560693913	731.68823317104	3319.17243652264	24167.3711834703	25443.0970702839	4565.14397593137	636.116522394829	574.804554644862	523.313838002042	2212.63367019745	8106.28676138454	4021.41529453001	881.558906412543	864.479939164389	877.28721136214	915.153335515922	921.065785649665	710.413369412478	608.763170585006	537.438063973364	766.091763096469	714.525849774105
334.038	4.22045722100011	12.7229505054116	-11.9480791283331	0	-8.3129060510085	10.7950420237925	-0.239914285635772	3.16822023588192	-0.473237104870086	-4.39905966395513	11.9250128488549	-8.34058607038615	9.88220011772349	11.8694165510799	0	2.13719266400503	16.5712070645622	-2.37818164847317	-2.60989305585656	6.89216650894092	19.905989974081	34.1257832814871	31.4117325168793	35.7671688105516	29.2384270638109	154.59127301364	416.098784724721	600.167071825037	744.679469768729	721.709663201519	732.981002618234	725.175000724409	2267.06091683055	23409.0789964515	24281.6771962604	6035.97604053932	605.72177904196	558.518772238104	487.6824284518	1265.13909589287	6306.70371351732	5484.84053757877	947.748993211798	728.623135823712	824.694060212778	879.795675906399	907.370572928519	848.115130126786	707.464825990201	633.437172025475	581.862256796277	686.19595145877	605.566272340495
338.584	-24.2110394816306	-9.40243106158866	-14.0488277372152	-8.40066874195907	-12.7858452373777	-16.78832540821	0.23935483094653	-2.73938797777081	2.12460104741725	-0.548600190376014	1.52528269008228	1.80894276251341	-14.409535508611	-4.07059755077988	-1.79545158531008	-9.2395721478713	-12.3994235743631	-4.34983263164299	-1.73587137455541	10.543345217458	16.7000940603359	13.6184822285386	5.50540929610152	26.2501249201308	81.676689221214	301.279249241554	681.810308391032	727.658574599102	697.297609704927	701.329481410717	690.303146955809	1622.8624908038	22835.3275017911	23304.4826863635	7906.3666923816	568.119226651263	503.662768933851	452.51067602634	667.261995031793	4482.8939465161	6465.62220029455	1397.39572732605	615.578456682254	716.475463379027	755.801231672427	894.344446583799	887.917381960422	763.008125576099	649.64943572235	543.900054796805	547.800885215517	607.674937104882	-264.317443236062
343.133	-1.57753234459554	-15.0300890615793	-8.50663025975403	-5.59530821255215	20.0242900027324	11.7094001217227	5.73924616338173	2.52634613307113	-1.65095157657787	-2.19238770976898	-11.8862909829964	-18.7957464642482	4.54620530580783	-7.76401185832799	-1.07628270774598	8.16596967092796	3.37855878008947	4.34584227660847	-0.433569739638922	12.3656163561721	4.96033824314195	17.4326736637024	36.3869894029163	70.0727117142508	226.153455885947	534.402833797909	774.34469690249	703.611553161039	682.198300078405	691.529209387987	1244.9555764527	19345.1149258646	22847.9916699811	9519.80486096739	576.65386596701	475.577138789589	455.931660315088	491.665293858543	2706.34946355917	6497.86244760303	2300.87622450566	540.507292615182	551.166984190354	677.044712910133	802.899529825343	801.26921287687	827.715205522834	741.544916094408	765.022683112404	618.44220835029	481.949298154134	776.188172502484	811.087406130153
347.685	38.0167396412623	25.939381680915	25.1979335877151	20.8681849230072	20.4534464830491	2.54219150885663	21.1305906786839	14.7977266651257	18.945742776569	15.9602878493492	11.0171587130746	23.9544125293073	21.303020230916	21.5317953415461	23.775759433736	-6.06058019517624	22.9934510701125	22.6121306096041	46.1477130261138	35.4101758685335	32.6014155476603	59.3444758300454	83.694949868226	218.490565862736	419.053893124109	712.944160477569	691.100226029277	716.571065012379	695.060297937226	1053.33595046961	15708.4316092327	22736.0989008771	11645.8629218786	571.699222875359	459.805986408974	473.447732253931	444.002173681449	1585.65583446404	5812.97390725186	3448.116917051	615.108589535064	511.923635137918	639.789400576616	814.602525520706	830.637502331989	827.46845275855	928.027342142134	835.440785010841	709.95064562654	657.365786481032	693.092826331285	1095.76984740374	1268.99338898826
352.24	-16.0586623265432	-9.08440045280308	-4.76267930989666	-13.0189827177887	-5.62315699661624	-4.18800670551757	-4.86860678654239	-4.50051273543798	-8.16293439201541	-8.64808917595579	0.310250753116788	-6.62307744338468	8.09875361450631	-10.5379472490104	-2.19122741043027	16.2638565069446	3.05710285283113	0.804344996429611	12.3579970893279	21.9119463419053	31.2146602995989	32.8946166456986	140.840163092936	354.987832649438	570.79172546743	621.276265420176	640.31300279519	676.583353530317	852.967222579594	12662.5187766068	23109.2526191753	14342.4487367354	618.12043449228	413.335002081445	434.648045931585	407.024647005894	837.254314493883	4512.33526045297	4505.14352911417	838.268725104979	414.244358071175	470.3259483829	573.004018584731	711.217095112284	786.361218473303	787.170632742699	701.521691890453	705.04271844137	605.493127093487	590.038476909022	532.182277906445	500.675931523832	1075.27196576876
356.799	32.475244662276	16.4374580042831	9.19371462897817	6.99341117963179	8.88409727129317	6.51488991487896	-4.43057690634793	-9.75142946999074	11.8953312085902	0.282079506615319	-0.627416462794006	5.20868907634577	-8.96891272474643	18.2663719265681	7.75476365530638	19.3686771310922	6.56873973388445	29.2791143106337	25.43770829824	29.6986506129444	37.5965322360746	166.743641888078	340.128379891943	537.783114891063	602.350644528013	593.990952956714	628.270757427345	825.073319554074	9495.21503751879	23660.7614740785	16760.4944847474	764.845158332182	399.74994824531	427.152092609028	416.800671219393	548.607748176191	3012.58570471262	5086.4848253569	1362.02041224095	441.430923767784	409.315671548383	513.831365110468	627.672127792557	731.422922170048	751.298777129889	734.060007847779	747.544551492446	690.001533258708	637.269541254347	575.306308119938	655.825209600756	490.435049462855	951.348080078566
361.361	-26.1611347241832	-6.32868165291435	-11.4619690424907	-7.87060109653205	0.715677643183489	-15.4166176879389	-5.45286334483519	1.96386865419168	-8.31138757200555	-17.3266869574992	-4.42250271992326	-25.1009038118958	-12.5653936559516	-29.8895805299791	-20.4515448847379	-10.303772948648	-17.8980255461501	-7.78024366188172	19.772881441813	12.3419469230416	133.205387082453	283.80780392315	523.174344601503	582.727142873484	557.409872410769	615.742821468744	734.997557230921	8034.71730321215	24106.0703482706	18481.0376612607	980.631450125188	370.282168893527	379.434688201803	390.321888574191	430.927640016418	1827.78299658555	4897.97895100998	2155.30334508446	503.828734078921	412.717048686479	443.262575929107	491.722923692483	596.254757753595	632.956299367727	692.586296543923	742.395501865271	652.726011986868	688.658311916486	583.54697497134	522.990927295358	486.827953606722	422.162680524185	234.605814097184
365.926	9.84038013413227	-5.37138910055307	5.74848319350625	-17.8668004480476	1.43572570770596	10.1994550659281	5.22089859826052	2.84536058805163	-2.45198973668142	-5.41331532558446	-16.7934518383224	13.5282334180844	-1.57547001704629	17.6810104035372	6.71366961970539	14.3955043900387	-3.90275530236136	13.9650516098844	18.9317432832627	119.034914841556	272.849991152354	480.056463654383	568.319476103684	543.181977049437	565.979540192321	665.52499036342	6587.91177048348	24188.5529656173	20868.6047688358	1250.91057953528	341.181027744106	377.803473582364	379.073898901217	405.080981516307	1041.40505466706	4150.14988920659	3088.84485325198	644.498732467422	471.012092344562	485.187674413174	508.132582225166	567.453357105548	669.194139543573	710.858549189279	727.222764761372	717.720819180389	728.037248413179	616.750913615284	503.6549667494	521.897605126067	428.867435930529	687.110287461542	843.237691836822
370.495	8.67595855850864	-12.5928894895961	-8.33338852758777	-3.70918894307956	-10.6804820874115	3.91610778858539	-6.16487234313477	3.47353802761385	0.972829552630446	-19.4992061628514	-20.1141735623015	-2.98185616066857	-6.64136254118841	-3.43123033857126	7.02909118753747	6.22399616577288	9.67763964818034	-0.814801349171897	58.5693936301659	206.382994566796	427.80603077178	517.810091083458	513.528562838569	516.374144422534	568.595093738608	4815.17169538144	24120.9950629798	23613.2330838089	1716.64154719074	300.650600209656	333.554074490118	353.854084536655	372.604201958746	620.180413616232	3015.08686329943	3785.16073638656	968.668089735723	487.303886450701	461.753979757066	501.803916119332	570.381071272236	620.041469301944	663.086907343215	697.395688370993	677.409832962857	659.514874282677	620.056912508832	559.743438519416	661.584912922786	579.030477619543	699.146038806663	412.087517023688	661.330554209174
375.067	-17.2921358739991	-37.6485124897455	-11.3642963974593	4.51783439059888	2.48352660106445	-8.78088581922883	6.88086893353436	-4.75966000220118	-6.78634555767946	-20.8401449284346	-13.4676508789505	-8.91474899389083	-7.00780400355204	-16.7171105743598	-3.31809839677089	4.7431288443802	10.4158418517088	61.3055602825416	155.052884827694	377.457462329535	488.89175108333	510.34589950696	513.498540980984	560.074884862573	3833.87860173262	24338.3289515443	24014.1505661365	2275.19969691008	292.233377265529	292.839582663002	343.571924071479	364.525725328346	453.168695508727	2069.85266850407	4147.75674481503	1526.00351350814	525.941901192524	487.961998107043	530.048871788364	576.76727722013	650.258912786343	711.894806194885	736.456602619271	763.955926049562	759.014025977682	681.742830723159	689.121413992029	618.778384578928	582.418653659052	486.624481931308	570.820940165007	655.488961612755	465.213262762097
379.641	0	-1.85987075030227	5.89476904215402	-18.5953789825322	-6.49372557125607	6.26576518846196	-3.07750070134262	-2.08412039732985	3.03522468093057	-4.88327378795154	-3.62054703849804	11.0924920415676	7.87586549480736	-1.46398991173022	-2.13092201276157	-1.05441695000334	31.9594000758095	138.841988731677	321.907743992785	453.834261426528	454.441078739525	481.944277240928	515.185915992797	3043.27410911431	24122.8292183423	23445.5438243559	3589.6942151715	289.121613331024	263.52902274862	344.826197676161	343.877790232971	380.148469438391	1260.44810014613	3821.75258944073	2335.87601271383	634.445107033944	526.217472390756	577.222274267462	600.210337329142	670.476723082883	756.547174681141	770.481254881587	797.154495919774	822.295456697204	776.762373468149	770.63742597046	712.834971220894	691.511746916038	692.522365614983	612.223956545039	610.530675547964	912.931285679412	485.493866824847
384.219	3.6161463590743	11.5356621000896	15.0425340650181	0.785266220839744	6.7834412866805	-1.86541349716963	2.5842066394198	-1.4477733851487	3.47550963078417	2.42304133664678	4.4912160962589	-6.39174854998687	-4.83840360065216	5.44815050301159	10.2210155210565	37.669913589535	98.4671057872766	246.071589788188	456.183293555953	428.33138206496	461.612188578444	511.272581870476	2581.250868667	22873.7485128223	23973.4661278801	4211.13453284803	293.598677792441	239.525050476002	289.203972571244	321.689584441854	366.879909218628	790.029406560304	3110.79023244474	3079.46448498651	880.348320848586	579.612114812014	603.686336729242	634.487609322115	684.091062191345	769.820950540466	848.317718097268	906.637701804168	874.287910252476	850.461511878049	848.528744050782	804.48323022813	783.980882123857	681.874190678075	744.212515665091	666.029483247104	633.968053477002	1102.27369814168	1538.04214776706
388.801	0	-8.02888413086053	8.88630778632486	3.79548332879543	-3.93442696994034	1.80324726619361	-0.227098737814999	6.79769435226693	0.8959162137296	8.84865776560817	-6.07816037766024	1.37305310787947	14.3912626488699	9.83096242656676	19.4200826208584	73.5034171534429	201.066252392034	321.538666883803	436.45144784472	414.056934243002	462.501847367124	1912.7342649693	21307.084600897	24441.7317446308	4150.38178843388	289.438938584334	225.777455130322	285.463612458219	304.565023378374	330.448095999723	501.192985434273	2193.23696989786	3457.47780444179	1202.13737197392	615.944719989036	586.203541473893	597.443105169777	650.488975455985	756.803269160268	836.398059286306	897.233908807457	940.86624964474	953.425097754788	924.795672911775	867.287442001596	800.314374719629	753.15429109841	676.051536930559	699.871543632937	661.035237675946	849.443640554666	1226.10041170905	1468.8727178241
393.385	11.9460180846408	27.7428500039228	27.4417656469861	18.5221883473674	15.0590131176712	12.9411114582968	13.4729110280385	2.48703043752223	11.1446332295379	17.4321740439289	18.8328828530538	2.6276793190966	13.0821021670817	13.1026048520157	64.8760389416678	142.602893388743	267.10183597789	359.369730725855	396.353854314376	450.719764041547	1608.36424250441	17889.8226689966	24164.186916244	4711.64394226663	270.833105384231	224.105045984783	233.987670650778	283.944108367887	311.645373546186	405.065503133102	1398.90877439055	3303.56270405701	1690.20828678609	621.735149214203	609.063071987506	617.903619988081	659.538509088893	692.284824903135	784.658052502876	876.97004810876	945.782323494073	1004.85133131275	958.486106143945	985.194662871502	915.953366184954	794.058827884639	725.171406920951	702.152299085047	705.383411970755	747.746661642205	924.155033750187	1096.40609408216	1731.19790454953
397.972	18.5017896641942	-3.30520417779544	17.9583126673263	-1.05466361535056	-3.03686763463825	3.89724481989857	0	5.92595453692794	6.43124003942007	15.1867432802028	13.4044341472875	8.90247978596579	22.6607062709342	41.3016447250276	102.877271721933	198.937240398696	250.29657432838	288.440405873707	362.690525654372	1089.31986060027	16731.7938231199	23475.5169588384	5569.93522051727	277.909838850396	183.548677649251	213.941437844016	247.475646333393	276.487033921976	316.019089345113	844.12460716321	2817.22519433021	2238.53312316327	705.089653254982	573.299244012172	595.690180177797	613.883096181369	632.756406752287	690.928213200193	757.434330632655	883.069414752874	968.767878239556	977.356790219701	967.346365584458	964.152135624313	865.231634257368	806.023970600204	738.960663083064	725.335576458129	661.414615896993	614.556357620209	905.350229398759	926.110790583829	1310.75953051243
402.562	24.4589758354172	23.4359276215605	24.4599201197762	15.5479226358912	5.25557452216763	22.4817839149895	10.7185994349493	6.40962568811302	10.7708162244806	11.1246708429109	12.1142956786445	21.0922973903451	49.020506019697	97.5528698230235	176.885495887826	204.777794835089	233.660523196904	302.376764187022	768.544117321724	12953.9365419892	23919.0109200182	6231.2073923976	295.918245466141	196.842879952044	165.954939320665	206.011084292046	272.5984947591	280.576122062948	527.710197493264	2080.97613272624	2657.12693157887	918.314464574583	566.668250120437	583.986427222371	598.232262486983	629.122525216399	666.503231219356	703.134829632812	806.396044104417	893.111141715452	954.477581900456	994.562187507637	1002.77334284213	950.936253470849	879.633870286237	804.748552516494	756.504775218157	738.756496436165	689.693374963884	912.548250964438	1039.69127919723	1195.86465666766	1962.10784723766
407.156	-2.64605616578157	-3.93914861415991	1.42685007543331	12.0667209513232	-7.81778436316726	14.0669382913066	-4.4122192181298	4.76723061074757	6.13181127115935	2.29836056812567	6.64577890728775	24.2514109957271	74.6666129135455	156.894674454419	186.245825473005	175.084638127409	240.217309218254	518.544947971919	11480.9905247799	24051.1059262542	7408.35292038768	310.947750109882	170.325511044676	172.866798654381	181.520729997459	239.455544993786	237.828683712357	341.733661016372	1385.88193640944	2741.31467397838	1267.08369619502	544.646421702967	548.778848720588	588.822396787061	612.068818114373	637.548510042739	666.004439739986	706.440568926241	784.425316080806	899.400041949134	963.464768338294	983.814580194392	1009.73076510506	901.752911306892	863.571642894901	796.315604490644	741.910722432314	672.907723096365	745.135756418824	677.090320997905	945.40787853526	1218.14290868351	743.511774772063
411.752	1.73496319097399	6.198759894267	1.05249992079516	10.219530132996	9.11281108707743	0	8.28449723637591	6.25154502726774	8.36523232579994	16.049406487459	23.3796473152415	67.9773668223725	143.747031952948	170.77652746243	165.124898259522	197.970225901752	375.288145025964	7723.95127076005	22359.6541557866	8874.52776566331	379.023420707203	156.067836768139	150.417442194409	185.227996236358	190.388163711275	228.655487579756	280.321804193533	871.475841063055	2492.12822463527	1681.91102117821	577.536495039622	504.0544960063	583.732488132644	620.636950703972	629.735199187815	648.535355248097	669.205671994766	728.936866883936	794.803553941989	894.695524904904	948.48516748051	997.776340033902	1000.61213258917	912.107253919851	900.943935353961	829.361655975193	716.415847275806	704.633354414881	751.368911190613	744.903310620906	690.631625991045	1109.32027783382	809.050819821043
416.352	9.39176649282648	-8.77014955511908	-14.847851118296	-3.24461794781963	-7.00707440439997	-5.65227379593128	6.79484012663164	11.2803644136735	0	16.6861530534739	34.639959380951	107.987040951257	148.553372871178	172.284566836945	185.820393017843	286.794352429324	5345.7778342511	20083.900224995	10386.4306588308	463.273687299842	135.452778610804	128.062401243669	158.349313923249	167.002940777423	196.217716066954	218.609700891515	534.253126121531	1982.38548935603	2091.92062629634	666.373906875298	474.913414575639	501.386903865367	556.727723348359	587.538504462062	624.510774070363	621.115682218171	652.3693691368	704.883549282461	771.767820895343	844.478565009568	938.836854260167	963.832681554111	944.101395877556	910.430768157084	845.81620801103	781.775874222977	681.007817250069	718.802164491635	687.886511948821	779.368266322133	921.789439656426	1004.47494991395	811.601161214449
420.954	30.5334985195678	13.8232445215642	13.532693414351	14.6234721001996	-4.11923987077781	24.4175084868392	11.6029958387415	16.7458924359724	16.1336056423658	56.4577838277082	99.15206178264	147.205110006667	154.590162669173	177.035383939389	252.548660431431	3942.97706428596	18192.927244062	10451.0767317377	565.242238750269	160.652424559232	142.398627715253	136.633816491691	176.350075789175	191.006048751437	216.977173140779	360.487532527006	1436.67487100912	2219.18567769526	913.926092841724	452.16500407841	476.259736005095	522.599692720055	571.916693033739	595.529952638239	618.344229925159	627.342107074507	651.142492742252	673.628148201817	748.544826601146	819.679073750803	891.651609568006	943.875787127098	918.276012852279	868.89203831581	834.93536616627	828.632026387831	726.286326815658	708.987568205724	732.00289332388	922.095549609768	1104.57434625178	1216.45322453163	2070.49878285734
425.56	-10.6689868022994	-4.76483361769699	-4.9786504107466	-17.1534499717962	-6.4659625761479	-5.6800684665585	-5.41170881803276	5.42148622581724	17.6685268383901	69.5029990822642	98.4634172196572	120.159647561655	143.975823695352	212.3427912247	2926.71488192733	15131.0397641133	9954.17236020664	656.988151296813	147.515707010047	98.2827976284419	122.107093427046	133.714345198637	156.501616205167	176.836030461003	233.790809245937	903.602190913909	2074.50603408182	1187.61920055771	431.0939127621	398.155269197867	427.667317833223	498.593822998604	527.157890582784	576.104427498082	588.525097610663	599.574065570196	594.211286929252	633.541241987078	669.340287444095	758.28341696575	835.176943298477	840.813487523112	846.486198772471	793.667661357799	774.369338331633	757.933957956858	690.325108259322	702.504257671526	707.922237995358	708.763183207961	745.8096775831	965.526804885115	912.606807861854
430.168	22.1403815607803	-3.23608171105082	-10.4194053324635	-1.52978844690299	2.64298395504939	13.8093479326517	-1.64759897903862	22.7245929726071	48.7489710394443	116.645384027226	84.9275368240026	136.140308747682	173.434054200649	2314.05230916226	13614.9391178573	9706.42925064432	796.038609944927	125.212304954406	108.867487764825	117.452483732774	129.10872810015	141.590721382512	166.809313852886	196.377868150507	575.012772912876	1751.77635042612	1499.94301828538	489.491663974399	366.992111020759	405.734991586261	448.383617497385	489.401376644054	523.858698223515	556.600017537231	566.393066608755	570.419824312488	583.91296517574	598.877090409619	669.093530230085	743.490843305269	801.358872366635	819.875875126119	815.447456704703	778.594383709499	753.675740122825	717.352781513642	638.381225458838	688.026990587495	672.998747663107	736.901694338905	884.85309491554	788.344131695445	721.995682839829
434.779	6.82663833555642	-9.6844797628262	1.94885607605223	11.9031400018725	11.6006617890673	4.10849535152283	19.1749334811724	45.659473865641	74.5654413085215	108.616470377903	101.244622136092	170.034834417964	1693.35213109813	13153.8001781644	10480.248115804	967.670342007859	138.750733435223	96.5455386035573	103.965576907069	137.10049642649	123.28282835881	174.688121774992	184.495058011725	379.589832370647	1383.12140684537	1736.52842203134	626.054904478373	372.383946456813	354.202054290359	404.46205865179	444.519846365577	488.479476044547	520.62327964571	550.112215329346	559.099539501475	545.702827250351	581.827251606259	595.327072729519	650.997808030866	719.811038183344	753.157947598203	766.498578803786	792.555280001675	741.953818509797	702.062629237503	729.053750676899	702.956914832645	685.210151075734	705.633042666702	717.313166436251	994.972285894357	1073.98370665184	1339.62457881344
439.393	-4.78673986814462	-7.4822537631189	-1.61324054414119	-5.76038011381924	6.80932469715736	12.7236101811616	35.3736427266396	74.1022082415998	70.8488889667704	91.0548420254575	124.846701765769	1304.34040834133	11644.6939806894	12117.205343066	1257.60032052721	118.234987480355	91.9799258170527	106.692240724547	112.154035671934	122.291488344101	145.381484662674	164.817228388301	248.743040420033	973.900910368392	1786.30013512791	886.409056936654	349.38867107082	339.22139726322	356.626512304832	389.823281394827	430.296331333299	472.885890878329	513.833341059116	515.339160918925	539.243146870771	540.527430822139	549.269944198178	562.729111512401	583.816019467429	672.368386343152	698.490793508404	714.398500251655	714.632375647038	685.544554141712	718.484317638175	700.613060897009	657.921981415118	636.774189240573	672.559805572296	820.500908052392	845.830915588072	734.543897379277	829.90572207821
444.01	-13.4092233637868	-15.1477357942576	-7.65608053133445	-17.0859261358539	4.66089509500221	25.1597590715922	57.5726650583485	66.9491632652535	79.0699581137625	114.690979307487	723.702964477698	10115.9662284274	12590.3336352585	1694.79795447469	111.396908745013	73.4948146422282	84.4652194502849	97.4865864388686	107.310098575785	122.97100464639	154.900127408391	193.569320252995	630.858186836304	1640.89361520218	1133.11552662563	375.881477868085	305.755161738693	309.504598802616	350.651407712102	388.716225601255	427.337234958933	447.475401736338	476.790865783999	495.535323883414	505.594850383183	503.577680212188	496.977161386304	533.175920411088	573.629099286425	620.684883444782	661.961739637404	680.659812868795	669.912338547937	692.340659544766	684.951212339408	622.729111415266	675.544379942274	655.164628741708	711.257164212304	659.853961960637	866.908918108371	749.301651011598	282.941654331597
448.63	7.35542088295064	4.84101603458296	11.8989343205214	9.70972272503493	31.5172072594137	56.1496268925788	65.8433809070122	73.311086696323	98.6237565736715	584.484201508775	7536.38028944998	12828.1269683055	2170.20182071065	123.844065868588	97.9886845038458	91.222561572095	90.6483123877174	107.616759113347	132.785056899157	151.389325821353	175.950856811998	412.565077733866	1345.32677849746	1381.10123012188	475.453636227741	303.342996757435	308.081380173397	336.044390357987	362.210171981522	388.839798217753	420.802422501396	445.625357399319	471.508812364999	487.5094983299	485.181312122407	499.101959028014	482.1323180887	509.630511441011	546.143658633943	590.440966834408	610.417785131809	642.931507579634	633.5961929061	653.792860477958	678.097287888426	666.208417568298	660.373644136917	678.041018207092	684.391020455675	763.910542613524	790.809728030297	1165.49328865743	1430.32041364073
453.253	13.0114915351904	4.4437137648822	17.3343170906913	29.6679336489578	48.9953532099249	60.3427866973452	70.6579109660282	92.6953887264671	396.66820371351	6456.36466900032	11146.8505097265	2782.07494732735	134.272757644478	82.8721794604798	81.9833961163071	98.9623157261886	112.558250573439	111.271358167566	147.355718013182	156.320521653556	283.545982267648	969.464001250419	1500.80527202821	645.06054946089	287.885088697855	274.030321102168	298.313301869127	327.872101525589	363.99541089547	382.25118376914	393.836595840984	436.834337486928	449.088347385614	456.68681698106	467.799477793674	462.268045883666	463.472232154294	484.260820884529	496.666171748084	541.638034052862	578.809104410733	600.349847117978	602.154174329785	577.383380833539	615.308934686527	638.959779173142	579.871590231905	638.969771433476	711.940733798518	866.263870921445	942.257831632426	1045.87167714222	1208.0169371341
457.878	-0.379005730442579	11.8486365708726	13.4886658477964	40.0405041901579	40.8095437577173	66.3765491459433	83.2490910278833	316.226367946472	4923.60940703383	12451.6081689583	2618.24527962776	131.563788631973	78.0948850924922	62.6215072065562	77.3152304912356	93.9149538605267	98.7576149288709	119.596735220794	130.311810060311	183.863684165639	676.36238291879	1426.86167758476	865.463631795555	308.939370433876	264.947691024793	274.930198100557	293.29197647101	307.061435281274	322.543904282408	373.026305929604	379.601122415362	410.214510693996	438.443852013634	419.234068202711	419.808565127232	427.00197023827	428.346582132098	436.653396354605	451.49720951768	501.422148290794	529.987140266843	562.245901135461	563.016047280157	581.497058118715	581.826777572992	584.244286496774	610.849391866994	601.817221072452	636.329066494743	766.534668772368	762.443853355462	814.23870035117	910.883350382745
462.506	16.1617046295525	27.193072878574	46.5136781874005	66.5600426584928	60.951974386181	77.1345576850733	282.709764032811	4299.9117044821	10304.0926350087	3960.48831337699	146.390439915317	87.0658466287719	67.4262237746943	71.0854746021447	85.3907903940862	91.8650232166865	114.035374147941	128.485572502095	159.288262359271	412.462283060603	1208.68064158203	1111.39079631878	365.927236103957	247.497727126887	253.300924194191	272.91358865167	296.179683356563	317.504928681673	331.786591415714	362.855291926333	367.382453507105	403.959849900638	408.42228327374	409.084742722297	410.235422395489	407.152900936547	410.655332297188	405.063949943199	434.392063539434	474.599714345273	498.676517074059	517.924127461326	532.256230736017	528.161632064711	566.429368446101	597.166856862483	606.653382516506	652.995008679428	704.568644013217	732.416465759053	869.956026469804	1054.65051158604	1402.14921717152
467.137	11.874007057962	29.8293913409141	42.3191543049024	46.8160074195757	65.5347609260471	247.65937652821	4348.58873094787	9346.35576618966	3504.14321642507	174.2378363493	71.4019612730493	59.6846152572566	59.8833549295038	75.1362800694467	89.1123872237081	87.1865468580204	110.19771949388	134.653830623816	240.170093450625	864.825367275726	1204.09302618802	474.953798267284	239.150060898004	230.752285928255	259.120849730342	253.444654724003	286.093497645133	301.93554500045	302.179571325499	337.811502478224	344.04059435112	349.310215692528	371.505523884973	370.455606599429	374.98561155314	382.137866489327	372.368590291873	370.694506378894	396.750032889843	416.609261408279	451.13300297082	481.75890366831	493.750353667053	501.435075616091	535.908902605954	578.58311114851	570.109533770925	543.156676135928	611.114096925531	730.384451524657	838.692270471076	916.479295692654	745.379657747665
471.771	43.0844974640902	47.0355000369766	53.3161454609119	65.4922616471382	175.76876280932	3900.75269855145	9604.23455687933	4234.96471522673	195.388586982104	73.1190431858035	63.816222219904	62.0155316427115	79.8568998418622	71.7174462483546	98.9873007981524	100.944837294356	109.360491288707	172.641029516611	579.315950490968	1177.0535477678	663.156534915607	252.198039476904	234.962747871703	245.356224938947	253.614633478616	267.123341381365	285.48563435983	301.460746549005	327.665198368698	326.010990847937	330.773010773635	341.08551782059	364.845224325834	365.291088252213	357.240354992921	347.299027695706	345.465280843366	366.604114509469	374.61908018371	408.790585622048	432.043462732997	447.933474246916	460.343642887117	491.359410575055	537.313915477914	564.750613635075	580.507413842595	599.268462513841	640.527847207384	726.647437190723	849.481541356751	1049.44192576902	1875.71002308453
476.407	40.692074938128	45.1877275071577	64.9383896721513	179.43686998631	2727.74557936786	9621.1930869751	3903.12055428621	225.734417829745	72.0178654168761	61.9016493915726	61.6182823314262	64.5098510233573	84.7818072437486	78.0979012113084	90.0404066633914	93.5624456668287	135.827018168254	351.99943646421	1008.96275534037	857.606080648795	298.970930211474	219.648474151499	217.982661322353	227.688436293438	240.559797142185	261.714952648194	276.154350107737	283.553506395836	303.194040781223	310.25204727413	317.928815420606	323.425328228487	340.797924083472	329.863810580176	332.992430363262	327.009556857213	327.142406896953	338.011053627081	371.940608948009	376.314009527938	392.080447705274	414.664117144204	437.844304411582	476.164282225004	511.888980343647	552.828261137084	599.47276800508	558.330118949214	644.18082355488	741.434656712774	936.796116909192	1076.89049420153	9099.86891020243
481.047	31.3825445208641	64.2111556821972	144.038990046354	3010.08296674551	9521.87474153074	4335.67534329847	234.486830986642	61.2150648960567	57.4481564429069	47.9248317877396	52.6639927753464	67.725572253539	75.716925461172	73.3779565180302	81.1624956563664	101.756617666891	223.516167476182	701.591382092719	983.572932961689	384.565268669313	208.413343300536	201.527135505893	199.365557699186	214.70020061963	242.69198736833	247.409853131653	254.199673065667	266.800764011994	271.957150313414	293.323617484017	285.552087054395	287.062353538068	306.527874401881	309.20307219615	289.86381552163	306.860251610385	294.031572606096	310.578681612309	320.382131466005	359.689093221528	370.975681528272	384.916583576005	400.57075424798	445.00269213206	456.475840013226	485.551633717978	519.448952670678	523.863239721191	607.47658376979	650.043584559423	878.645569143136	1455.93162138148	23574.6687943868
485.688	63.2380506436412	140.069707279661	2394.31169342806	9635.249018221	5163.99966947025	324.049251364363	70.4830713677281	61.0271396215754	52.3000773927924	52.9599444499121	77.7540766198752	74.6256345551132	96.388281425712	87.8958467943298	109.981351095068	143.887754303336	471.022365459333	934.309872130107	548.235325541446	204.709656849523	200.61986499575	202.75875341855	234.118694620997	223.613399425401	240.676286084405	248.358370719741	276.393966090378	277.834187946654	280.412299225565	281.858744441221	284.278239860328	294.088977248	303.496891031902	318.803936319086	305.146771335878	302.57370646384	301.704018061437	318.69829811138	297.626392132683	337.563582895614	361.372362403633	386.805935912962	410.314044484003	459.240919187273	485.042876541927	520.969877049887	550.440198563654	588.679508859077	694.332692609673	813.045797410746	905.702113250017	6597.63002045571	34930.8196277831
490.333	103.592532644373	2330.58133697512	9259.38417349772	5249.08766077979	386.936773926446	82.1725476457648	63.9233950519572	53.3455243030314	53.5228083669799	47.6927514496551	68.5281915100138	80.5176721503449	83.0736609803147	97.5418757446227	122.622904186574	308.199108159817	774.554830316335	695.528775282252	244.471918197417	188.7377218198	187.089693727336	198.011885397716	212.652194198536	226.780098857532	232.899412534457	236.08785525964	249.804392106512	273.316149793036	275.128140029515	263.386710366639	284.42542779887	289.467873082881	281.033611074887	287.326596800839	279.729397332421	271.820202528972	279.692599689407	293.183714818326	286.376072916249	339.461090240118	350.488182788575	362.29276978563	395.470701473913	430.299687464575	476.046046059628	474.077484182824	510.733690128285	580.214757439864	725.255777363664	871.829541138742	1265.21506208913	18028.5394855452	27259.1022883933
494.979	1637.19544084286	9279.17145833115	5875.37513727313	431.653458138647	61.0253639877814	53.2961475273141	44.9319124605167	45.8567712749921	52.849355577627	60.6459803498057	62.1436703637989	66.6575945797119	81.465514925537	94.1663007346218	192.739149108655	590.013268117846	758.635411567528	312.325278373367	163.834862993767	161.587399835658	161.925720208912	179.308260264804	181.668807801599	206.746587357315	204.161912198464	221.557989863714	231.313600503848	238.36575316999	247.433755098422	251.068540825797	250.810048709869	249.115216370848	257.299551816904	255.580061331256	250.035001098587	259.55005764689	243.719065914457	248.779123931106	265.955507498768	282.794713831697	311.657345452182	328.095589722193	345.473971112636	358.037175416274	407.564790217358	444.352065749743	467.522131594792	530.491104086306	658.641437380811	693.281290200975	4709.65812053597	27729.4934860476	7547.69906908888
499.629	7936.51544637878	6048.76921507493	510.754916266865	65.0428769217142	59.5339065459264	48.8735276336451	49.516586773895	54.8195357238564	64.679608538674	56.7458965075112	67.541022425845	78.8501801432259	85.2681932770604	137.491890185421	413.422711866814	751.15064182057	443.510491809972	179.482047887428	157.335292604109	158.266300708539	171.758088306369	187.861040683695	198.661297873969	200.351877503819	206.400863307469	210.283047732731	227.352950738676	240.550563795546	250.085014150168	238.689911754741	227.26806897776	248.908551811026	240.870624186238	246.077560423576	246.947359648483	251.523682512337	242.834522101268	248.202400814647	260.022262027547	263.015500984204	287.85750306028	331.40788716392	341.091210803574	369.209991909861	400.172074985587	422.814778430523	473.822684033024	619.327937377972	724.100277106279	863.742244910701	14077.4141372107	21655.5509989064	2233.7327641129
504.281	6260.18759798561	589.351388069656	58.0868662626073	35.1871311475871	31.1140571613318	34.4442501826487	38.957908505588	51.6653087244166	53.3013311854342	47.8753622140802	55.3563188623653	65.1498983874961	86.4067870354913	256.557746897497	636.69176604707	512.688241101762	171.758036001363	135.298313887842	129.244353770064	132.07769923212	153.804084727865	162.116415731923	168.361864101653	183.798200407442	193.953178230016	192.958520519064	213.637976050766	203.752980641202	212.560459184877	208.466299005395	211.180823302241	205.799753096067	218.324469795642	222.809978353188	211.274918157355	213.677191385593	214.784922797695	215.667210412718	223.438389419381	222.890436637544	249.961027194291	272.026923390301	289.504301793186	327.20457897788	348.177923573881	389.477531658318	416.84562250708	512.012967626571	566.652228932473	3029.80746346757	21881.1739369665	7639.7466802372	758.422757723314
508.936	703.21437115355	62.8443467720138	54.2690476182584	55.9557765487039	45.241359238171	50.4194162408767	58.7146558386692	53.1429431559793	66.041243129007	64.2627341949296	77.143746348527	87.5016538801909	183.16341288497	514.310871160089	619.325366454905	240.460820728636	146.799622695567	132.152664712016	131.273297512994	159.828944634212	165.767247574003	184.158894006865	171.584443244384	196.139559313442	192.423273675464	188.583542451579	204.319033048151	215.762077046662	210.7040737359	220.786686786636	211.597554334815	224.446559351187	203.346842682915	204.695921194984	219.261455525138	212.863031703396	218.129845736522	204.837728428288	250.038772444293	266.873480491578	264.481267046388	271.446864141201	314.980566958931	357.926334464504	367.968391403038	433.950870683233	508.573803674751	592.24163035062	723.71367051461	10545.5229713881	18123.969061731	1600.68361941546	1509.07249131278
513.593	59.852607900646	46.3758668295071	46.0789548924968	54.259919023472	37.6395332714784	46.2200593019863	52.9619669134518	53.6997815504676	63.2311419439661	64.6403630324356	69.7985161557759	115.742027974744	347.309912158484	627.168970191498	337.994639965799	139.736477544538	121.492352300591	120.818685539618	126.941846455491	142.883267527562	152.125382041587	159.180827765978	177.548524568313	168.867182930832	181.711574347645	198.88018031764	179.367547397016	196.185533294469	200.071631986415	182.080953086808	192.732083558205	183.470913917716	186.882135478864	184.330180194085	196.505063170211	198.223184145793	200.949400219513	200.526975918612	206.879324634945	209.943012295086	242.744472990428	257.324520597508	285.897776750133	317.498059373402	315.183066716596	412.945813107919	520.884170187327	556.25349953799	2345.75517021566	17586.543361098	7407.35218280027	843.108760674547	1034.68263871453
518.252	41.6173600853471	66.3348027880839	54.8464959302245	44.9924294092625	56.5327218428554	54.6277061729593	52.2099299292007	56.5936037448293	63.0785764259931	71.798954010023	79.6416127461275	228.610140133109	560.902083801152	471.450084421896	169.628125832846	126.205177225863	129.08596547776	123.184764199946	129.566460634257	143.4247861153	149.217536738964	155.780807415471	165.987368136978	166.352488095898	183.196770136683	182.949060016569	193.224369413456	201.036378616652	188.708367894469	199.670929403803	191.529443315386	188.482230181538	191.439578475582	195.881516119072	184.448132057276	187.79513791913	188.518884476905	188.67178551492	207.814192807728	245.1723419484	227.026229954762	247.191752512912	277.812875842809	313.889065935902	308.877644596793	429.99367038759	546.15839996881	604.089531522413	8194.32519971112	15511.4337190969	1435.1129885491	765.522612813246	1737.37069650823
522.914	49.5783426567533	57.3461501577575	57.4117551642405	47.9832247450482	48.0068467026223	48.5133816434888	57.4205118658879	55.264056311505	54.8719762771057	72.4956863002517	155.253669783815	417.042902896203	531.934710794632	218.928008129228	106.099120522852	118.00385447786	114.074131368277	133.989715924932	131.457894925574	141.035370511039	143.14778966205	148.81613875695	165.30665699273	167.60628995915	172.112975198055	168.049157175814	178.448816913648	184.006088131536	174.782441330243	175.401549960736	165.106352253107	171.68634648311	182.393345454749	187.405186159401	181.2741171163	175.376758598594	176.052214594885	187.263327800669	194.90815253079	200.056482839838	231.99274767082	219.734684971364	259.400685643554	318.634090334203	356.58641506646	481.625774600637	517.797758964546	1712.17124861001	14090.5796798809	7047.04358717039	869.899697183581	797.548797341804	3544.04443432291
527.579	22.1120002478956	35.6786917671503	23.3664051770542	32.7990052392781	32.547921234663	44.8599238346666	51.414095084649	51.4035876071264	51.8275439786261	95.7224760953688	283.39914058102	507.709929026968	278.789786923302	115.847907608471	105.115843122385	98.7286290901343	96.7502040560072	112.540771747682	107.038415263095	116.483012861605	129.371405794096	125.44366207374	147.786316740232	139.241875135163	140.207485154732	160.348894125682	150.125529954543	154.037114401797	161.438517685831	156.505070216094	154.526970900749	156.465118777081	151.401968462954	157.547160577024	159.222918044862	152.715311220114	160.297363734392	156.706458056244	182.546792625848	187.556974209618	179.435241264317	218.513387766153	235.957296753202	268.032029873873	330.032403865945	435.180006771948	493.413996822911	6275.69410083133	13094.6586666288	1370.66580588811	476.460733591396	1016.38812332613	2814.49969969148
532.245	34.972234750897	42.0751621551793	49.0700808815524	46.3801747300648	50.8427646709028	49.6118239403404	51.4449991712575	54.2919567877615	72.3460828858865	178.72736434739	440.763367001319	396.158567590283	148.862961156395	104.125064513495	102.013916772977	91.5595848160654	98.591670734993	110.195380450649	122.991624244503	123.390806386724	144.138435976895	133.887001599812	144.716650117595	153.786508419152	155.323021493512	147.886461349579	151.227321698191	153.626011496147	144.929096497678	158.090563000877	157.815495147461	145.271202113051	152.484744153188	151.062905336626	140.683331965931	152.807105643347	151.936592407038	156.491988786187	180.381437027567	182.466299739462	194.720966574446	205.830388947428	232.562060870219	296.024502591379	339.66594555445	460.766136659088	1300.60831124276	11564.524422752	6552.53419402242	574.2344790179	712.348902722535	1736.72146472889	3277.02277209945
536.915	35.9858451271634	42.7501758460575	28.2341023047519	28.7183818954509	48.6710865774371	46.5635486809584	48.2770045614713	58.9263584776079	123.150313588708	318.261351681031	432.161615840536	198.630743686302	93.0758338799692	90.325380598869	89.6133393577503	100.104092161449	95.5667019145444	110.580684034888	112.156759336292	120.039856330264	117.575888995739	130.356546528492	140.141810376432	128.71826828458	130.036056919103	129.228113870545	131.842071216352	146.028344716089	141.579931413899	141.872969509359	137.080014851219	139.810783247374	149.015668932071	129.367700473706	128.896526601773	135.979248829136	150.860805090662	147.846877739969	151.089464529568	153.56627094812	181.42521194393	185.754183977636	223.370206830912	270.957210344482	391.876603964959	429.879044834095	4976.05526663755	11553.1093008789	1502.77440623445	511.768737907127	609.327146754121	2398.19878370238	1665.18926178773
541.586	30.5715847896045	26.9818247283311	15.8965532626056	45.9182909310693	38.4712818896814	40.7406088840012	44.3567842719132	84.6582696890055	228.53145239233	414.249177303694	241.106894851405	86.8095206440657	69.2234713461372	79.3250286942274	77.9680019257694	85.2689764998559	97.6918791162609	83.9462498364931	88.8244083616789	104.60383158764	102.994538344867	108.883861988676	116.842870404858	125.359350138683	132.05151400224	129.65093042708	127.924023482229	129.708266657434	129.331702639327	129.542146154256	128.860285861145	128.385668251857	134.525392914418	129.289300285739	121.795322547498	142.033344007195	135.02738865273	145.119720460028	155.457993981666	153.542287894862	169.517551483949	184.597649912531	199.755251981913	302.420179779692	350.020810215571	929.791587612304	9466.62581817193	6041.84200132781	433.688054438069	401.17225384462	842.397865340953	2404.17308281468	913.858364506928
546.26	39.193215277829	35.6622032775142	37.3308779338152	35.0781451823335	35.3522097310491	37.0349959696616	57.9686187540922	155.302220150844	353.219647486568	320.896649628826	99.9937269111942	64.2046543902909	77.3224339640173	68.7619610812023	81.9688890901159	90.0225701178577	82.893090074393	87.2389912275027	87.584460484721	85.4981850749646	108.369682079563	111.658449102159	105.217017416429	109.325553681619	109.894605702191	121.015288859627	112.135372372009	122.788681523954	120.609019815682	113.537322303833	113.289787258791	104.780619127687	105.870366453359	111.941359798196	122.579842412196	117.705382018874	131.706479476576	112.471454000961	133.440806069189	130.319022072253	166.809699051899	157.425454473526	228.271090889212	291.383168346748	369.828639759129	3909.91684258172	9992.99491039767	1454.58870129875	422.149337476234	365.904168210153	1490.80461800339	1664.85392179871	236.505805146231
550.936	45.3923815858773	25.0522079578419	28.954771057088	42.0734453846642	44.098250575102	54.6372546993664	119.157888739768	290.036560585853	357.363158370704	155.787723403929	78.0720270337876	72.2972760557447	78.1692542963208	83.0305115746969	78.5562135558536	77.4927647493525	89.5753939585863	81.7945055428099	86.4167927164289	110.889886613641	107.917984508575	110.408550377713	100.068735985131	97.2053916466493	113.447365421417	122.719660092911	112.716344436663	115.376987473823	125.678439832684	130.584939255929	120.496242563415	116.733687297758	106.152974844944	121.679384287737	119.972214123555	119.16124224177	114.601104661503	120.977305995223	146.20716797452	135.244253071541	146.241584557138	171.860084531868	257.877098905414	293.049084937906	677.523138167688	8002.98433987841	5608.42530767504	435.075451311809	425.321027717164	613.816787222979	1980.69785997309	1256.67335834749	900.179161990969
555.615	17.7398086829121	21.1272137583261	33.1818974239336	23.8762204984478	31.3018149581631	74.0675249846692	215.29969634447	353.786990932832	209.524129964551	76.6586418378259	55.9078684777491	62.4945317452035	54.5848770222456	59.5049444819442	65.8106669290709	67.8733847359264	73.0835130862119	76.9151198402807	64.2972051607059	74.0338810642338	81.4521226793298	92.9375478195941	97.5376288082554	92.450342218583	105.145732337752	101.397290982856	98.4752987060286	93.8961545329706	105.274903422894	92.6748125827191	102.850489861533	95.3014430007376	105.279914014326	100.891508762813	92.1484298219582	92.1477372575301	98.1563509715696	90.1454153355861	121.847834455956	114.962787186391	123.833993910379	165.888680320365	213.835786801381	298.715002448553	2811.74041943516	8853.86991550674	1473.05478234455	325.216617249311	340.487713528788	883.869539670662	1736.70236700186	270.063771233579	-159.085693409762
560.296	10.7640454314899	21.881445972368	23.4176154560877	34.6993705299729	47.0334621223888	157.709599903017	320.545055430599	282.794462677374	92.3952797829998	56.2912467051795	56.1490954928076	51.5380651849351	52.1462300508481	60.2836280604102	63.3090246983343	68.1662396496901	68.0992924337528	76.4103773731538	64.8806707468154	73.0602156565396	74.8009261984904	78.0322263531629	91.0894372164283	76.9404916451408	88.3195041531885	95.170211647766	92.0613493352213	98.2305109509741	92.1204349454486	86.8697002221144	94.601179927228	91.3736692897128	93.8713099254217	96.5894695834969	93.3650162227559	96.5690392692819	90.3901563686259	112.365350244866	115.95065181306	109.325070063727	138.999868506715	180.349310814396	241.89065042155	519.480394429024	6274.59028220717	5294.41556891804	393.86905770426	317.198111081377	413.252841354638	1430.15625487016	1040.75151851302	265.80444139904	186.400788291291
564.979	28.4651209837877	32.7853689514185	34.8391720346879	45.2621861967432	97.871135904818	267.563005320774	305.909079477671	134.657444202461	60.3077558365121	60.7057997302251	62.7367500976572	48.916149032571	55.857380860925	72.4172473949812	64.1388624923914	69.2903752586802	65.2410917649828	73.4453333974369	72.8808435353644	84.8140449669518	89.6118068096289	98.1222679658451	101.860733053119	94.5671385520608	90.2277791905817	92.5365234210818	96.6123381688826	82.7334986788019	100.35033588662	93.3972286206584	91.8473741517701	96.3233455459731	88.2171677255257	85.2492696220678	88.7024999922557	83.5243373262958	85.7007894391746	109.173236117807	113.932455799291	115.049870981321	145.311741361772	191.231708389939	267.750979841851	2325.67418190747	7604.61995144228	1577.03973020603	315.486126804568	345.428076377795	688.785460948152	1620.06530142185	593.460661397794	410.534192395863	309.007814555562
569.664	20.3730764047159	23.2523313329902	14.3427112509878	59.3570297259823	174.879808954425	305.848499739899	163.166111646627	51.0545136332388	47.8882059424653	40.5042344800679	47.6698824222003	37.8629917374799	46.208572914437	45.8900821102137	49.1636718833645	47.6351316085828	62.7553458134319	65.1950987746289	62.2149556179237	53.5606014184916	61.1485618289891	53.080527269384	74.6773015637431	61.7416092808731	71.0929050058795	74.5162245465913	72.7216167520501	72.9543223909938	79.0050942542478	73.0565519935131	71.2083170785733	74.4569539532214	88.862089845335	74.3693255146113	66.8744839010547	75.3708944553014	77.386271907751	90.3918894372536	102.739061097966	102.68818954892	139.720693796351	200.673609447946	359.455396311556	5353.0073213199	4868.44750547683	316.821319006436	285.835735441514	268.147550810323	960.881568586647	1162.20139098734	222.70951568084	137.845150514497	0
574.351	2.28306553034261	6.45766163951968	26.4689138975122	133.034388973816	266.565328538709	211.370674113647	76.8310361169986	37.9333381731274	35.6691442709562	37.8765878341349	29.5526655014165	40.0182206402393	43.5888119144413	46.0156383571861	48.5463769204135	59.8612741511976	45.6360829083385	49.743991738045	58.6692692830041	53.3565805446977	56.7777219879515	65.2268061268565	48.0681529557666	59.3052196382704	69.7335915817142	71.3284733536812	65.2550700463226	64.7175071618425	77.5355303109292	66.5261467446704	69.1971740424012	71.1699310599005	64.2432303866066	69.3404159925559	85.0787806761515	69.8291220791259	76.8053423685367	77.014025677805	94.6087542262959	80.6349334747061	162.232780619562	186.593980867001	1630.697865364	6683.55842866785	1507.18781859225	256.528237509939	256.053642228942	394.93478317604	1335.91327646298	674.083708537868	147.774486257521	233.563538556521	-341.231661030948
579.04	14.973510129597	6.51579140736389	78.8793409848705	217.689159220543	266.444104995852	93.8125523613624	37.3645176481668	40.7342267455506	27.3801243112412	36.0165303588336	32.2664918020103	38.7949829433009	53.6625769598263	43.7304459121989	47.67365967643	46.6610414321181	47.4173270485368	57.1147738487058	51.283301247187	45.4771152755753	38.5217904440385	53.7066721324373	65.4915893372512	58.9414799303759	56.1755625526273	55.9770937059104	60.9451007743039	65.0291184329629	55.2236328803158	71.6713077587989	56.8610373578385	69.9625132235225	65.8885480538452	68.058945373697	64.948241439227	60.3498452492703	69.3391696827911	76.7110336751343	89.1662996899745	111.59116553147	159.710345659847	232.218516008655	4164.1021042304	4431.57295530603	291.208410513867	246.728068155208	263.77866327973	670.285928828809	1204.54099534219	375.972684826069	184.889833054403	-28.0554763685784	-179.037725026469
583.732	34.7758484349946	61.0890046816556	168.771662309994	274.590682565746	165.153707885629	51.1603857578841	38.4827352448684	31.2493640337115	31.5417576471941	39.2681273132566	29.1140960398647	33.9972987332489	43.9848477051686	46.4559358037566	49.8247489736829	54.5260980101838	44.9629483391468	49.0621060738369	55.1167084756875	64.9512510217205	57.9875636938004	54.0510896914771	60.6262200648766	61.4272663421905	74.2389463017643	63.8290463432686	62.4312225333527	77.171913988002	54.4880182496013	70.2469145472088	61.7505051646602	63.7686144758571	67.6534169289704	49.8646535087188	74.1747820725079	71.8071311121452	68.52078159756	82.8845811303549	102.407028368332	131.83840889023	169.552913020204	1085.28834981003	5706.94552230334	1445.93609737454	215.177739310158	201.847345980809	279.107430359853	1114.86247633294	779.313627047751	239.5796762196	117.04750457414	192.000681915479	-166.325430330725
588.426	30.6825082573481	122.112743863602	244.093003044319	210.766188142482	74.4592632922036	41.6063554969273	33.028737098111	36.0750002084917	32.4008191633192	44.1255992250999	31.7400505565738	38.4437263663198	44.2111321244612	47.241072548329	34.1823226325035	45.8907046140241	54.3440238042295	51.9407275129184	56.0407273137749	48.3720833347549	56.6205754345931	53.7010781079478	52.5005321531276	48.1234427340064	65.4367681296256	49.9312104231839	64.9542449734132	73.7316002140594	65.4481630416416	55.1881018500441	64.2084690764733	63.8296089554517	62.874371946248	66.6446554720268	71.6998152636192	68.2669869060313	72.0471780627759	94.3967255452049	94.7982046811428	147.99581924828	193.390292003153	3105.25810241845	4037.21188643076	287.480741398751	211.792181151437	244.994137005259	449.600379555038	1166.60495300685	417.219595761821	261.835506512267	165.916197179756	323.539457780274	738.383227145418
593.121	84.3111657515392	187.223425401166	232.685528645648	95.5270080372551	32.8029897127728	25.8404417005606	28.0462643494049	27.3478998414526	39.3906492227414	29.2930227743384	34.1611925609163	41.5874467759095	37.9643433294355	46.3796989431273	41.0109806417287	43.7484166858715	49.6001851186871	45.7488518332248	54.0682820569886	48.2741542638677	56.9038765341024	51.7604826081762	51.1928847251421	51.1018262577321	60.5722720262948	54.1058154571525	41.7676516227792	59.5007863558078	44.3091084115387	50.8422159361417	49.4727977598989	63.8805746846041	53.4258622002825	56.1841187982531	64.5943314917465	72.2354451089413	64.1142771041033	86.7663458678267	109.84780232462	146.839169567782	719.934130522711	4693.23807084413	1469.17972563841	183.757008261601	205.111815026496	236.217279293639	726.449826755896	941.25630323641	238.810697196571	153.661664643393	191.000374877231	285.226568197218	322.033731139809
597.819	147.651931736135	247.63415651837	135.94573920403	31.0401340702317	23.2041632784699	25.9967991089297	27.1444764347775	31.2866420622204	27.2999759239521	29.2656166739508	35.7335096675504	40.489439438914	33.3844385124853	42.2427902380148	31.8820574408187	33.4075588586479	40.6491288349003	48.3859635441893	45.9771004079628	35.2276359387481	46.1353101324138	49.5334996033167	37.2841246197615	51.7170553482447	44.1080748107113	44.561896958226	44.8031894639641	60.6922187223452	63.9586164179628	55.5263143507542	46.5261418211903	48.6053760763962	47.7466941267386	56.5240821513796	53.4322624259116	54.1243133616901	48.4568953172084	91.0275646131744	121.241844993414	159.179433551675	2417.69590494114	3694.02492057628	248.615386089811	159.811368237605	151.844602964913	297.251775381893	971.9967796827	567.063493343816	138.286717973981	139.132307624301	161.655127707633	418.950562247385	436.671820666707
602.519	186.013459278741	171.452099659487	57.3020402830543	29.7797238958636	23.1264319538936	21.6752346869993	28.6174036219068	26.1447831802417	17.218587553811	28.8765231465152	23.3976056106674	24.212282635612	13.6866931135803	26.4350413625422	33.4823773629527	25.6531472066847	35.3173798552105	34.4928244588618	41.7694182860903	44.1216217903386	42.7640319635232	38.721752756885	38.2136404277336	43.7956172964686	39.4823965553742	42.3533799862354	50.2031895390746	43.5721229976964	25.3935661794412	47.1404954895006	36.2589695267494	38.3730339994994	40.1470221509415	43.7781396697594	53.5605318908166	47.194168790469	54.6588594876247	89.3457420264345	108.856659892992	499.3681226327	3958.20476788081	1519.76200657655	113.760190399906	121.220130528903	141.918319503541	479.803676834077	890.229951035735	225.480152873639	140.779849946037	126.591361764777	-12.2961408665902	150.386374171853	-42.5902266193485
607.221	218.441959744118	81.6843350636289	23.2568974268379	25.7992228754631	23.5973569631075	12.2573000827442	22.1561941229814	26.7005248204818	19.8815845366967	15.4010670498365	21.2941985021289	23.8818082618113	23.0170417510036	28.6390618327534	35.1468605532048	40.1751877511322	21.0965971320241	36.304324937483	42.8049541309962	45.2154728127862	34.9309581558315	41.6544662556023	51.7327147366048	40.7676642590783	35.1171227332466	54.7819389841233	41.8834280809666	58.0568634676497	39.1380631981215	33.9359561256182	51.7158767811587	48.3305703155248	46.6135296813686	48.703859444429	44.057570373667	63.0812098848423	67.226934405636	117.094171280947	122.93257770108	1932.03945099153	3501.78332288349	267.529781851228	121.713754372332	125.145574465503	177.514254309571	697.468188451064	629.537113527464	136.283898327315	205.973204893646	133.629349440645	130.274782062349	466.903741325132	42.9746330752271
611.924	107.246804559697	24.848854505927	18.9147785615787	11.0317442783806	13.7650623587468	15.5295404119192	16.5018192973672	16.1419989020446	18.2643144598442	25.4248528997413	17.2925554638395	20.2313471146199	21.2049066708429	23.5283078772286	27.2324057558169	23.4112220725657	29.070737546653	20.598514178517	28.9217070656201	34.4130992223408	37.6869343730527	41.0767803301012	40.5511703408355	38.3317239134046	28.8999895051338	40.2506427239581	38.000221925645	23.3321192819604	35.8186375005018	39.3171728152665	35.8269419289363	40.4777249189379	31.094220481655	35.4495398632496	33.805559069221	41.8339267927754	81.0522697313911	110.896205370936	360.224528853764	3426.98722196261	1644.54551241423	95.0103867076228	96.4086158011079	108.053543439128	258.503641162274	785.238552179268	308.307353613983	166.022144767797	76.0103234576361	93.2491294527931	131.526826654747	-153.202094106042	86.7753071708318
616.63	76.6435010713587	33.8653050771988	39.9000462721807	50.8159787354362	28.9076878388009	23.5539974421509	29.6636140250544	23.013951174283	32.3645840425884	31.2323868036695	34.4980918890432	36.4300741262147	48.4632138070325	39.5554609442249	45.6151832675468	53.6753649514921	50.9316195689889	46.5570368177459	56.4714206527004	62.1370342585293	55.9369854087075	59.0056559476994	51.8280928414118	60.997847630202	49.4065535749019	50.6545992422761	54.8912163096925	49.4861359419281	52.0273676131885	55.0897418087163	50.2675619415467	53.5440684776668	59.4827106061237	58.1031577725513	66.565777192333	76.3930695873028	88.2857700018942	138.57882589243	1482.9520081203	3237.32270727314	341.287737116407	117.570854765932	121.222864295921	145.099425201352	509.297443222912	692.734306949272	208.149330148211	208.116493700724	195.769594303858	238.73090851164	269.152698659492	280.029621196273	965.16953703381
621.338	9.86102108083498	19.4509614481753	8.30847270399096	18.7370345120151	17.2648470205469	22.749632089532	11.397958559643	18.2594719206305	7.92425383431207	8.13700525007756	23.3378827850538	19.487626756967	19.2413164781092	19.3550958235452	17.6603491391163	14.4257000567531	20.5324435512701	17.5958300523397	29.8122849459324	25.0497659244555	23.2549906906516	44.1860736738376	28.1008998100592	33.9400366569252	30.6658668432828	35.4117334360472	38.1428999400754	30.7364794425414	33.0256435340609	26.0437524739682	21.7930831388553	35.3167859271411	23.4087631955981	30.8818069310831	35.6593316892428	49.9495301185089	78.9052421930732	251.967032963743	2842.10405217138	1627.16383002194	91.2124418040548	93.1346059577069	76.8676150863171	147.985391874878	579.15110768621	382.29145317157	108.274569623025	89.2301884931905	73.0759780014723	2.02187754547702	44.6787493998653	-36.0288603635644	-545.323928076973
626.047	49.3648626013532	35.9415881535845	35.2314740049465	36.8889075309138	39.7645380885114	30.2087146025605	21.5061373749644	28.8984672236979	30.6997043411879	38.6985200176766	35.3437835588326	37.0692278923323	41.8417449191894	43.7494006548727	39.6229765170623	35.8512126157337	43.2370225142396	43.3221527160848	61.5666356845956	54.9173465976704	44.1117457164557	51.6552916399413	61.0819251110531	55.6026146586609	49.3537405231057	47.9680586326301	53.5025062753232	57.0877851186566	60.2523490933212	57.212072807721	53.1497492994783	55.3392431841946	42.6566413005711	61.1815533032474	52.4783250021854	83.5151813168405	122.717610727725	1165.75563601579	2928.77686507481	372.196499114043	98.54534557639	96.3585781752533	121.293851905578	340.583825800396	599.121104798712	229.783709199448	202.040816332229	200.067949596395	159.363446376675	273.539452373582	283.541067715987	509.259203446236	446.410509862704
630.758	20.9641129623401	25.8410487596713	18.6526147120686	13.3842715106313	26.1518373886037	18.4206627588143	15.8260003985034	21.6546309200199	15.420541227778	26.8770718525829	26.245507523426	23.344830367362	32.6242865510982	35.3750946417523	32.6106479778569	22.930546986309	46.3948886776435	29.6113766170178	48.0533016961909	42.3603424638797	47.4615597988642	53.2266661615818	43.8571589117277	35.6146582271996	39.0391414614183	37.6419223658485	34.4664253650837	43.4972131443461	37.2488461363355	38.2586202525209	28.5929514203152	35.4627256826375	37.2881147903789	49.9461435764895	63.8347819204571	106.488188632933	179.198976608962	2375.38838250004	1596.18901887412	98.6328232444343	82.6398939305949	83.277718705922	103.894437583642	443.526730494972	410.859558210563	141.333313767337	160.802164077597	177.38144383308	187.919140964275	212.514180733022	221.451041247149	312.510988151029	1112.96214074948
635.471	27.0402047680412	8.30246858284409	15.0367237746883	6.10130258707007	12.2054780379262	15.0023025102319	15.9475762596725	13.3632373539133	13.833502081496	15.4133981206708	18.3660599893799	18.0061518528239	25.8737697168362	21.9822224984437	21.330931056301	29.3825940948891	25.9394286123308	36.8224133489566	27.1723093745827	49.6773884749068	42.3913700473095	32.796263040283	37.3949832083743	24.6937508364551	25.601598400007	33.3793582010266	30.24009445381	26.2391816053774	30.9812640722642	32.9609367592052	30.8498582111796	41.5457452633545	35.8132556717874	32.3548916861678	56.8671729430726	86.0412794426848	787.212893227722	2629.34540811744	403.65193655087	58.7307641058711	57.8540273540765	72.0647121934203	162.273465065771	494.263380704958	226.207618176045	106.606065764362	116.309091059954	119.162729320895	121.733191319276	68.6101147303351	180.490778719515	172.892702404409	666.844944975415
640.186	-3.38634648422982	-1.1342720167498	14.3800779030084	6.43443416503503	-1.38957990338775	1.78326279965052	16.9398932987711	11.6935152089304	17.8463142620116	15.2216190959296	6.86948484230622	13.6753509346826	22.5675236171104	25.8922943397448	23.1035907181188	16.5764797557997	22.361713394703	23.8521167330379	35.9484836296797	25.8068163754125	30.491745073519	41.7565261968083	39.1678651446671	31.3372445482834	20.0191026026099	27.0574401612131	21.5976087309173	21.5085687880076	21.7871316390656	25.9463097573905	22.7432912444013	30.8537378231319	18.8224152165997	32.7155402051289	59.4641642222862	118.978678097455	1849.25886381735	1544.31120260092	58.5985059535334	51.8455590644201	41.2761252949846	76.9494440094801	265.891943510989	418.358568239156	122.408526046039	83.4417396002373	89.6358441009229	82.3760447480452	81.3072273624831	77.0703502843484	72.3313237243069	253.637749505649	227.758633787437
644.903	1.71252004244783	11.089915255909	24.240649655459	12.6905147866359	2.24873238101668	7.21455598137995	20.6380248003016	7.71334531127065	6.52880753729114	13.3874319439171	21.5883602828046	5.29721247970936	20.0493274530473	13.8466074717908	18.1098749432156	17.0549555590578	20.4777589418887	34.0961854430269	34.9472343352983	38.4067786792752	49.5645341939523	43.6183610061037	43.0602294759311	36.0325687024958	32.2700077450858	29.2115479788733	34.5869519389533	32.3293565111326	26.5640406344446	22.9624338396945	14.7456180692943	33.2670759315763	36.5876700105222	59.1965607811944	94.4664234587497	591.745550808822	2354.25525954571	440.665929871376	61.6076025581151	42.8659554196872	40.4153856482733	72.5440312286372	372.364780888523	247.691052995081	85.6038419620334	74.2677536717953	75.5500459760111	155.767131258206	67.0073333049563	80.057766887383	159.617033854592	50.0557862909944	215.003679363631
649.621	-6.07866387051929	2.32694383912991	7.72633113854062	9.90011658414952	-3.13577500119895	12.0202591177622	11.8472604710149	3.65051365257339	12.2687387969455	-0.226282228638372	4.52978231102555	19.3995951532681	18.7690427904139	7.63185269974477	13.3303237562502	29.6090433588643	21.38755483752	12.7223974216602	28.6399348855294	28.7401262842834	43.1916376983533	36.5120786724819	16.0704700714411	32.4823261447919	12.5131867644794	20.8934515749234	19.9997799569019	20.2237477649933	31.8382526539225	27.8239921362984	9.57078095340255	15.8240073989022	25.6420645709185	45.8725153298589	85.9039077222176	1487.36076420466	1555.88337566777	60.8389834916774	52.1982057203187	46.8492544261053	47.7436504602839	135.448423863849	363.649172150711	97.2773351881006	63.1386046918374	47.0743928537451	71.5115071757478	51.4327592045339	69.5002863047791	68.3713689058261	107.917629910118	158.638549839447	-186.897513779439
654.341	-7.05493151460057	-0.787693702181583	15.3359900590094	21.7833734510072	-0.289497577938942	13.2684052843402	-1.00260396321089	12.357352874211	8.89947957999808	13.3281897545249	13.2892629959283	5.45562538485961	0.317675410840895	22.3210794622339	20.7572588188995	19.6489643152197	13.2206881726301	25.1773878068408	22.9042098943409	44.931784550938	36.678041938563	30.6615705568788	41.5096753367161	37.797345541855	30.3025372919639	13.6174744769539	14.0610288980824	20.8490001941324	20.207936491286	23.9562558949158	19.1350972589196	30.017085932515	44.1153045840861	63.7806850688128	382.031045283529	2033.86221855333	491.129504205594	40.0450610323686	45.3787797248551	46.7195799179811	42.0814126293602	236.510149526492	242.555766302615	65.0250423309773	71.4054088033569	81.7038680795733	52.9103693986847	144.25844566335	25.0949762351802	91.1310372760708	123.292780649543	122.437668124782	-63.2666728271826
659.063	5.33571029972801	9.53184113226448	5.75441953357664	10.4763898301873	17.8079097370227	9.09841657688097	10.1103826582983	10.3250836330842	15.5555322619361	8.3422624833008	-0.515425290488678	24.7568412228034	17.6191302390842	20.0078695512684	20.6285165836859	23.4168517872452	10.4750688827451	23.050711964302	38.4948153366812	38.3390349375752	40.7996429315006	47.4578492772841	41.5011030769468	42.2733458365691	33.1860524837124	36.0864976495303	43.4832352919038	22.593374609683	23.8265070679562	23.5383550355786	28.1783869063785	33.6328906417318	53.4454907449933	76.9284557734535	1176.99166960259	1460.84835755207	77.3958988752727	44.2278346508129	56.289494169883	51.4348607827303	94.0959272701958	295.879417820574	145.986495617992	56.7450508889699	59.5152454666513	115.698271664559	102.526201931893	71.4819334842953	42.7040186723045	109.401985410593	172.680511768523	129.965960423681	127.597794397633
663.787	-18.4889774954462	-9.26427484963462	-5.83605751121345	-8.22582071470739	-6.51364121378672	-9.22749585667622	7.38274946815032	3.9719731754293	6.27003562646997	3.29023885607227	-5.48874513145549	-5.57957036632515	-6.82274457122689	15.8529072601192	20.6135091323991	15.5282359691383	2.57543726919606	12.8746932751633	24.5400203508481	12.5682265893753	19.7224472035098	12.7620431096517	30.8417219933168	20.0308643103288	28.9915554039706	6.801483152877	11.1848161276403	6.04672543829965	18.1234003788604	18.5324386015537	22.0548795762632	23.2568458794859	52.3238243005313	266.674371646601	1741.28110432365	522.723405631326	18.7943176438195	12.0914273893419	13.1425780707379	29.3699665195367	121.159776768043	248.461782003671	67.6036619428828	21.1017008397149	45.4559864318996	10.6672439638073	45.6242029699651	12.7186049155969	11.2284824272642	55.4770359522527	-14.0104264816506	-329.524470325359	-614.688118376073
668.512	18.6311006108606	20.2945402202968	24.9939047428723	14.8512179201444	26.5531944631307	21.8786512742368	10.9525972260853	10.0062634444346	17.1203728275645	12.3148280457906	15.5392981343449	25.3010701098493	27.173371573732	14.057795082794	28.8327252225584	20.556651150387	31.7916217063292	24.923083473285	38.5916924392648	21.3719131503462	44.424351283945	42.6221908566354	41.6821546908962	38.2449595674402	39.288345687568	37.2061558168168	29.6260839531814	14.751972604127	41.0110053854212	29.7532238147208	37.8754088575317	52.1833120240737	70.090893975481	926.357658057651	1402.39605255987	93.5960240191151	38.2489245452514	29.8713663332435	36.4199107036272	66.2590988593233	225.326470655759	187.141361657209	51.7962472916912	77.3233008205893	62.3253837726542	115.554352720523	91.9498242704992	99.9676992084043	116.380746173179	134.168359111042	102.35639447753	265.645996351477	456.40970489808
673.238	9.14307411047585	24.5001110403291	18.1187764878245	13.8982844676683	11.405595256935	18.9839787815091	10.1869674269355	11.5307453929436	18.4537244453624	12.865490790228	17.2226642021848	28.595839674339	23.7140385472014	18.9637461654748	14.6591298726621	26.5450534657637	29.3722154909701	32.2860084050491	33.1701062308493	43.3994003346577	43.9078180590966	34.3770272783935	38.25482670554	28.856460468062	24.9986865055428	39.0718972845911	33.044119462697	27.1006146886991	19.3396801344019	21.6532294659761	47.8655592262323	53.7550003599547	196.610570681065	1477.80805447873	591.100956119168	44.2479715829834	39.6000249017658	24.1200898150035	45.3826960442952	113.318818147185	260.353998602525	101.059591170677	72.4983342114114	41.4874462796446	43.0595329261134	100.02928572296	124.772257126375	88.9655309126527	126.838422948789	170.97005059848	-53.2617989006442	253.883496107528	524.752368465113
677.967	11.0521669062527	25.0911511198172	3.72483240053177	6.65010886481136	16.6291862559162	9.9773360166353	11.5182228216569	6.084217374262	11.1534501496852	18.4798002423279	14.9468251187944	11.3956187397275	29.8599779915063	27.5210498144189	21.0503386047827	31.4036751160908	25.3138889358197	29.0629528116369	44.8043464084867	29.6799318463375	35.5418714308056	27.1820482557896	22.973043659935	21.890809640439	13.2716226949978	25.7980031031592	23.1700147006708	7.14984266511807	13.9617687624948	18.2836361471716	54.2437378593871	50.349345775905	693.984411933695	1259.42417290244	100.25555625443	19.6119145274392	28.2244056917152	25.0936354171467	43.1991267617333	165.629438231302	214.01483095829	51.6755680833446	57.6253240844383	49.6277139319728	49.4631493173402	29.0487946166053	49.841582478114	68.8370899477135	26.2089825899946	36.2577106990212	203.87941366372	74.031663389216	594.676639660242
682.696	28.4039776955749	11.6456012934907	15.4420063911793	9.20156369465697	4.5857745739749	-9.80828952382879	-4.87039020198684	6.15202167218709	7.72734548206028	12.8616163725029	7.55669845477597	4.80108951997631	18.1156477917976	12.1132569457252	27.9563256220607	26.7233661663635	27.2580718710141	18.8915392659057	30.3304158710726	26.7662943700148	31.5455430540163	22.5903887274515	20.9810882378468	10.1602210216217	20.3013335092048	28.7609398612829	38.2771050994902	21.3599531451019	21.0118888143023	35.0287471629034	51.6407461767215	124.554506005156	1239.41129692885	581.096404735094	29.4529178400489	25.2387869223734	25.4947924065875	30.2062931304748	44.9527995078829	191.012324861052	110.132079154223	55.3865430717734	52.4984564066493	50.8410531080871	47.7060250685644	44.9766756599656	56.9705575183752	72.2308053515563	77.8468730253228	57.2840269244891	-54.250396178961	-292.621621604159	16.7028858350859
687.428	17.8178241498132	39.7877366784939	24.2728956583825	16.0369784789178	14.776937083228	19.1891566941301	15.352890814396	17.4585676167779	15.7729022826181	14.6619818059319	19.2954163276883	17.0822926650164	26.3497473363876	32.9671154771468	21.1136392826443	49.0710870465353	17.741032577745	40.8651708124641	37.11455439886	37.5710978508346	34.982586232706	39.0509337117874	43.009716355426	28.8664886693347	32.9168223289747	34.3499839424617	28.5759903472483	23.1636355332681	48.598649252086	47.6843040817323	61.3680011273791	552.640111803273	1185.18934082272	120.022996839884	47.24677676101	37.3963663534427	59.3922966467699	39.745136125869	119.572319319461	209.210447762573	84.6349970460544	58.4040705728764	59.8362145111028	65.1585831596393	85.2306835669853	85.9599125260679	103.704290205656	75.3800406278908	130.094717092542	170.74460693085	251.294214277934	280.959394127486	740.058298830125
692.16	-8.48583472594345	-1.6843665695366	-10.6770343134111	5.37467593602033	-6.80952564405218	-3.1209776151719	-0.214392040134406	-1.13247312166651	-5.70906655060454	0.982771173389115	-4.91834854176539	-0.324056905647544	-12.5670854664595	1.65730311169235	7.07608163990624	5.72950994788124	0.336553425987728	2.12518906106501	-3.49837627610374	-1.23179462605336	11.319876381116	1.90596619734275	-7.20719578860991	15.0626615161774	-1.74186821539756	7.11044290389761	3.00674322311115	-6.32140005616102	19.9438549259817	15.7621270020625	85.4073245238522	1024.07603752701	577.796111925793	19.3881446023317	-1.38695573904467	20.4423679041979	26.967920131839	2.03882011410457	115.069018313041	122.816430083027	-1.46714481084614	1.58705648890054	2.33634981589569	22.0602529806244	-4.6741810341327	5.57590362585213	39.9321195461774	-51.8557727695298	-31.8617518863503	-18.5590719082669	-76.8959887746227	-103.347970392066	-862.450989423246
696.895	-7.59418845126441	3.81556147176986	-12.6691031019359	8.65788055429485	0	7.71260440770954	11.0082467722154	-1.14016374371378	4.25765689394026	13.1101485010675	5.22684620257916	1.95754545154606	-1.36783010934455	19.6889826636032	-1.9429459887451	15.7029184845865	7.11561814814018	18.5433838589598	20.7414542488359	12.4015974018065	27.6778205358602	19.5728780104861	21.3865174131798	5.54815317500106	18.5891907223126	11.9312165055197	20.1810800572093	7.03425800106711	33.4654893222093	34.3831963927066	425.032407139266	1063.34203351144	127.292454987978	35.6741344979992	19.5492437264592	-0.367521285212332	7.75744548796359	40.2322484302835	160.375065626631	80.7419153917756	36.927704686778	39.9458546355447	9.99691783623586	38.3628379938397	24.3139374916225	58.9445805163795	44.6703316299822	34.8052834590741	21.9481907629276	37.3702130354208	143.776637152547	-83.2398449538749	204.307739262859
701.63	24.8890988562745	9.40552555640856	4.64576907030001	15.2789700732932	16.6553519234165	13.8268410750678	0.217666915055463	11.6893470546858	4.07885913972091	15.2161933488287	11.9288620883617	8.88318711172064	26.2077780434872	13.7974733313021	12.0824677136749	27.7924727870708	12.9843848014435	25.532211616047	28.0198704922994	26.2628204732028	34.4783682613688	16.2546733067618	8.8577683908441	31.7044739034884	13.0867190626286	22.0009329678168	19.6727734217067	42.8989992550098	48.9338767065031	84.3485985948162	861.84410864017	599.673304688111	13.9671915696705	22.059993410746	18.3058424137938	22.6077203902543	27.3798597041173	103.498171926521	150.392602317317	37.221633422832	41.2110409687683	34.3743796698091	41.5106642506782	26.4694502108163	45.083009481087	64.1588670366795	79.9580097922641	67.4972801652648	154.932028792358	122.476671798126	141.270587985917	314.779884715612	412.058858894203
706.367	15.0154221125339	3.46114980424799	16.8467003238948	23.9291994296134	6.99633582623793	21.8631643677232	5.72711353640778	15.9017269918934	15.4245846406807	11.6119200633147	16.002043270957	12.9849318780933	28.2664749074078	26.5631963172333	26.7675708467573	32.3768024320293	15.5603842564567	20.3792471504708	31.1510292293827	21.9368457663568	19.1071218121814	29.765458030996	25.3326057148023	15.0984247673662	28.2765336477919	18.0898301915621	16.8191366551308	34.8669239599851	46.7877554216339	329.288975277958	996.617202694722	161.872336458338	37.35534922962	27.4759066021308	27.4313463520008	30.3795949962549	51.8530726951852	149.984272069477	97.0510151947478	37.6673832070421	26.6306265646411	30.4377780044231	39.6073331346613	51.5123781048952	38.4192872594447	28.6443552314643	104.848320224918	30.0544629773761	115.436896138822	26.2187957592249	82.7676948030772	325.628427964574	729.738613016682
711.106	-9.78970245049536	-18.362987758119	-12.6695158120347	-3.72030423976659	0	0.294588236798497	3.78420809871339	5.29124473572846	-4.61039428928972	3.31629535569959	5.10665754095534	-8.41160212046347	-6.7004485686831	-9.63623550103957	-2.67163776325565	-2.97443795746369	-0.349439059912108	1.47103750408438	8.47541039967071	5.11582557651418	2.51856019759891	2.77051599750224	1.96924683423555	8.77330299874578	3.97883021919765	-1.40622489599548	22.5467848390352	16.9267347042807	35.5477824101892	724.519288462449	577.245507496383	18.8489879893003	11.2229597822725	9.37107585220504	14.0405671243684	20.4670082840601	55.6008775345759	130.823214775315	33.8808766320995	-12.3712178869834	20.8186716864221	14.2811082400084	-0.606450432718359	22.9048747322921	36.3985618694734	1.92979615391914	5.75847251920205	26.2303168683286	-53.9753138986769	28.904465708971	-98.8496580748344	-329.068231497063	-474.073244217528
715.845	-5.94179927077373	-7.07638202567671	-3.20403506446693	11.2900780849489	1.62546959190031	5.36395517465169	0.675529902469205	4.75776032822097	1.33250012374433	4.12883061947568	10.3315138896805	9.18966565906028	-0.713472940385321	4.8738778802366	5.40511331294539	9.36090138871544	13.7858417578296	18.2287575068973	17.5552545690425	12.9375777054386	17.4093347368446	7.20663225328722	13.9442586465427	-0.771724915725197	15.7336111271463	2.13374872827391	27.7201508185839	28.6541937811499	226.228610504494	882.93395053164	168.492658992404	17.0242210130386	18.2333542612418	12.639369888142	14.9314207499189	24.9213288470724	82.9502960853687	124.199992397498	23.4499339510441	8.18248585269369	13.3548723530043	-0.555630140874415	30.059975622054	54.7653436896768	-5.7275248840916	54.6596317689101	52.4260384649903	75.4120817448506	-73.9741539871661	68.2242806198673	57.6886420701295	101.310251839786	266.422055048196
720.586	-13.40261007828	-12.8581407249931	0.803019622120382	-6.03649106542671	-6.19229067664138	0.597491207978969	-7.44948331347056	1.7886390866682	-4.45281746013001	-10.8653885928123	-11.7959849141776	-13.6484969437037	8.94080057573684	-14.3093317636679	0.338667645854977	7.70861513802844	6.37866913702535	-1.49179747441672	22.1014783577514	5.1880225034443	10.216413195483	17.2590624475646	-4.39348308962205	-11.6049338612897	8.06996267009043	1.06955265033183	30.9556593120544	42.7388724700449	571.19127540924	550.798711607284	16.4128560699799	5.80276595593365	16.8995705741027	14.078999798967	7.66699994556348	16.5278051216289	92.488516843455	48.5166609021641	20.7962486047123	8.68555821380231	11.3286448715285	7.79834996185426	28.2904114839405	7.74270635126393	45.1149544079295	-24.462879265165	-23.358955123284	44.8008275991262	-8.82855464708816	-58.6247581374161	-115.666927792504	-203.129163101943	-338.315117417416
725.329	8.54182299080275	4.0392312109271	14.6310228999396	14.1300055020595	12.5359530725336	-1.20958820178291	6.16952890574269	8.4490041879157	9.46520913139293	6.02281933798295	21.550537118724	4.83536094686294	20.6341832164095	14.8375028034876	7.88456199477871	8.14208808738988	27.6200412738056	5.66261666408337	22.7859049524424	2.62571680007522	8.6177368949604	22.7516448032634	10.5115231071995	10.1805394298262	20.0501964497423	22.0133822988479	27.4172655676479	208.150452068778	773.022588185938	178.843873471813	20.7668296983832	17.9665836625165	26.8810569923984	25.2956700321378	10.7171717519294	56.8035673665299	100.599328043205	33.0295061015703	26.5418499564732	31.7478715384361	32.3164017744481	27.6278311165359	30.5037715705851	47.0240538804119	41.5148874669347	55.4666092406233	46.1067012236154	62.3540636951858	25.0220949801912	69.2315222660759	78.0537851859701	-44.0596989745871	360.473901054159
730.072	19.2123917120127	-2.25799199715135	20.4474136865633	5.37978392065144	-6.97090631029723	7.91128606934022	-0.22992406504939	1.6193562878516	-3.40148353178279	-3.42540196425345	7.61896392207751	11.8161493040571	0.364257595755235	-3.19926506038542	-3.79436068206783	-4.77912929972344	7.94058444865529	-0.379858713980419	1.66747669667805	3.52275799730409	13.8742464067021	-4.90571380166958	8.94975552614381	1.57599060300538	-5.23057095644818	11.2567967515347	49.4434412509981	520.940716420109	528.301485461948	29.5820756487376	8.70673145764134	11.1252128496375	25.994623176457	28.6796611442568	4.83416795434958	73.9913156116866	74.7831510105236	26.238314160106	10.5907623334619	15.2355852477297	9.44060885976135	13.0489251073749	17.5392767706279	29.3938299603017	22.5576479687334	3.98657346661386	19.0333667784792	39.9269657384341	16.185806048634	-97.0301374684212	106.028819797151	0	-163.223441397422
734.817	10.6925635636078	7.27674383386538	-7.82504223151648	15.4796628729974	-5.01448019075758	17.7732334030898	9.03054052892051	14.2697109106733	10.733458499066	7.16467779140923	5.01690873172439	21.6996861347917	13.9398122111082	11.8137115684873	14.2427710408084	8.93837976771307	18.5380766711322	30.6039011451794	7.55678379519322	12.8604311972631	27.9449996714081	15.6447730840337	24.1715896529227	11.9036348692747	29.3481259944627	42.4205045751012	191.236234182175	739.512513950571	204.990835860519	13.831799156435	24.2007564818297	15.4054978170297	30.7776721364747	8.30379415233483	25.0909956634263	88.7086915022854	52.8437484203446	18.4968884565791	33.3884757009096	30.1920076302211	29.0505860968711	23.4258559897875	23.9718723537511	41.8759839064347	46.2761744991354	41.1517536602103	46.7223793151947	21.5409198453168	83.3133052050334	122.772989100716	304.519843697347	305.094958896967	493.138028817227
739.563	3.60553566600797	-9.20145082701499	-13.7485291574526	-9.78702562551207	-10.1453054171977	1.23995993304126	-1.40543122905334	2.26839682118149	-12.244100992479	-7.78466822190709	-10.7472905424918	3.18649676710429	1.4843712289224	-1.8107214146255	-8.43395127900913	6.95544083017596	3.30937679517984	6.96576018445189	-8.0691409704848	3.58886175510818	-13.2511814113578	-13.7438631347733	0.414440712103288	1.60556371055417	3.42560663905303	2.58955470944037	530.723025455143	544.892712893039	21.790078682579	7.17551824138379	2.48363116569092	3.89605389073555	20.3986103401595	17.1654742467271	36.747181715051	73.7844073915944	7.57655203832762	15.5928909479086	7.03662756229685	2.50346412293785	-6.41183983452012	5.20191596286463	24.2499678131285	35.0580275561786	21.2786454959795	-20.3069030844706	-3.63572317598026	39.2234652917411	51.3007570187235	17.7424667310029	-248.042313029741	-60.2213340703555	-868.383971383982
744.31	15.0969575881362	21.3896573129919	14.737710616674	21.7617134511775	20.8493916310592	12.2188954501523	6.86556096720335	10.4211591960629	5.60379134800399	10.85229979087	17.1985180211726	14.3136582944783	10.8767767779648	9.15042621285043	17.4034603172617	-4.92087554785727	20.811884933967	28.1610076820885	15.45239793659	12.6953434631585	16.0714672185355	17.679250658664	25.5512368307288	29.2092045309916	30.3907735583044	130.862368454257	774.715953365158	220.067480120756	20.5548946966891	22.4819846937091	8.24777069317095	6.44353892712358	22.4252398621671	28.0537693531506	80.0236340825588	69.7362595550247	28.5031979677361	25.6657012075793	20.3873811720892	30.3628335735334	25.3815978221286	35.0503011666478	51.5985191771698	72.3422475647857	24.9471908576654	58.493584693645	33.0714319111695	22.0238446931452	-20.3693940030415	99.9079959818652	238.564476723836	486.922720987801	765.627419666472
749.058	-0.52590510664207	10.8041295205373	11.9106637013417	7.19480211810015	-15.1926026518605	10.4447303537376	5.26158586150803	2.73719242303184	11.5580014737748	2.74080250142771	6.4010528905889	26.3893968894018	2.27336630626798	6.28588146103315	12.5580880130069	15.9787503157567	14.2666805368124	30.8195467998239	13.4422208886398	15.1152840951109	12.6277800331578	12.3318578989793	5.5009968406304	24.9995976559273	26.4264926445464	389.422775726592	574.676620435573	33.7743026970088	25.5854035168121	27.1075725550215	13.0414894278229	10.4873533320678	17.1735158897928	23.4927647646656	75.0394538630794	24.8403855404439	16.3312088938909	18.1950905195676	11.4952965570446	11.7580373542086	35.4609534028405	38.9493657422104	24.7597809677619	50.7096701200147	27.8092694993979	20.7338202004893	12.3738596535307	60.8137359849262	-37.4137612132154	113.868675224637	232.833019684381	-30.7436911392761	773.452111505034
753.808	14.4728922039434	14.3637347297728	-9.10503042225018	8.14817822514764	4.92710382565714	13.8718991749073	6.09422051858268	11.1596222939618	6.250923569832	-1.95550962261908	4.660232189898	11.4222713702944	11.1995440399168	16.9595355503108	15.3599196512742	-4.70498046300651	8.80139173791366	-4.02731705079175	-0.441970730509263	5.13545862870339	17.9274185991792	-2.16712864904673	25.4468617427986	16.2911584068751	93.0856320183401	611.745460460995	247.288727233256	7.1875813867483	24.1884104445136	8.9609556149804	29.9084486732016	11.7951116438893	21.9734143546416	72.5957377719308	78.0615733380169	27.3940729537117	14.8935363502948	20.4000429147489	26.3625170240232	13.5476673020161	26.6908536473958	39.0979499567465	58.4426700747338	49.4059670787224	18.6012903870372	42.2662287461848	80.7178034777362	65.0085468945256	-5.72014192657889	142.439200283473	170.701661036457	219.35029549326	96.1399191090108
758.558	-10.369801491838	-12.1874096320751	0.441455960568566	16.1778352990123	-5.01668685082972	-5.25548413281661	-7.69422937065174	0.655530171670966	-0.489582758614955	4.8354413197768	2.84697782423003	2.62611716690256	5.8981916720668	2.30238511985828	10.798487501636	-1.47400766531535	0.779253550104672	6.15081066110922	3.15004550636032	-6.65487441084471	-7.48856171802856	-1.76522455096089	9.66118009644399	33.6000349706593	322.245489659438	521.735264643807	38.6766285320768	4.23688950567708	25.0130119518449	0.760323403552141	25.9407923661686	13.5107624132693	6.82563903356022	48.3741166536363	39.339013438592	2.53564938386731	25.4225462989798	18.410614743809	9.4443482516174	-5.30537948226499	16.4189168338881	18.3732998640979	37.1907850008865	23.9912579608715	63.1316436559084	35.5036273290659	47.5134278724281	40.022169739702	21.3551936280626	80.5716579138993	207.718534067818	-119.645599488069	-352.396455678677
763.31	21.7115338154207	5.96707782789848	13.5088287514845	2.96184890088026	16.0823937116842	0.335043967659339	4.05072233024553	9.36116235828726	10.7367695448603	11.0250317546757	1.29065635070334	28.7002961771979	18.0488357522147	5.87120216628809	21.649548530188	13.5316671929008	23.4482190167115	8.36527363245069	6.42622429804001	25.2129828505351	17.6640063154071	17.5555173028895	20.6050838087822	81.9942690715535	538.915184208942	239.101542096678	18.9364647237451	21.2156952922507	22.3736348626634	15.8986876171156	20.7079431060481	16.0781361917163	51.8304127201913	75.0007647947289	36.8509725929501	30.174844972642	25.9315277215339	22.149838870269	9.12640954117494	7.57623689222606	46.2003801017408	34.3587736435833	38.6251108903485	34.7338608060648	17.4788040606655	61.4548085214338	72.0421036360479	65.9455703047335	23.7629924978859	202.722438523997	315.65384622507	227.809881866551	619.055771531662
768.062	15.1716858948244	-2.00763439701262	-7.7266198095583	-4.27079808600057	-7.74749827754092	-5.74903436533353	4.85523519528247	8.32389113442722	3.27636824822774	-7.02832238934042	-0.325682791367335	7.72501428292382	20.6467184428853	8.69165815288648	2.68359027155815	0	11.2320767383054	8.8657122369331	15.2892423377178	-1.46820371886173	4.33684775954943	14.9936422505209	15.8244556034763	273.68178403522	482.502350018606	48.4291246676156	9.55681299130867	28.1556811541129	0	7.82801403203658	10.4508387698684	12.7510084290582	48.4111873203124	36.6559178589835	24.3838701522622	9.57224638487435	14.2350540943912	12.6366008534133	13.3059221045342	4.91600368403511	24.4821205626819	30.8969226142132	22.2779831358763	23.1069466285297	51.0698970900952	34.3378988478147	60.817100113433	-20.6026872809165	43.9730658286566	215.679508357673	117.84093232392	73.9096621744171	624.847385826972
772.815	-7.30023301514125	-8.52701151688605	19.9855723385468	-5.12169340414628	-5.5304025522472	-4.73148328952806	-1.02150372499565	-3.82205454389141	2.77054579391186	-3.21926263909611	-1.62737675215181	13.5101643241631	3.23663806867719	7.10682715123824	-2.29875512667632	-6.82478200973688	-1.60356036581855	0.421907871213593	8.33427489946929	-6.35816375458941	2.40782524474937	19.070662768402	68.2277379606464	465.181495972053	237.362782983123	7.25974172110134	8.35688512662587	24.5709908863255	-8.71067565963904	6.25842243504288	21.6620075161766	8.88140593800361	50.7213370031781	39.4198309523087	13.2167262641842	16.9581739760646	5.50683375307388	17.4856874897351	36.8236994080252	8.18812079416671	27.3792086516861	0	31.3084594130212	-8.75912128855424	11.1354258644053	-12.1766549582471	-5.28507505816336	34.8438785049886	9.98751307982265	99.4809845049774	100.319078299208	32.8278160140809	201.435288547523
777.57	34.9532121764411	28.6615612289424	25.027735772122	24.3884526028243	31.2253608322446	10.0007175314595	16.1560631066042	12.8469452765681	11.0510868344115	23.2928277463328	28.5614625447983	37.024084518558	47.0622720817861	39.0785886140844	29.3201786299919	30.1769101497101	22.0893517061014	44.3423535669451	40.1585598459941	42.4200494494242	52.0864444547992	35.6755854923604	272.019429355162	448.765142734526	74.9469132686806	36.6271021551605	33.2968291816619	44.4823327535073	46.461250086572	42.706360046907	33.9447812637917	58.3148936626684	78.4291403567109	54.4437773610941	38.3512211816351	49.2494456259286	52.4448237646362	27.2588035048232	66.2769522779484	59.599229826823	47.5528891771328	50.1534632145386	39.045929131664	108.8770991689	54.9183482173752	85.8445631819124	63.3655070090808	124.439547483875	214.013191665413	327.084113625466	342.697006275959	535.95195745142	1336.01950834629
782.325	17.4548541867776	24.4257206763807	14.5890565436555	18.573049734562	11.0780949559883	12.9560495186999	3.96892436417584	10.9483183544562	7.30688512025042	12.7354593781555	11.4656484203778	24.7962426026186	12.5755505089779	16.3630719242413	5.55739282906898	12.9637849810849	6.6457944559864	15.2998534998395	12.9527111441062	8.61467461395228	13.9705849590013	73.3909813080214	453.169824032692	213.102539259299	23.6472632548449	19.6403002706899	15.2555708076133	13.9608383538804	15.9990932477719	16.616147869618	26.4518597253301	51.2112591909663	35.9781598908893	25.5783692561441	22.6804353625314	31.086023457436	25.6753326891301	17.6136700286009	24.3755459881612	45.2464561058524	45.2674360942606	36.5621784467186	45.4141650353227	34.6512372131404	26.9206298353975	58.4934303164334	69.8172831046393	80.4084129188416	171.777805157679	117.387818196218	103.940579444638	195.574142909432	271.319187310661
787.081	5.97442885717711	10.1392201501747	-3.86595615426756	-3.17858181777336	1.56902007523499	-9.34857995269203	-4.61882926081632	-3.82711018061764	7.77094203396583	3.42499098877306	-6.92549982566651	10.6774847234888	14.2043418106415	-7.56099196634448	6.92936448018619	-3.63046130499193	5.97112800820896	-1.79548029346833	-20.1967828726635	5.72379492939729	8.70977436361515	190.333722559983	434.08502070777	69.371080445561	17.2180604110936	6.86549209502575	-2.11688938783566	15.1787673992701	4.21242504389778	0.832296198189945	20.9886195326193	59.1588060484608	19.9246913135764	-1.6945039205589	8.78834173976813	-2.31306324417987	18.0644801188351	-8.26805235287732	30.470948353851	22.6496039638098	19.2126712295358	27.487124983029	25.9071865442421	53.3717481667388	12.8342933285755	32.9758781622719	-2.81141001504014	13.4802150534465	99.8822319441295	129.357994550452	-102.08957642079	34.9256915741723	-42.8616192862025
791.838	25.664942451764	21.3248698121737	20.7592107530762	23.5892505742342	18.4179721596928	28.0183364835408	12.75722720244	6.45193810239641	10.4403660030174	13.6865777778945	12.1077826605674	6.97461079102905	11.1803646365754	26.8572592102188	33.3913349315746	33.8511973007613	13.6349569008677	4.93274632735563	32.9722502835991	50.9439835341915	62.4443657483838	400.56505348255	233.398877891979	38.1400701802924	23.3760396405562	32.5792232948924	16.918567872899	27.8005498639784	39.1372746401629	40.326923806038	30.4243188512001	66.8990511327702	43.1279831264535	17.3516943359786	34.6800310175715	42.5187781404323	38.0446673653136	30.9749012762815	34.789914649472	52.217245686868	52.6284316704718	50.2321965159882	33.2766935243501	49.0878846610184	58.1910328212305	78.829466328984	85.6642214430011	171.704805797707	214.430816615886	258.463198795372	213.251452533602	505.927704502123	1263.18231165546
796.596	25.5361180406593	1.0861508350396	15.2453649043146	18.0222560101185	8.78214053671897	17.1980556312145	7.74194730959661	4.38159952472716	14.7257907236706	10.4565852077147	-6.34311850195883	10.8662114422312	14.0173638276202	6.41219503367465	12.859242041212	8.21028988557333	6.51071669225619	2.28401971700636	1.50393403363821	30.183905251707	205.429778345487	392.803629466267	75.3384989325635	17.5308553823072	30.5518649589057	3.05674296686083	26.7133924063782	8.58169733708089	3.42950441209057	8.47007203129206	38.112223276934	23.8309281261668	15.2076482201535	14.2267506374711	22.8063775516453	31.0721018317083	1.49057622865838	18.9319316926172	21.5959216872107	34.2793984398564	15.7679508946694	24.5616282609823	28.6249671764616	29.3129136441998	39.1834262370221	10.7867357774486	61.5136985914964	48.014682107054	123.274834741127	92.7494801717009	160.563501668892	106.629030873604	588.85929643077
801.355	3.67403098571765	17.3460684845937	3.82083098765517	0.398918094142238	5.16901924085297	-4.10642629012721	2.86426115959316	2.73176109667986	5.17900980302982	2.18829120936697	7.30097311898987	3.2470314934348	21.554125689609	-0.36902403415703	18.2626182495982	22.6802406047464	2.99755191651184	2.36603019425871	4.32759609840796	48.9129142278261	315.068077985195	202.859708529384	29.1396627228603	6.13524386722859	5.42995257652866	15.8324950126964	10.7863507871865	18.1500767493859	15.5428214206967	19.7419503670758	39.0468348099111	19.1285107188615	-0.364668915166711	16.3750880489892	20.8458246971119	19.1013359008786	27.4506162200929	-0.453974664090917	-0.956040566272089	34.1837094933428	17.9675299668614	7.65662176287574	3.90168172095928	29.7700285225938	0.867315263286676	63.1126701011654	61.7465329307222	182.079195502854	115.752518952805	157.550147203887	-4.07668449679709	222.449483525727	282.40879550418
806.114	9.97236981837649	21.0965697785599	3.82083098765517	18.7491504246852	11.3718423298765	5.68582101709921	1.19344214983048	-1.26081281385224	1.88327629201085	15.3180384655688	9.73463082531982	17.3175012983189	-1.51257022383221	5.90438454651249	15.7559843722024	6.02443891063576	-4.87102186433175	11.4358126055837	21.205220882199	134.396231616644	330.821481884455	52.2003015671845	13.5140464801671	15.9516340547943	11.63561266399	18.8482083484481	20.0849290520025	26.6695005297098	14.0625527139637	47.1613258769034	40.4930138769449	16.9630189393677	18.2334457583356	7.44322184044962	20.8458246971119	18.2885130965859	27.0217003416539	19.0669358918185	13.3845679278092	21.9387986300558	33.2127069084407	18.8470689547711	40.3173777832459	47.6320456361501	40.7638173744738	26.9004823382016	114.848551251143	143.590910274608	128.8213517378	139.470622114916	-77.4570054391446	69.0360466114324	94.13626516806
810.875	20.9944627755295	6.56337726444086	-6.36805164609195	-13.5632152008361	0	2.5270315631552	-0.238688429966096	5.88379313131047	0.706228609504067	4.10304601756308	3.65048655949493	10.462657034401	2.64699789170637	-5.90438454651249	2.50663387739583	-2.12627255669497	0	14.590519531262	11.2517498558607	236.79336046742	189.941041299646	22.0684201747447	13.0917325276619	-13.9065527657181	4.26639131012966	9.04714000725507	-1.85971565296319	7.77860432116537	19.2434931875293	17.5484003262896	15.1848802038543	14.4366118632917	-7.29337830333423	9.30402730056203	6.56257444168339	28.4487981502448	4.71807466282846	20.4288598840912	-7.17030424704066	21.4285940107522	16.3341181516922	-5.30073814352936	42.918498930552	11.1637606959727	44.2330784276205	30.0043841464557	109.908828616686	78.4568891191159	63.4771878128288	-28.4106822826681	150.837326381492	99.7187339942912	527.163084941136
815.635	-16.2707086510353	13.1267545288817	-12.7361032921839	1.19675428242671	5.85822180630004	0	-0.716065289898289	-4.8331157864336	7.06228609504067	-9.02670123863877	0.304207213291244	10.462657034401	-15.5038447942802	0	8.23608274001488	1.06313627834749	7.11918580171563	3.94338365709784	123.336488804627	275.649413825973	63.0136155970391	1.2731780870045	-3.80082557254699	9.81639018756574	12.799173930389	7.16231917241026	10.0424645260012	-2.96327783663443	19.9836275408958	40.2150840810804	1.44617906703375	1.80457648291146	5.47003372750067	8.18754402449458	11.5810137206177	8.12822804292708	12.0096445962906	14.0732145868184	9.08238537958484	-6.12245543164348	14.1562357314665	-3.53382542901957	24.0603706125822	-0.744250713064845	-1.73463052657335	51.7316968042339	86.4451461030111	99.1813503958635	1.86697611214202	90.397625444853	-48.920213961565	145.74276506858	545.990337974748
820.397	-6.82320040204707	5.15693927920353	20.8023020439004	-21.9404951778231	11.027241047153	5.68582101709921	-4.77376859932193	2.31149015872911	12.0058863615691	-3.00890041287959	-1.52103606645622	-11.9057821425943	6.05028089532885	-20.2963218786367	-3.93899609305059	2.48065131614413	16.8612295303791	8.67544404561525	218.976362579443	186.966186160569	28.3561270186676	12.3073881743768	6.33470928757832	5.72622760941335	22.8833715725136	11.3089250090688	5.95109008948221	5.55614594368955	17.393157304113	24.860233795577	0.723089533516873	6.13556004189896	5.83470264266738	6.32673856438218	8.49274339511968	8.12822804292708	7.29156993346217	3.63179731272733	17.6867504760336	19.8979801528413	-1.08894121011281	4.71176723869276	15.6067268838371	26.0487749572696	36.4272410580404	51.7316968042339	56.8068102962645	39.9686038908704	11.2018566728521	25.8278929842437	-20.3834224839854	-153.413436914294	-357.717807638628
825.159	11.022092957153	17.8148811463395	11.0379561865594	-7.57944378870253	7.58122821991769	25.5861945769465	8.35409504881337	2.10135468975374	7.53310516804338	6.29133722693005	9.43042361202858	6.4940629868696	12.8568469025738	22.8794901177359	13.6074410487202	-1.77189379724581	22.1069453842748	62.6998001478557	278.697188737473	75.8835865590573	12.6027231194078	22.0684201747447	-2.53388371503133	33.5393331408496	15.5141502186533	13.5707100108826	15.6216114848908	19.6317156677031	51.4393375589725	27.7849671832919	31.454394707984	6.49647533848125	19.3274525038357	1.11648327606744	18.5296219529884	18.2885130965859	30.8819432476045	36.7719477913642	14.8186287772174	45.9184157373261	28.8569420679895	17.0801562402613	7.80336344191855	17.8620171135563	28.6214036884603	112.77509903323	82.7403541271678	78.4568891191159	57.8762594764027	46.4902073716387	264.984492291811	69.0360466114324	715.435615277256
