Wavelength	500	495	490	485	480	475	470	465	460	455	450	445	440	435	430	425	420	415	410	405	400	395	390	385	380	375	370	365	360	355	350	345	340	335	330	325	320	315	310	305	300	295	290	285	280	275	270	265	260	255	250	245	240
248.336	-3.68327511925995	9.4106170292671	-2.12206952884436	8.40308379411155	-2.76009534384924	8.23518537876525	1.19708024283286	5.24900163120658	0.940360568602993	5.74069591318521	8.82254111781309	-1.08221072791456	13.2687002431694	-7.01901659263589	8.95949313142726	1.06351957362902	7.87629535032884	-4.73181328474914	10.3971321173232	21.9634893641604	11.2837323360632	-3.40085758700195	1.69119097094698	8.18942104286111	15.1558464011626	18.1317287045493	20.8863009943963	18.2180146817086	-8.91685019112821	14.312974674552	3.99361561661978	17.7632842006701	17.9408888303563	13.0684311699955	26.6806970913873	28.9181776986586	46.431043960151	46.8811369738306	56.5519856020167	60.8425026930478	90.6090641779994	129.865477057945	408.18120129295	726.384988969402	907.203120931648	990.026245052957	903.789971223718	1006.63523760598	1098.72925071771	2630.30272413046	54713.5685822487	178480.311709548	62638.9597344923
252.814	-3.15105330395675	14.652478014379	15.2496714098429	3.8340609514474	-5.37188956600364	19.3472763118485	-1.14699856948026	7.54410249217621	19.9913624666955	22.9188548542299	25.1416866965822	-1.29616849437001	9.53518798482669	21.237995854224	7.2969602385148	14.0116021937258	23.8082894742458	2.36138056061723	4.66975887920857	20.8253986459109	17.298656360392	32.0766226135264	2.0255467793492	2.94255155740574	18.1522231336159	33.027101509746	9.82756245289061	18.2573798226497	18.2445733354773	12.7471448218323	14.7843460739006	1.30256098306856	23.2419932594989	38.0122837421025	45.3861959101854	40.9771251006954	67.9685884011516	74.6846077550118	109.634904900549	86.3433406166454	179.781863187234	392.386126495442	742.28730528781	1110.02370034304	1188.55632369602	1216.83208062227	1223.34297546738	1292.78549932229	2454.80122154355	48237.9991392237	191766.587210304	80502.9866537124	4964.26106833805
257.296	-37.4120160806423	-16.7275794611911	-29.6732666487321	-12.3286774408679	-14.7183911664177	-5.25474699103076	-16.7389808687619	-0.497611533043929	-4.45736443835923	-15.5492779923041	-17.3045644687302	-3.41982836121646	-24.2592763078623	-14.4464237819838	-25.4811148424119	-19.7444860343718	-5.77789697106542	-3.73817890863753	-11.2940249904354	-28.1959795559654	-22.4639332495723	-24.6841559551524	-6.01225855065271	-15.5273350865528	6.90765422219265	-4.92395871280168	0.883949070875284	-12.3363516826912	-4.4027494469442	-1.30469889078872	22.8020130036505	-3.43669438924062	3.03717389048928	0.884930469487301	26.5766243422508	32.8205026999587	65.7200894605846	48.5430615346272	76.669629030005	104.816572546355	267.785859772077	638.653879406247	962.772743326757	1145.93683638244	1055.48397739494	1120.31577837711	1203.04605365721	2060.26494323761	42848.7828222896	165724.33241256	84420.2669853961	4223.52426475251	3694.81098302077
261.781	1.2654460094183	14.710890329991	-0.510348814852224	-3.36817730454241	6.22304386325161	-14.092215035798	14.9704242463554	-9.59395774349533	9.61149271778111	5.2594791315933	-6.95067207961045	-5.63912131825101	-12.308400192463	3.55377690533179	10.7736024648321	-8.52573312036719	12.6281064870211	-0.948317695355637	20.3162914090395	13.7555390782479	4.88464247932539	-3.57827739263265	19.319405683482	6.89332485745238	13.0843190396396	14.9895784851634	-4.93337008640234	12.0710830378038	16.9770149380566	8.82618034420949	24.4477620197833	29.2064984351283	28.1776879117498	41.306723106286	52.5416891425215	59.7516509802715	49.6287608452761	90.8545129785227	100.851277780987	284.040056114286	610.413332920282	983.101397406583	1159.35922700921	1186.11756066909	1245.54034032211	1222.9308879793	1981.5280245694	27469.1783292647	141766.663992512	91279.7718807307	5103.78677231892	3267.09583502128	21350.5975663799
266.271	-27.0284290041476	-10.3584793163051	-33.739477715097	-27.8952108900954	-10.5489564640188	-11.2339742380701	-12.8837215209686	-13.8664679671503	-9.77571945132929	10.0300222530978	-2.23245306679105	-22.5007062536202	-8.80946092147841	-28.0123633814152	-7.8895336191314	-4.33570401335417	-16.9722654809728	-13.9855562694206	-21.1932570712498	-9.51358966997361	-9.93620780871885	-7.79875203345247	-17.064045235463	3.50555381312747	-9.03034999750465	-12.9357436392962	-10.0353281910165	-15.0056323412655	4.99836892176963	4.48849442044565	3.55221265885651	-3.54692957121125	19.255363630361	40.6425371115364	43.0353032627034	42.8396997615359	59.9411316921216	81.2735370299373	192.840008775506	551.523583124806	893.880632859117	1112.52317609422	1117.86140044837	1158.09234102688	1210.49543188115	1882.23947705512	20723.1889736322	114281.772095324	93409.4291693107	6320.20285480701	2356.82997604978	13851.7187594699	30483.769681874
270.764	-16.0978535456504	-32.2454153350233	-21.8137704832452	-10.2832534099305	-4.64428247518581	-8.91496642394556	-4.98074174771072	-11.562215424912	-0.863072973617179	0.669063114164092	-8.19049629074445	-7.94611651919205	-13.4539614964395	-9.49366290093327	-18.4197854178321	4.77209149442785	-11.9335014557778	-15.4414534117101	-14.8440427433157	-17.3585577464419	1.10467520605114	-22.8898517250331	-24.3176924689834	-10.0217841363632	5.23118546086269	7.8584834031258	-19.6260908514294	5.00483191906563	-1.81866229867526	-2.69468739068012	-2.66573314016857	15.5269828233524	27.7799467269921	41.5803984558883	31.7040488296976	61.3069243235126	79.968716368629	182.137976628192	488.542888855199	864.689122267922	1084.77939120562	1104.51180964457	1190.22179892158	1180.65730197266	1667.40822420055	15139.1978572486	95324.4939165824	94966.4407736841	7526.82794085006	1851.06219327406	8756.26767947378	27056.6927291012	9733.15086864792
275.26	6.30306871131041	-4.50914305138861	18.3023993787314	-3.35531548946383	-2.4797121502863	4.17357900669301	2.58114076788133	2.2635762610067	12.1092932424584	-11.4611768665866	-14.9415437938931	0.864244248231865	-16.8026578817899	-1.77010317724033	6.43947725296269	-8.91783534589596	17.5219819126011	10.3916606547257	16.0871805832576	18.0879755707224	4.86598984835808	11.7123007887828	4.05171201394148	12.2625032435004	18.1549943205578	6.33493164007143	17.871023210349	13.8064677794994	15.5770134569084	13.1887146714878	17.8309037478951	34.306009039626	35.9648000101447	59.9343957256628	48.6354907910037	70.2572242686479	146.772764785082	444.359471914477	803.155222035126	1030.76614697256	1058.58644313712	1079.04980402879	1148.69340505661	1621.56026775657	10754.8499760369	78191.2211911067	93283.3901105037	9138.02742639924	1717.5021016159	5015.3162422824	22353.3761082187	13704.1443782231	1811.56096137723
279.76	16.5459475486591	-17.5359719585473	-1.4828684307909	14.9128667597646	1.20544420073617	-1.84442837974027	14.7781778252906	3.66791884350978	16.1539297537726	6.04909783652616	7.08626596794443	1.68051475963516	-3.53217396701972	2.5814616540827	4.59121760585861	-0.825745067270094	11.3571093212091	-9.184766261029	1.51361469487453	8.52652055129029	35.219187237079	16.3381981401781	11.8177734855916	16.6910250349429	9.95703488681818	7.9188522472339	25.6281511539821	38.1047748305827	1.73082029787797	29.9195526379985	57.92764909859	60.3746994051653	68.6539470775049	60.8800788052827	55.391732993925	130.447880450269	349.48768372678	686.471385809241	1014.17415260919	1053.96244126251	1067.98363624814	1084.85024913419	1446.62374313274	8589.053918491	63721.8105335354	76099.6050759593	11096.8949975943	1843.2803761723	3058.45444492024	16997.2677094631	16728.2270675746	1715.47123099091	913.257110608772
284.264	34.993789234648	45.8959515530973	29.6369669929506	26.1682700672824	20.6505422177939	13.3409645618142	13.0032807930399	19.7815002938553	16.6770025289993	24.5433515970855	22.5930101765447	5.99770969805815	46.2228400144176	29.4821238725085	18.27279011798	25.1482522927711	25.3592342584801	33.6543091922624	22.5685564327408	42.0960934812842	43.0243997700762	29.6853798508051	28.11819979071	30.8628280476689	21.1064537418022	25.9593172795257	33.8993179079566	22.6658108012615	35.0044095424169	55.7300541477735	63.1795940714296	73.1311115152126	70.209774841606	76.1512147546982	119.150667457611	332.723643606228	646.648303790797	964.611424085027	1061.365426852	1007.05024271298	1062.40882748496	1221.57167607216	5760.43379988132	52048.2658103775	60708.2977879614	12887.6886386964	2000.80969837577	2259.52200077119	12101.7496341593	18748.8796251809	3483.35401038087	1184.31166831046	2110.84228717397
288.772	-13.2331065301611	24.1600946821075	4.44737809450637	-0.419308674680611	3.97686849574972	2.32333866248568	5.01761924100619	2.86018746529761	14.7808740603095	1.14582867627186	-3.50673401513044	-9.82829934867796	-13.1095784298151	-3.09689943457823	-8.63745337112168	7.42965548575002	2.75115580417943	2.47920278575271	5.44750972997726	-4.31536025988	6.1485196722948	20.4913578805847	13.7343718503942	9.43974652654261	1.22166263372117	22.1666696794651	12.8973917931279	12.0776129916096	21.4129925411462	44.6105659259194	60.8706594964422	33.4290707249238	51.7959843834742	76.296474310134	228.123971646	534.783614241654	867.221176985022	954.382456152945	935.60633408874	949.911820273014	1030.70122271009	3613.65788832522	43008.129565286	49218.3830331451	14560.1868517832	2046.59731350763	2097.82436598491	8082.43898258782	18374.4316720204	5845.21870364954	873.33894350029	1055.65679934362	528.238710331352
293.283	3.17113782043124	3.78099269919492	6.82083172297101	11.6558820763165	18.7135251344601	3.18146961205046	-0.721443393843114	-1.47625875633364	1.41681588204089	14.0037120370572	9.7785265451607	-4.71044220857381	2.28475342224959	21.1507256190653	1.07992211391855	16.3798459068866	15.0692083428746	26.9328934786399	15.2299372093362	4.59608284476219	28.5615034096841	13.2369491451594	11.0416443768656	30.8469489939451	11.319867244612	23.5243380663021	19.8553305933995	33.2370692456235	47.3949093623844	56.0320653990206	52.1479645695136	56.0758225328591	86.7935846776664	197.273569195814	445.10292341969	762.990546499664	958.229954281449	905.676573174733	915.115086584603	938.780473052806	2387.6983748596	37341.1463621931	41181.4914105714	15237.3844658795	2013.62863725665	2144.17571165717	5409.55651471793	16772.8505670097	8706.73073985528	1368.96776143602	1094.40245673831	1027.22815968481	1125.20333334151
297.797	-4.09330150227345	14.1839576735142	16.5081050868251	6.61478829840889	-2.68393326459084	6.7759523179947	2.32809601398978	10.8208206083882	-8.00110724202526	9.83545828161765	7.69159962690594	8.06800288060738	6.26695950587449	-2.87382476950282	4.53037772246051	8.61810676083869	9.11780575313325	7.28530238989665	13.9015712306083	9.34387508787175	16.6780008676661	-5.78727504682212	19.3231598456664	18.3159169078741	27.5858313557276	11.3869469492603	27.5635230350889	26.3921916582821	38.2960271500442	49.9621317215017	47.3070648982222	64.1573180216843	149.535667626507	394.668607255751	704.260754186062	901.034879170138	861.609171729516	869.703252632799	836.057058924851	1764.46779684545	29204.3509026671	36120.0870994867	17634.6738301229	1598.14206089416	1929.1125970158	3569.28331072799	14053.1852721048	11767.9538553926	2023.97433500533	1064.25337443829	865.777432233318	868.296120650107	835.136513905772
302.315	13.0597690754724	-5.39008210584322	-7.29269651025419	9.54960566897415	1.97611119401562	11.792086855287	4.11388165691045	3.00645002106858	5.16164681942012	4.69725117317941	-0.871250375658727	4.13235721677798	1.80949077505401	24.3331195201964	11.6318389287901	0	-12.5313186443542	3.01135787318104	17.3691130464522	-1.74721408684026	7.75552679225012	-5.27555119335214	4.84328400662527	13.2900970363585	23.7422346348996	24.8813016313154	19.5822335222694	33.0075999253398	32.6297755456779	35.0341291212586	43.6686888400104	125.620303908955	330.996868151974	612.000442409611	816.136600309037	818.836080260377	853.638626641329	824.675608534045	1382.56749212585	22996.1192549141	32773.2505969166	21670.6764046829	1352.91315036569	1420.96623841604	2434.65917234791	10239.4555268098	13814.9095846226	3317.95032180394	1390.13895282818	1027.52793137416	787.837386243696	954.402781845045	374.280617507269
306.837	-46.0833229394916	-25.0839526252336	-28.2818285790604	-17.9034652690857	0	-16.88526572279	-8.66077380052	-4.59710449570187	1.56657899530634	-17.4357202112166	-12.163675460926	-21.2912966102976	-27.4279766769487	-12.6603295191528	-17.7405310693322	-12.14916901894	-24.9931260283131	-12.7627749381893	-4.5364366107645	-6.09828865124292	-15.4680336551808	-4.0468611112045	-4.82985115150013	-17.1512477959117	3.6994352364304	18.3395211389405	13.8470720838733	15.9271225643706	39.9667204376515	24.4558733397946	78.1091400729761	261.93214579761	542.695634767484	758.88004046855	775.590458750626	788.260551124218	776.375576121125	1156.0232718484	17248.7611623476	30514.4768589833	26612.1874971803	1234.58481778564	1015.124236176	1543.97589141822	6585.54166070282	13973.0245230779	5053.81424411291	1693.24223931686	1284.71765003387	919.015833005851	859.186278934973	319.673685129707	-142.187637972899
311.362	8.00436330333039	-16.9997443814423	6.45624909335971	12.9350766577239	8.85663102316617	2.10799104754687	9.10508365467804	2.79470148047923	2.90568452964504	13.7750063542208	9.83434184602914	7.20245519050759	9.37139787496056	2.80985135256152	18.399578839819	1.68525229481208	-4.99230861110209	8.99763321087018	5.35446844445759	25.6674546063722	2.57474787021097	10.1043680723019	25.3246761129374	1.94654253873821	29.188607037867	33.4003958346362	30.4959837024081	30.4000367909048	55.8120540024288	87.9298893905246	262.335980073001	511.828338823373	766.541866729176	790.225901745052	793.359839102873	797.332763534817	1009.60696159641	13037.2948852938	28616.5273738725	29748.7024708135	1548.57793176647	828.377095385252	1024.36362191116	3987.1647760537	12362.9589357411	6943.15042158482	2026.975480255	1628.99193500545	1283.09419554666	1084.73714062489	950.868181603635	1160.98081543619	1544.33656757513
315.89	1.99907085706311	-4.91601123443792	-4.83729895284943	-15.5824353442849	4.2599992934405	-0.902512787176079	-10.2328792596494	-2.79188041426987	-0.893154287197442	-8.56823294520639	0	-15.4182531184381	-19.8040997612277	-9.12279872906615	1.0211669823636	-1.34684091531161	-7.12467029416818	-16.479009608506	7.40639556399716	-13.9072786491945	-7.71644649784821	2.82636714678482	3.61415893260342	12.0563813237003	14.395019996866	24.7559241271301	26.2142418818792	33.1944057761801	64.2249380237279	196.945390642796	432.417429280333	712.393178469064	759.856169012375	730.558012236238	760.974160017708	882.795865977006	9150.79079930641	27140.710799256	28577.6265828812	1837.56755289623	743.438050962031	746.244541050503	2072.010556842	9629.16487474698	8235.30359010477	2202.96672694117	1656.86730553973	1350.95231999528	1171.57494997611	1051.77034172516	853.372942375386	434.928330798441	230.52999547191
320.422	0.500567690032766	-25.5146523075748	-6.46005599190043	-12.9427037681002	-7.54898614123086	-17.7778295557185	-8.88269111605951	-4.19452404565169	-3.1310438423326	5.72129871620548	-2.31532720515891	-0.686352579633531	-9.37692367800483	-16.5176104923153	2.38653697198313	3.3724919926531	-9.27689713535656	-8.25269373980692	-17.3092522064305	-3.91768311458644	-9.87568655885701	11.7279782388342	2.41329606623673	-2.72676643243478	15.5271437309321	11.1400300764576	19.8695589455079	37.8456039301117	171.422830480059	398.012619121433	675.568080734276	752.158805985868	718.926119963935	725.333678242779	811.852456868838	6583.13326574795	25662.0006263443	27168.5668144115	2508.03845041219	688.245282199566	638.178449360932	1076.51439588877	6705.33206429176	8777.78522994452	2620.5351762399	1590.45200504974	1547.62849593769	1354.52721999338	1155.64375498866	965.052179102459	614.947919635496	595.353508585787	941.3574767148
324.958	-10.8470029059743	-9.23788267763004	4.5828604454518	10.2128532134594	1.35471653379662	1.86554455023361	-1.88017203201139	-0.412212386014408	-0.692325002208208	-3.48853386095894	-12.5429394578963	3.89527037261605	7.81508985541533	-1.08792326783316	9.8504439909479	-12.8759801683477	-2.20906396480291	9.28991921380273	21.6883662960677	-0.449173827874588	4.8737112424559	2.0865212194871	11.6210410098949	20.9016653686575	21.3627893270318	16.6864838001244	59.3120401063388	155.113015249896	364.71579415509	648.113102793947	754.125424140051	747.665909587391	752.266021359654	790.972151708381	4409.57174759331	25071.2515251861	26463.5518652896	3411.781211439	660.051563681556	584.207907944633	691.741994308259	4133.30640342486	9238.85140558442	3217.14436312601	1506.43042563617	1555.57771350048	1441.39725047059	1365.64043869241	1152.05833043622	937.53527522774	870.012222204911	614.331189919239	311.569742922641
329.496	-6.83166969854234	-13.6280428733456	-10.1729810548924	5.59493215089077	-11.3709153475827	-10.1227240796791	4.54312042352065	-3.77447534768877	-2.58270315326068	-3.82226393549406	-10.9381930234769	-20.1755784938084	3.02898912868409	1.4758086397292	-13.243188029408	1.0621671760137	-4.86960169408712	-5.11961254430023	-9.95124791585277	-11.4247708601818	7.21240554549653	-7.21763256752263	10.1342424657841	17.584865423861	29.4969131525025	36.9718719038791	122.923476466473	321.566092796167	595.556068547397	752.125029072259	728.089342881021	717.593049321392	741.95456487154	3225.28945465243	24198.3559699826	25488.8565399473	4742.82522403262	645.500591370363	572.937686706598	536.162945929586	2220.91517036848	8285.49334170118	4339.94392063186	1242.58499585237	1320.8882545189	1446.87542504197	1363.85298730567	1233.71018587624	1063.68305502431	842.998287604796	779.58439182372	632.644667585109	1025.56240155016
334.038	-2.11553810167094	15.1343168986558	15.3573699618035	21.3167018076308	10.7502987193432	1.91018760717791	8.90388872213303	11.8181491583023	8.0341156031404	0.824311281483238	1.52893998462911	2.53812706956246	-1.1431581954316	10.3969376695622	5.7635246607378	-10.3334887595098	1.50795169825039	1.58537164136764	18.2884269616655	6.43891774717553	18.6003606302914	17.9461994572377	31.4477168580473	45.2731414233699	48.044694978539	113.525625688172	293.909963574627	588.960164974718	754.355982493538	720.061929758741	712.689829095392	741.508849920595	2228.73525256264	23491.9893420646	24328.3394152222	6171.14605551344	626.149184623027	564.547920010492	499.538940124931	1286.82406488178	6413.06521723672	5681.72111451703	1260.9327194592	1086.56171443249	1300.53928573782	1374.79670982308	1334.0256622944	1213.27073320884	1057.33751570755	954.781752499205	984.818733304475	1020.25974652641	731.882495223819
338.584	10.5530244550575	-2.83106723915697	-3.83038955063657	-6.01896042963619	-0.69195033303162	1.58811104342471	4.08143617710133	6.5269340195288	-4.95067643636222	3.8378156830114	3.35582424895082	9.40534558307932	4.94213404388502	0	-5.39070443626607	9.59839959613506	16.1726796329702	14.2350725043842	8.25404346366551	25.2367612881683	25.3461279850328	41.3505245173554	41.5498600441876	38.597741000053	103.659248112241	244.325344127585	519.127219644153	708.385068109984	701.927013699534	692.253118605478	674.256883212944	1598.7966840005	22936.6617803196	23390.4052364316	8163.04653815358	584.471093217505	510.442967673783	467.38169285818	726.655343492463	4513.89000623148	6566.15066325292	1603.580878611	838.879180077863	994.377136429263	1206.01013248609	1275.85004330559	1242.76657712576	1101.75488398765	1000.43902417471	916.316785687074	982.522240384345	1094.41298552977	468.061424875662
343.133	-1.05433435505654	-17.9136441956118	6.37812618503294	-1.60358370303343	-7.60447123321371	-13.6452259186742	-6.4763344129447	11.1487149539226	-3.76848372745227	-0.273878216497892	3.65754082445316	7.22824423947481	1.51926164191953	8.14249671454213	3.23145553731025	-11.720615407934	8.64256744878195	2.76539158050198	-0.434024818339451	13.7528782559625	9.94827291242297	24.7023741619221	25.415353429919	84.5089426245813	244.115509254768	470.036749034036	673.723157171485	662.291173891743	682.299317080003	682.4259150507	1181.0495227772	19243.8678544421	22942.0321159271	9793.11166761424	576.839540684296	478.247191271487	466.041076595112	501.609599634036	2733.98140649978	6604.80526616999	2428.60325736439	670.05921982548	822.45621792424	956.891095686767	1113.49129064074	1111.4457799961	1134.9533078265	1024.8820811163	926.385560959021	832.721284613274	704.649038898538	672.867087201451	935.264089692546
347.685	1.05867757134375	-8.9937187572292	2.98872008665144	30.5936003589425	4.5120618811195	1.59319022678025	4.8170466457491	-3.16829458833516	-1.4190028456439	-2.47505785357205	-3.36655702909234	3.99191111520211	5.33932026549483	-5.20293381278772	7.21059370827487	6.41939848081698	4.52774064531329	4.76019996321884	3.05068915629252	23.0158862495883	11.8054817000465	19.6722433497606	66.3521279933306	209.259177568452	424.172905259048	642.217709022164	648.733157904808	657.538877412837	670.159402993694	1021.57922478966	15269.7021769472	22818.3373044812	12203.0083489245	570.948052399559	450.457931642638	430.228790756445	441.146118325251	1562.76903252994	5786.99696101006	3432.24934551427	664.42585613163	571.866845889626	714.50916963732	894.878696242916	1049.01785537711	1117.06824963673	1041.23445971447	978.320902214729	879.360722101113	841.345077972952	723.911342731745	652.605746367476	431.993732096788
352.24	-2.68317785133395	22.5542971983938	-1.29853660411365	3.26477099345484	26.0380918026513	-0.969091140532826	3.66258619769695	1.71304993495625	2.39760566041455	12.267081796816	8.68754488038704	-8.82968394428205	3.09309787236223	10.5493095509402	-3.65499484577804	6.86943739976569	-1.91256427593107	17.2925143771509	-2.20910145612244	10.2665876257475	24.396749849538	63.2986796912423	186.708415368799	368.745937755274	599.253688715382	627.185070933755	645.503623280891	632.476437332295	845.362805123928	12555.5698559067	23211.7698388169	14870.0554220282	671.399323261962	444.01464788059	432.611485849363	425.359235425408	890.946719921123	4495.76780344415	4603.28510230629	889.053362000875	512.703785240196	561.087099371201	736.973334178505	918.611509662867	1013.8492822839	982.176742095733	948.261092116733	891.868995409238	828.486910997131	847.67770166756	816.815707187716	770.571427816339	1199.598456412
356.799	21.1620206059583	15.0420214847379	13.567746023757	18.9816358635967	16.3662181503507	12.7385807807533	-2.71582855601681	4.33035101439048	1.69702744193846	15.2228305942827	14.1177216044855	10.7881005226848	3.51851376667003	2.66671813721529	28.0875223527969	13.8919827637725	15.084249669604	30.4974847736093	19.2099919591049	26.4243634595584	67.4896499762634	138.091014222789	361.010142399491	591.163547572825	616.351319734163	622.488247613801	650.774115612257	783.686319894071	9464.68868300862	23757.5419857362	17427.7105756988	812.350247550609	405.894106906235	442.802085261531	434.242541590326	577.526182625791	2960.20968934272	5083.7697600704	1437.69240545478	497.196666170237	484.644306354943	564.904998040526	747.200286209398	871.227762507841	940.017484655507	996.332783189541	873.287343729269	848.220191425329	802.975551873405	795.901174608261	779.801144960046	991.656635214627	1809.82370511902
361.361	37.7012522298872	18.0784167456967	-4.4071737257382	31.1638588190174	24.7203009405301	25.9835022679285	-0.248612994159826	11.7733762734198	14.1590128994034	4.54188146719577	18.3229017146509	16.4821484657382	10.629055335379	23.4003885347457	7.07078445425836	18.7743527688267	21.4208131650579	26.2057680331232	28.3408868153472	33.2604948234092	157.947673412998	320.48347789284	560.213924950583	607.186318393034	597.238600139119	611.133363245791	699.070984686633	7559.8016417648	24226.0174804651	19238.5534198189	1060.50781740481	377.947487261555	404.918899785657	433.090990077521	469.389270384692	1804.70317130109	4937.53725203668	2261.11498045898	565.844215744853	465.087620762622	510.125028038284	578.033877571572	772.008581405407	840.934856830781	877.083350844785	905.207584814603	943.650736077363	784.749021215363	812.455218210679	806.805056867491	789.453745452149	1006.48812821465	1434.67753239346
365.926	-19.7302785158898	-16.173225426203	-1.32618910412428	10.0028841049178	8.26526018163539	4.6187309375011	2.24434885835989	-3.06167670967838	-8.08058781407719	2.84734337358221	-0.316876687117895	-1.87869024425139	2.76409505739512	-3.07827383492877	3.35954557789985	14.0314458632476	13.2823894916518	25.4643525533184	24.3663611289228	104.852158981664	260.915780071245	516.730279019601	575.576220855742	560.845904716366	558.98977327836	662.180956292269	6065.33036430442	24282.5789600049	21831.4066142264	1319.56466814675	353.195408186885	356.823614807666	403.104325329483	401.744858837608	1042.73686466628	4130.35836584994	3120.23591037726	701.644656685709	456.753138923618	479.288726372767	512.819688161485	593.325403872019	682.147096844131	769.0073581268	798.302000953415	796.636895685978	786.627434068525	819.620666464558	731.1028028053	664.084126933321	804.567924070235	1017.51058503605	1614.07867714478
370.495	19.0264110565454	29.6531374603448	11.4002838432156	18.1896686385416	24.9508214882676	1.63614861011483	4.94693228832354	4.77212808196931	7.52919983369676	9.60233551567706	14.1436310397562	19.7523676817978	15.2748747268951	16.7929910360109	19.2530477255823	20.1437180329107	23.249127565768	22.4058670277038	93.5408514190489	247.710319387768	493.811771681401	572.702081972938	560.854740871893	558.405705687375	626.716606766578	4710.7920821331	24208.3743715568	23206.5001262895	1833.61511961334	331.382400805624	348.076148305318	367.408249329568	388.86038454977	657.321310553027	3016.51343116709	3894.41032538241	1007.35014848986	527.131822763951	492.158450804417	501.806665157394	558.843138461366	605.582050923079	708.217316490028	785.082195583904	825.932538287864	849.133990963979	839.075825264187	829.836267999547	730.965865349515	821.362704087661	928.238340830083	1174.8254618989	1253.77059596461
375.067	-7.0426054424711	11.1421711868962	-10.9240454909439	1.64790919579931	-2.84169832191799	-4.5654327921817	4.68339454808756	-3.45868147730694	7.74530069985273	0	-7.20406156463808	0.371402195257455	-1.56125634465378	-2.66240790750402	16.2349140982565	8.39471497149516	16.6044708630224	64.144190173743	172.164462862512	366.045444119559	513.951076759644	506.390680342768	519.745661915422	570.815496891794	3904.98430074934	24399.9790517734	24091.563391594	2330.41623854061	288.802578602485	304.54692863032	329.308826683518	349.720154437858	448.212140710949	2071.65522863477	4160.23878345456	1570.42891064234	548.858335907265	522.035440992213	515.134024400062	542.189645898653	563.099529980137	610.180934327704	670.924146697948	781.610374805934	758.671510033771	717.995119821124	743.133943976845	646.601471804728	647.508910341823	831.820797672684	514.841462726718	872.190266204589	1364.7850207042
379.641	19.8309334186985	30.3336660597143	10.9442597854348	23.415037176443	13.6872918996971	20.4191109518124	10.685361339255	7.49657068495949	12.357588479184	23.8589518447554	14.7847918180991	15.0266894425536	27.8237395125378	15.3884684683095	18.1274638931852	23.9087343048099	64.3535104007535	142.745576238016	335.994767764809	478.780000485906	492.859947433501	520.279913230234	543.451888168853	3112.44826227406	24184.6004312485	23508.3042754787	2787.27745810754	305.322454447893	271.575855873466	337.054184286827	355.037259145622	398.732991348325	1261.54030301078	3823.19849734225	2346.2862454519	637.445431175911	534.694442273334	558.862534788031	548.523325186991	587.208195762882	637.181943520494	620.583665348374	706.360200449787	765.500433410149	776.519325051569	796.641146784776	736.748649895191	770.136247317734	762.98824615785	893.470912140305	1032.23343817859	1211.09383542675	2073.92704610341
384.219	25.8946060758368	-0.463117603516613	5.01272680405604	10.6337476220369	-0.33957623000316	11.8464114766228	12.9604217174932	3.51308619433253	10.1809963104521	9.68614427930967	18.2653800554444	13.1369784987623	-2.23879729736355	14.1804646031627	21.8694724429175	32.7985973444161	114.437293327781	259.642424553569	414.023255391633	465.225602767243	463.340497194802	515.480631391307	2538.84899030925	23541.1928961721	24024.5068089368	3588.54563260957	284.497459677569	266.037319606677	299.493440774075	333.764738116225	356.621319903892	749.289529719257	3069.64883783058	3030.78123757753	838.047396400377	555.621430966005	570.397705975135	560.878025111102	588.21417928735	630.039274125136	632.329152596109	654.203118348776	695.213796100498	741.338552343749	728.696723361849	789.55249793226	776.224372872486	688.282182581837	714.80485884517	807.907901648195	876.318171806484	946.472719189736	1267.9563057914
388.801	11.5145589627611	-8.50599372254842	-2.826643236434	-12.5636749610254	-0.656519221445143	4.52037686532906	4.10023847447162	6.99178549864059	0.223675167509239	0.780278886250682	0.578907320644158	3.08898957181324	6.13186539308709	5.27226559188886	23.5275050660784	75.5536767292947	181.279946124491	324.148076126144	355.710323298166	390.078005241755	457.346887050777	1875.91240780006	21348.3886361462	24463.0652197187	4172.53995722639	259.129342052912	215.045065835702	249.389082450277	299.763971162041	312.864766966639	487.743652473799	2139.15522058068	3393.39777794087	1159.90373996306	546.333571123373	534.392300498239	568.977608680169	559.075558095615	598.706439826221	629.960370433295	606.062992207046	661.606369313831	676.38107823801	715.924082320252	747.404692311693	676.351187891158	669.077377834185	625.791289723292	673.174626201237	709.762003699153	769.752214154739	813.271860395242	1456.62988925387
393.385	-7.18564508951064	-8.13916944102207	10.4325807194558	-4.73588487304062	-2.82692958814345	2.88362257205824	9.59056779619637	0.57345103153921	5.56475631592549	9.70617773264313	11.3558052127464	3.28419521922787	3.45142724556782	4.03591767312966	57.4241379797003	152.982219964057	260.534728086086	310.528056473541	339.581370609836	392.835002965854	1535.99728659552	18356.8908064867	24176.0869453457	5023.31442414324	265.347644108486	180.549239254609	225.46543369645	280.268112682257	303.410814358697	356.841152225881	1280.80692823128	3256.16706983998	1686.36251119218	554.771253753488	504.466877548704	531.37014295287	538.569197913854	568.944407468901	592.957671261891	595.810925607382	636.577187639857	624.475705013609	643.65577241095	680.301709965727	680.363290180499	684.030211625995	676.292066368691	590.693587960322	661.184547968085	646.253084702693	788.374385831571	757.354574370096	781.894626217662
397.972	-2.78225123019462	-6.21997066848235	3.36620908529397	-9.87384724893363	-7.6012160996658	-7.81568480492635	-1.26594104936305	3.70063002481937	0	-8.91365755763328	-8.04314542908618	0.635813213363026	2.67275591273664	48.5085072072403	98.5387388409973	201.820707359248	222.447093753462	272.440324732279	345.12762654071	1012.14514351869	16342.7889543218	23505.2995822691	5798.7575482756	280.023125735141	179.112646314536	187.086850482467	225.807943656422	266.05410881029	300.574326853443	805.652940888464	2731.41589006482	2199.90119698545	632.753334024587	505.752748224956	502.971540785661	541.640071239742	566.41514750324	576.002441625311	604.386086494626	599.718073861615	622.934377608767	638.299597446798	668.948959380477	673.625593463572	651.692271113366	675.852220112519	633.913153886521	646.365782263848	717.547764428394	766.602842078882	795.383295130487	847.449619301391	1003.66971665788
402.562	-12.0373444276097	0.797349825830332	1.79800300443815	-11.5273404638098	1.46162144233537	9.12451422761693	-2.83995918274631	0.711586162464698	7.7683686938901	7.64345990357229	1.80436559277308	17.4219289998568	46.2544620606254	85.4507972377642	176.72468679198	201.847934404837	229.758612336353	274.63063085077	697.774736765726	12419.8294712056	23969.1024538462	6660.59684832623	289.809078126002	183.531105355183	177.803437013679	216.039195604342	231.005162772314	267.135511020682	499.583353725269	2073.44104194736	2617.16956829497	842.219783198102	480.230385105606	489.730520598505	504.544650858582	541.114828719138	553.680316834397	566.132087117646	591.232132945977	599.552202214566	602.613388655199	632.191878221853	642.602170051793	636.287777539871	675.892335937579	619.895171776518	651.428960128223	666.728636008205	656.574074644839	739.229100201689	771.601991435243	672.509639150117	1471.17983823098
407.156	4.86330870426428	16.209700635416	-3.20948350298955	-0.672438279838625	13.0451670414673	-2.12908525460657	1.00583396404731	3.17550088034996	10.2716637854405	1.83754620542709	12.5254923636909	47.5875411936321	73.9011772503163	166.686330947196	170.737738382755	188.254056950531	227.847374789047	510.566158294639	9847.74603355541	24076.3178362355	7570.03861571506	338.617835748628	172.652138740959	167.898207555184	211.262737099603	234.555405833636	252.273956848837	350.197961404818	1371.71318921464	2717.33271591813	1242.1795621188	483.705154805843	474.697379730189	531.461549971033	524.715195723816	562.622919356668	571.832245100462	582.839411990621	619.334423729534	615.1855982405	606.314626900998	616.517198623456	637.256710384823	666.676099939887	665.158962467682	674.032535161595	667.855826506108	666.172537791397	772.213003913746	761.275232375583	823.255410486859	865.707484457697	1725.6301917407
411.752	9.56630667635469	13.2206412481176	18.5887836913608	6.94423154778053	6.55763790887454	-5.75848462863195	2.37421477862588	3.64369060650659	7.96533002520055	-3.1627057116413	17.0958266351971	68.2671168608333	145.679616892282	188.362016604509	170.885315491965	191.889420720127	348.381038100294	7302.86189908094	22379.5430104946	9026.43403580809	379.331771375383	159.84363778422	157.927075810685	206.413709466306	225.443749846737	250.043742329014	285.718748203099	888.871334168424	2489.42741415546	1671.40311044006	532.546375674615	456.559780201469	477.161140149958	509.125505032035	549.938913214624	535.174234943333	552.104397984458	585.645786210732	586.551849461902	600.821138913435	595.870484352654	604.404709924568	627.829638425481	655.072506204612	623.317415583804	639.768214990668	728.467449386157	742.306577736001	753.29840134285	846.852076393588	970.952221406448	1305.54009773055	1897.76583022427
416.352	8.98742428648558	3.8270834742244	-3.79718818424416	5.53284051261489	-1.96431877724235	-0.257620170038794	0.778920404546175	15.8817910646566	6.88361781729789	22.4567266397973	42.065344041176	122.937515973091	155.098698801717	163.456200071989	180.723634646493	279.112586035154	5272.01369771013	20086.0586635453	9623.91007433162	461.861448122454	174.742904600705	156.630556755852	174.349397135472	198.827918615311	245.277177603094	264.840909993115	576.377391229652	2013.69556364991	2104.75320738542	671.029222214207	435.262138005565	439.627305013791	467.251440949129	515.974952841974	522.393235595103	566.485130179195	588.852618833022	588.623865035445	569.892647687716	600.491870848363	598.901412402931	600.631596581887	637.517008992417	631.407584981512	666.492950670423	644.024963372197	712.947821292473	754.748542644628	767.296032319376	816.697042242109	889.50138451039	1073.89125107046	1214.84768324549
420.954	9.64434836101113	-13.1239655670283	-3.72041360456206	3.50768849565461	4.67403491798933	0	2.098721818796	3.84834030017614	12.5521509962814	33.3307903955429	96.7336382986184	129.651055158474	134.138128384642	155.735375313659	238.47279473137	3904.28227689958	18009.0294179104	9974.77839545413	578.263880111118	154.244398687186	141.356001205636	165.998235885917	182.616863857295	225.807432413033	235.672646425708	394.94875002462	1461.7428003606	2264.82463223032	954.266038100543	450.981371686923	442.663732137432	464.250087959078	468.600070633204	515.659361911482	521.383609022735	554.706902124604	551.593960957191	546.97967174599	567.154311735224	570.830510197085	574.612816121153	589.898788967255	628.258734945862	626.953161800863	638.47499247713	705.433854063635	712.345670465596	761.968882965745	826.363799419503	816.64064462467	877.996414307778	942.703245517245	624.899584950746
425.56	22.21441773592	1.47147589064836	-1.6590698252106	5.31830666612602	12.4078628505283	0.247631043136341	16.4717971807716	23.8017975295274	37.1270842262903	80.145948126656	112.740275070449	130.29795837261	159.162106923986	218.059330818153	2936.6433700703	15458.8311383908	10003.2333256593	710.595312246274	157.831357852807	138.086893856581	176.789125702208	188.778203978516	229.732542919534	234.0160457325	306.55740397247	979.894707191774	2163.33577220231	1303.68440473138	495.546383085002	447.891947125883	453.297734101842	488.901465301899	500.659821076501	518.445879520106	514.23004827036	542.927715185439	551.230952990151	545.160939872722	572.899431688481	585.202591358509	566.290837738697	602.263579941951	650.461157637404	641.290223691394	665.786780617342	674.224316963256	756.931303350247	878.705550744302	848.761426717979	938.403370263825	994.864445948502	1032.25151461364	1664.03293883076
430.168	28.6531322948142	-16.2397094527647	-8.1378044676847	-7.36560251073553	2.64613339891883	-1.94342442113096	-0.183624613913709	24.6380179225611	46.1585354554408	88.8973349617708	111.532445994953	120.076479517478	195.392211584913	2178.84654826056	13931.0349766968	10057.9548542985	838.242898557633	149.400117496515	113.30115492793	145.641731788477	183.470512230716	211.276455255768	234.773385755189	282.646330009626	641.111600900558	1850.42943431091	1570.44773220834	573.448835599322	434.55795966896	441.637432421515	441.068853721988	469.328862996007	499.295059395341	508.885967284942	513.360898443185	519.808685956772	513.723914643548	519.447283227474	532.245562859664	553.697346523762	556.373164853387	578.601459974915	580.687945113191	629.682286627266	652.475735577868	682.909662707316	737.807921181319	807.358286660313	888.629796277608	875.047154751918	954.14324750109	954.112557314193	1045.32782113224
434.779	12.8824746583149	21.5999404482016	-2.92243804890345	9.49061361337141	5.80724270969685	17.6903363839027	27.8426165200928	51.7256277367826	76.0830624285149	92.2352728086572	112.888741360864	157.594075721064	1695.63490789412	12989.6362029717	11006.6621998028	1019.28165421776	142.617325012591	127.614469585314	122.967241215374	167.340551718831	184.402677702114	219.540895310187	266.546553180273	457.70601470024	1436.9629892578	1848.2117328915	741.354368916504	453.71052529949	452.539498389796	472.285363266539	479.432606488392	497.02517711369	498.072806369603	505.354855208734	510.920840889516	516.354874190801	500.296087125138	518.872171129597	528.742609807411	541.388963116526	560.440190392778	568.604069593141	596.699227889093	659.490893710362	696.752472848826	711.409305765225	825.989148757145	812.197551774822	897.911068970224	983.499384959997	1175.76226208358	1372.19373406649	1814.13220141816
439.393	-3.59908774461441	-4.29124347685982	9.67664181293918	6.99457033317035	2.62209186686177	16.1283017623722	42.9416836004324	68.7745528133626	83.0808971161783	95.1534484138294	125.779075674255	1193.9676099111	11810.0588813123	12299.5692076327	1341.41597168341	142.525873257381	114.018807841252	117.774890608751	141.90359467185	173.529954270394	207.187481608828	234.880344819583	355.708371946219	1047.80418032383	1878.68855538448	990.15908199106	445.877989266149	447.018248774737	469.294056476056	478.626108625849	481.48505789387	500.881358997972	509.228580878252	507.951500328783	503.700874790752	475.463951112127	499.254345011252	500.891058279496	530.323694741362	531.569448113545	540.117622304479	539.248949892836	594.213168447691	661.331019776657	704.003871745428	780.813535959442	869.421618748602	877.881380770869	957.373617852684	916.140826498626	1121.59211827097	991.846092665182	1660.16662898663
444.01	13.442961960972	-0.70712799838307	12.4375301160572	9.02029181522995	25.6654702193662	41.88829014063	68.002517662722	81.2500920099998	86.7352918310756	108.868202130465	779.524923914244	9589.67283798641	12850.8647701009	1782.67799099279	142.724731658732	116.40874387094	116.958214201738	134.814834590039	173.829512139373	195.981415354073	227.230959853313	273.753206147188	748.49323499519	1729.48469487286	1277.53727029656	508.930170843495	457.376232861198	448.394149887633	476.276538683169	495.556647554976	488.867893093343	495.223216383159	515.306458720345	499.968961193325	513.99139441967	474.377634227571	496.198951291137	499.336945375037	500.925239070752	514.03910101861	532.785800033695	569.529194825368	591.903301448687	631.46789926316	711.069171324563	740.801531646472	874.485161744292	911.474294150353	939.526385327696	1084.23467402417	1215.84306828984	1410.74789483036	897.866813075241
448.63	24.8384931893914	9.71751653727855	7.82598059027667	25.3820680185224	39.4434549112801	64.7126155908773	67.6333945654911	76.5020020576716	101.090914690809	587.548806269274	8103.19682063514	12671.4292301476	2238.36459414202	147.683204550141	120.007513608988	107.467020242562	134.722710702011	185.265664433426	179.895321370631	210.597806395113	261.331388825353	487.571155626039	1427.63636268523	1524.8872315113	615.112366864666	442.443303007876	453.906709496512	469.755078004267	481.209168013101	506.192906785619	502.628374912573	491.185449777205	502.847973858367	490.212708137814	504.812965518516	478.561219043612	476.915768619484	480.743124591017	462.716141860789	499.295033936515	525.391716678127	549.028986182815	591.088710199771	658.30661011286	737.714828922694	825.137351196301	829.162513049038	922.069548032837	1009.20435304813	1161.36982676718	1226.44189788795	1249.67331928522	1927.9208520865
453.253	11.8932679911923	2.05846148929966	18.257655508332	21.0065768758737	61.3800609851613	62.816296478339	64.0652779624018	93.995802916997	416.185066426085	6115.10607776201	11932.3188606869	2845.12139526838	140.695922941268	91.5809147111144	100.863521923371	116.833142766977	131.537979530124	163.591980957775	195.20646092239	211.520639296623	371.214779108114	1062.53357942707	1605.79613852133	786.099382841979	430.404450935677	418.093232916118	441.906370602038	474.40188739262	481.654228089978	488.885588223732	490.515107523847	488.46397905723	489.076433154273	467.715714513565	461.812167022133	451.694891843665	467.688733443886	467.268987146438	482.223453500339	462.258797883087	484.746003296209	516.912975124186	555.360148177224	652.392026144227	705.817821033522	823.247878308512	847.644292065513	907.172435146908	974.437948818238	1116.06537803574	1233.13674809403	1035.02468196594	1824.14854992571
457.878	10.6388614325351	16.3091130573723	23.9048052216241	54.9002095618524	61.0381248980992	60.1529294122362	90.7639867746785	328.091483477399	5119.79247358345	10822.8274061972	2789.53630273288	147.437518578303	98.551636663094	90.6990183982804	115.160739466618	122.875832060043	142.458853341523	185.080520224356	212.409089303394	253.75950734542	762.657641514952	1528.41604076499	1019.71810101721	439.678444566004	415.876895717187	437.25269912012	447.346598605012	476.545449460209	485.332972248387	478.347494750972	479.499638374838	473.550994310262	462.157819095508	462.40288662722	447.3130772589	433.521917183527	440.212049169969	416.755333337461	430.860026608505	456.330588444099	482.442963427008	492.327415507284	572.106706258647	605.761457576528	677.686437382582	786.094617971047	869.878305498804	962.763846718097	1024.52554818836	1127.68532054532	1083.28289473375	1179.36747227839	1698.72688010406
462.506	-5.27518980053254	25.9449456046886	35.2550657761418	48.7127060708721	46.4478784330484	68.4984761246851	284.771698962769	4403.3734686357	10440.7840457022	3200.44506432725	147.488546939646	82.4053101336508	76.2852534702337	76.1884417051961	102.141078530937	119.569131527497	157.120372354626	170.269790005953	216.536782143069	458.07986980111	1325.49004797909	1199.10820552632	487.452689713838	385.587451933372	391.54674749493	406.295341389433	434.545236361571	445.425261630359	462.140449159185	464.908047482071	464.592360661344	440.277982032614	432.094777796589	432.086504448207	417.564297070802	410.958059062767	424.852046428271	404.488918129771	418.696775755056	430.933747934615	439.733967744843	485.273814790255	526.790382134591	606.05845101939	685.117863032027	728.279933264688	812.108519605901	868.637204641254	978.47420386011	1083.18615877443	984.022781542185	1371.77229375039	1216.65470389261
467.137	14.8798536717994	59.5447786202743	53.408718434069	59.9732812020543	75.6133258699593	236.24087429761	4519.2573167429	9343.45258870588	3481.27288532155	186.305137751943	78.9340355916349	72.173798919332	90.857877359358	92.9769329283745	122.628479553969	137.59388295134	157.504038266346	195.697832271109	336.591049398887	944.594694427135	1333.48362755259	610.094411177112	369.448306780253	379.225078408935	400.292718055682	431.026582532306	444.035959620282	455.781413128187	453.623051629816	460.279318119575	439.16339729023	451.068398463238	432.281745053078	410.740524037641	403.767284073707	408.599206175168	403.631747126594	390.966673111223	399.129374015234	411.705228510018	448.020953922375	463.647201804884	519.155080048788	617.294498533557	701.572715188641	768.886375439452	836.768070202736	924.742660791446	1069.21857727016	1133.24992932862	1181.29642412974	1375.86904750396	1570.72994458739
471.771	31.3794581690745	53.1501354402106	54.491791971091	62.886556295533	169.200510291579	3983.58253120795	9955.85542324527	3993.23226309718	197.597584771782	68.4705567765226	61.6856195819002	67.069774977895	78.4644165687636	97.713464911468	111.890660737896	127.843233586307	153.412818382651	222.153056945332	631.594383594684	1243.04211961545	748.284731802113	366.854597147529	341.724041766429	353.648363415331	389.34463161863	410.525168466098	426.270211991602	426.494190690529	443.138563187305	437.728286853015	414.175603104524	413.559613516661	406.134740473353	393.21175996941	382.251739079919	378.061813146034	365.877656886523	359.25583347526	366.507396857599	397.815820236463	399.427774577853	440.245265557641	510.643322887272	579.151787002239	618.814489989408	774.694292235299	789.585085475969	891.675009448911	937.650937987178	977.947871638855	1081.04587253876	1285.09728897794	1729.08498155956
476.407	42.9995651096665	42.0668658004249	59.8801744013931	183.063930066888	2847.14709802594	9860.39907059834	4011.00469392268	225.69264227936	69.4571354376443	57.08979959338	58.0096736694817	67.777405818912	94.7950035946289	108.113212739951	112.89171123581	140.641875903724	181.804341959772	415.60204426656	1065.99961108411	949.84116610173	398.475774141009	327.503581400079	332.516448013317	361.789378070339	382.444714695718	409.47913199765	419.412590474083	427.961062637669	441.155026667884	421.670559554045	415.364672586283	404.112378264832	370.048363871958	374.239301341828	362.715551434161	360.154098370433	350.727337157903	362.098492943552	362.52368806032	386.750289428085	391.539951491877	414.361291771029	472.89081646895	556.265380737417	684.021945020704	748.0318888748	811.128345354411	879.387664851189	977.904096365248	1047.48970976583	1303.37469644216	1258.02263585537	8489.36258371088
481.047	43.8997748688251	73.279255820505	159.046200225088	2968.99963218892	10064.2971973224	4443.25822550952	255.842125166883	74.7397408598889	68.8115660869298	55.1173302937588	73.6071266499734	78.2510370214868	91.7243219899838	120.202485759202	143.768642826576	159.467960886415	282.668170709308	775.301610273261	1044.84422929751	488.648133371	307.527367294327	319.498689111303	330.108984011117	365.823212967266	384.742803444889	391.054781425868	409.968324481073	410.746425399919	422.857303132129	412.846627048921	390.993846261114	374.281676036735	377.514775253355	369.926294732274	341.963789053196	346.325091855	345.531348259331	346.513339413184	353.529909736042	383.55396882776	380.635611563437	411.22895262513	469.815931714011	565.108608760248	664.571403671341	719.346970525557	786.748242144675	890.836819017471	982.52693430841	1152.15658542928	1201.29142063683	1713.88556271554	23157.5062457628
485.688	51.3040619393136	148.775546184541	2355.48871562502	9723.72929115637	5539.2267560068	337.283513666517	83.0367222489984	65.2167502318128	60.7429562494394	69.109773443857	63.9867765531254	90.9466584291138	100.8582196503	111.403326921026	130.037541985008	199.24405117797	537.832003672628	1008.95803062894	620.617773373963	297.004896532271	293.594042906054	315.604553039172	338.035369730733	348.768503343033	373.222184570043	380.937855883135	397.682327840881	403.681344019971	401.328149512472	389.016072107815	367.642388972497	355.734325872941	335.831358519252	344.555260562705	338.240273793547	333.018428068993	323.66667262904	329.037851556859	347.125714196867	344.329457963959	371.783411285084	419.332769459261	473.793769483714	537.538526733541	636.054528772831	719.855401229363	787.232529777869	867.54496208075	975.083436925979	1164.91477294839	1302.44665775689	6883.2213384989	35614.8927302773
490.333	99.8164831060409	2274.4753987615	9468.63792197066	5398.65250667899	432.393757365755	59.8641145747962	60.9457413008384	51.1045262570996	50.662910851919	66.5377200778638	64.0766615910281	81.0109439056279	94.6543561932519	106.149297620164	147.216323486049	334.023346112723	822.660393484413	750.493835840757	294.58062366636	247.958134451769	263.787387207219	301.22388646807	317.279616562032	349.829584133092	345.559640593967	364.875740199644	365.205957833709	379.614930441703	381.162478232438	365.75878435104	347.14288804512	341.064387515052	324.812120753826	321.863049652975	323.343775728961	301.955593200382	301.034067343478	314.580505686053	309.175323727214	304.876158790366	330.050120080786	386.575091501778	441.769307705735	490.491493640337	582.404424026509	668.755774207872	719.261641624194	868.763640626531	929.45810668489	939.721783840528	1332.63009361198	18326.040153464	26432.9290790605
494.979	1793.9269347223	9411.59622510371	6218.99347757426	473.993679455542	62.7818887386958	51.2327642662645	42.0642908478628	48.5998081532597	54.4167091667611	66.7072541797396	76.5707087881567	84.0033912370606	96.7389114300619	115.903073860481	221.379257351958	623.593034143896	803.572435331771	370.866900734292	226.830802911248	247.241617050964	268.424139927981	296.089985919497	309.80979770419	331.447842412258	330.548500215704	339.740606208216	348.968151782383	361.09032840891	343.999709427102	346.964272836471	336.908062683634	324.527855634143	315.774711378429	308.484631720189	278.758675564555	288.797412895589	278.758047345111	282.112574452456	299.053340688642	322.603043243795	317.387179336832	346.531643283604	435.728998405334	506.438405632017	531.328855671646	670.714722224354	685.369750330914	774.290275847938	965.704104355473	1085.19712623238	4798.78450597185	28153.4682812504	8330.89686954588
499.629	8988.92156464988	6534.19127289536	533.281109486473	68.0195302759873	64.6317635365646	57.3572979317391	53.6542249372242	55.5021515977684	67.3647364161275	70.7460545130507	82.1095059673536	78.3399088990277	95.7436250678287	153.275237128181	435.886574607342	792.743487085233	472.310360686439	236.652232179668	223.025422504199	238.423018698558	250.211744487827	279.021545511359	305.960324604536	307.112181517208	329.214834742723	327.085057900382	342.617573555507	328.12568213668	341.300054988734	306.067987607857	320.412044158122	306.604859907446	297.984745260355	286.522467123341	278.479723867462	272.419224227075	283.66996463228	288.639159601083	292.947572622132	309.686659086533	313.954152836428	325.191871494254	415.548224056693	474.001510122112	540.809889305181	572.418427392358	663.147448109598	844.703769153698	924.657131543241	1056.65133717378	14185.488562296	22298.0947430917	1943.08328464436
504.281	7337.21662691267	657.525323851252	74.8720500896817	63.3651766255737	47.685196554395	42.6774207963412	52.3793633860283	58.3301500491825	56.4945977307722	66.0725236664103	76.9118893639725	77.4186265987456	96.1058017858523	288.650021237872	670.559665433999	581.814254722095	232.621879638497	205.127824501165	206.40624820354	213.880685902516	246.081421534524	245.060296469749	277.792297488717	276.999231723825	300.135093561607	309.057771414774	310.332118843073	330.272120946641	318.686443377183	302.050841077329	293.257882739085	275.70059708225	279.474360298873	266.331329656158	252.448234834592	251.767103341648	239.173804766229	262.382826803773	257.634022724099	284.794029321641	302.52610194158	316.918018264469	360.362991327492	446.031893556726	509.984702396936	601.840225682929	668.131703354036	773.392759165188	855.411101442815	3436.76682003578	22484.7279192038	8115.32588455119	674.29782526422
508.936	808.240736681268	83.2325544093616	78.0075063990907	63.0404638963337	51.0167777225589	59.9674730298098	57.5701891655039	69.4924088765037	70.5000300149414	79.5229527956636	84.0854472068002	98.7076743826448	195.941798606901	519.204885687981	652.265422555577	288.314078200551	191.260027598804	189.635982723958	202.953791284634	228.909502095106	240.454162080716	265.541279311494	295.358156986048	303.873368115467	292.68956549129	302.514756887715	305.649259664422	298.265032492141	303.19028409792	297.206334347914	272.940275722262	262.013713611542	267.669382232118	248.970492047699	256.231100883783	247.662583695471	254.880807668471	246.571074394229	267.573047695665	278.74190616121	301.352979724011	337.727577605652	369.762130102418	444.775791621319	504.969545192359	584.414651720785	672.40720390537	768.403627781238	858.787705721923	10815.7314942446	19035.0082262719	1866.82146675371	1470.69297270281
513.593	57.834411071223	45.8993636120029	50.730491359436	46.4554123870369	41.9505422972414	48.0864283837191	60.0311051619652	60.7224114771747	68.6362526422281	72.4874409887699	80.0432442275456	120.684016842835	366.685054289761	635.204744451642	371.503481021203	170.715308060463	162.320534264029	173.63393124897	193.439826098227	178.855616524639	220.761316909968	242.677603922685	243.973221947053	268.068831070617	265.358001748189	270.393289597812	282.60460434879	285.035778846698	262.886127381096	278.585038866898	258.632172981425	241.313254486859	231.401365807399	245.982512519026	233.2237708886	226.355635007325	227.998615015445	230.753070374453	241.652963925053	236.728322526613	264.727143523697	289.128417910294	306.78900429686	384.35487829289	462.035359309077	538.952317810309	674.44736251268	756.792040731242	2488.07673437073	17872.2492046537	7805.96402557837	760.208267141427	859.324176147042
518.252	60.4250704298419	54.6775176998802	32.7823296164797	59.6276450267733	61.7884289711722	62.3539950058205	59.4061828983305	66.5926724196224	71.831296624386	74.5572546300423	90.0441191061034	236.719250619204	555.334012968677	473.726049264211	171.479905865981	143.697988935553	160.490302608939	157.679045929874	180.339714491371	198.299273381956	215.039038370286	216.774928013258	240.740648251447	242.109079267247	261.386077078743	245.555833660335	247.550894244313	259.479154431889	241.773635632615	236.564053284237	243.452561512984	227.726965881396	218.491166350334	213.625273967043	218.851830051223	211.034540572361	212.468599160225	219.653119939927	223.419970257659	239.748549617113	247.371036944861	256.222063171033	306.158034514601	357.495946106314	442.519154472862	568.911176129736	646.561410631272	730.712767585342	8239.67755957549	16043.920674869	1670.17029009202	819.041272692371	1824.98716242302
522.914	41.4788338854307	31.0164628074023	23.3618404532493	40.7890028453034	43.8437945300566	41.757471329074	58.0836506490579	57.7862020920085	60.3891126544737	64.0909594204383	140.79111063801	412.088716613199	517.316674205512	215.649403772818	128.834309460796	125.514640265043	137.889879920001	135.322546298341	163.685248588818	180.662769246517	187.100536040829	189.51113303619	211.754465555693	229.84532860349	232.661180002184	245.407763195384	243.066183703472	225.373190005783	229.002353361111	233.439086118691	204.284936228434	212.357145962432	205.274145733675	193.603131749204	193.400826488395	187.107716724338	184.935732933946	193.009164405682	201.273572734444	203.258354085042	224.414730988302	245.100769342576	286.234625754466	328.578673233507	400.374270714427	523.280640899874	582.214720892425	1778.80023104616	14061.8921288085	7295.46370039384	831.598013278454	710.538095145817	1624.03136144197
527.579	27.8883158492256	29.4149082414279	36.6256121671677	53.2926157659647	43.6052326605944	52.2995403359258	51.5708259823951	54.784725482027	64.5367884944118	104.021914208281	282.589339362607	520.148710286317	298.047349405759	129.026035587944	112.993374568682	123.816612500509	126.918113344171	147.367124370484	155.133111249122	159.813986925613	179.415599006327	201.047772150329	197.657211710552	206.730038042826	214.418959304722	213.299857399803	209.843445519372	220.551886958198	211.561098601643	207.980641216231	189.957247649918	193.36969284219	199.283782427375	189.018037438408	181.558963734306	189.027435953224	193.390104834365	192.681724280134	205.488147240947	186.215773219319	213.266660272773	231.841105610698	260.550745319327	299.186017119836	400.336600667252	503.486825556494	623.382250040092	6262.03869392828	13395.3788890053	1687.32285511408	701.681135363495	757.144536004549	3247.75712213748
532.245	33.2714403623994	48.6277557606439	41.5532150509935	57.4056170330481	49.4958842414721	51.4695613942678	57.1364047989601	61.812616854539	72.0880860357876	187.723721976061	439.962557197114	399.053080337311	136.096449575005	108.50729811624	113.06129285117	132.327196505022	128.524454566917	130.565323444048	160.233660870616	157.732284932158	178.295931773796	181.225177733554	178.803320317279	212.700787356144	188.125694566315	206.750414949009	212.759029559177	196.669538754136	198.299865598792	212.347616419126	191.305657579326	193.239444998122	178.243389409613	178.215329193497	176.935786266667	169.479248678901	172.752646152282	179.49048834799	182.476277306937	191.194472559351	207.085785860784	224.756156106217	279.740322671838	301.898558473975	424.210111055743	508.728574796407	1272.76722573846	11331.3412638234	6653.3550350487	702.011257585984	586.007147600305	1556.71159304646	2678.4713292404
536.915	34.2725687648782	37.4225196692079	62.8536189024622	51.8523131960568	39.2671261240648	54.2908914020788	52.8562152344017	71.113258634301	125.239801105712	329.121831732914	445.954269258808	213.198810708377	109.168303378582	101.82060027499	116.468559938545	116.911233006682	133.718955004613	141.124945767771	136.333297240266	157.489190146235	172.986219150583	170.798088858147	179.436273317459	185.852379456498	188.640864370811	185.43765604078	206.875451442312	197.812449498071	200.730505326992	194.757050322853	189.677352851849	182.187296252478	177.48196188237	171.520938782294	172.855263757135	185.703953875402	182.457732725464	171.012714800876	184.995505593997	192.10010354385	199.095810348079	218.955183664276	262.451897243858	347.853428997622	443.265472946503	520.118907645871	4809.59115093239	11615.9055561851	1602.88348988569	661.896500277992	763.751387792322	2229.10692659592	2688.17933831722
541.586	39.4052209158456	41.7630266848409	34.7268590292154	52.4414988001903	53.5890437614062	48.3188516757456	56.9431215019441	88.0817562753941	230.503603853813	426.692132052485	261.373101530124	100.056305571223	96.2133454377358	100.672095893985	94.6808830288001	93.9034367743068	111.311583065918	126.596365048753	134.277651179871	145.952596068405	167.127499612592	148.567182485256	152.157691155405	162.97800172558	174.885650515413	168.423558754547	170.432655890818	177.888531616931	183.431582998231	160.578925244785	163.88849124496	161.382375595931	166.042596179194	163.372389648538	143.716543340322	142.343290686462	168.731052678917	174.533956648868	158.185508637163	184.356028628623	173.349633079421	207.526176937867	258.662798790892	338.890953865579	401.302770399617	872.876950726846	9337.86687531975	6304.80282238026	576.274559282166	592.452363428336	820.354186008821	2556.08559572135	543.744897212337
546.26	30.8459212858602	33.8226529627599	26.9533864349404	32.6728938573454	30.5787803259073	39.125116059531	63.8261961054529	157.370498682035	361.764004997182	333.860959582753	115.286343064283	94.4069980947227	78.3130954072892	85.0783284403149	97.7918203043497	99.7037789946243	96.8471317716013	117.505060060527	128.491261093525	128.371464096411	146.46979052008	140.327226062539	152.842720890912	155.454910377533	162.451883565836	160.281683306773	161.118902527525	167.358210302507	151.94282094745	138.306119464944	139.10036251749	146.736284596637	129.294702899282	135.239983445381	131.689225707937	138.712224338303	135.31426269859	147.387696783927	141.812348079205	156.284734652035	161.133657448593	188.676952539811	235.79530698532	325.475961666078	391.152483651022	3511.82493136145	9947.53562339712	1647.48663456541	437.602438090507	399.914237412955	1390.25011077649	1826.88340619327	312.712754098373
550.936	40.3269800560366	41.0244599425507	37.8988829115124	47.2674054837598	55.3097923060246	58.5718394867394	120.867847000693	286.399009850631	366.961477912658	172.413303923046	85.3496357621828	84.4632710872681	82.633303567466	82.0810368685371	91.7229256984666	94.9690932535507	94.1464606572527	131.141629927914	112.703428616577	118.397082994373	127.894213720254	142.577147350327	141.802576611164	133.302188218383	157.661075396034	151.658643229354	162.853909482559	164.955731551098	156.741703384144	140.377427258722	144.995657502026	147.583848514474	140.821279055174	140.456640214198	141.106988278896	134.599521038195	147.515480489255	149.135114140337	156.019874772524	155.301960644628	168.101175593867	184.283769756776	281.052150694019	336.302701739114	662.317762358961	7423.01709363158	5761.08793034699	507.354816376466	484.321208416507	696.940749861938	1978.12483450444	1100.07251643046	380.700189703337
555.615	37.4214328883403	41.0839989226431	27.4941534406406	51.2806719515108	46.1583863767789	83.1901262586186	225.396716833411	365.171244917345	225.959179839493	81.423269110288	75.6194158778632	69.3451587707069	74.7448525837303	82.9805427197381	89.8372294413107	95.1069223184681	100.357356907847	110.507650379245	100.055066370451	124.04628147741	125.219483623526	133.205264646992	130.993050607374	142.722131501908	145.576120058029	137.781419394031	139.191365286866	144.513016099126	134.470267036641	135.671153971983	139.581910785361	133.75850035529	134.064606713044	132.247148103245	118.168230104209	120.454986565174	135.015140122532	144.544101116892	144.435031191394	155.527351066735	164.501645190268	210.737543591299	280.543234965509	333.643201960033	2635.98328066056	8588.35502276257	1631.1029195422	466.272941622243	462.618101034176	1032.38766326669	1935.19232713293	859.839263638801	907.118496843271
560.296	18.6053940783922	7.6532991594907	15.6072252422938	28.5807435330462	40.9898310922566	141.339041122838	318.305290865618	278.9948770022	90.7736525232306	61.8625725077625	48.8375984714254	63.0115674132273	60.0538847871121	65.8348663758348	70.7099263657136	66.6866066288986	88.8546693402945	78.0795198632002	97.1167930010317	93.1934389502413	110.119596538595	109.429040728539	114.216480204848	107.431060669879	119.821520671399	111.929547345508	124.757710343507	124.102267271844	129.2700988355	120.165289296747	105.523247482693	111.262717568996	105.90194406799	113.806070996648	103.638242843609	106.572964599024	104.890592251448	104.289040258159	119.639146377648	117.148806481484	149.771104332384	177.833420959504	262.878045083009	473.120026202156	5887.1119642395	5258.3232114581	377.358969710432	362.23822715879	403.724564023531	1443.9121929504	1046.52269490153	383.199971984176	0
564.979	7.88515221024302	29.5478199127969	26.6518244598506	26.8411995105701	82.9695367706044	267.612503772318	299.153488663173	135.144353063762	59.8904121418696	59.8877905003383	54.4909126365141	48.6527117237048	60.8691901685862	57.4690249547984	76.2104214485916	79.9403383810557	73.8697191066333	74.848423402741	94.9063701561695	94.0388383147742	100.489810673574	98.2874654982289	104.692796795008	92.3347024649523	98.4461209229329	100.006113918843	111.5172870096	107.18672456454	118.777152522587	104.232471331978	109.589415647646	109.685118274333	102.682182862383	107.377953773553	109.545175470052	95.6231703256342	114.125396642618	105.884692122727	108.070609404696	99.2392971297621	128.148675531219	198.402257115974	250.396867156429	2109.54393889301	7268.14143520416	1575.14482209875	326.889558763369	402.606422630106	610.412547731822	1617.26330865725	635.350388183177	125.261288129345	-786.065418701656
569.664	16.6420520207464	30.4402835170815	31.4228020151609	69.6069885356238	185.008211312403	309.412295641297	176.226532016909	64.5949471854174	53.9067539389219	51.2865912489909	47.6727567281389	52.3793408504757	59.1341218470924	67.1832901618832	67.4936325720443	79.2506259344931	60.6601243150701	81.3478968597546	72.8679006844172	85.8457279090335	88.8958340866249	90.1443588901939	103.634681827239	108.315124314186	108.104714113863	109.697674113581	108.042999078222	108.504832454536	122.850276885691	106.577306522757	97.8639912529973	102.148344073035	104.222416964407	112.457263896857	113.403464890024	104.519871923855	106.924904541663	108.948993876031	111.616638868162	122.015856187519	170.283028623587	222.34143321418	362.196708041378	4929.51414669592	4838.37593033322	399.089401386232	354.197759164834	350.053446731536	1128.84061214905	1352.62421643889	280.545837995549	274.297881971488	550.242267614996
574.351	17.5475425051787	15.3505156967988	47.3841045484977	120.970035076634	261.380232520832	221.81939188277	77.933099995012	53.1232306035014	49.9372233848061	45.7803996849846	53.59500537895	63.5505342231585	60.4651829791842	52.4929634873741	60.2772970033274	63.2239596504876	67.1617500004473	74.8979613113132	79.1453153323948	75.6340401562411	67.7338036475883	93.3820577077783	99.9246445632425	90.8378785313599	78.3218137519289	93.6583350353065	107.616516372674	102.156623411728	91.8495345010137	89.3978193358562	86.3315965610827	86.9916423395046	92.1084983323852	96.9082585167482	106.245279553698	90.9464270542984	87.5816988278403	105.592541118173	96.5901851959012	126.026355627974	167.784472009001	226.385735446601	1515.94465926715	6286.91483716642	1645.50634629705	284.388797479195	330.304757128713	440.238576123703	1434.33278295472	711.111168212935	168.000945319521	414.971227890098	406.065057035349
579.04	18.8602062771255	29.944812347628	85.6866030498565	221.28676204187	272.313881889368	109.822825398355	47.2858567160318	43.4647687757636	36.1133645827635	42.793051892045	40.5024523906924	41.6928809882278	38.8242087370176	53.505952219904	59.7712747528955	54.1981868334602	54.5971551570739	53.9389140703696	73.2029427212951	82.3397315713967	68.343521297882	77.4304966841526	81.3397152113371	66.1956905584215	85.2807639090093	90.3566178917882	78.574247796992	81.3186939835578	87.7843282036983	85.1018100020904	88.1710270191881	72.1290691159502	87.5809933691918	81.1196557216467	72.1277693090293	79.8475520950251	89.31353358884	86.8991758076078	85.5401320077137	123.794782576067	169.294813205272	254.331743357272	3942.5533629778	4233.36486429032	327.995569645145	264.934184460292	280.750533797887	689.652634226329	1332.23139723721	309.663228816655	234.939396068544	223.310220689784	136.573440829295
583.732	32.5391239042497	52.3064808334171	149.038487411081	273.963558341223	158.492653840677	49.9004262596822	40.1863494085766	38.6426728299343	30.6336069102288	38.8412329375666	41.8820325495769	42.2258260826342	45.7714464347516	35.0834931925343	43.7967586956559	58.4605236548372	62.6785593747764	59.5100978685821	57.0881280054069	55.5820416354757	60.8071021428844	69.1641721233784	65.0533096136521	81.3911938596042	67.517762473551	77.309563486604	67.8204877623864	72.2602308760346	94.3647457034639	79.4333861653458	71.0960812801228	75.7942002044415	58.7617632336068	79.9905807209349	74.8676636018386	77.960815183422	80.3912645026179	79.0793997742399	98.0846613478982	131.363885571126	173.997057359649	1013.85587813833	5428.15782277203	1457.28417799155	237.97833795146	255.937303645113	319.009159188601	1043.84558078015	886.041387552326	239.437707733146	86.7966504770728	16.8556721468835	-109.959422271176
588.426	34.6533416042778	111.418440733592	249.675384529707	208.158293263104	68.931361317968	38.4381850913103	36.3183503314633	34.6465947186129	37.0538224181876	39.2433407813846	49.9767098378389	46.4471234027191	51.8980524689858	57.6798493226535	50.6519061157772	54.5640453682406	54.3973525481162	59.2326802752257	62.1903562520269	74.4906519616318	80.1572856676297	66.3742929893792	81.969624407102	62.7209378565537	75.3417794470324	67.3649530301329	83.0728279233566	72.6319808134525	78.9043813490659	80.3851822360811	58.5664721250836	64.1127017907385	70.9852571941235	78.7443249491201	62.3768686176609	71.4298787897736	86.5311729736739	85.8855468598197	112.065498461394	153.983260613066	215.283011402954	3067.26185246495	3935.74098168889	284.466376273731	242.417730419102	250.342697080157	497.466088836754	1229.3952063955	572.033720846277	275.050878640889	270.754710422421	344.495219148986	-82.8938395833495
593.121	87.6537914277948	199.807037604602	255.659062623729	106.831768186591	51.3157477374713	38.8660624783856	39.1708060025247	39.3481037869606	41.4351898433175	41.6759662305762	42.3081337001663	48.0208871899091	50.1841889020208	58.5179144857853	51.9714234541561	68.8099604674466	64.9897981210988	72.1386529888285	79.8988576659382	91.8777673696826	73.5094968549092	82.8297439228237	68.2305641624481	87.7005386085053	76.5857607193743	71.6349106899799	84.8753347669809	70.5069156192098	85.9304697623207	87.337718450641	80.4593295279044	71.1733945368126	79.509183746345	90.5231335198953	72.4661503508137	82.9945748564913	85.6852474837513	102.224365221566	145.059717851254	170.343156671967	720.524052067118	4584.84297212199	1519.71917346725	224.390174682747	278.527368168945	303.303520816212	872.849894088309	1045.63228116529	357.743932842063	301.382319897153	350.718823281913	363.246060363723	902.509822319928
597.819	140.149847947391	220.730404260431	128.285474146592	34.1295659038977	37.9452960741983	26.7784224722179	42.0947209240927	31.7317907779522	34.8262026221261	30.065546082113	23.4444166783424	24.5605725063885	35.1713094248246	36.7604503022561	47.4595058667261	51.1903448484206	52.4748032181162	53.3987931357944	46.6736028706248	66.072984368632	52.3420802207086	56.61414787001	53.1432922136242	55.4508608671163	58.1503184579613	61.3287654490871	68.0878852089763	62.0320800879766	62.8224951279931	57.1130225201918	62.2036075558633	59.3988193449775	59.9927131989735	60.3414407213618	65.6720317096191	72.2216544482651	64.9744446333115	94.3294264344283	133.746121321531	165.253386839803	2301.65938900861	3700.57949829278	270.811288708819	176.139127714815	228.851210538396	326.102506546795	1000.40286524463	579.855060531127	238.071835518735	247.199753871537	103.418908150194	34.2603767471384	-279.375631024949
602.519	186.878252004829	171.016053158881	32.0030479129173	11.1640779550364	19.5117893021359	13.6137140527249	23.2886710080258	29.6060209655088	19.8542816305986	22.4684691068325	33.0339054974464	25.02534907711	42.5939918784816	34.5418894603353	27.0237222732913	49.9882088797203	41.5739960054684	40.1404150192788	41.4865937508903	34.5033955896729	44.2443537483417	47.1213289753814	41.4455349004041	45.0793657393072	43.6619967875411	50.9862114412928	58.4976711965215	58.0332709986762	47.6267434174328	55.9008487657274	45.9922435310805	44.8304160173073	52.7330606977941	55.7471073757097	54.2328918079112	69.1029882603762	63.8634911511142	84.7733998730784	128.65230910168	489.627234248111	3831.49553679913	1574.81883274374	140.886406549062	157.29756986523	204.437408787422	511.773528256966	873.820528528919	306.7571785766	139.729954198152	140.141184503447	30.6560541461179	23.0195112518793	14.078414539947
607.221	214.587723330892	93.7979525726402	41.0107100889809	29.2276969516683	17.0628438837711	21.2073628535978	31.5139850734893	22.5247393857275	26.1150725980797	27.0391206370503	43.2853828229129	35.9555419213704	40.3824196280701	44.6913790069839	44.7189135060876	43.1566949968714	37.0979587442414	40.5027102193716	60.3194501159989	46.999997230977	58.7236228073288	42.0480417151287	49.8618423540908	38.9436972681737	54.4048195682437	57.4820083880581	62.9985339364703	54.596680701386	53.7103265266972	41.6059580969339	51.1033379665537	44.4075714668332	59.0592189451158	60.7957397092252	40.8946828930921	64.7683483933208	69.3464952817921	111.165469510764	142.940692215145	1821.74769840163	3474.44451244124	324.723182591064	122.840366244121	167.220001941386	227.439788393836	741.42613099693	713.090253289988	232.709235048974	192.260610470961	159.08181332688	204.156126135999	272.920520872766	639.246691603984
611.924	115.600603751921	36.1448189814624	19.2353266788317	16.9059678551206	15.9016905477203	7.05595787934762	24.8281852469541	19.0316593762059	16.975408030275	20.3692450108874	26.1740944772373	21.3372897644824	22.715007843669	29.2292614966673	41.5698377400645	29.4107390554823	43.7929535252446	33.3193858789799	40.2666630977612	28.1195287124433	41.6056166132051	55.8409141328299	35.4011286063716	61.0215007219009	57.315853867769	44.9767036707721	50.9978018896397	39.9844340447196	47.3768592225608	56.3836571122349	52.4311490887436	44.2774150413306	42.7513086040183	47.8993733199976	43.0699168796797	51.9372094096941	70.0129704279779	125.170471321409	340.169813443397	3297.15040699122	1703.18344011657	111.095142053877	140.023664707078	144.790716108135	354.451246400421	823.486728389923	359.496285586208	221.259595889117	204.173267723156	144.747929660642	178.011198109113	-29.3131388108296	401.576225442788
616.63	72.3405983831541	36.1822866503338	24.0649617768674	49.1076551722717	23.8504630538032	35.9191126092924	23.8032325474384	27.3979893115833	24.6513608044424	31.8499839765936	46.0789968332229	29.9810658888852	48.5866542501557	36.1547967446009	52.0544365407406	49.01363880657	41.3679265818557	44.1043632500413	51.4833102100879	61.4863786130956	79.5813560670139	51.8406958661983	58.7839008494501	61.3837228792744	63.3880795159142	54.8671361865666	60.2572838332107	62.089210666945	54.8310472291895	53.591493002523	40.6077362821327	53.2183860438131	55.7412440986029	62.6443450105324	61.2704344928835	61.0580026624446	104.186631798667	136.111353196781	1405.25622519922	3210.79696637671	370.550753478294	117.37719068018	132.988448160659	161.450412678001	501.493792653565	740.775406477365	261.569000561096	223.726215431489	207.903276589587	268.663742517716	331.57099146174	337.895133710294	565.573861944093
621.338	47.3696123317274	41.9912522679833	40.8658547679636	32.5775642272417	23.2272834361559	32.2336328602643	19.1169806835297	22.8463786367531	36.806988465344	36.3797776375496	33.5799988305893	43.488774716449	32.9419412418332	37.5951559999806	37.5936160332317	40.2400123810722	41.398793259466	54.9455122138555	63.4175994005625	58.028452117923	65.7190961713852	62.5636645915718	57.9210704477042	66.9939155348036	58.4093922904267	66.8301267683328	54.8905048860244	56.4641205816226	53.2251861639569	55.1610336024991	47.1788701020512	53.9195992916129	63.3440780635315	54.6591517768964	66.8969358942685	78.1168151368438	103.321080519207	254.048310900441	2753.02039675644	1642.20547767692	117.933859054956	128.464077083168	134.031561726162	223.371052133247	663.245822864307	490.683147510238	217.099361905846	209.209215539407	262.283812086246	282.895120914745	327.806539562293	358.468906983161	277.697189201601
626.047	9.56511403048438	26.7760676843794	28.5124625048469	19.9244409912129	28.9045464565109	18.7753262272009	17.9764139628077	12.4458384357707	24.5264417570075	19.4452689331075	23.0830463017887	37.9200077564335	31.7608707416268	35.3292351104931	33.1402278815893	27.7386693476532	45.6509285718434	52.9811610111014	48.9626093936852	47.7375612306361	46.0180989634649	49.390337086753	54.8027944968577	46.602787353383	50.985874509072	48.3658902411019	43.6276095031114	44.3719087793625	50.8010312175599	51.0509890134146	52.7980151478914	49.5677817511854	44.5650904616389	43.6760467681334	57.4555686484174	83.0536026596913	132.51819033152	1084.25230860152	2907.54880478183	386.317335835763	103.106882139597	101.241125539952	116.284035302134	335.043122820869	645.591921112747	246.062699452892	207.446788195685	141.988771579458	227.824015735031	173.411012089472	93.1834342272251	247.311563818379	265.613848083307
630.758	0.420337204404168	-2.63116362422532	3.72944324388885	-0.958964138171818	10.4732002212682	7.33769645449527	12.0491252906477	9.22488797118988	13.5216168999771	7.86157317067599	19.9283461293626	15.5613063291726	3.93699989352668	17.4115082078541	25.1934600057079	20.6732523000306	25.1677097473921	27.40484297298	34.2609363203986	37.2839558173388	25.5995792749831	27.1675301759437	34.788171055333	29.4392963910339	23.5934196590874	38.9268621722779	36.0512716065856	29.4036926455188	15.4335304933101	31.3697303552163	40.313461397751	26.0634201983258	23.3991226714652	28.9326928708842	46.334134258923	77.4374855309502	170.344486589726	2261.22188470348	1596.09764959572	74.7434104847933	48.8363605917133	59.8875391144959	69.166979689615	415.412327111373	406.089364239678	105.284336864554	133.518098426086	161.303226897734	98.6866105304962	80.4188521434979	-12.9908097084015	85.3540471075302	-447.440177915733
635.471	8.04775872685378	4.54521653255154	4.78302739201285	1.93266186512069	4.44364450253947	12.7483877285993	14.0689389878228	10.647863520668	11.9223041091921	10.7826759949654	12.7345693906609	4.06540524488564	21.9724286266382	16.0583772136779	12.1165212968789	15.9807621238487	26.26680067784	37.7727445820602	28.5957440173422	26.5202628743772	28.702854245422	30.798261051629	27.9081944197269	25.0508244820796	20.0207706048258	16.1160672863696	18.9146923672093	22.4466460529516	23.627215761962	22.1570422896989	31.2710584897441	28.3063678344007	21.2209879587214	35.4668522057893	48.8689447674655	71.8028885223825	755.827265441844	2608.34558482806	425.912269843736	72.8481626079058	41.7419169467818	67.0000882086384	162.978784722361	504.363289125293	230.835821466179	85.2086593174397	107.635031117417	124.297101613947	76.8436506366067	35.3236602939444	-85.0889360128486	-215.024349337142	360.70194258948
640.186	16.5499755637169	34.5323494477061	22.5907251115836	33.8848314042661	21.981525016667	18.6474530555128	16.9915329256102	20.3195729193177	16.3053265277732	34.6131823967121	26.2528284939833	33.1659209974522	32.4087913173778	25.0264116993482	30.6369782298411	38.8830005503618	48.6995787993269	41.023498460229	42.9738301382296	61.6273087202848	44.7728261613807	46.2837839848788	63.7633163916682	44.2511573014032	50.458936718768	31.0738294109518	44.8184057755943	50.07466694011	39.5522132190001	47.3567520734093	38.6495230117589	48.8247789702435	52.2658204250376	54.5042811120084	73.5964243819461	137.304725947597	1813.00902238425	1577.69828240461	93.5357961687865	68.8609817703019	72.194487128111	87.5962446624772	312.391389551508	443.41995891147	178.005894607107	142.280009282859	175.733256159578	172.425525276421	149.446039589254	174.866842132513	203.283831507304	209.271418442307	210.802947175528
644.903	33.9073701718965	34.1593035687306	7.61628492677516	10.7712036309018	13.5084721508133	14.4683483239396	18.7480191608682	15.5850782924564	18.4092692029704	16.9468793355088	17.6191494285285	18.8322170496972	25.3574213955107	18.3816037596143	30.4023859827491	39.0381202978032	38.5482032816722	44.0654101998003	43.1114915410969	47.7750298769953	60.379221886454	44.3853169592122	49.317334336876	49.0988631101976	40.5748062577243	45.6027032096569	44.1135902114328	29.1143499386285	40.6102743884727	30.2355286601325	47.6793525903911	41.6943486668941	41.5139035793601	73.7058015314776	80.4302019048611	561.806911749761	2336.25486254192	481.910623755749	79.7493065038143	69.6478118665388	98.3981033939697	121.82108199713	404.642343220417	254.628589877799	121.207932759975	126.129158517695	149.464230360976	161.073825388869	88.5546713984713	86.3269315508863	86.2221330422979	149.408914011014	-91.376424303476
649.621	39.1754458166709	21.7977390883371	27.3854275921226	16.2199980716658	13.4142771219831	30.6564041111617	15.4483884087966	15.6319993088528	11.6686600545466	31.4336900797658	30.9553788334202	21.7845583079085	25.0891324512721	29.9491197596041	25.4963024377214	40.1772417685442	40.6452044848647	54.8013116859999	60.923740690212	55.6432840691983	64.9676763401847	62.245368736609	40.5719580622752	55.5523417819909	28.2900411395194	44.9982667327202	37.024573982998	35.9853845568127	33.8086813667019	44.9326807358877	39.6444892095756	36.2867333403827	56.9430916682867	76.6024058944074	102.360730961874	1455.22817994026	1543.15539607641	99.0266250986453	66.6055549548369	63.8663908667829	78.1168961104562	191.910573582051	408.754505990181	138.669222914739	117.891692772849	139.933357984163	151.579926409268	178.092551491251	165.680608794512	138.797046918392	195.064316338056	208.345262187314	725.91402748619
654.341	9.72493808520811	10.6728378975415	13.5488129298875	27.5652094534573	13.0429147627653	15.6992927649286	10.0566030445309	23.635758413219	25.4772280049489	22.2764010037473	10.4787045332592	31.5175147112695	19.7460427517068	29.1728303596545	16.860075072747	34.2491752551755	40.6462471594188	40.7454866745381	45.8565007183335	55.7386117578819	58.3931001022354	50.3553497198721	51.8577369790775	48.1592023258021	57.7852370793423	43.7930412481076	41.9861785778852	35.9195471668815	42.4489724444812	35.1478036851437	32.3301326796808	35.3275254843772	55.366672702822	73.7142273279287	389.813946066098	2002.71496186215	534.532915378245	52.7676851108811	51.1325694160378	56.2677370359205	56.8608420665467	273.244027571027	292.595259474098	90.7524361767922	103.66220111097	100.259196137399	126.891500615131	81.0744174158544	119.507241637505	108.42504222511	150.277942051318	128.230817485778	501.914838585794
659.063	27.1914379847115	26.7072473031764	15.8200737011989	21.6952967336976	19.8750958210391	25.7595033746711	18.8626379190421	11.7394258107023	20.3142508634283	16.9057455893232	19.5873420068484	24.4481942761077	32.1163779087606	22.5331229042123	23.9848355135884	26.1282129016224	23.5125991096443	59.4610503395204	53.9493077777965	57.3704210306206	58.8843260450723	47.5377487716127	53.0103408093625	59.3178683455924	29.9587163772562	27.2008904667514	39.8116586253811	39.6864026007123	34.622556662052	37.9307427871653	48.5955928451991	48.21620862846	71.6516302254863	95.8438520207873	1131.12572833408	1446.78386503686	94.6943924386337	57.4530912069539	40.6005644818693	62.8050161771943	105.892514295386	351.054356995868	179.240043486887	111.712490078651	96.4365252141648	109.014994970052	116.421678814056	159.739520706075	117.341200214512	179.312937037353	120.544883905717	-122.844068734264	822.472861423712
663.787	26.220947158832	14.1494777645554	3.28183223788414	22.6906845133502	6.52140302685008	19.0494453137249	10.6964795398957	7.21574127346496	19.5925252559957	24.1917193259199	17.2513819693089	22.3155368334434	33.8748936415015	21.5832004036334	26.1725850847511	30.4584988320624	34.4802764041945	40.3160130398875	53.2258518502754	53.073549246361	60.1075086405939	50.4036291806731	41.4115774307372	39.402655308206	45.0747803533624	46.7352671392475	40.6969149673865	31.3051151665335	40.8596329194622	31.5318577194801	25.2663703743659	45.7855864664686	67.3202795722756	297.385238279203	1726.241234662	567.256982782133	42.1088912899426	61.3966712933652	60.9413160308517	57.5460696068077	168.83027199147	274.380069608923	95.0864519507787	74.8914724207336	117.216284686313	92.7290765144112	132.96548843704	108.429042635675	86.842158120305	250.6076111082	139.72006257628	340.974559089973	657.688323128156
668.512	-1.3666813051608	-12.6287299871541	15.8003948566589	10.3932298975442	-11.0521227876156	2.19381447944019	4.97478573271501	8.3618892355255	3.05306153262187	-2.84011793096415	-0.526787630262644	-2.8108842960059	3.9386869520115	5.75711696478669	3.7233559629307	12.8909048464684	14.2877964574098	12.9729824178161	33.0061502832155	23.3734054171825	27.7447614665269	11.7776411287014	16.4723307317734	14.5350637475787	16.1497835221906	19.2956701414368	14.5310132518377	24.4640547314566	32.1669666102762	26.0548770361264	19.4883533770893	36.7217124636262	62.4487832418234	911.621162695986	1379.62347584358	76.5212731082406	41.688147365967	37.8304949877163	3.31944683640512	48.249907627859	188.086016563997	170.186515985749	49.0359497105176	59.9867141149023	58.6824880929917	41.3300608158679	51.4512315830284	21.8525053966032	0	93.8621981795054	0	-33.0380384626555	-274.796257194804
673.238	25.6650205302078	17.6227641701786	5.9146228571991	10.4558206211063	6.61110793966772	-11.862765818023	13.3459871506028	15.3614939725526	3.89050062303158	10.9526837854837	9.8042615146798	19.1662824828421	14.5288247332752	-0.321765989719269	19.665339631059	15.4387347806864	26.787613275844	28.8498200705335	25.2810200622876	37.0647025299935	36.1674645079144	41.8402597594856	32.4065502459908	28.5318978884445	32.1556033711792	20.7279328986287	11.6948182231615	5.82901190721357	31.0662570416508	39.317679385562	43.0060895415394	52.0989053136566	203.782179551732	1475.18309203998	599.158188834673	40.0874551008773	36.696803667772	30.9223850254009	40.0732488647655	98.4169386917831	243.892469842554	103.343832072421	50.4653087888858	39.5830768679954	71.9026856155455	109.370745638029	90.5818974056328	73.7114170738139	86.4064026594332	85.4343691674355	10.6231482461575	192.774612128814	-48.7854973167368
677.967	5.53998748757926	2.47702718593762	-7.07513326306136	-1.05325146708499	4.23792778134018	-6.9475464489889	2.52072763860137	2.39481224363526	2.26891654601938	6.47590442594337	10.4100237104111	-3.48156641020208	21.2878465513393	20.7440743607716	1.25775149435276	13.0636621872513	19.0863160278936	25.9477099744817	15.203855408028	33.3218888641208	23.7604923616351	26.1088604791406	17.8059568192806	6.1075009649893	26.9360616856509	-14.2514104751019	11.7806003920655	13.7007921099143	22.166675300551	26.0820506024179	40.7732157164921	41.0306420627062	689.075152827759	1265.19975280316	92.6194391990443	36.8079149315372	21.5006191869601	30.74985376012	21.4450688724544	148.483952953054	195.395761354468	63.7041263831983	24.5609597112808	43.7953968679671	55.6568105938971	17.2998904250097	30.4154402895414	39.0800497824296	41.0566974654065	18.1181126763602	28.5361857432551	140.619349190209	-638.863442940866
682.696	0.933621121411882	19.6196165607813	-4.14177825222144	1.41998561265094	6.12165212577238	2.2479910203611	5.73484357049861	8.94092577862454	9.1768080624754	1.69764876268625	11.0658327803467	21.7622625736604	4.37228279709756	3.93285982362298	14.625334816026	25.7894831352416	11.9787017685869	29.3853043048317	21.1382759768191	13.3961065711575	29.2307649228516	27.1541059782332	28.5069533824122	34.510508852685	10.687640456894	16.7560841414836	26.4708596631419	19.7906824919747	14.5029870204283	29.9541966352625	51.8565961062316	137.328163588538	1257.08137923568	581.349207174254	33.618529293902	25.2938632725783	25.9357110446481	33.111535171132	39.1163417114252	195.497825889531	140.916257060389	39.800559746179	72.7713709991547	52.2148325494358	54.7352289348246	56.1607270152362	116.427367082602	56.6389826451329	88.0102000575947	64.1200917811806	126.237130877442	-94.7909682305353	132.509358769885
687.428	13.1619563986527	-0.420353242064223	-7.96223876703772	2.85980014373067	9.86303042689012	1.13184334155544	9.41092326631439	12.0044694345229	3.7803605357976	16.3623752272462	11.1430953573733	15.7911208488447	20.6593413144053	13.2010646078219	17.6089077715874	28.1864600696005	13.0675329133049	22.1928562319134	13.5455505825064	15.5335240610459	20.1608606759698	24.3055095418127	36.6379099911896	23.4115126796186	14.5811297889149	17.8854611250329	24.9897013463405	23.9146352459517	29.2084961960389	44.9171466564099	55.4620584620717	515.256715775405	1198.80391118571	110.410328333645	23.8354562469568	26.9259224236901	21.5079499475233	32.1228669915743	104.467685810816	195.035775162538	68.7557409629396	24.7853576131211	65.7188869316621	46.5893425790233	64.4330109581008	96.4179668555254	99.543627824681	51.7289114188253	40.1319372187049	6.91797682131519	-10.8958739283126	115.906979636012	-633.814113829133
692.16	4.72621428521215	3.80371441905094	11.055156426441	12.9389546145695	11.4660309766808	14.5093346358479	9.24696052220475	16.5957414578978	12.2472815356154	20.6253735682763	10.9303224417521	14.9047844909664	13.6206432818551	38.4908894169691	32.1899810776706	14.0105181894877	15.8335335131253	29.3969135185681	21.7905221540279	34.9346434931346	39.3243715133856	40.85634629078	32.6594149337226	16.5505719803136	12.2168972633301	27.4827560594551	27.4703787259884	11.688271775663	42.3819796601035	45.8202427045568	95.2212147278645	1042.61939870616	592.624976280964	34.8791617483565	36.815545174839	32.5596606023006	21.6246959178842	40.4737453468737	164.870104781168	149.25220597113	45.1054140147398	22.2688409793982	73.0924906521205	54.203153364377	58.5386347520452	73.6381235817292	102.308042298671	102.685813837103	47.0747373837173	102.014408651812	142.415222903401	178.231723845803	419.24636904332
696.895	9.99245098788007	-17.8712120246636	0.38380110224858	-2.89484956043832	4.05596372770188	-6.30143303486893	6.27867306070506	8.544090219197	5.52744435544859	10.1355125893503	11.8298915007459	9.78652359390506	9.94202725054804	4.67699942472082	25.2786948617686	14.4262468455985	11.1926584456569	13.1936418271046	5.48462538343818	11.1722456859753	22.8569041263577	8.84184521083704	24.8520734983442	8.88691566502861	26.3568475309795	14.6886892537361	13.491185364409	15.1298315988864	35.2781774435857	31.5286600444695	402.185378922804	1094.61202795549	133.434930554508	39.1678752049258	13.6373284758312	25.7826305858528	20.2164385169195	46.5110310759774	147.353813735502	74.9017105394432	42.943696245101	48.5768153455693	8.83066338810579	15.4955392258949	55.7929080445612	31.9075796990521	17.9135332086868	34.9085970945718	-3.38531584313067	65.3591197876608	-110.29412639591	427.900380438442	506.512164064521
701.63	3.83872641058224	10.298178145392	17.8036271681444	5.10867752485705	3.77551671968316	9.82064479543322	1.74664361280207	5.74406053455436	5.35963829595471	7.47872487919575	8.32296373374968	12.5007258535111	12.1001133114688	22.571401453343	19.2821962268834	17.7806640507874	12.3130673109731	12.2260544200891	20.5431349412303	30.4609900807144	17.6987370447418	29.0750705170398	35.4716623414187	15.6831591332703	14.8842149392757	21.0130388904942	4.08146245446645	37.9737987756402	28.1215578280916	69.9475707576586	860.480257736297	588.778791834297	33.7233184210101	20.4299693558667	28.9149861275304	21.5427737957613	27.4437710380213	88.4100362921476	149.469647800853	45.692743894237	31.8569787093177	20.4557630967266	29.0899244302417	33.2904280535958	32.4899428935249	31.2300965714793	90.3224478838522	75.8213506395936	49.500733871054	44.7245733226516	-29.6596183968403	41.7586716410653	34.052034297786
706.367	-0.485587162080652	-1.30268807030283	-10.1834287699402	9.97043808070346	2.22875953679413	9.06134785371603	12.8148146584732	6.78165700052053	14.5358455023727	9.58649657985587	5.05358151507383	11.9846169527341	4.54814987914141	2.38644695328557	10.2526516802922	9.16037685949297	6.57638721678673	4.36675349255195	2.39874812538445	15.6240241600038	12.0793020691981	17.2616462624749	26.5321625743083	14.3594523914731	7.53123085014551	0	3.78614521981999	25.7334081420101	26.0582290924011	320.734997960009	987.046007847336	140.844650719934	14.86728369459	19.6408981330556	17.1285419622256	12.0280057966255	38.0878977958369	124.332223133782	98.6283552690091	40.577906480435	34.7571153106961	32.6853667089643	42.6554850100952	28.1888383276257	33.6809555625671	12.4500977805349	58.270119797511	68.508351364933	57.0029855087307	-9.5284578925454	-26.2629577356949	246.509404073542	327.368350493425
711.106	-7.36075054913242	8.3375111331257	21.7694279083431	3.35858721649552	-3.53933364289913	21.5634185956102	7.36820873000615	4.89521114982484	15.1278855768986	10.7075290184348	9.64649029872944	5.04634061290019	-0.353553434335206	23.7720415407967	21.0561372739416	12.563265877044	20.2873542943139	12.8709060189637	36.3613125715653	19.2029228089221	23.9928779205579	8.32554122000867	14.9834208582286	13.7473954914233	26.0941290732037	30.2964084928229	22.9568429169108	29.1258746046496	66.5267302908341	732.100666162126	592.863132706239	46.9933825284949	29.7072088445224	32.7324102484679	25.6036069705414	24.3101293131727	62.5466441217189	128.616966177624	68.3836067859753	39.0992730279685	37.6695123701696	41.2883016924507	61.9270442855958	58.3628179300535	69.6942918752853	101.620740132592	41.5663490491395	70.6166860513428	15.7104931046115	151.658522916127	53.0807774369592	298.93611249949	-261.178842509369
715.845	9.92791546158888	-5.77063242816621	-8.80854629477933	12.0798442072535	2.27836915732	11.6535057365858	7.00175496396711	0.792298157167951	5.54455100110789	4.38415726861826	3.731049414166	9.86916780540581	23.2469322877465	6.97019004028846	9.46658674764004	9.36427629878694	10.9687300367104	5.57994049537562	19.6171319689924	21.5835093842056	24.6963468441276	12.4323179430237	12.7636413916713	10.4298706879804	8.06548010765238	16.3925969933672	38.0004917113136	27.7092017270293	233.785740259002	870.753523696427	164.401876211008	21.8876489030604	24.8698019579606	12.6808938353363	4.74223846961727	13.4484605429337	76.2490606342444	105.630168740817	28.4838280668109	26.0462871294617	18.5377923491945	31.7422600631425	16.5821629368155	30.2219620588689	45.0877622964114	38.1816678567182	37.3754638789647	42.0199610209783	65.3350555690631	51.137889556596	-38.3536298985885	403.194271222894	-105.680587250479
720.586	12.9386901086927	9.34519231110033	7.22508488914532	21.1927966291997	16.3149198963164	20.369941820026	10.6422133371096	9.92858932524723	13.5626669630913	10.0830216348142	13.2353176491582	15.0115003440603	15.05880373262	17.1198356898354	11.1850573719391	11.7347305250759	21.9925319717064	22.0028637186781	24.9926898586719	18.6084157418587	24.3314766527012	23.7209082999785	27.9905572063694	29.4318553721023	16.9065216071011	26.7941560475147	29.9828750638012	63.9966439459459	581.187918515246	584.157901942871	33.6496457481169	28.4568038699734	19.0454574600903	15.8909100102103	25.5992337265967	43.5283155117234	125.638868484632	92.5508080732516	20.3966671405041	17.4077825637606	27.8764945595368	39.0795827767504	52.9498524106774	50.0266518599572	70.6778503689654	75.5735637208286	38.6402067679373	112.334528319546	49.5668660434383	-9.76500311317909	173.024608604964	180.449308898235	1271.35065925566
725.329	3.52607082011642	28.37824442924	24.3779805796958	21.0687592444962	1.32114644407033	3.33541277952511	11.0014864321657	12.0599309390235	17.3293397015106	10.4679613561971	9.02847206034007	12.4322562242373	22.1384415401974	27.5850732920253	12.6941032860336	26.4713266205009	24.4156607886819	18.1194270961171	17.8331329720632	25.4065073086306	6.04919624643916	23.1969125920393	17.404357158721	18.4237458373467	25.2977194681617	33.992468199318	49.9871541575931	206.082162450664	787.471267255682	207.2880083676	35.4511738436957	20.1285295351777	18.5772153735646	12.8681105310061	38.4980109975384	57.3174392703821	93.8374962238075	53.1590992078318	27.0691571759349	23.0046080356858	14.6311498957486	36.1666163938083	68.5543496507934	52.0645329124804	24.9564129394496	57.6213193297453	46.2238522401006	89.5446938433871	89.5941102875002	54.3639623402611	140.111534624648	51.143362949571	357.469406436556
730.072	-11.150949821422	-23.1159284589688	-11.8560675281166	-13.4908870193053	-12.9613955928877	-12.8145211920085	1.84499973064659	-4.44951260330885	8.3789423824549	-12.6397809252548	-0.293054742906114	2.77992851559689	1.82592697354136	0.355857177240859	0.345220433491887	-15.0255358993548	1.80644924624366	-21.6508160524753	2.92114706664362	-11.4600499372626	4.34776265947269	-4.91397300553245	4.48000404918251	-0.394435745553963	3.74342080359573	11.2800942959545	17.9637321592617	470.243450183256	559.386869502341	20.1508426990587	16.7867984268415	0.34920483292338	1.41078530652911	0.359673525482611	20.858792792519	54.5356426179829	69.5740101327432	-15.7839782282504	18.9279146459251	-4.43257078210719	3.1547712087864	22.7449028989437	0.62710248252815	10.0471605478577	20.0894635546264	5.99794728796341	2.38521600507997	5.7207831753092	9.01520591970144	-19.8918235924072	-27.4135714396138	7.35169416409313	35.9695553499861
734.817	4.59405721882367	-13.6938993096915	5.35242670068208	-0.776367177554798	11.0450022477006	7.9889766365467	2.09032367505673	4.48102277386854	3.19286256889207	13.5248729882117	5.60747137642514	-2.44966327469128	19.491891238878	11.8264494342766	10.4299555641097	-0.34390778249877	2.91078720172125	23.3342560665368	15.1294309269401	4.43892566158268	20.1413404242812	10.7223400944592	2.87110100544026	31.3810930729625	13.5717502852339	27.8502654203837	134.234820448208	695.031444968506	211.931409193145	23.1417620481109	10.5660485705613	16.1771788586248	8.87985051847997	22.8198996968202	35.2609254410346	71.1218180445616	49.6305885832662	16.778853375715	12.0880701038432	19.3438308940676	42.3614985677429	17.179481827482	19.5778467092603	40.4732466150866	16.0167873320051	18.1212690849602	37.232665008493	54.7323131305846	-63.5533431348835	35.0572106063633	78.8791613732073	-59.2300540087376	959.943457422241
739.563	0	4.15582828820143	-0.416501515732456	-5.10492931585826	-7.44875619365238	-4.66249385234298	1.40971555026696	-5.97532701611687	5.76768333981427	0.53654014825775	-1.79132309362214	7.78825642658036	-2.23222809672806	-2.90027805408793	-0.351698416919088	1.04369227399643	4.78490183120957	6.96539643896913	5.10164868218758	10.7770109397973	12.4021728413557	13.7670021461553	3.31932386388893	12.0551172957341	12.203728797114	17.7936971094606	405.546116555201	524.310695566741	17.8658338116857	10.8047203731306	-2.85029981768578	4.26909099246699	1.43725837401991	14.2904859986906	36.8083879038626	63.1533861678016	23.2046148163257	22.7802281018887	2.35159666917499	12.0419919232893	23.5691117028078	28.9646323279009	5.74982927019373	19.0091445983121	28.1413519732677	10.1841623558398	-1.21498702222157	16.027364041988	23.8793729763567	-45.596450626401	-83.783942739621	-157.282587921198	-311.478385390686
744.31	13.0473643529192	-0.466696739362291	1.68382230705034	26.9882655451852	3.07980535167794	-2.19909876313322	5.46169893854806	-0.624747628404699	6.29571188867292	14.6415033173675	20.8205139764117	14.6696954970784	10.9044809692421	15.3892913189953	26.3040011183214	5.27426751845295	1.86002750015573	12.1242451577593	14.6092493062729	22.6922086143801	19.2498737225071	9.69779406199502	10.4838145751397	23.1496656283711	24.6684705836376	124.014546971317	623.702863642126	227.160252249004	28.0066060975413	14.1963456602562	12.963513967424	6.47211688230789	10.8947129531165	36.6637824654128	84.3757069769671	69.0804799352938	16.2037282849221	15.3492263488323	43.2567518850274	24.8486529794576	20.0314295237866	24.0049913345688	60.0502845440968	40.6416748451821	17.2377546507708	18.5275289465702	56.4870834689504	60.3771979860252	76.1172526234303	197.137360903141	137.10083415855	378.487060911957	888.873404112107
749.058	-9.49010980976963	-4.24319730848424	-18.7113401880275	1.20282727501311	-9.33384264104924	-2.85630877790403	-8.63611412281411	6.94245785781372	-0.471115103444873	-1.91736988220995	-11.2787255908091	3.25308718413013	11.3957839389685	-5.92250265387545	-9.3363987843185	-1.42084543787349	-3.00645909067279	0	-14.3244802849548	-12.8375085339609	13.1151535037021	4.25952402566692	17.7928109198941	16.0011215647016	14.0178272040135	333.454433928339	493.298789557074	36.5084719963704	13.4018681996736	5.88366438351691	10.5495561475766	10.1706293802985	9.90545096641135	28.4335847098825	65.0908550384793	33.4648620423256	10.7692960239811	5.92880104215636	24.4905557318738	-1.02459614494411	37.1907625297966	31.3479768403678	10.4368166628575	40.3105401946323	13.9311392353763	30.1549730094569	-7.44317999447235	14.8766466686483	24.3813950228005	95.696463387141	48.8830591878839	229.413113156694	-430.271381926577
753.808	-11.2850166104326	15.8580153065163	0.43344739135883	-11.0339230857198	-2.11413217810178	15.2035385059955	9.53596513053033	0	4.32169100578055	9.77147400345195	6.83541933583353	23.57856350016	11.615245189962	-2.26370957116852	7.68616167674926	3.98257264461981	0.766089452002096	-1.20813202441846	6.19408477751578	3.73849562130713	8.7581656781911	1.30246632128935	25.0442160775094	19.2365783045544	106.364614597512	552.82917437309	219.022200839302	18.9854878240444	20.4899442604982	16.8664855343651	17.4268231246734	12.2176565551902	28.4189649221517	40.0397629963973	80.5610350789771	28.7017549826482	31.1738061386002	14.8750240979183	25.9411072343605	23.4973784102026	10.5916579351219	52.4489834945378	22.6053462869165	20.5434224888812	2.66239249413984	42.394070029259	64.4854333217076	34.8752283342931	49.7018691789591	39.5429985100194	236.666158768182	109.121215434585	133.474050702579
758.558	-25.1690033279142	-5.87139660601336	7.9439074763952	-3.74484611486847	2.15257065287936	-6.58721888436164	3.23644833239818	0.654982989246669	1.71121479230468	-1.98982716341699	14.5520973716962	13.8791979951402	8.27850090293397	-9.98775966172721	-16.3971426853583	1.84317386640542	9.36021894340092	-12.3009789430569	-5.85622481316201	-2.37904234527606	7.50939271081672	30.0593398693453	-4.39647620698748	25.9731788819877	301.861869339737	480.392810463612	28.3118619931448	3.47952165995574	7.72684661875004	33.9646676752544	0	7.16230568083751	14.0871022316543	48.9213037862237	19.3001811860437	6.35295676254175	14.7526724524327	15.1454770263237	7.47530947511408	-7.44320895911105	6.24350277769051	14.1179271837123	1.35390290939981	14.7193256310313	23.4935936087674	-12.949459633555	-2.57481909161459	23.158251245488	58.3909992238356	93.9445655303703	169.101155886278	126.977397093452	-582.432142213426
763.31	23.9985884742148	4.99078921463324	11.7042631229107	-11.0350389687872	8.41672343863953	9.74269604205658	-1.01576764140339	-1.33619263334489	2.49353542337048	10.1483261437269	0	2.67836489249484	17.6927010225879	4.31019061475211	19.0061678420634	3.38413644999795	10.3432535305029	16.3114317710847	5.0544758949885	11.6480296130912	-0.478733579050071	36.9737444330165	21.077138123758	81.6511258346376	527.60230165115	225.573196316805	15.4283412443211	11.8306156697399	11.8223171828109	12.0672445284494	23.1049988267086	21.1480825701274	17.0876238461146	83.167917851784	43.0644102654292	28.9446631482052	13.2240296573274	27.5180015242077	39.1415211529075	42.8418605787508	17.9475996946967	22.5400387751397	15.1911014167975	30.8182501304258	34.1025523789307	22.0145317413182	18.3845844184272	33.070659324562	129.046748270204	120.46623876335	336.349079949541	113.329645357379	495.077448973115
768.062	-10.7032340956423	0.503748084968388	4.99813053193264	-3.42716244728414	-2.58557679488247	-2.03458850344371	-3.8447651923681	8.54172528213428	10.570828158182	-1.17065936369292	-6.18834614635306	14.2895189273128	-0.811737553352603	-7.91002703235751	21.1023793340146	3.79532994046929	2.00769624504408	-8.02093982270892	-16.6966800698915	-4.40887630110093	-1.4496372013635	20.9354159783638	8.14761443646855	286.699051831589	469.299392201326	37.6102506209184	2.79509677614091	20.3002061262428	4.77316863895444	1.96453877029857	10.4945215780927	10.8670213301274	28.2231624446074	49.967857390318	4.96769165723957	16.569960528997	23.9338927486528	22.9025622851434	0.51308716958797	3.28425343571425	38.5685042373964	11.3754567461974	14.6362580310519	27.1185500903797	32.560973826613	47.7740535972657	25.1839334297775	9.53715825977081	66.1289807793249	149.2281017095	-56.5826357378068	24.5121231033547	319.813872932167
772.815	11.2593860631328	21.6473707536107	3.63268873773595	9.84681619116844	4.06046132377756	3.7277030803281	1.28077210041785	2.47102978200582	4.02441720280882	4.09469802692081	6.18440453090104	-3.4736150280263	-2.83927183361453	0	-10.736186796131	0	8.42695333061353	-4.64074423537019	-7.87952137221681	15.6660199257661	12.5555201810272	4.09345069691911	61.5205435485386	449.92719445929	224.521504405164	14.1453798709046	13.16849189496	4.7734767245421	6.36017121201298	14.5283273055122	6.99189145341564	32.9681597172013	65.4203618254903	45.142171825488	18.2032676007643	5.22928624132798	1.37992201473078	-0.973956369751452	50.2505155735786	22.4281039788949	37.959939284463	8.84194207860601	20.1991015271158	9.5651566433416	22.3133035789523	-5.55158422236966	37.0895261335419	57.1865018782825	52.0684355270927	218.176131797932	121.792668092331	-65.324027496093	199.756356346144
777.57	-28.7222598704902	-24.1434008933279	-30.5806015458643	-25.3372733427441	-27.4959950642313	-12.1026523915258	-9.14816073550201	-9.16872979151914	1.02661331690926	-12.5345002110369	1.32852021806355	-14.5715176840086	-13.2441106504634	-8.46943513898209	-13.6937993531595	-23.9954227485315	-16.3785395366163	-6.45728709476342	-15.1343851790327	-23.978047804088	-23.1591762806054	6.4973906366587	237.712693285551	423.336453329075	50.4864731572437	-14.0213353197949	-10.993848631786	-17.8595342018587	-4.8673654855055	-1.20198496161869	-13.4761233463305	10.2899441080313	37.9737917150813	-12.63658106911	-13.5086062636318	2.66794152928815	-16.427263405015	-7.95048051044074	2.61606384480818	-5.5817784187033	25.0279530103542	-21.9110119158664	-37.6681084261449	-17.8935870096111	5.69203773962688	-31.7226053168058	-41.90046428228	-87.528337272874	38.8256441604778	61.9964347575116	-48.8224631688116	-208.298845404341	-305.74245943352
782.325	-1.74987718901641	-10.4320172297952	-16.9372267403866	-20.4045690599805	-17.9755485000102	2.80892546053715	-1.32700774878439	6.98245506567827	-3.38787959131453	-2.72733165519847	-3.70969815563026	4.3987923488401	-4.20252721316925	-1.63807150343565	1.58910875113251	-10.2175736379193	8.31539511333701	-8.74231688902714	-12.0058392835998	-3.04341759367065	6.00404873500419	41.46974137475	425.567745185453	218.786458512451	1.29237050759017	-15.4935127826726	9.09591476303777	-2.06074933238927	-11.5321014867286	4.47515597638561	4.82953167302489	26.9247811982473	26.7881058555226	14.9007492691674	10.2874922023545	-20.3177345932287	-0.953157971751836	10.0911602401117	-19.65702412278	7.368068532326	-18.152439895411	-0.654366759862218	-7.93831520949357	22.298528524159	-19.2656749397415	-26.4591790233932	-32.9386727373684	-27.9796032710602	93.3717062154741	20.0299463726512	-49.5743922402111	-296.109683802194	-889.960360950472
787.081	25.7546821357746	-8.56958332979534	6.28036054470274	2.27740895054949	21.207011728444	14.0610016166105	5.72300562469977	0.238994726578304	9.90119837594396	8.09040411735612	3.11666283269884	18.8886113632485	14.2405216284795	10.9332086268214	6.52702136267675	-8.87766050020215	8.96548137130749	17.505018717873	13.3142805643539	13.0212215621373	11.816591500633	225.010627676947	424.956995511344	61.5245937761966	21.2328574882565	30.0986927889941	9.34001998433456	15.2355833613486	11.8415861574595	12.9502636131623	23.1426572340887	51.9935353432479	21.6721919219533	14.0255845196608	17.1658102621341	38.4806398689596	11.2554833095526	34.1945163865796	31.6406548745881	33.7551250675928	24.2314712204088	43.6753114197118	29.6412878769026	46.6419344021103	53.4133006760627	53.1572451831159	-5.63710687048647	99.711687449458	242.889676228249	120.466703623967	18.5108400578153	217.183085273314	488.8003041106
791.838	1.19672173693536	-18.1925713051287	-16.4095090036614	-10.9208817784136	-5.88508067956113	-11.5259591146923	1.36128897618058	-5.7302689400518	-0.267338485314241	-3.73038416192221	-23.1791529060555	-17.2292723039137	-6.89774898164903	-10.0823315396546	-17.1166900735352	-4.83762882296805	-16.2074003338773	11.2102016908075	9.36015383328695	-9.88645892177197	62.1048048960034	386.253388860166	239.916584526357	16.2973995636174	-8.83837956352053	15.8937641266117	-9.75502543052275	-4.22797131580095	-13.5200180495963	2.50405354161631	9.08287468038381	42.4611227450412	-9.99277666814653	3.82142186726675	-0.439718913360954	6.94753745737645	-2.44445339654764	7.2462950144969	-16.894860459219	1.74424877983276	1.86213805782519	-0.671271330099952	-10.3643139246866	-21.1801639836583	-6.9171810250246	-8.2608252941316	-9.85529803484948	106.367768702736	140.482939326924	-117.413654745555	-120.20289575969	-86.7883506374175	-254.777060550233
796.596	9.14298885759447	22.8927627121664	19.1741015921269	17.1507033726487	24.3794972031284	7.70513298480024	14.6990727868974	9.97197929035395	10.8931935948897	7.60006491608643	7.75316784854622	24.2370291803738	20.2012843797993	8.55881178282772	0	14.7838499328483	13.0342115455205	16.9008633124816	6.52388783078153	16.4317041409237	165.219255816111	387.063141497596	70.527089887834	25.1396881521276	37.8142670009689	18.3784159912019	4.32050306418822	15.0741844191301	8.60777757593649	21.2567131645339	62.2438008178689	59.6315833192167	20.7828339276075	7.78553977347312	24.6360787216981	35.8580755379041	4.48216680173855	24.7810429902677	13.3241006476159	29.6135808474452	39.2027071694154	43.7634771208207	-10.5578212885356	41.4251695410279	-13.0860387310514	26.4473294927534	103.261389900506	156.510918274159	182.134695297335	14.9507289224028	-136.575666232816	-212.180966948315	1470.69202346052
801.355	12.1021896775684	9.88114788073045	13.5812449846039	17.2063144355617	11.7304052113593	2.85064109264951	11.0131382340623	3.14940097872395	6.3474338380702	5.19396296907233	7.3014133388798	-6.49326436748738	0	19.9487840001231	-0.716759450514181	18.4343392762363	2.62543178344295	11.4352154381438	13.8628428230976	42.0966879479741	298.793232258953	213.828920782747	19.0258984231536	28.2535025978708	14.3786235087953	10.5768417443204	2.23781796368532	25.2821428235956	17.8337003822564	25.3229551934381	40.2992121313451	18.4883162088607	10.9842176512385	8.21444244971147	11.9869798526523	33.8057570280093	9.02825854780713	27.3094001789304	33.547788068993	26.0753582970205	4.36670188809635	34.8275597564489	14.3221474137877	35.7604917646475	33.8897717589409	8.30210687675436	42.0943274268581	118.777019186547	99.2038335400995	28.3938468748136	247.995815389892	312.909124266291	765.483561583959
806.114	17.8901934364054	21.173888315851	17.4009701365238	-9.60352433612749	-7.24525027760426	-2.53390319346623	-2.15474443709914	-1.6796805219861	-3.05617184795973	-1.36683236028219	0.608451111573317	2.52515836513398	1.89552860616706	-5.91075081485127	1.79189862628545	0.354506524543006	3.37555515014093	11.0408976644147	7.79784908799238	119.426473417622	323.617443398292	70.1426877319151	15.2207187385229	-12.6936026164347	11.6583433855097	0.755488696022886	7.45939321228441	21.564180643655	35.6674007645128	33.3969409072879	48.2864433645846	21.0259282375278	7.68895235586698	-5.97413996342653	17.0137778553774	1.22189483233769	17.6266000219092	13.1995434198164	7.18881172906992	9.20306763424253	17.4668075523854	17.7089286897198	9.76510050940072	23.0953175980015	17.3793701327902	-9.33987023634865	85.4267233074473	121.74644466621	-33.6918679947508	172.944340055683	60.9825775548915	206.062106224143	112.021984622043
810.875	15.2592826369341	-6.11690106902361	-0.848827811537745	-9.20337748878884	12.4204290473216	9.50213697549836	6.22481726273085	0.209960065248263	6.11234369591946	3.28039766467726	3.04225555786658	1.44294763721942	-14.4060174068696	-1.47768770371282	4.30055670308508	8.50815658903214	0.375061683348992	5.52044883220733	10.830345955545	231.531783713857	179.185669496683	8.92725116588011	9.30155034020842	13.1030736685778	18.2647379706319	10.199097396309	13.4269077821119	10.4102941038335	4.08688967093376	37.0669344135833	29.0444772117802	15.9507041801935	6.95667117911775	-2.24030248628495	0.386676769440395	13.4408431557146	3.86925366334591	16.3856401073583	20.6079269566671	11.759475310421	29.4752377446504	5.90297622990659	17.5771809169213	36.5055020097443	13.9034961062322	-11.4153969555372	108.950023928339	8.90827643899101	7.48708177661128	43.8813997156211	-65.0480827252176	-15.2638597203069	317.395623095788
815.635	8.41891455830845	-8.94008617780374	-21.6451091942125	-4.4016153207251	14.8355124731897	-8.55192327794853	1.675912339966	9.23824287092358	-1.17545071075374	7.65426121758028	-6.38873667151982	12.9865287349748	9.47764303083529	1.47768770371282	-1.43351890102836	10.2806892117472	6.00098693358388	7.09771992712371	90.9749060265777	283.237498258652	69.5077911901491	-2.55064319025146	-9.30155034020842	24.1587920764403	-4.66333735420388	28.3308261008582	11.1890898184266	0.371796217994052	16.7190941083654	17.6159688302178	10.1655670241231	3.62516004095308	-1.09842176512385	14.188582413138	-10.0535960054503	1.22189483233769	9.88809269521733	-8.64797672332797	4.79254115271328	11.759475310421	-0.545837736012044	22.4313096736451	26.6912747256953	-6.70509220587141	1.73793701327902	26.9818473494517	170.853446614895	-44.541382194955	-28.0765566622923	-80.0190230108384	69.1135878955437	-83.9512284616878	-130.692315392383
820.397	-28.413836634291	-8.94008617780374	-20.7962813826748	-8.8032306414502	2.41508342586809	-3.16737899183279	-15.5620431568271	-2.93944091347568	-7.52288454882394	-6.28742885729809	-10.9521200083197	-3.9681060023534	0	-7.01901659263589	-2.86703780205672	-15.5982870798923	-14.6274056506107	14.9840754017056	174.151962965163	183.944223424843	18.0539717377011	-27.2068606960156	-15.2207187385229	2.86629736500139	-9.32667470840777	-19.2649617485836	-2.98375728491376	5.20514705191673	19.6913775054081	2.9359948050363	-1.45222386058901	-22.8385082580044	6.59053059074313	-2.98706998171326	10.0535960054503	-10.9970534910392	25.365107348601	11.8340734108699	6.23030349852727	6.13537842282835	0	-28.3342859035517	0	-2.98004098038729	-25.2000866925458	33.2084275070174	45.8085327880515	2.96942547966367	-13.1023931090697	-98.0878346584471	-69.1135878955437	-419.756142308439	-448.087938488171
825.159	-34.7280225530223	-10.3516787321938	-16.9765562307549	-16.8061675882231	-15.525536309152	-12.3527780681479	0	-7.978482479434	-8.22815497527619	-13.6683236028219	-17.0366311240529	-17.315371646633	-7.96122014590164	-15.1462989630564	-26.1617199437676	-17.0163131780643	-5.25086356688589	48.1067683949496	224.837982037114	65.4328953973945	-18.0539717377011	5.52639357887816	-16.0663142239964	2.45682631285833	-31.8661385870599	-16.9984956605149	-7.83236287289863	-9.29490544985131	-3.34381882167308	2.20199610377722	-5.08278351206154	7.61283608600146	-22.3345758908517	-10.8281286837106	-24.3606364747449	-9.3678603812556	0.429917073705101	-14.5650134287629	-1.91701646108531	-40.39124128362	-7.09589056815658	-31.8760716414956	5.20805360501372	-20.860286862711	-15.6414331195112	16.6042137535087	13.6187529910423	-11.8777019186547	-80.4861290985713	-80.0190230108384	-109.768639598805	-328.172983986598	-1157.56050776111
