"","500","495","490","485","480","475","470","465","460","455","450","445","440","435","430","425","420","415","410","405","400","395","390","385","380","375","370","365","360","355","350","345","340","335","330","325","320","315","310","305","300","295","290","285","280","275","270","265","260","255","250","245","240"
"248.336",0,0,0,0,0,0,0,0,0,0,0,0,0,0,0,0,0,0,0,0,0,0,0,0,0,0,0,0,0,0,0,0,0,0,0,0,0,0,0,0,0,0,0,0,0,0,0,0,0,0,0,0,0
"252.814",0,0,0,0,0,0,0,0,0,0,0,0,0,0,0,0,0,0,0,0,0,0,0,0,0,0,0,0,0,0,0,0,0,0,0,0,0,0,0,0,0,0,0,0,0,0,0,0,0,0,0,-0.15557861350612,-0.0399258930307896
"257.296",0,0,0,0,0,0,0,0,0,0,0,0,0,0,0,0,0,0,0,0,0,0,0,0,0,0,0,0,0,0,0,0,0,0,0,0,0,0,0,0,0,0,0,0,0,0,0,0,0,0,-0.119651777265796,-0.0329404414025408,-0.033666044147989
"261.781",0,0,0,0,0,0,0,0,0,0,0,0,0,0,0,0,0,0,0,0,0,0,0,0,0,0,0,0,0,0,0,0,0,0,0,0,0,0,0,0,0,0,0,0,0,0,0,0,0,-0.0927593438065291,-0.0134330048543322,-0.0168755833689912,-0.130767409691019
"266.271",0,0,0,0,0,0,0,0,0,0,0,0,0,0,0,0,0,0,0,0,0,0,0,0,0,0,0,0,0,0,0,0,0,0,0,0,0,0,0,0,0,0,0,0,0,0,0,0,-0.0762712283708664,-0.0108619214395304,-0.0169247849419817,-0.0731177072451313,-0.201080442627115
"270.764",0,0,0,0,0,0,0,0,0,0,0,0,0,0,0,0,0,0,0,0,0,0,0,0,0,0,0,0,0,0,0,0,0,0,0,0,0,0,0,0,0,0,0,0,0,0,0,-0.0559248366427401,-0.00595516726337411,-0.00915465319384882,-0.0274512047090451,-0.103739982471859,-0.0518783248994896
"275.26",0,0,0,0,0,0,0,0,0,0,0,0,0,0,0,0,0,0,0,0,0,0,0,0,0,0,0,0,0,0,0,0,0,0,0,0,0,0,0,0,0,0,0,0,0,0,-0.0162383222410492,-0.0017611112483385,0.00130337643989221,-0.013631366563698,-0.0858797646579799,-0.0596904737732585,0.0118602571129655
"279.76",0,0,0,0,0,0,0,0,0,0,0,0,0,0,0,0,0,0,0,0,0,0,0,0,0,0,0,0,0,0,0,0,0,0,0,0,0,0,0,0,0,0,0,0,0,-0.0296854515857439,-0.00227079846048411,-0.00477350063633117,-0.0133849562494435,-0.0738705418731657,-0.0776555389552246,-0.0157926012594764,0.0025339307022714
"284.264",0,0,0,0,0,0,0,0,0,0,0,0,0,0,0,0,0,0,0,0,0,0,0,0,0,0,0,0,0,0,0,0,0,0,0,0,0,0,0,0,0,0,0,0,0,-0.00487005940957624,-0.00542518581267306,-0.00782612050671298,-0.0505992665236658,-0.0632230353752203,-0.0146525215046577,-0.00776398687403902,-0.00618641033262127
"288.772",0,0,0,0,0,0,0,0,0,0,0,0,0,0,0,0,0,0,0,0,0,0,0,0,0,0,0,0,0,0,0,0,0,0,0,0,0,0,0,0,0,0,0,0,-0.00447148421669746,-0.00587975577854681,-0.00638174345553274,-0.0252676335059101,-0.0679010501692558,-0.0216809838078561,-0.0146682568154589,-0.0175071008600396,-0.0203121597149799
"293.283",0,0,0,0,0,0,0,0,0,0,0,0,0,0,0,0,0,0,0,0,0,0,0,0,0,0,0,0,0,0,0,0,0,0,0,0,0,0,0,0,0,0,0,-0.00644850259009766,-0.00406914719894787,-0.00401334183224801,-0.0144763682577858,-0.0575877296565963,-0.0279047733156489,-0.00158936809529991,-0.000589684489800475,0.00634008613532705,0.0111019769634278
"297.797",0,0,0,0,0,0,0,0,0,0,0,0,0,0,0,0,0,0,0,0,0,0,0,0,0,0,0,0,0,0,0,0,0,0,0,0,0,0,0,0,0,0,-0.00915765258590018,-0.00440213016193557,-0.0060043555065671,-0.0101135575047898,-0.0512618947539153,-0.0436565524432188,-0.00641406403561552,-0.00412050254079584,-0.000688894058411335,-0.00198484007786431,-0.0350117919721718
"302.315",0,0,0,0,0,0,0,0,0,0,0,0,0,0,0,0,0,0,0,0,0,0,0,0,0,0,0,0,0,0,0,0,0,0,0,0,0,0,0,0,0,0.00241637381983023,-0.00252690052749531,-0.00185332071386551,-0.00564500694666693,-0.0325572324822233,-0.0444839563319181,-0.00686734323269265,-0.00372399912131584,0.0013072837556224,-0.000561807069074768,0.00601994411878011,-0.0222459609780955
"306.837",0,0,0,0,0,0,0,0,0,0,0,0,0,0,0,0,0,0,0,0,0,0,0,0,0,0,0,0,0,0,0,0,0,0,0,0,0,0,0,0,0.00783294649114208,-0.0029670017694323,-0.00217849543955392,-0.00445825929108765,-0.0216104129707598,-0.0514518642936885,-0.0133197117893862,-0.00178388398779688,-0.00183096583366454,-0.00432402115462319,-0.00238695750182909,-0.00687756786550132,0.00261254167099306
"311.362",0,0,0,0,0,0,0,0,0,0,0,0,0,0,0,0,0,0,0,0,0,0,0,0,0,0,0,0,0,0,0,0,0,0,0,0,0,0,0,0.0194494477322392,-0.00112062699081956,-0.00167226268914402,-0.00179417546290234,-0.0109464322946554,-0.0405925491906825,-0.023081990751609,-0.00108254718826975,-0.003270815886932,0.000572395228321808,0.000579836773019379,0.00649592174551016,0.00685969142259962,0.0584149488361196
"315.89",0,0,0,0,0,0,0,0,0,0,0,0,0,0,0,0,0,0,0,0,0,0,0,0,0,0,0,0,0,0,0,0,0,0,0,0,0,0,0.0294604245422065,-0.00224126576772696,-0.00252943150603318,-0.00264480242706057,-0.00885791209433243,-0.0361124026025134,-0.0294114643726897,-0.00865685499289664,-0.00549151006802934,-0.00438379696093626,-0.00589391874915339,-0.00841662765577356,-0.00613276608225701,0.000209683152906925,-0.0257638081075407
"320.422",0,0,0,0,0,0,0,0,0,0,0,0,0,0,0,0,0,0,0,0,0,0,0,0,0,0,0,0,0,0,0,0,0,0,0,0,0,0.00795884519252987,-7.55860486958623e-05,-0.0026258188962177,-0.00256300103864589,-0.00461930589961035,-0.0257744668993535,-0.0391702368790348,-0.0160779689118087,-0.0137999942005464,-0.0116869215857498,-0.01043774034293,-0.00956045902728385,-0.00511184441629692,-0.00271785062643102,0.0137316623909372,0.00414565438858539
"324.958",0,0,0,0,0,0,0,0,0,0,0,0,0,0,0,0,0,0,0,0,0,0,0,0,0,0,0,0,0,0,0,0,0,0,0,0,-0.000556624917694926,-9.0230911711453e-05,-0.00409514548880386,-0.00423174092207764,-0.0053600367110886,-0.0180596131317918,-0.0396825732314437,-0.0229884132820079,-0.0233520496605688,-0.0250083872833382,-0.0212593476935695,-0.0207275689957867,-0.0186502885022515,-0.0141993452341129,-0.00998053702112783,-0.0168445541580072,-0.0147102420418047
"329.496",0,0,0,0,0,0,0,0,0,0,0,0,0,0,0,0,0,0,0,0,0,0,0,0,0,0,0,0,0,0,0,0,0,0,0,-0.000376098442165573,0.00249283021488542,-0.0040191283889962,-0.00542238792528669,-0.00645610230968473,-0.0126907589757644,-0.0345928908470894,-0.0247557417161351,-0.0183315869908153,-0.0213854024561186,-0.0228871672750308,-0.0235522418301176,-0.0226965864708825,-0.0154654082692085,-0.0154300309753271,-0.0163665128388737,-0.0232275812543283,-0.0299352095515871
"334.038",0,0,0,0,0,0,0,0,0,0,0,0,0,0,0,0,0,0,0,0,0,0,0,0,0,0,0,0,0,0,0,0,0,0,-0.000810280192844126,0.00581329173967438,-0.00471238122675522,-0.00493497326581662,-0.00507324976538434,-0.00795546940435491,-0.0262188386049239,-0.0231977423338817,-0.0150796620849866,-0.018451114215404,-0.0229876619906333,-0.0227890641055531,-0.0218410538088828,-0.0205665386129628,-0.019482589995343,-0.0157598658550981,-0.0161159577580255,-0.0124855119922384,-0.038985187776314
"338.584",0,0,0,0,0,0,0,0,0,0,0,0,0,0,0,0,0,0,0,0,0,0,0,0,0,0,0,0,0,0,0,0,0,-0.000130986850711667,0.0193735063676723,-0.000899264346159678,-0.00403911929602333,-0.0043988468966304,-0.0052608520349343,-0.0184995497509611,-0.0284632203398403,-0.0114452267674943,-0.0133187248563055,-0.0190234883257764,-0.0238047279550847,-0.0252415992496429,-0.0230657561526184,-0.0188602563509002,-0.0209787611928801,-0.0110872456697586,-0.00910947547887729,-0.0122287462822305,-0.0105752936970475
"343.133",0,0,0,0,0,0,0,0,0,0,0,0,0,0,0,0,0,0,0,0,0,0,0,0,0,0,0,0,0,0,0,0,-0.00096216077654665,0.0258939509891285,-0.00142711398590843,-0.00259641853147514,-0.00400867039269776,-0.00417974514599164,-0.0129103225121929,-0.0245753179158418,-0.0120038871735006,-0.00840004212789827,-0.0143264420802866,-0.017842204578417,-0.0211199866745944,-0.0206390310540675,-0.0194047088168109,-0.0211540230637432,-0.0201893677381883,-0.0175301229696071,-0.0242210858239387,-0.012215677685966,-0.0100158717576911
"347.685",0,0,0,0,0,0,0,0,0,0,0,0,0,0,0,0,0,0,0,0,0,0,0,0,0,0,0,0,0,0,0,0,0.0314161891246252,-0.00177811619034664,-0.00186675716068845,-0.00259548570731099,-0.00329686323306894,-0.00829901521189201,-0.02406522326767,-0.0168228463476242,-0.0062834708448442,-0.00775186445931633,-0.0113570987215722,-0.0168351623101316,-0.0179423051620858,-0.0207542593228218,-0.019044047085528,-0.0188762352974783,-0.0165717014204667,-0.0136390659541474,-0.0209485783380272,-0.0238492907765911,-0.0635250832186259
"352.24",0,0,0,0,0,0,0,0,0,0,0,0,0,0,0,0,0,0,0,0,0,0,0,0,0,0,0,0,0,0,0,0.0440937622739075,-0.00048630679876864,-0.00117191028235655,-0.00192607969812045,-0.00176190381282641,-0.00470651225480125,-0.0175100276233719,-0.0169533261214983,-0.00573356354543134,-0.00623577445014388,-0.00652825105689735,-0.0112797168490832,-0.014360191044581,-0.0159747398059136,-0.0179015908970065,-0.0167872751185439,-0.0158505962572408,-0.0114240449790984,-0.0074135684582448,-0.00707612343187688,-0.0124376903400503,-0.0203360101420959
"356.799",0,0,0,0,0,0,0,0,0,0,0,0,0,0,0,0,0,0,0,0,0,0,0,0,0,0,0,0,0,0,0.0578239913291438,0.000773689818042298,-0.000241499613905511,-0.00022024326145211,-0.000452938095189799,-0.00152042521579223,-0.0111577025250829,-0.017635780173517,-0.00522233975476353,-0.00270404405353362,-0.00409918890454748,-0.00557869420049937,-0.00780635936059898,-0.0116246819876543,-0.0139653929133561,-0.0131048372639762,-0.014126525704829,-0.0111790705156249,-0.00894738669911843,-0.008980075276831,-0.00986834718601663,0.000222532604487548,0.00395894058150688
"361.361",0,0,0,0,0,0,0,0,0,0,0,0,0,0,0,0,0,0,0,0,0,0,0,0,0,0,0,0,0,0.0716262373497057,0.00205624073802214,0.000868286296889653,0.000284022986908339,0.000122194604411088,-0.000514404665499432,-0.00488929756749285,-0.0165668721956168,-0.00753534183951726,-0.00149801700105269,-0.00245647210904247,-0.00234027836843611,-0.00386552822126179,-0.00591054234810966,-0.00828938006366676,-0.0065791846552568,-0.00971507712888877,-0.00758520346496713,-0.00777585706617455,-0.0094080891117995,-0.00109919803138329,0.000254444003056409,0.00210600021690755,0.0063240120497602
"365.926",0,0,0,0,0,0,0,0,0,0,0,0,0,0,0,0,0,0,0,0,0,0,0,0,0,0,0,0,0.0991802727642576,0.00315707990108675,-0.000706886284453298,-0.000218630669958761,-0.000376308527678442,-0.000381061214847283,-0.00233395759617218,-0.0122201161541297,-0.0094705185498534,-0.00213769644179297,-0.00184061954548538,-0.00304401439389004,-0.0035696384944664,-0.00527205078750148,-0.00523017817769068,-0.00580208233374863,-0.00715910402583614,-0.0087288160900114,-0.00923231040925462,-0.00897848996529266,-0.00692014963397345,-0.00725853189403441,-0.0104791144807995,-0.0103440454968531,-0.0415249052015269
"370.495",0,0,0,0,0,0,0,0,0,0,0,0,0,0,0,0,0,0,0,0,0,0,0,0,0,0,0,0.136671150924882,0.00773540515563945,1.00046218777889e-05,-0.000932846451196449,-5.05549211412496e-05,-3.85049970588833e-05,-0.000710890392862764,-0.00944884711427336,-0.0105478793724577,-0.00259022801938102,-0.00148292388450622,-0.00201537038399785,-0.00123009430195825,-0.00187951646915116,-0.00357614971915004,-0.00544534119560339,-0.00559610665896796,-0.00530527431372684,-0.00698943117517573,-0.00375633929937971,-0.00395836496410901,-0.00595636635163047,-0.00555571516017041,-0.000613247133729603,-0.00187145101325247,-0.0159923091950391
"375.067",0,0,0,0,0,0,0,0,0,0,0,0,0,0,0,0,0,0,0,0,0,0,0,0,0,0,0.160712580870876,0.0130725701796151,-0.000282866768216558,-0.00112460104710638,-0.00109438775803302,-0.000917666998560811,-0.00114931745188973,-0.00564545184907978,-0.0125477059383979,-0.00527263207318518,-0.00137308391118697,-0.00176789789608753,-0.00158637404624123,-0.00263667253146025,-0.0033128525263179,-0.00345637352265908,-0.0046176491744524,-0.0045157061556569,-0.00510342726808113,-0.00517696271940852,-0.00639668438385262,-0.00528913097385479,-0.00678384371863548,-0.0075648450594366,-0.0123247460159002,-0.0178966270118739,-0.00686119435489662
"379.641",0,0,0,0,0,0,0,0,0,0,0,0,0,0,0,0,0,0,0,0,0,0,0,0,0,0.11669763394791,0.023808932346931,0.000202717227269601,0.000595972493088136,0.000202723537078062,0.000134159107726075,-0.000343343730643233,-0.00304087419040558,-0.0100679672207871,-0.00506096549901939,-0.000498854951726736,-0.00060497539479858,-0.00134381997040464,-0.00135983531167854,-0.00143445533248391,-0.00130910350930771,-0.00260502761582729,-0.00332690219804243,-0.00400237438993247,-0.00496769118446553,-0.00441254767373012,-0.00263148294861671,-0.00302277262703729,-0.00234157873231235,-0.00405609512823977,-0.00237639510709795,-0.0102933026656681,-0.0104170637064179
"384.219",0,0,0,0,0,0,0,0,0,0,0,0,0,0,0,0,0,0,0,0,0,0,0,0,0.0982742411339905,0.0221214286283316,-4.77493879013826e-05,0.000644593001898193,-0.000625632955270084,-2.21371280761861e-05,-0.000529368365490187,-0.00197047965910269,-0.00697885456754206,-0.00707620417996349,-0.00224227481206052,-0.00124092074250056,-0.000775035618144726,-0.00091104654144104,-0.000793257047403819,-0.00115687723672607,-0.00190069510820541,-0.0034410395198066,-0.00373555144333282,-0.00446878110907402,-0.00452648294498743,-0.00320955558875475,-0.00389879104333944,-0.00411347569394267,-0.00383758137287934,-0.00626180148140027,-0.00565077201602677,-0.0111104878939708,-0.0207495762002456
"388.801",0,0,0,0,0,0,0,0,0,0,0,0,0,0,0,0,0,0,0,0,0,0,0,0.100521150923524,0.0323833661416099,0.000327037390893032,0.000741354181300458,-5.50989435648234e-05,0.000675926043229465,0.000225511972538932,-0.000199301905844771,-0.00402849113868424,-0.00823085134659426,-0.00120387308475567,0.00039946676955907,-0.00049109227480156,-0.000350624123602651,-0.000382900751676827,-0.000618815807879098,-0.000401730671459849,-0.00151616421305036,-4.99413694478143e-05,-0.00169501946651146,-0.00102138920118598,-0.00162823419886989,-0.00171086907585726,-0.000209136953050883,-0.00153307749108059,-0.00282164397151509,0.00389363554892222,0.00490147947208234,0.00149965698355563,-0.0115913098767402
"393.385",0,0,0,0,0,0,0,0,0,0,0,0,0,0,0,0,0,0,0,0,0,0,0.0953222126930863,0.0394845699680028,0.000477043951241691,-0.000113494728068399,-0.000344035610318554,0.000126844051085231,-7.04396774784482e-05,0.000323888928151838,-0.00243947891837443,-0.00805786865347691,-0.00261271358514871,-0.000532896644525718,-0.000863205051653671,-0.00027307779065261,-0.000347082464885367,-0.000146528978744995,-0.000991028375571074,-0.000795749292913946,-0.000982082810333036,-0.000887005637665509,-0.00237289006879362,-0.00139646374304216,-0.00153447952714067,-0.000166933948997092,-0.000466352509821669,-0.00285377252741531,0.00229814177527739,0.000139669885175434,-0.00348067447594549,-0.00658243208629202,0.00551391232583921
"397.972",0,0,0,0,0,0,0,0,0,0,0,0,0,0,0,0,0,0,0,0,0,0.0618082678979868,0.0541803248357873,0.000486166670064428,7.21504550941186e-06,0.000215115464612475,0.000288567099583953,-5.09214109498746e-05,5.72491708943569e-05,-0.00157418497016954,-0.00555901304527449,-0.00460842878742406,0.000212289537903547,-0.00031122041324642,-0.000423309197107238,-0.00017952326451136,7.75893839564383e-05,-0.000449232593697198,-0.000672820256227925,-0.00061094408802191,-4.35706868917392e-05,-0.00105783667268832,-0.000978775826810077,-0.00162290453003216,-0.000944579760515897,0.00069763541711309,-0.000545870893591259,0.00076629804773564,-0.000726782500150105,0.00160569522889033,-0.000313758832957222,0.00377215387894446,0.00292287164116307
"402.562",0,0,0,0,0,0,0,0,0,0,0,0,0,0,0,0,0,0,0,0,0.109794758503527,0.0662780566422655,0.000695975985873946,0.000192489512382235,4.66053200827007e-05,-0.000143312317918279,-0.00064601206049298,0.000463083685114118,-0.000400147799548138,-0.00404629708855079,-0.00498716043389294,-0.00101734870235377,7.14933001168924e-05,7.42458634040566e-05,0.000221864969657636,-0.000244079984101496,-8.64437937006751e-05,0.000159159359950864,-0.000730649673845159,0.000305977910886748,-4.15270171992344e-05,-0.000486480108236456,-0.0010065890042605,-0.000240735001842422,-0.00162356487187003,-0.00111036336915459,-0.000523862207392389,0.000737161778844122,0.00176739461189916,0.00410888842193477,0.00405701054739538,0.0143414030038469,0.0267599758535415
"407.156",0,0,0,0,0,0,0,0,0,0,0,0,0,0,0,0,0,0,0,0.12013135013815,0.0689013391952761,0.000471811063467888,0.000797568450410591,-0.00025707149444119,-0.000466215014918032,-0.000367509440166754,-0.000168372902759294,-0.000712672531958609,-0.00191857636164434,-0.00532297745545528,-0.00301972997688625,-0.000200203321735777,-0.000680228375076042,-0.000527406731068062,-0.000450705497419271,-0.000443961305727726,-0.000746400163702115,-0.000394510868438431,-0.000748332244482836,-0.000354506146562753,-0.000541343064401839,-0.000643255974556012,-0.00183631952488948,-0.00110496473510613,-0.00182466011458744,-0.00120356780153939,-0.0017718001877902,-3.6908884378553e-05,-0.000508171513718568,-0.00541116953289998,0.00191360313050923,-0.00720702352276225,0.0106586693735535
"411.752",0,0,0,0,0,0,0,0,0,0,0,0,0,0,0,0,0,0,0.116810641812435,0.0894874296523844,0.0018020804983425,-0.000283025814080991,-2.25070636007216e-05,-0.000383082660826334,-0.0005249988194758,-0.000472039621197021,-0.000275314824958107,-0.00198039818059753,-0.00539189926741237,-0.00331926213910583,-0.000719788958795024,-0.000372231673598018,-0.000187853888384133,-0.000791493320095879,-0.000434143637324789,-0.000823851889264348,-0.000608512579069202,-5.54023696953941e-05,-0.000362335159633301,-0.00134447757706028,-0.000519177291875112,-1.45538894759478e-05,-0.0012985940531564,-0.00106878622144297,-0.00190010390410032,-0.00209041793507464,-0.00156233937604798,-0.00194290289512312,0.000588985061199684,-0.00150188552271981,0.000300000339770457,-0.00858731689614977,-0.0243019993354053
"416.352",0,0,0,0,0,0,0,0,0,0,0,0,0,0,0,0,0,0,0.0971150416161472,0.0032755173026194,-0.000208753734742264,0.000172609259245036,-0.000297143667935529,-4.1836217873268e-05,-0.000310308043727493,-0.000100926478332424,-0.000276176345159749,-0.0041557312997528,-0.00362240811032583,-0.0011440121227957,-8.84205964901867e-05,-0.000208949941432246,0.000148792357159903,-0.000671612438785812,-0.000241726726551079,-0.000302741196040126,-0.000722486469420745,-0.000829264926537235,-0.000632371740978465,0.000281397369733225,-0.000615403796949539,-0.000764082698275133,-0.00201117883777472,-0.00110573894015981,-0.00193294099839044,-0.000520673945862861,-0.00106396375604847,-0.000885562407108463,-0.00201012835623475,-0.0011084924374456,-0.00593855162521677,-0.0038569815041659,-0.0247905329564633
"420.954",0,0,0,0,0,0,0,0,0,0,0,0,0,0,0,0,0,0.109917561574323,0.00450794101240797,8.0933615583794e-06,-0.000587399409748108,-0.000352913860293978,2.83657017130742e-05,-7.90789370193161e-05,5.29959975469545e-05,3.33020553516181e-05,-0.00254379460265265,-0.00446058615330711,-0.000840211042330261,-8.65143324335518e-05,-0.000742183992712911,-0.000383635068866352,-0.000430344580719612,-0.00018455179688216,-5.90062000909147e-07,-0.000363593085319617,-0.000667561278913492,-0.000374154364465658,-0.00046197997220631,-0.000384425259498931,-0.000385396786114674,-0.000374426446378311,-0.00134395012693688,-0.00125780764765681,-0.000732456210225822,-0.00104434700052676,-0.00182481901769319,-0.00124948548992987,-0.00271346798645095,-0.00488953317626958,-0.000568985437123702,-0.0118763331925916,-0.00179169634502586
"425.56",0,0,0,0,0,0,0,0,0,0,0,0,0,0,0,0,0.119768676437721,0.00651955540784645,0.000160266862381284,0.000337468355588458,-2.2670083996066e-05,-0.000178613827596618,-0.000119076455236995,-0.000617831583694624,-0.00109940335584711,-0.00212317844387036,-0.00467000960950104,-0.00262512670669753,-0.000385552563154928,-0.00116598781922468,-0.000184594963891539,-0.000551194324126014,-0.000472387206150377,-0.000447500133388207,-0.000901263863990992,-0.000826352311534727,-0.000664877124557577,-0.00117469696720945,-0.00134815995525685,-0.000365265541504836,-0.00164763344798129,-0.000516838739326665,-0.00172325406791748,-0.000925210380358553,-0.00227745141065054,-0.00116752709980184,-0.00201711753458425,-0.000782986703875966,-0.00377750275965155,-0.0028425019289019,-0.00186572693025068,-0.00811602470805106,-0.0337823215371085
"430.168",0,0,0,0,0,0,0,0,0,0,0,0,0,0,0,0.13397557801295,0.00970064097753664,0.000391717602992352,0.000580427511680183,-2.26006972549133e-05,3.91700248190642e-05,0.000192139819765075,-0.000116403162047625,-0.000336392881252155,-0.00119166745997803,-0.00324096101007175,-0.00248311015432176,-0.000256438328799733,-0.000184851354812046,0.000488844912470042,-0.000188972469103422,-0.000320188080037167,0.000164723028561091,-0.000177549097238698,-0.000569219368802439,-0.000976609679647366,0.000291535900435578,-0.000668793146741113,-0.000412027642671038,-0.000404578253230774,0.000171865542773503,-0.000720477069018318,-0.000690528794086478,-0.000857482451495623,-0.000509122757066013,-0.000374209291204174,-8.53979515723223e-05,0.000233396487661345,0.000757465256353832,-0.000754117267317795,-0.00155611917132357,-0.00484971957934715,-0.00935570047672473
"434.779",0,0,0,0,0,0,0,0,0,0,0,0,0,0,0.144210538456772,0.0128547548856898,1.23335720370837e-05,-0.000226003707741256,0.00078513998421111,-0.000250705307380427,-0.00039000001836749,8.5485536610707e-05,0.000439468680375149,-0.000163574460833058,-0.00174282193624465,-0.00316369023857639,-0.000715232823580169,-0.000664459520257213,-5.87574663844511e-05,-0.000231601894246693,-0.00011519240471201,3.21486600016456e-05,7.34832307710233e-05,-0.000497063551045484,-0.000358676735841042,-0.000202027652634954,-0.000204196012148408,0.000369537165172583,0.000345859996593643,3.42600304796272e-05,0.000503481261511137,0.000132875464638759,0.000104070016127159,0.000403934696034608,-0.000390234257748275,0.000302782011597261,-0.000808252420834435,-0.000866314108106696,-0.000799075538394261,0.00104507306086194,-0.00200876303350969,0.00448188282683437,-0.00257989188713791
"439.393",0,0,0,0,0,0,0,0,0,0,0,0,0,0.156598407277741,0.0160035577918426,0.000461539818803203,0.000318521053035224,0.000461049497018527,0.000721474894970744,-5.26957603993795e-05,0.000252761584695201,0.00036294630994271,-0.000421182793629374,-0.00033281808982848,-0.00106557543549283,-0.000338606346462263,0.000182633036765292,-0.000342283982485401,0.000257739541602163,0.00025452729977361,2.41822980386116e-05,0.000251652087197377,7.90760041725344e-06,0.000100102608555025,0.000121069552005925,-6.38167703847523e-05,0.00014436318105605,-0.000173316499942009,0.00052622060111264,-0.000446547384446388,0.000243917817069005,-0.000224804014113594,-0.000159747515315279,0.00111770828194054,0.000174946453125972,0.000578774613282057,-0.000911761337490758,0.000132091570863583,8.32465984260982e-05,0.00155507499501518,0.0037333169532377,0.0027431436155571,-0.00801829813452495
"444.01",0,0,0,0,0,0,0,0,0,0,0,0,0.153778066101865,0.0206670058452921,-0.000146000215595452,0.000219834329460278,-0.000428099910534405,-0.000766118455675549,-2.90215454738642e-05,6.02530053535248e-05,0.000450554587057738,-0.000114712271308258,-0.000264296617859603,-0.0023027588239805,-0.00124701527221794,-0.00035420267018592,-0.000133255924424616,-0.000272354571239826,-0.00019740434554783,-0.000170522962222598,-0.000369921087180743,-0.000305377601952727,0.00012114035006308,-9.11647196457687e-05,-0.000214598016129045,-0.000342948933499151,-0.000352840131589276,9.07443994825352e-05,-0.000254925031040364,-0.000769671256877221,-0.000242072352220837,-0.000731946215060661,-0.000705385997793858,-0.000724816392639502,-0.00115188047849342,-0.00210656556986626,-0.00202086292226033,-0.00147217030407201,-0.00206333991934829,0.000285315773819047,-0.0010773555565972,-0.0117034658772173,-0.0208282254937004
"448.63",0,0,0,0,0,0,0,0,0,0,0,0.154710671914709,0.0250765049734739,0.000198097030068249,0.000374569472248959,0.000169516557207443,-9.18133715122399e-05,0.000508013511869214,0.000492018054090646,-0.000230941162930022,0.00024511736007384,-0.000524842656991119,-0.00171272595100828,-0.00150281677098742,-0.000573487515338689,-0.000115968622201369,-0.000577202294643191,-0.000186339218127439,0.000258233422708252,0.000262962202675135,4.71534107176464e-05,-3.17414471887101e-05,-0.000509098314531152,8.06093681966197e-06,-0.000117981306511376,3.55792114268859e-05,-0.000299505031234561,0.00035623380697567,-0.000114757265839778,-0.000266731252373507,-0.000249512948573153,-0.000461924955177179,-0.000197440477507447,-0.000565940954910261,-0.000357659024114889,-0.000741728167194734,-0.000885007169110739,-0.00205520103941631,0.000161718506073185,-0.00039054615636991,-0.00406411200024387,-0.00848961747641602,-0.0114548873964668
"453.253",0,0,0,0,0,0,0,0,0,0,0.141616601810083,0.034726473126159,0.000979064720451132,0.000189370041609775,0.000285502737972592,0.000282815624286868,0.000119545377202477,0.000476554029306759,0.000411521208610335,0.000226069352246796,-5.2117527587236e-05,-0.000500468263837841,-0.00185098592670387,-0.000381535580426676,0.000325860228151212,-0.000163229232041093,0.000393297975243835,0.000207770177403919,0.000247260530172092,-4.07725402999399e-08,0.000467441330860403,0.000326858565030769,8.61068812424558e-05,-5.63448925366577e-05,0.000149409345029472,0.00015777917601179,-9.27111461652985e-05,5.87020505978052e-05,0.000185411168377719,-8.79592408531688e-05,0.000128616472063995,0.00059589189324015,-0.000782043215596214,-0.000319420729090025,0.000149794519984355,-0.000555591121819773,0.00137572065045954,0.00209427689282127,0.00188092038534726,-0.000384704609159449,-0.00165369264864949,0.00625045513571762,0.0136982177643066
"457.878",0,0,0,0,0,0,0,0,0,0.114869206048425,0.0368560694263118,0.000538665485714368,-8.2893627572066e-05,1.44575772613718e-05,2.97158360306256e-05,0.000317905915907134,0.000295654294655526,0.000446390914689099,-0.000148299151035955,0.000752022194865295,-0.00043676814081464,-0.0019668207351411,-0.000953194252053972,-0.00020369026392678,-0.000324659973336744,-0.00018590908672512,-0.00028663424026052,-4.77090586922651e-05,8.68310581605723e-05,-0.000210749064782119,0.000215803726317303,9.23713364141596e-05,0.000139750350835261,-4.79996874394137e-05,2.43729157854659e-05,0.000243063075065769,-5.52021197927033e-05,-0.000619982281323314,-0.000745095973655984,-0.000717928192918028,-0.000476350907937201,0.000351541222317564,-0.000650419439544311,-0.000569924339331374,0.000166703271538176,0.000307860667897302,-0.000762234939885287,-0.000880553666748376,0.0010700394269241,-0.000217323509610045,-0.00138006686127887,-0.00440303594118596,-0.0240166226884345
"462.506",0,0,0,0,0,0,0,0,0.0697873048661108,0.0407968254233394,0.000312581570226694,-3.17684404516781e-05,0.000433067146917587,-0.000189565948270803,8.29882758843931e-05,-2.31239726185652e-05,-9.66898694383979e-05,-0.00046181324987927,-0.000505378261086616,-0.000957814654156936,-0.0013436261945212,-0.000844528047710728,-0.000765478389486623,-0.000209349177306553,-0.000502611985017452,-8.00439185670102e-05,-0.000370911450926408,-0.000117894877307538,-0.000274303628159149,-0.000170248426881417,7.63764836511032e-05,-0.00013010425554316,-0.000270341783241736,-0.000291579442281267,3.24260359197275e-05,-7.7338085063721e-05,-0.000817578226527087,6.72632825466244e-05,-0.00111329172709735,-0.000248134087424105,-0.0004722662639043,-0.00143230614091505,-0.000123124029733854,-0.0016022209526358,-0.000969547476452317,-0.0017021331005855,-0.000676972425226394,-0.00102894639515225,-0.00314554169821589,-0.00206151791589762,-0.00394437632457045,-0.00129463480713892,0.00553726001769415
"467.137",0,0,0,0,0,0,0,0.0336108611201565,0.0434223871720351,0.00177642947401076,0.000323904866323766,0.000150610298238814,0.000467328255621173,9.16638591675898e-05,0.000164477499973161,0.000950677526931311,2.25068624600119e-05,0.000429102669056261,0.00020834904069795,0.000232132263167147,-0.000712178340378625,-0.000414619981765842,2.55861981478841e-05,0.000342394482750738,0.000747869210612196,0.000292088460964023,0.000124721939314652,0.000116247270907223,0.000402217155993407,-4.5886761638226e-05,0.00039266887875062,0.000210848617407391,4.5578869923988e-05,-0.000101253415566634,-0.000104946857386178,8.50977735562361e-05,-9.08231755323221e-06,-0.000227627317840176,0.00044950260789701,0.000138309319295666,0.00037459036491552,0.000799122372497969,0.000203737054642767,6.23876317669173e-05,-0.000487582005367111,0.00131390638239267,-0.000489891505896347,0.00107662913741593,0.000659296545454454,0.00273360425491017,0.00584434520854969,0.00669979988067125,-0.00392978719589169
"471.771",0,0,0,0,0,0,0.0804610806919842,0.0480392063722721,0.00135886704126852,6.70454078437843e-05,0.000378596522973618,0.000134626904588192,0.000416351592671953,4.47579919631968e-05,0.000439188490800775,-5.93682354682237e-05,0.000458970706108263,-5.96545689749042e-05,-0.00061303303243054,-7.95649245381586e-05,0.000120461184685139,0.000502508518384025,0.000113668656037069,0.000255121374683562,0.00023392100298712,0.000148918632102678,-1.5522132692047e-05,-0.000207875748746122,8.44001380751942e-05,0.000227413343882854,-0.000240174589363031,0.000329599721616366,0.000340220610551285,0.000177496292487348,8.78408213743116e-05,-8.35812429018335e-06,0.000248995016947941,0.000329437360298055,0.000981598510530699,-0.000380441252220783,0.00074409759075,3.65112765791356e-05,0.000269394027941184,-0.000276758128742714,-0.000591565969296513,0.00014948135831712,-0.00025519293362416,0.000641039425294908,0.000115263937162499,0.00122331943934469,-0.00033189880444533,0.00664989490024621,0.0166693122532531
"476.407",0,0,0,0,0,0.13020049839659,0.0473235594817031,0.00158296096608596,0.00083853746649676,0.000174906002532829,0.000333045993101216,0.000522791063162627,0.000210752881041507,-0.000383038682108978,-0.000408449071661341,0.000484135439296161,-1.70651250716756e-05,-0.000342232088358985,-0.00122937854854394,-0.000612011381461008,0.000566093078545268,-6.21104188296793e-05,0.000314576456570756,6.767574956496e-05,0.000289070896942938,7.79291904394563e-05,-2.32033596995903e-05,0.000390509736020131,0.000122278085476257,2.25984637897836e-05,0.000111912806157478,0.000298090062728659,7.45607705637135e-06,-1.52953885964419e-07,0.000406009167559794,0.000302206362378038,0.000345324954632767,0.000224900523996329,-3.95320119478041e-05,0.000357587939042257,-0.000123693138528706,-8.51386491671407e-05,0.000616715801891273,3.10019518928797e-05,0.000196645800829586,0.00104261109494678,-2.62095669584137e-05,0.00045583108504513,-0.000268915953808248,-0.000845336018428525,-0.000161626818706924,0.000470130323891234,-0.0130145160046669
"481.047",0,0,0,0,0,0.0561628814865486,0.00253076860408682,0.000137959430029732,0.000543594644311074,0.000411697446937285,0.000425826022181856,0.000624646556143541,0.000717291581743292,0.000524613294692179,0.000767459153148665,0.000445544653191986,0.000597849092332108,-0.000236969829300823,-0.000438654133096655,6.10079995701463e-05,0.00078857661650083,0.000770346343292407,0.000522423859180847,0.000522409505683365,0.000655656346791464,0.000240766438106288,0.000796470128805085,0.000373802019043675,0.000464073459730605,6.76130431859194e-05,0.000304689421623997,0.000541896400410614,0.00059199279701211,0.000122436921257034,0.000903875395108324,0.000342461080335643,0.000943543927640128,0.000587619350685609,5.89464235308443e-05,0.00032450635857474,0.00109537108901414,0.00111246264836585,0.00100032283845137,0.000976436188848483,0.000888715367148955,0.00169465758539032,0.00214560896070972,0.000393115142604383,0.0014502874622234,0.000159645536671335,0.00408212697159224,0.0097203778555435,-0.0284401114694204
"485.688",0,0,0,0,0.0644471261749205,0.00267785515061215,7.32618371149405e-05,-4.85395418110305e-05,2.86170631105712e-05,-0.000141984885019176,-0.000258373309189625,-0.000239053812634358,-0.000219299699928128,-0.000267358952061088,-0.000274012725834291,-0.000674782801826338,-0.000403537577656439,-0.000837948250796909,-0.00067983900293035,-0.000633603673569576,8.94192228450939e-06,0.000140099921842732,-0.000645498933704241,-0.000236614011544889,-7.19985389269558e-05,-0.000342455259543949,-0.000291635375709482,-0.000412760141006219,-3.58960873260948e-08,-0.000203223894979378,-0.000387377508189818,-0.000550674127971683,-0.000165303466570407,-0.000283740956053954,-7.98478072052292e-05,-0.000510352772261835,-0.000344623570509107,-0.000672711448569444,-0.000383924813455403,-0.000849696488983075,-0.000862391624095168,-0.000411883480121726,9.39167027874756e-05,-0.000778939917125803,-0.00138831564921326,-0.00023360920646401,-0.00197362164486885,-0.00172820589946717,-0.00214171761775666,-0.00147483185291526,-0.00324509638189349,-0.0173625732108563,-0.0546725872974443
"490.333",0,0,0,0.0659742256880466,0.00494319207262842,0.000306630466128984,0.000399383000487641,0.000334905056155446,0.00047247927459921,0.00039606055349125,2.45873105049795e-05,0.000641856127300457,0.000719379842799569,0.000579518262374565,0.000280915262252832,0.00020821154284955,0.000203221306767906,-4.01263097921482e-05,0.000169851542806547,0.000311495031024822,0.000390874377817757,0.000140501644406233,0.000480447909892399,0.000380591870580744,0.000288822909141088,0.000335151975767028,0.000322617800325041,0.000214275621040345,0.000557092168772889,0.000557657398482548,0.000700803957036052,0.000365024471501544,0.000345940435887311,0.0006600260178991,0.000437438245723301,0.000209540998135967,0.000229857180072621,0.000355545694250768,0.000620970387123815,0.000693160210338041,0.000392323771837646,0.000679242841184298,0.000267596971822706,9.17354136437047e-05,-0.000445441447643928,0.000765041178591718,0.000100959526229698,-0.000880654151030736,-3.87464513069426e-05,0.00100553170296059,-0.000824260704617099,-0.050900811451425,-0.0282302961375837
"494.979",0,0,0.0792469998960727,0.0046493216348777,-0.00046365238981193,5.21379804726384e-05,-0.000158224928699505,-2.21992957065881e-05,-0.000239477942822618,0.000203337942716605,0.000370787825972917,-0.000269050961016392,-0.000430711919872357,-0.000588088353009053,-0.000202497139666161,-0.000516225811506271,-0.00105833128373026,-1.35285084326593e-05,-0.00092140732592647,-0.000784858637762013,-0.00034463992777211,-5.28366046481077e-05,-0.000602585934281202,-0.000465023775832227,-1.60496468133426e-05,-0.000553167693193408,9.73396954594878e-08,-0.000566104382382114,-4.57733745438866e-05,-0.000452024338086833,-3.08771676899421e-08,-8.19404839628805e-05,-0.000263026495466779,0.000107325236342747,-0.000461336574696026,-2.50467699484163e-05,-0.000344900127963866,0.000130956907790412,-0.000206976805091682,-0.00127056093977223,-1.99435023908405e-08,-0.000982210338532018,-0.000534743477454101,-0.00152940966640786,-0.000676954664913457,-0.00080736614078389,-0.00222893343103967,-0.00385464936085684,-0.00394347802649417,-0.00237521141786944,-0.010682870032222,-0.0670545257774724,-0.00831634440596256
"499.629",0,0.0747932912339776,0.00553590555562738,0.000418396160297563,-4.28317387633544e-05,0.000168761564419902,-6.40755151666906e-05,-0.000165010572792755,2.38532118814621e-05,-0.000158151945099189,-0.000413528283615417,-0.000170873131882638,-0.000529612980816395,-0.000419681019075627,-0.000398239067923635,-0.000450942384752538,-0.00040627721143161,-0.000358451558453877,-0.000729992843423139,-4.72335500892418e-05,6.45714224160956e-05,-0.000113717631723895,0.000356109652031852,-0.000572150317649752,-8.78480007420425e-05,-0.000426469385853482,-4.58617271262243e-05,-0.000411110153597193,0.000166998749289051,0.000142421909163721,7.40802574958063e-05,0.000148023860723601,0.000141940048452435,7.7034823656868e-06,-0.000166159900967711,-1.65482585418155e-05,-0.00043115562591107,-0.000549175932319141,-0.000353016586306358,-0.0004075519933554,-0.000636192730804419,-0.000736134956555006,-0.000412183105040663,-0.000243337736003375,-0.00117022768823588,-0.000888059720251382,-0.00163865612317112,-0.00196377679032308,0.000875090652338592,-0.00146794626546232,-0.0189133226338195,-0.0441033276482637,0.00269068013525484
"504.281",0.0813733581999639,0.00616457221968911,0.000130590801117365,5.75483880020243e-05,-0.000355234496917054,0.000214417127116097,-0.000103520288147727,2.98216625238507e-05,7.73541311354132e-05,-5.9417205194943e-06,-0.000157017860728806,2.95767167048796e-05,-0.000125457545132942,0.000227960349723139,0.00016383387397054,-0.000812032141355239,-0.00025057397397191,-0.000114473145024431,-0.000623801027883771,-1.89247892507252e-05,0.000389477814456147,-0.00021882882163362,0.000173995074491671,-0.000404120421174162,-0.000215814006072747,1.54811163237876e-05,-0.00023720413700622,-2.29912791279638e-05,-4.56241699959163e-05,-4.5030173119245e-05,-9.66683154756667e-05,7.3963011563839e-05,7.36553924890587e-06,-0.000122361236197177,0.000126720874431728,-1.66671082458142e-05,-0.000149929625496018,0.000205000317422641,-0.000500620832044057,-0.000188326859100355,-4.47736981225179e-05,-0.000664415289014115,-6.60470771340702e-05,-0.000197788020278212,-0.000141353473009015,-0.000867792698821017,-0.00166708486989271,-0.00187507240268756,-0.00217478127164058,-0.00770413772405017,-0.0397268881799497,-0.00996669398590316,0.00344429318103427
"508.936",0.00893864447897035,0.000143149001572818,0.000599205982518776,0.000408466337246779,-0.000240343733926557,0.000413784970307813,0.000170883426280184,0.000254129595376795,2.35942840701966e-05,-0.00013509965804651,0.000143165885043819,-8.17168843655181e-05,6.69957163717035e-05,-2.43996744334601e-05,3.92056981286196e-05,0.000236836094512254,5.9769168628918e-05,-0.000315734709783885,-0.000212798924664585,0.000411830201845017,-0.000424624265199631,-0.00013061532829625,-9.53782608561405e-05,1.65022762885144e-05,0.000143089272124703,-0.000169998745851549,7.58782975104645e-05,-0.000113842991765196,-2.26588586234481e-05,-6.72037896205941e-05,-0.000221703574444619,0.000568447076059967,0.00013391312756158,0.000418122307906442,0.000196991125499182,9.97050136129415e-05,-0.000464564361060381,-0.000166850054199939,0.000117154466169629,0.000613871595518694,0.000210876957686462,-0.000372590199312538,5.34357089385167e-05,4.18768653063259e-07,-0.000564844851431874,0.000420808179143998,0.000750478452625825,-0.00147477320026011,-0.00421255717583575,-0.0105120363607374,-0.0268546219729286,-0.0015714879163342,-0.0145526164331105
"513.593",0.000469448226474792,0.000200068764116259,0.000198560656589235,-1.62232124437818e-05,0.000280715682702089,-0.000147883461643913,1.44118714313307e-05,-6.02206644281534e-05,-0.000163500051341157,-0.00010620113314731,0.000105281697411478,-0.000500950583556886,-0.000277087245821574,-0.000269195065485457,-0.00018083684387893,7.16500450763666e-05,-3.11176520018219e-05,-8.03474263532531e-05,4.40721087963301e-05,-0.000512017147245508,-9.16964022282805e-06,-0.000242311522690023,-1.71873519763378e-05,-0.000216544026115592,0.000126368982543347,-0.000299249307055362,6.05901929003033e-05,-0.000112878103785407,-0.000375856241575586,-0.000385967088828205,-0.000117459233792349,-0.000278662857416203,-0.000325924043297846,-3.77429086375924e-05,-0.000148904378952422,-0.000107335423206508,-0.000418091371646543,-0.000101376788735259,-0.000485387788220263,-0.000713874917810794,-0.000198771648728068,4.78267129070799e-05,-0.00053975303655632,-0.000421632062007474,-0.00115883793608247,-0.00117227653064705,-0.00099942254007181,-0.00152573714408983,-0.00491425890060364,-0.0271843505144391,-0.00216230112824869,-0.00232862888876209,0.0026646841664617
"518.252",0.000105711361745002,0.00024645861892649,0.000292034538855815,6.47124150118197e-05,0.000467945646887867,0.00051806143114251,0.000372248342367375,5.94704841685832e-05,2.83889445410256e-05,4.41879732271953e-05,0.000109937838000936,0.000494339990844833,-0.000173001496500199,-0.000350759016821821,-0.000306413706250488,-5.08728215275889e-05,0.000348816282140075,0.000183462366390915,0.000227993708803929,0.000425948743231696,2.7068208655889e-05,6.87580863112275e-05,0.00035927315510001,-0.000141191515064657,0.000125522377496548,0.000603330220262519,0.000301099104496944,0.000307298825891269,0.00038139275955003,0.000420925618463316,-0.00014634891054482,3.61960559909647e-05,0.000125108375878649,9.01331309656968e-05,0.000350583040440697,1.64645333903316e-05,0.000181960759204392,0.000110053332307007,0.000367045639992836,-0.000185401615047437,0.000120629277638307,0.00016631582636267,0.000144677581390923,0.000360573086920089,-0.000366584590188114,0.000166184146721403,-0.000425768237536676,-0.00136983544217785,-0.00638815566515172,-0.0128266860027187,0.00370777065419433,-6.79817922605644e-06,-0.00232851027008335
"522.914",4.2062026416376e-05,-5.6648560278564e-05,-0.000196555047248943,-0.00011242764730342,0.00028470299597058,5.08588609368909e-05,-4.82196412767862e-05,8.04286913763467e-05,-0.000370662448783047,-0.000149055632958823,-0.000198616583315385,-0.000188555240430431,0.00011100043088654,1.0086072500845e-05,0.000244841244785309,-0.000235818113934132,-7.54319198894882e-05,-0.000285902196694821,0.000148245517743493,-0.000635256223463623,0.000281301427294631,0.000222682633679797,-0.000144607592927179,-0.000601470652789277,-0.000421971339856185,-0.000387312243298455,-0.000209568002419498,0.000507194937283363,-6.6909912998567e-05,-0.000425887174377564,-8.71180475002979e-05,-0.000123259776080371,-0.000505287380029665,-0.000314078973351307,-0.000294483249089977,-3.2669094234615e-05,0.000353439918210479,0.000191448454699202,-0.00027854114620358,-0.00015351642836368,-0.000142011723721721,-0.000106363008978981,-2.58527743407374e-05,-0.000297887845352621,-0.000468608648595032,-0.000642252461524306,-0.00133483861469054,-0.000538758680861874,-0.012541693253563,-0.00898645298842454,-0.00243896988145562,0.00367803574418985,-0.0207769089210985
"527.579",-8.49066342616068e-05,-2.58533919620047e-07,-0.00033335630193265,-5.61638090317948e-05,7.62700568975706e-05,1.90535420065869e-05,-2.90301442503807e-05,-0.000280171217472962,-0.000204603208552066,0.000252851045055097,-0.00028876533187962,-7.4452063330243e-05,-0.000432338740562376,-0.000455199207522686,5.74877290275107e-05,9.27028088822813e-05,-9.07162264437329e-05,-0.000159082428792352,-0.000444622625610833,-0.000672393439071791,0.000117623604187216,-0.000402263459216757,-0.000476648895841227,-0.000560356324838225,-0.000414496492589976,-0.000364522853034519,-1.51333779418535e-05,7.44784134863662e-05,-0.000498199266325546,-0.000212958929005682,0.000152526500060932,-0.000203430285644076,-0.000271298343819553,0.000508355954257898,-0.000348905391961399,-0.000391778561259863,-0.000155282702134783,-0.000255234800146912,-0.000163335031515334,-0.000174010353702296,-0.000469980940152868,-0.00013005317650051,0.000352258458018381,0.000194298863531543,-0.000971585577118683,-0.00213311437018561,-0.000201984876564286,-0.00437464137748227,-0.0114528041066848,-0.00379758364852767,0.00269090716466432,-0.0102811799118139,-0.0309612148050472
"532.245",-1.1002835617398e-05,-0.000340263783791624,-7.7134762421322e-05,4.02311030767955e-05,-0.000361510011796591,-6.99978324503026e-05,3.36674189240085e-05,0.000114484769916634,3.27146838957217e-05,-0.000168932124999456,-0.000207879107382809,-0.00045016507407547,0.000113035681898703,0.000133305764853665,0.000230825883572468,0.000107121762689188,-0.000242163655216767,0.000111577490835067,0.000244250156235663,0.000221081424101085,9.08783728675266e-05,0.000470957065686825,0.000366207078987521,0.000272078914971779,0.000226908409812612,0.000227818430854624,0.000134842566158382,0.000171434787418955,0.000290135730187846,0.000227745921294536,2.91464117982272e-05,-0.000152643332150888,-4.39635620212154e-05,0.000321699419767607,-0.000255983415609127,0.000237006232594012,-4.31067382968802e-05,3.64867148089703e-05,4.80443600299733e-05,-5.12142803546481e-05,-0.000240634875916711,-2.36746920577124e-05,-0.000938589918494567,0.00059730612061241,0.000696319941552048,0.000517481123577692,-0.00186835135634023,-0.00682746119242394,-0.00608278609506663,-0.0043758520261239,0.00179561769647632,-0.00968743817521553,-0.0208133515260366
"536.915",-0.00025631695073269,-0.000409629311241059,-0.000474292605778136,-0.000421390180662974,-0.000413558767904712,-0.000397782474006357,-0.000630888257208018,-0.000167226460510566,-1.78971568287872e-06,-0.00017393460089386,-0.000592574332286365,-0.000318016621322454,-0.000569876522497288,-0.000308124065766566,-0.000116772418835127,-0.000288377598980237,-0.000891554042086228,-0.000264831882099848,-0.000475026718725573,-0.000724892961564261,-0.000421217790236136,-0.000924038906679087,-0.00109909548815549,-0.000590256014381922,-0.000536300780095011,-0.000406129130843227,2.27344144289387e-05,-0.000466532136374283,-0.000352588722393668,-0.000177817094975645,-0.000681894369157415,-0.000351638820016452,-0.000450923743665004,-2.26757324692933e-05,-1.56105711317793e-05,-0.00041187186109659,-0.000426215877910888,-0.000165559116308674,-0.000658953509401186,-0.000588612977250586,-0.00045213541261221,-0.0010016677979357,-0.000499408365103975,-0.00126293640365931,-0.0013131061159527,-0.000585529975789613,-0.00160431931082354,-0.0108537216813198,-0.00256632818856655,-0.00524536637456595,-0.00196324555943498,-0.0164334898065218,-0.034602934253522
"541.586",-0.000561140360066733,-0.00043345028056951,-0.000697653786359761,-0.000713055949576011,-0.000439523601723712,-0.000194670647182209,-0.000323966258795327,-0.000277988657202691,-0.000222978310253022,-0.00062265131063168,-0.000362342763923971,-8.18793934193583e-06,-0.000389240822798717,-0.00046350367859539,-0.000331583042586598,-0.00045919331521609,-0.000832712949339667,-0.000608551490107482,-0.000489316961535185,-0.000498247129881746,-0.000453852373186211,-0.000235874498763813,-0.000590661362439486,-0.000294438336089582,-0.000518534692850647,-0.000790215645486279,-0.00064164537352572,-0.000228178425789148,-0.000500801673270513,-0.000112403507010175,-0.000422593813153007,-0.000459412604513535,-0.000336397178899532,-0.000457861860883185,-0.000743514947073255,-0.000466554144706388,-9.68695602579433e-05,-0.000186044353726876,-0.000499833719837015,-0.000543161431318667,-0.000290029714596298,-0.000373865029216053,-0.000983594227073378,-0.0013225142950648,0.000178648255023183,-0.0014388308215003,-0.00326878463513269,-0.00449309245812902,-0.00224731604294465,-0.00346532164037178,-0.00371912884978567,-0.00519890651964583,-0.0292128985112382
"546.26",4.31376675822358e-05,-0.000164921089772262,0.000403667708368569,0.00023921574587528,-0.000363847295180934,-0.000235101416093658,-0.000133638216860113,0.00028520846209919,-0.000246993511485596,-0.000114229237150221,-2.65366118952358e-05,-0.00021700978446614,0.000125126061369739,-5.37253905429725e-05,8.15287240535838e-05,-0.000132220643470864,-0.000372524855850062,-3.28339562643335e-05,-2.68583561284347e-05,9.47667454971066e-05,-5.60111411951315e-05,-0.000149493166839899,-0.000340929296258216,-0.000296121954393756,-7.21844786104409e-05,-0.000171627287718892,6.91031613842335e-05,5.36239412043109e-05,0.000251995038370908,-0.000422279984492778,-0.000231227657615638,-0.000432354479130404,0.000135327801045507,-3.07317112245536e-05,-0.000318374978550985,0.000528237444495636,-7.97548220467493e-05,-0.000102982929942592,0.000128218169615621,-0.000105155810586888,-0.000381596932604121,-7.28786664445073e-05,-0.000414542552701603,-0.000228447716488461,-0.000462699496644731,-0.00139319804866121,-0.000891159548386228,-0.00158514807246192,-0.0015334499247958,-0.000844287459905758,-0.00406379852214237,-0.00207289215988042,-0.0127593209970881
"550.936",-0.000153244563413306,-0.0003613766946393,0.000433198204768885,0.000166244959907485,-0.000603696997636776,-0.00012502895664227,-0.000220082636049567,-2.69976941344122e-05,-5.71152620115582e-05,-0.00023664031598333,-0.000159222973015019,-0.000150641965691224,-0.000102558620345082,-0.000277296440200324,-0.000358503312752474,0.000332508550575458,-0.000257941292043885,-0.000312723618480245,0.000360829532611437,9.52836677182954e-05,-0.000413474150048528,-0.000230340424078425,-8.8216990555305e-05,0.000255690050559156,-0.000412512737333776,2.36243034394214e-05,8.51018571059565e-05,-7.79052601904594e-06,-0.000553953321324078,-0.000243146987281164,-0.000293142150794966,-0.000240435982340538,0.000212212733363007,-4.64656213282201e-05,0.000457017263818613,0.000253446956457728,-8.91976209554934e-05,-0.000150923106416792,-1.34052838667709e-08,-0.00031777730207585,-0.000588041145376598,0.000146650054241356,-9.31874860889913e-05,-0.000831716744574783,-0.000516695662660861,-0.00428769891804373,-0.00147934498584266,-0.000429465241164222,0.000192009121096427,-0.00409825781065369,-0.00921560516217022,-0.00762856750675772,0.0245166026892416
"555.615",-0.00117213568070608,-8.81852116865144e-05,-0.000531251362067029,-0.00042447123630715,-0.000532735306300711,-0.000177986618910915,-0.000176951183371891,-0.000164753397068024,5.38613101135413e-07,-0.000195147276312496,-0.000165580546701825,-2.27656275521803e-05,-0.000339718638331164,-0.000223608247346285,-0.0004037232159712,-8.13055562529123e-05,-0.000218790866785716,-0.000436709902401814,-0.000804043268223072,-0.000706409486367054,-0.000733418763777963,-0.0009488759364107,-0.000405572139596457,-0.000537730531363918,-0.000704604628104834,-0.000353993604273566,-0.000139627013350202,-0.000424735515508494,-0.000516216274684817,-0.000213017407679992,-0.000466674644350599,-0.000233427693198734,-0.000151787422842685,-0.000201531222527725,-0.000273075810337111,-0.000194494290054333,-0.000428741967471059,-0.000538447345737986,-0.000218964705513456,-0.000498549485902131,-0.00054350822368707,-0.000147007656408149,-0.000174404824973204,-0.00114178719139045,-0.00280143906141037,-0.00266622200724567,-0.00140519409250759,-0.00208495924651215,-0.00405966730834399,-0.00804505354398033,-0.00569391072077632,-0.00937921592996512,-0.0120883422269422
"560.296",0.000516728880293633,0.000608973102025416,0.000160100082584515,5.01374458683991e-05,3.60690583665186e-05,-1.34695416289209e-05,0.000526747828415312,0.000476533127799834,0.00042407058172213,0.000361669515330509,0.00027428884132695,6.07007802942405e-05,-0.000166479316711879,0.000155203859519135,0.000533390466725276,0.000327135656020829,0.00057390276186197,0.000537836275872582,0.000635147086789913,0.000306830753620753,0.000632664905625967,0.000222761228994646,0.000389809473607468,0.000137336921593029,0.000382252844822622,0.000316071416565236,-5.44224538214042e-05,0.000217193764437498,0.000410171360754148,0.000206331432304075,0.000189193385569612,0.000332581579249506,0.000343204107546881,-0.000178968337422677,0.000250162089984712,0.000365286907945508,0.000161517853353443,0.000284616348122838,-0.000129889718972421,0.000489877060210479,0.000500244161633029,-4.93129538402782e-05,-8.00598491108007e-05,0.000236554873414868,-0.000990924191847736,0.000823995812811229,-0.000105895992999424,-0.000154340574460441,0.000231870043479378,-0.00378660579813955,-0.00548136774914997,0.000642975445307841,0.02233123784362
"564.979",-0.000677062263520014,1.96936003120473e-05,-0.000134632099839563,0.000312126836867348,-0.000270487234201992,-0.00036772751311679,0.000223729566442045,5.15085042202424e-05,2.44971592524372e-05,-0.000214795163111238,-6.4901468750537e-06,-5.35716676356519e-05,0.000704637996553999,-3.93980945127949e-05,0.000257687459817546,0.000112675602920161,-0.000349393965585518,0.000158634926505166,-5.49510804883985e-05,-9.88199363507455e-06,0.000314401594459872,-1.797920492814e-05,0.00038410240470244,0.000372107766309562,0.000180480864258812,-0.00013558315952848,3.14312589536516e-05,-0.000344542943939045,-0.000218658924392774,2.30745157556471e-05,0.000221007178030797,-3.07899578927749e-05,0.000200067073421565,7.79485143416933e-06,-0.000171090679579198,-0.000514396204086155,0.000307631197530499,-0.000153176694441343,0.00059498652922915,-4.3031547418861e-05,0.00044698302074596,-0.000173991151063651,0.000234178899491175,0.00072741200420711,0.000289480029747574,0.000517179348435051,-0.00163525130004424,0.00149042906449969,-0.00262804699132241,-0.00603452768062916,0.00360189102100748,0.000482145143654917,0.0114642996648881
"569.664",-0.000122954192924301,-0.000469217168081267,-0.000687024360647774,-0.000492701389348404,-0.000133699946979999,-0.000323398012467724,0.000110088608423548,-0.00012159691115231,-0.000151003461163336,-5.85698118230321e-05,-0.000123115006513833,-0.000300099489429275,5.6710035926691e-05,-0.000401186020752229,0.000175559020872122,-0.000332302313486472,0.000135662693124244,-0.000125975786800774,-0.000599469326982926,-2.92107217910444e-05,-0.00031687532026473,1.81264843087862e-05,-0.00048600861664166,-0.000130760110891258,-0.000248046845613411,0.000216808917950182,-0.000514698204612613,-3.94291679685172e-05,-0.000204451106286475,-0.000124242820326536,-0.000230603381518052,-0.000775459671371012,-5.41813323281297e-05,-0.000276844486852478,-4.89415283866785e-08,-0.000405879485892831,-0.000455724025607548,-0.000356796871601633,-2.03390140365634e-05,-0.000530484800968324,-0.000636236443473112,1.22440051864374e-05,-0.000534341572492309,-0.000292674824279054,-0.0020306467754759,0.000130826695436737,-0.00198553414610045,-0.00137717933533876,-0.00205854467999791,-0.00673835700910162,-0.00507841031759964,-0.00502907425253973,-0.002779783508409
"574.351",-0.000642861073095008,-0.000674732224307161,-0.000173430604812815,-0.000316746874632737,-0.000387618752975068,-0.000427781746079115,-0.000108299283359137,-0.000176837075587706,5.04563363700061e-05,-0.000488991760933446,-0.000464519267864707,-0.000155469076718383,-0.000415064200577331,-0.000349107143204503,-0.00043909392251511,0.000274200747984522,8.02988203525334e-05,-0.000322563449263104,-0.000613928563489493,-0.000245858517934737,-0.000242126868360564,-8.2366409686867e-05,-0.00029074718759673,-0.00029014083471487,0.000166480604679155,-0.000315906238618969,-0.000503247765812843,-0.000334156496549383,-0.000111100476455942,-0.000344710470650427,-0.000581395385943265,0.000139152250037618,-0.000508332233783679,-0.0005506714734737,-0.000330863645678215,-0.000635782440808413,-0.0002760564052552,-0.000389038230126628,-0.000389398252653107,0.000218185637858409,-0.000152661839530113,-0.0013872226057498,0.000423934542269591,-0.00268361363449313,-0.00115338991274458,-0.00130366516055831,-2.93624260906734e-05,-0.000916439757036301,-0.0050635068262061,-0.00631021984223111,-0.00147467434629601,-0.00997982702483338,-0.0108554004730237
"579.04",-0.00015924624564637,-0.000294689426538389,-0.000331621201589522,-5.12727587298973e-05,-0.000368631786637878,-0.000397155936028188,-0.00013473678018031,0.000146084034797255,-1.54368925504773e-05,-2.37078979013116e-05,-2.63936839285764e-05,5.49592021271521e-05,0.00024631476568705,0.000328552501552995,0.00019414611539734,-0.00010764353764774,-0.000260138229918109,-0.000359069216417914,-0.000197097920306236,6.95509233690564e-05,-0.000263609926702392,1.85430385652817e-05,0.00014666349680488,-0.000452497368163754,0.000142913513827874,-0.000106186111632862,-0.000233604095255231,0.000248609972861779,5.60465131072937e-05,-8.69258552955809e-05,-0.000164295231439058,-0.000492105969345879,0.00059144243397718,-0.000257528160840351,0.000108525566938919,-4.39374828108598e-05,-0.000556613810975832,0.000245343957232894,-0.000423892213270092,-0.000297607199109926,-0.000565625913592891,-0.000114934544196083,-0.000533746018952425,-0.00038805639134426,-0.000690414807993772,-0.00111472867977957,-0.000612803468039605,-0.00334611700158293,-0.00454568965854044,-0.000995930782390636,-0.00245202623068162,-0.00247597776565533,0.0101052464901762
"583.732",-0.000607179696824153,-0.00118676094170486,1.72245545645355e-05,-0.000852057469483883,-0.000761300530508847,-0.000241169682904572,-6.27098335435105e-05,-0.000151850494269352,-0.000380964208504899,0.000382610998764078,-0.000252578103405474,0.000102221829888153,-0.000330632982177473,0.000136675662726436,-0.000445764505946708,-0.000216736973584906,8.17422749151196e-05,-0.000697614156632219,0.00043446836685045,0.000249246163492548,-9.84241732062473e-05,-0.000463666538440628,-0.000433370408566046,-0.000205574173478321,-8.48871024870417e-05,-0.000312629595247062,-0.000592071415904575,-0.000274769902899758,-0.000177228530481299,1.58255271923842e-05,-0.000425139897631512,-0.00024386792376919,-0.000452515913955057,-4.85721612564652e-05,-0.000310877677839629,-0.000221043639608489,-0.000551103218829187,-0.000187642527056847,-9.37417040077828e-05,-0.000776467425425058,-0.000308987794816198,-0.000284337381839302,-0.000319101349464085,4.72823643257528e-05,-0.000563362825975342,-0.00190706195519485,-8.34477887167798e-05,-0.0045234252996533,-0.0027129770924802,-0.00116983026662058,-0.00035003732248096,-0.00980427100708721,-0.0395565456843779
"588.426",-0.000472161953873863,-2.20949074623373e-05,-0.000429694925673944,-0.000777977185010716,0.000143359051471535,-9.00247312093167e-05,-0.000151860174723039,-8.78998915580331e-05,-0.0002275684721259,-3.00432364815883e-05,-0.000246990878827672,-0.000633713004886531,0.000265843118064297,-0.000502107866854816,-0.000157067552987921,0.00010897242058463,-5.71274897017908e-05,2.62070060033116e-05,-0.000569648457210626,0.00015039286539465,-9.9244291261724e-06,-0.000428530557089511,0.000250252880924318,-0.000152334822438402,-5.94579458517326e-05,-0.000562200545839587,-0.000513588638365443,4.06236406383444e-05,0.000137702132581316,-0.000351766305978664,-0.000355865568865426,-6.3021558169133e-05,-4.76697311825844e-05,-0.000521096732392711,0.000126612639337028,1.769143320865e-05,-0.000337749973397877,-0.000148908229335259,-0.000136016464930743,-0.0001117604976682,-0.000393948274117892,0.00108580354396511,-0.000187159333210563,-0.000664115375650667,-0.000642553951699473,0.000585977945717373,-0.00100010400876029,-0.00412831522507172,-0.000326469182206017,-0.00157022139682678,-0.0041657100843839,-0.00617737991543268,-0.0163878877852061
"593.121",-0.000683719627121739,-0.000250839096085614,-0.00034771131401428,-0.000325039940923031,0.000106252764114443,4.17221688797291e-05,-0.000131660786490043,-0.000120828033590611,0.00032755193554483,-0.00027190894505781,0.000248155169512321,0.000230767499044608,-0.000325437104607804,-0.000643427523895666,0.00056845714162967,0.000594101247809276,-0.000115664397780455,0.000356496784452086,0.000190816462134992,6.05692435671992e-05,7.9343335695338e-05,0.000177925975621501,-0.000596118736010487,0.000802474396496454,-8.52984005257534e-06,0.000108000363972385,-4.92381470915213e-05,0.000130466634942148,5.6932270964156e-05,4.82248931014902e-05,4.75961286424506e-05,7.63608964287227e-06,-0.000465051094797027,0.000703801816280991,-0.000288489999944256,-0.000276879514018895,0.000179111758705752,4.98992426137919e-05,-9.47584326646195e-05,-0.000213214757489631,-9.19710113776676e-05,0.0011516657711539,-0.000152351905843933,-0.00105982261078997,-0.00163391755760203,0.000611494364713714,-0.00233669582920077,-0.000457406184691374,-0.00138884192860542,-0.00078764585640682,-0.00444971183425842,-0.000337233734848511,-0.0131771222526182
"597.819",-0.000526463418205434,-2.40531766617213e-05,-0.000725436639997162,-0.000583600503884612,9.15758471295459e-05,-0.000371078726976364,-9.01361247513217e-05,-0.000210378072042523,-0.000450041295552623,-0.00022497321654019,9.41426323508367e-05,-2.41781142373544e-05,-0.000134478526880097,-0.000229802570061303,-0.000580022451316367,-0.000149776040090605,-0.000515967796332493,-0.000140385544469333,-0.000489569252234855,-0.000162716194154777,-5.02118454487759e-05,-0.000113152320102043,-0.000140788686331984,-0.00011800507606574,-0.000241177435920946,-8.40074374502446e-06,0.000255350300834489,-9.06135986985047e-05,-0.000122878268055786,-0.000218363363886337,5.57201263738778e-05,-0.000527632150202287,-0.000290559383574662,-0.000494140541591743,-0.000196607606241786,-0.000413373133745953,-0.000114275731704303,-8.02685472792515e-05,-0.000454978802243311,5.5757791991315e-05,0.00105270534369522,-6.18608107253171e-05,-0.000298447136978916,-0.000852555473490164,-0.00110823763390588,-0.000205884843872564,-0.00518306011518269,-0.00143534470006237,-0.00119196069053791,-0.00260645528995184,-0.00653514583713829,-0.000848398337229382,-0.0435345054487702
"602.519",-0.000343639702041844,-0.000243071801484557,0.000113466115264644,0.000258521366262616,0.000231229448688048,0.000197579294136055,6.40375822680603e-05,3.78255427170552e-05,9.48684031771007e-05,0.000269578272104409,0.000190502773303103,0.000112974869020006,0.000304482406837357,-0.000503716563643518,-3.99439963774826e-05,0.000158449152742301,0.00014269894532063,4.42751784432057e-05,0.00017415456438469,-0.00030676418720141,0.000382782586712913,0.000227975536693762,0.000160579744149725,0.000484832770751328,-0.000121366532872217,0.000320178872624923,-4.15572617355134e-05,-0.000372223446544939,-0.000305263944816171,0.000154824801442897,-8.07783171652552e-06,-0.000144912303822591,8.13179749241409e-05,-0.000240541897193052,-0.000111794514755166,0.000462130546116925,0.000411162256221266,-0.000192189480316168,0.000234255426899141,0.000962841889303014,0.00121049006675551,0.00105826097394363,-5.69928472478464e-05,-0.000363456145955501,3.91045945268003e-05,-0.00154086358279255,-0.00168814544257082,-0.000558739077550593,-0.000248590315664571,-0.00114250682236942,-0.00108186479299347,-0.0011903517315812,-0.0196176870368339
"607.221",0.000174062080485916,-0.000222995210837816,-0.000229814824216893,-0.000215805802402742,-0.000108972691858722,0.000377348334940753,7.71708077898747e-09,-3.33020396895542e-05,-0.000127827967377346,-0.000129907559085949,-3.44607757823387e-05,-0.000154686172700033,-0.00035004400111863,0.000174709443710551,-1.63121710073743e-05,0.000519737386050568,-0.000101720314683368,0.000338023887349628,-0.000634541770340766,-0.000382118872435512,-0.000528704854827494,-9.65201537462712e-06,-0.000409851250775851,-0.000166179358351072,-0.000218879415387499,-3.39912140841963e-05,-0.000150943458592376,0.000266891123774153,0.000332996192707794,-6.5798772934496e-05,-1.07828018805164e-07,-0.000113940459820566,0.000147364437832087,-0.000368541117218131,-0.000512215531631093,0.000164613020188231,0.000144345734161415,9.19069136813178e-05,-2.17816482154804e-05,0.000941453564184846,0.000982612620543596,-0.000371180936304932,-0.000466192972255662,-0.000683768554461072,-0.00208009003348145,-0.00285389846461812,-0.00393440931693201,-0.000828284946970743,-0.00204695345687053,5.83314271310747e-05,-0.00109328096257337,-0.00240402867443311,-0.00885747674595267
"611.924",-0.000217392808153593,0.000629144650385354,5.79224633934628e-05,5.45018635678921e-05,-0.000212047896924992,-2.15672968251836e-05,0.000114131539543169,-2.88737006711973e-05,-0.000263277638132223,0.000106146510950082,0.000284014495585173,-0.0056353736952588,0.000370584268350558,0.000125899016276037,-6.52531787441028e-05,-3.23831609915901e-05,8.7286047268465e-06,-0.00045822210985519,0.000374506744528882,-0.000114629367139443,6.1554690293889e-05,0.000502970519107282,0.000384522720749591,-0.000894357307365363,-0.000353343343686414,-0.000188770380619101,0.000448348341709046,0.00024415566483576,7.56338112170799e-05,-0.000107925440396303,-2.48301090921524e-05,-0.00040199177418399,-0.000240175195241736,-0.000118486928193727,0.000289114557352226,-0.000193772106438299,0.000379603137095557,-0.000432790344830959,0.000563559368984114,0.00252783544644582,0.000226178029876997,0.000654504064457759,1.54053655604066e-05,-3.32616380446035e-05,-0.00125434158732339,-0.00292855734258318,-0.000283283491524808,-0.00137118455862993,0.00244572688395757,0.00157284875941906,2.68646245518483e-06,0.00155715833395704,-0.00172359892833382
"616.63",0.000373790948716836,-2.18430191751822e-05,-0.000322361484431055,0.000128559421981566,0.000174604007028251,-8.72278923566734e-05,-4.94925720270295e-05,4.84403980369818e-05,-0.000135722347395619,0.000353421557226598,-1.38298814552553e-05,0.000290970621713873,0.000383434839723587,-0.000322956444186444,0.000131947567115522,0.000114269599163578,0.00018975539949165,-9.23217790405897e-06,-1.99421844260673e-05,0.00030524366379772,-0.000321449023193699,-9.76783162375314e-06,0.000427987579309139,-8.47839288712962e-05,0.000205517475582108,-4.34107332767589e-05,0.000248116095447082,0.000110794838168147,-0.000246445228342568,-0.000184660853609661,0.000207607539289201,-4.99206395843295e-05,0.000242650528356318,0.000410326085117738,-0.000141916140510338,2.80620991701674e-05,-0.000197593913883222,-0.000520985181333383,0.000346677570296515,0.000966127852687168,-0.000665626926106368,0.000162000871000392,1.54988182230755e-05,0.000136936760459414,-0.000829198525537062,-0.00343405838430184,-0.000395916620376518,6.73726860960539e-05,-0.000298415454383736,-6.46695232985555e-08,0.0034414284383057,-0.00683821253774794,0.0137606831719774
"621.338",-0.00035344345349742,-0.000380696292785535,-0.000305239198491822,6.47684881319057e-05,-0.000672149152581497,-4.39601109092332e-05,-0.000205043348803606,-0.000303128136748754,-0.000350491358062474,-0.00041981438908977,-8.50155498210057e-05,0.000159234370284928,-0.000571078608908468,-0.000514374548763603,-0.000282782672775047,-0.000205746768420355,-0.000487251753457712,0.000109810016873637,-0.000130567914377969,0.000286098572683322,-0.000188162411443355,-0.000118466879914788,-0.000127482134545157,-5.67722156035916e-05,0.000180059924315581,-0.000227471361735163,-0.000112128267526034,-4.30116135097383e-05,-0.000496846892409316,-0.000355280297837439,-0.000125493026053398,3.31588214348521e-05,-0.00044754356216505,-0.000448144309279312,-8.05197617236135e-05,-0.000150300397447128,0.000237509147819277,-0.000430462632513166,0.00128518107040534,0.000876014460356081,4.97038969528368e-05,-9.54105867376159e-05,-0.00136558284905102,-0.000616881840330679,-0.00217447629329825,-0.00176636429441279,-0.00261652207927326,-0.00378262776529262,-0.00111736232126099,-0.00616810814263079,-9.08579775999682e-05,-0.00300436175846393,-0.0268852726360267
"626.047",0.000405609274630308,0.000153609242034247,-0.000208715968953018,-5.60422986762902e-05,-0.000185795678945456,-0.000170101442578292,-8.9484177783884e-05,-0.000123315139460939,0.000132655156831393,0.000250531279627241,-0.000256650204798073,-6.77339888781038e-05,-0.000212805464019245,-5.2055497603663e-05,-0.000226462729991979,-9.13660002855815e-05,0.000324868695864008,-1.84348441040181e-05,-0.000486740525955818,-0.000117966121349928,0.000379762829430237,0.000288817508999098,0.000108901064089485,0.000364371501135603,-0.000181595152503603,-1.27967119086198e-07,-6.09399985681447e-05,-8.66353454936608e-05,0.000397798197363565,-0.000358675676046218,0.00021126394699439,-4.45762858862682e-08,0.000332141388526311,-0.000200124772811252,0.000270265187372752,-8.51775228004832e-05,0.000179745140375614,0.00154867809958715,0.00235843312894812,-8.49301795304794e-05,-0.000317965242804023,-8.25601090428675e-05,-0.00046938592464974,-0.000759917571881193,-0.00185245619736165,-0.00233644365090368,-0.00109087655484805,-0.00144498060557715,-0.00117148926563703,0.00023974116313413,0.00104203608914239,0.000535357426349607,0.00963102217325877
"630.758",-0.000261013772452323,-1.11893666622681e-05,0.000301307133016202,-0.000207722975641888,-0.000195963928672663,-0.000276578033355781,-7.90564917466149e-05,-6.97815671713101e-05,5.01812781366846e-05,-0.000395740740158202,-3.608898519328e-05,-0.000145423304977428,-0.000725982312932978,-0.000323699658368732,-0.000203576052962246,-0.000520627922974344,-0.000248542206417225,-0.000252260322113838,-0.00091217580542196,-0.000129842659143022,-0.000320003314502384,-0.000452720953839539,-0.000219826150197998,-0.00072642666299302,-0.000560437082596001,-0.000196307826133249,-0.000132201213601484,-0.000420680618563628,-0.000340844142841017,-0.000241682017035573,-0.000572167095404245,-0.000631413510689033,-0.0005768870964936,-0.000483562938994659,-0.000155036193242556,-0.000748289669512538,0.000221351751300869,0.00363437534599867,0.00114624070913283,-0.000349107308363981,-0.000398623904463204,-0.000694760207548233,-0.000520290236094414,-0.00160730597365211,-0.00240513749742162,-0.000998146886218655,-0.000986088665796159,-0.00212112123063134,-0.0016223700335724,-0.00266329006532341,-0.00679339312438439,-0.00288232247496601,-0.00927430644300636
"635.471",0.000362818402166653,0.000838246678292528,-0.000151964228235614,0.000199879356473632,7.39676430944303e-05,-2.2621696727957e-05,0.000216329084150027,4.00157314071713e-05,0.000168637116537082,-6.5658261649142e-05,0.000188501993415955,7.73010692882775e-05,-5.45940824836212e-05,-0.000308878239970141,0.000170503169226143,0.000405880519211278,0.000303574049926,-0.000518460506264865,-0.000609374699415248,3.24630686250316e-05,7.4728762574144e-05,-1.8921613903364e-07,-0.000131268107157981,-4.91634529958424e-05,0.000147856484968238,-0.00018900736855111,-6.23043634603069e-05,0.000229323934764209,0.000184876759385212,0.000495704545865951,0.00028374495665669,-0.000198233471463469,-5.25662970746819e-05,-0.000177465140595493,0.000127618344218774,9.72084432204142e-05,0.000858733315476604,0.00225857761287193,0.000214817202001383,0.000666456341295625,-0.000324321986475367,9.78126996097554e-05,9.52082394768891e-05,-0.00161865922398918,-0.00221992862785775,0.000931859567284087,-0.000848776985631494,-0.00297861361288346,0.000662558815147644,0.000794775940200376,-0.000767430814441029,0.0147060963860579,-0.0107085940642406
"640.186",0.000162887957831248,-0.000313833104190778,2.02676280055597e-05,-0.000610098367382398,-3.30163531337114e-05,-0.000173584617218114,-0.0003082205168222,-0.000342431678903832,-0.000191770340898912,-2.62230395550115e-05,-0.000116583328549767,-0.000146989255821679,-0.00065148920323869,-0.000565453305501747,-0.000334171165264433,-0.000508691530997819,-0.00063665637237751,-0.000433957250091447,-0.000196595621325701,-0.000852830009168099,-0.000247785747431024,9.1431705703556e-05,-0.000121424651315239,-0.000400855888396448,-0.000797702625640336,-0.000477651329048703,-0.00036428721340359,-0.000583975559506241,-0.000291244913819226,-0.000801740758469874,-0.000215602297171628,-7.73670114684958e-05,-0.000226351056159233,-0.000399659492398846,-0.000148045136312264,0.000281666780805728,0.00195336586929829,0.00137496927841137,-0.000444744304072096,-0.000631704299041584,-0.000752476690923954,-0.0008276518065994,-0.000908720742212796,-0.00141098190560836,-0.000761619584281897,-0.00152373972453881,-0.000586528291923222,-0.000982964547978068,-0.00128411274367712,-1.67866326900327e-07,-0.00550445373794315,-0.0100124358615671,-0.0281373818903798
"644.903",-0.000241137892707446,-0.000124409654967258,5.13119266550203e-05,-2.89511030590449e-05,-0.000341699521803251,-0.00045796178979714,-0.000230951415000369,-0.000122143437475685,-0.000273661713394764,-0.00032456946762618,-0.000183656438368122,-0.000139743955092925,-0.000320334842247502,-0.000107005300962682,1.74663835578327e-05,-0.000197174197238597,-0.000271809207390286,-0.000696548650518148,-0.000293041577233852,-3.27387274730116e-05,-0.000141502351602491,6.16369771960723e-05,-0.000143025873137018,-0.000247157911507596,-0.000112431222359217,-0.000510201211690555,-2.68893662380778e-05,-0.000930347681018088,-0.000339165832711462,-0.000608143662995167,-0.000139530062249529,-0.000208890251105981,-0.000404567656536056,-9.23074485485915e-06,-0.000261308645320752,0.000493695778674429,0.00291177360523479,9.87354777318809e-05,-0.00114135587135698,-0.000909177621568009,-0.000472311306212533,0.000184274624009871,-0.00141780034548574,-0.00187672433411881,-0.00212642100367777,-0.00119309749830992,-0.00331778186436393,-0.00269850866234848,-0.00116468814157645,-0.00321505851935848,-0.00742349346591031,-0.00643915962208156,-0.0401667522189653
"649.621",0.00102928742008172,0.000999453062075346,0.000624002553742755,0.000508497044936385,0.000448072956470645,0.000650235081359268,0.000439069541781929,0.000191048307129095,0.000271884946103355,0.000483881602603718,0.000477669917821363,0.000247882246883897,-8.37111056735155e-05,0.000389444144075344,0.000439029071036471,0.000391238026308777,0.000680003133728304,0.000106328407580838,0.000159201187223528,0.00117725861828446,0.000519020616353503,0.000385405128518699,0.000455615958149446,0.000400956133070274,0.000294774479481544,0.000619258149671888,0.000410031571661669,9.97061548529028e-05,0.000325856275859759,0.000518363772555956,0.000999126789038581,0.000388504609677453,0.000552366769048001,0.000991691778881051,0.000366502317115881,0.00379686783718365,0.0028153373216274,0.00092116365071223,0.00095862458452588,0.000174252185179322,0.00027889167363176,-7.24295110101471e-05,-0.00126349734295428,-0.000543206525719507,0.000550088447062491,0.000831637420118996,-4.81772702462871e-07,0.00187230193314112,0.00113463968107694,0.00313506912502089,0.0021805344538267,0.006715520683822,0.0508443297044477
"654.341",0.000274317519656789,0.000385138185339207,0.000623337551862113,0.00039718017428233,0.000489481256041021,0.000699647140661144,4.76284062813587e-05,-0.000162496373672629,0.000458167204371412,0.000477658781161705,0.000530697418349326,0.000701539055247207,5.64977727687448e-05,0.000450518712534137,0.000794181077590372,0.000388545772327373,0.00041062588286959,0.000265449045098719,0.00100238920489148,-0.000227600073972035,-0.000100870144629208,0.000698282511032837,0.000757534023682438,0.000835343686192798,0.000715099227246901,0.000413113630053403,0.000721809667380146,0.000368627325612759,0.00012867831999363,0.000181609797902746,0.000485075682691239,0.000565218188069204,0.000280253842763757,0.000831478027688224,0.00104753364382421,0.00341519354718275,0.000761619829406805,0.000845290724168347,-0.000178145022354603,0.000392045525935179,0.00041841508655469,-0.000132233449636803,-0.000753148754580192,-7.35395225558292e-05,0.00188988942067221,0.000358382038122352,0.000578957114670161,0.00226717671958135,0.00115313133934488,-0.00146441258991142,0.00231190262445052,0.0111865791525042,-0.000915048300980202
"659.063",6.57223483654957e-05,-0.00035293169535849,-7.45717694408696e-05,-0.000240307218744597,4.32548083192543e-05,3.17154140229436e-05,0.000107974483123255,6.34819872575856e-05,-7.7131777396906e-05,9.62046781617962e-05,0.000320908076745104,0.000299251671174216,0.000142475652086427,8.8196860101124e-06,0.000494697893038535,0.000106740700361894,0.00048951345284747,3.94681245058797e-05,-0.000771721384092592,0.00034453426511714,0.000294099496875084,7.46117279355482e-05,0.000254469507184915,0.000184684139636852,0.000146061763472974,-0.000227189603388064,-2.80315943684571e-05,0.00022315272738643,0.00014825490692534,-0.000476000211957002,9.06025703112758e-06,-0.000126960092651751,-0.000448361812872372,0.000512150015261295,0.00330419411221166,0.00255430668193298,0.000783662174373777,0.000284144317724889,0.000359115016833706,-0.000816603783260597,-5.52991941646366e-05,-0.000236670815296974,-0.00183387114598262,-0.000259689202906032,-0.00142900672042773,-0.000361505105579759,0.000768205661606612,-0.00162255134352087,4.59381793510979e-05,-0.000127356531420856,0.000306927633462839,-0.00076771557612266,-0.0229750798555643
"663.787",0.000828503686541604,0.000405478457296566,0.000561780568454484,0.000355475990943374,0.000368869797112187,0.000369825940700722,6.08568537842016e-05,-2.68763685401726e-05,-0.000108251730276635,-3.49250377169488e-05,-4.66289809346287e-05,-0.000137946249054014,2.90826209666204e-05,7.50614993132811e-05,0.000410440691730456,-8.94040367563419e-06,7.33220877383747e-08,7.03009357267768e-05,-6.6151700492293e-05,-0.000104881662005233,-0.000126226281672958,0.000346246593517577,-0.000182996508754625,-0.000156241263932529,0.00037545043385539,0.000547207251118762,0.000302887999401575,0.000245103505662447,0.00034784582027417,9.28223126601593e-05,-1.8681994989089e-05,0.000384830100141225,0.000888487334894427,0.00114083249973544,0.00450642547089815,0.000994607742467936,9.77309472420517e-05,0.000299702066193731,-0.000279401983210783,-0.000362522045971304,-1.58908184081912e-05,-0.00130086295230945,-0.000575887381757224,-0.000244841030830327,-0.0013174151764928,-0.000680681095827697,-0.000936554020676274,-2.41489728879845e-07,-0.000896373544996744,0.00312574383622504,-0.00154169721513609,0.00562039646843782,0.0123755834219027
"668.512",0.000551941266886358,0.000408899882123354,0.000979781859232714,0.000900596371519305,0.000433517343899611,-4.8613007739839e-05,0.000330874476839578,-1.09395908300937e-05,0.000580994457742233,0.000203906125604078,0.000414046502429087,0.000389351832626428,0.000436867031568949,0.00040745571268163,0.000542269086815389,0.000809667475122245,6.7401467569096e-05,0.000212482139491872,0.000788653200695124,7.01629450843862e-05,0.000704928116333851,0.000676060039865612,0.000628692786804588,0.000335825782051241,0.00070664180650336,0.000725430918506826,0.000276534883625568,0.000826029699119009,0.00058730524816322,0.000542560232004155,0.00047184741636717,0.000322668577958573,0.000848239080763867,0.00326655696041847,0.00442913523313541,0.000322980392172204,0.000790344080833589,0.000662071827516469,0.00050163103170147,0.000560459154707539,-0.00018407978377862,0.000255412409895552,0.000266146955957879,-0.000189540258571198,0.00059808680687306,-0.000131995440068247,0.000721376945474074,0.00376836658024189,0.00180549641770679,0.00472368359464626,0.00653444494702815,0.00879237432101729,0.0426644030457459
"673.238",0.000975287645590037,-0.000133243779532808,0.000427106280677825,0.000360360369550668,-6.24079422703761e-05,-0.000480886609610743,-1.85821030726893e-05,9.78902557149725e-05,0.000231308866436772,-0.000169899717518761,0.000565770186549855,-0.000149295546873268,9.75620354179739e-05,0.000171481139039101,-0.000231362077463301,0.000210397554956306,0.000619018715474116,0.000620959107338978,0.000826935038448478,0.000354089221981439,-0.000116511762510141,-0.00041704876099981,0.000348901422725244,0.000348315440708885,0.000100150752171306,0.000457529753801548,0.00035478650021493,0.000123969839562171,0.00037167919237625,-0.000338845533687897,0.000306822694433489,-0.00045669654222265,0.00101949800967302,0.00468830311995403,0.00179777626945797,0.000261753522516849,0.000319945496252852,0.000210344347038372,-3.32116457626335e-08,-0.000276020560723,-0.00137598905672642,-0.000697132489558825,-6.58538012385031e-05,0.000153226625608242,0.000379004435206839,-0.000398243309030821,0.000600085962365551,-0.00151682249086085,0.000859761490723735,0.000331556131879072,-0.00052131811429064,-0.00098420254283748,0.0183313282970394
"677.967",-0.0014604524281951,-0.00124305736888681,-0.00125781815681269,-0.000632650522529732,-0.00110304419704378,-0.000935975185438405,-0.000621002220385454,-0.000405426106045231,-0.000539863117452078,-0.000655895330265329,-0.000419705047829541,-0.000911301117016725,-0.00126053975212572,-0.00105704759028548,-0.000577721060138399,-0.00106072243349528,-0.00102427171205204,-0.0010878300581461,-0.00110319235663972,-0.00167695547377213,-0.000820327683998536,-0.00111611989353479,-0.00104386213663173,-0.000585140883403657,-0.00077713592386645,-0.00108819841295704,-0.00107293564139273,-0.000462169297637694,-0.00061449637714768,-0.001147198638425,-0.000779003008609714,-0.000731916480162419,0.000353729156647199,0.00264927436902513,-0.000882177303462693,-0.000916999343830758,-0.00134692216557255,-0.00129476118164778,-0.000967293576572372,-0.00272298203229364,-0.00204853766446753,-0.0016022977752378,-0.00277609539414675,-0.00284852240617232,-0.0030498512292988,-0.00157742339812687,-0.00286843632293768,-0.00485055576157158,-0.00573217666496143,-0.00830886810692161,-0.011134999852431,-0.0192045864195274,-0.0451944759166392
"682.696",-0.00063470144644217,-0.000591631088982697,-0.000278904455227199,-0.00108010525388326,-0.000834271019972506,-0.00112072470221044,-0.000169578221712758,-0.000232773116419025,-0.000601692840553545,-0.000533386885256947,-0.000432203625301366,-0.000617376685397898,-0.000328761218711563,-0.000427303311063162,-0.000499358371511643,-0.000298528173264501,-0.0010551816790785,-0.000456784223042433,-0.00046667951907624,-0.000613460634563467,-0.000521538920005982,-0.000581072608801858,-0.000388929145046189,0.000139312506698719,-1.04136324968376e-05,0.000138862436629691,-0.000400729994433961,-0.000574308374215922,-1.94588551383509e-05,-0.000412264680318859,-0.000626622635632265,-0.000410517026733417,0.00225830726340655,0.00123298281965372,-0.000263459261279948,-0.000586143668404237,-0.000922946648307182,-0.000535564887595835,-0.00080261735227108,-0.00153772187764713,-0.00151367861547113,-0.00103385866305499,-0.00165035313702118,-0.00145960945127407,-0.000883860751589188,-0.0017031479725102,-0.00122485954569735,-0.00363010766776266,-0.0041404216070768,-0.00161344519683383,-0.00860091020441695,-0.00520732538657049,-0.0255549438518676
"687.428",0.00109772050752703,0.00129046260034639,0.000685192740543278,0.0010665215679705,0.000283043539965128,0.000326023854115131,0.000284470824142328,0.000518690895517138,0.000274727154880642,0.000333701499149121,0.000136879977239321,6.71067309037957e-05,0.000451343574780438,0.000459429824930163,0.000436557524178081,-9.47820652170992e-06,0.000565865639841756,0.000815199513239672,0.00056164977951987,0.00098072334973437,0.000131219326826791,0.00107991134871707,0.001006856823801,0.000368120825815415,0.000657621524810243,0.000818551599875469,0.000669091920489849,0.000431016685356691,0.000635353979178224,0.000656271083697084,0.00079210006210649,0.00193312207246685,0.0032484970622667,0.000805046118245015,0.000305485224078533,0.000644061756045726,0.000804354452346866,0.00080300406858622,0.00047950857884005,0.000106574551532306,0.00116276742383264,0.000574824053252984,0.00104527564860753,0.000431470847367331,0.000274189470782184,0.000626056764752897,0.000680428011054639,0.00186629519250859,0.00343288165536101,0.0064309842061285,0.00192561596173765,0.0173361238273449,0.0232322124132869
"692.16",0.000195435861227334,0.000237088503893489,0.000440401180764088,0.000488393556558616,0.000339709287326486,0.000226924003332581,0.000197085422465716,0.000398042036475388,0.000137879826140865,0.000211466920702116,0.000696793697752855,0.000220920464043215,0.000453355648794293,0.000432405376245901,8.5690413467415e-05,0.000726873769418207,0.000448563040024266,-0.00027327690741554,0.000391814714706134,0.000852089352534078,0.00101927489172718,0.000294057238169091,0.00079860904623522,0.00069651294737992,-0.000857897746504506,0.00048169448605353,0.000751834965567937,0.000275718880152753,0.000334096145150933,0.000417226825500113,0.000171002188084145,0.0037722104075011,0.00205885632227901,0.000424693877456466,-0.000348641168828506,0.000367000533026135,0.000580921491843064,0.000337416209388425,0.000101033765042171,-0.000244252480941936,0.000230234615722342,0.000515470278399098,-0.000895427914865561,0.000295902898133301,0.000574555181987876,-0.000711690511920182,0.0012065178117788,0.00132903340450785,0.00295842197805793,0.00313139250762447,0.00484309529204076,0.00689333404099854,0.00892656085631595
"696.895",-0.000703671249451113,-0.00116798435691747,0.000125102443906949,-0.000694786827430437,-0.00063778556249514,-0.000177717184878328,-0.00031361468589111,-0.000429288052938935,-0.000518334593971743,-0.000426319773401209,-6.53099795375327e-05,-0.000793854659801669,-3.05734465879367e-05,-0.000425749681868049,-0.000115234260872188,1.88483588949619e-05,-0.000311981153973532,-0.000613882066237857,-0.000301663634428338,-0.000637355327832844,-0.00109926429419193,-0.00109333262467729,-0.000668226329688577,-0.000526617459205564,-0.000187387157080475,-0.000373924329404881,-0.00119554714261879,-0.000456551096277545,0.000187846773534636,-9.78268260440004e-05,0.00060107428061994,0.00343005848812443,-0.000236508991395537,-0.000368248935068969,-0.000402559820659687,-0.000282365530460574,-0.000711435247322353,-0.000606552160519562,-0.000243475237950115,-0.000735943465780419,-0.00171593832308314,-0.000943696135357848,-0.000814385712919963,-0.00103163231364351,-0.00161781257284003,-0.00223207810006936,-0.00121567679922577,-0.00185016524934135,-0.00268145040328404,-0.0039733503732034,-0.00963032664373925,-0.00755230091996735,-0.029565560053749
"701.63",0.000226581675053444,0.000506704983207671,0.000149035218544881,0.000463527776111798,0.000130381619787242,0.000290129758162216,0.000419446792801645,0.000318842065582563,0.000433433462232134,7.40937031841124e-05,0.000254840444525383,0.000370948935725844,0.000583262428962605,0.000379347559995389,0.000203349291706875,6.70686552259925e-05,7.09782523792023e-05,0.000352035210953733,0.000666894129400963,0.000222446994183127,-3.67014527224789e-05,0.000252616849409005,0.000627860122159913,0.000431041222632916,0.000146809713867229,0.000142664725689981,0.000110246739197712,3.97380014649864e-05,0.000129602307225186,9.82450078468977e-05,0.00332650935207296,0.00120250996026806,0.000304309061873357,0.000240719025022193,0.000218269031704652,3.29888049584457e-05,0.000323803035729195,0.000440481859161671,0.00109491783683824,-0.000137502487637858,0.000337086735762896,0.000555048427820286,-0.000506936313419255,0.000240317436560193,0.000466340681732514,0.00166724001195715,0.000462821442478936,-0.000516088664388375,0.00495626939153789,0.00373188783495214,0.00982810028233061,0.00638144760025481,0.0161549677701076
"706.367",-0.00090444133863169,-0.000679370970517124,-0.000777492378493489,-0.000163583020428614,0.000188635333575231,-5.18279723473742e-05,-6.53510622737178e-05,2.29801665182955e-05,-0.000322879828064373,-0.000359892049211681,-0.000224896188325719,-0.000148375656643642,-0.000673395032409689,-0.000161791378918425,-0.000754507983057118,-6.7994863399608e-05,0.000471181697234992,-7.58006146877409e-05,-0.000686757952351725,-3.77581141235251e-05,-0.000295953865789299,4.64347746403847e-05,-0.000254343545806746,-0.000145526212121092,-0.000488331900450803,-0.000824940832246387,-0.00102703249549852,-0.000617949980672767,-5.06276626977038e-05,0.00128490646164173,0.00237787706487154,-0.000102346602448901,0.000138816140342996,-0.000152581448845396,-0.00062132422719721,-0.000421245237426687,-0.000901709252952685,-0.000705621764882368,-0.000874189644796677,-0.000973068024839177,-0.000757117878851958,-0.000417336733513408,-0.00150379722899165,-0.00133593887329692,-0.000353325364966049,-0.00140617320972364,-0.00187763611326774,-0.000964457164143592,-0.00212798173612978,-0.00251701519396017,-0.00729014208504879,-0.0135401812667199,-0.0327211475717275
"711.106",-0.000623518210378644,-0.0004532972221354,0.000117257779411951,-0.000639359892238732,-0.000581369745199099,-0.000462507691842891,9.24352637465343e-05,-0.000128075076704141,-0.000149764148454447,-0.000280328360584396,-0.000277589393752179,-0.000509073216607677,-6.24157717718619e-05,-0.000960007265761967,-0.000158161974514471,-0.00033316654155043,-0.000342361950038093,-0.000381766757335585,-0.000358962982834898,-0.000176984463295002,-0.000261240418840551,-0.000528488399780005,-0.000315196303696799,-0.000237453922126749,1.04547716481335e-05,-0.000541769715410952,-0.000575422100100545,-0.000532046444212374,-0.000959412635208838,0.00205259539145341,0.00079568445015081,-0.000547923724901437,-0.000241480589062302,-0.000318154621991426,-0.000138170143381685,-0.000504201457436882,-0.000107014868613173,-0.00128860117387769,-0.00131806469732158,0.000379159971389944,-0.000464700895380833,-0.00081095675503367,-0.00109132818204343,-0.000470975535709536,-0.00219313366047325,-0.00176179588094635,-0.00179429453766378,-0.0014208141673168,0.00102400286936745,-0.00296645730056339,-0.00792950079512694,0.00147419252301628,-0.023234294210356
"715.845",1.45611315822632e-05,0.000340680105307307,0.000403260778616947,1.11575645755888e-05,1.9320228600722e-05,0.000450223076762409,0.000654318241903006,0.000394625429474711,0.000211097827954607,0.000789408392815245,0.000280720275659897,0.000131337532152103,0.000391746786811078,0.000247611770170301,0.000380362142163757,-1.97665282781407e-05,0.000178127365083364,0.000717365142808989,0.000484163859669472,0.000664669426360287,0.000277076326220605,0.000380155726739811,0.000354369461366627,-1.05548381297376e-07,0.000542306298057716,0.000579817466654642,-0.000125082449565618,3.0563309465409e-05,0.00140281927361644,0.0040837316644666,0.00072297057685957,0.000574053292398759,7.09671793269669e-05,0.000602035051608062,-0.000990079508010492,0.000238167206724815,0.000357943601891965,-5.05608996855503e-05,0.000479905512220327,4.25643815492415e-05,-0.000166987892639676,-8.20288883872483e-05,-0.00050669532787538,-4.11614840616666e-05,0.00159176565118967,0.00204076168351472,0.00157546691404431,0.000451571038497782,0.00103540122396044,-0.00142836325738707,0.00350465895638761,0.00510727756496341,0.0527311447744807
"720.586",-0.000882953801937594,0.000131270443437765,-0.000154658409877663,6.71227560019907e-05,-0.000135461325010927,0.000123889189223208,0.00017386611672434,-2.37167005487021e-05,-0.000423303243186416,-0.000338161089986046,0.000213039499820398,-0.00112420415605537,-0.000477663563763383,-0.000176482378777656,-0.000642800905707935,0.000347665173892657,-0.000284086504381796,0.000176509665080559,-0.000194153227652418,-0.000577020811085636,-0.00113679711826057,-3.68196524121135e-07,-0.000272279312073073,-0.000275565735209375,-0.000826746789597262,-0.000359490221565946,-0.000208835156116944,-0.00016675055170244,0.00204630819912476,0.00146907546751942,-2.07823814694478e-05,0.000120874290594244,-8.16957634574383e-05,-0.000603907516487338,-0.000798450447773612,0.000147931374042949,-0.000960968600351175,-0.000304473871021963,-0.000521396125757294,-7.13879509338138e-05,-0.00059324159387409,-0.000509942220719986,-0.0013242034104821,-0.00124509298970301,-0.00161931414278751,-0.00221925078805691,-0.000928379117480467,0.000782044306057071,0.00207676183967917,-0.000859492259358134,0.000228547321732791,-0.0115288222257603,-0.0392992023492867
"725.329",5.96513325073161e-05,0.000159596959511986,7.2351847232107e-05,0.000294176994430711,0.000479570375170407,0.000215009781438678,-9.47527972313169e-05,5.97952952697789e-06,0.000154059977044137,-3.09192681276579e-05,0.000120964711192707,-8.2020745368401e-05,0.000633806043483974,0.000178480434532551,-0.000304707686689584,9.0577891064698e-05,0.000947722199194825,0.000145769412990553,0.000626431920003603,-1.29301496563383e-05,0.000345373946630836,0.000964424079377689,2.37313724772679e-05,0.000406350935728272,0.000396563915159779,0.000598898768880919,0.000400578454201898,0.00129920098306091,0.00332744300930002,0.00086814351518113,3.08677636484605e-05,-3.09577715936117e-05,0.000392381051052411,0.000453083546908909,-0.000371438410073042,0.000701882137912212,-0.000195388510776629,0.000308235670238472,0.000297680452789497,0.000230591866399934,0.000415378040937579,-0.000366275197034917,-0.000569311533705316,0.000840364409665257,0.000563140792696768,0.00113750441435377,0.00163313207162063,0.00175006772916514,0.00152411233204306,0.0022492436847096,-0.00194809817641163,0.0192276503623431,0.00846172625747485
"730.072",-0.000763897575457699,-0.000789178102301009,-0.000920505142521455,-0.00067180787563741,-0.00087620789978523,-0.000829286689565695,-0.000524928040218592,-0.000318799646152856,-3.36393945795961e-05,-4.67893487613817e-05,-0.000643272709349785,-0.000577569560359331,-0.00071315308429715,-0.00106532649413368,-0.00112499435880577,-0.000222680685507221,-0.000406841164207612,-0.0011271191147658,-0.00168084267897628,-0.000822242145355698,-0.000257201863796068,-0.000849158132630192,-0.00098904488276069,-0.00100437399569052,-0.000376867388232325,-0.0002262218981653,-0.000329569917533713,0.00320382960038572,0.0022847304617583,-0.000728703705820934,-0.000442991929623027,-0.000123537400628711,-0.00087231850681668,-0.000445166585407761,-0.000340828448142652,-0.000555057903018365,-0.00121041495166967,-7.75338127995904e-05,-0.00114354104247394,-0.000536755937108353,-0.000851835374516578,-0.000234597913834861,-0.000203386129658593,-0.00147930872369777,-0.000344964728704508,-0.00205465242915633,-0.00230942980157023,-0.0023480332924348,-0.00338449150767707,-0.00357571234557771,-0.00518966409046739,-0.00238646969401929,-0.0496022783411052
"734.817",-0.000709383378215562,-2.71067356384669e-05,-0.000243905118881799,-0.000412785152077556,-0.000495911190749122,-0.000308645914734408,-6.178751064764e-05,-0.000181812660272664,3.38409191352837e-05,-1.5985886900251e-05,-0.000341186921732581,-0.000519561959569249,0.000119710423300337,0.000541932019011855,-0.000556295185128638,-5.10589336099555e-05,-0.000118456111132054,1.12373898169953e-05,-4.98084378065357e-05,0.000473191846847742,-0.000246084469132728,1.22209112753027e-05,-0.000376671166428971,-0.000176570330353834,-0.000346190424483152,0.000162353230276501,0.00139731998104747,0.00338246175873731,0.000752745431463631,-0.000272549315140451,0.000549398831518077,-4.17370252956224e-05,-0.000638000064634799,-0.000427076687744686,-0.000310110613182679,-0.000442318623047973,-0.000369627003728598,-2.60166830909955e-05,-0.000452485273114686,-0.000277593113121085,-0.000499296157617919,-0.000489317869996085,-0.000148539138893517,-0.000297630817031027,0.000173772897676556,-0.000413921354910424,-0.000386432809786012,0.000717846557668421,0.000372375809319668,-0.00779176417832244,0.00662129656512853,-0.00328635677356101,-0.0424592507341566
"739.563",0.000198553729812514,0.000258782419894074,0.000629258586036532,-8.1196589098611e-05,0.000230741080876346,0.000128544552050802,4.86306774879971e-05,9.18725098225398e-05,6.17143599270474e-05,0.00052608915712472,5.32785687603156e-05,-0.000262384026322938,0.000330238761271635,3.25323490796363e-05,4.15688564336919e-05,0.000206089457018532,0.000316695893670104,0.00026404416163531,0.000302166612671022,0.000532056609112366,0.000511248347956702,0.00108761351325248,0.000479278249808729,0.000320978665303504,4.50939339548098e-05,-0.000109754377162404,0.00268402942755174,0.00301608229746284,-0.000214894225241307,-6.36145836304358e-05,0.000293585899393057,0.00047162069521272,-0.000201028289713276,-0.000313316132903313,0.000458108270242915,0.000271722723780358,0.000597234788896718,-0.000592443850990437,-0.0001247807447548,0.00122657571512724,-1.58954234731209e-05,-5.12375152610991e-05,-0.000150645609965825,0.000689138531143792,0.000100038224862191,0.000269135767603938,-0.00032088509034101,0.00115316896014091,-0.000161436679249458,-0.00215680072198295,-0.0016477387965051,0.00885910267507553,0.00543806591121475
"744.31",-0.000123544295004413,-0.00114355589560598,-0.000461576349857594,-0.000269631717293786,-0.000486709541549271,-0.000287719982131545,6.95063463606978e-06,-0.000297315617800291,8.98864084120445e-05,-0.000346608422341383,-5.42013010290382e-05,2.11410823104595e-05,2.20062564559956e-05,0.000162588966397294,-0.000579259166068585,-5.22502880434855e-05,-0.000407976168080359,-0.000325129661098282,-0.00145072237794209,-0.000349898201096292,-0.000158999130006749,0.000162185874021852,-0.000211457002903713,0.000240207451713928,-0.000137207574803296,0.000807781369284283,0.00407458641816395,0.00058384048079257,1.07558377807894e-05,-2.14992024862162e-05,0.000126765205896165,-0.000445205073050018,5.3049342244979e-05,-0.000120329865024216,0.000100280584256276,-0.000488111378513296,0.000213722513104484,-2.66064586915453e-05,-0.000224266573663543,0.000597458532583915,-0.000893298136746127,0.000241502291267313,0.000114573591996438,-0.000695793638559652,-0.00136870082045306,-0.00136004604495751,-0.000217088236668006,-0.00172705248782318,-0.0038663188759602,0.000676974143202258,-0.00641074893517947,-0.00314008029021582,-0.007152286156012
"749.058",0.000373567315435338,-1.42218249015992e-05,0.000201442546593795,0.000189561403923148,-0.000102484695887393,-0.000440700767395012,-0.000149118373831798,-8.78278312695602e-05,-0.00037854460627316,7.3141244677921e-05,0.000216563440785505,0.000353605791276717,2.18750174161709e-05,6.54339499383001e-05,0.000340062957450661,0.000536799963918683,-0.000680094452499236,-7.08757626706487e-05,-3.86107313350345e-05,0.000190056706105722,-0.000120988529077403,-5.07626798909287e-05,0.000388607557442975,0.000217947711763092,-0.000139040025855406,0.00222396799213904,0.00294870785283345,0.000977414935368031,0.00057007870467446,0.000129828586155354,0.000149519575591547,2.08932300705355e-05,0.000172182894284863,-0.000298254982714281,-0.000150122078564271,-0.000120100143623917,0.000609777758833909,-1.34241339012081e-05,-0.00052402428593834,0.00012066135206293,-0.000241877106217596,-0.000366040226954577,-0.000114482143338864,0.00158351186533441,-7.61780189229655e-05,0.000335699059454769,0.000180897049169158,-0.000523511323069782,0.000329630203223712,0.00379792136114624,-0.00311815321750255,0.0070039712759035,-0.00890200946302141
"753.808",-3.19511281263335e-05,0.000198394372681663,0.000359472496293754,-0.000313858140838646,-0.000187948830425342,-9.58359837171331e-06,-0.000426431213259749,-7.01885741402805e-05,0.000406936144338739,-0.000133079809918935,0.000405158762974039,4.35826717826983e-05,-0.000550346604887132,-0.000648683211787644,8.64662895083905e-05,-8.62110351735608e-05,0.000828229753935545,0.000238703807241145,-0.000406210593332758,-0.000457036282763971,-4.87174980498919e-07,-0.000514762071602236,-5.14435304377962e-05,-9.97340759695054e-05,0.000937787114232565,0.00340549931300643,0.00105331154991201,7.80938032954946e-05,-0.000368854947764541,9.92599222435877e-05,0.000513021656146899,-4.41694355787975e-05,-0.000143558892163041,-0.000146785659563342,-0.00029247019245137,-0.000650020881972915,0.000582729881234061,-0.000602842571417247,0.00103915721356281,-0.000276881517660334,-0.000295908460324011,0.000568341101624096,-0.000273989211105655,-8.93069915925044e-05,-0.00031308862627632,0.000653356571036449,0.000443789347034446,-0.00124495821497284,0.000448287009371678,-0.00108140601274011,0.00367315422426238,-0.00392111843879418,-0.0396152421048396
"758.558",0.00114815889417809,0.00134278965578823,0.000692988412879192,0.000651477537860901,0.000339976927565373,0.000291901545373285,0.000257464378552122,0.00025948473497444,0.000574161190426251,0.000177265414527659,0.000618787844938264,0.000634407825594049,0.000349638397659669,0.000352196426398943,0.000927407857861505,0.000120003346028993,0.000276920916993667,0.000632027110706744,0.00113399083286307,0.000112803074303679,0.00104116554327935,0.000628436864228615,0.0018615883408723,0.0011973469153129,0.00291131824592072,0.00359631529086253,0.00053742495155125,0.000159548124964864,0.000250211302056569,0.000898808134272131,0.000788858754473541,0.0013878406669966,0.000660859498530076,-6.94186947793845e-05,0.0010072463934667,0.00109951109320971,0.000738544736755869,0.000906781363474107,0.00121968345047176,0.00150328157767459,0.00013345434948713,0.00121160240185217,0.00193521695580248,0.000867076309919248,0.000718013189092513,0.000792028073663712,0.00249189832182745,0.00280611374807442,0.00388134458283557,0.00480772257131084,0.0088469614286001,0.0110257361650593,0.0218662300594001
"763.31",-0.000808178125505269,6.85288947787353e-08,-0.000546804803062372,8.77446986105352e-05,-0.000747948570872474,-0.000347391672845928,0.00017277863097184,-0.000423696517564365,-0.000266815618690227,-8.60748261638602e-05,-0.00022010013073497,-0.000147609673309853,-0.000321252518810142,-0.000161866829829624,-0.000720594519656393,-0.000311949202321123,-0.000294282015227163,-0.000508336866074258,-0.000476267802153587,-0.00038792506547949,-0.000169885263469248,-0.000801649319190701,0.000571243094556189,8.8643846565204e-05,0.00330753979006295,0.000862799624885908,-1.17618768237983e-05,-0.000430319964705262,-4.63978087156786e-05,-0.000722013031570992,-0.000680266075715808,6.77863969582876e-05,0.000388496351666416,4.59926946311388e-05,-0.000496189634765834,-0.000280350741822877,-0.000161365912810708,2.84434137857973e-05,-0.000629604244173577,-0.00031940191588863,-0.000767280115810859,-0.00118060046664454,-0.00136298842426885,-0.000628805993568952,-0.00138272777610782,-0.00197140137979126,-0.00126955576153704,-0.00221582349938689,-0.00279485017498712,-0.00305356284129639,-0.00177835399460989,-0.0052643903964446,-0.0134799406803008
"768.062",3.33937398224675e-05,0.000104309510917399,0.000807822090254554,0.000885848299684636,0.000579928427185212,0.000510928946620736,0.000393895331745961,0.000200547600896399,0.000254625696959677,0.000678375210045737,0.00050241107204383,4.57669692672998e-05,-0.000372221343615547,-0.00038703430968274,0.000386705592016549,0.00061893080187327,0.00132062185894812,6.25508117174863e-05,-0.000164819017777103,0.000290162097730227,0.000814842146166498,0.000849421066130231,0.000723799613020317,0.00287527076419967,0.00340099185025335,0.000453989698484584,0.000719503453579721,0.000563804594876572,0.000503728611805729,5.77993652721561e-05,0.000892509451236826,0.000662932595553748,0.000541399554102504,-0.000118350822874883,0.000781544160406444,0.000488727333750253,0.000638270234049915,0.000416512827704097,0.00102884301268184,0.000902878962843242,0.000498903534255951,0.00188055438277703,0.00123211060685072,-0.000986525194070567,0.00175134374212033,0.00137020016043432,0.00132216119945403,0.00177105184062696,0.000175652940441551,0.00438182145645519,0.0053870401975452,0.0215032381630108,0.0444787245075488
"772.815",-0.000133578785389109,-0.000386569710604118,-0.000645817092517418,-0.000493223601258729,-0.000207868377704874,-0.000370437693922832,-7.67491563028488e-06,-0.000126923847191079,-0.000291759224474403,0.000234358578136706,-5.82715909738201e-05,-0.000653083042169094,-0.000240228881917772,-0.000281223836650733,-0.000397768069995823,-0.000146217097591324,0.000546414303507296,0.000462919999081449,2.74249105749576e-05,0.000173844797959553,0.000542647699803467,-0.000431414928643236,0.000574670013321804,0.00342699461114329,0.000758306190969193,-7.20080548966877e-05,0.000199876619591297,0.000445647642518258,-0.000421562620133972,-0.000254361116840077,-0.000125896501528685,0.000250969095330598,6.78104346286685e-05,0.000282115242493565,0.00032923573989177,-0.00024407420309102,0.000461216599613869,0.000200953175954381,-0.000483895298062967,8.04573038047959e-05,-0.000430307100183495,-0.000669956077130169,-0.000122472079385528,0.000141146516582719,-0.000246438453718095,-0.000684673835104827,0.000427506958975397,-0.000931653846040155,0.000997943813714635,0.00292137278620349,-0.00179152574215885,0.0164132045532139,0.0129996539882341
"777.57",-0.00061147540372139,-0.00139521543258602,-0.000274607495884512,-0.000709714936677484,-4.47384059551659e-05,0.00013277916912515,7.65419910470549e-06,0.00023157969713806,-0.000297830517462909,3.5321465022507e-05,-0.000522265638833301,4.65070107501133e-05,-3.43690236105502e-07,-0.000825024571598957,-5.80620337228888e-05,-0.000229891805293521,1.1659736441037e-05,-0.000345181836166673,-0.000308176745202143,-0.000103835855340984,-0.000175414122654756,-0.000426512249606332,0.00164930960267647,0.00275633709347231,-0.000340246696127857,-0.000109844746503282,-0.000336949908904274,-0.000323695922870827,0.000119399246807134,0.000247628903881684,-0.000268678860796942,-0.000514140326494845,1.02006677735636e-05,8.39422838190313e-05,-0.000660209084394196,-0.000813132562999214,-0.00023548761956821,0.000131829131476622,-0.000493807867713865,-0.000854992529232958,-0.00110634057888924,-0.000379847659327696,0.000502872952376102,-0.000454745622024263,-0.00119965779775304,0.000698424024738342,0.000634449425638361,0.000569883897605679,0.000298346531758495,-0.000658397827108334,0.00457913148305094,0.00147587038478073,-0.0362701410947393
"782.325",-0.000723910655058295,-0.000692637535755693,-0.000529645475965846,-0.000301361847295596,-0.000237960882996808,-3.11083277714245e-05,-0.000643239902583011,-0.000172998871852612,4.65983515040127e-05,-0.000278972040044988,3.19862535065196e-08,-0.000652666552591326,4.97306873474727e-05,-0.000254928862560541,-0.00121239156321874,-6.99410645139839e-05,-0.000554413975156908,-0.00082984803790598,-0.000654215997517471,-0.000225393203624387,-0.000148169291369227,0.00023662874318435,0.00300439685697631,0.000653345530370684,-0.000293141013832322,1.22990970640025e-05,-0.000524998719936076,-0.000681060964582686,-0.000436657543115067,-0.000754573946143341,-0.000403218930735236,-0.00135050150554312,-3.6688288414569e-05,-0.000183101927699659,-0.000164453494287521,-0.00133201262219981,-0.000281127166570109,-0.000133846452958109,-0.000736336815359749,-0.00133560292772605,-0.00163960489862188,-0.00173517710596377,-0.000871859730520418,-0.00109447538025193,-0.00130343860293518,-0.00209421825333511,-0.00209320640126137,-0.00212311698801473,-0.00194788726693345,-0.00520694285719317,-0.00464965602975319,-0.00450493693308845,-0.0472393536773915
"787.081",0.000796317976791977,0.000948317288259313,-0.000715759205154417,0.000390199850613286,-0.000116444958725078,0.000117148171454229,0.000249621029548564,0.000177562719135242,8.74490614375523e-05,-7.43505820692679e-05,-0.000298037168324261,-0.000499690918283851,0.000702147871237664,0.000186490159371482,-8.02237556660673e-08,-0.000957538411574208,-0.000114212127054209,0.000132791387233372,-4.38447559987688e-05,0.00120282323204271,0.000592049298174538,0.00206078218388194,0.00362674444300879,0.000647121140217119,-0.000484859267508104,0.000190554118863589,0.000476125343112015,-0.00023753852353953,0.000149371847095183,-7.38706572018527e-05,0.000437722190371698,-0.000207746189334832,0.000674162587665588,0.000651173656416844,-0.000285677130514426,0.000765955612660149,0.000461809076530438,0.000106907022628887,4.81299107373132e-05,6.84214134796413e-05,-0.000622580205947732,1.97511957700467e-05,0.000393635274994804,-0.000449015785798692,-5.76260410947594e-05,-0.00117939637088499,0.00156969038927308,0.00277423157586865,-0.00118881257373018,-0.00103260967227531,0.005591418691289,0.0105275496832459,-0.0107653873637674
"791.838",-0.000282523436708908,0.000142277588459925,0.000186032975160167,-0.000376332762471926,0.000360392708938527,-0.000361795136685923,9.67085698844379e-05,2.84642394911471e-05,0.000167024303656793,7.39668522322716e-05,-0.000256255511999505,-0.000925052230778157,0.000127804122229572,0.00016204615035043,0.00038670492343243,-0.000322437452261583,0.00016433096108824,-0.000824514410703777,-0.000408488142855748,-4.62237632682566e-05,-0.000213690278781441,0.0039607407770626,0.00231699808604589,0.000441024672652433,0.000353130450461356,-0.00040653811318983,1.26896001827256e-05,-0.000249379781809028,-8.70490257399301e-05,-0.00101979828143346,-0.000535355184563043,-0.000377286303580613,0.000416767583669246,9.99800206404941e-05,-0.000557714696698582,-0.000560225239187287,-0.000547685201807948,-0.00059498775888949,-0.000321471166992877,0.00077078378109931,0.000164602304230065,-0.000276869193853938,-0.000348842968905718,-0.000873444653853166,-5.26218983383769e-07,-0.0012472211096704,-0.00334463360434581,-0.000990201784261661,-0.00518204375735776,-0.0045669510010161,-0.0103524368956515,-0.00230532588762619,0.00128919197057791
"796.596",-0.00131499967019021,-0.00168926660670832,-0.000640856791857409,-0.00188964093730823,-0.00116034425363124,-0.00128991688208635,-0.000770585344232114,-0.00028205761197876,-0.000825690754494127,-0.000573913915818118,-0.000846378194519463,-0.00190983145890132,-0.000935857274337075,-0.00102674981409531,-0.000922127144011252,-0.00130268445270825,-0.00123580846134754,-0.000677736738961539,-0.000653948435508913,-0.00163288581247605,-0.000313243155307642,0.00337800185716054,-0.000494404808793644,-0.0012638136953078,-0.0015452081841263,-0.00155301597856542,-0.00165891976568709,-0.000965893466378174,-0.00121684133441304,-0.000901218081231509,-0.000458709868619246,-0.00133680502812735,-0.00119898676328619,-0.000777651906826038,-0.000990886869835955,-0.0016562918376029,-0.00163084699384786,-0.00156960476257661,-0.00184992130216135,-0.00184926993433775,-0.00225360833401962,-0.0011886454032964,-0.00115550556016347,-0.00261803858994776,-0.00207277923077234,-0.0017294903654428,-0.000251968164752581,-0.00680758434354011,-0.00642347490849332,-0.00956864714761894,-0.015120424389354,-0.0253529935717462,-0.0410563567650663
"801.355",-0.00107323301571836,-1.43575418295208e-08,-0.00046538263759176,-0.000189123748079562,-0.000286179621381689,1.36564358366924e-08,-8.49143948438877e-05,-8.11533233037844e-05,-0.00034944377102381,-0.000195105215028231,0.000261493004815861,1.19557034182347e-07,-0.000134483094257374,0.000229757335478748,-0.000456660462626874,-0.000378464653188814,6.68116042951213e-05,-0.000117069965965455,0.000282273234154325,0.000934581834363269,0.00249018414005179,0.00138213032728549,-0.000125250943296254,-0.000436545980159614,-0.000207010238325318,-0.000167685303710485,0.000253179550503891,0.000548316461132536,-0.000393924961454798,0.000183603386762107,-0.000299942682536583,0.000362906261195536,0.000366293792699862,-7.69964091707358e-05,-0.000113978001628495,-0.000540680803609299,-1.0898113611977e-07,-0.000241474768511881,0.000268465932212222,-0.000256056050327398,-0.000160886941329646,0,-0.000326036427959087,-0.000329207964138036,-0.000383515886429228,0.00088359166876681,-0.000218515809582245,-0.000783961766536403,-0.00164723218294633,0.00454613108653377,-0.000237916319131746,-0.00564061631282262,-0.0227087466454833
"806.114",-0.00101114034984518,-0.00109720283774566,5.03221253966467e-05,-0.000768347906420585,-0.000674599503757716,-0.000533363220377238,-0.000445787894686692,-0.00043087583425403,-0.000230752939304288,-0.000438692133791752,-0.000649507250138007,0.000331903214156972,0.000258065615726351,2.18032718067111e-05,-0.00053079893909948,-0.000546524787819112,-0.000733493942108249,-0.000655009219662413,-0.00016679376170894,0.00094623170657566,0.00200969203304636,6.19152637396131e-05,-0.000663997041697818,-0.00118790673361628,-0.000563583526139431,-0.000424615462389614,0.000341496613653108,-0.000219274986207057,-0.000218865297704197,9.72047421005883e-05,-0.000396010237794394,-0.000245660962031999,-0.000581876142451529,-0.000638250197892413,-0.000194058777978595,0.000324386326192227,-0.00064678758923019,-0.000456135547265816,-0.000989300306009754,-0.000527034866109886,-0.00096451117352776,-0.000156556918709791,-0.000479380107868104,-0.00221623243155831,-0.00194288612364237,-0.00112747650110239,-0.00174346743217156,0.000521732384883804,-0.00444707205623292,-0.00666840547532437,-0.00502844123505167,-0.0142131312488489,-0.0182511492880666
"810.875",0.000420231710613502,-2.77052267108342e-05,-0.000490328292921392,0.000165475743981284,1.01199626496332e-05,0.000299433774564688,-0.000176948095286747,0.000112365429143685,4.18656611050885e-05,0.000113897884963336,-0.000261704604300315,0.000417513474098727,-0.000639632510473134,0.000470786271025125,-0.00048840514922612,-2.10702502136719e-05,-0.000633481350685292,0.00032743813174837,0.000102583493310411,0.00251557132421382,0.00137112065212596,0.000377639788696581,-0.000112690054203557,0.000314814773297048,-0.000149500437453221,2.22088298255263e-05,-0.0001542155199581,-0.000219419157776643,6.55620722401554e-05,0.000615748942886329,-0.000288822685803662,-0.000277773337721446,-0.000539176100976888,-6.61180468516157e-05,-3.4314253591542e-05,-0.000468642203538425,0.000228235360668158,0.000201236341961125,-0.000183741513770258,0.000120346890080438,-0.000627178742375815,-0.000660905084607589,-0.000115023508466756,-0.000263297761788671,0.000945602436599615,0.000396063288634763,-0.000255166984921085,-0.000305031731786243,-5.52006507991063e-05,0.000378955268126863,-0.00215547693558508,-0.00203079236463438,-0.00664511250220572
"815.635",-0.000668633535119443,1.42366775993545e-05,-0.000477841223447075,0.000437310297448496,-0.000521252804825393,-0.000402370170228209,-0.000205181895403212,-8.1107120302729e-05,0.000293696449861984,0.000584943887914368,-0.00049594164234621,-8.56999277173918e-05,0.000460419886088625,0.000240923231499442,0.000499001394268122,2.13760754649873e-05,-0.000500114160869709,-0.000234139931930911,0.000513045650011299,0.00279983993024248,0.00031933869287765,0.000377808735821974,-0.000363047057231251,-0.000388160663936168,-0.000483008981798224,-0.000983355357534443,-1.10890796599506e-05,-4.55278640795721e-08,-0.000273605846772646,7.55327710538951e-05,0.000331345180925624,0.000106909652728567,-8.62909996400658e-05,-0.00044018242501824,-5.69038929952379e-05,-0.000925139201102914,0.000405974700636238,-0.000617123101143214,-0.000113047095178431,-0.00106928907402485,-0.000418014276655038,0.000486951029020817,-0.000997181177802429,-0.00125067008595633,-0.00222384634237029,-0.00012201338220871,-0.00207122496930713,-0.00169787646814567,-0.000109952652144375,0.00227264925233295,-0.00514981126976998,-0.00496595875152106,0.0066423905109583
"820.397",-0.000482542503579267,0.000625086916627857,0.000238895688556912,0.00120565451296867,0.000163473507861547,8.42180861351893e-05,0.000382268606154629,-0.000143637598884958,0.000244666125208865,-9.75596218003477e-05,0.000225536442124608,0.000331783657122789,-0.000403896116239114,-0.000415787322719004,0.000605210516437988,0.000136388105088349,0.000343987155964184,0.000502100300612684,0.00243734254769285,0.00194811187952689,0.000854177566612923,-0.000214158216412318,0.000626007562164821,0.000909103785642011,0.000126426749407599,0.000223450242448643,0.000264245361097348,0.00065805259794157,0.000645481612560408,0.000507770883826196,0.000341978019063367,-0.000384288191741249,0.000420379575835811,8.79983026462248e-05,0.000912241041341106,0.000889046643413651,0.000469259800879282,1.89961437791842e-08,0.000579411642802755,0.000828159362361574,-0.000627169207382284,0.00038256820775893,0.000537112341591391,0.000636651689391552,0.000307050013021313,-0.00106660227994109,0.00225040418207573,0.0026550994457812,0.00120748345705211,-0.00121119983973721,0.00167940310980633,-0.00496851613179471,0.0370782119356363
"825.159",-0.000124465780865397,0.000986116316378471,-0.000301886466499004,-0.000200927450176457,-0.000214716871391372,0.000336858037798452,-3.53598674454201e-05,-3.74951856488097e-05,0.000139686713967745,0.00019496492930358,-3.6408616135313e-05,0.000385369462929398,-0.000516486667165082,-0.000514287110591611,0.000350319194876732,-0.000304950106797726,-0.000367361416113303,0.000688261570978121,0.00269387598098476,0.000553643366769602,-0.000307209567675431,-0.000226719030918263,-0.000563535496644145,-0.00035196575922966,-0.000563547747833389,2.23326429340153e-05,0.000143002338610184,-0.000318568667749448,0.000163935074839948,-0.00043229596067735,-0.000192551409678775,2.12691309146381e-05,-0.000107841226375315,0.000143035845286481,-0.000524668175425578,-0.000180033963155627,3.77966903280337e-05,0.000107330562069183,-0.000311002906396798,-0.000542332818513758,0.000482231749280053,0.000695643090516664,-5.72660770874792e-05,-0.000658050010826699,0.00122726270176743,-0.00070128598693232,-3.76541640824415e-05,-0.00195903778402494,-0.0011529171037567,-0.000377748024418466,0.00215318565419027,-0.00315692655365273,-0.00112279214570039
