"","500","495","490","485","480","475","470","465","460","455","450","445","440","435","430","425","420","415","410","405","400","395","390","385","380","375","370","365","360","355","350","345","340","335","330","325","320","315","310","305","300","295","290","285","280","275","270","265","260","255","250","245","240"
"248.336",0,0,0,0,0,0,0,0,0,0,0,0,0,0,0,0,0,0,0,0,0,0,0,0,0,0,0,0,0,0,0,0,0,0,0,0,0,0,0,0,0,0,0,0,0,0,0,0,0,0,0,0,0
"252.814",0,0,0,0,0,0,0,0,0,0,0,0,0,0,0,0,0,0,0,0,0,0,0,0,0,0,0,0,0,0,0,0,0,0,0,0,0,0,0,0,0,0,0,0,0,0,0,0,0,0,0,-0.10034318899375,0.00803759892484088
"257.296",0,0,0,0,0,0,0,0,0,0,0,0,0,0,0,0,0,0,0,0,0,0,0,0,0,0,0,0,0,0,0,0,0,0,0,0,0,0,0,0,0,0,0,0,0,0,0,0,0,0,-0.0551744030177539,0.00239756511352375,0.0422498271892654
"261.781",0,0,0,0,0,0,0,0,0,0,0,0,0,0,0,0,0,0,0,0,0,0,0,0,0,0,0,0,0,0,0,0,0,0,0,0,0,0,0,0,0,0,0,0,0,0,0,0,0,-0.0644083955618973,-0.0102213145402203,0.0143949048012321,0.0205529169573263
"266.271",0,0,0,0,0,0,0,0,0,0,0,0,0,0,0,0,0,0,0,0,0,0,0,0,0,0,0,0,0,0,0,0,0,0,0,0,0,0,0,0,0,0,0,0,0,0,0,0,-0.0739453923316264,-0.0131326868318712,-0.00381639167446927,0.0198468485665632,0.00834305391339352
"270.764",0,0,0,0,0,0,0,0,0,0,0,0,0,0,0,0,0,0,0,0,0,0,0,0,0,0,0,0,0,0,0,0,0,0,0,0,0,0,0,0,0,0,0,0,0,0,0,-0.0851670956804889,-0.0146462851897052,0.000266865200262839,0.0072912035025608,0.010864977539259,-0.0321600014921059
"275.26",0,0,0,0,0,0,0,0,0,0,0,0,0,0,0,0,0,0,0,0,0,0,0,0,0,0,0,0,0,0,0,0,0,0,0,0,0,0,0,0,0,0,0,0,0,0,-0.0662025639932164,-0.0212689232980391,-0.00156300340475754,0.00269947099365897,0.000793866808658783,-0.0214132964895024,-0.00292915785928138
"279.76",0,0,0,0,0,0,0,0,0,0,0,0,0,0,0,0,0,0,0,0,0,0,0,0,0,0,0,0,0,0,0,0,0,0,0,0,0,0,0,0,0,0,0,0,0,-0.0536216360625517,-0.0186531122867138,-0.000175947664317257,0.00120280265543458,0.0110983580829862,-0.0159254787297467,0.0178156140186412,0.0271531062268505
"284.264",0,0,0,0,0,0,0,0,0,0,0,0,0,0,0,0,0,0,0,0,0,0,0,0,0,0,0,0,0,0,0,0,0,0,0,0,0,0,0,0,0,0,0,0,0,-0.0288379596579,-0.00103750785899886,-0.00245303441091164,0.00328527689962638,0.00319741742181695,-0.00998382621880373,-0.00959359999461435,0.00315007470289714
"288.772",0,0,0,0,0,0,0,0,0,0,0,0,0,0,0,0,0,0,0,0,0,0,0,0,0,0,0,0,0,0,0,0,0,0,0,0,0,0,0,0,0,0,0,0,-0.0268538231878652,-0.000433462874496471,-0.00125593987412349,0.00428058042042756,0.00897542129338297,-0.00621279252872808,-0.00301944168369088,-0.00435446037242425,-0.00271965160787227
"293.283",0,0,0,0,0,0,0,0,0,0,0,0,0,0,0,0,0,0,0,0,0,0,0,0,0,0,0,0,0,0,0,0,0,0,0,0,0,0,0,0,0,0,0,-0.0270270571574887,0.00124788471102541,-6.10430589816253e-05,0.00239745084606606,0.00527357783625504,-0.00657537295039018,0.00307850922607618,-0.000753858363046082,-0.000682034995807088,0.0373466936756997
"297.797",0,0,0,0,0,0,0,0,0,0,0,0,0,0,0,0,0,0,0,0,0,0,0,0,0,0,0,0,0,0,0,0,0,0,0,0,0,0,0,0,0,0,-0.0320882730425486,-0.00549532248346462,-0.00740625116691276,-0.00847748679040927,0.00107732341377254,-0.0179574973514496,-0.0154005334908251,-0.0179661523482364,-0.026224960087247,-0.0555372686011094,-0.110019299211281
"302.315",0,0,0,0,0,0,0,0,0,0,0,0,0,0,0,0,0,0,0,0,0,0,0,0,0,0,0,0,0,0,0,0,0,0,0,0,0,0,0,0,0,-0.0414120345043842,-0.00639609695838356,-0.00624287950727643,-0.0080001710662808,-0.000430946914757618,-0.014258251986392,-0.0149445275056897,-0.0157937480273321,-0.0159562690775653,-0.0330500814049499,-0.0613135784517663,-0.170409736672583
"306.837",0,0,0,0,0,0,0,0,0,0,0,0,0,0,0,0,0,0,0,0,0,0,0,0,0,0,0,0,0,0,0,0,0,0,0,0,0,0,0,0,-0.0386943253779134,-0.0012559370556201,-0.000200706999845316,6.5526110492202e-05,0.00377824610526667,-0.000583141916285668,-0.00398589444534762,-0.0061690921027182,-0.00277873235738745,-0.00275108415663849,-0.00429622545497788,-0.00106273063616189,-0.039627947976732
"311.362",0,0,0,0,0,0,0,0,0,0,0,0,0,0,0,0,0,0,0,0,0,0,0,0,0,0,0,0,0,0,0,0,0,0,0,0,0,0,0,-0.0418605585086222,-0.00290598555769561,-0.000507686414548687,-0.00162908036186749,0.00104223357166196,0.000330353194746169,-0.00562222909583454,-0.00228558416538781,-0.00334278181258653,-0.00512661978873103,-0.00538808621975414,-0.00918083115195899,-0.0118296731030281,-0.0254641889911511
"315.89",0,0,0,0,0,0,0,0,0,0,0,0,0,0,0,0,0,0,0,0,0,0,0,0,0,0,0,0,0,0,0,0,0,0,0,0,0,0,-0.046504943622443,-0.00429398946616771,0.00010157441711265,-0.000945148272710097,0.00162009613142495,0.00458441205653187,-0.00778300706757634,-0.00242737300201864,-0.00123005648378024,-0.00359207637814674,-0.00315024890893817,-0.0034166074033698,-0.00857577565068309,-0.00935161558513833,-0.0202741165806236
"320.422",0,0,0,0,0,0,0,0,0,0,0,0,0,0,0,0,0,0,0,0,0,0,0,0,0,0,0,0,0,0,0,0,0,0,0,0,0,-0.0107480984502853,-0.00737516649065435,-0.000566170005743615,-0.000256054287785041,-0.000375288898567701,0.0025441419115618,-0.00557261083938837,-0.00599036572516944,-0.0053008906920395,-0.00714092723481717,-0.0108687550810904,-0.00708274888716871,-0.00873475094182222,-0.0151502183839213,-0.0214768987176113,-0.0552269082480358
"324.958",0,0,0,0,0,0,0,0,0,0,0,0,0,0,0,0,0,0,0,0,0,0,0,0,0,0,0,0,0,0,0,0,0,0,0,0,-0.00465042266294335,-0.00930035175684862,-0.000825268108222213,-0.00157928396356956,-0.0026476880416556,0.00319156621080291,-0.00225830062614052,-0.00609748835294027,-0.00763169043601596,-0.00812479761515214,-0.00985886593299407,-0.0118997572154535,-0.0108336965741183,-0.00604967978304202,-0.0110758633656402,-0.0111990229007255,-0.0406320118868311
"329.496",0,0,0,0,0,0,0,0,0,0,0,0,0,0,0,0,0,0,0,0,0,0,0,0,0,0,0,0,0,0,0,0,0,0,0,-0.00508117668581476,-0.0143565008496323,-0.00156051821430276,-0.00199067395141708,-0.00155990915405618,-8.25441438128335e-05,0.000611802154105834,-0.00753130524809921,-0.0087745754476921,-0.00838985907665745,-0.00930502531890855,-0.0130024708519911,-0.0125572289665826,-0.0140731771946231,-0.00900130338296252,-0.0136531967922844,-0.0260439510439053,-0.0913814133351551
"334.038",0,0,0,0,0,0,0,0,0,0,0,0,0,0,0,0,0,0,0,0,0,0,0,0,0,0,0,0,0,0,0,0,0,0,-0.00497894402993615,-0.0168264739948901,-0.000901578099519285,-0.000685614493952732,-0.000812497719668509,-0.000634693936562406,0.00124572411576729,-0.00491213095892143,-0.00645665476409275,-0.00683672772792206,-0.00869009788272743,-0.0101184500804201,-0.011482161657824,-0.00798547101344788,-0.00805027020270951,-0.0100316404146359,-0.0153768423564352,-0.0223617882771555,-0.0193792868462076
"338.584",0,0,0,0,0,0,0,0,0,0,0,0,0,0,0,0,0,0,0,0,0,0,0,0,0,0,0,0,0,0,0,0,0,-0.0058189161838551,-0.0228226892432018,-0.00026760921013329,-0.00179795872287116,-0.000371442634253058,-0.000677871209369008,0.00371377786785307,-0.00265938262881288,-0.0023057072953639,-0.0059105796427549,-0.00644937059536734,-0.00853349161724113,-0.010070929231714,-0.00992015411664334,-0.0112755933843053,-0.0129759907777913,-0.00793317689971253,-0.00754100272221924,-0.0138016415842658,-0.0115846462487675
"343.133",0,0,0,0,0,0,0,0,0,0,0,0,0,0,0,0,0,0,0,0,0,0,0,0,0,0,0,0,0,0,0,0,-0.0064519590424722,-0.0259820846624145,-0.00226890585317493,-0.000696517167573758,-0.00158563390619216,-0.00125340672211994,0.000960738112675538,0.00205141970285946,-0.00420685319244677,-0.00355485245859853,-0.00565688428417828,-0.00665224975582433,-0.00798808608579287,-0.0122451418967761,-0.0113172622636414,-0.0129749007651124,-0.0145947787641315,-0.0163933327226766,-0.0228667493704326,-0.026247522450382,-0.0747941100884929
"347.685",0,0,0,0,0,0,0,0,0,0,0,0,0,0,0,0,0,0,0,0,0,0,0,0,0,0,0,0,0,0,0,0,-0.027806921138102,-0.00104638428632816,-0.000542605974747224,-0.000888172150773622,-0.00120234787557219,-0.000381741175199408,0.00182416131540161,-0.00261953677223423,-0.00241069427443051,-0.0027248304977111,-0.00357570758582593,-0.00474177087557014,-0.00689845830129588,-0.00846474490650068,-0.00660883968955395,-0.0077359848152495,-0.00770157370989408,-0.007946626760379,-0.013751503726963,-0.0241041972817913,-0.0386708981118832
"352.24",0,0,0,0,0,0,0,0,0,0,0,0,0,0,0,0,0,0,0,0,0,0,0,0,0,0,0,0,0,0,0,-0.0378002330231172,-0.00203076430113863,-0.00212047600171998,-0.000853048998269225,-0.00156865825998087,0.000136124462943442,0.00215875791635645,-0.00299740458081811,-0.00300882274909982,-0.00226558403752603,-0.00378687949005634,-0.00508660763215347,-0.00624317231553359,-0.0069102460102253,-0.00770018592802629,-0.0115096665305521,-0.0119223410720401,-0.012649194437363,-0.013748061264728,-0.0202085239118033,-0.0424383145552989,-0.054048292458259
"356.799",0,0,0,0,0,0,0,0,0,0,0,0,0,0,0,0,0,0,0,0,0,0,0,0,0,0,0,0,0,0,-0.0425430112571361,-0.00254600798397326,-0.00056079715151648,-0.000638964490832519,-0.000303615988718363,-4.43684517124517e-05,0.00262461908163565,-0.00130984429707506,-0.00196735417070824,-0.000645363425776863,-0.00299569000042747,-0.00176722358319972,-0.00372301534738476,-0.00549798409955176,-0.00670466248982496,-0.00774573757843647,-0.00503358435946274,-0.0064642896825408,-0.00991509514390218,-0.0124124334345936,-0.0108662439572104,-0.0296092423614242,-0.021934950399556
"361.361",0,0,0,0,0,0,0,0,0,0,0,0,0,0,0,0,0,0,0,0,0,0,0,0,0,0,0,0,0,-0.0402880517049446,-0.00403504948414626,-0.000458703320286204,-0.000615764343136844,-0.000911441119000316,-9.04362790862447e-05,0.00134085076568186,0.000997923242359297,-0.00132058777591799,-0.00128244846364451,-0.00192530100703912,-0.00222802662024965,-0.00337593940404036,-0.00393673386220738,-0.00378403619692292,-0.00563129335188872,-0.00475560771933889,-0.00789146475036617,-0.00369788202304745,-0.00572329075041653,-0.00472694038242938,-0.0177115259620943,-0.0354312524419236,-0.0449237474156872
"365.926",0,0,0,0,0,0,0,0,0,0,0,0,0,0,0,0,0,0,0,0,0,0,0,0,0,0,0,0,-0.0474232758873623,-0.00459179996162969,0.000411178167600391,0.001142692479703,0.000707421238277313,0.000330526617101362,0.00112895879606002,0.00322692184097434,-0.00091864556635142,9.31243195014036e-05,0.000609388842608403,-0.000818892156407534,-0.00049879666670048,-0.000253138147171235,-0.00188062877919634,-0.00174310982561056,-0.00171728330547233,-0.00302052292549598,-0.00288576128597818,-0.00101395872131756,-0.00398867714556566,-0.00473314389757413,-0.00104396748834841,0.00662324177310042,-0.0229280915177498
"370.495",0,0,0,0,0,0,0,0,0,0,0,0,0,0,0,0,0,0,0,0,0,0,0,0,0,0,0,-0.0511347775873042,-0.00859144987962984,-0.000876407354939777,-0.000775551180503459,4.58336584996041e-08,-0.00126115027481685,5.20559738487469e-05,0.00176731321298948,-0.00212919306843926,-0.00173235586765231,-0.000994957591864317,-0.000405894418890909,-0.000777539343579234,-0.00136754797639956,-0.00174534378799442,-0.00159337234962304,-0.00308562683932627,-0.0038486437274394,-0.00352748950985085,-0.00352855384923153,-0.00493755917353151,-0.00353173660700904,-0.0044472761653129,-0.00738652985668636,-0.019440383077996,-0.0367086711870898
"375.067",0,0,0,0,0,0,0,0,0,0,0,0,0,0,0,0,0,0,0,0,0,0,0,0,0,0,-0.0536853040645445,-0.00952380540869366,0.000107760959284617,0.000418880390283506,-0.000507860975720766,-0.000617492313195032,-0.000430669774327698,0.00109831581270158,0.000417233717442414,-0.00157064781771256,0.000568691854152457,-5.37724515450664e-05,0.000498363319783232,0.000187152405448448,-0.00014673636131648,-0.00089215828406873,-0.000779222517771,-0.00210194104671836,-0.00131181404963694,-0.00103881315119488,-0.000803076233316898,-0.00176326793068948,-0.0012056875365664,0.00409309993159193,0.00413342233100884,-0.00144918039503987,0.034775838758748
"379.641",0,0,0,0,0,0,0,0,0,0,0,0,0,0,0,0,0,0,0,0,0,0,0,0,0,-0.0233359801824377,-0.0115861608804145,-0.00103616002669525,-0.000251853490990279,-0.00074694994440068,-0.00170275172275276,-0.000136517378708581,-0.000450062797362025,0.00117756383988983,-0.00303180401333193,-0.000859914027441655,-0.0009879902880283,-0.00120033400967769,-3.32186890375498e-05,-0.00093518916094971,-0.00140048130210478,-0.00171341872407845,-0.00257092602210984,-0.00358247828693473,-0.00313042729864499,-0.00504001229205262,-0.00194493700466187,-0.00514555972309353,-0.00419601610448934,-0.00427133918975749,0.00236382436112761,0.00463410263647481,-0.0490145197977468
"384.219",0,0,0,0,0,0,0,0,0,0,0,0,0,0,0,0,0,0,0,0,0,0,0,0,-0.00263474160778188,-0.0158948169336509,-0.000588044885804989,-0.000176620862971696,0.000699608683020585,-0.000243121651149277,-0.000448401284158736,3.03902329775313e-05,0.000232250307056744,-0.0011375205625065,0.000122055051019369,-8.66924640712395e-05,0.000256027290979828,0.000102167966902284,-9.3037894486405e-05,-0.000508378409135292,0.000260111885844551,0.000823702794220064,-0.00131787029749786,-0.00214660718865873,-0.000931655459133644,-0.00105499478959936,-0.00106476840414632,-0.00096007414945338,-0.00405019576872624,-0.00110030244741608,0.00197696530715053,-0.00433656769770894,-0.0297619639290756
"388.801",0,0,0,0,0,0,0,0,0,0,0,0,0,0,0,0,0,0,0,0,0,0,0,-0.0029492311917908,-0.0172129051692061,-0.000137529039034538,0.000800077890286552,-0.000126517401934667,0.000894259525214565,0.000609204390507175,0.0011236768866415,0.00195201737652427,0.00119460407555851,-2.06484856319494e-05,0.000131137235736054,0.000114018659218228,0.000310856265651438,-0.000100194736079033,-6.35700073568413e-05,0.000142818619039524,-2.13033559047036e-05,0.000447612607213917,0.000183948924732681,-0.000709935573493143,-0.000905824730085081,0.000601380449338663,-0.00135928855989519,0.00163906961913657,-0.00376146411722449,-0.0037986036733547,-0.00334093878404654,0.0101636617155105,-0.0101302069265652
"393.385",0,0,0,0,0,0,0,0,0,0,0,0,0,0,0,0,0,0,0,0,0,0,-0.00315125065678445,-0.0232114912581164,-0.000364873509928715,-0.000498664045857842,-0.000204621381537665,-0.000288279037834526,-0.000697472018851968,-0.000689495160620304,0.000180487116599629,0.000270644976905765,-0.00101875440938938,-0.000115352481355596,-0.000302594735843666,-0.00035098916923256,-0.000758330888660889,-0.000687712867763111,0.000114596412586073,-0.000841936634395352,-0.000699462699624106,-0.00102273826526486,-0.000723572488348586,-0.000469547420821383,-0.000815807861828912,-0.00273216565858948,-0.00318298078998491,-0.00334935117956466,-0.00200477892875842,0.000787540871244028,-0.0106178509843975,-0.0153502055750191,-0.0174944388867493
"397.972",0,0,0,0,0,0,0,0,0,0,0,0,0,0,0,0,0,0,0,0,0,-0.0018119531303965,-0.0286168798638108,-0.000522459789858921,0.000158179730849175,0.000411839057687895,-2.44439207384333e-05,0.000123253625898495,-0.000110661164479905,0.000282435233811794,0.000307914006532975,-0.00100995010653432,0.000460001789870524,0.00015158911424428,0.000703800723997691,0.000287838469832008,-2.42887688465511e-05,8.38073352951161e-05,0.000273126200895703,-0.00063474989558304,-0.000763140081421008,4.7702733571061e-05,-0.000162466541699859,0.000300885318263823,0.000137370958587852,-0.000513920411447813,-0.000546989361355781,0.000719645370463735,-0.00158720220796435,-0.00133933033513227,0.00309474601986032,0.00329382146888195,0.0161555985723137
"402.562",0,0,0,0,0,0,0,0,0,0,0,0,0,0,0,0,0,0,0,0,-0.00261093360017006,-0.0311200300142692,0.000185378395894655,-8.97006850752733e-05,0.000316687699998473,0.00047544792618097,0.000365527097486916,0.000309391047798862,0.00010193482092012,0.000610892399392014,-0.000794804480353954,-0.000179182911084373,-5.49175406799962e-05,0.000553823825549597,0.00034249448341391,0.000372392230263909,0.000588611100618684,9.18606972685088e-05,0.000730798458640007,0.000224516877920344,-0.000377836176598227,0.000247262258216496,-0.000105883497346073,-0.00133444547475288,4.19695603728413e-05,-0.00174675843277508,-0.00117005909129475,0.000994805120714966,-0.00226420897735686,0.00256402621500156,0.00435767149243629,0.000603801243741168,-0.00581905725840152
"407.156",0,0,0,0,0,0,0,0,0,0,0,0,0,0,0,0,0,0,0,-0.00158123875402416,-0.0354103290640239,-0.00157304201821736,-0.000112988485772086,-0.000527415080071416,0.000548302370841929,0.000185744633010013,0.000345601082773531,0.000626794904864553,0.00172629467100435,-0.000273873465489349,-0.00033156998125598,-1.17829702668969e-05,0.000367515836556132,0.000872001914592205,0.000483378741499724,-0.000331681323528788,-0.000362206913874435,0.00034178341360481,-0.000504130947974102,0.000266191975161189,-0.000117645780492725,-0.000325687252403909,-0.00204180676812855,0.000561262025663695,-0.000568368902517762,-0.00154158764803353,0.00102905969169183,-0.000234846897065904,0.00053450918453243,0.00267617424835789,-0.00474276535425142,0.000975170840296655,-0.00840180105438484
"411.752",0,0,0,0,0,0,0,0,0,0,0,0,0,0,0,0,0,0,-0.00127462490362029,-0.0453515432068582,-0.00148360561831297,0.000340883523084148,1.15724002899458e-05,-0.000930381898533705,0.000570194468509551,-0.000359944014444254,0.000194521903726617,-0.000171631392338632,0.00113183400541739,-0.000890091064785367,0.000239967242692557,-0.000292128532437703,-2.41765607263663e-05,2.36917371132299e-05,0.000135512691451205,2.83176473375029e-05,6.20532712797656e-05,-0.000341423498698268,-0.000311403832577933,-0.000989395425132348,0.000936473380630498,-4.72598874322761e-05,-0.00027030002967471,-0.000176132748309123,0.000753663889330831,0.00105750370913401,0.000218594186410258,0.0019630465024518,-0.00263492082492337,0.000455932346038558,0.00010408100074014,0.0113641442477966,-0.000320866550333679
"416.352",0,0,0,0,0,0,0,0,0,0,0,0,0,0,0,0,0,0,-0.0469748332865289,-0.00183123360452243,-0.000561918214645457,-0.000459462858163874,-0.000298901396558677,0.000154875614714548,-0.0007159294730887,-6.64681447026471e-05,0.00100396730865057,-1.491855228411e-05,-0.00056077155973381,-0.000644637890186086,0.000419139519695047,0.000223591258211556,-0.000474245905340469,0.000177749689740626,5.48742902477978e-05,-0.000229419802175889,0.000150802691955016,0.000665048456559681,-0.00128551713920393,0.000242844851476502,1.12629504802148e-05,-0.000510449387697698,-0.000265810474703348,-0.000943478841473352,-0.000942629880243229,-0.00251159617565169,0.000681897074885409,-0.00183302799262304,-9.84534381640523e-05,-0.00297976967540349,-0.00642655736420284,-0.0048191309245868,-0.00933326930418395
"420.954",0,0,0,0,0,0,0,0,0,0,0,0,0,0,0,0,0,-0.0519394277661011,-0.00308268279135324,0.000480838190167732,0.00028004196777061,-7.08851522822737e-05,0.000356905321431618,0.000132046975864831,7.93418409153089e-05,0.000118234055982359,0.000720919749141936,-0.000356807741161091,-0.000578585672658897,-0.000178472583451646,0.00018999094274861,0.000344378547544888,0.00012115836381102,0.000976995002707539,0.00055215805697811,8.50376642458923e-05,0.000688071337951448,0.000785385666407815,3.11675994664069e-05,-1.90389478815639e-05,0.000523562375187612,0.00116224000975767,-0.000426219454006182,-5.15352221316348e-06,0.000530991299497087,0.000633979312897894,0.00136716729154919,0.00020819282121126,0.00271633239510536,0.00125631626454852,0.00689819760411936,0.0109150226988825,0.0151815222710386
"425.56",0,0,0,0,0,0,0,0,0,0,0,0,0,0,0,0,-0.0579214996675927,-0.00512725274169714,0.00101717761323231,0.000340692663787368,0.000463292637508108,-0.000193779182844962,-7.88058607639993e-05,0.000121791812143206,0.000177808984084343,0.000632154588970948,0.00024003889856191,-0.000582090482654334,0.000366691982325523,0.000355875532494758,0.000394167717950599,0.000534079757966882,0.000165136111817221,0.00055174095970091,0.000712178037121473,-6.26385966987818e-05,0.000333530062039716,0.000262269735073292,-0.000467796766726944,0.000778167266123294,0.000487521149298909,-0.000346894301236678,-0.000872463474097536,-0.000671964660932623,0.000502313730367456,-0.000405146759686197,0.000118148718479035,0.00100131127717731,0.00234864421668799,-0.000749294271095076,0.000196185981507506,-0.00309168521255468,0.00548676232931259
"430.168",0,0,0,0,0,0,0,0,0,0,0,0,0,0,0,-0.0621953124801384,-0.00629999964911479,0.000127413020015788,-0.000222485999695284,-4.94015571925622e-06,-0.000428805486507561,-0.000230427938077283,1.28366222474454e-05,-0.000587393072151584,0.000649656653438203,-2.40125690320475e-05,-0.000518450933341123,-0.000124973880130419,-4.113759813156e-05,0.000245854655612028,-0.000438110234327356,-0.000167492526912344,-0.000231609230077809,-0.000325420272266527,0.000142673830883779,-0.000140091809573793,-5.29033499606478e-05,-0.000200891166334604,-0.000230945033714111,-0.00068469674656331,-0.000317351470730897,-0.000299211524621704,-0.000206804362703318,-0.000252975428840486,-0.000151328417095043,3.88224813236693e-05,-0.0015082963821973,0.000659450812470204,0.000564909875430944,0.000788996844372786,0.00163643679958174,-0.0134374921319458,0.000766496339598691
"434.779",0,0,0,0,0,0,0,0,0,0,0,0,0,0,-0.0673141969458577,-0.0102824218784249,-0.000573913921315966,-0.000689553884159389,-0.000489481893739784,-0.000462938173037608,-0.000911653897385951,-0.000684740633726368,-0.000348202347393794,-0.00062477984222485,0.000558947576477266,0.000235503235895947,-0.00109677614925389,-0.000696082974381249,-0.000422131146871959,-0.000582043210117074,-0.000522528483987282,-0.00047123550267282,-0.000796730972265455,-0.000580712786180828,-0.000178398508917434,-0.000834870959739535,-0.000451377317309935,-0.0010940357750251,-0.00110791551283342,-0.000830535185994235,-0.00193563056652808,-0.000648096433416927,-0.00135076231849254,-0.000868809431501672,-0.000805574532689138,-0.00302692221463217,-0.00117879326775345,-0.00225478490607137,-0.00182420231220324,-0.00543107280486924,-0.00441361185773492,-0.0107745726573787,-0.0390956084842246
"439.393",0,0,0,0,0,0,0,0,0,0,0,0,0,-0.072484857892798,-0.011687883660981,-0.00043269618988525,-0.000605103403668457,-0.000693636132608049,8.87356751375517e-05,-0.000621563797294036,-0.000498479472643038,-0.000649161540471951,-0.000775034457217306,0.00103401241571866,-0.000257741389456105,-0.000885241166394695,-0.000800192302663864,-0.000313681519496211,-0.000573884358062128,-0.000143073689675166,-0.000395793739083803,-0.000387985225848065,-0.000141304269438559,2.23598496293351e-05,-0.000276030082081246,-0.00052187014553124,-0.000978157195390004,-0.000713668589222464,-0.000545088294003994,-0.000545362639374969,-0.000824901444453285,-0.000322607324753923,-0.00058750855256603,-0.000530772595739782,-0.00157872053501856,-0.000588946760028892,-0.00276707005536255,-0.00129541401651229,-0.000792107588368976,-0.000427643566288037,-0.0017147902016974,-0.0110809766325175,-0.0118051679981605
"444.01",0,0,0,0,0,0,0,0,0,0,0,0,-0.068848456260556,-0.0169157376481545,-0.000663270862962893,-0.000409803680213261,-0.000343238607963875,-3.93448689469781e-05,-3.41071275940241e-05,-2.43569934085712e-05,-0.000386149537000902,-0.000563736178335915,-0.000786417658270117,-0.000646944758368975,-0.000616865895223844,-0.000343793169545944,-0.000101885041111417,-0.000230620742843154,-0.000378171919719439,-0.000328222105751792,-0.000138239711088947,0.000488007117788637,-0.00027621144171032,-0.000360916224514558,7.08983933258988e-05,-0.000126157741889232,-2.21083798647341e-05,5.12208265427537e-05,-0.00043896712889013,-0.000166946267706234,8.8090027829557e-05,-0.00093861650798565,-0.000671996262591142,0.000344242430837063,-0.000447620349717236,-0.000752524706608954,-0.00132696991512337,-0.00110892799549803,-0.00305235603652456,-4.28773305117224e-06,-0.0062189447111191,-0.00348434213636963,0.0175431028961217
"448.63",0,0,0,0,0,0,0,0,0,0,0,-0.0646222305282966,-0.0190309102567188,-0.000245313809859252,-0.00030999052066213,0.000103791337017693,-8.94629086961108e-07,-0.000192687656398799,-7.20979159381078e-05,-0.000592978266792676,-0.000161093501084966,0.000679104511929663,-0.000349074176655986,0.000433213115724952,-0.000358241037546574,-5.46415771944596e-06,-8.92583446431267e-05,-0.00028529193992432,0.000184326228688506,-5.45733821252309e-05,0.000281081894228797,-0.000128220740186341,0.000180261583310927,0.000245216881651592,2.52108824685484e-05,-4.84152178302377e-05,-0.000131092025263365,-9.79000636782128e-05,2.96744458338486e-05,6.66842770584879e-05,-0.000477722775785953,-0.000435352338997044,-0.00064502244741388,0.00105401001528917,0.000134951632035938,-0.000217265001197539,-0.00139174159963539,0.000738708426049486,0.000628789078518037,-0.000482272666417102,-0.00240414564831073,-0.00255111347272221,0.00138106274430909
"453.253",0,0,0,0,0,0,0,0,0,0,-0.0467025146332968,-0.0255142561712656,-0.000442018796706994,-0.000280802365755221,9.4637103360002e-05,7.89626529926241e-05,-0.000409652034145239,-0.000323993297031401,-0.000405690069296593,-0.000708855558788733,-0.000528784351458522,0.000558488632311113,0.00103511595700808,-0.000852195937915171,-8.5437930589533e-05,-0.000147765072090734,0.000447325146888141,-0.000128268941772778,-1.32508194370537e-06,0.000390021343256556,-5.01301037719897e-05,-0.000330583197258043,-0.00039193714403999,-0.000337463913696344,-0.000368417890540698,0.00011889159912533,-1.04277553400138e-05,-0.000363013983812279,-0.000681758157612136,-0.000312512789629735,0.000258088794072368,-0.000176000198987561,-0.000324953778673728,-0.000658068897505213,-0.000237690495787672,-0.000728960255122289,-0.000165683878327277,-0.00271167007979354,-0.00240485008392933,0.000694796011334645,-0.00457304519592014,-0.00292331351406244,-0.044501738916236
"457.878",0,0,0,0,0,0,0,0,0,-0.0315062559547908,-0.0271090380782861,-0.000407761117776941,-0.000132929001431383,-0.000251992092020845,4.5575155795215e-05,0.00020609102952391,-5.4042446725436e-07,0.000193754430500695,0.00036898693319665,0.000377663225636587,0.000710250838069859,-0.00786835130054366,-0.000224061576086145,-0.000168078131800798,-0.000106838396449118,0.000415089930152552,-0.000210303420155982,-5.99153979062323e-05,0.000691970998295482,0.000361917807382478,-0.000391651019921219,7.78252974365237e-06,-1.75773569774142e-05,5.93222970338453e-05,0.00047753061064032,-0.000192354058471699,7.74577440617859e-05,0.000306325526147863,0.000610921568925218,0.000366331518166117,-6.22216646445629e-05,0.000103836266694891,-8.84377799211768e-05,-3.54094400392114e-05,-0.00036950191710171,-0.000511204534621335,0.000109285428087577,0.00036170676971839,0.0015449615346124,0.00304529943426151,0.000361863980072344,0.00136032543310466,0.00348336928354728
"462.506",0,0,0,0,0,0,0,0,0.00073376230491845,-0.0287778064650535,-0.000639032566182383,0.000329908378578613,0.000461504608047118,0.000657046170526874,-9.09403748865193e-05,0.000434103403173192,0.000200193973744053,0.000658841583689605,0.000161859119391436,0.000747167062215668,0.000723601291105744,0.00052019605012036,-9.35125124897247e-06,0.000269808448442459,0.000483962890347448,0.000512360580049725,0.000456072524951889,0.000221732667419532,0.000468038747261728,7.19328712220081e-05,0.0003517025408019,0.000207972034437501,0.00032492140596667,0.000173861837772656,0.000198009526909223,0.000243903012827134,0.000945502817534716,0.000414035941905434,7.34433233196824e-05,0.000839417934240316,0.000252579656825874,-9.29724587344099e-05,0.000692020630514808,0.000609537747879068,0.000825840385760887,0.000272088893605336,0.00103656931315062,0.00114381748882354,3.65274511062307e-05,-0.000177471467746351,0.00188681612642288,0.0103286563082796,0.00429289755213043
"467.137",0,0,0,0,0,0,0,0.000122519227302886,-0.0127892670148906,-0.00116746768251878,7.12922441242977e-05,-0.000438088418997595,3.03670629185473e-05,-0.00023001630654692,-5.83604089153546e-05,5.38369114465779e-05,0.000123489296904056,-0.000348579911563898,0.00043094894945981,0.000647500569709403,-0.000714696806829899,0.000321198117274456,0.000377140590754742,0.000249815084303659,-0.000111968314057024,-0.000175161881872347,2.32516839485071e-05,0.000375040005403009,0.000382809341254696,-0.000500171171020748,0.000141322311460658,-0.000151542008886001,0.000104779422248149,-0.000107120673620627,0.000281567562082089,2.58336228066501e-05,-2.92274103560739e-05,-0.000131849229773049,3.08828042784444e-05,0.000908576328326728,0.000467189765171387,0.000531702597054585,-5.75486427918959e-05,-0.000575221094440793,0.00017167692391247,-0.000845643270021602,-0.000864746613739182,3.03527323294652e-05,0.000201151333983004,-0.000170554530099539,0.00159664356697148,0.000700929345203312,-0.00761822563832036
"471.771",0,0,0,0,0,0,-0.00172817366745781,-0.0252194768460753,-0.000536714300839194,0.000232935895639842,0.00035743971326096,-3.98449408864087e-05,0.000452460967046743,0.000870418849693326,-5.71581109065799e-05,0.00084458997168256,0.000417692163376827,5.5556050772656e-06,0.000625920756470888,0.0010938128075489,0.000505676389244538,-0.000238722451910339,-3.10375956783858e-05,0.000678113670108138,0.000380478452276701,0.000229669418988493,0.000812424138173523,0.000402287102574253,0.000385644475466048,-0.00026596835087308,9.38245874292418e-05,0.000860013476723848,0.000190628293728044,0.000232002427777147,3.2759235458465e-05,0.000105591445400216,0.000608966243473915,0.000523987381235577,0.00060350755670951,0.000510193302036701,0.000711380826791394,-0.000530029121128455,0.00101834300441592,0.000386301672718819,0.000867537908213816,0.00100844099377811,2.08624788350118e-05,0.000346314225997685,0.000355560871943074,-0.00156866167057909,0.000706154639046455,-0.00489802840409596,0.0369135481518883
"476.407",0,0,0,0,0,-0.0482832196424355,-0.0316301469577142,-0.00174377023414104,-0.000125857985091584,-0.00018541163920303,-0.000121111017550734,0.00015694246458392,0.000120170208029325,0.000134646826719854,-0.000353633398279628,-1.40173055250797e-06,0.000236141942087009,0.000942745519644316,0.000504934499858504,-0.000654220917917333,2.54381762495202e-05,8.89393531485047e-05,0.000208310235003392,0.000425998497570937,0.000413044185430831,0.000417838785097848,0.000136863394318021,-0.000304782045789447,0.000383022276905884,0.000458742914200805,-0.000130025270649593,0.000503847503355081,-1.16739707299966e-05,-3.4992353063037e-05,8.94633963414442e-05,0.000121670505420265,0.000137513652944145,-0.00026920933562599,-0.000398564630912922,0.00041768454851678,0.000150479190258942,-0.000335935613471086,0.000265223052789695,9.27049239018104e-05,-0.000608287323695653,0.000309677252292582,9.78017201377533e-05,-0.000200318479225074,-0.00138355802997418,-0.00178968073086209,0.000615112322039424,-0.00159777088360879,0.035400867266998
"481.047",0,0,0,0,0,-0.0371931046317436,-0.00165808306875445,-0.000104502130405078,-0.000218082572022494,-0.000101369525687207,-8.04363047387828e-05,0.000406664354397187,0.000465968287611558,-0.000137816856559767,-1.30082768307711e-06,0.000168305725351237,-1.00967646789792e-05,-0.000109760164680422,-0.000161076290729721,4.51278338908876e-06,-0.00023824433773333,-0.000369777327499796,-0.000412827200741167,1.65814695721227e-05,-7.6563561912379e-05,-9.86712332913338e-05,7.14743544684491e-05,4.64504924307814e-05,-0.000162217410623908,0.000108991162353648,-0.000253604168166408,6.87066484463522e-06,0.000245043511002207,-0.00043785006881563,-8.47072276872905e-05,-3.67567409706968e-05,0.000176707860369338,-0.000168206268512823,-0.000444935001587948,6.27911320485044e-05,-0.000223465828057138,-0.000231310812069736,-0.000242006454156529,-0.000853666743869441,-7.68693046030716e-05,-2.83294772638624e-05,-5.50796332392216e-05,-0.00147693488598706,-0.000930272082353092,0.000768082376043024,-0.000696007905760255,0.00124996411969237,0.02252578358031
"485.688",0,0,0,0,-0.0405225157462102,-0.00392636825352203,-0.000211239266496075,0.000164757665478196,-3.51626967403805e-05,7.11583326747152e-05,6.50288766885099e-05,0.000148835286509673,0.000410651013761326,0.0003922490459228,0.000512749481293649,0.000483134052011465,0.000645213231314652,0.000328398982925679,0.000710954652461186,0.000602677968451917,0.000859724049326803,0.000645941455970324,0.000412751933467675,0.000498497789848808,0.000708523816472758,0.000369483014211963,0.000759799604888968,0.000791569179719303,0.000249183321225142,0.000463451756242369,0.000220846710739399,0.000133650143088336,0.00015751750955079,4.04558998456148e-05,0.00041912188741511,-0.000165797152567781,0.000390388105820651,-5.94162429645932e-05,0.000312341419176049,0.000675946823793846,2.47466080457474e-05,0.000804391494721713,5.73355096457637e-05,0.00101479214542008,0.000110617335905683,0.000557738972288795,0.000746932831192004,-0.0002267084260604,0.00184394336541642,-0.00122721954573228,-0.00235708933367544,0.0116210791437815,-0.00124031852728346
"490.333",0,0,0,-0.0441520691113965,-0.00440769364928785,-0.000746874256609309,-0.000198759980265486,-0.000283444218281037,-0.000367995613399909,-0.000536218680506095,-0.000563416159608995,-0.000581194480019169,-0.000735870569890192,-0.000515070065086921,-0.000882983992165855,-0.000610956483554759,0.000103279026117439,0.000157962947068345,-0.000646316240421406,-0.000528686292291172,-7.06707599721983e-05,-0.000379673694081086,-0.000864271738376681,-0.000891525039832177,-0.000211856301768554,-0.000632801409327011,-0.000334135449028635,-0.000324323555300052,0.000208013766963781,-0.000469410818447337,-0.000593798654945674,-4.82837424098217e-05,-8.94914716603975e-05,-0.000664461212868428,-0.000454198248007598,-0.000292576444087211,-0.00039264994652852,-0.000100832189214913,-0.000489911967964287,-0.000466859086145243,-0.000297796255979737,-0.00134180644577677,-0.0008482837315511,-0.00229074781888955,-0.000960285687141791,-0.0015519341242621,-0.00235677066178785,-0.00413558362317799,-0.00252058981753089,-0.00545395754778636,-0.00463293370985473,0.00525455314389367,-0.0214790894956118
"494.979",0,0,-0.0479246490058212,-0.00525989816536875,-0.000232286121796062,-0.000288974734960934,-0.000358380798441749,4.13355221298578e-05,-0.000132305104664588,-7.76835231380878e-05,-0.000258622218060694,2.33168799362228e-05,-0.000298474514005679,-0.000403211395950532,0.000325529008563894,9.42446967378725e-05,5.97290651318735e-06,0.000352054291563532,-0.0007736120739495,3.80409012771749e-05,-8.95630121893603e-05,-0.000315188478295116,6.32328834099697e-05,0.000115075587158438,4.96187445952846e-05,0.000432809848396327,3.73887795930158e-05,8.03980149096876e-05,-0.000228381525520757,-4.26074846919512e-05,-0.000207349729102166,-1.60270637577569e-05,-8.92692288312691e-05,-0.000269540514684926,-0.000429496161637377,-0.000158955477188976,-0.000420311112450854,0.000334754004678116,-0.000615551210603861,-0.000346602646080704,9.29739560877133e-05,0.000151340049440643,-0.000101638476119962,7.86067648353142e-05,-0.000959981773109301,0.000241495239497397,0.000711695906726167,-0.000173352383144799,-0.00211931119655493,-0.00212790504723098,0.00361214691286328,0.0114516272812265,-0.00612907660249631
"499.629",0,-0.0522916025137587,-0.00556366294899313,0.000326591833993386,0.000175471522630237,0.000187678512639373,0.000105166002861431,0.000136739991438406,0.000378299443514199,0.000183454311416348,-5.34511247034362e-05,9.35822254802246e-05,0.000433502414420549,-5.1234866216026e-05,0.000354190717021606,0.000310370656468866,-2.12127696142088e-05,0.000288192843173306,-0.00065697955003448,0.000780650246136177,0.00046880023602874,0.000320935252512605,-0.000156274899166743,7.00641996517874e-05,0.000579384531311252,0.000497168966880695,0.000305038910277205,4.62875953367838e-05,0.000310816899675989,0.000339375483267087,0.000179216122394714,0.00021714062497572,5.48011814482626e-05,0.000288906812895274,0.000215305972765361,0.000466332551955768,0.000352325117987631,-0.000179348037777342,0.000123627790396498,0.000317957238342416,0.000162513412654649,0.000621309430875084,0.00103593224289847,0.000332792843443198,0.000875907581446445,0.000528668347829478,-0.000218324321373938,-2.02592467721998e-05,0.000338044207160362,0.00263364893916329,0.0100973037625785,-0.00190462103737926,0.0155034953581635
"504.281",-0.0752096168775936,-0.00628954966290988,0.000775535736065884,2.68763619690627e-05,-0.00016070783871507,0.000147329364936445,-6.10211507850786e-05,8.22465353472376e-05,-4.25120179455777e-06,0.000153978776668134,0.000190375507923578,0.000273476074471643,0.000176240959631275,7.46147264863032e-05,0.00054661720467308,0.000403856596059788,6.67632132304473e-06,0.000374413078641605,0.000486117547168279,-1.09798425371289e-05,-3.09292783969105e-05,0.000284128306712864,-0.000174942249073706,-4.54783312890104e-05,0.00011639570940348,0.000103632816273621,-0.000147753472573352,0.000286137380941355,-0.000106732058400493,0.000146039368224352,0.000121906724041726,1.97823163068451e-05,0.000141338817148198,0.000359776552578102,0.000222095574220628,0.000587011505375143,0.000193289148796916,0.00028319867694537,7.49665072827699e-06,0.000261362360622926,0.000256442922865378,3.57429850337036e-05,0.000136526546631332,0.000671434903980258,0.000894013766112882,-0.000297172539359007,-0.00243240398334101,0.000452158568196239,-0.00235002121481175,0.00271999675352187,0.00319352995087613,-0.00848760874055121,0.0171119871638841
"508.936",-0.00894790134846006,0.000178736537291669,-0.000461928652722619,0.000424774317133004,-6.93107677278114e-05,-0.00038531091708717,7.89352829310159e-05,-0.000153958737532899,-3.48146440549569e-05,1.74679565721535e-05,-0.000171086374556809,-0.00027248890883206,4.60126580617681e-05,-0.000154883219431809,-1.68784581024324e-05,-0.000610026888055211,-0.000428615939388657,0.000262547535341235,-0.000495845868317553,-0.000306616696417137,-1.0803893245669e-05,-0.000266389992551607,-0.000256035858156076,-5.32227343127107e-05,-0.000209494800879777,-0.000342463571538027,0.000400357873956954,-0.000545780562709142,0.000166506783622137,-0.000168344446679878,-0.000204949021951462,3.87819599309645e-05,0.000125332363759978,5.78057920655142e-06,-0.000251373906326522,-0.00043941830918835,0.000173305933885223,-0.000129273550503755,-0.000309889696624562,-7.98407580585666e-05,-0.00052740783524222,-9.07948350401406e-05,-0.000451251608894957,1.35401682290038e-05,0.000220955423414767,-0.000364792294706151,-0.000494200775254606,-0.00126581305127553,-0.00186928461281424,0.00751905906422609,-0.0165170564944581,0.00131073285721559,-0.00895612641071222
"513.593",-0.000359318691446898,4.27280544973512e-05,-0.000631506464116373,0.000133565939071187,-0.000164892421767644,-4.32850868293615e-05,-0.000233267266657417,0.000162339632031903,-0.000185939069407083,7.61428874777531e-05,-0.00020238374961672,0.000239295518735399,0.000182312859055896,-0.000350760097413512,8.82124721951795e-05,-9.22515089743872e-06,-0.000297361836672287,-0.000287820278171628,-0.000742255030404718,0.000215372255875899,-0.000106845553533668,0.000154720277278666,-0.000653109243360304,0.000454506464301718,-0.000207935970835161,0.00024075445162286,0.000207385924728033,0.000166613717625057,8.37447441200446e-05,-0.000267575324498254,-0.000264249210536323,8.51312855594884e-05,-0.000113231125035113,2.84113581091695e-05,-2.54263214213543e-05,0.000494521427334232,-0.000110787026755577,-0.000420408595961908,7.05730126059067e-05,-0.000131461790701074,-1.26893045118883e-05,0.000375780290449085,0.000123024921799985,-0.000194291386356723,-0.000538462308902488,-0.000753783063131657,-0.000437359694674169,0.000796146225118454,0.00363438638499005,-0.00189210925030558,-0.00865271041592092,0.0056720726199727,-0.0147240897259645
"518.252",0.000174828667075438,-0.000236553480488686,-0.000228993482636712,-0.000174293306196425,-3.12851544887854e-05,-3.5113069458682e-05,2.73810759525065e-06,3.59466945472948e-05,-4.96435000068073e-05,0.000128331045966788,-0.000117787458260092,0.000475388087088704,-0.000231783925988806,-0.000204955569634012,-0.000226743763927924,-1.61019809149208e-05,-0.000335704718922041,0.000243391319825708,-6.48969825298699e-05,0.000291904492860463,-8.77715838244557e-05,-0.000145357535045617,8.88308478698835e-05,-0.000245987236194447,0.000446272357527851,0.000240842868359652,0.000372842018097719,-6.47244160018035e-05,-0.000182266026640781,0.000185262497875102,-0.000202338329095078,0.000191397105118986,7.67302558469247e-05,-3.2575032131392e-05,-0.000140599918150707,0.000432411545250704,-0.000118843268862719,0.000125870892523466,-1.05036644125063e-05,-0.000577427526694086,-0.000187450112303201,-3.9680915221565e-05,-0.000360916138113888,-0.000381708030061064,0.000291560712544199,-0.00135211484261854,-0.00119696462595615,-0.000184927607414393,0.00574716752893173,-0.00761985386276148,-0.00204977387533872,-0.00899573704458083,0.0224330911843267
"522.914",1.56208094039311e-05,0.000324383476510447,0.000510992869205192,6.492914668096e-05,-2.05816705058765e-06,-0.000204291433780078,-0.000159279633435954,-5.78653287709236e-05,0.000115268004736147,-0.000156959017894204,-3.64933407770713e-05,0.000631481077172464,-0.000170198918481529,0.000328103813371959,-0.000206992782097955,-8.42199615325872e-06,-6.38252598054114e-05,0.000200320938145439,2.72696586483039e-05,-2.96725144541803e-05,-0.000288026478554166,0.000269615816634228,0.000223535421952548,0.000259433841710642,0.000113947776393057,0.000191073060729632,0.000211522648964142,-0.000378329686698817,0.000140238388472995,-0.000188636575409866,0.000405363925084232,9.21478872730475e-05,0.000440823319506494,0.00046271847969538,0.000161235363214365,0.000248868004438255,-0.000191449914409013,-5.90436462800163e-05,-0.000305592358234601,0.000226768369797871,0.000447481610107121,0.000122722123543778,5.19259426989806e-05,-0.000507529261138755,0.000891286707912792,0.000836827822535983,0.000497045025088236,0.000799330202047317,0.00264596296048181,-0.0043424559537818,0.000769425270343202,0.00131024620898132,0.0190517137642449
"527.579",-0.000371405970596881,-0.000541288034329011,-0.000370746852702497,-0.000282373556721538,-0.000667176427133427,-0.000242953103230836,-0.000153587506039559,7.58581972657899e-05,7.01589961068732e-05,-0.000116534933316886,-0.00017799192231848,-0.000203309382767025,-0.000727284134580169,-0.000424809611121516,-0.000153085482047347,-7.53590832926381e-05,0.000246106076011327,-0.000342650540925143,-0.000330391944293741,-5.86244270384942e-05,8.55254435846964e-05,-0.000496062779042739,-8.92996260633455e-05,0.00033738333167614,-0.00022231828521548,-0.000464145791681415,-0.00012741118182809,-0.000375600588706769,-0.000150364209013055,-3.89807789349654e-05,-0.000215541571190413,-0.000790020015122916,3.16316799571324e-05,-0.000275471643018796,-0.000318041202197185,-0.000154968228532597,-0.000490323876053707,-0.000635343860192007,-0.000385108727584678,-0.000745714842836188,-0.000231859547966632,8.68886602994487e-05,-0.000121689875981792,-0.00086462790281505,-0.000646134474438862,-0.000669510390912037,-4.74995380040336e-05,0.002439020370922,-0.00497511109346954,-0.00309786235013451,-0.000509810876146552,-0.00326100319050569,-0.0107796316247283
"532.245",-0.000559219933218535,0.000147536692841967,4.36451186712616e-05,-0.000137476301043036,0.000255713354268479,0.000152732663815432,-3.60675891660313e-05,0.000147217941110879,-4.10496058635883e-06,4.27146088141216e-06,0.000240687916505982,0.000647532853885205,0.000171125821748256,0.000101171937406189,-0.000379842959953783,1.48828028132833e-05,1.59709837271455e-05,-5.0346351103811e-05,-6.39766262267937e-05,2.92322714646442e-05,-0.000659218291540933,0.000198249819400125,0.000224544750752991,0.000416233657578189,5.0099181300873e-05,0.000385208987904077,-0.000315253078304307,3.02178073951695e-05,0.000301345288617196,0.000232513260930062,0.000145044627060646,0.000139265903337075,8.52270956195112e-05,7.14496323161891e-05,5.87364316621559e-05,0.000310122754287706,-7.64851891179566e-06,-4.74146899679907e-05,0.000253215367570979,2.36851165397603e-05,-0.000218107543935945,0.000411768662158688,0.00104522391043822,0.00034377527692039,0.0001590111848028,-0.00117002014077239,0.00247456624296244,0.00502010322978769,-0.00517450987371545,-0.00142335110630676,0.000427540021405515,0.00580033895874617,0.0127381216153269
"536.915",0.000662554156840623,0.000126839020672509,0.000171294843024637,9.15671889699625e-05,0.000124410191473301,0.000161004461143796,0.000187674268480379,4.58587986703197e-06,0.000108752979987946,0.000330346095816034,0.000516598347073252,3.73495260394836e-05,3.84749928033349e-05,-5.87968337963552e-07,0.000275711450731858,0.000507840389717231,7.97961169497261e-06,0.0001685417523255,0.000703346293985654,0.00046915453744259,0.000519782872023132,0.000635746244674813,0.000216410694718501,0.000280068873716008,-2.47671080998671e-05,-8.8576882070896e-05,0.000255504958340624,5.45021517796176e-05,0.000460036654810889,-0.000165354837276639,7.10155282907489e-05,0.000222517209078813,0.000304083997424557,0.000548238115682315,0.000147151591051558,0.000189005722118179,0.000221297365887137,0.000370366457154062,0.000763545482097268,0.000172926004794174,2.20514353102886e-05,0.000199493227678715,-0.00025216326222797,0.000757128390415075,0.000544131783225717,-0.000458977445867909,0.00698550801028311,-0.00367424000076552,-0.00202378897769325,0.00331943938914109,-0.00016948070674631,0.00584714049595942,0.00689829105474354
"541.586",-0.000458105314647532,0.000292224507178315,5.50111233826372e-05,-0.000338235744371206,-1.07922329472843e-06,-0.000316073025793372,0.000257430516999219,-0.000199842543247694,0.000415386318752006,0.000332991457276452,1.71378594735839e-05,-0.000125221566080348,0.000210764278601059,-8.84334066349408e-05,4.60348304111794e-05,-7.85293341103114e-06,-0.000202535482771942,-0.000383858187944729,0.000196725152752427,-0.000564123065076015,-0.000215202155578256,0.00100111771458597,-9.55955253764897e-06,0.000283176028913951,-4.21214952063635e-05,0.000130010456664993,0.000435572497681472,9.55378217642873e-05,5.46354698619444e-05,-3.13361689707229e-05,0.000507182031928114,-0.000580342877917026,-0.000275902786077408,0.000192470092189348,-0.000142680473868488,-0.000140871146438791,0.000166323118065968,-0.000374166407971699,0.000183658066186382,0.000152796813811332,0.000152598809136468,0.000570410620288965,0.00027940555327436,-0.000136144202396606,0.000867205103329143,0.000777721489152877,0.00258413747413289,-0.00133622866060454,0.001063158451151,-0.00200010408817391,0.000352073990556395,0.0030529673756888,-0.00623485031003266
"546.26",-0.000646187569100456,0.000131211078666342,-0.000204363907024732,-0.000281211541314217,-9.05683439727693e-05,0.000170106297898362,-6.13149433056764e-05,-0.000154728737080837,0.000269349035922775,0.000229143074357008,-6.85347901338746e-05,-0.000330125682540157,-0.000165403741909561,1.58287225086887e-05,-0.000202782220579949,-6.99117971686468e-05,0.00010594965177735,-0.000171896037626059,-0.000320354200204162,-7.03526801438348e-05,-0.000393036654272417,-0.000628588028352649,-0.000395280607671665,-0.000187213401551286,0.000160760242040325,-8.65450685277e-06,1.49700706300017e-05,-0.000226696521090323,-0.000347425168790397,-0.000104826487712198,-2.5760216293152e-05,-0.000167010854101577,0.00011757298635709,-0.000398308733365025,-0.000126708519739157,0.000124694888405064,-9.43535660161333e-05,0.000227078719378631,-0.000511982467587558,0.000242124378619418,-0.000179801520963435,-5.25027357293333e-05,0.000601533821047992,-0.000655938812763672,0.000400791130665406,0.00332928984235284,-0.0039775164241582,-0.00321323502265742,-0.000135037179759012,-0.00262051072952558,-0.00541617897692745,0.00229181893572126,0.00120198207737773
"550.936",0.000462848237526201,-0.000134826110374324,0.000456643534805878,-0.000228732675710129,-0.000113269826972631,1.92590267930266e-05,0.000171113510412257,8.03125339630187e-05,-5.9512261652973e-05,8.88573290694201e-05,5.27541592570368e-05,9.49301754594255e-05,-8.32136831096026e-05,-4.08711213489763e-05,0.000119206397783433,0.000575632792652315,-9.0379093383883e-05,0.000216081348647758,-0.000350688520321089,-1.90250667160111e-05,7.37792948047775e-07,0.000568861329923193,0.000167652046087959,-0.000314315784276416,0.000213145810351136,8.3601807440777e-05,-0.000178090907762971,-6.30428933335516e-05,-0.000216823246962378,0.000266546293879513,0.000151884278200702,0.000105627365260771,0.000353721383210755,0.000539166098554132,-0.000159966842060599,0.00051704018113109,-0.000242660557316664,0.00011046921379599,0.000503447436232688,0.000760572352917622,-0.00077235556354566,0.000361015853002494,-4.69560094491723e-05,-0.000835908739570566,-0.0009986846089523,0.00377493503884521,-0.00204996703080523,0.00124048772743497,0.000846457423626949,-0.0021481398417532,0.0044236273178011,-0.000895155464671608,-0.00950555693599331
"555.615",0.000633620349961605,0.000183830187864266,0.000306970501851249,0.000103873186730538,0.000431476542374363,8.9298626420123e-05,0.000125225837718325,0.0004321900787308,-9.12947802518965e-05,0.00032435240415319,-0.000167502278883283,0.000142599180849248,0.000149365740518156,0.000493565025769556,0.000306327019986986,0.000482461417931503,0.000222078124364155,0.000199153159235284,0.000322730307795819,0.000120086490610042,0.000415356178994355,0.000325683592296014,0.00041673116406909,-0.000117519671397172,9.3487373383705e-05,-9.0953567371938e-06,0.000383673304112425,0.000545548667411224,-0.000245120135113819,0.000256052122065375,6.99936480907696e-05,0.000245408240925196,0.000262183374141679,0.000136873596161246,-6.05151111159578e-05,-1.80181400774885e-06,0.000317967344144206,0.00029960543629607,0.000270388016755503,-0.000146441769298386,0.000440025956532264,0.000304755226655222,0.000416937632663603,0.00138775105049262,0.00237260251942517,0.000451850687914174,-0.00221620463698793,0.00278670891024768,-0.00021638807471596,0.00100956341037853,-0.0042259003838703,0.00271402659696643,0.0212679634809677
"560.296",0.000673349128284922,0.000768456844638793,0.00031841840375854,0.000302282801189321,0.000355455563850689,0.000314594849528216,0.000279096420985853,0.00021533347155211,0.000178538555391977,0.00013262235561846,0.000328684951248411,0.000557296276186996,0.000576852451712864,0.000358385047773742,0.000126299683271084,0.000484806351474907,0.00034706909857595,0.000764928587714522,0.00018171273865193,0.000594842528918601,0.000198415167101623,0.000262267403621444,0.000774542691971338,0.000469614372407835,0.000325742422055916,0.000548835930191244,0.000385782572574634,0.000539891245588638,0.000786271949857772,0.000331008386509924,0.000263445632668819,0.000502772026317571,0.0002953825462125,0.00014956182713765,0.000519116788066438,0.000261143336281643,0.000339567156953227,0.00016028462585001,0.000316913265449913,0.000809553486653974,-0.000145780625872649,0.000202050056123963,0.00023249717904427,0.00186871818273909,0.002718096780447,-0.0022130839715639,0.000900314498686928,0.00274059030082113,0.00182663584803128,0.000531499566318441,0.0110065173919721,0.00468027096269389,0.0322231924995252
"564.979",0.000246582228816475,-7.31570295725369e-05,-0.000227112633922656,0.000124745596999516,-9.88216159349153e-05,-0.000355092257698375,-8.74524748971451e-05,0.000393979212003793,-0.000151265513340732,-0.000164592904912388,0.000731248608739748,0.000160660819348924,-3.28196342540631e-05,-0.000303485005896115,-0.000478066297537336,7.06662957467248e-05,-0.000408593242458764,-0.000192771391242856,5.8243515907644e-05,0.000101707589747801,-0.000331194307066705,-2.83283698880558e-05,0.000123050157597956,-0.000217383745665702,0.000293846164667821,0.000269764320224711,6.74365029157271e-05,0.000124847384398886,-6.90975906855225e-06,-0.000187640986143378,-0.00024758941585377,0.000128995529703097,-0.000308467407442669,0.000290501657080067,0.000120633905678838,-7.97997544690645e-05,-0.000544482081509658,0.000403646057687555,-5.34724578469143e-05,-0.00013772352485172,0.000591973852867221,-0.000188933462902415,-0.000356707410880658,-2.75385531620237e-05,-0.000640825083221552,-0.00437876205018114,-0.000941737919700658,-0.00233452626093339,-0.00144854475294406,0.00217525492740506,-0.00178747179356659,-0.0126135518317135,0.0107384929632805
"569.664",0.000128633961982144,-0.000201717705956553,-0.000353263811507058,-8.11414262081428e-06,0.000113500358732111,-3.31781434385024e-06,0.000287707014849548,9.92579422616794e-05,0.000169550384415438,-0.000257896813841554,0.000135950198496112,-0.000485536829838427,0.000135821868925896,-0.000133075258212943,0.000329218512269675,0.000269974470416217,-4.20753160514026e-05,-6.19610380126057e-05,0.000184466419192589,-0.000184444132486025,-0.000365149596262759,-3.76580192425763e-05,-6.69121871973547e-05,-0.000414062824818669,-0.000192065421642829,-0.000186302734385866,6.72119452011925e-05,-0.000233774601931749,4.82165164000857e-05,-0.000273419894800854,0.000364191513172443,-0.000252001339984602,8.0822032928778e-05,-0.000395121862208544,-0.000113647436073942,0.000264314673100218,-0.000127114963051874,-0.000519954760322841,-0.000205834320187896,4.33941876488551e-05,-0.00056458088471047,0.000136691160831203,-0.000283040160805157,0.0017095091991811,-0.00186347497571637,-0.000180502789124577,-0.00155221851376784,-0.000741107144269791,0.00181320555067399,-0.00196621655738738,0.00324681468295342,0.00152148705834115,-0.0238942860563808
"574.351",-0.000202452588084457,0.000284775880706529,0.000313954096727449,1.03119582066553e-05,0.000212826964442904,3.74700852291609e-05,0.00011194054151766,0.00017614876943977,0.00013361360099971,-6.19847863190921e-05,0.000164637755144344,-0.000195883997002371,0.000102456609985461,0.000116382273139318,0.000145491815015112,-0.000705553910321971,0.000254062444073852,8.88322089773272e-05,0.000107579019883191,0.000742940379955006,-8.2956037349959e-05,-0.00013542792691761,-0.000393006691629177,-4.72746688446543e-05,0.000332926539746173,0.00038335995942,-0.000305096229912141,0.000122701954334074,0.000324229674504294,0.000651255613666632,-7.45145386011707e-05,-0.000378826135982359,0.00012079279280541,0.0002935647814218,-0.000227782857786306,-0.000294770690407618,-0.00015650224764061,0.000264648068644494,-5.71393845160995e-05,-0.000140961583073005,-4.56861806744121e-05,0.000999203788911135,0.00195200990754779,0.000268703369391415,-0.00354303639948202,0.000588730672079707,-0.000404289867574563,-0.00063618355851524,0.00144604543114916,-0.00188816459836707,-0.00036251684075,-0.00265449958499788,-0.00227187883760912
"579.04",0.000133275493384058,-8.69153749034747e-05,0.000545548682777828,-0.000107172670797849,-0.000115223564808342,0.000131653071610705,9.16800407933994e-05,0.000182418540150511,7.51768287491856e-05,-8.1248836981936e-05,-7.65205534900727e-05,-0.000255209922793024,0.000286293436516936,-8.21257320011825e-06,0.000220822392246091,-0.000129244633901597,-0.000196655696373056,0.000404743116313738,0.000345570332210093,0.000219288800528704,-0.000113046164252365,-0.000136194273904462,1.89909487859056e-05,-5.57091649039458e-05,0.000124858201121051,-7.70809230215788e-05,2.56752833513214e-05,-0.000116085486578223,-6.70652329174304e-05,0.000365170454669644,7.48943944314586e-05,0.000247712624896737,-8.43505242942097e-05,-4.92304734182634e-05,8.66149251201667e-06,-7.47459900318801e-05,-0.000157148597501599,-0.000259082766910482,0.000131351109183146,-2.95509319267059e-05,-8.20470598922726e-05,-0.000215304905641901,0.00162366263754321,-0.00267795083336525,-0.000623726451522309,0.000933329790301511,0.000443153092232432,0.000118605773040022,-0.00381535188548388,0.00389673006596721,0.00155941982365006,0.00206185595231873,-0.0187161614726577
"583.732",0.00061277661189254,-0.000191296524972084,2.20854593072821e-05,0.000486848830531093,0.000340553270294915,0.000140858887227145,-0.000293299803538656,9.72116524040968e-06,7.56205545348262e-05,-0.000106894293228823,0.000174429128542863,-0.000273562276813097,3.42027242052388e-05,-0.000305384575248068,-0.000542807297956166,-0.000236064232076872,6.87539053045539e-05,2.710792027811e-05,-0.000467218510746589,-0.00011550940652013,0.000206146931740012,-1.01404106993436e-05,0.000193966030732862,-8.56365624403423e-05,0.000132770010580796,-0.000182159493941501,0.000110730723666349,-0.000377063065424865,-0.000213785622036625,7.46403028096651e-05,-0.000158880369270067,-6.88136748574034e-05,0.000175057266387055,-0.000138119988879595,-0.000140624941848302,-0.000114146199716521,0.000296186959140521,-0.000273801823148332,-6.65413322884398e-05,-0.000207574374290078,-2.25999056852879e-05,0.00177216985742799,-0.00107697538841993,-0.00332249466223645,-0.000740697046091087,-0.000294917845240105,-0.000867649794976452,0.000163754066120337,-0.000718562122273211,0.000815243634883235,0.00184718400584944,0.00329053368262855,-0.0080120067898399
"588.426",-0.0014825697594024,-0.00111037048494369,-0.000956387038841189,-0.0011637770434754,-0.000985107393431153,-0.000914184467765785,-0.000332131722152533,-0.00051943644216602,-0.00050555516072694,-0.000612928715098065,-0.000575849455275791,-0.0011579269192447,-0.000830709756445117,-0.000886497414345863,-0.000851666004315353,-0.000793710400630399,-0.000804180485317042,-0.000645694703116954,-0.000919085249768707,-0.000971280426111766,-0.000926503186377174,-0.00114747811218027,-0.000584313847505819,-0.000783755355830729,-0.00092336776266385,-0.000444688030728968,-0.000773329486964279,-0.00096707543683231,-0.00130914710074599,-0.000711168394070712,-0.000978438009054969,-0.000791891991402725,-0.000530617832321057,-0.00125490101845999,-0.00088876377499962,-0.00101208797480246,-0.000761228254407811,-0.000870769511172834,-0.000940272497281228,-0.00130379930019072,-0.000373831005181964,0.00211744206172747,-0.00330369269190267,-0.000766362062430164,-0.00173951824484982,-0.00331343226902417,-0.00341702102118517,-0.00426360998010764,-0.00512394874370178,-0.00566349998444512,-0.0115089719099585,-0.0135822745073459,-0.0347380705189902
"593.121",0.000353433857410945,0.000663675142829981,-0.000233123673324885,-8.35269660352453e-06,0.000342327886955598,5.53826066278675e-05,0.000125893898240231,0.000122019458168742,4.94351179960445e-05,0.000203206547514974,-0.000190861543771741,9.20089975564848e-05,0.000385763841716317,-0.000206386295798493,0.000215480967092299,-6.59210779361295e-05,-0.000365047760515717,0.000383760658663805,0.00054150280922955,0.000339174424531527,-0.000409501578258417,-0.000434636732048433,-9.01310139573931e-05,0.000206915638303808,0.000115576286315587,0.000174441607260345,-0.000245393975880586,-0.000215580103790951,-7.07260625243144e-05,0.000353664057691966,3.89244451935031e-05,8.14822151054409e-05,9.12899874286919e-05,0.000222220019659193,0.000158669323633851,0.000205326947378335,-5.23489763457263e-05,0.00010204428375313,5.86848855807232e-05,-0.000485467156271503,0.00115763517729592,-0.00093772167095868,-0.00277386155969165,0.000162310143685053,0.000253873818184375,0.000513918963995154,0.000135485130849763,0.000287097374573886,0.000541578543800826,0.00100670200842183,1.05202545866044e-06,0.00319165016448329,0.00293818044687703
"597.819",-0.000199309003186567,-0.000219206969582544,5.45759686513209e-05,0.000246337052532168,-5.70457482767245e-05,0.000168631961686986,-0.000151854624137078,0.000328888566909872,2.75625292897675e-05,-7.82812379255887e-08,0.000319312642804416,0.000816925015412448,-4.50160066943304e-05,-0.000129809688523063,0.000435166336447292,0.00045462832280495,-0.000358418632562511,0.000413707841595111,0.000433858691470787,-0.000224504102522104,4.05951657423464e-05,0.00030633318176213,-8.94713025882731e-05,-0.000278126072092874,-9.75069535720508e-07,-2.67823679979244e-05,0.000312888666820163,0.000328588176120298,0.000109616565871188,0.000244998682112297,-0.000192885177617037,-7.51844672165235e-05,0.000354706735297993,0.000156685012232151,0.000321991389688332,0.000226160597161171,-5.2331525708521e-05,9.04932409911192e-05,0.00071475674153524,0.000785478229437273,0.00288508760275437,-0.00254357728794607,0.000177326944599442,0.000289317328254238,0.000499075044349438,0.000581174384128406,0.00171440818366174,-0.000514213914024782,0.00224198378678558,-0.0047711867333825,0.00375391294722573,0.0035408216615869,0.0105736023926641
"602.519",0.000187618088066283,0.000160021812086161,0.000244708320101207,0.000197487563970731,0.000137778237346553,-0.000194454644320426,-8.4923774193599e-05,-8.41163641751584e-05,5.51567445603621e-05,0.000135276224623501,7.17993899539753e-05,1.70860480427892e-05,-6.21366786381094e-05,8.84615745716351e-06,0.000110168979601915,-0.000400066474926883,0.000431828842819874,-0.000138650149172375,0.000488476132564856,-0.000590525878376187,-0.000158194858873593,-8.94819574987029e-05,0.000149270934429271,-0.000240538809505468,0.000466857216312698,-0.000709159752093657,0.000122365080483303,0.000236764814195126,0.000138265850885286,0.000225379902593214,0.000246692640593227,4.050797494299e-07,-0.000213917269476957,-0.000113687297164294,-0.000108547534074954,-0.000162553138280225,3.08369531516536e-05,-0.000164935545906777,-0.000154924624643772,0.00126967165410372,0.00137894947387426,-0.00177790299438273,-0.000323714119857888,4.83313769660182e-05,0.000260436227028562,0.000826470118026161,-0.000251672787881858,0.00205761357496021,-0.00275542964952489,-0.00155903253172431,0.00652555995872009,0.00568203028557178,-0.031979592384653
"607.221",-0.000311705090620764,8.408293465636e-05,0.000533108825694135,4.54951957006734e-05,0.000343529589056218,0.000413039374198827,-5.65863641444386e-05,-5.49200573706417e-05,0.000318377368270074,9.10274055034322e-05,0.000361141176544903,0.000265547565213145,4.55713605265452e-05,-0.000350726249257914,-4.15300360179323e-05,0.000151357457776681,0.000284525159938345,-0.000495445159511179,2.0416717513353e-05,0.000184756320847238,-0.000341357565491087,7.0977374496822e-05,0.000451000486970515,-0.00025240173026098,0.000129082954041919,0.000169891639962231,7.95205123822671e-05,-0.000185567294413911,-5.49408295956027e-05,4.37369084184404e-05,0.000326970784415024,-3.15064172915158e-05,0.000123154801539914,0.000103914446261424,0.000181430090798612,4.79963055570295e-05,0.000149345419630872,0.000251205581978852,-0.000994257612645466,0.000313956710053319,-0.0023975829384934,-0.0002453127602133,-0.00023556176693923,-0.000212989423194521,0.00134794295884836,0.000190342420037314,-0.000536415425927035,-0.000527163874813856,-4.69671304444017e-05,-0.000904913858419253,0.00276718807229292,-0.000375831309729069,0.00947671162767043
"611.924",-0.000158803339530313,-0.000399317529898482,-2.1278979423689e-05,0.000114150333194736,-0.00027281487768716,0.000181100758554415,0.000144546064429922,-0.000110865073039884,0.000310223364735605,0.000124759325583727,0.000131573379680966,0.000501644649595258,0.000355091046869201,0.000151282220802067,9.48581814546071e-05,-0.000135450353901055,0.000278334227738758,0.000293185668022977,0.000756886071215058,-7.63116298819641e-05,0.000680829304424101,0.000193846464110381,-0.000302819271219239,0.000510279838841949,0.00018696062181088,-0.000379208562786793,0.00025875622280337,-0.000247003576397056,-0.000396882476032251,0.000231397921942949,-0.000110676517967387,-0.000250888965035559,0.000201004324739195,8.05079093625017e-05,-0.000286661949454278,-0.000137417566731513,0.000143054408639888,-0.000540471481985729,0.0010143203500198,-0.00115674170391505,-0.00209648638333616,-0.00073537303154375,-0.000157887783899363,0.00014073784545561,6.46792545340325e-05,0.000599271321711881,0.000881302229208443,0.000703385879314969,0.00124104515907384,0.00281676680384349,0.0054899545446924,-0.00417197592656125,0.0143558034464697
"616.63",-9.70775746034365e-05,-0.000200519989277828,0.000142271985503558,0.000230074202158798,0.000124833759595998,0.000550754372417778,-0.000163362613677061,-5.06125915890432e-06,-2.26534589074991e-05,0.000265260092823087,7.34929358791035e-05,8.74436068009423e-05,0.000696803915291727,0.000222849686089018,0.000294259862879087,1.68513382625142e-05,8.95980092095516e-06,0.000735100407914277,-0.000608505685325719,6.60224023368425e-05,0.000293290323670318,-0.000329804755547455,-6.20503279360356e-05,0.000246973973533751,5.5627876243502e-05,7.73856447193352e-06,0.000212565628276778,-8.09200921341516e-05,-0.000175118487845196,0.000574443667659432,-0.000369112401113558,-0.000334591052031992,-7.28199295752753e-05,0.000403449851700872,0.000335611631443703,-0.000476098604375458,-0.000142908567895139,0.000217709752418286,0.00144823106448903,-1.82283779414372e-05,-0.000625432212867082,-0.00013362592655895,-0.000651096063677896,-4.31112829679431e-05,0.00205389455213703,0.00132028731884054,0.000965589641232842,0.000560607578145867,0.00197415561749013,-0.00284424754097052,-0.00136288814083559,0.00606676953878361,-0.000101725278426789
"621.338",0.000754708224749301,0.000203993531797732,0.000767827159186813,0.000965469395601941,0.00054739553813365,3.75815942647869e-05,6.26802559586031e-06,6.68129070223958e-05,0.000379656267964122,0.000133667524449161,0.000259571745858141,0.000405341985552103,0.000305406161344374,0.000730218162964719,2.5962462100348e-05,0.000389597860760376,0.000558117727924288,-9.53799266643143e-06,0.000570753863026491,0.000290138375621793,9.88761251582566e-05,0.000684653078899845,0.000308940687427442,0.000568940309785769,0.000795663925784546,0.000975853477702997,0.000372818998843098,0.000245269877848665,0.000477397286061575,0.000303267817797893,0.000546252188542817,0.000185026056844278,0.000356141314538594,0.000498886130012947,0.000631717295247964,0.000232404672523074,0.000472634554360677,0.000577914254024236,0.000832278533697571,-0.00243568414854968,0.000685788198159971,0.000612027822603434,0.000297620814517072,0.00169198284661876,7.30723215356284e-05,0.00182040651050134,0.00164388637863583,0.00193337582049432,0.00285008565110201,0.00081218302846731,0.00235662240831131,0.00941307134708795,0.0361165137106752
"626.047",0.000670794557633199,-0.00023849134177735,0.000185658225945954,-0.000297545444184387,0.000424078014427524,0.000373580918801711,0.000252423157810372,0.000114115150504944,9.33408169568253e-05,0.000175413870183886,-0.000180293531842353,-0.000115810182895036,5.50330348772393e-05,8.1136646040902e-05,5.23554119224278e-05,0.000200804023651649,0.000461754761069451,-1.99658521152788e-05,0.000724857414565837,0.000472861029797638,0.000376690983954829,0.000145624941327488,0.000727465952316792,0.000421986701091824,0.00029562622619608,-0.000112798723579063,0.000464727121987105,0.000785826226759033,0.000361802277634531,9.21633244370428e-05,0.000525715143906024,0.0002819221170503,0.000383078386712368,0.000236837527319281,0.000404475934710421,-0.000147904047416637,0.000190112169559148,0.000569774876116372,-0.00206197804751419,-0.000464408598042424,0.000890565927759705,0.000558892712273567,0.000920170806336845,0.000467752244990158,0.000839732503289546,0.000794882090736452,0.000991826713540467,0.000606595245977783,0.00154865664763613,0.00169436537108272,0.00188454909320454,0.00378099926503439,-0.00803199601377562
"630.758",0.000287895761671119,4.77475862485424e-05,-0.000412824597918332,0.000260158974699575,-7.54432424836531e-06,-7.79045803478477e-05,0.00028012631085495,-5.7654616969083e-05,5.27688227695646e-05,0.000266059597058512,8.33854282490893e-05,0.000584580444085429,-0.000188367766825886,-0.000266417372932473,-0.000124742421903861,-0.00022093625609508,-0.000560249641418622,-0.00010787261249217,-6.45258096077303e-05,2.32706982331291e-05,0.000695920898679907,-0.000116865783819039,0.000441802805625938,-9.1971569310947e-05,0.000144966732121041,-0.000404556227055804,-0.000221634957286583,-3.68937745125969e-05,0.000517202096750235,-0.000245782382247115,0.000325727859256498,-8.82414150368662e-06,1.80380780215064e-05,6.38244249396124e-05,-1.1721518509974e-05,4.3919377959611e-05,0.000292007878608729,-0.000136811070614147,-0.00143168300998273,0.000120141975051077,-0.000221320313956787,0.000685462373353747,-0.000360454743157229,6.97891391662694e-05,3.01231668806672e-05,-0.000209846728649714,-0.00137474021297405,-0.000656821626406213,0.000832805801126301,-0.00171535247855836,0.0013027314288254,-0.00489087867027808,0.00141869276720353
"635.471",0.000700979178852444,-3.65470111548613e-05,-1.08168222106577e-05,0.000190888853600509,0.000250128433986821,-3.272599584287e-05,-1.20505745750864e-05,-0.000343250639922466,-0.000129800450437035,0.00016488733857465,0.000205965632166396,-0.000797521434994661,-0.000114829474559479,-0.000129733533538478,0.000467402671850944,0.000382598695219663,-0.000216565902142912,0.000296761590963136,1.05259657059593e-05,-0.000299709381555403,0.000157359665129146,0.000362292328955632,0.000381990113660882,-0.000215244938906026,9.67478111589163e-05,0.000360279678798392,-0.000208308698795828,0.000176922432477984,-0.000298392231790379,0.000364343977111535,0.000670240209592202,1.63423971291747e-05,-0.000496665433366365,-0.00021768603315631,-0.000180208011512521,1.26103393259681e-05,0.000665710352859356,-0.000947584384011553,-0.00145807284179018,-0.000271011207033955,0.000159883689255952,-0.000828897608405048,-0.000812373640340743,-0.000494191509455131,0.000461108469934352,0.000173165757443533,0.000177918387403947,0.000246443945774655,-0.000612323873432679,-0.00237709498583368,0.00242394850357477,0.00777534779372272,0.0039934810170075
"640.186",-0.00105854905147318,-0.000580215962831895,-0.00123027143551139,-0.000502991010825274,-0.000157112345364409,-0.000525285996363297,-0.000373249230445701,-0.000280437115460833,-0.00070468359097904,-0.000406344060407523,-0.000573785587877532,-0.000562833843947211,-0.000781942026192261,-0.000501673646318299,-0.000458850210966625,-0.000213955548310715,-0.0003204432274439,-0.000357103483594788,-0.000772798774300069,-0.000540340598776961,-0.000272306345268723,-0.000768752121532731,-0.000457777463401485,-0.000494376627660472,4.88811661469591e-05,-0.000987611820018734,-0.000542807189030075,-0.000410493614540467,-0.000597469413776526,-0.00012019544059638,-0.000872427056274718,-0.000472054337222748,-0.000349890279468566,-0.000575517374738518,-0.000345829964801324,-0.000615212482130958,-0.000364467737646014,-0.003244681341857,-0.000774693781313424,-0.000823380708771132,-0.0013973925034111,-0.000490701532387592,-0.00194917347727371,-0.000392511479994079,-0.00102366635975466,-0.0026681400419572,-0.000780119047970209,-0.00214751555268951,-0.000700283771303908,-0.00449570009230096,-0.00667539633926,-0.0151771269809595,-0.0277201164083733
"644.903",-0.000360770540989001,-0.000336464897006342,-0.000216859142545689,0.00033661443781283,-0.000597095955496139,-0.000144832298055633,-6.68770315685263e-05,-4.2771686256956e-05,-2.96927316301825e-05,0.000104449486550184,7.63475550820689e-06,2.7492581805585e-05,-0.000192851055789457,0.000272080496661499,-0.000200644071443142,-0.000207400104422374,-0.000524394167536757,-1.99870749327026e-05,-0.000198863382578953,-0.000256047279731045,-3.40274228715396e-05,-0.000237874984619852,-0.000258582429716401,-0.000313748925280777,0.00037473730465676,-0.000816682811816209,1.88932554975437e-05,-9.6034058252551e-05,-0.000482432895995137,-0.000225183862277828,7.19110541521496e-05,5.50845587965804e-05,-0.000152189846598521,0.000183169757487666,-0.000775128649380993,-0.0002883107979077,-0.000314213495936765,-0.00037023747791849,-2.96429451203001e-05,-0.000691249628886945,-0.000223944834359704,-0.000513457359780079,-0.000154348698206625,-0.000265583364804746,0.000876225920619299,-0.000264330272614573,-0.000317495811097887,-0.000682361966962913,0.00022946387820289,-0.00227809983110492,0.000307287549663013,0.00252662715799058,-0.0168238628587008
"649.621",-0.000258969315978465,0.000122765077521583,0.000131769368287018,-3.02466816902169e-05,-0.000160843755686821,-0.000350726009233142,-8.08911851657741e-05,4.34327176106247e-05,-4.24653065626852e-05,9.19194641025928e-05,-8.64992338926471e-05,-0.000121021634997405,-0.000311846845125683,-0.000656384327546899,0.000184726232563578,6.42812984189997e-05,-0.00064767172286738,-0.000691550913425081,-0.000267325481017263,-0.000318202370395139,0.000150925189312035,0.000131615719007866,-0.00016367962488115,-0.000326484773577324,-0.000720425500409144,-0.000448436966632865,-0.000210177768164374,-0.000757299317253706,0.000176108814987515,-0.000416938052412485,-0.000268993742286861,0.000391568508880952,6.32688787009102e-05,-0.000640797422479644,-0.00069504583020332,0.000373417467002625,-0.00261427077594058,0.000379352930378115,-0.000299371667316857,-0.000279539106870874,-0.000295673037124951,-0.000635070530701983,-0.000557127837018136,-0.000196597860415156,-0.000692107206665801,5.42917332827943e-05,0.000474907345477205,-0.000188963474359056,-0.00167354720813682,-0.00217312410661916,-0.00466857011886945,-0.000776269679681267,0.0096523335065458
"654.341",0.000204394051333245,4.76798066737466e-05,-0.000735422688597048,-9.45769176268147e-05,0.000117028580306404,-0.000164633767795665,-0.000270206323511074,0.000330730947826978,-7.39945292551884e-05,-2.87522201036071e-05,0.000454207843311306,0.000198615301109958,0.000187461962068132,1.94568335732243e-05,2.77143699446977e-05,0.000157592139139749,-0.00036332435095034,0.000226829253561351,-0.00019375654341181,-0.00111479287610247,0.0004252724784008,4.2679279407735e-05,7.76274655455799e-05,-0.000257694391076482,0.000650839216245492,-0.000782024068450593,0.000115431703801894,0.000107204610305579,-0.000158173942104731,0.000154317002874552,-8.10927607282333e-06,0.000274003411978011,0.000673535182773345,-0.000125000879025158,0.000158111129059195,-0.00111168683106567,-0.00139385105131324,-0.000695572198964078,3.38712969458223e-05,4.95071300087163e-05,-8.9749962085335e-05,0.00115905951408114,-0.000977578359819264,0.000986255863664043,-0.000160706917339162,0.000181149342003142,0.000577545961812261,0.00149463490381394,-0.00102260429864617,-0.000745703365838488,0.00274042358108651,0.00121369930324614,-0.0163683727872393
"659.063",-0.00040395537817445,0.000183113562749514,-0.000179295003999223,-0.000316939410900153,-0.000164109940038431,-0.000151252878257235,3.21103593185851e-05,-0.000355673855845279,-9.33087898232266e-05,0.000246011206463707,-0.0003296232355586,0.000162112207380349,-0.000199464219528329,0.000311962382206884,3.7378928360936e-05,1.87494503009934e-05,-0.000495048005435007,-0.00053118465495615,0.000125802869106024,-3.57747254104003e-05,0.000487640579147637,-3.38598734477829e-05,-0.0005254322383348,-0.000151260903093392,9.23780789930391e-05,-0.000748009814174299,-0.000136568361222693,0.000274532284391145,1.26789905910565e-06,-0.000233274036939642,-0.000145234425575607,0.000343254666154766,-0.000537635650550709,0.000245736146241661,4.93807385278204e-05,-0.00198960860045926,-0.000245476726770896,-0.00084264556755727,-0.000254726774366067,-1.54462374248881e-05,-0.000853679420426897,-0.000699001968737034,0.000721433592832947,-0.000297089714699812,-0.000798769811998342,-0.000329690369184807,0.00145657527963447,-0.00412177621957538,-0.000495699902407288,0.000747328362717228,-0.000317200693642729,-0.000972713172121267,-0.0189045826503157
"663.787",-0.000943532261425329,0.000189442337490964,-0.00111598533632706,-0.000504208685888068,-0.000444268807921018,-0.000406109128668991,-0.000179245216391616,-0.000383297851545666,-0.00033467654218,-8.80427133861379e-05,-0.000236561464565043,-0.000415945765583917,-0.000243381944181702,-0.00101911401115909,-0.000672277942498744,-0.00058899222338895,-0.00108451559320194,-0.000929581496173057,-0.00062541498400207,-0.000808346479393808,-0.000325797281530186,-0.0008419522935538,-0.000655798776993293,-0.00078938874483218,0.00036440909158683,-0.000435233234844255,-0.000477485267944449,-0.000823388304419767,-0.000307959427562744,-0.000166172125050056,-0.000563623477510725,-0.00088434030374205,0.000346022611374484,-9.82805244538346e-05,-0.000775969482832567,-0.00120426712679092,-0.000761033488334762,-0.00092536945488267,-0.000808328298523048,-0.0008600307114213,-0.000975200912340886,-0.000295413096980689,-0.00101244168972126,-0.000795932232512267,-0.00196965558348715,-0.0028973942328608,-0.002401944786682,-0.00259885222850649,-0.00327796750310209,0.00273838667308132,-0.0046335421666522,-0.00931578182587764,-0.00122186851749721
"668.512",-0.000668958863427865,-0.000293769394872366,-0.000286019178425444,-0.00059276038317161,-0.000148487438660317,-0.000401760883348266,1.20947721747423e-05,-0.000153386999151182,-0.000444977198292636,-0.000110965739973681,-0.000238159048925276,-0.000302076837559387,-0.00025627816267745,-0.000309427607393082,-0.00042559809671213,-0.000201701442633532,-0.000586843335550785,-0.000287224766090129,-0.000748012806329715,-6.23892432059332e-05,-0.000316916218591867,0.000286113452314889,-0.000102478541257295,0.000186591621608049,-0.00032566581517979,-0.000724226414842902,7.97810512063546e-05,4.92911615012655e-05,-0.000271054828524881,-0.000603810642175818,-0.000236381610117871,-0.000669470363671887,-0.000767951953491008,0.000628831181843238,-0.0020442639093888,-0.000568164723112373,-0.000349485797775961,-0.00121597867288642,-0.00076453816008324,0.000242381145136609,-0.000419787932616845,-0.00146066945168161,8.47342129720583e-05,-0.00156298313159998,-0.000560188538620509,-0.00100667855663031,-0.00242463531965179,-0.00190891235026285,0.00170293826774498,-0.0006252720027408,-0.00673178181113009,-0.00366666741834217,-0.014594046522926
"673.238",0.0010539791120275,0.000396717513494448,0.000888071885021297,0.000976470806450923,0.000814637430491845,1.63926757268769e-05,0.000330862337179492,9.71872608087419e-05,0.000115188333298597,0.00040156502678208,0.00041280483759694,0.000499973504471659,0.000164407360431498,0.000651830438175623,0.000281232420719293,0.00075085910948193,0.000295143773524986,-4.2977768623697e-05,0.000857894264277081,0.000409899469837518,0.000967206780507044,0.000276176145556316,0.00071000221679756,0.000700109990072453,0.000590213596341697,0.00102451091260656,0.000636166141130095,0.000472341889425931,0.000600353749144269,0.000992595906215621,0.000681879364025633,8.15996260342136e-05,2.41166918985517e-05,0.000952162773915965,-0.000405935343523046,0.000581206740799555,7.94158815729479e-05,0.00110897529450828,-5.18503702858083e-06,0.00101054967449702,0.000828638771674808,0.000358111115464461,0.00114303778966452,0.000542124457664611,0.000160372972784751,0.00133581029561816,0.000826672856750279,0.00427025719871429,0.0025625542602897,0.00568531069497199,0.00622846499791971,0.00437262623979705,0.0176168576617577
"677.967",0.00024330793143913,0.000242724111621568,0.000139303036277259,0.000580796630570709,0.000197296282165374,-0.000207510107191291,0.00016975652930592,0.000310823081279293,-8.36833750710143e-05,5.99178720619306e-05,0.000116207271357859,4.92679222308545e-05,0.000176034610929643,7.01260923432359e-05,5.85049092642634e-05,-7.78014537428595e-05,-2.05134155964153e-05,0.000711686818853673,0.000485024779095958,0.000313077253931077,-1.37184975141619e-05,0.00060460916893013,0.000103723434231737,0.000335525263627206,7.37954135575921e-05,-3.16955063146589e-05,-0.000173300395936794,0.000416339491011769,0.000150134145682389,0.000117306994471177,0.000556717954065266,-4.84293762306133e-05,0.000912519537991249,-0.00115959837182801,-8.7371333566599e-05,0.000808542362784492,-0.000402010387709562,0.000690416318264717,0.000428486144676486,0.000741526586422302,0.00149280586746581,-0.000437411110373888,5.07271177047775e-05,-0.000123651704233744,-0.00064010357648064,0.00137806659800043,-3.3683307507268e-05,0.000357744772297614,0.000451936134496172,0.00146240950662433,0.00517250769115013,0.0037251197140107,-0.00690465405061558
"682.696",0.000841938019448518,-0.000602369177245952,0.000270614246924677,0.000143099374749471,0.000228884601457473,-3.64270477324676e-05,0.000304148543142339,7.5721207945718e-05,0.000110906374750076,0.00045452334020156,0.000479803814517047,0.00020970930133747,-0.000577797566274414,0.00016314538633239,-0.000436756693088418,0.000156461130854368,0.000217447817617515,0.000294228074534803,0.000215149085216439,0.000365961986999027,0.000285823094220271,-0.000258990025458008,0.000257122321543598,-0.000215629179090533,5.23358843855314e-05,0.000156083956040195,-0.000207825709265922,-0.0002471235448091,-0.000575807648424142,-4.72565978219939e-05,-0.000118190765804794,0.000177884784874334,-0.000362979953703272,-0.000603397671258447,5.99201893202704e-05,6.47100456061149e-05,-6.23830506420227e-05,-1.65191946299953e-05,-0.000324193514418297,-0.00033918835227013,7.69783323452534e-05,-0.000703272875547263,0.000374381160431065,5.87471459528134e-05,-0.00177162558848099,-0.000684312587218951,0.00253983210747472,-0.000211866348854725,-0.00226481318984721,0.00317105001312333,0.000668603297366304,-0.000569437446178288,0.0169981080013625
"687.428",-0.000160544738730734,2.71833681565048e-05,0.000426300917313175,0.000513083008404889,0.000345554935307064,0.000494177959595691,-2.05266640354462e-05,0.000117212435131365,0.000170674328741279,0.000183103240067766,0.000253958501903272,0.000271424833350412,0.000337639053126206,0.000606808773610116,0.000918872933520038,0.000157972855853171,0.000417512128269608,0.000867333805895843,-9.65465813287215e-05,0.000649197791841063,0.000212840696444595,-0.000426575530497961,0.000459089339183278,0.000318631613974642,0.000108092471362572,0.000314556931691995,-0.000114506627391471,0.000111065186009623,0.00043160001392807,8.60790512748614e-05,0.00076907492133932,0.000115917694809729,-0.000567508257993211,0.000126126426907698,0.000567227771129315,0.000495337165381903,0.000236775329781545,0.000793817796486126,0.000321763841761276,0.000112167542269906,0.000660196391357523,0.00101360426783594,0.000557641174968125,0.000412806137968047,-0.000170331113544617,0.00140802972638355,0.00126401354139776,0.00192307838963572,0.00170059338307022,-0.000638716536432933,0.00504312482070016,0.00590924901492683,-0.0107227127378646
"692.16",-0.000206462518312214,-0.000234710401499306,0.00051273087904572,-9.97404551033939e-05,0.000386688923056885,-0.000106581615314896,-0.000133915176733074,-0.000123735718833456,5.26734454395682e-05,-0.000214812393031321,0.00022157418881074,0.000353954861534392,0.00015842006003084,0.000196448361102093,0.000521823596876753,0.000457106045035054,0.000209816762514051,-0.000419711160103092,-0.000121197473460771,9.00604210824173e-05,0.000215781782404902,2.41187436793674e-05,-0.000354388066763631,0.0003108192076301,0.00011933318537004,-0.00012722169430318,0.000635684091673875,0.000291074722503545,0.000206305618818326,0.000350702903023961,0.000305309094297901,-0.000126019085928311,-0.00128638769708718,-6.8132519583552e-05,0.000442011838695251,0.000622500420816618,0.000216046636583468,0.000403545953464788,0.000917329051066014,-0.000347556031520135,0.000470266291057213,0.000247606681940416,-0.000144819762115224,-0.0011216755548683,-9.94029663302756e-05,-0.000548446459928393,-0.00182419166800637,-0.00210063097338889,-0.000365731900228243,0.00135856817889926,0.00101447353167719,0.00469769521219219,-0.00908945826153161
"696.895",0.000335711333621757,-0.000238376854445048,0.000549072334969802,0.000720615206066663,0.000144538094925147,0.000320448948944575,0.000153872328025066,-0.000219518512497096,4.66662561703241e-05,-0.000162134056378077,-0.000274731907084359,0.000101717658537062,4.21894141752485e-05,0.00042631950394796,0.000231555468996699,3.97650191866583e-05,-0.000105825016122184,0.000756139265459944,1.18001293984149e-05,0.000540946723128685,0.000432296871464301,0.000526205273932664,-0.000382037585500936,-0.00017455284366621,-0.000559641317754388,-0.000213942502483534,-0.000116877217482943,0.000308381914284894,7.7978299876395e-05,-0.000300566737378113,7.45744698790237e-05,-0.000765713384531217,-0.000798471445514787,0.000401883705204847,0.000745906850434947,0.000385517432604747,0.00017864705712549,0.000297768106291254,0.000404643893941302,0.000162735742015366,-0.000370422624146936,-0.000897054447888818,-0.000679490885698512,0.00106146761343817,-0.00124600297733032,0.000803122293596948,-0.00169630767424509,0.000696079038496547,-0.000899535166815828,0.000852996056855607,0.00102151331911423,-0.00652371614845149,-0.0168708931834567
"701.63",-0.000658582782562887,-0.000521513893729007,-7.13106984424426e-05,-0.000125990631739471,8.88269478972177e-05,-0.000467481756200669,-0.00012250745823114,0.0002991585047169,9.50800145092835e-09,-0.00016345428929102,-0.000112438336809139,-0.000143755993263774,-0.000366355951381272,-0.000241598233904677,-0.000182717772331332,-0.000332574925106277,2.13504197744172e-05,8.99025552094614e-05,-0.000529435517699325,-0.000493858387649909,-0.000705807034593399,-0.00010722912607606,1.11476900110609e-05,-0.000757775350843468,1.02839606300198e-05,0.000268356230356767,-0.000254700573731471,-0.000244219831342467,-0.00041661547069653,-0.000452995007170836,-0.000891333413455056,-0.0017647375666281,-0.000203017928861617,-6.29163015750044e-05,-0.000165639070662432,-1.9445846241194e-07,7.3568210181665e-05,-0.000646093240946691,0.000318460118427526,0.000243832127799943,-0.000512354557190105,-0.00116737879554587,-0.000351002471245024,-0.000970325045219427,-0.000884923778053232,-0.00196365214350919,0.000177475399119399,0.000749802330696962,-0.00317347773606866,-0.000798659333600011,-0.00491854689774077,-0.0053531722944326,-0.0378713503904487
"706.367",0.000424053595564182,-0.000270231929398384,-0.000172037189282932,-0.000171544547084841,-0.000208373354457606,0.000173156490505423,0.000166102124462889,6.05626329219375e-05,0.000304974465342097,-0.000181232311425831,0.0001228794428528,0.000353306730491293,-6.5264592964655e-05,-0.000393151512731335,-0.000134237123991573,0.000153348737102431,7.55647975116424e-05,0.000102441052381388,0.000448939789483913,-0.000276887080341065,0.000388488724847,0.00023366471030165,-0.000145779219912506,-7.00316898561754e-05,6.74194229100421e-05,-0.000401416393765765,-0.00020444475508172,-0.000352492210196929,8.54129869434146e-06,0.000352672336356892,-0.000837523760744585,-0.000871483679033819,-0.000432273383457327,-0.000407260676241854,0.000366720102375895,0.000455900584102574,-8.95712943830856e-05,0.000596270650841286,-0.000271266074892987,0.000453026092752586,-0.00012342609788578,-0.000710422097748315,-0.00057963180204033,-0.000301451535790711,-0.000173326252734984,0.00201390900221655,-0.000209090189495963,0.000761890870270637,-0.00171435677068433,0.000370246770497747,0.00127338133198794,-0.00479391659342038,-0.00982362511831824
"711.106",0.000257610530660326,6.76810473178575e-05,-0.000135440934950722,-0.000130699105380281,-4.13105965681426e-05,0.000257887801984832,-0.000404058473213792,0.000318192815208173,8.23852797291574e-05,7.16703715475825e-05,0.000256440179984161,-0.000178454107789635,-3.63234212980549e-07,-0.000269120399310654,0.000615135077925656,8.28481768931314e-05,8.71989753182825e-05,0.00057336084444479,1.30338742430905e-05,-0.000345826408096386,-0.000485909144586767,-0.000445780933887246,0.000307677380573876,-0.000109393719657797,-0.000543166924306088,0.000175817424493099,-0.00027173943076291,0.000481822543231435,0.000117236890198563,-0.000381982021731429,-0.000674496146932163,-8.73394022951683e-05,0.000720478282776846,9.37968912130045e-06,-1.29889960178115e-05,-0.000425975376167593,-0.000903175329985914,0.000162454023026926,-0.000811943752459427,-0.000356670728957238,0.000141737348462834,0.000186121464255691,-3.87332702565287e-05,0.000450922908510248,0.00035011770598669,-0.00197954522091965,-0.000749997928372564,0.000807360387431124,0.000533444480298644,0.00140526212718099,-0.0015191868251375,0.0033081321856173,0.0225873426363482
"715.845",-0.000648199563874167,-2.72264151530388e-05,-0.000537597413760586,-0.000871564422819231,-0.000772198881386051,-0.000606426282975147,-0.000401304084739679,-0.000340397412275559,-0.000533399448750007,-0.000588049126818348,-0.000697749701997921,-0.000753950860791525,-0.000300411603351008,-0.000325834828227075,-0.000674160985486651,-0.000229778300502634,-0.0007166689928218,-0.000243273360142899,-0.00129943892473608,-0.000416576972186559,-0.000781970272779055,-0.000875343693556874,-0.000298692833967664,-0.000987952756948114,-0.000719718255821656,-0.000843924160159048,-0.000791540247051991,-0.000670250554312515,-0.000447253335987208,-0.000701054865056016,-0.000518303492614598,-0.000649354625101238,-0.000526840920519146,-0.000875215400523065,-0.000942124385364371,-0.00129110624190309,-0.000981720375262359,-0.00140437899446385,-0.000424230623708371,-0.000416754843647215,-0.000622535589445594,-0.0016915153831326,-0.0020216866599875,-0.00106845794482355,-0.00216241003332587,-0.00121205317526531,-0.000544514648488468,-0.00254859939531746,-0.00152665687701858,-0.0041368665476756,-0.0046147013051022,-0.00464426003863251,-0.0620570377341189
"720.586",0.000153060837985135,0.000943080657188812,-0.000162476421967953,-4.70174952799338e-05,-0.000142868083779196,0.000438982358608869,0.000458984843520621,0.000105505169854065,0.000145656693098254,0.000549167811985008,-8.97837237787299e-05,0.00072398586998654,0.000212440342319924,0.000610236943449346,0.000147518058772064,-5.23137819503954e-05,0.00042004807572631,0.000232472523293381,-0.000281817652001048,0.000323427847628115,9.41634341569641e-05,2.52126676779555e-05,0.000286127299875117,0.000302205167593492,-0.000172265272632897,-0.000101387736293636,0.00027213509833507,0.000121984580490719,-0.000283042625675458,-7.55835795629243e-05,-0.00011056787611684,-9.67326824702231e-05,0.000280339496742812,-3.33363161543919e-05,0.000420265456873069,0.000140656846805439,0.000265463875068525,0.000363103272790412,-0.000141982792692594,0.000389843347707822,-0.000143885862582864,0.000378905535629951,-0.000150738166341997,0.000631747409933185,0.00234117908502513,0.00109369925856054,0.00162547150067959,0.000777618484883976,0.000928347615922576,0.00203144772100602,0.00189801093816398,0.00894339290761432,0.0352761022241506
"725.329",-0.000547020247562526,-0.000928480349673908,-0.000761501507114907,-0.000503521652468967,0.000514264847908212,-0.000388243449437862,-0.000257585007918005,-0.000332847904111513,-0.000428655310624751,0.000253319356289847,-0.000372427268960275,-0.000991568168678297,-0.000554741579143431,-0.000430659918965998,-0.000641231014064578,-0.000529392476976493,-0.000223742047200018,0.000223633787649278,6.48346900648639e-05,-0.000450583834927648,-0.00060626996660548,-0.00034288336037522,-0.000732389021240014,-0.000623317383195583,-0.000302761851139513,-0.0006439260417882,8.44615500766405e-05,-0.000148340677710281,-0.000968077991053813,-0.000760323414252392,-0.00059713966698042,-0.000433615935079885,-0.000588882178897893,-0.000414283657257949,-0.000336859952316501,-0.000819520101888747,7.68807960484213e-05,-0.000411274576407825,-0.00018793213227999,-0.000882744573091923,-0.000666643015193057,-0.00022875472147404,-0.00110798587992232,-0.00130545896329576,-0.00206427678972746,-0.000771554596605626,0.00178809771449531,-0.00280893296723361,-0.00216434197949918,0.000145352325257152,-0.00504275188551411,-0.00697896642175925,-0.00864657994158474
"730.072",0.000488755373872679,0.000324759436887704,0.000114207957507918,0.000309535795953205,0.000300370183615392,4.825427712618e-05,0.000343700248772515,6.29255451735132e-06,-7.08930528763886e-05,8.22139340576119e-05,0.000621504803545068,0.000466196796781215,-0.000409981617987787,-9.98356313842495e-05,-1.06396861801568e-05,0.000574782457772615,-0.000743070510786601,-7.09396116295946e-05,6.50020563924908e-05,0.000907394027537965,0.000541653858247714,0.000420753813500936,0.000151695829297763,0.000441472085713642,-0.000270023494519269,2.05492075620514e-05,-0.00102334728169478,5.47239801832848e-05,-0.00046110688715297,0.000598278243659014,-0.000198016655766578,0.000236506854968802,0.000239708857337666,0.000230796479609182,0.000160903924218483,1.50217169185294e-05,-0.000152259213952673,0.0007209346803087,-0.000261284421452558,-0.000278266966403369,0.000307650089793778,0.000491266847153658,0.000426550138141488,0.000644474049233784,-0.000235644242493962,0.00148046180297525,-0.00045467208878612,-0.000755806535219772,0.000218745690337638,-0.0014601633091444,0.000724604561965784,0.0108777250023666,0.0149834053579912
"734.817",-4.54015889735262e-05,-0.000950723201759997,-0.00068047072196395,0.000170110983327826,-0.000657291468717024,-0.000277809274464444,-0.000281205059750523,-0.000280078772594225,-0.000135618318012675,-0.000414064748213557,-0.000349476523644672,-0.000327524786811117,-0.000147639518601412,-0.000792324185242873,-0.00036768602484367,-1.04525865769107e-05,-0.000442000024463748,-0.000178637675761059,2.69837996920853e-05,-5.43847169549451e-05,-0.00111681537539814,-0.000257077664069062,-0.000446877607944081,0.000274016564023956,-5.89288083019356e-05,-0.000274991386338559,-0.00019155561397027,-0.00050322223085408,-0.00103590606151781,-0.000398192697687116,-0.000634459950297449,-0.000271111132920736,-0.000396001668684599,-0.000517839846386416,-0.00113286786535296,-0.000208045289310654,-0.000275033915039864,-0.0012495063681733,-0.00076336587879027,-0.000118616654005053,-0.000558472204165972,-0.000761790948707198,-0.00135116641190747,-0.00109814862335153,-0.0015668097209671,0.000498747156601614,-0.00170433714464974,-0.00364843322030308,-0.00161494679813286,-0.00161864866201664,-0.00316459764654906,-0.00804769948387033,-0.00491665563689974
"739.563",0.00122323160419781,-5.71177033276963e-05,0.000806286539094977,0.000136291645453767,0.000243257125643128,5.88779736999367e-05,0.000242699231211138,-1.28996874284985e-05,-5.05604342454901e-05,0.000159152878605719,0.000298375063640371,-0.0002871302147491,-0.000116715161510425,-0.000271257068224136,-0.000273737622017442,-0.000487941668277114,0.000653739687366252,-0.000168670420450283,4.03967000713178e-05,7.02793936389442e-05,-0.00035851631514882,-0.000611287143896743,-0.000465016163659867,-0.000200435617622393,0.00011785771055688,0.000888262030290027,1.14005515605559e-05,7.28619423550139e-05,-0.000107448192390651,0.000237022071585292,0.000210327162197229,-5.39374605040959e-05,0.000558076173066393,-0.00027525260409083,-7.7985473536026e-05,7.76976036688528e-05,-0.000880950687634868,0.000375645410249752,0.000161475315883616,0.00012375716770668,-0.000116123413203873,-0.000358138269525243,0.000396698535830092,-0.000656851622874605,-0.000898096716790632,0.00148248441786303,0.000373262876989003,0.00224909820203473,0.00272759597361176,0.00117275945875663,-0.00369280456878974,0.00227442760149429,0.000178862841149307
"744.31",0.000634862359752146,0.00039128265189778,0.000616219757656398,0.000590631954901038,0.00047926251609677,0.000341935755004887,0.000406250582146668,0.000357938749927592,-0.000101726554075808,0.000203136302216398,3.74613388494709e-05,0.000446551845554075,-0.000118001942959632,0.000593133161747205,0.00045487763850805,0.000690548803805336,0.000278064005584077,0.000633841989788299,0.00044129974251769,-0.000226970152357778,0.00058512018050826,6.66598411789232e-05,0.000546852081836069,0.000326609389626842,0.000212834636957684,-0.000364536784370344,9.77048752097386e-05,-0.000404418364931769,-1.6602174908858e-05,1.84643555933176e-05,-5.75344685146592e-05,0.000644336321616803,0.000167925859177993,0.000605151775988307,0.00019092857550821,0.000191488844844795,0.000103807891598516,0.000543641157136744,0.000411176119285599,0.00117893241042984,0.000233875356585,0.00012643993768613,0.000159184532118992,0.00132775196876948,0.000557602496624239,-0.000641809702829235,0.00170138737615512,-0.000922682574796994,0.00331665887387348,0.00141739798359947,-0.00186567310758271,0.0103327927243067,0.0114324070009072
"749.058",-0.00160146305303757,-0.00169327566372536,-0.0016232194506482,-0.000975965022173193,-0.000886844162331925,-0.00111915498374074,-0.000464949871084848,-0.000663879290759035,-0.000603223660276477,-0.00130911939104625,-0.00111296391834851,-0.00111684265364438,-0.00162391883779802,-0.000670254540733126,-0.000919492340274157,-0.00086491607321818,-0.000644483486157614,-0.00110911588781668,-0.00110944885935223,-0.0015452778046588,-0.00118402628555086,-0.00102365024158909,-0.0018371437709556,-0.00129399565776406,-0.00109589749999469,-0.00113670846945745,-0.00156801877397241,-0.00138912923600016,-0.00106848763169741,-0.00198273165807155,-0.0011344571156557,-0.000566234175045118,-0.000871088613279823,-0.000947942608735325,-0.000663972269353951,-0.000933479562723456,-0.00144806669841773,-0.000836960584545764,-0.00138876956374373,-0.00111866094929553,-0.00247983181211848,-0.00143625653687408,-0.00164248944343526,-0.00141656971377517,-0.00245745532159922,-0.00322868388899583,-0.00495443296475907,-0.00350573639252858,-0.00540097174159676,-0.00750920831723135,-0.00640865042752127,-0.0181333508611344,-0.0131591447451316
"753.808",-0.000117266002375716,0.000135899456343129,-0.000582354388439016,0.000280630163043055,-0.00048396839190025,0.000141590589247432,-0.000221552264319001,0.000221137440793542,-7.29470211278108e-06,9.597553908302e-05,0.000649522656870696,-9.19089596841405e-05,0.000121344528315706,-2.25713620234284e-05,1.08922122745909e-05,-0.00024782480734443,0.000859243088582156,-7.51595462856708e-05,7.51881372183848e-07,0.000625372365625345,-0.000230113797769864,-0.000580915897114015,0.000323853516608245,0.000558399714334511,-0.000232827586864276,-0.000461139216540226,-0.00073758256689509,9.28528958750927e-05,1.07624885004243e-05,-0.00022131802014315,7.74353179330335e-05,0.000354565303988686,0.00046235326882887,0.000858875564060272,0.000213787343477531,0.000141240133863194,0.000243749294652494,0.000361117238582466,0.000364657424634045,-8.29192613976569e-05,0.000707984304916813,-0.000300122072825752,-2.15387088284182e-05,-0.00148919862399319,0.00126347608635255,0.000785500368499937,0.000148217829505067,-0.000145591920433524,0.00301565725580789,0.00227826411413884,-0.000510004564483049,-0.0203739691048949,-0.0223169903214852
"758.558",0.000116700783958922,-4.64093510913919e-06,0.000108830367201413,2.19975430002663e-05,0.000301281717259307,-0.000258461778328448,-0.000164308880047602,-2.72050165181509e-05,0.000145282549273595,-0.000204412409081834,0.000167298132366504,-7.03337822529266e-05,-0.000370935833025305,-9.69889347480442e-05,-9.43763213950675e-05,-5.81411659226385e-05,0.000242803531100187,2.498857845584e-05,-0.000506794217349148,0.00108192946084197,0.000172134021384612,0.000122834215581825,-0.000291150512794,-0.000800045403255023,-0.00029915746370947,-0.00101241687047901,8.94447676764889e-05,-0.000305758317578901,-0.000137325554090019,-0.000516908927670311,-0.000180543216084636,0.000299949061590557,-0.000370931714901905,-0.000763455965330012,0.000192739084409088,-0.000673600407509198,-8.64429937208458e-05,-0.000492568935614895,-0.000435291978177642,-5.45851342209611e-05,-0.000532471305913534,0.000453801083188318,0.000418518647025412,-0.00127898641026645,0.000947682509469401,-0.00037224299435921,-0.00072756788742473,-0.00172164540246359,-0.00127412142201301,0.000984501192287743,0.00117678890202079,-0.00188348051757579,0.00331196848165775
"763.31",0.000627552995921867,8.00462749033353e-05,-0.000111556872057177,-0.000249031883325736,-0.000433563155926941,-0.000220085165217264,-0.000324536154366812,-0.000187885389214085,-0.000443954401023232,-9.04380175885598e-05,-0.00012027737441577,-0.00071643238736687,-0.000663702969944616,-6.0397092022544e-05,0.000356888233296173,-0.000433718846639155,-0.000173665682870541,-0.000729675703132913,0.000200910372780054,0.000453998335785524,-0.000283762227511431,-0.00110941711570959,-0.001188666654309,-0.000102858793945156,-0.00133923024318435,-0.000949188633401828,-1.3191197119307e-05,-0.000256228249511394,-0.000161296160466954,-8.29513842235175e-05,-0.00117493891439666,-7.13426525607953e-05,-0.000582672575487889,-0.000563094387224304,-0.000561614476760405,-0.000510891293938338,0.000440007592251473,-0.000612115449800664,-0.000961819980243659,-0.00119741410480445,-0.00104258968566308,-0.000775831148783947,-0.00154206713061012,-0.000736457251713533,-0.001169111143709,-0.00197584555738694,-0.00206658245910657,-0.00253088509795655,-0.00023972453043287,-0.00143650345156771,0.00691859124261522,-0.0140094023288048,-0.0139753282809863
"768.062",-0.00031937339662683,-0.00095729031033378,-0.00083876866441163,-0.000549505436199874,-0.001130640479,-0.000242851730525255,-0.000304137417651771,-0.000119345758528841,-0.000440193036886416,-0.000950753063725369,-0.000528471603138619,-0.000807473189418591,-0.000556801096407933,-0.000876047785086635,-0.00089823608745385,-0.000604001927403422,-0.00126378458537911,-0.000947826211114975,-0.00106982988895454,-0.000489159599154967,-0.000889418774567629,-0.000951451547289783,-0.00128536525966979,-0.00178563699711597,-0.00119336077565469,-0.000624197331226537,-0.000585785765227519,-0.000684129465297379,-0.000852974116082001,-0.000749029287215478,-0.00109059099791248,-0.00105205449787102,-0.000287979891054544,-0.00099000574798195,-0.00114689280976191,-0.000801007491923865,-0.000115317161069451,-0.000697966954607568,-0.00108985525470821,-0.000784063935330039,-0.000798558281981902,-0.000529786125240572,-0.0025121543008773,-0.00160843284537619,-0.00216557056040078,-0.00123824457888634,-0.00176590211721854,-0.00393624727338434,-0.00223336942550551,-0.00793915773960827,-0.0132919587270464,-0.0189256802761432,-0.0629456363015336
"772.815",0.000876407216778674,0.00059700374669118,0.000169925659387476,0.000844017440650208,0.000277832968433617,0.000158617637200831,-2.97066587455691e-05,1.39996153528908e-05,0.000274978877807673,-0.000155180657927685,0.000101602086815135,1.21465499760168e-05,0.000266744466228727,0.000444385041511545,0.000418897338290674,-0.000141851363135748,0.000737747031868938,0.00105239328230335,0.000621885234837842,6.11742364620234e-05,0.00048320501915264,0.000950059191860359,0.000361097408324176,-0.000632334568567042,0.00032649169248406,0.00139700859310034,2.3789568815305e-05,0.000471232357746243,0.00050447796901395,0.000529221973399871,0.00033746677473224,0.00066486098730795,-0.00039973535720829,0.000365862248604349,-0.000241819013566414,-0.00040464793860368,0.000975031262582612,0.000504182265731064,0.000240701365469201,-4.89808124348597e-05,-0.000360379006663257,0.000687410129293505,0.000909428547624111,0.00133723471838331,0.000950384751574571,0.00123453574282901,0.00123342111096994,-0.00043714619116157,0.00432721628233059,0.00194622464401636,0.00308602569969633,0.00452170444363001,0.0360035059593566
"777.57",0.000665079578734254,-0.000704880462381718,-8.61029203885194e-05,0.000478150159608206,0.000142000814056314,-9.4959642672952e-05,5.02638584608622e-05,0.000150352282415625,0.000176514864421289,0.000111903571697808,-0.000693665285116791,-0.000208856073761738,-0.000218952788592468,-0.000264332103748998,-0.000487919680532124,-0.000398268376313212,7.67499049472317e-05,-0.000281836686862269,0.000693152232314083,0.000451039741037949,0.000244899589603525,-0.000724766848886125,-0.000488442342618666,-0.000152281972341848,0.000668020310847137,-0.000399578410648841,0.00021454586362199,-0.000618781101899322,-0.00018809397612925,-0.000334871212415135,-0.000233546994590255,-0.000100677740366723,-0.000317504705504349,0.000567881300086655,-0.000536834069559255,-0.000262768580971968,8.69348744620872e-05,-4.45866123858974e-05,0.000242311365554543,-6.86282327408832e-05,0.000536213409022191,6.04644403242074e-05,0.000730435835338844,0.000229733839964512,0.000354397551813359,0.000211222774889733,-0.00117255989333863,-0.00239542164894499,-0.000392057847872405,0.00121398469256388,0.00424501591467038,-0.00486998942425502,0.0361613742545269
"782.325",-0.00107686587017433,-3.33296940700679e-05,-0.000191070242143896,-0.000362117880980894,-0.000693192888723347,-0.000383832660861286,-0.000214864935660136,7.99556708504506e-05,-5.69972944605974e-05,-0.000454424136626345,-0.000536824949451163,-9.98603628438784e-05,0.000183428919486996,-0.000331777432901758,0.000136078337256403,0.000208200111999803,-0.000427856902359825,-0.000136129852914139,-0.000987852764273411,-0.000474980792282554,-0.000344769880710109,0.000421537231361801,-0.00102809241125067,-0.000594640974038377,0.000119584315625126,0.000208206445765628,-1.42607334054992e-05,2.25438490808806e-05,-0.000848513031128085,-0.000480711684730075,0.000247844424411374,0.000817205916038803,-0.000499872984126515,0.000176614457346671,-0.000172619572584829,0.000462441932702957,-9.10797873728059e-05,-0.000598056313756528,-0.000413228213670324,-0.000969307189963466,-0.000751468933569385,-0.00101233541825307,-0.000895193680691633,-0.000178806442694903,-0.000656735082456542,-0.000821621758501522,-0.000592111308485684,-0.000308279891819297,-0.000915818565383626,-0.00221958560239897,0.00333755434201904,-0.00857793808581927,0.00303156398478335
"787.081",-0.00102698452085077,0.000918028567516524,-0.00055882547577711,2.75748303439904e-05,-7.66103236291124e-07,6.70399349448651e-05,-1.71886956926272e-05,-0.000336039925912714,0.000276243229863889,-0.00038879818576713,9.72530592243923e-05,0.000512537517489988,-0.00018799688673414,0.000222650447413774,1.22398941638422e-05,0.000339529738856151,1.32846014040787e-05,-6.9786018030956e-05,0.000167638030718623,0.000665165065372175,0.000288237401972738,-0.000411835392022244,-0.0010518496025458,0.000441340182075825,0.00011005925596939,0.000106950391381159,0.00034436807998903,0.000355869571675134,-0.000447515992542726,-2.66527556631641e-05,-0.000671625100300669,0.000105417552719881,3.43855689436333e-05,0.00665489125480738,0.000205311386139156,0.000419204467091513,0.000577008677970922,-0.000224320582023112,0.000576927047773845,0.000305010702221104,0.000753197054302352,-0.000419336620038051,0.000437917304197579,-0.000843198385379677,-0.000154644004401529,-0.000293383402663991,0.00248025305035318,-0.00141282407396236,-0.00159484960194478,-0.00199979814525917,-0.00585340459442764,0.00427458115243416,0.0298983117327257
"791.838",0.000617751789474746,-0.000617508144450131,0.000648260624569372,0.000728093069675818,-0.00013344203854856,0.000348308008241703,-2.3606459770649e-05,0.000447558303608085,-0.000250941957303022,-0.000116550104602021,5.4498049323693e-05,0.00051214296667544,0.000391347934588181,-7.89545230672572e-05,-0.00041864816390125,0.000641637764356694,-0.000597751193631382,-0.000209594463649747,0.000890383438727152,-9.74574919449292e-05,-8.38151582823172e-05,-0.000638729476909745,0.000394616227663151,0.000696534244401445,0.000400108107517507,0.000146859780327118,-0.00044841547545088,4.87811672586064e-05,0.00151574640936605,-0.000270263626108778,0.000215211241385071,-0.00027488716850952,0.000403328163002135,0.000504088217215801,-0.000340099572904168,-2.87263192589228e-05,1.7533441465555e-05,0.0011780018705607,0.000422922238286939,-0.000717471371822497,-0.000133580805085297,-0.000333732333048089,-0.00128732925006628,0.000894844544628742,-0.000762870937539511,-0.000436153418841688,0.000665953698574612,-0.00246101340630937,0.00452935857844997,0.00253529154585812,-0.000571709495680449,0.00101680177933699,0.0525160736204726
"796.596",-7.9297041767004e-05,0.0004946116376844,0.000995936624902148,-1.45018578806688e-05,0.000536058602086558,0.000444837829301699,0.000379293333533668,-3.80000598569532e-05,0.000459677212687585,0.000336369884808104,0.000230384318600684,0.000273762404815603,-0.000260341147673781,-0.000199932119268478,0.000245913741918128,0.000576291206530757,0.000527787602340872,0.000455634143378438,0.000139390301597544,0.00080839260566146,0.000807106298879569,-0.000882512806186172,0.000663496935286099,0.00094557030804663,0.000925859798441933,-1.35507804166501e-05,0.000534885246810215,4.02648478871125e-05,0.000148152267164118,0.000814536188800983,0.000423476295452759,-0.000292089366135637,0.000368776797475352,0.000709492525950439,0.00108576431133669,0.000702962437019414,0.000494617556069096,-0.000494024454446527,3.09035569587695e-05,0.00143226700072273,0.000389550475061614,0.000231368250341235,0.000585174322830897,-3.0302769308519e-05,0.00127622629348307,0.000141775535292582,0.00349552927987343,-0.000931021045121939,0.00099282227709679,0.00239835322662118,0.0138050423333072,0.0129180107605077,0.0232560996155272
"801.355",-0.000115254381742519,-1.30429028983231e-05,-5.33880922976695e-05,-0.000510471482542668,-4.20644965114461e-08,-9.68263263552102e-05,-0.000178813964680092,3.93597757063911e-05,-0.000264549295600618,0.00027325874269102,-0.000170696172789972,-0.000303941632264872,-0.000247872990981963,-0.000563971787648514,0.000145751667431924,-0.000254616078436903,0.000373855958335842,-2.45029483022317e-05,-0.000364614718218324,0.000140678071853667,-0.000416473429391372,-0.000494322456992296,-0.000488222074285863,-0.000331895437808106,-0.000352113750401125,-0.000270830693356265,-0.000114597794724269,0.000890757747782907,-0.000345971591389706,0.000383889464756521,2.91572867757476e-05,-0.000443692549655474,-0.000297066224012795,0.000266476509485094,-0.000445113439115089,-0.000621741072021134,0.000493203744079073,-0.000805716690704184,-0.000805105083530369,0.000239162055987042,-8.4521028971523e-05,-0.000235580905029982,-4.13477712922676e-05,0.00076412098652169,-0.000779512179943576,0.000510194413084643,-0.00153117995354239,-0.0029605566473802,-0.00208636867666893,-0.00278074215385743,0.00338690746125712,-0.00352599002746436,-0.0178259706235222
"806.114",-3.4659113049911e-05,0.00018970185192886,-6.57928652015031e-05,-0.00043770660467692,0.000312030172746535,3.0172091477169e-05,4.57364111863577e-05,-0.000209907301359752,0.000146971830889232,0.000239123949161192,-0.000465124719296705,-3.39066810418289e-05,5.89598832297327e-05,-0.00118690366202012,0.000123222640214382,-0.000763459805982378,-0.000292225574962401,-0.000196934024255563,0.000539456969038377,-0.000450151369290321,-0.000320996397488083,-3.20354013401488e-05,-0.000487343518947387,0.000152423355905332,8.4287884364885e-05,-0.000317293605920653,-0.000616003194598076,0.000289979254712444,-0.000587798925031977,0.000153018637995505,-0.000367149626465656,0.000145390567102302,-0.000196243208562054,-9.38071817808649e-05,-0.000940869397144286,0.000275740136580679,-0.00127073649134646,0.000563782499638379,8.73663465635882e-05,0.000281969350080053,-0.00113414931378804,0.00051258139770212,-0.000221451013860161,0.000551854751643262,-0.00107694193329548,-0.000420705937410405,-0.00176573922112765,7.43554576919858e-05,-0.00104278232788907,-0.00199304795455129,-0.00238362125844721,-0.00374466171851193,-0.0278681500266358
"810.875",-0.000293125992017102,0.00127706820973362,0.000240530381144346,-0.000346372449746155,0.000227560037579723,-0.000501509775039225,-0.000327687879244657,-6.5680143030983e-05,-1.49734787462273e-05,-0.000204823192735161,0.000180431036955925,9.02854554029348e-05,1.79163632031589e-06,0.000530971694897924,7.86323369160468e-05,-5.45857215637757e-05,0.000175415346397748,0.000861278661848862,0.000688147110779561,-0.000444865200866231,0.000203227376579648,0.000383204277840001,0.000316762418703398,-0.000419272679289985,-3.51347035476411e-05,0.000435115393235032,0.000248406085140717,-7.94462204021791e-06,-8.00745955617842e-05,0.000465607187879692,-8.0195920785345e-05,6.87838212606325e-05,-0.000203500297842721,0.000103488809301023,-0.000201814171994308,0.000850015351521412,-0.000291632486408647,-0.00030470065944971,-0.000625799811888155,0.00100242839266401,0.000731505049585531,0.00080864465690507,0.000791076822421194,0.000119309149260653,0.00202414337625048,0.000552988222356755,0.00113751080819584,-0.00137560032680316,0.00300944486831431,0.000404052438061324,0.00601917633288196,0.00773807102195462,0.0166741787735597
"815.635",-0.00114854483500572,0.000218682620252546,7.83008983980043e-05,-0.000459312600540156,-0.000613228159369893,-0.000533883895159851,-0.000216499975539153,0.000111541461231958,-0.00080058203486036,-0.000367234053680437,-0.000360501964068365,-0.000213784644608525,-0.000248262477138554,-0.000414363091332101,-0.000558197355718497,-0.000519715555103259,-0.000350869403160161,-0.00012320599986942,-0.00103214493894656,-0.00110348272985827,-0.000304655853097094,-0.00037171234209204,-0.00114663477977639,-0.000420845212269657,-0.000412229502502518,-0.000130457318368127,-0.00042970900907187,-0.00070582845670896,-0.000532756119829995,-0.000396178957636723,-0.000148750646264245,-0.000711038384622703,0.000125628375535955,-0.000836651491825557,-0.000887170890068975,-0.000292209000322165,-2.61465671296971e-05,-0.00137087357017686,-0.000804328607933474,-4.71227572551844e-05,-8.59318019841972e-05,-0.00148298721951385,-0.00119235378916333,-0.0019406128359152,-0.00188354111539951,-0.00090499427044253,-0.00425779027312008,-0.00151563108489936,-0.000979981183167651,-0.00613646323387194,-0.00401406015335534,-0.0178946202543084,-0.0399910781379242
"820.397",0.00105105233221188,-2.62064292352716e-05,0.000251489509950845,-0.00022425480130427,0.000580563343014319,0.000127346106565557,-0.000208362592473639,0.000301798841537435,0.000146940552135575,4.26360209108536e-05,-9.52630054826823e-05,0.000979447503739398,-0.00027190095849237,0.000621494192002751,-1.16884130764507e-05,0.000331463360887353,0.000736234768402454,-0.000345131911265984,0.000567751030045634,-0.000969780829530885,0.00144506546689333,0.00048910387610474,0.00121200260661527,0.00075203572150067,0.000387697851887801,0.000257913837361096,0.000242487874963724,0.000807977985309143,0.00113023800708465,0.000997479328380703,0.000654609604968246,0.00037186457549185,0.000137150278781473,0.000625256369797526,0.000734955728836168,0.000810559894289141,0.000520243699649212,4.14296085758496e-05,0.000996325644232656,0.0010019488967571,-0.000408757613924104,0.00121030036974479,-0.000529017476431219,0.000139580409461009,-5.51230910645513e-05,0.00307993062208518,0.00270108933895505,0.00376564566448176,0.000578162151985003,0.000953792355251722,0.0153023509400656,0.0105885851037636,0.0219912573528762
"825.159",0.00167423312202056,0.00215336679544595,0.00103381376424472,0.00118793177616405,0.000948268768251147,0.000355574908040056,0.00074615271895629,0.000209927279225699,0.000829997253540645,0.000828194474005985,0.000312832949884993,0.000923146588618648,0.00144237579735501,0.000771708228263948,0.00111730097926445,0.000441978122108718,0.000747995792679227,0.00114076961277029,0.000835543551259636,0.00103657337615903,0.00118024096880022,0.00148499264429755,0.000238975062137613,0.000983110892740916,0.000180257376716379,0.00113025456089181,0.000882580009794641,0.00152426477442486,0.000940353287860984,-0.000116020627327184,0.000451430902300333,0.000891447599717702,0.000692915769840967,0.00138191784248458,0.00122773023500078,0.00126568686271939,0.0012191133984174,0.000894073427193082,0.00102662685232691,0.00136510938628069,0.00120207964207919,0.00110055113294687,0.00218434638464151,0.00136568772407423,0.000327469469825892,0.00143427143864248,0.00282558142379321,0.000918189941542659,0.0089126485731532,0.010195951556647,0.00890454470888366,0.0289842388683904,0.0340797111673034
