"","500","495","490","485","480","475","470","465","460","455","450","445","440","435","430","425","420","415","410","405","400","395","390","385","380","375","370","365","360","355","350","345","340","335","330","325","320","315","310","305","300","295","290","285","280","275","270","265","260","255","250","245","240"
"248.336",0,0,0,0,0,0,0,0,0,0,0,0,0,0,0,0,0,0,0,0,0,0,0,0,0,0,0,0,0,0,0,0,0,0,0,0,0,0,0,0,0,0,0,0,0,0,0,0,0,0,0,0,0
"252.814",0,0,0,0,0,0,0,0,0,0,0,0,0,0,0,0,0,0,0,0,0,0,0,0,0,0,0,0,0,0,0,0,0,0,0,0,0,0,0,0,0,0,0,0,0,0,0,0,0,0,0,0.134322422892656,0.0164185585484452
"257.296",0,0,0,0,0,0,0,0,0,0,0,0,0,0,0,0,0,0,0,0,0,0,0,0,0,0,0,0,0,0,0,0,0,0,0,0,0,0,0,0,0,0,0,0,0,0,0,0,0,0,0.0891527879984035,0.0296386168947976,0.0424212504749988
"261.781",0,0,0,0,0,0,0,0,0,0,0,0,0,0,0,0,0,0,0,0,0,0,0,0,0,0,0,0,0,0,0,0,0,0,0,0,0,0,0,0,0,0,0,0,0,0,0,0,0,0.0751564455859246,0.0186955297998807,0.011786186262512,0.101166721353483
"266.271",0,0,0,0,0,0,0,0,0,0,0,0,0,0,0,0,0,0,0,0,0,0,0,0,0,0,0,0,0,0,0,0,0,0,0,0,0,0,0,0,0,0,0,0,0,0,0,0,0.0447238668039196,0.00934820607485509,0.00838666189139425,0.0652121747184508,0.201442648877394
"270.764",0,0,0,0,0,0,0,0,0,0,0,0,0,0,0,0,0,0,0,0,0,0,0,0,0,0,0,0,0,0,0,0,0,0,0,0,0,0,0,0,0,0,0,0,0,0,0,0.0233894180837697,0.00491997572821692,0.011014470512948,0.0307377088284553,0.124298992471299,0.0387309344483494
"275.26",0,0,0,0,0,0,0,0,0,0,0,0,0,0,0,0,0,0,0,0,0,0,0,0,0,0,0,0,0,0,0,0,0,0,0,0,0,0,0,0,0,0,0,0,0,0,-0.0128006645874152,-0.00161173681998852,-0.00107128342250788,0.0124353730901793,0.0870923482815013,0.0664305013012859,-0.0287827384163668
"279.76",0,0,0,0,0,0,0,0,0,0,0,0,0,0,0,0,0,0,0,0,0,0,0,0,0,0,0,0,0,0,0,0,0,0,0,0,0,0,0,0,0,0,0,0,0,-0.0108738287675583,-0.00152339778564023,0.00439960325948818,0.0132983265901303,0.0717433455196456,0.0688362120790503,0.0160162414581625,-0.00979743820178528
"284.264",0,0,0,0,0,0,0,0,0,0,0,0,0,0,0,0,0,0,0,0,0,0,0,0,0,0,0,0,0,0,0,0,0,0,0,0,0,0,0,0,0,0,0,0,0,-0.000760111310758593,0.00407942328097221,0.00743009938214054,0.0418795317410365,0.0686003899652895,0.00753806166493058,-0.00229284042410211,-0.0130157978500031
"288.772",0,0,0,0,0,0,0,0,0,0,0,0,0,0,0,0,0,0,0,0,0,0,0,0,0,0,0,0,0,0,0,0,0,0,0,0,0,0,0,0,0,0,0,0,-0.00139104061466799,0.005337742150275,0.00646177213558317,0.0276074485864213,0.0823315772547404,0.0272195317780233,0.00906467605507848,0.0161341592640482,0.0419228006509697
"293.283",0,0,0,0,0,0,0,0,0,0,0,0,0,0,0,0,0,0,0,0,0,0,0,0,0,0,0,0,0,0,0,0,0,0,0,0,0,0,0,0,0,0,0,-0.00449002367221757,0.00338743654699257,0.00194770495561627,0.0104955672210534,0.0546005354090406,0.0268600216430052,0.00349001936422955,0.00395742229793362,-0.000493434402857072,-0.00842782474760641
"297.797",0,0,0,0,0,0,0,0,0,0,0,0,0,0,0,0,0,0,0,0,0,0,0,0,0,0,0,0,0,0,0,0,0,0,0,0,0,0,0,0,0,0,-0.00385670056932347,0.00238783695418773,0.00298380220209491,0.00587496430162824,0.0492444413428812,0.0395041198756574,0.00349464507400883,0.00131778521466417,9.14213973556548e-05,0.00172194463506803,0.0275678603744937
"302.315",0,0,0,0,0,0,0,0,0,0,0,0,0,0,0,0,0,0,0,0,0,0,0,0,0,0,0,0,0,0,0,0,0,0,0,0,0,0,0,0,0,-0.0150990117847226,0.000193512943282442,0.00176175540766955,0.00412202878960111,0.0333162499747314,0.0431858761050943,0.00609416808843864,-0.000701778329363486,-0.0014019785709768,-0.00255279684677685,-0.0117407770642013,-0.000587680743377682
"306.837",0,0,0,0,0,0,0,0,0,0,0,0,0,0,0,0,0,0,0,0,0,0,0,0,0,0,0,0,0,0,0,0,0,0,0,0,0,0,0,0,-0.0209186743042448,0.00289222225520771,0.00135924567686244,0.00209255753062644,0.0203478442104563,0.0467697226777131,0.0125637568899298,0.00144983430352419,0.00272131137666702,0.0030367084675153,0.00307743749070853,0.00301558340636534,0.0010069162550382
"311.362",0,0,0,0,0,0,0,0,0,0,0,0,0,0,0,0,0,0,0,0,0,0,0,0,0,0,0,0,0,0,0,0,0,0,0,0,0,0,0,-0.0342288101723826,0.00180120541111104,0.00205403769155377,0.00117600098419618,0.0117519352128694,0.0399385105466368,0.018381427954212,0.000620780914688588,0.000161465947169591,-0.0014811291106544,0.00382582825785522,-0.00265846588113035,-0.00089790656738168,-0.0133320454829781
"315.89",0,0,0,0,0,0,0,0,0,0,0,0,0,0,0,0,0,0,0,0,0,0,0,0,0,0,0,0,0,0,0,0,0,0,0,0,0,0,-0.0490476000400661,0.000860608702330477,0.00229888768083797,0.00152548492683023,0.00629699679020616,0.0321581803404931,0.0247458849828017,0.00510614015413904,0.000692063869722936,0.00232452143194881,0.00130413390995849,0.00426511273327046,0.00135613879459835,-0.00217281677490058,0.0327551594783129
"320.422",0,0,0,0,0,0,0,0,0,0,0,0,0,0,0,0,0,0,0,0,0,0,0,0,0,0,0,0,0,0,0,0,0,0,0,0,0,-0.0338794457248546,-0.00198380851525702,0.00263865672256575,0.00144130904876087,0.00264429708362092,0.0264342175853698,0.0335983170132818,0.00887722375011037,0.00678790470960036,0.00437781749392562,0.00503356236192644,0.00581585051725569,0.00107094097781308,-0.00610696463245036,-0.00867607306764451,-0.0244466619393392
"324.958",0,0,0,0,0,0,0,0,0,0,0,0,0,0,0,0,0,0,0,0,0,0,0,0,0,0,0,0,0,0,0,0,0,0,0,0,-0.000873674251957612,-0.00122390204672825,0.00311377132285618,0.00205315169213965,0.00285340605554803,0.015369384022221,0.0368134598019314,0.013628835856184,0.00799864537617827,0.0103462951540221,0.00738726564935757,0.00665514028843554,0.00687083039234732,0.0033538609843887,0.00990649674125146,0.00376645380741897,0.00758554626127217
"329.496",0,0,0,0,0,0,0,0,0,0,0,0,0,0,0,0,0,0,0,0,0,0,0,0,0,0,0,0,0,0,0,0,0,0,0,-0.00119208927693926,-0.00625635596990946,0.00117798084521559,0.00186336394873747,0.0016649761127437,0.0078945974189289,0.028472719403062,0.0161148146118799,0.00708303806994283,0.00780502507072174,0.00826072938409479,0.00755232188823268,0.00506724146823213,0.00721012924309012,0.00318426398712431,0.00237885613697014,-0.00138456843204984,-0.00342818355151585
"334.038",0,0,0,0,0,0,0,0,0,0,0,0,0,0,0,0,0,0,0,0,0,0,0,0,0,0,0,0,0,0,0,0,0,0,0.000292079515569643,-0.00962875043505945,0.00264547913621016,0.00269422841549933,0.00236336631965308,0.0047376741968514,0.024100172882344,0.0184588587949714,0.00776423219346975,0.00759977034784636,0.0109599401518935,0.00942239816031657,0.00800482105919931,0.0078741087631178,0.00831307621869067,0.00979874881966272,0.00833499825136982,-0.00936449271747434,0.047454371271158
"338.584",0,0,0,0,0,0,0,0,0,0,0,0,0,0,0,0,0,0,0,0,0,0,0,0,0,0,0,0,0,0,0,0,0,-0.000633326089070518,-0.0235616869172773,0.000231194902668125,0.000835916755595689,0.002553549436153,0.00155337024539985,0.0157593395976223,0.0218864184337618,0.00553388299140826,0.00475338070452881,0.00629687563195672,0.00912719143765243,0.00777147428355045,0.00750954979957455,0.00693092658907659,0.0087922132881881,0.00571888884455301,-0.00232460013255501,-0.00547440000301039,0.00274969223751186
"343.133",0,0,0,0,0,0,0,0,0,0,0,0,0,0,0,0,0,0,0,0,0,0,0,0,0,0,0,0,0,0,0,0,0.000160536759283292,-0.032070883128061,0.000812867934816795,0.00121494313808566,0.0016296875935033,0.00186084037078844,0.00966941787482803,0.0229876522002959,0.0074505581679334,0.00186296456105635,0.00513880689116901,0.00627163385779277,0.00587089191776259,0.00742629564604512,0.00677058694479368,0.00596187916796457,0.00701517486703896,0.0112172761865413,0.00421968022346642,0.00225690841736976,-0.00338407558119965
"347.685",0,0,0,0,0,0,0,0,0,0,0,0,0,0,0,0,0,0,0,0,0,0,0,0,0,0,0,0,0,0,0,0,-0.0395280176026039,0.00064229463715587,0.000124247097605524,0.000600747620300244,0.000815939903171029,0.00534365677357438,0.0187697560579443,0.0119837970558122,0.00111899616859531,0.00132981116721032,0.00356742758661953,0.00536704644528202,0.00511936379191426,0.0086315835841232,0.00635814124273348,0.00387216093082197,0.00637803998665444,0.00512985835668263,0.0102865589820981,-0.00115979885171919,0.0363656344960814
"352.24",0,0,0,0,0,0,0,0,0,0,0,0,0,0,0,0,0,0,0,0,0,0,0,0,0,0,0,0,0,0,0,-0.0557294278942922,0.000202440996082576,0.00081060021135072,0.00128548603868598,-0.000376243614712167,0.00231607752974154,0.0148632323495777,0.0129566314904946,0.00160702370040268,0.000856101388012188,0.00129574427056009,0.00414924321732825,0.00474299141665706,0.00503347969455452,0.00627994536831014,0.00424697781815668,0.00428470898672533,0.00703091619014097,0.00395244104568382,0.00539054033605063,-0.00580187867123971,0.0113462483460494
"356.799",0,0,0,0,0,0,0,0,0,0,0,0,0,0,0,0,0,0,0,0,0,0,0,0,0,0,0,0,0,0,-0.0715419242003331,-0.00101688810521194,0.000270534249926953,-0.000859593330394988,-0.000688813387902719,9.08559641922269e-05,0.00991036907926358,0.0151355419737477,0.00312674144348027,-0.00148614870658979,-0.000168754668248112,-0.000133179363963423,0.000173702575634697,0.00236024352122343,0.00312632267552009,0.00211245252698151,0.00286263034193855,0.00532467384794962,0.00130097743136929,0.00124571829460091,0.00073026900550788,-0.0100923214646648,-0.0264267480697255
"361.361",0,0,0,0,0,0,0,0,0,0,0,0,0,0,0,0,0,0,0,0,0,0,0,0,0,0,0,0,0,-0.0838392582095549,-0.00172403026818565,-0.000239505669386911,0.000520188310346057,5.52743155204207e-05,0.000653727632500088,0.00502523614313123,0.0155405678138111,0.00604411888506911,0.00015658310877069,-0.000315273320060272,-0.00040482672837801,-0.000677676192996715,0.00103824670385528,0.00283647317269504,0.00178584187872316,0.00254274667870862,0.00428671084735275,0.00358963039237172,0.00280461921585606,0.00315718265503635,-0.00338969931227777,0.00986572874664305,0.0259392807135998
"365.926",0,0,0,0,0,0,0,0,0,0,0,0,0,0,0,0,0,0,0,0,0,0,0,0,0,0,0,0,-0.113260451587123,-0.00403091259049547,-0.000121166908143423,5.43329243817524e-06,6.91702807503192e-05,-0.000220922509759639,0.0023491436414615,0.012364808269342,0.00865693800900953,5.12054039993187e-05,-0.000713455210071108,0.000284143701481696,-0.000371875850109494,0.000834792079518514,3.70606110832008e-05,0.00215733482343842,0.00147134506949306,0.00239243091712902,0.00441518183557665,0.00122908602701573,0.00425208154897857,0.00134820686473655,0.00177587952389619,-0.00306153081804584,-0.000513757450920641
"370.495",0,0,0,0,0,0,0,0,0,0,0,0,0,0,0,0,0,0,0,0,0,0,0,0,0,0,0,-0.148729897841289,-0.00659022571414378,0.000158306742810837,0.00126999996003163,0.000304957462820092,-0.000122140946401046,0.00143822884222273,0.00883841635529847,0.00983679625714101,0.00157073772584219,-1.78162196031416e-06,0.000982537129854719,-0.00109697303150889,-0.000753669432609174,0.000502043064456447,0.00127334177991809,0.000862269236682884,0.000661398967985814,0.00192923847285927,-3.90056707903629e-05,0.000585427057847763,0.00148094300754348,0.00243762722594903,-0.00175397978406451,-0.00845224549916248,0.0545811488292658
"375.067",0,0,0,0,0,0,0,0,0,0,0,0,0,0,0,0,0,0,0,0,0,0,0,0,0,0,-0.180846740418821,-0.0142212719716226,0.000191232813917855,0.000986705639020953,0.0008664147917039,0.000978217431490664,0.000448347504819925,0.00577800713881781,0.0125947139349411,0.0044092764802067,0.00112770150455651,0.000541096189436586,0.00046706175916261,0.000312104495456909,0.000682209398305074,0.000410438306599805,0.000116979074550686,0.00161015293416087,0.00201117483874119,0.00160758263957539,0.00421326832551701,0.00437138260621266,0.00511147530977195,0.00611769708533242,0.0119004233755296,-0.000470415712829319,-0.0108936652083199
"379.641",0,0,0,0,0,0,0,0,0,0,0,0,0,0,0,0,0,0,0,0,0,0,0,0,0,-0.141938478855599,-0.0241184356499735,0.000170193191731205,0.000282803287527458,0.000831802431487847,0.000802426444215105,0.000824823364893355,0.00382750993007849,0.00956168334360506,0.00546227551886117,0.000571522548407951,-6.46969372756524e-05,0.000320787370808251,0.000887912999590988,0.000436033599451548,0.00109049317039211,-0.000315193310625888,0.00141533040526626,0.000370155818948429,0.00201544193738679,0.00358744777667763,0.00304380752164794,0.0017784399680441,0.00361233549522689,0.00301941427873542,0.00955378437434858,0.0121591434959202,0.0248364297875312
"384.219",0,0,0,0,0,0,0,0,0,0,0,0,0,0,0,0,0,0,0,0,0,0,0,0,-0.132588850940608,-0.0251510085150661,-1.2891790987144e-05,-9.10586252110407e-05,0.00064934305168785,-0.000117150369250706,0.000350987933479099,0.00136627513802346,0.00795401769363388,0.00741382817175312,0.00102528808670986,0.000450752541457143,-0.000666909135891465,-8.05595299822976e-05,-0.00120555542743944,-0.000612155741898186,-0.000271570065129712,0.000239070192490942,7.46530196443246e-05,0.000933041553309001,-0.00038193834996833,0.000510690401082609,-0.000216361451406544,0.00168017648566794,-0.00114465842291402,-0.00150286811094384,-0.00107527448388678,0.00244697078547779,-0.00496792703237108
"388.801",0,0,0,0,0,0,0,0,0,0,0,0,0,0,0,0,0,0,0,0,0,0,0,-0.133884594710654,-0.0348554956369453,-0.000739604449170496,-0.000760842229503978,-7.69926769914608e-05,-0.000650962467944323,5.28147437216155e-07,-5.8901138730012e-05,0.00526099437784375,0.00779386954090265,0.000615510094239914,-0.000710758316317684,-3.55470685461507e-05,4.77634591243663e-05,-5.18670557631367e-05,-0.000813125164305509,-0.000519593506954558,-0.00101700996141746,-0.000402836593381065,-0.00093894821083669,-0.000381583101126682,-0.000687055304935194,8.5727298843846e-05,3.40887947093325e-05,-0.0011692753684139,-0.00121180587506946,-0.00152850536019728,-0.00539456515964426,-0.00907093519897694,0.0105832972209735
"393.385",0,0,0,0,0,0,0,0,0,0,0,0,0,0,0,0,0,0,0,0,0,0,-0.121756760168534,-0.0452285185843115,-0.000501749206414948,-0.000185025374946324,-2.1521753837358e-05,0.000167125227705259,0.000199665294076271,0.000119488569244554,0.00262761650373691,0.00869057565635228,0.00314969057966383,0.000452685518718574,5.18582909375678e-05,0.000120186014232813,9.21364663961247e-05,-0.000136007264750109,-0.000350863245447163,9.64877466038093e-05,-0.000398514101068892,1.28053389564721e-05,1.59658371158499e-05,-0.00131028520000892,-0.00119665988971197,-0.000840265523593501,-0.00246311180578646,0.00167344681074223,-0.000862596204511781,-0.000977213372635063,-0.00910893758201446,-0.00600831797911469,-0.0152393882214958
"397.972",0,0,0,0,0,0,0,0,0,0,0,0,0,0,0,0,0,0,0,0,0,-0.0922113295417671,-0.0587314356685816,-0.000941919428618605,-0.00068708293608743,-0.000436859671888634,-0.00089034130661176,-0.000567144290052778,-0.000486231197520236,0.00137369298685036,0.00464401488163489,0.00415338109245424,-0.000534166105139765,-0.000635013423921282,-0.000698406461999672,-0.00146120213286288,-0.000968125712320736,-0.00114306092691209,-0.000515052258177073,-0.000721792036772522,-0.00108451509192862,-0.00157469598185448,-0.00124368512528925,-0.000527787450580453,-0.00310870243129231,-0.00286732375320696,-0.000548079013866488,-0.00166416474989074,-0.00472339019331677,-0.00518229081160722,-0.0026582742605774,-0.0164072012050526,-0.0156756603509038
"402.562",0,0,0,0,0,0,0,0,0,0,0,0,0,0,0,0,0,0,0,0,-0.134613711002532,-0.06985786349136,-0.000544707497387525,0.000151398040749033,1.65440068032423e-05,0.000113811978671003,0.000656728987408745,3.52165166256583e-05,0.000978159485237781,0.004672372869877,0.00573112487902838,0.00115798485107705,0.000497008404664814,5.60797937073527e-05,1.92681818813329e-05,-3.12820363897152e-05,-0.000227693648266521,5.66454138279088e-05,-0.000567163732593592,-0.000244242599930978,-0.000123856091531331,0.000353665792436465,-0.000246257836506968,-0.00129284480989579,0.000217171921305911,0.000310785776008409,-0.00111483653898044,-0.0014124800997756,-0.000704164494921596,-0.000585456167910546,-0.00214322330982349,-0.00462283151929389,0.00093643633017008
"407.156",0,0,0,0,0,0,0,0,0,0,0,0,0,0,0,0,0,0,0,-0.144770191126976,-0.0755501565191898,-0.000340518505007661,-6.94691560970146e-05,0.000140497178374853,0.000171808812795444,4.6695567952156e-05,0.000437043096222905,0.00119283971171498,0.0020932296523855,0.0055135635203449,0.00216985198980217,0.000625785622125915,0.000529110142650483,0.000595520707282099,0.000761933790539223,0.000416146628063718,0.000374991673702015,0.000419452607870797,0.000238027598305237,0.000267524979755829,-0.000476438842664445,-0.000237871912919719,0.000648435237971406,0.000720694637130172,6.3797098852586e-05,5.04716568229067e-05,0.000828452068679072,0.0031257886471095,8.81730299048403e-05,0.00563706881191013,0.00545160213929093,0.00742751150715351,-0.0220326858897002
"411.752",0,0,0,0,0,0,0,0,0,0,0,0,0,0,0,0,0,0,-0.142280600547639,-0.0955684482931421,-0.00289129244777784,-0.000245280266989986,-0.000285401258597191,-0.000295003651466677,-0.000337462362201927,-0.000251433986517811,-9.64890269951075e-07,0.00210964192542825,0.00438248287106568,0.00244203414018338,1.94665513377473e-05,-0.00036349492419409,7.19231918382772e-05,8.23222206656331e-05,-0.000569339123879232,0.00020952568529429,-0.00111849463721956,-0.000592113398012828,-0.00120012358081717,-1.25997115773924e-05,-0.00129768321035122,-0.000956013594981033,-0.000415727256617599,-0.000293911663394756,-0.000617748823183725,-0.000685812310049907,0.000120304527852832,-0.000182060913725873,-0.00196665550615075,-0.00296070793771559,-0.00319097407154284,-0.0135083958636907,-0.02805840945415
"416.352",0,0,0,0,0,0,0,0,0,0,0,0,0,0,0,0,0,0,-0.104619141106266,-0.00406339809947622,-0.000572806885426912,-0.00062168660499996,-0.000423950114299887,-0.000826148253433438,0.000251859159127894,-0.00028403362058481,0.000267208387134723,0.00286017330904233,0.00386824950312709,0.000505638375147142,-0.000253325314494007,0.000201542923371959,0.000185476419581931,0.000198119215976501,-0.000317616742171359,0.000196299012293437,1.01263717593038e-05,0.000329256560170229,-0.000243493180083763,-0.000814195396564052,-0.000118873446423997,-0.000912399869384,0.000171932186309913,-0.000503885630146206,6.24792454558055e-05,-0.00104839875335685,-0.000208150405340778,-0.00181817425339603,-0.00143944212714182,-0.000869303669481879,-0.00479397612164718,-0.000742747006738343,-0.0013580559026856
"420.954",0,0,0,0,0,0,0,0,0,0,0,0,0,0,0,0,0,-0.120042768790506,-0.00546336397798634,-0.000862231124488263,-0.000239543684501904,-0.000316480388186329,-0.000385150947614202,0.000260095309938921,-0.000795535126273316,-0.00017133557485916,0.00241010003967282,0.00379989849041238,0.000812463319132893,-8.36167821467639e-06,-0.000188449488859538,-0.000274018052861701,-0.00030260243640547,-0.000159104508761587,-0.000274662719561852,0.000433141829392043,-0.000213985201309645,-0.000947600307769155,-0.000601672452480241,-0.000676870441517097,-0.000916185656333926,-0.000671257468762263,-0.000416261806847655,-0.000952089027116216,-0.000636933270546911,-0.000123020839383254,-0.000262461618020668,-0.00244547990813264,-0.00167507743560282,0.00254964179704697,0.000278759126827785,-0.0027233879634622,-0.0199662425934385
"425.56",0,0,0,0,0,0,0,0,0,0,0,0,0,0,0,0,-0.129414091938382,-0.0072201295988146,-0.000307234747936631,-0.000333063753855063,0.00014283489168365,6.61413600864663e-05,-6.29809890531092e-05,0.000303188400750663,-2.8389989945401e-06,0.00143846562469946,0.00389317821601517,0.00139434749964321,0.000455748773254152,0.000570140546458677,-0.000210149364022616,0.00076530461567904,0.000466782115308274,-4.3297330245337e-05,0.000125526134715295,1.85337571806619e-05,-0.000239919976716406,-0.00015852550894319,-4.47922474518848e-05,-8.30724508461977e-05,6.29317646112405e-05,9.43655735210631e-05,0.00037638937253873,-0.000106004139566335,0.00044199037487344,0.0005263253949889,-2.3473716303157e-07,-0.000993694459743363,0.00176925666302736,0.00428785500630282,-0.00180283756945008,0.0138275118295665,0.02780754965133
"430.168",0,0,0,0,0,0,0,0,0,0,0,0,0,0,0,-0.140578762008048,-0.00972942973300971,-0.000619104393720173,-0.000656552534222152,-0.00054634761209574,-0.000570185579114619,-0.000177415496783302,-0.000195881110533806,0.000138357690951906,0.000936002530870127,0.0033136255870453,0.00228504723978124,0.000418409085539685,0.0004813367220212,-0.000333756135621515,0.000313906221891219,-0.000181102090780942,-0.000341151805360064,-0.000272020947122173,-0.000123416004913928,0.000380181236202033,-0.000147328240638265,2.0552172947844e-05,-0.0002078134253741,-0.000767724546767725,-0.000583886283277748,-0.000712464400207335,1.38392341521751e-05,-0.000441663468672898,-0.000119336406914741,-0.00197664943655733,-0.000757408628722097,-0.0005053380456537,-0.000807719454062715,-0.00158170462469605,-0.00342649424479338,-0.00522202161402462,-0.0140670509150016
"434.779",0,0,0,0,0,0,0,0,0,0,0,0,0,0,-0.154469413456259,-0.0128510600653992,-0.000473234050301606,-0.00040863611092059,-0.0012870643870646,-0.000544884516582854,-0.000178202639852568,-6.11112523406215e-05,-0.0003213282469547,-0.000277984500630872,0.00195343183821418,0.0033489534677858,0.000632967926515583,0.000260289295997427,1.66593202373096e-05,-8.31788212560003e-05,-0.000172702846837549,0.000148583742633597,-0.000273863814344914,0.000254128562902205,-0.000430644050481841,-6.52332544564609e-05,3.8551331484414e-05,-0.000930547947807317,0.000129511441193104,-0.000638242769643551,-0.00102828158058829,-0.00103261853925939,-0.0011245748609793,-0.00115152402906933,-0.00108417225620038,-0.00136224892647618,-0.00114712395455039,0.000500896874831788,-0.00106147664182011,-0.00123071158723237,0.00108913768540387,-0.00887882686022595,-0.00984518399565647
"439.393",0,0,0,0,0,0,0,0,0,0,0,0,0,-0.174360200953972,-0.0098078985489457,0.000405407593166524,0.000354969159377319,0.000122215994393279,0.000439002577854556,7.0711450304275e-05,0.00071151067604487,-0.000194534746397838,0.00033854497729034,0.000975877059498167,0.00236020187544741,0.00110814804928512,0.000311023217222429,0.000863405774759386,0.000594337204837622,0.000256446816267263,0.000286461606576159,0.000351666114055128,0.000181553472316962,0.000117676367258339,0.000252876992984536,0.000293845743552023,-1.00640558733241e-05,0.000471833020884197,0.000107349082842146,0.000564689004981209,0.000282456133282794,-4.0916432426919e-05,0.000556572635044406,-0.000522085615734417,0.000840488643724284,-4.78782958737293e-05,0.00088843437055659,-0.00040056282846425,0.00217932709985886,0.00190821065919003,0.00282392178958811,0.00705218061274867,0.0176934062372144
"444.01",0,0,0,0,0,0,0,0,0,0,0,0,-0.171879200183992,-0.0224738289006404,-0.000621571773294006,1.29413911768776e-05,0.00042710523906289,0.000254329165789664,-0.000176475207342721,1.91252565923527e-05,0.000138546401529851,0.000492116443581799,0.000286316960627298,0.00210107044016947,0.0019972535500782,0.000337439947453078,1.63096787883883e-05,9.09146663405967e-05,0.00019031769683044,0.000408875952852733,0.000226620454392473,0.000266985971358003,-8.14605644711674e-05,-0.000216519620208939,7.75311402382317e-05,0.000108859145179468,0.000287504137813022,-0.000568657548459463,0.000245540518046682,0.000592513947244209,-0.000158332299137028,-7.96697233612589e-05,-0.000464985908282205,-0.000664603854810381,0.000347390135657917,0.00110574741672564,0.000164408854054122,0.00095344597100678,0.000245781576876427,0.000970616317665843,-9.53587966841917e-05,-0.00135970143558008,0.00290323677597933
"448.63",0,0,0,0,0,0,0,0,0,0,0,-0.175743000726764,-0.0273164728403786,-0.000142548151021571,-0.000128549235597509,-0.000314066695824056,0.000196828197582786,8.4185212758962e-05,-0.000277737296764687,4.88710655122127e-05,-0.000458050049783927,0.000260167946358034,0.00160608577188262,0.00200719425498012,0.000803398808149446,0.00022376552125429,0.000171656152142026,0.000162568198222213,0.000300572143250622,-5.61415836561246e-05,0.000158890962574785,0.000206484531173302,0.000592435824303232,0.000106173591468609,0.000203142536865256,-3.60448557823746e-05,0.000442298849088865,-0.000468455071117469,-0.000168311619657677,-0.000402701768103787,0.000202605141899123,-0.000336515727522278,0.000468940498507794,-0.00047305530954823,-0.000247611692365662,0.000632974048793582,0.000943026776493984,-0.000130231136409646,0.000201688310661939,0.000840907901876067,0.0054232873957517,0.000676774410542791,-0.00166001034509563
"453.253",0,0,0,0,0,0,0,0,0,0,-0.158417537789742,-0.0382017150895102,-0.000630122604671453,-0.000171177886742995,-0.000243101433227879,-1.81302013702771e-06,3.1246049364198e-05,-0.000139655139952114,-0.000416025139946477,-0.00051880466938756,8.03038184413419e-05,0.000456977555317838,0.00100290433605654,0.000502663476857226,2.34249006525892e-05,0.000139316406562372,7.25743858076622e-05,0.00025715633888911,-8.04385843784925e-05,0.00016666415307205,-0.00028240602934443,0.000117941325747631,0.000269176472861711,0.00025026457604543,-4.19769822066973e-05,0.000193661314228493,-9.59683150322652e-06,6.86367173172748e-05,0.000352015256205272,0.000486465479551312,0.000164903861912078,-0.000345965925867341,-0.000479784589161149,0.000127450895685885,-2.0155258464276e-05,0.000423863781978009,-0.000240420420270948,-0.000194684569219146,-0.000929845796870984,-0.000340079790308182,-0.00474939538714645,-0.00183502076199166,-0.00210317254785171
"457.878",0,0,0,0,0,0,0,0,0,-0.141045841234905,-0.0402155531210434,-0.000659086209258007,-0.000597557229014329,-9.69313204943716e-05,-0.000286847058007072,-0.00035309208087223,-0.00012203297589685,-0.000554585663148184,-0.000336604082183454,-0.000524611333785472,0.000379008614851656,0.00243028215870526,0.000849975235391785,5.87555151547454e-05,0.000157768606871777,-0.000105724794640625,4.79525646360608e-05,-5.59779380240337e-05,-0.000326276928797644,-7.06763702317479e-05,-0.000489586513786294,0.000194389867737906,-0.000517203037068906,-0.000168165736500146,-0.000116180574442798,-0.000253696929390918,-3.71886827029658e-05,-0.00042927817941673,0.000328287562886739,-0.000240940536260905,0.000350397191219538,-0.000771822853061618,-4.54105283949195e-07,-0.000255891230297257,-0.00107869712931911,-0.00141799870024063,-0.000607476393581772,-0.000792242011918503,-0.00203525075882674,-0.00231576280441483,0.00173042365412018,-0.00557102802382594,0.0051974363285871
"462.506",0,0,0,0,0,0,0,0,-0.094261297504209,-0.0472941677209869,-0.000901849180439266,-0.000572822055201521,-0.000138978888866706,-6.45540995535787e-05,3.70503580960928e-05,7.45520081808213e-05,0.000231373341810051,-0.000144620171698515,0.000350341626438685,0.000556534551765497,0.0014169438663066,0.00148880223930578,0.000434032630614453,-0.000455157898232565,0.000397511839103784,9.66559892940916e-05,0.000166702560129324,0.000276550790224454,2.36275573432662e-05,0.000202626218009345,0.000131151547001541,0.000161808937041124,6.21891654608228e-05,0.000325261583586084,-0.000139842664356335,-0.000104141169102311,0.00035648165340333,-0.000425830869148006,0.000254823318665824,0.000108572353373907,0.000301222019804591,0.000325844047349291,-0.000622702752716275,0.000489920641740372,1.76883368760279e-05,-0.000790668717846499,0.000837124646208398,0.000626162393799312,0.0012641754330376,0.00272860041662476,0.00327975025850752,-0.00665868619416882,-0.0107741202161945
"467.137",0,0,0,0,0,0,0,-0.055882703794911,-0.0489466071389088,-0.00186148020431695,-1.49470777641085e-05,-0.000389931399731993,-0.000256647195297622,-0.000118152799311512,-0.000257845934604643,-0.000569596824501403,0.000173120427374032,-0.000617105729265159,-4.20484361086867e-05,-0.000151610104236678,0.00139039928803141,-0.000154936406043841,-0.000207144864747178,-0.000207659923772122,-0.000172379383012165,-0.000405685888691255,0.000446792841032266,-4.69579326942998e-05,-0.000132508581324063,0.000100057237751191,-0.000448848800623513,-0.000646011386959898,9.21250895933092e-05,3.90997265035882e-05,0.000446321199391243,-0.000274027597026435,0.000252461731060084,0.000296008808090224,-0.000382884514369148,-8.58131568787967e-05,-0.000709709532130479,-0.000743426381726662,-0.000178069927168579,7.70171213080566e-05,-0.000127770534354659,-0.000955059028880266,-0.00152494167000139,-0.000312276462168463,0.000152065532919533,-0.00157050560782379,0.000833941613022367,-0.000653987367936952,-0.0012023826264432
"471.771",0,0,0,0,0,0,-0.103900979118654,-0.0555189208836824,-0.00184592957062291,-3.11200583036949e-05,-0.000491871250226477,-0.000295923249324532,-0.00054776374835212,-0.000426057785410787,-0.000330432741812449,2.15167863453313e-05,-0.000267529656688463,-0.000177233088722772,-8.79738496081806e-06,0.000883392587676956,0.000380430342068885,-0.000598273527847447,-0.000266396222111749,-2.58919234457673e-05,-1.6480315226013e-05,-8.68390715545033e-05,0.000194430658376841,-0.000162586265096281,-0.000293778882964866,0.000122191433104735,2.26869067836564e-05,-0.000135671787833843,-0.000106547059875546,-0.000404199649420858,-6.45128448341467e-05,0.000228885643329569,-6.2993368084019e-05,-0.000208585306195848,-0.000489535224229902,-0.000138316110916519,-0.00081785452660194,-0.000884614955290341,0.000175464570398125,-0.000310453405953835,-7.24410253365548e-05,-0.000452767235853959,0.000538266799890925,-0.00212158284725757,-0.000544013986044267,0.000851782641159524,0.000326842528926242,-0.000167730650876506,0.00574710111334612
"476.407",0,0,0,0,0,-0.148385514213181,-0.0540897421969149,-0.00175330042390083,-0.000601053049646486,-0.000326990445562818,-0.00027391452786674,-0.00020490288508919,3.78353840592299e-05,0.000460398206352878,0.000267768719728504,-0.000495746839586466,-6.3414362216785e-05,0.000265910825421191,0.000950034003118171,0.000366709070104183,-0.000606837848810376,-7.19823707969825e-05,-0.000238378123120939,0.000280901516851978,2.39042985665821e-05,-7.07674610599769e-05,5.41528839367814e-05,-0.000547703399933713,0.000407788542319504,0.000114051730612944,3.0136798864623e-05,-0.000277703274497166,0.000257783396543243,-6.19903122822583e-05,-0.000128445889415683,-0.000262221908344241,-3.54301447013446e-07,-0.000688890188617567,-3.9990362584109e-05,0.000148247488358804,0.000112928179069656,0.000230909120261534,-0.000796558887552411,1.44031574110467e-05,0.000466632409182241,-0.00137222802706338,7.62452386743584e-05,0.000151651247613926,-0.00127493525524635,-0.000749193057474163,-0.000267294154488815,-0.00396908549320755,0.00649465970261948
"481.047",0,0,0,0,0,-0.0613278719749024,-0.00269592889132042,0.000155585852184947,-0.000221141445552899,-0.000114941951753085,-0.000165248442102581,-0.000256308558272881,-0.00029918746739015,2.95179966418817e-05,-0.00017919055760065,0.000123999033330329,-9.66712970279769e-05,0.000948272616341551,0.00131503407677665,0.000286082034952664,8.1960853441052e-05,-8.01895882933132e-05,0.000349670868221471,-0.000314210283520121,-0.000330097344726747,0.000109443352213922,-0.000115753998391932,0.000414247018902105,0.000237392153767037,0.000143762237588198,-0.000104717615304476,-9.69196841611832e-05,-7.5374072055385e-05,-6.16170620026121e-05,-0.000223640110327489,0.000151268217646164,-0.000523810711997812,-0.000216092863874703,0.000691976631909298,-0.000231999518173559,-0.000157820572500747,9.67648982154167e-05,-0.000524298834097833,0.000321198663483,-3.63924286303183e-05,-0.000662238989716868,7.57388601112319e-05,-0.000397484667743849,0.00153237302596507,0.000311940381517234,0.000990639617104582,0.00452326332165572,0.021755688140298
"485.688",0,0,0,0,-0.0724761489043714,-0.00361188102645782,-0.000556786713579093,9.07561384805097e-05,-0.000108404208552422,-6.91095405004234e-05,7.50011121802584e-05,-2.33730607144912e-05,-8.50699194898018e-06,9.1526917316053e-05,1.43883350593233e-05,8.617531298648e-05,2.86185928217199e-05,0.000366601696270539,-5.01784271151554e-05,0.000406826532171135,-5.68961231148821e-05,-0.000635607660629011,0.000236906892856541,-0.000127481158406633,0.000129048290747878,3.1342127763079e-05,-0.000169870421894922,-6.9244473560432e-05,-0.000199527794868754,-3.0297022421499e-05,-0.000127438213342582,-0.000247276258537006,-5.29028925637032e-05,-0.000385778732695533,-0.000695684179982869,6.73817326312737e-05,-0.000133372408977613,0.000225823805439704,-0.000376512876724438,-0.000158423374808189,0.000417022324679469,-0.000779965890997204,-0.00047121362268152,-3.12818186827189e-05,-0.000447845342619805,-0.000769606783540883,0.000712500003734202,0.00109761629699996,0.000305445762855061,4.4816147217513e-05,-0.00470824340794024,0.0162660129137812,0.048209166085176
"490.333",0,0,0,-0.0691622495232599,-0.00503699084231802,-0.000369578824414586,6.33938426585498e-05,-2.70877796138069e-05,-9.88420868172495e-05,-0.0002746025209628,9.408226086372e-05,-0.000361407876111873,-0.000300365388024677,-0.000262149172119213,0.00028930830003519,0.000425458958281119,0.000105913826191267,0.00103632548690741,0.000203674818004539,0.000426844374222513,-0.000272382779006308,3.51547621996227e-05,0.00036851298851221,0.000186974656386856,0.000241916422466341,0.000101984652115291,-9.28552063061611e-05,0.000107726391413237,-0.000169088957747361,-0.000204896026302995,-0.000210096335487966,-0.000112449380777883,0.000196836980020846,-0.0004172809606522,0.000224081756327037,-4.24025547082565e-05,-0.000178265881858349,0.000263529164293728,0.000257632526543141,-0.000126970053209128,0.00080105934483515,-2.49432362186012e-05,0.00033626977311365,0.000677457112864011,-0.000502668674834565,0.00126114619759287,0.000942795894057101,0.00085420941264426,0.00072820095873095,0.00233152669351378,-0.000112362878352043,0.0336990194956631,0.0297800514518896
"494.979",0,0,0.339676504195188,-0.00481189715360844,0.000127432367769075,3.17954547123136e-05,0.000108514148865937,-7.07045500204391e-05,-0.000152547490375607,-0.000217489994637415,-0.000215742605439281,0.000126959975545329,4.6761434256141e-05,0.000345099006518327,-0.000101055770421988,-4.37025437256249e-05,0.000995799166893387,-0.000198523594492815,0.000224533300258564,-9.52886869305826e-05,8.41367131015311e-05,-2.68128291234188e-05,2.64304085955716e-05,-2.53838187282667e-05,-8.06459735305191e-05,1.57084577061239e-05,0.0002628491534179,0.000215493265197556,0.000145938420043109,0.00021243433362626,0.000397835354909486,-0.000105020100196919,0.000385915072820783,-0.000131361496488832,0.000120068769424442,-0.000118248476726497,3.56704340393654e-05,-0.000536883005873757,-0.000148948347920794,0.00060268884846618,-0.00020308284206791,0.000219749916227003,0.000444175197976501,-3.0664269488944e-05,-0.00023340513277406,0.00019215195005118,0.000636887943961311,0.00103794160288086,0.000612126731340073,0.00158861633546126,0.00481205943828557,0.0505534009682722,0.0185635698872787
"499.629",0,0.397989417463141,0.0070616259782158,-0.000101119475809901,-0.000200800763314239,-3.35175675481876e-05,0.00037976652410713,0.00013453262409896,0.000214185713195901,1.08495919520772e-05,0.000194892231061726,0.000343512761190965,0.000571263417135856,0.000486461835929081,0.000290698545454006,0.000514987912819759,0.00038737550604132,3.04984891417225e-05,0.000339843213115262,0.000179376084535065,-0.000447610085507576,-0.000175928670317623,1.68642044905049e-05,0.000456956644006462,0.000216610801455038,0.000452666069547883,0.000361532071175965,-7.61819144802105e-06,-7.64851277539796e-05,-5.28306875122855e-05,0.000268960824651403,-0.000156567304740599,9.04280405164337e-05,0.000276713434464276,9.56062264999412e-05,-0.000184909186866216,0.000389798575411175,0.000581054200792658,-7.88594111784782e-05,0.00071546861047919,0.000224432524953217,0.000218226527706094,0.000254138539673706,4.54490944120268e-05,0.000999543126224372,0.000446207225677329,0.000760470003871306,0.000271001415678956,-0.000887873998593461,0.0034228267054092,0.0178853123537145,0.0426086506631454,0.0366034531017882
"504.281",-0.0888742944688545,0.00995852225240373,0.00155526461977956,7.31732547796787e-05,8.47080486155676e-05,-0.000661380706504323,2.40968320949396e-05,-0.000122954780940938,-0.000166444063609349,-5.33994268797871e-07,-0.000120039291113711,0.000156530015268899,0.000210330351641027,0.000258009638168847,0.00036300564364556,0.000429604327545406,2.8918831369447e-05,0.000219160950138578,0.000179071323314193,0.000406909965626839,1.81724369813682e-05,0.000202059032161661,4.36768911884367e-05,0.000626965039814303,4.00844782388197e-05,-0.000218772240859097,0.00020022227943792,-8.44597550390974e-05,0.000107089977368815,3.77912515631392e-05,0.000179502055900506,5.24964065734471e-05,-0.000233671433082467,0.000284625893196458,-0.000119618797629356,0.000235113529110121,-5.33721942276375e-05,-0.000244168824653665,0.000671700886248156,-4.21388690827629e-05,0.000235940872171854,0.000339921693154555,-0.00120738500313826,0.000397805482090487,-0.000501554884199126,0.00114940873942512,-5.14715293818101e-05,0.000788426274153574,0.00167904535936951,0.00439214563032516,0.0392985455277591,0.00228280013097026,0.00420349170636978
"508.936",-0.010235590940989,-0.000173766828947227,0.000226778364963857,-0.000880440867172262,-0.000164080876406806,-0.000547106704714076,-0.000359753680913191,-0.000308831269226379,-0.000496173912538084,-0.000372960243474778,-8.18765049710586e-05,-0.000298167172639201,-0.000308571282857115,-0.000149185335539308,6.77976285335599e-05,-7.18474164024163e-05,-0.000796441275395563,-3.30792792446001e-05,-0.000392770527343266,-0.000782338395595938,2.77841057787465e-05,-0.000253845749188987,-0.000365675640139991,-0.000261503059582309,5.5924344433833e-05,-7.77733977952101e-05,-0.000566999991056724,-0.000145001528439229,0.000114215341720257,-0.000120313536974207,-0.000119022438310249,-0.000170929828724602,-0.000292450188931404,-0.000535898367694532,-0.000269725879409853,-0.000409691276385383,-0.000352665082844841,-0.000130776064201552,-0.000334306567049403,-0.000859296369222471,-0.000749312356673104,-0.00020579096588085,-0.0005875491089197,-0.000626468093755229,-0.000462642770073618,-0.000700959331848226,-0.00144021363621307,-0.00121430630542608,-0.000351639729017154,0.00423002524862021,0.012590000921371,-0.00631383759742794,0.00882083801618286
"513.593",-3.30742917549907e-05,0.000470836224716316,0.000712737647092975,0.000408125319633788,-0.000276124576429601,5.94533529691793e-06,0.000170745517028027,9.03460886975313e-05,4.68097211494338e-06,-4.50990025766909e-05,-3.75760092116623e-05,0.00062675161003289,0.000398812070151218,1.30177099188049e-05,3.42987116611808e-05,-1.2249330753445e-06,0.000229955105854109,0.00033921573451111,9.75429715705175e-05,0.00056225834481324,0.000322663659087302,0.000278356712373369,0.000527464330169383,0.00017601703982857,-4.78029855619924e-05,0.000618261099732046,0.000182797756728048,0.000341366966218154,0.000227058246877902,0.000328906235083606,0.00039193676792465,0.000672355226518208,-1.64091410312432e-08,9.89622124517207e-05,7.89245316403475e-06,9.15234646452739e-05,0.000473725306539331,0.000148476721426104,0.000987082302619189,0.000187540446175292,0.00040023927472533,0.000697236019930269,-0.000265594546073732,-6.14899075275912e-05,0.0017853233037989,0.00191633290361184,0.0017818145600199,0.000779383163736271,0.0044012825999992,0.0136754940415669,0.00523972096470277,0.00714880331646691,0.0225085527182656
"518.252",-0.000653174617508717,-0.000219781850667878,0.000120744784126747,-0.000382993301181294,-0.000232793668164695,-0.00038070031654027,-0.000492176606398966,-9.91860690489916e-05,-0.000168540732025394,-0.000340923639441755,-0.00057186723385455,-0.000427493584551706,0.000566394784976887,0.0004497778791924,-0.00027973028896476,-0.00021784031635584,-0.000481853301189415,-0.00028222471322531,-0.000547565780916293,-0.000932297973288752,-0.000716217618613004,-0.000216697411097173,-0.000663357098489779,-0.0003920225680489,-0.000356207436976626,-0.000645954968327198,-0.00015165077468346,-0.000188870347244994,-0.000519719476630458,-0.000513200897987401,-0.000161840621285948,-0.000227732748999914,-0.000244791334406217,-0.000386249285197735,-0.000337550964780279,-0.000471271138721757,-0.000270626898201946,0.000175122621102858,-0.000729475415135949,-0.00054941565858489,-8.87012168428995e-05,-0.00076661788716802,-0.000858427960328059,-0.0011033553062192,-0.000176357879972244,-0.000631471186077304,-0.00214951606911773,0.000114841950784665,0.00418883759927713,2.1667747461096e-05,-0.00854371571245999,-0.00328234691544937,-0.0232685493398596
"522.914",0.000478362816643877,0.00123552823110565,0.00114395498624761,0.000670228004523771,0.00016014191281255,7.64779532594536e-05,4.3275112708761e-05,-0.000149682913986666,0.000363223262830986,0.000610488911242154,0.000323584996322519,0.000766760632827131,0.00029604765746695,-1.31757494911942e-05,6.42681445154929e-05,0.000402106402029747,0.000402599491834885,0.000927335107799299,0.00044758246898272,0.0011956995390305,0.000236824042328511,0.000585380703621895,0.00059898669799467,0.000422888648957188,0.000731301965193998,0.000236979138715044,0.000248670816778915,0.000510054187077854,0.000299481012859375,0.000961392322426745,0.000431614648892681,0.000570139027371718,0.000700641202108612,0.000466760523880936,0.000460313989692491,0.00049310529394403,0.000338174123791391,0.000504768326264379,0.000270575232780191,0.000195808881607934,0.000857755015949668,0.000939081310477985,0.000445642547993071,0.00104923197449772,0.00152048025206723,0.00226887025417832,0.00273089723152324,-0.000476736706731498,0.00521340425596867,0.00657282343222956,0.00792907673528576,0.00845258859414835,0.0187382480065661
"527.579",0.00045696127337228,0.000361175345548029,0.00122110748073716,0.000338512864879536,0.000641955364386518,0.000466479608160559,0.000343027918663971,0.00039243626765027,0.000243393711517444,0.000236464257543182,0.00052736590884717,-9.43982051926934e-05,0.000949452372143363,0.000731116686500948,0.000253430886218737,0.000466297673074028,0.000668225234844168,0.000846522994368726,0.000842055858125936,0.000611601740508395,0.000436819020603148,0.000748711772337731,0.000769752921179956,0.000795473931045045,0.000290582623991339,0.000389813993169331,0.000301261188327239,0.000524778617069403,0.000830919034231164,0.000317992118702186,0.00044628248360122,0.000160931430050083,0.000280305099880362,4.49962910944976e-05,0.000709808339616202,0.000722991512825844,0.000589508581195585,0.000412708541068049,0.000492387623430278,0.000587342109162978,0.00111046991158019,0.000189558435879553,5.16492476211455e-05,0.000838378138027536,0.000697595533734549,0.00174743129220943,-0.000225213622672625,0.00460343193691577,0.00532586340657998,0.00788003905558662,0.00194264542099263,0.0163021637245701,0.0549234159411065
"532.245",-0.00033026648033932,-9.50397309790816e-05,-0.00010354177914431,-0.000833231804832156,-7.0225013189385e-05,-3.21798344152993e-05,-0.000164602207270876,-0.000200923452609109,-0.000139269742850272,-0.000372093867079974,-0.00043461554256159,1.50472359210403e-05,-0.000117414212230042,-0.000464578977085844,-0.000443222387512256,-0.000596537077157213,-0.000539554916686019,8.82105155187045e-05,-0.000245891605542081,8.97650723101856e-06,7.31059967893184e-05,-0.000714889808769248,5.12702212993928e-05,-0.000315103930355199,-0.000172932053222555,-0.000741925606903809,-0.000376899680340319,-0.000540411456110607,-0.00046444254339156,-0.00034035355223888,0.000197611783140271,-0.000307170562246175,-0.000147607846987121,-0.000278730648651585,-0.000226334816361275,-0.000452584502541312,0.000121505009704143,-0.000339739702746329,-0.000290074510802832,-0.000175283344810153,-0.000693158539428279,-0.000261881570112493,-0.000209948642494718,-0.00106753129338463,-0.00141935240454102,-0.00133699270805187,0.000217464064868219,0.00139764832629444,-0.00244533458276569,0.00154720385182193,-0.00541436181489207,-0.00762806606154639,-0.000938974142195063
"536.915",-9.6843878966551e-05,0.000383564957804733,0.000390411074551074,0.000366635846725095,0.000161944418452886,0.000432522190602997,0.000288052745126492,0.000111601506587615,-4.53713143375853e-05,-1.21674604799706e-05,0.000470670557161724,4.62409755122169e-05,0.000455692087210809,0.000173233528303405,-4.11053084795098e-07,0.000376735604681521,0.000812667637097106,0.000177267329699118,0.000566392367279803,0.000748005822465956,0.000386656483008219,0.000286832681965559,0.00050114694546027,8.38459650131906e-05,0.000325288068899815,-0.000215954682483504,0.000433299483297352,0.000113419482727609,0.000430591147211514,-2.23823206161006e-05,0.000140228849139328,0.000250787281278928,0.000431601894805176,-3.0400015565703e-05,0.000149552214696283,0.000456144674579312,0.000122489482457863,-0.000213045998898139,-0.000126744132661344,0.000467883939375262,5.54476333945475e-05,0.000731787219414537,0.0005953401576578,0.000331793723969941,0.000386092967729109,-0.00021350930987666,-0.000659205302249069,0.00327478724608127,0.00347589070074875,0.00365582870160145,-1.66871364337563e-05,0.0110635661744531,0.0239290738909494
"541.586",-2.18007188660458e-05,0.000349111100684868,0.000333473936845911,0.000453493822210978,-0.000235326598357668,-2.61792096579919e-05,8.8834422182805e-05,-9.70227470193541e-05,0.000106889141579861,9.250112321324e-05,0.000200155732908554,-0.000240583667492008,3.90343809601927e-05,-3.06828270860787e-05,1.4606346078896e-05,7.36423521176689e-05,0.000372171851572988,0.000220344862385193,2.6712427158074e-07,4.7402583050339e-05,0.000148982541619442,8.77559409835234e-05,0.000279287365025526,0.000202827155657894,-4.0037422635197e-05,0.000413502345531214,3.85256210410805e-05,0.000642878574886402,0.000137523599929988,5.20156459584927e-09,0.000343353693497897,-7.4365393685445e-06,0.000233290440830101,0.000391788445995535,0.000342345331361797,0.000151133715285576,-0.000283313296803471,0.000112239368706361,-0.000285966930794802,0.00012616281706846,-0.000246898756082401,1.22328658203471e-05,0.000307498354925671,0.000150767725695413,-0.000894750928713569,-0.000394999433042165,-0.00206762672767455,0.000726386645816465,0.00198307333531126,0.000893133590701038,0.00154334119665549,0.00928009206336925,-0.0038711381369338
"546.26",-0.0003060979840126,8.78643030939935e-05,3.52431411905998e-05,0.000116131172140628,-0.000114776054314149,0.000302215108717661,0.000193160330455287,-0.000148482395442586,0.0002710194408656,-5.15087782632616e-05,9.94881337183669e-05,0.000194634200840624,-7.1202159601918e-05,2.27788034681733e-05,0.000201107423615268,0.000125095341901857,0.000366618566987453,-9.05262208631672e-05,3.61064542551605e-05,0.000218977301605294,0.000159038558389227,-2.6595973411054e-05,-1.75216482298887e-05,0.000127826053529085,0.000121189337999985,-0.000266925508054219,4.63734162294058e-05,0.000477491510108489,0.000161415005489235,0.000668317455298424,0.000413172546676449,0.000150046880117818,-6.81387537540402e-05,3.86490126387096e-05,0.000216351392165834,0.00021923989786083,-0.000115878734296918,0.000103581935793999,0.000208339615627738,0.00028572838626556,-6.77410263535464e-05,-0.000159255113310142,0.000929060044740004,-4.95383881879501e-05,0.000411013493017919,-0.000282047303731936,-0.00409936947744285,0.00162427842400774,0.0017667185435105,0.0021743821514477,0.00588346306689519,0.000997510600180052,-0.00425814693982632
"550.936",0.000175986039570942,8.84942554918734e-05,-1.79338532114838e-05,-0.000384930141745387,0.000448385854042533,0.000224766366274581,-8.75395378775639e-05,0.000102513968999677,0.000421291128631502,0.000334506516927684,0.000126826471777992,9.82729375864731e-05,0.000372806433818658,0.000255209595319908,-1.49900337637363e-05,-9.70192631309231e-05,0.00041655646175304,-2.4776078278181e-05,-0.000490539144994119,0.000229905511838701,-0.000141954770621478,0.000169066181572448,7.92952723343521e-05,-0.000128804791240944,0.000390444439113672,0.000126569459597334,0.000233799548627893,0.000186126388748898,0.000178215224289763,0.00011478605312183,0.000181619944535753,-6.05057610102764e-05,-8.39230118761652e-05,-0.000140208257761886,-0.000274526601109173,5.08878776600605e-05,0.000412765094273225,2.84623625268642e-05,0.000349864972327133,-0.000106648735552798,-4.55144578694289e-05,-0.000616053060201406,0.000554538094902521,0.00018296525533754,-0.000786314418364629,0.000540193373723769,0.00109182859836525,0.000549654858044596,-8.43597033880947e-05,0.00357877028695216,0.0107175708823047,0.00521391526434072,-0.0117747514532603
"555.615",0.000848701877746392,0.00044318254209039,0.00111413012455908,0.000720042815614919,8.65807226783213e-05,0.000462578526559252,0.000370264941929273,0.000463059964302402,-1.97198654745571e-05,0.000297939941261081,0.000101772918501989,6.7856926112593e-05,0.000651510976033558,-6.1860867866552e-05,0.000654258178548355,0.000513671926151208,0.000645589790363433,0.000207091042048425,0.000991082660908995,0.000863986721028933,0.000643202650593475,0.000981429798424084,0.000851238999594878,0.000824635285595302,0.000562269204732935,0.000847571698960815,0.000187373990405713,0.000878345911119263,0.000550834364491747,0.000498067550476964,0.000386522892186409,9.10469178080761e-05,0.000512059908407299,0.000631769118921644,0.000630511628898456,0.000357467859755361,0.00069199407023123,0.000171153890090158,7.00023247878491e-05,0.000138788463534046,0.00110526826291494,0.000541360507851701,0.00107194030122733,0.00097569028966108,0.00109557004419033,0.00250784154055456,0.00176617970606202,0.00129254153648329,0.00271905819489149,0.00661961069206451,0.00905060311299257,0.010366076203782,0.0266065872407683
"560.296",-0.000243900000634245,-0.000435144814151659,0.000232738831480612,0.000529863688413154,0.000130515713199016,-0.000250475603674576,-5.41049939682958e-05,8.11081358296833e-05,-0.000170513651248098,-0.000156648371274823,-5.80326470016138e-05,0.000357926675487058,0.000359301798845818,0.000109217995487919,0.000332193107054729,5.21671516008786e-05,-2.30447128591791e-07,-6.68457524832224e-05,-6.19155210584038e-08,-0.000202456283114061,-0.000370770376416691,0.000152329504636669,0.000275978254651938,0.000388127944430631,-0.00011474306138275,3.17914773066483e-05,0.000172541829807025,-0.000210819689145242,0.000171410980957145,-7.6960803169663e-05,0.000129381658518935,0.000144486823414312,8.44395352017323e-05,0.000274211867018688,0.000178606342395742,0.000222385822259243,0.000243707713318186,-0.000162348313926417,0.00050308892056506,-0.000332486720299257,0.000446139493220439,0.000555239441302358,-0.000288728638429895,-2.65021411092591e-05,-0.000201095429118212,-0.00114345076213442,0.000360570676933721,0.000648302748018167,-8.5353134512964e-05,0.00597446455623358,0.012198852702284,0.00755043305299019,0.000773841984237602
"564.979",0.000815481415060356,-0.000149671773814626,3.60996785524936e-05,0.000253839031066084,0.000401032883673188,7.25221202731788e-05,-1.31946894707169e-05,0.000158215504552649,1.45425958653227e-05,-1.78670723499835e-05,0.000504749047689998,-0.000276617185805607,-0.000105106816193804,-0.000408530003671159,-9.14831775183351e-05,0.000173666686884958,-2.40012678864107e-05,4.18224306106789e-05,0.000137808166580773,-0.000340726403365167,-2.91401511622936e-05,0.000180719978951455,-0.00046773742208942,-0.000174114787776478,-5.79832158652378e-05,-4.01381432664068e-05,5.53692882048526e-05,-0.000157479034067876,0.000314443963904738,-0.000217399021760453,-0.000399359447469565,-0.000168683297453462,0.000100701931262415,3.94839768670871e-05,0.000212939644353428,0.000103681727040135,-0.000464682060475916,0.000462638055199862,-0.000112093815173412,0.000259699996112745,-0.000450769255934472,-0.000476949762772522,0.000245365295655067,-0.00137211581229204,-0.00417474758589725,-0.00125447897098704,0.000703249729219852,-0.00125331128442042,0.00175282038255195,0.00634534872591848,-0.0081978504882587,0.00242041404783681,0.0174305198589957
"569.664",0.000168814208903382,0.000261351999330968,-0.000100064138329771,0.000135670812803937,0.000171448265786422,5.15318916606338e-05,-0.000280498675248435,7.6146223424661e-05,2.50787030192995e-05,-0.000205699767618818,0.000261010988761653,0.00022463464189663,0.000405736068641321,0.000245581191774406,-0.000414452256079467,0.000311990721348098,-0.000209026765288483,7.64587520342498e-05,-4.60998571239149e-05,0.000254771870921535,-0.000395469033941318,-0.000555187982618514,-0.000180347924577404,-0.000368069229951714,-0.00014955422121356,-3.23833211921169e-05,0.000215238349628947,2.3809703601903e-05,0.00013470895998175,-3.01957770957727e-08,-5.41822371674958e-05,-2.34280399912295e-05,0.000163827113760989,-0.000175111823828197,-9.0784897085948e-05,0.000139154175261618,0.000238837315250846,-0.000495117743624987,-0.000419199373523509,0.000250725108728158,0.000174183487163818,-0.000945895101460712,-7.44321304047306e-05,-0.00280230444434884,-0.00138132621368585,-0.000642778638685317,0.000840164935762928,0.000376173531809204,0.00269574022588079,0.00356654933254021,0.00364005551496353,0.00814842334913325,-0.00517244677664422
"574.351",0.00018164224332277,0.000223048811125929,-3.11124269471033e-07,0.000202700114627003,0.00031869126935214,-0.000122762604195706,4.5245014302869e-05,-3.22293019002081e-05,-2.57652437700738e-05,-0.000218962969581808,0.00021061789400214,3.85688224586642e-05,-8.17914059579182e-05,0.000367208676211049,-0.000441327385235577,-0.000100093208252586,-2.45255734876031e-05,-0.000179149749500204,-0.000299518785555663,-7.9191066117987e-05,6.80829962119585e-05,-0.000239084467977136,-0.000493065133758365,0.000123806930250763,-0.000662897434361217,0.000138669375917877,0.000160766489145816,3.19738933950268e-05,-0.000359438216823353,-8.67799150920005e-05,0.000468253381717089,-0.000186977719541279,-8.65359177854857e-05,-3.21472619551567e-05,-6.6574900352888e-05,0.000394557201753904,-0.000398015949675977,0.000440631393900509,0.000267881936648144,-0.00119841508301464,-8.28974773391324e-05,0.000200569994857642,-0.00203460183140258,0.00011356713096855,-0.000679391839965127,-0.000268237944334432,-0.00135224531172963,0.000756118476306756,0.0033464387377402,0.00406876116881952,-9.53774064142959e-07,0.00740549831059273,-0.0221609244932015
"579.04",0.000263398737455632,0.000296678092304525,0.000388166353629133,0.000348333867008967,0.000381881666888224,0.000465848448168955,-0.000130413920561101,-2.77525949066486e-05,9.24792399043289e-05,0.000233073487268789,0.000185788795071217,0.000173458762658662,-4.89175806565881e-08,3.21975297711254e-05,0.000163779783844276,3.87417525967644e-05,0.000327143786272441,0.000671597146753033,4.71694511187235e-05,0.000329189170576334,0.000236117114087456,0.0004819257366718,-0.000230037866057231,-0.000107016832471173,0.000126671660783069,0.000501971190148077,0.000227143367787826,-0.0002828064008315,0.000104776268337384,0.000366172296757517,0.00027563854062413,0.000322425647710879,-0.000230197125995227,0.000405219156938976,0.000461848350364263,0.000353830926620761,0.00069107197375556,-0.000197758218650176,0.000436888088894995,0.00037711168958253,0.00020055856459495,0.000302014078318066,-0.000413777626884354,-0.000676282826913885,0.0018983294903757,0.000447277856173439,0.00066763128171436,0.00293499523032617,0.00588641387886775,0.00155519692886723,0.000970140733952482,0.00762831201957454,-0.0110258544421073
"583.732",0.000103619356732625,0.000133933315183789,-0.000309481637711049,0.000489419170025387,0.000449115896401903,-0.000319619626521981,-0.000236208742979412,-0.000148080966468338,0.000181251776960305,-0.000253019440603288,-6.68063323769668e-05,-0.000111561207992502,1.64956885519723e-05,6.42801671540259e-05,0.000125725125262232,-6.99607648753031e-05,-0.000131728682212385,0.000234270577438577,-0.000428188557305597,-0.000391818045676818,2.94603140170561e-05,2.80687014343837e-05,0.000268878244650535,-0.000377244414778558,-0.000162041378978949,0.000289848066865569,3.27041195390037e-05,4.05047580926546e-05,-0.000227072648886851,-0.000376485896761538,0.000364576139411204,7.92108972554553e-05,0.000279666000403676,-0.000105978854591282,-6.76408148856463e-05,-0.000213801155076521,-0.000169194832234901,-0.000218885988209948,-1.10302956332258e-05,0.000279000403042064,0.000106388633575612,8.49408266340515e-05,-0.00236769960844155,-0.000854670144531042,-0.000967979036967832,-6.89684472110837e-05,-0.00196505732038622,0.00416862602503153,0.00130938343300388,-0.00118226295221851,0.00282815368428707,0.0016712818243395,2.95829345271885e-05
"588.426",0.00130852175280084,0.000590217031515152,0.00119630411457264,0.0011815638526603,0.000576517984159818,0.000529244033419157,0.000574234717461382,0.000311165677152954,0.00043721215942497,0.000338407763314147,0.000557267318610164,0.000462508774707603,0.000575919776627859,0.000676124225899029,0.000655855926364597,0.000797589167213429,0.000901674804278447,0.00100928613780415,0.000964623343057342,0.00044358082300794,0.00043683024620046,0.000890808771459162,0.000558733290347976,0.000424363995297225,0.000864599720218289,0.000699261942932444,0.000172331409147589,0.000612454268673794,0.000676661253898842,0.000764977319174574,0.00085231234613084,0.000827788427839972,0.00081117759650341,0.0010165050865494,0.000594595747558881,0.000877167516970866,0.00103905436049263,0.000749454015957058,0.000852003171712786,0.00145867443873097,0.000777418835192042,-0.0021405561340892,-0.00102966124808852,0.00203761533283493,0.00173162705607896,0.00142725681523528,0.00270187599085057,0.0073312035726478,0.00248130227337944,0.00451255995187122,0.00962530684810942,0.0157743299996835,0.0287945757238961
"593.121",0.000371465289370203,0.000302237606292976,0.000750427650768991,0.000713511599054172,7.56958581307152e-05,-8.45948010562972e-05,0.000158689224889481,-4.67799157764552e-05,0.00011486669138431,0.00038875513400317,0.000276202007575579,5.55295911769499e-05,0.00031058132056824,0.000474631749692481,-2.4383853839667e-05,7.80924751192022e-05,0.000631713617327377,3.42387757520357e-05,-3.87884570692873e-05,0.000283905393392071,0.000478719840379905,0.000169323013785436,0.000374652999519589,8.63055866914196e-06,0.000378492952509825,0.000284403626065412,0.000189599629612936,6.55228665895475e-05,3.27241725336683e-05,0.000461310153981477,0.000408382473675499,-0.000127781364189682,0.000637664861662774,0.000230525975944081,0.000537827004025523,0.000260613771599227,0.000284511761989596,0.00023063303331203,0.000845067842007097,-0.000158032542306879,-0.00021050594930499,-0.00400889875284326,-0.000374692440490661,0.000704297279041872,0.00116605164666647,-2.35469391165468e-06,0.00352763806364629,0.00274779111627857,0.000324868278542514,0.00101618190967894,0.00214618064926052,-0.00320806688937451,0.0161274443996449
"597.819",-0.000260097064283727,-0.000135329854859231,9.32580630744859e-05,2.59324722937311e-05,-0.000523749632060071,0.000281569641459988,-0.000117393671266855,0.0001408008871031,-6.31198074226956e-05,0.00014662875004514,-0.00016341125230015,-0.000193556108420986,0.000219237305894357,-0.000296640576506323,0.000463485894875178,-0.000237775717654983,0.000200689175790361,-0.000202759409983722,0.000338082438638528,-0.000143364606393497,1.95399596854834e-05,0.000246203748175563,-0.000160598972994206,0.000100305662599516,-0.000398261949492608,-0.000429234344828221,-0.000705153408615664,5.7429898587618e-05,-5.77832950387703e-05,-0.000130220675554807,-0.000289851141640232,8.85376072469545e-05,0.000332977104232179,9.11591860793758e-05,-0.000515415240790506,-9.06613643209505e-05,-0.000525658824560478,-0.000394677689366523,-0.000310124248103562,-0.000442709287423512,-0.0018498493885076,-0.00175059518739008,-0.000221110961809178,0.000410400771784591,-0.000136173612102846,0.000270890979587009,0.00146902368438324,0.00100475034548714,-0.00095376154113773,-0.00233895314899133,-0.000904451374365169,-0.00256013098724101,-0.00665211243272622
"602.519",0.000315371805296219,0.000158643268020559,-0.00047769985185323,-0.000305526385987751,-0.000147349203827109,9.23094295301734e-05,0.000187826332860271,0.000227486235786213,-8.4901159096454e-05,1.22001214484687e-05,-0.000102718262584659,0.00013774044718468,-0.000408628374756597,0.000174366892512546,0.000314098746415482,-0.000478333932062355,-3.3641091120955e-05,0.000142073932707798,-8.74514234691493e-05,-0.000462505659599927,0,9.53511251924073e-06,-0.00019929899877517,-0.000202156281197835,2.62986046541692e-05,-0.000441091523260168,-0.000259159589266535,-4.97601185618152e-05,0.000224353031856119,0.000172324278634395,-0.000146120281819888,2.42476166048137e-05,-0.000360126652282773,0.000284088816429456,-8.63637945336145e-06,-0.000583988642235229,-0.000491031000303778,0.000580088867641866,9.52487992049763e-05,-0.00122449602338827,-0.00499032079667373,-0.00128725718010463,-0.000598083431146532,0.000947414188228895,-0.000544274527665281,0.00204892285362489,0.00137107197034254,-0.0011590251456526,0.00128871747444835,-0.000861249878087637,-0.00199911038088968,-0.00939176642148433,0.0100929801563327
"607.221",6.80705123921417e-05,0.000585471707625285,-0.000279527527712071,4.48322549080249e-05,-0.000469540560588502,-0.000200732146077127,0.000157078626773982,-5.7382123994093e-05,0.000310157239052094,-0.000174050307725282,0.000137855273099164,0.000368758362011112,0.00014611357267102,-0.000234714859726304,-0.000260149342732631,-0.000571458208952659,0.000374020088125467,-0.000233229453865186,0.000108076275679808,-3.16976741479209e-05,-0.000316900169471178,1.91099063727199e-05,-0.000517141585105704,-6.50172192581262e-05,5.27606238070098e-05,0.000299561654403784,0.000261479954242418,-0.000252232101780867,-0.000268289623450581,-0.000182146126900224,-0.000122824516514933,8.276942728846e-06,-9.07629311808519e-05,0.000219103029367479,0.000113533248506704,0.000257381672760854,-0.000427846528832713,-0.000113956161132711,-0.000109811465639496,-0.0012267062476642,-0.00394767157154165,-0.000579740453231649,0.000483648005409759,0.000418360299528136,0.00158467196950784,0.00266916998631794,0.00197033585317218,0.00169808887314303,0.00155396812999896,-0.000813984605615687,0.00412135536950317,0.00896694802469775,0.00675371434846668
"611.924",-0.000362815992192868,-0.000107330899472151,-0.000145900622943741,8.18569467627217e-05,-3.16782148994592e-05,-0.000296475245522057,-9.85584510697523e-05,-0.00022199953343503,7.02072525870551e-05,-7.52393463517572e-05,-0.0003766265105815,9.10090774346141e-05,-0.000156297345068623,-0.000532702041856392,-0.000319749421288445,-8.26747879874336e-06,-0.000154402894205761,0.000253406240910567,-0.000575378748387749,4.18034143804326e-05,-5.15785246980767e-05,-0.000652271405285126,-0.000349033038912053,0.0006183051935494,0.000480028045266426,4.32476730477965e-05,-0.000553688973979633,-0.000737848137348781,5.07455743072965e-05,-0.000183904763761554,-0.000372076136897115,5.76940221764553e-05,0.00011671156924704,-0.00013621006583407,-0.000149951363208395,-0.000111514888764803,-0.000304545525300313,0.000102939946044656,-0.000639539844179394,-0.00461963777212485,-0.000723552479679805,-0.000203489099098268,-1.09081185607871e-06,0.000829540360830183,0.000430824538230214,0.00245674471474328,0.00176678678214504,-0.000841452386645285,-0.00377637553073387,-0.00275678294412499,-0.000377055678479774,-0.00280018840817677,-0.0260648391159223
"616.63",-2.51401231710551e-05,0.000271630639912128,0.000580008435755512,1.80781789528399e-05,0.00015134590180372,0.000233856119082364,7.73868940762568e-05,5.35290527152553e-05,0.000437003229513197,0.000443813511613563,0.000662448214248935,-0.000326399807745737,0.000183620060227382,0.000641220300761275,0.000547109179332131,0.000541507800922257,-4.36115671909096e-05,0.000310127008363392,0.000631226610098164,-4.26521587465998e-05,0.000834344266341836,0.000344281296069329,-1.0112053427918e-05,0.000303062758931785,0.000395236136455883,0.000244638840950654,0.000361630023986382,9.4270096035525e-05,0.000196876442732307,0.000202874881204556,0.000317797079809255,0.000401212617880665,0.000168687345565489,0.000309690048920569,0.000294193584582956,0.000600951943156352,0.000504819674915002,0.000807016136896253,-0.000656881836592606,-0.0038814981495529,0.00062587693838444,0.000351858237419413,0.000898565346733525,0.0012325668376144,0.000870599361273258,0.00274936567568792,0.00210000891795601,-0.000817528009838182,0.00325818955230647,0.00142041523112512,0.000275278570355257,0.00651173500697483,0.00385668656786656
"621.338",0.000232571335509659,0.000372252924753315,3.95586938720985e-05,0.000465343805540977,0.000386480401227211,-0.000199059397313414,4.45542339324316e-05,0.000334279543175783,-7.12012780142141e-08,0.000127988752587915,4.94173938310104e-05,3.35563315000087e-05,0.000353365212237832,0.000284334758082458,-3.35074560548979e-05,0.000132447098247261,0.000210212185715849,-4.62695097993046e-05,0.000131426858092151,-0.000811668805319125,0.00055693372433228,-1.02123777052043e-05,8.86732172200113e-05,0.000296140433389068,-0.000425648385481855,9.68616039168863e-05,7.81149138792832e-05,4.31208952415151e-05,0.000120756314246038,0.000417436326217066,0.000412928241272438,-0.0004208826705177,0.000118975726374462,-9.54222209572834e-05,3.58942543840645e-05,-4.42743863659817e-07,-0.000580598193406128,0.000155883776003266,-0.00355054568658056,-0.00235363647245774,-8.91421345346696e-05,1.24998426563501e-05,0.000165844376608327,-0.00116131833978257,0.00182089988766386,0.00102496307394583,-0.000600798500916668,0.00113184455944279,0.00220423007573312,0.00316454792411674,-0.00160905152420399,0.00301436787270241,-0.000414723553504824
"626.047",-3.73123858178533e-05,-0.000221048451940044,-0.000170030827130618,-0.000394759303752175,0.000268216431995358,-0.000200699060951603,-0.000106819712501018,1.5046983217344e-05,0.000105560813065044,7.74826187622697e-05,0.000122142740226574,7.65020864376579e-05,9.82677087921817e-05,-6.96759806091302e-05,0.000143804082507555,-1.65859515051947e-05,-0.000221085178678693,-0.000167082294371525,3.45989551227266e-07,-0.000204789256274347,-0.000509853627909292,0.000280403110210133,7.95622257627046e-05,-4.80795816395733e-05,0.000484875373099886,-0.000435690943698036,-9.63748568889539e-05,0.000453643525408575,-0.000269992543308372,0.000378429006368055,2.55510684110925e-05,-0.00047614953661472,-0.000283030403803166,-1.68311567744765e-08,-0.000390231579593305,-8.67530905293522e-05,-0.000475082776457917,-0.00193532836703816,-0.00489048028073742,-7.25151300698095e-05,0.000102181824609919,2.6703613814271e-05,-6.16148575669811e-05,0.000340662026190207,0.00137156021932042,0.000482965422582641,-0.000404265724290206,-0.000103286839144708,0.00157142222821812,0.000540978001510092,-0.00390335810892662,0.00286578269963946,-0.0017643666911238
"630.758",0.000337560052700359,0.00037987399297185,5.04260013356939e-05,0.000550787268403231,0.000459904282701314,0.00080477661667542,0.000460839790964644,0.000200746119323474,6.16655333757194e-05,0.000522338817907447,0.000463644028809639,0.000257927747187146,0.00037904204362294,0.000667900716889089,0.000682327566142088,0.000793824749953417,0.000366188641219784,0.00041347713953714,0.00101096659604877,0.000675268385574534,0.000268324632205985,0.000920821551203807,0.00116711230374678,0.000555542535764758,0.000369886555227892,0.000341509590805195,0.00012391639907713,0.000493772600674479,0.00106496241613192,0.000486821191143007,0.000834125594275455,0.000558459420602705,0.000849663422710156,0.000663689118406152,0.000678555530280605,0.000801155758863378,0.000211852841549967,-0.00401131000770674,-0.00239472089460364,0.000641983799490097,0.000671917469925057,0.00125677974979694,0.000461844082621175,0.00213744179537907,0.00276712618421397,0.00183610438354972,0.00271499145773366,0.00356907306221742,0.00502860168906351,0.00389767592085334,0.00626244181597019,0.0117781155477281,0.0284364954751004
"635.471",-0.000655487511804095,-0.00104689524030286,-0.000428083979917841,-0.000680452607895241,-0.000124488458324398,-0.000348940503765831,-0.000418749846319866,-0.00027831161390074,-0.000300272191109673,-0.000177895106094959,-0.000387527925539155,-0.0004597830290925,-0.000509047511957145,-0.000186229923399763,-0.000464892264229957,-0.0006303110316713,-0.000711225951804714,-0.000189696040009225,-1.04294654672142e-05,-0.000439295046010311,-0.000919432202614609,0.0001830276021146,-0.000284131991774447,-0.000235996034232562,-0.000372882425743723,-8.15313883301096e-05,-0.000187509156319573,-0.00026691052123816,-0.000594303398782918,-0.000560568989640163,-0.000251172619244916,-0.000181568547976504,-0.000428025099394318,-0.000428153775413528,-0.00050859978109223,-0.000536747142386694,-0.0026530586609137,-0.00464396082642137,-0.00118701151283575,-0.00101334763696938,-0.00048241968982733,-0.000776585043813877,-0.000439248442140789,0.000800761347469243,0.000804142985479833,-0.000914767073587633,-0.000265019053610828,0.00116354468718071,-0.00115769572355908,-0.00595602778072877,-0.00349601073724007,-0.0139181413828814,-0.000899969919718729
"640.186",-0.000656552573032189,-0.000609042381405536,-0.000265419441203438,-0.000124318294371158,-0.000182518992306185,-0.000523844317391177,-4.57895759502586e-05,7.10669096787189e-05,0.000175803697383668,-0.000447804905834123,-0.000175669544415807,-0.000399579027324363,-0.000126778524863399,0.000168503874450848,-0.00010340319930212,6.84756198054295e-05,1.82179228957921e-05,0.00041756043847092,-0.000155901347008135,-0.000175606861259605,-0.000476169033927538,-0.000306379208360846,-0.000264397555695447,2.73701342020879e-07,0.000149664945781067,-3.62673256177674e-05,-0.00014302377618118,-0.000195636058976755,-6.2196314014954e-05,0.000175507067901697,-0.000208394707742624,-0.000104265711333844,-0.000350106284977154,-0.00032170939962339,-0.0005002354556266,-0.000655314932520909,-0.00309661662386024,-0.00299364210755302,-0.0005745586032861,0.00045249511568666,0.000156471428745898,0.000154498854103999,0.00105278750661297,0.00162554351980571,-0.000977043492715594,-0.00081615293904851,-0.000943269634305549,0.000141663246504088,-4.41720652747284e-05,-0.000675253670333074,0.0013660220498238,0.000550719274620465,-0.0098180131268773
"644.903",-0.000638279207363417,-0.000228210184889503,-0.000278717924554035,-0.000348738749853195,0.000503784988441616,0.000108037778821101,-4.64189772313346e-05,8.21574390879537e-05,-9.15455409183034e-05,-0.000192680460033122,0.000215127303141613,-0.000315920157183586,-0.000266554323446305,-0.000484239375840905,-0.000200034291815657,-0.000301434364107261,-0.000282326044985648,0.000211692016913446,-0.00031569397785028,-0.000444020122251339,-0.000120054048300795,-0.000268592962666826,-0.000390049723283394,3.00813614964481e-05,-0.000103505200563522,0.000376329489590167,-0.00045212945428262,0.000342744787465974,-0.000503173809964208,0.000612468638847223,-0.000403985076246805,2.61044382117868e-05,-2.72781281134406e-08,-0.000298325649791782,-0.000140727230524754,-0.00130222994034044,-0.00541951059596294,-0.000996958822359985,0.000359636781270976,0.00024739505753935,-0.000145211430882879,-0.000886375830084988,0.00040071901343619,0.00125450260232065,0.000357017597417944,-7.49206258769996e-05,0.0014907570400087,-3.44930439457958e-05,-0.00256702413422303,0.00205795759496482,-0.00165757315939689,0.00316641793138642,0.0336470007729924
"649.621",-0.000945511192408754,-0.000589962119921872,-0.00071229598111539,-0.000590774648371902,-0.000451166630703853,-0.000195206406125938,-0.000335914931973181,-0.000270302644370663,-0.000104763441955837,-0.000452890939237255,-0.000277981594995475,-0.000187378766842616,-0.000270797677359193,-0.000136756023536853,-0.000468611416468381,-0.000481195751266065,-0.000758669319159647,-0.00037952718027046,-0.000331097931237445,-0.000869054766434778,-0.000833436320004235,-0.000283258808485251,-0.000646399199641527,-0.00070655733768882,-0.000440518852071262,-0.000483955716952993,-4.59349861840657e-05,-0.000182756261604473,-0.000410151560109434,-0.000558076006089023,-0.000694413556435375,-0.000346778806483367,-0.000727126668534898,-0.000761089422972734,-0.00070332942117227,-0.00473013483546617,-0.00425873610742958,-0.000615255917961183,-0.000224280664267416,-5.0250656352817e-05,-0.000589340149733803,-0.000627849913185077,0.00181166938128783,-0.000496313288047809,-0.00106494985377445,-0.00139627599826359,0.000120729320248679,-0.000943555568028587,-0.00288173325218978,-0.00133020517172522,-0.00259458794402284,-0.00959084553825242,-0.0221302629013825
"654.341",-0.000223683417128887,2.34969101317969e-05,0.000414674183352278,7.99838665386137e-05,8.4932246133393e-06,-0.000285099531234938,0.000257258484413226,0.000169059264734,0.000153396826825236,-0.000316020047588386,-1.54864079107496e-05,-0.000136167668865355,-0.000559172421192483,-0.000240752152484971,0.000322734038162172,8.84503030382945e-05,-0.000413435869775238,-3.95713365396779e-05,-0.000423697603604732,0.000458360958693736,0.000180678762213459,-0.000266426178237859,-0.000423369821837503,0.000225058934526852,-0.000145981499150695,0.000113402628419725,8.37082224367847e-05,-0.000398784677498161,-0.000240661560416015,0.000740505808979897,-0.000117536148424978,0.000108696986121226,0.000182521715032211,-0.000651883296249227,-0.00153595053304523,-0.0042032036998732,-0.000737002164751416,-0.000250073781844673,0.000155067937831825,-7.65194307220673e-05,0.000230781980962033,0.000608547209383996,0.00150178783138181,0.000444523236122069,-0.000541462716921381,0.00141634419561925,0.000337335065174691,0.000771140448705646,0.00120501532551137,0.00262678933519044,0.00384294680829826,-0.00324589748514644,0.0154282033652493
"659.063",-0.000291855670157244,-0.000260683198943051,-0.000804158463049682,-0.000251913948358676,-0.000322356164132214,0.000111720801460786,0.000217159217110284,-0.000223428908543906,-7.75451534941018e-05,-0.000387702532916251,-0.000461400141543896,-0.000346773210307389,-0.000229599100187828,-0.000280096293755188,-0.000316939226989126,-0.000421044327536587,-0.000274878871724046,-0.000109890024677577,4.40670691893096e-05,-0.000542818894777379,-0.000511899971493671,-0.000107493527799004,-0.000277787701183348,-0.000651085794081316,-0.000529302307020076,0.000114368977764339,-0.000309950130695079,4.66032760370756e-08,-0.000522728206943266,0.0002304585244058,0.000346579682123907,-5.45122943085331e-05,-0.000450415326337548,-0.000638563456753949,-0.0041118150571492,-0.00376623481818368,-0.000574249714574435,-0.000480873890008472,-0.000410134761716389,0.00082221264388837,0.000588871812262626,0.000804129171938311,0.000340946100018309,0.000110850801215683,0.00102458275184868,0.000181214608018517,-0.00126967632974213,0.0014474764592366,-0.00163994585817351,-0.00245601954387927,-0.00428887418112897,-0.00135581741095101,0.0188744892871876
"663.787",-0.000121341181331115,-0.000144119826452444,4.33650535072159e-05,-0.00042957753776831,0.000114715068560007,-0.000121622965874838,0.000220253215229817,0.000156375831570865,0.000114686016333944,5.61022226552354e-05,-2.34982058969608e-05,0.000323773528160247,0.000232813331767124,-9.47824127863424e-05,0.000109605674504374,0.000508581881988047,8.64598856970028e-05,-1.75025898897885e-07,0.000188290911523555,0.000702568843755334,0.000415127212747195,-8.72896088549042e-05,0.000345959277396687,0.000303893829367542,-0.000189079328205972,-4.83561498334714e-08,8.56945736148537e-05,0.000379204350830322,1.88857121657262e-05,-3.73840604948868e-05,2.78802478720043e-05,-0.000119594570067202,-0.000298167826956158,-0.000991986678943579,-0.00570314743831067,-0.000986727288904594,0.000394210525066627,6.919677300628e-05,-0.000196081588475424,-3.91520564259542e-05,0.000443390252269206,0.000441728463984088,0.000479864606285778,0.000151236180296226,0.000773631549823752,0.000606016810881813,0.00113017289843303,-0.000603129709582809,4.70582028179383e-05,-0.000660908414753506,0.0017555348127005,-0.00430105411323223,-0.000483421445731661
"668.512",-0.000230704916960768,0.000133200256830024,-0.000515261531497273,-0.00107134090246378,-0.000525685144901693,-0.00032599006808264,-4.9467997246708e-05,-0.000255689354831948,-0.000371712201617341,-4.9747785267046e-05,-0.000141606278403274,-0.000223796086042854,-0.00060621803773698,-0.000162328344131143,-0.000684494961058405,-0.00103499466385837,-0.000396695672595805,-0.000600977525242364,-0.00108466295207736,-0.000425233845885095,-0.000919172459898534,-0.000438898751721579,-0.000687370997137545,-0.00022196151207409,-0.00061169646981229,-0.000954526755034582,-0.000240024211636474,-0.000621659207263694,-0.000677329057515076,-0.000471046776440616,0.000139979608768125,-0.00031584908395071,-0.001117950322556,-0.0039777712437354,-0.00578422039083724,-0.000524983810866703,-0.000774094443669326,-0.000620150097450618,-0.00056679008370975,-0.000157658239550331,-1.62132409476439e-05,-0.000249078173811803,-0.000535653944631744,-1.06023507031585e-06,-0.00138232536975948,0.000238357244113839,-0.00180409558074426,-0.00299823814149734,-0.00258592224391677,-0.00251257152155741,-0.0098103688772243,-0.00275718916626148,-0.0082433835993696
"673.238",-0.000777436141156011,-0.000255776790395284,-0.000419048515958725,-0.000487187840231866,-0.000152516966155099,-1.63352227193582e-05,-0.000328787822184487,-0.00034459232041708,-0.000208427469006257,-0.000156485656182379,-0.000174280604925927,6.55000935281922e-05,-0.000334354484433881,-0.000134439477599803,-0.000409182363549799,-0.000239824174387035,-0.000613894324870333,-0.0013120568479989,-0.00100116060978383,-0.000392109391204098,-0.000105549979069223,0.000132121445951304,-0.000548736802064326,-0.000372099278372512,-0.000191490876640389,-0.00018614272687777,-0.000936814827776304,-0.000336746247247462,-0.000393469696050363,-7.58227257544855e-05,-0.000177917721238564,7.54655670038434e-05,-0.0010767112391654,-0.00592626144367453,-0.00332363433719132,-7.41879973368959e-05,-0.000778771743555512,9.37059200615442e-05,0.000235129214077272,-0.000937986527264463,0.00087152605132771,-0.000384031553797389,-0.000875734876708668,-0.00117374339957065,-0.00215235600993608,-0.000668270148134884,-0.000955254312764451,-0.000267612880611354,-0.00197758087364307,-0.00173117617994842,0.00104833841352178,0.00315272442189911,-1.90909190871738e-05
"677.967",-0.000178233819261526,0.000294454146488174,-0.000466295252599879,9.45970149182897e-05,0.0005327547102721,9.94154910816482e-05,0.000131327480312121,0.000192989766451502,0.000240782210916109,0.000150657331243397,-0.00019085443984185,-0.000131789751206442,-4.922930706839e-05,-0.000385795668926307,-0.00014962796373696,0.000362159650719112,1.01385000877201e-05,0.000661346846159152,-1.07223217418031e-05,0.000443337676094363,-0.000294052318890915,7.83043327227287e-05,0.000608032304425085,2.29048980207342e-07,7.12692760583079e-05,0.000158005898107076,8.76494170397958e-05,-4.84341892859231e-05,-0.000425297839984914,0.000210049186817135,5.67488817411828e-05,-3.7263015539002e-05,-0.00187246518237802,-0.00485989750533489,2.97453322806631e-05,0.000339560171971076,-3.36921349378524e-05,0.000296205293149267,-0.000174845073844913,0.000638413619310016,0.000523537380644155,0.000414623154047115,0.000644318811901747,-0.000135302067796683,0.000948835494987751,-0.000188173473505558,0.000833654528825205,0.000961766658299917,0.000826906685523373,0.000137838071289577,0.000750560515439383,0.00341135380271136,0.00540308029530544
"682.696",0.00138868210636111,9.927015047701e-05,0.000684975817357769,0.000992030350854643,0.000748090676014092,0.000902549309264455,0.000334652696055793,0.000128060084043918,0.0006614229172339,0.000521847015097164,0.00054751123635446,0.000840587637201899,0.000630186122097999,0.000185774232649768,0.000284302289928027,0.000506196157253226,0.000813456441434333,0.000354720675747497,0.000641395500252752,0.000834423017412327,0.00073794718515459,0.000898903451296812,0.00083752866077447,-9.8092573263368e-05,0.000122834169897057,0.000309385825069268,0.000767211872011846,0.000753920710091998,0.000263825192658294,0.000366906095004721,0.000621003047316514,0.000345803475702506,-0.00332503823868751,-0.000977439388701306,0.000804428893397041,0.00079383440576702,0.000803790322398702,0.000634647908876076,0.000819292898659598,0.00199072954678207,0.0012336682595895,0.000465138977312024,0.0013363824849449,0.00119461448355648,0.00095793255989895,0.00312765071525687,0.00369563112573929,0.00314799660493403,0.00396555061047414,0.00703118794025097,0.0101427558102021,0.0162804920790686,0.0212033069992739
"687.428",0.000279239347082715,0.000212450701741078,-3.41371207827772e-05,1.00971034385496e-05,2.72830496516219e-05,0.000327693444209403,0.00015874395810795,-0.000112577006414709,6.88615542807792e-05,0.000123512265216361,0.000307588829542003,0.000711696891313355,0.00042329141116955,-3.01039540355766e-05,0.000514995804891139,0.000349084387459329,0.00026918383350557,0.000177749402238838,0.000484096381860463,-0.000183418156781472,0.000143730024171645,0.000100659234633369,2.16562152001793e-05,-0.000316263006683803,-0.000134618187810173,0.000251165784114526,-7.93753209855179e-05,0.000137614353344254,0.000216386328777119,-0.000272078645024935,-0.000191967540012716,-0.00169042929736213,-0.00374613083013943,-0.000465921856409755,0.000153710483221449,0.000269683234637145,0.000273155837991742,-3.66579187662181e-05,0.00027770060863228,0.00121886330723244,0.000129358872791686,3.02741669078413e-05,-1.79864659618663e-05,0.000787731086338363,0.000459245305702798,0.00109500637256979,0.00104420727593793,0.000506309582057397,-0.000300528076575832,0.00121727046583694,0.00709178680901932,0.003207446456687,-0.00453529581909399
"692.16",0.000294982145593644,0.00103007082266974,6.79925055382252e-05,0.000223808644691291,0.000987695745478098,0.000278642400338435,0.000281276241477106,-5.68496099775917e-05,-0.000215089600288454,-4.44125545980215e-05,-0.000326588557531755,-2.97775689940303e-05,9.51489442638681e-06,0.000137689456824768,0.000201037907217453,-0.000361483790920831,-0.000341952255470631,0.000517407690617842,0.000752983341519638,1.14897567978178e-05,-0.000604114432356265,0.000375001196170736,0.000236739145343878,-0.000548535170802818,0.000145232058770446,0.000171700030909496,-4.99637528870472e-05,0.000148355457121496,0.000227455900714483,0.000322679499904977,-0.000134562611589228,-0.00399846610480012,-0.00216098465944665,0.000168853846703744,0.000463908553206284,0.000336351883035842,0.000504034217808208,0.000654529935095793,0.000456696831935592,0.00074887664066485,-0.000843623737223147,0.000517600505256806,0.000606687004444204,0.00126777262208266,-0.000255524102759995,0.00156917883539677,0.000623313579871828,0.000587883957434458,0.000590533855714433,-5.71319440451079e-06,-0.0018527103980582,0.0122087451681592,0.00492256152284304
"696.895",-0.000438861447269132,0.000948462391291916,3.43415568953015e-05,0.000548626029054094,0.000576591975556562,-3.41728606140872e-05,0.000218975681716155,0.000107868382528687,0.000661607877357983,-9.60942213534539e-05,0.00022964449785126,0.000487275311477073,-0.000214383238907956,0.000567233028897032,0.000299313570666149,-0.00041122614920483,-0.000101146252365944,0.000212611791527139,0.000338571562744926,0.000813912857252294,0.000170023066865127,0.000825186032633822,-0.000227297967751042,0.000275492728143654,9.39809792991704e-05,0.000223795157261852,0.000822206429357593,-2.00410842032261e-05,-0.000299100225456443,-0.000118013108220121,-0.00114529277594798,-0.00452136745654428,0.00026560396333601,0.000570994879325213,-6.16429678246375e-08,-0.000109580265753734,0.000796096683989726,0.000573184068697122,0.00324965802784904,0.000520952884478296,0.00133176301776638,0.00110723693724071,-0.000821181534452571,0.0018964933717976,0.00114016685110556,0.00108121305254315,0.000165156319964131,0.00328715938285404,0.00149561273467847,0.00055221746112278,0.000429602063776316,0.00102788066507884,0.0180794184807884
"701.63",-0.000100329199808361,-0.000204051459198282,6.9166572208926e-05,-0.000889578164620258,-0.0003660792276038,-0.000317869785898584,-0.000117177583294622,-0.000149081447097631,-0.000167036658225444,-0.000111727431326134,-0.000463651003257794,-0.00031443886640017,-0.000267814611530852,-5.04642259160024e-05,-0.000155887664781279,5.76946300248943e-05,-0.000356702908566677,-3.71543017885689e-07,-0.000365533960795275,-0.000223933958250592,-0.000134962975702081,-2.33804391206324e-05,-0.000816003495580301,-0.000189459365493065,-0.000274343031010269,8.20561650619049e-05,-0.000323655114659013,9.02174519482245e-05,-0.000221186878761647,-0.000327267816872329,-0.00413507496608809,-0.00152858683468891,-0.000257218442271284,-0.000424375322827873,-0.000659589321177879,-1.13598253229739e-05,0.000418769927168887,-0.000580127690616919,-0.000742984131347683,9.67478567413332e-05,-0.000678955368543352,-0.00113339541998132,0.00054549129704478,-0.000363060956144064,-0.0011500661490062,-0.000308078854286097,-0.0011000456029972,-0.000279524502367931,-0.00297394927393178,-0.00202068067527183,-0.00308714388066901,-0.00248007209736848,-0.0238342399533748
"706.367",0.000837847512304661,0.000400078043867445,0.00049072070710359,0.000438387211991284,0.000104155237628352,0.000303787884631856,0.000426927103691492,0.000167917558609785,5.1753121869084e-05,0.000407107662530891,0.000560832464065844,6.92191625352679e-05,-4.16802393541121e-05,0.000578548943114915,0.000611329833939845,0.000253391559309839,-0.0003822421470868,3.21842885226257e-05,0.000714519939200715,1.22445169857586e-05,0.000297038111832098,0.000280294772753961,0.00024387278570162,0.000281285821547156,0.000117538062062781,0.000840911502215418,0.000511582090875109,0.000447837059633991,2.01571802451739e-05,-0.00160570302640125,-0.00292216053335288,2.26904532311038e-05,-0.000290364959697941,0.000255424332702358,0.000307182186952019,0.000524426423385631,0.000588556873695977,0.000958114814540282,0.000536363709536438,0.000601745188900357,0.000522527809495199,0.00121035812126892,0.00012444522366044,2.0011764060321e-05,0.000189097016508688,0.00067839698704213,0.00198952758421651,0.000968544463018984,0.00371861671206695,0.00436047149993027,0.00855193155726527,0.00376725152629598,0.0246153150762693
"711.106",0.000160974731537112,-0.0002087178893071,-0.000224309151932015,8.9025269053136e-05,0.000192451665069426,0.000281424348137665,-0.000225676048790959,-2.91570597300397e-05,0.00031503212665718,-0.000114036469810196,0.000499354893752668,0.000351970268523245,0.000421392417945935,-3.04064707387147e-05,4.04073717260831e-05,0.000404565734952119,-8.33855701647394e-05,8.82160618729168e-05,-0.000396923381549825,0.000330573751639617,0.000376319579313208,0.000260254394801492,0.000352712825542566,-0.000341001526433988,-3.27521916665946e-05,0.000650498852171465,0.000113761438379389,0.000103058038814893,0.000328647103287604,-0.0027275923859251,-0.00197271043949543,0.000451390193827632,-0.000283416450501821,0.000299625369526672,0.000182054590134922,-0.00021413116253347,-1.26401119328304e-05,0.000981025915655925,0.00126014478044803,-0.000339459120547362,0.00057363275091118,0.000375945150403972,0.000379019943566946,0.000207130415016455,0.0012485380353884,-2.75682024795535e-05,0.00119325272016471,0.00081746485199922,0.00185183522732538,-0.00156513955815649,0.00472631868843059,0.00169279739754178,0.00263217000660938
"715.845",-0.000871195331172193,-0.000593704597704792,-9.57083569187074e-05,-0.000168326950147763,8.73985267748176e-05,-0.000133389707464395,-0.000242036073217188,-0.000284593255202905,-0.000291908634149894,-0.000562849309890035,-0.000616471572396935,-0.000426384847063818,-0.000149104319404909,-0.000239156765897089,-0.000745964555839486,0.000119771556584831,-0.000369163213351711,-0.0006105174778527,-2.44620107190106e-05,-0.000746581899931394,-0.000468815482327767,-0.000549849397495851,-0.000261623644056284,-1.35453923436095e-07,-0.000480665545451865,3.18100784579103e-05,-0.000533557633981905,-0.000437832309855898,-0.00173717881169819,-0.00448324711605814,-0.000770409250331024,-0.000486780790291024,-0.000317375517978731,7.29841726344417e-05,5.4220630603042e-05,-0.000491018771979802,-0.000711848840174897,-5.23850533704195e-05,-0.000161616778817224,-0.000257534414740003,-0.000625937525994056,-0.000362839680536683,0.000546676254657571,-0.000646121233791209,-0.000146700829559277,-0.001881791697807,-0.00141378218515366,-0.00107495575807116,-0.00250248263328386,-0.0034528730660832,-0.00205570024344268,-0.00365031134386752,-0.046765906680781
"720.586",-1.48200249193397e-05,-0.00018515164678753,-7.1878211280163e-05,-0.000832725673891316,-0.000467026041093016,-0.000534369107393237,-0.000539013434403997,-0.000124839150159838,2.66645233856171e-05,-0.000108054494905661,-0.000480887937604976,0.000122343532664146,-0.000106526503092044,-0.000104452306056717,0.000171922275247682,-0.000540495230467665,0.000221928646558118,-0.000412416548041758,-0.000183039656682359,-0.000618606373564282,0.00050829427069634,-0.000491877846490542,0.000286209681667472,-0.000104102172191025,0.000109735179092019,0.00028718684159099,-0.000178430961752766,-0.000376555221082616,-0.00257730282570084,-0.00258137517800225,-0.000519046183399332,-0.000111627405895273,-0.000338741841420248,-0.000241011359278077,0.000477718627743874,-0.000515279037820977,0.000686433390352433,0.000382383678685493,-2.73468105875128e-05,-0.000114797432058461,0.00019892618951795,4.95020420791543e-05,0.00120564559917742,0.00146214563706629,0.000827172345267309,0.0002601231456869,-0.0011407485910624,0.000371644949940894,-0.0022987576868227,-0.00122557194825516,-0.0028509358143798,0.00621383696627277,0.00841743515624523
"725.329",-1.49152991686867e-05,0.000281157985826046,0.000242508452758402,5.71617812966408e-05,-0.000176948229736554,-7.19616047848428e-05,3.43429440323064e-05,-0.000162291972491073,-0.000201865628446301,-7.45484043926706e-06,8.64550726692818e-06,0.000123617960957516,-0.000464666188355295,0.0002003102062781,0.000532017170655668,-0.000627193610552989,0.000342310880652342,0.000202723676266581,2.47393447211596e-05,-0.000300020177497412,-0.000166820809646805,-0.000582728006627813,-0.000675370562775896,-0.000478634629184386,-0.00021030955936501,-0.000204706245957168,-0.000212394618595659,-0.00139862565635594,-0.0044979058677611,-0.00113494303907346,0.000700774857320964,8.26007928634517e-05,0.000135074646072429,-0.000116668064577719,-0.000109917955500063,-0.000336701310833528,-0.000135868696433836,-6.47859609267054e-05,-0.00066699003448617,-0.000725910724762372,-0.000743783368123381,4.12750952141002e-07,5.24341817795975e-07,2.00496595590806e-05,-0.00130619739273533,-0.00129254789395385,-0.00251923871745345,-0.00121706437329402,-0.00174470009205691,-0.00438030836714297,0.00241997597442379,-0.0117376363568352,-0.0197233441487216
"730.072",0.00119143534776822,0.000713935099676331,0.00137796831318651,0.00114590326071268,0.000782977468616641,0.000598826099149927,0.000288257470288083,0.000375130044894486,0.000372556827996935,0.00060597155282566,0.000681763725677817,0.000819245415275923,0.000870029450694356,0.000699843153160228,0.00101898776629769,0.000967281497071006,0.000721462204812763,0.000849800532940225,0.000945477269251142,0.00123515708418393,0.000775963855117222,0.00113506473797933,0.000849767586911257,0.00119855568125911,0.00077981523018502,6.49494218942369e-05,0.000170637108589041,-0.00293487623803102,-0.00171212992237738,0.000492746363251408,0.000674092817124094,0.00069438148570955,0.00109776857236001,0.000907064695244442,0.000198995647487698,0.000895891364134508,0.00083513656851482,0.000234065535613897,0.00117862480201728,0.000788848066077073,0.00121596666162858,0.000117465474329382,0.00100439606279491,0.00131871092713681,0.00257799996177001,0.00141808965857353,0.00161925069135803,0.00400865799295706,0.0060097696782368,0.00300982999817537,0.00440930691549818,0.00679013742251559,0.0599960547354491
"734.817",0.000106323345732766,-9.49385631409375e-05,0.000429888680128282,-0.000184561043961164,-0.000149806704602973,1.58314144214867e-07,-9.66375049303347e-05,-4.87775416704449e-05,-0.000218358801047219,-0.000364766671000482,0.000317224705677474,-5.24019361819382e-05,-0.000339314292341752,0.00020268939757493,0.000176347406620714,-8.21138149717745e-05,2.1840154322124e-05,-0.000490498630009502,-0.000526157881033698,-0.000529453787792333,3.26837109673365e-07,-4.91359398208669e-05,-0.000280695120626793,0.00029561259337886,-0.000314420353679457,0.000141741208546745,-0.00134576392684206,-0.00428761463514026,-0.000877643197963422,3.1664750553716e-05,-0.000428001819203568,-0.000719949008992633,0.000347430640541613,0.000419117231872325,0.00012242416257828,0.000362251096525552,0.000172751240555936,-0.000615969432098593,-0.000455313278748075,7.35677171276834e-05,0.000141256733395078,0.000254422191103422,-0.000225109933607752,-0.00094292251578008,0.000199221895922211,-0.000743848139207046,0.00109939438722792,-0.00131730356085415,-0.000859665282299251,0.00215173641730145,-0.00257731660852726,-0.00396317569108905,0.0145638296712557
"739.563",0.000491513551772462,-0.000507761986072352,-0.000422557664165037,0.000221686171889819,0.000121051321487107,-0.000194384438222527,0.000118760000053973,-0.000141833130498003,0.000137928737712337,-0.000425226037504134,0.000267175044862576,0.000423277398290527,9.92051435588886e-05,0.000604820485500032,-0.000314487063810075,2.01124028715916e-05,0.000351012612632647,-0.000150209983529165,-8.91570817519967e-05,0.000120023933830677,0.00021063495902358,-0.000634468460051113,-0.000185672288496463,-0.000503066337434661,0.000136101507476666,0.00110385928767374,-0.00380096609635161,-0.00329338540075933,-4.3390905092773e-05,0.000299024578187638,-0.000411922223014877,0.000148006815879702,0.000713665695078582,0.000260855457183914,-0.000203143867990466,0.000128996498550284,-0.000113219782437131,0.00119274041596977,0.000460816274168072,-0.00101206925745197,0.000682738366634868,-5.18630138823099e-05,-0.000283930112521536,0.000172489186080805,0.00131341158991401,-0.000270785016955499,-0.000609637517313337,-0.00068907433534657,0.0026006812283711,0.00276986879866174,0.00496890268541842,0.000657877278644655,0.014169863712829
"744.31",-0.000341574329794615,9.7080674550144e-05,0.000928879330233488,0.000164999263622807,0.000163025819147778,0.000550972033691841,-0.000204903640081975,0.000355060861594097,-0.000418752514082463,0.000348260447224137,-0.000261507689270606,0.000298599981245737,7.78759949044644e-05,0.000305013055068135,0.000529765172461924,-0.000220293928788957,0.00066520708121589,0.000291301689005393,0.00107592494636057,0.000202450618890471,0.000745356824867934,-0.000440165272702895,0.00064853265337301,0.000495304230154454,-0.000195396571466473,-0.000435738767115389,-0.0047452637428053,-0.000584811444949695,-0.00015310227413243,5.40192410856984e-05,-2.11304892448272e-05,0.000352203594154092,0.000193890152062385,5.47847971501798e-05,-0.000285241638500209,0.000478671214414959,-0.000342020601992955,0.000508826032825635,0.00064897299492865,-9.02900704295704e-05,0.0010271639738282,0.000433518294716568,0.000458703678304946,0.00113714905383196,0.00112263790624813,0.00164220212817933,0.000507065737662335,0.000869041591958323,0.00476349640095628,-0.0015140426542022,0.00728180636626801,0.0073920717231121,0.0132052569608683
"749.058",-0.000533738309304169,-0.000658558624856331,-0.000380724920521653,-0.000477440476855357,0.000319029174555108,0.000518575361976739,0.00023498213623758,-0.000251975997937325,0.000331006441340649,0.000163365965577421,-0.000691356691418788,-0.000443296192410664,-0.000125333507197588,-0.000209908187217293,-0.000696141656952884,-0.000657573258686242,0.000302209278777269,-0.000248261034169979,-0.000518014149644632,0.000382137565459187,-0.000525574380748214,-0.00016558589217777,-0.000518305180938858,-0.000514152502356417,-0.000534082944478125,-0.00251538298167204,-0.00397043739912755,-0.000764356011114121,-0.000585157701918318,-0.000163485454083231,-0.000323404440302912,-0.000215207747056154,-0.000641506409702794,-2.24892415673938e-05,-1.20745045061837e-05,-9.76539341053878e-05,-0.0008061149313858,2.66544361833897e-05,0.000242018978513706,-3.04177637396828e-05,-1.63233500599037e-05,0.000332194628211423,-0.000310702901059048,-0.0015951137810298,-0.00121281747633636,0.000183261010571554,-0.00205082187012516,-0.000131991790223751,0.00121330483743897,-0.00130807015630861,0.00397936549027202,-0.00298581134703975,-0.0217382438078777
"753.808",9.57359943928993e-05,-2.85161411804105e-05,7.73203251754058e-05,0.000388596648894248,0.00034629562056974,-4.85391991218638e-05,0.000552728144759499,7.69198314217292e-05,3.56457642018004e-05,-6.72149824855304e-05,0.000101205851988079,0.000186427939038517,0.000403069047344976,0.000438347636603788,0.0001520735535585,-0.000345934638681908,-0.000354502210810321,-0.0004208121265671,0.000342689275438619,0.000431456856515893,-0.000288909179104415,0.000374710252485153,-0.000219199346922562,0.000173516042318603,-0.000711929513111308,-0.00460987033653043,-0.000998440318403305,-0.000124399882743554,0.000236209921350162,-0.000311150923018523,0.000308006933193793,-0.000516028847336496,0.000376990070857957,6.74693493265489e-05,0.000456778792112744,-0.000420488742671464,-0.000261100975266591,0.000992925563989996,-0.00049457317462549,0.000604009123686618,0.000528636792355468,0.000177734667436379,-1.99405165245734e-05,0.000449969092407036,0.000288813327028429,-0.00169181072510553,-0.000970851942256222,0.00040206695297508,0.00101229651981189,-0.00280687423212913,-0.00370379339377425,0.00207433747761335,0.0272240898801339
"758.558",-0.00195341886318323,-0.00143959714476876,-0.00047396449565066,-0.000952816915204071,-0.000706145866372804,-0.000568067748840632,-0.000422278352418838,-0.000555461672844187,-0.000651158408846018,-0.000212635463856495,-0.00102900992648054,-0.00100795229243815,-0.00083360100699838,-0.000904687997340999,-0.000289378512603654,-0.000890552981217812,-0.000395538129437323,-0.000869359858543135,-0.00114192326713967,-7.08633392242098e-05,-0.00136902757200594,-0.000171988175802946,-0.00222775237578881,-0.000749143712426562,-0.00305407329053197,-0.00438909889836769,-0.000865134332462425,-0.000355967588409695,-0.000653134933453236,-0.000803362581015831,-0.000783336334769857,-0.001062009711248,-0.000993051918506387,-0.000357534022821123,-0.00051374884070826,-0.000792836742513853,-0.00059745521504682,-0.00127835742650153,-0.00183457150250195,-0.00105663439861866,-0.000572328480631656,-0.00149312148751363,-0.00156771312584286,-0.00068937010094727,-0.00259596819042715,-0.0027742424705969,-0.00296432718299573,-0.00264341548574675,-0.00310582977699484,-0.0043672352077098,-0.00816275442135105,-0.0132240461539474,-0.0427943441152689
"763.31",0.000365665888772617,0.000430170741623772,0.000147821975101743,0.000277592411824502,0.000600454358257768,-0.000269463274111094,-5.26470521126163e-05,0.000213593150810956,-0.000126488603114146,7.81738515788959e-05,0.000182951701301475,-0.00010257222444528,-0.000191034563032532,-1.07161849411557e-05,0.000906634595682053,0.00048264339172049,0.000237501228815155,0.000612098044262888,0.000876885438029161,0.000203016980753406,-2.81351061865078e-05,0.000389641572065314,0.000173314066801432,0.000450817562170179,-0.00380758253412533,-0.000812426681911972,0.000152835433445269,0.000573932139887484,-0.000105122595178245,0.000669433996434807,0.000433775259398415,-0.000193831499846496,0.000103722371061891,-1.21968268476211e-05,0.000267862402241105,-0.000500145844922999,-2.69207379447318e-05,5.76394166438277e-05,0.000452666332016463,-0.000289479200786798,0.000377846407964531,0.000242042800084702,0.000451177747169113,0.00056356295245573,0.000655496014512166,0.00042398762284705,0.0022487688274383,0.00232492128384833,0.000881721359073575,-0.0017761573700801,0.00332147149208517,-0.0028700216875612,0.0136254666183504
"768.062",-0.000418796647598009,0.000164657663438452,-0.000433622858494906,-0.00106995439972738,-0.00061670038166578,-0.000423459617968284,-0.000267140937224021,-0.000255538136305097,-0.000203207138228965,-0.000673628085103996,-0.000174994821385163,-2.28063284604755e-07,2.47045610687282e-05,-0.000894992985689623,-0.000399920263256078,-0.00100730833989956,-0.000969914859294569,-0.000428014103920978,-4.1106301438728e-05,-0.00084659789896341,-0.000747889100028163,-0.000786871944721649,-0.00106549680873765,-0.0037951441892291,-0.00459720884446353,-0.000734902413947275,-0.000557907361609332,-0.000531770483527854,-0.000330295843037686,-0.000582513246814266,-0.000737415937080501,-0.0008519177912835,-0.000220484409804904,-0.000107048003133203,-0.0003810654375738,-0.000621444637791493,-0.000915512610450969,-0.000130104188349123,-0.000959714979890557,-0.000438402923290997,-0.000831836371858899,-0.00058198982089863,-0.00130272626658173,0.000354961480938788,-0.00195617019736363,-0.00154252326943603,-0.000469521554264429,-0.000234350450572609,-0.00455343497520173,-0.00645256149281175,-0.0121244259260884,-0.00827298151846148,-0.0166787744831411
"772.815",-0.00165805782203709,-0.000194495636443537,0.000230264900675564,0.000852591329408731,-1.12366454496905e-05,0.00018144014752627,0.00016731813302542,0.000248634484471885,0.000112942381628761,-0.000289035938897532,-0.000437084806025956,0.000357019875746024,-0.000168976058745863,0.000694416466025497,-0.000114176408282558,-0.000282536549367232,-0.000598496241995852,-0.000440921847915866,5.4623615036487e-05,-0.000744087504477002,-0.000604095439675957,0.000731322697422994,-0.00116222748797701,-0.00407241162732525,-0.0013434511174391,-0.000252852670509833,-0.000640775160893822,-0.000732613867736976,-0.000389044580234864,0.000442459740876515,-1.15064682659236e-05,0.000311205501931527,-0.000255150327396534,-0.00024921325888762,-0.000810737925552444,0.000116094098326981,-0.000423658691160865,0.000707805725771727,0.000867243665373191,-0.000210966735424928,0.000190349004900389,-0.00033727754496792,-0.000599862747564397,-0.00122888737590013,0.00170728877396744,0.000918301395035953,-3.91096825429836e-05,-0.00117183386848484,-0.00260249487927092,-0.00278462654164392,-0.00193426894988984,-0.0124082486815121,-0.0327675328002807
"777.57",0.000205069575593598,-7.63596201168397e-05,-0.00044218626354423,-0.000687827531491022,-0.000247255881891245,-0.000339654310561418,-0.0003654062085656,-0.000466536863488726,-0.000261009407759902,-0.000383616461008614,-0.00048505345898878,-0.00123413745983697,-0.000714728344225559,-0.000540180764981983,-0.000501238166976727,-0.000600448512775498,-0.000842120113160291,-0.0007445348135461,-0.000676453517968801,-0.00078894294779064,-0.000689476509431759,-0.000705423497337525,-0.00274818897871999,-0.0039544370829015,-0.000115217020435597,-0.000368428258424203,-0.000242117946915752,-0.000590593782975283,-0.000661568713287411,-0.000843455425154113,-4.69557992531619e-05,-5.80741215694359e-05,-0.000995017963705363,-0.000495916603275042,-7.52036066972691e-05,0.000158453321639183,-1.39807216837025e-05,-0.00106179142484048,-0.000497021150960588,-3.30816354986784e-05,-0.000936391969573718,-0.00137572520524531,-0.00153911293447407,-0.000579040892341987,0.000140360302450923,-0.00281248319941335,-3.99342325261762e-05,-0.0033006318471195,-0.0074790074496561,-0.000676674850541585,-0.0121020456346681,-0.0151014140134114,-0.00176302521834423
"782.325",0.000972021176400796,0.000201467599117561,0.000336905954990752,0.000448116486231944,-0.000489863959042825,-0.000135420306191859,0.000434482340006646,0.000243769441553196,1.56734475673091e-05,0.000353569890527328,-0.000110549459807127,0.000442070883850128,-0.000225124273090526,-0.000658339391814497,0.00103033043071797,-0.000386531299226177,0.000545388119203667,0.00080881971955975,0.00134556226067488,0.000211650533230761,0.000178322618211107,-0.000535235929368872,-0.00335725129514359,-0.00110185053656061,0.000423393774021365,-0.000386595182774296,0.000565448205604066,0.000550667188948749,7.33448505975043e-05,0.000651371397518541,0.000370023587999348,0.000966163389941283,-0.000132160745305639,0.000454280858346579,0.000330843731621137,0.00110010448402855,0.000155811189426518,0.000194661474504074,0.000898814457942918,0.000706097195219006,0.000933195618935586,5.90340964923425e-05,0.00145572107697954,0.00139526361906075,0.000513883289216649,-0.000203010929029124,0.00162063952016899,0.0046125796641241,0.00146693167469159,0.00295845288685749,0.012688595657143,0.00100192223307706,0.0155120868383222
"787.081",-0.000713226975846211,-0.000604837980894283,0.000374579628181748,-4.09786542579467e-05,0.000163456471602566,0.00019243806982051,-0.000535139072264926,8.54778543393448e-05,0.000111901930782663,-0.000167917549726973,0.000381930997093592,0.000698487170305693,-0.000360519629435124,-7.5776164363822e-05,0.000631700027621355,0.000312787169452887,0.000495939755547748,0.000132960927715305,0.000249098811687952,-0.00110323268015305,-0.000414671159711854,-0.00280601087470754,-0.00413533440702415,2.54543034716118e-05,-0.000118894067444209,0.000191946551599713,-0.00077002954710433,-0.00031427660751153,0.000325895681768938,0.000247805674563479,-4.87899394861144e-05,0.000576324747977978,-0.000160369251310404,-0.000517185308452945,-1.30482026622452e-05,-0.000372187066780845,-0.000421680041372035,-6.17683512951155e-05,-0.000502574481382292,-8.63678893861594e-05,0.000884001995814784,0.000118898364471615,-6.72060141839943e-05,0.00100373525537802,-0.000352483784078472,0.00122097967046976,-0.000666157022165296,-3.6270877232028e-06,0.00438803546287815,-0.00382303110013731,-0.00617962780174515,-0.00441793270460409,-0.0266353496078396
"791.838",0.000943786739345924,9.5402464495072e-05,0.000374395071744957,-0.000108382575148889,-0.000479126971319487,-9.60388579812378e-05,2.52547043927881e-07,-0.000149859899565313,-0.000351806195632655,-0.000176365224404241,0.00015522880621249,0.000515220541967147,-0.000179313715342641,-0.000512718230480236,-0.000424603379580634,0.000121049533618874,-0.00017798746062332,0.000589419057670086,0.000191713812065488,-0.000278927849512343,-0.00110102399770644,-0.00446711405251602,-0.00217376469334491,-0.000291626852029174,-0.000552585959503169,0.000371022632182125,6.31084784851719e-05,0.000201020154827869,0.000150411134965773,0.000334030197676742,0.000281683463159615,0.000232912980041855,-0.000518362844231634,-0.00055433549955107,0.000104508793437448,-1.34026258125069e-05,7.32996431399278e-05,0.000522441568611985,-0.000113307602734878,-0.000189687784173921,-0.000680830579251907,0.00065669085160367,-0.000153646515878095,0.000829332935537008,0.00166862260869802,0.00101267536477343,0.000623909322819926,0.000298253806884527,0.00433205140653537,0.0022578657899035,0.00522398364041797,0.000794995694162083,0.0095310740937863
"796.596",0.00157797016841315,0.00102055298535328,0.000674654548335179,0.00177850469725532,0.00045313349119787,0.000840736597856935,0.000330324846877038,0.000102027806395176,0.000562818623691413,0.000284419861319781,0.000326611456357214,0.000961538313366171,9.21345103561623e-05,0.00043455158377686,0.000260994383964082,0.000809317985451109,0.00138594659048112,-0.000462543210325375,0.000643215889836479,0.000869508016376361,-0.000645846946692406,-0.00381709821768056,0.000230666298193883,0.000890776554588669,0.000912269629002944,0.00115994429283275,0.000424036693164545,2.54900700828525e-07,0.000382994898268346,0.00050421149168049,0.000561347935732995,0.000660526328264512,0.000150790577760539,0.000231072448971278,0.000545353368149333,0.000981373602968691,0.000976273926610746,0.000532069286929785,0.00136834413810345,0.000105484577219109,0.000843997813423903,0.00048720202512296,0.000582305566714632,0.00194527383257343,0.000477792178750014,0.000960011044869468,0.00143942149786085,0.00274078180349938,0.00351934009670665,0.00504472713292462,0.014798775904667,0.0176391533078146,-0.00638028996541097
"801.355",0.000563760050158665,0.000195799402864933,-0.000493714360440514,-0.000392202171137803,4.13366251339555e-05,9.43674428467127e-05,-0.000149412113215444,-6.20676259703413e-06,0.000253421992638902,-0.000343044458801456,-0.000245286132334988,0.000226260259930608,3.42037101775501e-05,-9.93357315582615e-05,-0.00014924891544203,0.000338316034127951,-0.000167583828086463,-0.000235109801211844,-3.86934222910583e-05,-0.000955690152842748,-0.00408399739054416,-0.0011988099137937,0.000226589377820106,1.23361545836904e-05,5.79567594714842e-05,-0.000359977655552623,-9.98981885967233e-05,-0.000508052224263626,0.000451710112461894,2.18434234121308e-05,0.000226294302663403,-0.000268668303349305,-0.000792270546269701,2.21890709029476e-05,4.59624463141505e-05,0.0001090926894647,-0.00048509246468766,0.000256491422748965,-0.00102428553723366,-0.000439772556615273,-9.71282634984817e-05,0,-0.000134950250967844,0.000640555671837611,0.000257614304581484,-0.00110430859377772,-0.00138879180446613,0.000479898993615199,0.000606778734567545,-0.00244201483993433,-0.00529836220603734,-0.00134699427297071,0.0116842299649786
"806.114",0.000829671131078716,0.000769141621589259,0.000240504090360198,0.000702340474894084,0.000555408800210074,0.000659476374438245,0.000605432846271044,0.000106905217256697,0.000147719884446278,0.000147278337229813,0.000499462030174799,0.000236506222821068,0.000496059375914609,-4.41233221124363e-05,0.000587670049975117,0.000454937305157654,0.000190412067916529,0.00111739401115598,0.000580734032510733,-0.000699669806363867,-0.00253981642475206,0.000250709808301776,0.000264109034207924,0.00124463443610011,0.000381939233047964,0.000427477895549481,0.000166251973496488,0.000905112188258998,0.000308456219249222,0.000707414807734246,0.00054919373786611,0.000408753794214294,0.000944202502830864,0.00072010842351909,0.000126236050690635,-0.000145207684868161,0.00134028051603659,0.000607890788839025,0.000697164515518444,0.0012587118780862,0.000906482431747811,-0.000227614261046437,0.000849380239754889,0.00046553086472879,0.00208513641121257,0.000275958783225389,0.00208296877754297,-0.00083521484538681,0.00182340561331419,0.00808418178418119,0.00457738316636336,0.0134050813504575,0.0411669993551339
"810.875",-0.000312881119204264,-0.00012588594077407,-0.000101038720894997,2.3776932438813e-05,-0.000647939548626668,-0.000376805342101124,5.69911045826207e-05,-0.000226137519099765,-0.000274318937351519,-9.77696242730511e-05,-8.14967817135338e-05,-0.00045234299923352,9.05968914138647e-05,-0.000220293957486791,-0.000170388188872814,-8.17947920050656e-08,0.000391499626995234,-0.000505931977019084,-0.000801234162453226,-0.0034720236638026,-0.00260089662978669,-0.000304580294979035,-0.00071726615103206,-0.000524985482785289,6.94969665245514e-05,-0.000607489652920224,-0.000598647075378111,-0.000209601702481041,-0.000980586657506329,-0.000446036361592884,0.000333771743012438,-0.000570245524780302,-0.000195397050065525,5.53378057799204e-05,-0.000482160985202837,0.000181754047533728,-0.000280924504750881,-0.000162145307005412,-0.000213311517578147,-0.000743120504721431,-0.000242676576032154,-0.000192128462186957,0.000791353151039566,-0.000706093295994401,-0.000643248928439457,-0.000552302253412666,0.000840118013057515,-0.000307976668906356,-0.00292650015754556,0.000227810984728372,-0.00348621207267706,-0.0074734058570998,9.13267758021396e-06
"815.635",0.000516859773144193,0.000629271761661413,0.000354463567171458,0.000142912767709905,0.000349875261806586,0.000207384566503365,0.000121238198305357,0.000213623146530051,2.80468331527112e-05,-0.000188167979698693,0.000608423895597183,-0.000139943301428396,-8.99448797777426e-05,-0.000110084240645402,-0.000395408163319747,0.000560730591395843,-1.08818727254746e-05,0.000328999805452287,-0.000648684297730948,-0.00257323296699772,-9.68228289306705e-05,-0.00108925863884368,-0.000125274696514795,-0.000121951832839656,9.28458910471409e-05,0.000427500825143911,-0.000521097755163203,8.82253603162048e-05,-0.000187314014248178,0.000195974198780837,0.000161573142073363,-0.000150664615007612,8.68370289909184e-05,0.000343454999575212,0.000229640193920575,0.000834766848117506,0.000114863388483075,0.000270346220490046,-0.000725079043061753,0.000288172609616812,0.00021045829307662,-0.000385322125412978,-0.000269900501935688,4.50774747337839e-05,0.000438297822476087,-0.000644535108694133,0.00135182490032727,0.000349898895104482,-0.000607904184758447,0.00121834482097983,0.00674788497304747,-0.00475693899570267,-0.00279135312669646
"820.397",0.00068841220987739,4.19686250758748e-05,0.000316339526057356,-0.00063070826988521,-7.23110552706104e-05,6.58392305603641e-05,0.000234937060253806,0.000157005927839401,-0.000204051430506897,0.000138747495140752,-9.27482382468599e-06,-8.66009915065237e-05,0.000383841433842701,0.000363555834278082,-0.000737023883181685,-0.000328207843506081,-0.000425198877363235,-0.000695681208037274,-0.00274476555391663,-0.0016561318949899,-0.0010350661497583,0.000379876789850897,-0.000881856525669024,-0.000549435892684585,-0.00021994160315457,-0.00029249409162444,-5.55310361127572e-05,0.000319576257640873,-0.000352742176904448,8.71516533434279e-05,-0.000182911406354212,0.000806612061445154,0.000141163618537124,5.53449042787336e-05,-0.000597125528869408,-0.000762067146291846,6.36122648810185e-05,-0.000729626570460583,-0.000227956727094052,-0.0011526042978946,0.000323671684267194,-0.000630476390453144,-0.000367180321111286,0.000197192943524481,0.000513814590412713,0.00232943416268322,0.00109550857790495,-0.000790242736023161,-0.000554872465861534,0.000835208329226729,-0.00289838773509303,-0.00476817815343053,-0.00398607009746167
"825.159",-0.000469491099032903,-0.000643283282366264,-0.000658239964306126,-0.000356754455813006,-0.000411291386517469,-0.000819310034912984,-3.55141424119518e-05,-0.000207229095949675,-0.000499421234765572,-0.000457409417144574,-0.000689676807041469,-0.000699876275706905,-0.000406214805619346,0.000209670924595635,-0.000726259399189292,0,-0.00020132652720463,-0.0012971781601906,-0.00300437935643841,-0.00124384745251823,-6.70001907857392e-05,-0.000278489278826772,0.000352837821058346,-0.00082936905475577,-0.000150035477900182,-0.000123743491632293,-0.000687476335405095,-0.000739751525138926,-0.000892607903438032,-3.26076065233641e-05,-0.000172236577699694,-0.000484064723147776,-9.76913590313928e-05,-0.000199421247423412,-8.02865883500827e-05,-0.000677619886152821,-0.00033216672905005,-0.000661835182359802,-0.000853546264819172,-0.000909910595620166,-0.000809244390943388,-0.000980211269288636,-0.000811080945671504,-0.000816708394884977,-0.00151902353024632,-0.00122882448200056,-0.00197375694718869,-0.00162040478989694,-0.00121314821452022,-0.00541258089352693,0.00120623632527997,-0.00338372002136701,-0.00780409892744744
