"","500","495","490","485","480","475","470","465","460","455","450","445","440","435","430","425","420","415","410","405","400","395","390","385","380","375","370","365","360","355","350","345","340","335","330","325","320","315","310","305","300","295","290","285","280","275","270","265","260","255","250","245","240"
"248.336",0,0,0,0,0,0,0,0,0,0,0,0,0,0,0,0,0,0,0,0,0,0,0,0,0,0,0,0,0,0,0,0,0,0,0,0,0,0,0,0,0,0,0,0,0,0,0,0,0,0,0,0,0
"252.814",0,0,0,0,0,0,0,0,0,0,0,0,0,0,0,0,0,0,0,0,0,0,0,0,0,0,0,0,0,0,0,0,0,0,0,0,0,0,0,0,0,0,0,0,0,0,0,0,0,0,0,0.160750074464777,0.00517423219869108
"257.296",0,0,0,0,0,0,0,0,0,0,0,0,0,0,0,0,0,0,0,0,0,0,0,0,0,0,0,0,0,0,0,0,0,0,0,0,0,0,0,0,0,0,0,0,0,0,0,0,0,0,0.112097382000231,0.012599833166879,0.00967201186657676
"261.781",0,0,0,0,0,0,0,0,0,0,0,0,0,0,0,0,0,0,0,0,0,0,0,0,0,0,0,0,0,0,0,0,0,0,0,0,0,0,0,0,0,0,0,0,0,0,0,0,0,0.111125311832983,0.0146420653971852,0.0146867218387912,0.0732346491146678
"266.271",0,0,0,0,0,0,0,0,0,0,0,0,0,0,0,0,0,0,0,0,0,0,0,0,0,0,0,0,0,0,0,0,0,0,0,0,0,0,0,0,0,0,0,0,0,0,0,0,0.115525941439071,0.0125330104471679,0.0106623709210042,0.0705405528052972,0.145461020188217
"270.764",0,0,0,0,0,0,0,0,0,0,0,0,0,0,0,0,0,0,0,0,0,0,0,0,0,0,0,0,0,0,0,0,0,0,0,0,0,0,0,0,0,0,0,0,0,0,0,0.103161967163732,0.00772069023143332,0.00857329267923594,0.0327153796916625,0.0880581587863215,0.0506149240889127
"275.26",0,0,0,0,0,0,0,0,0,0,0,0,0,0,0,0,0,0,0,0,0,0,0,0,0,0,0,0,0,0,0,0,0,0,0,0,0,0,0,0,0,0,0,0,0,0,0.0861745395950175,0.012648830864589,0.00455508079256172,0.0128128153224418,0.0863638971135012,0.0512181012347147,0.041864806248253
"279.76",0,0,0,0,0,0,0,0,0,0,0,0,0,0,0,0,0,0,0,0,0,0,0,0,0,0,0,0,0,0,0,0,0,0,0,0,0,0,0,0,0,0,0,0,0,0.0821322255691053,0.00937210841159519,0.0047826902838885,0.0096847536823113,0.0669648246799474,0.0628352099853631,0.0034284611595755,0.018725110555971
"284.264",0,0,0,0,0,0,0,0,0,0,0,0,0,0,0,0,0,0,0,0,0,0,0,0,0,0,0,0,0,0,0,0,0,0,0,0,0,0,0,0,0,0,0,0,0,0.0126642309482728,0.00638570356661113,0.00661812036153653,0.049817966364016,0.0656059479835692,0.0193506731237896,0.00375993948453401,0.0276620306420912
"288.772",0,0,0,0,0,0,0,0,0,0,0,0,0,0,0,0,0,0,0,0,0,0,0,0,0,0,0,0,0,0,0,0,0,0,0,0,0,0,0,0,0,0,0,0,0.0103358538874435,0.00563369700549589,0.00367436498779236,0.0264618646792281,0.0620757494209433,0.0213632335747317,0.00953599928242955,0.0054492637093679,-0.0035120474948336
"293.283",0,0,0,0,0,0,0,0,0,0,0,0,0,0,0,0,0,0,0,0,0,0,0,0,0,0,0,0,0,0,0,0,0,0,0,0,0,0,0,0,0,0,0,0.0128527872076621,0.00427881144334418,0.00497474140473463,0.0155897095121848,0.0605807286562955,0.0260001913410971,0.00318015806200372,-0.000127228152735828,-0.0036299878731961,-0.026236938326534
"297.797",0,0,0,0,0,0,0,0,0,0,0,0,0,0,0,0,0,0,0,0,0,0,0,0,0,0,0,0,0,0,0,0,0,0,0,0,0,0,0,0,0,0,0.0153221171769533,0.00478033671198272,0.00733590160471492,0.0121422863534477,0.0540838276309693,0.039169635096308,0.00787607004555394,0.00397068858993779,0.00465719970449013,0.0134052761852839,0.0264316090837904
"302.315",0,0,0,0,0,0,0,0,0,0,0,0,0,0,0,0,0,0,0,0,0,0,0,0,0,0,0,0,0,0,0,0,0,0,0,0,0,0,0,0,0,0.0102894872169443,0.00417661904265069,0.00396581264204943,0.0072825195775308,0.0324464423787551,0.0461612676961893,0.00943503983087506,0.00670742456198367,0.00542429391790232,0.00983613660319263,0.0202777050904146,0.0269895359979019
"306.837",0,0,0,0,0,0,0,0,0,0,0,0,0,0,0,0,0,0,0,0,0,0,0,0,0,0,0,0,0,0,0,0,0,0,0,0,0,0,0,0,0.00937565839902432,0.00268331441682707,0.00239801308825435,0.00520746969780733,0.0203216992187688,0.0477575923851495,0.0123318684055417,0.00302031386820979,0.00308105784145221,0.00208386225027205,-0.00125991292378946,-0.00214952971449209,-0.00900869657350108
"311.362",0,0,0,0,0,0,0,0,0,0,0,0,0,0,0,0,0,0,0,0,0,0,0,0,0,0,0,0,0,0,0,0,0,0,0,0,0,0,0,0.00292041947141852,0.00154779772119322,0.00221712699426949,0.00281680843571337,0.0101680234508599,0.0391157584872384,0.0230022519244933,0.00472991406275344,0.00181620793230166,0.00129970575869288,0.00237408622646566,-0.000571845560222051,0.00257890557469448,-0.0200445404349094
"315.89",0,0,0,0,0,0,0,0,0,0,0,0,0,0,0,0,0,0,0,0,0,0,0,0,0,0,0,0,0,0,0,0,0,0,0,0,0,0,0.00121001692955891,0.00318482872776386,0.00186703866491147,0.00398473937875993,0.00888022112256472,0.0351524980567835,0.0282496312201972,0.0109378134405835,0.00680124747741078,0.00711782443885155,0.00605148657006692,0.00460150859508061,0.0076221302552478,0.00407871670079801,0.0142322344251464
"320.422",0,0,0,0,0,0,0,0,0,0,0,0,0,0,0,0,0,0,0,0,0,0,0,0,0,0,0,0,0,0,0,0,0,0,0,0,0,-0.00399018543364771,0.00239775445766626,0.00292079343090565,0.00341997192383179,0.00657443995898724,0.0252882377634205,0.0381211331656194,0.0193995215340852,0.016973587483031,0.0160513473513205,0.0145494257563831,0.0117600549436923,0.0116121928638642,0.0151581364058462,0.00967365285461277,0.0538498418372547
"324.958",0,0,0,0,0,0,0,0,0,0,0,0,0,0,0,0,0,0,0,0,0,0,0,0,0,0,0,0,0,0,0,0,0,0,0,0,0.000483610815942725,0.00194557584918197,0.00400338145892737,0.00457204518065899,0.00585221843667601,0.0191359273357903,0.0391135456940145,0.0248431665295797,0.0253062096869197,0.0267381957983469,0.0253453550498506,0.0247238017770482,0.0213646383994142,0.0159245139945976,0.00869943309058167,0.0130899303411573,0.0326791623162884
"329.496",0,0,0,0,0,0,0,0,0,0,0,0,0,0,0,0,0,0,0,0,0,0,0,0,0,0,0,0,0,0,0,0,0,0,0,0.000442039151449913,0.00118915410413049,0.00482822654211749,0.00653437440327968,0.00674718470088823,0.0138765557646302,0.0358778039487932,0.026190605118478,0.0204546146664717,0.0253170526050517,0.0275716854745593,0.0289109416055472,0.0264178869813534,0.0193220279943963,0.0223435526803469,0.023332609097655,0.0279873895325514,0.0681578762853952
"334.038",0,0,0,0,0,0,0,0,0,0,0,0,0,0,0,0,0,0,0,0,0,0,0,0,0,0,0,0,0,0,0,0,0,0,-0.000686884352287698,-0.00239829898660168,0.00423951408154849,0.00452400645724532,0.0045857690454038,0.00887258528017656,0.024827727352538,0.0227420776331053,0.0151521955096735,0.0202359034692491,0.0245015471627137,0.0237279372074038,0.0226230039974688,0.0213291344676557,0.0181699296602113,0.0123412198848114,0.0128818081385388,0.00636275354117327,0.0222829164607235
"338.584",0,0,0,0,0,0,0,0,0,0,0,0,0,0,0,0,0,0,0,0,0,0,0,0,0,0,0,0,0,0,0,0,0,-0.000741475185623286,-0.00701672171708467,0.00247377294919888,0.00559204335580987,0.00443477163484975,0.00773645739894946,0.0190678578653077,0.0303763780760778,0.0133203233269295,0.0176856134051777,0.0241327456882076,0.0284491410804174,0.0282327689985378,0.0272037594689615,0.0246471775675853,0.0224865735385916,0.0136077015790633,0.0188620168180381,0.0185827683291197,0.0172394885118177
"343.133",0,0,0,0,0,0,0,0,0,0,0,0,0,0,0,0,0,0,0,0,0,0,0,0,0,0,0,0,0,0,0,0,-0.000431430789183951,-0.0101526837757881,0.00135641393817377,0.00317223202045617,0.00423803144695777,0.00467269049717151,0.0138289584577811,0.0265272929963753,0.0140364668290777,0.0115478581760544,0.016458423238718,0.0194227605949561,0.025679961990322,0.0232551465552521,0.0215665629151065,0.0227887793899552,0.0205368953252922,0.0147332649530885,0.0162004667957062,0.00679396126355253,0.00720124370519102
"347.685",0,0,0,0,0,0,0,0,0,0,0,0,0,0,0,0,0,0,0,0,0,0,0,0,0,0,0,0,0,0,0,0,-0.0151139965331179,0.00171592807080126,0.00153558558525892,0.00283544721021402,0.00399975842456987,0.00863717719033703,0.0236239771079768,0.0165052130952247,0.00807526613421413,0.0103869930700016,0.0141708498895072,0.0195936775405553,0.0213068917561002,0.0237834596741,0.0213645202063494,0.0208226007682135,0.0189656699066688,0.0159436192034457,-0.00773097277254194,0.0231901281526338,0.055818409871034
"352.24",0,0,0,0,0,0,0,0,0,0,0,0,0,0,0,0,0,0,0,0,0,0,0,0,0,0,0,0,0,0,0,-0.0244107165840338,-0.000119653259222537,0.000259507794768025,0.00176724005977118,0.00226291505250216,0.00460001770449323,0.0176287958728665,0.0168198690557215,0.00622311410044507,0.00705729614466514,0.00799078309383739,0.0117029316482234,0.0144187410498956,0.0165623140224655,0.0182280943108185,0.0164644232750288,0.0154643318845656,0.00856994976858931,0.00424214534020278,0.000360848763494119,0.00507319149452293,-0.0124857998033975
"356.799",0,0,0,0,0,0,0,0,0,0,0,0,0,0,0,0,0,0,0,0,0,0,0,0,0,0,0,0,0,0,-0.0325141737332315,-0.00048152196711055,0.000306347731150116,0.00130974243972586,0.00131637443742429,0.00289384527593179,0.0110476643967663,0.0173183872265204,0.00689618207503652,0.00542267739047078,0.00612454129493529,0.00802601060729969,0.0107063092865017,0.013924738050156,0.0159839006887056,0.016639679198269,0.0169132929486019,0.0114115367899019,0.00889310019557397,0.0150148652100604,0.0104995373742289,0.00769183830108824,-3.03768099629009e-05
"361.361",0,0,0,0,0,0,0,0,0,0,0,0,0,0,0,0,0,0,0,0,0,0,0,0,0,0,0,0,0,-0.0415618914611694,-0.00078881494626018,-0.00102506234644902,-0.00065543045947754,6.14032092054071e-05,0.000792067460800069,0.00604578980395902,0.0148479433808512,0.00741521181859656,0.00321419095182001,0.00340976379432775,0.00386021533380465,0.00602074757822652,0.00749230889591061,0.00952934897602767,0.00884327140174571,0.011053200864421,0.00845750902625869,0.00483635262953048,0.0086152365510982,0.00322639328378554,0.00149063468056183,-0.00750743805528638,-0.0132641222986754
"365.926",0,0,0,0,0,0,0,0,0,0,0,0,0,0,0,0,0,0,0,0,0,0,0,0,0,0,0,0,-0.0559589125546353,-0.00220302651067018,0.000141954773356778,0.000688320930112283,0.000401024961005524,0.000821172851663745,0.00294160487675562,0.0122427227197164,0.00961042976253122,0.00322402276982046,0.00321174667783384,0.00373634452249055,0.00550005024320839,0.00607543162095007,0.00653600989672124,0.0073412932019735,0.00895216014535715,0.00994437253766154,0.0105696114986798,0.0133933041099844,0.00692672626522551,0.00876894608858018,0.00324495822600477,0.0025901197642285,0.0404734363720789
"370.495",0,0,0,0,0,0,0,0,0,0,0,0,0,0,0,0,0,0,0,0,0,0,0,0,0,0,0,-0.0679337773973331,-0.00453649507635205,0.000108250973147457,0.000528192328533066,0.000174497604859106,0.000599218404194782,0.000647987555121779,0.00956398673922326,0.010462441840963,0.00320298947306134,0.0018844280313266,0.00279115433749664,0.00328538853188073,0.00429078356388523,0.00494677371226838,0.00723700270804293,0.00705433251718137,0.00742522555069592,0.00964392275169212,0.00623610496718177,0.00535661415506955,0.00675788626032409,0.00454094880291682,0.00358853028188537,0.0154083487031919,0.0189499621799217
"375.067",0,0,0,0,0,0,0,0,0,0,0,0,0,0,0,0,0,0,0,0,0,0,0,0,0,0,-0.078236116732631,-0.00723140200121994,0.000737148417000065,0.000743190065885708,0.00119923200463614,0.000493738781593706,0.000974259621644573,0.00558739368052506,0.00991953945355094,0.00469292960333772,0.0015432347639886,0.00319360409109894,0.00281126240158257,0.00305658413870252,0.00422611010656951,0.00446362039210489,0.00590791219934845,0.00676011907518931,0.00650496016163765,0.00753808012345362,0.00718873311610005,0.00731413377181107,0.00576964551599536,0.00984026793907101,0.00962169191830811,0.0195439665604926,0.0251435016977464
"379.641",0,0,0,0,0,0,0,0,0,0,0,0,0,0,0,0,0,0,0,0,0,0,0,0,0,-0.0956150307977649,-0.00941142127532518,-0.000184494370717822,-0.000690926605874083,-0.000260334807683568,-0.000596883576478596,-0.000405010215338539,0.0022957741491777,0.00965163271839684,0.0056442583088866,9.07306291295816e-05,0.000617400387574442,0.00129092003469204,0.000799002194634891,0.00248194648187761,0.00143561704686043,0.00350553359038498,0.00361615508686821,0.00341753475327806,0.00354973264615624,0.00390233109394841,0.00147689996871553,0.00358587505947006,0.000269790526538797,0.00390866427296491,-0.00321024707464098,-0.00761894754542113,-0.0308479897346666
"384.219",0,0,0,0,0,0,0,0,0,0,0,0,0,0,0,0,0,0,0,0,0,0,0,0,-0.0997411312168761,-0.0148352400204293,0.000361654218010788,5.39999648625951e-07,0.000144299491182266,0.000444757150725404,-0.000381428799152513,0.00177392571843561,0.00637128488812665,0.00569686966991975,0.00191813379191237,0.00105170792148828,0.00121264687243435,0.000963651660514536,0.00208832877850434,0.00220968616462662,0.00281985509529183,0.00428434591842048,0.00428775484589635,0.00369449680658877,0.00541169563656211,0.00573502102309362,0.00440187278550402,0.00300065780931124,0.00492151223138948,0.00619255863083098,0.00884424537290229,0.0106768470951696,0.0207269939399604
"388.801",0,0,0,0,0,0,0,0,0,0,0,0,0,0,0,0,0,0,0,0,0,0,0,-0.102218741703449,-0.0203064898195389,-0.000338004255479674,-0.000529989812779318,-4.12764501271003e-05,-0.00103783174320227,-0.000444798664522258,0.000516424804654054,0.0043057948408646,0.00834272864926551,0.00166755743955063,0.00022726437780207,-4.72937310671752e-05,0.000435112076701481,0.000536035470677347,0.000860650392305864,0.000988064736514836,0.00277193248324972,0.000844771724036258,0.00253728653684704,0.00231806792571054,0.00284700743434374,0.00124605805150475,-1.60138363938323e-06,0.00377287619605431,0.00135423940864059,-0.00151634643090166,-0.00342187495985251,0.00666502790166106,-0.0227381624121792
"393.385",0,0,0,0,0,0,0,0,0,0,0,0,0,0,0,0,0,0,0,0,0,0,-0.0960644321376898,-0.0254113221281319,0.000195467599481373,0.000321359481776987,0.000758472103553077,0.000640542903356073,0.000624455294060219,0.000273733472215209,0.00275495042778392,0.00721527708258961,0.00276106110841313,0.000959849950420667,0.0012266480448969,0.00131375850609887,0.00114473088171424,0.00122244934207041,0.00234436310927994,0.00253965349812282,0.00241828803965244,0.00245701409621225,0.00366939614871589,0.00337789495178217,0.00414628949892345,0.00213755050818103,0.00384041643638149,0.00341183054043031,0.00190102938169605,0.00379817553924905,0.0134189687223897,0.0203675384370981,0.0409442474516057
"397.972",0,0,0,0,0,0,0,0,0,0,0,0,0,0,0,0,0,0,0,0,0,-0.0621934982292638,-0.0310067288277825,-7.05824217758378e-05,0.000820183940786542,0.000627310295806487,0.000384724038277153,0.000765195710167166,0.000498706549492929,0.00136383937878452,0.00702856840009193,0.00446835138663566,0.000205260429001047,0.0010187478982827,0.00116741629954353,0.00158965240847363,0.00110806872297157,0.00113583845538774,0.00215723867691078,0.00175361941560905,0.00173097746690719,0.00210214855649048,0.00245235440086468,0.00429711310011281,0.00426190204146448,0.00204228920025998,0.00282068506802604,0.00437892501366053,0.00406886870945773,0.00528002418106884,0.00538634419177012,0.00617414604681842,0.0269248411815462
"402.562",0,0,0,0,0,0,0,0,0,0,0,0,0,0,0,0,0,0,0,0,-0.111414169169657,-0.0402536413063207,-0.000218430824420056,9.9775456132406e-05,3.72081142839755e-05,0.000157233933945043,0.000295401047515326,-0.000176562592853715,0.000761390171840106,0.0037772953045062,0.00425505696298735,0.00111024013627789,-2.85231131422698e-05,-3.80792642933193e-05,-0.00010667641251368,0.000284773905007365,0.000408966367494059,0.000375095619984166,0.00193028706354636,0.00118841368025504,0.00058611651764501,0.0019768902198697,0.00128425632070543,0.00146944354479527,0.00164614490659885,0.00356826193666567,0.00101671430363173,0.00262264110764883,4.69812103948609e-05,0.00025983610708121,-0.00385794980115779,-0.00765917720624219,-0.0164381517020285
"407.156",0,0,0,0,0,0,0,0,0,0,0,0,0,0,0,0,0,0,0,-0.121677965933569,-0.0470295071883256,-0.000747372245242265,-0.000572117925170275,0.000160340752051103,0.000588517364024628,0.00107804488705368,-0.000105408892128017,0.000554337886371488,0.00172768613348678,0.00545520924009844,0.00276972031235915,0.00045749694831204,0.00048029581849834,0.000258507719920439,-0.000259489755239398,0.000585735152655657,0.000757706892161599,0.000462131769008491,0.00118843108702881,0.000734537488870137,0.00182626614225394,0.00204818191011931,0.00178987438626122,0.00226895974792658,0.0021914557897729,0.00148597876822699,0.00345304427966463,-0.000294999844651464,0.00341838581733197,0.00222852815979064,0.00100671372862873,0.0100631012182254,0.016775556649093
"411.752",0,0,0,0,0,0,0,0,0,0,0,0,0,0,0,0,0,0,-0.117781324815362,-0.0626966890077882,-0.000510761487827768,0.000518925066607668,0.000184158524923999,0.00023799544090072,0.000388350051310177,0.000477625812517841,0.000333522216622902,0.00203581285926929,0.00535934081311635,0.0037179113701727,0.00105091821752908,0.000370771238922985,8.86902060147848e-05,0.000500336806224796,0.000717266667703307,0.000565919470155635,0.00076623674958783,0.000687605984398395,0.00160158816435024,0.00148201391964678,0.00148981388192879,0.00100719614660617,0.00176023715047785,0.00230453885007947,0.00386995657296945,0.00320098821135112,0.00222342058878396,0.00183544598229709,0.00290767166557693,0.00018498363393705,0.00326757056511158,0.0197954909038849,0.0385013336207747
"416.352",0,0,0,0,0,0,0,0,0,0,0,0,0,0,0,0,0,0,-0.071297226676886,-0.00223555673757753,-0.000211480933902993,0.000111135675974558,0.000119878285759936,5.6355845088485e-05,-0.000573390254175396,0.00018831852143391,0.000246953871377902,0.0031511028472025,0.00356054120791943,0.000769714760205816,-8.79395986272786e-05,0.00027830600255296,-0.000720695242727825,0.000510417686711151,-0.00013975697072407,-0.000225846516778852,0.000526877594225436,0.000261213511315875,0.000436678312013749,0.000489515679892627,0.00129617470983446,0.00179854982573758,0.00171644068679548,0.000909913760891226,0.00103864497126794,-0.000125687563101037,-0.000681829725216796,-0.00010930209496901,0.00236747124069963,-0.000311617659137258,-0.00390330288172639,-0.00477717539658759,0.009000110856117
"420.954",0,0,0,0,0,0,0,0,0,0,0,0,0,0,0,0,0,-0.0755086265985416,-0.0031946825878579,0.000277339583619294,0.00049733830795638,0.00091309294319154,0.000307898542886876,-0.00023471252133469,0.000797367993398379,0.000769567791683318,0.0025243336572149,0.00380596034373998,0.00148266632793402,0.000171232157394936,0.000810204942570103,0.000144657071808175,0.000825836177412635,0.000271606510544104,0.000518727662033285,0.000766499571273269,0.000678165534443702,0.00114489967831842,0.00152210369817163,0.00134528341424126,0.00152652501381096,0.00124876070123195,0.00145245837195407,0.00274742444854494,0.00136468697720109,0.0017501843303701,0.0014189873066029,0.00350726521113735,0.00363383887718545,0.00277677270372587,0.00353259196862829,0.0124270174876201,0.0172411469994142
"425.56",0,0,0,0,0,0,0,0,0,0,0,0,0,0,0,0,-0.0916061748904297,-0.00463429710988441,0.000237025135328334,9.32485332851955e-05,0.000583077402422982,-6.09275644883433e-05,0.000674849862760555,0.000225667357072946,0.000745424554265961,0.00201101319032409,0.00379912067708005,0.0023478192840829,0.000630496535712106,0.000692925894703182,0.000602518449103979,0.000393066280568311,0.00043034088943733,0.000353133763902911,0.000973234223752797,0.00100579638741928,0.00134046595673781,0.00128081680909789,0.00140466802120319,0.0015210711085418,0.00265622776205947,0.00152464804969137,0.00152980345341715,0.00271272612285433,0.00263992638899766,0.0012394111886353,0.00304254361268846,0.000578065868718334,0.004341565784793,0.00213294548895139,0.00786863003052857,0.00070733867448364,0.0147274071811433
"430.168",0,0,0,0,0,0,0,0,0,0,0,0,0,0,0,-0.0899456603322284,-0.00774939908385799,-0.000351709086361953,-0.000584560284818345,0.000174342245779221,0.000109742504066653,-0.000523867232573635,-0.000473418620100746,-0.000123373868735294,0.000919268476205607,0.00231132635815304,0.00246984315094554,3.44394339014198e-05,-4.36230607453966e-05,-0.000506569647017317,-0.00022206725332748,0.000172020006975596,0.000140479814212793,-8.53429227016031e-05,0.000753248901699057,0.000312967049743087,-7.78787753130508e-05,0.000628021942535132,0.000292433298373906,0.000669704103745941,0.000740493233571918,0.000774479527947348,0.000720632022296616,0.000352193980747879,0.000449674144623647,0.000724124031489249,0.00105914221450216,-0.00164102734183426,-0.00173272334518716,5.43198982832522e-05,0.00358249805047398,0.000867809645023887,-0.00214872764501969
"434.779",0,0,0,0,0,0,0,0,0,0,0,0,0,0,-0.0954042037785474,-0.00847336362389613,9.99809483681487e-05,0.000456494467786413,0.000105706924756082,0.000537721412944068,0.000683020879988209,0.000384769308105442,-0.000270459967944536,0.000364675383539337,0.00260349927198394,0.00207722127863928,0.00067082372967418,0.000706229286710657,0.000426940102064412,0.000165165083472737,0.000442141299409792,0.00032730377853651,0.000602921074497912,0.000488606525861831,0.000803749010574087,0.000607118625871702,0.000952259489846037,0.000667714735746282,0.00041106349493984,0.000772274767156878,0.000800326957915474,0.00105238252897259,0.00151215314252285,0.00119230269330433,0.0013690352832364,0.00100304151878394,0.00214161829892099,0.00153280067916903,0.00302645723120353,-0.000293765355892759,0.0071497631321868,0.000693017651525324,0.0301424303883479
"439.393",0,0,0,0,0,0,0,0,0,0,0,0,0,-0.102288862465378,-0.0110211798335203,-0.000497507300480699,-6.88852662708674e-05,-0.000107297277929782,-0.000343426746530948,0.000328639575585914,-0.000266198156293645,-5.83406735256743e-05,0.000463832412707747,0.000834934172527658,0.00208932514499063,0.000657952325721516,-0.000237728795893306,0.000250546031597511,-0.000191946432093093,4.92980976599879e-05,0.000211557813372715,-0.000154461885302178,7.3704575271481e-05,-4.24142457436955e-05,0.000208294554036774,0.00046620933473614,0.000415045579867024,0.000295694822922057,0.000408716549377926,0.000606987684462154,0.000685251734393922,0.00105864942187593,0.00100653955533112,0.000250293154247338,3.87456026859662e-05,0.000904338666295504,0.00174133267045625,0.000496238467505079,0.000793904345495886,0.000231244100615479,-0.000182375810330428,-0.00463641698225534,0.0193956749738034
"444.01",0,0,0,0,0,0,0,0,0,0,0,0,-0.102145564685142,-0.0139592113871969,0.000470641915196875,-0.000182945396466989,-0.000218965731574018,0.000105036722505425,0.00031697143573486,-0.000491542430828334,-0.000222849893519156,0.000178748801287732,0.000758888983268296,0.002632785634912,0.00152367228560845,0.00049155826430298,9.80216559147919e-05,0.000454033626078319,0.00042797564693272,0.000162552699663149,0.000563103654287486,0.000755638513605865,0.000137796474990347,4.92545276688679e-05,0.000351806982159879,0.000759234098656353,0.000524886881242377,0.000464028918380648,0.000446504613815496,0.00121262620949727,0.000798418297171984,0.000627961056433808,0.00116793219652224,0.000956478413380081,0.00226911463824085,0.00238425430863049,0.00344352460258987,0.000587686275335592,0.00293141849088405,-0.000686130845451929,0.0045023815760268,0.00356720972418008,0.0291831998882846
"448.63",0,0,0,0,0,0,0,0,0,0,0,-0.0984902223818677,-0.0186491111210731,-8.1708466498037e-05,-2.40154082405838e-05,7.04322838042913e-06,-0.000428295550226827,-0.000570935691522751,-0.000484865561112206,0.00025893169678403,-1.8538230123022e-06,0.000403779791299611,0.00150443411244742,0.00189322578331214,0.00024181112516689,0.000279040009251941,0.000691487724002961,0.000469958112510127,-6.47516413393678e-05,-3.95164830982507e-08,6.31293265111273e-05,0.000370878279927525,0.000406087734650142,4.87057031760551e-05,1.67174965889311e-05,-4.47427772581328e-05,0.000243574687340665,0.000326996798682749,0.000344154120941566,9.93007535950259e-05,0.000545935932633377,0.00109161342377924,0.000693430627312508,0.000906739643387346,0.000697175959639906,0.00033703660726695,0.00273674360957765,0.00170216426054859,0.00125746705074923,0.000614179230455014,-0.00185721608236894,0.00400062728832229,0.00530098179300387
"453.253",0,0,0,0,0,0,0,0,0,0,-0.0959113008517299,-0.0249978702755898,-0.000526148879993196,-4.84438488681973e-05,-0.00013218839454582,0.000153112471663654,0.000811617575167522,-0.00021399705310012,0.000101683161559946,0.000731524780771543,0.000306179118628088,0.000940209046492148,0.00217893910980971,0.000935500120636279,-0.000412727271383133,0.000203197483565734,-0.000104900588280523,0.000104136922854454,0.000223665213875925,0.000126145907321317,-7.0314082219755e-05,5.46117100005113e-05,0.000496057562027231,0.000144373541526049,0.000633083819225769,0.000359614183798536,0.000611164198105906,0.00010740297352557,-2.75609130965604e-07,-0.000110771145367856,0.000446044314156067,0.000876010151235305,0.00223932794280576,0.00113675260589744,0.00169791074756699,0.00124545633575015,0.00140607379292373,0.000476184904005496,0.000922375424808444,0.00481164808517744,0.0069018898249755,0.00510710806932817,0.00768161860057023
"457.878",0,0,0,0,0,0,0,0,0,-0.0819630626721713,-0.0247997975084426,2.27174097967536e-05,0.000494066979382976,0.000173974544513173,3.03530842859579e-05,-0.000122261685234128,-0.000322454494031853,-7.65967775287419e-05,0.000351582796650776,-2.13194450045381e-06,0.00097301916746961,0.00139607527385473,0.000924244241996677,0.000462233449060794,0.00047362447444951,0.00101813222901887,7.90689546867134e-05,0.0002300577235362,0.000609382482075183,0.000617149314148375,0.000347924198798354,-3.09550129966327e-05,5.44017543362814e-05,0.000604702705845118,6.58312137748695e-05,0.000277842000465295,0.000550259449157074,0.000950337144808031,0.000909212016985599,0.000903517392199888,0.000336752916184168,0.000628659126326508,0.00065107600803025,0.000998840446574136,0.00103436889812489,0.00134404855052232,0.00246856433450869,0.00276959776681293,-0.000159869986348286,0.00405374781763157,0.0037200545694244,0.00636439625090139,0.015603805224326
"462.506",0,0,0,0,0,0,0,0,-0.0703978203998114,-0.0255043031093349,-0.000581873516069239,-0.000161502158291449,-0.000419113579673108,-0.000110319761075096,-0.000518250831166561,-0.000452955566930597,-8.60614965377904e-06,0.000158996581720426,-0.000544874208610426,0.000718982148593089,0.00113489037222971,0.000171649490147863,0.000372587091734973,0.000285934069157496,-0.000322266178907626,-0.000353130314667077,-7.17303250540469e-05,-0.000306748954121564,0.000266526762367918,-0.00049617809521437,-0.000337577318606692,-0.000383217082214059,-0.00013945126678017,-0.000300345461271663,6.53343252192974e-05,-0.000258874087518843,0.000336540518152972,-6.79065808972914e-05,0.00048610161087724,6.42297830791094e-05,5.71799884005354e-05,0.00099746980076608,-0.00059210884386247,0.000832671231787734,0.00159359772800726,0.00100393002193574,-5.31185077507178e-05,6.03231520526477e-05,0.00149309969651091,0.00130283744136508,-0.00163222178436124,-0.00420623269770944,-0.0067709644837155
"467.137",0,0,0,0,0,0,0,-0.0338992544288374,-0.0277660645244629,-0.00117297354290695,-0.000466188485689237,-0.000667279340322788,-0.000882702127511215,-0.000256178215274319,-0.000143131550173596,-0.000901151354857527,3.09890910738437e-05,9.08768041372558e-05,-0.000378018088300257,-0.000190104927429314,0.00114105579816913,0.000225744895444581,0.000255995811589757,-1.75850213579505e-05,-0.000448071965805271,-0.000237987479891175,-0.00059316997737043,-0.000411567537284521,-5.43196475767207e-05,-2.31333134568434e-05,-0.000242419698675769,-0.000302784342558357,-0.000191037538762251,-0.000125075295024365,-8.08751214356786e-05,0.000408039316028337,6.28675727470281e-05,-0.000152181838795577,0.000550187476436411,0.000148946164454233,0.000227251420198011,-0.000184678340678604,0.000135459329894706,-0.000109379961239175,0.00108535606925809,-0.000172855466763443,0.00233945162701557,-3.25043544625004e-05,-0.000702661880311629,0.000856675681373723,-0.00135618934012362,-0.00782751793196928,0.0184430037670966
"471.771",0,0,0,0,0,0,-0.0759395883060306,-0.0290728339943628,-0.00101251699356123,-2.8408681697149e-05,-0.000342217071534053,-0.000308573914887848,-0.00026078579454516,-7.98115055033024e-06,-0.000492656621000481,-0.000244150452008187,-0.000164597331173773,0.000204759505382275,0.000513968297271503,0.000155102581872124,-0.000545620769765737,-0.000647556620342555,-9.75917569420157e-05,-0.000562810077493523,-0.000396241924313949,-0.000534463060780452,-0.000418599387289279,-0.00011557272467367,9.97875107183184e-05,-0.000356899358559586,5.24638883173291e-05,-0.000548050473748633,-0.000356239205089728,-0.000216793076731614,3.1985902135828e-05,-5.08712961018739e-05,-0.000204906283973949,-0.000160275304960631,-0.000705178655562483,-0.000233595335649058,9.01600929452993e-05,0.00047641142281424,-0.000296713876797142,-6.24470589371212e-05,0.000466114792148035,0.00021335656102345,-0.000128120638647082,0.000917155583642009,0.000423423338408705,-0.00223837754038074,-0.0011799755133974,-0.0120484914514479,-0.0206761200814426
"476.407",0,0,0,0,0,-0.0720730462496482,-0.029586757896022,-0.00116309986308476,-0.000381606296645237,0.00018191865865662,-0.000151372252818703,-0.000112447962049506,3.87833501676945e-05,0.000168342838895242,0.000408371555372998,-0.000169389785575592,0.000100415590545838,0.000382005566206386,0.00106240805637401,0.00059208079143408,-0.000369598196336833,3.45920341635421e-05,-0.000412338342995611,-0.000220790333952252,-0.000225419135112707,0.000124897250983519,-1.56652916870738e-05,-6.9027716291306e-05,-0.0001761593158098,-0.000113525573989195,-2.99493999340039e-05,0.000164389479931049,-0.000166060945185864,0.000631487445869714,-0.000119784648248018,5.86935404876489e-05,-7.09445392587825e-05,0.000393959872749176,0.000326122361590969,0.000105359967465408,0.000179791003765031,0.00057156651616316,1.3047742042426e-05,-7.74018080156428e-05,-0.000215396348385993,0.000276453578409522,0.000660207353359792,0.000334365607054339,0.00195805660131907,0.000579272876221353,0.000582872176056866,0.00221010499114225,0.0121859701460268
"481.047",0,0,0,0,0,-0.0339412155158756,-0.00192020652208718,-0.000113315802956424,-0.000506399288495048,-0.000209233368457316,-0.000332904374745394,2.97368294623078e-05,-0.000461300844853763,-0.000533917146329454,-0.000599073117862445,-0.000424801081289893,-0.000629862734229124,0.000172679027283823,0.000317893407832507,-0.000395238147818886,-0.000857117908834145,-0.000614142399873573,-0.000287689281027866,-0.000185921249270755,-0.000400479641249646,-7.78984461057049e-05,-0.000475642592479799,-0.000389519603691659,-0.000358065918963473,-0.000142957195587467,-0.000171240731954325,-0.000163626513395401,-0.000563241513402068,7.68035003434789e-05,-0.000508332201497815,-0.000217357564923864,-0.000679893572723049,-0.000382896146683289,-0.0002264441741681,2.0717398868068e-05,-0.00076155951698486,-0.00055684717514493,-0.000627591077740763,-0.000672175961973762,-0.000747872041803853,-6.35727358464258e-05,-0.00232734039233943,0.000544630363217742,-0.00126258128638069,0.000365650945655071,-0.00466792748192653,-0.0084818322281355,0.0445355966144408
"485.688",0,0,0,0,-0.0406646575286204,-0.00227978746151285,-0.000134993665492401,-5.68329682667096e-05,-0.000170754236824645,-0.000198242152087898,-0.000106871475365339,-0.000343650329765781,-0.000227485834354074,-0.000412708713898027,-4.46538734864245e-05,0.000138257074730678,0.000208910818779945,0.000162494499463102,2.98268350489572e-05,-0.000324001867732388,-0.000177865431053057,-0.000334226189947346,0.000375427575116105,-0.000228915347445407,-0.000337090092359575,0.000155632787638432,-0.000108087114978752,0.000283110777041713,-0.000282879343838102,-0.000188646952662475,0.000141529997642651,0.00029044984094584,-0.000308639030602742,0.000229980257856228,0.000150960282491773,0.000368412845600181,0.000150392751542135,-0.000253245764770332,0.000117908956037695,0.000493039843424938,0.000403387681231436,-0.000339614899102413,-9.41074009617894e-05,0.000197902935893541,-5.54030465176032e-05,-0.00017122900468679,0.00159521340614686,-0.00039717494721421,0.000455347647121515,0.00126141167312022,-0.000589494231698261,0.0154425968719101,0.0175916500049041
"490.333",0,0,0,-0.0408660361411585,-0.00351783109296753,-2.16343945108437e-05,-0.000594523903950926,-0.000615105103682901,-0.000488413485803459,-0.000374430641208786,-0.000579718128587191,-0.000725428275326275,-0.000439309189155931,-0.000512660580406678,-0.000771730881014841,-0.00017211532526975,-0.000325533387049475,-0.0006108920891356,-0.000774474377522245,-0.000398666700339166,-0.000504598657033396,-0.000668910559223668,-0.000629942505551731,-0.000449001200805988,-0.000345502919391374,-0.000937142021881792,-0.00078561229828204,-0.000727789664534114,-0.000726343829769172,-0.000754697078615491,-0.000545199074904167,-0.000873111125222118,-0.000512191771954053,-0.000715188009844104,-0.000318717348993154,-0.00047015110846114,-0.00037197042207645,-0.000346832327353638,-0.00128350187787162,-0.000768613932172208,-0.00113516356272751,-0.0010686788083858,-0.00131286217074393,-0.000919612887508022,-0.000161912845261455,-0.00249099336825686,-0.00132011388997959,-0.00036703777614113,-0.00157645102628565,-0.00323362266612385,-0.000758876612594583,0.0404044076812082,0.0178639991104881
"494.979",0,0,-0.0471419603713797,-0.00353546799882419,0.000126869801601973,-7.96956392579225e-05,8.31905387874858e-05,-1.75687909185751e-05,0.00027821748051086,-7.93607834700259e-05,-0.000447285162366478,-3.74769622117632e-05,0.000712990321051658,2.276599678513e-05,-4.55696147929818e-05,0.000190401474948226,0.000879301852248781,-7.55883925758708e-05,0.00024050403864398,0.000415704996702007,0.000130171894235761,0.000272560411360566,0.000200769158475415,-0.000127486156797444,-0.000160736487301606,0.000350914049250639,-0.000338662825354793,0.000337023777131476,9.1740122717212e-05,5.26342329079977e-05,2.23872248563812e-05,-0.00025370066804872,0.000143054341934932,-0.000215483797734566,-3.20318425055677e-05,-0.000251993982396074,-0.000159349789997499,0.000355887120646313,0.000493260544591608,0.000525239917639982,-0.000426970888695677,0.000764792595307764,-0.000576231715272173,0.000933433632014399,0.000641720920576747,-8.60423156425901e-05,0.00139386265734178,0.00233788380000721,0.00382944979774918,0.000258024225867517,0.00872376469640783,0.0539730751247108,-0.0160701454780573
"499.629",0,-0.0438436346145263,-0.00415232620390185,-0.000420106931142027,0.000162563961662669,-6.59231446996386e-05,0.000127357014424308,0.000199480688537474,-0.000102070563333352,-0.000237025767597964,0.000175622192374164,-0.000386894667450153,-2.37096322880283e-05,-7.66025189207439e-05,0.000624213898319277,0.000647794872994149,0.000472753856701386,0.000162091012853929,-4.59623107294982e-05,8.4509062452642e-05,0.0002597114829043,6.11029646216337e-05,0.000139355802595441,9.23172117136735e-05,5.5885896261326e-05,0.000123812325015009,0.000122577627150421,6.8635560888864e-05,-0.000296847090124528,0.000187729645481074,-0.000156100756026553,0.000296954595426136,5.23998377115747e-05,-0.000581543040523731,0.000412246004213361,0.000442245805182022,0.000405318298422755,-2.52027230818576e-07,0.000215933167751298,0.000146203286967438,0.000647707277543108,0.000555690669809506,0.000319304285040172,0.00027395665957516,0.0012069910737286,0.000528420944854388,0.000705546223115427,0.00159961843391387,-0.000730126263345996,0.00130601538022935,0.0261202078894042,0.0361302634381755,-0.0169563112463104
"504.281",-0.0504628148980001,-0.00502357286731953,0.000348982614687677,-0.000362637337375735,0.000418688222503115,3.15045837456708e-05,0.000112546169388769,3.89443278050412e-05,-0.00018971296235211,-0.000101674700125115,9.419700598302e-05,-0.000208567085270643,-4.73908121043829e-05,-0.000161666047961735,0.000157353533876751,0.000373614025899374,0.000284526362043622,7.8458552605214e-06,7.93894181286677e-05,-6.62437137101805e-05,-0.000157942160997902,3.47968101651225e-05,7.86140438958789e-05,-5.92087278928221e-05,0.000183923740814415,-2.34548502001593e-05,-0.000245701438237353,5.34285472262252e-05,0.000136929757911834,-0.000368383169242227,-1.4979204847855e-05,0.000267502543971689,-0.000187672874635856,-0.000122801515543,-0.000357126497036479,0.000167121872748992,0.000123520512945501,2.76769072581321e-05,9.80734761417991e-05,-0.000168172301847955,0.000268438584393015,0.000665116419516292,0.000546298625332325,7.5640408787805e-05,0.00135018180376744,0.000635126706801735,0.00232274851078229,0.000995466900465016,0.00102340030090308,0.00740421271080724,0.0371220629336438,0.00551798821733535,-0.00888657855614342
"508.936",-0.00563740375987743,0.000344189674670034,-2.6711754493006e-05,-3.33226024945367e-05,0.000487617067731026,-0.000382868424398752,-1.036080579572e-05,2.15152889794791e-05,0.000275752509178074,0.000112469254558879,-0.000143588680554874,8.14210180430742e-05,0.000106998870145395,0.000147888519419341,0.000105446151200098,-0.000453259317282258,0.000676845899980028,0.000461435966231923,0.000799116704419083,-4.71327513358302e-05,0.000239965542273403,-3.50276947277362e-05,-2.63442554983326e-05,0.000243267682290881,-0.000517589206341124,0.000610972118947632,0.000106471032492908,-0.000121405376247801,-0.000356077403184569,-8.23151074624125e-05,3.69035423995091e-05,-0.000606137172840755,-2.99321829048482e-05,-3.0473515381399e-05,-0.00063163843157117,0.000116247388653319,8.81055951144991e-06,0.000185374944951891,0.000215140243223208,5.19847949375692e-05,0.000122268834137938,0.000264661860042787,0.00059678864314622,0.000302991087286356,0.00116689647559658,0.00115897564613592,0.000828301170924326,0.00123014726776339,0.00417118457366664,0.0173316772935526,0.0241375472437534,0.00609225535631309,0.0168670360741575
"513.593",-0.00116803058918446,-0.00113936804507218,-0.00116003421101954,-0.000618503736963317,-0.000612570547156644,-0.000445629258682041,-0.000239226147964402,-0.000352362791752401,-0.000211693442789982,-0.000363236122008892,-0.000769727696533837,-0.000331709495305132,-0.000197907865915057,-0.000132779210639084,-0.000258088639635064,-0.000861425325415817,-0.000681674415962974,-0.000748891837149563,-0.000883462806351233,-0.000597701948977717,-0.000552014942017594,-0.000555019786580859,-0.000793304594185375,-0.000208855677339471,-0.000839292415382934,-0.000738680890039027,-0.000515830018860604,-0.000588588221918114,-0.000113367050420117,-0.000423895910191719,-0.000669604543283463,-0.000544003568606179,-0.00031929666084859,-0.000644041523740162,-0.000502439808691693,-0.000669672906219574,-0.00105558788986552,-0.00094196420443134,-0.000962942307724588,-2.12921798177797e-05,-0.00112918814887701,-0.00111244936757753,-0.000515354341406334,-0.000484163102000161,-0.00125085230936179,-0.000693225279868063,-0.00190181847691554,-0.000214340537700589,0.00201634715312984,0.0233854691617448,-0.000657198628944589,-0.0100880044590273,-0.0415941428482466
"518.252",0.000489463094715654,-0.000286561832178685,0.000257939534678799,0.000169377082162474,-0.000112282657047923,5.07278447821333e-05,2.87270094862883e-05,-2.14500255743333e-05,8.61336801144668e-05,6.6751679694571e-05,0.000481919041670278,-0.000227915844325197,-0.000115359950255358,-2.56376148900662e-05,-5.88453823705155e-05,0.000395547524281694,-0.000106861835943316,0.000360428379612862,-0.000114682906859908,0.000399358720938466,0.000539568531243553,0.000181048732168662,7.70585534412779e-05,7.86373255148458e-06,0.000228291713328196,-0.000106946128375223,-0.000241564971519097,3.00388655447337e-05,0.000307227464275637,0.000399431470813766,0.000336660183259828,0.000153505638407306,-0.00013300003783316,0.000271224644156908,0.000343614987970441,6.57160061525728e-05,-0.000138878914659078,0.000256974785066166,0.000164420038088252,0.000608236728976963,0.00031910374644918,0.000702200579614681,0.000288358882530458,0.000329581521785695,0.00104945198226081,0.000498489141740975,0.00166347234763083,0.00100731554370164,0.0152579255738976,0.0195925862366995,0.00252741821449164,0.000465153099064699,-0.00536861333247813
"522.914",-0.000593542499663677,-0.000643763431197125,-0.000565224440151375,-0.000354460095151373,-0.00028552966951372,-0.00037008907311003,-1.96202178214159e-05,-0.000148803161122351,-8.09248557992655e-05,-0.000552838459053348,-0.000196175281484009,2.7651379204888e-05,-0.000778840337991376,-0.000120328908809572,-0.000535109907525471,-0.000107495026941498,-0.00030291769499714,-0.00044603243033934,-0.000847266503099836,-0.000350871068875969,-0.000254651501979214,-0.000943111676367931,-0.000196180163063975,-4.16160796864026e-05,0.000109582833275998,7.56802559561834e-05,-0.000322838324232236,-0.00101525863901766,-0.000305564502407671,-0.000301707142693574,-0.000451290474291119,-0.000458128183324347,-0.000154208306990011,-0.000165061463697404,-0.000271822773155059,-0.000376237606575175,-0.000914803752358826,-0.000356011211820143,-0.000481317504177778,-0.000112960169351429,-0.000350453987190573,-0.000804669483509867,-0.000887914291497753,1.41875269350195e-05,-7.12686728689441e-05,-0.000354979688511255,-0.000843311011343851,0.00290264976099835,0.0188729415164619,0.0121367570336725,-0.00684521455499277,-0.00429894288331448,0.00821848626753604
"527.579",0.00023256709317671,0.000226376493650375,-6.04031078303137e-05,0.000329397697244091,-6.30139020234643e-05,1.22732686564874e-05,9.19522160859159e-06,0.000110420986866824,0.000218842673770669,-0.000254190477550835,8.68626648213282e-05,0.000879648762149096,0.000156856872803772,0.00029031796819507,-0.000137423018106812,2.85422508095303e-05,-7.64845525722656e-06,1.58618386338133e-05,0.000366785371425324,0.00062755059542013,0.000354390476023947,0.000154147843227618,0.000187224178948721,0.000321660581801598,0.000524334443476963,0.000486679617841388,0.000157307276084109,-0.000179125702708235,0.000543516634654726,2.18906492355591e-05,-0.00027655648601245,0.000392533338225469,2.17524334653604e-05,0.000149917420549251,0.000310428205724292,0.000457566234714037,0.000448751591956761,0.000675381607861758,0.000615326471900788,-0.000113193481174269,-0.00017570303324354,0.000177445494788991,-7.86425466926739e-05,4.40152471931095e-05,0.00124933608046164,0.0008674060429757,0.00133154889115411,0.00940692197914071,0.0155735417416777,0.000224319713541483,-0.00228343242706844,0.00721881368178961,0.0161131139269497
"532.245",0.000529435015064819,0.000358658332780908,0.000616247453655537,-8.45817041611284e-06,0.000375486728481715,0.000114491215376293,-8.68445837177254e-05,8.92724797261126e-05,4.2796287529525e-05,0.000387513048859177,0.000253423594481002,0.000231904461405662,-0.00010025685236822,-3.74191477982133e-05,0.000115683811129006,-0.00032229264145645,0.000295261002772433,-0.000685305842856487,-0.000183549922282502,0.000166317732924002,-5.44118084321361e-05,-8.56317405889481e-05,-0.000264262494899141,-2.45975847108996e-05,-0.00040730891049121,-2.29809191851439e-05,-0.00012752479529207,0.000179249146808743,9.70506948090625e-05,0.000132539934059987,-0.000393224284617834,0.000429188552589475,0.000337894682954598,-9.7408294361954e-05,0.000396137921840159,0.000449896129477838,-9.49778590502418e-05,-0.000255941319399086,-0.000125139724852701,9.22691018046687e-05,0.00019691020782751,0.00014205710292616,0.00133142849404737,0.00076142281410325,-3.0455376827691e-06,1.8474827552246e-05,0.000876335077644803,0.0128217389831641,0.01025129335037,0.00448104785702942,0.00317678816620074,0.017365992841303,0.0263303940985413
"536.915",2.07964851324932e-05,0.000314321603767273,0.00048324341911537,0.000381155610281549,0.000231249146890787,0.000179693464087096,0.000330158904178529,-4.2976480558374e-05,-5.77948850780424e-05,0.000273989818581556,0.000267892495268632,0.000183245657723896,0.000469727249978982,-0.000210727533919431,0.000153030270913384,0.000238161102774402,0.000190732465083565,1.59671098318462e-05,0.000272909457573523,0.000260463932359594,0.000174041454520241,0.000510031147286986,0.000377986735531529,7.96482979409434e-06,0.000149882766131629,0.000391131640393939,-0.000582967152419133,0.000376622749501741,6.75631627525861e-05,-0.000170792035592507,0.000242067557889963,0.000205304509811442,7.21861844297692e-06,-0.000143802146991878,-6.26637576876448e-05,0.000164846665482358,0.00074012761049538,0.000128708080667303,0.000941209849981838,0.000320267810091539,0.000253672097582625,0.000716276026413955,0.000644803123923806,0.000570723255679767,0.000363752794616053,0.000687309382968878,0.00818806294993039,0.0184033937472117,0.002717957468779,0.00118989189378785,0.00073513880869382,0.0137975962996942,0.0094469844476936
"541.586",-1.14162136537434e-05,-0.000232372154767903,0.000296469044498327,0.000196497295305262,8.46732453964904e-05,-0.000377753009410019,-0.000103698437455836,0.000251248417935435,1.89280112092762e-05,0.0003562683009857,-0.000331318752141513,-0.000111703734460847,-0.00024975986544178,6.0680121605582e-05,0.000117867645144631,-0.000168102500661271,-0.000162754241348048,0.000268052935280002,0.000213651887448546,0.000348245778609808,0.000194445055794696,-3.51941141634413e-05,0.000182228534500074,-5.9382127874654e-05,0.000495207109115131,-8.08475918972871e-06,5.31453233695267e-05,-0.000312272765133184,0.000280910597101006,-0.000307806063301332,0.000148421749278152,0.000185318065660929,-0.000105000819622179,-0.000160907244904892,-0.000134907200917015,-8.52666093505483e-06,-0.000290565242221906,0.000279263330341213,-0.000147651689081287,0.000627137482608067,-0.00030206950521854,-0.000519226390506061,0.000265367982774184,0.000957462930027945,0.00017339046340293,0.00121555647236754,0.0116928282088182,0.00733721020671341,0.0001442126719739,0.000360342163884191,0.00131916096206418,-0.00171366261034853,0.0118910452433729
"546.26",-9.82605238941444e-05,-0.000185265370446168,-0.000360355594362282,-0.000735421106772072,-0.000100489125834503,-8.54213328372806e-05,3.38849784143717e-05,-0.000179608750546204,0.000189788531248422,-0.000294581672643673,-0.000283602339648442,-3.00253625115888e-05,-0.000109930307916016,2.29042291947518e-05,-0.000348905299499543,0.000190952202095873,0.000124209199152125,0.000122634902154816,-0.00044875613602519,-0.000521367462337255,-6.56417892437832e-05,3.5081543917187e-05,0.000122340856241497,-0.000220677413201848,-0.00024933636637553,-2.38041516181876e-05,4.61423837817884e-05,-0.000306638484462715,-0.000505085364676715,0.000113190620098756,-0.000336410739895985,0.000253807308700327,-0.000218673171085569,-0.000130917853653503,-3.99324289517405e-05,-0.000360940602591697,-7.97426346541404e-05,-8.46708314599788e-05,-0.000395223578535982,-0.000221639227723263,-4.52924002869467e-05,-0.000583344666704539,-0.000228513994732621,-9.44553858921011e-05,0.000157069615755755,0.0035598005050282,0.011431640058192,0.000640821031371509,0.000455052960560923,-0.000958932158856426,0.0029931242823743,0.000637717260977388,0.00269779979500926
"550.936",0.000317653285365697,0.00016603884444554,8.86836496701011e-05,9.98146773373231e-05,0.000575876304713521,0.000144634744455407,0.000480993403033085,7.33064418543703e-05,0.000156758623339495,7.4612868132963e-05,0.000177993098321935,0.000233698239328164,0.000118565634536923,0.000454989548947667,0.000441189857832729,0.0002740456136734,0.000305492590915977,0.000502644066685045,0.000162674114342242,0.000267610430116693,0.000752404456374487,0.000541076374924792,0.000370413429107883,2.57014813938784e-05,0.000348260639670244,-0.000220369122635416,7.7544391134553e-05,0.000200820664183258,0.000431501275091641,0.000144437198974866,7.47051225366593e-06,0.000361066170588204,-9.11040441286797e-05,0.00013175161424558,-4.81642912558201e-05,-8.45518207004711e-05,0.000294669453376885,8.48873830796241e-05,0.000328480108297875,0.00103962865538396,0.000339392148642179,0.00037950312386105,0.000700835964940162,0.000785270948240908,0.00122840922440989,0.00943633439268507,0.00641615824270363,0.00183533197603691,0.00212375120551094,0.00190931117017818,0.00814766837903518,0.00683530575298451,-0.008584565670944
"555.615",0.000394415985122359,0.000107310592104623,0.000115125168480969,0.000183154162451787,0.000605184402338275,0.000149975944692405,0.000158594301229898,9.50091835124657e-05,0.000310208188357895,0.000160468825661941,-0.000114468144743836,0.000173628997759485,0.000205772321497613,-0.000162260498013805,0.000179716972844792,-0.000363353677757579,-0.00021178465246085,7.41537376570732e-05,0.000262253474079105,0.000391762429334505,0.00057472634108129,0.000319569772059148,5.28975595251266e-05,8.54580352199928e-05,0.00045421862807157,-0.000213049397872775,-0.000287879234080374,-7.72683889385106e-06,0.000293237176970122,0.000129562916484827,0.000180932028081878,0.000256038135067136,0.000205372460133752,0.000139585487234115,7.97985526794327e-06,0.000118321448433551,0.000160988560603367,0.000917673536064654,0.000607961200321526,0.000456105097848594,0.000260624646254617,-0.000502751693322763,-9.61358731563359e-05,0.000460972449619311,0.00251895337446551,0.00687586072210114,0.00254194721264677,0.00202269273318796,0.00049733266685417,0.00461806728455805,0.00588485201123157,0.0035020429873547,-0.00431364823053396
"560.296",0.000297558883614178,-0.000226007446559265,-0.000186949978719322,-0.000150582349570452,-0.000210309911552557,-0.000104825527687231,-0.000224565875418285,-0.000218039345782062,-9.91379597590025e-05,-0.000172583951215833,-5.75205904104159e-05,-0.000106130611968571,-7.15157030448689e-05,3.88942385069322e-05,-0.000285684307440537,-0.000200982610663935,-0.000236178865233001,7.47454562539839e-05,-0.000626810843154231,0.000259853524106364,-0.000141684223937224,-0.000365710089177451,-0.000106115701553725,-0.000111490688961276,2.45705062588939e-05,7.94432023812013e-05,0.000140759532422311,5.43656436130741e-05,-0.000542387619535153,-0.000191248327820554,-6.80277987559495e-05,-0.0003025433282437,-0.000259560521194552,0.000460230923381086,0.000226386266506908,-0.000399706555270974,-8.98268466615676e-05,-0.000636687044495643,-0.000340317313698623,6.41494008621013e-05,-0.000159395063097243,-0.000246354869766727,0.000134230281417804,0.000987906196379792,0.00447478133986517,0.00254228873890908,0.00107830487491535,-0.0011129981820716,0.000578528920216501,0.00371179035587107,0.00761549795526658,-0.00367637748156559,-0.0184378365300569
"564.979",-2.74023319852428e-07,-0.000149463812321598,-0.000215932193238029,-0.000152279376616974,5.19247601768209e-06,0.000417784970950562,0.000123191480337264,5.7462876594255e-05,2.49417768581163e-05,8.71191152494653e-05,-0.000109613185559061,0.000306054380258192,-0.000384926999371495,7.03717439387205e-05,-0.000258031036500255,-0.000345597034515816,0.000405263008408208,-0.000342917285030185,0.000118934801672984,0.000213041460235816,0.00026772167764251,-0.000135098865871737,-0.000215005122272638,-0.000502802277874359,-0.000180955136274722,-1.99664497866335e-07,-0.000102465899873488,7.84245582027553e-05,0.000704140220319001,2.3001831909089e-05,0.000221592956200286,0.000297699283290179,-0.000393086306660354,2.34977198316352e-05,9.77197854023756e-05,9.41858573690106e-05,-0.000117804758742948,-0.000268585562766115,-0.000303082434224473,-0.000420468992053534,4.54807985663504e-05,0.000347781432779091,-0.000371821443581366,0.00157358971223488,0.00376383675160472,0.00147730472013715,0.00186698271468957,9.14511049658988e-05,0.00115958327499835,0.00639093925886171,0.00256001142395318,-0.000805964279763486,-0.00513999777693535
"569.664",-3.36281253138217e-05,0.00025994779836012,0.000624408082677211,0.000109515498597861,0.000135228094931612,0.000311463457598402,0.000138418845808531,3.58328584433163e-05,0.00010567601116835,7.01928957437444e-05,-4.54741087021743e-05,0.000177265502204867,-0.000323126971894604,0.000197098470804697,-0.000267599186147395,-0.000340676473295133,0.000440571119905782,-0.000471816664277595,0.000424751386873572,-2.92976660159415e-05,0.000124705267141535,-9.06841092906394e-05,0.000432963957681692,-8.84532807376272e-06,-2.49689689501767e-05,1.61055239144853e-05,0.000142539043671744,0.000110542304918963,3.17313486958396e-05,0.000101196333766197,0.0005619737896193,0.0006382605169812,-6.21029349602262e-05,0.00025363500413019,0.000271030193494868,7.76068465952837e-05,-0.000273854047422502,0.000154134550605076,-9.17128181304528e-05,0.000314223489436449,0.000218933566671028,-2.51827022518412e-05,0.000341003199640592,0.00203207112269278,0.00436703853286859,0.000413740828075563,0.00133194835565359,-0.000285383939014836,0.00273452411051152,0.00596132500318544,-0.00284507577667696,0.00503540434749543,-0.0151711614979218
"574.351",0.000824656930657148,0.000867542437896168,0.000474308517425454,0.000271728708562745,0.000430682206366948,0.00048059374896876,0.000276336075208799,0.000267412386310845,8.12078694217398e-05,0.000601618201758911,0.000491371472502479,0.000722912106502239,0.000602987693425062,0.000389654525224377,0.000909835588856342,0.000236686593691279,0.000209956927842882,0.000798654051137586,0.000828893620939146,0.000324716886051634,0.000776386367494856,0.000722531487597892,0.000363539810188832,0.000228871855415621,0.000150220240707748,0.000324698820131085,0.00070410001180476,0.000445990429771133,0.000516535375771773,0.000360747566018214,0.000574444864862885,0.000341304691691354,0.000916006118925055,0.000823061811021167,0.000563193465975561,0.000793577182605726,0.000791818190130228,4.85038116470684e-05,0.000687364933293545,0.000469812853672435,0.00064080248599024,0.000883469066423464,0.00115905412003934,0.00380800376220514,0.00283385448170368,0.00223313762088577,0.00253042097122397,0.00214373039540266,0.0066946592220533,0.00570378561082121,0.00373612001515395,0.0022941360283956,0.0273640542816628
"579.04",-0.000615822017230111,-0.000560818853747385,-0.000508344453849234,-0.000533952297734203,-0.000614443372369855,-0.000188872793882194,-0.000285851963774352,-0.000279080220344917,-9.22149272207745e-05,-0.000285649938245704,-0.000588289661766423,-0.000494132115808933,-0.000460490281086331,-0.000537533334012128,-0.00010892375329417,-0.000261986062412883,-0.000114207283660092,-0.000805953710938914,-0.000226094038907405,-0.000705633087418936,-0.000107722214422973,-0.0010153330984939,-0.00077109119864578,9.73487740939901e-05,-0.000312004163538082,-0.000458771573732567,-0.000404005892466692,-0.000570472961869924,-0.000657782288758184,-0.00027708781953686,-0.000352668603193203,0.000179968938994345,-0.00084541818630747,-0.000459950882079344,-0.000434598379336072,-0.000361018809424316,-0.000445879588431592,-0.00061961398541888,-6.24449006412951e-05,-0.000299283497741574,-0.000320146446343804,-0.000484289335771279,0.00282786667820006,0.000462398041247411,-0.000923348774151045,0.00019894360267072,-0.000161512112622315,-0.000303424512604959,0.00172807277438322,-0.00283796842988436,-0.00254410275004572,-0.00809858265455598,-0.00244874776181402
"583.732",0.000596193230055147,0.000704499146277682,0.000413947801374505,0.000821291417216879,0.000372508926795767,0.000364619339502447,0.000297218102143354,0.000101233070440112,0.000257740121887286,-3.59371304683067e-05,0.000412487435617472,0.000370983509721009,0.000703394807519969,-9.69618767845631e-05,0.00068901828831286,0.000232522555124316,9.02377072175385e-05,0.000457227606576637,0.000236605626375563,0.000219934985413797,0.000256065241501738,0.000278452347275236,0.000360082721368008,0.000438026556678852,0.000118573944290858,0.000247064334743997,0.000243417631412612,0.000428636429943506,-8.23367244741317e-06,0.000653158000230924,0.000670099346247231,0.000118073323301584,0.000723535512652042,4.87795871064494e-05,0.000126008951515257,0.000611070623793069,0.000663844904416627,0.00033601022846926,0.000166258895540145,0.000208682160082179,0.00012852166799489,0.000754789427254904,0.00215701316530935,0.00120206562726798,0.00046740214950919,0.00312161164905255,0.000854662256539558,0.00575313642370742,0.00240305803942233,0.0031258556300181,0.0041464440386138,0.0069877518683952,0.0314477789366219
"588.426",-0.00017357075701056,0.000263340348027398,-0.000153837219839092,0.000240669873071229,-0.00053167466966114,-0.000146053084014457,-4.20662411193729e-05,9.21384048612611e-06,-9.3277646311473e-05,-3.00995481985366e-05,-0.000140407855138002,-3.17750119130701e-05,-0.000390893659149182,-0.00011369308148249,3.14921232863237e-05,-0.000124619373104492,-0.000172979680136968,2.61167918281554e-05,9.46380594652229e-05,-0.000191093543060712,-0.00027757523593271,5.60646179833362e-05,-0.000640708539688064,-0.000323656310424719,-0.000332549798565097,-9.97504225380287e-05,8.12860782336704e-05,-0.000365774257553285,-0.000454087338939563,-0.000280308224039649,-0.000118910428374829,-0.000292928569634738,-0.000175763765596585,-0.000122576346347477,-0.000169078546136492,-0.00073897934216082,-0.000272524286835558,-0.000119476957705942,-0.000335642135294614,-0.000839789888261398,-1.40805543684284e-05,0.000626714355874955,0.00168344353717678,-0.000474933868695911,-2.11964559029361e-05,0.00101554207674387,-8.60511842425329e-05,0.00132594093075459,0.000155026225532756,-0.00258511764137012,0.00150755487669896,-0.00100298149387234,0.0086216473985326
"593.121",0.000577820524768735,0.000322415949259184,0.000192037863999372,0.000191737132898051,-8.07969560527393e-06,0.000341224266890715,-6.35952846458216e-05,0.000106935900339656,-0.000489517098195954,0.000193617400741798,3.35985124379844e-05,-0.000111653491371371,0.000693967981613765,0.000807484529715961,-0.000166079049778134,-0.000242669895452816,-0.000157485613918273,-7.84634152666442e-05,0.00011464029472595,-0.000909533358119859,0.000298668255895238,0.000112657408318431,0.000475659792173954,-0.000207500581244113,-0.000179987911022134,3.3325244290431e-05,0.000196953747294972,0.000228728993593219,2.43111434274187e-05,-0.00011264445525838,-0.000167329034355121,0.000485343232230757,0.000441707806351894,-0.000237576721256183,0.000501265099624036,0.000160694358553076,0.000188893835127172,0.000709293443514997,5.18149595978015e-05,-0.000103503842266685,0.000526925397718132,0.00189646986539795,7.74102754152149e-05,0.000668200289440406,0.00161547868527274,-0.000319477930774124,0.00144884674074612,0.000432466916824793,0.00183746738851476,0.00270704029542053,0.00588126964701076,0.00487340317959379,0.0198208722049033
"597.819",0.000637754438166367,0.000334062181998399,0.000647393011145163,0.00011415455306176,0.000290713097438531,0.000420476012865629,0.000164201300477751,0.00062696210189528,0.000314317423659816,0.000127838001881438,-6.7193465967426e-06,0.000120307149130868,0.000403673756687148,0.000475889649196528,0.000469452543187546,0.000519811139047623,0.00033314984275702,8.61269758729665e-06,0.000519164493408189,0.000782195578010394,0.000560624263050286,0.000434200867407982,0.000487938492483479,0.000354517378900175,0.000275658160940466,0.000100448459138169,0.000231306519239788,0.000328793839254739,0.000442566626840068,0.000785188609568092,0.000288371951287065,0.000568253489027123,0.000533259722233627,0.000412133583978589,0.000298999789170364,0.000458726432394568,0.00030412101916018,0.000753176202798364,0.000771723353544304,0.000324388708219682,0.00153528750399781,0.00245662048174852,0.000427570399809806,0.00128033959628175,0.000896989454278526,0.000772602819932792,0.00618886824866081,0.00272892630720664,0.00258961921259806,0.00141536293014257,0.0106688339337263,0.00270598360261704,0.0232117571724103
"602.519",-0.000909788559722435,-0.000615976230993869,-0.000409325715198667,-0.000634325402149503,-0.000888209625468161,-0.000678843955896659,-0.000230003227228817,-0.000447975507426782,-0.000322103473013817,-0.000613457543193848,-0.000422468878114914,-0.00019405956068857,-0.000474796464859815,3.29693604013496e-05,-0.000561473170240544,-0.000262108083649847,-0.000882220550140065,-0.000265096986709972,-0.000785230089985926,-0.000318121451277223,-0.000716463011660568,-0.000742116115465184,-0.000624553416870822,-0.00164004678763358,-0.000651843032675776,-0.000726230131655803,-0.000283253847690742,-0.000165632633806309,-0.000372241833389122,-0.000554897513325207,-0.000420011304185315,-0.000242090964217971,-0.000741297904088452,-0.00045741479347816,-0.000594556161011285,-0.000789640507203768,-0.00076607428605768,-0.000801512934296202,-0.00130344913110529,-0.000809951097130354,0.00124995604955185,-0.00117088732943787,-0.000116921984151786,-0.000299515346979055,-0.000465389962668682,-0.000538442194068069,0.000368791990570796,-0.000366037311175866,-0.00290686534152496,-0.00355139510829445,-0.00560584076210113,-0.0119264598515785,-0.0171847746137042
"607.221",-0.000419489211401449,-0.000469736387279809,0.000133584070709304,-0.000541144106526215,1.52172976253199e-05,-0.00057079243854023,-0.000259088225680506,-0.00012374138939332,-0.000255769824896454,-0.000235195206369301,-0.000295617782441918,-0.000465042002086201,-7.71132510417721e-05,-0.000584270678130149,-0.000574727754047648,-0.000705175907365459,-0.000381733265168653,-0.000508383185859615,0.000273234378015329,-8.38090790201256e-05,0.000223105712055342,-0.000172926405107513,-8.63674554861516e-05,-0.000314692362210171,-5.2792538586312e-05,-0.000750067662690568,-0.000454061321187791,-0.00034263755866702,-0.000467279768182895,-9.89340013578525e-05,-0.000505348120950881,-0.000504899971747098,-7.41229452733451e-05,-6.76151187063418e-05,0.000164965206973853,-0.000512951675895676,-0.000405749344531626,-0.000471972968121605,-0.00106790036778841,0.000268563580733322,0.00157639397849992,0.000410315585349581,-0.00077570493082797,-0.000185599832836983,-0.000277404511504359,0.000148271349103432,0.0013184244134391,-0.00225932059905702,0.000164964518917082,-0.00202386478669055,-0.0055642862950482,-0.0142686135499529,-0.00762412421256201
"611.924",-0.000410222889673038,-0.001049022909138,-0.000754988503125371,-0.000473264208845191,-0.000346567355127986,-8.6569494495612e-05,-0.000152610986121467,1.91868511061665e-05,-5.91964675043228e-05,-0.000556195176997369,-8.3295551833629e-05,0.00495790060761101,-0.000354061549456394,-0.000160140273191093,-0.000580197670258347,-0.000509802440811978,-0.000659096882309143,-0.000414262096471615,-0.000543367363924601,-0.000511816677237387,-0.00049376045663606,-0.000494349050272753,-0.000279807315991596,0.000391385916701592,-0.000708396431975125,-0.000576523386362813,-0.000407203407626339,-6.74782187676693e-05,-0.000185418688643735,-0.000116504871767494,-7.41643469957576e-05,-0.000369996678504744,-0.000356959715933958,-0.000169834723474792,-0.000693394048975017,-8.34201780420367e-05,-0.000487708345087366,-0.000734923438620096,-0.000211142336818563,0.000171741660891095,-0.00024139285091395,-0.00088288221301399,-0.00137307166547906,-0.00103084306134097,-2.79968931145231e-05,0.00195329908375888,-0.00215637563688075,-0.000370718841617515,-0.00317086762200232,-0.00186887970448626,-0.00552688481427829,-0.00590058720157198,-0.0192245368353531
"616.63",-0.000194527813543466,-0.000444401053435666,-0.000518945737816569,-0.000478505880155041,-0.000557096053800199,-0.00013143276188175,-8.2737032559499e-05,-0.000150606782911125,-0.000261086526464296,-0.000480260830496533,-0.00051941164163757,-0.00013325856640888,-0.000410406998646618,-0.000357881899431562,-0.000404858229620941,-0.000417235653576437,-0.000580000073917861,-0.00045529975515753,-8.0150409669433e-05,-0.000548905567363222,-0.000135308941745469,-0.000343074624969029,-0.000838274287275414,-0.000396614519860733,-0.000268463534765756,-0.000626595813477317,-0.000720522843479398,-0.000213308076625723,-0.00046002202490031,-0.0001094102663333,-0.000457537619618054,-8.31850960974366e-05,-0.000117526503485677,-0.000693751731355621,-0.000470535659258119,-0.00029933587646017,-0.000118255081224458,-0.000513176596119853,0.000219907540078949,0.000541873826740202,-0.000243683273915636,-0.00060869595489539,-0.000925761633178081,-0.000444947159187896,0.000263216213770873,0.00226223212252389,-0.00147098243033637,-0.00108564206294299,-0.00132528117870269,-0.0015923695759091,-0.00782083300071267,0.00175616024258633,-0.0116420397628658
"621.338",0.00043877798496886,0.000271804000198072,1.93674047491929e-05,-0.000166818788815931,0.000536827399884145,0.000109958127656536,0.000249662850582049,0.00030839324627274,0.000542671343013423,0.000254767389462073,0.000325434729259145,8.40601560949604e-06,0.000237408457115943,0.000575237517654812,0.000474558507904315,0.000115358332339117,0.000104517519075663,7.33994416501272e-05,7.04128012075273e-05,0.00035066907237619,0.000282937146961939,0.000197352982923566,0.000216059766322212,-0.000447037851115317,-0.000297699835484311,0.00030663383538207,8.63452701766646e-05,-0.0001203668583979,0.000274262665737723,0.000448917881051955,6.70736131604585e-05,0.000586305493784452,0.000304136571162193,0.000517528909049393,0.000107236625272756,0.000263234198618972,0.000198958136528007,0.000552877946074819,0.00205082717232081,0.000143882217174561,0.00017567675970075,-5.45917122837319e-05,0.00132192167798092,0.000891756743821623,0.0040289434125329,0.00188043126563958,0.00204921006166425,0.00269465622586914,0.00124898812131347,0.00385806320099685,0.00300141859205523,0.00672192215087934,0.0221495711628271
"626.047",-0.000369574292456731,-0.000264297611461785,6.95933870339639e-05,0.000130920215144779,0.000299504536000068,8.15040071272977e-05,0.000145765949099666,-2.47125942203752e-05,-3.31980624745205e-05,-0.000122189585629987,0.000535650550437703,0.000110162017716254,9.77170746567865e-05,7.79916459782073e-05,-0.00013450959029391,4.16144817187937e-05,-7.92408036250056e-05,0.000120457875918866,0.000436804540061474,0.000107156896654376,0.000444513690303371,-0.000368763334995116,9.49236563814443e-08,-0.000527909866236638,2.74479477529874e-05,3.50213688895018e-05,6.98055770640052e-05,0.000208350614503111,0.000355542723912135,0.00021378024218464,-0.000203115847919866,0.000211429275953387,-0.000247623387398931,0.000121791825845029,0.000261873472405059,0.000313087133227526,0.000271117291365424,-0.000287780840035414,-0.000280472942891963,-5.67656299433105e-05,-0.000229807813335784,-8.26286017904058e-05,0.000302826701449173,0.000984101677673568,0.00198380331635638,0.00137201535259872,0.00114992672235941,0.00103345184439326,0.000477944129411293,0.00168015973729769,0.00416871225366503,-0.000893021774829177,-0.0136013489108184
"630.758",0.000136780308826205,0.000355770663830781,0.000231501421332137,0.000416074249796019,0.000171740883657862,0.000307192288885287,2.28473809487837e-05,5.00255282008158e-06,8.94990880846079e-05,0.000448422219363783,0.000476432673944442,0.000334057656857691,0.000520807249794138,0.000499420276970397,0.000152929322096642,0.000201790055475848,0.000124584672273766,8.42505673893338e-05,0.000533825483233879,0.000347511619602143,0.000887791462837355,0.000453514021634292,-0.000541235551782477,0.00047539426004395,0.000368110558265817,0.000143247431079118,0.000705422918667442,0.000166754292720967,-7.86984164694808e-05,-0.000103816090147218,0.000581732610182085,0.000752118886031714,6.02929290476782e-05,0.000422614966551786,-0.000264834177289209,0.0006429167566055,-0.000233054346654109,-0.000402067267777834,0.000348011380591352,0.000432791716168526,0.000320967026976919,0.00108492559448189,0.00032128850168439,0.00248290239098232,0.00254278728207544,0.00148645305678877,0.000697522037000784,0.00149747112604962,0.0012315950182001,0.00102949556026906,-0.00277810012938728,0.00270714832238737,0.0106566749392816
"635.471",0.000451567972170307,0.000280207404970614,0.00105438055315727,0.000733650105729893,0.000436861429172271,0.000369539132399192,9.68439079892876e-05,0.000241608237006828,0.000287477135762278,0.000170295538907818,0.000247347137782242,0.000604178193006483,0.000569970646619372,0.000565003235480607,0.000196804899182457,-8.57129632636186e-06,0.000340699024970486,0.000575294731863941,0.000723887090158869,0.000590408792959667,0.000969392948805595,0.000802332375111338,0.000717044695729407,0.000606176560176035,0.000556503047508574,0.00045941014620262,0.000693059347644753,0.00054824506905853,0.000679363048539734,4.34644130902643e-05,3.44238621255807e-05,0.000611386766152313,0.00038230151110496,0.000478808267300233,0.000514631012974529,0.00040559373219437,0.00100344190868665,0.000928734797762745,0.000449550835178373,0.000715723493072726,0.000608418217672837,0.00124742601419196,0.00030620505339979,0.00140308611540061,0.00230090287490817,0.000122160875073396,0.000555408449131858,0.0027715677201988,0.00279041961357815,0.00176858279535009,0.00588430768780192,0.00891322714530271,0.0227891962732751
"640.186",-0.000201337982948041,0.000560802004708855,0.000213355090941876,0.000190678835710635,6.59399152366913e-05,0.0002947487462457,0.000217215343755394,-1.01286452896896e-05,0.000197650253621043,-5.90458854122529e-05,2.18911808144069e-05,0.000337214559838888,0.000525810689984111,0.000415628805034512,0.000274402908260193,0.000407566209756772,0.000188409235704001,0.000292991411969777,0.000269626443231842,0.000481516913523707,0.000150871675147712,-0.000193324708846928,0.000353932533048661,-0.000137393140083513,0.000696881868578505,0.00034283931200758,0.000204554041155362,0.000425264657229915,0.000123464131717231,0.000383758057756483,0.000103581175275252,-0.000448738838976105,0.000609635239205066,0.000266097806815467,-0.000111100814189689,-1.1452005785994e-05,-0.0004161951427928,-5.44939426483024e-05,0.000672485341870434,0.000376418128843787,0.000414954665110524,0.000505470816693453,0.000490742077710683,0.000735219969612627,0.00179353523406434,0.00305179899982915,-0.000470526180142802,0.00109010662168826,-0.000134804442136037,-0.00238801102640543,0.00251214253882292,0.0107527102754662,0.0129679781103713
"644.903",-0.000292676399519562,-0.000794797448332867,-8.21252227197351e-05,-0.000260628038712425,-0.000200337303332319,-6.89055674252062e-05,0.000277548731079992,-0.0002295600269648,-1.14294128134799e-05,-1.99061039210081e-05,-0.000486508985034664,-0.000349887680223192,0.000210866361343213,1.79124381545034e-05,-0.000112744515478119,-3.43945558741132e-05,-0.000100004492658448,0.000238924750633601,4.16415713796655e-05,-0.000819759059103917,7.88527175173259e-08,-0.000360278289453117,0.000163727660394805,-0.000416450038130993,-4.69187142441461e-05,-0.000456642595913713,-0.000423354518591023,-2.68673658121608e-05,1.77074047084484e-05,-0.000150244325210114,-0.000157306118496351,-0.000418964011459316,0.000176073913131234,-0.000504446767274073,8.33849427041445e-05,-0.000275174600740604,-0.000647903212342642,0.0002429696908507,8.00743345513715e-05,0.00050374808156565,-0.000250215827570506,-0.000497215859719672,0.00107358942212126,0.00115983522504062,0.00127217193886743,7.37592907915795e-05,0.00237336748017946,0.000959194370423744,0.000670711728383997,-0.00284863324353124,9.58310363748205e-05,-0.00921568118651844,-0.00408163786114508
"649.621",-0.000206028159595383,-0.000725478843928985,-0.00022938889108245,-0.000156744134866106,5.93873719419854e-05,-0.000348956170405538,-0.000263890666776768,-0.000263863495341264,-0.000393904009782791,-0.000336516627020625,-0.000620470940872609,-1.77440130023288e-05,-0.000316399813917875,-0.000408294551556021,-0.000431198481906657,-0.000470456574810077,-0.000248880296006361,-0.000358814160465527,-0.00045748975556443,-0.000853961936729173,-0.000443100232910132,-0.000511508867551242,-0.000124658135601307,-0.000311798372722995,-0.000171673662628872,-0.0004816170775021,-0.000447517033847152,-7.26789172228675e-05,-0.000526143983038911,-4.48439863563839e-05,-0.000744203757805835,-0.00040722409158149,-0.000482814431871484,-0.000758167123233414,0.000103244934475772,-0.0013109957781058,-0.000805833263473534,-0.00114597686301757,-0.000433336504363533,0.000248979765180764,-0.000413763940854382,0.000158165356962532,0.000564652968151919,0.000706443553872549,-0.000721156145908252,-5.1133766661768e-05,0.000330778392541594,-0.00230963256060396,-0.000276217125874883,0.00125593657438511,-0.00396697054075499,-0.00635430883956426,-0.04637761494013
"654.341",-0.000288131743975215,-0.000408938735866507,-0.000602861523621265,-0.000626411040757787,-0.000404095903178187,-7.03998971587363e-05,-0.000214381434763982,-0.000115577607677621,-0.000252940870289107,-0.000150370827843404,-0.00045552716381943,-0.000270195960409874,-0.000141717224401449,-0.000267209749277086,-0.000866627172332555,-0.00043347657754685,0.000149836593081787,-0.000147624960079153,-0.000377746410396724,8.50386074228109e-08,3.38509416445902e-05,-0.000699495770188016,-0.000495144871160952,-0.000826542414286457,-0.000851755011114632,-0.000366476015966142,-0.000593406475366358,-0.00031376864355641,-0.000156671997306739,-0.000445315828701966,-0.000656728576674368,-0.000395455581727045,-0.000499440762164544,-0.000250976142574403,-0.000176147646762256,-0.00136150871307267,-0.000447098559900829,-0.000926076602094213,7.10542724989048e-05,0.000151523535597455,-0.000474102644119619,0.000760256926532794,0.000979132653657133,0.000147336615895305,-0.0010753002295163,-0.000641032929095208,0.00125323971826249,-0.00018221442647027,-0.000923411075215391,-0.000893203264318957,-0.000300465344459974,-0.00341798305354607,-0.0111882388419989
"659.063",0.00116204300836202,0.000495453830044352,0.000512298355723606,0.00119367880432678,0.000954581219777905,0.000278366089425329,0.000186522805982218,0.000206646074602887,0.000320334037518076,0.000634062163629416,0.0006813032841103,0.00037246383239534,0.000638201655751542,0.000929221065024925,0.000351527471917465,0.000865469539268859,0.000113411675216024,0.000734791369384192,0.00104532254385373,0.000357230871243548,0.000306500715812598,0.000652110790245803,0.000797479742090765,0.000854535840952884,0.000497958399182027,0.000711606774510042,0.000523921793895568,0.000111630631647164,0.000473593342645309,0.000641713824847212,0.00018148912805857,0.000371556957750527,0.00069485511523129,0.000344785884069501,0.00018342854917552,-0.000393188580466004,0.000387391949883477,0.000830964081810018,0.000239717045865658,0.00136776593503762,0.000735958693004038,0.00174015155501224,0.00281195612235244,0.00148858372297374,0.00210367124343279,0.00204258274676846,0.000893711646416375,0.00243838205367417,0.00629264149051756,0.004950806975339,0.00822486805425745,0.0135912645561065,0.0291704298678584
"663.787",0.000201189681177454,9.53501954205125e-05,-0.000118879737268146,0.000132238660900281,-0.000202120427277738,-4.81925810066805e-05,-9.73676634115888e-05,0.000128947075655361,9.02309228189123e-05,0.000125817798276688,0.000108710957695995,0.000350091696341262,-0.000540900812067719,0.000207322291063181,3.0017656136669e-08,-0.000144728699801574,0.000296869355072471,6.04198266145631e-05,0.000740128283999732,0.000315124224843431,0.000402604243891679,-0.000140845096688135,-6.49259623161816e-05,0.000114813862996522,-0.000326708830482485,-0.00012474839393139,0.000180563479021987,0.000150974727270074,-0.000263664057628885,0.000111580606104962,0.000469178734959025,0.000146978723462843,-0.000306497294280964,0.000183374148313722,-0.000919281757605084,-0.000237223838731693,-2.17633987693314e-05,0.00023059989832556,0.000668411875597908,0.000997433641359432,0.000869165458273923,0.00180973719166335,0.000642403207157062,0.000660450291418435,0.00147292774966512,0.000734135066939263,0.000780878213475894,0.000673493377221077,0.00141727515028606,0.00404490477898443,0.00576668216497504,0.00893012670101147,-0.000939569743487688
"668.512",-0.000337446575606677,5.22722717089116e-07,-0.000468728939777566,-0.000420158904204134,-0.000168581177743591,-0.000203200234189967,-0.000288490344259131,0.000276119994535128,-0.00013942780984188,-6.33933709503433e-05,-1.56784413683883e-05,-0.000324893812249094,5.83545371586824e-05,-0.000322871427443875,3.68794837388718e-05,7.29529810373297e-05,-0.000125390543006683,0.000263826548614194,0.000144837948293473,9.37892464465509e-05,0.000614496803079416,-0.0005351080000002,-0.000510671281299923,-0.000273542121118532,2.98824447668193e-05,-0.000222928986413786,-0.000114645645490749,3.80341095244113e-05,-0.000104449349279688,-0.000131123919597489,1.85516306134554e-05,0.000185008727653325,-0.000477519182313137,-0.00103375954459213,-0.0011403888343156,0.000238375531603838,7.69797934720865e-05,8.12584908680425e-05,-0.000551675679427908,5.14422728320191e-05,0.000371977251432848,0.000165517190986997,-8.36104214239972e-05,0.00028458010968996,0.000153984154894646,0.000290204162108279,0.00166886815556102,0.000114065993623221,0.00204717994508694,-0.00420549987735346,0.00124555544602994,-0.0123250000548595,-0.0230559320563208
"673.238",-0.000542928440829545,0.000472510341908393,-0.000120631451341732,0.000422948951271825,0.00023167956728002,0.000473320618142014,0.000185155219443289,-5.99117746354563e-05,-6.09769748808436e-06,2.83588081714346e-05,-0.000291241039432234,0.000224121487587138,-0.000146987648912819,-9.56047984628285e-06,0.000509505422148421,0.000220101811888247,-9.76662443603119e-06,0.000153043643583866,-0.000548690826126882,-0.000189340001956864,0.000139526004218797,-0.000121321689751197,0.000251453797421815,-7.41427309349029e-05,1.0052933766671e-05,-0.000818960934337279,6.7196696133525e-05,0.000277486668796976,-0.000448880550282025,-0.000122776355052514,-0.00022408602002041,0.000269878202319193,-0.00020000403639995,-0.000948153677369237,-9.48704268970892e-05,-0.000188964241975471,0.000376136514069756,0.000444498827313144,3.68385121189933e-05,0.000733179987425275,0.000120369349221276,0.00116763372875363,0.000868819036417207,0.000803553030409825,0.00167236677394337,-0.000107397514060288,9.46322715000669e-05,0.000909675629257082,0.00325605903573584,0.00158365184181131,0.000521843288708254,0.000197261826044366,-0.0256273294396792
"677.967",0.000765101270870115,0.0008907906479516,0.000684611358855354,0.000571415952858629,0.000520708510127995,0.00096211292615424,0.000354280221558442,0.000246880708819329,0.000264164870876584,0.000456861345532114,0.000103113995179327,0.000489126129199767,0.0013509601690096,0.000740829994590855,0.000429201607766048,0.000526387506111821,0.000713279542763337,0.000215830310219639,6.68145098612586e-05,0.00157293919226002,0.00096260091104106,0.000442399334089569,0.00063815690459147,0.00023424123907582,0.000565928421212015,0.000480868513840541,0.000687117528592569,0.000491571153757103,0.000441887493930293,0.000825641462653538,0.000394273101796193,3.70271573150529e-05,-8.1656173235578e-07,-6.0523387477137e-05,0.000841123942955082,0.000706823991220983,0.00120348890483895,0.00126080507400914,0.000955755853621148,0.00175478372917103,0.00164880373401385,0.000656855330921932,0.00244215922567853,0.0029095752276543,0.00260446677061467,0.00069522541166627,0.00175427654014648,0.00359425787897411,0.00467951798388082,0.00692057884798329,0.00441368890752896,0.009318742092354,0.0433346286049545
"682.696",0.00040090305766594,0.000752718344701986,0.00014515821244122,0.000703381662740674,0.000544737187418834,0.000706699352808264,0.000131937087261906,0.00025517471482429,0.00052182229175006,0.000346461034122115,4.01066087879556e-05,0.000485119954511304,0.000179293753781106,0.000145918489785396,0.000660506053791316,0.000317543589842064,0.000909190324188052,0.000218247762428188,0.000319190748953023,0.00098810357017445,0.000557541990044531,-0.000157052304523844,0.000923981739027234,0.000495481708314335,0.000173644152581864,-0.00014872835693524,0.000342606459546251,0.000545768799405646,0.000359747177802765,0.000278147094241564,0.000579163683880233,0.0003310471352928,-0.00112996115975715,-0.000943651869000188,0.000445789447572199,0.000597429051156539,0.000766200662896043,0.000774205925615186,0.000915851696608477,0.00110402775675825,0.00135497586993321,0.00112763460330627,0.0011239657899302,0.000388716320631356,0.00165688761441938,0.00200303027364453,0.00216222589245519,0.00123599462682864,0.00600097455081996,0.0018182059490028,0.00999270166932838,0.00841999278497449,0.00736388074929795
"687.428",-0.000319901857798351,-0.000956877026863555,-0.000630179350043371,-0.00112089916073688,-6.39683953274273e-05,0.000100795507262861,-0.000114005373140905,-0.000474884462356099,-5.00435698903064e-05,0.000203494499253052,0.0001453170812294,-0.000469358370671,-0.000612457543784546,3.92236955318594e-05,-0.000551042909588741,-8.47528785450994e-05,-0.000557399639458038,-0.000512957038831108,-0.000585310076916045,-0.000327419152697817,-3.58072319021391e-05,-0.000439525939731964,-0.00090782282811525,-0.000217167758441363,-0.000267450929636559,-0.00100016868859754,-0.000266133854622033,-8.83099553581913e-05,-0.000205632784840394,-3.88805496075995e-05,-0.000488161533385595,-0.000922283659135714,-0.00143554662015136,-0.000327119090665109,-0.00024504240026155,-0.000526752676074527,-0.000658022034007666,-0.000480381409132272,-0.00050708486512363,0.00022345929830412,-0.000777908192942257,-0.000420023137775611,-0.000325776674259653,-0.000137686091352219,-0.00119052347331865,-2.71336595237517e-05,0.000389750598432247,-0.00128651168463799,-0.000982246101515097,-0.00406696997011637,-0.00514016921046908,-0.00968993010110461,-0.000493452173804317
"692.16",-0.000490220079111746,-0.000762785440250067,0.000113126003191183,-0.000350888526322557,-0.000284985355709844,-0.000126494015396041,-0.00036304917895085,-0.000213469528532523,0.000144646611242671,4.38472662430563e-05,-0.000454544812697912,4.8118998695615e-05,-0.000414068544993197,-0.00051235017601364,-0.000267582852052675,-0.000454007327054958,-3.02152061743153e-05,0.000452655046046651,-0.00026555597061311,-0.000866492430051468,-0.000216217958277047,-0.000691428719835091,-0.000653538358061245,-0.000262231754504935,0.000558333388159592,-0.000372112528965697,-0.000664446606577271,-6.90496312138635e-05,-0.000167715657845564,-0.000515463943497726,3.7524302852635e-05,-0.00181612072604063,-0.000959456421939401,-0.000476097108823472,0.000246076200015724,-0.00010818175169494,-0.000707217910150407,0.000120339397421442,7.38406377072767e-05,0.00042956598329451,0.000838381715494468,-0.00048486093422927,0.00106892948710677,0.000591924491725449,-0.000162433186748068,0.000575007722109024,-0.00101313484664548,-0.000392608583905366,-0.000493427993349231,-0.00218234255362923,-0.0046306014769969,-0.00548061816056928,0.0054731691630786
"696.895",0.000661826887952117,0.000855766969361914,0.000296340961120336,0.000599349531935593,0.000768521327621771,0.000661385034220091,0.00035904685300635,0.000503272595228039,0.000278620685372644,0.000809287305474162,-0.000114392556254393,0.000523580587506712,0.000630345625530789,0.00063480442565467,-2.2116029908047e-08,0.000304681908676253,0.000342348443849421,0.000519181730634814,-0.000325905655979479,0.000823166690227291,0.000797850887978833,0.000615876831457028,0.000646570879468474,0.000845695999374453,0.00075024113088572,0.000435171270989708,0.00116754186021772,0.000685457185352374,0.000405753510504131,0.000547752828858801,0.000305767683250514,-0.00180945949370134,-0.000343772832122834,1.96731898914967e-05,0.000475083385048709,0.000293407594569579,0.000964748508479913,0.00123814386753223,0.000368116763607446,0.00125282633108414,0.00209733096251079,0.000645558161796199,0.00197901181988059,0.00103286766441322,0.00087834566756097,0.00129580737653824,0.00292808503692371,0.00137936657753728,0.00352933904158146,0.00439017412683556,0.0174472586575165,0.010013049417489,0.0406502757160456
"701.63",4.22760264542894e-05,-0.000634438313252275,-0.000356217315743381,-0.000421172843599503,4.64346619112727e-05,-0.000162478124770306,-1.92822421657085e-05,-0.000142557483807811,-0.000166026194184738,5.93457694078094e-05,8.24166907969592e-05,-0.000430243823935442,-0.000512518814178312,-0.00082024447104353,-0.000155179593874933,-6.72413081355287e-05,5.08545977672922e-05,-0.000106833436100586,-0.000422091072267218,-0.000384172791027326,-0.000256812751603456,-0.000540876668626114,-0.000137375057211745,-0.000742649555836611,-0.000588583160138298,-0.000265485958855526,0.000150704551145385,0.000420755693591,-0.000360781406831749,1.88726437050017e-05,-0.00153249095321951,-0.00120561283773718,-1.99117361267335e-05,-0.000613802136867104,-0.000427280726219029,0.000109441438551491,-0.000289525113497667,-0.00027152356561642,-2.8163319270344e-05,-8.36131793367157e-05,-0.000573191079969242,-0.00022232352873247,0.000665124133210537,-0.000180676986363306,-0.0010047494185927,-0.00122416911989007,0.000331425580123828,-0.000517789797134114,-0.00270745442257617,-0.00166102125554744,-0.0071034456846302,-0.00370990240515572,-0.0273476739554815
"706.367",0.00100655514547608,0.000500579587827934,0.000534532128075066,0.000644407675777473,-0.000236298260846526,0.000259401008580737,-1.97784704196467e-05,0.000484810966162275,0.000665589494167935,0.000457984334753816,0.000441997364811388,0.000346301958532506,0.00112029177329289,0.000303646192279025,0.000785251039584778,0.000388722212274595,0.000328956170066336,0.00028115667688342,0.000651934446063602,0.000150127833497985,0.000221899817405112,0.000640509840511657,1.13180875589898e-05,0.000583143451813772,0.000414579968128806,0.000257837548511272,0.000783659859563686,0.000527228212904179,-1.10547873010932e-05,9.58613423705816e-05,-0.00096888683030762,0.000344219860143478,0.000398538757593052,0.000600038176123093,0.000716777978583879,0.000854847760530813,0.000621254585983642,0.000716457864137978,0.000703623658541638,0.00126632838900293,0.00102521765508448,0.00054633205585923,0.00161177443775639,0.00184442202102745,0.00118032974023952,0.00191429025059412,0.00248380849857911,0.00386279139380184,0.00233466203597671,0.0015393122760087,0.0101743235226558,0.00938526715267551,0.0440500850255535
"711.106",-7.26580481463234e-05,0.000649260673606704,0.000152770155628939,0.000286799218485917,0.000248368907711699,-9.63084043874401e-05,7.95359442432844e-05,-1.16704178453889e-05,-2.61098725702391e-05,1.51873699438536e-05,7.58516733401383e-05,0.00019999559604403,-0.000429726316186082,0.000582910823360026,-0.000228093513409021,0.000422393654688963,0.000550582065454338,0.000196731324415408,0.000407539141105725,0.00074773386517959,0.000325065785400218,9.40162862552617e-05,0.000304390428551951,2.25433841805332e-05,-3.24834146576653e-05,1.03653173346406e-05,0.000730748994289903,-9.21506007914014e-05,0.000468789437244839,-0.00109913725597754,-0.000295963960979017,4.97433945613139e-05,-2.11810916741269e-07,-5.16159976229191e-05,-0.000159820125527644,0.00039260048627939,0.000284345829660288,0.000560814978770706,-5.35255083096751e-05,0.000323767411390305,-0.000225442698310013,0.000422206553841166,-1.80266224253863e-05,-0.000758083657895727,0.000786769927441335,0.000995991828636729,-0.00037360119358269,0.00028401202425004,-0.00143653411122192,0.00240228038428691,0.000110011844779221,-0.00126469856806648,-0.00675009613586366
"715.845",0.000676397433672397,-6.5376394626013e-05,0.000332794598976458,0.000156373065257889,-0.000164178194230016,-9.69114829768221e-05,-0.000601927534735147,-0.000241875875661539,-0.000224600480010109,-0.000590992409535439,2.55776880479384e-05,-0.000414739484500155,-0.0007423769568607,-0.000289782678190245,0.000210694989974951,0.000367695349688837,-0.000220788700681893,-0.00078500420111223,-0.000412011032412341,0.000230785186401131,-3.78308276730124e-05,-0.000226117745259399,0.000142216601977477,0.000412685477887864,-0.00034793918704793,-0.000781495207833844,-0.000136231210943193,-0.000144989438572018,-0.00044072882822907,-0.00189982376980282,-0.000527017944765293,-0.00040378958665238,0.00024448352102068,-0.00021844493197169,0.00056026062000997,-0.000238743824952112,8.4031654724521e-05,0.000111715828924466,-0.000200542574844173,-0.000327909496144615,-0.000304332686837804,-4.92809364048572e-05,-0.000652469292383772,0.0008082702729116,-0.000337827577128276,-0.000403258969256167,0.000343666600000034,0.000699250056088063,0.000362076836838307,0.00092716011268142,0.00158274752295976,0.00639485247797133,-0.0157069826733156
"720.586",0.00128196899901929,0.000223804389086706,0.000583667402772632,0.000537264273549066,0.000580859324440412,0.00017733798731404,0.000563350244857209,0.000254316943138336,0.000503306923270166,0.000530911029550237,0.000111123217164171,0.00126752744612893,0.000425156325742766,0.000539357508368008,0.000382168294806,0.000448152507379065,0.000853516590694644,0.000798043736378847,0.000413339559889477,0.000552151957310343,0.000923507165693324,0.000823116785787578,3.56490851496719e-05,0.000631681483550806,0.00111153660602231,0.000920929568031027,0.00028105239357538,0.000581900298893705,-0.000701174286100611,-0.000457636378182996,9.08637942945915e-05,0.000414852721726989,0.000112278753382763,0.000938112470683669,0.000529259115489171,0.000523101643472777,0.00145354966640899,0.000418014649592712,0.0010170079999839,0.000870056102348025,0.00127965599063016,0.000773982040303352,0.000744413662512703,0.000352826525270957,0.00203290123685453,0.00285610218087215,0.00412912185338573,0.000783711292766493,-0.000311304395593661,0.00244012961983254,0.00589459923903505,0.0117550353223761,0.0540665265663614
"725.329",-0.000268499991803136,5.36058468876335e-05,-0.000590655034629419,-2.22322830497474e-05,-0.000842807405479035,-0.000349818319066923,-0.000149240764745846,0.000251469770743144,-0.000214503277111483,-0.000373842828349784,0.000242202605770983,0.000585115424699882,-0.000258127587442878,-0.000388460769246987,-0.000407303914543518,-0.000332713834586007,-0.00078879872237423,-0.000437548619870945,-0.000787151006635993,-6.49933347655301e-05,-0.000486555067660663,-0.000410535244765851,0.000276052333585432,-0.000348744174612463,-0.000319678605269511,-0.000246610857518318,-0.0001797575465336,-0.000546344612975016,-0.00165982881750523,-0.000582341297164432,-0.0004203251636891,0.000563333945555569,-0.000403088529888873,-0.000728271366136844,2.16889400475416e-05,-0.000449816364278293,0.000705331678251102,-0.000192990644874634,1.38094357535133e-05,1.41104621598869e-05,7.70125566926607e-05,0.000116683302459342,0.000661943265905865,-0.000631183526768855,0.00174089042265794,0.000116764691926858,0.000592344581459453,-0.00271437069490081,0.00042265878598259,-0.00109043486874281,0.00344202108491885,-0.00324629985727529,0.0175396987157726
"730.072",0.000270299632450306,-6.72324664510189e-05,0.000266797166135098,0.000182381093137715,0.000818795994346861,0.00123747491024524,0.000423403199582807,0.000415657392441722,0.000128167905543559,0.000156716718414763,0.000652890949542235,0.000774644052114401,0.000140733787552577,0.000940239297256433,0.000573707914079984,8.11682578479306e-05,0.00075133850451991,0.000733646612183242,0.00137378221923822,-9.16158195955919e-05,0.000270845914364586,0.000680532337984059,0.000809802159774335,0.0007488844565407,0.000665871893048948,0.000463280560026619,0.000754072782019616,-0.00150115523959728,-0.00102941420599345,0.000969096820363025,0.000443476838208909,0.000278266921502808,0.00100918452433499,-9.57510893755747e-05,0.000627213752098467,0.00122742178887433,0.00101554833109562,-1.99946743705096e-07,0.000627095322450287,-0.000203887077924791,0.000232462770718902,0.000620587494008864,0.000721750233380683,0.00118465377419817,2.51837803179062e-05,0.00241053522693825,0.00171626048375824,0.00235248016850206,0.00423974973591247,0.00475042287427999,0.00877445019355164,-0.00870709817629949,0.0154830545555031
"734.817",0.000589284922143014,0.000269746611194037,-7.32621447347235e-05,0.000367259610231385,0.000396820013297039,0.00045482736482579,0.000227093478634971,0.000376124735506024,4.07545812980593e-05,-5.52214378088773e-05,0.000306812793832909,0.000884111184836495,-5.45219771639435e-05,-0.000574504423228773,0.000567474718169984,-0.000265731937835543,0.000194639069194952,0.000659507786739316,0.000249077645009263,0.000408745404626108,-2.60784442889496e-05,-0.000220362961835109,0.000450266463569385,0.000530362709761895,0.000200867164315591,0.000118918019016289,-0.000271617293384719,-0.00120211325351861,-4.81038229383432e-05,0.000514392228922463,0.000290937384452527,0.000280176569110094,0.000177920028959625,0.000160190755037248,0.00022147253823351,0.000348442764092954,-0.000135405852930936,0.000808076385596863,0.000384216005198691,4.37479645010585e-05,0.000296544507555585,0.000743231044383069,0.000651782039085936,0.000916101045830155,0.00109315637350931,0.000680556399040844,-0.00021111050024946,-4.19989132142177e-05,0.00240111472480252,0.00448889236562084,-0.00395224149421791,0.00635753331357756,0.0344382967192445
"739.563",-0.000122159314909625,6.80073719271825e-05,-0.00050690726613102,-0.000139539546526821,-0.000472269051772934,5.49305921558437e-05,2.09517796080679e-05,-0.000190269456526614,-3.43614329535123e-05,-3.19499258490367e-05,-0.000532089902479275,4.07530134019377e-08,-0.00027583675710991,-0.000301356420612958,0.000135675450486229,0.000299648926625493,-0.000765277533952063,-0.000310543290168603,-0.000416631165157808,-0.000373174315788562,-0.00051189613411795,-0.000767464263257281,-0.000800466984042307,0.000178756564751575,-0.000588211166453422,-0.00024225709966267,-0.00134544162770299,-0.00146458424822501,0.000106649711453493,-0.000244302188225319,0.000157651395001496,-0.000220445406128912,-0.000137912186311135,-7.62217011977302e-05,0.000336069667834587,-0.000320303644608532,-0.00022431295649821,-0.000185153229249567,-0.000361122855954441,-0.000459231259347968,-0.000395540334278025,0.000358835663182291,0.000226237385997867,-0.000776417580792126,-0.000225265851229876,-0.00170770416983877,-0.000893152494595006,-0.00102789713425671,0.00135139042368656,0.000446716335042215,-0.00446955038436335,-0.00820513070728804,-0.0174380476464985
"744.31",-0.000402241923734565,0.00056493294755286,1.20041117667345e-05,-0.000376216205833637,-4.12273076480211e-05,3.69926334753182e-05,0.000196869887991627,0.000434184923547603,-0.000257011173718926,0.00039540787607179,0.0001255463245709,-0.000446719012187689,8.90660123340182e-05,-0.000326448833109695,-6.34071763443472e-05,0.000177495580348533,-0.000387070437779373,4.63515204355416e-05,0.000636739970727252,0.000282329942647855,1.30534930193211e-05,0.000312749279214774,0.000460122720181528,-0.000422213037438045,-0.000606231558165957,-0.00110332681938333,-0.00224237061108439,-0.000456950289874741,-0.000316125789628358,-0.000365219797309256,0.00022287649272102,0.000127164550190956,4.25968818291224e-05,-0.000317926155161727,-9.14977652159252e-05,0.000559539581229221,1.51221877625314e-08,-0.000520253853223631,-0.000351112849603595,-0.000299371966570783,0.000302910792684728,-0.000397227937632629,0.000628244943689701,0.000543573536784339,0.00121757324613708,-0.000576318437964213,-0.00162529091035054,-0.000174566231234994,-0.000277137661919893,-0.000377624425204217,0.0007100962948593,0.00470822553353003,0.0220239503726041
"749.058",0.000436931017795676,0.000696898933335705,0.000239548700777866,0.00026062524860195,0.000625887129189393,0.000403408854872357,0.000319311803532463,0.00013152259430552,7.01225269216795e-05,8.30245251427731e-09,0.000407478224137852,6.44064384827553e-05,0.000326347925415185,0.000516532609133694,0.00013846477687185,0.000274281581038716,0.000312052240339892,0.000457845575267758,0.000540390187474509,-0.000721808632816869,0.000549070398006608,0.000113444246180185,0.000439886818170905,0.000291526652690169,0.000253364092965107,-0.00109964844849549,-0.000955675747408978,4.41146545626522e-05,-7.68654474666288e-05,9.73640387667705e-05,0.000472029512788092,0.000246432514590058,0.000107866739387802,0.00065085336354379,0.000376945554858298,0.00056597070311938,0.000101809877322723,0.000524634918761989,0.0010635303972438,0.000166154493878124,0.000257907818947649,0.000907217470881555,0.00138475241010933,-0.000154491922797176,0.00140983373553765,-0.000734881077752866,0.000728553113327168,0.0013105031281044,0.000715103549815922,0.0019761881932524,0.00155990703064978,-0.0049798181727776,0.00999088627244989
"753.808",0.000254502452113497,-0.000256452445577417,0.000295817578847102,0.000229571415632364,0.000146201237444809,0.000296442649926045,0.000202636481997305,0.000172439512365972,-0.00041478873791256,0.000265907812353554,0.000535267367019077,2.18720829044774e-05,0.000895375226086972,0.00033594592875849,0.000477925644409662,0.000171847149954346,-0.000227549295900564,-0.000263418924675949,0.000170269223195075,0.000526857057220582,0.000204278419999087,0.00101769052702035,0.000127767664247152,0.000706710077831036,-0.000472194795240492,-0.00179117107215789,-0.000221223224447998,0.000269287717665339,0.000480946263549091,-6.64714756900137e-05,-0.000251555837055168,0.000589955388398995,0.000474107550198201,0.000257611016139972,0.000255982531002819,0.000601168447626506,7.78207207034929e-05,0.000754472579656664,-0.000636184209526004,0.000431431832988341,-0.00023104767954695,-0.00032010979626479,-0.000431972619886321,-6.50304217385592e-07,-0.000236299052638653,0.00112207949752795,0.000370841637746737,0.00111212232011217,0.000673641088691307,0.00270870607335442,0.000120963340625399,0.00553932225182561,0.0300134078307854
"758.558",0.000875619634895715,0.000593932742473951,0.000209862774890202,0.000591153044508982,0.000383282067571059,0.00057559868662253,0.000575338199778931,0.000390176235876172,5.82642564930424e-05,0.00038914054863757,0.000479230126370028,0.000323377802511254,0.000116775125211414,0.000741357373782239,0.000243481951447131,0.000865113867134131,0.000602482912763764,0.000670321004289952,0.000107139587195591,4.25404318674913e-05,-9.7203917339527e-05,0.000367475094270073,0.000130715134486581,-0.000138866423025101,-0.00072411300969276,-0.00114461892406958,0.000664819026839855,0.000205613384796771,0.00110579712793833,0.000292723057779532,0.000256134550259482,-0.000378188969600774,0.000516638302928065,0.000835748073881057,0.000522557341218392,0.000300629963924728,-0.000330162492005646,0.000992459081425191,0.000353413429962681,0.00026717435363087,0.000586111367059592,0.000851028517639745,0.00125828618293633,0.00166884894860327,0.000985219821790494,0.00155558405485872,-0.000415512040329131,0.00140688932672262,0.00400678494445208,0.00142079161066631,0.0059824876274172,0.0136271934001005,0.028311298339213
"763.31",-0.000248091063220774,-0.000206629583218098,0.000547765043891896,0.000138384005424195,0.00014113488273908,0.000437453767755995,-0.000247911676027625,0.000145940908656646,1.4857184857378e-05,0.000129427379709635,0.000201287517488639,0.00018196981118008,0.000453169354781723,-0.000314027863657136,0.000338459319721398,6.71163985748931e-05,-0.000531817737657173,0.000522246176870988,-2.69911928722609e-05,0.000101075319611489,1.42258094081467e-05,0.000642033875342538,-0.000252547675416101,-0.000439996939960145,-0.00239212608748319,-0.000731533504923327,0.000445041514852222,3.49448573852676e-05,0.000197922586155886,0.000252408722225289,0.000477059786414014,-0.000147609497771446,-0.000160488614658691,0.000431481502455644,0.0005815602203008,0.000178580986038078,-9.42929532267561e-05,-0.000683813880586162,0.000360142320810232,-0.000416147221940569,1.69568353079447e-05,0.00083109033998622,0.00103858777871752,-0.00055903335674626,0.00114030832906983,-0.000292031580183855,-0.000539722613010041,-0.000231022941825213,0.00245114565488246,0.000963428252375405,-0.00356069465762585,0.00143797759918963,-0.0123598082767898
"768.062",-0.000333679600180426,-0.000401866986449034,-0.0004175716639351,-0.000392789582011184,-0.000383645369184742,-0.000280761579331339,2.27954429275202e-05,-0.000187458360451138,-0.000374827831477725,-0.000540022373333807,-0.000338643817135599,0.000229587189039063,-9.63055008547242e-05,5.8600025964265e-05,-0.000580685305991392,-0.000563663447554492,-0.000441094573959,0.000288623371781197,-5.49684902510506e-05,0.000436608158901561,-0.00027190835839448,-0.00110761639023317,-0.000510540849651415,-0.00143777313409706,-0.00185836353854073,3.44990176300245e-05,-0.000637865519736478,-0.0010819418272313,-0.000481143389756872,0.00012735958129485,-0.00072236687800225,-0.000274910632887021,-0.000428498725717073,0.000211391376048943,-0.000354577721979368,-0.00033464593363476,-0.000203978606745897,-0.000604052980738601,-0.000318100041092902,-0.000193588915019512,0.000155073954186994,-0.00113712634044345,-0.000287584228484844,0.00143488438642912,-0.00161676523588232,-0.00202546151551456,-0.00151874166958119,-0.00135255097479635,0.00294330657722364,-0.0010573136151409,0.00243846818929971,-0.0130645791720127,-0.0356352291617584
"772.815",0.000466409042544528,0.000475916784499538,0.000309657745918342,0.000316580040785231,0.000712055373830842,0.000180336549393444,-1.54362856905164e-05,-0.000173992797165598,5.24291188804567e-05,0.000313365184807178,0.000203077589601786,0.000814475226464805,-1.21848636084655e-05,0.000211190156934381,-0.000352950455017851,-0.000631122526972196,-4.78050885401189e-05,-0.000125395299145621,0.00023338407484546,0.000101612998086516,-0.000601903624547805,-0.000297489761316797,-0.000203212067897481,-0.00230011560065952,-0.000694398756785163,0.000742220051408638,0.00044833221616325,3.5044839587022e-08,-2.44221997790564e-05,0.000104066283722215,-0.000366799378656306,0.000205985537984759,-5.87308834272893e-05,0.000164413541724237,-0.000317936629029931,0.00073345739850039,0.000149466532455126,0.000100653012412339,0.000211774950513498,-8.13255164273508e-05,0.000964957392249007,5.58202751775265e-05,0.000410210891940503,-0.000259172289597563,-0.000520077223660383,0.00078335785775101,-0.00124574759795757,0.0022389481018603,-0.000355695551540706,0.00356945090051794,0.00782232906285224,-0.00290097189901164,0.0326712971112838
"777.57",0.000867544037784109,0.00164039134079667,0.000453666507782941,0.00028383337143448,0.00048057295109155,0.00027607494481526,0.000154738522039044,-3.41672434411302e-05,0.000366931418821261,-7.99194050042931e-05,0.000513045366348285,0.000550160647994315,0.000503084124061564,0.000490801309549984,0.000150926264828422,0.000724090508616023,0.00025527008840394,0.000306931598073091,0.000701401776062712,0.000177599861950494,0.000437642788712404,6.83868784476893e-05,-0.000828342680599447,-0.00174934272556917,0.000502121385166813,0.000513417917408058,0.000361125984164649,0.000347843303210751,0.000215235508506862,0.000188852387686908,0.000303845382198878,0.000887368288360954,0.000116873248642512,-7.25437601276552e-05,0.00104761432119236,0.000498680259533918,4.16202726186315e-05,0.000307746109423746,0.000308607107219683,4.87535560353411e-05,0.00138859688562442,0.000437159771434789,-0.000335760910473616,0.000383027742591073,0.000809290628203676,0.00133283157886997,-0.00123132185245879,0.00347545434339076,0.00209670181119494,-0.00125241215249452,0.00248584248138352,0.00666064388928275,0.0175605702408654
"782.325",-0.00108871338325038,-0.000849236482013742,-5.59628880558088e-05,-0.000105290367264554,-0.000363617722394283,-0.000478224423522277,-0.000228295852529755,-0.000499190740994424,-0.000395889220003538,-0.000360735978610167,-0.000290497296392887,0.000118834246168052,-0.000498592785868152,-0.000328390746802614,-1.19937840066017e-05,-0.000210205915585282,-0.00044493274971656,3.88660564662162e-05,-0.000470433388210784,7.51848336870194e-05,-0.000623910857999635,-0.000406472113765541,-0.00268139966563249,-0.000666341054451433,-0.000779416911103636,7.42511506963954e-05,-0.000379773838104045,9.74676549778116e-05,-0.000377111677297625,-6.00989352538273e-05,0.000213480116479079,0.000426467008134458,-0.000814984368087057,-0.000269372928454218,-0.000215425313168997,-0.000106928934897654,-0.000380094089129807,-0.000506703225460673,-2.83125307010384e-07,0.000618351666218093,0.000178118499837617,0.000424585348105199,-0.000745410489788368,-0.000146835781637586,-0.000625878617239533,0.000472816813457452,-0.000727025190382739,-0.00101676028085991,-0.000736003237333167,0.000583929879450744,-0.00624512605411692,0.00100280848659802,-0.0332701900043873
"787.081",0.000336971476729227,-0.000443892066225862,0.000372341268435773,0.000107965157090248,0.000186199164026567,0.000352114973988157,-4.04911967167192e-05,-2.13726000054841e-05,-7.97160122336984e-05,0.00076864063416902,0.000154333223637383,9.75982808196488e-05,0.000268786045199441,0.000199724148346253,1.20770450518105e-05,0.000910691182416787,0.000139329149370366,0.000266744572429718,0.000497128325480927,0.000293684647821176,-0.000199128375588315,-0.00136822156783945,-0.00169567895506244,-5.68832880490922e-05,0.00103588987800719,0.000343734144952005,0.000603175571192958,0.000400170379506267,-1.2991455427318e-05,0.000702027828500582,0.000219373617800213,0.000584246682396433,-7.40768669554623e-05,-0.000276332487862905,0.000129979873320119,0.000191888080683987,0.000751690498313486,0.000275068933212576,0.000789143819699015,8.51378161004505e-05,0.00144835637060294,-0.000594658824147307,0.000589704356534788,0.000148891889797329,0.00168969801882497,0.00121508475774832,-0.000455909094101841,0.000744165882349632,0.00205916372600835,0.00345085723859195,0.000682140093421996,-0.000771320491545936,0.0372569079389453
"791.838",-0.0016127797087479,-0.00090233938201696,-0.00077324030255472,-9.47806940496493e-05,-0.000640306677721551,-0.000480342063443264,-0.000467555722730273,-0.000369813727572779,-0.000262774719708249,-0.000194284610603548,-0.000544631963713937,-3.66065677782713e-05,-0.00132965874487701,-0.000873148833516789,-0.00123371019557166,-0.000275347702271109,-0.000532214041387797,-0.000733197602131351,-0.000833300908449674,-0.000865542723207495,0.000211063684592949,-0.00281904311757394,-0.00158922550331107,-0.000552888165647486,-0.000589694295650481,-0.000688019049622343,-0.000740768172270972,-4.65599556985822e-09,-0.000710682716404869,0.000381439149595879,0.000170162832920009,8.48124218980518e-05,-0.0010196133069549,-0.000539647667380246,-0.00029898903652948,0.000109395104543175,-0.000880961781025681,-4.58762491486507e-05,8.01837366425158e-05,-0.000908904747395679,-0.00113602479100223,-0.000752467374922394,-0.0001750241733162,-0.000950001517228831,-0.00168821681400404,-0.00152726517500586,0.000743771270166695,-0.00213501298642056,0.000808019961051324,-0.000434257876477413,0.000817098193957042,-0.0154174525438476,-0.040404583856578
"796.596",0.000379107495501114,0.00135413977654951,8.74717346160209e-05,0.000808994168457092,0.000830035418921213,0.000488580380865216,0.000722870011506285,0.00026804185019496,-0.000243358864697342,0.000226186982219257,2.0962938936187e-05,0.00121718728464713,9.08979167957266e-05,0.000304914222873203,-0.000554525858129753,0.000451252650553355,0.000477342830314294,0.000108439585619915,0.00052105470232722,0.0010225452185423,-0.00100018941740553,-0.00212655356758074,0.000376143879296521,0.000436122635064358,-0.00012047783806491,0.000116370099101481,0.0007664977949111,8.91518492764565e-05,0.000393140234236072,7.49410545138518e-05,0.000148518079685687,0.000495334645048587,0.00016220330715565,0.000318990894979797,0.000807266530273882,4.12828601110213e-05,0.000367844783476429,0.000979915708681399,-0.000115231253364398,0.000523506234521027,0.00199646443428857,0.00106904871258673,-0.000267210751666384,0.00114470048007779,0.000176608075615146,0.000423997527790014,-0.00054782147773821,0.00297607234187402,0.00273546368209461,8.49438768881767e-05,0.0037457908054758,0.00549752791973194,0.0559521031200836
"801.355",-0.000436951204825245,-0.000320407041180028,0.000793227209677687,-0.000272504019302231,-0.000184535425088619,-0.000487595337254425,-7.09716205882016e-05,-0.000131343894263133,-5.60255204074319e-05,-8.11315546489342e-06,0.000162656051872181,-0.000396727123328226,-0.000370999215322145,0.00025231217470456,0.000287115671865693,-2.12036282743215e-05,-0.000546001161184697,-0.000175884392056719,-0.00120862002572083,-0.000639315492756197,-0.00132329586570671,-0.00137895734671201,-0.000339014150687054,-0.000146175133240958,0.000322665807465203,2.2037453678682e-05,5.50722949824962e-05,-6.59082946804241e-05,0.000131326971264935,-2.18561083603102e-05,-0.000375297151348813,-0.000759790159252622,-0.000216117528266411,-0.000430188987467001,-0.000319934829411215,-0.000433481776724071,0.000457191972414451,-0.000336441111580499,-0.000594872128599947,-0.000362704306662347,-9.69161404042596e-05,5.22393113959303e-05,-0.000518772267499189,-0.00105508795639546,-0.000743013703193678,3.06659603644723e-05,-0.000437343807261973,0.00100072872965695,0.00054790022181913,-0.0046287986195822,-0.00155941549072927,-0.0101674498528977,0.00886555431514529
"806.114",0.000311226502596777,-0.000223745925790687,-0.000428293574828284,-3.56414853040911e-05,-4.13165065309942e-07,-0.000328454911181977,1.40908267245246e-05,0.000206330248489304,-3.50281584162095e-05,-5.69260449020557e-05,-8.12984779286935e-05,-0.00012864697632572,-0.000258548783237563,-0.000175533516647166,-0.000191522248088252,0.000126301367239163,0.000178091411379806,-4.69747881337046e-05,-0.000411735977368271,-0.000886968899252315,-0.00165803697663014,-0.000215789175456108,0.000300515877234639,-0.000364930830554113,-0.000196163984825265,-0.000269220753684799,-0.000905469441696519,-0.000428394361927787,-0.000131906240712766,-0.00040058471818232,0.000224596804373922,-0.000802649461794355,-0.000518596726124883,0.000110017975185755,7.98564685225075e-05,-0.000421095019459177,0.00034289779091658,-0.000201711585240379,0.000806692327429179,-0.000332088371899111,-0.000290222562154913,-0.000330872848931945,5.73245313433612e-05,0.000284946436652161,0.000204148089988353,0.000395990638060122,-0.00116568021129928,0.0005207171313707,0.000931221445882993,-7.89624672888328e-05,-0.000481375013228088,1.51494675620554e-07,-0.00388400413279254
"810.875",-0.000903691648002351,-0.000626604901149552,-0.000251987962651978,-0.000568341961361972,0.000235313239481484,-0.000431533290953143,-0.000220091700387968,-0.000131334605017259,0.000231083233570819,-0.000602030009546815,-0.000198773340971394,-0.000396725462239857,6.7236823474184e-05,-0.000175430399587319,-3.19797685258258e-05,-0.000221228730695015,-0.000557428375710172,-0.000175811193489381,-0.000309739563265227,-0.00112178980512116,-0.000676461700217738,-0.000227242619026919,0.000150594222686084,-0.000134057508259862,-8.0721788754771e-05,0.000156426936560868,0.000121400929678965,-0.000131793388015927,0.000284631580290744,-0.000703825960732047,-0.000557154413272412,-4.28970050347437e-05,0.000399451972047683,-0.00071726580685581,-0.00042285719690862,-0.000782359885291585,-0.000520666977924938,-0.000309165691449664,0.000212249278339474,0.000391884251826656,0.000466859909718299,0.000835793795534034,-0.000345863265557178,-0.000857386314814202,-0.000997956186206913,-0.000641291652509123,-0.000801578799288361,0.00178690799760313,0.000824100361139067,-0.00448026406238006,-0.000240310650174161,-0.00587452237348876,-0.02556041891211
"815.635",0.000327359195391187,9.85586344001749e-05,0.000793532851206853,-0.000413954430898756,0.00072714676002743,0.000318779082937017,0.000227038544804404,0.000150112047140455,0.000154079376878499,-0.000268492987846289,0.000451805601484723,0.000332396990811889,-0.000550594670294621,-0.000120611310278455,5.3248372461556e-05,-0.000568505717967334,0.000167015288663247,0.000445324918081405,-0.000337174316316707,-0.00191052951899853,-0.000537565551951641,0.000340868347960661,0.000476971781262448,0.000716730031030571,0.000391750884956482,0.000861688241110074,-6.64130116909353e-05,0.000560205492148655,0.000580824513218502,0.000107941145356238,-0.000417699739738911,0.000288995530338232,0.000507717208070818,-5.53819490070635e-05,0.000342864064457274,0.000806041514278281,0.000177750422180098,0.000524138768998708,-0.000240680630285494,0.000995766508197703,0.000193221147308836,-6.96448751658198e-05,0.00136327872125766,0.00158203763345973,0.00109999290358998,0.00134263513934174,0.000398358243362722,0.00409879808253209,0.00324689898913873,-0.000832590693571036,0.00239666568258733,0.0153651900743663,0.0172249285648422
"820.397",0.000732058256056687,-0.00036135269296103,0.000315032709803905,-0.000615153389897363,-0.000358673911918407,0.000150197290168841,-0.000105935836877313,0.000162587434420215,0.000231097819945674,0.000301016040520684,8.13148236349132e-05,4.28956141488613e-05,0.00021355156172342,0.000307134590370194,-0.000212668570579524,-1.06881018627952e-05,7.78496979654215e-05,0.000421734588529233,-0.00149776873961481,-0.00106487555280139,-0.000321619045380249,0.000454175878633991,-0.000677704027450659,-0.000595403558242321,0.000403379690950192,-0.000111939693811106,1.09891458981591e-05,-0.00045037107234124,-0.000131906240712766,-0.000119140055262002,-0.000289192294622025,4.27964650533883e-05,1.03235944965709e-07,-0.000187569279858496,-9.13352236933474e-05,-0.000829993610326109,0.000457154442757928,0.00106129254281028,-7.07361378747377e-05,0.000754588558489006,-8.10287486003126e-05,0.000261181476922144,-5.75357524847639e-05,0.000483242379366892,0.000742267150971507,0.000517774420114267,-0.00262029588713574,0.00187680105482886,0.00104525333217305,0.00326162538458199,0.00659223527384561,0.00858744565291183,-0.0205446351362758
"825.159",0.000436421547662259,-0.00069558078646298,-2.55903994744429e-05,0.000272150584175154,0.00069628212819723,0.000150094713241051,-0.000113474094968699,0.000156343769122273,0.000280100966048291,0.000105749982310167,0.000406674707135917,-6.43185048977522e-05,0.00101162111456873,0.000592339549202782,7.44890263528391e-05,-7.38963106328006e-05,0.000423076283016396,-0.000363984840651715,-0.00143463451256971,-8.4519400789484e-05,5.3203610371319e-05,0.000138706970854849,0.000288407731517717,0.00105687479403917,-4.62938764209622e-05,0.000123201404006682,0.000331094723018304,0.00079096641062986,0.000865334851066674,0.000313493645634132,0.000374786906629039,3.20743083776473e-05,0.000486109584681977,0.000330965609014164,0.000239847445974465,0.00072156807100301,0.000152435244728597,0.000282149731840727,0.000948174819357468,0.00152369728451022,-0.000515630652873757,0.000104488676163533,0.000825629614084597,0.000878560762367494,0.000384280105075276,0.00228698615248027,0.00160021883823649,0.00196089568878974,0.00203570057053268,0.000528530964898293,0.00120066249928562,-0.000678221351438538,0.0266515959210226
