id_number,long_name,tank_number,treatment,date_time,date,time,inflow_table,date_string,time_string,date_time_string,nutrient,conc,outlier,conc_norm
MOBEAST001,MOBEAST_F1_Inflow_2024-06-02_1200,F1,Inflow,2024-06-02T12:00:00Z,2024-06-02,12:00:00,Table 1,2024-06-02,12:00:00,2024-06-02 12:00:00,N_N,1.145,not outlier,-0.04861111111111116
MOBEAST001,MOBEAST_F1_Inflow_2024-06-02_1200,F1,Inflow,2024-06-02T12:00:00Z,2024-06-02,12:00:00,Table 1,2024-06-02,12:00:00,2024-06-02 12:00:00,NO2,0.09390409366,not outlier,-0.0019718835305555515
MOBEAST001,MOBEAST_F1_Inflow_2024-06-02_1200,F1,Inflow,2024-06-02T12:00:00Z,2024-06-02,12:00:00,Table 1,2024-06-02,12:00:00,2024-06-02 12:00:00,PO4,0.08416047528,not outlier,0.0027846292755555474
MOBEAST001,MOBEAST_F1_Inflow_2024-06-02_1200,F1,Inflow,2024-06-02T12:00:00Z,2024-06-02,12:00:00,Table 1,2024-06-02,12:00:00,2024-06-02 12:00:00,SiO2,1.258988571,not outlier,0.08980105164705887
MOBEAST001,MOBEAST_F1_Inflow_2024-06-02_1200,F1,Inflow,2024-06-02T12:00:00Z,2024-06-02,12:00:00,Table 1,2024-06-02,12:00:00,2024-06-02 12:00:00,NH3,0.4231201663,not outlier,-0.04756914252222222
MOBEAST001,MOBEAST_F1_Inflow_2024-06-02_1200,F1,Inflow,2024-06-02T12:00:00Z,2024-06-02,12:00:00,Table 1,2024-06-02,12:00:00,2024-06-02 12:00:00,NO3,1.05109590634,not outlier,-0.04663922758055561
MOBEAST002,MOBEAST_F2_Inflow_2024-06-02_1200,F2,Inflow,2024-06-02T12:00:00Z,2024-06-02,12:00:00,Table 2,2024-06-02,12:00:00,2024-06-02 12:00:00,N_N,1.27,not outlier,0.07638888888888884
MOBEAST002,MOBEAST_F2_Inflow_2024-06-02_1200,F2,Inflow,2024-06-02T12:00:00Z,2024-06-02,12:00:00,Table 2,2024-06-02,12:00:00,2024-06-02 12:00:00,NO2,0.09897465131,not outlier,0.00309867411944445
MOBEAST002,MOBEAST_F2_Inflow_2024-06-02_1200,F2,Inflow,2024-06-02T12:00:00Z,2024-06-02,12:00:00,Table 2,2024-06-02,12:00:00,2024-06-02 12:00:00,PO4,0.077,not outlier,-0.0043758460044444475
MOBEAST002,MOBEAST_F2_Inflow_2024-06-02_1200,F2,Inflow,2024-06-02T12:00:00Z,2024-06-02,12:00:00,Table 2,2024-06-02,12:00:00,2024-06-02 12:00:00,SiO2,1.004552258,not outlier,-0.16463526135294115
MOBEAST002,MOBEAST_F2_Inflow_2024-06-02_1200,F2,Inflow,2024-06-02T12:00:00Z,2024-06-02,12:00:00,Table 2,2024-06-02,12:00:00,2024-06-02 12:00:00,NH3,0.5454408185,not outlier,0.07475150967777783
MOBEAST002,MOBEAST_F2_Inflow_2024-06-02_1200,F2,Inflow,2024-06-02T12:00:00Z,2024-06-02,12:00:00,Table 2,2024-06-02,12:00:00,2024-06-02 12:00:00,NO3,1.17102534869,not outlier,0.0732902147694443
MOBEAST003,MOBEAST_T1_A_2024-06-02_1200,T1,Algae,2024-06-02T12:00:00Z,2024-06-02,12:00:00,Table 1,2024-06-02,12:00:00,2024-06-02 12:00:00,N_N,0.296,not outlier,-0.8976111111111111
MOBEAST003,MOBEAST_T1_A_2024-06-02_1200,T1,Algae,2024-06-02T12:00:00Z,2024-06-02,12:00:00,Table 1,2024-06-02,12:00:00,2024-06-02 12:00:00,NO2,0.01,not outlier,-0.08587597719055555
MOBEAST003,MOBEAST_T1_A_2024-06-02_1200,T1,Algae,2024-06-02T12:00:00Z,2024-06-02,12:00:00,Table 1,2024-06-02,12:00:00,2024-06-02 12:00:00,PO4,0.077,not outlier,-0.0043758460044444475
MOBEAST003,MOBEAST_T1_A_2024-06-02_1200,T1,Algae,2024-06-02T12:00:00Z,2024-06-02,12:00:00,Table 1,2024-06-02,12:00:00,2024-06-02 12:00:00,SiO2,0.3976745336,not outlier,-0.771512985752941
MOBEAST003,MOBEAST_T1_A_2024-06-02_1200,T1,Algae,2024-06-02T12:00:00Z,2024-06-02,12:00:00,Table 1,2024-06-02,12:00:00,2024-06-02 12:00:00,NH3,0.085,not outlier,-0.3856893088222222
MOBEAST003,MOBEAST_T1_A_2024-06-02_1200,T1,Algae,2024-06-02T12:00:00Z,2024-06-02,12:00:00,Table 1,2024-06-02,12:00:00,2024-06-02 12:00:00,NO3,0.286,not outlier,-0.8117351339205556
MOBEAST004,MOBEAST_T2_R_2024-06-02_1200,T2,CCA,2024-06-02T12:00:00Z,2024-06-02,12:00:00,Table 2,2024-06-02,12:00:00,2024-06-02 12:00:00,N_N,1.098,not outlier,-0.09561111111111109
MOBEAST004,MOBEAST_T2_R_2024-06-02_1200,T2,CCA,2024-06-02T12:00:00Z,2024-06-02,12:00:00,Table 2,2024-06-02,12:00:00,2024-06-02 12:00:00,NO2,0.01,not outlier,-0.08587597719055555
MOBEAST004,MOBEAST_T2_R_2024-06-02_1200,T2,CCA,2024-06-02T12:00:00Z,2024-06-02,12:00:00,Table 2,2024-06-02,12:00:00,2024-06-02 12:00:00,PO4,0.077,not outlier,-0.0043758460044444475
MOBEAST004,MOBEAST_T2_R_2024-06-02_1200,T2,CCA,2024-06-02T12:00:00Z,2024-06-02,12:00:00,Table 2,2024-06-02,12:00:00,2024-06-02 12:00:00,SiO2,0.06784968345,not outlier,-1.101337835902941
MOBEAST004,MOBEAST_T2_R_2024-06-02_1200,T2,CCA,2024-06-02T12:00:00Z,2024-06-02,12:00:00,Table 2,2024-06-02,12:00:00,2024-06-02 12:00:00,NH3,0.9062657249,not outlier,0.4355764160777778
MOBEAST004,MOBEAST_T2_R_2024-06-02_1200,T2,CCA,2024-06-02T12:00:00Z,2024-06-02,12:00:00,Table 2,2024-06-02,12:00:00,2024-06-02 12:00:00,NO3,1.088,not outlier,-0.009735133920555583
MOBEAST005,MOBEAST_T3_C_2024-06-02_1200,T3,Control,2024-06-02T12:00:00Z,2024-06-02,12:00:00,Table 2,2024-06-02,12:00:00,2024-06-02 12:00:00,N_N,1.332,not outlier,0.1383888888888889
MOBEAST005,MOBEAST_T3_C_2024-06-02_1200,T3,Control,2024-06-02T12:00:00Z,2024-06-02,12:00:00,Table 2,2024-06-02,12:00:00,2024-06-02 12:00:00,NO2,0.1264346843,not outlier,0.030558707109444444
MOBEAST005,MOBEAST_T3_C_2024-06-02_1200,T3,Control,2024-06-02T12:00:00Z,2024-06-02,12:00:00,Table 2,2024-06-02,12:00:00,2024-06-02 12:00:00,PO4,0.077,not outlier,-0.0043758460044444475
MOBEAST005,MOBEAST_T3_C_2024-06-02_1200,T3,Control,2024-06-02T12:00:00Z,2024-06-02,12:00:00,Table 2,2024-06-02,12:00:00,2024-06-02 12:00:00,SiO2,1.215640162,not outlier,0.04645264264705884
MOBEAST005,MOBEAST_T3_C_2024-06-02_1200,T3,Control,2024-06-02T12:00:00Z,2024-06-02,12:00:00,Table 2,2024-06-02,12:00:00,2024-06-02 12:00:00,NH3,1.92283021,not outlier,1.452140901177778
MOBEAST005,MOBEAST_T3_C_2024-06-02_1200,T3,Control,2024-06-02T12:00:00Z,2024-06-02,12:00:00,Table 2,2024-06-02,12:00:00,2024-06-02 12:00:00,NO3,1.2055653157000001,not outlier,0.10783018177944448
MOBEAST006,MOBEAST_T4_A_2024-06-02_1200,T4,Algae,2024-06-02T12:00:00Z,2024-06-02,12:00:00,Table 2,2024-06-02,12:00:00,2024-06-02 12:00:00,N_N,0.324,not outlier,-0.8696111111111111
MOBEAST006,MOBEAST_T4_A_2024-06-02_1200,T4,Algae,2024-06-02T12:00:00Z,2024-06-02,12:00:00,Table 2,2024-06-02,12:00:00,2024-06-02 12:00:00,NO2,0.01,not outlier,-0.08587597719055555
MOBEAST006,MOBEAST_T4_A_2024-06-02_1200,T4,Algae,2024-06-02T12:00:00Z,2024-06-02,12:00:00,Table 2,2024-06-02,12:00:00,2024-06-02 12:00:00,PO4,0.08837706936,not outlier,0.007001223355555558
MOBEAST006,MOBEAST_T4_A_2024-06-02_1200,T4,Algae,2024-06-02T12:00:00Z,2024-06-02,12:00:00,Table 2,2024-06-02,12:00:00,2024-06-02 12:00:00,SiO2,0.7614242254,not outlier,-0.4077632939529411
MOBEAST006,MOBEAST_T4_A_2024-06-02_1200,T4,Algae,2024-06-02T12:00:00Z,2024-06-02,12:00:00,Table 2,2024-06-02,12:00:00,2024-06-02 12:00:00,NH3,0.1262719034,not outlier,-0.3444174054222222
MOBEAST006,MOBEAST_T4_A_2024-06-02_1200,T4,Algae,2024-06-02T12:00:00Z,2024-06-02,12:00:00,Table 2,2024-06-02,12:00:00,2024-06-02 12:00:00,NO3,0.314,not outlier,-0.7837351339205556
MOBEAST007,MOBEAST_T5_R_2024-06-02_1200,T5,CCA,2024-06-02T12:00:00Z,2024-06-02,12:00:00,Table 2,2024-06-02,12:00:00,2024-06-02 12:00:00,N_N,0.711,not outlier,-0.4826111111111112
MOBEAST007,MOBEAST_T5_R_2024-06-02_1200,T5,CCA,2024-06-02T12:00:00Z,2024-06-02,12:00:00,Table 2,2024-06-02,12:00:00,2024-06-02 12:00:00,NO2,0.08448734374,not outlier,-0.011388633450555546
MOBEAST007,MOBEAST_T5_R_2024-06-02_1200,T5,CCA,2024-06-02T12:00:00Z,2024-06-02,12:00:00,Table 2,2024-06-02,12:00:00,2024-06-02 12:00:00,PO4,0.077,not outlier,-0.0043758460044444475
MOBEAST007,MOBEAST_T5_R_2024-06-02_1200,T5,CCA,2024-06-02T12:00:00Z,2024-06-02,12:00:00,Table 2,2024-06-02,12:00:00,2024-06-02 12:00:00,NH3,0.7588924581,not outlier,0.28820314927777774
MOBEAST007,MOBEAST_T5_R_2024-06-02_1200,T5,CCA,2024-06-02T12:00:00Z,2024-06-02,12:00:00,Table 2,2024-06-02,12:00:00,2024-06-02 12:00:00,NO3,0.62651265626,not outlier,-0.4712224776605557
MOBEAST008,MOBEAST_T6_K_2024-06-02_1200,T6,Coral,2024-06-02T12:00:00Z,2024-06-02,12:00:00,Table 2,2024-06-02,12:00:00,2024-06-02 12:00:00,N_N,2.095,not outlier,0.901388888888889
MOBEAST008,MOBEAST_T6_K_2024-06-02_1200,T6,Coral,2024-06-02T12:00:00Z,2024-06-02,12:00:00,Table 2,2024-06-02,12:00:00,2024-06-02 12:00:00,NO2,0.07915338049,not outlier,-0.01672259670055555
MOBEAST008,MOBEAST_T6_K_2024-06-02_1200,T6,Coral,2024-06-02T12:00:00Z,2024-06-02,12:00:00,Table 2,2024-06-02,12:00:00,2024-06-02 12:00:00,PO4,0.077,not outlier,-0.0043758460044444475
MOBEAST008,MOBEAST_T6_K_2024-06-02_1200,T6,Coral,2024-06-02T12:00:00Z,2024-06-02,12:00:00,Table 2,2024-06-02,12:00:00,2024-06-02 12:00:00,SiO2,0.878276458,not outlier,-0.2909110613529411
MOBEAST008,MOBEAST_T6_K_2024-06-02_1200,T6,Coral,2024-06-02T12:00:00Z,2024-06-02,12:00:00,Table 2,2024-06-02,12:00:00,2024-06-02 12:00:00,NH3,1.012192888,not outlier,0.5415035791777778
MOBEAST008,MOBEAST_T6_K_2024-06-02_1200,T6,Coral,2024-06-02T12:00:00Z,2024-06-02,12:00:00,Table 2,2024-06-02,12:00:00,2024-06-02 12:00:00,NO3,2.01584661951,not outlier,0.9181114855894443
MOBEAST009,MOBEAST_T7_K_2024-06-02_1200,T7,Coral,2024-06-02T12:00:00Z,2024-06-02,12:00:00,Table 2,2024-06-02,12:00:00,2024-06-02 12:00:00,N_N,1.071,not outlier,-0.12261111111111123
MOBEAST009,MOBEAST_T7_K_2024-06-02_1200,T7,Coral,2024-06-02T12:00:00Z,2024-06-02,12:00:00,Table 2,2024-06-02,12:00:00,2024-06-02 12:00:00,NO2,0.1082596984,not outlier,0.012383721209444462
MOBEAST009,MOBEAST_T7_K_2024-06-02_1200,T7,Coral,2024-06-02T12:00:00Z,2024-06-02,12:00:00,Table 2,2024-06-02,12:00:00,2024-06-02 12:00:00,PO4,0.1006497578,not outlier,0.019273911795555557
MOBEAST009,MOBEAST_T7_K_2024-06-02_1200,T7,Coral,2024-06-02T12:00:00Z,2024-06-02,12:00:00,Table 2,2024-06-02,12:00:00,2024-06-02 12:00:00,SiO2,0.8952388789,not outlier,-0.2739486404529411
MOBEAST009,MOBEAST_T7_K_2024-06-02_1200,T7,Coral,2024-06-02T12:00:00Z,2024-06-02,12:00:00,Table 2,2024-06-02,12:00:00,2024-06-02 12:00:00,NH3,0.4582610822,not outlier,-0.012428226622222205
MOBEAST009,MOBEAST_T7_K_2024-06-02_1200,T7,Coral,2024-06-02T12:00:00Z,2024-06-02,12:00:00,Table 2,2024-06-02,12:00:00,2024-06-02 12:00:00,NO3,0.9627403015999999,not outlier,-0.13499483232055576
MOBEAST010,MOBEAST_T8_C_2024-06-02_1200,T8,Control,2024-06-02T12:00:00Z,2024-06-02,12:00:00,Table 1,2024-06-02,12:00:00,2024-06-02 12:00:00,N_N,0.746,not outlier,-0.4476111111111112
MOBEAST010,MOBEAST_T8_C_2024-06-02_1200,T8,Control,2024-06-02T12:00:00Z,2024-06-02,12:00:00,Table 1,2024-06-02,12:00:00,2024-06-02 12:00:00,NO2,0.1199153959,not outlier,0.024039418709444454
MOBEAST010,MOBEAST_T8_C_2024-06-02_1200,T8,Control,2024-06-02T12:00:00Z,2024-06-02,12:00:00,Table 1,2024-06-02,12:00:00,2024-06-02 12:00:00,PO4,0.1320856665,not outlier,0.05070982049555556
MOBEAST010,MOBEAST_T8_C_2024-06-02_1200,T8,Control,2024-06-02T12:00:00Z,2024-06-02,12:00:00,Table 1,2024-06-02,12:00:00,2024-06-02 12:00:00,SiO2,0.9743968429,not outlier,-0.19479067645294112
MOBEAST010,MOBEAST_T8_C_2024-06-02_1200,T8,Control,2024-06-02T12:00:00Z,2024-06-02,12:00:00,Table 1,2024-06-02,12:00:00,2024-06-02 12:00:00,NH3,0.5382108693,not outlier,0.06752156047777774
MOBEAST010,MOBEAST_T8_C_2024-06-02_1200,T8,Control,2024-06-02T12:00:00Z,2024-06-02,12:00:00,Table 1,2024-06-02,12:00:00,2024-06-02 12:00:00,NO3,0.6260846041,not outlier,-0.47165052982055566
MOBEAST011,MOBEAST_T9_K_2024-06-02_1200,T9,Coral,2024-06-02T12:00:00Z,2024-06-02,12:00:00,Table 1,2024-06-02,12:00:00,2024-06-02 12:00:00,N_N,0.982,not outlier,-0.2116111111111112
MOBEAST011,MOBEAST_T9_K_2024-06-02_1200,T9,Coral,2024-06-02T12:00:00Z,2024-06-02,12:00:00,Table 1,2024-06-02,12:00:00,2024-06-02 12:00:00,NO2,0.131175985,not outlier,0.03530000780944445
MOBEAST011,MOBEAST_T9_K_2024-06-02_1200,T9,Coral,2024-06-02T12:00:00Z,2024-06-02,12:00:00,Table 1,2024-06-02,12:00:00,2024-06-02 12:00:00,PO4,0.077,not outlier,-0.0043758460044444475
MOBEAST011,MOBEAST_T9_K_2024-06-02_1200,T9,Coral,2024-06-02T12:00:00Z,2024-06-02,12:00:00,Table 1,2024-06-02,12:00:00,2024-06-02 12:00:00,SiO2,2.052452924,not outlier,0.8832654046470587
MOBEAST011,MOBEAST_T9_K_2024-06-02_1200,T9,Coral,2024-06-02T12:00:00Z,2024-06-02,12:00:00,Table 1,2024-06-02,12:00:00,2024-06-02 12:00:00,NH3,1.110133478,not outlier,0.6394441691777779
MOBEAST011,MOBEAST_T9_K_2024-06-02_1200,T9,Coral,2024-06-02T12:00:00Z,2024-06-02,12:00:00,Table 1,2024-06-02,12:00:00,2024-06-02 12:00:00,NO3,0.8508240149999999,not outlier,-0.24691111892055573
MOBEAST012,MOBEAST_T10_R_2024-06-02_1200,T10,CCA,2024-06-02T12:00:00Z,2024-06-02,12:00:00,Table 1,2024-06-02,12:00:00,2024-06-02 12:00:00,N_N,1.587,not outlier,0.3933888888888888
MOBEAST012,MOBEAST_T10_R_2024-06-02_1200,T10,CCA,2024-06-02T12:00:00Z,2024-06-02,12:00:00,Table 1,2024-06-02,12:00:00,2024-06-02 12:00:00,NO2,0.01,not outlier,-0.08587597719055555
MOBEAST012,MOBEAST_T10_R_2024-06-02_1200,T10,CCA,2024-06-02T12:00:00Z,2024-06-02,12:00:00,Table 1,2024-06-02,12:00:00,2024-06-02 12:00:00,PO4,0.077,not outlier,-0.0043758460044444475
MOBEAST012,MOBEAST_T10_R_2024-06-02_1200,T10,CCA,2024-06-02T12:00:00Z,2024-06-02,12:00:00,Table 1,2024-06-02,12:00:00,2024-06-02 12:00:00,SiO2,0.01,not outlier,-1.159187519352941
MOBEAST012,MOBEAST_T10_R_2024-06-02_1200,T10,CCA,2024-06-02T12:00:00Z,2024-06-02,12:00:00,Table 1,2024-06-02,12:00:00,2024-06-02 12:00:00,NH3,2.151750578,not outlier,1.681061269177778
MOBEAST012,MOBEAST_T10_R_2024-06-02_1200,T10,CCA,2024-06-02T12:00:00Z,2024-06-02,12:00:00,Table 1,2024-06-02,12:00:00,2024-06-02 12:00:00,NO3,1.577,not outlier,0.4792648660794443
MOBEAST013,MOBEAST_T11_C_2024-06-02_1200,T11,Control,2024-06-02T12:00:00Z,2024-06-02,12:00:00,Table 1,2024-06-02,12:00:00,2024-06-02 12:00:00,N_N,0.539,not outlier,-0.6546111111111111
MOBEAST013,MOBEAST_T11_C_2024-06-02_1200,T11,Control,2024-06-02T12:00:00Z,2024-06-02,12:00:00,Table 1,2024-06-02,12:00:00,2024-06-02 12:00:00,NO2,0.1063500079,not outlier,0.010474030709444457
MOBEAST013,MOBEAST_T11_C_2024-06-02_1200,T11,Control,2024-06-02T12:00:00Z,2024-06-02,12:00:00,Table 1,2024-06-02,12:00:00,2024-06-02 12:00:00,PO4,0.077,not outlier,-0.0043758460044444475
MOBEAST013,MOBEAST_T11_C_2024-06-02_1200,T11,Control,2024-06-02T12:00:00Z,2024-06-02,12:00:00,Table 1,2024-06-02,12:00:00,2024-06-02 12:00:00,SiO2,1.551119152,not outlier,0.381931632647059
MOBEAST013,MOBEAST_T11_C_2024-06-02_1200,T11,Control,2024-06-02T12:00:00Z,2024-06-02,12:00:00,Table 1,2024-06-02,12:00:00,2024-06-02 12:00:00,NH3,0.4633052328,not outlier,-0.007384076022222186
MOBEAST013,MOBEAST_T11_C_2024-06-02_1200,T11,Control,2024-06-02T12:00:00Z,2024-06-02,12:00:00,Table 1,2024-06-02,12:00:00,2024-06-02 12:00:00,NO3,0.43264999210000005,not outlier,-0.6650851418205557
MOBEAST014,MOBEAST_T12_R_2024-06-02_1200,T12,CCA,2024-06-02T12:00:00Z,2024-06-02,12:00:00,Table 1,2024-06-02,12:00:00,2024-06-02 12:00:00,N_N,0.92,not outlier,-0.27361111111111114
MOBEAST014,MOBEAST_T12_R_2024-06-02_1200,T12,CCA,2024-06-02T12:00:00Z,2024-06-02,12:00:00,Table 1,2024-06-02,12:00:00,2024-06-02 12:00:00,NO2,0.01,not outlier,-0.08587597719055555
MOBEAST014,MOBEAST_T12_R_2024-06-02_1200,T12,CCA,2024-06-02T12:00:00Z,2024-06-02,12:00:00,Table 1,2024-06-02,12:00:00,2024-06-02 12:00:00,PO4,0.077,not outlier,-0.0043758460044444475
MOBEAST014,MOBEAST_T12_R_2024-06-02_1200,T12,CCA,2024-06-02T12:00:00Z,2024-06-02,12:00:00,Table 1,2024-06-02,12:00:00,2024-06-02 12:00:00,SiO2,0.01,not outlier,-1.159187519352941
MOBEAST014,MOBEAST_T12_R_2024-06-02_1200,T12,CCA,2024-06-02T12:00:00Z,2024-06-02,12:00:00,Table 1,2024-06-02,12:00:00,2024-06-02 12:00:00,NH3,0.8692752871,not outlier,0.3985859782777778
MOBEAST014,MOBEAST_T12_R_2024-06-02_1200,T12,CCA,2024-06-02T12:00:00Z,2024-06-02,12:00:00,Table 1,2024-06-02,12:00:00,2024-06-02 12:00:00,NO3,0.91,not outlier,-0.18773513392055563
MOBEAST015,MOBEAST_T13_A_2024-06-02_1200,T13,Algae,2024-06-02T12:00:00Z,2024-06-02,12:00:00,Table 1,2024-06-02,12:00:00,2024-06-02 12:00:00,N_N,0.443,not outlier,-0.7506111111111111
MOBEAST015,MOBEAST_T13_A_2024-06-02_1200,T13,Algae,2024-06-02T12:00:00Z,2024-06-02,12:00:00,Table 1,2024-06-02,12:00:00,2024-06-02 12:00:00,NO2,0.01,not outlier,-0.08587597719055555
MOBEAST015,MOBEAST_T13_A_2024-06-02_1200,T13,Algae,2024-06-02T12:00:00Z,2024-06-02,12:00:00,Table 1,2024-06-02,12:00:00,2024-06-02 12:00:00,PO4,0.077,not outlier,-0.0043758460044444475
MOBEAST015,MOBEAST_T13_A_2024-06-02_1200,T13,Algae,2024-06-02T12:00:00Z,2024-06-02,12:00:00,Table 1,2024-06-02,12:00:00,2024-06-02 12:00:00,SiO2,0.878276458,not outlier,-0.2909110613529411
MOBEAST015,MOBEAST_T13_A_2024-06-02_1200,T13,Algae,2024-06-02T12:00:00Z,2024-06-02,12:00:00,Table 1,2024-06-02,12:00:00,2024-06-02 12:00:00,NH3,0.4365712346,not outlier,-0.03411807422222218
MOBEAST015,MOBEAST_T13_A_2024-06-02_1200,T13,Algae,2024-06-02T12:00:00Z,2024-06-02,12:00:00,Table 1,2024-06-02,12:00:00,2024-06-02 12:00:00,NO3,0.433,not outlier,-0.6647351339205556
MOBEAST016,MOBEAST_T14_A_2024-06-02_1200,T14,Algae,2024-06-02T12:00:00Z,2024-06-02,12:00:00,Table 1,2024-06-02,12:00:00,2024-06-02 12:00:00,N_N,0.533,not outlier,-0.6606111111111111
MOBEAST016,MOBEAST_T14_A_2024-06-02_1200,T14,Algae,2024-06-02T12:00:00Z,2024-06-02,12:00:00,Table 1,2024-06-02,12:00:00,2024-06-02 12:00:00,NO2,0.07283164628,not outlier,-0.02304433091055555
MOBEAST016,MOBEAST_T14_A_2024-06-02_1200,T14,Algae,2024-06-02T12:00:00Z,2024-06-02,12:00:00,Table 1,2024-06-02,12:00:00,2024-06-02 12:00:00,PO4,0.09468481985,not outlier,0.013308973845555558
MOBEAST016,MOBEAST_T14_A_2024-06-02_1200,T14,Algae,2024-06-02T12:00:00Z,2024-06-02,12:00:00,Table 1,2024-06-02,12:00:00,2024-06-02 12:00:00,SiO2,0.8292739088,not outlier,-0.3399136105529411
MOBEAST016,MOBEAST_T14_A_2024-06-02_1200,T14,Algae,2024-06-02T12:00:00Z,2024-06-02,12:00:00,Table 1,2024-06-02,12:00:00,2024-06-02 12:00:00,NH3,0.5498964848,not outlier,0.07920717597777777
MOBEAST016,MOBEAST_T14_A_2024-06-02_1200,T14,Algae,2024-06-02T12:00:00Z,2024-06-02,12:00:00,Table 1,2024-06-02,12:00:00,2024-06-02 12:00:00,NO3,0.46016835372000003,not outlier,-0.6375667802005556
MOBEAST017,MOBEAST_T15_C_2024-06-02_1200,T15,Control,2024-06-02T12:00:00Z,2024-06-02,12:00:00,Table 1,2024-06-02,12:00:00,2024-06-02 12:00:00,N_N,0.504,not outlier,-0.6896111111111112
MOBEAST017,MOBEAST_T15_C_2024-06-02_1200,T15,Control,2024-06-02T12:00:00Z,2024-06-02,12:00:00,Table 1,2024-06-02,12:00:00,2024-06-02 12:00:00,NO2,0.0994356111,not outlier,0.003559633909444457
MOBEAST017,MOBEAST_T15_C_2024-06-02_1200,T15,Control,2024-06-02T12:00:00Z,2024-06-02,12:00:00,Table 1,2024-06-02,12:00:00,2024-06-02 12:00:00,PO4,0.077,not outlier,-0.0043758460044444475
MOBEAST017,MOBEAST_T15_C_2024-06-02_1200,T15,Control,2024-06-02T12:00:00Z,2024-06-02,12:00:00,Table 1,2024-06-02,12:00:00,2024-06-02 12:00:00,SiO2,0.7859255,not outlier,-0.383262019352941
MOBEAST017,MOBEAST_T15_C_2024-06-02_1200,T15,Control,2024-06-02T12:00:00Z,2024-06-02,12:00:00,Table 1,2024-06-02,12:00:00,2024-06-02 12:00:00,NH3,0.5184546127,not outlier,0.04776530387777783
MOBEAST017,MOBEAST_T15_C_2024-06-02_1200,T15,Control,2024-06-02T12:00:00Z,2024-06-02,12:00:00,Table 1,2024-06-02,12:00:00,2024-06-02 12:00:00,NO3,0.4045643889,not outlier,-0.6931707450205556
MOBEAST018,MOBEAST_T16_K_2024-06-02_1200,T16,Coral,2024-06-02T12:00:00Z,2024-06-02,12:00:00,Table 1,2024-06-02,12:00:00,2024-06-02 12:00:00,N_N,0.388,not outlier,-0.8056111111111112
MOBEAST018,MOBEAST_T16_K_2024-06-02_1200,T16,Coral,2024-06-02T12:00:00Z,2024-06-02,12:00:00,Table 1,2024-06-02,12:00:00,2024-06-02 12:00:00,NO2,0.08982130698,not outlier,-0.006054670210555543
MOBEAST018,MOBEAST_T16_K_2024-06-02_1200,T16,Coral,2024-06-02T12:00:00Z,2024-06-02,12:00:00,Table 1,2024-06-02,12:00:00,2024-06-02 12:00:00,PO4,0.077,not outlier,-0.0043758460044444475
MOBEAST018,MOBEAST_T16_K_2024-06-02_1200,T16,Coral,2024-06-02T12:00:00Z,2024-06-02,12:00:00,Table 1,2024-06-02,12:00:00,2024-06-02 12:00:00,SiO2,0.01,not outlier,-1.159187519352941
MOBEAST018,MOBEAST_T16_K_2024-06-02_1200,T16,Coral,2024-06-02T12:00:00Z,2024-06-02,12:00:00,Table 1,2024-06-02,12:00:00,2024-06-02 12:00:00,NH3,0.8778503431,not outlier,0.4071610342777778
MOBEAST018,MOBEAST_T16_K_2024-06-02_1200,T16,Coral,2024-06-02T12:00:00Z,2024-06-02,12:00:00,Table 1,2024-06-02,12:00:00,2024-06-02 12:00:00,NO3,0.29817869302,not outlier,-0.7995564409005557
MOBEAST019,MOBEAST_F1_Inflow_2024-06-02_1800,F1,Inflow,2024-06-02T18:00:00Z,2024-06-02,18:00:00,Table 1,2024-06-02,18:00:00,2024-06-02 18:00:00,N_N,1.095,not outlier,0.11472222222222217
MOBEAST019,MOBEAST_F1_Inflow_2024-06-02_1800,F1,Inflow,2024-06-02T18:00:00Z,2024-06-02,18:00:00,Table 1,2024-06-02,18:00:00,2024-06-02 18:00:00,NO2,0.09008471257,not outlier,-0.023278469211666666
MOBEAST019,MOBEAST_F1_Inflow_2024-06-02_1800,F1,Inflow,2024-06-02T18:00:00Z,2024-06-02,18:00:00,Table 1,2024-06-02,18:00:00,2024-06-02 18:00:00,PO4,0.09447913233,not outlier,0.006797440350555559
MOBEAST019,MOBEAST_F1_Inflow_2024-06-02_1800,F1,Inflow,2024-06-02T18:00:00Z,2024-06-02,18:00:00,Table 1,2024-06-02,18:00:00,2024-06-02 18:00:00,SiO2,0.01,not outlier,-0.07673496335555555
MOBEAST019,MOBEAST_F1_Inflow_2024-06-02_1800,F1,Inflow,2024-06-02T18:00:00Z,2024-06-02,18:00:00,Table 1,2024-06-02,18:00:00,2024-06-02 18:00:00,NH3,0.2552340205,not outlier,-0.07733375205294118
MOBEAST019,MOBEAST_F1_Inflow_2024-06-02_1800,F1,Inflow,2024-06-02T18:00:00Z,2024-06-02,18:00:00,Table 1,2024-06-02,18:00:00,2024-06-02 18:00:00,NO3,1.00491528743,not outlier,0.13800069143388882
MOBEAST020,MOBEAST_F2_Inflow_2024-06-02_1800,F2,Inflow,2024-06-02T18:00:00Z,2024-06-02,18:00:00,Table 2,2024-06-02,18:00:00,2024-06-02 18:00:00,N_N,0.8,not outlier,-0.18027777777777776
MOBEAST020,MOBEAST_F2_Inflow_2024-06-02_1800,F2,Inflow,2024-06-02T18:00:00Z,2024-06-02,18:00:00,Table 2,2024-06-02,18:00:00,2024-06-02 18:00:00,NO2,0.1499436334,not outlier,0.03658045161833333
MOBEAST020,MOBEAST_F2_Inflow_2024-06-02_1800,F2,Inflow,2024-06-02T18:00:00Z,2024-06-02,18:00:00,Table 2,2024-06-02,18:00:00,2024-06-02 18:00:00,PO4,0.077,not outlier,-0.01068169197944445
MOBEAST020,MOBEAST_F2_Inflow_2024-06-02_1800,F2,Inflow,2024-06-02T18:00:00Z,2024-06-02,18:00:00,Table 2,2024-06-02,18:00:00,2024-06-02 18:00:00,SiO2,0.2073184772,not outlier,0.12058351384444445
MOBEAST020,MOBEAST_F2_Inflow_2024-06-02_1800,F2,Inflow,2024-06-02T18:00:00Z,2024-06-02,18:00:00,Table 2,2024-06-02,18:00:00,2024-06-02 18:00:00,NH3,0.4430445612,not outlier,0.11047678864705884
MOBEAST020,MOBEAST_F2_Inflow_2024-06-02_1800,F2,Inflow,2024-06-02T18:00:00Z,2024-06-02,18:00:00,Table 2,2024-06-02,18:00:00,2024-06-02 18:00:00,NO3,0.6500563666000001,not outlier,-0.2168582293961111
MOBEAST021,MOBEAST_T1_A_2024-06-02_1800,T1,Algae,2024-06-02T18:00:00Z,2024-06-02,18:00:00,Table 1,2024-06-02,18:00:00,2024-06-02 18:00:00,N_N,0.306,not outlier,-0.6742777777777778
MOBEAST021,MOBEAST_T1_A_2024-06-02_1800,T1,Algae,2024-06-02T18:00:00Z,2024-06-02,18:00:00,Table 1,2024-06-02,18:00:00,2024-06-02 18:00:00,NO2,0.08363127556,not outlier,-0.029731906221666674
MOBEAST021,MOBEAST_T1_A_2024-06-02_1800,T1,Algae,2024-06-02T18:00:00Z,2024-06-02,18:00:00,Table 1,2024-06-02,18:00:00,2024-06-02 18:00:00,PO4,0.08018384997,not outlier,-0.00749784200944445
MOBEAST021,MOBEAST_T1_A_2024-06-02_1800,T1,Algae,2024-06-02T18:00:00Z,2024-06-02,18:00:00,Table 1,2024-06-02,18:00:00,2024-06-02 18:00:00,SiO2,0.08669681774,not outlier,-3.814561555554041e-5
MOBEAST021,MOBEAST_T1_A_2024-06-02_1800,T1,Algae,2024-06-02T18:00:00Z,2024-06-02,18:00:00,Table 1,2024-06-02,18:00:00,2024-06-02 18:00:00,NH3,0.3178655571,not outlier,-0.014702215452941203
MOBEAST021,MOBEAST_T1_A_2024-06-02_1800,T1,Algae,2024-06-02T18:00:00Z,2024-06-02,18:00:00,Table 1,2024-06-02,18:00:00,2024-06-02 18:00:00,NO3,0.22236872444,not outlier,-0.6445458715561112
MOBEAST022,MOBEAST_T2_R_2024-06-02_1800,T2,CCA,2024-06-02T18:00:00Z,2024-06-02,18:00:00,Table 2,2024-06-02,18:00:00,2024-06-02 18:00:00,N_N,0.589,not outlier,-0.39127777777777784
MOBEAST022,MOBEAST_T2_R_2024-06-02_1800,T2,CCA,2024-06-02T18:00:00Z,2024-06-02,18:00:00,Table 2,2024-06-02,18:00:00,2024-06-02 18:00:00,NO2,0.08303861298,not outlier,-0.030324568801666674
MOBEAST022,MOBEAST_T2_R_2024-06-02_1800,T2,CCA,2024-06-02T18:00:00Z,2024-06-02,18:00:00,Table 2,2024-06-02,18:00:00,2024-06-02 18:00:00,PO4,0.077,not outlier,-0.01068169197944445
MOBEAST022,MOBEAST_T2_R_2024-06-02_1800,T2,CCA,2024-06-02T18:00:00Z,2024-06-02,18:00:00,Table 2,2024-06-02,18:00:00,2024-06-02 18:00:00,SiO2,0.01,not outlier,-0.07673496335555555
MOBEAST022,MOBEAST_T2_R_2024-06-02_1800,T2,CCA,2024-06-02T18:00:00Z,2024-06-02,18:00:00,Table 2,2024-06-02,18:00:00,2024-06-02 18:00:00,NH3,0.4558230761,not outlier,0.12325530354705883
MOBEAST022,MOBEAST_T2_R_2024-06-02_1800,T2,CCA,2024-06-02T18:00:00Z,2024-06-02,18:00:00,Table 2,2024-06-02,18:00:00,2024-06-02 18:00:00,NO3,0.5059613870199999,not outlier,-0.3609532089761113
MOBEAST023,MOBEAST_T3_C_2024-06-02_1800,T3,Control,2024-06-02T18:00:00Z,2024-06-02,18:00:00,Table 2,2024-06-02,18:00:00,2024-06-02 18:00:00,N_N,1.083,not outlier,0.10272222222222216
MOBEAST023,MOBEAST_T3_C_2024-06-02_1800,T3,Control,2024-06-02T18:00:00Z,2024-06-02,18:00:00,Table 2,2024-06-02,18:00:00,2024-06-02 18:00:00,NO2,0.1475071317,not outlier,0.03414394991833332
MOBEAST023,MOBEAST_T3_C_2024-06-02_1800,T3,Control,2024-06-02T18:00:00Z,2024-06-02,18:00:00,Table 2,2024-06-02,18:00:00,2024-06-02 18:00:00,PO4,0.0837833815,not outlier,-0.0038983104794444445
MOBEAST023,MOBEAST_T3_C_2024-06-02_1800,T3,Control,2024-06-02T18:00:00Z,2024-06-02,18:00:00,Table 2,2024-06-02,18:00:00,2024-06-02 18:00:00,SiO2,0.1093133789,not outlier,0.022578415544444452
MOBEAST023,MOBEAST_T3_C_2024-06-02_1800,T3,Control,2024-06-02T18:00:00Z,2024-06-02,18:00:00,Table 2,2024-06-02,18:00:00,2024-06-02 18:00:00,NH3,2.430103622,not outlier,2.0975358494470586
MOBEAST023,MOBEAST_T3_C_2024-06-02_1800,T3,Control,2024-06-02T18:00:00Z,2024-06-02,18:00:00,Table 2,2024-06-02,18:00:00,2024-06-02 18:00:00,NO3,0.9354928683,not outlier,0.0685782723038888
MOBEAST024,MOBEAST_T4_A_2024-06-02_1800,T4,Algae,2024-06-02T18:00:00Z,2024-06-02,18:00:00,Table 2,2024-06-02,18:00:00,2024-06-02 18:00:00,N_N,0.584,not outlier,-0.39627777777777784
MOBEAST024,MOBEAST_T4_A_2024-06-02_1800,T4,Algae,2024-06-02T18:00:00Z,2024-06-02,18:00:00,Table 2,2024-06-02,18:00:00,2024-06-02 18:00:00,NO2,0.01,not outlier,-0.10336318178166667
MOBEAST024,MOBEAST_T4_A_2024-06-02_1800,T4,Algae,2024-06-02T18:00:00Z,2024-06-02,18:00:00,Table 2,2024-06-02,18:00:00,2024-06-02 18:00:00,PO4,0.1003755078,not outlier,0.012693815820555551
MOBEAST024,MOBEAST_T4_A_2024-06-02_1800,T4,Algae,2024-06-02T18:00:00Z,2024-06-02,18:00:00,Table 2,2024-06-02,18:00:00,2024-06-02 18:00:00,SiO2,0.09800509832,not outlier,0.011270134964444456
MOBEAST024,MOBEAST_T4_A_2024-06-02_1800,T4,Algae,2024-06-02T18:00:00Z,2024-06-02,18:00:00,Table 2,2024-06-02,18:00:00,2024-06-02 18:00:00,NH3,2.802446005,not outlier,2.469878232447059
MOBEAST024,MOBEAST_T4_A_2024-06-02_1800,T4,Algae,2024-06-02T18:00:00Z,2024-06-02,18:00:00,Table 2,2024-06-02,18:00:00,2024-06-02 18:00:00,NO3,0.574,not outlier,-0.29291459599611125
MOBEAST025,MOBEAST_T5_R_2024-06-02_1800,T5,CCA,2024-06-02T18:00:00Z,2024-06-02,18:00:00,Table 2,2024-06-02,18:00:00,2024-06-02 18:00:00,N_N,1.129,not outlier,0.1487222222222222
MOBEAST025,MOBEAST_T5_R_2024-06-02_1800,T5,CCA,2024-06-02T18:00:00Z,2024-06-02,18:00:00,Table 2,2024-06-02,18:00:00,2024-06-02 18:00:00,NO2,0.1259078731,not outlier,0.012544691318333343
MOBEAST025,MOBEAST_T5_R_2024-06-02_1800,T5,CCA,2024-06-02T18:00:00Z,2024-06-02,18:00:00,Table 2,2024-06-02,18:00:00,2024-06-02 18:00:00,PO4,0.07308763067,not outlier,-0.014594061309444448
MOBEAST025,MOBEAST_T5_R_2024-06-02_1800,T5,CCA,2024-06-02T18:00:00Z,2024-06-02,18:00:00,Table 2,2024-06-02,18:00:00,2024-06-02 18:00:00,SiO2,0.01,not outlier,-0.07673496335555555
MOBEAST025,MOBEAST_T5_R_2024-06-02_1800,T5,CCA,2024-06-02T18:00:00Z,2024-06-02,18:00:00,Table 2,2024-06-02,18:00:00,2024-06-02 18:00:00,NH3,1.105257466,not outlier,0.7726896934470588
MOBEAST025,MOBEAST_T5_R_2024-06-02_1800,T5,CCA,2024-06-02T18:00:00Z,2024-06-02,18:00:00,Table 2,2024-06-02,18:00:00,2024-06-02 18:00:00,NO3,1.0030921269,not outlier,0.13617753090388873
MOBEAST026,MOBEAST_T6_K_2024-06-02_1800,T6,Coral,2024-06-02T18:00:00Z,2024-06-02,18:00:00,Table 2,2024-06-02,18:00:00,2024-06-02 18:00:00,N_N,1.112,not outlier,0.1317222222222223
MOBEAST026,MOBEAST_T6_K_2024-06-02_1800,T6,Coral,2024-06-02T18:00:00Z,2024-06-02,18:00:00,Table 2,2024-06-02,18:00:00,2024-06-02 18:00:00,NO2,0.1186642193,not outlier,0.005301037518333329
MOBEAST026,MOBEAST_T6_K_2024-06-02_1800,T6,Coral,2024-06-02T18:00:00Z,2024-06-02,18:00:00,Table 2,2024-06-02,18:00:00,2024-06-02 18:00:00,PO4,0.07874403736,not outlier,-0.008937654619444443
MOBEAST026,MOBEAST_T6_K_2024-06-02_1800,T6,Coral,2024-06-02T18:00:00Z,2024-06-02,18:00:00,Table 2,2024-06-02,18:00:00,2024-06-02 18:00:00,SiO2,0.01696242086,not outlier,-0.06977254249555553
MOBEAST026,MOBEAST_T6_K_2024-06-02_1800,T6,Coral,2024-06-02T18:00:00Z,2024-06-02,18:00:00,Table 2,2024-06-02,18:00:00,2024-06-02 18:00:00,NH3,1.373606278,not outlier,1.0410385054470588
MOBEAST026,MOBEAST_T6_K_2024-06-02_1800,T6,Coral,2024-06-02T18:00:00Z,2024-06-02,18:00:00,Table 2,2024-06-02,18:00:00,2024-06-02 18:00:00,NO3,0.9933357807000001,not outlier,0.12642118470388886
MOBEAST027,MOBEAST_T7_K_2024-06-02_1800,T7,Coral,2024-06-02T18:00:00Z,2024-06-02,18:00:00,Table 2,2024-06-02,18:00:00,2024-06-02 18:00:00,N_N,0.477,not outlier,-0.5032777777777778
MOBEAST027,MOBEAST_T7_K_2024-06-02_1800,T7,Coral,2024-06-02T18:00:00Z,2024-06-02,18:00:00,Table 2,2024-06-02,18:00:00,2024-06-02 18:00:00,NO2,0.1177422998,not outlier,0.004379118018333336
MOBEAST027,MOBEAST_T7_K_2024-06-02_1800,T7,Coral,2024-06-02T18:00:00Z,2024-06-02,18:00:00,Table 2,2024-06-02,18:00:00,2024-06-02 18:00:00,PO4,0.1184074467,not outlier,0.030725754720555554
MOBEAST027,MOBEAST_T7_K_2024-06-02_1800,T7,Coral,2024-06-02T18:00:00Z,2024-06-02,18:00:00,Table 2,2024-06-02,18:00:00,2024-06-02 18:00:00,SiO2,0.06973439688,not outlier,-0.017000566475555548
MOBEAST027,MOBEAST_T7_K_2024-06-02_1800,T7,Coral,2024-06-02T18:00:00Z,2024-06-02,18:00:00,Table 2,2024-06-02,18:00:00,2024-06-02 18:00:00,NH3,0.5067689972,not outlier,0.17420122464705884
MOBEAST027,MOBEAST_T7_K_2024-06-02_1800,T7,Coral,2024-06-02T18:00:00Z,2024-06-02,18:00:00,Table 2,2024-06-02,18:00:00,2024-06-02 18:00:00,NO3,0.3592577002,not outlier,-0.5076568957961112
MOBEAST028,MOBEAST_T8_C_2024-06-02_1800,T8,Control,2024-06-02T18:00:00Z,2024-06-02,18:00:00,Table 1,2024-06-02,18:00:00,2024-06-02 18:00:00,N_N,0.667,not outlier,-0.31327777777777777
MOBEAST028,MOBEAST_T8_C_2024-06-02_1800,T8,Control,2024-06-02T18:00:00Z,2024-06-02,18:00:00,Table 1,2024-06-02,18:00:00,2024-06-02 18:00:00,NO2,0.1671966997,not outlier,0.05383351791833334
MOBEAST028,MOBEAST_T8_C_2024-06-02_1800,T8,Control,2024-06-02T18:00:00Z,2024-06-02,18:00:00,Table 1,2024-06-02,18:00:00,2024-06-02 18:00:00,PO4,0.1214584782,not outlier,0.03377678622055555
MOBEAST028,MOBEAST_T8_C_2024-06-02_1800,T8,Control,2024-06-02T18:00:00Z,2024-06-02,18:00:00,Table 1,2024-06-02,18:00:00,2024-06-02 18:00:00,SiO2,0.1884713429,not outlier,0.10173637954444446
MOBEAST028,MOBEAST_T8_C_2024-06-02_1800,T8,Control,2024-06-02T18:00:00Z,2024-06-02,18:00:00,Table 1,2024-06-02,18:00:00,2024-06-02 18:00:00,NH3,1.000086926,not outlier,0.6675191534470588
MOBEAST028,MOBEAST_T8_C_2024-06-02_1800,T8,Control,2024-06-02T18:00:00Z,2024-06-02,18:00:00,Table 1,2024-06-02,18:00:00,2024-06-02 18:00:00,NO3,0.49980330030000003,not outlier,-0.3671112956961112
MOBEAST029,MOBEAST_T9_K_2024-06-02_1800,T9,Coral,2024-06-02T18:00:00Z,2024-06-02,18:00:00,Table 1,2024-06-02,18:00:00,2024-06-02 18:00:00,N_N,2.128,not outlier,1.1477222222222223
MOBEAST029,MOBEAST_T9_K_2024-06-02_1800,T9,Coral,2024-06-02T18:00:00Z,2024-06-02,18:00:00,Table 1,2024-06-02,18:00:00,2024-06-02 18:00:00,NO2,0.1581750582,not outlier,0.04481187641833333
MOBEAST029,MOBEAST_T9_K_2024-06-02_1800,T9,Coral,2024-06-02T18:00:00Z,2024-06-02,18:00:00,Table 1,2024-06-02,18:00:00,2024-06-02 18:00:00,PO4,0.1005469141,not outlier,0.012865222120555547
MOBEAST029,MOBEAST_T9_K_2024-06-02_1800,T9,Coral,2024-06-02T18:00:00Z,2024-06-02,18:00:00,Table 1,2024-06-02,18:00:00,2024-06-02 18:00:00,SiO2,0.0904662446,not outlier,0.0037312812444444537
MOBEAST029,MOBEAST_T9_K_2024-06-02_1800,T9,Coral,2024-06-02T18:00:00Z,2024-06-02,18:00:00,Table 1,2024-06-02,18:00:00,2024-06-02 18:00:00,NH3,4.072058712,not outlier,3.7394909394470583
MOBEAST029,MOBEAST_T9_K_2024-06-02_1800,T9,Coral,2024-06-02T18:00:00Z,2024-06-02,18:00:00,Table 1,2024-06-02,18:00:00,2024-06-02 18:00:00,NO3,1.9698249418000002,not outlier,1.1029103458038891
MOBEAST030,MOBEAST_T10_R_2024-06-02_1800,T10,CCA,2024-06-02T18:00:00Z,2024-06-02,18:00:00,Table 1,2024-06-02,18:00:00,2024-06-02 18:00:00,N_N,1.612,not outlier,0.6317222222222223
MOBEAST030,MOBEAST_T10_R_2024-06-02_1800,T10,CCA,2024-06-02T18:00:00Z,2024-06-02,18:00:00,Table 1,2024-06-02,18:00:00,2024-06-02 18:00:00,NO2,0.15731899,not outlier,0.04395580821833332
MOBEAST030,MOBEAST_T10_R_2024-06-02_1800,T10,CCA,2024-06-02T18:00:00Z,2024-06-02,18:00:00,Table 1,2024-06-02,18:00:00,2024-06-02 18:00:00,PO4,0.1049349144,not outlier,0.017253222420555547
MOBEAST030,MOBEAST_T10_R_2024-06-02_1800,T10,CCA,2024-06-02T18:00:00Z,2024-06-02,18:00:00,Table 1,2024-06-02,18:00:00,2024-06-02 18:00:00,SiO2,0.01,not outlier,-0.07673496335555555
MOBEAST030,MOBEAST_T10_R_2024-06-02_1800,T10,CCA,2024-06-02T18:00:00Z,2024-06-02,18:00:00,Table 1,2024-06-02,18:00:00,2024-06-02 18:00:00,NH3,4.426998776,not outlier,4.094431003447059
MOBEAST030,MOBEAST_T10_R_2024-06-02_1800,T10,CCA,2024-06-02T18:00:00Z,2024-06-02,18:00:00,Table 1,2024-06-02,18:00:00,2024-06-02 18:00:00,NO3,1.45468101,not outlier,0.5877664140038888
MOBEAST031,MOBEAST_T11_C_2024-06-02_1800,T11,Control,2024-06-02T18:00:00Z,2024-06-02,18:00:00,Table 1,2024-06-02,18:00:00,2024-06-02 18:00:00,N_N,1.046,not outlier,0.06572222222222224
MOBEAST031,MOBEAST_T11_C_2024-06-02_1800,T11,Control,2024-06-02T18:00:00Z,2024-06-02,18:00:00,Table 1,2024-06-02,18:00:00,2024-06-02 18:00:00,NO2,0.1602164515,not outlier,0.046853269718333326
MOBEAST031,MOBEAST_T11_C_2024-06-02_1800,T11,Control,2024-06-02T18:00:00Z,2024-06-02,18:00:00,Table 1,2024-06-02,18:00:00,2024-06-02 18:00:00,PO4,0.077,not outlier,-0.01068169197944445
MOBEAST031,MOBEAST_T11_C_2024-06-02_1800,T11,Control,2024-06-02T18:00:00Z,2024-06-02,18:00:00,Table 1,2024-06-02,18:00:00,2024-06-02 18:00:00,SiO2,0.3241707098,not outlier,0.23743574644444448
MOBEAST031,MOBEAST_T11_C_2024-06-02_1800,T11,Control,2024-06-02T18:00:00Z,2024-06-02,18:00:00,Table 1,2024-06-02,18:00:00,2024-06-02 18:00:00,NH3,2.573189361,not outlier,2.2406215884470586
MOBEAST031,MOBEAST_T11_C_2024-06-02_1800,T11,Control,2024-06-02T18:00:00Z,2024-06-02,18:00:00,Table 1,2024-06-02,18:00:00,2024-06-02 18:00:00,NO3,0.8857835485000001,not outlier,0.01886895250388887
MOBEAST032,MOBEAST_T12_R_2024-06-02_1800,T12,CCA,2024-06-02T18:00:00Z,2024-06-02,18:00:00,Table 1,2024-06-02,18:00:00,2024-06-02 18:00:00,N_N,1.275,not outlier,0.2947222222222221
MOBEAST032,MOBEAST_T12_R_2024-06-02_1800,T12,CCA,2024-06-02T18:00:00Z,2024-06-02,18:00:00,Table 1,2024-06-02,18:00:00,2024-06-02 18:00:00,NO2,0.1415146545,not outlier,0.028151472718333334
MOBEAST032,MOBEAST_T12_R_2024-06-02_1800,T12,CCA,2024-06-02T18:00:00Z,2024-06-02,18:00:00,Table 1,2024-06-02,18:00:00,2024-06-02 18:00:00,PO4,0.077,not outlier,-0.01068169197944445
MOBEAST032,MOBEAST_T12_R_2024-06-02_1800,T12,CCA,2024-06-02T18:00:00Z,2024-06-02,18:00:00,Table 1,2024-06-02,18:00:00,2024-06-02 18:00:00,SiO2,0.01,not outlier,-0.07673496335555555
MOBEAST032,MOBEAST_T12_R_2024-06-02_1800,T12,CCA,2024-06-02T18:00:00Z,2024-06-02,18:00:00,Table 1,2024-06-02,18:00:00,2024-06-02 18:00:00,NH3,1.305846522,not outlier,0.9732787494470587
MOBEAST032,MOBEAST_T12_R_2024-06-02_1800,T12,CCA,2024-06-02T18:00:00Z,2024-06-02,18:00:00,Table 1,2024-06-02,18:00:00,2024-06-02 18:00:00,NO3,1.1334853455,not outlier,0.2665707495038888
MOBEAST033,MOBEAST_T13_A_2024-06-02_1800,T13,Algae,2024-06-02T18:00:00Z,2024-06-02,18:00:00,Table 1,2024-06-02,18:00:00,2024-06-02 18:00:00,N_N,0.983,not outlier,0.0027222222222221815
MOBEAST033,MOBEAST_T13_A_2024-06-02_1800,T13,Algae,2024-06-02T18:00:00Z,2024-06-02,18:00:00,Table 1,2024-06-02,18:00:00,2024-06-02 18:00:00,NO2,0.07316090327,not outlier,-0.040202278511666675
MOBEAST033,MOBEAST_T13_A_2024-06-02_1800,T13,Algae,2024-06-02T18:00:00Z,2024-06-02,18:00:00,Table 1,2024-06-02,18:00:00,2024-06-02 18:00:00,PO4,0.077,not outlier,-0.01068169197944445
MOBEAST033,MOBEAST_T13_A_2024-06-02_1800,T13,Algae,2024-06-02T18:00:00Z,2024-06-02,18:00:00,Table 1,2024-06-02,18:00:00,2024-06-02 18:00:00,SiO2,0.01,not outlier,-0.07673496335555555
MOBEAST033,MOBEAST_T13_A_2024-06-02_1800,T13,Algae,2024-06-02T18:00:00Z,2024-06-02,18:00:00,Table 1,2024-06-02,18:00:00,2024-06-02 18:00:00,NH3,1.300213887,not outlier,0.9676461144470587
MOBEAST033,MOBEAST_T13_A_2024-06-02_1800,T13,Algae,2024-06-02T18:00:00Z,2024-06-02,18:00:00,Table 1,2024-06-02,18:00:00,2024-06-02 18:00:00,NO3,0.90983909673,not outlier,0.04292450073388876
MOBEAST034,MOBEAST_T14_A_2024-06-02_1800,T14,Algae,2024-06-02T18:00:00Z,2024-06-02,18:00:00,Table 1,2024-06-02,18:00:00,2024-06-02 18:00:00,N_N,0.611,not outlier,-0.3692777777777778
MOBEAST034,MOBEAST_T14_A_2024-06-02_1800,T14,Algae,2024-06-02T18:00:00Z,2024-06-02,18:00:00,Table 1,2024-06-02,18:00:00,2024-06-02 18:00:00,NO2,0.144741373,not outlier,0.03137819121833334
MOBEAST034,MOBEAST_T14_A_2024-06-02_1800,T14,Algae,2024-06-02T18:00:00Z,2024-06-02,18:00:00,Table 1,2024-06-02,18:00:00,2024-06-02 18:00:00,PO4,0.07946394367,not outlier,-0.008217748309444453
MOBEAST034,MOBEAST_T14_A_2024-06-02_1800,T14,Algae,2024-06-02T18:00:00Z,2024-06-02,18:00:00,Table 1,2024-06-02,18:00:00,2024-06-02 18:00:00,SiO2,0.06408025659,not outlier,-0.022654706765555546
MOBEAST034,MOBEAST_T14_A_2024-06-02_1800,T14,Algae,2024-06-02T18:00:00Z,2024-06-02,18:00:00,Table 1,2024-06-02,18:00:00,2024-06-02 18:00:00,NH3,1.171672116,not outlier,0.8391043434470589
MOBEAST034,MOBEAST_T14_A_2024-06-02_1800,T14,Algae,2024-06-02T18:00:00Z,2024-06-02,18:00:00,Table 1,2024-06-02,18:00:00,2024-06-02 18:00:00,NO3,0.466258627,not outlier,-0.4006559689961112
MOBEAST035,MOBEAST_T15_C_2024-06-02_1800,T15,Control,2024-06-02T18:00:00Z,2024-06-02,18:00:00,Table 1,2024-06-02,18:00:00,2024-06-02 18:00:00,N_N,2.242,not outlier,1.2617222222222222
MOBEAST035,MOBEAST_T15_C_2024-06-02_1800,T15,Control,2024-06-02T18:00:00Z,2024-06-02,18:00:00,Table 1,2024-06-02,18:00:00,2024-06-02 18:00:00,NO2,0.143753602,not outlier,0.03039042021833334
MOBEAST035,MOBEAST_T15_C_2024-06-02_1800,T15,Control,2024-06-02T18:00:00Z,2024-06-02,18:00:00,Table 1,2024-06-02,18:00:00,2024-06-02 18:00:00,PO4,0.077,not outlier,-0.01068169197944445
MOBEAST035,MOBEAST_T15_C_2024-06-02_1800,T15,Control,2024-06-02T18:00:00Z,2024-06-02,18:00:00,Table 1,2024-06-02,18:00:00,2024-06-02 18:00:00,SiO2,0.01,not outlier,-0.07673496335555555
MOBEAST035,MOBEAST_T15_C_2024-06-02_1800,T15,Control,2024-06-02T18:00:00Z,2024-06-02,18:00:00,Table 1,2024-06-02,18:00:00,2024-06-02 18:00:00,NH3,2.738553431,not outlier,2.405985658447059
MOBEAST035,MOBEAST_T15_C_2024-06-02_1800,T15,Control,2024-06-02T18:00:00Z,2024-06-02,18:00:00,Table 1,2024-06-02,18:00:00,2024-06-02 18:00:00,NO3,2.098246398,not outlier,1.231331802003889
MOBEAST036,MOBEAST_T16_K_2024-06-02_1800,T16,Coral,2024-06-02T18:00:00Z,2024-06-02,18:00:00,Table 1,2024-06-02,18:00:00,2024-06-02 18:00:00,N_N,2.482,not outlier,1.5017222222222224
MOBEAST036,MOBEAST_T16_K_2024-06-02_1800,T16,Coral,2024-06-02T18:00:00Z,2024-06-02,18:00:00,Table 1,2024-06-02,18:00:00,2024-06-02 18:00:00,NO2,0.08349957277,not outlier,-0.029863609011666667
MOBEAST036,MOBEAST_T16_K_2024-06-02_1800,T16,Coral,2024-06-02T18:00:00Z,2024-06-02,18:00:00,Table 1,2024-06-02,18:00:00,2024-06-02 18:00:00,PO4,0.1183388842,not outlier,0.030657192220555546
MOBEAST036,MOBEAST_T16_K_2024-06-02_1800,T16,Coral,2024-06-02T18:00:00Z,2024-06-02,18:00:00,Table 1,2024-06-02,18:00:00,2024-06-02 18:00:00,SiO2,0.04711783573,not outlier,-0.03961712762555554
MOBEAST036,MOBEAST_T16_K_2024-06-02_1800,T16,Coral,2024-06-02T18:00:00Z,2024-06-02,18:00:00,Table 1,2024-06-02,18:00:00,2024-06-02 18:00:00,NO3,2.39850042723,not outlier,1.531585831233889
MOBEAST037,MOBEAST_F1_Inflow_2024-06-03_0000,F1,Inflow,2024-06-03T00:00:00Z,2024-06-03,00:00:00,Table 1,2024-06-03,00:00:00,2024-06-03,N_N,2.913,not outlier,0.8438888888888889
MOBEAST037,MOBEAST_F1_Inflow_2024-06-03_0000,F1,Inflow,2024-06-03T00:00:00Z,2024-06-03,00:00:00,Table 1,2024-06-03,00:00:00,2024-06-03,NO2,0.1681844707,not outlier,-0.012538106186666675
MOBEAST037,MOBEAST_F1_Inflow_2024-06-03_0000,F1,Inflow,2024-06-03T00:00:00Z,2024-06-03,00:00:00,Table 1,2024-06-03,00:00:00,2024-06-03,PO4,0.1418558235,not outlier,0.024708212849999994
MOBEAST037,MOBEAST_F1_Inflow_2024-06-03_0000,F1,Inflow,2024-06-03T00:00:00Z,2024-06-03,00:00:00,Table 1,2024-06-03,00:00:00,2024-06-03,SiO2,0.1978949101,not outlier,0.025653043927777786
MOBEAST037,MOBEAST_F1_Inflow_2024-06-03_0000,F1,Inflow,2024-06-03T00:00:00Z,2024-06-03,00:00:00,Table 1,2024-06-03,00:00:00,2024-06-03,NH3,0.9996665802,not outlier,0.08202816393333334
MOBEAST038,MOBEAST_F2_Inflow_2024-06-03_0000,F2,Inflow,2024-06-03T00:00:00Z,2024-06-03,00:00:00,Table 2,2024-06-03,00:00:00,2024-06-03,N_N,0.743,not outlier,-1.326111111111111
MOBEAST038,MOBEAST_F2_Inflow_2024-06-03_0000,F2,Inflow,2024-06-03T00:00:00Z,2024-06-03,00:00:00,Table 2,2024-06-03,00:00:00,2024-06-03,NO2,0.1950518411,not outlier,0.014329264213333331
MOBEAST038,MOBEAST_F2_Inflow_2024-06-03_0000,F2,Inflow,2024-06-03T00:00:00Z,2024-06-03,00:00:00,Table 2,2024-06-03,00:00:00,2024-06-03,PO4,0.0759672559,not outlier,-0.04118035475000001
MOBEAST038,MOBEAST_F2_Inflow_2024-06-03_0000,F2,Inflow,2024-06-03T00:00:00Z,2024-06-03,00:00:00,Table 2,2024-06-03,00:00:00,2024-06-03,SiO2,0.13192994,not outlier,-0.04031192617222221
MOBEAST038,MOBEAST_F2_Inflow_2024-06-03_0000,F2,Inflow,2024-06-03T00:00:00Z,2024-06-03,00:00:00,Table 2,2024-06-03,00:00:00,2024-06-03,NH3,0.7887370158,not outlier,-0.12890140046666665
MOBEAST038,MOBEAST_F2_Inflow_2024-06-03_0000,F2,Inflow,2024-06-03T00:00:00Z,2024-06-03,00:00:00,Table 2,2024-06-03,00:00:00,2024-06-03,NO3,0.5479481588999999,not outlier,-1.292274923764706
MOBEAST039,MOBEAST_T1_A_2024-06-03_0000,T1,Algae,2024-06-03T00:00:00Z,2024-06-03,00:00:00,Table 1,2024-06-03,00:00:00,2024-06-03,N_N,0.746,not outlier,-1.323111111111111
MOBEAST039,MOBEAST_T1_A_2024-06-03_0000,T1,Algae,2024-06-03T00:00:00Z,2024-06-03,00:00:00,Table 1,2024-06-03,00:00:00,2024-06-03,NO2,0.1403951807,not outlier,-0.04032739618666667
MOBEAST039,MOBEAST_T1_A_2024-06-03_0000,T1,Algae,2024-06-03T00:00:00Z,2024-06-03,00:00:00,Table 1,2024-06-03,00:00:00,2024-06-03,PO4,0.08601166293,not outlier,-0.031135947720000015
MOBEAST039,MOBEAST_T1_A_2024-06-03_0000,T1,Algae,2024-06-03T00:00:00Z,2024-06-03,00:00:00,Table 1,2024-06-03,00:00:00,2024-06-03,SiO2,0.0904662446,not outlier,-0.0817756215722222
MOBEAST039,MOBEAST_T1_A_2024-06-03_0000,T1,Algae,2024-06-03T00:00:00Z,2024-06-03,00:00:00,Table 1,2024-06-03,00:00:00,2024-06-03,NH3,1.229175433,not outlier,0.31153701673333334
MOBEAST039,MOBEAST_T1_A_2024-06-03_0000,T1,Algae,2024-06-03T00:00:00Z,2024-06-03,00:00:00,Table 1,2024-06-03,00:00:00,2024-06-03,NO3,0.6056048193,not outlier,-1.2346182633647058
MOBEAST040,MOBEAST_T2_R_2024-06-03_0000,T2,CCA,2024-06-03T00:00:00Z,2024-06-03,00:00:00,Table 2,2024-06-03,00:00:00,2024-06-03,N_N,1.07,not outlier,-0.9991111111111108
MOBEAST040,MOBEAST_T2_R_2024-06-03_0000,T2,CCA,2024-06-03T00:00:00Z,2024-06-03,00:00:00,Table 2,2024-06-03,00:00:00,2024-06-03,NO2,0.1037818034,not outlier,-0.07694077348666668
MOBEAST040,MOBEAST_T2_R_2024-06-03_0000,T2,CCA,2024-06-03T00:00:00Z,2024-06-03,00:00:00,Table 2,2024-06-03,00:00:00,2024-06-03,PO4,0.1237210409,not outlier,0.006573430249999984
MOBEAST040,MOBEAST_T2_R_2024-06-03_0000,T2,CCA,2024-06-03T00:00:00Z,2024-06-03,00:00:00,Table 2,2024-06-03,00:00:00,2024-06-03,SiO2,0.01,not outlier,-0.1622418661722222
MOBEAST040,MOBEAST_T2_R_2024-06-03_0000,T2,CCA,2024-06-03T00:00:00Z,2024-06-03,00:00:00,Table 2,2024-06-03,00:00:00,2024-06-03,NH3,0.8137055613,not outlier,-0.1039328549666666
MOBEAST040,MOBEAST_T2_R_2024-06-03_0000,T2,CCA,2024-06-03T00:00:00Z,2024-06-03,00:00:00,Table 2,2024-06-03,00:00:00,2024-06-03,NO3,0.9662181966000001,not outlier,-0.8740048860647058
MOBEAST041,MOBEAST_T3_C_2024-06-03_0000,T3,Control,2024-06-03T00:00:00Z,2024-06-03,00:00:00,Table 2,2024-06-03,00:00:00,2024-06-03,N_N,2.291,not outlier,0.22188888888888902
MOBEAST041,MOBEAST_T3_C_2024-06-03_0000,T3,Control,2024-06-03T00:00:00Z,2024-06-03,00:00:00,Table 2,2024-06-03,00:00:00,2024-06-03,NO2,0.2416087796,not outlier,0.06088620271333331
MOBEAST041,MOBEAST_T3_C_2024-06-03_0000,T3,Control,2024-06-03T00:00:00Z,2024-06-03,00:00:00,Table 2,2024-06-03,00:00:00,2024-06-03,PO4,0.1219384157,not outlier,0.0047908050499999855
MOBEAST041,MOBEAST_T3_C_2024-06-03_0000,T3,Control,2024-06-03T00:00:00Z,2024-06-03,00:00:00,Table 2,2024-06-03,00:00:00,2024-06-03,SiO2,0.3034388621,not outlier,0.13119699592777778
MOBEAST041,MOBEAST_T3_C_2024-06-03_0000,T3,Control,2024-06-03T00:00:00Z,2024-06-03,00:00:00,Table 2,2024-06-03,00:00:00,2024-06-03,NH3,6.178327865,not outlier,5.260689448733333
MOBEAST041,MOBEAST_T3_C_2024-06-03_0000,T3,Control,2024-06-03T00:00:00Z,2024-06-03,00:00:00,Table 2,2024-06-03,00:00:00,2024-06-03,NO3,2.0493912204,not outlier,0.20916813773529408
MOBEAST042,MOBEAST_T4_A_2024-06-03_0000,T4,Algae,2024-06-03T00:00:00Z,2024-06-03,00:00:00,Table 2,2024-06-03,00:00:00,2024-06-03,N_N,0.911,not outlier,-1.1581111111111109
MOBEAST042,MOBEAST_T4_A_2024-06-03_0000,T4,Algae,2024-06-03T00:00:00Z,2024-06-03,00:00:00,Table 2,2024-06-03,00:00:00,2024-06-03,NO2,0.07460963402,not outlier,-0.10611294286666668
MOBEAST042,MOBEAST_T4_A_2024-06-03_0000,T4,Algae,2024-06-03T00:00:00Z,2024-06-03,00:00:00,Table 2,2024-06-03,00:00:00,2024-06-03,SiO2,0.2563210264,not outlier,0.08407916022777778
MOBEAST042,MOBEAST_T4_A_2024-06-03_0000,T4,Algae,2024-06-03T00:00:00Z,2024-06-03,00:00:00,Table 2,2024-06-03,00:00:00,2024-06-03,NH3,0.7314018373,not outlier,-0.18623657896666668
MOBEAST042,MOBEAST_T4_A_2024-06-03_0000,T4,Algae,2024-06-03T00:00:00Z,2024-06-03,00:00:00,Table 2,2024-06-03,00:00:00,2024-06-03,NO3,0.83639036598,not outlier,-1.0038327166847059
MOBEAST043,MOBEAST_T5_R_2024-06-03_0000,T5,CCA,2024-06-03T00:00:00Z,2024-06-03,00:00:00,Table 2,2024-06-03,00:00:00,2024-06-03,N_N,1.108,not outlier,-0.9611111111111108
MOBEAST043,MOBEAST_T5_R_2024-06-03_0000,T5,CCA,2024-06-03T00:00:00Z,2024-06-03,00:00:00,Table 2,2024-06-03,00:00:00,2024-06-03,NO2,0.185766794,not outlier,0.0050442171133333324
MOBEAST043,MOBEAST_T5_R_2024-06-03_0000,T5,CCA,2024-06-03T00:00:00Z,2024-06-03,00:00:00,Table 2,2024-06-03,00:00:00,2024-06-03,PO4,0.077,not outlier,-0.04014761065000001
MOBEAST043,MOBEAST_T5_R_2024-06-03_0000,T5,CCA,2024-06-03T00:00:00Z,2024-06-03,00:00:00,Table 2,2024-06-03,00:00:00,2024-06-03,SiO2,0.04900254916,not outlier,-0.12323931701222221
MOBEAST043,MOBEAST_T5_R_2024-06-03_0000,T5,CCA,2024-06-03T00:00:00Z,2024-06-03,00:00:00,Table 2,2024-06-03,00:00:00,2024-06-03,NH3,2.264655482,not outlier,1.3470170657333336
MOBEAST043,MOBEAST_T5_R_2024-06-03_0000,T5,CCA,2024-06-03T00:00:00Z,2024-06-03,00:00:00,Table 2,2024-06-03,00:00:00,2024-06-03,NO3,0.922233206,not outlier,-0.9179898766647059
MOBEAST044,MOBEAST_T6_K_2024-06-03_0000,T6,Coral,2024-06-03T00:00:00Z,2024-06-03,00:00:00,Table 2,2024-06-03,00:00:00,2024-06-03,N_N,0.922,not outlier,-1.1471111111111107
MOBEAST044,MOBEAST_T6_K_2024-06-03_0000,T6,Coral,2024-06-03T00:00:00Z,2024-06-03,00:00:00,Table 2,2024-06-03,00:00:00,2024-06-03,NO2,0.1841863604,not outlier,0.0034637835133333184
MOBEAST044,MOBEAST_T6_K_2024-06-03_0000,T6,Coral,2024-06-03T00:00:00Z,2024-06-03,00:00:00,Table 2,2024-06-03,00:00:00,2024-06-03,PO4,0.09797582011,not outlier,-0.01917179054000001
MOBEAST044,MOBEAST_T6_K_2024-06-03_0000,T6,Coral,2024-06-03T00:00:00Z,2024-06-03,00:00:00,Table 2,2024-06-03,00:00:00,2024-06-03,SiO2,0.04711783573,not outlier,-0.1251240304422222
MOBEAST044,MOBEAST_T6_K_2024-06-03_0000,T6,Coral,2024-06-03T00:00:00Z,2024-06-03,00:00:00,Table 2,2024-06-03,00:00:00,2024-06-03,NH3,1.060700802,not outlier,0.1430623857333333
MOBEAST044,MOBEAST_T6_K_2024-06-03_0000,T6,Coral,2024-06-03T00:00:00Z,2024-06-03,00:00:00,Table 2,2024-06-03,00:00:00,2024-06-03,NO3,0.7378136396,not outlier,-1.102409443064706
MOBEAST045,MOBEAST_T7_K_2024-06-03_0000,T7,Coral,2024-06-03T00:00:00Z,2024-06-03,00:00:00,Table 2,2024-06-03,00:00:00,2024-06-03,N_N,0.516,not outlier,-1.5531111111111109
MOBEAST045,MOBEAST_T7_K_2024-06-03_0000,T7,Coral,2024-06-03T00:00:00Z,2024-06-03,00:00:00,Table 2,2024-06-03,00:00:00,2024-06-03,NO2,0.1396049639,not outlier,-0.04111761298666669
MOBEAST045,MOBEAST_T7_K_2024-06-03_0000,T7,Coral,2024-06-03T00:00:00Z,2024-06-03,00:00:00,Table 2,2024-06-03,00:00:00,2024-06-03,PO4,0.1391476046,not outlier,0.02199999394999999
MOBEAST045,MOBEAST_T7_K_2024-06-03_0000,T7,Coral,2024-06-03T00:00:00Z,2024-06-03,00:00:00,Table 2,2024-06-03,00:00:00,2024-06-03,SiO2,0.01,not outlier,-0.1622418661722222
MOBEAST045,MOBEAST_T7_K_2024-06-03_0000,T7,Coral,2024-06-03T00:00:00Z,2024-06-03,00:00:00,Table 2,2024-06-03,00:00:00,2024-06-03,NH3,0.85876664,not outlier,-0.05887177626666662
MOBEAST045,MOBEAST_T7_K_2024-06-03_0000,T7,Coral,2024-06-03T00:00:00Z,2024-06-03,00:00:00,Table 2,2024-06-03,00:00:00,2024-06-03,NO3,0.3763950361,not outlier,-1.4638280465647058
MOBEAST046,MOBEAST_T8_C_2024-06-03_0000,T8,Control,2024-06-03T00:00:00Z,2024-06-03,00:00:00,Table 1,2024-06-03,00:00:00,2024-06-03,N_N,1.644,not outlier,-0.425111111111111
MOBEAST046,MOBEAST_T8_C_2024-06-03_0000,T8,Control,2024-06-03T00:00:00Z,2024-06-03,00:00:00,Table 1,2024-06-03,00:00:00,2024-06-03,NO2,0.2637348493,not outlier,0.08301227241333334
MOBEAST046,MOBEAST_T8_C_2024-06-03_0000,T8,Control,2024-06-03T00:00:00Z,2024-06-03,00:00:00,Table 1,2024-06-03,00:00:00,2024-06-03,PO4,0.1527229806,not outlier,0.03557536994999999
MOBEAST046,MOBEAST_T8_C_2024-06-03_0000,T8,Control,2024-06-03T00:00:00Z,2024-06-03,00:00:00,Table 1,2024-06-03,00:00:00,2024-06-03,SiO2,0.2506668861,not outlier,0.07842501992777778
MOBEAST046,MOBEAST_T8_C_2024-06-03_0000,T8,Control,2024-06-03T00:00:00Z,2024-06-03,00:00:00,Table 1,2024-06-03,00:00:00,2024-06-03,NH3,1.783443515,not outlier,0.8658050987333334
MOBEAST046,MOBEAST_T8_C_2024-06-03_0000,T8,Control,2024-06-03T00:00:00Z,2024-06-03,00:00:00,Table 1,2024-06-03,00:00:00,2024-06-03,NO3,1.3802651506999999,not outlier,-0.459957931964706
MOBEAST047,MOBEAST_T9_K_2024-06-03_0000,T9,Coral,2024-06-03T00:00:00Z,2024-06-03,00:00:00,Table 1,2024-06-03,00:00:00,2024-06-03,N_N,1.284,not outlier,-0.7851111111111109
MOBEAST047,MOBEAST_T9_K_2024-06-03_0000,T9,Coral,2024-06-03T00:00:00Z,2024-06-03,00:00:00,Table 1,2024-06-03,00:00:00,2024-06-03,PO4,0.1043178518,not outlier,-0.012829758850000011
MOBEAST047,MOBEAST_T9_K_2024-06-03_0000,T9,Coral,2024-06-03T00:00:00Z,2024-06-03,00:00:00,Table 1,2024-06-03,00:00:00,2024-06-03,SiO2,0.2845917278,not outlier,0.11234986162777783
MOBEAST047,MOBEAST_T9_K_2024-06-03_0000,T9,Coral,2024-06-03T00:00:00Z,2024-06-03,00:00:00,Table 1,2024-06-03,00:00:00,2024-06-03,NH3,2.552256136,not outlier,1.6346177197333334
MOBEAST047,MOBEAST_T9_K_2024-06-03_0000,T9,Coral,2024-06-03T00:00:00Z,2024-06-03,00:00:00,Table 1,2024-06-03,00:00:00,2024-06-03,NO3,1.0163799182,not outlier,-0.823843164464706
MOBEAST048,MOBEAST_T10_R_2024-06-03_0000,T10,CCA,2024-06-03T00:00:00Z,2024-06-03,00:00:00,Table 1,2024-06-03,00:00:00,2024-06-03,N_N,1.821,not outlier,-0.24811111111111095
MOBEAST048,MOBEAST_T10_R_2024-06-03_0000,T10,CCA,2024-06-03T00:00:00Z,2024-06-03,00:00:00,Table 1,2024-06-03,00:00:00,2024-06-03,NO2,0.2442428355,not outlier,0.06352025861333332
MOBEAST048,MOBEAST_T10_R_2024-06-03_0000,T10,CCA,2024-06-03T00:00:00Z,2024-06-03,00:00:00,Table 1,2024-06-03,00:00:00,2024-06-03,PO4,0.1335254791,not outlier,0.01637786845
MOBEAST048,MOBEAST_T10_R_2024-06-03_0000,T10,CCA,2024-06-03T00:00:00Z,2024-06-03,00:00:00,Table 1,2024-06-03,00:00:00,2024-06-03,SiO2,0.2393586055,not outlier,0.06711673932777779
MOBEAST048,MOBEAST_T10_R_2024-06-03_0000,T10,CCA,2024-06-03T00:00:00Z,2024-06-03,00:00:00,Table 1,2024-06-03,00:00:00,2024-06-03,NH3,1.468436309,not outlier,0.5507978927333335
MOBEAST048,MOBEAST_T10_R_2024-06-03_0000,T10,CCA,2024-06-03T00:00:00Z,2024-06-03,00:00:00,Table 1,2024-06-03,00:00:00,2024-06-03,NO3,1.5767571645,not outlier,-0.2634659181647059
MOBEAST049,MOBEAST_T11_C_2024-06-03_0000,T11,Control,2024-06-03T00:00:00Z,2024-06-03,00:00:00,Table 1,2024-06-03,00:00:00,2024-06-03,N_N,1.869,not outlier,-0.2001111111111109
MOBEAST049,MOBEAST_T11_C_2024-06-03_0000,T11,Control,2024-06-03T00:00:00Z,2024-06-03,00:00:00,Table 1,2024-06-03,00:00:00,2024-06-03,NO2,0.3125965867,not outlier,0.13187400981333333
MOBEAST049,MOBEAST_T11_C_2024-06-03_0000,T11,Control,2024-06-03T00:00:00Z,2024-06-03,00:00:00,Table 1,2024-06-03,00:00:00,2024-06-03,PO4,0.09389635104,not outlier,-0.023251259610000005
MOBEAST049,MOBEAST_T11_C_2024-06-03_0000,T11,Control,2024-06-03T00:00:00Z,2024-06-03,00:00:00,Table 1,2024-06-03,00:00:00,2024-06-03,SiO2,0.4278299484,not outlier,0.2555880822277778
MOBEAST049,MOBEAST_T11_C_2024-06-03_0000,T11,Control,2024-06-03T00:00:00Z,2024-06-03,00:00:00,Table 1,2024-06-03,00:00:00,2024-06-03,NH3,1.200507843,not outlier,0.2828694267333334
MOBEAST049,MOBEAST_T11_C_2024-06-03_0000,T11,Control,2024-06-03T00:00:00Z,2024-06-03,00:00:00,Table 1,2024-06-03,00:00:00,2024-06-03,NO3,1.5564034133,not outlier,-0.28381966936470593
MOBEAST050,MOBEAST_T12_R_2024-06-03_0000,T12,CCA,2024-06-03T00:00:00Z,2024-06-03,00:00:00,Table 1,2024-06-03,00:00:00,2024-06-03,N_N,1.312,not outlier,-0.7571111111111108
MOBEAST050,MOBEAST_T12_R_2024-06-03_0000,T12,CCA,2024-06-03T00:00:00Z,2024-06-03,00:00:00,Table 1,2024-06-03,00:00:00,2024-06-03,NO2,0.2582691833,not outlier,0.0775466064133333
MOBEAST050,MOBEAST_T12_R_2024-06-03_0000,T12,CCA,2024-06-03T00:00:00Z,2024-06-03,00:00:00,Table 1,2024-06-03,00:00:00,2024-06-03,PO4,0.1419586673,not outlier,0.024811056649999996
MOBEAST050,MOBEAST_T12_R_2024-06-03_0000,T12,CCA,2024-06-03T00:00:00Z,2024-06-03,00:00:00,Table 1,2024-06-03,00:00:00,2024-06-03,SiO2,0.2186267578,not outlier,0.046384891627777786
MOBEAST050,MOBEAST_T12_R_2024-06-03_0000,T12,CCA,2024-06-03T00:00:00Z,2024-06-03,00:00:00,Table 1,2024-06-03,00:00:00,2024-06-03,NH3,1.906688928,not outlier,0.9890505117333332
MOBEAST050,MOBEAST_T12_R_2024-06-03_0000,T12,CCA,2024-06-03T00:00:00Z,2024-06-03,00:00:00,Table 1,2024-06-03,00:00:00,2024-06-03,NO3,1.0537308167000001,not outlier,-0.7864922659647058
MOBEAST051,MOBEAST_T13_A_2024-06-03_0000,T13,Algae,2024-06-03T00:00:00Z,2024-06-03,00:00:00,Table 1,2024-06-03,00:00:00,2024-06-03,N_N,1.551,not outlier,-0.518111111111111
MOBEAST051,MOBEAST_T13_A_2024-06-03_0000,T13,Algae,2024-06-03T00:00:00Z,2024-06-03,00:00:00,Table 1,2024-06-03,00:00:00,2024-06-03,NO2,0.6708281922,not outlier,0.4901056153133333
MOBEAST051,MOBEAST_T13_A_2024-06-03_0000,T13,Algae,2024-06-03T00:00:00Z,2024-06-03,00:00:00,Table 1,2024-06-03,00:00:00,2024-06-03,PO4,0.08038953749,not outlier,-0.036758073160000015
MOBEAST051,MOBEAST_T13_A_2024-06-03_0000,T13,Algae,2024-06-03T00:00:00Z,2024-06-03,00:00:00,Table 1,2024-06-03,00:00:00,2024-06-03,SiO2,0.1828172026,not outlier,0.010575336427777804
MOBEAST051,MOBEAST_T13_A_2024-06-03_0000,T13,Algae,2024-06-03T00:00:00Z,2024-06-03,00:00:00,Table 1,2024-06-03,00:00:00,2024-06-03,NH3,1.358221619,not outlier,0.4405832027333334
MOBEAST051,MOBEAST_T13_A_2024-06-03_0000,T13,Algae,2024-06-03T00:00:00Z,2024-06-03,00:00:00,Table 1,2024-06-03,00:00:00,2024-06-03,NO3,0.8801718077999999,not outlier,-0.960051274864706
MOBEAST052,MOBEAST_T14_A_2024-06-03_0000,T14,Algae,2024-06-03T00:00:00Z,2024-06-03,00:00:00,Table 1,2024-06-03,00:00:00,2024-06-03,N_N,1.408,not outlier,-0.661111111111111
MOBEAST052,MOBEAST_T14_A_2024-06-03_0000,T14,Algae,2024-06-03T00:00:00Z,2024-06-03,00:00:00,Table 1,2024-06-03,00:00:00,2024-06-03,NO2,0.01,not outlier,-0.17072257688666667
MOBEAST052,MOBEAST_T14_A_2024-06-03_0000,T14,Algae,2024-06-03T00:00:00Z,2024-06-03,00:00:00,Table 1,2024-06-03,00:00:00,2024-06-03,PO4,0.1251608535,not outlier,0.00801324284999999
MOBEAST052,MOBEAST_T14_A_2024-06-03_0000,T14,Algae,2024-06-03T00:00:00Z,2024-06-03,00:00:00,Table 1,2024-06-03,00:00:00,2024-06-03,SiO2,0.373173259,not outlier,0.20093139282777778
MOBEAST052,MOBEAST_T14_A_2024-06-03_0000,T14,Algae,2024-06-03T00:00:00Z,2024-06-03,00:00:00,Table 1,2024-06-03,00:00:00,2024-06-03,NH3,2.674660857,not outlier,1.7570224407333335
MOBEAST052,MOBEAST_T14_A_2024-06-03_0000,T14,Algae,2024-06-03T00:00:00Z,2024-06-03,00:00:00,Table 1,2024-06-03,00:00:00,2024-06-03,NO3,1.398,not outlier,-0.442223082664706
MOBEAST053,MOBEAST_T15_C_2024-06-03_0000,T15,Control,2024-06-03T00:00:00Z,2024-06-03,00:00:00,Table 1,2024-06-03,00:00:00,2024-06-03,N_N,1.567,not outlier,-0.502111111111111
MOBEAST053,MOBEAST_T15_C_2024-06-03_0000,T15,Control,2024-06-03T00:00:00Z,2024-06-03,00:00:00,Table 1,2024-06-03,00:00:00,2024-06-03,PO4,0.1292403225,not outlier,0.012092711849999993
MOBEAST053,MOBEAST_T15_C_2024-06-03_0000,T15,Control,2024-06-03T00:00:00Z,2024-06-03,00:00:00,Table 1,2024-06-03,00:00:00,2024-06-03,SiO2,0.333594277,not outlier,0.1613524108277778
MOBEAST053,MOBEAST_T15_C_2024-06-03_0000,T15,Control,2024-06-03T00:00:00Z,2024-06-03,00:00:00,Table 1,2024-06-03,00:00:00,2024-06-03,NH3,3.106776425,not outlier,2.1891380087333334
MOBEAST053,MOBEAST_T15_C_2024-06-03_0000,T15,Control,2024-06-03T00:00:00Z,2024-06-03,00:00:00,Table 1,2024-06-03,00:00:00,2024-06-03,NO3,1.1574043039,not outlier,-0.682818778764706
MOBEAST054,MOBEAST_T16_K_2024-06-03_0000,T16,Coral,2024-06-03T00:00:00Z,2024-06-03,00:00:00,Table 1,2024-06-03,00:00:00,2024-06-03,N_N,2.062,not outlier,-0.007111111111111068
MOBEAST054,MOBEAST_T16_K_2024-06-03_0000,T16,Coral,2024-06-03T00:00:00Z,2024-06-03,00:00:00,Table 1,2024-06-03,00:00:00,2024-06-03,SiO2,0.3769426858,not outlier,0.2047008196277778
MOBEAST054,MOBEAST_T16_K_2024-06-03_0000,T16,Coral,2024-06-03T00:00:00Z,2024-06-03,00:00:00,Table 1,2024-06-03,00:00:00,2024-06-03,NH3,2.058938207,not outlier,1.1412997907333335
MOBEAST054,MOBEAST_T16_K_2024-06-03_0000,T16,Coral,2024-06-03T00:00:00Z,2024-06-03,00:00:00,Table 1,2024-06-03,00:00:00,2024-06-03,NO3,1.6147373041999997,not outlier,-0.2254857784647062
MOBEAST055,MOBEAST_F1_Inflow_2024-06-03_0600,F1,Inflow,2024-06-03T06:00:00Z,2024-06-03,06:00:00,Table 1,2024-06-03,06:00:00,2024-06-03 06:00:00,N_N,1.632,not outlier,0.4040555555555556
MOBEAST055,MOBEAST_F1_Inflow_2024-06-03_0600,F1,Inflow,2024-06-03T06:00:00Z,2024-06-03,06:00:00,Table 1,2024-06-03,06:00:00,2024-06-03 06:00:00,SiO2,0.5559904616,not outlier,-0.03224954090555554
MOBEAST055,MOBEAST_F1_Inflow_2024-06-03_0600,F1,Inflow,2024-06-03T06:00:00Z,2024-06-03,06:00:00,Table 1,2024-06-03,06:00:00,2024-06-03 06:00:00,NO3,1.0608708244999998,not outlier,0.39823528025
MOBEAST056,MOBEAST_F2_Inflow_2024-06-03_0600,F2,Inflow,2024-06-03T06:00:00Z,2024-06-03,06:00:00,Table 2,2024-06-03,06:00:00,2024-06-03 06:00:00,N_N,0.593,not outlier,-0.6349444444444443
MOBEAST056,MOBEAST_F2_Inflow_2024-06-03_0600,F2,Inflow,2024-06-03T06:00:00Z,2024-06-03,06:00:00,Table 2,2024-06-03,06:00:00,2024-06-03 06:00:00,PO4,0.077,not outlier,-0.07339967835294116
MOBEAST056,MOBEAST_F2_Inflow_2024-06-03_0600,F2,Inflow,2024-06-03T06:00:00Z,2024-06-03,06:00:00,Table 2,2024-06-03,06:00:00,2024-06-03 06:00:00,SiO2,0.6389178525,not outlier,0.05067784999444447
MOBEAST056,MOBEAST_F2_Inflow_2024-06-03_0600,F2,Inflow,2024-06-03T06:00:00Z,2024-06-03,06:00:00,Table 2,2024-06-03,06:00:00,2024-06-03 06:00:00,NH3,3.328466844,not outlier,-11.251370244
MOBEAST057,MOBEAST_T1_A_2024-06-03_0600,T1,Algae,2024-06-03T06:00:00Z,2024-06-03,06:00:00,Table 1,2024-06-03,06:00:00,2024-06-03 06:00:00,N_N,0.732,not outlier,-0.4959444444444443
MOBEAST057,MOBEAST_T1_A_2024-06-03_0600,T1,Algae,2024-06-03T06:00:00Z,2024-06-03,06:00:00,Table 1,2024-06-03,06:00:00,2024-06-03 06:00:00,NO2,0.31463798,not outlier,-0.32709706454
MOBEAST057,MOBEAST_T1_A_2024-06-03_0600,T1,Algae,2024-06-03T06:00:00Z,2024-06-03,06:00:00,Table 1,2024-06-03,06:00:00,2024-06-03 06:00:00,PO4,0.1270463224,not outlier,-0.023353355952941163
MOBEAST057,MOBEAST_T1_A_2024-06-03_0600,T1,Algae,2024-06-03T06:00:00Z,2024-06-03,06:00:00,Table 1,2024-06-03,06:00:00,2024-06-03 06:00:00,SiO2,0.6276095719,not outlier,0.03936956939444447
MOBEAST057,MOBEAST_T1_A_2024-06-03_0600,T1,Algae,2024-06-03T06:00:00Z,2024-06-03,06:00:00,Table 1,2024-06-03,06:00:00,2024-06-03 06:00:00,NH3,2.610684213,not outlier,-11.969152874999999
MOBEAST057,MOBEAST_T1_A_2024-06-03_0600,T1,Algae,2024-06-03T06:00:00Z,2024-06-03,06:00:00,Table 1,2024-06-03,06:00:00,2024-06-03 06:00:00,NO3,0.41736202,not outlier,-0.24527352424999982
MOBEAST058,MOBEAST_T2_R_2024-06-03_0600,T2,CCA,2024-06-03T06:00:00Z,2024-06-03,06:00:00,Table 2,2024-06-03,06:00:00,2024-06-03 06:00:00,N_N,0.418,not outlier,-0.8099444444444444
MOBEAST058,MOBEAST_T2_R_2024-06-03_0600,T2,CCA,2024-06-03T06:00:00Z,2024-06-03,06:00:00,Table 2,2024-06-03,06:00:00,2024-06-03 06:00:00,NO2,0.3453247315,not outlier,-0.29641031304
MOBEAST058,MOBEAST_T2_R_2024-06-03_0600,T2,CCA,2024-06-03T06:00:00Z,2024-06-03,06:00:00,Table 2,2024-06-03,06:00:00,2024-06-03 06:00:00,PO4,0.141924386,not outlier,-0.008475292352941144
MOBEAST058,MOBEAST_T2_R_2024-06-03_0600,T2,CCA,2024-06-03T06:00:00Z,2024-06-03,06:00:00,Table 2,2024-06-03,06:00:00,2024-06-03 06:00:00,SiO2,0.2600904532,not outlier,-0.3281495493055555
MOBEAST058,MOBEAST_T2_R_2024-06-03_0600,T2,CCA,2024-06-03T06:00:00Z,2024-06-03,06:00:00,Table 2,2024-06-03,06:00:00,2024-06-03 06:00:00,NH3,3.806904529,not outlier,-10.772932559
MOBEAST059,MOBEAST_T3_C_2024-06-03_0600,T3,Control,2024-06-03T06:00:00Z,2024-06-03,06:00:00,Table 2,2024-06-03,06:00:00,2024-06-03 06:00:00,N_N,1.501,not outlier,0.2730555555555556
MOBEAST059,MOBEAST_T3_C_2024-06-03_0600,T3,Control,2024-06-03T06:00:00Z,2024-06-03,06:00:00,Table 2,2024-06-03,06:00:00,2024-06-03 06:00:00,PO4,0.1634187314,not outlier,0.013019053047058832
MOBEAST059,MOBEAST_T3_C_2024-06-03_0600,T3,Control,2024-06-03T06:00:00Z,2024-06-03,06:00:00,Table 2,2024-06-03,06:00:00,2024-06-03 06:00:00,SiO2,0.1922407698,not outlier,-0.39599923270555554
MOBEAST059,MOBEAST_T3_C_2024-06-03_0600,T3,Control,2024-06-03T06:00:00Z,2024-06-03,06:00:00,Table 2,2024-06-03,06:00:00,2024-06-03 06:00:00,NO3,0.8387983408999999,not outlier,0.17616279665000012
MOBEAST060,MOBEAST_T4_A_2024-06-03_0600,T4,Algae,2024-06-03T06:00:00Z,2024-06-03,06:00:00,Table 2,2024-06-03,06:00:00,2024-06-03 06:00:00,N_N,0.178,not outlier,-1.0499444444444443
MOBEAST060,MOBEAST_T4_A_2024-06-03_0600,T4,Algae,2024-06-03T06:00:00Z,2024-06-03,06:00:00,Table 2,2024-06-03,06:00:00,2024-06-03 06:00:00,NO2,0.09746006916,not outlier,-0.54427497538
MOBEAST060,MOBEAST_T4_A_2024-06-03_0600,T4,Algae,2024-06-03T06:00:00Z,2024-06-03,06:00:00,Table 2,2024-06-03,06:00:00,2024-06-03 06:00:00,PO4,0.077,not outlier,-0.07339967835294116
MOBEAST060,MOBEAST_T4_A_2024-06-03_0600,T4,Algae,2024-06-03T06:00:00Z,2024-06-03,06:00:00,Table 2,2024-06-03,06:00:00,2024-06-03 06:00:00,SiO2,0.7105369628,not outlier,0.12229696029444448
MOBEAST060,MOBEAST_T4_A_2024-06-03_0600,T4,Algae,2024-06-03T06:00:00Z,2024-06-03,06:00:00,Table 2,2024-06-03,06:00:00,2024-06-03 06:00:00,NH3,2.291137273,not outlier,-12.288699815
MOBEAST060,MOBEAST_T4_A_2024-06-03_0600,T4,Algae,2024-06-03T06:00:00Z,2024-06-03,06:00:00,Table 2,2024-06-03,06:00:00,2024-06-03 06:00:00,NO3,0.08053993084,not outlier,-0.5820956134099998
MOBEAST061,MOBEAST_T5_R_2024-06-03_0600,T5,CCA,2024-06-03T06:00:00Z,2024-06-03,06:00:00,Table 2,2024-06-03,06:00:00,2024-06-03 06:00:00,N_N,0.71,not outlier,-0.5179444444444443
MOBEAST061,MOBEAST_T5_R_2024-06-03_0600,T5,CCA,2024-06-03T06:00:00Z,2024-06-03,06:00:00,Table 2,2024-06-03,06:00:00,2024-06-03 06:00:00,NO2,0.01,not outlier,-0.63173504454
MOBEAST061,MOBEAST_T5_R_2024-06-03_0600,T5,CCA,2024-06-03T06:00:00Z,2024-06-03,06:00:00,Table 2,2024-06-03,06:00:00,2024-06-03 06:00:00,PO4,0.077,not outlier,-0.07339967835294116
MOBEAST061,MOBEAST_T5_R_2024-06-03_0600,T5,CCA,2024-06-03T06:00:00Z,2024-06-03,06:00:00,Table 2,2024-06-03,06:00:00,2024-06-03 06:00:00,SiO2,0.05,not outlier,-0.5382400025055555
MOBEAST061,MOBEAST_T5_R_2024-06-03_0600,T5,CCA,2024-06-03T06:00:00Z,2024-06-03,06:00:00,Table 2,2024-06-03,06:00:00,2024-06-03 06:00:00,NH3,0.26,not outlier,-14.319837088
MOBEAST061,MOBEAST_T5_R_2024-06-03_0600,T5,CCA,2024-06-03T06:00:00Z,2024-06-03,06:00:00,Table 2,2024-06-03,06:00:00,2024-06-03 06:00:00,NO3,0.7,not outlier,0.037364455750000136
MOBEAST062,MOBEAST_T6_K_2024-06-03_0600,T6,Coral,2024-06-03T06:00:00Z,2024-06-03,06:00:00,Table 2,2024-06-03,06:00:00,2024-06-03 06:00:00,N_N,1.56,not outlier,0.33205555555555577
MOBEAST062,MOBEAST_T6_K_2024-06-03_0600,T6,Coral,2024-06-03T06:00:00Z,2024-06-03,06:00:00,Table 2,2024-06-03,06:00:00,2024-06-03 06:00:00,PO4,0.08,not outlier,-0.07039967835294116
MOBEAST062,MOBEAST_T6_K_2024-06-03_0600,T6,Coral,2024-06-03T06:00:00Z,2024-06-03,06:00:00,Table 2,2024-06-03,06:00:00,2024-06-03 06:00:00,SiO2,0.11,not outlier,-0.47824000250555554
MOBEAST062,MOBEAST_T6_K_2024-06-03_0600,T6,Coral,2024-06-03T06:00:00Z,2024-06-03,06:00:00,Table 2,2024-06-03,06:00:00,2024-06-03 06:00:00,NH3,0.6,not outlier,-13.979837088
MOBEAST062,MOBEAST_T6_K_2024-06-03_0600,T6,Coral,2024-06-03T06:00:00Z,2024-06-03,06:00:00,Table 2,2024-06-03,06:00:00,2024-06-03 06:00:00,NO3,1.55,not outlier,0.8873644557500002
MOBEAST063,MOBEAST_T7_K_2024-06-03_0600,T7,Coral,2024-06-03T06:00:00Z,2024-06-03,06:00:00,Table 2,2024-06-03,06:00:00,2024-06-03 06:00:00,N_N,0.42,not outlier,-0.8079444444444444
MOBEAST063,MOBEAST_T7_K_2024-06-03_0600,T7,Coral,2024-06-03T06:00:00Z,2024-06-03,06:00:00,Table 2,2024-06-03,06:00:00,2024-06-03 06:00:00,PO4,0.11,not outlier,-0.04039967835294116
MOBEAST063,MOBEAST_T7_K_2024-06-03_0600,T7,Coral,2024-06-03T06:00:00Z,2024-06-03,06:00:00,Table 2,2024-06-03,06:00:00,2024-06-03 06:00:00,SiO2,0.09,not outlier,-0.49824000250555556
MOBEAST063,MOBEAST_T7_K_2024-06-03_0600,T7,Coral,2024-06-03T06:00:00Z,2024-06-03,06:00:00,Table 2,2024-06-03,06:00:00,2024-06-03 06:00:00,NO3,0.41,not outlier,-0.25263554424999984
MOBEAST064,MOBEAST_T8_C_2024-06-03_0600,T8,Control,2024-06-03T06:00:00Z,2024-06-03,06:00:00,Table 1,2024-06-03,06:00:00,2024-06-03 06:00:00,N_N,0.83,not outlier,-0.3979444444444443
MOBEAST064,MOBEAST_T8_C_2024-06-03_0600,T8,Control,2024-06-03T06:00:00Z,2024-06-03,06:00:00,Table 1,2024-06-03,06:00:00,2024-06-03 06:00:00,NO2,0.08,not outlier,-0.56173504454
MOBEAST064,MOBEAST_T8_C_2024-06-03_0600,T8,Control,2024-06-03T06:00:00Z,2024-06-03,06:00:00,Table 1,2024-06-03,06:00:00,2024-06-03 06:00:00,PO4,0.1,not outlier,-0.05039967835294115
MOBEAST064,MOBEAST_T8_C_2024-06-03_0600,T8,Control,2024-06-03T06:00:00Z,2024-06-03,06:00:00,Table 1,2024-06-03,06:00:00,2024-06-03 06:00:00,SiO2,0.21,not outlier,-0.37824000250555556
MOBEAST064,MOBEAST_T8_C_2024-06-03_0600,T8,Control,2024-06-03T06:00:00Z,2024-06-03,06:00:00,Table 1,2024-06-03,06:00:00,2024-06-03 06:00:00,NH3,0.44,not outlier,-14.139837088
MOBEAST064,MOBEAST_T8_C_2024-06-03_0600,T8,Control,2024-06-03T06:00:00Z,2024-06-03,06:00:00,Table 1,2024-06-03,06:00:00,2024-06-03 06:00:00,NO3,0.75,not outlier,0.08736445575000018
MOBEAST065,MOBEAST_T9_K_2024-06-03_0600,T9,Coral,2024-06-03T06:00:00Z,2024-06-03,06:00:00,Table 1,2024-06-03,06:00:00,2024-06-03 06:00:00,N_N,0.48,not outlier,-0.7479444444444443
MOBEAST065,MOBEAST_T9_K_2024-06-03_0600,T9,Coral,2024-06-03T06:00:00Z,2024-06-03,06:00:00,Table 1,2024-06-03,06:00:00,2024-06-03 06:00:00,PO4,0.09,not outlier,-0.06039967835294116
MOBEAST065,MOBEAST_T9_K_2024-06-03_0600,T9,Coral,2024-06-03T06:00:00Z,2024-06-03,06:00:00,Table 1,2024-06-03,06:00:00,2024-06-03 06:00:00,SiO2,0.12,not outlier,-0.46824000250555553
MOBEAST065,MOBEAST_T9_K_2024-06-03_0600,T9,Coral,2024-06-03T06:00:00Z,2024-06-03,06:00:00,Table 1,2024-06-03,06:00:00,2024-06-03 06:00:00,NH3,0.19,not outlier,-14.389837088
MOBEAST065,MOBEAST_T9_K_2024-06-03_0600,T9,Coral,2024-06-03T06:00:00Z,2024-06-03,06:00:00,Table 1,2024-06-03,06:00:00,2024-06-03 06:00:00,NO3,0.47,not outlier,-0.19263554424999985
MOBEAST066,MOBEAST_T10_R_2024-06-03_0600,T10,CCA,2024-06-03T06:00:00Z,2024-06-03,06:00:00,Table 1,2024-06-03,06:00:00,2024-06-03 06:00:00,N_N,0.6,not outlier,-0.6279444444444443
MOBEAST066,MOBEAST_T10_R_2024-06-03_0600,T10,CCA,2024-06-03T06:00:00Z,2024-06-03,06:00:00,Table 1,2024-06-03,06:00:00,2024-06-03 06:00:00,NO2,0.01,not outlier,-0.63173504454
MOBEAST066,MOBEAST_T10_R_2024-06-03_0600,T10,CCA,2024-06-03T06:00:00Z,2024-06-03,06:00:00,Table 1,2024-06-03,06:00:00,2024-06-03 06:00:00,PO4,0.1,not outlier,-0.05039967835294115
MOBEAST066,MOBEAST_T10_R_2024-06-03_0600,T10,CCA,2024-06-03T06:00:00Z,2024-06-03,06:00:00,Table 1,2024-06-03,06:00:00,2024-06-03 06:00:00,SiO2,0.05,not outlier,-0.5382400025055555
MOBEAST066,MOBEAST_T10_R_2024-06-03_0600,T10,CCA,2024-06-03T06:00:00Z,2024-06-03,06:00:00,Table 1,2024-06-03,06:00:00,2024-06-03 06:00:00,NH3,0.21,not outlier,-14.369837087999999
MOBEAST066,MOBEAST_T10_R_2024-06-03_0600,T10,CCA,2024-06-03T06:00:00Z,2024-06-03,06:00:00,Table 1,2024-06-03,06:00:00,2024-06-03 06:00:00,NO3,0.59,not outlier,-0.07263554424999985
MOBEAST067,MOBEAST_T11_C_2024-06-03_0600,T11,Control,2024-06-03T06:00:00Z,2024-06-03,06:00:00,Table 1,2024-06-03,06:00:00,2024-06-03 06:00:00,N_N,0.56,not outlier,-0.6679444444444442
MOBEAST067,MOBEAST_T11_C_2024-06-03_0600,T11,Control,2024-06-03T06:00:00Z,2024-06-03,06:00:00,Table 1,2024-06-03,06:00:00,2024-06-03 06:00:00,NO2,0.07,not outlier,-0.57173504454
MOBEAST067,MOBEAST_T11_C_2024-06-03_0600,T11,Control,2024-06-03T06:00:00Z,2024-06-03,06:00:00,Table 1,2024-06-03,06:00:00,2024-06-03 06:00:00,PO4,0.09,not outlier,-0.06039967835294116
MOBEAST067,MOBEAST_T11_C_2024-06-03_0600,T11,Control,2024-06-03T06:00:00Z,2024-06-03,06:00:00,Table 1,2024-06-03,06:00:00,2024-06-03 06:00:00,SiO2,0.14,not outlier,-0.4482400025055555
MOBEAST067,MOBEAST_T11_C_2024-06-03_0600,T11,Control,2024-06-03T06:00:00Z,2024-06-03,06:00:00,Table 1,2024-06-03,06:00:00,2024-06-03 06:00:00,NH3,0.15,not outlier,-14.429837088
MOBEAST067,MOBEAST_T11_C_2024-06-03_0600,T11,Control,2024-06-03T06:00:00Z,2024-06-03,06:00:00,Table 1,2024-06-03,06:00:00,2024-06-03 06:00:00,NO3,0.49000000000000005,not outlier,-0.17263554424999977
MOBEAST068,MOBEAST_T12_R_2024-06-03_0600,T12,CCA,2024-06-03T06:00:00Z,2024-06-03,06:00:00,Table 1,2024-06-03,06:00:00,2024-06-03 06:00:00,N_N,0.54,not outlier,-0.6879444444444442
MOBEAST068,MOBEAST_T12_R_2024-06-03_0600,T12,CCA,2024-06-03T06:00:00Z,2024-06-03,06:00:00,Table 1,2024-06-03,06:00:00,2024-06-03 06:00:00,NO2,0.01,not outlier,-0.63173504454
MOBEAST068,MOBEAST_T12_R_2024-06-03_0600,T12,CCA,2024-06-03T06:00:00Z,2024-06-03,06:00:00,Table 1,2024-06-03,06:00:00,2024-06-03 06:00:00,PO4,0.077,not outlier,-0.07339967835294116
MOBEAST068,MOBEAST_T12_R_2024-06-03_0600,T12,CCA,2024-06-03T06:00:00Z,2024-06-03,06:00:00,Table 1,2024-06-03,06:00:00,2024-06-03 06:00:00,SiO2,0.01,not outlier,-0.5782400025055555
MOBEAST068,MOBEAST_T12_R_2024-06-03_0600,T12,CCA,2024-06-03T06:00:00Z,2024-06-03,06:00:00,Table 1,2024-06-03,06:00:00,2024-06-03 06:00:00,NH3,0.29,not outlier,-14.289837088
MOBEAST068,MOBEAST_T12_R_2024-06-03_0600,T12,CCA,2024-06-03T06:00:00Z,2024-06-03,06:00:00,Table 1,2024-06-03,06:00:00,2024-06-03 06:00:00,NO3,0.53,not outlier,-0.1326355442499998
MOBEAST069,MOBEAST_T13_A_2024-06-03_0600,T13,Algae,2024-06-03T06:00:00Z,2024-06-03,06:00:00,Table 1,2024-06-03,06:00:00,2024-06-03 06:00:00,N_N,0.24,not outlier,-0.9879444444444443
MOBEAST069,MOBEAST_T13_A_2024-06-03_0600,T13,Algae,2024-06-03T06:00:00Z,2024-06-03,06:00:00,Table 1,2024-06-03,06:00:00,2024-06-03 06:00:00,NO2,0.01,not outlier,-0.63173504454
MOBEAST069,MOBEAST_T13_A_2024-06-03_0600,T13,Algae,2024-06-03T06:00:00Z,2024-06-03,06:00:00,Table 1,2024-06-03,06:00:00,2024-06-03 06:00:00,PO4,0.077,not outlier,-0.07339967835294116
MOBEAST069,MOBEAST_T13_A_2024-06-03_0600,T13,Algae,2024-06-03T06:00:00Z,2024-06-03,06:00:00,Table 1,2024-06-03,06:00:00,2024-06-03 06:00:00,SiO2,0.01,not outlier,-0.5782400025055555
MOBEAST069,MOBEAST_T13_A_2024-06-03_0600,T13,Algae,2024-06-03T06:00:00Z,2024-06-03,06:00:00,Table 1,2024-06-03,06:00:00,2024-06-03 06:00:00,NH3,0.085,not outlier,-14.494837087999999
MOBEAST069,MOBEAST_T13_A_2024-06-03_0600,T13,Algae,2024-06-03T06:00:00Z,2024-06-03,06:00:00,Table 1,2024-06-03,06:00:00,2024-06-03 06:00:00,NO3,0.22999999999999998,not outlier,-0.43263554424999984
MOBEAST070,MOBEAST_T14_A_2024-06-03_0600,T14,Algae,2024-06-03T06:00:00Z,2024-06-03,06:00:00,Table 1,2024-06-03,06:00:00,2024-06-03 06:00:00,N_N,0.26,not outlier,-0.9679444444444443
MOBEAST070,MOBEAST_T14_A_2024-06-03_0600,T14,Algae,2024-06-03T06:00:00Z,2024-06-03,06:00:00,Table 1,2024-06-03,06:00:00,2024-06-03 06:00:00,NO2,0.01,not outlier,-0.63173504454
MOBEAST070,MOBEAST_T14_A_2024-06-03_0600,T14,Algae,2024-06-03T06:00:00Z,2024-06-03,06:00:00,Table 1,2024-06-03,06:00:00,2024-06-03 06:00:00,PO4,0.08,not outlier,-0.07039967835294116
MOBEAST070,MOBEAST_T14_A_2024-06-03_0600,T14,Algae,2024-06-03T06:00:00Z,2024-06-03,06:00:00,Table 1,2024-06-03,06:00:00,2024-06-03 06:00:00,SiO2,0.01,not outlier,-0.5782400025055555
MOBEAST070,MOBEAST_T14_A_2024-06-03_0600,T14,Algae,2024-06-03T06:00:00Z,2024-06-03,06:00:00,Table 1,2024-06-03,06:00:00,2024-06-03 06:00:00,NH3,0.085,not outlier,-14.494837087999999
MOBEAST070,MOBEAST_T14_A_2024-06-03_0600,T14,Algae,2024-06-03T06:00:00Z,2024-06-03,06:00:00,Table 1,2024-06-03,06:00:00,2024-06-03 06:00:00,NO3,0.25,not outlier,-0.4126355442499998
MOBEAST071,MOBEAST_T15_C_2024-06-03_0600,T15,Control,2024-06-03T06:00:00Z,2024-06-03,06:00:00,Table 1,2024-06-03,06:00:00,2024-06-03 06:00:00,N_N,1.28,not outlier,0.052055555555555744
MOBEAST071,MOBEAST_T15_C_2024-06-03_0600,T15,Control,2024-06-03T06:00:00Z,2024-06-03,06:00:00,Table 1,2024-06-03,06:00:00,2024-06-03 06:00:00,PO4,0.1,not outlier,-0.05039967835294115
MOBEAST071,MOBEAST_T15_C_2024-06-03_0600,T15,Control,2024-06-03T06:00:00Z,2024-06-03,06:00:00,Table 1,2024-06-03,06:00:00,2024-06-03 06:00:00,SiO2,0.01,not outlier,-0.5782400025055555
MOBEAST071,MOBEAST_T15_C_2024-06-03_0600,T15,Control,2024-06-03T06:00:00Z,2024-06-03,06:00:00,Table 1,2024-06-03,06:00:00,2024-06-03 06:00:00,NH3,0.38,not outlier,-14.199837087999999
MOBEAST071,MOBEAST_T15_C_2024-06-03_0600,T15,Control,2024-06-03T06:00:00Z,2024-06-03,06:00:00,Table 1,2024-06-03,06:00:00,2024-06-03 06:00:00,NO3,1.27,not outlier,0.6073644557500002
MOBEAST072,MOBEAST_T16_K_2024-06-03_0600,T16,Coral,2024-06-03T06:00:00Z,2024-06-03,06:00:00,Table 1,2024-06-03,06:00:00,2024-06-03 06:00:00,N_N,0.74,not outlier,-0.4879444444444443
MOBEAST072,MOBEAST_T16_K_2024-06-03_0600,T16,Coral,2024-06-03T06:00:00Z,2024-06-03,06:00:00,Table 1,2024-06-03,06:00:00,2024-06-03 06:00:00,PO4,0.11,not outlier,-0.04039967835294116
MOBEAST072,MOBEAST_T16_K_2024-06-03_0600,T16,Coral,2024-06-03T06:00:00Z,2024-06-03,06:00:00,Table 1,2024-06-03,06:00:00,2024-06-03 06:00:00,SiO2,0.01,not outlier,-0.5782400025055555
MOBEAST072,MOBEAST_T16_K_2024-06-03_0600,T16,Coral,2024-06-03T06:00:00Z,2024-06-03,06:00:00,Table 1,2024-06-03,06:00:00,2024-06-03 06:00:00,NH3,0.22,not outlier,-14.359837087999999
MOBEAST072,MOBEAST_T16_K_2024-06-03_0600,T16,Coral,2024-06-03T06:00:00Z,2024-06-03,06:00:00,Table 1,2024-06-03,06:00:00,2024-06-03 06:00:00,NO3,0.73,not outlier,0.06736445575000016
MOBEAST073,MOBEAST_F1_Inflow_2024-06-04_1200,F1,Inflow,2024-06-04T12:00:00Z,2024-06-04,12:00:00,Table 1,2024-06-04,12:00:00,2024-06-04 12:00:00,N_N,0.92,not outlier,-0.07000000000000006
MOBEAST073,MOBEAST_F1_Inflow_2024-06-04_1200,F1,Inflow,2024-06-04T12:00:00Z,2024-06-04,12:00:00,Table 1,2024-06-04,12:00:00,2024-06-04 12:00:00,NO2,0.12,not outlier,-0.0041176470588235314
MOBEAST073,MOBEAST_F1_Inflow_2024-06-04_1200,F1,Inflow,2024-06-04T12:00:00Z,2024-06-04,12:00:00,Table 1,2024-06-04,12:00:00,2024-06-04 12:00:00,PO4,0.12,not outlier,0.01672222222222222
MOBEAST073,MOBEAST_F1_Inflow_2024-06-04_1200,F1,Inflow,2024-06-04T12:00:00Z,2024-06-04,12:00:00,Table 1,2024-06-04,12:00:00,2024-06-04 12:00:00,SiO2,0.01,not outlier,0
MOBEAST073,MOBEAST_F1_Inflow_2024-06-04_1200,F1,Inflow,2024-06-04T12:00:00Z,2024-06-04,12:00:00,Table 1,2024-06-04,12:00:00,2024-06-04 12:00:00,NH3,0.3,not outlier,-0.12444444444444447
MOBEAST073,MOBEAST_F1_Inflow_2024-06-04_1200,F1,Inflow,2024-06-04T12:00:00Z,2024-06-04,12:00:00,Table 1,2024-06-04,12:00:00,2024-06-04 12:00:00,NO3,0.8,not outlier,-0.06611111111111112
MOBEAST074,MOBEAST_F2_Inflow_2024-06-04_1200,F2,Inflow,2024-06-04T12:00:00Z,2024-06-04,12:00:00,Table 2,2024-06-04,12:00:00,2024-06-04 12:00:00,N_N,1.1,not outlier,0.10999999999999999
MOBEAST074,MOBEAST_F2_Inflow_2024-06-04_1200,F2,Inflow,2024-06-04T12:00:00Z,2024-06-04,12:00:00,Table 2,2024-06-04,12:00:00,2024-06-04 12:00:00,NO2,0.13,not outlier,0.0058823529411764774
MOBEAST074,MOBEAST_F2_Inflow_2024-06-04_1200,F2,Inflow,2024-06-04T12:00:00Z,2024-06-04,12:00:00,Table 2,2024-06-04,12:00:00,2024-06-04 12:00:00,PO4,0.077,not outlier,-0.026277777777777775
MOBEAST074,MOBEAST_F2_Inflow_2024-06-04_1200,F2,Inflow,2024-06-04T12:00:00Z,2024-06-04,12:00:00,Table 2,2024-06-04,12:00:00,2024-06-04 12:00:00,SiO2,0.01,not outlier,0
MOBEAST074,MOBEAST_F2_Inflow_2024-06-04_1200,F2,Inflow,2024-06-04T12:00:00Z,2024-06-04,12:00:00,Table 2,2024-06-04,12:00:00,2024-06-04 12:00:00,NH3,0.62,not outlier,0.19555555555555554
MOBEAST074,MOBEAST_F2_Inflow_2024-06-04_1200,F2,Inflow,2024-06-04T12:00:00Z,2024-06-04,12:00:00,Table 2,2024-06-04,12:00:00,2024-06-04 12:00:00,NO3,0.9700000000000001,not outlier,0.10388888888888892
MOBEAST075,MOBEAST_T1_A_2024-06-04_1200,T1,Algae,2024-06-04T12:00:00Z,2024-06-04,12:00:00,Table 1,2024-06-04,12:00:00,2024-06-04 12:00:00,N_N,0.71,not outlier,-0.28000000000000014
MOBEAST075,MOBEAST_T1_A_2024-06-04_1200,T1,Algae,2024-06-04T12:00:00Z,2024-06-04,12:00:00,Table 1,2024-06-04,12:00:00,2024-06-04 12:00:00,NO2,0.07,not outlier,-0.05411764705882352
MOBEAST075,MOBEAST_T1_A_2024-06-04_1200,T1,Algae,2024-06-04T12:00:00Z,2024-06-04,12:00:00,Table 1,2024-06-04,12:00:00,2024-06-04 12:00:00,PO4,0.077,not outlier,-0.026277777777777775
MOBEAST075,MOBEAST_T1_A_2024-06-04_1200,T1,Algae,2024-06-04T12:00:00Z,2024-06-04,12:00:00,Table 1,2024-06-04,12:00:00,2024-06-04 12:00:00,SiO2,0.01,not outlier,0
MOBEAST075,MOBEAST_T1_A_2024-06-04_1200,T1,Algae,2024-06-04T12:00:00Z,2024-06-04,12:00:00,Table 1,2024-06-04,12:00:00,2024-06-04 12:00:00,NH3,0.43,not outlier,0.005555555555555536
MOBEAST075,MOBEAST_T1_A_2024-06-04_1200,T1,Algae,2024-06-04T12:00:00Z,2024-06-04,12:00:00,Table 1,2024-06-04,12:00:00,2024-06-04 12:00:00,NO3,0.6399999999999999,not outlier,-0.22611111111111126
MOBEAST076,MOBEAST_T2_R_2024-06-04_1200,T2,CCA,2024-06-04T12:00:00Z,2024-06-04,12:00:00,Table 2,2024-06-04,12:00:00,2024-06-04 12:00:00,N_N,0.63,not outlier,-0.3600000000000001
MOBEAST076,MOBEAST_T2_R_2024-06-04_1200,T2,CCA,2024-06-04T12:00:00Z,2024-06-04,12:00:00,Table 2,2024-06-04,12:00:00,2024-06-04 12:00:00,NO2,0.01,not outlier,-0.11411764705882353
MOBEAST076,MOBEAST_T2_R_2024-06-04_1200,T2,CCA,2024-06-04T12:00:00Z,2024-06-04,12:00:00,Table 2,2024-06-04,12:00:00,2024-06-04 12:00:00,PO4,0.09,not outlier,-0.013277777777777777
MOBEAST076,MOBEAST_T2_R_2024-06-04_1200,T2,CCA,2024-06-04T12:00:00Z,2024-06-04,12:00:00,Table 2,2024-06-04,12:00:00,2024-06-04 12:00:00,SiO2,0.01,not outlier,0
MOBEAST076,MOBEAST_T2_R_2024-06-04_1200,T2,CCA,2024-06-04T12:00:00Z,2024-06-04,12:00:00,Table 2,2024-06-04,12:00:00,2024-06-04 12:00:00,NH3,0.33,not outlier,-0.09444444444444444
MOBEAST076,MOBEAST_T2_R_2024-06-04_1200,T2,CCA,2024-06-04T12:00:00Z,2024-06-04,12:00:00,Table 2,2024-06-04,12:00:00,2024-06-04 12:00:00,NO3,0.62,not outlier,-0.24611111111111117
MOBEAST077,MOBEAST_T3_C_2024-06-04_1200,T3,Control,2024-06-04T12:00:00Z,2024-06-04,12:00:00,Table 2,2024-06-04,12:00:00,2024-06-04 12:00:00,N_N,0.89,not outlier,-0.10000000000000009
MOBEAST077,MOBEAST_T3_C_2024-06-04_1200,T3,Control,2024-06-04T12:00:00Z,2024-06-04,12:00:00,Table 2,2024-06-04,12:00:00,2024-06-04 12:00:00,NO2,0.09,not outlier,-0.03411764705882353
MOBEAST077,MOBEAST_T3_C_2024-06-04_1200,T3,Control,2024-06-04T12:00:00Z,2024-06-04,12:00:00,Table 2,2024-06-04,12:00:00,2024-06-04 12:00:00,PO4,0.19,not outlier,0.08672222222222223
MOBEAST077,MOBEAST_T3_C_2024-06-04_1200,T3,Control,2024-06-04T12:00:00Z,2024-06-04,12:00:00,Table 2,2024-06-04,12:00:00,2024-06-04 12:00:00,SiO2,0.01,not outlier,0
MOBEAST077,MOBEAST_T3_C_2024-06-04_1200,T3,Control,2024-06-04T12:00:00Z,2024-06-04,12:00:00,Table 2,2024-06-04,12:00:00,2024-06-04 12:00:00,NH3,1.37,not outlier,0.9455555555555557
MOBEAST077,MOBEAST_T3_C_2024-06-04_1200,T3,Control,2024-06-04T12:00:00Z,2024-06-04,12:00:00,Table 2,2024-06-04,12:00:00,2024-06-04 12:00:00,NO3,0.8,not outlier,-0.06611111111111112
MOBEAST078,MOBEAST_T4_A_2024-06-04_1200,T4,Algae,2024-06-04T12:00:00Z,2024-06-04,12:00:00,Table 2,2024-06-04,12:00:00,2024-06-04 12:00:00,N_N,6.28,not outlier,5.29
MOBEAST078,MOBEAST_T4_A_2024-06-04_1200,T4,Algae,2024-06-04T12:00:00Z,2024-06-04,12:00:00,Table 2,2024-06-04,12:00:00,2024-06-04 12:00:00,NO2,0.01,not outlier,-0.11411764705882353
MOBEAST078,MOBEAST_T4_A_2024-06-04_1200,T4,Algae,2024-06-04T12:00:00Z,2024-06-04,12:00:00,Table 2,2024-06-04,12:00:00,2024-06-04 12:00:00,PO4,0.09,not outlier,-0.013277777777777777
MOBEAST078,MOBEAST_T4_A_2024-06-04_1200,T4,Algae,2024-06-04T12:00:00Z,2024-06-04,12:00:00,Table 2,2024-06-04,12:00:00,2024-06-04 12:00:00,SiO2,0.56,not outlier,0.55
MOBEAST078,MOBEAST_T4_A_2024-06-04_1200,T4,Algae,2024-06-04T12:00:00Z,2024-06-04,12:00:00,Table 2,2024-06-04,12:00:00,2024-06-04 12:00:00,NH3,3.94,not outlier,3.5155555555555553
MOBEAST078,MOBEAST_T4_A_2024-06-04_1200,T4,Algae,2024-06-04T12:00:00Z,2024-06-04,12:00:00,Table 2,2024-06-04,12:00:00,2024-06-04 12:00:00,NO3,6.2700000000000005,not outlier,5.403888888888889
MOBEAST079,MOBEAST_T5_R_2024-06-04_1200,T5,CCA,2024-06-04T12:00:00Z,2024-06-04,12:00:00,Table 2,2024-06-04,12:00:00,2024-06-04 12:00:00,N_N,1.45,not outlier,0.45999999999999985
MOBEAST079,MOBEAST_T5_R_2024-06-04_1200,T5,CCA,2024-06-04T12:00:00Z,2024-06-04,12:00:00,Table 2,2024-06-04,12:00:00,2024-06-04 12:00:00,NO2,0.09,not outlier,-0.03411764705882353
MOBEAST079,MOBEAST_T5_R_2024-06-04_1200,T5,CCA,2024-06-04T12:00:00Z,2024-06-04,12:00:00,Table 2,2024-06-04,12:00:00,2024-06-04 12:00:00,PO4,0.07,not outlier,-0.03327777777777777
MOBEAST079,MOBEAST_T5_R_2024-06-04_1200,T5,CCA,2024-06-04T12:00:00Z,2024-06-04,12:00:00,Table 2,2024-06-04,12:00:00,2024-06-04 12:00:00,SiO2,0.01,not outlier,0
MOBEAST079,MOBEAST_T5_R_2024-06-04_1200,T5,CCA,2024-06-04T12:00:00Z,2024-06-04,12:00:00,Table 2,2024-06-04,12:00:00,2024-06-04 12:00:00,NH3,2.46,not outlier,2.0355555555555553
MOBEAST079,MOBEAST_T5_R_2024-06-04_1200,T5,CCA,2024-06-04T12:00:00Z,2024-06-04,12:00:00,Table 2,2024-06-04,12:00:00,2024-06-04 12:00:00,NO3,1.3599999999999999,not outlier,0.4938888888888887
MOBEAST080,MOBEAST_T6_K_2024-06-04_1200,T6,Coral,2024-06-04T12:00:00Z,2024-06-04,12:00:00,Table 2,2024-06-04,12:00:00,2024-06-04 12:00:00,N_N,1.64,not outlier,0.6499999999999998
MOBEAST080,MOBEAST_T6_K_2024-06-04_1200,T6,Coral,2024-06-04T12:00:00Z,2024-06-04,12:00:00,Table 2,2024-06-04,12:00:00,2024-06-04 12:00:00,NO2,0.08,not outlier,-0.044117647058823525
MOBEAST080,MOBEAST_T6_K_2024-06-04_1200,T6,Coral,2024-06-04T12:00:00Z,2024-06-04,12:00:00,Table 2,2024-06-04,12:00:00,2024-06-04 12:00:00,PO4,0.09,not outlier,-0.013277777777777777
MOBEAST080,MOBEAST_T6_K_2024-06-04_1200,T6,Coral,2024-06-04T12:00:00Z,2024-06-04,12:00:00,Table 2,2024-06-04,12:00:00,2024-06-04 12:00:00,SiO2,0.01,not outlier,0
MOBEAST080,MOBEAST_T6_K_2024-06-04_1200,T6,Coral,2024-06-04T12:00:00Z,2024-06-04,12:00:00,Table 2,2024-06-04,12:00:00,2024-06-04 12:00:00,NH3,0.65,not outlier,0.22555555555555556
MOBEAST080,MOBEAST_T6_K_2024-06-04_1200,T6,Coral,2024-06-04T12:00:00Z,2024-06-04,12:00:00,Table 2,2024-06-04,12:00:00,2024-06-04 12:00:00,NO3,1.5599999999999998,not outlier,0.6938888888888887
MOBEAST081,MOBEAST_T7_K_2024-06-04_1200,T7,Coral,2024-06-04T12:00:00Z,2024-06-04,12:00:00,Table 2,2024-06-04,12:00:00,2024-06-04 12:00:00,N_N,3.25,not outlier,2.26
MOBEAST081,MOBEAST_T7_K_2024-06-04_1200,T7,Coral,2024-06-04T12:00:00Z,2024-06-04,12:00:00,Table 2,2024-06-04,12:00:00,2024-06-04 12:00:00,NO2,0.08,not outlier,-0.044117647058823525
MOBEAST081,MOBEAST_T7_K_2024-06-04_1200,T7,Coral,2024-06-04T12:00:00Z,2024-06-04,12:00:00,Table 2,2024-06-04,12:00:00,2024-06-04 12:00:00,PO4,0.11,not outlier,0.006722222222222227
MOBEAST081,MOBEAST_T7_K_2024-06-04_1200,T7,Coral,2024-06-04T12:00:00Z,2024-06-04,12:00:00,Table 2,2024-06-04,12:00:00,2024-06-04 12:00:00,SiO2,0.01,not outlier,0
MOBEAST081,MOBEAST_T7_K_2024-06-04_1200,T7,Coral,2024-06-04T12:00:00Z,2024-06-04,12:00:00,Table 2,2024-06-04,12:00:00,2024-06-04 12:00:00,NH3,0.77,not outlier,0.34555555555555556
MOBEAST081,MOBEAST_T7_K_2024-06-04_1200,T7,Coral,2024-06-04T12:00:00Z,2024-06-04,12:00:00,Table 2,2024-06-04,12:00:00,2024-06-04 12:00:00,NO3,3.17,not outlier,2.303888888888889
MOBEAST082,MOBEAST_T8_C_2024-06-04_1200,T8,Control,2024-06-04T12:00:00Z,2024-06-04,12:00:00,Table 1,2024-06-04,12:00:00,2024-06-04 12:00:00,N_N,1.19,not outlier,0.19999999999999984
MOBEAST082,MOBEAST_T8_C_2024-06-04_1200,T8,Control,2024-06-04T12:00:00Z,2024-06-04,12:00:00,Table 1,2024-06-04,12:00:00,2024-06-04 12:00:00,NO2,0.13,not outlier,0.0058823529411764774
MOBEAST082,MOBEAST_T8_C_2024-06-04_1200,T8,Control,2024-06-04T12:00:00Z,2024-06-04,12:00:00,Table 1,2024-06-04,12:00:00,2024-06-04 12:00:00,PO4,0.09,not outlier,-0.013277777777777777
MOBEAST082,MOBEAST_T8_C_2024-06-04_1200,T8,Control,2024-06-04T12:00:00Z,2024-06-04,12:00:00,Table 1,2024-06-04,12:00:00,2024-06-04 12:00:00,SiO2,0.01,not outlier,0
MOBEAST082,MOBEAST_T8_C_2024-06-04_1200,T8,Control,2024-06-04T12:00:00Z,2024-06-04,12:00:00,Table 1,2024-06-04,12:00:00,2024-06-04 12:00:00,NH3,0.89,not outlier,0.46555555555555556
MOBEAST082,MOBEAST_T8_C_2024-06-04_1200,T8,Control,2024-06-04T12:00:00Z,2024-06-04,12:00:00,Table 1,2024-06-04,12:00:00,2024-06-04 12:00:00,NO3,1.06,not outlier,0.1938888888888889
MOBEAST083,MOBEAST_T9_K_2024-06-04_1200,T9,Coral,2024-06-04T12:00:00Z,2024-06-04,12:00:00,Table 1,2024-06-04,12:00:00,2024-06-04 12:00:00,N_N,0.81,not outlier,-0.18000000000000005
MOBEAST083,MOBEAST_T9_K_2024-06-04_1200,T9,Coral,2024-06-04T12:00:00Z,2024-06-04,12:00:00,Table 1,2024-06-04,12:00:00,2024-06-04 12:00:00,NO2,0.11,not outlier,-0.014117647058823526
MOBEAST083,MOBEAST_T9_K_2024-06-04_1200,T9,Coral,2024-06-04T12:00:00Z,2024-06-04,12:00:00,Table 1,2024-06-04,12:00:00,2024-06-04 12:00:00,PO4,0.09,not outlier,-0.013277777777777777
MOBEAST083,MOBEAST_T9_K_2024-06-04_1200,T9,Coral,2024-06-04T12:00:00Z,2024-06-04,12:00:00,Table 1,2024-06-04,12:00:00,2024-06-04 12:00:00,SiO2,0.01,not outlier,0
MOBEAST083,MOBEAST_T9_K_2024-06-04_1200,T9,Coral,2024-06-04T12:00:00Z,2024-06-04,12:00:00,Table 1,2024-06-04,12:00:00,2024-06-04 12:00:00,NH3,0.37,not outlier,-0.05444444444444446
MOBEAST083,MOBEAST_T9_K_2024-06-04_1200,T9,Coral,2024-06-04T12:00:00Z,2024-06-04,12:00:00,Table 1,2024-06-04,12:00:00,2024-06-04 12:00:00,NO3,0.7000000000000001,not outlier,-0.1661111111111111
MOBEAST084,MOBEAST_T10_R_2024-06-04_1200,T10,CCA,2024-06-04T12:00:00Z,2024-06-04,12:00:00,Table 1,2024-06-04,12:00:00,2024-06-04 12:00:00,N_N,1.01,not outlier,0.019999999999999907
MOBEAST084,MOBEAST_T10_R_2024-06-04_1200,T10,CCA,2024-06-04T12:00:00Z,2024-06-04,12:00:00,Table 1,2024-06-04,12:00:00,2024-06-04 12:00:00,NO2,0.1,not outlier,-0.02411764705882352
MOBEAST084,MOBEAST_T10_R_2024-06-04_1200,T10,CCA,2024-06-04T12:00:00Z,2024-06-04,12:00:00,Table 1,2024-06-04,12:00:00,2024-06-04 12:00:00,PO4,0.12,not outlier,0.01672222222222222
MOBEAST084,MOBEAST_T10_R_2024-06-04_1200,T10,CCA,2024-06-04T12:00:00Z,2024-06-04,12:00:00,Table 1,2024-06-04,12:00:00,2024-06-04 12:00:00,SiO2,0.01,not outlier,0
MOBEAST084,MOBEAST_T10_R_2024-06-04_1200,T10,CCA,2024-06-04T12:00:00Z,2024-06-04,12:00:00,Table 1,2024-06-04,12:00:00,2024-06-04 12:00:00,NH3,0.54,not outlier,0.11555555555555558
MOBEAST084,MOBEAST_T10_R_2024-06-04_1200,T10,CCA,2024-06-04T12:00:00Z,2024-06-04,12:00:00,Table 1,2024-06-04,12:00:00,2024-06-04 12:00:00,NO3,0.91,not outlier,0.043888888888888866
MOBEAST085,MOBEAST_T11_C_2024-06-04_1200,T11,Control,2024-06-04T12:00:00Z,2024-06-04,12:00:00,Table 1,2024-06-04,12:00:00,2024-06-04 12:00:00,N_N,2.62,not outlier,1.63
MOBEAST085,MOBEAST_T11_C_2024-06-04_1200,T11,Control,2024-06-04T12:00:00Z,2024-06-04,12:00:00,Table 1,2024-06-04,12:00:00,2024-06-04 12:00:00,NO2,0.12,not outlier,-0.0041176470588235314
MOBEAST085,MOBEAST_T11_C_2024-06-04_1200,T11,Control,2024-06-04T12:00:00Z,2024-06-04,12:00:00,Table 1,2024-06-04,12:00:00,2024-06-04 12:00:00,PO4,0.1,not outlier,-0.0032777777777777684
MOBEAST085,MOBEAST_T11_C_2024-06-04_1200,T11,Control,2024-06-04T12:00:00Z,2024-06-04,12:00:00,Table 1,2024-06-04,12:00:00,2024-06-04 12:00:00,SiO2,0.01,not outlier,0
MOBEAST085,MOBEAST_T11_C_2024-06-04_1200,T11,Control,2024-06-04T12:00:00Z,2024-06-04,12:00:00,Table 1,2024-06-04,12:00:00,2024-06-04 12:00:00,NH3,0.66,not outlier,0.23555555555555557
MOBEAST085,MOBEAST_T11_C_2024-06-04_1200,T11,Control,2024-06-04T12:00:00Z,2024-06-04,12:00:00,Table 1,2024-06-04,12:00:00,2024-06-04 12:00:00,NO3,2.5,not outlier,1.633888888888889
MOBEAST086,MOBEAST_T12_R_2024-06-04_1200,T12,CCA,2024-06-04T12:00:00Z,2024-06-04,12:00:00,Table 1,2024-06-04,12:00:00,2024-06-04 12:00:00,N_N,0.82,not outlier,-0.17000000000000015
MOBEAST086,MOBEAST_T12_R_2024-06-04_1200,T12,CCA,2024-06-04T12:00:00Z,2024-06-04,12:00:00,Table 1,2024-06-04,12:00:00,2024-06-04 12:00:00,NO2,0.1,not outlier,-0.02411764705882352
MOBEAST086,MOBEAST_T12_R_2024-06-04_1200,T12,CCA,2024-06-04T12:00:00Z,2024-06-04,12:00:00,Table 1,2024-06-04,12:00:00,2024-06-04 12:00:00,PO4,0.077,not outlier,-0.026277777777777775
MOBEAST086,MOBEAST_T12_R_2024-06-04_1200,T12,CCA,2024-06-04T12:00:00Z,2024-06-04,12:00:00,Table 1,2024-06-04,12:00:00,2024-06-04 12:00:00,SiO2,0.01,not outlier,0
MOBEAST086,MOBEAST_T12_R_2024-06-04_1200,T12,CCA,2024-06-04T12:00:00Z,2024-06-04,12:00:00,Table 1,2024-06-04,12:00:00,2024-06-04 12:00:00,NH3,0.43,not outlier,0.005555555555555536
MOBEAST086,MOBEAST_T12_R_2024-06-04_1200,T12,CCA,2024-06-04T12:00:00Z,2024-06-04,12:00:00,Table 1,2024-06-04,12:00:00,2024-06-04 12:00:00,NO3,0.72,not outlier,-0.1461111111111112
MOBEAST087,MOBEAST_T13_A_2024-06-04_1200,T13,Algae,2024-06-04T12:00:00Z,2024-06-04,12:00:00,Table 1,2024-06-04,12:00:00,2024-06-04 12:00:00,N_N,0.31,not outlier,-0.6800000000000002
MOBEAST087,MOBEAST_T13_A_2024-06-04_1200,T13,Algae,2024-06-04T12:00:00Z,2024-06-04,12:00:00,Table 1,2024-06-04,12:00:00,2024-06-04 12:00:00,NO2,0.01,not outlier,-0.11411764705882353
MOBEAST087,MOBEAST_T13_A_2024-06-04_1200,T13,Algae,2024-06-04T12:00:00Z,2024-06-04,12:00:00,Table 1,2024-06-04,12:00:00,2024-06-04 12:00:00,PO4,0.077,not outlier,-0.026277777777777775
MOBEAST087,MOBEAST_T13_A_2024-06-04_1200,T13,Algae,2024-06-04T12:00:00Z,2024-06-04,12:00:00,Table 1,2024-06-04,12:00:00,2024-06-04 12:00:00,SiO2,0.01,not outlier,0
MOBEAST087,MOBEAST_T13_A_2024-06-04_1200,T13,Algae,2024-06-04T12:00:00Z,2024-06-04,12:00:00,Table 1,2024-06-04,12:00:00,2024-06-04 12:00:00,NH3,0.26,not outlier,-0.16444444444444445
MOBEAST087,MOBEAST_T13_A_2024-06-04_1200,T13,Algae,2024-06-04T12:00:00Z,2024-06-04,12:00:00,Table 1,2024-06-04,12:00:00,2024-06-04 12:00:00,NO3,0.3,not outlier,-0.5661111111111112
MOBEAST088,MOBEAST_T14_A_2024-06-04_1200,T14,Algae,2024-06-04T12:00:00Z,2024-06-04,12:00:00,Table 1,2024-06-04,12:00:00,2024-06-04 12:00:00,N_N,1.07,not outlier,0.07999999999999996
MOBEAST088,MOBEAST_T14_A_2024-06-04_1200,T14,Algae,2024-06-04T12:00:00Z,2024-06-04,12:00:00,Table 1,2024-06-04,12:00:00,2024-06-04 12:00:00,NO2,0.01,not outlier,-0.11411764705882353
MOBEAST088,MOBEAST_T14_A_2024-06-04_1200,T14,Algae,2024-06-04T12:00:00Z,2024-06-04,12:00:00,Table 1,2024-06-04,12:00:00,2024-06-04 12:00:00,PO4,0.08,not outlier,-0.023277777777777772
MOBEAST088,MOBEAST_T14_A_2024-06-04_1200,T14,Algae,2024-06-04T12:00:00Z,2024-06-04,12:00:00,Table 1,2024-06-04,12:00:00,2024-06-04 12:00:00,SiO2,0.01,not outlier,0
MOBEAST088,MOBEAST_T14_A_2024-06-04_1200,T14,Algae,2024-06-04T12:00:00Z,2024-06-04,12:00:00,Table 1,2024-06-04,12:00:00,2024-06-04 12:00:00,NH3,0.61,not outlier,0.18555555555555553
MOBEAST088,MOBEAST_T14_A_2024-06-04_1200,T14,Algae,2024-06-04T12:00:00Z,2024-06-04,12:00:00,Table 1,2024-06-04,12:00:00,2024-06-04 12:00:00,NO3,1.06,not outlier,0.1938888888888889
MOBEAST089,MOBEAST_T15_C_2024-06-04_1200,T15,Control,2024-06-04T12:00:00Z,2024-06-04,12:00:00,Table 1,2024-06-04,12:00:00,2024-06-04 12:00:00,N_N,1.57,not outlier,0.58
MOBEAST089,MOBEAST_T15_C_2024-06-04_1200,T15,Control,2024-06-04T12:00:00Z,2024-06-04,12:00:00,Table 1,2024-06-04,12:00:00,2024-06-04 12:00:00,PO4,0.09,not outlier,-0.013277777777777777
MOBEAST089,MOBEAST_T15_C_2024-06-04_1200,T15,Control,2024-06-04T12:00:00Z,2024-06-04,12:00:00,Table 1,2024-06-04,12:00:00,2024-06-04 12:00:00,SiO2,0.01,not outlier,0
MOBEAST089,MOBEAST_T15_C_2024-06-04_1200,T15,Control,2024-06-04T12:00:00Z,2024-06-04,12:00:00,Table 1,2024-06-04,12:00:00,2024-06-04 12:00:00,NH3,1.25,not outlier,0.8255555555555556
MOBEAST089,MOBEAST_T15_C_2024-06-04_1200,T15,Control,2024-06-04T12:00:00Z,2024-06-04,12:00:00,Table 1,2024-06-04,12:00:00,2024-06-04 12:00:00,NO3,1.56,not outlier,0.6938888888888889
MOBEAST090,MOBEAST_T16_K_2024-06-04_1200,T16,Coral,2024-06-04T12:00:00Z,2024-06-04,12:00:00,Table 1,2024-06-04,12:00:00,2024-06-04 12:00:00,N_N,1.11,not outlier,0.12
MOBEAST090,MOBEAST_T16_K_2024-06-04_1200,T16,Coral,2024-06-04T12:00:00Z,2024-06-04,12:00:00,Table 1,2024-06-04,12:00:00,2024-06-04 12:00:00,NO2,0.08,not outlier,-0.044117647058823525
MOBEAST090,MOBEAST_T16_K_2024-06-04_1200,T16,Coral,2024-06-04T12:00:00Z,2024-06-04,12:00:00,Table 1,2024-06-04,12:00:00,2024-06-04 12:00:00,PO4,0.09,not outlier,-0.013277777777777777
MOBEAST090,MOBEAST_T16_K_2024-06-04_1200,T16,Coral,2024-06-04T12:00:00Z,2024-06-04,12:00:00,Table 1,2024-06-04,12:00:00,2024-06-04 12:00:00,SiO2,0.01,not outlier,0
MOBEAST090,MOBEAST_T16_K_2024-06-04_1200,T16,Coral,2024-06-04T12:00:00Z,2024-06-04,12:00:00,Table 1,2024-06-04,12:00:00,2024-06-04 12:00:00,NH3,0.32,not outlier,-0.10444444444444445
MOBEAST090,MOBEAST_T16_K_2024-06-04_1200,T16,Coral,2024-06-04T12:00:00Z,2024-06-04,12:00:00,Table 1,2024-06-04,12:00:00,2024-06-04 12:00:00,NO3,1.03,not outlier,0.16388888888888886
MOBEAST091,MOBEAST_F1_Inflow_2024-06-06_1200,F1,Inflow,2024-06-06T12:00:00Z,2024-06-06,12:00:00,Table 1,2024-06-06,12:00:00,2024-06-06 12:00:00,N_N,1.84,not outlier,0.10111111111111115
MOBEAST091,MOBEAST_F1_Inflow_2024-06-06_1200,F1,Inflow,2024-06-06T12:00:00Z,2024-06-06,12:00:00,Table 1,2024-06-06,12:00:00,2024-06-06 12:00:00,NO2,0.09,not outlier,-0.0031250000000000028
MOBEAST091,MOBEAST_F1_Inflow_2024-06-06_1200,F1,Inflow,2024-06-06T12:00:00Z,2024-06-06,12:00:00,Table 1,2024-06-06,12:00:00,2024-06-06 12:00:00,PO4,0.08,not outlier,-0.003888888888888886
MOBEAST091,MOBEAST_F1_Inflow_2024-06-06_1200,F1,Inflow,2024-06-06T12:00:00Z,2024-06-06,12:00:00,Table 1,2024-06-06,12:00:00,2024-06-06 12:00:00,SiO2,0.01,not outlier,0
MOBEAST091,MOBEAST_F1_Inflow_2024-06-06_1200,F1,Inflow,2024-06-06T12:00:00Z,2024-06-06,12:00:00,Table 1,2024-06-06,12:00:00,2024-06-06 12:00:00,NH3,1.22,not outlier,-0.0038888888888888307
MOBEAST091,MOBEAST_F1_Inflow_2024-06-06_1200,F1,Inflow,2024-06-06T12:00:00Z,2024-06-06,12:00:00,Table 1,2024-06-06,12:00:00,2024-06-06 12:00:00,NO3,1.75,not outlier,0.10499999999999998
MOBEAST092,MOBEAST_F2_Inflow_2024-06-06_1200,F2,Inflow,2024-06-06T12:00:00Z,2024-06-06,12:00:00,Table 2,2024-06-06,12:00:00,2024-06-06 12:00:00,N_N,1.58,not outlier,-0.15888888888888886
MOBEAST092,MOBEAST_F2_Inflow_2024-06-06_1200,F2,Inflow,2024-06-06T12:00:00Z,2024-06-06,12:00:00,Table 2,2024-06-06,12:00:00,2024-06-06 12:00:00,NO2,0.1,not outlier,0.006875000000000006
MOBEAST092,MOBEAST_F2_Inflow_2024-06-06_1200,F2,Inflow,2024-06-06T12:00:00Z,2024-06-06,12:00:00,Table 2,2024-06-06,12:00:00,2024-06-06 12:00:00,PO4,0.09,not outlier,0.006111111111111109
MOBEAST092,MOBEAST_F2_Inflow_2024-06-06_1200,F2,Inflow,2024-06-06T12:00:00Z,2024-06-06,12:00:00,Table 2,2024-06-06,12:00:00,2024-06-06 12:00:00,SiO2,0.01,not outlier,0
MOBEAST092,MOBEAST_F2_Inflow_2024-06-06_1200,F2,Inflow,2024-06-06T12:00:00Z,2024-06-06,12:00:00,Table 2,2024-06-06,12:00:00,2024-06-06 12:00:00,NH3,1.23,not outlier,0.006111111111111178
MOBEAST092,MOBEAST_F2_Inflow_2024-06-06_1200,F2,Inflow,2024-06-06T12:00:00Z,2024-06-06,12:00:00,Table 2,2024-06-06,12:00:00,2024-06-06 12:00:00,NO3,1.48,not outlier,-0.16500000000000004
MOBEAST093,MOBEAST_T1_A_2024-06-06_1200,T1,Algae,2024-06-06T12:00:00Z,2024-06-06,12:00:00,Table 1,2024-06-06,12:00:00,2024-06-06 12:00:00,N_N,1.95,not outlier,0.21111111111111103
MOBEAST093,MOBEAST_T1_A_2024-06-06_1200,T1,Algae,2024-06-06T12:00:00Z,2024-06-06,12:00:00,Table 1,2024-06-06,12:00:00,2024-06-06 12:00:00,NO2,0.09,not outlier,-0.0031250000000000028
MOBEAST093,MOBEAST_T1_A_2024-06-06_1200,T1,Algae,2024-06-06T12:00:00Z,2024-06-06,12:00:00,Table 1,2024-06-06,12:00:00,2024-06-06 12:00:00,PO4,0.077,not outlier,-0.006888888888888889
MOBEAST093,MOBEAST_T1_A_2024-06-06_1200,T1,Algae,2024-06-06T12:00:00Z,2024-06-06,12:00:00,Table 1,2024-06-06,12:00:00,2024-06-06 12:00:00,SiO2,0.01,not outlier,0
MOBEAST093,MOBEAST_T1_A_2024-06-06_1200,T1,Algae,2024-06-06T12:00:00Z,2024-06-06,12:00:00,Table 1,2024-06-06,12:00:00,2024-06-06 12:00:00,NH3,1.56,not outlier,0.33611111111111125
MOBEAST093,MOBEAST_T1_A_2024-06-06_1200,T1,Algae,2024-06-06T12:00:00Z,2024-06-06,12:00:00,Table 1,2024-06-06,12:00:00,2024-06-06 12:00:00,NO3,1.8599999999999999,not outlier,0.21499999999999986
MOBEAST094,MOBEAST_T2_R_2024-06-06_1200,T2,CCA,2024-06-06T12:00:00Z,2024-06-06,12:00:00,Table 2,2024-06-06,12:00:00,2024-06-06 12:00:00,N_N,1.46,not outlier,-0.27888888888888896
MOBEAST094,MOBEAST_T2_R_2024-06-06_1200,T2,CCA,2024-06-06T12:00:00Z,2024-06-06,12:00:00,Table 2,2024-06-06,12:00:00,2024-06-06 12:00:00,NO2,0.01,not outlier,-0.083125
MOBEAST094,MOBEAST_T2_R_2024-06-06_1200,T2,CCA,2024-06-06T12:00:00Z,2024-06-06,12:00:00,Table 2,2024-06-06,12:00:00,2024-06-06 12:00:00,PO4,0.13,not outlier,0.04611111111111112
MOBEAST094,MOBEAST_T2_R_2024-06-06_1200,T2,CCA,2024-06-06T12:00:00Z,2024-06-06,12:00:00,Table 2,2024-06-06,12:00:00,2024-06-06 12:00:00,SiO2,0.01,not outlier,0
MOBEAST094,MOBEAST_T2_R_2024-06-06_1200,T2,CCA,2024-06-06T12:00:00Z,2024-06-06,12:00:00,Table 2,2024-06-06,12:00:00,2024-06-06 12:00:00,NH3,1.16,not outlier,-0.06388888888888888
MOBEAST094,MOBEAST_T2_R_2024-06-06_1200,T2,CCA,2024-06-06T12:00:00Z,2024-06-06,12:00:00,Table 2,2024-06-06,12:00:00,2024-06-06 12:00:00,NO3,1.45,not outlier,-0.19500000000000006
MOBEAST095,MOBEAST_T3_C_2024-06-06_1200,T3,Control,2024-06-06T12:00:00Z,2024-06-06,12:00:00,Table 2,2024-06-06,12:00:00,2024-06-06 12:00:00,N_N,1.37,not outlier,-0.3688888888888888
MOBEAST095,MOBEAST_T3_C_2024-06-06_1200,T3,Control,2024-06-06T12:00:00Z,2024-06-06,12:00:00,Table 2,2024-06-06,12:00:00,2024-06-06 12:00:00,PO4,0.09,not outlier,0.006111111111111109
MOBEAST095,MOBEAST_T3_C_2024-06-06_1200,T3,Control,2024-06-06T12:00:00Z,2024-06-06,12:00:00,Table 2,2024-06-06,12:00:00,2024-06-06 12:00:00,SiO2,0.01,not outlier,0
MOBEAST095,MOBEAST_T3_C_2024-06-06_1200,T3,Control,2024-06-06T12:00:00Z,2024-06-06,12:00:00,Table 2,2024-06-06,12:00:00,2024-06-06 12:00:00,NH3,1.31,not outlier,0.08611111111111125
MOBEAST095,MOBEAST_T3_C_2024-06-06_1200,T3,Control,2024-06-06T12:00:00Z,2024-06-06,12:00:00,Table 2,2024-06-06,12:00:00,2024-06-06 12:00:00,NO3,1.36,not outlier,-0.2849999999999999
MOBEAST096,MOBEAST_T4_A_2024-06-06_1200,T4,Algae,2024-06-06T12:00:00Z,2024-06-06,12:00:00,Table 2,2024-06-06,12:00:00,2024-06-06 12:00:00,N_N,1.66,not outlier,-0.07888888888888901
MOBEAST096,MOBEAST_T4_A_2024-06-06_1200,T4,Algae,2024-06-06T12:00:00Z,2024-06-06,12:00:00,Table 2,2024-06-06,12:00:00,2024-06-06 12:00:00,NO2,0.01,not outlier,-0.083125
MOBEAST096,MOBEAST_T4_A_2024-06-06_1200,T4,Algae,2024-06-06T12:00:00Z,2024-06-06,12:00:00,Table 2,2024-06-06,12:00:00,2024-06-06 12:00:00,PO4,0.07,not outlier,-0.013888888888888881
MOBEAST096,MOBEAST_T4_A_2024-06-06_1200,T4,Algae,2024-06-06T12:00:00Z,2024-06-06,12:00:00,Table 2,2024-06-06,12:00:00,2024-06-06 12:00:00,SiO2,0.01,not outlier,0
MOBEAST096,MOBEAST_T4_A_2024-06-06_1200,T4,Algae,2024-06-06T12:00:00Z,2024-06-06,12:00:00,Table 2,2024-06-06,12:00:00,2024-06-06 12:00:00,NH3,3.13,not outlier,1.906111111111111
MOBEAST096,MOBEAST_T4_A_2024-06-06_1200,T4,Algae,2024-06-06T12:00:00Z,2024-06-06,12:00:00,Table 2,2024-06-06,12:00:00,2024-06-06 12:00:00,NO3,1.65,not outlier,0.004999999999999893
MOBEAST097,MOBEAST_T5_R_2024-06-06_1200,T5,CCA,2024-06-06T12:00:00Z,2024-06-06,12:00:00,Table 2,2024-06-06,12:00:00,2024-06-06 12:00:00,N_N,1.8,not outlier,0.061111111111111116
MOBEAST097,MOBEAST_T5_R_2024-06-06_1200,T5,CCA,2024-06-06T12:00:00Z,2024-06-06,12:00:00,Table 2,2024-06-06,12:00:00,2024-06-06 12:00:00,NO2,0.08,not outlier,-0.013124999999999998
MOBEAST097,MOBEAST_T5_R_2024-06-06_1200,T5,CCA,2024-06-06T12:00:00Z,2024-06-06,12:00:00,Table 2,2024-06-06,12:00:00,2024-06-06 12:00:00,PO4,0.077,not outlier,-0.006888888888888889
MOBEAST097,MOBEAST_T5_R_2024-06-06_1200,T5,CCA,2024-06-06T12:00:00Z,2024-06-06,12:00:00,Table 2,2024-06-06,12:00:00,2024-06-06 12:00:00,SiO2,0.01,not outlier,0
MOBEAST097,MOBEAST_T5_R_2024-06-06_1200,T5,CCA,2024-06-06T12:00:00Z,2024-06-06,12:00:00,Table 2,2024-06-06,12:00:00,2024-06-06 12:00:00,NH3,1.37,not outlier,0.1461111111111113
MOBEAST097,MOBEAST_T5_R_2024-06-06_1200,T5,CCA,2024-06-06T12:00:00Z,2024-06-06,12:00:00,Table 2,2024-06-06,12:00:00,2024-06-06 12:00:00,NO3,1.72,not outlier,0.07499999999999996
MOBEAST098,MOBEAST_T6_K_2024-06-06_1200,T6,Coral,2024-06-06T12:00:00Z,2024-06-06,12:00:00,Table 2,2024-06-06,12:00:00,2024-06-06 12:00:00,N_N,1.52,not outlier,-0.2188888888888889
MOBEAST098,MOBEAST_T6_K_2024-06-06_1200,T6,Coral,2024-06-06T12:00:00Z,2024-06-06,12:00:00,Table 2,2024-06-06,12:00:00,2024-06-06 12:00:00,PO4,0.11,not outlier,0.026111111111111113
MOBEAST098,MOBEAST_T6_K_2024-06-06_1200,T6,Coral,2024-06-06T12:00:00Z,2024-06-06,12:00:00,Table 2,2024-06-06,12:00:00,2024-06-06 12:00:00,SiO2,0.01,not outlier,0
MOBEAST098,MOBEAST_T6_K_2024-06-06_1200,T6,Coral,2024-06-06T12:00:00Z,2024-06-06,12:00:00,Table 2,2024-06-06,12:00:00,2024-06-06 12:00:00,NH3,1.11,not outlier,-0.1138888888888887
MOBEAST098,MOBEAST_T6_K_2024-06-06_1200,T6,Coral,2024-06-06T12:00:00Z,2024-06-06,12:00:00,Table 2,2024-06-06,12:00:00,2024-06-06 12:00:00,NO3,1.51,not outlier,-0.135
MOBEAST099,MOBEAST_T7_K_2024-06-06_1200,T7,Coral,2024-06-06T12:00:00Z,2024-06-06,12:00:00,Table 2,2024-06-06,12:00:00,2024-06-06 12:00:00,N_N,1.55,not outlier,-0.18888888888888888
MOBEAST099,MOBEAST_T7_K_2024-06-06_1200,T7,Coral,2024-06-06T12:00:00Z,2024-06-06,12:00:00,Table 2,2024-06-06,12:00:00,2024-06-06 12:00:00,NO2,0.08,not outlier,-0.013124999999999998
MOBEAST099,MOBEAST_T7_K_2024-06-06_1200,T7,Coral,2024-06-06T12:00:00Z,2024-06-06,12:00:00,Table 2,2024-06-06,12:00:00,2024-06-06 12:00:00,PO4,0.1,not outlier,0.016111111111111118
MOBEAST099,MOBEAST_T7_K_2024-06-06_1200,T7,Coral,2024-06-06T12:00:00Z,2024-06-06,12:00:00,Table 2,2024-06-06,12:00:00,2024-06-06 12:00:00,SiO2,0.01,not outlier,0
MOBEAST099,MOBEAST_T7_K_2024-06-06_1200,T7,Coral,2024-06-06T12:00:00Z,2024-06-06,12:00:00,Table 2,2024-06-06,12:00:00,2024-06-06 12:00:00,NH3,1.13,not outlier,-0.09388888888888891
MOBEAST099,MOBEAST_T7_K_2024-06-06_1200,T7,Coral,2024-06-06T12:00:00Z,2024-06-06,12:00:00,Table 2,2024-06-06,12:00:00,2024-06-06 12:00:00,NO3,1.47,not outlier,-0.17500000000000004
MOBEAST100,MOBEAST_T8_C_2024-06-06_1200,T8,Control,2024-06-06T12:00:00Z,2024-06-06,12:00:00,Table 1,2024-06-06,12:00:00,2024-06-06 12:00:00,N_N,1.6,not outlier,-0.13888888888888884
MOBEAST100,MOBEAST_T8_C_2024-06-06_1200,T8,Control,2024-06-06T12:00:00Z,2024-06-06,12:00:00,Table 1,2024-06-06,12:00:00,2024-06-06 12:00:00,NO2,0.1,not outlier,0.006875000000000006
MOBEAST100,MOBEAST_T8_C_2024-06-06_1200,T8,Control,2024-06-06T12:00:00Z,2024-06-06,12:00:00,Table 1,2024-06-06,12:00:00,2024-06-06 12:00:00,PO4,0.07,not outlier,-0.013888888888888881
MOBEAST100,MOBEAST_T8_C_2024-06-06_1200,T8,Control,2024-06-06T12:00:00Z,2024-06-06,12:00:00,Table 1,2024-06-06,12:00:00,2024-06-06 12:00:00,SiO2,0.01,not outlier,0
MOBEAST100,MOBEAST_T8_C_2024-06-06_1200,T8,Control,2024-06-06T12:00:00Z,2024-06-06,12:00:00,Table 1,2024-06-06,12:00:00,2024-06-06 12:00:00,NH3,1.24,not outlier,0.016111111111111187
MOBEAST100,MOBEAST_T8_C_2024-06-06_1200,T8,Control,2024-06-06T12:00:00Z,2024-06-06,12:00:00,Table 1,2024-06-06,12:00:00,2024-06-06 12:00:00,NO3,1.5,not outlier,-0.14500000000000002
MOBEAST101,MOBEAST_T9_K_2024-06-06_1200,T9,Coral,2024-06-06T12:00:00Z,2024-06-06,12:00:00,Table 1,2024-06-06,12:00:00,2024-06-06 12:00:00,N_N,1.97,not outlier,0.23111111111111104
MOBEAST101,MOBEAST_T9_K_2024-06-06_1200,T9,Coral,2024-06-06T12:00:00Z,2024-06-06,12:00:00,Table 1,2024-06-06,12:00:00,2024-06-06 12:00:00,NO2,0.09,not outlier,-0.0031250000000000028
MOBEAST101,MOBEAST_T9_K_2024-06-06_1200,T9,Coral,2024-06-06T12:00:00Z,2024-06-06,12:00:00,Table 1,2024-06-06,12:00:00,2024-06-06 12:00:00,PO4,0.12,not outlier,0.03611111111111111
MOBEAST101,MOBEAST_T9_K_2024-06-06_1200,T9,Coral,2024-06-06T12:00:00Z,2024-06-06,12:00:00,Table 1,2024-06-06,12:00:00,2024-06-06 12:00:00,SiO2,0.04,not outlier,0.03
MOBEAST101,MOBEAST_T9_K_2024-06-06_1200,T9,Coral,2024-06-06T12:00:00Z,2024-06-06,12:00:00,Table 1,2024-06-06,12:00:00,2024-06-06 12:00:00,NH3,1.35,not outlier,0.12611111111111128
MOBEAST101,MOBEAST_T9_K_2024-06-06_1200,T9,Coral,2024-06-06T12:00:00Z,2024-06-06,12:00:00,Table 1,2024-06-06,12:00:00,2024-06-06 12:00:00,NO3,1.88,not outlier,0.23499999999999988
MOBEAST102,MOBEAST_T10_R_2024-06-06_1200,T10,CCA,2024-06-06T12:00:00Z,2024-06-06,12:00:00,Table 1,2024-06-06,12:00:00,2024-06-06 12:00:00,N_N,1.55,not outlier,-0.18888888888888888
MOBEAST102,MOBEAST_T10_R_2024-06-06_1200,T10,CCA,2024-06-06T12:00:00Z,2024-06-06,12:00:00,Table 1,2024-06-06,12:00:00,2024-06-06 12:00:00,NO2,0.08,not outlier,-0.013124999999999998
MOBEAST102,MOBEAST_T10_R_2024-06-06_1200,T10,CCA,2024-06-06T12:00:00Z,2024-06-06,12:00:00,Table 1,2024-06-06,12:00:00,2024-06-06 12:00:00,PO4,0.1,not outlier,0.016111111111111118
MOBEAST102,MOBEAST_T10_R_2024-06-06_1200,T10,CCA,2024-06-06T12:00:00Z,2024-06-06,12:00:00,Table 1,2024-06-06,12:00:00,2024-06-06 12:00:00,SiO2,0.05,not outlier,0.04
MOBEAST102,MOBEAST_T10_R_2024-06-06_1200,T10,CCA,2024-06-06T12:00:00Z,2024-06-06,12:00:00,Table 1,2024-06-06,12:00:00,2024-06-06 12:00:00,NH3,1.31,not outlier,0.08611111111111125
MOBEAST102,MOBEAST_T10_R_2024-06-06_1200,T10,CCA,2024-06-06T12:00:00Z,2024-06-06,12:00:00,Table 1,2024-06-06,12:00:00,2024-06-06 12:00:00,NO3,1.47,not outlier,-0.17500000000000004
MOBEAST103,MOBEAST_T11_C_2024-06-06_1200,T11,Control,2024-06-06T12:00:00Z,2024-06-06,12:00:00,Table 1,2024-06-06,12:00:00,2024-06-06 12:00:00,N_N,1.66,not outlier,-0.07888888888888901
MOBEAST103,MOBEAST_T11_C_2024-06-06_1200,T11,Control,2024-06-06T12:00:00Z,2024-06-06,12:00:00,Table 1,2024-06-06,12:00:00,2024-06-06 12:00:00,NO2,0.09,not outlier,-0.0031250000000000028
MOBEAST103,MOBEAST_T11_C_2024-06-06_1200,T11,Control,2024-06-06T12:00:00Z,2024-06-06,12:00:00,Table 1,2024-06-06,12:00:00,2024-06-06 12:00:00,PO4,0.09,not outlier,0.006111111111111109
MOBEAST103,MOBEAST_T11_C_2024-06-06_1200,T11,Control,2024-06-06T12:00:00Z,2024-06-06,12:00:00,Table 1,2024-06-06,12:00:00,2024-06-06 12:00:00,SiO2,0.21,not outlier,0.19999999999999998
MOBEAST103,MOBEAST_T11_C_2024-06-06_1200,T11,Control,2024-06-06T12:00:00Z,2024-06-06,12:00:00,Table 1,2024-06-06,12:00:00,2024-06-06 12:00:00,NH3,1.33,not outlier,0.10611111111111127
MOBEAST103,MOBEAST_T11_C_2024-06-06_1200,T11,Control,2024-06-06T12:00:00Z,2024-06-06,12:00:00,Table 1,2024-06-06,12:00:00,2024-06-06 12:00:00,NO3,1.5699999999999998,not outlier,-0.07500000000000018
MOBEAST104,MOBEAST_T12_R_2024-06-06_1200,T12,CCA,2024-06-06T12:00:00Z,2024-06-06,12:00:00,Table 1,2024-06-06,12:00:00,2024-06-06 12:00:00,N_N,1.21,not outlier,-0.528888888888889
MOBEAST104,MOBEAST_T12_R_2024-06-06_1200,T12,CCA,2024-06-06T12:00:00Z,2024-06-06,12:00:00,Table 1,2024-06-06,12:00:00,2024-06-06 12:00:00,NO2,0.01,not outlier,-0.083125
MOBEAST104,MOBEAST_T12_R_2024-06-06_1200,T12,CCA,2024-06-06T12:00:00Z,2024-06-06,12:00:00,Table 1,2024-06-06,12:00:00,2024-06-06 12:00:00,PO4,0.11,not outlier,0.026111111111111113
MOBEAST104,MOBEAST_T12_R_2024-06-06_1200,T12,CCA,2024-06-06T12:00:00Z,2024-06-06,12:00:00,Table 1,2024-06-06,12:00:00,2024-06-06 12:00:00,SiO2,0.01,not outlier,0
MOBEAST104,MOBEAST_T12_R_2024-06-06_1200,T12,CCA,2024-06-06T12:00:00Z,2024-06-06,12:00:00,Table 1,2024-06-06,12:00:00,2024-06-06 12:00:00,NH3,1.4,not outlier,0.1761111111111111
MOBEAST104,MOBEAST_T12_R_2024-06-06_1200,T12,CCA,2024-06-06T12:00:00Z,2024-06-06,12:00:00,Table 1,2024-06-06,12:00:00,2024-06-06 12:00:00,NO3,1.2,not outlier,-0.44500000000000006
MOBEAST105,MOBEAST_T13_A_2024-06-06_1200,T13,Algae,2024-06-06T12:00:00Z,2024-06-06,12:00:00,Table 1,2024-06-06,12:00:00,2024-06-06 12:00:00,N_N,1.49,not outlier,-0.24888888888888894
MOBEAST105,MOBEAST_T13_A_2024-06-06_1200,T13,Algae,2024-06-06T12:00:00Z,2024-06-06,12:00:00,Table 1,2024-06-06,12:00:00,2024-06-06 12:00:00,NO2,0.09,not outlier,-0.0031250000000000028
MOBEAST105,MOBEAST_T13_A_2024-06-06_1200,T13,Algae,2024-06-06T12:00:00Z,2024-06-06,12:00:00,Table 1,2024-06-06,12:00:00,2024-06-06 12:00:00,PO4,0.1,not outlier,0.016111111111111118
MOBEAST105,MOBEAST_T13_A_2024-06-06_1200,T13,Algae,2024-06-06T12:00:00Z,2024-06-06,12:00:00,Table 1,2024-06-06,12:00:00,2024-06-06 12:00:00,SiO2,0.12,not outlier,0.11
MOBEAST105,MOBEAST_T13_A_2024-06-06_1200,T13,Algae,2024-06-06T12:00:00Z,2024-06-06,12:00:00,Table 1,2024-06-06,12:00:00,2024-06-06 12:00:00,NH3,1.36,not outlier,0.1361111111111113
MOBEAST105,MOBEAST_T13_A_2024-06-06_1200,T13,Algae,2024-06-06T12:00:00Z,2024-06-06,12:00:00,Table 1,2024-06-06,12:00:00,2024-06-06 12:00:00,NO3,1.4,not outlier,-0.2450000000000001
MOBEAST106,MOBEAST_T14_A_2024-06-06_1200,T14,Algae,2024-06-06T12:00:00Z,2024-06-06,12:00:00,Table 1,2024-06-06,12:00:00,2024-06-06 12:00:00,N_N,1.05,not outlier,-0.6888888888888889
MOBEAST106,MOBEAST_T14_A_2024-06-06_1200,T14,Algae,2024-06-06T12:00:00Z,2024-06-06,12:00:00,Table 1,2024-06-06,12:00:00,2024-06-06 12:00:00,NO2,0.01,not outlier,-0.083125
MOBEAST106,MOBEAST_T14_A_2024-06-06_1200,T14,Algae,2024-06-06T12:00:00Z,2024-06-06,12:00:00,Table 1,2024-06-06,12:00:00,2024-06-06 12:00:00,PO4,0.1,not outlier,0.016111111111111118
MOBEAST106,MOBEAST_T14_A_2024-06-06_1200,T14,Algae,2024-06-06T12:00:00Z,2024-06-06,12:00:00,Table 1,2024-06-06,12:00:00,2024-06-06 12:00:00,SiO2,0.01,not outlier,0
MOBEAST106,MOBEAST_T14_A_2024-06-06_1200,T14,Algae,2024-06-06T12:00:00Z,2024-06-06,12:00:00,Table 1,2024-06-06,12:00:00,2024-06-06 12:00:00,NH3,2.81,not outlier,1.5861111111111112
MOBEAST106,MOBEAST_T14_A_2024-06-06_1200,T14,Algae,2024-06-06T12:00:00Z,2024-06-06,12:00:00,Table 1,2024-06-06,12:00:00,2024-06-06 12:00:00,NO3,1.04,not outlier,-0.605
MOBEAST107,MOBEAST_T15_C_2024-06-06_1200,T15,Control,2024-06-06T12:00:00Z,2024-06-06,12:00:00,Table 1,2024-06-06,12:00:00,2024-06-06 12:00:00,N_N,1.36,not outlier,-0.37888888888888883
MOBEAST107,MOBEAST_T15_C_2024-06-06_1200,T15,Control,2024-06-06T12:00:00Z,2024-06-06,12:00:00,Table 1,2024-06-06,12:00:00,2024-06-06 12:00:00,NO2,0.07,not outlier,-0.023124999999999993
MOBEAST107,MOBEAST_T15_C_2024-06-06_1200,T15,Control,2024-06-06T12:00:00Z,2024-06-06,12:00:00,Table 1,2024-06-06,12:00:00,2024-06-06 12:00:00,PO4,0.13,not outlier,0.04611111111111112
MOBEAST107,MOBEAST_T15_C_2024-06-06_1200,T15,Control,2024-06-06T12:00:00Z,2024-06-06,12:00:00,Table 1,2024-06-06,12:00:00,2024-06-06 12:00:00,SiO2,0.01,not outlier,0
MOBEAST107,MOBEAST_T15_C_2024-06-06_1200,T15,Control,2024-06-06T12:00:00Z,2024-06-06,12:00:00,Table 1,2024-06-06,12:00:00,2024-06-06 12:00:00,NH3,1.75,not outlier,0.5261111111111112
MOBEAST107,MOBEAST_T15_C_2024-06-06_1200,T15,Control,2024-06-06T12:00:00Z,2024-06-06,12:00:00,Table 1,2024-06-06,12:00:00,2024-06-06 12:00:00,NO3,1.29,not outlier,-0.355
MOBEAST108,MOBEAST_T16_K_2024-06-06_1200,T16,Coral,2024-06-06T12:00:00Z,2024-06-06,12:00:00,Table 1,2024-06-06,12:00:00,2024-06-06 12:00:00,N_N,1.12,not outlier,-0.6188888888888888
MOBEAST108,MOBEAST_T16_K_2024-06-06_1200,T16,Coral,2024-06-06T12:00:00Z,2024-06-06,12:00:00,Table 1,2024-06-06,12:00:00,2024-06-06 12:00:00,NO2,0.08,not outlier,-0.013124999999999998
MOBEAST108,MOBEAST_T16_K_2024-06-06_1200,T16,Coral,2024-06-06T12:00:00Z,2024-06-06,12:00:00,Table 1,2024-06-06,12:00:00,2024-06-06 12:00:00,PO4,0.08,not outlier,-0.003888888888888886
MOBEAST108,MOBEAST_T16_K_2024-06-06_1200,T16,Coral,2024-06-06T12:00:00Z,2024-06-06,12:00:00,Table 1,2024-06-06,12:00:00,2024-06-06 12:00:00,SiO2,0.07,not outlier,0.060000000000000005
MOBEAST108,MOBEAST_T16_K_2024-06-06_1200,T16,Coral,2024-06-06T12:00:00Z,2024-06-06,12:00:00,Table 1,2024-06-06,12:00:00,2024-06-06 12:00:00,NH3,1.09,not outlier,-0.13388888888888872
MOBEAST108,MOBEAST_T16_K_2024-06-06_1200,T16,Coral,2024-06-06T12:00:00Z,2024-06-06,12:00:00,Table 1,2024-06-06,12:00:00,2024-06-06 12:00:00,NO3,1.04,not outlier,-0.605
