Wavelength	500	495	490	485	480	475	470	465	460	455	450	445	440	435	430	425	420	415	410	405	400	395	390	385	380	375	370	365	360	355	350	345	340	335	330	325	320	315	310	305	300	295	290	285	280	275	270	265	260	255	250	245	240
248.336	0	-5.15094521741432	-5.08598822902046	-7.56241276147499	-1.37608409247053	-2.52144483981267	-7.86314298236762	-5.24878975893862	2.82035348036968	3.00458456921378	13.0476535244386	1.80046383638007	-8.30287100957852	-5.15796814380018	1.42922732766889	-8.14085959120108	2.24544557875825	2.75670231118519	-12.5361481924869	-5.93529734231577	0.899703182467542	2.96863575726738	12.6608720335366	-12.6540133333116	5.42319928083882	-13.166499974657	-2.22974145491421	-4.44086034967392	-2.95482337359399	-2.1890851473515	5.0520881791983	17.2944744467715	-2.90796405682452	-2.59794116751443	22.6841018969964	22.6944468404781	26.514356500326	37.5773154718609	30.0255418524102	62.968627170757	61.2659442510662	137.224084451481	371.434341685548	692.303111679945	927.103124842348	949.214299313646	1014.50180850277	1005.30953389877	1122.35093264493	2861.89217814335	58679.1057619967	185043.545259043	60322.6279621724
252.814	-4.39437229243119	-6.16930948365667	6.59913606757025	-7.15068524719702	-11.5369933062001	4.52991817215892	9.98849148140871	2.51459932659077	-1.68897481329097	-2.61716654744973	5.45135977624075	2.58770803848764	-8.5883322493557	0	16.2620219551653	1.27178386037606	5.82698985498973	-9.90514303346652	-9.83715119895727	-17.4984158377419	9.6982057226643	-17.777739771833	-1.01093209900959	19.5558281162092	11.1349531872079	2.70335558892653	8.45680827959406	5.31883775005298	7.96276080536296	0.873958933105414	25.0680473421776	19.8505977743339	6.53040224051314	20.891939331876	40.5230267416095	31.5496508533572	48.6589388126107	71.576624881599	49.6614256609032	85.7573354542429	114.937985345082	370.849786401687	745.581048911552	1044.6711215283	1152.78484150852	1220.72593559551	1241.51980286861	1267.52815277524	2666.23347905	56077.9206822333	209992.509279144	79970.9327840615	4356.92966020496
257.296	-8.6956281498172	-7.2137542099682	-23.1033883848162	-11.3198783877472	-17.5298088852062	4.48192385088073	-5.64723644047748	-8.95664605146371	1.67108018545463	-16.1839860083385	-10.4276321072029	-1.2801456821113	-6.7084256651438	-11.7879457006363	-2.1170692649	-4.19436451929554	-8.42613915426278	-14.0002834238902	1.02451862455501	-3.7872232883582	-14.3931803690092	-28.6455702704156	-22.5049794641839	-14.511476111718	-5.50848937790005	-9.36149771547964	11.0094851287504	-3.50832323601201	-19.2583004508084	-11.2410918024181	-15.3946255504503	2.98873847387448	27.9985890685136	15.8327923256204	28.7034348111181	15.3675733805053	61.826259888393	53.1137048226454	49.1352646293527	124.565170824843	287.834232935472	616.39888852543	1006.83575779055	1120.46762548221	1151.82339848757	1154.11272621361	1199.29219471492	2215.16744967669	40063.0183697479	186714.548882855	91684.7626068938	4242.48186253681	4799.61814197576
261.781	12.6054014890212	14.6401356049648	3.05789705491705	8.61502986887843	8.68723927270858	6.0639690086612	-4.01132429888939	10.0984952527605	4.52188782885878	3.61294988966875	9.48669228149899	9.95909190042833	8.62256976013288	3.9872240014962	-2.14826983434023	12.7685384513697	10.3503878761714	11.8388452731995	9.87636714454628	20.8622060617269	-2.70468548891713	8.66932533734948	27.9114603473621	-10.7985832393719	-7.91870117776743	-13.1183073496346	-1.3406086528678	7.12005516493623	11.1034784257323	7.89698684733846	19.9608128944559	25.9953032211924	21.8547859451125	53.1074854614214	46.6947932929382	43.8582793748926	61.7089495278776	60.9737894456186	107.169058725101	301.652545436543	630.44131698443	927.999793038619	1139.17053883421	1185.95006491411	1280.90354864511	1355.57944750967	2094.6581989674	29547.2462962091	140727.441092666	97419.0072145322	5333.02468638145	3699.18422774414	20383.3296675041
266.271	4.487274271667	20.0446133811066	-1.03671526708206	-7.30185878647613	-3.36597095363954	3.8547381199541	1.45709420577671	3.08131294597779	11.4978776198639	9.01967533560457	2.59775024192657	-3.523220134289	-2.30786822772339	0.450594632126932	10.4878859454973	16.0169399095445	4.57706075609406	7.2246777945983	5.28690508103892	14.5180360450077	0	24.3776661990097	8.25843473681345	3.49462056063762	15.1604781838003	-6.44118433143507	29.997329064687	0.905213995033766	-2.71036751216902	18.2949258888076	14.1230422592039	41.8624971278508	27.1184133470859	46.2984911216274	51.2544372602673	59.9725256379208	73.2238958008639	105.205066022155	209.257073127663	588.770810757091	937.617039390749	1181.25450413875	1169.7148145148	1189.0080438131	1348.18675019889	2019.63602473701	21816.093402261	113358.758655204	94084.26095244	6344.83525010892	2276.55821208866	14480.0679749803	30271.8189651345
270.764	-14.7526099968382	-30.9442420569973	-20.2278887145775	-0.487078119628028	-18.102780380016	-4.24271650897335	2.91590974281134	0.51385549885328	2.30093382023587	-4.67963119074543	6.68387484469752	-14.5418674660899	-3.23292399116318	0	0	12.9943789274196	-1.37392929014701	-2.40964840461504	-5.29002791103085	-12.2917481509858	-13.2121150459329	-7.26572161404681	-8.26331276796536	7.49289586556693	-7.11067174824784	-4.60356354468407	7.27637519155447	-1.35862302021224	3.61595793600739	-10.2690692831088	11.0401440260572	12.7866263219292	21.7965105097531	57.6802105219313	47.9911982470093	54.0567481361472	66.9871059657874	176.184063534974	505.663079944557	855.713382687355	1111.34101651286	1113.77648733304	1163.27876981883	1263.10452357744	1796.88350140083	15788.6712170061	94457.1366195264	94527.1343918931	7231.20539032837	2133.97746906514	8923.43706218805	26258.8739541764	8972.17619880007
275.26	-6.27863307700324	-6.17025131374304	17.2619138126627	23.8392563260465	13.1871480996249	1.51020324219198	-1.99800327244867	1.76048825037487	3.37846531712997	4.90793642621161	25.0800832065007	-2.15675257314183	5.87712441556416	0	13.268411628488	10.5998167975294	-0.896596834656722	9.90665519001231	2.58911920410863	-8.75054360599636	15.0884008914779	-1.0160259307846	2.02217286344393	25.4264576576256	3.7122176970722	4.95690853790169	14.6903830431707	17.2888616677153	15.9279528610034	4.80750795237327	43.2273695257987	30.6436435902385	67.0556984162046	54.238419371432	79.2161893189374	82.0416150897588	156.244652814171	453.387829583424	788.995033304383	1076.08429953942	1089.1549577377	1118.33899915779	1248.76760811032	1646.18472225745	11384.8419177216	77576.0273554391	92436.0759712576	9073.29020052777	2181.39207512223	5308.21779291095	22641.8194914758	13249.7509956745	1504.94253593474
279.76	-31.742730718015	-20.7238100138023	-12.3403044136531	-17.1514270563506	-4.40726767394583	-16.5182394861918	-1.11002812854574	-2.20066247432352	-10.1278154850714	-13.9970393516588	-10.9551269267545	15.5170043607535	-11.4280127924184	-6.00717681764781	0.416133884048951	-20.1990185550415	-2.61513608652657	-4.12787083698327	0	3.1903779765081	-11.5261349911152	-5.43304521257641	-6.88116798391367	-8.08178467139463	-11.2787065181366	5.69557283997609	-0.865615477767084	-5.17200428526066	-2.15081621958944	23.3703842621906	31.5207040675692	46.1583819526949	33.0206341666995	44.9527609677043	61.3453861789787	115.163050644176	372.548448814007	701.279363587014	1004.10847059038	1079.92867452235	1043.13973960859	1071.59132176575	1415.32934115339	8825.14490755735	63258.3764930818	75444.5077183677	11186.6702833636	2722.20831001204	3927.89728414158	17653.9459336924	16871.7573475744	1644.70077523362	-196.54566146447
284.264	23.81971935233	17.1282024587864	35.703541687583	32.2057367716695	25.5483812204538	12.5766677421547	11.8849770884634	4.88699692208215	7.29430519053249	14.229616882545	26.9065211111706	12.373133370479	11.2946551709321	17.5599258430176	15.4457687827542	7.84650084855806	9.12593910130949	6.11115737812573	4.79148046143388	18.2181901781837	17.4518273316348	14.572168020124	25.7281557479169	21.7175801675052	19.7509941955041	16.2618708404501	32.5412290066551	29.5339794736139	38.8927584281674	29.1170587305766	38.7987936725287	67.0932786985704	68.0909437975706	81.4516833427119	86.5105788229562	328.810939265534	650.823972071298	963.501708744727	1040.68700683841	1049.18494438357	1049.27307642835	1246.06357075817	5945.3291598677	51707.0194529383	60282.1308352509	13317.0432131749	3404.7501101731	3851.93266489927	13484.5878237574	19249.0643589854	3857.33703975268	1345.31546714488	2826.64782647886
288.772	40.6438976335364	10.7952169401377	10.6590817742814	10.427044647194	-6.12841761425128	9.24766233653647	0.249687430826915	4.40011079359597	5.66453911869091	20.0356868403646	14.6263593557823	19.6214993187273	16.214513195848	23.5502164212924	7.488343598956	10.7561010567115	14.1178392276534	18.5702945279774	-2.26490802975691	9.09006894322545	18.3843515332732	14.6651754038549	3.53791015006393	23.0980225703544	29.2263426545447	21.6810062905722	16.745038912601	27.5333253453109	51.0892959308989	46.642914785107	58.6123362310904	47.1944133851284	69.3242026111199	82.4482762908123	266.711667678122	554.187255173935	874.301289399661	975.405536655051	941.404145366737	968.474913193515	1033.44610944201	3805.66023307547	42761.4428094454	48929.0586734047	14455.8010545604	3529.88936321623	4141.78260470901	10142.741327921	19956.6515271384	6871.22624845857	1759.73826860838	1511.81851852542	1630.87896968253
293.283	17.9001160276766	18.8140366068616	15.751560161286	3.99792391129665	10.3665437616791	12.0301440862614	5.74408981928615	2.31974155000458	4.72150049834778	8.77949373369197	25.6018290693575	12.2976198254463	-2.65357518780487	12.9522855898664	20.0981968144057	11.0212757811667	5.26268125257205	24.1295605682761	5.21044856453533	38.521763633085	10.8444679677411	15.3351886353468	9.74985031297975	15.1703662380518	7.00370395518766	37.4080646830453	16.0509026597234	26.0202615558865	36.7286090026749	44.3429438549567	54.0078516943143	64.0570811463734	77.7689791647158	202.049744672293	480.416268593921	814.935797351486	951.460755700292	925.876752416261	935.411298007922	973.72476524219	2466.44114207574	37093.9866931227	40931.6441449721	15070.8447861662	2980.10141173589	4069.17001083347	7803.41225941265	19305.6091448983	10325.2755898332	2707.1949837957	1686.79140152778	1571.82798795625	2505.00490722177
297.797	-2.54839541097296	-1.36603909623281	13.1883878785612	7.74077423250881	-10.7048993909181	5.82318669779898	2.3170204215612	6.12474556616413	-8.22758591373015	3.71849679540422	14.4579816313787	-0.700312732735401	0.366989161902331	-1.43303975864407	-0.694894612235238	-1.0325505243968	10.1895954844735	-7.27600618947529	-13.0309309007884	7.10340766709799	-2.18719192532971	3.2991076722411	4.92460315695424	-1.98465136308957	1.13004675074914	19.3876779237787	14.8161287435427	29.1486548414204	48.8458954644047	37.6066716115254	45.9686564568381	45.5467205554517	145.274201713471	402.756997904854	702.87007855808	943.41624279734	874.11735321132	909.988205947974	874.983619366887	1869.02905268252	30001.7353653556	35873.0242516924	16992.683660369	2386.79892758617	3252.69317863526	5756.37163031804	16591.6986698877	13665.9282561855	3763.81814532864	2334.06287209767	1802.18197144005	1826.02258428101	1258.13114009622
302.315	0.500351506732358	0	9.30567693657194	17.857911451868	-15.1066735809801	5.71661725979002	4.77669551110173	1.40295337831736	1.34616897590377	-3.91119110749771	4.34491464852931	2.06248918142317	4.68354818718696	1.40681387071557	1.02326614451685	-6.08192365008976	5.71606681454397	-3.38345473122343	3.71393808524127	-4.79421872834318	-1.28829863368857	1.21452416261407	-6.44597145071829	1.16899829859743	12.9426021823547	17.9555343080083	26.9614273737411	25.4357411749761	34.5536273275968	36.9184364463121	51.6725835282442	129.668208982957	326.523694032982	650.474055539605	906.918693447386	866.960800982059	831.176404503343	847.090400603576	1447.69311811602	23934.1543202397	32545.1410464885	20637.948942106	1695.65908717955	2414.50753601114	4021.32909415017	12553.137721918	16175.6357334998	5524.8264115158	3182.29328452615	2396.61236314918	1684.21702832543	1792.60476501857	2201.71111227933
306.837	16.9647685578156	15.1562933867663	6.05208758365306	17.4294807533856	5.56741692180537	-0.300040116507216	13.1561878893965	1.79879436657563	10.5157437655236	7.80068682672502	12.7097344631612	-6.17030659417861	24.7898866778009	4.91019224650989	2.04085622880062	8.08674056818727	17.1006398851552	-6.37324468329056	11.1109124179369	1.30388780613752	3.85417660675183	8.88180830614413	-4.01755846229552	8.93746328109588	25.0758856643983	34.7371251393321	20.1649873622452	43.6845026901644	45.357706839427	67.7276264759111	110.272636823868	275.42383272638	559.883160044745	857.473858718481	940.272041379957	828.677776860827	1196.08221820364	1221.85750941717	18134.899719356	30336.3826611644	25422.5827202878	1373.87094423176	1519.08849754456	2667.20036009957	8378.63807463423	16214.1323229659	7379.30586855371	3942.96599168873	3037.25928899165	2333.81703748205	1876.0064884024	2041.9709977701	2356.25866311574
311.362	-3.98666605890393	-21.3700812544153	-8.05925301882015	-20.8132622556665	-15.0457383504116	-11.9864386361129	-0.67963256158058	-6.38763125557675	-7.82097740601282	-10.3877724815091	-8.36628487217959	-8.21667918033728	6.09993520346976	-11.9096836898567	-18.0047825288907	-16.8260867210447	-10.318580855583	-11.6071130516548	-11.0968719315924	-2.60448025393753	-14.969524163207	-17.3379609335901	-16.4511745960132	-6.59760340254747	-1.47318812417805	16.0947969599502	17.6662329349971	7.38883307354198	38.9794052032011	80.4766850958596	220.266578002722	480.269310120128	785.195974710258	847.921666960451	921.172170138118	805.283037087583	1069.34006921024	14007.993607845	28429.2569490875	28591.8089453358	1516.02513817865	932.784059378299	1429.80554297856	5172.08201354882	13940.7318469468	8886.73146916002	4220.91483357027	3413.19883018651	2681.84821874346	1994.40368074304	1623.56124304841	1342.65931004832	802.254933507257
315.89	6.47179289790983	-4.89236677680715	17.3099031328443	10.9631877581177	21.2388216034009	15.86599933333	9.05262023311109	2.79176772197583	16.2958580920284	16.8630909079495	14.1218670137982	9.91846519193767	22.582823324692	13.6473177776122	12.5566885286338	10.0854611399645	17.4172441938024	7.10685588203669	11.4962507579073	26.4521539019324	27.345213109303	24.1680828967552	6.01264691117942	22.48674861135	50.0378353005922	59.6692867708265	49.0625521164424	60.8084664114934	85.2471541599252	229.750788037463	443.858695235375	742.947340428613	838.952549445019	860.460876548604	896.87107457585	973.06246759584	9617.59523257757	27020.6118119499	28444.4685530168	1816.89670515454	851.742406527156	941.311287362311	2642.22431497986	11021.5118783965	9997.74444662541	4378.7436191537	3941.68024817071	3293.71836219486	2698.55513616171	2072.76807253741	1794.87617214835	1819.82324359539	2101.56717796241
320.422	8.97528775230147	8.01850576039025	0	-15.524489505958	5.23638608802098	-6.59642851246623	0.90671107186057	-1.79758060141355	-2.68305908932409	-9.35450782678455	-2.02063883116238	-15.4153577037056	-11.1299701233206	10.865232106966	-10.877222018879	-7.74456374816543	-8.90057341453086	-11.6139571342017	-5.75732637549167	5.21203194825311	2.5677172931142	6.05169215758681	6.02227132605678	28.7359135354135	44.9587318814456	28.9877169336095	28.6361725959942	44.0070825361644	175.335065123907	416.157074311242	671.831568162009	777.384498741515	814.014611179264	839.948015825712	905.256132793614	7247.5799869267	25531.2072339192	27028.9769164712	2484.60615769542	862.801097755733	858.263620743739	1472.24663137167	7680.81017636265	10536.2216004543	4855.77256599665	4395.54665169947	4291.09016886351	3657.45477526509	3029.90662941705	2427.38603134008	1909.38675374304	1851.78381513096	1819.5167536646
324.958	-20.0663383541303	-0.459672569333	0.416052798073518	-2.73501151569639	-9.79348637492549	1.8563722922629	-4.44416501686199	-13.6024596625721	11.7664868881931	-11.5296080947818	14.8932097802064	8.48359607489334	1.85237946081734	-1.80831867192401	-5.26122556507442	1.04236069192574	-3.30634475152804	19.3293022495463	-2.97042438820159	8.06725855099092	23.404505686465	18.7337935726276	0	37.2652367673928	37.2655852178365	46.8986521778046	56.5443607323558	151.124035902779	369.462245320695	684.784047099759	793.142683725101	792.615079622419	828.18723076773	929.385886220074	5160.82931530126	24944.0696646702	26322.3789994059	3425.65566358989	926.338761277899	925.696850279958	1070.83610751784	4782.03815979087	10400.4652354994	5337.91536278742	4378.41141626637	4815.60213506823	4694.004409556	4171.38450779252	3485.83449021308	2834.53488340513	2395.28496709709	2158.09341289146	2834.68141098752
329.496	16.7512241046687	9.35344572534954	-3.80964057108788	-12.7204988827552	22.6765147972253	-0.629559627153689	-2.61771467219739	2.93558455060863	8.21557056133832	11.1846653174882	13.6371577057322	14.7450294431643	-4.90000306240645	10.6707760856621	7.49390190722187	11.6655107238001	18.3144867558386	0.786627663087872	25.4721451100381	6.38373063183042	26.0582138361825	19.0598192171584	10.1158177261143	28.9449185392509	68.4775451651341	44.7091742414984	140.295081837095	338.554610848974	673.580802541189	821.320579140552	825.686843648597	808.568080862491	884.712096748224	3971.64878195589	24076.3935803397	25377.7684770873	4691.7714923079	900.25658659905	855.829752748975	910.362546113854	2744.25638381245	8931.65043057765	5527.59255823585	3428.27371636553	4063.20367218082	4433.6304598279	4408.14492334703	3847.07106799262	3219.87195446205	2686.65530386065	2501.63285657634	2027.92754691551	2490.73900843669
334.038	-16.3318587891278	-7.06009013713639	-5.11210883950558	-7.2011859056015	-9.68205968117922	-6.01918687176841	-1.43700481817132	-2.53235831292933	8.26827822162621	-2.19637491636372	3.35491395524781	-15.9254537707579	10.2422203547837	-14.8127383674867	5.38712831688433	-5.33652352519964	-9.40407389454507	7.12506903082431	-2.17250540051665	2.29453070508929	4.52161938340687	35.3803159989534	25.0275949170941	48.414264898731	51.784991523565	111.544729632519	302.18751712069	605.198947474264	814.893407280596	777.449172771873	799.79046302294	778.26462032728	2544.74874522926	23340.7725617703	24179.8461207913	6120.27302153341	880.327147898442	840.503052019235	812.936994152138	1693.06157108171	6933.53889226942	6252.18462656494	2521.03381910619	3267.18656009224	3966.93172739699	4402.05614515312	4273.66636968395	3754.87476055999	3229.32286313746	2373.96025760063	2330.58473266594	2140.68296522256	1941.29331073259
338.584	7.88408449606283	-15.9655539782901	6.37523492930799	0.798265944801515	-14.1442417109402	9.48181699873479	0.238942312536933	-0.842151040569887	-4.00665591547765	1.91734655246669	5.47705742962974	-20.5825928662469	-2.27074146274073	9.60582781040366	6.80778373242876	-4.25926345430057	-12.7597166435118	5.52879765271707	2.1674393481534	0.915672041058952	16.2398716062564	37.8494619732572	41.8975269251874	50.7573697245425	106.047639054639	254.257062044127	555.265072069189	780.062519650233	787.80704147014	746.001085323526	734.598020831827	1761.3739994564	22768.4106474814	23246.8942665615	8409.61078944801	709.149556243312	799.795704880831	786.332771180855	1067.68785462203	4943.08864776546	7081.56505949425	2342.85086218959	2215.36101415792	3207.59294164493	3929.98095670063	4286.48714185728	4180.05041823744	3673.79419608152	3195.70503639515	2741.30341638929	2345.43932355736	2227.54880196114	2500.87314486592
343.133	11.027592752083	0.469144348381113	20.3820369749779	-1.99383412229409	6.89330067000935	16.4200725438281	3.10340051872707	-1.89310159424137	15.0700437701625	25.4499503228306	8.20804950836935	12.266073379582	11.3432918961517	12.9190597638953	15.7509313918463	22.3406199641725	5.24918116949973	21.3057993767562	36.3795772988665	27.4449612515733	25.6895418901745	34.8405473859285	50.3154740797083	101.83057218228	290.684308332641	474.127540152274	769.211587902837	777.863864936252	732.317775812323	717.53641534439	1355.77117841001	21317.8009384357	22786.1265104051	9787.66054393288	634.417888358804	615.115188083918	709.087195370192	824.166255372935	3097.94275479864	6955.79593783321	2853.38472347575	1394.78555876385	1977.34406555415	2822.61455668126	3455.03769725686	3693.60045456402	3617.01093041681	3198.53341856166	2814.85330960888	2379.09784071765	2241.93444045977	2401.40438921385	3231.24495550047
347.685	26.3643326836683	2.82646162655182	3.83737473202066	2.40245700745214	22.841599691468	6.02435676656902	-1.43823906523761	2.53453336187767	9.93045583999851	10.1669589210008	14.6521985424612	8.69407209993168	4.93567505585781	6.67145747964052	2.15670213399857	10.6822141574568	16.9418719392395	4.35794869314647	9.56723403191604	21.5871139430653	28.0581186850074	31.570989323915	62.8350083876289	248.438881864533	537.389765650227	662.274364217709	785.465126359809	720.384627978962	697.434471094661	1069.91077301511	16717.090261273	22682.9370669198	12481.6242808291	596.63076565682	508.619408028684	571.172523461967	643.17357341158	1821.8190843803	6067.9831720066	3728.24115582354	1081.58585652049	1192.87032050653	1769.36410381183	2446.16314510636	2911.75556633841	3108.11403007806	3109.89305307171	2690.49148727048	2426.40908307313	2043.20457370575	1909.21999664452	1927.50151401327	2622.05375001654
352.24	36.884305364655	27.2215241630708	12.9675728373182	13.3956580666863	22.8056091211896	16.7149916933262	4.37419434497394	11.1343751278342	15.1010165236885	10.5856780323643	13.306865042968	-0.734493117573336	1.15470275367582	5.26043904039295	24.0507482540772	19.8540199754587	25.5722783393872	30.52451409082	13.2260667705462	26.5410023745803	55.5134180047554	68.7700492247965	189.38186004311	559.095431093026	773.541381536071	685.599018941526	738.304553713374	715.595399545282	914.981662418614	13804.753310661	23081.1609654253	14919.9576843002	636.891632869037	461.400769171676	488.574680640835	510.849981550397	1056.78381337859	4758.62117982961	4695.86629639076	1188.06250560354	891.351628021961	1157.87899131485	1648.56446033452	2253.34052980709	2594.46153340257	2827.56788899251	2762.42007684712	2428.85143647078	2171.79929326812	1982.44713665184	1873.63384917293	1930.71613698286	2581.7031082308
356.799	-3.24307385054108	18.349923119366	6.55604265169272	-2.05226381440997	8.51437220502432	9.42570599676155	-4.17722204187957	4.1136674116696	0.484739821840938	-4.5067984529629	6.88403464758501	11.8828546044092	-1.16757092450484	2.6595310585954	11.0539878158153	0.365005017865039	14.2793820714099	14.2139990234549	21.8433178849667	15.5370826133845	53.3486590876003	145.632905553578	327.713058603668	865.458227276758	740.217508846889	641.256172406947	661.072001576474	827.755030599701	10322.842146497	23607.7096798834	17084.6696547421	752.397884433364	402.212140908912	411.812902906258	419.876863666478	615.588825995759	3143.05924413233	5188.88992054711	1586.9920666677	717.429967677007	783.871921382301	1006.89719010575	1438.04952667273	1963.10331297468	2213.88957577517	2347.35351575434	2331.46584611378	2070.37909779158	1849.16409877619	1705.70999491352	1523.12240041302	1550.76518231282	1895.01073586244
361.361	3.26566022853693	-6.32132564059425	-4.84124827329436	2.89317951932927	17.8618135925461	14.0733829584923	3.21659328220996	-1.09008343049511	-1.4643473725798	5.10545929175937	27.4128240128531	-10.0959857234388	4.31090905178014	9.18189721572556	9.64684350970757	8.45358316671268	22.9284058456128	9.81462334391498	9.42661954548244	39.8243760170364	140.139666944372	301.661586653398	514.494843894111	891.831678323372	632.742222352152	601.189633621313	762.150823283873	8369.40088146893	24073.3514680997	19593.6476365803	987.402156235589	382.373329519141	395.954333742252	405.04619165717	472.706795330533	1858.78662634409	4952.81001621649	2293.76563468925	660.696696165083	640.164802119902	753.298957854292	920.739639921239	1292.84302101766	1666.15019909565	1827.72795574559	1940.35210254837	1843.25920930351	1782.16624317984	1501.21154414833	1406.02667735787	1395.06416531877	1347.54381671404	2609.18309530165
365.926	12.0106485234429	-8.77932945400287	7.50477405971865	-15.7537869971368	8.95817593483747	-13.1314919537964	2.73004316610214	1.31209419739122	4.16165250205309	0.569005335529088	19.5952245834938	1.50026848144941	6.28955890017928	0.767494392883571	7.44330665382486	2.21201605346489	10.9145016429758	18.4586077010211	29.2667212996259	108.900332713476	273.169628196778	477.064637367218	552.990412102954	684.946625024508	606.027115240581	652.39576309266	7536.01056698204	24168.0204764028	22566.8420680984	1259.38496382771	338.658728287067	339.632550574506	381.261641671249	390.433650568476	1016.37925298691	4156.52223724281	3117.15168188249	736.58570086037	530.171224833078	595.044791431524	674.843686136049	901.561666646511	1140.4207661928	1445.26955779627	1566.26956845983	1654.60324889015	1613.78346877824	1439.59153933596	1339.34488486928	1218.00343057477	1289.73818032771	1534.52975421819	2050.75173336676
370.495	-25.99220540638	-14.9971470979874	-0.437871638423514	0.411206043020922	14.5720801528953	-5.53555433161238	-4.67722804982546	-4.121216986772	-11.6551064810068	-0.564383689831712	9.09106304503502	-13.0207246290124	-10.1375187305038	-1.52252110950069	-7.01370722021792	4.75377357513073	2.31982511233866	10.9852085451235	70.1162181312832	214.144878832672	483.342864847602	567.827716571789	535.418586182513	596.305362497614	657.533376571869	4968.45970321146	24102.1911882341	24001.541737539	1768.27692549053	308.708094650454	328.824511152522	333.523817325732	359.763639344804	622.687300252368	2994.18356706735	3750.97200423293	1010.43476000372	552.395672481735	545.560320805983	583.916053958066	657.599533398724	806.996072074304	1034.88914184367	1223.93221786052	1368.94139092746	1428.44023709732	1363.67945930745	1262.14688992974	1222.88009804715	1189.5648574977	1066.0520907848	1277.58891517856	1356.0632422191
375.067	-5.39638675706744	9.16013202394677	2.1818153625124	1.22936803815536	8.1464182838314	5.51648310642691	1.22660893448183	3.67470073693433	5.32351967917009	11.5300048616178	18.4318894978335	4.44886810790814	24.0907979928233	11.00024870235	18.0256646277285	18.5851679809412	37.7599356509448	57.1695573195279	167.343115730001	429.634561643528	564.581772692919	544.039963624038	537.484507425622	676.622376659527	4240.29802815992	24308.5961664868	24013.797188103	2287.98286857296	308.021083366941	312.903406870906	345.896727967989	356.857714751561	446.471125647753	2053.44379550694	4118.75110771958	1515.8312594561	582.509660707094	546.76355291041	585.879790099269	606.477111828049	663.707047065053	816.291101917409	1004.67452518282	1159.4920444191	1268.24051509347	1316.46353234355	1294.56859657992	1285.07606911879	1165.09922175251	1087.77776051905	1199.86368274523	1391.07505126835	2278.05962077041
379.641	-19.2342096737291	6.96640862990577	-21.4381705318744	-5.92136014601057	-8.52998823670464	-6.87710422200627	-9.92555873997624	1.24937801519061	-3.03032416747384	-8.9398272696193	4.51417778921961	-5.71423137556156	-10.1063146338104	-6.94268820027901	7.08752749009985	5.9678072838347	46.767619977085	108.58255753272	326.267801639032	507.607676860438	500.147743886689	491.696170479922	523.20973746403	4249.26539376707	24082.8383198155	23387.4267720786	2662.95942826696	284.08628750861	251.664359983737	304.320241736526	304.576146031071	339.4792057119	1222.14345387086	3723.60438466189	2227.30773116353	605.312980225996	514.91024037857	546.015125906988	560.134206250562	597.828615841989	653.341742247755	759.011640785242	899.790941178953	1049.39826545639	1093.29686117634	1152.79141432064	1068.23123459361	1055.45770659097	1033.89880865239	958.857045594211	1003.34197959277	1287.05104276888	1617.97529314858
384.219	3.6111905603181	2.30445077233258	0.834309685472735	19.587543146917	-1.35440378704247	-8.06558769938388	6.80116663979928	11.7786958994807	6.4771434121374	10.7536258901063	22.996294949109	13.4679402177856	18.2014034016475	11.6038948086838	23.5623882570085	49.1207202278851	128.552313072762	224.813821943784	405.473247220409	550.026648458966	502.980070472837	501.725907165458	2675.04700025517	25230.7071392484	23943.6500469494	3583.36544215341	293.346432620276	232.385878707941	290.099924064394	310.980015579521	332.801796760527	723.080321397507	3049.9773902574	2921.20175506496	793.165911876111	536.883206353504	556.026389960003	574.385887394227	621.540406375713	661.749634253669	680.383946007842	745.727541855955	837.527546927137	1027.55948026904	990.661987178203	1083.21394188339	1044.39938754338	960.496553719533	927.262886302981	1037.37094492654	1079.33934874656	1555.23828766253	1753.29899046569
388.801	-23.9372233205708	-12.4748585474013	4.43578147136628	-1.13608646076766	-8.18292073718615	-9.29618015044812	0.453414684576446	0.799028946299957	-4.02511371628951	-5.19762683110891	9.23841125033537	1.71304099147807	-1.07723440979515	-13.6709463693562	31.2760933189745	61.9645933622673	189.428913555671	291.510887736321	351.654020313522	541.253257950723	470.381579525906	1988.44199216935	21577.4010885315	24378.6130457309	5235.05855790409	253.049256000523	193.407778615263	240.838173349717	260.752689583099	269.374497838649	446.000545815158	2088.03648892414	3312.85610963063	1081.9405189082	494.937918009961	497.398690520224	543.599705322092	544.90593306775	596.746040517302	648.876289851833	651.003607947297	709.716575706004	823.161258252826	885.530049567495	943.685201984501	982.46624170235	926.725623297338	932.688623323802	843.322067644508	888.124415400987	1035.66945298048	1350.88912602218	1552.14323996245
393.385	5.2490444581293	8.95265657211728	10.0324230460558	5.07309735841819	1.87920698485887	-0.860833429591769	-5.64019300360181	3.24942467934716	11.1266396933576	5.71949872959253	27.072503609402	9.50715951531399	10.6513753291859	11.7397013459486	67.9870176886609	165.631880193981	340.713755859958	300.092867125047	367.186028406289	486.737052774461	1704.9594580168	18798.3267312684	24132.9016220828	5776.16812248355	288.129661278422	180.831716744508	212.13346372777	244.602490952377	263.630701931829	326.182965098754	1297.05506802015	3200.19400846475	1560.67052449859	525.749960892344	477.443882035775	524.649853007669	559.869323767206	564.68546626594	605.72305899998	647.707699453827	682.654963904468	753.854559168631	796.499006682182	881.046123842465	890.414160128469	896.981886795097	862.190038568121	850.924851144233	910.148784340028	919.864120457789	1083.10671706251	1577.5664103172	1843.70457123049
397.972	9.23821681286052	4.12670305253785	-11.2053217857978	15.0828775683243	9.39843734097676	-7.22173929232357	-2.09986418532628	-3.33043258633642	-1.65699522553154	-1.20356825689623	26.4733028589164	7.9334735913127	10.6430122453542	52.9233342619318	119.026069774159	215.540779481419	535.936853507157	264.457431179016	375.241897472262	1355.12758143179	18017.0404977824	23450.9701668777	5347.8599040517	279.509508222583	182.979017243095	179.352955137845	217.787964833231	241.990740714153	264.631207076301	780.029762730692	2712.69452600339	2128.99130235393	588.780648655993	468.690807453363	491.638589096416	542.141083709552	563.052605768648	601.270482671539	615.314149746876	683.809086578766	668.447611490621	686.828706971336	789.25115465195	813.039580482547	798.770534501742	839.235907055251	798.915280520186	850.926228487534	776.20966888058	906.238313447144	1030.6052498828	1251.25356128708	1801.21130386137
402.562	23.9813564928624	-0.793514825608673	8.25948073395615	0.674477670381974	12.2423580563235	8.81260345645022	12.3152397735012	18.5004934345016	2.98706284263684	11.5715771563913	35.479202586585	30.8153124732544	49.2444322508608	101.76513750283	201.020432669402	231.22117838777	778.772217406254	285.958793506699	887.096901015297	16259.2180421907	23901.7632365718	6211.68336730385	286.421545919998	203.36430355969	178.548921453217	205.904396616045	214.742713370409	247.396571774635	482.565996209331	2013.67770646494	2516.36435967149	769.303088858462	436.415032150081	464.139396438447	507.86291001439	541.494527323817	572.864718148254	627.95300298347	618.238858644498	653.568507731828	668.396989327593	683.200202549836	752.785947603324	772.277762220864	773.820507453172	773.72703966978	810.723426530922	865.504582825972	935.209655345154	901.712258022102	1193.15147374008	1610.47341415897	1938.29478341236
407.156	26.8647033815334	19.2793931282884	18.1621523381734	4.01320233407547	17.3436007219944	12.4468763744508	7.60797125315582	5.29228783914161	11.8488603339641	12.6228514156074	63.7392577937145	31.1641048153284	85.6194448513547	177.071914126425	229.670802938547	271.529011880189	679.845154291841	542.673621461494	11052.4060776248	24031.5422331524	7869.22856077824	315.002624743392	162.763898481415	163.944753774574	201.47502111752	212.093740670826	231.067045264275	325.874356198911	1346.58639464049	2650.81791035707	1157.3589640346	425.349071552604	445.001661309092	469.633725494408	533.682121577421	548.908107415483	621.280078970703	623.109810728857	649.537437033898	672.452769096814	698.826042131319	714.965243834786	744.349059303074	785.762062287175	797.846753119194	818.328206006179	792.641285289792	847.174163196322	864.976943457574	993.32881015616	1336.22969225792	1629.14657184473	2284.54768795641
411.752	2.16573185776297	5.03063835122703	-4.90351648352547	7.56519474173699	-1.4214791262151	4.94878498478768	0	2.08202487513817	6.21523814959458	12.8662534492115	72.2174163490212	78.2628476622668	154.381873943836	161.670447401238	281.101891441255	283.141341151554	747.503848711583	7499.8752921459	22328.1366633937	10363.6244382077	354.652589281163	147.545670139151	144.735798182458	175.410439513896	191.111736203051	195.852151577356	253.669822132633	848.049571415866	2436.0396276619	1576.27679465569	478.037435627499	403.451120563399	419.043158023751	466.493917160594	505.504768467707	553.257253923324	578.173523991459	612.839931099883	647.890639762682	650.8783663483	665.353798746122	698.335249898605	683.952916955042	711.622853260842	709.794032049885	788.675925805243	758.288401249156	851.456836314446	833.829127574882	824.373786520731	1039.9954098652	1387.81503767572	1208.67431820479
416.352	-8.09995513030428	14.4729703745917	1.37890366741092	19.1002309755929	-10.0731967006046	6.66519198575711	8.52736279167626	7.00136720752088	3.63208269783452	28.6590168831696	110.319253364	143.219808319038	141.509750803842	143.238032568503	279.283024221753	376.268486572762	13301.8654663642	19954.7258433242	9473.79838424792	452.299645630835	170.138282573646	142.113691578839	156.18293933364	170.319271047895	204.480573774031	205.613394051793	544.675543184754	1950.17543147308	2011.57770918032	588.752687347606	395.651311201296	392.397777854155	422.189166860304	480.567244537961	521.609454684663	561.669699732764	596.531465982883	609.432326760599	629.141965291062	671.587975664289	653.093824370712	695.90443946298	690.532030318289	694.374575420772	697.894826007202	695.010353004182	773.265882925744	811.68705932416	931.005563001782	984.489077970939	1066.37603173118	1471.47058755603	1143.85318696034
420.954	-3.7592449466397	1.11950086694505	-4.05307167938314	1.90312345115545	5.75722511842298	8.03745208300627	1.51908177610465	5.85593364181313	20.0407978803155	38.5277766305285	224.882594071944	156.393908822833	148.87430351799	156.783664358629	299.262961891072	5478.01163413782	18710.736685317	9164.91058990791	550.493034516931	161.544074406378	126.905795774127	158.842116728214	168.495778348386	198.103806393684	199.728822660752	325.567509435829	1413.52542950093	2174.10307577499	867.128009842236	383.790542819136	383.050510056946	399.107478366517	442.330634118151	481.793891996639	516.271815720578	551.605229231283	576.29114051018	600.718255290233	623.257938510384	635.75188797884	657.603739264359	645.849698530752	673.991909977272	688.595947504367	701.669935962388	690.803256335342	725.370943674576	782.373019416733	952.163742160209	1007.49970125244	1218.9510555668	1551.21688382976	1688.56028185382
425.56	2.04891641133285	22.3320780016146	5.96446734245742	4.97888178360968	-2.95857595629159	14.5383979280307	8.7555845491782	7.2223228869896	31.4212502995438	89.0497813705506	511.704410677625	153.995056655796	158.152279180772	236.482404335109	4814.01305292101	17354.7719090022	17624.3238042675	641.028901718686	138.227509339815	137.781683975896	141.03233257366	157.160090828415	172.233617283267	194.351967613769	261.968268945474	923.794324880681	2088.41296916644	1189.13934091721	408.893161578396	389.07276336511	397.519955210846	421.68969411245	430.543200938635	464.254700704398	505.89309190072	557.000391712082	574.404212940144	574.475131886184	616.6707614796	628.475728348746	646.845076396222	661.126857317457	645.03815178599	644.874076342872	670.159328488235	709.916044018238	741.364634917392	903.345342052208	849.870304038209	968.369849468935	1205.35664149237	1593.45471483187	1773.86113302846
430.168	-2.41200425048156	-1.79573351019793	7.4765213463642	7.32648484235852	1.31926677276626	-4.10947216455696	14.6200836316959	18.1959715501096	70.6620122297669	106.003425838096	1236.23109539297	143.061177409416	175.989527914708	2294.7626219577	17247.4539812292	11146.2411056804	869.417131888969	133.201175266312	103.110797395595	114.505017667596	137.663812748059	150.922674143223	183.204624771368	223.220337626072	598.65996374094	1758.54564410192	1504.06979223313	490.464123742579	353.252813249505	353.421032614582	371.703402063436	408.430534379591	428.778518746424	476.216950634913	495.400563772624	530.880872241243	552.015350400354	582.315510355537	562.9225701943	614.202910521352	622.50110284449	618.43608124231	640.72849925084	674.082463010971	640.880057602109	650.636165108721	762.096508298205	851.193072338972	828.028914529679	1044.38645598842	1101.7714750048	1147.51168665318	1481.30351744471
434.779	6.81728267281134	8.95668815549038	9.07957112787352	8.83116448632218	2.36886707507923	11.0925275402768	19.6887972915876	49.4746903086284	127.132008895993	122.253362395508	1734.4264809705	185.689562949149	1751.54466014312	13090.7757033255	12562.8244144054	977.062075103139	148.031801951386	98.2251339138015	124.356120083096	135.532688485073	141.801124942006	171.643651656861	190.505524943853	394.441992202166	1397.99817042492	1754.24079931335	650.537710875897	360.435428717315	355.213952069405	383.819735043817	397.85064495518	409.636022167801	439.687497187247	473.063529945319	506.542540413845	534.232188115585	540.521090110984	560.79961442808	585.246115826558	586.279864471658	613.095771934656	621.408882807886	626.782795787186	646.373460413026	674.314820202754	723.084798294603	757.415258420345	791.676259610863	934.050380928262	1008.47559137857	1244.58564204823	1495.121798466	2108.91815908975
439.393	16.7306293455404	-7.11767325723635	10.6297206290258	2.11747661512115	14.6415419482833	24.1932751423468	47.0835702377319	84.5685422081213	99.6713410397259	148.218961171238	940.657389175418	1435.94983648359	11790.5808074384	12184.6594045307	1400.67205486525	127.776163412645	118.604493829564	89.7897766026804	122.87160398445	133.242925284068	167.524815006341	179.526215302827	286.743570908223	1006.99871268088	1796.73779554012	895.442818309251	360.668290271367	350.443265496836	367.447241426352	405.944149470406	411.384525585781	411.291628845086	429.855458390946	459.479523663373	491.191787785469	525.133547962391	534.974447229452	529.541601146317	564.690166879181	591.2553876013	590.885925105607	607.469036519898	588.18662952019	622.377101486358	663.923562605396	695.582933573315	733.729286911494	863.595168314344	954.667713381151	1023.20388974098	1156.34435648204	1200.90197864379	1866.87093411284
444.01	-8.66466538532435	3.1667712146426	14.012857787831	2.3926363538845	33.3468354701688	42.3928338644835	64.9933303513679	87.241722837078	104.020161758638	203.807860142784	14376.1554549075	10728.1928060122	12552.9561579398	1741.88414922234	134.511364878942	105.853551528962	109.109594667944	108.010164659937	115.636796222434	154.723258708651	152.449405904482	216.375747817944	657.704858434045	1652.01077771995	1140.43855892856	409.308528170814	338.722457892907	359.276091308491	364.961644596419	382.441968513333	395.891042640094	413.413926116971	437.290771843103	466.838493487596	479.865075979571	496.971704350686	508.365201110178	530.023401770097	527.870899706768	538.023921817109	553.656085729813	565.35478752904	584.459690069486	621.466580364704	658.369554323592	680.763020294775	792.730742380758	828.401446583182	918.75044012261	1005.86456619947	1155.44443239161	1388.09346077153	1099.01527466867
448.63	-5.41235618936453	14.5061675389432	-1.25044112588104	14.3850709956436	67.7493912487884	82.5271772225285	62.2149344445649	96.0107828886269	120.307006272127	1086.10104602688	14108.5515105709	12875.6228072497	2084.67612925005	133.426245280935	102.781530426413	72.315492819707	108.204794181557	115.026040125393	137.42082214168	164.671006666041	179.836441484783	424.158052696783	1333.83572010236	1378.62576345081	498.862570068241	327.966078984617	333.58229243106	353.752912829129	373.770311901051	374.862220324621	395.522185375619	407.928139119509	412.34861055734	441.271076492226	448.626795822536	460.321699815144	480.710403975007	505.571619245479	512.527273669083	516.132147620428	526.666404046307	539.806640307702	535.515656020974	572.887457001246	615.686158883384	656.079165063962	722.941653598038	880.458933939126	995.033051391531	898.445702136763	1202.81748645631	1052.86858666988	1521.35662635424
453.253	10.318494509884	-6.14568282373224	10.5069439019116	55.4298286221177	119.648361034951	76.5256646196326	74.8794929631851	126.445275739075	578.361620128543	9002.48482206718	13948.4159406302	2691.69834602343	135.110933324708	91.8713541432619	96.653730656868	100.391148212102	124.701269662198	114.282121580707	144.040861880911	177.76398495355	299.791177931466	990.728766968827	1481.63779486503	663.704632220416	323.679755267604	314.33323902261	329.759433145428	370.205931991619	367.871065251828	386.527510916402	395.199340263764	402.202452179254	407.888122316051	434.319871764783	428.067253941635	446.772833567839	461.79353875544	486.243486863204	483.371261232319	500.960782033452	520.630797244561	542.599636353309	529.378636626744	573.340447805541	611.777387052657	638.802052377539	746.856531328263	836.026313812474	966.016745541674	1026.5138404452	1091.66817615875	1513.89482625825	1066.41731258015
457.878	10.2191305507997	19.6120612593206	24.4841534884336	97.4333145077636	96.1384132420452	77.6094964286558	87.4071474182714	496.059150760079	7250.78519864345	12435.7204813692	8397.66328506359	131.312714200132	80.9399741120687	72.097617331935	81.2742322684009	101.469130019559	115.122943244668	123.134777059623	137.34719604545	203.416086288932	674.369021560443	1436.56509152214	885.298040620118	328.656679389324	283.919075118255	315.652641533597	327.65735682436	350.072638293354	374.997058565942	361.992138077399	377.843443371622	373.872826659374	394.24843825933	393.689715219804	416.449014417295	426.960666974507	448.699946591731	444.291614905885	464.606278469536	474.501749365799	482.339020883475	499.262895704923	530.822710788678	567.819353934474	582.199249785787	649.005827413141	711.318105308278	801.403888113339	882.914457833475	955.519988375193	1160.05089304517	1234.73121900347	1272.79379022105
462.506	3.00270801741475	20.1196041276528	53.11364278918	125.125328922098	76.123263300952	85.3149655470449	313.959761948055	6378.29670606923	10611.7793389865	3889.28202894129	298.555191827972	91.2833553851953	75.1318946946474	86.800145451009	102.347030529125	108.22914771047	112.289524174963	133.391116041186	167.470115437858	415.872472968431	1221.55077839452	1110.9039486557	390.764250135348	287.630957774317	279.338587829685	301.713161797059	318.811523755506	356.436433649835	358.389080581716	358.458968254251	373.408903204777	372.82747861926	367.802895767476	377.924287846402	396.190727337955	408.31901697008	421.693859590855	432.491347306429	444.360271516613	452.373186705843	448.820264233947	474.533484600133	506.018897273112	532.874170498263	578.5934959265	656.878413249443	705.402178203239	792.630670629393	862.264833264634	967.773271568485	1147.50518158977	1300.99102663893	1812.74575190911
467.137	8.89330061819728	46.0162894138964	52.7362594375282	101.300555593058	89.9889650128673	271.622498765455	4714.55960235803	9337.58353640589	4304.52473336756	182.870762639365	166.037991214576	70.7720448382324	57.0981363280937	82.3076594924392	89.6751729693486	106.098888605686	125.93915815353	129.741912879231	252.128893440046	889.248786950566	1222.19976313946	491.405912495414	250.923253550361	260.012324937934	267.288266896245	289.622786597406	328.672310093701	335.933599719787	337.10898717802	332.996904187212	348.239545679093	347.952034903184	345.125945662754	361.037451998535	353.086634698143	363.289945079708	360.386245178401	390.810183804429	384.111849715799	413.937142080175	415.118123267398	430.757236159952	448.331019081478	476.352682053651	519.344902585261	582.271974738501	656.516650730505	723.213379241684	868.35186701065	872.040588207365	1041.33260718788	1057.74755478394	1179.83628605933
471.771	35.6706736375596	69.649900773931	64.5274100068184	132.365716170619	245.951549178822	4809.60202074344	10310.2145523468	4304.91007400303	238.935718568805	87.7703076466873	126.882175128365	86.150771819224	91.6161640898503	92.5388379997902	108.547446609856	131.616001633183	144.149793040399	213.304258489331	597.782420257527	1188.40216250327	690.884449862736	279.690118601394	258.788034718778	279.22969688587	273.954510370184	303.258318278973	311.313518509426	326.370985749486	342.062814880526	337.634327190775	332.175132397699	344.297313891574	341.993790207957	347.097764497534	352.022550170097	386.688163247579	361.248692616343	382.758726232129	392.228106657942	423.262093594005	417.670135610408	424.604484846694	445.378824886501	491.954624093071	556.582657657348	635.632973757164	666.160184574975	786.908912552889	882.613969930112	948.178456619309	1164.01824151991	1301.42779492063	2841.66801424915
476.407	50.5208152399257	65.7404065339788	62.7584267115189	274.110564420918	3472.36177167323	12605.0718623085	4095.93989996883	216.591668152804	70.5883181400174	59.1419341399886	98.97441028442	68.6624233996657	84.0888426829996	93.9259435374993	98.3285475833744	117.182525103796	144.811526083461	365.560189199682	993.354125016141	872.483663059689	301.635585525667	230.155827258474	231.984612452637	234.92859844173	271.646005115018	274.574796805684	291.490963843045	310.176719462129	310.606191010138	306.562559573761	309.516164785156	299.722933980391	301.110443416006	320.140273498289	315.536443799648	336.271528079769	344.696832653055	337.407055624337	341.871446774297	382.352014623158	371.872666462185	356.349225511406	404.967577571344	465.445959246922	482.945764674431	545.060410162503	656.323822076069	701.141307776913	786.513967368973	872.288438813506	1074.01714197273	981.032317079505	8028.4507788525
481.047	40.0854528573758	93.4374699314892	170.615151481318	6386.30819933891	15009.6762260283	6664.44018516845	233.917038753707	65.9785141939365	57.6822151007861	50.7046671772143	96.1997028211327	71.6020339433847	77.1432387587664	93.7511563124329	99.6163490043027	122.550954676628	233.133251496847	732.968193461835	964.151778660872	401.862759267372	228.941893163824	203.152898858623	209.20729399703	251.446296554287	261.242715603279	278.284395185256	270.258816172056	287.140857171315	295.827773949572	291.965580036311	292.038960854158	297.846783141244	295.179924750215	291.577926375376	308.742552080808	322.613093040715	316.950567847934	337.747628337519	324.729173754443	341.761254228806	351.318911050187	375.507869004946	376.115617896771	424.186470138881	489.132252030415	553.296308280457	578.258383151803	654.943745627207	737.688085375739	903.944902592818	1040.95555234127	1523.17650943628	23153.5229842585
485.688	59.5010160809229	175.780464291428	2766.98401415562	17410.9779869361	10846.336496011	492.352734837983	69.0340193384109	59.6577579905982	55.4893440646278	53.2644411660926	99.5342305385868	80.2512808869485	94.6227808086836	106.227890498067	115.464079338483	165.899504455729	490.261370845905	941.571338305405	546.123667948735	220.03553277188	200.197069248019	220.926630202683	235.724286072394	241.926671435525	257.103521121792	262.779104029945	286.76795181922	300.519056636149	288.617055676527	293.735768541373	294.046723439121	275.521864013323	296.95090663482	295.437145482982	294.811549255278	284.780558281626	307.664451601379	309.002028445947	319.642256205571	337.748561229682	354.940974824222	356.138205151571	405.151499273693	429.553508283842	488.165843522241	539.903227104814	647.595940778562	709.369951769078	802.363231645355	1010.86486177798	1169.55655454719	7012.224321022	35547.1600464367
490.333	89.1941248149102	3231.19666964953	11142.3063007225	9463.32506093531	870.461369496586	58.4707092831229	51.5158852948103	42.1705142582267	39.3396760251782	48.1958350329798	63.4866564635541	54.9991216631528	74.4885098598741	95.585232407405	109.894801878655	301.902094512865	779.882396005411	667.963361506907	246.613396070566	173.855731201224	182.281516933621	188.40635484854	205.444740649635	218.068333270275	240.98478455437	242.68407107182	249.071413953262	265.065713214405	242.65524455907	268.194122198027	255.953504378193	262.08832828807	257.820378022242	253.402680392955	266.534359577233	272.179306020815	282.446775787362	294.911545678886	276.215832618189	289.703061143036	292.292332190954	313.285644401983	348.405260268274	398.140439466699	432.26039744773	502.607114251752	534.717717072141	630.296229831811	758.132020534122	896.033072282183	1207.88765859968	19309.3744804763	25488.1475311134
494.979	1840.69106618562	14148.2537574361	6927.05344500778	641.307759085662	67.6384837647266	48.124183240668	35.5513239316012	30.739601674041	44.8985826616731	54.0841314313074	81.0256467324522	52.7221928298673	68.1498879825996	90.1607484965016	195.555821561572	592.014642532378	753.021510670259	314.930715867484	158.228676342411	151.200250355061	170.932850653325	180.95478367486	205.673961182996	210.030674873061	226.864522718963	230.017915700644	239.146886466611	249.24288452642	246.956191012965	256.916827104835	255.369308705891	234.875390208489	232.649166298945	239.608395346353	237.499703538022	261.921458778242	256.417478494662	259.14962676797	270.147294117872	265.890149970773	279.347570373446	286.201757688347	289.644284195941	349.488680113748	379.16137113843	442.154281955932	492.639886577448	565.445130714984	754.005458611998	804.565412969293	5067.00856881407	28680.8068444242	7883.26773901005
499.629	8259.4799941493	8555.77237361547	524.610645691216	63.7921003173706	50.1247734136155	43.0798175720078	32.5684135299119	37.4369480371047	48.105247920174	50.7895875384302	82.1063434758895	73.4530566929576	87.1962862050541	126.277423848798	413.261611291172	750.48829442417	421.682378595272	169.680359287098	155.661647237075	168.52289277358	170.727991800559	197.143208997049	192.671022763447	195.984097311835	219.04496806891	232.034308283448	238.760450206837	245.466317350378	253.190046157915	240.482320453533	246.118663952234	222.236831809149	234.042736859655	230.20615718612	229.678780656469	240.406294176757	248.052623031587	250.353763505674	253.295350743257	253.325888654807	284.011407504314	281.55855230379	337.626205287211	338.546424893392	386.905074770351	442.866862058247	543.871521640092	656.656450877267	736.166390574433	955.457784958764	15666.3519100277	22710.4808795618	1470.13013703966
504.281	6155.13841775985	625.092131851219	74.7694566284481	46.4421654980265	47.5482418178504	42.6864953108091	39.0562587413419	46.0789585189458	47.338740382487	53.6876736749724	69.12485081452	65.0255672634671	95.4120873246034	266.377631225522	654.903201816922	526.326817526241	204.820727409361	155.906093345264	150.418151942699	148.402557285827	178.7152829433	169.364787725676	194.335568975719	212.062850594398	202.321376671911	206.930202670092	227.134096239467	230.555090979617	234.981361427056	226.540224205319	225.570238700001	218.7126826312	203.989029255818	207.502606069413	220.836822967885	228.269996441595	231.972679446569	248.725633208107	226.744770137902	240.185095991266	232.3390745604	277.77634706112	307.8627448327	322.954038508376	378.311484947103	419.727916384545	512.056862957135	601.108441421054	720.14895584058	3702.88279342877	24735.1164027129	7841.29848957378	937.687425529416
508.936	667.120000472181	61.1534839097409	52.7147029471129	45.3790996347385	36.1321433729767	39.636566473142	37.5389597661007	45.1174672270549	48.3953588545421	54.9224484768439	64.7869587002519	72.4056640850478	164.811625286935	489.802323952316	611.303826638705	236.990730253098	151.535383803746	142.04550238988	131.426804843841	164.046748158111	156.040786975818	171.134226057919	184.008073149264	188.693902051405	195.128277017818	200.931000158986	217.753058605515	224.003668174256	213.104768659696	204.706949705506	207.209214333826	201.907355040649	191.389969124746	213.876208400006	203.499572516811	205.258288373665	221.623504999248	219.921726993942	215.044648417273	240.708712174204	244.260610052857	246.367387105377	288.846981996967	299.810916882473	366.829313533758	436.072780709808	522.147474748546	557.345898906845	770.385566227808	11765.8228775645	21188.7476636802	1360.84376777754	1386.36671819714
513.593	50.4089246208025	56.6157323101081	35.5209155252035	33.3577556431547	38.0488096652236	36.5911791582641	33.5557005103891	37.0665791879515	45.3689608470921	52.3511427489904	59.4071934435247	91.7737596264717	349.223468427256	617.801011225956	335.536716542458	130.084761750114	123.659240664182	120.387683225551	140.164597310402	138.000932339388	142.771476901679	159.358934042482	154.525368923815	174.135937990612	183.348332726529	184.514595548452	197.849599691098	205.921220967427	197.148180421422	194.492715852838	183.19665533029	185.634037478935	191.27492149982	196.569378916596	185.939839821302	177.894552093647	183.905175134501	204.024213967161	198.732644080107	199.888301335439	234.64508024918	227.610948103438	254.270751570243	314.851333705151	320.219473314656	388.271855256666	503.939865266066	575.336039558787	2500.67000397692	20086.3175954736	8720.27675809305	870.485843165918	901.690404347598
518.252	22.213277148502	26.8871825685419	20.5695228549235	39.7220265006805	31.7461099333134	40.9340626555702	34.3665908562801	43.6279208485984	42.8948666697355	43.8764390728206	78.4020690805512	209.467053003323	540.199343032905	447.517282586426	140.925277161755	107.906859045623	114.604339278081	117.637295523464	120.854045233183	126.393842183412	145.753625716829	151.901452069521	149.432096153656	156.252287892647	155.695699834063	169.199843158523	170.196186479975	178.086210886057	215.611129013031	166.594105390002	171.188316547402	167.966344445298	168.709906893156	161.093034141245	175.556860022269	174.519471161119	173.054490386209	192.490724610324	188.29982083255	183.971340854595	193.456334671623	217.663735559574	237.086440446984	253.567835156332	292.079264743894	396.90285156456	478.801154023143	573.489825661622	8591.4624504133	17788.580597697	1524.08397721293	887.041818418975	845.950384651926
522.914	22.4399642521029	24.1846756858075	28.5142352984779	45.7115461580449	45.8219412612639	42.194723057291	41.7767228279075	42.374837701171	45.6794387882498	53.4584872271526	138.362662352872	390.552763494454	514.480559174399	182.26967911109	108.052236637446	106.796698764374	113.936199078816	111.866626607326	118.974413481562	120.072215300936	122.587464755194	141.793527461603	147.987316822247	153.954365017636	146.890651271263	152.874803591783	155.566614247491	161.958657203268	165.660094255327	167.358435217843	163.323826126138	155.234347061581	154.881311636836	158.388390418532	163.559713383579	164.41382592969	160.130267989694	159.063535524741	179.752821924709	181.518424663327	184.959581828675	232.335444140336	240.541446644719	250.076850583091	306.801785103125	424.672825591582	497.684456175167	1777.45639434317	14847.646490394	8059.96655979226	866.220620295691	809.245768364049	2624.99718874573
527.579	25.2871041084801	32.7735160879336	25.3436022020083	46.2481594374825	21.9737613305978	41.5482543010364	43.2299826027375	38.0909668595074	43.2795915929455	82.7786181715981	278.554946844368	486.432232354758	270.807753628403	104.644996556969	100.272752901602	95.4826582839831	96.6332189254506	102.75775822646	118.082010492539	119.130213265333	122.270255220192	128.524315424631	139.370288875722	140.626160557792	141.085987968632	151.326703458368	155.299457994676	149.1187072337	146.570291732885	155.690679498009	153.009727785884	142.733610888132	150.914796995199	137.694147311847	137.157780154665	151.180398383792	154.012807538928	174.122805513723	152.208788230359	160.79777052074	175.731911616737	202.427617260871	220.292369681267	223.38767561829	329.062347168614	437.924507779288	495.136938885977	6368.03605692952	13596.2251077402	1576.99101406509	643.417632092436	674.308023992004	2803.13129267918
532.245	25.3023037313493	23.5601743563884	28.5286902579719	42.487283418678	35.3194933381071	31.7156586332349	31.591436840867	31.5474293875061	55.6101511042416	160.085334463776	441.705860964168	360.881331461535	120.859015377385	93.9365102689466	90.3726036747453	90.7269503746429	89.5666810562728	112.191095268083	109.335600338375	115.166341999937	122.037890294396	116.491107414101	119.655028374348	142.375903657742	127.738496687169	146.813747778909	136.442463543216	142.666321531754	147.160647264395	140.90041563909	130.038302186114	127.631063912253	126.29102321057	129.954414072802	138.024453073167	144.933858150172	140.439432906096	152.987723313303	158.457097948433	157.441753139704	166.25310471212	185.005653317261	207.665664255187	255.741330096638	340.998470053059	362.589852093752	1257.76988489621	11636.8826610096	6418.12217433629	592.81682993073	613.540070436229	1489.55944708575	3225.53863507835
536.915	28.7492222547205	35.6372477666225	26.4437126245028	33.5659404770957	35.144565902425	40.8421147167941	36.2678774295176	46.9270982841879	94.9127426743968	314.059360333202	417.124086819278	175.044135578919	92.3763414484575	71.2338897947277	83.7827012041141	82.7529985148276	87.7534746004079	92.0731796242746	99.2882505138679	111.125675368493	99.6227934295604	126.193078622979	119.503148630888	137.135408893276	130.936696254228	136.183080143115	126.632907509786	135.999587705721	146.371427739497	134.830175872534	136.079438252805	119.563446425241	126.604660033402	137.662441871319	125.213201330286	131.425502804684	127.838840504466	151.479691615157	144.430696419408	149.364284868563	175.456563259398	180.529324588446	189.889461665851	256.875166935982	345.047790006516	424.223531299216	4756.27390776169	11377.4270583208	1504.62600160858	611.864489363806	613.147186521179	2339.4720659343	2198.42793905371
541.586	29.075892885951	32.4704373036263	26.4502941365466	34.4993316477023	33.1584083140088	40.4319888679366	38.662682429058	73.5198206002267	222.621388838544	408.162323589691	245.754056205595	88.6414074541532	80.6028166507275	72.2987763901968	78.7884092386905	84.6750409224075	88.2315872963215	92.3001533164693	100.416439484747	100.674652747759	116.351499480773	115.275982666609	127.59179452372	134.730970591941	114.159050904265	121.296743953822	132.194843420257	128.563441025815	132.155466542664	130.543423355499	117.357168044976	125.918795254286	124.514488243405	118.895971330674	120.504122462744	137.415058010036	125.732963009827	125.88846058985	140.453681110669	138.384988509069	138.726984410676	181.360721553817	197.431629823593	292.653296352383	336.398438251473	850.94893311102	9311.85759820368	6005.45135398734	609.462186923772	505.011543074663	973.66352480139	2567.19607062472	897.164694997982
546.26	2.56052819330835	-3.59475479429803	13.6061193742555	0.833317250268401	23.0482818821304	14.7372560142138	40.0757460750249	135.67895687978	336.575107907096	294.321090494327	82.7986122975596	52.2709115627354	49.7794111431286	46.2812910696995	49.372924344068	65.2121765738586	68.1669921676701	69.2587599998115	67.2749406244904	73.2840234701082	79.7416684507036	74.5833275523482	78.0495815700015	88.3101511995255	85.4273532108954	97.9249753063751	92.5878106024064	88.0689036253695	106.456928330655	98.5382192527863	95.9511540869163	96.8075438855563	94.1142308828694	93.2429732046428	106.254444310414	84.2810969145962	105.651338728631	92.8917895223323	100.780213311093	116.595228639943	121.080165758937	137.101318724199	149.47910772718	253.716379526501	293.383081192634	3464.51860227673	9795.61257462521	1366.19621914467	317.716784194179	298.873827133582	1157.8484846301	1347.80254076954	-471.101008380536
550.936	26.9032733807562	28.3156007577054	40.2310119150247	28.5456562556627	32.897051497044	40.554930149076	110.240509008853	272.510944267803	350.671732830335	136.742912001044	63.5789435638077	64.5635886658892	80.4046788820003	53.6233631431258	68.5862487867877	80.8833019644988	83.9411760784796	75.0402382777273	87.233058450457	89.5646050129942	84.4527129918782	99.8933929367521	99.407752456697	97.8710068329087	98.0535025408707	104.479834767136	106.870944858805	104.343001662557	104.659743999398	107.744169407773	109.358675040987	101.841612693785	100.444157601366	104.120741132153	119.217840413907	111.129475556922	115.465890522939	106.641328977286	122.984237137313	134.252835788337	144.100527606459	155.03702016845	212.026020548689	293.106973265309	610.597226712262	7391.53623567271	5558.22253854837	485.38351620048	444.225754226793	616.6635267003	2022.9642976609	1025.15576754294	738.329638767269
555.615	14.0247683886799	14.5080766724194	8.6547598626231	25.2238982583467	23.4973906465637	64.8045137047157	205.029502872953	339.580766019551	197.932174581921	63.662349260601	54.9110822254509	36.5123520494509	45.9742478706105	64.5970799749604	59.3767254279897	64.3020848326968	56.656881065409	62.6705042754677	75.1840977802924	79.0855529318189	73.8053937974421	76.1486089796735	75.4812356277744	83.3542045829086	90.0128240207384	87.6785202916191	92.1104366528592	96.155727082516	91.2875549358661	91.4585521023841	95.2877503795583	88.7967551163997	84.4648289439053	89.1145402010464	85.2791869948483	91.3154939537435	86.1228423713053	88.6248216317763	105.376282172165	109.775098402661	119.494507934372	169.714608296284	213.24503843277	250.258495810868	2668.4016684324	8451.96272347716	1499.54656597629	360.679335808842	312.717765251978	908.280473921372	1723.86728830869	419.257587905668	79.2215549824633
560.296	18.1625996893261	9.93455114812762	20.9809377005489	27.8660056558889	40.6288195014474	143.095923693452	310.050763796096	257.306336233296	74.960346960727	48.4839749682226	55.3625920732723	50.6757545872602	49.6422324528909	51.0668936285745	67.9714210728641	62.5770645092001	61.6651729677702	58.7634161570746	69.3944481105145	75.8751810366774	73.4875875233117	66.2802133075966	82.0744172728159	87.7552134750049	84.9223436229196	90.71715605366	84.6236744788234	90.2895970473412	84.6290174112575	82.0486185935341	82.9390386165032	87.6510905057247	90.4845561153649	76.113557191464	83.471977599181	93.4290481289351	87.0992948700543	112.699780825769	93.3604255733533	107.375816106273	126.144795018475	155.102513645804	240.249346673543	490.109669630644	5947.09174404856	5135.72257610759	421.615273006932	346.621965501541	424.450456517065	1459.88182895139	1116.04804440836	253.71959904689	556.943618821486
564.979	16.8312496721745	25.3958354919548	23.2883916869352	29.2549034097574	91.0780156195389	254.151452058378	295.859928759928	117.759616266766	49.6442180816066	48.1441327207702	57.1639925553081	32.6341861392445	61.4037824234589	56.2625044469537	62.4686429630876	52.0312567358133	53.6787022811461	54.2380174387214	67.2476759841057	66.4636155855552	69.0180028298988	71.7235681966574	81.9154715531838	79.2300928678441	80.1641501062802	85.6342795647687	83.2698098590319	81.0734982304945	83.5517341037601	88.7810853556529	71.8458615031131	93.8455455037701	76.0013548969019	80.7766388947478	95.7524007972343	91.9630489861508	101.316960511551	88.8454147980212	86.7251683602817	103.639006237046	129.610492832235	197.520033304622	243.814063123125	2149.4150431295	7192.99421100691	1561.15833591607	338.776243511017	378.125760404049	644.440267831224	1685.40147753277	687.253813476283	315.941059025408	883.136419746696
569.664	10.9261022076577	34.3330587761765	22.849328815179	63.2291188919801	178.047368362246	309.25036122174	161.172126437054	47.5387548003373	40.3773931932954	41.6241796843084	42.3139695716033	39.3437784372187	54.7993060657046	51.6420305955053	53.1654807210751	59.7899747496388	67.2526453140176	64.542347420101	65.2534523319342	70.8877119912399	74.6963396065517	71.638224870958	71.8966723388268	71.5936492389198	73.5105266060561	81.3929657398599	70.7892337207158	88.5825510393693	75.6666450134638	74.743657090371	79.1153593813716	71.7404307682405	89.0987283432888	77.8990574208649	69.6447202132366	79.2352729004268	78.3876530365416	85.5896964928832	96.2663938607463	104.396671545518	141.860063842555	208.237774075333	335.834600971518	4948.71329996192	4607.83360578411	387.777599006035	376.52452597871	417.921075192841	1097.94764142831	1323.52331667331	415.948584911253	362.147443630374	431.317669725948
574.351	28.1192189423479	36.6640429830321	58.3808021226972	141.969231561261	289.311251787113	222.32826411231	67.0249209851143	46.7282908330154	39.5305296797171	40.990615998104	45.7561681271984	52.7336849033865	44.0508038774183	48.3449980232942	55.4341567652426	57.736080591565	56.7048128774847	59.95611406088	66.7525829287557	70.8329376951688	66.8567827948427	73.1742337424392	76.4900113396083	83.1563207752836	74.9827114785524	83.1810675258906	91.8713268930994	86.1218310168658	83.0090769661377	78.2934565660617	69.3283896284377	67.6531850744369	75.368076643285	79.9116454507685	73.8648472105979	85.4962203430502	82.7795412422305	89.6050852894604	92.9447655368504	113.022072665078	161.549218648964	210.446659040802	1542.0278540075	6221.43346287776	1526.98911740948	394.831119290904	390.421915900439	530.344217948769	1399.68282248798	927.7094291781	284.563779624905	293.306461554033	761.271500477922
579.04	5.75114979675069	30.1433250655858	81.228724735207	204.971592329938	265.240496997928	98.6773533906122	34.859926548686	32.866024986169	30.9463220475613	29.7709199357424	40.3970439750174	23.9701101459357	49.140531723577	34.7659874612178	36.3304150596714	48.4170443235523	35.5884337254706	42.6351489678949	59.7643448003193	56.1077236473467	51.6634200432266	54.9093597230471	60.1992686264108	59.718766479784	63.1897489158162	64.1168914266783	60.8927398183452	53.6000629199022	65.3839484912766	73.393624705877	52.2663672531331	69.5799796678034	65.9424330503018	65.4278355573371	71.4360665957028	73.2221989108299	78.5194705123984	83.1257580782784	65.1937780632259	118.125565020257	157.451003779452	244.513914895289	3943.97054397585	4109.31085951951	340.350793709344	341.903418268074	362.529139460462	813.982620092753	1394.61179182221	453.961140126996	207.203846486911	201.020407361398	96.0155273375009
583.732	15.0488820660778	59.6390613059679	161.315128348952	269.285357083871	153.478680763493	38.9815601487136	24.5584367676418	30.7583259842647	26.1270089597775	25.5379433085141	27.6997656950923	38.7041651708691	34.452262339872	31.7341545060724	29.9872487234382	39.86798713148	49.0412731213132	48.1271748570692	45.5085090313635	42.6867705542573	56.3000308283945	59.3202435490359	54.0607495792055	48.3819000778766	50.1915543994544	65.9127915890848	52.5284924434123	58.5753349098193	59.8211379088329	54.793875884202	52.6015482262682	52.2543930966665	58.8724593259331	63.3883879207805	65.3840785984523	68.0231707692064	58.2440519391046	69.3268461738903	72.6291731344565	117.761558295543	152.872691582459	1050.38145063808	5386.04024016785	1397.63299191787	252.292720915577	345.611865208467	411.815424404276	1150.78466119903	928.863628836251	360.589345753745	312.798947864398	303.46430815844	124.240202951388
588.426	67.8744344523843	137.217159719504	255.605801730471	206.758266698764	73.0610439830254	39.4153314714931	28.3874970985379	31.6933633702143	37.0442574573243	41.0304971373362	41.314335968657	42.3672735101032	57.2503920359252	41.7120029452952	48.3850733511376	48.454392230154	49.2935708235586	61.1969980535773	63.975709199633	71.6232433068854	52.5951068534099	63.3912385898005	61.2093023761843	60.4109385962554	63.3488587170662	75.1597031659367	65.1734329509953	69.5566377265935	65.0485304535406	62.3652083612609	56.3435667010095	70.1198331302002	61.0581860960436	66.4608102539238	66.5739658702249	81.8678180055578	74.9992191220041	85.0942801714027	105.095848779373	158.198961949577	184.150273089001	3027.62582657325	3796.23245427127	327.09808208497	303.414524674424	364.91175876911	634.517326296054	1316.81386964198	577.510676329113	368.137277975406	458.137623705107	429.295162846482	832.529126798701
593.121	63.5365097829433	189.791743978693	240.179338523916	75.184282898814	30.9568613336758	21.3298325248302	15.4165804658293	21.7030383271505	19.2265583453893	18.0787468014503	20.9861840355529	20.3523498318125	19.3660598303014	27.9471393260695	24.1807229392755	30.2710048099748	32.2846320499001	34.2660670603057	20.8961388081787	46.1768820589914	38.4727889208165	46.0466774229207	32.0132012441453	37.642186964352	41.7716949966249	30.7738301067702	46.1536760458867	50.0891689976402	53.2880510995575	37.4435535829783	46.6958949334167	49.034730164633	48.1177839631304	47.4729573556229	48.3217718877293	48.5225950059314	64.5612615597138	57.2378283906998	98.5329915258276	141.996275496927	697.143607734408	4570.48550054686	1414.8293523949	198.782634948428	269.624667363546	324.627850340825	884.923276499355	974.216930205188	270.853450705319	253.645570474234	198.616826385781	-22.7075337671225	334.677874809825
597.819	125.881157448916	246.645626272654	154.746359324715	33.6505164478011	35.262415940607	24.2886414091551	8.5571665335975	22.4626877343905	23.9148531623551	18.3925002402222	34.507544891635	26.941446652105	32.1897034003293	28.3918935607266	28.0696587563211	32.5727220511682	33.0399821778246	39.1877189723292	38.4874904802198	38.5997138912237	41.0615751621172	35.8545132738728	44.5213157679512	47.3374441443758	49.2700454193917	45.5956935874985	43.9305720383203	45.1315228807933	36.4772410914164	39.5809232171948	41.5786247833739	44.7487319602282	50.0407008783898	48.3155618024679	51.2030809474342	49.4226118139082	68.7914360069879	82.3114866482214	120.88057466206	150.074238752516	2300.41848552521	3572.33432157122	252.724402837987	181.70422684666	266.089350332596	418.253606164756	1114.22401947888	636.522045270885	347.566776015755	226.400610700857	227.066628342339	154.203306700234	462.966584332338
602.519	207.891466282701	167.015632782265	45.0624659676339	25.5109974453942	13.748730195227	19.9636757579191	15.9909393614882	12.6651661772172	19.8491565068092	17.9189573881367	13.9571109811791	13.8479762869918	32.1577600511356	24.1697194437142	16.9739768862397	21.8855778293165	28.5019381947406	22.8656889988919	18.9058344127901	28.9187922484669	18.656650990338	44.1305863035239	36.2784691416573	24.9317836477341	19.2784982308437	40.5639344748717	22.6981265742886	36.8350732798195	27.8511591850486	34.9395141542786	36.1906400729138	22.0065968390337	36.1805125675965	51.2134576943095	37.3990891272787	58.0613209630953	45.790931997739	88.0783359856335	113.204214264987	490.133341144283	3868.75533050309	1465.00010935682	131.257515402653	184.24696784021	238.886476358219	617.942627848118	1036.94247750219	360.714994059262	269.026275181214	216.575254042554	73.2315982810927	120.877213634828	367.624356389651
607.221	147.954116926543	58.0745446606722	12.5765833908401	3.33122084235856	1.30875679812402	5.99519697461772	5.98274008927413	5.59102167847462	7.51061586285411	12.8850883261523	15.0065645214051	-4.10969526969834	8.0402139333127	10.6521722272396	18.4864787572583	-1.6158373471285	-1.13897774400937	11.0865780175271	3.61795172555529	20.1479602417854	10.9527506957791	13.2295994109406	25.6883562039807	20.4981417732833	21.5156440536363	20.8943623287333	31.6683359640854	25.6230736944077	17.9856225873711	26.6493487385644	25.5346434565252	14.8034811342107	15.7644152480893	17.2252316053402	25.4502934095457	28.3676503337925	51.4103371386824	82.6728412161136	92.4686352055626	1869.271424545	3380.18609322192	229.340928577463	110.286446539853	153.234847304081	235.131466909327	805.249434852881	687.889637162703	206.063410610607	168.24519029008	97.5580341684772	-104.681132978553	-110.352194224386	-527.879600860958
611.924	126.426111175367	40.2874907070658	31.9064238547292	28.1288873618289	18.7629569306458	12.1056312013513	28.1877819753856	26.6109918995229	17.6931973714314	23.0803495734615	14.2184332973119	24.8951563204036	25.222191140733	35.6598173873183	42.2688070490957	29.9083919418821	34.4977268651056	55.6631273905632	39.8478886706025	43.488934113335	47.3421282958303	49.8434683336818	45.3866731534529	40.4496021180535	45.8253930143708	33.8100731100579	29.4034596042147	37.8090235101984	54.7591625403489	46.8043076076445	41.8579334904207	47.328222262018	32.9487546490653	50.1766762130112	51.9804692185116	57.9031870868854	75.8855928821586	108.507611132506	355.856185302359	3335.23626543721	1615.12612684496	112.619201301337	129.241342379314	206.466334515838	407.14591757259	960.876514700141	476.821448478759	256.662786284985	256.934360873004	236.38954730712	121.229437799229	469.106386748955	576.165345926479
616.63	69.210313105439	33.0985028173992	22.7151655599889	23.4959538347129	22.1786846863599	14.4438911721824	18.1376501134686	11.5784447748734	22.8194420159682	28.6416627664366	33.7033219253752	31.6057101495857	31.0730716528169	24.3244067328703	22.7576746196146	34.6406222436966	25.8710467785563	21.4122636130153	34.5840663168617	31.2071789832934	55.2076243207533	48.7520969729589	48.5150843830208	47.2417060977813	49.044221271812	35.0635799892463	40.122757157229	45.9916048195153	39.0169357324466	43.3586294549883	41.4836835784349	39.7399381748337	48.5624070923093	29.1155740233844	45.989957664407	51.3088038465749	95.0009932816475	124.135236207069	1407.0867869102	3155.87302582537	319.214495695418	113.419190342701	139.226736268389	201.866614875104	579.979418385305	796.462624368272	278.229309918288	256.094249703421	226.602186821553	284.837930459436	150.868816242581	361.681216770565	14.5647120737201
621.338	29.9528335041672	34.824406365821	30.192659401253	30.2234739712594	19.9288653881309	19.2450905275705	22.1970400299297	21.2018984400971	21.3425425884384	35.7087040804217	25.4163749436735	21.1417791867945	34.2712125261069	26.8225114448267	32.7260095535253	31.3102649489304	42.1870974737421	41.0024060472349	35.8705351210024	40.7445804949817	42.2587238533567	51.1264297105367	54.5120079578701	33.8718041850504	50.6418858082491	40.9338854015106	41.8920507312981	46.9317507597749	50.8885501184433	40.5569809889878	47.1764468564011	36.1028903298051	47.5205424196562	49.9718686335859	48.1565572515393	58.6906843921244	98.0895840733077	259.787053340033	2766.10560490819	1547.57895190753	112.474075651947	95.4868771681494	135.253120768675	257.355535331582	726.43723816746	552.0644645497	299.617917327411	248.884998018524	295.293333100014	254.952141877677	332.614137156095	346.590993807127	1130.27933771376
626.047	9.94229441939155	15.9143497343423	7.36958414562741	11.0103472867309	13.8669629659057	13.9499839614655	5.64975589828822	13.9387763964229	13.3746057687454	9.28295829651226	14.8690028968341	20.2068651652487	15.2125487402327	13.3947511015597	17.5089138657803	29.3736505502505	33.7195935664195	14.317785721032	21.8661483359561	41.8584665445983	29.5102949277411	39.2166897526279	37.6918109825458	12.2596024426355	19.9006417100926	36.2734050458749	29.0780078158653	26.0316725906015	22.1861184614514	23.9340223824727	32.514264494664	33.6027124384418	31.0276582424611	36.9596639227064	44.365831976651	77.1924479589367	86.8657795883597	1152.56275097372	2907.61929083064	361.219548766766	79.7039470169836	97.3329700312111	101.265508806865	332.983823376795	643.371254215382	292.928783597431	261.780490228485	166.357096370987	176.237845808313	218.896604580504	169.50698544859	132.730975508853	370.506129891749
630.758	-17.5857212144801	-2.61850856021798	8.46439311945579	1.90774243178095	-7.14529301735945	-1.51067988779654	-3.6165755850829	5.70242783476401	9.01208431398244	8.72797413989913	10.1806372362432	1.72594662449261	-0.301486119749503	8.24081877046664	15.698773439986	15.5513046750141	13.1542372974312	26.7406813104765	21.0648158400838	2.91776847502951	25.8739937917418	12.5349414702764	27.9822201515467	27.3909813437515	11.759066229285	13.8236217577662	3.56242898805629	19.5115386218808	15.0478144363829	12.5326113434074	16.4315848687175	25.328560950139	15.6803054786071	25.497138044086	37.4706408396428	69.9273447820102	140.749976173671	2324.4364147864	1563.25908510394	64.9059087174906	39.8465043264802	65.5849561189634	113.207705817677	477.922795623219	465.46737734771	186.689941776548	182.27284503454	78.779933957818	127.659134758165	71.6999461643198	-3.23256485141481	-164.645128453086	-164.772066993919
635.471	6.32886261052014	11.6853349901121	-1.36470669900535	0.96119888628073	-6.36939300402258	-1.01485665394301	5.37063319424838	3.54914457570931	-5.4866280815194	6.15651590917168	3.17535685688295	6.95682161535219	7.89885579973878	1.186303573459	25.3109951030885	12.2516931549756	6.02513117529081	2.53610391654126	13.5711282257309	-0.367522858681351	13.7606226325425	26.628009566853	14.6081778478284	17.7437569969283	14.6558365538814	7.57055178241932	28.1200662067593	28.0026383266501	12.4875159682178	24.0829943486169	14.2339092920351	16.8220667755339	14.0451218724962	22.4066929414087	47.0433665190926	71.4432029826998	775.596464922727	2641.13832470636	375.977284826172	50.279723263193	58.9195856211022	58.0637155546543	164.083890049341	539.40936145588	272.392445007326	206.356391756603	180.710602200898	196.685531177278	40.3869191259294	121.794117272095	-110.751515750188	98.3170001796756	-256.603952302922
640.186	-11.413256460587	7.17537292105473	-1.70907349697427	25.6799039080208	4.16172014470429	-4.32120665923074	4.61200856591803	5.24901112295354	10.2355854198142	12.1157713123141	13.4593250000468	17.1341687759445	10.0442191661145	6.53687125025937	9.50937317394183	15.1291639232115	22.334674816475	16.5155029728808	10.807480082514	13.6237756448067	24.6703212191542	24.9676900794459	28.930631982178	15.4725210548583	12.1839684341965	19.416855686679	11.6886537923328	21.7873976954245	20.2556918750975	13.53523704865	18.6259953823502	15.110057108724	10.8466943379045	40.1081564903914	65.7358176544965	94.782073001347	1822.4215458517	1535.72536465367	71.4924003774076	35.2206706765996	33.2315739047668	52.496952604275	275.028315041311	443.083123455933	179.613964970559	193.457647557736	202.81394259523	161.441296425231	116.891509328205	72.3858615700728	78.3237380896905	86.1882524663326	-499.045062239053
644.903	-14.9640145831183	2.29179830112706	-13.4830954383889	-12.6619991713892	-11.2247291757147	-5.14186153543641	1.16617675448412	4.96647282570855	1.3419960378335	0.445607651972745	6.18778001809217	-7.63692706979173	4.61772181392494	1.80315378236526	0.582910948952684	9.8163998992484	17.0950433885008	11.8856914354287	2.46828359310369	20.8553773607105	22.0166586118931	24.5611173360777	22.3762145820355	23.6404554650678	12.0072076471213	21.47984955516	33.6478356122357	22.6400838278198	5.72434811515812	16.368353299079	25.0203113154704	13.8132186550309	13.3426611844854	37.5390998085424	67.4277914162885	597.999799545447	2308.59133672067	436.142544530103	59.0914693329967	27.3386693444664	39.3605892546301	66.9689387994556	381.099392883243	289.905735194393	204.19855211371	195.668163520947	164.105093533541	124.865751064074	100.038360513377	29.285187279186	-49.511683130579	-354.918928374468	-412.975087207668
649.621	1.73438093712124	12.7833154022807	10.8690382514949	-0.658524733329003	6.26098960313295	12.5151494711328	6.89899128030987	11.8103671858163	7.58267116241675	8.58639102931713	9.03653176428907	18.4689160196351	22.7910213996216	9.44816855314671	15.370216417883	29.8660590043192	26.0055407156677	28.3430381685285	28.250655515374	18.1290766241098	30.143216899099	38.5910751352633	32.8175032440672	25.3258001791512	16.0225948299661	27.074277103732	27.6682114452935	27.2465297031209	24.4436943436982	21.1273371411785	17.6128735352468	12.8165136934484	39.3917850621553	65.0882284901004	105.594908987307	1582.70835041559	1512.02592755875	69.6619971794056	35.089374731464	43.2688231550081	57.4097923753436	170.277364473024	408.441647245032	194.168713733694	174.954519789247	206.954532921405	185.709330539082	168.032582689323	152.18163524576	74.2493123930014	16.7375102997479	-82.0922350435211	465.356480102409
654.341	-4.84361830167182	5.50744699880658	-13.5302476627095	16.3844135682061	8.09228294402762	-6.35475441295476	7.6066577190658	5.8205115245498	13.6238367904858	3.67146823292779	2.03930409796107	6.05023772029148	8.24341193994579	8.66635941059082	14.1080575654469	8.92055197455993	21.3790420283445	28.7832034756672	29.7788564859154	30.6843664274216	36.6580230673949	30.9960370765722	44.6725717014415	18.1748363208998	39.0514189303395	22.7542664643711	31.2198852698215	6.52879766961706	20.4792250796052	15.6318228589847	29.7096138440577	23.0042335849336	49.1646518512076	56.4336176795916	435.72208423973	2143.84465507894	504.411006456933	44.8805024812105	43.2416347904351	41.3811274423717	71.0547852381612	264.062857771546	301.711032037	146.799548753033	179.121930674761	185.086681628238	177.25716857326	170.642116393119	113.957427853015	92.6372327832156	132.580052350051	96.1928324330366	-283.550059295637
659.063	19.0934258095083	10.3141588265359	20.4661042172788	10.1156606697037	9.03468255986182	8.81129305403823	8.07436625683739	11.0275003232577	14.1366617384836	7.6361052929841	20.3075378956005	11.2870992361077	18.2241250488288	27.7783757055052	20.58336872367	34.4831149319687	20.2907209584575	36.3650801616286	32.9590624941945	50.2815551890109	35.4420170809399	40.5978971189443	41.1155804590757	33.5432044386379	25.9251238563108	37.924117253003	40.297624755786	17.556588020934	31.6030598434873	34.9265805375723	31.182381398009	19.8401846257113	69.2863664299848	84.8909232769975	1269.30562480466	1504.42370805273	80.4282459331691	43.7238837288235	48.8541988105476	46.0312256193967	118.502255040634	334.842520185941	211.603909877979	151.798073441106	190.135553131932	201.470540603593	186.022967439421	199.510290584436	124.361240487926	143.383517251181	82.2740728559184	258.672119286646	540.1001905121
663.787	-5.85432456591888	-5.63256930249039	-0.36414836730485	1.70986193272384	2.95576053059699	-0.270796936697942	9.00780906279126	10.4624025219404	5.85604704468854	14.5501576619463	10.1674683583244	26.6070736646056	8.43069194325116	6.64743618835826	0.613981913967195	4.25750068429709	19.6139643184293	12.5192357245298	24.5128787731919	33.735087596146	26.668747174293	19.6760037413126	40.2484913136898	5.26068278993147	24.628814617539	27.1497507438482	22.6697050157147	22.2570792746769	13.0109694735973	20.3755351039956	21.0831773287203	29.7181401903491	51.8431519366233	317.595889368576	1909.33299962577	532.381949777594	30.8640525902175	45.1221630055454	39.3102494394926	38.3945405030624	162.107905395576	267.038952960243	112.306733120307	94.1522386327835	145.366420767024	176.023515249156	95.9120052059761	106.228890619857	127.722080005738	118.978118100798	212.079959456241	-236.107711699884	161.106645445906
668.512	9.98347516683678	11.3517327173112	14.3109541854396	-0.34460109767676	4.76556991565178	5.73044909884669	7.42667832404266	6.36205021697115	12.0056088034921	12.2971641602098	15.2370830027335	15.2763766637221	-0.32674991991345	14.3540023616869	16.0862399878476	16.2415763346901	18.4686869031464	25.230939938376	16.0932758239655	39.9236630900852	20.2526792355821	19.8272514212511	40.5578778645491	27.5658301763262	25.4888944928427	22.4730112252773	22.8439650094409	8.3304621961815	22.7043862888319	14.8463310906018	24.681972121494	33.0660163822523	72.3830306590206	985.817462491988	1493.27132935406	86.6639356304888	44.4304311434718	37.2375537782963	46.6271238585444	67.2672774169619	231.88759509325	190.902760788284	103.645814908744	136.544482521144	111.357612631333	159.549799066595	144.442868352951	113.41721632147	78.831119275436	99.9105768726613	259.254995660296	92.5254752139889	487.035173435667
673.238	2.28263596391681	10.6043746651361	12.5513514778038	-8.32023299474035	-8.38997147196242	9.05922183289815	7.88648168895847	4.57168866566267	8.80254435079769	11.4195884946958	11.6287787112626	14.1138137410192	7.23178923718694	5.77617835334126	12.4485503795078	6.47409686103065	15.9722034376332	27.0979471423031	35.7690325954675	22.2692004863616	11.754603529536	29.5506018770307	19.4820971123316	46.5752676418347	34.0773936479282	13.7616040569533	32.3683623748052	16.4389288578834	21.8760003248872	19.3846832372397	27.3451058447322	46.131856883536	211.174926074579	1606.26700451795	629.57126369379	33.1800394368343	34.2684687464337	48.8975177795069	31.1335781950585	87.5760190955657	272.479585980791	128.205210364138	84.5432406997953	132.852387267535	136.839859996199	145.266621153745	157.065977117504	179.483530181961	126.241982342954	131.782746468534	151.555415489012	-39.8925804004949	0
677.967	-2.75925507707718	-16.4340897959928	-7.80916893301069	0.698438532131202	-8.75335212708561	-6.91338768913207	-0.83624520935226	0.921044453353587	3.71181412605713	8.38786071491896	12.5127635090126	14.8492211324454	1.32451542364155	-0.323252608669812	9.09139938263426	17.3908926304421	10.5073374529209	21.4227361207125	31.4800657182684	15.6226662160583	21.3134836088238	16.7441384548401	16.2924523510389	4.6558755652869	14.9544905481591	7.59139435837094	24.4543396404367	22.4040420658512	10.0460341717179	15.6855193369744	31.3450884388953	59.4313231588021	762.234087351202	1320.09879525445	101.537739796089	21.6896641893556	7.50431085851019	28.6003648475033	24.6713965713103	148.367299449188	195.512229538929	45.2781396994601	70.9694752217966	122.133257464293	131.784529467462	125.556606618965	140.997051260773	91.6914550795755	79.887573783414	83.2496115284133	31.9535755614564	-207.623506404037	-592.27460491101
682.696	19.0650343216503	14.9555124893761	20.304505531591	14.1244427082387	2.74683166862966	12.5827785064099	3.38225828219805	4.28402067378878	10.2169890970549	14.7817596219425	12.3830134604855	8.30600712960915	15.0668573728012	29.0900976954055	19.970384330107	16.642664226653	25.2330314498475	21.3120986906835	25.6948138327574	19.0371328089907	22.7482854874591	41.0100147419762	40.8106409629819	25.3494877156375	29.5549706310113	19.3568571517666	20.7705674011689	20.6838306317513	30.801647444824	33.015366977949	49.9427023683799	142.242932057945	1392.14877360603	601.553658603106	44.0011311711608	48.5366609895967	25.7989997181427	30.5257121049486	60.0403481345883	220.300738096025	151.515057487997	74.9171986873849	68.315881579839	104.444686419664	143.974694620209	140.65611733478	140.391747399952	186.732403952289	153.313089330864	109.203074008289	186.678125418869	216.709495210256	332.708381297817
687.428	12.1744353157778	3.34665180842829	13.2522141761464	5.33364778407785	6.1466895084991	9.57336679767447	10.4304875770851	3.00099622063424	8.81856426509994	7.80850733814062	2.71075493565738	1.60846160987744	-4.04588145085649	3.62050875617265	18.1945983568062	10.1185598253981	22.4002251358865	16.5354487427834	26.6465818805132	30.9983814312439	12.458256034175	24.6262638335963	27.8997544771562	27.3497999733782	15.5727868220853	16.4673863728216	20.9155892531681	15.8691404802414	31.346672112647	28.0308425736789	49.0018832809174	575.519367514553	1280.74376597917	107.755868093199	28.8519493432398	29.6873699248265	40.1148338731744	29.5254697309717	100.482077166159	221.385238140004	72.1694263803801	46.6262822396557	73.9956908339996	103.189514285877	132.641219937544	90.13339376336	142.467881189958	101.250253640975	139.443192217471	194.730642110063	253.052056684167	163.666934376479	201.018827552683
692.16	15.0652536784262	0	24.7448457262256	2.14503961084514	-2.78102428782208	3.96337175161166	13.6974428217113	4.14876789560949	4.64432140194064	17.6645074791719	13.8998919844077	6.79220808282662	12.5425148352033	16.5461864336621	27.9214431859268	10.4914051202663	11.0928339630885	33.9578630552741	30.2857275674675	23.3749813684972	22.223335345081	22.4744035644575	29.5674762383493	27.8648991375766	8.00262843397725	26.3556778335897	23.3656887412775	29.2513444269642	21.5641420807743	48.8286774760835	97.8874733215385	1114.24435753491	630.788051891697	37.0025402641414	38.678078428862	28.3924890199774	21.1265888518607	42.6986600806069	151.541246554215	148.695364254779	70.1262263565481	66.8952828885285	82.5345515677362	118.380989097216	103.897680257317	123.912591100894	92.5558537730158	140.140044806329	96.8048276163385	179.663958829068	87.2316455563117	191.981212174822	-404.219930788607
696.895	16.1155343883659	10.1630040873385	15.3310079444348	21.5960656930783	12.1329442718691	13.9660044963274	8.6190388253574	3.22763712957405	3.61316530009853	10.8682854523745	18.6590481533464	9.44341355054142	20.1360478444366	10.6614729875463	14.2170866197777	19.844982968874	27.7511987979595	21.7239241641208	24.2367521492901	27.662443755196	35.7988063329112	32.2147505628878	22.1353794334013	22.8862636175641	21.3684969584557	32.3178541218818	26.5489262969335	17.7369259348773	37.4090064733638	59.718183856977	426.18943156222	1135.49578579744	146.27687407165	32.8907639019914	26.0763891694262	17.5909552859413	36.7391936166025	71.647710951741	167.655003155286	102.405672889631	57.854788185404	60.4555182547298	69.6359871538246	88.384318312993	142.853690984063	137.788089669605	156.41667199455	147.747006030959	58.8134140220999	153.055739954542	124.417383534634	276.121365844797	50.8706234119547
701.63	12.9054751822425	2.98918875759906	22.4172921936486	1.45187030411429	10.6665740945791	4.02391293002502	2.39020952384815	13.2108059630366	5.7869151572689	11.2089598993362	6.0876222437538	9.52299268187717	-1.37665987947331	20.830675988789	25.0895631593399	15.1705505042706	13.3099659618914	12.5695847068745	27.5946705760401	27.0628505667885	24.2037315278446	20.4972594409697	24.6310764905215	23.0791249137956	25.0811202682209	16.8096794836511	27.4504413266862	25.9858932324129	43.4502523843733	81.8479045938762	901.02612747064	641.039004592326	38.451925377156	24.0298287036626	21.3875218969245	34.7392535604231	29.6390342391742	98.6748815509998	174.283282557022	43.0671906368162	44.4983852535454	62.0345345528763	67.2722677627239	81.0264801332525	90.5279442297957	129.560761419536	127.530253129091	140.938437025843	144.036219252238	60.8027854648245	195.579106717335	431.594749597058	324.895613426044
706.367	3.3859325196563	15.5570706373813	6.25813841351537	16.1618298530383	8.25447407981066	-0.290864394840359	9.01565256014899	5.81261422602339	0.650690743141203	13.8639030871836	7.00059648811562	3.98773896057124	-2.08971922202398	7.8200500553068	19.1249536304676	11.1058658290514	14.1600966361816	9.44922641530028	3.98930458859062	26.5442680926257	12.8695105992294	23.0909586145232	21.0313524476768	-6.02722846050426	10.0095980019903	26.3843845173861	17.4905920729142	28.0046919391138	39.8803055952146	359.595073910268	1007.39395962951	156.277000351084	21.1334632873123	18.8375769082277	19.1599519098261	20.5695760691632	36.3084998977225	142.473178891963	87.9652977066006	35.1475356639578	47.5330158697784	28.1416077366306	68.0778906245128	53.9812380862101	109.137853450946	111.160448331769	139.246248830005	91.0091330452279	78.8824955995871	94.6629733447201	212.858730161463	197.247958655753	484.527354742679
711.106	31.7729295479776	3.9303522683183	13.4390244281733	9.65105624022458	3.85000196180729	17.6362179335264	7.77758917041717	4.69921301573897	-0.657564370025703	0.254733738254042	14.9980415123985	15.7836331363407	11.2629021246128	17.1796909080349	12.9957290749024	5.61159179260477	18.8468930001876	6.61087669875543	9.27232567615667	7.23840321049293	23.0742010374893	18.1932977645547	17.3176820862497	19.0340549994789	25.2883380998129	30.5222308368248	20.1013846027705	22.4333405138133	53.0465301410979	770.680431677599	601.734791526394	30.9135357552895	20.678717676691	22.8438831006048	14.3424812502144	26.0780664123184	63.014603860707	136.378183782203	73.3379844399598	25.0999658786905	33.8774109412484	49.2211453813742	65.7796232871396	75.2672228968844	74.8688967866191	65.2885442645647	60.6342356504485	86.4797386859971	64.1192123659367	83.7050844848713	90.5714869142211	512.566982243983	-122.411425143192
715.845	7.91154166426527	3.97583827834588	13.5945544056841	12.3911801795301	7.46456964730334	18.1376607789295	1.12394275648928	12.6762588257399	17.0728088226069	13.6571340542472	7.44267857181229	14.6074634837732	-0.712077988423204	17.0309414266601	4.71912315553335	20.702656351795	29.303623868762	25.2634523572112	23.2451809122402	7.75288940871866	16.5510603959065	18.4038489996753	8.36091127366814	18.8692496007795	21.5611288367307	14.5505064706828	38.2139306571758	50.2736384720566	254.712859332691	942.747504811565	170.217750247947	29.5717713551959	17.8317655835583	20.6573800158644	23.5762587831272	38.6140099178753	89.9676176064718	123.861864089393	41.3647198068023	51.7390262351783	29.1546276368284	52.0037058932427	75.6978950208304	67.0575776545455	75.7353553525449	152.484239719791	92.5825755871568	95.8120524770091	99.9214078054771	96.7700621122401	137.429507592588	352.867324344035	566.071286457898
720.586	3.46998873987001	22.5863090301496	15.6329002120141	2.63503058719078	-0.976083748234958	7.45212854262379	8.11270301351473	0.397127542588214	11.7809146670513	2.06662928074095	11.4790195469581	5.78954139853354	8.9233199025395	11.1501688022861	26.6961882154403	2.67801656687388	12.7419127884085	18.2502473269362	39.248060157966	14.2493125446965	22.1234803363364	28.4772512487941	17.5620773279327	30.4982225495417	8.05992596289106	16.0101594081994	38.661329714074	53.8998349203919	618.644197663495	588.324089434179	38.2244947061796	8.51896794908267	11.3447212965891	18.252210111222	16.3630001970368	31.8119661014644	112.438499621218	80.9264159023699	27.4954595771216	12.0066926201366	4.10214983087386	48.2519180001588	44.6759572340313	77.7299691890447	73.4762726407125	88.604460843546	34.8056232377561	75.1715839438612	80.8407639296953	77.6103952885953	133.947441488798	252.680831471239	35.4682721473468
725.329	13.0460608797498	9.86219982980373	-5.27465827211732	8.76378035142221	14.1615343490042	-2.71555664038499	-2.28107258192248	9.84854605450446	-5.17496008112249	1.30743053310928	6.97159377072773	8.96281882590758	4.33554529233228	15.5188725960808	5.81496510632091	11.1818391223786	7.88189845971529	15.4572616506427	34.7618016311138	19.6683765240695	19.3793250040462	23.14145179721	8.0803324919972	17.1939690943774	4.82089587424217	32.4116901976294	43.4030210963946	201.937789179135	823.861733225899	168.700125670051	17.6185406961978	28.2837412423003	16.7031028767297	6.04000175275959	19.5075315874329	61.6858523931416	88.4300813132853	40.3076499585517	39.2378883217057	10.2088942691692	38.9277069931283	29.1927292564786	48.9388911651831	55.9974996143884	43.7982244150156	63.0768789542411	65.764604763637	85.9539429796368	53.366639887782	66.2841526218593	116.215394388263	21.923078303993	179.508932324601
730.072	-5.04896363656458	13.9832782942897	-3.26615772306415	5.75110235795465	0	1.51803767638078	3.90197260314386	-3.43812095597852	8.37677946778825	1.31557257992322	6.13813330766884	2.42809402203205	2.54481790352449	0.354898105685979	2.75349548450241	2.72763011482832	9.01248082050958	1.51741678258444	9.57738656471522	7.9163446749667	16.46667519043	6.94481781003935	-0.406532645289141	20.4466893582631	10.0749837227473	27.5403180836161	37.9456664181829	540.071878797866	572.823037896336	30.9276653517878	4.51896835525145	6.9414338395374	10.5044510911816	4.64758868348402	20.3697326365053	89.3964181650366	70.8550665204555	39.250322480285	25.7093675131117	16.6316186443259	13.0567099927555	27.1149484571521	42.3869469676831	37.8018978086733	54.0493134186999	57.5194077729918	30.7237148238513	31.1928344101663	76.9685402695318	29.6430837141931	-42.8776801992994	227.949248180514	722.507309526932
734.817	19.8304038941066	-4.54267866316469	3.28928771416746	12.742026029479	5.33977228637393	8.56121270644514	0.462306500311869	7.53596137816126	-0.456005481867588	-8.74426797526808	12.657565601046	6.28788622283562	13.5464377438546	7.50563923535809	3.81286805466246	19.9153614583672	1.81526092434145	4.96652875064402	7.96778288945158	17.2735462352742	9.600850632219	20.1591736330136	0	30.0952501444542	25.9295147645684	17.1521247799237	179.17500193917	744.581760701808	211.044775173583	27.6072900380685	21.0044787300086	-3.84482509439931	17.9840290155977	26.2828165194964	40.6549889178538	106.148316334217	44.8054587765285	23.7169691959135	30.5149042054402	28.5725041623514	24.1944799090848	34.1337109199375	23.8545665863447	56.0269584816984	76.2049051901692	40.9482153754749	69.0228807033669	14.278969593773	27.0396311755356	126.875281963894	82.4370799979199	88.8632977933577	491.146131704767
739.563	13.8880070054704	-1.37861335662283	13.3097857388179	0.781202732554866	5.73932589300226	0.309304662071342	6.78121028722335	0	-2.53712557454563	-2.68051800422774	18.7599419765764	-2.47365665769446	13.3332214445884	3.2540191960059	2.80516420507916	-6.94703369396943	0.734527838929059	7.72945382814286	2.54533149377236	13.8895381063095	19.865923377049	22.8901450637208	3.72745024664746	12.0175193445358	23.5692736287005	19.566139661253	461.704327123676	549.116688328139	31.1721653526789	21.8407838206672	19.8316064167419	14.8505453817514	3.92390707217055	16.3896910440349	47.1635592422951	77.15432672403	25.6003685803228	14.2175452133265	24.32095527189	17.9403958694596	-3.19241188930261	13.8118771689787	53.342876320121	39.9644962897334	38.9680412662116	45.4645446692243	24.0771064539059	24.5558516041018	67.4715113678384	-20.1328863212201	75.451193946308	-22.4735481594555	-165.614624084206
744.31	1.03974260343318	4.64452075801929	5.88530267064606	-5.52689832090954	1.0236533221685	-2.81351125384889	3.07236102905508	-0.624722410905023	8.15900132027164	3.25102010879695	1.5048063902981	15.0006594317597	14.2244626456256	-4.01966599101487	12.0494410052541	0.351066258461414	1.85595717185323	2.34363374781263	27.8693050025526	24.4534168232536	14.724137462406	10.9365132785715	10.0461641180949	21.8628621326112	35.3477697482589	129.099648401984	656.468421395067	221.701928679976	16.8517897816152	3.98062028241033	13.243149230307	0.714731280654517	6.48960427012293	35.7066962048872	80.4634584889715	47.4307775568359	17.3908144299495	12.1243393948302	16.5449329276188	17.1249029635768	19.8970675505574	26.7558639254856	60.331577134786	39.6574782743315	0	46.9718694317588	43.8022560116196	59.8562654229948	75.5652724077307	-10.1740935544263	88.2988154573622	537.56182548477	1357.68404693906
749.058	-28.8851404916117	-14.5451616730629	-24.2064762507463	-9.97032691884849	7.58351023363121	5.68453052786583	-9.31128143084382	-1.89332117192001	-7.06490236840435	-6.84217801609722	-0.912111282918284	1.44323483539524	-16.6387577921441	-5.53738209598641	-3.58017234453628	-14.5408199972005	-14.6244150368249	-11.8379281114944	-19.0581793312001	-4.11722168198936	-20.7343156586716	-22.946436317798	-21.5662757516371	8.18011111161032	8.92725575342331	344.140423691337	497.848586437726	26.6981383891371	-4.44104729331681	-3.29015627646827	9.7626847106518	-6.85934024542466	-8.37701892318886	20.452979102095	52.0074978217683	2.43638231391231	-11.9980328421329	10.4336942915763	-5.73052172623173	15.2646344256959	-11.9515981384438	23.5037462106378	12.3193097944718	-19.2894850518379	-15.568934153471	20.6312698636443	39.3332568013359	4.42448742889076	-42.8235022444628	77.085543896947	64.8736196361707	-68.8380455946814	-450.923684955786
753.808	-10.7059686109569	8.60822360374484	-10.3884830368926	-14.2272711881356	-7.02686754680175	-8.69100575589216	-9.49059910500382	-2.35862361498215	0.480063935291889	-9.48456578096915	-15.4946136927573	-8.45841565399435	2.31261665534922	-19.1896734563847	-7.2982393886759	-6.14522994707929	-6.87971705442431	-11.2615106083427	-29.5792876487643	-3.73023252138031	-9.6479566702198	-3.0318220194765	-6.03416510230475	15.0077602517231	103.255887426228	603.950894156877	211.020592464331	15.8738381972608	-9.05314693370031	-0.372613162797182	-14.3732269177566	13.2469354773405	-7.79587973165019	15.9194240338027	30.2347994048687	-1.24165121522741	0	18.032629264776	0	24.37514379394	-17.1652119508531	18.5661975385372	1.98261416955746	16.6362003588787	19.3951540283258	-16.8228712885333	-41.3435766090222	-19.5420103265721	-26.5684707369861	-96.903081049141	20.6634259013586	-553.51391883775	-76.6012704168076
758.558	15.8059006044568	5.35622729328488	4.84795809269738	-2.48330517949796	12.8783300473173	5.24386538760217	12.6364323383723	3.9297393079072	9.53144993095333	7.10074347140184	8.20369253647758	4.11888010737396	8.24132368983216	4.98042081303122	13.7472272375781	-10.3055820850095	17.5120046713022	7.37116957976184	20.6774042452185	9.96989284062462	27.5989995781989	11.0248058475198	11.8489044112125	26.7410964562066	390.32230686013	504.619554401122	61.0565712479893	16.5472715117324	16.1310596202052	5.69081844140371	11.6325960574962	23.2289665334213	39.6881096119416	51.3280753742344	56.3716514062352	11.799447522953	26.2369580334099	18.3604927599478	35.1868767689541	31.6829679048374	35.518392694994	26.221347569587	34.3172442417809	36.9571078483983	5.38576104893585	73.8676884524039	29.3391291716223	65.8142020711598	40.5772952557325	98.6649418615155	345.041595866365	373.072583019528	662.949086738106
763.31	-14.4545192918842	-0.49667850985924	-10.789131093192	-3.37736413684961	-0.729786965697523	8.69188469496811	5.81287779312461	8.90759132577842	-5.23507267443492	-0.869148781589418	0.643687505772856	2.29164199575788	10.0075263532434	7.42480999807188	-1.51594147546444	1.87712656697044	8.33588475565637	-1.25312446446662	5.96060846776519	15.0121171889146	14.3143502454692	4.94803408922192	24.1722595050592	128.589103011196	621.652349382207	232.622638139108	20.4968784242976	23.9440068938964	22.3304522157877	10.0615728399384	-3.06206212077316	6.11458853854557	23.9040704659621	62.5906583803222	12.2340980321588	15.9042949891338	22.6798683772203	21.1291223808419	12.13228683544	19.3903730380712	14.3767863957155	19.9042393944368	-10.2953838912817	10.9949645153798	25.636747059007	73.1626246851771	78.0691929903301	-1.56120603415515	29.5640627815227	108.800323845167	218.89550023265	-16.1932689212179	-19.8888794806945
768.062	20.201191525344	1.5039756484983	-5.89878763058193	14.9142055758604	-0.73661453248138	-5.06146278237709	4.59176910915687	3.82114390851499	-1.76134990613285	4.67882750081057	-1.9491286913125	5.78270398302627	1.21213828568895	8.6775795689217	21.4217354267421	18.5679437707058	10.4171744083451	-5.48100863858416	-4.62797946646806	11.7310172697108	14.4482690284322	6.81044417191444	28.9166276309456	392.87246299764	532.083127959919	51.1483140598372	8.75288540474271	23.3756225368245	9.49025942446875	8.20268440599647	14.6808697973806	5.78605682549913	57.5951702724476	53.2428597693928	21.815780301715	27.7675046016113	11.9038666650315	31.5054958386799	-7.65361949383743	15.2224962276014	40.0511584788114	5.02261368217127	33.2534495605054	37.2569959513585	24.9524291772226	29.7592799565268	26.2665247068854	-11.0306839517201	81.5644465772854	197.672781524089	259.933400624077	-114.413362302835	361.349120057874
772.815	5.60786792914698	1.50301770375581	4.98810268593231	9.79452114948324	10.3060349280011	2.6977274271375	7.90300983466721	7.86205012925319	8.04675670401871	17.2421871424587	17.5309848904775	-2.6968763443842	6.8644086044804	16.9499207114237	12.233194874898	21.9643834751374	10.8109446327799	20.6460277105372	11.1000761125333	19.0507611062051	21.1772972752122	21.7795402122075	97.0799222911785	658.59212130039	264.835976531745	10.46463877768	16.6994106250451	31.6755710224535	14.2263220243504	14.8334986397424	21.2350932023962	25.4424343574454	52.1137639070026	56.3856007366672	28.7949423504039	33.3865001676986	5.94814229823323	20.8288220471591	16.8272380864515	17.9293718830544	-1.74024557511055	13.1759632470041	48.4637257026165	22.1815198238477	45.2551948461294	36.3492861495176	38.0622019714953	80.3152229327989	75.5481658968881	120.72309058026	264.097302183246	375.690173760382	-80.2486581667525
777.57	6.29440017368351	-8.6907178561691	6.94061328692382	6.08341292375356	13.1451489351469	3.09680940900207	5.4627837812128	3.20892589576097	5.13174155037206	5.96395319668295	4.96898519438291	9.82803943910193	-16.4807922554763	5.63107276231886	9.36192258458025	10.0468116355955	1.22570235849684	1.71974598918043	2.35965552723998	17.4453487737188	16.2067407303386	13.8896919052077	246.495292798624	561.49982158599	53.2856853962911	9.85657483483253	19.4740813029218	14.1405531382045	-3.2258488134534	8.36456157035907	13.3947399683369	46.8085918735032	59.1286276376708	7.69834475886313	25.6042404153971	11.0607370251948	16.8075490046967	2.96559193818602	16.1296328375184	-1.66316860408241	14.7976646229586	3.84129993084371	51.5709944582306	48.5007446712077	22.617650499371	-13.4873640636174	65.6229696371396	65.8833142025212	97.3745478616148	184.775970585212	57.4303377188834	250.009865956873	-102.355616958137
782.325	1.74309329357886	16.0918559210222	6.57767386018514	10.5893234571809	7.62720070195953	20.9633618585522	8.98072392125788	9.54230340583086	11.9847871155529	-6.66138636753259	7.0637195893734	10.7777562728738	14.6427905484355	7.75986948123732	18.2200409073514	28.642800904434	9.54177815947014	12.2236261100681	30.6687651063451	7.08561188226237	33.4113681294698	67.227213020077	448.653610990795	290.503800064282	20.1825288215248	8.75733147983072	20.1859658256613	11.0764305849849	33.1647519515189	23.4579249942022	13.6010362863085	62.7069936255615	39.4889256850429	20.5708137470219	25.1461664092738	25.6068776291299	21.8070756051951	11.5431859086845	26.9445339409146	15.7619798134613	30.6521583016235	29.903533700505	32.9972836360883	27.0862453739287	35.4059036655621	25.1076593394741	63.9139074907573	44.0547820968852	88.5748416359907	244.476838123036	399.232360610533	253.860341212488	997.747447953512
787.081	9.54598578708103	2.66511448347035	-9.64885365809879	3.62450232832589	10.9646464782677	5.38148783818209	-0.8136827461126	6.69158223226788	-1.87271615068272	-0.932748633219923	8.28947108639908	-1.63955507169795	12.8877909867124	-2.51624827138202	-3.25374060053349	2.01448506493977	17.891724126446	-8.51720402331111	-1.4761789003489	-7.27576701251616	4.09648026811592	219.162550736233	395.841383228083	64.1205589590012	0.440939643781158	7.27952159870638	16.4975511734969	2.52748589068066	10.5107369380021	12.8743323756254	34.5043453366035	44.2936537497128	41.3762061036784	17.743209545943	-1.75057688010664	-10.1485939075738	26.7734113496102	12.3683144867491	23.8701198682843	20.8092611207609	17.8974148591265	15.3530243873823	21.3609114448493	-21.0705707971698	-3.9303875381159	114.844723341987	37.7018533194245	3.35089417457373	95.182227954569	125.518906743443	96.7289443820805	34.7564186329697	42.6884914179334
791.838	-14.3049876667373	3.72751457583455	-15.9050525761791	11.7681227375893	-10.5627210765554	-0.716830614537936	20.8641176364491	9.31131116787072	4.00904213057822	13.6669463106128	10.0066572038428	-9.00874188130768	18.0252777324318	6.70343908205915	8.12640346067155	4.42753678410994	6.80923512304892	3.13485122596907	-3.93263075239985	19.2100244266088	68.0374403404641	404.13825075896	218.843812347082	21.8168234088873	36.5622306912095	12.8336626036749	5.07120968787283	2.52501629484024	8.4003735528944	-5.8085335765817	36.5224545766231	33.5975066459084	21.4946043450342	13.5054268422649	8.30711539427624	-3.22594292335721	9.72627314978647	11.326543670429	22.7628511801954	28.2960415411115	13.564082832636	-10.0030584859462	6.62277096870809	31.9959739031296	72.6411226999886	44.4881157523436	22.3200088871183	112.14527100366	88.7499440797186	119.563878433412	110.439349642388	208.334749694456	959.552565128876
796.596	17.6079173696	10.3064395156147	11.2923089800739	-4.61070768214356	9.96290074960205	13.5089632736518	2.76021584830884	6.32343893264808	8.71230532725823	-11.7072335835413	11.2479855698503	20.856681771996	24.0452397517852	11.0964683805442	12.0032853419584	6.97031109676734	4.76875247541038	24.6346503358041	44.5673630107339	22.7419864376936	200.627657604791	416.596424843985	77.7320821560552	21.2784466002627	10.3208668626893	10.4586192376306	20.6635676959662	13.7181851676984	22.2487540197517	12.2566056744149	33.0240847281841	38.8159207314979	40.4232374205523	12.0378829273588	16.0336681493413	17.8392250085099	-8.91708115159486	16.2581139979789	25.3962122431008	22.9418248067179	33.9152685167705	39.4006412570902	15.7416506232934	4.28859948611076	46.9983307824574	56.0521171430204	59.683930850647	242.118655757614	180.813907369084	74.2659761645586	140.626640270076	-168.011040727246	608.202268861499
801.355	-9.95870304357403	-1.404803241113	-5.93365293385721	-12.736695177221	-7.91248353170553	-6.93397330948483	2.14449354064572	-19.5254979032517	0.940117826789894	-9.83318586288146	4.24807324051489	-22.3257515711128	-0.377403227708115	2.57898407190009	-13.2203527809372	-11.3264133442798	-9.73026417461908	1.57525846353439	-9.51018138740387	7.76154267841293	318.944778184744	213.317683700785	13.9269592368903	1.63277591397569	-18.9811974829359	10.1570142661639	0	-7.03136222031703	-15.1434697896692	9.12118811396458	12.9910838893671	9.00753877436018	-5.45243260654597	3.34021007251855	1.92238151669461	-1.21577393788275	2.99355637906907	5.43286488749796	-0.953191804838418	8.632795660507	-1.08435299559409	-2.93213855665557	-14.2361594374252	-8.88517362583887	-20.7173882646335	0	-36.8017584704752	48.5727886071147	96.6262392343317	-33.3374536880498	-109.257006797732	-61.0679576779978	-787.550629285434
806.114	-24.1105442107582	-20.1355131226196	3.39065881934698	-0.398021724288157	-8.6005255779408	8.82505693934433	4.76554120143492	-1.46966113250281	-3.99550076385705	-8.74060965589463	-11.8339183128629	1.80046383638007	5.28364518791361	-4.052689255843	-11.7911254532684	-5.30925625513114	-7.11057766606779	-3.15051692706879	-5.61965263801138	136.511838873263	315.795817046107	53.0113528083461	0.844058135569106	0	-8.522170298461	4.89041427630116	16.7230609118566	17.0232980070833	-14.4047639462707	7.29695049117166	28.5082118683333	-2.16180930584644	1.45398202841226	-0.371134452502061	11.1498127968287	0.405257979294251	4.70416002425139	14.9403784406194	0.953191804838418	9.64841867939018	15.7231184361143	-11.7285542266223	-13.5890612811786	-13.3277604387583	15.5380411984751	16.4722654978507	100.591473152632	85.3703557337168	-55.745907250576	30.7730341735844	40.4655580732341	91.6019365169968	206.263260050947
810.875	-18.3449792907943	3.27787422926366	5.08598822902046	12.736695177221	9.63258864729369	2.20626423483608	0.476554120143492	8.39806361430179	-0.470058913394947	-1.36572025873354	16.0819915533778	0.360092767276013	6.03845164332984	10.3159362876004	-4.28768198300668	-0.707900834017485	4.4908911575165	10.2391800129736	25.5045773571286	308.63546180042	223.12638925195	36.0477199096753	15.6150755080285	-1.22458193548177	0.774742754405545	3.76185713561627	9.66221297129493	16.283154615471	26.2240574406467	26.9987168173352	30.6733925165611	-7.20603101948815	1.45398202841226	0.371134452502061	16.9169573469125	22.6944468404781	18.38898918571	18.1095496249932	30.5021377548294	10.6640416982734	1.08435299559409	8.7964156699667	27.8252207186038	14.0681915742449	-9.49546962129034	46.3282467127051	144.753583317202	176.62832220769	92.9098454176267	120.527717179872	121.396674219702	-175.570378324244	-225.014465510124
815.635	3.66899585815885	4.21440972333899	14.4102999822246	14.3287820743737	8.94454660105843	0.94554181492975	4.05071002121968	0.419903180715089	3.05538293706715	6.55545724192097	-0.606867605787841	6.84176257824425	-4.52883873249738	8.47380480767172	-1.78653415958611	6.37110750615736	11.9757097533773	19.2969161782963	86.4561944309443	324.158547157246	65.2284807288968	2.96863575726738	9.70666855904472	-4.08193978493923	6.97268478964991	-1.50474285424651	11.5203308503901	-2.96057356644928	18.8369990066617	24.8096316699837	13.7128107721097	-2.88241240779526	18.9017663693594	12.9897058375722	14.610099526879	3.64732181364826	8.55301822591162	26.711585696865	16.6808565846723	-5.07811509441588	10.8435299559409	9.96927109262893	-7.11807971871259	-35.5406945033555	33.6657559300294	8.23613274892534	160.701011987742	85.3703557337168	5.5745907250576	43.5951317459112	-4.04655580732341	244.271830711991	-131.258438214239
820.397	2.62071132725632	27.1595293281846	4.23832352418372	-3.58219551859341	1.72010511558816	4.41252846967217	4.52726414136318	0.839806361430179	-7.52094261431915	2.45829646572036	14.2613887360143	17.2844528292486	-2.26441936624869	9.94750999161463	13.5776596128545	-0.707900834017485	11.2272278937912	29.5360961912699	221.760138715372	251.10873371336	22.0427279704548	5.08908986960122	17.7252208469512	28.5735784945746	6.58531341244714	7.52371427123255	14.8649430327614	14.4327961364402	25.1159986755489	35.7550574067412	7.57813226879745	9.00753877436018	-1.45398202841226	11.876302480066	3.07581042671137	28.7733165298919	4.70416002425139	20.8259820687422	-0.476595902419209	19.2968373587804	5.9639414757675	25.802819298569	23.9426317811242	19.2512095226509	18.1277147315543	47.3577633063207	196.276045175868	92.7298691590372	124.49919285962	-46.1595512603766	141.629453256319	-76.3349470974973	0
825.159	9.43456077812276	6.08748071148965	16.9532940967349	9.55252138291577	4.81629432364685	13.8679466189697	7.86314298236762	9.65777315644706	0.70508837009242	2.18515241397366	9.70988169260546	15.4839889928686	11.3220968312434	3.31583666387154	7.86075030217891	19.8212233524896	20.5832511386173	78.7629231767197	246.832435100346	108.205036163757	14.8451025107144	22.9009044132055	8.86261042347562	25.7162206451171	16.2695978425165	11.2855714068488	2.60136503073325	15.5430112238587	33.2417629529324	18.2423762279292	12.9910838893671	12.2502527331298	22.1732259332869	20.0412604351113	29.9891516604359	14.9945452338873	17.5336873631188	10.4129910343711	0	27.4218215098458	8.13264746695569	31.080668700549	17.4716502186582	8.88517362583887	44.8876745733725	168.84072135297	116.538901823171	36.7975671266021	44.5967258004608	146.171912324526	20.232779036617	358.774251358237	300.019287346832
