Wavelength	500	495	490	485	480	475	470	465	460	455	450	445	440	435	430	425	420	415	410	405	400	395	390	385	380	375	370	365	360	355	350	345	340	335	330	325	320	315	310	305	300	295	290	285	280	275	270	265	260	255	250	245	240
248.336	15.7262654106707	7.02287114671488	5.92861577075156	-0.796413151067775	8.25111841728683	6.92844940681208	9.53388172942515	5.45261207201092	3.99110709851523	17.7430384131598	11.5215486942532	12.5962754763785	3.39614431041906	10.675339292677	6.0708023434668	23.3237557727795	1.12148883445932	-10.2255122403012	1.29582006463212	7.75610265074349	14.3863012669084	2.9668684184985	1.6861194081674	13.475941982651	15.4911717093316	14.3116111567973	14.1149071702245	9.98940583218263	18.4739320981617	22.2476235299514	18.037829299767	21.6250988210227	21.1000126465121	45.2976973424528	57.3580805628648	54.3130088045398	76.4994855515571	82.3768004146644	95.3225467661348	113.898249018	156.719315314651	207.670669509511	603.800430753917	995.751803853621	1228.62134342829	1333.41377370114	1572.72088000794	1566.35634016035	1494.08766746243	3204.5079590102	71045.6968069482	228071.410448274	77608.3019320364
252.814	-5.02277772307609	-28.5984992488229	-16.7374323759535	-13.831078661663	8.64710035434677	5.28069435093567	-6.28032438081547	-1.50706550471096	-5.34253883446486	-0.980811427187152	-21.0622557929681	0.431046111650401	0.45195297859121	6.17250358738109	2.56624459875841	6.77211241279625	-11.1934337780275	5.65252637152097	16.5547661413192	6.55730673106376	-4.30763389506754	-6.59922938078593	-12.6217034159781	18.0965814959441	-6.95769139246261	8.11945843135152	3.11416841669438	13.293727555571	-6.63789264007141	12.2309854462313	19.4435879241489	6.47511872143918	13.9429389745792	33.7971059751664	67.3148408272515	83.0127498753447	72.1729110194831	90.5314818152385	105.605611577614	119.97337648845	192.249854646923	569.826157558347	1164.98512876775	1470.15447399355	1554.25317156777	1801.75199099162	1946.88426110749	1950.08568607723	3209.94077894837	67667.5455844982	249104.518846658	102145.453777204	4013.270357616
257.296	-19.8782462898205	-8.32220563837837	-3.01092725047202	7.07820976403143	5.29625239301229	15.3010406354961	-3.9542265434386	2.9821963990067	6.39876321076832	-4.85209882569623	1.07788458335895	4.69127112838345	0.894329105843048	-18.7575402634395	-27.9296086175797	-4.18772632725221	5.75891666836104	-8.38895708468552	2.04742112314938	3.78456884189921	-26.1047173400774	13.5608762377606	20.4802821471367	-1.93565933634523	5.04824826044517	-7.14082938595884	19.8075465869224	3.94586429604497	20.5783684676776	16.8555194676745	36.7651601595022	10.250424111682	15.0885153497123	75.6777975947636	80.7430871311823	91.2591475051806	105.846258832063	103.517692644551	133.855965204682	172.329173475638	445.972311369904	1005.2265174876	1534.5555209642	1613.37115986896	1596.10514102135	1901.01859279264	1978.63266235516	2831.33464949281	51021.6486041922	191071.50523333	111069.909689967	4992.77932882116	4809.01932513094
261.781	10.085602198288	-15.7637296516944	8.6566866263339	11.4920412056859	2.06704098691067	12.4969725148063	2.29285853993818	7.06100940137283	-3.95230090524315	9.51897397928621	8.02098029602817	13.4156989795512	3.1762828697579	23.4604892284896	0	6.37416519085874	8.54092298844399	4.72921687473984	8.82977978916406	8.77793003896698	25.9488380395059	21.4055820597137	14.6995432223533	8.34779200698948	11.6423805497832	7.69894750487634	11.1663681933808	17.3507401506648	29.767450971559	29.3836742117071	22.9915178587371	35.9718230467081	41.5581142731734	122.333207682089	137.017979141102	124.284437181164	105.864465609564	150.761623742754	172.5081598526	415.772200106658	895.960619140135	1436.94595972686	1915.91981467974	1690.56272031248	1785.74362331249	1983.51361505828	2728.23637777463	41840.8432179892	140559.551437914	126982.015135292	6195.3006782414	3776.90813251654	22093.8267601742
266.271	14.7457740898876	26.912664222483	6.2150111077085	6.33121662537951	9.67085358419448	10.7846683533411	10.2026551314109	-2.30838985012291	5.16835527369278	6.34313027391374	11.8662265384254	6.16222476657109	8.30713992392406	0	2.62049789969936	-2.16102578000146	-6.40084232156373	4.32902035869821	14.7916584739384	29.0157208477268	13.7459441465552	21.7713284556779	14.9507069113807	18.9786004635737	19.8933975080444	27.6370430892767	13.6285947609525	15.837233915519	12.652686976767	18.7343433797831	34.4147219353159	21.1584320753148	72.0783988111482	139.408760018606	142.183983675243	149.211038608641	112.900178512476	164.962484735391	350.911439731787	855.702610783973	1381.49509297607	1853.24015214944	2124.36765380562	1900.53840463008	1874.33366959141	2597.94402947289	30392.7418762169	113369.788773094	135770.031611163	8126.60985459425	2542.22490033151	15058.8257072976	30189.4502072588
270.764	-23.0939749794818	-10.3130658367441	26.9476226261844	5.36034763980763	15.1459292229888	-11.1764327958206	-1.16670646403272	-2.05311409134844	-4.02220628410322	8.68520008773488	7.42077224584743	-6.60628352562975	7.85026635034591	0.900960038934934	-1.31102287800893	5.18952537294358	4.57473080269024	20.6953142082611	1.0571711072406	7.25821490978005	10.453088259377	-5.18671147213139	-4.12676907154907	-5.49705043769084	3.79145676056289	-7.37423134226355	7.27287722587222	6.33863541428715	14.0166063479396	30.7960294709281	33.1106247776358	40.5776154145181	81.9151798307906	199.467736399909	172.417470981611	134.914867730681	147.484518918928	294.670736012424	753.563750580356	1253.82210938224	1734.02732380422	2236.25742709916	2335.49203923279	1903.47296915579	2443.88424825755	21509.015552456	94544.9411743708	113366.493646851	10407.0377391873	2372.96738066406	9145.53816027503	27194.4900722161	8884.49479071457
275.26	0	16.8252148257239	1.01454470155121	31.482432792427	-9.47207954414054	14.7127514532506	8.85089899656887	5.02431859674294	-7.31195871642919	16.3493526927335	11.6223289580616	7.32890258522269	13.5606592631965	13.6697730755595	16.6831364137827	22.0127253744271	9.85172549671554	-5.65338930754563	16.0398780339919	27.8728081256701	10.7707287868182	39.6014210644053	23.2274797389211	10.2726007555917	8.35050429589054	24.8132438233218	-1.33484735888856	23.045978845462	30.5389676268282	36.2616704284687	59.203960156294	59.1484461026715	107.638490200218	211.264159806321	189.985947632996	161.681086729732	281.056575429487	738.459295018603	1238.91439022823	1623.84695978622	1872.77346558077	2578.31238599853	2286.91336686799	2510.64095514588	15614.1998133935	77584.6034934147	92508.7684615768	15396.7426843143	2443.39575614519	5556.97467252825	22588.9889502742	13264.3557547421	2207.63567124449
279.76	4.88411738211088	29.9900983789781	2.46596571043802	8.81157998796289	0.800798652591688	9.53626864265726	14.4346039416413	-0.976973995049448	11.4837971027098	9.53734846375797	15.1840448677886	22.6339121127064	-11.8658581066217	7.71699029386191	18.7155004798839	18.1091883564178	13.496686274749	7.78668141155447	14.0855314200167	41.9772011044911	7.33025305908279	11.353240595576	18.6553625017416	9.98748746371733	30.2197480354628	21.492788806538	25.5233808595649	31.8859508696386	35.7157020112051	81.1295223135756	81.0892599913203	82.6922552090846	99.5667529137315	240.42678351795	166.331311007917	222.809047644667	716.23911906249	1205.56728995836	1661.916490411	1767.68600893263	2026.68456388403	2454.14369968701	2570.14670378572	13090.2989343395	63314.63724001	75506.8123172169	17405.7164663207	2959.24888408492	4020.54478983731	17687.9399436797	17059.082169669	2311.75141035873	888.897945774592
284.264	-12.2018938630746	-12.973795613735	-14.0815391205813	-17.6551747515013	-1.14321110655018	6.28332431267161	-7.39726883196429	-3.021886908021	3.12269313609861	7.5641171580678	4.03285039202751	6.7815134747603	10.4565215654323	-14.280892024508	-3.16658216055851	0.783408261946488	-9.53026852408775	6.97485702602346	-24.4172766463893	19.722539565007	-1.99325455759423	8.9260116358521	17.2875584776211	-2.71581413977279	14.5950906120154	5.42690083415398	20.5858136007591	28.2962305855045	38.0869231209834	65.0853537933146	72.3763112998172	81.8963060915787	113.712296998235	177.788491027972	225.292049473707	568.769594489051	1180.00218966691	1597.88886488809	1695.27032723945	1751.11184047335	2118.18644570046	2125.64347342399	11083.3735133433	51658.5190754696	60245.7325952986	19698.7905233317	3407.53597449573	3823.1807605432	13256.8192345765	19207.7037106051	3814.59660121113	1163.29952991918	845.987107920621
288.772	-9.88760933774374	0.981223372558381	-7.10002208455827	-7.5109588038523	-13.6898794098393	-5.28016871385018	-9.24114831512831	-0.219758509298489	-3.93621571472854	-9.72541182835837	1.27087168002045	-4.52553365863324	1.97709746267329	-9.25783377022458	1.87103375983184	9.99845189565839	3.13384948533334	9.06669180484952	2.26312164121422	9.56178711361248	-4.23990503588984	2.22067343666879	11.926322471077	13.6933471581667	22.7261961718502	1.57862643272171	3.11385843427511	19.772451405267	57.6886073362937	69.174625144916	82.0329727218208	74.4024992573477	108.646072071915	212.433686318363	529.648217422294	1106.84784274896	1596.53875584039	1622.5610762549	1592.20286757057	1750.32562455748	1940.57234751075	7250.15801692242	42739.0923587335	48892.5104916183	21141.2451228119	3571.39272765932	3940.61464834239	9812.70594405688	19627.8120266713	6691.76638602947	1695.07880803675	1075.86326841169	1111.89963942824
293.283	18.9554716290409	1.88109695326277	13.611406214813	32.7982013068245	13.8130415177746	-2.21431374938476	7.42162847928117	3.37038088456548	8.25353984883587	9.8706302668976	6.09094960467873	-8.3143765455676	12.8869543867268	-12.2018414235625	19.0108173312687	7.09924710250316	31.5413830728874	9.87596361341596	-2.16930789828787	10.0819619778792	17.1597326239874	25.5434317163741	6.77448158013957	26.6616054265871	29.1751627540726	22.6978085926826	24.9975231868193	56.1152094067665	80.533545628201	94.148772635096	100.736489376517	83.6270116383883	150.549627611737	542.261097974473	1240.03815619267	1701.37161372167	1644.54356664565	1552.57284933766	1606.62803541455	1661.42537863064	4212.66183445277	37099.1848990405	40926.4656913665	21715.4664091076	3106.46514066801	4029.41375154798	7632.21776252866	18789.6944924219	10320.5782176078	2475.1804405006	1588.25400919232	1367.3813200779	2169.01234005749
297.797	23.9579598461397	14.5687083073521	14.824341075237	6.19549539336541	24.4046209685242	6.43102640053811	15.2968262174883	9.5846606102662	13.46927130315	14.8644995326779	9.43462993243713	11.8987311324546	11.7419772233073	20.761527895954	18.4043578869775	5.49822060254731	15.9946228665289	12.2379685226384	21.0010533642177	23.5135458076701	26.2299855492712	26.3771487304541	37.7106303548393	40.1064474753025	28.244453006952	41.3838606902074	55.2628767896069	70.5146887015921	102.395725452126	89.7267508586409	104.538956566042	115.305593853811	289.017677710399	1457.90839981268	2185.71959129615	1971.4709400619	1474.88823560668	1499.96369042434	1517.8350390081	2974.57199905722	33193.5916945118	35908.8474245905	27801.9517070866	2633.42010671535	3319.68937905265	5731.15853606367	16482.3078144659	13600.8448973486	3856.84647127852	2413.65642785632	2021.27871585682	1863.61858779278	3059.21936151794
302.315	0	-12.0673868616132	-9.29777721391197	0.760264047348187	-4.26649224979563	-9.62031689353079	3.64045596225212	-5.00492175078581	-8.29224671714354	3.9086962816176	-2.02605547965693	8.24539333263943	-3.9624367451486	17.9217285770712	0.34089701794683	5.39759832988615	10.3489842915336	-0.750875183468324	-1.64933724939351	9.58171696731559	13.7333086638336	21.4438196350314	-10.0599164818458	13.254096863867	15.5274306186651	19.4144334576456	54.6061026231326	74.8751636267464	103.343458002574	103.403745865652	121.566805392953	197.489846941237	623.021725380304	2670.70292542811	2775.58068341111	1668.41408111131	1422.19417929924	1445.29228414532	2203.46492051005	30520.650038691	32549.8830636304	35212.4830412196	2003.47881214838	2578.15888119914	4097.16023538914	12493.9832013475	15977.9106457749	5373.94052207426	3111.22014839523	2254.55584089549	1663.86756562589	1604.45362309826	1599.35482898351
306.837	6.98638029979482	-11.1425166174806	-19.3502396149569	-17.8166531672283	-8.18203678352631	5.09661855701718	2.04207702324176	-1.79677461353251	5.36383664367817	3.63799847309317	-1.15453497821941	19.8711014125361	-4.66989181592111	5.25647724623799	2.7196123166367	-9.41959914558596	-8.89679428343729	-11.6062857661184	-15.6252466966285	8.25216814410156	5.13570724222363	0.806956421531266	-6.82177039657673	15.549807773227	19.1711189027651	55.2135273109952	45.2610098862073	77.13293348331	122.050244595683	131.239761454429	213.611433097909	474.170721325874	1112.7184476057	3567.43779336831	2471.41537106406	1494.01257591515	1397.09395993761	2043.64989306518	28453.982403636	30356.1329712239	32374.4277145064	1853.52733007166	1731.16289603273	2789.48768216695	8437.07577878745	16165.4699747014	7260.28736555159	3782.43668097234	2848.16456370993	2199.53270064347	1844.04200444987	2005.4344625511	2516.42778091987
311.362	-15.4502933732265	-5.34164937310655	-1.20786171049596	-6.05757918700385	5.2298863480436	-3.59306691639122	2.49271796789381	-1.79450408988183	1.78568618123536	-4.15245857917087	-5.4771111481825	10.9495122592985	7.89290722116662	4.19986785018061	-8.48804885630355	10.0796741945808	8.88555170371492	2.99138562403458	-0.821342189362124	26.0265478634263	7.69382613255569	9.26827202516724	8.81701758850489	34.5546015591429	38.6619954899839	54.427603160291	52.6200659801723	89.3470668954368	111.708738877275	212.908427945911	510.03024079955	843.999039656338	1634.62873691971	3125.19736527924	1829.25934878909	1396.55467569932	1694.79183766045	24053.439258431	28444.3084209368	30345.8122821543	2158.21445573466	1238.21358831767	1740.05057021765	5294.59611733039	14200.539506358	9073.02032737271	4252.38310918155	3541.11599320438	2731.62983358425	2235.72002292877	1910.92012534807	1728.13416147856	2318.55964158572
315.89	19.9157384831823	25.3472223248152	14.8819235996744	19.6672595004139	9.14306246674651	13.7595198202356	7.92336915381805	10.3577797945655	10.480316439053	5.44460036796103	9.5032746372787	7.52019087272768	14.3362542793239	5.24453545188227	10.1753768792004	20.1389988609774	6.0360759825355	17.1831046046361	15.589748876688	13.8668137523338	20.4961592645395	37.4382268505253	49.6457525770489	59.7307531485625	33.1054017976598	60.0961002119938	74.0876469542287	111.746798693437	180.729332683118	520.64877361258	926.858879861719	1286.45827077283	1780.17481958867	2135.67045097083	1550.99744609263	1731.61202203882	16638.9560359528	27006.6337142486	28438.2301079916	2649.45721013516	1135.70451928651	1286.55367955328	3127.45417352926	11475.7492249299	10444.2746342655	4926.0543215513	4279.5752231865	3682.95819543432	3076.15141949625	2377.00823273017	2220.11448862322	2094.78251077732	2051.00326908665
320.422	-12.9659513812432	7.57179865825145	12.8914551549577	12.1223020232176	-2.94354569657821	-3.89478434833095	-4.53488688717878	5.98520737076991	-2.90345104260887	4.41458874900729	3.74970679637351	-6.50510635058869	-8.61552135139389	12.9572282076575	14.608052530033	11.0941793925648	18.8484769830209	9.35359212891543	-4.9309589407694	13.4549787224562	26.0888960297906	8.46732510568596	37.2939152201053	36.5173909377288	49.737590181691	54.1014086795347	98.5882885492185	149.586195859017	442.529027560865	910.07833754339	1485.69119244093	1372.17855994047	1594.40860243777	1724.05770306344	1534.80320222117	13767.1052412595	25516.5546035914	27024.0279233292	3992.73987532196	1331.6863104575	1404.74992893436	2203.86876275979	8766.3329100017	12096.9961801928	6716.35816487764	6480.63198097693	6331.52935592093	5509.47214315571	4822.01542578777	3906.28802110914	3370.1269143329	2893.98016417546	2249.08931133364
324.958	8.74797654704597	22.979881663338	5.81979446837776	-9.38153733758995	-0.337486123656374	-0.927446712951569	5.84930301361502	8.85225775150543	10.8317009439693	4.82326899913242	1.78580015312995	-4.23945172311546	-0.740846041784064	5.05901616675191	17.5275622621751	1.38761467265237	8.07329315337184	12.7403103460625	18.6565125471623	23.2890789402473	26.4791942285951	36.1971052600801	65.7930171508589	69.3498679175811	42.9592867740732	72.4628390161094	112.305102507052	334.131994333266	977.467779721139	1534.83473010509	1832.29347558192	1318.97661734806	1401.67951247427	1613.17709535845	23699.978925276	24953.9144890546	26311.4693813093	5483.69657253428	1513.07341041049	1555.82295187401	1825.35151418752	5854.89440731902	12170.7204201174	7985.49442250143	7450.00171945571	8250.86169751874	8236.29398453948	7439.46700632374	6371.33110975428	5290.59019605094	4569.25211382235	3777.58046112123	5409.0667341215
329.496	-21.4652322571843	12.1574971981615	-7.18987896815036	-8.74940453794978	7.21054783086545	-3.45981951017408	-3.57065932920638	9.42521260942395	6.33075656085537	-6.54294495864134	15.4434678448729	-8.62646245237963	-17.7128674916333	3.67647043758324	11.4128612933211	2.82352687418035	9.33385601423257	19.6394408225874	6.90225209603176	29.6179757062004	26.9400136740302	25.3979629348804	54.3082033381906	51.796009598819	58.4048096495342	88.76961236511	258.196920580066	737.906518796142	1693.75040965234	2087.88879038517	1913.90212107906	1276.7781090125	1502.00916740703	23237.8347192053	24092.8238076375	25367.544291546	8822.96100211115	1418.51476256105	1401.36361107412	1564.6172593286	3462.93790246053	10047.5017471959	7315.8909571938	5873.01038888687	6999.32388586125	7806.23370160915	7548.28906187313	6899.96494948631	5751.87401836142	4991.24287575557	4079.28659421553	3683.81652544168	4145.99274835015
334.038	-1.58070323402585	13.1766865019903	-9.78989076918928	9.20578873772701	6.91124541541705	-10.1295018568235	-0.718713436835585	2.74030779433109	9.43906969454746	-7.68240871242551	10.0569419611981	11.2139997046712	2.65501150687036	-11.84018282341	-3.94834049225559	-3.19684662022165	15.4057305261184	1.18592635502991	6.94653405502449	33.0180837066993	52.4181757388522	46.8616603201417	62.7068221718512	74.7035639468878	68.9004857593528	219.183690986855	535.014264058891	1374.08967628365	2224.91487292091	2544.12240840962	1749.95276707484	1197.66246945369	5316.35532064798	23351.091784885	24210.247937784	11462.2723759132	1436.89934434685	1394.4044219535	1443.40934908716	2368.37135452015	7822.24813144756	7582.35018687766	4521.51321171981	6033.47195550032	7138.82279190003	8108.84334232117	7982.96848851651	7130.67443873195	6074.20350054546	5170.02322733326	4524.13296658131	4533.0269222913	4752.63808165057
338.584	-6.30806880639502	-2.81699139974228	-12.3149909417613	-10.7815951729236	-3.79232101793925	-3.78970534948688	-7.88741220593011	0	14.5964411157006	-1.36865966954457	0.912135476211512	-12.9923417563676	-5.67604350300121	5.53714348679362	-1.07430910381421	7.44191446293954	-9.74670624082694	3.15509573452866	13.860670947531	33.3986041600593	25.2463168797401	33.5767120696352	52.8383416451751	73.7103591617701	158.839464437652	500.416520980696	1007.56373731255	1933.70904957504	2191.19732183466	2530.14364980224	1424.98757871289	2936.2132535587	22779.768784016	23249.3537020866	21120.7676670426	1065.31223389925	1394.97783172711	1396.59942018688	1752.14051322135	5701.12425304148	8005.75556321304	3679.09165657687	4377.28232288955	6296.3188119496	7594.90958395813	8581.4224152776	8397.7202299667	7658.78253638619	6607.22936456248	5491.89942574921	4708.23904581013	4461.44516792339	5469.58953526785
343.133	7.87785255895927	8.44322162796763	-5.0911835928422	10.7717045871881	-7.9221243925956	11.9897246342213	13.3724209358959	8.4043375535315	-1.64647349428776	3.82873153109287	1.82259744233752	3.60567308997824	-0.378055769161773	19.5466259294623	11.8065593519433	-0.708103577237789	-3.74529423809033	7.09245310791098	29.426905960465	68.1072176077255	62.1570653696617	56.4760260234697	85.3084298461786	220.519094722414	424.088681294453	893.886205368779	1448.74208552081	1989.01841730373	1992.25660428979	1989.95690777847	2517.73479302718	22582.0352809322	22793.4966370767	23263.3645427762	952.229593079989	902.715230085177	1190.74486011681	1272.88212363497	3598.47735642555	7582.80890343956	3675.94427707928	2559.01345151338	3785.19369910765	5447.20511211351	6399.40690404864	7178.83957124689	6929.97405465367	6300.75261646165	5409.23892970931	4611.73522503679	4063.76542927702	3992.56866714953	4643.953646847
347.685	10.0197190588206	-7.06500213819303	0	13.2196502272265	-5.87960427632001	3.48500697584255	7.19330741620996	2.32071353598108	5.19594731443624	4.66832577126038	3.96522844310627	0.36205262701062	-3.03690503195044	1.85161756036399	2.87398671408919	14.2204106660211	19.5557573766343	15.0346360354907	38.2387524786412	77.1083670516943	94.0719409586657	62.2516258918284	228.567616063741	502.011881464069	760.114720664289	1287.05787350078	1683.02438686759	1849.07734520883	1676.71698298917	3075.38184165326	22705.4143361078	22684.124044282	22896.5413739726	968.163910281553	731.152431476185	797.563943051874	1039.58349924847	2167.39507278825	6564.93044686843	4361.77129144386	1762.07667596512	2241.42627604728	3250.00439938955	4620.59819427858	5426.8994342852	6092.81211746472	5687.60928965953	5250.0420066861	4576.36978235702	3793.23240754498	3474.32885665789	3366.34899535594	4288.53901889756
352.24	16.0386916358354	5.72991294647428	-7.77393868721452	0.406117555921221	-9.11629274532979	15.0957454426484	4.61856123815225	2.99435043341492	0.718305268667196	-1.11357113274228	1.85533291814841	29.3634735593125	4.23330586799456	18.0205591848763	9.10501188582408	33.5182113335837	22.1128657676475	19.6540085953156	51.5409766837825	83.2896418369833	102.704749438177	131.406596176329	604.445283907093	934.152548463074	1162.01111320442	1355.11715910761	1733.49974495712	1647.41479188925	1966.99464847981	23316.3603546942	23063.2886893476	23041.6628278067	872.640522113806	677.817321055158	677.237156043941	742.831783670403	1439.21570413841	5122.04413504791	5203.50108751031	1723.22785939549	1515.92269571528	2079.0744751159	2989.8769388568	4176.14733883919	4939.91360329407	5429.11509065026	5175.01085241802	4633.27630147079	4077.26778941988	3445.81674472956	3283.00738571181	3366.21561565618	4613.45083053838
356.799	14.0551052063309	15.932861743954	6.11377865749111	12.7299450098038	21.2720446182858	12.9906166512993	2.70370223774496	6.70423691748717	3.87365420902038	8.16336172052679	21.8867717908015	23.3814296066074	17.9001992419503	11.0087521358752	15.4668854361124	27.3320508242803	31.9969216855157	39.7460712946409	40.9795966575456	105.860405096157	172.464025528091	323.436010874202	1097.17042711259	1462.11426998577	1256.43319332894	1400.90111296784	1505.37044963652	1777.56303385476	23914.6086587377	23606.2896483882	23350.0711415933	1034.7429780612	509.836102353371	624.874577364935	618.489314936019	822.166601052608	3454.79716575995	5497.45253255277	1987.12775463195	1221.22285767563	1379.59063920153	1836.060565363	2633.45112315695	3598.17816541446	4178.49720743688	4669.89160539685	4383.14656581432	3944.06891393227	3592.53394054263	3106.47435847649	2760.76761192227	3066.49335639241	5221.57591746278
361.361	2.72172921998293	15.5576495624198	13.1921958223031	16.126629169528	8.21107425492948	5.55946314866586	20.2952397663555	-5.87984099965988	11.9456863024065	-1.70073422657998	11.0196010732779	20.9282395574993	2.74291425819471	-3.82255950232274	12.9788370940176	2.20179238474783	32.996144008573	35.9389150664365	45.3017923081714	109.440274088144	371.606075176869	638.613688603884	1647.14988263303	1540.56900451522	1273.62890011687	1365.29137140558	1447.96899726905	24032.2593067617	24080.3945345654	23769.9381303788	1656.92088826888	446.122031369643	465.788073144617	551.344311080367	586.420333144105	1994.18151187738	5232.71026162393	2505.13598770111	954.208401809271	1021.69334357717	1178.59468013462	1557.05271367576	2139.04035816025	2803.72326949308	3278.75284980419	3685.58996859847	3291.76881168122	3101.71259567732	2729.06587709214	2354.06191318527	2544.82923197393	2329.70775529753	3672.82682996159
365.926	-9.82814255268807	-4.38894912152766	15.4378888368937	-7.46578584469769	3.22283954210376	3.60828348101391	3.72387953649507	4.36873643117584	-3.42347445787102	11.0885265057292	12.6322831037996	2.62401758633206	2.35824798977889	11.5026932844541	13.7623783004047	14.355348905681	22.973137227598	34.0004302774335	51.7387440093837	300.810459229582	724.877675161082	1123.52470912814	1671.49779742981	1618.8573164779	1210.55595293116	1289.0420545564	16271.4897096974	24157.6621445904	24125.0570361973	2452.51633874871	452.037528179635	393.050296135386	439.549010817562	520.542208939512	1145.54769914032	4281.71016458448	3303.41024217648	898.096714010059	762.520375090443	882.345392376575	1056.80063639469	1344.27826750572	1813.92809870341	2303.34310905537	2675.43695345734	2986.8606667377	2735.31850308173	2477.90637823447	2153.57493167707	1998.39096879666	2013.4365482361	2376.42829479702	3587.09278336354
370.495	9.74831519447958	41.5982062561039	27.9999950660809	13.9874985913992	12.4314656476788	-0.325361439406261	13.0508365305112	11.9164433805363	6.06369265909199	3.94816581050045	7.20456577429603	27.5143043473886	15.5939569034333	20.5366764287423	26.5633215659608	29.5727886912939	50.9800599862657	65.0106366579529	178.499148406188	848.437476440082	1261.94818219105	1398.14391126497	1713.66443792079	1496.86114547668	1139.10682828786	9996.28551766062	24105.1870203999	24009.9894239504	3810.68562195002	500.385341095653	418.549412020136	387.251315042918	403.656281321642	757.976858991423	3099.31507744216	3886.39150485666	1172.69821977745	709.368376718289	750.418133341812	839.98243508003	1020.20474758365	1222.44832772101	1599.95285217105	2043.7039430799	2352.2094846575	2527.51834467769	2321.16666137494	2139.91119295506	1938.58151722453	1820.72851831687	1575.1050253383	2239.26986549494	2884.83020556548
375.067	4.85736503202269	26.9938825854884	9.1558453902244	7.78961358703345	-12.7425975044314	-3.24240496334282	5.39866446089825	-5.82973620347067	14.2610124344707	-4.21560374410997	10.3013724439997	18.1561629560269	28.7494296205204	32.214878758823	18.7508618539966	38.9307000907486	38.4881986780488	132.002820658394	385.119247185179	1720.62184307123	1942.17579949807	1473.61893283765	1649.17149266208	1255.41953563364	8604.57854331476	24324.3379417457	23990.0153982204	4382.06335780998	459.526074612966	410.043863248443	395.193490731169	366.992364286176	462.942528293475	2117.77562855781	4148.43654775918	1602.03154146069	690.370640141382	669.644314821941	729.676729649219	811.96014690599	890.510934757775	1127.63904556281	1426.53466134439	1739.39550705776	1952.9768654125	2155.19431855671	1949.12989694471	1723.30954079106	1589.8546201715	1503.25544958154	1732.05896336144	1691.28384933965	2434.074650103
379.641	-16.1171957460978	2.78610918490929	-1.25999831537274	2.76458474776961	-1.36390779069816	-0.937039857777987	-0.472784472676384	-5.19989653003353	-8.38243900162777	0.541462111198766	2.40569569211276	6.78189633431009	-2.99403624999412	9.4924971971	14.5212655998327	31.5442713209187	69.3328011000886	248.080301516146	756.121514945844	2343.49471460526	2629.38233360413	1409.47455339366	1361.24460881189	9164.62719709676	24075.1929228255	23412.642347553	5118.16055959144	385.657737941613	368.280599052257	372.575640765251	356.008846195746	362.109347792771	1214.48533251297	3740.2892405268	2295.74150272887	636.360800168613	574.338883116433	625.328306961158	672.184785470522	753.430274695246	850.853133283312	981.545472282305	1189.35262260953	1440.62604137606	1601.32027500403	1764.66530495868	1617.05219574863	1465.90590621311	1432.13262402018	1333.7879477207	1251.39233303697	1440.6738453459	1938.6036478168
384.219	1.0318997966666	-16.5893407167204	-6.6688114240872	-31.7465569489742	-28.7623051131357	-3.09967780915559	-7.27234791275254	-3.50899992679422	-2.07964954299485	-4.29870659605348	3.28263906262067	3.18801091778528	11.5135302297957	20.2896661502007	22.1432266919866	69.9123325387326	221.49981898221	509.801002208282	1095.99744980184	2097.52757598563	2633.69379129746	1180.98205889306	8747.09674218094	25219.7829318687	23917.7558353554	7017.48789082378	361.57126296931	303.700235523955	342.565345181361	361.481809340338	317.435118622345	706.641874456814	3022.75713419033	2932.67894432327	798.31825775001	534.971968921308	566.17896280983	615.219928882142	669.880034166679	741.686574754892	833.698264431067	912.288442486211	1124.87861110017	1319.62475155279	1419.16473768487	1550.56431325308	1402.93621997761	1204.0739210356	1214.80069281165	1066.46743159829	1309.52724453167	1250.05326935869	1465.7822492534
388.801	24.4390195571272	24.0547337151546	-5.2378369406233	6.44081316386309	16.6822685083121	12.8844290227681	-0.226773927368146	12.9696412130701	22.5605242324357	18.4398055705109	29.1361382722338	39.0357303748725	33.0304740567184	49.0337465029121	71.3509597337985	196.022740738043	437.483989124886	765.597853253299	1128.92595432614	1763.2662650221	1849.55908821477	5253.24930171525	25190.3132234485	24403.4048172656	7427.712237149	361.559227931114	284.847770196141	313.995988805988	341.343723225627	334.860913672323	471.954704112543	2077.39686572765	3313.49358118789	1099.7115044729	528.515860720205	553.779476612659	612.369861379656	640.365391978808	675.217503374887	743.577516336498	810.042281045672	870.722670405925	1019.04444417793	1188.30316200034	1279.86440689317	1448.92763332865	1255.72441949453	1142.93742251168	1181.38015455524	1138.16251489515	1389.01203903394	1360.34813667873	2302.5177723031
393.385	12.8856548668125	-2.13123740602165	-10.7949760995966	-1.45012955192594	10.641892801609	-3.15387472581644	2.16994213711033	-0.572784018489894	15.8166521991057	5.96436567768496	22.3589119883824	25.8844881445283	32.6366531932291	41.5569589032548	133.946932479783	342.965266008508	706.544358531883	758.719185678864	996.872909035343	1395.63640290574	7994.7798092028	24231.7311927147	24099.7497579841	11196.091645207	319.441148553761	248.58866526127	257.68419706608	287.991979096262	304.758565638317	359.600786560157	1306.52411975116	3151.355414241	1581.49011769144	514.819019208151	503.97107567878	514.030116795089	566.506951146776	604.095897543299	671.699433818341	705.955388474375	737.093998434841	848.660878810099	915.001097566097	1043.36955086044	1130.34346036085	1154.89967957368	1058.50005872625	1058.80118129225	1023.97937535062	998.127907149688	1229.70320989129	1537.09327726692	1830.36804879629
397.972	27.2562015019645	16.9167242923849	17.1669077886357	24.9158523909945	6.05955242751502	22.2030342856552	6.93158705559022	15.1549350195971	14.689661310166	28.6266528170826	29.6591851556401	46.3058579078901	58.5282134921343	160.582369327911	306.839142809519	632.518811841658	914.868242903397	791.966666553432	926.135492187921	3095.14861737206	24880.6014170913	23456.4317685546	16045.0333426271	393.345628586683	237.884435727942	245.609762159085	277.259741104576	288.554689810128	335.053135756647	847.243354738449	2747.1808273925	2144.29203184352	577.080235745692	476.743543560453	500.390821441368	548.297691193998	590.178594077271	623.050909811468	701.860925376431	743.403135848252	750.29717052802	834.936411613777	916.508769755189	996.921919765651	1042.41990592959	1087.07863394822	1022.45288534507	1004.15065398101	1061.53390720691	1110.6523019053	1325.76750047763	1615.23188885932	2870.93465805451
402.562	2.22077804022882	0	-3.94683306803852	3.0365591160822	-3.78682934932638	0.266835847146944	14.5402900182254	0.355379238349546	6.16647475925666	16.4211583356396	27.487917868705	25.0045338041116	112.222915429925	323.127743893996	467.472921473966	886.292480176519	972.395361827505	723.772952892701	1936.02036545	24221.5515469574	23867.4765526501	13809.3288356033	442.517495977692	223.861947263972	194.913322829995	247.307585690718	247.370427428361	257.365218495135	485.234689018636	2034.57834537416	2483.83012521083	744.206027839533	399.475848026919	440.742807855537	480.769190357797	522.690395734319	558.006073729146	595.957582616834	627.952564684905	649.682508916794	714.473096424371	762.47931155153	787.951246151306	845.569897312355	921.021332541487	955.30069010831	840.513488778713	871.880412313011	872.778395973138	950.624404151762	983.395362425352	1527.17221479135	1593.0465399008
407.156	20.7016631425192	16.915893025095	8.53963963599115	14.05273157972	13.288086400847	10.5846473659996	9.81316004908454	14.2731327474874	18.3455375793621	26.6057593576156	32.8639685759772	107.048454336048	344.014222793343	615.825945730056	588.406956675934	1200.20074538084	856.88215531123	1314.55734786062	22731.9465856219	24010.8651222464	23659.8699799662	460.826616598086	267.056230870781	202.441822133547	211.189346645397	253.478122004133	277.459260174065	351.904931735148	1376.84799398639	2666.71070385217	1166.41303676612	424.881238850544	410.519478012409	467.026074903097	491.972229347831	548.312281027611	597.173828349333	614.95959892103	653.565063922346	685.293206495646	712.174950711976	762.544596610327	797.709789821746	832.315465062123	885.066737526982	951.679878318723	909.859096475286	956.161975152956	963.766239571018	1046.02809057893	1348.99082357984	1693.39304367542	2064.68237549345
411.752	4.33201393953632	3.48218186807964	4.89935381803188	-1.64537134944067	4.26165546941436	4.94484256889073	13.9847148883961	12.3048153438752	18.2371854071363	27.7463108048021	107.991614097775	234.361258945745	673.570218907118	671.99323996236	653.961869950495	1021.84256976191	1042.01876461124	20316.72352279	22313.3815243345	23568.7512366801	757.905116684791	227.666484514503	218.762802833048	209.904174897557	208.66872932458	241.208236293367	288.541165998402	861.287688409784	2437.17414004812	1579.02021328213	456.430816056723	365.755374422177	412.171231667482	456.260385156119	509.631603904478	546.979119583891	582.03377902814	621.655886331842	634.128126545979	660.131890238726	704.918493956833	719.91936188463	777.609719881514	799.019712083843	813.398760013777	941.100046081939	830.94432074154	896.606593817284	898.800521757455	954.698160927959	1263.26002787066	1238.11387197739	1722.97830065356
416.352	3.83730824093254	9.52013880478891	9.64413167413169	3.56271385775245	4.47405575220131	15.6251082522984	7.75442483705759	18.5924910630226	19.0952035070778	52.39700575583	217.508222271873	454.888492810851	821.92848189798	527.856449325525	684.309057775473	924.379744485758	19037.5521771314	20028.5326246504	21996.8682118009	1088.02387035462	301.670575383232	195.462358696574	191.997774077873	203.603621196389	221.756708251893	271.099073155839	546.226400002353	1927.41332826471	2017.97223418499	595.955125527949	369.41951102906	359.692385209476	419.576140313878	458.424581585225	504.410028311738	550.548223686481	568.333258324816	591.601462624584	628.001218783494	649.304648950762	649.691612967154	691.385261268802	716.916726379867	763.533157616871	817.421330649827	830.781221328051	799.861640792783	822.593946320213	910.284910125444	1033.39308722774	1276.22430604161	1286.62513036102	1983.47811231861
420.954	-33.8375023374691	-17.1628816015657	-24.2977858121107	-14.2800548197124	-6.30141885339495	-1.75679199094751	0.379881984504353	15.3754563191558	30.4958679643948	123.993359064725	439.510136550358	559.838617423711	594.209376619593	542.705660323854	717.998200734987	17651.6595404036	18672.5956186506	19644.5786231011	931.451339419765	238.874026482507	203.854532727301	171.582460606131	192.482784086189	185.493622250163	184.867271995436	354.457167536291	1403.965668362	2160.28484178995	839.156827438166	380.163545680879	353.61307385885	371.950847389978	386.160528822534	453.889972565502	464.761246403412	500.656311872915	544.581496516867	559.801660305578	591.755125655819	610.648388439822	636.123480581051	651.693828757593	684.371052229203	682.01760493837	774.059975005687	800.855052537604	741.618683239625	802.442600649277	908.149828897048	800.200918576756	1044.16564313824	957.579598603882	563.726974401195
425.56	15.1639074639762	8.41891902510361	16.2228220559641	17.7455039843225	24.9970973814099	22.898201510772	21.6158746498689	32.1360414865142	83.3307649723795	281.064157688964	576.02136486865	559.365324872805	548.143655411978	650.137138300535	10041.123105229	17333.1074734028	18335.6191481394	1090.63132845157	210.385859957602	213.661613894076	217.216445526476	199.812481324208	211.576982704803	218.69598975704	255.244801899941	962.553565894207	2119.64362140012	1173.50773366415	403.255047594808	360.132401986732	367.787457831993	397.029611446004	419.519157262045	461.54970167169	488.764237448942	538.390636311275	538.945569708506	570.077797693235	598.06134520557	607.431680566994	646.546227170443	672.832668798436	670.903958117422	750.134041212035	751.299976132626	851.69851780143	840.836748900192	903.490630932255	1007.03537423843	1071.42772959427	1229.90087905835	1700.5129849675	2576.05189472922
430.168	7.63898371348921	-3.59088153753589	13.316397879358	8.85694732961637	10.5472491840169	16.6663346073025	35.6469204569306	62.2472048637505	174.840213194744	419.765411495514	574.615908383142	520.035080193055	615.296612176919	7317.50135611903	17243.2384402772	17063.8180497345	1610.19485802281	176.157934319978	140.464616928836	190.358013273698	206.539742731266	184.640181455952	197.859722270924	217.048137869484	585.151253353626	1795.24489871073	1538.95757067998	478.138192248731	349.689132196451	362.523722096514	371.870025870979	396.676423007838	419.085168776501	448.227666983831	474.462458522618	506.093898435328	535.59334583878	559.250922233725	570.618938268176	605.254996265135	621.373771147126	645.20643361206	660.147605994373	681.377361911637	717.827470979116	765.238096045145	810.743193542053	834.393700667965	922.428777538925	1055.00852146632	1110.39147520845	1411.5682035759	1670.47424717757
434.779	7.62028380692759	11.8209010014918	10.367843828204	27.1151263828549	12.0996444626618	38.0700682408396	73.3076032953382	141.518441469767	325.47366404699	437.116362482235	598.958455370145	739.869238727523	6544.40292216271	17724.8359409671	17194.7436980912	2175.17296723093	192.773261455594	134.202245570568	148.713076627126	197.571481862326	189.867857292991	189.052314901172	207.695650893194	402.41508730539	1402.11040315259	1761.74709877021	653.635249299106	350.436825015495	331.023962390785	359.682997101661	366.819528629827	375.851169010089	397.740806471698	451.391515210208	481.842207367755	502.994357170347	512.701680716518	554.072650339956	557.188564758526	571.87296134661	602.841992134492	635.996829144484	619.91094298728	647.989608141667	687.004677417423	768.879329185577	793.729334262745	835.730103131223	958.511157505086	1013.22941001768	1237.62378123058	1384.83815395105	2264.57448366668
439.393	11.9519675930967	9.60729245599137	13.1954113082985	10.5923001211616	21.9479857895286	59.8366379561016	148.719094274799	245.292166231328	421.977613450796	409.312989707261	575.155993823652	4533.85524075733	18080.4019763031	17637.9515042057	3475.28607744132	201.163958620919	136.941330661939	121.951092139814	151.334580412621	161.235766205332	196.121348522988	186.183800023217	287.365472132663	976.377396877913	1777.76774011669	895.048602156366	375.174417189809	332.639978327901	332.19102087149	360.893102747891	377.81334328493	394.168078528162	399.241539185241	442.462184673768	461.667333589958	478.392459511941	494.349321051037	508.762990656965	535.007589231048	542.949152433296	589.351680593496	576.925829703469	621.688243522792	634.67548434349	717.211299889648	792.717452681228	755.790359189236	804.436259092362	957.775626451991	1029.84893187127	1204.80102501518	1410.30321665148	1457.22736016872
444.01	-8.6657660541167	14.0722442929702	22.9106652084204	8.07889799495855	58.6418103182954	143.405539175714	222.797381560615	303.821298621876	403.980010596419	454.736968891686	3715.87552448755	17049.7676566562	17876.7261052653	5550.95510482343	176.564341355878	156.139149386721	126.686452357119	108.161510510307	138.914361784989	157.357427033376	202.351267059346	220.387152395788	668.64638772183	1637.34782392697	1157.91891679485	415.159498459119	361.167480319574	330.828402514555	343.152954764945	372.711363105219	384.930697005669	391.611175332907	414.413463810469	428.815125656112	444.01399030241	478.775081616424	471.102632231012	481.929282427162	500.313222585607	539.108248135646	536.241604064747	545.282467466947	569.440829375758	623.611856167113	697.431490951773	761.325191305083	809.062458157805	814.154240175003	916.274295917913	1016.29058152804	1215.50116668826	1125.7838746035	1678.56230271132
448.63	10.0527954775678	11.3958450067089	2.8111041190557	31.13317732535	123.238669327933	241.112582939283	241.021828201834	316.634511009159	387.883791116594	2641.74396790633	14098.7359285466	16735.0501738022	7947.58065626206	199.020043387081	127.74622143411	119.379341908408	115.530559121753	112.841923127262	142.09129001228	158.161814091785	173.755920770929	414.214479947884	1340.65255763109	1372.86763365856	474.463777005572	321.40116243891	343.284862704871	322.281178819002	352.095930171915	352.129646893593	362.676383969577	369.248082678063	396.586849177056	414.894884978166	441.517464844081	446.342276810702	447.928519086209	473.05597758956	481.258310731054	501.054123117031	523.96844271872	527.021511355588	547.500279823125	594.110004404213	663.575017565062	716.169817567996	757.038476652267	787.219966557301	956.899944039006	1067.48466658224	1184.17289171508	1138.71241295529	1002.32439143719
453.253	0.764430019547637	33.7957452319095	35.1992583041142	81.8768125506291	239.391288162396	308.155041144085	279.794411985821	372.028964584124	1718.11320801927	12547.2343790925	13936.7220112984	12245.0189288829	226.436719155549	148.158358840681	106.233313240246	126.771913086656	135.194420224201	121.585272741628	148.336403310711	183.627235679229	294.360072260306	983.649274693493	1501.09225135034	655.640690674217	292.25908353226	313.598825243181	336.913335880478	343.405849478412	354.257034901343	357.401567055707	361.676555794393	375.528126832878	379.84038004348	410.140181867156	419.055495847248	422.017696994593	460.86852541958	456.084136014321	447.942170989943	474.55045128802	495.031008217	520.126364024002	526.126326769658	567.328923541295	644.009362301763	701.205698028921	799.387538080001	851.188055148542	956.759991370248	1144.90093803807	1164.70500777016	1591.45422920932	1764.50555590475
457.878	5.67801593480383	22.3135349997442	80.7291161795687	152.400116334827	289.96489511709	386.601284155635	342.846803374603	1520.42837949969	10687.9917851133	12426.9996734526	13803.1724482645	273.914938610026	143.872752044185	110.314547417458	101.342292366539	128.102990580761	121.205141276211	136.318238038168	148.467501509444	195.037146936916	688.558498063033	1421.01915131993	883.033269613274	315.227356221631	277.419478106504	315.474254231138	338.228747946061	320.596030558147	339.906733836748	347.112460311555	352.723125722396	365.925919478015	365.149343372266	382.328631460103	403.623049488634	394.831701412807	396.252038162203	431.42813590166	442.251964516178	465.574606163626	467.55209937114	492.666029258698	503.301795579638	545.827686881957	614.115964892883	711.554399158743	736.723542815797	829.171842739687	892.597017823069	945.204861616294	1030.8397630919	994.004706493597	1599.64734369356
462.506	19.8954676072356	86.5001941421673	171.942114492776	209.589586759516	322.266498167779	425.107393980654	1176.15877684112	9467.04634382892	10598.0926260824	12322.4733187939	308.311371031269	141.488253290269	117.005279451893	107.024610954634	118.40010781036	130.074331850887	127.692683390998	139.9722838421	167.647340083765	422.768711491027	1219.50357509478	1119.65142188606	364.342254415335	269.033867652306	265.128310219361	314.46869393279	338.075668363255	326.142864380902	341.577704832428	353.366620907576	341.006089650439	348.687303881352	353.515536188451	371.438260019463	371.872639180218	378.196421064057	389.590019275349	391.21431412166	398.300115644413	433.665352601446	427.160713360453	453.700848614153	475.017462376193	519.55176948453	577.476036169952	683.516240160946	707.737713090879	828.600941620412	927.704275967501	974.030376246623	1126.52022117254	1464.99141349063	1999.59241280976
467.137	75.6026578086287	161.858253532604	205.975827947477	274.483089034985	341.978045181116	1044.88013633648	10602.1545329512	9328.58158470159	10443.0852151768	302.982007127859	139.972588500795	116.02230732461	112.579321641442	107.22188916862	109.316978106973	124.16908708637	129.500763572473	144.861173147421	263.839452945704	893.786318332338	1214.76537589503	485.719803019419	259.268728846976	238.178025685765	269.141298928953	296.61470099622	324.575287256069	308.907420136095	332.521929640226	335.196668766182	317.531028072331	328.444744813452	329.205620603198	338.879335651325	364.138839988882	363.632955471577	370.725616505521	367.988224551863	396.929595469051	400.81728911967	403.697075976456	435.890261984071	447.916453960644	509.788840215753	534.101451484657	637.678573219144	675.281216530961	787.856950252004	806.970885378652	905.475281309826	1146.46916261219	1005.43273378781	1276.58744837531
471.771	165.871313356266	215.81379712953	278.688150200011	308.158630174895	739.061764484091	13914.85986211	10531.1363668249	9266.09440300228	322.677951972556	112.228367972605	107.638633380613	105.798259675376	110.665003938662	104.857649427307	102.473336048906	122.729833171334	131.664232480099	177.148364983551	574.582208010709	1186.60891862535	677.207270617354	264.357966118587	237.483957010636	247.255740699828	255.956153264287	296.21083425584	322.369929722271	306.560493120608	322.478016820673	306.293892845397	318.155870662937	309.007095244732	317.26067650772	322.498229704327	336.524570637689	336.129737048582	358.913694475953	353.760319701825	376.525528833556	369.232375493201	395.303469160954	421.465716078572	439.972920296135	471.633951720669	533.072431341073	613.328652789079	671.012137468248	749.852696144682	813.861703785272	907.581883629772	1137.75885241966	1376.63550208166	2416.23076503563
476.407	246.045655752739	283.193587588447	296.666347326588	683.091485150811	15128.0938438724	13857.8546150914	10487.9932783622	426.105417819153	106.421956647606	88.4656552986485	95.9328942661783	99.2917770328338	113.332420540822	105.930979321859	128.703084548167	132.300480499336	159.796478249433	359.028888587599	997.096040306296	889.398813037293	306.472190329022	225.578289464705	232.004621304929	245.008097873645	263.195948032336	283.836640756743	295.501871587461	299.244746428244	315.357109818862	300.59232065761	293.550129196809	312.406969505903	311.012770517929	320.795359115508	309.206249974054	325.849057901706	330.143455607365	339.847498824057	339.886148195273	367.934800548468	372.323357965161	399.911415073741	416.75879913657	474.176727749528	526.464972401504	632.877888868863	666.293572616802	757.806823330371	863.369121389371	890.99541621993	1200.45661071684	1434.21648644793	10505.8145178077
481.047	244.18786436386	358.064325700697	481.968745668427	15105.5198664528	15005.8603201414	13745.8845005193	589.935721836264	102.210190664882	83.2452696312393	69.6507228642704	83.6879052685875	91.3296719578584	93.398209883324	104.933092818768	116.691697452743	126.779542129585	243.013409093709	715.310157754021	962.490401440447	403.484323547126	213.171172890378	209.220156220671	227.130243368798	242.748321200754	254.179896477967	263.943147435678	287.948104963211	288.354300848336	286.680703123502	280.956109173721	289.945938825188	271.632080647147	271.140526527062	280.085715965419	282.896944125538	283.77456208565	303.075327449094	303.672715220723	342.634513958552	341.146775194126	363.451649693474	369.933886991313	402.248303616632	460.67726572239	493.434942457261	566.260906278364	586.413807725249	725.671562283306	806.501437217342	981.297226591306	1155.58582227156	1855.92707849341	28240.7326860757
485.688	239.12954771655	528.559705982824	12634.0343109738	17411.5761849487	15032.5009011767	925.359506108437	95.2816473934549	72.4436836648025	65.4021534252504	67.6787346475832	83.8311388345122	91.9872776302747	96.1860983075961	106.65092241676	97.2437113087819	160.468481009647	491.024298672646	918.676018344113	540.278112762512	222.741038965088	202.890529004573	206.036073357915	213.13391035328	217.56760151645	232.22823647441	253.903030769199	268.521694657609	263.59618655259	281.767600817945	281.182966828955	266.322420830151	257.538289779255	278.445376323487	269.445919009089	280.70013345744	278.614562902387	291.390756958721	285.909387327346	307.371944292446	322.253778191362	327.817402107434	332.162073443401	357.865533904051	402.17124576656	447.97834857316	544.282712685266	583.997277945561	673.599734239545	785.907396522566	961.568895096227	1132.21552239191	8342.1312501372	42174.3060765795
490.333	384.972722244537	15612.6189075567	18536.4346383146	17336.0561341492	1026.70453880865	109.380512169781	73.6394838231474	58.2118719753499	55.669922699476	66.4411749256208	85.0061910539832	85.3395332670393	98.9529423381027	94.7343099351498	108.338712311613	309.311107614498	791.539709706775	695.323534774462	231.657852517882	192.825511348271	179.346308455067	184.155855733749	202.261868514451	225.278070036466	212.567198838186	254.522364497017	260.091035146375	244.098027596887	257.168114455798	263.518304744237	256.380914924068	243.823648325809	249.658904869525	243.152717680157	250.488173296253	270.808201961246	269.147577106515	268.949268273601	272.569171709831	303.202225511175	306.342281468588	339.993148643714	355.208825588862	425.970973783237	417.897590008257	500.524323459042	542.00522551739	675.572675591793	841.377313937954	1014.72794622303	1294.56953195702	23221.0504521707	30522.9254439694
494.979	10075.9297693449	20512.5375768984	18553.3021684169	1096.64306096302	110.260303128866	79.7039355880616	64.1441191393048	51.1751435149345	56.6344036034136	61.4719416020393	76.7350287572008	74.7739187611983	85.2409750963943	86.2348353819868	192.458208028798	600.686709506777	761.055489663258	315.881343276637	172.257938917046	178.450290906778	168.319034083299	175.232521852336	197.789472594492	209.832353950642	200.619370058214	236.848828571668	248.095970617359	242.988974420729	243.949026757501	234.446894839148	232.65681220237	214.848703472398	235.883434594061	223.660766870309	245.846249331899	239.637449297647	249.396706382417	254.979147346546	261.849428873329	274.036426351959	297.171393679435	294.485672156732	339.755521305125	356.670045353181	431.008613987919	500.365916052228	565.80105713217	672.279724592011	865.697354861235	939.397848464903	6352.37926089543	34804.6450199954	9565.40903583323
499.629	22849.5722958833	20407.8460843796	1434.40301344584	92.8316028575865	91.5969361855222	69.7031165824778	50.4379878473068	54.2735499660298	62.0608301821015	64.393450579571	87.9329593461803	86.3969376183655	85.6129622275748	135.876222964094	420.214625838946	751.016867283287	418.106463583306	172.728332157749	155.239183532547	160.174467297956	168.438388137687	179.675805482921	200.924648715002	200.03133725742	197.227959240187	231.257777051541	239.418821220203	236.933101080567	229.435448482879	224.706120715273	215.759376663623	230.56103657324	220.856873366589	219.742201283893	231.833510221064	232.288257323363	233.361044812301	238.040515340716	244.045131225261	265.298634383507	276.165159165336	302.418851227822	330.474332219095	374.459187290134	407.95138505468	493.652522410357	533.242800656769	672.08310720935	791.960390277068	1052.14088274534	18341.8055466522	27058.581470539	2001.96337876395
504.281	22894.2855722416	2014.79680483068	90.8824763113217	59.1859473923715	58.9786645716072	55.7763322984137	50.9866981611053	48.5033672316604	59.8421141218371	54.9805445888436	66.7548660036128	66.4893589019179	90.1567966713726	258.482561004225	646.598370969775	523.284840230499	184.343764212782	149.415431894561	138.599551329835	144.496015917556	164.865391476088	162.493400253551	178.588946061597	180.95153628546	193.396927481328	204.030896267317	216.189626640932	209.168701910046	209.143008328312	205.433397801018	202.451981762643	199.258254385869	208.956860637304	203.722871763669	209.079521500462	208.881208960405	211.043260359551	226.654945474146	228.738933550932	236.613889833286	260.631666257677	267.690940647387	278.67619203469	325.997656900777	364.597039558614	410.490834084469	520.15018964878	738.214450378314	779.887534058359	4428.1808016639	28407.6172503365	9264.77456674931	917.975389259471
508.936	2520.30977841813	103.846921683933	76.0788205370317	56.6814303861016	46.0859412675618	50.9207017783698	53.3605052078596	48.5446320465961	44.7732578680607	58.6597461128894	54.0520441467349	65.8999573208186	160.355513303036	499.563070619277	602.323912171469	234.417989295674	129.154296306984	129.083427452939	131.024683603859	146.592831524829	147.867005836409	161.367844654397	165.149228325413	165.351432798904	173.673728140998	193.356554670488	201.22208565553	191.479755643146	194.284945229755	194.804255393978	190.197130341953	189.02262066727	184.256938311672	192.673233467392	187.792479463582	181.764436547404	202.283849107858	198.284124136881	205.501683885066	206.591052956268	233.441402257581	238.754930870147	271.882032459199	306.42260030141	349.603623506486	401.984002532338	581.958200672727	672.381188733501	855.403825868794	14368.7254192332	22810.268933368	1650.07493005333	887.545304219346
513.593	104.431750950882	81.0502198943793	47.7088922533189	56.6251008082549	45.3453775816521	41.7542698552992	47.4829816407137	45.0926549038724	50.3186835068462	54.5679753896737	61.8605714947373	98.8927177958959	341.396934578408	603.623756403738	335.348139955327	134.491404793067	118.387224863617	104.286776862468	138.570422683735	141.665232013088	145.771085080618	139.465238734065	158.975754944904	161.303300176688	170.002516510377	181.882314454209	183.720298176586	175.878277280265	180.717224453341	175.380800250795	179.177214677662	164.648853601388	164.191362637486	185.175331696086	163.692659899455	165.114028210827	184.959332150123	184.07103481299	205.942747468663	210.628219698004	216.064238810407	232.932428707295	264.520269209617	310.742205094568	363.583231676385	454.816652023022	569.293875003792	695.773037669602	3060.00163035296	23790.9044090573	9198.24242832479	757.5426379026	946.320441320327
518.252	94.9559065533914	74.2477316921217	65.9981680133005	48.7229103987866	60.1607591488303	55.5398675039485	54.0903282114654	55.4771295422647	50.7111322558046	55.4169793463535	78.3413095833734	229.277681907004	545.538949011379	431.538529892347	153.783409528355	112.084173687797	115.500509079199	122.319271489229	129.911586454979	137.844251805974	151.501822035249	153.549313628068	151.272297761787	168.877710120044	163.335732594425	160.385367023165	181.793862148319	173.741831123346	174.012451253843	178.25084523892	162.260169826508	161.861657799854	160.89063543706	175.374363019323	168.406976739537	180.641871443604	186.379407407722	189.036864891018	182.442255455566	203.67532104388	211.656960590682	224.158634883973	253.476768013737	304.64711728182	336.993114930214	456.784784925637	602.55782596601	693.329896568997	11095.8719927891	21037.7642582055	1672.40937817624	930.537028131631	1297.92088881666
522.914	58.7788006438939	37.5437697931915	44.8933792746075	43.2973024791551	50.4647073700152	48.3675665761771	34.5002150358106	44.7500299855135	46.1078352936281	53.9808917772728	123.420276556011	385.200722932153	492.866658433385	198.876398941876	104.836701537513	91.7382269969157	98.5684335461929	99.6903191967633	121.815898292503	121.228243905231	137.786968153412	129.32396651194	141.223732357165	133.204488703132	147.382097611441	152.028078417298	143.628004237687	159.151975194427	161.196941193464	155.400983307016	149.791754750566	144.997657773413	154.76098494833	146.849242114066	156.699493753983	161.68494936441	153.926637721055	143.642462573399	169.71856776527	167.242565398914	168.043591667939	198.533442682552	226.49125259087	264.131714673191	325.053876736953	482.11075535349	557.32870937153	2417.00918675891	19536.0163559218	8996.19746734603	753.006019539697	759.728867572261	1935.53106769298
527.579	41.3193900417515	35.3132741732613	38.5586334738893	36.7992444479296	35.742471165813	36.3792596822954	28.9904105775047	40.1857360610744	44.3486927524249	67.5161370640539	268.243874660267	467.577451907242	271.538336588997	99.5539113486522	75.9509264312096	89.0881674687783	87.3823476243771	93.2671526254144	92.7474749128594	103.855858553172	114.862584415746	112.607824787754	124.597451495435	125.144941880203	114.999851581676	136.147016927087	137.304539436869	141.538912465696	134.067083581981	139.029902915319	134.334138105022	139.841001308156	129.037752869027	127.913334582663	136.804882197076	137.708464138999	138.811339984321	143.321391039991	146.708544936007	160.316630445635	177.976794281541	177.387690052786	203.603074689896	234.929343155703	311.529546529434	441.485144004463	553.939288274777	9089.94040205844	18148.1583893614	1651.81659022056	458.90574315253	826.837972135362	2049.19301564585
532.245	61.3035080850789	55.0708879272551	52.9780082748082	44.4022328309453	53.295305969329	54.6016899001722	42.7825070082463	48.7651869371838	63.8494243927144	170.190967183687	441.981995745579	368.511980891638	135.722494565444	103.117752717782	94.6922232410364	95.1485709910341	97.3475459740366	113.645747502122	102.788380735411	132.146833346751	129.603748746177	128.236835137671	135.563262254578	136.603815546499	134.027708796277	142.88665350645	139.407468821589	150.428322195806	154.244697938833	149.280409472773	137.603558190093	127.917477874823	146.676976775953	146.671239431843	151.544241898033	148.263372321191	158.363291745948	160.025579940841	138.695364076133	175.624570891291	183.614324881557	200.229541412349	221.325928263792	290.943856023066	398.598320343911	496.356756824804	1641.94806945741	17065.7688605758	8567.19286473011	757.610240600222	684.647989217834	1732.23259249405	3809.73981078635
536.915	37.3787365332	42.3725210593873	32.518478987653	29.2132003197658	38.8930905176698	34.3318673105903	32.1931094992381	37.6720692666383	99.7982858629884	318.725063237835	415.345661876949	159.155170465911	78.13354003812	70.4165631179046	70.2693603615947	78.5030430302036	78.6862786925634	84.1304575423861	92.1023616836971	82.5820169327076	97.4031914401279	111.297638972317	110.402429579264	117.03301846765	116.567029286507	116.457752684073	119.186540614831	114.657180973242	122.608797253775	130.28020912414	111.552097860036	115.401289797221	121.221016970347	125.24728767173	115.603074270863	111.993042163101	136.252778840029	124.441385007383	140.514463260473	146.073011894301	150.207971032911	149.624176357464	185.47056219844	263.440842858131	401.947990326984	470.877494895921	6991.67740113726	16956.8490832815	1772.63062808613	569.031078826207	537.903186645397	2309.93373897151	1799.62629665079
541.586	54.1607296408907	38.9581727468425	32.5943361262587	36.724336656383	38.143053121239	34.721972220779	38.8393115182285	68.9292393938619	222.050994539516	406.009153107268	231.267092256801	72.8703488885203	65.1533672281919	79.8954263204572	84.1918360268322	85.2761697460785	85.0239808469842	76.9050263094844	96.7430688347689	99.971360243155	99.1334416947683	97.5735758401718	118.379704371321	102.505614862544	109.02954554816	117.258724083258	126.464844271018	120.577879720381	119.390328506139	117.851089104165	108.066704282402	115.46296820975	114.273838529333	118.689175305022	110.777186222294	123.383610889824	112.315213082413	117.067476062244	121.62065887025	145.264715251119	163.195546953845	170.036467749247	206.874323987633	286.968691310288	417.890472622656	1068.83547722372	14063.9222792235	8834.04737645607	550.830350213238	543.52479782338	947.820390426637	2309.81324013784	916.491679643594
546.26	47.9245432503516	40.8428269939024	40.4881727254502	45.8537345005198	38.3887438608168	43.0776279577985	57.719370261993	147.674245159238	343.250223314603	304.420399617313	98.8158212123674	69.8234401087473	64.5196572677271	72.4461211941845	81.7435239315579	76.9469631478772	74.3534115496899	79.8706197910704	95.859002665836	84.6951622091413	110.12568669002	107.371547210607	100.903166829533	107.440713435013	97.5694414954959	111.705923177946	110.429821292903	118.514344622113	119.643651694324	111.483409676547	113.546342849144	99.8572720798478	103.83896976753	104.943044378937	110.147473129387	115.975235012753	112.442158619674	118.453293360747	136.04146182823	139.103301242055	140.782918256789	162.124790367144	228.982385102023	327.567205689974	386.236689117407	4930.92302361351	15038.740787828	1990.03586145669	470.185429022938	543.450470514768	1651.02504786617	1969.08794945776	545.642156978878
550.936	18.0606555304049	16.7890723419239	20.2473068723221	17.919318320019	21.9976381480778	40.9654925293299	94.3520296234191	267.781259647227	346.65449698494	140.494330916475	54.5758252590952	51.6223006948973	46.1663944840354	56.9428832078863	60.0106258254007	68.3314012381219	61.2438809488178	65.8145271161999	69.5491795526917	81.4819524094971	84.7163136543932	82.8472552569826	85.9526789385451	85.5646818647836	91.2225412949263	83.9454722840636	98.2008750583957	87.9276926021692	100.019148146076	94.8830418172469	89.2873667519087	94.7788720156522	87.2252422361489	96.8552770698926	97.982833626632	100.602055079987	95.2572038064355	112.341785017054	99.8653868389416	123.344902936724	109.430822328985	153.030815921647	233.888019791102	330.548831283229	781.312523454141	10882.1855448427	8187.90775669102	469.935092653962	401.942565632307	560.14119953979	1802.75951485271	711.203013739637	-104.712699588384
555.615	37.2810932857601	27.3630468027033	32.2041576890703	26.9179870588829	33.8916360270436	71.6273380287072	207.439357801912	345.69698052931	206.476114351486	65.7360587272549	52.947061664473	55.7519043185705	62.4416554854509	58.0623523872433	62.6122684455365	64.9468327477925	56.331380237332	67.0177758628271	72.9957553723684	73.5686910383727	87.3717781228576	75.8048306783629	81.3283232723172	85.1137692305322	77.9925696421274	97.592326184984	92.0661564806709	91.9630821457692	92.8796295504965	83.2073559526712	90.9411024571825	88.5717441953596	83.7655403676896	101.178952718023	98.3961001831455	101.604275088617	91.1824026979939	108.36158988599	110.414080236548	134.981204508009	142.046501716628	180.103150556657	287.543830433333	346.667702748387	3547.45533107226	12657.6352731332	2017.74506785234	428.116447274354	458.722705311247	957.770564799703	1680.08164344973	567.646087945059	183.513171786444
560.296	20.3891811881443	18.2103746225982	20.0647069665992	19.7123869981929	48.8686548909239	142.981927299166	307.613497142121	264.432813299334	76.2061279531152	48.0669684961822	38.3807134564771	48.3571231561636	53.3711267977206	55.7096220391541	64.1451223541602	52.9813670664239	68.2065613265539	59.7974871818992	65.3687181117485	74.5314132474187	85.2053208079619	79.4289587074765	76.3134435322895	77.106182799536	84.9021562022172	86.8270970129347	83.0069127888992	81.3708835343285	85.7029817308623	71.702011159426	80.8735077108287	82.8367327072916	90.3014217315978	89.2746099917614	87.931324121475	91.150474423497	88.8557554419368	96.6658833765628	102.464157743177	105.358456398656	134.989533302558	192.081545553477	270.935698220723	670.67280530342	8266.09542914663	7658.80627623205	464.503568192477	411.224315629629	485.640250241492	1441.94887370718	1175.41174709031	484.043199686031	236.9635462936
564.979	10.1000326432363	9.3548351655585	15.411684593413	25.5744088416226	84.6399387503943	250.577979819985	282.680242521271	110.294386084835	40.8779354871781	44.2175993595425	33.9689077405525	36.982074124454	49.2775813451144	50.1731910599077	44.8502126563876	54.7228806090271	55.4870583651144	53.0430143262193	62.571151957076	57.3009684041148	64.1628778956879	63.212242686725	59.5591091717895	69.9376606459907	75.1705707229301	59.6640284240153	75.0128268674721	82.6370675919456	77.2523369503744	78.3384464149807	64.1015133117105	80.5018488926689	70.3523615134861	71.5376593372413	72.2468234445786	78.0939688950958	75.0231435778496	92.3749532831976	106.454652337198	97.6058788762855	133.505280930352	219.778837276123	319.112994399908	2979.10341348575	10415.5689346809	2126.41664100893	361.832224043115	345.620509716054	668.846171960235	1623.19866823079	545.421089507752	282.206410508399	252.397212412757
569.664	25.2462703368866	18.1733621202589	28.6135143874679	65.8346214371259	158.40821026203	294.515899436982	170.299837104612	51.555551653481	43.5393805525386	43.1673507746728	30.294245649988	44.4959652048595	52.6215257354334	49.7461663501455	59.8096377687674	58.1712118611048	42.4569571770387	51.4518733973856	77.3109254660289	59.359643110387	69.1561846408922	82.5634089001864	78.1746816654613	75.7326193692307	74.3282002773749	87.1723758189291	87.5762515974779	68.614148552547	77.5515119979796	85.9895576763021	63.0142281963864	70.9864556796703	85.5107182068167	78.4660344937634	88.5475193416487	83.909209774089	70.6563825960708	89.1460641987331	95.2420022040376	101.243436452762	157.479536315265	266.506041544593	555.436199900344	7030.97351374516	6892.69250044725	458.886136579396	413.898111699708	429.628471481729	1101.99170978545	1325.72858560056	369.179226640899	453.737878291528	53.5247141723981
574.351	-2.28022629039566	10.5222226456464	27.3235816956556	131.642348627049	267.936817504863	211.420311279344	62.72472209754	29.9515864729702	30.6365119175636	28.4970221721596	24.8386540425939	30.2659595202394	32.8282116589516	29.0892510071823	34.9504918849431	41.504187488146	40.9235215682135	55.0289702536114	45.7192032636854	58.5450586359993	51.1706786550094	46.7053021119239	61.4252235251627	44.9998568976484	64.5764943073933	58.4306956463985	61.6669208855103	54.9859972740891	59.4654439035212	63.4581468879517	55.7078277207388	68.1976971192707	59.8691278126291	48.9902927960271	75.0728620867296	69.0540696124537	78.6976116314368	70.2214280186658	76.3625226771964	102.847936979216	173.767800615097	254.328738460178	2868.06191554748	8987.98329194715	2150.1177720793	333.676056097401	368.489583859763	513.353313763628	1361.70510365647	651.828752358635	328.364221268713	-5.51354871582954	283.411802928663
579.04	26.8421083601331	34.9331583027597	80.5402282877928	226.913389915409	289.71320886822	102.745418845116	43.762057179675	40.6528844646711	39.4990395533993	34.9435419481937	45.023322430239	38.699528997833	42.5087746844927	37.4293881974772	46.2364707837548	47.823407496479	64.2622312580375	50.633579641536	45.1828604702838	58.0708408018777	60.510568675683	64.4878383664713	68.7618318714926	68.1073964402023	64.5912014008683	76.0375740662375	76.0793336288908	68.7422667493731	65.4062038648823	72.5666266637305	64.1260930634625	58.5293988905853	61.206394487253	68.7149215837646	61.3873765588106	75.6055162813888	64.0875373699457	89.7257426213045	76.0039868230214	121.25533851001	204.28954959422	409.816567618229	7249.61021119092	5992.31278931458	402.31555731661	348.730874249153	395.156780530098	789.345531971655	1397.04313129452	391.61973573039	331.3200490925	372.733052394316	531.074112616201
583.732	31.2593408014665	45.8422085296738	157.748862523766	257.684177505355	160.465356917167	46.3696497071072	30.3561242762305	30.4150075918711	24.542751788066	26.9283587657866	26.3390265827576	39.212657063829	40.0033690797234	43.3604840790696	36.8057487946248	42.6666797364086	37.4285547703063	44.2989677061778	45.4726153535362	46.3515395376981	38.3926077574499	29.3304380690662	54.6174543213024	50.8068591087935	53.6009609869113	67.6527115538913	56.8785105045465	55.836759299788	56.3054111888438	53.6999940750195	65.3340868800939	55.4553673790443	59.1885152760214	65.3287947895694	71.9834252284256	66.5417743482481	58.8352414964931	75.9729217719807	92.631781923111	160.963695815992	208.793426717408	2184.01343138287	9533.90932205076	1965.37302104466	273.95603745944	330.500490248732	431.13308548848	1149.88597114287	971.494288346854	279.097669785433	256.037959164645	358.326797710443	370.024517061998
588.426	24.4379003447478	110.864477175995	234.080299730995	173.557232267176	52.6612201673732	18.1771991611273	21.8700838285565	24.5192585686621	12.6819581138145	17.3712904249243	32.083540983467	13.049359008353	18.4292030938736	26.9673255210471	31.710085393943	33.210641488543	24.6196967818842	31.1397051747176	22.3738374957503	29.7095649867257	34.5980407210363	49.8673584690331	34.9353704265827	26.8939252300498	36.6820197150131	35.951220233182	40.1297338335011	43.2565594869622	42.1045522490549	29.9568237617029	41.1106158762566	56.2740665004318	48.9942488607333	41.7617680348623	54.4077419776854	47.0888094327682	50.9155399143728	58.9474731356215	92.7556522406124	166.306909250402	249.995230609215	6024.45518320498	6213.04733205392	294.733897357613	237.031496732505	292.580506004157	573.258992362948	1214.62664114639	487.559415218074	197.131659525363	56.8575379746247	95.6702214673436	-358.153028475326
593.121	77.1891226883617	201.947277681015	245.329229772288	87.3608823085866	44.4874379202678	20.141805079776	19.1434449011488	22.45847760064	15.8881167058665	24.1572873877735	22.9992674332017	33.1880976424671	32.5527875884883	28.1972972272799	33.1966112858275	33.9024300330269	30.8590993447652	40.6549183896794	27.6253930141843	39.6978564559133	26.7470400373335	43.4976606171104	47.3360322064087	51.9311418035029	57.8904469131644	55.73712664278	41.7117052866633	44.0232847805571	39.5674806984818	39.0573570888897	49.901520750361	49.0506208204699	48.1572071970578	51.9111574916324	49.2406023038773	54.2572949036362	63.2477569990912	67.3209282611887	125.828947172273	194.365292700415	1261.47310496812	8648.24233016338	2119.55969977243	204.813380496462	249.133109990252	369.852763163933	906.64723166568	998.459257651922	318.844367131936	257.17241417755	303.754973492515	277.135086339336	96.9082820115889
597.819	154.135760732596	214.028281790816	136.555454812663	34.5599360387231	32.4099705970489	16.9649420002851	24.7874061343911	17.8872104941737	14.0520912451189	33.698075111046	23.365280622086	17.5022537437467	22.5860417899534	30.2958322852702	34.7333791923228	37.0159669689672	37.7584346525097	43.2549259946882	46.5363643789098	48.4718376504258	39.6906026659021	31.7107679245508	36.2687585285566	52.5508993885862	45.2017645185314	46.2120562271963	45.2989929940301	55.9157012898419	44.5063243200401	52.3915846192659	54.5220468236979	35.32520246282	45.45458602411	51.1140898039253	59.6190704272222	55.1921059354886	45.0848999123163	95.1582321501773	160.466606638804	208.095586447021	4015.45503218772	6520.49108324184	355.881676236925	213.253447413246	257.746374276016	439.883619967992	1003.07100070187	680.681473098286	288.835153538143	266.39456418414	184.566044149132	-5.69004076434574	598.895783215331
602.519	200.802814298878	178.991800725614	54.6038313243508	17.4155886196012	22.8131884071777	11.1612532866265	21.2076971424604	24.985616886139	14.6934672621778	25.1117051575338	18.747477980355	33.1082078522752	34.1449600993082	33.586967667722	32.582490611817	33.3093608513898	51.0215926413854	32.9182273592892	37.130434699422	54.7007760704898	61.0201701435789	39.3103665869753	47.6783625663061	34.4877571813198	46.4326144175879	46.2907558969387	49.2956768700054	34.3149002897175	50.9849696560573	37.4019665073281	42.9806611808304	31.2540589868497	50.2004428693623	44.2359255776467	65.0216665096264	55.6252772542706	65.0966425514491	130.034994615085	170.710796134308	832.780575896651	6713.05519213208	2456.41257073993	163.965617493256	211.019385532294	261.722430835368	621.912693938701	1036.86516115237	388.524779341543	303.697817727487	334.158016800083	155.520401290808	447.306494284407	856.264340120136
607.221	183.07160745911	71.9579485776099	23.5208001861469	22.4204389003867	5.23161211820186	20.1278143642016	15.0519173256341	14.9990263988942	14.4688309517977	15.7845495053144	13.8414783111408	10.9531254050242	26.4140756432735	30.249026873425	24.9970617009909	22.58592069239	24.1766758786018	38.9008454701868	22.0192342365939	48.9460559896507	31.4695811670815	24.8310413958268	32.3931866150039	49.0914932752996	29.4664786787781	35.5328939486294	28.5443242790002	30.965103885053	26.4253747777344	31.0796255432297	43.0941068236935	28.2454200818933	37.0905679496755	40.397667991259	56.5287800897917	47.4923596399873	82.5929852059016	141.884420504277	183.130627110739	3130.99614434528	5823.42865422752	365.114573238664	131.470101810804	158.284759436339	240.435285680126	842.968610094709	734.224770340065	284.502849877085	213.236286668388	235.826919650262	110.769939684568	52.0781246432334	254.948672097559
611.924	139.327997378098	50.7108048720667	26.9998475183865	28.7537326669005	13.204730211452	21.5308574520212	28.0129695635483	19.9761084802483	17.6737409896982	22.6462523012599	32.1413637098867	30.6870424588616	24.3489850289392	34.4985998789977	34.2898144120596	26.6034876448929	26.1320235889091	51.6613540842645	35.8348136966661	29.7900685407657	33.4987696531596	38.7440625224456	51.809126308979	46.1126920807263	32.4271458023663	44.5536821364734	34.5253229609931	36.3784183135347	45.4116488718878	43.145197618702	43.5082755719245	49.2816003542224	42.7566925270866	51.3389225593231	60.0291686716674	60.4030326410704	114.90302909856	164.457097892501	529.409687632601	5618.32235510731	2648.93595178881	138.797155990766	149.138915033308	202.458849836298	373.404459340327	930.165955496069	485.699550796841	315.508522206081	329.344284003841	261.705973538308	229.88208364823	227.840760205088	629.197389923495
616.63	41.9386341224799	27.6381993211486	13.4859590656823	15.46504338385	22.4312551550108	14.6770012317215	12.4038721892188	18.7327615178863	20.0590267175993	19.9303626377466	14.1302948628087	31.3086858828996	5.56890666069517	26.5912864744871	15.8104684734527	25.8021035828137	36.29580420699	29.9371540246417	36.2343030449417	28.7046566799846	33.5230184877157	43.4557137966848	27.8304336113669	38.6970389391703	33.9918992698977	35.6892542527866	37.218327325062	31.0364728390462	35.5863736927801	35.1275764916444	28.0212161034632	31.6342836904536	46.3416274179298	55.083607290772	55.0172495776903	70.5212161836715	139.752726848464	154.33725188015	2347.44867564772	5257.56982705528	483.126446864584	97.5120721722543	136.726718266047	201.840654175	541.202010539202	778.980948907833	284.178683591832	260.709285547555	216.244052098014	161.161675889576	307.832338947795	366.246315886319	-318.105866191448
621.338	14.3627718356088	19.7916987444315	20.553360022086	11.2221688485699	15.3405985439883	15.0386577241462	8.76947304490478	15.2679269075027	9.55682591384813	20.0866892354352	13.0543671633293	23.102226039613	16.5423621616706	15.2730379039425	24.8801531429784	22.1314774510908	14.9248421409197	23.0907935935602	19.2736590522019	18.9293790284278	23.9317223679534	17.584984347213	31.3485755867124	19.1806055396951	24.5569918571954	25.9449880147201	24.1345048340455	26.6458507682819	29.7915043739641	23.1262215336118	35.3012555578915	30.1895402219055	30.4722393248554	36.3322403786764	39.4771241740979	76.1510991904276	126.797463080247	402.156658738305	4581.73407482553	2555.06689969715	102.732041770018	75.7742621367494	115.001499409946	212.69670035506	682.653623967484	449.774923416397	242.197097675258	258.144472706945	203.410846503736	204.53615496902	158.289216897853	-29.7676629264594	-131.1549439978
626.047	23.2016338980105	2.2202449351537	2.34287709088198	3.77672940598196	7.60826806968443	14.6855960231449	6.97007882047334	10.1108410796883	13.7310066274691	13.1604478218529	10.5440179361082	11.3778523439345	12.227950724463	7.56455236498856	14.1121561272263	18.4342164128623	23.3414046227439	13.0553106967434	23.5558474344441	15.1450291570863	11.7257143131604	15.40934837476	26.9860643376011	14.5239218348566	12.855819418136	17.5623706883448	28.4768770653587	25.4402480909233	33.5825272270437	33.7260787767385	21.6697577910555	19.0856892992774	21.2771099715419	43.7248934577954	59.9377952547686	118.209294825548	127.342399891883	1894.19939047754	4914.38539954039	501.544891360922	84.862548446188	86.7041138683917	102.298194069304	349.324740502316	661.246108226812	279.135764915557	191.159086107866	218.742407208482	132.022790068622	168.03832108879	111.86898461136	126.227608845341	514.956479290056
630.758	28.0569760267318	8.9762800785004	14.5463970284807	23.2216459602694	6.59135241192316	14.3400259419246	15.8033650888104	16.0828939404792	14.6285329877527	15.9183924821102	14.7747047254728	19.5499085611746	18.0865856478485	12.9389214925153	19.3984842515817	19.1966379665925	20.9041951732257	38.9578626640584	30.019566077923	25.8770453989862	21.5482564208256	28.102182521932	35.6940570529263	27.7284651344261	22.2750396155519	27.9801212488647	29.3759105028385	30.7376700599069	30.6961840478062	26.8042297230281	30.8361222087443	29.3676188012002	34.0018303334085	43.6008887516279	83.337284334482	140.200212674366	269.366881846613	3941.50047640094	2681.16396768234	87.3311544765611	94.0039556360158	116.221183596704	131.829822507827	483.775458615643	543.501923095759	257.454933359039	197.133436387822	202.273551774339	163.092728319344	210.767178496065	209.986088647043	212.636894375789	237.934808165069
635.471	0	11.3065452005803	10.2266113493184	9.29590448052714	3.59774317514602	13.9431624102733	9.01763918125979	2.70107387772963	5.291608669295	15.1617368364555	22.6984101368031	2.89707229538885	6.3789345900183	16.5942238223398	19.2600407575819	26.1714391226496	22.5694091737178	24.6940063249205	19.8190817333501	34.8902000505345	25.6946524975318	26.9533384260194	19.0020996151362	20.7095646576296	6.85854803650299	28.1950654704488	30.7976005460489	28.8890230069553	20.2247647546055	34.0562643694691	24.10336004622	20.8893330530162	32.2131084417072	47.8213139901533	119.92356588803	130.510148146736	1370.94185835558	4421.02274871622	609.258177273412	67.5364457018123	78.1381170024399	75.5574184468806	200.045242107157	563.178223341803	327.355234648745	222.962936685416	179.870167183637	197.902208111577	188.250428382576	88.6661248118247	133.470270141334	306.100540095895	74.9258222722253
640.186	-2.11383449661949	18.1243027906169	-4.4398188639028	-5.13836605956161	3.3272041945163	7.36559775181208	11.9178547677236	6.5961798775264	8.52027485432636	13.2087742282783	4.15693099165669	10.7392130984112	6.99951733239806	28.2035596265858	16.704050558182	21.6603152140564	21.4056627432227	20.6168215606554	20.9012050795417	27.5964056887408	20.3041040309058	18.1164352346296	31.956029998448	26.6763767351611	23.1128034850059	24.6029158288022	18.57302954803	36.9993597346105	31.2878173942126	18.8248011065636	32.8767850592811	28.7765466880459	39.9015954304654	85.9398957010654	165.164460851715	230.127412072094	3247.81516439934	2500.46473324211	83.7951273797955	73.8139021722779	86.5937412619092	104.558851740766	334.55416025952	493.180044346967	297.329267550749	269.052362108842	258.428056076127	237.451855465812	211.055145078895	171.466296556899	94.5823463926086	49.0676751797238	60.0527511103951
644.903	33.7802091711764	27.8790004065772	27.9795796170148	18.5145934377398	18.7891562466299	25.4319382667724	19.0531480183171	18.1329312514822	19.1502901078381	20.7075386978432	29.4310069569423	12.9168816088286	16.3136219309898	37.834250170159	26.507542170007	30.2673741742505	27.4439807333142	34.3262530368022	34.881048989869	43.9144584191531	30.8041589295139	50.4758915249591	34.0403821975195	25.3156849267953	40.1198124744038	33.4859270130848	26.359949821216	26.859430288431	29.5356349269785	46.1122577803747	37.3722190951394	34.9852280104995	40.060778757834	144.768838022319	175.215869068787	1201.14478130753	4265.20936632935	704.06883581996	95.2494820348283	99.128338544628	107.930802486903	141.164278872825	471.932830456504	414.87422246664	307.769436495535	372.914298417626	385.561933403165	356.645121395935	296.733902962026	325.956420675731	303.482868008901	316.380666908936	334.064143747772
649.621	19.0806138028084	23.6259126977131	30.1272186365395	18.7766712076341	4.8348813229127	23.4472113045628	16.3652701865437	12.1440797752863	17.8676569878389	7.67765993083659	24.3295634280552	13.0997226491903	23.0999300697066	14.6170672540038	23.9286120861741	25.7260163005252	15.4624754248569	25.0517326786364	23.9405193230074	20.003491921501	38.3064332064514	30.8544803516367	30.3377178086444	23.9849523540873	33.639450597641	17.1357429823927	40.2532586595216	27.8517574283886	29.9537177414947	34.3948929318991	31.037227982305	33.9896756560368	60.4903501065996	185.211916572858	198.076997650484	3062.63604724957	2780.96001367923	98.1002561992686	85.1637372128488	87.9125007405512	88.3743490127264	216.442269160512	478.077772530851	312.957263966536	318.554198099355	349.232251533527	372.738201921168	351.950918381946	253.337490092202	292.427660606498	354.614622141072	421.520776423452	277.194181466269
654.341	12.7711612681309	14.159697870532	6.04786705007772	17.7301472180884	8.95346864408638	4.7622689558071	6.60772185451318	9.68996006381918	6.90304254057747	9.40213619175832	7.38674838376587	13.3031603826128	7.29120833401061	13.6070634681857	15.3001395760012	22.5629658883805	13.8182937515536	22.1367862976699	6.16879604765627	24.9135736716877	31.7253559412301	20.6517226587925	15.5814925880329	19.5545620244749	17.8943122295859	36.0693094368494	29.3325843431718	22.378781418417	22.0381803234267	30.3331163765965	27.2762600711111	50.8679431176615	51.9555190963531	196.198184945957	1166.17065405112	4245.79218900473	924.149155657183	71.8659847055675	59.259147799201	73.8997854112629	106.60279343334	299.149744982713	352.845445887616	240.695420484008	281.431642890978	281.129599800188	318.705124959926	286.922741058537	274.423256278307	165.700116946156	302.366384448921	83.0577689815263	-828.858127814559
659.063	7.10543301929018	0.396633746418821	7.17499306939706	2.02407172711473	11.3587987842998	12.2726238023811	11.9131881644015	6.39587510524858	6.36444678880712	15.2624689228356	6.93517218584227	14.6346238360634	1.91805518438222	4.05408884893918	5.74800309950294	13.4720375423569	20.9018080876455	17.658500236821	18.296148262671	28.6017474515285	26.6602018598748	35.1878346319016	22.8546476949247	15.913629599256	9.51455531598416	10.8480098142708	24.5445601249705	22.2536094934991	27.5447117421286	18.8473305687686	30.2562906808506	38.1665658125794	76.4315424049049	199.106861195191	3506.09293831872	2928.27915904609	115.132735804412	56.7494253209064	68.2367866092722	77.106019045406	105.661978826209	352.358179229711	246.163884625024	191.918333989896	230.403955278132	257.325843743059	234.019076950375	238.203714542661	251.574376062652	151.903683745964	143.89011732802	186.8413871883	47.3111780083565
663.787	-22.9698830887205	-3.218086330316	-5.45758854797115	0	-8.56611377957388	-0.541162416320515	1.6382644911546	-1.26128594203306	8.27013463337893	-3.75248427707872	-1.56301366823187	1.85528066436347	6.80843324882219	-3.16277248228004	10.7386448237133	14.5740430974434	8.02967505289792	-4.7306849152107	11.5045437998377	20.7756566318885	23.175797376051	9.10383791104416	17.3841650188825	11.9291190331906	2.66194161602076	11.0019105817512	14.9994919760337	10.1720885897733	5.71407723414669	11.280817025893	17.6674302917181	33.7534065771833	91.2686939637545	976.800208903144	5197.98023487506	1030.80148944091	53.2424152511181	38.4993137799551	43.816096204498	51.9876579808135	163.537013242925	331.651569621101	165.696105627711	195.277162280337	217.352699394557	268.938522458225	220.461659133004	217.551283913886	169.032544202695	136.452028662985	100.762217294066	-78.410526971665	-255.906036899292
668.512	4.53851971067268	-8.51241161386368	-3.29972432564132	3.79237252951825	-1.78592290957432	-1.3633057084643	0.825428841844267	5.26549409881201	-0.609783396454015	-3.07233004642189	-1.31252367868688	7.47816816319962	10.1278019544443	-5.09933509009974	-3.09176909298955	8.26091576015113	24.9215072150587	25.5377639292922	17.2024837783844	0.395006740475246	-1.55692984376403	19.0815420605821	19.7075199821176	15.9099049901283	8.71781209976256	-0.326072978935985	5.78864364071635	4.48449772944891	7.67733444598443	5.99953059666653	35.6064764945966	64.2811962802036	87.8757015095431	3483.33441899025	3844.79747534498	107.381723473771	55.8717546537906	35.2684132360435	42.0896866796102	55.4688873056073	235.218939948611	212.303944138046	150.721058152194	198.701154752106	205.56810337723	256.742364138482	286.996213435012	201.37980130227	218.53901872703	26.6130819089261	-24.5088748995798	171.195400296866	402.926818287039
673.238	6.84877777860399	7.34029333916508	0	2.08102427977083	-4.49169550027121	7.40618579900042	6.02039846457319	0.547986648484422	10.4287463912924	4.75512679087863	5.54579775281393	10.0309381728528	19.3915760621654	16.3520171859743	5.59869934970574	20.9305640448306	18.2338843558034	3.08298707532987	18.8109582535298	25.8300622723975	33.6755806924508	28.0563588442467	13.951773026226	22.0523233501494	17.8779457780781	19.0261271446619	23.9410734499405	22.5575226840483	20.274369526393	28.9076410806565	42.4194962239945	72.830334552474	381.820497004634	5489.31259081006	1494.07016366315	55.0733040191403	60.6751079508903	52.0385195137696	54.7970327612882	124.892283807389	274.893921766255	156.865611256519	125.135985692008	209.570258042047	249.671349590332	275.328401691635	304.764833388338	289.784298470816	215.005372091032	167.333454901428	42.2682406200421	86.1131916790121	243.212008796487
677.967	21.1569761446654	34.0951772065487	12.632683190182	6.2888661401199	10.2558559862522	4.4210433189464	4.39157679844439	7.72808627198298	11.9471377901875	9.81951213857295	0.266022690499204	18.9459669098135	17.5473247959856	11.6272660086811	16.6059780601969	14.8828877252969	21.9755584621777	26.5701415814072	30.6972791090667	34.4258360868736	31.55590049019	26.7746720789267	26.6288401692165	24.7221195307715	22.4264034342144	18.5047992032255	15.317352468579	32.136790835758	34.3626479253922	28.799683815165	73.433405918398	82.2188914277132	1391.33916245459	4324.23738173793	188.804163701118	44.8085641446443	62.6200446913261	60.7598063287135	66.4896710227643	181.128371036377	245.032296511446	126.104157171873	148.766273572601	196.167554899348	247.715012081602	276.4445379394	256.372181261052	231.202960493567	234.495283069461	175.3032897026	234.180543369895	-13.3453595271877	555.324228054478
682.696	25.5782948285587	17.0298903273741	1.50276064781752	10.9515269008979	24.7053579365852	7.823047257822	10.5726614636443	9.67473659372571	13.1216836524928	15.4988388742979	15.6012648597556	21.7113871472028	22.7644463673614	22.53395035181	14.5733554166725	16.9298403514211	20.8938658555746	23.0282117232009	30.2729741567388	25.4999735279412	12.7630274698774	19.1767486060541	38.8925329757481	21.3747851250723	19.9276837929344	19.7133982816243	27.3512434581491	27.899689633682	27.2064567161412	44.6516417361897	88.6540521045582	244.609229010898	2445.11472614563	1705.62241329408	50.8860995096208	44.5887504939758	51.1851293766265	56.2167999568486	81.6070170638467	211.566268014211	163.571694661749	110.855196900464	143.534511866715	185.874496994082	216.006498522969	246.639985345095	292.994424567014	231.167491852506	169.598488959459	263.612856627289	258.316712550676	283.37576645694	627.573267634125
687.428	-2.80984196057661	-6.69221247094822	-15.8891570176834	5.69186652110519	-5.52841173948898	1.12538120472144	7.87839570096261	-3.93438490036243	10.6964812385978	0.975440817091032	2.16692333872778	3.85817256740378	-1.68554335664215	24.0067210627376	8.61365023767573	-4.73556831208006	4.67549968617182	-3.86483277301927	2.70114428220926	4.07587563366352	3.21303500081362	7.19416084975055	0	-1.45925597804334	8.30351195608894	8.07499887040259	12.6096874880509	17.187215954482	37.2987329799681	47.2441556010961	81.8604790994601	978.184815704034	2251.58785882765	218.920548550909	39.8926261959022	40.5549045616723	24.0531705229544	38.0091084058707	91.1183216825683	212.134940710127	86.232501033269	50.8358316011905	127.192280093732	121.033670588454	137.296496417249	206.96837208995	168.907736040765	163.078580917918	187.363478727434	38.9026569373478	140.898496703741	163.059611393916	-515.542267088654
692.16	-7.53358370562602	9.25173982531697	22.4416389050583	-6.43810746270314	21.3072773132799	9.61766344198454	15.4141490577967	12.6206971292078	20.6655907895786	7.60070048883675	19.0634979589985	9.05126804130172	18.6416180510002	16.2015683894497	24.3774375876836	15.8709105233112	19.4750679732387	-0.706511133146997	32.9776466670495	20.8997981722989	11.7104736041411	10.6594688840608	23.0959303018928	24.5752126561551	5.56572248987141	25.0330600034842	10.6763228221812	14.621968998485	49.1166053481528	96.3115586919681	211.594677336543	1870.19334443429	1128.63715817808	45.355764599453	31.8107169802906	48.4203577747693	42.6094326549518	52.4445702623679	164.389530434347	168.528239743824	73.5493636159145	76.4041929087931	94.7494436105857	135.655146311464	209.389166830843	178.496525453877	172.030087599917	185.120394129735	160.040066392572	315.211389371906	108.971768540664	88.8033819651683	585.223314654821
696.895	0.474046515820814	-3.81050524088168	-6.12719729273475	10.0828445415771	-3.41988006904229	-6.26545568621428	-3.23308885505773	4.74119561598835	6.15685706261213	-1.23424464939441	-5.20951720520814	7.48546104007063	-0.682480481130401	-0.665779314227742	0.968802027767516	13.7416732587238	-5.40891671988856	7.82439953272209	6.24971252338403	10.31457286655	13.0096545105345	4.21608680025863	-0.381193027950518	14.4021195763269	9.10571885752691	9.19571088017859	-0.335900803216247	3.68031668805664	49.7842787646157	94.3270902320543	996.32244411999	1874.41965965647	191.467170521304	23.8391769049073	27.5012253771839	42.1515468754947	31.6910003835866	55.2565687015506	156.454795442783	85.9859014293021	52.4716925531608	54.111389418907	86.6144003188712	68.2881900300259	136.636842301641	172.259629824204	152.103673441596	90.5262367493337	70.4930179058499	122.771207463527	102.397675837014	-268.219336508898	-185.176377469181
701.63	11.9510319993668	11.5278484826359	1.54470771259894	9.07840368127326	11.2866519665611	14.9340557123071	7.39009021558367	10.7097746852428	11.347008612465	13.4421720673322	17.1427308638215	23.6302140906992	17.5499085272383	13.7634909046037	14.0031803317499	18.3692091779329	12.9544312449806	10.7595481652236	38.6020683750778	23.2993447903207	18.0390184701159	3.47859452777953	15.3762128328998	32.3985444722965	24.0156443568471	23.3547325612417	18.2914967328531	32.0523999127578	74.1264281683759	226.496741350962	2163.40150366956	1003.44762413476	42.1327200162109	32.8434736605552	42.8281412400982	32.8965326441629	49.1062853451697	129.60573938888	159.077142481327	61.6711042315027	58.8481342892786	78.1062543106475	97.377085809097	127.600294288366	178.731074801226	207.514523061787	135.471814451057	149.016025026857	189.565489935888	217.244128634496	210.209028636869	110.965992303601	679.043086218998
706.367	-1.45129827138743	-7.77726725773424	-4.68961934252299	7.71718300076601	-19.6709051748114	-2.32506143758914	0.879834195354385	-0.193536253571495	4.54982646272207	-3.27483230197898	-9.23362600236941	-0.332127764737254	13.5812364641763	2.03829020068036	-6.5911052152579	11.4144153330815	16.9044426531193	3.99241323987725	6.77646881448257	7.15771868004321	-5.39353624724909	5.08480936027208	-5.05711425135218	-9.79827485178174	7.14801325566591	12.8599041767114	6.17018253014213	38.923494297119	77.0599734195168	1005.35650315718	2342.78749052759	233.493631386876	16.1148785373481	26.0411982818768	23.0915334836305	13.4658149413965	38.6511692413731	128.233939381	107.761295242917	45.5168124362331	30.0266588886048	52.5139531421975	73.4594991958042	80.619834418512	148.999852690509	109.275822970969	114.433972317862	99.17515285857	97.630639345466	-2.36393277452034	11.1961262522813	112.29487184422	463.843128542941
711.106	11.244157076093	22.2683653944969	37.5183383975008	7.05597039274313	12.5043438320493	10.5733008962817	12.6700796792243	16.6243586678579	14.4505080992526	6.10971003860642	16.6829941048448	10.404722961524	2.11149277047771	33.3004532770702	12.6553887376218	12.5237061190906	12.2021529768864	34.1106028675213	2.4169597474847	34.0391992882008	26.8332865236016	35.1791202012234	20.4421420276254	6.09340292903748	21.3093896058594	26.6939747513881	27.7127190085209	75.5639635014789	151.957678397418	2174.80911955128	1339.0354107568	53.7800937155361	33.927311300684	32.8953583623149	28.3615625495116	40.4461849324822	78.5174942560791	161.669102448129	69.340179467343	53.5848716043298	54.1131956854498	85.894681779401	62.7682232874035	92.5184477123255	124.807181380927	136.35725018131	141.977305511441	181.224785428375	160.974791345838	205.445776593444	245.145278778399	312.073047694606	1284.70296795462
715.845	-9.8906833300859	0	-7.59050770808097	-3.38098226006865	13.6220611054138	-1.18840731376005	5.17165517484325	-1.18706488613344	3.32221454282115	1.28758703751631	-10.5832959902837	-0.33952054628354	7.47575184836485	-1.0418300965697	14.4863035973341	6.33432155387181	16.5753807283412	7.04948322304847	7.33479374767278	2.58248514869468	16.1166481384195	15.5939740820493	-5.96501514292369	23.4999524273256	13.1528156376389	15.6332604506554	26.2813486972437	63.8732387809664	756.730289150831	2580.17463127462	312.427249131743	17.00077854112	23.3375676643014	24.8694739595408	9.8053716844321	29.4429786805261	90.7151780108907	102.906434152646	23.3808847089759	29.7408018990241	46.0425266026476	56.450010645756	37.85257421925	97.779724339788	97.7431558170489	145.706317750697	77.6013507966401	76.3842091096926	91.0490669632028	62.8303310867699	76.3022608571783	150.667684605986	-755.156034187528
720.586	6.4450834148578	5.75635590146703	1.201509939903	-1.88303882950985	1.95089399839817	-7.44619185510899	3.15586668248124	7.33861021145268	3.99666557415473	-4.90511372683097	-3.15428399418163	5.78633896319018	2.49817300312576	2.43703952688654	12.4962509981579	8.68977920220113	11.3136964347634	14.8782742681887	-5.31064953382616	11.2188623343743	21.6845389383802	20.0424631597624	-2.79066188040562	14.6760652280404	-10.6219222563166	17.8096662021557	34.4271720037032	94.1258729731907	1733.56212427125	1583.58700276819	32.4129618198222	7.15825209620519	13.418382669998	20.366909452421	26.5773726203197	40.6336441745646	113.17339886366	74.4841084701722	24.3411025018314	15.86952081089	43.593772414411	42.1663818475991	55.697283124708	67.217273827805	66.1422582051926	114.910051642161	98.6966228951463	109.990930642369	35.1067834422279	92.0594732315164	15.2987620790988	158.238584363665	246.481975302753
725.329	35.1284718490606	10.3088008200597	12.9727520960852	13.3423811503857	10.861064418466	38.5904826404749	22.8174254434472	29.9139933368583	23.1493369657055	28.2224857881087	37.4432764790963	44.4447724764088	45.5167288692536	48.9841256872162	44.4423889007937	39.9202661745152	41.5134244608441	38.0268165981699	50.0340533519155	56.3431610221249	34.4307141498853	46.2553496684599	55.2848040470627	43.0026034440011	44.8607487804505	56.245321189498	87.1199034402699	535.176738857631	2223.06157507333	520.231843176693	47.3142223945261	49.3400697641778	56.4191589758406	66.1128852344775	66.3342338856633	91.185082964096	149.332803862901	92.2932642356905	71.6344886597137	90.5396570037405	88.7723393454699	106.142808950613	113.375635885937	107.019430650079	138.034134980894	187.286140858018	185.701957318077	205.758918499996	248.751156008918	291.815178558337	538.129904533346	793.582776355046	2352.37788912777
730.072	-9.08928900771759	9.4709991416013	14.6852326571107	4.21943376342409	11.9222202432012	0.303365668398289	7.34704683671816	-2.02015323895772	-4.74916016805509	2.89241351854943	-0.29206554377444	-3.46678706082265	6.9063771189913	-3.90058220991224	9.63181792789735	-0.340414155419871	18.0051508824716	-8.33465192072273	-5.82511552298731	6.59233012277306	-2.16532075202506	4.08275488405369	20.7086397689227	12.5877535764359	0.373058842053379	37.0048087964157	60.1113902967754	1271.96599929312	1469.55986649692	47.4286345549533	14.942930801289	5.55494667669823	12.9661042016185	11.8027523933466	15.5743773506292	80.0397984478732	71.2204392940673	27.0320064544762	39.4836373173625	18.6125418507692	25.5961015346908	19.2133847403524	56.1057465578104	71.3151629476462	82.3382081153096	57.5275956837289	73.3241899492555	82.2488806647279	91.1808083592531	46.8824940531709	23.3732856712246	29.303663381941	268.980382286232
734.817	-15.2560945707355	-26.7974348683391	-41.9028162306027	-13.5205463963432	-2.00110833057435	-11.3040186271171	-6.24297080757313	-10.172296920501	-0.91100806792823	-8.73869028155592	-11.4712208554147	-9.42661219846782	-21.9640613638474	0.714219093282481	-12.4714641813997	-23.3120912087659	-3.98918480196801	-5.34142988418687	-3.77123613326601	-5.75381309679471	11.7755366317719	-2.46700066905701	1.63570920856392	4.75383616223847	2.25420442588397	32.1518061559543	323.945456128255	1756.17940617595	472.055307452745	8.13765734879438	1.04991295439275	-2.79714260696772	5.29375395741933	16.2086401317061	18.298782388572	73.135760101985	45.1907711984613	7.46449143792065	-7.86017714746596	2.46636191151103	-7.36496165020779	26.1786655011268	37.0409023254607	-9.33662553891359	41.8794462936398	51.9417148111582	41.6858190040167	-12.8531395271593	10.8031205483631	-52.1844500360211	7.84626952286911	-177.067101068023	-288.944239055673
739.563	30.3517222368779	6.8919430717084	12.467331441327	23.8377490507197	35.0882653682205	21.9431362197477	8.65443009020034	15.641263280842	8.52458343630605	8.03642455812175	20.8282261395017	18.7187548442507	27.4032660869935	10.8375702373401	11.5647991032437	13.1784741047536	10.6389478127573	31.6484582734682	35.6065349970703	30.4460194758125	15.8828580479016	25.372137827082	15.7195067286643	20.0374373873794	59.2892362805756	68.0063921921551	958.68770884293	1290.02486652712	67.4418172706165	20.4011960253188	28.3224772487736	2.82959199793518	16.7795210865781	32.4289795568575	62.3331775878834	102.225482366697	42.7791978260535	34.6461607079478	38.8213572619732	53.3924424535251	54.8136710083394	27.6337687954987	66.0498894918576	72.6533758657231	104.218603193671	84.8792309220234	79.519463211828	95.3498157493005	109.284465440664	138.259096858874	250.024741000984	492.583410061708	1479.74978725221
744.31	5.19937340748957	2.32188180289003	0.42002189662661	1.97480898241125	6.81990360721297	0.624726642054612	5.43731216365863	7.69625837602296	11.8757569043343	3.79043744945596	12.3298496873463	3.56960998695251	12.7253344739367	7.66742693687233	12.0426690415626	10.8658299960746	10.0111536274626	4.68101069512917	17.5652350109196	6.78785487273469	34.7808697085021	1.68153882574361	10.87047061607	20.6567517944402	41.8694674347424	240.194227940633	1404.04181088549	499.803925823236	35.9138592917631	19.5341363175283	18.96429927769	1.78740725798873	16.2373031197097	25.0421648500321	62.9997676642487	51.4583309739006	28.8244519552959	17.5083331182784	34.0364925807517	33.2858481224897	41.4154200451781	32.0023044790969	16.6890565075459	25.7006154962773	46.243806756613	60.2551043016324	74.2812186889809	43.8043114837897	108.61226602789	121.952847350841	156.432405920727	264.011941529351	-221.566549559095
749.058	11.0302728170098	8.91332321769824	-1.27294352767194	16.7579284119892	-6.20064255640399	10.0977813071759	2.86585113869375	3.78239056134653	0.4704755617105	-6.56430106155648	3.03801473726306	12.6213195708327	12.0991878149225	14.0161875127001	8.58758456360696	14.1637141796804	9.36432162121766	8.66955924957329	30.2959167596338	48.4577344192215	14.8653700760349	12.315749781256	10.9815665362604	29.8696866093703	53.550801598207	732.475461461703	1115.80594600839	78.2205673434797	26.2851403712771	29.6006620056813	19.5195877586268	3.61134902512517	16.0387313045971	22.32184862459	86.4010405398563	40.2065557879215	19.6981721468293	26.3041418808889	35.8170256546421	22.4173524025483	23.3644601948988	31.7415605026037	40.2037049875486	40.7994323034295	53.6373679308395	46.4269651496408	19.6827202008398	60.4777201867433	81.8267854532266	25.6665004589334	109.406174499055	571.521721158284	-298.441271726345
753.808	15.5256264491747	-6.21603687362942	10.3796641045991	2.44009348950633	8.77785445497354	3.21632671306376	3.89472268365626	5.14030966885398	2.63744817287749	-2.50901890797018	0.928956347005535	7.71862939247815	-5.00995433840631	0.75190067272339	4.3764826022516	-0.721824026669026	12.2171657589164	19.2796768754613	3.97020327833767	-0.465952252434232	-0.459140878653808	-1.73143832204942	18.0810819699446	47.1270684010647	201.716415059021	1209.68520703874	475.326786579534	18.8926416036678	21.8858854010333	10.0569049285404	8.4740084543981	-2.94471742307575	24.8929469355584	51.1913817493295	72.3390752793168	26.078727835998	20.5139895591299	31.4332461089258	12.1689312814251	18.694692181688	16.614708502088	14.3790413064379	31.7248663173671	40.0729648705497	15.8720290307976	43.1147442044374	65.2007595684825	25.5590466902286	34.1192514351339	15.6964732358256	214.766029206818	124.272671754305	-114.070757367505
758.558	-14.7177078405668	-19.9608653499099	-12.329781142048	-5.38299339184978	-15.7299130488134	-0.327480493619339	1.73492168729625	-8.72294855740915	-9.76509604225556	1.70309139127567	-15.7641055676216	-4.86507483568982	-10.5944754290352	-4.59342894096009	-22.2802720426461	-5.51211000113312	-6.99710307607656	-22.4929533024826	-5.83900524126115	-10.4373290382144	17.7645755853182	14.5440799316298	35.0663360318053	32.2723694123642	638.301125528549	1029.20611875582	62.9584606999785	-8.46390228991855	-0.384203578729331	9.86050612051607	-0.750267840398618	-11.9930293320198	2.64804175701621	42.85597114806	44.4327698536414	-3.37179465660742	3.11082507387825	3.29460716648814	-6.93850242183986	13.7472061226982	5.07503754469859	7.32023821721713	7.4024678028943	14.6269738718608	-9.8759278345865	18.2018762363269	2.55331611214901	9.18485403483894	0	-2.66364358160123	0	-245.156055557505	-464.579021509399
763.31	-10.008246076185	-16.8843163962077	-14.3732960600205	-19.851229431805	-9.11638610712859	-10.3551450495602	0.505616092556149	-9.78734850698062	-8.46651147306001	-7.23828649082235	-4.18072632412025	-19.4681823453774	-13.2080495730663	-10.9325845338222	1.89386186747541	-7.87145411260275	-10.7057867209975	4.58865634655879	-24.2817754652782	-9.67844856044497	-2.38424181492481	2.24776742788466	28.1676106589911	224.798637253161	1059.39212989292	482.561855038415	-13.001381235591	14.9121620104145	-14.5001396991647	-13.1526672357067	13.3925549305195	-6.4988557202171	9.64663517604233	46.4707226373956	25.3151878476041	6.01877659171089	4.98631019773683	-0.480081151277572	-15.1658941225296	13.4831126061808	9.77810570593474	4.35563084495626	10.9827950945456	12.5640577455463	-10.0736524739351	3.27640474988543	-32.5554464358906	43.7207996280472	-15.7489393774045	-16.3018322156069	107.23500778772	-258.130882458364	-592.350370485778
768.062	-9.54066334614529	-9.02238281753873	-13.6010309195364	-6.3947709025825	0	-8.09188896396658	-5.86898377211947	-7.63370677276961	-3.77017078287854	-3.79912245683888	-12.3349150699677	-14.2561131466941	-6.86780336261521	-10.2466603570955	-4.9701080221123	-0.756675808099778	-4.00220198750212	1.26315976441681	-8.32379267789052	-0.976899588043911	0	0	35.6517400505257	793.063165794808	899.309399069444	58.8685164309967	7.1580089761825	-16.2399636837009	-9.49348971682612	-9.76155722199774	0.386224280022666	-0.771724254599044	38.1685886667412	30.2103106580104	-0.82425889169248	8.24475906360017	5.03295992906978	12.5988870793955	-2.55129659608992	-9.25429319215911	-31.9310115056539	-21.3538467676327	2.07853974537327	20.6076025342147	-18.4870857243942	-7.71646716346834	22.3448142219961	50.434094005102	-5.96110483016596	109.695633388135	-25.9771803575658	-89.5626331134485	-717.470568913508
772.815	1.12171605884934	27.5508324852193	21.2947096416275	-5.11255824528327	10.6671443411275	4.38031473901508	3.06012812445259	2.91691115029464	7.2843541811649	6.13313502978176	10.7050770738859	4.23560435615992	8.07462232065603	1.57540520496358	23.3064218114998	6.42764772292881	-5.59951394566803	1.68314027379027	9.24276767509452	-3.41697076000361	33.6702086723762	15.8714602415933	200.244179691425	1285.83146897748	409.383011688676	20.1476098015627	19.473279853441	24.54235185384	11.8593036471873	-0.390213587182416	12.3513048860658	16.9671196480091	45.5395966102577	46.0811044803826	8.64920581211133	18.6473067485857	20.5762672932141	23.2446689046936	1.01986862760283	26.6571493304925	31.9106733142579	55.8612311636434	33.2354533891608	33.2680008128971	37.8743865852073	37.4561108026875	74.8731274766058	97.6538177074833	71.4876954500945	252.139256440028	186.051213266292	-81.3687154013252	577.594274405075
777.57	12.5903994973699	13.8006546735144	29.5881442164378	24.779684152517	5.25462947457151	16.8469750539644	10.6685674930005	9.15806512778982	13.8404657182677	10.4302607121715	3.31008957623642	26.3245764234627	4.53157106940794	19.6921099852503	29.6294266453759	13.8889538232688	13.4679074360227	36.0664580997825	25.9357384992307	38.8509562924117	46.626762472336	65.2426874297938	779.108204482637	1137.2819197462	94.7075884857048	17.268980750665	12.5709647057021	5.25087559478282	22.9919961433955	10.7505340634581	37.0215506741204	36.199882535753	40.9076404671854	44.9937050878571	23.9549727119171	34.5148627072932	29.3939882784088	32.1188044905656	34.8620504995887	35.5272413942957	66.8983813615556	20.4943601055688	31.7933852189351	40.4120894320407	56.5557660679312	38.2196379866677	85.7817655321484	-8.03584274349256	137.784890976785	257.279009935916	233.993508097093	240.779409830813	508.076114303846
782.325	5.81104905995116	5.19007503810598	20.1857049338886	16.3327888310103	11.8144488915292	9.07688666686466	12.9466093715881	7.20681116002704	7.28706574255512	4.53895723536394	10.7554215565202	25.9320982293274	4.1830573856669	3.26455411353805	15.8346095438595	33.6901695539292	6.21605937619041	10.899383391872	-1.43646449525207	19.724655631239	25.9150894263189	137.663263777623	1315.39725439244	528.735208727705	17.6018505397516	15.0299531888254	21.8233036265443	19.2763119898188	20.4790373841299	4.44730252223165	23.9947215522291	45.9467594269034	49.1999598646922	27.1650448468573	31.5784098254226	13.9287118344392	25.5828803237478	30.6064925018008	2.11337141264949	36.0744068566083	30.056948207706	36.4174995713983	29.4134405147586	30.3655210248057	39.2416453033516	60.4952441598381	43.5514578283829	58.7491568202459	162.538964151891	153.337366609908	103.10826692007	446.822392366375	412.720914818101
787.081	-9.5471984096326	10.6587200603706	-1.92813252155927	-15.8645621657174	-4.30472966083306	5.01872066500017	1.08522897173785	2.86460086093097	3.20684024967211	8.07866507225053	0.690253914084423	-7.78357878765812	-1.28859517472102	-6.70432858150573	-2.84542295650517	12.0677810955566	-9.78708036980253	-4.92443069153438	14.7501460182556	29.0826698506322	60.3855183984187	538.896096804792	1192.83693912427	118.067543808941	-4.40834825264456	6.43054541536655	5.49654010656527	1.68456395476868	-7.57030649779065	3.32120282095861	18.8896416580421	43.4874893016669	28.9870741412956	11.8338468821065	4.82006223404515	23.5299421426616	35.9988661947529	3.09126617104554	23.8709628629621	14.4697376575354	30.8635804360074	19.3651791107955	55.2490299832407	50.5628665285465	9.82799155766319	-2.34410350070119	-4.19252245095402	20.1085986789614	245.069807214221	-151.620878206574	156.511405561195	69.2548942439381	254.278213425112
791.838	-5.36505180873453	6.92139855536977	1.92624855137666	4.98113344730766	0.390956684324984	7.1625955630468	14.6362760874576	-5.48512025365095	11.4799495800289	19.5561000339055	1.7239486747155	29.0575851301763	11.1569128128635	31.8144445985828	28.4264270569407	22.5045141390918	5.5264229091837	15.6533333441028	6.38548460878379	44.1002058959564	196.828039368195	991.428962737559	632.266535460277	32.0421277758331	11.8909103600586	-6.8525463002343	8.87035066668667	9.67677835285133	11.7645260182033	22.3962143915816	47.1779616714343	40.9858470364661	21.5122150233631	30.8223834944351	9.19294581830985	30.4207602924741	30.1317418235397	10.8088599775199	34.1454826060305	5.7822397350754	21.583396632901	3.33556163373807	31.6451599292709	31.1499680879135	23.5641328042094	73.7671122412321	9.77299389474085	162.385684434667	251.162169946059	26.2164340529588	170.154815300365	190.264870339115	592.73610492026
796.596	2.42898677185145	24.4060089972025	22.0748923897239	1.38385470303999	11.5494256740015	-3.64816255403962	-1.10441061500162	-3.64404158125345	5.98312330860596	4.42693845137017	-8.07822436606681	-9.58876673529525	13.550837356411	6.8228289556411	-6.20510654401595	13.918559130847	12.1253014036168	-7.28941237482292	30.0217157109224	72.4062417783421	804.094849866928	1017.79510971378	159.674991179432	21.2871989249922	15.7019334727749	-3.49024352866064	2.5817042645714	12.0003727620859	1.712025157355	7.18229973519155	46.8050919897977	31.3133062772906	15.5925540519691	17.2043036252699	18.2832336794706	4.22573623514812	4.4556267760458	18.8754295840313	12.6985545665494	22.3827496941162	45.8572867456824	27.8622747082733	2.24902271395581	33.4467740750122	34.0057912592981	17.8915200588346	-25.5997568386961	162.00684288446	109.650644537194	142.431515198597	229.547383857524	167.387597960711	-215.643860561388
801.355	12.0568034815142	22.9413790792686	10.1633413212884	19.9103287766944	9.62630482016797	6.92844940681208	9.05718764295389	6.71090716555191	12.9124053187257	14.7403703740096	8.4895621957655	8.99733962598462	19.99951649469	-2.57680603616341	15.355558868769	12.7220486033343	17.1961621283762	-0.393288932319277	38.4426619174196	92.6169904765252	1355.00975057693	506.062984526745	37.9376866837664	24.9100745739912	12.3929373674653	10.5453976944822	11.1433477659667	4.80971391919904	10.7148806169338	28.447780907151	45.8160864214082	40.0064328188921	16.7344927886131	20.0498004630529	22.3273065278266	19.0500851777117	12.3937714022076	31.6833847748709	6.19596553979876	8.13558921557139	20.6066919790891	46.9312247479122	47.2426917953226	43.6798189051031	31.0824795245386	61.7797887429098	122.772902420604	136.908965822286	79.808409566316	51.231142430219	72.7927221382666	106.472364742934	707.391574338542
806.114	-6.81471501129062	20.1322306205827	22.8675179728989	1.99103287766944	3.09416940648256	15.11661688759	0.238347043235629	2.09715848923497	-3.75633609272022	2.45672839566827	0.909595949546303	23.39308302756	-0.37734936782434	5.52172722035017	-10.356074585914	-3.18051215083357	-1.12148883445932	5.50604505246988	21.597001077202	484.072053672873	1402.21480160898	150.038774306924	7.16600748471143	24.0933508174669	11.2310994892654	7.53242692463016	18.2008013510789	-1.10993398135363	24.7550690115367	20.7887629706103	37.15792835752	3.60418313683712	5.82069314386541	12.9952410408676	22.7122600886512	20.2660480613954	11.5390285468829	4.0735780424834	26.2137003606871	9.66101219349103	3.79596957509536	32.8518573235385	26.5335666247702	1.48067182729163	63.891763467107	6.17797887429098	126.456089493222	139.853244657174	55.6802857439414	51.231142430219	8.08808023758517	288.996418587963	-614.313735609787
810.875	14.677847716626	13.5775508836488	13.5511217617179	13.9372301436861	19.9402028417765	7.55830844379499	9.53388172942515	5.87204376985792	3.75633609272022	12.2836419783414	8.79276084561426	15.4754241566935	14.3392759773249	13.6202604768637	9.64186254550609	8.48136573555619	18.691480574322	8.6523565110241	53.9925026930051	1118.70374703665	865.425935587458	35.1785826764822	11.8028358571718	37.5692928001178	36.016974224196	17.3245819266494	17.0864665744823	19.2388556767962	19.2128893820882	61.6368586321604	19.120099057753	14.4167325473485	20.7362193250205	17.822044856047	19.6326316020544	21.8873319063071	34.1897142129864	23.9888484724023	13.8217692810895	34.0677798402052	15.1838783003815	26.9854542300495	3.88296096947857	48.121834386978	37.9896971966582	82.3730516572131	174.337521437258	160.463196501389	61.2483143183355	-28.1771283366204	68.748682019474	243.365405126706	614.313735609787
815.635	30.4041131272966	19.6640392108017	6.77556088085893	2.38923945320333	0.343796600720285	5.03887229586333	-1.19173521617814	16.9869837628033	-4.22587810431024	1.3648491087046	12.4311446437995	-6.47808453070893	14.7166253451493	6.99418781244355	5.71369632326287	8.12797549657468	17.1961621283762	6.68591184942771	235.407311741502	1298.46283200094	276.037155558805	15.6820187834921	5.47988807654404	17.1511988870103	2.32367575639974	-4.8960775010096	10.7719028404345	14.0591637638126	11.8233165428235	46.6835378989144	17.6770727137717	10.0917127831439	-5.82069314386541	-5.56938901751468	3.46458204742136	4.86385153473491	8.12005712558428	11.3154945624539	16.2048329502429	13.7288068012767	0.542281367870766	10.5595255682802	26.5335666247702	18.5083978411454	23.3118596434039	29.8602312257397	148.555211928931	42.6920431058741	-27.8401428719707	23.0540140935985	121.321203563778	296.601587498172	-18.6155677457511
820.397	2.09683538808942	-12.1729766543058	-9.31639621118103	-10.3533709638811	3.78176260792313	-16.3763349615558	-0.715041129706886	2.93602188492896	-4.46064911010526	3.54860768263195	-1.51599324924384	-1.79946792519692	-3.7734936782434	-2.94492118418676	2.14263612122358	9.89492669148222	-2.61680728040508	17.3047130220482	488.956104387854	831.72794895914	49.0033386904067	-10.5959586374947	-7.16600748471143	0.816723756524301	-14.3293338311318	-1.50648538492603	1.85722462766112	0	22.5381971597573	9.48259363571699	3.24680927395806	-13.3354776062973	2.54655325044112	5.94068161868233	8.85393189896571	4.458530573507	-3.84634284896097	-1.35785934749447	12.8685438134282	-4.0677946077857	11.9301900931569	12.9060868056758	11.6488829084357	2.22100774093745	11.2242287171945	27.8009049343094	112.951070226956	55.9412978628695	-11.1360571487883	-38.4233568226642	76.8367622570591	-106.472364742934	-279.233516186267
825.159	-13.1052211755589	8.89563678583885	-15.2450119819326	14.33543671922	13.7518640288114	-10.0777445917267	-1.90677634588503	3.56516943169945	11.0342372723656	2.18375857392735	8.4895621957655	19.4342535921268	16.2260228164466	9.9391089966303	15.355558868769	18.7296826660199	16.8223325168898	180.519619934548	610.763190463274	260.513800798502	25.1760272170897	6.78141352799658	18.9688433418832	15.5177513739617	1.93639646366645	3.38959211608357	11.8862376170311	33.2980194406088	31.7751632088382	24.8006295087983	15.1517766118043	10.8125494105114	10.5500063232561	10.3961928326941	1.53981424329838	20.2660480613954	19.6590856724672	21.7257495599115	14.2983820149202	28.4745622544999	-8.67650188593226	21.7056914459094	12.2960430700155	34.7957879413533	25.0386640614338	153.419808711559	89.6242187670412	73.6069708721967	137.344704835055	61.4773709162628	32.3523209503407	-91.2620269225146	-223.386812949013
