Wavelength	500	495	490	485	480	475	470	465	460	455	450	445	440	435	430	425	420	415	410	405	400	395	390	385	380	375	370	365	360	355	350	345	340	335	330	325	320	315	310	305	300	295	290	285	280	275	270	265	260	255	250	245	240
248.336	15.2032083497917	-5.61887735571887	-0.423859363035633	-1.59188302772308	-2.40965536022806	-7.87980562291045	-0.953555554639791	9.45868309624038	0.470822602460927	1.91421125645536	-3.34297470399434	2.8866003230231	11.7167762248623	17.7019823173843	19.6887170582449	-7.44053119142875	-8.9893324408518	13.399983468098	26.3714669235826	7.3050192998881	3.59973781119942	13.1515320377702	8.01280986761782	8.98453731094643	3.87449152182259	17.7026765060329	12.2500843054196	12.9401023987664	37.6313878424176	21.1449902357421	11.5399854928097	10.4460542985184	12.7364537791262	15.9480812122787	27.2930335741321	32.8147786792023	56.4272157307064	51.1469327802109	74.3550260984933	62.5256608135106	94.4252884952685	166.5626659594	418.91632142885	782.421750272958	933.212325375508	1005.89130219424	964.273122877692	992.846103056062	1126.63275290701	2693.92273647745	57918.8729320086	180314.672789666	59533.2921138198
252.814	-23.8600018043471	-0.560812820026152	-10.6608222437912	-7.14976958981372	-5.35981587576879	8.68266326011127	4.85382994422326	-0.503498038735424	-12.6878912582678	-7.86054564004889	-4.36788582383991	-15.1256601915782	-0.905369924521523	-3.09192059039731	-0.857500437415298	7.63847705147441	-1.79442709180175	0.944071674355236	-2.07116200654528	-20.779476773552	-5.38927703555981	-8.63800002567734	-6.56635283394506	8.31517862949293	10.2090897530916	10.3757270287947	4.89065974567905	-0.885623823297005	17.6750105268327	5.67639323608546	-14.6853339767029	7.76562495746377	3.92258727526435	13.3263392173924	37.7534756155907	34.4502545740475	62.9751815199145	56.3798760473234	61.0828280285466	122.376735126002	161.190847660029	387.746625863452	797.972641035885	1255.69181274726	1245.92369477156	1228.18970808177	1240.13678185764	1308.93054562453	2476.44392552833	51477.1498199229	196448.861118661	77259.0836335537	4304.33850150087
257.296	22.3647214142188	6.658452338684	11.5524303759221	16.5060420847374	-4.48717823057741	11.5787301452317	5.36739247037892	7.22337067741443	8.36897566896661	8.74942136963952	2.88107215300417	-6.84132770832481	9.85355318750516	25.3473406463806	16.1198897671151	5.87809262434437	-5.32624560252035	16.8132468361801	8.70917700593563	6.49241651341161	10.1311378918393	3.51913912158689	15.9920801480441	16.4541592176693	-11.0191907036805	13.3901694409885	28.1532705763543	19.7154150865498	14.4273891476931	14.256639825434	24.3586874439319	13.6592861125991	36.6541495853243	39.1159364834284	58.7633997164986	39.3660695672355	61.8013929259747	74.0191306902791	97.1489076190751	148.790044889757	320.252226289089	730.4420758747	1129.41760535901	1369.69962714812	1265.45939488286	1303.02120838953	1322.94762442268	2143.91230427597	38523.6621869676	170650.498308986	84479.0322943912	4175.89253841519	5663.44755994591
261.781	-15.7599473991921	-21.9588918294573	-9.17427579935846	-20.0991622992552	-13.2459885767608	-11.3703610732535	-6.87978325768416	-10.8683626804677	-16.1353975124443	-12.1666511375906	3.65441538656322	-10.4132289289961	-2.27244798706371	-32.8163209522916	-17.6488369439838	-23.4328354051053	-20.7181769157193	-12.3218579866835	-1.03970936192607	-18.1172730822681	-8.65721834630378	-28.0578796809995	-19.7775890835797	-3.43754649799328	-5.59079369296812	-4.9820865287801	4.4637785741077	2.66746312644818	-3.10545763710679	-1.31515898304305	-13.442946925459	12.5611610709901	-0.87516105026519	38.8004480983564	42.0641733622861	45.7920219037009	35.4683746054004	56.0603599001141	79.6669219558395	224.334851605531	597.087077159087	989.451474469377	1215.35571989735	1330.19193354551	1258.15717193447	1308.60622556109	2012.19187835548	29494.9425618826	140479.103118196	89132.3709952731	4780.02495653188	2843.30072216872	20928.7197566784
266.271	28.2114442370286	-1.14533806926591	24.3643614056685	15.0885757935334	10.1042370824232	4.62585628169118	0	12.8535638579355	-2.30331156776219	1.67223467239225	2.23011392465022	3.53038484174991	-5.54706278616033	0	4.81595929311994	-8.66662562094511	12.8265431099343	37.5971860980863	10.5747435196063	-2.23355561205703	25.865098381211	19.1978136325137	15.4734759875276	-11.9872529934136	29.3793239680635	24.8754089349441	12.7121369469794	14.4695505330792	26.170586224887	22.2938406995822	21.170539024517	14.537964860407	58.7475560893402	46.7210507592253	55.0065891850721	57.9703224676422	83.6507938606176	105.179268492823	220.93287082329	600.572855451601	999.538295133354	1205.76432621596	1249.5838203792	1374.66846864886	1365.1761450851	2024.78039649039	22036.671847657	113291.029958221	91370.4470804635	6107.16144810863	2430.84941733149	14953.8325123687	29915.9067251289
270.764	6.41547908278679	4.01105106180055	-5.18696867371651	0	-4.63384413179108	-13.5000502241131	-7.00146778187248	2.57223122119432	-4.60934414160802	4.35037828056229	3.71905198641594	-16.3376744130304	-5.08781101049964	-10.8313789608602	2.62843851727468	-8.23815752130604	-15.1259264328325	0	11.1100392174438	-0.558718728041709	-2.20258520733852	17.6516543425108	-11.3539182136482	-13.9933891245813	-15.6466186852474	-5.07020599504999	-4.99700365136252	-2.71464324378243	16.2534069144023	-0.446140181210479	18.9764768108984	40.9948284706417	30.7270887093059	39.032851397468	63.0362113626226	54.5342054221137	79.5151938882203	184.449392298662	529.035557848054	911.344648206722	1200.02161480946	1196.4285479656	1240.81376386123	1334.67845678659	1802.29402505867	16079.2976033862	94474.214320159	93874.8599496762	7025.30923682577	2055.72529250184	8857.28316341103	26462.3557173882	8934.02151221812
275.26	0	-10.0961718449286	9.64697835897179	-2.86034444025718	-4.12356471192588	-3.77564729925118	-13.1358978599294	-0.755362356971486	-1.40998091551862	1.31029094343908	-1.09213816044666	-12.5346031607921	5.88580292113874	2.65062224114775	-15.0085485667378	3.39539696454689	-4.93542784850192	11.8026974987833	-5.69656504438912	-6.56294180430233	6.4681197395359	-9.14751395511431	-7.07253645341261	12.7192734975154	-23.6701392670849	-14.8891853858055	-0.44467330656974	5.75743366883583	17.6777088606957	14.8482179795644	38.4468898434541	28.046815647859	44.8986855068936	39.0965627555624	61.2436440744035	63.0875606253967	156.693881609641	432.130972308415	795.910855236464	1129.56965018003	1175.31267677354	1208.38045589103	1230.10477901769	1838.11643258902	12127.118448933	77561.6608876063	92420.460271417	8807.99828957529	2047.71369092917	5119.66630202958	22378.3879364606	13038.3757041387	969.187495168351
279.76	21.3696324975535	-4.36264679572221	14.8093090258678	-0.926985447946143	12.0273488221868	-9.54422356239476	-0.832911816602143	5.14078233469467	4.11254181473691	-3.18481042015984	-12.7419138879754	-6.72370129432534	1.76075200990096	0	10.0059362108889	-4.95173794220956	17.4488958763482	-9.63909809539752	11.0769168043676	-2.65866212766261	-12.0531477052139	-1.48227119117738	15.7171202103821	1.42687539886002	3.15867188412731	4.82531333994626	17.2932607057567	12.9176253097082	22.7728661202932	31.4197680683427	40.7397893013914	57.0538491107681	46.6192115758779	60.9047066026727	48.7990894423837	124.088624030494	360.449988760458	740.116384819273	1096.33831403231	1151.5015962719	1104.77098625823	1162.54731888282	1532.28116774204	10540.5246355556	63295.0666674887	75486.897909541	10971.700481116	2459.93913878917	3731.0084510456	17402.1142678433	16486.5036380496	1838.84744697742	1577.78448270391
284.264	12.7839049291188	14.0131468416424	-1.87925352925702	-15.8802473946135	7.63115878067623	7.33665999103686	7.39856753426356	14.4448638541672	9.91549743578008	2.1217463698772	4.37912517589066	6.39911998846135	5.86513589884862	8.58427381526429	7.53896854663306	-10.2108429602274	-2.90614876553225	5.67900563853997	-12.9381392035565	-5.06063467693001	-25.4363423179468	18.339304544248	27.1120796902212	4.9793118079941	12.0247580943366	7.9322844281358	5.34899376938638	8.19602484845385	38.4398353917307	40.0053700530453	55.5614648084069	55.0981439726332	53.6457995549768	69.8863737384937	96.72147702419	319.718713154079	613.130003353065	970.790958006379	1091.48972387275	1067.17773460005	1065.27377425893	1265.04437932475	6210.74206998651	51720.4824285452	60261.5562000399	13008.4887251062	3036.47591681152	3464.50106474149	13230.4858680371	18767.4748627433	3517.7164964734	1318.8997815055	1543.329814501
288.772	-24.1715429363938	-0.490662372428458	4.44156711336095	13.7619364692853	4.32865113932605	-2.64228665008047	-0.249804614549396	0	1.72679107598145	2.57898480201606	5.0953595550163	1.13431159444613	-6.33695863187134	1.54580641125653	8.25262016758304	-10.7670589902406	14.1297067455601	-3.71691220177564	-2.26510795475352	5.2626988374347	0.471514801644277	8.00205636587697	-0.44192206310004	-14.1221696142085	15.8341140807164	2.76282618221945	0	10.8478119433313	27.8353705881773	39.3487705807824	28.7199265235745	50.201924901696	37.7511444245167	75.3973636505033	239.273362836595	535.320647806197	883.356580461801	955.719944865779	973.446345027259	947.640415875926	1077.61278197038	4094.28810275432	42770.0614418804	48943.3700755844	14467.6887510625	3119.02624038463	3569.99693492526	9480.65487889401	19181.0831258488	6397.20244590119	1399.81150361971	783.292772433737	552.07223158034
293.283	8.42529235255622	10.8174249372671	13.6238391352151	15.9896478814153	-6.22382173441286	6.96507703639529	-0.957797607520587	-0.63338410966499	7.56667418080812	-0.274675278345777	-3.35784649138471	3.98673254639906	1.13892583375455	13.3355494308618	-1.43827677383805	0.711774442921415	2.25733075098794	3.16696366046497	0.868484749071669	-0.917189613950649	-3.16378287104551	12.3577782776408	5.08323549800658	1.64081937129117	-9.72931962879267	4.16161124180449	11.5588486995612	30.0803188272589	32.6107271900458	33.3233485143714	49.9875807249598	50.2917593631194	60.6759123237029	197.071309569178	456.006576294241	783.326721825405	917.157002490114	930.6507709211	922.561218346452	957.375255675591	2674.20294981037	37087.8020193369	40944.4246855821	15620.5561257715	2823.36427997966	3554.37928238224	7111.42014542294	18352.5930701589	9690.75701627438	2284.0736793404	1480.02926149247	973.004982996747	1209.57038716042
297.797	4.58804202599413	3.642553357991	17.3108622326323	5.03085895859907	-5.02106426343563	5.21041176506409	7.41794511826948	5.51860809978075	-8.46986835969965	0	2.95520786355527	2.10521059874034	11.3934634663087	5.73783792127599	4.87338130115351	1.72267075029745	-14.9330213227893	-9.5810472674914	9.24857371939892	7.10344457525328	-17.064482346404	11.9635558085939	1.6403588142986	-1.58847599295262	8.28867334033597	4.02885269717792	22.3802253760282	26.9636425158719	27.6241177977338	44.3136105846614	45.9382248084632	55.692797561992	139.41975970895	381.208520240702	706.858717019729	865.490182803033	901.616541518701	888.198308318316	891.74037049837	1950.55359734298	32171.2013486405	35880.7203005462	17931.2520031481	2332.9287194151	2967.50745599435	5284.13012181997	15804.3072369773	13178.743312885	3317.31579982899	2106.6257454348	1554.84068032127	1231.23035030451	1738.17963836193
302.315	-3.00271788118506	7.15178285589506	4.85544520829448	3.03925527080766	7.88667899429574	-0.300885685132594	1.13784221852977	-2.20717555177354	7.4159582850002	14.6186033755072	10.1539373620091	17.5668088427949	16.9578320654241	-4.57667473326445	24.6044269915626	-3.04405984888901	13.944624928438	2.25736936225277	12.7935826034202	25.2787391839055	14.1749277250386	15.3894918685327	10.8697869358858	3.89851371307885	15.1643780211011	29.4836303870372	12.7571502010321	36.352386223816	44.023656082593	45.5907588993507	48.8843291198125	129.290958898579	339.044206487737	638.000178268427	844.743406162576	837.275516382886	856.958943418819	858.981008052676	1460.55123034558	25719.5445161391	32586.923811095	21456.3668211539	1696.02846970332	2380.76834050505	3758.72778938679	12121.3572454361	15582.9998108315	4946.71439281708	2756.95263378184	2085.18435369934	1642.3137584086	1325.19874018641	2352.99362438905
306.837	-3.99251978512459	6.24045395391865	5.24547684273069	7.9559179664045	-7.86480527881591	-9.90168888238811	2.0424355407143	1.00047906691877	-6.94718465262192	5.98741694887065	3.18238655497746	11.3352329415626	-10.0745188474399	-4.91505680544372	2.04468221484019	-9.10685143362237	1.06968842240295	12.7562817555401	11.1118931858526	10.4311566474184	-3.85516732982807	7.26954114827677	14.4528527550132	-6.60909200551586	13.2781342802514	12.5495733214443	12.015003325206	29.9163382566023	31.2579081635153	38.5231963964542	101.27380821896	284.268443957804	557.732813219388	790.874989926796	801.414906587715	821.069580992163	832.200252676416	1223.28143394833	19041.1335956099	30356.7469383319	26610.8589985232	1386.85403850702	1536.61518187353	2650.65748888941	8189.39682558413	15719.0588152684	6805.22321003553	3363.3418124977	2542.57818318411	1959.95132226882	1649.31944919363	1633.75133190278	1594.16500606968
311.362	9.9686864303676	-0.44518343586669	24.5822882241203	16.2701031732835	-8.83672513750262	17.980320820286	13.3723800481226	-6.3949746890857	-1.11909769822927	-0.519987030559904	9.53509524035024	7.8903305074267	10.4211375888231	14.0252737527429	8.16839367476508	14.4851765446291	17.4494993209423	29.6021412833149	9.04269378234004	11.2861397410447	11.5508870535867	29.4447725429907	20.4490013256677	24.0732882194014	34.9952427530563	29.3647033574698	38.1170764681029	48.157166542274	56.4737503819318	91.160339542931	261.950561294664	484.255297959729	770.497771255453	815.617069010001	795.650939673005	799.232713798201	1068.50354336473	14049.3140547364	28464.6572319527	29861.6601988351	1557.66074539783	968.567365638536	1496.50664535672	5157.95336682914	13817.789842209	8537.7466184464	3908.61265592979	3181.48773960568	2491.71902727923	2047.55738391173	1697.26810634734	1566.41934267875	2576.06375196274
315.89	-45.3117378399096	2.66840431588518	-9.25937545425648	-1.51197019356091	-10.4625837608692	-3.29306466064376	-14.2645683977586	0.399282461582184	-0.894374434526018	-0.259731069030959	-12.9892775354669	-15.7647314818205	-5.02581565380777	-3.85305694592252	1.36002470364694	-5.04786792468914	-8.53806622338234	-8.98397768523546	-9.85479903420381	3.90279708339907	-14.1034999080173	7.25302602581234	5.2072288697284	3.49098210405838	18.7679556414105	19.6759559730825	24.6805739455779	48.4597124056508	72.8862281027411	203.258948204462	429.178969686049	716.754429716647	765.918064889117	742.226738936495	763.448191835813	944.258920412572	9746.08928630763	26992.4907513737	28424.1536458352	1820.71423885409	821.082744349882	890.717252677774	2563.20173394695	10807.9602091491	9645.88023357007	4000.53473867205	3419.93379416418	2877.91167069065	2117.23354530465	1819.29477009463	1480.2462771103	1267.80868310814	714.850940575639
320.422	-3.4910975476825	-9.35436466226028	-5.24193737364599	6.8147567862699	-13.7541221582288	2.99848713940435	-5.44281966610032	-1.19976477327125	-9.62991509517036	14.5682218807434	0	-0.343260130682175	11.8655282098334	-8.77096480811486	3.74605464371295	9.77483284350284	9.2643774868214	12.3727426555358	-2.05636949238163	-1.73735300970888	8.98932065322983	10.4933629804597	18.8562700480223	35.3542088116933	20.6409383406532	13.2577398852648	32.1361040274523	58.3854257328106	194.44040765293	397.110780026358	694.715528843292	758.679924318777	754.681437002285	745.531803410718	826.838551838304	7028.91621556968	25521.7517389798	27023.2102786648	2444.45337742984	840.967970758977	822.397047533987	1388.14998903939	7428.42944849838	9999.86782979237	4354.32850071008	3580.87672943932	3454.58530643844	2931.49315600054	2366.05684570767	1878.23733271606	1713.67269241397	1618.13649720574	2613.38247643908
324.958	-30.8775506076304	-17.9261594962109	-19.5557277064782	-15.2359700600499	5.7446047907586	-13.9233054913469	-3.0421715725069	3.92036140236992	-9.70579112396774	4.56346884116937	-12.5297970905641	-3.54202001823641	-19.6642168020513	-19.5491899960984	4.56827693075335	-3.47807537319159	-6.61824815901072	8.12454376947589	-10.6095949629093	-23.3055346829045	-2.20853979783346	-8.32911755281615	0.827971856233204	27.6615472618464	3.80337421050667	23.6633044710714	51.0161306022888	150.253415245981	368.682211626824	646.683813037857	769.253273982893	755.28328210725	729.084434951896	761.650980688171	4687.10157131098	24927.2701015192	26302.9796701451	3367.94274049915	827.222493680235	811.886040575682	946.631261221478	4532.09235409403	9884.70222112517	4664.36554816969	3411.79466009787	3741.51289223692	3522.55456142633	3117.34700045986	2463.34202277146	2068.82413252555	1649.08715849398	1317.80334673456	2475.04195479961
329.496	14.6602936601514	6.07937660768199	9.31304820726366	12.3214053137417	2.75038992374687	12.2768653308786	-1.42851448495845	12.175688927617	11.7555973218455	15.8404388153045	5.46336604675661	6.48659171507097	16.9865954773413	20.994373049659	21.8088091731027	20.5239065949006	19.0780404429039	22.0424955387373	13.3848508503467	18.2393251447441	40.4455533319203	22.4562850325091	39.1707217949035	39.9711368433802	37.534776845293	54.9213646971708	158.677845734575	367.031587485738	628.603043587656	791.564710299809	803.170107788133	760.872769829065	779.570084658348	3430.40389041254	24077.5490557616	25374.8378816363	4596.81252983824	798.324098995082	791.635698472653	830.076893847851	2561.95834025873	8681.28911142983	5068.45562777902	2820.8323628331	3274.59143519094	3493.00675148115	3335.13198735881	2974.75072668608	2376.45226844629	2025.54532879673	1944.61502094383	1790.18884738744	2893.95340393087
334.038	-25.2931679399747	-3.29451195345836	0.852072438594291	-2.80010258170346	-10.7261366856538	-1.26724395463178	4.07342450107938	-4.43672179359062	-8.28171141796053	-4.39781087923986	-4.58201392951613	3.62678165062528	-1.13970495736327	-5.93096537693588	-16.1916826425377	-17.8065339524303	3.38831244018996	3.56527140418611	-12.1671041467883	8.71926198297642	29.8503590474596	15.7776064277486	15.684031349135	13.135534667317	38.1650232680368	107.140150411945	295.511958467045	625.058119528839	777.630408561351	755.601649305929	765.188190501127	741.496276076621	2373.46588942575	23324.0043746394	24174.4494351707	5953.69083344354	785.874390833844	722.919249958726	716.707693562763	1541.02348371626	6727.7176572343	6014.08252909366	2076.05294282456	2567.10138403753	2999.7073869554	3261.8759363976	3074.14632338696	2757.28551763319	2244.31622854119	1855.7924413376	1680.41273131855	1962.67460014851	2420.79567548668
338.584	5.78283451001122	-14.5559592174656	-5.52555572377684	-12.3715377451311	-1.38079025440035	-23.0732719874647	9.32312368035882	-0.843119205437814	0.236068552702465	-5.75866679105347	-1.52377638620345	-18.8152867768495	7.95933100327867	0.739641874276193	-11.1282596886729	12.0802074815617	-3.00481000413783	-4.74261009213381	-6.93641814247086	0.915676798742513	1.35367050788844	10.2102581977863	24.5284474407606	46.6862204733099	91.304757371446	253.061866878712	512.589738093145	765.226834532686	756.578865652921	746.527933392318	737.366393045745	1739.24755733179	22789.2853331002	23226.844342198	8054.64985289706	674.784227253713	704.737421498786	679.475467515352	996.08012871073	4827.91755406494	6862.22554600398	2080.78870391158	1768.6460699934	2422.91748993922	2864.58932291543	3154.12233168714	2969.78911521132	2609.25680728981	2132.99151969571	1933.63813080968	1798.27342566909	1575.6568644564	2566.09755129687
343.133	1.57568988513294	8.91321024399809	-9.34236229285509	17.5434935143639	0	10.4208148286653	11.7029225831156	1.05293220380419	12.7360076359377	10.9588267244199	8.52531980888023	21.3285299737062	11.3600420642601	-2.2168900730086	17.9323404634987	15.2638941450419	19.8886045485609	1.18456485485973	25.5545776715246	24.2431750685115	42.8269090557304	31.0277123538196	35.0688538532191	83.0579708228992	242.220863292654	455.093493258024	696.958577398203	727.854324149171	734.81613974204	733.059305241465	1306.09819489575	20529.9168200069	22814.3164607432	9593.45013478843	637.387734473313	577.971858330313	609.441232338088	685.654270762862	3025.13384395156	6807.1744215548	2730.95468138699	1208.66475499215	1635.34011196129	2243.28111168597	2571.35431997539	2761.32232038244	2635.20581347735	2385.8176906547	1987.85009039462	1759.97198432884	1666.84507282859	1665.91305883204	3543.99839588782
347.685	6.3287230764438	-8.0078296439395	4.6904235716965	-4.00358228125745	-12.8131589511846	7.29291126356678	-0.479638020666754	1.48017750171346	6.63105968064479	9.62847412210918	14.9807681473043	7.25979340508284	6.84410311697117	-2.59702603040644	13.6847202076943	16.0396452264579	18.4633234271846	15.4627790407839	20.0059823982093	20.6686207399899	14.0326655376127	25.6072830060691	71.6994028689341	211.581583055341	416.278101300727	651.729110159429	666.219875745818	688.823965213864	715.945376269903	1108.33628828071	16478.9181312922	22678.1830420587	11756.7153493849	602.946719818201	477.593069231953	555.899685513778	600.340587722119	1746.69608628172	5966.8254289395	3656.93763816751	1008.33203477061	1027.2016111767	1425.17408182616	1949.15460001207	2265.82544024225	2349.07637324728	2233.84835736856	2015.36108161123	1673.01289623007	1594.62159920569	1637.06084480992	1358.17102069621	2290.37393174603
352.24	-9.08928052553243	4.77542076342787	-1.72911990053974	-17.0468362017335	0	-13.5010679469215	-0.243124847176501	0.643106283236419	-6.00220263589131	14.2234627101917	-3.71933235307899	10.3038146290662	8.09485498697884	0.376117899362187	-9.85738749863498	2.5294495603338	-10.3139091306211	2.81362829131555	3.96817027337937	9.31268079906254	12.390475796639	61.0066394785937	177.63339858556	376.100683535474	599.437119084126	654.182707553204	645.116373545259	655.711178236542	903.035122410795	13712.0367448798	23049.3305365034	14405.8458151056	631.659994130754	444.069981576616	468.49472214088	479.276115313263	992.706939067749	4647.12716221559	4642.29185258477	1120.34371576984	800.29610228233	1013.24872527025	1349.0706807509	1768.21956088126	2010.03685409263	2131.55166554005	2026.9165419641	1759.62251982437	1574.92669576487	1420.73026555755	1164.21613965234	1252.42811596298	2283.56681078836
356.799	20.0030112869452	0.96572774558749	16.1726024801117	9.43920468530735	3.54987694621042	5.52561756869705	4.67085103244287	6.50273150629398	1.45658208747021	6.76798634854496	17.2369134618605	-2.60466044921264	10.1338902427119	13.6911387757537	18.82700816984	17.903466728317	11.9738634289526	25.1984276151825	32.5449583410232	20.245394657169	50.1142280465994	153.560025820483	369.663498210698	586.652004250394	639.679530089802	661.473012185619	636.993302662669	816.286741536538	10125.8838319617	23598.3213983578	17296.8638997754	794.921898332287	415.041967402702	450.166167662814	456.273442117076	642.535611364669	3101.23872751818	5165.67962487831	1592.52826380758	723.941151207921	787.949045005793	941.682159269167	1289.99055128294	1624.41377378965	1740.43552945702	1878.19521011986	1790.15387227382	1630.58346313342	1427.8708108532	1328.29270507205	1160.4925938373	1769.79319386341	3259.78616803313
361.361	-11.432128815299	-6.32094809802677	7.92254749671871	-14.0507867792221	-15.7282402351163	-24.2202031145078	1.48527826114472	7.85762371217612	-9.28926751033698	-6.24719513819691	-4.41813524558918	-10.491202396045	26.2961282795487	0.382958074173116	4.08900817495101	-1.47168615249348	0.388943721435059	-11.0499337689162	18.4059770108479	36.5058676932047	162.136548215131	305.294129484647	571.056913122031	582.256222187347	601.084982447235	618.36302138338	732.016158338239	8231.61918693854	24037.3124738311	19055.8691319775	995.735949967859	381.152726141301	396.771385372647	419.409658959276	473.422304383401	1867.4121102704	4957.47646242044	2287.56299618612	700.841080756836	670.389903832685	742.156357951299	853.233746331146	1143.66249577988	1387.21344236049	1500.65476324624	1555.57175080434	1498.15035953468	1318.13388255502	1135.2187135793	1071.63035590832	1067.69068205315	1592.02622912023	566.6201144553
365.926	18.0196265029248	4.38940255330787	15.4519901016754	14.5082089323424	-6.09537471836795	10.8338802658867	14.4015288365871	5.47334426897779	1.96160649426397	8.82974406202761	-3.79853600248496	19.9189817759038	24.8017078206087	-3.07301901799351	-3.35576726765787	13.6546623903545	14.434858127993	-1.23151922529377	40.0764325801053	109.376448317252	276.051920840897	557.658856802054	633.419009602993	581.056455935195	598.48112996403	644.966985064156	6448.96087466126	24149.1064137475	21734.7205227156	1259.94176649078	358.342447000531	393.19696729816	405.942522556819	429.575363232586	1107.09067349276	4166.92957634085	3199.6059739747	812.308550003385	639.931141579481	652.316678134846	731.42187391505	863.780366880168	1034.52968279536	1261.79658979559	1346.98010521082	1340.48234351319	1303.38369375329	1228.70358878313	1140.61817897999	1162.92171725971	1151.06119610965	1302.93286775448	2273.40080432887
370.495	27.6223190350402	10.6425009865018	-9.63378996265912	3.28922709911314	6.04586610995598	1.95379708729175	19.7028344181622	1.95439967763067	4.86418422685404	-1.97761877867564	-3.45370947379078	10.0649852925349	9.37152773856806	0.762014740461753	2.58884160781162	4.75861655071959	17.4133137566795	17.1012299797361	73.2488840986073	238.202038997481	495.088914511249	620.626932779594	579.476180985961	567.476696189009	622.440466923844	5126.77680478929	24088.3272503402	23991.1559423411	1779.99857948219	332.577535327943	334.567948049389	375.11767221746	403.39723123046	675.913740681496	3088.97299178652	3833.82818488173	1096.58959676495	631.755762246501	651.968223025923	694.284301664699	738.936627141965	854.340801021859	1014.08629506789	1131.36865472325	1239.71622159289	1224.29062627423	1159.71512550367	1056.12586507126	1133.27125721962	1039.71583366651	1133.34771434817	1426.31313717327	2138.30091123792
375.067	5.39748116780903	13.498335690799	3.49112705356856	-3.27789497464367	4.25296711505906	2.59608775797567	4.41786459109568	5.84299899828573	-1.21185650553323	1.9708054388004	7.50940509966586	13.3737455501966	7.00443054401791	-7.97358900359701	6.63408634709695	31.7364091058565	8.86947517188915	48.2865518285732	184.716817014133	383.570704450065	516.546753812864	556.465146191161	572.703607327073	579.396863241511	4189.29183429104	24331.7914436281	23980.4952316937	2367.24992722045	296.277418988042	311.91366774355	354.94990410503	367.891572729099	500.54234512908	2104.76240694376	4191.64327222981	1613.75305221937	654.454631087702	642.161486315283	671.804744343461	709.163476679386	782.205732028027	838.113190667613	982.594594152103	1064.91832699045	1150.11941516464	1136.33180103816	1071.09318104956	1113.06208197129	1108.34651876236	983.404325186495	1016.91553840426	1122.98387367712	891.117848443042
379.641	-10.9189275556752	11.6099875993576	-14.2930245169515	-8.68354946182989	0.341413219309971	-1.56303585546776	-2.36433738566627	-5.62866453784549	0.933922287462794	3.25459169784657	6.63111449230765	-13.2410319480434	-4.12346741846579	-4.38919981009446	4.97057011718079	8.08231780576221	50.1502854049902	133.291717803289	297.997553296575	442.857169842026	490.904494689529	509.544639435263	530.363869762243	3307.54568703548	24093.4376544499	23422.0622028963	2676.22884299732	290.047811321583	262.722911491734	335.545108431477	372.68888786618	393.337216855214	1285.21531967921	3747.22464415387	2309.64998660375	691.092767528701	640.199127769844	676.515644279461	682.615846208002	686.678938240706	772.888690628216	827.728033119896	881.049993745027	1052.30941246265	1053.98945425249	1015.00063518491	977.049353220251	989.079719589052	833.902592651692	838.121103716897	963.55354345127	1172.5698809375	1567.56713930379
384.219	-3.61192292549448	9.67811518170909	6.67490284479008	20.3684363259204	-5.42100814617801	8.37611140630315	-0.938532217199635	5.5857965117449	-1.8536190318236	13.9958201926213	6.87973050408907	18.4672912060551	0.372005727718987	22.5048197944542	4.58037742673191	33.4779660746252	98.0620621029161	261.449868091329	391.892785490849	426.901986105308	461.03595622327	506.916613841427	2885.65352633503	24337.9052299634	23947.6946739258	3469.18373178785	278.04364896071	252.541249060401	302.844226954875	345.907289520696	378.014167803645	786.001109675452	3103.1452778899	3048.10303556192	879.291286458137	633.993448331805	669.403617503872	717.249430780972	738.87245279431	764.003592912998	801.720427437675	838.741482067683	911.301789442431	961.159785459023	1050.21067371937	953.562794232101	975.645535532293	854.148454357378	960.909773708817	980.442620828004	952.230870057012	1156.1322123267	2111.2101280322
388.801	28.9300107882613	31.185283709311	3.62950704117167	11.3594098296799	20.3063531334788	8.99663504315487	5.44352978297115	13.9990818900267	6.27146050926608	16.9117494182758	15.9032705509107	12.702281867536	3.23647535134655	17.8951026523445	34.4000801813383	86.6365446566353	201.704684131574	339.732344243019	341.401872137062	415.281543439403	464.508829644735	2158.68565078227	23267.2593196016	24407.6893033673	4005.23311511962	294.933607668406	242.28839110192	287.744032132125	325.747725886058	324.320543334007	519.817947448271	2177.97649575846	3428.01641378065	1187.07818163188	634.199516423395	655.650092618492	697.528838011002	748.039140177661	755.063231760403	833.82285144851	795.139165426676	839.248381374757	855.058481885475	908.684806525432	955.251744644261	927.662115278737	924.455584057685	985.222166629476	845.887383953488	955.077943435791	1113.06971426543	1335.31820995529	2273.58134910233
393.385	-4.77282635200985	-2.98404062424327	10.8048364385264	-5.79708313107485	-1.56698659444829	-4.30432583209901	3.68954927550011	-0.382724744249212	-0.642964429292649	-5.47712800767665	-9.40714215214466	-5.58449587894827	-3.78510133874682	20.1451404742725	61.9222479210134	128.705150597261	241.087114071266	281.306516472204	329.433906133848	388.643474778425	1695.56597812673	20308.3023104739	24113.6993153439	4767.61373787147	270.197837614973	191.686385258084	224.742479249512	280.383888603623	295.913212309514	380.366707718	1371.38105098413	3245.60927548535	1678.68715898401	621.292613709672	600.899911986305	639.177395612596	705.976683287049	733.086942101807	758.951329421306	779.814791530039	792.468157324799	820.675702142913	813.467996398021	885.686667486149	908.554514619955	883.906986071606	846.613337371769	811.501209364366	822.926461284337	874.256858743392	969.248870720768	1319.39727071674	1507.45543170815
397.972	7.85407680895194	-1.65058263371531	25.4003480290676	12.6259084299771	14.5615331426811	1.11107777541993	5.04203927303146	11.6699147687285	16.1819510824218	1.6869369041941	17.1407315226144	25.4387419159963	37.6386344491477	64.6759348707865	122.40394847116	217.946070344648	255.815512247255	265.007922114787	343.652861259993	1055.781843623	17169.5017505744	23474.3383223007	5681.121341864	277.842903951892	207.599960994571	211.441134834493	270.217927279117	300.406664442454	334.235173788287	881.280734856413	2772.55337021273	2213.51729523848	696.865844962442	589.638034134862	629.769790237028	680.481511926307	718.413288345858	747.115767387021	779.181476309922	793.379022970517	816.837959680473	823.349208954876	853.618006234459	857.335280786922	891.643724337367	903.701079342793	857.353009271304	823.115654416926	878.368880149579	909.459608009433	1145.13101266749	1626.70175524493	2387.78318652811
402.562	-11.5489207486489	-4.36407088018426	-6.10522264386393	5.0579347677858	-1.75000361747672	2.67058435019275	1.41388749306473	-1.06856320485912	4.58760426374727	6.48754914663024	1.80247499643387	7.94878628824234	36.1872590186692	89.6795387229035	159.843929488306	197.533766285919	222.784060850916	306.214311913367	728.567912502436	12723.5782937834	23896.0884281769	6755.61170877183	281.571217051391	169.896851886686	194.998811184869	217.010522100321	253.507599719275	293.834854926193	536.411587559047	2101.71877615138	2592.00333113981	858.833898683549	535.871987960052	573.814554854569	626.656187564669	642.570981323564	695.057075782853	718.689899952293	752.770244310365	762.785702095601	759.13138884935	813.96180203859	802.598105977372	833.692463206638	797.282210402513	799.066210956659	828.45064617765	801.345752705151	813.045833317519	1015.42079406313	1039.23700580796	1357.1682604861	1705.8388683527
407.156	4.40494289514833	8.65553707286197	2.8491466357296	-2.67512562446979	3.18165152160254	7.6802706925941	-5.00759331509467	3.70886042057974	-1.78021661742613	2.52747893217124	12.5123682772506	26.6797880025256	83.2052569959581	161.133945824375	176.260654209442	197.379120109921	242.646265347996	529.844415756114	9962.17399866616	24016.3221848877	7441.37419050138	316.185031790813	161.584281967212	189.758483249196	193.702271647212	236.72586191786	280.094452685991	396.390626749913	1413.26202398858	2737.01442015255	1239.01175980403	528.447142365703	548.842793009536	575.585588736747	638.239140757859	679.435181128789	723.397810369442	731.727289594184	764.930772570377	747.470850465063	796.134317743608	767.767651632874	779.056673035529	829.247660025063	797.903721389415	783.768346858417	745.278935318056	781.084957959397	871.783254719355	1000.5190961274	1023.78956712105	1249.74451851454	1644.21950911504
411.752	3.46587372418864	0	2.10164099232958	2.30215574086806	4.26710815298714	7.03274319627332	2.36402875206284	2.77922458698205	2.91812617503743	1.12991904620852	22.603121203129	80.5092780583516	143.053147892556	190.478596221533	186.372047762682	206.423559730592	366.482635180632	7586.083630924	22330.4648480161	8750.34319233586	375.195437266055	178.099977630802	166.588352253163	199.79298784074	236.296112052474	254.612592048201	326.40158936932	937.063331881981	2510.72511167997	1688.95503690327	590.371330613322	536.407160873646	544.007072128578	597.974620099811	630.261280895138	687.31988567267	727.018663636722	740.987916675003	729.871911586724	770.858643973828	740.408924003976	792.433048584353	843.266238411677	789.25149483293	791.173655141051	818.496940548572	769.49320815303	810.754738900644	903.42993262182	878.219329837479	1237.73705794751	1487.58262819441	1632.66928513513
416.352	25.58399316786	14.0912610792126	10.687184467787	3.56060401261964	13.9993131147583	9.48543059459657	13.5726259261064	-0.854806855159621	18.7643365748959	19.5728617515261	61.301615065492	125.902337057944	189.98300270877	221.968943849596	211.674708283435	323.050256477194	5536.33877482786	20084.1741712245	9164.14652311225	481.638496249049	181.893467554537	180.811384263031	209.581178276421	240.81906894503	263.136455929346	292.259933205517	614.123783592031	2054.75913593404	2133.23356553791	727.965541823049	543.513748803602	553.727274740244	570.054781761436	608.149482368677	658.463427429705	689.657589115546	710.33446625763	745.865334449673	754.411671338542	756.630945078057	788.757415510273	779.455285331444	808.371904837351	818.38299592248	827.843814026864	841.593517487882	845.163546495337	832.659100465165	961.640940705918	1060.14924625095	1297.23071532876	1588.19341824153	1346.74672200726
420.954	-9.19112904817694	22.3886800901793	-6.41777246762275	5.39149263340712	12.3446374516027	2.0094371010631	6.07917885641409	9.71527478419269	12.0064942040363	32.6882761697532	91.061999847998	140.609434529823	175.298564629495	181.626023222605	249.900870094176	4264.67124140852	18005.3208983223	9729.43575359067	553.986818575229	166.274832409434	148.0948199952	175.465179477593	188.203717425184	243.435307157333	264.608914084108	406.71417059495	1483.85546032673	2290.16762034627	1001.97891675416	513.072961477115	518.44268532828	543.966843714635	575.058632712662	600.877988722403	636.572594549749	647.303225706213	680.983231732313	709.503340953761	733.460853510572	735.256278901981	714.859773784594	739.391981099919	776.548230123025	816.00716716661	793.218826099034	771.24662479263	811.455189209149	841.611266409275	943.676834372136	1034.63291096775	1209.7102823036	1434.51314613833	2414.11655366011
425.56	0	-7.68763325377026	-0.331380414160303	10.5787689873608	-2.15303918743805	2.21780347982347	8.75969373475704	11.831933306915	29.8158625503804	78.0350558328689	112.859746396561	133.432881532279	200.641733434899	230.373489020967	3132.88956514309	16002.1019919492	9847.7090391752	684.967338613047	166.969235022292	142.065790536648	163.231480120263	190.052825512187	221.896961933056	257.343458227247	322.603725137656	1001.20969787352	2174.34253447943	1316.91710722518	544.574258494404	503.070974060407	530.897474999543	542.958161810802	590.626438968959	603.12644775543	642.248410541402	676.535770806946	681.454668858088	683.680713253822	717.3341738235	699.075486510777	718.716364331443	751.983353261388	738.555858945918	795.339567946608	801.818861339921	779.178394569601	773.067850848087	793.473283827193	886.62494739134	1049.07306856492	1250.09587334875	1264.22540125379	1103.290155243
430.168	0.40208223590842	-16.8788868404106	10.4027795773415	-15.5667866812697	0.528037206523526	-1.45045541321229	6.39928850478261	21.763541442749	50.1937612669383	88.717609261376	99.5281466830074	126.470869938754	213.354542098871	2603.64695405287	14306.8855912127	9905.12171329067	808.671683477978	153.858241628934	126.661740963806	143.56972835785	168.414058512393	223.211417811323	238.060141827384	286.283862753329	684.065473630699	1854.9037625666	1601.20923633011	601.433997699568	502.257068991061	507.217717094262	531.601631091671	564.969795783295	565.454360499926	601.627932569739	630.050876129192	629.197698077127	640.316319350278	658.198853029869	677.024447316971	685.018936720008	705.898984231972	700.366835735464	727.508818884126	729.658518748834	768.713713596266	758.063103477789	784.731712079461	816.759822021172	908.221957292719	925.055820188131	1064.9100548384	976.962072633743	981.318472038398
434.779	24.4669752996169	13.2551067586672	22.05179228463	13.0928085017571	9.21803039406537	16.8805555354136	31.370948883205	55.3209721183053	87.7141114434214	92.4756290592636	123.698728813994	167.846947441288	2289.3926585098	15053.4633152604	11091.5126693113	988.629600209468	147.869669010856	159.512314535362	148.512836677117	183.389255574112	193.477469053428	234.025465251908	271.356626640669	485.241225215473	1502.62359919787	1859.29642050829	776.20773910772	515.667233676366	518.810515289707	548.094254156212	549.338128654537	584.531807938301	604.440424825787	615.762045143777	633.214264508417	644.394980899691	665.894860861897	663.167338451887	674.637782181425	693.065176148205	695.036680313904	718.844632529501	749.506024068371	790.795889704528	781.362772891321	825.526408728642	861.654967703911	912.666723406083	1053.68497200262	1054.05887846182	1375.10968216338	1523.1311580938	1770.68673952609
439.393	11.1560149267015	22.0634692731589	12.2410644277067	13.6106065841556	10.2031742886558	21.5591587925056	50.7291804682207	78.1161492346746	78.0059271586821	101.420431446128	151.284875135301	1327.53370877204	14268.2889100091	13699.880641165	1355.14284401881	152.410498675048	132.367985323446	144.373069392957	178.40954631172	204.723266613813	238.356756452437	261.4865250133	377.243274190674	1112.69465465815	1911.93852306352	1003.04167743411	523.620830916827	511.955068868973	528.817182536887	558.023858273814	566.238516787115	586.938865224242	593.781045327474	620.121044362599	628.708792049742	623.788993591903	631.899631329844	653.594754652241	657.470342741903	678.408837025928	668.55307847211	686.4261977533	754.360537753731	750.058310579199	775.507593552271	856.027303805855	892.284316570961	951.308831963638	1067.83307139698	1185.22415671944	1365.95988949629	1391.26110406638	1816.10498806331
444.01	-9.84820751955539	-15.4810679394979	-1.91096602091342	10.1674023841373	13.967882898961	35.7628710307745	70.7559616701995	64.2824623182721	70.0490786102376	107.466584897237	810.906927998217	10224.0182918104	14065.9282358054	1841.15445172888	142.026238228538	129.922510016188	135.094407432168	147.776652498169	176.394165545913	202.410636250829	236.002301826245	306.350063332849	774.166968131221	1741.78824752392	1278.95672990117	536.893739129418	475.307493712095	492.559089347907	545.298567598669	546.789247520185	557.132287952824	574.35392594028	567.932745161962	614.78806013934	602.831368891436	593.302574798047	580.112695197791	629.20593866201	607.78154349126	656.230288889858	631.641161139623	653.99308703211	703.025019391152	721.54252430153	786.856444936458	819.280055640393	862.846015483051	865.405912739523	993.009969275752	1056.38365688378	1186.27590970683	1215.06466150761	820.033040588482
448.63	22.0404906293046	18.6496729134286	30.6377599883047	24.6569639363756	38.593097175795	67.4190527928782	71.5631701623639	80.7727812933964	102.79172812	593.3946780189	8158.14240118475	13256.3012057275	2324.43542354801	168.376108165547	138.35509859385	131.97302694357	171.00783225961	199.415363292554	213.324002638668	242.461637698028	278.784947905708	543.843044330712	1461.34716702433	1501.57611390448	639.84968619524	471.446124986418	497.495569880074	522.758296873541	548.86446544051	565.493895218283	575.069225186698	590.08149103021	580.827123354221	585.41373698878	601.655641255732	594.03220898296	581.097729273471	600.928510412246	608.19239874056	614.15250719603	638.823835450278	657.524688398108	694.856535636514	733.396216556509	756.450241021945	835.330477410819	913.014836482383	963.385890112854	1093.82945424672	1172.92474568117	1418.22106954952	1355.84421138282	2095.60547496327
453.253	-0.382243968352561	7.85234793021259	17.6157049920475	36.5615920054878	52.4573768994024	55.3854808112068	60.3141033169559	89.3490846945667	421.044741640211	5982.18582655401	11948.4009869052	2942.10647344316	157.908117260396	109.440600218914	121.63093265137	139.502438300935	166.863289922752	199.428952336597	223.487933731555	254.330318651722	398.949430626604	1097.80206803353	1605.41871620103	785.211329670443	459.909634170115	450.938815680573	488.546308086545	510.567345611895	530.200434952157	542.266848442481	537.714798222867	551.277302012331	546.576671637008	546.794989147968	543.468856153082	575.113820119139	554.490398339237	534.967695894009	566.122229252295	585.246332336604	598.661586042605	596.108739374044	651.014495332118	689.876395555917	749.669643802031	787.472450665891	873.927632359031	922.316558653089	1035.28163137393	1071.72825375948	1260.2956506737	1479.34212551416	1824.64531804661
457.878	-0.757126150740077	9.1292073787109	15.9157140030913	51.1531243809731	62.1438138020848	68.2806665994849	81.2510551137487	345.454950586674	5174.89439188102	10469.8568050774	2764.44870719631	151.121294185969	106.714688454591	114.511768666204	131.833537656098	165.53503664166	196.089892420968	206.61553301106	244.124972876995	305.620245951252	794.439351171954	1545.83416419081	1015.30806025933	459.748321826393	444.00988955435	450.676160223243	500.193194796231	524.872940923938	537.349641580448	538.887785283398	545.557227393264	545.708560572627	544.203812716249	535.637507376799	531.295816087045	533.300672067312	522.603904565345	548.446298119422	560.326463752663	556.484896802339	568.992694271847	579.7807253222	599.393497913917	670.927409859481	716.89180227249	773.198192627132	882.34383578165	949.547474922788	1025.31218461383	1081.74840543489	1160.46669043735	1288.84429955303	1603.26914024307
462.506	1.12624386738031	14.4181884439002	44.6183032631664	45.0279508268621	51.5201493664183	74.7097743609668	283.20853021931	4454.46720508023	10603.5646452852	3064.05702311291	164.091349289326	100.770917097912	112.59360057181	124.123055587874	155.346433726594	179.635364557048	191.508628840817	245.820125253955	265.313415354047	520.170237684826	1353.65346565502	1232.82272485475	512.491909960967	414.689655239919	434.213170097925	461.492895848662	475.032830072623	508.06418182065	517.821490014639	533.361664066102	522.426384591265	518.728711515521	508.928366243352	500.374093725195	501.827046620165	501.305112623185	510.910657548509	510.824007042429	515.390743671156	531.107465232327	541.332527420668	558.999364233534	619.909572898531	670.122626792004	689.292534179247	772.665830466674	830.201013897876	912.157828585425	979.569161983034	1052.58026568477	1179.80305116932	1376.44249379464	1266.55838088265
467.137	28.9090887094843	37.4066916700568	39.8543721525888	54.0200447386503	74.2265510286791	236.870681814704	4273.02117266522	9351.88474886464	3490.35585079896	186.754683445521	90.6682859995671	93.6192770061507	108.486331844134	132.44846432563	166.273350320226	201.642966033916	221.373191945599	267.206182493136	382.047195502523	1030.30739609417	1318.58450359579	634.048071757792	406.079339515559	418.065324383695	429.226237194621	468.391995323441	476.850908836656	487.996308079502	515.133404622354	516.768962876266	500.98000065168	500.402401782371	498.582237167963	484.55658465268	487.549201129013	482.026734793505	477.501045732915	482.55302505481	492.983754357602	493.071431179904	524.45730194146	539.020429072927	575.845783870271	631.19942299402	682.337320053225	744.619958341226	812.680158162108	859.975783678163	993.326703750439	1046.40494670752	1204.83012043659	1364.28990879115	2075.15514949322
471.771	37.1491617356849	35.151388104967	41.3358599098999	63.3822151880372	169.061737307531	3915.71323017361	9395.8256056198	4206.77645448459	192.912578514331	94.2027786523912	79.7448054151753	90.8827610860564	117.47367715205	153.694209471937	168.526283663573	207.31994875539	233.881893866895	300.846273358452	700.355883617095	1286.42800064404	793.97946004963	409.267960122133	394.117624850946	404.001096359414	430.042709369279	459.283922244945	464.112464907286	486.882692384314	488.182432764964	494.426505584724	492.872551244321	476.635477079001	457.263420450626	454.593564437743	461.459791541008	451.078141738211	443.281411144407	470.947718759572	477.534039984246	487.542060840839	510.19272991473	513.528207665722	551.482940562514	596.773156541241	638.995245931633	710.068753976458	858.149728511842	907.104733192399	985.779894822349	1009.70871961328	1218.39710424139	1632.20171758697	2402.62066196132
476.407	40.2783820213505	45.1325087759769	58.9137869267189	183.458221404258	2813.81913988285	9625.59380903277	3813.47114184349	231.081390137148	85.8301542534799	70.0970872617134	76.4161209360242	90.2239377669394	118.003814714012	159.445914734168	184.274099839921	204.907127803468	251.932716326834	472.372613907876	1113.0171757556	1000.04495019482	429.941198136295	367.136904574516	374.385370108097	403.618958810405	418.104922622146	431.446554910641	441.292732801958	462.753546858602	481.101226075135	488.139206001084	455.906665272096	448.336464694151	452.674969638923	439.606299759814	428.24887451417	426.422188826114	417.709629279781	433.431716885971	436.113077510363	451.274518609573	473.79575712206	504.675373790157	558.059161790084	570.296456607843	650.606351846842	686.755178459352	794.327013167385	872.223804384632	935.993776994625	1032.01804529887	1162.05069481442	1433.10482452408	8450.38467898747
481.047	23.6916623047189	56.6451175898666	133.200281801411	3163.41589356465	9727.43332343995	4305.65048841498	243.971303571967	73.7996780341846	60.2309972998531	65.9729992321931	79.8687950956165	103.356742362701	123.769112420796	147.688974978025	184.175295698176	222.195936388226	350.775072746266	835.189904094591	1095.58710905281	533.915223638945	361.020297169707	351.589451301627	367.096710849748	392.397296408683	406.758455753186	427.110220567673	434.622446878302	444.179319609076	466.58168839565	457.004156221097	443.033698987176	442.022033783962	409.61160830885	418.76553898521	389.401786972939	401.651056625065	404.796478378821	409.414646792586	414.891931034508	434.006739358079	433.514899614553	470.554639629104	491.575881476156	560.467997497999	638.618253563629	687.899200201332	799.21207046304	765.957914622995	896.857437177033	979.212644981708	1232.7079840845	1871.98872637169	23442.6313101606
485.688	48.9248658993113	142.507374840561	2287.46805765439	9533.09829687018	5257.30672982644	333.881461722342	76.5375455009613	70.7054496185706	65.5805259639077	67.419058599733	91.2231934601277	113.585449211352	146.092197273944	162.324973156709	189.476745641828	272.174701670074	616.406937325873	1047.97003723577	659.079511375745	367.893691010508	347.849559619086	347.168342728194	368.312424532669	404.730125850009	419.057643867268	419.97167797528	428.64450443913	450.346792996567	434.748426205928	433.157779211677	429.476090562188	414.932432932573	408.031744182173	385.128113796247	409.344106795929	398.106318583034	402.80985116585	389.625361481759	404.979611054361	408.197257380427	445.217225397726	448.486381188084	491.515360630256	529.434153003253	628.287846410471	702.70033580894	757.005149778563	819.512808865344	881.587964406578	1004.07322684376	1076.94154207127	7139.54377658371	35014.4633363962
490.333	92.1372043874364	2299.64907568351	8909.9789663429	5087.02038488318	410.294972711563	74.0802837970057	57.691618700742	60.8363988795685	72.0757331683072	86.9668838770919	86.4764412658791	105.188967284018	126.263898910517	161.524181738167	207.968217972703	403.522794321757	908.015387819998	817.17956048833	380.807106539423	328.608144381523	336.726925880822	344.105495740146	364.712092018587	387.070196682888	405.595051612898	415.570580695631	414.489668871409	423.131629449295	434.587223069427	414.442553122506	403.922519051137	384.364219676758	379.418858288254	377.391848661544	372.117562508309	372.389229515978	380.419355455981	370.916590042253	381.946910467932	394.235026065682	432.217569366893	436.845450113413	489.496424063412	542.579694009425	591.841658046503	678.555755223663	709.298901185146	822.71567457033	996.739449746037	992.98211920169	1425.70538336399	19331.5091588969	25392.2762554581
494.979	1709.84695370163	8819.9312856517	5712.33156157005	450.883454186577	83.2810398537174	60.871644826209	60.8312676235948	70.3427221561562	76.8126826803055	90.1805207060984	101.70479170348	121.004498868003	143.879479005247	187.185333124707	298.001758822813	699.333428754148	897.282354575906	448.166178410578	328.541868940421	305.585251638697	330.65969884723	341.038753940755	358.716075464303	373.565398520423	381.154894300862	406.247930059296	410.735117784993	398.251962499719	409.241827504311	396.773054249843	384.937522988047	380.726629830135	371.941143522474	366.411929948113	346.538712672556	362.103112548885	369.569521500927	357.860675950324	389.469197636597	390.566100416565	397.650525092876	434.662686638827	482.118753930687	549.640083152789	595.265668777991	635.271733817518	689.40166787809	825.531815180575	939.485484507217	1021.23383881165	5198.64987072027	28770.0510918665	8395.82099294203
499.629	7963.98335145469	5806.16812302058	506.116849614987	73.7242846120452	63.292304785285	66.9183257911037	65.0019976991603	69.4181856660518	93.4268015839618	105.111379299758	108.8023439088	131.182559591523	147.377403847143	215.447223330242	511.894973133698	864.088292303959	554.313173602389	327.042858272001	314.350300969051	321.525610746418	319.377753067717	349.981149006362	368.095088278672	365.519785865799	378.768498728966	386.507026782986	390.198787090386	389.650813373428	403.929160608248	372.842252852437	359.050329977553	358.636367215865	361.047765544856	341.989764782344	345.924706706329	339.827801650353	332.778831037474	356.124908260485	362.116234611584	374.563832674034	400.239992019462	411.39463480866	452.826336184235	507.904529305694	554.044501874264	623.618337951555	713.295820054923	806.21968632021	942.655286084484	1218.82584889862	15146.7597021615	22258.7621534333	2375.98096432538
504.281	6218.28555571663	597.086685372318	81.2507290341419	53.6227761248899	49.4907050580641	45.3150271535925	64.7379838041806	73.7234996007427	71.7774840530794	89.8357855405705	102.793527475839	118.035862891297	163.280089449949	348.093990095949	756.825540481366	632.924656208883	299.164766127367	262.506677920484	277.742659176901	284.122611563839	298.76875570118	300.251537972812	330.104584607415	310.587203317519	342.293166834655	373.82617524551	351.412654642602	364.37491213626	364.116655312038	348.666192229089	325.858447704661	329.485615576585	319.970977775842	307.825285884148	325.18997770274	313.72977007846	312.042543762958	303.67894422425	321.772111348814	336.11394443638	352.032169060516	384.527780237719	426.312180277996	460.570836786394	522.838620731382	570.631554964992	621.157090961623	782.534215229659	800.537508089149	3628.239662414	23560.3421186807	7872.24874871295	470.459592761837
508.936	708.551225643226	62.7675519146027	43.9317186899569	42.6233924752773	44.2420243313174	50.9631785699539	55.1818135987218	71.1671206652218	77.5909091683607	90.1312426089749	102.896745555637	123.664059577	231.65155260776	589.160536214198	705.455142028214	331.488498921517	251.304684176124	258.438202495218	255.408720708623	267.208303152143	287.599263400361	312.783782048619	311.220103796775	321.411871514798	324.208212578453	323.242029573735	339.608284936521	333.639913118514	337.522867861109	328.741975670506	314.968782926085	306.889840489691	299.975701071354	286.770995072668	282.08703841592	281.889620508157	284.154747361182	300.558969268625	299.374474935804	318.585216981827	325.854709667869	330.685106858306	375.809228396988	412.133607630447	474.227849312368	526.445433273802	664.597544439784	757.180793576489	888.775491162002	11067.8142985791	18743.2950787598	1307.07476645255	832.08664587873
513.593	72.0273539575749	55.325706583855	50.9553800786536	42.9221066210661	48.950536182356	55.8631495380145	75.1672929652914	76.6730779672577	88.9447283201827	88.8552681844958	111.901371753029	160.620839069312	404.783473135284	698.46982211246	417.80951173581	242.179815037937	235.690397665517	237.982178700945	257.189101253367	265.025894812597	284.070810100265	281.52825949119	301.29698897842	328.23819292793	325.515285911782	327.053171395209	317.996109495568	318.745168154976	317.817506230192	317.812762269223	301.4921982266	289.019629104122	295.730038406126	280.006356778708	278.860880588045	270.786816432797	289.255174208901	280.775440372887	274.384747537406	299.270711642458	323.958264780204	343.264691386187	382.517815896611	417.878829159859	480.956548055176	550.965191755651	656.515809909938	724.481890148304	2755.36199608158	18141.9777163598	7691.72169401059	859.325420952751	1008.20359695314
518.252	55.9028065688374	46.4096264906803	44.908158164806	54.678800997127	61.4142515933003	58.8179531574715	69.0913422420601	83.1894952599596	84.3199536422054	98.1347664814061	119.656047439131	277.473144294147	633.230051485847	524.34334998315	250.323790433133	215.54920121067	228.377239201766	225.756949633666	248.23070661793	241.866016423793	270.667006152386	261.283032925161	281.065549318588	291.437409967619	288.677527586468	303.03256533847	300.687415523578	299.474455023597	303.884727977242	287.329731415845	269.677287190302	270.597473709599	269.638266221778	258.843634521204	245.421214636104	244.521430823612	264.152597161387	251.228522774056	280.192139548897	295.702164298179	301.57919799273	329.536029849577	357.164511057249	406.690760653978	463.819584389538	550.344976272301	644.036528042393	797.302478683565	8434.44395151456	16075.8163129709	1579.9707362221	688.223172647586	913.173999052841
522.914	42.0389331841793	56.0032723700894	60.488596203614	53.8191292939466	69.9456177852514	79.0376996478248	74.1965850138922	85.2756271897941	87.6678379477291	102.580150823469	181.122510138851	465.889260794834	578.682119207895	275.680330131351	194.128835565609	203.939094663804	213.300880592485	225.244280046203	222.105175479114	231.458237792834	256.55192253196	260.048061528221	271.688967833672	278.637252010077	278.569017467513	284.116518250173	283.041700232735	285.919885047076	275.035732604146	277.478889568712	265.40932102116	250.41615596248	246.304443995047	252.545790692403	235.631000923675	256.31060243075	240.534544668493	234.076727831785	251.026669636341	280.851116231854	297.608298319923	300.51288583224	334.402120480019	385.186326095245	449.96897017042	591.914913082082	644.450313881118	1896.17284769473	14338.7131391846	7253.19804771345	852.776638109416	813.796238447348	2455.03157903106
527.579	55.5716656501703	38.1804567174291	59.0428358411939	57.329557332276	63.1556519653896	64.8947689865391	78.8871990914157	83.2680285550173	95.1778390041528	133.415975612026	330.822076508641	554.601239497191	342.348285709267	185.941417265985	196.786280168883	197.419508188943	209.717647815665	202.191951294971	215.621508249054	231.126224020132	232.373201520357	254.258104467492	251.60387125641	259.185963623675	256.164604832529	261.567353027038	263.087983654569	256.750992372678	256.458597963683	262.341514777161	238.674382592009	246.231623271839	242.324944307081	246.473597553861	218.369160522598	237.292107110368	222.793040622246	244.819375257951	227.036308309375	251.464176639951	281.724097990837	293.70975946913	339.650194258324	357.459556047852	459.898932176893	551.982181785835	658.561250647517	6460.57357679254	13305.6993968383	1600.84317807833	737.169793425755	808.536742894183	3439.2779131304
532.245	44.1989008231963	45.844087562817	63.4011297259792	60.0698669597586	62.491462427152	69.4341367807172	79.4208669720142	81.7460402321252	108.519937833925	212.143634344093	487.646310470679	433.741986452408	186.310350484797	171.5099425598	175.242628798088	181.879659746832	185.65055967958	204.993134046566	207.520826709552	216.675267895261	229.147558912192	229.892873860201	236.271306593625	226.854619225606	240.512707334723	237.395971009011	253.150392585568	246.347567861848	249.839980064292	244.404357589718	229.255323931965	216.745498379185	224.161596866367	215.100563783717	224.773157573365	207.686535148844	212.463632252008	225.886224023977	222.311732041927	257.49095986907	260.493150149629	285.512337898267	287.027250545701	335.004913148279	484.240662681768	528.513366403575	1357.11797674248	11625.8217191987	6533.17634808521	733.000087141934	619.2645556168	1576.55713390866	2648.17270125206
536.915	25.8795474500057	30.8195626587183	42.1382713292028	54.0260583389092	44.8432855863706	51.6488110653508	63.0899590537378	72.2009345595999	138.807422839861	355.106590275602	457.363877998418	222.404357753262	135.011603985517	142.103217930052	141.863117255095	163.488286842894	176.681700304018	188.341079576606	168.360311586867	190.636304029671	195.594695496832	195.174962886016	209.342176324289	221.760988695749	218.094545392115	216.665602070019	225.499608078929	224.336464529412	217.28520658707	206.465016179354	202.995015257997	200.538259892185	189.868127848881	189.445017491929	189.763590502448	183.877835097865	179.664427026391	193.027180806194	193.461419763744	205.632673709474	207.615705223675	239.658322419398	253.481367080852	329.692164071793	436.815525453162	523.778088393421	4862.5873626354	11558.1308571269	1519.44484569362	577.633304998979	519.002809813692	1731.0057939738	915.94354189083
541.586	61.0717581677408	54.8717616193238	58.1943555603351	68.9898278994531	75.9063142402396	67.7533980755651	77.3616553276294	120.244716202681	268.852945484294	466.656512684378	295.659588426314	159.378594648205	151.484490977861	148.065241987877	171.028246120623	165.100280741756	182.585134928919	191.301016337294	191.857295882007	195.335168211929	207.177626832951	208.571411588849	228.389515077702	220.882612464305	226.751961893201	218.866345177253	232.952625030153	220.989086320413	224.359027449703	219.934135143487	209.802731032206	204.315576094606	195.810552391375	196.99837528828	194.851937925699	194.95654640878	213.422930347743	209.658032301703	224.744222712271	238.635878339918	235.563119601477	269.629088522009	298.564754261148	401.256353626509	459.737451431142	1050.1783327427	9568.5628825362	6170.6004876727	678.263097062307	603.729232334102	1114.36013999769	2369.49339099586	1591.75838678326
546.26	34.0253450858472	42.1541520440029	41.4125675637341	64.157211778664	55.4946622754846	64.6703433764107	93.9976070021307	191.723827070957	385.751604431898	352.676184168901	157.583796601118	116.086023526477	128.456990623837	135.120831537515	141.151506211729	156.025774387385	158.928622736607	175.480298647071	178.611122806044	173.333547424604	194.381027055976	181.49199250186	193.071164809705	192.949672174636	203.606684373541	203.978849158563	212.691745495319	212.865832624347	200.571795312579	205.576371701374	180.953303288876	185.520960237305	181.834313999236	177.042863509246	177.327977513343	176.138724814822	186.157964080352	190.160356582746	206.899031317106	214.98499229579	226.476214199582	226.342857964483	313.140020608331	382.123525174731	475.953148445079	3722.65185038489	10071.1242373792	1551.04703426668	524.60333291116	564.727347129043	1604.61869220445	1953.58359988186	801.005687776268
550.936	49.0254934394283	47.7385685153502	60.4993769687675	57.3638254104404	63.1728518240601	81.3344704312247	139.792909152311	310.806803752945	401.064114782589	190.737717422913	116.458177838936	128.121239098176	133.40842041089	136.136020677206	148.756274241476	149.475143996828	154.855490883765	159.063421900482	176.609340525416	182.982401843788	186.033557933468	195.682314274408	186.515515693265	184.062004971115	189.063315038575	189.886160949289	197.063037419721	200.687374913324	190.664784042587	183.281495714055	181.552147365784	177.543747386847	175.012740104961	175.504449069039	171.09221701381	178.031791111832	174.030888425915	195.089865331107	200.410282038276	201.588320250333	215.204455870836	238.352792818063	324.142574685167	387.599327880353	758.14154104643	7599.69461107087	5769.94661497892	595.708407195397	631.643638304292	592.377257851744	2063.53700040784	1029.71705940866	238.138170376289
555.615	25.1020437302783	31.3223856036924	31.0397375277461	45.6774325793748	52.5992492924031	90.5521108860095	247.762335539401	376.52878948229	233.893009186029	96.4700428363568	99.2936111299014	89.433916971611	98.471620632004	118.415465793469	126.033980439904	137.217738106324	136.618300801579	141.533237608796	138.509247454694	146.276884352154	151.134001694469	163.106104648961	168.67180490293	162.474198532885	162.874076322416	164.965975597146	178.006216466707	162.449050821241	162.884786969418	157.106385581785	146.519024133468	156.74932376727	156.561368752367	153.038436016081	149.144753035614	144.914249718709	139.968582044952	164.457533539056	139.282562578865	172.171465064262	179.979441163349	206.073804368104	295.434307226852	353.206416856893	2887.42891695762	8569.85800790018	1541.97969902233	473.322644754018	462.657773368295	982.717789616638	1792.89450382143	257.802873082396	-39.747296892636
560.296	31.1421996748482	53.3122402194697	46.1610045707565	54.317680926739	68.4062781047115	175.421563616837	339.867225606128	301.749770714961	123.860546807601	95.3391980554599	103.590562889561	108.702371141458	114.933768509358	122.316841326375	116.704715248033	140.064864126098	128.201855572074	141.307773775333	144.610005796583	145.293654775834	151.786103180275	162.609790200843	143.452810945997	168.95134416727	150.698924863817	156.355054793585	157.77288215518	167.856222858719	164.370305589933	156.75298660623	145.621044669917	150.802568057999	150.031269400921	149.50220158323	141.360982142689	153.561377706682	157.803976529491	166.447487675657	164.826615365103	176.868719331873	190.734041124261	239.313878903715	336.087074259048	628.244838428114	6257.0412023132	5251.03552853684	540.503252912525	459.762114577279	563.097660924996	1577.32178083513	1299.66006079532	512.436375478817	785.069644904189
564.979	38.9067769952086	43.1035146696116	38.4131718468089	54.2424372671492	110.786821150825	276.877851225472	325.768774702632	156.293367048714	88.1944544920783	83.9102371217388	89.7832688696201	89.8621412656623	93.8599573860673	111.057471952624	103.458081009961	117.063176627891	129.632114651563	132.746173532038	127.103156591585	138.792388979442	131.007365419833	137.443806153745	142.346582361842	158.535527675821	149.024662565618	151.591498608238	148.87306176159	143.259742209411	147.958883754641	144.646841213773	143.596597842127	141.888770624942	145.419676297672	140.536512191218	129.750568239355	124.59952818651	131.781092670463	152.130651592464	159.179175977768	164.688661103251	188.979006355322	253.621819914637	325.736769273739	2564.32698283397	7579.14931688835	1644.26282659529	462.238489594625	478.627527122607	732.442404943484	1710.40875813152	664.390897461005	190.504968692585	-67.1348612514838
569.664	44.8437879374107	43.7552065634055	61.2401037762061	94.6884994568787	193.500336550673	332.824563482469	199.974649592324	90.5030182672955	81.2244210871654	84.9168062743807	101.799208487606	96.2251635489594	100.794870387757	115.315583684714	115.793804047773	119.70177330245	121.9642308698	137.116205601988	136.73358767463	142.104346181613	141.991871218036	143.632804365078	149.45010875592	146.19093976612	152.342164087365	139.704004938333	143.557369788772	147.23040706352	149.040554810467	147.800763924336	141.535703093556	142.14929330066	142.559138170041	139.697730064531	146.449336943233	138.323557418391	133.973609741943	149.989257778864	164.454230069033	172.469878312601	224.687873988429	292.996348118181	416.54710006118	5746.67346633223	4853.27764952828	484.007751345071	467.381442727343	476.840114934892	1220.76720866365	1422.87572194914	547.037500809724	515.382335129317	351.653425015795
574.351	35.7262518160722	35.9829300072971	68.2177054718245	139.931423369288	297.728005442946	237.874877395924	93.3258858398648	71.011131055051	67.2428143291239	73.7491667251987	74.2493503492029	83.1852145242131	85.2175772152559	96.5184233917551	91.6118779522129	99.6640943235675	108.345642096161	101.4322479913	120.666727520035	92.3480948557313	116.132354970181	125.486546869051	125.048042246368	114.283278964892	116.569561739428	118.509497566232	131.600139258224	137.234082062392	123.302914202406	108.099865959617	118.172404237051	121.692146003154	104.471545024391	114.543891616102	116.490925201876	123.648516020694	124.274325599252	105.662133353213	125.43383748308	153.309427402984	216.776910790553	253.412442698871	1684.21599306895	7008.2568631811	1570.28248116507	358.277948350818	399.343122035221	558.768353993858	1474.7777874783	746.307491340222	402.053724733831	60.8273131206432	-68.2049320688049
579.04	34.8973846735582	58.2279455375528	97.9767665739819	255.308335069833	291.594743400842	137.41558613265	73.9377285835138	75.6480091604351	71.1199755346659	79.4139085702164	72.0277178067168	79.9748688232068	77.4138580996301	96.0383969289554	103.434653287166	99.2653458129137	99.4573913514021	115.030360334846	112.89817156506	117.893627121534	118.823495407801	130.340139910368	141.906832876813	122.481679102774	127.538547816161	126.464316131275	131.698586957511	117.91536427126	120.364706541351	110.673037875897	125.831073758307	107.241512205725	124.843967302286	113.675859075646	124.288220229365	117.056570273505	119.138987528526	138.729689168443	140.160624588976	166.960508564929	224.28578997096	343.641873806211	4285.38486587395	4600.95270659019	429.415705042195	381.084465005562	471.141172336315	888.735338123472	1384.86708226341	483.285027794155	429.36180886447	530.055615927113	894.645578629072
583.732	25.8584507951111	66.5297767313727	169.750526944138	292.103505998811	175.622670667409	69.1484118839751	55.2824157920493	56.7903670760053	65.1636801135245	68.0454321020216	68.0149587566662	78.628289897593	76.5190528659842	93.6677764020966	83.5419178182481	86.8599011259387	96.7862730255184	96.618441822798	106.301984035187	119.321907743852	105.341246513768	103.379183433037	118.289627087486	99.2150203681973	115.235563611731	89.0095402794152	107.400953813982	109.689527343167	100.766093804468	112.456346143966	113.894572016643	106.072968427971	99.9262895611052	101.571852449715	112.067348553937	108.561614774669	110.7765419985	130.289182433017	132.287111135869	184.123292317327	214.53779272594	1183.47423958776	5893.01192739588	1525.66756414499	310.780729315552	390.349986301778	485.000573101413	1160.81603417824	1035.74617348167	356.304781363141	271.189589221038	364.99540981747	637.194041879557
588.426	50.8191666201151	140.327349948807	262.522319589341	225.5791337166	90.9377285480848	50.8453198038581	57.3308477577288	58.4823748406729	60.9697404232831	62.1225386586675	70.8385972631791	64.3476521226888	79.4298560621948	80.5047813838457	86.3557623025672	97.0075116861781	98.9471773949923	93.0325708526272	104.929424462683	109.124659387914	98.2249672383339	88.8423592133266	100.174057019709	120.879323513149	117.26192427504	102.56705546042	109.601633557616	109.706670575901	112.204656170502	111.146477956961	100.337233679498	104.486297926246	97.7475989649415	105.662213953285	99.2745395632238	100.126704239913	113.560718779045	116.892210636857	146.37025267648	202.750035014453	234.113587834064	3343.44814011474	4207.60950161086	378.855884929999	320.684141045892	413.69027584637	664.519287398027	1305.01751227255	633.160190052834	386.561463753512	395.397660802533	417.670987810535	13.9233076073635
593.121	94.739282509985	210.325443687092	237.988132542161	119.273173762915	50.432405893777	48.5212979457985	53.7174274453778	52.2096998564501	54.7971805873185	59.3828785020491	58.7625077598778	60.9128744987608	69.4272500145997	61.1606506094171	80.9309951059615	75.0958738494008	70.7516357422895	76.4984122392865	86.4855002210473	92.0147063115111	90.6852682787657	80.4528442379353	88.7573323204355	97.491025010914	94.2212878349134	98.8786091961733	94.1382422835322	100.082379131835	102.340012057739	94.3507393481899	88.2343622277158	86.5253514109262	83.8935827564836	92.6756901248371	92.9101989636162	88.5764681386486	99.1872507525127	108.388596146611	160.217789391224	195.069535097106	809.170455633999	4881.06720765929	1545.66225428929	258.426120307068	335.770880392865	352.975029299742	890.458946990833	1053.39443145831	449.984806260818	325.650743966397	301.042449507405	204.207959174233	0
597.819	139.63483010522	239.974663758737	156.024714847039	51.8092043797975	36.8298070264163	41.9760928469254	40.1305434248509	37.742956511159	45.7938512889054	55.0364761562184	45.9301948932331	59.3917146105659	60.515514316765	58.2196558819737	61.8690178644807	64.9467232992601	71.1797453903647	69.294652533581	63.0733035338748	67.9768404899778	82.144260228741	89.1923254118303	82.9838345173999	84.3312681979524	85.2253039795335	86.7957190615335	76.3773076437264	82.1547411499816	89.9858404594576	81.2834770472767	87.4191960854681	73.5738430819949	77.3224013554297	77.6970496600985	90.021099264974	89.1124337061545	81.2371952124477	112.430915890752	155.124895739648	177.994074868533	2550.60682697272	3793.41917032032	287.265987054239	250.011538160741	301.632522691204	412.883751833519	1088.60097379538	687.803994426746	290.232793083514	208.83457723419	311.949941839514	79.8947321676459	647.571563613435
602.519	229.675736925136	192.074160272318	71.5931607211274	53.1160980851755	50.8762040349308	42.5432107954483	46.737028163257	50.560409314377	49.3484868410825	57.1180446436105	57.7487625741326	61.2182518562091	54.4354159405978	69.8001126375233	67.4833251642307	83.6239583719938	72.8681330575605	75.1878391135736	85.083764597351	83.3140962667839	98.0574200181671	107.486932142036	92.5392472522413	103.161958744559	96.9961586878287	86.6248810800125	102.169140260928	80.290450224446	84.2935663884663	88.5191232653748	86.47371981059	84.2010896295832	85.8868260797884	86.6968690111217	77.6837159348717	90.7282735126037	102.504645278886	130.037276080916	173.593955689295	601.80330442697	4159.56764908854	1587.65270883144	224.585942519675	255.325936418075	314.415276999447	660.674867072102	1078.64318279625	446.976762548317	362.489292397929	345.640133035645	262.507284026236	310.584009697071	297.950731361494
607.221	208.613736264953	81.9407822914633	28.3797402646474	38.4555338892883	29.8583432737479	34.5336076967116	33.7367246335475	33.7446229415333	45.8533675299384	42.4449431553049	43.4712589295813	52.9856103025002	48.8876685417982	53.5942250496464	55.291036246447	71.7084353793589	65.5462724890875	56.9748131522655	64.4710120538303	89.9715313133874	84.9056374313919	96.1910976638203	89.5239844499379	90.7318675872259	99.0507926731973	97.1504321150456	86.4272167088134	79.6086148241078	81.4051769417131	76.0035750925173	62.2852346393576	64.9541030817575	78.3557511279172	70.2656864167423	66.9781127458755	75.21046089323	96.2742988750174	129.144638836578	165.006514959098	2017.41258052748	3649.60757320574	306.563202004847	148.776352372081	197.873700686276	264.049158847458	803.725621290359	794.348425463912	323.429752614808	242.899204021116	278.618145029977	280.27639711912	81.248545435857	128.845690375952
611.924	137.727703254689	33.8106959429763	43.6299313208729	45.5507339793314	16.3948154211705	46.7294591748384	38.6390476928932	40.0431092474646	39.0606088851308	49.9950184098892	40.6207187203121	52.940493572834	46.4541346262606	45.0438744581061	50.8726553459739	64.2324665955467	70.7797879031705	74.4763531285751	77.3781467883755	82.4189727223847	109.917274896741	98.4191355657342	118.892716706171	122.975062683067	110.41970292207	90.5614490020116	91.8203532397124	88.0418809512836	92.673542841664	85.4156174324806	67.8702296567852	77.7532499472703	77.7111302125472	57.8354302481422	86.8157938813155	67.2196368045602	112.304910542348	148.118293622642	403.849169700347	3541.75418548829	1707.06841953487	131.55280864119	159.656271500015	224.818498015586	405.848685922693	916.638037230699	505.126618925759	300.550703715874	283.729640543675	253.756430156514	226.997973783019	70.3109218112606	86.72266683805
616.63	41.5346095550548	39.2793934969046	31.9349489713089	32.7664761134467	32.3530309862555	30.6025925491642	29.0708929938954	32.4895689061485	39.1303553982285	44.8174344714633	39.6572320033728	36.1542278188909	42.56838316296	47.2647451524685	62.005798203043	46.784961820406	53.2402395427379	65.2045136741379	79.5839536027246	81.2100127152185	108.346600111225	99.1867956651382	113.011605020051	101.824146686433	99.0109719858758	93.0338313156841	82.4639022198216	75.5262859109613	71.3546239723738	70.2269629649531	70.8677291776492	52.879677321542	66.4233924986271	75.7649677287943	60.0153342589529	64.1929507275603	112.892819194746	137.464519941247	1537.14836691352	3307.21598733779	358.28671812955	109.7865346611	136.793233592343	212.361641583919	564.598311189145	775.712758518401	331.611414331273	257.059342238172	304.192742275894	177.023985285921	72.3172191781995	94.7930047334739	-73.0745483445839
621.338	36.5252440844643	34.4557756655211	26.5446888473558	37.6966191783313	30.9899305838458	26.8947718606888	40.122717479844	32.908950152351	43.6758659854077	42.6001151467423	39.2545696230073	53.1031628933179	40.2393744719185	62.9365640859115	53.5246660670851	68.2316109081311	46.9139557043342	57.6942886329957	68.701522565074	89.7100249254585	107.082952554951	119.227097871031	115.548723460958	94.9500845709318	72.7933702952216	81.3796894484661	81.0765409680691	67.7253716490022	63.8275549417178	65.3553054198268	74.5289636469886	70.4952995968641	74.3510074754204	72.0041511063605	64.6990332653686	101.801778161961	119.467225366557	296.573593925674	2918.93842152658	1668.17006547312	122.772976704975	117.075325700823	163.209240255747	277.249495148093	674.452213398133	551.287901640041	345.737022434235	256.772728852481	265.895288621557	174.40322815691	301.044465080673	191.073053951185	-220.943156473855
626.047	17.4025438300167	11.8425296716621	18.7601369592629	32.0831889740961	30.4720106477529	26.1571842437528	14.3194322096359	30.2354019017522	22.1411648667529	33.9326419572062	26.9020034677754	26.5219721045947	30.1712992236134	31.7711810660853	40.4591693621616	46.4856525080736	43.5170784701939	47.6587857092006	52.6200638328197	73.6135477846489	82.8634479563933	94.8914942375328	94.9953381953864	77.7886572196152	84.518152171083	76.5068630213053	72.1749416177485	72.4682119762199	60.9428199702872	58.78084964737	63.560359375038	62.632991968658	56.6595214572187	45.7289024406616	63.1950398694331	98.939369058654	110.819128518543	1149.41820994523	3023.50773456214	369.228220139549	100.364731249094	94.56179059624	138.68148644786	368.929805159455	682.991102585326	345.837127802982	228.83145145422	205.76790010352	220.044813770354	93.1008024097457	102.380523404445	48.2280585388035	148.713234912986
630.758	25.9651389493229	37.4050309888135	23.0246165383513	25.115392204638	14.2995360853639	28.4521868108652	28.1844417111934	27.2016274343906	29.3368593287575	31.4569078404413	29.1328762043478	44.677625066574	44.6858341439148	46.5478326566689	38.3196239880409	48.9657557808129	51.7635454923641	61.7082356081062	69.4164217120045	67.8384695203006	89.5038964225902	97.9431817670468	115.554554864231	109.942257108835	82.9490126777017	76.4251859513023	67.9082176855747	72.6551640894599	63.954559147868	59.7028507281575	57.0403506918122	65.3193494044264	61.0466007811795	66.9591811933445	69.7077443981449	120.713267189424	180.647549430513	2361.10904361446	1638.01490867375	118.982341524476	91.4709605206037	125.092795187294	144.82473553215	512.574032617478	508.257706224619	283.750931812405	234.227093288343	279.651293148703	243.163979267853	77.7346602321264	190.789686536074	194.982343719048	45.0927156782269
635.471	42.622983951607	13.9461797417238	29.0018655100152	17.2993644563729	29.9271854705569	19.790434350014	27.4414637885046	32.6558278360381	30.5097333028024	36.9816543275686	29.6013148938864	40.3735275444617	40.4653508349484	42.1554992464844	46.6825929206609	54.7609663014129	62.7140376420928	59.9614845995221	78.9978984102878	96.2914892868909	94.1758303850621	109.28230814708	127.305665593412	134.456428509669	105.418453939173	102.78411502034	83.6697355631928	77.6775292969533	61.1790193578053	71.0199052826573	58.6397191188424	69.3006661739956	64.7378065633657	59.4125628583778	91.9041531169753	116.09664939794	826.213102221611	2687.85701568755	423.200792097074	95.3442105931419	95.2315368657118	108.113526379913	212.130266334772	555.279838317268	347.464151166878	230.40214209027	205.412126317719	251.014755210036	195.726758952804	253.547734699223	97.7569521612787	245.600255706682	605.854925587943
640.186	30.4415229832389	31.7208066898585	36.2346672053544	20.8622501365988	34.1474780238398	27.9617798160807	25.7624663716462	22.8848758295435	26.7696720682579	32.4194610696231	30.6370572910584	25.3170180960057	40.8458436472899	37.7729598206686	41.2845349045862	54.0061329962645	72.1956002268063	62.9342652606381	84.375517549418	100.890106008002	114.673903460118	132.410446168708	138.427468400257	139.31889898191	118.114480801892	99.9386788126693	74.2460663279136	74.5429040235033	63.6737557939629	64.6842886871801	63.4027957666338	52.0000717124026	53.7066668250873	78.3678450596813	92.3860406895559	145.065473944797	1883.74456170716	1580.61346788659	97.2529723855383	103.311900359912	93.2213324234059	97.4368362910718	336.805632522083	475.051567804557	247.857120892944	160.254572024106	238.446630028296	196.916850605198	266.446680763957	119.782678419642	163.232941022509	202.999125161218	-212.445771083806
644.903	36.776178403989	38.1943570494712	17.6328638503725	27.5931310609427	25.2714579996847	35.4801526129396	25.8623834742659	29.3187309875566	30.9160556846313	29.8901105323361	32.2266123048969	42.0885150385324	42.8540763376337	34.895510115269	49.3483151910397	51.7331085075008	64.4658260821696	76.191160486644	101.913846412617	113.587913306625	153.789187603115	169.221059355149	152.393295195354	149.571990640603	122.308482222689	102.002321464867	103.557639051036	89.2672748192176	83.6615210943384	70.7762175793749	69.4221699538246	64.3471465210061	76.582772061849	81.0784941279037	116.958876943008	608.371899673733	2392.74435883062	483.663532889455	104.584881576984	99.1018990536493	94.2865125599122	127.254121443425	433.079622873539	343.286108253295	224.634445645818	255.305969629571	235.166943730793	247.158914980398	221.043340054523	246.480348938641	293.874615734218	223.983998667108	644.61975632192
649.621	24.7199406491089	20.5295530771319	19.9862794513799	13.1688081623827	25.344411865041	13.0370946605787	17.5513826357837	16.8665094613814	20.058564589905	23.3004532466251	20.3638900138224	16.417033222876	29.3906786263635	39.6606051244703	34.9439547547761	50.706784203113	71.575352991625	65.8585301304197	83.3289084597386	129.925724208958	151.499294616156	166.703063806319	162.923389233343	149.324346835805	122.116685815122	104.069354495791	88.7479436793978	68.8156958102687	67.7545330750762	61.5240592135437	61.7534106395546	54.828633588547	71.9471672265447	92.0442273293859	110.982424056617	1516.82098660778	1526.27027100554	92.4854519477324	72.9445381891059	59.714093246216	91.5808264096361	194.553485013735	442.959304722216	191.23479263202	179.251918399083	159.269792543116	143.097467287718	174.000108398531	116.692405517268	144.050120950755	-10.0461057183737	50.4787859838015	-108.957412964572
654.341	22.9017483313875	25.1753968700361	30.2669564411933	10.3643220612935	16.4838932285514	7.14936228439922	12.0161489816587	19.0708461109274	18.3923956747793	17.6892978990176	20.4248293673559	26.0689275455528	24.4492314458303	33.7703224963174	53.229947719651	52.9825301677447	73.9455608258195	86.4159478276333	105.324764329073	164.545769915766	192.787603093712	196.022258102261	196.631125338315	164.337469005148	137.032902179143	107.584086655586	85.4483626722476	87.2778488266641	65.3974122455726	74.117865931954	63.3183538461442	56.5879462679584	94.1584370340518	103.755770857539	428.218109353908	2068.58419065942	534.015304457484	62.3609961779251	75.6790342069335	64.0578683887445	74.311276469371	276.900464215234	328.539796726222	174.286228807637	161.003675854159	172.122486153872	146.350397074493	184.116400584594	174.638402148484	174.253881046808	37.4077770164386	25.6313589167327	237.106100590154
659.063	23.9826533518493	24.1971581337959	34.8305022038603	26.6344954010869	19.8304251800323	20.2934230537384	24.4364210890227	26.7101078339243	20.3420023720739	26.6413290790662	22.9137743950316	28.7336464322839	36.1818781035134	53.4248112627545	38.8178000810912	68.136014248911	87.5772901581043	115.188908109996	135.14408443499	185.655937638737	208.513620978922	214.203781817734	185.066246807273	170.563530135097	144.093853589909	133.377808717998	109.124139833684	93.336638056296	85.9506129946879	91.4192022939278	80.3484038922717	86.969177347076	96.8002209421484	122.538006556052	1213.39592542868	1486.41084495693	113.713115745416	88.1932218093762	94.08228876059	93.8806079821687	128.265393058565	364.191259808307	222.14893972923	153.783344543593	192.343157704802	166.592742361678	219.2937186371	219.309301405633	183.969473018307	151.856594712035	164.607124753433	180.928860593474	1211.44370500238
663.787	16.2152635803035	32.1841879774117	15.6593776945783	23.5930731516149	24.2524158888308	25.9974643507419	27.0361098684015	22.0324226667546	21.2373766476282	24.669786287104	26.6332913114426	32.861455597191	43.8393869790022	53.5490329511535	64.2813926182708	66.3629071631897	94.2905312733349	112.42106408628	136.318494134711	202.411577269171	202.579937249293	203.391647787455	196.025587558373	164.562221279458	137.150120454036	109.381037398166	108.439702422363	99.1079573209909	99.8492667195833	90.2103246069639	74.3619532336962	86.0366197783047	96.6102534335747	328.854616328891	1832.37423085643	570.489527680686	73.4562829720713	75.8333121609881	65.9319423937339	71.6277467414646	187.434437679808	334.58900481431	139.074424572262	135.594121728028	162.43632277978	168.071606994659	200.269760848883	217.365628895419	151.49613365567	79.2056494041809	233.023776193337	163.835445723293	0
668.512	21.3326587898735	15.8103976632253	19.8164301440816	8.95848124395342	28.6113272656397	15.2817609773923	11.970819496043	17.6522380411904	26.496013714076	13.9686268844561	28.1536082068646	24.0545520495172	21.2701071668649	37.0380858623389	42.7704376767534	74.2352016504021	89.8267834788415	101.342514214888	133.623409551377	152.185051018648	158.167334629282	172.632432895502	159.924582983112	143.551901315859	130.489088033491	117.069942107143	94.8106302047243	96.9889319546781	72.8273974418317	75.4374980156762	72.1235581542381	94.1826928908881	113.42084016232	956.899057324379	1419.45744145	105.574938204729	76.9817722394419	56.0385730998038	76.3426691733134	88.9025929864018	267.338322250925	227.482093866197	100.90330360421	123.16522511083	159.200436906943	145.296105361437	192.249832635051	131.167205815984	70.7059949327709	88.6827734921947	189.253887937351	211.321387689991	-146.614125208644
673.238	30.1369053801249	18.7604654061533	28.4269310414706	18.0248630786961	23.0868715740085	25.2569435101746	20.9712758304927	22.3354888238906	25.6303649753596	29.0582279350333	33.0877996854183	21.9994679954852	40.4919808530103	36.9399220988977	59.8650606403104	87.9522545543929	98.523677187062	116.370396321252	128.779883829675	147.534219782064	195.176576189549	170.715949796539	163.826278211873	133.745244905731	120.813429085019	111.541752076733	98.9382065848748	77.9296102747531	86.119664111043	71.1287183576807	86.0643547420583	100.083488296928	243.738586933135	1541.55096566727	637.831421961008	84.3334430020749	81.5410453648386	70.1743862909062	65.5934220132405	141.241178181828	308.17977766498	156.314123424642	99.8191199540779	170.372067265567	169.18223576451	188.318615908313	198.750362626946	170.391243878292	172.979616110613	202.968320404535	215.074278839201	372.039534728354	1196.36515141125
677.967	31.2778995482996	38.2069767192792	23.4289998219595	25.8389165479911	34.7333082870609	20.7409277066005	34.3021447714323	23.605844907901	29.5362097735694	23.5130690862956	36.2635846660707	36.7236700370787	36.8095780357236	48.5359285651993	48.368973157988	78.6496123754452	94.3168993925666	115.840806112847	112.276168285349	122.578479512913	139.362846004977	160.801397461695	138.386669484641	129.709870202213	110.821425816315	107.402862113055	103.246614140177	90.1790971783052	74.7744904057826	78.0478133781452	94.6058280607066	101.765734439957	748.392635732791	1336.13501848199	141.655737532019	72.866807140107	75.7630549690487	73.4690286710479	81.129515133294	196.244400555792	224.259783066034	91.0802068406555	134.068398639176	135.217141283988	148.457540725175	164.40661801319	160.381844080084	209.066570752895	175.876921626952	159.521477362398	294.788597929971	455.075994744385	313.666720855747
682.696	27.4406133372182	30.7400507177521	36.4752324841488	20.1247535203599	19.2398638721984	25.4461124144504	16.2847571873032	20.6988250281447	23.182210228497	20.621265065799	29.3880964406786	35.8524835169849	28.50164462025	30.7548116799608	49.2255956297071	55.6368414176477	75.7627273420445	94.055063024184	90.8986331017804	121.109197555992	128.540891545458	132.483523550118	123.840809953255	90.5769302024658	96.9322684662401	90.555518051802	75.4162915920795	77.4080674151486	67.4251369460988	70.8317812593226	89.9013384787768	171.92582221525	1290.0617904649	605.098763486109	65.4785785153899	69.7253565525526	60.6791133566198	64.2488986073186	76.536546176965	250.745139744205	177.651955163169	103.021784171407	90.1835249384434	151.185237262345	127.135669217536	161.671813080325	188.290397468326	118.747399682788	100.444941429582	163.57105152286	143.650028089061	182.70562290751	133.542027172176
687.428	11.7085618695125	11.7125817511893	17.418305763269	16.7099563778012	13.8387130165435	10.4184597217909	13.6298877792043	12.9566745211767	14.9317927617181	19.0551655194378	21.9913414232972	15.7949787530095	23.635825709931	36.240956174055	42.8534532053599	53.4930854694817	57.2187818168411	67.9530495773457	85.7400484982711	88.1011207718847	120.996741738263	103.467414677978	96.0721952139866	79.5345496791744	83.4176699069754	60.5675320141894	64.9991243717414	62.0945973231845	57.348968245557	80.7713744834481	83.7635219647069	581.807083295241	1207.39306225778	132.533684403793	51.1688935668403	49.9447500607339	53.8468249099898	59.4408187830227	126.890261746537	212.98661862201	91.1429788185954	94.8340275860427	104.117037603394	101.935161307772	158.872339047446	114.052411263727	127.134026586076	131.402751686383	122.70201605221	210.466762386282	54.24487675914	204.423654404284	218.520946897368
692.16	34.8454645104644	16.4025059116533	12.5635684489532	24.6647967511434	24.7356979149276	23.7811072287428	22.2687909087747	20.0124986577912	17.9731220220283	16.2111211160736	29.2079766040029	17.5011955697051	29.1959211556317	24.1813651160739	44.0506767385088	53.7834479719967	57.1929384908885	82.8358803508493	72.6144996165194	81.6078151123068	100.636962282276	89.9298658559879	83.71452157785	90.9707982912573	60.9017893510271	75.4437431033436	60.683946227399	53.7974849137755	64.9506384067916	84.8118523598729	129.242535483033	1105.22177377969	621.028269163317	59.9638870276193	58.6975090298146	50.2158520636908	63.3542747617089	56.5110322948126	182.806189570706	166.200318516639	65.3162375220411	63.7414564953864	97.7033762539817	85.850730727357	89.1722862953408	123.919193065001	178.512988074961	97.7658480070843	153.376491190918	85.1036935561799	159.98200537255	-20.5533273775557	507.01635440418
696.895	22.7559567373283	22.0185270493042	9.58249061354083	21.5933002802096	5.2920315698247	16.8168294681889	14.0125113814869	14.2559458617033	16.6049863634104	8.90247861695205	12.3671472467212	11.4204002783001	26.3180543572899	32.6831083426047	33.6670202637994	39.0895877506823	56.5651943723431	44.9068407849285	59.4243792695228	65.2341615312527	82.6025650184551	75.1947184373917	71.3164071889819	72.3845234941764	51.8552870875156	49.0478731704329	51.0252731535577	50.8194393286593	60.0536185940467	69.8927243214249	436.995229119703	1123.47674708621	146.439117573104	36.2226609778242	47.9721474434221	57.5175959588546	62.2382222423171	65.0811005217387	184.047625932411	105.270157800129	54.9634148606192	71.5994530237	63.8213683313894	103.85449718468	73.3836380502639	73.5529664988395	155.318133977123	70.4970014637616	109.099723755932	60.2087147434593	223.299432005762	165.543239765965	17.0153167052917
701.63	3.8246199907636	30.3171037375068	10.0497714092952	5.8067375586299	13.1846084541811	15.8088121787986	18.478469143921	6.90051837146306	17.818307709219	13.9649989407954	10.2542330518947	1.64523419557818	13.4422541755221	13.7887715482871	29.0539904459499	40.7114195952177	43.0375756826681	49.59815097865	52.0402577388765	62.0367028610045	68.52647753431	69.6383083759978	66.1486123342315	56.6079826386554	39.9258538549318	40.8741835696266	44.346309906569	40.7958600584758	53.4943903291618	101.400568313985	925.752168612601	605.72605097253	44.1360207209129	50.056761948457	41.014779097927	24.3831297958839	37.8135523843277	108.144265894065	158.649844530927	52.3832785858428	41.0750611666376	63.1106110373712	57.2737723838591	70.9459077684745	79.5128280302995	87.3173389939858	66.007089244445	123.403376952542	94.7856871723743	91.07413545195	140.276790781796	-20.8672829531957	531.919819407442
706.367	-8.22464663226476	19.013061818554	22.6871975002538	17.2615621421538	17.4723233682954	21.5247587542636	-4.61994048358323	12.8024525217936	19.7696862613806	17.9176583583729	12.9011764132517	17.6483299855639	21.6256519107683	31.3111897160981	34.0269505648707	41.5259373968729	45.9725843143502	47.6461395300398	50.6686404362383	48.0327346889994	69.7623724735272	58.335375654611	58.378586159864	52.7633241104659	31.4650527454133	27.4599184820434	42.1367781984332	49.4730571365149	61.6253949320473	363.021224282339	1036.67926604439	167.538990603537	37.9480968280561	29.7776425691987	44.343967856319	41.8729501714603	64.6978152508989	133.666386186101	113.48449124866	54.8870788403377	19.5314621427577	58.9952299657876	65.7274468724349	84.7870956173754	77.278304221784	75.0610538365628	79.2513434276998	63.7980049093341	101.059412758354	49.6271994246734	29.8856175691851	274.52334370349	225.734455491593
711.106	28.8458926300506	31.4409402173007	26.87976178054	47.1356612143703	28.8930988455442	21.7521373700119	28.4571039508837	26.4634615543445	28.7602942594313	22.4423959090471	32.5936477128021	49.1297151714966	50.7579011301771	42.9917773448559	44.0680041078724	56.5035167516269	62.5264760166131	76.083487699594	76.2010541083398	82.177592839541	88.1241415192121	78.7340245826882	77.8737607677798	88.7408692373251	66.1242145403895	46.7183437588121	61.2763835174497	89.6474082292237	92.5543990368909	807.831257447403	644.721449345454	80.6232394993221	55.9962759905337	55.3419792615861	61.3033620015156	57.8056931340081	92.0918912319529	171.802817614821	96.4584297040895	88.6521978639659	73.3840702073366	68.9167185007955	106.878657157671	113.322348489826	126.400603123669	119.0619239042	155.600556483553	164.609209910452	181.751373836023	193.441270720978	373.741295728547	540.619753075694	894.928465307575
715.845	27.6960115578242	29.1544060172068	13.595420779626	9.76149788378077	17.8612371643765	17.5436301433322	14.3932191639404	19.0362478122384	9.10548577030041	29.6675458003235	17.4888879628804	26.8915425927069	13.9060249461781	31.3123115929644	23.6398503961011	45.7927968562694	43.8157086915746	35.3216437693421	62.4004669369151	55.9933811051034	61.5518117182882	55.6315818582907	40.1832043455471	50.8556163719932	61.7722435279964	41.5737205473577	39.2224859159086	59.9915483513266	269.738986576286	938.587976350057	197.662085093395	58.1088588599334	29.8670058862598	32.1899102428357	47.8695502684887	35.1612449228024	123.000389043785	130.663573992258	53.0590774759709	39.803680054345	52.7312725549642	49.2426351375727	63.5255297365614	113.23585574748	63.5245109434085	72.8466706808445	123.837805937866	115.172345257432	117.316862480486	91.8004791312538	42.0074008727167	410.157263567865	905.285482279076
720.586	13.8827698748084	1.77136941630301	5.61216797029652	15.0553895260083	7.4879954576438	14.0105181747082	13.3020588436258	7.75288982578285	14.4717652310611	16.5520825547311	21.2692888325637	6.142568637417	21.0901319724487	17.0906109985519	28.7775951218474	26.8074483498656	29.4018824113366	34.2920948967213	39.2515246113526	50.0887528330492	59.1529662147265	37.314570400744	44.2726032582506	40.5548854293204	43.9720592986206	41.3218644328712	47.7468681251275	70.2823978613232	615.502028273219	596.149704008198	26.261942959931	33.3857549053618	15.8313939194293	34.0245634129636	32.3567066365047	57.8551803735207	110.776106615577	88.6119595749852	42.8242909840918	32.2113424967569	34.9002733760265	59.350440286359	47.7637533837706	63.7674768079796	62.0510605158055	83.7405452659394	92.8214496613281	47.2974714533289	73.7265337443892	29.0624006735762	222.049606686354	440.042146955447	391.495657459292
725.329	14.0524533452437	6.27557051401934	8.11537603595233	0	6.59088538412711	-6.63827207103402	4.10785764969652	5.63421044049466	-6.08482291280788	2.09429899404522	8.43714036754025	12.7807183496733	-5.06560531403529	10.5915322108912	8.56745058982805	28.1526713625991	6.81281619763605	19.2420967075613	24.4181825557414	37.5886482161771	40.4916624554539	27.2111143584642	22.2050010278892	35.5771618451428	31.5275709720464	32.4519244424121	34.4709889582984	232.536916677663	816.925716616863	193.350870413386	28.3090964651538	27.2419532778423	9.05754913977912	26.629199894624	30.1761746413384	33.7412046984435	111.720844215107	38.1312194834018	26.464920699607	27.7386235064529	30.1317209696732	21.8968075703146	13.0166481808388	48.9421404143924	40.4955893248277	57.1664671738274	76.339224508872	-12.6729448095302	-37.313831644993	4.9029364366651	-108.506579540049	-14.6039542229004	36.0255227485268
730.072	-11.1099726944446	3.60837242320279	13.0654634944463	5.75036591953593	-0.331596511982698	6.07237457090302	9.87432746990185	6.47919724097918	7.02978533018985	3.95126489651952	6.14770134422656	7.64667110791975	9.10205618017165	13.144239104027	13.4484550827122	9.21513013017951	16.5969044229945	20.880509731742	25.8195818247455	14.5133739795201	16.0374630322883	29.0152330735695	32.4993208222335	44.0599621550731	32.8435768723511	45.7156271277416	52.207278529103	539.198412926718	565.067395689676	48.4631504714184	9.03195351818867	26.3706560743326	20.6816675409926	15.3624859930822	17.0335179996197	82.7319732587342	74.5326094621236	17.4403101492994	16.9879321397106	36.7254819419684	17.7734219148828	35.5920443751801	67.9833497665617	14.988195618604	54.8847599479203	37.6871370642347	29.5440878393499	15.5856137529999	82.2440663270884	46.8679608219898	-31.194944624852	315.94036304234	-235.624170144039
734.817	5.08575015035891	-10.9017776416321	15.213925191845	-3.86072557315696	1.3357791330447	6.11537738390532	4.62523470771512	8.56416888509444	8.90655360642985	11.9377398596812	2.94820838086053	8.75093481469442	16.1330652178863	9.30190252984701	15.2800641003159	6.1869260237311	15.2610094617017	31.7337363450149	13.0012143445114	31.4468757690599	28.3734411653138	53.5027095902106	44.1847867679661	32.4866297920866	306.330397805188	32.8852657654419	160.611917711698	754.628451834997	208.658648265607	18.7444687470475	39.8820898083123	36.6911523192267	18.0039760636616	15.8310758867241	29.0874623839529	93.9290938840795	68.8399505414095	9.6600995797436	21.7320833096586	42.903251060671	32.6398784553071	56.8953920841816	46.4806819840743	54.6271269723688	31.8241006997574	43.9467675806186	38.0842375497146	69.9184857374514	63.0201593822307	77.0103081119972	58.9047342467265	-22.1984485095177	-18.2532917581916
739.563	0.514474946436624	-14.7043308654525	1.66382924557494	9.7637837277371	9.12110883123481	4.63974098069249	3.97705788120466	13.201555826286	1.38613503163254	1.87852442841486	12.5261231415877	16.6426127581514	20.0293650885425	10.1336448070114	15.4573267013588	12.1696943987989	15.0704783685213	30.1680284860452	11.0307434117482	4.03246749893198	22.0789221651423	24.1473584115039	22.7625497232355	12.8247821111321	40.6841712646239	56.9231306608837	434.238548534207	559.112611810175	41.2745071547802	23.9707310588401	7.78583053351582	22.2700817767857	16.7843805911426	32.3934326012257	53.1911713988177	73.1525155085973	49.5021063556254	12.8814908805716	28.5326788569478	9.4783722523695	22.8999486741654	47.1954527892137	23.5099500241934	9.45251401875207	38.1236318634419	-6.06226226452443	66.2166471378828	-2.8869225951441	-10.9287857801146	-7.53906750258288	75.4782379405565	74.8532354799505	276.975697447258
744.31	37.438324839446	29.7231575231558	21.8610887409586	11.4471090838394	11.9501016363524	17.1943137736552	18.6792641091474	16.2614559271579	9.80670837367526	20.6135162713583	18.3872551503426	30.4202134473813	20.2435588216487	19.7524552903148	34.795851321151	28.4653368954972	32.3208009788604	17.1998509890362	46.3100096138291	33.0575685774982	40.167060896194	32.8213105607028	33.0449417325422	43.3414539081773	56.8752204103275	148.312666967159	649.486877537985	241.291611934587	36.9588202483988	36.8830077241532	35.4109144037967	34.2982669728202	23.0997412877282	37.88993585792	102.944675099922	83.1766583521954	52.999450367152	33.6704621196771	56.2573610042539	19.1594676492351	30.1421177114127	80.8575887353836	43.669535824475	40.41907296068	83.0564125655265	86.8004701026098	98.5619295523659	128.382993312064	103.092808495697	63.4974181550647	289.081519947725	506.879889626783	-354.587717165714
749.058	16.8093082321049	5.63004888777112	25.0574230895213	-3.58885807256273	6.89841791818116	16.1067636241342	10.5099657012445	-3.36977386126221	16.2756751041296	10.6860953748417	10.3533747849452	7.95393363306309	6.05939183812539	10.3466869630591	23.6734349353806	11.7155100253772	31.9005182741077	27.2481517626588	26.8570777229802	19.671272466607	12.6241320142969	36.1323486646755	24.0862231512427	38.0556020971375	39.210167895057	397.026438877289	504.739854924699	64.4586981856208	30.3128331621501	29.2234910437759	36.1341545514433	7.94034870471338	22.9711978405441	46.8244992150942	102.841247305146	26.7911286214217	2.14164413353626	7.25644231377448	26.2670339113442	27.5048671713386	53.8315493895577	21.7432100153732	76.5539529922718	16.3328619239539	56.225165441727	7.2213291784415	60.2332378089566	60.4261094030416	98.5671420608024	141.121992170558	162.242180768156	328.635643429456	150.825934396487
753.808	2.14162796560552	-10.0423277216411	-7.35897777177132	-12.5996837205497	-2.4609439412041	9.97893004941082	13.1469968060901	11.8066758359933	3.12548521469488	14.801798369182	2.79337796647074	11.7921619711612	11.1941527349373	14.312353372112	3.65596068627566	4.70408096215603	-1.91263893747669	19.7227838048415	8.38889662724637	4.19653339094711	26.6535870622518	25.1298233411386	22.3965626284492	31.2810330937502	102.485227043346	588.929154942962	203.206088369837	28.6965739262767	24.1144203020157	10.0528695756545	17.6784144211138	17.6580323057249	9.66274716785584	41.6657742740257	70.6663653514348	29.7895364735731	10.914440750146	7.39618767192378	28.2332266257948	-5.19158498251741	17.1809650560885	29.349600357657	35.7078374428776	46.9154055283842	20.2781997499275	37.8534770948459	66.4049071857463	21.0306641022338	66.3450482916357	183.06875350887	260.452486971799	171.377208825494	249.812154644598
758.558	15.2639645199533	-1.94760268779235	-2.6445093003091	-14.8979231283278	-2.86364347026836	-1.63876834878859	5.70145777388722	-0.218569837056676	-1.71355250056783	5.97149657636205	-8.84851728701387	-6.75369184884689	-1.57209396386681	13.4221094749971	-7.81710760662547	-5.8949034547542	12.4634491304158	2.45894414069895	8.09187239503456	8.07090756779672	21.5233952838454	4.85265488324727	14.0330890853282	0	352.126098402901	496.629365946541	43.2329855260813	21.5292927323242	3.4527460747165	20.4712952670796	10.1249087036291	7.86584968699757	15.5144506901209	50.5223270408515	47.9674657295171	24.0121685657779	12.0019143089934	31.5346504311414	16.8514282761716	24.3154929094919	3.95010990503057	35.9818428285838	12.7923009709341	-3.08183267223268	56.5545288614965	-8.56482597843235	-15.3084362173153	94.8291634475109	73.3414252501918	13.3140893576019	126.279976547505	79.3150610903197	-136.95993193341
763.31	-12.2332275419218	-11.9195722950178	-10.7898186789529	-10.9750278938275	-10.9536603592743	-6.35199606643876	-3.79278645824926	-1.11472897365788	-10.9865442190058	-8.99155164760359	-6.44690876875808	-8.80249178743589	-10.0223040518428	-1.5646664852487	-9.4923962853153	9.77100236742	5.56192795809247	1.6721162231442	14.2150133121983	10.6538159408952	1.43180297751215	3.59986126696916	4.47313865558709	79.7025070510537	554.791255299615	228.51684940558	-9.84342575594325	21.1760304194227	7.82638454499395	19.3343966207432	9.18010502745284	-8.78745756339683	15.8250634465905	59.0081998163518	30.1721531934199	15.0395079843456	-14.9626926058495	2.88053744584922	13.1443829578174	0.53918065572143	-17.2679765603264	-3.1103585190133	1.37351725573276	14.1459013566048	1.8313269705285	-36.0372425394037	-13.0124369878249	-20.2816198697507	53.1543203406405	46.1742065051703	107.340175986741	-331.702371310988	-39.9148538680421
768.062	49.9519630259325	12.031086585769	-1.81512724839255	23.4336076645337	5.15953106740432	17.209607912942	18.120478496653	9.90138942356785	7.05684605072477	9.36843629557454	8.45939018565901	16.6107953791969	23.0646357992573	18.9516578239101	10.73094733964	23.5180679221115	12.0299205358694	13.9240184257146	18.5135519256521	15.1526427036438	27.4587676660852	27.7057424250415	32.0564103911593	303.866724359904	489.465432577642	52.8247773081813	30.6013909130881	19.3950566585824	32.3883795419561	8.19641791748653	24.3232239177741	29.3084720148541	82.9822845203941	69.0898953989188	38.2738114622906	26.8906595301357	43.4774034721492	16.9603378633346	40.3123510444845	39.1841995294473	26.1442922635513	56.5102380453823	58.9206094333792	58.6994484009697	57.3022619371374	38.5788997316171	102.446570002433	114.954592626597	-5.96128987216963	137.077035677423	156.015941178851	16.3319821083025	1087.7835528484
772.815	13.4616125500596	20.0390391425614	6.80239169337853	25.1218586835252	12.1540054753873	4.72119705008879	16.5786041209554	5.62220614555469	2.51869687553717	12.2882407570541	14.3067726960268	29.3399153638548	3.63946499556321	15.7829889363019	12.2561284025763	15.9214469027057	7.61409684628386	4.63838321277953	27.7526398098019	49.8253263915141	40.4397781540324	30.4115147114263	93.4007100266731	495.926702370882	236.700632639205	30.6269156986957	26.2130568106596	24.1294875812611	22.1048049011351	9.36136831711098	46.3004408442184	33.9145101588623	57.2329866574737	55.5541636971218	28.7898960152297	40.3102976233224	39.3334225014053	21.792259436944	44.3663376620853	45.6857817271903	35.9980816051439	47.0618702672438	61.6540489341653	66.5893657198461	76.6622321027949	73.8039978274126	60.378725713576	92.8493290713931	146.951490998492	246.581506085589	264.191962659081	310.110012182396	644.201895223216
777.57	13.7360219028171	0.511188164772305	-1.3882111217259	-3.04131696620142	8.2678398691614	14.108207423683	21.8613903361203	2.06525248957444	11.8221815160175	10.1504016221474	16.2573205453023	20.0899718667544	4.12628218925715	-2.01308982221453	29.3108542129084	17.4064274485402	12.2673268930407	31.409475858755	27.3744202616984	10.9657047763525	29.4743758225307	40.7577132167937	279.928617702175	478.393468157344	54.565345418714	27.1392283027867	17.8315993546858	14.5306369850763	12.4860261747746	3.98008162611758	13.7795746679329	36.1788361689451	63.1669761557448	24.2942623435547	33.5734468893409	26.5367782027494	13.5339688269958	49.4144123314575	47.3521396688609	30.5230797914039	29.0300400992615	42.2586620265246	38.8774860028189	12.1333503829755	16.0219796984639	71.9364408513414	28.1260855982571	49.7797074664897	117.526055088664	220.85588228523	39.7737155715149	258.141466721674	780.583747325097
782.325	-1.7434468004919	8.30497797748628	-14.5657774721713	-8.82330623028184	-3.05279101649181	-11.5302740996032	-2.37836614490026	-3.26209340917791	4.95828064353856	-10.0035917888017	-10.7805415876767	-12.3996252126904	-6.70373163391577	-0.408818801772344	7.53977741593272	0	7.05854710193504	-4.80582803387252	29.2337469972692	11.6407085752096	18.4557969185016	50.320926294345	463.759804906313	215.491519859996	20.6160827176264	5.42793481373247	-4.52655726127002	3.68860689652	14.3142403025896	24.6524181849197	13.9917979379575	43.9235225399923	33.0784025206655	23.8461445549548	2.13065758684841	3.1436392056054	7.10814281867872	-7.02456414596822	8.45387672209177	9.01619627447495	-7.82046578307026	19.504318214472	27.9922496913572	23.8190913621306	22.0106467550421	37.6634955833329	38.0790182532335	53.8074360694935	82.3007643621181	-28.3870061379164	4.48736469197978	245.206393393789	625.741378821345
787.081	-6.56419620627515	-3.73093743248839	-7.23710143092509	0.453004775581326	3.52655791918079	-15.0687214734205	6.24116212545523	4.30667684867372	-3.2155863261611	-5.29166529171574	-1.03779907478372	-18.4825037059253	-14.6277314328242	-11.7541252951457	-5.70472065916523	-16.1322988058996	0	0	-12.302576697336	6.75610447220678	11.2682165084145	238.074670528558	459.404022785434	59.9672820427448	1.76411269598919	21.0081966784696	4.64803556122783	-11.7836360206181	1.6798158478798	13.694464499898	20.114210177483	56.5828719226701	26.0959221595611	8.44348231178841	2.18783761274957	-0.922286975410929	12.6514311856529	20.6088027156966	8.68075169858648	10.4154323702044	-4.32403032844947	-6.00832549500988	0.737012103178625	37.1091743990886	-15.7226727107918	-35.1584210746917	-9.77523428743802	3.3485730501658	207.04816057974	40.8083514570037	105.979197344643	-295.198490388843	-406.938373156092
791.838	15.5002128455961	3.72729194920474	-1.92800802387612	27.6062909376679	10.5693364027817	13.2618552831708	4.60852550030319	3.58539067735536	8.29881467488318	9.95104908762502	4.14714018267903	15.1818766129296	-3.00864915192542	-3.355040111064	10.9912113011318	6.44661440181704	25.5560962354439	20.6162770458894	27.5308452190339	29.5939751786659	60.3795615003758	444.808050638317	244.584244444421	37.6170833282514	17.1832926416652	2.5699187336076	-0.844271633675869	12.6129881564899	24.7530739764112	-2.48746976294452	15.1734407487483	48.7448015893077	25.656607690629	21.9316037738477	14.425619246372	27.1808814741707	37.9172085762512	21.618099238244	28.7268936216983	48.5578589767271	30.2386373561302	24.0098191416901	33.8694307005171	22.7492888609198	43.1951029217693	21.0744407575412	15.3460732025895	150.538552808085	238.505934492129	34.9444095328441	-18.4131557419761	-8.673825093666	-21.3968818622157
796.596	-24.8990007451631	16.8147654104483	2.94600746950488	21.2065394567143	9.96914041437599	8.76289382670135	13.5314052593849	2.4348879109715	14.1804973694267	7.28585416167164	1.40818984660238	7.9416561954134	0.437831751978885	32.0407549699015	9.53769381923768	4.51479613071666	26.9010171641515	21.0011941231336	23.537651226123	43.8975507421798	216.837816602382	438.860935388423	88.9126259342863	16.084692582614	22.4411718430906	19.1979370777567	0	24.4121110275864	13.6760554829311	14.7811543420765	45.1169624027563	26.7051527960413	24.4494607674069	15.4669006486366	6.67952426542136	10.3244744424716	19.3125717156573	15.2054739404902	23.1897376046312	16.4881535158537	45.2618582998261	6.11452387273406	-17.2508956733146	23.1740304259578	53.0019018901125	25.0458973331537	61.1092260672356	267.509141263946	68.802540087496	151.286572622064	103.163166420781	97.193471253025	152.574612784135
801.355	23.0669368065805	36.9909425918159	7.6294685346414	19.8985378465385	6.8847296006516	21.1178790694	13.3497777649571	15.7644718270673	7.76857294060529	15.3136900516429	12.7640852334329	8.29897592869142	15.4963814586888	21.3898953001726	12.5291835825195	15.2353733919732	19.4768869551789	18.5235065588413	13.8342121566335	45.6563706243006	340.175223158345	251.576080593475	26.9905174488179	25.7284477540739	20.922254217842	30.1322153294177	29.6971740737444	23.6619015291729	12.5437959474725	27.7072285847655	61.3061729305517	27.3758664374965	14.1920484967406	15.206309993103	32.6747585042426	21.066277670599	23.0838609807435	18.1051089487472	30.0279913090069	25.416935290045	11.9388295798615	35.7757838856458	37.553549679866	57.7925156451617	46.6174519614037	79.2770012988298	90.7839835788158	175.035090760995	76.0987526675248	138.281205104356	255.024391579294	450.023929551196	997.239090402165
806.114	-13.106214094648	-23.8802287618052	-36.4519052210645	-1.59188302772308	-12.3925132811729	-9.45576674749254	-5.95972221649869	-11.7708056308769	-13.6538554713669	-3.82842251291072	-14.283619189794	-6.49485072680198	-1.13388157014796	-14.0140693345959	-4.65369675922152	-5.31466513673482	-21.349664547023	-8.27646037735463	18.1574034555814	107.292470967106	294.728533291953	35.2121664237073	-18.1342539109245	-4.49226865547321	17.0477626960194	-12.8061915150025	-8.16672287027972	2.21830326835996	-18.0778235713575	18.2284398583984	22.7193464389692	7.56438414720297	-11.6447577409153	-7.41771219175756	-8.45699631874515	1.21536217330379	-24.3662977018959	-6.7894158557802	2.38317391341325	-13.7251450566243	-13.5668517952972	0.586488260420423	-22.0141498123353	-9.63208594086028	-18.9922952435349	-26.768857581423	20.8557800113496	91.1947531695939	-35.2652756264139	-112.673574529475	-198.352304561673	-221.198202660757	-752.633275775219
810.875	20.4456939876509	-4.68239779643239	-13.9873589801759	-0.39797075693077	5.1635472004887	-3.78230669899701	1.66872222061963	0	1.17705650615232	-5.74263376936608	13.0679920247052	2.52577528264522	15.4963814586888	7.37582596557677	11.4552535611607	5.66897614585048	2.9964441469506	11.0352805031395	16.4281269360022	262.067567383486	200.235415747968	18.2424476652941	-2.1086341756889	4.08388059588474	-1.16234745654678	5.64979037426582	21.5304512034647	13.6795368215531	17.7088883964318	43.0191180658202	16.9493536925643	0	18.1949339701802	0	4.22849815937257	-6.48193159095355	15.389240653829	5.43153268462416	11.9158695670662	26.4336127016468	5.42674071811888	19.9406008542944	25.2515247847375	20.7460312572375	-17.2657229486681	38.0941434812559	87.1035518121071	89.7238700539553	66.8184169763633	61.4583133797136	-56.6720870176209	213.570678431076	-18.8158318943805
815.635	12.5819655308621	3.27767845750267	-6.3578904455345	8.75535665247694	13.4252227212706	6.93422894816119	4.52938888453901	5.46501690005	-0.235411301230463	6.56301002213267	1.51953395636106	-0.721650080755776	6.80328942088778	2.95033038623071	3.93774341164898	11.6922633008166	7.86566588574532	5.12352309074334	88.1931024985384	260.241312558514	56.245903299991	19.0909336032148	5.48244885679114	19.1942388006583	8.52388134800971	6.02644306588354	-7.42429351843611	25.1407703747462	24.3497215450937	18.9575774527343	6.49124183970547	11.1664718363472	18.9227313289874	12.2392251164	8.84140524232448	19.0406740484261	15.8167195608798	14.9367148827165	2.8598086960959	18.8085321146333	33.645792452337	21.1135773751352	26.5464747736984	46.6785703287844	-24.1720121281353	20.591428908787	164.392618912991	70.6023895506533	11.1364028293939	0	80.960124310887	-68.6477180671316	489.211629253892
820.397	-14.1547112222198	-17.7931116264431	-15.2589370692828	-15.9188302772308	-13.080986241238	0.945576674749254	-14.7801110969168	-5.04463098466153	-2.11870171107417	-9.29759753135461	-8.50939015562196	-11.1855762517145	-5.29144732735717	-8.48219986041329	-17.8988336893135	-5.31466513673482	-3.37099966531942	4.33528876909052	191.0850554135	174.407335784828	0	-14.8485039136115	4.63899518651558	4.49226865547321	-0.387449152182259	-13.9361495898557	-10.7652256017324	-11.4612335531931	1.47574069970265	28.0717973819335	-8.6549891196073	-7.56438414720297	-0.363898679403605	-7.41771219175756	9.61022308948312	7.69729376425734	-4.27478907050806	-1.35788317115604	0	-12.2001289392216	8.68278514899021	-4.10541782294296	5.82727495032404	-1.48185937551697	-26.7618705704355	29.8575719177411	46.6188023783108	2.94176623127722	-31.5531413499493	-28.1683936323687	-246.928379148205	-76.2752422968129	-357.500805993229
825.159	0	17.7931116264431	-5.51017171946323	4.77564908316924	8.26167552078192	3.15192224916418	5.72133332783874	-0.420385915388461	-4.23740342214834	-7.65684502582144	4.55860186908319	5.05155056529043	15.4963814586888	-4.42549557934606	7.51751014951168	-1.06293302734696	4.12011070205707	58.7234569631352	241.666393611191	74.876447823853	-2.24983613199964	2.54545781376197	-2.1086341756889	8.98453731094643	5.81173728273389	4.51983229941265	-1.85607337960903	7.39434422786653	24.7186567200194	18.5930086555663	18.7524764258158	15.8491858322348	17.8310352907766	10.7556826780485	-5.38172493011055	8.10241448869194	15.389240653829	7.24204357949889	-9.05606087097034	5.59172576380989	12.4815036516734	28.7379247606007	-5.82727495032404	0	33.6681597499027	109.134573216571	87.1035518121071	44.1264934691583	83.5230212204541	-12.8038152874403	72.8641118797983	99.1578149858567	-112.894991366283
